{"Train Loss": 0.6154025197029114, "Train Accuracy": 0.46875, "_timestamp": 1660507472.4389734, "_runtime": 4.7227184772491455, "_step": 899, "Test Accuracy": 0.45454545454545453, "_wandb": {"runtime": 4}}