version;datetime;validation;test;activation;b1;b2;batch_size;dropout;gamma_pi;lamda;learning_rate;len_test;len_train;len_val;mode;momentum;n_units_l1;n_units_l2;n_units_l3;n_units_l4;n_units_l5;neg_slope;nesterov;num_hidden_layers;optim;scaler
0;2024-01-25 21:08:02.053876;0,45949074625968933;;leaky_relu;;;64;0,27546436849621264;0,48606931039066176;0,038166573317208144;0,13046927791546434;2607;17222;5194;dropout;0,17263151126376033;16;12,0;15,0;17,0;;0,08259572676492158;False;4;sgd;normalizer
1;2024-01-25 21:10:48.713988;0,5837191343307495;;selu;0,06495988850510605;0,23959626184161822;64;0,504512467851503;0,47916016438406833;0,006764207746127321;0,002493988577039333;2607;17222;5194;dropout;;13;7,0;5,0;;;;;3;adam;maxabs
2;2024-01-25 21:13:45.788049;0,5648437738418579;;relu;0,1736514352280145;0,46438541894761076;128;0,422342778162767;0,45041197950155987;0,0469534508589024;0,004712685390281222;2607;17222;5194;dropout;;29;5,0;20,0;28,0;;;;4;adam;minmax
3;2024-01-25 21:16:15.616044;0,5322265625;;leaky_relu;;;512;;0,31469775876309586;0,07028383203893318;0,7968134422951069;2607;17222;5194;vanilla;0,35406840801488965;16;18,0;25,0;;;0,023675684751684127;True;3;sgd;normalizer
4;2024-01-25 21:18:19.581585;0,571484386920929;;relu;0,47378860844130166;0,7995052470482378;128;;0,9296827296103145;0,006759129583674817;0,021239064470660363;2607;17222;5194;batchnorm;;26;22,0;4,0;27,0;28,0;;;5;adam;maxabs
5;2024-01-25 21:20:36.070274;0,5589843988418579;;relu;;;256;;0,8292291922466827;0,06078225405748605;0,08159268604073666;2607;17222;5194;batchnorm;0,0015932150088120906;12;8,0;;;;;True;2;sgd;normalizer
6;2024-01-25 21:22:56.985937;0,45949074625968933;;relu;0,0693049368991139;0,23735269700532038;32;0,583649531524728;0,5421723690054667;0,04202275032444599;0,1667192199331324;2607;17222;5194;dropout;;3;7,0;7,0;17,0;;;;4;adam;maxabs
7;2024-01-25 21:26:47.863477;0,581835925579071;;relu;0,7550339474497929;0,28903724347427173;128;0,2964995093769926;0,6641699268634919;0,043212830159363134;0,008099151089909492;2607;17222;5194;dropout;;14;;;;;;;1;adam;normalizer
8;2024-01-25 21:29:02.444847;0,6066743731498718;;selu;;;16;;0,4526040987164297;0,0882555011466032;0,19538554660762866;2607;17222;5194;batchnorm;0,0012005651579710067;25;17,0;14,0;9,0;;;True;4;sgd;minmax
9;2024-01-25 21:36:01.472798;0,5478395223617554;;relu;;;64;;0,09658540604881653;0,09713217518181019;0,0024100667555435563;2607;17222;5194;batchnorm;0,8604390697109174;28;10,0;20,0;;;;True;3;sgd;normalizer
10;2024-01-25 21:39:25.271754;0,45949074625968933;;selu;;;16;;0,24768652998516838;0,09760434735466586;0,7898184642425805;2607;17222;5194;vanilla;0,0010275685662841704;22;29,0;12,0;3,0;3,0;;False;5;sgd;minmax
11;2024-01-25 21:44:19.544848;0,45949074625968933;;selu;0,9965433372402321;0,03925888325917773;16;;0,6864487294072552;0,010254120643281031;0,0022836164045865136;2607;17222;5194;batchnorm;;8;16,0;;;;;;2;adam;maxabs
12;2024-01-25 21:50:40.909231;0,5505401492118835;;selu;0,02322864141708006;0,7634219394796664;64;0,6391406638248798;0,3606360383068804;0,0807090916004451;0,01872717845597323;2607;17222;5194;dropout;;21;23,0;10,0;;;;;3;adam;minmax
13;2024-01-25 21:53:27.581942;0,5983796119689941;;selu;;;16;;0,614046753176417;0,026325510443644395;0,0012236888872927299;2607;17222;5194;batchnorm;0,010144741012550853;21;3,0;;;;;True;2;sgd;minmax
14;2024-01-25 22:00:22.903876;0,5619212985038757;;selu;;;16;;0,6368734382532046;0,024759444056566764;0,0010093381215646028;2607;17222;5194;batchnorm;0,008891543358111138;22;;;;;;True;1;sgd;minmax
15;2024-01-25 22:06:13.234867;0,6147762537002563;;selu;;;16;;0,7461834746969019;0,06044914176755116;0,035620222325450576;2607;17222;5194;batchnorm;0,008977433437451105;25;14,0;;;;;True;2;sgd;minmax
16;2024-01-25 22:13:00.265237;0,6043595671653748;;selu;;;16;;0,7887407842619797;0,06107176621379317;0,051666559539825886;2607;17222;5194;batchnorm;0,004523132071798882;25;14,0;;;;;True;2;sgd;minmax
17;2024-01-25 22:19:05.701066;0,601367175579071;;selu;;;512;;0,9477038260879536;0,08205623241032985;0,28307393763428035;2607;17222;5194;batchnorm;0,030959078139610484;30;20,0;27,0;4,0;;;True;4;sgd;minmax
18;2024-01-25 22:20:50.878724;0,4593749940395355;;leaky_relu;;;256;;0,779338105461936;0,05856215715435001;0,03862567100655653;2607;17222;5194;vanilla;0,0028598247617731085;25;29,0;18,0;10,0;12,0;0,001966810012778139;False;5;sgd;minmax
19;2024-01-25 22:22:39.690568;0,6124614477157593;;selu;;;32;;0,548910754774916;0,07639894873266384;0,2666367195973555;2607;17222;5194;batchnorm;0,001091772650408907;19;;;;;;True;1;sgd;minmax
20;2024-01-25 22:26:46.905253;0,6149691343307495;;selu;;;32;;0,9907875525504344;0,07097048014802447;0,3752878061792263;2607;17222;5194;batchnorm;0,004912205847002907;19;;;;;;True;1;sgd;minmax
21;2024-01-25 22:30:56.152167;0,6118826866149902;;selu;;;32;;0,9363781532078608;0,0702569781724195;0,3301609351637449;2607;17222;5194;batchnorm;0,004221347805521212;19;;;;;;True;1;sgd;minmax
22;2024-01-25 22:34:42.702882;0,6136188507080078;;selu;;;32;;0,9961157358012247;0,06901195551743575;0,4330494121875598;2607;17222;5194;batchnorm;0,01234713356874334;18;;;;;;True;1;sgd;minmax
23;2024-01-25 22:39:17.705305;0,6172839403152466;;selu;;;32;;0,9769572853587108;0,06885103091963661;0,490545125122744;2607;17222;5194;batchnorm;0,016954683140268736;18;;;;;;True;1;sgd;minmax
24;2024-01-25 22:43:29.392545;0,6180555820465088;;selu;;;32;;0,864616681624236;0,050535672494239355;0,08760507142187239;2607;17222;5194;batchnorm;0,024480800422009702;11;24,0;;;;;True;2;sgd;minmax
25;2024-01-25 22:48:00.130391;0,6124614477157593;;leaky_relu;;;32;;0,8697777897060254;0,05229639187293232;0,49685728840081617;2607;17222;5194;vanilla;0,03165960449569637;10;;;;;0,0999039750951349;False;1;sgd;minmax
26;2024-01-25 22:52:08.040934;0,6157407164573669;;selu;;;32;;0,9997230232724302;0,05077837715623244;0,10734522274266062;2607;17222;5194;batchnorm;0,027982579475614052;7;26,0;;;;;True;2;sgd;minmax
27;2024-01-25 22:56:00.307436;0,6149691343307495;;selu;;;32;;0,9034749320367901;0,05336734854938247;0,1016645425067788;2607;17222;5194;batchnorm;0,025546176457968882;6;26,0;;;;;True;2;sgd;minmax
28;2024-01-25 23:00:18.385148;0,6130401492118835;;selu;;;32;;0,8425823526041047;0,049145495288382725;0,07526674092179378;2607;17222;5194;batchnorm;0,07220127862042493;6;25,0;;;;;True;2;sgd;maxabs
29;2024-01-25 23:05:13.158723;0,6145833134651184;;leaky_relu;;;32;;0,8791601972761709;0,03585377163875096;0,15543875383327035;2607;17222;5194;vanilla;0,0491365904111562;10;27,0;;;;0,05226800087373826;True;2;sgd;minmax
30;2024-01-25 23:09:24.543089;0,5896990895271301;;selu;;;32;;0,9824468724852895;0,05529710012347569;0,11124818612094275;2607;17222;5194;batchnorm;0,02068990408991708;3;23,0;;;;;False;2;sgd;normalizer
31;2024-01-25 23:13:26.472574;0,6089891791343689;;selu;;;32;;0,9941008806529593;0,06532518038607946;0,20903553026895796;2607;17222;5194;batchnorm;0,018488090237640625;15;;;;;;True;1;sgd;minmax
32;2024-01-25 23:17:11.092514;0,6186342835426331;;selu;;;32;;0,9139034581628466;0,06686825072212317;0,4789461923205523;2607;17222;5194;batchnorm;0,05423401435559028;12;;;;;;True;1;sgd;minmax
33;2024-01-25 23:21:17.664543;0,6168981194496155;;selu;;;32;;0,8949552180995954;0,06515868131093645;0,9626559661705433;2607;17222;5194;batchnorm;0,05719184058082357;12;;;;;;True;1;sgd;minmax
34;2024-01-25 23:25:04.134612;0,6029297113418579;;selu;;;512;;0,887487098667063;0,06485508754495341;0,8665845728650251;2607;17222;5194;batchnorm;0,05917553827375379;12;;;;;;True;1;sgd;minmax
35;2024-01-25 23:26:46.275386;0,5916280746459961;;leaky_relu;;;32;;0,8211659530251286;0,07534490092429988;0,7041616730988172;2607;17222;5194;batchnorm;0,07777584719454238;10;;;;;0,056986706576149224;True;1;sgd;minmax
36;2024-01-25 23:30:37.739215;0,4593749940395355;;selu;0,3850155418923088;0,9885999741498475;256;0,11840669694601591;0,9197676434834368;0,05656240536386171;0,5387633065312624;2607;17222;5194;dropout;;13;;;;;;;1;adam;maxabs
37;2024-01-25 23:32:34.195319;0,600390613079071;;selu;;;128;;0,7390573603187847;0,06553402808551415;0,9572662014279554;2607;17222;5194;batchnorm;0,04612809442443092;16;;;;;;True;1;sgd;minmax
38;2024-01-25 23:34:35.448679;0,45949074625968933;;relu;;;32;0,695013413714769;0,8387031741657112;0,057249065192425126;0,5764289211270759;2607;17222;5194;dropout;0,1084175248883508;12;30,0;30,0;;;;False;3;sgd;normalizer
39;2024-01-25 23:38:17.016955;0,4600694477558136;;selu;0,6076422922490256;0,5941902770433505;64;;0,9345226693957063;0,04513099930967243;0,39239275378486854;2607;17222;5194;batchnorm;;17;;;;;;;1;adam;maxabs
40;2024-01-25 23:41:02.610963;0,6153549551963806;;leaky_relu;;;32;;0,8670338456397008;0,06320100067239875;0,25079184404663946;2607;17222;5194;vanilla;0,1227424357188635;15;22,0;;;;0,027486339452046482;True;2;sgd;minmax
41;2024-01-25 23:46:19.398693;0,6051311492919922;;selu;;;32;;0,9426729311955326;0,05044679110263643;0,14938346901559293;2607;17222;5194;batchnorm;0,0364872910711935;8;19,0;24,0;;;;True;3;sgd;minmax
42;2024-01-25 23:50:25.178605;0,6045524477958679;;selu;;;32;;0,8919941047421873;0,048072363952344765;0,6273795109876352;2607;17222;5194;batchnorm;0,018474409091186045;8;27,0;;;;;True;2;sgd;minmax
43;2024-01-25 23:54:34.447884;0,6153549551963806;;selu;;;32;;0,9598799295703896;0,053919953511698995;0,20367977488495254;2607;17222;5194;batchnorm;0,04227725777812546;5;;;;;;True;1;sgd;minmax
44;2024-01-25 23:58:52.046218;0,55859375;;relu;;;128;;0,8103598107370262;0,061488175807227666;0,9117940869109613;2607;17222;5194;batchnorm;0,1779613101896496;14;25,0;;;;;True;2;sgd;normalizer
45;2024-01-26 00:00:59.356720;0,4593749940395355;;selu;0,33140288022699066;0,03525278791978653;512;;0,9145355108497695;0,04205312292127875;0,35589784228618193;2607;17222;5194;batchnorm;;11;20,0;10,0;;;;;3;adam;minmax
46;2024-01-26 00:02:44.108687;0,5609567761421204;;selu;;;32;0,5230804807350042;0,857660484303948;0,06741019820548527;0,13220160551358265;2607;17222;5194;dropout;0,026872544575782753;7;;;;;;True;1;sgd;minmax
47;2024-01-26 00:06:09.005706;0,5921875238418579;;relu;;;256;;0,9595099494710945;0,058158987414774814;0,5535975252756337;2607;17222;5194;batchnorm;0,015042268655984053;9;24,0;;;;;True;2;sgd;minmax
48;2024-01-26 00:08:06.457797;0,5989583134651184;;selu;;;64;;0,7660956146245328;0,07317639582744881;0,21591403783586433;2607;17222;5194;batchnorm;0,04050401785791302;13;;;;;;True;1;sgd;maxabs
49;2024-01-26 00:10:45.173729;0,2889660596847534;;selu;0,25968437376185305;0,973489069482348;32;;0,9998287368759039;0,06690283784606675;0,07679024491497279;2607;17222;5194;batchnorm;;4;21,0;22,0;;;;;3;adam;minmax
50;2024-01-26 00:14:48.834029;0,578125;;selu;;;32;0,12547599546671573;0,8124621844036134;0,06234025645567209;0,7262814169739729;2607;17222;5194;dropout;0,024250085964937492;14;14,0;;;;;False;2;sgd;normalizer
51;2024-01-26 00:20:24.110879;0,6238425970077515;;leaky_relu;;;32;;0,8673399901422134;0,06312159715582358;0,2523534705779319;2607;17222;5194;vanilla;0,11920300198660354;15;27,0;;;;0,0308565518098651;True;2;sgd;minmax
52;2024-01-26 00:27:03.049466;0,616126537322998;;leaky_relu;;;32;;0,9052929474016618;0,050933388282622095;0,4199296713210203;2607;17222;5194;vanilla;0,06557882933080929;17;27,0;28,0;;;0,032135741449189584;True;3;sgd;minmax
53;2024-01-26 00:33:05.792687;0,6126543283462524;;leaky_relu;;;32;;0,8910613076634771;0,058713001630654904;0,45319960148475374;2607;17222;5194;vanilla;0,06555392465958239;17;28,0;28,0;22,0;;0,03745029578728959;True;4;sgd;minmax
54;2024-01-26 00:39:13.721216;0,6111111044883728;;leaky_relu;;;32;;0,7119516395592358;0,07067133386792218;0,30428743703286687;2607;17222;5194;vanilla;0,19232959033686334;16;28,0;18,0;;;0,012593649840728305;True;3;sgd;minmax
55;2024-01-26 00:43:58.753659;0,578320324420929;;leaky_relu;;;128;;0,7927287021093798;0,07735603035063812;0,7280988352196403;2607;17222;5194;vanilla;0,08770287037640463;20;24,0;30,0;;;0,039077807365456615;True;3;sgd;minmax
56;2024-01-26 00:46:05.199901;0,6224923133850098;;leaky_relu;;;32;;0,8259239784547798;0,06273455004119273;0,2954844033473624;2607;17222;5194;vanilla;0,05057714008743364;15;;;;;0,01869963998867733;True;1;sgd;minmax
57;2024-01-26 00:52:43.581698;0,6151620149612427;;leaky_relu;;;32;;0,8470124597973687;0,06345139490363563;0,2789773381178751;2607;17222;5194;vanilla;0,05008609530404427;11;;;;;0,013350704030826211;True;1;sgd;minmax
58;2024-01-26 00:56:37.548133;0,5810546875;;leaky_relu;;;512;;0,7594924769777384;0,07181665688656858;0,18231542258513608;2607;17222;5194;vanilla;0,1018754808912906;14;;;;;0,0024680178085890007;True;1;sgd;minmax
59;2024-01-26 00:58:33.695613;0,5912109613418579;;leaky_relu;0,6248191952210969;0,48890080250616763;256;;0,7968013891165501;0,06765640922859067;0,355173679183855;2607;17222;5194;vanilla;;15;;;;;0,04381275039300786;;1;adam;minmax
60;2024-01-26 01:01:01.232972;0,5798611044883728;;leaky_relu;;;64;;0,9622814289532691;0,059341220190987684;0,5362726564205865;2607;17222;5194;vanilla;0,1368446121982024;11;;;;;0,019409518094396644;True;1;sgd;minmax
61;2024-01-26 01:03:31.286786;0,6109182238578796;;leaky_relu;;;32;;0,9157757362861919;0,056398627880050976;0,4098789497518324;2607;17222;5194;vanilla;0,0547016093904828;18;;;;;0,03185002443789087;True;1;sgd;minmax
62;2024-01-26 01:08:20.584459;0,6116898059844971;;leaky_relu;;;32;;0,8594337316766261;0,0624463784725851;0,9792735392792349;2607;17222;5194;vanilla;0,07119604420500773;13;30,0;24,0;22,0;29,0;0,029764903546327617;True;5;sgd;minmax
63;2024-01-26 01:16:18.302959;0,6188271641731262;;leaky_relu;;;32;;0,8975337556275486;0,052124585097313485;0,4310626052446658;2607;17222;5194;vanilla;0,03595785900056348;23;16,0;;;;0,01889362625788856;True;2;sgd;minmax
64;2024-01-26 01:22:26.715411;0,6176697611808777;;leaky_relu;;;32;;0,8288604181174598;0,054261268355376244;0,26721909074969447;2607;17222;5194;vanilla;0,03313487249128504;12;16,0;;;;0,017388299131255107;True;2;sgd;minmax
65;2024-01-26 01:27:06.798726;0,6159336566925049;;leaky_relu;;;32;;0,7232776433578526;0,05323642748647922;0,24704685518100747;2607;17222;5194;vanilla;0,028880278348469405;27;12,0;;;;0,016533461821546927;True;2;sgd;minmax
66;2024-01-26 01:33:07.228442;0,6159336566925049;;leaky_relu;;;16;;0,825793524647562;0,0458978778699501;0,16853491457478847;2607;17222;5194;vanilla;0,013888200071564155;21;16,0;;;;0,020755952950111956;True;2;sgd;minmax
67;2024-01-26 01:39:34.441142;0,6141975522041321;;leaky_relu;;;32;;0,7809792923574778;0,054957307578607596;0,30380229325750646;2607;17222;5194;vanilla;0,033484880279252505;23;18,0;;;;0,009049644225959701;False;2;sgd;maxabs
68;2024-01-26 01:45:05.693051;0,6109182238578796;;leaky_relu;;;32;;0,6799329884515738;0,060282066020941036;0,2403716782215892;2607;17222;5194;vanilla;0,03953651485747208;23;9,0;;;;0,022283969281210365;True;2;sgd;minmax
69;2024-01-26 01:49:22.149228;0,5796682238578796;;leaky_relu;;;32;;0,9360865962821161;0,04911643820464531;0,44558899091061954;2607;17222;5194;vanilla;0,011524605539610348;18;12,0;;;;0,009634523387279374;True;2;sgd;normalizer
70;2024-01-26 01:56:29.943567;0,6141975522041321;;relu;;;32;;0,8339904602483023;0,06856409435595974;0,20035202082971793;2607;17222;5194;vanilla;0,021066757247385937;13;16,0;;;;;True;2;sgd;minmax
71;2024-01-26 02:01:11.880967;0,6111111044883728;;leaky_relu;;;32;;0,8797325424691524;0,06518428662163231;0,7335488134078846;2607;17222;5194;vanilla;0,03413560168272333;12;;;;;0,021481693844849277;True;1;sgd;minmax
72;2024-01-26 02:06:51.601127;0,571373462677002;;leaky_relu;;;32;;0,9114397618577188;0,06024336780339442;0,6198135606493287;2607;17222;5194;batchnorm;0,04819752173710269;9;;;;;0,013990644954341921;True;1;sgd;minmax
73;2024-01-26 02:10:29.976880;0,6122685074806213;;selu;;;32;;0,877213257051539;0,054772715395285346;0,33268303606455657;2607;17222;5194;vanilla;0,05684305293466646;15;;;;;;True;1;sgd;minmax
74;2024-01-26 02:15:32.660364;0,5835262537002563;;leaky_relu;;;32;;0,97027910434452;0,07357602972725402;0,5212006085664812;2607;17222;5194;batchnorm;0,08345055930099606;10;;;;;0,024522265127980832;True;1;sgd;minmax
75;2024-01-26 02:19:21.512635;0,5754243731498718;;selu;;;32;0,3883910386318745;0,9404080685311602;0,06952481293231944;0,3077359769516874;2607;17222;5194;dropout;0,022346598369461998;12;18,0;;;;;True;2;sgd;minmax
76;2024-01-26 02:22:56.061158;0,6016589403152466;;selu;;;16;;0,8424098584008207;0,06439932649138087;0,4595094341633978;2607;17222;5194;batchnorm;0,03059284457554583;14;15,0;;;;;True;2;sgd;minmax
77;2024-01-26 02:29:22.521871;0,6064814925193787;;leaky_relu;;;32;;0,9662793916130725;0,05721633730737531;0,853459254499757;2607;17222;5194;vanilla;0,04179644592802022;11;;;;;0,009130026558029771;False;1;sgd;minmax
78;2024-01-26 02:34:46.556023;0,4593749940395355;;relu;0,9732318441310946;0,6773599775122761;512;;0,8642746057320551;0,05257278937215235;0,6715242409236576;2607;17222;5194;batchnorm;;29;;;;;;;1;adam;minmax
79;2024-01-26 02:36:31.195152;0,5923827886581421;;selu;;;128;;0,8098677791306397;0,061787691377826005;0,35734526900788927;2607;17222;5194;batchnorm;0,01809171369377851;16;11,0;;;;;True;2;sgd;maxabs
80;2024-01-26 02:38:41.246426;0,6130401492118835;;selu;;;32;;0,9254318381932585;0,06598284849565395;0,1324650396106448;2607;17222;5194;vanilla;0,05771819944762561;9;;;;;;True;1;sgd;minmax
81;2024-01-26 02:42:36.130712;0,6147762537002563;;leaky_relu;;;32;;0,8986376678900443;0,04939220165139109;0,41181536524804385;2607;17222;5194;vanilla;0,06098020203904741;20;17,0;27,0;11,0;;0,032512756741677785;True;4;sgd;minmax
82;2024-01-26 02:49:01.091762;0,609375;;leaky_relu;;;32;;0,9004110842623974;0,051481399383671314;0,5881370210108495;2607;17222;5194;vanilla;0,07384093922790294;12;21,0;21,0;;;0,02973242702992319;True;3;sgd;minmax
83;2024-01-26 02:53:58.352568;0,6155478358268738;;leaky_relu;;;32;;0,9461316253802272;0,056584671683125955;0,25443560913252167;2607;17222;5194;vanilla;0,025677589779181068;17;6,0;17,0;30,0;;0,01882562552088301;True;4;sgd;minmax
84;2024-01-26 03:00:28.480609;0,6084104776382446;;leaky_relu;;;32;;0,8549966976145665;0,04615981244848453;0,4479690514049812;2607;17222;5194;vanilla;0,04088622517607353;15;13,0;15,0;;;0,026440440281546743;True;3;sgd;minmax
85;2024-01-26 03:05:45.215847;0,600781261920929;;leaky_relu;;;256;;0,912250897538759;0,05166822045356052;0,81021502527549;2607;17222;5194;batchnorm;0,0926688458836421;24;26,0;;;;0,03826796460573221;True;2;sgd;minmax
86;2024-01-26 03:07:45.181725;0,5738811492919922;;selu;;;64;;0,8284361219192097;0,04055123081533589;0,37366584733080316;2607;17222;5194;vanilla;0,032222141768082656;13;19,0;;;;;True;2;sgd;normalizer
87;2024-01-26 03:11:41.615357;0,5773534178733826;;leaky_relu;;;32;;0,9760747809125465;0,05986769605959371;0,176669518323666;2607;17222;5194;batchnorm;0,04861136358161093;18;;;;;0,02433741467512832;True;1;sgd;minmax
88;2024-01-26 03:16:40.118618;0,5048225522041321;;selu;;;32;0,6906554035940609;0,8761668952504447;0,06338275590042293;0,511321043793145;2607;17222;5194;dropout;0,07120271619252622;16;28,0;7,0;;;;True;3;sgd;minmax
89;2024-01-26 03:20:28.148983;0,4913194477558136;;leaky_relu;0,2310873422673994;0,3739990570771976;32;;0,8933058377114742;0,06772341302949289;0,28956086054039815;2607;17222;5194;vanilla;;14;23,0;;;;0,016875030442659995;;2;adam;minmax
90;2024-01-26 03:27:34.348470;0,6087962985038757;;selu;;;32;;0,9297282265886245;0,055080111792265476;0,21890995671000751;2607;17222;5194;batchnorm;0,016125832586694127;20;;;;;;False;1;sgd;minmax
91;2024-01-26 03:31:36.758711;0,6195987462997437;;leaky_relu;;;32;;0,8033443316738837;0,05336924956586543;0,24298414018082456;2607;17222;5194;vanilla;0,029358907245977738;28;12,0;;;;0,016298648095506883;True;2;sgd;minmax
92;2024-01-26 03:38:28.993859;0,618248462677002;;leaky_relu;;;32;;0,8062483751877583;0,048703368094902284;0,3792749251929827;2607;17222;5194;vanilla;0,024369861567357057;26;15,0;;;;0,01746252043718283;True;2;sgd;minmax
93;2024-01-26 03:43:44.882246;0,6143904328346252;;leaky_relu;;;32;;0,7602931611817956;0,043600180785415894;0,23421088221856717;2607;17222;5194;vanilla;0,021269663239714975;27;15,0;;;;0,002130062507415471;True;2;sgd;minmax
94;2024-01-26 03:48:37.905752;0,6043595671653748;;leaky_relu;;;32;;0,7911116704927753;0,05821005113663448;0,6285868554567499;2607;17222;5194;vanilla;0,023829199262695777;29;11,0;;;;0,01677700757591894;True;2;sgd;minmax
95;2024-01-26 03:53:40.673959;0,6167052388191223;;leaky_relu;;;32;;0,8124050535843116;0,04702474867330775;0,27050966648851793;2607;17222;5194;vanilla;0,035723379621487354;27;13,0;;;;0,006471704588483725;True;2;sgd;minmax
96;2024-01-26 03:59:51.803593;0,6184413433074951;;relu;;;32;;0,8460791022153088;0,04830918229581093;0,33729815343617875;2607;17222;5194;vanilla;0,030080819429483516;26;9,0;;;;;True;2;sgd;minmax
97;2024-01-26 04:07:06.469019;0,578906238079071;;relu;;;128;;0,8474194671925027;0,049147297302427444;0,16005204922180008;2607;17222;5194;vanilla;0,02747980472250373;28;8,0;;;;;True;2;sgd;minmax
98;2024-01-26 04:09:21.774458;0,616126537322998;;relu;;;32;;0,7675846438792683;0,053251652907624174;0,3238021399438615;2607;17222;5194;vanilla;0,018121749562216672;26;9,0;;;;;True;2;sgd;maxabs
99;2024-01-26 04:15:25.513022;0,5970703363418579;;relu;;;512;;0,7423685442377359;0,04788174380800444;0,36104003550972164;2607;17222;5194;vanilla;0,029123142369733884;25;15,0;;;;;True;2;sgd;minmax
100;2024-01-26 04:17:32.037410;0,6087962985038757;;relu;;;16;;0,8258809614731168;0,04441442464594461;0,19853383059966748;2607;17222;5194;vanilla;0,036726476623739;30;4,0;;;;;True;2;sgd;minmax
101;2024-01-26 04:26:38.881044;0,5976080298423767;;relu;;;32;;0,862645071885339;0,05637506772395496;0,265117571009975;2607;17222;5194;batchnorm;0,04527711442680905;24;17,0;;;;;True;2;sgd;minmax
102;2024-01-26 04:30:32.708553;0,6149691343307495;;selu;;;32;;0,7999149894891022;0,05075804700716972;0,5081182472238439;2607;17222;5194;vanilla;0,025608387008075825;26;14,0;;;;;True;2;sgd;minmax
103;2024-01-26 04:36:53.810537;0,6111111044883728;;leaky_relu;;;32;;0,8825469516262001;0,05374582786450166;0,41897857148953804;2607;17222;5194;vanilla;0,034753119774175084;28;;;;;0,02331663651166245;True;1;sgd;minmax
104;2024-01-26 04:42:10.567270;0,5997299551963806;;leaky_relu;;;32;;0,8278010915579739;0,061697046014418486;0,32884778138262083;2607;17222;5194;batchnorm;0,05329354357808277;10;10,0;;;;0,013943133778705003;True;2;sgd;minmax
105;2024-01-26 04:46:03.348232;0,5866126418113708;;selu;;;32;;0,7865377296737556;0,05872497210822607;0,47538343832963;2607;17222;5194;vanilla;0,04276285909838733;28;;;;;;True;1;sgd;normalizer
106;2024-01-26 04:54:05.535572;0,577929675579071;;leaky_relu;;;256;;0,848001700960133;0,06580869780481312;0,779523795954739;2607;17222;5194;batchnorm;0,02052900025097668;26;13,0;;;;0,006735998938369077;True;2;sgd;minmax
107;2024-01-26 04:56:00.974185;0,45949074625968933;;selu;;;32;;0,949541861953158;0,04708821749179998;0,5749475434057928;2607;17222;5194;vanilla;0,013472104461725387;24;;;;;;True;1;sgd;minmax
108;2024-01-26 04:59:41.167046;0,5706018805503845;;leaky_relu;0,8319504229207543;0,5967441697596354;64;0,21240300210329954;0,8677698904374513;0,06396229574199311;0,22383725819525208;2607;17222;5194;dropout;;11;11,0;;;;0,027152519205297015;;2;adam;minmax
109;2024-01-26 05:02:27.283409;0,45949074625968933;;relu;;;32;;0,9235103538666304;0,06944446818084904;0,6736551320959687;2607;17222;5194;vanilla;0,030283707238168298;13;19,0;;;;;False;2;sgd;minmax
110;2024-01-26 05:05:57.011106;0,6170910596847534;;selu;;;32;;0,9821197852289206;0,06072842086970955;0,3916514606556321;2607;17222;5194;batchnorm;0,02270112205103212;22;;;;;;True;1;sgd;minmax
111;2024-01-26 05:09:55.801196;0,6111111044883728;;selu;;;32;;0,9851028849631679;0,060436115797837364;0,38763820319366143;2607;17222;5194;batchnorm;0,016408085278262464;22;;;;;;True;1;sgd;minmax
112;2024-01-26 05:14:08.856738;0,6103395223617554;;selu;;;32;;0,9503712564163774;0,05549860026254175;0,28336137331706707;2607;17222;5194;batchnorm;0,023007483906185327;22;;;;;;True;1;sgd;minmax
113;2024-01-26 05:17:54.628876;0,6103395223617554;;selu;;;32;;0,896225567912329;0,05265366104126861;0,3336893990886152;2607;17222;5194;batchnorm;0,037097444108693915;27;;;;;;True;1;sgd;minmax
114;2024-01-26 05:21:46.881925;0,6147762537002563;;selu;;;32;;0,98280005738769;0,05744497915183278;0,4928178771210467;2607;17222;5194;batchnorm;0,028297560125052766;23;;;;;;True;1;sgd;minmax
115;2024-01-26 05:25:56.949687;0,6105324029922485;;selu;;;32;;0,9100070773175879;0,06252908440234896;0,18729553172566965;2607;17222;5194;batchnorm;0,04880475861418459;12;;;;;;True;1;sgd;minmax
116;2024-01-26 05:29:48.572374;0,5729166865348816;;leaky_relu;;;32;;0,963900872145011;0,06727740386297754;0,9873468871730235;2607;17222;5194;batchnorm;0,02017916260668366;25;7,0;;;;0,012434489488347866;True;2;sgd;minmax
117;2024-01-26 05:34:09.039476;0,6087962985038757;;selu;;;32;;0,882718830433466;0,0645722434536822;0,3866206569855774;2607;17222;5194;vanilla;0,024916497376135483;21;;;;;;True;1;sgd;minmax
118;2024-01-26 05:39:44.715874;0,6109182238578796;;leaky_relu;;;32;;0,8433234015506478;0,05042865299414312;0,24199286318830696;2607;17222;5194;vanilla;0,032096234932320465;29;16,0;;;;0,018623508822581004;True;2;sgd;maxabs
119;2024-01-26 05:44:33.698547;0,5993441343307495;;selu;;;32;;0,9988724157433383;0,07162966650508659;0,5851320989150186;2607;17222;5194;batchnorm;0,039666519927888846;19;10,0;;;;;True;2;sgd;minmax
120;2024-01-26 05:48:41.938384;0,6149691343307495;;leaky_relu;;;32;;0,8131509429993931;0,058453755908340926;0,14734047775546594;2607;17222;5194;vanilla;0,06270174725882495;11;;;;;0,03418663913277557;True;1;sgd;minmax
121;2024-01-26 05:52:50.427149;0,6176697611808777;;leaky_relu;;;32;;0,8110896662205717;0,04552169318802007;0,26356519011325247;2607;17222;5194;vanilla;0,03744563046437721;27;13,0;;;;0,006633558331921341;True;2;sgd;minmax
122;2024-01-26 05:58:30.472346;0,6159336566925049;;leaky_relu;;;32;;0,9277371961893561;0,04119657114459566;0,2862481019452861;2607;17222;5194;vanilla;0,04417945415657355;26;15,0;;;;0,004866789525796344;True;2;sgd;minmax
123;2024-01-26 06:04:50.153138;0,6172839403152466;;leaky_relu;;;32;;0,7733372126154777;0,045288168717906155;0,30836975765614777;2607;17222;5194;vanilla;0,02382057015823517;27;14,0;;;;0,0010215739886312311;True;2;sgd;minmax
124;2024-01-26 06:10:10.926710;0,6168981194496155;;leaky_relu;;;32;;0,7986541696704113;0,04624778915399641;0,3212372755319881;2607;17222;5194;vanilla;0,025389891424782922;27;12,0;;;;0,003804854121546207;True;2;sgd;minmax
125;2024-01-26 06:17:13.678303;0,6180555820465088;;leaky_relu;;;32;;0,7838345173528086;0,04378550808928615;0,20676967534625756;2607;17222;5194;vanilla;0,03168484187799038;25;14,0;;;;0,0011118146543604608;True;2;sgd;minmax
126;2024-01-26 06:22:39.517007;0,6130401492118835;;leaky_relu;;;32;;0,7245409781536665;0,04339766057730944;0,20863267528065088;2607;17222;5194;vanilla;0,031150175085373523;25;14,0;;;;0,01052640465998516;True;2;sgd;minmax
127;2024-01-26 06:27:45.277718;0,574999988079071;;leaky_relu;;;128;;0,766318675180535;0,04532883347837464;0,2575631532559032;2607;17222;5194;vanilla;0,03515192456788514;27;13,0;;;;0,0011044993142957143;True;2;sgd;normalizer
128;2024-01-26 06:32:04.526161;0,5933593511581421;;leaky_relu;0,4417547573084181;0,8519737781721679;512;;0,777862846795116;0,039899183767996546;0,11905596536655429;2607;17222;5194;vanilla;;28;17,0;;;;0,007596760176027615;;2;adam;minmax
129;2024-01-26 06:33:59.912424;0,6226851940155029;;leaky_relu;;;16;;0,748691341200304;0,048083981859184007;0,18034883933255086;2607;17222;5194;vanilla;0,026994290684281906;26;15,0;;;;0,013619738296143359;True;2;sgd;minmax
130;2024-01-26 06:45:37.422860;0,6170910596847534;;leaky_relu;;;16;;0,8296648228826683;0,048621439829189185;0,1820043996856201;2607;17222;5194;vanilla;0,028226526765813876;24;16,0;;;;0,0139489062394654;False;2;sgd;minmax
131;2024-01-26 06:52:43.947721;0,6184413433074951;;leaky_relu;;;32;;0,7816586587788668;0,042886394489131154;0,2125859398172659;2607;17222;5194;vanilla;0,016438320236347063;26;15,0;;;;0,004711152277545993;True;2;sgd;minmax
132;2024-01-26 06:58:49.499978;0,6172839403152466;;leaky_relu;;;16;;0,7540623857295173;0,037671040724197025;0,22774310225148994;2607;17222;5194;vanilla;0,014612258963597849;26;15,0;;;;0,010219376895288946;True;2;sgd;minmax
133;2024-01-26 07:07:41.214375;0,6186342835426331;;leaky_relu;;;16;;0,8062710220278353;0,043286634181071246;0,1538701022544876;2607;17222;5194;vanilla;0,018293844200683217;26;18,0;;;;0,015986380057101717;True;2;sgd;minmax
134;2024-01-26 07:18:55.645633;0,6163194179534912;;leaky_relu;;;16;;0,8118403329609327;0,04275766235381472;0,10092376640747167;2607;17222;5194;vanilla;0,017826609950940858;26;15,0;;;;0,014353577188515322;True;2;sgd;minmax
135;2024-01-26 07:26:44.890660;0,618248462677002;;leaky_relu;;;16;;0,7857180236761248;0,048870602078000994;0,15210989388039828;2607;17222;5194;vanilla;0,018240172831113424;25;18,0;;;;0,01715361304139993;True;2;sgd;minmax
136;2024-01-26 07:34:23.148118;0,6180555820465088;;leaky_relu;;;16;;0,7412463237346182;0,049296444227798164;0,14448132574945052;2607;17222;5194;vanilla;0,019028308903262195;25;18,0;;;;0,020405517286907322;True;2;sgd;minmax
137;2024-01-26 07:42:48.240289;0,6213348507881165;;leaky_relu;;;16;;0,7444712078428626;0,04807297382353448;0,14564523447165884;2607;17222;5194;vanilla;0,01935679540592541;25;17,0;;;;0,02016401375186892;True;2;sgd;minmax
138;2024-01-26 07:53:17.044278;0,6163194179534912;;leaky_relu;;;16;;0,7069309279374566;0,047919932821446284;0,1640409601779393;2607;17222;5194;vanilla;0,0117251597947135;24;20,0;;;;0,020287400838349384;True;2;sgd;minmax
139;2024-01-26 07:59:55.664224;0,6172839403152466;;leaky_relu;;;16;;0,7890120307266246;0,042424907846684554;0,12556805079164846;2607;17222;5194;vanilla;0,015297053146192029;26;17,0;;;;0,01543792718257833;True;2;sgd;minmax
140;2024-01-26 08:08:00.913070;0,6155478358268738;;leaky_relu;;;16;;0,7505372862913723;0,05163373793184215;0,09510589657313634;2607;17222;5194;vanilla;0,020562431202484067;25;18,0;;;;0,011532145920950324;True;2;sgd;minmax
141;2024-01-26 08:16:27.624810;0,6194058656692505;;leaky_relu;;;16;;0,7798129653427707;0,04983097248321775;0,15331401188845917;2607;17222;5194;vanilla;0,018655076171981214;25;18,0;;;;0,022153229450112995;True;2;sgd;minmax
142;2024-01-26 08:25:29.264124;0,6213348507881165;;leaky_relu;;;16;;0,7748074774039053;0,04754726314226168;0,17166536038071112;2607;17222;5194;vanilla;0,017175718875126762;25;19,0;;;;0,018447138168275923;True;2;sgd;minmax
143;2024-01-26 08:33:18.888022;0,6197916865348816;;leaky_relu;;;16;;0,7215135402540198;0,04757133444840219;0,1423116390031781;2607;17222;5194;vanilla;0,016576912311094497;23;19,0;;;;0,021700832154237477;True;2;sgd;minmax
144;2024-01-26 08:42:38.302394;0,6170910596847534;;leaky_relu;;;16;;0,7207497468891547;0,04770348378541594;0,14499173138932928;2607;17222;5194;vanilla;0,013345426607646253;23;19,0;;;;0,0219052558740761;True;2;sgd;minmax
145;2024-01-26 08:49:00.522612;0,6240354776382446;;leaky_relu;;;16;;0,6925678676266617;0,04999125571349022;0,1122238813663421;2607;17222;5194;vanilla;0,015670015711172505;24;21,0;;;;0,018331498321509595;True;2;sgd;minmax
146;2024-01-26 08:58:50.118203;0,6195987462997437;;leaky_relu;;;16;;0,6680915474756874;0,05204828359332739;0,11588431512190094;2607;17222;5194;vanilla;0,009877299018591511;24;21,0;;;;0,024348042514335307;True;2;sgd;minmax
147;2024-01-26 09:05:12.005825;0,6244212985038757;;leaky_relu;;;16;;0,6595609143079713;0,05159905429779924;0,1124350250080084;2607;17222;5194;vanilla;0,010515992119413084;24;21,0;;;;0,024954190876481888;True;2;sgd;minmax
148;2024-01-26 09:14:12.901165;0,6180555820465088;;leaky_relu;;;16;;0,654176482118646;0,05226337324591567;0,10890845535926286;2607;17222;5194;vanilla;0,010180049226092358;23;21,0;;;;0,024813449076840716;True;2;sgd;maxabs
149;2024-01-26 09:22:18.533291;0,6194058656692505;;leaky_relu;;;16;;0,701448686811136;0,05133880559303933;0,08543232153083434;2607;17222;5194;vanilla;0,009098075834332739;24;22,0;;;;0,02262774850659353;True;2;sgd;minmax
150;2024-01-26 09:28:31.067715;0,6174768805503845;;leaky_relu;;;16;;0,6917367102281794;0,05064416929214523;0,08041753766726077;2607;17222;5194;vanilla;0,007647003936588087;24;22,0;;;;0,022721953437898533;True;2;sgd;minmax
151;2024-01-26 09:35:22.550707;0,6168981194496155;;leaky_relu;;;16;;0,668723139077345;0,05425830483412734;0,1174232266542974;2607;17222;5194;vanilla;0,010111871897047715;24;20,0;;;;0,020411096892275403;True;2;sgd;minmax
152;2024-01-26 09:41:59.802033;0,6143904328346252;;leaky_relu;;;16;;0,6986111396197051;0,04693077491457048;0,09060590603913306;2607;17222;5194;vanilla;0,012917106211502159;23;22,0;;;;0,026037777322678573;True;2;sgd;minmax
153;2024-01-26 09:47:56.376571;0,6163194179534912;;leaky_relu;;;16;;0,726938915920955;0,05080201849598869;0,13226983308439594;2607;17222;5194;vanilla;0,00819731558966619;23;21,0;;;;0,0286401422811516;True;2;sgd;minmax
154;2024-01-26 09:54:19.770420;0,6172839403152466;;leaky_relu;;;16;;0,6312695657666672;0,05334161858334263;0,10754373561274161;2607;17222;5194;vanilla;0,015026827253132148;24;19,0;;;;0,023846348389574563;True;2;sgd;minmax
155;2024-01-26 10:00:46.351791;0,6248071193695068;;leaky_relu;;;16;;0,685032065197212;0,05538266356122002;0,17044670587431013;2607;17222;5194;vanilla;0,011144385274364912;24;20,0;;;;0,01867938996309983;True;2;sgd;minmax
156;2024-01-26 10:09:08.052613;0,6174768805503845;;leaky_relu;;;16;;0,6927830324778581;0,055731109057354324;0,17135038040547426;2607;17222;5194;vanilla;0,012402110993965182;25;20,0;;;;0,019398986534340596;True;2;sgd;minmax
157;2024-01-26 10:16:50.099073;0,5461034178733826;;leaky_relu;0,5697445425244996;0,12513160120962868;16;;0,6802021749771955;0,05211250580193304;0,13211743765333164;2607;17222;5194;vanilla;;22;23,0;;;;0,01852372812119378;;2;adam;minmax
158;2024-01-26 10:22:47.791201;0,6168981194496155;;leaky_relu;;;16;;0,7312912220691503;0,05437716062094426;0,18100984023889463;2607;17222;5194;vanilla;0,0109979042777516;24;20,0;;;;0,02185048615833478;True;2;sgd;minmax
159;2024-01-26 10:29:02.485262;0,5922067761421204;;leaky_relu;;;16;;0,7130011792006121;0,05021031925640827;0,11732625727190636;2607;17222;5194;vanilla;0,007555649083196761;23;21,0;;;;0,015930448278380804;False;2;sgd;normalizer
160;2024-01-26 10:37:47.860331;0,6168981194496155;;leaky_relu;;;16;;0,6590954892613697;0,05627425350363471;0,08856527866590254;2607;17222;5194;vanilla;0,009561179932357654;24;19,0;;;;0,02552955272007422;True;2;sgd;minmax
161;2024-01-26 10:43:41.636116;0,6253858208656311;;leaky_relu;;;16;;0,7488519537073492;0,046835268945486744;0,0660941980239535;2607;17222;5194;vanilla;0,011390308756820428;25;22,0;;;;0,01880342676300599;True;2;sgd;minmax
162;2024-01-26 10:55:01.063559;0,6149691343307495;;leaky_relu;;;16;;0,7065476556775347;0,04646882669138852;0,06527423737876352;2607;17222;5194;vanilla;0,01144790259921314;25;23,0;;;;0,01825722767286645;True;2;sgd;minmax
163;2024-01-26 11:01:58.417349;0,6165123581886292;;leaky_relu;;;16;;0,7465945187010005;0,049617269317399744;0,15987414434333963;2607;17222;5194;vanilla;0,009465910680124584;24;22,0;;;;0,021743369567676453;True;2;sgd;minmax
164;2024-01-26 11:08:41.305248;0,6178626418113708;;leaky_relu;;;16;;0,679511456303407;0,05244449599193655;0,12896148404629101;2607;17222;5194;vanilla;0,014610136923317285;25;21,0;;;;0,01500233232422972;True;2;sgd;minmax
165;2024-01-26 11:16:23.364304;0,5702160596847534;;leaky_relu;;;16;0,3953081732135506;0,7480377519562671;0,04526247856769981;0,06915320672764896;2607;17222;5194;dropout;0,013846355433193906;23;19,0;;;;0,023287082800846452;True;2;sgd;minmax
166;2024-01-26 11:24:56.335062;0,6201774477958679;;leaky_relu;;;16;;0,73392622550896;0,047956024405782255;0,10542155966476219;2607;17222;5194;vanilla;0,00696392065681958;22;18,0;;;;0,019012470841040824;True;2;sgd;minmax
167;2024-01-26 11:30:58.989696;0,6178626418113708;;leaky_relu;;;16;;0,7291947809995354;0,05099199896066556;0,10552348155887284;2607;17222;5194;vanilla;0,007066315291828592;22;17,0;;;;0,027592414720373597;True;2;sgd;minmax
168;2024-01-26 11:38:08.009844;0,6159336566925049;;leaky_relu;;;16;;0,7038940389472509;0,047340286883234245;0,08447691204035117;2607;17222;5194;vanilla;0,008605302662849791;24;24,0;;;;0,019780365439939513;True;2;sgd;minmax
169;2024-01-26 11:44:07.441832;0,6192129850387573;;leaky_relu;;;16;;0,6556212923191019;0,053983042244965605;0,10004021514728384;2607;17222;5194;vanilla;0,011666627130925287;23;20,0;;;;0,01811758599849804;True;2;sgd;minmax
170;2024-01-26 11:49:58.835350;0,6215277910232544;;leaky_relu;;;16;;0,638618845674358;0,05371671086265831;0,09807103432564558;2607;17222;5194;vanilla;0,005991476999122486;23;20,0;;;;0,018153053332950884;True;2;sgd;minmax
171;2024-01-26 11:57:41.564872;0,6170910596847534;;leaky_relu;;;16;;0,6366693433099708;0,053602232335512597;0,09755161334541862;2607;17222;5194;vanilla;0,006335128103930273;23;20,0;;;;0,019116081364336915;True;2;sgd;minmax
172;2024-01-26 12:04:09.929125;0,6201774477958679;;leaky_relu;;;16;;0,6537931235953884;0,05224477553015931;0,11626120819431106;2607;17222;5194;vanilla;0,01086195694825648;22;20,0;;;;0,017257681336101678;True;2;sgd;minmax
173;2024-01-26 12:10:52.490640;0,6213348507881165;;leaky_relu;;;16;;0,6059015054313642;0,055249540171678685;0,11306274024127536;2607;17222;5194;vanilla;0,008923740024618926;21;20,0;;;;0,016890177473999367;True;2;sgd;minmax
174;2024-01-26 12:17:56.023069;0,6222993731498718;;leaky_relu;;;16;;0,6203534696484957;0,05728574801661584;0,11671056714739478;2607;17222;5194;vanilla;0,009009529509586188;22;21,0;;;;0,012915129281690816;True;2;sgd;minmax
175;2024-01-26 12:27:04.632773;0,6180555820465088;;leaky_relu;;;16;;0,615745856664058;0,05640225397918981;0,11720814298127229;2607;17222;5194;vanilla;0,0066789667284809316;22;21,0;;;;0,01260765715350291;True;2;sgd;minmax
176;2024-01-26 12:33:47.463016;0,6172839403152466;;leaky_relu;;;16;;0,5881850321845303;0,057363870414676124;0,13839109476819433;2607;17222;5194;vanilla;0,005599000306935073;21;19,0;;;;0,01507509453021384;True;2;sgd;minmax
177;2024-01-26 12:39:43.263608;0,6228780746459961;;leaky_relu;;;16;;0,6727379276241616;0,059502715042043804;0,12861986228049285;2607;17222;5194;vanilla;0,009981408613077617;22;21,0;;;;0,0167729652090865;True;2;sgd;minmax
178;2024-01-26 12:48:50.560432;0,6192129850387573;;leaky_relu;;;16;;0,6715763709972029;0,058059653083067084;0,11846211544493973;2607;17222;5194;vanilla;0,009174848185760824;21;21,0;;;;0,01275903572969546;True;2;sgd;minmax
179;2024-01-26 12:55:28.915154;0,6165123581886292;;leaky_relu;;;16;;0,6472254575701265;0,05950050428044379;0,07451451333799601;2607;17222;5194;vanilla;0,008357424529756722;22;20,0;;;;0,016810857937128186;True;2;sgd;minmax
180;2024-01-26 13:01:46.367906;0,6232638955116272;;leaky_relu;;;16;;0,6015874350765802;0,05489591029666846;0,13315762848685886;2607;17222;5194;vanilla;0,010401928384171437;21;21,0;;;;0,016864258258792904;True;2;sgd;maxabs
181;2024-01-26 13:10:23.393966;0,6159336566925049;;leaky_relu;;;16;;0,6072048377452747;0,05457085558994569;0,13544802272731035;2607;17222;5194;vanilla;0,009855758059102175;21;21,0;;;;0,016661454502567074;True;2;sgd;maxabs
182;2024-01-26 13:16:54.998035;0,6170910596847534;;leaky_relu;;;16;;0,6663198697671021;0,056352125938179745;0,10543138303135853;2607;17222;5194;vanilla;0,010729978416570226;22;22,0;;;;0,01969323087270234;True;2;sgd;maxabs
183;2024-01-26 13:23:49.811943;0,6242284178733826;;leaky_relu;;;16;;0,6447131532972278;0,05931347078334167;0,18492375340683798;2607;17222;5194;vanilla;0,007996100390539312;20;20,0;;;;0,014009569219215735;True;2;sgd;maxabs
184;2024-01-26 13:32:27.515706;0,6188271641731262;;leaky_relu;;;16;;0,6266847331663956;0,06096719953295869;0,17699016486124722;2607;17222;5194;vanilla;0,007445746379904021;20;19,0;;;;0,01455373878165862;True;2;sgd;maxabs
185;2024-01-26 13:40:44.499846;0,6168981194496155;;leaky_relu;;;16;;0,6489877508328505;0,05977310583927859;0,18635923670767576;2607;17222;5194;vanilla;0,006006114259824827;21;20,0;;;;0,011199410051767082;True;2;sgd;maxabs
186;2024-01-26 13:46:52.508526;0,6170910596847534;;leaky_relu;;;16;;0,5936989515829219;0,05556985801136683;0,13564504284807927;2607;17222;5194;vanilla;0,012415691437203127;21;20,0;;;;0,013339026311565506;True;2;sgd;maxabs
187;2024-01-26 13:53:08.923965;0,6132330298423767;;leaky_relu;;;16;;0,6374079911717334;0,05813760065765652;0,1688173498387546;2607;17222;5194;vanilla;0,008084891693170507;20;22,0;;;;0,01734071562220832;True;2;sgd;maxabs
188;2024-01-26 13:59:01.591176;0,5788965821266174;;leaky_relu;0,34582885783992;0,39523571624949244;16;;0,5809384015440914;0,06129705619641641;0,09431222763740899;2607;17222;5194;vanilla;;22;20,0;;;;0,015913634258507888;;2;adam;maxabs
189;2024-01-26 14:05:03.832250;0,6203703880310059;;leaky_relu;;;16;;0,6860648911636049;0,05391500157510265;0,1501573222227812;2607;17222;5194;vanilla;0,005267555766768723;15;19,0;;;;0,02047999776877893;True;2;sgd;maxabs
190;2024-01-26 14:13:40.850899;0,6165123581886292;;leaky_relu;;;16;;0,6906357735041425;0,05872213231000832;0,15075751110380797;2607;17222;5194;vanilla;0,005271261909376141;15;19,0;;;;0,021221922723284256;False;2;sgd;maxabs
191;2024-01-26 14:19:15.706793;0,6201774477958679;;leaky_relu;;;16;;0,6226934813324192;0,05524314767977635;0,1248032716886152;2607;17222;5194;vanilla;0,004533279784017213;15;19,0;;;;0,01810784145819278;True;2;sgd;maxabs
192;2024-01-26 14:27:00.056121;0,616126537322998;;leaky_relu;;;16;;0,6181159663005447;0,05640669511278702;0,13259379569779337;2607;17222;5194;vanilla;0,0037764202996963224;16;19,0;;;;0,017862147412135685;True;2;sgd;maxabs
193;2024-01-26 14:32:59.168276;0,6163194179534912;;leaky_relu;;;16;;0,6431261813004464;0,054697123454285394;0,11754245907827315;2607;17222;5194;vanilla;0,004779939014418636;20;18,0;;;;0,019755226189865003;True;2;sgd;maxabs
194;2024-01-26 14:39:02.275567;0,6222993731498718;;leaky_relu;;;16;;0,6076669104146214;0,06247923502208877;0,10457649966186057;2607;17222;5194;vanilla;0,006465090021095334;14;25,0;;;;0,013814755912826555;True;2;sgd;maxabs
195;2024-01-26 14:48:11.915946;0,6159336566925049;;leaky_relu;;;16;;0,6033273203103198;0,06305889177841066;0,10126540924217436;2607;17222;5194;vanilla;0,005120719655633394;14;27,0;;;;0,012538114764359499;True;2;sgd;maxabs
196;2024-01-26 14:55:08.496062;0,6114969253540039;;leaky_relu;;;16;;0,6226091859516293;0,06281329042310518;0,07890023070321016;2607;17222;5194;vanilla;0,006461725581350427;14;25,0;;;;0,014121931915145457;True;2;sgd;maxabs
197;2024-01-26 15:00:28.915172;0,6163194179534912;;leaky_relu;;;16;;0,5834607614158617;0,059540059561147246;0,0632463375632479;2607;17222;5194;vanilla;0,006919316172370986;15;29,0;;;;0,00923604958144248;True;2;sgd;maxabs
198;2024-01-26 15:06:19.319978;0,5806326866149902;;leaky_relu;;;16;0,5857205751932693;0,5695637301989097;0,05277758636678979;0,09016377519196131;2607;17222;5194;dropout;0,00569289749398571;15;21,0;;;;0,015117283326639473;True;2;sgd;maxabs
199;2024-01-26 15:12:13.904495;0,616126537322998;;leaky_relu;;;16;;0,61013043732719;0,057422334652305826;0,12808245661818393;2607;17222;5194;vanilla;0,008530281446274376;17;20,0;;;;0,017965855077874997;True;2;sgd;maxabs
200;2024-01-26 15:19:42.287014;0,590624988079071;;leaky_relu;;;256;;0,6301702980645728;0,06156429891983749;0,1071749717242223;2607;17222;5194;vanilla;0,010872334084779797;15;22,0;11,0;;;0,010966013937561202;True;3;sgd;maxabs
201;2024-01-26 15:22:01.093618;0,6151620149612427;;leaky_relu;;;16;;0,6802050846574982;0,048500742372350386;0,15230034605253912;2607;17222;5194;vanilla;0,004161852705387966;21;18,0;;;;0,020743188470361967;True;2;sgd;maxabs
202;2024-01-26 15:28:05.884071;0,6203703880310059;;leaky_relu;;;16;;0,6493992801007619;0,049827828914950516;0,16825888055857513;2607;17222;5194;vanilla;0,007044435194958156;16;19,0;;;;0,01870288069764766;True;2;sgd;maxabs
203;2024-01-26 15:35:13.344590;0,6151620149612427;;leaky_relu;;;64;;0,6519979503138045;0,05514762764799838;0,19129410948288836;2607;17222;5194;vanilla;0,007310131286326549;15;21,0;;;;0,01718225217456569;True;2;sgd;maxabs
204;2024-01-26 15:39:38.160043;0,616126537322998;;leaky_relu;;;16;;0,6637282642263369;0,05013517327647689;0,16507677720598218;2607;17222;5194;vanilla;0,0060533308541035;16;20,0;;;;0,019177999605492022;True;2;sgd;maxabs
205;2024-01-26 15:47:39.629081;0,6174768805503845;;leaky_relu;;;16;;0,565252256388915;0,052819515119829366;0,11764430792326469;2607;17222;5194;vanilla;0,008494624904384789;16;25,0;;;;0,015829188412668324;True;2;sgd;maxabs
206;2024-01-26 15:55:10.124187;0,6143904328346252;;leaky_relu;;;16;;0,6033401234118274;0,05036265543511685;0,1991668820690223;2607;17222;5194;vanilla;0,007402939005269591;22;23,0;;;;0,013634515031212458;True;2;sgd;maxabs
207;2024-01-26 16:02:34.467524;0,6099537014961243;;leaky_relu;;;16;;0,6837792632399412;0,05796836123712473;0,056494468844865524;2607;17222;5194;vanilla;0,010508787745953997;14;19,0;;;;0,018399849993923238;True;2;sgd;maxabs
208;2024-01-26 16:08:22.037993;0,6172839403152466;;leaky_relu;;;16;;0,6285700133739583;0,0639092329346955;0,09265609513499476;2607;17222;5194;vanilla;0,012713801026534912;16;20,0;;;;0,02344477434322497;True;2;sgd;maxabs
209;2024-01-26 16:15:17.450290;0,6165123581886292;;leaky_relu;;;16;;0,5487551615443786;0,05514126189808344;0,12495571518522842;2607;17222;5194;vanilla;0,0066188601883997965;14;18,0;;;;0,02006080327184019;True;2;sgd;maxabs
210;2024-01-26 16:22:02.154419;0,6265432238578796;;leaky_relu;;;16;;0,65769356521434;0,051928338285373285;0,16121788882824828;2607;17222;5194;vanilla;0,00883015784496173;17;21,0;;;;0,015751762079280956;True;2;sgd;maxabs
211;2024-01-26 16:30:43.603329;0,6222993731498718;;leaky_relu;;;16;;0,6406121229990063;0,05272235361125481;0,16394066382574768;2607;17222;5194;vanilla;0,009276071461084253;15;26,0;;;;0,01597625946042905;True;2;sgd;maxabs
212;2024-01-26 16:39:40.232038;0,6255787014961243;;leaky_relu;;;16;;0,6699861024466088;0,052002250723888574;0,16900264991057581;2607;17222;5194;vanilla;0,008882192354535164;17;21,0;;;;0,015944231190972383;True;2;sgd;maxabs
213;2024-01-26 16:48:37.821864;0,6197916865348816;;leaky_relu;;;16;;0,6789812367300094;0,049120376000252326;0,16645936100441597;2607;17222;5194;vanilla;0,00880703926585919;17;26,0;;;;0,01460598965050447;True;2;sgd;maxabs
214;2024-01-26 16:56:35.860858;0,6192129850387573;;leaky_relu;;;16;;0,6489997416483413;0,04691950319539754;0,19591297789914147;2607;17222;5194;vanilla;0,00784647074058115;16;27,0;;;;0,011898732023853987;True;2;sgd;maxabs
215;2024-01-26 17:03:54.008269;0,611303985118866;;leaky_relu;;;16;;0,7067544142583245;0,05154538774923057;0,14929411573035029;2607;17222;5194;vanilla;0,00933367985909276;17;21,0;;;;0,015357344824426047;True;2;sgd;maxabs
216;2024-01-26 17:09:16.803094;0,6178626418113708;;leaky_relu;;;16;;0,6379296350783423;0,049782701840903894;0,16750984581036124;2607;17222;5194;vanilla;0,009654401124217983;18;26,0;;;;0,020710045220709856;True;2;sgd;maxabs
217;2024-01-26 17:15:36.563774;0,5912109613418579;;leaky_relu;;;128;;0,6673463826794265;0,04503242989015897;0,2062756599571228;2607;17222;5194;vanilla;0,00673985686455077;17;22,0;;;;0,012866776507831714;True;2;sgd;maxabs
218;2024-01-26 17:18:04.534565;0,4593749940395355;;leaky_relu;;;512;;0,694511626420462;0,053075847008220274;0,14050098433750763;2607;17222;5194;vanilla;0,008063716001045187;14;21,0;7,0;22,0;19,0;0,015678489141595215;True;5;sgd;maxabs
219;2024-01-26 17:19:50.809669;0,6203703880310059;;leaky_relu;;;16;;0,5212329114680956;0,047988392308118966;0,22983825865876517;2607;17222;5194;vanilla;0,01242817207816532;19;28,0;;;;0,010908539612316213;True;2;sgd;maxabs
220;2024-01-26 17:26:46.985684;0,6172839403152466;;leaky_relu;;;16;;0,6043477710717757;0,06019134563513148;0,22724574247260138;2607;17222;5194;vanilla;0,012304381505180467;19;29,0;;;;0,00934609629095939;True;2;sgd;maxabs
221;2024-01-26 17:33:15.700175;0,6180555820465088;;leaky_relu;;;16;;0,49374740904946735;0,04860902928081202;0,04570023498354439;2607;17222;5194;vanilla;0,011660367090680702;19;28,0;;;;0,011045738960330335;True;2;sgd;maxabs
222;2024-01-26 17:40:25.680269;0,6159336566925049;;leaky_relu;;;16;;0,6655754372846499;0,04707181657454836;0,16134847798976887;2607;17222;5194;vanilla;0,014313178934458336;20;28,0;;;;0,01661162029043498;True;2;sgd;maxabs
223;2024-01-26 17:46:29.295833;0,6242284178733826;;leaky_relu;;;16;;0,5158050012317061;0,051276965856881185;0,18933037574247694;2607;17222;5194;vanilla;0,010289794285425738;19;27,0;;;;0,013593313059158268;True;2;sgd;maxabs
224;2024-01-26 17:55:37.248145;0,6222993731498718;;leaky_relu;;;16;;0,5125262090555119;0,05154613498173805;0,18809355315417536;2607;17222;5194;vanilla;0,010570771766780777;18;26,0;;;;0,013635478652442442;True;2;sgd;maxabs
225;2024-01-26 18:04:35.038218;0,6168981194496155;;leaky_relu;;;16;;0,5137553166082681;0,053385679442045496;0,18516058962997317;2607;17222;5194;vanilla;0,009825888964760466;18;26,0;;;;0,013202833117005604;True;2;sgd;maxabs
226;2024-01-26 18:11:06.310430;0,5540123581886292;;leaky_relu;0,7205555763730898;0,6008051150293747;16;;0,6393937415178986;0,050520335123623944;0,17909016303472317;2607;17222;5194;vanilla;;15;27,0;;;;0,014173221381579119;;2;adam;maxabs
227;2024-01-26 18:17:19.456311;0,6136188507080078;;leaky_relu;;;16;;0,5659917124054391;0,05421085953706957;0,1429000564393128;2607;17222;5194;vanilla;0,010908848643811146;19;27,0;;;;0,016277328798773184;True;2;sgd;maxabs
228;2024-01-26 18:23:21.620750;0,5862268805503845;;leaky_relu;;;16;;0,6858149526690552;0,05151439630202616;0,20994519789400254;2607;17222;5194;vanilla;0,009118628725464274;18;25,0;;;;0,02164899887031634;False;2;sgd;normalizer
229;2024-01-26 18:30:26.646402;0,6172839403152466;;leaky_relu;;;16;;0,5428966529402572;0,05685466364066595;0,17786529979486004;2607;17222;5194;vanilla;0,00850195652367806;17;26,0;;;;0,025558057925989565;True;2;sgd;maxabs
230;2024-01-26 18:37:38.662312;0,6167052388191223;;leaky_relu;;;16;;0,47519763928942044;0,092924308068734;0,15267070067733102;2607;17222;5194;vanilla;0,1576909147439614;16;21,0;;;;0,017595174367998175;True;2;sgd;maxabs
231;2024-01-26 18:44:24.881734;0,618248462677002;;leaky_relu;;;16;;0,524383839211463;0,05125600329307811;0,22049612722357703;2607;17222;5194;vanilla;0,012981326107724483;19;28,0;;;;0,011296569256450732;True;2;sgd;maxabs
232;2024-01-26 18:51:05.179255;0,6163194179534912;;leaky_relu;;;16;;0,5304937217271342;0,04945423605195731;0,24608904383031094;2607;17222;5194;vanilla;0,010720002418348569;18;22,0;;;;0,008897852582803987;True;2;sgd;maxabs
233;2024-01-26 18:57:42.536249;0,6188271641731262;;leaky_relu;;;16;;0,4981577787863123;0,052420847874536054;0,1944234108330952;2607;17222;5194;vanilla;0,2828120812634633;18;27,0;;;;0,012571295138129254;True;2;sgd;maxabs
234;2024-01-26 19:04:37.946601;0,6163194179534912;;leaky_relu;;;16;;0,6174852722966879;0,054154218254697684;0,2334941016579199;2607;17222;5194;vanilla;0,014824951336278034;20;21,0;;;;0,014187514718724765;True;2;sgd;maxabs
235;2024-01-26 19:11:32.906966;0,6234567761421204;;leaky_relu;;;16;;0,64836599872773;0,06604757415940857;0,1659325418865449;2607;17222;5194;vanilla;0,011946822259138864;19;27,0;;;;0,019137896436511155;True;2;sgd;maxabs
236;2024-01-26 19:19:20.907592;0,5966796875;;leaky_relu;;;256;;0,6534900861665457;0,06718211594660822;0,1652267357511456;2607;17222;5194;vanilla;0,009942211534259945;19;26,0;;;;0,01924877056049938;True;2;sgd;maxabs
237;2024-01-26 19:22:01.789392;0,5862268805503845;;leaky_relu;;;64;0,4634859957235921;0,6367036344313378;0,06461481185744344;0,12598318014835172;2607;17222;5194;dropout;0,07954073119243872;25;20,0;;;;0,016207674676623682;True;2;sgd;maxabs
238;2024-01-26 19:24:43.693057;0,6197916865348816;;leaky_relu;;;16;;0,6749077069011113;0,061307985746513374;0,14180951874850792;2607;17222;5194;vanilla;0,008062940857859725;16;25,0;;;;0,02278294992460025;True;2;sgd;maxabs
239;2024-01-26 19:33:51.441107;0,6170910596847534;;leaky_relu;;;16;;0,714143624569391;0,020399844457270173;0,1753634420645349;2607;17222;5194;vanilla;0,015935228764031605;21;22,0;;;;0,020482905905457215;True;2;sgd;maxabs
240;2024-01-26 19:40:34.336343;0,6195987462997437;;leaky_relu;;;16;;0,601281501322462;0,06542060626288605;0,1443981973727143;2607;17222;5194;vanilla;0,005678265616663365;17;27,0;;;;0,01808816444583056;True;2;sgd;maxabs
241;2024-01-26 19:47:50.511326;0,620563268661499;;leaky_relu;;;16;;0,6559744140861943;0,06263797838156794;0,030893818007959307;2607;17222;5194;vanilla;0,013682316381522957;19;26,0;;;;0,014103821651507066;True;2;sgd;maxabs
242;2024-01-26 19:56:56.894588;0,6107252836227417;;leaky_relu;;;16;;0,655244327984623;0,06285172460703786;0,03063533165435503;2607;17222;5194;vanilla;0,013544676684358579;20;26,0;;;;0,015642568983191645;True;2;sgd;maxabs
243;2024-01-26 20:03:00.735267;0,6190200448036194;;leaky_relu;;;16;;0,6257847434720301;0,05948980433388935;0,15636797654237342;2607;17222;5194;vanilla;0,011339722589354362;18;24,0;;;;0,014203943914250703;True;2;sgd;maxabs
244;2024-01-26 20:11:00.148551;0,6145833134651184;;leaky_relu;;;16;;0,6664072452233605;0,06611658315614569;0,10890816297992549;2607;17222;5194;vanilla;0,00918776024216883;15;21,0;;;;0,01745177827886858;True;2;sgd;maxabs
245;2024-01-26 20:16:51.502524;0,6242284178733826;;leaky_relu;;;16;;0,6925251831419927;0,06263418722436458;0,19829538781436615;2607;17222;5194;vanilla;0,010401053102770433;19;20,0;;;;0,020207398178427437;True;2;sgd;maxabs
246;2024-01-26 20:25:14.448095;0,6132330298423767;;leaky_relu;;;16;;0,7003202794774613;0,06259819381904212;0,02387754181976502;2607;17222;5194;vanilla;0,011423251235233158;19;20,0;;;;0,02409310885292023;True;2;sgd;maxabs
247;2024-01-26 20:31:30.075499;0,5900848507881165;;leaky_relu;;;16;;0,7620569394095343;0,06463737803037198;0,18972775984976264;2607;17222;5194;vanilla;0,10845371206636967;19;21,0;;;;0,021328775726064873;True;2;sgd;normalizer
248;2024-01-26 20:39:40.385210;0,6140046119689941;;leaky_relu;;;16;;0,6876113637263426;0,058378373467086804;0,034533867002541026;2607;17222;5194;vanilla;0,016769291958315825;20;20,0;;;;0,0328629694586611;True;2;sgd;maxabs
249;2024-01-26 20:45:41.774851;0,6116898059844971;;leaky_relu;;;16;;0,7245786894887937;0,06096223824629086;0,131491443459268;2607;17222;5194;vanilla;0,010207665590867087;20;21,0;;;;0,015123693640053185;True;2;sgd;maxabs
250;2024-01-26 20:51:32.849220;0,6145833134651184;;leaky_relu;;;16;;0,7400819469833424;0,056906922756993425;0,07895613090044798;2607;17222;5194;vanilla;0,012312691880461432;18;26,0;;;;0,027739263068558704;True;2;sgd;maxabs
251;2024-01-26 20:57:08.804907;0,6184413433074951;;leaky_relu;;;16;;0,6726810764669512;0,06284736384105485;0,19588457364999332;2607;17222;5194;vanilla;0,013677426291624986;25;25,0;;;;0,019465181391935926;True;2;sgd;maxabs
252;2024-01-26 21:04:51.034420;0,6203703880310059;;leaky_relu;;;16;;0,6367893419161351;0,06806929015926111;0,10216357605923074;2607;17222;5194;vanilla;0,008923825585430529;21;20,0;;;;0,04294946933088642;True;2;sgd;minmax
253;2024-01-26 21:14:14.063206;0,5865234136581421;;leaky_relu;;;128;;0,6973062987362083;0,05558722688323315;0,13155013107084668;2607;17222;5194;vanilla;0,01013051468881561;19;27,0;;;;0,016662151102675465;True;2;sgd;maxabs
254;2024-01-26 21:16:53.386548;0,4593749940395355;;leaky_relu;;;512;;0,5864922588584647;0,05994256238490097;0,002568706292133979;2607;17222;5194;vanilla;0,015327347828061324;24;22,0;;;;0,012837968304463657;True;2;sgd;minmax
255;2024-01-26 21:18:44.683979;0,5914351940155029;;leaky_relu;0,5163700209260154;0,8906143512357344;16;;0,6173033526354569;0,06414692969545878;0,20703827119307827;2607;17222;5194;vanilla;;20;21,0;;;;0,02021051536575213;;2;adam;maxabs
256;2024-01-26 21:25:57.828470;0,6176697611808777;;leaky_relu;;;16;;0,7633387563388371;0,05417387317829034;0,15589421289807537;2607;17222;5194;vanilla;0,020479552805536174;25;26,0;;;;0,01741973313279529;True;2;sgd;minmax
257;2024-01-26 21:33:39.382351;0,6159336566925049;;leaky_relu;;;16;;0,6586844034783345;0,06654270633041852;0,2715295253836921;2607;17222;5194;vanilla;0,011563226860160015;18;23,0;;;;0,03106812021197683;True;2;sgd;minmax
258;2024-01-26 21:39:42.743347;0,6149691343307495;;leaky_relu;;;16;;0,6880099081012667;0,057781799427257176;0,014158146734726658;2607;17222;5194;vanilla;0,009429853165534394;14;27,0;;;;0,02226509098069998;False;2;sgd;maxabs
259;2024-01-26 21:49:03.488578;0,6251928806304932;;leaky_relu;;;16;;0,7146072006752537;0,05191324051479394;0,11500754650760125;2607;17222;5194;vanilla;0,008120805871084909;13;20,0;;;;0,014294704377336563;True;2;sgd;minmax
260;2024-01-26 21:56:51.490509;0,6199845671653748;;relu;;;16;;0,7156994454007565;0,051181157412607016;0,11449387199467863;2607;17222;5194;vanilla;0,007599355509012102;23;20,0;;;;;True;2;sgd;minmax
261;2024-01-26 22:04:01.453326;0,6147762537002563;;leaky_relu;;;16;;0,5972095310026907;0,06211434768408188;0,08793437972409746;2607;17222;5194;vanilla;0,008220153550391988;24;21,0;;;;0,01397231924518999;True;2;sgd;minmax
262;2024-01-26 22:09:50.961807;0,5696373581886292;;leaky_relu;;;16;0,3341936874148825;0,7455953831970927;0,045927203573362496;0,07157874289189242;2607;17222;5194;dropout;0,013087396881518778;13;20,0;13,0;14,0;;0,008205007127137247;True;4;sgd;minmax
263;2024-01-26 22:16:20.812661;0,6203703880310059;;leaky_relu;;;16;;0,423629223578856;0,05214602952811988;0,10300936875903459;2607;17222;5194;vanilla;0,010583776019968003;17;22,0;;;;0,010669265037827533;True;2;sgd;minmax
264;2024-01-26 22:23:17.821292;0,6174768805503845;;leaky_relu;;;16;;0,5601850677911807;0,061118572624879346;0,09216298898310037;2607;17222;5194;vanilla;0,008942672580377748;13;21,0;;;;0,014859261196935336;True;2;sgd;minmax
265;2024-01-26 22:29:46.705350;0,6141975522041321;;leaky_relu;;;16;;0,63997713700107;0,05626628258967002;0,0427007669413497;2607;17222;5194;vanilla;0,06619483199488363;19;20,0;;;;0,012889635479480976;True;2;sgd;minmax
266;2024-01-26 22:35:36.367715;0,4593749940395355;;leaky_relu;;;256;;0,7219690665305917;0,05881244081500035;0,1249245065133498;2607;17222;5194;vanilla;0,011502482800784253;21;21,0;5,0;;;0,01632422180254692;True;3;sgd;minmax
267;2024-01-26 22:37:27.735092;0,6190200448036194;;leaky_relu;;;16;;0,6150788258845772;0,07014382754526963;0,1801527993894697;2607;17222;5194;vanilla;0,01693305420230224;20;22,0;;;;0,01784128787046104;True;2;sgd;minmax
268;2024-01-26 22:44:26.441189;0,6215277910232544;;leaky_relu;;;16;;0,7099872487108237;0,052924142505557374;0,22585500859524996;2607;17222;5194;vanilla;0,12060393815994655;13;26,0;;;;0,05607630372132427;True;2;sgd;minmax
269;2024-01-26 22:54:07.529154;0,613811731338501;;leaky_relu;;;16;;0,7334420237422414;0,053618539785938266;0,236947972286438;2607;17222;5194;vanilla;0,10053207432868054;13;27,0;;;;0,019111344190933598;True;2;sgd;minmax
270;2024-01-26 23:00:09.997436;0,6116898059844971;;leaky_relu;;;64;;0,7008743427767521;0,05074068717136902;0,20991040357394322;2607;17222;5194;vanilla;0,11281964693806416;13;25,0;;;;0,05081234549891495;True;2;sgd;minmax
271;2024-01-26 23:04:03.169877;0,6140046119689941;;leaky_relu;;;16;;0,24234247528815972;0,04902617510521523;0,05935391598090583;2607;17222;5194;vanilla;0,16034292867679878;13;28,0;;;;0,011478806041729194;True;2;sgd;minmax
272;2024-01-26 23:10:06.579689;0,6221064925193787;;leaky_relu;;;16;;0,7560428030127743;0,08563550492316546;0,25448889018913107;2607;17222;5194;vanilla;0,00786754236626942;23;20,0;;;;0,023754231058152588;True;2;sgd;minmax
273;2024-01-26 23:19:37.531210;0,6178626418113708;;leaky_relu;;;16;;0,7446923930861056;0,052058945872746426;0,24492631122752284;2607;17222;5194;vanilla;0,007563588641281877;23;21,0;;;;0,02617084862737844;True;2;sgd;minmax
274;2024-01-26 23:25:55.756214;0,5464891791343689;;leaky_relu;0,46374803163495937;0,13977513188757357;16;;0,771952072575929;0,08511203310480378;0,30351591035268105;2607;17222;5194;vanilla;;24;19,0;;;;0,05275849755607995;;2;adam;minmax
275;2024-01-26 23:32:38.837415;0,5841049551963806;;leaky_relu;;;16;;0,7107007801258323;0,07938615090355904;0,2062884942970394;2607;17222;5194;vanilla;0,09678931943356606;14;20,0;16,0;;;0,024459599887772614;True;3;sgd;normalizer
276;2024-01-26 23:41:01.642205;0,6101465821266174;;leaky_relu;;;16;;0,7664906982155965;0,07359252122210153;0,25720714575784553;2607;17222;5194;vanilla;0,7242667144171331;23;16,0;;;;0,022927151626702297;True;2;sgd;minmax
277;2024-01-26 23:47:05.467875;0,5863281488418579;;leaky_relu;;;128;;0,7542979776659576;0,07556767642731661;0,17450266022703972;2607;17222;5194;vanilla;0,006536071568206375;25;24,0;;;;0,037483359194111165;True;2;sgd;minmax
278;2024-01-26 23:49:42.039180;0,6170910596847534;;leaky_relu;;;16;;0,7298576543391757;0,08358936823846971;0,2668570301016645;2607;17222;5194;vanilla;0,13936281600931613;12;21,0;;;;0,05400831662851997;True;2;sgd;minmax
279;2024-01-26 23:58:47.891705;0,5845702886581421;;leaky_relu;;;512;;0,6767606318584766;0,09941518979014018;0,224232018084708;2607;17222;5194;vanilla;0,11890981634025763;24;23,0;;;;0,020565434472165016;False;2;sgd;minmax
280;2024-01-27 00:00:51.123065;0,6178626418113708;;leaky_relu;;;16;;0,7192752002172472;0,0734612813981954;0,14049210827916245;2607;17222;5194;vanilla;0,13385042074393236;26;27,0;;;;0,006975610588258286;True;2;sgd;minmax
281;2024-01-27 00:08:45.483317;0,6174768805503845;;leaky_relu;;;16;;0,7026737644314481;0,08620542844865424;0,18740328921309507;2607;17222;5194;vanilla;0,0939492858821622;23;20,0;;;;0,04765677878730395;True;2;sgd;minmax
282;2024-01-27 00:15:26.860687;0,6168981194496155;;relu;;;16;;0,6735878081330716;0,08981516767817996;0,1589663984977503;2607;17222;5194;vanilla;0,007917956647556875;25;29,0;;;;;True;2;sgd;minmax
283;2024-01-27 00:22:24.184097;0,5881558656692505;;leaky_relu;;;16;0,16094085923883614;0,7508930482690769;0,07889917406741394;0,07101050168075207;2607;17222;5194;dropout;0,02106563385606609;22;26,0;;;;0,0595420322828235;True;2;sgd;minmax
284;2024-01-27 00:31:05.828296;0,6099537014961243;;leaky_relu;;;16;;0,5788072536675414;0,09313929280953072;0,2856911343738495;2607;17222;5194;vanilla;0,010010616348953956;14;19,0;;;;0,01566621047534071;True;2;sgd;minmax
285;2024-01-27 00:38:00.467336;0,6178626418113708;;leaky_relu;;;16;;0,6430161513186234;0,06876410795224672;0,13498569542958738;2607;17222;5194;vanilla;0,007172620530758567;24;22,0;;;;0,01866171374887177;True;2;sgd;minmax
286;2024-01-27 00:46:06.662210;0,6153549551963806;;leaky_relu;;;16;;0,5447276817349347;0,07714579968314314;0,05137711280014508;2607;17222;5194;vanilla;0,010541486719665726;18;20,0;;;;0,0216072868928479;True;2;sgd;minmax
287;2024-01-27 00:52:49.072604;0,6170910596847534;;leaky_relu;;;16;;0,6906161183015075;0,04535131440605304;0,20775840844104593;2607;17222;5194;vanilla;0,07287375684799426;13;21,0;;;;0,02997591296440774;True;2;sgd;maxabs
288;2024-01-27 01:00:21.062843;0,6176697611808777;;leaky_relu;;;16;;0,5078507100810109;0,07262486395111144;0,17458823740260457;2607;17222;5194;vanilla;0,006033763176735165;25;22,0;;;;0,012340930976040842;True;2;sgd;minmax
289;2024-01-27 01:07:34.207837;0,5866126418113708;;leaky_relu;;;16;;0,6685898468719706;0,04768188407560641;0,11694534470856649;2607;17222;5194;vanilla;0,054049212386409695;23;17,0;;;;0,009404792635089532;True;2;sgd;normalizer
290;2024-01-27 01:14:42.854477;0,58984375;;leaky_relu;;;256;;0,7950552047723809;0,08338582516979035;0,16279958845496867;2607;17222;5194;vanilla;0,001850214339899713;17;26,0;;;;0,015994628884061095;True;2;sgd;maxabs
291;2024-01-27 01:16:48.589924;0,6153549551963806;;leaky_relu;;;64;;0,738165009569916;0,04406697863942746;0,08495478324713983;2607;17222;5194;vanilla;0,008724664921168938;12;25,0;;;;0,018473173780705576;True;2;sgd;minmax
292;2024-01-27 01:20:50.941492;0,6167052388191223;;leaky_relu;;;16;;0,7172424572294162;0,0808530562353624;0,1462111725324662;2607;17222;5194;vanilla;0,012032631805883156;26;21,0;;;;0,024136727591000322;True;2;sgd;maxabs
293;2024-01-27 01:28:26.130575;0,6224923133850098;;leaky_relu;;;16;;0,4782204478763837;0,07954163491690325;0,2303851072281244;2607;17222;5194;vanilla;0,015091171375283399;22;28,0;;;;0,014207734287339034;True;2;sgd;minmax
294;2024-01-27 01:35:56.191478;0,5804398059844971;;leaky_relu;0,13800975989258557;0,7187081568697167;16;;0,45684320084293023;0,0881403705541871;0,22801709789505595;2607;17222;5194;vanilla;;22;28,0;;;;0,013489058098449042;;2;adam;minmax
295;2024-01-27 01:43:29.889557;0,6155478358268738;;leaky_relu;;;16;;0,48736904345659837;0,07987718613145475;0,23967201469234697;2607;17222;5194;vanilla;0,014288304077538795;21;29,0;;;;0,01070410311541655;True;2;sgd;maxabs
296;2024-01-27 01:50:12.826744;0,6095678806304932;;leaky_relu;;;16;;0,5171266700347438;0,07690034504250384;0,3175306618802334;2607;17222;5194;vanilla;0,08755235664211534;22;28,0;;;;0,014661502434479378;True;2;sgd;minmax
297;2024-01-27 01:57:06.629918;0,6188271641731262;;leaky_relu;;;16;;0,6258934861044586;0,05719880697795422;0,09825793207257094;2607;17222;5194;vanilla;0,1928222756996139;23;27,0;;;;0,02626944726650086;True;2;sgd;minmax
298;2024-01-27 02:03:09.039344;0,6167052388191223;;leaky_relu;;;16;;0,6549780941084701;0,07535714894959034;0,28036640800714224;2607;17222;5194;vanilla;0,009935965634763911;22;30,0;;;;0,012538445455342235;False;2;sgd;maxabs
299;2024-01-27 02:12:27.206915;0,6192129850387573;;leaky_relu;;;16;;0,47231405007856103;0,05511156858971437;0,191886593733715;2607;17222;5194;vanilla;0,007970006171340534;24;27,0;;;;0,016513146549854127;True;2;sgd;minmax
300;2024-01-27 02:19:38.984716;0,6124614477157593;;leaky_relu;;;16;;0,854173013886391;0,06565381401323607;0,1251896586171837;2607;17222;5194;vanilla;0,01155291585101456;18;3,0;;;;0,061106570497841024;True;2;sgd;maxabs
301;2024-01-27 02:25:41.395889;0,6186342835426331;;leaky_relu;;;16;;0,6839826190996041;0,07119995200344642;0,22573652631173888;2607;17222;5194;vanilla;0,009052573050182009;23;28,0;;;;0,027916920143626334;True;2;sgd;minmax
302;2024-01-27 02:32:10.459453;0,6240354776382446;;relu;;;16;;0,6373064535520173;0,052841829473231704;0,20272496610412644;2607;17222;5194;vanilla;0,006641945407971519;15;22,0;;;;;True;2;sgd;maxabs
303;2024-01-27 02:42:49.075557;0,5814453363418579;;relu;;;128;;0,6395946928029848;0,053370682110659665;0,2006157061804721;2607;17222;5194;vanilla;0,006772187834052184;14;22,0;;;;;True;2;sgd;maxabs
304;2024-01-27 02:45:29.848626;0,6168981194496155;;relu;;;16;;0,5338355729596144;0,0522367128566702;0,26430237523171624;2607;17222;5194;vanilla;0,006173359691381292;15;22,0;;;;;True;2;sgd;maxabs
305;2024-01-27 02:52:25.113517;0,6176697611808777;;relu;;;16;;0,6263922778616525;0,05852878207255138;0,2121097996698307;2607;17222;5194;vanilla;0,007649507096131596;14;23,0;;;;;True;2;sgd;maxabs
306;2024-01-27 02:59:28.551661;0,5843750238418579;;relu;;;512;;0,6620521291829949;0,05589733585193702;0,07690364460557166;2607;17222;5194;vanilla;0,01016544635596806;15;21,0;9,0;;;;True;3;sgd;maxabs
307;2024-01-27 03:01:27.717677;0,5902777910232544;;relu;;;16;0,2240051557518942;0,5988405883162881;0,05948413017006071;0,18199483330206478;2607;17222;5194;dropout;0,04662178656291961;17;26,0;;;;;True;2;sgd;maxabs
308;2024-01-27 03:06:57.110554;0,6167052388191223;;relu;;;16;;0,65078901751162;0,05344523271258684;0,2397874045918684;2607;17222;5194;vanilla;0,07969510003914673;16;21,0;;;;;True;2;sgd;maxabs
309;2024-01-27 03:14:32.701057;0,6197916865348816;;leaky_relu;;;16;;0,7000130343405812;0,05053312722980648;0,10777617917577945;2607;17222;5194;vanilla;0,005370140886368249;15;27,0;;;;0,00966929308355851;True;2;sgd;maxabs
310;2024-01-27 03:22:11.851856;0,6174768805503845;;leaky_relu;;;16;;0,6710221940102518;0,08083308548581829;0,30386238267395377;2607;17222;5194;vanilla;0,008750338447425177;21;23,0;;;;0,014646644126044843;True;2;sgd;maxabs
311;2024-01-27 03:29:29.566606;0,6145833134651184;;leaky_relu;;;16;;0,5031650993168103;0,05573679451862379;0,052098200667793006;2607;17222;5194;vanilla;0,012831947188062152;16;20,0;;;;0,012773282751452144;True;2;sgd;maxabs
312;2024-01-27 03:35:45.759132;0,618248462677002;;leaky_relu;;;16;;0,5766668377134486;0,06394475579426002;0,15993812197271778;2607;17222;5194;vanilla;0,006419901820143496;22;25,0;;;;0,017013150002618504;True;2;sgd;maxabs
313;2024-01-27 03:42:18.750474;0,5896990895271301;;leaky_relu;;;16;;0,6213953947938995;0,0824603901646109;0,19116304352645996;2607;17222;5194;vanilla;0,007435914288799067;19;22,0;;;;0,03385308921574891;True;2;sgd;normalizer
314;2024-01-27 03:50:45.351746;0,6265432238578796;;leaky_relu;;;16;;0,8719896548758488;0,06099229432784539;0,12774601704159563;2607;17222;5194;vanilla;0,010885284792832234;15;24,0;;;;0,022293326309612813;True;2;sgd;minmax
315;2024-01-27 04:00:19.706778;0,6278935074806213;;leaky_relu;;;16;;0,8838545204865569;0,062573096625951;0,12524248935221624;2607;17222;5194;vanilla;0,010355448348872047;15;24,0;;;;0,021293116128086584;True;2;sgd;maxabs
316;2024-01-27 04:09:17.467727;0,45949074625968933;;relu;0,2641396201638281;0,5232562409546543;16;;0,8873384007639727;0,060080372526067065;0,1328048938198016;2607;17222;5194;vanilla;;15;24,0;;;;;;2;adam;maxabs
317;2024-01-27 04:14:24.079741;0,4605468809604645;;leaky_relu;;;256;;0,8698894296456511;0,06129910180857632;0,0010853397278492865;2607;17222;5194;vanilla;0,011442786008181908;16;23,0;;;;0,019872754957233146;True;2;sgd;maxabs
318;2024-01-27 04:16:32.432976;0,6143904328346252;;leaky_relu;;;64;;0,8534299180213395;0,0637107524952267;0,12362637302478974;2607;17222;5194;vanilla;0,009738816021588098;15;24,0;;;;0,023135820596987836;True;2;sgd;maxabs
319;2024-01-27 04:20:26.797735;0,6246141791343689;;leaky_relu;;;16;;0,8787427498589566;0,0671289052149328;0,14729442565241332;2607;17222;5194;vanilla;0,010800655084140446;15;24,0;;;;0,021752361016127715;True;2;sgd;maxabs
320;2024-01-27 04:29:52.380354;0,6149691343307495;;leaky_relu;;;16;;0,8775501195799986;0,06669904062073555;0,14193599583730837;2607;17222;5194;vanilla;0,014557270152641199;14;24,0;;;;0,020931987956004372;True;2;sgd;maxabs
321;2024-01-27 04:36:28.858688;0,6190200448036194;;leaky_relu;;;16;;0,9077835734617052;0,06919072766937581;0,15676783540370326;2607;17222;5194;vanilla;0,012483791507902455;15;24,0;;;;0,0065058252971255835;False;2;sgd;maxabs
322;2024-01-27 04:43:27.269669;0,6143904328346252;;leaky_relu;;;16;;0,8254704062264512;0,06456437668314828;0,11422056340167608;2607;17222;5194;vanilla;0,01085647254834134;16;24,0;;;;0,021345682822248278;True;2;sgd;maxabs
323;2024-01-27 04:49:31.294573;0,618248462677002;;leaky_relu;;;16;;0,8654280515019411;0,062326093767996596;0,14332188940090734;2607;17222;5194;vanilla;0,010770618792262482;14;25,0;;;;0,018300647339663127;True;2;sgd;maxabs
324;2024-01-27 04:55:43.893377;0,626928985118866;;leaky_relu;;;16;;0,865304741094427;0,06589024990969096;0,17111846742619316;2607;17222;5194;vanilla;0,009221489170090292;15;23,0;;;;0,01524180893023824;True;2;sgd;maxabs
325;2024-01-27 05:03:47.554850;0,6176697611808777;;leaky_relu;;;16;;0,8398146105922755;0,06744475011867612;0,1264536685259434;2607;17222;5194;vanilla;0,009080915829652866;14;23,0;;;;0,0258824983702662;True;2;sgd;maxabs
326;2024-01-27 05:10:44.555680;0,6184413433074951;;leaky_relu;;;16;;0,8799869719056562;0,06589275460775966;0,16187034383248217;2607;17222;5194;vanilla;0,055783056796691405;15;24,0;;;;0,01561852220511048;True;2;sgd;maxabs
327;2024-01-27 05:17:57.723761;0,6145833134651184;;leaky_relu;;;16;;0,8508119328595721;0,06977625845434218;0,11148778382690619;2607;17222;5194;vanilla;0,013654070409536595;15;23,0;;;;0,01944082423692707;True;2;sgd;maxabs
328;2024-01-27 05:23:50.038360;0,5873842835426331;;leaky_relu;;;16;0,3609611745906326;0,9117562271255427;0,0652902243510152;0,09376873824965148;2607;17222;5194;dropout;0,008777268026789627;15;23,0;;;;0,022668137082812363;True;2;sgd;maxabs
329;2024-01-27 05:30:41.664603;0,6170910596847534;;leaky_relu;;;16;;0,8611353634343584;0,06256462271958595;0,13882753308423854;2607;17222;5194;vanilla;0,011869363353150204;16;22,0;;;;0,017141488970000777;True;2;sgd;maxabs
330;2024-01-27 05:36:28.146881;0,6143904328346252;;leaky_relu;;;16;;0,8990587376739758;0,060485834243059755;0,168824434313258;2607;17222;5194;vanilla;0,02306175274358826;15;24,0;;;;0,012051948413426557;True;2;sgd;maxabs
331;2024-01-27 05:43:18.697149;0,588085949420929;;relu;;;128;;0,8852063921738496;0,06447035217032816;0,004373625758144936;2607;17222;5194;vanilla;0,00960617243663988;14;22,0;;;;;True;2;sgd;maxabs
332;2024-01-27 05:47:23.466000;0,5865234136581421;;leaky_relu;;;512;;0,8567067672926301;0,06854548263100622;0,10791850555831763;2607;17222;5194;vanilla;0,040324742017208245;16;23,0;19,0;;;0,029380215545402648;True;3;sgd;maxabs
333;2024-01-27 05:50:02.564575;0,6167052388191223;;leaky_relu;;;16;;0,8401120315207445;0,06148194642531642;0,14864054440667024;2607;17222;5194;vanilla;0,014665819083736029;14;25,0;;;;0,015066970339574885;True;2;sgd;maxabs
334;2024-01-27 05:57:24.186351;0,5964506268501282;;leaky_relu;0,8977111651470286;0,679248454094878;16;;0,8726061554099099;0,06735261865740497;0,06140132838931572;2607;17222;5194;vanilla;;15;22,0;;;;0,02171396239569846;;2;adam;maxabs
335;2024-01-27 06:03:52.568599;0,6165123581886292;;leaky_relu;;;16;;0,8115650202913741;0,005020438760878432;0,12735434976715407;2607;17222;5194;vanilla;0,01640668994474357;15;24,0;;;;0,019085522328074808;True;2;sgd;maxabs
336;2024-01-27 06:09:52.782871;0,6147762537002563;;leaky_relu;;;16;;0,8944750650102115;0,058707788254511103;0,17803848964095972;2607;17222;5194;vanilla;0,026476684555399175;20;23,0;;;;0,010311737514685785;True;2;sgd;maxabs
337;2024-01-27 06:15:52.667421;0,6151620149612427;;leaky_relu;;;16;;0,6840734975382936;0,03286459478643402;0,08874470169072846;2607;17222;5194;vanilla;0,06307252749915974;16;21,0;;;;0,004656577914358615;True;2;sgd;maxabs
338;2024-01-27 06:21:35.844974;0,6234567761421204;;leaky_relu;;;16;;0,9179722441418872;0,06449432831094165;0,1529295201562639;2607;17222;5194;vanilla;0,012194927392927499;16;23,0;;;;0,016976991015187425;True;2;sgd;maxabs
339;2024-01-27 06:31:05.059388;0,5896990895271301;;leaky_relu;;;16;;0,8809981921637287;0,06571020471117822;0,11984296591829423;2607;17222;5194;vanilla;0,012521868383971221;16;23,0;;;;0,02468759301044541;True;2;sgd;normalizer
340;2024-01-27 06:39:50.351333;0,6174768805503845;;leaky_relu;;;16;;0,9203694221613501;0,06329796673505102;0,13863129510900343;2607;17222;5194;vanilla;0,011140469422668966;17;22,0;;;;0,018258022099251002;True;2;sgd;maxabs
341;2024-01-27 06:46:48.359310;0,5953124761581421;;leaky_relu;;;256;;0,8990192707148756;0,07124566917395439;0,06910488762908273;2607;17222;5194;vanilla;0,018498771445918574;16;23,0;;;;0,03565388440651725;False;2;sgd;minmax
342;2024-01-27 06:49:24.538248;0,6132330298423767;;leaky_relu;;;16;;0,8297488022670672;0,06109147132446061;0,10143307171066404;2607;17222;5194;vanilla;0,015339257937933866;15;22,0;3,0;6,0;5,0;0,020944792961731323;True;5;sgd;maxabs
343;2024-01-27 06:59:37.050883;0,6172839403152466;;leaky_relu;;;16;;0,9269527261710342;0,06411087427233444;0,154522966834341;2607;17222;5194;vanilla;0,013302947301613256;21;24,0;;;;0,007818625953960174;True;2;sgd;minmax
344;2024-01-27 07:06:21.167817;0,6155478358268738;;leaky_relu;;;64;;0,5535362965364095;0,06709674603935784;0,1899097713689194;2607;17222;5194;vanilla;0,010263428731527137;20;21,0;;;;0,014206953997203446;True;2;sgd;maxabs
345;2024-01-27 07:11:29.683501;0,6180555820465088;;leaky_relu;;;16;;0,9067415788033776;0,060265610495221944;0,12155337773799689;2607;17222;5194;vanilla;0,036470999344751266;16;23,0;;;;0,01671272940856674;True;2;sgd;minmax
346;2024-01-27 07:19:19.609367;0,6120756268501282;;relu;;;16;;0,9322972093613028;0,06265369133731707;0,012344875313120287;2607;17222;5194;vanilla;0,008295625296978451;14;21,0;;;;;True;2;sgd;maxabs
347;2024-01-27 07:26:30.189538;0,6184413433074951;;leaky_relu;;;16;;0,9429199804847235;0,057568586133648784;0,08541799164700749;2607;17222;5194;vanilla;0,013044067527404921;17;22,0;;;;0,027345961630624218;True;2;sgd;minmax
348;2024-01-27 07:32:20.581631;0,6153549551963806;;leaky_relu;;;16;;0,8730453602289512;0,06568512647539437;0,17323284287401722;2607;17222;5194;vanilla;0,011617685801088469;14;22,0;;;;0,011556558664715071;True;2;sgd;maxabs
349;2024-01-27 07:38:49.241774;0,5652006268501282;;leaky_relu;;;16;0,4391428794253664;0,5948861248251378;0,0700870142928289;0,20721441104324903;2607;17222;5194;dropout;0,009792044931340409;17;23,0;;;;0,019494988239234696;True;2;sgd;minmax
350;2024-01-27 07:45:39.546812;0,6097608208656311;;leaky_relu;;;16;;0,6557159830861599;0,05974814141165305;0,1383300249447652;2607;17222;5194;vanilla;0,007250539280437551;15;29,0;22,0;25,0;;0,03152016325134113;True;4;sgd;maxabs
351;2024-01-27 07:51:22.285211;0,6165123581886292;;leaky_relu;;;16;;0,835183389959684;0,0725385923752226;0,035462124682827424;2607;17222;5194;vanilla;0,04425540670410134;20;21,0;;;;0,022687390040863946;True;2;sgd;minmax
352;2024-01-27 08:00:15.206230;0,6134259104728699;;leaky_relu;;;16;;0,9594798428387099;0,06334541714855445;0,046875351737354284;2607;17222;5194;vanilla;0,00818028964436474;15;21,0;;;;0,017299517140718458;True;2;sgd;maxabs
353;2024-01-27 08:07:07.425313;0,5968364477157593;;leaky_relu;0,685951347810729;0,8571483199234318;16;;0,45094267448231173;0,06825387165990324;0,10572038886911529;2607;17222;5194;vanilla;;21;24,0;;;;0,013850704991637581;;2;adam;minmax
354;2024-01-27 08:14:00.095080;0,6186342835426331;;leaky_relu;;;16;;0,6828431798250783;0,058174859862560054;0,14954212727902766;2607;17222;5194;vanilla;0,015317083292292408;19;22,0;;;;0,015574749101652938;True;2;sgd;maxabs
355;2024-01-27 08:21:45.071737;0,59375;;leaky_relu;;;512;;0,6682626115806573;0,061957879236435705;0,3436689940109151;2607;17222;5194;vanilla;0,010607410589772256;14;30,0;;;;0,024828312267595652;True;2;sgd;minmax
356;2024-01-27 08:23:59.008904;0,5810546875;;relu;;;128;;0,6209012184191285;0,06533445262410928;0,1179580217207186;2607;17222;5194;vanilla;0,02719552366404173;5;24,0;;;;;True;2;sgd;maxabs
357;2024-01-27 08:26:26.382146;0,618248462677002;;leaky_relu;;;16;;0,7046098599505126;0,07465015198032693;0,20653307862128586;2607;17222;5194;vanilla;0,008655447615744306;16;28,0;;;;0,019372601084988488;True;2;sgd;minmax
358;2024-01-27 08:35:27.910758;0,6143904328346252;;leaky_relu;;;16;;0,893684890199122;0,056568353650943363;0,04149026309894105;2607;17222;5194;vanilla;0,01243734534318038;15;21,0;;;;0,02156726199571347;True;2;sgd;maxabs
359;2024-01-27 08:41:21.424452;0,5922067761421204;;leaky_relu;;;16;;0,8653869030549651;0,07774654257873956;0,17110056003211122;2607;17222;5194;vanilla;0,009806672789328572;13;20,0;;;;0,009055479646074772;True;2;sgd;normalizer
360;2024-01-27 08:50:12.181111;0,6195987462997437;;leaky_relu;;;16;;0,610599377089811;0,059465128286756014;0,13320136039849984;2607;17222;5194;vanilla;0,23455974186138623;16;14,0;;;;0,011918804579431829;True;2;sgd;minmax
361;2024-01-27 08:57:46.692738;0,6147762537002563;;leaky_relu;;;16;;0,5741485297585328;0,06369475636444669;0,08092116207781443;2607;17222;5194;vanilla;0,07530983717442787;21;22,0;;;;0,017587718498700798;False;2;sgd;maxabs
362;2024-01-27 09:04:04.299549;0,616126537322998;;leaky_relu;;;16;;0,21794444025790305;0,061488558650109264;0,15704393451309437;2607;17222;5194;vanilla;0,01792703602288956;14;23,0;14,0;;;0,014987667754123964;True;3;sgd;minmax
363;2024-01-27 09:10:39.288703;0,6147762537002563;;leaky_relu;;;16;;0,6487469615868907;0,06734291030384101;0,10297634391586369;2607;17222;5194;vanilla;0,011460616130514809;19;21,0;;;;0,020044348384820103;True;2;sgd;maxabs
364;2024-01-27 09:16:34.024522;0,6174768805503845;;leaky_relu;;;16;;0,48168878285516664;0,04949140777518321;0,06310636473437135;2607;17222;5194;vanilla;0,05429874726704523;22;25,0;;;;0,012873520293415465;True;2;sgd;minmax
365;2024-01-27 09:22:39.172272;0,6203703880310059;;leaky_relu;;;16;;0,6912681030093396;0,07774288589290504;0,18999219732176403;2607;17222;5194;vanilla;0,021356735989124263;20;20,0;;;;0,03999954641061584;True;2;sgd;maxabs
366;2024-01-27 09:29:54.497556;0,6141975522041321;;leaky_relu;;;16;;0,4307076207293143;0,07524086490113335;0,053255288899357864;2607;17222;5194;vanilla;0,006860429804985332;26;;;;;0,023097350270672508;True;1;sgd;minmax
367;2024-01-27 09:38:28.528977;0,590039074420929;;leaky_relu;;;256;;0,6628162076367329;0,08156162831623662;0,027742580925022596;2607;17222;5194;vanilla;0,01379716780364849;15;22,0;;;;0,016613809900116683;True;2;sgd;maxabs
368;2024-01-27 09:40:57.634523;0,6194058656692505;;relu;;;16;;0,9128149047150449;0,056634484590999075;0,24855698940849727;2607;17222;5194;vanilla;0,008841415978148864;17;23,0;;;;;True;2;sgd;minmax
369;2024-01-27 09:47:24.097284;0,6165123581886292;;leaky_relu;;;64;;0,8214057512707443;0,09419099599425758;0,1262616410699788;2607;17222;5194;vanilla;0,008057477401454119;27;15,0;;;;0,014035664447239712;True;2;sgd;maxabs
370;2024-01-27 09:51:15.677524;0,5951002836227417;;leaky_relu;;;16;0,10092023622452995;0,8506657420300909;0,09606859356103545;0,09429791526567959;2607;17222;5194;dropout;0,010036664237490282;18;21,0;;;;0,01816858473629183;True;2;sgd;minmax
371;2024-01-27 09:58:58.364760;0,618248462677002;;leaky_relu;;;16;;0,6348788899148589;0,08910532939316246;0,15158962200123285;2607;17222;5194;vanilla;0,004692728907841603;16;20,0;;;;0,02596166446312145;True;2;sgd;maxabs
372;2024-01-27 10:07:09.542164;0,59375;;leaky_relu;;;16;;0,7988550859573339;0,06467452969702243;0,0013083493865449324;2607;17222;5194;vanilla;0,011829337877773542;15;24,0;;;;0,08469386482885918;True;2;sgd;maxabs
373;2024-01-27 10:16:04.346730;0,5997299551963806;;leaky_relu;0,778279440236636;0,37759728975376194;16;;0,5876414618193523;0,0692787072085253;0,03958830704780619;2607;17222;5194;vanilla;;15;21,0;;;;0,02136736815418831;;2;adam;minmax
374;2024-01-27 10:23:12.785711;0,6197916865348816;;leaky_relu;;;16;;0,7195665764643626;0,008840482311348007;0,17716362404631814;2607;17222;5194;vanilla;0,19623471230575584;21;22,0;;;;0,029357916966156476;True;2;sgd;maxabs
375;2024-01-27 10:29:12.546790;0,6134259104728699;;leaky_relu;;;16;;0,5326714468947006;0,058441029957664835;0,019564778465266726;2607;17222;5194;vanilla;0,015778873013613626;14;16,0;;;;0,010213747603254707;True;2;sgd;minmax
376;2024-01-27 10:36:44.021806;0,6199845671653748;;leaky_relu;;;16;;0,6717834784389283;0,05494666015579151;0,21724533487366451;2607;17222;5194;vanilla;0,007179645523287762;26;23,0;;;;0,01612057857271081;True;2;sgd;maxabs
377;2024-01-27 10:46:08.552277;0,6222993731498718;;leaky_relu;;;16;;0,5605219267760575;0,060932531719784;0,2817146411262178;2607;17222;5194;vanilla;0,0011512046885794414;20;28,0;;;;0,019594189521935316;True;2;sgd;minmax
378;2024-01-27 10:54:31.953966;0,6203703880310059;;leaky_relu;;;16;;0,05180789369291622;0,06673906792105115;0,13507785305138015;2607;17222;5194;vanilla;0,0327258846078687;16;19,0;;;;0,013499312468212517;True;2;sgd;maxabs
379;2024-01-27 11:01:33.075817;0,6170910596847534;;leaky_relu;;;16;;0,8884276280874791;0,04984513083466961;0,11381254858809313;2607;17222;5194;vanilla;0,4695246140282851;22;20,0;;;;0,017656085443221725;True;2;sgd;minmax
380;2024-01-27 11:07:13.159997;0,585742175579071;;leaky_relu;;;128;;0,6953762187476701;0,07192956241888984;0,8722697311448636;2607;17222;5194;vanilla;0,06332059538736785;24;25,0;;;;0,024115349961942822;True;2;sgd;maxabs
381;2024-01-27 11:09:30.527174;0,5877700448036194;;relu;;;16;;0,6159733406187475;0,06279728492503443;0,07444358170285927;2607;17222;5194;vanilla;0,009541874469506906;19;;;;;;False;1;sgd;normalizer
382;2024-01-27 11:16:58.037965;0,6197916865348816;;leaky_relu;;;16;;0,6403385285920313;0,05946175164026841;0,1668218350482713;2607;17222;5194;vanilla;0,08706873207722574;13;6,0;;;;0,015446339343912699;True;2;sgd;minmax
383;2024-01-27 11:23:31.788962;0,6124614477157593;;leaky_relu;;;16;;0,3258980158814123;0,01990904815626763;0,20019548337170226;2607;17222;5194;vanilla;0,011088730391272115;17;22,0;;;;0,0022100302166154114;True;2;sgd;maxabs
384;2024-01-27 11:30:30.340916;0,590039074420929;;leaky_relu;;;512;;0,8697259392754424;0,04700743211978538;0,13592211538137278;2607;17222;5194;vanilla;0,14815257949771238;15;21,0;;;;0,01159265021715869;True;2;sgd;minmax
385;2024-01-27 11:32:43.111937;0,6147762537002563;;leaky_relu;;;16;;0,725164441980366;0,050970302495902;0,10030824918412355;2607;17222;5194;vanilla;0,10733816589901186;25;20,0;;;;0,020706061740517045;True;2;sgd;maxabs
386;2024-01-27 11:40:31.708157;0,6195987462997437;;leaky_relu;;;16;;0,9389856570034892;0,0541779622636663;0,22338334440684285;2607;17222;5194;vanilla;0,013538830843920246;14;24,0;;;;0,008022554540948391;True;2;sgd;minmax
387;2024-01-27 11:47:09.462556;0,6159336566925049;;leaky_relu;;;32;;0,8425583812846408;0,05743886267059085;0,35862550861246384;2607;17222;5194;vanilla;0,005748446679695443;13;23,0;;;;0,018529988875628876;True;2;sgd;maxabs
388;2024-01-27 11:52:13.902798;0,6180555820465088;;leaky_relu;;;16;;0,6766514513845656;0,041476553376252154;0,15611760291245605;2607;17222;5194;vanilla;0,029121174757679384;18;21,0;;;;0,027313249054970283;True;2;sgd;minmax
389;2024-01-27 11:57:41.514946;0,6143904328346252;;leaky_relu;;;16;;0,6530353379273129;0,07887005201068396;0,007673018857766068;2607;17222;5194;vanilla;0,00866844056908055;21;29,0;;;;0,014087797214788112;True;2;sgd;maxabs
390;2024-01-27 12:05:11.402853;0,6136188507080078;;leaky_relu;;;16;;0,9197836304266009;0,06421937931101798;0,11614741745171571;2607;17222;5194;vanilla;0,13583569400042347;20;25,0;5,0;14,0;;0,022580006863344926;True;4;sgd;minmax
391;2024-01-27 12:12:54.843512;0,5852623581886292;;leaky_relu;;;16;0,3285298019297369;0,49825913848079256;0,061553286002913446;0,18840006194447934;2607;17222;5194;dropout;0,018878239907063825;22;22,0;25,0;;;0,016311807101831236;True;3;sgd;maxabs
392;2024-01-27 12:19:33.617423;0,45949074625968933;;relu;0,8482373325027133;0,24958773363100317;16;;0,47390079086709147;0,08347730722919763;0,265461399648606;2607;17222;5194;vanilla;;16;23,0;;;;;;2;adam;minmax
393;2024-01-27 12:24:01.355382;0,5532407164573669;;leaky_relu;;;16;;0,6041674629689923;0,06580868189160384;0,14461370980578128;2607;17222;5194;batchnorm;0,007710892638431001;14;20,0;;;;0,010482680297294943;True;2;sgd;maxabs
394;2024-01-27 12:30:53.699828;0,6165123581886292;;selu;;;16;;0,7874035485552151;0,04486286305689022;0,09130762119927287;2607;17222;5194;vanilla;0,04162806972039217;24;24,0;;;;;True;2;sgd;minmax
395;2024-01-27 12:37:15.321100;0,593554675579071;;leaky_relu;;;256;;0,6943845055436291;0,07113508922710694;0,17407426531950837;2607;17222;5194;vanilla;0,010520617782511796;15;27,0;;;;0,02020330526087554;True;2;sgd;maxabs
396;2024-01-27 12:39:47.687219;0,6118826866149902;;leaky_relu;;;64;;0,5462469302901305;0,08748417956184845;0,13166172640966892;2607;17222;5194;vanilla;0,022954953061162266;19;21,0;;;;0,01746149092905275;True;2;sgd;minmax
397;2024-01-27 12:43:46.118257;0,6167052388191223;;leaky_relu;;;32;;0,632951380615827;0,048480242078353115;0,22782839345414577;2607;17222;5194;vanilla;0,048629908470271654;16;19,0;;;;0,012647073703195625;True;2;sgd;maxabs
398;2024-01-27 12:49:09.632646;0,6132330298423767;;leaky_relu;;;16;;0,6703765707095252;0,05576794262947658;0,05623285303206139;2607;17222;5194;vanilla;0,012024524119348581;15;22,0;;;;0,014932941713203467;True;2;sgd;minmax
399;2024-01-27 12:55:19.710448;0,6165123581886292;;leaky_relu;;;16;;0,8199035411511708;0,051943887593159564;0,048264943428606516;2607;17222;5194;vanilla;0,0065726511783611545;14;20,0;;;;0,03160690302568987;True;2;sgd;maxabs
400;2024-01-27 13:01:11.685170;0,6192129850387573;;leaky_relu;;;16;;0,7110506011715085;0,05995546762382488;0,11096229762262823;2607;17222;5194;vanilla;0,016362604850285272;23;28,0;;;;0,024854957420098946;True;2;sgd;minmax
401;2024-01-27 13:07:03.283135;0,6163194179534912;;leaky_relu;;;16;;0,8970445253476614;0,06245725559053402;0,312754735496652;2607;17222;5194;vanilla;0,009333251906429389;17;21,0;;;;0,0038104697637941706;False;2;sgd;maxabs
402;2024-01-27 13:13:41.291447;0,6132330298423767;;leaky_relu;;;16;;0,8615906894980428;0,0680510470275084;0,15598725100048383;2607;17222;5194;vanilla;0,013779517172324557;26;22,0;;;;0,022243488241667515;True;2;sgd;maxabs
403;2024-01-27 13:22:55.977644;0,6192129850387573;;leaky_relu;;;16;;0,7441708072727381;0,05012588475525536;0,20554873227807377;2607;17222;5194;vanilla;0,008026106488237233;20;;;;;0,03967504938065044;True;1;sgd;minmax
404;2024-01-27 13:31:15.469234;0,618248462677002;;leaky_relu;;;16;;0,7752403429152629;0,05815825500578757;0,07852073916517585;2607;17222;5194;vanilla;0,0035766781164320925;25;23,0;;;;0,01812126690882173;True;2;sgd;maxabs
405;2024-01-27 13:41:33.866794;0,5841049551963806;;relu;;;16;;0,40121965856759473;0,07348568092057925;0,18119200860917745;2607;17222;5194;vanilla;0,010710694277193495;15;21,0;;;;;True;2;sgd;normalizer
406;2024-01-27 13:47:13.751395;0,6126543283462524;;leaky_relu;;;32;;0,5197259056840223;0,0845789291182861;0,12049313886334695;2607;17222;5194;vanilla;0,012392442619793293;19;24,0;;;;0,03344053724651334;True;2;sgd;minmax
407;2024-01-27 13:52:25.706970;0,6105324029922485;;leaky_relu;;;16;;0,6522627981251923;0,08239665686117692;0,028117201438753597;2607;17222;5194;vanilla;0,17264411400730936;21;22,0;;;;0,016160200637237776;True;2;sgd;maxabs
408;2024-01-27 13:57:49.716450;0,6178626418113708;;leaky_relu;;;16;;0,6825846843356799;0,05480749098563981;0,03652682801702873;2607;17222;5194;vanilla;0,2694748042747018;18;27,0;;;;0,005612630035912471;True;2;sgd;minmax
409;2024-01-27 14:03:51.423657;0,5921875238418579;;leaky_relu;;;128;;0,5874143841788998;0,06418004636723841;0,02205251060203752;2607;17222;5194;vanilla;0,009327920995014007;16;14,0;;;;0,019903012573067404;True;2;sgd;maxabs
410;2024-01-27 14:06:41.793795;0,6197916865348816;;leaky_relu;;;16;;0,6316827350449341;0,052878236465982394;0,14931567122335623;2607;17222;5194;vanilla;0,12191170645281608;24;25,0;;;;0,04449698084206219;True;2;sgd;minmax
411;2024-01-27 14:13:55.714507;0,592968761920929;;leaky_relu;0,5259548542972664;0,31380215214803253;512;;0,9501513108031217;0,046761844598088506;0,10161138675859555;2607;17222;5194;vanilla;;22;21,0;;;;0,01301044855243229;;2;adam;maxabs
412;2024-01-27 14:16:02.089554;0,6194058656692505;;leaky_relu;;;16;;0,883239782161196;0,07665777664590223;0,2524768027529393;2607;17222;5194;vanilla;0,0018861891251742533;14;19,0;;;;0,014499676724101141;True;2;sgd;minmax
413;2024-01-27 14:24:16.951486;0,5835262537002563;;leaky_relu;;;16;0,46958648188584895;0,7282910443703731;0,09106709156390703;0,12632894700206757;2607;17222;5194;dropout;0,00543514019195154;15;29,0;;;;0,028581674423339958;True;2;sgd;maxabs
414;2024-01-27 14:30:58.551313;0,6186342835426331;;leaky_relu;;;16;;0,6124982552556621;0,06130354553156492;0,1698510692927228;2607;17222;5194;vanilla;0,03330217488562462;25;20,0;;;;0,01012306110093448;True;2;sgd;minmax
415;2024-01-27 14:40:12.456924;0,5933641791343689;;selu;;;16;;0,16683963497606918;0,06651572868211746;0,2037855628180523;2607;17222;5194;batchnorm;0,007061781012809895;17;23,0;;;;;True;2;sgd;maxabs
416;2024-01-27 14:47:01.359462;0,6176697611808777;;leaky_relu;;;32;;0,7044765076285758;0,09676715945693007;0,434565748210634;2607;17222;5194;vanilla;0,015551913786254154;12;22,0;;;;0,019143319259013133;True;2;sgd;minmax
417;2024-01-27 14:51:40.631569;0,6147762537002563;;leaky_relu;;;16;;0,4892512226819356;0,05691279978253698;0,08476663116688138;2607;17222;5194;vanilla;0,07645585180892617;16;28,0;;;;0,02232421891021858;True;2;sgd;maxabs
418;2024-01-27 14:57:17.093885;0,620563268661499;;relu;;;16;;0,3833230707331917;0,09935713752132676;0,14243581682628276;2607;17222;5194;vanilla;0,024146027790053093;3;21,0;8,0;;;;True;3;sgd;minmax
419;2024-01-27 15:06:52.870295;0,6153549551963806;;leaky_relu;;;16;;0,9681897819337799;0,04901038463301104;0,11167442895694903;2607;17222;5194;vanilla;0,008368083459969831;21;24,0;;;;0,016654249036474868;True;2;sgd;maxabs
420;2024-01-27 15:12:33.655694;0,6184413433074951;;leaky_relu;;;16;;0,45162602903766264;0,0696833335110005;0,18207589783919986;2607;17222;5194;vanilla;0,06633230217137366;20;;;;;0,011501994146517005;True;1;sgd;minmax
421;2024-01-27 15:19:16.490968;0,591601550579071;;leaky_relu;;;256;;0,46794271239753077;0,06333642051309524;0,06486880045975178;2607;17222;5194;vanilla;0,010707258753197718;15;20,0;;;;0,02099480594483258;False;2;sgd;maxabs
422;2024-01-27 15:21:41.165576;0,6157407164573669;;leaky_relu;;;16;;0,6588943137659176;0,051310639349355876;0,2999762280193057;2607;17222;5194;vanilla;0,3723525628995434;23;23,0;;;;0,023738982657160873;True;2;sgd;minmax
423;2024-01-27 15:32:03.849859;0,6132330298423767;;leaky_relu;;;64;;0,8484415003539041;0,05976948184148211;0,163269729966861;2607;17222;5194;vanilla;0,10042696165980051;13;25,0;;;;0,03537725369269691;True;2;sgd;maxabs
424;2024-01-27 15:35:30.448408;0,6213348507881165;;leaky_relu;;;16;;0,29513814233327795;0,054628199027360935;0,09471454440596283;2607;17222;5194;vanilla;0,01259698197830813;18;22,0;;;;0,014805652126254504;True;2;sgd;minmax
425;2024-01-27 15:44:25.033235;0,6211419701576233;;leaky_relu;;;16;;0,5711839711900755;0,06478881722373502;0,23182648942095732;2607;17222;5194;vanilla;0,019149229803114783;16;21,0;;;;0,017398675307315373;True;2;sgd;maxabs
426;2024-01-27 15:53:12.221135;0,6197916865348816;;leaky_relu;;;16;;0,9152242065626339;0,043879574567282226;0,12981690045631822;2607;17222;5194;vanilla;0,03836359766767948;22;20,0;;;;0,02569490895501139;True;2;sgd;minmax
427;2024-01-27 15:59:41.587854;0,6194058656692505;;leaky_relu;;;16;;0,8325189292072728;0,09081930544018907;0,14836007889296654;2607;17222;5194;vanilla;0,009780091598753347;27;19,0;;;;0,019091981313715055;True;2;sgd;maxabs
428;2024-01-27 16:11:57.976017;0,5850694179534912;;leaky_relu;;;32;;0,8094339072596975;0,05782406654640089;0,11310588033846262;2607;17222;5194;vanilla;0,006197739882143838;7;24,0;;;;0,012852917046849509;True;2;sgd;normalizer
429;2024-01-27 16:17:45.297834;0,6153549551963806;;leaky_relu;;;16;;0,7602435142872402;0,06174842938670148;0,19990609866120085;2607;17222;5194;vanilla;0,013972054258952184;14;27,0;;;;0,007777442928189171;True;2;sgd;minmax
430;2024-01-27 16:23:46.247209;0,5920138955116272;;relu;0,10107663590259741;0,4331288603955081;16;;0,6822568503143687;0,07953340489758653;0,0406002911143207;2607;17222;5194;vanilla;;24;23,0;;;;;;2;adam;maxabs
431;2024-01-27 16:28:26.262810;0,6145833134651184;;leaky_relu;;;16;;0,6438023925197027;0,052914427761438856;0,0729471807946329;2607;17222;5194;vanilla;0,05345692877661014;15;21,0;;;;0,015827949560739865;True;2;sgd;maxabs
432;2024-01-27 16:34:33.780200;0,6222993731498718;;leaky_relu;;;16;;0,8781293166001507;0,0684577531668205;0,26442887523835795;2607;17222;5194;vanilla;0,007553746457196674;17;22,0;;;;0,021042321341071448;True;2;sgd;minmax
433;2024-01-27 16:41:53.040337;0,6095678806304932;;leaky_relu;;;16;;0,4323078970798396;0,035018656409214616;0,38499186265572566;2607;17222;5194;vanilla;0,010894980013811931;19;20,0;;;;0,06516144047346686;True;2;sgd;maxabs
434;2024-01-27 16:47:19.644390;0,6132330298423767;;leaky_relu;;;16;;0,6633685540975204;0,08636393276429034;0,16793411222048066;2607;17222;5194;vanilla;0,0090926870412033;22;4,0;;;;0,018448841645755398;True;2;sgd;minmax
435;2024-01-27 16:53:39.158466;0,583203136920929;;leaky_relu;;;128;0,19921422533707459;0,5969837202371784;0,08770674615653594;0,5268867523994085;2607;17222;5194;dropout;0,02682340849567885;26;13,0;;;;0,013981020546030896;True;2;sgd;maxabs
436;2024-01-27 16:56:28.268469;0,6174768805503845;;leaky_relu;;;16;;0,7063792496385398;0,055591778112380495;0,13056881401165757;2607;17222;5194;vanilla;0,011901481077067547;15;21,0;;;;0,031488568514730204;True;2;sgd;minmax
437;2024-01-27 17:02:13.751873;0,5852623581886292;;leaky_relu;;;32;;0,7377515981547828;0,06594482352810133;0,19265492644482582;2607;17222;5194;batchnorm;0,0163127483642178;20;22,0;;;;0,02330697138405315;True;2;sgd;maxabs
438;2024-01-27 17:06:27.430904;0,6151620149612427;;selu;;;16;;0,6214638910899848;0,0482805335178898;0,23326890765906222;2607;17222;5194;vanilla;0,0010623326066500057;14;;;;;;True;1;sgd;minmax
439;2024-01-27 17:11:50.146403;0,6184413433074951;;leaky_relu;;;16;;0,5003663557361694;0,04045477968276743;0,09783362126145015;2607;17222;5194;vanilla;0,008217304395201592;24;24,0;;;;0,008929438041755462;True;2;sgd;maxabs
440;2024-01-27 17:18:11.956071;0,4593749940395355;;leaky_relu;;;512;;0,5439231491769665;0,05921288323019022;0,016932497582014323;2607;17222;5194;vanilla;0,04606278737415126;16;27,0;;;;0,016827337399061098;True;2;sgd;minmax
441;2024-01-27 17:19:56.190545;0,6155478358268738;;leaky_relu;;;16;;0,9002625751003283;0,05042477497669044;0,14815900756748956;2607;17222;5194;vanilla;0,009863223259985033;23;26,0;;;;0,011746646238831837;True;2;sgd;maxabs
442;2024-01-27 17:26:27.178865;0,6170910596847534;;leaky_relu;;;16;;0,6909159854807785;0,06258878688516542;0,025629697792508704;2607;17222;5194;vanilla;0,004926735870667256;13;23,0;;;;0,02768782473422999;True;2;sgd;minmax
443;2024-01-27 17:35:03.531119;0,5895061492919922;;relu;;;16;;0,8577467289091013;0,08105228626088498;0,6212703968275195;2607;17222;5194;vanilla;0,013724867953232396;19;25,0;;;;;False;2;sgd;maxabs
444;2024-01-27 17:40:36.483553;0,6155478358268738;;leaky_relu;;;16;;0,6649050806810635;0,07393019946718868;0,11336561669431046;2607;17222;5194;vanilla;0,08625772631260913;21;21,0;;;;0,019843909715399646;True;2;sgd;minmax
445;2024-01-27 17:46:23.907607;0,6290509104728699;0,584963559647104;leaky_relu;;;16;;0,7813239907118875;0,04579945114342168;0,16211219317887682;2607;17222;5194;vanilla;0,010940519198096705;25;20,0;;;;0,015171380519489231;True;2;sgd;maxabs
446;2024-01-27 17:57:17.925646;0,6215277910232544;;leaky_relu;;;32;;0,7257851119510526;0,046160522294820296;0,21381714319429562;2607;17222;5194;vanilla;0,011992697259565185;25;19,0;16,0;;;0,015443103879018384;True;3;sgd;minmax
447;2024-01-27 18:02:32.955754;0,6178626418113708;;leaky_relu;;;16;;0,8414277930198172;0,04646860095809689;0,17647037739324328;2607;17222;5194;vanilla;0,010555918684891424;25;20,0;;;;0,01775684822377388;True;2;sgd;maxabs
448;2024-01-27 18:08:37.377321;0,6188271641731262;;leaky_relu;;;16;;0,7946502624646348;0,04304943273368909;0,16009829061331357;2607;17222;5194;vanilla;0,01441151713418438;25;20,0;;;;0,025268859109272027;True;2;sgd;maxabs
449;2024-01-27 18:14:38.560249;0,5162109136581421;;leaky_relu;0,14760306617406738;0,5418688661917418;256;;0,7765084942756459;0,04480598985432104;0,2872166134052785;2607;17222;5194;vanilla;;26;19,0;;;;0,022311029782606497;;2;adam;normalizer
450;2024-01-27 18:16:46.120285;0,5914351940155029;;leaky_relu;;;16;;0,7580648969255922;0,013141020506445215;0,7638938963485662;2607;17222;5194;vanilla;0,009326591734793057;24;21,0;3,0;20,0;20,0;0,02027227941054972;True;5;sgd;minmax
451;2024-01-27 18:23:03.622253;0,6199845671653748;;leaky_relu;;;16;;0,8140791508867837;0,05210794253858188;0,18418975480965122;2607;17222;5194;vanilla;0,01996910715190842;11;18,0;;;;0,015608110609215253;True;2;sgd;maxabs
452;2024-01-27 18:31:50.910164;0,604938268661499;;leaky_relu;;;64;;0,13722995122717357;0,048435097583725974;0,14171273456840414;2607;17222;5194;vanilla;0,8777377798267676;26;20,0;;;;0,03797560096560312;True;2;sgd;minmax
453;2024-01-27 18:34:11.255840;0,6174768805503845;;leaky_relu;;;16;;0,5208400609511473;0,05029397280430853;0,2131196325736549;2607;17222;5194;vanilla;0,1606624894555412;18;20,0;;;;0,018856726084060114;True;2;sgd;maxabs
454;2024-01-27 18:40:37.496787;0,6197916865348816;;leaky_relu;;;16;;0,7885523828009133;0,027840161141210802;0,2464186380110463;2607;17222;5194;vanilla;0,012377170107446708;25;22,0;;;;0,013673570356032639;True;2;sgd;minmax
455;2024-01-27 18:48:53.097241;0,6180555820465088;;leaky_relu;;;16;;0,7138295821852841;0,03915975779027247;0,3489431472370485;2607;17222;5194;vanilla;0,010873935295709193;24;21,0;;;;0,017316210953438806;True;2;sgd;maxabs
456;2024-01-27 18:56:35.245295;0,6188271641731262;;relu;;;16;;0,4861749585043661;0,041559173642891634;0,15825658526741684;2607;17222;5194;vanilla;0,0614543028858327;17;21,0;;;;;True;2;sgd;minmax
457;2024-01-27 19:03:02.107433;0,6168981194496155;;leaky_relu;;;32;;0,8649755880243237;0,07594028398649011;0,12759359257120353;2607;17222;5194;vanilla;0,031130071626117927;20;19,0;;;;0,03620109697004881;True;2;sgd;maxabs
458;2024-01-27 19:07:51.386856;0,5715663433074951;;leaky_relu;;;16;0,2783619468802941;0,7463990761443757;0,05640552012413622;0,1929600503890971;2607;17222;5194;dropout;0,0013662384134915729;23;22,0;;;;0,09650427879675007;True;2;sgd;minmax
459;2024-01-27 19:12:20.347826;0,576196014881134;;leaky_relu;;;16;;0,6795971122930282;0,05440887135529188;0,16970453091578602;2607;17222;5194;batchnorm;0,00856559285317839;27;20,0;;;;0,012025855542920072;True;2;sgd;maxabs
460;2024-01-27 19:17:04.070533;0,6180555820465088;;selu;;;16;;0,7702233489254049;0,07105709632077178;0,14572465290795733;2607;17222;5194;vanilla;0,016875018697774573;16;21,0;;;;;True;2;sgd;minmax
461;2024-01-27 19:24:25.854237;0,6178626418113708;;leaky_relu;;;16;;0,4594882402156482;0,04686226328013238;0,03546552430479614;2607;17222;5194;vanilla;0,00994339411709363;21;28,0;;;;0,029086524093032237;True;2;sgd;maxabs
462;2024-01-27 19:32:05.320897;0,6195987462997437;;leaky_relu;;;16;;0,9315498055400933;0,05339639103348574;0,06495613498359598;2607;17222;5194;vanilla;0,013252019644659704;23;;;;;0,021730482527095106;False;1;sgd;minmax
463;2024-01-27 19:38:35.006631;0,599804699420929;;leaky_relu;;;128;;0,6451439495886448;0,04871599712883077;0,23542356380374016;2607;17222;5194;vanilla;0,007359619133759153;22;19,0;;;;0,03376178033318035;True;2;sgd;maxabs
464;2024-01-27 19:41:21.815718;0,6176697611808777;;leaky_relu;;;16;;0,8820444395930782;0,05158074040111315;0,13007401213051611;2607;17222;5194;vanilla;0,011368806404263068;19;16,0;;;;0,0497795795627479;True;2;sgd;minmax
465;2024-01-27 19:48:12.914158;0,6163194179534912;;leaky_relu;;;16;;0,7012569958042465;0,05772009015283415;0,19307667362401737;2607;17222;5194;vanilla;0,009153790176885076;18;20,0;;;;0,010302803147181554;True;2;sgd;maxabs
466;2024-01-27 19:54:52.500565;0,5859375;;leaky_relu;;;512;;0,8282711101222326;0,06727488918825647;0,057803580938292326;2607;17222;5194;vanilla;0,021431707838647684;17;15,0;;;;0,015329511732046636;True;2;sgd;minmax
467;2024-01-27 19:56:44.991031;0,6170910596847534;;leaky_relu;;;16;;0,7273917015766959;0,06032965335936254;0,08343837395412981;2607;17222;5194;vanilla;0,03646629533273079;24;21,0;;;;0,005924908946052241;True;2;sgd;maxabs
468;2024-01-27 20:02:58.804539;0,5951002836227417;;leaky_relu;;;32;;0,6677350397143573;0,044715841833029187;0,002602964633451491;2607;17222;5194;vanilla;0,13779306761550988;10;30,0;;;;0,02662492112586356;True;2;sgd;minmax
469;2024-01-27 20:08:11.643178;0,45949074625968933;;relu;0,03600437658719874;0,4623790714193179;16;;0,982869808652251;0,06527924386988414;0,16085848019311466;2607;17222;5194;vanilla;;16;22,0;;;;;;2;adam;maxabs
470;2024-01-27 20:13:04.460608;0,45949074625968933;;leaky_relu;;;16;;0,5094044812699243;0,0503524107095901;0,006002183464571916;2607;17222;5194;vanilla;0,014763205090214705;25;22,0;;;;0,02395189434803942;True;2;sgd;normalizer
471;2024-01-27 20:17:33.308953;0,6184413433074951;;leaky_relu;;;16;;0,6285738621944579;0,04278056603386618;0,27132167031738563;2607;17222;5194;vanilla;0,011363814374353678;26;21,0;;;;0,018017230256659654;True;2;sgd;minmax
472;2024-01-27 20:25:32.357827;0,6188271641731262;;leaky_relu;;;16;;0,5321811393759289;0,08531944332808661;0,2189390904221238;2607;17222;5194;vanilla;0,19606927648023365;20;20,0;;;;0,0202817570566343;True;2;sgd;maxabs
473;2024-01-27 20:32:12.963963;0,6170910596847534;;leaky_relu;;;16;;0,8007271046816884;0,05374991158254145;0,12017538997061247;2607;17222;5194;vanilla;0,008224515484089975;15;23,0;;;;0,013608114173813985;True;2;sgd;minmax
474;2024-01-27 20:38:25.859207;0,6153549551963806;;leaky_relu;;;16;;0,9123683488484442;0,09149269160649001;0,14451453622928462;2607;17222;5194;vanilla;0,07047957802133836;18;22,0;;;;0,016548008652629974;True;2;sgd;maxabs
475;2024-01-27 20:44:37.889058;0,618248462677002;;leaky_relu;;;16;;0,6881647372701136;0,06906954132995716;0,1812981211970655;2607;17222;5194;vanilla;0,017490781109780466;21;20,0;;;;0,019001368765236785;True;2;sgd;minmax
476;2024-01-27 20:51:16.090380;0,6057098507881165;;leaky_relu;;;16;;0,6497064071160482;0,055903909678205604;0,323386940228974;2607;17222;5194;vanilla;0,09728047246878034;16;28,0;12,0;;;0,011539563199901022;True;3;sgd;maxabs
477;2024-01-27 20:57:21.592961;0,589062511920929;;leaky_relu;;;256;;0,8690387422282723;0,07229612871232571;0,051735301730177534;2607;17222;5194;vanilla;0,010029258250164088;24;21,0;25,0;7,0;;0,015152910120771758;True;4;sgd;maxabs
478;2024-01-27 21:00:00.213769;0,6163194179534912;;leaky_relu;;;32;;0,8943771164090657;0,0592679536660954;0,10470684325137343;2607;17222;5194;vanilla;0,012648930598410414;22;27,0;;;;0,040503628560825004;True;2;sgd;minmax
479;2024-01-27 21:03:58.490148;0,6097608208656311;;leaky_relu;;;16;;0,4384654700437382;0,06393040244566107;0,017763969396659907;2607;17222;5194;vanilla;0,007474385255244989;19;23,0;;;;0,04456499782952318;True;2;sgd;maxabs
480;2024-01-27 21:10:37.699515;0,5744598507881165;;leaky_relu;;;16;0,2602417687076531;0,5555439307777306;0,051851568462982806;0,16636892309379042;2607;17222;5194;dropout;0,2109998350531102;17;21,0;;;;0,022335734973426963;True;2;sgd;minmax
481;2024-01-27 21:15:12.804265;0,5885416865348816;;leaky_relu;;;64;;0,7569935181828836;0,047706440951253294;0,1364275028416605;2607;17222;5194;batchnorm;0,11928709958840895;25;18,0;;;;0,017242686672021983;True;2;sgd;maxabs
482;2024-01-27 21:17:35.074325;0,6188271641731262;;relu;;;16;;0,8455786589991872;0,09338690590080273;0,20230758258078102;2607;17222;5194;vanilla;0,23585446729621942;20;17,0;;;;;True;2;sgd;minmax
483;2024-01-27 21:24:50.585002;0,6194058656692505;;selu;;;16;;0,7131284024652509;0,06108455625023932;0,24915295123911457;2607;17222;5194;vanilla;0,0026783817867434933;15;;;;;;False;1;sgd;maxabs
484;2024-01-27 21:31:10.330434;0,5964506268501282;;leaky_relu;;;16;;0,3727892071604584;0,03677538934102639;0,0014017199409305588;2607;17222;5194;vanilla;0,008923405108043713;22;29,0;;;;0,00931368654714977;True;2;sgd;minmax
485;2024-01-27 21:41:46.378647;0,6157407164573669;;leaky_relu;;;16;;0,6741675082893417;0,07868920227299812;0,043442001892106646;2607;17222;5194;vanilla;0,025859530047097068;15;22,0;;;;0,020596027630330443;True;2;sgd;maxabs
486;2024-01-27 21:48:27.028821;0,6155478358268738;;leaky_relu;;;16;;0,41948641295017014;0,039043756155223985;0,026534304851643896;2607;17222;5194;vanilla;0,010927975255204975;16;19,0;;;;0,013289374120025722;True;2;sgd;minmax
487;2024-01-27 21:55:59.939515;0,616126537322998;;leaky_relu;;;32;;0,4605501559946093;0,057308013816665886;0,12000843228373936;2607;17222;5194;vanilla;0,051139876700246376;23;22,0;;;;0,024928251029993374;True;2;sgd;maxabs
488;2024-01-27 22:00:04.971465;0,6180555820465088;;leaky_relu;;;16;;0,639534403208073;0,04898121344774643;0,16917881851695696;2607;17222;5194;vanilla;0,013620530716678703;24;20,0;;;;0,015518700281179482;True;2;sgd;minmax
489;2024-01-27 22:06:32.068758;0,6186342835426331;;leaky_relu;;;16;;0,6602856592961859;0,08966511978144193;0,09529906610776684;2607;17222;5194;vanilla;0,015365457942704913;21;23,0;;;;0,04763709735193312;True;2;sgd;maxabs
490;2024-01-27 22:12:49.357180;0,6082175970077515;;leaky_relu;0,18835264553759495;0,1788486699655063;16;;0,6949749305086431;0,06706316882205522;0,003516073541617352;2607;17222;5194;vanilla;;26;21,0;;;;0,0188700493515958;;2;adam;minmax
491;2024-01-27 22:20:03.317640;0,585156261920929;;leaky_relu;;;128;;0,47374907099438474;0,045986934524688265;0,149305466356445;2607;17222;5194;vanilla;0,006402499290616026;26;21,0;;;;0,03190706898312671;True;2;sgd;maxabs
492;2024-01-27 22:22:35.426181;0,6163194179534912;;leaky_relu;;;16;;0,7306883676356134;0,053813622962341455;0,2185672614824979;2607;17222;5194;vanilla;0,009897229231423383;25;20,0;;;;0,023129158891273142;True;2;sgd;minmax
493;2024-01-27 22:31:27.829782;0,4593749940395355;;leaky_relu;;;512;;0,8180285842878774;0,06194213113451369;0,0074495079248566584;2607;17222;5194;vanilla;0,3264377148429312;17;19,0;;;;0,01710156537283644;True;2;sgd;maxabs
494;2024-01-27 22:33:06.436045;0,45949074625968933;;relu;;;16;;0,9966455856848035;0,0756245000848903;0,13128842677151634;2607;17222;5194;vanilla;0,9866109906438811;15;22,0;;;;;True;2;sgd;minmax
495;2024-01-27 22:37:53.653348;0,5883487462997437;;leaky_relu;;;16;;0,6218884668955298;0,08284403280963445;0,18901112949053286;2607;17222;5194;vanilla;0,012211719245555778;16;24,0;;;;0,01356485236243989;True;2;sgd;normalizer
496;2024-01-27 22:44:43.812511;0,6122685074806213;;leaky_relu;;;16;;0,3563942731342986;0,06381153638417282;0,045916513416338275;2607;17222;5194;vanilla;0,042416035599659424;19;;;;;0,02974124309922966;True;1;sgd;maxabs
497;2024-01-27 22:50:48.629718;0,6128472089767456;;leaky_relu;;;16;;0,8794253448851537;0,05555163633801194;0,2796941301667429;2607;17222;5194;vanilla;0,008635108173739688;20;28,0;;;;0,020700296343584747;True;2;sgd;minmax
498;2024-01-27 22:57:16.305205;0,6082175970077515;;leaky_relu;;;32;;0,779400737388637;0,059112837525190164;0,011824915127273855;2607;17222;5194;vanilla;0,16773399794316682;18;26,0;;;;0,02711535697527534;True;2;sgd;maxabs
499;2024-01-27 23:02:07.649245;0,6232638955116272;;leaky_relu;;;16;;0,5893954440785188;0,05132264108270213;0,08614947594295505;2607;17222;5194;vanilla;0,02903329091785068;23;21,0;;;;0,06678340472547159;True;2;sgd;minmax
500;2024-01-27 23:11:56.376468;0,609375;;leaky_relu;;;16;;0,5958530717689275;0,05021332451441593;0,41474068145623505;2607;17222;5194;vanilla;0,03447665027217043;23;23,0;;;;0,050158863386889935;True;2;sgd;maxabs
501;2024-01-27 23:19:16.139502;0,6174768805503845;;leaky_relu;;;16;;0,0919100640736879;0,05201544989564062;0,07712623130441701;2607;17222;5194;vanilla;0,020097891767819343;24;20,0;;;;0,06696607140041408;True;2;sgd;minmax
502;2024-01-27 23:26:06.788242;0,5931712985038757;;leaky_relu;;;16;;0,8330923013048206;0,04965985808406585;0,0018887941581933675;2607;17222;5194;vanilla;0,03029047911625772;23;21,0;;;;0,06017287933888656;True;2;sgd;maxabs
503;2024-01-27 23:34:05.392198;0,5831404328346252;;leaky_relu;;;16;0,1669718219706939;0,5830426041416406;0,04755911071218973;0,08703133182438763;2607;17222;5194;dropout;0,028024212382553225;24;27,0;20,0;;;0,06584302199921971;False;3;sgd;minmax
504;2024-01-27 23:38:41.840203;0,6045524477958679;;selu;;;16;;0,9452598530113889;0,051720448752879206;0,10642284021665444;2607;17222;5194;batchnorm;0,02366160892099908;24;22,0;;;;;True;2;sgd;maxabs
505;2024-01-27 23:43:22.072284;0,599414050579071;;leaky_relu;;;256;;0,9262452828332017;0,044789170647610774;0,06825348208495768;2607;17222;5194;vanilla;0,024791195576637625;23;13,0;;;;0,021715735818483815;True;2;sgd;minmax
506;2024-01-27 23:45:31.450915;0,6180555820465088;;leaky_relu;;;16;;0,5722301189838901;0,0656757505746117;0,1571200061570293;2607;17222;5194;vanilla;0,017671091416077943;25;19,0;;;;0,02464088499863515;True;2;sgd;maxabs
507;2024-01-27 23:53:09.902241;0,6149691343307495;;relu;;;16;;0,556789017109073;0,05320893509964081;0,022819643083769707;2607;17222;5194;vanilla;0,0874544680840314;15;21,0;;;;;True;2;sgd;minmax
508;2024-01-28 00:01:07.828929;0,613811731338501;;leaky_relu;0,08848464288265812;0,3248582098686442;64;;0,891202462088141;0,08705747227561043;0,011174389864940673;2607;17222;5194;vanilla;;14;20,0;;;;0,05642185035678342;;2;adam;maxabs
509;2024-01-28 00:03:38.050638;0,6176697611808777;;leaky_relu;;;32;;0,7475403947884512;0,06945355677200224;0,21397428941531732;2607;17222;5194;vanilla;0,03171184520507215;17;23,0;;;;0,0701491596783982;True;2;sgd;minmax
510;2024-01-28 00:07:29.778191;0,6147762537002563;;leaky_relu;;;16;;0,8551545778993086;0,04904574887355329;0,029667766092890728;2607;17222;5194;vanilla;0,04863337398268804;24;24,0;;;;0,07509140310106441;True;2;sgd;maxabs
511;2024-01-28 00:13:28.842026;0,6184413433074951;;leaky_relu;;;16;;0,6980671332398687;0,05076260474414775;0,18002317348802216;2607;17222;5194;vanilla;0,059303652285798474;23;16,0;;;;0,0412098333897938;True;2;sgd;minmax
512;2024-01-28 00:22:42.744171;0,6178626418113708;;leaky_relu;;;16;;0,6510048561785429;0,08089840718188766;0,13239390990702427;2607;17222;5194;vanilla;0,011057380423373805;9;15,0;;;;0,0528767821945362;True;2;sgd;maxabs
513;2024-01-28 00:30:15.729849;0,602623462677002;;leaky_relu;;;16;;0,6728978248657466;0,08467964538910087;0,003351801769253786;2607;17222;5194;vanilla;0,014226732527090518;16;20,0;;;;0,05993342850351175;True;2;sgd;minmax
514;2024-01-28 00:38:51.275989;0,6141975522041321;;leaky_relu;;;16;;0,9046075864221228;0,0980764497863955;0,09225455978765827;2607;17222;5194;vanilla;0,012467038385621248;16;21,0;;;;0,03669834451962566;True;2;sgd;maxabs
515;2024-01-28 00:44:36.937372;0,6155478358268738;;leaky_relu;;;16;;0,6089016126409981;0,0629767243178666;0,24050328477636243;2607;17222;5194;vanilla;0,037799024688535944;15;22,0;;;;0,08081773378075797;True;2;sgd;minmax
516;2024-01-28 00:51:52.288065;0,5895061492919922;;leaky_relu;;;16;;0,4901484610664838;0,07444981935910225;0,11304346131239457;2607;17222;5194;vanilla;0,4119614030949367;24;26,0;;;;0,05106820137851239;True;2;sgd;normalizer
517;2024-01-28 00:59:35.776365;0,6201774477958679;;leaky_relu;;;32;;0,7326223108036998;0,07128227583814029;0,31760553640952194;2607;17222;5194;vanilla;0,007322414670686949;27;22,0;;;;0,018769468218682202;True;2;sgd;maxabs
518;2024-01-28 01:04:31.606115;0,6184413433074951;;leaky_relu;;;16;;0,8647096722616701;0,053967802550370224;0,1437903157901808;2607;17222;5194;vanilla;0,04172137709109817;23;29,0;;;;0,042108983683584594;True;2;sgd;minmax
519;2024-01-28 01:10:59.050192;0,588671863079071;;relu;;;128;;0,967815142603222;0,09518659572368487;0,19371743028703167;2607;17222;5194;vanilla;0,010246359392476328;22;21,0;;;;;True;2;sgd;maxabs
520;2024-01-28 01:13:30.183883;0,6064814925193787;;leaky_relu;;;16;;0,7975120392067245;0,0474175113832421;0,006262162425622535;2607;17222;5194;vanilla;0,10954366214894033;18;;;;;0,016646201169068526;True;1;sgd;minmax
521;2024-01-28 01:21:30.267342;0,6145833134651184;;leaky_relu;;;16;;0,32474354828721563;0,065519221157093;0,1629452651904277;2607;17222;5194;vanilla;0,08014431237681596;14;23,0;;;;0,034609331379402836;True;2;sgd;maxabs
522;2024-01-28 01:27:44.860956;0,5865234136581421;;leaky_relu;;;512;;0,5278579308853247;0,07798662317511;0,1216249987226139;2607;17222;5194;vanilla;0,01566811040710959;19;28,0;;;;0,054145331785986156;True;2;sgd;minmax
523;2024-01-28 01:29:44.917140;0,6145833134651184;;leaky_relu;;;16;;0,7119595157072398;0,0325365760560905;0,0794186985456008;2607;17222;5194;vanilla;0,028273570658716794;25;20,0;;;;0,04612786225092984;False;2;sgd;maxabs
524;2024-01-28 01:35:23.849587;0,613811731338501;;leaky_relu;;;16;;0,5091818031492478;0,0677042631778911;0,10221410233122896;2607;17222;5194;vanilla;0,021449352037477797;15;21,0;;;;0,05813219121176762;True;2;sgd;minmax
525;2024-01-28 01:42:27.977720;0,5765817761421204;;leaky_relu;;;16;0,5357661221636694;0,40933509937182;0,014774909330804761;0,14872988462533154;2607;17222;5194;dropout;0,008039735783531456;17;24,0;;;;0,019499092291359908;True;2;sgd;maxabs
526;2024-01-28 01:48:12.300979;0,620563268661499;;selu;;;16;;0,6884235296810673;0,0609857567660544;0,25654963993817487;2607;17222;5194;vanilla;0,1447855348740096;16;27,0;;;;;True;2;sgd;minmax
527;2024-01-28 01:54:24.187090;0,6134259104728699;;leaky_relu;;;16;;0,6406882542891503;0,0520917820776565;0,030681788923405097;2607;17222;5194;vanilla;0,011706271251133285;12;19,0;6,0;;;0,05371137290915169;True;3;sgd;maxabs
528;2024-01-28 02:01:11.665767;0,45949074625968933;;leaky_relu;0,6543774998074429;0,02428927451887347;32;;0,6718729846761415;0,055359132698301346;0,18707020123045004;2607;17222;5194;batchnorm;;22;22,0;;;;0,0580187646532066;;2;adam;maxabs
529;2024-01-28 02:04:24.310738;0,6184413433074951;;leaky_relu;;;16;;0,28303930161107865;0,04128218580571045;0,21020326844681644;2607;17222;5194;vanilla;0,009908371831340412;25;20,0;;;;0,015823050363479564;True;2;sgd;minmax
530;2024-01-28 02:10:37.365747;0,6172839403152466;;leaky_relu;;;16;;0,7560473265416826;0,06400357972945028;0,03458136195789752;2607;17222;5194;vanilla;0,1733699262311078;21;23,0;;;;0,06254858810644062;True;2;sgd;maxabs
531;2024-01-28 02:16:22.777971;0,6184413433074951;;leaky_relu;;;16;;0,7743033909385774;0,045976263091209175;0,17070802799799178;2607;17222;5194;vanilla;0,005612892143330247;14;25,0;;;;0,061504385334600745;True;2;sgd;minmax
532;2024-01-28 02:23:12.424563;0,6039737462997437;;relu;;;16;;0,8401862587310176;0,09289948858410566;0,2895908502890305;2607;17222;5194;vanilla;0,4830269452427115;15;21,0;;;;;True;2;sgd;maxabs
533;2024-01-28 02:31:50.240443;0,6083984375;;leaky_relu;;;256;;0,18752939624526138;0,04961903372502735;0,8823618782140674;2607;17222;5194;vanilla;0,01345834458353042;18;20,0;;;;0,07311964853615809;True;2;sgd;minmax
534;2024-01-28 02:34:00.781996;0,616126537322998;;leaky_relu;;;16;;0,6300327124591616;0,04324645514088621;0,1308495461836847;2607;17222;5194;vanilla;0,009114119883883312;23;21,0;;;;0,022919896061700563;True;2;sgd;maxabs
535;2024-01-28 02:40:02.108277;0,5987654328346252;;leaky_relu;;;64;;0,8749756100234989;0,006076940638690159;0,3641045927032687;2607;17222;5194;vanilla;0,018795370861948397;24;22,0;;;;0,044704959685520296;True;2;sgd;minmax
536;2024-01-28 02:42:26.008258;0,6076388955116272;;leaky_relu;;;16;;0,6001462950276693;0,05815593468021905;0,0050566363411071675;2607;17222;5194;vanilla;0,006719964307533976;16;11,0;;;;0,01818224882343734;True;2;sgd;maxabs
537;2024-01-28 02:51:51.271622;0,5850694179534912;;leaky_relu;;;16;;0,8141021155618788;0,08869409015478494;0,015498081520469508;2607;17222;5194;vanilla;0,03407790435162093;20;24,0;;;;0,05560416023111915;True;2;sgd;normalizer
538;2024-01-28 03:02:37.755509;0,6151620149612427;;leaky_relu;;;16;;0,44056107933168653;0,06031423674278733;0,05286337626763508;2607;17222;5194;vanilla;0,008487094497324824;15;26,0;;;;0,03934748062618944;True;2;sgd;minmax
539;2024-01-28 03:08:24.587949;0,6209490895271301;;leaky_relu;;;32;;0,6608878783303845;0,05278203488962044;0,1469472660421113;2607;17222;5194;vanilla;0,5761205433387566;19;18,0;;;;0,03006779157240491;True;2;sgd;maxabs
540;2024-01-28 03:13:44.329480;0,6159336566925049;;leaky_relu;;;16;;0,5359012057415443;0,0953472960454434;0,014821303804343346;2607;17222;5194;vanilla;0,32873834044196615;17;12,0;;;;0,004409566645121325;True;2;sgd;minmax
541;2024-01-28 03:20:22.902173;0,6151620149612427;;leaky_relu;;;16;;0,7145851717045186;0,06324049985491297;0,025261967824769978;2607;17222;5194;vanilla;0,2815668462408322;25;;;;;0,046518266617165446;True;1;sgd;maxabs
542;2024-01-28 03:25:56.056602;0,6076388955116272;;leaky_relu;;;16;;0,5790066878177016;0,06996325752793627;0,5081813904846295;2607;17222;5194;vanilla;0,011549254191197553;14;23,0;;;;0,014280506748781027;True;2;sgd;minmax
543;2024-01-28 03:32:32.441977;0,6165123581886292;;leaky_relu;;;16;;0,9228861829039009;0,06595010423525682;0,06215415968612606;2607;17222;5194;vanilla;0,022874911084559624;21;27,0;;;;0,011484886593299201;False;2;sgd;maxabs
544;2024-01-28 03:38:20.154465;0,6064814925193787;;relu;;;16;;0,6863088026054581;0,05054573960979758;0,08942743159273601;2607;17222;5194;vanilla;0,014744020094565952;4;8,0;;;;;True;2;sgd;minmax
545;2024-01-28 03:44:05.608889;0,6140046119689941;;leaky_relu;;;16;;0,8557421149270961;0,056525874246994734;0,22794408252674295;2607;17222;5194;vanilla;0,010341791559831278;16;20,0;;;;0,021244416343776256;True;2;sgd;maxabs
546;2024-01-28 03:50:17.737120;0,5894531011581421;;leaky_relu;0,5800229028097156;0,7950190874789556;128;;0,9012671049765155;0,07326771489363815;0,10782441992839702;2607;17222;5194;vanilla;;15;21,0;;;;0,039058122528855356;;2;adam;minmax
547;2024-01-28 03:52:37.951734;0,582561731338501;;leaky_relu;;;16;0,4871605572926746;0,4627009335648212;0,09825130272793868;0,17047365562080746;2607;17222;5194;dropout;0,012993613081925424;17;17,0;23,0;14,0;;0,008135059994020926;True;4;sgd;maxabs
548;2024-01-28 03:57:41.279847;0,5972222089767456;;leaky_relu;;;16;;0,7431470435025024;0,05439155792210777;0,022122644754995105;2607;17222;5194;batchnorm;0,00794096951002584;24;22,0;;;;0,05197904443561004;True;2;sgd;minmax
549;2024-01-28 04:02:18.918262;0,6132330298423767;;selu;;;32;;0,6493488001056901;0,022629536723918035;0,12113210518955275;2607;17222;5194;vanilla;0,009476187937043875;22;19,0;;;;;True;2;sgd;maxabs
550;2024-01-28 04:06:07.216219;0,4912109375;;leaky_relu;;;512;;0,7660649468059462;0,04820014158664525;0,0020602471733969672;2607;17222;5194;vanilla;0,7562413198471616;23;29,0;;;;0,05737164293916531;True;2;sgd;minmax
551;2024-01-28 04:07:48.586897;0,613811731338501;;leaky_relu;;;16;;0,6266122945533319;0,027991461588096234;0,19795259906925872;2607;17222;5194;vanilla;0,016438268181063552;19;14,0;;;;0,05541392474721328;True;2;sgd;maxabs
552;2024-01-28 04:14:25.830552;0,6145833134651184;;leaky_relu;;;16;;0,7016604358914249;0,06182502459843369;0,7971124111780115;2607;17222;5194;vanilla;0,011094996970346176;15;22,0;;;;0,038314121714633456;True;2;sgd;minmax
553;2024-01-28 04:21:15.946181;0,6199845671653748;;leaky_relu;;;16;;0,5555764961790175;0,009925494886418904;0,1405179858262939;2607;17222;5194;vanilla;0,24081032492012344;26;28,0;;;;0,017474008769815735;True;2;sgd;maxabs
554;2024-01-28 04:29:26.712708;0,613811731338501;;leaky_relu;;;16;;0,789802364415923;0,08371228287664766;0,07486711133833977;2607;17222;5194;vanilla;0,06863069768630703;24;;;;;0,020600222686949977;True;1;sgd;minmax
555;2024-01-28 04:36:10.817768;0,6147762537002563;;leaky_relu;;;16;;0,8811212262230493;0,06840615654525842;0,16295234592008906;2607;17222;5194;vanilla;0,006643949569414494;20;21,0;;;;0,041691697348386986;True;2;sgd;maxabs
556;2024-01-28 04:42:22.811282;0,6124614477157593;;leaky_relu;;;16;;0,25363227284281215;0,04634512836155133;0,2465938740797414;2607;17222;5194;vanilla;0,013159459323141578;25;23,0;29,0;;;0,04403667404496962;True;3;sgd;maxabs
557;2024-01-28 04:49:14.707680;0,618248462677002;;relu;;;16;;0,4898006663624035;0,052433699022228344;0,09791886403656005;2607;17222;5194;vanilla;0,02777363742960685;14;20,0;;;;;True;2;sgd;minmax
558;2024-01-28 04:55:12.799306;0,6130401492118835;;leaky_relu;;;32;;0,6126445239590395;0,08027735446813261;0,1868223729357294;2607;17222;5194;vanilla;0,03959831598445057;16;20,0;;;;0,0621424305137995;True;2;sgd;maxabs
559;2024-01-28 04:58:48.538525;0,6097608208656311;;leaky_relu;;;16;;0,6726997099487948;0,07702796671418134;0,9832113927510759;2607;17222;5194;vanilla;0,004072639628003185;21;25,0;;;;0,03299686024858954;True;2;sgd;minmax
560;2024-01-28 05:05:55.578976;0,5908564925193787;;leaky_relu;;;16;;0,7246214706926035;0,058861540156750526;0,12756888281178194;2607;17222;5194;vanilla;0,05842444099521982;23;21,0;;;;0,04984105512911767;True;2;sgd;normalizer
561;2024-01-28 05:15:51.261034;0,591992199420929;;leaky_relu;;;256;;0,9535125127053236;0,06496191395452683;0,45364738674749516;2607;17222;5194;vanilla;0,04803865383949297;11;22,0;;;;0,02629350533434515;True;2;sgd;maxabs
562;2024-01-28 05:17:47.994434;0,6242284178733826;;leaky_relu;;;16;;0,8273235398651095;0,05019626266762552;0,15210357289966042;2607;17222;5194;vanilla;0,009377096970593505;22;24,0;;;;0,014918669710249209;True;2;sgd;minmax
563;2024-01-28 05:27:03.325631;0,6167052388191223;;leaky_relu;;;16;;0,8193639131750975;0,04994431119893906;0,14798696794259714;2607;17222;5194;vanilla;0,00892816064631848;14;24,0;;;;0,016290438233714292;False;2;sgd;minmax
564;2024-01-28 05:33:26.578751;0,6070601940155029;;leaky_relu;;;64;;0,8501555517170853;0,04821269400709852;0,1121245638401576;2607;17222;5194;vanilla;0,009912502934614556;18;24,0;;;;0,01922081122055385;True;2;sgd;maxabs
565;2024-01-28 05:36:00.527648;0,47164350748062134;;leaky_relu;0,01092763829894794;0,24799313941367673;16;;0,8301992899571566;0,051194750488426304;0,1575733664395711;2607;17222;5194;vanilla;;15;25,0;26,0;25,0;;0,023983208336042817;;4;adam;minmax
566;2024-01-28 05:42:15.479985;0,6215277910232544;;leaky_relu;;;16;;0,7948498754720432;0,04474390093443278;0,13205540403043908;2607;17222;5194;vanilla;0,007322981191640098;16;24,0;;;;0,04803605711092845;True;2;sgd;maxabs
567;2024-01-28 05:51:18.460401;0,6194058656692505;;leaky_relu;;;16;;0,8380448686021159;0,05111688078147575;0,11200506219907203;2607;17222;5194;vanilla;0,008096807328595986;25;25,0;;;;0,012776242620678006;True;2;sgd;minmax
568;2024-01-28 05:57:49.724108;0,6153549551963806;;leaky_relu;;;16;;0,8646880406163473;0,04889259208356135;0,041278516185298916;2607;17222;5194;vanilla;0,010741391584322073;20;23,0;;;;0,014831505170141231;True;2;sgd;maxabs
569;2024-01-28 06:03:49.078364;0,5833333134651184;;relu;;;32;;0,8950717266203471;0,05414518956253496;0,021364681006766504;2607;17222;5194;batchnorm;0,009545846488330905;24;24,0;;;;;True;2;sgd;minmax
570;2024-01-28 06:07:17.982763;0,6143904328346252;;leaky_relu;;;16;;0,6551269300900348;0,046765306150825095;0,17408312727601763;2607;17222;5194;vanilla;0,005880534782248899;22;22,0;;;;0,01786864095436113;True;2;sgd;maxabs
571;2024-01-28 06:13:30.747693;0,5939428806304932;;leaky_relu;;;16;;0,8073192392856222;0,05163699872194151;0,0010337795494249164;2607;17222;5194;vanilla;0,13502552611477117;13;23,0;;;;0,022126977049161445;True;2;sgd;maxabs
572;2024-01-28 06:26:38.317967;0,5677083134651184;;selu;;;16;0,43583882454191614;0,6879705040136597;0,05552687905648686;0,08952331787544403;2607;17222;5194;dropout;0,011734155223666656;27;23,0;;;;;True;2;sgd;minmax
573;2024-01-28 06:31:10.786685;0,6159336566925049;;leaky_relu;;;16;;0,8261923813277274;0,05303513844623892;0,1393191302473933;2607;17222;5194;vanilla;0,00835126638620935;18;21,0;;;;0,0023237583418312877;True;2;sgd;maxabs
574;2024-01-28 06:38:05.412720;0,6219135522842407;;leaky_relu;;;16;;0,22085934927621526;0,03853063974944497;0,1554690557820517;2607;17222;5194;vanilla;0,007247696569027736;10;24,0;;;;0,010600785531990535;True;2;sgd;minmax
575;2024-01-28 06:46:00.853869;0,5826171636581421;;leaky_relu;;;128;;0,7824810770115611;0,04894944223287176;0,07134136914326716;2607;17222;5194;vanilla;0,01039255341932921;26;19,0;;;;0,020284324986882582;True;2;sgd;maxabs
576;2024-01-28 06:48:26.716650;0,6201774477958679;;leaky_relu;;;16;;0,6387837937326808;0,06696529165873573;0,11845054452082904;2607;17222;5194;vanilla;0,008820474956976692;28;22,0;;;;0,015626505838988666;True;2;sgd;minmax
577;2024-01-28 06:54:27.923769;0,6134259104728699;;leaky_relu;;;16;;0,7381049349894664;0,04229941232332157;0,19268805840610265;2607;17222;5194;vanilla;0,11171984566069054;30;20,0;;;;0,07888246278376687;True;2;sgd;maxabs
578;2024-01-28 07:00:21.611527;0,593945324420929;;leaky_relu;;;512;;0,8754654454200856;0,01516377614163019;0,01680314473796597;2607;17222;5194;vanilla;0,08420909138966699;15;26,0;;;;0,0688927784804375;True;2;sgd;minmax
579;2024-01-28 07:02:46.166676;0,6132330298423767;;leaky_relu;;;16;;0,9309488589501165;0,061053794483867725;0,09948770259903993;2607;17222;5194;vanilla;0,032351932269132404;17;21,0;10,0;19,0;12,0;0,017894535793101653;True;5;sgd;maxabs
580;2024-01-28 07:11:20.981588;0,6122685074806213;;leaky_relu;;;32;;0,3453166956583485;0,0640167684160676;0,03448231420152888;2607;17222;5194;vanilla;0,011695403738765101;19;25,0;;;;0,012358381535940644;True;2;sgd;minmax
581;2024-01-28 07:15:25.796044;0,6159336566925049;;leaky_relu;;;16;;0,8527000050603949;0,05725396515306713;0,019173018202981673;2607;17222;5194;vanilla;0,025016814745897887;23;23,0;;;;0,02454841434090789;True;2;sgd;maxabs
582;2024-01-28 07:24:01.928969;0,6163194179534912;;relu;;;16;;0,7045341500917075;0,04467137406604348;0,059087771341497834;2607;17222;5194;vanilla;0,004944609343261944;16;20,0;;;;;True;2;sgd;minmax
583;2024-01-28 07:30:16.005432;0,5877700448036194;;leaky_relu;;;16;;0,9126219783067245;0,050682644557937626;0,13569723102169734;2607;17222;5194;vanilla;0,2156978983567836;25;;;;;0,0989706801622752;False;1;sgd;normalizer
584;2024-01-28 07:36:56.403443;0,560571014881134;;leaky_relu;0,43345306518773774;0,20239909465207823;16;;0,0951681044353882;0,053342239287804245;0,15689297668468136;2607;17222;5194;vanilla;;14;22,0;;;;0,0901382559962143;;2;adam;maxabs
585;2024-01-28 07:44:41.127937;0,6207561492919922;;leaky_relu;;;16;;0,7699322123478499;0,04743656177588175;0,20223148909870806;2607;17222;5194;vanilla;0,009404213191926363;15;18,0;;;;0,028006215806722932;True;2;sgd;minmax
586;2024-01-28 07:53:03.975712;0,6086034178733826;;leaky_relu;;;16;;0,2743442576873141;0,05521703060714072;0,7355644778016831;2607;17222;5194;vanilla;0,19397493100145216;24;21,0;;;;0,01531111149212846;True;2;sgd;maxabs
587;2024-01-28 08:01:13.801898;0,5997299551963806;;leaky_relu;;;16;;0,14276101739743585;0,06334294636846141;0,0018127014723347441;2607;17222;5194;vanilla;0,07281438458861196;21;24,0;;;;0,01972705418102959;True;2;sgd;minmax
588;2024-01-28 08:13:02.789861;0,6107252836227417;;leaky_relu;;;32;;0,3439626923242275;0,0661436483020698;0,009407434662574864;2607;17222;5194;vanilla;0,0064850797414813316;22;21,0;;;;0,01713843062278377;True;2;sgd;maxabs
589;2024-01-28 08:18:21.692704;0,598828136920929;;leaky_relu;;;256;;0,06811595628924216;0,05999908082988983;0,04744358600434913;2607;17222;5194;vanilla;0,1584668692469545;19;22,0;;;;0,042254210130822964;True;2;sgd;minmax
590;2024-01-28 08:20:46.989913;0,6140046119689941;;leaky_relu;;;16;;0,6784401613873544;0,049082154089641665;0,010885431855212116;2607;17222;5194;vanilla;0,12748146624405335;16;19,0;18,0;;;0,021694526645416237;True;3;sgd;maxabs
591;2024-01-28 08:29:19.639149;0,566936731338501;;leaky_relu;;;64;0,25353105100368467;0,29622283680396483;0,062036412053835914;0,002839434794291203;2607;17222;5194;dropout;0,0029008441803793643;17;25,0;;;;0,006302477803614327;True;2;sgd;minmax
592;2024-01-28 08:32:53.580108;0,5910493731498718;;leaky_relu;;;16;;0,5925724887848928;0,008800141492141839;0,17817533042864253;2607;17222;5194;batchnorm;0,012941914931987993;23;23,0;;;;0,07048409674488777;True;2;sgd;maxabs
593;2024-01-28 08:37:33.035586;0,618248462677002;;leaky_relu;;;16;;0,6250442002617882;0,05181606388239068;0,12173629584747621;2607;17222;5194;vanilla;0,008081148425585697;13;16,0;;;;0,07398999389561833;True;2;sgd;minmax
594;2024-01-28 08:43:57.264450;0,6097608208656311;;selu;;;16;;0,663039896987372;0,04577600151870185;0,0013870416460081034;2607;17222;5194;vanilla;0,05530800019256661;15;20,0;;;;;True;2;sgd;maxabs
595;2024-01-28 08:54:17.313377;0,6059027910232544;;leaky_relu;;;16;;0,7223002485842971;0,056838380730357435;0,6206870773178413;2607;17222;5194;vanilla;0,010744463978238772;25;20,0;;;;0,013703024935415097;True;2;sgd;minmax
596;2024-01-28 08:59:57.369197;0,6197916865348816;;relu;;;16;;0,8115341827440105;0,0539910594011807;0,14722518990455402;2607;17222;5194;vanilla;0,042939424588085175;20;21,0;;;;;True;2;sgd;maxabs
597;2024-01-28 09:06:25.571189;0,6159336566925049;;leaky_relu;;;16;;0,7568500670861846;0,05005911390049849;0,17316334074963297;2607;17222;5194;vanilla;0,0075428940395476;14;;;;;0,018987815707558867;True;1;sgd;minmax
