match;Date;season;Div;HomeTeam;AwayTeam;FTHG;FTAG;label;prediction;draw;home;away
15751;2020-01-01;T19-20;E0;Brighton;Chelsea;1;1;0;2;0,3024;0,3162;0,3814
15758;2020-01-01;T19-20;E0;West Ham;Bournemouth;4;0;1;1;0,2424;0,6425;0,1151
15757;2020-01-01;T19-20;E0;Norwich;Crystal Palace;1;1;0;1;0,3079;0,4266;0,2656
15756;2020-01-01;T19-20;E0;Man City;Everton;2;1;1;1;0,1647;0,7791;0,0562
15759;2020-01-01;T19-20;E0;Arsenal;Man United;2;0;1;1;0,2799;0,5191;0,201
15754;2020-01-01;T19-20;E0;Southampton;Tottenham;1;0;1;1;0,2688;0,5466;0,1846
15753;2020-01-01;T19-20;E0;Newcastle;Leicester;0;3;2;2;0,2614;0,1713;0,5673
15752;2020-01-01;T19-20;E0;Burnley;Aston Villa;1;2;2;2;0,3376;0,3169;0,3454
15755;2020-01-01;T19-20;E0;Watford;Wolves;2;1;1;1;0,3176;0,4342;0,2482
15760;2020-01-02;T19-20;E0;Liverpool;Sheffield United;2;0;1;1;0,0618;0,9239;0,0143
44309;2020-01-03;T19-20;SP1;Valladolid;Leganes;2;2;0;1;0,3373;0,5251;0,1376
44310;2020-01-03;T19-20;SP1;Sevilla;Ath Bilbao;1;1;0;1;0,1639;0,7772;0,0589
56130;2020-01-03;T19-20;SP2;Extremadura;Alcorcon;0;0;0;1;0,2813;0,3775;0,3411
56133;2020-01-04;T19-20;SP2;Lugo;Almeria;0;4;2;1;0,2721;0,3953;0,3326
56136;2020-01-04;T19-20;SP2;Mirandes;Santander;0;0;0;1;0,2846;0,4943;0,2211
56135;2020-01-04;T19-20;SP2;Elche;Huesca;1;1;0;2;0,2912;0,3141;0,3947
56134;2020-01-04;T19-20;SP2;Tenerife;Albacete;4;2;1;1;0,2255;0,5968;0,1777
56132;2020-01-04;T19-20;SP2;Ponferradina;Cadiz;0;0;0;1;0,2883;0,4037;0,308
56131;2020-01-04;T19-20;SP2;Fuenlabrada;Las Palmas;0;0;0;1;0,2988;0,3738;0,3273
44314;2020-01-04;T19-20;SP1;Espanol;Barcelona;2;2;0;2;0,1695;0,0672;0,7633
44313;2020-01-04;T19-20;SP1;Ath Madrid;Levante;2;1;1;1;0,1749;0,7763;0,0487
44312;2020-01-04;T19-20;SP1;Getafe;Real Madrid;0;3;2;2;0,1771;0,0972;0,7257
44311;2020-01-04;T19-20;SP1;Valencia;Eibar;1;0;1;1;0,3003;0,4688;0,231
56139;2020-01-05;T19-20;SP2;Oviedo;Malaga;1;1;0;2;0,2993;0,3435;0,3572
44318;2020-01-05;T19-20;SP1;Celta;Osasuna;1;1;0;1;0,2565;0,458;0,2855
56138;2020-01-05;T19-20;SP2;Vallecano;Girona;1;0;1;1;0,2121;0,5175;0,2704
44316;2020-01-05;T19-20;SP1;Sociedad;Villarreal;1;2;2;1;0,2751;0,5201;0,2048
34312;2020-01-05;T19-20;I1;Genoa;Sassuolo;2;1;1;1;0,2824;0,528;0,1896
44317;2020-01-05;T19-20;SP1;Alaves;Betis;1;1;0;1;0,3419;0,3799;0,2782
34315;2020-01-06;T19-20;I1;Atalanta;Parma;5;0;1;1;0,1942;0,743;0,0628
15761;2020-01-10;T19-20;E0;Sheffield United;West Ham;1;0;1;1;0,2435;0,6521;0,1044
15768;2020-01-11;T19-20;E0;Tottenham;Liverpool;0;1;2;2;0,2541;0,3022;0,4437
34322;2020-01-11;T19-20;I1;Inter;Atalanta;1;1;0;2;0,2596;0,2222;0,5182
34321;2020-01-11;T19-20;I1;Lazio;Napoli;1;0;1;2;0,2854;0,3166;0,398
34320;2020-01-11;T19-20;I1;Cagliari;Milan;0;2;2;2;0,0914;0,0342;0,8744
15767;2020-01-11;T19-20;E0;Wolves;Newcastle;1;1;0;1;0,2016;0,6785;0,1199
15766;2020-01-11;T19-20;E0;Man United;Norwich;4;0;1;1;0,0637;0,9213;0,015
15765;2020-01-11;T19-20;E0;Leicester;Southampton;1;2;2;2;0,2645;0,347;0,3885
15764;2020-01-11;T19-20;E0;Everton;Brighton;1;0;1;1;0,219;0,6594;0,1216
15763;2020-01-11;T19-20;E0;Chelsea;Burnley;3;0;1;1;0,1701;0,7294;0,1006
15762;2020-01-11;T19-20;E0;Crystal Palace;Arsenal;1;1;0;2;0,1995;0,1173;0,6832
34328;2020-01-12;T19-20;I1;Roma;Juventus;1;2;2;1;0,2876;0,4275;0,2848
34327;2020-01-12;T19-20;I1;Verona;Genoa;2;1;1;1;0,3264;0,4523;0,2213
34325;2020-01-12;T19-20;I1;Sampdoria;Brescia;5;1;1;1;0,1591;0,7885;0,0524
34326;2020-01-12;T19-20;I1;Torino;Bologna;1;0;1;2;0,3051;0,212;0,4829
34323;2020-01-12;T19-20;I1;Udinese;Sassuolo;3;0;1;2;0,3289;0,3344;0,3367
15770;2020-01-12;T19-20;E0;Aston Villa;Man City;1;6;2;2;0,1545;0,0743;0,7712
15769;2020-01-12;T19-20;E0;Bournemouth;Watford;0;3;2;1;0,3155;0,3745;0,3099
34324;2020-01-12;T19-20;I1;Fiorentina;Spal;1;0;1;1;0,0926;0,8808;0,0266
34329;2020-01-13;T19-20;I1;Parma;Lecce;2;0;1;1;0,2163;0,7185;0,0652
56142;2020-01-14;T19-20;SP2;Sp Gijon;Elche;1;0;1;1;0,3259;0,4207;0,2534
56143;2020-01-14;T19-20;SP2;Malaga;Ponferradina;1;0;1;1;0,3394;0,4428;0,2177
56144;2020-01-14;T19-20;SP2;Las Palmas;Zaragoza;0;1;2;1;0,3;0,3535;0,3464
56147;2020-01-15;T19-20;SP2;Vallecano;Lugo;1;0;1;1;0,2368;0,5866;0,1766
56148;2020-01-15;T19-20;SP2;Cadiz;Mirandes;3;3;0;1;0,2076;0,6909;0,1015
56146;2020-01-15;T19-20;SP2;Huesca;Tenerife;2;1;1;1;0,22;0,6705;0,1095
26030;2020-01-15;T19-20;F1;Nimes;Rennes;0;1;2;2;0,1914;0,1053;0,7034
26031;2020-01-15;T19-20;F1;Monaco;Paris SG;1;4;2;2;0,1487;0,0819;0,7694
26029;2020-01-15;T19-20;F1;Amiens;Reims;1;1;0;2;0,2725;0,156;0,5714
56145;2020-01-15;T19-20;SP2;Alcorcon;Numancia;2;2;0;1;0,2592;0,6021;0,1387
56149;2020-01-16;T19-20;SP2;La Coruna;Santander;2;1;1;1;0,2771;0,6202;0,1027
56150;2020-01-16;T19-20;SP2;Girona;Extremadura;3;1;1;1;0,3013;0,5319;0,1669
56151;2020-01-16;T19-20;SP2;Almeria;Oviedo;2;0;1;1;0,2514;0,6118;0,1367
44319;2020-01-17;T19-20;SP1;Leganes;Getafe;0;3;2;2;0,2151;0,0981;0,6867
34332;2020-01-18;T19-20;I1;Napoli;Fiorentina;0;2;2;1;0,2475;0,6642;0,0883
56155;2020-01-18;T19-20;SP2;Ponferradina;Vallecano;1;1;0;1;0,3163;0,4373;0,2465
56154;2020-01-18;T19-20;SP2;Lugo;Albacete;1;0;1;1;0,2736;0,3993;0,3271
44323;2020-01-18;T19-20;SP1;Eibar;Ath Madrid;2;0;1;1;0,2515;0,5764;0,1721
44322;2020-01-18;T19-20;SP1;Osasuna;Valladolid;0;0;0;1;0,2972;0,3715;0,3313
44321;2020-01-18;T19-20;SP1;Real Madrid;Sevilla;2;1;1;1;0,1895;0,7064;0,1041
44320;2020-01-18;T19-20;SP1;Levante;Alaves;0;1;2;1;0,27;0,5303;0,1997
34331;2020-01-18;T19-20;I1;Sassuolo;Torino;2;1;1;1;0,1895;0,7623;0,0483
56153;2020-01-18;T19-20;SP2;Numancia;Sp Gijon;2;0;1;1;0,2544;0,6066;0,139
15778;2020-01-18;T19-20;E0;Newcastle;Chelsea;1;0;1;1;0,2889;0,4306;0,2806
15772;2020-01-18;T19-20;E0;Arsenal;Sheffield United;1;1;0;1;0,2921;0,5377;0,1702
34330;2020-01-18;T19-20;I1;Lazio;Sampdoria;5;1;1;1;0,2456;0,7032;0,0513
15773;2020-01-18;T19-20;E0;Brighton;Aston Villa;1;1;0;1;0,189;0,7003;0,1107
15771;2020-01-18;T19-20;E0;Watford;Tottenham;0;0;0;2;0,3003;0,2409;0,4588
15775;2020-01-18;T19-20;E0;Norwich;Bournemouth;1;0;1;1;0,2355;0,5525;0,2119
15776;2020-01-18;T19-20;E0;Southampton;Wolves;2;3;2;2;0,2729;0,2058;0,5213
15777;2020-01-18;T19-20;E0;West Ham;Everton;1;1;0;1;0,2981;0,4452;0,2566
15774;2020-01-18;T19-20;E0;Man City;Crystal Palace;2;2;0;1;0,1699;0,7624;0,0677
44326;2020-01-19;T19-20;SP1;Villarreal;Espanol;1;2;2;1;0,3055;0,5391;0,1555
56161;2020-01-19;T19-20;SP2;Tenerife;Girona;1;0;1;2;0,3047;0,2894;0,4059
56160;2020-01-19;T19-20;SP2;Extremadura;Almeria;1;2;2;1;0,3177;0,3559;0,3263
56159;2020-01-19;T19-20;SP2;Santander;Las Palmas;1;1;0;1;0,2932;0,3578;0,349
56158;2020-01-19;T19-20;SP2;Oviedo;Huesca;1;1;0;1;0,2802;0,4975;0,2223
56156;2020-01-19;T19-20;SP2;Elche;Alcorcon;1;1;0;1;0,2937;0,4006;0,3057
44328;2020-01-19;T19-20;SP1;Barcelona;Granada;1;0;1;1;0,1504;0,7969;0,0527
44325;2020-01-19;T19-20;SP1;Betis;Sociedad;3;0;1;2;0,3115;0,2834;0,4051
56157;2020-01-19;T19-20;SP2;La Coruna;Cadiz;1;0;1;1;0,2848;0,4259;0,2892
34338;2020-01-19;T19-20;I1;Juventus;Parma;2;1;1;1;0,1453;0,8324;0,0223
34337;2020-01-19;T19-20;I1;Genoa;Roma;1;3;2;2;0,0899;0,0197;0,8904
34336;2020-01-19;T19-20;I1;Lecce;Inter;1;1;0;2;0,1225;0,0374;0,8402
34335;2020-01-19;T19-20;I1;Brescia;Cagliari;2;2;0;1;0,3046;0,4572;0,2383
34334;2020-01-19;T19-20;I1;Bologna;Verona;1;1;0;1;0,2412;0,6942;0,0646
34333;2020-01-19;T19-20;I1;Milan;Udinese;3;2;1;1;0,2446;0,7209;0,0345
15780;2020-01-19;T19-20;E0;Liverpool;Man United;2;0;1;1;0,1104;0,8597;0,0299
15779;2020-01-19;T19-20;E0;Burnley;Leicester;2;1;1;2;0,2907;0,3381;0,3712
44324;2020-01-19;T19-20;SP1;Mallorca;Valencia;4;1;1;1;0,2939;0,4724;0,2337
34339;2020-01-20;T19-20;I1;Atalanta;Spal;1;2;2;1;0,2071;0,7116;0,0812
15786;2020-01-21;T19-20;E0;Chelsea;Arsenal;2;2;0;1;0,2972;0,4895;0,2133
15785;2020-01-21;T19-20;E0;Sheffield United;Man City;0;1;2;2;0,2346;0,1315;0,6339
15784;2020-01-21;T19-20;E0;Everton;Newcastle;2;2;0;1;0,2345;0,6394;0,1261
15782;2020-01-21;T19-20;E0;Bournemouth;Brighton;3;1;1;1;0,2744;0,5359;0,1898
15781;2020-01-21;T19-20;E0;Aston Villa;Watford;2;1;1;1;0,212;0,6964;0,0916
15783;2020-01-21;T19-20;E0;Crystal Palace;Southampton;0;2;2;0;0,3481;0,3254;0,3266
15787;2020-01-22;T19-20;E0;Leicester;West Ham;4;1;1;1;0,193;0,7219;0,0851
15788;2020-01-22;T19-20;E0;Tottenham;Norwich;2;1;1;1;0,1787;0,7436;0,0777
15789;2020-01-22;T19-20;E0;Man United;Burnley;0;2;2;1;0,2926;0,4968;0,2107
15790;2020-01-23;T19-20;E0;Wolves;Liverpool;1;2;2;2;0,1639;0,0807;0,7554
34340;2020-01-24;T19-20;I1;Brescia;Milan;0;1;2;2;0,2995;0,1703;0,5302
44329;2020-01-24;T19-20;SP1;Osasuna;Levante;2;0;1;1;0,2613;0,5096;0,2291
56162;2020-01-24;T19-20;SP2;Cadiz;Santander;1;0;1;1;0,1901;0,7351;0,0749
44333;2020-01-25;T19-20;SP1;Sevilla;Granada;2;0;1;1;0,1243;0,8264;0,0493
56165;2020-01-25;T19-20;SP2;Las Palmas;Tenerife;0;0;0;1;0,2632;0,5945;0,1424
56166;2020-01-25;T19-20;SP2;Zaragoza;Numancia;1;0;1;1;0,2139;0,6781;0,108
56163;2020-01-25;T19-20;SP2;Huesca;Lugo;2;1;1;1;0,2655;0,5668;0,1677
44332;2020-01-25;T19-20;SP1;Alaves;Villarreal;1;2;2;0;0,3381;0,3366;0,3253
34342;2020-01-25;T19-20;I1;Fiorentina;Genoa;0;0;0;1;0,2731;0,6618;0,0652
44330;2020-01-25;T19-20;SP1;Espanol;Ath Bilbao;1;1;0;2;0,2153;0,1082;0,6765
34343;2020-01-25;T19-20;I1;Torino;Atalanta;0;7;2;2;0,2191;0,0736;0,7074
34341;2020-01-25;T19-20;I1;Spal;Bologna;1;3;2;2;0,291;0,1513;0,5578
44331;2020-01-25;T19-20;SP1;Valencia;Barcelona;2;0;1;2;0,2783;0,2507;0,471
56172;2020-01-26;T19-20;SP2;Girona;Oviedo;1;1;0;1;0,2728;0,5551;0,1721
56170;2020-01-26;T19-20;SP2;Alcorcon;Ponferradina;3;1;1;1;0,2292;0,657;0,1139
56169;2020-01-26;T19-20;SP2;Almeria;Elche;0;2;2;1;0,2814;0,4589;0,2597
56168;2020-01-26;T19-20;SP2;Albacete;La Coruna;0;1;2;1;0,3113;0,54;0,1487
56167;2020-01-26;T19-20;SP2;Malaga;Mirandes;2;2;0;1;0,3125;0,458;0,2295
44338;2020-01-26;T19-20;SP1;Valladolid;Real Madrid;0;1;2;2;0,1918;0,0733;0,7349
44337;2020-01-26;T19-20;SP1;Sociedad;Mallorca;3;0;1;1;0,1547;0,8028;0,0425
44336;2020-01-26;T19-20;SP1;Getafe;Betis;1;0;1;1;0,2134;0,7173;0,0693
56171;2020-01-26;T19-20;SP2;Vallecano;Extremadura;1;1;0;1;0,2922;0,4536;0,2542
44334;2020-01-26;T19-20;SP1;Ath Madrid;Leganes;0;0;0;1;0,2604;0,6618;0,0778
34349;2020-01-26;T19-20;I1;Napoli;Juventus;2;1;1;1;0,2758;0,5151;0,2091
34348;2020-01-26;T19-20;I1;Roma;Lazio;1;1;0;1;0,2044;0,7071;0,0885
34347;2020-01-26;T19-20;I1;Verona;Lecce;3;0;1;1;0,2205;0,7124;0,0671
34346;2020-01-26;T19-20;I1;Sampdoria;Sassuolo;0;0;0;2;0,3095;0,2159;0,4745
34345;2020-01-26;T19-20;I1;Parma;Udinese;2;0;1;1;0,251;0,7054;0,0436
34344;2020-01-26;T19-20;I1;Inter;Cagliari;1;1;0;1;0,0988;0,8782;0,023
44335;2020-01-26;T19-20;SP1;Celta;Eibar;0;0;0;2;0,3063;0,2131;0,4805
15791;2020-01-29;T19-20;E0;West Ham;Liverpool;0;2;2;2;0,1464;0,0641;0,7895
5857;2020-01-31;T19-20;D1;Hertha;Schalke 04;0;0;0;2;0,3215;0,2564;0,4221
26042;2020-01-31;T19-20;F1;Rennes;Nantes;3;2;1;1;0,1718;0,7894;0,0388
56173;2020-01-31;T19-20;SP2;Tenerife;Sp Gijon;2;1;1;1;0,2877;0,5124;0,1999
26047;2020-02-01;T19-20;F1;Nimes;Monaco;3;1;1;2;0,24;0,208;0,552
26048;2020-02-01;T19-20;F1;Strasbourg;Lille;1;2;2;2;0,2964;0,2164;0,4871
34350;2020-02-01;T19-20;I1;Bologna;Brescia;2;1;1;1;0,2003;0,7324;0,0673
34351;2020-02-01;T19-20;I1;Cagliari;Parma;2;2;0;1;0,2873;0,6054;0,1073
34352;2020-02-01;T19-20;I1;Sassuolo;Roma;4;2;1;2;0,2247;0,1288;0,6465
44339;2020-02-01;T19-20;SP1;Granada;Espanol;2;1;1;1;0,181;0,7794;0,0396
56177;2020-02-01;T19-20;SP2;Elche;Malaga;2;0;1;1;0,2221;0,6884;0,0894
44342;2020-02-01;T19-20;SP1;Valencia;Celta;1;0;1;1;0,224;0,6962;0,0798
56174;2020-02-01;T19-20;SP2;Extremadura;Lugo;1;0;1;1;0,2687;0,5692;0,1621
56175;2020-02-01;T19-20;SP2;La Coruna;Las Palmas;2;1;1;2;0,2316;0,1403;0,6281
56176;2020-02-01;T19-20;SP2;Ponferradina;Huesca;3;1;1;1;0,2343;0,6203;0,1455
26046;2020-02-01;T19-20;F1;Dijon;Brest;3;0;1;1;0,2729;0,6138;0,1133
44340;2020-02-01;T19-20;SP1;Real Madrid;Ath Madrid;1;0;1;1;0,1857;0,733;0,0813
26045;2020-02-01;T19-20;F1;Angers;Reims;1;4;2;2;0,2778;0,2245;0,4976
44341;2020-02-01;T19-20;SP1;Mallorca;Valladolid;0;1;2;2;0,2579;0,1717;0,5704
26043;2020-02-01;T19-20;F1;Paris SG;Montpellier;5;0;1;1;0,0864;0,9018;0,0117
5858;2020-02-01;T19-20;D1;Augsburg;Werder Bremen;2;1;1;1;0,1501;0,7968;0,0531
5861;2020-02-01;T19-20;D1;Hoffenheim;Leverkusen;2;1;1;1;0,2249;0,6602;0,1149
5862;2020-02-01;T19-20;D1;Mainz;Bayern Munich;1;3;2;2;0,2413;0,1437;0,6149
5863;2020-02-01;T19-20;D1;RB Leipzig;M'gladbach;2;2;0;1;0,277;0,4119;0,3111
26044;2020-02-01;T19-20;F1;Amiens;Toulouse;0;0;0;1;0,276;0,529;0,1949
15792;2020-02-01;T19-20;E0;Leicester;Chelsea;2;2;0;1;0,2513;0,572;0,1767
5860;2020-02-01;T19-20;D1;Fortuna Dusseldorf;Ein Frankfurt;1;1;0;1;0,2915;0,5307;0,1778
15794;2020-02-01;T19-20;E0;Crystal Palace;Sheffield United;0;1;2;2;0,3038;0,2281;0,4681
15795;2020-02-01;T19-20;E0;Liverpool;Southampton;4;0;1;1;0,0699;0,9206;0,0096
15796;2020-02-01;T19-20;E0;Newcastle;Norwich;0;0;0;1;0,3209;0,5249;0,1542
15797;2020-02-01;T19-20;E0;Watford;Everton;2;3;2;2;0,3045;0,201;0,4945
15798;2020-02-01;T19-20;E0;West Ham;Brighton;3;3;0;1;0,3413;0,391;0,2677
15799;2020-02-01;T19-20;E0;Man United;Wolves;0;0;0;1;0,2476;0,6366;0,1159
15793;2020-02-01;T19-20;E0;Bournemouth;Aston Villa;2;1;1;1;0,2279;0,6452;0,1269
44345;2020-02-02;T19-20;SP1;Ath Bilbao;Getafe;0;2;2;2;0,3328;0,2919;0,3753
44346;2020-02-02;T19-20;SP1;Sevilla;Alaves;1;1;0;1;0,1415;0,81;0,0485
44347;2020-02-02;T19-20;SP1;Villarreal;Osasuna;3;1;1;1;0,286;0,5943;0,1197
44348;2020-02-02;T19-20;SP1;Barcelona;Levante;2;1;1;1;0,1346;0,8184;0,047
56178;2020-02-02;T19-20;SP2;Fuenlabrada;Girona;0;1;2;2;0,2807;0,2825;0,4367
56181;2020-02-02;T19-20;SP2;Numancia;Almeria;1;1;0;1;0,313;0,4091;0,278
56180;2020-02-02;T19-20;SP2;Mirandes;Vallecano;0;0;0;1;0,2798;0,4783;0,2419
56182;2020-02-02;T19-20;SP2;Oviedo;Albacete;3;1;1;1;0,2802;0,4721;0,2477
56183;2020-02-02;T19-20;SP2;Santander;Alcorcon;1;1;0;2;0,2716;0,1784;0,55
44344;2020-02-02;T19-20;SP1;Eibar;Betis;1;1;0;1;0,309;0,5097;0,1813
56179;2020-02-02;T19-20;SP2;Cadiz;Zaragoza;1;1;0;1;0,2376;0,6179;0,1445
44343;2020-02-02;T19-20;SP1;Leganes;Sociedad;2;1;1;2;0,2851;0,1729;0,5419
34354;2020-02-02;T19-20;I1;Atalanta;Genoa;2;2;0;1;0,1765;0,7864;0,0371
34357;2020-02-02;T19-20;I1;Lecce;Torino;4;0;1;1;0,2626;0,6166;0,1208
5864;2020-02-02;T19-20;D1;FC Koln;Freiburg;4;0;1;1;0,2664;0,5346;0,199
5865;2020-02-02;T19-20;D1;Paderborn;Wolfsburg;2;4;2;2;0,2701;0,2237;0,5061
34358;2020-02-02;T19-20;I1;Udinese;Inter;0;2;2;2;0,0973;0,0216;0,8811
15801;2020-02-02;T19-20;E0;Tottenham;Man City;2;0;1;1;0,2805;0,429;0,2905
26049;2020-02-02;T19-20;F1;Nice;Lyon;2;1;1;1;0,3073;0,5172;0,1755
15800;2020-02-02;T19-20;E0;Burnley;Arsenal;0;0;0;1;0,3213;0,4088;0,2699
26051;2020-02-02;T19-20;F1;Bordeaux;Marseille;0;0;0;1;0,3139;0,4197;0,2664
34353;2020-02-02;T19-20;I1;Juventus;Fiorentina;3;0;1;1;0,1814;0,7939;0,0247
34355;2020-02-02;T19-20;I1;Lazio;Spal;5;1;1;1;0,1315;0,8439;0,0246
34356;2020-02-02;T19-20;I1;Milan;Verona;1;1;0;1;0,307;0,6115;0,0815
26050;2020-02-02;T19-20;F1;Metz;St Etienne;3;1;1;1;0,2887;0,5026;0,2088
34359;2020-02-03;T19-20;I1;Sampdoria;Napoli;2;4;2;2;0,1376;0,0465;0,8159
26052;2020-02-04;T19-20;F1;Lille;Rennes;1;0;1;1;0,2528;0,6104;0,1368
26053;2020-02-04;T19-20;F1;Monaco;Angers;1;0;1;1;0,2368;0,5907;0,1725
26054;2020-02-04;T19-20;F1;Nantes;Paris SG;1;2;2;2;0,1021;0,0317;0,8662
26060;2020-02-05;T19-20;F1;Toulouse;Strasbourg;0;1;2;2;0,2567;0,1569;0,5864
34360;2020-02-05;T19-20;I1;Lazio;Verona;0;0;0;1;0,1925;0,7575;0,05
26061;2020-02-05;T19-20;F1;St Etienne;Marseille;0;2;2;2;0,2263;0,1481;0,6256
26059;2020-02-05;T19-20;F1;Reims;Nice;1;1;0;1;0,3438;0,4032;0,253
26057;2020-02-05;T19-20;F1;Montpellier;Metz;1;1;0;1;0,331;0,5175;0,1514
26058;2020-02-05;T19-20;F1;Nimes;Dijon;2;0;1;1;0,2401;0,645;0,1149
26056;2020-02-05;T19-20;F1;Lyon;Amiens;0;0;0;1;0,181;0,7597;0,0593
26055;2020-02-05;T19-20;F1;Brest;Bordeaux;1;1;0;1;0,3426;0,3741;0,2833
5866;2020-02-07;T19-20;D1;Ein Frankfurt;Augsburg;5;0;1;1;0,1676;0,742;0,0904
26062;2020-02-07;T19-20;F1;Angers;Lille;0;2;2;1;0,2972;0,431;0,2719
34361;2020-02-07;T19-20;I1;Roma;Bologna;2;3;2;1;0,2188;0,6953;0,0859
44349;2020-02-07;T19-20;SP1;Alaves;Eibar;2;1;1;0;0,3657;0,3635;0,2708
56184;2020-02-07;T19-20;SP2;Almeria;Santander;0;1;2;1;0,2446;0,5779;0,1775
34363;2020-02-08;T19-20;I1;Torino;Sampdoria;1;3;2;2;0,3037;0,1992;0,497
34364;2020-02-08;T19-20;I1;Verona;Juventus;2;1;1;2;0,2793;0,1839;0,5368
44350;2020-02-08;T19-20;SP1;Levante;Leganes;2;0;1;1;0,1625;0,7677;0,0698
44351;2020-02-08;T19-20;SP1;Getafe;Valencia;3;0;1;1;0,2821;0,5482;0,1696
44352;2020-02-08;T19-20;SP1;Valladolid;Villarreal;1;1;0;1;0,2876;0,4755;0,2369
26068;2020-02-08;T19-20;F1;Rennes;Brest;0;0;0;1;0,178;0,7804;0,0416
56185;2020-02-08;T19-20;SP2;Extremadura;Tenerife;2;4;2;2;0,2876;0,2949;0,4175
56186;2020-02-08;T19-20;SP2;Girona;Huesca;1;0;1;1;0,2305;0,5443;0,2252
34362;2020-02-08;T19-20;I1;Fiorentina;Atalanta;1;2;2;2;0,2024;0,1185;0,6792
56188;2020-02-08;T19-20;SP2;Zaragoza;Fuenlabrada;0;0;0;1;0,2601;0,4673;0,2726
44353;2020-02-08;T19-20;SP1;Ath Madrid;Granada;1;0;1;1;0,1893;0,7231;0,0877
56187;2020-02-08;T19-20;SP2;Las Palmas;Cadiz;1;2;2;1;0,2222;0,5055;0,2723
26065;2020-02-08;T19-20;F1;Dijon;Nantes;3;3;0;1;0,2886;0,5155;0,1959
26066;2020-02-08;T19-20;F1;Metz;Bordeaux;1;2;2;1;0,3395;0,3463;0,3141
26064;2020-02-08;T19-20;F1;Amiens;Monaco;1;2;2;2;0,2588;0,1773;0,5639
26063;2020-02-08;T19-20;F1;Marseille;Toulouse;1;0;1;1;0,1004;0,8762;0,0234
15803;2020-02-08;T19-20;E0;Brighton;Watford;1;1;0;1;0,1453;0,808;0,0467
15802;2020-02-08;T19-20;E0;Everton;Crystal Palace;3;1;1;1;0,2208;0,6599;0,1193
5872;2020-02-08;T19-20;D1;Leverkusen;Dortmund;4;3;1;1;0,2663;0,481;0,2527
5871;2020-02-08;T19-20;D1;Wolfsburg;Fortuna Dusseldorf;1;1;0;1;0,1542;0,7689;0,077
5870;2020-02-08;T19-20;D1;Werder Bremen;Union Berlin;0;2;2;1;0,2951;0,3794;0,3255
5869;2020-02-08;T19-20;D1;Schalke 04;Paderborn;1;1;0;1;0,3252;0,4382;0,2366
5868;2020-02-08;T19-20;D1;Hertha;Mainz;1;3;2;2;0,2976;0,3125;0,3899
5867;2020-02-08;T19-20;D1;Freiburg;Hoffenheim;1;0;1;1;0,285;0,4521;0,2629
26067;2020-02-08;T19-20;F1;Nice;Nimes;1;3;2;1;0,199;0,738;0,063
44357;2020-02-09;T19-20;SP1;Celta;Sevilla;2;1;1;2;0,2404;0,336;0,4236
44356;2020-02-09;T19-20;SP1;Osasuna;Real Madrid;1;4;2;2;0,1833;0,1538;0,6629
56194;2020-02-09;T19-20;SP2;Malaga;Numancia;2;1;1;1;0,1969;0,6854;0,1177
44358;2020-02-09;T19-20;SP1;Betis;Barcelona;2;3;2;2;0,171;0,1143;0,7147
44355;2020-02-09;T19-20;SP1;Sociedad;Ath Bilbao;2;1;1;1;0,2489;0,5748;0,1763
56190;2020-02-09;T19-20;SP2;Alcorcon;La Coruna;0;1;2;1;0,243;0,6034;0,1536
56191;2020-02-09;T19-20;SP2;Sp Gijon;Mirandes;2;2;0;1;0,2358;0,5946;0,1696
56192;2020-02-09;T19-20;SP2;Lugo;Elche;2;2;0;1;0,2113;0,5474;0,2413
56193;2020-02-09;T19-20;SP2;Vallecano;Oviedo;1;1;0;1;0,244;0,4855;0,2705
56189;2020-02-09;T19-20;SP2;Albacete;Ponferradina;1;1;0;1;0,2012;0,6568;0,142
44354;2020-02-09;T19-20;SP1;Espanol;Mallorca;1;0;1;1;0,3154;0,3431;0,3416
34367;2020-02-09;T19-20;I1;Genoa;Cagliari;1;0;1;1;0,198;0,6896;0,1124
34369;2020-02-09;T19-20;I1;Parma;Lazio;0;1;2;2;0,3047;0,2769;0,4184
34368;2020-02-09;T19-20;I1;Napoli;Lecce;2;3;2;1;0,0772;0,899;0,0238
34366;2020-02-09;T19-20;I1;Brescia;Udinese;1;1;0;1;0,2842;0,463;0,2528
34365;2020-02-09;T19-20;I1;Spal;Sassuolo;1;2;2;2;0,2447;0,1171;0,6382
26071;2020-02-09;T19-20;F1;Paris SG;Lyon;4;2;1;1;0,0939;0,8799;0,0261
26070;2020-02-09;T19-20;F1;Strasbourg;Reims;3;0;1;0;0,3417;0,3326;0,3257
26069;2020-02-09;T19-20;F1;Montpellier;St Etienne;1;0;1;1;0,3141;0,4857;0,2003
15804;2020-02-09;T19-20;E0;Sheffield United;Bournemouth;2;1;1;1;0,2557;0,6271;0,1172
5873;2020-02-09;T19-20;D1;Bayern Munich;RB Leipzig;0;0;0;1;0,0857;0,8698;0,0445
34370;2020-02-09;T19-20;I1;Inter;Milan;4;2;1;1;0,2973;0,4113;0,2915
56195;2020-02-14;T19-20;SP2;La Coruna;Girona;2;2;0;2;0,3259;0,3246;0,3495
26072;2020-02-14;T19-20;F1;Monaco;Montpellier;1;0;1;1;0,2505;0,6324;0,1171
44359;2020-02-14;T19-20;SP1;Valencia;Ath Madrid;2;2;0;1;0,3093;0,4669;0,2238
5874;2020-02-14;T19-20;D1;Dortmund;Ein Frankfurt;4;0;1;1;0,1145;0,8502;0,0354
15805;2020-02-14;T19-20;E0;Wolves;Leicester;0;0;0;1;0,2814;0,3876;0,331
34371;2020-02-15;T19-20;I1;Lecce;Spal;2;1;1;1;0,2696;0,6013;0,1291
56199;2020-02-15;T19-20;SP2;Elche;Zaragoza;1;2;2;1;0,2911;0,4354;0,2735
56198;2020-02-15;T19-20;SP2;Oviedo;Alcorcon;1;2;2;2;0,2821;0,2271;0,4908
56197;2020-02-15;T19-20;SP2;Numancia;Las Palmas;1;1;0;1;0,2669;0,3738;0,3593
56196;2020-02-15;T19-20;SP2;Huesca;Almeria;3;2;1;1;0,2397;0,546;0,2143
44363;2020-02-15;T19-20;SP1;Granada;Valladolid;2;1;1;1;0,3202;0,5123;0,1675
44362;2020-02-15;T19-20;SP1;Villarreal;Levante;2;1;1;1;0,209;0,6947;0,0962
44361;2020-02-15;T19-20;SP1;Barcelona;Getafe;2;1;1;1;0,2319;0,6862;0,0819
44360;2020-02-15;T19-20;SP1;Mallorca;Alaves;1;0;1;1;0,2328;0,6588;0,1084
34373;2020-02-15;T19-20;I1;Atalanta;Roma;2;1;1;2;0,2671;0,2833;0,4495
34372;2020-02-15;T19-20;I1;Bologna;Genoa;0;3;2;1;0,2808;0,6318;0,0873
26077;2020-02-15;T19-20;F1;Toulouse;Nice;0;2;2;2;0,2418;0,1441;0,6141
26075;2020-02-15;T19-20;F1;Nantes;Metz;0;0;0;1;0,3322;0,4514;0,2164
26074;2020-02-15;T19-20;F1;Bordeaux;Dijon;2;2;0;1;0,2943;0,6049;0,1008
26073;2020-02-15;T19-20;F1;Amiens;Paris SG;4;4;0;2;0,1479;0,0518;0,8003
15807;2020-02-15;T19-20;E0;Norwich;Liverpool;0;1;2;2;0,1445;0,0585;0,797
15806;2020-02-15;T19-20;E0;Southampton;Burnley;1;2;2;2;0,3059;0,2968;0,3973
5880;2020-02-15;T19-20;D1;Fortuna Dusseldorf;M'gladbach;1;4;2;2;0,1715;0,074;0,7544
5879;2020-02-15;T19-20;D1;Union Berlin;Leverkusen;2;3;2;2;0,2241;0,1129;0,6631
5878;2020-02-15;T19-20;D1;RB Leipzig;Werder Bremen;3;0;1;1;0,0998;0,8709;0,0293
5877;2020-02-15;T19-20;D1;Paderborn;Hertha;1;2;2;2;0,2785;0,2385;0,483
5876;2020-02-15;T19-20;D1;Hoffenheim;Wolfsburg;2;3;2;2;0,3049;0,3434;0,3517
5875;2020-02-15;T19-20;D1;Augsburg;Freiburg;1;1;0;1;0,2914;0,4743;0,2343
26076;2020-02-15;T19-20;F1;Nimes;Angers;1;0;1;2;0,2327;0,1631;0,6042
34379;2020-02-16;T19-20;I1;Lazio;Inter;2;1;1;2;0,3057;0,3348;0,3594
44364;2020-02-16;T19-20;SP1;Sevilla;Espanol;2;2;0;1;0,0885;0,8978;0,0137
44365;2020-02-16;T19-20;SP1;Leganes;Betis;0;0;0;0;0,3536;0,336;0,3104
44366;2020-02-16;T19-20;SP1;Ath Bilbao;Osasuna;0;1;2;1;0,2777;0,4964;0,2258
44367;2020-02-16;T19-20;SP1;Real Madrid;Celta;2;2;0;1;0,0695;0,9197;0,0108
56204;2020-02-16;T19-20;SP2;Santander;Sp Gijon;0;2;2;2;0,2614;0,1713;0,5673
56201;2020-02-16;T19-20;SP2;Mirandes;Albacete;1;1;0;1;0,2791;0,3625;0,3584
56205;2020-02-16;T19-20;SP2;Tenerife;Vallecano;0;0;0;0;0,3394;0,323;0,3376
56202;2020-02-16;T19-20;SP2;Cadiz;Malaga;0;1;2;1;0,2427;0,6096;0,1477
56203;2020-02-16;T19-20;SP2;Ponferradina;Extremadura;0;0;0;1;0,3293;0,3674;0,3034
56200;2020-02-16;T19-20;SP2;Fuenlabrada;Lugo;0;1;2;1;0,2916;0,3873;0,3211
34378;2020-02-16;T19-20;I1;Cagliari;Napoli;0;1;2;2;0,2562;0,1605;0,5833
15809;2020-02-16;T19-20;E0;Arsenal;Newcastle;4;0;1;1;0,1802;0,7384;0,0814
34376;2020-02-16;T19-20;I1;Sampdoria;Fiorentina;1;5;2;2;0,3363;0,2276;0,4361
34375;2020-02-16;T19-20;I1;Juventus;Brescia;2;0;1;1;0,0877;0,9008;0,0114
34374;2020-02-16;T19-20;I1;Udinese;Verona;0;0;0;1;0,3188;0,5892;0,0921
26081;2020-02-16;T19-20;F1;Lille;Marseille;1;2;2;1;0,2734;0,5466;0,1799
26080;2020-02-16;T19-20;F1;Reims;Rennes;1;0;1;1;0,3026;0,433;0,2643
26079;2020-02-16;T19-20;F1;Brest;St Etienne;3;2;1;1;0,33;0,3521;0,3178
26078;2020-02-16;T19-20;F1;Lyon;Strasbourg;1;1;0;1;0,2114;0,7024;0,0863
15808;2020-02-16;T19-20;E0;Aston Villa;Tottenham;2;3;2;2;0,2714;0,2084;0,5202
5882;2020-02-16;T19-20;D1;Mainz;Schalke 04;0;0;0;2;0,2393;0,1747;0,586
5881;2020-02-16;T19-20;D1;FC Koln;Bayern Munich;1;4;2;2;0,1844;0,0829;0,7327
34377;2020-02-16;T19-20;I1;Sassuolo;Parma;0;1;2;2;0,304;0,2744;0,4216
34380;2020-02-17;T19-20;I1;Milan;Torino;1;0;1;1;0,1558;0,808;0,0362
56206;2020-02-19;T19-20;SP2;Mirandes;Zaragoza;1;1;0;2;0,2751;0,3477;0,3772
56207;2020-02-21;T19-20;SP2;Sp Gijon;Cadiz;1;0;1;1;0,3107;0,4184;0,2709
44368;2020-02-21;T19-20;SP1;Betis;Mallorca;3;3;0;1;0,3363;0,3668;0,2969
34381;2020-02-21;T19-20;I1;Brescia;Napoli;1;2;2;2;0,1554;0,0533;0,7914
26082;2020-02-21;T19-20;F1;Nice;Brest;2;2;0;1;0,2155;0,6972;0,0874
5883;2020-02-21;T19-20;D1;Bayern Munich;Paderborn;3;2;1;1;0,059;0,9278;0,0132
26083;2020-02-21;T19-20;F1;Metz;Lyon;0;2;2;2;0,2296;0,1217;0,6487
34382;2020-02-22;T19-20;I1;Bologna;Udinese;1;1;0;1;0,3155;0,494;0,1904
34383;2020-02-22;T19-20;I1;Spal;Juventus;1;2;2;2;0,1145;0,0276;0,8579
34384;2020-02-22;T19-20;I1;Fiorentina;Milan;1;1;0;1;0,3225;0,4456;0,2319
44369;2020-02-22;T19-20;SP1;Celta;Leganes;1;0;1;1;0,2519;0,6536;0,0945
44370;2020-02-22;T19-20;SP1;Barcelona;Eibar;5;0;1;1;0,1557;0,8012;0,0431
44371;2020-02-22;T19-20;SP1;Sociedad;Valencia;3;0;1;1;0,1636;0,7657;0,0707
44372;2020-02-22;T19-20;SP1;Levante;Real Madrid;1;0;1;2;0,2543;0,2089;0,5368
56209;2020-02-22;T19-20;SP2;Almeria;Fuenlabrada;0;0;0;1;0,2728;0,4749;0,2523
56210;2020-02-22;T19-20;SP2;Girona;Ponferradina;2;0;1;1;0,2589;0,6122;0,1289
56211;2020-02-22;T19-20;SP2;Tenerife;Elche;1;0;1;2;0,3085;0,3313;0,3601
56212;2020-02-22;T19-20;SP2;Albacete;Numancia;2;1;1;1;0,2425;0,591;0,1665
26088;2020-02-22;T19-20;F1;Strasbourg;Amiens;0;0;0;1;0,3071;0,5374;0,1555
56208;2020-02-22;T19-20;SP2;Alcorcon;Las Palmas;1;1;0;1;0,2449;0,515;0,24
26087;2020-02-22;T19-20;F1;Lille;Toulouse;3;0;1;1;0,1766;0,7638;0,0596
5885;2020-02-22;T19-20;D1;Hertha;FC Koln;0;5;2;1;0,2844;0,5276;0,188
26085;2020-02-22;T19-20;F1;Angers;Montpellier;1;0;1;1;0,1809;0,7415;0,0776
5884;2020-02-22;T19-20;D1;Freiburg;Fortuna Dusseldorf;0;2;2;1;0,2624;0,5753;0,1624
5886;2020-02-22;T19-20;D1;M'gladbach;Hoffenheim;1;1;0;1;0,2752;0,525;0,1997
5887;2020-02-22;T19-20;D1;Werder Bremen;Dortmund;0;2;2;2;0,1189;0,0403;0,8407
5888;2020-02-22;T19-20;D1;Schalke 04;RB Leipzig;0;5;2;2;0,2566;0,1737;0,5698
15812;2020-02-22;T19-20;E0;Chelsea;Tottenham;2;1;1;1;0,2631;0,5432;0,1937
26086;2020-02-22;T19-20;F1;Dijon;Monaco;1;1;0;1;0,3025;0,4093;0,2882
15814;2020-02-22;T19-20;E0;Crystal Palace;Newcastle;1;0;1;1;0,239;0,5844;0,1766
15815;2020-02-22;T19-20;E0;Sheffield United;Brighton;1;1;0;1;0,3444;0,4153;0,2403
15816;2020-02-22;T19-20;E0;Southampton;Aston Villa;2;0;1;1;0,256;0,5548;0,1893
15817;2020-02-22;T19-20;E0;Leicester;Man City;0;1;2;2;0,2005;0,1679;0,6316
26084;2020-02-22;T19-20;F1;Marseille;Nantes;1;3;2;1;0,3083;0,4072;0,2845
15813;2020-02-22;T19-20;E0;Burnley;Bournemouth;3;0;1;1;0,1935;0,7223;0,0843
44374;2020-02-23;T19-20;SP1;Alaves;Ath Bilbao;2;1;1;2;0,2933;0,2063;0,5003
56217;2020-02-23;T19-20;SP2;Vallecano;Huesca;2;0;1;2;0,2745;0,3097;0,4158
56216;2020-02-23;T19-20;SP2;Malaga;Santander;2;0;1;1;0,2198;0,7007;0,0795
56215;2020-02-23;T19-20;SP2;Extremadura;Mirandes;3;2;1;1;0,2272;0,6034;0,1694
56214;2020-02-23;T19-20;SP2;Zaragoza;La Coruna;3;1;1;1;0,1813;0,7622;0,0565
56213;2020-02-23;T19-20;SP2;Lugo;Oviedo;1;0;1;1;0,2856;0,4731;0,2413
44377;2020-02-23;T19-20;SP1;Ath Madrid;Villarreal;3;1;1;1;0,2596;0,632;0,1085
44376;2020-02-23;T19-20;SP1;Getafe;Sevilla;0;3;2;2;0,2132;0,1554;0,6314
44375;2020-02-23;T19-20;SP1;Valladolid;Espanol;2;1;1;1;0,2197;0,7265;0,0538
44373;2020-02-23;T19-20;SP1;Osasuna;Granada;0;3;2;1;0,2576;0,5797;0,1627
26089;2020-02-23;T19-20;F1;St Etienne;Reims;1;1;0;1;0,3249;0,3606;0,3145
34385;2020-02-23;T19-20;I1;Genoa;Lazio;2;3;2;2;0,2284;0,1075;0,6641
26091;2020-02-23;T19-20;F1;Paris SG;Bordeaux;4;3;1;1;0,0894;0,8893;0,0212
26090;2020-02-23;T19-20;F1;Rennes;Nimes;2;1;1;1;0,0921;0,8946;0,0133
15820;2020-02-23;T19-20;E0;Arsenal;Everton;3;2;1;1;0,1916;0,7427;0,0657
15819;2020-02-23;T19-20;E0;Wolves;Norwich;3;0;1;1;0,1697;0,76;0,0704
15818;2020-02-23;T19-20;E0;Man United;Watford;3;0;1;1;0,1152;0,859;0,0258
5890;2020-02-23;T19-20;D1;Wolfsburg;Mainz;4;0;1;1;0,1581;0,7896;0,0523
5889;2020-02-23;T19-20;D1;Leverkusen;Augsburg;2;0;1;1;0,1568;0,7614;0,0818
34386;2020-02-23;T19-20;I1;Roma;Lecce;4;0;1;1;0,065;0,9191;0,0158
5891;2020-02-24;T19-20;D1;Ein Frankfurt;Union Berlin;1;2;2;1;0,3217;0,3756;0,3027
15821;2020-02-24;T19-20;E0;Liverpool;West Ham;3;2;1;1;0,0792;0,8982;0,0226
56218;2020-02-28;T19-20;SP2;Las Palmas;Malaga;1;1;0;1;0,2582;0,5785;0,1632
44378;2020-02-28;T19-20;SP1;Sociedad;Valladolid;1;0;1;1;0,1979;0,7317;0,0704
26092;2020-02-28;T19-20;F1;Nimes;Marseille;2;3;2;2;0,1873;0,1049;0,7078
15822;2020-02-28;T19-20;E0;Norwich;Leicester;1;0;1;2;0,2686;0,2891;0,4423
5892;2020-02-28;T19-20;D1;Fortuna Dusseldorf;Hertha;3;3;0;1;0,2647;0,539;0,1963
56223;2020-02-29;T19-20;SP2;Santander;Zaragoza;2;2;0;2;0,278;0,2405;0,4815
56222;2020-02-29;T19-20;SP2;Albacete;Vallecano;1;1;0;1;0,258;0,5805;0,1616
56221;2020-02-29;T19-20;SP2;Cadiz;Almeria;2;1;1;1;0,2193;0,5767;0,2041
56220;2020-02-29;T19-20;SP2;Ponferradina;Sp Gijon;1;0;1;1;0,2933;0,4749;0,2318
56219;2020-02-29;T19-20;SP2;Huesca;Extremadura;2;2;0;1;0,2385;0,6314;0,1301
44382;2020-02-29;T19-20;SP1;Granada;Celta;0;0;0;1;0,2251;0,7079;0,067
44381;2020-02-29;T19-20;SP1;Leganes;Alaves;1;1;0;0;0,369;0,3095;0,3215
44380;2020-02-29;T19-20;SP1;Valencia;Betis;2;1;1;1;0,2886;0,5167;0,1947
44379;2020-02-29;T19-20;SP1;Eibar;Levante;3;0;1;1;0,2929;0,5202;0,1869
34388;2020-02-29;T19-20;I1;Napoli;Torino;2;1;1;1;0,1175;0,8585;0,024
26098;2020-02-29;T19-20;F1;Toulouse;Rennes;0;2;2;2;0,1695;0,0837;0,7468
26097;2020-02-29;T19-20;F1;Montpellier;Strasbourg;3;0;1;1;0,3377;0,455;0,2074
26096;2020-02-29;T19-20;F1;Monaco;Reims;1;1;0;2;0,2723;0,2349;0,4928
34387;2020-02-29;T19-20;I1;Lazio;Bologna;2;0;1;1;0,1405;0,8297;0,0298
26094;2020-02-29;T19-20;F1;Amiens;Metz;0;1;2;1;0,3171;0,4787;0,2042
5893;2020-02-29;T19-20;D1;Augsburg;M'gladbach;2;3;2;2;0,1857;0,0997;0,7146
5894;2020-02-29;T19-20;D1;Dortmund;Freiburg;1;0;1;1;0,1199;0,8306;0,0495
26095;2020-02-29;T19-20;F1;Brest;Angers;0;1;2;2;0,2231;0,1372;0,6397
5896;2020-02-29;T19-20;D1;Mainz;Paderborn;2;0;1;1;0,2626;0,5779;0,1595
5897;2020-02-29;T19-20;D1;FC Koln;Schalke 04;3;0;1;1;0,2343;0,5778;0,188
15823;2020-02-29;T19-20;E0;Brighton;Crystal Palace;0;1;2;2;0,2922;0,2566;0,4512
5895;2020-02-29;T19-20;D1;Hoffenheim;Bayern Munich;0;6;2;2;0,2183;0,1613;0,6205
15825;2020-02-29;T19-20;E0;Newcastle;Burnley;0;0;0;1;0,3261;0,4166;0,2574
15826;2020-02-29;T19-20;E0;West Ham;Southampton;3;1;1;1;0,2066;0,673;0,1204
15827;2020-02-29;T19-20;E0;Watford;Liverpool;3;0;1;2;0,1392;0,0548;0,806
26093;2020-02-29;T19-20;F1;Paris SG;Dijon;4;0;1;1;0,0461;0,9464;0,0076
15824;2020-02-29;T19-20;E0;Bournemouth;Chelsea;2;2;0;2;0,27;0,2962;0,4339
44384;2020-03-01;T19-20;SP1;Ath Bilbao;Villarreal;1;0;1;1;0,1436;0,8019;0,0545
56226;2020-03-01;T19-20;SP2;La Coruna;Lugo;0;0;0;0;0,3661;0,3071;0,3268
56225;2020-03-01;T19-20;SP2;Elche;Numancia;2;0;1;1;0,2891;0,4393;0,2717
56224;2020-03-01;T19-20;SP2;Mirandes;Girona;1;1;0;1;0,2638;0,509;0,2272
44387;2020-03-01;T19-20;SP1;Real Madrid;Barcelona;2;0;1;1;0,2306;0,6167;0,1527
56228;2020-03-01;T19-20;SP2;Oviedo;Tenerife;1;0;1;1;0,194;0,7441;0,0619
44385;2020-03-01;T19-20;SP1;Espanol;Ath Madrid;1;1;0;2;0,1192;0,0302;0,8506
44383;2020-03-01;T19-20;SP1;Sevilla;Osasuna;3;2;1;1;0,0978;0,8678;0,0344
44386;2020-03-01;T19-20;SP1;Mallorca;Getafe;0;1;2;2;0,2886;0,1828;0,5287
34389;2020-03-01;T19-20;I1;Lecce;Atalanta;2;7;2;2;0,2324;0,0987;0,6689
26101;2020-03-01;T19-20;F1;Lyon;St Etienne;2;0;1;1;0,3069;0,4626;0,2305
26100;2020-03-01;T19-20;F1;Bordeaux;Nice;1;1;0;1;0,3257;0,4523;0,2219
26099;2020-03-01;T19-20;F1;Nantes;Lille;0;1;2;1;0,3411;0,3531;0,3058
15829;2020-03-01;T19-20;E0;Tottenham;Wolves;2;3;2;1;0,3281;0,3647;0,3072
15828;2020-03-01;T19-20;E0;Everton;Man United;1;1;0;1;0,3066;0,4363;0,2572
5899;2020-03-01;T19-20;D1;RB Leipzig;Leverkusen;1;1;0;1;0,1795;0,7493;0,0712
34390;2020-03-01;T19-20;I1;Cagliari;Roma;3;4;2;2;0,1976;0,1041;0,6983
56229;2020-03-06;T19-20;SP2;Lugo;Cadiz;1;1;0;2;0,2635;0,2041;0,5325
44388;2020-03-06;T19-20;SP1;Alaves;Valencia;1;1;0;1;0,3042;0,445;0,2508
5900;2020-03-06;T19-20;D1;Paderborn;FC Koln;1;2;2;2;0,2799;0,2161;0,504
26102;2020-03-06;T19-20;F1;Marseille;Amiens;2;2;0;1;0,1834;0,7689;0,0477
44390;2020-03-07;T19-20;SP1;Ath Madrid;Sevilla;2;2;0;1;0,2452;0,591;0,1638
26106;2020-03-07;T19-20;F1;Nice;Monaco;2;1;1;1;0,1916;0,7096;0,0987
26107;2020-03-07;T19-20;F1;Reims;Brest;1;0;1;1;0,1951;0,7414;0,0634
44389;2020-03-07;T19-20;SP1;Eibar;Mallorca;1;2;2;1;0,3276;0,4709;0,2014
44391;2020-03-07;T19-20;SP1;Barcelona;Sociedad;1;0;1;1;0,1144;0,8551;0,0304
56234;2020-03-07;T19-20;SP2;Almeria;La Coruna;4;0;1;1;0,2298;0,5948;0,1754
56230;2020-03-07;T19-20;SP2;Extremadura;Oviedo;1;2;2;1;0,2934;0,3896;0,3169
56231;2020-03-07;T19-20;SP2;Girona;Albacete;1;1;0;1;0,267;0,4643;0,2686
56232;2020-03-07;T19-20;SP2;Huesca;Fuenlabrada;2;0;1;1;0,2286;0,5422;0,2292
56233;2020-03-07;T19-20;SP2;Numancia;Santander;1;2;2;1;0,2441;0,5785;0,1774
26105;2020-03-07;T19-20;F1;Metz;Nimes;2;1;1;1;0,2339;0,6815;0,0846
44392;2020-03-07;T19-20;SP1;Getafe;Celta;0;0;0;1;0,3444;0,4622;0,1934
26104;2020-03-07;T19-20;F1;Dijon;Toulouse;2;1;1;1;0,3284;0,3897;0,2819
15835;2020-03-07;T19-20;E0;Wolves;Brighton;0;0;0;1;0,2561;0,5601;0,1838
15836;2020-03-07;T19-20;E0;Burnley;Tottenham;1;1;0;1;0,2872;0,432;0,2808
5901;2020-03-07;T19-20;D1;Freiburg;Union Berlin;3;1;1;1;0,2115;0,6858;0,1027
5902;2020-03-07;T19-20;D1;Hertha;Werder Bremen;2;2;0;1;0,2612;0,5206;0,2181
26103;2020-03-07;T19-20;F1;Angers;Nantes;2;0;1;1;0,207;0,7061;0,0869
5904;2020-03-07;T19-20;D1;Schalke 04;Hoffenheim;1;1;0;2;0,1773;0,1151;0,7076
5905;2020-03-07;T19-20;D1;Wolfsburg;RB Leipzig;0;0;0;1;0,2883;0,3932;0,3185
5906;2020-03-07;T19-20;D1;M'gladbach;Dortmund;1;2;2;2;0,3006;0,283;0,4163
5903;2020-03-07;T19-20;D1;Leverkusen;Ein Frankfurt;4;0;1;1;0,1987;0,6716;0,1298
15831;2020-03-07;T19-20;E0;Arsenal;West Ham;1;0;1;1;0,1509;0,7758;0,0733
15832;2020-03-07;T19-20;E0;Crystal Palace;Watford;1;0;1;1;0,1741;0,7761;0,0497
15833;2020-03-07;T19-20;E0;Sheffield United;Norwich;1;0;1;1;0,2196;0,6753;0,1052
15834;2020-03-07;T19-20;E0;Southampton;Newcastle;0;1;2;1;0,2527;0,5506;0,1966
15830;2020-03-07;T19-20;E0;Liverpool;Bournemouth;2;1;1;1;0,0712;0,9112;0,0177
44395;2020-03-08;T19-20;SP1;Levante;Granada;1;1;0;1;0,1854;0,7112;0,1035
56238;2020-03-08;T19-20;SP2;Sp Gijon;Las Palmas;4;0;1;1;0,2368;0,4482;0,315
56239;2020-03-08;T19-20;SP2;Tenerife;Ponferradina;1;0;1;1;0,2328;0,5944;0,1727
56237;2020-03-08;T19-20;SP2;Alcorcon;Mirandes;1;2;2;1;0,2186;0,5728;0,2086
56236;2020-03-08;T19-20;SP2;Malaga;Zaragoza;0;1;2;1;0,2832;0,3778;0,3389
56235;2020-03-08;T19-20;SP2;Vallecano;Elche;2;3;2;1;0,2255;0,5507;0,2238
44397;2020-03-08;T19-20;SP1;Betis;Real Madrid;2;1;1;2;0,148;0,0804;0,7716
44396;2020-03-08;T19-20;SP1;Villarreal;Leganes;1;2;2;1;0,2408;0,6336;0,1256
44394;2020-03-08;T19-20;SP1;Valladolid;Ath Bilbao;1;4;2;2;0,2904;0,2258;0,4838
5908;2020-03-08;T19-20;D1;Mainz;Fortuna Dusseldorf;1;1;0;1;0,2457;0,5748;0,1795
34394;2020-03-08;T19-20;I1;Udinese;Fiorentina;0;0;0;1;0,3269;0,4062;0,2669
5907;2020-03-08;T19-20;D1;Bayern Munich;Augsburg;2;0;1;1;0,0369;0,9517;0,0114
15837;2020-03-08;T19-20;E0;Chelsea;Everton;4;0;1;1;0,1468;0,787;0,0662
15838;2020-03-08;T19-20;E0;Man United;Man City;2;0;1;1;0,2369;0,5443;0,2188
44393;2020-03-08;T19-20;SP1;Osasuna;Espanol;1;0;1;1;0,1266;0,8343;0,039
26109;2020-03-08;T19-20;F1;Rennes;Montpellier;5;0;1;1;0,1575;0,8077;0,0348
26110;2020-03-08;T19-20;F1;Lille;Lyon;1;0;1;1;0,2244;0,6822;0,0934
34392;2020-03-08;T19-20;I1;Milan;Genoa;1;2;2;1;0,1394;0,8158;0,0449
26108;2020-03-08;T19-20;F1;St Etienne;Bordeaux;1;1;0;1;0,3334;0,3399;0,3267
44398;2020-03-10;T19-20;SP1;Eibar;Sociedad;1;2;2;1;0,2811;0,5147;0,2042
5909;2020-03-11;T19-20;D1;M'gladbach;FC Koln;2;1;1;1;0,1319;0,8318;0,0362
5928;2020-05-26;T19-20;D1;Dortmund;Bayern Munich;0;1;2;2;0,1923;0,1203;0,6873
5929;2020-05-26;T19-20;D1;Ein Frankfurt;Freiburg;3;3;0;1;0,2559;0,5;0,2441
5930;2020-05-26;T19-20;D1;Leverkusen;Wolfsburg;1;4;2;2;0,2816;0,3196;0,3988
5931;2020-05-26;T19-20;D1;Werder Bremen;M'gladbach;0;0;0;2;0,244;0,185;0,5711
5935;2020-05-27;T19-20;D1;Hoffenheim;FC Koln;3;1;1;1;0,1121;0,8483;0,0396
5936;2020-05-27;T19-20;D1;Union Berlin;Mainz;1;1;0;1;0,2384;0,5969;0,1647
5933;2020-05-27;T19-20;D1;Augsburg;Paderborn;0;0;0;1;0,1707;0,7645;0,0647
5932;2020-05-27;T19-20;D1;RB Leipzig;Hertha;2;2;0;1;0,1438;0,8315;0,0247
5934;2020-05-27;T19-20;D1;Fortuna Dusseldorf;Schalke 04;2;1;1;2;0,2707;0,2921;0,4373
5937;2020-05-29;T19-20;D1;Freiburg;Leverkusen;0;1;2;1;0,2717;0,4945;0,2338
5938;2020-05-30;T19-20;D1;Hertha;Augsburg;2;0;1;1;0,306;0,5104;0,1836
5939;2020-05-30;T19-20;D1;Mainz;Hoffenheim;0;1;2;2;0,1806;0,1033;0,7161
5940;2020-05-30;T19-20;D1;Schalke 04;Werder Bremen;0;1;2;1;0,2334;0,6569;0,1097
5941;2020-05-30;T19-20;D1;Wolfsburg;Ein Frankfurt;1;2;2;2;0,2663;0,2852;0,4485
5942;2020-05-30;T19-20;D1;Bayern Munich;Fortuna Dusseldorf;5;0;1;1;0,1448;0,8085;0,0467
5943;2020-05-31;T19-20;D1;M'gladbach;Union Berlin;4;1;1;1;0,1303;0,8226;0,0471
5944;2020-05-31;T19-20;D1;Paderborn;Dortmund;1;6;2;2;0,2178;0,1087;0,6735
5945;2020-06-01;T19-20;D1;FC Koln;RB Leipzig;2;4;2;2;0,0662;0,0211;0,9127
5946;2020-06-03;T19-20;D1;Werder Bremen;Ein Frankfurt;0;3;2;2;0,2916;0,2266;0,4818
5947;2020-06-05;T19-20;D1;Freiburg;M'gladbach;1;0;1;1;0,266;0,4767;0,2573
5952;2020-06-06;T19-20;D1;Dortmund;Hertha;1;0;1;1;0,1788;0,7748;0,0464
5951;2020-06-06;T19-20;D1;RB Leipzig;Paderborn;1;1;0;1;0,0654;0,9157;0,0188
5948;2020-06-06;T19-20;D1;Ein Frankfurt;Mainz;0;2;2;1;0,2698;0,5306;0,1996
5949;2020-06-06;T19-20;D1;Fortuna Dusseldorf;Hoffenheim;2;2;0;2;0,2415;0,1524;0,6061
5950;2020-06-06;T19-20;D1;Leverkusen;Bayern Munich;2;4;2;2;0,2753;0,2993;0,4254
5953;2020-06-07;T19-20;D1;Werder Bremen;Wolfsburg;0;1;2;1;0,2535;0,5558;0,1907
5954;2020-06-07;T19-20;D1;Union Berlin;Schalke 04;1;1;0;1;0,2385;0,521;0,2405
5955;2020-06-07;T19-20;D1;Augsburg;FC Koln;1;1;0;1;0,1809;0,714;0,1051
5956;2020-06-12;T19-20;D1;Hoffenheim;RB Leipzig;0;2;2;2;0,2746;0,2874;0,438
5957;2020-06-13;T19-20;D1;FC Koln;Union Berlin;1;2;2;2;0,2363;0,2329;0,5308
5958;2020-06-13;T19-20;D1;Fortuna Dusseldorf;Dortmund;0;1;2;2;0,2304;0,1361;0,6335
5959;2020-06-13;T19-20;D1;Hertha;Ein Frankfurt;1;4;2;2;0,332;0,3206;0,3474
5960;2020-06-13;T19-20;D1;Paderborn;Werder Bremen;1;5;2;2;0,2555;0,1866;0,5579
5961;2020-06-13;T19-20;D1;Wolfsburg;Freiburg;2;2;0;1;0,3085;0,468;0,2235
5962;2020-06-13;T19-20;D1;Bayern Munich;M'gladbach;2;1;1;1;0,2241;0,4956;0,2803
5963;2020-06-14;T19-20;D1;Mainz;Augsburg;0;1;2;2;0,2371;0,1943;0,5687
5964;2020-06-14;T19-20;D1;Schalke 04;Leverkusen;1;1;0;1;0,2084;0,6508;0,1408
5967;2020-06-16;T19-20;D1;Union Berlin;Paderborn;1;0;1;1;0,1542;0,7698;0,076
5968;2020-06-16;T19-20;D1;Werder Bremen;Bayern Munich;0;1;2;2;0,2574;0,2143;0,5283
5965;2020-06-16;T19-20;D1;M'gladbach;Wolfsburg;3;0;1;1;0,1468;0,7891;0,0641
5966;2020-06-16;T19-20;D1;Freiburg;Hertha;2;1;1;1;0,2095;0,7032;0,0873
5969;2020-06-17;T19-20;D1;Ein Frankfurt;Schalke 04;2;1;1;2;0,2579;0,2762;0,4658
5970;2020-06-17;T19-20;D1;Augsburg;Hoffenheim;1;3;2;1;0,2868;0,3637;0,3495
5971;2020-06-17;T19-20;D1;Dortmund;Mainz;0;2;2;1;0,2458;0,5748;0,1794
5972;2020-06-17;T19-20;D1;Leverkusen;FC Koln;3;1;1;1;0,2186;0,6579;0,1235
5973;2020-06-17;T19-20;D1;RB Leipzig;Fortuna Dusseldorf;2;2;0;1;0,1045;0,8582;0,0373
56263;2020-06-19;T19-20;SP2;Elche;Girona;1;0;1;1;0,2548;0,4718;0,2735
44421;2020-06-19;T19-20;SP1;Sevilla;Barcelona;0;0;0;1;0,2591;0,5162;0,2247
44419;2020-06-19;T19-20;SP1;Granada;Villarreal;0;1;2;1;0,3173;0,4625;0,2202
44420;2020-06-19;T19-20;SP1;Mallorca;Leganes;1;1;0;1;0,2813;0,4872;0,2315
44422;2020-06-20;T19-20;SP1;Espanol;Levante;1;3;2;2;0,1989;0,097;0,7041
56267;2020-06-20;T19-20;SP2;Malaga;Extremadura;1;1;0;2;0,258;0,2032;0,5388
56266;2020-06-20;T19-20;SP2;Zaragoza;Almeria;0;2;2;2;0,2414;0,2176;0,541
56264;2020-06-20;T19-20;SP2;La Coruna;Vallecano;3;3;0;2;0,3069;0,2641;0,4289
44425;2020-06-20;T19-20;SP1;Ath Madrid;Valladolid;1;0;1;1;0,1811;0,7836;0,0353
44424;2020-06-20;T19-20;SP1;Getafe;Eibar;1;1;0;1;0,297;0,4827;0,2203
44423;2020-06-20;T19-20;SP1;Ath Bilbao;Betis;1;0;1;1;0,2067;0,6615;0,1318
5982;2020-06-20;T19-20;D1;Schalke 04;Wolfsburg;1;4;2;1;0,2096;0,657;0,1334
56265;2020-06-20;T19-20;SP2;Las Palmas;Lugo;1;0;1;1;0,162;0,7483;0,0897
5980;2020-06-20;T19-20;D1;Paderborn;M'gladbach;1;3;2;2;0,1599;0,0853;0,7548
5979;2020-06-20;T19-20;D1;Mainz;Werder Bremen;3;1;1;1;0,2934;0,5213;0,1853
5978;2020-06-20;T19-20;D1;Hoffenheim;Union Berlin;4;0;1;1;0,1318;0,8167;0,0515
5977;2020-06-20;T19-20;D1;Hertha;Leverkusen;2;0;1;1;0,2428;0,566;0,1912
5976;2020-06-20;T19-20;D1;Fortuna Dusseldorf;Augsburg;1;1;0;2;0,2517;0,2062;0,5421
5975;2020-06-20;T19-20;D1;FC Koln;Ein Frankfurt;1;1;0;1;0,2702;0,5163;0,2135
5974;2020-06-20;T19-20;D1;Bayern Munich;Freiburg;3;1;1;1;0,1613;0,7624;0,0763
5981;2020-06-20;T19-20;D1;RB Leipzig;Dortmund;0;2;2;1;0,1874;0,6954;0,1172
56272;2020-06-21;T19-20;SP2;Fuenlabrada;Numancia;2;0;1;1;0,2392;0,4524;0,3084
56271;2020-06-21;T19-20;SP2;Cadiz;Alcorcon;1;1;0;1;0,1992;0,635;0,1658
56270;2020-06-21;T19-20;SP2;Albacete;Huesca;2;2;0;1;0,2623;0,4355;0,3022
56269;2020-06-21;T19-20;SP2;Santander;Tenerife;1;2;2;2;0,2649;0,3641;0,371
44428;2020-06-21;T19-20;SP1;Sociedad;Real Madrid;1;2;2;2;0,2175;0,1481;0,6344
44427;2020-06-21;T19-20;SP1;Valencia;Osasuna;2;0;1;1;0,1948;0,6483;0,157
44426;2020-06-21;T19-20;SP1;Celta;Alaves;6;0;1;1;0,2798;0,6116;0,1086
56268;2020-06-21;T19-20;SP2;Mirandes;Ponferradina;1;2;2;2;0,3054;0,2508;0,4437
44429;2020-06-22;T19-20;SP1;Villarreal;Sevilla;2;2;0;2;0,2724;0,2202;0,5074
44430;2020-06-22;T19-20;SP1;Leganes;Granada;0;0;0;2;0,3316;0,3129;0,3555
56273;2020-06-22;T19-20;SP2;Sp Gijon;Oviedo;0;1;2;2;0,3058;0,3173;0,3769
56276;2020-06-23;T19-20;SP2;Extremadura;Zaragoza;1;2;2;1;0,2117;0,4767;0,3116
56274;2020-06-23;T19-20;SP2;Elche;La Coruna;0;1;2;1;0,2386;0,5753;0,1861
56275;2020-06-23;T19-20;SP2;Lugo;Malaga;0;0;0;1;0,2592;0,4378;0,303
44432;2020-06-23;T19-20;SP1;Valladolid;Getafe;1;1;0;2;0,3166;0,2978;0,3856
44431;2020-06-23;T19-20;SP1;Levante;Ath Madrid;0;1;2;2;0,3005;0,2795;0,42
44433;2020-06-23;T19-20;SP1;Barcelona;Ath Bilbao;1;0;1;1;0,1607;0,7808;0,0585
44434;2020-06-24;T19-20;SP1;Alaves;Osasuna;0;1;2;2;0,2176;0,1386;0,6438
44435;2020-06-24;T19-20;SP1;Sociedad;Celta;0;1;2;1;0,1806;0,7506;0,0688
44436;2020-06-24;T19-20;SP1;Real Madrid;Mallorca;2;0;1;1;0,0521;0,9377;0,0102
56277;2020-06-24;T19-20;SP2;Girona;Numancia;2;0;1;2;0,264;0,3405;0,3955
56278;2020-06-24;T19-20;SP2;Huesca;Cadiz;1;1;0;2;0,2501;0,3265;0,4235
56279;2020-06-24;T19-20;SP2;Tenerife;Mirandes;4;1;1;1;0,3263;0,3853;0,2884
56280;2020-06-24;T19-20;SP2;Albacete;Las Palmas;0;0;0;1;0,2479;0,4633;0,2888
56281;2020-06-24;T19-20;SP2;Ponferradina;Santander;1;1;0;1;0,1934;0,7265;0,0801
56284;2020-06-25;T19-20;SP2;Oviedo;Fuenlabrada;0;0;0;2;0,2544;0,1819;0,5637
56283;2020-06-25;T19-20;SP2;Vallecano;Sp Gijon;1;1;0;1;0,2542;0,5608;0,185
44438;2020-06-25;T19-20;SP1;Betis;Espanol;1;0;1;1;0,1439;0,8142;0,0419
44437;2020-06-25;T19-20;SP1;Eibar;Valencia;1;0;1;1;0,2648;0,4947;0,2405
56282;2020-06-25;T19-20;SP2;Almeria;Alcorcon;0;1;2;1;0,2759;0,4821;0,242
44439;2020-06-26;T19-20;SP1;Sevilla;Valladolid;1;1;0;1;0,1599;0,7847;0,0555
44440;2020-06-27;T19-20;SP1;Ath Bilbao;Mallorca;3;1;1;1;0,1307;0,8227;0,0467
56287;2020-06-27;T19-20;SP2;Las Palmas;Elche;1;1;0;1;0,1964;0,648;0,1555
56286;2020-06-27;T19-20;SP2;Cadiz;Tenerife;0;2;2;1;0,1449;0,7707;0,0843
56288;2020-06-27;T19-20;SP2;Santander;Albacete;1;2;2;2;0,2317;0,1712;0,597
56285;2020-06-27;T19-20;SP2;La Coruna;Ponferradina;2;1;1;2;0,286;0,2324;0,4816
44443;2020-06-27;T19-20;SP1;Ath Madrid;Alaves;2;1;1;1;0,1151;0,8616;0,0233
44442;2020-06-27;T19-20;SP1;Osasuna;Leganes;2;1;1;1;0,1948;0,7069;0,0983
44441;2020-06-27;T19-20;SP1;Celta;Barcelona;2;2;0;2;0,1194;0,0363;0,8442
34413;2020-06-27;T19-20;I1;Cagliari;Torino;4;2;1;1;0,1943;0,7415;0,0642
5985;2020-06-27;T19-20;D1;Ein Frankfurt;Paderborn;3;2;1;1;0,1944;0,6753;0,1302
5991;2020-06-27;T19-20;D1;Wolfsburg;Bayern Munich;0;4;2;2;0,2651;0,2292;0,5058
5990;2020-06-27;T19-20;D1;Werder Bremen;FC Koln;6;1;1;1;0,2243;0,6317;0,144
5989;2020-06-27;T19-20;D1;Union Berlin;Fortuna Dusseldorf;3;0;1;1;0,226;0,6489;0,1251
5988;2020-06-27;T19-20;D1;M'gladbach;Hertha;2;1;1;1;0,1175;0,8464;0,0361
5987;2020-06-27;T19-20;D1;Leverkusen;Mainz;1;0;1;1;0,2255;0,6467;0,1278
5986;2020-06-27;T19-20;D1;Freiburg;Schalke 04;4;0;1;2;0,2837;0,3496;0,3667
5984;2020-06-27;T19-20;D1;Dortmund;Hoffenheim;0;4;2;2;0,2359;0,3066;0,4576
5983;2020-06-27;T19-20;D1;Augsburg;RB Leipzig;1;2;2;2;0,2401;0,1875;0,5724
15862;2020-06-27;T19-20;E0;Aston Villa;Wolves;0;1;2;1;0,2489;0,5707;0,1804
56292;2020-06-28;T19-20;SP2;Numancia;Oviedo;1;0;1;1;0,1278;0,7991;0,073
56291;2020-06-28;T19-20;SP2;Malaga;Girona;2;0;1;1;0,2886;0,4051;0,3063
56290;2020-06-28;T19-20;SP2;Sp Gijon;Lugo;2;0;1;1;0,3151;0,4355;0,2495
56289;2020-06-28;T19-20;SP2;Mirandes;Almeria;2;2;0;2;0,2633;0,3647;0,3719
44447;2020-06-28;T19-20;SP1;Espanol;Real Madrid;0;1;2;2;0,0961;0,0251;0,8787
56293;2020-06-28;T19-20;SP2;Fuenlabrada;Extremadura;1;1;0;1;0,2576;0,5136;0,2289
44445;2020-06-28;T19-20;SP1;Villarreal;Valencia;2;0;1;1;0,2735;0,5547;0,1718
44444;2020-06-28;T19-20;SP1;Levante;Betis;4;2;1;1;0,206;0,6644;0,1296
34420;2020-06-28;T19-20;I1;Parma;Inter;1;2;2;2;0,1403;0,0384;0,8214
34418;2020-06-28;T19-20;I1;Sassuolo;Verona;3;3;0;1;0,2515;0,644;0,1045
15863;2020-06-28;T19-20;E0;Watford;Southampton;1;3;2;2;0,2529;0,1557;0,5914
44446;2020-06-28;T19-20;SP1;Granada;Eibar;1;2;2;1;0,3358;0,3467;0,3175
15864;2020-06-29;T19-20;E0;Crystal Palace;Burnley;0;1;2;1;0,328;0,3634;0,3086
44448;2020-06-29;T19-20;SP1;Getafe;Sociedad;2;1;1;1;0,2925;0,4723;0,2352
56294;2020-06-29;T19-20;SP2;Alcorcon;Vallecano;3;2;1;1;0,2797;0,4817;0,2386
56295;2020-06-29;T19-20;SP2;Zaragoza;Huesca;0;1;2;2;0,2212;0,1839;0,595
56297;2020-06-30;T19-20;SP2;Elche;Cadiz;0;0;0;2;0,2442;0,267;0,4888
56296;2020-06-30;T19-20;SP2;Tenerife;La Coruna;1;1;0;1;0,3203;0,4344;0,2453
44451;2020-06-30;T19-20;SP1;Barcelona;Ath Madrid;2;2;0;1;0,2113;0,6941;0,0946
44450;2020-06-30;T19-20;SP1;Leganes;Sevilla;0;3;2;2;0,1853;0,0911;0,7235
44449;2020-06-30;T19-20;SP1;Mallorca;Celta;5;1;1;1;0,2251;0,6739;0,1011
34421;2020-06-30;T19-20;I1;Torino;Lazio;1;2;2;1;0,2866;0,4326;0,2808
15865;2020-06-30;T19-20;E0;Brighton;Man United;0;3;2;1;0,283;0,4953;0,2217
34422;2020-06-30;T19-20;I1;Genoa;Juventus;1;3;2;2;0,1006;0,0224;0,877
44452;2020-07-01;T19-20;SP1;Alaves;Granada;0;2;2;2;0,2488;0,141;0,6102
56300;2020-07-01;T19-20;SP2;Oviedo;Mirandes;1;0;1;1;0,3234;0,3911;0,2855
56301;2020-07-01;T19-20;SP2;Extremadura;Santander;3;1;1;1;0,1927;0,7243;0,083
56299;2020-07-01;T19-20;SP2;Lugo;Numancia;3;1;1;2;0,2142;0,1331;0,6527
56298;2020-07-01;T19-20;SP2;Almeria;Sp Gijon;1;0;1;1;0,1557;0,7954;0,0489
44455;2020-07-01;T19-20;SP1;Valladolid;Levante;0;0;0;2;0,3221;0,2352;0,4427
44454;2020-07-01;T19-20;SP1;Betis;Villarreal;0;2;2;1;0,1911;0,7334;0,0755
44453;2020-07-01;T19-20;SP1;Valencia;Ath Bilbao;0;2;2;2;0,2962;0,2769;0,4268
34428;2020-07-01;T19-20;I1;Verona;Parma;3;2;1;2;0,3471;0,217;0,4359
15867;2020-07-01;T19-20;E0;Bournemouth;Newcastle;1;4;2;1;0,2508;0,5869;0,1622
34426;2020-07-01;T19-20;I1;Lecce;Sampdoria;1;2;2;2;0,2401;0,1451;0,6147
34425;2020-07-01;T19-20;I1;Fiorentina;Sassuolo;1;3;2;2;0,2699;0,1646;0,5655
34424;2020-07-01;T19-20;I1;Inter;Brescia;6;0;1;1;0,045;0,9495;0,0056
34423;2020-07-01;T19-20;I1;Bologna;Cagliari;1;1;0;2;0,283;0,212;0,505
15869;2020-07-01;T19-20;E0;West Ham;Chelsea;3;2;1;1;0,2317;0,6173;0,151
15868;2020-07-01;T19-20;E0;Everton;Leicester;2;1;1;2;0,1429;0,0743;0,7828
15866;2020-07-01;T19-20;E0;Arsenal;Norwich;4;0;1;1;0,2804;0,5328;0,1869
34427;2020-07-01;T19-20;I1;Spal;Milan;2;2;0;1;0,3301;0,554;0,1159
56305;2020-07-02;T19-20;SP2;Vallecano;Malaga;0;0;0;1;0,2684;0,5924;0,1392
56304;2020-07-02;T19-20;SP2;Huesca;Las Palmas;1;0;1;1;0,2416;0,5653;0,1931
56303;2020-07-02;T19-20;SP2;Albacete;Alcorcon;1;1;0;1;0,2354;0,6565;0,1082
44458;2020-07-02;T19-20;SP1;Real Madrid;Getafe;1;0;1;1;0,2542;0,5443;0,2015
44457;2020-07-02;T19-20;SP1;Sociedad;Espanol;2;1;1;1;0,0985;0,8775;0,024
34430;2020-07-02;T19-20;I1;Roma;Udinese;0;2;2;1;0,0632;0,9204;0,0164
34429;2020-07-02;T19-20;I1;Atalanta;Napoli;2;0;1;1;0,3494;0,3878;0,2629
15871;2020-07-02;T19-20;E0;Man City;Liverpool;4;0;1;2;0,2088;0,2694;0,5218
15870;2020-07-02;T19-20;E0;Sheffield United;Tottenham;3;1;1;2;0,344;0,285;0,371
44456;2020-07-02;T19-20;SP1;Eibar;Osasuna;0;2;2;1;0,3086;0,4767;0,2147
44459;2020-07-03;T19-20;SP1;Ath Madrid;Mallorca;3;0;1;1;0,2497;0,6629;0,0875
56306;2020-07-03;T19-20;SP2;Girona;Zaragoza;1;0;1;1;0,2153;0,6192;0,1655
44461;2020-07-04;T19-20;SP1;Valladolid;Alaves;1;0;1;1;0,2453;0,6376;0,117
56311;2020-07-04;T19-20;SP2;Fuenlabrada;Mirandes;2;2;0;1;0,2253;0,6243;0,1503
56310;2020-07-04;T19-20;SP2;Cadiz;Oviedo;2;0;1;1;0,1228;0,8203;0,0569
56309;2020-07-04;T19-20;SP2;Almeria;Tenerife;1;2;2;1;0,1496;0,7957;0,0547
56308;2020-07-04;T19-20;SP2;Santander;Elche;1;2;2;2;0,2636;0,3046;0,4317
56307;2020-07-04;T19-20;SP2;Numancia;Extremadura;1;0;1;1;0,1785;0,7213;0,1002
44460;2020-07-04;T19-20;SP1;Celta;Betis;1;1;0;2;0,2326;0,1478;0,6195
44462;2020-07-04;T19-20;SP1;Granada;Valencia;2;2;0;2;0,2763;0,2249;0,4987
34432;2020-07-04;T19-20;I1;Sassuolo;Lecce;4;2;1;1;0,2355;0,5968;0,1677
34431;2020-07-04;T19-20;I1;Juventus;Torino;4;1;1;1;0,2151;0,7348;0,0501
34433;2020-07-04;T19-20;I1;Lazio;Milan;0;3;2;1;0,3338;0,4517;0,2145
15876;2020-07-04;T19-20;E0;Chelsea;Watford;3;0;1;1;0,151;0,7932;0,0558
15875;2020-07-04;T19-20;E0;Wolves;Arsenal;0;2;2;2;0,2778;0,1771;0,5451
15874;2020-07-04;T19-20;E0;Man United;Bournemouth;5;2;1;1;0,266;0,4377;0,2962
15873;2020-07-04;T19-20;E0;Leicester;Crystal Palace;3;0;1;1;0,091;0,8713;0,0377
15872;2020-07-04;T19-20;E0;Norwich;Brighton;0;1;2;1;0,2818;0,4454;0,2729
44464;2020-07-05;T19-20;SP1;Espanol;Leganes;0;1;2;2;0,2506;0,1703;0,5791
44465;2020-07-05;T19-20;SP1;Osasuna;Getafe;0;0;0;2;0,298;0,2657;0,4364
44466;2020-07-05;T19-20;SP1;Villarreal;Barcelona;1;4;2;2;0,1916;0,0945;0,714
56315;2020-07-05;T19-20;SP2;Alcorcon;Lugo;2;2;0;1;0,3214;0,3918;0,2867
56313;2020-07-05;T19-20;SP2;Las Palmas;Ponferradina;3;0;1;1;0,2132;0,6573;0,1296
56314;2020-07-05;T19-20;SP2;Malaga;Albacete;0;0;0;2;0,3062;0,2745;0,4193
44463;2020-07-05;T19-20;SP1;Ath Bilbao;Real Madrid;0;1;2;2;0,3088;0,3136;0,3776
56312;2020-07-05;T19-20;SP2;La Coruna;Huesca;2;1;1;2;0,2259;0,134;0,64
34440;2020-07-05;T19-20;I1;Napoli;Roma;2;1;1;2;0,2355;0,2019;0,5626
34439;2020-07-05;T19-20;I1;Udinese;Genoa;2;2;0;1;0,2241;0,6813;0,0945
34438;2020-07-05;T19-20;I1;Sampdoria;Spal;3;0;1;1;0,3119;0,5338;0,1542
15878;2020-07-05;T19-20;E0;Newcastle;West Ham;2;2;0;2;0,2842;0,2666;0,4491
15879;2020-07-05;T19-20;E0;Liverpool;Aston Villa;2;0;1;1;0,0596;0,9231;0,0173
15880;2020-07-05;T19-20;E0;Southampton;Man City;1;0;1;2;0,1729;0,0953;0,7317
15877;2020-07-05;T19-20;E0;Burnley;Sheffield United;1;1;0;2;0,343;0,2473;0,4097
34435;2020-07-05;T19-20;I1;Brescia;Verona;2;0;1;1;0,264;0,6132;0,1228
34436;2020-07-05;T19-20;I1;Cagliari;Atalanta;0;1;2;1;0,2809;0,5696;0,1494
34437;2020-07-05;T19-20;I1;Parma;Fiorentina;1;2;2;1;0,3229;0,4945;0,1826
34434;2020-07-05;T19-20;I1;Inter;Bologna;1;2;2;1;0,0868;0,8882;0,025
15881;2020-07-06;T19-20;E0;Tottenham;Everton;1;0;1;1;0,1369;0,8216;0,0415
44467;2020-07-06;T19-20;SP1;Levante;Sociedad;1;1;0;2;0,2243;0,1589;0,6168
44468;2020-07-06;T19-20;SP1;Sevilla;Eibar;1;0;1;1;0,1209;0,8402;0,0389
56316;2020-07-06;T19-20;SP2;Sp Gijon;Girona;0;0;0;2;0,2899;0,2192;0,4909
56317;2020-07-06;T19-20;SP2;Zaragoza;Vallecano;2;4;2;1;0,2695;0,411;0,3195
44470;2020-07-07;T19-20;SP1;Celta;Ath Madrid;1;1;0;2;0,2382;0,1272;0,6346
56320;2020-07-07;T19-20;SP2;Extremadura;Cadiz;0;1;2;2;0,2614;0,3046;0,434
56319;2020-07-07;T19-20;SP2;Fuenlabrada;Santander;1;0;1;1;0,1927;0,6853;0,122
44469;2020-07-07;T19-20;SP1;Valencia;Valladolid;2;1;1;1;0,1558;0,7828;0,0614
56318;2020-07-07;T19-20;SP2;Mirandes;Elche;1;0;1;1;0,2069;0,587;0,2061
34441;2020-07-07;T19-20;I1;Lecce;Lazio;2;1;1;2;0,2219;0,1927;0,5854
15884;2020-07-07;T19-20;E0;Arsenal;Leicester;1;1;0;2;0,2119;0,1383;0,6499
15883;2020-07-07;T19-20;E0;Watford;Norwich;2;1;1;1;0,2495;0,5619;0,1886
15882;2020-07-07;T19-20;E0;Crystal Palace;Chelsea;2;3;2;2;0,2931;0,2674;0,4394
34442;2020-07-07;T19-20;I1;Milan;Juventus;4;2;1;2;0,3087;0,2404;0,4509
56324;2020-07-08;T19-20;SP2;Ponferradina;Lugo;0;1;2;1;0,224;0,5913;0,1847
56322;2020-07-08;T19-20;SP2;Oviedo;Las Palmas;2;1;1;2;0,2595;0,3486;0,3919
56321;2020-07-08;T19-20;SP2;Malaga;La Coruna;1;0;1;1;0,2173;0,6531;0,1295
44473;2020-07-08;T19-20;SP1;Barcelona;Espanol;1;0;1;1;0,0636;0,9244;0,012
44472;2020-07-08;T19-20;SP1;Getafe;Villarreal;1;3;2;1;0,2854;0,5207;0,1939
44471;2020-07-08;T19-20;SP1;Betis;Osasuna;3;0;1;1;0,2059;0,6508;0,1433
34448;2020-07-08;T19-20;I1;Torino;Brescia;3;1;1;1;0,1351;0,8209;0,044
34447;2020-07-08;T19-20;I1;Roma;Parma;2;1;1;1;0,0861;0,882;0,0319
56323;2020-07-08;T19-20;SP2;Huesca;Alcorcon;2;1;1;1;0,1839;0,6889;0,1272
34445;2020-07-08;T19-20;I1;Atalanta;Sampdoria;2;0;1;1;0,1676;0,7818;0,0507
34444;2020-07-08;T19-20;I1;Genoa;Napoli;1;2;2;2;0,2327;0,1427;0,6246
34443;2020-07-08;T19-20;I1;Fiorentina;Cagliari;0;0;0;1;0,3363;0,3792;0,2845
15888;2020-07-08;T19-20;E0;Brighton;Liverpool;1;3;2;2;0,1409;0,066;0,7932
15887;2020-07-08;T19-20;E0;West Ham;Burnley;0;1;2;1;0,1926;0,6948;0,1126
15886;2020-07-08;T19-20;E0;Sheffield United;Wolves;1;0;1;1;0,3543;0,3755;0,2702
15885;2020-07-08;T19-20;E0;Man City;Newcastle;5;0;1;1;0,0566;0,9263;0,017
34446;2020-07-08;T19-20;I1;Bologna;Sassuolo;1;2;2;1;0,2383;0,6486;0,1131
56328;2020-07-09;T19-20;SP2;Tenerife;Zaragoza;1;1;0;2;0,2254;0,1933;0,5813
56327;2020-07-09;T19-20;SP2;Girona;Almeria;1;0;1;1;0,2797;0,4336;0,2867
56326;2020-07-09;T19-20;SP2;Vallecano;Numancia;3;2;1;1;0,2383;0,4902;0,2715
56325;2020-07-09;T19-20;SP2;Albacete;Sp Gijon;1;1;0;1;0,197;0,6726;0,1304
44476;2020-07-09;T19-20;SP1;Ath Bilbao;Sevilla;1;2;2;2;0,2855;0,2362;0,4783
44475;2020-07-09;T19-20;SP1;Mallorca;Levante;2;0;1;2;0,2913;0,3043;0,4045
44474;2020-07-09;T19-20;SP1;Eibar;Leganes;0;0;0;1;0,2645;0,5639;0,1716
34449;2020-07-09;T19-20;I1;Spal;Udinese;0;3;2;2;0,2601;0,1545;0,5854
15891;2020-07-09;T19-20;E0;Aston Villa;Man United;0;3;2;1;0,251;0,5051;0,2439
15890;2020-07-09;T19-20;E0;Everton;Southampton;1;1;0;1;0,3359;0,4181;0,246
15889;2020-07-09;T19-20;E0;Bournemouth;Tottenham;0;0;0;2;0,2474;0,3435;0,4091
34450;2020-07-09;T19-20;I1;Verona;Inter;2;2;0;2;0,0809;0,0228;0,8963
44477;2020-07-10;T19-20;SP1;Sociedad;Granada;2;3;2;1;0,2607;0,5278;0,2115
44478;2020-07-10;T19-20;SP1;Real Madrid;Alaves;2;0;1;1;0,0971;0,8734;0,0296
44479;2020-07-11;T19-20;SP1;Osasuna;Celta;2;1;1;1;0,1633;0,7723;0,0644
56331;2020-07-11;T19-20;SP2;Cadiz;Fuenlabrada;0;1;2;1;0,2578;0,4837;0,2584
56330;2020-07-11;T19-20;SP2;Las Palmas;Mirandes;1;0;1;1;0,1886;0,648;0,1633
56329;2020-07-11;T19-20;SP2;Santander;Huesca;1;0;1;2;0,233;0,3309;0,4362
44480;2020-07-11;T19-20;SP1;Valladolid;Barcelona;0;1;2;2;0,2009;0,0945;0,7046
34453;2020-07-11;T19-20;I1;Juventus;Atalanta;2;2;0;1;0,1975;0,7262;0,0763
44481;2020-07-11;T19-20;SP1;Ath Madrid;Betis;1;0;1;1;0,1714;0,758;0,0706
34451;2020-07-11;T19-20;I1;Lazio;Sassuolo;1;2;2;1;0,1252;0,8373;0,0376
15896;2020-07-11;T19-20;E0;Brighton;Man City;0;5;2;2;0,1186;0,0474;0,834
15895;2020-07-11;T19-20;E0;Sheffield United;Chelsea;3;0;1;2;0,2364;0,1395;0,6241
34452;2020-07-11;T19-20;I1;Brescia;Roma;0;3;2;2;0,1096;0,0358;0,8546
15894;2020-07-11;T19-20;E0;Liverpool;Burnley;1;1;0;1;0,0384;0,953;0,0086
15893;2020-07-11;T19-20;E0;Watford;Newcastle;2;1;1;1;0,2623;0,5687;0,169
15892;2020-07-11;T19-20;E0;Norwich;West Ham;0;4;2;2;0,245;0,1901;0,565
56335;2020-07-12;T19-20;SP2;Zaragoza;Oviedo;2;4;2;1;0,193;0,6251;0,1819
56334;2020-07-12;T19-20;SP2;Numancia;Ponferradina;1;0;1;1;0,2091;0,6131;0,1778
56333;2020-07-12;T19-20;SP2;Lugo;Girona;2;2;0;1;0,2642;0,4107;0,3252
56332;2020-07-12;T19-20;SP2;La Coruna;Extremadura;2;3;2;2;0,2417;0,2042;0,5541
44484;2020-07-12;T19-20;SP1;Leganes;Valencia;1;0;1;1;0,3067;0,3524;0,3409
44483;2020-07-12;T19-20;SP1;Levante;Ath Bilbao;1;2;2;1;0,2482;0,5677;0,1841
44482;2020-07-12;T19-20;SP1;Espanol;Eibar;0;2;2;2;0,2664;0,1987;0,5349
34459;2020-07-12;T19-20;I1;Napoli;Milan;2;2;0;1;0,3217;0,353;0,3252
44485;2020-07-12;T19-20;SP1;Sevilla;Mallorca;2;0;1;1;0,0979;0,873;0,0291
34457;2020-07-12;T19-20;I1;Parma;Bologna;2;2;0;1;0,2153;0,6831;0,1016
34456;2020-07-12;T19-20;I1;Fiorentina;Verona;1;1;0;1;0,1892;0,7262;0,0846
34455;2020-07-12;T19-20;I1;Cagliari;Lecce;0;0;0;1;0,1915;0,6946;0,1139
34454;2020-07-12;T19-20;I1;Genoa;Spal;2;0;1;1;0,2222;0,6493;0,1284
15900;2020-07-12;T19-20;E0;Bournemouth;Leicester;4;1;1;2;0,2544;0,2271;0,5186
15899;2020-07-12;T19-20;E0;Tottenham;Arsenal;2;1;1;1;0,2108;0,6779;0,1113
15898;2020-07-12;T19-20;E0;Aston Villa;Crystal Palace;2;0;1;1;0,1937;0,6494;0,1569
15897;2020-07-12;T19-20;E0;Wolves;Everton;3;0;1;1;0,318;0,4812;0,2008
34458;2020-07-12;T19-20;I1;Udinese;Sampdoria;1;3;2;1;0,2783;0,5578;0,1639
56339;2020-07-13;T19-20;SP2;Elche;Albacete;2;0;1;1;0,2782;0,4307;0,2911
56338;2020-07-13;T19-20;SP2;Alcorcon;Tenerife;0;0;0;1;0,1938;0,6973;0,109
56337;2020-07-13;T19-20;SP2;Sp Gijon;Malaga;2;1;1;1;0,3022;0,4991;0,1987
56336;2020-07-13;T19-20;SP2;Almeria;Vallecano;3;2;1;1;0,1913;0,6677;0,141
44487;2020-07-13;T19-20;SP1;Villarreal;Sociedad;1;2;2;2;0,2964;0,3308;0,3728
44486;2020-07-13;T19-20;SP1;Alaves;Getafe;0;0;0;2;0,3093;0,2631;0,4276
34460;2020-07-13;T19-20;I1;Inter;Torino;3;1;1;1;0,0651;0,9182;0,0167
15901;2020-07-13;T19-20;E0;Man United;Southampton;2;2;0;1;0,3127;0,5051;0,1823
44488;2020-07-13;T19-20;SP1;Granada;Real Madrid;1;2;2;2;0,2392;0,1499;0,6109
15902;2020-07-14;T19-20;E0;Chelsea;Norwich;1;0;1;1;0,0821;0,8865;0,0314
34461;2020-07-14;T19-20;I1;Atalanta;Brescia;6;2;1;1;0,1715;0,7652;0,0633
34464;2020-07-15;T19-20;I1;Sampdoria;Cagliari;3;0;1;2;0,2975;0,2103;0,4922
34467;2020-07-15;T19-20;I1;Sassuolo;Juventus;3;3;0;2;0,0735;0,0187;0,9077
34466;2020-07-15;T19-20;I1;Roma;Verona;2;1;1;1;0,1144;0,853;0,0326
34468;2020-07-15;T19-20;I1;Udinese;Lazio;0;0;0;2;0,2612;0,2247;0,5141
34463;2020-07-15;T19-20;I1;Milan;Parma;3;1;1;1;0,3115;0,4116;0,277
34465;2020-07-15;T19-20;I1;Lecce;Fiorentina;1;3;2;2;0,2161;0,1155;0,6684
15906;2020-07-15;T19-20;E0;Arsenal;Liverpool;2;1;1;2;0,1171;0,0555;0,8274
15905;2020-07-15;T19-20;E0;Newcastle;Tottenham;1;3;2;1;0,2715;0,5172;0,2113
15904;2020-07-15;T19-20;E0;Man City;Bournemouth;2;1;1;1;0,0625;0,9159;0,0216
15903;2020-07-15;T19-20;E0;Burnley;Wolves;1;1;0;2;0,323;0,2324;0,4446
34462;2020-07-15;T19-20;I1;Bologna;Napoli;1;1;0;1;0,2813;0,4608;0,2579
44498;2020-07-16;T19-20;SP1;Valencia;Espanol;1;0;1;1;0,1171;0,8455;0,0374
44497;2020-07-16;T19-20;SP1;Sociedad;Sevilla;0;0;0;1;0,2627;0,5186;0,2186
44496;2020-07-16;T19-20;SP1;Real Madrid;Villarreal;2;1;1;1;0,1317;0,8225;0,0458
44495;2020-07-16;T19-20;SP1;Mallorca;Granada;1;2;2;2;0,2971;0,2546;0,4483
44494;2020-07-16;T19-20;SP1;Getafe;Ath Madrid;0;2;2;1;0,2698;0,5377;0,1926
44493;2020-07-16;T19-20;SP1;Celta;Levante;2;3;2;2;0,2533;0,1899;0,5568
44492;2020-07-16;T19-20;SP1;Betis;Alaves;1;2;2;1;0,2669;0,5191;0,214
44491;2020-07-16;T19-20;SP1;Barcelona;Osasuna;1;2;2;1;0,1506;0,7861;0,0632
44489;2020-07-16;T19-20;SP1;Eibar;Valladolid;3;1;1;1;0,3133;0,462;0,2247
34470;2020-07-16;T19-20;I1;Spal;Inter;0;4;2;2;0,0754;0,0161;0,9085
34469;2020-07-16;T19-20;I1;Torino;Genoa;3;0;1;1;0,1464;0,8133;0,0403
15910;2020-07-16;T19-20;E0;Southampton;Brighton;1;1;0;1;0,2732;0,5099;0,2169
15909;2020-07-16;T19-20;E0;Crystal Palace;Man United;0;2;2;1;0,268;0,5383;0,1937
15908;2020-07-16;T19-20;E0;Leicester;Sheffield United;2;0;1;1;0,0983;0,8721;0,0296
15907;2020-07-16;T19-20;E0;Everton;Aston Villa;1;1;0;1;0,2689;0,5487;0,1824
44490;2020-07-16;T19-20;SP1;Ath Bilbao;Leganes;0;2;2;1;0,2101;0,7176;0,0723
56346;2020-07-17;T19-20;SP2;Mirandes;La Coruna;1;0;1;1;0,1935;0,6349;0,1717
56349;2020-07-17;T19-20;SP2;Tenerife;Lugo;1;2;2;2;0,3026;0,3184;0,379
56350;2020-07-17;T19-20;SP2;Vallecano;Las Palmas;2;2;0;1;0,2287;0,4894;0,2819
56348;2020-07-17;T19-20;SP2;Ponferradina;Almeria;2;1;1;1;0,2231;0,5431;0,2338
56347;2020-07-17;T19-20;SP2;Oviedo;Santander;1;0;1;1;0,2948;0,4583;0,2469
56345;2020-07-17;T19-20;SP2;Malaga;Alcorcon;2;0;1;1;0,2612;0,473;0,2657
56340;2020-07-17;T19-20;SP2;Albacete;Zaragoza;4;1;1;2;0,2264;0,3434;0,4303
56343;2020-07-17;T19-20;SP2;Girona;Cadiz;2;1;1;1;0,2936;0,3562;0,3502
56342;2020-07-17;T19-20;SP2;Fuenlabrada;Elche;3;1;1;1;0,2473;0,5715;0,1812
56341;2020-07-17;T19-20;SP2;Extremadura;Sp Gijon;2;0;1;1;0,2291;0,5937;0,1772
15911;2020-07-17;T19-20;E0;West Ham;Watford;3;1;1;1;0,1663;0,7716;0,0622
56344;2020-07-17;T19-20;SP2;Huesca;Numancia;3;0;1;1;0,2203;0,5807;0,1991
34472;2020-07-18;T19-20;I1;Cagliari;Sassuolo;1;1;0;1;0,171;0,7725;0,0565
34473;2020-07-18;T19-20;I1;Milan;Bologna;5;1;1;1;0,2395;0,6625;0,098
15912;2020-07-18;T19-20;E0;Norwich;Burnley;0;2;2;1;0,2279;0,5993;0,1728
34471;2020-07-18;T19-20;I1;Verona;Atalanta;1;1;0;1;0,3091;0,4221;0,2688
44501;2020-07-19;T19-20;SP1;Villarreal;Eibar;4;0;1;1;0,2477;0,6471;0,1052
44508;2020-07-19;T19-20;SP1;Sevilla;Valencia;1;0;1;1;0,282;0,4879;0,2301
44507;2020-07-19;T19-20;SP1;Osasuna;Mallorca;2;2;0;1;0,271;0,5452;0,1838
44506;2020-07-19;T19-20;SP1;Levante;Getafe;1;0;1;1;0,2772;0,4223;0,3005
44505;2020-07-19;T19-20;SP1;Leganes;Real Madrid;2;2;0;2;0,1655;0,0576;0,7768
44504;2020-07-19;T19-20;SP1;Granada;Ath Bilbao;4;0;1;1;0,3276;0,4224;0,25
44503;2020-07-19;T19-20;SP1;Espanol;Celta;0;0;0;1;0,2769;0,5341;0,189
44502;2020-07-19;T19-20;SP1;Ath Madrid;Sociedad;1;1;0;1;0,3179;0,396;0,2861
44500;2020-07-19;T19-20;SP1;Valladolid;Betis;2;0;1;1;0,2976;0,4793;0,223
34479;2020-07-19;T19-20;I1;Roma;Inter;2;2;0;2;0,2627;0,245;0,4923
44499;2020-07-19;T19-20;SP1;Alaves;Barcelona;0;5;2;2;0,1998;0,1063;0,6939
34478;2020-07-19;T19-20;I1;Napoli;Udinese;2;1;1;1;0,2479;0,6593;0,0928
34477;2020-07-19;T19-20;I1;Genoa;Lecce;2;1;1;1;0,2927;0,4987;0,2086
34476;2020-07-19;T19-20;I1;Fiorentina;Torino;2;0;1;1;0,2882;0,572;0,1398
34475;2020-07-19;T19-20;I1;Brescia;Spal;2;1;1;1;0,2176;0,6765;0,1059
34474;2020-07-19;T19-20;I1;Parma;Sampdoria;2;3;2;1;0,178;0,7752;0,0468
15914;2020-07-19;T19-20;E0;Tottenham;Leicester;3;0;1;2;0,2491;0,2103;0,5406
15913;2020-07-19;T19-20;E0;Bournemouth;Southampton;0;2;2;2;0,3015;0,2955;0,4029
56360;2020-07-20;T19-20;SP2;Zaragoza;Ponferradina;2;1;1;1;0,2164;0,5725;0,2111
56359;2020-07-20;T19-20;SP2;Sp Gijon;Huesca;0;1;2;2;0,2539;0,1829;0,5632
56358;2020-07-20;T19-20;SP2;Santander;Vallecano;1;2;2;2;0,2483;0,2666;0,4851
56357;2020-07-20;T19-20;SP2;Numancia;Tenerife;2;1;1;1;0,1605;0,7442;0,0953
56356;2020-07-20;T19-20;SP2;Lugo;Mirandes;2;1;1;1;0,2727;0,3727;0,3545
56355;2020-07-20;T19-20;SP2;Elche;Oviedo;2;1;1;1;0,1917;0,694;0,1143
56354;2020-07-20;T19-20;SP2;Cadiz;Albacete;0;1;2;1;0,2231;0,5586;0,2183
34480;2020-07-20;T19-20;I1;Juventus;Lazio;2;1;1;1;0,174;0,7164;0,1097
56352;2020-07-20;T19-20;SP2;Alcorcon;Girona;2;0;1;1;0,2273;0,6187;0,1541
56351;2020-07-20;T19-20;SP2;Las Palmas;Extremadura;5;1;1;1;0,1762;0,735;0,0888
15917;2020-07-20;T19-20;E0;Wolves;Crystal Palace;2;0;1;1;0,2957;0,3783;0,326
15916;2020-07-20;T19-20;E0;Sheffield United;Everton;0;1;2;2;0,2818;0,1873;0,5309
15915;2020-07-20;T19-20;E0;Brighton;Newcastle;0;0;0;1;0,2998;0,3785;0,3217
56353;2020-07-20;T19-20;SP2;Almeria;Malaga;0;0;0;1;0,1678;0,7351;0,0971
34482;2020-07-21;T19-20;I1;Sassuolo;Milan;1;2;2;2;0,1766;0,0754;0,748
34481;2020-07-21;T19-20;I1;Atalanta;Bologna;1;0;1;1;0,2458;0,5614;0,1928
15919;2020-07-21;T19-20;E0;Aston Villa;Arsenal;1;0;1;1;0,2225;0,6275;0,15
15918;2020-07-21;T19-20;E0;Watford;Man City;0;4;2;2;0,1019;0,0302;0,868
15920;2020-07-22;T19-20;E0;Man United;West Ham;1;1;0;1;0,2837;0,447;0,2693
15921;2020-07-22;T19-20;E0;Liverpool;Chelsea;5;3;1;1;0,0641;0,9066;0,0293
34483;2020-07-22;T19-20;I1;Parma;Napoli;2;1;1;1;0,2238;0,6322;0,144
34484;2020-07-22;T19-20;I1;Inter;Fiorentina;0;0;0;1;0,1038;0,863;0,0332
34485;2020-07-22;T19-20;I1;Lecce;Brescia;3;1;1;1;0,2627;0,5335;0,2039
34486;2020-07-22;T19-20;I1;Sampdoria;Genoa;1;2;2;0;0,3545;0,3427;0,3028
34487;2020-07-22;T19-20;I1;Spal;Roma;1;6;2;2;0,1528;0,0534;0,7938
34488;2020-07-22;T19-20;I1;Torino;Verona;1;1;0;1;0,2234;0,6817;0,0949
34489;2020-07-23;T19-20;I1;Udinese;Juventus;2;1;1;2;0,2149;0,1107;0,6744
34490;2020-07-23;T19-20;I1;Lazio;Cagliari;2;1;1;1;0,1376;0,8106;0,0518
34491;2020-07-24;T19-20;I1;Milan;Atalanta;1;1;0;1;0,2445;0,6254;0,1301
34492;2020-07-25;T19-20;I1;Brescia;Parma;1;2;2;2;0,2152;0,1271;0,6577
34493;2020-07-25;T19-20;I1;Genoa;Inter;0;3;2;2;0,0666;0,0165;0,917
34494;2020-07-25;T19-20;I1;Napoli;Sassuolo;2;0;1;1;0,1105;0,8685;0,021
34500;2020-07-26;T19-20;I1;Juventus;Sampdoria;2;0;1;1;0,0538;0,9388;0,0074
34499;2020-07-26;T19-20;I1;Verona;Lazio;1;5;2;2;0,1874;0,108;0,7046
34498;2020-07-26;T19-20;I1;Spal;Torino;1;1;0;1;0,3092;0,4451;0,2458
34497;2020-07-26;T19-20;I1;Roma;Fiorentina;2;1;1;1;0,1709;0,7644;0,0647
34496;2020-07-26;T19-20;I1;Cagliari;Udinese;0;1;2;1;0,232;0,6617;0,1063
34495;2020-07-26;T19-20;I1;Bologna;Lecce;3;2;1;1;0,1125;0,8437;0,0439
15931;2020-07-26;T19-20;E0;West Ham;Aston Villa;1;1;0;1;0,2992;0,399;0,3018
15930;2020-07-26;T19-20;E0;Southampton;Sheffield United;3;1;1;1;0,1826;0,7463;0,0711
15922;2020-07-26;T19-20;E0;Arsenal;Watford;3;2;1;1;0,1742;0,7456;0,0801
15928;2020-07-26;T19-20;E0;Man City;Norwich;5;0;1;1;0,0807;0,8882;0,0311
15927;2020-07-26;T19-20;E0;Leicester;Man United;0;2;2;1;0,1434;0,7907;0,0659
15926;2020-07-26;T19-20;E0;Everton;Bournemouth;1;3;2;1;0,3023;0,3977;0,2999
15925;2020-07-26;T19-20;E0;Crystal Palace;Tottenham;1;1;0;1;0,2422;0,5856;0,1722
15924;2020-07-26;T19-20;E0;Chelsea;Wolves;2;0;1;1;0,1553;0,7793;0,0654
15923;2020-07-26;T19-20;E0;Burnley;Brighton;1;2;2;2;0,307;0,3024;0,3906
15929;2020-07-26;T19-20;E0;Newcastle;Liverpool;1;3;2;2;0,1076;0,0466;0,8459
34501;2020-07-28;T19-20;I1;Parma;Atalanta;1;2;2;1;0,2584;0,5769;0,1646
34502;2020-07-28;T19-20;I1;Inter;Napoli;2;0;1;1;0,1217;0,8189;0,0593
34509;2020-07-29;T19-20;I1;Fiorentina;Bologna;4;0;1;1;0,248;0,6092;0,1428
34508;2020-07-29;T19-20;I1;Cagliari;Juventus;2;0;1;2;0,276;0,2848;0,4391
34507;2020-07-29;T19-20;I1;Verona;Spal;3;0;1;1;0,196;0,7095;0,0945
34510;2020-07-29;T19-20;I1;Torino;Roma;2;3;2;2;0,2318;0,1401;0,6281
34505;2020-07-29;T19-20;I1;Sassuolo;Genoa;5;0;1;1;0,2728;0,5894;0,1378
34504;2020-07-29;T19-20;I1;Sampdoria;Milan;1;4;2;2;0,2157;0,0933;0,6909
34503;2020-07-29;T19-20;I1;Lazio;Brescia;2;0;1;1;0,0728;0,9084;0,0188
34506;2020-07-29;T19-20;I1;Udinese;Lecce;1;2;2;1;0,245;0,6301;0,1249
34511;2020-08-01;T19-20;I1;Brescia;Sampdoria;1;1;0;1;0,2579;0,625;0,1171
34512;2020-08-01;T19-20;I1;Atalanta;Inter;0;2;2;2;0,0803;0,0359;0,8838
34513;2020-08-01;T19-20;I1;Juventus;Roma;1;3;2;1;0,2373;0,6503;0,1124
34514;2020-08-01;T19-20;I1;Milan;Cagliari;3;0;1;2;0,2305;0,1716;0,5979
34515;2020-08-01;T19-20;I1;Napoli;Lazio;3;1;1;2;0,1966;0,123;0,6804
34520;2020-08-02;T19-20;I1;Sassuolo;Udinese;0;1;2;1;0,3561;0,4043;0,2396
34519;2020-08-02;T19-20;I1;Lecce;Parma;3;4;2;2;0,1844;0,1018;0,7138
34516;2020-08-02;T19-20;I1;Spal;Fiorentina;1;3;2;1;0,2842;0,5987;0,117
34517;2020-08-02;T19-20;I1;Bologna;Torino;1;1;0;1;0,203;0,7273;0,0697
34518;2020-08-02;T19-20;I1;Genoa;Verona;3;0;1;2;0,2475;0,1094;0,6432
15951;2020-09-26;T20-21;E0;Crystal Palace;Everton;1;2;2;1;0,2927;0,6302;0,0771
56382;2020-09-26;T20-21;SP2;Malaga;Alcorcon;1;0;1;1;0,2381;0,737;0,0248
56384;2020-09-26;T20-21;SP2;Fuenlabrada;Albacete;1;0;1;1;0,2102;0,7564;0,0335
56388;2020-09-27;T20-21;SP2;Ponferradina;Vallecano;3;0;1;1;0,1456;0,8228;0,0316
56389;2020-09-27;T20-21;SP2;Tenerife;Mirandes;1;2;2;0;0,4133;0,2108;0,3759
44531;2020-09-27;T20-21;SP1;Valladolid;Celta;1;1;0;2;0,3977;0,155;0,4473
15955;2020-09-27;T20-21;E0;Tottenham;Newcastle;1;1;0;1;0,1508;0,8301;0,0192
15957;2020-09-27;T20-21;E0;West Ham;Wolves;4;0;1;1;0,0929;0,8941;0,013
15959;2020-09-28;T20-21;E0;Liverpool;Arsenal;3;1;1;1;0,2796;0,6802;0,0402
44533;2020-09-29;T20-21;SP1;Sociedad;Valencia;0;1;2;1;0,1827;0,7529;0,0644
44534;2020-09-29;T20-21;SP1;Getafe;Betis;3;0;1;2;0,1715;0,0601;0,7683
44536;2020-09-30;T20-21;SP1;Villarreal;Alaves;3;1;1;1;0,2395;0,7028;0,0576
44538;2020-09-30;T20-21;SP1;Real Madrid;Valladolid;1;0;1;1;0,2101;0,7656;0,0243
6010;2020-10-02;T20-21;D1;Union Berlin;Mainz;4;0;1;1;0,0181;0,98;0,0019
34541;2020-10-02;T20-21;I1;Fiorentina;Sampdoria;1;2;2;2;0,033;0,0092;0,9577
56396;2020-10-03;T20-21;SP2;Vallecano;Malaga;4;0;1;0;0,625;0,2424;0,1327
56393;2020-10-03;T20-21;SP2;Albacete;Oviedo;1;1;0;0;0,7092;0,2146;0,0762
56392;2020-10-03;T20-21;SP2;Mirandes;Ponferradina;0;1;2;2;0,0545;0,0123;0,9332
44546;2020-10-03;T20-21;SP1;Valencia;Betis;0;2;2;2;0,0218;0,0072;0,9711
44543;2020-10-03;T20-21;SP1;Ath Madrid;Villarreal;0;0;0;2;0,1871;0,0524;0,7605
44542;2020-10-03;T20-21;SP1;Valladolid;Eibar;1;2;2;2;0,0193;0,0058;0,9748
34543;2020-10-03;T20-21;I1;Udinese;Roma;0;1;2;2;0,023;0,0048;0,9722
44545;2020-10-03;T20-21;SP1;Sociedad;Getafe;3;0;1;1;0,022;0,976;0,002
15961;2020-10-03;T20-21;E0;Everton;Brighton;4;2;1;1;0,2261;0,7659;0,0081
15960;2020-10-03;T20-21;E0;Chelsea;Crystal Palace;4;0;1;1;0,0216;0,9774;0,001
6016;2020-10-03;T20-21;D1;RB Leipzig;Schalke 04;4;0;1;1;0,023;0,9754;0,0016
6013;2020-10-03;T20-21;D1;FC Koln;M'gladbach;1;3;2;2;0,0261;0,0056;0,9683
6012;2020-10-03;T20-21;D1;Ein Frankfurt;Hoffenheim;2;1;1;1;0,0222;0,9757;0,0021
6011;2020-10-03;T20-21;D1;Dortmund;Freiburg;4;0;1;1;0,0221;0,9765;0,0014
15963;2020-10-03;T20-21;E0;Newcastle;Burnley;3;1;1;1;0,0212;0,9769;0,0019
44551;2020-10-04;T20-21;SP1;Barcelona;Sevilla;1;1;0;1;0,4233;0,4648;0,1119
44549;2020-10-04;T20-21;SP1;Levante;Real Madrid;0;2;2;2;0,0454;0,0073;0,9472
44548;2020-10-04;T20-21;SP1;Alaves;Ath Bilbao;1;0;1;1;0,019;0,9789;0,0021
44547;2020-10-04;T20-21;SP1;Osasuna;Celta;2;0;1;1;0,0231;0,9751;0,0018
34547;2020-10-04;T20-21;I1;Parma;Verona;1;0;1;1;0,0632;0,93;0,0067
34546;2020-10-04;T20-21;I1;Lazio;Inter;1;1;0;1;0,1393;0,8522;0,0084
15966;2020-10-04;T20-21;E0;Arsenal;Sheffield United;2;1;1;1;0,0269;0,9716;0,0015
15969;2020-10-04;T20-21;E0;Aston Villa;Liverpool;7;2;1;1;0,1775;0,8132;0,0093
15968;2020-10-04;T20-21;E0;Man United;Tottenham;1;6;2;2;0,015;0,0051;0,98
15964;2020-10-04;T20-21;E0;Leicester;West Ham;0;3;2;2;0,0411;0,013;0,946
6018;2020-10-04;T20-21;D1;Bayern Munich;Hertha;4;3;1;1;0,029;0,9689;0,0021
6017;2020-10-04;T20-21;D1;Wolfsburg;Augsburg;0;0;0;1;0,3933;0,5729;0,0338
34544;2020-10-04;T20-21;I1;Atalanta;Cagliari;5;2;1;1;0,0265;0,9721;0,0014
56405;2020-10-10;T20-21;SP2;Tenerife;Vallecano;1;0;1;1;0,3313;0,5513;0,1173
56412;2020-10-11;T20-21;SP2;Oviedo;Sp Gijon;1;0;1;0;0,392;0,2774;0,3306
56409;2020-10-11;T20-21;SP2;Malaga;Las Palmas;0;0;0;1;0,3134;0,5652;0,1213
56410;2020-10-11;T20-21;SP2;Zaragoza;Albacete;1;0;1;2;0,3334;0,2435;0,4231
56416;2020-10-17;T20-21;SP2;Las Palmas;Almeria;2;0;1;2;0,3309;0,2251;0,444
44555;2020-10-17;T20-21;SP1;Getafe;Barcelona;1;0;1;1;0,3521;0,5375;0,1104
44553;2020-10-17;T20-21;SP1;Celta;Ath Madrid;0;2;2;2;0,1449;0,0412;0,8139
44552;2020-10-17;T20-21;SP1;Granada;Sevilla;1;0;1;0;0,423;0,2798;0,2971
34551;2020-10-17;T20-21;I1;Sampdoria;Lazio;3;0;1;2;0,3435;0,1412;0,5153
15973;2020-10-17;T20-21;E0;Newcastle;Man United;1;4;2;0;0,3924;0,2374;0,3701
15972;2020-10-17;T20-21;E0;Man City;Arsenal;1;0;1;1;0,3232;0,5795;0,0974
34550;2020-10-17;T20-21;I1;Inter;Milan;1;2;2;2;0,2019;0,0973;0,7009
15970;2020-10-17;T20-21;E0;Everton;Liverpool;2;2;0;1;0,2835;0,6036;0,113
6025;2020-10-17;T20-21;D1;M'gladbach;Wolfsburg;1;1;0;2;0,2763;0,1719;0,5517
6023;2020-10-17;T20-21;D1;Mainz;Leverkusen;0;1;2;2;0,044;0,0097;0,9462
6022;2020-10-17;T20-21;D1;Hoffenheim;Dortmund;0;1;2;2;0,269;0,1459;0,5851
6020;2020-10-17;T20-21;D1;Freiburg;Werder Bremen;1;1;0;2;0,2484;0,112;0,6396
6019;2020-10-17;T20-21;D1;Augsburg;RB Leipzig;0;2;2;2;0,0782;0,0184;0,9034
15971;2020-10-17;T20-21;E0;Chelsea;Southampton;3;3;0;2;0,2983;0,3115;0,3901
44558;2020-10-18;T20-21;SP1;Villarreal;Valencia;2;1;1;1;0,2413;0,6842;0,0745
56422;2020-10-18;T20-21;SP2;Sp Gijon;Tenerife;1;1;0;1;0,2977;0,6325;0,0699
56421;2020-10-18;T20-21;SP2;Girona;Oviedo;1;0;1;1;0,217;0,7482;0,0348
56420;2020-10-18;T20-21;SP2;Zaragoza;Malaga;1;2;2;2;0,1985;0,0697;0,7318
44561;2020-10-18;T20-21;SP1;Betis;Sociedad;0;3;2;2;0,3005;0,2556;0,4438
44557;2020-10-18;T20-21;SP1;Ath Bilbao;Levante;2;0;1;1;0,3993;0,4224;0,1784
6026;2020-10-18;T20-21;D1;FC Koln;Ein Frankfurt;1;1;0;2;0,2649;0,1567;0,5784
34556;2020-10-18;T20-21;I1;Udinese;Parma;3;2;1;0;0,5191;0,2789;0,202
34553;2020-10-18;T20-21;I1;Bologna;Sassuolo;3;4;2;2;0,0758;0,0183;0,9059
15977;2020-10-18;T20-21;E0;Leicester;Aston Villa;0;1;2;2;0,2832;0,3475;0,3693
15976;2020-10-18;T20-21;E0;Tottenham;West Ham;3;3;0;1;0,2634;0,6736;0,063
15975;2020-10-18;T20-21;E0;Crystal Palace;Brighton;1;1;0;1;0,1311;0,8519;0,017
44556;2020-10-18;T20-21;SP1;Eibar;Osasuna;0;0;0;1;0,2556;0,7113;0,033
56425;2020-10-21;T20-21;SP2;Lugo;Girona;3;0;1;0;0,3767;0,3287;0,2946
56426;2020-10-21;T20-21;SP2;Ponferradina;Tenerife;1;0;1;1;0,1384;0,826;0,0356
56432;2020-10-22;T20-21;SP2;Oviedo;Vallecano;0;0;0;0;0,3903;0,2831;0,3266
56430;2020-10-22;T20-21;SP2;Malaga;Sp Gijon;1;0;1;1;0,277;0,6433;0,0797
34559;2020-10-23;T20-21;I1;Sassuolo;Torino;3;3;0;1;0,0983;0,8881;0,0137
56435;2020-10-24;T20-21;SP2;Almeria;Fuenlabrada;3;0;1;1;0,185;0,7722;0,0428
34562;2020-10-24;T20-21;I1;Lazio;Bologna;2;1;1;1;0,0852;0,9059;0,0089
44563;2020-10-24;T20-21;SP1;Barcelona;Real Madrid;1;3;2;2;0,2798;0,1679;0,5523
34561;2020-10-24;T20-21;I1;Genoa;Inter;0;2;2;2;0,1411;0,0258;0,8331
44565;2020-10-24;T20-21;SP1;Sevilla;Eibar;0;1;2;2;0,3378;0,2062;0,456
44566;2020-10-24;T20-21;SP1;Ath Madrid;Betis;2;0;1;1;0,2072;0,7228;0,07
44564;2020-10-24;T20-21;SP1;Osasuna;Ath Bilbao;1;0;1;0;0,4173;0,3087;0,274
34560;2020-10-24;T20-21;I1;Atalanta;Sampdoria;1;3;2;1;0,337;0,3546;0,3084
6033;2020-10-24;T20-21;D1;Dortmund;Schalke 04;3;0;1;1;0,2179;0,7419;0,0402
15983;2020-10-24;T20-21;E0;Man United;Chelsea;0;0;0;2;0,2909;0,1783;0,5308
6029;2020-10-24;T20-21;D1;Bayern Munich;Ein Frankfurt;5;0;1;1;0,2294;0,6913;0,0793
6030;2020-10-24;T20-21;D1;Mainz;M'gladbach;2;3;2;2;0,1586;0,0375;0,8038
15984;2020-10-24;T20-21;E0;Liverpool;Sheffield United;2;1;1;1;0,0583;0,9376;0,0042
6032;2020-10-24;T20-21;D1;Union Berlin;Freiburg;1;1;0;1;0,1258;0,8513;0,0229
15981;2020-10-24;T20-21;E0;West Ham;Man City;1;1;0;1;0,2509;0,6302;0,1189
6031;2020-10-24;T20-21;D1;RB Leipzig;Hertha;2;1;1;1;0,0726;0,9128;0,0146
6035;2020-10-25;T20-21;D1;Werder Bremen;Hoffenheim;1;1;0;1;0,2598;0,6339;0,1063
15985;2020-10-25;T20-21;E0;Southampton;Everton;2;0;1;1;0,1167;0,8659;0,0175
15986;2020-10-25;T20-21;E0;Wolves;Newcastle;1;1;0;0;0,4437;0,3097;0,2467
15987;2020-10-25;T20-21;E0;Arsenal;Leicester;0;1;2;2;0,0629;0,0177;0,9193
34566;2020-10-25;T20-21;I1;Fiorentina;Udinese;3;2;1;1;0,2596;0,7096;0,0308
34567;2020-10-25;T20-21;I1;Juventus;Verona;1;1;0;1;0,3813;0,4839;0,1348
44567;2020-10-25;T20-21;SP1;Valladolid;Alaves;0;2;2;2;0,2957;0,111;0,5933
44569;2020-10-25;T20-21;SP1;Getafe;Granada;0;1;2;1;0,3898;0,4323;0,1779
56437;2020-10-25;T20-21;SP2;Sp Gijon;Ponferradina;2;1;1;2;0,3475;0,2294;0,423
56440;2020-10-25;T20-21;SP2;Albacete;Vallecano;2;1;1;1;0,3479;0,4728;0,1793
56441;2020-10-25;T20-21;SP2;Malaga;Mirandes;1;1;0;1;0,265;0,6749;0,0601
44571;2020-10-26;T20-21;SP1;Levante;Celta;1;1;0;2;0,3359;0,2477;0,4163
34568;2020-10-26;T20-21;I1;Milan;Roma;3;3;0;1;0,3081;0,5434;0,1486
6036;2020-10-26;T20-21;D1;Leverkusen;Augsburg;3;1;1;1;0,0508;0,9427;0,0065
15989;2020-10-26;T20-21;E0;Burnley;Tottenham;0;1;2;2;0,0474;0,0093;0,9434
56445;2020-10-28;T20-21;SP2;Albacete;Las Palmas;1;1;0;0;0,3833;0,3695;0,2472
56449;2020-10-29;T20-21;SP2;Alcorcon;Sp Gijon;1;2;2;2;0,1385;0,0352;0,8263
56451;2020-10-29;T20-21;SP2;Mirandes;Zaragoza;1;0;1;1;0,2431;0,691;0,0659
56452;2020-10-29;T20-21;SP2;Tenerife;Lugo;1;1;0;2;0,3345;0,2025;0,463
56454;2020-10-29;T20-21;SP2;Vallecano;Fuenlabrada;2;0;1;1;0,303;0,5876;0,1094
15990;2020-10-30;T20-21;E0;Wolves;Crystal Palace;2;0;1;2;0,2462;0,143;0,6107
26190;2020-10-31;T20-21;F1;Rennes;Brest;2;1;1;1;0,3531;0,3744;0,2725
44576;2020-10-31;T20-21;SP1;Alaves;Barcelona;1;1;0;1;0,311;0,5522;0,1367
44574;2020-10-31;T20-21;SP1;Ath Bilbao;Sevilla;2;1;1;1;0,2768;0,6354;0,0878
34571;2020-10-31;T20-21;I1;Bologna;Cagliari;3;2;1;2;0,2664;0,1531;0,5805
34570;2020-10-31;T20-21;I1;Inter;Parma;2;2;0;1;0,2469;0,7062;0,0469
15993;2020-10-31;T20-21;E0;Liverpool;West Ham;2;1;1;1;0,2533;0,6742;0,0725
56456;2020-10-31;T20-21;SP2;Las Palmas;Oviedo;1;2;2;0;0,3861;0,326;0,2878
15991;2020-10-31;T20-21;E0;Sheffield United;Man City;0;1;2;2;0,0944;0,0154;0,8902
15992;2020-10-31;T20-21;E0;Burnley;Chelsea;0;3;2;2;0,0667;0,0124;0,9209
6038;2020-10-31;T20-21;D1;Augsburg;Mainz;3;1;1;1;0,1572;0,8192;0,0236
44575;2020-10-31;T20-21;SP1;Osasuna;Ath Madrid;1;3;2;2;0,0569;0,0122;0,9309
6041;2020-10-31;T20-21;D1;FC Koln;Bayern Munich;1;2;2;2;0,1461;0,0403;0,8136
6040;2020-10-31;T20-21;D1;Ein Frankfurt;Werder Bremen;1;1;0;1;0,3565;0,3639;0,2796
6042;2020-10-31;T20-21;D1;M'gladbach;RB Leipzig;1;0;1;2;0,2744;0,1662;0,5594
44578;2020-11-01;T20-21;SP1;Celta;Sociedad;1;4;2;2;0,0219;0,005;0,9731
56462;2020-11-01;T20-21;SP2;Almeria;Girona;0;0;0;0;0,7289;0,199;0,0721
56461;2020-11-01;T20-21;SP2;Lugo;Vallecano;1;0;1;1;0,047;0,9502;0,0028
44580;2020-11-01;T20-21;SP1;Valencia;Getafe;2;2;0;0;0,6829;0,2383;0,0788
44579;2020-11-01;T20-21;SP1;Granada;Levante;1;1;0;0;0,6957;0,2173;0,087
34577;2020-11-01;T20-21;I1;Sampdoria;Genoa;1;1;0;0;0,6599;0,2395;0,1006
34575;2020-11-01;T20-21;I1;Napoli;Sassuolo;0;2;2;2;0,0164;0,0057;0,9779
34574;2020-11-01;T20-21;I1;Torino;Lazio;3;4;2;2;0,0232;0,005;0,9718
34572;2020-11-01;T20-21;I1;Udinese;Milan;1;2;2;2;0,036;0,0057;0,9583
26198;2020-11-01;T20-21;F1;Lille;Lyon;1;1;0;0;0,6679;0,127;0,2051
34576;2020-11-01;T20-21;I1;Roma;Fiorentina;2;0;1;1;0,0202;0,9787;0,0011
26196;2020-11-01;T20-21;F1;Reims;Strasbourg;2;1;1;1;0,0196;0,9788;0,0015
26195;2020-11-01;T20-21;F1;Nimes;Metz;0;1;2;2;0,0213;0,0056;0,9731
26193;2020-11-01;T20-21;F1;Angers;Nice;0;3;2;2;0,0197;0,0047;0,9755
26192;2020-11-01;T20-21;F1;St Etienne;Montpellier;0;1;2;2;0,0202;0,0049;0,9749
15997;2020-11-01;T20-21;E0;Tottenham;Brighton;2;1;1;1;0,0236;0,9753;0,0011
15996;2020-11-01;T20-21;E0;Man United;Arsenal;0;1;2;2;0,0163;0,0058;0,9778
15995;2020-11-01;T20-21;E0;Newcastle;Everton;2;1;1;1;0,022;0,9764;0,0016
15994;2020-11-01;T20-21;E0;Aston Villa;Southampton;3;4;2;2;0,022;0,0047;0,9733
6044;2020-11-01;T20-21;D1;Hertha;Wolfsburg;1;1;0;0;0,6634;0,2546;0,0821
6043;2020-11-01;T20-21;D1;Freiburg;Leverkusen;2;4;2;2;0,0221;0,0046;0,9733
26197;2020-11-01;T20-21;F1;Monaco;Bordeaux;4;0;1;1;0,0172;0,9817;0,0011
6045;2020-11-02;T20-21;D1;Hoffenheim;Union Berlin;1;3;2;2;0,0131;0,0067;0,9803
44581;2020-11-02;T20-21;SP1;Villarreal;Valladolid;2;0;1;1;0,0279;0,9707;0,0013
56466;2020-11-04;T20-21;SP2;Zaragoza;Girona;2;2;0;0;0,5592;0,2409;0,1998
34579;2020-11-04;T20-21;I1;Genoa;Torino;1;2;2;2;0,1101;0,0236;0,8663
56467;2020-11-05;T20-21;SP2;Alcorcon;Ponferradina;0;1;2;2;0,0674;0,0179;0,9147
6046;2020-11-06;T20-21;D1;Werder Bremen;FC Koln;1;1;0;1;0,0816;0,9079;0,0105
16000;2020-11-06;T20-21;E0;Brighton;Burnley;0;0;0;0;0,5679;0,1848;0,2473
16001;2020-11-06;T20-21;E0;Southampton;Newcastle;2;0;1;1;0,101;0,8834;0,0156
26199;2020-11-06;T20-21;F1;Strasbourg;Marseille;0;1;2;2;0,0557;0,0093;0,935
34580;2020-11-06;T20-21;I1;Sassuolo;Udinese;0;0;0;1;0,0469;0,9495;0,0036
44585;2020-11-07;T20-21;SP1;Sevilla;Osasuna;1;0;1;1;0,2319;0,7434;0,0247
44584;2020-11-07;T20-21;SP1;Barcelona;Betis;5;2;1;2;0,1572;0,1408;0,702
34583;2020-11-07;T20-21;I1;Parma;Fiorentina;0;0;0;1;0,1132;0,8774;0,0094
34581;2020-11-07;T20-21;I1;Cagliari;Sampdoria;2;0;1;1;0,2539;0,718;0,0281
56471;2020-11-07;T20-21;SP2;Mirandes;Sp Gijon;1;0;1;0;0,447;0,1745;0,3785
26201;2020-11-07;T20-21;F1;Paris SG;Rennes;3;0;1;1;0,0188;0,9798;0,0014
16004;2020-11-07;T20-21;E0;Chelsea;Sheffield United;4;1;1;1;0,0192;0,9793;0,0015
16002;2020-11-07;T20-21;E0;Everton;Man United;1;3;2;0;0,4753;0,1242;0,4004
6047;2020-11-07;T20-21;D1;Augsburg;Hertha;0;3;2;2;0,0971;0,026;0,8769
6048;2020-11-07;T20-21;D1;Mainz;Schalke 04;2;2;0;2;0,3459;0,1965;0,4575
26200;2020-11-07;T20-21;F1;Bordeaux;Montpellier;0;2;2;1;0,3035;0,6108;0,0857
6052;2020-11-07;T20-21;D1;Dortmund;Bayern Munich;2;3;2;2;0,213;0,056;0,731
6049;2020-11-07;T20-21;D1;RB Leipzig;Freiburg;3;0;1;1;0,0309;0,9665;0,0026
56478;2020-11-08;T20-21;SP2;Tenerife;Zaragoza;1;0;1;2;0,3482;0,1753;0,4765
56476;2020-11-08;T20-21;SP2;Mallorca;Ponferradina;3;0;1;1;0,2913;0,5815;0,1273
56475;2020-11-08;T20-21;SP2;Vallecano;Almeria;0;1;2;2;0,2479;0,0973;0,6547
56474;2020-11-08;T20-21;SP2;Alcorcon;Fuenlabrada;0;3;2;2;0,3956;0,1194;0,485
44591;2020-11-08;T20-21;SP1;Valencia;Real Madrid;4;1;1;0;0,3956;0,3329;0,2716
44590;2020-11-08;T20-21;SP1;Valladolid;Ath Bilbao;2;1;1;1;0,2492;0,7325;0,0183
44589;2020-11-08;T20-21;SP1;Levante;Alaves;1;1;0;2;0,1509;0,0536;0,7954
44588;2020-11-08;T20-21;SP1;Sociedad;Granada;2;0;1;1;0,0357;0,9603;0,004
34589;2020-11-08;T20-21;I1;Milan;Verona;2;2;0;1;0,2425;0,7333;0,0243
34586;2020-11-08;T20-21;I1;Genoa;Roma;1;3;2;2;0,0495;0,0084;0,9421
34585;2020-11-08;T20-21;I1;Atalanta;Inter;1;1;0;0;0,46;0,4199;0,1202
44587;2020-11-08;T20-21;SP1;Getafe;Villarreal;1;3;2;2;0,0757;0,0149;0,9093
26208;2020-11-08;T20-21;F1;Lyon;St Etienne;2;1;1;1;0,0432;0,9523;0,0045
34584;2020-11-08;T20-21;I1;Lazio;Juventus;1;1;0;2;0,3384;0,2468;0,4148
6054;2020-11-08;T20-21;D1;Leverkusen;M'gladbach;4;3;1;1;0,0797;0,9097;0,0106
16007;2020-11-08;T20-21;E0;Leicester;Wolves;1;0;1;1;0,0808;0,9126;0,0066
16008;2020-11-08;T20-21;E0;Man City;Liverpool;1;1;0;1;0,4095;0,5126;0,0779
16009;2020-11-08;T20-21;E0;Arsenal;Aston Villa;0;3;2;2;0,2758;0,1323;0,5919
6053;2020-11-08;T20-21;D1;Wolfsburg;Hoffenheim;2;1;1;1;0,1709;0,8079;0,0211
26205;2020-11-08;T20-21;F1;Metz;Dijon;1;1;0;1;0,3014;0,6195;0,079
26206;2020-11-08;T20-21;F1;Nimes;Angers;1;5;2;2;0,2264;0,1156;0,658
26207;2020-11-08;T20-21;F1;Nice;Monaco;1;2;2;1;0,3485;0,4538;0,1977
26202;2020-11-08;T20-21;F1;Brest;Lille;3;2;1;1;0,1628;0,7974;0,0398
34588;2020-11-08;T20-21;I1;Bologna;Napoli;0;1;2;2;0,0576;0,0101;0,9324
56479;2020-11-09;T20-21;SP2;Girona;Las Palmas;1;1;0;1;0,36;0,5174;0,1227
56480;2020-11-13;T20-21;SP2;Zaragoza;Oviedo;1;2;2;2;0,2791;0,1495;0,5715
56482;2020-11-14;T20-21;SP2;Almeria;Mirandes;2;1;1;1;0,17;0,7948;0,0353
56483;2020-11-14;T20-21;SP2;Girona;Mallorca;0;1;2;1;0,335;0,4564;0,2086
56484;2020-11-14;T20-21;SP2;Lugo;Albacete;1;0;1;1;0,2072;0,746;0,0468
56486;2020-11-15;T20-21;SP2;Ponferradina;Malaga;1;1;0;1;0,2802;0,6083;0,1115
56489;2020-11-15;T20-21;SP2;Las Palmas;Tenerife;1;0;1;1;0,2677;0,6604;0,0718
56490;2020-11-16;T20-21;SP2;Sp Gijon;Vallecano;1;1;0;1;0,3564;0,4621;0,1816
56491;2020-11-20;T20-21;SP2;Alcorcon;Lugo;1;0;1;2;0,3273;0,1682;0,5044
26210;2020-11-20;T20-21;F1;Monaco;Paris SG;3;2;1;1;0,3122;0,4173;0,2705
26209;2020-11-20;T20-21;F1;Rennes;Bordeaux;0;1;2;2;0,2762;0,2136;0,5102
44594;2020-11-21;T20-21;SP1;Villarreal;Real Madrid;1;1;0;1;0,3082;0,4957;0,1961
56496;2020-11-21;T20-21;SP2;Oviedo;Fuenlabrada;1;1;0;1;0,2914;0,6133;0,0953
44596;2020-11-21;T20-21;SP1;Ath Madrid;Barcelona;1;0;1;1;0,1229;0,8577;0,0194
44595;2020-11-21;T20-21;SP1;Sevilla;Celta;4;2;1;1;0,3706;0,3908;0,2386
34592;2020-11-21;T20-21;I1;Juventus;Cagliari;2;0;1;1;0,2101;0,7494;0,0405
26211;2020-11-21;T20-21;F1;Brest;St Etienne;4;1;1;1;0,2047;0,7444;0,0509
16012;2020-11-21;T20-21;E0;Tottenham;Man City;2;0;1;1;0,1659;0,7924;0,0417
16010;2020-11-21;T20-21;E0;Newcastle;Chelsea;0;2;2;2;0,1316;0,0313;0,8371
6061;2020-11-21;T20-21;D1;Hertha;Dortmund;2;5;2;2;0,2633;0,1499;0,5868
6060;2020-11-21;T20-21;D1;Ein Frankfurt;RB Leipzig;1;1;0;2;0,1557;0,0556;0,7887
6059;2020-11-21;T20-21;D1;Schalke 04;Wolfsburg;0;2;2;2;0,1494;0,0422;0,8084
6058;2020-11-21;T20-21;D1;M'gladbach;Augsburg;1;1;0;1;0,3449;0,4342;0,2209
6055;2020-11-21;T20-21;D1;Bayern Munich;Werder Bremen;1;1;0;1;0,2595;0,6233;0,1172
16011;2020-11-21;T20-21;E0;Aston Villa;Brighton;1;2;2;1;0,1126;0,8709;0,0165
44597;2020-11-22;T20-21;SP1;Eibar;Getafe;0;0;0;2;0,3466;0,2395;0,4139
44599;2020-11-22;T20-21;SP1;Granada;Valladolid;1;3;2;2;0,3546;0,2044;0,4411
26215;2020-11-22;T20-21;F1;Reims;Nimes;0;1;2;2;0,3179;0,2422;0,44
56498;2020-11-22;T20-21;SP2;Mallorca;Sp Gijon;0;0;0;1;0,3417;0,5274;0,1308
56500;2020-11-22;T20-21;SP2;Ponferradina;Zaragoza;2;1;1;1;0,1895;0,7634;0,0471
34599;2020-11-22;T20-21;I1;Napoli;Milan;1;3;2;1;0,2838;0,5304;0,1858
44600;2020-11-22;T20-21;SP1;Alaves;Valencia;2;2;0;1;0,3249;0,4725;0,2026
34596;2020-11-22;T20-21;I1;Sampdoria;Bologna;1;2;2;0;0,3906;0,3219;0,2875
26212;2020-11-22;T20-21;F1;Nantes;Metz;1;1;0;1;0,3881;0,438;0,1739
34594;2020-11-22;T20-21;I1;Inter;Torino;4;2;1;1;0,1175;0,8714;0,011
26216;2020-11-22;T20-21;F1;Angers;Lyon;0;1;2;2;0,284;0,1787;0,5373
16017;2020-11-22;T20-21;E0;Liverpool;Leicester;3;0;1;1;0,2901;0,3889;0,321
16015;2020-11-22;T20-21;E0;Sheffield United;West Ham;0;1;2;2;0,0856;0,0184;0,896
6062;2020-11-22;T20-21;D1;Freiburg;Mainz;1;3;2;0;0,3967;0,3945;0,2088
34595;2020-11-22;T20-21;I1;Roma;Parma;3;0;1;1;0,0933;0,8986;0,0081
56501;2020-11-23;T20-21;SP2;Albacete;Almeria;1;2;2;2;0,1975;0,0569;0,7456
56503;2020-11-24;T20-21;SP2;Girona;Malaga;0;1;2;1;0,275;0,5953;0,1297
56504;2020-11-24;T20-21;SP2;Lugo;Oviedo;0;0;0;1;0,377;0,3953;0,2277
56509;2020-11-25;T20-21;SP2;Fuenlabrada;Ponferradina;1;1;0;2;0,2704;0,1387;0,5908
56505;2020-11-25;T20-21;SP2;Las Palmas;Mirandes;0;2;2;2;0,3397;0,2363;0,424
56507;2020-11-25;T20-21;SP2;Zaragoza;Vallecano;1;2;2;2;0,2403;0,116;0,6436
56512;2020-11-26;T20-21;SP2;Almeria;Tenerife;2;0;1;1;0,1403;0,8366;0,0231
56514;2020-11-27;T20-21;SP2;Malaga;Lugo;2;2;0;1;0,3295;0,5485;0,1219
44602;2020-11-27;T20-21;SP1;Valladolid;Levante;1;1;0;1;0,3819;0,3959;0,2221
56513;2020-11-27;T20-21;SP2;Alcorcon;Girona;1;0;1;2;0,306;0,1414;0,5526
16020;2020-11-27;T20-21;E0;Crystal Palace;Newcastle;0;2;2;1;0,2875;0,6094;0,1031
6064;2020-11-27;T20-21;D1;Wolfsburg;Werder Bremen;5;3;1;1;0,128;0,8505;0,0215
26219;2020-11-27;T20-21;F1;Strasbourg;Rennes;1;1;0;1;0,3136;0,4787;0,2077
44606;2020-11-28;T20-21;SP1;Real Madrid;Alaves;1;2;2;1;0,3004;0,4065;0,2931
44605;2020-11-28;T20-21;SP1;Huesca;Sevilla;0;1;2;0;0,3524;0,3003;0,3473
44604;2020-11-28;T20-21;SP1;Valencia;Ath Madrid;0;1;2;2;0,111;0,0332;0,8558
34600;2020-11-28;T20-21;I1;Sassuolo;Inter;0;3;2;1;0,2837;0,5235;0,1928
26221;2020-11-28;T20-21;F1;Paris SG;Bordeaux;2;2;0;1;0,2524;0,6154;0,1322
34602;2020-11-28;T20-21;I1;Atalanta;Verona;0;2;2;2;0,3197;0,2744;0,4059
16021;2020-11-28;T20-21;E0;Brighton;Liverpool;1;1;0;2;0,1352;0,0348;0,8301
6070;2020-11-28;T20-21;D1;M'gladbach;Schalke 04;4;1;1;1;0,1761;0,7949;0,029
6069;2020-11-28;T20-21;D1;Union Berlin;Ein Frankfurt;3;3;0;1;0,2143;0,7208;0,0649
6066;2020-11-28;T20-21;D1;Dortmund;FC Koln;1;2;2;1;0,2423;0,7035;0,0543
6065;2020-11-28;T20-21;D1;Augsburg;Freiburg;1;1;0;1;0,2189;0,7039;0,0772
16022;2020-11-28;T20-21;E0;Man City;Burnley;5;0;1;1;0,1089;0,8801;0,011
34605;2020-11-29;T20-21;I1;Milan;Fiorentina;2;0;1;1;0,0702;0,923;0,0068
56522;2020-11-29;T20-21;SP2;Las Palmas;Sp Gijon;3;2;1;1;0,3552;0,4029;0,2419
56518;2020-11-29;T20-21;SP2;Albacete;Tenerife;0;2;2;0;0,4257;0,3275;0,2468
44610;2020-11-29;T20-21;SP1;Sociedad;Villarreal;1;1;0;1;0,1553;0,7976;0,0471
44609;2020-11-29;T20-21;SP1;Celta;Granada;3;1;1;1;0,1925;0,7516;0,0559
44608;2020-11-29;T20-21;SP1;Getafe;Ath Bilbao;1;1;0;0;0,3834;0,2743;0,3423
44607;2020-11-29;T20-21;SP1;Barcelona;Osasuna;4;0;1;1;0,1652;0,8104;0,0243
34607;2020-11-29;T20-21;I1;Napoli;Roma;4;0;1;1;0,1555;0,8042;0,0403
34603;2020-11-29;T20-21;I1;Lazio;Udinese;1;3;2;1;0,2605;0,695;0,0446
16025;2020-11-29;T20-21;E0;Southampton;Man United;2;3;2;1;0,3054;0,5126;0,182
26226;2020-11-29;T20-21;F1;Monaco;Nimes;3;0;1;1;0,1118;0,8597;0,0285
26225;2020-11-29;T20-21;F1;Metz;Brest;0;2;2;2;0,2867;0,1486;0,5647
26222;2020-11-29;T20-21;F1;Lyon;Reims;3;0;1;1;0,1051;0,8812;0,0137
16027;2020-11-29;T20-21;E0;Arsenal;Wolves;1;2;2;2;0,3099;0,1513;0,5388
16026;2020-11-29;T20-21;E0;Chelsea;Tottenham;0;0;0;1;0,3108;0,4973;0,1919
6072;2020-11-29;T20-21;D1;Mainz;Hoffenheim;1;1;0;2;0,2348;0,0957;0,6694
6071;2020-11-29;T20-21;D1;Leverkusen;Hertha;0;0;0;1;0,1088;0,8679;0,0232
26228;2020-11-29;T20-21;F1;St Etienne;Lille;1;1;0;2;0,1749;0,0646;0,7606
44611;2020-11-30;T20-21;SP1;Betis;Eibar;0;2;2;1;0,2373;0,6788;0,0839
34609;2020-11-30;T20-21;I1;Genoa;Parma;1;2;2;2;0,3456;0,1974;0,457
56523;2020-11-30;T20-21;SP2;Oviedo;Almeria;1;2;2;2;0,2055;0,0918;0,7027
16029;2020-11-30;T20-21;E0;West Ham;Aston Villa;2;1;1;1;0,3333;0,4267;0,24
34608;2020-11-30;T20-21;I1;Torino;Sampdoria;2;2;0;2;0,3797;0,2035;0,4168
56525;2020-12-01;T20-21;SP2;Girona;Mirandes;1;0;1;1;0,091;0,9044;0,0046
56526;2020-12-02;T20-21;SP2;Cartagena;Espanol;1;3;2;2;0,041;0,0064;0,9526
56527;2020-12-02;T20-21;SP2;Leganes;Vallecano;1;0;1;1;0,042;0,9553;0,0027
56529;2020-12-02;T20-21;SP2;Castellon;Zaragoza;1;0;1;1;0,2147;0,756;0,0294
56530;2020-12-02;T20-21;SP2;Lugo;Las Palmas;1;1;0;1;0,2435;0,7369;0,0196
56531;2020-12-03;T20-21;SP2;Almeria;Mallorca;0;1;2;2;0,1306;0,0206;0,8488
56532;2020-12-03;T20-21;SP2;Oviedo;Alcorcon;1;1;0;0;0,63;0,2632;0,1068
56534;2020-12-03;T20-21;SP2;Sp Gijon;Albacete;0;0;0;1;0,2869;0,685;0,0281
44612;2020-12-04;T20-21;SP1;Ath Bilbao;Celta;0;2;2;2;0,3032;0,0686;0,6282
6073;2020-12-04;T20-21;D1;Hertha;Union Berlin;3;1;1;0;0,3557;0,3547;0,2896
26229;2020-12-04;T20-21;F1;Nimes;Marseille;0;2;2;0;0,4925;0,2057;0,3018
56538;2020-12-05;T20-21;SP2;Malaga;Cartagena;1;2;2;2;0,0952;0,0229;0,8819
56537;2020-12-05;T20-21;SP2;Mirandes;Lugo;0;0;0;2;0,3353;0,0726;0,592
56536;2020-12-05;T20-21;SP2;Ponferradina;Las Palmas;0;0;0;1;0,2478;0,6697;0,0825
56535;2020-12-05;T20-21;SP2;Vallecano;Logrones;2;1;1;1;0,2902;0,69;0,0197
44615;2020-12-05;T20-21;SP1;Ath Madrid;Valladolid;2;0;1;1;0,1665;0,8268;0,0068
44614;2020-12-05;T20-21;SP1;Sevilla;Real Madrid;0;1;2;2;0,0519;0,012;0,936
44613;2020-12-05;T20-21;SP1;Levante;Getafe;3;0;1;1;0,2903;0,6799;0,0298
34612;2020-12-05;T20-21;I1;Inter;Bologna;3;1;1;1;0,0829;0,9139;0,0032
16032;2020-12-05;T20-21;E0;West Ham;Man United;1;3;2;1;0,4258;0,5419;0,0322
26231;2020-12-05;T20-21;F1;Montpellier;Paris SG;1;3;2;2;0,0349;0,0066;0,9584
16031;2020-12-05;T20-21;E0;Man City;Fulham;2;0;1;1;0,3671;0,5421;0,0908
16030;2020-12-05;T20-21;E0;Burnley;Everton;1;1;0;2;0,3951;0,0697;0,5351
6078;2020-12-05;T20-21;D1;Bayern Munich;RB Leipzig;3;3;0;2;0,3019;0,2793;0,4188
6077;2020-12-05;T20-21;D1;Freiburg;M'gladbach;2;2;0;2;0,0571;0,0117;0,9313
6076;2020-12-05;T20-21;D1;FC Koln;Wolfsburg;2;2;0;0;0,4503;0,4402;0,1095
6075;2020-12-05;T20-21;D1;Ein Frankfurt;Dortmund;1;1;0;1;0,2532;0,6099;0,1369
34611;2020-12-05;T20-21;I1;Juventus;Torino;2;1;1;1;0,0377;0,9592;0,003
34617;2020-12-06;T20-21;I1;Sampdoria;Milan;1;2;2;2;0,1147;0,0281;0,8572
44617;2020-12-06;T20-21;SP1;Granada;Huesca;3;3;0;2;0,4203;0,1523;0,4274
44618;2020-12-06;T20-21;SP1;Osasuna;Betis;0;2;2;2;0,0348;0,0145;0,9507
44620;2020-12-06;T20-21;SP1;Alaves;Sociedad;0;0;0;1;0,3831;0,4585;0,1584
56542;2020-12-06;T20-21;SP2;Sabadell;Oviedo;0;1;2;0;0,4763;0,2248;0,2989
56540;2020-12-06;T20-21;SP2;Espanol;Sp Gijon;2;0;1;1;0,1438;0,835;0,0212
56541;2020-12-06;T20-21;SP2;Albacete;Girona;0;2;2;2;0,4304;0,1108;0,4589
34615;2020-12-06;T20-21;I1;Roma;Sassuolo;0;0;0;1;0,2295;0,7111;0,0594
56543;2020-12-06;T20-21;SP2;Zaragoza;Fuenlabrada;1;0;1;1;0,2546;0,7069;0,0385
34613;2020-12-06;T20-21;I1;Verona;Cagliari;1;1;0;1;0,2515;0,7337;0,0148
56539;2020-12-06;T20-21;SP2;Alcorcon;Almeria;0;1;2;2;0,421;0,0961;0,4829
26237;2020-12-06;T20-21;F1;Reims;Nice;0;0;0;2;0,3059;0,2907;0,4034
26238;2020-12-06;T20-21;F1;Metz;Lyon;1;3;2;1;0,2969;0,6528;0,0503
16035;2020-12-06;T20-21;E0;Sheffield United;Leicester;1;2;2;2;0,057;0,0095;0,9335
16036;2020-12-06;T20-21;E0;Tottenham;Arsenal;2;0;1;1;0,1309;0,8446;0,0245
16037;2020-12-06;T20-21;E0;Liverpool;Wolves;4;0;1;0;0,5365;0,3318;0,1317
6080;2020-12-06;T20-21;D1;Schalke 04;Leverkusen;0;3;2;2;0,0996;0,0183;0,8821
26234;2020-12-06;T20-21;F1;Bordeaux;Brest;1;0;1;1;0,2641;0,7084;0,0275
26235;2020-12-06;T20-21;F1;Dijon;St Etienne;0;0;0;1;0,3865;0,5739;0,0396
26236;2020-12-06;T20-21;F1;Nantes;Strasbourg;0;4;2;2;0,1734;0,0377;0,7889
26232;2020-12-06;T20-21;F1;Lille;Monaco;2;1;1;1;0,0959;0,8978;0,0063
56545;2020-12-07;T20-21;SP2;Mallorca;Castellon;3;1;1;1;0,3555;0,5339;0,1107
6081;2020-12-07;T20-21;D1;Hoffenheim;Augsburg;3;1;1;1;0,2179;0,758;0,0241
16038;2020-12-07;T20-21;E0;Brighton;Southampton;1;2;2;2;0,0275;0,0057;0,9668
34618;2020-12-07;T20-21;I1;Fiorentina;Genoa;1;1;0;0;0,4773;0,1471;0,3755
44621;2020-12-07;T20-21;SP1;Eibar;Valencia;0;0;0;1;0,1916;0,7939;0,0145
56544;2020-12-07;T20-21;SP2;Tenerife;Leganes;0;0;0;0;0,4875;0,1258;0,3867
56547;2020-12-09;T20-21;SP2;Sabadell;Alcorcon;1;1;0;1;0,2615;0,7062;0,0323
56546;2020-12-09;T20-21;SP2;Almeria;Zaragoza;1;0;1;1;0,2555;0,6763;0,0683
56548;2020-12-10;T20-21;SP2;Girona;Logrones;2;0;1;1;0,3691;0,5727;0,0582
6082;2020-12-11;T20-21;D1;Wolfsburg;Ein Frankfurt;2;1;1;1;0,1932;0,7527;0,0541
26239;2020-12-11;T20-21;F1;St Etienne;Angers;0;0;0;2;0,2944;0,1645;0,5411
44622;2020-12-11;T20-21;SP1;Valladolid;Osasuna;3;2;1;1;0,26;0,6773;0,0627
56549;2020-12-11;T20-21;SP2;Lugo;Ponferradina;1;0;1;1;0,361;0,3828;0,2562
56550;2020-12-11;T20-21;SP2;Oviedo;Tenerife;4;2;1;1;0,2868;0,6061;0,1072
56553;2020-12-12;T20-21;SP2;Fuenlabrada;Mirandes;0;1;2;2;0,3285;0,2041;0,4675
56552;2020-12-12;T20-21;SP2;Castellon;Albacete;3;0;1;1;0,214;0,7148;0,0712
56551;2020-12-12;T20-21;SP2;Leganes;Mallorca;0;1;2;2;0,3715;0,2444;0,384
44626;2020-12-12;T20-21;SP1;Real Madrid;Ath Madrid;2;0;1;2;0,3181;0,2912;0,3907
44625;2020-12-12;T20-21;SP1;Huesca;Alaves;1;0;1;1;0,3463;0,4879;0,1658
44624;2020-12-12;T20-21;SP1;Getafe;Sevilla;0;1;2;2;0,3292;0,2138;0,457
44623;2020-12-12;T20-21;SP1;Valencia;Ath Bilbao;2;2;0;0;0,3703;0,3321;0,2977
34622;2020-12-12;T20-21;I1;Lazio;Verona;1;2;2;0;0,3754;0,3227;0,3019
34621;2020-12-12;T20-21;I1;Torino;Udinese;2;3;2;0;0,4252;0,1854;0,3894
6087;2020-12-12;T20-21;D1;RB Leipzig;Werder Bremen;2;0;1;1;0,092;0,8895;0,0185
16043;2020-12-12;T20-21;E0;Everton;Chelsea;1;0;1;1;0,2852;0,5565;0,1583
16042;2020-12-12;T20-21;E0;Man United;Man City;0;0;0;1;0,314;0,5444;0,1416
16040;2020-12-12;T20-21;E0;Wolves;Aston Villa;0;1;2;2;0,2059;0,1375;0,6566
6088;2020-12-12;T20-21;D1;Union Berlin;Bayern Munich;1;1;0;2;0,3142;0,3;0,3857
6086;2020-12-12;T20-21;D1;M'gladbach;Hertha;1;1;0;1;0,3434;0,512;0,1446
6085;2020-12-12;T20-21;D1;Mainz;FC Koln;0;1;2;2;0,2944;0,1642;0,5413
6083;2020-12-12;T20-21;D1;Dortmund;Stuttgart;1;5;2;1;0,3112;0,4604;0,2284
26240;2020-12-12;T20-21;F1;Marseille;Monaco;2;1;1;1;0,2306;0,6864;0,0829
34626;2020-12-13;T20-21;I1;Napoli;Sampdoria;2;1;1;1;0,0595;0,9324;0,0081
34627;2020-12-13;T20-21;I1;Genoa;Juventus;1;3;2;2;0,1201;0,0217;0,8582
34628;2020-12-13;T20-21;I1;Milan;Parma;2;2;0;1;0,1277;0,8585;0,0138
44627;2020-12-13;T20-21;SP1;Sociedad;Eibar;1;1;0;1;0,1465;0,8258;0,0277
44628;2020-12-13;T20-21;SP1;Betis;Villarreal;1;1;0;1;0,2469;0,6036;0,1494
56556;2020-12-13;T20-21;SP2;Las Palmas;Alcorcon;0;0;0;1;0,3645;0,4811;0,1544
56554;2020-12-13;T20-21;SP2;Logrones;Espanol;0;3;2;2;0,3022;0,1315;0,5663
56555;2020-12-13;T20-21;SP2;Almeria;Malaga;3;1;1;1;0,1763;0,7764;0,0472
56558;2020-12-13;T20-21;SP2;Sp Gijon;Zaragoza;1;0;1;1;0,1775;0,7844;0,0381
56557;2020-12-13;T20-21;SP2;Cartagena;Sabadell;1;2;2;0;0,3821;0,3246;0,2933
34625;2020-12-13;T20-21;I1;Bologna;Roma;1;5;2;2;0,2966;0,2113;0,4921
44630;2020-12-13;T20-21;SP1;Barcelona;Levante;1;0;1;1;0,1991;0,7638;0,0371
34624;2020-12-13;T20-21;I1;Atalanta;Fiorentina;3;0;1;1;0,2594;0,687;0,0536
6090;2020-12-13;T20-21;D1;Leverkusen;Hoffenheim;4;1;1;1;0,103;0,8787;0,0183
26248;2020-12-13;T20-21;F1;Paris SG;Lyon;0;1;2;2;0,2857;0,2677;0,4466
6089;2020-12-13;T20-21;D1;Augsburg;Schalke 04;2;2;0;1;0,2409;0,6719;0,0872
16044;2020-12-13;T20-21;E0;Southampton;Sheffield United;3;0;1;1;0,0757;0,9174;0,0069
16045;2020-12-13;T20-21;E0;Crystal Palace;Tottenham;1;1;0;1;0,2937;0,5139;0,1925
34623;2020-12-13;T20-21;I1;Cagliari;Inter;1;3;2;2;0,2505;0,0867;0,6628
16047;2020-12-13;T20-21;E0;Arsenal;Burnley;0;1;2;1;0,305;0,6001;0,0949
16046;2020-12-13;T20-21;E0;Fulham;Liverpool;1;1;0;2;0,2167;0,0767;0,7065
26242;2020-12-13;T20-21;F1;Nice;Rennes;0;1;2;2;0,2975;0,224;0,4785
26243;2020-12-13;T20-21;F1;Brest;Reims;2;1;1;1;0,1654;0,7952;0,0394
26245;2020-12-13;T20-21;F1;Nantes;Dijon;1;1;0;1;0,3335;0,5601;0,1064
26246;2020-12-13;T20-21;F1;Strasbourg;Metz;2;2;0;0;0,3764;0,3751;0,2486
26247;2020-12-13;T20-21;F1;Lille;Bordeaux;2;1;1;1;0,2098;0,7419;0,0483
16048;2020-12-13;T20-21;E0;Leicester;Brighton;3;0;1;1;0,0807;0,9089;0,0104
56559;2020-12-14;T20-21;SP2;Girona;Vallecano;0;0;0;1;0,3198;0,5195;0,1606
44632;2020-12-15;T20-21;SP1;Real Madrid;Ath Bilbao;3;1;1;1;0,233;0,7082;0,0588
16049;2020-12-15;T20-21;E0;Wolves;Chelsea;2;1;1;1;0,3526;0,4118;0,2356
6094;2020-12-15;T20-21;D1;Werder Bremen;Dortmund;1;2;2;2;0,2106;0,0876;0,7018
6092;2020-12-15;T20-21;D1;Hertha;Mainz;0;0;0;1;0,3163;0,6015;0,0822
6091;2020-12-15;T20-21;D1;Ein Frankfurt;M'gladbach;3;3;0;1;0,3297;0,3976;0,2727
6093;2020-12-15;T20-21;D1;Stuttgart;Union Berlin;2;2;0;1;0,3355;0,4594;0,2051
26253;2020-12-16;T20-21;F1;Reims;Nantes;3;2;1;1;0,3506;0,4246;0,2248
44633;2020-12-16;T20-21;SP1;Barcelona;Sociedad;2;1;1;1;0,3125;0,4224;0,2652
34637;2020-12-16;T20-21;I1;Verona;Sampdoria;1;2;2;1;0,2848;0,6103;0,1049
34635;2020-12-16;T20-21;I1;Parma;Cagliari;0;0;0;0;0,3912;0,2931;0,3157
34634;2020-12-16;T20-21;I1;Inter;Napoli;1;0;1;1;0,3072;0,4845;0,2083
34633;2020-12-16;T20-21;I1;Genoa;Milan;2;2;0;2;0,1198;0,0253;0,8548
34632;2020-12-16;T20-21;I1;Fiorentina;Sassuolo;1;1;0;2;0,1924;0,0667;0,741
34631;2020-12-16;T20-21;I1;Juventus;Atalanta;1;1;0;1;0,2317;0,7007;0,0676
26258;2020-12-16;T20-21;F1;Rennes;Marseille;2;1;1;1;0,2779;0,596;0,126
26255;2020-12-16;T20-21;F1;Lyon;Brest;2;2;0;1;0,2504;0,6535;0,0962
26254;2020-12-16;T20-21;F1;Bordeaux;St Etienne;1;2;2;0;0,3708;0,3141;0,3151
26252;2020-12-16;T20-21;F1;Nimes;Nice;0;2;2;2;0,2293;0,1202;0,6505
6095;2020-12-16;T20-21;D1;Schalke 04;Freiburg;0;2;2;2;0,3413;0,2325;0,4262
26250;2020-12-16;T20-21;F1;Dijon;Lille;0;2;2;2;0,1325;0,0352;0,8323
26249;2020-12-16;T20-21;F1;Angers;Strasbourg;0;2;2;1;0,3392;0,5037;0,1571
16056;2020-12-16;T20-21;E0;West Ham;Crystal Palace;1;1;0;1;0,341;0,3541;0,3048
16055;2020-12-16;T20-21;E0;Liverpool;Tottenham;2;1;1;1;0,2099;0,7005;0,0896
16054;2020-12-16;T20-21;E0;Fulham;Brighton;0;0;0;1;0,2894;0,5835;0,1272
16053;2020-12-16;T20-21;E0;Leicester;Everton;0;2;2;1;0,2842;0,5564;0,1594
16051;2020-12-16;T20-21;E0;Arsenal;Southampton;1;1;0;2;0,2831;0,1762;0,5407
6099;2020-12-16;T20-21;D1;Hoffenheim;RB Leipzig;0;1;2;2;0,0911;0,0298;0,8791
6098;2020-12-16;T20-21;D1;FC Koln;Leverkusen;0;4;2;2;0,1205;0,0338;0,8457
6096;2020-12-16;T20-21;D1;Bayern Munich;Wolfsburg;2;1;1;1;0,2444;0,6038;0,1518
26251;2020-12-16;T20-21;F1;Montpellier;Metz;0;2;2;1;0,2871;0,5742;0,1387
16058;2020-12-17;T20-21;E0;Sheffield United;Man United;2;3;2;2;0,0982;0,0175;0,8843
34638;2020-12-17;T20-21;I1;Roma;Torino;3;1;1;1;0,068;0,9246;0,0075
16057;2020-12-17;T20-21;E0;Aston Villa;Burnley;0;0;0;1;0,1034;0,8771;0,0195
6100;2020-12-18;T20-21;D1;Union Berlin;Dortmund;2;1;1;1;0,3127;0,4377;0,2496
44634;2020-12-18;T20-21;SP1;Ath Bilbao;Huesca;2;0;1;1;0,2601;0,657;0,0829
56560;2020-12-18;T20-21;SP2;Ponferradina;Oviedo;1;0;1;1;0,2242;0,7049;0,0709
34639;2020-12-19;T20-21;I1;Fiorentina;Verona;1;1;0;2;0,3132;0,1392;0,5476
56563;2020-12-19;T20-21;SP2;Zaragoza;Lugo;1;0;1;1;0,3254;0,5184;0,1562
56562;2020-12-19;T20-21;SP2;Mallorca;Fuenlabrada;2;3;2;1;0,3523;0,4587;0,189
56561;2020-12-19;T20-21;SP2;Sabadell;Castellon;1;1;0;1;0,331;0,4953;0,1737
44639;2020-12-19;T20-21;SP1;Sevilla;Valladolid;1;1;0;1;0,3016;0,6129;0,0855
44638;2020-12-19;T20-21;SP1;Osasuna;Villarreal;1;3;2;2;0,1665;0,0606;0,773
44637;2020-12-19;T20-21;SP1;Levante;Sociedad;2;1;1;2;0,3066;0,2096;0,4837
44636;2020-12-19;T20-21;SP1;Barcelona;Valencia;2;2;0;1;0,2526;0,6566;0,0908
34641;2020-12-19;T20-21;I1;Parma;Juventus;0;4;2;2;0,1774;0,042;0,7806
26261;2020-12-19;T20-21;F1;Nice;Lyon;1;4;2;2;0,2231;0,1048;0,6721
16060;2020-12-19;T20-21;E0;Southampton;Man City;0;1;2;1;0,3174;0,381;0,3016
16062;2020-12-19;T20-21;E0;Newcastle;Fulham;1;1;0;1;0,2119;0,7397;0,0483
16061;2020-12-19;T20-21;E0;Everton;Arsenal;2;1;1;1;0,1309;0,8386;0,0304
16059;2020-12-19;T20-21;E0;Crystal Palace;Liverpool;0;7;2;2;0,2901;0,2577;0,4522
6106;2020-12-19;T20-21;D1;Leverkusen;Bayern Munich;1;2;2;1;0,2946;0,3775;0,328
6104;2020-12-19;T20-21;D1;RB Leipzig;FC Koln;0;0;0;1;0,1495;0,8254;0,025
6103;2020-12-19;T20-21;D1;M'gladbach;Hoffenheim;1;2;2;1;0,3467;0,3893;0,264
6102;2020-12-19;T20-21;D1;Mainz;Werder Bremen;0;1;2;2;0,2907;0,184;0,5253
6101;2020-12-19;T20-21;D1;Augsburg;Ein Frankfurt;0;2;2;1;0,3275;0,4252;0,2472
26260;2020-12-19;T20-21;F1;Marseille;Reims;1;1;0;1;0,2552;0,6791;0,0657
34647;2020-12-20;T20-21;I1;Atalanta;Roma;4;1;1;2;0,3171;0,2712;0,4116
34648;2020-12-20;T20-21;I1;Lazio;Napoli;2;0;1;1;0,3174;0,4285;0,2542
44640;2020-12-20;T20-21;SP1;Celta;Alaves;2;0;1;1;0,22;0,731;0,0491
44641;2020-12-20;T20-21;SP1;Granada;Betis;2;0;1;1;0,344;0,3896;0,2664
56567;2020-12-20;T20-21;SP2;Malaga;Logrones;0;0;0;1;0,3598;0,4905;0,1497
56564;2020-12-20;T20-21;SP2;Alcorcon;Cartagena;2;1;1;1;0,3398;0,5134;0,1468
56565;2020-12-20;T20-21;SP2;Espanol;Almeria;2;1;1;1;0,3391;0,3457;0,3152
56566;2020-12-20;T20-21;SP2;Vallecano;Las Palmas;2;0;1;1;0,2184;0,6997;0,0819
34646;2020-12-20;T20-21;I1;Sassuolo;Milan;1;2;2;2;0,2561;0,1751;0,5688
44643;2020-12-20;T20-21;SP1;Eibar;Real Madrid;1;3;2;2;0,2262;0,091;0,6828
34644;2020-12-20;T20-21;I1;Cagliari;Udinese;1;1;0;1;0,3573;0,5261;0,1166
16063;2020-12-20;T20-21;E0;Brighton;Sheffield United;1;1;0;1;0,2062;0,7575;0,0363
26268;2020-12-20;T20-21;F1;Lille;Paris SG;0;0;0;1;0,2839;0,5234;0,1926
26267;2020-12-20;T20-21;F1;Lorient;Rennes;0;3;2;2;0,2066;0,0862;0,7072
26266;2020-12-20;T20-21;F1;Strasbourg;Bordeaux;0;2;2;2;0,28;0,1658;0,5543
26265;2020-12-20;T20-21;F1;St Etienne;Nimes;2;2;0;1;0,2248;0,6969;0,0784
26264;2020-12-20;T20-21;F1;Nantes;Angers;1;1;0;2;0,3263;0,2678;0,406
26263;2020-12-20;T20-21;F1;Dijon;Monaco;0;1;2;2;0,1892;0,079;0,7318
26262;2020-12-20;T20-21;F1;Brest;Montpellier;2;2;0;1;0,2792;0,5253;0,1955
16064;2020-12-20;T20-21;E0;Tottenham;Leicester;0;2;2;2;0,234;0,1708;0,5952
34642;2020-12-20;T20-21;I1;Torino;Bologna;1;1;0;2;0,3185;0,1888;0,4927
6108;2020-12-20;T20-21;D1;Wolfsburg;Stuttgart;1;0;1;1;0,1499;0,8037;0,0464
6107;2020-12-20;T20-21;D1;Freiburg;Hertha;4;1;1;1;0,2468;0,6916;0,0615
56569;2020-12-21;T20-21;SP2;Sp Gijon;Leganes;1;1;0;1;0,3009;0,5717;0,1274
56568;2020-12-21;T20-21;SP2;Mirandes;Albacete;0;2;2;1;0,2015;0,7354;0,0631
56570;2020-12-21;T20-21;SP2;Tenerife;Girona;2;0;1;0;0,3838;0,3544;0,2618
16067;2020-12-21;T20-21;E0;Burnley;Wolves;2;1;1;2;0,3372;0,1985;0,4643
16068;2020-12-21;T20-21;E0;Chelsea;West Ham;3;0;1;1;0,218;0,699;0,083
34650;2020-12-22;T20-21;I1;Juventus;Fiorentina;0;3;2;1;0,1281;0,8524;0,0195
44645;2020-12-22;T20-21;SP1;Valencia;Sevilla;0;1;2;2;0,3168;0,2284;0,4548
44646;2020-12-22;T20-21;SP1;Huesca;Levante;1;1;0;1;0,328;0,5238;0,1483
44647;2020-12-22;T20-21;SP1;Sociedad;Ath Madrid;0;2;2;2;0,2541;0,1544;0,5915
44648;2020-12-22;T20-21;SP1;Valladolid;Barcelona;0;3;2;2;0,2033;0,065;0,7317
44649;2020-12-22;T20-21;SP1;Villarreal;Ath Bilbao;1;1;0;1;0,3436;0,4943;0,1621
34653;2020-12-23;T20-21;I1;Milan;Lazio;3;2;1;1;0,1736;0,7817;0,0446
34654;2020-12-23;T20-21;I1;Napoli;Torino;1;1;0;1;0,0854;0,9034;0,0112
34655;2020-12-23;T20-21;I1;Roma;Cagliari;3;2;1;1;0,1353;0,8419;0,0228
44652;2020-12-23;T20-21;SP1;Alaves;Eibar;2;1;1;1;0,2643;0,6498;0,0859
44650;2020-12-23;T20-21;SP1;Getafe;Celta;1;1;0;0;0,3876;0,2994;0,3131
44651;2020-12-23;T20-21;SP1;Real Madrid;Granada;2;0;1;1;0,1744;0,7833;0,0423
34652;2020-12-23;T20-21;I1;Bologna;Atalanta;2;2;0;1;0,3435;0,351;0,3055
34656;2020-12-23;T20-21;I1;Sampdoria;Sassuolo;2;3;2;2;0,2738;0,1803;0,5459
26278;2020-12-23;T20-21;F1;Paris SG;Strasbourg;4;0;1;1;0,1195;0,8605;0,0201
34651;2020-12-23;T20-21;I1;Verona;Inter;1;2;2;2;0,2467;0,1054;0,6478
26277;2020-12-23;T20-21;F1;Montpellier;Lille;2;3;2;2;0,2685;0,1999;0,5316
26276;2020-12-23;T20-21;F1;Monaco;St Etienne;2;2;0;1;0,2585;0,6228;0,1187
26275;2020-12-23;T20-21;F1;Lyon;Nantes;3;0;1;1;0,0975;0,8814;0,021
26274;2020-12-23;T20-21;F1;Angers;Marseille;2;1;1;1;0,2507;0,6145;0,1348
26273;2020-12-23;T20-21;F1;Rennes;Metz;1;0;1;1;0,1736;0,7915;0,035
26272;2020-12-23;T20-21;F1;Nimes;Dijon;1;3;2;0;0,3674;0,2972;0,3353
26271;2020-12-23;T20-21;F1;Nice;Lorient;2;2;0;1;0,2552;0,6634;0,0814
26270;2020-12-23;T20-21;F1;Lens;Brest;2;1;1;1;0,2207;0,6845;0,0948
26269;2020-12-23;T20-21;F1;Bordeaux;Reims;1;3;2;1;0,3509;0,4805;0,1687
16074;2020-12-26;T20-21;E0;Sheffield United;Everton;0;1;2;2;0,0666;0,0138;0,9196
16073;2020-12-26;T20-21;E0;Man City;Newcastle;2;0;1;1;0,2341;0,6138;0,1521
16072;2020-12-26;T20-21;E0;Arsenal;Chelsea;3;1;1;2;0,2872;0,1872;0,5256
16071;2020-12-26;T20-21;E0;Fulham;Southampton;0;0;0;2;0,3344;0,304;0,3616
16070;2020-12-26;T20-21;E0;Aston Villa;Crystal Palace;3;0;1;1;0,149;0,7992;0,0518
16069;2020-12-26;T20-21;E0;Leicester;Man United;2;2;0;1;0,2276;0,6429;0,1296
16076;2020-12-27;T20-21;E0;West Ham;Brighton;2;2;0;1;0,2833;0,6068;0,1099
16078;2020-12-27;T20-21;E0;Wolves;Tottenham;1;1;0;1;0,3437;0,4309;0,2255
16080;2020-12-28;T20-21;E0;Chelsea;Aston Villa;1;1;0;2;0,2726;0,3055;0,4219
16079;2020-12-28;T20-21;E0;Crystal Palace;Leicester;1;1;0;2;0,3067;0,266;0,4272
44656;2020-12-29;T20-21;SP1;Cadiz;Valladolid;0;0;0;1;0,3335;0,5343;0,1323
16084;2020-12-29;T20-21;E0;West Brom;Leeds;0;5;2;2;0,1658;0,0662;0,768
44655;2020-12-29;T20-21;SP1;Barcelona;Eibar;1;1;0;1;0,2378;0,6794;0,0828
44657;2020-12-29;T20-21;SP1;Levante;Betis;4;3;1;1;0,2909;0,5393;0,1698
44654;2020-12-29;T20-21;SP1;Sevilla;Villarreal;2;0;1;1;0,3387;0,4499;0,2114
16081;2020-12-29;T20-21;E0;Brighton;Arsenal;0;1;2;2;0,3323;0,2428;0,4248
16083;2020-12-29;T20-21;E0;Southampton;West Ham;0;0;0;1;0,3241;0,4339;0,242
16082;2020-12-29;T20-21;E0;Burnley;Sheffield United;1;0;1;1;0,2325;0,7379;0,0296
16085;2020-12-29;T20-21;E0;Man United;Wolves;1;0;1;1;0,2372;0,6905;0,0723
16086;2020-12-30;T20-21;E0;Newcastle;Liverpool;0;0;0;2;0,3258;0,2805;0,3937
44658;2020-12-30;T20-21;SP1;Granada;Valencia;2;1;1;1;0,2336;0,7014;0,065
44659;2020-12-30;T20-21;SP1;Ath Madrid;Getafe;1;0;1;1;0,1752;0,7975;0,0273
44660;2020-12-30;T20-21;SP1;Celta;Huesca;2;1;1;1;0,1747;0,7839;0,0414
44662;2020-12-31;T20-21;SP1;Ath Bilbao;Sociedad;0;1;2;2;0,3268;0,2313;0,4419
44663;2020-12-31;T20-21;SP1;Osasuna;Alaves;1;1;0;2;0,3244;0,2358;0,4399
16087;2021-01-01;T20-21;E0;Everton;West Ham;0;1;2;1;0,1987;0,7244;0,0769
16088;2021-01-01;T20-21;E0;Man United;Aston Villa;2;1;1;1;0,2787;0,5794;0,1419
44666;2021-01-02;T20-21;SP1;Getafe;Valladolid;0;1;2;1;0,3531;0,5017;0,1452
44667;2021-01-02;T20-21;SP1;Real Madrid;Celta;2;0;1;1;0,2021;0,7593;0,0385
56571;2021-01-02;T20-21;SP2;Fuenlabrada;Leganes;0;0;0;0;0,3687;0,3328;0,2985
6115;2021-01-02;T20-21;D1;Stuttgart;RB Leipzig;0;1;2;2;0,1889;0,0992;0,7119
56573;2021-01-02;T20-21;SP2;Logrones;Mirandes;2;1;1;1;0,3568;0,433;0,2102
56574;2021-01-02;T20-21;SP2;Cartagena;Zaragoza;1;1;0;1;0,3469;0,3608;0,2923
44665;2021-01-02;T20-21;SP1;Betis;Sevilla;1;1;0;1;0,252;0,535;0,213
56572;2021-01-02;T20-21;SP2;Vallecano;Alcorcon;2;1;1;1;0,2108;0,7447;0,0445
44664;2021-01-02;T20-21;SP1;Villarreal;Levante;2;1;1;1;0,3134;0,5723;0,1144
6112;2021-01-02;T20-21;D1;Hoffenheim;Freiburg;1;3;2;1;0,3179;0,3705;0,3116
16091;2021-01-02;T20-21;E0;Brighton;Wolves;3;3;0;1;0,2237;0,6681;0,1082
16090;2021-01-02;T20-21;E0;Crystal Palace;Sheffield United;2;0;1;1;0,1616;0,8071;0,0314
16089;2021-01-02;T20-21;E0;Tottenham;Leeds;3;0;1;2;0,3204;0,3314;0,3483
6114;2021-01-02;T20-21;D1;Hertha;Schalke 04;3;0;1;1;0,3204;0,4872;0,1924
6113;2021-01-02;T20-21;D1;Werder Bremen;Union Berlin;0;2;2;1;0,3223;0,4667;0,211
6111;2021-01-02;T20-21;D1;FC Koln;Augsburg;0;1;2;1;0,3362;0,3685;0,2953
6110;2021-01-02;T20-21;D1;Ein Frankfurt;Leverkusen;2;1;1;1;0,192;0,7177;0,0902
16092;2021-01-02;T20-21;E0;West Brom;Arsenal;0;4;2;2;0,2279;0,1096;0,6625
56577;2021-01-03;T20-21;SP2;Albacete;Malaga;1;1;0;1;0,309;0,5321;0,1588
56576;2021-01-03;T20-21;SP2;Las Palmas;Espanol;1;0;1;1;0,2833;0,4799;0,2369
56575;2021-01-03;T20-21;SP2;Castellon;Tenerife;0;1;2;1;0,3271;0,3462;0,3266
44672;2021-01-03;T20-21;SP1;Huesca;Barcelona;0;1;2;2;0,206;0,1223;0,6717
44671;2021-01-03;T20-21;SP1;Sociedad;Osasuna;1;1;0;1;0,2769;0,6101;0,113
44670;2021-01-03;T20-21;SP1;Eibar;Granada;2;0;1;1;0,2576;0,6385;0,1039
44669;2021-01-03;T20-21;SP1;Alaves;Ath Madrid;1;2;2;2;0,0935;0,0194;0,8871
34668;2021-01-03;T20-21;I1;Juventus;Udinese;4;1;1;1;0,0762;0,9141;0,0097
34664;2021-01-03;T20-21;I1;Parma;Torino;0;3;2;2;0,3118;0,1688;0,5194
34663;2021-01-03;T20-21;I1;Genoa;Lazio;1;1;0;2;0,1955;0,0829;0,7216
34662;2021-01-03;T20-21;I1;Fiorentina;Bologna;0;0;0;2;0,3072;0,2243;0,4685
34661;2021-01-03;T20-21;I1;Cagliari;Napoli;1;4;2;2;0,1575;0,0511;0,7914
34660;2021-01-03;T20-21;I1;Atalanta;Sassuolo;5;1;1;1;0,1944;0,733;0,0726
16094;2021-01-03;T20-21;E0;Chelsea;Man City;1;3;2;2;0,2004;0,1546;0,645
16093;2021-01-03;T20-21;E0;Newcastle;Leicester;1;2;2;2;0,1377;0,0554;0,8069
6117;2021-01-03;T20-21;D1;Bayern Munich;Mainz;5;2;1;1;0,105;0,8666;0,0284
34665;2021-01-03;T20-21;I1;Roma;Sampdoria;1;0;1;1;0,2892;0,4935;0,2172
16095;2021-01-04;T20-21;E0;Southampton;Liverpool;1;0;1;2;0,1977;0,0832;0,7191
44673;2021-01-04;T20-21;SP1;Valencia;Cadiz;1;1;0;1;0,252;0,6491;0,0989
34674;2021-01-06;T20-21;I1;Sampdoria;Inter;2;1;1;2;0,2641;0,3048;0,4311
34672;2021-01-06;T20-21;I1;Crotone;Roma;1;3;2;2;0,3447;0,3025;0,3528
34673;2021-01-06;T20-21;I1;Lazio;Fiorentina;2;1;1;1;0,0924;0,8843;0,0233
34675;2021-01-06;T20-21;I1;Sassuolo;Genoa;2;1;1;1;0,1771;0,7625;0,0604
34671;2021-01-06;T20-21;I1;Bologna;Udinese;2;2;0;1;0,1903;0,7378;0,0719
34677;2021-01-06;T20-21;I1;Napoli;Spezia;1;2;2;1;0,1;0,8761;0,0239
34678;2021-01-06;T20-21;I1;Milan;Juventus;1;3;2;2;0,2422;0,152;0,6059
44674;2021-01-06;T20-21;SP1;Ath Bilbao;Barcelona;2;3;2;2;0,158;0,0722;0,7698
34676;2021-01-06;T20-21;I1;Torino;Verona;1;1;0;1;0,2542;0,6372;0,1086
34670;2021-01-06;T20-21;I1;Atalanta;Parma;3;0;1;1;0,0458;0,9467;0,0075
26283;2021-01-06;T20-21;F1;Strasbourg;Nimes;5;0;1;1;0,2171;0,6363;0,1465
26288;2021-01-06;T20-21;F1;St Etienne;Paris SG;1;1;0;2;0,2339;0,1803;0,5858
26287;2021-01-06;T20-21;F1;Reims;Dijon;0;0;0;1;0,1954;0,7515;0,0532
26286;2021-01-06;T20-21;F1;Marseille;Montpellier;3;1;1;1;0,2745;0,5403;0,1852
26285;2021-01-06;T20-21;F1;Lyon;Lens;3;2;1;1;0,1804;0,7416;0,078
26284;2021-01-06;T20-21;F1;Lille;Angers;1;2;2;1;0,1189;0,8557;0,0254
34669;2021-01-06;T20-21;I1;Cagliari;Benevento;1;2;2;1;0,1899;0,7398;0,0703
26282;2021-01-06;T20-21;F1;Nantes;Rennes;0;0;0;1;0,2479;0,5872;0,1649
26281;2021-01-06;T20-21;F1;Metz;Bordeaux;0;0;0;1;0,2947;0,4883;0,217
26280;2021-01-06;T20-21;F1;Lorient;Monaco;2;5;2;2;0,2252;0,303;0,4718
26279;2021-01-06;T20-21;F1;Brest;Nice;2;0;1;2;0,2978;0,3019;0,4004
56582;2021-01-08;T20-21;SP2;Zaragoza;Logrones;2;0;1;1;0,1779;0,7644;0,0577
44675;2021-01-08;T20-21;SP1;Celta;Villarreal;0;4;2;1;0,2856;0,5025;0,2119
6118;2021-01-08;T20-21;D1;M'gladbach;Bayern Munich;3;2;1;2;0,244;0,2522;0,5037
44678;2021-01-09;T20-21;SP1;Osasuna;Real Madrid;0;0;0;2;0,2197;0,1304;0,65
44677;2021-01-09;T20-21;SP1;Granada;Barcelona;0;4;2;2;0,0728;0,0208;0,9064
44676;2021-01-09;T20-21;SP1;Sevilla;Sociedad;3;2;1;1;0,1881;0,7342;0,0777
34681;2021-01-09;T20-21;I1;Milan;Torino;2;0;1;1;0,2825;0,517;0,2006
34680;2021-01-09;T20-21;I1;Genoa;Bologna;2;0;1;1;0,2873;0,4871;0,2257
34679;2021-01-09;T20-21;I1;Benevento;Atalanta;1;4;2;2;0,1073;0,0317;0,8609
26298;2021-01-09;T20-21;F1;Rennes;Lyon;2;2;0;2;0,2745;0,2229;0,5026
26297;2021-01-09;T20-21;F1;Reims;St Etienne;3;1;1;1;0,3304;0,3677;0,3019
26296;2021-01-09;T20-21;F1;Paris SG;Brest;3;0;1;1;0,0607;0,9245;0,0148
26295;2021-01-09;T20-21;F1;Nimes;Lille;0;1;2;2;0,1895;0,113;0,6974
26294;2021-01-09;T20-21;F1;Montpellier;Nantes;1;1;0;1;0,2779;0,385;0,3371
56583;2021-01-09;T20-21;SP2;Malaga;Oviedo;1;1;0;1;0,3194;0,4855;0,1951
26292;2021-01-09;T20-21;F1;Metz;Nice;1;1;0;1;0,3113;0,3826;0,3061
26293;2021-01-09;T20-21;F1;Monaco;Angers;3;0;1;1;0,0651;0,9158;0,0191
6119;2021-01-09;T20-21;D1;Freiburg;FC Koln;5;0;1;1;0,2319;0,6544;0,1137
6121;2021-01-09;T20-21;D1;Mainz;Ein Frankfurt;0;2;2;1;0,2461;0,474;0,2799
6122;2021-01-09;T20-21;D1;Schalke 04;Hoffenheim;4;0;1;2;0,2916;0,272;0,4364
6120;2021-01-09;T20-21;D1;Leverkusen;Werder Bremen;1;1;0;1;0,2587;0,5243;0,2171
6124;2021-01-09;T20-21;D1;RB Leipzig;Dortmund;1;3;2;1;0,2972;0,3679;0,3349
26289;2021-01-09;T20-21;F1;Bordeaux;Lorient;2;1;1;2;0,2711;0,2898;0,4391
26290;2021-01-09;T20-21;F1;Dijon;Marseille;0;0;0;2;0,2718;0,1728;0,5553
26291;2021-01-09;T20-21;F1;Lens;Strasbourg;0;1;2;2;0,267;0,2815;0,4515
6123;2021-01-09;T20-21;D1;Union Berlin;Wolfsburg;2;2;0;2;0,1784;0,1366;0,685
44679;2021-01-10;T20-21;SP1;Levante;Eibar;2;1;1;1;0,3598;0,4487;0,1916
56585;2021-01-10;T20-21;SP2;Tenerife;Cartagena;3;0;1;1;0,2619;0,5345;0,2036
56584;2021-01-10;T20-21;SP2;Mallorca;Las Palmas;0;1;2;1;0,2883;0,4295;0,2822
44681;2021-01-10;T20-21;SP1;Valladolid;Valencia;0;1;2;2;0,2562;0,1324;0,6114
44680;2021-01-10;T20-21;SP1;Cadiz;Alaves;3;1;1;1;0,2759;0,6237;0,1005
34687;2021-01-10;T20-21;I1;Juventus;Sassuolo;3;1;1;1;0,129;0,8253;0,0457
56586;2021-01-10;T20-21;SP2;Espanol;Castellon;2;0;1;1;0,2437;0,58;0,1762
34685;2021-01-10;T20-21;I1;Verona;Crotone;2;1;1;1;0,2362;0,6743;0,0894
34684;2021-01-10;T20-21;I1;Udinese;Napoli;1;2;2;2;0,1492;0,0617;0,7891
34683;2021-01-10;T20-21;I1;Parma;Lazio;0;2;2;2;0,1037;0,0293;0,867
34682;2021-01-10;T20-21;I1;Roma;Inter;2;2;0;2;0,1547;0,0895;0,7559
6125;2021-01-10;T20-21;D1;Augsburg;Stuttgart;1;4;2;2;0,2555;0,1843;0,5602
34686;2021-01-10;T20-21;I1;Fiorentina;Cagliari;1;0;1;1;0,3158;0,351;0,3333
34688;2021-01-11;T20-21;I1;Spezia;Sampdoria;2;1;1;1;0,2809;0,4495;0,2697
44682;2021-01-11;T20-21;SP1;Elche;Getafe;1;3;2;2;0,365;0,2445;0,3905
44683;2021-01-11;T20-21;SP1;Huesca;Betis;0;2;2;2;0,1869;0,12;0,6931
56587;2021-01-11;T20-21;SP2;Ponferradina;Girona;1;1;0;2;0,3008;0,3157;0,3835
56588;2021-01-11;T20-21;SP2;Sp Gijon;Fuenlabrada;2;1;1;1;0,2448;0,6087;0,1465
56589;2021-01-11;T20-21;SP2;Sabadell;Lugo;1;1;0;1;0,1982;0,7176;0,0842
44685;2021-01-12;T20-21;SP1;Ath Madrid;Sevilla;2;0;1;1;0,3231;0,3946;0,2824
44684;2021-01-12;T20-21;SP1;Granada;Osasuna;2;0;1;2;0,2872;0,2296;0,4832
16098;2021-01-12;T20-21;E0;Wolves;Everton;1;2;2;2;0,3245;0,3293;0,3462
16096;2021-01-12;T20-21;E0;Sheffield United;Newcastle;1;0;1;2;0,2969;0,3503;0,3528
16097;2021-01-12;T20-21;E0;Burnley;Man United;0;1;2;2;0,2345;0,121;0,6445
16099;2021-01-13;T20-21;E0;Man City;Brighton;1;0;1;1;0,1106;0,8677;0,0217
16101;2021-01-14;T20-21;E0;Arsenal;Crystal Palace;0;0;0;1;0,3558;0,4135;0,2307
6127;2021-01-15;T20-21;D1;Union Berlin;Leverkusen;1;0;1;1;0,2887;0,4497;0,2617
26299;2021-01-15;T20-21;F1;Montpellier;Monaco;2;3;2;1;0,2721;0,5048;0,2231
34689;2021-01-15;T20-21;I1;Lazio;Roma;3;0;1;1;0,2954;0,5309;0,1738
16104;2021-01-16;T20-21;E0;West Ham;Burnley;1;0;1;1;0,2194;0,7323;0,0483
34690;2021-01-16;T20-21;I1;Bologna;Verona;1;0;1;1;0,2231;0,7145;0,0624
26301;2021-01-16;T20-21;F1;Angers;Paris SG;0;1;2;2;0,2418;0,1327;0,6256
34692;2021-01-16;T20-21;I1;Sampdoria;Udinese;2;1;1;1;0,1786;0,7662;0,0552
16106;2021-01-16;T20-21;E0;Leicester;Southampton;2;0;1;1;0,1428;0,8141;0,0431
16105;2021-01-16;T20-21;E0;Fulham;Chelsea;0;1;2;2;0,1434;0,0473;0,8094
16103;2021-01-16;T20-21;E0;Leeds;Brighton;0;1;2;1;0,2842;0,5154;0,2004
26300;2021-01-16;T20-21;F1;Marseille;Nimes;1;2;2;1;0,2375;0,6618;0,1006
6133;2021-01-16;T20-21;D1;Stuttgart;M'gladbach;2;2;0;1;0,2654;0,5931;0,1415
6128;2021-01-16;T20-21;D1;Dortmund;Mainz;1;1;0;1;0,2131;0,7197;0,0673
6129;2021-01-16;T20-21;D1;FC Koln;Hertha;0;0;0;1;0,3334;0,5045;0,1621
16102;2021-01-16;T20-21;E0;Wolves;West Brom;2;3;2;1;0,261;0,6309;0,1081
6131;2021-01-16;T20-21;D1;Werder Bremen;Augsburg;2;0;1;1;0,2093;0,7056;0,0851
6132;2021-01-16;T20-21;D1;Wolfsburg;RB Leipzig;2;2;0;1;0,2804;0,4697;0,2498
6130;2021-01-16;T20-21;D1;Hoffenheim;Bielefeld;0;0;0;1;0,2449;0,6873;0,0678
34697;2021-01-17;T20-21;I1;Inter;Juventus;2;0;1;1;0,1903;0,754;0,0557
34695;2021-01-17;T20-21;I1;Sassuolo;Parma;1;1;0;1;0,1274;0,8394;0,0331
34693;2021-01-17;T20-21;I1;Napoli;Fiorentina;6;0;1;1;0,0994;0,8874;0,0132
26307;2021-01-17;T20-21;F1;Lyon;Metz;0;1;2;1;0,2053;0,7225;0,0722
26306;2021-01-17;T20-21;F1;Lille;Reims;2;1;1;1;0,1203;0,8647;0,0151
26305;2021-01-17;T20-21;F1;Strasbourg;St Etienne;1;0;1;2;0,3427;0,273;0,3844
26304;2021-01-17;T20-21;F1;Nice;Bordeaux;0;3;2;2;0,3445;0,2899;0,3656
34696;2021-01-17;T20-21;I1;Atalanta;Genoa;0;0;0;1;0,1938;0,7752;0,031
26302;2021-01-17;T20-21;F1;Brest;Rennes;1;2;2;2;0,2584;0,1658;0,5758
26303;2021-01-17;T20-21;F1;Nantes;Lens;1;1;0;2;0,3204;0,3112;0,3684
6134;2021-01-17;T20-21;D1;Bayern Munich;Freiburg;2;1;1;1;0,0922;0,8935;0,0143
6135;2021-01-17;T20-21;D1;Ein Frankfurt;Schalke 04;3;1;1;1;0,2314;0,7054;0,0632
34694;2021-01-17;T20-21;I1;Crotone;Benevento;4;1;1;1;0,2671;0,6239;0,109
16107;2021-01-17;T20-21;E0;Sheffield United;Tottenham;1;3;2;2;0,1313;0,027;0,8418
16108;2021-01-17;T20-21;E0;Liverpool;Man United;0;0;0;1;0,2906;0,4889;0,2205
16109;2021-01-17;T20-21;E0;Man City;Crystal Palace;4;0;1;1;0,1129;0,8625;0,0246
16110;2021-01-18;T20-21;E0;Arsenal;Newcastle;3;0;1;1;0,3336;0,3782;0,2882
34698;2021-01-18;T20-21;I1;Cagliari;Milan;0;2;2;2;0,1739;0,0676;0,7585
44688;2021-01-19;T20-21;SP1;Alaves;Sevilla;1;2;2;2;0,21;0,087;0,703
44687;2021-01-19;T20-21;SP1;Valladolid;Elche;2;2;0;0;0,3937;0,3134;0,2929
44686;2021-01-19;T20-21;SP1;Cadiz;Levante;2;2;0;1;0,3897;0,4206;0,1897
16112;2021-01-19;T20-21;E0;Leicester;Chelsea;2;0;1;1;0,2472;0,6104;0,1424
16111;2021-01-19;T20-21;E0;West Ham;West Brom;2;1;1;1;0,1141;0,8669;0,0189
6139;2021-01-19;T20-21;D1;Mainz;Wolfsburg;0;2;2;2;0,1373;0,043;0,8197
6138;2021-01-19;T20-21;D1;Leverkusen;Dortmund;2;1;1;1;0,1623;0,7788;0,0589
6136;2021-01-19;T20-21;D1;M'gladbach;Werder Bremen;1;0;1;1;0,322;0,4626;0,2154
6137;2021-01-19;T20-21;D1;Hertha;Hoffenheim;0;3;2;2;0,2514;0,1524;0,5962
44691;2021-01-20;T20-21;SP1;Villarreal;Granada;2;2;0;1;0,3299;0,3475;0,3226
44690;2021-01-20;T20-21;SP1;Betis;Celta;2;1;1;1;0,1982;0,7165;0,0853
44689;2021-01-20;T20-21;SP1;Getafe;Huesca;1;0;1;1;0,3503;0,4969;0,1528
34699;2021-01-20;T20-21;I1;Udinese;Atalanta;1;1;0;0;0,3969;0,2803;0,3228
26308;2021-01-20;T20-21;F1;Marseille;Lens;0;1;2;1;0,3281;0,376;0,2959
16114;2021-01-20;T20-21;E0;Fulham;Man United;1;2;2;2;0,1698;0,0636;0,7665
6143;2021-01-20;T20-21;D1;Freiburg;Ein Frankfurt;2;2;0;1;0,3591;0,3755;0,2654
6142;2021-01-20;T20-21;D1;Bielefeld;Stuttgart;3;0;1;1;0,333;0,4603;0,2067
6141;2021-01-20;T20-21;D1;Augsburg;Bayern Munich;0;1;2;2;0,1192;0,0378;0,843
6140;2021-01-20;T20-21;D1;Schalke 04;FC Koln;1;2;2;2;0,2933;0,1776;0,5291
6144;2021-01-20;T20-21;D1;RB Leipzig;Union Berlin;1;0;1;1;0,1612;0,7988;0,0401
16115;2021-01-21;T20-21;E0;Liverpool;Burnley;0;1;2;1;0,2045;0,7192;0,0764
44692;2021-01-21;T20-21;SP1;Valencia;Osasuna;1;1;0;1;0,3715;0,4319;0,1967
44693;2021-01-21;T20-21;SP1;Eibar;Ath Madrid;1;2;2;2;0,1932;0,0745;0,7323
44694;2021-01-22;T20-21;SP1;Levante;Valladolid;2;2;0;1;0,344;0,5031;0,1528
34700;2021-01-22;T20-21;I1;Benevento;Torino;2;2;0;1;0,2626;0,6592;0,0781
6145;2021-01-22;T20-21;D1;M'gladbach;Dortmund;4;2;1;1;0,237;0,6371;0,1259
26309;2021-01-22;T20-21;F1;Paris SG;Montpellier;4;0;1;1;0,1539;0,7853;0,0608
34704;2021-01-23;T20-21;I1;Fiorentina;Crotone;2;1;1;1;0,3616;0,4964;0,142
56595;2021-01-23;T20-21;SP2;Lugo;Tenerife;2;0;1;1;0,3185;0,5879;0,0935
56594;2021-01-23;T20-21;SP2;Girona;Espanol;1;0;1;1;0,2995;0,5047;0,1957
56593;2021-01-23;T20-21;SP2;Vallecano;Mallorca;1;3;2;2;0,2765;0,1776;0,5459
44698;2021-01-23;T20-21;SP1;Alaves;Real Madrid;1;4;2;2;0,1956;0,0676;0,7369
44697;2021-01-23;T20-21;SP1;Sociedad;Betis;2;2;0;1;0,3334;0,4224;0,2442
44696;2021-01-23;T20-21;SP1;Sevilla;Cadiz;3;0;1;1;0,1484;0,83;0,0216
44695;2021-01-23;T20-21;SP1;Huesca;Villarreal;0;0;0;1;0,3048;0,4821;0,2131
56596;2021-01-23;T20-21;SP2;Malaga;Ponferradina;0;2;2;2;0,2823;0,1794;0,5383
34703;2021-01-23;T20-21;I1;Udinese;Inter;0;0;0;2;0,193;0,0671;0,7399
26310;2021-01-23;T20-21;F1;Lens;Nice;0;1;2;1;0,3109;0,4647;0,2244
26311;2021-01-23;T20-21;F1;Monaco;Marseille;3;1;1;1;0,2101;0,6857;0,1043
16116;2021-01-23;T20-21;E0;Aston Villa;Newcastle;2;0;1;1;0,1471;0,7961;0,0569
6151;2021-01-23;T20-21;D1;Hertha;Werder Bremen;1;4;2;2;0,269;0,1807;0,5503
6150;2021-01-23;T20-21;D1;Mainz;RB Leipzig;3;2;1;2;0,2225;0,1182;0,6592
6149;2021-01-23;T20-21;D1;Leverkusen;Wolfsburg;0;1;2;1;0,2975;0,3666;0,3359
6148;2021-01-23;T20-21;D1;Freiburg;Stuttgart;2;1;1;1;0,2744;0,5733;0,1523
6147;2021-01-23;T20-21;D1;Bielefeld;Ein Frankfurt;1;5;2;2;0,3407;0,1987;0,4607
6146;2021-01-23;T20-21;D1;Augsburg;Union Berlin;2;1;1;1;0,2841;0,5466;0,1693
34702;2021-01-23;T20-21;I1;Milan;Atalanta;0;3;2;1;0,2634;0,6464;0,0902
56599;2021-01-24;T20-21;SP2;Castellon;Sp Gijon;2;0;1;1;0,29;0,5079;0,202
34709;2021-01-24;T20-21;I1;Parma;Sampdoria;0;2;2;2;0,2774;0,142;0,5806
44699;2021-01-24;T20-21;SP1;Osasuna;Granada;3;1;1;2;0,3324;0,2583;0,4093
34707;2021-01-24;T20-21;I1;Verona;Napoli;3;1;1;2;0,2751;0,1327;0,5922
44701;2021-01-24;T20-21;SP1;Celta;Eibar;1;1;0;1;0,3064;0,5658;0,1279
44702;2021-01-24;T20-21;SP1;Ath Madrid;Valencia;3;1;1;1;0,0949;0,8949;0,0102
44700;2021-01-24;T20-21;SP1;Elche;Barcelona;0;2;2;2;0,3011;0,1223;0,5767
34706;2021-01-24;T20-21;I1;Genoa;Cagliari;1;0;1;1;0,3719;0,3845;0,2435
34708;2021-01-24;T20-21;I1;Lazio;Sassuolo;2;1;1;1;0,2727;0,5936;0,1337
26317;2021-01-24;T20-21;F1;St Etienne;Lyon;0;5;2;2;0,2192;0,1054;0,6754
6152;2021-01-24;T20-21;D1;Schalke 04;Bayern Munich;0;4;2;2;0,0959;0,0242;0,88
6153;2021-01-24;T20-21;D1;Hoffenheim;FC Koln;3;0;1;1;0,1698;0,7745;0,0558
26312;2021-01-24;T20-21;F1;Bordeaux;Angers;2;1;1;1;0,2685;0,6259;0,1055
34705;2021-01-24;T20-21;I1;Juventus;Bologna;2;0;1;1;0,1793;0,7822;0,0385
26314;2021-01-24;T20-21;F1;Metz;Nantes;2;0;1;1;0,2351;0,6863;0,0787
26315;2021-01-24;T20-21;F1;Reims;Brest;1;0;1;1;0,3432;0,4077;0,2491
26316;2021-01-24;T20-21;F1;Rennes;Lille;0;1;2;2;0,32;0,3007;0,3794
26313;2021-01-24;T20-21;F1;Dijon;Strasbourg;1;1;0;1;0,3793;0,4557;0,1649
56601;2021-01-25;T20-21;SP2;Cartagena;Mirandes;0;2;2;2;0,3046;0,2975;0,3979
16117;2021-01-26;T20-21;E0;Crystal Palace;West Ham;2;3;2;2;0,2269;0,1331;0,6399
16118;2021-01-26;T20-21;E0;Newcastle;Leeds;1;2;2;2;0,31;0,217;0,473
16119;2021-01-26;T20-21;E0;Southampton;Arsenal;1;3;2;2;0,3047;0,2159;0,4793
16120;2021-01-26;T20-21;E0;West Brom;Man City;0;5;2;2;0,1104;0,0271;0,8626
56602;2021-01-26;T20-21;SP2;Alcorcon;Albacete;1;2;2;1;0,3747;0,3875;0,2378
16125;2021-01-27;T20-21;E0;Man United;Sheffield United;1;2;2;1;0,1252;0,8618;0,013
16123;2021-01-27;T20-21;E0;Brighton;Fulham;0;0;0;1;0,2206;0,6901;0,0893
16124;2021-01-27;T20-21;E0;Everton;Leicester;1;1;0;0;0,3352;0,3305;0,3344
16121;2021-01-27;T20-21;E0;Burnley;Aston Villa;3;2;1;2;0,3424;0,2666;0,391
16122;2021-01-27;T20-21;E0;Chelsea;Wolves;0;0;0;1;0,217;0,6837;0,0993
16126;2021-01-28;T20-21;E0;Tottenham;Liverpool;1;3;2;2;0,2361;0,1537;0,6102
6154;2021-01-29;T20-21;D1;Stuttgart;Mainz;2;0;1;1;0,1781;0,7664;0,0555
26319;2021-01-29;T20-21;F1;Lyon;Bordeaux;2;1;1;1;0,1394;0,8272;0,0334
34710;2021-01-29;T20-21;I1;Torino;Fiorentina;1;1;0;1;0,3573;0,3977;0,245
44704;2021-01-29;T20-21;SP1;Valladolid;Huesca;1;3;2;2;0,3115;0,1952;0,4932
56603;2021-01-29;T20-21;SP2;Zaragoza;Ponferradina;1;0;1;2;0,3244;0,2395;0,4361
34711;2021-01-30;T20-21;I1;Bologna;Milan;1;2;2;2;0,1862;0,0883;0,7254
34713;2021-01-30;T20-21;I1;Inter;Benevento;4;0;1;1;0,0603;0,9308;0,0089
44705;2021-01-30;T20-21;SP1;Eibar;Sevilla;0;2;2;2;0,2091;0,1022;0,6887
44706;2021-01-30;T20-21;SP1;Real Madrid;Levante;1;2;2;1;0,2465;0,6812;0,0723
44707;2021-01-30;T20-21;SP1;Valencia;Elche;1;0;1;1;0,3455;0,4626;0,1919
56606;2021-01-30;T20-21;SP2;Mallorca;Girona;1;0;1;1;0,2544;0,646;0,0996
56604;2021-01-30;T20-21;SP2;Oviedo;Albacete;0;1;2;1;0,3522;0,3641;0,2837
56605;2021-01-30;T20-21;SP2;Alcorcon;Malaga;0;1;2;1;0,3513;0,3617;0,287
56607;2021-01-30;T20-21;SP2;Almeria;Castellon;3;1;1;1;0,2287;0,6904;0,0809
44708;2021-01-30;T20-21;SP1;Villarreal;Sociedad;1;1;0;2;0,3375;0,2756;0,3869
26320;2021-01-30;T20-21;F1;Montpellier;Lens;1;2;2;1;0,3066;0,3912;0,3022
34712;2021-01-30;T20-21;I1;Sampdoria;Juventus;0;2;2;0;0,3548;0,3235;0,3217
16131;2021-01-30;T20-21;E0;Arsenal;Man United;0;0;0;1;0,3136;0,3445;0,3419
16132;2021-01-30;T20-21;E0;Southampton;Aston Villa;0;1;2;2;0,2201;0,1518;0,6281
6155;2021-01-30;T20-21;D1;Bayern Munich;Hoffenheim;4;1;1;1;0,105;0,8645;0,0304
6156;2021-01-30;T20-21;D1;Dortmund;Augsburg;3;1;1;1;0,2477;0,6415;0,1108
6157;2021-01-30;T20-21;D1;Ein Frankfurt;Hertha;3;1;1;1;0,1598;0,7996;0,0406
6159;2021-01-30;T20-21;D1;Werder Bremen;Schalke 04;1;1;0;1;0,1945;0,7521;0,0534
6158;2021-01-30;T20-21;D1;Union Berlin;M'gladbach;1;1;0;1;0,3236;0,4546;0,2218
16127;2021-01-30;T20-21;E0;Everton;Newcastle;0;2;2;1;0,3117;0,3997;0,2886
16128;2021-01-30;T20-21;E0;Crystal Palace;Wolves;1;0;1;2;0,3416;0,2974;0,361
16129;2021-01-30;T20-21;E0;Man City;Sheffield United;1;0;1;1;0,0431;0,9524;0,0045
16130;2021-01-30;T20-21;E0;West Brom;Fulham;2;2;0;1;0,2949;0,5506;0,1545
6160;2021-01-30;T20-21;D1;RB Leipzig;Leverkusen;1;0;1;1;0,2403;0,6341;0,1256
44709;2021-01-31;T20-21;SP1;Getafe;Alaves;0;0;0;1;0,3006;0,5805;0,1189
34717;2021-01-31;T20-21;I1;Crotone;Genoa;0;3;2;1;0,3587;0,4666;0,1747
34718;2021-01-31;T20-21;I1;Napoli;Parma;2;0;1;1;0,1392;0,8276;0,0332
34719;2021-01-31;T20-21;I1;Roma;Verona;3;1;1;1;0,1528;0,8268;0,0204
44710;2021-01-31;T20-21;SP1;Cadiz;Ath Madrid;2;4;2;2;0,1353;0,0365;0,8283
56610;2021-01-31;T20-21;SP2;Mirandes;Las Palmas;2;0;1;1;0,2398;0,6683;0,0919
44712;2021-01-31;T20-21;SP1;Barcelona;Ath Bilbao;2;1;1;1;0,2457;0,6847;0,0695
56608;2021-01-31;T20-21;SP2;Sp Gijon;Cartagena;0;0;0;1;0,323;0,5299;0,1471
56609;2021-01-31;T20-21;SP2;Espanol;Vallecano;2;3;2;1;0,3173;0,4458;0,2369
34716;2021-01-31;T20-21;I1;Cagliari;Sassuolo;1;1;0;2;0,3254;0,3086;0,366
56611;2021-01-31;T20-21;SP2;Tenerife;Fuenlabrada;1;1;0;2;0,291;0,1743;0,5347
44711;2021-01-31;T20-21;SP1;Granada;Celta;0;0;0;1;0,3446;0,423;0,2324
34715;2021-01-31;T20-21;I1;Atalanta;Lazio;1;3;2;2;0,2937;0,2548;0,4515
26324;2021-01-31;T20-21;F1;Lorient;Paris SG;3;2;1;2;0,2984;0,2936;0,408
26326;2021-01-31;T20-21;F1;Lille;Dijon;1;0;1;1;0,0992;0,8903;0,0105
6161;2021-01-31;T20-21;D1;FC Koln;Bielefeld;3;1;1;1;0,2116;0,7369;0,0515
6162;2021-01-31;T20-21;D1;Wolfsburg;Freiburg;3;0;1;1;0,1417;0,8345;0,0238
26327;2021-01-31;T20-21;F1;Nantes;Monaco;1;2;2;2;0,2472;0,1349;0,6179
16134;2021-01-31;T20-21;E0;Leicester;Leeds;1;3;2;1;0,3026;0,4562;0,2412
16135;2021-01-31;T20-21;E0;West Ham;Liverpool;1;3;2;2;0,2546;0,1887;0,5568
16133;2021-01-31;T20-21;E0;Chelsea;Burnley;2;0;1;1;0,121;0,8484;0,0306
26321;2021-01-31;T20-21;F1;Nice;St Etienne;0;1;2;0;0,3454;0,3168;0,3378
26322;2021-01-31;T20-21;F1;Angers;Nimes;3;1;1;1;0,2233;0,7041;0,0726
26323;2021-01-31;T20-21;F1;Brest;Metz;2;4;2;2;0,3289;0,2854;0,3856
26325;2021-01-31;T20-21;F1;Strasbourg;Reims;0;1;2;0;0,3762;0,3344;0,2894
16136;2021-01-31;T20-21;E0;Brighton;Tottenham;1;0;1;1;0,2707;0,5329;0,1964
44713;2021-02-01;T20-21;SP1;Betis;Osasuna;1;0;1;1;0,1906;0,7563;0,0531
56612;2021-02-01;T20-21;SP2;Leganes;Lugo;3;2;1;1;0,2259;0,7122;0,0619
56613;2021-02-01;T20-21;SP2;Sabadell;Logrones;0;0;0;0;0,4057;0,3291;0,2653
16140;2021-02-02;T20-21;E0;Newcastle;Crystal Palace;1;2;2;1;0,3071;0,5086;0,1844
16139;2021-02-02;T20-21;E0;Man United;Southampton;9;0;1;1;0,1308;0,8386;0,0306
16137;2021-02-02;T20-21;E0;Sheffield United;West Brom;2;1;1;0;0,3731;0,3619;0,265
16138;2021-02-02;T20-21;E0;Wolves;Arsenal;2;1;1;1;0,2735;0,5521;0,1744
26334;2021-02-03;T20-21;F1;Lens;Marseille;2;2;0;1;0,2527;0,583;0,1642
16141;2021-02-03;T20-21;E0;Burnley;Man City;0;2;2;2;0,1134;0,0299;0,8567
16142;2021-02-03;T20-21;E0;Fulham;Leicester;0;2;2;2;0,2153;0,1205;0,6642
16143;2021-02-03;T20-21;E0;Leeds;Everton;1;2;2;2;0,2957;0,2822;0,4221
16144;2021-02-03;T20-21;E0;Aston Villa;West Ham;1;3;2;1;0,3021;0,4232;0,2748
16145;2021-02-03;T20-21;E0;Liverpool;Brighton;0;1;2;1;0,2123;0,7064;0,0812
26328;2021-02-03;T20-21;F1;Bordeaux;Lille;0;3;2;2;0,2744;0,1831;0,5425
26329;2021-02-03;T20-21;F1;Metz;Montpellier;1;1;0;1;0,2729;0,5317;0,1954
26330;2021-02-03;T20-21;F1;Reims;Angers;0;0;0;1;0,3537;0,3541;0,2922
26331;2021-02-03;T20-21;F1;Rennes;Lorient;1;1;0;1;0,3148;0,3668;0,3183
26332;2021-02-03;T20-21;F1;Strasbourg;Brest;2;2;0;1;0,2847;0,5498;0,1655
26333;2021-02-03;T20-21;F1;Dijon;Lyon;0;1;2;2;0,0988;0,0218;0,8795
26335;2021-02-03;T20-21;F1;Monaco;Nice;2;1;1;1;0,1568;0,7854;0,0578
26336;2021-02-03;T20-21;F1;Paris SG;Nimes;3;0;1;1;0,1395;0,7975;0,063
26337;2021-02-03;T20-21;F1;St Etienne;Nantes;1;1;0;1;0,2531;0,6203;0,1266
16146;2021-02-04;T20-21;E0;Tottenham;Chelsea;0;1;2;2;0,2896;0,2369;0,4735
6163;2021-02-05;T20-21;D1;Hertha;Bayern Munich;0;1;2;2;0,1444;0,0548;0,8008
34720;2021-02-05;T20-21;I1;Fiorentina;Inter;0;2;2;2;0,1031;0,0341;0,8628
44714;2021-02-05;T20-21;SP1;Alaves;Valladolid;1;0;1;1;0,3355;0,4871;0,1775
56614;2021-02-05;T20-21;SP2;Albacete;Mallorca;0;1;2;2;0,3474;0,2782;0,3744
34722;2021-02-06;T20-21;I1;Sassuolo;Spezia;1;2;2;1;0,1446;0,7982;0,0572
44715;2021-02-06;T20-21;SP1;Levante;Granada;2;2;0;2;0,3441;0,2832;0,3727
34721;2021-02-06;T20-21;I1;Atalanta;Torino;3;3;0;1;0,1832;0,7488;0,068
44716;2021-02-06;T20-21;SP1;Huesca;Real Madrid;1;2;2;2;0,1506;0,0546;0,7947
34724;2021-02-06;T20-21;I1;Genoa;Napoli;2;1;1;2;0,2371;0,134;0,629
44718;2021-02-06;T20-21;SP1;Sevilla;Getafe;3;0;1;1;0,1351;0,8381;0,0268
56615;2021-02-06;T20-21;SP2;Cartagena;Oviedo;2;0;1;1;0,2484;0,5402;0,2115
56616;2021-02-06;T20-21;SP2;Logrones;Sp Gijon;0;4;2;2;0,3167;0,2047;0,4787
56617;2021-02-06;T20-21;SP2;Fuenlabrada;Almeria;1;1;0;1;0,2571;0,5678;0,1751
26340;2021-02-06;T20-21;F1;Lens;Rennes;0;0;0;1;0,2365;0,6127;0,1509
44717;2021-02-06;T20-21;SP1;Elche;Villarreal;2;2;0;1;0,3379;0,4141;0,248
26339;2021-02-06;T20-21;F1;Lyon;Strasbourg;3;0;1;1;0,1447;0,8146;0,0408
34723;2021-02-06;T20-21;I1;Juventus;Roma;2;0;1;1;0,1705;0,7703;0,0591
16151;2021-02-06;T20-21;E0;Man United;Everton;3;3;0;1;0,1833;0,7505;0,0662
26338;2021-02-06;T20-21;F1;Lorient;Reims;1;0;1;1;0,1658;0,7651;0,0691
6164;2021-02-06;T20-21;D1;Augsburg;Wolfsburg;0;2;2;2;0,2212;0,1216;0,6572
6165;2021-02-06;T20-21;D1;Freiburg;Dortmund;2;1;1;2;0,2922;0,2953;0,4125
6166;2021-02-06;T20-21;D1;Leverkusen;Stuttgart;5;2;1;1;0,2625;0,5761;0,1614
6168;2021-02-06;T20-21;D1;Schalke 04;RB Leipzig;0;3;2;2;0,1281;0,0411;0,8308
6167;2021-02-06;T20-21;D1;Mainz;Union Berlin;1;0;1;1;0,2012;0,6688;0,13
16147;2021-02-06;T20-21;E0;Aston Villa;Arsenal;1;0;1;1;0,2406;0,6177;0,1417
16148;2021-02-06;T20-21;E0;Burnley;Brighton;1;1;0;1;0,3646;0,4113;0,2241
16149;2021-02-06;T20-21;E0;Newcastle;Southampton;3;2;1;1;0,1995;0,6894;0,1111
16150;2021-02-06;T20-21;E0;Fulham;West Ham;0;0;0;1;0,2964;0,3962;0,3074
6169;2021-02-06;T20-21;D1;M'gladbach;FC Koln;1;2;2;1;0,2314;0,6543;0,1143
44720;2021-02-07;T20-21;SP1;Ath Bilbao;Valencia;1;1;0;1;0,2726;0,6039;0,1235
34728;2021-02-07;T20-21;I1;Parma;Bologna;0;3;2;2;0,2352;0,1324;0,6324
34729;2021-02-07;T20-21;I1;Lazio;Cagliari;1;0;1;1;0,1717;0,7632;0,0652
44719;2021-02-07;T20-21;SP1;Sociedad;Cadiz;4;1;1;1;0,1425;0,8135;0,0441
44721;2021-02-07;T20-21;SP1;Osasuna;Eibar;2;1;1;1;0,2241;0,6879;0,088
56621;2021-02-07;T20-21;SP2;Vallecano;Tenerife;0;1;2;1;0,3209;0,4921;0,187
56618;2021-02-07;T20-21;SP2;Girona;Leganes;0;2;2;1;0,2327;0,6205;0,1468
56619;2021-02-07;T20-21;SP2;Malaga;Zaragoza;1;2;2;1;0,3448;0,3527;0,3024
56620;2021-02-07;T20-21;SP2;Castellon;Mirandes;0;1;2;1;0,2482;0,592;0,1598
34727;2021-02-07;T20-21;I1;Udinese;Verona;2;0;1;1;0,2216;0,6998;0,0786
56622;2021-02-07;T20-21;SP2;Las Palmas;Sabadell;0;1;2;1;0,3308;0,3458;0,3235
44722;2021-02-07;T20-21;SP1;Betis;Barcelona;2;3;2;2;0,2639;0,282;0,4541
34726;2021-02-07;T20-21;I1;Milan;Crotone;4;0;1;1;0,1586;0,8113;0,0301
26344;2021-02-07;T20-21;F1;Nimes;Monaco;3;4;2;2;0,2409;0,2463;0,5128
26347;2021-02-07;T20-21;F1;Marseille;Paris SG;0;2;2;2;0,2575;0,2382;0,5043
26346;2021-02-07;T20-21;F1;Nantes;Lille;0;2;2;1;0,2824;0,4399;0,2777
26345;2021-02-07;T20-21;F1;St Etienne;Metz;1;0;1;1;0,2031;0,7193;0,0776
26343;2021-02-07;T20-21;F1;Nice;Angers;3;0;1;1;0,1765;0,7493;0,0742
26342;2021-02-07;T20-21;F1;Montpellier;Dijon;4;2;1;1;0,112;0,8523;0,0356
26341;2021-02-07;T20-21;F1;Brest;Bordeaux;2;1;1;1;0,2782;0,5431;0,1788
16155;2021-02-07;T20-21;E0;Sheffield United;Chelsea;1;2;2;2;0,1297;0,0375;0,8328
16154;2021-02-07;T20-21;E0;Liverpool;Man City;1;4;2;2;0,1459;0,0933;0,7608
16153;2021-02-07;T20-21;E0;Wolves;Leicester;0;0;0;2;0,2729;0,2263;0,5008
16152;2021-02-07;T20-21;E0;Tottenham;West Brom;2;0;1;1;0,1408;0,8129;0,0463
6170;2021-02-07;T20-21;D1;Hoffenheim;Ein Frankfurt;1;3;2;2;0,2926;0,2984;0,4091
34725;2021-02-07;T20-21;I1;Benevento;Sampdoria;1;1;0;2;0,274;0,2087;0,5174
56623;2021-02-08;T20-21;SP2;Ponferradina;Alcorcon;2;0;1;1;0,2902;0,5125;0,1973
16156;2021-02-08;T20-21;E0;Leeds;Crystal Palace;2;0;1;1;0,1826;0,714;0,1034
44723;2021-02-08;T20-21;SP1;Ath Madrid;Celta;2;2;0;1;0,303;0,5493;0,1477
56624;2021-02-08;T20-21;SP2;Lugo;Espanol;1;1;0;2;0,1552;0,0636;0,7812
44724;2021-02-09;T20-21;SP1;Real Madrid;Getafe;2;0;1;1;0,0736;0,912;0,0143
44725;2021-02-12;T20-21;SP1;Celta;Elche;3;1;1;1;0,1941;0,7356;0,0703
56625;2021-02-12;T20-21;SP2;Sabadell;Zaragoza;1;1;0;1;0,3204;0,4615;0,2181
6171;2021-02-12;T20-21;D1;RB Leipzig;Augsburg;2;1;1;1;0,0952;0,8803;0,0246
34730;2021-02-12;T20-21;I1;Bologna;Benevento;1;1;0;1;0,1428;0,8021;0,0551
56628;2021-02-13;T20-21;SP2;Tenerife;Ponferradina;1;0;1;2;0,3477;0,2197;0,4326
56627;2021-02-13;T20-21;SP2;Mirandes;Girona;3;3;0;2;0,3233;0,2693;0,4074
56626;2021-02-13;T20-21;SP2;Cartagena;Vallecano;2;2;0;2;0,281;0,2012;0,5179
44729;2021-02-13;T20-21;SP1;Barcelona;Alaves;5;1;1;1;0,1377;0,8373;0,025
44728;2021-02-13;T20-21;SP1;Eibar;Valladolid;1;1;0;1;0,3549;0,4257;0,2193
44726;2021-02-13;T20-21;SP1;Granada;Ath Madrid;1;2;2;2;0,1443;0,0488;0,8069
34732;2021-02-13;T20-21;I1;Napoli;Juventus;1;0;1;1;0,2381;0,6516;0,1102
34731;2021-02-13;T20-21;I1;Torino;Genoa;0;0;0;1;0,3798;0,5013;0,1189
26350;2021-02-13;T20-21;F1;Lyon;Montpellier;1;2;2;1;0,2059;0,6882;0,106
26349;2021-02-13;T20-21;F1;Reims;Lens;1;1;0;2;0,2696;0,1844;0,5459
44727;2021-02-13;T20-21;SP1;Sevilla;Huesca;1;0;1;1;0,2511;0,6495;0,0993
16160;2021-02-13;T20-21;E0;Brighton;Aston Villa;0;0;0;2;0,2676;0,1961;0,5363
16159;2021-02-13;T20-21;E0;Man City;Tottenham;3;0;1;1;0,1723;0,7534;0,0743
16158;2021-02-13;T20-21;E0;Crystal Palace;Burnley;0;3;2;2;0,3322;0,2774;0,3903
16157;2021-02-13;T20-21;E0;Leicester;Liverpool;3;1;1;2;0,2964;0,3376;0,366
6176;2021-02-13;T20-21;D1;Union Berlin;Schalke 04;0;0;0;1;0,1854;0,7555;0,0592
6175;2021-02-13;T20-21;D1;Werder Bremen;Freiburg;0;0;0;1;0,2809;0,6058;0,1134
6174;2021-02-13;T20-21;D1;Stuttgart;Hertha;1;1;0;1;0,2846;0,5456;0,1698
6173;2021-02-13;T20-21;D1;Leverkusen;Mainz;2;2;0;1;0,16;0,8078;0,0322
6172;2021-02-13;T20-21;D1;Dortmund;Hoffenheim;2;2;0;1;0,3134;0,4241;0,2625
26348;2021-02-13;T20-21;F1;Paris SG;Nice;2;1;1;1;0,1084;0,865;0,0267
34737;2021-02-14;T20-21;I1;Crotone;Sassuolo;1;2;2;2;0,1913;0,0813;0,7275
34738;2021-02-14;T20-21;I1;Inter;Lazio;3;1;1;1;0,1447;0,8143;0,041
44730;2021-02-14;T20-21;SP1;Getafe;Sociedad;0;1;2;2;0,2931;0,1558;0,5511
44731;2021-02-14;T20-21;SP1;Real Madrid;Valencia;2;0;1;1;0,0948;0,892;0,0131
44732;2021-02-14;T20-21;SP1;Levante;Osasuna;0;1;2;1;0,3635;0,4026;0,2339
56632;2021-02-14;T20-21;SP2;Leganes;Albacete;3;1;1;1;0,3459;0,5569;0,0971
56629;2021-02-14;T20-21;SP2;Mallorca;Espanol;1;2;2;2;0,3181;0,3004;0,3815
56630;2021-02-14;T20-21;SP2;Almeria;Las Palmas;3;1;1;1;0,2279;0,6614;0,1107
56631;2021-02-14;T20-21;SP2;Alcorcon;Logrones;1;0;1;1;0,2973;0,5619;0,1409
56633;2021-02-14;T20-21;SP2;Sp Gijon;Malaga;1;0;1;1;0,3389;0,5119;0,1491
34735;2021-02-14;T20-21;I1;Cagliari;Atalanta;0;1;2;1;0,3476;0,353;0,2994
44733;2021-02-14;T20-21;SP1;Villarreal;Betis;1;2;2;1;0,3404;0,3691;0,2905
34734;2021-02-14;T20-21;I1;Roma;Udinese;3;0;1;1;0,1909;0,7727;0,0364
34736;2021-02-14;T20-21;I1;Sampdoria;Fiorentina;2;1;1;1;0,1741;0,7707;0,0553
26356;2021-02-14;T20-21;F1;Lille;Brest;0;0;0;1;0,1601;0,8039;0,036
6177;2021-02-14;T20-21;D1;Ein Frankfurt;FC Koln;2;0;1;1;0,1693;0,7862;0,0445
6178;2021-02-14;T20-21;D1;Wolfsburg;M'gladbach;0;0;0;1;0,2218;0,6914;0,0867
26357;2021-02-14;T20-21;F1;Bordeaux;Marseille;0;0;0;1;0,2569;0,5523;0,1908
16162;2021-02-14;T20-21;E0;West Brom;Man United;1;1;0;2;0,1778;0,0633;0,7589
16163;2021-02-14;T20-21;E0;Arsenal;Leeds;4;2;1;1;0,204;0,6954;0,1006
16164;2021-02-14;T20-21;E0;Everton;Fulham;0;2;2;1;0,2973;0,5555;0,1472
16161;2021-02-14;T20-21;E0;Southampton;Wolves;1;2;2;2;0,288;0,2217;0,4903
26352;2021-02-14;T20-21;F1;Angers;Nantes;1;3;2;1;0,3234;0,3419;0,3347
26353;2021-02-14;T20-21;F1;Dijon;Nimes;0;2;2;2;0,2582;0,1639;0,5779
26354;2021-02-14;T20-21;F1;Metz;Strasbourg;1;2;2;1;0,2021;0,7383;0,0595
26355;2021-02-14;T20-21;F1;Rennes;St Etienne;0;2;2;1;0,3334;0,3812;0,2855
26351;2021-02-14;T20-21;F1;Monaco;Lorient;2;2;0;1;0,2779;0,5416;0,1805
6179;2021-02-15;T20-21;D1;Bayern Munich;Bielefeld;3;3;0;1;0,0509;0,9424;0,0067
16165;2021-02-15;T20-21;E0;West Ham;Sheffield United;3;0;1;1;0,1156;0,8691;0,0153
16166;2021-02-15;T20-21;E0;Chelsea;Newcastle;2;0;1;1;0,1225;0,8441;0,0334
34739;2021-02-15;T20-21;I1;Verona;Parma;2;1;1;1;0,3196;0,5368;0,1436
44734;2021-02-15;T20-21;SP1;Cadiz;Ath Bilbao;0;4;2;0;0,3639;0,3466;0,2895
56634;2021-02-15;T20-21;SP2;Castellon;Fuenlabrada;1;2;2;1;0,3097;0,3659;0,3245
56635;2021-02-15;T20-21;SP2;Oviedo;Lugo;3;1;1;1;0,2522;0,6163;0,1315
56636;2021-02-17;T20-21;SP2;Leganes;Almeria;2;1;1;1;0,3505;0,4309;0,2186
44735;2021-02-17;T20-21;SP1;Levante;Ath Madrid;1;1;0;2;0,1593;0,0629;0,7778
16167;2021-02-17;T20-21;E0;Burnley;Fulham;1;1;0;1;0,2896;0,6259;0,0845
16168;2021-02-17;T20-21;E0;Everton;Man City;1;3;2;2;0,2139;0,1067;0,6794
26358;2021-02-17;T20-21;F1;Marseille;Nice;3;2;1;1;0,2025;0,7207;0,0768
6180;2021-02-19;T20-21;D1;Bielefeld;Wolfsburg;0;3;2;2;0,1567;0,0435;0,7998
16169;2021-02-19;T20-21;E0;Wolves;Leeds;1;0;1;1;0,2503;0,6143;0,1354
26359;2021-02-19;T20-21;F1;Brest;Lyon;2;3;2;2;0,1442;0,0558;0,8
34741;2021-02-19;T20-21;I1;Cagliari;Torino;0;1;2;1;0,3168;0,5364;0,1468
44736;2021-02-19;T20-21;SP1;Betis;Getafe;1;0;1;1;0,172;0,7642;0,0638
56637;2021-02-19;T20-21;SP2;Ponferradina;Mirandes;1;0;1;1;0,2858;0,5974;0,1168
34743;2021-02-20;T20-21;I1;Genoa;Verona;2;2;0;0;0,3758;0,2865;0,3377
56640;2021-02-20;T20-21;SP2;Las Palmas;Cartagena;2;0;1;1;0,2528;0,6561;0,0911
44737;2021-02-20;T20-21;SP1;Elche;Eibar;1;0;1;1;0,3121;0,5319;0,156
44738;2021-02-20;T20-21;SP1;Ath Madrid;Levante;0;2;2;1;0,1721;0,8;0,0278
56639;2021-02-20;T20-21;SP2;Albacete;Sp Gijon;0;1;2;0;0,3673;0,2796;0,3531
44740;2021-02-20;T20-21;SP1;Valladolid;Real Madrid;0;1;2;2;0,2117;0,0753;0,713
56638;2021-02-20;T20-21;SP2;Espanol;Sabadell;1;0;1;1;0,181;0,7834;0,0356
34742;2021-02-20;T20-21;I1;Lazio;Sampdoria;1;0;1;1;0,2685;0,6251;0,1064
44739;2021-02-20;T20-21;SP1;Valencia;Celta;2;0;1;1;0,3542;0,3565;0,2892
26361;2021-02-20;T20-21;F1;Nantes;Marseille;1;1;0;1;0,3102;0,3569;0,3329
34744;2021-02-20;T20-21;I1;Sassuolo;Bologna;1;1;0;1;0,2386;0,675;0,0864
16173;2021-02-20;T20-21;E0;Fulham;Sheffield United;1;0;1;1;0,2036;0,752;0,0444
16172;2021-02-20;T20-21;E0;Liverpool;Everton;0;2;2;1;0,1614;0,7508;0,0878
16171;2021-02-20;T20-21;E0;Burnley;West Brom;0;0;0;1;0,2197;0,719;0,0613
16170;2021-02-20;T20-21;E0;Southampton;Chelsea;1;1;0;2;0,2349;0,1393;0,6258
6185;2021-02-20;T20-21;D1;Schalke 04;Dortmund;0;4;2;2;0,2533;0,1132;0,6335
6184;2021-02-20;T20-21;D1;M'gladbach;Mainz;1;2;2;1;0,2555;0,6392;0,1052
6183;2021-02-20;T20-21;D1;Freiburg;Union Berlin;0;1;2;2;0,2735;0,1906;0,5359
6182;2021-02-20;T20-21;D1;FC Koln;Stuttgart;0;1;2;2;0,2872;0,2014;0,5114
6181;2021-02-20;T20-21;D1;Ein Frankfurt;Bayern Munich;2;1;1;2;0,2747;0,3289;0,3964
26360;2021-02-20;T20-21;F1;St Etienne;Reims;1;1;0;1;0,2263;0,6918;0,0819
34747;2021-02-21;T20-21;I1;Atalanta;Napoli;4;2;1;2;0,3122;0,3004;0,3874
34748;2021-02-21;T20-21;I1;Benevento;Roma;0;0;0;2;0,2939;0,2159;0,4902
44741;2021-02-21;T20-21;SP1;Barcelona;Cadiz;1;1;0;1;0,1692;0,7704;0,0604
44742;2021-02-21;T20-21;SP1;Sociedad;Alaves;4;0;1;1;0,1475;0,8131;0,0394
44743;2021-02-21;T20-21;SP1;Huesca;Granada;3;2;1;1;0,1997;0,7022;0,0981
56644;2021-02-21;T20-21;SP2;Lugo;Logrones;1;1;0;0;0,3537;0,3417;0,3046
56641;2021-02-21;T20-21;SP2;Leganes;Tenerife;1;0;1;1;0,2669;0,6865;0,0466
56642;2021-02-21;T20-21;SP2;Mallorca;Almeria;2;0;1;1;0,2071;0,7048;0,0881
56643;2021-02-21;T20-21;SP2;Girona;Castellon;2;1;1;1;0,218;0,7092;0,0729
34746;2021-02-21;T20-21;I1;Milan;Inter;0;3;2;2;0,2594;0,2142;0,5264
56645;2021-02-21;T20-21;SP2;Malaga;Vallecano;2;0;1;1;0,3034;0,3983;0,2983
44744;2021-02-21;T20-21;SP1;Ath Bilbao;Villarreal;1;1;0;2;0,3401;0,3193;0,3405
34745;2021-02-21;T20-21;I1;Parma;Udinese;2;2;0;1;0,313;0,5615;0,1255
26365;2021-02-21;T20-21;F1;Nimes;Bordeaux;2;0;1;1;0,2363;0,5884;0,1753
26367;2021-02-21;T20-21;F1;Lorient;Lille;1;4;2;2;0,2986;0,3127;0,3887
6186;2021-02-21;T20-21;D1;Augsburg;Leverkusen;1;1;0;1;0,2842;0,4351;0,2807
6187;2021-02-21;T20-21;D1;Hertha;RB Leipzig;0;3;2;2;0,1888;0,086;0,7252
6188;2021-02-21;T20-21;D1;Hoffenheim;Werder Bremen;4;0;1;1;0,1922;0,7313;0,0764
16174;2021-02-21;T20-21;E0;West Ham;Tottenham;2;1;1;1;0,2492;0,6064;0,1444
26368;2021-02-21;T20-21;F1;Paris SG;Monaco;0;2;2;1;0,2078;0,7031;0,0891
16176;2021-02-21;T20-21;E0;Arsenal;Man City;0;1;2;2;0,2458;0,1855;0,5688
16175;2021-02-21;T20-21;E0;Aston Villa;Leicester;1;2;2;1;0,3041;0,4162;0,2798
26362;2021-02-21;T20-21;F1;Montpellier;Rennes;2;1;1;1;0,2192;0,6564;0,1244
26363;2021-02-21;T20-21;F1;Lens;Dijon;2;1;1;1;0,1185;0,8545;0,027
26364;2021-02-21;T20-21;F1;Nice;Metz;1;2;2;2;0,2742;0,1933;0,5326
26366;2021-02-21;T20-21;F1;Strasbourg;Angers;0;0;0;2;0,2893;0,2252;0,4856
16177;2021-02-21;T20-21;E0;Man United;Newcastle;3;1;1;1;0,1011;0,8741;0,0248
56646;2021-02-22;T20-21;SP2;Fuenlabrada;Oviedo;2;2;0;1;0,3368;0,476;0,1872
16178;2021-02-22;T20-21;E0;Brighton;Crystal Palace;1;2;2;1;0,329;0,3696;0,3013
34749;2021-02-22;T20-21;I1;Juventus;Crotone;3;0;1;1;0,106;0,8733;0,0208
44745;2021-02-22;T20-21;SP1;Osasuna;Sevilla;0;2;2;2;0,2052;0,0819;0,7129
56647;2021-02-22;T20-21;SP2;Zaragoza;Alcorcon;0;1;2;2;0,3246;0,2068;0,4686
16179;2021-02-23;T20-21;E0;Leeds;Southampton;3;0;1;1;0,1852;0,7165;0,0983
26369;2021-02-24;T20-21;F1;Nimes;Lorient;1;0;1;1;0,1776;0,7458;0,0765
44746;2021-02-24;T20-21;SP1;Barcelona;Elche;3;0;1;1;0,1467;0,8242;0,0291
6189;2021-02-26;T20-21;D1;Werder Bremen;Ein Frankfurt;2;1;1;1;0,3041;0,4922;0,2037
26370;2021-02-26;T20-21;F1;Rennes;Nice;1;2;2;1;0,3213;0,4426;0,2361
44747;2021-02-26;T20-21;SP1;Levante;Ath Bilbao;1;1;0;2;0,3359;0,257;0,4072
56648;2021-02-26;T20-21;SP2;Sabadell;Albacete;0;0;0;1;0,3637;0,4168;0,2195
56649;2021-02-26;T20-21;SP2;Cartagena;Leganes;1;0;1;1;0,3073;0,4827;0,2101
34752;2021-02-27;T20-21;I1;Verona;Juventus;1;1;0;2;0,3268;0,1849;0,4884
44749;2021-02-27;T20-21;SP1;Sevilla;Barcelona;0;2;2;1;0,3212;0,3572;0,3215
44750;2021-02-27;T20-21;SP1;Alaves;Osasuna;0;1;2;1;0,3594;0,4437;0,1968
44751;2021-02-27;T20-21;SP1;Getafe;Valencia;3;0;1;1;0,2896;0,6219;0,0886
56652;2021-02-27;T20-21;SP2;Castellon;Las Palmas;4;0;1;1;0,2478;0,5736;0,1786
56651;2021-02-27;T20-21;SP2;Almeria;Lugo;4;1;1;1;0,2417;0,6428;0,1156
34751;2021-02-27;T20-21;I1;Bologna;Lazio;2;0;1;1;0,2806;0,4891;0,2303
56653;2021-02-27;T20-21;SP2;Logrones;Mallorca;0;1;2;2;0,252;0,1183;0,6297
56650;2021-02-27;T20-21;SP2;Vallecano;Ponferradina;1;1;0;1;0,2756;0,5836;0,1408
26372;2021-02-27;T20-21;F1;Dijon;Paris SG;0;4;2;2;0,1388;0,039;0,8222
44748;2021-02-27;T20-21;SP1;Eibar;Huesca;1;1;0;2;0,3295;0,2757;0,3948
16183;2021-02-27;T20-21;E0;Newcastle;Wolves;1;1;0;0;0,3457;0,3306;0,3237
16182;2021-02-27;T20-21;E0;Leeds;Aston Villa;0;1;2;2;0,2435;0,2398;0,5166
16181;2021-02-27;T20-21;E0;West Brom;Brighton;1;0;1;1;0,313;0,4771;0,2099
16180;2021-02-27;T20-21;E0;Man City;West Ham;2;1;1;1;0,1444;0,8092;0,0464
6194;2021-02-27;T20-21;D1;RB Leipzig;M'gladbach;3;2;1;1;0,1391;0,8154;0,0455
6193;2021-02-27;T20-21;D1;Wolfsburg;Hertha;2;0;1;1;0,1061;0,8682;0,0257
6192;2021-02-27;T20-21;D1;Stuttgart;Schalke 04;5;1;1;1;0,1209;0,8461;0,033
6191;2021-02-27;T20-21;D1;Dortmund;Bielefeld;3;0;1;1;0,1258;0,8522;0,022
6190;2021-02-27;T20-21;D1;Bayern Munich;FC Koln;5;1;1;1;0,0529;0,9374;0,0097
26371;2021-02-27;T20-21;F1;Bordeaux;Metz;1;2;2;1;0,3376;0,346;0,3164
34754;2021-02-28;T20-21;I1;Crotone;Cagliari;0;2;2;2;0,307;0,212;0,481
34755;2021-02-28;T20-21;I1;Inter;Genoa;3;0;1;1;0,0447;0,9507;0,0046
34756;2021-02-28;T20-21;I1;Udinese;Fiorentina;1;0;1;1;0,3001;0,555;0,1449
34757;2021-02-28;T20-21;I1;Napoli;Benevento;2;0;1;1;0,0973;0,8804;0,0223
34758;2021-02-28;T20-21;I1;Roma;Milan;1;2;2;2;0,2921;0,302;0,4059
44752;2021-02-28;T20-21;SP1;Celta;Valladolid;1;1;0;1;0,3417;0,4766;0,1817
56655;2021-02-28;T20-21;SP2;Sp Gijon;Espanol;1;1;0;2;0,3149;0,2161;0,469
44754;2021-02-28;T20-21;SP1;Granada;Elche;2;1;1;1;0,2887;0,59;0,1213
44755;2021-02-28;T20-21;SP1;Villarreal;Ath Madrid;0;2;2;2;0,1923;0,1003;0,7073
56654;2021-02-28;T20-21;SP2;Fuenlabrada;Girona;1;1;0;2;0,3402;0,3179;0,3418
56656;2021-02-28;T20-21;SP2;Tenerife;Alcorcon;3;1;1;0;0,3805;0,3006;0,3189
56657;2021-02-28;T20-21;SP2;Oviedo;Zaragoza;1;0;1;1;0,2255;0,7019;0,0726
44753;2021-02-28;T20-21;SP1;Cadiz;Betis;0;1;2;2;0,3438;0,2753;0,3809
26379;2021-02-28;T20-21;F1;Marseille;Lyon;1;1;0;2;0,2844;0,3015;0,4141
34753;2021-02-28;T20-21;I1;Sampdoria;Atalanta;0;2;2;1;0,3197;0,4476;0,2328
26377;2021-02-28;T20-21;F1;Reims;Montpellier;0;0;0;2;0,3306;0,2559;0,4135
6195;2021-02-28;T20-21;D1;Union Berlin;Hoffenheim;1;1;0;1;0,3323;0,4168;0,2509
6196;2021-02-28;T20-21;D1;Mainz;Augsburg;0;1;2;2;0,2509;0,1496;0,5994
6197;2021-02-28;T20-21;D1;Leverkusen;Freiburg;1;2;2;1;0,2554;0,6411;0,1035
16184;2021-02-28;T20-21;E0;Crystal Palace;Fulham;0;0;0;1;0,3365;0,4945;0,169
16185;2021-02-28;T20-21;E0;Leicester;Arsenal;1;3;2;1;0,3288;0,4268;0,2444
16186;2021-02-28;T20-21;E0;Tottenham;Burnley;4;0;1;1;0,2581;0,6401;0,1017
26378;2021-02-28;T20-21;F1;Lille;Strasbourg;1;1;0;1;0,1551;0,822;0,0229
16188;2021-02-28;T20-21;E0;Sheffield United;Liverpool;0;2;2;2;0,0854;0,0192;0,8954
26373;2021-02-28;T20-21;F1;Monaco;Brest;2;0;1;1;0,2014;0,7195;0,0791
26374;2021-02-28;T20-21;F1;Angers;Lens;2;2;0;2;0,3203;0,3222;0,3575
26375;2021-02-28;T20-21;F1;Lorient;St Etienne;2;1;1;1;0,2589;0,5686;0,1725
26376;2021-02-28;T20-21;F1;Nimes;Nantes;1;1;0;1;0,2536;0,5988;0,1475
16187;2021-02-28;T20-21;E0;Chelsea;Man United;0;0;0;1;0,2969;0,4428;0,2602
16189;2021-03-01;T20-21;E0;Everton;Southampton;1;0;1;1;0,2549;0,5841;0,161
44756;2021-03-01;T20-21;SP1;Real Madrid;Sociedad;1;1;0;1;0,3422;0,4828;0,175
56658;2021-03-01;T20-21;SP2;Mirandes;Malaga;1;0;1;1;0,3013;0,5214;0,1773
16190;2021-03-02;T20-21;E0;Man City;Wolves;4;1;1;1;0,1638;0,795;0,0412
34765;2021-03-03;T20-21;I1;Genoa;Sampdoria;1;1;0;2;0,3198;0,2077;0,4726
34764;2021-03-03;T20-21;I1;Fiorentina;Roma;1;2;2;2;0,2497;0,1406;0,6098
34763;2021-03-03;T20-21;I1;Cagliari;Bologna;1;0;1;1;0,2799;0,5951;0,125
34762;2021-03-03;T20-21;I1;Benevento;Verona;0;3;2;2;0,2669;0,1606;0,5725
34761;2021-03-03;T20-21;I1;Atalanta;Crotone;5;1;1;1;0,1227;0,853;0,0243
34760;2021-03-03;T20-21;I1;Sassuolo;Napoli;3;3;0;2;0,2925;0,2738;0,4338
26389;2021-03-03;T20-21;F1;Strasbourg;Monaco;1;0;1;1;0,3261;0,3966;0,2773
26388;2021-03-03;T20-21;F1;Nantes;Reims;1;2;2;1;0,2616;0,593;0,1454
26387;2021-03-03;T20-21;F1;Montpellier;Lorient;1;1;0;1;0,2779;0,555;0,167
34766;2021-03-03;T20-21;I1;Milan;Udinese;1;1;0;1;0,1329;0,8488;0,0183
26385;2021-03-03;T20-21;F1;Bordeaux;Paris SG;0;1;2;2;0,2695;0,1786;0,5519
26384;2021-03-03;T20-21;F1;St Etienne;Lens;2;3;2;1;0,3139;0,3651;0,3211
26383;2021-03-03;T20-21;F1;Nice;Nimes;2;1;1;1;0,3295;0,4862;0,1842
26382;2021-03-03;T20-21;F1;Metz;Angers;0;1;2;1;0,3159;0,4801;0,204
26381;2021-03-03;T20-21;F1;Lyon;Rennes;1;0;1;1;0,1277;0,8194;0,0529
26380;2021-03-03;T20-21;F1;Brest;Dijon;3;1;1;1;0,2547;0,6434;0,1019
16193;2021-03-03;T20-21;E0;Crystal Palace;Man United;0;0;0;2;0,2578;0,1626;0,5796
16192;2021-03-03;T20-21;E0;Sheffield United;Aston Villa;1;0;1;2;0,2045;0,0824;0,7131
16191;2021-03-03;T20-21;E0;Burnley;Leicester;1;1;0;2;0,3111;0,2279;0,461
26386;2021-03-03;T20-21;F1;Lille;Marseille;2;0;1;1;0,1976;0,7369;0,0655
16196;2021-03-04;T20-21;E0;Liverpool;Chelsea;0;1;2;1;0,2283;0,6463;0,1254
34767;2021-03-04;T20-21;I1;Parma;Inter;1;2;2;2;0,1144;0,0318;0,8538
16194;2021-03-04;T20-21;E0;Fulham;Tottenham;0;1;2;2;0,2358;0,1277;0,6365
16195;2021-03-04;T20-21;E0;West Brom;Everton;0;1;2;2;0,3218;0,3282;0,35
6198;2021-03-05;T20-21;D1;Schalke 04;Mainz;0;0;0;2;0,2562;0,1439;0,5999
44757;2021-03-05;T20-21;SP1;Valencia;Villarreal;2;1;1;2;0,3006;0,2184;0,481
56659;2021-03-05;T20-21;SP2;Espanol;Oviedo;1;1;0;1;0,179;0,7469;0,0742
34770;2021-03-06;T20-21;I1;Juventus;Lazio;3;1;1;1;0,2778;0,5325;0,1897
56662;2021-03-06;T20-21;SP2;Leganes;Castellon;0;0;0;2;0,2891;0,3443;0,3666
56661;2021-03-06;T20-21;SP2;Las Palmas;Vallecano;1;1;0;1;0,2749;0,4428;0,2823
56660;2021-03-06;T20-21;SP2;Zaragoza;Tenerife;1;0;1;1;0,2626;0,6254;0,112
44761;2021-03-06;T20-21;SP1;Osasuna;Barcelona;0;2;2;2;0,1614;0,0544;0,7843
44760;2021-03-06;T20-21;SP1;Cadiz;Eibar;1;0;1;1;0,2887;0,5695;0,1418
44759;2021-03-06;T20-21;SP1;Elche;Sevilla;2;1;1;2;0,3339;0,3137;0,3524
56663;2021-03-06;T20-21;SP2;Albacete;Logrones;1;1;0;2;0,3449;0,2967;0,3584
44758;2021-03-06;T20-21;SP1;Valladolid;Getafe;2;1;1;1;0,3674;0,38;0,2526
34769;2021-03-06;T20-21;I1;Udinese;Sassuolo;2;0;1;2;0,2901;0,2154;0,4945
16197;2021-03-06;T20-21;E0;Burnley;Arsenal;1;1;0;1;0,2966;0,4851;0,2183
16200;2021-03-06;T20-21;E0;Brighton;Leicester;1;2;2;2;0,251;0,1962;0,5528
16199;2021-03-06;T20-21;E0;Aston Villa;Wolves;0;0;0;1;0,2388;0,6358;0,1254
16198;2021-03-06;T20-21;E0;Sheffield United;Southampton;0;2;2;2;0,2301;0,1145;0,6555
6204;2021-03-06;T20-21;D1;Bayern Munich;Dortmund;4;2;1;1;0,1251;0,8121;0,0627
6203;2021-03-06;T20-21;D1;M'gladbach;Leverkusen;0;1;2;1;0,295;0,3745;0,3305
6202;2021-03-06;T20-21;D1;Hoffenheim;Wolfsburg;2;1;1;2;0,308;0,3411;0,351
6201;2021-03-06;T20-21;D1;Hertha;Augsburg;2;1;1;1;0,2588;0,6075;0,1337
6200;2021-03-06;T20-21;D1;Freiburg;RB Leipzig;0;3;2;2;0,2073;0,1091;0,6837
6199;2021-03-06;T20-21;D1;Ein Frankfurt;Stuttgart;1;1;0;1;0,2421;0,6323;0,1255
34768;2021-03-06;T20-21;I1;Spezia;Benevento;1;1;0;1;0,3082;0,4465;0,2454
44763;2021-03-07;T20-21;SP1;Ath Madrid;Real Madrid;1;1;0;2;0,2987;0,2649;0,4364
44764;2021-03-07;T20-21;SP1;Sociedad;Levante;1;0;1;1;0,1236;0,8521;0,0242
44765;2021-03-07;T20-21;SP1;Ath Bilbao;Granada;2;1;1;1;0,2282;0,675;0,0967
34776;2021-03-07;T20-21;I1;Napoli;Bologna;3;1;1;1;0,1564;0,7886;0,055
56665;2021-03-07;T20-21;SP2;Ponferradina;Sp Gijon;2;2;0;1;0,2871;0,5546;0,1583
56666;2021-03-07;T20-21;SP2;Mallorca;Cartagena;2;1;1;1;0,2898;0,5394;0,1708
56667;2021-03-07;T20-21;SP2;Girona;Almeria;0;1;2;1;0,21;0,6591;0,1309
56664;2021-03-07;T20-21;SP2;Malaga;Sabadell;2;0;1;1;0,3246;0,4817;0,1937
34775;2021-03-07;T20-21;I1;Sampdoria;Cagliari;2;2;0;1;0,2507;0,6392;0,1101
44762;2021-03-07;T20-21;SP1;Huesca;Celta;3;4;2;2;0,3341;0,2593;0,4066
34773;2021-03-07;T20-21;I1;Fiorentina;Parma;3;3;0;1;0,2813;0,5665;0,1522
34774;2021-03-07;T20-21;I1;Verona;Milan;0;2;2;2;0,2312;0,128;0,6408
34771;2021-03-07;T20-21;I1;Roma;Genoa;1;0;1;1;0,2121;0,7194;0,0684
16204;2021-03-07;T20-21;E0;Tottenham;Crystal Palace;4;1;1;1;0,2141;0,6978;0,088
16203;2021-03-07;T20-21;E0;Man City;Man United;0;2;2;1;0,2105;0,6571;0,1324
16202;2021-03-07;T20-21;E0;Liverpool;Fulham;0;1;2;1;0,1513;0,8023;0,0464
16201;2021-03-07;T20-21;E0;West Brom;Newcastle;0;0;0;1;0,3076;0,3727;0,3197
6206;2021-03-07;T20-21;D1;Bielefeld;Union Berlin;0;0;0;2;0,3216;0,2356;0,4428
6205;2021-03-07;T20-21;D1;FC Koln;Werder Bremen;1;1;0;1;0,1952;0,7189;0,0859
16205;2021-03-08;T20-21;E0;Chelsea;Everton;2;0;1;1;0,1817;0,7487;0,0696
16206;2021-03-08;T20-21;E0;West Ham;Leeds;2;0;1;1;0,2704;0,528;0,2017
34777;2021-03-08;T20-21;I1;Inter;Atalanta;1;0;1;1;0,2008;0,7173;0,0819
44766;2021-03-08;T20-21;SP1;Betis;Alaves;3;2;1;1;0,2034;0,6972;0,0994
56668;2021-03-08;T20-21;SP2;Alcorcon;Mirandes;4;0;1;1;0,2478;0,6333;0,1189
56669;2021-03-08;T20-21;SP2;Lugo;Fuenlabrada;0;0;0;2;0,2398;0,15;0,6102
26390;2021-03-10;T20-21;F1;Marseille;Rennes;1;0;1;1;0,251;0,5248;0,2241
44767;2021-03-10;T20-21;SP1;Ath Madrid;Ath Bilbao;2;1;1;1;0,25;0,6839;0,0661
6207;2021-03-10;T20-21;D1;Bielefeld;Werder Bremen;0;2;2;1;0,2389;0,6466;0,1145
16207;2021-03-10;T20-21;E0;Man City;Southampton;5;2;1;1;0,0631;0,9181;0,0188
56670;2021-03-12;T20-21;SP2;Cartagena;Ponferradina;1;1;0;1;0,2544;0,5662;0,1794
44768;2021-03-12;T20-21;SP1;Levante;Valencia;1;0;1;1;0,3283;0,3738;0,2979
34779;2021-03-12;T20-21;I1;Atalanta;Spezia;3;1;1;1;0,0767;0,9057;0,0175
56671;2021-03-12;T20-21;SP2;Vallecano;Zaragoza;3;2;1;1;0,2815;0,4973;0,2212
26391;2021-03-12;T20-21;F1;Reims;Lyon;1;1;0;2;0,2087;0,1108;0,6804
16208;2021-03-12;T20-21;E0;Newcastle;Aston Villa;1;1;0;1;0,261;0,5589;0,1801
6208;2021-03-12;T20-21;D1;Augsburg;M'gladbach;3;1;1;2;0,2753;0,1872;0,5375
34778;2021-03-12;T20-21;I1;Lazio;Crotone;3;2;1;1;0,0617;0,9278;0,0105
56675;2021-03-13;T20-21;SP2;Mirandes;Espanol;2;2;0;2;0,2951;0,2058;0,4992
56674;2021-03-13;T20-21;SP2;Castellon;Sabadell;2;1;1;1;0,2137;0,6966;0,0898
56673;2021-03-13;T20-21;SP2;Girona;Lugo;1;1;0;1;0,1842;0,738;0,0778
56672;2021-03-13;T20-21;SP2;Fuenlabrada;Las Palmas;1;2;2;1;0,2834;0,4471;0,2696
44772;2021-03-13;T20-21;SP1;Getafe;Ath Madrid;0;0;0;2;0,1823;0,0725;0,7451
44771;2021-03-13;T20-21;SP1;Osasuna;Valladolid;0;0;0;1;0,3744;0,4006;0,2251
44770;2021-03-13;T20-21;SP1;Real Madrid;Elche;2;1;1;1;0,0727;0,9184;0,0089
44769;2021-03-13;T20-21;SP1;Alaves;Cadiz;1;1;0;0;0,3755;0,353;0,2714
34782;2021-03-13;T20-21;I1;Genoa;Udinese;1;1;0;1;0,3951;0,4113;0,1936
34780;2021-03-13;T20-21;I1;Sassuolo;Verona;3;2;1;1;0,246;0,644;0,11
34781;2021-03-13;T20-21;I1;Benevento;Fiorentina;1;4;2;2;0,2744;0,164;0,5616
26392;2021-03-13;T20-21;F1;Angers;St Etienne;0;1;2;1;0,3286;0,3472;0,3242
16212;2021-03-13;T20-21;E0;Fulham;Man City;0;3;2;2;0,0924;0,0248;0,8828
16211;2021-03-13;T20-21;E0;Everton;Burnley;1;2;2;1;0,3262;0,475;0,1987
16210;2021-03-13;T20-21;E0;Crystal Palace;West Brom;1;0;1;1;0,2157;0,7037;0,0806
16209;2021-03-13;T20-21;E0;Leeds;Chelsea;0;0;0;1;0,2537;0,5525;0,1938
6213;2021-03-13;T20-21;D1;Dortmund;Hertha;2;0;1;1;0,122;0,8492;0,0287
6212;2021-03-13;T20-21;D1;Wolfsburg;Schalke 04;5;0;1;1;0,0604;0,9282;0,0115
6211;2021-03-13;T20-21;D1;Werder Bremen;Bayern Munich;1;3;2;2;0,1186;0,0396;0,8419
6210;2021-03-13;T20-21;D1;Union Berlin;FC Koln;2;1;1;1;0,1261;0,8412;0,0327
6209;2021-03-13;T20-21;D1;Mainz;Freiburg;1;0;1;1;0,285;0,5625;0,1525
26393;2021-03-13;T20-21;F1;Marseille;Brest;3;1;1;1;0,199;0,7245;0,0765
34785;2021-03-14;T20-21;I1;Torino;Inter;1;2;2;2;0,1858;0,0775;0,7367
34786;2021-03-14;T20-21;I1;Cagliari;Juventus;1;3;2;2;0,2819;0,181;0,5371
34787;2021-03-14;T20-21;I1;Milan;Napoli;0;1;2;2;0,3012;0,2935;0,4053
44773;2021-03-14;T20-21;SP1;Celta;Ath Bilbao;0;0;0;0;0,3605;0,2891;0,3504
44774;2021-03-14;T20-21;SP1;Granada;Sociedad;1;0;1;1;0,317;0,5004;0,1825
56678;2021-03-14;T20-21;SP2;Tenerife;Albacete;2;0;1;1;0,2874;0,585;0,1276
44776;2021-03-14;T20-21;SP1;Sevilla;Betis;1;0;1;1;0,2581;0,6482;0,0937
56676;2021-03-14;T20-21;SP2;Logrones;Malaga;0;1;2;1;0,3243;0,4747;0,201
56677;2021-03-14;T20-21;SP2;Sp Gijon;Mallorca;2;0;1;1;0,3003;0,5094;0,1903
34784;2021-03-14;T20-21;I1;Parma;Roma;2;0;1;1;0,3221;0,3881;0,2898
56679;2021-03-14;T20-21;SP2;Oviedo;Leganes;1;3;2;1;0,3261;0,4314;0,2425
44775;2021-03-14;T20-21;SP1;Eibar;Villarreal;1;3;2;2;0,2994;0,2531;0,4475
34783;2021-03-14;T20-21;I1;Bologna;Sampdoria;3;1;1;1;0,2691;0,592;0,1389
26396;2021-03-14;T20-21;F1;Lens;Metz;2;2;0;1;0,2472;0,6371;0,1157
26399;2021-03-14;T20-21;F1;Monaco;Lille;0;0;0;2;0,2478;0,2305;0,5217
26398;2021-03-14;T20-21;F1;Rennes;Strasbourg;1;0;1;1;0,158;0,8028;0,0392
26397;2021-03-14;T20-21;F1;Lorient;Nice;1;1;0;1;0,279;0,5468;0,1742
26395;2021-03-14;T20-21;F1;Dijon;Bordeaux;1;3;2;2;0,1941;0,0821;0,7238
26394;2021-03-14;T20-21;F1;Nimes;Montpellier;1;1;0;1;0,2566;0,5483;0,195
16216;2021-03-14;T20-21;E0;Man United;West Ham;1;0;1;1;0,2355;0,6673;0,0972
16215;2021-03-14;T20-21;E0;Arsenal;Tottenham;2;1;1;1;0,2149;0,676;0,1092
16214;2021-03-14;T20-21;E0;Leicester;Sheffield United;5;0;1;1;0,0852;0,9026;0,0122
16213;2021-03-14;T20-21;E0;Southampton;Brighton;1;2;2;2;0,2966;0,2758;0,4276
6216;2021-03-14;T20-21;D1;Stuttgart;Hoffenheim;2;0;1;1;0,1978;0,713;0,0892
6215;2021-03-14;T20-21;D1;RB Leipzig;Ein Frankfurt;1;1;0;1;0,2654;0,5849;0,1497
6214;2021-03-14;T20-21;D1;Leverkusen;Bielefeld;1;2;2;1;0,207;0,7286;0,0644
26400;2021-03-14;T20-21;F1;Paris SG;Nantes;1;2;2;1;0,2622;0,5711;0,1666
44777;2021-03-15;T20-21;SP1;Barcelona;Huesca;4;1;1;1;0,1904;0,7329;0,0768
16217;2021-03-15;T20-21;E0;Wolves;Liverpool;0;1;2;2;0,1502;0,0657;0,7841
56680;2021-03-15;T20-21;SP2;Almeria;Alcorcon;0;0;0;1;0,3391;0,4829;0,178
44778;2021-03-17;T20-21;SP1;Sevilla;Elche;2;0;1;1;0,142;0,8395;0,0186
34788;2021-03-17;T20-21;I1;Torino;Sassuolo;3;2;1;1;0,2916;0,4874;0,221
6217;2021-03-19;T20-21;D1;Bielefeld;RB Leipzig;0;1;2;2;0,1747;0,0511;0,7742
16218;2021-03-19;T20-21;E0;Fulham;Leeds;1;2;2;2;0,2292;0,1302;0,6406
26401;2021-03-19;T20-21;F1;St Etienne;Monaco;0;4;2;1;0,2597;0,561;0,1793
34789;2021-03-19;T20-21;I1;Parma;Genoa;1;2;2;1;0,258;0,6496;0,0924
44779;2021-03-19;T20-21;SP1;Betis;Levante;2;0;1;1;0,1592;0,7955;0,0454
56681;2021-03-19;T20-21;SP2;Las Palmas;Girona;1;2;2;2;0,3007;0,2205;0,4788
44782;2021-03-20;T20-21;SP1;Huesca;Osasuna;0;0;0;1;0,2059;0,7171;0,077
56685;2021-03-20;T20-21;SP2;Espanol;Logrones;4;0;1;1;0,24;0,6445;0,1156
56684;2021-03-20;T20-21;SP2;Leganes;Fuenlabrada;0;2;2;2;0,2984;0,2523;0,4493
56683;2021-03-20;T20-21;SP2;Mallorca;Oviedo;0;0;0;1;0,2582;0,6125;0,1293
56682;2021-03-20;T20-21;SP2;Sabadell;Sp Gijon;1;1;0;0;0,3564;0,3459;0,2978
44783;2021-03-20;T20-21;SP1;Valladolid;Sevilla;1;1;0;2;0,3083;0,1734;0,5184
44781;2021-03-20;T20-21;SP1;Celta;Real Madrid;1;3;2;2;0,1875;0,0753;0,7372
44780;2021-03-20;T20-21;SP1;Ath Bilbao;Eibar;1;1;0;1;0,3365;0,4521;0,2114
26403;2021-03-20;T20-21;F1;Nice;Marseille;3;0;1;1;0,2736;0,5475;0,1789
26402;2021-03-20;T20-21;F1;Metz;Rennes;1;3;2;2;0,2765;0,2182;0,5053
16219;2021-03-20;T20-21;E0;Brighton;Newcastle;3;0;1;1;0,1816;0,7554;0,063
6222;2021-03-20;T20-21;D1;Schalke 04;M'gladbach;0;3;2;2;0,1415;0,045;0,8135
6221;2021-03-20;T20-21;D1;Werder Bremen;Wolfsburg;1;2;2;2;0,2084;0,0921;0,6995
6220;2021-03-20;T20-21;D1;FC Koln;Dortmund;2;2;0;2;0,2313;0,1055;0,6633
6219;2021-03-20;T20-21;D1;Ein Frankfurt;Union Berlin;5;2;1;1;0,251;0,625;0,1239
6218;2021-03-20;T20-21;D1;Bayern Munich;Stuttgart;4;0;1;1;0,0677;0,9157;0,0166
34790;2021-03-20;T20-21;I1;Crotone;Bologna;2;3;2;2;0,284;0,1631;0,5529
44786;2021-03-21;T20-21;SP1;Villarreal;Cadiz;2;1;1;1;0,1605;0,8092;0,0303
34796;2021-03-21;T20-21;I1;Fiorentina;Milan;2;3;2;2;0,2554;0,1882;0,5565
34797;2021-03-21;T20-21;I1;Roma;Napoli;0;2;2;2;0,2626;0,218;0,5195
44785;2021-03-21;T20-21;SP1;Valencia;Granada;2;1;1;1;0,3497;0,3502;0,3001
44787;2021-03-21;T20-21;SP1;Ath Madrid;Alaves;1;0;1;1;0,07;0,9208;0,0092
44784;2021-03-21;T20-21;SP1;Getafe;Elche;1;1;0;1;0,2973;0,6079;0,0948
56686;2021-03-21;T20-21;SP2;Ponferradina;Almeria;2;1;1;1;0,2895;0,4986;0,2119
56687;2021-03-21;T20-21;SP2;Malaga;Tenerife;1;1;0;1;0,2758;0,6206;0,1035
56688;2021-03-21;T20-21;SP2;Lugo;Castellon;0;0;0;2;0,3349;0,2805;0,3846
56689;2021-03-21;T20-21;SP2;Alcorcon;Vallecano;0;3;2;2;0,3086;0,2722;0,4192
34795;2021-03-21;T20-21;I1;Udinese;Lazio;0;1;2;2;0,1771;0,0752;0,7478
44788;2021-03-21;T20-21;SP1;Sociedad;Barcelona;1;6;2;2;0,2649;0,1611;0,574
34794;2021-03-21;T20-21;I1;Sampdoria;Torino;1;0;1;1;0,3057;0,5653;0,129
34792;2021-03-21;T20-21;I1;Verona;Atalanta;0;2;2;2;0,3253;0,2795;0,3952
16220;2021-03-21;T20-21;E0;West Ham;Arsenal;3;3;0;2;0,3225;0,3375;0,34
26410;2021-03-21;T20-21;F1;Lyon;Paris SG;2;4;2;1;0,2681;0,5047;0,2272
26409;2021-03-21;T20-21;F1;Lille;Nimes;1;2;2;1;0,2111;0,6858;0,1031
26408;2021-03-21;T20-21;F1;Nantes;Lorient;1;1;0;1;0,2816;0,5548;0,1636
26407;2021-03-21;T20-21;F1;Montpellier;Bordeaux;3;1;1;1;0,2253;0,6389;0,1358
26406;2021-03-21;T20-21;F1;Dijon;Reims;0;1;2;2;0,3327;0,2331;0,4341
26405;2021-03-21;T20-21;F1;Brest;Angers;0;0;0;2;0,308;0,2904;0,4015
26404;2021-03-21;T20-21;F1;Strasbourg;Lens;1;2;2;2;0,2093;0,1183;0,6725
16221;2021-03-21;T20-21;E0;Aston Villa;Tottenham;0;2;2;1;0,2999;0,483;0,217
34793;2021-03-21;T20-21;I1;Juventus;Benevento;0;1;2;1;0,1396;0,826;0,0344
6225;2021-03-21;T20-21;D1;Freiburg;Augsburg;2;0;1;2;0,3033;0,2726;0,4241
6224;2021-03-21;T20-21;D1;Hertha;Leverkusen;3;0;1;1;0,3161;0,4311;0,2528
6223;2021-03-21;T20-21;D1;Hoffenheim;Mainz;1;2;2;1;0,3132;0,5214;0,1655
56690;2021-03-22;T20-21;SP2;Albacete;Cartagena;2;0;1;1;0,3008;0,5501;0,1491
56691;2021-03-22;T20-21;SP2;Zaragoza;Mirandes;1;0;1;1;0,295;0,5288;0,1762
56693;2021-03-26;T20-21;SP2;Castellon;Espanol;1;3;2;2;0,2786;0,2672;0,4542
56692;2021-03-26;T20-21;SP2;Sp Gijon;Alcorcon;0;0;0;1;0,3255;0,5401;0,1344
56697;2021-03-27;T20-21;SP2;Logrones;Zaragoza;1;1;0;1;0,2455;0,6565;0,098
56696;2021-03-27;T20-21;SP2;Cartagena;Malaga;1;1;0;2;0,3464;0,294;0,3596
56694;2021-03-27;T20-21;SP2;Oviedo;Ponferradina;1;1;0;1;0,3313;0,3538;0,3149
56695;2021-03-27;T20-21;SP2;Almeria;Leganes;1;1;0;1;0,2634;0,5833;0,1533
56698;2021-03-28;T20-21;SP2;Lugo;Sabadell;0;1;2;0;0,3402;0,3294;0,3304
56699;2021-03-28;T20-21;SP2;Girona;Albacete;2;1;1;1;0,1625;0,7855;0,0521
56700;2021-03-28;T20-21;SP2;Tenerife;Las Palmas;1;1;0;2;0,3207;0,2997;0,3796
56701;2021-03-29;T20-21;SP2;Fuenlabrada;Mallorca;4;1;1;1;0,241;0,6016;0,1575
56702;2021-03-30;T20-21;SP2;Alcorcon;Oviedo;1;1;0;1;0,2693;0,5685;0,1622
56703;2021-03-30;T20-21;SP2;Malaga;Almeria;0;3;2;1;0,2988;0,3666;0,3346
56704;2021-03-30;T20-21;SP2;Ponferradina;Logrones;2;2;0;1;0,3283;0,4614;0,2103
56705;2021-03-30;T20-21;SP2;Vallecano;Sp Gijon;0;1;2;1;0,3008;0,4836;0,2156
56707;2021-03-31;T20-21;SP2;Sabadell;Girona;2;2;0;2;0,3216;0,1884;0,49
56706;2021-03-31;T20-21;SP2;Albacete;Castellon;0;1;2;2;0,3118;0,2178;0,4704
56709;2021-04-01;T20-21;SP2;Mallorca;Leganes;1;0;1;1;0,2612;0,6298;0,109
56710;2021-04-01;T20-21;SP2;Las Palmas;Lugo;6;1;1;0;0,3456;0,3347;0,3197
56708;2021-04-01;T20-21;SP2;Espanol;Fuenlabrada;4;0;1;1;0,2298;0,7072;0,063
56711;2021-04-01;T20-21;SP2;Zaragoza;Cartagena;0;0;0;0;0,3957;0,2861;0,3182
56712;2021-04-02;T20-21;SP2;Almeria;Vallecano;0;1;2;2;0,3004;0,2697;0,4299
44789;2021-04-02;T20-21;SP1;Levante;Huesca;0;2;2;2;0,2806;0,2056;0,5138
56715;2021-04-03;T20-21;SP2;Castellon;Oviedo;1;0;1;1;0,2745;0,5464;0,1791
56714;2021-04-03;T20-21;SP2;Girona;Ponferradina;3;1;1;1;0,268;0,6103;0,1217
56713;2021-04-03;T20-21;SP2;Logrones;Tenerife;1;0;1;1;0,2451;0,6638;0,0911
44792;2021-04-03;T20-21;SP1;Osasuna;Getafe;0;0;0;2;0,3317;0,2615;0,4067
34801;2021-04-03;T20-21;I1;Cagliari;Verona;0;2;2;2;0,2941;0,2027;0,5031
44791;2021-04-03;T20-21;SP1;Real Madrid;Eibar;2;0;1;1;0,1687;0,7823;0,049
44790;2021-04-03;T20-21;SP1;Granada;Villarreal;0;3;2;2;0,3065;0,2205;0,473
34806;2021-04-03;T20-21;I1;Torino;Juventus;2;2;0;2;0,2976;0,1991;0,5032
34804;2021-04-03;T20-21;I1;Napoli;Crotone;4;3;1;1;0,0764;0,9094;0,0142
34802;2021-04-03;T20-21;I1;Genoa;Fiorentina;1;1;0;2;0,3529;0,2156;0,4315
34800;2021-04-03;T20-21;I1;Benevento;Parma;2;2;0;1;0,366;0,3828;0,2513
6229;2021-04-03;T20-21;D1;Mainz;Bielefeld;1;1;0;0;0,3886;0,3642;0,2472
34798;2021-04-03;T20-21;I1;Milan;Sampdoria;1;1;0;1;0,1341;0,8302;0,0357
34799;2021-04-03;T20-21;I1;Atalanta;Udinese;3;2;1;1;0,1255;0,8564;0,0181
6227;2021-04-03;T20-21;D1;Dortmund;Ein Frankfurt;1;2;2;1;0,3004;0,4769;0,2227
6228;2021-04-03;T20-21;D1;Leverkusen;Schalke 04;2;1;1;1;0,0733;0,9082;0,0185
6230;2021-04-03;T20-21;D1;Wolfsburg;FC Koln;1;0;1;1;0,1143;0,8602;0,0255
6226;2021-04-03;T20-21;D1;Augsburg;Hoffenheim;2;1;1;1;0,2307;0,6452;0,1241
6232;2021-04-03;T20-21;D1;M'gladbach;Freiburg;2;1;1;1;0,17;0,7769;0,0531
26411;2021-04-03;T20-21;F1;Monaco;Metz;4;0;1;1;0,264;0,4488;0,2872
26412;2021-04-03;T20-21;F1;Paris SG;Lille;0;1;2;2;0,253;0,3269;0,42
26413;2021-04-03;T20-21;F1;Lens;Lyon;1;1;0;1;0,241;0,4566;0,3025
6231;2021-04-03;T20-21;D1;RB Leipzig;Bayern Munich;0;1;2;2;0,2866;0,2731;0,4402
44795;2021-04-04;T20-21;SP1;Cadiz;Valencia;2;1;1;1;0,2633;0,607;0,1297
56720;2021-04-04;T20-21;SP2;Las Palmas;Mallorca;1;1;0;1;0,2654;0,5124;0,2222
56719;2021-04-04;T20-21;SP2;Lugo;Malaga;0;1;2;2;0,3203;0,288;0,3916
56718;2021-04-04;T20-21;SP2;Leganes;Sabadell;2;1;1;1;0,3269;0,5152;0,1579
56717;2021-04-04;T20-21;SP2;Albacete;Espanol;0;3;2;2;0,1936;0,0726;0,7338
56716;2021-04-04;T20-21;SP2;Sp Gijon;Mirandes;1;2;2;1;0,3055;0,5469;0,1475
44796;2021-04-04;T20-21;SP1;Sevilla;Ath Madrid;1;0;1;1;0,2944;0,4511;0,2545
44793;2021-04-04;T20-21;SP1;Alaves;Celta;1;3;2;2;0,3586;0,2525;0,3889
26414;2021-04-04;T20-21;F1;Angers;Montpellier;1;1;0;1;0,3354;0,3764;0,2882
26418;2021-04-04;T20-21;F1;Reims;Rennes;2;2;0;2;0,2694;0,1696;0,561
26417;2021-04-04;T20-21;F1;Nantes;Nice;1;2;2;2;0,3342;0,2707;0,3951
26416;2021-04-04;T20-21;F1;Lorient;Brest;1;0;1;1;0,2047;0,7005;0,0948
26415;2021-04-04;T20-21;F1;Bordeaux;Strasbourg;2;3;2;1;0,212;0,7025;0,0855
16227;2021-04-04;T20-21;E0;Newcastle;Tottenham;2;2;0;2;0,3393;0,2941;0,3666
6234;2021-04-04;T20-21;D1;Union Berlin;Hertha;1;1;0;1;0,281;0,6204;0,0985
6233;2021-04-04;T20-21;D1;Stuttgart;Werder Bremen;1;0;1;1;0,2034;0,7077;0,0888
26420;2021-04-04;T20-21;F1;Marseille;Dijon;2;0;1;1;0,176;0,7598;0,0642
56721;2021-04-05;T20-21;SP2;Cartagena;Alcorcon;2;1;1;1;0,2784;0,5476;0,174
56722;2021-04-05;T20-21;SP2;Fuenlabrada;Zaragoza;0;1;2;1;0,2061;0,7122;0,0817
34809;2021-04-07;T20-21;I1;Juventus;Napoli;2;1;1;1;0,264;0,5647;0,1714
34808;2021-04-07;T20-21;I1;Inter;Sassuolo;2;1;1;1;0,2161;0,6497;0,1342
6235;2021-04-09;T20-21;D1;Bielefeld;Freiburg;1;0;1;1;0,2713;0,5495;0,1792
16232;2021-04-09;T20-21;E0;Fulham;Wolves;0;1;2;2;0,2516;0,1849;0,5636
26421;2021-04-09;T20-21;F1;Metz;Lille;0;2;2;2;0,1839;0,0887;0,7273
44799;2021-04-09;T20-21;SP1;Huesca;Elche;3;1;1;0;0,3404;0,3297;0,3299
56723;2021-04-09;T20-21;SP2;Tenerife;Sp Gijon;1;0;1;1;0,3021;0,464;0,2339
26423;2021-04-10;T20-21;F1;Montpellier;Marseille;3;3;0;1;0,2716;0,4958;0,2326
56726;2021-04-10;T20-21;SP2;Vallecano;Girona;2;1;1;1;0,3178;0,3684;0,3138
56725;2021-04-10;T20-21;SP2;Oviedo;Las Palmas;0;0;0;1;0,2779;0,4407;0,2814
56724;2021-04-10;T20-21;SP2;Ponferradina;Fuenlabrada;0;0;0;1;0,31;0,4098;0,2802
44803;2021-04-10;T20-21;SP1;Real Madrid;Barcelona;2;1;1;1;0,216;0,6573;0,1267
44802;2021-04-10;T20-21;SP1;Eibar;Levante;0;1;2;1;0,2386;0,6522;0,1092
44801;2021-04-10;T20-21;SP1;Ath Bilbao;Alaves;0;0;0;1;0,2835;0,4469;0,2696
44800;2021-04-10;T20-21;SP1;Getafe;Cadiz;0;1;2;1;0,3403;0,3904;0,2693
34812;2021-04-10;T20-21;I1;Udinese;Torino;0;1;2;2;0,3435;0,2821;0,3744
34811;2021-04-10;T20-21;I1;Parma;Milan;1;3;2;2;0,1574;0,0596;0,783
16235;2021-04-10;T20-21;E0;Crystal Palace;Chelsea;1;4;2;2;0,2318;0,1867;0,5815
26422;2021-04-10;T20-21;F1;Strasbourg;Paris SG;1;4;2;2;0,149;0,0601;0,7909
16234;2021-04-10;T20-21;E0;Liverpool;Aston Villa;2;1;1;1;0,203;0,699;0,098
16233;2021-04-10;T20-21;E0;Man City;Leeds;1;2;2;1;0,2068;0,6408;0,1524
6240;2021-04-10;T20-21;D1;Stuttgart;Dortmund;2;3;2;2;0,1941;0,1232;0,6827
6239;2021-04-10;T20-21;D1;Werder Bremen;RB Leipzig;1;4;2;2;0,2018;0,1066;0,6915
6238;2021-04-10;T20-21;D1;Hertha;M'gladbach;2;2;0;2;0,2985;0,3238;0,3777
6237;2021-04-10;T20-21;D1;Ein Frankfurt;Wolfsburg;4;3;1;1;0,2449;0,6183;0,1368
6236;2021-04-10;T20-21;D1;Bayern Munich;Union Berlin;1;1;0;1;0,1063;0,8484;0,0453
34810;2021-04-10;T20-21;I1;Spezia;Crotone;3;2;1;1;0,262;0,5763;0,1617
44804;2021-04-11;T20-21;SP1;Villarreal;Osasuna;1;2;2;1;0,2731;0,6103;0,1166
34818;2021-04-11;T20-21;I1;Fiorentina;Atalanta;2;3;2;2;0,2382;0,1427;0,6191
44805;2021-04-11;T20-21;SP1;Valencia;Sociedad;2;2;0;2;0,2992;0,3502;0,3506
34816;2021-04-11;T20-21;I1;Verona;Lazio;0;1;2;2;0,2157;0,1123;0,672
34817;2021-04-11;T20-21;I1;Roma;Bologna;1;0;1;1;0,2339;0,6701;0,096
44806;2021-04-11;T20-21;SP1;Valladolid;Granada;1;2;2;2;0,3104;0,1983;0,4913
34815;2021-04-11;T20-21;I1;Sampdoria;Napoli;0;2;2;2;0,2235;0,1523;0,6242
56727;2021-04-11;T20-21;SP2;Malaga;Albacete;2;0;1;1;0,2786;0,5317;0,1897
56728;2021-04-11;T20-21;SP2;Zaragoza;Almeria;2;1;1;1;0,2627;0,4958;0,2415
56729;2021-04-11;T20-21;SP2;Mallorca;Lugo;2;0;1;1;0,1958;0,691;0,1132
56730;2021-04-11;T20-21;SP2;Mirandes;Logrones;0;1;2;1;0,3017;0,5068;0,1916
56731;2021-04-11;T20-21;SP2;Sabadell;Cartagena;1;1;0;1;0,3296;0,4117;0,2587
56732;2021-04-11;T20-21;SP2;Espanol;Leganes;2;1;1;1;0,1855;0,7198;0,0947
34814;2021-04-11;T20-21;I1;Juventus;Genoa;3;1;1;1;0,0953;0,8898;0,0149
44807;2021-04-11;T20-21;SP1;Betis;Ath Madrid;1;1;0;1;0,2395;0,5072;0,2533
26430;2021-04-11;T20-21;F1;Lyon;Angers;3;0;1;1;0,1352;0,8098;0,0551
34813;2021-04-11;T20-21;I1;Inter;Cagliari;1;0;1;1;0,1245;0,8469;0,0286
6241;2021-04-11;T20-21;D1;Schalke 04;Augsburg;1;0;1;1;0,3466;0,3626;0,2908
6242;2021-04-11;T20-21;D1;FC Koln;Mainz;2;3;2;1;0,336;0,3449;0,319
16236;2021-04-11;T20-21;E0;Burnley;Newcastle;1;2;2;2;0,2942;0,2523;0,4536
16237;2021-04-11;T20-21;E0;West Ham;Leicester;3;2;1;1;0,2957;0,365;0,3393
16239;2021-04-11;T20-21;E0;Sheffield United;Arsenal;0;3;2;2;0,1742;0,0622;0,7636
16238;2021-04-11;T20-21;E0;Tottenham;Man United;1;3;2;2;0,2891;0,2872;0,4237
26425;2021-04-11;T20-21;F1;Brest;Nimes;1;1;0;1;0,2675;0,5432;0,1893
26426;2021-04-11;T20-21;F1;Lens;Lorient;4;1;1;1;0,2425;0,6125;0,145
26427;2021-04-11;T20-21;F1;Nice;Reims;0;0;0;1;0,1604;0,7953;0,0443
26428;2021-04-11;T20-21;F1;St Etienne;Bordeaux;4;1;1;1;0,282;0,5337;0,1843
26429;2021-04-11;T20-21;F1;Monaco;Dijon;3;0;1;1;0,0824;0,8907;0,0269
26424;2021-04-11;T20-21;F1;Rennes;Nantes;1;0;1;1;0,1922;0,7286;0,0793
44808;2021-04-12;T20-21;SP1;Celta;Sevilla;3;4;2;2;0,2952;0,3452;0,3596
56733;2021-04-12;T20-21;SP2;Alcorcon;Castellon;2;1;1;1;0,2559;0,6145;0,1296
34819;2021-04-12;T20-21;I1;Benevento;Sassuolo;0;1;2;2;0,1745;0,0924;0,7331
16241;2021-04-12;T20-21;E0;Brighton;Everton;0;0;0;2;0,2422;0,2172;0,5406
16240;2021-04-12;T20-21;E0;West Brom;Southampton;3;0;1;1;0,2955;0,4323;0,2722
6243;2021-04-12;T20-21;D1;Hoffenheim;Leverkusen;0;0;0;1;0,2729;0,4763;0,2508
56734;2021-04-14;T20-21;SP2;Vallecano;Mirandes;0;1;2;1;0,3139;0,4356;0,2504
6244;2021-04-16;T20-21;D1;RB Leipzig;Hoffenheim;0;0;0;1;0,188;0,7419;0,0702
16242;2021-04-16;T20-21;E0;Everton;Tottenham;2;2;0;1;0,2562;0,5994;0,1444
26431;2021-04-16;T20-21;F1;Lille;Montpellier;1;1;0;1;0,226;0,6851;0,0889
56735;2021-04-16;T20-21;SP2;Fuenlabrada;Sabadell;2;2;0;1;0,2123;0,7009;0,0867
56736;2021-04-16;T20-21;SP2;Girona;Zaragoza;3;0;1;1;0,1616;0,7987;0,0396
56739;2021-04-17;T20-21;SP2;Las Palmas;Malaga;1;1;0;1;0,2536;0,5976;0,1488
56738;2021-04-17;T20-21;SP2;Castellon;Mallorca;1;0;1;1;0,2777;0,4774;0,2448
56737;2021-04-17;T20-21;SP2;Lugo;Alcorcon;1;3;2;1;0,3218;0,4134;0,2648
34823;2021-04-17;T20-21;I1;Cagliari;Parma;4;3;1;1;0,2857;0,5949;0,1194
34822;2021-04-17;T20-21;I1;Sassuolo;Fiorentina;3;1;1;1;0,1416;0,8068;0,0516
34821;2021-04-17;T20-21;I1;Sampdoria;Verona;3;1;1;1;0,2319;0,6645;0,1036
34820;2021-04-17;T20-21;I1;Crotone;Udinese;1;2;2;1;0,3158;0,4088;0,2754
26433;2021-04-17;T20-21;F1;Marseille;Lorient;3;2;1;1;0,2579;0,5948;0,1473
56740;2021-04-17;T20-21;SP2;Sp Gijon;Oviedo;0;1;2;1;0,3003;0,5231;0,1766
16244;2021-04-17;T20-21;E0;Wolves;Sheffield United;1;0;1;1;0,1326;0,8408;0,0266
16243;2021-04-17;T20-21;E0;Newcastle;West Ham;3;2;1;1;0,312;0,4608;0,2272
6250;2021-04-17;T20-21;D1;Leverkusen;FC Koln;3;0;1;1;0,1825;0,7511;0,0665
6249;2021-04-17;T20-21;D1;Wolfsburg;Bayern Munich;2;3;2;2;0,2486;0,2266;0,5248
6248;2021-04-17;T20-21;D1;Union Berlin;Stuttgart;2;1;1;1;0,2445;0,635;0,1205
6247;2021-04-17;T20-21;D1;M'gladbach;Ein Frankfurt;4;0;1;1;0,1869;0,7253;0,0878
6246;2021-04-17;T20-21;D1;Freiburg;Schalke 04;4;0;1;1;0,139;0,8256;0,0354
6245;2021-04-17;T20-21;D1;Augsburg;Bielefeld;0;0;0;1;0,1781;0,7838;0,0381
26432;2021-04-17;T20-21;F1;Angers;Rennes;0;3;2;2;0,2898;0,2201;0,4901
44809;2021-04-18;T20-21;SP1;Osasuna;Elche;2;0;1;1;0,3471;0,4982;0,1547
44810;2021-04-18;T20-21;SP1;Sociedad;Sevilla;1;2;2;2;0,3249;0,2789;0,3962
44812;2021-04-18;T20-21;SP1;Ath Madrid;Eibar;5;0;1;1;0,1442;0,8268;0,029
44813;2021-04-18;T20-21;SP1;Betis;Valencia;2;2;0;1;0,196;0,7351;0,0689
56741;2021-04-18;T20-21;SP2;Albacete;Mirandes;1;0;1;1;0,2896;0,4997;0,2107
44815;2021-04-18;T20-21;SP1;Getafe;Real Madrid;0;0;0;2;0,3078;0,2538;0,4384
44816;2021-04-18;T20-21;SP1;Levante;Villarreal;1;5;2;2;0,1864;0,0848;0,7288
34829;2021-04-18;T20-21;I1;Napoli;Inter;1;1;0;1;0,234;0,5967;0,1693
56742;2021-04-18;T20-21;SP2;Logrones;Vallecano;0;0;0;1;0,3233;0,3589;0,3178
56743;2021-04-18;T20-21;SP2;Cartagena;Tenerife;0;0;0;1;0,2844;0,5531;0,1625
44814;2021-04-18;T20-21;SP1;Cadiz;Celta;0;0;0;1;0,3468;0,4659;0,1873
34828;2021-04-18;T20-21;I1;Torino;Roma;3;1;1;1;0,3035;0,4125;0,284
44811;2021-04-18;T20-21;SP1;Alaves;Huesca;1;0;1;0;0,3804;0,3109;0,3087
34825;2021-04-18;T20-21;I1;Atalanta;Juventus;1;0;1;1;0,2377;0,6596;0,1028
34824;2021-04-18;T20-21;I1;Milan;Genoa;2;1;1;1;0,0728;0,9164;0,0108
26440;2021-04-18;T20-21;F1;Nantes;Lyon;1;2;2;2;0,2664;0,2326;0,501
26439;2021-04-18;T20-21;F1;Bordeaux;Monaco;0;3;2;1;0,2806;0,5157;0,2037
26438;2021-04-18;T20-21;F1;Reims;Metz;0;0;0;2;0,2588;0,1884;0,5527
26437;2021-04-18;T20-21;F1;Nimes;Strasbourg;1;1;0;1;0,2042;0,6864;0,1094
26436;2021-04-18;T20-21;F1;Dijon;Nice;2;0;1;2;0,3171;0,2135;0,4694
26435;2021-04-18;T20-21;F1;Brest;Lens;1;1;0;2;0,2648;0,2054;0,5299
26434;2021-04-18;T20-21;F1;Paris SG;St Etienne;3;2;1;1;0,1736;0,7613;0,0651
16246;2021-04-18;T20-21;E0;Man United;Burnley;3;1;1;1;0,1734;0,7753;0,0512
16245;2021-04-18;T20-21;E0;Arsenal;Fulham;1;1;0;1;0,1331;0,8264;0,0405
6251;2021-04-18;T20-21;D1;Dortmund;Werder Bremen;4;1;1;1;0,111;0,8522;0,0368
34827;2021-04-18;T20-21;I1;Lazio;Benevento;5;3;1;1;0,1818;0,775;0,0432
56744;2021-04-19;T20-21;SP2;Leganes;Ponferradina;1;1;0;1;0,3377;0,3396;0,3227
56745;2021-04-19;T20-21;SP2;Almeria;Espanol;1;1;0;2;0,3038;0,2848;0,4114
16247;2021-04-19;T20-21;E0;Leeds;Liverpool;1;1;0;2;0,2568;0,1959;0,5473
6252;2021-04-20;T20-21;D1;FC Koln;RB Leipzig;2;1;1;2;0,2249;0,1209;0,6542
6253;2021-04-20;T20-21;D1;Bayern Munich;Leverkusen;2;0;1;1;0,094;0,8773;0,0288
6254;2021-04-20;T20-21;D1;Bielefeld;Schalke 04;1;0;1;1;0,2312;0,7113;0,0575
6255;2021-04-20;T20-21;D1;Ein Frankfurt;Augsburg;2;0;1;1;0,2818;0,5199;0,1983
16248;2021-04-20;T20-21;E0;Chelsea;Brighton;0;0;0;1;0,236;0,6455;0,1185
34830;2021-04-20;T20-21;I1;Verona;Fiorentina;1;2;2;1;0,3022;0,5202;0,1776
34837;2021-04-21;T20-21;I1;Udinese;Cagliari;0;1;2;2;0,3511;0,2845;0,3644
56746;2021-04-21;T20-21;SP2;Mirandes;Tenerife;0;0;0;1;0,2697;0,6092;0,1211
44822;2021-04-21;T20-21;SP1;Cadiz;Real Madrid;0;3;2;2;0,2175;0,0931;0,6894
44821;2021-04-21;T20-21;SP1;Elche;Valladolid;1;1;0;1;0,3502;0,4777;0,1721
44820;2021-04-21;T20-21;SP1;Alaves;Villarreal;2;1;1;2;0,2902;0,1764;0,5334
44819;2021-04-21;T20-21;SP1;Betis;Ath Bilbao;0;0;0;1;0,3032;0,505;0,1918
44818;2021-04-21;T20-21;SP1;Osasuna;Valencia;3;1;1;1;0,265;0,639;0,096
44817;2021-04-21;T20-21;SP1;Levante;Sevilla;0;1;2;2;0,1789;0,0759;0,7453
34835;2021-04-21;T20-21;I1;Juventus;Parma;3;1;1;1;0,1822;0,7797;0,038
6258;2021-04-21;T20-21;D1;Stuttgart;Wolfsburg;1;3;2;2;0,2643;0,2434;0,4922
34833;2021-04-21;T20-21;I1;Crotone;Sampdoria;0;1;2;2;0,1927;0,085;0,7223
34832;2021-04-21;T20-21;I1;Bologna;Torino;1;1;0;1;0,2915;0,5788;0,1297
34831;2021-04-21;T20-21;I1;Milan;Sassuolo;1;2;2;1;0,2664;0,5116;0,222
16250;2021-04-21;T20-21;E0;Aston Villa;Man City;1;2;2;2;0,2166;0,207;0,5764
16249;2021-04-21;T20-21;E0;Tottenham;Southampton;2;1;1;1;0,256;0,6175;0,1266
6259;2021-04-21;T20-21;D1;Werder Bremen;Mainz;0;1;2;1;0,3238;0,5399;0,1363
34834;2021-04-21;T20-21;I1;Genoa;Benevento;2;2;0;1;0,3432;0,3671;0,2897
6257;2021-04-21;T20-21;D1;Hoffenheim;M'gladbach;3;2;1;2;0,3035;0,2651;0,4313
6256;2021-04-21;T20-21;D1;Dortmund;Union Berlin;2;0;1;1;0,184;0,7423;0,0737
44826;2021-04-22;T20-21;SP1;Barcelona;Getafe;5;2;1;1;0,1891;0,7434;0,0675
44824;2021-04-22;T20-21;SP1;Granada;Eibar;4;1;1;1;0,3032;0,5234;0,1734
44823;2021-04-22;T20-21;SP1;Ath Madrid;Huesca;2;0;1;1;0,1437;0,8381;0,0182
44825;2021-04-22;T20-21;SP1;Sociedad;Celta;2;1;1;1;0,2254;0,6995;0,0751
34838;2021-04-22;T20-21;I1;Roma;Atalanta;1;1;0;1;0,3407;0,4106;0,2487
16251;2021-04-22;T20-21;E0;Leicester;West Brom;3;0;1;1;0,1008;0,8849;0,0143
34839;2021-04-22;T20-21;I1;Napoli;Lazio;5;2;1;1;0,1526;0,7797;0,0677
6260;2021-04-23;T20-21;D1;Augsburg;FC Koln;2;3;2;1;0,2129;0,6891;0,098
16252;2021-04-23;T20-21;E0;Arsenal;Everton;0;1;2;1;0,2807;0,3733;0,3461
26441;2021-04-23;T20-21;F1;Reims;Marseille;1;3;2;2;0,2389;0,1409;0,6202
56747;2021-04-23;T20-21;SP2;Zaragoza;Sp Gijon;0;0;0;2;0,276;0,1654;0,5586
34842;2021-04-24;T20-21;I1;Sassuolo;Sampdoria;1;0;1;1;0,1833;0,737;0,0797
56750;2021-04-24;T20-21;SP2;Espanol;Las Palmas;4;0;1;1;0,2293;0,6374;0,1333
56749;2021-04-24;T20-21;SP2;Malaga;Fuenlabrada;0;1;2;2;0,2768;0,1949;0,5283
56751;2021-04-24;T20-21;SP2;Ponferradina;Lugo;2;0;1;1;0,2467;0,5734;0,1799
44830;2021-04-24;T20-21;SP1;Real Madrid;Betis;0;0;0;1;0,1554;0,79;0,0546
44829;2021-04-24;T20-21;SP1;Valencia;Alaves;1;1;0;1;0,352;0,3641;0,2839
44828;2021-04-24;T20-21;SP1;Valladolid;Cadiz;1;1;0;1;0,3859;0,4059;0,2082
44827;2021-04-24;T20-21;SP1;Elche;Levante;1;0;1;1;0,2314;0,681;0,0876
34841;2021-04-24;T20-21;I1;Parma;Crotone;3;4;2;1;0,3397;0,4464;0,214
56748;2021-04-24;T20-21;SP2;Logrones;Cartagena;0;1;2;0;0,3661;0,349;0,2849
26442;2021-04-24;T20-21;F1;St Etienne;Brest;1;2;2;1;0,2473;0,645;0,1077
16255;2021-04-24;T20-21;E0;Sheffield United;Brighton;1;0;1;2;0,2791;0,1521;0,5689
16254;2021-04-24;T20-21;E0;West Ham;Chelsea;0;1;2;2;0,2952;0,288;0,4168
16253;2021-04-24;T20-21;E0;Liverpool;Newcastle;1;1;0;1;0,1201;0,8519;0,028
6265;2021-04-24;T20-21;D1;Leverkusen;Ein Frankfurt;3;1;1;1;0,2307;0,6353;0,134
6264;2021-04-24;T20-21;D1;Wolfsburg;Dortmund;0;2;2;2;0,2934;0,3417;0,3649
6263;2021-04-24;T20-21;D1;Union Berlin;Werder Bremen;3;1;1;1;0,1799;0,7375;0,0826
6262;2021-04-24;T20-21;D1;Mainz;Bayern Munich;2;1;1;2;0,1449;0,0503;0,8048
6261;2021-04-24;T20-21;D1;Freiburg;Hoffenheim;1;1;0;1;0,345;0,3493;0,3057
26443;2021-04-24;T20-21;F1;Metz;Paris SG;1;3;2;2;0,2605;0,2004;0,5391
34845;2021-04-25;T20-21;I1;Inter;Verona;1;0;1;1;0,1321;0,842;0,0259
34846;2021-04-25;T20-21;I1;Cagliari;Roma;3;2;1;1;0,2763;0,5155;0,2082
34847;2021-04-25;T20-21;I1;Atalanta;Bologna;5;0;1;1;0,1967;0,742;0,0613
44831;2021-04-25;T20-21;SP1;Huesca;Getafe;0;2;2;2;0,3045;0,2243;0,4712
44832;2021-04-25;T20-21;SP1;Villarreal;Barcelona;1;2;2;1;0,2834;0,4281;0,2886
56753;2021-04-25;T20-21;SP2;Mirandes;Almeria;1;1;0;1;0,2982;0,3948;0,3071
44834;2021-04-25;T20-21;SP1;Sevilla;Granada;2;1;1;1;0,2468;0,6947;0,0584
44835;2021-04-25;T20-21;SP1;Ath Bilbao;Ath Madrid;2;1;1;2;0,2526;0,159;0,5884
56752;2021-04-25;T20-21;SP2;Oviedo;Girona;0;1;2;2;0,2574;0,1612;0,5815
56754;2021-04-25;T20-21;SP2;Alcorcon;Leganes;1;2;2;2;0,3144;0,249;0,4365
56755;2021-04-25;T20-21;SP2;Tenerife;Castellon;1;1;0;1;0,3589;0,3608;0,2803
44833;2021-04-25;T20-21;SP1;Celta;Osasuna;2;1;1;1;0,2976;0,59;0,1124
34844;2021-04-25;T20-21;I1;Fiorentina;Juventus;1;1;0;1;0,3211;0,3481;0,3308
26450;2021-04-25;T20-21;F1;Lyon;Lille;2;3;2;2;0,2908;0,3467;0,3625
26449;2021-04-25;T20-21;F1;Angers;Monaco;0;1;2;1;0,2776;0,5227;0,1997
6266;2021-04-25;T20-21;D1;RB Leipzig;Stuttgart;2;0;1;1;0,1482;0,7865;0,0653
34843;2021-04-25;T20-21;I1;Benevento;Udinese;2;4;2;1;0,3192;0,4829;0,1979
16256;2021-04-25;T20-21;E0;Wolves;Burnley;0;4;2;1;0,2972;0,5265;0,1764
16257;2021-04-25;T20-21;E0;Leeds;Man United;0;0;0;1;0,2688;0,4373;0,2939
16258;2021-04-25;T20-21;E0;Aston Villa;West Brom;2;2;0;1;0,1141;0,8612;0,0247
6267;2021-04-25;T20-21;D1;M'gladbach;Bielefeld;5;0;1;1;0,1006;0,8813;0,0181
26445;2021-04-25;T20-21;F1;Lens;Nimes;2;1;1;1;0,2033;0,689;0,1077
26446;2021-04-25;T20-21;F1;Lorient;Bordeaux;4;1;1;1;0,2456;0,553;0,2014
26447;2021-04-25;T20-21;F1;Rennes;Dijon;5;1;1;1;0,1027;0,8798;0,0175
26448;2021-04-25;T20-21;F1;Strasbourg;Nantes;1;2;2;2;0,2759;0,215;0,509
26444;2021-04-25;T20-21;F1;Nice;Montpellier;3;1;1;1;0,243;0,6289;0,1281
34848;2021-04-26;T20-21;I1;Torino;Napoli;0;2;2;2;0,1727;0,0814;0,7459
34849;2021-04-26;T20-21;I1;Lazio;Milan;3;0;1;1;0,2661;0,5449;0,189
44836;2021-04-26;T20-21;SP1;Eibar;Sociedad;0;1;2;1;0,3188;0,3511;0,3301
56756;2021-04-26;T20-21;SP2;Vallecano;Albacete;2;2;0;1;0,262;0,5538;0,1842
56757;2021-04-26;T20-21;SP2;Sabadell;Mallorca;1;0;1;1;0,3001;0,3797;0,3202
44837;2021-04-28;T20-21;SP1;Ath Bilbao;Valladolid;2;2;0;1;0,2805;0,6248;0,0948
44838;2021-04-29;T20-21;SP1;Barcelona;Granada;1;2;2;1;0,2344;0,6637;0,1019
44839;2021-04-30;T20-21;SP1;Celta;Levante;2;0;1;1;0,19;0,7477;0,0623
56758;2021-04-30;T20-21;SP2;Lugo;Zaragoza;2;2;0;1;0,2119;0,7027;0,0854
16260;2021-04-30;T20-21;E0;Southampton;Leicester;1;1;0;2;0,2714;0,2564;0,4722
26451;2021-04-30;T20-21;F1;Marseille;Strasbourg;1;1;0;1;0,1937;0,7437;0,0626
56761;2021-05-01;T20-21;SP2;Mallorca;Mirandes;2;1;1;1;0,1927;0,7287;0,0786
56760;2021-05-01;T20-21;SP2;Almeria;Oviedo;2;2;0;1;0,2096;0,715;0,0754
44843;2021-05-01;T20-21;SP1;Real Madrid;Osasuna;2;0;1;1;0,0762;0,916;0,0079
44842;2021-05-01;T20-21;SP1;Huesca;Sociedad;1;0;1;2;0,2679;0,131;0,6011
44841;2021-05-01;T20-21;SP1;Elche;Ath Madrid;0;1;2;2;0,1288;0,0366;0,8346
44840;2021-05-01;T20-21;SP1;Eibar;Alaves;3;0;1;1;0,2095;0,72;0,0705
34852;2021-05-01;T20-21;I1;Milan;Benevento;2;0;1;1;0,0594;0,9261;0,0145
56759;2021-05-01;T20-21;SP2;Girona;Tenerife;1;0;1;1;0,2225;0,7272;0,0503
26453;2021-05-01;T20-21;F1;Lille;Nice;2;0;1;1;0,2593;0,6766;0,0641
26452;2021-05-01;T20-21;F1;Paris SG;Lens;2;1;1;1;0,1664;0,7874;0,0462
16264;2021-05-01;T20-21;E0;Everton;Aston Villa;1;2;2;2;0,2602;0,2214;0,5184
16263;2021-05-01;T20-21;E0;Chelsea;Fulham;2;0;1;1;0,135;0,844;0,0209
16262;2021-05-01;T20-21;E0;Brighton;Leeds;2;0;1;2;0,3143;0,2008;0,4849
16261;2021-05-01;T20-21;E0;Crystal Palace;Man City;0;2;2;2;0,3302;0,2625;0,4073
34851;2021-05-01;T20-21;I1;Crotone;Inter;0;2;2;2;0,2045;0,0944;0,7011
34858;2021-05-02;T20-21;I1;Sampdoria;Roma;2;0;1;1;0,3165;0,3497;0,3338
44844;2021-05-02;T20-21;SP1;Valladolid;Betis;1;1;0;1;0,3628;0,398;0,2392
44845;2021-05-02;T20-21;SP1;Villarreal;Getafe;1;0;1;1;0,2253;0,6934;0,0813
44846;2021-05-02;T20-21;SP1;Granada;Cadiz;0;1;2;1;0,3014;0,5734;0,1252
44847;2021-05-02;T20-21;SP1;Valencia;Barcelona;2;3;2;2;0,3052;0,2481;0,4467
56764;2021-05-02;T20-21;SP2;Castellon;Logrones;0;0;0;2;0,3189;0,1603;0,5208
56763;2021-05-02;T20-21;SP2;Espanol;Malaga;3;0;1;1;0,2105;0,7246;0,0649
56765;2021-05-02;T20-21;SP2;Leganes;Sp Gijon;0;0;0;2;0,3309;0,2707;0,3984
56766;2021-05-02;T20-21;SP2;Las Palmas;Ponferradina;2;0;1;1;0,3159;0,4911;0,193
34857;2021-05-02;T20-21;I1;Udinese;Juventus;1;2;2;2;0,2379;0,0802;0,6819
56762;2021-05-02;T20-21;SP2;Fuenlabrada;Cartagena;2;1;1;1;0,3273;0,5466;0,1261
34856;2021-05-02;T20-21;I1;Sassuolo;Atalanta;1;1;0;1;0,2231;0,7018;0,0751
26456;2021-05-02;T20-21;F1;Dijon;Metz;1;5;2;2;0,1428;0,0494;0,8078
34854;2021-05-02;T20-21;I1;Bologna;Fiorentina;3;3;0;0;0,3669;0,3574;0,2757
34853;2021-05-02;T20-21;I1;Lazio;Genoa;4;3;1;1;0,1493;0,8293;0,0213
26460;2021-05-02;T20-21;F1;Monaco;Lyon;2;3;2;2;0,1729;0,1042;0,7229
26459;2021-05-02;T20-21;F1;Montpellier;St Etienne;1;2;2;1;0,3231;0,4777;0,1992
26458;2021-05-02;T20-21;F1;Nimes;Reims;2;2;0;1;0,2879;0,5336;0,1785
26457;2021-05-02;T20-21;F1;Lorient;Angers;2;0;1;2;0,3068;0,2877;0,4055
26455;2021-05-02;T20-21;F1;Brest;Nantes;1;4;2;0;0,3535;0,3381;0,3084
26454;2021-05-02;T20-21;F1;Bordeaux;Rennes;1;0;1;1;0,2659;0,5733;0,1608
16266;2021-05-02;T20-21;E0;Tottenham;Sheffield United;4;0;1;1;0,0912;0,8993;0,0095
16265;2021-05-02;T20-21;E0;Newcastle;Arsenal;0;2;2;2;0,3255;0,3357;0,3388
34855;2021-05-02;T20-21;I1;Napoli;Cagliari;1;1;0;1;0,1654;0,804;0,0307
56767;2021-05-03;T20-21;SP2;Sabadell;Vallecano;2;0;1;2;0,3132;0,2176;0,4691
56768;2021-05-03;T20-21;SP2;Albacete;Alcorcon;0;1;2;1;0,3205;0,5228;0,1567
44848;2021-05-03;T20-21;SP1;Sevilla;Ath Bilbao;0;1;2;1;0,3466;0,3758;0,2777
34859;2021-05-03;T20-21;I1;Torino;Parma;1;0;1;1;0,3439;0,4249;0,2312
16268;2021-05-03;T20-21;E0;Burnley;West Ham;1;2;2;2;0,2342;0,1231;0,6427
16267;2021-05-03;T20-21;E0;West Brom;Wolves;1;1;0;2;0,295;0,2149;0,4901
6269;2021-05-06;T20-21;D1;Hertha;Freiburg;3;0;1;1;0,2848;0,5566;0,1586
6270;2021-05-07;T20-21;D1;Stuttgart;Augsburg;2;1;1;1;0,2426;0,563;0,1944
16269;2021-05-07;T20-21;E0;Leicester;Newcastle;2;4;2;1;0,1393;0,8124;0,0484
26461;2021-05-07;T20-21;F1;Lens;Lille;0;3;2;2;0,2776;0,2691;0,4534
44849;2021-05-07;T20-21;SP1;Sociedad;Elche;2;0;1;1;0,1593;0,7871;0,0536
56769;2021-05-07;T20-21;SP2;Tenerife;Almeria;0;1;2;2;0,2464;0,161;0,5926
44850;2021-05-08;T20-21;SP1;Alaves;Levante;2;2;0;1;0,1993;0,7247;0,0759
44851;2021-05-08;T20-21;SP1;Barcelona;Ath Madrid;0;0;0;1;0,2796;0,4081;0,3123
44852;2021-05-08;T20-21;SP1;Cadiz;Huesca;2;1;1;1;0,255;0,6656;0,0793
44853;2021-05-08;T20-21;SP1;Ath Bilbao;Osasuna;2;2;0;1;0,2973;0,5865;0,1163
56773;2021-05-08;T20-21;SP2;Malaga;Mallorca;1;1;0;2;0,2804;0,2773;0,4423
56771;2021-05-08;T20-21;SP2;Zaragoza;Espanol;0;0;0;2;0,3126;0,2182;0,4692
56772;2021-05-08;T20-21;SP2;Alcorcon;Las Palmas;0;0;0;1;0,3109;0,4004;0,2888
34862;2021-05-08;T20-21;I1;Inter;Sampdoria;5;1;1;1;0,1821;0,7634;0,0545
56770;2021-05-08;T20-21;SP2;Ponferradina;Albacete;0;1;2;1;0,2985;0,483;0,2185
34861;2021-05-08;T20-21;I1;Udinese;Bologna;1;1;0;1;0,3131;0,4881;0,1989
34863;2021-05-08;T20-21;I1;Fiorentina;Lazio;2;0;1;2;0,307;0,3367;0,3564
26463;2021-05-08;T20-21;F1;Lyon;Lorient;4;1;1;1;0,1525;0,7783;0,0692
26462;2021-05-08;T20-21;F1;Nantes;Bordeaux;3;0;1;1;0,2663;0,5467;0,187
16273;2021-05-08;T20-21;E0;Liverpool;Southampton;2;0;1;1;0,2129;0,6608;0,1263
16272;2021-05-08;T20-21;E0;Man City;Chelsea;1;2;2;1;0,249;0,5057;0,2453
16271;2021-05-08;T20-21;E0;Sheffield United;Crystal Palace;0;2;2;2;0,1863;0,0825;0,7312
16270;2021-05-08;T20-21;E0;Leeds;Tottenham;3;1;1;2;0,276;0,2543;0,4697
6275;2021-05-08;T20-21;D1;Bayern Munich;M'gladbach;6;0;1;1;0,1407;0,7875;0,0719
6274;2021-05-08;T20-21;D1;Wolfsburg;Union Berlin;3;0;1;1;0,2362;0,6404;0,1235
6273;2021-05-08;T20-21;D1;Werder Bremen;Leverkusen;0;0;0;2;0,2586;0,1651;0,5764
6271;2021-05-08;T20-21;D1;Dortmund;RB Leipzig;3;2;1;1;0,2824;0,4049;0,3126
34860;2021-05-08;T20-21;I1;Spezia;Napoli;1;4;2;2;0,1431;0,0605;0,7963
34867;2021-05-09;T20-21;I1;Verona;Torino;1;1;0;1;0,2535;0,6468;0,0997
34868;2021-05-09;T20-21;I1;Roma;Crotone;5;0;1;1;0,0877;0,8891;0,0232
56777;2021-05-09;T20-21;SP2;Logrones;Girona;1;4;2;1;0,3336;0,3367;0,3297
34869;2021-05-09;T20-21;I1;Juventus;Milan;0;3;2;1;0,296;0,4001;0,3039
44854;2021-05-09;T20-21;SP1;Getafe;Eibar;0;1;2;1;0,3334;0,4706;0,1959
56776;2021-05-09;T20-21;SP2;Cartagena;Castellon;1;0;1;1;0,1969;0,7285;0,0746
44856;2021-05-09;T20-21;SP1;Villarreal;Celta;2;4;2;1;0,2123;0,7072;0,0805
44857;2021-05-09;T20-21;SP1;Real Madrid;Sevilla;2;2;0;1;0,2087;0,7023;0,089
56774;2021-05-09;T20-21;SP2;Mirandes;Fuenlabrada;2;1;1;1;0,273;0,5258;0,2012
56775;2021-05-09;T20-21;SP2;Oviedo;Sabadell;2;1;1;1;0,2529;0,6338;0,1133
34866;2021-05-09;T20-21;I1;Parma;Atalanta;2;5;2;2;0,2421;0,1185;0,6393
44855;2021-05-09;T20-21;SP1;Valencia;Valladolid;3;0;1;1;0,1889;0,7427;0,0684
34865;2021-05-09;T20-21;I1;Benevento;Cagliari;1;3;2;2;0,3063;0,2824;0,4114
26466;2021-05-09;T20-21;F1;Metz;Nimes;0;3;2;1;0,2759;0,5567;0,1674
26470;2021-05-09;T20-21;F1;Rennes;Paris SG;1;1;0;2;0,2774;0,2543;0,4682
26469;2021-05-09;T20-21;F1;Reims;Monaco;0;1;2;2;0,2797;0,1904;0,5299
26468;2021-05-09;T20-21;F1;Strasbourg;Montpellier;2;3;2;2;0,2544;0,2081;0,5374
26467;2021-05-09;T20-21;F1;Nice;Brest;3;2;1;1;0,1813;0,7407;0,078
26465;2021-05-09;T20-21;F1;Angers;Dijon;3;0;1;1;0,1792;0,742;0,0788
26464;2021-05-09;T20-21;F1;St Etienne;Marseille;1;0;1;2;0,3275;0,3243;0,3482
16277;2021-05-09;T20-21;E0;Arsenal;West Brom;3;1;1;1;0,1073;0,8701;0,0225
16276;2021-05-09;T20-21;E0;West Ham;Everton;0;1;2;2;0,2897;0,3431;0,3672
16275;2021-05-09;T20-21;E0;Aston Villa;Man United;1;3;2;1;0,2502;0,5695;0,1803
16274;2021-05-09;T20-21;E0;Wolves;Brighton;2;1;1;1;0,184;0,7571;0,0589
6278;2021-05-09;T20-21;D1;Hertha;Bielefeld;0;0;0;1;0,174;0,7643;0,0617
6277;2021-05-09;T20-21;D1;Ein Frankfurt;Mainz;1;1;0;1;0,2052;0,7253;0,0695
34864;2021-05-09;T20-21;I1;Genoa;Sassuolo;1;2;2;2;0,2514;0,1451;0,6035
56779;2021-05-10;T20-21;SP2;Sp Gijon;Lugo;1;0;1;1;0,2489;0,5924;0,1587
56778;2021-05-10;T20-21;SP2;Vallecano;Leganes;1;1;0;1;0,2903;0,393;0,3166
16278;2021-05-10;T20-21;E0;Fulham;Burnley;0;2;2;2;0,2799;0,2034;0,5168
44858;2021-05-10;T20-21;SP1;Betis;Granada;2;1;1;1;0,1533;0,7929;0,0539
16280;2021-05-11;T20-21;E0;Southampton;Crystal Palace;3;1;1;1;0,2076;0,6759;0,1165
34870;2021-05-11;T20-21;I1;Napoli;Udinese;5;1;1;1;0,0888;0,8928;0,0184
44859;2021-05-11;T20-21;SP1;Osasuna;Cadiz;3;2;1;1;0,2663;0,6163;0,1174
44860;2021-05-11;T20-21;SP1;Elche;Alaves;0;2;2;1;0,2516;0,6174;0,131
44861;2021-05-11;T20-21;SP1;Levante;Barcelona;3;3;0;2;0,1834;0,0833;0,7334
34878;2021-05-12;T20-21;I1;Torino;Milan;0;7;2;2;0,2273;0,1399;0,6328
44865;2021-05-12;T20-21;SP1;Ath Madrid;Sociedad;2;1;1;1;0,2279;0,6769;0,0952
44864;2021-05-12;T20-21;SP1;Huesca;Ath Bilbao;1;0;1;1;0,3401;0,4257;0,2342
44863;2021-05-12;T20-21;SP1;Celta;Getafe;1;0;1;1;0,3281;0,4108;0,2611
44862;2021-05-12;T20-21;SP1;Sevilla;Valencia;1;0;1;1;0,2684;0,6116;0,1201
34877;2021-05-12;T20-21;I1;Sassuolo;Juventus;1;3;2;1;0,2681;0,4405;0,2914
34871;2021-05-12;T20-21;I1;Cagliari;Fiorentina;0;0;0;1;0,2788;0,5732;0,148
34875;2021-05-12;T20-21;I1;Lazio;Parma;1;0;1;1;0,0838;0,8983;0,018
34874;2021-05-12;T20-21;I1;Inter;Roma;3;1;1;1;0,2715;0,5391;0,1894
34873;2021-05-12;T20-21;I1;Bologna;Genoa;0;2;2;1;0,2831;0,5515;0,1653
34872;2021-05-12;T20-21;I1;Atalanta;Benevento;2;0;1;1;0,1057;0,8637;0,0307
6279;2021-05-12;T20-21;D1;Schalke 04;Hertha;1;2;2;2;0,3089;0,1733;0,5178
34876;2021-05-12;T20-21;I1;Sampdoria;Spezia;2;2;0;1;0,2251;0,676;0,0989
44866;2021-05-13;T20-21;SP1;Valladolid;Villarreal;0;2;2;2;0,2447;0,1033;0,652
44867;2021-05-13;T20-21;SP1;Eibar;Betis;1;1;0;1;0,2907;0,5209;0,1884
44868;2021-05-13;T20-21;SP1;Granada;Real Madrid;1;4;2;2;0,2337;0,1429;0,6235
44871;2021-05-16;T20-21;SP1;Ath Madrid;Osasuna;2;1;1;1;0,0737;0,9166;0,0097
44872;2021-05-16;T20-21;SP1;Barcelona;Celta;1;2;2;1;0,1434;0,8266;0,03
44873;2021-05-16;T20-21;SP1;Betis;Huesca;1;0;1;1;0,2041;0,7336;0,0624
44874;2021-05-16;T20-21;SP1;Cadiz;Elche;1;3;2;2;0,3406;0,2591;0,4003
44878;2021-05-16;T20-21;SP1;Villarreal;Sevilla;4;0;1;1;0,246;0,5911;0,1629
44876;2021-05-16;T20-21;SP1;Sociedad;Valladolid;4;1;1;1;0,1275;0,8397;0,0327
44877;2021-05-16;T20-21;SP1;Valencia;Eibar;4;1;1;1;0,2802;0,5854;0,1344
44870;2021-05-16;T20-21;SP1;Ath Bilbao;Real Madrid;0;1;2;2;0,2443;0,146;0,6097
44875;2021-05-16;T20-21;SP1;Getafe;Levante;2;1;1;1;0,1722;0,7765;0,0513
44869;2021-05-16;T20-21;SP1;Alaves;Granada;4;2;1;1;0,2838;0,5396;0,1765
26471;2021-05-16;T20-21;F1;Bordeaux;Lens;3;0;1;1;0,2561;0,5339;0,21
26479;2021-05-16;T20-21;F1;Nimes;Lyon;2;5;2;2;0,2434;0,181;0,5756
26478;2021-05-16;T20-21;F1;Nice;Strasbourg;0;2;2;1;0,2665;0,5826;0,1508
26477;2021-05-16;T20-21;F1;Montpellier;Brest;0;0;0;1;0,2175;0,6727;0,1098
26476;2021-05-16;T20-21;F1;Monaco;Rennes;2;1;1;2;0,3039;0,3414;0,3546
26475;2021-05-16;T20-21;F1;Marseille;Angers;3;2;1;1;0,1955;0,7003;0,1042
26474;2021-05-16;T20-21;F1;Lorient;Metz;2;1;1;1;0,2813;0,4038;0,3149
26473;2021-05-16;T20-21;F1;Lille;St Etienne;0;0;0;1;0,1946;0,7566;0,0488
26472;2021-05-16;T20-21;F1;Dijon;Nantes;0;4;2;2;0,2706;0,1502;0,5792
26480;2021-05-16;T20-21;F1;Paris SG;Reims;4;0;1;1;0,085;0,8898;0,0252
44879;2021-05-21;T20-21;SP1;Levante;Cadiz;2;2;0;0;0,3673;0,3618;0,2708
44886;2021-05-22;T20-21;SP1;Valladolid;Ath Madrid;1;2;2;2;0,1212;0,0383;0,8405
44885;2021-05-22;T20-21;SP1;Real Madrid;Villarreal;2;1;1;1;0,2187;0,6909;0,0904
44883;2021-05-22;T20-21;SP1;Huesca;Valencia;0;0;0;2;0,3505;0,2532;0,3963
44884;2021-05-22;T20-21;SP1;Osasuna;Sociedad;0;1;2;2;0,2322;0,1089;0,6589
44881;2021-05-22;T20-21;SP1;Eibar;Barcelona;0;1;2;2;0,2406;0,1537;0,6058
44880;2021-05-22;T20-21;SP1;Celta;Betis;2;3;2;2;0,3013;0,2179;0,4808
44882;2021-05-22;T20-21;SP1;Elche;Ath Bilbao;2;0;1;1;0,2862;0,5506;0,1631
44887;2021-05-23;T20-21;SP1;Granada;Getafe;0;0;0;2;0,3245;0,272;0,4035
26481;2021-05-23;T20-21;F1;Angers;Lille;1;2;2;2;0,3114;0,2957;0,3929
26482;2021-05-23;T20-21;F1;Brest;Paris SG;0;2;2;2;0,1853;0,0944;0,7203
26483;2021-05-23;T20-21;F1;Lens;Monaco;0;0;0;1;0,2092;0,6561;0,1347
26484;2021-05-23;T20-21;F1;Lyon;Nice;2;3;2;1;0,2176;0,656;0,1264
26485;2021-05-23;T20-21;F1;Metz;Marseille;1;1;0;1;0,2783;0,4079;0,3138
26486;2021-05-23;T20-21;F1;Nantes;Montpellier;1;2;2;1;0,3278;0,3616;0,3107
26487;2021-05-23;T20-21;F1;Reims;Bordeaux;1;2;2;2;0,2703;0,1996;0,5301
26488;2021-05-23;T20-21;F1;Rennes;Nimes;2;0;1;1;0,1656;0,7701;0,0643
26489;2021-05-23;T20-21;F1;St Etienne;Dijon;0;1;2;1;0,2795;0,5473;0,1731
26490;2021-05-23;T20-21;F1;Strasbourg;Lorient;1;1;0;1;0,3289;0,357;0,3141
44888;2021-05-23;T20-21;SP1;Sevilla;Alaves;1;0;1;1;0,1764;0,789;0,0345
