match;Date;season;Div;HomeTeam;AwayTeam;FTHG;FTAG;label;prediction;draw;home;away
15751;2020-01-01;T19-20;E0;Brighton;Chelsea;1;1;0;2;0,261;0,285;0,454
15758;2020-01-01;T19-20;E0;West Ham;Bournemouth;4;0;1;1;0,2999;0,421;0,2791
15757;2020-01-01;T19-20;E0;Norwich;Crystal Palace;1;1;0;1;0,2968;0,4269;0,2763
15756;2020-01-01;T19-20;E0;Man City;Everton;2;1;1;1;0,1318;0,7981;0,0701
15759;2020-01-01;T19-20;E0;Arsenal;Man United;2;0;1;1;0,2694;0,4592;0,2714
15754;2020-01-01;T19-20;E0;Southampton;Tottenham;1;0;1;2;0,268;0,3054;0,4265
15753;2020-01-01;T19-20;E0;Newcastle;Leicester;0;3;2;2;0,2403;0,2339;0,5259
15752;2020-01-01;T19-20;E0;Burnley;Aston Villa;1;2;2;1;0,2916;0,4613;0,247
15755;2020-01-01;T19-20;E0;Watford;Wolves;2;1;1;2;0,2931;0,3406;0,3664
15760;2020-01-02;T19-20;E0;Liverpool;Sheffield United;2;0;1;1;0,1543;0,7521;0,0937
44309;2020-01-03;T19-20;SP1;Valladolid;Leganes;2;2;0;1;0,2966;0,4504;0,253
44310;2020-01-03;T19-20;SP1;Sevilla;Ath Bilbao;1;1;0;1;0,253;0,5642;0,1827
56130;2020-01-03;T19-20;SP2;Extremadura;Alcorcon;0;0;0;1;0,2993;0,4383;0,2624
56133;2020-01-04;T19-20;SP2;Lugo;Almeria;0;4;2;1;0,3063;0,4043;0,2894
56136;2020-01-04;T19-20;SP2;Mirandes;Santander;0;0;0;1;0,2711;0,5192;0,2097
56135;2020-01-04;T19-20;SP2;Elche;Huesca;1;1;0;1;0,2957;0,3554;0,3489
56134;2020-01-04;T19-20;SP2;Tenerife;Albacete;4;2;1;1;0,2993;0,4303;0,2704
56132;2020-01-04;T19-20;SP2;Ponferradina;Cadiz;0;0;0;1;0,2924;0,4402;0,2674
56131;2020-01-04;T19-20;SP2;Fuenlabrada;Las Palmas;0;0;0;1;0,2802;0,4936;0,2262
44314;2020-01-04;T19-20;SP1;Espanol;Barcelona;2;2;0;2;0,2316;0,181;0,5875
44313;2020-01-04;T19-20;SP1;Ath Madrid;Levante;2;1;1;1;0,2529;0,5621;0,185
44312;2020-01-04;T19-20;SP1;Getafe;Real Madrid;0;3;2;2;0,2571;0,2702;0,4727
44311;2020-01-04;T19-20;SP1;Valencia;Eibar;1;0;1;1;0,2384;0,5883;0,1733
34312;2020-01-05;T19-20;I1;Genoa;Sassuolo;2;1;1;1;0,3134;0,3928;0,2938
44316;2020-01-05;T19-20;SP1;Sociedad;Villarreal;1;2;2;1;0,2652;0,5078;0,227
44317;2020-01-05;T19-20;SP1;Alaves;Betis;1;1;0;1;0,3081;0,4213;0,2706
44318;2020-01-05;T19-20;SP1;Celta;Osasuna;1;1;0;1;0,3067;0,425;0,2682
56138;2020-01-05;T19-20;SP2;Vallecano;Girona;1;0;1;1;0,2705;0,5162;0,2132
56139;2020-01-05;T19-20;SP2;Oviedo;Malaga;1;1;0;1;0,2949;0,4355;0,2696
34315;2020-01-06;T19-20;I1;Atalanta;Parma;5;0;1;1;0,1548;0,7532;0,092
15761;2020-01-10;T19-20;E0;Sheffield United;West Ham;1;0;1;1;0,2817;0,5008;0,2175
34322;2020-01-11;T19-20;I1;Inter;Atalanta;1;1;0;1;0,2537;0,3775;0,3689
34321;2020-01-11;T19-20;I1;Lazio;Napoli;1;0;1;1;0,2531;0,4474;0,2995
34320;2020-01-11;T19-20;I1;Cagliari;Milan;0;2;2;1;0,2947;0,4217;0,2835
15768;2020-01-11;T19-20;E0;Tottenham;Liverpool;0;1;2;2;0,2296;0,3645;0,406
15767;2020-01-11;T19-20;E0;Wolves;Newcastle;1;1;0;1;0,2147;0,6599;0,1253
15765;2020-01-11;T19-20;E0;Leicester;Southampton;1;2;2;1;0,167;0,7477;0,0853
15764;2020-01-11;T19-20;E0;Everton;Brighton;1;0;1;1;0,2298;0,6266;0,1437
15763;2020-01-11;T19-20;E0;Chelsea;Burnley;3;0;1;1;0,1983;0,6897;0,1121
15762;2020-01-11;T19-20;E0;Crystal Palace;Arsenal;1;1;0;2;0,2648;0,3259;0,4093
15766;2020-01-11;T19-20;E0;Man United;Norwich;4;0;1;1;0,2069;0,6864;0,1066
34326;2020-01-12;T19-20;I1;Torino;Bologna;1;0;1;1;0,2727;0,5105;0,2167
15769;2020-01-12;T19-20;E0;Bournemouth;Watford;0;3;2;1;0,2931;0,4283;0,2786
15770;2020-01-12;T19-20;E0;Aston Villa;Man City;1;6;2;2;0,1767;0,111;0,7123
34323;2020-01-12;T19-20;I1;Udinese;Sassuolo;3;0;1;1;0,3149;0,3933;0,2918
34324;2020-01-12;T19-20;I1;Fiorentina;Spal;1;0;1;1;0,2622;0,5483;0,1895
34325;2020-01-12;T19-20;I1;Sampdoria;Brescia;5;1;1;1;0,2663;0,5404;0,1933
34327;2020-01-12;T19-20;I1;Verona;Genoa;2;1;1;1;0,3012;0,439;0,2598
34328;2020-01-12;T19-20;I1;Roma;Juventus;1;2;2;1;0,2433;0,464;0,2927
34329;2020-01-13;T19-20;I1;Parma;Lecce;2;0;1;1;0,2875;0,4743;0,2382
56144;2020-01-14;T19-20;SP2;Las Palmas;Zaragoza;0;1;2;1;0,2883;0,396;0,3157
56143;2020-01-14;T19-20;SP2;Malaga;Ponferradina;1;0;1;1;0,2917;0,472;0,2363
56141;2020-01-14;T19-20;SP2;Albacete;Fuenlabrada;1;1;0;1;0,301;0,4483;0,2508
56142;2020-01-14;T19-20;SP2;Sp Gijon;Elche;1;0;1;1;0,2891;0,4819;0,229
56148;2020-01-15;T19-20;SP2;Cadiz;Mirandes;3;3;0;1;0,2443;0,5886;0,1671
56147;2020-01-15;T19-20;SP2;Vallecano;Lugo;1;0;1;1;0,2494;0,573;0,1776
56146;2020-01-15;T19-20;SP2;Huesca;Tenerife;2;1;1;1;0,276;0,5119;0,2121
26029;2020-01-15;T19-20;F1;Amiens;Reims;1;1;0;2;0,2896;0,3328;0,3777
26031;2020-01-15;T19-20;F1;Monaco;Paris SG;1;4;2;2;0,2057;0,3144;0,4799
26030;2020-01-15;T19-20;F1;Nimes;Rennes;0;1;2;1;0,2845;0,4508;0,2647
56145;2020-01-15;T19-20;SP2;Alcorcon;Numancia;2;2;0;1;0,2978;0,4593;0,2429
56149;2020-01-16;T19-20;SP2;La Coruna;Santander;2;1;1;1;0,2872;0,4923;0,2205
56150;2020-01-16;T19-20;SP2;Girona;Extremadura;3;1;1;1;0,2729;0,5182;0,2089
56151;2020-01-16;T19-20;SP2;Almeria;Oviedo;2;0;1;1;0,2109;0,6583;0,1308
44319;2020-01-17;T19-20;SP1;Leganes;Getafe;0;3;2;1;0,3083;0,4014;0,2903
56152;2020-01-17;T19-20;SP2;Fuenlabrada;Malaga;0;0;0;1;0,2933;0,4387;0,268
44321;2020-01-18;T19-20;SP1;Real Madrid;Sevilla;2;1;1;1;0,1872;0,6893;0,1235
44320;2020-01-18;T19-20;SP1;Levante;Alaves;0;1;2;1;0,2702;0,5149;0,2149
44322;2020-01-18;T19-20;SP1;Osasuna;Valladolid;0;0;0;1;0,2517;0,5683;0,18
34332;2020-01-18;T19-20;I1;Napoli;Fiorentina;0;2;2;1;0,1962;0,685;0,1187
56154;2020-01-18;T19-20;SP2;Lugo;Albacete;1;0;1;1;0,3;0,429;0,271
56155;2020-01-18;T19-20;SP2;Ponferradina;Vallecano;1;1;0;1;0,2912;0,3823;0,3266
44323;2020-01-18;T19-20;SP1;Eibar;Ath Madrid;2;0;1;2;0,2835;0,33;0,3865
34331;2020-01-18;T19-20;I1;Sassuolo;Torino;2;1;1;1;0,2947;0,4033;0,3019
56153;2020-01-18;T19-20;SP2;Numancia;Sp Gijon;2;0;1;1;0,2795;0,5054;0,2151
15778;2020-01-18;T19-20;E0;Newcastle;Chelsea;1;0;1;2;0,2649;0,2611;0,474
15772;2020-01-18;T19-20;E0;Arsenal;Sheffield United;1;1;0;1;0,2468;0,575;0,1781
34330;2020-01-18;T19-20;I1;Lazio;Sampdoria;5;1;1;1;0,1843;0,7066;0,1092
15773;2020-01-18;T19-20;E0;Brighton;Aston Villa;1;1;0;1;0,3018;0,4459;0,2523
15771;2020-01-18;T19-20;E0;Watford;Tottenham;0;0;0;2;0,2739;0,2894;0,4367
15775;2020-01-18;T19-20;E0;Norwich;Bournemouth;1;0;1;1;0,3063;0,3838;0,3098
15776;2020-01-18;T19-20;E0;Southampton;Wolves;2;3;2;1;0,291;0,431;0,278
15777;2020-01-18;T19-20;E0;West Ham;Everton;1;1;0;2;0,2858;0,3499;0,3644
15774;2020-01-18;T19-20;E0;Man City;Crystal Palace;2;2;0;1;0,1431;0,7707;0,0862
44326;2020-01-19;T19-20;SP1;Villarreal;Espanol;1;2;2;1;0,2407;0,5836;0,1757
56161;2020-01-19;T19-20;SP2;Tenerife;Girona;1;0;1;1;0,3035;0,4109;0,2855
56160;2020-01-19;T19-20;SP2;Extremadura;Almeria;1;2;2;1;0,3042;0,4429;0,2529
56159;2020-01-19;T19-20;SP2;Santander;Las Palmas;1;1;0;1;0,2906;0,3687;0,3406
56158;2020-01-19;T19-20;SP2;Oviedo;Huesca;1;1;0;1;0,305;0,4021;0,2929
56156;2020-01-19;T19-20;SP2;Elche;Alcorcon;1;1;0;1;0,2659;0,5356;0,1985
44328;2020-01-19;T19-20;SP1;Barcelona;Granada;1;0;1;1;0,1566;0,7493;0,0941
44325;2020-01-19;T19-20;SP1;Betis;Sociedad;3;0;1;1;0,2967;0,4229;0,2804
56157;2020-01-19;T19-20;SP2;La Coruna;Cadiz;1;0;1;1;0,3101;0,3894;0,3005
34338;2020-01-19;T19-20;I1;Juventus;Parma;2;1;1;1;0,1841;0,7045;0,1115
34337;2020-01-19;T19-20;I1;Genoa;Roma;1;3;2;2;0,2116;0,1799;0,6085
34336;2020-01-19;T19-20;I1;Lecce;Inter;1;1;0;2;0,2046;0,1827;0,6126
34335;2020-01-19;T19-20;I1;Brescia;Cagliari;2;2;0;2;0,3044;0,3462;0,3493
34334;2020-01-19;T19-20;I1;Bologna;Verona;1;1;0;1;0,1933;0,6918;0,115
34333;2020-01-19;T19-20;I1;Milan;Udinese;3;2;1;1;0,2214;0,6478;0,1308
15780;2020-01-19;T19-20;E0;Liverpool;Man United;2;0;1;1;0,213;0,6116;0,1754
15779;2020-01-19;T19-20;E0;Burnley;Leicester;2;1;1;2;0,2381;0,2293;0,5325
44324;2020-01-19;T19-20;SP1;Mallorca;Valencia;4;1;1;1;0,3149;0,393;0,2921
34339;2020-01-20;T19-20;I1;Atalanta;Spal;1;2;2;1;0,1329;0,799;0,068
15786;2020-01-21;T19-20;E0;Chelsea;Arsenal;2;2;0;1;0,2084;0,5937;0,1979
15785;2020-01-21;T19-20;E0;Sheffield United;Man City;0;1;2;2;0,2182;0,1651;0,6167
15784;2020-01-21;T19-20;E0;Everton;Newcastle;2;2;0;1;0,2332;0,623;0,1437
15782;2020-01-21;T19-20;E0;Bournemouth;Brighton;3;1;1;1;0,2926;0,4336;0,2738
15781;2020-01-21;T19-20;E0;Aston Villa;Watford;2;1;1;1;0,2854;0,4475;0,2672
15783;2020-01-21;T19-20;E0;Crystal Palace;Southampton;0;2;2;1;0,2753;0,5081;0,2165
15787;2020-01-22;T19-20;E0;Leicester;West Ham;4;1;1;1;0,1968;0,6787;0,1245
15788;2020-01-22;T19-20;E0;Tottenham;Norwich;2;1;1;1;0,2003;0,6986;0,1011
15789;2020-01-22;T19-20;E0;Man United;Burnley;0;2;2;1;0,2169;0,657;0,1261
15790;2020-01-23;T19-20;E0;Wolves;Liverpool;1;2;2;2;0,2387;0,2151;0,5462
34340;2020-01-24;T19-20;I1;Brescia;Milan;0;1;2;2;0,2567;0,2539;0,4893
44329;2020-01-24;T19-20;SP1;Osasuna;Levante;2;0;1;1;0,2845;0,4512;0,2643
56162;2020-01-24;T19-20;SP2;Cadiz;Santander;1;0;1;1;0,2576;0,554;0,1884
56163;2020-01-25;T19-20;SP2;Huesca;Lugo;2;1;1;1;0,2622;0,5479;0,1898
56165;2020-01-25;T19-20;SP2;Las Palmas;Tenerife;0;0;0;1;0,288;0,4827;0,2294
56164;2020-01-25;T19-20;SP2;Sp Gijon;Fuenlabrada;1;0;1;1;0,2907;0,4787;0,2307
56166;2020-01-25;T19-20;SP2;Zaragoza;Numancia;1;0;1;1;0,2665;0,5295;0,204
44333;2020-01-25;T19-20;SP1;Sevilla;Granada;2;0;1;1;0,2538;0,5571;0,1891
34343;2020-01-25;T19-20;I1;Torino;Atalanta;0;7;2;2;0,2555;0,2724;0,4721
44331;2020-01-25;T19-20;SP1;Valencia;Barcelona;2;0;1;2;0,2316;0,2279;0,5405
44330;2020-01-25;T19-20;SP1;Espanol;Ath Bilbao;1;1;0;2;0,2817;0,3463;0,372
34342;2020-01-25;T19-20;I1;Fiorentina;Genoa;0;0;0;1;0,2655;0,5408;0,1937
34341;2020-01-25;T19-20;I1;Spal;Bologna;1;3;2;1;0,3079;0,4119;0,2801
44332;2020-01-25;T19-20;SP1;Alaves;Villarreal;1;2;2;2;0,2772;0,2737;0,4491
56172;2020-01-26;T19-20;SP2;Girona;Oviedo;1;1;0;1;0,2813;0,4931;0,2255
56170;2020-01-26;T19-20;SP2;Alcorcon;Ponferradina;3;1;1;1;0,2978;0,4591;0,2431
56169;2020-01-26;T19-20;SP2;Almeria;Elche;0;2;2;1;0,2531;0,5549;0,192
56168;2020-01-26;T19-20;SP2;Albacete;La Coruna;0;1;2;1;0,2905;0,4804;0,2291
56167;2020-01-26;T19-20;SP2;Malaga;Mirandes;2;2;0;1;0,2957;0,4617;0,2426
44338;2020-01-26;T19-20;SP1;Valladolid;Real Madrid;0;1;2;2;0,25;0,2159;0,5342
44337;2020-01-26;T19-20;SP1;Sociedad;Mallorca;3;0;1;1;0,2641;0,5349;0,201
44336;2020-01-26;T19-20;SP1;Getafe;Betis;1;0;1;1;0,2364;0,6138;0,1498
56171;2020-01-26;T19-20;SP2;Vallecano;Extremadura;1;1;0;1;0,2533;0,5646;0,182
44334;2020-01-26;T19-20;SP1;Ath Madrid;Leganes;0;0;0;1;0,2175;0,6573;0,1252
34349;2020-01-26;T19-20;I1;Napoli;Juventus;2;1;1;1;0,2265;0,5147;0,2588
34348;2020-01-26;T19-20;I1;Roma;Lazio;1;1;0;1;0,2434;0,4903;0,2664
34347;2020-01-26;T19-20;I1;Verona;Lecce;3;0;1;1;0,2342;0,6382;0,1276
34346;2020-01-26;T19-20;I1;Sampdoria;Sassuolo;0;0;0;1;0,2991;0,434;0,2669
34345;2020-01-26;T19-20;I1;Parma;Udinese;2;0;1;1;0,3018;0,4338;0,2644
34344;2020-01-26;T19-20;I1;Inter;Cagliari;1;1;0;1;0,1823;0,7155;0,1022
44335;2020-01-26;T19-20;SP1;Celta;Eibar;0;0;0;1;0,3049;0,4118;0,2832
15791;2020-01-29;T19-20;E0;West Ham;Liverpool;0;2;2;2;0,2271;0,1752;0,5976
5857;2020-01-31;T19-20;D1;Hertha;Schalke 04;0;0;0;1;0,3073;0,4015;0,2912
26042;2020-01-31;T19-20;F1;Rennes;Nantes;3;2;1;1;0,2649;0,5336;0,2015
56173;2020-01-31;T19-20;SP2;Tenerife;Sp Gijon;2;1;1;1;0,3007;0,4229;0,2764
26047;2020-02-01;T19-20;F1;Nimes;Monaco;3;1;1;2;0,2633;0,3191;0,4176
26046;2020-02-01;T19-20;F1;Dijon;Brest;3;0;1;1;0,3066;0,4361;0,2573
26048;2020-02-01;T19-20;F1;Strasbourg;Lille;1;2;2;1;0,2943;0,4375;0,2682
34350;2020-02-01;T19-20;I1;Bologna;Brescia;2;1;1;1;0,1698;0,7482;0,082
34351;2020-02-01;T19-20;I1;Cagliari;Parma;2;2;0;1;0,3025;0,4308;0,2667
34352;2020-02-01;T19-20;I1;Sassuolo;Roma;4;2;1;2;0,2668;0,27;0,4632
56176;2020-02-01;T19-20;SP2;Ponferradina;Huesca;3;1;1;2;0,2854;0,3526;0,362
44341;2020-02-01;T19-20;SP1;Mallorca;Valladolid;0;1;2;1;0,2911;0,4497;0,2592
44342;2020-02-01;T19-20;SP1;Valencia;Celta;1;0;1;1;0,2485;0,5646;0,1868
56174;2020-02-01;T19-20;SP2;Extremadura;Lugo;1;0;1;1;0,2798;0,5133;0,2069
56175;2020-02-01;T19-20;SP2;La Coruna;Las Palmas;2;1;1;1;0,3051;0,4363;0,2586
56177;2020-02-01;T19-20;SP2;Elche;Malaga;2;0;1;1;0,2906;0,4442;0,2652
26045;2020-02-01;T19-20;F1;Angers;Reims;1;4;2;1;0,2881;0,4663;0,2456
44340;2020-02-01;T19-20;SP1;Real Madrid;Ath Madrid;1;0;1;1;0,2139;0,6404;0,1456
26044;2020-02-01;T19-20;F1;Amiens;Toulouse;0;0;0;1;0,3069;0,4223;0,2708
44339;2020-02-01;T19-20;SP1;Granada;Espanol;2;1;1;1;0,2845;0,4888;0,2266
15799;2020-02-01;T19-20;E0;Man United;Wolves;0;0;0;1;0,2612;0,5211;0,2177
5858;2020-02-01;T19-20;D1;Augsburg;Werder Bremen;2;1;1;1;0,2951;0,3917;0,3132
5860;2020-02-01;T19-20;D1;Fortuna Dusseldorf;Ein Frankfurt;1;1;0;2;0,2702;0,3218;0,4081
5861;2020-02-01;T19-20;D1;Hoffenheim;Leverkusen;2;1;1;2;0,2266;0,3007;0,4727
5862;2020-02-01;T19-20;D1;Mainz;Bayern Munich;1;3;2;2;0,1865;0,1403;0,6732
5863;2020-02-01;T19-20;D1;RB Leipzig;M'gladbach;2;2;0;1;0,2225;0,5806;0,1969
15792;2020-02-01;T19-20;E0;Leicester;Chelsea;2;2;0;1;0,2689;0,376;0,355
5859;2020-02-01;T19-20;D1;Dortmund;Union Berlin;5;0;1;1;0,2587;0,5346;0,2066
15793;2020-02-01;T19-20;E0;Bournemouth;Aston Villa;2;1;1;1;0,2961;0,4488;0,2551
15794;2020-02-01;T19-20;E0;Crystal Palace;Sheffield United;0;1;2;1;0,2904;0,4472;0,2623
15795;2020-02-01;T19-20;E0;Liverpool;Southampton;4;0;1;1;0,1356;0,7964;0,068
15796;2020-02-01;T19-20;E0;Newcastle;Norwich;0;0;0;1;0,2806;0,5004;0,219
15797;2020-02-01;T19-20;E0;Watford;Everton;2;3;2;2;0,2822;0,3401;0,3777
15798;2020-02-01;T19-20;E0;West Ham;Brighton;3;3;0;1;0,2825;0,4869;0,2307
26043;2020-02-01;T19-20;F1;Paris SG;Montpellier;5;0;1;1;0,156;0,7522;0,0918
44345;2020-02-02;T19-20;SP1;Ath Bilbao;Getafe;0;2;2;1;0,2936;0,4663;0,2402
44346;2020-02-02;T19-20;SP1;Sevilla;Alaves;1;1;0;1;0,2536;0,5616;0,1848
44347;2020-02-02;T19-20;SP1;Villarreal;Osasuna;3;1;1;1;0,2504;0,5555;0,1942
44348;2020-02-02;T19-20;SP1;Barcelona;Levante;2;1;1;1;0,1704;0,7175;0,112
56178;2020-02-02;T19-20;SP2;Fuenlabrada;Girona;0;1;2;1;0,291;0,4702;0,2388
56181;2020-02-02;T19-20;SP2;Numancia;Almeria;1;1;0;1;0,3074;0,4184;0,2743
56180;2020-02-02;T19-20;SP2;Mirandes;Vallecano;0;0;0;1;0,2967;0,4084;0,2949
56182;2020-02-02;T19-20;SP2;Oviedo;Albacete;3;1;1;1;0,2943;0,4418;0,2639
56183;2020-02-02;T19-20;SP2;Santander;Alcorcon;1;1;0;1;0,2903;0,3682;0,3415
44344;2020-02-02;T19-20;SP1;Eibar;Betis;1;1;0;1;0,2858;0,4887;0,2254
56179;2020-02-02;T19-20;SP2;Cadiz;Zaragoza;1;1;0;1;0,2763;0,503;0,2207
44343;2020-02-02;T19-20;SP1;Leganes;Sociedad;2;1;1;2;0,2882;0,3158;0,396
34354;2020-02-02;T19-20;I1;Atalanta;Genoa;2;2;0;1;0,1293;0,8118;0,0589
34357;2020-02-02;T19-20;I1;Lecce;Torino;4;0;1;2;0,2565;0,2671;0,4764
5864;2020-02-02;T19-20;D1;FC Koln;Freiburg;4;0;1;1;0,2901;0,4509;0,259
5865;2020-02-02;T19-20;D1;Paderborn;Wolfsburg;2;4;2;1;0,2909;0,4234;0,2857
34358;2020-02-02;T19-20;I1;Udinese;Inter;0;2;2;2;0,2002;0,1684;0,6314
15801;2020-02-02;T19-20;E0;Tottenham;Man City;2;0;1;2;0,2144;0,3195;0,4661
26049;2020-02-02;T19-20;F1;Nice;Lyon;2;1;1;2;0,2502;0,2851;0,4647
15800;2020-02-02;T19-20;E0;Burnley;Arsenal;0;0;0;2;0,2765;0,2915;0,432
26051;2020-02-02;T19-20;F1;Bordeaux;Marseille;0;0;0;2;0,2844;0,3102;0,4054
34353;2020-02-02;T19-20;I1;Juventus;Fiorentina;3;0;1;1;0,1935;0,6879;0,1186
34355;2020-02-02;T19-20;I1;Lazio;Spal;5;1;1;1;0,1547;0,7646;0,0807
34356;2020-02-02;T19-20;I1;Milan;Verona;1;1;0;1;0,2291;0,6243;0,1466
26050;2020-02-02;T19-20;F1;Metz;St Etienne;3;1;1;2;0,2794;0,3127;0,408
34359;2020-02-03;T19-20;I1;Sampdoria;Napoli;2;4;2;2;0,2675;0,2712;0,4613
26052;2020-02-04;T19-20;F1;Lille;Rennes;1;0;1;1;0,2771;0,493;0,2299
26053;2020-02-04;T19-20;F1;Monaco;Angers;1;0;1;1;0,2581;0,5475;0,1944
26054;2020-02-04;T19-20;F1;Nantes;Paris SG;1;2;2;2;0,223;0,1725;0,6045
26060;2020-02-05;T19-20;F1;Toulouse;Strasbourg;0;1;2;1;0,3108;0,3712;0,3181
34360;2020-02-05;T19-20;I1;Lazio;Verona;0;0;0;1;0,1553;0,7562;0,0885
26061;2020-02-05;T19-20;F1;St Etienne;Marseille;0;2;2;1;0,2952;0,359;0,3458
26059;2020-02-05;T19-20;F1;Reims;Nice;1;1;0;1;0,2886;0,4796;0,2318
26057;2020-02-05;T19-20;F1;Montpellier;Metz;1;1;0;1;0,2526;0,5641;0,1833
26058;2020-02-05;T19-20;F1;Nimes;Dijon;2;0;1;1;0,2774;0,4864;0,2362
26056;2020-02-05;T19-20;F1;Lyon;Amiens;0;0;0;1;0,1624;0,7591;0,0784
26055;2020-02-05;T19-20;F1;Brest;Bordeaux;1;1;0;1;0,2947;0,4478;0,2575
5866;2020-02-07;T19-20;D1;Ein Frankfurt;Augsburg;5;0;1;1;0,2202;0,6463;0,1334
26062;2020-02-07;T19-20;F1;Angers;Lille;0;2;2;2;0,2925;0,3281;0,3794
34361;2020-02-07;T19-20;I1;Roma;Bologna;2;3;2;1;0,1952;0,6906;0,1142
44349;2020-02-07;T19-20;SP1;Alaves;Eibar;2;1;1;1;0,3084;0,4125;0,2791
56184;2020-02-07;T19-20;SP2;Almeria;Santander;0;1;2;1;0,241;0,5859;0,1731
34363;2020-02-08;T19-20;I1;Torino;Sampdoria;1;3;2;1;0,2815;0,4891;0,2295
34364;2020-02-08;T19-20;I1;Verona;Juventus;2;1;1;2;0,2463;0,2126;0,5411
44350;2020-02-08;T19-20;SP1;Levante;Leganes;2;0;1;1;0,2737;0,4848;0,2415
44351;2020-02-08;T19-20;SP1;Getafe;Valencia;3;0;1;1;0,278;0,4932;0,2288
44352;2020-02-08;T19-20;SP1;Valladolid;Villarreal;1;1;0;1;0,306;0,3554;0,3386
26068;2020-02-08;T19-20;F1;Rennes;Brest;0;0;0;1;0,2488;0,5764;0,1748
56185;2020-02-08;T19-20;SP2;Extremadura;Tenerife;2;4;2;1;0,2937;0,4733;0,233
56186;2020-02-08;T19-20;SP2;Girona;Huesca;1;0;1;1;0,2888;0,4734;0,2378
34362;2020-02-08;T19-20;I1;Fiorentina;Atalanta;1;2;2;2;0,2638;0,2752;0,4609
56188;2020-02-08;T19-20;SP2;Zaragoza;Fuenlabrada;0;0;0;1;0,2701;0,5211;0,2088
44353;2020-02-08;T19-20;SP1;Ath Madrid;Granada;1;0;1;1;0,2469;0,5861;0,167
56187;2020-02-08;T19-20;SP2;Las Palmas;Cadiz;1;2;2;1;0,2908;0,4112;0,298
26065;2020-02-08;T19-20;F1;Dijon;Nantes;3;3;0;1;0,2855;0,4313;0,2831
26066;2020-02-08;T19-20;F1;Metz;Bordeaux;1;2;2;1;0,2976;0,4295;0,2729
26064;2020-02-08;T19-20;F1;Amiens;Monaco;1;2;2;1;0,312;0,3603;0,3277
26063;2020-02-08;T19-20;F1;Marseille;Toulouse;1;0;1;1;0,1918;0,718;0,0901
15803;2020-02-08;T19-20;E0;Brighton;Watford;1;1;0;1;0,2721;0,4986;0,2293
15802;2020-02-08;T19-20;E0;Everton;Crystal Palace;3;1;1;1;0,2593;0,5528;0,1879
5872;2020-02-08;T19-20;D1;Leverkusen;Dortmund;4;3;1;2;0,2173;0,3728;0,4099
5871;2020-02-08;T19-20;D1;Wolfsburg;Fortuna Dusseldorf;1;1;0;1;0,1918;0,7111;0,097
5870;2020-02-08;T19-20;D1;Werder Bremen;Union Berlin;0;2;2;1;0,2773;0,4748;0,2479
5869;2020-02-08;T19-20;D1;Schalke 04;Paderborn;1;1;0;1;0,2815;0,4923;0,2262
5868;2020-02-08;T19-20;D1;Hertha;Mainz;1;3;2;1;0,2986;0,4398;0,2616
5867;2020-02-08;T19-20;D1;Freiburg;Hoffenheim;1;0;1;2;0,2504;0,3046;0,445
26067;2020-02-08;T19-20;F1;Nice;Nimes;1;3;2;1;0,2488;0,5834;0,1677
44357;2020-02-09;T19-20;SP1;Celta;Sevilla;2;1;1;2;0,2736;0,2922;0,4342
44356;2020-02-09;T19-20;SP1;Osasuna;Real Madrid;1;4;2;2;0,2363;0,2305;0,5331
56194;2020-02-09;T19-20;SP2;Malaga;Numancia;2;1;1;1;0,2822;0,5007;0,217
44358;2020-02-09;T19-20;SP1;Betis;Barcelona;2;3;2;2;0,238;0,2023;0,5597
44355;2020-02-09;T19-20;SP1;Sociedad;Ath Bilbao;2;1;1;1;0,2965;0,4324;0,271
56190;2020-02-09;T19-20;SP2;Alcorcon;La Coruna;0;1;2;1;0,2985;0,4543;0,2472
56191;2020-02-09;T19-20;SP2;Sp Gijon;Mirandes;2;2;0;1;0,2971;0,4598;0,2431
56192;2020-02-09;T19-20;SP2;Lugo;Elche;2;2;0;1;0,3071;0,4045;0,2884
56193;2020-02-09;T19-20;SP2;Vallecano;Oviedo;1;1;0;1;0,2685;0,5281;0,2035
56189;2020-02-09;T19-20;SP2;Albacete;Ponferradina;1;1;0;1;0,3035;0,4421;0,2543
44354;2020-02-09;T19-20;SP1;Espanol;Mallorca;1;0;1;1;0,2812;0,5028;0,216
34367;2020-02-09;T19-20;I1;Genoa;Cagliari;1;0;1;1;0,3068;0,4153;0,2779
34369;2020-02-09;T19-20;I1;Parma;Lazio;0;1;2;2;0,2355;0,2146;0,5499
34368;2020-02-09;T19-20;I1;Napoli;Lecce;2;3;2;1;0,1855;0,7183;0,0961
34366;2020-02-09;T19-20;I1;Brescia;Udinese;1;1;0;1;0,3057;0,3856;0,3087
34365;2020-02-09;T19-20;I1;Spal;Sassuolo;1;2;2;1;0,3098;0,404;0,2862
26071;2020-02-09;T19-20;F1;Paris SG;Lyon;4;2;1;1;0,1834;0,6547;0,1619
26070;2020-02-09;T19-20;F1;Strasbourg;Reims;3;0;1;1;0,2872;0,4606;0,2522
26069;2020-02-09;T19-20;F1;Montpellier;St Etienne;1;0;1;1;0,2822;0,4757;0,2421
15804;2020-02-09;T19-20;E0;Sheffield United;Bournemouth;2;1;1;1;0,2525;0,5861;0,1614
5873;2020-02-09;T19-20;D1;Bayern Munich;RB Leipzig;0;0;0;1;0,1694;0,6419;0,1887
34370;2020-02-09;T19-20;I1;Inter;Milan;4;2;1;1;0,216;0,6366;0,1474
56195;2020-02-14;T19-20;SP2;La Coruna;Girona;2;2;0;1;0,3056;0,4349;0,2595
26072;2020-02-14;T19-20;F1;Monaco;Montpellier;1;0;1;1;0,2875;0,455;0,2575
44359;2020-02-14;T19-20;SP1;Valencia;Ath Madrid;2;2;0;1;0,2799;0,4581;0,262
5874;2020-02-14;T19-20;D1;Dortmund;Ein Frankfurt;4;0;1;1;0,245;0,5087;0,2463
15805;2020-02-14;T19-20;E0;Wolves;Leicester;0;0;0;2;0,2246;0,2166;0,5588
34371;2020-02-15;T19-20;I1;Lecce;Spal;2;1;1;1;0,2942;0,4496;0,2561
56199;2020-02-15;T19-20;SP2;Elche;Zaragoza;1;2;2;1;0,3009;0,3558;0,3433
56198;2020-02-15;T19-20;SP2;Oviedo;Alcorcon;1;2;2;1;0,2948;0,4465;0,2587
56197;2020-02-15;T19-20;SP2;Numancia;Las Palmas;1;1;0;1;0,2885;0,4824;0,2291
56196;2020-02-15;T19-20;SP2;Huesca;Almeria;3;2;1;1;0,2874;0,4795;0,2332
44363;2020-02-15;T19-20;SP1;Granada;Valladolid;2;1;1;1;0,286;0,4686;0,2454
44362;2020-02-15;T19-20;SP1;Villarreal;Levante;2;1;1;1;0,2518;0,5328;0,2153
44361;2020-02-15;T19-20;SP1;Barcelona;Getafe;2;1;1;1;0,1892;0,6803;0,1306
44360;2020-02-15;T19-20;SP1;Mallorca;Alaves;1;0;1;1;0,3001;0,4148;0,2851
34373;2020-02-15;T19-20;I1;Atalanta;Roma;2;1;1;1;0,2537;0,4453;0,301
34372;2020-02-15;T19-20;I1;Bologna;Genoa;0;3;2;1;0,1721;0,7394;0,0884
26077;2020-02-15;T19-20;F1;Toulouse;Nice;0;2;2;2;0,2897;0,3546;0,3557
26075;2020-02-15;T19-20;F1;Nantes;Metz;0;0;0;1;0,27;0,5308;0,1992
26074;2020-02-15;T19-20;F1;Bordeaux;Dijon;2;2;0;1;0,2351;0,6149;0,15
26073;2020-02-15;T19-20;F1;Amiens;Paris SG;4;4;0;2;0,2058;0,1437;0,6505
15807;2020-02-15;T19-20;E0;Norwich;Liverpool;0;1;2;2;0,1984;0,1341;0,6675
15806;2020-02-15;T19-20;E0;Southampton;Burnley;1;2;2;1;0,2926;0,422;0,2854
5880;2020-02-15;T19-20;D1;Fortuna Dusseldorf;M'gladbach;1;4;2;2;0,2328;0,2372;0,5299
5879;2020-02-15;T19-20;D1;Union Berlin;Leverkusen;2;3;2;2;0,2444;0,2351;0,5205
5878;2020-02-15;T19-20;D1;RB Leipzig;Werder Bremen;3;0;1;1;0,1971;0,6459;0,157
5877;2020-02-15;T19-20;D1;Paderborn;Hertha;1;2;2;1;0,2838;0,4675;0,2488
5876;2020-02-15;T19-20;D1;Hoffenheim;Wolfsburg;2;3;2;1;0,261;0,4754;0,2636
5875;2020-02-15;T19-20;D1;Augsburg;Freiburg;1;1;0;1;0,2932;0,4413;0,2655
26076;2020-02-15;T19-20;F1;Nimes;Angers;1;0;1;1;0,2776;0,4864;0,236
34379;2020-02-16;T19-20;I1;Lazio;Inter;2;1;1;1;0,2584;0,4569;0,2848
44364;2020-02-16;T19-20;SP1;Sevilla;Espanol;2;2;0;1;0,2519;0,5659;0,1822
44365;2020-02-16;T19-20;SP1;Leganes;Betis;0;0;0;1;0,3022;0,4168;0,2809
44366;2020-02-16;T19-20;SP1;Ath Bilbao;Osasuna;0;1;2;1;0,2969;0,4559;0,2472
44367;2020-02-16;T19-20;SP1;Real Madrid;Celta;2;2;0;1;0,1896;0,6944;0,1159
56204;2020-02-16;T19-20;SP2;Santander;Sp Gijon;0;2;2;1;0,2972;0,386;0,3168
56201;2020-02-16;T19-20;SP2;Mirandes;Albacete;1;1;0;1;0,2855;0,4594;0,255
56205;2020-02-16;T19-20;SP2;Tenerife;Vallecano;0;0;0;1;0,3051;0,4053;0,2897
56202;2020-02-16;T19-20;SP2;Cadiz;Malaga;0;1;2;1;0,2599;0,548;0,1921
56203;2020-02-16;T19-20;SP2;Ponferradina;Extremadura;0;0;0;1;0,2766;0,5058;0,2176
56200;2020-02-16;T19-20;SP2;Fuenlabrada;Lugo;0;1;2;1;0,274;0,5225;0,2036
34378;2020-02-16;T19-20;I1;Cagliari;Napoli;0;1;2;2;0,2525;0,2502;0,4973
15809;2020-02-16;T19-20;E0;Arsenal;Newcastle;4;0;1;1;0,2527;0,5634;0,1839
34376;2020-02-16;T19-20;I1;Sampdoria;Fiorentina;1;5;2;1;0,3008;0,3874;0,3118
34375;2020-02-16;T19-20;I1;Juventus;Brescia;2;0;1;1;0,1717;0,7443;0,084
34374;2020-02-16;T19-20;I1;Udinese;Verona;0;0;0;1;0,2971;0,4364;0,2665
26081;2020-02-16;T19-20;F1;Lille;Marseille;1;2;2;1;0,2869;0,3735;0,3397
26080;2020-02-16;T19-20;F1;Reims;Rennes;1;0;1;1;0,3006;0,445;0,2544
26079;2020-02-16;T19-20;F1;Brest;St Etienne;3;2;1;1;0,3003;0,4384;0,2613
26078;2020-02-16;T19-20;F1;Lyon;Strasbourg;1;1;0;1;0,2287;0,6037;0,1676
15808;2020-02-16;T19-20;E0;Aston Villa;Tottenham;2;3;2;2;0,2624;0,3128;0,4248
5882;2020-02-16;T19-20;D1;Mainz;Schalke 04;0;0;0;1;0,2734;0,4849;0,2417
5881;2020-02-16;T19-20;D1;FC Koln;Bayern Munich;1;4;2;2;0,1871;0,1334;0,6794
34377;2020-02-16;T19-20;I1;Sassuolo;Parma;0;1;2;1;0,2971;0,4421;0,2608
34380;2020-02-17;T19-20;I1;Milan;Torino;1;0;1;1;0,2436;0,6128;0,1436
56206;2020-02-19;T19-20;SP2;Mirandes;Zaragoza;1;1;0;1;0,2988;0,4126;0,2885
56207;2020-02-21;T19-20;SP2;Sp Gijon;Cadiz;1;0;1;1;0,2916;0,4745;0,2339
44368;2020-02-21;T19-20;SP1;Betis;Mallorca;3;3;0;1;0,2681;0,5299;0,202
34381;2020-02-21;T19-20;I1;Brescia;Napoli;1;2;2;2;0,1969;0,1581;0,645
26082;2020-02-21;T19-20;F1;Nice;Brest;2;2;0;1;0,2886;0,4738;0,2376
5883;2020-02-21;T19-20;D1;Bayern Munich;Paderborn;3;2;1;1;0,1068;0,8453;0,0479
26083;2020-02-21;T19-20;F1;Metz;Lyon;0;2;2;2;0,2438;0,2104;0,5458
34382;2020-02-22;T19-20;I1;Bologna;Udinese;1;1;0;1;0,2053;0,6624;0,1323
34383;2020-02-22;T19-20;I1;Spal;Juventus;1;2;2;2;0,2202;0,1956;0,5842
34384;2020-02-22;T19-20;I1;Fiorentina;Milan;1;1;0;1;0,3081;0,3819;0,31
44369;2020-02-22;T19-20;SP1;Celta;Leganes;1;0;1;1;0,2898;0,4625;0,2477
44370;2020-02-22;T19-20;SP1;Barcelona;Eibar;5;0;1;1;0,1407;0,7831;0,0762
44371;2020-02-22;T19-20;SP1;Sociedad;Valencia;3;0;1;1;0,2785;0,49;0,2315
44372;2020-02-22;T19-20;SP1;Levante;Real Madrid;1;0;1;2;0,2501;0,2504;0,4995
56209;2020-02-22;T19-20;SP2;Almeria;Fuenlabrada;0;0;0;1;0,2511;0,5604;0,1885
56210;2020-02-22;T19-20;SP2;Girona;Ponferradina;2;0;1;1;0,2792;0,5;0,2208
56211;2020-02-22;T19-20;SP2;Tenerife;Elche;1;0;1;1;0,2821;0,4932;0,2248
56212;2020-02-22;T19-20;SP2;Albacete;Numancia;2;1;1;1;0,2944;0,4708;0,2348
26088;2020-02-22;T19-20;F1;Strasbourg;Amiens;0;0;0;1;0,2221;0,6421;0,1359
56208;2020-02-22;T19-20;SP2;Alcorcon;Las Palmas;1;1;0;1;0,2917;0,4757;0,2326
26087;2020-02-22;T19-20;F1;Lille;Toulouse;3;0;1;1;0,2105;0,662;0,1276
5885;2020-02-22;T19-20;D1;Hertha;FC Koln;0;5;2;1;0,3011;0,4002;0,2987
26085;2020-02-22;T19-20;F1;Angers;Montpellier;1;0;1;1;0,2995;0,4493;0,2512
5884;2020-02-22;T19-20;D1;Freiburg;Fortuna Dusseldorf;0;2;2;1;0,2273;0,6343;0,1384
5886;2020-02-22;T19-20;D1;M'gladbach;Hoffenheim;1;1;0;1;0,2528;0,379;0,3682
5887;2020-02-22;T19-20;D1;Werder Bremen;Dortmund;0;2;2;2;0,2025;0,2053;0,5922
5888;2020-02-22;T19-20;D1;Schalke 04;RB Leipzig;0;5;2;2;0,2326;0,2257;0,5417
15812;2020-02-22;T19-20;E0;Chelsea;Tottenham;2;1;1;2;0,2618;0,3393;0,3989
26086;2020-02-22;T19-20;F1;Dijon;Monaco;1;1;0;2;0,2858;0,3262;0,388
15814;2020-02-22;T19-20;E0;Crystal Palace;Newcastle;1;0;1;1;0,2727;0,5196;0,2077
15815;2020-02-22;T19-20;E0;Sheffield United;Brighton;1;1;0;1;0,2353;0,6233;0,1415
15816;2020-02-22;T19-20;E0;Southampton;Aston Villa;2;0;1;1;0,2793;0,4815;0,2392
15817;2020-02-22;T19-20;E0;Leicester;Man City;0;1;2;2;0,2145;0,2759;0,5096
26084;2020-02-22;T19-20;F1;Marseille;Nantes;1;3;2;1;0,2485;0,5721;0,1794
15813;2020-02-22;T19-20;E0;Burnley;Bournemouth;3;0;1;1;0,3007;0,4136;0,2857
44374;2020-02-23;T19-20;SP1;Alaves;Ath Bilbao;2;1;1;1;0,3051;0,4151;0,2799
56217;2020-02-23;T19-20;SP2;Vallecano;Huesca;2;0;1;1;0,2793;0,5006;0,22
56216;2020-02-23;T19-20;SP2;Malaga;Santander;2;0;1;1;0,2595;0,5609;0,1797
56215;2020-02-23;T19-20;SP2;Extremadura;Mirandes;3;2;1;1;0,3021;0,4468;0,2511
56214;2020-02-23;T19-20;SP2;Zaragoza;La Coruna;3;1;1;1;0,2704;0,5207;0,2089
56213;2020-02-23;T19-20;SP2;Lugo;Oviedo;1;0;1;1;0,3051;0,4101;0,2848
44377;2020-02-23;T19-20;SP1;Ath Madrid;Villarreal;3;1;1;1;0,2885;0,443;0,2684
44376;2020-02-23;T19-20;SP1;Getafe;Sevilla;0;3;2;1;0,2687;0,5055;0,2258
44375;2020-02-23;T19-20;SP1;Valladolid;Espanol;2;1;1;1;0,2897;0,4844;0,2259
44373;2020-02-23;T19-20;SP1;Osasuna;Granada;0;3;2;1;0,2776;0,5026;0,2198
26089;2020-02-23;T19-20;F1;St Etienne;Reims;1;1;0;1;0,2602;0,5475;0,1924
34385;2020-02-23;T19-20;I1;Genoa;Lazio;2;3;2;2;0,2368;0,1922;0,5709
26091;2020-02-23;T19-20;F1;Paris SG;Bordeaux;4;3;1;1;0,1432;0,7717;0,0851
26090;2020-02-23;T19-20;F1;Rennes;Nimes;2;1;1;1;0,2837;0,4838;0,2325
15820;2020-02-23;T19-20;E0;Arsenal;Everton;3;2;1;1;0,2769;0,3827;0,3404
15819;2020-02-23;T19-20;E0;Wolves;Norwich;3;0;1;1;0,2153;0,668;0,1168
15818;2020-02-23;T19-20;E0;Man United;Watford;3;0;1;1;0,228;0,6292;0,1428
5890;2020-02-23;T19-20;D1;Wolfsburg;Mainz;4;0;1;1;0,204;0,675;0,121
5889;2020-02-23;T19-20;D1;Leverkusen;Augsburg;2;0;1;1;0,1731;0,7336;0,0933
34386;2020-02-23;T19-20;I1;Roma;Lecce;4;0;1;1;0,2054;0,6678;0,1268
5891;2020-02-24;T19-20;D1;Ein Frankfurt;Union Berlin;1;2;2;1;0,2397;0,5843;0,176
15821;2020-02-24;T19-20;E0;Liverpool;West Ham;3;2;1;1;0,1411;0,784;0,0749
56218;2020-02-28;T19-20;SP2;Las Palmas;Malaga;1;1;0;1;0,2993;0,3781;0,3226
44378;2020-02-28;T19-20;SP1;Sociedad;Valladolid;1;0;1;1;0,2017;0,6772;0,1211
26092;2020-02-28;T19-20;F1;Nimes;Marseille;2;3;2;2;0,2784;0,3189;0,4028
15822;2020-02-28;T19-20;E0;Norwich;Leicester;1;0;1;2;0,2071;0,174;0,619
5892;2020-02-28;T19-20;D1;Fortuna Dusseldorf;Hertha;3;3;0;1;0,2933;0,4413;0,2654
56223;2020-02-29;T19-20;SP2;Santander;Zaragoza;2;2;0;2;0,2727;0,2892;0,4381
56222;2020-02-29;T19-20;SP2;Albacete;Vallecano;1;1;0;1;0,3062;0,3647;0,3291
56221;2020-02-29;T19-20;SP2;Cadiz;Almeria;2;1;1;1;0,2762;0,5092;0,2147
56220;2020-02-29;T19-20;SP2;Ponferradina;Sp Gijon;1;0;1;1;0,2897;0,4693;0,241
56219;2020-02-29;T19-20;SP2;Huesca;Extremadura;2;2;0;1;0,2676;0,534;0,1984
44382;2020-02-29;T19-20;SP1;Granada;Celta;0;0;0;1;0,2852;0,4819;0,2328
44381;2020-02-29;T19-20;SP1;Leganes;Alaves;1;1;0;1;0,2985;0,4616;0,2399
44380;2020-02-29;T19-20;SP1;Valencia;Betis;2;1;1;1;0,2508;0,5585;0,1907
44379;2020-02-29;T19-20;SP1;Eibar;Levante;3;0;1;1;0,2972;0,4256;0,2772
34388;2020-02-29;T19-20;I1;Napoli;Torino;2;1;1;1;0,1893;0,708;0,1026
26098;2020-02-29;T19-20;F1;Toulouse;Rennes;0;2;2;2;0,2612;0,2803;0,4585
26097;2020-02-29;T19-20;F1;Montpellier;Strasbourg;3;0;1;1;0,2867;0,4733;0,24
26096;2020-02-29;T19-20;F1;Monaco;Reims;1;1;0;1;0,265;0,5312;0,2038
34387;2020-02-29;T19-20;I1;Lazio;Bologna;2;0;1;1;0,1674;0,734;0,0986
26094;2020-02-29;T19-20;F1;Amiens;Metz;0;1;2;1;0,3023;0,4379;0,2598
5893;2020-02-29;T19-20;D1;Augsburg;M'gladbach;2;3;2;2;0,2205;0,2244;0,5551
5894;2020-02-29;T19-20;D1;Dortmund;Freiburg;1;0;1;1;0,1299;0,7994;0,0707
26095;2020-02-29;T19-20;F1;Brest;Angers;0;1;2;1;0,2895;0,4638;0,2467
5896;2020-02-29;T19-20;D1;Mainz;Paderborn;2;0;1;1;0,2788;0,4552;0,266
5897;2020-02-29;T19-20;D1;FC Koln;Schalke 04;3;0;1;1;0,2822;0,4645;0,2533
15823;2020-02-29;T19-20;E0;Brighton;Crystal Palace;0;1;2;1;0,2792;0,4739;0,2469
5895;2020-02-29;T19-20;D1;Hoffenheim;Bayern Munich;0;6;2;2;0,1883;0,1335;0,6782
15825;2020-02-29;T19-20;E0;Newcastle;Burnley;0;0;0;1;0,2954;0,4622;0,2423
15826;2020-02-29;T19-20;E0;West Ham;Southampton;3;1;1;1;0,2904;0,398;0,3117
15827;2020-02-29;T19-20;E0;Watford;Liverpool;3;0;1;2;0,2177;0,16;0,6223
26093;2020-02-29;T19-20;F1;Paris SG;Dijon;4;0;1;1;0,1276;0,802;0,0704
15824;2020-02-29;T19-20;E0;Bournemouth;Chelsea;2;2;0;2;0,2536;0,252;0,4944
44384;2020-03-01;T19-20;SP1;Ath Bilbao;Villarreal;1;0;1;1;0,2993;0,4051;0,2957
56227;2020-03-01;T19-20;SP2;Fuenlabrada;Alcorcon;3;4;2;1;0,2789;0,5115;0,2097
56226;2020-03-01;T19-20;SP2;La Coruna;Lugo;0;0;0;1;0,2807;0,5086;0,2107
56225;2020-03-01;T19-20;SP2;Elche;Numancia;2;0;1;1;0,2892;0,4667;0,244
56224;2020-03-01;T19-20;SP2;Mirandes;Girona;1;1;0;1;0,2975;0,4096;0,2929
44387;2020-03-01;T19-20;SP1;Real Madrid;Barcelona;2;0;1;1;0,196;0,4863;0,3178
56228;2020-03-01;T19-20;SP2;Oviedo;Tenerife;1;0;1;1;0,2872;0,4827;0,2301
44385;2020-03-01;T19-20;SP1;Espanol;Ath Madrid;1;1;0;1;0,3042;0,362;0,3338
44383;2020-03-01;T19-20;SP1;Sevilla;Osasuna;3;2;1;1;0,2206;0,6434;0,1361
44386;2020-03-01;T19-20;SP1;Mallorca;Getafe;0;1;2;2;0,2802;0,3081;0,4117
34389;2020-03-01;T19-20;I1;Lecce;Atalanta;2;7;2;2;0,1432;0,1083;0,7484
26101;2020-03-01;T19-20;F1;Lyon;St Etienne;2;0;1;1;0,2308;0,5951;0,174
26100;2020-03-01;T19-20;F1;Bordeaux;Nice;1;1;0;1;0,283;0,4894;0,2276
26099;2020-03-01;T19-20;F1;Nantes;Lille;0;1;2;1;0,2996;0,422;0,2784
15829;2020-03-01;T19-20;E0;Tottenham;Wolves;2;3;2;1;0,2451;0,5793;0,1755
15828;2020-03-01;T19-20;E0;Everton;Man United;1;1;0;1;0,2745;0,3939;0,3316
5899;2020-03-01;T19-20;D1;RB Leipzig;Leverkusen;1;1;0;1;0,2198;0,5378;0,2424
5898;2020-03-01;T19-20;D1;Union Berlin;Wolfsburg;2;2;0;1;0,2871;0,4191;0,2939
34390;2020-03-01;T19-20;I1;Cagliari;Roma;3;4;2;2;0,2625;0,26;0,4775
44388;2020-03-06;T19-20;SP1;Alaves;Valencia;1;1;0;1;0,3118;0,3809;0,3073
56229;2020-03-06;T19-20;SP2;Lugo;Cadiz;1;1;0;1;0,3145;0,3929;0,2926
5900;2020-03-06;T19-20;D1;Paderborn;FC Koln;1;2;2;1;0,2886;0,4516;0,2598
26102;2020-03-06;T19-20;F1;Marseille;Amiens;2;2;0;1;0,2034;0,6778;0,1188
26105;2020-03-07;T19-20;F1;Metz;Nimes;2;1;1;1;0,3113;0,4009;0,2878
56234;2020-03-07;T19-20;SP2;Almeria;La Coruna;4;0;1;1;0,2933;0,4432;0,2635
56233;2020-03-07;T19-20;SP2;Numancia;Santander;1;2;2;1;0,2751;0,5206;0,2043
56232;2020-03-07;T19-20;SP2;Huesca;Fuenlabrada;2;0;1;1;0,2729;0,5188;0,2083
56231;2020-03-07;T19-20;SP2;Girona;Albacete;1;1;0;1;0,274;0,5135;0,2125
56230;2020-03-07;T19-20;SP2;Extremadura;Oviedo;1;2;2;1;0,2907;0,4793;0,2301
44392;2020-03-07;T19-20;SP1;Getafe;Celta;0;0;0;1;0,2696;0,5239;0,2065
44391;2020-03-07;T19-20;SP1;Barcelona;Sociedad;1;0;1;1;0,184;0,69;0,126
44390;2020-03-07;T19-20;SP1;Ath Madrid;Sevilla;2;2;0;1;0,271;0,5012;0,2278
44389;2020-03-07;T19-20;SP1;Eibar;Mallorca;1;2;2;1;0,2553;0,5732;0,1716
26107;2020-03-07;T19-20;F1;Reims;Brest;1;0;1;1;0,2899;0,4834;0,2267
26106;2020-03-07;T19-20;F1;Nice;Monaco;2;1;1;1;0,2866;0,4774;0,236
26104;2020-03-07;T19-20;F1;Dijon;Toulouse;2;1;1;1;0,2802;0,5104;0,2094
15835;2020-03-07;T19-20;E0;Wolves;Brighton;0;0;0;1;0,2153;0,654;0,1307
15836;2020-03-07;T19-20;E0;Burnley;Tottenham;1;1;0;2;0,2691;0,3118;0,4191
5901;2020-03-07;T19-20;D1;Freiburg;Union Berlin;3;1;1;1;0,2979;0,4033;0,2988
5902;2020-03-07;T19-20;D1;Hertha;Werder Bremen;2;2;0;1;0,3017;0,3897;0,3086
26103;2020-03-07;T19-20;F1;Angers;Nantes;2;0;1;1;0,29;0,4795;0,2305
5904;2020-03-07;T19-20;D1;Schalke 04;Hoffenheim;1;1;0;2;0,268;0,3109;0,4211
5905;2020-03-07;T19-20;D1;Wolfsburg;RB Leipzig;0;0;0;2;0,22;0,1988;0,5811
5906;2020-03-07;T19-20;D1;M'gladbach;Dortmund;1;2;2;2;0,2232;0,3128;0,4639
5903;2020-03-07;T19-20;D1;Leverkusen;Ein Frankfurt;4;0;1;1;0,2427;0,5046;0,2527
15831;2020-03-07;T19-20;E0;Arsenal;West Ham;1;0;1;1;0,2286;0,6363;0,1351
15832;2020-03-07;T19-20;E0;Crystal Palace;Watford;1;0;1;1;0,2407;0,6083;0,151
15833;2020-03-07;T19-20;E0;Sheffield United;Norwich;1;0;1;1;0,2215;0,6583;0,1203
15834;2020-03-07;T19-20;E0;Southampton;Newcastle;0;1;2;1;0,2707;0,5038;0,2255
15830;2020-03-07;T19-20;E0;Liverpool;Bournemouth;2;1;1;1;0,1414;0,7813;0,0773
44395;2020-03-08;T19-20;SP1;Levante;Granada;1;1;0;1;0,2877;0,4484;0,2639
56238;2020-03-08;T19-20;SP2;Sp Gijon;Las Palmas;4;0;1;1;0,2888;0,4849;0,2263
56239;2020-03-08;T19-20;SP2;Tenerife;Ponferradina;1;0;1;1;0,29;0,4726;0,2374
56237;2020-03-08;T19-20;SP2;Alcorcon;Mirandes;1;2;2;1;0,3011;0,4457;0,2532
56236;2020-03-08;T19-20;SP2;Malaga;Zaragoza;0;1;2;1;0,2905;0,4736;0,2359
56235;2020-03-08;T19-20;SP2;Vallecano;Elche;2;3;2;1;0,275;0,512;0,2131
44397;2020-03-08;T19-20;SP1;Betis;Real Madrid;2;1;1;2;0,2545;0,2746;0,4709
44396;2020-03-08;T19-20;SP1;Villarreal;Leganes;1;2;2;1;0,2214;0,6268;0,1519
44394;2020-03-08;T19-20;SP1;Valladolid;Ath Bilbao;1;4;2;1;0,3068;0,4094;0,2838
5908;2020-03-08;T19-20;D1;Mainz;Fortuna Dusseldorf;1;1;0;1;0,2667;0,5211;0,2123
34394;2020-03-08;T19-20;I1;Udinese;Fiorentina;0;0;0;2;0,3075;0,3378;0,3547
5907;2020-03-08;T19-20;D1;Bayern Munich;Augsburg;2;0;1;1;0,1146;0,8267;0,0587
15837;2020-03-08;T19-20;E0;Chelsea;Everton;4;0;1;1;0,2122;0,6594;0,1283
15838;2020-03-08;T19-20;E0;Man United;Man City;2;0;1;2;0,2114;0,3573;0,4314
44393;2020-03-08;T19-20;SP1;Osasuna;Espanol;1;0;1;1;0,2878;0,4732;0,239
26109;2020-03-08;T19-20;F1;Rennes;Montpellier;5;0;1;1;0,258;0,5542;0,1877
26110;2020-03-08;T19-20;F1;Lille;Lyon;1;0;1;2;0,2597;0,3081;0,4322
34392;2020-03-08;T19-20;I1;Milan;Genoa;1;2;2;1;0,2682;0,5337;0,1982
26108;2020-03-08;T19-20;F1;St Etienne;Bordeaux;1;1;0;1;0,2729;0,5129;0,2142
44398;2020-03-10;T19-20;SP1;Eibar;Sociedad;1;2;2;1;0,2973;0,4;0,3027
5909;2020-03-11;T19-20;D1;M'gladbach;FC Koln;2;1;1;1;0,2126;0,6328;0,1546
5928;2020-05-26;T19-20;D1;Dortmund;Bayern Munich;0;1;2;2;0,2015;0,321;0,4775
5929;2020-05-26;T19-20;D1;Ein Frankfurt;Freiburg;3;3;0;1;0,2751;0,4903;0,2346
5930;2020-05-26;T19-20;D1;Leverkusen;Wolfsburg;1;4;2;1;0,2456;0,569;0,1853
5931;2020-05-26;T19-20;D1;Werder Bremen;M'gladbach;0;0;0;2;0,1964;0,1677;0,6358
5935;2020-05-27;T19-20;D1;Hoffenheim;FC Koln;3;1;1;1;0,2767;0,3816;0,3417
5936;2020-05-27;T19-20;D1;Union Berlin;Mainz;1;1;0;1;0,3028;0,3893;0,3079
5933;2020-05-27;T19-20;D1;Augsburg;Paderborn;0;0;0;1;0,2942;0,445;0,2608
5932;2020-05-27;T19-20;D1;RB Leipzig;Hertha;2;2;0;1;0,1446;0,7694;0,0861
5934;2020-05-27;T19-20;D1;Fortuna Dusseldorf;Schalke 04;2;1;1;1;0,3015;0,413;0,2855
5937;2020-05-29;T19-20;D1;Freiburg;Leverkusen;0;1;2;2;0,2351;0,2524;0,5124
5938;2020-05-30;T19-20;D1;Hertha;Augsburg;2;0;1;1;0,278;0,4752;0,2469
5939;2020-05-30;T19-20;D1;Mainz;Hoffenheim;0;1;2;2;0,272;0,3268;0,4012
5940;2020-05-30;T19-20;D1;Schalke 04;Werder Bremen;0;1;2;1;0,2951;0,4468;0,2581
5941;2020-05-30;T19-20;D1;Wolfsburg;Ein Frankfurt;1;2;2;1;0,2524;0,4672;0,2805
5942;2020-05-30;T19-20;D1;Bayern Munich;Fortuna Dusseldorf;5;0;1;1;0,113;0,8334;0,0536
5943;2020-05-31;T19-20;D1;M'gladbach;Union Berlin;4;1;1;1;0,1766;0,7202;0,1032
5944;2020-05-31;T19-20;D1;Paderborn;Dortmund;1;6;2;2;0,1581;0,1064;0,7355
5945;2020-06-01;T19-20;D1;FC Koln;RB Leipzig;2;4;2;2;0,2066;0,1781;0,6153
5946;2020-06-03;T19-20;D1;Werder Bremen;Ein Frankfurt;0;3;2;1;0,3049;0,3884;0,3067
5947;2020-06-05;T19-20;D1;Freiburg;M'gladbach;1;0;1;2;0,2522;0,3147;0,4331
5952;2020-06-06;T19-20;D1;Dortmund;Hertha;1;0;1;1;0,1352;0,7799;0,0849
5951;2020-06-06;T19-20;D1;RB Leipzig;Paderborn;1;1;0;1;0,1197;0,8252;0,0551
5948;2020-06-06;T19-20;D1;Ein Frankfurt;Mainz;0;2;2;1;0,278;0,4809;0,2411
5949;2020-06-06;T19-20;D1;Fortuna Dusseldorf;Hoffenheim;2;2;0;2;0,2585;0,2798;0,4617
5950;2020-06-06;T19-20;D1;Leverkusen;Bayern Munich;2;4;2;2;0,201;0,2244;0,5746
5953;2020-06-07;T19-20;D1;Werder Bremen;Wolfsburg;0;1;2;2;0,2607;0,2689;0,4704
5954;2020-06-07;T19-20;D1;Union Berlin;Schalke 04;1;1;0;1;0,2951;0,4293;0,2756
5955;2020-06-07;T19-20;D1;Augsburg;FC Koln;1;1;0;1;0,304;0,3933;0,3026
5956;2020-06-12;T19-20;D1;Hoffenheim;RB Leipzig;0;2;2;2;0,2478;0,2532;0,499
5957;2020-06-13;T19-20;D1;FC Koln;Union Berlin;1;2;2;1;0,2687;0,5049;0,2264
5958;2020-06-13;T19-20;D1;Fortuna Dusseldorf;Dortmund;0;1;2;2;0,202;0,1496;0,6483
5959;2020-06-13;T19-20;D1;Hertha;Ein Frankfurt;1;4;2;1;0,2966;0,3883;0,3151
5960;2020-06-13;T19-20;D1;Paderborn;Werder Bremen;1;5;2;1;0,2845;0,4377;0,2777
5961;2020-06-13;T19-20;D1;Wolfsburg;Freiburg;2;2;0;1;0,2746;0,5052;0,2202
5962;2020-06-13;T19-20;D1;Bayern Munich;M'gladbach;2;1;1;1;0,1657;0,6993;0,135
5963;2020-06-14;T19-20;D1;Mainz;Augsburg;0;1;2;1;0,2825;0,4754;0,2421
5964;2020-06-14;T19-20;D1;Schalke 04;Leverkusen;1;1;0;2;0,25;0,245;0,505
5967;2020-06-16;T19-20;D1;Union Berlin;Paderborn;1;0;1;1;0,2915;0,4518;0,2567
5968;2020-06-16;T19-20;D1;Werder Bremen;Bayern Munich;0;1;2;2;0,1894;0,1351;0,6755
5965;2020-06-16;T19-20;D1;M'gladbach;Wolfsburg;3;0;1;1;0,2635;0,4597;0,2768
5966;2020-06-16;T19-20;D1;Freiburg;Hertha;2;1;1;1;0,2811;0,4717;0,2472
5969;2020-06-17;T19-20;D1;Ein Frankfurt;Schalke 04;2;1;1;1;0,2811;0,4717;0,2472
5970;2020-06-17;T19-20;D1;Augsburg;Hoffenheim;1;3;2;2;0,2756;0,3072;0,4172
5971;2020-06-17;T19-20;D1;Dortmund;Mainz;0;2;2;1;0,1288;0,8038;0,0674
5972;2020-06-17;T19-20;D1;Leverkusen;FC Koln;3;1;1;1;0,2007;0,6628;0,1365
5973;2020-06-17;T19-20;D1;RB Leipzig;Fortuna Dusseldorf;2;2;0;1;0,134;0,7974;0,0686
56263;2020-06-19;T19-20;SP2;Elche;Girona;1;0;1;1;0,2977;0,4195;0,2828
44421;2020-06-19;T19-20;SP1;Sevilla;Barcelona;0;0;0;2;0,2315;0,2719;0,4966
44419;2020-06-19;T19-20;SP1;Granada;Villarreal;0;1;2;1;0,3028;0,3878;0,3094
44420;2020-06-19;T19-20;SP1;Mallorca;Leganes;1;1;0;1;0,2894;0,4525;0,2581
44422;2020-06-20;T19-20;SP1;Espanol;Levante;1;3;2;1;0,3144;0,4029;0,2827
56267;2020-06-20;T19-20;SP2;Malaga;Extremadura;1;1;0;1;0,2796;0,5127;0,2077
56266;2020-06-20;T19-20;SP2;Zaragoza;Almeria;0;2;2;1;0,2684;0,5176;0,214
56264;2020-06-20;T19-20;SP2;La Coruna;Vallecano;3;3;0;1;0,3132;0,3906;0,2963
44425;2020-06-20;T19-20;SP1;Ath Madrid;Valladolid;1;0;1;1;0,2212;0,6421;0,1367
44424;2020-06-20;T19-20;SP1;Getafe;Eibar;1;1;0;1;0,278;0,5012;0,2207
44423;2020-06-20;T19-20;SP1;Ath Bilbao;Betis;1;0;1;1;0,2949;0,4615;0,2436
5982;2020-06-20;T19-20;D1;Schalke 04;Wolfsburg;1;4;2;2;0,3006;0,3378;0,3616
56265;2020-06-20;T19-20;SP2;Las Palmas;Lugo;1;0;1;1;0,2829;0,4982;0,2189
5980;2020-06-20;T19-20;D1;Paderborn;M'gladbach;1;3;2;2;0,2027;0,1768;0,6205
5979;2020-06-20;T19-20;D1;Mainz;Werder Bremen;3;1;1;1;0,2933;0,4085;0,2982
5978;2020-06-20;T19-20;D1;Hoffenheim;Union Berlin;4;0;1;1;0,2721;0,5134;0,2146
5977;2020-06-20;T19-20;D1;Hertha;Leverkusen;2;0;1;2;0,2405;0,2541;0,5054
5976;2020-06-20;T19-20;D1;Fortuna Dusseldorf;Augsburg;1;1;0;1;0,2915;0,4461;0,2624
5975;2020-06-20;T19-20;D1;FC Koln;Ein Frankfurt;1;1;0;1;0,2806;0,4214;0,298
5974;2020-06-20;T19-20;D1;Bayern Munich;Freiburg;3;1;1;1;0,1215;0,8121;0,0665
5981;2020-06-20;T19-20;D1;RB Leipzig;Dortmund;0;2;2;1;0,2079;0,3961;0,396
56272;2020-06-21;T19-20;SP2;Fuenlabrada;Numancia;2;0;1;1;0,3013;0,4316;0,2671
56271;2020-06-21;T19-20;SP2;Cadiz;Alcorcon;1;1;0;1;0,2573;0,555;0,1877
56270;2020-06-21;T19-20;SP2;Albacete;Huesca;2;2;0;1;0,3036;0,4108;0,2856
56269;2020-06-21;T19-20;SP2;Santander;Tenerife;1;2;2;1;0,3022;0,4231;0,2746
44428;2020-06-21;T19-20;SP1;Sociedad;Real Madrid;1;2;2;2;0,2363;0,2435;0,5202
44427;2020-06-21;T19-20;SP1;Valencia;Osasuna;2;0;1;1;0,2767;0,5027;0,2206
44426;2020-06-21;T19-20;SP1;Celta;Alaves;6;0;1;1;0,3099;0,4152;0,2749
56268;2020-06-21;T19-20;SP2;Mirandes;Ponferradina;1;2;2;1;0,3075;0,4158;0,2767
44429;2020-06-22;T19-20;SP1;Villarreal;Sevilla;2;2;0;1;0,2776;0,4344;0,288
44430;2020-06-22;T19-20;SP1;Leganes;Granada;0;0;0;1;0,3105;0,4194;0,2701
56273;2020-06-22;T19-20;SP2;Sp Gijon;Oviedo;0;1;2;1;0,2877;0,4851;0,2272
56276;2020-06-23;T19-20;SP2;Extremadura;Zaragoza;1;2;2;2;0,282;0,3275;0,3904
56274;2020-06-23;T19-20;SP2;Elche;La Coruna;0;1;2;1;0,2763;0,507;0,2167
56275;2020-06-23;T19-20;SP2;Lugo;Malaga;0;0;0;1;0,3062;0,4199;0,2739
44432;2020-06-23;T19-20;SP1;Valladolid;Getafe;1;1;0;1;0,3123;0,3901;0,2976
44431;2020-06-23;T19-20;SP1;Levante;Ath Madrid;0;1;2;2;0,2757;0,3221;0,4022
44433;2020-06-23;T19-20;SP1;Barcelona;Ath Bilbao;1;0;1;1;0,153;0,7571;0,0899
44434;2020-06-24;T19-20;SP1;Alaves;Osasuna;0;1;2;1;0,2981;0,4537;0,2482
44435;2020-06-24;T19-20;SP1;Sociedad;Celta;0;1;2;1;0,2535;0,5539;0,1925
44436;2020-06-24;T19-20;SP1;Real Madrid;Mallorca;2;0;1;1;0,1597;0,7553;0,085
56277;2020-06-24;T19-20;SP2;Girona;Numancia;2;0;1;1;0,2833;0,4931;0,2236
56278;2020-06-24;T19-20;SP2;Huesca;Cadiz;1;1;0;1;0,2786;0,4979;0,2235
56279;2020-06-24;T19-20;SP2;Tenerife;Mirandes;4;1;1;1;0,2955;0,4579;0,2466
56280;2020-06-24;T19-20;SP2;Albacete;Las Palmas;0;0;0;1;0,3083;0,4075;0,2842
56281;2020-06-24;T19-20;SP2;Ponferradina;Santander;1;1;0;1;0,2801;0,5021;0,2178
56284;2020-06-25;T19-20;SP2;Oviedo;Fuenlabrada;0;0;0;1;0,2948;0,4389;0,2662
56283;2020-06-25;T19-20;SP2;Vallecano;Sp Gijon;1;1;0;1;0,2616;0,5458;0,1926
44438;2020-06-25;T19-20;SP1;Betis;Espanol;1;0;1;1;0,2849;0,4764;0,2387
44437;2020-06-25;T19-20;SP1;Eibar;Valencia;1;0;1;1;0,304;0,4358;0,2603
56282;2020-06-25;T19-20;SP2;Almeria;Alcorcon;0;1;2;1;0,2421;0,5822;0,1757
44439;2020-06-26;T19-20;SP1;Sevilla;Valladolid;1;1;0;1;0,2081;0,6662;0,1257
44440;2020-06-27;T19-20;SP1;Ath Bilbao;Mallorca;3;1;1;1;0,2462;0,5934;0,1604
56287;2020-06-27;T19-20;SP2;Las Palmas;Elche;1;1;0;1;0,304;0,4325;0,2635
56286;2020-06-27;T19-20;SP2;Cadiz;Tenerife;0;2;2;1;0,2614;0,5452;0,1934
56285;2020-06-27;T19-20;SP2;La Coruna;Ponferradina;2;1;1;1;0,2973;0,459;0,2437
56288;2020-06-27;T19-20;SP2;Santander;Albacete;1;2;2;1;0,3013;0,4266;0,2721
44443;2020-06-27;T19-20;SP1;Ath Madrid;Alaves;2;1;1;1;0,2278;0,6305;0,1417
44442;2020-06-27;T19-20;SP1;Osasuna;Leganes;2;1;1;1;0,2889;0,4528;0,2583
44441;2020-06-27;T19-20;SP1;Celta;Barcelona;2;2;0;2;0,2327;0,1819;0,5854
34413;2020-06-27;T19-20;I1;Cagliari;Torino;4;2;1;1;0,2713;0,4987;0,2301
5986;2020-06-27;T19-20;D1;Freiburg;Schalke 04;4;0;1;1;0,2761;0,5057;0,2182
5991;2020-06-27;T19-20;D1;Wolfsburg;Bayern Munich;0;4;2;2;0,1954;0,1427;0,6619
5990;2020-06-27;T19-20;D1;Werder Bremen;FC Koln;6;1;1;1;0,2996;0,4279;0,2726
5989;2020-06-27;T19-20;D1;Union Berlin;Fortuna Dusseldorf;3;0;1;1;0,3013;0,422;0,2767
5988;2020-06-27;T19-20;D1;M'gladbach;Hertha;2;1;1;1;0,1819;0,7091;0,109
5987;2020-06-27;T19-20;D1;Leverkusen;Mainz;1;0;1;1;0,1937;0,6865;0,1198
5985;2020-06-27;T19-20;D1;Ein Frankfurt;Paderborn;3;2;1;1;0,1746;0,7454;0,08
5984;2020-06-27;T19-20;D1;Dortmund;Hoffenheim;0;4;2;1;0,2464;0,4957;0,2579
5983;2020-06-27;T19-20;D1;Augsburg;RB Leipzig;1;2;2;2;0,1613;0,1418;0,697
15862;2020-06-27;T19-20;E0;Aston Villa;Wolves;0;1;2;2;0,2729;0,3018;0,4253
56292;2020-06-28;T19-20;SP2;Numancia;Oviedo;1;0;1;1;0,2957;0,4602;0,2441
56291;2020-06-28;T19-20;SP2;Malaga;Girona;2;0;1;1;0,2925;0,4766;0,2309
56290;2020-06-28;T19-20;SP2;Sp Gijon;Lugo;2;0;1;1;0,2775;0,515;0,2075
56289;2020-06-28;T19-20;SP2;Mirandes;Almeria;2;2;0;1;0,2946;0,4252;0,2801
44447;2020-06-28;T19-20;SP1;Espanol;Real Madrid;0;1;2;2;0,2528;0,2293;0,5179
56293;2020-06-28;T19-20;SP2;Fuenlabrada;Extremadura;1;1;0;1;0,2982;0,4465;0,2553
44445;2020-06-28;T19-20;SP1;Villarreal;Valencia;2;0;1;1;0,2638;0,5255;0,2107
44444;2020-06-28;T19-20;SP1;Levante;Betis;4;2;1;1;0,2898;0,473;0,2372
34420;2020-06-28;T19-20;I1;Parma;Inter;1;2;2;2;0,2385;0,249;0,5124
34418;2020-06-28;T19-20;I1;Sassuolo;Verona;3;3;0;1;0,2914;0,4599;0,2487
15863;2020-06-28;T19-20;E0;Watford;Southampton;1;3;2;1;0,3057;0,3851;0,3091
44446;2020-06-28;T19-20;SP1;Granada;Eibar;1;2;2;1;0,2864;0,4833;0,2303
15864;2020-06-29;T19-20;E0;Crystal Palace;Burnley;0;1;2;1;0,29;0,4821;0,2278
44448;2020-06-29;T19-20;SP1;Getafe;Sociedad;2;1;1;1;0,2893;0,4685;0,2421
56294;2020-06-29;T19-20;SP2;Alcorcon;Vallecano;3;2;1;1;0,304;0,4059;0,2901
56295;2020-06-29;T19-20;SP2;Zaragoza;Huesca;0;1;2;1;0,2684;0,5195;0,2121
56297;2020-06-30;T19-20;SP2;Elche;Cadiz;0;0;0;1;0,3054;0,4108;0,2837
56296;2020-06-30;T19-20;SP2;Tenerife;La Coruna;1;1;0;1;0,2765;0,5093;0,2141
44451;2020-06-30;T19-20;SP1;Barcelona;Ath Madrid;2;2;0;1;0,1464;0,7723;0,0813
44450;2020-06-30;T19-20;SP1;Leganes;Sevilla;0;3;2;2;0,2759;0,2885;0,4355
44449;2020-06-30;T19-20;SP1;Mallorca;Celta;5;1;1;1;0,3109;0,3919;0,2972
34421;2020-06-30;T19-20;I1;Torino;Lazio;1;2;2;2;0,237;0,1888;0,5742
15865;2020-06-30;T19-20;E0;Brighton;Man United;0;3;2;2;0,2712;0,3367;0,3921
34422;2020-06-30;T19-20;I1;Genoa;Juventus;1;3;2;2;0,1788;0,15;0,6712
44453;2020-07-01;T19-20;SP1;Valencia;Ath Bilbao;0;2;2;1;0,2868;0,476;0,2372
56301;2020-07-01;T19-20;SP2;Extremadura;Santander;3;1;1;1;0,2814;0,5062;0,2124
56300;2020-07-01;T19-20;SP2;Oviedo;Mirandes;1;0;1;1;0,3001;0,4441;0,2558
56302;2020-07-01;T19-20;SP2;Ponferradina;Fuenlabrada;0;3;2;1;0,2821;0,497;0,221
56299;2020-07-01;T19-20;SP2;Lugo;Numancia;3;1;1;1;0,29;0,4842;0,2258
56298;2020-07-01;T19-20;SP2;Almeria;Sp Gijon;1;0;1;1;0,2448;0,5772;0,1781
44455;2020-07-01;T19-20;SP1;Valladolid;Levante;0;0;0;1;0,3059;0,4254;0,2686
44454;2020-07-01;T19-20;SP1;Betis;Villarreal;0;2;2;1;0,2926;0,4383;0,2691
44452;2020-07-01;T19-20;SP1;Alaves;Granada;0;2;2;1;0,3053;0,4104;0,2843
15868;2020-07-01;T19-20;E0;Everton;Leicester;2;1;1;2;0,2496;0,2529;0,4976
34427;2020-07-01;T19-20;I1;Spal;Milan;2;2;0;2;0,2579;0,2629;0,4792
34426;2020-07-01;T19-20;I1;Lecce;Sampdoria;1;2;2;2;0,2886;0,3434;0,368
34425;2020-07-01;T19-20;I1;Fiorentina;Sassuolo;1;3;2;1;0,2832;0,4443;0,2725
34424;2020-07-01;T19-20;I1;Inter;Brescia;6;0;1;1;0,1384;0,8021;0,0596
34423;2020-07-01;T19-20;I1;Bologna;Cagliari;1;1;0;1;0,2655;0,5287;0,2057
15869;2020-07-01;T19-20;E0;West Ham;Chelsea;3;2;1;2;0,2338;0,2141;0,5521
15867;2020-07-01;T19-20;E0;Bournemouth;Newcastle;1;4;2;1;0,2918;0,4763;0,232
15866;2020-07-01;T19-20;E0;Arsenal;Norwich;4;0;1;1;0,2074;0,6715;0,1211
34428;2020-07-01;T19-20;I1;Verona;Parma;3;2;1;1;0,2805;0,4981;0,2214
56305;2020-07-02;T19-20;SP2;Vallecano;Malaga;0;0;0;1;0,2842;0,4816;0,2342
56304;2020-07-02;T19-20;SP2;Huesca;Las Palmas;1;0;1;1;0,2696;0,5243;0,2061
56303;2020-07-02;T19-20;SP2;Albacete;Alcorcon;1;1;0;1;0,2925;0,4785;0,229
44458;2020-07-02;T19-20;SP1;Real Madrid;Getafe;1;0;1;1;0,2088;0,6494;0,1418
44457;2020-07-02;T19-20;SP1;Sociedad;Espanol;2;1;1;1;0,252;0,5615;0,1865
34430;2020-07-02;T19-20;I1;Roma;Udinese;0;2;2;1;0,1666;0,7381;0,0954
34429;2020-07-02;T19-20;I1;Atalanta;Napoli;2;0;1;1;0,2516;0,4453;0,3031
15871;2020-07-02;T19-20;E0;Man City;Liverpool;4;0;1;1;0,1844;0,5533;0,2623
15870;2020-07-02;T19-20;E0;Sheffield United;Tottenham;3;1;1;2;0,26;0,3392;0,4008
44456;2020-07-02;T19-20;SP1;Eibar;Osasuna;0;2;2;1;0,2483;0,5887;0,163
44459;2020-07-03;T19-20;SP1;Ath Madrid;Mallorca;3;0;1;1;0,2254;0,6416;0,133
56306;2020-07-03;T19-20;SP2;Girona;Zaragoza;1;0;1;1;0,2997;0,4416;0,2587
44461;2020-07-04;T19-20;SP1;Valladolid;Alaves;1;0;1;1;0,2848;0,4994;0,2158
56311;2020-07-04;T19-20;SP2;Fuenlabrada;Mirandes;2;2;0;1;0,3032;0,437;0,2598
56310;2020-07-04;T19-20;SP2;Cadiz;Oviedo;2;0;1;1;0,2692;0,5278;0,203
56309;2020-07-04;T19-20;SP2;Almeria;Tenerife;1;2;2;1;0,2498;0,5652;0,185
56308;2020-07-04;T19-20;SP2;Santander;Elche;1;2;2;1;0,3076;0,4075;0,2848
56307;2020-07-04;T19-20;SP2;Numancia;Extremadura;1;0;1;1;0,2943;0,4557;0,25
44462;2020-07-04;T19-20;SP1;Granada;Valencia;2;2;0;1;0,2937;0,4599;0,2464
44460;2020-07-04;T19-20;SP1;Celta;Betis;1;1;0;1;0,2754;0,5226;0,202
34433;2020-07-04;T19-20;I1;Lazio;Milan;0;3;2;1;0,1826;0,6966;0,1208
34432;2020-07-04;T19-20;I1;Sassuolo;Lecce;4;2;1;1;0,1745;0,7515;0,074
34431;2020-07-04;T19-20;I1;Juventus;Torino;4;1;1;1;0,1549;0,7768;0,0683
15876;2020-07-04;T19-20;E0;Chelsea;Watford;3;0;1;1;0,1853;0,7042;0,1105
15875;2020-07-04;T19-20;E0;Wolves;Arsenal;0;2;2;1;0,2659;0,4325;0,3016
15874;2020-07-04;T19-20;E0;Man United;Bournemouth;5;2;1;1;0,1994;0,6976;0,103
15873;2020-07-04;T19-20;E0;Leicester;Crystal Palace;3;0;1;1;0,1771;0,717;0,1059
15872;2020-07-04;T19-20;E0;Norwich;Brighton;0;1;2;1;0,296;0,4676;0,2364
56315;2020-07-05;T19-20;SP2;Alcorcon;Lugo;2;2;0;1;0,2909;0,4507;0,2585
56314;2020-07-05;T19-20;SP2;Malaga;Albacete;0;0;0;1;0,285;0,4981;0,2169
56313;2020-07-05;T19-20;SP2;Las Palmas;Ponferradina;3;0;1;1;0,2893;0,482;0,2288
56312;2020-07-05;T19-20;SP2;La Coruna;Huesca;2;1;1;1;0,3011;0,4457;0,2532
44466;2020-07-05;T19-20;SP1;Villarreal;Barcelona;1;4;2;2;0,2353;0,2687;0,496
44465;2020-07-05;T19-20;SP1;Osasuna;Getafe;0;0;0;2;0,2664;0,3227;0,4109
44464;2020-07-05;T19-20;SP1;Espanol;Leganes;0;1;2;1;0,2926;0,4673;0,2401
44463;2020-07-05;T19-20;SP1;Ath Bilbao;Real Madrid;0;1;2;2;0,2408;0,253;0,5062
34439;2020-07-05;T19-20;I1;Udinese;Genoa;2;2;0;1;0,2425;0,6217;0,1359
34440;2020-07-05;T19-20;I1;Napoli;Roma;2;1;1;1;0,2342;0,5339;0,2319
15877;2020-07-05;T19-20;E0;Burnley;Sheffield United;1;1;0;1;0,2988;0,4337;0,2675
34437;2020-07-05;T19-20;I1;Parma;Fiorentina;1;2;2;1;0,3029;0,4026;0,2945
34436;2020-07-05;T19-20;I1;Cagliari;Atalanta;0;1;2;2;0,1933;0,137;0,6697
34435;2020-07-05;T19-20;I1;Brescia;Verona;2;0;1;2;0,2633;0,2527;0,484
34434;2020-07-05;T19-20;I1;Inter;Bologna;1;2;2;1;0,1635;0,7412;0,0953
15880;2020-07-05;T19-20;E0;Southampton;Man City;1;0;1;2;0,2106;0,1742;0,6152
15879;2020-07-05;T19-20;E0;Liverpool;Aston Villa;2;0;1;1;0,1395;0,7973;0,0632
15878;2020-07-05;T19-20;E0;Newcastle;West Ham;2;2;0;1;0,2478;0,6141;0,1381
34438;2020-07-05;T19-20;I1;Sampdoria;Spal;3;0;1;1;0,2889;0,4597;0,2515
15881;2020-07-06;T19-20;E0;Tottenham;Everton;1;0;1;1;0,2162;0,6432;0,1407
44467;2020-07-06;T19-20;SP1;Levante;Sociedad;1;1;0;1;0,2987;0,4401;0,2612
44468;2020-07-06;T19-20;SP1;Sevilla;Eibar;1;0;1;1;0,2153;0,6555;0,1292
56316;2020-07-06;T19-20;SP2;Sp Gijon;Girona;0;0;0;1;0,3004;0,4467;0,2529
56317;2020-07-06;T19-20;SP2;Zaragoza;Vallecano;2;4;2;1;0,2792;0,4938;0,2271
56319;2020-07-07;T19-20;SP2;Fuenlabrada;Santander;1;0;1;1;0,2824;0,4997;0,2179
44470;2020-07-07;T19-20;SP1;Celta;Ath Madrid;1;1;0;2;0,2928;0,3091;0,3981
56320;2020-07-07;T19-20;SP2;Extremadura;Cadiz;0;1;2;1;0,3102;0,3974;0,2924
44469;2020-07-07;T19-20;SP1;Valencia;Valladolid;2;1;1;1;0,2662;0,5363;0,1975
56318;2020-07-07;T19-20;SP2;Mirandes;Elche;1;0;1;1;0,2869;0,4675;0,2456
34441;2020-07-07;T19-20;I1;Lecce;Lazio;2;1;1;2;0,1707;0,1182;0,711
15884;2020-07-07;T19-20;E0;Arsenal;Leicester;1;1;0;1;0,2958;0,3786;0,3257
15883;2020-07-07;T19-20;E0;Watford;Norwich;2;1;1;1;0,2684;0,5428;0,1888
15882;2020-07-07;T19-20;E0;Crystal Palace;Chelsea;2;3;2;2;0,247;0,225;0,528
34442;2020-07-07;T19-20;I1;Milan;Juventus;4;2;1;2;0,2617;0,3501;0,3882
56324;2020-07-08;T19-20;SP2;Ponferradina;Lugo;0;1;2;1;0,2837;0,4949;0,2215
56322;2020-07-08;T19-20;SP2;Oviedo;Las Palmas;2;1;1;1;0,3024;0,4216;0,276
56321;2020-07-08;T19-20;SP2;Malaga;La Coruna;1;0;1;1;0,2885;0,4886;0,2229
44473;2020-07-08;T19-20;SP1;Barcelona;Espanol;1;0;1;1;0,1431;0,7759;0,0811
44472;2020-07-08;T19-20;SP1;Getafe;Villarreal;1;3;2;1;0,2917;0,4518;0,2565
44471;2020-07-08;T19-20;SP1;Betis;Osasuna;3;0;1;1;0,2887;0,4678;0,2436
34448;2020-07-08;T19-20;I1;Torino;Brescia;3;1;1;1;0,2251;0,6406;0,1343
34447;2020-07-08;T19-20;I1;Roma;Parma;2;1;1;1;0,1897;0,6928;0,1175
56323;2020-07-08;T19-20;SP2;Huesca;Alcorcon;2;1;1;1;0,2686;0,5278;0,2036
34445;2020-07-08;T19-20;I1;Atalanta;Sampdoria;2;0;1;1;0,1234;0,8167;0,0598
34444;2020-07-08;T19-20;I1;Genoa;Napoli;1;2;2;2;0,2128;0,1751;0,6122
34443;2020-07-08;T19-20;I1;Fiorentina;Cagliari;0;0;0;1;0,2744;0,5137;0,2118
15888;2020-07-08;T19-20;E0;Brighton;Liverpool;1;3;2;2;0,2264;0,1648;0,6088
15887;2020-07-08;T19-20;E0;West Ham;Burnley;0;1;2;1;0,2955;0,4499;0,2545
15886;2020-07-08;T19-20;E0;Sheffield United;Wolves;1;0;1;1;0,2876;0,4844;0,228
15885;2020-07-08;T19-20;E0;Man City;Newcastle;5;0;1;1;0,1438;0,7719;0,0844
34446;2020-07-08;T19-20;I1;Bologna;Sassuolo;1;2;2;1;0,2803;0,4238;0,2959
56328;2020-07-09;T19-20;SP2;Tenerife;Zaragoza;1;1;0;1;0,2857;0,482;0,2323
56327;2020-07-09;T19-20;SP2;Girona;Almeria;1;0;1;1;0,3002;0,443;0,2567
56326;2020-07-09;T19-20;SP2;Vallecano;Numancia;3;2;1;1;0,2603;0,5469;0,1928
56325;2020-07-09;T19-20;SP2;Albacete;Sp Gijon;1;1;0;1;0,2899;0,4865;0,2236
44476;2020-07-09;T19-20;SP1;Ath Bilbao;Sevilla;1;2;2;1;0,2989;0,3842;0,3169
44475;2020-07-09;T19-20;SP1;Mallorca;Levante;2;0;1;1;0,2969;0,4351;0,2679
44474;2020-07-09;T19-20;SP1;Eibar;Leganes;0;0;0;1;0,2836;0,4959;0,2204
34449;2020-07-09;T19-20;I1;Spal;Udinese;0;3;2;1;0,3063;0,4217;0,272
15891;2020-07-09;T19-20;E0;Aston Villa;Man United;0;3;2;2;0,2202;0,2042;0,5756
15890;2020-07-09;T19-20;E0;Everton;Southampton;1;1;0;1;0,2841;0,4879;0,228
15889;2020-07-09;T19-20;E0;Bournemouth;Tottenham;0;0;0;2;0,2673;0,3259;0,4068
34450;2020-07-09;T19-20;I1;Verona;Inter;2;2;0;2;0,2141;0,1847;0,6012
44477;2020-07-10;T19-20;SP1;Sociedad;Granada;2;3;2;1;0,2633;0,5315;0,2052
44478;2020-07-10;T19-20;SP1;Real Madrid;Alaves;2;0;1;1;0,1683;0,7398;0,0919
44479;2020-07-11;T19-20;SP1;Osasuna;Celta;2;1;1;1;0,2979;0,4208;0,2812
56331;2020-07-11;T19-20;SP2;Cadiz;Fuenlabrada;0;1;2;1;0,2657;0,5364;0,1978
56330;2020-07-11;T19-20;SP2;Las Palmas;Mirandes;1;0;1;1;0,2991;0,4498;0,2511
44481;2020-07-11;T19-20;SP1;Ath Madrid;Betis;1;0;1;1;0,2441;0,5905;0,1654
44480;2020-07-11;T19-20;SP1;Valladolid;Barcelona;0;1;2;2;0,2256;0,1672;0,6072
34453;2020-07-11;T19-20;I1;Juventus;Atalanta;2;2;0;1;0,1995;0,5171;0,2835
56329;2020-07-11;T19-20;SP2;Santander;Huesca;1;0;1;2;0,2672;0,2745;0,4584
34451;2020-07-11;T19-20;I1;Lazio;Sassuolo;1;2;2;1;0,2478;0,5451;0,2071
15896;2020-07-11;T19-20;E0;Brighton;Man City;0;5;2;2;0,1981;0,1637;0,6381
15895;2020-07-11;T19-20;E0;Sheffield United;Chelsea;3;0;1;2;0,2552;0,2413;0,5035
15894;2020-07-11;T19-20;E0;Liverpool;Burnley;1;1;0;1;0,1763;0,7094;0,1143
34452;2020-07-11;T19-20;I1;Brescia;Roma;0;3;2;2;0,1992;0,1594;0,6414
15893;2020-07-11;T19-20;E0;Watford;Newcastle;2;1;1;1;0,2939;0,4708;0,2353
15892;2020-07-11;T19-20;E0;Norwich;West Ham;0;4;2;1;0,3153;0,3812;0,3035
56335;2020-07-12;T19-20;SP2;Zaragoza;Oviedo;2;4;2;1;0,266;0,5303;0,2037
56334;2020-07-12;T19-20;SP2;Numancia;Ponferradina;1;0;1;1;0,2914;0,4728;0,2358
56333;2020-07-12;T19-20;SP2;Lugo;Girona;2;2;0;1;0,3091;0,4031;0,2879
56332;2020-07-12;T19-20;SP2;La Coruna;Extremadura;2;3;2;1;0,2821;0,5028;0,2151
44484;2020-07-12;T19-20;SP1;Leganes;Valencia;1;0;1;1;0,3158;0,3982;0,286
44483;2020-07-12;T19-20;SP1;Levante;Ath Bilbao;1;2;2;1;0,2996;0,425;0,2754
44482;2020-07-12;T19-20;SP1;Espanol;Eibar;0;2;2;1;0,3062;0,4106;0,2833
34459;2020-07-12;T19-20;I1;Napoli;Milan;2;2;0;1;0,2126;0,6508;0,1366
44485;2020-07-12;T19-20;SP1;Sevilla;Mallorca;2;0;1;1;0,2082;0,674;0,1178
34457;2020-07-12;T19-20;I1;Parma;Bologna;2;2;0;1;0,3047;0,417;0,2783
34456;2020-07-12;T19-20;I1;Fiorentina;Verona;1;1;0;1;0,2775;0,507;0,2155
34455;2020-07-12;T19-20;I1;Cagliari;Lecce;0;0;0;1;0,1974;0,7189;0,0837
34454;2020-07-12;T19-20;I1;Genoa;Spal;2;0;1;1;0,3072;0,4264;0,2665
15900;2020-07-12;T19-20;E0;Bournemouth;Leicester;4;1;1;2;0,2525;0,2352;0,5123
15899;2020-07-12;T19-20;E0;Tottenham;Arsenal;2;1;1;1;0,2683;0,4222;0,3096
15898;2020-07-12;T19-20;E0;Aston Villa;Crystal Palace;2;0;1;1;0,2986;0,413;0,2884
15897;2020-07-12;T19-20;E0;Wolves;Everton;3;0;1;1;0,2821;0,4878;0,2301
34458;2020-07-12;T19-20;I1;Udinese;Sampdoria;1;3;2;1;0,3064;0,4281;0,2655
56339;2020-07-13;T19-20;SP2;Elche;Albacete;2;0;1;1;0,2933;0,4469;0,2598
56338;2020-07-13;T19-20;SP2;Alcorcon;Tenerife;0;0;0;1;0,2959;0,4338;0,2703
56337;2020-07-13;T19-20;SP2;Sp Gijon;Malaga;2;1;1;1;0,2964;0,4405;0,2631
56336;2020-07-13;T19-20;SP2;Almeria;Vallecano;3;2;1;1;0,2735;0,5036;0,2229
44487;2020-07-13;T19-20;SP1;Villarreal;Sociedad;1;2;2;1;0,2603;0,5324;0,2073
44486;2020-07-13;T19-20;SP1;Alaves;Getafe;0;0;0;1;0,3098;0,397;0,2933
34460;2020-07-13;T19-20;I1;Inter;Torino;3;1;1;1;0,1482;0,7905;0,0612
15901;2020-07-13;T19-20;E0;Man United;Southampton;2;2;0;1;0,1929;0,6911;0,116
44488;2020-07-13;T19-20;SP1;Granada;Real Madrid;1;2;2;2;0,2429;0,219;0,5381
15902;2020-07-14;T19-20;E0;Chelsea;Norwich;1;0;1;1;0,1496;0,7799;0,0704
34461;2020-07-14;T19-20;I1;Atalanta;Brescia;6;2;1;1;0,098;0,863;0,039
34464;2020-07-15;T19-20;I1;Sampdoria;Cagliari;3;0;1;1;0,3;0,4325;0,2675
34467;2020-07-15;T19-20;I1;Sassuolo;Juventus;3;3;0;2;0,2335;0,2433;0,5232
34466;2020-07-15;T19-20;I1;Roma;Verona;2;1;1;1;0,1869;0,6973;0,1158
34468;2020-07-15;T19-20;I1;Udinese;Lazio;0;0;0;2;0,2287;0,2031;0,5682
34463;2020-07-15;T19-20;I1;Milan;Parma;3;1;1;1;0,2272;0,6299;0,1429
34465;2020-07-15;T19-20;I1;Lecce;Fiorentina;1;3;2;2;0,2582;0,2749;0,4669
15906;2020-07-15;T19-20;E0;Arsenal;Liverpool;2;1;1;2;0,2441;0,3165;0,4394
15905;2020-07-15;T19-20;E0;Newcastle;Tottenham;1;3;2;2;0,2748;0,2941;0,4312
15904;2020-07-15;T19-20;E0;Man City;Bournemouth;2;1;1;1;0,1254;0,8145;0,0602
15903;2020-07-15;T19-20;E0;Burnley;Wolves;1;1;0;1;0,305;0,3891;0,3058
34462;2020-07-15;T19-20;I1;Bologna;Napoli;1;1;0;2;0,2652;0,2705;0,4642
44498;2020-07-16;T19-20;SP1;Valencia;Espanol;1;0;1;1;0,2713;0,5227;0,206
44497;2020-07-16;T19-20;SP1;Sociedad;Sevilla;0;0;0;2;0,2881;0,3228;0,3891
44496;2020-07-16;T19-20;SP1;Real Madrid;Villarreal;2;1;1;1;0,2013;0,6597;0,139
44495;2020-07-16;T19-20;SP1;Mallorca;Granada;1;2;2;1;0,2941;0,4382;0,2677
44494;2020-07-16;T19-20;SP1;Getafe;Ath Madrid;0;2;2;2;0,2892;0,3481;0,3628
44493;2020-07-16;T19-20;SP1;Celta;Levante;2;3;2;1;0,3049;0,4346;0,2605
44492;2020-07-16;T19-20;SP1;Betis;Alaves;1;2;2;1;0,2642;0,5392;0,1966
44491;2020-07-16;T19-20;SP1;Barcelona;Osasuna;1;2;2;1;0,1474;0,7727;0,0799
44489;2020-07-16;T19-20;SP1;Eibar;Valladolid;3;1;1;1;0,2798;0,5085;0,2117
34470;2020-07-16;T19-20;I1;Spal;Inter;0;4;2;2;0,1693;0,1375;0,6932
34469;2020-07-16;T19-20;I1;Torino;Genoa;3;0;1;1;0,3083;0,4216;0,2701
15910;2020-07-16;T19-20;E0;Southampton;Brighton;1;1;0;1;0,2657;0,5362;0,1981
15909;2020-07-16;T19-20;E0;Crystal Palace;Man United;0;2;2;2;0,2625;0,2532;0,4844
15908;2020-07-16;T19-20;E0;Leicester;Sheffield United;2;0;1;1;0,2081;0,6504;0,1415
15907;2020-07-16;T19-20;E0;Everton;Aston Villa;1;1;0;1;0,2715;0,5246;0,2039
44490;2020-07-16;T19-20;SP1;Ath Bilbao;Leganes;0;2;2;1;0,2692;0,5333;0,1975
56346;2020-07-17;T19-20;SP2;Mirandes;La Coruna;1;0;1;1;0,2774;0,5027;0,2199
56349;2020-07-17;T19-20;SP2;Tenerife;Lugo;1;2;2;1;0,2719;0,5233;0,2049
56350;2020-07-17;T19-20;SP2;Vallecano;Las Palmas;2;2;0;1;0,2557;0,5562;0,1881
56348;2020-07-17;T19-20;SP2;Ponferradina;Almeria;2;1;1;1;0,3087;0,4113;0,2801
56347;2020-07-17;T19-20;SP2;Oviedo;Santander;1;0;1;1;0,2742;0,5186;0,2072
56345;2020-07-17;T19-20;SP2;Malaga;Alcorcon;2;0;1;1;0,2841;0,5009;0,2151
56340;2020-07-17;T19-20;SP2;Albacete;Zaragoza;4;1;1;1;0,3094;0,4251;0,2655
56343;2020-07-17;T19-20;SP2;Girona;Cadiz;2;1;1;1;0,2923;0,4672;0,2405
56342;2020-07-17;T19-20;SP2;Fuenlabrada;Elche;3;1;1;1;0,2962;0,4585;0,2453
56341;2020-07-17;T19-20;SP2;Extremadura;Sp Gijon;2;0;1;1;0,2823;0,418;0,2997
15911;2020-07-17;T19-20;E0;West Ham;Watford;3;1;1;1;0,2898;0,4583;0,2519
56344;2020-07-17;T19-20;SP2;Huesca;Numancia;3;0;1;1;0,2696;0,5259;0,2045
34472;2020-07-18;T19-20;I1;Cagliari;Sassuolo;1;1;0;1;0,293;0,3655;0,3415
34473;2020-07-18;T19-20;I1;Milan;Bologna;5;1;1;1;0,2285;0,6227;0,1488
15912;2020-07-18;T19-20;E0;Norwich;Burnley;0;2;2;1;0,3079;0,4301;0,2621
34471;2020-07-18;T19-20;I1;Verona;Atalanta;1;1;0;2;0,1754;0,1109;0,7136
44501;2020-07-19;T19-20;SP1;Villarreal;Eibar;4;0;1;1;0,2524;0,5557;0,1918
44508;2020-07-19;T19-20;SP1;Sevilla;Valencia;1;0;1;1;0,2309;0,6166;0,1525
44507;2020-07-19;T19-20;SP1;Osasuna;Mallorca;2;2;0;1;0,2752;0,5146;0,2101
44506;2020-07-19;T19-20;SP1;Levante;Getafe;1;0;1;1;0,2963;0,38;0,3238
44505;2020-07-19;T19-20;SP1;Leganes;Real Madrid;2;2;0;2;0,2495;0,2166;0,5338
44504;2020-07-19;T19-20;SP1;Granada;Ath Bilbao;4;0;1;1;0,2841;0,4825;0,2335
44503;2020-07-19;T19-20;SP1;Espanol;Celta;0;0;0;1;0,3073;0,4335;0,2593
44502;2020-07-19;T19-20;SP1;Ath Madrid;Sociedad;1;1;0;1;0,2643;0,5384;0,1974
44500;2020-07-19;T19-20;SP1;Valladolid;Betis;2;0;1;1;0,2979;0,4614;0,2407
34479;2020-07-19;T19-20;I1;Roma;Inter;2;2;0;1;0,2358;0,5136;0,2507
44499;2020-07-19;T19-20;SP1;Alaves;Barcelona;0;5;2;2;0,2377;0,1907;0,5716
34478;2020-07-19;T19-20;I1;Napoli;Udinese;2;1;1;1;0,1987;0,6803;0,121
34477;2020-07-19;T19-20;I1;Genoa;Lecce;2;1;1;1;0,2296;0,6647;0,1057
34476;2020-07-19;T19-20;I1;Fiorentina;Torino;2;0;1;1;0,2402;0,606;0,1538
34475;2020-07-19;T19-20;I1;Brescia;Spal;2;1;1;1;0,3098;0,4211;0,2691
34474;2020-07-19;T19-20;I1;Parma;Sampdoria;2;3;2;1;0,3041;0,4006;0,2953
15914;2020-07-19;T19-20;E0;Tottenham;Leicester;3;0;1;1;0,2833;0,3723;0,3445
15913;2020-07-19;T19-20;E0;Bournemouth;Southampton;0;2;2;1;0,3022;0,4228;0,2751
56360;2020-07-20;T19-20;SP2;Zaragoza;Ponferradina;2;1;1;1;0,2623;0,54;0,1977
56359;2020-07-20;T19-20;SP2;Sp Gijon;Huesca;0;1;2;1;0,2991;0,4526;0,2483
56358;2020-07-20;T19-20;SP2;Santander;Vallecano;1;2;2;2;0,2725;0,2654;0,4621
56357;2020-07-20;T19-20;SP2;Numancia;Tenerife;2;1;1;1;0,3024;0,4154;0,2822
56356;2020-07-20;T19-20;SP2;Lugo;Mirandes;2;1;1;1;0,3108;0,4001;0,2891
56355;2020-07-20;T19-20;SP2;Elche;Oviedo;2;1;1;1;0,2832;0,4908;0,226
56354;2020-07-20;T19-20;SP2;Cadiz;Albacete;0;1;2;1;0,2672;0,5342;0,1986
34480;2020-07-20;T19-20;I1;Juventus;Lazio;2;1;1;1;0,2161;0,5957;0,1882
56352;2020-07-20;T19-20;SP2;Alcorcon;Girona;2;0;1;1;0,3016;0,416;0,2824
56351;2020-07-20;T19-20;SP2;Las Palmas;Extremadura;5;1;1;1;0,2809;0,5035;0,2156
15917;2020-07-20;T19-20;E0;Wolves;Crystal Palace;2;0;1;1;0,2226;0,6454;0,132
15916;2020-07-20;T19-20;E0;Sheffield United;Everton;0;1;2;1;0,2629;0,5546;0,1825
15915;2020-07-20;T19-20;E0;Brighton;Newcastle;0;0;0;1;0,2901;0,4796;0,2304
56353;2020-07-20;T19-20;SP2;Almeria;Malaga;0;0;0;1;0,2718;0,4947;0,2335
34482;2020-07-21;T19-20;I1;Sassuolo;Milan;1;2;2;2;0,2775;0,3141;0,4084
34481;2020-07-21;T19-20;I1;Atalanta;Bologna;1;0;1;1;0,1226;0,8155;0,0619
15919;2020-07-21;T19-20;E0;Aston Villa;Arsenal;1;0;1;2;0,2543;0,264;0,4817
15918;2020-07-21;T19-20;E0;Watford;Man City;0;4;2;2;0,2031;0,1609;0,636
15920;2020-07-22;T19-20;E0;Man United;West Ham;1;1;0;1;0,1941;0,6957;0,1102
15921;2020-07-22;T19-20;E0;Liverpool;Chelsea;5;3;1;1;0,2089;0,6053;0,1859
34483;2020-07-22;T19-20;I1;Parma;Napoli;2;1;1;2;0,2668;0,2677;0,4655
34484;2020-07-22;T19-20;I1;Inter;Fiorentina;0;0;0;1;0,165;0,7339;0,101
34485;2020-07-22;T19-20;I1;Lecce;Brescia;3;1;1;1;0,2986;0,4422;0,2592
34486;2020-07-22;T19-20;I1;Sampdoria;Genoa;1;2;2;1;0,2379;0,6034;0,1587
34487;2020-07-22;T19-20;I1;Spal;Roma;1;6;2;2;0,1964;0,1548;0,6488
34488;2020-07-22;T19-20;I1;Torino;Verona;1;1;0;1;0,3061;0,43;0,2638
34489;2020-07-23;T19-20;I1;Udinese;Juventus;2;1;1;2;0,2317;0,1904;0,5779
34490;2020-07-23;T19-20;I1;Lazio;Cagliari;2;1;1;1;0,1963;0,6704;0,1332
34491;2020-07-24;T19-20;I1;Milan;Atalanta;1;1;0;2;0,2317;0,2964;0,4719
34492;2020-07-25;T19-20;I1;Brescia;Parma;1;2;2;1;0,3152;0,3983;0,2865
34493;2020-07-25;T19-20;I1;Genoa;Inter;0;3;2;2;0,1697;0,1435;0,6867
34494;2020-07-25;T19-20;I1;Napoli;Sassuolo;2;0;1;1;0,2278;0,5971;0,175
34500;2020-07-26;T19-20;I1;Juventus;Sampdoria;2;0;1;1;0,1699;0,7319;0,0982
34499;2020-07-26;T19-20;I1;Verona;Lazio;1;5;2;2;0,2199;0,1858;0,5943
34498;2020-07-26;T19-20;I1;Spal;Torino;1;1;0;1;0,3181;0,3702;0,3117
34497;2020-07-26;T19-20;I1;Roma;Fiorentina;2;1;1;1;0,1856;0,6972;0,1172
34496;2020-07-26;T19-20;I1;Cagliari;Udinese;0;1;2;1;0,2676;0,523;0,2094
34495;2020-07-26;T19-20;I1;Bologna;Lecce;3;2;1;1;0,2261;0,6405;0,1334
15931;2020-07-26;T19-20;E0;West Ham;Aston Villa;1;1;0;1;0,227;0,639;0,1341
15930;2020-07-26;T19-20;E0;Southampton;Sheffield United;3;1;1;1;0,2604;0,527;0,2126
15922;2020-07-26;T19-20;E0;Arsenal;Watford;3;2;1;1;0,2131;0,6733;0,1137
15928;2020-07-26;T19-20;E0;Man City;Norwich;5;0;1;1;0,097;0,8622;0,0408
15927;2020-07-26;T19-20;E0;Leicester;Man United;0;2;2;1;0,2658;0,394;0,3401
15926;2020-07-26;T19-20;E0;Everton;Bournemouth;1;3;2;1;0,2815;0,4972;0,2213
15925;2020-07-26;T19-20;E0;Crystal Palace;Tottenham;1;1;0;2;0,2691;0,2659;0,465
15924;2020-07-26;T19-20;E0;Chelsea;Wolves;2;0;1;1;0,239;0,578;0,183
15923;2020-07-26;T19-20;E0;Burnley;Brighton;1;2;2;1;0,28;0,5042;0,2158
15929;2020-07-26;T19-20;E0;Newcastle;Liverpool;1;3;2;2;0,2279;0,1809;0,5913
34501;2020-07-28;T19-20;I1;Parma;Atalanta;1;2;2;2;0,203;0,1475;0,6495
34502;2020-07-28;T19-20;I1;Inter;Napoli;2;0;1;1;0,2547;0,4606;0,2847
34509;2020-07-29;T19-20;I1;Fiorentina;Bologna;4;0;1;1;0,2815;0,4941;0,2244
34508;2020-07-29;T19-20;I1;Cagliari;Juventus;2;0;1;2;0,2317;0,212;0,5563
34507;2020-07-29;T19-20;I1;Verona;Spal;3;0;1;1;0,2075;0,703;0,0895
34510;2020-07-29;T19-20;I1;Torino;Roma;2;3;2;2;0,2488;0,245;0,5062
34505;2020-07-29;T19-20;I1;Sassuolo;Genoa;5;0;1;1;0,2957;0,4452;0,2591
34504;2020-07-29;T19-20;I1;Sampdoria;Milan;1;4;2;2;0,2762;0,2894;0,4345
34503;2020-07-29;T19-20;I1;Lazio;Brescia;2;0;1;1;0,1288;0,8213;0,0499
34506;2020-07-29;T19-20;I1;Udinese;Lecce;1;2;2;1;0,2443;0,6389;0,1168
34511;2020-08-01;T19-20;I1;Brescia;Sampdoria;1;1;0;2;0,3004;0,3259;0,3737
34512;2020-08-01;T19-20;I1;Atalanta;Inter;0;2;2;1;0,261;0,4216;0,3174
34513;2020-08-01;T19-20;I1;Juventus;Roma;1;3;2;1;0,2038;0,6035;0,1927
34514;2020-08-01;T19-20;I1;Milan;Cagliari;3;0;1;1;0,2051;0,6657;0,1292
34515;2020-08-01;T19-20;I1;Napoli;Lazio;3;1;1;1;0,227;0,549;0,2239
34520;2020-08-02;T19-20;I1;Sassuolo;Udinese;0;1;2;1;0,2963;0,4436;0,2601
34519;2020-08-02;T19-20;I1;Lecce;Parma;3;4;2;1;0,2998;0,4298;0,2704
34516;2020-08-02;T19-20;I1;Spal;Fiorentina;1;3;2;2;0,257;0,2471;0,4958
34517;2020-08-02;T19-20;I1;Bologna;Torino;1;1;0;1;0,3015;0,3831;0,3154
34518;2020-08-02;T19-20;I1;Genoa;Verona;3;0;1;1;0,3069;0,4247;0,2684
15951;2020-09-26;T20-21;E0;Crystal Palace;Everton;1;2;2;2;0,2881;0,32;0,3919
56382;2020-09-26;T20-21;SP2;Malaga;Alcorcon;1;0;1;1;0,2838;0,5006;0,2156
56384;2020-09-26;T20-21;SP2;Fuenlabrada;Albacete;1;0;1;1;0,2808;0,501;0,2182
56388;2020-09-27;T20-21;SP2;Ponferradina;Vallecano;3;0;1;2;0,2907;0,3228;0,3866
56389;2020-09-27;T20-21;SP2;Tenerife;Mirandes;1;2;2;1;0,2886;0,476;0,2354
44531;2020-09-27;T20-21;SP1;Valladolid;Celta;1;1;0;1;0,2984;0,4603;0,2413
15955;2020-09-27;T20-21;E0;Tottenham;Newcastle;1;1;0;1;0,2002;0,6804;0,1194
15957;2020-09-27;T20-21;E0;West Ham;Wolves;4;0;1;1;0,3018;0,3987;0,2995
15959;2020-09-28;T20-21;E0;Liverpool;Arsenal;3;1;1;1;0,2203;0,5688;0,2109
44533;2020-09-29;T20-21;SP1;Sociedad;Valencia;0;1;2;1;0,2447;0,5857;0,1696
44534;2020-09-29;T20-21;SP1;Getafe;Betis;3;0;1;1;0,2962;0,4598;0,2439
44536;2020-09-30;T20-21;SP1;Villarreal;Alaves;3;1;1;1;0,2566;0,5546;0,1887
44538;2020-09-30;T20-21;SP1;Real Madrid;Valladolid;1;0;1;1;0,1709;0,7309;0,0982
6010;2020-10-02;T20-21;D1;Union Berlin;Mainz;4;0;1;1;0,3023;0,4224;0,2753
34541;2020-10-02;T20-21;I1;Fiorentina;Sampdoria;1;2;2;1;0,2815;0,4904;0,2281
56396;2020-10-03;T20-21;SP2;Vallecano;Malaga;4;0;1;1;0,2629;0,5399;0,1972
56393;2020-10-03;T20-21;SP2;Albacete;Oviedo;1;1;0;1;0,3042;0,4388;0,257
56392;2020-10-03;T20-21;SP2;Mirandes;Ponferradina;0;1;2;1;0,278;0,5003;0,2216
44546;2020-10-03;T20-21;SP1;Valencia;Betis;0;2;2;1;0,2863;0,4809;0,2328
44543;2020-10-03;T20-21;SP1;Ath Madrid;Villarreal;0;0;0;1;0,2408;0,5554;0,2039
44542;2020-10-03;T20-21;SP1;Valladolid;Eibar;1;2;2;1;0,2947;0,4723;0,2329
34543;2020-10-03;T20-21;I1;Udinese;Roma;0;1;2;2;0,2265;0,1987;0,5748
44545;2020-10-03;T20-21;SP1;Sociedad;Getafe;3;0;1;1;0,2745;0,5074;0,2181
15961;2020-10-03;T20-21;E0;Everton;Brighton;4;2;1;1;0,2156;0,663;0,1214
15960;2020-10-03;T20-21;E0;Chelsea;Crystal Palace;4;0;1;1;0,2131;0,6412;0,1457
6016;2020-10-03;T20-21;D1;RB Leipzig;Schalke 04;4;0;1;1;0,1175;0,8422;0,0403
6013;2020-10-03;T20-21;D1;FC Koln;M'gladbach;1;3;2;2;0,2529;0,2959;0,4513
6012;2020-10-03;T20-21;D1;Ein Frankfurt;Hoffenheim;2;1;1;2;0,2544;0,3168;0,4289
6011;2020-10-03;T20-21;D1;Dortmund;Freiburg;4;0;1;1;0,1551;0,752;0,093
15963;2020-10-03;T20-21;E0;Newcastle;Burnley;3;1;1;1;0,2943;0,4633;0,2423
44551;2020-10-04;T20-21;SP1;Barcelona;Sevilla;1;1;0;1;0,1381;0,7815;0,0803
44549;2020-10-04;T20-21;SP1;Levante;Real Madrid;0;2;2;2;0,2499;0,245;0,5051
44548;2020-10-04;T20-21;SP1;Alaves;Ath Bilbao;1;0;1;1;0,3054;0,4138;0,2808
44547;2020-10-04;T20-21;SP1;Osasuna;Celta;2;0;1;1;0,2954;0,429;0,2756
34547;2020-10-04;T20-21;I1;Parma;Verona;1;0;1;1;0,2813;0,4663;0,2524
34546;2020-10-04;T20-21;I1;Lazio;Inter;1;1;0;1;0,262;0,3784;0,3596
15966;2020-10-04;T20-21;E0;Arsenal;Sheffield United;2;1;1;1;0,2368;0,5997;0,1635
15969;2020-10-04;T20-21;E0;Aston Villa;Liverpool;7;2;1;2;0,1998;0,1293;0,6709
15968;2020-10-04;T20-21;E0;Man United;Tottenham;1;6;2;1;0,2732;0,4221;0,3048
15964;2020-10-04;T20-21;E0;Leicester;West Ham;0;3;2;1;0,1832;0,7027;0,1141
6018;2020-10-04;T20-21;D1;Bayern Munich;Hertha;4;3;1;1;0,1211;0,8091;0,0698
6017;2020-10-04;T20-21;D1;Wolfsburg;Augsburg;0;0;0;1;0,2881;0,4691;0,2428
34544;2020-10-04;T20-21;I1;Atalanta;Cagliari;5;2;1;1;0,1285;0,7981;0,0734
56405;2020-10-10;T20-21;SP2;Tenerife;Vallecano;1;0;1;1;0,2974;0,4313;0,2713
56412;2020-10-11;T20-21;SP2;Oviedo;Sp Gijon;1;0;1;1;0,3022;0,4261;0,2716
56409;2020-10-11;T20-21;SP2;Malaga;Las Palmas;0;0;0;1;0,3048;0,4367;0,2585
56410;2020-10-11;T20-21;SP2;Zaragoza;Albacete;1;0;1;1;0,2606;0,5466;0,1928
56416;2020-10-17;T20-21;SP2;Las Palmas;Almeria;2;0;1;1;0,3044;0,404;0,2916
44555;2020-10-17;T20-21;SP1;Getafe;Barcelona;1;0;1;2;0,2393;0,1914;0,5694
44553;2020-10-17;T20-21;SP1;Celta;Ath Madrid;0;2;2;2;0,2634;0,2621;0,4745
44552;2020-10-17;T20-21;SP1;Granada;Sevilla;1;0;1;2;0,273;0,275;0,452
34551;2020-10-17;T20-21;I1;Sampdoria;Lazio;3;0;1;2;0,2053;0,2129;0,5818
15973;2020-10-17;T20-21;E0;Newcastle;Man United;1;4;2;2;0,2571;0,2556;0,4873
15972;2020-10-17;T20-21;E0;Man City;Arsenal;1;0;1;1;0,1893;0,6431;0,1676
34550;2020-10-17;T20-21;I1;Inter;Milan;1;2;2;1;0,1868;0,6684;0,1449
15970;2020-10-17;T20-21;E0;Everton;Liverpool;2;2;0;2;0,2388;0,2129;0,5483
6025;2020-10-17;T20-21;D1;M'gladbach;Wolfsburg;1;1;0;1;0,2149;0,6126;0,1725
6023;2020-10-17;T20-21;D1;Mainz;Leverkusen;0;1;2;2;0,2185;0,2111;0,5704
6022;2020-10-17;T20-21;D1;Hoffenheim;Dortmund;0;1;2;2;0,2249;0,3201;0,4549
6020;2020-10-17;T20-21;D1;Freiburg;Werder Bremen;1;1;0;1;0,3012;0,3729;0,3259
6019;2020-10-17;T20-21;D1;Augsburg;RB Leipzig;0;2;2;2;0,2095;0,1821;0,6084
15971;2020-10-17;T20-21;E0;Chelsea;Southampton;3;3;0;1;0,2043;0,6615;0,1343
44558;2020-10-18;T20-21;SP1;Villarreal;Valencia;2;1;1;1;0,2821;0,482;0,2358
56422;2020-10-18;T20-21;SP2;Sp Gijon;Tenerife;1;1;0;1;0,289;0,4845;0,2264
56421;2020-10-18;T20-21;SP2;Girona;Oviedo;1;0;1;1;0,2887;0,482;0,2293
56420;2020-10-18;T20-21;SP2;Zaragoza;Malaga;1;2;2;1;0,2628;0,5407;0,1965
44561;2020-10-18;T20-21;SP1;Betis;Sociedad;0;3;2;1;0,2817;0,4352;0,2831
44557;2020-10-18;T20-21;SP1;Ath Bilbao;Levante;2;0;1;1;0,3022;0,4398;0,258
6026;2020-10-18;T20-21;D1;FC Koln;Ein Frankfurt;1;1;0;2;0,2442;0,2573;0,4985
34556;2020-10-18;T20-21;I1;Udinese;Parma;3;2;1;1;0,2645;0,5518;0,1837
34553;2020-10-18;T20-21;I1;Bologna;Sassuolo;3;4;2;2;0,291;0,3215;0,3876
15977;2020-10-18;T20-21;E0;Leicester;Aston Villa;0;1;2;1;0,1994;0,6696;0,1311
15976;2020-10-18;T20-21;E0;Tottenham;West Ham;3;3;0;1;0,2085;0,654;0,1375
15975;2020-10-18;T20-21;E0;Crystal Palace;Brighton;1;1;0;1;0,2901;0,4854;0,2245
44556;2020-10-18;T20-21;SP1;Eibar;Osasuna;0;0;0;1;0,2893;0,4826;0,228
56425;2020-10-21;T20-21;SP2;Lugo;Girona;3;0;1;1;0,3062;0,4095;0,2843
56426;2020-10-21;T20-21;SP2;Ponferradina;Tenerife;1;0;1;1;0,2941;0,4662;0,2397
56432;2020-10-22;T20-21;SP2;Oviedo;Vallecano;0;0;0;1;0,3128;0,3715;0,3158
56430;2020-10-22;T20-21;SP2;Malaga;Sp Gijon;1;0;1;1;0,3002;0,4464;0,2535
34559;2020-10-23;T20-21;I1;Sassuolo;Torino;3;3;0;1;0,1702;0,7431;0,0867
44563;2020-10-24;T20-21;SP1;Barcelona;Real Madrid;1;3;2;1;0,2186;0,5865;0,1949
34562;2020-10-24;T20-21;I1;Lazio;Bologna;2;1;1;1;0,215;0,626;0,159
44564;2020-10-24;T20-21;SP1;Osasuna;Ath Bilbao;1;0;1;1;0,2857;0,4705;0,2438
34561;2020-10-24;T20-21;I1;Genoa;Inter;0;2;2;2;0,1709;0,126;0,7032
44566;2020-10-24;T20-21;SP1;Ath Madrid;Betis;2;0;1;1;0,2152;0,6535;0,1313
56435;2020-10-24;T20-21;SP2;Almeria;Fuenlabrada;3;0;1;1;0,2911;0,4443;0,2646
44565;2020-10-24;T20-21;SP1;Sevilla;Eibar;0;1;2;1;0,248;0,5731;0,1789
34560;2020-10-24;T20-21;I1;Atalanta;Sampdoria;1;3;2;1;0,1635;0,7191;0,1174
15983;2020-10-24;T20-21;E0;Man United;Chelsea;0;0;0;1;0,2566;0,4656;0,2779
15984;2020-10-24;T20-21;E0;Liverpool;Sheffield United;2;1;1;1;0,1345;0,7945;0,071
15981;2020-10-24;T20-21;E0;West Ham;Man City;1;1;0;2;0,221;0,1681;0,6108
6033;2020-10-24;T20-21;D1;Dortmund;Schalke 04;3;0;1;1;0,116;0,8436;0,0404
6032;2020-10-24;T20-21;D1;Union Berlin;Freiburg;1;1;0;1;0,2947;0,4472;0,2581
6031;2020-10-24;T20-21;D1;RB Leipzig;Hertha;2;1;1;1;0,144;0,7729;0,0831
6030;2020-10-24;T20-21;D1;Mainz;M'gladbach;2;3;2;2;0,2065;0,1919;0,6016
6029;2020-10-24;T20-21;D1;Bayern Munich;Ein Frankfurt;5;0;1;1;0,1766;0,6879;0,1355
56441;2020-10-25;T20-21;SP2;Malaga;Mirandes;1;1;0;1;0,2953;0,4682;0,2365
56437;2020-10-25;T20-21;SP2;Sp Gijon;Ponferradina;2;1;1;1;0,291;0,4797;0,2294
44567;2020-10-25;T20-21;SP1;Valladolid;Alaves;0;2;2;1;0,2788;0,5161;0,2051
34567;2020-10-25;T20-21;I1;Juventus;Verona;1;1;0;1;0,1842;0,6979;0,1179
56440;2020-10-25;T20-21;SP2;Albacete;Vallecano;2;1;1;1;0,3121;0,4142;0,2738
15987;2020-10-25;T20-21;E0;Arsenal;Leicester;0;1;2;1;0,2876;0,411;0,3013
34566;2020-10-25;T20-21;I1;Fiorentina;Udinese;3;2;1;1;0,2528;0,5657;0,1814
6035;2020-10-25;T20-21;D1;Werder Bremen;Hoffenheim;1;1;0;2;0,2519;0,2604;0,4877
44569;2020-10-25;T20-21;SP1;Getafe;Granada;0;1;2;1;0,2623;0,5534;0,1843
15986;2020-10-25;T20-21;E0;Wolves;Newcastle;1;1;0;1;0,2325;0,6198;0,1477
15985;2020-10-25;T20-21;E0;Southampton;Everton;2;0;1;1;0,2834;0,4405;0,2761
6036;2020-10-26;T20-21;D1;Leverkusen;Augsburg;3;1;1;1;0,2136;0,6431;0,1433
15989;2020-10-26;T20-21;E0;Burnley;Tottenham;0;1;2;2;0,265;0,2598;0,4752
44571;2020-10-26;T20-21;SP1;Levante;Celta;1;1;0;1;0,2974;0,426;0,2766
34568;2020-10-26;T20-21;I1;Milan;Roma;3;3;0;1;0,2594;0,3952;0,3454
56445;2020-10-28;T20-21;SP2;Albacete;Las Palmas;1;1;0;1;0,3075;0,425;0,2675
56449;2020-10-29;T20-21;SP2;Alcorcon;Sp Gijon;1;2;2;1;0,3005;0,4269;0,2726
56451;2020-10-29;T20-21;SP2;Mirandes;Zaragoza;1;0;1;1;0,2937;0,4554;0,2509
56452;2020-10-29;T20-21;SP2;Tenerife;Lugo;1;1;0;1;0,2838;0,4968;0,2193
56454;2020-10-29;T20-21;SP2;Vallecano;Fuenlabrada;2;0;1;1;0,2724;0,5164;0,2112
15990;2020-10-30;T20-21;E0;Wolves;Crystal Palace;2;0;1;1;0,2346;0,6149;0,1505
34571;2020-10-31;T20-21;I1;Bologna;Cagliari;3;2;1;1;0,2513;0,5708;0,1778
44575;2020-10-31;T20-21;SP1;Osasuna;Ath Madrid;1;3;2;2;0,274;0,2649;0,4611
44576;2020-10-31;T20-21;SP1;Alaves;Barcelona;1;1;0;2;0,2439;0,2178;0,5383
34570;2020-10-31;T20-21;I1;Inter;Parma;2;2;0;1;0,1506;0,7768;0,0726
56456;2020-10-31;T20-21;SP2;Las Palmas;Oviedo;1;2;2;1;0,2983;0,4285;0,2731
26190;2020-10-31;T20-21;F1;Rennes;Brest;2;1;1;1;0,2492;0,561;0,1898
44574;2020-10-31;T20-21;SP1;Ath Bilbao;Sevilla;2;1;1;2;0,2959;0,3424;0,3617
15992;2020-10-31;T20-21;E0;Burnley;Chelsea;0;3;2;2;0,2475;0,2345;0,5179
15991;2020-10-31;T20-21;E0;Sheffield United;Man City;0;1;2;2;0,226;0,1744;0,5996
6042;2020-10-31;T20-21;D1;M'gladbach;RB Leipzig;1;0;1;2;0,2333;0,352;0,4147
15993;2020-10-31;T20-21;E0;Liverpool;West Ham;2;1;1;1;0,1635;0,7308;0,1058
6041;2020-10-31;T20-21;D1;FC Koln;Bayern Munich;1;2;2;2;0,1641;0,1053;0,7306
6040;2020-10-31;T20-21;D1;Ein Frankfurt;Werder Bremen;1;1;0;1;0,2713;0,4604;0,2683
6038;2020-10-31;T20-21;D1;Augsburg;Mainz;3;1;1;1;0,2953;0,4422;0,2625
34575;2020-11-01;T20-21;I1;Napoli;Sassuolo;0;2;2;1;0,2238;0,5947;0,1815
34576;2020-11-01;T20-21;I1;Roma;Fiorentina;2;0;1;1;0,1661;0,733;0,1009
34577;2020-11-01;T20-21;I1;Sampdoria;Genoa;1;1;0;1;0,2922;0,4566;0,2512
44578;2020-11-01;T20-21;SP1;Celta;Sociedad;1;4;2;1;0,3108;0,3692;0,32
56459;2020-11-01;T20-21;SP2;Fuenlabrada;Tenerife;1;1;0;1;0,2978;0,4535;0,2488
44580;2020-11-01;T20-21;SP1;Valencia;Getafe;2;2;0;1;0,2857;0,4853;0,229
34572;2020-11-01;T20-21;I1;Udinese;Milan;1;2;2;2;0,2385;0,2231;0,5384
56461;2020-11-01;T20-21;SP2;Lugo;Vallecano;1;0;1;1;0,3116;0,3819;0,3065
56462;2020-11-01;T20-21;SP2;Almeria;Girona;0;0;0;1;0,2813;0,4821;0,2367
44579;2020-11-01;T20-21;SP1;Granada;Levante;1;1;0;1;0,2942;0,4547;0,2512
26198;2020-11-01;T20-21;F1;Lille;Lyon;1;1;0;1;0,2783;0,372;0,3497
34574;2020-11-01;T20-21;I1;Torino;Lazio;3;4;2;2;0,2619;0,2869;0,4511
26196;2020-11-01;T20-21;F1;Reims;Strasbourg;2;1;1;1;0,2904;0,4763;0,2333
26195;2020-11-01;T20-21;F1;Nimes;Metz;0;1;2;1;0,291;0,4398;0,2692
26193;2020-11-01;T20-21;F1;Angers;Nice;0;3;2;1;0,3069;0,4254;0,2677
26192;2020-11-01;T20-21;F1;St Etienne;Montpellier;0;1;2;1;0,295;0,4593;0,2457
15997;2020-11-01;T20-21;E0;Tottenham;Brighton;2;1;1;1;0,1686;0,7454;0,086
15996;2020-11-01;T20-21;E0;Man United;Arsenal;0;1;2;1;0,222;0,5915;0,1865
15995;2020-11-01;T20-21;E0;Newcastle;Everton;2;1;1;1;0,3069;0,3731;0,3199
15994;2020-11-01;T20-21;E0;Aston Villa;Southampton;3;4;2;1;0,3042;0,3833;0,3126
6044;2020-11-01;T20-21;D1;Hertha;Wolfsburg;1;1;0;1;0,2921;0,3546;0,3532
6043;2020-11-01;T20-21;D1;Freiburg;Leverkusen;2;4;2;2;0,2441;0,2503;0,5056
26197;2020-11-01;T20-21;F1;Monaco;Bordeaux;4;0;1;1;0,27;0,5163;0,2137
44581;2020-11-02;T20-21;SP1;Villarreal;Valladolid;2;0;1;1;0,2595;0,5498;0,1906
6045;2020-11-02;T20-21;D1;Hoffenheim;Union Berlin;1;3;2;1;0,271;0,4957;0,2333
34579;2020-11-04;T20-21;I1;Genoa;Torino;1;2;2;1;0,3072;0,3909;0,3018
56466;2020-11-04;T20-21;SP2;Zaragoza;Girona;2;2;0;1;0,3068;0,4066;0,2866
56467;2020-11-05;T20-21;SP2;Alcorcon;Ponferradina;0;1;2;1;0,2906;0,4788;0,2307
6046;2020-11-06;T20-21;D1;Werder Bremen;FC Koln;1;1;0;1;0,3058;0,4146;0,2796
16000;2020-11-06;T20-21;E0;Brighton;Burnley;0;0;0;1;0,2935;0,4662;0,2403
16001;2020-11-06;T20-21;E0;Southampton;Newcastle;2;0;1;1;0,2417;0,5812;0,1771
26199;2020-11-06;T20-21;F1;Strasbourg;Marseille;0;1;2;2;0,2543;0,2725;0,4732
34580;2020-11-06;T20-21;I1;Sassuolo;Udinese;0;0;0;1;0,2916;0,4527;0,2558
34581;2020-11-07;T20-21;I1;Cagliari;Sampdoria;2;0;1;1;0,3089;0,393;0,2982
34583;2020-11-07;T20-21;I1;Parma;Fiorentina;0;0;0;1;0,3072;0,385;0,3078
16004;2020-11-07;T20-21;E0;Chelsea;Sheffield United;4;1;1;1;0,1713;0,7331;0,0956
44585;2020-11-07;T20-21;SP1;Sevilla;Osasuna;1;0;1;1;0,2589;0,5475;0,1937
56471;2020-11-07;T20-21;SP2;Mirandes;Sp Gijon;1;0;1;1;0,2907;0,3743;0,335
44584;2020-11-07;T20-21;SP1;Barcelona;Betis;5;2;1;1;0,1683;0,7358;0,0959
26201;2020-11-07;T20-21;F1;Paris SG;Rennes;3;0;1;1;0,1059;0,8314;0,0627
16002;2020-11-07;T20-21;E0;Everton;Man United;1;3;2;2;0,2539;0,2711;0,475
26200;2020-11-07;T20-21;F1;Bordeaux;Montpellier;0;2;2;1;0,286;0,4791;0,235
6052;2020-11-07;T20-21;D1;Dortmund;Bayern Munich;2;3;2;2;0,1885;0,2564;0,5552
6049;2020-11-07;T20-21;D1;RB Leipzig;Freiburg;3;0;1;1;0,1537;0,7623;0,084
6048;2020-11-07;T20-21;D1;Mainz;Schalke 04;2;2;0;1;0,2976;0,4316;0,2708
6047;2020-11-07;T20-21;D1;Augsburg;Hertha;0;3;2;1;0,3065;0,4101;0,2834
56478;2020-11-08;T20-21;SP2;Tenerife;Zaragoza;1;0;1;1;0,2925;0,4692;0,2384
56476;2020-11-08;T20-21;SP2;Mallorca;Ponferradina;3;0;1;1;0,2463;0,5939;0,1598
56475;2020-11-08;T20-21;SP2;Vallecano;Almeria;0;1;2;1;0,2783;0,4987;0,223
56474;2020-11-08;T20-21;SP2;Alcorcon;Fuenlabrada;0;3;2;1;0,3058;0,4162;0,278
44591;2020-11-08;T20-21;SP1;Valencia;Real Madrid;4;1;1;2;0,239;0,2509;0,5101
44590;2020-11-08;T20-21;SP1;Valladolid;Ath Bilbao;2;1;1;1;0,3104;0,4033;0,2863
44589;2020-11-08;T20-21;SP1;Levante;Alaves;1;1;0;1;0,2923;0,4519;0,2558
44588;2020-11-08;T20-21;SP1;Sociedad;Granada;2;0;1;1;0,2201;0,6331;0,1468
44587;2020-11-08;T20-21;SP1;Getafe;Villarreal;1;3;2;1;0,2885;0,4329;0,2786
34589;2020-11-08;T20-21;I1;Milan;Verona;2;2;0;1;0,1654;0,7412;0,0934
34586;2020-11-08;T20-21;I1;Genoa;Roma;1;3;2;2;0,1725;0,1361;0,6914
34588;2020-11-08;T20-21;I1;Bologna;Napoli;0;1;2;2;0,2589;0,2656;0,4755
34584;2020-11-08;T20-21;I1;Lazio;Juventus;1;1;0;1;0,2649;0,386;0,349
6053;2020-11-08;T20-21;D1;Wolfsburg;Hoffenheim;2;1;1;1;0,2679;0,3989;0,3333
34585;2020-11-08;T20-21;I1;Atalanta;Inter;1;1;0;1;0,2614;0,4051;0,3335
16007;2020-11-08;T20-21;E0;Leicester;Wolves;1;0;1;1;0,2776;0,4879;0,2345
16008;2020-11-08;T20-21;E0;Man City;Liverpool;1;1;0;1;0,1799;0,5515;0,2685
16009;2020-11-08;T20-21;E0;Arsenal;Aston Villa;0;3;2;1;0,2438;0,5867;0,1695
6054;2020-11-08;T20-21;D1;Leverkusen;M'gladbach;4;3;1;1;0,2765;0,4121;0,3114
26205;2020-11-08;T20-21;F1;Metz;Dijon;1;1;0;1;0,2631;0,5525;0,1844
26206;2020-11-08;T20-21;F1;Nimes;Angers;1;5;2;1;0,2753;0,518;0,2067
26207;2020-11-08;T20-21;F1;Nice;Monaco;1;2;2;1;0,265;0,5193;0,2157
26208;2020-11-08;T20-21;F1;Lyon;St Etienne;2;1;1;1;0,2259;0,6263;0,1478
26202;2020-11-08;T20-21;F1;Brest;Lille;3;2;1;2;0,2489;0,3174;0,4338
56479;2020-11-09;T20-21;SP2;Girona;Las Palmas;1;1;0;1;0,2929;0,4718;0,2353
56480;2020-11-13;T20-21;SP2;Zaragoza;Oviedo;1;2;2;1;0,2816;0,4965;0,2219
56482;2020-11-14;T20-21;SP2;Almeria;Mirandes;2;1;1;1;0,2423;0,5906;0,1671
56483;2020-11-14;T20-21;SP2;Girona;Mallorca;0;1;2;1;0,305;0,4276;0,2675
56484;2020-11-14;T20-21;SP2;Lugo;Albacete;1;0;1;1;0,2958;0,4421;0,2621
56486;2020-11-15;T20-21;SP2;Ponferradina;Malaga;1;1;0;1;0,2969;0,4383;0,2648
56489;2020-11-15;T20-21;SP2;Las Palmas;Tenerife;1;0;1;1;0,2935;0,4426;0,2639
56490;2020-11-16;T20-21;SP2;Sp Gijon;Vallecano;1;1;0;1;0,3043;0,4392;0,2565
56491;2020-11-20;T20-21;SP2;Alcorcon;Lugo;1;0;1;1;0,3;0,4506;0,2495
26209;2020-11-20;T20-21;F1;Rennes;Bordeaux;0;1;2;1;0,25;0,5645;0,1854
26210;2020-11-20;T20-21;F1;Monaco;Paris SG;3;2;1;2;0,2062;0,33;0,4638
56496;2020-11-21;T20-21;SP2;Oviedo;Fuenlabrada;1;1;0;1;0,2888;0,4778;0,2334
44596;2020-11-21;T20-21;SP1;Ath Madrid;Barcelona;1;0;1;1;0,2289;0,426;0,3451
44595;2020-11-21;T20-21;SP1;Sevilla;Celta;4;2;1;1;0,2318;0,6178;0,1504
44594;2020-11-21;T20-21;SP1;Villarreal;Real Madrid;1;1;0;2;0,2831;0,3425;0,3743
26211;2020-11-21;T20-21;F1;Brest;St Etienne;4;1;1;1;0,2768;0,4854;0,2378
16011;2020-11-21;T20-21;E0;Aston Villa;Brighton;1;2;2;1;0,2831;0,4857;0,2311
34592;2020-11-21;T20-21;I1;Juventus;Cagliari;2;0;1;1;0,1645;0,7385;0,0969
6061;2020-11-21;T20-21;D1;Hertha;Dortmund;2;5;2;2;0,2119;0,1854;0,6027
6060;2020-11-21;T20-21;D1;Ein Frankfurt;RB Leipzig;1;1;0;2;0,2351;0,2079;0,557
6059;2020-11-21;T20-21;D1;Schalke 04;Wolfsburg;0;2;2;1;0,3041;0,4189;0,277
6058;2020-11-21;T20-21;D1;M'gladbach;Augsburg;1;1;0;1;0,2287;0,6046;0,1667
6055;2020-11-21;T20-21;D1;Bayern Munich;Werder Bremen;1;1;0;1;0,093;0,8599;0,0471
16010;2020-11-21;T20-21;E0;Newcastle;Chelsea;0;2;2;2;0,2356;0,218;0,5463
16012;2020-11-21;T20-21;E0;Tottenham;Man City;2;0;1;2;0,2243;0,3525;0,4232
44599;2020-11-22;T20-21;SP1;Granada;Valladolid;1;3;2;1;0,2686;0,5293;0,2021
44597;2020-11-22;T20-21;SP1;Eibar;Getafe;0;0;0;1;0,309;0,4;0,291
16015;2020-11-22;T20-21;E0;Sheffield United;West Ham;0;1;2;1;0,3159;0,3741;0,3101
56498;2020-11-22;T20-21;SP2;Mallorca;Sp Gijon;0;0;0;1;0,2695;0,5326;0,1979
34599;2020-11-22;T20-21;I1;Napoli;Milan;1;3;2;1;0,2229;0,5958;0,1813
44600;2020-11-22;T20-21;SP1;Alaves;Valencia;2;2;0;1;0,3155;0,3583;0,3262
34596;2020-11-22;T20-21;I1;Sampdoria;Bologna;1;2;2;1;0,2793;0,4574;0,2633
6062;2020-11-22;T20-21;D1;Freiburg;Mainz;1;3;2;1;0,305;0,3965;0,2985
34594;2020-11-22;T20-21;I1;Inter;Torino;4;2;1;1;0,1542;0,769;0,0769
26216;2020-11-22;T20-21;F1;Angers;Lyon;0;1;2;2;0,2714;0,2939;0,4347
26215;2020-11-22;T20-21;F1;Reims;Nimes;0;1;2;1;0,2837;0,4842;0,2321
26212;2020-11-22;T20-21;F1;Nantes;Metz;1;1;0;1;0,274;0,5189;0,2071
16017;2020-11-22;T20-21;E0;Liverpool;Leicester;3;0;1;1;0,2335;0,5379;0,2286
56500;2020-11-22;T20-21;SP2;Ponferradina;Zaragoza;2;1;1;1;0,3038;0,4414;0,2548
34595;2020-11-22;T20-21;I1;Roma;Parma;3;0;1;1;0,15;0,7756;0,0744
56501;2020-11-23;T20-21;SP2;Albacete;Almeria;1;2;2;1;0,3158;0,3891;0,2951
56504;2020-11-24;T20-21;SP2;Lugo;Oviedo;0;0;0;1;0,3116;0,3559;0,3325
56503;2020-11-24;T20-21;SP2;Girona;Malaga;0;1;2;1;0,2822;0,5036;0,2142
56507;2020-11-25;T20-21;SP2;Zaragoza;Vallecano;1;2;2;1;0,305;0,4089;0,2862
56509;2020-11-25;T20-21;SP2;Fuenlabrada;Ponferradina;1;1;0;1;0,2897;0,4791;0,2311
56505;2020-11-25;T20-21;SP2;Las Palmas;Mirandes;0;2;2;1;0,2873;0,4803;0,2325
56512;2020-11-26;T20-21;SP2;Almeria;Tenerife;2;0;1;1;0,2637;0,536;0,2002
56513;2020-11-27;T20-21;SP2;Alcorcon;Girona;1;0;1;1;0,3106;0,4038;0,2856
56514;2020-11-27;T20-21;SP2;Malaga;Lugo;2;2;0;1;0,2873;0,492;0,2208
44602;2020-11-27;T20-21;SP1;Valladolid;Levante;1;1;0;1;0,3055;0,4375;0,257
16020;2020-11-27;T20-21;E0;Crystal Palace;Newcastle;0;2;2;1;0,2847;0,4966;0,2187
26219;2020-11-27;T20-21;F1;Strasbourg;Rennes;1;1;0;1;0,2951;0,3874;0,3174
6064;2020-11-27;T20-21;D1;Wolfsburg;Werder Bremen;5;3;1;1;0,2325;0,6144;0,1531
44606;2020-11-28;T20-21;SP1;Real Madrid;Alaves;1;2;2;1;0,2144;0,6436;0,142
44605;2020-11-28;T20-21;SP1;Huesca;Sevilla;0;1;2;2;0,2535;0,2507;0,4958
34602;2020-11-28;T20-21;I1;Atalanta;Verona;0;2;2;1;0,1555;0,745;0,0996
34600;2020-11-28;T20-21;I1;Sassuolo;Inter;0;3;2;2;0,2368;0,203;0,5602
26221;2020-11-28;T20-21;F1;Paris SG;Bordeaux;2;2;0;1;0,1289;0,7922;0,079
44604;2020-11-28;T20-21;SP1;Valencia;Ath Madrid;0;1;2;2;0,291;0,3252;0,3837
16021;2020-11-28;T20-21;E0;Brighton;Liverpool;1;1;0;2;0,2204;0,1692;0,6105
6070;2020-11-28;T20-21;D1;M'gladbach;Schalke 04;4;1;1;1;0,1621;0,7563;0,0815
6069;2020-11-28;T20-21;D1;Union Berlin;Ein Frankfurt;3;3;0;1;0,2952;0,419;0,2858
6066;2020-11-28;T20-21;D1;Dortmund;FC Koln;1;2;2;1;0,1285;0,8128;0,0587
6065;2020-11-28;T20-21;D1;Augsburg;Freiburg;1;1;0;1;0,3035;0,4273;0,2692
16022;2020-11-28;T20-21;E0;Man City;Burnley;5;0;1;1;0,1454;0,7716;0,083
34605;2020-11-29;T20-21;I1;Milan;Fiorentina;2;0;1;1;0,1661;0,7331;0,1008
56522;2020-11-29;T20-21;SP2;Las Palmas;Sp Gijon;3;2;1;1;0,2849;0,4885;0,2266
56518;2020-11-29;T20-21;SP2;Albacete;Tenerife;0;2;2;1;0,305;0,4179;0,2771
44610;2020-11-29;T20-21;SP1;Sociedad;Villarreal;1;1;0;1;0,2398;0,5538;0,2065
44609;2020-11-29;T20-21;SP1;Celta;Granada;3;1;1;1;0,2962;0,4426;0,2612
44608;2020-11-29;T20-21;SP1;Getafe;Ath Bilbao;1;1;0;1;0,2931;0,4647;0,2422
44607;2020-11-29;T20-21;SP1;Barcelona;Osasuna;4;0;1;1;0,1685;0,7312;0,1003
34607;2020-11-29;T20-21;I1;Napoli;Roma;4;0;1;1;0,2203;0,5256;0,2541
34603;2020-11-29;T20-21;I1;Lazio;Udinese;1;3;2;1;0,1693;0,7329;0,0978
16027;2020-11-29;T20-21;E0;Arsenal;Wolves;1;2;2;1;0,2707;0,5166;0,2127
26226;2020-11-29;T20-21;F1;Monaco;Nimes;3;0;1;1;0,1906;0,7046;0,1048
26225;2020-11-29;T20-21;F1;Metz;Brest;0;2;2;1;0,301;0,4428;0,2562
26222;2020-11-29;T20-21;F1;Lyon;Reims;3;0;1;1;0,2449;0,5776;0,1775
16026;2020-11-29;T20-21;E0;Chelsea;Tottenham;0;0;0;1;0,2363;0,5213;0,2423
16025;2020-11-29;T20-21;E0;Southampton;Man United;2;3;2;2;0,2464;0,3069;0,4467
6072;2020-11-29;T20-21;D1;Mainz;Hoffenheim;1;1;0;2;0,27;0,3497;0,3803
6071;2020-11-29;T20-21;D1;Leverkusen;Hertha;0;0;0;1;0,1757;0,7299;0,0944
26228;2020-11-29;T20-21;F1;St Etienne;Lille;1;1;0;2;0,2755;0,2834;0,4412
56523;2020-11-30;T20-21;SP2;Oviedo;Almeria;1;2;2;1;0,3015;0,4392;0,2594
16029;2020-11-30;T20-21;E0;West Ham;Aston Villa;2;1;1;1;0,2814;0,4575;0,2611
34608;2020-11-30;T20-21;I1;Torino;Sampdoria;2;2;0;1;0,3109;0,3898;0,2993
44611;2020-11-30;T20-21;SP1;Betis;Eibar;0;2;2;1;0,2879;0,4342;0,2778
34609;2020-11-30;T20-21;I1;Genoa;Parma;1;2;2;1;0,2994;0,401;0,2996
56525;2020-12-01;T20-21;SP2;Girona;Mirandes;1;0;1;1;0,3022;0,4471;0,2507
56524;2020-12-01;T20-21;SP2;Fuenlabrada;Malaga;0;2;2;1;0,2834;0,4967;0,2199
56526;2020-12-02;T20-21;SP2;Cartagena;Espanol;1;3;2;2;0,2736;0,2888;0,4376
56527;2020-12-02;T20-21;SP2;Leganes;Vallecano;1;0;1;1;0,2962;0,4554;0,2483
56529;2020-12-02;T20-21;SP2;Castellon;Zaragoza;1;0;1;2;0,2979;0,3355;0,3666
56530;2020-12-02;T20-21;SP2;Lugo;Las Palmas;1;1;0;1;0,306;0,4115;0,2824
56531;2020-12-03;T20-21;SP2;Almeria;Mallorca;0;1;2;1;0,292;0,3583;0,3497
56532;2020-12-03;T20-21;SP2;Oviedo;Alcorcon;1;1;0;1;0,2772;0,5134;0,2094
56534;2020-12-03;T20-21;SP2;Sp Gijon;Albacete;0;0;0;1;0,2776;0,5145;0,2079
44612;2020-12-04;T20-21;SP1;Ath Bilbao;Celta;0;2;2;1;0,2338;0,6285;0,1377
26229;2020-12-04;T20-21;F1;Nimes;Marseille;0;2;2;2;0,2793;0,2987;0,4221
6073;2020-12-04;T20-21;D1;Hertha;Union Berlin;3;1;1;1;0,3016;0,3854;0,313
56538;2020-12-05;T20-21;SP2;Malaga;Cartagena;1;2;2;1;0,2897;0,4829;0,2275
56537;2020-12-05;T20-21;SP2;Mirandes;Lugo;0;0;0;1;0,2784;0,5046;0,217
56536;2020-12-05;T20-21;SP2;Ponferradina;Las Palmas;0;0;0;1;0,3026;0,4383;0,2591
56535;2020-12-05;T20-21;SP2;Vallecano;Logrones;2;1;1;1;0,2611;0,5478;0,1911
44615;2020-12-05;T20-21;SP1;Ath Madrid;Valladolid;2;0;1;1;0,1814;0,7138;0,1048
44614;2020-12-05;T20-21;SP1;Sevilla;Real Madrid;0;1;2;1;0,2652;0,4183;0,3164
44613;2020-12-05;T20-21;SP1;Levante;Getafe;3;0;1;1;0,2934;0,4451;0,2615
34612;2020-12-05;T20-21;I1;Inter;Bologna;3;1;1;1;0,1665;0,7291;0,1044
16031;2020-12-05;T20-21;E0;Man City;Fulham;2;0;1;1;0,1219;0,8237;0,0543
26231;2020-12-05;T20-21;F1;Montpellier;Paris SG;1;3;2;2;0,1924;0,1457;0,6619
16032;2020-12-05;T20-21;E0;West Ham;Man United;1;3;2;2;0,2484;0,2907;0,4609
16030;2020-12-05;T20-21;E0;Burnley;Everton;1;1;0;1;0,3105;0,3577;0,3318
6078;2020-12-05;T20-21;D1;Bayern Munich;RB Leipzig;3;3;0;1;0,1839;0,601;0,2151
6077;2020-12-05;T20-21;D1;Freiburg;M'gladbach;2;2;0;2;0,278;0,3331;0,3889
6076;2020-12-05;T20-21;D1;FC Koln;Wolfsburg;2;2;0;2;0,3021;0,3381;0,3598
6075;2020-12-05;T20-21;D1;Ein Frankfurt;Dortmund;1;1;0;2;0,2132;0,1945;0,5923
34611;2020-12-05;T20-21;I1;Juventus;Torino;2;1;1;1;0,161;0,7597;0,0792
44620;2020-12-06;T20-21;SP1;Alaves;Sociedad;0;0;0;2;0,2675;0,2484;0,4841
44617;2020-12-06;T20-21;SP1;Granada;Huesca;3;3;0;1;0,2831;0,4868;0,23
44618;2020-12-06;T20-21;SP1;Osasuna;Betis;0;2;2;1;0,2973;0,4582;0,2445
56539;2020-12-06;T20-21;SP2;Alcorcon;Almeria;0;1;2;1;0,3117;0,3872;0,3011
34617;2020-12-06;T20-21;I1;Sampdoria;Milan;1;2;2;2;0,2117;0,16;0,6282
56541;2020-12-06;T20-21;SP2;Albacete;Girona;0;2;2;1;0,3078;0,4093;0,2829
56542;2020-12-06;T20-21;SP2;Sabadell;Oviedo;0;1;2;1;0,3024;0,3656;0,332
56543;2020-12-06;T20-21;SP2;Zaragoza;Fuenlabrada;1;0;1;1;0,3003;0,4395;0,2602
56540;2020-12-06;T20-21;SP2;Espanol;Sp Gijon;2;0;1;1;0,2414;0,59;0,1686
34615;2020-12-06;T20-21;I1;Roma;Sassuolo;0;0;0;1;0,2659;0,4438;0,2903
34613;2020-12-06;T20-21;I1;Verona;Cagliari;1;1;0;1;0,2787;0,4972;0,2241
26238;2020-12-06;T20-21;F1;Metz;Lyon;1;3;2;2;0,2708;0,2639;0,4653
26237;2020-12-06;T20-21;F1;Reims;Nice;0;0;0;1;0,2962;0,4479;0,2559
26236;2020-12-06;T20-21;F1;Nantes;Strasbourg;0;4;2;1;0,291;0,4698;0,2392
26235;2020-12-06;T20-21;F1;Dijon;St Etienne;0;0;0;1;0,301;0,429;0,27
26234;2020-12-06;T20-21;F1;Bordeaux;Brest;1;0;1;1;0,2824;0,5019;0,2158
26232;2020-12-06;T20-21;F1;Lille;Monaco;2;1;1;1;0,2785;0,4352;0,2864
16037;2020-12-06;T20-21;E0;Liverpool;Wolves;4;0;1;1;0,1846;0,694;0,1214
16036;2020-12-06;T20-21;E0;Tottenham;Arsenal;2;0;1;1;0,2468;0,5419;0,2113
16035;2020-12-06;T20-21;E0;Sheffield United;Leicester;1;2;2;2;0,2776;0,2647;0,4577
6080;2020-12-06;T20-21;D1;Schalke 04;Leverkusen;0;3;2;2;0,2111;0,1729;0,6159
56544;2020-12-07;T20-21;SP2;Tenerife;Leganes;0;0;0;1;0,29;0,4788;0,2312
44621;2020-12-07;T20-21;SP1;Eibar;Valencia;0;0;0;1;0,3008;0,4465;0,2527
56545;2020-12-07;T20-21;SP2;Mallorca;Castellon;3;1;1;1;0,2143;0,6576;0,128
16038;2020-12-07;T20-21;E0;Brighton;Southampton;1;2;2;1;0,3079;0,3714;0,3207
6081;2020-12-07;T20-21;D1;Hoffenheim;Augsburg;3;1;1;1;0,2459;0,5662;0,1878
34618;2020-12-07;T20-21;I1;Fiorentina;Genoa;1;1;0;1;0,2629;0,542;0,1951
56546;2020-12-09;T20-21;SP2;Almeria;Zaragoza;1;0;1;1;0,2801;0,4959;0,2241
56547;2020-12-09;T20-21;SP2;Sabadell;Alcorcon;1;1;0;2;0,2931;0,3395;0,3675
56548;2020-12-10;T20-21;SP2;Girona;Logrones;2;0;1;1;0,2896;0,486;0,2244
56550;2020-12-11;T20-21;SP2;Oviedo;Tenerife;4;2;1;1;0,287;0,4876;0,2254
44622;2020-12-11;T20-21;SP1;Valladolid;Osasuna;3;2;1;1;0,2943;0,4719;0,2338
56549;2020-12-11;T20-21;SP2;Lugo;Ponferradina;1;0;1;1;0,295;0,4634;0,2416
6082;2020-12-11;T20-21;D1;Wolfsburg;Ein Frankfurt;2;1;1;1;0,278;0,4433;0,2787
26239;2020-12-11;T20-21;F1;St Etienne;Angers;0;0;0;1;0,3092;0,4109;0,2799
34622;2020-12-12;T20-21;I1;Lazio;Verona;1;2;2;1;0,2218;0,6213;0,1569
56553;2020-12-12;T20-21;SP2;Fuenlabrada;Mirandes;0;1;2;1;0,2989;0,453;0,2481
56552;2020-12-12;T20-21;SP2;Castellon;Albacete;3;0;1;1;0,2995;0,3916;0,3088
56551;2020-12-12;T20-21;SP2;Leganes;Mallorca;0;1;2;1;0,2851;0,4747;0,2402
44625;2020-12-12;T20-21;SP1;Huesca;Alaves;1;0;1;1;0,2928;0,4532;0,2541
44624;2020-12-12;T20-21;SP1;Getafe;Sevilla;0;1;2;1;0,3138;0,3986;0,2877
44623;2020-12-12;T20-21;SP1;Valencia;Ath Bilbao;2;2;0;1;0,302;0,4182;0,2798
34621;2020-12-12;T20-21;I1;Torino;Udinese;2;3;2;1;0,3059;0,4237;0,2704
44626;2020-12-12;T20-21;SP1;Real Madrid;Ath Madrid;2;0;1;1;0,2126;0,6378;0,1495
16043;2020-12-12;T20-21;E0;Everton;Chelsea;1;0;1;2;0,2515;0,2645;0,4841
6083;2020-12-12;T20-21;D1;Dortmund;Stuttgart;1;5;2;1;0,146;0,7718;0,0822
6085;2020-12-12;T20-21;D1;Mainz;FC Koln;0;1;2;1;0,2985;0,4252;0,2764
6086;2020-12-12;T20-21;D1;M'gladbach;Hertha;1;1;0;1;0,192;0,693;0,115
26240;2020-12-12;T20-21;F1;Marseille;Monaco;2;1;1;1;0,241;0,5891;0,1698
6088;2020-12-12;T20-21;D1;Union Berlin;Bayern Munich;1;1;0;2;0,174;0,1209;0,705
16040;2020-12-12;T20-21;E0;Wolves;Aston Villa;0;1;2;1;0,253;0,5712;0,1758
16042;2020-12-12;T20-21;E0;Man United;Man City;0;0;0;2;0,2206;0,3641;0,4153
6087;2020-12-12;T20-21;D1;RB Leipzig;Werder Bremen;2;0;1;1;0,1668;0,7408;0,0924
56558;2020-12-13;T20-21;SP2;Sp Gijon;Zaragoza;1;0;1;1;0,296;0,463;0,241
34625;2020-12-13;T20-21;I1;Bologna;Roma;1;5;2;2;0,2295;0,2056;0,565
34626;2020-12-13;T20-21;I1;Napoli;Sampdoria;2;1;1;1;0,1837;0,7111;0,1052
34627;2020-12-13;T20-21;I1;Genoa;Juventus;1;3;2;2;0,1758;0,1491;0,6751
34628;2020-12-13;T20-21;I1;Milan;Parma;2;2;0;1;0,1559;0,7648;0,0793
44627;2020-12-13;T20-21;SP1;Sociedad;Eibar;1;1;0;1;0,2436;0,5811;0,1753
44630;2020-12-13;T20-21;SP1;Barcelona;Levante;1;0;1;1;0,1769;0,7147;0,1084
56554;2020-12-13;T20-21;SP2;Logrones;Espanol;0;3;2;2;0,2818;0,2788;0,4393
56555;2020-12-13;T20-21;SP2;Almeria;Malaga;3;1;1;1;0,2698;0,5249;0,2053
34624;2020-12-13;T20-21;I1;Atalanta;Fiorentina;3;0;1;1;0,1665;0,7236;0,1099
56557;2020-12-13;T20-21;SP2;Cartagena;Sabadell;1;2;2;1;0,2749;0,5166;0,2085
44628;2020-12-13;T20-21;SP1;Betis;Villarreal;1;1;0;2;0,2537;0,281;0,4653
56556;2020-12-13;T20-21;SP2;Las Palmas;Alcorcon;0;0;0;1;0,28;0,5042;0,2159
26248;2020-12-13;T20-21;F1;Paris SG;Lyon;0;1;2;1;0,1901;0,6519;0,158
26247;2020-12-13;T20-21;F1;Lille;Bordeaux;2;1;1;1;0,2167;0,643;0,1404
6089;2020-12-13;T20-21;D1;Augsburg;Schalke 04;2;2;0;1;0,2886;0,478;0,2334
34623;2020-12-13;T20-21;I1;Cagliari;Inter;1;3;2;2;0,1944;0,1417;0,6639
16044;2020-12-13;T20-21;E0;Southampton;Sheffield United;3;0;1;1;0,2228;0,6261;0,1511
16045;2020-12-13;T20-21;E0;Crystal Palace;Tottenham;1;1;0;2;0,2629;0,3148;0,4224
16046;2020-12-13;T20-21;E0;Fulham;Liverpool;1;1;0;2;0,1807;0,1392;0,6801
6090;2020-12-13;T20-21;D1;Leverkusen;Hoffenheim;4;1;1;1;0,2317;0,5447;0,2236
16048;2020-12-13;T20-21;E0;Leicester;Brighton;3;0;1;1;0,2241;0,6305;0,1455
26242;2020-12-13;T20-21;F1;Nice;Rennes;0;1;2;1;0,297;0,4316;0,2714
26243;2020-12-13;T20-21;F1;Brest;Reims;2;1;1;1;0,2855;0,4639;0,2506
26245;2020-12-13;T20-21;F1;Nantes;Dijon;1;1;0;1;0,2623;0,5513;0,1864
26246;2020-12-13;T20-21;F1;Strasbourg;Metz;2;2;0;1;0,292;0,4565;0,2515
16047;2020-12-13;T20-21;E0;Arsenal;Burnley;0;1;2;1;0,2357;0,6126;0,1517
56559;2020-12-14;T20-21;SP2;Girona;Vallecano;0;0;0;1;0,3055;0,4355;0,259
44632;2020-12-15;T20-21;SP1;Real Madrid;Ath Bilbao;3;1;1;1;0,211;0,654;0,1349
6091;2020-12-15;T20-21;D1;Ein Frankfurt;M'gladbach;3;3;0;2;0,2505;0,324;0,4255
6092;2020-12-15;T20-21;D1;Hertha;Mainz;0;0;0;1;0,298;0,4326;0,2694
6093;2020-12-15;T20-21;D1;Stuttgart;Union Berlin;2;2;0;1;0,2702;0,4748;0,255
6094;2020-12-15;T20-21;D1;Werder Bremen;Dortmund;1;2;2;2;0,2178;0,2109;0,5714
16049;2020-12-15;T20-21;E0;Wolves;Chelsea;2;1;1;2;0,269;0,295;0,4361
26258;2020-12-16;T20-21;F1;Rennes;Marseille;2;1;1;1;0,2806;0,465;0,2544
34631;2020-12-16;T20-21;I1;Juventus;Atalanta;1;1;0;1;0,209;0,4796;0,3114
26254;2020-12-16;T20-21;F1;Bordeaux;St Etienne;1;2;2;1;0,2882;0,4817;0,23
26255;2020-12-16;T20-21;F1;Lyon;Brest;2;2;0;1;0,2071;0,6757;0,1172
34632;2020-12-16;T20-21;I1;Fiorentina;Sassuolo;1;1;0;1;0,2843;0,4006;0,3151
26253;2020-12-16;T20-21;F1;Reims;Nantes;3;2;1;1;0,2823;0,4982;0,2196
34634;2020-12-16;T20-21;I1;Inter;Napoli;1;0;1;1;0,2558;0,4436;0,3006
34635;2020-12-16;T20-21;I1;Parma;Cagliari;0;0;0;1;0,311;0,407;0,282
34637;2020-12-16;T20-21;I1;Verona;Sampdoria;1;2;2;1;0,2876;0,4738;0,2385
44633;2020-12-16;T20-21;SP1;Barcelona;Sociedad;2;1;1;1;0,2111;0,6312;0,1577
34633;2020-12-16;T20-21;I1;Genoa;Milan;2;2;0;2;0,1742;0,1216;0,7042
26252;2020-12-16;T20-21;F1;Nimes;Nice;0;2;2;1;0,3047;0,4059;0,2894
6099;2020-12-16;T20-21;D1;Hoffenheim;RB Leipzig;0;1;2;2;0,2438;0,3045;0,4517
26250;2020-12-16;T20-21;F1;Dijon;Lille;0;2;2;2;0,3;0,3347;0,3653
26249;2020-12-16;T20-21;F1;Angers;Strasbourg;0;2;2;1;0,2803;0,5027;0,217
16056;2020-12-16;T20-21;E0;West Ham;Crystal Palace;1;1;0;1;0,2773;0,4757;0,247
16055;2020-12-16;T20-21;E0;Liverpool;Tottenham;2;1;1;1;0,2309;0,5447;0,2243
16054;2020-12-16;T20-21;E0;Fulham;Brighton;0;0;0;1;0,2989;0,4337;0,2674
16053;2020-12-16;T20-21;E0;Leicester;Everton;0;2;2;1;0,2214;0,6331;0,1455
16051;2020-12-16;T20-21;E0;Arsenal;Southampton;1;1;0;1;0,2686;0,5112;0,2202
26251;2020-12-16;T20-21;F1;Montpellier;Metz;0;2;2;1;0,2384;0,5914;0,1701
6098;2020-12-16;T20-21;D1;FC Koln;Leverkusen;0;4;2;2;0,1963;0,1889;0,6148
6096;2020-12-16;T20-21;D1;Bayern Munich;Wolfsburg;2;1;1;1;0,1863;0,6715;0,1421
6095;2020-12-16;T20-21;D1;Schalke 04;Freiburg;0;2;2;1;0,2937;0,4411;0,2652
16058;2020-12-17;T20-21;E0;Sheffield United;Man United;2;3;2;2;0,2833;0,271;0,4457
34638;2020-12-17;T20-21;I1;Roma;Torino;3;1;1;1;0,154;0,7711;0,0749
16057;2020-12-17;T20-21;E0;Aston Villa;Burnley;0;0;0;1;0,2855;0,4816;0,2329
6100;2020-12-18;T20-21;D1;Union Berlin;Dortmund;2;1;1;2;0,2221;0,2167;0,5611
44634;2020-12-18;T20-21;SP1;Ath Bilbao;Huesca;2;0;1;1;0,2512;0,5817;0,1671
56560;2020-12-18;T20-21;SP2;Ponferradina;Oviedo;1;0;1;1;0,3075;0,4041;0,2883
34639;2020-12-19;T20-21;I1;Fiorentina;Verona;1;1;0;1;0,2774;0,5045;0,2181
56563;2020-12-19;T20-21;SP2;Zaragoza;Lugo;1;0;1;1;0,2945;0,4658;0,2397
56562;2020-12-19;T20-21;SP2;Mallorca;Fuenlabrada;2;3;2;1;0,2451;0,5863;0,1687
56561;2020-12-19;T20-21;SP2;Sabadell;Castellon;1;1;0;1;0,2984;0,4377;0,2639
44639;2020-12-19;T20-21;SP1;Sevilla;Valladolid;1;1;0;1;0,2223;0,6361;0,1416
44638;2020-12-19;T20-21;SP1;Osasuna;Villarreal;1;3;2;2;0,2889;0,3168;0,3943
44637;2020-12-19;T20-21;SP1;Levante;Sociedad;2;1;1;1;0,2992;0,379;0,3218
44636;2020-12-19;T20-21;SP1;Barcelona;Valencia;2;2;0;1;0,1801;0,7085;0,1115
34641;2020-12-19;T20-21;I1;Parma;Juventus;0;4;2;2;0,1846;0,164;0,6514
26261;2020-12-19;T20-21;F1;Nice;Lyon;1;4;2;1;0,2795;0,3802;0,3403
16060;2020-12-19;T20-21;E0;Southampton;Man City;0;1;2;2;0,2317;0,2092;0,5591
16062;2020-12-19;T20-21;E0;Newcastle;Fulham;1;1;0;1;0,2723;0,5211;0,2066
16061;2020-12-19;T20-21;E0;Everton;Arsenal;2;1;1;1;0,2907;0,4465;0,2627
16059;2020-12-19;T20-21;E0;Crystal Palace;Liverpool;0;7;2;2;0,2328;0,1942;0,5731
6106;2020-12-19;T20-21;D1;Leverkusen;Bayern Munich;1;2;2;2;0,1844;0,2045;0,611
6104;2020-12-19;T20-21;D1;RB Leipzig;FC Koln;0;0;0;1;0,1685;0,7477;0,0838
6103;2020-12-19;T20-21;D1;M'gladbach;Hoffenheim;1;2;2;1;0,2448;0,4936;0,2617
6102;2020-12-19;T20-21;D1;Mainz;Werder Bremen;0;1;2;1;0,3111;0,3773;0,3116
6101;2020-12-19;T20-21;D1;Augsburg;Ein Frankfurt;0;2;2;1;0,3122;0,37;0,3177
26260;2020-12-19;T20-21;F1;Marseille;Reims;1;1;0;1;0,251;0,5625;0,1865
34647;2020-12-20;T20-21;I1;Atalanta;Roma;4;1;1;1;0,2571;0,3829;0,36
34648;2020-12-20;T20-21;I1;Lazio;Napoli;2;0;1;1;0,2731;0,3973;0,3296
44640;2020-12-20;T20-21;SP1;Celta;Alaves;2;0;1;1;0,2935;0,4515;0,2551
44641;2020-12-20;T20-21;SP1;Granada;Betis;2;0;1;1;0,2848;0,4792;0,2359
56567;2020-12-20;T20-21;SP2;Malaga;Logrones;0;0;0;1;0,2746;0,5247;0,2007
56564;2020-12-20;T20-21;SP2;Alcorcon;Cartagena;2;1;1;1;0,2972;0,4594;0,2434
56565;2020-12-20;T20-21;SP2;Espanol;Almeria;2;1;1;1;0,2444;0,5776;0,178
56566;2020-12-20;T20-21;SP2;Vallecano;Las Palmas;2;0;1;1;0,2709;0,5232;0,2059
34646;2020-12-20;T20-21;I1;Sassuolo;Milan;1;2;2;2;0,2399;0,192;0,5681
44643;2020-12-20;T20-21;SP1;Eibar;Real Madrid;1;3;2;2;0,2629;0,2605;0,4766
34644;2020-12-20;T20-21;I1;Cagliari;Udinese;1;1;0;1;0,3084;0,4106;0,281
16063;2020-12-20;T20-21;E0;Brighton;Sheffield United;1;1;0;1;0,2908;0,4664;0,2428
26268;2020-12-20;T20-21;F1;Lille;Paris SG;0;0;0;2;0,2099;0,2529;0,5373
26267;2020-12-20;T20-21;F1;Lorient;Rennes;0;3;2;2;0,2545;0,253;0,4925
26266;2020-12-20;T20-21;F1;Strasbourg;Bordeaux;0;2;2;1;0,297;0,434;0,2691
26265;2020-12-20;T20-21;F1;St Etienne;Nimes;2;2;0;1;0,2511;0,5873;0,1616
26264;2020-12-20;T20-21;F1;Nantes;Angers;1;1;0;1;0,2915;0,448;0,2605
26263;2020-12-20;T20-21;F1;Dijon;Monaco;0;1;2;2;0,2709;0,2694;0,4597
26262;2020-12-20;T20-21;F1;Brest;Montpellier;2;2;0;1;0,2942;0,4377;0,2681
16064;2020-12-20;T20-21;E0;Tottenham;Leicester;0;2;2;1;0,282;0,3842;0,3338
34642;2020-12-20;T20-21;I1;Torino;Bologna;1;1;0;1;0,3084;0,4163;0,2753
6108;2020-12-20;T20-21;D1;Wolfsburg;Stuttgart;1;0;1;1;0,2491;0,52;0,2309
6107;2020-12-20;T20-21;D1;Freiburg;Hertha;4;1;1;1;0,2816;0,4704;0,248
56569;2020-12-21;T20-21;SP2;Sp Gijon;Leganes;1;1;0;1;0,2877;0,4876;0,2246
56568;2020-12-21;T20-21;SP2;Mirandes;Albacete;0;2;2;1;0,2656;0,5413;0,1932
56570;2020-12-21;T20-21;SP2;Tenerife;Girona;2;0;1;1;0,3023;0,419;0,2787
16067;2020-12-21;T20-21;E0;Burnley;Wolves;2;1;1;1;0,3123;0,3784;0,3093
16068;2020-12-21;T20-21;E0;Chelsea;West Ham;3;0;1;1;0,1974;0,6756;0,127
34650;2020-12-22;T20-21;I1;Juventus;Fiorentina;0;3;2;1;0,1594;0,7473;0,0933
44645;2020-12-22;T20-21;SP1;Valencia;Sevilla;0;1;2;1;0,307;0,3717;0,3213
44646;2020-12-22;T20-21;SP1;Huesca;Levante;1;1;0;1;0,3065;0,3746;0,3189
44647;2020-12-22;T20-21;SP1;Sociedad;Ath Madrid;0;2;2;1;0,2877;0,3641;0,3482
44648;2020-12-22;T20-21;SP1;Valladolid;Barcelona;0;3;2;2;0,2432;0,2093;0,5474
44649;2020-12-22;T20-21;SP1;Villarreal;Ath Bilbao;1;1;0;1;0,2638;0,5307;0,2056
34653;2020-12-23;T20-21;I1;Milan;Lazio;3;2;1;1;0,2423;0,5088;0,2489
34654;2020-12-23;T20-21;I1;Napoli;Torino;1;1;0;1;0,1822;0,7292;0,0886
34655;2020-12-23;T20-21;I1;Roma;Cagliari;3;2;1;1;0,1594;0,7527;0,0879
44652;2020-12-23;T20-21;SP1;Alaves;Eibar;2;1;1;1;0,3073;0,412;0,2807
44650;2020-12-23;T20-21;SP1;Getafe;Celta;1;1;0;1;0,2928;0,4762;0,231
44651;2020-12-23;T20-21;SP1;Real Madrid;Granada;2;0;1;1;0,1915;0,6922;0,1164
34652;2020-12-23;T20-21;I1;Bologna;Atalanta;2;2;0;2;0,2099;0,1734;0,6168
34656;2020-12-23;T20-21;I1;Sampdoria;Sassuolo;2;3;2;1;0,3085;0,3886;0,3029
26278;2020-12-23;T20-21;F1;Paris SG;Strasbourg;4;0;1;1;0,1266;0,8086;0,0648
34651;2020-12-23;T20-21;I1;Verona;Inter;1;2;2;2;0,22;0,1576;0,6224
26277;2020-12-23;T20-21;F1;Montpellier;Lille;2;3;2;1;0,2914;0,4078;0,3008
26276;2020-12-23;T20-21;F1;Monaco;St Etienne;2;2;0;1;0,2523;0,56;0,1877
26275;2020-12-23;T20-21;F1;Lyon;Nantes;3;0;1;1;0,1768;0,7297;0,0935
26274;2020-12-23;T20-21;F1;Angers;Marseille;2;1;1;2;0,2794;0,3267;0,3939
26273;2020-12-23;T20-21;F1;Rennes;Metz;1;0;1;1;0,2214;0,6347;0,1438
26272;2020-12-23;T20-21;F1;Nimes;Dijon;1;3;2;1;0,2741;0,5199;0,206
26271;2020-12-23;T20-21;F1;Nice;Lorient;2;2;0;1;0,2112;0,6765;0,1123
26270;2020-12-23;T20-21;F1;Lens;Brest;2;1;1;1;0,2606;0,5332;0,2062
26269;2020-12-23;T20-21;F1;Bordeaux;Reims;1;3;2;1;0,2825;0,4954;0,2221
16074;2020-12-26;T20-21;E0;Sheffield United;Everton;0;1;2;1;0,31;0,3552;0,3347
16073;2020-12-26;T20-21;E0;Man City;Newcastle;2;0;1;1;0,1479;0,7796;0,0724
16072;2020-12-26;T20-21;E0;Arsenal;Chelsea;3;1;1;1;0,2804;0,3822;0,3375
16071;2020-12-26;T20-21;E0;Fulham;Southampton;0;0;0;1;0,3095;0,3655;0,325
16070;2020-12-26;T20-21;E0;Aston Villa;Crystal Palace;3;0;1;1;0,2313;0,6381;0,1307
16069;2020-12-26;T20-21;E0;Leicester;Man United;2;2;0;2;0,2662;0,3314;0,4024
16076;2020-12-27;T20-21;E0;West Ham;Brighton;2;2;0;1;0,2484;0,5721;0,1795
16078;2020-12-27;T20-21;E0;Wolves;Tottenham;1;1;0;2;0,2706;0,3448;0,3846
16080;2020-12-28;T20-21;E0;Chelsea;Aston Villa;1;1;0;1;0,1961;0,6761;0,1278
16079;2020-12-28;T20-21;E0;Crystal Palace;Leicester;1;1;0;2;0,269;0,2732;0,4579
44656;2020-12-29;T20-21;SP1;Cadiz;Valladolid;0;0;0;1;0,2928;0,4483;0,2589
16084;2020-12-29;T20-21;E0;West Brom;Leeds;0;5;2;2;0,2664;0,2485;0,4851
44655;2020-12-29;T20-21;SP1;Barcelona;Eibar;1;1;0;1;0,1684;0,7325;0,0991
44657;2020-12-29;T20-21;SP1;Levante;Betis;4;3;1;1;0,283;0,495;0,222
44654;2020-12-29;T20-21;SP1;Sevilla;Villarreal;2;0;1;1;0,2642;0,499;0,2367
16081;2020-12-29;T20-21;E0;Brighton;Arsenal;0;1;2;2;0,2741;0,3135;0,4124
16083;2020-12-29;T20-21;E0;Southampton;West Ham;0;0;0;1;0,2729;0,4936;0,2335
16082;2020-12-29;T20-21;E0;Burnley;Sheffield United;1;0;1;1;0,2798;0,5125;0,2077
16085;2020-12-29;T20-21;E0;Man United;Wolves;1;0;1;1;0,176;0,7157;0,1083
16086;2020-12-30;T20-21;E0;Newcastle;Liverpool;0;0;0;2;0,1998;0,1473;0,6529
44658;2020-12-30;T20-21;SP1;Granada;Valencia;2;1;1;1;0,3005;0,4235;0,276
44659;2020-12-30;T20-21;SP1;Ath Madrid;Getafe;1;0;1;1;0,2302;0,6048;0,165
44660;2020-12-30;T20-21;SP1;Celta;Huesca;2;1;1;1;0,286;0,484;0,23
44662;2020-12-31;T20-21;SP1;Ath Bilbao;Sociedad;0;1;2;1;0,2981;0,435;0,2669
44663;2020-12-31;T20-21;SP1;Osasuna;Alaves;1;1;0;1;0,292;0,4689;0,2391
16087;2021-01-01;T20-21;E0;Everton;West Ham;0;1;2;1;0,2546;0,5595;0,186
16088;2021-01-01;T20-21;E0;Man United;Aston Villa;2;1;1;1;0,1844;0,697;0,1186
44666;2021-01-02;T20-21;SP1;Getafe;Valladolid;0;1;2;1;0,277;0,521;0,202
44667;2021-01-02;T20-21;SP1;Real Madrid;Celta;2;0;1;1;0,1799;0,7154;0,1046
56571;2021-01-02;T20-21;SP2;Fuenlabrada;Leganes;0;0;0;1;0,3034;0,4176;0,279
6115;2021-01-02;T20-21;D1;Stuttgart;RB Leipzig;0;1;2;2;0,2223;0,3568;0,4209
56573;2021-01-02;T20-21;SP2;Logrones;Mirandes;2;1;1;1;0,3092;0,4023;0,2886
56574;2021-01-02;T20-21;SP2;Cartagena;Zaragoza;1;1;0;1;0,3005;0,372;0,3276
44665;2021-01-02;T20-21;SP1;Betis;Sevilla;1;1;0;2;0,2558;0,2965;0,4477
56572;2021-01-02;T20-21;SP2;Vallecano;Alcorcon;2;1;1;1;0,2568;0,5592;0,184
44664;2021-01-02;T20-21;SP1;Villarreal;Levante;2;1;1;1;0,2791;0,4901;0,2307
6112;2021-01-02;T20-21;D1;Hoffenheim;Freiburg;1;3;2;1;0,2921;0,4446;0,2633
16091;2021-01-02;T20-21;E0;Brighton;Wolves;3;3;0;1;0,3063;0,383;0,3107
16090;2021-01-02;T20-21;E0;Crystal Palace;Sheffield United;2;0;1;1;0,2865;0,4867;0,2268
16089;2021-01-02;T20-21;E0;Tottenham;Leeds;3;0;1;2;0,2636;0,332;0,4044
6114;2021-01-02;T20-21;D1;Hertha;Schalke 04;3;0;1;1;0,2518;0,5604;0,1877
6113;2021-01-02;T20-21;D1;Werder Bremen;Union Berlin;0;2;2;1;0,3001;0,387;0,3129
6111;2021-01-02;T20-21;D1;FC Koln;Augsburg;0;1;2;1;0,2839;0,4514;0,2647
6110;2021-01-02;T20-21;D1;Ein Frankfurt;Leverkusen;2;1;1;2;0,2424;0,1951;0,5625
16092;2021-01-02;T20-21;E0;West Brom;Arsenal;0;4;2;2;0,2729;0,2711;0,456
56577;2021-01-03;T20-21;SP2;Albacete;Malaga;1;1;0;1;0,3099;0,412;0,2781
56576;2021-01-03;T20-21;SP2;Las Palmas;Espanol;1;0;1;2;0,28;0,2864;0,4336
56575;2021-01-03;T20-21;SP2;Castellon;Tenerife;0;1;2;1;0,3063;0,4199;0,2738
44672;2021-01-03;T20-21;SP1;Huesca;Barcelona;0;1;2;2;0,2248;0,172;0,6032
44671;2021-01-03;T20-21;SP1;Sociedad;Osasuna;1;1;0;1;0,2714;0,5174;0,2112
44670;2021-01-03;T20-21;SP1;Eibar;Granada;2;0;1;1;0,2992;0,4538;0,247
44669;2021-01-03;T20-21;SP1;Alaves;Ath Madrid;1;2;2;2;0,3063;0,3183;0,3754
34668;2021-01-03;T20-21;I1;Juventus;Udinese;4;1;1;1;0,1604;0,7463;0,0933
34664;2021-01-03;T20-21;I1;Parma;Torino;0;3;2;1;0,303;0,3918;0,3053
34663;2021-01-03;T20-21;I1;Genoa;Lazio;1;1;0;2;0,2159;0,1828;0,6012
34662;2021-01-03;T20-21;I1;Fiorentina;Bologna;0;0;0;1;0,2828;0,4534;0,2638
34661;2021-01-03;T20-21;I1;Cagliari;Napoli;1;4;2;2;0,1924;0,16;0,6475
34660;2021-01-03;T20-21;I1;Atalanta;Sassuolo;5;1;1;1;0,2565;0,4933;0,2502
16094;2021-01-03;T20-21;E0;Chelsea;Man City;1;3;2;1;0,2172;0,4118;0,371
16093;2021-01-03;T20-21;E0;Newcastle;Leicester;1;2;2;2;0,2774;0,2798;0,4429
6117;2021-01-03;T20-21;D1;Bayern Munich;Mainz;5;2;1;1;0,1053;0,846;0,0488
34665;2021-01-03;T20-21;I1;Roma;Sampdoria;1;0;1;1;0,1631;0,7413;0,0956
16095;2021-01-04;T20-21;E0;Southampton;Liverpool;1;0;1;2;0,2358;0,2142;0,55
44673;2021-01-04;T20-21;SP1;Valencia;Cadiz;1;1;0;1;0,2578;0,5644;0,1778
34674;2021-01-06;T20-21;I1;Sampdoria;Inter;2;1;1;2;0,2265;0,1745;0,599
34672;2021-01-06;T20-21;I1;Crotone;Roma;1;3;2;2;0,172;0,1195;0,7085
34673;2021-01-06;T20-21;I1;Lazio;Fiorentina;2;1;1;1;0,2316;0,6005;0,1678
34675;2021-01-06;T20-21;I1;Sassuolo;Genoa;2;1;1;1;0,2091;0,6473;0,1436
34671;2021-01-06;T20-21;I1;Bologna;Udinese;2;2;0;1;0,2992;0,4343;0,2664
34677;2021-01-06;T20-21;I1;Napoli;Spezia;1;2;2;1;0,1727;0,741;0,0862
34678;2021-01-06;T20-21;I1;Milan;Juventus;1;3;2;1;0,2602;0,3852;0,3546
44674;2021-01-06;T20-21;SP1;Ath Bilbao;Barcelona;2;3;2;2;0,2552;0,2484;0,4964
34676;2021-01-06;T20-21;I1;Torino;Verona;1;1;0;1;0,3034;0,4324;0,2642
34670;2021-01-06;T20-21;I1;Atalanta;Parma;3;0;1;1;0,1349;0,7997;0,0654
26284;2021-01-06;T20-21;F1;Lille;Angers;1;2;2;1;0,1979;0,6876;0,1145
26288;2021-01-06;T20-21;F1;St Etienne;Paris SG;1;1;0;2;0,2103;0,1689;0,6208
26287;2021-01-06;T20-21;F1;Reims;Dijon;0;0;0;1;0,2713;0,5238;0,2048
26286;2021-01-06;T20-21;F1;Marseille;Montpellier;3;1;1;1;0,2751;0,5025;0,2224
26285;2021-01-06;T20-21;F1;Lyon;Lens;3;2;1;1;0,205;0,6288;0,1662
34669;2021-01-06;T20-21;I1;Cagliari;Benevento;1;2;2;1;0,2909;0,468;0,2411
26283;2021-01-06;T20-21;F1;Strasbourg;Nimes;5;0;1;1;0,2863;0,4812;0,2325
26282;2021-01-06;T20-21;F1;Nantes;Rennes;0;0;0;1;0,31;0,3996;0,2904
26281;2021-01-06;T20-21;F1;Metz;Bordeaux;0;0;0;1;0,2845;0,4919;0,2236
26280;2021-01-06;T20-21;F1;Lorient;Monaco;2;5;2;2;0,2621;0,3326;0,4053
26279;2021-01-06;T20-21;F1;Brest;Nice;2;0;1;1;0,2932;0,4426;0,2643
56582;2021-01-08;T20-21;SP2;Zaragoza;Logrones;2;0;1;1;0,2747;0,5239;0,2014
44675;2021-01-08;T20-21;SP1;Celta;Villarreal;0;4;2;1;0,3024;0,3724;0,3252
6118;2021-01-08;T20-21;D1;M'gladbach;Bayern Munich;3;2;1;2;0,177;0,1724;0,6506
44678;2021-01-09;T20-21;SP1;Osasuna;Real Madrid;0;0;0;2;0,2475;0,2135;0,539
44677;2021-01-09;T20-21;SP1;Granada;Barcelona;0;4;2;2;0,2389;0,2288;0,5324
44676;2021-01-09;T20-21;SP1;Sevilla;Sociedad;3;2;1;1;0,2723;0,5062;0,2216
34681;2021-01-09;T20-21;I1;Milan;Torino;2;0;1;1;0,1493;0,7751;0,0756
34680;2021-01-09;T20-21;I1;Genoa;Bologna;2;0;1;1;0,3189;0,3795;0,3016
34679;2021-01-09;T20-21;I1;Benevento;Atalanta;1;4;2;2;0,1892;0,1472;0,6636
26298;2021-01-09;T20-21;F1;Rennes;Lyon;2;2;0;2;0,2623;0,3534;0,3844
26297;2021-01-09;T20-21;F1;Reims;St Etienne;3;1;1;1;0,2948;0,4531;0,2521
26296;2021-01-09;T20-21;F1;Paris SG;Brest;3;0;1;1;0,1309;0,8004;0,0687
26295;2021-01-09;T20-21;F1;Nimes;Lille;0;1;2;2;0,2378;0,2237;0,5385
26294;2021-01-09;T20-21;F1;Montpellier;Nantes;1;1;0;1;0,2598;0,5447;0,1954
56583;2021-01-09;T20-21;SP2;Malaga;Oviedo;1;1;0;1;0,2947;0,4688;0,2365
26292;2021-01-09;T20-21;F1;Metz;Nice;1;1;0;1;0,2931;0,468;0,2389
26293;2021-01-09;T20-21;F1;Monaco;Angers;3;0;1;1;0,2218;0,6292;0,149
6119;2021-01-09;T20-21;D1;Freiburg;FC Koln;5;0;1;1;0,2824;0,4706;0,247
6121;2021-01-09;T20-21;D1;Mainz;Ein Frankfurt;0;2;2;1;0,2986;0,404;0,2973
6122;2021-01-09;T20-21;D1;Schalke 04;Hoffenheim;4;0;1;2;0,255;0,2473;0,4977
6120;2021-01-09;T20-21;D1;Leverkusen;Werder Bremen;1;1;0;1;0,1602;0,7513;0,0885
6124;2021-01-09;T20-21;D1;RB Leipzig;Dortmund;1;3;2;1;0,2149;0,4363;0,3488
26289;2021-01-09;T20-21;F1;Bordeaux;Lorient;2;1;1;1;0,2721;0,5266;0,2013
26290;2021-01-09;T20-21;F1;Dijon;Marseille;0;0;0;2;0,2814;0,2892;0,4294
26291;2021-01-09;T20-21;F1;Lens;Strasbourg;0;1;2;1;0,2533;0,5499;0,1969
6123;2021-01-09;T20-21;D1;Union Berlin;Wolfsburg;2;2;0;1;0,2935;0,4196;0,2869
44679;2021-01-10;T20-21;SP1;Levante;Eibar;2;1;1;1;0,292;0,4509;0,2571
56585;2021-01-10;T20-21;SP2;Tenerife;Cartagena;3;0;1;1;0,291;0,4769;0,2321
56584;2021-01-10;T20-21;SP2;Mallorca;Las Palmas;0;1;2;1;0,2351;0,6091;0,1558
44681;2021-01-10;T20-21;SP1;Valladolid;Valencia;0;1;2;1;0,3086;0,4261;0,2653
44680;2021-01-10;T20-21;SP1;Cadiz;Alaves;3;1;1;1;0,2924;0,4795;0,2281
34687;2021-01-10;T20-21;I1;Juventus;Sassuolo;3;1;1;1;0,2494;0,5202;0,2304
56586;2021-01-10;T20-21;SP2;Espanol;Castellon;2;0;1;1;0,2418;0,5873;0,1709
34685;2021-01-10;T20-21;I1;Verona;Crotone;2;1;1;1;0,2157;0,681;0,1033
34684;2021-01-10;T20-21;I1;Udinese;Napoli;1;2;2;2;0,2493;0,2255;0,5252
34683;2021-01-10;T20-21;I1;Parma;Lazio;0;2;2;2;0,2344;0,2143;0,5513
34682;2021-01-10;T20-21;I1;Roma;Inter;2;2;0;1;0,2421;0,4393;0,3185
6125;2021-01-10;T20-21;D1;Augsburg;Stuttgart;1;4;2;2;0,2979;0,3484;0,3538
34686;2021-01-10;T20-21;I1;Fiorentina;Cagliari;1;0;1;1;0,2385;0,6174;0,1441
34688;2021-01-11;T20-21;I1;Spezia;Sampdoria;2;1;1;2;0,2383;0,2171;0,5446
44682;2021-01-11;T20-21;SP1;Elche;Getafe;1;3;2;1;0,3073;0,4084;0,2843
44683;2021-01-11;T20-21;SP1;Huesca;Betis;0;2;2;1;0,3122;0,391;0,2968
56587;2021-01-11;T20-21;SP2;Ponferradina;Girona;1;1;0;1;0,3032;0,4279;0,2689
56588;2021-01-11;T20-21;SP2;Sp Gijon;Fuenlabrada;2;1;1;1;0,2909;0,4786;0,2305
56589;2021-01-11;T20-21;SP2;Sabadell;Lugo;1;1;0;1;0,3028;0,4239;0,2733
44685;2021-01-12;T20-21;SP1;Ath Madrid;Sevilla;2;0;1;1;0,2383;0,5782;0,1834
44684;2021-01-12;T20-21;SP1;Granada;Osasuna;2;0;1;1;0,2847;0,4833;0,2319
16098;2021-01-12;T20-21;E0;Wolves;Everton;1;2;2;1;0,2887;0,4768;0,2345
16096;2021-01-12;T20-21;E0;Sheffield United;Newcastle;1;0;1;1;0,2995;0,4632;0,2373
16097;2021-01-12;T20-21;E0;Burnley;Man United;0;1;2;2;0,2474;0,2213;0,5313
16099;2021-01-13;T20-21;E0;Man City;Brighton;1;0;1;1;0,1485;0,7737;0,0778
16101;2021-01-14;T20-21;E0;Arsenal;Crystal Palace;0;0;0;1;0,2198;0,6527;0,1275
6127;2021-01-15;T20-21;D1;Union Berlin;Leverkusen;1;0;1;2;0,223;0,2156;0,5614
26299;2021-01-15;T20-21;F1;Montpellier;Monaco;2;3;2;2;0,2632;0,3056;0,4312
34689;2021-01-15;T20-21;I1;Lazio;Roma;3;0;1;1;0,2611;0,3742;0,3648
16105;2021-01-16;T20-21;E0;Fulham;Chelsea;0;1;2;2;0,2328;0,197;0,5702
34691;2021-01-16;T20-21;I1;Torino;Spezia;0;0;0;1;0,3092;0,3973;0,2934
34690;2021-01-16;T20-21;I1;Bologna;Verona;1;0;1;1;0,2986;0,4313;0,2701
34692;2021-01-16;T20-21;I1;Sampdoria;Udinese;2;1;1;1;0,3079;0,4172;0,2749
26300;2021-01-16;T20-21;F1;Marseille;Nimes;1;2;2;1;0,2068;0,6901;0,1031
16106;2021-01-16;T20-21;E0;Leicester;Southampton;2;0;1;1;0,2396;0,592;0,1684
16104;2021-01-16;T20-21;E0;West Ham;Burnley;1;0;1;1;0,2685;0,5221;0,2094
26301;2021-01-16;T20-21;F1;Angers;Paris SG;0;1;2;2;0,2073;0,1641;0,6286
16102;2021-01-16;T20-21;E0;Wolves;West Brom;2;3;2;1;0,1889;0,7326;0,0785
6128;2021-01-16;T20-21;D1;Dortmund;Mainz;1;1;0;1;0,1406;0,795;0,0644
6129;2021-01-16;T20-21;D1;FC Koln;Hertha;0;0;0;1;0,2919;0,4054;0,3027
6130;2021-01-16;T20-21;D1;Hoffenheim;Bielefeld;0;0;0;1;0,2172;0,6435;0,1394
16103;2021-01-16;T20-21;E0;Leeds;Brighton;0;1;2;1;0,239;0,5595;0,2015
6132;2021-01-16;T20-21;D1;Wolfsburg;RB Leipzig;2;2;0;2;0,2423;0,323;0,4347
6133;2021-01-16;T20-21;D1;Stuttgart;M'gladbach;2;2;0;2;0,2525;0,355;0,3926
6131;2021-01-16;T20-21;D1;Werder Bremen;Augsburg;2;0;1;1;0,3048;0,4256;0,2696
34697;2021-01-17;T20-21;I1;Inter;Juventus;2;0;1;1;0,2529;0,4121;0,335
34695;2021-01-17;T20-21;I1;Sassuolo;Parma;1;1;0;1;0,2187;0,6231;0,1582
34694;2021-01-17;T20-21;I1;Crotone;Benevento;4;1;1;1;0,302;0,3565;0,3416
26307;2021-01-17;T20-21;F1;Lyon;Metz;0;1;2;1;0,1848;0,7022;0,1129
26306;2021-01-17;T20-21;F1;Lille;Reims;2;1;1;1;0,2066;0,6647;0,1286
26305;2021-01-17;T20-21;F1;Strasbourg;St Etienne;1;0;1;1;0,2942;0,4417;0,2641
26304;2021-01-17;T20-21;F1;Nice;Bordeaux;0;3;2;1;0,2751;0,5097;0,2152
34696;2021-01-17;T20-21;I1;Atalanta;Genoa;0;0;0;1;0,1192;0,8252;0,0556
26302;2021-01-17;T20-21;F1;Brest;Rennes;1;2;2;1;0,2917;0,398;0,3103
26303;2021-01-17;T20-21;F1;Nantes;Lens;1;1;0;1;0,3019;0,3568;0,3413
6134;2021-01-17;T20-21;D1;Bayern Munich;Freiburg;2;1;1;1;0,1197;0,8042;0,0761
6135;2021-01-17;T20-21;D1;Ein Frankfurt;Schalke 04;3;1;1;1;0,1637;0,7536;0,0827
34693;2021-01-17;T20-21;I1;Napoli;Fiorentina;6;0;1;1;0,1811;0,7075;0,1114
16108;2021-01-17;T20-21;E0;Liverpool;Man United;0;0;0;1;0,2116;0,6039;0,1845
16109;2021-01-17;T20-21;E0;Man City;Crystal Palace;4;0;1;1;0,1603;0,7527;0,087
16107;2021-01-17;T20-21;E0;Sheffield United;Tottenham;1;3;2;2;0,2896;0,3032;0,4072
16110;2021-01-18;T20-21;E0;Arsenal;Newcastle;3;0;1;1;0,2216;0,6491;0,1292
34698;2021-01-18;T20-21;I1;Cagliari;Milan;0;2;2;2;0,1704;0,1179;0,7117
16111;2021-01-19;T20-21;E0;West Ham;West Brom;2;1;1;1;0,1823;0,7394;0,0783
44688;2021-01-19;T20-21;SP1;Alaves;Sevilla;1;2;2;1;0,3129;0,3448;0,3423
44687;2021-01-19;T20-21;SP1;Valladolid;Elche;2;2;0;1;0,2799;0,5128;0,2074
44686;2021-01-19;T20-21;SP1;Cadiz;Levante;2;2;0;1;0,3001;0,455;0,2448
16112;2021-01-19;T20-21;E0;Leicester;Chelsea;2;0;1;2;0,2744;0,317;0,4086
6137;2021-01-19;T20-21;D1;Hertha;Hoffenheim;0;3;2;2;0,2741;0,3089;0,4169
6138;2021-01-19;T20-21;D1;Leverkusen;Dortmund;2;1;1;2;0,2327;0,3238;0,4435
6136;2021-01-19;T20-21;D1;M'gladbach;Werder Bremen;1;0;1;1;0,1781;0,717;0,105
6139;2021-01-19;T20-21;D1;Mainz;Wolfsburg;0;2;2;2;0,2312;0,2173;0,5515
44691;2021-01-20;T20-21;SP1;Villarreal;Granada;2;2;0;1;0,2169;0,653;0,1301
44690;2021-01-20;T20-21;SP1;Betis;Celta;2;1;1;1;0,2872;0,4571;0,2556
44689;2021-01-20;T20-21;SP1;Getafe;Huesca;1;0;1;1;0,2471;0,6026;0,1503
34699;2021-01-20;T20-21;I1;Udinese;Atalanta;1;1;0;2;0,203;0,1753;0,6217
26308;2021-01-20;T20-21;F1;Marseille;Lens;0;1;2;1;0,2463;0,5538;0,1999
16114;2021-01-20;T20-21;E0;Fulham;Man United;1;2;2;2;0,2325;0,1838;0,5837
6143;2021-01-20;T20-21;D1;Freiburg;Ein Frankfurt;2;2;0;2;0,2379;0,2727;0,4894
6142;2021-01-20;T20-21;D1;Bielefeld;Stuttgart;3;0;1;2;0,3087;0,3392;0,3521
6141;2021-01-20;T20-21;D1;Augsburg;Bayern Munich;0;1;2;2;0,1773;0,1189;0,7038
6140;2021-01-20;T20-21;D1;Schalke 04;FC Koln;1;2;2;1;0,2994;0,4296;0,2711
6144;2021-01-20;T20-21;D1;RB Leipzig;Union Berlin;1;0;1;1;0,2083;0,6438;0,1479
16115;2021-01-21;T20-21;E0;Liverpool;Burnley;0;1;2;1;0,1558;0,756;0,0882
44692;2021-01-21;T20-21;SP1;Valencia;Osasuna;1;1;0;1;0,2491;0,5855;0,1653
44693;2021-01-21;T20-21;SP1;Eibar;Ath Madrid;1;2;2;2;0,2611;0,2556;0,4832
44694;2021-01-22;T20-21;SP1;Levante;Valladolid;2;2;0;1;0,263;0,5442;0,1927
34700;2021-01-22;T20-21;I1;Benevento;Torino;2;2;0;1;0,3093;0,3641;0,3266
6145;2021-01-22;T20-21;D1;M'gladbach;Dortmund;4;2;1;2;0,2329;0,3082;0,459
26309;2021-01-22;T20-21;F1;Paris SG;Montpellier;4;0;1;1;0,1392;0,7845;0,0763
56596;2021-01-23;T20-21;SP2;Malaga;Ponferradina;0;2;2;1;0,2857;0,4943;0,22
56595;2021-01-23;T20-21;SP2;Lugo;Tenerife;2;0;1;1;0,2886;0,4836;0,2278
56594;2021-01-23;T20-21;SP2;Girona;Espanol;1;0;1;1;0,3056;0,3849;0,3095
56593;2021-01-23;T20-21;SP2;Vallecano;Mallorca;1;3;2;1;0,3002;0,4219;0,278
44698;2021-01-23;T20-21;SP1;Alaves;Real Madrid;1;4;2;2;0,2732;0,2603;0,4665
44697;2021-01-23;T20-21;SP1;Sociedad;Betis;2;2;0;1;0,2402;0,5972;0,1626
44696;2021-01-23;T20-21;SP1;Sevilla;Cadiz;3;0;1;1;0,2117;0,66;0,1283
44695;2021-01-23;T20-21;SP1;Huesca;Villarreal;0;0;0;1;0,297;0,3757;0,3273
34704;2021-01-23;T20-21;I1;Fiorentina;Crotone;2;1;1;1;0,2281;0,6587;0,1132
34703;2021-01-23;T20-21;I1;Udinese;Inter;0;0;0;2;0,2187;0,1599;0,6213
26311;2021-01-23;T20-21;F1;Monaco;Marseille;3;1;1;1;0,2468;0,555;0,1981
34701;2021-01-23;T20-21;I1;Roma;Spezia;4;3;1;1;0,1811;0,7012;0,1177
34702;2021-01-23;T20-21;I1;Milan;Atalanta;0;3;2;2;0,2346;0,3195;0,4459
6147;2021-01-23;T20-21;D1;Bielefeld;Ein Frankfurt;1;5;2;2;0,2485;0,2218;0,5297
6148;2021-01-23;T20-21;D1;Freiburg;Stuttgart;2;1;1;1;0,291;0,4019;0,3071
6149;2021-01-23;T20-21;D1;Leverkusen;Wolfsburg;0;1;2;1;0,2467;0,5256;0,2277
6146;2021-01-23;T20-21;D1;Augsburg;Union Berlin;2;1;1;1;0,3122;0,3616;0,3261
6151;2021-01-23;T20-21;D1;Hertha;Werder Bremen;1;4;2;1;0,2845;0,4434;0,2721
16116;2021-01-23;T20-21;E0;Aston Villa;Newcastle;2;0;1;1;0,2656;0,5347;0,1996
26310;2021-01-23;T20-21;F1;Lens;Nice;0;1;2;1;0,2727;0,5028;0,2244
6150;2021-01-23;T20-21;D1;Mainz;RB Leipzig;3;2;1;2;0,2122;0,187;0,6008
34707;2021-01-24;T20-21;I1;Verona;Napoli;3;1;1;2;0,2287;0,2004;0,5709
56599;2021-01-24;T20-21;SP2;Castellon;Sp Gijon;2;0;1;2;0,281;0,3119;0,4071
44702;2021-01-24;T20-21;SP1;Ath Madrid;Valencia;3;1;1;1;0,1992;0,6751;0,1257
44701;2021-01-24;T20-21;SP1;Celta;Eibar;1;1;0;1;0,3002;0,4302;0,2697
44700;2021-01-24;T20-21;SP1;Elche;Barcelona;0;2;2;2;0,2314;0,1906;0,578
44699;2021-01-24;T20-21;SP1;Osasuna;Granada;3;1;1;1;0,3107;0,4028;0,2865
34708;2021-01-24;T20-21;I1;Lazio;Sassuolo;2;1;1;1;0,2578;0,4985;0,2437
34706;2021-01-24;T20-21;I1;Genoa;Cagliari;1;0;1;1;0,322;0,383;0,295
34709;2021-01-24;T20-21;I1;Parma;Sampdoria;0;2;2;1;0,3069;0,3919;0,3012
26317;2021-01-24;T20-21;F1;St Etienne;Lyon;0;5;2;2;0,2653;0,2667;0,4681
6153;2021-01-24;T20-21;D1;Hoffenheim;FC Koln;3;0;1;1;0,2666;0,5162;0,2172
26312;2021-01-24;T20-21;F1;Bordeaux;Angers;2;1;1;1;0,2361;0,6193;0,1447
26313;2021-01-24;T20-21;F1;Dijon;Strasbourg;1;1;0;1;0,3048;0,4307;0,2645
6152;2021-01-24;T20-21;D1;Schalke 04;Bayern Munich;0;4;2;2;0,1312;0,0827;0,7861
34705;2021-01-24;T20-21;I1;Juventus;Bologna;2;0;1;1;0,1724;0,7269;0,1006
26315;2021-01-24;T20-21;F1;Reims;Brest;1;0;1;1;0,29;0,4648;0,2453
26316;2021-01-24;T20-21;F1;Rennes;Lille;0;1;2;1;0,2747;0,4287;0,2966
26314;2021-01-24;T20-21;F1;Metz;Nantes;2;0;1;1;0,286;0,4895;0,2246
56601;2021-01-25;T20-21;SP2;Cartagena;Mirandes;0;2;2;1;0,2938;0,3922;0,314
16117;2021-01-26;T20-21;E0;Crystal Palace;West Ham;2;3;2;1;0,3136;0,3991;0,2873
16118;2021-01-26;T20-21;E0;Newcastle;Leeds;1;2;2;2;0,2533;0,2334;0,5133
16119;2021-01-26;T20-21;E0;Southampton;Arsenal;1;3;2;2;0,2726;0,2945;0,4329
16120;2021-01-26;T20-21;E0;West Brom;Man City;0;5;2;2;0,1842;0,1377;0,6781
56602;2021-01-26;T20-21;SP2;Alcorcon;Albacete;1;2;2;1;0,2823;0,5045;0,2132
16125;2021-01-27;T20-21;E0;Man United;Sheffield United;1;2;2;1;0,1419;0,7899;0,0682
16123;2021-01-27;T20-21;E0;Brighton;Fulham;0;0;0;1;0,2766;0,5172;0,2062
16124;2021-01-27;T20-21;E0;Everton;Leicester;1;1;0;2;0,2776;0,2967;0,4257
16121;2021-01-27;T20-21;E0;Burnley;Aston Villa;3;2;1;1;0,3082;0,3626;0,3292
16122;2021-01-27;T20-21;E0;Chelsea;Wolves;0;0;0;1;0,1835;0,71;0,1065
16126;2021-01-28;T20-21;E0;Tottenham;Liverpool;1;3;2;1;0,2387;0,3861;0,3751
6154;2021-01-29;T20-21;D1;Stuttgart;Mainz;2;0;1;1;0,262;0,5155;0,2225
26319;2021-01-29;T20-21;F1;Lyon;Bordeaux;2;1;1;1;0,1894;0,6921;0,1186
34710;2021-01-29;T20-21;I1;Torino;Fiorentina;1;1;0;1;0,3088;0,3939;0,2974
44704;2021-01-29;T20-21;SP1;Valladolid;Huesca;1;3;2;1;0,291;0,479;0,2299
56603;2021-01-29;T20-21;SP2;Zaragoza;Ponferradina;1;0;1;1;0,2665;0,5465;0,187
34711;2021-01-30;T20-21;I1;Bologna;Milan;1;2;2;2;0,202;0,1496;0,6483
34712;2021-01-30;T20-21;I1;Sampdoria;Juventus;0;2;2;2;0,2342;0,2404;0,5254
34713;2021-01-30;T20-21;I1;Inter;Benevento;4;0;1;1;0,1377;0,7953;0,067
44705;2021-01-30;T20-21;SP1;Eibar;Sevilla;0;2;2;2;0,2728;0,2914;0,4358
44706;2021-01-30;T20-21;SP1;Real Madrid;Levante;1;2;2;1;0,1935;0,6891;0,1174
56606;2021-01-30;T20-21;SP2;Mallorca;Girona;1;0;1;1;0,2531;0,5625;0,1843
56604;2021-01-30;T20-21;SP2;Oviedo;Albacete;0;1;2;1;0,2742;0,5197;0,2061
56605;2021-01-30;T20-21;SP2;Alcorcon;Malaga;0;1;2;1;0,3002;0,4322;0,2676
56607;2021-01-30;T20-21;SP2;Almeria;Castellon;3;1;1;1;0,2212;0,6415;0,1373
44707;2021-01-30;T20-21;SP1;Valencia;Elche;1;0;1;1;0,226;0,6388;0,1352
26320;2021-01-30;T20-21;F1;Montpellier;Lens;1;2;2;1;0,2954;0,4306;0,274
44708;2021-01-30;T20-21;SP1;Villarreal;Sociedad;1;1;0;1;0,2792;0,48;0,2408
16131;2021-01-30;T20-21;E0;Arsenal;Man United;0;0;0;1;0,2772;0,4161;0,3067
16132;2021-01-30;T20-21;E0;Southampton;Aston Villa;0;1;2;2;0,2797;0,32;0,4003
6155;2021-01-30;T20-21;D1;Bayern Munich;Hoffenheim;4;1;1;1;0,1872;0,661;0,1519
6156;2021-01-30;T20-21;D1;Dortmund;Augsburg;3;1;1;1;0,1686;0,7338;0,0976
6157;2021-01-30;T20-21;D1;Ein Frankfurt;Hertha;3;1;1;1;0,2776;0,4833;0,2391
6159;2021-01-30;T20-21;D1;Werder Bremen;Schalke 04;1;1;0;1;0,2737;0,5172;0,2091
6158;2021-01-30;T20-21;D1;Union Berlin;M'gladbach;1;1;0;2;0,2391;0,2968;0,464
16127;2021-01-30;T20-21;E0;Everton;Newcastle;0;2;2;1;0,2361;0,6066;0,1574
16128;2021-01-30;T20-21;E0;Crystal Palace;Wolves;1;0;1;1;0,3026;0,3747;0,3226
16129;2021-01-30;T20-21;E0;Man City;Sheffield United;1;0;1;1;0,1293;0,8086;0,062
16130;2021-01-30;T20-21;E0;West Brom;Fulham;2;2;0;1;0,2972;0,361;0,3418
6160;2021-01-30;T20-21;D1;RB Leipzig;Leverkusen;1;0;1;1;0,2285;0,4878;0,2837
34716;2021-01-31;T20-21;I1;Cagliari;Sassuolo;1;1;0;2;0,2928;0,3012;0,406
34719;2021-01-31;T20-21;I1;Roma;Verona;3;1;1;1;0,2536;0,5605;0,1859
34717;2021-01-31;T20-21;I1;Crotone;Genoa;0;3;2;1;0,3031;0,3647;0,3322
34718;2021-01-31;T20-21;I1;Napoli;Parma;2;0;1;1;0,1566;0,7652;0,0781
44709;2021-01-31;T20-21;SP1;Getafe;Alaves;0;0;0;1;0,2818;0,5078;0,2104
56610;2021-01-31;T20-21;SP2;Mirandes;Las Palmas;2;0;1;1;0,2861;0,4895;0,2244
44711;2021-01-31;T20-21;SP1;Granada;Celta;0;0;0;1;0,2754;0,5049;0,2197
44712;2021-01-31;T20-21;SP1;Barcelona;Ath Bilbao;2;1;1;1;0,1642;0,7379;0,0979
56608;2021-01-31;T20-21;SP2;Sp Gijon;Cartagena;0;0;0;1;0,2876;0,4874;0,225
56609;2021-01-31;T20-21;SP2;Espanol;Vallecano;2;3;2;1;0,2538;0,5586;0,1876
56611;2021-01-31;T20-21;SP2;Tenerife;Fuenlabrada;1;1;0;1;0,293;0,4699;0,2371
44710;2021-01-31;T20-21;SP1;Cadiz;Ath Madrid;2;4;2;2;0,2646;0,2469;0,4886
34714;2021-01-31;T20-21;I1;Spezia;Udinese;0;1;2;2;0,2679;0,309;0,4231
34715;2021-01-31;T20-21;I1;Atalanta;Lazio;1;3;2;1;0,2452;0,4647;0,2901
26326;2021-01-31;T20-21;F1;Lille;Dijon;1;0;1;1;0,1709;0,7375;0,0916
26325;2021-01-31;T20-21;F1;Strasbourg;Reims;0;1;2;1;0,2918;0,4474;0,2608
26324;2021-01-31;T20-21;F1;Lorient;Paris SG;3;2;1;2;0,1885;0,1237;0,6878
26323;2021-01-31;T20-21;F1;Brest;Metz;2;4;2;1;0,2881;0,4525;0,2594
26322;2021-01-31;T20-21;F1;Angers;Nimes;3;1;1;1;0,235;0,6321;0,1329
26321;2021-01-31;T20-21;F1;Nice;St Etienne;0;1;2;1;0,2824;0,4915;0,2261
16136;2021-01-31;T20-21;E0;Brighton;Tottenham;1;0;1;2;0,2938;0,328;0,3782
16135;2021-01-31;T20-21;E0;West Ham;Liverpool;1;3;2;2;0,2356;0,2724;0,4919
16134;2021-01-31;T20-21;E0;Leicester;Leeds;1;3;2;1;0,2467;0,546;0,2074
16133;2021-01-31;T20-21;E0;Chelsea;Burnley;2;0;1;1;0,1812;0,7109;0,1079
6162;2021-01-31;T20-21;D1;Wolfsburg;Freiburg;3;0;1;1;0,2504;0,5203;0,2294
6161;2021-01-31;T20-21;D1;FC Koln;Bielefeld;3;1;1;1;0,2954;0,4506;0,2541
26327;2021-01-31;T20-21;F1;Nantes;Monaco;1;2;2;2;0,2576;0,2561;0,4863
56613;2021-02-01;T20-21;SP2;Sabadell;Logrones;0;0;0;1;0,2959;0,4552;0,2489
44713;2021-02-01;T20-21;SP1;Betis;Osasuna;1;0;1;1;0,2816;0,478;0,2404
56612;2021-02-01;T20-21;SP2;Leganes;Lugo;3;2;1;1;0,2823;0,5037;0,2141
16137;2021-02-02;T20-21;E0;Sheffield United;West Brom;2;1;1;1;0,214;0,6933;0,0927
16138;2021-02-02;T20-21;E0;Wolves;Arsenal;2;1;1;2;0,2758;0,2923;0,4318
16139;2021-02-02;T20-21;E0;Man United;Southampton;9;0;1;1;0,1828;0,7021;0,1151
16140;2021-02-02;T20-21;E0;Newcastle;Crystal Palace;1;2;2;1;0,2978;0,4524;0,2497
26332;2021-02-03;T20-21;F1;Strasbourg;Brest;2;2;0;1;0,2905;0,4647;0,2448
26337;2021-02-03;T20-21;F1;St Etienne;Nantes;1;1;0;1;0,2939;0,4718;0,2342
26336;2021-02-03;T20-21;F1;Paris SG;Nimes;3;0;1;1;0,1205;0,8263;0,0532
26335;2021-02-03;T20-21;F1;Monaco;Nice;2;1;1;1;0,1849;0,7036;0,1115
26334;2021-02-03;T20-21;F1;Lens;Marseille;2;2;0;2;0,2915;0,3521;0,3564
26333;2021-02-03;T20-21;F1;Dijon;Lyon;0;1;2;2;0,2457;0,2108;0,5435
26331;2021-02-03;T20-21;F1;Rennes;Lorient;1;1;0;1;0,2682;0,5212;0,2106
16144;2021-02-03;T20-21;E0;Aston Villa;West Ham;1;3;2;1;0,2736;0,4836;0,2427
26329;2021-02-03;T20-21;F1;Metz;Montpellier;1;1;0;1;0,3007;0,4404;0,2589
26328;2021-02-03;T20-21;F1;Bordeaux;Lille;0;3;2;2;0,2736;0,2972;0,4292
16145;2021-02-03;T20-21;E0;Liverpool;Brighton;0;1;2;1;0,1541;0,7617;0,0843
26330;2021-02-03;T20-21;F1;Reims;Angers;0;0;0;1;0,2857;0,4822;0,232
16143;2021-02-03;T20-21;E0;Leeds;Everton;1;2;2;1;0,2733;0,4851;0,2416
16142;2021-02-03;T20-21;E0;Fulham;Leicester;0;2;2;2;0,2764;0,3016;0,4219
16141;2021-02-03;T20-21;E0;Burnley;Man City;0;2;2;2;0,2324;0,1808;0,5868
16146;2021-02-04;T20-21;E0;Tottenham;Chelsea;0;1;2;1;0,2764;0,4129;0,3107
44714;2021-02-05;T20-21;SP1;Alaves;Valladolid;1;0;1;1;0,2957;0,4571;0,2472
56614;2021-02-05;T20-21;SP2;Albacete;Mallorca;0;1;2;1;0,3118;0,3752;0,3131
6163;2021-02-05;T20-21;D1;Hertha;Bayern Munich;0;1;2;2;0,1874;0,1331;0,6795
34720;2021-02-05;T20-21;I1;Fiorentina;Inter;0;2;2;2;0,2279;0,1781;0,594
34721;2021-02-06;T20-21;I1;Atalanta;Torino;3;3;0;1;0,145;0,7819;0,0731
56617;2021-02-06;T20-21;SP2;Fuenlabrada;Almeria;1;1;0;1;0,3086;0,3858;0,3056
56616;2021-02-06;T20-21;SP2;Logrones;Sp Gijon;0;4;2;1;0,3088;0,4161;0,2751
56615;2021-02-06;T20-21;SP2;Cartagena;Oviedo;2;0;1;2;0,2881;0,3346;0,3773
44718;2021-02-06;T20-21;SP1;Sevilla;Getafe;3;0;1;1;0,2466;0,5745;0,1789
44717;2021-02-06;T20-21;SP1;Elche;Villarreal;2;2;0;1;0,3066;0,3644;0,329
44716;2021-02-06;T20-21;SP1;Huesca;Real Madrid;1;2;2;2;0,2357;0,1872;0,577
44715;2021-02-06;T20-21;SP1;Levante;Granada;2;2;0;1;0,2827;0,4846;0,2327
34724;2021-02-06;T20-21;I1;Genoa;Napoli;2;1;1;2;0,2333;0,2142;0,5525
34723;2021-02-06;T20-21;I1;Juventus;Roma;2;0;1;1;0,2236;0,5286;0,2478
34722;2021-02-06;T20-21;I1;Sassuolo;Spezia;1;2;2;1;0,1975;0,6774;0,1251
26340;2021-02-06;T20-21;F1;Lens;Rennes;0;0;0;1;0,2953;0,4336;0,271
26339;2021-02-06;T20-21;F1;Lyon;Strasbourg;3;0;1;1;0,1753;0,7253;0,0994
26338;2021-02-06;T20-21;F1;Lorient;Reims;1;0;1;1;0,2912;0,453;0,2558
6164;2021-02-06;T20-21;D1;Augsburg;Wolfsburg;0;2;2;2;0,2537;0,2403;0,506
6165;2021-02-06;T20-21;D1;Freiburg;Dortmund;2;1;1;2;0,2332;0,2891;0,4777
6166;2021-02-06;T20-21;D1;Leverkusen;Stuttgart;5;2;1;1;0,2036;0,6437;0,1527
6168;2021-02-06;T20-21;D1;Schalke 04;RB Leipzig;0;3;2;2;0,2129;0,1792;0,6079
6169;2021-02-06;T20-21;D1;M'gladbach;FC Koln;1;2;2;1;0,1742;0,7299;0,0959
6167;2021-02-06;T20-21;D1;Mainz;Union Berlin;1;0;1;1;0,3018;0,3961;0,3021
16148;2021-02-06;T20-21;E0;Burnley;Brighton;1;1;0;1;0,2892;0,4877;0,223
16149;2021-02-06;T20-21;E0;Newcastle;Southampton;3;2;1;1;0,3029;0,3895;0,3076
16150;2021-02-06;T20-21;E0;Fulham;West Ham;0;0;0;1;0,3171;0,3753;0,3076
16151;2021-02-06;T20-21;E0;Man United;Everton;3;3;0;1;0,1657;0,7325;0,1018
16147;2021-02-06;T20-21;E0;Aston Villa;Arsenal;1;0;1;2;0,2548;0,3433;0,4019
44720;2021-02-07;T20-21;SP1;Ath Bilbao;Valencia;1;1;0;1;0,2892;0,4696;0,2412
34728;2021-02-07;T20-21;I1;Parma;Bologna;0;3;2;1;0,3045;0,3547;0,3408
34729;2021-02-07;T20-21;I1;Lazio;Cagliari;1;0;1;1;0,189;0,7118;0,0992
44719;2021-02-07;T20-21;SP1;Sociedad;Cadiz;4;1;1;1;0,2084;0,6716;0,12
44721;2021-02-07;T20-21;SP1;Osasuna;Eibar;2;1;1;1;0,3005;0,4117;0,2878
56621;2021-02-07;T20-21;SP2;Vallecano;Tenerife;0;1;2;1;0,2569;0,5531;0,19
56622;2021-02-07;T20-21;SP2;Las Palmas;Sabadell;0;1;2;1;0,2728;0,5247;0,2025
56618;2021-02-07;T20-21;SP2;Girona;Leganes;0;2;2;1;0,3016;0,4477;0,2508
56619;2021-02-07;T20-21;SP2;Malaga;Zaragoza;1;2;2;1;0,2912;0,4791;0,2297
56620;2021-02-07;T20-21;SP2;Castellon;Mirandes;0;1;2;2;0,298;0,348;0,354
34727;2021-02-07;T20-21;I1;Udinese;Verona;2;0;1;1;0,3004;0,4429;0,2567
44722;2021-02-07;T20-21;SP1;Betis;Barcelona;2;3;2;2;0,2383;0,2257;0,5359
34726;2021-02-07;T20-21;I1;Milan;Crotone;4;0;1;1;0,1313;0,8134;0,0553
16155;2021-02-07;T20-21;E0;Sheffield United;Chelsea;1;2;2;2;0,2563;0,2268;0,5168
26347;2021-02-07;T20-21;F1;Marseille;Paris SG;0;2;2;2;0,228;0,273;0,4989
26346;2021-02-07;T20-21;F1;Nantes;Lille;0;2;2;2;0,2366;0,2279;0,5354
26345;2021-02-07;T20-21;F1;St Etienne;Metz;1;0;1;1;0,293;0,4447;0,2623
26344;2021-02-07;T20-21;F1;Nimes;Monaco;3;4;2;2;0,2229;0,1955;0,5816
26343;2021-02-07;T20-21;F1;Nice;Angers;3;0;1;1;0,2863;0,4835;0,2301
26342;2021-02-07;T20-21;F1;Montpellier;Dijon;4;2;1;1;0,2761;0,4972;0,2267
26341;2021-02-07;T20-21;F1;Brest;Bordeaux;2;1;1;1;0,2942;0,4384;0,2674
16154;2021-02-07;T20-21;E0;Liverpool;Man City;1;4;2;1;0,1962;0,5057;0,2981
16153;2021-02-07;T20-21;E0;Wolves;Leicester;0;0;0;2;0,2761;0,3087;0,4152
16152;2021-02-07;T20-21;E0;Tottenham;West Brom;2;0;1;1;0,165;0,7629;0,0721
6170;2021-02-07;T20-21;D1;Hoffenheim;Ein Frankfurt;1;3;2;1;0,2883;0,4188;0,2929
34725;2021-02-07;T20-21;I1;Benevento;Sampdoria;1;1;0;1;0,2969;0,3666;0,3364
56623;2021-02-08;T20-21;SP2;Ponferradina;Alcorcon;2;0;1;1;0,2915;0,4734;0,2351
56624;2021-02-08;T20-21;SP2;Lugo;Espanol;1;1;0;2;0,2867;0,2861;0,4272
16156;2021-02-08;T20-21;E0;Leeds;Crystal Palace;2;0;1;1;0,266;0,5117;0,2223
44723;2021-02-08;T20-21;SP1;Ath Madrid;Celta;2;2;0;1;0,1583;0,7552;0,0865
44724;2021-02-09;T20-21;SP1;Real Madrid;Getafe;2;0;1;1;0,1886;0,6975;0,1139
6171;2021-02-12;T20-21;D1;RB Leipzig;Augsburg;2;1;1;1;0,178;0,7213;0,1008
34730;2021-02-12;T20-21;I1;Bologna;Benevento;1;1;0;1;0,2325;0,6242;0,1433
44725;2021-02-12;T20-21;SP1;Celta;Elche;3;1;1;1;0,2725;0,5228;0,2046
56625;2021-02-12;T20-21;SP2;Sabadell;Zaragoza;1;1;0;1;0,3041;0,4354;0,2605
34732;2021-02-13;T20-21;I1;Napoli;Juventus;1;0;1;1;0,2217;0,5378;0,2405
34733;2021-02-13;T20-21;I1;Spezia;Milan;2;0;1;2;0,1658;0,1135;0,7207
44726;2021-02-13;T20-21;SP1;Granada;Ath Madrid;1;2;2;2;0,2349;0,2277;0,5373
44727;2021-02-13;T20-21;SP1;Sevilla;Huesca;1;0;1;1;0,1981;0,6871;0,1148
56627;2021-02-13;T20-21;SP2;Mirandes;Girona;3;3;0;1;0,287;0,4857;0,2273
44729;2021-02-13;T20-21;SP1;Barcelona;Alaves;5;1;1;1;0,1449;0,7765;0,0786
56626;2021-02-13;T20-21;SP2;Cartagena;Vallecano;2;2;0;1;0,3036;0,359;0,3375
56628;2021-02-13;T20-21;SP2;Tenerife;Ponferradina;1;0;1;1;0,2895;0,4832;0,2273
34731;2021-02-13;T20-21;I1;Torino;Genoa;0;0;0;1;0,2973;0,4421;0,2606
44728;2021-02-13;T20-21;SP1;Eibar;Valladolid;1;1;0;1;0,2735;0,5272;0,1993
26350;2021-02-13;T20-21;F1;Lyon;Montpellier;1;2;2;1;0,1777;0,7227;0,0996
6172;2021-02-13;T20-21;D1;Dortmund;Hoffenheim;2;2;0;1;0,218;0,5906;0,1914
26348;2021-02-13;T20-21;F1;Paris SG;Nice;2;1;1;1;0,1376;0,7839;0,0784
16160;2021-02-13;T20-21;E0;Brighton;Aston Villa;0;0;0;2;0,2815;0,3358;0,3827
16159;2021-02-13;T20-21;E0;Man City;Tottenham;3;0;1;1;0,1694;0,7101;0,1205
16158;2021-02-13;T20-21;E0;Crystal Palace;Burnley;0;3;2;1;0,2947;0,4625;0,2428
16157;2021-02-13;T20-21;E0;Leicester;Liverpool;3;1;1;2;0,2356;0,2423;0,5221
6176;2021-02-13;T20-21;D1;Union Berlin;Schalke 04;0;0;0;1;0,2511;0,5635;0,1854
6175;2021-02-13;T20-21;D1;Werder Bremen;Freiburg;0;0;0;1;0,3003;0,4193;0,2805
6174;2021-02-13;T20-21;D1;Stuttgart;Hertha;1;1;0;1;0,2646;0,5104;0,225
6173;2021-02-13;T20-21;D1;Leverkusen;Mainz;2;2;0;1;0,1713;0,743;0,0857
26349;2021-02-13;T20-21;F1;Reims;Lens;1;1;0;1;0,2977;0,443;0,2594
34736;2021-02-14;T20-21;I1;Sampdoria;Fiorentina;2;1;1;1;0,2811;0,4623;0,2566
34737;2021-02-14;T20-21;I1;Crotone;Sassuolo;1;2;2;2;0,2112;0,1781;0,6107
34738;2021-02-14;T20-21;I1;Inter;Lazio;3;1;1;1;0,2461;0,4633;0,2905
44730;2021-02-14;T20-21;SP1;Getafe;Sociedad;0;1;2;1;0,3164;0,3653;0,3183
44731;2021-02-14;T20-21;SP1;Real Madrid;Valencia;2;0;1;1;0,1992;0,6755;0,1254
56632;2021-02-14;T20-21;SP2;Leganes;Albacete;3;1;1;1;0,2708;0,5309;0,1983
44733;2021-02-14;T20-21;SP1;Villarreal;Betis;1;2;2;1;0,2752;0,5007;0,2241
56630;2021-02-14;T20-21;SP2;Almeria;Las Palmas;3;1;1;1;0,2736;0,5113;0,2152
56631;2021-02-14;T20-21;SP2;Alcorcon;Logrones;1;0;1;1;0,2731;0,5307;0,1962
34735;2021-02-14;T20-21;I1;Cagliari;Atalanta;0;1;2;2;0,211;0,1871;0,6019
56633;2021-02-14;T20-21;SP2;Sp Gijon;Malaga;1;0;1;1;0,2832;0,4993;0,2175
44732;2021-02-14;T20-21;SP1;Levante;Osasuna;0;1;2;1;0,2349;0,6103;0,1548
34734;2021-02-14;T20-21;I1;Roma;Udinese;3;0;1;1;0,1543;0,7574;0,0884
56629;2021-02-14;T20-21;SP2;Mallorca;Espanol;1;2;2;1;0,2954;0,4103;0,2942
26356;2021-02-14;T20-21;F1;Lille;Brest;0;0;0;1;0,1974;0,6939;0,1088
6177;2021-02-14;T20-21;D1;Ein Frankfurt;FC Koln;2;0;1;1;0,173;0,7308;0,0962
6178;2021-02-14;T20-21;D1;Wolfsburg;M'gladbach;0;0;0;2;0,2389;0,323;0,4382
26357;2021-02-14;T20-21;F1;Bordeaux;Marseille;0;0;0;1;0,2938;0,446;0,2602
16162;2021-02-14;T20-21;E0;West Brom;Man United;1;1;0;2;0,1819;0,1471;0,671
16163;2021-02-14;T20-21;E0;Arsenal;Leeds;4;2;1;1;0,2546;0,4804;0,265
16161;2021-02-14;T20-21;E0;Southampton;Wolves;1;2;2;1;0,2862;0,4276;0,2863
26351;2021-02-14;T20-21;F1;Monaco;Lorient;2;2;0;1;0,1646;0,7519;0,0835
26352;2021-02-14;T20-21;F1;Angers;Nantes;1;3;2;1;0,2744;0,5171;0,2084
26353;2021-02-14;T20-21;F1;Dijon;Nimes;0;2;2;1;0,2958;0,4693;0,2349
26354;2021-02-14;T20-21;F1;Metz;Strasbourg;1;2;2;1;0,2951;0,4605;0,2444
26355;2021-02-14;T20-21;F1;Rennes;St Etienne;0;2;2;1;0,2595;0,5428;0,1977
16164;2021-02-14;T20-21;E0;Everton;Fulham;0;2;2;1;0,2448;0,587;0,1681
6179;2021-02-15;T20-21;D1;Bayern Munich;Bielefeld;3;3;0;1;0,0872;0,8747;0,038
16165;2021-02-15;T20-21;E0;West Ham;Sheffield United;3;0;1;1;0,2413;0,5894;0,1692
16166;2021-02-15;T20-21;E0;Chelsea;Newcastle;2;0;1;1;0,1795;0,7231;0,0974
34739;2021-02-15;T20-21;I1;Verona;Parma;2;1;1;1;0,2827;0,4942;0,2231
44734;2021-02-15;T20-21;SP1;Cadiz;Ath Bilbao;0;4;2;1;0,3101;0,3844;0,3055
56634;2021-02-15;T20-21;SP2;Castellon;Fuenlabrada;1;2;2;1;0,2965;0,3961;0,3074
56635;2021-02-15;T20-21;SP2;Oviedo;Lugo;3;1;1;1;0,2964;0,4557;0,2479
56636;2021-02-17;T20-21;SP2;Leganes;Almeria;2;1;1;1;0,2973;0,4148;0,2879
44735;2021-02-17;T20-21;SP1;Levante;Ath Madrid;1;1;0;2;0,2388;0,2349;0,5263
16167;2021-02-17;T20-21;E0;Burnley;Fulham;1;1;0;1;0,2659;0,5498;0,1844
16168;2021-02-17;T20-21;E0;Everton;Man City;1;3;2;2;0,2342;0,1912;0,5746
26358;2021-02-17;T20-21;F1;Marseille;Nice;3;2;1;1;0,2748;0,5077;0,2175
6180;2021-02-19;T20-21;D1;Bielefeld;Wolfsburg;0;3;2;2;0,2416;0,2158;0,5425
16169;2021-02-19;T20-21;E0;Wolves;Leeds;1;0;1;1;0,2483;0,515;0,2367
26359;2021-02-19;T20-21;F1;Brest;Lyon;2;3;2;2;0,2403;0,2566;0,5031
34740;2021-02-19;T20-21;I1;Fiorentina;Spezia;3;0;1;1;0,2878;0,4785;0,2337
34741;2021-02-19;T20-21;I1;Cagliari;Torino;0;1;2;1;0,3079;0,3761;0,316
44736;2021-02-19;T20-21;SP1;Betis;Getafe;1;0;1;1;0,2868;0,4626;0,2507
56637;2021-02-19;T20-21;SP2;Ponferradina;Mirandes;1;0;1;1;0,3069;0,4241;0,269
34743;2021-02-20;T20-21;I1;Genoa;Verona;2;2;0;1;0,3159;0,4057;0,2783
34744;2021-02-20;T20-21;I1;Sassuolo;Bologna;1;1;0;1;0,2946;0,4437;0,2617
44737;2021-02-20;T20-21;SP1;Elche;Eibar;1;0;1;1;0,3186;0,396;0,2854
44738;2021-02-20;T20-21;SP1;Ath Madrid;Levante;0;2;2;1;0,1787;0,714;0,1073
56639;2021-02-20;T20-21;SP2;Albacete;Sp Gijon;0;1;2;1;0,2999;0,4482;0,2519
44740;2021-02-20;T20-21;SP1;Valladolid;Real Madrid;0;1;2;2;0,2568;0,2261;0,5171
56638;2021-02-20;T20-21;SP2;Espanol;Sabadell;1;0;1;1;0,2071;0,6664;0,1265
34742;2021-02-20;T20-21;I1;Lazio;Sampdoria;1;0;1;1;0,2043;0,6707;0,125
44739;2021-02-20;T20-21;SP1;Valencia;Celta;2;0;1;1;0,2893;0,4806;0,2301
26361;2021-02-20;T20-21;F1;Nantes;Marseille;1;1;0;2;0,2964;0,3358;0,3678
56640;2021-02-20;T20-21;SP2;Las Palmas;Cartagena;2;0;1;1;0,2841;0,4943;0,2216
16173;2021-02-20;T20-21;E0;Fulham;Sheffield United;1;0;1;1;0,2847;0,4714;0,2439
16172;2021-02-20;T20-21;E0;Liverpool;Everton;0;2;2;1;0,1828;0,7071;0,1102
16171;2021-02-20;T20-21;E0;Burnley;West Brom;0;0;0;1;0,2109;0,6961;0,093
16170;2021-02-20;T20-21;E0;Southampton;Chelsea;1;1;0;2;0,2138;0,2043;0,5819
6185;2021-02-20;T20-21;D1;Schalke 04;Dortmund;0;4;2;2;0,221;0,1844;0,5946
6184;2021-02-20;T20-21;D1;M'gladbach;Mainz;1;2;2;1;0,1846;0,7182;0,0973
6183;2021-02-20;T20-21;D1;Freiburg;Union Berlin;0;1;2;1;0,2974;0,4207;0,2819
6182;2021-02-20;T20-21;D1;FC Koln;Stuttgart;0;1;2;1;0,3074;0,4125;0,2801
6181;2021-02-20;T20-21;D1;Ein Frankfurt;Bayern Munich;2;1;1;2;0,1873;0,1321;0,6806
26360;2021-02-20;T20-21;F1;St Etienne;Reims;1;1;0;1;0,2952;0,442;0,2628
34747;2021-02-21;T20-21;I1;Atalanta;Napoli;4;2;1;1;0,2471;0,4501;0,3029
34748;2021-02-21;T20-21;I1;Benevento;Roma;0;0;0;2;0,1682;0,1285;0,7033
44741;2021-02-21;T20-21;SP1;Barcelona;Cadiz;1;1;0;1;0,1309;0,8071;0,062
44742;2021-02-21;T20-21;SP1;Sociedad;Alaves;4;0;1;1;0,2036;0,6803;0,1161
44743;2021-02-21;T20-21;SP1;Huesca;Granada;3;2;1;1;0,3133;0,3879;0,2988
56644;2021-02-21;T20-21;SP2;Lugo;Logrones;1;1;0;1;0,264;0,5501;0,1859
56641;2021-02-21;T20-21;SP2;Leganes;Tenerife;1;0;1;1;0,2832;0,4922;0,2246
56642;2021-02-21;T20-21;SP2;Mallorca;Almeria;2;0;1;1;0,2795;0,4659;0,2546
56643;2021-02-21;T20-21;SP2;Girona;Castellon;2;1;1;1;0,2824;0,5069;0,2107
34746;2021-02-21;T20-21;I1;Milan;Inter;0;3;2;2;0,2478;0,3465;0,4057
56645;2021-02-21;T20-21;SP2;Malaga;Vallecano;2;0;1;1;0,3007;0,4512;0,2481
44744;2021-02-21;T20-21;SP1;Ath Bilbao;Villarreal;1;1;0;1;0,2701;0,4722;0,2578
34745;2021-02-21;T20-21;I1;Parma;Udinese;2;2;0;1;0,3012;0,4216;0,2772
26365;2021-02-21;T20-21;F1;Nimes;Bordeaux;2;0;1;2;0,276;0,3098;0,4141
26367;2021-02-21;T20-21;F1;Lorient;Lille;1;4;2;2;0,2292;0,2214;0,5494
6186;2021-02-21;T20-21;D1;Augsburg;Leverkusen;1;1;0;2;0,2349;0,2107;0,5544
6187;2021-02-21;T20-21;D1;Hertha;RB Leipzig;0;3;2;2;0,2351;0,2541;0,5108
6188;2021-02-21;T20-21;D1;Hoffenheim;Werder Bremen;4;0;1;1;0,2909;0,4049;0,3041
16174;2021-02-21;T20-21;E0;West Ham;Tottenham;2;1;1;1;0,2721;0,4001;0,3278
26368;2021-02-21;T20-21;F1;Paris SG;Monaco;0;2;2;1;0,1954;0,6508;0,1538
16176;2021-02-21;T20-21;E0;Arsenal;Man City;0;1;2;2;0,2323;0,2997;0,468
16175;2021-02-21;T20-21;E0;Aston Villa;Leicester;1;2;2;2;0,2619;0,3241;0,4139
26362;2021-02-21;T20-21;F1;Montpellier;Rennes;2;1;1;1;0,2852;0,4621;0,2527
26363;2021-02-21;T20-21;F1;Lens;Dijon;2;1;1;1;0,2203;0,6422;0,1375
26364;2021-02-21;T20-21;F1;Nice;Metz;1;2;2;1;0,284;0,4883;0,2276
26366;2021-02-21;T20-21;F1;Strasbourg;Angers;0;0;0;1;0,2841;0,486;0,2299
16177;2021-02-21;T20-21;E0;Man United;Newcastle;3;1;1;1;0,1465;0,778;0,0755
56646;2021-02-22;T20-21;SP2;Fuenlabrada;Oviedo;2;2;0;1;0,2839;0,4923;0,2238
16178;2021-02-22;T20-21;E0;Brighton;Crystal Palace;1;2;2;1;0,2424;0,6173;0,1403
34749;2021-02-22;T20-21;I1;Juventus;Crotone;3;0;1;1;0,1421;0,799;0,0589
44745;2021-02-22;T20-21;SP1;Osasuna;Sevilla;0;2;2;2;0,2817;0,2996;0,4187
56647;2021-02-22;T20-21;SP2;Zaragoza;Alcorcon;0;1;2;1;0,2914;0,4729;0,2357
16179;2021-02-23;T20-21;E0;Leeds;Southampton;3;0;1;1;0,2689;0,5027;0,2284
26369;2021-02-24;T20-21;F1;Nimes;Lorient;1;0;1;1;0,2993;0,4364;0,2643
44746;2021-02-24;T20-21;SP1;Barcelona;Elche;3;0;1;1;0,1454;0,7778;0,0769
6189;2021-02-26;T20-21;D1;Werder Bremen;Ein Frankfurt;2;1;1;2;0,2445;0,2361;0,5195
26370;2021-02-26;T20-21;F1;Rennes;Nice;1;2;2;1;0,2692;0,5183;0,2125
44747;2021-02-26;T20-21;SP1;Levante;Ath Bilbao;1;1;0;1;0,2806;0,4914;0,228
56648;2021-02-26;T20-21;SP2;Sabadell;Albacete;0;0;0;1;0,2864;0,4927;0,2209
56649;2021-02-26;T20-21;SP2;Cartagena;Leganes;1;0;1;2;0,2751;0,3009;0,424
34752;2021-02-27;T20-21;I1;Verona;Juventus;1;1;0;2;0,2304;0,2043;0,5652
44749;2021-02-27;T20-21;SP1;Sevilla;Barcelona;0;2;2;2;0,2424;0,342;0,4156
44750;2021-02-27;T20-21;SP1;Alaves;Osasuna;0;1;2;1;0,3093;0,4059;0,2848
44751;2021-02-27;T20-21;SP1;Getafe;Valencia;3;0;1;1;0,3197;0,374;0,3063
56652;2021-02-27;T20-21;SP2;Castellon;Las Palmas;4;0;1;1;0,3075;0,4169;0,2755
56651;2021-02-27;T20-21;SP2;Almeria;Lugo;4;1;1;1;0,2678;0,5264;0,2058
34751;2021-02-27;T20-21;I1;Bologna;Lazio;2;0;1;2;0,2649;0,2579;0,4772
56653;2021-02-27;T20-21;SP2;Logrones;Mallorca;0;1;2;2;0,2631;0,2514;0,4855
56650;2021-02-27;T20-21;SP2;Vallecano;Ponferradina;1;1;0;1;0,2583;0,5508;0,1909
34750;2021-02-27;T20-21;I1;Spezia;Parma;2;2;0;1;0,3076;0,4156;0,2768
44748;2021-02-27;T20-21;SP1;Eibar;Huesca;1;1;0;1;0,2856;0,4938;0,2206
26371;2021-02-27;T20-21;F1;Bordeaux;Metz;1;2;2;1;0,2835;0,4974;0,2192
26372;2021-02-27;T20-21;F1;Dijon;Paris SG;0;4;2;2;0,2156;0,159;0,6254
6190;2021-02-27;T20-21;D1;Bayern Munich;FC Koln;5;1;1;1;0,1137;0,8279;0,0584
6191;2021-02-27;T20-21;D1;Dortmund;Bielefeld;3;0;1;1;0,1445;0,7881;0,0673
6193;2021-02-27;T20-21;D1;Wolfsburg;Hertha;2;0;1;1;0,2127;0,6676;0,1197
6194;2021-02-27;T20-21;D1;RB Leipzig;M'gladbach;3;2;1;1;0,2174;0,5839;0,1987
6192;2021-02-27;T20-21;D1;Stuttgart;Schalke 04;5;1;1;1;0,2099;0,6502;0,1399
16181;2021-02-27;T20-21;E0;West Brom;Brighton;1;0;1;2;0,2831;0,3128;0,4042
16182;2021-02-27;T20-21;E0;Leeds;Aston Villa;0;1;2;1;0,2671;0,5088;0,2241
16183;2021-02-27;T20-21;E0;Newcastle;Wolves;1;1;0;1;0,3021;0,3966;0,3013
16180;2021-02-27;T20-21;E0;Man City;West Ham;2;1;1;1;0,1642;0,7276;0,1081
34758;2021-02-28;T20-21;I1;Roma;Milan;1;2;2;1;0,2555;0,4915;0,253
56657;2021-02-28;T20-21;SP2;Oviedo;Zaragoza;1;0;1;1;0,2903;0,4735;0,2362
34755;2021-02-28;T20-21;I1;Inter;Genoa;3;0;1;1;0,1331;0,7954;0,0715
34756;2021-02-28;T20-21;I1;Udinese;Fiorentina;1;0;1;1;0,2907;0,4714;0,2379
34757;2021-02-28;T20-21;I1;Napoli;Benevento;2;0;1;1;0,1565;0,7659;0,0776
44752;2021-02-28;T20-21;SP1;Celta;Valladolid;1;1;0;1;0,2877;0,4622;0,2501
56655;2021-02-28;T20-21;SP2;Sp Gijon;Espanol;1;1;0;1;0,3105;0,3816;0,3079
44754;2021-02-28;T20-21;SP1;Granada;Elche;2;1;1;1;0,2675;0,5297;0,2027
44755;2021-02-28;T20-21;SP1;Villarreal;Ath Madrid;0;2;2;2;0,2913;0,3492;0,3595
56654;2021-02-28;T20-21;SP2;Fuenlabrada;Girona;1;1;0;1;0,2822;0,4962;0,2216
56656;2021-02-28;T20-21;SP2;Tenerife;Alcorcon;3;1;1;1;0,2799;0,5104;0,2097
34753;2021-02-28;T20-21;I1;Sampdoria;Atalanta;0;2;2;2;0,22;0,2015;0,5785
44753;2021-02-28;T20-21;SP1;Cadiz;Betis;0;1;2;1;0,3129;0,3831;0,304
26379;2021-02-28;T20-21;F1;Marseille;Lyon;1;1;0;2;0,2706;0,3611;0,3683
34754;2021-02-28;T20-21;I1;Crotone;Cagliari;0;2;2;2;0,284;0,3227;0,3933
26377;2021-02-28;T20-21;F1;Reims;Montpellier;0;0;0;1;0,2964;0,4239;0,2797
6195;2021-02-28;T20-21;D1;Union Berlin;Hoffenheim;1;1;0;1;0,2788;0,3665;0,3547
6196;2021-02-28;T20-21;D1;Mainz;Augsburg;0;1;2;1;0,2991;0,4306;0,2704
6197;2021-02-28;T20-21;D1;Leverkusen;Freiburg;1;2;2;1;0,2036;0,6616;0,1348
16184;2021-02-28;T20-21;E0;Crystal Palace;Fulham;0;0;0;1;0,298;0,4461;0,2559
16185;2021-02-28;T20-21;E0;Leicester;Arsenal;1;3;2;1;0,226;0,6186;0,1554
16186;2021-02-28;T20-21;E0;Tottenham;Burnley;4;0;1;1;0,2432;0,5814;0,1754
26378;2021-02-28;T20-21;F1;Lille;Strasbourg;1;1;0;1;0,1977;0,6828;0,1194
16188;2021-02-28;T20-21;E0;Sheffield United;Liverpool;0;2;2;2;0,2476;0,2079;0,5444
26373;2021-02-28;T20-21;F1;Monaco;Brest;2;0;1;1;0,1822;0,705;0,1128
26374;2021-02-28;T20-21;F1;Angers;Lens;2;2;0;1;0,3032;0,3681;0,3287
26375;2021-02-28;T20-21;F1;Lorient;St Etienne;2;1;1;1;0,2974;0,4123;0,2903
26376;2021-02-28;T20-21;F1;Nimes;Nantes;1;1;0;1;0,2991;0,4403;0,2606
16187;2021-02-28;T20-21;E0;Chelsea;Man United;0;0;0;1;0,2477;0,4812;0,2711
16189;2021-03-01;T20-21;E0;Everton;Southampton;1;0;1;1;0,2846;0,4825;0,2329
44756;2021-03-01;T20-21;SP1;Real Madrid;Sociedad;1;1;0;1;0,2267;0,5907;0,1827
56658;2021-03-01;T20-21;SP2;Mirandes;Malaga;1;0;1;1;0,2935;0,4573;0,2492
34759;2021-03-02;T20-21;I1;Juventus;Spezia;3;0;1;1;0,1671;0,7441;0,0889
16190;2021-03-02;T20-21;E0;Man City;Wolves;4;1;1;1;0,1482;0,765;0,0868
34766;2021-03-03;T20-21;I1;Milan;Udinese;1;1;0;1;0,1437;0,7768;0,0795
34764;2021-03-03;T20-21;I1;Fiorentina;Roma;1;2;2;2;0,2404;0,2324;0,5273
34763;2021-03-03;T20-21;I1;Cagliari;Bologna;1;0;1;1;0,3079;0,4055;0,2866
34762;2021-03-03;T20-21;I1;Benevento;Verona;0;3;2;2;0,2854;0,3109;0,4037
34761;2021-03-03;T20-21;I1;Atalanta;Crotone;5;1;1;1;0,1227;0,8289;0,0485
34760;2021-03-03;T20-21;I1;Sassuolo;Napoli;3;3;0;2;0,2248;0,348;0,4272
26389;2021-03-03;T20-21;F1;Strasbourg;Monaco;1;0;1;2;0,2346;0,2283;0,5371
26388;2021-03-03;T20-21;F1;Nantes;Reims;1;2;2;1;0,2946;0,4386;0,2668
26387;2021-03-03;T20-21;F1;Montpellier;Lorient;1;1;0;1;0,2421;0,5855;0,1724
34765;2021-03-03;T20-21;I1;Genoa;Sampdoria;1;1;0;1;0,3225;0,3657;0,3118
26385;2021-03-03;T20-21;F1;Bordeaux;Paris SG;0;1;2;2;0,2356;0,1906;0,5738
26384;2021-03-03;T20-21;F1;St Etienne;Lens;2;3;2;1;0,3078;0,3548;0,3374
26383;2021-03-03;T20-21;F1;Nice;Nimes;2;1;1;1;0,2822;0,4927;0,2251
26382;2021-03-03;T20-21;F1;Metz;Angers;0;1;2;1;0,2314;0,6303;0,1383
26381;2021-03-03;T20-21;F1;Lyon;Rennes;1;0;1;1;0,188;0,6911;0,1209
26380;2021-03-03;T20-21;F1;Brest;Dijon;3;1;1;1;0,273;0,5069;0,2201
16193;2021-03-03;T20-21;E0;Crystal Palace;Man United;0;0;0;2;0,228;0,2066;0,5654
16192;2021-03-03;T20-21;E0;Sheffield United;Aston Villa;1;0;1;2;0,3041;0,3324;0,3634
26386;2021-03-03;T20-21;F1;Lille;Marseille;2;0;1;1;0,2159;0,6367;0,1474
16191;2021-03-03;T20-21;E0;Burnley;Leicester;1;1;0;2;0,2772;0,2755;0,4473
16196;2021-03-04;T20-21;E0;Liverpool;Chelsea;0;1;2;1;0,2243;0,57;0,2057
34767;2021-03-04;T20-21;I1;Parma;Inter;1;2;2;2;0,1597;0,1079;0,7324
16194;2021-03-04;T20-21;E0;Fulham;Tottenham;0;1;2;2;0,2991;0,3191;0,3818
16195;2021-03-04;T20-21;E0;West Brom;Everton;0;1;2;2;0,3077;0,3413;0,351
6198;2021-03-05;T20-21;D1;Schalke 04;Mainz;0;0;0;1;0,316;0,381;0,303
44757;2021-03-05;T20-21;SP1;Valencia;Villarreal;2;1;1;1;0,2961;0,3835;0,3204
56659;2021-03-05;T20-21;SP2;Espanol;Oviedo;1;1;0;1;0,2332;0,6097;0,1571
34770;2021-03-06;T20-21;I1;Juventus;Lazio;3;1;1;1;0,2143;0,5838;0,2019
56662;2021-03-06;T20-21;SP2;Leganes;Castellon;0;0;0;1;0,2529;0,5751;0,172
56661;2021-03-06;T20-21;SP2;Las Palmas;Vallecano;1;1;0;1;0,3113;0,394;0,2948
56660;2021-03-06;T20-21;SP2;Zaragoza;Tenerife;1;0;1;1;0,2974;0,4621;0,2405
44761;2021-03-06;T20-21;SP1;Osasuna;Barcelona;0;2;2;2;0,2265;0,1739;0,5996
44760;2021-03-06;T20-21;SP1;Cadiz;Eibar;1;0;1;1;0,3021;0,4022;0,2957
44759;2021-03-06;T20-21;SP1;Elche;Sevilla;2;1;1;2;0,2693;0,2459;0,4848
56663;2021-03-06;T20-21;SP2;Albacete;Logrones;1;1;0;1;0,2715;0,5384;0,1901
44758;2021-03-06;T20-21;SP1;Valladolid;Getafe;2;1;1;1;0,3043;0,4189;0,2768
34769;2021-03-06;T20-21;I1;Udinese;Sassuolo;2;0;1;2;0,2909;0,3452;0,3639
16197;2021-03-06;T20-21;E0;Burnley;Arsenal;1;1;0;2;0,2786;0,2876;0,4338
16200;2021-03-06;T20-21;E0;Brighton;Leicester;1;2;2;2;0,2612;0,3374;0,4015
16199;2021-03-06;T20-21;E0;Aston Villa;Wolves;0;0;0;1;0,2943;0,4469;0,2588
16198;2021-03-06;T20-21;E0;Sheffield United;Southampton;0;2;2;1;0,3009;0,4545;0,2446
6204;2021-03-06;T20-21;D1;Bayern Munich;Dortmund;4;2;1;1;0,1781;0,5843;0,2376
6203;2021-03-06;T20-21;D1;M'gladbach;Leverkusen;0;1;2;2;0,2635;0,3462;0,3902
6202;2021-03-06;T20-21;D1;Hoffenheim;Wolfsburg;2;1;1;1;0,2901;0,4428;0,2671
6201;2021-03-06;T20-21;D1;Hertha;Augsburg;2;1;1;1;0,2938;0,4139;0,2923
6200;2021-03-06;T20-21;D1;Freiburg;RB Leipzig;0;3;2;2;0,2425;0,3006;0,4569
6199;2021-03-06;T20-21;D1;Ein Frankfurt;Stuttgart;1;1;0;1;0,281;0,4026;0,3164
34768;2021-03-06;T20-21;I1;Spezia;Benevento;1;1;0;1;0,3012;0,4329;0,2659
44762;2021-03-07;T20-21;SP1;Huesca;Celta;3;4;2;1;0,3023;0,422;0,2757
44763;2021-03-07;T20-21;SP1;Ath Madrid;Real Madrid;1;1;0;1;0,2529;0,4768;0,2703
44765;2021-03-07;T20-21;SP1;Ath Bilbao;Granada;2;1;1;1;0,2327;0,6261;0,1413
34776;2021-03-07;T20-21;I1;Napoli;Bologna;3;1;1;1;0,1832;0,6938;0,123
56665;2021-03-07;T20-21;SP2;Ponferradina;Sp Gijon;2;2;0;1;0,3006;0,4006;0,2988
56666;2021-03-07;T20-21;SP2;Mallorca;Cartagena;2;1;1;1;0,2208;0,6419;0,1372
56667;2021-03-07;T20-21;SP2;Girona;Almeria;0;1;2;1;0,3117;0,3825;0,3058
56664;2021-03-07;T20-21;SP2;Malaga;Sabadell;2;0;1;1;0,2648;0,5527;0,1825
34775;2021-03-07;T20-21;I1;Sampdoria;Cagliari;2;2;0;1;0,2707;0,5149;0,2144
44764;2021-03-07;T20-21;SP1;Sociedad;Levante;1;0;1;1;0,245;0,5834;0,1715
34773;2021-03-07;T20-21;I1;Fiorentina;Parma;3;3;0;1;0,2788;0,504;0,2171
34771;2021-03-07;T20-21;I1;Roma;Genoa;1;0;1;1;0,1549;0,7607;0,0844
16204;2021-03-07;T20-21;E0;Tottenham;Crystal Palace;4;1;1;1;0,1928;0,7006;0,1066
34774;2021-03-07;T20-21;I1;Verona;Milan;0;2;2;2;0,2276;0,1704;0,602
16203;2021-03-07;T20-21;E0;Man City;Man United;0;2;2;1;0,1964;0,642;0,1616
16202;2021-03-07;T20-21;E0;Liverpool;Fulham;0;1;2;1;0,1585;0,7556;0,086
16201;2021-03-07;T20-21;E0;West Brom;Newcastle;0;0;0;1;0,3035;0,4443;0,2522
6206;2021-03-07;T20-21;D1;Bielefeld;Union Berlin;0;0;0;2;0,2689;0,2631;0,468
6205;2021-03-07;T20-21;D1;FC Koln;Werder Bremen;1;1;0;1;0,3119;0,382;0,3061
16205;2021-03-08;T20-21;E0;Chelsea;Everton;2;0;1;1;0,2041;0,6639;0,132
16206;2021-03-08;T20-21;E0;West Ham;Leeds;2;0;1;2;0,2767;0,315;0,4083
34777;2021-03-08;T20-21;I1;Inter;Atalanta;1;0;1;2;0,2178;0,387;0,3952
44766;2021-03-08;T20-21;SP1;Betis;Alaves;3;2;1;1;0,2641;0,5433;0,1926
56668;2021-03-08;T20-21;SP2;Alcorcon;Mirandes;4;0;1;1;0,3078;0,4287;0,2636
56669;2021-03-08;T20-21;SP2;Lugo;Fuenlabrada;0;0;0;1;0,3062;0,4172;0,2767
26390;2021-03-10;T20-21;F1;Marseille;Rennes;1;0;1;1;0,2863;0,4789;0,2348
44767;2021-03-10;T20-21;SP1;Ath Madrid;Ath Bilbao;2;1;1;1;0,1956;0,6786;0,1258
6207;2021-03-10;T20-21;D1;Bielefeld;Werder Bremen;0;2;2;1;0,3068;0,4343;0,2589
16207;2021-03-10;T20-21;E0;Man City;Southampton;5;2;1;1;0,1441;0,7783;0,0776
56670;2021-03-12;T20-21;SP2;Cartagena;Ponferradina;1;1;0;1;0,3006;0,3976;0,3018
44768;2021-03-12;T20-21;SP1;Levante;Valencia;1;0;1;1;0,2803;0,4916;0,2281
34779;2021-03-12;T20-21;I1;Atalanta;Spezia;3;1;1;1;0,1468;0,7783;0,0749
56671;2021-03-12;T20-21;SP2;Vallecano;Zaragoza;3;2;1;1;0,2683;0,5253;0,2064
26391;2021-03-12;T20-21;F1;Reims;Lyon;1;1;0;2;0,2457;0,241;0,5133
16208;2021-03-12;T20-21;E0;Newcastle;Aston Villa;1;1;0;1;0,3037;0,4068;0,2896
6208;2021-03-12;T20-21;D1;Augsburg;M'gladbach;3;1;1;2;0,2784;0,2744;0,4473
34778;2021-03-12;T20-21;I1;Lazio;Crotone;3;2;1;1;0,1852;0,7344;0,0804
34781;2021-03-13;T20-21;I1;Benevento;Fiorentina;1;4;2;2;0,2686;0,2751;0,4563
56674;2021-03-13;T20-21;SP2;Castellon;Sabadell;2;1;1;1;0,2975;0,4521;0,2504
56673;2021-03-13;T20-21;SP2;Girona;Lugo;1;1;0;1;0,2931;0,4772;0,2297
56672;2021-03-13;T20-21;SP2;Fuenlabrada;Las Palmas;1;2;2;1;0,2881;0,4814;0,2305
44772;2021-03-13;T20-21;SP1;Getafe;Ath Madrid;0;0;0;2;0,264;0,2419;0,4941
44771;2021-03-13;T20-21;SP1;Osasuna;Valladolid;0;0;0;1;0,2939;0,4576;0,2485
44770;2021-03-13;T20-21;SP1;Real Madrid;Elche;2;1;1;1;0,1697;0,7389;0,0913
56675;2021-03-13;T20-21;SP2;Mirandes;Espanol;2;2;0;2;0,2891;0,3232;0,3878
34782;2021-03-13;T20-21;I1;Genoa;Udinese;1;1;0;1;0,2953;0,4195;0,2852
34780;2021-03-13;T20-21;I1;Sassuolo;Verona;3;2;1;1;0,2871;0,462;0,2509
44769;2021-03-13;T20-21;SP1;Alaves;Cadiz;1;1;0;1;0,2881;0,4916;0,2204
26392;2021-03-13;T20-21;F1;Angers;St Etienne;0;1;2;1;0,2929;0,4628;0,2443
16212;2021-03-13;T20-21;E0;Fulham;Man City;0;3;2;2;0,1884;0,1195;0,6921
16211;2021-03-13;T20-21;E0;Everton;Burnley;1;2;2;1;0,2662;0,535;0,1989
16210;2021-03-13;T20-21;E0;Crystal Palace;West Brom;1;0;1;1;0,2672;0,5454;0,1875
16209;2021-03-13;T20-21;E0;Leeds;Chelsea;0;0;0;2;0,2302;0,2956;0,4742
6213;2021-03-13;T20-21;D1;Dortmund;Hertha;2;0;1;1;0,2119;0,6357;0,1525
6212;2021-03-13;T20-21;D1;Wolfsburg;Schalke 04;5;0;1;1;0,1744;0,7545;0,0711
6211;2021-03-13;T20-21;D1;Werder Bremen;Bayern Munich;1;3;2;2;0,1907;0,137;0,6723
6210;2021-03-13;T20-21;D1;Union Berlin;FC Koln;2;1;1;1;0,285;0,4777;0,2374
6209;2021-03-13;T20-21;D1;Mainz;Freiburg;1;0;1;1;0,3095;0,3654;0,3251
26393;2021-03-13;T20-21;F1;Marseille;Brest;3;1;1;1;0,2881;0,4738;0,238
34784;2021-03-14;T20-21;I1;Parma;Roma;2;0;1;2;0,184;0,1567;0,6593
34785;2021-03-14;T20-21;I1;Torino;Inter;1;2;2;2;0,204;0,1517;0,6443
34786;2021-03-14;T20-21;I1;Cagliari;Juventus;1;3;2;2;0,2331;0,1976;0,5693
34787;2021-03-14;T20-21;I1;Milan;Napoli;0;1;2;1;0,2581;0,3965;0,3454
44773;2021-03-14;T20-21;SP1;Celta;Ath Bilbao;0;0;0;1;0,3042;0,4194;0,2764
56678;2021-03-14;T20-21;SP2;Tenerife;Albacete;2;0;1;1;0,2751;0,5221;0,2028
44775;2021-03-14;T20-21;SP1;Eibar;Villarreal;1;3;2;1;0,2973;0,3898;0,313
44776;2021-03-14;T20-21;SP1;Sevilla;Betis;1;0;1;1;0,271;0,5158;0,2133
56676;2021-03-14;T20-21;SP2;Logrones;Malaga;0;1;2;2;0,2923;0,333;0,3748
56677;2021-03-14;T20-21;SP2;Sp Gijon;Mallorca;2;0;1;1;0,3109;0,4113;0,2778
56679;2021-03-14;T20-21;SP2;Oviedo;Leganes;1;3;2;1;0,3008;0,4202;0,279
44774;2021-03-14;T20-21;SP1;Granada;Sociedad;1;0;1;1;0,3036;0,3635;0,3329
34783;2021-03-14;T20-21;I1;Bologna;Sampdoria;3;1;1;1;0,3022;0,4079;0,2899
26398;2021-03-14;T20-21;F1;Rennes;Strasbourg;1;0;1;1;0,2897;0,4731;0,2371
26399;2021-03-14;T20-21;F1;Monaco;Lille;0;0;0;1;0,2713;0,4455;0,2832
6214;2021-03-14;T20-21;D1;Leverkusen;Bielefeld;1;2;2;1;0,1524;0,7773;0,0703
26400;2021-03-14;T20-21;F1;Paris SG;Nantes;1;2;2;1;0,1419;0,7854;0,0727
6216;2021-03-14;T20-21;D1;Stuttgart;Hoffenheim;2;0;1;2;0,268;0,3402;0,3918
16213;2021-03-14;T20-21;E0;Southampton;Brighton;1;2;2;1;0,2923;0,4555;0,2522
16214;2021-03-14;T20-21;E0;Leicester;Sheffield United;5;0;1;1;0,1832;0,7207;0,0961
6215;2021-03-14;T20-21;D1;RB Leipzig;Ein Frankfurt;1;1;0;1;0,2296;0,5427;0,2277
16216;2021-03-14;T20-21;E0;Man United;West Ham;1;0;1;1;0,1898;0,6776;0,1326
26394;2021-03-14;T20-21;F1;Nimes;Montpellier;1;1;0;1;0,308;0,4073;0,2847
26395;2021-03-14;T20-21;F1;Dijon;Bordeaux;1;3;2;1;0,3101;0,3822;0,3077
26396;2021-03-14;T20-21;F1;Lens;Metz;2;2;0;1;0,2848;0,469;0,2462
26397;2021-03-14;T20-21;F1;Lorient;Nice;1;1;0;1;0,2975;0,4272;0,2753
16215;2021-03-14;T20-21;E0;Arsenal;Tottenham;2;1;1;1;0,2641;0,3787;0,3572
16217;2021-03-15;T20-21;E0;Wolves;Liverpool;0;1;2;2;0,2359;0,2506;0,5136
44777;2021-03-15;T20-21;SP1;Barcelona;Huesca;4;1;1;1;0,1476;0,7741;0,0783
56680;2021-03-15;T20-21;SP2;Almeria;Alcorcon;0;0;0;1;0,2626;0,5405;0,1969
34788;2021-03-17;T20-21;I1;Torino;Sassuolo;3;2;1;1;0,3039;0,3898;0,3063
44778;2021-03-17;T20-21;SP1;Sevilla;Elche;2;0;1;1;0,2094;0,6702;0,1204
44779;2021-03-19;T20-21;SP1;Betis;Levante;2;0;1;1;0,29;0,4489;0,2611
56681;2021-03-19;T20-21;SP2;Las Palmas;Girona;1;2;2;1;0,3084;0,4055;0,2862
34789;2021-03-19;T20-21;I1;Parma;Genoa;1;2;2;1;0,3028;0,4325;0,2647
6217;2021-03-19;T20-21;D1;Bielefeld;RB Leipzig;0;1;2;2;0,2337;0,2374;0,5289
16218;2021-03-19;T20-21;E0;Fulham;Leeds;1;2;2;2;0,2709;0,287;0,4421
26401;2021-03-19;T20-21;F1;St Etienne;Monaco;0;4;2;2;0,2544;0,2434;0,5021
56685;2021-03-20;T20-21;SP2;Espanol;Logrones;4;0;1;1;0,1901;0,7034;0,1065
56684;2021-03-20;T20-21;SP2;Leganes;Fuenlabrada;0;2;2;1;0,2818;0,4973;0,2209
56683;2021-03-20;T20-21;SP2;Mallorca;Oviedo;0;0;0;1;0,255;0,5624;0,1826
44783;2021-03-20;T20-21;SP1;Valladolid;Sevilla;1;1;0;2;0,2914;0,3084;0,4003
44782;2021-03-20;T20-21;SP1;Huesca;Osasuna;0;0;0;1;0,2922;0,4528;0,255
44781;2021-03-20;T20-21;SP1;Celta;Real Madrid;1;3;2;2;0,2572;0,2498;0,493
44780;2021-03-20;T20-21;SP1;Ath Bilbao;Eibar;1;1;0;1;0,2646;0,5391;0,1964
34791;2021-03-20;T20-21;I1;Spezia;Cagliari;2;1;1;1;0,3061;0,4185;0,2754
56682;2021-03-20;T20-21;SP2;Sabadell;Sp Gijon;1;1;0;2;0,2938;0,3415;0,3648
26403;2021-03-20;T20-21;F1;Nice;Marseille;3;0;1;1;0,3027;0,4181;0,2792
26402;2021-03-20;T20-21;F1;Metz;Rennes;1;3;2;1;0,2929;0,4623;0,2448
16219;2021-03-20;T20-21;E0;Brighton;Newcastle;3;0;1;1;0,2428;0,6042;0,153
6222;2021-03-20;T20-21;D1;Schalke 04;M'gladbach;0;3;2;2;0,2742;0,2835;0,4423
6221;2021-03-20;T20-21;D1;Werder Bremen;Wolfsburg;1;2;2;2;0,2293;0,2133;0,5573
6220;2021-03-20;T20-21;D1;FC Koln;Dortmund;2;2;0;2;0,2239;0,2195;0,5566
6219;2021-03-20;T20-21;D1;Ein Frankfurt;Union Berlin;5;2;1;1;0,2836;0,4613;0,2551
6218;2021-03-20;T20-21;D1;Bayern Munich;Stuttgart;4;0;1;1;0,1953;0,6583;0,1464
34790;2021-03-20;T20-21;I1;Crotone;Bologna;2;3;2;2;0,2559;0,2558;0,4882
34795;2021-03-21;T20-21;I1;Udinese;Lazio;0;1;2;2;0,2727;0,2684;0,459
34796;2021-03-21;T20-21;I1;Fiorentina;Milan;2;3;2;2;0,2373;0,2051;0,5576
34797;2021-03-21;T20-21;I1;Roma;Napoli;0;2;2;1;0,2452;0,4698;0,2849
44784;2021-03-21;T20-21;SP1;Getafe;Elche;1;1;0;1;0,2847;0,5026;0,2126
44785;2021-03-21;T20-21;SP1;Valencia;Granada;2;1;1;1;0,2987;0,4515;0,2498
56688;2021-03-21;T20-21;SP2;Lugo;Castellon;0;0;0;1;0,284;0,4954;0,2206
44788;2021-03-21;T20-21;SP1;Sociedad;Barcelona;1;6;2;2;0,2302;0,2124;0,5573
56686;2021-03-21;T20-21;SP2;Ponferradina;Almeria;2;1;1;1;0,3103;0,3731;0,3166
56687;2021-03-21;T20-21;SP2;Malaga;Tenerife;1;1;0;1;0,2885;0,4873;0,2241
56689;2021-03-21;T20-21;SP2;Alcorcon;Vallecano;0;3;2;1;0,3129;0,3827;0,3044
34794;2021-03-21;T20-21;I1;Sampdoria;Torino;1;0;1;1;0,3069;0,3678;0,3253
44786;2021-03-21;T20-21;SP1;Villarreal;Cadiz;2;1;1;1;0,1916;0,7061;0,1022
34793;2021-03-21;T20-21;I1;Juventus;Benevento;0;1;2;1;0,1398;0,7956;0,0646
44787;2021-03-21;T20-21;SP1;Ath Madrid;Alaves;1;0;1;1;0,1563;0,7649;0,0788
26410;2021-03-21;T20-21;F1;Lyon;Paris SG;2;4;2;1;0,2098;0,4239;0,3664
6223;2021-03-21;T20-21;D1;Hoffenheim;Mainz;1;2;2;1;0,2584;0,5315;0,2101
6225;2021-03-21;T20-21;D1;Freiburg;Augsburg;2;0;1;1;0,2712;0,5098;0,219
16220;2021-03-21;T20-21;E0;West Ham;Arsenal;3;3;0;2;0,2669;0,3176;0,4155
16221;2021-03-21;T20-21;E0;Aston Villa;Tottenham;0;2;2;2;0,2652;0,3252;0,4096
34792;2021-03-21;T20-21;I1;Verona;Atalanta;0;2;2;2;0,218;0,1836;0,5984
6224;2021-03-21;T20-21;D1;Hertha;Leverkusen;3;0;1;2;0,2205;0,2126;0,5669
26405;2021-03-21;T20-21;F1;Brest;Angers;0;0;0;1;0,2936;0,4459;0,2606
26406;2021-03-21;T20-21;F1;Dijon;Reims;0;1;2;1;0,2951;0,3972;0,3077
26407;2021-03-21;T20-21;F1;Montpellier;Bordeaux;3;1;1;1;0,2685;0,5108;0,2207
26408;2021-03-21;T20-21;F1;Nantes;Lorient;1;1;0;1;0,2918;0,4733;0,235
26409;2021-03-21;T20-21;F1;Lille;Nimes;1;2;2;1;0,1816;0,7281;0,0902
26404;2021-03-21;T20-21;F1;Strasbourg;Lens;1;2;2;1;0,2972;0,3956;0,3072
56690;2021-03-22;T20-21;SP2;Albacete;Cartagena;2;0;1;1;0,2944;0,4749;0,2307
56691;2021-03-22;T20-21;SP2;Zaragoza;Mirandes;1;0;1;1;0,2967;0,4638;0,2395
56693;2021-03-26;T20-21;SP2;Castellon;Espanol;1;3;2;2;0,2739;0,2426;0,4835
56692;2021-03-26;T20-21;SP2;Sp Gijon;Alcorcon;0;0;0;1;0,2828;0,5012;0,216
56694;2021-03-27;T20-21;SP2;Oviedo;Ponferradina;1;1;0;1;0,2879;0,4831;0,229
56695;2021-03-27;T20-21;SP2;Almeria;Leganes;1;1;0;1;0,2782;0,4994;0,2224
56696;2021-03-27;T20-21;SP2;Cartagena;Malaga;1;1;0;1;0,2972;0,4201;0,2827
56697;2021-03-27;T20-21;SP2;Logrones;Zaragoza;1;1;0;1;0,3014;0,3619;0,3366
56698;2021-03-28;T20-21;SP2;Lugo;Sabadell;0;1;2;1;0,2746;0,522;0,2034
56699;2021-03-28;T20-21;SP2;Girona;Albacete;2;1;1;1;0,2804;0,5121;0,2074
56700;2021-03-28;T20-21;SP2;Tenerife;Las Palmas;1;1;0;1;0,285;0,4942;0,2208
56701;2021-03-29;T20-21;SP2;Fuenlabrada;Mallorca;4;1;1;1;0,2905;0,3644;0,3451
56702;2021-03-30;T20-21;SP2;Alcorcon;Oviedo;1;1;0;1;0,3008;0,4532;0,246
56703;2021-03-30;T20-21;SP2;Malaga;Almeria;0;3;2;1;0,3058;0,3991;0,2951
56704;2021-03-30;T20-21;SP2;Ponferradina;Logrones;2;2;0;1;0,2645;0,5503;0,1852
56705;2021-03-30;T20-21;SP2;Vallecano;Sp Gijon;0;1;2;1;0,2482;0,5741;0,1777
56706;2021-03-31;T20-21;SP2;Albacete;Castellon;0;1;2;1;0,2898;0,4874;0,2228
56707;2021-03-31;T20-21;SP2;Sabadell;Girona;2;2;0;1;0,3098;0,3992;0,2911
56708;2021-04-01;T20-21;SP2;Espanol;Fuenlabrada;4;0;1;1;0,2171;0,6413;0,1416
56709;2021-04-01;T20-21;SP2;Mallorca;Leganes;1;0;1;1;0,2688;0,5269;0,2043
56710;2021-04-01;T20-21;SP2;Las Palmas;Lugo;6;1;1;1;0,2964;0,4366;0,2669
56711;2021-04-01;T20-21;SP2;Zaragoza;Cartagena;0;0;0;1;0,2865;0,4938;0,2197
56712;2021-04-02;T20-21;SP2;Almeria;Vallecano;0;1;2;1;0,2867;0,4719;0,2414
44789;2021-04-02;T20-21;SP1;Levante;Huesca;0;2;2;1;0,2697;0,5243;0,206
34801;2021-04-03;T20-21;I1;Cagliari;Verona;0;2;2;1;0,3017;0,4315;0,2668
56714;2021-04-03;T20-21;SP2;Girona;Ponferradina;3;1;1;1;0,2949;0,4696;0,2355
56713;2021-04-03;T20-21;SP2;Logrones;Tenerife;1;0;1;2;0,2843;0,3084;0,4073
44792;2021-04-03;T20-21;SP1;Osasuna;Getafe;0;0;0;1;0,3039;0,42;0,2761
44791;2021-04-03;T20-21;SP1;Real Madrid;Eibar;2;0;1;1;0,1733;0,7271;0,0996
44790;2021-04-03;T20-21;SP1;Granada;Villarreal;0;3;2;1;0,306;0,373;0,321
34806;2021-04-03;T20-21;I1;Torino;Juventus;2;2;0;2;0,1775;0,1566;0,6659
56715;2021-04-03;T20-21;SP2;Castellon;Oviedo;1;0;1;1;0,3062;0,4084;0,2854
34804;2021-04-03;T20-21;I1;Napoli;Crotone;4;3;1;1;0,1497;0,787;0,0633
34803;2021-04-03;T20-21;I1;Lazio;Spezia;2;1;1;1;0,2069;0,6765;0,1167
34802;2021-04-03;T20-21;I1;Genoa;Fiorentina;1;1;0;1;0,3193;0,3701;0,3106
34800;2021-04-03;T20-21;I1;Benevento;Parma;2;2;0;1;0,3107;0,4081;0,2813
6232;2021-04-03;T20-21;D1;M'gladbach;Freiburg;2;1;1;1;0,2042;0,6641;0,1317
34798;2021-04-03;T20-21;I1;Milan;Sampdoria;1;1;0;1;0,1576;0,7505;0,0919
34799;2021-04-03;T20-21;I1;Atalanta;Udinese;3;2;1;1;0,1427;0,7771;0,0803
6227;2021-04-03;T20-21;D1;Dortmund;Ein Frankfurt;1;2;2;1;0,2532;0,4492;0,2976
6228;2021-04-03;T20-21;D1;Leverkusen;Schalke 04;2;1;1;1;0,1651;0,7653;0,0696
6229;2021-04-03;T20-21;D1;Mainz;Bielefeld;1;1;0;1;0,2104;0,6854;0,1042
6226;2021-04-03;T20-21;D1;Augsburg;Hoffenheim;2;1;1;2;0,2913;0,3352;0,3734
6231;2021-04-03;T20-21;D1;RB Leipzig;Bayern Munich;0;1;2;2;0,188;0,2825;0,5295
26411;2021-04-03;T20-21;F1;Monaco;Metz;4;0;1;1;0,1711;0,726;0,1028
26412;2021-04-03;T20-21;F1;Paris SG;Lille;0;1;2;1;0,1908;0,6708;0,1384
26413;2021-04-03;T20-21;F1;Lens;Lyon;1;1;0;2;0,2736;0,3568;0,3695
6230;2021-04-03;T20-21;D1;Wolfsburg;FC Koln;1;0;1;1;0,1963;0,6932;0,1105
44795;2021-04-04;T20-21;SP1;Cadiz;Valencia;2;1;1;1;0,3086;0,4249;0,2666
56720;2021-04-04;T20-21;SP2;Las Palmas;Mallorca;1;1;0;1;0,2986;0,405;0,2963
56719;2021-04-04;T20-21;SP2;Lugo;Malaga;0;1;2;1;0,2979;0,4363;0,2658
56718;2021-04-04;T20-21;SP2;Leganes;Sabadell;2;1;1;1;0,2743;0,5216;0,2041
56717;2021-04-04;T20-21;SP2;Albacete;Espanol;0;3;2;2;0,2744;0,2601;0,4655
56716;2021-04-04;T20-21;SP2;Sp Gijon;Mirandes;1;2;2;1;0,2973;0,4589;0,2438
44796;2021-04-04;T20-21;SP1;Sevilla;Ath Madrid;1;0;1;1;0,2804;0,4494;0,2702
44793;2021-04-04;T20-21;SP1;Alaves;Celta;1;3;2;1;0,3067;0,4014;0,2919
26416;2021-04-04;T20-21;F1;Lorient;Brest;1;0;1;1;0,2895;0,4557;0,2548
26418;2021-04-04;T20-21;F1;Reims;Rennes;2;2;0;1;0,298;0,4469;0,2552
26417;2021-04-04;T20-21;F1;Nantes;Nice;1;2;2;1;0,2951;0,4498;0,2552
26415;2021-04-04;T20-21;F1;Bordeaux;Strasbourg;2;3;2;1;0,2893;0,4793;0,2314
26414;2021-04-04;T20-21;F1;Angers;Montpellier;1;1;0;1;0,3101;0,3848;0,3051
16227;2021-04-04;T20-21;E0;Newcastle;Tottenham;2;2;0;2;0,2653;0,2651;0,4696
6234;2021-04-04;T20-21;D1;Union Berlin;Hertha;1;1;0;1;0,282;0,4855;0,2325
6233;2021-04-04;T20-21;D1;Stuttgart;Werder Bremen;1;0;1;1;0,2367;0,5845;0,1788
26420;2021-04-04;T20-21;F1;Marseille;Dijon;2;0;1;1;0,2576;0,5578;0,1846
56721;2021-04-05;T20-21;SP2;Cartagena;Alcorcon;2;1;1;1;0,2944;0,444;0,2615
56722;2021-04-05;T20-21;SP2;Fuenlabrada;Zaragoza;0;1;2;1;0,2883;0,4781;0,2336
34808;2021-04-07;T20-21;I1;Inter;Sassuolo;2;1;1;1;0,2363;0,5567;0,207
34809;2021-04-07;T20-21;I1;Juventus;Napoli;2;1;1;1;0,2112;0,5758;0,2129
56723;2021-04-09;T20-21;SP2;Tenerife;Sp Gijon;1;0;1;1;0,2812;0,5053;0,2135
26421;2021-04-09;T20-21;F1;Metz;Lille;0;2;2;1;0,3015;0,4004;0,2981
44799;2021-04-09;T20-21;SP1;Huesca;Elche;3;1;1;1;0,2821;0,5033;0,2146
6235;2021-04-09;T20-21;D1;Bielefeld;Freiburg;1;0;1;1;0,3121;0,4005;0,2874
16232;2021-04-09;T20-21;E0;Fulham;Wolves;0;1;2;1;0,3051;0,3718;0,323
56726;2021-04-10;T20-21;SP2;Vallecano;Girona;2;1;1;1;0,259;0,5485;0,1926
56725;2021-04-10;T20-21;SP2;Oviedo;Las Palmas;0;0;0;1;0,2949;0,4633;0,2419
56724;2021-04-10;T20-21;SP2;Ponferradina;Fuenlabrada;0;0;0;1;0,2937;0,4668;0,2396
44803;2021-04-10;T20-21;SP1;Real Madrid;Barcelona;2;1;1;1;0,2092;0,5054;0,2854
44801;2021-04-10;T20-21;SP1;Ath Bilbao;Alaves;0;0;0;1;0,2227;0,6418;0,1356
44800;2021-04-10;T20-21;SP1;Getafe;Cadiz;0;1;2;1;0,2849;0,5024;0,2127
34812;2021-04-10;T20-21;I1;Udinese;Torino;0;1;2;1;0,2919;0,4665;0,2416
34811;2021-04-10;T20-21;I1;Parma;Milan;1;3;2;2;0,1703;0,1339;0,6958
34810;2021-04-10;T20-21;I1;Spezia;Crotone;3;2;1;1;0,3003;0,4363;0,2634
44802;2021-04-10;T20-21;SP1;Eibar;Levante;0;1;2;1;0,3059;0,4352;0,2588
26422;2021-04-10;T20-21;F1;Strasbourg;Paris SG;1;4;2;2;0,2329;0,1992;0,5678
16235;2021-04-10;T20-21;E0;Crystal Palace;Chelsea;1;4;2;2;0,2375;0,2137;0,5487
16234;2021-04-10;T20-21;E0;Liverpool;Aston Villa;2;1;1;1;0,1977;0,6759;0,1264
16233;2021-04-10;T20-21;E0;Man City;Leeds;1;2;2;1;0,1642;0,7205;0,1152
6240;2021-04-10;T20-21;D1;Stuttgart;Dortmund;2;3;2;2;0,2191;0,2135;0,5674
6239;2021-04-10;T20-21;D1;Werder Bremen;RB Leipzig;1;4;2;2;0,199;0,1754;0,6257
6238;2021-04-10;T20-21;D1;Hertha;M'gladbach;2;2;0;2;0,272;0,296;0,4321
6237;2021-04-10;T20-21;D1;Ein Frankfurt;Wolfsburg;4;3;1;1;0,2822;0,3746;0,3432
6236;2021-04-10;T20-21;D1;Bayern Munich;Union Berlin;1;1;0;1;0,1337;0,7852;0,081
26423;2021-04-10;T20-21;F1;Montpellier;Marseille;3;3;0;1;0,2701;0,5018;0,2282
34816;2021-04-11;T20-21;I1;Verona;Lazio;0;1;2;2;0,2704;0,2509;0,4787
34817;2021-04-11;T20-21;I1;Roma;Bologna;1;0;1;1;0,2775;0,4898;0,2327
34818;2021-04-11;T20-21;I1;Fiorentina;Atalanta;2;3;2;2;0,2268;0,2099;0,5633
44804;2021-04-11;T20-21;SP1;Villarreal;Osasuna;1;2;2;1;0,2069;0,6654;0,1278
44805;2021-04-11;T20-21;SP1;Valencia;Sociedad;2;2;0;1;0,3052;0,3954;0,2994
44806;2021-04-11;T20-21;SP1;Valladolid;Granada;1;2;2;1;0,3062;0,4336;0,2603
56730;2021-04-11;T20-21;SP2;Mirandes;Logrones;0;1;2;1;0,2614;0,5568;0,1818
56727;2021-04-11;T20-21;SP2;Malaga;Albacete;2;0;1;1;0,2701;0,5377;0,1921
56732;2021-04-11;T20-21;SP2;Espanol;Leganes;2;1;1;1;0,2194;0,6311;0,1496
56729;2021-04-11;T20-21;SP2;Mallorca;Lugo;2;0;1;1;0,2364;0,6097;0,1539
56731;2021-04-11;T20-21;SP2;Sabadell;Cartagena;1;1;0;1;0,2932;0,4724;0,2344
34815;2021-04-11;T20-21;I1;Sampdoria;Napoli;0;2;2;2;0,2381;0,2513;0,5106
44807;2021-04-11;T20-21;SP1;Betis;Ath Madrid;1;1;0;2;0,2244;0,2186;0,557
34814;2021-04-11;T20-21;I1;Juventus;Genoa;3;1;1;1;0,1618;0,7436;0,0946
56728;2021-04-11;T20-21;SP2;Zaragoza;Almeria;2;1;1;1;0,3089;0,3859;0,3052
26430;2021-04-11;T20-21;F1;Lyon;Angers;3;0;1;1;0,1785;0,714;0,1075
26429;2021-04-11;T20-21;F1;Monaco;Dijon;3;0;1;1;0,1358;0,7985;0,0657
26428;2021-04-11;T20-21;F1;St Etienne;Bordeaux;4;1;1;1;0,2957;0,4602;0,2441
26427;2021-04-11;T20-21;F1;Nice;Reims;0;0;0;1;0,2757;0,5076;0,2166
26426;2021-04-11;T20-21;F1;Lens;Lorient;4;1;1;1;0,2503;0,5645;0,1852
26425;2021-04-11;T20-21;F1;Brest;Nimes;1;1;0;1;0,2743;0,5078;0,218
26424;2021-04-11;T20-21;F1;Rennes;Nantes;1;0;1;1;0,2325;0,6263;0,1412
16239;2021-04-11;T20-21;E0;Sheffield United;Arsenal;0;3;2;2;0,2827;0,2843;0,4331
16238;2021-04-11;T20-21;E0;Tottenham;Man United;1;3;2;1;0,2704;0,435;0,2946
16237;2021-04-11;T20-21;E0;West Ham;Leicester;3;2;1;2;0,2677;0,2983;0,434
16236;2021-04-11;T20-21;E0;Burnley;Newcastle;1;2;2;1;0,2479;0,5942;0,1579
6242;2021-04-11;T20-21;D1;FC Koln;Mainz;2;3;2;1;0,3046;0,3926;0,3028
6241;2021-04-11;T20-21;D1;Schalke 04;Augsburg;1;0;1;1;0,3082;0,4437;0,2481
34813;2021-04-11;T20-21;I1;Inter;Cagliari;1;0;1;1;0,1383;0,7888;0,0728
56733;2021-04-12;T20-21;SP2;Alcorcon;Castellon;2;1;1;1;0,2898;0,4862;0,2241
44808;2021-04-12;T20-21;SP1;Celta;Sevilla;3;4;2;2;0,2793;0,303;0,4177
34819;2021-04-12;T20-21;I1;Benevento;Sassuolo;0;1;2;2;0,3032;0,3278;0,369
16240;2021-04-12;T20-21;E0;West Brom;Southampton;3;0;1;1;0,3096;0,3682;0,3222
6243;2021-04-12;T20-21;D1;Hoffenheim;Leverkusen;0;0;0;2;0,2419;0,2797;0,4784
16241;2021-04-12;T20-21;E0;Brighton;Everton;0;0;0;1;0,3095;0,4062;0,2843
56734;2021-04-14;T20-21;SP2;Vallecano;Mirandes;0;1;2;1;0,2486;0,5762;0,1752
56736;2021-04-16;T20-21;SP2;Girona;Zaragoza;3;0;1;1;0,2971;0,4611;0,2417
6244;2021-04-16;T20-21;D1;RB Leipzig;Hoffenheim;0;0;0;1;0,1953;0,6679;0,1368
16242;2021-04-16;T20-21;E0;Everton;Tottenham;2;2;0;2;0,2676;0,3614;0,371
26431;2021-04-16;T20-21;F1;Lille;Montpellier;1;1;0;1;0,2106;0,6581;0,1313
56735;2021-04-16;T20-21;SP2;Fuenlabrada;Sabadell;2;2;0;1;0,2739;0,5212;0,2049
34821;2021-04-17;T20-21;I1;Sampdoria;Verona;3;1;1;1;0,2894;0,4444;0,2663
34822;2021-04-17;T20-21;I1;Sassuolo;Fiorentina;3;1;1;1;0,2964;0,4149;0,2888
34823;2021-04-17;T20-21;I1;Cagliari;Parma;4;3;1;1;0,3058;0,4273;0,2669
34820;2021-04-17;T20-21;I1;Crotone;Udinese;1;2;2;2;0,2705;0,301;0,4284
56738;2021-04-17;T20-21;SP2;Castellon;Mallorca;1;0;1;1;0,3083;0,3993;0,2924
56739;2021-04-17;T20-21;SP2;Las Palmas;Malaga;1;1;0;1;0,2876;0,4753;0,2371
56740;2021-04-17;T20-21;SP2;Sp Gijon;Oviedo;0;1;2;1;0,2957;0,4649;0,2395
56737;2021-04-17;T20-21;SP2;Lugo;Alcorcon;1;3;2;1;0,2912;0,4756;0,2333
26433;2021-04-17;T20-21;F1;Marseille;Lorient;3;2;1;1;0,2287;0,6388;0,1325
6247;2021-04-17;T20-21;D1;M'gladbach;Ein Frankfurt;4;0;1;1;0,2623;0,4036;0,3342
16244;2021-04-17;T20-21;E0;Wolves;Sheffield United;1;0;1;1;0,2146;0,6765;0,1089
16243;2021-04-17;T20-21;E0;Newcastle;West Ham;3;2;1;1;0,3037;0,3826;0,3136
6250;2021-04-17;T20-21;D1;Leverkusen;FC Koln;3;0;1;1;0,1989;0,6904;0,1106
6249;2021-04-17;T20-21;D1;Wolfsburg;Bayern Munich;2;3;2;2;0,2029;0,1505;0,6466
6248;2021-04-17;T20-21;D1;Union Berlin;Stuttgart;2;1;1;1;0,2841;0,3738;0,3421
6246;2021-04-17;T20-21;D1;Freiburg;Schalke 04;4;0;1;1;0,2551;0,5563;0,1887
6245;2021-04-17;T20-21;D1;Augsburg;Bielefeld;0;0;0;1;0,2921;0,463;0,2449
26432;2021-04-17;T20-21;F1;Angers;Rennes;0;3;2;1;0,2954;0,37;0,3345
44809;2021-04-18;T20-21;SP1;Osasuna;Elche;2;0;1;1;0,2845;0,499;0,2165
44810;2021-04-18;T20-21;SP1;Sociedad;Sevilla;1;2;2;1;0,2842;0,4527;0,2631
44811;2021-04-18;T20-21;SP1;Alaves;Huesca;1;0;1;1;0,2964;0,4698;0,2338
44812;2021-04-18;T20-21;SP1;Ath Madrid;Eibar;5;0;1;1;0,186;0,7037;0,1103
44813;2021-04-18;T20-21;SP1;Betis;Valencia;2;2;0;1;0,2886;0,4738;0,2376
56741;2021-04-18;T20-21;SP2;Albacete;Mirandes;1;0;1;1;0,301;0,455;0,244
44815;2021-04-18;T20-21;SP1;Getafe;Real Madrid;0;0;0;2;0,2688;0,2517;0,4795
44816;2021-04-18;T20-21;SP1;Levante;Villarreal;1;5;2;1;0,2939;0,4201;0,286
56742;2021-04-18;T20-21;SP2;Logrones;Vallecano;0;0;0;2;0,2822;0,2811;0,4367
56743;2021-04-18;T20-21;SP2;Cartagena;Tenerife;0;0;0;1;0,2966;0,3637;0,3396
34829;2021-04-18;T20-21;I1;Napoli;Inter;1;1;0;1;0,2143;0,5045;0,2812
44814;2021-04-18;T20-21;SP1;Cadiz;Celta;0;0;0;1;0,317;0,3896;0,2934
34828;2021-04-18;T20-21;I1;Torino;Roma;3;1;1;2;0,1936;0,1864;0,6199
6251;2021-04-18;T20-21;D1;Dortmund;Werder Bremen;4;1;1;1;0,165;0,7434;0,0916
34826;2021-04-18;T20-21;I1;Bologna;Spezia;4;1;1;1;0,2842;0,4847;0,231
34825;2021-04-18;T20-21;I1;Atalanta;Juventus;1;0;1;1;0,2353;0,4812;0,2835
34824;2021-04-18;T20-21;I1;Milan;Genoa;2;1;1;1;0,1496;0,766;0,0843
26440;2021-04-18;T20-21;F1;Nantes;Lyon;1;2;2;2;0,2467;0,228;0,5254
26439;2021-04-18;T20-21;F1;Bordeaux;Monaco;0;3;2;2;0,244;0,2519;0,5042
26438;2021-04-18;T20-21;F1;Reims;Metz;0;0;0;1;0,2828;0,4941;0,2231
26437;2021-04-18;T20-21;F1;Nimes;Strasbourg;1;1;0;1;0,3065;0,424;0,2695
26436;2021-04-18;T20-21;F1;Dijon;Nice;2;0;1;2;0,2891;0,3159;0,395
26435;2021-04-18;T20-21;F1;Brest;Lens;1;1;0;2;0,283;0,3195;0,3975
26434;2021-04-18;T20-21;F1;Paris SG;St Etienne;3;2;1;1;0,1476;0,7715;0,0809
16246;2021-04-18;T20-21;E0;Man United;Burnley;3;1;1;1;0,1515;0,7637;0,0848
16245;2021-04-18;T20-21;E0;Arsenal;Fulham;1;1;0;1;0,2229;0,634;0,1431
34827;2021-04-18;T20-21;I1;Lazio;Benevento;5;3;1;1;0,1898;0,7082;0,1021
56744;2021-04-19;T20-21;SP2;Leganes;Ponferradina;1;1;0;1;0,2864;0,4866;0,2269
56745;2021-04-19;T20-21;SP2;Almeria;Espanol;1;1;0;2;0,2685;0,2935;0,438
16247;2021-04-19;T20-21;E0;Leeds;Liverpool;1;1;0;2;0,2367;0,2497;0,5136
6252;2021-04-20;T20-21;D1;FC Koln;RB Leipzig;2;1;1;2;0,2015;0,1713;0,6272
6253;2021-04-20;T20-21;D1;Bayern Munich;Leverkusen;2;0;1;1;0,1829;0,65;0,1671
6254;2021-04-20;T20-21;D1;Bielefeld;Schalke 04;1;0;1;1;0,2235;0,6721;0,1044
6255;2021-04-20;T20-21;D1;Ein Frankfurt;Augsburg;2;0;1;1;0,2023;0,6571;0,1407
16248;2021-04-20;T20-21;E0;Chelsea;Brighton;0;0;0;1;0,197;0,681;0,122
34830;2021-04-20;T20-21;I1;Verona;Fiorentina;1;2;2;1;0,2918;0,4645;0,2437
34836;2021-04-21;T20-21;I1;Spezia;Inter;1;1;0;2;0,1667;0,1144;0,7189
34837;2021-04-21;T20-21;I1;Udinese;Cagliari;0;1;2;1;0,2437;0,604;0,1523
44817;2021-04-21;T20-21;SP1;Levante;Sevilla;0;1;2;2;0,2843;0,3133;0,4024
44818;2021-04-21;T20-21;SP1;Osasuna;Valencia;3;1;1;1;0,3093;0,4198;0,271
44822;2021-04-21;T20-21;SP1;Cadiz;Real Madrid;0;3;2;2;0,2648;0,2403;0,4949
44820;2021-04-21;T20-21;SP1;Alaves;Villarreal;2;1;1;1;0,299;0,3775;0,3235
44821;2021-04-21;T20-21;SP1;Elche;Valladolid;1;1;0;2;0,2973;0,3479;0,3548
56746;2021-04-21;T20-21;SP2;Mirandes;Tenerife;0;0;0;1;0,3005;0,425;0,2746
44819;2021-04-21;T20-21;SP1;Betis;Ath Bilbao;0;0;0;1;0,2901;0,4507;0,2591
34835;2021-04-21;T20-21;I1;Juventus;Parma;3;1;1;1;0,1617;0,7585;0,0798
6258;2021-04-21;T20-21;D1;Stuttgart;Wolfsburg;1;3;2;1;0,2782;0,4385;0,2833
34833;2021-04-21;T20-21;I1;Crotone;Sampdoria;0;1;2;2;0,2559;0,2483;0,4958
34832;2021-04-21;T20-21;I1;Bologna;Torino;1;1;0;1;0,2964;0,3864;0,3172
34831;2021-04-21;T20-21;I1;Milan;Sassuolo;1;2;2;1;0,2372;0,5374;0,2254
16250;2021-04-21;T20-21;E0;Aston Villa;Man City;1;2;2;2;0,2167;0,1585;0,6248
16249;2021-04-21;T20-21;E0;Tottenham;Southampton;2;1;1;1;0,2496;0,5589;0,1916
6259;2021-04-21;T20-21;D1;Werder Bremen;Mainz;0;1;2;1;0,3069;0,4133;0,2798
34834;2021-04-21;T20-21;I1;Genoa;Benevento;2;2;0;1;0,3094;0,4247;0,2658
6257;2021-04-21;T20-21;D1;Hoffenheim;M'gladbach;3;2;1;2;0,2707;0,3009;0,4284
6256;2021-04-21;T20-21;D1;Dortmund;Union Berlin;2;0;1;1;0,1777;0,7105;0,1118
44826;2021-04-22;T20-21;SP1;Barcelona;Getafe;5;2;1;1;0,1697;0,7227;0,1076
44824;2021-04-22;T20-21;SP1;Granada;Eibar;4;1;1;1;0,2993;0,4362;0,2645
44823;2021-04-22;T20-21;SP1;Ath Madrid;Huesca;2;0;1;1;0,1716;0,7359;0,0925
44825;2021-04-22;T20-21;SP1;Sociedad;Celta;2;1;1;1;0,2638;0,5352;0,2011
34838;2021-04-22;T20-21;I1;Roma;Atalanta;1;1;0;2;0,2199;0,3624;0,4177
16251;2021-04-22;T20-21;E0;Leicester;West Brom;3;0;1;1;0,1795;0,7303;0,0902
34839;2021-04-22;T20-21;I1;Napoli;Lazio;5;2;1;1;0,2207;0,538;0,2413
6260;2021-04-23;T20-21;D1;Augsburg;FC Koln;2;3;2;1;0,3096;0,415;0,2753
16252;2021-04-23;T20-21;E0;Arsenal;Everton;0;1;2;1;0,2317;0,613;0,1552
26441;2021-04-23;T20-21;F1;Reims;Marseille;1;3;2;1;0,299;0,4294;0,2715
56747;2021-04-23;T20-21;SP2;Zaragoza;Sp Gijon;0;0;0;1;0,2967;0,458;0,2453
34842;2021-04-24;T20-21;I1;Sassuolo;Sampdoria;1;0;1;1;0,2954;0,4224;0,2822
44827;2021-04-24;T20-21;SP1;Elche;Levante;1;0;1;1;0,3165;0,3609;0,3226
44828;2021-04-24;T20-21;SP1;Valladolid;Cadiz;1;1;0;1;0,2817;0,5072;0,2111
44829;2021-04-24;T20-21;SP1;Valencia;Alaves;1;1;0;1;0,271;0,5292;0,1998
56749;2021-04-24;T20-21;SP2;Malaga;Fuenlabrada;0;1;2;1;0,2923;0,4765;0,2312
56751;2021-04-24;T20-21;SP2;Ponferradina;Lugo;2;0;1;1;0,2842;0,4963;0,2194
56750;2021-04-24;T20-21;SP2;Espanol;Las Palmas;4;0;1;1;0,2005;0,6735;0,126
34841;2021-04-24;T20-21;I1;Parma;Crotone;3;4;2;1;0,2785;0,5042;0,2173
44830;2021-04-24;T20-21;SP1;Real Madrid;Betis;0;0;0;1;0,1922;0,6892;0,1186
34840;2021-04-24;T20-21;I1;Genoa;Spezia;2;0;1;1;0,3176;0,3898;0,2926
56748;2021-04-24;T20-21;SP2;Logrones;Cartagena;0;1;2;1;0,3033;0,4314;0,2654
26442;2021-04-24;T20-21;F1;St Etienne;Brest;1;2;2;1;0,2926;0,4669;0,2405
16255;2021-04-24;T20-21;E0;Sheffield United;Brighton;1;0;1;1;0,2994;0,3967;0,3039
16254;2021-04-24;T20-21;E0;West Ham;Chelsea;0;1;2;2;0,2631;0,2961;0,4407
16253;2021-04-24;T20-21;E0;Liverpool;Newcastle;1;1;0;1;0,1765;0,7288;0,0946
6265;2021-04-24;T20-21;D1;Leverkusen;Ein Frankfurt;3;1;1;1;0,2558;0,4363;0,3079
6264;2021-04-24;T20-21;D1;Wolfsburg;Dortmund;0;2;2;2;0,2282;0,3267;0,4452
6263;2021-04-24;T20-21;D1;Union Berlin;Werder Bremen;3;1;1;1;0,2825;0,4855;0,232
6262;2021-04-24;T20-21;D1;Mainz;Bayern Munich;2;1;1;2;0,1895;0,1317;0,6788
6261;2021-04-24;T20-21;D1;Freiburg;Hoffenheim;1;1;0;1;0,2765;0,4551;0,2684
26443;2021-04-24;T20-21;F1;Metz;Paris SG;1;3;2;2;0,2222;0,1754;0,6024
34845;2021-04-25;T20-21;I1;Inter;Verona;1;0;1;1;0,147;0,7699;0,0831
34846;2021-04-25;T20-21;I1;Cagliari;Roma;3;2;1;2;0,2385;0,2173;0,5442
34847;2021-04-25;T20-21;I1;Atalanta;Bologna;5;0;1;1;0,165;0,727;0,108
44831;2021-04-25;T20-21;SP1;Huesca;Getafe;0;2;2;2;0,2869;0,3447;0,3685
44832;2021-04-25;T20-21;SP1;Villarreal;Barcelona;1;2;2;2;0,2404;0,2512;0,5084
56753;2021-04-25;T20-21;SP2;Mirandes;Almeria;1;1;0;1;0,3028;0,4119;0,2853
44834;2021-04-25;T20-21;SP1;Sevilla;Granada;2;1;1;1;0,2269;0,6381;0,135
44835;2021-04-25;T20-21;SP1;Ath Bilbao;Ath Madrid;2;1;1;2;0,2591;0,2653;0,4756
56752;2021-04-25;T20-21;SP2;Oviedo;Girona;0;1;2;1;0,3039;0,4134;0,2827
56754;2021-04-25;T20-21;SP2;Alcorcon;Leganes;1;2;2;1;0,3094;0,4117;0,2789
56755;2021-04-25;T20-21;SP2;Tenerife;Castellon;1;1;0;1;0,2817;0,5049;0,2133
44833;2021-04-25;T20-21;SP1;Celta;Osasuna;2;1;1;1;0,3001;0,4371;0,2628
34844;2021-04-25;T20-21;I1;Fiorentina;Juventus;1;1;0;2;0,24;0,2395;0,5205
26450;2021-04-25;T20-21;F1;Lyon;Lille;2;3;2;1;0,2264;0,5735;0,2001
26449;2021-04-25;T20-21;F1;Angers;Monaco;0;1;2;2;0,2431;0,2372;0,5196
6266;2021-04-25;T20-21;D1;RB Leipzig;Stuttgart;2;0;1;1;0,2231;0,5775;0,1995
34843;2021-04-25;T20-21;I1;Benevento;Udinese;2;4;2;1;0,3022;0,3797;0,3182
16256;2021-04-25;T20-21;E0;Wolves;Burnley;0;4;2;1;0,2395;0,6096;0,1509
16257;2021-04-25;T20-21;E0;Leeds;Man United;0;0;0;2;0,262;0,2822;0,4558
16258;2021-04-25;T20-21;E0;Aston Villa;West Brom;2;2;0;1;0,2565;0,5611;0,1824
6267;2021-04-25;T20-21;D1;M'gladbach;Bielefeld;5;0;1;1;0,1535;0,7671;0,0795
26445;2021-04-25;T20-21;F1;Lens;Nimes;2;1;1;1;0,2019;0,6773;0,1208
26446;2021-04-25;T20-21;F1;Lorient;Bordeaux;4;1;1;1;0,2877;0,4565;0,2558
26447;2021-04-25;T20-21;F1;Rennes;Dijon;5;1;1;1;0,2071;0,6774;0,1155
26448;2021-04-25;T20-21;F1;Strasbourg;Nantes;1;2;2;1;0,2812;0,4924;0,2264
26444;2021-04-25;T20-21;F1;Nice;Montpellier;3;1;1;1;0,3051;0,4069;0,288
34848;2021-04-26;T20-21;I1;Torino;Napoli;0;2;2;2;0,2367;0,2485;0,5149
34849;2021-04-26;T20-21;I1;Lazio;Milan;3;0;1;1;0,2585;0,4598;0,2817
44836;2021-04-26;T20-21;SP1;Eibar;Sociedad;0;1;2;2;0,3046;0,3436;0,3518
56756;2021-04-26;T20-21;SP2;Vallecano;Albacete;2;2;0;1;0,2421;0,5933;0,1646
56757;2021-04-26;T20-21;SP2;Sabadell;Mallorca;1;0;1;2;0,2742;0,2909;0,435
44837;2021-04-28;T20-21;SP1;Ath Bilbao;Valladolid;2;2;0;1;0,2554;0,5652;0,1794
44838;2021-04-29;T20-21;SP1;Barcelona;Granada;1;2;2;1;0,1481;0,7736;0,0783
44839;2021-04-30;T20-21;SP1;Celta;Levante;2;0;1;1;0,2907;0,4594;0,2499
56758;2021-04-30;T20-21;SP2;Lugo;Zaragoza;2;2;0;1;0,3057;0,4108;0,2835
16260;2021-04-30;T20-21;E0;Southampton;Leicester;1;1;0;2;0,2669;0,284;0,4491
26451;2021-04-30;T20-21;F1;Marseille;Strasbourg;1;1;0;1;0,2229;0,6364;0,1406
56761;2021-05-01;T20-21;SP2;Mallorca;Mirandes;2;1;1;1;0,2521;0,573;0,1749
56760;2021-05-01;T20-21;SP2;Almeria;Oviedo;2;2;0;1;0,2781;0,5011;0,2208
56759;2021-05-01;T20-21;SP2;Girona;Tenerife;1;0;1;1;0,2886;0,4852;0,2261
44842;2021-05-01;T20-21;SP1;Huesca;Sociedad;1;0;1;2;0,2721;0,2847;0,4432
44841;2021-05-01;T20-21;SP1;Elche;Ath Madrid;0;1;2;2;0,2244;0,1892;0,5864
44840;2021-05-01;T20-21;SP1;Eibar;Alaves;3;0;1;1;0,2748;0,5267;0,1985
34852;2021-05-01;T20-21;I1;Milan;Benevento;2;0;1;1;0,1476;0,7802;0,0722
44843;2021-05-01;T20-21;SP1;Real Madrid;Osasuna;2;0;1;1;0,1876;0,6989;0,1135
34850;2021-05-01;T20-21;I1;Verona;Spezia;1;1;0;1;0,2434;0,6106;0,146
26453;2021-05-01;T20-21;F1;Lille;Nice;2;0;1;1;0,2069;0,6627;0,1304
26452;2021-05-01;T20-21;F1;Paris SG;Lens;2;1;1;1;0,2143;0,6081;0,1776
16264;2021-05-01;T20-21;E0;Everton;Aston Villa;1;2;2;1;0,2949;0,4487;0,2565
16263;2021-05-01;T20-21;E0;Chelsea;Fulham;2;0;1;1;0,1779;0,7228;0,0993
16262;2021-05-01;T20-21;E0;Brighton;Leeds;2;0;1;2;0,2658;0,3169;0,4173
16261;2021-05-01;T20-21;E0;Crystal Palace;Man City;0;2;2;2;0,2194;0,1647;0,6159
34851;2021-05-01;T20-21;I1;Crotone;Inter;0;2;2;2;0,171;0,1185;0,7106
34858;2021-05-02;T20-21;I1;Sampdoria;Roma;2;0;1;2;0,2518;0,2558;0,4924
44844;2021-05-02;T20-21;SP1;Valladolid;Betis;1;1;0;1;0,3051;0,4357;0,2592
44845;2021-05-02;T20-21;SP1;Villarreal;Getafe;1;0;1;1;0,2466;0,5722;0,1812
44846;2021-05-02;T20-21;SP1;Granada;Cadiz;0;1;2;1;0,256;0,5561;0,1879
44847;2021-05-02;T20-21;SP1;Valencia;Barcelona;2;3;2;2;0,2158;0,1854;0,5988
56765;2021-05-02;T20-21;SP2;Leganes;Sp Gijon;0;0;0;1;0,2763;0,5144;0,2094
56763;2021-05-02;T20-21;SP2;Espanol;Malaga;3;0;1;1;0,1895;0,6955;0,115
56764;2021-05-02;T20-21;SP2;Castellon;Logrones;0;0;0;1;0,2681;0,5419;0,19
56766;2021-05-02;T20-21;SP2;Las Palmas;Ponferradina;2;0;1;1;0,2826;0,4951;0,2223
34857;2021-05-02;T20-21;I1;Udinese;Juventus;1;2;2;2;0,2367;0,2181;0,5452
56762;2021-05-02;T20-21;SP2;Fuenlabrada;Cartagena;2;1;1;1;0,2789;0,5069;0,2142
34856;2021-05-02;T20-21;I1;Sassuolo;Atalanta;1;1;0;2;0,2294;0,1892;0,5815
26456;2021-05-02;T20-21;F1;Dijon;Metz;1;5;2;1;0,3003;0,4085;0,2911
34854;2021-05-02;T20-21;I1;Bologna;Fiorentina;3;3;0;1;0,3008;0,404;0,2952
34853;2021-05-02;T20-21;I1;Lazio;Genoa;4;3;1;1;0,202;0,6718;0,1261
26460;2021-05-02;T20-21;F1;Monaco;Lyon;2;3;2;1;0,261;0,4238;0,3152
26459;2021-05-02;T20-21;F1;Montpellier;St Etienne;1;2;2;1;0,2508;0,5604;0,1888
26458;2021-05-02;T20-21;F1;Nimes;Reims;2;2;0;1;0,2949;0,3635;0,3416
26457;2021-05-02;T20-21;F1;Lorient;Angers;2;0;1;1;0,2799;0,4806;0,2395
26455;2021-05-02;T20-21;F1;Brest;Nantes;1;4;2;1;0,2911;0,4546;0,2544
26454;2021-05-02;T20-21;F1;Bordeaux;Rennes;1;0;1;2;0,2783;0,3149;0,4068
16266;2021-05-02;T20-21;E0;Tottenham;Sheffield United;4;0;1;1;0,1654;0,7551;0,0795
16265;2021-05-02;T20-21;E0;Newcastle;Arsenal;0;2;2;2;0,273;0,3012;0,4259
34855;2021-05-02;T20-21;I1;Napoli;Cagliari;1;1;0;1;0,1644;0,7426;0,093
56767;2021-05-03;T20-21;SP2;Sabadell;Vallecano;2;0;1;1;0,3146;0,3872;0,2982
56768;2021-05-03;T20-21;SP2;Albacete;Alcorcon;0;1;2;1;0,3054;0,4321;0,2625
44848;2021-05-03;T20-21;SP1;Sevilla;Ath Bilbao;0;1;2;1;0,2356;0,6053;0,1591
34859;2021-05-03;T20-21;I1;Torino;Parma;1;0;1;1;0,2277;0,631;0,1413
16268;2021-05-03;T20-21;E0;Burnley;West Ham;1;2;2;1;0,3093;0,3773;0,3134
16267;2021-05-03;T20-21;E0;West Brom;Wolves;1;1;0;2;0,2946;0,3447;0,3607
6269;2021-05-06;T20-21;D1;Hertha;Freiburg;3;0;1;1;0,2994;0,4251;0,2755
6270;2021-05-07;T20-21;D1;Stuttgart;Augsburg;2;1;1;1;0,2409;0,5803;0,1788
16269;2021-05-07;T20-21;E0;Leicester;Newcastle;2;4;2;1;0,1901;0,7064;0,1035
26461;2021-05-07;T20-21;F1;Lens;Lille;0;3;2;1;0,27;0,4682;0,2618
44849;2021-05-07;T20-21;SP1;Sociedad;Elche;2;0;1;1;0,2423;0,5916;0,1661
56769;2021-05-07;T20-21;SP2;Tenerife;Almeria;0;1;2;1;0,3038;0,413;0,2831
44850;2021-05-08;T20-21;SP1;Alaves;Levante;2;2;0;1;0,3137;0,3882;0,2981
44851;2021-05-08;T20-21;SP1;Barcelona;Ath Madrid;0;0;0;1;0,1663;0,7152;0,1185
44852;2021-05-08;T20-21;SP1;Cadiz;Huesca;2;1;1;1;0,3103;0,4156;0,2742
44853;2021-05-08;T20-21;SP1;Ath Bilbao;Osasuna;2;2;0;1;0,2494;0,5808;0,1698
56773;2021-05-08;T20-21;SP2;Malaga;Mallorca;1;1;0;1;0,3084;0,4148;0,2768
56771;2021-05-08;T20-21;SP2;Zaragoza;Espanol;0;0;0;2;0,2652;0,2591;0,4757
56772;2021-05-08;T20-21;SP2;Alcorcon;Las Palmas;0;0;0;1;0,3037;0,4392;0,2572
34862;2021-05-08;T20-21;I1;Inter;Sampdoria;5;1;1;1;0,1549;0,7534;0,0917
56770;2021-05-08;T20-21;SP2;Ponferradina;Albacete;0;1;2;1;0,2729;0,5278;0,1993
34861;2021-05-08;T20-21;I1;Udinese;Bologna;1;1;0;1;0,2933;0,442;0,2647
34863;2021-05-08;T20-21;I1;Fiorentina;Lazio;2;0;1;2;0,2625;0,2687;0,4688
26463;2021-05-08;T20-21;F1;Lyon;Lorient;4;1;1;1;0,1681;0,7428;0,089
26462;2021-05-08;T20-21;F1;Nantes;Bordeaux;3;0;1;1;0,2914;0,4705;0,2381
16273;2021-05-08;T20-21;E0;Liverpool;Southampton;2;0;1;1;0,1874;0,7133;0,0993
16272;2021-05-08;T20-21;E0;Man City;Chelsea;1;2;2;1;0,1892;0,6621;0,1487
16271;2021-05-08;T20-21;E0;Sheffield United;Crystal Palace;0;2;2;1;0,2971;0,4683;0,2345
16270;2021-05-08;T20-21;E0;Leeds;Tottenham;3;1;1;1;0,2717;0,3834;0,3449
6275;2021-05-08;T20-21;D1;Bayern Munich;M'gladbach;6;0;1;1;0,1786;0,6492;0,1723
6274;2021-05-08;T20-21;D1;Wolfsburg;Union Berlin;3;0;1;1;0,2131;0,6468;0,1401
6273;2021-05-08;T20-21;D1;Werder Bremen;Leverkusen;0;0;0;2;0,2573;0,252;0,4907
6271;2021-05-08;T20-21;D1;Dortmund;RB Leipzig;3;2;1;1;0,2275;0,4724;0,3001
34860;2021-05-08;T20-21;I1;Spezia;Napoli;1;4;2;2;0,1726;0,1462;0,6812
34867;2021-05-09;T20-21;I1;Verona;Torino;1;1;0;1;0,3048;0,4178;0,2774
34868;2021-05-09;T20-21;I1;Roma;Crotone;5;0;1;1;0,1685;0,7594;0,0721
56777;2021-05-09;T20-21;SP2;Logrones;Girona;1;4;2;1;0,3014;0,3599;0,3387
34869;2021-05-09;T20-21;I1;Juventus;Milan;0;3;2;1;0,2097;0,6069;0,1835
44854;2021-05-09;T20-21;SP1;Getafe;Eibar;0;1;2;1;0,2854;0,5008;0,2138
56776;2021-05-09;T20-21;SP2;Cartagena;Castellon;1;0;1;1;0,2951;0,4547;0,2502
44856;2021-05-09;T20-21;SP1;Villarreal;Celta;2;4;2;1;0,2374;0,5961;0,1665
44857;2021-05-09;T20-21;SP1;Real Madrid;Sevilla;2;2;0;1;0,2299;0,5974;0,1727
56774;2021-05-09;T20-21;SP2;Mirandes;Fuenlabrada;2;1;1;1;0,2904;0,4795;0,2301
56775;2021-05-09;T20-21;SP2;Oviedo;Sabadell;2;1;1;1;0,2835;0,4975;0,219
34866;2021-05-09;T20-21;I1;Parma;Atalanta;2;5;2;2;0,1635;0,1172;0,7193
44855;2021-05-09;T20-21;SP1;Valencia;Valladolid;3;0;1;1;0,2717;0,5268;0,2015
34865;2021-05-09;T20-21;I1;Benevento;Cagliari;1;3;2;1;0,3049;0,4203;0,2748
26466;2021-05-09;T20-21;F1;Metz;Nimes;0;3;2;1;0,2793;0,5033;0,2174
26470;2021-05-09;T20-21;F1;Rennes;Paris SG;1;1;0;2;0,2123;0,1837;0,604
34864;2021-05-09;T20-21;I1;Genoa;Sassuolo;1;2;2;2;0,3104;0,3378;0,3518
6277;2021-05-09;T20-21;D1;Ein Frankfurt;Mainz;1;1;0;1;0,2813;0,4785;0,2402
6278;2021-05-09;T20-21;D1;Hertha;Bielefeld;0;0;0;1;0,2792;0,4911;0,2297
16275;2021-05-09;T20-21;E0;Aston Villa;Man United;1;3;2;2;0,2351;0,2176;0,5473
16276;2021-05-09;T20-21;E0;West Ham;Everton;0;1;2;1;0,2537;0,5513;0,1951
16274;2021-05-09;T20-21;E0;Wolves;Brighton;2;1;1;1;0,2826;0,4994;0,2181
26464;2021-05-09;T20-21;F1;St Etienne;Marseille;1;0;1;2;0,2887;0,35;0,3612
26465;2021-05-09;T20-21;F1;Angers;Dijon;3;0;1;1;0,2691;0,538;0,1929
26467;2021-05-09;T20-21;F1;Nice;Brest;3;2;1;1;0,2803;0,4981;0,2216
26468;2021-05-09;T20-21;F1;Strasbourg;Montpellier;2;3;2;1;0,2975;0,4291;0,2734
26469;2021-05-09;T20-21;F1;Reims;Monaco;0;1;2;2;0,2439;0,2315;0,5246
16277;2021-05-09;T20-21;E0;Arsenal;West Brom;3;1;1;1;0,1996;0,6981;0,1022
16278;2021-05-10;T20-21;E0;Fulham;Burnley;0;2;2;1;0,2962;0,4681;0,2357
44858;2021-05-10;T20-21;SP1;Betis;Granada;2;1;1;1;0,2904;0,4707;0,2389
56778;2021-05-10;T20-21;SP2;Vallecano;Leganes;1;1;0;1;0,2679;0,5278;0,2043
56779;2021-05-10;T20-21;SP2;Sp Gijon;Lugo;1;0;1;1;0,2852;0,4971;0,2176
44860;2021-05-11;T20-21;SP1;Elche;Alaves;0;2;2;1;0,2934;0,4444;0,2622
44861;2021-05-11;T20-21;SP1;Levante;Barcelona;3;3;0;2;0,2303;0,1774;0,5922
44859;2021-05-11;T20-21;SP1;Osasuna;Cadiz;3;2;1;1;0,2813;0,5058;0,2129
16280;2021-05-11;T20-21;E0;Southampton;Crystal Palace;3;1;1;1;0,2858;0,4637;0,2505
16279;2021-05-11;T20-21;E0;Man United;Leicester;1;2;2;1;0,2285;0,5413;0,2302
34870;2021-05-11;T20-21;I1;Napoli;Udinese;5;1;1;1;0,1588;0,7488;0,0924
44865;2021-05-12;T20-21;SP1;Ath Madrid;Sociedad;2;1;1;1;0,2115;0,6339;0,1547
44864;2021-05-12;T20-21;SP1;Huesca;Ath Bilbao;1;0;1;2;0,2928;0,3507;0,3566
44863;2021-05-12;T20-21;SP1;Celta;Getafe;1;0;1;1;0,3039;0,426;0,2702
44862;2021-05-12;T20-21;SP1;Sevilla;Valencia;1;0;1;1;0,2675;0,5233;0,2093
34878;2021-05-12;T20-21;I1;Torino;Milan;0;7;2;2;0,2356;0,2252;0,5392
34877;2021-05-12;T20-21;I1;Sassuolo;Juventus;1;3;2;2;0,2266;0,3391;0,4343
34876;2021-05-12;T20-21;I1;Sampdoria;Spezia;2;2;0;1;0,2282;0,642;0,1298
34875;2021-05-12;T20-21;I1;Lazio;Parma;1;0;1;1;0,1858;0,7259;0,0884
34873;2021-05-12;T20-21;I1;Bologna;Genoa;0;2;2;1;0,2878;0,4664;0,2458
34872;2021-05-12;T20-21;I1;Atalanta;Benevento;2;0;1;1;0,1318;0,8048;0,0633
34871;2021-05-12;T20-21;I1;Cagliari;Fiorentina;0;0;0;1;0,3035;0,3936;0,3029
16281;2021-05-12;T20-21;E0;Chelsea;Arsenal;0;1;2;1;0,2504;0,5488;0,2008
6279;2021-05-12;T20-21;D1;Schalke 04;Hertha;1;2;2;2;0,2622;0,2548;0,4831
34874;2021-05-12;T20-21;I1;Inter;Roma;3;1;1;1;0,2393;0,4836;0,277
44867;2021-05-13;T20-21;SP1;Eibar;Betis;1;1;0;1;0,285;0,4648;0,2501
44868;2021-05-13;T20-21;SP1;Granada;Real Madrid;1;4;2;2;0,2534;0,2444;0,5022
44866;2021-05-13;T20-21;SP1;Valladolid;Villarreal;0;2;2;1;0,2959;0,3788;0,3252
44878;2021-05-16;T20-21;SP1;Villarreal;Sevilla;4;0;1;1;0,274;0,484;0,242
44877;2021-05-16;T20-21;SP1;Valencia;Eibar;4;1;1;1;0,2737;0,5209;0,2054
44876;2021-05-16;T20-21;SP1;Sociedad;Valladolid;4;1;1;1;0,2204;0,643;0,1367
44875;2021-05-16;T20-21;SP1;Getafe;Levante;2;1;1;1;0,3041;0,4458;0,25
44873;2021-05-16;T20-21;SP1;Betis;Huesca;1;0;1;1;0,2668;0,5375;0,1957
44872;2021-05-16;T20-21;SP1;Barcelona;Celta;1;2;2;1;0,1492;0,7663;0,0845
44871;2021-05-16;T20-21;SP1;Ath Madrid;Osasuna;2;1;1;1;0,1845;0,7053;0,1102
44870;2021-05-16;T20-21;SP1;Ath Bilbao;Real Madrid;0;1;2;2;0,2609;0,2669;0,4722
44869;2021-05-16;T20-21;SP1;Alaves;Granada;4;2;1;1;0,3103;0,4169;0,2727
44874;2021-05-16;T20-21;SP1;Cadiz;Elche;1;3;2;1;0,2763;0,5213;0,2024
26479;2021-05-16;T20-21;F1;Nimes;Lyon;2;5;2;2;0,2365;0,2137;0,5498
26478;2021-05-16;T20-21;F1;Nice;Strasbourg;0;2;2;1;0,2827;0,4879;0,2294
26477;2021-05-16;T20-21;F1;Montpellier;Brest;0;0;0;1;0,2573;0,542;0,2008
26476;2021-05-16;T20-21;F1;Monaco;Rennes;2;1;1;1;0,2118;0,6333;0,1548
26475;2021-05-16;T20-21;F1;Marseille;Angers;3;2;1;1;0,2576;0,5523;0,19
26474;2021-05-16;T20-21;F1;Lorient;Metz;2;1;1;1;0,2831;0,4729;0,244
26473;2021-05-16;T20-21;F1;Lille;St Etienne;0;0;0;1;0,188;0,7029;0,1091
26472;2021-05-16;T20-21;F1;Dijon;Nantes;0;4;2;1;0,3097;0,4138;0,2765
26471;2021-05-16;T20-21;F1;Bordeaux;Lens;3;0;1;1;0,3001;0,352;0,3479
26480;2021-05-16;T20-21;F1;Paris SG;Reims;4;0;1;1;0,1577;0,7484;0,0939
44879;2021-05-21;T20-21;SP1;Levante;Cadiz;2;2;0;1;0,2666;0,5364;0,197
44886;2021-05-22;T20-21;SP1;Valladolid;Ath Madrid;1;2;2;2;0,2516;0,2211;0,5273
44885;2021-05-22;T20-21;SP1;Real Madrid;Villarreal;2;1;1;1;0,2276;0,5682;0,2042
44884;2021-05-22;T20-21;SP1;Osasuna;Sociedad;0;1;2;1;0,3031;0,3502;0,3467
44880;2021-05-22;T20-21;SP1;Celta;Betis;2;3;2;1;0,2896;0,4396;0,2707
44882;2021-05-22;T20-21;SP1;Elche;Ath Bilbao;2;0;1;2;0,2891;0,3069;0,4041
44881;2021-05-22;T20-21;SP1;Eibar;Barcelona;0;1;2;2;0,2309;0,178;0,5911
44883;2021-05-22;T20-21;SP1;Huesca;Valencia;0;0;0;1;0,3137;0,3976;0,2887
26487;2021-05-23;T20-21;F1;Reims;Bordeaux;1;2;2;1;0,2936;0,4653;0,2411
26490;2021-05-23;T20-21;F1;Strasbourg;Lorient;1;1;0;1;0,2525;0,5705;0,177
26489;2021-05-23;T20-21;F1;St Etienne;Dijon;0;1;2;1;0,207;0,6942;0,0988
26488;2021-05-23;T20-21;F1;Rennes;Nimes;2;0;1;1;0,2177;0,6661;0,1162
26486;2021-05-23;T20-21;F1;Nantes;Montpellier;1;2;2;1;0,2621;0,5492;0,1888
44887;2021-05-23;T20-21;SP1;Granada;Getafe;0;0;0;1;0,286;0,4301;0,284
26484;2021-05-23;T20-21;F1;Lyon;Nice;2;3;2;1;0,1658;0,7364;0,0978
26483;2021-05-23;T20-21;F1;Lens;Monaco;0;0;0;2;0,2729;0,3542;0,373
26482;2021-05-23;T20-21;F1;Brest;Paris SG;0;2;2;2;0,2266;0,174;0,5994
26481;2021-05-23;T20-21;F1;Angers;Lille;1;2;2;2;0,2536;0,2436;0,5028
26485;2021-05-23;T20-21;F1;Metz;Marseille;1;1;0;1;0,3032;0,3515;0,3453
44888;2021-05-23;T20-21;SP1;Sevilla;Alaves;1;0;1;1;0,2256;0,6311;0,1434
