match;Date;season;Div;HomeTeam;AwayTeam;FTHG;FTAG;label;prediction;draw;home;away
15751;2020-01-01;T19-20;E0;Brighton;Chelsea;1;1;0;2;0,2474;0,3026;0,45
15758;2020-01-01;T19-20;E0;West Ham;Bournemouth;4;0;1;1;0,302;0,4431;0,255
15757;2020-01-01;T19-20;E0;Norwich;Crystal Palace;1;1;0;2;0,275;0,3305;0,3945
15756;2020-01-01;T19-20;E0;Man City;Everton;2;1;1;1;0,1584;0,7515;0,0901
15759;2020-01-01;T19-20;E0;Arsenal;Man United;2;0;1;1;0,3046;0,3721;0,3232
15754;2020-01-01;T19-20;E0;Southampton;Tottenham;1;0;1;2;0,2542;0,3152;0,4306
15753;2020-01-01;T19-20;E0;Newcastle;Leicester;0;3;2;2;0,2419;0,3291;0,4289
15752;2020-01-01;T19-20;E0;Burnley;Aston Villa;1;2;2;1;0,2547;0,4879;0,2574
15755;2020-01-01;T19-20;E0;Watford;Wolves;2;1;1;1;0,2885;0,3603;0,3512
15760;2020-01-02;T19-20;E0;Liverpool;Sheffield United;2;0;1;1;0,1603;0,7697;0,0699
44309;2020-01-03;T19-20;SP1;Valladolid;Leganes;2;2;0;1;0,2431;0,4627;0,2942
44310;2020-01-03;T19-20;SP1;Sevilla;Ath Bilbao;1;1;0;1;0,2771;0,5292;0,1937
56130;2020-01-03;T19-20;SP2;Extremadura;Alcorcon;0;0;0;1;0,2669;0,502;0,2311
56133;2020-01-04;T19-20;SP2;Lugo;Almeria;0;4;2;2;0,3081;0,3238;0,3681
56136;2020-01-04;T19-20;SP2;Mirandes;Santander;0;0;0;1;0,2474;0,5581;0,1944
56135;2020-01-04;T19-20;SP2;Elche;Huesca;1;1;0;1;0,2782;0,3681;0,3537
56134;2020-01-04;T19-20;SP2;Tenerife;Albacete;4;2;1;1;0,3171;0,4004;0,2825
56132;2020-01-04;T19-20;SP2;Ponferradina;Cadiz;0;0;0;1;0,3099;0,3758;0,3142
56131;2020-01-04;T19-20;SP2;Fuenlabrada;Las Palmas;0;0;0;1;0,235;0,4651;0,2999
44314;2020-01-04;T19-20;SP1;Espanol;Barcelona;2;2;0;2;0,1577;0,1408;0,7016
44313;2020-01-04;T19-20;SP1;Ath Madrid;Levante;2;1;1;1;0,257;0,6385;0,1045
44312;2020-01-04;T19-20;SP1;Getafe;Real Madrid;0;3;2;2;0,2115;0,2191;0,5694
44311;2020-01-04;T19-20;SP1;Valencia;Eibar;1;0;1;1;0,2504;0,5461;0,2034
34312;2020-01-05;T19-20;I1;Genoa;Sassuolo;2;1;1;1;0,2715;0,4057;0,3228
44316;2020-01-05;T19-20;SP1;Sociedad;Villarreal;1;2;2;1;0,2609;0,4545;0,2846
44317;2020-01-05;T19-20;SP1;Alaves;Betis;1;1;0;1;0,2727;0,4165;0,3108
44318;2020-01-05;T19-20;SP1;Celta;Osasuna;1;1;0;1;0,3001;0,415;0,2848
56138;2020-01-05;T19-20;SP2;Vallecano;Girona;1;0;1;1;0,3074;0,4479;0,2447
56139;2020-01-05;T19-20;SP2;Oviedo;Malaga;1;1;0;0;0,3639;0,3619;0,2742
34315;2020-01-06;T19-20;I1;Atalanta;Parma;5;0;1;1;0,1736;0,7343;0,0922
15761;2020-01-10;T19-20;E0;Sheffield United;West Ham;1;0;1;1;0,2885;0,4237;0,2878
34322;2020-01-11;T19-20;I1;Inter;Atalanta;1;1;0;1;0,1985;0,5224;0,2791
34321;2020-01-11;T19-20;I1;Lazio;Napoli;1;0;1;1;0,2446;0,4504;0,3049
34320;2020-01-11;T19-20;I1;Cagliari;Milan;0;2;2;2;0,3204;0,3265;0,3531
15768;2020-01-11;T19-20;E0;Tottenham;Liverpool;0;1;2;2;0,2438;0,2815;0,4747
15767;2020-01-11;T19-20;E0;Wolves;Newcastle;1;1;0;1;0,2974;0,5104;0,1922
15765;2020-01-11;T19-20;E0;Leicester;Southampton;1;2;2;1;0,2526;0,5885;0,1589
15764;2020-01-11;T19-20;E0;Everton;Brighton;1;0;1;1;0,2715;0,5196;0,2089
15763;2020-01-11;T19-20;E0;Chelsea;Burnley;3;0;1;1;0,2499;0,6412;0,1089
15762;2020-01-11;T19-20;E0;Crystal Palace;Arsenal;1;1;0;2;0,2653;0,3485;0,3863
15766;2020-01-11;T19-20;E0;Man United;Norwich;4;0;1;1;0,2109;0,6926;0,0965
34326;2020-01-12;T19-20;I1;Torino;Bologna;1;0;1;1;0,256;0,5331;0,2109
15769;2020-01-12;T19-20;E0;Bournemouth;Watford;0;3;2;1;0,2701;0,4429;0,287
15770;2020-01-12;T19-20;E0;Aston Villa;Man City;1;6;2;2;0,1523;0,1552;0,6925
34323;2020-01-12;T19-20;I1;Udinese;Sassuolo;3;0;1;1;0,3096;0,4285;0,262
34324;2020-01-12;T19-20;I1;Fiorentina;Spal;1;0;1;1;0,2134;0,5395;0,2471
34325;2020-01-12;T19-20;I1;Sampdoria;Brescia;5;1;1;1;0,249;0,5579;0,1932
34327;2020-01-12;T19-20;I1;Verona;Genoa;2;1;1;1;0,2892;0,4618;0,249
34328;2020-01-12;T19-20;I1;Roma;Juventus;1;2;2;1;0,2574;0,3953;0,3473
34329;2020-01-13;T19-20;I1;Parma;Lecce;2;0;1;1;0,2645;0,4784;0,2571
56144;2020-01-14;T19-20;SP2;Las Palmas;Zaragoza;0;1;2;1;0,2903;0,401;0,3087
56143;2020-01-14;T19-20;SP2;Malaga;Ponferradina;1;0;1;1;0,2908;0,5101;0,1991
56141;2020-01-14;T19-20;SP2;Albacete;Fuenlabrada;1;1;0;1;0,3303;0,381;0,2887
56142;2020-01-14;T19-20;SP2;Sp Gijon;Elche;1;0;1;1;0,2566;0,5139;0,2296
56148;2020-01-15;T19-20;SP2;Cadiz;Mirandes;3;3;0;1;0,2533;0,5428;0,2039
56147;2020-01-15;T19-20;SP2;Vallecano;Lugo;1;0;1;1;0,2403;0,5927;0,167
56146;2020-01-15;T19-20;SP2;Huesca;Tenerife;2;1;1;1;0,2211;0,5716;0,2073
26029;2020-01-15;T19-20;F1;Amiens;Reims;1;1;0;1;0,305;0,3511;0,344
26031;2020-01-15;T19-20;F1;Monaco;Paris SG;1;4;2;2;0,1953;0,2211;0,5836
26030;2020-01-15;T19-20;F1;Nimes;Rennes;0;1;2;1;0,2749;0,4107;0,3144
56145;2020-01-15;T19-20;SP2;Alcorcon;Numancia;2;2;0;1;0,286;0,4118;0,3022
56149;2020-01-16;T19-20;SP2;La Coruna;Santander;2;1;1;1;0,2635;0,496;0,2405
56150;2020-01-16;T19-20;SP2;Girona;Extremadura;3;1;1;1;0,3094;0,4602;0,2304
56151;2020-01-16;T19-20;SP2;Almeria;Oviedo;2;0;1;1;0,2932;0,4956;0,2112
44319;2020-01-17;T19-20;SP1;Leganes;Getafe;0;3;2;1;0,3067;0,3595;0,3338
56152;2020-01-17;T19-20;SP2;Fuenlabrada;Malaga;0;0;0;1;0,3011;0,4414;0,2575
44321;2020-01-18;T19-20;SP1;Real Madrid;Sevilla;2;1;1;1;0,1729;0,6707;0,1564
44320;2020-01-18;T19-20;SP1;Levante;Alaves;0;1;2;1;0,3098;0,4692;0,221
44322;2020-01-18;T19-20;SP1;Osasuna;Valladolid;0;0;0;1;0,2781;0,4985;0,2234
34332;2020-01-18;T19-20;I1;Napoli;Fiorentina;0;2;2;1;0,1831;0,698;0,1189
56154;2020-01-18;T19-20;SP2;Lugo;Albacete;1;0;1;1;0,3252;0,3932;0,2816
56155;2020-01-18;T19-20;SP2;Ponferradina;Vallecano;1;1;0;1;0,2758;0,3944;0,3298
44323;2020-01-18;T19-20;SP1;Eibar;Ath Madrid;2;0;1;2;0,2377;0,2607;0,5016
34331;2020-01-18;T19-20;I1;Sassuolo;Torino;2;1;1;1;0,2852;0,3842;0,3306
56153;2020-01-18;T19-20;SP2;Numancia;Sp Gijon;2;0;1;1;0,2953;0,4395;0,2651
15778;2020-01-18;T19-20;E0;Newcastle;Chelsea;1;0;1;2;0,2228;0,2855;0,4917
15772;2020-01-18;T19-20;E0;Arsenal;Sheffield United;1;1;0;1;0,2851;0,4741;0,2409
34330;2020-01-18;T19-20;I1;Lazio;Sampdoria;5;1;1;1;0,2286;0,6422;0,1292
15773;2020-01-18;T19-20;E0;Brighton;Aston Villa;1;1;0;1;0,2647;0,519;0,2163
15771;2020-01-18;T19-20;E0;Watford;Tottenham;0;0;0;2;0,2936;0,3282;0,3782
15775;2020-01-18;T19-20;E0;Norwich;Bournemouth;1;0;1;2;0,2805;0,3524;0,3671
15776;2020-01-18;T19-20;E0;Southampton;Wolves;2;3;2;1;0,2928;0,4271;0,2802
15777;2020-01-18;T19-20;E0;West Ham;Everton;1;1;0;1;0,2717;0,3912;0,3371
15774;2020-01-18;T19-20;E0;Man City;Crystal Palace;2;2;0;1;0,0971;0,8523;0,0507
44326;2020-01-19;T19-20;SP1;Villarreal;Espanol;1;2;2;1;0,2953;0,501;0,2038
56161;2020-01-19;T19-20;SP2;Tenerife;Girona;1;0;1;1;0,2772;0,3621;0,3606
56160;2020-01-19;T19-20;SP2;Extremadura;Almeria;1;2;2;1;0,2666;0,3688;0,3646
56159;2020-01-19;T19-20;SP2;Santander;Las Palmas;1;1;0;1;0,2906;0,3821;0,3273
56158;2020-01-19;T19-20;SP2;Oviedo;Huesca;1;1;0;1;0,3307;0,3362;0,3331
56156;2020-01-19;T19-20;SP2;Elche;Alcorcon;1;1;0;1;0,2742;0,461;0,2647
44328;2020-01-19;T19-20;SP1;Barcelona;Granada;1;0;1;1;0,1571;0,7804;0,0625
44325;2020-01-19;T19-20;SP1;Betis;Sociedad;3;0;1;1;0,2812;0,4249;0,2939
56157;2020-01-19;T19-20;SP2;La Coruna;Cadiz;1;0;1;2;0,2521;0,3633;0,3846
34338;2020-01-19;T19-20;I1;Juventus;Parma;2;1;1;1;0,1429;0,8049;0,0521
34337;2020-01-19;T19-20;I1;Genoa;Roma;1;3;2;2;0,2101;0,2378;0,5521
34336;2020-01-19;T19-20;I1;Lecce;Inter;1;1;0;2;0,2274;0,2271;0,5455
34335;2020-01-19;T19-20;I1;Brescia;Cagliari;2;2;0;1;0,2736;0,4779;0,2485
34334;2020-01-19;T19-20;I1;Bologna;Verona;1;1;0;1;0,2779;0,4865;0,2356
34333;2020-01-19;T19-20;I1;Milan;Udinese;3;2;1;1;0,234;0,6462;0,1198
15780;2020-01-19;T19-20;E0;Liverpool;Man United;2;0;1;1;0,2046;0,6533;0,1421
15779;2020-01-19;T19-20;E0;Burnley;Leicester;2;1;1;2;0,244;0,2547;0,5013
44324;2020-01-19;T19-20;SP1;Mallorca;Valencia;4;1;1;2;0,2333;0,2358;0,5309
34339;2020-01-20;T19-20;I1;Atalanta;Spal;1;2;2;1;0,1618;0,7562;0,082
15786;2020-01-21;T19-20;E0;Chelsea;Arsenal;2;2;0;1;0,2575;0,537;0,2055
15785;2020-01-21;T19-20;E0;Sheffield United;Man City;0;1;2;2;0,1401;0,1587;0,7012
15784;2020-01-21;T19-20;E0;Everton;Newcastle;2;2;0;1;0,2906;0,5196;0,1897
15782;2020-01-21;T19-20;E0;Bournemouth;Brighton;3;1;1;1;0,2655;0,4436;0,2909
15781;2020-01-21;T19-20;E0;Aston Villa;Watford;2;1;1;1;0,2734;0,4303;0,2963
15783;2020-01-21;T19-20;E0;Crystal Palace;Southampton;0;2;2;1;0,2731;0,4535;0,2735
15787;2020-01-22;T19-20;E0;Leicester;West Ham;4;1;1;1;0,2664;0,556;0,1776
15788;2020-01-22;T19-20;E0;Tottenham;Norwich;2;1;1;1;0,2471;0,649;0,1039
15789;2020-01-22;T19-20;E0;Man United;Burnley;0;2;2;1;0,2344;0,6584;0,1072
15790;2020-01-23;T19-20;E0;Wolves;Liverpool;1;2;2;2;0,1912;0,2004;0,6084
34340;2020-01-24;T19-20;I1;Brescia;Milan;0;1;2;2;0,2194;0,2715;0,5091
44329;2020-01-24;T19-20;SP1;Osasuna;Levante;2;0;1;1;0,2963;0,4723;0,2314
56162;2020-01-24;T19-20;SP2;Cadiz;Santander;1;0;1;1;0,2603;0,5383;0,2015
56163;2020-01-25;T19-20;SP2;Huesca;Lugo;2;1;1;1;0,2386;0,609;0,1524
56165;2020-01-25;T19-20;SP2;Las Palmas;Tenerife;0;0;0;1;0,2847;0,5156;0,1996
56164;2020-01-25;T19-20;SP2;Sp Gijon;Fuenlabrada;1;0;1;1;0,3035;0,4405;0,256
56166;2020-01-25;T19-20;SP2;Zaragoza;Numancia;1;0;1;1;0,2609;0,5805;0,1586
44333;2020-01-25;T19-20;SP1;Sevilla;Granada;2;0;1;1;0,2588;0,6077;0,1335
34343;2020-01-25;T19-20;I1;Torino;Atalanta;0;7;2;2;0,2404;0,3575;0,4021
44331;2020-01-25;T19-20;SP1;Valencia;Barcelona;2;0;1;2;0,2042;0,203;0,5928
44330;2020-01-25;T19-20;SP1;Espanol;Ath Bilbao;1;1;0;2;0,3044;0,3338;0,3618
34342;2020-01-25;T19-20;I1;Fiorentina;Genoa;0;0;0;1;0,2413;0,5511;0,2077
34341;2020-01-25;T19-20;I1;Spal;Bologna;1;3;2;1;0,2688;0,4611;0,2701
44332;2020-01-25;T19-20;SP1;Alaves;Villarreal;1;2;2;2;0,2493;0,3642;0,3865
56172;2020-01-26;T19-20;SP2;Girona;Oviedo;1;1;0;1;0,3221;0,4766;0,2013
56170;2020-01-26;T19-20;SP2;Alcorcon;Ponferradina;3;1;1;1;0,2929;0,463;0,2441
56169;2020-01-26;T19-20;SP2;Almeria;Elche;0;2;2;1;0,2776;0,5316;0,1908
56168;2020-01-26;T19-20;SP2;Albacete;La Coruna;0;1;2;1;0,3323;0,4001;0,2676
56167;2020-01-26;T19-20;SP2;Malaga;Mirandes;2;2;0;1;0,2477;0,5129;0,2394
44338;2020-01-26;T19-20;SP1;Valladolid;Real Madrid;0;1;2;2;0,1813;0,1384;0,6803
44337;2020-01-26;T19-20;SP1;Sociedad;Mallorca;3;0;1;1;0,2828;0,5073;0,2099
44336;2020-01-26;T19-20;SP1;Getafe;Betis;1;0;1;1;0,248;0,4916;0,2605
56171;2020-01-26;T19-20;SP2;Vallecano;Extremadura;1;1;0;1;0,2438;0,5547;0,2015
44334;2020-01-26;T19-20;SP1;Ath Madrid;Leganes;0;0;0;1;0,2362;0,6784;0,0853
34349;2020-01-26;T19-20;I1;Napoli;Juventus;2;1;1;1;0,238;0,4527;0,3092
34348;2020-01-26;T19-20;I1;Roma;Lazio;1;1;0;1;0,2198;0,4888;0,2914
34347;2020-01-26;T19-20;I1;Verona;Lecce;3;0;1;1;0,2898;0,4995;0,2106
34346;2020-01-26;T19-20;I1;Sampdoria;Sassuolo;0;0;0;1;0,2781;0,4884;0,2336
34345;2020-01-26;T19-20;I1;Parma;Udinese;2;0;1;1;0,2873;0,4297;0,283
34344;2020-01-26;T19-20;I1;Inter;Cagliari;1;1;0;1;0,1526;0,7411;0,1063
44335;2020-01-26;T19-20;SP1;Celta;Eibar;0;0;0;1;0,3282;0,3853;0,2864
15791;2020-01-29;T19-20;E0;West Ham;Liverpool;0;2;2;2;0,1572;0,159;0,6839
5857;2020-01-31;T19-20;D1;Hertha;Schalke 04;0;0;0;1;0,2858;0,4196;0,2946
26042;2020-01-31;T19-20;F1;Rennes;Nantes;3;2;1;1;0,2664;0,5259;0,2077
56173;2020-01-31;T19-20;SP2;Tenerife;Sp Gijon;2;1;1;1;0,3399;0,3592;0,3009
26047;2020-02-01;T19-20;F1;Nimes;Monaco;3;1;1;2;0,2336;0,3208;0,4456
26046;2020-02-01;T19-20;F1;Dijon;Brest;3;0;1;1;0,2822;0,4023;0,3155
26048;2020-02-01;T19-20;F1;Strasbourg;Lille;1;2;2;2;0,2827;0,3526;0,3647
34350;2020-02-01;T19-20;I1;Bologna;Brescia;2;1;1;1;0,2306;0,5452;0,2242
34351;2020-02-01;T19-20;I1;Cagliari;Parma;2;2;0;1;0,2907;0,4708;0,2385
34352;2020-02-01;T19-20;I1;Sassuolo;Roma;4;2;1;2;0,2353;0,2381;0,5266
56176;2020-02-01;T19-20;SP2;Ponferradina;Huesca;3;1;1;2;0,2853;0,3476;0,3671
44341;2020-02-01;T19-20;SP1;Mallorca;Valladolid;0;1;2;1;0,276;0,4139;0,3102
44342;2020-02-01;T19-20;SP1;Valencia;Celta;1;0;1;1;0,273;0,5087;0,2183
56174;2020-02-01;T19-20;SP2;Extremadura;Lugo;1;0;1;1;0,2857;0,4812;0,2331
56175;2020-02-01;T19-20;SP2;La Coruna;Las Palmas;2;1;1;1;0,235;0,445;0,32
56177;2020-02-01;T19-20;SP2;Elche;Malaga;2;0;1;1;0,2943;0,3791;0,3267
26045;2020-02-01;T19-20;F1;Angers;Reims;1;4;2;1;0,2969;0,4233;0,2798
44340;2020-02-01;T19-20;SP1;Real Madrid;Ath Madrid;1;0;1;1;0,2353;0,6036;0,1611
26044;2020-02-01;T19-20;F1;Amiens;Toulouse;0;0;0;1;0,272;0,4156;0,3124
44339;2020-02-01;T19-20;SP1;Granada;Espanol;2;1;1;1;0,285;0,4147;0,3004
15799;2020-02-01;T19-20;E0;Man United;Wolves;0;0;0;1;0,2557;0,5812;0,1632
5858;2020-02-01;T19-20;D1;Augsburg;Werder Bremen;2;1;1;1;0,323;0,422;0,255
5860;2020-02-01;T19-20;D1;Fortuna Dusseldorf;Ein Frankfurt;1;1;0;1;0,2926;0,4023;0,3051
5861;2020-02-01;T19-20;D1;Hoffenheim;Leverkusen;2;1;1;1;0,2499;0,4161;0,334
5862;2020-02-01;T19-20;D1;Mainz;Bayern Munich;1;3;2;2;0,1522;0,1658;0,682
5863;2020-02-01;T19-20;D1;RB Leipzig;M'gladbach;2;2;0;1;0,2224;0,6073;0,1703
15792;2020-02-01;T19-20;E0;Leicester;Chelsea;2;2;0;1;0,2266;0,4389;0,3345
5859;2020-02-01;T19-20;D1;Dortmund;Union Berlin;5;0;1;1;0,1802;0,731;0,0888
15793;2020-02-01;T19-20;E0;Bournemouth;Aston Villa;2;1;1;1;0,2484;0,4662;0,2854
15794;2020-02-01;T19-20;E0;Crystal Palace;Sheffield United;0;1;2;1;0,3027;0,4178;0,2795
15795;2020-02-01;T19-20;E0;Liverpool;Southampton;4;0;1;1;0,1446;0,7985;0,057
15796;2020-02-01;T19-20;E0;Newcastle;Norwich;0;0;0;1;0,2552;0,4894;0,2553
15797;2020-02-01;T19-20;E0;Watford;Everton;2;3;2;1;0,2724;0,442;0,2856
15798;2020-02-01;T19-20;E0;West Ham;Brighton;3;3;0;1;0,2689;0,4655;0,2656
26043;2020-02-01;T19-20;F1;Paris SG;Montpellier;5;0;1;1;0,1567;0,7546;0,0887
44345;2020-02-02;T19-20;SP1;Ath Bilbao;Getafe;0;2;2;1;0,2565;0,4134;0,3301
44346;2020-02-02;T19-20;SP1;Sevilla;Alaves;1;1;0;1;0,2413;0,6207;0,138
44347;2020-02-02;T19-20;SP1;Villarreal;Osasuna;3;1;1;1;0,2338;0,5481;0,218
44348;2020-02-02;T19-20;SP1;Barcelona;Levante;2;1;1;1;0,1794;0,7451;0,0755
56178;2020-02-02;T19-20;SP2;Fuenlabrada;Girona;0;1;2;1;0,2736;0,4043;0,3221
56181;2020-02-02;T19-20;SP2;Numancia;Almeria;1;1;0;1;0,2659;0,3847;0,3493
56180;2020-02-02;T19-20;SP2;Mirandes;Vallecano;0;0;0;1;0,2651;0,4152;0,3197
56182;2020-02-02;T19-20;SP2;Oviedo;Albacete;3;1;1;1;0,3318;0,4244;0,2438
56183;2020-02-02;T19-20;SP2;Santander;Alcorcon;1;1;0;1;0,2966;0,3599;0,3434
44344;2020-02-02;T19-20;SP1;Eibar;Betis;1;1;0;1;0,2549;0,4715;0,2735
56179;2020-02-02;T19-20;SP2;Cadiz;Zaragoza;1;1;0;1;0,2718;0,4507;0,2776
44343;2020-02-02;T19-20;SP1;Leganes;Sociedad;2;1;1;2;0,2394;0,322;0,4386
34354;2020-02-02;T19-20;I1;Atalanta;Genoa;2;2;0;1;0,0977;0,814;0,0883
34357;2020-02-02;T19-20;I1;Lecce;Torino;4;0;1;2;0,2737;0,3539;0,3723
5864;2020-02-02;T19-20;D1;FC Koln;Freiburg;4;0;1;1;0,2762;0,4338;0,29
5865;2020-02-02;T19-20;D1;Paderborn;Wolfsburg;2;4;2;1;0,2812;0,3639;0,355
34358;2020-02-02;T19-20;I1;Udinese;Inter;0;2;2;2;0,2563;0,2297;0,514
15801;2020-02-02;T19-20;E0;Tottenham;Man City;2;0;1;2;0,2051;0,2999;0,495
26049;2020-02-02;T19-20;F1;Nice;Lyon;2;1;1;2;0,2472;0,3332;0,4196
15800;2020-02-02;T19-20;E0;Burnley;Arsenal;0;0;0;2;0,2512;0,2874;0,4614
26051;2020-02-02;T19-20;F1;Bordeaux;Marseille;0;0;0;2;0,2192;0,3288;0,4521
34353;2020-02-02;T19-20;I1;Juventus;Fiorentina;3;0;1;1;0,1773;0,7231;0,0995
34355;2020-02-02;T19-20;I1;Lazio;Spal;5;1;1;1;0,2058;0,698;0,0962
34356;2020-02-02;T19-20;I1;Milan;Verona;1;1;0;1;0,2473;0,6334;0,1193
26050;2020-02-02;T19-20;F1;Metz;St Etienne;3;1;1;2;0,3009;0,3106;0,3884
34359;2020-02-03;T19-20;I1;Sampdoria;Napoli;2;4;2;2;0,2404;0,2987;0,4609
26052;2020-02-04;T19-20;F1;Lille;Rennes;1;0;1;1;0,2536;0,4763;0,2701
26053;2020-02-04;T19-20;F1;Monaco;Angers;1;0;1;1;0,2726;0,5272;0,2002
26054;2020-02-04;T19-20;F1;Nantes;Paris SG;1;2;2;2;0,1777;0,1223;0,7001
26060;2020-02-05;T19-20;F1;Toulouse;Strasbourg;0;1;2;2;0,2759;0,3477;0,3764
34360;2020-02-05;T19-20;I1;Lazio;Verona;0;0;0;1;0,2005;0,7008;0,0987
26061;2020-02-05;T19-20;F1;St Etienne;Marseille;0;2;2;1;0,2508;0,3867;0,3625
26059;2020-02-05;T19-20;F1;Reims;Nice;1;1;0;1;0,3082;0,4045;0,2874
26057;2020-02-05;T19-20;F1;Montpellier;Metz;1;1;0;1;0,2795;0,5196;0,201
26058;2020-02-05;T19-20;F1;Nimes;Dijon;2;0;1;1;0,2913;0,4609;0,2479
26056;2020-02-05;T19-20;F1;Lyon;Amiens;0;0;0;1;0,2135;0,6989;0,0876
26055;2020-02-05;T19-20;F1;Brest;Bordeaux;1;1;0;1;0,3407;0,3926;0,2666
5866;2020-02-07;T19-20;D1;Ein Frankfurt;Augsburg;5;0;1;1;0,2602;0,5626;0,1772
26062;2020-02-07;T19-20;F1;Angers;Lille;0;2;2;2;0,2879;0,3485;0,3637
34361;2020-02-07;T19-20;I1;Roma;Bologna;2;3;2;1;0,1858;0,7041;0,1101
44349;2020-02-07;T19-20;SP1;Alaves;Eibar;2;1;1;1;0,2949;0,4251;0,28
56184;2020-02-07;T19-20;SP2;Almeria;Santander;0;1;2;1;0,2441;0,5438;0,2122
34363;2020-02-08;T19-20;I1;Torino;Sampdoria;1;3;2;1;0,249;0,4965;0,2545
34364;2020-02-08;T19-20;I1;Verona;Juventus;2;1;1;2;0,2236;0,1799;0,5965
44350;2020-02-08;T19-20;SP1;Levante;Leganes;2;0;1;1;0,2762;0,4827;0,2412
44351;2020-02-08;T19-20;SP1;Getafe;Valencia;3;0;1;1;0,2346;0,4101;0,3553
44352;2020-02-08;T19-20;SP1;Valladolid;Villarreal;1;1;0;2;0,2421;0,3441;0,4138
26068;2020-02-08;T19-20;F1;Rennes;Brest;0;0;0;1;0,2892;0,5168;0,1941
56185;2020-02-08;T19-20;SP2;Extremadura;Tenerife;2;4;2;1;0,253;0,4872;0,2598
56186;2020-02-08;T19-20;SP2;Girona;Huesca;1;0;1;1;0,3103;0,4033;0,2864
34362;2020-02-08;T19-20;I1;Fiorentina;Atalanta;1;2;2;2;0,2748;0,2606;0,4646
56188;2020-02-08;T19-20;SP2;Zaragoza;Fuenlabrada;0;0;0;1;0,2368;0,5665;0,1966
44353;2020-02-08;T19-20;SP1;Ath Madrid;Granada;1;0;1;1;0,234;0,6565;0,1095
56187;2020-02-08;T19-20;SP2;Las Palmas;Cadiz;1;2;2;1;0,2884;0,3757;0,3359
26065;2020-02-08;T19-20;F1;Dijon;Nantes;3;3;0;1;0,2885;0,4292;0,2823
26066;2020-02-08;T19-20;F1;Metz;Bordeaux;1;2;2;2;0,2973;0,3478;0,3549
26064;2020-02-08;T19-20;F1;Amiens;Monaco;1;2;2;2;0,2282;0,2715;0,5003
26063;2020-02-08;T19-20;F1;Marseille;Toulouse;1;0;1;1;0,2366;0,6644;0,099
15803;2020-02-08;T19-20;E0;Brighton;Watford;1;1;0;1;0,294;0,4393;0,2666
15802;2020-02-08;T19-20;E0;Everton;Crystal Palace;3;1;1;1;0,2874;0,5152;0,1973
5872;2020-02-08;T19-20;D1;Leverkusen;Dortmund;4;3;1;1;0,2326;0,3883;0,3791
5871;2020-02-08;T19-20;D1;Wolfsburg;Fortuna Dusseldorf;1;1;0;1;0,2629;0,5661;0,171
5870;2020-02-08;T19-20;D1;Werder Bremen;Union Berlin;0;2;2;1;0,2799;0,504;0,2161
5869;2020-02-08;T19-20;D1;Schalke 04;Paderborn;1;1;0;1;0,2357;0,5936;0,1707
5868;2020-02-08;T19-20;D1;Hertha;Mainz;1;3;2;1;0,2362;0,5027;0,2612
5867;2020-02-08;T19-20;D1;Freiburg;Hoffenheim;1;0;1;1;0,2434;0,3998;0,3568
26067;2020-02-08;T19-20;F1;Nice;Nimes;1;3;2;1;0,2753;0,515;0,2097
44357;2020-02-09;T19-20;SP1;Celta;Sevilla;2;1;1;2;0,2703;0,3274;0,4023
44356;2020-02-09;T19-20;SP1;Osasuna;Real Madrid;1;4;2;2;0,2075;0,1968;0,5957
56194;2020-02-09;T19-20;SP2;Malaga;Numancia;2;1;1;1;0,2732;0,473;0,2538
44358;2020-02-09;T19-20;SP1;Betis;Barcelona;2;3;2;2;0,2291;0,1896;0,5814
44355;2020-02-09;T19-20;SP1;Sociedad;Ath Bilbao;2;1;1;1;0,2852;0,4195;0,2953
56190;2020-02-09;T19-20;SP2;Alcorcon;La Coruna;0;1;2;1;0,3458;0,4158;0,2384
56191;2020-02-09;T19-20;SP2;Sp Gijon;Mirandes;2;2;0;1;0,2859;0,5134;0,2007
56192;2020-02-09;T19-20;SP2;Lugo;Elche;2;2;0;1;0,3155;0,3794;0,3051
56193;2020-02-09;T19-20;SP2;Vallecano;Oviedo;1;1;0;1;0,2426;0,5435;0,2139
56189;2020-02-09;T19-20;SP2;Albacete;Ponferradina;1;1;0;1;0,3071;0,4221;0,2708
44354;2020-02-09;T19-20;SP1;Espanol;Mallorca;1;0;1;1;0,3029;0,4736;0,2235
34367;2020-02-09;T19-20;I1;Genoa;Cagliari;1;0;1;1;0,2776;0,3992;0,3232
34369;2020-02-09;T19-20;I1;Parma;Lazio;0;1;2;2;0,2557;0,2238;0,5205
34368;2020-02-09;T19-20;I1;Napoli;Lecce;2;3;2;1;0,1982;0,7134;0,0884
34366;2020-02-09;T19-20;I1;Brescia;Udinese;1;1;0;2;0,283;0,3436;0,3733
34365;2020-02-09;T19-20;I1;Spal;Sassuolo;1;2;2;1;0,2778;0,4287;0,2935
26071;2020-02-09;T19-20;F1;Paris SG;Lyon;4;2;1;1;0,1547;0,6778;0,1675
26070;2020-02-09;T19-20;F1;Strasbourg;Reims;3;0;1;1;0,3003;0,4239;0,2758
26069;2020-02-09;T19-20;F1;Montpellier;St Etienne;1;0;1;1;0,2985;0,4578;0,2437
15804;2020-02-09;T19-20;E0;Sheffield United;Bournemouth;2;1;1;1;0,2801;0,4742;0,2457
5873;2020-02-09;T19-20;D1;Bayern Munich;RB Leipzig;0;0;0;1;0,1821;0,6744;0,1435
34370;2020-02-09;T19-20;I1;Inter;Milan;4;2;1;1;0,2174;0,6198;0,1629
56195;2020-02-14;T19-20;SP2;La Coruna;Girona;2;2;0;1;0,2604;0,3882;0,3514
26072;2020-02-14;T19-20;F1;Monaco;Montpellier;1;0;1;1;0,2609;0,5059;0,2332
44359;2020-02-14;T19-20;SP1;Valencia;Ath Madrid;2;2;0;2;0,2178;0,3903;0,3918
5874;2020-02-14;T19-20;D1;Dortmund;Ein Frankfurt;4;0;1;1;0,1939;0,6861;0,12
15805;2020-02-14;T19-20;E0;Wolves;Leicester;0;0;0;2;0,2848;0,2922;0,423
34371;2020-02-15;T19-20;I1;Lecce;Spal;2;1;1;1;0,2803;0,4642;0,2555
56199;2020-02-15;T19-20;SP2;Elche;Zaragoza;1;2;2;1;0,2875;0,4186;0,2939
56198;2020-02-15;T19-20;SP2;Oviedo;Alcorcon;1;2;2;1;0,3115;0,4595;0,229
56197;2020-02-15;T19-20;SP2;Numancia;Las Palmas;1;1;0;1;0,2371;0,4195;0,3433
56196;2020-02-15;T19-20;SP2;Huesca;Almeria;3;2;1;1;0,2455;0,4546;0,2998
44363;2020-02-15;T19-20;SP1;Granada;Valladolid;2;1;1;1;0,2595;0,4331;0,3074
44362;2020-02-15;T19-20;SP1;Villarreal;Levante;2;1;1;1;0,2643;0,5264;0,2093
44361;2020-02-15;T19-20;SP1;Barcelona;Getafe;2;1;1;1;0,1423;0,7444;0,1133
44360;2020-02-15;T19-20;SP1;Mallorca;Alaves;1;0;1;2;0,2817;0,3513;0,367
34373;2020-02-15;T19-20;I1;Atalanta;Roma;2;1;1;1;0,2439;0,551;0,2052
34372;2020-02-15;T19-20;I1;Bologna;Genoa;0;3;2;1;0,2166;0,5802;0,2032
26077;2020-02-15;T19-20;F1;Toulouse;Nice;0;2;2;2;0,2755;0,3119;0,4125
26075;2020-02-15;T19-20;F1;Nantes;Metz;0;0;0;1;0,2895;0,4642;0,2463
26074;2020-02-15;T19-20;F1;Bordeaux;Dijon;2;2;0;1;0,288;0,4489;0,2631
26073;2020-02-15;T19-20;F1;Amiens;Paris SG;4;4;0;2;0,126;0,0829;0,7911
15807;2020-02-15;T19-20;E0;Norwich;Liverpool;0;1;2;2;0,1692;0,1327;0,6982
15806;2020-02-15;T19-20;E0;Southampton;Burnley;1;2;2;1;0,2817;0,4906;0,2277
5880;2020-02-15;T19-20;D1;Fortuna Dusseldorf;M'gladbach;1;4;2;2;0,2631;0,3063;0,4306
5879;2020-02-15;T19-20;D1;Union Berlin;Leverkusen;2;3;2;2;0,2732;0,2682;0,4586
5878;2020-02-15;T19-20;D1;RB Leipzig;Werder Bremen;3;0;1;1;0,2157;0,6804;0,1039
5877;2020-02-15;T19-20;D1;Paderborn;Hertha;1;2;2;1;0,2752;0,4272;0,2976
5876;2020-02-15;T19-20;D1;Hoffenheim;Wolfsburg;2;3;2;1;0,2668;0,5563;0,1769
5875;2020-02-15;T19-20;D1;Augsburg;Freiburg;1;1;0;1;0,2976;0,427;0,2754
26076;2020-02-15;T19-20;F1;Nimes;Angers;1;0;1;1;0,2926;0,4629;0,2445
34379;2020-02-16;T19-20;I1;Lazio;Inter;2;1;1;1;0,2416;0,4566;0,3019
44364;2020-02-16;T19-20;SP1;Sevilla;Espanol;2;2;0;1;0,2429;0,5923;0,1648
44365;2020-02-16;T19-20;SP1;Leganes;Betis;0;0;0;1;0,2468;0,4121;0,3411
44366;2020-02-16;T19-20;SP1;Ath Bilbao;Osasuna;0;1;2;1;0,2381;0,4788;0,2831
44367;2020-02-16;T19-20;SP1;Real Madrid;Celta;2;2;0;1;0,2118;0,6949;0,0933
56204;2020-02-16;T19-20;SP2;Santander;Sp Gijon;0;2;2;2;0,3308;0,3169;0,3523
56201;2020-02-16;T19-20;SP2;Mirandes;Albacete;1;1;0;1;0,299;0,4502;0,2508
56205;2020-02-16;T19-20;SP2;Tenerife;Vallecano;0;0;0;1;0,2744;0,3755;0,35
56202;2020-02-16;T19-20;SP2;Cadiz;Malaga;0;1;2;1;0,3022;0,4774;0,2205
56203;2020-02-16;T19-20;SP2;Ponferradina;Extremadura;0;0;0;1;0,2792;0,4651;0,2557
56200;2020-02-16;T19-20;SP2;Fuenlabrada;Lugo;0;1;2;1;0,2784;0,506;0,2155
34378;2020-02-16;T19-20;I1;Cagliari;Napoli;0;1;2;2;0,2651;0,2738;0,4611
15809;2020-02-16;T19-20;E0;Arsenal;Newcastle;4;0;1;1;0,2625;0,5568;0,1807
34376;2020-02-16;T19-20;I1;Sampdoria;Fiorentina;1;5;2;1;0,2466;0,4684;0,285
34375;2020-02-16;T19-20;I1;Juventus;Brescia;2;0;1;1;0,1269;0,8277;0,0454
34374;2020-02-16;T19-20;I1;Udinese;Verona;0;0;0;1;0,2714;0,4519;0,2767
26081;2020-02-16;T19-20;F1;Lille;Marseille;1;2;2;1;0,2351;0,4285;0,3364
26080;2020-02-16;T19-20;F1;Reims;Rennes;1;0;1;1;0,291;0,3892;0,3198
26079;2020-02-16;T19-20;F1;Brest;St Etienne;3;2;1;1;0,3316;0,3872;0,2811
26078;2020-02-16;T19-20;F1;Lyon;Strasbourg;1;1;0;1;0,248;0,6069;0,1451
15808;2020-02-16;T19-20;E0;Aston Villa;Tottenham;2;3;2;2;0,2875;0,3025;0,4099
5882;2020-02-16;T19-20;D1;Mainz;Schalke 04;0;0;0;1;0,3189;0,4049;0,2761
5881;2020-02-16;T19-20;D1;FC Koln;Bayern Munich;1;4;2;2;0,1659;0,1579;0,6763
34377;2020-02-16;T19-20;I1;Sassuolo;Parma;0;1;2;1;0,2778;0,4975;0,2247
34380;2020-02-17;T19-20;I1;Milan;Torino;1;0;1;1;0,2394;0,5945;0,1661
56206;2020-02-19;T19-20;SP2;Mirandes;Zaragoza;1;1;0;2;0,2368;0,3806;0,3826
56207;2020-02-21;T19-20;SP2;Sp Gijon;Cadiz;1;0;1;1;0,2762;0,4332;0,2906
44368;2020-02-21;T19-20;SP1;Betis;Mallorca;3;3;0;1;0,286;0,4932;0,2208
34381;2020-02-21;T19-20;I1;Brescia;Napoli;1;2;2;2;0,179;0,1477;0,6732
26082;2020-02-21;T19-20;F1;Nice;Brest;2;2;0;1;0,2876;0,4876;0,2248
5883;2020-02-21;T19-20;D1;Bayern Munich;Paderborn;3;2;1;1;0,1249;0,8192;0,056
26083;2020-02-21;T19-20;F1;Metz;Lyon;0;2;2;2;0,2397;0,2759;0,4843
34382;2020-02-22;T19-20;I1;Bologna;Udinese;1;1;0;1;0,2489;0,5019;0,2493
34383;2020-02-22;T19-20;I1;Spal;Juventus;1;2;2;2;0,206;0,1507;0,6434
34384;2020-02-22;T19-20;I1;Fiorentina;Milan;1;1;0;1;0,2399;0,4259;0,3342
44369;2020-02-22;T19-20;SP1;Celta;Leganes;1;0;1;1;0,2541;0,4799;0,266
44370;2020-02-22;T19-20;SP1;Barcelona;Eibar;5;0;1;1;0,1042;0,8216;0,0742
44371;2020-02-22;T19-20;SP1;Sociedad;Valencia;3;0;1;1;0,2774;0,4155;0,3071
44372;2020-02-22;T19-20;SP1;Levante;Real Madrid;1;0;1;2;0,1724;0,1861;0,6415
56209;2020-02-22;T19-20;SP2;Almeria;Fuenlabrada;0;0;0;1;0,3382;0,4205;0,2413
56210;2020-02-22;T19-20;SP2;Girona;Ponferradina;2;0;1;1;0,3162;0,5036;0,1802
56211;2020-02-22;T19-20;SP2;Tenerife;Elche;1;0;1;1;0,2626;0,4724;0,2649
56212;2020-02-22;T19-20;SP2;Albacete;Numancia;2;1;1;1;0,3359;0,4088;0,2553
26088;2020-02-22;T19-20;F1;Strasbourg;Amiens;0;0;0;1;0,2946;0,512;0,1934
56208;2020-02-22;T19-20;SP2;Alcorcon;Las Palmas;1;1;0;1;0,2796;0,446;0,2743
26087;2020-02-22;T19-20;F1;Lille;Toulouse;3;0;1;1;0,2301;0,6175;0,1525
5885;2020-02-22;T19-20;D1;Hertha;FC Koln;0;5;2;1;0,267;0,4671;0,2659
26085;2020-02-22;T19-20;F1;Angers;Montpellier;1;0;1;1;0,277;0,4054;0,3176
5884;2020-02-22;T19-20;D1;Freiburg;Fortuna Dusseldorf;0;2;2;1;0,2706;0,5233;0,2061
5886;2020-02-22;T19-20;D1;M'gladbach;Hoffenheim;1;1;0;1;0,2298;0,5399;0,2303
5887;2020-02-22;T19-20;D1;Werder Bremen;Dortmund;0;2;2;2;0,2362;0,2304;0,5334
5888;2020-02-22;T19-20;D1;Schalke 04;RB Leipzig;0;5;2;2;0,2193;0,2436;0,5371
15812;2020-02-22;T19-20;E0;Chelsea;Tottenham;2;1;1;1;0,2697;0,4698;0,2605
26086;2020-02-22;T19-20;F1;Dijon;Monaco;1;1;0;2;0,2364;0,3178;0,4459
15814;2020-02-22;T19-20;E0;Crystal Palace;Newcastle;1;0;1;1;0,2878;0,4454;0,2668
15815;2020-02-22;T19-20;E0;Sheffield United;Brighton;1;1;0;1;0,2731;0,5007;0,2262
15816;2020-02-22;T19-20;E0;Southampton;Aston Villa;2;0;1;1;0,2531;0,5011;0,2457
15817;2020-02-22;T19-20;E0;Leicester;Man City;0;1;2;2;0,1713;0,2876;0,5411
26084;2020-02-22;T19-20;F1;Marseille;Nantes;1;3;2;1;0,2673;0,595;0,1378
15813;2020-02-22;T19-20;E0;Burnley;Bournemouth;3;0;1;1;0,2987;0,4304;0,2709
44374;2020-02-23;T19-20;SP1;Alaves;Ath Bilbao;2;1;1;1;0,2949;0,3854;0,3196
56217;2020-02-23;T19-20;SP2;Vallecano;Huesca;2;0;1;1;0,2571;0,4385;0,3044
56216;2020-02-23;T19-20;SP2;Malaga;Santander;2;0;1;1;0,2486;0,5923;0,1591
56215;2020-02-23;T19-20;SP2;Extremadura;Mirandes;3;2;1;1;0,2641;0,4487;0,2872
56214;2020-02-23;T19-20;SP2;Zaragoza;La Coruna;3;1;1;1;0,2867;0,5503;0,163
56213;2020-02-23;T19-20;SP2;Lugo;Oviedo;1;0;1;1;0,3224;0,3727;0,3049
44377;2020-02-23;T19-20;SP1;Ath Madrid;Villarreal;3;1;1;1;0,2402;0,5367;0,223
44376;2020-02-23;T19-20;SP1;Getafe;Sevilla;0;3;2;1;0,2456;0,4004;0,354
44375;2020-02-23;T19-20;SP1;Valladolid;Espanol;2;1;1;1;0,2672;0,4341;0,2987
44373;2020-02-23;T19-20;SP1;Osasuna;Granada;0;3;2;1;0,3204;0,4853;0,1943
26089;2020-02-23;T19-20;F1;St Etienne;Reims;1;1;0;1;0,3067;0,4899;0,2034
34385;2020-02-23;T19-20;I1;Genoa;Lazio;2;3;2;2;0,1972;0,2134;0,5894
26091;2020-02-23;T19-20;F1;Paris SG;Bordeaux;4;3;1;1;0,1672;0,7555;0,0773
26090;2020-02-23;T19-20;F1;Rennes;Nimes;2;1;1;1;0,2675;0,5143;0,2182
15820;2020-02-23;T19-20;E0;Arsenal;Everton;3;2;1;1;0,2878;0,4832;0,229
15819;2020-02-23;T19-20;E0;Wolves;Norwich;3;0;1;1;0,2679;0,5528;0,1793
15818;2020-02-23;T19-20;E0;Man United;Watford;3;0;1;1;0,2537;0,6271;0,1192
5890;2020-02-23;T19-20;D1;Wolfsburg;Mainz;4;0;1;1;0,2494;0,5576;0,1931
5889;2020-02-23;T19-20;D1;Leverkusen;Augsburg;2;0;1;1;0,2111;0,6822;0,1067
34386;2020-02-23;T19-20;I1;Roma;Lecce;4;0;1;1;0,1712;0,7103;0,1185
5891;2020-02-24;T19-20;D1;Ein Frankfurt;Union Berlin;1;2;2;1;0,2581;0,4859;0,2559
15821;2020-02-24;T19-20;E0;Liverpool;West Ham;3;2;1;1;0,115;0,8433;0,0417
56218;2020-02-28;T19-20;SP2;Las Palmas;Malaga;1;1;0;1;0,3226;0,3938;0,2835
44378;2020-02-28;T19-20;SP1;Sociedad;Valladolid;1;0;1;1;0,2782;0,5208;0,201
26092;2020-02-28;T19-20;F1;Nimes;Marseille;2;3;2;2;0,2335;0,3452;0,4212
15822;2020-02-28;T19-20;E0;Norwich;Leicester;1;0;1;2;0,2159;0,1946;0,5895
5892;2020-02-28;T19-20;D1;Fortuna Dusseldorf;Hertha;3;3;0;1;0,3004;0,4401;0,2596
56223;2020-02-29;T19-20;SP2;Santander;Zaragoza;2;2;0;2;0,2486;0,3165;0,4349
56222;2020-02-29;T19-20;SP2;Albacete;Vallecano;1;1;0;1;0,2754;0,3669;0,3578
56221;2020-02-29;T19-20;SP2;Cadiz;Almeria;2;1;1;1;0,2556;0,4692;0,2751
56220;2020-02-29;T19-20;SP2;Ponferradina;Sp Gijon;1;0;1;1;0,324;0,3773;0,2986
56219;2020-02-29;T19-20;SP2;Huesca;Extremadura;2;2;0;1;0,238;0,5498;0,2122
44382;2020-02-29;T19-20;SP1;Granada;Celta;0;0;0;1;0,2934;0,4065;0,3001
44381;2020-02-29;T19-20;SP1;Leganes;Alaves;1;1;0;1;0,2517;0,4367;0,3117
44380;2020-02-29;T19-20;SP1;Valencia;Betis;2;1;1;1;0,2776;0,4828;0,2396
44379;2020-02-29;T19-20;SP1;Eibar;Levante;3;0;1;1;0,2523;0,4493;0,2985
34388;2020-02-29;T19-20;I1;Napoli;Torino;2;1;1;1;0,1991;0,6783;0,1226
26098;2020-02-29;T19-20;F1;Toulouse;Rennes;0;2;2;2;0,282;0,2958;0,4222
26097;2020-02-29;T19-20;F1;Montpellier;Strasbourg;3;0;1;1;0,2817;0,4581;0,2602
26096;2020-02-29;T19-20;F1;Monaco;Reims;1;1;0;1;0,2913;0,4843;0,2244
34387;2020-02-29;T19-20;I1;Lazio;Bologna;2;0;1;1;0,2189;0,6852;0,096
26094;2020-02-29;T19-20;F1;Amiens;Metz;0;1;2;1;0,2668;0,4667;0,2665
5893;2020-02-29;T19-20;D1;Augsburg;M'gladbach;2;3;2;2;0,2428;0,283;0,4742
5894;2020-02-29;T19-20;D1;Dortmund;Freiburg;1;0;1;1;0,1906;0,7143;0,0952
26095;2020-02-29;T19-20;F1;Brest;Angers;0;1;2;1;0,2916;0,4513;0,2571
5896;2020-02-29;T19-20;D1;Mainz;Paderborn;2;0;1;1;0,2344;0,5705;0,195
5897;2020-02-29;T19-20;D1;FC Koln;Schalke 04;3;0;1;1;0,3091;0,4416;0,2493
15823;2020-02-29;T19-20;E0;Brighton;Crystal Palace;0;1;2;1;0,3086;0,3809;0,3105
5895;2020-02-29;T19-20;D1;Hoffenheim;Bayern Munich;0;6;2;2;0,2423;0,2186;0,5391
15825;2020-02-29;T19-20;E0;Newcastle;Burnley;0;0;0;1;0,3002;0,4275;0,2723
15826;2020-02-29;T19-20;E0;West Ham;Southampton;3;1;1;1;0,2618;0,4178;0,3204
15827;2020-02-29;T19-20;E0;Watford;Liverpool;3;0;1;2;0,1507;0,1366;0,7127
26093;2020-02-29;T19-20;F1;Paris SG;Dijon;4;0;1;1;0,1512;0,7825;0,0663
15824;2020-02-29;T19-20;E0;Bournemouth;Chelsea;2;2;0;2;0,206;0,2778;0,5162
44384;2020-03-01;T19-20;SP1;Ath Bilbao;Villarreal;1;0;1;1;0,2789;0,3779;0,3432
56227;2020-03-01;T19-20;SP2;Fuenlabrada;Alcorcon;3;4;2;1;0,2598;0,4665;0,2737
56226;2020-03-01;T19-20;SP2;La Coruna;Lugo;0;0;0;1;0,2614;0,4697;0,269
56225;2020-03-01;T19-20;SP2;Elche;Numancia;2;0;1;1;0,2832;0,4049;0,3119
56224;2020-03-01;T19-20;SP2;Mirandes;Girona;1;1;0;2;0,2709;0,346;0,3831
44387;2020-03-01;T19-20;SP1;Real Madrid;Barcelona;2;0;1;2;0,2327;0,3753;0,3919
56228;2020-03-01;T19-20;SP2;Oviedo;Tenerife;1;0;1;1;0,3326;0,4061;0,2612
44385;2020-03-01;T19-20;SP1;Espanol;Ath Madrid;1;1;0;2;0,2245;0,2721;0,5034
44383;2020-03-01;T19-20;SP1;Sevilla;Osasuna;3;2;1;1;0,231;0,6115;0,1575
44386;2020-03-01;T19-20;SP1;Mallorca;Getafe;0;1;2;2;0,2512;0,3598;0,389
34389;2020-03-01;T19-20;I1;Lecce;Atalanta;2;7;2;2;0,2663;0,2172;0,5165
26101;2020-03-01;T19-20;F1;Lyon;St Etienne;2;0;1;1;0,2473;0,615;0,1377
26100;2020-03-01;T19-20;F1;Bordeaux;Nice;1;1;0;1;0,2956;0,3549;0,3495
26099;2020-03-01;T19-20;F1;Nantes;Lille;0;1;2;2;0,2588;0,3379;0,4033
15829;2020-03-01;T19-20;E0;Tottenham;Wolves;2;3;2;1;0,2908;0,519;0,1902
15828;2020-03-01;T19-20;E0;Everton;Man United;1;1;0;1;0,2654;0,4017;0,3329
5899;2020-03-01;T19-20;D1;RB Leipzig;Leverkusen;1;1;0;1;0,2239;0,5546;0,2215
5898;2020-03-01;T19-20;D1;Union Berlin;Wolfsburg;2;2;0;1;0,2937;0,3998;0,3064
34390;2020-03-01;T19-20;I1;Cagliari;Roma;3;4;2;2;0,2185;0,2953;0,4862
44388;2020-03-06;T19-20;SP1;Alaves;Valencia;1;1;0;2;0,2769;0,3513;0,3717
56229;2020-03-06;T19-20;SP2;Lugo;Cadiz;1;1;0;2;0,2557;0,3419;0,4023
5900;2020-03-06;T19-20;D1;Paderborn;FC Koln;1;2;2;1;0,2632;0,3775;0,3593
26102;2020-03-06;T19-20;F1;Marseille;Amiens;2;2;0;1;0,2495;0,6522;0,0983
26105;2020-03-07;T19-20;F1;Metz;Nimes;2;1;1;1;0,2758;0,4255;0,2986
56234;2020-03-07;T19-20;SP2;Almeria;La Coruna;4;0;1;1;0,301;0,4407;0,2583
56233;2020-03-07;T19-20;SP2;Numancia;Santander;1;2;2;1;0,2832;0,4627;0,2541
56232;2020-03-07;T19-20;SP2;Huesca;Fuenlabrada;2;0;1;1;0,2558;0,5702;0,174
56231;2020-03-07;T19-20;SP2;Girona;Albacete;1;1;0;1;0,2771;0,5544;0,1685
56230;2020-03-07;T19-20;SP2;Extremadura;Oviedo;1;2;2;1;0,25;0,4756;0,2743
44392;2020-03-07;T19-20;SP1;Getafe;Celta;0;0;0;1;0,2698;0,4927;0,2375
44391;2020-03-07;T19-20;SP1;Barcelona;Sociedad;1;0;1;1;0,1972;0,6943;0,1085
44390;2020-03-07;T19-20;SP1;Ath Madrid;Sevilla;2;2;0;1;0,2351;0,4751;0,2897
44389;2020-03-07;T19-20;SP1;Eibar;Mallorca;1;2;2;1;0,2463;0,5082;0,2455
26107;2020-03-07;T19-20;F1;Reims;Brest;1;0;1;1;0,2981;0,4359;0,266
26106;2020-03-07;T19-20;F1;Nice;Monaco;2;1;1;1;0,2438;0,3914;0,3647
26104;2020-03-07;T19-20;F1;Dijon;Toulouse;2;1;1;1;0,2586;0,4655;0,2759
15835;2020-03-07;T19-20;E0;Wolves;Brighton;0;0;0;1;0,2787;0,526;0,1953
15836;2020-03-07;T19-20;E0;Burnley;Tottenham;1;1;0;2;0,2629;0,2609;0,4762
5901;2020-03-07;T19-20;D1;Freiburg;Union Berlin;3;1;1;1;0,2804;0,478;0,2416
5902;2020-03-07;T19-20;D1;Hertha;Werder Bremen;2;2;0;1;0,3107;0,4438;0,2455
26103;2020-03-07;T19-20;F1;Angers;Nantes;2;0;1;1;0,3178;0,4407;0,2414
5904;2020-03-07;T19-20;D1;Schalke 04;Hoffenheim;1;1;0;1;0,23;0,4096;0,3604
5905;2020-03-07;T19-20;D1;Wolfsburg;RB Leipzig;0;0;0;2;0,2349;0,2849;0,4801
5906;2020-03-07;T19-20;D1;M'gladbach;Dortmund;1;2;2;2;0,2838;0,3368;0,3794
5903;2020-03-07;T19-20;D1;Leverkusen;Ein Frankfurt;4;0;1;1;0,2298;0,6232;0,147
15831;2020-03-07;T19-20;E0;Arsenal;West Ham;1;0;1;1;0,2743;0,5663;0,1593
15832;2020-03-07;T19-20;E0;Crystal Palace;Watford;1;0;1;1;0,282;0,4724;0,2455
15833;2020-03-07;T19-20;E0;Sheffield United;Norwich;1;0;1;1;0,2588;0,558;0,1832
15834;2020-03-07;T19-20;E0;Southampton;Newcastle;0;1;2;1;0,2882;0,4805;0,2313
15830;2020-03-07;T19-20;E0;Liverpool;Bournemouth;2;1;1;1;0,107;0,8568;0,0362
44395;2020-03-08;T19-20;SP1;Levante;Granada;1;1;0;1;0,2939;0,4832;0,2228
56238;2020-03-08;T19-20;SP2;Sp Gijon;Las Palmas;4;0;1;1;0,2489;0,4851;0,2659
56239;2020-03-08;T19-20;SP2;Tenerife;Ponferradina;1;0;1;1;0,2839;0,4776;0,2385
56237;2020-03-08;T19-20;SP2;Alcorcon;Mirandes;1;2;2;1;0,3151;0,4648;0,2201
56236;2020-03-08;T19-20;SP2;Malaga;Zaragoza;0;1;2;1;0,2885;0,4872;0,2243
56235;2020-03-08;T19-20;SP2;Vallecano;Elche;2;3;2;1;0,2313;0,5171;0,2515
44397;2020-03-08;T19-20;SP1;Betis;Real Madrid;2;1;1;2;0,235;0,2053;0,5598
44396;2020-03-08;T19-20;SP1;Villarreal;Leganes;1;2;2;1;0,2404;0,5211;0,2385
44394;2020-03-08;T19-20;SP1;Valladolid;Ath Bilbao;1;4;2;1;0,2755;0,3807;0,3439
5908;2020-03-08;T19-20;D1;Mainz;Fortuna Dusseldorf;1;1;0;1;0,2616;0,5326;0,2058
34394;2020-03-08;T19-20;I1;Udinese;Fiorentina;0;0;0;1;0,2649;0,3941;0,341
5907;2020-03-08;T19-20;D1;Bayern Munich;Augsburg;2;0;1;1;0,1119;0,8274;0,0607
15837;2020-03-08;T19-20;E0;Chelsea;Everton;4;0;1;1;0,2462;0,5946;0,1592
15838;2020-03-08;T19-20;E0;Man United;Man City;2;0;1;2;0,1931;0,3276;0,4793
44393;2020-03-08;T19-20;SP1;Osasuna;Espanol;1;0;1;1;0,3323;0,4537;0,214
26109;2020-03-08;T19-20;F1;Rennes;Montpellier;5;0;1;1;0,2816;0,4621;0,2563
26110;2020-03-08;T19-20;F1;Lille;Lyon;1;0;1;1;0,2395;0,4282;0,3324
34392;2020-03-08;T19-20;I1;Milan;Genoa;1;2;2;1;0,2431;0,616;0,1409
26108;2020-03-08;T19-20;F1;St Etienne;Bordeaux;1;1;0;1;0,3062;0,4627;0,2311
44398;2020-03-10;T19-20;SP1;Eibar;Sociedad;1;2;2;2;0,2554;0,3444;0,4002
5909;2020-03-11;T19-20;D1;M'gladbach;FC Koln;2;1;1;1;0,2291;0,6365;0,1344
5928;2020-05-26;T19-20;D1;Dortmund;Bayern Munich;0;1;2;2;0,1641;0,3297;0,5062
5929;2020-05-26;T19-20;D1;Ein Frankfurt;Freiburg;3;3;0;1;0,2692;0,4728;0,258
5930;2020-05-26;T19-20;D1;Leverkusen;Wolfsburg;1;4;2;1;0,2224;0,6296;0,148
5931;2020-05-26;T19-20;D1;Werder Bremen;M'gladbach;0;0;0;2;0,2631;0,2925;0,4443
5935;2020-05-27;T19-20;D1;Hoffenheim;FC Koln;3;1;1;1;0,2685;0,5557;0,1759
5936;2020-05-27;T19-20;D1;Union Berlin;Mainz;1;1;0;1;0,27;0,466;0,264
5933;2020-05-27;T19-20;D1;Augsburg;Paderborn;0;0;0;1;0,2325;0,5095;0,258
5932;2020-05-27;T19-20;D1;RB Leipzig;Hertha;2;2;0;1;0,1766;0,7482;0,0753
5934;2020-05-27;T19-20;D1;Fortuna Dusseldorf;Schalke 04;2;1;1;1;0,3012;0,4025;0,2964
5937;2020-05-29;T19-20;D1;Freiburg;Leverkusen;0;1;2;2;0,2339;0,271;0,4951
5938;2020-05-30;T19-20;D1;Hertha;Augsburg;2;0;1;1;0,3195;0,4821;0,1983
5939;2020-05-30;T19-20;D1;Mainz;Hoffenheim;0;1;2;2;0,2535;0,3674;0,3791
5940;2020-05-30;T19-20;D1;Schalke 04;Werder Bremen;0;1;2;1;0,2769;0,4519;0,2713
5941;2020-05-30;T19-20;D1;Wolfsburg;Ein Frankfurt;1;2;2;1;0,2693;0,5482;0,1825
5942;2020-05-30;T19-20;D1;Bayern Munich;Fortuna Dusseldorf;5;0;1;1;0,1078;0,8321;0,06
5943;2020-05-31;T19-20;D1;M'gladbach;Union Berlin;4;1;1;1;0,2136;0,6672;0,1192
5944;2020-05-31;T19-20;D1;Paderborn;Dortmund;1;6;2;2;0,1961;0,1541;0,6499
5945;2020-06-01;T19-20;D1;FC Koln;RB Leipzig;2;4;2;2;0,2242;0,2427;0,5331
5946;2020-06-03;T19-20;D1;Werder Bremen;Ein Frankfurt;0;3;2;1;0,2764;0,4625;0,2611
5947;2020-06-05;T19-20;D1;Freiburg;M'gladbach;1;0;1;2;0,2532;0,2736;0,4732
5952;2020-06-06;T19-20;D1;Dortmund;Hertha;1;0;1;1;0,1974;0,7187;0,084
5951;2020-06-06;T19-20;D1;RB Leipzig;Paderborn;1;1;0;1;0,1568;0,7797;0,0635
5948;2020-06-06;T19-20;D1;Ein Frankfurt;Mainz;0;2;2;1;0,2461;0,5797;0,1743
5949;2020-06-06;T19-20;D1;Fortuna Dusseldorf;Hoffenheim;2;2;0;2;0,2465;0,3698;0,3836
5950;2020-06-06;T19-20;D1;Leverkusen;Bayern Munich;2;4;2;2;0,1569;0,2487;0,5943
5953;2020-06-07;T19-20;D1;Werder Bremen;Wolfsburg;0;1;2;1;0,2753;0,3984;0,3263
5954;2020-06-07;T19-20;D1;Union Berlin;Schalke 04;1;1;0;1;0,3086;0,3916;0,2999
5955;2020-06-07;T19-20;D1;Augsburg;FC Koln;1;1;0;1;0,2432;0,4472;0,3096
5956;2020-06-12;T19-20;D1;Hoffenheim;RB Leipzig;0;2;2;2;0,2819;0,2688;0,4493
5957;2020-06-13;T19-20;D1;FC Koln;Union Berlin;1;2;2;1;0,2705;0,5024;0,2271
5958;2020-06-13;T19-20;D1;Fortuna Dusseldorf;Dortmund;0;1;2;2;0,2115;0,171;0,6175
5959;2020-06-13;T19-20;D1;Hertha;Ein Frankfurt;1;4;2;1;0,2968;0,4676;0,2356
5960;2020-06-13;T19-20;D1;Paderborn;Werder Bremen;1;5;2;1;0,2529;0,4312;0,3159
5961;2020-06-13;T19-20;D1;Wolfsburg;Freiburg;2;2;0;1;0,2818;0,5268;0,1913
5962;2020-06-13;T19-20;D1;Bayern Munich;M'gladbach;2;1;1;1;0,1467;0,7039;0,1494
5963;2020-06-14;T19-20;D1;Mainz;Augsburg;0;1;2;1;0,3138;0,4495;0,2367
5964;2020-06-14;T19-20;D1;Schalke 04;Leverkusen;1;1;0;2;0,2201;0,2756;0,5043
5967;2020-06-16;T19-20;D1;Union Berlin;Paderborn;1;0;1;1;0,2374;0,5145;0,2481
5968;2020-06-16;T19-20;D1;Werder Bremen;Bayern Munich;0;1;2;2;0,1421;0,1243;0,7337
5965;2020-06-16;T19-20;D1;M'gladbach;Wolfsburg;3;0;1;1;0,2376;0,5665;0,1959
5966;2020-06-16;T19-20;D1;Freiburg;Hertha;2;1;1;1;0,2839;0,4878;0,2283
5969;2020-06-17;T19-20;D1;Ein Frankfurt;Schalke 04;2;1;1;1;0,2902;0,5145;0,1953
5970;2020-06-17;T19-20;D1;Augsburg;Hoffenheim;1;3;2;1;0,2504;0,4174;0,3322
5971;2020-06-17;T19-20;D1;Dortmund;Mainz;0;2;2;1;0,1644;0,7558;0,0797
5972;2020-06-17;T19-20;D1;Leverkusen;FC Koln;3;1;1;1;0,225;0,6463;0,1287
5973;2020-06-17;T19-20;D1;RB Leipzig;Fortuna Dusseldorf;2;2;0;1;0,1899;0,7303;0,0798
56263;2020-06-19;T19-20;SP2;Elche;Girona;1;0;1;2;0,272;0,355;0,3729
44421;2020-06-19;T19-20;SP1;Sevilla;Barcelona;0;0;0;2;0,2159;0,2482;0,5359
44419;2020-06-19;T19-20;SP1;Granada;Villarreal;0;1;2;2;0,2402;0,3788;0,381
44420;2020-06-19;T19-20;SP1;Mallorca;Leganes;1;1;0;1;0,2662;0,4227;0,3111
44422;2020-06-20;T19-20;SP1;Espanol;Levante;1;3;2;1;0,3323;0,4315;0,2362
56267;2020-06-20;T19-20;SP2;Malaga;Extremadura;1;1;0;1;0,2135;0,5258;0,2607
56266;2020-06-20;T19-20;SP2;Zaragoza;Almeria;0;2;2;1;0,2996;0,486;0,2144
56264;2020-06-20;T19-20;SP2;La Coruna;Vallecano;3;3;0;2;0,2706;0,3632;0,3662
44425;2020-06-20;T19-20;SP1;Ath Madrid;Valladolid;1;0;1;1;0,2326;0,6424;0,125
44424;2020-06-20;T19-20;SP1;Getafe;Eibar;1;1;0;1;0,2691;0,5048;0,2261
44423;2020-06-20;T19-20;SP1;Ath Bilbao;Betis;1;0;1;1;0,2776;0,4554;0,267
5982;2020-06-20;T19-20;D1;Schalke 04;Wolfsburg;1;4;2;2;0,2899;0,333;0,3771
56265;2020-06-20;T19-20;SP2;Las Palmas;Lugo;1;0;1;1;0,2577;0,4415;0,3008
5980;2020-06-20;T19-20;D1;Paderborn;M'gladbach;1;3;2;2;0,2416;0,2286;0,5299
5979;2020-06-20;T19-20;D1;Mainz;Werder Bremen;3;1;1;1;0,3132;0,4605;0,2263
5978;2020-06-20;T19-20;D1;Hoffenheim;Union Berlin;4;0;1;1;0,2824;0,5507;0,167
5977;2020-06-20;T19-20;D1;Hertha;Leverkusen;2;0;1;2;0,2356;0,2863;0,4781
5976;2020-06-20;T19-20;D1;Fortuna Dusseldorf;Augsburg;1;1;0;1;0,3047;0,4352;0,2601
5975;2020-06-20;T19-20;D1;FC Koln;Ein Frankfurt;1;1;0;1;0,2438;0,4726;0,2836
5974;2020-06-20;T19-20;D1;Bayern Munich;Freiburg;3;1;1;1;0,1464;0,7784;0,0752
5981;2020-06-20;T19-20;D1;RB Leipzig;Dortmund;0;2;2;1;0,2227;0,419;0,3583
56272;2020-06-21;T19-20;SP2;Fuenlabrada;Numancia;2;0;1;1;0,2456;0,397;0,3574
56271;2020-06-21;T19-20;SP2;Cadiz;Alcorcon;1;1;0;1;0,2382;0,563;0,1988
56270;2020-06-21;T19-20;SP2;Albacete;Huesca;2;2;0;2;0,2541;0,37;0,3759
56269;2020-06-21;T19-20;SP2;Santander;Tenerife;1;2;2;2;0,3134;0,3016;0,385
44428;2020-06-21;T19-20;SP1;Sociedad;Real Madrid;1;2;2;2;0,1836;0,2047;0,6117
44427;2020-06-21;T19-20;SP1;Valencia;Osasuna;2;0;1;1;0,2516;0,5339;0,2146
44426;2020-06-21;T19-20;SP1;Celta;Alaves;6;0;1;1;0,3053;0,4203;0,2744
56268;2020-06-21;T19-20;SP2;Mirandes;Ponferradina;1;2;2;1;0,2905;0,4367;0,2728
44429;2020-06-22;T19-20;SP1;Villarreal;Sevilla;2;2;0;1;0,2473;0,4067;0,346
44430;2020-06-22;T19-20;SP1;Leganes;Granada;0;0;0;1;0,2472;0,4209;0,3319
56273;2020-06-22;T19-20;SP2;Sp Gijon;Oviedo;0;1;2;1;0,318;0,4912;0,1909
56276;2020-06-23;T19-20;SP2;Extremadura;Zaragoza;1;2;2;1;0,2505;0,3756;0,3738
56274;2020-06-23;T19-20;SP2;Elche;La Coruna;0;1;2;1;0,2917;0,4447;0,2635
56275;2020-06-23;T19-20;SP2;Lugo;Malaga;0;0;0;1;0,2959;0,372;0,3321
44432;2020-06-23;T19-20;SP1;Valladolid;Getafe;1;1;0;2;0,2531;0,3525;0,3944
44431;2020-06-23;T19-20;SP1;Levante;Ath Madrid;0;1;2;2;0,2711;0,2984;0,4305
44433;2020-06-23;T19-20;SP1;Barcelona;Ath Bilbao;1;0;1;1;0,2116;0,6781;0,1103
44434;2020-06-24;T19-20;SP1;Alaves;Osasuna;0;1;2;1;0,2879;0,4289;0,2832
44435;2020-06-24;T19-20;SP1;Sociedad;Celta;0;1;2;1;0,2776;0,4254;0,297
44436;2020-06-24;T19-20;SP1;Real Madrid;Mallorca;2;0;1;1;0,1726;0,7607;0,0667
56277;2020-06-24;T19-20;SP2;Girona;Numancia;2;0;1;1;0,2559;0,4785;0,2655
56278;2020-06-24;T19-20;SP2;Huesca;Cadiz;1;1;0;1;0,2423;0,523;0,2347
56279;2020-06-24;T19-20;SP2;Tenerife;Mirandes;4;1;1;1;0,295;0,4937;0,2113
56280;2020-06-24;T19-20;SP2;Albacete;Las Palmas;0;0;0;1;0,237;0,4426;0,3204
56281;2020-06-24;T19-20;SP2;Ponferradina;Santander;1;1;0;1;0,2598;0,526;0,2142
56284;2020-06-25;T19-20;SP2;Oviedo;Fuenlabrada;0;0;0;1;0,2886;0,5212;0,1902
56283;2020-06-25;T19-20;SP2;Vallecano;Sp Gijon;1;1;0;1;0,2628;0,4407;0,2965
44438;2020-06-25;T19-20;SP1;Betis;Espanol;1;0;1;1;0,3029;0,4687;0,2284
44437;2020-06-25;T19-20;SP1;Eibar;Valencia;1;0;1;1;0,2647;0,4276;0,3077
56282;2020-06-25;T19-20;SP2;Almeria;Alcorcon;0;1;2;1;0,2366;0,5266;0,2368
44439;2020-06-26;T19-20;SP1;Sevilla;Valladolid;1;1;0;1;0,2572;0,6086;0,1343
44440;2020-06-27;T19-20;SP1;Ath Bilbao;Mallorca;3;1;1;1;0,2609;0,5231;0,216
56287;2020-06-27;T19-20;SP2;Las Palmas;Elche;1;1;0;1;0,24;0,4337;0,3263
56286;2020-06-27;T19-20;SP2;Cadiz;Tenerife;0;2;2;1;0,2242;0,4887;0,2871
56285;2020-06-27;T19-20;SP2;La Coruna;Ponferradina;2;1;1;1;0,3142;0,4329;0,2529
56288;2020-06-27;T19-20;SP2;Santander;Albacete;1;2;2;2;0,2913;0,3435;0,3652
44443;2020-06-27;T19-20;SP1;Ath Madrid;Alaves;2;1;1;1;0,2284;0,6624;0,1092
44442;2020-06-27;T19-20;SP1;Osasuna;Leganes;2;1;1;1;0,2947;0,4669;0,2383
44441;2020-06-27;T19-20;SP1;Celta;Barcelona;2;2;0;2;0,161;0,149;0,69
34413;2020-06-27;T19-20;I1;Cagliari;Torino;4;2;1;1;0,2918;0,4463;0,2619
5986;2020-06-27;T19-20;D1;Freiburg;Schalke 04;4;0;1;1;0,3075;0,4565;0,236
5991;2020-06-27;T19-20;D1;Wolfsburg;Bayern Munich;0;4;2;2;0,2193;0,1661;0,6146
5990;2020-06-27;T19-20;D1;Werder Bremen;FC Koln;6;1;1;1;0,2904;0,4867;0,2229
5989;2020-06-27;T19-20;D1;Union Berlin;Fortuna Dusseldorf;3;0;1;1;0,2788;0,4592;0,2621
5988;2020-06-27;T19-20;D1;M'gladbach;Hertha;2;1;1;1;0,2288;0,6496;0,1216
5987;2020-06-27;T19-20;D1;Leverkusen;Mainz;1;0;1;1;0,2196;0,6439;0,1366
5985;2020-06-27;T19-20;D1;Ein Frankfurt;Paderborn;3;2;1;1;0,2297;0,6227;0,1476
5984;2020-06-27;T19-20;D1;Dortmund;Hoffenheim;0;4;2;1;0,2208;0,6478;0,1314
5983;2020-06-27;T19-20;D1;Augsburg;RB Leipzig;1;2;2;2;0,1984;0,2242;0,5774
15862;2020-06-27;T19-20;E0;Aston Villa;Wolves;0;1;2;2;0,2613;0,3432;0,3954
56292;2020-06-28;T19-20;SP2;Numancia;Oviedo;1;0;1;1;0,3218;0,4043;0,2739
56291;2020-06-28;T19-20;SP2;Malaga;Girona;2;0;1;1;0,2499;0,4036;0,3465
56290;2020-06-28;T19-20;SP2;Sp Gijon;Lugo;2;0;1;1;0,3002;0,491;0,2088
56289;2020-06-28;T19-20;SP2;Mirandes;Almeria;2;2;0;1;0,2658;0,4056;0,3286
44447;2020-06-28;T19-20;SP1;Espanol;Real Madrid;0;1;2;2;0,1752;0,153;0,6717
56293;2020-06-28;T19-20;SP2;Fuenlabrada;Extremadura;1;1;0;1;0,2446;0,4491;0,3063
44445;2020-06-28;T19-20;SP1;Villarreal;Valencia;2;0;1;1;0,2825;0,4894;0,2281
44444;2020-06-28;T19-20;SP1;Levante;Betis;4;2;1;1;0,2873;0,4527;0,26
34420;2020-06-28;T19-20;I1;Parma;Inter;1;2;2;2;0,2394;0,241;0,5196
34418;2020-06-28;T19-20;I1;Sassuolo;Verona;3;3;0;1;0,255;0,484;0,261
15863;2020-06-28;T19-20;E0;Watford;Southampton;1;3;2;1;0,2824;0,4205;0,297
44446;2020-06-28;T19-20;SP1;Granada;Eibar;1;2;2;1;0,2842;0,4184;0,2974
15864;2020-06-29;T19-20;E0;Crystal Palace;Burnley;0;1;2;1;0,2884;0,4341;0,2775
44448;2020-06-29;T19-20;SP1;Getafe;Sociedad;2;1;1;1;0,2865;0,4364;0,2772
56294;2020-06-29;T19-20;SP2;Alcorcon;Vallecano;3;2;1;1;0,2732;0,3654;0,3614
56295;2020-06-29;T19-20;SP2;Zaragoza;Huesca;0;1;2;1;0,2799;0,448;0,272
56297;2020-06-30;T19-20;SP2;Elche;Cadiz;0;0;0;2;0,2836;0,357;0,3593
56296;2020-06-30;T19-20;SP2;Tenerife;La Coruna;1;1;0;1;0,2998;0,4778;0,2224
44451;2020-06-30;T19-20;SP1;Barcelona;Ath Madrid;2;2;0;1;0,2344;0,579;0,1866
44450;2020-06-30;T19-20;SP1;Leganes;Sevilla;0;3;2;2;0,252;0,3031;0,4449
44449;2020-06-30;T19-20;SP1;Mallorca;Celta;5;1;1;2;0,272;0,3314;0,3966
34421;2020-06-30;T19-20;I1;Torino;Lazio;1;2;2;2;0,2265;0,2479;0,5256
15865;2020-06-30;T19-20;E0;Brighton;Man United;0;3;2;2;0,2508;0,259;0,4902
34422;2020-06-30;T19-20;I1;Genoa;Juventus;1;3;2;2;0,163;0,1362;0,7008
44453;2020-07-01;T19-20;SP1;Valencia;Ath Bilbao;0;2;2;1;0,2977;0,4196;0,2826
56301;2020-07-01;T19-20;SP2;Extremadura;Santander;3;1;1;1;0,2967;0,4877;0,2156
56300;2020-07-01;T19-20;SP2;Oviedo;Mirandes;1;0;1;1;0,273;0,4787;0,2483
56302;2020-07-01;T19-20;SP2;Ponferradina;Fuenlabrada;0;3;2;1;0,2735;0,4704;0,2561
56299;2020-07-01;T19-20;SP2;Lugo;Numancia;3;1;1;1;0,2913;0,3985;0,3102
56298;2020-07-01;T19-20;SP2;Almeria;Sp Gijon;1;0;1;1;0,2456;0,4321;0,3223
44455;2020-07-01;T19-20;SP1;Valladolid;Levante;0;0;0;1;0,2741;0,4135;0,3123
44454;2020-07-01;T19-20;SP1;Betis;Villarreal;0;2;2;1;0,2776;0,3815;0,3409
44452;2020-07-01;T19-20;SP1;Alaves;Granada;0;2;2;1;0,3167;0,4049;0,2783
15868;2020-07-01;T19-20;E0;Everton;Leicester;2;1;1;1;0,2615;0,3766;0,3619
34427;2020-07-01;T19-20;I1;Spal;Milan;2;2;0;2;0,2289;0,2919;0,4792
34426;2020-07-01;T19-20;I1;Lecce;Sampdoria;1;2;2;1;0,2846;0,4012;0,3142
34425;2020-07-01;T19-20;I1;Fiorentina;Sassuolo;1;3;2;1;0,2352;0,5151;0,2496
34424;2020-07-01;T19-20;I1;Inter;Brescia;6;0;1;1;0,12;0,8124;0,0676
34423;2020-07-01;T19-20;I1;Bologna;Cagliari;1;1;0;1;0,286;0,4703;0,2436
15869;2020-07-01;T19-20;E0;West Ham;Chelsea;3;2;1;2;0,2067;0,2693;0,5239
15867;2020-07-01;T19-20;E0;Bournemouth;Newcastle;1;4;2;1;0,271;0,3783;0,3507
15866;2020-07-01;T19-20;E0;Arsenal;Norwich;4;0;1;1;0,2382;0,6118;0,15
34428;2020-07-01;T19-20;I1;Verona;Parma;3;2;1;1;0,2859;0,4636;0,2505
56305;2020-07-02;T19-20;SP2;Vallecano;Malaga;0;0;0;1;0,2615;0,484;0,2545
56304;2020-07-02;T19-20;SP2;Huesca;Las Palmas;1;0;1;1;0,2162;0,5842;0,1995
56303;2020-07-02;T19-20;SP2;Albacete;Alcorcon;1;1;0;1;0,2486;0,4613;0,2901
44458;2020-07-02;T19-20;SP1;Real Madrid;Getafe;1;0;1;1;0,1752;0,7246;0,1002
44457;2020-07-02;T19-20;SP1;Sociedad;Espanol;2;1;1;1;0,2598;0,4822;0,2581
34430;2020-07-02;T19-20;I1;Roma;Udinese;0;2;2;1;0,2068;0,6667;0,1265
34429;2020-07-02;T19-20;I1;Atalanta;Napoli;2;0;1;1;0,2537;0,5121;0,2343
15871;2020-07-02;T19-20;E0;Man City;Liverpool;4;0;1;1;0,1618;0,4947;0,3435
15870;2020-07-02;T19-20;E0;Sheffield United;Tottenham;3;1;1;2;0,2494;0,2904;0,4601
44456;2020-07-02;T19-20;SP1;Eibar;Osasuna;0;2;2;1;0,2345;0,5022;0,2634
44459;2020-07-03;T19-20;SP1;Ath Madrid;Mallorca;3;0;1;1;0,2387;0,6607;0,1006
56306;2020-07-03;T19-20;SP2;Girona;Zaragoza;1;0;1;1;0,2595;0,4044;0,3361
44461;2020-07-04;T19-20;SP1;Valladolid;Alaves;1;0;1;1;0,2709;0,44;0,2891
56311;2020-07-04;T19-20;SP2;Fuenlabrada;Mirandes;2;2;0;1;0,2794;0,4202;0,3004
56310;2020-07-04;T19-20;SP2;Cadiz;Oviedo;2;0;1;1;0,2765;0,5269;0,1966
56309;2020-07-04;T19-20;SP2;Almeria;Tenerife;1;2;2;1;0,2315;0,4638;0,3046
56308;2020-07-04;T19-20;SP2;Santander;Elche;1;2;2;2;0,223;0,3192;0,4578
56307;2020-07-04;T19-20;SP2;Numancia;Extremadura;1;0;1;1;0,2908;0,4231;0,2861
44462;2020-07-04;T19-20;SP1;Granada;Valencia;2;2;0;1;0,3195;0,4377;0,2429
44460;2020-07-04;T19-20;SP1;Celta;Betis;1;1;0;1;0,2688;0,438;0,2931
34433;2020-07-04;T19-20;I1;Lazio;Milan;0;3;2;1;0,2232;0,5834;0,1935
34432;2020-07-04;T19-20;I1;Sassuolo;Lecce;4;2;1;1;0,2305;0,5655;0,2039
34431;2020-07-04;T19-20;I1;Juventus;Torino;4;1;1;1;0,1227;0,8224;0,0549
15876;2020-07-04;T19-20;E0;Chelsea;Watford;3;0;1;1;0,2068;0,6873;0,1059
15875;2020-07-04;T19-20;E0;Wolves;Arsenal;0;2;2;1;0,2631;0,4028;0,3341
15874;2020-07-04;T19-20;E0;Man United;Bournemouth;5;2;1;1;0,2332;0,6571;0,1097
15873;2020-07-04;T19-20;E0;Leicester;Crystal Palace;3;0;1;1;0,2911;0,5366;0,1722
15872;2020-07-04;T19-20;E0;Norwich;Brighton;0;1;2;2;0,2521;0,3441;0,4038
56315;2020-07-05;T19-20;SP2;Alcorcon;Lugo;2;2;0;1;0,3232;0,4588;0,2179
56314;2020-07-05;T19-20;SP2;Malaga;Albacete;0;0;0;1;0,2337;0,512;0,2543
56313;2020-07-05;T19-20;SP2;Las Palmas;Ponferradina;3;0;1;1;0,2715;0,4573;0,2712
56312;2020-07-05;T19-20;SP2;La Coruna;Huesca;2;1;1;1;0,2838;0,3686;0,3476
44466;2020-07-05;T19-20;SP1;Villarreal;Barcelona;1;4;2;2;0,2046;0,2173;0,5781
44465;2020-07-05;T19-20;SP1;Osasuna;Getafe;0;0;0;1;0,3012;0,4041;0,2947
44464;2020-07-05;T19-20;SP1;Espanol;Leganes;0;1;2;1;0,272;0,4436;0,2844
44463;2020-07-05;T19-20;SP1;Ath Bilbao;Real Madrid;0;1;2;2;0,1711;0,1868;0,6422
34439;2020-07-05;T19-20;I1;Udinese;Genoa;2;2;0;1;0,2521;0,4975;0,2504
34440;2020-07-05;T19-20;I1;Napoli;Roma;2;1;1;1;0,2337;0,5201;0,2462
15877;2020-07-05;T19-20;E0;Burnley;Sheffield United;1;1;0;1;0,3143;0,3988;0,2869
34437;2020-07-05;T19-20;I1;Parma;Fiorentina;1;2;2;1;0,2688;0,4029;0,3283
34436;2020-07-05;T19-20;I1;Cagliari;Atalanta;0;1;2;2;0,2186;0,2331;0,5483
34435;2020-07-05;T19-20;I1;Brescia;Verona;2;0;1;1;0,2532;0,4754;0,2713
34434;2020-07-05;T19-20;I1;Inter;Bologna;1;2;2;1;0,155;0,7587;0,0863
15880;2020-07-05;T19-20;E0;Southampton;Man City;1;0;1;2;0,1736;0,2272;0,5992
15879;2020-07-05;T19-20;E0;Liverpool;Aston Villa;2;0;1;1;0,0981;0,862;0,0399
15878;2020-07-05;T19-20;E0;Newcastle;West Ham;2;2;0;1;0,3012;0,4613;0,2375
34438;2020-07-05;T19-20;I1;Sampdoria;Spal;3;0;1;1;0,2615;0,5468;0,1916
15881;2020-07-06;T19-20;E0;Tottenham;Everton;1;0;1;1;0,2543;0,5555;0,1903
44467;2020-07-06;T19-20;SP1;Levante;Sociedad;1;1;0;1;0,2774;0,416;0,3066
44468;2020-07-06;T19-20;SP1;Sevilla;Eibar;1;0;1;1;0,2687;0,5665;0,1648
56316;2020-07-06;T19-20;SP2;Sp Gijon;Girona;0;0;0;1;0,2806;0,3972;0,3222
56317;2020-07-06;T19-20;SP2;Zaragoza;Vallecano;2;4;2;1;0,2807;0,4011;0,3182
56319;2020-07-07;T19-20;SP2;Fuenlabrada;Santander;1;0;1;1;0,253;0,4815;0,2655
44470;2020-07-07;T19-20;SP1;Celta;Ath Madrid;1;1;0;2;0,2226;0,2588;0,5185
56320;2020-07-07;T19-20;SP2;Extremadura;Cadiz;0;1;2;1;0,3192;0,3794;0,3014
44469;2020-07-07;T19-20;SP1;Valencia;Valladolid;2;1;1;1;0,2806;0,4891;0,2302
56318;2020-07-07;T19-20;SP2;Mirandes;Elche;1;0;1;1;0,3503;0,4055;0,2443
34441;2020-07-07;T19-20;I1;Lecce;Lazio;2;1;1;2;0,2065;0,1849;0,6086
15884;2020-07-07;T19-20;E0;Arsenal;Leicester;1;1;0;1;0,2719;0,4292;0,2989
15883;2020-07-07;T19-20;E0;Watford;Norwich;2;1;1;1;0,2535;0,4793;0,2672
15882;2020-07-07;T19-20;E0;Crystal Palace;Chelsea;2;3;2;2;0,2203;0,2308;0,5489
34442;2020-07-07;T19-20;I1;Milan;Juventus;4;2;1;2;0,2217;0,2981;0,4801
56324;2020-07-08;T19-20;SP2;Ponferradina;Lugo;0;1;2;1;0,2675;0,4438;0,2888
56322;2020-07-08;T19-20;SP2;Oviedo;Las Palmas;2;1;1;1;0,2626;0,4437;0,2937
56321;2020-07-08;T19-20;SP2;Malaga;La Coruna;1;0;1;1;0,249;0,4572;0,2938
44473;2020-07-08;T19-20;SP1;Barcelona;Espanol;1;0;1;1;0,1776;0,7576;0,0648
44472;2020-07-08;T19-20;SP1;Getafe;Villarreal;1;3;2;1;0,2461;0,4114;0,3424
44471;2020-07-08;T19-20;SP1;Betis;Osasuna;3;0;1;1;0,3301;0,4555;0,2144
34448;2020-07-08;T19-20;I1;Torino;Brescia;3;1;1;1;0,2682;0,5603;0,1715
34447;2020-07-08;T19-20;I1;Roma;Parma;2;1;1;1;0,2353;0,6166;0,1481
56323;2020-07-08;T19-20;SP2;Huesca;Alcorcon;2;1;1;1;0,223;0,6025;0,1745
34445;2020-07-08;T19-20;I1;Atalanta;Sampdoria;2;0;1;1;0,1707;0,689;0,1403
34444;2020-07-08;T19-20;I1;Genoa;Napoli;1;2;2;2;0,1872;0,1582;0,6546
34443;2020-07-08;T19-20;I1;Fiorentina;Cagliari;0;0;0;1;0,2639;0,5003;0,2358
15888;2020-07-08;T19-20;E0;Brighton;Liverpool;1;3;2;2;0,1789;0,1611;0,6601
15887;2020-07-08;T19-20;E0;West Ham;Burnley;0;1;2;1;0,2837;0,4532;0,2631
15886;2020-07-08;T19-20;E0;Sheffield United;Wolves;1;0;1;1;0,2684;0,3993;0,3323
15885;2020-07-08;T19-20;E0;Man City;Newcastle;5;0;1;1;0,1246;0,8196;0,0558
34446;2020-07-08;T19-20;I1;Bologna;Sassuolo;1;2;2;1;0,2499;0,4623;0,2878
56328;2020-07-09;T19-20;SP2;Tenerife;Zaragoza;1;1;0;1;0,271;0,422;0,307
56327;2020-07-09;T19-20;SP2;Girona;Almeria;1;0;1;1;0,2919;0,5041;0,204
56326;2020-07-09;T19-20;SP2;Vallecano;Numancia;3;2;1;1;0,2954;0,4986;0,206
56325;2020-07-09;T19-20;SP2;Albacete;Sp Gijon;1;1;0;1;0,2589;0,3906;0,3505
44476;2020-07-09;T19-20;SP1;Ath Bilbao;Sevilla;1;2;2;2;0,2675;0,3365;0,396
44475;2020-07-09;T19-20;SP1;Mallorca;Levante;2;0;1;1;0,2699;0,3792;0,3509
44474;2020-07-09;T19-20;SP1;Eibar;Leganes;0;0;0;1;0,2365;0,5048;0,2587
34449;2020-07-09;T19-20;I1;Spal;Udinese;0;3;2;1;0,2547;0,3771;0,3682
15891;2020-07-09;T19-20;E0;Aston Villa;Man United;0;3;2;2;0,205;0,1969;0,5981
15890;2020-07-09;T19-20;E0;Everton;Southampton;1;1;0;1;0,266;0,4956;0,2385
15889;2020-07-09;T19-20;E0;Bournemouth;Tottenham;0;0;0;2;0,2373;0,2475;0,5152
34450;2020-07-09;T19-20;I1;Verona;Inter;2;2;0;2;0,2435;0,2284;0,5282
44477;2020-07-10;T19-20;SP1;Sociedad;Granada;2;3;2;1;0,2833;0,474;0,2427
44478;2020-07-10;T19-20;SP1;Real Madrid;Alaves;2;0;1;1;0,1882;0,7288;0,083
44479;2020-07-11;T19-20;SP1;Osasuna;Celta;2;1;1;1;0,3083;0,4019;0,2898
56331;2020-07-11;T19-20;SP2;Cadiz;Fuenlabrada;0;1;2;1;0,2617;0,5693;0,169
56330;2020-07-11;T19-20;SP2;Las Palmas;Mirandes;1;0;1;1;0,2731;0,4482;0,2787
44481;2020-07-11;T19-20;SP1;Ath Madrid;Betis;1;0;1;1;0,2626;0,6177;0,1197
44480;2020-07-11;T19-20;SP1;Valladolid;Barcelona;0;1;2;2;0,1885;0,1318;0,6797
34453;2020-07-11;T19-20;I1;Juventus;Atalanta;2;2;0;1;0,1909;0,5016;0,3074
56329;2020-07-11;T19-20;SP2;Santander;Huesca;1;0;1;2;0,2137;0,2491;0,5372
34451;2020-07-11;T19-20;I1;Lazio;Sassuolo;1;2;2;1;0,219;0,6173;0,1637
15896;2020-07-11;T19-20;E0;Brighton;Man City;0;5;2;2;0,1611;0,1624;0,6765
15895;2020-07-11;T19-20;E0;Sheffield United;Chelsea;3;0;1;2;0,1867;0,2611;0,5522
15894;2020-07-11;T19-20;E0;Liverpool;Burnley;1;1;0;1;0,1283;0,8182;0,0535
34452;2020-07-11;T19-20;I1;Brescia;Roma;0;3;2;2;0,233;0,2804;0,4866
15893;2020-07-11;T19-20;E0;Watford;Newcastle;2;1;1;1;0,2833;0,417;0,2997
15892;2020-07-11;T19-20;E0;Norwich;West Ham;0;4;2;2;0,2651;0,3001;0,4348
56335;2020-07-12;T19-20;SP2;Zaragoza;Oviedo;2;4;2;1;0,3247;0,4572;0,2181
56334;2020-07-12;T19-20;SP2;Numancia;Ponferradina;1;0;1;1;0,2772;0,4489;0,274
56333;2020-07-12;T19-20;SP2;Lugo;Girona;2;2;0;1;0,2884;0,3592;0,3524
56332;2020-07-12;T19-20;SP2;La Coruna;Extremadura;2;3;2;1;0,2603;0,4795;0,2602
44484;2020-07-12;T19-20;SP1;Leganes;Valencia;1;0;1;1;0,2645;0,3711;0,3643
44483;2020-07-12;T19-20;SP1;Levante;Ath Bilbao;1;2;2;1;0,2878;0,3957;0,3165
44482;2020-07-12;T19-20;SP1;Espanol;Eibar;0;2;2;1;0,296;0,393;0,311
34459;2020-07-12;T19-20;I1;Napoli;Milan;2;2;0;1;0,2085;0,6386;0,153
44485;2020-07-12;T19-20;SP1;Sevilla;Mallorca;2;0;1;1;0,2304;0,6467;0,1229
34457;2020-07-12;T19-20;I1;Parma;Bologna;2;2;0;1;0,2629;0,4428;0,2942
34456;2020-07-12;T19-20;I1;Fiorentina;Verona;1;1;0;1;0,2243;0,5239;0,2518
34455;2020-07-12;T19-20;I1;Cagliari;Lecce;0;0;0;1;0,2923;0,4954;0,2123
34454;2020-07-12;T19-20;I1;Genoa;Spal;2;0;1;1;0,2611;0,4604;0,2785
15900;2020-07-12;T19-20;E0;Bournemouth;Leicester;4;1;1;2;0,2552;0,2415;0,5033
15899;2020-07-12;T19-20;E0;Tottenham;Arsenal;2;1;1;1;0,2771;0,4433;0,2796
15898;2020-07-12;T19-20;E0;Aston Villa;Crystal Palace;2;0;1;1;0,2825;0,3719;0,3456
15897;2020-07-12;T19-20;E0;Wolves;Everton;3;0;1;1;0,2591;0,4725;0,2684
34458;2020-07-12;T19-20;I1;Udinese;Sampdoria;1;3;2;1;0,2723;0,4506;0,2771
56339;2020-07-13;T19-20;SP2;Elche;Albacete;2;0;1;1;0,2563;0,4439;0,2999
56338;2020-07-13;T19-20;SP2;Alcorcon;Tenerife;0;0;0;1;0,2712;0,4262;0,3026
56337;2020-07-13;T19-20;SP2;Sp Gijon;Malaga;2;1;1;1;0,2682;0,483;0,2488
56336;2020-07-13;T19-20;SP2;Almeria;Vallecano;3;2;1;1;0,2368;0,4107;0,3524
44487;2020-07-13;T19-20;SP1;Villarreal;Sociedad;1;2;2;1;0,2891;0,4484;0,2625
44486;2020-07-13;T19-20;SP1;Alaves;Getafe;0;0;0;1;0,3248;0,3615;0,3137
34460;2020-07-13;T19-20;I1;Inter;Torino;3;1;1;1;0,1752;0,7308;0,094
15901;2020-07-13;T19-20;E0;Man United;Southampton;2;2;0;1;0,2257;0,6422;0,132
44488;2020-07-13;T19-20;SP1;Granada;Real Madrid;1;2;2;2;0,1653;0,1566;0,6781
15902;2020-07-14;T19-20;E0;Chelsea;Norwich;1;0;1;1;0,1753;0,7421;0,0825
34461;2020-07-14;T19-20;I1;Atalanta;Brescia;6;2;1;1;0,139;0,7734;0,0875
34464;2020-07-15;T19-20;I1;Sampdoria;Cagliari;3;0;1;1;0,2927;0,4865;0,2208
34467;2020-07-15;T19-20;I1;Sassuolo;Juventus;3;3;0;2;0,2051;0,2016;0,5934
34466;2020-07-15;T19-20;I1;Roma;Verona;2;1;1;1;0,2069;0,6773;0,1158
34468;2020-07-15;T19-20;I1;Udinese;Lazio;0;0;0;2;0,2443;0,2272;0,5285
34463;2020-07-15;T19-20;I1;Milan;Parma;3;1;1;1;0,2431;0,6175;0,1393
34465;2020-07-15;T19-20;I1;Lecce;Fiorentina;1;3;2;2;0,2749;0,3547;0,3704
15906;2020-07-15;T19-20;E0;Arsenal;Liverpool;2;1;1;2;0,2308;0,2845;0,4847
15905;2020-07-15;T19-20;E0;Newcastle;Tottenham;1;3;2;2;0,2471;0,2815;0,4714
15904;2020-07-15;T19-20;E0;Man City;Bournemouth;2;1;1;1;0,0935;0,8611;0,0454
15903;2020-07-15;T19-20;E0;Burnley;Wolves;1;1;0;2;0,2721;0,3477;0,3802
34462;2020-07-15;T19-20;I1;Bologna;Napoli;1;1;0;2;0,2179;0,2353;0,5468
44498;2020-07-16;T19-20;SP1;Valencia;Espanol;1;0;1;1;0,2725;0,499;0,2285
44497;2020-07-16;T19-20;SP1;Sociedad;Sevilla;0;0;0;2;0,3033;0,3287;0,368
44496;2020-07-16;T19-20;SP1;Real Madrid;Villarreal;2;1;1;1;0,1979;0,6672;0,1348
44495;2020-07-16;T19-20;SP1;Mallorca;Granada;1;2;2;1;0,2817;0,3998;0,3185
44494;2020-07-16;T19-20;SP1;Getafe;Ath Madrid;0;2;2;2;0,2247;0,3025;0,4728
44493;2020-07-16;T19-20;SP1;Celta;Levante;2;3;2;1;0,3039;0,4139;0,2822
44492;2020-07-16;T19-20;SP1;Betis;Alaves;1;2;2;1;0,329;0,469;0,202
44491;2020-07-16;T19-20;SP1;Barcelona;Osasuna;1;2;2;1;0,1679;0,7642;0,0679
44489;2020-07-16;T19-20;SP1;Eibar;Valladolid;3;1;1;1;0,2607;0,4904;0,2489
34470;2020-07-16;T19-20;I1;Spal;Inter;0;4;2;2;0,1927;0,1592;0,6481
34469;2020-07-16;T19-20;I1;Torino;Genoa;3;0;1;1;0,2831;0,5294;0,1875
15910;2020-07-16;T19-20;E0;Southampton;Brighton;1;1;0;1;0,2577;0,5258;0,2165
15909;2020-07-16;T19-20;E0;Crystal Palace;Man United;0;2;2;2;0,2225;0,2338;0,5436
15908;2020-07-16;T19-20;E0;Leicester;Sheffield United;2;0;1;1;0,2989;0,5035;0,1976
15907;2020-07-16;T19-20;E0;Everton;Aston Villa;1;1;0;1;0,2383;0,5677;0,194
44490;2020-07-16;T19-20;SP1;Ath Bilbao;Leganes;0;2;2;1;0,243;0,5499;0,2072
56346;2020-07-17;T19-20;SP2;Mirandes;La Coruna;1;0;1;1;0,3248;0,4403;0,2349
56349;2020-07-17;T19-20;SP2;Tenerife;Lugo;1;2;2;1;0,2873;0,5067;0,206
56350;2020-07-17;T19-20;SP2;Vallecano;Las Palmas;2;2;0;1;0,2949;0,478;0,2271
56348;2020-07-17;T19-20;SP2;Ponferradina;Almeria;2;1;1;1;0,3176;0,3969;0,2856
56347;2020-07-17;T19-20;SP2;Oviedo;Santander;1;0;1;1;0,2925;0,5295;0,178
56345;2020-07-17;T19-20;SP2;Malaga;Alcorcon;2;0;1;1;0,2402;0,5001;0,2597
56340;2020-07-17;T19-20;SP2;Albacete;Zaragoza;4;1;1;1;0,2665;0,395;0,3385
56343;2020-07-17;T19-20;SP2;Girona;Cadiz;2;1;1;1;0,2946;0,4951;0,2104
56342;2020-07-17;T19-20;SP2;Fuenlabrada;Elche;3;1;1;1;0,2792;0,4372;0,2835
56341;2020-07-17;T19-20;SP2;Extremadura;Sp Gijon;2;0;1;1;0,2911;0,3931;0,3158
15911;2020-07-17;T19-20;E0;West Ham;Watford;3;1;1;1;0,2911;0,4864;0,2225
56344;2020-07-17;T19-20;SP2;Huesca;Numancia;3;0;1;1;0,2399;0,5783;0,1819
34472;2020-07-18;T19-20;I1;Cagliari;Sassuolo;1;1;0;1;0,2879;0,3955;0,3166
34473;2020-07-18;T19-20;I1;Milan;Bologna;5;1;1;1;0,2052;0,6592;0,1357
15912;2020-07-18;T19-20;E0;Norwich;Burnley;0;2;2;2;0,2511;0,2981;0,4508
34471;2020-07-18;T19-20;I1;Verona;Atalanta;1;1;0;2;0,2084;0,1914;0,6002
44501;2020-07-19;T19-20;SP1;Villarreal;Eibar;4;0;1;1;0,2889;0,4685;0,2426
44508;2020-07-19;T19-20;SP1;Sevilla;Valencia;1;0;1;1;0,264;0,5969;0,139
44507;2020-07-19;T19-20;SP1;Osasuna;Mallorca;2;2;0;1;0,2687;0,5085;0,2228
44506;2020-07-19;T19-20;SP1;Levante;Getafe;1;0;1;1;0,3082;0,4127;0,2791
44505;2020-07-19;T19-20;SP1;Leganes;Real Madrid;2;2;0;2;0,1775;0,1674;0,655
44504;2020-07-19;T19-20;SP1;Granada;Ath Bilbao;4;0;1;1;0,3035;0,3948;0,3017
44503;2020-07-19;T19-20;SP1;Espanol;Celta;0;0;0;1;0,2993;0,3836;0,3172
44502;2020-07-19;T19-20;SP1;Ath Madrid;Sociedad;1;1;0;1;0,2689;0,592;0,1391
44500;2020-07-19;T19-20;SP1;Valladolid;Betis;2;0;1;1;0,2575;0,4363;0,3062
34479;2020-07-19;T19-20;I1;Roma;Inter;2;2;0;1;0,2502;0,4236;0,3261
44499;2020-07-19;T19-20;SP1;Alaves;Barcelona;0;5;2;2;0,1611;0,1189;0,72
34478;2020-07-19;T19-20;I1;Napoli;Udinese;2;1;1;1;0,1822;0,7245;0,0934
34477;2020-07-19;T19-20;I1;Genoa;Lecce;2;1;1;1;0,2717;0,4421;0,2862
34476;2020-07-19;T19-20;I1;Fiorentina;Torino;2;0;1;1;0,2487;0,4918;0,2595
34475;2020-07-19;T19-20;I1;Brescia;Spal;2;1;1;1;0,2691;0,3802;0,3507
34474;2020-07-19;T19-20;I1;Parma;Sampdoria;2;3;2;1;0,2608;0,4269;0,3123
15914;2020-07-19;T19-20;E0;Tottenham;Leicester;3;0;1;1;0,2806;0,4482;0,2713
15913;2020-07-19;T19-20;E0;Bournemouth;Southampton;0;2;2;1;0,2626;0,3956;0,3419
56360;2020-07-20;T19-20;SP2;Zaragoza;Ponferradina;2;1;1;1;0,3093;0,4492;0,2416
56359;2020-07-20;T19-20;SP2;Sp Gijon;Huesca;0;1;2;1;0,2728;0,3689;0,3583
56358;2020-07-20;T19-20;SP2;Santander;Vallecano;1;2;2;2;0,2117;0,2712;0,5171
56357;2020-07-20;T19-20;SP2;Numancia;Tenerife;2;1;1;1;0,2943;0,399;0,3067
56356;2020-07-20;T19-20;SP2;Lugo;Mirandes;2;1;1;1;0,3249;0,4076;0,2675
56355;2020-07-20;T19-20;SP2;Elche;Oviedo;2;1;1;1;0,2707;0,3986;0,3306
56354;2020-07-20;T19-20;SP2;Cadiz;Albacete;0;1;2;1;0,2288;0,5807;0,1905
34480;2020-07-20;T19-20;I1;Juventus;Lazio;2;1;1;1;0,1957;0,6082;0,196
56352;2020-07-20;T19-20;SP2;Alcorcon;Girona;2;0;1;2;0,254;0,367;0,379
56351;2020-07-20;T19-20;SP2;Las Palmas;Extremadura;5;1;1;1;0,2602;0,4774;0,2624
15917;2020-07-20;T19-20;E0;Wolves;Crystal Palace;2;0;1;1;0,2806;0,5118;0,2076
15916;2020-07-20;T19-20;E0;Sheffield United;Everton;0;1;2;1;0,2669;0,4442;0,2889
15915;2020-07-20;T19-20;E0;Brighton;Newcastle;0;0;0;1;0,2864;0,4117;0,3019
56353;2020-07-20;T19-20;SP2;Almeria;Malaga;0;0;0;1;0,285;0,5005;0,2145
34482;2020-07-21;T19-20;I1;Sassuolo;Milan;1;2;2;2;0,243;0,3569;0,4001
34481;2020-07-21;T19-20;I1;Atalanta;Bologna;1;0;1;1;0,1508;0,7418;0,1075
15919;2020-07-21;T19-20;E0;Aston Villa;Arsenal;1;0;1;2;0,244;0,2827;0,4733
15918;2020-07-21;T19-20;E0;Watford;Man City;0;4;2;2;0,161;0,1827;0,6563
15920;2020-07-22;T19-20;E0;Man United;West Ham;1;1;0;1;0,2436;0,626;0,1304
15921;2020-07-22;T19-20;E0;Liverpool;Chelsea;5;3;1;1;0,1722;0,6674;0,1604
34483;2020-07-22;T19-20;I1;Parma;Napoli;2;1;1;2;0,2057;0,211;0,5832
34484;2020-07-22;T19-20;I1;Inter;Fiorentina;0;0;0;1;0,1926;0,6923;0,1151
34485;2020-07-22;T19-20;I1;Lecce;Brescia;3;1;1;1;0,2551;0,507;0,2378
34486;2020-07-22;T19-20;I1;Sampdoria;Genoa;1;2;2;1;0,2733;0,552;0,1747
34487;2020-07-22;T19-20;I1;Spal;Roma;1;6;2;2;0,1854;0,177;0,6376
34488;2020-07-22;T19-20;I1;Torino;Verona;1;1;0;1;0,287;0,5017;0,2113
34489;2020-07-23;T19-20;I1;Udinese;Juventus;2;1;1;2;0,2143;0,171;0,6147
34490;2020-07-23;T19-20;I1;Lazio;Cagliari;2;1;1;1;0,2198;0,6484;0,1317
34491;2020-07-24;T19-20;I1;Milan;Atalanta;1;1;0;2;0,2203;0,3544;0,4253
34492;2020-07-25;T19-20;I1;Brescia;Parma;1;2;2;2;0,2727;0,3281;0,3993
34493;2020-07-25;T19-20;I1;Genoa;Inter;0;3;2;2;0,2272;0,1999;0,5729
34494;2020-07-25;T19-20;I1;Napoli;Sassuolo;2;0;1;1;0,2159;0,6648;0,1193
34500;2020-07-26;T19-20;I1;Juventus;Sampdoria;2;0;1;1;0,1573;0,7552;0,0874
34499;2020-07-26;T19-20;I1;Verona;Lazio;1;5;2;2;0,2427;0,2372;0,5201
34498;2020-07-26;T19-20;I1;Spal;Torino;1;1;0;1;0,274;0,3838;0,3422
34497;2020-07-26;T19-20;I1;Roma;Fiorentina;2;1;1;1;0,2277;0,6232;0,1491
34496;2020-07-26;T19-20;I1;Cagliari;Udinese;0;1;2;1;0,2855;0,4639;0,2506
34495;2020-07-26;T19-20;I1;Bologna;Lecce;3;2;1;1;0,256;0,5268;0,2173
15931;2020-07-26;T19-20;E0;West Ham;Aston Villa;1;1;0;1;0,2655;0,5455;0,1889
15930;2020-07-26;T19-20;E0;Southampton;Sheffield United;3;1;1;1;0,2956;0,4791;0,2253
15922;2020-07-26;T19-20;E0;Arsenal;Watford;3;2;1;1;0,2589;0,5792;0,1619
15928;2020-07-26;T19-20;E0;Man City;Norwich;5;0;1;1;0,0755;0,8937;0,0308
15927;2020-07-26;T19-20;E0;Leicester;Man United;0;2;2;1;0,2503;0,3967;0,353
15926;2020-07-26;T19-20;E0;Everton;Bournemouth;1;3;2;1;0,267;0,4973;0,2357
15925;2020-07-26;T19-20;E0;Crystal Palace;Tottenham;1;1;0;2;0,2441;0,2612;0,4947
15924;2020-07-26;T19-20;E0;Chelsea;Wolves;2;0;1;1;0,2311;0,593;0,1759
15923;2020-07-26;T19-20;E0;Burnley;Brighton;1;2;2;1;0,2879;0,4774;0,2347
15929;2020-07-26;T19-20;E0;Newcastle;Liverpool;1;3;2;2;0,1995;0,2037;0,5968
34501;2020-07-28;T19-20;I1;Parma;Atalanta;1;2;2;2;0,2057;0,2013;0,5931
34502;2020-07-28;T19-20;I1;Inter;Napoli;2;0;1;1;0,2069;0,4476;0,3455
34509;2020-07-29;T19-20;I1;Fiorentina;Bologna;4;0;1;1;0,2754;0,4871;0,2374
34508;2020-07-29;T19-20;I1;Cagliari;Juventus;2;0;1;2;0,191;0,1749;0,634
34507;2020-07-29;T19-20;I1;Verona;Spal;3;0;1;1;0,2527;0,5566;0,1906
34510;2020-07-29;T19-20;I1;Torino;Roma;2;3;2;2;0,2301;0,2721;0,4978
34505;2020-07-29;T19-20;I1;Sassuolo;Genoa;5;0;1;1;0,2508;0,5231;0,2261
34504;2020-07-29;T19-20;I1;Sampdoria;Milan;1;4;2;2;0,2778;0,3548;0,3675
34503;2020-07-29;T19-20;I1;Lazio;Brescia;2;0;1;1;0,1665;0,7484;0,085
34506;2020-07-29;T19-20;I1;Udinese;Lecce;1;2;2;1;0,254;0,5203;0,2257
34511;2020-08-01;T19-20;I1;Brescia;Sampdoria;1;1;0;2;0,2666;0,3328;0,4006
34512;2020-08-01;T19-20;I1;Atalanta;Inter;0;2;2;1;0,2541;0,5355;0,2104
34513;2020-08-01;T19-20;I1;Juventus;Roma;1;3;2;1;0,226;0,5342;0,2398
34514;2020-08-01;T19-20;I1;Milan;Cagliari;3;0;1;1;0,2119;0,6752;0,1128
34515;2020-08-01;T19-20;I1;Napoli;Lazio;3;1;1;1;0,2479;0,4832;0,2689
34520;2020-08-02;T19-20;I1;Sassuolo;Udinese;0;1;2;1;0,273;0,4893;0,2377
34519;2020-08-02;T19-20;I1;Lecce;Parma;3;4;2;1;0,2925;0,4194;0,2881
34516;2020-08-02;T19-20;I1;Spal;Fiorentina;1;3;2;2;0,2377;0,3082;0,4542
34517;2020-08-02;T19-20;I1;Bologna;Torino;1;1;0;1;0,276;0,5051;0,219
34518;2020-08-02;T19-20;I1;Genoa;Verona;3;0;1;1;0,2937;0,4329;0,2735
15951;2020-09-26;T20-21;E0;Crystal Palace;Everton;1;2;2;1;0,2558;0,4194;0,3248
56382;2020-09-26;T20-21;SP2;Malaga;Alcorcon;1;0;1;1;0,2848;0,4446;0,2706
56384;2020-09-26;T20-21;SP2;Fuenlabrada;Albacete;1;0;1;1;0,3105;0,4668;0,2227
56388;2020-09-27;T20-21;SP2;Ponferradina;Vallecano;3;0;1;1;0,2685;0,3824;0,3491
56389;2020-09-27;T20-21;SP2;Tenerife;Mirandes;1;2;2;1;0,2819;0,4784;0,2396
44531;2020-09-27;T20-21;SP1;Valladolid;Celta;1;1;0;1;0,2725;0,3724;0,3551
15955;2020-09-27;T20-21;E0;Tottenham;Newcastle;1;1;0;1;0,2681;0,5666;0,1653
15957;2020-09-27;T20-21;E0;West Ham;Wolves;4;0;1;1;0,2922;0,3651;0,3427
15959;2020-09-28;T20-21;E0;Liverpool;Arsenal;3;1;1;1;0,1314;0,7652;0,1034
44533;2020-09-29;T20-21;SP1;Sociedad;Valencia;0;1;2;1;0,3145;0,4796;0,2059
44534;2020-09-29;T20-21;SP1;Getafe;Betis;3;0;1;1;0,2585;0,4714;0,2701
44536;2020-09-30;T20-21;SP1;Villarreal;Alaves;3;1;1;1;0,2911;0,5313;0,1776
44538;2020-09-30;T20-21;SP1;Real Madrid;Valladolid;1;0;1;1;0,1974;0,7392;0,0634
6010;2020-10-02;T20-21;D1;Union Berlin;Mainz;4;0;1;1;0,2891;0,4788;0,2321
34541;2020-10-02;T20-21;I1;Fiorentina;Sampdoria;1;2;2;1;0,2682;0,5041;0,2277
56396;2020-10-03;T20-21;SP2;Vallecano;Malaga;4;0;1;1;0,2821;0,5189;0,199
56393;2020-10-03;T20-21;SP2;Albacete;Oviedo;1;1;0;1;0,3367;0,3992;0,2641
56392;2020-10-03;T20-21;SP2;Mirandes;Ponferradina;0;1;2;1;0,3169;0,4561;0,227
44546;2020-10-03;T20-21;SP1;Valencia;Betis;0;2;2;1;0,2655;0,493;0,2415
44543;2020-10-03;T20-21;SP1;Ath Madrid;Villarreal;0;0;0;1;0,2556;0,5827;0,1618
44542;2020-10-03;T20-21;SP1;Valladolid;Eibar;1;2;2;1;0,2749;0,3958;0,3293
34543;2020-10-03;T20-21;I1;Udinese;Roma;0;1;2;2;0,2397;0,2747;0,4855
44545;2020-10-03;T20-21;SP1;Sociedad;Getafe;3;0;1;1;0,3326;0,4318;0,2356
15961;2020-10-03;T20-21;E0;Everton;Brighton;4;2;1;1;0,2784;0,5452;0,1764
15960;2020-10-03;T20-21;E0;Chelsea;Crystal Palace;4;0;1;1;0,202;0,6504;0,1476
6016;2020-10-03;T20-21;D1;RB Leipzig;Schalke 04;4;0;1;1;0,1913;0,7268;0,0819
6013;2020-10-03;T20-21;D1;FC Koln;M'gladbach;1;3;2;2;0,2504;0,3145;0,4351
6012;2020-10-03;T20-21;D1;Ein Frankfurt;Hoffenheim;2;1;1;1;0,2696;0,4285;0,3019
6011;2020-10-03;T20-21;D1;Dortmund;Freiburg;4;0;1;1;0,2262;0,6661;0,1076
15963;2020-10-03;T20-21;E0;Newcastle;Burnley;3;1;1;1;0,2927;0,4034;0,304
44551;2020-10-04;T20-21;SP1;Barcelona;Sevilla;1;1;0;1;0,1647;0,6715;0,1639
44549;2020-10-04;T20-21;SP1;Levante;Real Madrid;0;2;2;2;0,1683;0,1644;0,6673
44548;2020-10-04;T20-21;SP1;Alaves;Ath Bilbao;1;0;1;1;0,3198;0,3427;0,3374
44547;2020-10-04;T20-21;SP1;Osasuna;Celta;2;0;1;1;0,2945;0,4303;0,2752
34547;2020-10-04;T20-21;I1;Parma;Verona;1;0;1;1;0,2878;0,4341;0,2781
34546;2020-10-04;T20-21;I1;Lazio;Inter;1;1;0;1;0,207;0,4472;0,3458
15966;2020-10-04;T20-21;E0;Arsenal;Sheffield United;2;1;1;1;0,2703;0,5411;0,1885
15969;2020-10-04;T20-21;E0;Aston Villa;Liverpool;7;2;1;2;0,2658;0,1828;0,5513
15968;2020-10-04;T20-21;E0;Man United;Tottenham;1;6;2;1;0,2649;0,4406;0,2945
15964;2020-10-04;T20-21;E0;Leicester;West Ham;0;3;2;1;0,26;0,5657;0,1743
6018;2020-10-04;T20-21;D1;Bayern Munich;Hertha;4;3;1;1;0,1286;0,8059;0,0655
6017;2020-10-04;T20-21;D1;Wolfsburg;Augsburg;0;0;0;1;0,2666;0,5378;0,1956
34544;2020-10-04;T20-21;I1;Atalanta;Cagliari;5;2;1;1;0,1458;0,7778;0,0764
56405;2020-10-10;T20-21;SP2;Tenerife;Vallecano;1;0;1;2;0,2331;0,3573;0,4096
56412;2020-10-11;T20-21;SP2;Oviedo;Sp Gijon;1;0;1;1;0,266;0,3751;0,3589
56409;2020-10-11;T20-21;SP2;Malaga;Las Palmas;0;0;0;1;0,2396;0,4426;0,3178
56410;2020-10-11;T20-21;SP2;Zaragoza;Albacete;1;0;1;1;0,3028;0,4396;0,2576
56416;2020-10-17;T20-21;SP2;Las Palmas;Almeria;2;0;1;1;0,3164;0,4294;0,2541
44555;2020-10-17;T20-21;SP1;Getafe;Barcelona;1;0;1;2;0,1685;0,1752;0,6563
44553;2020-10-17;T20-21;SP1;Celta;Ath Madrid;0;2;2;2;0,203;0,2339;0,563
44552;2020-10-17;T20-21;SP1;Granada;Sevilla;1;0;1;2;0,2468;0,3037;0,4494
34551;2020-10-17;T20-21;I1;Sampdoria;Lazio;3;0;1;2;0,2465;0,2773;0,4762
15973;2020-10-17;T20-21;E0;Newcastle;Man United;1;4;2;2;0,2607;0,2708;0,4684
15972;2020-10-17;T20-21;E0;Man City;Arsenal;1;0;1;1;0,1446;0,7299;0,1255
34550;2020-10-17;T20-21;I1;Inter;Milan;1;2;2;1;0,1637;0,5529;0,2834
15970;2020-10-17;T20-21;E0;Everton;Liverpool;2;2;0;2;0,2159;0,2654;0,5187
6025;2020-10-17;T20-21;D1;M'gladbach;Wolfsburg;1;1;0;1;0,223;0,6158;0,1612
6023;2020-10-17;T20-21;D1;Mainz;Leverkusen;0;1;2;2;0,2563;0,266;0,4777
6022;2020-10-17;T20-21;D1;Hoffenheim;Dortmund;0;1;2;2;0,269;0,3145;0,4165
6020;2020-10-17;T20-21;D1;Freiburg;Werder Bremen;1;1;0;1;0,2633;0,483;0,2536
6019;2020-10-17;T20-21;D1;Augsburg;RB Leipzig;0;2;2;2;0,1991;0,2215;0,5794
15971;2020-10-17;T20-21;E0;Chelsea;Southampton;3;3;0;1;0,2129;0,6228;0,1643
44558;2020-10-18;T20-21;SP1;Villarreal;Valencia;2;1;1;1;0,3182;0,4587;0,2231
56422;2020-10-18;T20-21;SP2;Sp Gijon;Tenerife;1;1;0;1;0,2855;0,5108;0,2037
56421;2020-10-18;T20-21;SP2;Girona;Oviedo;1;0;1;1;0,2627;0,5037;0,2336
56420;2020-10-18;T20-21;SP2;Zaragoza;Malaga;1;2;2;1;0,2558;0,4537;0,2904
44561;2020-10-18;T20-21;SP1;Betis;Sociedad;0;3;2;1;0,3113;0,3924;0,2963
44557;2020-10-18;T20-21;SP1;Ath Bilbao;Levante;2;0;1;1;0,2827;0,4678;0,2495
6026;2020-10-18;T20-21;D1;FC Koln;Ein Frankfurt;1;1;0;1;0,2522;0,4364;0,3114
34556;2020-10-18;T20-21;I1;Udinese;Parma;3;2;1;1;0,2846;0,4698;0,2456
34553;2020-10-18;T20-21;I1;Bologna;Sassuolo;3;4;2;1;0,2663;0,4281;0,3056
15977;2020-10-18;T20-21;E0;Leicester;Aston Villa;0;1;2;1;0,2331;0,589;0,1779
15976;2020-10-18;T20-21;E0;Tottenham;West Ham;3;3;0;1;0,2772;0,5813;0,1415
15975;2020-10-18;T20-21;E0;Crystal Palace;Brighton;1;1;0;1;0,2682;0,4607;0,2711
44556;2020-10-18;T20-21;SP1;Eibar;Osasuna;0;0;0;1;0,2703;0,4537;0,2761
56425;2020-10-21;T20-21;SP2;Lugo;Girona;3;0;1;2;0,251;0,3222;0,4268
56426;2020-10-21;T20-21;SP2;Ponferradina;Tenerife;1;0;1;1;0,2948;0,437;0,2682
56432;2020-10-22;T20-21;SP2;Oviedo;Vallecano;0;0;0;1;0,2378;0,3881;0,3741
56430;2020-10-22;T20-21;SP2;Malaga;Sp Gijon;1;0;1;1;0,266;0,4117;0,3223
34559;2020-10-23;T20-21;I1;Sassuolo;Torino;3;3;0;1;0,2565;0,5581;0,1854
44563;2020-10-24;T20-21;SP1;Barcelona;Real Madrid;1;3;2;1;0,1559;0,4521;0,392
34562;2020-10-24;T20-21;I1;Lazio;Bologna;2;1;1;1;0,2048;0,6598;0,1353
44564;2020-10-24;T20-21;SP1;Osasuna;Ath Bilbao;1;0;1;1;0,3268;0,427;0,2463
34561;2020-10-24;T20-21;I1;Genoa;Inter;0;2;2;2;0,1985;0,1902;0,6113
44566;2020-10-24;T20-21;SP1;Ath Madrid;Betis;2;0;1;1;0,2463;0,6308;0,1229
56435;2020-10-24;T20-21;SP2;Almeria;Fuenlabrada;3;0;1;1;0,3216;0,4238;0,2546
44565;2020-10-24;T20-21;SP1;Sevilla;Eibar;0;1;2;1;0,2859;0,5667;0,1474
34560;2020-10-24;T20-21;I1;Atalanta;Sampdoria;1;3;2;1;0,2;0,667;0,133
15983;2020-10-24;T20-21;E0;Man United;Chelsea;0;0;0;1;0,2108;0,4816;0,3076
15984;2020-10-24;T20-21;E0;Liverpool;Sheffield United;2;1;1;1;0,0982;0,8558;0,046
15981;2020-10-24;T20-21;E0;West Ham;Man City;1;1;0;2;0,1748;0,2053;0,6199
6033;2020-10-24;T20-21;D1;Dortmund;Schalke 04;3;0;1;1;0,182;0,7545;0,0635
6032;2020-10-24;T20-21;D1;Union Berlin;Freiburg;1;1;0;1;0,2851;0,4423;0,2726
6031;2020-10-24;T20-21;D1;RB Leipzig;Hertha;2;1;1;1;0,2059;0,72;0,0742
6030;2020-10-24;T20-21;D1;Mainz;M'gladbach;2;3;2;2;0,2448;0,2712;0,484
6029;2020-10-24;T20-21;D1;Bayern Munich;Ein Frankfurt;5;0;1;1;0,0988;0,8125;0,0887
56441;2020-10-25;T20-21;SP2;Malaga;Mirandes;1;1;0;1;0,2728;0,5098;0,2174
56437;2020-10-25;T20-21;SP2;Sp Gijon;Ponferradina;2;1;1;1;0,2916;0,4803;0,2282
44567;2020-10-25;T20-21;SP1;Valladolid;Alaves;0;2;2;1;0,2622;0,4463;0,2915
34567;2020-10-25;T20-21;I1;Juventus;Verona;1;1;0;1;0,1419;0,7588;0,0994
56440;2020-10-25;T20-21;SP2;Albacete;Vallecano;2;1;1;1;0,2876;0,3702;0,3423
15987;2020-10-25;T20-21;E0;Arsenal;Leicester;0;1;2;1;0,2682;0,4512;0,2806
34566;2020-10-25;T20-21;I1;Fiorentina;Udinese;3;2;1;1;0,264;0,5211;0,2149
6035;2020-10-25;T20-21;D1;Werder Bremen;Hoffenheim;1;1;0;1;0,2701;0,37;0,3598
44569;2020-10-25;T20-21;SP1;Getafe;Granada;0;1;2;1;0,2412;0,4781;0,2807
15986;2020-10-25;T20-21;E0;Wolves;Newcastle;1;1;0;1;0,2835;0,5204;0,196
15985;2020-10-25;T20-21;E0;Southampton;Everton;2;0;1;1;0,2654;0,4434;0,2912
6036;2020-10-26;T20-21;D1;Leverkusen;Augsburg;3;1;1;1;0,2332;0,6523;0,1145
15989;2020-10-26;T20-21;E0;Burnley;Tottenham;0;1;2;2;0,248;0,2338;0,5181
44571;2020-10-26;T20-21;SP1;Levante;Celta;1;1;0;1;0,2741;0,4229;0,303
34568;2020-10-26;T20-21;I1;Milan;Roma;3;3;0;1;0,2371;0,4339;0,329
56445;2020-10-28;T20-21;SP2;Albacete;Las Palmas;1;1;0;1;0,2475;0,4654;0,2871
56449;2020-10-29;T20-21;SP2;Alcorcon;Sp Gijon;1;2;2;1;0,3087;0,3654;0,3258
56451;2020-10-29;T20-21;SP2;Mirandes;Zaragoza;1;0;1;1;0,3065;0,4276;0,2659
56452;2020-10-29;T20-21;SP2;Tenerife;Lugo;1;1;0;1;0,2857;0,4587;0,2556
56454;2020-10-29;T20-21;SP2;Vallecano;Fuenlabrada;2;0;1;1;0,2471;0,5523;0,2006
15990;2020-10-30;T20-21;E0;Wolves;Crystal Palace;2;0;1;1;0,2957;0,5086;0,1956
34571;2020-10-31;T20-21;I1;Bologna;Cagliari;3;2;1;1;0,2575;0,5347;0,2077
44575;2020-10-31;T20-21;SP1;Osasuna;Ath Madrid;1;3;2;2;0,2218;0,2541;0,5241
44576;2020-10-31;T20-21;SP1;Alaves;Barcelona;1;1;0;2;0,2119;0,1714;0,6167
34570;2020-10-31;T20-21;I1;Inter;Parma;2;2;0;1;0,183;0,7181;0,0989
56456;2020-10-31;T20-21;SP2;Las Palmas;Oviedo;1;2;2;1;0,2651;0,4572;0,2778
26190;2020-10-31;T20-21;F1;Rennes;Brest;2;1;1;1;0,2893;0,5603;0,1505
44574;2020-10-31;T20-21;SP1;Ath Bilbao;Sevilla;2;1;1;2;0,2832;0,3343;0,3825
15992;2020-10-31;T20-21;E0;Burnley;Chelsea;0;3;2;2;0,2342;0,2568;0,509
15991;2020-10-31;T20-21;E0;Sheffield United;Man City;0;1;2;2;0,1426;0,1518;0,7056
6042;2020-10-31;T20-21;D1;M'gladbach;RB Leipzig;1;0;1;2;0,2326;0,366;0,4014
15993;2020-10-31;T20-21;E0;Liverpool;West Ham;2;1;1;1;0,1242;0,8203;0,0555
6041;2020-10-31;T20-21;D1;FC Koln;Bayern Munich;1;2;2;2;0,1382;0,1067;0,7551
6040;2020-10-31;T20-21;D1;Ein Frankfurt;Werder Bremen;1;1;0;1;0,2655;0,5427;0,1918
6038;2020-10-31;T20-21;D1;Augsburg;Mainz;3;1;1;1;0,281;0,4288;0,2902
34575;2020-11-01;T20-21;I1;Napoli;Sassuolo;0;2;2;1;0,2216;0,633;0,1454
34576;2020-11-01;T20-21;I1;Roma;Fiorentina;2;0;1;1;0,216;0,647;0,137
34577;2020-11-01;T20-21;I1;Sampdoria;Genoa;1;1;0;1;0,2705;0,5387;0,1908
44578;2020-11-01;T20-21;SP1;Celta;Sociedad;1;4;2;2;0,2883;0,3372;0,3745
56459;2020-11-01;T20-21;SP2;Fuenlabrada;Tenerife;1;1;0;1;0,2831;0,4313;0,2856
44580;2020-11-01;T20-21;SP1;Valencia;Getafe;2;2;0;1;0,3164;0,4283;0,2553
34572;2020-11-01;T20-21;I1;Udinese;Milan;1;2;2;2;0,2465;0,2535;0,5
56461;2020-11-01;T20-21;SP2;Lugo;Vallecano;1;0;1;2;0,3124;0,3173;0,3703
56462;2020-11-01;T20-21;SP2;Almeria;Girona;0;0;0;1;0,2978;0,4159;0,2863
44579;2020-11-01;T20-21;SP1;Granada;Levante;1;1;0;1;0,3027;0,4846;0,2126
26198;2020-11-01;T20-21;F1;Lille;Lyon;1;1;0;1;0,2543;0,4253;0,3203
34574;2020-11-01;T20-21;I1;Torino;Lazio;3;4;2;2;0,2624;0,3018;0,4358
26196;2020-11-01;T20-21;F1;Reims;Strasbourg;2;1;1;1;0,2949;0,4292;0,2759
26195;2020-11-01;T20-21;F1;Nimes;Metz;0;1;2;1;0,2878;0,4619;0,2503
26193;2020-11-01;T20-21;F1;Angers;Nice;0;3;2;1;0,2937;0,3691;0,3372
26192;2020-11-01;T20-21;F1;St Etienne;Montpellier;0;1;2;1;0,2754;0,4475;0,2771
15997;2020-11-01;T20-21;E0;Tottenham;Brighton;2;1;1;1;0,2368;0,6306;0,1327
15996;2020-11-01;T20-21;E0;Man United;Arsenal;0;1;2;1;0,2346;0,5197;0,2456
15995;2020-11-01;T20-21;E0;Newcastle;Everton;2;1;1;1;0,2777;0,3961;0,3262
15994;2020-11-01;T20-21;E0;Aston Villa;Southampton;3;4;2;1;0,3038;0,4011;0,2951
6044;2020-11-01;T20-21;D1;Hertha;Wolfsburg;1;1;0;1;0,309;0,4205;0,2705
6043;2020-11-01;T20-21;D1;Freiburg;Leverkusen;2;4;2;2;0,2819;0,301;0,4171
26197;2020-11-01;T20-21;F1;Monaco;Bordeaux;4;0;1;1;0,3063;0,4117;0,2819
44581;2020-11-02;T20-21;SP1;Villarreal;Valladolid;2;0;1;1;0,2988;0,5619;0,1394
6045;2020-11-02;T20-21;D1;Hoffenheim;Union Berlin;1;3;2;1;0,2577;0,5679;0,1744
34579;2020-11-04;T20-21;I1;Genoa;Torino;1;2;2;2;0,289;0,3524;0,3586
56466;2020-11-04;T20-21;SP2;Zaragoza;Girona;2;2;0;1;0,2936;0,3999;0,3065
56467;2020-11-05;T20-21;SP2;Alcorcon;Ponferradina;0;1;2;1;0,2887;0,4249;0,2864
6046;2020-11-06;T20-21;D1;Werder Bremen;FC Koln;1;1;0;1;0,2882;0,4993;0,2125
16000;2020-11-06;T20-21;E0;Brighton;Burnley;0;0;0;1;0,2915;0,4111;0,2974
16001;2020-11-06;T20-21;E0;Southampton;Newcastle;2;0;1;1;0,2829;0,5071;0,21
26199;2020-11-06;T20-21;F1;Strasbourg;Marseille;0;1;2;2;0,2642;0,3232;0,4126
34580;2020-11-06;T20-21;I1;Sassuolo;Udinese;0;0;0;1;0,2495;0,5537;0,1968
34581;2020-11-07;T20-21;I1;Cagliari;Sampdoria;2;0;1;1;0,3019;0,4202;0,2779
34583;2020-11-07;T20-21;I1;Parma;Fiorentina;0;0;0;1;0,2565;0,423;0,3205
16004;2020-11-07;T20-21;E0;Chelsea;Sheffield United;4;1;1;1;0,2342;0,6368;0,129
44585;2020-11-07;T20-21;SP1;Sevilla;Osasuna;1;0;1;1;0,249;0,5905;0,1605
56471;2020-11-07;T20-21;SP2;Mirandes;Sp Gijon;1;0;1;1;0,3088;0,3767;0,3145
44584;2020-11-07;T20-21;SP1;Barcelona;Betis;5;2;1;1;0,1964;0,7316;0,072
26201;2020-11-07;T20-21;F1;Paris SG;Rennes;3;0;1;1;0,1601;0,7575;0,0823
16002;2020-11-07;T20-21;E0;Everton;Man United;1;3;2;2;0,2823;0,3077;0,41
26200;2020-11-07;T20-21;F1;Bordeaux;Montpellier;0;2;2;1;0,2812;0,4245;0,2943
6052;2020-11-07;T20-21;D1;Dortmund;Bayern Munich;2;3;2;2;0,1674;0,3381;0,4945
6049;2020-11-07;T20-21;D1;RB Leipzig;Freiburg;3;0;1;1;0,2126;0,7013;0,0861
6048;2020-11-07;T20-21;D1;Mainz;Schalke 04;2;2;0;1;0,2793;0,4237;0,2969
6047;2020-11-07;T20-21;D1;Augsburg;Hertha;0;3;2;1;0,2808;0,4164;0,3028
56478;2020-11-08;T20-21;SP2;Tenerife;Zaragoza;1;0;1;1;0,2791;0,4252;0,2957
56476;2020-11-08;T20-21;SP2;Mallorca;Ponferradina;3;0;1;1;0,2305;0,6246;0,1449
56475;2020-11-08;T20-21;SP2;Vallecano;Almeria;0;1;2;1;0,2567;0,5098;0,2335
56474;2020-11-08;T20-21;SP2;Alcorcon;Fuenlabrada;0;3;2;1;0,3223;0,3947;0,283
44591;2020-11-08;T20-21;SP1;Valencia;Real Madrid;4;1;1;2;0,1763;0,2018;0,6219
44590;2020-11-08;T20-21;SP1;Valladolid;Ath Bilbao;2;1;1;2;0,2741;0,3396;0,3864
44589;2020-11-08;T20-21;SP1;Levante;Alaves;1;1;0;1;0,2811;0,4871;0,2318
44588;2020-11-08;T20-21;SP1;Sociedad;Granada;2;0;1;1;0,2686;0,5664;0,165
44587;2020-11-08;T20-21;SP1;Getafe;Villarreal;1;3;2;1;0,2333;0,4021;0,3646
34589;2020-11-08;T20-21;I1;Milan;Verona;2;2;0;1;0,2123;0,6723;0,1154
34586;2020-11-08;T20-21;I1;Genoa;Roma;1;3;2;2;0,1633;0,1496;0,6871
34588;2020-11-08;T20-21;I1;Bologna;Napoli;0;1;2;2;0,2209;0,2267;0,5524
34584;2020-11-08;T20-21;I1;Lazio;Juventus;1;1;0;2;0,2319;0,3664;0,4017
6053;2020-11-08;T20-21;D1;Wolfsburg;Hoffenheim;2;1;1;1;0,2497;0,465;0,2853
34585;2020-11-08;T20-21;I1;Atalanta;Inter;1;1;0;1;0,236;0,4669;0,297
16007;2020-11-08;T20-21;E0;Leicester;Wolves;1;0;1;1;0,2693;0,4339;0,2968
16008;2020-11-08;T20-21;E0;Man City;Liverpool;1;1;0;1;0,2056;0,5067;0,2877
16009;2020-11-08;T20-21;E0;Arsenal;Aston Villa;0;3;2;1;0,2494;0,5691;0,1815
6054;2020-11-08;T20-21;D1;Leverkusen;M'gladbach;4;3;1;1;0,2511;0,5239;0,225
26205;2020-11-08;T20-21;F1;Metz;Dijon;1;1;0;1;0,2703;0,4962;0,2335
26206;2020-11-08;T20-21;F1;Nimes;Angers;1;5;2;1;0,2804;0,4469;0,2727
26207;2020-11-08;T20-21;F1;Nice;Monaco;1;2;2;1;0,2611;0,4042;0,3346
26208;2020-11-08;T20-21;F1;Lyon;St Etienne;2;1;1;1;0,2782;0,595;0,1268
26202;2020-11-08;T20-21;F1;Brest;Lille;3;2;1;2;0,2653;0,3086;0,426
56479;2020-11-09;T20-21;SP2;Girona;Las Palmas;1;1;0;1;0,2955;0,4638;0,2407
56480;2020-11-13;T20-21;SP2;Zaragoza;Oviedo;1;2;2;1;0,3184;0,426;0,2556
56482;2020-11-14;T20-21;SP2;Almeria;Mirandes;2;1;1;1;0,2647;0,5179;0,2174
56483;2020-11-14;T20-21;SP2;Girona;Mallorca;0;1;2;1;0,2784;0,3896;0,3319
56484;2020-11-14;T20-21;SP2;Lugo;Albacete;1;0;1;1;0,3281;0,4307;0,2411
56486;2020-11-15;T20-21;SP2;Ponferradina;Malaga;1;1;0;1;0,3306;0,4174;0,252
56489;2020-11-15;T20-21;SP2;Las Palmas;Tenerife;1;0;1;1;0,3168;0,4542;0,229
56490;2020-11-16;T20-21;SP2;Sp Gijon;Vallecano;1;1;0;1;0,2382;0,4275;0,3343
56491;2020-11-20;T20-21;SP2;Alcorcon;Lugo;1;0;1;1;0,2843;0,4253;0,2904
26209;2020-11-20;T20-21;F1;Rennes;Bordeaux;0;1;2;1;0,2904;0,53;0,1797
26210;2020-11-20;T20-21;F1;Monaco;Paris SG;3;2;1;2;0,2218;0,1889;0,5893
56496;2020-11-21;T20-21;SP2;Oviedo;Fuenlabrada;1;1;0;1;0,273;0,3932;0,3338
44596;2020-11-21;T20-21;SP1;Ath Madrid;Barcelona;1;0;1;2;0,2398;0,3494;0,4107
44595;2020-11-21;T20-21;SP1;Sevilla;Celta;4;2;1;1;0,2715;0,5512;0,1773
44594;2020-11-21;T20-21;SP1;Villarreal;Real Madrid;1;1;0;2;0,1885;0,2207;0,5908
26211;2020-11-21;T20-21;F1;Brest;St Etienne;4;1;1;1;0,3181;0,4391;0,2428
16011;2020-11-21;T20-21;E0;Aston Villa;Brighton;1;2;2;1;0,2626;0,4998;0,2376
34592;2020-11-21;T20-21;I1;Juventus;Cagliari;2;0;1;1;0,1757;0,744;0,0802
6061;2020-11-21;T20-21;D1;Hertha;Dortmund;2;5;2;2;0,229;0,1853;0,5857
6060;2020-11-21;T20-21;D1;Ein Frankfurt;RB Leipzig;1;1;0;2;0,2158;0,2768;0,5074
6059;2020-11-21;T20-21;D1;Schalke 04;Wolfsburg;0;2;2;1;0,25;0,3904;0,3596
6058;2020-11-21;T20-21;D1;M'gladbach;Augsburg;1;1;0;1;0,2402;0,6244;0,1355
6055;2020-11-21;T20-21;D1;Bayern Munich;Werder Bremen;1;1;0;1;0,1251;0,8027;0,0722
16010;2020-11-21;T20-21;E0;Newcastle;Chelsea;0;2;2;2;0,2307;0,2725;0,4967
16012;2020-11-21;T20-21;E0;Tottenham;Man City;2;0;1;2;0,2143;0,3393;0,4464
44599;2020-11-22;T20-21;SP1;Granada;Valladolid;1;3;2;1;0,2823;0,4994;0,2183
44597;2020-11-22;T20-21;SP1;Eibar;Getafe;0;0;0;1;0,2876;0,4148;0,2976
16015;2020-11-22;T20-21;E0;Sheffield United;West Ham;0;1;2;1;0,2815;0,3863;0,3322
56498;2020-11-22;T20-21;SP2;Mallorca;Sp Gijon;0;0;0;1;0,2469;0,6011;0,152
34599;2020-11-22;T20-21;I1;Napoli;Milan;1;3;2;1;0,2309;0,5292;0,24
44600;2020-11-22;T20-21;SP1;Alaves;Valencia;2;2;0;2;0,264;0,3405;0,3956
34596;2020-11-22;T20-21;I1;Sampdoria;Bologna;1;2;2;1;0,2761;0,5022;0,2217
6062;2020-11-22;T20-21;D1;Freiburg;Mainz;1;3;2;1;0,3112;0,4454;0,2434
34594;2020-11-22;T20-21;I1;Inter;Torino;4;2;1;1;0,1645;0,7492;0,0862
26216;2020-11-22;T20-21;F1;Angers;Lyon;0;1;2;2;0,2404;0,262;0,4976
26215;2020-11-22;T20-21;F1;Reims;Nimes;0;1;2;1;0,2814;0,4746;0,244
26212;2020-11-22;T20-21;F1;Nantes;Metz;1;1;0;1;0,2965;0,4451;0,2584
16017;2020-11-22;T20-21;E0;Liverpool;Leicester;3;0;1;1;0,1589;0,734;0,1071
56500;2020-11-22;T20-21;SP2;Ponferradina;Zaragoza;2;1;1;1;0,3034;0,4235;0,2731
34595;2020-11-22;T20-21;I1;Roma;Parma;3;0;1;1;0,2005;0,7026;0,0969
56501;2020-11-23;T20-21;SP2;Albacete;Almeria;1;2;2;1;0,266;0,3844;0,3496
56504;2020-11-24;T20-21;SP2;Lugo;Oviedo;0;0;0;1;0,2979;0,4457;0,2564
56503;2020-11-24;T20-21;SP2;Girona;Malaga;0;1;2;1;0,322;0,4794;0,1986
56507;2020-11-25;T20-21;SP2;Zaragoza;Vallecano;1;2;2;1;0,2382;0,3995;0,3623
56509;2020-11-25;T20-21;SP2;Fuenlabrada;Ponferradina;1;1;0;1;0,3341;0,4535;0,2124
56505;2020-11-25;T20-21;SP2;Las Palmas;Mirandes;0;2;2;1;0,3018;0,4467;0,2514
56512;2020-11-26;T20-21;SP2;Almeria;Tenerife;2;0;1;1;0,2352;0,5363;0,2285
56513;2020-11-27;T20-21;SP2;Alcorcon;Girona;1;0;1;1;0,2812;0,3602;0,3586
56514;2020-11-27;T20-21;SP2;Malaga;Lugo;2;2;0;1;0,3106;0,4548;0,2345
44602;2020-11-27;T20-21;SP1;Valladolid;Levante;1;1;0;1;0,2932;0,3988;0,308
16020;2020-11-27;T20-21;E0;Crystal Palace;Newcastle;0;2;2;1;0,2873;0,4685;0,2442
26219;2020-11-27;T20-21;F1;Strasbourg;Rennes;1;1;0;2;0,2764;0,3391;0,3845
6064;2020-11-27;T20-21;D1;Wolfsburg;Werder Bremen;5;3;1;1;0,2546;0,5818;0,1637
44606;2020-11-28;T20-21;SP1;Real Madrid;Alaves;1;2;2;1;0,1769;0,7472;0,0758
44605;2020-11-28;T20-21;SP1;Huesca;Sevilla;0;1;2;2;0,2204;0,2644;0,5152
34602;2020-11-28;T20-21;I1;Atalanta;Verona;0;2;2;1;0,1714;0,7477;0,0809
34600;2020-11-28;T20-21;I1;Sassuolo;Inter;0;3;2;2;0,217;0,2994;0,4836
26221;2020-11-28;T20-21;F1;Paris SG;Bordeaux;2;2;0;1;0,1055;0,8385;0,056
44604;2020-11-28;T20-21;SP1;Valencia;Ath Madrid;0;1;2;2;0,2659;0,2709;0,4632
16021;2020-11-28;T20-21;E0;Brighton;Liverpool;1;1;0;2;0,1941;0,1744;0,6315
6070;2020-11-28;T20-21;D1;M'gladbach;Schalke 04;4;1;1;1;0,2227;0,6518;0,1255
6069;2020-11-28;T20-21;D1;Union Berlin;Ein Frankfurt;3;3;0;1;0,2544;0,5237;0,2219
6066;2020-11-28;T20-21;D1;Dortmund;FC Koln;1;2;2;1;0,1985;0,7547;0,0469
6065;2020-11-28;T20-21;D1;Augsburg;Freiburg;1;1;0;1;0,2706;0,3971;0,3324
16022;2020-11-28;T20-21;E0;Man City;Burnley;5;0;1;1;0,1158;0,8213;0,0629
34605;2020-11-29;T20-21;I1;Milan;Fiorentina;2;0;1;1;0,2099;0,6604;0,1297
56522;2020-11-29;T20-21;SP2;Las Palmas;Sp Gijon;3;2;1;1;0,3072;0,3764;0,3164
56518;2020-11-29;T20-21;SP2;Albacete;Tenerife;0;2;2;1;0,2623;0,3877;0,35
44610;2020-11-29;T20-21;SP1;Sociedad;Villarreal;1;1;0;1;0,2917;0,4619;0,2463
44609;2020-11-29;T20-21;SP1;Celta;Granada;3;1;1;1;0,3037;0,3908;0,3055
44608;2020-11-29;T20-21;SP1;Getafe;Ath Bilbao;1;1;0;1;0,2558;0,4362;0,3079
44607;2020-11-29;T20-21;SP1;Barcelona;Osasuna;4;0;1;1;0,1634;0,7628;0,0738
34607;2020-11-29;T20-21;I1;Napoli;Roma;4;0;1;1;0,2352;0,4477;0,3172
34603;2020-11-29;T20-21;I1;Lazio;Udinese;1;3;2;1;0,2266;0,6346;0,1389
16027;2020-11-29;T20-21;E0;Arsenal;Wolves;1;2;2;1;0,2861;0,4397;0,2743
26226;2020-11-29;T20-21;F1;Monaco;Nimes;3;0;1;1;0,3194;0,5795;0,1011
26225;2020-11-29;T20-21;F1;Metz;Brest;0;2;2;1;0,2863;0,4581;0,2556
26222;2020-11-29;T20-21;F1;Lyon;Reims;3;0;1;1;0,1925;0,6523;0,1552
16026;2020-11-29;T20-21;E0;Chelsea;Tottenham;0;0;0;1;0,2482;0,479;0,2728
16025;2020-11-29;T20-21;E0;Southampton;Man United;2;3;2;2;0,2372;0,3284;0,4344
6072;2020-11-29;T20-21;D1;Mainz;Hoffenheim;1;1;0;2;0,249;0,3622;0,3888
6071;2020-11-29;T20-21;D1;Leverkusen;Hertha;0;0;0;1;0,2327;0,6649;0,1024
26228;2020-11-29;T20-21;F1;St Etienne;Lille;1;1;0;2;0,2526;0,2532;0,4942
56523;2020-11-30;T20-21;SP2;Oviedo;Almeria;1;2;2;1;0,2751;0,4109;0,3141
16029;2020-11-30;T20-21;E0;West Ham;Aston Villa;2;1;1;1;0,2731;0,5007;0,2262
34608;2020-11-30;T20-21;I1;Torino;Sampdoria;2;2;0;1;0,2945;0,4416;0,2639
44611;2020-11-30;T20-21;SP1;Betis;Eibar;0;2;2;1;0,3016;0,4268;0,2716
34609;2020-11-30;T20-21;I1;Genoa;Parma;1;2;2;1;0,2922;0,4171;0,2907
56525;2020-12-01;T20-21;SP2;Girona;Mirandes;1;0;1;1;0,3186;0,4572;0,2242
56524;2020-12-01;T20-21;SP2;Fuenlabrada;Malaga;0;2;2;1;0,3653;0,4428;0,1919
56526;2020-12-02;T20-21;SP2;Cartagena;Espanol;1;3;2;2;0,2521;0,234;0,5139
56527;2020-12-02;T20-21;SP2;Leganes;Vallecano;1;0;1;1;0,2735;0,5035;0,223
56529;2020-12-02;T20-21;SP2;Castellon;Zaragoza;1;0;1;2;0,2836;0,3022;0,4142
56530;2020-12-02;T20-21;SP2;Lugo;Las Palmas;1;1;0;1;0,3008;0,3952;0,304
56531;2020-12-03;T20-21;SP2;Almeria;Mallorca;0;1;2;2;0,2306;0,3704;0,399
56532;2020-12-03;T20-21;SP2;Oviedo;Alcorcon;1;1;0;1;0,2841;0,4991;0,2167
56534;2020-12-03;T20-21;SP2;Sp Gijon;Albacete;0;0;0;1;0,251;0,539;0,2099
44612;2020-12-04;T20-21;SP1;Ath Bilbao;Celta;0;2;2;1;0,2833;0,4885;0,2282
26229;2020-12-04;T20-21;F1;Nimes;Marseille;0;2;2;2;0,2469;0,284;0,4691
6073;2020-12-04;T20-21;D1;Hertha;Union Berlin;3;1;1;1;0,2858;0,4116;0,3026
56538;2020-12-05;T20-21;SP2;Malaga;Cartagena;1;2;2;1;0,2599;0,4812;0,2589
56537;2020-12-05;T20-21;SP2;Mirandes;Lugo;0;0;0;1;0,3143;0,4739;0,2118
56536;2020-12-05;T20-21;SP2;Ponferradina;Las Palmas;0;0;0;1;0,2673;0,4457;0,2869
56535;2020-12-05;T20-21;SP2;Vallecano;Logrones;2;1;1;1;0,2915;0,5548;0,1537
44615;2020-12-05;T20-21;SP1;Ath Madrid;Valladolid;2;0;1;1;0,2528;0,6545;0,0927
44614;2020-12-05;T20-21;SP1;Sevilla;Real Madrid;0;1;2;2;0,2297;0,2842;0,4861
44613;2020-12-05;T20-21;SP1;Levante;Getafe;3;0;1;1;0,262;0,4446;0,2934
34612;2020-12-05;T20-21;I1;Inter;Bologna;3;1;1;1;0,2077;0,6926;0,0997
16031;2020-12-05;T20-21;E0;Man City;Fulham;2;0;1;1;0,1267;0,8148;0,0585
26231;2020-12-05;T20-21;F1;Montpellier;Paris SG;1;3;2;2;0,1584;0,1728;0,6687
16032;2020-12-05;T20-21;E0;West Ham;Man United;1;3;2;2;0,2402;0,2832;0,4766
16030;2020-12-05;T20-21;E0;Burnley;Everton;1;1;0;1;0,2916;0,379;0,3293
6078;2020-12-05;T20-21;D1;Bayern Munich;RB Leipzig;3;3;0;1;0,1679;0,5975;0,2346
6077;2020-12-05;T20-21;D1;Freiburg;M'gladbach;2;2;0;2;0,2495;0,3061;0,4443
6076;2020-12-05;T20-21;D1;FC Koln;Wolfsburg;2;2;0;1;0,2454;0,3954;0,3592
6075;2020-12-05;T20-21;D1;Ein Frankfurt;Dortmund;1;1;0;2;0,2591;0,2244;0,5166
34611;2020-12-05;T20-21;I1;Juventus;Torino;2;1;1;1;0,1501;0,7649;0,085
44620;2020-12-06;T20-21;SP1;Alaves;Sociedad;0;0;0;2;0,2461;0,2774;0,4765
44617;2020-12-06;T20-21;SP1;Granada;Huesca;3;3;0;1;0,2905;0,5028;0,2067
44618;2020-12-06;T20-21;SP1;Osasuna;Betis;0;2;2;1;0,2872;0,4502;0,2626
56539;2020-12-06;T20-21;SP2;Alcorcon;Almeria;0;1;2;1;0,2688;0,3808;0,3504
34617;2020-12-06;T20-21;I1;Sampdoria;Milan;1;2;2;2;0,2464;0,2646;0,489
56541;2020-12-06;T20-21;SP2;Albacete;Girona;0;2;2;2;0,274;0,3466;0,3794
56542;2020-12-06;T20-21;SP2;Sabadell;Oviedo;0;1;2;2;0,3334;0,3173;0,3493
56543;2020-12-06;T20-21;SP2;Zaragoza;Fuenlabrada;1;0;1;1;0,3151;0,4022;0,2827
56540;2020-12-06;T20-21;SP2;Espanol;Sp Gijon;2;0;1;1;0,2478;0,6207;0,1315
34615;2020-12-06;T20-21;I1;Roma;Sassuolo;0;0;0;1;0,227;0,6297;0,1433
34613;2020-12-06;T20-21;I1;Verona;Cagliari;1;1;0;1;0,2615;0,5444;0,1941
26238;2020-12-06;T20-21;F1;Metz;Lyon;1;3;2;2;0,2225;0,2714;0,506
26237;2020-12-06;T20-21;F1;Reims;Nice;0;0;0;2;0,3049;0,3343;0,3608
26236;2020-12-06;T20-21;F1;Nantes;Strasbourg;0;4;2;1;0,3015;0,4392;0,2593
26235;2020-12-06;T20-21;F1;Dijon;St Etienne;0;0;0;1;0,2979;0,3964;0,3057
26234;2020-12-06;T20-21;F1;Bordeaux;Brest;1;0;1;1;0,2591;0,434;0,3069
26232;2020-12-06;T20-21;F1;Lille;Monaco;2;1;1;1;0,2446;0,5004;0,2549
16037;2020-12-06;T20-21;E0;Liverpool;Wolves;4;0;1;1;0,1472;0,7589;0,094
16036;2020-12-06;T20-21;E0;Tottenham;Arsenal;2;0;1;1;0,2611;0,4604;0,2785
16035;2020-12-06;T20-21;E0;Sheffield United;Leicester;1;2;2;2;0,2734;0,3232;0,4034
6080;2020-12-06;T20-21;D1;Schalke 04;Leverkusen;0;3;2;2;0,2371;0,239;0,5238
56544;2020-12-07;T20-21;SP2;Tenerife;Leganes;0;0;0;2;0,2715;0,3279;0,4006
44621;2020-12-07;T20-21;SP1;Eibar;Valencia;0;0;0;1;0,2887;0,4391;0,2722
56545;2020-12-07;T20-21;SP2;Mallorca;Castellon;3;1;1;1;0,2265;0,6705;0,103
16038;2020-12-07;T20-21;E0;Brighton;Southampton;1;2;2;2;0,282;0,3532;0,3648
6081;2020-12-07;T20-21;D1;Hoffenheim;Augsburg;3;1;1;1;0,2697;0,5519;0,1783
34618;2020-12-07;T20-21;I1;Fiorentina;Genoa;1;1;0;1;0,278;0,4895;0,2326
56546;2020-12-09;T20-21;SP2;Almeria;Zaragoza;1;0;1;1;0,2578;0,4983;0,244
56547;2020-12-09;T20-21;SP2;Sabadell;Alcorcon;1;1;0;2;0,3218;0,3341;0,3442
56548;2020-12-10;T20-21;SP2;Girona;Logrones;2;0;1;1;0,3359;0,4745;0,1895
56550;2020-12-11;T20-21;SP2;Oviedo;Tenerife;4;2;1;1;0,2798;0,3928;0,3274
44622;2020-12-11;T20-21;SP1;Valladolid;Osasuna;3;2;1;1;0,2572;0,4284;0,3144
56549;2020-12-11;T20-21;SP2;Lugo;Ponferradina;1;0;1;1;0,3046;0,4213;0,2741
6082;2020-12-11;T20-21;D1;Wolfsburg;Ein Frankfurt;2;1;1;1;0,2334;0,5974;0,1692
26239;2020-12-11;T20-21;F1;St Etienne;Angers;0;0;0;1;0,2848;0,4204;0,2948
34622;2020-12-12;T20-21;I1;Lazio;Verona;1;2;2;1;0,2408;0,6206;0,1386
56553;2020-12-12;T20-21;SP2;Fuenlabrada;Mirandes;0;1;2;1;0,3526;0,4118;0,2357
56552;2020-12-12;T20-21;SP2;Castellon;Albacete;3;0;1;1;0,2955;0,3765;0,328
56551;2020-12-12;T20-21;SP2;Leganes;Mallorca;0;1;2;1;0,258;0,4372;0,3048
44625;2020-12-12;T20-21;SP1;Huesca;Alaves;1;0;1;1;0,2883;0,4325;0,2792
44624;2020-12-12;T20-21;SP1;Getafe;Sevilla;0;1;2;2;0,2349;0,3223;0,4428
44623;2020-12-12;T20-21;SP1;Valencia;Ath Bilbao;2;2;0;1;0,3043;0,4376;0,2582
34621;2020-12-12;T20-21;I1;Torino;Udinese;2;3;2;1;0,2957;0,4631;0,2412
44626;2020-12-12;T20-21;SP1;Real Madrid;Ath Madrid;2;0;1;1;0,2467;0,4915;0,2618
16043;2020-12-12;T20-21;E0;Everton;Chelsea;1;0;1;2;0,2309;0,2869;0,4823
6083;2020-12-12;T20-21;D1;Dortmund;Stuttgart;1;5;2;1;0,1946;0,7034;0,102
6085;2020-12-12;T20-21;D1;Mainz;FC Koln;0;1;2;1;0,2902;0,4806;0,2291
6086;2020-12-12;T20-21;D1;M'gladbach;Hertha;1;1;0;1;0,251;0,6129;0,1361
26240;2020-12-12;T20-21;F1;Marseille;Monaco;2;1;1;1;0,2284;0,4884;0,2832
6088;2020-12-12;T20-21;D1;Union Berlin;Bayern Munich;1;1;0;2;0,1516;0,1356;0,7128
16040;2020-12-12;T20-21;E0;Wolves;Aston Villa;0;1;2;1;0,2762;0,5209;0,203
16042;2020-12-12;T20-21;E0;Man United;Man City;0;0;0;2;0,2073;0,3547;0,438
6087;2020-12-12;T20-21;D1;RB Leipzig;Werder Bremen;2;0;1;1;0,2119;0,7012;0,0869
56558;2020-12-13;T20-21;SP2;Sp Gijon;Zaragoza;1;0;1;1;0,2914;0,4593;0,2493
34625;2020-12-13;T20-21;I1;Bologna;Roma;1;5;2;2;0,2002;0,2606;0,5392
34626;2020-12-13;T20-21;I1;Napoli;Sampdoria;2;1;1;1;0,1632;0,7232;0,1136
34627;2020-12-13;T20-21;I1;Genoa;Juventus;1;3;2;2;0,1917;0,14;0,6683
34628;2020-12-13;T20-21;I1;Milan;Parma;2;2;0;1;0,2082;0,7018;0,0901
44627;2020-12-13;T20-21;SP1;Sociedad;Eibar;1;1;0;1;0,2911;0,5202;0,1886
44630;2020-12-13;T20-21;SP1;Barcelona;Levante;1;0;1;1;0,2158;0,7015;0,0828
56554;2020-12-13;T20-21;SP2;Logrones;Espanol;0;3;2;2;0,2315;0,2248;0,5437
56555;2020-12-13;T20-21;SP2;Almeria;Malaga;3;1;1;1;0,2598;0,5112;0,229
34624;2020-12-13;T20-21;I1;Atalanta;Fiorentina;3;0;1;1;0,2046;0,6804;0,115
56557;2020-12-13;T20-21;SP2;Cartagena;Sabadell;1;2;2;1;0,3369;0,4439;0,2192
44628;2020-12-13;T20-21;SP1;Betis;Villarreal;1;1;0;2;0,2735;0,3456;0,3809
56556;2020-12-13;T20-21;SP2;Las Palmas;Alcorcon;0;0;0;1;0,2994;0,4602;0,2404
26248;2020-12-13;T20-21;F1;Paris SG;Lyon;0;1;2;1;0,1618;0,6456;0,1926
26247;2020-12-13;T20-21;F1;Lille;Bordeaux;2;1;1;1;0,2737;0,5856;0,1406
6089;2020-12-13;T20-21;D1;Augsburg;Schalke 04;2;2;0;1;0,3092;0,4322;0,2586
34623;2020-12-13;T20-21;I1;Cagliari;Inter;1;3;2;2;0,2237;0,2062;0,57
16044;2020-12-13;T20-21;E0;Southampton;Sheffield United;3;0;1;1;0,264;0,5379;0,1981
16045;2020-12-13;T20-21;E0;Crystal Palace;Tottenham;1;1;0;2;0,2502;0,2751;0,4747
16046;2020-12-13;T20-21;E0;Fulham;Liverpool;1;1;0;2;0,1868;0,1344;0,6788
6090;2020-12-13;T20-21;D1;Leverkusen;Hoffenheim;4;1;1;1;0,256;0,553;0,191
16048;2020-12-13;T20-21;E0;Leicester;Brighton;3;0;1;1;0,249;0,5854;0,1656
26242;2020-12-13;T20-21;F1;Nice;Rennes;0;1;2;1;0,2751;0,4286;0,2963
26243;2020-12-13;T20-21;F1;Brest;Reims;2;1;1;1;0,2914;0,4702;0,2384
26245;2020-12-13;T20-21;F1;Nantes;Dijon;1;1;0;1;0,2947;0,4759;0,2294
26246;2020-12-13;T20-21;F1;Strasbourg;Metz;2;2;0;1;0,2944;0,4431;0,2626
16047;2020-12-13;T20-21;E0;Arsenal;Burnley;0;1;2;1;0,2864;0,5042;0,2094
56559;2020-12-14;T20-21;SP2;Girona;Vallecano;0;0;0;1;0,2466;0,4377;0,3158
44632;2020-12-15;T20-21;SP1;Real Madrid;Ath Bilbao;3;1;1;1;0,2374;0,6582;0,1044
6091;2020-12-15;T20-21;D1;Ein Frankfurt;M'gladbach;3;3;0;2;0,2643;0,354;0,3817
6092;2020-12-15;T20-21;D1;Hertha;Mainz;0;0;0;1;0,2741;0,4628;0,2631
6093;2020-12-15;T20-21;D1;Stuttgart;Union Berlin;2;2;0;1;0,2874;0,4676;0,245
6094;2020-12-15;T20-21;D1;Werder Bremen;Dortmund;1;2;2;2;0,251;0,1895;0,5596
16049;2020-12-15;T20-21;E0;Wolves;Chelsea;2;1;1;2;0,2477;0,3033;0,449
26258;2020-12-16;T20-21;F1;Rennes;Marseille;2;1;1;1;0,2718;0,4084;0,3199
34631;2020-12-16;T20-21;I1;Juventus;Atalanta;1;1;0;1;0,1988;0,4771;0,324
26254;2020-12-16;T20-21;F1;Bordeaux;St Etienne;1;2;2;1;0,303;0,4321;0,2648
26255;2020-12-16;T20-21;F1;Lyon;Brest;2;2;0;1;0,1501;0,679;0,1709
34632;2020-12-16;T20-21;I1;Fiorentina;Sassuolo;1;1;0;1;0,2716;0,3801;0,3483
26253;2020-12-16;T20-21;F1;Reims;Nantes;3;2;1;1;0,3079;0,4512;0,2409
34634;2020-12-16;T20-21;I1;Inter;Napoli;1;0;1;1;0,2398;0,4306;0,3295
34635;2020-12-16;T20-21;I1;Parma;Cagliari;0;0;0;1;0,2759;0,4539;0,2703
34637;2020-12-16;T20-21;I1;Verona;Sampdoria;1;2;2;1;0,2402;0,5357;0,224
44633;2020-12-16;T20-21;SP1;Barcelona;Sociedad;2;1;1;1;0,2184;0,6737;0,1079
34633;2020-12-16;T20-21;I1;Genoa;Milan;2;2;0;2;0,1944;0,1894;0,6162
26252;2020-12-16;T20-21;F1;Nimes;Nice;0;2;2;2;0,2769;0,3444;0,3787
6099;2020-12-16;T20-21;D1;Hoffenheim;RB Leipzig;0;1;2;2;0,2385;0,3274;0,4341
26250;2020-12-16;T20-21;F1;Dijon;Lille;0;2;2;2;0,2486;0,2722;0,4792
26249;2020-12-16;T20-21;F1;Angers;Strasbourg;0;2;2;1;0,2994;0,4694;0,2312
16056;2020-12-16;T20-21;E0;West Ham;Crystal Palace;1;1;0;1;0,2842;0,4762;0,2396
16055;2020-12-16;T20-21;E0;Liverpool;Tottenham;2;1;1;1;0,1703;0,6658;0,1639
16054;2020-12-16;T20-21;E0;Fulham;Brighton;0;0;0;1;0,2682;0,3979;0,3339
16053;2020-12-16;T20-21;E0;Leicester;Everton;0;2;2;1;0,268;0,537;0,195
16051;2020-12-16;T20-21;E0;Arsenal;Southampton;1;1;0;1;0,2883;0,4483;0,2634
26251;2020-12-16;T20-21;F1;Montpellier;Metz;0;2;2;1;0,2854;0,5133;0,2013
6098;2020-12-16;T20-21;D1;FC Koln;Leverkusen;0;4;2;2;0,2379;0,251;0,5111
6096;2020-12-16;T20-21;D1;Bayern Munich;Wolfsburg;2;1;1;1;0,1588;0,7398;0,1014
6095;2020-12-16;T20-21;D1;Schalke 04;Freiburg;0;2;2;1;0,2861;0,3796;0,3344
16058;2020-12-17;T20-21;E0;Sheffield United;Man United;2;3;2;2;0,2157;0,19;0,5942
34638;2020-12-17;T20-21;I1;Roma;Torino;3;1;1;1;0,1794;0,728;0,0926
16057;2020-12-17;T20-21;E0;Aston Villa;Burnley;0;0;0;1;0,3108;0,4425;0,2467
6100;2020-12-18;T20-21;D1;Union Berlin;Dortmund;2;1;1;2;0,2411;0,2409;0,5179
44634;2020-12-18;T20-21;SP1;Ath Bilbao;Huesca;2;0;1;1;0,2817;0,4804;0,238
56560;2020-12-18;T20-21;SP2;Ponferradina;Oviedo;1;0;1;1;0,3015;0,4585;0,2401
34639;2020-12-19;T20-21;I1;Fiorentina;Verona;1;1;0;1;0,295;0,4405;0,2646
56563;2020-12-19;T20-21;SP2;Zaragoza;Lugo;1;0;1;1;0,3107;0,4489;0,2404
56562;2020-12-19;T20-21;SP2;Mallorca;Fuenlabrada;2;3;2;1;0,2377;0,6438;0,1185
56561;2020-12-19;T20-21;SP2;Sabadell;Castellon;1;1;0;1;0,3469;0,3933;0,2598
44639;2020-12-19;T20-21;SP1;Sevilla;Valladolid;1;1;0;1;0,2676;0,6167;0,1156
44638;2020-12-19;T20-21;SP1;Osasuna;Villarreal;1;3;2;2;0,2917;0,3426;0,3657
44637;2020-12-19;T20-21;SP1;Levante;Sociedad;2;1;1;2;0,2745;0,3557;0,3698
44636;2020-12-19;T20-21;SP1;Barcelona;Valencia;2;2;0;1;0,2149;0,7064;0,0787
34641;2020-12-19;T20-21;I1;Parma;Juventus;0;4;2;2;0,2;0,1597;0,6403
26261;2020-12-19;T20-21;F1;Nice;Lyon;1;4;2;2;0,2359;0,2786;0,4856
16060;2020-12-19;T20-21;E0;Southampton;Man City;0;1;2;2;0,175;0,2382;0,5869
16062;2020-12-19;T20-21;E0;Newcastle;Fulham;1;1;0;1;0,2691;0,4881;0,2428
16061;2020-12-19;T20-21;E0;Everton;Arsenal;2;1;1;1;0,2709;0,3814;0,3477
16059;2020-12-19;T20-21;E0;Crystal Palace;Liverpool;0;7;2;2;0,2018;0,1994;0,5988
6106;2020-12-19;T20-21;D1;Leverkusen;Bayern Munich;1;2;2;2;0,2128;0,3189;0,4683
6104;2020-12-19;T20-21;D1;RB Leipzig;FC Koln;0;0;0;1;0,2156;0,7338;0,0506
6103;2020-12-19;T20-21;D1;M'gladbach;Hoffenheim;1;2;2;1;0,2447;0,5246;0,2307
6102;2020-12-19;T20-21;D1;Mainz;Werder Bremen;0;1;2;1;0,28;0,4476;0,2724
6101;2020-12-19;T20-21;D1;Augsburg;Ein Frankfurt;0;2;2;1;0,2912;0,4136;0,2952
26260;2020-12-19;T20-21;F1;Marseille;Reims;1;1;0;1;0,2574;0,5877;0,1549
34647;2020-12-20;T20-21;I1;Atalanta;Roma;4;1;1;1;0,2415;0,4599;0,2986
34648;2020-12-20;T20-21;I1;Lazio;Napoli;2;0;1;2;0,2386;0,3626;0,3989
44640;2020-12-20;T20-21;SP1;Celta;Alaves;2;0;1;1;0,289;0,4666;0,2444
44641;2020-12-20;T20-21;SP1;Granada;Betis;2;0;1;1;0,2886;0,4576;0,2538
56567;2020-12-20;T20-21;SP2;Malaga;Logrones;0;0;0;1;0,3213;0,4584;0,2203
56564;2020-12-20;T20-21;SP2;Alcorcon;Cartagena;2;1;1;1;0,3286;0,4483;0,2231
56565;2020-12-20;T20-21;SP2;Espanol;Almeria;2;1;1;1;0,2452;0,6359;0,1189
56566;2020-12-20;T20-21;SP2;Vallecano;Las Palmas;2;0;1;1;0,2409;0,5594;0,1997
34646;2020-12-20;T20-21;I1;Sassuolo;Milan;1;2;2;2;0,2224;0,315;0,4626
44643;2020-12-20;T20-21;SP1;Eibar;Real Madrid;1;3;2;2;0,2185;0,2318;0,5497
34644;2020-12-20;T20-21;I1;Cagliari;Udinese;1;1;0;1;0,2947;0,4442;0,2611
16063;2020-12-20;T20-21;E0;Brighton;Sheffield United;1;1;0;1;0,2738;0,4448;0,2814
26268;2020-12-20;T20-21;F1;Lille;Paris SG;0;0;0;2;0,2156;0,299;0,4854
26267;2020-12-20;T20-21;F1;Lorient;Rennes;0;3;2;2;0,2291;0,2974;0,4735
26266;2020-12-20;T20-21;F1;Strasbourg;Bordeaux;0;2;2;1;0,3038;0,4143;0,2819
26265;2020-12-20;T20-21;F1;St Etienne;Nimes;2;2;0;1;0,2924;0,4688;0,2388
26264;2020-12-20;T20-21;F1;Nantes;Angers;1;1;0;1;0,3047;0,4255;0,2698
26263;2020-12-20;T20-21;F1;Dijon;Monaco;0;1;2;2;0,2237;0,3231;0,4532
26262;2020-12-20;T20-21;F1;Brest;Montpellier;2;2;0;1;0,2753;0,4399;0,2848
16064;2020-12-20;T20-21;E0;Tottenham;Leicester;0;2;2;1;0,2627;0,5079;0,2295
34642;2020-12-20;T20-21;I1;Torino;Bologna;1;1;0;1;0,2831;0,4745;0,2424
6108;2020-12-20;T20-21;D1;Wolfsburg;Stuttgart;1;0;1;1;0,2471;0,5388;0,2141
6107;2020-12-20;T20-21;D1;Freiburg;Hertha;4;1;1;1;0,2997;0,4838;0,2166
56569;2020-12-21;T20-21;SP2;Sp Gijon;Leganes;1;1;0;2;0,299;0,3476;0,3534
56568;2020-12-21;T20-21;SP2;Mirandes;Albacete;0;2;2;1;0,2627;0,5188;0,2185
56570;2020-12-21;T20-21;SP2;Tenerife;Girona;2;0;1;1;0,3134;0,413;0,2736
16067;2020-12-21;T20-21;E0;Burnley;Wolves;2;1;1;1;0,2967;0,3561;0,3472
16068;2020-12-21;T20-21;E0;Chelsea;West Ham;3;0;1;1;0,2416;0,6137;0,1447
34650;2020-12-22;T20-21;I1;Juventus;Fiorentina;0;3;2;1;0,1751;0,722;0,1029
44645;2020-12-22;T20-21;SP1;Valencia;Sevilla;0;1;2;2;0,2655;0,3412;0,3932
44646;2020-12-22;T20-21;SP1;Huesca;Levante;1;1;0;1;0,2814;0,3767;0,342
44647;2020-12-22;T20-21;SP1;Sociedad;Ath Madrid;0;2;2;2;0,2712;0,3044;0,4244
44648;2020-12-22;T20-21;SP1;Valladolid;Barcelona;0;3;2;2;0,1922;0,1461;0,6617
44649;2020-12-22;T20-21;SP1;Villarreal;Ath Bilbao;1;1;0;1;0,3017;0,4879;0,2104
34653;2020-12-23;T20-21;I1;Milan;Lazio;3;2;1;1;0,2476;0,5305;0,2219
34654;2020-12-23;T20-21;I1;Napoli;Torino;1;1;0;1;0,2232;0,6597;0,1171
34655;2020-12-23;T20-21;I1;Roma;Cagliari;3;2;1;1;0,1764;0,6997;0,1239
44652;2020-12-23;T20-21;SP1;Alaves;Eibar;2;1;1;1;0,3048;0,353;0,3423
44650;2020-12-23;T20-21;SP1;Getafe;Celta;1;1;0;1;0,2588;0,4398;0,3014
44651;2020-12-23;T20-21;SP1;Real Madrid;Granada;2;0;1;1;0,2092;0,7025;0,0882
34652;2020-12-23;T20-21;I1;Bologna;Atalanta;2;2;0;2;0,2248;0,2375;0,5377
34656;2020-12-23;T20-21;I1;Sampdoria;Sassuolo;2;3;2;1;0,286;0,3696;0,3444
26278;2020-12-23;T20-21;F1;Paris SG;Strasbourg;4;0;1;1;0,0808;0,8611;0,0581
34651;2020-12-23;T20-21;I1;Verona;Inter;1;2;2;2;0,219;0,2183;0,5627
26277;2020-12-23;T20-21;F1;Montpellier;Lille;2;3;2;2;0,2621;0,3379;0,4
26276;2020-12-23;T20-21;F1;Monaco;St Etienne;2;2;0;1;0,2889;0,5042;0,2068
26275;2020-12-23;T20-21;F1;Lyon;Nantes;3;0;1;1;0,1592;0,7353;0,1055
26274;2020-12-23;T20-21;F1;Angers;Marseille;2;1;1;2;0,2776;0,357;0,3654
26273;2020-12-23;T20-21;F1;Rennes;Metz;1;0;1;1;0,274;0,5661;0,1599
26272;2020-12-23;T20-21;F1;Nimes;Dijon;1;3;2;1;0,2697;0,4714;0,2588
26271;2020-12-23;T20-21;F1;Nice;Lorient;2;2;0;1;0,2755;0,5431;0,1814
26270;2020-12-23;T20-21;F1;Lens;Brest;2;1;1;1;0,2752;0,5198;0,2051
26269;2020-12-23;T20-21;F1;Bordeaux;Reims;1;3;2;1;0,3059;0,4523;0,2418
16074;2020-12-26;T20-21;E0;Sheffield United;Everton;0;1;2;2;0,2745;0,345;0,3806
16073;2020-12-26;T20-21;E0;Man City;Newcastle;2;0;1;1;0,1275;0,8192;0,0533
16072;2020-12-26;T20-21;E0;Arsenal;Chelsea;3;1;1;2;0,2635;0,3357;0,4007
16071;2020-12-26;T20-21;E0;Fulham;Southampton;0;0;0;2;0,2581;0,3222;0,4197
16070;2020-12-26;T20-21;E0;Aston Villa;Crystal Palace;3;0;1;1;0,297;0,5012;0,2018
16069;2020-12-26;T20-21;E0;Leicester;Man United;2;2;0;2;0,2705;0,3587;0,3708
16076;2020-12-27;T20-21;E0;West Ham;Brighton;2;2;0;1;0,2897;0,4774;0,2328
16078;2020-12-27;T20-21;E0;Wolves;Tottenham;1;1;0;2;0,288;0,3256;0,3864
16080;2020-12-28;T20-21;E0;Chelsea;Aston Villa;1;1;0;1;0,2326;0,6259;0,1415
16079;2020-12-28;T20-21;E0;Crystal Palace;Leicester;1;1;0;2;0,2644;0,3433;0,3923
44656;2020-12-29;T20-21;SP1;Cadiz;Valladolid;0;0;0;1;0,2865;0,4277;0,2858
16084;2020-12-29;T20-21;E0;West Brom;Leeds;0;5;2;2;0,1943;0,2764;0,5293
44655;2020-12-29;T20-21;SP1;Barcelona;Eibar;1;1;0;1;0,1829;0,7483;0,0689
44657;2020-12-29;T20-21;SP1;Levante;Betis;4;3;1;1;0,2672;0,4678;0,265
44654;2020-12-29;T20-21;SP1;Sevilla;Villarreal;2;0;1;1;0,281;0,4813;0,2378
16081;2020-12-29;T20-21;E0;Brighton;Arsenal;0;1;2;2;0,2679;0,2896;0,4425
16083;2020-12-29;T20-21;E0;Southampton;West Ham;0;0;0;1;0,2754;0,4778;0,2467
16082;2020-12-29;T20-21;E0;Burnley;Sheffield United;1;0;1;1;0,2872;0,4808;0,232
16085;2020-12-29;T20-21;E0;Man United;Wolves;1;0;1;1;0,2645;0,581;0,1545
16086;2020-12-30;T20-21;E0;Newcastle;Liverpool;0;0;0;2;0,194;0,1847;0,6212
44658;2020-12-30;T20-21;SP1;Granada;Valencia;2;1;1;1;0,3182;0,439;0,2427
44659;2020-12-30;T20-21;SP1;Ath Madrid;Getafe;1;0;1;1;0,2155;0,6857;0,0989
44660;2020-12-30;T20-21;SP1;Celta;Huesca;2;1;1;1;0,2679;0,4735;0,2585
44662;2020-12-31;T20-21;SP1;Ath Bilbao;Sociedad;0;1;2;1;0,2811;0,3772;0,3418
44663;2020-12-31;T20-21;SP1;Osasuna;Alaves;1;1;0;1;0,3269;0,4325;0,2406
16087;2021-01-01;T20-21;E0;Everton;West Ham;0;1;2;1;0,2761;0,498;0,2259
16088;2021-01-01;T20-21;E0;Man United;Aston Villa;2;1;1;1;0,2315;0,6275;0,1411
44666;2021-01-02;T20-21;SP1;Getafe;Valladolid;0;1;2;1;0,2478;0,4764;0,2758
44667;2021-01-02;T20-21;SP1;Real Madrid;Celta;2;0;1;1;0,2145;0,7016;0,084
56571;2021-01-02;T20-21;SP2;Fuenlabrada;Leganes;0;0;0;2;0,2871;0,2988;0,414
6115;2021-01-02;T20-21;D1;Stuttgart;RB Leipzig;0;1;2;2;0,2317;0,232;0,5363
56573;2021-01-02;T20-21;SP2;Logrones;Mirandes;2;1;1;1;0,3046;0,4009;0,2944
56574;2021-01-02;T20-21;SP2;Cartagena;Zaragoza;1;1;0;0;0,3375;0,3346;0,3278
44665;2021-01-02;T20-21;SP1;Betis;Sevilla;1;1;0;2;0,2493;0,3034;0,4473
56572;2021-01-02;T20-21;SP2;Vallecano;Alcorcon;2;1;1;1;0,2391;0,5919;0,169
44664;2021-01-02;T20-21;SP1;Villarreal;Levante;2;1;1;1;0,2963;0,4851;0,2185
6112;2021-01-02;T20-21;D1;Hoffenheim;Freiburg;1;3;2;1;0,2867;0,5056;0,2077
16091;2021-01-02;T20-21;E0;Brighton;Wolves;3;3;0;1;0,3036;0,3487;0,3477
16090;2021-01-02;T20-21;E0;Crystal Palace;Sheffield United;2;0;1;1;0,2853;0,4858;0,2289
16089;2021-01-02;T20-21;E0;Tottenham;Leeds;3;0;1;1;0,2537;0,476;0,2703
6114;2021-01-02;T20-21;D1;Hertha;Schalke 04;3;0;1;1;0,2713;0,4762;0,2526
6113;2021-01-02;T20-21;D1;Werder Bremen;Union Berlin;0;2;2;1;0,2817;0,4264;0,2919
6111;2021-01-02;T20-21;D1;FC Koln;Augsburg;0;1;2;1;0,2743;0,4157;0,31
6110;2021-01-02;T20-21;D1;Ein Frankfurt;Leverkusen;2;1;1;2;0,2329;0,2987;0,4684
16092;2021-01-02;T20-21;E0;West Brom;Arsenal;0;4;2;2;0,2031;0,1743;0,6226
56577;2021-01-03;T20-21;SP2;Albacete;Malaga;1;1;0;1;0,3189;0,3659;0,3152
56576;2021-01-03;T20-21;SP2;Las Palmas;Espanol;1;0;1;2;0,2019;0,201;0,5971
56575;2021-01-03;T20-21;SP2;Castellon;Tenerife;0;1;2;1;0,3009;0,4206;0,2785
44672;2021-01-03;T20-21;SP1;Huesca;Barcelona;0;1;2;2;0,1929;0,1704;0,6367
44671;2021-01-03;T20-21;SP1;Sociedad;Osasuna;1;1;0;1;0,2534;0,5671;0,1795
44670;2021-01-03;T20-21;SP1;Eibar;Granada;2;0;1;1;0,2735;0,4514;0,2751
44669;2021-01-03;T20-21;SP1;Alaves;Ath Madrid;1;2;2;2;0,1907;0,1702;0,6391
34668;2021-01-03;T20-21;I1;Juventus;Udinese;4;1;1;1;0,1361;0,7581;0,1058
34664;2021-01-03;T20-21;I1;Parma;Torino;0;3;2;1;0,2901;0,4101;0,2998
34663;2021-01-03;T20-21;I1;Genoa;Lazio;1;1;0;2;0,208;0,2181;0,5738
34662;2021-01-03;T20-21;I1;Fiorentina;Bologna;0;0;0;1;0,2919;0,4634;0,2446
34661;2021-01-03;T20-21;I1;Cagliari;Napoli;1;4;2;2;0,2041;0,1915;0,6044
34660;2021-01-03;T20-21;I1;Atalanta;Sassuolo;5;1;1;1;0,2205;0,6463;0,1332
16094;2021-01-03;T20-21;E0;Chelsea;Man City;1;3;2;2;0,2059;0,361;0,4331
16093;2021-01-03;T20-21;E0;Newcastle;Leicester;1;2;2;2;0,2589;0,3329;0,4082
6117;2021-01-03;T20-21;D1;Bayern Munich;Mainz;5;2;1;1;0,1167;0,8287;0,0546
34665;2021-01-03;T20-21;I1;Roma;Sampdoria;1;0;1;1;0,1958;0,6824;0,1218
16095;2021-01-04;T20-21;E0;Southampton;Liverpool;1;0;1;2;0,1995;0,2234;0,5771
44673;2021-01-04;T20-21;SP1;Valencia;Cadiz;1;1;0;1;0,3012;0,4987;0,2001
34674;2021-01-06;T20-21;I1;Sampdoria;Inter;2;1;1;2;0,1948;0,2219;0,5833
34672;2021-01-06;T20-21;I1;Crotone;Roma;1;3;2;2;0,148;0,121;0,731
34673;2021-01-06;T20-21;I1;Lazio;Fiorentina;2;1;1;1;0,2246;0,5843;0,1911
34675;2021-01-06;T20-21;I1;Sassuolo;Genoa;2;1;1;1;0,2347;0,5978;0,1676
34671;2021-01-06;T20-21;I1;Bologna;Udinese;2;2;0;1;0,2789;0,4907;0,2304
34677;2021-01-06;T20-21;I1;Napoli;Spezia;1;2;2;1;0,1671;0,7493;0,0836
34678;2021-01-06;T20-21;I1;Milan;Juventus;1;3;2;1;0,2639;0,4093;0,3269
44674;2021-01-06;T20-21;SP1;Ath Bilbao;Barcelona;2;3;2;2;0,1945;0,1693;0,6361
34676;2021-01-06;T20-21;I1;Torino;Verona;1;1;0;1;0,2927;0,4769;0,2304
34670;2021-01-06;T20-21;I1;Atalanta;Parma;3;0;1;1;0,1784;0,7419;0,0797
26284;2021-01-06;T20-21;F1;Lille;Angers;1;2;2;1;0,2446;0,6411;0,1143
26288;2021-01-06;T20-21;F1;St Etienne;Paris SG;1;1;0;2;0,1829;0,1562;0,6608
26287;2021-01-06;T20-21;F1;Reims;Dijon;0;0;0;1;0,288;0,4799;0,232
26286;2021-01-06;T20-21;F1;Marseille;Montpellier;3;1;1;1;0,2829;0,5631;0,154
26285;2021-01-06;T20-21;F1;Lyon;Lens;3;2;1;1;0,2112;0,6127;0,1761
34669;2021-01-06;T20-21;I1;Cagliari;Benevento;1;2;2;1;0,2548;0,5023;0,2429
26283;2021-01-06;T20-21;F1;Strasbourg;Nimes;5;0;1;1;0,2901;0,4571;0,2529
26282;2021-01-06;T20-21;F1;Nantes;Rennes;0;0;0;2;0,287;0,3221;0,3909
26281;2021-01-06;T20-21;F1;Metz;Bordeaux;0;0;0;1;0,301;0,4263;0,2727
26280;2021-01-06;T20-21;F1;Lorient;Monaco;2;5;2;2;0,2161;0,3446;0,4393
26279;2021-01-06;T20-21;F1;Brest;Nice;2;0;1;1;0,2844;0,4346;0,281
56582;2021-01-08;T20-21;SP2;Zaragoza;Logrones;2;0;1;1;0,3232;0,4618;0,215
44675;2021-01-08;T20-21;SP1;Celta;Villarreal;0;4;2;2;0,2564;0,3537;0,3899
6118;2021-01-08;T20-21;D1;M'gladbach;Bayern Munich;3;2;1;2;0,1973;0,253;0,5497
44678;2021-01-09;T20-21;SP1;Osasuna;Real Madrid;0;0;0;2;0,2033;0,1766;0,6201
44677;2021-01-09;T20-21;SP1;Granada;Barcelona;0;4;2;2;0,1979;0,1759;0,6261
44676;2021-01-09;T20-21;SP1;Sevilla;Sociedad;3;2;1;1;0,2864;0,4724;0,2412
34681;2021-01-09;T20-21;I1;Milan;Torino;2;0;1;1;0,2165;0,6754;0,1081
34680;2021-01-09;T20-21;I1;Genoa;Bologna;2;0;1;1;0,2928;0,3692;0,338
34679;2021-01-09;T20-21;I1;Benevento;Atalanta;1;4;2;2;0,2554;0,2242;0,5204
26298;2021-01-09;T20-21;F1;Rennes;Lyon;2;2;0;2;0,231;0,3243;0,4447
26297;2021-01-09;T20-21;F1;Reims;St Etienne;3;1;1;1;0,2986;0,4359;0,2655
26296;2021-01-09;T20-21;F1;Paris SG;Brest;3;0;1;1;0,1597;0,7546;0,0857
26295;2021-01-09;T20-21;F1;Nimes;Lille;0;1;2;2;0,2394;0,2653;0,4953
26294;2021-01-09;T20-21;F1;Montpellier;Nantes;1;1;0;1;0,2912;0,5293;0,1795
56583;2021-01-09;T20-21;SP2;Malaga;Oviedo;1;1;0;1;0,2947;0,4602;0,2451
26292;2021-01-09;T20-21;F1;Metz;Nice;1;1;0;1;0,292;0,3989;0,3091
26293;2021-01-09;T20-21;F1;Monaco;Angers;3;0;1;1;0,2786;0,5169;0,2044
6119;2021-01-09;T20-21;D1;Freiburg;FC Koln;5;0;1;1;0,2802;0,5434;0,1764
6121;2021-01-09;T20-21;D1;Mainz;Ein Frankfurt;0;2;2;1;0,2768;0,4267;0,2966
6122;2021-01-09;T20-21;D1;Schalke 04;Hoffenheim;4;0;1;2;0,2658;0,3123;0,4219
6120;2021-01-09;T20-21;D1;Leverkusen;Werder Bremen;1;1;0;1;0,2435;0,6406;0,1158
6124;2021-01-09;T20-21;D1;RB Leipzig;Dortmund;1;3;2;1;0,2536;0,4363;0,31
26289;2021-01-09;T20-21;F1;Bordeaux;Lorient;2;1;1;1;0,2719;0,5067;0,2214
26290;2021-01-09;T20-21;F1;Dijon;Marseille;0;0;0;2;0,2382;0,2478;0,514
26291;2021-01-09;T20-21;F1;Lens;Strasbourg;0;1;2;1;0,2794;0,5156;0,2051
6123;2021-01-09;T20-21;D1;Union Berlin;Wolfsburg;2;2;0;1;0,3008;0,4112;0,288
44679;2021-01-10;T20-21;SP1;Levante;Eibar;2;1;1;1;0,2763;0,4339;0,2898
56585;2021-01-10;T20-21;SP2;Tenerife;Cartagena;3;0;1;1;0,3169;0,4689;0,2142
56584;2021-01-10;T20-21;SP2;Mallorca;Las Palmas;0;1;2;1;0,2163;0,6369;0,1468
44681;2021-01-10;T20-21;SP1;Valladolid;Valencia;0;1;2;1;0,3068;0,3788;0,3145
44680;2021-01-10;T20-21;SP1;Cadiz;Alaves;3;1;1;1;0,2968;0,4412;0,262
34687;2021-01-10;T20-21;I1;Juventus;Sassuolo;3;1;1;1;0,1548;0,7159;0,1293
56586;2021-01-10;T20-21;SP2;Espanol;Castellon;2;0;1;1;0,2177;0,6922;0,0901
34685;2021-01-10;T20-21;I1;Verona;Crotone;2;1;1;1;0,2224;0,615;0,1626
34684;2021-01-10;T20-21;I1;Udinese;Napoli;1;2;2;2;0,2321;0,1967;0,5712
34683;2021-01-10;T20-21;I1;Parma;Lazio;0;2;2;2;0,2241;0,2748;0,5011
34682;2021-01-10;T20-21;I1;Roma;Inter;2;2;0;1;0,2064;0,4756;0,318
6125;2021-01-10;T20-21;D1;Augsburg;Stuttgart;1;4;2;1;0,256;0,4495;0,2945
34686;2021-01-10;T20-21;I1;Fiorentina;Cagliari;1;0;1;1;0,2853;0,4696;0,245
34688;2021-01-11;T20-21;I1;Spezia;Sampdoria;2;1;1;1;0,2352;0,4074;0,3574
44682;2021-01-11;T20-21;SP1;Elche;Getafe;1;3;2;1;0,2929;0,3694;0,3378
44683;2021-01-11;T20-21;SP1;Huesca;Betis;0;2;2;1;0,253;0,4205;0,3265
56587;2021-01-11;T20-21;SP2;Ponferradina;Girona;1;1;0;1;0,3294;0,3732;0,2973
56588;2021-01-11;T20-21;SP2;Sp Gijon;Fuenlabrada;2;1;1;1;0,294;0,4894;0,2166
56589;2021-01-11;T20-21;SP2;Sabadell;Lugo;1;1;0;0;0,3696;0,3357;0,2946
44685;2021-01-12;T20-21;SP1;Ath Madrid;Sevilla;2;0;1;1;0,2651;0,4937;0,2412
44684;2021-01-12;T20-21;SP1;Granada;Osasuna;2;0;1;1;0,2976;0,4899;0,2125
16098;2021-01-12;T20-21;E0;Wolves;Everton;1;2;2;1;0,2956;0,4504;0,254
16096;2021-01-12;T20-21;E0;Sheffield United;Newcastle;1;0;1;1;0,2892;0,4197;0,2911
16097;2021-01-12;T20-21;E0;Burnley;Man United;0;1;2;2;0,2484;0,2591;0,4926
16099;2021-01-13;T20-21;E0;Man City;Brighton;1;0;1;1;0,1336;0,8085;0,0579
16101;2021-01-14;T20-21;E0;Arsenal;Crystal Palace;0;0;0;1;0,269;0,5581;0,1729
6127;2021-01-15;T20-21;D1;Union Berlin;Leverkusen;1;0;1;2;0,2677;0,2994;0,4329
26299;2021-01-15;T20-21;F1;Montpellier;Monaco;2;3;2;2;0,2684;0,3607;0,3709
34689;2021-01-15;T20-21;I1;Lazio;Roma;3;0;1;1;0,227;0,4319;0,3411
16105;2021-01-16;T20-21;E0;Fulham;Chelsea;0;1;2;2;0,2092;0,2506;0,5402
34691;2021-01-16;T20-21;I1;Torino;Spezia;0;0;0;1;0,2947;0,5101;0,1951
34690;2021-01-16;T20-21;I1;Bologna;Verona;1;0;1;1;0,2688;0,4946;0,2366
34692;2021-01-16;T20-21;I1;Sampdoria;Udinese;2;1;1;1;0,2639;0,4703;0,2659
26300;2021-01-16;T20-21;F1;Marseille;Nimes;1;2;2;1;0,2685;0,6076;0,1239
16106;2021-01-16;T20-21;E0;Leicester;Southampton;2;0;1;1;0,2786;0,5252;0,1962
16104;2021-01-16;T20-21;E0;West Ham;Burnley;1;0;1;1;0,2935;0,4463;0,2602
26301;2021-01-16;T20-21;F1;Angers;Paris SG;0;1;2;2;0,1558;0,1534;0,6908
16102;2021-01-16;T20-21;E0;Wolves;West Brom;2;3;2;1;0,2705;0,6006;0,1289
6128;2021-01-16;T20-21;D1;Dortmund;Mainz;1;1;0;1;0,2058;0,7127;0,0815
6129;2021-01-16;T20-21;D1;FC Koln;Hertha;0;0;0;1;0,2783;0,3952;0,3266
6130;2021-01-16;T20-21;D1;Hoffenheim;Bielefeld;0;0;0;1;0,2355;0,5902;0,1743
16103;2021-01-16;T20-21;E0;Leeds;Brighton;0;1;2;1;0,2478;0,5866;0,1656
6132;2021-01-16;T20-21;D1;Wolfsburg;RB Leipzig;2;2;0;2;0,2349;0,3294;0,4357
6133;2021-01-16;T20-21;D1;Stuttgart;M'gladbach;2;2;0;2;0,2475;0,3645;0,3879
6131;2021-01-16;T20-21;D1;Werder Bremen;Augsburg;2;0;1;1;0,2835;0,4394;0,2772
34697;2021-01-17;T20-21;I1;Inter;Juventus;2;0;1;1;0,2567;0,4264;0,3169
34695;2021-01-17;T20-21;I1;Sassuolo;Parma;1;1;0;1;0,2496;0,5594;0,191
34694;2021-01-17;T20-21;I1;Crotone;Benevento;4;1;1;1;0,3714;0,4369;0,1917
26307;2021-01-17;T20-21;F1;Lyon;Metz;0;1;2;1;0,2496;0,6402;0,1103
26306;2021-01-17;T20-21;F1;Lille;Reims;2;1;1;1;0,2034;0,6884;0,1082
26305;2021-01-17;T20-21;F1;Strasbourg;St Etienne;1;0;1;1;0,2956;0,4545;0,2499
26304;2021-01-17;T20-21;F1;Nice;Bordeaux;0;3;2;1;0,3079;0,431;0,2611
34696;2021-01-17;T20-21;I1;Atalanta;Genoa;0;0;0;1;0,1451;0,8017;0,0532
26302;2021-01-17;T20-21;F1;Brest;Rennes;1;2;2;1;0,2432;0,3842;0,3726
26303;2021-01-17;T20-21;F1;Nantes;Lens;1;1;0;1;0,2914;0,3974;0,3112
6134;2021-01-17;T20-21;D1;Bayern Munich;Freiburg;2;1;1;1;0,1599;0,755;0,0852
6135;2021-01-17;T20-21;D1;Ein Frankfurt;Schalke 04;3;1;1;1;0,2441;0,5692;0,1867
34693;2021-01-17;T20-21;I1;Napoli;Fiorentina;6;0;1;1;0,1908;0,6866;0,1226
16108;2021-01-17;T20-21;E0;Liverpool;Man United;0;0;0;1;0,2004;0,6066;0,193
16109;2021-01-17;T20-21;E0;Man City;Crystal Palace;4;0;1;1;0,1288;0,8118;0,0595
16107;2021-01-17;T20-21;E0;Sheffield United;Tottenham;1;3;2;2;0,2391;0,2073;0,5536
16110;2021-01-18;T20-21;E0;Arsenal;Newcastle;3;0;1;1;0,2841;0,5586;0,1573
34698;2021-01-18;T20-21;I1;Cagliari;Milan;0;2;2;2;0,2236;0,2299;0,5465
16111;2021-01-19;T20-21;E0;West Ham;West Brom;2;1;1;1;0,2759;0,5617;0,1624
44688;2021-01-19;T20-21;SP1;Alaves;Sevilla;1;2;2;2;0,2747;0,2524;0,4729
44687;2021-01-19;T20-21;SP1;Valladolid;Elche;2;2;0;1;0,2654;0,529;0,2056
44686;2021-01-19;T20-21;SP1;Cadiz;Levante;2;2;0;1;0,2912;0,4183;0,2905
16112;2021-01-19;T20-21;E0;Leicester;Chelsea;2;0;1;1;0,2678;0,4072;0,325
6137;2021-01-19;T20-21;D1;Hertha;Hoffenheim;0;3;2;1;0,2552;0,3875;0,3572
6138;2021-01-19;T20-21;D1;Leverkusen;Dortmund;2;1;1;1;0,2783;0,3793;0,3424
6136;2021-01-19;T20-21;D1;M'gladbach;Werder Bremen;1;0;1;1;0,2334;0,6182;0,1485
6139;2021-01-19;T20-21;D1;Mainz;Wolfsburg;0;2;2;1;0,2524;0,3861;0,3615
44691;2021-01-20;T20-21;SP1;Villarreal;Granada;2;2;0;1;0,2773;0,5611;0,1616
44690;2021-01-20;T20-21;SP1;Betis;Celta;2;1;1;1;0,2986;0,4448;0,2566
44689;2021-01-20;T20-21;SP1;Getafe;Huesca;1;0;1;1;0,2947;0,4992;0,2061
34699;2021-01-20;T20-21;I1;Udinese;Atalanta;1;1;0;2;0,2364;0,2059;0,5577
26308;2021-01-20;T20-21;F1;Marseille;Lens;0;1;2;1;0,2709;0,5503;0,1788
16114;2021-01-20;T20-21;E0;Fulham;Man United;1;2;2;2;0,2058;0,1968;0,5974
6143;2021-01-20;T20-21;D1;Freiburg;Ein Frankfurt;2;2;0;1;0,2661;0,4701;0,2638
6142;2021-01-20;T20-21;D1;Bielefeld;Stuttgart;3;0;1;2;0,2397;0,3101;0,4501
6141;2021-01-20;T20-21;D1;Augsburg;Bayern Munich;0;1;2;2;0,1421;0,1257;0,7322
6140;2021-01-20;T20-21;D1;Schalke 04;FC Koln;1;2;2;1;0,2968;0,4184;0,2848
6144;2021-01-20;T20-21;D1;RB Leipzig;Union Berlin;1;0;1;1;0,2223;0,6682;0,1096
16115;2021-01-21;T20-21;E0;Liverpool;Burnley;0;1;2;1;0,1281;0,809;0,0629
44692;2021-01-21;T20-21;SP1;Valencia;Osasuna;1;1;0;1;0,3403;0,4541;0,2055
44693;2021-01-21;T20-21;SP1;Eibar;Ath Madrid;1;2;2;2;0,2395;0,2478;0,5127
44694;2021-01-22;T20-21;SP1;Levante;Valladolid;2;2;0;1;0,258;0,487;0,255
34700;2021-01-22;T20-21;I1;Benevento;Torino;2;2;0;1;0,2886;0,4663;0,2451
6145;2021-01-22;T20-21;D1;M'gladbach;Dortmund;4;2;1;2;0,2676;0,3458;0,3866
26309;2021-01-22;T20-21;F1;Paris SG;Montpellier;4;0;1;1;0,1722;0,7676;0,0602
56596;2021-01-23;T20-21;SP2;Malaga;Ponferradina;0;2;2;1;0,2878;0,4575;0,2547
56595;2021-01-23;T20-21;SP2;Lugo;Tenerife;2;0;1;1;0,3242;0,3922;0,2836
56594;2021-01-23;T20-21;SP2;Girona;Espanol;1;0;1;2;0,2269;0,2613;0,5118
56593;2021-01-23;T20-21;SP2;Vallecano;Mallorca;1;3;2;1;0,2424;0,3988;0,3588
44698;2021-01-23;T20-21;SP1;Alaves;Real Madrid;1;4;2;2;0,194;0,1493;0,6567
44697;2021-01-23;T20-21;SP1;Sociedad;Betis;2;2;0;1;0,2696;0,5082;0,2222
44696;2021-01-23;T20-21;SP1;Sevilla;Cadiz;3;0;1;1;0,2695;0,6096;0,1209
44695;2021-01-23;T20-21;SP1;Huesca;Villarreal;0;0;0;2;0,2589;0,2862;0,4549
34704;2021-01-23;T20-21;I1;Fiorentina;Crotone;2;1;1;1;0,2479;0,5773;0,1748
34703;2021-01-23;T20-21;I1;Udinese;Inter;0;0;0;2;0,2262;0,1995;0,5743
26311;2021-01-23;T20-21;F1;Monaco;Marseille;3;1;1;1;0,273;0,4294;0,2976
34701;2021-01-23;T20-21;I1;Roma;Spezia;4;3;1;1;0,1928;0,6737;0,1335
34702;2021-01-23;T20-21;I1;Milan;Atalanta;0;3;2;1;0,2376;0,4398;0,3226
6147;2021-01-23;T20-21;D1;Bielefeld;Ein Frankfurt;1;5;2;1;0,2849;0,3585;0,3566
6148;2021-01-23;T20-21;D1;Freiburg;Stuttgart;2;1;1;1;0,2508;0,4938;0,2554
6149;2021-01-23;T20-21;D1;Leverkusen;Wolfsburg;0;1;2;1;0,2309;0,6246;0,1446
6146;2021-01-23;T20-21;D1;Augsburg;Union Berlin;2;1;1;1;0,2838;0,3845;0,3317
6151;2021-01-23;T20-21;D1;Hertha;Werder Bremen;1;4;2;1;0,2847;0,445;0,2703
16116;2021-01-23;T20-21;E0;Aston Villa;Newcastle;2;0;1;1;0,2826;0,526;0,1914
26310;2021-01-23;T20-21;F1;Lens;Nice;0;1;2;1;0,2906;0,4746;0,2348
6150;2021-01-23;T20-21;D1;Mainz;RB Leipzig;3;2;1;2;0,1997;0,2033;0,5971
34707;2021-01-24;T20-21;I1;Verona;Napoli;3;1;1;2;0,2248;0,1969;0,5783
56599;2021-01-24;T20-21;SP2;Castellon;Sp Gijon;2;0;1;2;0,278;0,2948;0,4272
44702;2021-01-24;T20-21;SP1;Ath Madrid;Valencia;3;1;1;1;0,2626;0,6003;0,1371
44701;2021-01-24;T20-21;SP1;Celta;Eibar;1;1;0;1;0,2722;0,4178;0,31
44700;2021-01-24;T20-21;SP1;Elche;Barcelona;0;2;2;2;0,1295;0,105;0,7655
44699;2021-01-24;T20-21;SP1;Osasuna;Granada;3;1;1;1;0,315;0,433;0,2521
34708;2021-01-24;T20-21;I1;Lazio;Sassuolo;2;1;1;1;0,2408;0,5896;0,1696
34706;2021-01-24;T20-21;I1;Genoa;Cagliari;1;0;1;1;0,287;0,4139;0,299
34709;2021-01-24;T20-21;I1;Parma;Sampdoria;0;2;2;1;0,2626;0,4291;0,3083
26317;2021-01-24;T20-21;F1;St Etienne;Lyon;0;5;2;2;0,226;0,2237;0,5504
6153;2021-01-24;T20-21;D1;Hoffenheim;FC Koln;3;0;1;1;0,2641;0,5718;0,1641
26312;2021-01-24;T20-21;F1;Bordeaux;Angers;2;1;1;1;0,2999;0,4589;0,2413
26313;2021-01-24;T20-21;F1;Dijon;Strasbourg;1;1;0;2;0,2866;0,3311;0,3823
6152;2021-01-24;T20-21;D1;Schalke 04;Bayern Munich;0;4;2;2;0,1489;0,1296;0,7216
34705;2021-01-24;T20-21;I1;Juventus;Bologna;2;0;1;1;0,1724;0,7361;0,0914
26315;2021-01-24;T20-21;F1;Reims;Brest;1;0;1;1;0,2754;0,4377;0,2869
26316;2021-01-24;T20-21;F1;Rennes;Lille;0;1;2;1;0,2616;0,4024;0,336
26314;2021-01-24;T20-21;F1;Metz;Nantes;2;0;1;1;0,2896;0,4834;0,227
56601;2021-01-25;T20-21;SP2;Cartagena;Mirandes;0;2;2;2;0,3135;0,3389;0,3475
16117;2021-01-26;T20-21;E0;Crystal Palace;West Ham;2;3;2;1;0,2847;0,3974;0,3179
16118;2021-01-26;T20-21;E0;Newcastle;Leeds;1;2;2;1;0,2446;0,4057;0,3497
16119;2021-01-26;T20-21;E0;Southampton;Arsenal;1;3;2;2;0,2655;0,3385;0,396
16120;2021-01-26;T20-21;E0;West Brom;Man City;0;5;2;2;0,1295;0,0983;0,7722
56602;2021-01-26;T20-21;SP2;Alcorcon;Albacete;1;2;2;1;0,334;0,4574;0,2087
16125;2021-01-27;T20-21;E0;Man United;Sheffield United;1;2;2;1;0,2168;0,6769;0,1063
16123;2021-01-27;T20-21;E0;Brighton;Fulham;0;0;0;1;0,2588;0,4666;0,2746
16124;2021-01-27;T20-21;E0;Everton;Leicester;1;1;0;1;0,2547;0,405;0,3403
16121;2021-01-27;T20-21;E0;Burnley;Aston Villa;3;2;1;1;0,2877;0,409;0,3034
16122;2021-01-27;T20-21;E0;Chelsea;Wolves;0;0;0;1;0,289;0,5446;0,1664
16126;2021-01-28;T20-21;E0;Tottenham;Liverpool;1;3;2;2;0,2455;0,3303;0,4242
6154;2021-01-29;T20-21;D1;Stuttgart;Mainz;2;0;1;1;0,2635;0,5303;0,2062
26319;2021-01-29;T20-21;F1;Lyon;Bordeaux;2;1;1;1;0,2242;0,6312;0,1447
34710;2021-01-29;T20-21;I1;Torino;Fiorentina;1;1;0;1;0,2707;0,4606;0,2687
44704;2021-01-29;T20-21;SP1;Valladolid;Huesca;1;3;2;1;0,272;0,4489;0,2791
56603;2021-01-29;T20-21;SP2;Zaragoza;Ponferradina;1;0;1;1;0,3246;0,4462;0,2293
34711;2021-01-30;T20-21;I1;Bologna;Milan;1;2;2;2;0,2293;0,2865;0,4842
34712;2021-01-30;T20-21;I1;Sampdoria;Juventus;0;2;2;2;0,2316;0,19;0,5784
34713;2021-01-30;T20-21;I1;Inter;Benevento;4;0;1;1;0,1409;0,8028;0,0564
44705;2021-01-30;T20-21;SP1;Eibar;Sevilla;0;2;2;2;0,242;0,3296;0,4285
44706;2021-01-30;T20-21;SP1;Real Madrid;Levante;1;2;2;1;0,2165;0,7036;0,0799
56606;2021-01-30;T20-21;SP2;Mallorca;Girona;1;0;1;1;0,258;0,6028;0,1392
56604;2021-01-30;T20-21;SP2;Oviedo;Albacete;0;1;2;1;0,3191;0,4597;0,2213
56605;2021-01-30;T20-21;SP2;Alcorcon;Malaga;0;1;2;1;0,3688;0,4075;0,2237
56607;2021-01-30;T20-21;SP2;Almeria;Castellon;3;1;1;1;0,2605;0,5702;0,1694
44707;2021-01-30;T20-21;SP1;Valencia;Elche;1;0;1;1;0,3061;0,5231;0,1707
26320;2021-01-30;T20-21;F1;Montpellier;Lens;1;2;2;1;0,2907;0,4391;0,2702
44708;2021-01-30;T20-21;SP1;Villarreal;Sociedad;1;1;0;1;0,2788;0,4394;0,2817
16131;2021-01-30;T20-21;E0;Arsenal;Man United;0;0;0;2;0,2911;0,3484;0,3604
16132;2021-01-30;T20-21;E0;Southampton;Aston Villa;0;1;2;1;0,2627;0,4474;0,2898
6155;2021-01-30;T20-21;D1;Bayern Munich;Hoffenheim;4;1;1;1;0,1555;0,7303;0,1141
6156;2021-01-30;T20-21;D1;Dortmund;Augsburg;3;1;1;1;0,2486;0,6617;0,0898
6157;2021-01-30;T20-21;D1;Ein Frankfurt;Hertha;3;1;1;1;0,2725;0,5413;0,1861
6159;2021-01-30;T20-21;D1;Werder Bremen;Schalke 04;1;1;0;1;0,2621;0,4909;0,2471
6158;2021-01-30;T20-21;D1;Union Berlin;M'gladbach;1;1;0;2;0,2475;0,3497;0,4028
16127;2021-01-30;T20-21;E0;Everton;Newcastle;0;2;2;1;0,2603;0,5363;0,2034
16128;2021-01-30;T20-21;E0;Crystal Palace;Wolves;1;0;1;1;0,3068;0,3717;0,3215
16129;2021-01-30;T20-21;E0;Man City;Sheffield United;1;0;1;1;0,1241;0,8328;0,0431
16130;2021-01-30;T20-21;E0;West Brom;Fulham;2;2;0;2;0,2376;0,3013;0,4612
6160;2021-01-30;T20-21;D1;RB Leipzig;Leverkusen;1;0;1;1;0,247;0,5268;0,2262
34716;2021-01-31;T20-21;I1;Cagliari;Sassuolo;1;1;0;1;0,2615;0,4309;0,3077
34719;2021-01-31;T20-21;I1;Roma;Verona;3;1;1;1;0,2364;0,5752;0,1884
34717;2021-01-31;T20-21;I1;Crotone;Genoa;0;3;2;1;0,3314;0,3753;0,2933
34718;2021-01-31;T20-21;I1;Napoli;Parma;2;0;1;1;0,1902;0,7061;0,1036
44709;2021-01-31;T20-21;SP1;Getafe;Alaves;0;0;0;1;0,2989;0,4792;0,2219
56610;2021-01-31;T20-21;SP2;Mirandes;Las Palmas;2;0;1;1;0,2844;0,4708;0,2448
44711;2021-01-31;T20-21;SP1;Granada;Celta;0;0;0;1;0,2993;0,4588;0,2418
44712;2021-01-31;T20-21;SP1;Barcelona;Ath Bilbao;2;1;1;1;0,202;0,7266;0,0714
56608;2021-01-31;T20-21;SP2;Sp Gijon;Cartagena;0;0;0;1;0,2645;0,5549;0,1806
56609;2021-01-31;T20-21;SP2;Espanol;Vallecano;2;3;2;1;0,2458;0,5936;0,1606
56611;2021-01-31;T20-21;SP2;Tenerife;Fuenlabrada;1;1;0;1;0,2524;0,4044;0,3431
44710;2021-01-31;T20-21;SP1;Cadiz;Ath Madrid;2;4;2;2;0,232;0,2087;0,5593
34714;2021-01-31;T20-21;I1;Spezia;Udinese;0;1;2;1;0,3059;0,3726;0,3215
34715;2021-01-31;T20-21;I1;Atalanta;Lazio;1;3;2;1;0,2226;0,597;0,1804
26326;2021-01-31;T20-21;F1;Lille;Dijon;1;0;1;1;0,2315;0,6717;0,0968
26325;2021-01-31;T20-21;F1;Strasbourg;Reims;0;1;2;1;0,3212;0,4558;0,223
26324;2021-01-31;T20-21;F1;Lorient;Paris SG;3;2;1;2;0,1484;0,1298;0,7218
26323;2021-01-31;T20-21;F1;Brest;Metz;2;4;2;1;0,2994;0,4299;0,2707
26322;2021-01-31;T20-21;F1;Angers;Nimes;3;1;1;1;0,2812;0,5061;0,2127
26321;2021-01-31;T20-21;F1;Nice;St Etienne;0;1;2;1;0,2968;0,4702;0,233
16136;2021-01-31;T20-21;E0;Brighton;Tottenham;1;0;1;2;0,255;0,2428;0,5022
16135;2021-01-31;T20-21;E0;West Ham;Liverpool;1;3;2;2;0,2088;0,2608;0,5304
16134;2021-01-31;T20-21;E0;Leicester;Leeds;1;3;2;1;0,2491;0,5642;0,1867
16133;2021-01-31;T20-21;E0;Chelsea;Burnley;2;0;1;1;0,2504;0,6154;0,1342
6162;2021-01-31;T20-21;D1;Wolfsburg;Freiburg;3;0;1;1;0,2683;0,5336;0,1982
6161;2021-01-31;T20-21;D1;FC Koln;Bielefeld;3;1;1;1;0,2669;0,4869;0,2462
26327;2021-01-31;T20-21;F1;Nantes;Monaco;1;2;2;2;0,2138;0,3041;0,4821
56613;2021-02-01;T20-21;SP2;Sabadell;Logrones;0;0;0;1;0,3461;0,4195;0,2344
44713;2021-02-01;T20-21;SP1;Betis;Osasuna;1;0;1;1;0,3083;0,4817;0,21
56612;2021-02-01;T20-21;SP2;Leganes;Lugo;3;2;1;1;0,3211;0,4644;0,2146
16137;2021-02-02;T20-21;E0;Sheffield United;West Brom;2;1;1;1;0,2661;0,5185;0,2154
16138;2021-02-02;T20-21;E0;Wolves;Arsenal;2;1;1;2;0,2808;0,3123;0,4068
16139;2021-02-02;T20-21;E0;Man United;Southampton;9;0;1;1;0,2611;0,5999;0,139
16140;2021-02-02;T20-21;E0;Newcastle;Crystal Palace;1;2;2;1;0,3008;0,4452;0,254
26332;2021-02-03;T20-21;F1;Strasbourg;Brest;2;2;0;1;0,2962;0,465;0,2388
26337;2021-02-03;T20-21;F1;St Etienne;Nantes;1;1;0;1;0,2848;0,4781;0,237
26336;2021-02-03;T20-21;F1;Paris SG;Nimes;3;0;1;1;0,102;0,8475;0,0506
26335;2021-02-03;T20-21;F1;Monaco;Nice;2;1;1;1;0,3006;0,5003;0,199
26334;2021-02-03;T20-21;F1;Lens;Marseille;2;2;0;1;0,2855;0,4123;0,3022
26333;2021-02-03;T20-21;F1;Dijon;Lyon;0;1;2;2;0,192;0,1639;0,6441
26331;2021-02-03;T20-21;F1;Rennes;Lorient;1;1;0;1;0,2309;0,6262;0,1429
16144;2021-02-03;T20-21;E0;Aston Villa;West Ham;1;3;2;1;0,2925;0,4557;0,2517
26329;2021-02-03;T20-21;F1;Metz;Montpellier;1;1;0;1;0,3001;0,4514;0,2485
26328;2021-02-03;T20-21;F1;Bordeaux;Lille;0;3;2;2;0,2448;0,2846;0,4706
16145;2021-02-03;T20-21;E0;Liverpool;Brighton;0;1;2;1;0,1317;0,8108;0,0575
26330;2021-02-03;T20-21;F1;Reims;Angers;0;0;0;1;0,2887;0,4434;0,2679
16143;2021-02-03;T20-21;E0;Leeds;Everton;1;2;2;1;0,2786;0,5004;0,221
16142;2021-02-03;T20-21;E0;Fulham;Leicester;0;2;2;2;0,2216;0,2778;0,5005
16141;2021-02-03;T20-21;E0;Burnley;Man City;0;2;2;2;0,1577;0,1675;0,6749
16146;2021-02-04;T20-21;E0;Tottenham;Chelsea;0;1;2;1;0,2557;0,3858;0,3585
44714;2021-02-05;T20-21;SP1;Alaves;Valladolid;1;0;1;1;0,3022;0,3874;0,3104
56614;2021-02-05;T20-21;SP2;Albacete;Mallorca;0;1;2;2;0,2701;0,3183;0,4116
6163;2021-02-05;T20-21;D1;Hertha;Bayern Munich;0;1;2;2;0,154;0,1422;0,7038
34720;2021-02-05;T20-21;I1;Fiorentina;Inter;0;2;2;2;0,2291;0,224;0,5469
34721;2021-02-06;T20-21;I1;Atalanta;Torino;3;3;0;1;0,1973;0,7197;0,083
56617;2021-02-06;T20-21;SP2;Fuenlabrada;Almeria;1;1;0;2;0,2606;0,3471;0,3923
56616;2021-02-06;T20-21;SP2;Logrones;Sp Gijon;0;4;2;2;0,2947;0,3434;0,3619
56615;2021-02-06;T20-21;SP2;Cartagena;Oviedo;2;0;1;2;0,3199;0,3141;0,3661
44718;2021-02-06;T20-21;SP1;Sevilla;Getafe;3;0;1;1;0,2227;0,6436;0,1337
44717;2021-02-06;T20-21;SP1;Elche;Villarreal;2;2;0;2;0,227;0,236;0,537
44716;2021-02-06;T20-21;SP1;Huesca;Real Madrid;1;2;2;2;0,2091;0,1619;0,629
44715;2021-02-06;T20-21;SP1;Levante;Granada;2;2;0;1;0,2653;0,4786;0,2561
34724;2021-02-06;T20-21;I1;Genoa;Napoli;2;1;1;2;0,2279;0,1787;0,5934
34723;2021-02-06;T20-21;I1;Juventus;Roma;2;0;1;1;0,2334;0,5113;0,2553
34722;2021-02-06;T20-21;I1;Sassuolo;Spezia;1;2;2;1;0,2146;0,5923;0,193
26340;2021-02-06;T20-21;F1;Lens;Rennes;0;0;0;1;0,3154;0,3878;0,2968
26339;2021-02-06;T20-21;F1;Lyon;Strasbourg;3;0;1;1;0,2425;0,6503;0,1072
26338;2021-02-06;T20-21;F1;Lorient;Reims;1;0;1;1;0,2984;0,4321;0,2695
6164;2021-02-06;T20-21;D1;Augsburg;Wolfsburg;0;2;2;2;0,2423;0,3428;0,4149
6165;2021-02-06;T20-21;D1;Freiburg;Dortmund;2;1;1;2;0,2336;0,2578;0,5085
6166;2021-02-06;T20-21;D1;Leverkusen;Stuttgart;5;2;1;1;0,2492;0,5984;0,1524
6168;2021-02-06;T20-21;D1;Schalke 04;RB Leipzig;0;3;2;2;0,2041;0,2127;0,5832
6169;2021-02-06;T20-21;D1;M'gladbach;FC Koln;1;2;2;1;0,222;0,6476;0,1304
6167;2021-02-06;T20-21;D1;Mainz;Union Berlin;1;0;1;2;0,264;0,3666;0,3694
16148;2021-02-06;T20-21;E0;Burnley;Brighton;1;1;0;1;0,2789;0,4341;0,287
16149;2021-02-06;T20-21;E0;Newcastle;Southampton;3;2;1;1;0,299;0,4012;0,2999
16150;2021-02-06;T20-21;E0;Fulham;West Ham;0;0;0;2;0,2412;0,3102;0,4487
16151;2021-02-06;T20-21;E0;Man United;Everton;3;3;0;1;0,2406;0,6199;0,1395
16147;2021-02-06;T20-21;E0;Aston Villa;Arsenal;1;0;1;2;0,2644;0,353;0,3826
44720;2021-02-07;T20-21;SP1;Ath Bilbao;Valencia;1;1;0;1;0,2768;0,4092;0,314
34728;2021-02-07;T20-21;I1;Parma;Bologna;0;3;2;1;0,2687;0,4138;0,3175
34729;2021-02-07;T20-21;I1;Lazio;Cagliari;1;0;1;1;0,2223;0,6843;0,0934
44719;2021-02-07;T20-21;SP1;Sociedad;Cadiz;4;1;1;1;0,2851;0,5269;0,188
44721;2021-02-07;T20-21;SP1;Osasuna;Eibar;2;1;1;1;0,3131;0,4099;0,2771
56621;2021-02-07;T20-21;SP2;Vallecano;Tenerife;0;1;2;1;0,2485;0,5407;0,2108
56622;2021-02-07;T20-21;SP2;Las Palmas;Sabadell;0;1;2;1;0,2922;0,4915;0,2163
56618;2021-02-07;T20-21;SP2;Girona;Leganes;0;2;2;1;0,2901;0,3829;0,327
56619;2021-02-07;T20-21;SP2;Malaga;Zaragoza;1;2;2;1;0,3159;0,3893;0,2948
56620;2021-02-07;T20-21;SP2;Castellon;Mirandes;0;1;2;1;0,2815;0,4028;0,3157
34727;2021-02-07;T20-21;I1;Udinese;Verona;2;0;1;1;0,2937;0,451;0,2552
44722;2021-02-07;T20-21;SP1;Betis;Barcelona;2;3;2;2;0,1856;0,1703;0,6441
34726;2021-02-07;T20-21;I1;Milan;Crotone;4;0;1;1;0,1765;0,7556;0,0679
16155;2021-02-07;T20-21;E0;Sheffield United;Chelsea;1;2;2;2;0,2487;0,2404;0,5109
26347;2021-02-07;T20-21;F1;Marseille;Paris SG;0;2;2;2;0,2114;0,2406;0,548
26346;2021-02-07;T20-21;F1;Nantes;Lille;0;2;2;2;0,2388;0,263;0,4983
26345;2021-02-07;T20-21;F1;St Etienne;Metz;1;0;1;1;0,3164;0,4094;0,2742
26344;2021-02-07;T20-21;F1;Nimes;Monaco;3;4;2;2;0,2211;0,2693;0,5095
26343;2021-02-07;T20-21;F1;Nice;Angers;3;0;1;1;0,291;0,4397;0,2693
26342;2021-02-07;T20-21;F1;Montpellier;Dijon;4;2;1;1;0,2905;0,5095;0,2
26341;2021-02-07;T20-21;F1;Brest;Bordeaux;2;1;1;1;0,3065;0,415;0,2785
16154;2021-02-07;T20-21;E0;Liverpool;Man City;1;4;2;1;0,1844;0,4782;0,3374
16153;2021-02-07;T20-21;E0;Wolves;Leicester;0;0;0;1;0,2643;0,3682;0,3675
16152;2021-02-07;T20-21;E0;Tottenham;West Brom;2;0;1;1;0,2642;0,6001;0,1356
6170;2021-02-07;T20-21;D1;Hoffenheim;Ein Frankfurt;1;3;2;1;0,2547;0,5365;0,2088
34725;2021-02-07;T20-21;I1;Benevento;Sampdoria;1;1;0;1;0,2828;0,4329;0,2843
56623;2021-02-08;T20-21;SP2;Ponferradina;Alcorcon;2;0;1;1;0,2907;0,4767;0,2326
56624;2021-02-08;T20-21;SP2;Lugo;Espanol;1;1;0;2;0,2423;0,2754;0,4823
16156;2021-02-08;T20-21;E0;Leeds;Crystal Palace;2;0;1;1;0,2837;0,5358;0,1805
44723;2021-02-08;T20-21;SP1;Ath Madrid;Celta;2;2;0;1;0,2251;0,6666;0,1083
44724;2021-02-09;T20-21;SP1;Real Madrid;Getafe;2;0;1;1;0,2266;0,6766;0,0968
6171;2021-02-12;T20-21;D1;RB Leipzig;Augsburg;2;1;1;1;0,2375;0,6906;0,0719
34730;2021-02-12;T20-21;I1;Bologna;Benevento;1;1;0;1;0,2427;0,6143;0,1431
44725;2021-02-12;T20-21;SP1;Celta;Elche;3;1;1;1;0,2429;0,451;0,306
56625;2021-02-12;T20-21;SP2;Sabadell;Zaragoza;1;1;0;1;0,3219;0,3776;0,3005
34732;2021-02-13;T20-21;I1;Napoli;Juventus;1;0;1;1;0,2307;0,4199;0,3494
34733;2021-02-13;T20-21;I1;Spezia;Milan;2;0;1;2;0,2103;0,2148;0,575
44726;2021-02-13;T20-21;SP1;Granada;Ath Madrid;1;2;2;2;0,2038;0,2192;0,5769
44727;2021-02-13;T20-21;SP1;Sevilla;Huesca;1;0;1;1;0,248;0,6229;0,1291
56627;2021-02-13;T20-21;SP2;Mirandes;Girona;3;3;0;1;0,3301;0,4406;0,2293
44729;2021-02-13;T20-21;SP1;Barcelona;Alaves;5;1;1;1;0,16;0,7747;0,0653
56626;2021-02-13;T20-21;SP2;Cartagena;Vallecano;2;2;0;2;0,225;0,3488;0,4262
56628;2021-02-13;T20-21;SP2;Tenerife;Ponferradina;1;0;1;1;0,2705;0,4091;0,3205
34731;2021-02-13;T20-21;I1;Torino;Genoa;0;0;0;1;0,2714;0,5476;0,181
44728;2021-02-13;T20-21;SP1;Eibar;Valladolid;1;1;0;1;0,2745;0,4814;0,2441
26350;2021-02-13;T20-21;F1;Lyon;Montpellier;1;2;2;1;0,2303;0,664;0,1057
6172;2021-02-13;T20-21;D1;Dortmund;Hoffenheim;2;2;0;1;0,2478;0,6082;0,1439
26348;2021-02-13;T20-21;F1;Paris SG;Nice;2;1;1;1;0,1741;0,7542;0,0717
16160;2021-02-13;T20-21;E0;Brighton;Aston Villa;0;0;0;1;0,2981;0,4166;0,2853
16159;2021-02-13;T20-21;E0;Man City;Tottenham;3;0;1;1;0,1958;0,6784;0,1257
16158;2021-02-13;T20-21;E0;Crystal Palace;Burnley;0;3;2;1;0,2909;0,4356;0,2735
16157;2021-02-13;T20-21;E0;Leicester;Liverpool;3;1;1;2;0,2537;0,3665;0,3798
6176;2021-02-13;T20-21;D1;Union Berlin;Schalke 04;0;0;0;1;0,2761;0,5403;0,1836
6175;2021-02-13;T20-21;D1;Werder Bremen;Freiburg;0;0;0;1;0,2858;0,4291;0,285
6174;2021-02-13;T20-21;D1;Stuttgart;Hertha;1;1;0;1;0,2762;0,5065;0,2173
6173;2021-02-13;T20-21;D1;Leverkusen;Mainz;2;2;0;1;0,2425;0,662;0,0956
26349;2021-02-13;T20-21;F1;Reims;Lens;1;1;0;1;0,2919;0,406;0,3021
34736;2021-02-14;T20-21;I1;Sampdoria;Fiorentina;2;1;1;1;0,2894;0,4323;0,2783
34737;2021-02-14;T20-21;I1;Crotone;Sassuolo;1;2;2;2;0,2403;0,2575;0,5022
34738;2021-02-14;T20-21;I1;Inter;Lazio;3;1;1;1;0,2246;0,5844;0,191
44730;2021-02-14;T20-21;SP1;Getafe;Sociedad;0;1;2;2;0,2872;0,3253;0,3875
44731;2021-02-14;T20-21;SP1;Real Madrid;Valencia;2;0;1;1;0,2176;0,6819;0,1005
56632;2021-02-14;T20-21;SP2;Leganes;Albacete;3;1;1;1;0,2933;0,542;0,1648
44733;2021-02-14;T20-21;SP1;Villarreal;Betis;1;2;2;1;0,2435;0,5465;0,2099
56630;2021-02-14;T20-21;SP2;Almeria;Las Palmas;3;1;1;1;0,2635;0,5471;0,1893
56631;2021-02-14;T20-21;SP2;Alcorcon;Logrones;1;0;1;1;0,3341;0,4552;0,2107
34735;2021-02-14;T20-21;I1;Cagliari;Atalanta;0;1;2;2;0,2222;0,2067;0,5712
56633;2021-02-14;T20-21;SP2;Sp Gijon;Malaga;1;0;1;1;0,3228;0,4807;0,1965
44732;2021-02-14;T20-21;SP1;Levante;Osasuna;0;1;2;1;0,2542;0,4948;0,251
34734;2021-02-14;T20-21;I1;Roma;Udinese;3;0;1;1;0,2236;0,6607;0,1156
56629;2021-02-14;T20-21;SP2;Mallorca;Espanol;1;2;2;1;0,2488;0,4323;0,3189
26356;2021-02-14;T20-21;F1;Lille;Brest;0;0;0;1;0,2389;0,6375;0,1237
6177;2021-02-14;T20-21;D1;Ein Frankfurt;FC Koln;2;0;1;1;0,2497;0,6128;0,1375
6178;2021-02-14;T20-21;D1;Wolfsburg;M'gladbach;0;0;0;1;0,2558;0,4573;0,2868
26357;2021-02-14;T20-21;F1;Bordeaux;Marseille;0;0;0;1;0,2685;0,3748;0,3567
16162;2021-02-14;T20-21;E0;West Brom;Man United;1;1;0;2;0,1736;0,1364;0,69
16163;2021-02-14;T20-21;E0;Arsenal;Leeds;4;2;1;1;0,2633;0,5006;0,2362
16161;2021-02-14;T20-21;E0;Southampton;Wolves;1;2;2;1;0,291;0,4158;0,2932
26351;2021-02-14;T20-21;F1;Monaco;Lorient;2;2;0;1;0,2501;0,6108;0,1391
26352;2021-02-14;T20-21;F1;Angers;Nantes;1;3;2;1;0,2765;0,4879;0,2356
26353;2021-02-14;T20-21;F1;Dijon;Nimes;0;2;2;1;0,2643;0,4128;0,3229
26354;2021-02-14;T20-21;F1;Metz;Strasbourg;1;2;2;1;0,3294;0,4477;0,223
26355;2021-02-14;T20-21;F1;Rennes;St Etienne;0;2;2;1;0,2737;0,539;0,1873
16164;2021-02-14;T20-21;E0;Everton;Fulham;0;2;2;1;0,2412;0,5467;0,2121
6179;2021-02-15;T20-21;D1;Bayern Munich;Bielefeld;3;3;0;1;0,0718;0,901;0,0272
16165;2021-02-15;T20-21;E0;West Ham;Sheffield United;3;0;1;1;0,2817;0,517;0,2013
16166;2021-02-15;T20-21;E0;Chelsea;Newcastle;2;0;1;1;0,2251;0,6652;0,1097
34739;2021-02-15;T20-21;I1;Verona;Parma;2;1;1;1;0,2595;0,5329;0,2076
44734;2021-02-15;T20-21;SP1;Cadiz;Ath Bilbao;0;4;2;1;0,3057;0,3595;0,3348
56634;2021-02-15;T20-21;SP2;Castellon;Fuenlabrada;1;2;2;1;0,2981;0,372;0,3299
56635;2021-02-15;T20-21;SP2;Oviedo;Lugo;3;1;1;1;0,3362;0,4147;0,2492
56636;2021-02-17;T20-21;SP2;Leganes;Almeria;2;1;1;1;0,2349;0,5237;0,2414
44735;2021-02-17;T20-21;SP1;Levante;Ath Madrid;1;1;0;2;0,2257;0,2204;0,5539
16167;2021-02-17;T20-21;E0;Burnley;Fulham;1;1;0;1;0,2681;0,4641;0,2677
16168;2021-02-17;T20-21;E0;Everton;Man City;1;3;2;2;0,1627;0,1826;0,6548
26358;2021-02-17;T20-21;F1;Marseille;Nice;3;2;1;1;0,2987;0,5095;0,1917
6180;2021-02-19;T20-21;D1;Bielefeld;Wolfsburg;0;3;2;2;0,2456;0,2751;0,4794
16169;2021-02-19;T20-21;E0;Wolves;Leeds;1;0;1;1;0,25;0,4301;0,3199
26359;2021-02-19;T20-21;F1;Brest;Lyon;2;3;2;2;0,2226;0,2014;0,5761
34740;2021-02-19;T20-21;I1;Fiorentina;Spezia;3;0;1;1;0,2764;0,4842;0,2393
34741;2021-02-19;T20-21;I1;Cagliari;Torino;0;1;2;1;0,2972;0,4102;0,2926
44736;2021-02-19;T20-21;SP1;Betis;Getafe;1;0;1;1;0,3179;0,4627;0,2194
56637;2021-02-19;T20-21;SP2;Ponferradina;Mirandes;1;0;1;1;0,2994;0,4388;0,2619
34743;2021-02-20;T20-21;I1;Genoa;Verona;2;2;0;1;0,2806;0,4469;0,2725
34744;2021-02-20;T20-21;I1;Sassuolo;Bologna;1;1;0;1;0,239;0,5464;0,2146
44737;2021-02-20;T20-21;SP1;Elche;Eibar;1;0;1;2;0,279;0,3159;0,4051
44738;2021-02-20;T20-21;SP1;Ath Madrid;Levante;0;2;2;1;0,2679;0,6079;0,1242
56639;2021-02-20;T20-21;SP2;Albacete;Sp Gijon;0;1;2;2;0,3042;0,3329;0,363
44740;2021-02-20;T20-21;SP1;Valladolid;Real Madrid;0;1;2;2;0,1787;0,1522;0,6692
56638;2021-02-20;T20-21;SP2;Espanol;Sabadell;1;0;1;1;0,2199;0,6895;0,0905
34742;2021-02-20;T20-21;I1;Lazio;Sampdoria;1;0;1;1;0,2156;0,6736;0,1108
44739;2021-02-20;T20-21;SP1;Valencia;Celta;2;0;1;1;0,323;0,4497;0,2273
26361;2021-02-20;T20-21;F1;Nantes;Marseille;1;1;0;2;0,2821;0,3463;0,3716
56640;2021-02-20;T20-21;SP2;Las Palmas;Cartagena;2;0;1;1;0,3042;0,4739;0,2219
16173;2021-02-20;T20-21;E0;Fulham;Sheffield United;1;0;1;1;0,2843;0,4358;0,2799
16172;2021-02-20;T20-21;E0;Liverpool;Everton;0;2;2;1;0,1589;0,7671;0,074
16171;2021-02-20;T20-21;E0;Burnley;West Brom;0;0;0;1;0,2812;0,5517;0,1671
16170;2021-02-20;T20-21;E0;Southampton;Chelsea;1;1;0;2;0,2142;0,2802;0,5055
6185;2021-02-20;T20-21;D1;Schalke 04;Dortmund;0;4;2;2;0,2037;0,176;0,6203
6184;2021-02-20;T20-21;D1;M'gladbach;Mainz;1;2;2;1;0,2401;0,6225;0,1374
6183;2021-02-20;T20-21;D1;Freiburg;Union Berlin;0;1;2;1;0,2891;0,4464;0,2645
6182;2021-02-20;T20-21;D1;FC Koln;Stuttgart;0;1;2;1;0,2522;0,4602;0,2876
6181;2021-02-20;T20-21;D1;Ein Frankfurt;Bayern Munich;2;1;1;2;0,1935;0,2106;0,5959
26360;2021-02-20;T20-21;F1;St Etienne;Reims;1;1;0;1;0,2916;0,448;0,2604
34747;2021-02-21;T20-21;I1;Atalanta;Napoli;4;2;1;1;0,2485;0,4537;0,2978
34748;2021-02-21;T20-21;I1;Benevento;Roma;0;0;0;2;0,2074;0,2021;0,5904
44741;2021-02-21;T20-21;SP1;Barcelona;Cadiz;1;1;0;1;0,1738;0,778;0,0482
44742;2021-02-21;T20-21;SP1;Sociedad;Alaves;4;0;1;1;0,2497;0,5708;0,1795
44743;2021-02-21;T20-21;SP1;Huesca;Granada;3;2;1;1;0,3083;0,3856;0,3061
56644;2021-02-21;T20-21;SP2;Lugo;Logrones;1;1;0;1;0,3268;0,4612;0,212
56641;2021-02-21;T20-21;SP2;Leganes;Tenerife;1;0;1;1;0,2289;0,6003;0,1708
56642;2021-02-21;T20-21;SP2;Mallorca;Almeria;2;0;1;1;0,2458;0,6163;0,1379
56643;2021-02-21;T20-21;SP2;Girona;Castellon;2;1;1;1;0,3084;0,5183;0,1732
34746;2021-02-21;T20-21;I1;Milan;Inter;0;3;2;1;0,2223;0,4107;0,367
56645;2021-02-21;T20-21;SP2;Malaga;Vallecano;2;0;1;1;0,2623;0,3858;0,3518
44744;2021-02-21;T20-21;SP1;Ath Bilbao;Villarreal;1;1;0;1;0,3144;0,3729;0,3127
34745;2021-02-21;T20-21;I1;Parma;Udinese;2;2;0;1;0,2933;0,4044;0,3023
26365;2021-02-21;T20-21;F1;Nimes;Bordeaux;2;0;1;1;0,2788;0,3778;0,3434
26367;2021-02-21;T20-21;F1;Lorient;Lille;1;4;2;2;0,2572;0,2474;0,4955
6186;2021-02-21;T20-21;D1;Augsburg;Leverkusen;1;1;0;2;0,2507;0,2127;0,5366
6187;2021-02-21;T20-21;D1;Hertha;RB Leipzig;0;3;2;2;0,237;0,2166;0,5464
6188;2021-02-21;T20-21;D1;Hoffenheim;Werder Bremen;4;0;1;1;0,2831;0,4976;0,2193
16174;2021-02-21;T20-21;E0;West Ham;Tottenham;2;1;1;2;0,2702;0,3492;0,3806
26368;2021-02-21;T20-21;F1;Paris SG;Monaco;0;2;2;1;0,1818;0,6425;0,1757
16176;2021-02-21;T20-21;E0;Arsenal;Man City;0;1;2;2;0,2062;0,248;0,5458
16175;2021-02-21;T20-21;E0;Aston Villa;Leicester;1;2;2;2;0,2546;0,3537;0,3917
26362;2021-02-21;T20-21;F1;Montpellier;Rennes;2;1;1;1;0,2621;0,4392;0,2988
26363;2021-02-21;T20-21;F1;Lens;Dijon;2;1;1;1;0,2725;0,533;0,1945
26364;2021-02-21;T20-21;F1;Nice;Metz;1;2;2;1;0,2881;0,431;0,2809
26366;2021-02-21;T20-21;F1;Strasbourg;Angers;0;0;0;1;0,3041;0,4567;0,2393
16177;2021-02-21;T20-21;E0;Man United;Newcastle;3;1;1;1;0,2289;0,6596;0,1115
56646;2021-02-22;T20-21;SP2;Fuenlabrada;Oviedo;2;2;0;1;0,3291;0,4748;0,1962
16178;2021-02-22;T20-21;E0;Brighton;Crystal Palace;1;2;2;1;0,3101;0,4917;0,1983
34749;2021-02-22;T20-21;I1;Juventus;Crotone;3;0;1;1;0,1423;0,8045;0,0533
44745;2021-02-22;T20-21;SP1;Osasuna;Sevilla;0;2;2;2;0,2628;0,2769;0,4603
56647;2021-02-22;T20-21;SP2;Zaragoza;Alcorcon;0;1;2;1;0,3119;0,464;0,2241
16179;2021-02-23;T20-21;E0;Leeds;Southampton;3;0;1;1;0,2854;0,5217;0,1929
26369;2021-02-24;T20-21;F1;Nimes;Lorient;1;0;1;1;0,2699;0,4726;0,2575
44746;2021-02-24;T20-21;SP1;Barcelona;Elche;3;0;1;1;0,1736;0,7805;0,046
6189;2021-02-26;T20-21;D1;Werder Bremen;Ein Frankfurt;2;1;1;1;0,2654;0,3682;0,3664
26370;2021-02-26;T20-21;F1;Rennes;Nice;1;2;2;1;0,2857;0,4693;0,2449
44747;2021-02-26;T20-21;SP1;Levante;Ath Bilbao;1;1;0;1;0,2901;0,4066;0,3033
56648;2021-02-26;T20-21;SP2;Sabadell;Albacete;0;0;0;1;0,2881;0,4298;0,2821
56649;2021-02-26;T20-21;SP2;Cartagena;Leganes;1;0;1;2;0,2452;0,233;0,5218
34752;2021-02-27;T20-21;I1;Verona;Juventus;1;1;0;2;0,2029;0,1756;0,6216
44749;2021-02-27;T20-21;SP1;Sevilla;Barcelona;0;2;2;2;0,2246;0,2726;0,5029
44750;2021-02-27;T20-21;SP1;Alaves;Osasuna;0;1;2;1;0,3471;0,3716;0,2813
44751;2021-02-27;T20-21;SP1;Getafe;Valencia;3;0;1;1;0,3234;0,3631;0,3134
56652;2021-02-27;T20-21;SP2;Castellon;Las Palmas;4;0;1;2;0,2864;0,3452;0,3684
56651;2021-02-27;T20-21;SP2;Almeria;Lugo;4;1;1;1;0,2589;0,5303;0,2109
34751;2021-02-27;T20-21;I1;Bologna;Lazio;2;0;1;2;0,2278;0,3542;0,4181
56653;2021-02-27;T20-21;SP2;Logrones;Mallorca;0;1;2;2;0,2464;0,2737;0,4799
56650;2021-02-27;T20-21;SP2;Vallecano;Ponferradina;1;1;0;1;0,3013;0,4948;0,2039
34750;2021-02-27;T20-21;I1;Spezia;Parma;2;2;0;1;0,2541;0,5142;0,2318
44748;2021-02-27;T20-21;SP1;Eibar;Huesca;1;1;0;1;0,2765;0,4758;0,2477
26371;2021-02-27;T20-21;F1;Bordeaux;Metz;1;2;2;1;0,2973;0,4187;0,284
26372;2021-02-27;T20-21;F1;Dijon;Paris SG;0;4;2;2;0,1381;0,1055;0,7564
6190;2021-02-27;T20-21;D1;Bayern Munich;FC Koln;5;1;1;1;0,1063;0,8544;0,0393
6191;2021-02-27;T20-21;D1;Dortmund;Bielefeld;3;0;1;1;0,2095;0,717;0,0735
6193;2021-02-27;T20-21;D1;Wolfsburg;Hertha;2;0;1;1;0,2599;0,5899;0,1502
6194;2021-02-27;T20-21;D1;RB Leipzig;M'gladbach;3;2;1;1;0,2254;0,6327;0,1419
6192;2021-02-27;T20-21;D1;Stuttgart;Schalke 04;5;1;1;1;0,2482;0,5831;0,1687
16181;2021-02-27;T20-21;E0;West Brom;Brighton;1;0;1;2;0,2058;0,263;0,5311
16182;2021-02-27;T20-21;E0;Leeds;Aston Villa;0;1;2;1;0,2721;0,5318;0,1961
16183;2021-02-27;T20-21;E0;Newcastle;Wolves;1;1;0;1;0,3001;0,3623;0,3376
16180;2021-02-27;T20-21;E0;Man City;West Ham;2;1;1;1;0,1693;0,7468;0,0839
34758;2021-02-28;T20-21;I1;Roma;Milan;1;2;2;1;0,2572;0,4863;0,2565
56657;2021-02-28;T20-21;SP2;Oviedo;Zaragoza;1;0;1;1;0,3229;0,387;0,2901
34755;2021-02-28;T20-21;I1;Inter;Genoa;3;0;1;1;0,1418;0,8064;0,0518
34756;2021-02-28;T20-21;I1;Udinese;Fiorentina;1;0;1;1;0,2796;0,4226;0,2978
34757;2021-02-28;T20-21;I1;Napoli;Benevento;2;0;1;1;0,1723;0,7521;0,0756
44752;2021-02-28;T20-21;SP1;Celta;Valladolid;1;1;0;1;0,2693;0,4371;0,2937
56655;2021-02-28;T20-21;SP2;Sp Gijon;Espanol;1;1;0;2;0,252;0,3152;0,4328
44754;2021-02-28;T20-21;SP1;Granada;Elche;2;1;1;1;0,3115;0,525;0,1635
44755;2021-02-28;T20-21;SP1;Villarreal;Ath Madrid;0;2;2;2;0,2418;0,2752;0,4831
56654;2021-02-28;T20-21;SP2;Fuenlabrada;Girona;1;1;0;1;0,3;0,3833;0,3167
56656;2021-02-28;T20-21;SP2;Tenerife;Alcorcon;3;1;1;1;0,2613;0,4695;0,2692
34753;2021-02-28;T20-21;I1;Sampdoria;Atalanta;0;2;2;2;0,24;0,225;0,5351
44753;2021-02-28;T20-21;SP1;Cadiz;Betis;0;1;2;2;0,2682;0,3539;0,3778
26379;2021-02-28;T20-21;F1;Marseille;Lyon;1;1;0;2;0,2171;0,3027;0,4802
34754;2021-02-28;T20-21;I1;Crotone;Cagliari;0;2;2;2;0,2887;0,3201;0,3912
26377;2021-02-28;T20-21;F1;Reims;Montpellier;0;0;0;1;0,2711;0,4333;0,2957
6195;2021-02-28;T20-21;D1;Union Berlin;Hoffenheim;1;1;0;1;0,2932;0,4174;0,2894
6196;2021-02-28;T20-21;D1;Mainz;Augsburg;0;1;2;1;0,2968;0,4159;0,2874
6197;2021-02-28;T20-21;D1;Leverkusen;Freiburg;1;2;2;1;0,2797;0,6139;0,1064
16184;2021-02-28;T20-21;E0;Crystal Palace;Fulham;0;0;0;1;0,2641;0,4566;0,2792
16185;2021-02-28;T20-21;E0;Leicester;Arsenal;1;3;2;1;0,2777;0,4892;0,2331
16186;2021-02-28;T20-21;E0;Tottenham;Burnley;4;0;1;1;0,2944;0,4897;0,2159
26378;2021-02-28;T20-21;F1;Lille;Strasbourg;1;1;0;1;0,2453;0,6455;0,1092
16188;2021-02-28;T20-21;E0;Sheffield United;Liverpool;0;2;2;2;0,207;0,1919;0,6011
26373;2021-02-28;T20-21;F1;Monaco;Brest;2;0;1;1;0,2729;0,5693;0,1578
26374;2021-02-28;T20-21;F1;Angers;Lens;2;2;0;1;0,2654;0,3941;0,3405
26375;2021-02-28;T20-21;F1;Lorient;St Etienne;2;1;1;1;0,2789;0,3887;0,3324
26376;2021-02-28;T20-21;F1;Nimes;Nantes;1;1;0;1;0,2724;0,4445;0,2831
16187;2021-02-28;T20-21;E0;Chelsea;Man United;0;0;0;1;0,2764;0,4189;0,3047
16189;2021-03-01;T20-21;E0;Everton;Southampton;1;0;1;1;0,2869;0,4735;0,2396
44756;2021-03-01;T20-21;SP1;Real Madrid;Sociedad;1;1;0;1;0,2289;0,6331;0,138
56658;2021-03-01;T20-21;SP2;Mirandes;Malaga;1;0;1;1;0,2801;0,43;0,2899
34759;2021-03-02;T20-21;I1;Juventus;Spezia;3;0;1;1;0,1755;0,7466;0,0779
16190;2021-03-02;T20-21;E0;Man City;Wolves;4;1;1;1;0,1721;0,7537;0,0742
34766;2021-03-03;T20-21;I1;Milan;Udinese;1;1;0;1;0,2107;0,6852;0,1042
34764;2021-03-03;T20-21;I1;Fiorentina;Roma;1;2;2;2;0,2213;0,265;0,5137
34763;2021-03-03;T20-21;I1;Cagliari;Bologna;1;0;1;1;0,2845;0,4637;0,2518
34762;2021-03-03;T20-21;I1;Benevento;Verona;0;3;2;1;0,2707;0,4731;0,2561
34761;2021-03-03;T20-21;I1;Atalanta;Crotone;5;1;1;1;0,1443;0,8014;0,0543
34760;2021-03-03;T20-21;I1;Sassuolo;Napoli;3;3;0;2;0,2386;0,2765;0,4849
26389;2021-03-03;T20-21;F1;Strasbourg;Monaco;1;0;1;2;0,2456;0,2965;0,4579
26388;2021-03-03;T20-21;F1;Nantes;Reims;1;2;2;1;0,3024;0,4216;0,276
26387;2021-03-03;T20-21;F1;Montpellier;Lorient;1;1;0;1;0,2649;0,5735;0,1616
34765;2021-03-03;T20-21;I1;Genoa;Sampdoria;1;1;0;1;0,2633;0,4101;0,3266
26385;2021-03-03;T20-21;F1;Bordeaux;Paris SG;0;1;2;2;0,1651;0,1536;0,6813
26384;2021-03-03;T20-21;F1;St Etienne;Lens;2;3;2;1;0,2528;0,4089;0,3383
26383;2021-03-03;T20-21;F1;Nice;Nimes;2;1;1;1;0,2921;0,4901;0,2178
26382;2021-03-03;T20-21;F1;Metz;Angers;0;1;2;1;0,3211;0,4784;0,2005
26381;2021-03-03;T20-21;F1;Lyon;Rennes;1;0;1;1;0,2501;0,6228;0,1271
26380;2021-03-03;T20-21;F1;Brest;Dijon;3;1;1;1;0,2903;0,4896;0,2201
16193;2021-03-03;T20-21;E0;Crystal Palace;Man United;0;0;0;2;0,2184;0,2338;0,5479
16192;2021-03-03;T20-21;E0;Sheffield United;Aston Villa;1;0;1;2;0,2635;0,3591;0,3774
26386;2021-03-03;T20-21;F1;Lille;Marseille;2;0;1;1;0,241;0,6062;0,1528
16191;2021-03-03;T20-21;E0;Burnley;Leicester;1;1;0;2;0,2613;0,3177;0,421
16196;2021-03-04;T20-21;E0;Liverpool;Chelsea;0;1;2;1;0,2085;0,6009;0,1907
34767;2021-03-04;T20-21;I1;Parma;Inter;1;2;2;2;0,2138;0,1796;0,6065
16194;2021-03-04;T20-21;E0;Fulham;Tottenham;0;1;2;2;0,269;0,2543;0,4768
16195;2021-03-04;T20-21;E0;West Brom;Everton;0;1;2;2;0,259;0,2781;0,4628
6198;2021-03-05;T20-21;D1;Schalke 04;Mainz;0;0;0;1;0,2798;0,3736;0,3466
44757;2021-03-05;T20-21;SP1;Valencia;Villarreal;2;1;1;1;0,2997;0,3742;0,3262
56659;2021-03-05;T20-21;SP2;Espanol;Oviedo;1;1;0;1;0,2395;0,6491;0,1114
34770;2021-03-06;T20-21;I1;Juventus;Lazio;3;1;1;1;0,2257;0,5993;0,175
56662;2021-03-06;T20-21;SP2;Leganes;Castellon;0;0;0;1;0,2173;0,6537;0,129
56661;2021-03-06;T20-21;SP2;Las Palmas;Vallecano;1;1;0;1;0,2744;0,3938;0,3318
56660;2021-03-06;T20-21;SP2;Zaragoza;Tenerife;1;0;1;1;0,29;0,4362;0,2738
44761;2021-03-06;T20-21;SP1;Osasuna;Barcelona;0;2;2;2;0,1725;0,1627;0,6648
44760;2021-03-06;T20-21;SP1;Cadiz;Eibar;1;0;1;2;0,272;0,342;0,386
44759;2021-03-06;T20-21;SP1;Elche;Sevilla;2;1;1;2;0,2135;0,1969;0,5896
56663;2021-03-06;T20-21;SP2;Albacete;Logrones;1;1;0;1;0,3105;0,4687;0,2208
44758;2021-03-06;T20-21;SP1;Valladolid;Getafe;2;1;1;2;0,2196;0,3724;0,408
34769;2021-03-06;T20-21;I1;Udinese;Sassuolo;2;0;1;1;0,268;0,4131;0,319
16197;2021-03-06;T20-21;E0;Burnley;Arsenal;1;1;0;2;0,2691;0,2973;0,4336
16200;2021-03-06;T20-21;E0;Brighton;Leicester;1;2;2;2;0,2621;0,3545;0,3834
16199;2021-03-06;T20-21;E0;Aston Villa;Wolves;0;0;0;1;0,2912;0,4086;0,3002
16198;2021-03-06;T20-21;E0;Sheffield United;Southampton;0;2;2;1;0,286;0,4003;0,3137
6204;2021-03-06;T20-21;D1;Bayern Munich;Dortmund;4;2;1;1;0,1888;0,5993;0,2119
6203;2021-03-06;T20-21;D1;M'gladbach;Leverkusen;0;1;2;1;0,2713;0,3993;0,3294
6202;2021-03-06;T20-21;D1;Hoffenheim;Wolfsburg;2;1;1;1;0,2817;0,4505;0,2678
6201;2021-03-06;T20-21;D1;Hertha;Augsburg;2;1;1;1;0,3072;0,429;0,2638
6200;2021-03-06;T20-21;D1;Freiburg;RB Leipzig;0;3;2;2;0,2042;0,2423;0,5535
6199;2021-03-06;T20-21;D1;Ein Frankfurt;Stuttgart;1;1;0;1;0,2911;0,5346;0,1742
34768;2021-03-06;T20-21;I1;Spezia;Benevento;1;1;0;1;0,2778;0,5142;0,2079
44762;2021-03-07;T20-21;SP1;Huesca;Celta;3;4;2;1;0,297;0,3692;0,3338
44763;2021-03-07;T20-21;SP1;Ath Madrid;Real Madrid;1;1;0;2;0,2691;0,3601;0,3708
44765;2021-03-07;T20-21;SP1;Ath Bilbao;Granada;2;1;1;1;0,2846;0,4985;0,2169
34776;2021-03-07;T20-21;I1;Napoli;Bologna;3;1;1;1;0,2188;0,6759;0,1053
56665;2021-03-07;T20-21;SP2;Ponferradina;Sp Gijon;2;2;0;1;0,2995;0,4064;0,2941
56666;2021-03-07;T20-21;SP2;Mallorca;Cartagena;2;1;1;1;0,1972;0,7142;0,0886
56667;2021-03-07;T20-21;SP2;Girona;Almeria;0;1;2;2;0,2495;0,3667;0,3838
56664;2021-03-07;T20-21;SP2;Malaga;Sabadell;2;0;1;1;0,2955;0,4838;0,2207
34775;2021-03-07;T20-21;I1;Sampdoria;Cagliari;2;2;0;1;0,2575;0,4999;0,2426
44764;2021-03-07;T20-21;SP1;Sociedad;Levante;1;0;1;1;0,2804;0,4947;0,2248
34773;2021-03-07;T20-21;I1;Fiorentina;Parma;3;3;0;1;0,2677;0,5037;0,2286
34771;2021-03-07;T20-21;I1;Roma;Genoa;1;0;1;1;0,176;0,7481;0,0759
16204;2021-03-07;T20-21;E0;Tottenham;Crystal Palace;4;1;1;1;0,2846;0,5404;0,175
34774;2021-03-07;T20-21;I1;Verona;Milan;0;2;2;2;0,2377;0,2638;0,4985
16203;2021-03-07;T20-21;E0;Man City;Man United;0;2;2;1;0,203;0,5973;0,1997
16202;2021-03-07;T20-21;E0;Liverpool;Fulham;0;1;2;1;0,1508;0,7792;0,0699
16201;2021-03-07;T20-21;E0;West Brom;Newcastle;0;0;0;2;0,2609;0,3169;0,4221
6206;2021-03-07;T20-21;D1;Bielefeld;Union Berlin;0;0;0;2;0,2784;0,2802;0,4415
6205;2021-03-07;T20-21;D1;FC Koln;Werder Bremen;1;1;0;1;0,2719;0,3947;0,3334
16205;2021-03-08;T20-21;E0;Chelsea;Everton;2;0;1;1;0,2372;0,6232;0,1397
16206;2021-03-08;T20-21;E0;West Ham;Leeds;2;0;1;1;0,2482;0,4583;0,2935
34777;2021-03-08;T20-21;I1;Inter;Atalanta;1;0;1;1;0,2308;0,4983;0,2709
44766;2021-03-08;T20-21;SP1;Betis;Alaves;3;2;1;1;0,2824;0,5359;0,1816
56668;2021-03-08;T20-21;SP2;Alcorcon;Mirandes;4;0;1;1;0,3151;0,4026;0,2823
56669;2021-03-08;T20-21;SP2;Lugo;Fuenlabrada;0;0;0;0;0,3644;0,3503;0,2853
26390;2021-03-10;T20-21;F1;Marseille;Rennes;1;0;1;1;0,2662;0,4905;0,2433
44767;2021-03-10;T20-21;SP1;Ath Madrid;Ath Bilbao;2;1;1;1;0,2509;0,6059;0,1433
6207;2021-03-10;T20-21;D1;Bielefeld;Werder Bremen;0;2;2;2;0,2868;0,3028;0,4104
16207;2021-03-10;T20-21;E0;Man City;Southampton;5;2;1;1;0,0828;0,8634;0,0538
56670;2021-03-12;T20-21;SP2;Cartagena;Ponferradina;1;1;0;1;0,3283;0,371;0,3007
44768;2021-03-12;T20-21;SP1;Levante;Valencia;1;0;1;1;0,2883;0,4212;0,2905
34779;2021-03-12;T20-21;I1;Atalanta;Spezia;3;1;1;1;0,1731;0,7483;0,0787
56671;2021-03-12;T20-21;SP2;Vallecano;Zaragoza;3;2;1;1;0,2962;0,4819;0,222
26391;2021-03-12;T20-21;F1;Reims;Lyon;1;1;0;2;0,2157;0,2072;0,5771
16208;2021-03-12;T20-21;E0;Newcastle;Aston Villa;1;1;0;1;0,2833;0,3908;0,3259
6208;2021-03-12;T20-21;D1;Augsburg;M'gladbach;3;1;1;2;0,2675;0,2971;0,4353
34778;2021-03-12;T20-21;I1;Lazio;Crotone;3;2;1;1;0,1687;0,7621;0,0692
34781;2021-03-13;T20-21;I1;Benevento;Fiorentina;1;4;2;1;0,2933;0,3676;0,3391
56674;2021-03-13;T20-21;SP2;Castellon;Sabadell;2;1;1;1;0,2845;0,4085;0,307
56673;2021-03-13;T20-21;SP2;Girona;Lugo;1;1;0;1;0,2766;0,4412;0,2822
56672;2021-03-13;T20-21;SP2;Fuenlabrada;Las Palmas;1;2;2;1;0,2674;0,4444;0,2882
44772;2021-03-13;T20-21;SP1;Getafe;Ath Madrid;0;0;0;2;0,1838;0,192;0,6243
44771;2021-03-13;T20-21;SP1;Osasuna;Valladolid;0;0;0;1;0,3074;0,4741;0,2185
44770;2021-03-13;T20-21;SP1;Real Madrid;Elche;2;1;1;1;0,191;0,7501;0,0589
56675;2021-03-13;T20-21;SP2;Mirandes;Espanol;2;2;0;2;0,2329;0,2627;0,5044
34782;2021-03-13;T20-21;I1;Genoa;Udinese;1;1;0;1;0,2923;0,3917;0,3161
34780;2021-03-13;T20-21;I1;Sassuolo;Verona;3;2;1;1;0,2543;0,57;0,1758
44769;2021-03-13;T20-21;SP1;Alaves;Cadiz;1;1;0;1;0,3042;0,4236;0,2722
26392;2021-03-13;T20-21;F1;Angers;St Etienne;0;1;2;1;0,287;0,4408;0,2722
16212;2021-03-13;T20-21;E0;Fulham;Man City;0;3;2;2;0,1517;0,1365;0,7118
16211;2021-03-13;T20-21;E0;Everton;Burnley;1;2;2;1;0,2733;0,4993;0,2274
16210;2021-03-13;T20-21;E0;Crystal Palace;West Brom;1;0;1;1;0,2846;0,5019;0,2135
16209;2021-03-13;T20-21;E0;Leeds;Chelsea;0;0;0;2;0,2487;0,3557;0,3956
6213;2021-03-13;T20-21;D1;Dortmund;Hertha;2;0;1;1;0,2399;0,6497;0,1104
6212;2021-03-13;T20-21;D1;Wolfsburg;Schalke 04;5;0;1;1;0,2559;0,5917;0,1525
6211;2021-03-13;T20-21;D1;Werder Bremen;Bayern Munich;1;3;2;2;0,1413;0,14;0,7188
6210;2021-03-13;T20-21;D1;Union Berlin;FC Koln;2;1;1;1;0,2917;0,5157;0,1927
6209;2021-03-13;T20-21;D1;Mainz;Freiburg;1;0;1;1;0,2921;0,453;0,255
26393;2021-03-13;T20-21;F1;Marseille;Brest;3;1;1;1;0,2632;0,5518;0,185
34784;2021-03-14;T20-21;I1;Parma;Roma;2;0;1;2;0,2182;0,2297;0,5521
34785;2021-03-14;T20-21;I1;Torino;Inter;1;2;2;2;0,2396;0,2353;0,5251
34786;2021-03-14;T20-21;I1;Cagliari;Juventus;1;3;2;2;0,2084;0,1809;0,6107
34787;2021-03-14;T20-21;I1;Milan;Napoli;0;1;2;1;0,244;0,3969;0,3591
44773;2021-03-14;T20-21;SP1;Celta;Ath Bilbao;0;0;0;1;0,3016;0,4043;0,2941
56678;2021-03-14;T20-21;SP2;Tenerife;Albacete;2;0;1;1;0,2468;0,4734;0,2798
44775;2021-03-14;T20-21;SP1;Eibar;Villarreal;1;3;2;2;0,2918;0,3487;0,3595
44776;2021-03-14;T20-21;SP1;Sevilla;Betis;1;0;1;1;0,274;0,564;0,162
56676;2021-03-14;T20-21;SP2;Logrones;Malaga;0;1;2;1;0,3034;0,3693;0,3272
56677;2021-03-14;T20-21;SP2;Sp Gijon;Mallorca;2;0;1;2;0,2742;0,3558;0,37
56679;2021-03-14;T20-21;SP2;Oviedo;Leganes;1;3;2;2;0,2641;0,307;0,4288
44774;2021-03-14;T20-21;SP1;Granada;Sociedad;1;0;1;2;0,2807;0,328;0,3913
34783;2021-03-14;T20-21;I1;Bologna;Sampdoria;3;1;1;1;0,2425;0,5531;0,2044
26398;2021-03-14;T20-21;F1;Rennes;Strasbourg;1;0;1;1;0,3083;0,4779;0,2138
26399;2021-03-14;T20-21;F1;Monaco;Lille;0;0;0;1;0,2714;0,3758;0,3528
6214;2021-03-14;T20-21;D1;Leverkusen;Bielefeld;1;2;2;1;0,239;0,6796;0,0814
26400;2021-03-14;T20-21;F1;Paris SG;Nantes;1;2;2;1;0,1714;0,76;0,0686
6216;2021-03-14;T20-21;D1;Stuttgart;Hoffenheim;2;0;1;1;0,2449;0,4028;0,3523
16213;2021-03-14;T20-21;E0;Southampton;Brighton;1;2;2;1;0,2649;0,4764;0,2587
16214;2021-03-14;T20-21;E0;Leicester;Sheffield United;5;0;1;1;0,2472;0,6411;0,1118
6215;2021-03-14;T20-21;D1;RB Leipzig;Ein Frankfurt;1;1;0;1;0,2144;0,6372;0,1484
16216;2021-03-14;T20-21;E0;Man United;West Ham;1;0;1;1;0,2478;0,5776;0,1746
26394;2021-03-14;T20-21;F1;Nimes;Montpellier;1;1;0;1;0,2869;0,4421;0,2709
26395;2021-03-14;T20-21;F1;Dijon;Bordeaux;1;3;2;2;0,2895;0,3203;0,3902
26396;2021-03-14;T20-21;F1;Lens;Metz;2;2;0;1;0,2881;0,5007;0,2112
26397;2021-03-14;T20-21;F1;Lorient;Nice;1;1;0;1;0,2948;0,3666;0,3385
16215;2021-03-14;T20-21;E0;Arsenal;Tottenham;2;1;1;2;0,2863;0,3403;0,3734
16217;2021-03-15;T20-21;E0;Wolves;Liverpool;0;1;2;2;0,267;0,2491;0,4839
44777;2021-03-15;T20-21;SP1;Barcelona;Huesca;4;1;1;1;0,1585;0,7749;0,0665
56680;2021-03-15;T20-21;SP2;Almeria;Alcorcon;0;0;0;1;0,2931;0,5332;0,1736
34788;2021-03-17;T20-21;I1;Torino;Sassuolo;3;2;1;1;0,2575;0,4844;0,2581
44778;2021-03-17;T20-21;SP1;Sevilla;Elche;2;0;1;1;0,2305;0,6733;0,0961
44779;2021-03-19;T20-21;SP1;Betis;Levante;2;0;1;1;0,3004;0,4451;0,2545
56681;2021-03-19;T20-21;SP2;Las Palmas;Girona;1;2;2;1;0,2832;0,3927;0,3241
34789;2021-03-19;T20-21;I1;Parma;Genoa;1;2;2;1;0,2618;0,4601;0,2782
6217;2021-03-19;T20-21;D1;Bielefeld;RB Leipzig;0;1;2;2;0,1713;0,1643;0,6644
16218;2021-03-19;T20-21;E0;Fulham;Leeds;1;2;2;1;0,26;0,3797;0,3602
26401;2021-03-19;T20-21;F1;St Etienne;Monaco;0;4;2;2;0,2203;0,2833;0,4964
56685;2021-03-20;T20-21;SP2;Espanol;Logrones;4;0;1;1;0,2367;0,6551;0,1083
56684;2021-03-20;T20-21;SP2;Leganes;Fuenlabrada;0;2;2;1;0,2346;0,6017;0,1637
56683;2021-03-20;T20-21;SP2;Mallorca;Oviedo;0;0;0;1;0,2301;0,6569;0,113
44783;2021-03-20;T20-21;SP1;Valladolid;Sevilla;1;1;0;2;0,2421;0,2421;0,5158
44782;2021-03-20;T20-21;SP1;Huesca;Osasuna;0;0;0;1;0,2755;0,3938;0,3306
44781;2021-03-20;T20-21;SP1;Celta;Real Madrid;1;3;2;2;0,2164;0,1794;0,6042
44780;2021-03-20;T20-21;SP1;Ath Bilbao;Eibar;1;1;0;1;0,2645;0,4513;0,2842
34791;2021-03-20;T20-21;I1;Spezia;Cagliari;2;1;1;1;0,2944;0,4281;0,2775
56682;2021-03-20;T20-21;SP2;Sabadell;Sp Gijon;1;1;0;2;0,2812;0,3126;0,4062
26403;2021-03-20;T20-21;F1;Nice;Marseille;3;0;1;1;0,2739;0,3728;0,3533
26402;2021-03-20;T20-21;F1;Metz;Rennes;1;3;2;1;0,2876;0,4165;0,2959
16219;2021-03-20;T20-21;E0;Brighton;Newcastle;3;0;1;1;0,2951;0,468;0,2368
6222;2021-03-20;T20-21;D1;Schalke 04;M'gladbach;0;3;2;2;0,2351;0,2842;0,4806
6221;2021-03-20;T20-21;D1;Werder Bremen;Wolfsburg;1;2;2;2;0,237;0,3391;0,4238
6220;2021-03-20;T20-21;D1;FC Koln;Dortmund;2;2;0;2;0,2226;0,1975;0,5798
6219;2021-03-20;T20-21;D1;Ein Frankfurt;Union Berlin;5;2;1;1;0,276;0,5273;0,1967
6218;2021-03-20;T20-21;D1;Bayern Munich;Stuttgart;4;0;1;1;0,1343;0,7933;0,0724
34790;2021-03-20;T20-21;I1;Crotone;Bologna;2;3;2;2;0,2429;0,3417;0,4155
34795;2021-03-21;T20-21;I1;Udinese;Lazio;0;1;2;2;0,2305;0,2953;0,4742
34796;2021-03-21;T20-21;I1;Fiorentina;Milan;2;3;2;2;0,254;0,2699;0,4762
34797;2021-03-21;T20-21;I1;Roma;Napoli;0;2;2;1;0,261;0,4296;0,3095
44784;2021-03-21;T20-21;SP1;Getafe;Elche;1;1;0;1;0,3148;0,4538;0,2314
44785;2021-03-21;T20-21;SP1;Valencia;Granada;2;1;1;1;0,355;0,4279;0,2171
56688;2021-03-21;T20-21;SP2;Lugo;Castellon;0;0;0;1;0,312;0,4534;0,2346
44788;2021-03-21;T20-21;SP1;Sociedad;Barcelona;1;6;2;2;0,2091;0,2135;0,5773
56686;2021-03-21;T20-21;SP2;Ponferradina;Almeria;2;1;1;1;0,2753;0,3927;0,332
56687;2021-03-21;T20-21;SP2;Malaga;Tenerife;1;1;0;1;0,2809;0,4802;0,2388
56689;2021-03-21;T20-21;SP2;Alcorcon;Vallecano;0;3;2;1;0,2894;0,3653;0,3452
34794;2021-03-21;T20-21;I1;Sampdoria;Torino;1;0;1;1;0,2708;0,4677;0,2615
44786;2021-03-21;T20-21;SP1;Villarreal;Cadiz;2;1;1;1;0,291;0,5384;0,1706
34793;2021-03-21;T20-21;I1;Juventus;Benevento;0;1;2;1;0,1384;0,8114;0,0502
44787;2021-03-21;T20-21;SP1;Ath Madrid;Alaves;1;0;1;1;0,2376;0,6781;0,0843
26410;2021-03-21;T20-21;F1;Lyon;Paris SG;2;4;2;2;0,215;0,3692;0,4158
6223;2021-03-21;T20-21;D1;Hoffenheim;Mainz;1;2;2;1;0,2624;0,556;0,1816
6225;2021-03-21;T20-21;D1;Freiburg;Augsburg;2;0;1;1;0,3128;0,4416;0,2456
16220;2021-03-21;T20-21;E0;West Ham;Arsenal;3;3;0;2;0,2795;0,3409;0,3797
16221;2021-03-21;T20-21;E0;Aston Villa;Tottenham;0;2;2;2;0,2574;0,2878;0,4548
34792;2021-03-21;T20-21;I1;Verona;Atalanta;0;2;2;2;0,2224;0,2096;0,568
6224;2021-03-21;T20-21;D1;Hertha;Leverkusen;3;0;1;2;0,2412;0,2778;0,481
26405;2021-03-21;T20-21;F1;Brest;Angers;0;0;0;1;0,2956;0,4612;0,2432
26406;2021-03-21;T20-21;F1;Dijon;Reims;0;1;2;2;0,2959;0,3375;0,3666
26407;2021-03-21;T20-21;F1;Montpellier;Bordeaux;3;1;1;1;0,2952;0,4976;0,2072
26408;2021-03-21;T20-21;F1;Nantes;Lorient;1;1;0;1;0,2679;0,4663;0,2658
26409;2021-03-21;T20-21;F1;Lille;Nimes;1;2;2;1;0,2313;0,6859;0,0828
26404;2021-03-21;T20-21;F1;Strasbourg;Lens;1;2;2;1;0,2771;0,3898;0,3331
56690;2021-03-22;T20-21;SP2;Albacete;Cartagena;2;0;1;1;0,3183;0,4026;0,2791
56691;2021-03-22;T20-21;SP2;Zaragoza;Mirandes;1;0;1;1;0,2905;0,4407;0,2687
56693;2021-03-26;T20-21;SP2;Castellon;Espanol;1;3;2;2;0,2579;0,2296;0,5125
56692;2021-03-26;T20-21;SP2;Sp Gijon;Alcorcon;0;0;0;1;0,2811;0,5437;0,1752
56694;2021-03-27;T20-21;SP2;Oviedo;Ponferradina;1;1;0;1;0,3107;0,4096;0,2797
56695;2021-03-27;T20-21;SP2;Almeria;Leganes;1;1;0;1;0,2687;0,4065;0,3247
56696;2021-03-27;T20-21;SP2;Cartagena;Malaga;1;1;0;0;0,3804;0,3506;0,269
56697;2021-03-27;T20-21;SP2;Logrones;Zaragoza;1;1;0;2;0,2891;0,3442;0,3667
56698;2021-03-28;T20-21;SP2;Lugo;Sabadell;0;1;2;1;0,3248;0,455;0,2202
56699;2021-03-28;T20-21;SP2;Girona;Albacete;2;1;1;1;0,2812;0,5103;0,2086
56700;2021-03-28;T20-21;SP2;Tenerife;Las Palmas;1;1;0;1;0,2853;0,4895;0,2252
56701;2021-03-29;T20-21;SP2;Fuenlabrada;Mallorca;4;1;1;2;0,2593;0,3231;0,4176
56702;2021-03-30;T20-21;SP2;Alcorcon;Oviedo;1;1;0;1;0,3247;0,428;0,2473
56703;2021-03-30;T20-21;SP2;Malaga;Almeria;0;3;2;1;0,261;0,3802;0,3588
56704;2021-03-30;T20-21;SP2;Ponferradina;Logrones;2;2;0;1;0,3093;0,5302;0,1604
56705;2021-03-30;T20-21;SP2;Vallecano;Sp Gijon;0;1;2;1;0,28;0,4829;0,2371
56706;2021-03-31;T20-21;SP2;Albacete;Castellon;0;1;2;1;0,321;0,4255;0,2535
56707;2021-03-31;T20-21;SP2;Sabadell;Girona;2;2;0;2;0,3263;0,3239;0,3498
56708;2021-04-01;T20-21;SP2;Espanol;Fuenlabrada;4;0;1;1;0,2513;0,6181;0,1307
56709;2021-04-01;T20-21;SP2;Mallorca;Leganes;1;0;1;1;0,2712;0,5583;0,1705
56710;2021-04-01;T20-21;SP2;Las Palmas;Lugo;6;1;1;1;0,3163;0,4417;0,242
56711;2021-04-01;T20-21;SP2;Zaragoza;Cartagena;0;0;0;1;0,2712;0,5108;0,218
56712;2021-04-02;T20-21;SP2;Almeria;Vallecano;0;1;2;1;0,2458;0,4648;0,2893
44789;2021-04-02;T20-21;SP1;Levante;Huesca;0;2;2;1;0,2617;0,4951;0,2431
34801;2021-04-03;T20-21;I1;Cagliari;Verona;0;2;2;1;0,3015;0,4582;0,2402
56714;2021-04-03;T20-21;SP2;Girona;Ponferradina;3;1;1;1;0,2961;0,4288;0,2751
56713;2021-04-03;T20-21;SP2;Logrones;Tenerife;1;0;1;2;0,2805;0,3251;0,3944
44792;2021-04-03;T20-21;SP1;Osasuna;Getafe;0;0;0;1;0,33;0,4178;0,2522
44791;2021-04-03;T20-21;SP1;Real Madrid;Eibar;2;0;1;1;0,2104;0,7128;0,0768
44790;2021-04-03;T20-21;SP1;Granada;Villarreal;0;3;2;1;0,3012;0,3508;0,348
34806;2021-04-03;T20-21;I1;Torino;Juventus;2;2;0;2;0,2278;0,2404;0,5317
56715;2021-04-03;T20-21;SP2;Castellon;Oviedo;1;0;1;1;0,3049;0,3694;0,3257
34804;2021-04-03;T20-21;I1;Napoli;Crotone;4;3;1;1;0,1691;0,7478;0,0831
34803;2021-04-03;T20-21;I1;Lazio;Spezia;2;1;1;1;0,1952;0,7097;0,0952
34802;2021-04-03;T20-21;I1;Genoa;Fiorentina;1;1;0;2;0,2796;0,3576;0,3628
34800;2021-04-03;T20-21;I1;Benevento;Parma;2;2;0;1;0,2819;0,4327;0,2854
6232;2021-04-03;T20-21;D1;M'gladbach;Freiburg;2;1;1;1;0,262;0,5799;0,1581
34798;2021-04-03;T20-21;I1;Milan;Sampdoria;1;1;0;1;0,2013;0,6985;0,1002
34799;2021-04-03;T20-21;I1;Atalanta;Udinese;3;2;1;1;0,1855;0,7435;0,071
6227;2021-04-03;T20-21;D1;Dortmund;Ein Frankfurt;1;2;2;1;0,2386;0,5801;0,1813
6228;2021-04-03;T20-21;D1;Leverkusen;Schalke 04;2;1;1;1;0,2089;0,7021;0,089
6229;2021-04-03;T20-21;D1;Mainz;Bielefeld;1;1;0;1;0,2974;0,531;0,1716
6226;2021-04-03;T20-21;D1;Augsburg;Hoffenheim;2;1;1;2;0,2387;0,3572;0,4041
6231;2021-04-03;T20-21;D1;RB Leipzig;Bayern Munich;0;1;2;2;0,1927;0,3758;0,4316
26411;2021-04-03;T20-21;F1;Monaco;Metz;4;0;1;1;0,266;0,5609;0,1731
26412;2021-04-03;T20-21;F1;Paris SG;Lille;0;1;2;1;0,2254;0,5669;0,2077
26413;2021-04-03;T20-21;F1;Lens;Lyon;1;1;0;2;0,2456;0,3119;0,4425
6230;2021-04-03;T20-21;D1;Wolfsburg;FC Koln;1;0;1;1;0,2358;0,6513;0,1128
44795;2021-04-04;T20-21;SP1;Cadiz;Valencia;2;1;1;2;0,3026;0,3139;0,3835
56720;2021-04-04;T20-21;SP2;Las Palmas;Mallorca;1;1;0;2;0,2832;0,3457;0,3711
56719;2021-04-04;T20-21;SP2;Lugo;Malaga;0;1;2;1;0,3425;0,3913;0,2662
56718;2021-04-04;T20-21;SP2;Leganes;Sabadell;2;1;1;1;0,2734;0,5703;0,1563
56717;2021-04-04;T20-21;SP2;Albacete;Espanol;0;3;2;2;0,2498;0,1982;0,552
56716;2021-04-04;T20-21;SP2;Sp Gijon;Mirandes;1;2;2;1;0,2904;0,4831;0,2265
44796;2021-04-04;T20-21;SP1;Sevilla;Ath Madrid;1;0;1;1;0,2569;0,3793;0,3638
44793;2021-04-04;T20-21;SP1;Alaves;Celta;1;3;2;1;0,298;0,4048;0,2971
26416;2021-04-04;T20-21;F1;Lorient;Brest;1;0;1;1;0,2919;0,4666;0,2415
26418;2021-04-04;T20-21;F1;Reims;Rennes;2;2;0;1;0,2742;0,4098;0,316
26417;2021-04-04;T20-21;F1;Nantes;Nice;1;2;2;1;0,2968;0,3807;0,3225
26415;2021-04-04;T20-21;F1;Bordeaux;Strasbourg;2;3;2;1;0,2872;0,4243;0,2885
26414;2021-04-04;T20-21;F1;Angers;Montpellier;1;1;0;1;0,2628;0,389;0,3482
16227;2021-04-04;T20-21;E0;Newcastle;Tottenham;2;2;0;2;0,2526;0,2423;0,5051
6234;2021-04-04;T20-21;D1;Union Berlin;Hertha;1;1;0;1;0,3054;0,4779;0,2167
6233;2021-04-04;T20-21;D1;Stuttgart;Werder Bremen;1;0;1;1;0,279;0,4871;0,2339
26420;2021-04-04;T20-21;F1;Marseille;Dijon;2;0;1;1;0,2397;0,5896;0,1707
56721;2021-04-05;T20-21;SP2;Cartagena;Alcorcon;2;1;1;1;0,3348;0,3762;0,289
56722;2021-04-05;T20-21;SP2;Fuenlabrada;Zaragoza;0;1;2;1;0,3081;0,4239;0,268
34808;2021-04-07;T20-21;I1;Inter;Sassuolo;2;1;1;1;0,181;0,7318;0,0872
34809;2021-04-07;T20-21;I1;Juventus;Napoli;2;1;1;1;0,2516;0,4583;0,2901
56723;2021-04-09;T20-21;SP2;Tenerife;Sp Gijon;1;0;1;1;0,3332;0,3976;0,2692
26421;2021-04-09;T20-21;F1;Metz;Lille;0;2;2;2;0,2732;0,2613;0,4655
44799;2021-04-09;T20-21;SP1;Huesca;Elche;3;1;1;1;0,2844;0,4778;0,2378
6235;2021-04-09;T20-21;D1;Bielefeld;Freiburg;1;0;1;2;0,2865;0,3196;0,3939
16232;2021-04-09;T20-21;E0;Fulham;Wolves;0;1;2;2;0,3063;0,3423;0,3514
56726;2021-04-10;T20-21;SP2;Vallecano;Girona;2;1;1;1;0,2718;0,4684;0,2598
56725;2021-04-10;T20-21;SP2;Oviedo;Las Palmas;0;0;0;1;0,3345;0,3953;0,2702
56724;2021-04-10;T20-21;SP2;Ponferradina;Fuenlabrada;0;0;0;1;0,2982;0,43;0,2718
44803;2021-04-10;T20-21;SP1;Real Madrid;Barcelona;2;1;1;1;0,2349;0,3866;0,3785
44801;2021-04-10;T20-21;SP1;Ath Bilbao;Alaves;0;0;0;1;0,2523;0,5362;0,2116
44800;2021-04-10;T20-21;SP1;Getafe;Cadiz;0;1;2;1;0,287;0,4939;0,2191
34812;2021-04-10;T20-21;I1;Udinese;Torino;0;1;2;1;0,2801;0,4448;0,275
34811;2021-04-10;T20-21;I1;Parma;Milan;1;3;2;2;0,2545;0,2447;0,5008
34810;2021-04-10;T20-21;I1;Spezia;Crotone;3;2;1;1;0,2727;0,5494;0,1779
44802;2021-04-10;T20-21;SP1;Eibar;Levante;0;1;2;1;0,3028;0,3955;0,3016
26422;2021-04-10;T20-21;F1;Strasbourg;Paris SG;1;4;2;2;0,1895;0,1773;0,6332
16235;2021-04-10;T20-21;E0;Crystal Palace;Chelsea;1;4;2;2;0,2409;0,2833;0,4758
16234;2021-04-10;T20-21;E0;Liverpool;Aston Villa;2;1;1;1;0,1972;0,7005;0,1023
16233;2021-04-10;T20-21;E0;Man City;Leeds;1;2;2;1;0,1566;0,7345;0,1089
6240;2021-04-10;T20-21;D1;Stuttgart;Dortmund;2;3;2;2;0,2358;0,2805;0,4836
6239;2021-04-10;T20-21;D1;Werder Bremen;RB Leipzig;1;4;2;2;0,1929;0,2189;0,5882
6238;2021-04-10;T20-21;D1;Hertha;M'gladbach;2;2;0;2;0,2308;0,3364;0,4328
6237;2021-04-10;T20-21;D1;Ein Frankfurt;Wolfsburg;4;3;1;1;0,2646;0,4309;0,3044
6236;2021-04-10;T20-21;D1;Bayern Munich;Union Berlin;1;1;0;1;0,1403;0,7985;0,0612
26423;2021-04-10;T20-21;F1;Montpellier;Marseille;3;3;0;1;0,2909;0,4294;0,2797
34816;2021-04-11;T20-21;I1;Verona;Lazio;0;1;2;2;0,236;0,3151;0,4488
34817;2021-04-11;T20-21;I1;Roma;Bologna;1;0;1;1;0,1728;0,7206;0,1066
34818;2021-04-11;T20-21;I1;Fiorentina;Atalanta;2;3;2;2;0,2354;0,2202;0,5443
44804;2021-04-11;T20-21;SP1;Villarreal;Osasuna;1;2;2;1;0,2798;0,5665;0,1536
44805;2021-04-11;T20-21;SP1;Valencia;Sociedad;2;2;0;1;0,3004;0,3718;0,3278
44806;2021-04-11;T20-21;SP1;Valladolid;Granada;1;2;2;1;0,2831;0,3976;0,3193
56730;2021-04-11;T20-21;SP2;Mirandes;Logrones;0;1;2;1;0,2895;0,5144;0,1961
56727;2021-04-11;T20-21;SP2;Malaga;Albacete;2;0;1;1;0,3022;0,4825;0,2152
56732;2021-04-11;T20-21;SP2;Espanol;Leganes;2;1;1;1;0,273;0,5746;0,1523
56729;2021-04-11;T20-21;SP2;Mallorca;Lugo;2;0;1;1;0,2259;0,6585;0,1156
56731;2021-04-11;T20-21;SP2;Sabadell;Cartagena;1;1;0;1;0,3191;0,4185;0,2624
34815;2021-04-11;T20-21;I1;Sampdoria;Napoli;0;2;2;2;0,2221;0,2123;0,5657
44807;2021-04-11;T20-21;SP1;Betis;Ath Madrid;1;1;0;2;0,2127;0,2649;0,5224
34814;2021-04-11;T20-21;I1;Juventus;Genoa;3;1;1;1;0,1638;0,7823;0,0539
56728;2021-04-11;T20-21;SP2;Zaragoza;Almeria;2;1;1;1;0,2653;0,3838;0,3509
26430;2021-04-11;T20-21;F1;Lyon;Angers;3;0;1;1;0,1918;0,6798;0,1284
26429;2021-04-11;T20-21;F1;Monaco;Dijon;3;0;1;1;0,2392;0,6377;0,1231
26428;2021-04-11;T20-21;F1;St Etienne;Bordeaux;4;1;1;1;0,2979;0,4235;0,2786
26427;2021-04-11;T20-21;F1;Nice;Reims;0;0;0;1;0,3186;0,4585;0,2228
26426;2021-04-11;T20-21;F1;Lens;Lorient;4;1;1;1;0,2643;0,5538;0,1819
26425;2021-04-11;T20-21;F1;Brest;Nimes;1;1;0;1;0,2753;0,4594;0,2653
26424;2021-04-11;T20-21;F1;Rennes;Nantes;1;0;1;1;0,2705;0,5398;0,1897
16239;2021-04-11;T20-21;E0;Sheffield United;Arsenal;0;3;2;2;0,2417;0,2641;0,4942
16238;2021-04-11;T20-21;E0;Tottenham;Man United;1;3;2;2;0,2842;0,3165;0,3993
16237;2021-04-11;T20-21;E0;West Ham;Leicester;3;2;1;1;0,2602;0,3922;0,3476
16236;2021-04-11;T20-21;E0;Burnley;Newcastle;1;2;2;1;0,276;0,448;0,2761
6242;2021-04-11;T20-21;D1;FC Koln;Mainz;2;3;2;1;0,2802;0,398;0,3219
6241;2021-04-11;T20-21;D1;Schalke 04;Augsburg;1;0;1;2;0,2967;0,3473;0,356
34813;2021-04-11;T20-21;I1;Inter;Cagliari;1;0;1;1;0,1487;0,7796;0,0717
56733;2021-04-12;T20-21;SP2;Alcorcon;Castellon;2;1;1;1;0,3212;0,4466;0,2322
44808;2021-04-12;T20-21;SP1;Celta;Sevilla;3;4;2;2;0,2176;0,262;0,5204
34819;2021-04-12;T20-21;I1;Benevento;Sassuolo;0;1;2;1;0,2643;0,4314;0,3043
16240;2021-04-12;T20-21;E0;West Brom;Southampton;3;0;1;2;0,2643;0,3373;0,3984
6243;2021-04-12;T20-21;D1;Hoffenheim;Leverkusen;0;0;0;1;0,2627;0,4203;0,317
16241;2021-04-12;T20-21;E0;Brighton;Everton;0;0;0;1;0,2937;0,3968;0,3095
56734;2021-04-14;T20-21;SP2;Vallecano;Mirandes;0;1;2;1;0,2883;0,5087;0,203
56736;2021-04-16;T20-21;SP2;Girona;Zaragoza;3;0;1;1;0,3442;0,4258;0,23
6244;2021-04-16;T20-21;D1;RB Leipzig;Hoffenheim;0;0;0;1;0,2053;0,6632;0,1314
16242;2021-04-16;T20-21;E0;Everton;Tottenham;2;2;0;2;0,2649;0,3126;0,4224
26431;2021-04-16;T20-21;F1;Lille;Montpellier;1;1;0;1;0,2724;0,6051;0,1225
56735;2021-04-16;T20-21;SP2;Fuenlabrada;Sabadell;2;2;0;1;0,3121;0,5156;0,1722
34821;2021-04-17;T20-21;I1;Sampdoria;Verona;3;1;1;1;0,2768;0,4956;0,2276
34822;2021-04-17;T20-21;I1;Sassuolo;Fiorentina;3;1;1;1;0,2626;0,5161;0,2213
34823;2021-04-17;T20-21;I1;Cagliari;Parma;4;3;1;1;0,2838;0,4696;0,2466
34820;2021-04-17;T20-21;I1;Crotone;Udinese;1;2;2;2;0,3228;0,329;0,3482
56738;2021-04-17;T20-21;SP2;Castellon;Mallorca;1;0;1;2;0,2683;0,3034;0,4283
56739;2021-04-17;T20-21;SP2;Las Palmas;Malaga;1;1;0;1;0,3511;0,4182;0,2308
56740;2021-04-17;T20-21;SP2;Sp Gijon;Oviedo;0;1;2;1;0,3029;0,4791;0,2181
56737;2021-04-17;T20-21;SP2;Lugo;Alcorcon;1;3;2;1;0,3242;0,4027;0,2732
26433;2021-04-17;T20-21;F1;Marseille;Lorient;3;2;1;1;0,2477;0,5952;0,1571
6247;2021-04-17;T20-21;D1;M'gladbach;Ein Frankfurt;4;0;1;1;0,2481;0,511;0,2409
16244;2021-04-17;T20-21;E0;Wolves;Sheffield United;1;0;1;1;0,2756;0,5508;0,1736
16243;2021-04-17;T20-21;E0;Newcastle;West Ham;3;2;1;1;0,2831;0,3945;0,3223
6250;2021-04-17;T20-21;D1;Leverkusen;FC Koln;3;0;1;1;0,2367;0,6479;0,1154
6249;2021-04-17;T20-21;D1;Wolfsburg;Bayern Munich;2;3;2;2;0,1938;0,251;0,5552
6248;2021-04-17;T20-21;D1;Union Berlin;Stuttgart;2;1;1;1;0,2652;0,4654;0,2694
6246;2021-04-17;T20-21;D1;Freiburg;Schalke 04;4;0;1;1;0,2677;0,5045;0,2278
6245;2021-04-17;T20-21;D1;Augsburg;Bielefeld;0;0;0;1;0,3;0,4813;0,2187
26432;2021-04-17;T20-21;F1;Angers;Rennes;0;3;2;1;0,2756;0,3761;0,3483
44809;2021-04-18;T20-21;SP1;Osasuna;Elche;2;0;1;1;0,3013;0,5146;0,1841
44810;2021-04-18;T20-21;SP1;Sociedad;Sevilla;1;2;2;2;0,2534;0,3388;0,4079
44811;2021-04-18;T20-21;SP1;Alaves;Huesca;1;0;1;1;0,3191;0,4242;0,2566
44812;2021-04-18;T20-21;SP1;Ath Madrid;Eibar;5;0;1;1;0,2463;0,6432;0,1106
44813;2021-04-18;T20-21;SP1;Betis;Valencia;2;2;0;1;0,3039;0,4571;0,239
56741;2021-04-18;T20-21;SP2;Albacete;Mirandes;1;0;1;1;0,3013;0,3731;0,3257
44815;2021-04-18;T20-21;SP1;Getafe;Real Madrid;0;0;0;2;0,2075;0,1656;0,6268
44816;2021-04-18;T20-21;SP1;Levante;Villarreal;1;5;2;1;0,2801;0,3614;0,3585
56742;2021-04-18;T20-21;SP2;Logrones;Vallecano;0;0;0;2;0,2547;0,3618;0,3836
56743;2021-04-18;T20-21;SP2;Cartagena;Tenerife;0;0;0;1;0,347;0,3478;0,3052
34829;2021-04-18;T20-21;I1;Napoli;Inter;1;1;0;1;0,2239;0,4421;0,334
44814;2021-04-18;T20-21;SP1;Cadiz;Celta;0;0;0;1;0,2719;0,4218;0,3063
34828;2021-04-18;T20-21;I1;Torino;Roma;3;1;1;2;0,2579;0,2981;0,4441
6251;2021-04-18;T20-21;D1;Dortmund;Werder Bremen;4;1;1;1;0,2351;0,6519;0,1129
34826;2021-04-18;T20-21;I1;Bologna;Spezia;4;1;1;1;0,2222;0,5606;0,2172
34825;2021-04-18;T20-21;I1;Atalanta;Juventus;1;0;1;1;0,2325;0,4703;0,2973
34824;2021-04-18;T20-21;I1;Milan;Genoa;2;1;1;1;0,1848;0,7401;0,0751
26440;2021-04-18;T20-21;F1;Nantes;Lyon;1;2;2;2;0,1959;0,1855;0,6186
26439;2021-04-18;T20-21;F1;Bordeaux;Monaco;0;3;2;2;0,2216;0,228;0,5504
26438;2021-04-18;T20-21;F1;Reims;Metz;0;0;0;1;0,2864;0,4467;0,2669
26437;2021-04-18;T20-21;F1;Nimes;Strasbourg;1;1;0;1;0,273;0,437;0,29
26436;2021-04-18;T20-21;F1;Dijon;Nice;2;0;1;2;0,2897;0,2732;0,4371
26435;2021-04-18;T20-21;F1;Brest;Lens;1;1;0;2;0,2579;0,3614;0,3807
26434;2021-04-18;T20-21;F1;Paris SG;St Etienne;3;2;1;1;0,1889;0,7233;0,0878
16246;2021-04-18;T20-21;E0;Man United;Burnley;3;1;1;1;0,2373;0,6596;0,1031
16245;2021-04-18;T20-21;E0;Arsenal;Fulham;1;1;0;1;0,2591;0,5466;0,1943
34827;2021-04-18;T20-21;I1;Lazio;Benevento;5;3;1;1;0,1882;0,7546;0,0571
56744;2021-04-19;T20-21;SP2;Leganes;Ponferradina;1;1;0;1;0,2972;0,5104;0,1925
56745;2021-04-19;T20-21;SP2;Almeria;Espanol;1;1;0;2;0,2365;0,2965;0,467
16247;2021-04-19;T20-21;E0;Leeds;Liverpool;1;1;0;2;0,2423;0,3533;0,4044
6252;2021-04-20;T20-21;D1;FC Koln;RB Leipzig;2;1;1;2;0,2137;0,1865;0,5999
6253;2021-04-20;T20-21;D1;Bayern Munich;Leverkusen;2;0;1;1;0,173;0,6823;0,1447
6254;2021-04-20;T20-21;D1;Bielefeld;Schalke 04;1;0;1;1;0,3054;0,4502;0,2444
6255;2021-04-20;T20-21;D1;Ein Frankfurt;Augsburg;2;0;1;1;0,275;0,5291;0,1959
16248;2021-04-20;T20-21;E0;Chelsea;Brighton;0;0;0;1;0,2227;0,6615;0,1158
34830;2021-04-20;T20-21;I1;Verona;Fiorentina;1;2;2;1;0,2744;0,474;0,2516
34836;2021-04-21;T20-21;I1;Spezia;Inter;1;1;0;2;0,1987;0,1784;0,6229
34837;2021-04-21;T20-21;I1;Udinese;Cagliari;0;1;2;1;0,262;0,5016;0,2365
44817;2021-04-21;T20-21;SP1;Levante;Sevilla;0;1;2;2;0,2468;0,2852;0,468
44818;2021-04-21;T20-21;SP1;Osasuna;Valencia;3;1;1;1;0,3057;0,409;0,2853
44822;2021-04-21;T20-21;SP1;Cadiz;Real Madrid;0;3;2;2;0,2074;0,1797;0,6129
44820;2021-04-21;T20-21;SP1;Alaves;Villarreal;2;1;1;2;0,2606;0,2461;0,4933
44821;2021-04-21;T20-21;SP1;Elche;Valladolid;1;1;0;1;0,2871;0,3815;0,3314
56746;2021-04-21;T20-21;SP2;Mirandes;Tenerife;0;0;0;1;0,2925;0,4383;0,2692
44819;2021-04-21;T20-21;SP1;Betis;Ath Bilbao;0;0;0;1;0,3088;0,4553;0,2359
34835;2021-04-21;T20-21;I1;Juventus;Parma;3;1;1;1;0,1722;0,7629;0,0649
6258;2021-04-21;T20-21;D1;Stuttgart;Wolfsburg;1;3;2;1;0,2823;0,3755;0,3423
34833;2021-04-21;T20-21;I1;Crotone;Sampdoria;0;1;2;2;0,2395;0,2943;0,4662
34832;2021-04-21;T20-21;I1;Bologna;Torino;1;1;0;1;0,2552;0,5016;0,2433
34831;2021-04-21;T20-21;I1;Milan;Sassuolo;1;2;2;1;0,1826;0,6847;0,1327
16250;2021-04-21;T20-21;E0;Aston Villa;Man City;1;2;2;2;0,1553;0,1602;0,6845
16249;2021-04-21;T20-21;E0;Tottenham;Southampton;2;1;1;1;0,297;0,5147;0,1883
6259;2021-04-21;T20-21;D1;Werder Bremen;Mainz;0;1;2;1;0,2852;0,4163;0,2986
34834;2021-04-21;T20-21;I1;Genoa;Benevento;2;2;0;1;0,2489;0,5035;0,2476
6257;2021-04-21;T20-21;D1;Hoffenheim;M'gladbach;3;2;1;1;0,257;0,4242;0,3188
6256;2021-04-21;T20-21;D1;Dortmund;Union Berlin;2;0;1;1;0,2332;0,6481;0,1187
44826;2021-04-22;T20-21;SP1;Barcelona;Getafe;5;2;1;1;0,1543;0,7482;0,0975
44824;2021-04-22;T20-21;SP1;Granada;Eibar;4;1;1;1;0,3047;0,4489;0,2465
44823;2021-04-22;T20-21;SP1;Ath Madrid;Huesca;2;0;1;1;0,2242;0,6852;0,0906
44825;2021-04-22;T20-21;SP1;Sociedad;Celta;2;1;1;1;0,2545;0,5127;0,2328
34838;2021-04-22;T20-21;I1;Roma;Atalanta;1;1;0;1;0,2537;0,4184;0,3279
16251;2021-04-22;T20-21;E0;Leicester;West Brom;3;0;1;1;0,2518;0,629;0,1192
34839;2021-04-22;T20-21;I1;Napoli;Lazio;5;2;1;1;0,215;0,55;0,235
6260;2021-04-23;T20-21;D1;Augsburg;FC Koln;2;3;2;1;0,3055;0,4504;0,244
16252;2021-04-23;T20-21;E0;Arsenal;Everton;0;1;2;1;0,2943;0,4751;0,2305
26441;2021-04-23;T20-21;F1;Reims;Marseille;1;3;2;1;0,2969;0,3536;0,3496
56747;2021-04-23;T20-21;SP2;Zaragoza;Sp Gijon;0;0;0;1;0,3074;0,3862;0,3064
34842;2021-04-24;T20-21;I1;Sassuolo;Sampdoria;1;0;1;1;0,2476;0,5446;0,2079
44827;2021-04-24;T20-21;SP1;Elche;Levante;1;0;1;2;0,29;0,3139;0,3962
44828;2021-04-24;T20-21;SP1;Valladolid;Cadiz;1;1;0;1;0,2617;0,4009;0,3374
44829;2021-04-24;T20-21;SP1;Valencia;Alaves;1;1;0;1;0,3327;0,4638;0,2035
56749;2021-04-24;T20-21;SP2;Malaga;Fuenlabrada;0;1;2;1;0,3214;0,4012;0,2774
56751;2021-04-24;T20-21;SP2;Ponferradina;Lugo;2;0;1;1;0,3018;0,478;0,2202
56750;2021-04-24;T20-21;SP2;Espanol;Las Palmas;4;0;1;1;0,2256;0,6761;0,0983
34841;2021-04-24;T20-21;I1;Parma;Crotone;3;4;2;1;0,2552;0,5519;0,1929
44830;2021-04-24;T20-21;SP1;Real Madrid;Betis;0;0;0;1;0,1953;0,7224;0,0824
34840;2021-04-24;T20-21;I1;Genoa;Spezia;2;0;1;1;0,2758;0,4557;0,2684
56748;2021-04-24;T20-21;SP2;Logrones;Cartagena;0;1;2;1;0,2726;0,4404;0,287
26442;2021-04-24;T20-21;F1;St Etienne;Brest;1;2;2;1;0,2854;0,458;0,2567
16255;2021-04-24;T20-21;E0;Sheffield United;Brighton;1;0;1;2;0,2651;0,3569;0,378
16254;2021-04-24;T20-21;E0;West Ham;Chelsea;0;1;2;2;0,2392;0,3121;0,4487
16253;2021-04-24;T20-21;E0;Liverpool;Newcastle;1;1;0;1;0,1597;0,7754;0,0648
6265;2021-04-24;T20-21;D1;Leverkusen;Ein Frankfurt;3;1;1;1;0,2545;0,5219;0,2237
6264;2021-04-24;T20-21;D1;Wolfsburg;Dortmund;0;2;2;2;0,2708;0,348;0,3812
6263;2021-04-24;T20-21;D1;Union Berlin;Werder Bremen;3;1;1;1;0,2955;0,45;0,2545
6262;2021-04-24;T20-21;D1;Mainz;Bayern Munich;2;1;1;2;0,1599;0,1599;0,6802
6261;2021-04-24;T20-21;D1;Freiburg;Hoffenheim;1;1;0;1;0,2636;0,3888;0,3476
26443;2021-04-24;T20-21;F1;Metz;Paris SG;1;3;2;2;0,2259;0,157;0,6171
34845;2021-04-25;T20-21;I1;Inter;Verona;1;0;1;1;0,1463;0,7878;0,0658
34846;2021-04-25;T20-21;I1;Cagliari;Roma;3;2;1;2;0,2735;0,2798;0,4468
34847;2021-04-25;T20-21;I1;Atalanta;Bologna;5;0;1;1;0,1847;0,7368;0,0785
44831;2021-04-25;T20-21;SP1;Huesca;Getafe;0;2;2;1;0,258;0,3786;0,3635
44832;2021-04-25;T20-21;SP1;Villarreal;Barcelona;1;2;2;2;0,2175;0,2087;0,5738
56753;2021-04-25;T20-21;SP2;Mirandes;Almeria;1;1;0;1;0,2654;0,4091;0,3255
44834;2021-04-25;T20-21;SP1;Sevilla;Granada;2;1;1;1;0,2438;0,643;0,1132
44835;2021-04-25;T20-21;SP1;Ath Bilbao;Ath Madrid;2;1;1;2;0,2305;0,2283;0,5411
56752;2021-04-25;T20-21;SP2;Oviedo;Girona;0;1;2;1;0,354;0,3815;0,2645
56754;2021-04-25;T20-21;SP2;Alcorcon;Leganes;1;2;2;1;0,336;0,3537;0,3104
56755;2021-04-25;T20-21;SP2;Tenerife;Castellon;1;1;0;1;0,2991;0,5087;0,1922
44833;2021-04-25;T20-21;SP1;Celta;Osasuna;2;1;1;1;0,2682;0,4191;0,3127
34844;2021-04-25;T20-21;I1;Fiorentina;Juventus;1;1;0;2;0,2057;0,1952;0,599
26450;2021-04-25;T20-21;F1;Lyon;Lille;2;3;2;1;0,2163;0,5039;0,2798
26449;2021-04-25;T20-21;F1;Angers;Monaco;0;1;2;2;0,211;0,2181;0,5709
6266;2021-04-25;T20-21;D1;RB Leipzig;Stuttgart;2;0;1;1;0,2065;0,6936;0,0998
34843;2021-04-25;T20-21;I1;Benevento;Udinese;2;4;2;1;0,2885;0,3868;0,3247
16256;2021-04-25;T20-21;E0;Wolves;Burnley;0;4;2;1;0,284;0,4875;0,2285
16257;2021-04-25;T20-21;E0;Leeds;Man United;0;0;0;2;0,2637;0,3227;0,4136
16258;2021-04-25;T20-21;E0;Aston Villa;West Brom;2;2;0;1;0,2678;0,5488;0,1834
6267;2021-04-25;T20-21;D1;M'gladbach;Bielefeld;5;0;1;1;0,2376;0,6524;0,11
26445;2021-04-25;T20-21;F1;Lens;Nimes;2;1;1;1;0,2963;0,5133;0,1904
26446;2021-04-25;T20-21;F1;Lorient;Bordeaux;4;1;1;1;0,3056;0,4182;0,2763
26447;2021-04-25;T20-21;F1;Rennes;Dijon;5;1;1;1;0,2635;0,5641;0,1724
26448;2021-04-25;T20-21;F1;Strasbourg;Nantes;1;2;2;1;0,2957;0,468;0,2363
26444;2021-04-25;T20-21;F1;Nice;Montpellier;3;1;1;1;0,2963;0,4492;0,2545
34848;2021-04-26;T20-21;I1;Torino;Napoli;0;2;2;2;0,242;0,2616;0,4964
34849;2021-04-26;T20-21;I1;Lazio;Milan;3;0;1;1;0,2628;0,4752;0,2621
44836;2021-04-26;T20-21;SP1;Eibar;Sociedad;0;1;2;2;0,2676;0,3366;0,3957
56756;2021-04-26;T20-21;SP2;Vallecano;Albacete;2;2;0;1;0,2399;0,5607;0,1994
56757;2021-04-26;T20-21;SP2;Sabadell;Mallorca;1;0;1;2;0,2686;0,2926;0,4388
44837;2021-04-28;T20-21;SP1;Ath Bilbao;Valladolid;2;2;0;1;0,259;0,5329;0,208
44838;2021-04-29;T20-21;SP1;Barcelona;Granada;1;2;2;1;0,1816;0,7483;0,0701
44839;2021-04-30;T20-21;SP1;Celta;Levante;2;0;1;1;0,3263;0,3787;0,295
56758;2021-04-30;T20-21;SP2;Lugo;Zaragoza;2;2;0;1;0,3156;0,3775;0,3069
16260;2021-04-30;T20-21;E0;Southampton;Leicester;1;1;0;2;0,2782;0,3549;0,3669
26451;2021-04-30;T20-21;F1;Marseille;Strasbourg;1;1;0;1;0,2663;0,5707;0,163
56761;2021-05-01;T20-21;SP2;Mallorca;Mirandes;2;1;1;1;0,2912;0,5702;0,1386
56760;2021-05-01;T20-21;SP2;Almeria;Oviedo;2;2;0;1;0,2621;0,5338;0,2042
56759;2021-05-01;T20-21;SP2;Girona;Tenerife;1;0;1;1;0,296;0,447;0,257
44842;2021-05-01;T20-21;SP1;Huesca;Sociedad;1;0;1;2;0,2558;0,2892;0,455
44841;2021-05-01;T20-21;SP1;Elche;Ath Madrid;0;1;2;2;0,2042;0,1819;0,6139
44840;2021-05-01;T20-21;SP1;Eibar;Alaves;3;0;1;1;0,2561;0,4711;0,2728
34852;2021-05-01;T20-21;I1;Milan;Benevento;2;0;1;1;0,1644;0,7649;0,0707
44843;2021-05-01;T20-21;SP1;Real Madrid;Osasuna;2;0;1;1;0,2122;0,7102;0,0777
34850;2021-05-01;T20-21;I1;Verona;Spezia;1;1;0;1;0,258;0,5342;0,2078
26453;2021-05-01;T20-21;F1;Lille;Nice;2;0;1;1;0,2793;0,6036;0,1172
26452;2021-05-01;T20-21;F1;Paris SG;Lens;2;1;1;1;0,191;0,7061;0,1029
16264;2021-05-01;T20-21;E0;Everton;Aston Villa;1;2;2;1;0,2836;0,4432;0,2732
16263;2021-05-01;T20-21;E0;Chelsea;Fulham;2;0;1;1;0,2145;0,694;0,0915
16262;2021-05-01;T20-21;E0;Brighton;Leeds;2;0;1;1;0,2389;0,4199;0,3411
16261;2021-05-01;T20-21;E0;Crystal Palace;Man City;0;2;2;2;0,1275;0,1234;0,7491
34851;2021-05-01;T20-21;I1;Crotone;Inter;0;2;2;2;0,1516;0,1227;0,7258
34858;2021-05-02;T20-21;I1;Sampdoria;Roma;2;0;1;2;0,2306;0,3055;0,4639
44844;2021-05-02;T20-21;SP1;Valladolid;Betis;1;1;0;1;0,2562;0,398;0,3458
44845;2021-05-02;T20-21;SP1;Villarreal;Getafe;1;0;1;1;0,2802;0,519;0,2007
44846;2021-05-02;T20-21;SP1;Granada;Cadiz;0;1;2;1;0,2968;0,5077;0,1954
44847;2021-05-02;T20-21;SP1;Valencia;Barcelona;2;3;2;2;0,2094;0,1663;0,6243
56765;2021-05-02;T20-21;SP2;Leganes;Sp Gijon;0;0;0;1;0,2548;0,4989;0,2463
56763;2021-05-02;T20-21;SP2;Espanol;Malaga;3;0;1;1;0,2453;0,6579;0,0968
56764;2021-05-02;T20-21;SP2;Castellon;Logrones;0;0;0;1;0,2934;0,4589;0,2477
56766;2021-05-02;T20-21;SP2;Las Palmas;Ponferradina;2;0;1;1;0,325;0,4286;0,2464
34857;2021-05-02;T20-21;I1;Udinese;Juventus;1;2;2;2;0,2184;0,2174;0,5642
56762;2021-05-02;T20-21;SP2;Fuenlabrada;Cartagena;2;1;1;1;0,2988;0,5245;0,1768
34856;2021-05-02;T20-21;I1;Sassuolo;Atalanta;1;1;0;2;0,2355;0,2824;0,4821
26456;2021-05-02;T20-21;F1;Dijon;Metz;1;5;2;2;0,2695;0,3273;0,4031
34854;2021-05-02;T20-21;I1;Bologna;Fiorentina;3;3;0;1;0,2586;0,5004;0,241
34853;2021-05-02;T20-21;I1;Lazio;Genoa;4;3;1;1;0,2065;0,7154;0,078
26460;2021-05-02;T20-21;F1;Monaco;Lyon;2;3;2;1;0,2366;0,4162;0,3472
26459;2021-05-02;T20-21;F1;Montpellier;St Etienne;1;2;2;1;0,2964;0,5038;0,1999
26458;2021-05-02;T20-21;F1;Nimes;Reims;2;2;0;1;0,3119;0,3954;0,2927
26457;2021-05-02;T20-21;F1;Lorient;Angers;2;0;1;1;0,2915;0,4788;0,2297
26455;2021-05-02;T20-21;F1;Brest;Nantes;1;4;2;1;0,2878;0,468;0,2442
26454;2021-05-02;T20-21;F1;Bordeaux;Rennes;1;0;1;2;0,2678;0,3488;0,3835
16266;2021-05-02;T20-21;E0;Tottenham;Sheffield United;4;0;1;1;0,2604;0,5749;0,1647
16265;2021-05-02;T20-21;E0;Newcastle;Arsenal;0;2;2;2;0,2688;0,3;0,4312
34855;2021-05-02;T20-21;I1;Napoli;Cagliari;1;1;0;1;0,1971;0,712;0,091
56767;2021-05-03;T20-21;SP2;Sabadell;Vallecano;2;0;1;2;0,2976;0,3119;0,3904
56768;2021-05-03;T20-21;SP2;Albacete;Alcorcon;0;1;2;1;0,3201;0,4021;0,2778
44848;2021-05-03;T20-21;SP1;Sevilla;Ath Bilbao;0;1;2;1;0,27;0,6018;0,1282
34859;2021-05-03;T20-21;I1;Torino;Parma;1;0;1;1;0,2485;0,5556;0,1959
16268;2021-05-03;T20-21;E0;Burnley;West Ham;1;2;2;1;0,306;0,375;0,319
16267;2021-05-03;T20-21;E0;West Brom;Wolves;1;1;0;2;0,2829;0,299;0,418
6269;2021-05-06;T20-21;D1;Hertha;Freiburg;3;0;1;1;0,2845;0,4223;0,2932
6270;2021-05-07;T20-21;D1;Stuttgart;Augsburg;2;1;1;1;0,2832;0,4718;0,245
16269;2021-05-07;T20-21;E0;Leicester;Newcastle;2;4;2;1;0,2503;0,6399;0,1098
26461;2021-05-07;T20-21;F1;Lens;Lille;0;3;2;2;0,2813;0,3384;0,3804
44849;2021-05-07;T20-21;SP1;Sociedad;Elche;2;0;1;1;0,2591;0,548;0,1929
56769;2021-05-07;T20-21;SP2;Tenerife;Almeria;0;1;2;2;0,254;0,367;0,379
44850;2021-05-08;T20-21;SP1;Alaves;Levante;2;2;0;1;0,3133;0,3655;0,3212
44851;2021-05-08;T20-21;SP1;Barcelona;Ath Madrid;0;0;0;1;0,2387;0,5488;0,2125
44852;2021-05-08;T20-21;SP1;Cadiz;Huesca;2;1;1;1;0,2942;0,433;0,2729
44853;2021-05-08;T20-21;SP1;Ath Bilbao;Osasuna;2;2;0;1;0,2794;0,4962;0,2244
56773;2021-05-08;T20-21;SP2;Malaga;Mallorca;1;1;0;2;0,2853;0,3298;0,385
56771;2021-05-08;T20-21;SP2;Zaragoza;Espanol;0;0;0;2;0,2223;0,2088;0,5689
56772;2021-05-08;T20-21;SP2;Alcorcon;Las Palmas;0;0;0;1;0,3386;0,4078;0,2536
34862;2021-05-08;T20-21;I1;Inter;Sampdoria;5;1;1;1;0,1623;0,7634;0,0743
56770;2021-05-08;T20-21;SP2;Ponferradina;Albacete;0;1;2;1;0,2869;0,493;0,2202
34861;2021-05-08;T20-21;I1;Udinese;Bologna;1;1;0;1;0,2652;0,485;0,2497
34863;2021-05-08;T20-21;I1;Fiorentina;Lazio;2;0;1;2;0,2404;0,3022;0,4574
26463;2021-05-08;T20-21;F1;Lyon;Lorient;4;1;1;1;0,1977;0,6763;0,126
26462;2021-05-08;T20-21;F1;Nantes;Bordeaux;3;0;1;1;0,2874;0,428;0,2846
16273;2021-05-08;T20-21;E0;Liverpool;Southampton;2;0;1;1;0,1751;0,7662;0,0587
16272;2021-05-08;T20-21;E0;Man City;Chelsea;1;2;2;1;0,2042;0,5981;0,1977
16271;2021-05-08;T20-21;E0;Sheffield United;Crystal Palace;0;2;2;1;0,2814;0,412;0,3066
16270;2021-05-08;T20-21;E0;Leeds;Tottenham;3;1;1;2;0,2794;0,332;0,3886
6275;2021-05-08;T20-21;D1;Bayern Munich;M'gladbach;6;0;1;1;0,1697;0,6931;0,1372
6274;2021-05-08;T20-21;D1;Wolfsburg;Union Berlin;3;0;1;1;0,2722;0,5441;0,1837
6273;2021-05-08;T20-21;D1;Werder Bremen;Leverkusen;0;0;0;2;0,2497;0,2727;0,4776
6271;2021-05-08;T20-21;D1;Dortmund;RB Leipzig;3;2;1;1;0,2315;0,4847;0,2838
34860;2021-05-08;T20-21;I1;Spezia;Napoli;1;4;2;2;0,1947;0,1724;0,6329
34867;2021-05-09;T20-21;I1;Verona;Torino;1;1;0;1;0,2898;0,4233;0,2869
34868;2021-05-09;T20-21;I1;Roma;Crotone;5;0;1;1;0,1656;0,7558;0,0786
56777;2021-05-09;T20-21;SP2;Logrones;Girona;1;4;2;2;0,2936;0,3357;0,3707
34869;2021-05-09;T20-21;I1;Juventus;Milan;0;3;2;1;0,245;0,5342;0,2208
44854;2021-05-09;T20-21;SP1;Getafe;Eibar;0;1;2;1;0,2964;0,4143;0,2893
56776;2021-05-09;T20-21;SP2;Cartagena;Castellon;1;0;1;1;0,3357;0,4174;0,247
44856;2021-05-09;T20-21;SP1;Villarreal;Celta;2;4;2;1;0,2657;0,5424;0,1919
44857;2021-05-09;T20-21;SP1;Real Madrid;Sevilla;2;2;0;1;0,2249;0,5963;0,1787
56774;2021-05-09;T20-21;SP2;Mirandes;Fuenlabrada;2;1;1;1;0,2949;0,4195;0,2856
56775;2021-05-09;T20-21;SP2;Oviedo;Sabadell;2;1;1;1;0,3263;0,4059;0,2678
34866;2021-05-09;T20-21;I1;Parma;Atalanta;2;5;2;2;0,2389;0,1637;0,5974
44855;2021-05-09;T20-21;SP1;Valencia;Valladolid;3;0;1;1;0,319;0,4413;0,2397
34865;2021-05-09;T20-21;I1;Benevento;Cagliari;1;3;2;1;0,2878;0,4182;0,294
26466;2021-05-09;T20-21;F1;Metz;Nimes;0;3;2;1;0,2867;0,4684;0,2449
26470;2021-05-09;T20-21;F1;Rennes;Paris SG;1;1;0;2;0,2231;0,2464;0,5305
34864;2021-05-09;T20-21;I1;Genoa;Sassuolo;1;2;2;1;0,2624;0,4057;0,3319
6277;2021-05-09;T20-21;D1;Ein Frankfurt;Mainz;1;1;0;1;0,2749;0,5309;0,1941
6278;2021-05-09;T20-21;D1;Hertha;Bielefeld;0;0;0;1;0,2807;0,4874;0,2319
16275;2021-05-09;T20-21;E0;Aston Villa;Man United;1;3;2;2;0,2408;0,2456;0,5136
16276;2021-05-09;T20-21;E0;West Ham;Everton;0;1;2;1;0,2987;0,4253;0,276
16274;2021-05-09;T20-21;E0;Wolves;Brighton;2;1;1;1;0,2646;0,4913;0,2441
26464;2021-05-09;T20-21;F1;St Etienne;Marseille;1;0;1;2;0,2625;0,3626;0,3748
26465;2021-05-09;T20-21;F1;Angers;Dijon;3;0;1;1;0,2721;0,5117;0,2162
26467;2021-05-09;T20-21;F1;Nice;Brest;3;2;1;1;0,2956;0,478;0,2263
26468;2021-05-09;T20-21;F1;Strasbourg;Montpellier;2;3;2;1;0,2765;0,423;0,3005
26469;2021-05-09;T20-21;F1;Reims;Monaco;0;1;2;2;0,2288;0,2386;0,5326
16277;2021-05-09;T20-21;E0;Arsenal;West Brom;3;1;1;1;0,2614;0,6062;0,1325
16278;2021-05-10;T20-21;E0;Fulham;Burnley;0;2;2;2;0,2683;0,3528;0,3789
44858;2021-05-10;T20-21;SP1;Betis;Granada;2;1;1;1;0,3006;0,5091;0,1904
56778;2021-05-10;T20-21;SP2;Vallecano;Leganes;1;1;0;1;0,2758;0,4132;0,311
56779;2021-05-10;T20-21;SP2;Sp Gijon;Lugo;1;0;1;1;0,2956;0,5086;0,1958
44860;2021-05-11;T20-21;SP1;Elche;Alaves;0;2;2;2;0,2682;0,3535;0,3783
44861;2021-05-11;T20-21;SP1;Levante;Barcelona;3;3;0;2;0,1763;0,1311;0,6926
44859;2021-05-11;T20-21;SP1;Osasuna;Cadiz;3;2;1;1;0,3035;0,493;0,2035
16280;2021-05-11;T20-21;E0;Southampton;Crystal Palace;3;1;1;1;0,2894;0,5013;0,2092
16279;2021-05-11;T20-21;E0;Man United;Leicester;1;2;2;1;0,2495;0,567;0,1835
34870;2021-05-11;T20-21;I1;Napoli;Udinese;5;1;1;1;0,213;0,6976;0,0894
44865;2021-05-12;T20-21;SP1;Ath Madrid;Sociedad;2;1;1;1;0,2637;0,5777;0,1586
44864;2021-05-12;T20-21;SP1;Huesca;Ath Bilbao;1;0;1;2;0,2875;0,3445;0,368
44863;2021-05-12;T20-21;SP1;Celta;Getafe;1;0;1;1;0,3229;0,4155;0,2616
44862;2021-05-12;T20-21;SP1;Sevilla;Valencia;1;0;1;1;0,2749;0,6031;0,122
34878;2021-05-12;T20-21;I1;Torino;Milan;0;7;2;2;0,2623;0,3051;0,4326
34877;2021-05-12;T20-21;I1;Sassuolo;Juventus;1;3;2;2;0,2397;0,2949;0,4654
34876;2021-05-12;T20-21;I1;Sampdoria;Spezia;2;2;0;1;0,2524;0,5502;0,1974
34875;2021-05-12;T20-21;I1;Lazio;Parma;1;0;1;1;0,1894;0,7204;0,0902
34873;2021-05-12;T20-21;I1;Bologna;Genoa;0;2;2;1;0,2376;0,5874;0,175
34872;2021-05-12;T20-21;I1;Atalanta;Benevento;2;0;1;1;0,1395;0,8078;0,0527
34871;2021-05-12;T20-21;I1;Cagliari;Fiorentina;0;0;0;1;0,3313;0,3977;0,271
16281;2021-05-12;T20-21;E0;Chelsea;Arsenal;0;1;2;1;0,2605;0,5107;0,2289
6279;2021-05-12;T20-21;D1;Schalke 04;Hertha;1;2;2;2;0,2745;0,2956;0,4299
34874;2021-05-12;T20-21;I1;Inter;Roma;3;1;1;1;0,2205;0,5799;0,1996
44867;2021-05-13;T20-21;SP1;Eibar;Betis;1;1;0;1;0,2548;0,4283;0,3169
44868;2021-05-13;T20-21;SP1;Granada;Real Madrid;1;4;2;2;0,191;0,1831;0,6259
44866;2021-05-13;T20-21;SP1;Valladolid;Villarreal;0;2;2;2;0,2768;0,326;0,3972
44878;2021-05-16;T20-21;SP1;Villarreal;Sevilla;4;0;1;2;0,2682;0,3578;0,374
44877;2021-05-16;T20-21;SP1;Valencia;Eibar;4;1;1;1;0,2848;0,4352;0,2801
44876;2021-05-16;T20-21;SP1;Sociedad;Valladolid;4;1;1;1;0,2595;0,5385;0,202
44875;2021-05-16;T20-21;SP1;Getafe;Levante;2;1;1;1;0,3172;0,41;0,2728
44873;2021-05-16;T20-21;SP1;Betis;Huesca;1;0;1;1;0,2836;0,5144;0,2021
44872;2021-05-16;T20-21;SP1;Barcelona;Celta;1;2;2;1;0,1749;0,746;0,0791
44871;2021-05-16;T20-21;SP1;Ath Madrid;Osasuna;2;1;1;1;0,2346;0,6747;0,0907
44870;2021-05-16;T20-21;SP1;Ath Bilbao;Real Madrid;0;1;2;2;0,192;0,2037;0,6043
44869;2021-05-16;T20-21;SP1;Alaves;Granada;4;2;1;1;0,3229;0,4039;0,2732
44874;2021-05-16;T20-21;SP1;Cadiz;Elche;1;3;2;1;0,2788;0,5082;0,213
26479;2021-05-16;T20-21;F1;Nimes;Lyon;2;5;2;2;0,2104;0,2357;0,5538
26478;2021-05-16;T20-21;F1;Nice;Strasbourg;0;2;2;1;0,3034;0,4646;0,232
26477;2021-05-16;T20-21;F1;Montpellier;Brest;0;0;0;1;0,2843;0,5166;0,1991
26476;2021-05-16;T20-21;F1;Monaco;Rennes;2;1;1;1;0,2667;0,5531;0,1801
26475;2021-05-16;T20-21;F1;Marseille;Angers;3;2;1;1;0,2748;0,5717;0,1535
26474;2021-05-16;T20-21;F1;Lorient;Metz;2;1;1;1;0,2727;0,4642;0,2631
26473;2021-05-16;T20-21;F1;Lille;St Etienne;0;0;0;1;0,2514;0,623;0,1256
26472;2021-05-16;T20-21;F1;Dijon;Nantes;0;4;2;2;0,2779;0,326;0,3961
26471;2021-05-16;T20-21;F1;Bordeaux;Lens;3;0;1;2;0,2481;0,3756;0,3763
26480;2021-05-16;T20-21;F1;Paris SG;Reims;4;0;1;1;0,1828;0,7454;0,0717
44879;2021-05-21;T20-21;SP1;Levante;Cadiz;2;2;0;1;0,2711;0,4837;0,2452
44886;2021-05-22;T20-21;SP1;Valladolid;Ath Madrid;1;2;2;2;0,2369;0,1959;0,5672
44885;2021-05-22;T20-21;SP1;Real Madrid;Villarreal;2;1;1;1;0,2408;0,6449;0,1143
44884;2021-05-22;T20-21;SP1;Osasuna;Sociedad;0;1;2;2;0,2978;0,344;0,3582
44880;2021-05-22;T20-21;SP1;Celta;Betis;2;3;2;1;0,277;0,4174;0,3057
44882;2021-05-22;T20-21;SP1;Elche;Ath Bilbao;2;0;1;2;0,2847;0,3007;0,4146
44881;2021-05-22;T20-21;SP1;Eibar;Barcelona;0;1;2;2;0,1905;0,1693;0,6403
44883;2021-05-22;T20-21;SP1;Huesca;Valencia;0;0;0;1;0,2843;0,3582;0,3576
26487;2021-05-23;T20-21;F1;Reims;Bordeaux;1;2;2;1;0,3038;0,4224;0,2738
26490;2021-05-23;T20-21;F1;Strasbourg;Lorient;1;1;0;1;0,2833;0,4842;0,2325
26489;2021-05-23;T20-21;F1;St Etienne;Dijon;0;1;2;1;0,2785;0,5337;0,1878
26488;2021-05-23;T20-21;F1;Rennes;Nimes;2;0;1;1;0,2763;0,5606;0,1631
26486;2021-05-23;T20-21;F1;Nantes;Montpellier;1;2;2;1;0,2961;0,4702;0,2337
44887;2021-05-23;T20-21;SP1;Granada;Getafe;0;0;0;1;0,3118;0,4069;0,2814
26484;2021-05-23;T20-21;F1;Lyon;Nice;2;3;2;1;0,2523;0,6306;0,1171
26483;2021-05-23;T20-21;F1;Lens;Monaco;0;0;0;2;0,2406;0,3013;0,4581
26482;2021-05-23;T20-21;F1;Brest;Paris SG;0;2;2;2;0,1777;0,1809;0,6414
26481;2021-05-23;T20-21;F1;Angers;Lille;1;2;2;2;0,2326;0,2603;0,5071
26485;2021-05-23;T20-21;F1;Metz;Marseille;1;1;0;2;0,2673;0,3281;0,4046
44888;2021-05-23;T20-21;SP1;Sevilla;Alaves;1;0;1;1;0,2391;0,6446;0,1163
