match;Date;season;Div;HomeTeam;AwayTeam;FTHG;FTAG;label;prediction;draw;home;away
15751;2020-01-01;T19-20;E0;Brighton;Chelsea;1;1;0,0;2;0,1597;0,179;0,6613
15757;2020-01-01;T19-20;E0;Norwich;Crystal Palace;1;1;0,0;2;0,2617;0,3523;0,386
15754;2020-01-01;T19-20;E0;Southampton;Tottenham;1;0;1,0;2;0,292;0,3311;0,3769
15753;2020-01-01;T19-20;E0;Newcastle;Leicester;0;3;2,0;1;0,2688;0,5483;0,183
15756;2020-01-01;T19-20;E0;Man City;Everton;2;1;1,0;1;0,1515;0,74;0,1085
15759;2020-01-01;T19-20;E0;Arsenal;Man United;2;0;1,0;2;0,1736;0,2683;0,5581
15758;2020-01-01;T19-20;E0;West Ham;Bournemouth;4;0;1,0;1;0,295;0,3955;0,3095
15752;2020-01-01;T19-20;E0;Burnley;Aston Villa;1;2;2,0;1;0,2951;0,3828;0,3221
15755;2020-01-01;T19-20;E0;Watford;Wolves;2;1;1,0;1;0,2758;0,3949;0,3293
15760;2020-01-02;T19-20;E0;Liverpool;Sheffield United;2;0;1,0;1;0,1019;0,7599;0,1382
44309;2020-01-03;T19-20;SP1;Valladolid;Leganes;2;2;0,0;1;0,2823;0,3863;0,3314
44310;2020-01-03;T19-20;SP1;Sevilla;Ath Bilbao;1;1;0,0;1;0,2093;0,6505;0,1402
56130;2020-01-03;T19-20;SP2;Extremadura;Alcorcon;0;0;0,0;1;0,2944;0,4171;0,2885
56135;2020-01-04;T19-20;SP2;Elche;Huesca;1;1;0,0;1;0,2506;0,5931;0,1563
56134;2020-01-04;T19-20;SP2;Tenerife;Albacete;4;2;1,0;1;0,2336;0,5818;0,1845
56136;2020-01-04;T19-20;SP2;Mirandes;Santander;0;0;0,0;1;0,2835;0,4865;0,23
56133;2020-01-04;T19-20;SP2;Lugo;Almeria;0;4;2,0;1;0,2803;0,4942;0,2256
56131;2020-01-04;T19-20;SP2;Fuenlabrada;Las Palmas;0;0;0,0;1;0,2973;0,4562;0,2465
56132;2020-01-04;T19-20;SP2;Ponferradina;Cadiz;0;0;0,0;1;0,2993;0,4215;0,2793
44312;2020-01-04;T19-20;SP1;Getafe;Real Madrid;0;3;2,0;2;0,2293;0,2371;0,5336
44311;2020-01-04;T19-20;SP1;Valencia;Eibar;1;0;1,0;1;0,1672;0,7129;0,1199
44314;2020-01-04;T19-20;SP1;Espanol;Barcelona;2;2;0,0;2;0,1996;0,2005;0,5998
44313;2020-01-04;T19-20;SP1;Ath Madrid;Levante;2;1;1,0;1;0,1893;0,6389;0,1718
44316;2020-01-05;T19-20;SP1;Sociedad;Villarreal;1;2;2,0;1;0,2556;0,5808;0,1636
44317;2020-01-05;T19-20;SP1;Alaves;Betis;1;1;0,0;1;0,2964;0,4156;0,2881
44318;2020-01-05;T19-20;SP1;Celta;Osasuna;1;1;0,0;1;0,2816;0,4534;0,265
34313;2020-01-05;T19-20;I1;Roma;Torino;0;2;2,0;1;0,1232;0,7774;0,0994
34311;2020-01-05;T19-20;I1;Spal;Verona;0;2;2,0;1;0,2894;0,3881;0,3226
34310;2020-01-05;T19-20;I1;Brescia;Lazio;1;2;2,0;2;0,2224;0,216;0,5616
56137;2020-01-05;T19-20;SP2;Numancia;La Coruna;0;1;2,0;1;0,2669;0,5261;0,207
56138;2020-01-05;T19-20;SP2;Vallecano;Girona;1;0;1,0;1;0,2662;0,5607;0,1731
56139;2020-01-05;T19-20;SP2;Oviedo;Malaga;1;1;0,0;1;0,2923;0,4672;0,2405
44315;2020-01-05;T19-20;SP1;Granada;Mallorca;1;0;1,0;1;0,3414;0,3838;0,2748
34312;2020-01-05;T19-20;I1;Genoa;Sassuolo;2;1;1,0;1;0,2802;0,5105;0,2094
34318;2020-01-06;T19-20;I1;Lecce;Udinese;0;1;2,0;1;0,359;0,3787;0,2623
34317;2020-01-06;T19-20;I1;Milan;Sampdoria;0;0;0,0;1;0,1652;0,7454;0,0894
34316;2020-01-06;T19-20;I1;Juventus;Cagliari;4;0;1,0;1;0,1665;0,6879;0,1456
34319;2020-01-06;T19-20;I1;Napoli;Inter;1;3;2,0;1;0,2797;0,4032;0,3171
34315;2020-01-06;T19-20;I1;Atalanta;Parma;5;0;1,0;1;0,2698;0,5041;0,2262
34314;2020-01-06;T19-20;I1;Bologna;Fiorentina;1;1;0,0;2;0,3014;0,3468;0,3518
56140;2020-01-07;T19-20;SP2;Zaragoza;Sp Gijon;2;0;1,0;1;0,2674;0,5294;0,2033
15761;2020-01-10;T19-20;E0;Sheffield United;West Ham;1;0;1,0;1;0,2854;0,4249;0,2897
26019;2020-01-10;T19-20;F1;Rennes;Marseille;0;1;2,0;1;0,2715;0,4063;0,3221
26022;2020-01-11;T19-20;F1;Angers;Nice;1;1;0,0;1;0,2966;0,4445;0,2588
26021;2020-01-11;T19-20;F1;Amiens;Montpellier;1;2;2,0;1;0,2952;0,4047;0,3001
26023;2020-01-11;T19-20;F1;Metz;Strasbourg;1;0;1,0;2;0,2494;0,3533;0,3972
26024;2020-01-11;T19-20;F1;Nimes;Reims;2;0;1,0;1;0,2955;0,4515;0,253
26025;2020-01-11;T19-20;F1;Toulouse;Brest;2;5;2,0;1;0,283;0,5078;0,2092
26020;2020-01-11;T19-20;F1;Bordeaux;Lyon;1;2;2,0;2;0,2662;0,3547;0,3791
34320;2020-01-11;T19-20;I1;Cagliari;Milan;0;2;2,0;2;0,1847;0,2119;0,6034
15766;2020-01-11;T19-20;E0;Man United;Norwich;4;0;1,0;1;0,09;0,8151;0,0949
34322;2020-01-11;T19-20;I1;Inter;Atalanta;1;1;0,0;1;0,123;0,784;0,093
34321;2020-01-11;T19-20;I1;Lazio;Napoli;1;0;1,0;1;0,2864;0,4176;0,296
15762;2020-01-11;T19-20;E0;Crystal Palace;Arsenal;1;1;0,0;2;0,1863;0,178;0,6357
15764;2020-01-11;T19-20;E0;Everton;Brighton;1;0;1,0;1;0,2204;0,6495;0,1301
15765;2020-01-11;T19-20;E0;Leicester;Southampton;1;2;2,0;1;0,2973;0,4534;0,2493
15767;2020-01-11;T19-20;E0;Wolves;Newcastle;1;1;0,0;1;0,2929;0,389;0,318
15763;2020-01-11;T19-20;E0;Chelsea;Burnley;3;0;1,0;1;0,112;0,7724;0,1156
15768;2020-01-11;T19-20;E0;Tottenham;Liverpool;0;1;2,0;1;0,2752;0,3889;0,3359
15769;2020-01-12;T19-20;E0;Bournemouth;Watford;0;3;2,0;2;0,2799;0,3449;0,3752
15770;2020-01-12;T19-20;E0;Aston Villa;Man City;1;6;2,0;2;0,2148;0,2327;0,5525
26027;2020-01-12;T19-20;F1;Dijon;Lille;1;0;1,0;2;0,242;0,2133;0,5447
34323;2020-01-12;T19-20;I1;Udinese;Sassuolo;3;0;1,0;1;0,2638;0,5447;0,1915
34327;2020-01-12;T19-20;I1;Verona;Genoa;2;1;1,0;1;0,2918;0,3847;0,3235
34326;2020-01-12;T19-20;I1;Torino;Bologna;1;0;1,0;1;0,2846;0,4343;0,2812
34325;2020-01-12;T19-20;I1;Sampdoria;Brescia;5;1;1,0;1;0,2583;0,569;0,1727
34324;2020-01-12;T19-20;I1;Fiorentina;Spal;1;0;1,0;1;0,222;0,6517;0,1262
26026;2020-01-12;T19-20;F1;St Etienne;Nantes;0;2;2,0;1;0,2214;0,6147;0,1639
34328;2020-01-12;T19-20;I1;Roma;Juventus;1;2;2,0;2;0,1551;0,1923;0,6527
26028;2020-01-12;T19-20;F1;Paris SG;Monaco;3;3;0,0;1;0,1516;0,6206;0,2278
34329;2020-01-13;T19-20;I1;Parma;Lecce;2;0;1,0;1;0,2687;0,5165;0,2149
56144;2020-01-14;T19-20;SP2;Las Palmas;Zaragoza;0;1;2,0;1;0,2643;0,5261;0,2096
56143;2020-01-14;T19-20;SP2;Malaga;Ponferradina;1;0;1,0;1;0,2804;0,5112;0,2084
56142;2020-01-14;T19-20;SP2;Sp Gijon;Elche;1;0;1,0;1;0,2298;0,6128;0,1575
56141;2020-01-14;T19-20;SP2;Albacete;Fuenlabrada;1;1;0,0;1;0,2976;0,4441;0,2583
26030;2020-01-15;T19-20;F1;Nimes;Rennes;0;1;2,0;1;0,2956;0,4399;0,2645
26029;2020-01-15;T19-20;F1;Amiens;Reims;1;1;0,0;1;0,2934;0,3967;0,3099
56148;2020-01-15;T19-20;SP2;Cadiz;Mirandes;3;3;0,0;1;0,2555;0,574;0,1705
56147;2020-01-15;T19-20;SP2;Vallecano;Lugo;1;0;1,0;1;0,2668;0,5449;0,1883
56145;2020-01-15;T19-20;SP2;Alcorcon;Numancia;2;2;0,0;1;0,2648;0,5439;0,1913
26031;2020-01-15;T19-20;F1;Monaco;Paris SG;1;4;2,0;1;0,2673;0,3736;0,3591
56146;2020-01-15;T19-20;SP2;Huesca;Tenerife;2;1;1,0;1;0,2785;0,5115;0,2099
56149;2020-01-16;T19-20;SP2;La Coruna;Santander;2;1;1,0;1;0,2618;0,563;0,1752
56150;2020-01-16;T19-20;SP2;Girona;Extremadura;3;1;1,0;1;0,2444;0,5985;0,1571
56151;2020-01-16;T19-20;SP2;Almeria;Oviedo;2;0;1,0;1;0,2383;0,6137;0,148
5839;2020-01-17;T19-20;D1;Schalke 04;M'gladbach;2;0;1,0;1;0,2078;0,6419;0,1503
44319;2020-01-17;T19-20;SP1;Leganes;Getafe;0;3;2,0;1;0,2913;0,4012;0,3075
56152;2020-01-17;T19-20;SP2;Fuenlabrada;Malaga;0;0;0,0;1;0,2924;0,396;0,3116
34331;2020-01-18;T19-20;I1;Sassuolo;Torino;2;1;1,0;2;0,2764;0,3448;0,3788
56155;2020-01-18;T19-20;SP2;Ponferradina;Vallecano;1;1;0,0;1;0,2947;0,4515;0,2538
56154;2020-01-18;T19-20;SP2;Lugo;Albacete;1;0;1,0;1;0,2775;0,4758;0,2467
56153;2020-01-18;T19-20;SP2;Numancia;Sp Gijon;2;0;1,0;1;0,2442;0,5872;0,1687
15771;2020-01-18;T19-20;E0;Watford;Tottenham;0;0;0,0;2;0,2212;0,2269;0,5518
15772;2020-01-18;T19-20;E0;Arsenal;Sheffield United;1;1;0,0;1;0,0992;0,7601;0,1407
15773;2020-01-18;T19-20;E0;Brighton;Aston Villa;1;1;0,0;1;0,2886;0,4046;0,3069
15774;2020-01-18;T19-20;E0;Man City;Crystal Palace;2;2;0,0;1;0,152;0,7386;0,1094
15775;2020-01-18;T19-20;E0;Norwich;Bournemouth;1;0;1,0;2;0,2612;0,3527;0,3861
15777;2020-01-18;T19-20;E0;West Ham;Everton;1;1;0,0;1;0,2937;0,3996;0,3067
15778;2020-01-18;T19-20;E0;Newcastle;Chelsea;1;0;1,0;2;0,1808;0,268;0,5513
44323;2020-01-18;T19-20;SP1;Eibar;Ath Madrid;2;0;1,0;2;0,2236;0,244;0,5324
44322;2020-01-18;T19-20;SP1;Osasuna;Valladolid;0;0;0,0;1;0,284;0,4103;0,3057
44321;2020-01-18;T19-20;SP1;Real Madrid;Sevilla;2;1;1,0;1;0,0733;0,8098;0,117
34332;2020-01-18;T19-20;I1;Napoli;Fiorentina;0;2;2,0;1;0,2087;0,6627;0,1287
34330;2020-01-18;T19-20;I1;Lazio;Sampdoria;5;1;1,0;1;0,2076;0,6565;0,1359
15776;2020-01-18;T19-20;E0;Southampton;Wolves;2;3;2,0;1;0,2941;0,4863;0,2197
44320;2020-01-18;T19-20;SP1;Levante;Alaves;0;1;2,0;1;0,2749;0,3907;0,3344
5841;2020-01-18;T19-20;D1;FC Koln;Wolfsburg;3;1;1,0;2;0,2589;0,3403;0,4008
5845;2020-01-18;T19-20;D1;RB Leipzig;Union Berlin;3;1;1,0;1;0,274;0,5209;0,205
5843;2020-01-18;T19-20;D1;Hoffenheim;Ein Frankfurt;1;2;2,0;1;0,2765;0,4975;0,226
5842;2020-01-18;T19-20;D1;Fortuna Dusseldorf;Werder Bremen;0;1;2,0;2;0,2932;0,298;0,4087
5840;2020-01-18;T19-20;D1;Augsburg;Dortmund;3;5;2,0;2;0,1922;0,2244;0,5834
5844;2020-01-18;T19-20;D1;Mainz;Freiburg;1;2;2,0;1;0,2834;0,4532;0,2634
56157;2020-01-19;T19-20;SP2;La Coruna;Cadiz;1;0;1,0;1;0,2897;0,4672;0,2431
56158;2020-01-19;T19-20;SP2;Oviedo;Huesca;1;1;0,0;1;0,2636;0,5478;0,1886
5846;2020-01-19;T19-20;D1;Hertha;Bayern Munich;0;4;2,0;2;0,1807;0,2447;0,5746
44324;2020-01-19;T19-20;SP1;Mallorca;Valencia;4;1;1,0;2;0,2859;0,3076;0,4065
44325;2020-01-19;T19-20;SP1;Betis;Sociedad;3;0;1,0;1;0,2835;0,4519;0,2646
44326;2020-01-19;T19-20;SP1;Villarreal;Espanol;1;2;2,0;1;0,257;0,5934;0,1496
44327;2020-01-19;T19-20;SP1;Ath Bilbao;Celta;1;1;0,0;1;0,2348;0,5893;0,1759
44328;2020-01-19;T19-20;SP1;Barcelona;Granada;1;0;1,0;1;0,1362;0,7215;0,1423
56161;2020-01-19;T19-20;SP2;Tenerife;Girona;1;0;1,0;1;0,2447;0,6034;0,1519
56156;2020-01-19;T19-20;SP2;Elche;Alcorcon;1;1;0,0;1;0,2454;0,5885;0,1661
56160;2020-01-19;T19-20;SP2;Extremadura;Almeria;1;2;2,0;1;0,2958;0,3772;0,3269
5847;2020-01-19;T19-20;D1;Paderborn;Leverkusen;1;4;2,0;2;0,2135;0,2087;0,5778
15780;2020-01-19;T19-20;E0;Liverpool;Man United;2;0;1,0;2;0,1748;0,2671;0,5581
34333;2020-01-19;T19-20;I1;Milan;Udinese;3;2;1,0;1;0,1578;0,7044;0,1379
34334;2020-01-19;T19-20;I1;Bologna;Verona;1;1;0,0;1;0,2982;0,4039;0,298
34335;2020-01-19;T19-20;I1;Brescia;Cagliari;2;2;0,0;1;0,2805;0,3916;0,3279
34336;2020-01-19;T19-20;I1;Lecce;Inter;1;1;0,0;2;0,1493;0,1772;0,6734
34337;2020-01-19;T19-20;I1;Genoa;Roma;1;3;2,0;2;0,2344;0,2502;0,5154
15779;2020-01-19;T19-20;E0;Burnley;Leicester;2;1;1,0;2;0,263;0,3511;0,3858
34338;2020-01-19;T19-20;I1;Juventus;Parma;2;1;1,0;1;0,1465;0,6904;0,1631
56159;2020-01-19;T19-20;SP2;Santander;Las Palmas;1;1;0,0;1;0,2973;0,4581;0,2446
34339;2020-01-20;T19-20;I1;Atalanta;Spal;1;2;2,0;1;0,2644;0,5546;0,181
15786;2020-01-21;T19-20;E0;Chelsea;Arsenal;2;2;0,0;1;0,2641;0,4637;0,2722
15785;2020-01-21;T19-20;E0;Sheffield United;Man City;0;1;2,0;2;0,2025;0,2111;0,5864
15784;2020-01-21;T19-20;E0;Everton;Newcastle;2;2;0,0;1;0,2385;0,6121;0,1494
15783;2020-01-21;T19-20;E0;Crystal Palace;Southampton;0;2;2,0;1;0,2806;0,41;0,3095
15782;2020-01-21;T19-20;E0;Bournemouth;Brighton;3;1;1,0;1;0,2768;0,3681;0,3552
15781;2020-01-21;T19-20;E0;Aston Villa;Watford;2;1;1,0;1;0,2962;0,4459;0,2579
15789;2020-01-22;T19-20;E0;Man United;Burnley;0;2;2,0;1;0,1167;0,7596;0,1237
15788;2020-01-22;T19-20;E0;Tottenham;Norwich;2;1;1,0;1;0,1997;0,6808;0,1195
15787;2020-01-22;T19-20;E0;Leicester;West Ham;4;1;1,0;1;0,2825;0,4441;0,2734
15790;2020-01-23;T19-20;E0;Wolves;Liverpool;1;2;2,0;2;0,1916;0,1825;0,6259
5848;2020-01-24;T19-20;D1;Dortmund;FC Koln;5;1;1,0;1;0,1861;0,6445;0,1694
44329;2020-01-24;T19-20;SP1;Osasuna;Levante;2;0;1,0;1;0,2859;0,4172;0,2968
26032;2020-01-24;T19-20;F1;Nice;Rennes;1;1;0,0;1;0,2391;0,597;0,1639
56162;2020-01-24;T19-20;SP2;Cadiz;Santander;1;0;1,0;1;0,2554;0,5773;0,1673
34340;2020-01-24;T19-20;I1;Brescia;Milan;0;1;2,0;2;0,2144;0,2113;0,5743
5851;2020-01-25;T19-20;D1;M'gladbach;Mainz;3;1;1,0;1;0,2384;0,5715;0,1901
5850;2020-01-25;T19-20;D1;Freiburg;Paderborn;0;2;2,0;2;0,2741;0,3355;0,3904
5849;2020-01-25;T19-20;D1;Ein Frankfurt;RB Leipzig;2;0;1,0;2;0,2404;0,2116;0,548
34341;2020-01-25;T19-20;I1;Spal;Bologna;1;3;2,0;1;0,2886;0,3979;0,3136
34342;2020-01-25;T19-20;I1;Fiorentina;Genoa;0;0;0,0;1;0,2214;0,6261;0,1525
5853;2020-01-25;T19-20;D1;Wolfsburg;Hertha;1;2;2,0;1;0,2319;0,5978;0,1702
5854;2020-01-25;T19-20;D1;Bayern Munich;Schalke 04;5;0;1,0;1;0,132;0,6943;0,1737
44333;2020-01-25;T19-20;SP1;Sevilla;Granada;2;0;1,0;1;0,2046;0,6559;0,1395
44332;2020-01-25;T19-20;SP1;Alaves;Villarreal;1;2;2,0;1;0,2958;0,3907;0,3135
44330;2020-01-25;T19-20;SP1;Espanol;Ath Bilbao;1;1;0,0;1;0,2753;0,4625;0,2622
34343;2020-01-25;T19-20;I1;Torino;Atalanta;0;7;2,0;1;0,2974;0,4504;0,2522
5852;2020-01-25;T19-20;D1;Union Berlin;Augsburg;2;0;1,0;1;0,2946;0,4417;0,2637
56163;2020-01-25;T19-20;SP2;Huesca;Lugo;2;1;1,0;1;0,2819;0,5173;0,2008
44331;2020-01-25;T19-20;SP1;Valencia;Barcelona;2;0;1,0;2;0,1029;0,0901;0,807
56164;2020-01-25;T19-20;SP2;Sp Gijon;Fuenlabrada;1;0;1,0;1;0,2453;0,5935;0,1612
56166;2020-01-25;T19-20;SP2;Zaragoza;Numancia;1;0;1,0;1;0,2638;0,544;0,1922
56165;2020-01-25;T19-20;SP2;Las Palmas;Tenerife;0;0;0,0;1;0,2523;0,5623;0,1855
26033;2020-01-25;T19-20;F1;Marseille;Angers;0;0;0,0;1;0,1897;0,692;0,1183
26034;2020-01-25;T19-20;F1;Brest;Amiens;2;1;1,0;1;0,2927;0,4243;0,2829
26035;2020-01-25;T19-20;F1;Monaco;Strasbourg;1;3;2,0;1;0,2068;0,6381;0,1551
26036;2020-01-25;T19-20;F1;Montpellier;Dijon;2;1;1,0;1;0,2642;0,5444;0,1914
26037;2020-01-25;T19-20;F1;Reims;Metz;0;1;2,0;1;0,2849;0,4277;0,2874
26038;2020-01-25;T19-20;F1;St Etienne;Nimes;2;1;1,0;1;0,2303;0,6262;0,1435
56172;2020-01-26;T19-20;SP2;Girona;Oviedo;1;1;0,0;1;0,2448;0,6025;0,1527
34346;2020-01-26;T19-20;I1;Sampdoria;Sassuolo;0;0;0,0;1;0,2616;0,5703;0,1681
34345;2020-01-26;T19-20;I1;Parma;Udinese;2;0;1,0;1;0,2667;0,5169;0,2164
34344;2020-01-26;T19-20;I1;Inter;Cagliari;1;1;0,0;1;0,2254;0,5754;0,1992
5856;2020-01-26;T19-20;D1;Leverkusen;Fortuna Dusseldorf;3;0;1,0;1;0,1896;0,6926;0,1178
5855;2020-01-26;T19-20;D1;Werder Bremen;Hoffenheim;0;3;2,0;1;0,2227;0,6422;0,1351
26039;2020-01-26;T19-20;F1;Lyon;Toulouse;3;0;1,0;1;0,188;0,6541;0,158
34349;2020-01-26;T19-20;I1;Napoli;Juventus;2;1;1,0;2;0,1403;0,1445;0,7152
26040;2020-01-26;T19-20;F1;Nantes;Bordeaux;0;1;2,0;1;0,2919;0,4559;0,2522
26041;2020-01-26;T19-20;F1;Lille;Paris SG;0;2;2,0;1;0,2825;0,4078;0,3097
44338;2020-01-26;T19-20;SP1;Valladolid;Real Madrid;0;1;2,0;2;0,1742;0,1513;0,6744
44337;2020-01-26;T19-20;SP1;Sociedad;Mallorca;3;0;1,0;1;0,2639;0,5359;0,2002
44336;2020-01-26;T19-20;SP1;Getafe;Betis;1;0;1,0;1;0,2749;0,4961;0,229
44335;2020-01-26;T19-20;SP1;Celta;Eibar;0;0;0,0;1;0,2908;0,5012;0,208
44334;2020-01-26;T19-20;SP1;Ath Madrid;Leganes;0;0;0,0;1;0,1624;0,7233;0,1143
34347;2020-01-26;T19-20;I1;Verona;Lecce;3;0;1,0;1;0,3003;0,3784;0,3213
56167;2020-01-26;T19-20;SP2;Malaga;Mirandes;2;2;0,0;1;0,2822;0,5189;0,1989
56168;2020-01-26;T19-20;SP2;Albacete;La Coruna;0;1;2,0;1;0,3037;0,3741;0,3222
56169;2020-01-26;T19-20;SP2;Almeria;Elche;0;2;2,0;1;0,2368;0,598;0,1652
56170;2020-01-26;T19-20;SP2;Alcorcon;Ponferradina;3;1;1,0;1;0,2627;0,5501;0,1872
56171;2020-01-26;T19-20;SP2;Vallecano;Extremadura;1;1;0,0;1;0,2639;0,564;0,172
34348;2020-01-26;T19-20;I1;Roma;Lazio;1;1;0,0;1;0,1771;0,5814;0,2415
15791;2020-01-29;T19-20;E0;West Ham;Liverpool;0;2;2,0;2;0,173;0,2396;0,5873
5857;2020-01-31;T19-20;D1;Hertha;Schalke 04;0;0;0,0;1;0,2774;0,3815;0,3411
56173;2020-01-31;T19-20;SP2;Tenerife;Sp Gijon;2;1;1,0;1;0,2489;0,5765;0,1746
26042;2020-01-31;T19-20;F1;Rennes;Nantes;3;2;1,0;1;0,2342;0,5863;0,1795
26048;2020-02-01;T19-20;F1;Strasbourg;Lille;1;2;2,0;2;0,2256;0,2301;0,5443
26047;2020-02-01;T19-20;F1;Nimes;Monaco;3;1;1,0;2;0,2688;0,2703;0,4609
5862;2020-02-01;T19-20;D1;Mainz;Bayern Munich;1;3;2,0;2;0,223;0,2077;0,5694
5861;2020-02-01;T19-20;D1;Hoffenheim;Leverkusen;2;1;1,0;2;0,2544;0,3259;0,4197
5860;2020-02-01;T19-20;D1;Fortuna Dusseldorf;Ein Frankfurt;1;1;0,0;1;0,2846;0,4022;0,3132
5859;2020-02-01;T19-20;D1;Dortmund;Union Berlin;5;0;1,0;1;0,1349;0,719;0,1461
5858;2020-02-01;T19-20;D1;Augsburg;Werder Bremen;2;1;1,0;2;0,2948;0,3068;0,3985
56176;2020-02-01;T19-20;SP2;Ponferradina;Huesca;3;1;1,0;1;0,2788;0,5168;0,2044
56174;2020-02-01;T19-20;SP2;Extremadura;Lugo;1;0;1,0;1;0,2933;0,4161;0,2906
5863;2020-02-01;T19-20;D1;RB Leipzig;M'gladbach;2;2;0,0;1;0,2693;0,5124;0,2183
56175;2020-02-01;T19-20;SP2;La Coruna;Las Palmas;2;1;1,0;1;0,2776;0,5039;0,2185
15799;2020-02-01;T19-20;E0;Man United;Wolves;0;0;0,0;1;0,1237;0,7376;0,1386
26043;2020-02-01;T19-20;F1;Paris SG;Montpellier;5;0;1,0;1;0,1223;0,7498;0,1278
44340;2020-02-01;T19-20;SP1;Real Madrid;Ath Madrid;1;0;1,0;1;0,1388;0,6634;0,1977
44339;2020-02-01;T19-20;SP1;Granada;Espanol;2;1;1,0;2;0,2728;0,333;0,3942
26046;2020-02-01;T19-20;F1;Dijon;Brest;3;0;1,0;2;0,2879;0,354;0,358
26045;2020-02-01;T19-20;F1;Angers;Reims;1;4;2,0;1;0,2926;0,4567;0,2508
26044;2020-02-01;T19-20;F1;Amiens;Toulouse;0;0;0,0;1;0,2848;0,4144;0,3008
44341;2020-02-01;T19-20;SP1;Mallorca;Valladolid;0;1;2,0;1;0,2812;0,4759;0,2429
34352;2020-02-01;T19-20;I1;Sassuolo;Roma;4;2;1,0;2;0,2043;0,207;0,5888
34351;2020-02-01;T19-20;I1;Cagliari;Parma;2;2;0,0;1;0,2803;0,4112;0,3085
15792;2020-02-01;T19-20;E0;Leicester;Chelsea;2;2;0,0;2;0,2573;0,2339;0,5088
56177;2020-02-01;T19-20;SP2;Elche;Malaga;2;0;1,0;1;0,2618;0,5389;0,1993
15798;2020-02-01;T19-20;E0;West Ham;Brighton;3;3;0,0;2;0,2886;0,3542;0,3572
15797;2020-02-01;T19-20;E0;Watford;Everton;2;3;2,0;2;0,2637;0,3606;0,3756
15796;2020-02-01;T19-20;E0;Newcastle;Norwich;0;0;0,0;1;0,2608;0,5213;0,2179
15795;2020-02-01;T19-20;E0;Liverpool;Southampton;4;0;1,0;1;0,1059;0,7872;0,1069
15794;2020-02-01;T19-20;E0;Crystal Palace;Sheffield United;0;1;2,0;2;0,2596;0,3078;0,4326
15793;2020-02-01;T19-20;E0;Bournemouth;Aston Villa;2;1;1,0;1;0,2894;0,3968;0,3138
34350;2020-02-01;T19-20;I1;Bologna;Brescia;2;1;1,0;1;0,2858;0,3588;0,3554
44342;2020-02-01;T19-20;SP1;Valencia;Celta;1;0;1,0;1;0,1333;0,7551;0,1116
56182;2020-02-02;T19-20;SP2;Oviedo;Albacete;3;1;1,0;1;0,2583;0,5217;0,22
44348;2020-02-02;T19-20;SP1;Barcelona;Levante;2;1;1,0;1;0,1342;0,7542;0,1116
44347;2020-02-02;T19-20;SP1;Villarreal;Osasuna;3;1;1,0;1;0,2481;0,6094;0,1426
44346;2020-02-02;T19-20;SP1;Sevilla;Alaves;1;1;0,0;1;0,1675;0,6985;0,134
44345;2020-02-02;T19-20;SP1;Ath Bilbao;Getafe;0;2;2,0;1;0,2571;0,5537;0,1892
44344;2020-02-02;T19-20;SP1;Eibar;Betis;1;1;0,0;1;0,2919;0,4281;0,28
56179;2020-02-02;T19-20;SP2;Cadiz;Zaragoza;1;1;0,0;1;0,2667;0,5199;0,2135
5864;2020-02-02;T19-20;D1;FC Koln;Freiburg;4;0;1,0;2;0,2862;0,347;0,3668
34358;2020-02-02;T19-20;I1;Udinese;Inter;0;2;2,0;2;0,2367;0,2586;0,5048
34357;2020-02-02;T19-20;I1;Lecce;Torino;4;0;1,0;2;0,2505;0,3471;0,4023
34356;2020-02-02;T19-20;I1;Milan;Verona;1;1;0,0;1;0,1223;0,7921;0,0856
34355;2020-02-02;T19-20;I1;Lazio;Spal;5;1;1,0;1;0,1874;0,6948;0,1178
34354;2020-02-02;T19-20;I1;Atalanta;Genoa;2;2;0,0;1;0,269;0,505;0,226
34353;2020-02-02;T19-20;I1;Juventus;Fiorentina;3;0;1,0;1;0,0889;0,7727;0,1384
44343;2020-02-02;T19-20;SP1;Leganes;Sociedad;2;1;1,0;1;0,2972;0,4323;0,2705
5865;2020-02-02;T19-20;D1;Paderborn;Wolfsburg;2;4;2,0;2;0,2833;0,355;0,3617
56183;2020-02-02;T19-20;SP2;Santander;Alcorcon;1;1;0,0;1;0,2987;0,4459;0,2553
56178;2020-02-02;T19-20;SP2;Fuenlabrada;Girona;0;1;2,0;1;0,2832;0,4746;0,2422
15800;2020-02-02;T19-20;E0;Burnley;Arsenal;0;0;0,0;2;0,1933;0,1814;0,6253
15801;2020-02-02;T19-20;E0;Tottenham;Man City;2;0;1,0;1;0,2769;0,4561;0,267
56180;2020-02-02;T19-20;SP2;Mirandes;Vallecano;0;0;0,0;1;0,2914;0,3906;0,318
56181;2020-02-02;T19-20;SP2;Numancia;Almeria;1;1;0,0;1;0,239;0,6127;0,1483
26049;2020-02-02;T19-20;F1;Nice;Lyon;2;1;1,0;2;0,2318;0,3048;0,4634
26050;2020-02-02;T19-20;F1;Metz;St Etienne;3;1;1,0;2;0,2347;0,3333;0,432
26051;2020-02-02;T19-20;F1;Bordeaux;Marseille;0;0;0,0;1;0,2835;0,448;0,2685
34359;2020-02-03;T19-20;I1;Sampdoria;Napoli;2;4;2,0;2;0,2571;0,3622;0,3807
26052;2020-02-04;T19-20;F1;Lille;Rennes;1;0;1,0;1;0,1658;0,7043;0,13
26053;2020-02-04;T19-20;F1;Monaco;Angers;1;0;1,0;1;0,2225;0,6536;0,1239
26054;2020-02-04;T19-20;F1;Nantes;Paris SG;1;2;2,0;2;0,2355;0,2558;0,5087
26056;2020-02-05;T19-20;F1;Lyon;Amiens;0;0;0,0;1;0,1281;0,7473;0,1246
34360;2020-02-05;T19-20;I1;Lazio;Verona;0;0;0,0;1;0,1649;0,7066;0,1284
26061;2020-02-05;T19-20;F1;St Etienne;Marseille;0;2;2,0;1;0,2813;0,4216;0,297
26060;2020-02-05;T19-20;F1;Toulouse;Strasbourg;0;1;2,0;1;0,2935;0,4709;0,2356
26059;2020-02-05;T19-20;F1;Reims;Nice;1;1;0,0;1;0,2958;0,4418;0,2624
26058;2020-02-05;T19-20;F1;Nimes;Dijon;2;0;1,0;1;0,2966;0,4555;0,2479
26057;2020-02-05;T19-20;F1;Montpellier;Metz;1;1;0,0;1;0,2794;0,5062;0,2144
26055;2020-02-05;T19-20;F1;Brest;Bordeaux;1;1;0,0;2;0,2901;0,341;0,3689
34361;2020-02-07;T19-20;I1;Roma;Bologna;2;3;2,0;1;0,1935;0,6419;0,1646
44349;2020-02-07;T19-20;SP1;Alaves;Eibar;2;1;1,0;1;0,2966;0,4199;0,2835
26062;2020-02-07;T19-20;F1;Angers;Lille;0;2;2,0;2;0,2678;0,2648;0,4674
5866;2020-02-07;T19-20;D1;Ein Frankfurt;Augsburg;5;0;1,0;1;0,2947;0,4322;0,2731
56184;2020-02-07;T19-20;SP2;Almeria;Santander;0;1;2,0;1;0,2396;0,6077;0,1527
26066;2020-02-08;T19-20;F1;Metz;Bordeaux;1;2;2,0;2;0,1897;0,2143;0,596
26067;2020-02-08;T19-20;F1;Nice;Nimes;1;3;2,0;1;0,2433;0,5936;0,1632
5872;2020-02-08;T19-20;D1;Leverkusen;Dortmund;4;3;1,0;1;0,2921;0,4523;0,2557
44352;2020-02-08;T19-20;SP1;Valladolid;Villarreal;1;1;0,0;2;0,2813;0,3493;0,3694
5867;2020-02-08;T19-20;D1;Freiburg;Hoffenheim;1;0;1,0;2;0,2728;0,3384;0,3888
34362;2020-02-08;T19-20;I1;Fiorentina;Atalanta;1;2;2,0;1;0,2124;0,6325;0,1551
15803;2020-02-08;T19-20;E0;Brighton;Watford;1;1;0,0;1;0,2892;0,3919;0,3189
15802;2020-02-08;T19-20;E0;Everton;Crystal Palace;3;1;1,0;1;0,2239;0,6336;0,1425
5868;2020-02-08;T19-20;D1;Hertha;Mainz;1;3;2,0;1;0,258;0,5246;0,2175
5869;2020-02-08;T19-20;D1;Schalke 04;Paderborn;1;1;0,0;1;0,2026;0,6767;0,1207
26068;2020-02-08;T19-20;F1;Rennes;Brest;0;0;0,0;1;0,2469;0,6012;0,1519
34363;2020-02-08;T19-20;I1;Torino;Sampdoria;1;3;2,0;1;0,2873;0,4354;0,2773
56188;2020-02-08;T19-20;SP2;Zaragoza;Fuenlabrada;0;0;0,0;1;0,2708;0,5122;0,217
44353;2020-02-08;T19-20;SP1;Ath Madrid;Granada;1;0;1,0;1;0,1847;0,6825;0,1328
56187;2020-02-08;T19-20;SP2;Las Palmas;Cadiz;1;2;2,0;1;0,2687;0,507;0,2243
26065;2020-02-08;T19-20;F1;Dijon;Nantes;3;3;0,0;1;0,2931;0,4071;0,2998
56186;2020-02-08;T19-20;SP2;Girona;Huesca;1;0;1,0;1;0,2454;0,6041;0,1505
56185;2020-02-08;T19-20;SP2;Extremadura;Tenerife;2;4;2,0;1;0,2918;0,4104;0,2978
5871;2020-02-08;T19-20;D1;Wolfsburg;Fortuna Dusseldorf;1;1;0,0;1;0,2373;0,6159;0,1468
26063;2020-02-08;T19-20;F1;Marseille;Toulouse;1;0;1,0;1;0,2429;0,6103;0,1468
26064;2020-02-08;T19-20;F1;Amiens;Monaco;1;2;2,0;2;0,2268;0,191;0,5822
44350;2020-02-08;T19-20;SP1;Levante;Leganes;2;0;1,0;2;0,2629;0,3627;0,3744
44351;2020-02-08;T19-20;SP1;Getafe;Valencia;3;0;1,0;2;0,2793;0,3206;0,4
34364;2020-02-08;T19-20;I1;Verona;Juventus;2;1;1,0;2;0,2097;0,1456;0,6447
5870;2020-02-08;T19-20;D1;Werder Bremen;Union Berlin;0;2;2,0;1;0,2385;0,6106;0,151
56192;2020-02-09;T19-20;SP2;Lugo;Elche;2;2;0,0;1;0,2955;0,4811;0,2234
56191;2020-02-09;T19-20;SP2;Sp Gijon;Mirandes;2;2;0,0;1;0,2313;0,6227;0,146
56190;2020-02-09;T19-20;SP2;Alcorcon;La Coruna;0;1;2,0;1;0,2732;0,4628;0,2639
56189;2020-02-09;T19-20;SP2;Albacete;Ponferradina;1;1;0,0;1;0,2819;0,5036;0,2144
26070;2020-02-09;T19-20;F1;Strasbourg;Reims;3;0;1,0;1;0,2701;0,375;0,3549
15804;2020-02-09;T19-20;E0;Sheffield United;Bournemouth;2;1;1,0;1;0,2987;0,4311;0,2703
44358;2020-02-09;T19-20;SP1;Betis;Barcelona;2;3;2,0;2;0,2111;0,2031;0,5858
44357;2020-02-09;T19-20;SP1;Celta;Sevilla;2;1;1,0;1;0,2916;0,4835;0,2248
44356;2020-02-09;T19-20;SP1;Osasuna;Real Madrid;1;4;2,0;2;0,1561;0,121;0,7229
44355;2020-02-09;T19-20;SP1;Sociedad;Ath Bilbao;2;1;1,0;1;0,2613;0,5346;0,2041
44354;2020-02-09;T19-20;SP1;Espanol;Mallorca;1;0;1,0;1;0,2821;0,4709;0,247
56193;2020-02-09;T19-20;SP2;Vallecano;Oviedo;1;1;0,0;1;0,2654;0,563;0,1716
34370;2020-02-09;T19-20;I1;Inter;Milan;4;2;1,0;1;0,2687;0,5224;0,2089
34369;2020-02-09;T19-20;I1;Parma;Lazio;0;1;2,0;2;0,2587;0,3658;0,3755
34368;2020-02-09;T19-20;I1;Napoli;Lecce;2;3;2,0;1;0,2042;0,6523;0,1435
34367;2020-02-09;T19-20;I1;Genoa;Cagliari;1;0;1,0;1;0,2767;0,4473;0,276
34366;2020-02-09;T19-20;I1;Brescia;Udinese;1;1;0,0;1;0,2927;0,394;0,3133
34365;2020-02-09;T19-20;I1;Spal;Sassuolo;1;2;2,0;2;0,267;0,3543;0,3787
26071;2020-02-09;T19-20;F1;Paris SG;Lyon;4;2;1,0;1;0,2663;0,5185;0,2152
56194;2020-02-09;T19-20;SP2;Malaga;Numancia;2;1;1,0;1;0,2813;0,5073;0,2113
26069;2020-02-09;T19-20;F1;Montpellier;St Etienne;1;0;1,0;1;0,2625;0,5514;0,1861
5873;2020-02-09;T19-20;D1;Bayern Munich;RB Leipzig;0;0;0,0;1;0,1382;0,6757;0,1861
15805;2020-02-14;T19-20;E0;Wolves;Leicester;0;0;0,0;2;0,2625;0,3445;0,393
56195;2020-02-14;T19-20;SP2;La Coruna;Girona;2;2;0,0;1;0,2589;0,5551;0,186
26072;2020-02-14;T19-20;F1;Monaco;Montpellier;1;0;1,0;1;0,2214;0,6411;0,1375
44359;2020-02-14;T19-20;SP1;Valencia;Ath Madrid;2;2;0,0;1;0,2636;0,4759;0,2605
5874;2020-02-14;T19-20;D1;Dortmund;Ein Frankfurt;4;0;1,0;1;0,1852;0,6468;0,168
5878;2020-02-15;T19-20;D1;RB Leipzig;Werder Bremen;3;0;1,0;1;0,2693;0,5329;0,1978
5879;2020-02-15;T19-20;D1;Union Berlin;Leverkusen;2;3;2,0;2;0,2172;0,2381;0,5447
5880;2020-02-15;T19-20;D1;Fortuna Dusseldorf;M'gladbach;1;4;2,0;1;0,2989;0,3946;0,3065
26073;2020-02-15;T19-20;F1;Amiens;Paris SG;4;4;0,0;2;0,1759;0,2355;0,5886
26074;2020-02-15;T19-20;F1;Bordeaux;Dijon;2;2;0,0;1;0,2138;0,6355;0,1507
26075;2020-02-15;T19-20;F1;Nantes;Metz;0;0;0,0;1;0,285;0,4449;0,2702
26076;2020-02-15;T19-20;F1;Nimes;Angers;1;0;1,0;1;0,2788;0,4945;0,2267
15806;2020-02-15;T19-20;E0;Southampton;Burnley;1;2;2,0;1;0,2893;0,4767;0,234
34371;2020-02-15;T19-20;I1;Lecce;Spal;2;1;1,0;2;0,2364;0,3047;0,4589
34372;2020-02-15;T19-20;I1;Bologna;Genoa;0;3;2,0;1;0,2867;0,3998;0,3135
34373;2020-02-15;T19-20;I1;Atalanta;Roma;2;1;1,0;2;0,2251;0,2797;0,4951
44360;2020-02-15;T19-20;SP1;Mallorca;Alaves;1;0;1,0;1;0,2805;0,5126;0,2069
44361;2020-02-15;T19-20;SP1;Barcelona;Getafe;2;1;1,0;1;0,136;0,7221;0,1419
44362;2020-02-15;T19-20;SP1;Villarreal;Levante;2;1;1,0;1;0,2435;0,6185;0,1379
44363;2020-02-15;T19-20;SP1;Granada;Valladolid;2;1;1,0;1;0,295;0,3752;0,3298
56197;2020-02-15;T19-20;SP2;Numancia;Las Palmas;1;1;0,0;1;0,2338;0,5962;0,17
15807;2020-02-15;T19-20;E0;Norwich;Liverpool;0;1;2,0;2;0,19;0,1818;0,6282
26077;2020-02-15;T19-20;F1;Toulouse;Nice;0;2;2,0;1;0,2951;0,4637;0,2413
5877;2020-02-15;T19-20;D1;Paderborn;Hertha;1;2;2,0;2;0,2769;0,3439;0,3792
56196;2020-02-15;T19-20;SP2;Huesca;Almeria;3;2;1,0;1;0,2618;0,5514;0,1868
5875;2020-02-15;T19-20;D1;Augsburg;Freiburg;1;1;0,0;1;0,2871;0,4089;0,3039
56198;2020-02-15;T19-20;SP2;Oviedo;Alcorcon;1;2;2,0;1;0,2763;0,5251;0,1986
56199;2020-02-15;T19-20;SP2;Elche;Zaragoza;1;2;2,0;1;0,2628;0,5348;0,2024
5876;2020-02-15;T19-20;D1;Hoffenheim;Wolfsburg;2;3;2,0;1;0,2792;0,5229;0,1978
56205;2020-02-16;T19-20;SP2;Tenerife;Vallecano;0;0;0,0;1;0,2566;0,5566;0,1868
34374;2020-02-16;T19-20;I1;Udinese;Verona;0;0;0,0;1;0,2604;0,5141;0,2256
34375;2020-02-16;T19-20;I1;Juventus;Brescia;2;0;1,0;1;0,1223;0,7324;0,1452
34376;2020-02-16;T19-20;I1;Sampdoria;Fiorentina;1;5;2,0;1;0,2639;0,5434;0,1927
34377;2020-02-16;T19-20;I1;Sassuolo;Parma;0;1;2,0;1;0,2863;0,3935;0,3202
34378;2020-02-16;T19-20;I1;Cagliari;Napoli;0;1;2,0;2;0,1968;0,1881;0,6151
56204;2020-02-16;T19-20;SP2;Santander;Sp Gijon;0;2;2,0;1;0,2902;0,4537;0,2561
56203;2020-02-16;T19-20;SP2;Ponferradina;Extremadura;0;0;0,0;1;0,2691;0,5334;0,1975
56202;2020-02-16;T19-20;SP2;Cadiz;Malaga;0;1;2,0;1;0,2688;0,512;0,2192
56201;2020-02-16;T19-20;SP2;Mirandes;Albacete;1;1;0,0;1;0,2848;0,45;0,2652
56200;2020-02-16;T19-20;SP2;Fuenlabrada;Lugo;0;1;2,0;1;0,2947;0,4461;0,2592
44364;2020-02-16;T19-20;SP1;Sevilla;Espanol;2;2;0,0;1;0,2662;0,5699;0,1639
44365;2020-02-16;T19-20;SP1;Leganes;Betis;0;0;0,0;1;0,2986;0,4037;0,2978
44366;2020-02-16;T19-20;SP1;Ath Bilbao;Osasuna;0;1;2,0;1;0,2693;0,5176;0,2131
44367;2020-02-16;T19-20;SP1;Real Madrid;Celta;2;2;0,0;1;0,1075;0,7666;0,126
15809;2020-02-16;T19-20;E0;Arsenal;Newcastle;4;0;1,0;1;0,1582;0,6944;0,1474
15808;2020-02-16;T19-20;E0;Aston Villa;Tottenham;2;3;2,0;2;0,267;0,2633;0,4697
26081;2020-02-16;T19-20;F1;Lille;Marseille;1;2;2,0;1;0,2602;0,4759;0,264
26080;2020-02-16;T19-20;F1;Reims;Rennes;1;0;1,0;1;0,2941;0,4475;0,2584
34379;2020-02-16;T19-20;I1;Lazio;Inter;2;1;1,0;1;0,2824;0,4044;0,3131
26078;2020-02-16;T19-20;F1;Lyon;Strasbourg;1;1;0,0;1;0,1171;0,7859;0,097
26079;2020-02-16;T19-20;F1;Brest;St Etienne;3;2;1,0;1;0,2945;0,4272;0,2783
5882;2020-02-16;T19-20;D1;Mainz;Schalke 04;0;0;0,0;2;0,2918;0,3165;0,3917
5881;2020-02-16;T19-20;D1;FC Koln;Bayern Munich;1;4;2,0;2;0,196;0,1337;0,6703
34380;2020-02-17;T19-20;I1;Milan;Torino;1;0;1,0;1;0,1289;0,7787;0,0925
15810;2020-02-17;T19-20;E0;Chelsea;Man United;0;2;2,0;2;0,1734;0,2692;0,5574
15811;2020-02-19;T19-20;E0;Man City;West Ham;2;0;1,0;1;0,2166;0,5699;0,2135
56206;2020-02-19;T19-20;SP2;Mirandes;Zaragoza;1;1;0,0;1;0,2908;0,3773;0,3319
26082;2020-02-21;T19-20;F1;Nice;Brest;2;2;0,0;1;0,2439;0,6067;0,1494
5883;2020-02-21;T19-20;D1;Bayern Munich;Paderborn;3;2;1,0;1;0,0842;0,7761;0,1397
34381;2020-02-21;T19-20;I1;Brescia;Napoli;1;2;2,0;2;0,2105;0,2173;0,5722
56207;2020-02-21;T19-20;SP2;Sp Gijon;Cadiz;1;0;1,0;1;0,2483;0,5872;0,1646
26083;2020-02-21;T19-20;F1;Metz;Lyon;0;2;2,0;2;0,1463;0,1772;0,6765
44368;2020-02-21;T19-20;SP1;Betis;Mallorca;3;3;0,0;1;0,2896;0,4422;0,2682
5885;2020-02-22;T19-20;D1;Hertha;FC Koln;0;5;2,0;1;0,2785;0,4908;0,2307
5884;2020-02-22;T19-20;D1;Freiburg;Fortuna Dusseldorf;0;2;2,0;2;0,2691;0,3407;0,3902
44369;2020-02-22;T19-20;SP1;Celta;Leganes;1;0;1,0;1;0,2888;0,5079;0,2033
44371;2020-02-22;T19-20;SP1;Sociedad;Valencia;3;0;1,0;1;0,2627;0,3863;0,351
44372;2020-02-22;T19-20;SP1;Levante;Real Madrid;1;0;1,0;2;0,1942;0,1313;0,6745
5887;2020-02-22;T19-20;D1;Werder Bremen;Dortmund;0;2;2,0;2;0,2663;0,3665;0,3672
15817;2020-02-22;T19-20;E0;Leicester;Man City;0;1;2,0;2;0,2292;0,2662;0,5046
15816;2020-02-22;T19-20;E0;Southampton;Aston Villa;2;0;1,0;1;0,2761;0,4468;0,277
15815;2020-02-22;T19-20;E0;Sheffield United;Brighton;1;1;0,0;1;0,2901;0,4419;0,268
15814;2020-02-22;T19-20;E0;Crystal Palace;Newcastle;1;0;1,0;1;0,2912;0,3763;0,3324
15813;2020-02-22;T19-20;E0;Burnley;Bournemouth;3;0;1,0;2;0,2648;0,3657;0,3695
15812;2020-02-22;T19-20;E0;Chelsea;Tottenham;2;1;1,0;1;0,1215;0,6844;0,1941
44370;2020-02-22;T19-20;SP1;Barcelona;Eibar;5;0;1,0;1;0,0962;0,748;0,1558
5888;2020-02-22;T19-20;D1;Schalke 04;RB Leipzig;0;5;2,0;1;0,2563;0,513;0,2306
5886;2020-02-22;T19-20;D1;M'gladbach;Hoffenheim;1;1;0,0;1;0,2366;0,6157;0,1477
26087;2020-02-22;T19-20;F1;Lille;Toulouse;3;0;1,0;1;0,2453;0,6084;0,1463
56209;2020-02-22;T19-20;SP2;Almeria;Fuenlabrada;0;0;0,0;1;0,2547;0,5641;0,1812
26088;2020-02-22;T19-20;F1;Strasbourg;Amiens;0;0;0,0;2;0,2742;0,3534;0,3723
56208;2020-02-22;T19-20;SP2;Alcorcon;Las Palmas;1;1;0,0;1;0,254;0,5507;0,1952
26086;2020-02-22;T19-20;F1;Dijon;Monaco;1;1;0,0;2;0,23;0,196;0,574
56210;2020-02-22;T19-20;SP2;Girona;Ponferradina;2;0;1,0;1;0,2392;0,5899;0,1709
56211;2020-02-22;T19-20;SP2;Tenerife;Elche;1;0;1,0;1;0,2395;0,5918;0,1687
26085;2020-02-22;T19-20;F1;Angers;Montpellier;1;0;1,0;1;0,299;0,437;0,264
56212;2020-02-22;T19-20;SP2;Albacete;Numancia;2;1;1,0;1;0,2828;0,4992;0,2179
34382;2020-02-22;T19-20;I1;Bologna;Udinese;1;1;0,0;1;0,2913;0,4007;0,3081
34383;2020-02-22;T19-20;I1;Spal;Juventus;1;2;2,0;2;0,2109;0,148;0,641
34384;2020-02-22;T19-20;I1;Fiorentina;Milan;1;1;0,0;1;0,2787;0,3818;0,3395
26084;2020-02-22;T19-20;F1;Marseille;Nantes;1;3;2,0;1;0,1593;0,7132;0,1275
26091;2020-02-23;T19-20;F1;Paris SG;Bordeaux;4;3;1,0;1;0,0919;0,7678;0,1403
56215;2020-02-23;T19-20;SP2;Extremadura;Mirandes;3;2;1,0;1;0,2955;0,4111;0,2934
56216;2020-02-23;T19-20;SP2;Malaga;Santander;2;0;1,0;1;0,2649;0,5582;0,1769
26089;2020-02-23;T19-20;F1;St Etienne;Reims;1;1;0,0;1;0,2275;0,6322;0,1404
26090;2020-02-23;T19-20;F1;Rennes;Nimes;2;1;1,0;1;0,245;0,5903;0,1647
56217;2020-02-23;T19-20;SP2;Vallecano;Huesca;2;0;1,0;1;0,2654;0,5606;0,174
15818;2020-02-23;T19-20;E0;Man United;Watford;3;0;1,0;1;0,1206;0,7491;0,1303
5890;2020-02-23;T19-20;D1;Wolfsburg;Mainz;4;0;1,0;1;0,2385;0,5743;0,1871
15820;2020-02-23;T19-20;E0;Arsenal;Everton;3;2;1,0;1;0,1232;0,739;0,1379
5889;2020-02-23;T19-20;D1;Leverkusen;Augsburg;2;0;1,0;1;0,1757;0,6895;0,1348
44376;2020-02-23;T19-20;SP1;Getafe;Sevilla;0;3;2,0;1;0,286;0,5043;0,2097
44375;2020-02-23;T19-20;SP1;Valladolid;Espanol;2;1;1,0;1;0,2767;0,379;0,3443
44374;2020-02-23;T19-20;SP1;Alaves;Ath Bilbao;2;1;1,0;1;0,2804;0,4129;0,3066
44373;2020-02-23;T19-20;SP1;Osasuna;Granada;0;3;2,0;1;0,2933;0,4058;0,3009
56213;2020-02-23;T19-20;SP2;Lugo;Oviedo;1;0;1,0;1;0,2794;0,5005;0,2201
56214;2020-02-23;T19-20;SP2;Zaragoza;La Coruna;3;1;1,0;1;0,2716;0,4735;0,2549
34385;2020-02-23;T19-20;I1;Genoa;Lazio;2;3;2,0;2;0,2714;0,2845;0,4441
34386;2020-02-23;T19-20;I1;Roma;Lecce;4;0;1,0;1;0,1656;0,6662;0,1682
15819;2020-02-23;T19-20;E0;Wolves;Norwich;3;0;1,0;1;0,3294;0,395;0,2756
44377;2020-02-23;T19-20;SP1;Ath Madrid;Villarreal;3;1;1,0;1;0,1633;0,7188;0,1179
5891;2020-02-24;T19-20;D1;Ein Frankfurt;Union Berlin;1;2;2,0;1;0,2973;0,3742;0,3284
15821;2020-02-24;T19-20;E0;Liverpool;West Ham;3;2;1,0;1;0,1753;0,6817;0,143
15822;2020-02-28;T19-20;E0;Norwich;Leicester;1;0;1,0;2;0,2617;0,3457;0,3927
56218;2020-02-28;T19-20;SP2;Las Palmas;Malaga;1;1;0,0;1;0,2675;0,5149;0,2176
5892;2020-02-28;T19-20;D1;Fortuna Dusseldorf;Hertha;3;3;0,0;1;0,2835;0,3789;0,3376
44378;2020-02-28;T19-20;SP1;Sociedad;Valladolid;1;0;1,0;1;0,2683;0,5321;0,1996
26092;2020-02-28;T19-20;F1;Nimes;Marseille;2;3;2,0;2;0,251;0,2631;0,4859
26093;2020-02-29;T19-20;F1;Paris SG;Dijon;4;0;1,0;1;0,1135;0,7713;0,1153
26094;2020-02-29;T19-20;F1;Amiens;Metz;0;1;2,0;1;0,2842;0,4105;0,3053
34387;2020-02-29;T19-20;I1;Lazio;Bologna;2;0;1,0;1;0,2424;0,6126;0,1449
34388;2020-02-29;T19-20;I1;Napoli;Torino;2;1;1,0;1;0,1654;0,702;0,1326
5896;2020-02-29;T19-20;D1;Mainz;Paderborn;2;0;1,0;1;0,2711;0,5257;0,2032
5897;2020-02-29;T19-20;D1;FC Koln;Schalke 04;3;0;1,0;2;0,1966;0,2021;0,6013
26097;2020-02-29;T19-20;F1;Montpellier;Strasbourg;3;0;1,0;1;0,2483;0,5556;0,1962
15827;2020-02-29;T19-20;E0;Watford;Liverpool;3;0;1,0;2;0,2019;0,1897;0,6084
15825;2020-02-29;T19-20;E0;Newcastle;Burnley;0;0;0,0;1;0,2627;0,5354;0,2019
15824;2020-02-29;T19-20;E0;Bournemouth;Chelsea;2;2;0,0;2;0,159;0,1807;0,6603
15823;2020-02-29;T19-20;E0;Brighton;Crystal Palace;0;1;2,0;1;0,2865;0,3627;0,3508
26096;2020-02-29;T19-20;F1;Monaco;Reims;1;1;0,0;1;0,2182;0,6541;0,1277
44382;2020-02-29;T19-20;SP1;Granada;Celta;0;0;0,0;1;0,285;0,3927;0,3223
26095;2020-02-29;T19-20;F1;Brest;Angers;0;1;2,0;1;0,2949;0,4201;0,285
15826;2020-02-29;T19-20;E0;West Ham;Southampton;3;1;1,0;1;0,2956;0,4143;0,2901
44379;2020-02-29;T19-20;SP1;Eibar;Levante;3;0;1,0;1;0,2851;0,4306;0,2843
5893;2020-02-29;T19-20;D1;Augsburg;M'gladbach;2;3;2,0;1;0,2968;0,4;0,3032
56223;2020-02-29;T19-20;SP2;Santander;Zaragoza;2;2;0,0;1;0,2917;0,3843;0,324
44380;2020-02-29;T19-20;SP1;Valencia;Betis;2;1;1,0;1;0,1944;0,6744;0,1312
56221;2020-02-29;T19-20;SP2;Cadiz;Almeria;2;1;1,0;1;0,2583;0,5773;0,1644
56222;2020-02-29;T19-20;SP2;Albacete;Vallecano;1;1;0,0;1;0,2958;0,4523;0,2519
56219;2020-02-29;T19-20;SP2;Huesca;Extremadura;2;2;0,0;1;0,2589;0,5599;0,1812
5894;2020-02-29;T19-20;D1;Dortmund;Freiburg;1;0;1,0;1;0,2129;0,5976;0,1895
5895;2020-02-29;T19-20;D1;Hoffenheim;Bayern Munich;0;6;2,0;2;0,1951;0,2453;0,5596
26098;2020-02-29;T19-20;F1;Toulouse;Rennes;0;2;2,0;1;0,2966;0,4819;0,2215
56220;2020-02-29;T19-20;SP2;Ponferradina;Sp Gijon;1;0;1,0;1;0,2887;0,4959;0,2153
44381;2020-02-29;T19-20;SP1;Leganes;Alaves;1;1;0,0;1;0,2859;0,3711;0,343
34389;2020-03-01;T19-20;I1;Lecce;Atalanta;2;7;2,0;2;0,2373;0,3367;0,426
34390;2020-03-01;T19-20;I1;Cagliari;Roma;3;4;2,0;2;0,1776;0,2293;0,5931
5898;2020-03-01;T19-20;D1;Union Berlin;Wolfsburg;2;2;0,0;1;0,2945;0,4384;0,2671
56224;2020-03-01;T19-20;SP2;Mirandes;Girona;1;1;0,0;1;0,2839;0,4701;0,2461
5899;2020-03-01;T19-20;D1;RB Leipzig;Leverkusen;1;1;0,0;2;0,2581;0,3273;0,4147
56226;2020-03-01;T19-20;SP2;La Coruna;Lugo;0;0;0,0;1;0,2815;0,5161;0,2023
56227;2020-03-01;T19-20;SP2;Fuenlabrada;Alcorcon;3;4;2,0;1;0,3011;0,4308;0,268
56228;2020-03-01;T19-20;SP2;Oviedo;Tenerife;1;0;1,0;1;0,2817;0,5098;0,2085
56225;2020-03-01;T19-20;SP2;Elche;Numancia;2;0;1,0;1;0,2434;0,5793;0,1774
26101;2020-03-01;T19-20;F1;Lyon;St Etienne;2;0;1,0;1;0,1272;0,7651;0,1076
26100;2020-03-01;T19-20;F1;Bordeaux;Nice;1;1;0,0;1;0,2048;0,6406;0,1546
26099;2020-03-01;T19-20;F1;Nantes;Lille;0;1;2,0;2;0,2871;0,3191;0,3938
44383;2020-03-01;T19-20;SP1;Sevilla;Osasuna;3;2;1,0;1;0,2563;0,5937;0,15
44385;2020-03-01;T19-20;SP1;Espanol;Ath Madrid;1;1;0,0;2;0,2546;0,2739;0,4715
44386;2020-03-01;T19-20;SP1;Mallorca;Getafe;0;1;2,0;1;0,2758;0,4841;0,2401
44384;2020-03-01;T19-20;SP1;Ath Bilbao;Villarreal;1;0;1,0;1;0,2453;0,6017;0,153
15829;2020-03-01;T19-20;E0;Tottenham;Wolves;2;3;2,0;1;0,1584;0,709;0,1325
15828;2020-03-01;T19-20;E0;Everton;Man United;1;1;0,0;2;0,1813;0,2035;0,6152
44387;2020-03-01;T19-20;SP1;Real Madrid;Barcelona;2;0;1,0;2;0,1149;0,2464;0,6387
44388;2020-03-06;T19-20;SP1;Alaves;Valencia;1;1;0,0;2;0,2247;0,2061;0,5691
56229;2020-03-06;T19-20;SP2;Lugo;Cadiz;1;1;0,0;1;0,296;0,4226;0,2814
5900;2020-03-06;T19-20;D1;Paderborn;FC Koln;1;2;2,0;1;0,2891;0,3923;0,3186
26102;2020-03-06;T19-20;F1;Marseille;Amiens;2;2;0,0;1;0,1831;0,699;0,1179
5906;2020-03-07;T19-20;D1;M'gladbach;Dortmund;1;2;2,0;2;0,2535;0,3069;0,4396
5903;2020-03-07;T19-20;D1;Leverkusen;Ein Frankfurt;4;0;1,0;1;0,235;0,6326;0,1324
5904;2020-03-07;T19-20;D1;Schalke 04;Hoffenheim;1;1;0,0;1;0,1951;0,6872;0,1178
5905;2020-03-07;T19-20;D1;Wolfsburg;RB Leipzig;0;0;0,0;1;0,2773;0,4407;0,282
15836;2020-03-07;T19-20;E0;Burnley;Tottenham;1;1;0,0;2;0,2212;0,2272;0,5516
56234;2020-03-07;T19-20;SP2;Almeria;La Coruna;4;0;1,0;1;0,2649;0,5348;0,2002
15834;2020-03-07;T19-20;E0;Southampton;Newcastle;0;1;2,0;1;0,2848;0,4433;0,2719
15833;2020-03-07;T19-20;E0;Sheffield United;Norwich;1;0;1,0;1;0,2938;0,4233;0,2829
15832;2020-03-07;T19-20;E0;Crystal Palace;Watford;1;0;1,0;1;0,2784;0,3658;0,3558
15831;2020-03-07;T19-20;E0;Arsenal;West Ham;1;0;1,0;1;0,1708;0,6857;0,1435
15830;2020-03-07;T19-20;E0;Liverpool;Bournemouth;2;1;1,0;1;0,1229;0,7444;0,1327
15835;2020-03-07;T19-20;E0;Wolves;Brighton;0;0;0,0;2;0,2638;0,3404;0,3958
56233;2020-03-07;T19-20;SP2;Numancia;Santander;1;2;2,0;1;0,2398;0,6079;0,1524
44392;2020-03-07;T19-20;SP1;Getafe;Celta;0;0;0,0;1;0,2697;0,5087;0,2216
56231;2020-03-07;T19-20;SP2;Girona;Albacete;1;1;0,0;1;0,2324;0,5826;0,1851
56232;2020-03-07;T19-20;SP2;Huesca;Fuenlabrada;2;0;1,0;1;0,2759;0,5018;0,2223
26106;2020-03-07;T19-20;F1;Nice;Monaco;2;1;1,0;1;0,2796;0,4443;0,2761
26105;2020-03-07;T19-20;F1;Metz;Nimes;2;1;1,0;2;0,2151;0,283;0,5019
26104;2020-03-07;T19-20;F1;Dijon;Toulouse;2;1;1,0;1;0,2857;0,4103;0,304
26103;2020-03-07;T19-20;F1;Angers;Nantes;2;0;1,0;1;0,2973;0,44;0,2626
44389;2020-03-07;T19-20;SP1;Eibar;Mallorca;1;2;2,0;1;0,2934;0,4294;0,2772
44390;2020-03-07;T19-20;SP1;Ath Madrid;Sevilla;2;2;0,0;1;0,1668;0,683;0,1502
44391;2020-03-07;T19-20;SP1;Barcelona;Sociedad;1;0;1,0;1;0,0739;0,805;0,1212
26107;2020-03-07;T19-20;F1;Reims;Brest;1;0;1,0;1;0,295;0,4546;0,2503
5901;2020-03-07;T19-20;D1;Freiburg;Union Berlin;3;1;1,0;2;0,2687;0,2981;0,4332
56230;2020-03-07;T19-20;SP2;Extremadura;Oviedo;1;2;2,0;1;0,2964;0,3663;0,3372
5902;2020-03-07;T19-20;D1;Hertha;Werder Bremen;2;2;0,0;1;0,268;0,5362;0,1958
26110;2020-03-08;T19-20;F1;Lille;Lyon;1;0;1,0;1;0,2784;0,3956;0,326
26109;2020-03-08;T19-20;F1;Rennes;Montpellier;5;0;1,0;1;0,2399;0,5983;0,1618
26108;2020-03-08;T19-20;F1;St Etienne;Bordeaux;1;1;0,0;1;0,2426;0,5976;0,1598
5907;2020-03-08;T19-20;D1;Bayern Munich;Augsburg;2;0;1,0;1;0,1179;0,7449;0,1372
5908;2020-03-08;T19-20;D1;Mainz;Fortuna Dusseldorf;1;1;0,0;1;0,2747;0,5191;0,2062
34393;2020-03-08;T19-20;I1;Sampdoria;Verona;2;1;1,0;1;0,2495;0,5438;0,2067
56237;2020-03-08;T19-20;SP2;Alcorcon;Mirandes;1;2;2,0;1;0,2617;0,5626;0,1757
15838;2020-03-08;T19-20;E0;Man United;Man City;2;0;1,0;1;0,1799;0,6765;0,1435
15837;2020-03-08;T19-20;E0;Chelsea;Everton;4;0;1,0;1;0,1232;0,7383;0,1385
56235;2020-03-08;T19-20;SP2;Vallecano;Elche;2;3;2,0;1;0,2665;0,5481;0,1853
56236;2020-03-08;T19-20;SP2;Malaga;Zaragoza;0;1;2,0;1;0,2976;0,451;0,2514
34394;2020-03-08;T19-20;I1;Udinese;Fiorentina;0;0;0,0;1;0,266;0,5446;0,1895
56239;2020-03-08;T19-20;SP2;Tenerife;Ponferradina;1;0;1,0;1;0,2385;0,5909;0,1706
34391;2020-03-08;T19-20;I1;Parma;Spal;0;1;2,0;1;0,2686;0,5532;0,1782
34392;2020-03-08;T19-20;I1;Milan;Genoa;1;2;2,0;1;0,1568;0,7027;0,1405
44393;2020-03-08;T19-20;SP1;Osasuna;Espanol;1;0;1,0;1;0,2815;0,4006;0,3179
44394;2020-03-08;T19-20;SP1;Valladolid;Ath Bilbao;1;4;2,0;1;0,2885;0,3938;0,3177
44395;2020-03-08;T19-20;SP1;Levante;Granada;1;1;0,0;1;0,2965;0,3888;0,3147
34395;2020-03-08;T19-20;I1;Juventus;Inter;2;0;1,0;1;0,2721;0,5434;0,1844
44397;2020-03-08;T19-20;SP1;Betis;Real Madrid;2;1;1,0;2;0,2288;0,2075;0,5637
44396;2020-03-08;T19-20;SP1;Villarreal;Leganes;1;2;2,0;1;0,2125;0,6617;0,1258
56238;2020-03-08;T19-20;SP2;Sp Gijon;Las Palmas;4;0;1,0;1;0,2206;0,6203;0,159
15839;2020-03-09;T19-20;E0;Leicester;Aston Villa;4;0;1,0;1;0,2759;0,4459;0,2781
34396;2020-03-09;T19-20;I1;Sassuolo;Brescia;3;0;1,0;2;0,2851;0,3564;0,3585
44398;2020-03-10;T19-20;SP1;Eibar;Sociedad;1;2;2,0;1;0,2852;0,453;0,2618
5909;2020-03-11;T19-20;D1;M'gladbach;FC Koln;2;1;1,0;1;0,2558;0,5642;0,1799
5910;2020-05-16;T19-20;D1;Augsburg;Wolfsburg;1;2;2,0;2;0,2822;0,3483;0,3695
5911;2020-05-16;T19-20;D1;Dortmund;Schalke 04;4;0;1,0;1;0,1455;0,6468;0,2077
5915;2020-05-16;T19-20;D1;Ein Frankfurt;M'gladbach;1;3;2,0;1;0,2965;0,4128;0,2906
5913;2020-05-16;T19-20;D1;Hoffenheim;Hertha;0;3;2,0;1;0,2752;0,5074;0,2174
5914;2020-05-16;T19-20;D1;RB Leipzig;Freiburg;1;1;0,0;1;0,2812;0,4805;0,2383
5912;2020-05-16;T19-20;D1;Fortuna Dusseldorf;Paderborn;0;0;0,0;2;0,2901;0,3518;0,3581
5916;2020-05-17;T19-20;D1;FC Koln;Mainz;2;2;0,0;1;0,2922;0,3701;0,3377
5917;2020-05-17;T19-20;D1;Union Berlin;Bayern Munich;0;2;2,0;2;0,2034;0,1591;0,6375
5918;2020-05-18;T19-20;D1;Werder Bremen;Leverkusen;1;4;2,0;1;0,2724;0,3794;0,3482
5919;2020-05-22;T19-20;D1;Hertha;Union Berlin;4;0;1,0;1;0,2662;0,5394;0,1944
5920;2020-05-23;T19-20;D1;Freiburg;Werder Bremen;0;1;2,0;2;0,2683;0,3024;0,4292
5922;2020-05-23;T19-20;D1;Paderborn;Hoffenheim;1;1;0,0;2;0,2685;0,3367;0,3948
5924;2020-05-23;T19-20;D1;Bayern Munich;Ein Frankfurt;5;2;1,0;1;0,1284;0,7371;0,1345
5923;2020-05-23;T19-20;D1;Wolfsburg;Dortmund;0;2;2,0;2;0,2569;0,3066;0,4365
5921;2020-05-23;T19-20;D1;M'gladbach;Leverkusen;1;3;2,0;2;0,2604;0,3611;0,3785
5927;2020-05-24;T19-20;D1;FC Koln;Fortuna Dusseldorf;2;2;0,0;2;0,2555;0,3151;0,4294
5926;2020-05-24;T19-20;D1;Mainz;RB Leipzig;0;5;2,0;2;0,2812;0,299;0,4199
5925;2020-05-24;T19-20;D1;Schalke 04;Augsburg;0;3;2,0;1;0,1909;0,6724;0,1367
5929;2020-05-26;T19-20;D1;Ein Frankfurt;Freiburg;3;3;0,0;1;0,2867;0,4202;0,2932
5928;2020-05-26;T19-20;D1;Dortmund;Bayern Munich;0;1;2,0;2;0,1311;0,139;0,7299
5931;2020-05-26;T19-20;D1;Werder Bremen;M'gladbach;0;0;0,0;1;0,2354;0,5932;0,1714
5930;2020-05-26;T19-20;D1;Leverkusen;Wolfsburg;1;4;2,0;1;0,1759;0,6942;0,1299
5932;2020-05-27;T19-20;D1;RB Leipzig;Hertha;2;2;0,0;1;0,2634;0,5328;0,2039
5933;2020-05-27;T19-20;D1;Augsburg;Paderborn;0;0;0,0;2;0,2853;0,3476;0,367
5934;2020-05-27;T19-20;D1;Fortuna Dusseldorf;Schalke 04;2;1;1,0;2;0,2468;0,2263;0,5269
5935;2020-05-27;T19-20;D1;Hoffenheim;FC Koln;3;1;1,0;1;0,2794;0,4905;0,2301
5936;2020-05-27;T19-20;D1;Union Berlin;Mainz;1;1;0,0;1;0,2892;0,4554;0,2554
5937;2020-05-29;T19-20;D1;Freiburg;Leverkusen;0;1;2,0;2;0,2204;0,221;0,5587
5940;2020-05-30;T19-20;D1;Schalke 04;Werder Bremen;0;1;2,0;1;0,2232;0,642;0,1348
5939;2020-05-30;T19-20;D1;Mainz;Hoffenheim;0;1;2,0;1;0,2754;0,5115;0,2131
5941;2020-05-30;T19-20;D1;Wolfsburg;Ein Frankfurt;1;2;2,0;1;0,2585;0,5595;0,182
5938;2020-05-30;T19-20;D1;Hertha;Augsburg;2;0;1,0;1;0,2777;0,5209;0,2014
5942;2020-05-30;T19-20;D1;Bayern Munich;Fortuna Dusseldorf;5;0;1,0;1;0,0931;0,7586;0,1483
5943;2020-05-31;T19-20;D1;M'gladbach;Union Berlin;4;1;1,0;1;0,2375;0,6031;0,1594
5944;2020-05-31;T19-20;D1;Paderborn;Dortmund;1;6;2,0;2;0,2124;0,1985;0,5892
5945;2020-06-01;T19-20;D1;FC Koln;RB Leipzig;2;4;2,0;2;0,1904;0,2024;0,6072
5946;2020-06-03;T19-20;D1;Werder Bremen;Ein Frankfurt;0;3;2,0;1;0,2446;0,588;0,1674
5947;2020-06-05;T19-20;D1;Freiburg;M'gladbach;1;0;1,0;1;0,2966;0,4049;0,2985
5951;2020-06-06;T19-20;D1;RB Leipzig;Paderborn;1;1;0,0;1;0,2669;0,5565;0,1765
5950;2020-06-06;T19-20;D1;Leverkusen;Bayern Munich;2;4;2,0;2;0,1153;0,1036;0,7811
5952;2020-06-06;T19-20;D1;Dortmund;Hertha;1;0;1,0;1;0,127;0,7751;0,0978
5948;2020-06-06;T19-20;D1;Ein Frankfurt;Mainz;0;2;2,0;1;0,2885;0,4403;0,2713
5949;2020-06-06;T19-20;D1;Fortuna Dusseldorf;Hoffenheim;2;2;0,0;1;0,292;0,3564;0,3515
5953;2020-06-07;T19-20;D1;Werder Bremen;Wolfsburg;0;1;2,0;1;0,2315;0,6151;0,1534
5954;2020-06-07;T19-20;D1;Union Berlin;Schalke 04;1;1;0,0;2;0,2569;0,2466;0,4964
5955;2020-06-07;T19-20;D1;Augsburg;FC Koln;1;1;0,0;1;0,2867;0,3997;0,3137
56240;2020-06-10;T19-20;SP2;Vallecano;Albacete;1;0;1,0;1;0,2478;0,5464;0,2058
44399;2020-06-11;T19-20;SP1;Sevilla;Betis;2;0;1,0;1;0,202;0,6588;0,1392
56244;2020-06-12;T19-20;SP2;Oviedo;Ponferradina;0;0;0,0;1;0,2814;0,5123;0,2063
56243;2020-06-12;T19-20;SP2;Malaga;Huesca;1;3;2,0;1;0,2737;0,5376;0,1887
56242;2020-06-12;T19-20;SP2;Fuenlabrada;Tenerife;1;0;1,0;1;0,2968;0,4456;0,2576
44401;2020-06-12;T19-20;SP1;Valencia;Levante;1;1;0,0;1;0,2007;0,6109;0,1884
44400;2020-06-12;T19-20;SP1;Granada;Getafe;2;1;1,0;1;0,3104;0,3661;0,3234
5956;2020-06-12;T19-20;D1;Hoffenheim;RB Leipzig;0;2;2,0;2;0,2819;0,341;0,3771
56241;2020-06-12;T19-20;SP2;Elche;Extremadura;1;1;0,0;1;0,2476;0,5925;0,1599
5961;2020-06-13;T19-20;D1;Wolfsburg;Freiburg;2;2;0,0;1;0,2625;0,5347;0,2029
5962;2020-06-13;T19-20;D1;Bayern Munich;M'gladbach;2;1;1,0;1;0,1286;0,7408;0,1306
5960;2020-06-13;T19-20;D1;Paderborn;Werder Bremen;1;5;2,0;2;0,2555;0,2732;0,4712
5959;2020-06-13;T19-20;D1;Hertha;Ein Frankfurt;1;4;2,0;1;0,2783;0,493;0,2287
44403;2020-06-13;T19-20;SP1;Celta;Villarreal;0;1;2,0;1;0,2727;0,5266;0,2007
56247;2020-06-13;T19-20;SP2;Zaragoza;Alcorcon;1;3;2,0;1;0,2592;0,5674;0,1734
56246;2020-06-13;T19-20;SP2;Las Palmas;Girona;0;0;0,0;1;0,256;0,5803;0,1637
56245;2020-06-13;T19-20;SP2;Santander;Lugo;1;2;2,0;1;0,2942;0,4457;0,2601
44404;2020-06-13;T19-20;SP1;Leganes;Valladolid;1;2;2,0;1;0,2852;0,4032;0,3116
44405;2020-06-13;T19-20;SP1;Mallorca;Barcelona;0;4;2,0;2;0,235;0,2154;0,5496
5957;2020-06-13;T19-20;D1;FC Koln;Union Berlin;1;2;2,0;2;0,2357;0,2702;0,4941
5958;2020-06-13;T19-20;D1;Fortuna Dusseldorf;Dortmund;0;1;2,0;2;0,2013;0,2338;0,5648
44402;2020-06-13;T19-20;SP1;Espanol;Alaves;2;0;1,0;1;0,2805;0,505;0,2145
44406;2020-06-14;T19-20;SP1;Ath Bilbao;Ath Madrid;1;1;0,0;1;0,2552;0,3742;0,3706
44407;2020-06-14;T19-20;SP1;Real Madrid;Eibar;3;1;1,0;1;0,108;0,7395;0,1525
5963;2020-06-14;T19-20;D1;Mainz;Augsburg;0;1;2,0;1;0,2922;0,4916;0,2162
44408;2020-06-14;T19-20;SP1;Sociedad;Osasuna;1;1;0,0;1;0,2742;0,5027;0,2231
5964;2020-06-14;T19-20;D1;Schalke 04;Leverkusen;1;1;0,0;1;0,291;0,4026;0,3064
56250;2020-06-14;T19-20;SP2;Albacete;Almeria;0;1;2,0;1;0,2744;0,5223;0,2033
56249;2020-06-14;T19-20;SP2;Mirandes;Numancia;2;1;1,0;1;0,2974;0,4508;0,2517
56248;2020-06-14;T19-20;SP2;La Coruna;Sp Gijon;0;0;0,0;1;0,2801;0,5222;0,1977
56251;2020-06-14;T19-20;SP2;Cadiz;Vallecano;1;1;0,0;1;0,2663;0,5215;0,2122
44409;2020-06-15;T19-20;SP1;Levante;Sevilla;1;1;0,0;2;0,2569;0,273;0,4701
44410;2020-06-15;T19-20;SP1;Betis;Granada;2;2;0,0;1;0,2842;0,4399;0,2759
56252;2020-06-15;T19-20;SP2;Ponferradina;Elche;2;1;1,0;1;0,2835;0,5055;0,211
56253;2020-06-15;T19-20;SP2;Tenerife;Malaga;0;0;0,0;1;0,2596;0,5521;0,1883
44411;2020-06-16;T19-20;SP1;Getafe;Espanol;0;0;0,0;1;0,2706;0,4584;0,271
56254;2020-06-16;T19-20;SP2;Lugo;Zaragoza;1;3;2,0;1;0,2957;0,4186;0,2858
56255;2020-06-16;T19-20;SP2;Girona;Santander;0;0;0,0;1;0,2424;0,6029;0,1547
44412;2020-06-16;T19-20;SP1;Villarreal;Mallorca;1;0;1,0;1;0,218;0,6287;0,1533
44413;2020-06-16;T19-20;SP1;Barcelona;Leganes;2;0;1,0;1;0,091;0,7544;0,1545
5965;2020-06-16;T19-20;D1;M'gladbach;Wolfsburg;3;0;1,0;1;0,2348;0,6038;0,1614
5966;2020-06-16;T19-20;D1;Freiburg;Hertha;2;1;1,0;2;0,2758;0,3476;0,3766
5967;2020-06-16;T19-20;D1;Union Berlin;Paderborn;1;0;1,0;1;0,2903;0,4485;0,2612
5968;2020-06-16;T19-20;D1;Werder Bremen;Bayern Munich;0;1;2,0;2;0,1395;0,2902;0,5703
44414;2020-06-17;T19-20;SP1;Eibar;Ath Bilbao;2;2;0,0;1;0,2813;0,4175;0,3013
44415;2020-06-17;T19-20;SP1;Valladolid;Celta;0;0;0,0;1;0,2797;0,3703;0,35
56257;2020-06-17;T19-20;SP2;Extremadura;Albacete;0;1;2,0;1;0,2997;0,4222;0,2781
15841;2020-06-17;T19-20;E0;Man City;Arsenal;3;0;1,0;1;0,2657;0,4217;0,3126
5970;2020-06-17;T19-20;D1;Augsburg;Hoffenheim;1;3;2,0;2;0,277;0,3407;0,3824
56258;2020-06-17;T19-20;SP2;Oviedo;La Coruna;2;2;0,0;1;0,2924;0,4313;0,2762
56259;2020-06-17;T19-20;SP2;Vallecano;Fuenlabrada;1;0;1,0;1;0,2711;0,5174;0,2115
5971;2020-06-17;T19-20;D1;Dortmund;Mainz;0;2;2,0;1;0,119;0,8038;0,0772
44416;2020-06-17;T19-20;SP1;Osasuna;Ath Madrid;0;5;2,0;2;0,2084;0,1791;0,6124
56256;2020-06-17;T19-20;SP2;Almeria;Las Palmas;0;1;2,0;1;0,2338;0,5953;0,1709
5973;2020-06-17;T19-20;D1;RB Leipzig;Fortuna Dusseldorf;2;2;0,0;1;0,2688;0,5518;0,1793
5972;2020-06-17;T19-20;D1;Leverkusen;FC Koln;3;1;1,0;1;0,2354;0,6321;0,1324
5969;2020-06-17;T19-20;D1;Ein Frankfurt;Schalke 04;2;1;1,0;2;0,2485;0,2282;0,5233
15840;2020-06-17;T19-20;E0;Aston Villa;Sheffield United;0;0;0,0;1;0,2905;0,4646;0,2449
44417;2020-06-18;T19-20;SP1;Alaves;Sociedad;2;0;1,0;1;0,2867;0,436;0,2774
44418;2020-06-18;T19-20;SP1;Real Madrid;Valencia;3;0;1,0;1;0,1459;0,6308;0,2234
56260;2020-06-18;T19-20;SP2;Huesca;Mirandes;1;2;2,0;1;0,2735;0,5323;0,1942
56261;2020-06-18;T19-20;SP2;Numancia;Cadiz;1;2;2,0;1;0,2619;0,5473;0,1908
56262;2020-06-18;T19-20;SP2;Alcorcon;Sp Gijon;0;2;2,0;1;0,2697;0,524;0,2063
44419;2020-06-19;T19-20;SP1;Granada;Villarreal;0;1;2,0;2;0,2573;0,3141;0,4285
15843;2020-06-19;T19-20;E0;Tottenham;Man United;1;1;0,0;2;0,1753;0,2237;0,601
15842;2020-06-19;T19-20;E0;Norwich;Southampton;0;3;2,0;1;0,2827;0,3874;0,3299
56263;2020-06-19;T19-20;SP2;Elche;Girona;1;0;1,0;1;0,2475;0,5975;0,1549
44421;2020-06-19;T19-20;SP1;Sevilla;Barcelona;0;0;0,0;2;0,0978;0,0802;0,822
44420;2020-06-19;T19-20;SP1;Mallorca;Leganes;1;1;0,0;1;0,283;0,5226;0,1944
5981;2020-06-20;T19-20;D1;RB Leipzig;Dortmund;0;2;2,0;2;0,2467;0,2967;0,4566
56267;2020-06-20;T19-20;SP2;Malaga;Extremadura;1;1;0,0;1;0,2664;0,5532;0,1805
56266;2020-06-20;T19-20;SP2;Zaragoza;Almeria;0;2;2,0;1;0,2623;0,5697;0,1681
56265;2020-06-20;T19-20;SP2;Las Palmas;Lugo;1;0;1,0;1;0,2549;0,5641;0,181
56264;2020-06-20;T19-20;SP2;La Coruna;Vallecano;3;3;0,0;1;0,2866;0,4871;0,2264
5982;2020-06-20;T19-20;D1;Schalke 04;Wolfsburg;1;4;2,0;1;0,1954;0,6732;0,1313
44425;2020-06-20;T19-20;SP1;Ath Madrid;Valladolid;1;0;1,0;1;0,1784;0,6698;0,1519
34398;2020-06-20;T19-20;I1;Verona;Cagliari;2;1;1,0;1;0,2724;0,364;0,3636
34397;2020-06-20;T19-20;I1;Torino;Parma;1;1;0,0;1;0,2786;0,4177;0,3037
44424;2020-06-20;T19-20;SP1;Getafe;Eibar;1;1;0,0;1;0,2751;0,5273;0,1976
44423;2020-06-20;T19-20;SP1;Ath Bilbao;Betis;1;0;1,0;1;0,2562;0,5548;0,1891
44422;2020-06-20;T19-20;SP1;Espanol;Levante;1;3;2,0;1;0,2845;0,456;0,2596
15844;2020-06-20;T19-20;E0;Watford;Leicester;1;1;0,0;2;0,2629;0,3561;0,3809
15845;2020-06-20;T19-20;E0;Brighton;Arsenal;2;1;1,0;2;0,1637;0,2205;0,6158
15846;2020-06-20;T19-20;E0;West Ham;Wolves;0;2;2,0;1;0,289;0,3854;0,3256
15847;2020-06-20;T19-20;E0;Bournemouth;Crystal Palace;0;2;2,0;1;0,2802;0,3931;0,3267
5974;2020-06-20;T19-20;D1;Bayern Munich;Freiburg;3;1;1,0;1;0,1397;0,7348;0,1256
5975;2020-06-20;T19-20;D1;FC Koln;Ein Frankfurt;1;1;0,0;1;0,2955;0,3633;0,3412
5976;2020-06-20;T19-20;D1;Fortuna Dusseldorf;Augsburg;1;1;0,0;2;0,2788;0,3519;0,3693
5977;2020-06-20;T19-20;D1;Hertha;Leverkusen;2;0;1,0;2;0,2517;0,3293;0,419
5978;2020-06-20;T19-20;D1;Hoffenheim;Union Berlin;4;0;1,0;1;0,2622;0,5483;0,1895
5979;2020-06-20;T19-20;D1;Mainz;Werder Bremen;3;1;1,0;1;0,2854;0,4918;0,2228
5980;2020-06-20;T19-20;D1;Paderborn;M'gladbach;1;3;2,0;1;0,3217;0,3941;0,2842
15848;2020-06-21;T19-20;E0;Newcastle;Sheffield United;3;0;1,0;1;0,2645;0,5579;0,1776
15849;2020-06-21;T19-20;E0;Aston Villa;Chelsea;1;2;2,0;2;0,2186;0,2101;0,5713
15850;2020-06-21;T19-20;E0;Everton;Liverpool;0;0;0,0;2;0,2418;0,3208;0,4374
56268;2020-06-21;T19-20;SP2;Mirandes;Ponferradina;1;2;2,0;1;0,2954;0,4465;0,2581
56269;2020-06-21;T19-20;SP2;Santander;Tenerife;1;2;2,0;1;0,2961;0,4428;0,261
44426;2020-06-21;T19-20;SP1;Celta;Alaves;6;0;1,0;1;0,2819;0,5025;0,2156
56271;2020-06-21;T19-20;SP2;Cadiz;Alcorcon;1;1;0,0;1;0,2545;0,5759;0,1696
56272;2020-06-21;T19-20;SP2;Fuenlabrada;Numancia;2;0;1,0;1;0,2976;0,4516;0,2508
44427;2020-06-21;T19-20;SP1;Valencia;Osasuna;2;0;1,0;1;0,2017;0,5786;0,2197
44428;2020-06-21;T19-20;SP1;Sociedad;Real Madrid;1;2;2,0;2;0,1632;0,3229;0,5139
34399;2020-06-21;T19-20;I1;Atalanta;Sassuolo;4;1;1,0;1;0,2702;0,5438;0,186
34400;2020-06-21;T19-20;I1;Inter;Sampdoria;2;1;1,0;1;0,1602;0,7362;0,1035
56270;2020-06-21;T19-20;SP2;Albacete;Huesca;2;2;0,0;1;0,28;0,5148;0,2052
44429;2020-06-22;T19-20;SP1;Villarreal;Sevilla;2;2;0,0;1;0,2429;0,6077;0,1494
44430;2020-06-22;T19-20;SP1;Leganes;Granada;0;0;0,0;1;0,2935;0,4009;0,3056
15851;2020-06-22;T19-20;E0;Man City;Burnley;5;0;1,0;1;0,131;0,7739;0,0951
34402;2020-06-22;T19-20;I1;Lecce;Milan;1;4;2,0;2;0,1529;0,1721;0,675
34403;2020-06-22;T19-20;I1;Bologna;Juventus;0;2;2,0;2;0,1702;0,1516;0,6782
34401;2020-06-22;T19-20;I1;Fiorentina;Brescia;1;1;0,0;1;0,2225;0,6331;0,1444
56273;2020-06-22;T19-20;SP2;Sp Gijon;Oviedo;0;1;2,0;1;0,222;0,6419;0,1361
34406;2020-06-23;T19-20;I1;Genoa;Parma;1;4;2,0;1;0,2759;0,4508;0,2733
34404;2020-06-23;T19-20;I1;Spal;Cagliari;0;1;2,0;1;0,274;0,3678;0,3582
34405;2020-06-23;T19-20;I1;Verona;Napoli;0;2;2,0;2;0,2207;0,2202;0,5591
34407;2020-06-23;T19-20;I1;Torino;Udinese;1;0;1,0;1;0,2833;0,4238;0,2929
15853;2020-06-23;T19-20;E0;Tottenham;West Ham;2;0;1,0;1;0,2291;0,5904;0,1805
44433;2020-06-23;T19-20;SP1;Barcelona;Ath Bilbao;1;0;1,0;1;0,1266;0,7435;0,1299
15852;2020-06-23;T19-20;E0;Leicester;Brighton;0;0;0,0;1;0,2828;0,4948;0,2224
44431;2020-06-23;T19-20;SP1;Levante;Ath Madrid;0;1;2,0;2;0,2194;0,2256;0,5551
56276;2020-06-23;T19-20;SP2;Extremadura;Zaragoza;1;2;2,0;2;0,2722;0,2521;0,4757
56275;2020-06-23;T19-20;SP2;Lugo;Malaga;0;0;0,0;1;0,2943;0,4326;0,2731
56274;2020-06-23;T19-20;SP2;Elche;La Coruna;0;1;2,0;1;0,2694;0,5016;0,229
44432;2020-06-23;T19-20;SP1;Valladolid;Getafe;1;1;0,0;1;0,2939;0,3945;0,3115
15857;2020-06-24;T19-20;E0;Wolves;Bournemouth;1;0;1,0;2;0,2657;0,3596;0,3747
15856;2020-06-24;T19-20;E0;Norwich;Everton;0;1;2,0;2;0,261;0,3473;0,3917
15855;2020-06-24;T19-20;E0;Newcastle;Aston Villa;1;1;0,0;1;0,2662;0,5172;0,2165
15854;2020-06-24;T19-20;E0;Man United;Sheffield United;3;0;1,0;1;0,0917;0,7649;0,1434
15858;2020-06-24;T19-20;E0;Liverpool;Crystal Palace;4;0;1,0;1;0,123;0,7429;0,1341
34410;2020-06-24;T19-20;I1;Roma;Sampdoria;2;1;1,0;1;0,1666;0,7261;0,1072
44434;2020-06-24;T19-20;SP1;Alaves;Osasuna;0;1;2,0;1;0,2867;0,4222;0,2912
56279;2020-06-24;T19-20;SP2;Tenerife;Mirandes;4;1;1,0;1;0,2416;0,6024;0,156
56280;2020-06-24;T19-20;SP2;Albacete;Las Palmas;0;0;0,0;1;0,2889;0,4843;0,2268
56281;2020-06-24;T19-20;SP2;Ponferradina;Santander;1;1;0,0;1;0,2682;0,5378;0,1941
34409;2020-06-24;T19-20;I1;Atalanta;Lazio;3;2;1,0;2;0,2592;0,3597;0,3811
56277;2020-06-24;T19-20;SP2;Girona;Numancia;2;0;1,0;1;0,2348;0,5917;0,1735
34408;2020-06-24;T19-20;I1;Inter;Sassuolo;3;3;0,0;1;0,1385;0,745;0,1165
56278;2020-06-24;T19-20;SP2;Huesca;Cadiz;1;1;0,0;1;0,2776;0,4648;0,2576
44436;2020-06-24;T19-20;SP1;Real Madrid;Mallorca;2;0;1,0;1;0,1557;0,7095;0,1349
44435;2020-06-24;T19-20;SP1;Sociedad;Celta;0;1;2,0;1;0,2436;0,5697;0,1868
56283;2020-06-25;T19-20;SP2;Vallecano;Sp Gijon;1;1;0,0;1;0,2694;0,5248;0,2058
15859;2020-06-25;T19-20;E0;Burnley;Watford;1;0;1,0;2;0,2828;0,3559;0,3613
15860;2020-06-25;T19-20;E0;Southampton;Arsenal;0;2;2,0;2;0,2314;0,2464;0,5222
56282;2020-06-25;T19-20;SP2;Almeria;Alcorcon;0;1;2,0;1;0,2409;0,6046;0,1545
44438;2020-06-25;T19-20;SP1;Betis;Espanol;1;0;1,0;1;0,281;0,4351;0,284
44437;2020-06-25;T19-20;SP1;Eibar;Valencia;1;0;1,0;2;0,2442;0,2419;0,5139
56284;2020-06-25;T19-20;SP2;Oviedo;Fuenlabrada;0;0;0,0;1;0,2869;0,5008;0,2123
15861;2020-06-25;T19-20;E0;Chelsea;Man City;2;1;1,0;1;0,1861;0,6645;0,1494
34411;2020-06-26;T19-20;I1;Juventus;Lecce;4;0;1,0;1;0,1456;0,6831;0,1713
44439;2020-06-26;T19-20;SP1;Sevilla;Valladolid;1;1;0,0;1;0,2332;0,6276;0,1392
44440;2020-06-27;T19-20;SP1;Ath Bilbao;Mallorca;3;1;1,0;1;0,2557;0,5566;0,1877
5983;2020-06-27;T19-20;D1;Augsburg;RB Leipzig;1;2;2,0;2;0,2131;0,2247;0,5623
34414;2020-06-27;T19-20;I1;Lazio;Fiorentina;2;1;1,0;1;0,2005;0,6718;0,1277
34413;2020-06-27;T19-20;I1;Cagliari;Torino;4;2;1,0;1;0,2965;0,4233;0,2802
34412;2020-06-27;T19-20;I1;Brescia;Genoa;2;2;0,0;1;0,29;0,3913;0,3188
5985;2020-06-27;T19-20;D1;Ein Frankfurt;Paderborn;3;2;1,0;1;0,2945;0,4162;0,2893
5986;2020-06-27;T19-20;D1;Freiburg;Schalke 04;4;0;1,0;2;0,2367;0,2405;0,5228
5984;2020-06-27;T19-20;D1;Dortmund;Hoffenheim;0;4;2,0;1;0,1384;0,7383;0,1233
5988;2020-06-27;T19-20;D1;M'gladbach;Hertha;2;1;1,0;1;0,2298;0,6027;0,1675
5989;2020-06-27;T19-20;D1;Union Berlin;Fortuna Dusseldorf;3;0;1,0;1;0,2883;0,4539;0,2578
5990;2020-06-27;T19-20;D1;Werder Bremen;FC Koln;6;1;1,0;1;0,2455;0,5852;0,1694
5987;2020-06-27;T19-20;D1;Leverkusen;Mainz;1;0;1,0;1;0,1907;0,6771;0,1322
44443;2020-06-27;T19-20;SP1;Ath Madrid;Alaves;2;1;1,0;1;0,1443;0,7462;0,1095
44441;2020-06-27;T19-20;SP1;Celta;Barcelona;2;2;0,0;2;0,1994;0,2023;0,5983
44442;2020-06-27;T19-20;SP1;Osasuna;Leganes;2;1;1,0;2;0,2864;0,3499;0,3637
5991;2020-06-27;T19-20;D1;Wolfsburg;Bayern Munich;0;4;2,0;2;0,1391;0,3352;0,5258
56285;2020-06-27;T19-20;SP2;La Coruna;Ponferradina;2;1;1,0;1;0,2815;0,5137;0,2048
15862;2020-06-27;T19-20;E0;Aston Villa;Wolves;0;1;2,0;1;0,2957;0,4258;0,2785
56287;2020-06-27;T19-20;SP2;Las Palmas;Elche;1;1;0,0;1;0,2535;0,5701;0,1764
56288;2020-06-27;T19-20;SP2;Santander;Albacete;1;2;2,0;1;0,2923;0,4405;0,2672
56286;2020-06-27;T19-20;SP2;Cadiz;Tenerife;0;2;2,0;1;0,2601;0,5518;0,1881
56292;2020-06-28;T19-20;SP2;Numancia;Oviedo;1;0;1,0;1;0,2409;0,6088;0,1503
56293;2020-06-28;T19-20;SP2;Fuenlabrada;Extremadura;1;1;0,0;1;0,2813;0,4911;0,2276
56289;2020-06-28;T19-20;SP2;Mirandes;Almeria;2;2;0,0;1;0,2841;0,4687;0,2472
34415;2020-06-28;T19-20;I1;Milan;Roma;2;0;1,0;1;0,2745;0,4799;0,2457
34416;2020-06-28;T19-20;I1;Napoli;Spal;3;1;1,0;1;0,1875;0,6944;0,118
34417;2020-06-28;T19-20;I1;Sampdoria;Bologna;1;2;2,0;1;0,2805;0,503;0,2165
34418;2020-06-28;T19-20;I1;Sassuolo;Verona;3;3;0,0;1;0,2923;0,3926;0,3151
34419;2020-06-28;T19-20;I1;Udinese;Atalanta;2;3;2,0;1;0,2797;0,5109;0,2093
56290;2020-06-28;T19-20;SP2;Sp Gijon;Lugo;2;0;1,0;1;0,2257;0,6169;0,1574
56291;2020-06-28;T19-20;SP2;Malaga;Girona;2;0;1,0;1;0,2681;0,5473;0,1846
15863;2020-06-28;T19-20;E0;Watford;Southampton;1;3;2,0;2;0,2825;0,3454;0,3722
44447;2020-06-28;T19-20;SP1;Espanol;Real Madrid;0;1;2,0;2;0,215;0,2025;0,5825
34420;2020-06-28;T19-20;I1;Parma;Inter;1;2;2,0;2;0,2244;0,2789;0,4967
44446;2020-06-28;T19-20;SP1;Granada;Eibar;1;2;2,0;2;0,255;0,3396;0,4054
44444;2020-06-28;T19-20;SP1;Levante;Betis;4;2;1,0;1;0,2921;0,3905;0,3174
44445;2020-06-28;T19-20;SP1;Villarreal;Valencia;2;0;1,0;1;0,2822;0,4535;0,2643
56294;2020-06-29;T19-20;SP2;Alcorcon;Vallecano;3;2;1,0;1;0,2716;0,5123;0,2161
56295;2020-06-29;T19-20;SP2;Zaragoza;Huesca;0;1;2,0;1;0,2636;0,5666;0,1698
44448;2020-06-29;T19-20;SP1;Getafe;Sociedad;2;1;1,0;1;0,2741;0,4982;0,2277
15864;2020-06-29;T19-20;E0;Crystal Palace;Burnley;0;1;2,0;1;0,2814;0,3776;0,341
44449;2020-06-30;T19-20;SP1;Mallorca;Celta;5;1;1,0;1;0,2737;0,4985;0,2278
56296;2020-06-30;T19-20;SP2;Tenerife;La Coruna;1;1;0,0;1;0,2672;0,5246;0,2082
34421;2020-06-30;T19-20;I1;Torino;Lazio;1;2;2,0;2;0,2395;0,2346;0,5259
15865;2020-06-30;T19-20;E0;Brighton;Man United;0;3;2,0;2;0,1597;0,1453;0,695
44451;2020-06-30;T19-20;SP1;Barcelona;Ath Madrid;2;2;0,0;1;0,1346;0,6801;0,1853
44450;2020-06-30;T19-20;SP1;Leganes;Sevilla;0;3;2,0;2;0,2716;0,2755;0,4529
34422;2020-06-30;T19-20;I1;Genoa;Juventus;1;3;2,0;2;0,238;0,2147;0,5474
56297;2020-06-30;T19-20;SP2;Elche;Cadiz;0;0;0,0;1;0,2647;0,5281;0,2072
44455;2020-07-01;T19-20;SP1;Valladolid;Levante;0;0;0,0;1;0,287;0,4016;0,3115
34425;2020-07-01;T19-20;I1;Fiorentina;Sassuolo;1;3;2,0;1;0,2195;0,6516;0,1289
34424;2020-07-01;T19-20;I1;Inter;Brescia;6;0;1,0;1;0,1386;0,7527;0,1088
34423;2020-07-01;T19-20;I1;Bologna;Cagliari;1;1;0,0;1;0,2816;0,3969;0,3215
34428;2020-07-01;T19-20;I1;Verona;Parma;3;2;1,0;1;0,2894;0,3871;0,3234
44454;2020-07-01;T19-20;SP1;Betis;Villarreal;0;2;2,0;1;0,2785;0,4953;0,2262
56298;2020-07-01;T19-20;SP2;Almeria;Sp Gijon;1;0;1,0;1;0,2459;0,5831;0,1709
44452;2020-07-01;T19-20;SP1;Alaves;Granada;0;2;2,0;1;0,294;0,4129;0,2931
15869;2020-07-01;T19-20;E0;West Ham;Chelsea;3;2;1,0;2;0,1597;0,178;0,6623
15868;2020-07-01;T19-20;E0;Everton;Leicester;2;1;1,0;1;0,2201;0,6465;0,1334
15867;2020-07-01;T19-20;E0;Bournemouth;Newcastle;1;4;2,0;1;0,2889;0,3959;0,3151
15866;2020-07-01;T19-20;E0;Arsenal;Norwich;4;0;1,0;1;0,1753;0,6986;0,1261
44453;2020-07-01;T19-20;SP1;Valencia;Ath Bilbao;0;2;2,0;1;0,1934;0,6711;0,1355
56302;2020-07-01;T19-20;SP2;Ponferradina;Fuenlabrada;0;3;2,0;1;0,2952;0,4524;0,2524
56301;2020-07-01;T19-20;SP2;Extremadura;Santander;3;1;1,0;1;0,2994;0,3555;0,3451
34426;2020-07-01;T19-20;I1;Lecce;Sampdoria;1;2;2,0;1;0,3081;0,4475;0,2445
56299;2020-07-01;T19-20;SP2;Lugo;Numancia;3;1;1,0;1;0,2934;0,4672;0,2394
34427;2020-07-01;T19-20;I1;Spal;Milan;2;2;0,0;2;0,2115;0,1986;0,5899
56300;2020-07-01;T19-20;SP2;Oviedo;Mirandes;1;0;1,0;1;0,2752;0,5273;0,1975
56303;2020-07-02;T19-20;SP2;Albacete;Alcorcon;1;1;0,0;1;0,2933;0,5;0,2067
56305;2020-07-02;T19-20;SP2;Vallecano;Malaga;0;0;0,0;1;0,274;0,5005;0,2255
44458;2020-07-02;T19-20;SP1;Real Madrid;Getafe;1;0;1,0;1;0,1353;0,7148;0,15
44457;2020-07-02;T19-20;SP1;Sociedad;Espanol;2;1;1,0;1;0,2677;0,4728;0,2595
44456;2020-07-02;T19-20;SP1;Eibar;Osasuna;0;2;2,0;1;0,285;0,4267;0,2883
15870;2020-07-02;T19-20;E0;Sheffield United;Tottenham;3;1;1,0;2;0,2676;0,2673;0,4652
34430;2020-07-02;T19-20;I1;Roma;Udinese;0;2;2,0;1;0,1682;0,661;0,1708
34429;2020-07-02;T19-20;I1;Atalanta;Napoli;2;0;1,0;2;0,2584;0,3321;0,4095
15871;2020-07-02;T19-20;E0;Man City;Liverpool;4;0;1,0;1;0,2778;0,4539;0,2682
56304;2020-07-02;T19-20;SP2;Huesca;Las Palmas;1;0;1,0;1;0,2692;0,5171;0,2137
56306;2020-07-03;T19-20;SP2;Girona;Zaragoza;1;0;1,0;1;0,2609;0,5501;0,189
44459;2020-07-03;T19-20;SP1;Ath Madrid;Mallorca;3;0;1,0;1;0,1773;0,6866;0,1362
44461;2020-07-04;T19-20;SP1;Valladolid;Alaves;1;0;1,0;2;0,278;0,3515;0,3704
34432;2020-07-04;T19-20;I1;Sassuolo;Lecce;4;2;1,0;1;0,2878;0,3979;0,3143
34431;2020-07-04;T19-20;I1;Juventus;Torino;4;1;1,0;1;0,1081;0,7774;0,1145
15876;2020-07-04;T19-20;E0;Chelsea;Watford;3;0;1,0;1;0,1145;0,7662;0,1194
15875;2020-07-04;T19-20;E0;Wolves;Arsenal;0;2;2,0;2;0,1906;0,1797;0,6297
15874;2020-07-04;T19-20;E0;Man United;Bournemouth;5;2;1,0;1;0,1225;0,7333;0,1442
15873;2020-07-04;T19-20;E0;Leicester;Crystal Palace;3;0;1,0;1;0,2986;0,4821;0,2193
15872;2020-07-04;T19-20;E0;Norwich;Brighton;0;1;2,0;2;0,2608;0,3271;0,4122
56311;2020-07-04;T19-20;SP2;Fuenlabrada;Mirandes;2;2;0,0;1;0,3004;0,4401;0,2595
56310;2020-07-04;T19-20;SP2;Cadiz;Oviedo;2;0;1,0;1;0,2574;0,5785;0,1642
56309;2020-07-04;T19-20;SP2;Almeria;Tenerife;1;2;2,0;1;0,2376;0,594;0,1684
56308;2020-07-04;T19-20;SP2;Santander;Elche;1;2;2,0;1;0,2956;0,4296;0,2748
56307;2020-07-04;T19-20;SP2;Numancia;Extremadura;1;0;1,0;1;0,2401;0,6077;0,1523
44462;2020-07-04;T19-20;SP1;Granada;Valencia;2;2;0,0;2;0,1971;0,2084;0,5945
34433;2020-07-04;T19-20;I1;Lazio;Milan;0;3;2,0;1;0,2906;0,4384;0,271
44460;2020-07-04;T19-20;SP1;Celta;Betis;1;1;0,0;1;0,2746;0,4697;0,2557
34437;2020-07-05;T19-20;I1;Parma;Fiorentina;1;2;2,0;1;0,267;0,5409;0,1921
34436;2020-07-05;T19-20;I1;Cagliari;Atalanta;0;1;2,0;1;0,2919;0,413;0,295
34435;2020-07-05;T19-20;I1;Brescia;Verona;2;0;1,0;1;0,2925;0,3923;0,3151
34434;2020-07-05;T19-20;I1;Inter;Bologna;1;2;2,0;1;0,1979;0,6299;0,1722
15880;2020-07-05;T19-20;E0;Southampton;Man City;1;0;1,0;2;0,2305;0,2677;0,5017
15877;2020-07-05;T19-20;E0;Burnley;Sheffield United;1;1;0,0;2;0,2707;0,3284;0,4009
15878;2020-07-05;T19-20;E0;Newcastle;West Ham;2;2;0,0;1;0,2785;0,4795;0,242
44466;2020-07-05;T19-20;SP1;Villarreal;Barcelona;1;4;2,0;2;0,1285;0,129;0,7425
44465;2020-07-05;T19-20;SP1;Osasuna;Getafe;0;0;0,0;1;0,2913;0,4041;0,3046
44464;2020-07-05;T19-20;SP1;Espanol;Leganes;0;1;2,0;1;0,2925;0,4946;0,2129
15879;2020-07-05;T19-20;E0;Liverpool;Aston Villa;2;0;1,0;1;0,1543;0,6838;0,1619
56315;2020-07-05;T19-20;SP2;Alcorcon;Lugo;2;2;0,0;1;0,2644;0,546;0,1896
56314;2020-07-05;T19-20;SP2;Malaga;Albacete;0;0;0,0;1;0,2597;0,5137;0,2266
56313;2020-07-05;T19-20;SP2;Las Palmas;Ponferradina;3;0;1,0;1;0,2509;0,5653;0,1838
56312;2020-07-05;T19-20;SP2;La Coruna;Huesca;2;1;1,0;1;0,262;0,5459;0,1921
34439;2020-07-05;T19-20;I1;Udinese;Genoa;2;2;0,0;1;0,2703;0,4968;0,2328
34440;2020-07-05;T19-20;I1;Napoli;Roma;2;1;1,0;1;0,2926;0,4053;0,3022
44463;2020-07-05;T19-20;SP1;Ath Bilbao;Real Madrid;0;1;2,0;2;0,1457;0,3369;0,5175
34438;2020-07-05;T19-20;I1;Sampdoria;Spal;3;0;1,0;1;0,2631;0,5683;0,1686
15881;2020-07-06;T19-20;E0;Tottenham;Everton;1;0;1,0;1;0,1627;0,7098;0,1275
44468;2020-07-06;T19-20;SP1;Sevilla;Eibar;1;0;1,0;1;0,169;0,7056;0,1255
44467;2020-07-06;T19-20;SP1;Levante;Sociedad;1;1;0,0;1;0,3053;0,4148;0,2799
56316;2020-07-06;T19-20;SP2;Sp Gijon;Girona;0;0;0,0;1;0,2212;0,6433;0,1355
56317;2020-07-06;T19-20;SP2;Zaragoza;Vallecano;2;4;2,0;1;0,2737;0,5048;0,2215
15883;2020-07-07;T19-20;E0;Watford;Norwich;2;1;1,0;1;0,3004;0,3887;0,3109
15884;2020-07-07;T19-20;E0;Arsenal;Leicester;1;1;0,0;1;0,1173;0,7393;0,1434
56318;2020-07-07;T19-20;SP2;Mirandes;Elche;1;0;1,0;1;0,2941;0,4468;0,2592
56319;2020-07-07;T19-20;SP2;Fuenlabrada;Santander;1;0;1,0;1;0,2801;0,4889;0,231
56320;2020-07-07;T19-20;SP2;Extremadura;Cadiz;0;1;2,0;2;0,2691;0,2504;0,4805
34442;2020-07-07;T19-20;I1;Milan;Juventus;4;2;1,0;2;0,1503;0,1768;0,6728
44469;2020-07-07;T19-20;SP1;Valencia;Valladolid;2;1;1,0;1;0,1945;0,6557;0,1498
34441;2020-07-07;T19-20;I1;Lecce;Lazio;2;1;1,0;2;0,1627;0,1908;0,6464
15882;2020-07-07;T19-20;E0;Crystal Palace;Chelsea;2;3;2,0;2;0,1682;0,1658;0,666
44470;2020-07-07;T19-20;SP1;Celta;Ath Madrid;1;1;0,0;2;0,2555;0,2755;0,469
44473;2020-07-08;T19-20;SP1;Barcelona;Espanol;1;0;1,0;1;0,1349;0,7756;0,0895
44472;2020-07-08;T19-20;SP1;Getafe;Villarreal;1;3;2,0;1;0,2613;0,5606;0,1781
15885;2020-07-08;T19-20;E0;Man City;Newcastle;5;0;1,0;1;0,1921;0,6322;0,1756
15886;2020-07-08;T19-20;E0;Sheffield United;Wolves;1;0;1,0;1;0,2943;0,4418;0,2639
15887;2020-07-08;T19-20;E0;West Ham;Burnley;0;1;2,0;1;0,2883;0,3973;0,3144
15888;2020-07-08;T19-20;E0;Brighton;Liverpool;1;3;2,0;2;0,1855;0,2375;0,577
44471;2020-07-08;T19-20;SP1;Betis;Osasuna;3;0;1,0;1;0,2825;0,439;0,2786
56324;2020-07-08;T19-20;SP2;Ponferradina;Lugo;0;1;2,0;1;0,2846;0,5011;0,2143
56321;2020-07-08;T19-20;SP2;Malaga;La Coruna;1;0;1,0;1;0,2995;0,4151;0,2854
56322;2020-07-08;T19-20;SP2;Oviedo;Las Palmas;2;1;1,0;1;0,273;0,5075;0,2195
56323;2020-07-08;T19-20;SP2;Huesca;Alcorcon;2;1;1,0;1;0,2737;0,5339;0,1924
34443;2020-07-08;T19-20;I1;Fiorentina;Cagliari;0;0;0,0;1;0,2453;0,5805;0,1742
34444;2020-07-08;T19-20;I1;Genoa;Napoli;1;2;2,0;2;0,237;0,2805;0,4825
34445;2020-07-08;T19-20;I1;Atalanta;Sampdoria;2;0;1,0;1;0,2679;0,5188;0,2133
34446;2020-07-08;T19-20;I1;Bologna;Sassuolo;1;2;2,0;1;0,2815;0,3715;0,347
34447;2020-07-08;T19-20;I1;Roma;Parma;2;1;1,0;1;0,1775;0,6486;0,1739
34448;2020-07-08;T19-20;I1;Torino;Brescia;3;1;1,0;1;0,2948;0,4404;0,2648
15890;2020-07-09;T19-20;E0;Everton;Southampton;1;1;0,0;1;0,2106;0,6333;0,1562
15889;2020-07-09;T19-20;E0;Bournemouth;Tottenham;0;0;0,0;2;0,2256;0,2315;0,5428
56328;2020-07-09;T19-20;SP2;Tenerife;Zaragoza;1;1;0,0;1;0,2595;0,5536;0,1869
56327;2020-07-09;T19-20;SP2;Girona;Almeria;1;0;1,0;1;0,2404;0,6105;0,1491
56326;2020-07-09;T19-20;SP2;Vallecano;Numancia;3;2;1,0;1;0,2506;0,5516;0,1978
44476;2020-07-09;T19-20;SP1;Ath Bilbao;Sevilla;1;2;2,0;1;0,2589;0,5503;0,1908
44475;2020-07-09;T19-20;SP1;Mallorca;Levante;2;0;1,0;1;0,2833;0,4665;0,2503
56325;2020-07-09;T19-20;SP2;Albacete;Sp Gijon;1;1;0,0;1;0,2908;0,4872;0,222
44474;2020-07-09;T19-20;SP1;Eibar;Leganes;0;0;0,0;1;0,2974;0,4396;0,263
34450;2020-07-09;T19-20;I1;Verona;Inter;2;2;0,0;2;0,1971;0,1862;0,6167
34449;2020-07-09;T19-20;I1;Spal;Udinese;0;3;2,0;1;0,3023;0,3762;0,3215
15891;2020-07-09;T19-20;E0;Aston Villa;Man United;0;3;2,0;2;0,2019;0,166;0,6322
44477;2020-07-10;T19-20;SP1;Sociedad;Granada;2;3;2,0;1;0,2628;0,5372;0,2
44478;2020-07-10;T19-20;SP1;Real Madrid;Alaves;2;0;1,0;1;0,1089;0,7602;0,1309
56330;2020-07-11;T19-20;SP2;Las Palmas;Mirandes;1;0;1,0;1;0,2501;0,5828;0,1671
15893;2020-07-11;T19-20;E0;Watford;Newcastle;2;1;1,0;1;0,2912;0,3956;0,3132
15894;2020-07-11;T19-20;E0;Liverpool;Burnley;1;1;0,0;1;0,1132;0,7709;0,116
15895;2020-07-11;T19-20;E0;Sheffield United;Chelsea;3;0;1,0;2;0,2376;0,2275;0,5349
15896;2020-07-11;T19-20;E0;Brighton;Man City;0;5;2,0;2;0,2017;0,2055;0,5929
56329;2020-07-11;T19-20;SP2;Santander;Huesca;1;0;1,0;1;0,2902;0,4483;0,2615
15892;2020-07-11;T19-20;E0;Norwich;West Ham;0;4;2,0;2;0,2821;0,3445;0,3734
56331;2020-07-11;T19-20;SP2;Cadiz;Fuenlabrada;0;1;2,0;1;0,2676;0,5171;0,2153
34451;2020-07-11;T19-20;I1;Lazio;Sassuolo;1;2;2,0;1;0,1833;0,6986;0,1181
34452;2020-07-11;T19-20;I1;Brescia;Roma;0;3;2,0;2;0,2038;0,1901;0,6061
34453;2020-07-11;T19-20;I1;Juventus;Atalanta;2;2;0,0;1;0,1215;0,7455;0,1329
44481;2020-07-11;T19-20;SP1;Ath Madrid;Betis;1;0;1,0;1;0,1709;0,6891;0,14
44480;2020-07-11;T19-20;SP1;Valladolid;Barcelona;0;1;2,0;2;0,1621;0,1364;0,7015
44479;2020-07-11;T19-20;SP1;Osasuna;Celta;2;1;1,0;1;0,292;0,407;0,3009
44483;2020-07-12;T19-20;SP1;Levante;Ath Bilbao;1;2;2,0;1;0,2918;0,3886;0,3196
15900;2020-07-12;T19-20;E0;Bournemouth;Leicester;4;1;1,0;1;0,2664;0,3768;0,3568
15899;2020-07-12;T19-20;E0;Tottenham;Arsenal;2;1;1,0;2;0,2615;0,3675;0,371
15898;2020-07-12;T19-20;E0;Aston Villa;Crystal Palace;2;0;1,0;1;0,2957;0,4231;0,2812
15897;2020-07-12;T19-20;E0;Wolves;Everton;3;0;1,0;2;0,2669;0,3628;0,3703
34454;2020-07-12;T19-20;I1;Genoa;Spal;2;0;1,0;1;0,2827;0,4982;0,2191
34455;2020-07-12;T19-20;I1;Cagliari;Lecce;0;0;0,0;1;0,2851;0,4093;0,3056
34456;2020-07-12;T19-20;I1;Fiorentina;Verona;1;1;0,0;1;0,2064;0,6344;0,1592
34459;2020-07-12;T19-20;I1;Napoli;Milan;2;2;0,0;1;0,2916;0,4343;0,2741
44482;2020-07-12;T19-20;SP1;Espanol;Eibar;0;2;2,0;1;0,2961;0,4857;0,2181
34458;2020-07-12;T19-20;I1;Udinese;Sampdoria;1;3;2,0;1;0,2742;0,4978;0,2281
56332;2020-07-12;T19-20;SP2;La Coruna;Extremadura;2;3;2,0;1;0,2587;0,5616;0,1796
56333;2020-07-12;T19-20;SP2;Lugo;Girona;2;2;0,0;1;0,2798;0,4994;0,2208
56334;2020-07-12;T19-20;SP2;Numancia;Ponferradina;1;0;1,0;1;0,2353;0,5954;0,1693
56335;2020-07-12;T19-20;SP2;Zaragoza;Oviedo;2;4;2,0;1;0,265;0,564;0,1711
44485;2020-07-12;T19-20;SP1;Sevilla;Mallorca;2;0;1,0;1;0,2036;0,6594;0,137
44484;2020-07-12;T19-20;SP1;Leganes;Valencia;1;0;1,0;2;0,2236;0,2049;0,5715
34457;2020-07-12;T19-20;I1;Parma;Bologna;2;2;0,0;1;0,2824;0,492;0,2255
44487;2020-07-13;T19-20;SP1;Villarreal;Sociedad;1;2;2,0;1;0,2201;0,6307;0,1492
44488;2020-07-13;T19-20;SP1;Granada;Real Madrid;1;2;2,0;2;0,1934;0,131;0,6756
44486;2020-07-13;T19-20;SP1;Alaves;Getafe;0;0;0,0;1;0,2889;0,4106;0,3006
56337;2020-07-13;T19-20;SP2;Sp Gijon;Malaga;2;1;1,0;1;0,2469;0,5936;0,1595
56339;2020-07-13;T19-20;SP2;Elche;Albacete;2;0;1,0;1;0,2394;0,5686;0,192
56338;2020-07-13;T19-20;SP2;Alcorcon;Tenerife;0;0;0,0;1;0,2644;0,5466;0,189
56336;2020-07-13;T19-20;SP2;Almeria;Vallecano;3;2;1,0;1;0,2537;0,5664;0,1799
34460;2020-07-13;T19-20;I1;Inter;Torino;3;1;1,0;1;0,1169;0,7958;0,0872
15901;2020-07-13;T19-20;E0;Man United;Southampton;2;2;0,0;1;0,1135;0,7672;0,1192
34461;2020-07-14;T19-20;I1;Atalanta;Brescia;6;2;1,0;1;0,268;0,5427;0,1893
15902;2020-07-14;T19-20;E0;Chelsea;Norwich;1;0;1,0;1;0,1558;0,6656;0,1786
34463;2020-07-15;T19-20;I1;Milan;Parma;3;1;1,0;1;0,1669;0,6794;0,1537
15903;2020-07-15;T19-20;E0;Burnley;Wolves;1;1;0,0;1;0,2742;0,3971;0,3286
15906;2020-07-15;T19-20;E0;Arsenal;Liverpool;2;1;1,0;1;0,2855;0,4959;0,2186
15905;2020-07-15;T19-20;E0;Newcastle;Tottenham;1;3;2,0;1;0,271;0,4143;0,3147
34468;2020-07-15;T19-20;I1;Udinese;Lazio;0;0;0,0;2;0,286;0,3213;0,3928
34467;2020-07-15;T19-20;I1;Sassuolo;Juventus;3;3;0,0;2;0,1626;0,1448;0,6926
34466;2020-07-15;T19-20;I1;Roma;Verona;2;1;1,0;1;0,109;0,805;0,086
34465;2020-07-15;T19-20;I1;Lecce;Fiorentina;1;3;2,0;2;0,1991;0,2557;0,5452
15904;2020-07-15;T19-20;E0;Man City;Bournemouth;2;1;1,0;1;0,1439;0,7464;0,1097
34464;2020-07-15;T19-20;I1;Sampdoria;Cagliari;3;0;1,0;1;0,273;0,4745;0,2526
34462;2020-07-15;T19-20;I1;Bologna;Napoli;1;1;0,0;2;0,206;0,187;0,607
34470;2020-07-16;T19-20;I1;Spal;Inter;0;4;2,0;2;0,1911;0,1815;0,6274
34469;2020-07-16;T19-20;I1;Torino;Genoa;3;0;1,0;1;0,2786;0,4219;0,2995
44498;2020-07-16;T19-20;SP1;Valencia;Espanol;1;0;1,0;1;0,2411;0,5075;0,2514
44497;2020-07-16;T19-20;SP1;Sociedad;Sevilla;0;0;0,0;1;0,2648;0,525;0,2102
44496;2020-07-16;T19-20;SP1;Real Madrid;Villarreal;2;1;1,0;1;0,0798;0,78;0,1403
44495;2020-07-16;T19-20;SP1;Mallorca;Granada;1;2;2,0;1;0,2781;0,4847;0,2372
44494;2020-07-16;T19-20;SP1;Getafe;Ath Madrid;0;2;2,0;2;0,263;0,3071;0,4299
44492;2020-07-16;T19-20;SP1;Betis;Alaves;1;2;2,0;1;0,2962;0,4667;0,2371
44491;2020-07-16;T19-20;SP1;Barcelona;Osasuna;1;2;2,0;1;0,1415;0,7532;0,1053
44489;2020-07-16;T19-20;SP1;Eibar;Valladolid;3;1;1,0;1;0,2843;0,4256;0,2901
15907;2020-07-16;T19-20;E0;Everton;Aston Villa;1;1;0,0;1;0,2246;0,6204;0,1549
15908;2020-07-16;T19-20;E0;Leicester;Sheffield United;2;0;1,0;1;0,2705;0,5202;0,2093
15909;2020-07-16;T19-20;E0;Crystal Palace;Man United;0;2;2,0;2;0,1778;0,1556;0,6665
15910;2020-07-16;T19-20;E0;Southampton;Brighton;1;1;0,0;1;0,2833;0,4906;0,2261
44490;2020-07-16;T19-20;SP1;Ath Bilbao;Leganes;0;2;2,0;1;0,2463;0,6002;0,1534
44493;2020-07-16;T19-20;SP1;Celta;Levante;2;3;2,0;1;0,2842;0,4574;0,2585
56342;2020-07-17;T19-20;SP2;Fuenlabrada;Elche;3;1;1,0;1;0,2961;0,4609;0,243
56347;2020-07-17;T19-20;SP2;Oviedo;Santander;1;0;1,0;1;0,2583;0,5577;0,184
56348;2020-07-17;T19-20;SP2;Ponferradina;Almeria;2;1;1,0;1;0,2755;0,5193;0,2052
56346;2020-07-17;T19-20;SP2;Mirandes;La Coruna;1;0;1,0;2;0,289;0,3452;0,3658
56345;2020-07-17;T19-20;SP2;Malaga;Alcorcon;2;0;1,0;1;0,277;0,523;0,2
56344;2020-07-17;T19-20;SP2;Huesca;Numancia;3;0;1,0;1;0,2626;0,5232;0,2142
56343;2020-07-17;T19-20;SP2;Girona;Cadiz;2;1;1,0;1;0,2603;0,552;0,1877
56349;2020-07-17;T19-20;SP2;Tenerife;Lugo;1;2;2,0;1;0,239;0,5919;0,1691
56350;2020-07-17;T19-20;SP2;Vallecano;Las Palmas;2;2;0,0;1;0,2521;0,5508;0,1971
56340;2020-07-17;T19-20;SP2;Albacete;Zaragoza;4;1;1,0;1;0,2968;0,4488;0,2545
56341;2020-07-17;T19-20;SP2;Extremadura;Sp Gijon;2;0;1,0;2;0,2992;0,3318;0,369
15911;2020-07-17;T19-20;E0;West Ham;Watford;3;1;1,0;1;0,2892;0,41;0,3008
15912;2020-07-18;T19-20;E0;Norwich;Burnley;0;2;2,0;2;0,2713;0,3424;0,3863
34473;2020-07-18;T19-20;I1;Milan;Bologna;5;1;1,0;1;0,1959;0,6266;0,1775
34472;2020-07-18;T19-20;I1;Cagliari;Sassuolo;1;1;0,0;1;0,2929;0,3763;0,3308
34471;2020-07-18;T19-20;I1;Verona;Atalanta;1;1;0,0;1;0,2766;0,3911;0,3323
44506;2020-07-19;T19-20;SP1;Levante;Getafe;1;0;1,0;1;0,2923;0,3899;0,3178
15914;2020-07-19;T19-20;E0;Tottenham;Leicester;3;0;1,0;1;0,1669;0,7099;0,1231
15913;2020-07-19;T19-20;E0;Bournemouth;Southampton;0;2;2,0;2;0,2763;0,3476;0,3761
34478;2020-07-19;T19-20;I1;Napoli;Udinese;2;1;1,0;1;0,2034;0,6566;0,14
44508;2020-07-19;T19-20;SP1;Sevilla;Valencia;1;0;1,0;1;0,251;0,4932;0,2558
34474;2020-07-19;T19-20;I1;Parma;Sampdoria;2;3;2,0;1;0,2682;0,5109;0,2208
34475;2020-07-19;T19-20;I1;Brescia;Spal;2;1;1,0;2;0,2666;0,3559;0,3775
44507;2020-07-19;T19-20;SP1;Osasuna;Mallorca;2;2;0,0;1;0,2886;0,4037;0,3077
34476;2020-07-19;T19-20;I1;Fiorentina;Torino;2;0;1,0;1;0,2052;0,6363;0,1584
44499;2020-07-19;T19-20;SP1;Alaves;Barcelona;0;5;2,0;2;0,1525;0,108;0,7395
34479;2020-07-19;T19-20;I1;Roma;Inter;2;2;0,0;1;0,271;0,4959;0,2331
44501;2020-07-19;T19-20;SP1;Villarreal;Eibar;4;0;1,0;1;0,2119;0,657;0,1311
44502;2020-07-19;T19-20;SP1;Ath Madrid;Sociedad;1;1;0,0;1;0,186;0,7143;0,0997
44503;2020-07-19;T19-20;SP1;Espanol;Celta;0;0;0,0;1;0,2877;0,4709;0,2415
44504;2020-07-19;T19-20;SP1;Granada;Ath Bilbao;4;0;1,0;1;0,2955;0,3778;0,3267
44505;2020-07-19;T19-20;SP1;Leganes;Real Madrid;2;2;0,0;2;0,1466;0,13;0,7234
34477;2020-07-19;T19-20;I1;Genoa;Lecce;2;1;1,0;1;0,276;0,4502;0,2738
44500;2020-07-19;T19-20;SP1;Valladolid;Betis;2;0;1,0;1;0,2892;0,3948;0,316
15915;2020-07-20;T19-20;E0;Brighton;Newcastle;0;0;0,0;1;0,2869;0,4017;0,3115
15916;2020-07-20;T19-20;E0;Sheffield United;Everton;0;1;2,0;1;0,2978;0,4382;0,264
56360;2020-07-20;T19-20;SP2;Zaragoza;Ponferradina;2;1;1,0;1;0,2617;0,5413;0,197
56359;2020-07-20;T19-20;SP2;Sp Gijon;Huesca;0;1;2,0;1;0,2214;0,6428;0,1358
56358;2020-07-20;T19-20;SP2;Santander;Vallecano;1;2;2,0;2;0,2847;0,3417;0,3735
56357;2020-07-20;T19-20;SP2;Numancia;Tenerife;2;1;1,0;1;0,2368;0,595;0,1682
56355;2020-07-20;T19-20;SP2;Elche;Oviedo;2;1;1,0;1;0,2466;0,599;0,1544
56354;2020-07-20;T19-20;SP2;Cadiz;Albacete;0;1;2,0;1;0,2464;0,5515;0,2022
56356;2020-07-20;T19-20;SP2;Lugo;Mirandes;2;1;1,0;1;0,2992;0,4797;0,2211
56352;2020-07-20;T19-20;SP2;Alcorcon;Girona;2;0;1,0;1;0,2628;0,569;0,1683
56351;2020-07-20;T19-20;SP2;Las Palmas;Extremadura;5;1;1,0;1;0,2503;0,5893;0,1604
34480;2020-07-20;T19-20;I1;Juventus;Lazio;2;1;1,0;1;0,1701;0,5864;0,2435
15917;2020-07-20;T19-20;E0;Wolves;Crystal Palace;2;0;1,0;1;0,2693;0,3798;0,3509
56353;2020-07-20;T19-20;SP2;Almeria;Malaga;0;0;0,0;1;0,2566;0,5602;0,1832
34481;2020-07-21;T19-20;I1;Atalanta;Bologna;1;0;1,0;1;0,283;0,4951;0,2219
15919;2020-07-21;T19-20;E0;Aston Villa;Arsenal;1;0;1,0;2;0,192;0,2283;0,5797
15918;2020-07-21;T19-20;E0;Watford;Man City;0;4;2,0;2;0,224;0,21;0,566
34482;2020-07-21;T19-20;I1;Sassuolo;Milan;1;2;2,0;2;0,1981;0,2382;0,5637
34488;2020-07-22;T19-20;I1;Torino;Verona;1;1;0,0;1;0,2854;0,4502;0,2644
34486;2020-07-22;T19-20;I1;Sampdoria;Genoa;1;2;2,0;1;0,2634;0,5269;0,2097
34485;2020-07-22;T19-20;I1;Lecce;Brescia;3;1;1,0;2;0,2284;0,3326;0,439
34484;2020-07-22;T19-20;I1;Inter;Fiorentina;0;0;0,0;1;0,1247;0,7353;0,14
34483;2020-07-22;T19-20;I1;Parma;Napoli;2;1;1,0;2;0,2577;0,3255;0,4168
34487;2020-07-22;T19-20;I1;Spal;Roma;1;6;2,0;2;0,1873;0,1807;0,6319
15920;2020-07-22;T19-20;E0;Man United;West Ham;1;1;0,0;1;0,1547;0,7102;0,1351
15921;2020-07-22;T19-20;E0;Liverpool;Chelsea;5;3;1,0;2;0,1986;0,3312;0,4701
34489;2020-07-23;T19-20;I1;Udinese;Juventus;2;1;1,0;2;0,2186;0,2435;0,538
34490;2020-07-23;T19-20;I1;Lazio;Cagliari;2;1;1,0;1;0,2567;0,5748;0,1685
34491;2020-07-24;T19-20;I1;Milan;Atalanta;1;1;0,0;1;0,1372;0,7569;0,1059
34492;2020-07-25;T19-20;I1;Brescia;Parma;1;2;2,0;1;0,2883;0,3894;0,3223
34493;2020-07-25;T19-20;I1;Genoa;Inter;0;3;2,0;2;0,2372;0,2567;0,5062
34494;2020-07-25;T19-20;I1;Napoli;Sassuolo;2;0;1,0;1;0,1822;0,6992;0,1186
15922;2020-07-26;T19-20;E0;Arsenal;Watford;3;2;1,0;1;0,1116;0,7733;0,1151
15923;2020-07-26;T19-20;E0;Burnley;Brighton;1;2;2,0;2;0,2651;0,3451;0,3899
15926;2020-07-26;T19-20;E0;Everton;Bournemouth;1;3;2,0;1;0,2247;0,628;0,1472
15925;2020-07-26;T19-20;E0;Crystal Palace;Tottenham;1;1;0,0;2;0,1997;0,2046;0,5957
15927;2020-07-26;T19-20;E0;Leicester;Man United;0;2;2,0;2;0,2537;0,228;0,5183
15928;2020-07-26;T19-20;E0;Man City;Norwich;5;0;1,0;1;0,1539;0,7042;0,1419
15929;2020-07-26;T19-20;E0;Newcastle;Liverpool;1;3;2,0;2;0,2124;0,2891;0,4985
15924;2020-07-26;T19-20;E0;Chelsea;Wolves;2;0;1,0;1;0,1237;0,7406;0,1357
15930;2020-07-26;T19-20;E0;Southampton;Sheffield United;3;1;1,0;1;0,2726;0,5138;0,2136
15931;2020-07-26;T19-20;E0;West Ham;Aston Villa;1;1;0,0;1;0,2817;0,4056;0,3127
34498;2020-07-26;T19-20;I1;Spal;Torino;1;1;0,0;2;0,2822;0,3551;0,3627
34495;2020-07-26;T19-20;I1;Bologna;Lecce;3;2;1,0;1;0,2864;0,397;0,3165
34496;2020-07-26;T19-20;I1;Cagliari;Udinese;0;1;2,0;1;0,2944;0,4098;0,2958
34497;2020-07-26;T19-20;I1;Roma;Fiorentina;2;1;1,0;1;0,1184;0,7428;0,1388
34499;2020-07-26;T19-20;I1;Verona;Lazio;1;5;2,0;2;0,2103;0,2207;0,569
34500;2020-07-26;T19-20;I1;Juventus;Sampdoria;2;0;1,0;1;0,1054;0,7886;0,1059
34501;2020-07-28;T19-20;I1;Parma;Atalanta;1;2;2,0;1;0,2746;0,5269;0,1986
34502;2020-07-28;T19-20;I1;Inter;Napoli;2;0;1,0;1;0,2138;0,5497;0,2365
34507;2020-07-29;T19-20;I1;Verona;Spal;3;0;1,0;2;0,2642;0,3504;0,3854
34503;2020-07-29;T19-20;I1;Lazio;Brescia;2;0;1,0;1;0,1601;0,7076;0,1322
34504;2020-07-29;T19-20;I1;Sampdoria;Milan;1;4;2,0;2;0,2346;0,3663;0,3991
34505;2020-07-29;T19-20;I1;Sassuolo;Genoa;5;0;1,0;1;0,2834;0,3997;0,3168
34508;2020-07-29;T19-20;I1;Cagliari;Juventus;2;0;1,0;2;0,1738;0,1333;0,693
34509;2020-07-29;T19-20;I1;Fiorentina;Bologna;4;0;1,0;1;0,2424;0,6134;0,1442
34510;2020-07-29;T19-20;I1;Torino;Roma;2;3;2,0;2;0,214;0,2479;0,5381
34506;2020-07-29;T19-20;I1;Udinese;Lecce;1;2;2,0;1;0,2708;0,495;0,2343
34515;2020-08-01;T19-20;I1;Napoli;Lazio;3;1;1,0;1;0,2595;0,4775;0,2629
34514;2020-08-01;T19-20;I1;Milan;Cagliari;3;0;1,0;1;0,2383;0,5417;0,22
34513;2020-08-01;T19-20;I1;Juventus;Roma;1;3;2,0;1;0,2743;0,5315;0,1941
34512;2020-08-01;T19-20;I1;Atalanta;Inter;0;2;2,0;2;0,2276;0,2962;0,4762
34511;2020-08-01;T19-20;I1;Brescia;Sampdoria;1;1;0,0;1;0,3062;0,4097;0,284
34520;2020-08-02;T19-20;I1;Sassuolo;Udinese;0;1;2,0;1;0,297;0,401;0,302
34519;2020-08-02;T19-20;I1;Lecce;Parma;3;4;2,0;1;0,3347;0,3431;0,3222
34518;2020-08-02;T19-20;I1;Genoa;Verona;3;0;1,0;1;0,2686;0,4914;0,24
34517;2020-08-02;T19-20;I1;Bologna;Torino;1;1;0,0;1;0,2951;0,3973;0,3076
34516;2020-08-02;T19-20;I1;Spal;Fiorentina;1;3;2,0;2;0,2497;0,272;0,4783
56361;2020-08-07;T19-20;SP2;La Coruna;Fuenlabrada;2;1;1,0;1;0,2817;0,4883;0,23
26111;2020-08-21;T20-21;F1;Bordeaux;Nantes;0;0;0,0;1;0,2031;0,6407;0,1562
26112;2020-08-22;T20-21;F1;Dijon;Angers;0;1;2,0;1;0,3017;0,3579;0,3404
26113;2020-08-22;T20-21;F1;Lille;Rennes;1;1;0,0;1;0,1638;0,7067;0,1294
26116;2020-08-23;T20-21;F1;Nimes;Brest;4;0;1,0;1;0,2978;0,4553;0,2469
26115;2020-08-23;T20-21;F1;Lorient;Strasbourg;3;1;1,0;1;0,2777;0,49;0,2323
26117;2020-08-23;T20-21;F1;Nice;Lens;2;1;1,0;1;0,237;0,5932;0,1698
26114;2020-08-23;T20-21;F1;Monaco;Reims;2;2;0,0;1;0,2182;0,6541;0,1276
26118;2020-08-28;T20-21;F1;Lyon;Dijon;4;1;1,0;1;0,1202;0,7774;0,1024
26120;2020-08-29;T20-21;F1;Strasbourg;Nice;0;2;2,0;2;0,2759;0,3484;0,3757
26119;2020-08-29;T20-21;F1;Rennes;Montpellier;2;1;1,0;1;0,2392;0,5982;0,1626
26122;2020-08-30;T20-21;F1;Angers;Bordeaux;0;2;2,0;1;0,2919;0,3991;0,309
26123;2020-08-30;T20-21;F1;Metz;Monaco;0;1;2,0;2;0,1622;0,1845;0,6532
26125;2020-08-30;T20-21;F1;St Etienne;Lorient;2;0;1,0;1;0,2359;0,5931;0,1709
26126;2020-08-30;T20-21;F1;Brest;Marseille;2;3;2,0;2;0,2193;0,191;0,5897
26121;2020-08-30;T20-21;F1;Reims;Lille;0;1;2,0;2;0,2701;0,2725;0,4573
26124;2020-08-30;T20-21;F1;Nantes;Nimes;2;1;1,0;1;0,272;0,5151;0,2129
26127;2020-09-10;T20-21;F1;Lens;Paris SG;1;0;1,0;2;0,2198;0,2649;0,5153
26128;2020-09-11;T20-21;F1;Bordeaux;Lyon;0;0;0,0;2;0,2669;0,3576;0,3755
44511;2020-09-12;T20-21;SP1;Cadiz;Osasuna;0;2;2,0;1;0,2868;0,4167;0,2965
26129;2020-09-12;T20-21;F1;Montpellier;Nice;3;1;1,0;1;0,2483;0,5568;0,1949
26130;2020-09-12;T20-21;F1;St Etienne;Strasbourg;2;0;1,0;1;0,22;0,6162;0,1638
56362;2020-09-12;T20-21;SP2;Ponferradina;Castellon;1;2;2,0;1;0,2764;0,5162;0,2073
15932;2020-09-12;T20-21;E0;Fulham;Arsenal;0;3;2,0;2;0,1564;0,2094;0,6342
44510;2020-09-12;T20-21;SP1;Granada;Ath Bilbao;2;0;1,0;1;0,2944;0,3808;0,3248
15934;2020-09-12;T20-21;E0;Liverpool;Leeds;4;3;1,0;1;0,0878;0,7807;0,1314
15935;2020-09-12;T20-21;E0;West Ham;Newcastle;0;2;2,0;1;0,2844;0,4087;0,3069
15933;2020-09-12;T20-21;E0;Crystal Palace;Southampton;1;0;1,0;1;0,287;0,3807;0,3324
56364;2020-09-12;T20-21;SP2;Sp Gijon;Logrones;1;0;1,0;1;0,2445;0,5989;0,1566
56365;2020-09-12;T20-21;SP2;Espanol;Albacete;3;0;1,0;1;0,282;0,4522;0,2658
56363;2020-09-12;T20-21;SP2;Leganes;Las Palmas;1;0;1,0;1;0,2807;0,4919;0,2274
44509;2020-09-12;T20-21;SP1;Eibar;Celta;0;0;0,0;1;0,2965;0,4357;0,2678
56366;2020-09-13;T20-21;SP2;Oviedo;Cartagena;0;0;0,0;1;0,258;0,5619;0,1801
56367;2020-09-13;T20-21;SP2;Mallorca;Vallecano;0;1;2,0;1;0,2963;0,4321;0,2716
44515;2020-09-13;T20-21;SP1;Valencia;Levante;4;2;1,0;1;0,1992;0,61;0,1908
56368;2020-09-13;T20-21;SP2;Fuenlabrada;Lugo;2;0;1,0;1;0,2961;0,4667;0,2372
56369;2020-09-13;T20-21;SP2;Mirandes;Alcorcon;0;0;0,0;1;0,3007;0,4379;0,2613
44514;2020-09-13;T20-21;SP1;Villarreal;Huesca;1;1;0,0;1;0,2276;0,6391;0,1333
44513;2020-09-13;T20-21;SP1;Valladolid;Sociedad;1;1;0,0;1;0,3016;0,4222;0,2761
44512;2020-09-13;T20-21;SP1;Alaves;Betis;0;1;2,0;1;0,2879;0,4047;0,3073
26133;2020-09-13;T20-21;F1;Dijon;Brest;0;2;2,0;1;0,291;0,3644;0,3446
26134;2020-09-13;T20-21;F1;Lorient;Lens;2;3;2,0;1;0,2808;0,5052;0,2141
26136;2020-09-13;T20-21;F1;Monaco;Nantes;2;1;1,0;1;0,2031;0,6402;0,1567
26135;2020-09-13;T20-21;F1;Nimes;Rennes;2;4;2,0;1;0,297;0,4492;0,2538
15937;2020-09-13;T20-21;E0;Tottenham;Everton;0;1;2,0;1;0,163;0,7098;0,1272
15936;2020-09-13;T20-21;E0;West Brom;Leicester;0;3;2,0;2;0,2246;0,3258;0,4497
56370;2020-09-13;T20-21;SP2;Tenerife;Malaga;2;0;1,0;1;0,2549;0,5636;0,1815
26131;2020-09-13;T20-21;F1;Lille;Metz;1;0;1,0;1;0,2392;0,6159;0,1449
26132;2020-09-13;T20-21;F1;Angers;Reims;1;0;1,0;1;0,2978;0,4502;0,2521
26137;2020-09-13;T20-21;F1;Paris SG;Marseille;0;1;2,0;1;0,1817;0,5814;0,2369
15939;2020-09-14;T20-21;E0;Sheffield United;Wolves;0;2;2,0;1;0,2951;0,4355;0,2693
15938;2020-09-14;T20-21;E0;Brighton;Chelsea;1;3;2,0;2;0,1635;0,1751;0,6613
26138;2020-09-15;T20-21;F1;Montpellier;Lyon;2;1;1,0;2;0,2203;0,3641;0,4156
26139;2020-09-16;T20-21;F1;Paris SG;Metz;1;0;1,0;1;0,1696;0,6871;0,1433
26140;2020-09-17;T20-21;F1;Marseille;St Etienne;0;2;2,0;1;0,163;0,7031;0,134
5992;2020-09-18;T20-21;D1;Bayern Munich;Schalke 04;8;0;1,0;1;0,0754;0,8279;0,0967
26141;2020-09-18;T20-21;F1;Lyon;Nimes;0;0;0,0;1;0,1185;0,7479;0,1336
34521;2020-09-19;T20-21;I1;Fiorentina;Torino;1;0;1,0;1;0,2039;0,6371;0,1591
15943;2020-09-19;T20-21;E0;Arsenal;West Ham;2;1;1,0;1;0,1692;0,6868;0,144
5996;2020-09-19;T20-21;D1;Union Berlin;Augsburg;1;3;2,0;1;0,2944;0,4317;0,2738
5994;2020-09-19;T20-21;D1;FC Koln;Hoffenheim;2;3;2,0;2;0,2444;0,2979;0,4577
5995;2020-09-19;T20-21;D1;Stuttgart;Freiburg;2;3;2,0;1;0,2758;0,5021;0,2221
15941;2020-09-19;T20-21;E0;Leeds;Fulham;4;3;1,0;1;0,2785;0,4445;0,2771
5997;2020-09-19;T20-21;D1;Werder Bremen;Hertha;1;4;2,0;1;0,2242;0,6133;0,1626
5998;2020-09-19;T20-21;D1;Dortmund;M'gladbach;3;0;1,0;1;0,1788;0,6986;0,1227
34522;2020-09-19;T20-21;I1;Verona;Roma;0;0;0,0;2;0,1956;0,185;0,6193
44518;2020-09-19;T20-21;SP1;Celta;Valencia;2;1;1,0;2;0,2842;0,2966;0,4192
44517;2020-09-19;T20-21;SP1;Getafe;Osasuna;1;0;1,0;1;0,2805;0,466;0,2536
44516;2020-09-19;T20-21;SP1;Villarreal;Eibar;2;1;1,0;1;0,2109;0,6573;0,1318
15940;2020-09-19;T20-21;E0;Everton;West Brom;5;2;1,0;1;0,2444;0,6006;0,155
5993;2020-09-19;T20-21;D1;Ein Frankfurt;Bielefeld;1;1;0,0;1;0,2939;0,4226;0,2835
56371;2020-09-19;T20-21;SP2;Mirandes;Oviedo;1;1;0,0;1;0,2831;0,4746;0,2422
15942;2020-09-19;T20-21;E0;Man United;Crystal Palace;1;3;2,0;1;0,1224;0,7331;0,1445
56373;2020-09-19;T20-21;SP2;Castellon;Malaga;0;1;2,0;1;0,2975;0,4434;0,2591
56372;2020-09-19;T20-21;SP2;Alcorcon;Tenerife;2;0;1,0;1;0,2623;0,5458;0,1919
26142;2020-09-19;T20-21;F1;Lens;Bordeaux;2;1;1,0;1;0,2771;0,5004;0,2225
26143;2020-09-19;T20-21;F1;Rennes;Monaco;2;1;1,0;1;0,2793;0,446;0,2747
56374;2020-09-19;T20-21;SP2;Vallecano;Sabadell;2;1;1,0;1;0,2621;0,5543;0,1836
44520;2020-09-20;T20-21;SP1;Betis;Valladolid;2;0;1,0;1;0,284;0,4369;0,2791
44519;2020-09-20;T20-21;SP1;Huesca;Cadiz;0;2;2,0;2;0,3075;0,335;0,3575
26150;2020-09-20;T20-21;F1;Marseille;Lille;1;1;0,0;1;0,2361;0,552;0,2119
26149;2020-09-20;T20-21;F1;Nantes;St Etienne;2;2;0,0;1;0,2942;0,4858;0,22
26148;2020-09-20;T20-21;F1;Strasbourg;Dijon;1;0;1,0;2;0,2772;0,3421;0,3807
26147;2020-09-20;T20-21;F1;Montpellier;Angers;4;1;1,0;1;0,2545;0,5811;0,1644
26146;2020-09-20;T20-21;F1;Metz;Reims;2;1;1,0;2;0,2319;0,3255;0,4427
34524;2020-09-20;T20-21;I1;Genoa;Crotone;4;1;1,0;1;0,2798;0,5074;0,2128
34525;2020-09-20;T20-21;I1;Sassuolo;Cagliari;1;1;0,0;1;0,2785;0,3906;0,3309
44521;2020-09-20;T20-21;SP1;Granada;Alaves;2;1;1,0;1;0,279;0,3828;0,3382
34523;2020-09-20;T20-21;I1;Parma;Napoli;0;2;2,0;2;0,2559;0,3254;0,4187
15944;2020-09-20;T20-21;E0;Southampton;Tottenham;2;5;2,0;2;0,2873;0,3204;0,3923
15945;2020-09-20;T20-21;E0;Newcastle;Brighton;0;3;2,0;1;0,2696;0,549;0,1814
15946;2020-09-20;T20-21;E0;Chelsea;Liverpool;0;2;2,0;1;0,2834;0,4904;0,2262
15947;2020-09-20;T20-21;E0;Leicester;Burnley;4;2;1,0;1;0,2886;0,4826;0,2288
34526;2020-09-20;T20-21;I1;Juventus;Sampdoria;3;0;1,0;1;0,1484;0,7321;0,1194
26144;2020-09-20;T20-21;F1;Nice;Paris SG;0;3;2,0;2;0,2292;0,3082;0,4626
44522;2020-09-20;T20-21;SP1;Sociedad;Real Madrid;0;0;0,0;2;0,1639;0,323;0,5131
26145;2020-09-20;T20-21;F1;Brest;Lorient;3;2;1,0;1;0,2926;0,4156;0,2918
56375;2020-09-20;T20-21;SP2;Lugo;Leganes;2;1;1,0;1;0,2843;0,4963;0,2193
56376;2020-09-20;T20-21;SP2;Espanol;Mallorca;0;0;0,0;1;0,2953;0,4503;0,2544
56377;2020-09-20;T20-21;SP2;Albacete;Ponferradina;0;2;2,0;1;0,2837;0,4967;0,2196
56378;2020-09-20;T20-21;SP2;Cartagena;Sp Gijon;0;1;2,0;1;0,2951;0,4246;0,2804
6000;2020-09-20;T20-21;D1;Wolfsburg;Leverkusen;0;0;0,0;2;0,2595;0,3619;0,3786
56379;2020-09-20;T20-21;SP2;Las Palmas;Fuenlabrada;3;3;0,0;1;0,263;0,5329;0,2042
5999;2020-09-20;T20-21;D1;RB Leipzig;Mainz;3;1;1,0;1;0,2568;0,5285;0,2147
34527;2020-09-21;T20-21;I1;Milan;Bologna;2;0;1,0;1;0,2041;0,6155;0,1804
15948;2020-09-21;T20-21;E0;Aston Villa;Sheffield United;1;0;1,0;1;0,2899;0,4545;0,2556
15949;2020-09-21;T20-21;E0;Wolves;Man City;1;3;2,0;2;0,223;0,2109;0,5661
26151;2020-09-25;T20-21;F1;Lille;Nantes;2;0;1,0;1;0,1602;0,716;0,1238
6001;2020-09-25;T20-21;D1;Hertha;Ein Frankfurt;1;3;2,0;1;0,2763;0,4957;0,228
6006;2020-09-26;T20-21;D1;M'gladbach;Union Berlin;1;1;0,0;1;0,2359;0,6077;0,1564
6002;2020-09-26;T20-21;D1;Augsburg;Dortmund;2;0;1,0;2;0,208;0,2266;0,5655
26153;2020-09-26;T20-21;F1;Marseille;Metz;1;1;0,0;1;0,2432;0,6136;0,1432
6003;2020-09-26;T20-21;D1;Bielefeld;FC Koln;1;0;1,0;1;0,2844;0,4092;0,3064
6004;2020-09-26;T20-21;D1;Leverkusen;RB Leipzig;1;1;0,0;1;0,2591;0,4904;0,2505
44523;2020-09-26;T20-21;SP1;Alaves;Getafe;0;0;0,0;1;0,289;0,4048;0,3062
44524;2020-09-26;T20-21;SP1;Valencia;Huesca;1;1;0,0;1;0,1731;0,6945;0,1324
26152;2020-09-26;T20-21;F1;St Etienne;Rennes;0;3;2,0;1;0,2322;0,6193;0,1486
56383;2020-09-26;T20-21;SP2;Sp Gijon;Girona;2;0;1,0;1;0,2205;0,6446;0,1349
56380;2020-09-26;T20-21;SP2;Zaragoza;Las Palmas;2;2;0,0;1;0,2533;0,5472;0,1995
56382;2020-09-26;T20-21;SP2;Malaga;Alcorcon;1;0;1,0;1;0,2768;0,5238;0,1995
6005;2020-09-26;T20-21;D1;Mainz;Stuttgart;1;4;2,0;1;0,2933;0,4893;0,2174
44525;2020-09-26;T20-21;SP1;Elche;Sociedad;0;3;2,0;1;0,3012;0,4288;0,27
15950;2020-09-26;T20-21;E0;Brighton;Man United;2;3;2,0;2;0,1759;0,1628;0,6613
15951;2020-09-26;T20-21;E0;Crystal Palace;Everton;1;2;2,0;2;0,257;0,342;0,401
15952;2020-09-26;T20-21;E0;West Brom;Chelsea;3;3;0,0;2;0,1373;0,1784;0,6843
15953;2020-09-26;T20-21;E0;Burnley;Southampton;0;1;2,0;2;0,2832;0,344;0,3728
34531;2020-09-26;T20-21;I1;Inter;Fiorentina;4;3;1,0;1;0,1223;0,7375;0,1402
34530;2020-09-26;T20-21;I1;Sampdoria;Benevento;2;3;2,0;1;0,2632;0,566;0,1707
34529;2020-09-26;T20-21;I1;Cagliari;Lazio;0;2;2,0;2;0,2148;0,1806;0,6046
34528;2020-09-26;T20-21;I1;Torino;Atalanta;2;4;2,0;1;0,2941;0,4364;0,2695
56384;2020-09-26;T20-21;SP2;Fuenlabrada;Albacete;1;0;1,0;1;0,2732;0,4782;0,2486
44526;2020-09-26;T20-21;SP1;Betis;Real Madrid;2;3;2,0;2;0,2251;0,2061;0,5688
56381;2020-09-26;T20-21;SP2;Logrones;Castellon;1;1;0,0;1;0,2881;0,45;0,262
6007;2020-09-26;T20-21;D1;Schalke 04;Werder Bremen;1;3;2,0;1;0,2283;0,6338;0,1379
26154;2020-09-27;T20-21;F1;Bordeaux;Nice;0;0;0,0;1;0,2047;0,6407;0,1546
34534;2020-09-27;T20-21;I1;Verona;Udinese;1;0;1,0;1;0,3001;0,3793;0,3206
56390;2020-09-27;T20-21;SP2;Leganes;Cartagena;3;1;1,0;1;0,2658;0,5555;0,1787
26160;2020-09-27;T20-21;F1;Reims;Paris SG;0;2;2,0;2;0,2131;0,2485;0,5384
26159;2020-09-27;T20-21;F1;Lorient;Lyon;1;1;0,0;2;0,2405;0,2417;0,5179
26158;2020-09-27;T20-21;F1;Nimes;Lens;1;1;0,0;1;0,2964;0,4567;0,2469
26157;2020-09-27;T20-21;F1;Monaco;Strasbourg;3;2;1,0;1;0,2029;0,6405;0,1566
26156;2020-09-27;T20-21;F1;Dijon;Montpellier;2;2;0,0;2;0,2814;0,3462;0,3724
26155;2020-09-27;T20-21;F1;Angers;Brest;3;2;1,0;1;0,2983;0,4502;0,2515
56389;2020-09-27;T20-21;SP2;Tenerife;Mirandes;1;2;2,0;1;0,2408;0,6017;0,1574
6008;2020-09-27;T20-21;D1;Hoffenheim;Bayern Munich;4;1;1,0;2;0,1715;0,2456;0,5829
6009;2020-09-27;T20-21;D1;Freiburg;Wolfsburg;1;1;0,0;2;0,2842;0,3569;0,3589
56388;2020-09-27;T20-21;SP2;Ponferradina;Vallecano;3;0;1,0;1;0,2962;0,4492;0,2546
56387;2020-09-27;T20-21;SP2;Oviedo;Espanol;0;2;2,0;1;0,2875;0,4736;0,2389
56386;2020-09-27;T20-21;SP2;Mallorca;Sabadell;1;0;1,0;1;0,2858;0,5013;0,2128
56385;2020-09-27;T20-21;SP2;Lugo;Almeria;0;2;2,0;1;0,2787;0,502;0,2193
34536;2020-09-27;T20-21;I1;Roma;Juventus;2;2;0,0;2;0,1544;0,192;0,6536
34532;2020-09-27;T20-21;I1;Spezia;Sassuolo;1;4;2,0;1;0,291;0,433;0,276
34533;2020-09-27;T20-21;I1;Napoli;Genoa;6;0;1,0;1;0,2165;0,6454;0,1381
15954;2020-09-27;T20-21;E0;Sheffield United;Leeds;0;1;2,0;1;0,2952;0,3837;0,3211
15955;2020-09-27;T20-21;E0;Tottenham;Newcastle;1;1;0,0;1;0,2234;0,6274;0,1492
34535;2020-09-27;T20-21;I1;Crotone;Milan;0;2;2,0;2;0,1932;0,243;0,5638
15957;2020-09-27;T20-21;E0;West Ham;Wolves;4;0;1,0;1;0,2918;0,3998;0,3084
44527;2020-09-27;T20-21;SP1;Osasuna;Levante;1;3;2,0;1;0,2864;0,4091;0,3045
44528;2020-09-27;T20-21;SP1;Eibar;Ath Bilbao;1;2;2,0;1;0,28;0,417;0,303
15956;2020-09-27;T20-21;E0;Man City;Leicester;2;5;2,0;1;0,1442;0,7416;0,1142
44532;2020-09-27;T20-21;SP1;Barcelona;Villarreal;4;0;1,0;1;0,0751;0,7927;0,1322
44531;2020-09-27;T20-21;SP1;Valladolid;Celta;1;1;0,0;1;0,2814;0,3783;0,3404
44529;2020-09-27;T20-21;SP1;Ath Madrid;Granada;6;1;1,0;1;0,1828;0,6865;0,1307
44530;2020-09-27;T20-21;SP1;Cadiz;Sevilla;1;3;2,0;2;0,2771;0,2611;0,4618
15959;2020-09-28;T20-21;E0;Liverpool;Arsenal;3;1;1,0;1;0,2627;0,4611;0,2761
15958;2020-09-28;T20-21;E0;Fulham;Aston Villa;0;3;2,0;1;0,2833;0,4038;0,3129
34537;2020-09-28;T20-21;I1;Bologna;Parma;4;1;1,0;1;0,2843;0,3991;0,3166
44534;2020-09-29;T20-21;SP1;Getafe;Betis;3;0;1,0;1;0,2709;0,4945;0,2346
44533;2020-09-29;T20-21;SP1;Sociedad;Valencia;0;1;2,0;1;0,2659;0,3933;0,3408
34538;2020-09-30;T20-21;I1;Benevento;Inter;2;5;2,0;2;0,1973;0,177;0,6257
34539;2020-09-30;T20-21;I1;Udinese;Spezia;0;2;2,0;1;0,2902;0,4749;0,2349
34540;2020-09-30;T20-21;I1;Lazio;Atalanta;1;4;2,0;1;0,1642;0,7028;0,133
44535;2020-09-30;T20-21;SP1;Huesca;Ath Madrid;0;0;0,0;2;0,1988;0,1824;0,6188
44536;2020-09-30;T20-21;SP1;Villarreal;Alaves;3;1;1,0;1;0,1978;0,6535;0,1487
44537;2020-09-30;T20-21;SP1;Eibar;Elche;0;1;2,0;1;0,2919;0,4494;0,2587
44538;2020-09-30;T20-21;SP1;Real Madrid;Valladolid;1;0;1,0;1;0,1305;0,7465;0,123
44541;2020-10-01;T20-21;SP1;Celta;Barcelona;0;3;2,0;2;0,1962;0,2017;0,6021
44539;2020-10-01;T20-21;SP1;Ath Bilbao;Cadiz;0;1;2,0;1;0,2505;0,5726;0,1769
44540;2020-10-01;T20-21;SP1;Sevilla;Levante;1;0;1,0;1;0,2433;0,5981;0,1586
6010;2020-10-02;T20-21;D1;Union Berlin;Mainz;4;0;1,0;1;0,2847;0,4466;0,2687
34541;2020-10-02;T20-21;I1;Fiorentina;Sampdoria;1;2;2,0;1;0,2219;0,6231;0,155
26161;2020-10-02;T20-21;F1;Paris SG;Angers;6;1;1,0;1;0,1109;0,7517;0,1375
34543;2020-10-03;T20-21;I1;Udinese;Roma;0;1;2,0;2;0,238;0,2509;0,5112
6016;2020-10-03;T20-21;D1;RB Leipzig;Schalke 04;4;0;1,0;1;0,2756;0,4673;0,257
15960;2020-10-03;T20-21;E0;Chelsea;Crystal Palace;4;0;1,0;1;0,1235;0,7386;0,1379
15961;2020-10-03;T20-21;E0;Everton;Brighton;4;2;1,0;1;0,2197;0,6516;0,1287
15962;2020-10-03;T20-21;E0;Leeds;Man City;1;1;0,0;2;0,2271;0,2593;0,5136
34542;2020-10-03;T20-21;I1;Sassuolo;Crotone;4;1;1,0;1;0,2925;0,3582;0,3493
15963;2020-10-03;T20-21;E0;Newcastle;Burnley;3;1;1,0;1;0,2593;0,5363;0,2043
6014;2020-10-03;T20-21;D1;Stuttgart;Leverkusen;1;1;0,0;2;0,2484;0,3641;0,3875
44544;2020-10-03;T20-21;SP1;Elche;Huesca;0;0;0,0;2;0,2972;0,343;0,3597
44545;2020-10-03;T20-21;SP1;Sociedad;Getafe;3;0;1,0;1;0,26;0,5392;0,2008
44546;2020-10-03;T20-21;SP1;Valencia;Betis;0;2;2,0;1;0,192;0,6733;0,1346
6015;2020-10-03;T20-21;D1;Werder Bremen;Bielefeld;1;0;1,0;1;0,2264;0,6138;0,1598
56396;2020-10-03;T20-21;SP2;Vallecano;Malaga;4;0;1,0;1;0,2685;0,5191;0,2124
56395;2020-10-03;T20-21;SP2;Las Palmas;Logrones;2;1;1,0;1;0,2601;0,5431;0,1967
44543;2020-10-03;T20-21;SP1;Ath Madrid;Villarreal;0;0;0,0;1;0,158;0,7244;0,1176
56393;2020-10-03;T20-21;SP2;Albacete;Oviedo;1;1;0,0;1;0,2737;0,5239;0,2024
56394;2020-10-03;T20-21;SP2;Mallorca;Tenerife;2;0;1,0;1;0,2835;0,4973;0,2192
56391;2020-10-03;T20-21;SP2;Alcorcon;Zaragoza;0;0;0,0;1;0,2708;0,5107;0,2185
26163;2020-10-03;T20-21;F1;Nice;Nantes;2;1;1,0;1;0,231;0,5882;0,1808
26162;2020-10-03;T20-21;F1;Lens;St Etienne;2;0;1,0;1;0,2758;0,5241;0,2001
6011;2020-10-03;T20-21;D1;Dortmund;Freiburg;4;0;1,0;1;0,2141;0,598;0,1879
6012;2020-10-03;T20-21;D1;Ein Frankfurt;Hoffenheim;2;1;1,0;1;0,2935;0,4372;0,2693
6013;2020-10-03;T20-21;D1;FC Koln;M'gladbach;1;3;2,0;1;0,3423;0,3807;0,277
56392;2020-10-03;T20-21;SP2;Mirandes;Ponferradina;0;1;2,0;1;0,2966;0,4473;0,2561
44542;2020-10-03;T20-21;SP1;Valladolid;Eibar;1;2;2,0;1;0,2778;0,395;0,3272
34547;2020-10-04;T20-21;I1;Parma;Verona;1;0;1,0;1;0,255;0,5317;0,2133
34548;2020-10-04;T20-21;I1;Milan;Spezia;3;0;1,0;1;0,1248;0,7163;0,1589
34546;2020-10-04;T20-21;I1;Lazio;Inter;1;1;0,0;1;0,2784;0,3855;0,336
34545;2020-10-04;T20-21;I1;Benevento;Bologna;1;0;1,0;1;0,2875;0,4011;0,3114
56400;2020-10-04;T20-21;SP2;Castellon;Leganes;2;0;1,0;1;0,2819;0,5151;0,203
56399;2020-10-04;T20-21;SP2;Almeria;Sp Gijon;0;1;2,0;1;0,2478;0,5786;0,1736
56398;2020-10-04;T20-21;SP2;Sabadell;Espanol;0;1;2,0;1;0,2922;0,3892;0,3186
56397;2020-10-04;T20-21;SP2;Girona;Fuenlabrada;0;1;2,0;1;0,2583;0,556;0,1857
34544;2020-10-04;T20-21;I1;Atalanta;Cagliari;5;2;1,0;1;0,2744;0,4584;0,2672
15969;2020-10-04;T20-21;E0;Aston Villa;Liverpool;7;2;1,0;2;0,2167;0,2481;0,5352
56401;2020-10-04;T20-21;SP2;Cartagena;Lugo;2;1;1,0;1;0,2953;0,4446;0,2601
15968;2020-10-04;T20-21;E0;Man United;Tottenham;1;6;2,0;1;0,1408;0,6567;0,2025
44547;2020-10-04;T20-21;SP1;Osasuna;Celta;2;0;1,0;1;0,2957;0,4103;0,2939
15966;2020-10-04;T20-21;E0;Arsenal;Sheffield United;2;1;1,0;1;0,1039;0,7509;0,1452
26170;2020-10-04;T20-21;F1;Lyon;Marseille;1;1;0,0;1;0,182;0,5784;0,2396
26164;2020-10-04;T20-21;F1;Montpellier;Nimes;0;1;2,0;1;0,2556;0,5661;0,1783
26165;2020-10-04;T20-21;F1;Bordeaux;Dijon;3;0;1,0;1;0,2056;0,6406;0,1538
26166;2020-10-04;T20-21;F1;Brest;Monaco;1;0;1,0;2;0,245;0,22;0,535
26167;2020-10-04;T20-21;F1;Metz;Lorient;3;1;1,0;1;0,3629;0,3646;0,2725
26168;2020-10-04;T20-21;F1;Strasbourg;Lille;0;3;2,0;2;0,2175;0,227;0,5555
44551;2020-10-04;T20-21;SP1;Barcelona;Sevilla;1;1;0,0;1;0,0806;0,8291;0,0903
44550;2020-10-04;T20-21;SP1;Cadiz;Granada;1;1;0,0;1;0,2954;0,4094;0,2952
44549;2020-10-04;T20-21;SP1;Levante;Real Madrid;0;2;2,0;2;0,1969;0,1361;0,667
6018;2020-10-04;T20-21;D1;Bayern Munich;Hertha;4;3;1,0;1;0,1116;0,7611;0,1273
6017;2020-10-04;T20-21;D1;Wolfsburg;Augsburg;0;0;0,0;1;0,2371;0,5956;0,1674
44548;2020-10-04;T20-21;SP1;Alaves;Ath Bilbao;1;0;1,0;1;0,2821;0,4047;0,3132
26169;2020-10-04;T20-21;F1;Rennes;Reims;2;2;0,0;1;0,2412;0,61;0,1488
15965;2020-10-04;T20-21;E0;Southampton;West Brom;2;0;1,0;1;0,2838;0,4461;0,2701
15964;2020-10-04;T20-21;E0;Leicester;West Ham;0;3;2,0;1;0,2817;0,4465;0,2718
15967;2020-10-04;T20-21;E0;Wolves;Fulham;1;0;1,0;2;0,2724;0,3607;0,367
56403;2020-10-10;T20-21;SP2;Espanol;Alcorcon;1;0;1,0;1;0,2992;0,4411;0,2597
56402;2020-10-10;T20-21;SP2;Sabadell;Mirandes;0;2;2,0;1;0,3012;0,4368;0,262
56404;2020-10-10;T20-21;SP2;Logrones;Almeria;1;0;1,0;1;0,2868;0,4565;0,2567
56405;2020-10-10;T20-21;SP2;Tenerife;Vallecano;1;0;1,0;1;0,2548;0,5637;0,1815
56406;2020-10-11;T20-21;SP2;Fuenlabrada;Castellon;1;1;0,0;1;0,2841;0,4813;0,2346
56407;2020-10-11;T20-21;SP2;Lugo;Mallorca;0;1;2,0;1;0,2889;0,4836;0,2275
56408;2020-10-11;T20-21;SP2;Leganes;Girona;0;1;2,0;1;0,2711;0,5406;0,1882
56409;2020-10-11;T20-21;SP2;Malaga;Las Palmas;0;0;0,0;1;0,2763;0,4998;0,2239
56410;2020-10-11;T20-21;SP2;Zaragoza;Albacete;1;0;1,0;1;0,2517;0,5409;0,2074
56411;2020-10-11;T20-21;SP2;Ponferradina;Cartagena;0;2;2,0;1;0,2693;0,5297;0,201
56412;2020-10-11;T20-21;SP2;Oviedo;Sp Gijon;1;0;1,0;1;0,2779;0,5194;0,2027
26171;2020-10-16;T20-21;F1;Dijon;Rennes;1;1;0,0;2;0,2844;0,3517;0,3639
26172;2020-10-16;T20-21;F1;Nimes;Paris SG;0;4;2,0;2;0,2231;0,2516;0,5253
56417;2020-10-17;T20-21;SP2;Logrones;Leganes;0;1;2,0;1;0,2987;0,4247;0,2766
56416;2020-10-17;T20-21;SP2;Las Palmas;Almeria;2;0;1,0;1;0,2498;0,5945;0,1557
44555;2020-10-17;T20-21;SP1;Getafe;Barcelona;1;0;1,0;2;0,2071;0,2408;0,5521
56414;2020-10-17;T20-21;SP2;Castellon;Lugo;0;1;2,0;1;0,2803;0,5053;0,2144
56413;2020-10-17;T20-21;SP2;Albacete;Sabadell;3;0;1,0;1;0,2808;0,5043;0,2149
44552;2020-10-17;T20-21;SP1;Granada;Sevilla;1;0;1,0;2;0,2322;0,2304;0,5374
56415;2020-10-17;T20-21;SP2;Cartagena;Fuenlabrada;1;1;0,0;1;0,2907;0,375;0,3342
44553;2020-10-17;T20-21;SP1;Celta;Ath Madrid;0;2;2,0;2;0,247;0,2704;0,4826
44554;2020-10-17;T20-21;SP1;Real Madrid;Cadiz;0;1;2,0;1;0,0705;0,806;0,1235
34552;2020-10-17;T20-21;I1;Crotone;Juventus;1;1;0,0;2;0,17;0,1514;0,6786
15973;2020-10-17;T20-21;E0;Newcastle;Man United;1;4;2,0;2;0,2035;0,27;0,5265
15972;2020-10-17;T20-21;E0;Man City;Arsenal;1;0;1,0;1;0,2659;0,4298;0,3043
15971;2020-10-17;T20-21;E0;Chelsea;Southampton;3;3;0,0;1;0,1123;0,771;0,1167
15970;2020-10-17;T20-21;E0;Everton;Liverpool;2;2;0,0;2;0,242;0,3229;0,4351
34551;2020-10-17;T20-21;I1;Sampdoria;Lazio;3;0;1,0;1;0,2596;0,3838;0,3565
34550;2020-10-17;T20-21;I1;Inter;Milan;1;2;2,0;1;0,2712;0,5161;0,2127
34549;2020-10-17;T20-21;I1;Napoli;Atalanta;4;1;1,0;1;0,1606;0,7061;0,1332
6019;2020-10-17;T20-21;D1;Augsburg;RB Leipzig;0;2;2,0;2;0,2138;0,2238;0,5625
6020;2020-10-17;T20-21;D1;Freiburg;Werder Bremen;1;1;0,0;2;0,2684;0,2956;0,4359
6021;2020-10-17;T20-21;D1;Hertha;Stuttgart;0;2;2,0;1;0,2799;0,5215;0,1987
6022;2020-10-17;T20-21;D1;Hoffenheim;Dortmund;0;1;2,0;2;0,2377;0,2948;0,4675
6023;2020-10-17;T20-21;D1;Mainz;Leverkusen;0;1;2,0;2;0,2352;0,2793;0,4856
6024;2020-10-17;T20-21;D1;Bielefeld;Bayern Munich;1;4;2,0;2;0,1386;0,1216;0,7399
6025;2020-10-17;T20-21;D1;M'gladbach;Wolfsburg;1;1;0,0;1;0,2349;0,6063;0,1588
26174;2020-10-17;T20-21;F1;Marseille;Bordeaux;3;1;1,0;1;0,2098;0,6501;0,1402
26173;2020-10-17;T20-21;F1;Reims;Lorient;1;3;2,0;1;0,2904;0,4226;0,2869
56418;2020-10-18;T20-21;SP2;Vallecano;Espanol;1;0;1,0;1;0,27;0,5079;0,2221
56419;2020-10-18;T20-21;SP2;Mirandes;Mallorca;0;0;0,0;1;0,2927;0,4555;0,2518
56420;2020-10-18;T20-21;SP2;Zaragoza;Malaga;1;2;2,0;1;0,2738;0,506;0,2202
56421;2020-10-18;T20-21;SP2;Girona;Oviedo;1;0;1,0;1;0,24;0,6112;0,1488
56422;2020-10-18;T20-21;SP2;Sp Gijon;Tenerife;1;1;0,0;1;0,2216;0,6214;0,157
15974;2020-10-18;T20-21;E0;Sheffield United;Fulham;1;1;0,0;1;0,287;0,4251;0,2879
15975;2020-10-18;T20-21;E0;Crystal Palace;Brighton;1;1;0,0;2;0,2591;0,3236;0,4172
44559;2020-10-18;T20-21;SP1;Alaves;Elche;0;2;2,0;1;0,304;0,3594;0,3366
34557;2020-10-18;T20-21;I1;Roma;Benevento;5;2;1,0;1;0,1264;0,7472;0,1264
34556;2020-10-18;T20-21;I1;Udinese;Parma;3;2;1,0;1;0,2754;0,4884;0,2362
34555;2020-10-18;T20-21;I1;Torino;Cagliari;2;3;2,0;1;0,288;0,4246;0,2875
34554;2020-10-18;T20-21;I1;Spezia;Fiorentina;2;2;0,0;1;0,3006;0,4031;0,2964
34553;2020-10-18;T20-21;I1;Bologna;Sassuolo;3;4;2,0;1;0,2853;0,3636;0,3511
44561;2020-10-18;T20-21;SP1;Betis;Sociedad;0;3;2,0;1;0,2817;0,4716;0,2467
44556;2020-10-18;T20-21;SP1;Eibar;Osasuna;0;0;0,0;1;0,2854;0,4257;0,289
6026;2020-10-18;T20-21;D1;FC Koln;Ein Frankfurt;1;1;0,0;1;0,2965;0,3573;0,3462
6027;2020-10-18;T20-21;D1;Schalke 04;Union Berlin;1;1;0,0;1;0,221;0,6484;0,1306
44557;2020-10-18;T20-21;SP1;Ath Bilbao;Levante;2;0;1,0;1;0,2707;0,5199;0,2095
44558;2020-10-18;T20-21;SP1;Villarreal;Valencia;2;1;1,0;1;0,2777;0,4644;0,2578
15977;2020-10-18;T20-21;E0;Leicester;Aston Villa;0;1;2,0;1;0,2761;0,4475;0,2765
44560;2020-10-18;T20-21;SP1;Huesca;Valladolid;2;2;0,0;1;0,2842;0,4101;0,3057
15976;2020-10-18;T20-21;E0;Tottenham;West Ham;3;3;0,0;1;0,2207;0,5942;0,1851
26175;2020-10-18;T20-21;F1;Strasbourg;Lyon;2;3;2,0;2;0,2002;0,1879;0,6119
26176;2020-10-18;T20-21;F1;Angers;Metz;1;1;0,0;1;0,2848;0,4304;0,2849
26177;2020-10-18;T20-21;F1;Monaco;Montpellier;1;1;0,0;1;0,2199;0,6392;0,1409
26178;2020-10-18;T20-21;F1;Nantes;Brest;3;1;1,0;1;0,2941;0,4803;0,2256
26179;2020-10-18;T20-21;F1;St Etienne;Nice;1;3;2,0;1;0,2244;0,6122;0,1634
26180;2020-10-18;T20-21;F1;Lille;Lens;4;0;1,0;1;0,1553;0,7149;0,1298
34558;2020-10-19;T20-21;I1;Verona;Genoa;0;0;0,0;1;0,2899;0,3883;0,3218
15979;2020-10-19;T20-21;E0;Leeds;Wolves;0;1;2,0;1;0,294;0,4874;0,2186
15978;2020-10-19;T20-21;E0;West Brom;Burnley;0;0;0,0;2;0,2301;0,3411;0,4289
56425;2020-10-21;T20-21;SP2;Lugo;Girona;3;0;1,0;1;0,284;0,4972;0,2187
56424;2020-10-21;T20-21;SP2;Las Palmas;Castellon;2;1;1,0;1;0,2488;0,5961;0,1551
56423;2020-10-21;T20-21;SP2;Espanol;Mirandes;2;0;1,0;1;0,2993;0,4454;0,2554
56428;2020-10-21;T20-21;SP2;Fuenlabrada;Logrones;0;0;0,0;1;0,2901;0,4539;0,256
56426;2020-10-21;T20-21;SP2;Ponferradina;Tenerife;1;0;1,0;1;0,2842;0,4953;0,2204
56427;2020-10-21;T20-21;SP2;Almeria;Cartagena;1;1;0,0;1;0,2397;0,607;0,1532
56432;2020-10-22;T20-21;SP2;Oviedo;Vallecano;0;0;0,0;1;0,284;0,4893;0,2267
56431;2020-10-22;T20-21;SP2;Mallorca;Albacete;0;0;0,0;1;0,2698;0,4965;0,2336
56430;2020-10-22;T20-21;SP2;Malaga;Sp Gijon;1;0;1,0;1;0,2831;0,5195;0,1973
56429;2020-10-22;T20-21;SP2;Leganes;Zaragoza;1;0;1,0;1;0,2962;0,4675;0,2363
26181;2020-10-23;T20-21;F1;Rennes;Angers;1;2;2,0;1;0,2412;0,6067;0,1521
34559;2020-10-23;T20-21;I1;Sassuolo;Torino;3;3;0,0;1;0,3005;0,4162;0,2833
6028;2020-10-23;T20-21;D1;Stuttgart;FC Koln;1;1;0,0;1;0,2732;0,5208;0,206
44562;2020-10-23;T20-21;SP1;Elche;Valencia;2;1;1,0;2;0,2233;0,1948;0,5819
15980;2020-10-23;T20-21;E0;Aston Villa;Leeds;0;3;2,0;1;0,2914;0,3894;0,3192
34560;2020-10-24;T20-21;I1;Atalanta;Sampdoria;1;3;2,0;1;0,2662;0,5213;0,2125
34561;2020-10-24;T20-21;I1;Genoa;Inter;0;2;2,0;2;0,2348;0,2532;0,5121
34562;2020-10-24;T20-21;I1;Lazio;Bologna;2;1;1,0;1;0,2478;0,6037;0,1485
15984;2020-10-24;T20-21;E0;Liverpool;Sheffield United;2;1;1,0;1;0,1065;0,7505;0,143
15983;2020-10-24;T20-21;E0;Man United;Chelsea;0;0;0,0;2;0,1925;0,3245;0,4831
44565;2020-10-24;T20-21;SP1;Sevilla;Eibar;0;1;2,0;1;0,1679;0,7066;0,1255
15981;2020-10-24;T20-21;E0;West Ham;Man City;1;1;0,0;2;0,1872;0,1915;0,6213
44564;2020-10-24;T20-21;SP1;Osasuna;Ath Bilbao;1;0;1,0;1;0,2818;0,4046;0,3136
56433;2020-10-24;T20-21;SP2;Cartagena;Las Palmas;3;0;1,0;1;0,2946;0,4502;0,2552
56434;2020-10-24;T20-21;SP2;Logrones;Lugo;2;3;2,0;1;0,2948;0,4297;0,2755
44563;2020-10-24;T20-21;SP1;Barcelona;Real Madrid;1;3;2,0;2;0,1425;0,3464;0,5111
56436;2020-10-24;T20-21;SP2;Castellon;Girona;0;1;2,0;1;0,2775;0,518;0,2044
15982;2020-10-24;T20-21;E0;Fulham;Crystal Palace;1;2;2,0;1;0,2875;0,3731;0,3394
56435;2020-10-24;T20-21;SP2;Almeria;Fuenlabrada;3;0;1,0;1;0,253;0,5681;0,179
44566;2020-10-24;T20-21;SP1;Ath Madrid;Betis;2;0;1,0;1;0,1614;0,695;0,1436
26183;2020-10-24;T20-21;F1;Paris SG;Dijon;4;0;1,0;1;0,1065;0,7864;0,1071
6029;2020-10-24;T20-21;D1;Bayern Munich;Ein Frankfurt;5;0;1,0;1;0,1282;0,7377;0,1341
6030;2020-10-24;T20-21;D1;Mainz;M'gladbach;2;3;2,0;1;0,2886;0,453;0,2584
6031;2020-10-24;T20-21;D1;RB Leipzig;Hertha;2;1;1,0;1;0,2544;0,5436;0,2021
6033;2020-10-24;T20-21;D1;Dortmund;Schalke 04;3;0;1,0;1;0,1193;0,7026;0,1781
26182;2020-10-24;T20-21;F1;Lorient;Marseille;0;1;2,0;2;0,2731;0,2868;0,4401
6032;2020-10-24;T20-21;D1;Union Berlin;Freiburg;1;1;0,0;1;0,2843;0,4284;0,2873
44568;2020-10-25;T20-21;SP1;Cadiz;Villarreal;0;0;0,0;2;0,2958;0,3517;0,3525
44567;2020-10-25;T20-21;SP1;Valladolid;Alaves;0;2;2,0;2;0,2786;0,3386;0,3828
6035;2020-10-25;T20-21;D1;Werder Bremen;Hoffenheim;1;1;0,0;1;0,2261;0,6331;0,1408
6034;2020-10-25;T20-21;D1;Wolfsburg;Bielefeld;2;1;1,0;1;0,2346;0,5985;0,1669
15987;2020-10-25;T20-21;E0;Arsenal;Leicester;0;1;2,0;1;0,1165;0,739;0,1445
15986;2020-10-25;T20-21;E0;Wolves;Newcastle;1;1;0,0;1;0,2918;0,3947;0,3135
34567;2020-10-25;T20-21;I1;Juventus;Verona;1;1;0,0;1;0,1003;0,7901;0,1096
34566;2020-10-25;T20-21;I1;Fiorentina;Udinese;3;2;1,0;1;0,2199;0,6255;0,1546
34565;2020-10-25;T20-21;I1;Parma;Spezia;2;2;0,0;1;0,2783;0,4973;0,2244
34564;2020-10-25;T20-21;I1;Benevento;Napoli;1;2;2,0;2;0,2108;0,2164;0,5729
34563;2020-10-25;T20-21;I1;Cagliari;Crotone;4;2;1,0;1;0,2905;0,3841;0,3253
15985;2020-10-25;T20-21;E0;Southampton;Everton;2;0;1,0;1;0,2986;0,4826;0,2188
44570;2020-10-25;T20-21;SP1;Sociedad;Huesca;4;1;1,0;1;0,2501;0,5762;0,1737
44569;2020-10-25;T20-21;SP1;Getafe;Granada;0;1;2,0;1;0,2748;0,4962;0,229
56438;2020-10-25;T20-21;SP2;Leganes;Oviedo;2;1;1,0;1;0,2682;0,5476;0,1842
26184;2020-10-25;T20-21;F1;Bordeaux;Nimes;2;0;1,0;1;0,2273;0,6475;0,1252
26185;2020-10-25;T20-21;F1;Brest;Strasbourg;0;3;2,0;1;0,2985;0,4225;0,279
26186;2020-10-25;T20-21;F1;Metz;St Etienne;2;0;1,0;2;0,2391;0,3355;0,4255
26187;2020-10-25;T20-21;F1;Montpellier;Reims;0;4;2,0;1;0,261;0,5704;0,1686
26188;2020-10-25;T20-21;F1;Nice;Lille;1;1;0,0;1;0,2791;0,4398;0,281
26189;2020-10-25;T20-21;F1;Lyon;Monaco;4;1;1,0;1;0,1474;0,6265;0,2261
56437;2020-10-25;T20-21;SP2;Sp Gijon;Ponferradina;2;1;1,0;1;0,2213;0,6219;0,1568
56442;2020-10-25;T20-21;SP2;Zaragoza;Sabadell;0;0;0,0;1;0,267;0,5404;0,1926
56441;2020-10-25;T20-21;SP2;Malaga;Mirandes;1;1;0,0;1;0,2766;0,5243;0,1991
56440;2020-10-25;T20-21;SP2;Albacete;Vallecano;2;1;1,0;1;0,2955;0,4622;0,2423
56439;2020-10-25;T20-21;SP2;Tenerife;Espanol;0;0;0,0;1;0,2597;0,553;0,1873
56443;2020-10-26;T20-21;SP2;Alcorcon;Mallorca;0;2;2,0;1;0,2634;0,5662;0,1704
6036;2020-10-26;T20-21;D1;Leverkusen;Augsburg;3;1;1,0;1;0,1698;0,6958;0,1344
44571;2020-10-26;T20-21;SP1;Levante;Celta;1;1;0,0;2;0,2785;0,3594;0,3621
15988;2020-10-26;T20-21;E0;Brighton;West Brom;1;1;0,0;1;0,2872;0,4027;0,3101
15989;2020-10-26;T20-21;E0;Burnley;Tottenham;0;1;2,0;2;0,214;0,2207;0,5653
34568;2020-10-26;T20-21;I1;Milan;Roma;3;3;0,0;1;0,2737;0,4815;0,2448
56444;2020-10-27;T20-21;SP2;Girona;Cartagena;2;1;1,0;1;0,2389;0,6087;0,1523
56447;2020-10-28;T20-21;SP2;Espanol;Ponferradina;2;0;1,0;1;0,297;0,4632;0,2398
56446;2020-10-28;T20-21;SP2;Castellon;Almeria;1;2;2,0;1;0,2752;0,52;0,2048
56445;2020-10-28;T20-21;SP2;Albacete;Las Palmas;1;1;0,0;1;0,2851;0,4828;0,2321
56448;2020-10-28;T20-21;SP2;Oviedo;Logrones;2;3;2,0;1;0,2867;0,4935;0,2198
56449;2020-10-29;T20-21;SP2;Alcorcon;Sp Gijon;1;2;2,0;1;0,2684;0,5273;0,2043
56450;2020-10-29;T20-21;SP2;Mallorca;Malaga;3;1;1,0;1;0,2953;0,4631;0,2416
56451;2020-10-29;T20-21;SP2;Mirandes;Zaragoza;1;0;1,0;1;0,2919;0,4136;0,2945
56452;2020-10-29;T20-21;SP2;Tenerife;Lugo;1;1;0,0;1;0,2389;0,5919;0,1692
56453;2020-10-29;T20-21;SP2;Sabadell;Leganes;1;0;1,0;1;0,2892;0,4807;0,2301
56454;2020-10-29;T20-21;SP2;Vallecano;Fuenlabrada;2;0;1,0;1;0,2654;0,527;0,2076
44572;2020-10-30;T20-21;SP1;Eibar;Cadiz;0;2;2,0;1;0,2985;0,3814;0,3201
15990;2020-10-30;T20-21;E0;Wolves;Crystal Palace;2;0;1,0;1;0,2707;0,3908;0,3385
6037;2020-10-30;T20-21;D1;Schalke 04;Stuttgart;1;1;0,0;1;0,1987;0,6643;0,137
6038;2020-10-31;T20-21;D1;Augsburg;Mainz;3;1;1,0;1;0,2989;0,421;0,2801
56455;2020-10-31;T20-21;SP2;Cartagena;Albacete;3;1;1,0;1;0,2816;0,4734;0,245
56456;2020-10-31;T20-21;SP2;Las Palmas;Oviedo;1;2;2,0;1;0,2499;0,5934;0,1566
26190;2020-10-31;T20-21;F1;Rennes;Brest;2;1;1,0;1;0,2409;0,6089;0,1501
44576;2020-10-31;T20-21;SP1;Alaves;Barcelona;1;1;0,0;2;0,142;0,1088;0,7492
44575;2020-10-31;T20-21;SP1;Osasuna;Ath Madrid;1;3;2,0;2;0,2027;0,1791;0,6182
34570;2020-10-31;T20-21;I1;Inter;Parma;2;2;0,0;1;0,1844;0,6432;0,1725
34571;2020-10-31;T20-21;I1;Bologna;Cagliari;3;2;1,0;1;0,2776;0,3819;0,3405
15992;2020-10-31;T20-21;E0;Burnley;Chelsea;0;3;2,0;2;0,1762;0,1688;0,655
15991;2020-10-31;T20-21;E0;Sheffield United;Man City;0;1;2,0;2;0,199;0,2077;0,5934
44574;2020-10-31;T20-21;SP1;Ath Bilbao;Sevilla;2;1;1,0;1;0,2596;0,548;0,1924
44573;2020-10-31;T20-21;SP1;Real Madrid;Huesca;4;1;1,0;1;0,0729;0,7998;0,1273
6042;2020-10-31;T20-21;D1;M'gladbach;RB Leipzig;1;0;1,0;1;0,2752;0,4265;0,2983
6041;2020-10-31;T20-21;D1;FC Koln;Bayern Munich;1;2;2,0;2;0,1864;0,1307;0,6829
6040;2020-10-31;T20-21;D1;Ein Frankfurt;Werder Bremen;1;1;0,0;1;0,2974;0,3718;0,3308
6039;2020-10-31;T20-21;D1;Bielefeld;Dortmund;0;2;2,0;2;0,1902;0,2372;0,5725
34569;2020-10-31;T20-21;I1;Crotone;Atalanta;1;2;2,0;2;0,2803;0,3452;0,3746
26191;2020-10-31;T20-21;F1;Nantes;Paris SG;0;3;2,0;2;0,237;0,2562;0,5068
15993;2020-10-31;T20-21;E0;Liverpool;West Ham;2;1;1,0;1;0,172;0,685;0,1431
34572;2020-11-01;T20-21;I1;Udinese;Milan;1;2;2,0;2;0,2485;0,2581;0,4935
26196;2020-11-01;T20-21;F1;Reims;Strasbourg;2;1;1,0;1;0,2973;0,4339;0,2689
26195;2020-11-01;T20-21;F1;Nimes;Metz;0;1;2,0;1;0,2848;0,4267;0,2885
26193;2020-11-01;T20-21;F1;Angers;Nice;0;3;2,0;1;0,2976;0,4464;0,256
26192;2020-11-01;T20-21;F1;St Etienne;Montpellier;0;1;2,0;1;0,2328;0,6159;0,1512
56457;2020-11-01;T20-21;SP2;Leganes;Mirandes;1;0;1,0;1;0,278;0,5209;0,2011
56458;2020-11-01;T20-21;SP2;Zaragoza;Mallorca;0;0;0,0;1;0,2663;0,5588;0,1749
26197;2020-11-01;T20-21;F1;Monaco;Bordeaux;4;0;1,0;1;0,2422;0,6112;0,1466
56459;2020-11-01;T20-21;SP2;Fuenlabrada;Tenerife;1;1;0,0;1;0,2961;0,4697;0,2343
56461;2020-11-01;T20-21;SP2;Lugo;Vallecano;1;0;1,0;1;0,2927;0,4514;0,2559
56462;2020-11-01;T20-21;SP2;Almeria;Girona;0;0;0,0;1;0,2393;0,6133;0,1474
44580;2020-11-01;T20-21;SP1;Valencia;Getafe;2;2;0,0;1;0,1924;0,6728;0,1347
44579;2020-11-01;T20-21;SP1;Granada;Levante;1;1;0,0;1;0,2868;0,3691;0,3441
44578;2020-11-01;T20-21;SP1;Celta;Sociedad;1;4;2,0;1;0,2719;0,4959;0,2322
44577;2020-11-01;T20-21;SP1;Betis;Elche;3;1;1,0;1;0,2775;0,5062;0,2163
56460;2020-11-01;T20-21;SP2;Ponferradina;Sabadell;0;3;2,0;1;0,2875;0,4994;0,2131
26198;2020-11-01;T20-21;F1;Lille;Lyon;1;1;0,0;1;0,2796;0,3987;0,3217
26194;2020-11-01;T20-21;F1;Dijon;Lorient;0;0;0,0;1;0,2949;0,3998;0,3053
15995;2020-11-01;T20-21;E0;Newcastle;Everton;2;1;1,0;1;0,2714;0,5426;0,186
34574;2020-11-01;T20-21;I1;Torino;Lazio;3;4;2,0;2;0,2319;0,2161;0,552
34575;2020-11-01;T20-21;I1;Napoli;Sassuolo;0;2;2,0;1;0,1839;0,6983;0,1178
34576;2020-11-01;T20-21;I1;Roma;Fiorentina;2;0;1,0;1;0,1159;0,7451;0,139
15997;2020-11-01;T20-21;E0;Tottenham;Brighton;2;1;1,0;1;0,1726;0,7082;0,1192
15996;2020-11-01;T20-21;E0;Man United;Arsenal;0;1;2,0;1;0,2623;0,4524;0,2853
34577;2020-11-01;T20-21;I1;Sampdoria;Genoa;1;1;0,0;1;0,2675;0,5218;0,2107
6044;2020-11-01;T20-21;D1;Hertha;Wolfsburg;1;1;0,0;1;0,278;0,5249;0,1971
6043;2020-11-01;T20-21;D1;Freiburg;Leverkusen;2;4;2,0;2;0,2085;0,2144;0,5771
15994;2020-11-01;T20-21;E0;Aston Villa;Southampton;3;4;2,0;1;0,2965;0,4385;0,265
34573;2020-11-01;T20-21;I1;Spezia;Juventus;1;4;2,0;2;0,1852;0,1435;0,6713
56465;2020-11-02;T20-21;SP2;Malaga;Espanol;0;3;2,0;1;0,2967;0,4403;0,263
56464;2020-11-02;T20-21;SP2;Sp Gijon;Castellon;1;0;1,0;1;0,2203;0,6455;0,1342
56463;2020-11-02;T20-21;SP2;Logrones;Alcorcon;1;0;1,0;1;0,2978;0,4286;0,2736
15998;2020-11-02;T20-21;E0;Fulham;West Brom;2;0;1,0;1;0,2867;0,4128;0,3005
34578;2020-11-02;T20-21;I1;Verona;Benevento;3;1;1,0;2;0,268;0,3311;0,4009
15999;2020-11-02;T20-21;E0;Leeds;Leicester;1;4;2,0;1;0,2888;0,4828;0,2284
44581;2020-11-02;T20-21;SP1;Villarreal;Valladolid;2;0;1,0;1;0,2357;0,6268;0,1375
6045;2020-11-02;T20-21;D1;Hoffenheim;Union Berlin;1;3;2,0;1;0,2647;0,5428;0,1925
34579;2020-11-04;T20-21;I1;Genoa;Torino;1;2;2,0;1;0,2767;0,4778;0,2455
56466;2020-11-04;T20-21;SP2;Zaragoza;Girona;2;2;0,0;1;0,266;0,5609;0,1731
56467;2020-11-05;T20-21;SP2;Alcorcon;Ponferradina;0;1;2,0;1;0,2622;0,5417;0,1961
56468;2020-11-05;T20-21;SP2;Sabadell;Almeria;1;2;2,0;1;0,2839;0,4719;0,2442
44582;2020-11-06;T20-21;SP1;Elche;Celta;1;1;0,0;1;0,2938;0,4029;0,3034
16001;2020-11-06;T20-21;E0;Southampton;Newcastle;2;0;1,0;1;0,2853;0,4512;0,2635
34580;2020-11-06;T20-21;I1;Sassuolo;Udinese;0;0;0,0;1;0,2921;0,4043;0,3037
16000;2020-11-06;T20-21;E0;Brighton;Burnley;0;0;0,0;2;0,277;0,3571;0,3659
6046;2020-11-06;T20-21;D1;Werder Bremen;FC Koln;1;1;0,0;1;0,2466;0,5821;0,1714
26199;2020-11-06;T20-21;F1;Strasbourg;Marseille;0;1;2,0;2;0,2121;0,2258;0,5621
56469;2020-11-06;T20-21;SP2;Albacete;Leganes;0;0;0,0;1;0,283;0,5124;0,2046
44584;2020-11-07;T20-21;SP1;Barcelona;Betis;5;2;1,0;1;0,1257;0,7478;0,1265
44585;2020-11-07;T20-21;SP1;Sevilla;Osasuna;1;0;1,0;1;0,2445;0,5905;0,1649
26200;2020-11-07;T20-21;F1;Bordeaux;Montpellier;0;2;2,0;1;0,2191;0,6432;0,1377
26201;2020-11-07;T20-21;F1;Paris SG;Rennes;3;0;1,0;1;0,1221;0,7494;0,1285
44586;2020-11-07;T20-21;SP1;Ath Madrid;Cadiz;4;0;1,0;1;0,1526;0,7026;0,1448
44583;2020-11-07;T20-21;SP1;Huesca;Eibar;1;1;0,0;1;0,2888;0,3728;0,3385
16003;2020-11-07;T20-21;E0;Crystal Palace;Leeds;4;1;1,0;2;0,2396;0,251;0,5094
6047;2020-11-07;T20-21;D1;Augsburg;Hertha;0;3;2,0;2;0,2752;0,3501;0,3747
6048;2020-11-07;T20-21;D1;Mainz;Schalke 04;2;2;0,0;1;0,296;0,4051;0,2989
6049;2020-11-07;T20-21;D1;RB Leipzig;Freiburg;3;0;1,0;1;0,2786;0,4831;0,2383
56472;2020-11-07;T20-21;SP2;Espanol;Lugo;2;1;1,0;1;0,2961;0,4665;0,2374
56471;2020-11-07;T20-21;SP2;Mirandes;Sp Gijon;1;0;1,0;1;0,2884;0,4628;0,2487
56470;2020-11-07;T20-21;SP2;Cartagena;Logrones;0;1;2,0;1;0,2921;0,4141;0,2938
34583;2020-11-07;T20-21;I1;Parma;Fiorentina;0;0;0,0;1;0,2674;0,5396;0,193
6050;2020-11-07;T20-21;D1;Stuttgart;Ein Frankfurt;2;2;0,0;1;0,2685;0,5314;0,2002
6051;2020-11-07;T20-21;D1;Union Berlin;Bielefeld;5;0;1,0;1;0,2974;0,4545;0,2482
6052;2020-11-07;T20-21;D1;Dortmund;Bayern Munich;2;3;2,0;2;0,1233;0,1266;0,75
16005;2020-11-07;T20-21;E0;West Ham;Fulham;1;0;1,0;1;0,2879;0,42;0,2921
16004;2020-11-07;T20-21;E0;Chelsea;Sheffield United;4;1;1,0;1;0,1056;0,7469;0,1475
34581;2020-11-07;T20-21;I1;Cagliari;Sampdoria;2;0;1,0;1;0,2972;0,4104;0,2924
16002;2020-11-07;T20-21;E0;Everton;Man United;1;3;2,0;2;0,1961;0,2147;0,5892
34582;2020-11-07;T20-21;I1;Benevento;Spezia;0;3;2,0;2;0,2499;0,2576;0,4924
26202;2020-11-08;T20-21;F1;Brest;Lille;3;2;1,0;2;0,2372;0,2038;0,559
56478;2020-11-08;T20-21;SP2;Tenerife;Zaragoza;1;0;1,0;1;0,2515;0,5708;0,1777
56477;2020-11-08;T20-21;SP2;Oviedo;Castellon;4;0;1,0;1;0,2628;0,5448;0,1924
6053;2020-11-08;T20-21;D1;Wolfsburg;Hoffenheim;2;1;1,0;1;0,2364;0,6144;0,1492
26205;2020-11-08;T20-21;F1;Metz;Dijon;1;1;0,0;2;0,2553;0,3491;0,3957
26206;2020-11-08;T20-21;F1;Nimes;Angers;1;5;2,0;1;0,2897;0,4531;0,2571
26207;2020-11-08;T20-21;F1;Nice;Monaco;1;2;2,0;1;0,2793;0,4487;0,272
26208;2020-11-08;T20-21;F1;Lyon;St Etienne;2;1;1,0;1;0,1215;0,7725;0,106
34587;2020-11-08;T20-21;I1;Torino;Crotone;0;0;0,0;1;0,2927;0,4353;0,272
34588;2020-11-08;T20-21;I1;Bologna;Napoli;0;1;2,0;2;0,2036;0,1861;0,6103
34589;2020-11-08;T20-21;I1;Milan;Verona;2;2;0,0;1;0,114;0,8059;0,0801
26204;2020-11-08;T20-21;F1;Lorient;Nantes;0;2;2,0;1;0,2743;0,4886;0,2371
6054;2020-11-08;T20-21;D1;Leverkusen;M'gladbach;4;3;1,0;1;0,2018;0,6615;0,1367
26203;2020-11-08;T20-21;F1;Lens;Reims;4;4;0,0;1;0,2695;0,5395;0,191
34585;2020-11-08;T20-21;I1;Atalanta;Inter;1;1;0,0;2;0,2263;0,3118;0,462
16006;2020-11-08;T20-21;E0;West Brom;Tottenham;0;1;2,0;2;0,1527;0,1813;0,6661
16007;2020-11-08;T20-21;E0;Leicester;Wolves;1;0;1,0;1;0,2924;0,4931;0,2145
16008;2020-11-08;T20-21;E0;Man City;Liverpool;1;1;0,0;1;0,2774;0,4564;0,2662
34584;2020-11-08;T20-21;I1;Lazio;Juventus;1;1;0,0;2;0,1362;0,1387;0,7251
16009;2020-11-08;T20-21;E0;Arsenal;Aston Villa;0;3;2,0;1;0,1514;0,6792;0,1694
44587;2020-11-08;T20-21;SP1;Getafe;Villarreal;1;3;2,0;1;0,2623;0,5602;0,1775
44588;2020-11-08;T20-21;SP1;Sociedad;Granada;2;0;1,0;1;0,2597;0,5463;0,1939
44589;2020-11-08;T20-21;SP1;Levante;Alaves;1;1;0,0;2;0,2822;0,3461;0,3717
44591;2020-11-08;T20-21;SP1;Valencia;Real Madrid;4;1;1,0;2;0,1206;0,1166;0,7628
44590;2020-11-08;T20-21;SP1;Valladolid;Ath Bilbao;2;1;1,0;1;0,2868;0,3923;0,3209
56476;2020-11-08;T20-21;SP2;Mallorca;Ponferradina;3;0;1,0;1;0,2861;0,4931;0,2207
56474;2020-11-08;T20-21;SP2;Alcorcon;Fuenlabrada;0;3;2,0;1;0,274;0,505;0,221
56475;2020-11-08;T20-21;SP2;Vallecano;Almeria;0;1;2,0;1;0,2589;0,5756;0,1655
34586;2020-11-08;T20-21;I1;Genoa;Roma;1;3;2,0;2;0,2378;0,2572;0,505
56473;2020-11-08;T20-21;SP2;Sabadell;Malaga;1;2;2,0;1;0,2913;0,3914;0,3173
56479;2020-11-09;T20-21;SP2;Girona;Las Palmas;1;1;0,0;1;0,2319;0,5953;0,1727
56480;2020-11-13;T20-21;SP2;Zaragoza;Oviedo;1;2;2,0;1;0,2659;0,5617;0,1724
56481;2020-11-14;T20-21;SP2;Fuenlabrada;Espanol;1;1;0,0;1;0,2942;0,402;0,3038
56482;2020-11-14;T20-21;SP2;Almeria;Mirandes;2;1;1,0;1;0,2385;0,6051;0,1564
56484;2020-11-14;T20-21;SP2;Lugo;Albacete;1;0;1,0;1;0,2752;0,4752;0,2496
56483;2020-11-14;T20-21;SP2;Girona;Mallorca;0;1;2,0;1;0,2411;0,6106;0,1483
56486;2020-11-15;T20-21;SP2;Ponferradina;Malaga;1;1;0,0;1;0,2933;0,4496;0,2571
56489;2020-11-15;T20-21;SP2;Las Palmas;Tenerife;1;0;1,0;1;0,2438;0,5779;0,1783
56485;2020-11-15;T20-21;SP2;Leganes;Alcorcon;1;0;1,0;1;0,279;0,5191;0,2018
56488;2020-11-15;T20-21;SP2;Logrones;Sabadell;1;0;1,0;1;0,2945;0,4413;0,2642
56487;2020-11-15;T20-21;SP2;Castellon;Cartagena;2;1;1,0;1;0,2698;0,5308;0,1994
56490;2020-11-16;T20-21;SP2;Sp Gijon;Vallecano;1;1;0,0;1;0,2438;0,603;0,1532
26209;2020-11-20;T20-21;F1;Rennes;Bordeaux;0;1;2,0;1;0,2499;0,5727;0,1774
26210;2020-11-20;T20-21;F1;Monaco;Paris SG;3;2;1,0;2;0,261;0,3375;0,4015
44592;2020-11-20;T20-21;SP1;Osasuna;Huesca;1;1;0,0;1;0,3056;0,3585;0,336
56492;2020-11-20;T20-21;SP2;Espanol;Girona;1;2;2,0;1;0,2862;0,4734;0,2403
56491;2020-11-20;T20-21;SP2;Alcorcon;Lugo;1;0;1,0;1;0,2665;0,5427;0,1908
26211;2020-11-21;T20-21;F1;Brest;St Etienne;4;1;1,0;1;0,2948;0,4295;0,2757
34591;2020-11-21;T20-21;I1;Spezia;Atalanta;0;0;0,0;1;0,2944;0,4208;0,2848
56496;2020-11-21;T20-21;SP2;Oviedo;Fuenlabrada;1;1;0,0;1;0,2797;0,4887;0,2316
56495;2020-11-21;T20-21;SP2;Vallecano;Castellon;2;1;1,0;1;0,2593;0,5748;0,1659
56494;2020-11-21;T20-21;SP2;Mirandes;Cartagena;4;1;1,0;1;0,2785;0,4971;0,2244
56493;2020-11-21;T20-21;SP2;Malaga;Leganes;1;2;2,0;1;0,2815;0,5232;0,1953
34590;2020-11-21;T20-21;I1;Crotone;Lazio;0;2;2,0;2;0,2141;0,2229;0,5631
34592;2020-11-21;T20-21;I1;Juventus;Cagliari;2;0;1,0;1;0,1629;0,6939;0,1433
16013;2020-11-21;T20-21;E0;Man United;West Brom;1;0;1,0;1;0,1516;0,7117;0,1367
16010;2020-11-21;T20-21;E0;Newcastle;Chelsea;0;2;2,0;2;0,2073;0,2723;0,5203
44594;2020-11-21;T20-21;SP1;Villarreal;Real Madrid;1;1;0,0;2;0,1062;0,0906;0,8032
44595;2020-11-21;T20-21;SP1;Sevilla;Celta;4;2;1,0;1;0,1601;0,7174;0,1225
44596;2020-11-21;T20-21;SP1;Ath Madrid;Barcelona;1;0;1,0;2;0,0978;0,087;0,8152
6057;2020-11-21;T20-21;D1;Hoffenheim;Stuttgart;3;3;0,0;1;0,2792;0,523;0,1978
6056;2020-11-21;T20-21;D1;Bielefeld;Leverkusen;1;2;2,0;2;0,1976;0,1835;0,6189
6055;2020-11-21;T20-21;D1;Bayern Munich;Werder Bremen;1;1;0,0;1;0,073;0,8056;0,1214
16011;2020-11-21;T20-21;E0;Aston Villa;Brighton;1;2;2,0;1;0,2897;0,4435;0,2668
16012;2020-11-21;T20-21;E0;Tottenham;Man City;2;0;1,0;1;0,2745;0,4814;0,2441
6058;2020-11-21;T20-21;D1;M'gladbach;Augsburg;1;1;0,0;1;0,2322;0,6041;0,1637
6059;2020-11-21;T20-21;D1;Schalke 04;Wolfsburg;0;2;2,0;1;0,2002;0,6677;0,1321
44593;2020-11-21;T20-21;SP1;Levante;Elche;1;1;0,0;2;0,2697;0,3268;0,4035
6060;2020-11-21;T20-21;D1;Ein Frankfurt;RB Leipzig;1;1;0,0;2;0,2341;0,2122;0,5537
6061;2020-11-21;T20-21;D1;Hertha;Dortmund;2;5;2,0;2;0,2504;0,2788;0,4708
26213;2020-11-22;T20-21;F1;Dijon;Lens;0;1;2,0;2;0,2796;0,3545;0,3658
26212;2020-11-22;T20-21;F1;Nantes;Metz;1;1;0,0;1;0,2848;0,4435;0,2717
56497;2020-11-22;T20-21;SP2;Sabadell;Las Palmas;3;1;1,0;1;0,2955;0,4444;0,2601
6063;2020-11-22;T20-21;D1;FC Koln;Union Berlin;1;2;2,0;2;0,2206;0,2565;0,5229
56498;2020-11-22;T20-21;SP2;Mallorca;Sp Gijon;0;0;0,0;1;0,2896;0,4974;0,213
56499;2020-11-22;T20-21;SP2;Tenerife;Logrones;0;1;2,0;1;0,2578;0,5571;0,1851
56500;2020-11-22;T20-21;SP2;Ponferradina;Zaragoza;2;1;1,0;1;0,2915;0,4689;0,2396
44600;2020-11-22;T20-21;SP1;Alaves;Valencia;2;2;0,0;2;0,2224;0,1837;0,5939
44599;2020-11-22;T20-21;SP1;Granada;Valladolid;1;3;2,0;1;0,292;0,3765;0,3315
44598;2020-11-22;T20-21;SP1;Cadiz;Sociedad;0;1;2,0;1;0,2999;0,4218;0,2783
44597;2020-11-22;T20-21;SP1;Eibar;Getafe;0;0;0,0;1;0,2841;0,4142;0,3018
6062;2020-11-22;T20-21;D1;Freiburg;Mainz;1;3;2,0;1;0,3164;0,4095;0,2741
26215;2020-11-22;T20-21;F1;Reims;Nimes;0;1;2,0;1;0,2907;0,4636;0,2457
26214;2020-11-22;T20-21;F1;Montpellier;Strasbourg;4;3;1,0;1;0,247;0,5523;0,2007
26217;2020-11-22;T20-21;F1;Lille;Lorient;4;0;1,0;1;0,2018;0,6624;0,1358
16015;2020-11-22;T20-21;E0;Sheffield United;West Ham;0;1;2,0;1;0,2867;0,4218;0,2915
16016;2020-11-22;T20-21;E0;Leeds;Arsenal;0;0;0,0;2;0,2325;0,2441;0,5234
16017;2020-11-22;T20-21;E0;Liverpool;Leicester;3;0;1,0;1;0,117;0,741;0,142
34599;2020-11-22;T20-21;I1;Napoli;Milan;1;3;2,0;1;0,2895;0,4153;0,2953
34598;2020-11-22;T20-21;I1;Udinese;Genoa;1;0;1,0;1;0,2762;0,4877;0,2362
34597;2020-11-22;T20-21;I1;Verona;Sassuolo;0;2;2,0;2;0,2673;0,326;0,4067
34596;2020-11-22;T20-21;I1;Sampdoria;Bologna;1;2;2,0;1;0,2821;0,4956;0,2223
26216;2020-11-22;T20-21;F1;Angers;Lyon;0;1;2,0;2;0,2156;0,2489;0,5354
34594;2020-11-22;T20-21;I1;Inter;Torino;4;2;1,0;1;0,1118;0,8057;0,0825
34593;2020-11-22;T20-21;I1;Fiorentina;Benevento;0;1;2,0;1;0,2214;0,653;0,1256
34595;2020-11-22;T20-21;I1;Roma;Parma;3;0;1,0;1;0,1757;0,6625;0,1618
16014;2020-11-22;T20-21;E0;Fulham;Everton;2;3;2,0;1;0,2879;0,3713;0,3408
44601;2020-11-23;T20-21;SP1;Ath Bilbao;Betis;4;0;1,0;1;0,2557;0,5543;0,19
56501;2020-11-23;T20-21;SP2;Albacete;Almeria;1;2;2,0;1;0,2714;0,5302;0,1984
16018;2020-11-23;T20-21;E0;Burnley;Crystal Palace;1;0;1,0;2;0,2701;0,3638;0,3661
16019;2020-11-23;T20-21;E0;Wolves;Southampton;1;1;0,0;2;0,2827;0,3462;0,3711
56503;2020-11-24;T20-21;SP2;Girona;Malaga;0;1;2,0;1;0,2555;0,562;0,1825
56504;2020-11-24;T20-21;SP2;Lugo;Oviedo;0;0;0,0;1;0,2771;0,5111;0,2118
56502;2020-11-24;T20-21;SP2;Castellon;Alcorcon;0;2;2,0;1;0,2968;0,4928;0,2104
26218;2020-11-25;T20-21;F1;Lens;Nantes;1;1;0,0;1;0,2562;0,5263;0,2174
56506;2020-11-25;T20-21;SP2;Sp Gijon;Sabadell;3;1;1,0;1;0,2231;0,6209;0,1559
56505;2020-11-25;T20-21;SP2;Las Palmas;Mirandes;0;2;2,0;1;0,2475;0,5879;0,1646
56509;2020-11-25;T20-21;SP2;Fuenlabrada;Ponferradina;1;1;0,0;1;0,2947;0,4702;0,2351
56508;2020-11-25;T20-21;SP2;Cartagena;Mallorca;1;2;2,0;1;0,2873;0,4641;0,2487
56507;2020-11-25;T20-21;SP2;Zaragoza;Vallecano;1;2;2,0;1;0,2739;0,5067;0,2195
56512;2020-11-26;T20-21;SP2;Almeria;Tenerife;2;0;1,0;1;0,2317;0,6009;0,1674
56511;2020-11-26;T20-21;SP2;Logrones;Albacete;2;0;1,0;1;0,2837;0,4554;0,261
56510;2020-11-26;T20-21;SP2;Leganes;Espanol;2;0;1,0;1;0,2939;0,4563;0,2498
6064;2020-11-27;T20-21;D1;Wolfsburg;Werder Bremen;5;3;1,0;1;0,2406;0,5956;0,1638
16020;2020-11-27;T20-21;E0;Crystal Palace;Newcastle;0;2;2,0;1;0,2913;0,3669;0,3417
44602;2020-11-27;T20-21;SP1;Valladolid;Levante;1;1;0,0;1;0,2876;0,4022;0,3102
26219;2020-11-27;T20-21;F1;Strasbourg;Rennes;1;1;0,0;1;0,2675;0,3725;0,36
56513;2020-11-27;T20-21;SP2;Alcorcon;Girona;1;0;1,0;1;0,2652;0,5632;0,1716
56514;2020-11-27;T20-21;SP2;Malaga;Lugo;2;2;0,0;1;0,2803;0,5118;0,2079
44603;2020-11-28;T20-21;SP1;Elche;Cadiz;1;1;0,0;2;0,2996;0,3234;0,377
34602;2020-11-28;T20-21;I1;Atalanta;Verona;0;2;2,0;1;0,249;0,5433;0,2078
34601;2020-11-28;T20-21;I1;Benevento;Juventus;1;1;0,0;2;0,2101;0,1466;0,6433
34600;2020-11-28;T20-21;I1;Sassuolo;Inter;0;3;2,0;2;0,1846;0,2477;0,5677
16021;2020-11-28;T20-21;E0;Brighton;Liverpool;1;1;0,0;2;0,1968;0,1795;0,6237
16022;2020-11-28;T20-21;E0;Man City;Burnley;5;0;1,0;1;0,126;0,7818;0,0922
16023;2020-11-28;T20-21;E0;Everton;Leeds;0;1;2,0;1;0,2419;0,6105;0,1476
16024;2020-11-28;T20-21;E0;West Brom;Sheffield United;1;0;1,0;2;0,2165;0,2982;0,4852
26221;2020-11-28;T20-21;F1;Paris SG;Bordeaux;2;2;0,0;1;0,0906;0,7736;0,1357
26220;2020-11-28;T20-21;F1;Marseille;Nantes;3;1;1,0;1;0,1631;0,7124;0,1246
56515;2020-11-28;T20-21;SP2;Sabadell;Fuenlabrada;1;2;2,0;1;0,2907;0,3776;0,3317
56516;2020-11-28;T20-21;SP2;Vallecano;Cartagena;0;0;0,0;1;0,2558;0,5785;0,1657
56517;2020-11-28;T20-21;SP2;Mirandes;Castellon;1;1;0,0;1;0,2918;0,4622;0,246
6067;2020-11-28;T20-21;D1;RB Leipzig;Bielefeld;2;1;1,0;1;0,2571;0,5457;0,1972
44606;2020-11-28;T20-21;SP1;Real Madrid;Alaves;1;2;2,0;1;0,1084;0,7605;0,1311
44605;2020-11-28;T20-21;SP1;Huesca;Sevilla;0;1;2,0;2;0,2831;0,258;0,4588
44604;2020-11-28;T20-21;SP1;Valencia;Ath Madrid;0;1;2,0;1;0,2627;0,4716;0,2657
6065;2020-11-28;T20-21;D1;Augsburg;Freiburg;1;1;0,0;1;0,2842;0,3953;0,3205
6066;2020-11-28;T20-21;D1;Dortmund;FC Koln;1;2;2,0;1;0,198;0,6282;0,1738
6068;2020-11-28;T20-21;D1;Stuttgart;Bayern Munich;1;3;2,0;2;0,1633;0,3279;0,5087
6069;2020-11-28;T20-21;D1;Union Berlin;Ein Frankfurt;3;3;0,0;1;0,2826;0,4286;0,2888
6070;2020-11-28;T20-21;D1;M'gladbach;Schalke 04;4;1;1,0;1;0,2527;0,5715;0,1759
34604;2020-11-29;T20-21;I1;Bologna;Crotone;1;0;1,0;1;0,2889;0,3778;0,3334
34603;2020-11-29;T20-21;I1;Lazio;Udinese;1;3;2,0;1;0,2012;0,6592;0,1396
16027;2020-11-29;T20-21;E0;Arsenal;Wolves;1;2;2,0;1;0,1234;0,743;0,1336
16026;2020-11-29;T20-21;E0;Chelsea;Tottenham;0;0;0,0;1;0,148;0,6331;0,2189
16025;2020-11-29;T20-21;E0;Southampton;Man United;2;3;2,0;2;0,2475;0,2244;0,5281
44610;2020-11-29;T20-21;SP1;Sociedad;Villarreal;1;1;0,0;1;0,2479;0,5937;0,1585
44609;2020-11-29;T20-21;SP1;Celta;Granada;3;1;1,0;1;0,2782;0,4616;0,2602
44607;2020-11-29;T20-21;SP1;Barcelona;Osasuna;4;0;1,0;1;0,14;0,7589;0,1011
44608;2020-11-29;T20-21;SP1;Getafe;Ath Bilbao;1;1;0,0;1;0,2726;0,4884;0,239
34606;2020-11-29;T20-21;I1;Cagliari;Spezia;2;2;0,0;2;0,2804;0,2861;0,4336
26223;2020-11-29;T20-21;F1;Lens;Angers;1;3;2,0;1;0,2638;0,5552;0,1809
34607;2020-11-29;T20-21;I1;Napoli;Roma;4;0;1,0;1;0,2782;0,398;0,3238
34605;2020-11-29;T20-21;I1;Milan;Fiorentina;2;0;1,0;1;0,1308;0,7323;0,1369
26222;2020-11-29;T20-21;F1;Lyon;Reims;3;0;1,0;1;0,1277;0,749;0,1234
56519;2020-11-29;T20-21;SP2;Espanol;Zaragoza;2;0;1,0;1;0,2861;0,4754;0,2384
56520;2020-11-29;T20-21;SP2;Mallorca;Logrones;4;0;1,0;1;0,2964;0,4663;0,2373
56518;2020-11-29;T20-21;SP2;Albacete;Tenerife;0;2;2,0;1;0,2855;0,4921;0,2224
56521;2020-11-29;T20-21;SP2;Ponferradina;Leganes;3;2;1,0;1;0,2848;0,5044;0,2108
6072;2020-11-29;T20-21;D1;Mainz;Hoffenheim;1;1;0,0;1;0,2767;0,5036;0,2197
6071;2020-11-29;T20-21;D1;Leverkusen;Hertha;0;0;0,0;1;0,1624;0,7044;0,1332
56522;2020-11-29;T20-21;SP2;Las Palmas;Sp Gijon;3;2;1,0;1;0,2549;0,5596;0,1855
26224;2020-11-29;T20-21;F1;Lorient;Montpellier;0;1;2,0;1;0,2966;0,4946;0,2088
26228;2020-11-29;T20-21;F1;St Etienne;Lille;1;1;0,0;1;0,276;0,4741;0,25
26227;2020-11-29;T20-21;F1;Nice;Dijon;1;3;2,0;1;0,2351;0,5899;0,175
26226;2020-11-29;T20-21;F1;Monaco;Nimes;3;0;1,0;1;0,2244;0,6518;0,1238
26225;2020-11-29;T20-21;F1;Metz;Brest;0;2;2,0;2;0,2342;0,3255;0,4404
16029;2020-11-30;T20-21;E0;West Ham;Aston Villa;2;1;1,0;1;0,2835;0,4102;0,3063
44611;2020-11-30;T20-21;SP1;Betis;Eibar;0;2;2,0;1;0,3009;0,4434;0,2556
34609;2020-11-30;T20-21;I1;Genoa;Parma;1;2;2,0;1;0,2809;0,4379;0,2811
16028;2020-11-30;T20-21;E0;Leicester;Fulham;1;2;2,0;1;0,2782;0,4437;0,2781
56523;2020-11-30;T20-21;SP2;Oviedo;Almeria;1;2;2,0;1;0,2578;0,5587;0,1835
34608;2020-11-30;T20-21;I1;Torino;Sampdoria;2;2;0,0;1;0,2957;0,4201;0,2842
56524;2020-12-01;T20-21;SP2;Fuenlabrada;Malaga;0;2;2,0;1;0,2928;0,4243;0,283
56525;2020-12-01;T20-21;SP2;Girona;Mirandes;1;0;1,0;1;0,2402;0,6023;0,1574
56527;2020-12-02;T20-21;SP2;Leganes;Vallecano;1;0;1,0;1;0,2889;0,4933;0,2178
56530;2020-12-02;T20-21;SP2;Lugo;Las Palmas;1;1;0,0;1;0,2918;0,4678;0,2404
56529;2020-12-02;T20-21;SP2;Castellon;Zaragoza;1;0;1,0;1;0,2894;0,488;0,2226
56526;2020-12-02;T20-21;SP2;Cartagena;Espanol;1;3;2,0;2;0,2862;0,3401;0,3737
56528;2020-12-02;T20-21;SP2;Logrones;Ponferradina;1;2;2,0;1;0,2971;0,443;0,2599
56534;2020-12-03;T20-21;SP2;Sp Gijon;Albacete;0;0;0,0;1;0,2256;0,6076;0,1669
56533;2020-12-03;T20-21;SP2;Tenerife;Sabadell;1;2;2,0;1;0,2384;0,5915;0,1701
56532;2020-12-03;T20-21;SP2;Oviedo;Alcorcon;1;1;0,0;1;0,2759;0,5273;0,1967
56531;2020-12-03;T20-21;SP2;Almeria;Mallorca;0;1;2,0;1;0,2372;0,6165;0,1463
6073;2020-12-04;T20-21;D1;Hertha;Union Berlin;3;1;1,0;1;0,2646;0,5433;0,1922
44612;2020-12-04;T20-21;SP1;Ath Bilbao;Celta;0;2;2,0;1;0,2335;0,5853;0,1812
26229;2020-12-04;T20-21;F1;Nimes;Marseille;0;2;2,0;2;0,2234;0,212;0,5647
6077;2020-12-05;T20-21;D1;Freiburg;M'gladbach;2;2;0,0;1;0,3048;0,4118;0,2834
56536;2020-12-05;T20-21;SP2;Ponferradina;Las Palmas;0;0;0,0;1;0,2863;0,4775;0,2362
6076;2020-12-05;T20-21;D1;FC Koln;Wolfsburg;2;2;0,0;2;0,2441;0,3344;0,4215
6075;2020-12-05;T20-21;D1;Ein Frankfurt;Dortmund;1;1;0,0;2;0,1905;0,2252;0,5844
44616;2020-12-05;T20-21;SP1;Cadiz;Barcelona;2;1;1,0;2;0,1544;0,1088;0,7368
44615;2020-12-05;T20-21;SP1;Ath Madrid;Valladolid;2;0;1,0;1;0,185;0,6433;0,1717
44614;2020-12-05;T20-21;SP1;Sevilla;Real Madrid;0;1;2,0;2;0,1164;0,1065;0,7771
34612;2020-12-05;T20-21;I1;Inter;Bologna;3;1;1,0;1;0,1987;0,6337;0,1676
44613;2020-12-05;T20-21;SP1;Levante;Getafe;3;0;1,0;1;0,2895;0,3905;0,32
6078;2020-12-05;T20-21;D1;Bayern Munich;RB Leipzig;3;3;0,0;1;0,1473;0,6397;0,213
34611;2020-12-05;T20-21;I1;Juventus;Torino;2;1;1,0;1;0,1018;0,7859;0,1124
6074;2020-12-05;T20-21;D1;Bielefeld;Mainz;2;1;1,0;1;0,297;0,4259;0,277
16033;2020-12-05;T20-21;E0;Chelsea;Leeds;3;1;1,0;1;0,0837;0,7852;0,1311
26230;2020-12-05;T20-21;F1;Rennes;Lens;0;2;2,0;1;0,2391;0,59;0,1709
26231;2020-12-05;T20-21;F1;Montpellier;Paris SG;1;3;2,0;2;0,2116;0,357;0,4313
16030;2020-12-05;T20-21;E0;Burnley;Everton;1;1;0,0;2;0,2656;0,3569;0,3775
16031;2020-12-05;T20-21;E0;Man City;Fulham;2;0;1,0;1;0,2322;0,5579;0,2099
16032;2020-12-05;T20-21;E0;West Ham;Man United;1;3;2,0;2;0,1755;0,1465;0,678
34610;2020-12-05;T20-21;I1;Spezia;Lazio;1;2;2,0;2;0,2198;0,1935;0,5867
56538;2020-12-05;T20-21;SP2;Malaga;Cartagena;1;2;2,0;1;0,2651;0,5568;0,1781
56535;2020-12-05;T20-21;SP2;Vallecano;Logrones;2;1;1,0;1;0,2646;0,5282;0,2072
56537;2020-12-05;T20-21;SP2;Mirandes;Lugo;0;0;0,0;1;0,2962;0,4605;0,2433
16037;2020-12-06;T20-21;E0;Liverpool;Wolves;4;0;1,0;1;0,1226;0,7464;0,131
16036;2020-12-06;T20-21;E0;Tottenham;Arsenal;2;0;1,0;1;0,264;0,3783;0,3577
26237;2020-12-06;T20-21;F1;Reims;Nice;0;0;0,0;1;0,2965;0,4384;0,2651
26236;2020-12-06;T20-21;F1;Nantes;Strasbourg;0;4;2,0;1;0,2967;0,4518;0,2515
6079;2020-12-06;T20-21;D1;Werder Bremen;Stuttgart;1;2;2,0;1;0,2313;0,6131;0,1555
6080;2020-12-06;T20-21;D1;Schalke 04;Leverkusen;0;3;2,0;1;0,2881;0,3976;0,3143
26238;2020-12-06;T20-21;F1;Metz;Lyon;1;3;2,0;2;0,1465;0,1746;0,679
34613;2020-12-06;T20-21;I1;Verona;Cagliari;1;1;0,0;2;0,2704;0,3595;0,37
26234;2020-12-06;T20-21;F1;Bordeaux;Brest;1;0;1,0;1;0,2167;0,6552;0,1281
44617;2020-12-06;T20-21;SP1;Granada;Huesca;3;3;0,0;2;0,2579;0,3045;0,4376
26232;2020-12-06;T20-21;F1;Lille;Monaco;2;1;1,0;1;0,2256;0,5602;0,2143
26233;2020-12-06;T20-21;F1;Angers;Lorient;2;0;1,0;1;0,2811;0,4257;0,2932
44620;2020-12-06;T20-21;SP1;Alaves;Sociedad;0;0;0,0;1;0,3001;0,4211;0,2789
44619;2020-12-06;T20-21;SP1;Villarreal;Elche;0;0;0,0;1;0,2133;0,6663;0,1204
44618;2020-12-06;T20-21;SP1;Osasuna;Betis;0;2;2,0;1;0,2836;0,3999;0,3165
56543;2020-12-06;T20-21;SP2;Zaragoza;Fuenlabrada;1;0;1,0;1;0,2742;0,505;0,2208
56539;2020-12-06;T20-21;SP2;Alcorcon;Almeria;0;1;2,0;1;0,2639;0,5655;0,1706
56541;2020-12-06;T20-21;SP2;Albacete;Girona;0;2;2,0;1;0,2781;0,5131;0,2088
56540;2020-12-06;T20-21;SP2;Espanol;Sp Gijon;2;0;1,0;1;0,2836;0,4991;0,2173
56542;2020-12-06;T20-21;SP2;Sabadell;Oviedo;0;1;2,0;1;0,2847;0,4667;0,2486
16035;2020-12-06;T20-21;E0;Sheffield United;Leicester;1;2;2,0;1;0,2944;0,4084;0,2973
34617;2020-12-06;T20-21;I1;Sampdoria;Milan;1;2;2,0;2;0,232;0,3599;0,408
26235;2020-12-06;T20-21;F1;Dijon;St Etienne;0;0;0,0;1;0,2822;0,3667;0,3511
34616;2020-12-06;T20-21;I1;Crotone;Napoli;0;4;2,0;2;0,2176;0,2158;0,5665
34615;2020-12-06;T20-21;I1;Roma;Sassuolo;0;0;0,0;1;0,1252;0,7479;0,1269
34614;2020-12-06;T20-21;I1;Parma;Benevento;0;0;0,0;1;0,2676;0,5511;0,1813
16034;2020-12-06;T20-21;E0;West Brom;Crystal Palace;1;5;2,0;2;0,2233;0,3328;0,4439
44621;2020-12-07;T20-21;SP1;Eibar;Valencia;0;0;0,0;2;0,2387;0,2185;0,5428
34618;2020-12-07;T20-21;I1;Fiorentina;Genoa;1;1;0,0;1;0,2271;0,6263;0,1466
56545;2020-12-07;T20-21;SP2;Mallorca;Castellon;3;1;1,0;1;0,2766;0,5344;0,189
56544;2020-12-07;T20-21;SP2;Tenerife;Leganes;0;0;0,0;1;0,2455;0,5847;0,1698
6081;2020-12-07;T20-21;D1;Hoffenheim;Augsburg;3;1;1,0;1;0,2771;0,5192;0,2037
16038;2020-12-07;T20-21;E0;Brighton;Southampton;1;2;2,0;2;0,2764;0,3449;0,3787
56546;2020-12-09;T20-21;SP2;Almeria;Zaragoza;1;0;1,0;1;0,2412;0,5942;0,1646
56547;2020-12-09;T20-21;SP2;Sabadell;Alcorcon;1;1;0,0;1;0,298;0,4344;0,2676
56548;2020-12-10;T20-21;SP2;Girona;Logrones;2;0;1,0;1;0,2484;0,5775;0,1741
16039;2020-12-11;T20-21;E0;Leeds;West Ham;1;2;2,0;1;0,2826;0,4422;0,2752
56550;2020-12-11;T20-21;SP2;Oviedo;Tenerife;4;2;1,0;1;0,2754;0,508;0,2165
6082;2020-12-11;T20-21;D1;Wolfsburg;Ein Frankfurt;2;1;1,0;1;0,255;0,5673;0,1777
34619;2020-12-11;T20-21;I1;Sassuolo;Benevento;1;0;1,0;1;0,298;0,3569;0,3451
56549;2020-12-11;T20-21;SP2;Lugo;Ponferradina;1;0;1,0;1;0,2871;0,4869;0,2261
44622;2020-12-11;T20-21;SP1;Valladolid;Osasuna;3;2;1,0;1;0,2836;0,3951;0,3213
26239;2020-12-11;T20-21;F1;St Etienne;Angers;0;0;0,0;1;0,2284;0,6289;0,1428
6088;2020-12-12;T20-21;D1;Union Berlin;Bayern Munich;1;1;0,0;2;0,2169;0,1919;0,5912
44623;2020-12-12;T20-21;SP1;Valencia;Ath Bilbao;2;2;0,0;1;0,1904;0,6691;0,1404
44624;2020-12-12;T20-21;SP1;Getafe;Sevilla;0;1;2,0;1;0,2948;0,4556;0,2495
56551;2020-12-12;T20-21;SP2;Leganes;Mallorca;0;1;2,0;1;0,263;0,552;0,185
6087;2020-12-12;T20-21;D1;RB Leipzig;Werder Bremen;2;0;1,0;1;0,265;0,5386;0,1963
44625;2020-12-12;T20-21;SP1;Huesca;Alaves;1;0;1,0;1;0,2887;0,4021;0,3091
6084;2020-12-12;T20-21;D1;Freiburg;Bielefeld;2;0;1,0;2;0,2776;0,3409;0,3815
6083;2020-12-12;T20-21;D1;Dortmund;Stuttgart;1;5;2,0;1;0,141;0,7501;0,1088
6085;2020-12-12;T20-21;D1;Mainz;FC Koln;0;1;2,0;1;0,2844;0,4404;0,2752
6086;2020-12-12;T20-21;D1;M'gladbach;Hertha;1;1;0,0;1;0,2287;0,606;0,1653
44626;2020-12-12;T20-21;SP1;Real Madrid;Ath Madrid;2;0;1,0;1;0,125;0,7052;0,1698
34622;2020-12-12;T20-21;I1;Lazio;Verona;1;2;2,0;1;0,1716;0,7008;0,1275
34621;2020-12-12;T20-21;I1;Torino;Udinese;2;3;2,0;1;0,2941;0,4167;0,2893
34620;2020-12-12;T20-21;I1;Crotone;Spezia;4;1;1,0;2;0,2585;0,2744;0,4671
26241;2020-12-12;T20-21;F1;Lens;Montpellier;2;3;2,0;1;0,2741;0,5341;0,1918
16040;2020-12-12;T20-21;E0;Wolves;Aston Villa;0;1;2,0;1;0,2928;0,3853;0,3219
16041;2020-12-12;T20-21;E0;Newcastle;West Brom;2;1;1,0;1;0,2813;0,4801;0,2387
26240;2020-12-12;T20-21;F1;Marseille;Monaco;2;1;1,0;1;0,2303;0,56;0,2097
16043;2020-12-12;T20-21;E0;Everton;Chelsea;1;0;1,0;2;0,1808;0,2075;0,6118
16042;2020-12-12;T20-21;E0;Man United;Man City;0;0;0,0;1;0,1665;0,6643;0,1692
56553;2020-12-12;T20-21;SP2;Fuenlabrada;Mirandes;0;1;2,0;1;0,2991;0,4496;0,2513
56552;2020-12-12;T20-21;SP2;Castellon;Albacete;3;0;1,0;1;0,2836;0,472;0,2444
56557;2020-12-13;T20-21;SP2;Cartagena;Sabadell;1;2;2,0;1;0,294;0,4396;0,2665
56558;2020-12-13;T20-21;SP2;Sp Gijon;Zaragoza;1;0;1,0;1;0,2373;0,6169;0,1458
56554;2020-12-13;T20-21;SP2;Logrones;Espanol;0;3;2,0;2;0,2751;0,2979;0,427
34625;2020-12-13;T20-21;I1;Bologna;Roma;1;5;2,0;2;0,2035;0,2061;0,5904
56556;2020-12-13;T20-21;SP2;Las Palmas;Alcorcon;0;0;0,0;1;0,2442;0,5891;0,1668
34623;2020-12-13;T20-21;I1;Cagliari;Inter;1;3;2,0;2;0,1702;0,2286;0,6012
44630;2020-12-13;T20-21;SP1;Barcelona;Levante;1;0;1,0;1;0,1375;0,7582;0,1042
44629;2020-12-13;T20-21;SP1;Elche;Granada;0;1;2,0;1;0,2942;0,4007;0,3051
44628;2020-12-13;T20-21;SP1;Betis;Villarreal;1;1;0,0;1;0,2796;0,4931;0,2273
34624;2020-12-13;T20-21;I1;Atalanta;Fiorentina;3;0;1,0;1;0,2637;0,5493;0,187
44627;2020-12-13;T20-21;SP1;Sociedad;Eibar;1;1;0,0;1;0,2472;0,5924;0,1604
56555;2020-12-13;T20-21;SP2;Almeria;Malaga;3;1;1,0;1;0,2485;0,5779;0,1737
34626;2020-12-13;T20-21;I1;Napoli;Sampdoria;2;1;1,0;1;0,198;0,6663;0,1357
16047;2020-12-13;T20-21;E0;Arsenal;Burnley;0;1;2,0;1;0,1106;0,7758;0,1136
34628;2020-12-13;T20-21;I1;Milan;Parma;2;2;0,0;1;0,1831;0,6485;0,1684
16046;2020-12-13;T20-21;E0;Fulham;Liverpool;1;1;0,0;2;0,177;0,2439;0,5791
6089;2020-12-13;T20-21;D1;Augsburg;Schalke 04;2;2;0,0;2;0,2517;0,2553;0,4931
6090;2020-12-13;T20-21;D1;Leverkusen;Hoffenheim;4;1;1,0;1;0,1894;0,6927;0,1179
34627;2020-12-13;T20-21;I1;Genoa;Juventus;1;3;2,0;2;0,2395;0,2151;0,5454
16044;2020-12-13;T20-21;E0;Southampton;Sheffield United;3;0;1,0;1;0,2776;0,5137;0,2087
26242;2020-12-13;T20-21;F1;Nice;Rennes;0;1;2,0;1;0,2407;0,5979;0,1614
16045;2020-12-13;T20-21;E0;Crystal Palace;Tottenham;1;1;0,0;2;0,1981;0,2055;0,5964
26244;2020-12-13;T20-21;F1;Lorient;Nimes;3;0;1,0;1;0,2687;0,5346;0,1967
26245;2020-12-13;T20-21;F1;Nantes;Dijon;1;1;0,0;1;0,2933;0,4633;0,2434
26246;2020-12-13;T20-21;F1;Strasbourg;Metz;2;2;0,0;1;0,2907;0,3954;0,3139
26247;2020-12-13;T20-21;F1;Lille;Bordeaux;2;1;1,0;1;0,1995;0,6626;0,1379
16048;2020-12-13;T20-21;E0;Leicester;Brighton;3;0;1,0;1;0,2844;0,5002;0,2153
26243;2020-12-13;T20-21;F1;Brest;Reims;2;1;1,0;1;0,2967;0,437;0,2663
26248;2020-12-13;T20-21;F1;Paris SG;Lyon;0;1;2,0;1;0,279;0,5072;0,2138
56559;2020-12-14;T20-21;SP2;Girona;Vallecano;0;0;0,0;1;0,2511;0,572;0,1769
44631;2020-12-14;T20-21;SP1;Celta;Cadiz;4;0;1,0;1;0,2802;0,5169;0,2029
6094;2020-12-15;T20-21;D1;Werder Bremen;Dortmund;1;2;2,0;2;0,2684;0,3184;0,4132
6093;2020-12-15;T20-21;D1;Stuttgart;Union Berlin;2;2;0,0;1;0,2547;0,5621;0,1832
6092;2020-12-15;T20-21;D1;Hertha;Mainz;0;0;0,0;1;0,2724;0,5025;0,2251
6091;2020-12-15;T20-21;D1;Ein Frankfurt;M'gladbach;3;3;0,0;1;0,2941;0,4165;0,2894
44632;2020-12-15;T20-21;SP1;Real Madrid;Ath Bilbao;3;1;1,0;1;0,1283;0,7384;0,1333
34629;2020-12-15;T20-21;I1;Udinese;Crotone;0;0;0,0;1;0,2654;0,54;0,1946
34630;2020-12-15;T20-21;I1;Benevento;Lazio;1;1;0,0;2;0,2131;0,2273;0,5595
16050;2020-12-15;T20-21;E0;Man City;West Brom;1;1;0,0;1;0,2123;0,5999;0,1878
16049;2020-12-15;T20-21;E0;Wolves;Chelsea;2;1;1,0;2;0,1803;0,1708;0,6489
26254;2020-12-16;T20-21;F1;Bordeaux;St Etienne;1;2;2,0;1;0,2097;0,6387;0,1516
6097;2020-12-16;T20-21;D1;Bielefeld;Augsburg;0;1;2,0;2;0,2784;0,3512;0,3704
6096;2020-12-16;T20-21;D1;Bayern Munich;Wolfsburg;2;1;1,0;1;0,1147;0,7393;0,146
6095;2020-12-16;T20-21;D1;Schalke 04;Freiburg;0;2;2,0;1;0,2588;0,6121;0,1292
16056;2020-12-16;T20-21;E0;West Ham;Crystal Palace;1;1;0,0;1;0,2927;0,4061;0,3012
16055;2020-12-16;T20-21;E0;Liverpool;Tottenham;2;1;1,0;1;0,1467;0,6318;0,2214
16054;2020-12-16;T20-21;E0;Fulham;Brighton;0;0;0,0;1;0,2912;0,3559;0,3529
16053;2020-12-16;T20-21;E0;Leicester;Everton;0;2;2,0;1;0,2996;0,4786;0,2218
16052;2020-12-16;T20-21;E0;Leeds;Newcastle;5;2;1,0;1;0,285;0,4443;0,2708
16051;2020-12-16;T20-21;E0;Arsenal;Southampton;1;1;0,0;1;0,1139;0,7682;0,1179
26249;2020-12-16;T20-21;F1;Angers;Strasbourg;0;2;2,0;1;0,2958;0,4402;0,264
26250;2020-12-16;T20-21;F1;Dijon;Lille;0;2;2,0;2;0,2266;0,2239;0,5496
26252;2020-12-16;T20-21;F1;Nimes;Nice;0;2;2,0;1;0,293;0,4223;0,2846
6098;2020-12-16;T20-21;D1;FC Koln;Leverkusen;0;4;2,0;2;0,1859;0,1846;0,6295
26253;2020-12-16;T20-21;F1;Reims;Nantes;3;2;1,0;1;0,2909;0,4418;0,2673
44633;2020-12-16;T20-21;SP1;Barcelona;Sociedad;2;1;1,0;1;0,0818;0,7849;0,1334
26255;2020-12-16;T20-21;F1;Lyon;Brest;2;2;0,0;1;0,1274;0,749;0,1236
26256;2020-12-16;T20-21;F1;Monaco;Lens;0;3;2,0;1;0,216;0,6352;0,1488
26257;2020-12-16;T20-21;F1;Paris SG;Lorient;2;0;1,0;1;0,1571;0,6767;0,1662
26258;2020-12-16;T20-21;F1;Rennes;Marseille;2;1;1,0;1;0,2678;0,3995;0,3327
34637;2020-12-16;T20-21;I1;Verona;Sampdoria;1;2;2,0;1;0,3054;0,4025;0,292
34636;2020-12-16;T20-21;I1;Spezia;Bologna;2;2;0,0;1;0,2862;0,4192;0,2946
34634;2020-12-16;T20-21;I1;Inter;Napoli;1;0;1,0;1;0,2128;0,5698;0,2174
34633;2020-12-16;T20-21;I1;Genoa;Milan;2;2;0,0;2;0,2317;0,2583;0,51
34632;2020-12-16;T20-21;I1;Fiorentina;Sassuolo;1;1;0,0;1;0,2213;0,6527;0,126
34631;2020-12-16;T20-21;I1;Juventus;Atalanta;1;1;0,0;1;0,1242;0,7354;0,1404
26251;2020-12-16;T20-21;F1;Montpellier;Metz;0;2;2,0;1;0,2776;0,5109;0,2115
6099;2020-12-16;T20-21;D1;Hoffenheim;RB Leipzig;0;1;2,0;2;0,2691;0,3383;0,3925
34635;2020-12-16;T20-21;I1;Parma;Cagliari;0;0;0,0;1;0,2717;0,4576;0,2707
16057;2020-12-17;T20-21;E0;Aston Villa;Burnley;0;0;0,0;1;0,2964;0,4381;0,2656
16058;2020-12-17;T20-21;E0;Sheffield United;Man United;2;3;2,0;2;0,1773;0,1454;0,6773
34638;2020-12-17;T20-21;I1;Roma;Torino;3;1;1,0;1;0,1052;0,8106;0,0842
44634;2020-12-18;T20-21;SP1;Ath Bilbao;Huesca;2;0;1,0;1;0,2437;0,5955;0,1608
6100;2020-12-18;T20-21;D1;Union Berlin;Dortmund;2;1;1,0;2;0,2202;0,2389;0,5409
56560;2020-12-18;T20-21;SP2;Ponferradina;Oviedo;1;0;1,0;1;0,273;0,5257;0,2013
26259;2020-12-19;T20-21;F1;Metz;Lens;2;0;1,0;2;0,2358;0,3339;0,4303
26260;2020-12-19;T20-21;F1;Marseille;Reims;1;1;0,0;1;0,1716;0,7057;0,1227
26261;2020-12-19;T20-21;F1;Nice;Lyon;1;4;2,0;2;0,2104;0,3074;0,4822
6102;2020-12-19;T20-21;D1;Mainz;Werder Bremen;0;1;2,0;1;0,2838;0,4979;0,2182
34641;2020-12-19;T20-21;I1;Parma;Juventus;0;4;2,0;2;0,1809;0,2481;0,571
34640;2020-12-19;T20-21;I1;Sampdoria;Crotone;3;1;1,0;1;0,2642;0,5632;0,1727
34639;2020-12-19;T20-21;I1;Fiorentina;Verona;1;1;0,0;1;0,2048;0,6352;0,16
44638;2020-12-19;T20-21;SP1;Osasuna;Villarreal;1;3;2,0;2;0,2912;0,3527;0,3562
16061;2020-12-19;T20-21;E0;Everton;Arsenal;2;1;1,0;2;0,234;0,3184;0,4475
44637;2020-12-19;T20-21;SP1;Levante;Sociedad;2;1;1,0;1;0,3061;0,411;0,2829
44636;2020-12-19;T20-21;SP1;Barcelona;Valencia;2;2;0,0;1;0,1401;0,6475;0,2124
44635;2020-12-19;T20-21;SP1;Ath Madrid;Elche;3;1;1,0;1;0,1509;0,7273;0,1219
56563;2020-12-19;T20-21;SP2;Zaragoza;Lugo;1;0;1,0;1;0,2683;0,5385;0,1932
56562;2020-12-19;T20-21;SP2;Mallorca;Fuenlabrada;2;3;2,0;1;0,297;0,4613;0,2417
56561;2020-12-19;T20-21;SP2;Sabadell;Castellon;1;1;0,0;1;0,2923;0,4528;0,255
44639;2020-12-19;T20-21;SP1;Sevilla;Valladolid;1;1;0,0;1;0,2365;0,6173;0,1462
16062;2020-12-19;T20-21;E0;Newcastle;Fulham;1;1;0,0;1;0,2765;0,4607;0,2628
6101;2020-12-19;T20-21;D1;Augsburg;Ein Frankfurt;0;2;2,0;1;0,2886;0,3936;0,3177
16060;2020-12-19;T20-21;E0;Southampton;Man City;0;1;2,0;2;0,2257;0,2544;0,5198
16059;2020-12-19;T20-21;E0;Crystal Palace;Liverpool;0;7;2,0;2;0,1727;0,1739;0,6534
6103;2020-12-19;T20-21;D1;M'gladbach;Hoffenheim;1;2;2,0;1;0,2317;0,6231;0,1451
6104;2020-12-19;T20-21;D1;RB Leipzig;FC Koln;0;0;0,0;1;0,2795;0,5058;0,2146
6105;2020-12-19;T20-21;D1;Schalke 04;Bielefeld;0;1;2,0;1;0,1942;0,6601;0,1456
6106;2020-12-19;T20-21;D1;Leverkusen;Bayern Munich;1;2;2,0;2;0,1102;0,0967;0,7931
26267;2020-12-20;T20-21;F1;Lorient;Rennes;0;3;2,0;1;0,2968;0,4924;0,2107
26268;2020-12-20;T20-21;F1;Lille;Paris SG;0;0;0,0;1;0,2763;0,395;0,3287
56564;2020-12-20;T20-21;SP2;Alcorcon;Cartagena;2;1;1,0;1;0,2634;0,5667;0,1699
26265;2020-12-20;T20-21;F1;St Etienne;Nimes;2;2;0,0;1;0,2286;0,6276;0,1439
56565;2020-12-20;T20-21;SP2;Espanol;Almeria;2;1;1,0;1;0,279;0,4975;0,2235
56567;2020-12-20;T20-21;SP2;Malaga;Logrones;0;0;0,0;1;0,2913;0,4933;0,2154
34643;2020-12-20;T20-21;I1;Benevento;Genoa;2;0;1,0;1;0,2882;0,3936;0,3181
34642;2020-12-20;T20-21;I1;Torino;Bologna;1;1;0,0;1;0,286;0,4211;0,2929
6107;2020-12-20;T20-21;D1;Freiburg;Hertha;4;1;1,0;1;0,279;0,3652;0,3558
6108;2020-12-20;T20-21;D1;Wolfsburg;Stuttgart;1;0;1,0;1;0,2349;0,606;0,1591
44642;2020-12-20;T20-21;SP1;Cadiz;Getafe;0;2;2,0;1;0,2865;0,4034;0,3101
44641;2020-12-20;T20-21;SP1;Granada;Betis;2;0;1,0;1;0,2939;0,3828;0,3233
44640;2020-12-20;T20-21;SP1;Celta;Alaves;2;0;1,0;1;0,2883;0,4834;0,2283
56566;2020-12-20;T20-21;SP2;Vallecano;Las Palmas;2;0;1,0;1;0,2431;0,5635;0,1934
26264;2020-12-20;T20-21;F1;Nantes;Angers;1;1;0,0;1;0,2762;0,5052;0,2186
26266;2020-12-20;T20-21;F1;Strasbourg;Bordeaux;0;2;2,0;2;0,2539;0,2684;0,4778
26262;2020-12-20;T20-21;F1;Brest;Montpellier;2;2;0,0;1;0,2981;0,4276;0,2743
34648;2020-12-20;T20-21;I1;Lazio;Napoli;2;0;1,0;1;0,2839;0,4304;0,2857
34647;2020-12-20;T20-21;I1;Atalanta;Roma;4;1;1,0;2;0,2278;0,3568;0,4154
16066;2020-12-20;T20-21;E0;West Brom;Aston Villa;0;3;2,0;1;0,298;0,4336;0,2684
44643;2020-12-20;T20-21;SP1;Eibar;Real Madrid;1;3;2,0;2;0,1901;0,1362;0,6736
34646;2020-12-20;T20-21;I1;Sassuolo;Milan;1;2;2,0;2;0,1856;0,2496;0,5648
34645;2020-12-20;T20-21;I1;Inter;Spezia;2;1;1,0;1;0,1119;0,7397;0,1484
34644;2020-12-20;T20-21;I1;Cagliari;Udinese;1;1;0,0;1;0,2957;0,4106;0,2937
16063;2020-12-20;T20-21;E0;Brighton;Sheffield United;1;1;0,0;2;0,2691;0,3519;0,379
16064;2020-12-20;T20-21;E0;Tottenham;Leicester;0;2;2,0;1;0,1699;0,7101;0,12
16065;2020-12-20;T20-21;E0;Man United;Leeds;6;2;1,0;1;0,0794;0,7903;0,1303
26263;2020-12-20;T20-21;F1;Dijon;Monaco;0;1;2,0;2;0,2228;0,2294;0,5478
56570;2020-12-21;T20-21;SP2;Tenerife;Girona;2;0;1,0;1;0,2414;0,61;0,1487
56568;2020-12-21;T20-21;SP2;Mirandes;Albacete;0;2;2,0;1;0,2851;0,4439;0,271
16067;2020-12-21;T20-21;E0;Burnley;Wolves;2;1;1,0;1;0,2729;0,3879;0,3392
16068;2020-12-21;T20-21;E0;Chelsea;West Ham;3;0;1,0;1;0,1639;0,6912;0,1449
56569;2020-12-21;T20-21;SP2;Sp Gijon;Leganes;1;1;0,0;1;0,2362;0,6193;0,1445
44649;2020-12-22;T20-21;SP1;Villarreal;Ath Bilbao;1;1;0,0;1;0,2181;0,6334;0,1485
44648;2020-12-22;T20-21;SP1;Valladolid;Barcelona;0;3;2,0;2;0,1779;0,1137;0,7085
44647;2020-12-22;T20-21;SP1;Sociedad;Ath Madrid;0;2;2,0;2;0,2494;0,3654;0,3852
44646;2020-12-22;T20-21;SP1;Huesca;Levante;1;1;0,0;1;0,2867;0,412;0,3013
34650;2020-12-22;T20-21;I1;Juventus;Fiorentina;0;3;2,0;1;0,0861;0,7782;0,1357
44645;2020-12-22;T20-21;SP1;Valencia;Sevilla;0;1;2,0;1;0,1788;0,6628;0,1584
44644;2020-12-22;T20-21;SP1;Elche;Osasuna;2;2;0,0;1;0,2871;0,4089;0,3041
34649;2020-12-22;T20-21;I1;Crotone;Parma;2;1;1,0;1;0,2868;0,3967;0,3165
44651;2020-12-23;T20-21;SP1;Real Madrid;Granada;2;0;1,0;1;0,136;0,7166;0,1474
44652;2020-12-23;T20-21;SP1;Alaves;Eibar;2;1;1,0;1;0,2892;0,3737;0,3371
34651;2020-12-23;T20-21;I1;Verona;Inter;1;2;2,0;2;0,1973;0,1861;0,6166
34652;2020-12-23;T20-21;I1;Bologna;Atalanta;2;2;0,0;2;0,2826;0,3492;0,3682
44650;2020-12-23;T20-21;SP1;Getafe;Celta;1;1;0,0;1;0,2685;0,5044;0,227
34653;2020-12-23;T20-21;I1;Milan;Lazio;3;2;1,0;1;0,1858;0,5678;0,2464
34654;2020-12-23;T20-21;I1;Napoli;Torino;1;1;0,0;1;0,1775;0,7;0,1225
34655;2020-12-23;T20-21;I1;Roma;Cagliari;3;2;1,0;1;0,2129;0,6181;0,169
26269;2020-12-23;T20-21;F1;Bordeaux;Reims;1;3;2,0;1;0,218;0,6539;0,1281
26270;2020-12-23;T20-21;F1;Lens;Brest;2;1;1,0;1;0,2723;0,5346;0,1931
34656;2020-12-23;T20-21;I1;Sampdoria;Sassuolo;2;3;2,0;1;0,2634;0,5671;0,1695
26272;2020-12-23;T20-21;F1;Nimes;Dijon;1;3;2,0;1;0,2924;0,4182;0,2894
26273;2020-12-23;T20-21;F1;Rennes;Metz;1;0;1,0;1;0,2627;0,5483;0,189
26274;2020-12-23;T20-21;F1;Angers;Marseille;2;1;1,0;2;0,2421;0,2509;0,507
44653;2020-12-23;T20-21;SP1;Betis;Cadiz;1;0;1,0;1;0,2816;0,5035;0,2148
26276;2020-12-23;T20-21;F1;Monaco;St Etienne;2;2;0,0;1;0,2088;0,6403;0,1509
26275;2020-12-23;T20-21;F1;Lyon;Nantes;3;0;1,0;1;0,1045;0,8078;0,0877
26278;2020-12-23;T20-21;F1;Paris SG;Strasbourg;4;0;1,0;1;0,1035;0,7927;0,1039
34658;2020-12-23;T20-21;I1;Udinese;Benevento;0;2;2,0;1;0,2628;0,559;0,1782
26277;2020-12-23;T20-21;F1;Montpellier;Lille;2;3;2,0;1;0,2686;0,4035;0,328
26271;2020-12-23;T20-21;F1;Nice;Lorient;2;2;0,0;1;0,256;0,5532;0,1908
34657;2020-12-23;T20-21;I1;Spezia;Genoa;1;2;2,0;1;0,2831;0,4116;0,3053
16073;2020-12-26;T20-21;E0;Man City;Newcastle;2;0;1,0;1;0,2024;0,6203;0,1773
16074;2020-12-26;T20-21;E0;Sheffield United;Everton;0;1;2,0;1;0,2935;0,3964;0,3101
16070;2020-12-26;T20-21;E0;Aston Villa;Crystal Palace;3;0;1,0;1;0,2944;0,4414;0,2642
16071;2020-12-26;T20-21;E0;Fulham;Southampton;0;0;0,0;1;0,2878;0,3963;0,3159
16072;2020-12-26;T20-21;E0;Arsenal;Chelsea;3;1;1,0;2;0,1919;0,3124;0,4957
16069;2020-12-26;T20-21;E0;Leicester;Man United;2;2;0,0;2;0,2474;0,2242;0,5284
16075;2020-12-27;T20-21;E0;Leeds;Burnley;1;0;1,0;1;0,2952;0,4622;0,2425
16076;2020-12-27;T20-21;E0;West Ham;Brighton;2;2;0,0;1;0,2896;0,3777;0,3327
16077;2020-12-27;T20-21;E0;Liverpool;West Brom;1;1;0,0;1;0,1679;0,6886;0,1435
16078;2020-12-27;T20-21;E0;Wolves;Tottenham;1;1;0,0;2;0,2149;0,2227;0,5624
16079;2020-12-28;T20-21;E0;Crystal Palace;Leicester;1;1;0,0;2;0,2555;0,3268;0,4178
16080;2020-12-28;T20-21;E0;Chelsea;Aston Villa;1;1;0,0;1;0,149;0,6782;0,1728
44657;2020-12-29;T20-21;SP1;Levante;Betis;4;3;1,0;1;0,2867;0,3935;0,3198
16085;2020-12-29;T20-21;E0;Man United;Wolves;1;0;1,0;1;0,1227;0,7414;0,136
16081;2020-12-29;T20-21;E0;Brighton;Arsenal;0;1;2,0;2;0,1949;0,1788;0,6263
16084;2020-12-29;T20-21;E0;West Brom;Leeds;0;5;2,0;2;0,1767;0,2275;0,5958
16082;2020-12-29;T20-21;E0;Burnley;Sheffield United;1;0;1,0;2;0,2644;0,341;0,3946
16083;2020-12-29;T20-21;E0;Southampton;West Ham;0;0;0,0;1;0,2808;0,4493;0,2699
44654;2020-12-29;T20-21;SP1;Sevilla;Villarreal;2;0;1,0;1;0,184;0,6977;0,1183
44655;2020-12-29;T20-21;SP1;Barcelona;Eibar;1;1;0,0;1;0,0962;0,7476;0,1562
44656;2020-12-29;T20-21;SP1;Cadiz;Valladolid;0;0;0,0;1;0,2846;0,4082;0,3071
44660;2020-12-30;T20-21;SP1;Celta;Huesca;2;1;1,0;1;0,2695;0,541;0,1896
44661;2020-12-30;T20-21;SP1;Elche;Real Madrid;1;1;0,0;2;0,1443;0,1275;0,7281
44658;2020-12-30;T20-21;SP1;Granada;Valencia;2;1;1,0;2;0,2055;0,2139;0,5807
16086;2020-12-30;T20-21;E0;Newcastle;Liverpool;0;0;0,0;2;0,21;0,2816;0,5083
44659;2020-12-30;T20-21;SP1;Ath Madrid;Getafe;1;0;1,0;1;0,1598;0,6999;0,1403
44662;2020-12-31;T20-21;SP1;Ath Bilbao;Sociedad;0;1;2,0;1;0,2405;0,5662;0,1932
44663;2020-12-31;T20-21;SP1;Osasuna;Alaves;1;1;0,0;1;0,2837;0,378;0,3383
16088;2021-01-01;T20-21;E0;Man United;Aston Villa;2;1;1,0;1;0,1396;0,6955;0,1649
16087;2021-01-01;T20-21;E0;Everton;West Ham;0;1;2,0;1;0,2439;0,5936;0,1625
56572;2021-01-02;T20-21;SP2;Vallecano;Alcorcon;2;1;1,0;1;0,2517;0,5784;0,1699
16089;2021-01-02;T20-21;E0;Tottenham;Leeds;3;0;1,0;1;0,1893;0,6748;0,1359
44666;2021-01-02;T20-21;SP1;Getafe;Valladolid;0;1;2,0;1;0,2855;0,4697;0,2448
44667;2021-01-02;T20-21;SP1;Real Madrid;Celta;2;0;1,0;1;0,0996;0,7731;0,1273
16090;2021-01-02;T20-21;E0;Crystal Palace;Sheffield United;2;0;1,0;2;0,2587;0,3243;0,417
44665;2021-01-02;T20-21;SP1;Betis;Sevilla;1;1;0,0;1;0,2922;0,3857;0,322
44664;2021-01-02;T20-21;SP1;Villarreal;Levante;2;1;1,0;1;0,2483;0,618;0,1336
56571;2021-01-02;T20-21;SP2;Fuenlabrada;Leganes;0;0;0,0;1;0,2848;0,4947;0,2204
16091;2021-01-02;T20-21;E0;Brighton;Wolves;3;3;0,0;2;0,2827;0,3572;0,3601
6109;2021-01-02;T20-21;D1;Bielefeld;M'gladbach;0;1;2,0;1;0,2983;0,4214;0,2803
6113;2021-01-02;T20-21;D1;Werder Bremen;Union Berlin;0;2;2,0;1;0,236;0,6102;0,1538
16092;2021-01-02;T20-21;E0;West Brom;Arsenal;0;4;2,0;2;0,1283;0,1854;0,6863
6112;2021-01-02;T20-21;D1;Hoffenheim;Freiburg;1;3;2,0;1;0,2815;0,4683;0,2503
6115;2021-01-02;T20-21;D1;Stuttgart;RB Leipzig;0;1;2,0;1;0,2645;0,3905;0,3449
6110;2021-01-02;T20-21;D1;Ein Frankfurt;Leverkusen;2;1;1,0;2;0,2096;0,2223;0,5681
6111;2021-01-02;T20-21;D1;FC Koln;Augsburg;0;1;2,0;2;0,2419;0,335;0,4231
56574;2021-01-02;T20-21;SP2;Cartagena;Zaragoza;1;1;0,0;1;0,2973;0,4252;0,2775
56573;2021-01-02;T20-21;SP2;Logrones;Mirandes;2;1;1,0;1;0,2988;0,4275;0,2737
6114;2021-01-02;T20-21;D1;Hertha;Schalke 04;3;0;1,0;1;0,2771;0,4863;0,2365
56578;2021-01-03;T20-21;SP2;Almeria;Ponferradina;3;1;1,0;1;0,2298;0,6044;0,1658
56579;2021-01-03;T20-21;SP2;Oviedo;Mallorca;2;2;0,0;1;0,2608;0,552;0,1872
56576;2021-01-03;T20-21;SP2;Las Palmas;Espanol;1;0;1,0;1;0,2678;0,5107;0,2216
56575;2021-01-03;T20-21;SP2;Castellon;Tenerife;0;1;2,0;1;0,2859;0,4912;0,2228
44668;2021-01-03;T20-21;SP1;Ath Bilbao;Elche;1;0;1,0;1;0,2438;0,6012;0,155
44669;2021-01-03;T20-21;SP1;Alaves;Ath Madrid;1;2;2,0;2;0,2002;0,1785;0,6213
44670;2021-01-03;T20-21;SP1;Eibar;Granada;2;0;1,0;1;0,286;0,4153;0,2987
44671;2021-01-03;T20-21;SP1;Sociedad;Osasuna;1;1;0,0;1;0,2713;0,5017;0,227
44672;2021-01-03;T20-21;SP1;Huesca;Barcelona;0;1;2,0;2;0,1357;0,1109;0,7534
56577;2021-01-03;T20-21;SP2;Albacete;Malaga;1;1;0,0;1;0,2941;0,4464;0,2595
16093;2021-01-03;T20-21;E0;Newcastle;Leicester;1;2;2,0;1;0,2701;0,5436;0,1863
34668;2021-01-03;T20-21;I1;Juventus;Udinese;4;1;1,0;1;0,1483;0,6777;0,174
34659;2021-01-03;T20-21;I1;Inter;Crotone;6;2;1,0;1;0,1336;0,7479;0,1184
34660;2021-01-03;T20-21;I1;Atalanta;Sassuolo;5;1;1,0;1;0,2626;0,569;0,1684
34661;2021-01-03;T20-21;I1;Cagliari;Napoli;1;4;2,0;2;0,1987;0,1806;0,6207
34662;2021-01-03;T20-21;I1;Fiorentina;Bologna;0;0;0,0;1;0,2444;0,6071;0,1485
34663;2021-01-03;T20-21;I1;Genoa;Lazio;1;1;0,0;2;0,2584;0,2808;0,4608
34664;2021-01-03;T20-21;I1;Parma;Torino;0;3;2,0;1;0,255;0,5296;0,2155
34665;2021-01-03;T20-21;I1;Roma;Sampdoria;1;0;1,0;1;0,156;0,7352;0,1088
34666;2021-01-03;T20-21;I1;Spezia;Verona;0;1;2,0;1;0,2998;0,4216;0,2787
6116;2021-01-03;T20-21;D1;Dortmund;Wolfsburg;2;0;1,0;1;0,1403;0,751;0,1086
16094;2021-01-03;T20-21;E0;Chelsea;Man City;1;3;2,0;1;0,1875;0,6445;0,168
34667;2021-01-03;T20-21;I1;Benevento;Milan;0;2;2,0;2;0,2025;0,1908;0,6067
6117;2021-01-03;T20-21;D1;Bayern Munich;Mainz;5;2;1,0;1;0,1344;0,7634;0,1022
16095;2021-01-04;T20-21;E0;Southampton;Liverpool;1;0;1,0;2;0,2324;0,2394;0,5281
44673;2021-01-04;T20-21;SP1;Valencia;Cadiz;1;1;0,0;1;0,1751;0,6927;0,1321
56580;2021-01-04;T20-21;SP2;Girona;Sabadell;0;0;0,0;1;0,2371;0,5951;0,1678
56581;2021-01-04;T20-21;SP2;Lugo;Sp Gijon;0;0;0,0;1;0,2848;0,4966;0,2186
26286;2021-01-06;T20-21;F1;Marseille;Montpellier;3;1;1,0;1;0,162;0,7092;0,1287
26284;2021-01-06;T20-21;F1;Lille;Angers;1;2;2,0;1;0,1839;0,6966;0,1195
26285;2021-01-06;T20-21;F1;Lyon;Lens;3;2;1,0;1;0,1218;0,7659;0,1123
26287;2021-01-06;T20-21;F1;Reims;Dijon;0;0;0,0;1;0,2971;0,4428;0,2601
26288;2021-01-06;T20-21;F1;St Etienne;Paris SG;1;1;0,0;2;0,2357;0,2425;0,5218
34676;2021-01-06;T20-21;I1;Torino;Verona;1;1;0,0;1;0,2984;0,4293;0,2723
34675;2021-01-06;T20-21;I1;Sassuolo;Genoa;2;1;1,0;1;0,2841;0,4041;0,3118
34674;2021-01-06;T20-21;I1;Sampdoria;Inter;2;1;1,0;2;0,2081;0,3574;0,4345
34673;2021-01-06;T20-21;I1;Lazio;Fiorentina;2;1;1,0;1;0,1997;0,6741;0,1262
26279;2021-01-06;T20-21;F1;Brest;Nice;2;0;1,0;1;0,2968;0,4408;0,2624
26280;2021-01-06;T20-21;F1;Lorient;Monaco;2;5;2,0;2;0,2888;0,3116;0,3996
26281;2021-01-06;T20-21;F1;Metz;Bordeaux;0;0;0,0;2;0,1967;0,2261;0,5772
26282;2021-01-06;T20-21;F1;Nantes;Rennes;0;0;0,0;1;0,3005;0,4598;0,2398
26283;2021-01-06;T20-21;F1;Strasbourg;Nimes;5;0;1,0;2;0,2693;0,3276;0,4031
34672;2021-01-06;T20-21;I1;Crotone;Roma;1;3;2,0;2;0,1959;0,1816;0,6225
34671;2021-01-06;T20-21;I1;Bologna;Udinese;2;2;0,0;1;0,2938;0,3957;0,3105
34670;2021-01-06;T20-21;I1;Atalanta;Parma;3;0;1,0;1;0,2731;0,5186;0,2083
34669;2021-01-06;T20-21;I1;Cagliari;Benevento;1;2;2,0;1;0,2999;0,3551;0,345
44674;2021-01-06;T20-21;SP1;Ath Bilbao;Barcelona;2;3;2,0;2;0,1433;0,3624;0,4943
34677;2021-01-06;T20-21;I1;Napoli;Spezia;1;2;2,0;1;0,2078;0,6499;0,1423
34678;2021-01-06;T20-21;I1;Milan;Juventus;1;3;2,0;2;0,1484;0,1738;0,6778
44675;2021-01-08;T20-21;SP1;Celta;Villarreal;0;4;2,0;1;0,2689;0,5338;0,1973
56582;2021-01-08;T20-21;SP2;Zaragoza;Logrones;2;0;1,0;1;0,2701;0,5239;0,2059
6118;2021-01-08;T20-21;D1;M'gladbach;Bayern Munich;3;2;1,0;2;0,1319;0,332;0,5361
6121;2021-01-09;T20-21;D1;Mainz;Ein Frankfurt;0;2;2,0;1;0,2812;0,4333;0,2855
6124;2021-01-09;T20-21;D1;RB Leipzig;Dortmund;1;3;2,0;2;0,2409;0,3613;0,3978
44678;2021-01-09;T20-21;SP1;Osasuna;Real Madrid;0;0;0,0;2;0,1486;0,1317;0,7197
44677;2021-01-09;T20-21;SP1;Granada;Barcelona;0;4;2,0;2;0,1762;0,1157;0,7081
44676;2021-01-09;T20-21;SP1;Sevilla;Sociedad;3;2;1,0;1;0,1798;0,7016;0,1186
26289;2021-01-09;T20-21;F1;Bordeaux;Lorient;2;1;1,0;1;0,2179;0,6312;0,1508
26290;2021-01-09;T20-21;F1;Dijon;Marseille;0;0;0,0;2;0,2164;0,2201;0,5635
26291;2021-01-09;T20-21;F1;Lens;Strasbourg;0;1;2,0;1;0,2622;0,5192;0,2185
26292;2021-01-09;T20-21;F1;Metz;Nice;1;1;0,0;2;0,2467;0,3445;0,4087
26293;2021-01-09;T20-21;F1;Monaco;Angers;3;0;1,0;1;0,22;0,6585;0,1215
26294;2021-01-09;T20-21;F1;Montpellier;Nantes;1;1;0,0;1;0,2474;0,5475;0,205
26295;2021-01-09;T20-21;F1;Nimes;Lille;0;1;2,0;2;0,2244;0,1856;0,59
26296;2021-01-09;T20-21;F1;Paris SG;Brest;3;0;1,0;1;0,1206;0,7448;0,1347
26297;2021-01-09;T20-21;F1;Reims;St Etienne;3;1;1,0;1;0,2975;0,4473;0,2552
26298;2021-01-09;T20-21;F1;Rennes;Lyon;2;2;0,0;2;0,2317;0,301;0,4673
6119;2021-01-09;T20-21;D1;Freiburg;FC Koln;5;0;1,0;1;0,2862;0,4031;0,3107
34679;2021-01-09;T20-21;I1;Benevento;Atalanta;1;4;2,0;1;0,2702;0,3883;0,3415
34680;2021-01-09;T20-21;I1;Genoa;Bologna;2;0;1,0;1;0,2838;0,4417;0,2745
34681;2021-01-09;T20-21;I1;Milan;Torino;2;0;1,0;1;0,1132;0,8063;0,0805
6123;2021-01-09;T20-21;D1;Union Berlin;Wolfsburg;2;2;0,0;1;0,2953;0,4544;0,2503
6122;2021-01-09;T20-21;D1;Schalke 04;Hoffenheim;4;0;1,0;1;0,2066;0,6752;0,1182
6120;2021-01-09;T20-21;D1;Leverkusen;Werder Bremen;1;1;0,0;1;0,2079;0,6606;0,1315
56583;2021-01-09;T20-21;SP2;Malaga;Oviedo;1;1;0,0;1;0,2658;0,5507;0,1835
6126;2021-01-10;T20-21;D1;Bielefeld;Hertha;1;0;1,0;1;0,2827;0,3787;0,3386
6125;2021-01-10;T20-21;D1;Augsburg;Stuttgart;1;4;2,0;1;0,2693;0,3889;0,3417
34682;2021-01-10;T20-21;I1;Roma;Inter;2;2;0,0;1;0,2777;0,4814;0,2409
44681;2021-01-10;T20-21;SP1;Valladolid;Valencia;0;1;2,0;2;0,2145;0,2252;0,5603
56584;2021-01-10;T20-21;SP2;Mallorca;Las Palmas;0;1;2,0;1;0,2758;0,4946;0,2297
56585;2021-01-10;T20-21;SP2;Tenerife;Cartagena;3;0;1,0;1;0,2389;0,6114;0,1497
56586;2021-01-10;T20-21;SP2;Espanol;Castellon;2;0;1,0;1;0,2911;0,479;0,2299
34687;2021-01-10;T20-21;I1;Juventus;Sassuolo;3;1;1,0;1;0,1033;0,7469;0,1498
34686;2021-01-10;T20-21;I1;Fiorentina;Cagliari;1;0;1,0;1;0,245;0,58;0,175
34685;2021-01-10;T20-21;I1;Verona;Crotone;2;1;1,0;2;0,2613;0,3568;0,3819
34684;2021-01-10;T20-21;I1;Udinese;Napoli;1;2;2,0;2;0,2568;0,2996;0,4436
34683;2021-01-10;T20-21;I1;Parma;Lazio;0;2;2,0;2;0,2722;0,3255;0,4023
44679;2021-01-10;T20-21;SP1;Levante;Eibar;2;1;1,0;1;0,2802;0,3916;0,3282
44680;2021-01-10;T20-21;SP1;Cadiz;Alaves;3;1;1,0;1;0,2895;0,4096;0,3008
56587;2021-01-11;T20-21;SP2;Ponferradina;Girona;1;1;0,0;1;0,2775;0,5173;0,2051
56588;2021-01-11;T20-21;SP2;Sp Gijon;Fuenlabrada;2;1;1,0;1;0,246;0,5987;0,1553
56589;2021-01-11;T20-21;SP2;Sabadell;Lugo;1;1;0,0;1;0,2952;0,4432;0,2616
34688;2021-01-11;T20-21;I1;Spezia;Sampdoria;2;1;1,0;1;0,2973;0,4125;0,2902
44682;2021-01-11;T20-21;SP1;Elche;Getafe;1;3;2,0;1;0,2888;0,3962;0,315
44683;2021-01-11;T20-21;SP1;Huesca;Betis;0;2;2,0;1;0,2834;0,3997;0,3168
44684;2021-01-12;T20-21;SP1;Granada;Osasuna;2;0;1,0;2;0,275;0,3475;0,3775
44685;2021-01-12;T20-21;SP1;Ath Madrid;Sevilla;2;0;1,0;1;0,1426;0,6876;0,1698
16096;2021-01-12;T20-21;E0;Sheffield United;Newcastle;1;0;1,0;1;0,2857;0,4153;0,2991
16097;2021-01-12;T20-21;E0;Burnley;Man United;0;1;2,0;2;0,2036;0,1502;0,6461
16098;2021-01-12;T20-21;E0;Wolves;Everton;1;2;2,0;2;0,2635;0,3599;0,3767
16100;2021-01-13;T20-21;E0;Tottenham;Fulham;1;1;0,0;1;0,2205;0,5612;0,2183
16099;2021-01-13;T20-21;E0;Man City;Brighton;1;0;1,0;1;0,14;0,7443;0,1157
16101;2021-01-14;T20-21;E0;Arsenal;Crystal Palace;0;0;0,0;1;0,1234;0,7422;0,1344
6127;2021-01-15;T20-21;D1;Union Berlin;Leverkusen;1;0;1,0;2;0,2267;0,2683;0,505
34689;2021-01-15;T20-21;I1;Lazio;Roma;3;0;1,0;1;0,2787;0,3965;0,3248
26299;2021-01-15;T20-21;F1;Montpellier;Monaco;2;3;2,0;1;0,2697;0,4083;0,322
6133;2021-01-16;T20-21;D1;Stuttgart;M'gladbach;2;2;0,0;1;0,2621;0,5381;0,1997
34692;2021-01-16;T20-21;I1;Sampdoria;Udinese;2;1;1,0;1;0,2636;0,5269;0,2096
34691;2021-01-16;T20-21;I1;Torino;Spezia;0;0;0,0;2;0,2887;0,3295;0,3818
34690;2021-01-16;T20-21;I1;Bologna;Verona;1;0;1,0;1;0,3018;0,4092;0,2891
6131;2021-01-16;T20-21;D1;Werder Bremen;Augsburg;2;0;1,0;1;0,2268;0,6121;0,161
6132;2021-01-16;T20-21;D1;Wolfsburg;RB Leipzig;2;2;0,0;1;0,2735;0,4211;0,3054
16102;2021-01-16;T20-21;E0;Wolves;West Brom;2;3;2,0;1;0,2836;0,3782;0,3382
16103;2021-01-16;T20-21;E0;Leeds;Brighton;0;1;2,0;1;0,2859;0,4874;0,2268
16104;2021-01-16;T20-21;E0;West Ham;Burnley;1;0;1,0;1;0,2951;0,4198;0,2851
16105;2021-01-16;T20-21;E0;Fulham;Chelsea;0;1;2,0;2;0,1628;0,1685;0,6686
16106;2021-01-16;T20-21;E0;Leicester;Southampton;2;0;1,0;1;0,2907;0,4775;0,2317
6128;2021-01-16;T20-21;D1;Dortmund;Mainz;1;1;0,0;1;0,1833;0,7025;0,1143
6129;2021-01-16;T20-21;D1;FC Koln;Hertha;0;0;0,0;2;0,2585;0,3472;0,3943
6130;2021-01-16;T20-21;D1;Hoffenheim;Bielefeld;0;0;0,0;1;0,2746;0,5091;0,2163
26300;2021-01-16;T20-21;F1;Marseille;Nimes;1;2;2,0;1;0,1869;0,6946;0,1185
26301;2021-01-16;T20-21;F1;Angers;Paris SG;0;1;2,0;2;0,215;0,2476;0,5373
6134;2021-01-17;T20-21;D1;Bayern Munich;Freiburg;2;1;1,0;1;0,1407;0,7369;0,1225
6135;2021-01-17;T20-21;D1;Ein Frankfurt;Schalke 04;3;1;1,0;1;0,289;0,373;0,338
26304;2021-01-17;T20-21;F1;Nice;Bordeaux;0;3;2,0;1;0,2578;0,5517;0,1905
26303;2021-01-17;T20-21;F1;Nantes;Lens;1;1;0,0;1;0,2957;0,4736;0,2307
16109;2021-01-17;T20-21;E0;Man City;Crystal Palace;4;0;1,0;1;0,1383;0,7539;0,1079
16108;2021-01-17;T20-21;E0;Liverpool;Man United;0;0;0,0;2;0,1632;0,2331;0,6037
16107;2021-01-17;T20-21;E0;Sheffield United;Tottenham;1;3;2,0;2;0,2259;0,1892;0,5849
34693;2021-01-17;T20-21;I1;Napoli;Fiorentina;6;0;1,0;1;0,1932;0,6824;0,1245
34694;2021-01-17;T20-21;I1;Crotone;Benevento;4;1;1,0;2;0,2745;0,3425;0,383
34695;2021-01-17;T20-21;I1;Sassuolo;Parma;1;1;0,0;1;0,2851;0,4046;0,3103
34696;2021-01-17;T20-21;I1;Atalanta;Genoa;0;0;0,0;1;0,27;0,5225;0,2075
26302;2021-01-17;T20-21;F1;Brest;Rennes;1;2;2,0;1;0,2984;0,4294;0,2722
26307;2021-01-17;T20-21;F1;Lyon;Metz;0;1;2,0;1;0,1772;0,6714;0,1515
26305;2021-01-17;T20-21;F1;Strasbourg;St Etienne;1;0;1,0;2;0,2799;0,3402;0,3799
26306;2021-01-17;T20-21;F1;Lille;Reims;2;1;1,0;1;0,1693;0,7091;0,1217
34697;2021-01-17;T20-21;I1;Inter;Juventus;2;0;1,0;2;0,1495;0,181;0,6695
34698;2021-01-18;T20-21;I1;Cagliari;Milan;0;2;2,0;2;0,1862;0,2524;0,5614
16110;2021-01-18;T20-21;E0;Arsenal;Newcastle;3;0;1,0;1;0,16;0,6944;0,1456
16112;2021-01-19;T20-21;E0;Leicester;Chelsea;2;0;1,0;2;0,2529;0,2279;0,5193
16111;2021-01-19;T20-21;E0;West Ham;West Brom;2;1;1,0;1;0,2867;0,4202;0,2931
6136;2021-01-19;T20-21;D1;M'gladbach;Werder Bremen;1;0;1,0;1;0,2358;0,6082;0,156
6137;2021-01-19;T20-21;D1;Hertha;Hoffenheim;0;3;2,0;1;0,2583;0,5589;0,1828
6139;2021-01-19;T20-21;D1;Mainz;Wolfsburg;0;2;2,0;1;0,2969;0,4557;0,2474
56590;2021-01-19;T20-21;SP2;Mirandes;Vallecano;0;2;2,0;1;0,2919;0,3924;0,3156
6138;2021-01-19;T20-21;D1;Leverkusen;Dortmund;2;1;1,0;1;0,292;0,4377;0,2703
44686;2021-01-19;T20-21;SP1;Cadiz;Levante;2;2;0,0;1;0,2867;0,4138;0,2994
44687;2021-01-19;T20-21;SP1;Valladolid;Elche;2;2;0,0;2;0,27;0,3306;0,3994
44688;2021-01-19;T20-21;SP1;Alaves;Sevilla;1;2;2,0;2;0,2766;0,2504;0,473
16114;2021-01-20;T20-21;E0;Fulham;Man United;1;2;2,0;2;0,1605;0,1424;0,6971
16113;2021-01-20;T20-21;E0;Man City;Aston Villa;2;0;1,0;1;0,1703;0,6631;0,1666
26308;2021-01-20;T20-21;F1;Marseille;Lens;0;1;2,0;1;0,1594;0,7085;0,1321
34699;2021-01-20;T20-21;I1;Udinese;Atalanta;1;1;0,0;1;0,2803;0,5162;0,2034
44689;2021-01-20;T20-21;SP1;Getafe;Huesca;1;0;1,0;1;0,2651;0,5632;0,1717
44690;2021-01-20;T20-21;SP1;Betis;Celta;2;1;1,0;1;0,2878;0,4553;0,257
6143;2021-01-20;T20-21;D1;Freiburg;Ein Frankfurt;2;2;0,0;1;0,2853;0,4002;0,3145
6140;2021-01-20;T20-21;D1;Schalke 04;FC Koln;1;2;2,0;1;0,2348;0,6285;0,1368
6141;2021-01-20;T20-21;D1;Augsburg;Bayern Munich;0;1;2,0;2;0,1919;0,1311;0,6769
6142;2021-01-20;T20-21;D1;Bielefeld;Stuttgart;3;0;1,0;2;0,2822;0,353;0,3648
44691;2021-01-20;T20-21;SP1;Villarreal;Granada;2;2;0,0;1;0,2129;0,6345;0,1526
6144;2021-01-20;T20-21;D1;RB Leipzig;Union Berlin;1;0;1,0;1;0,2646;0,5403;0,1952
44692;2021-01-21;T20-21;SP1;Valencia;Osasuna;1;1;0,0;1;0,2035;0,5632;0,2334
16115;2021-01-21;T20-21;E0;Liverpool;Burnley;0;1;2,0;1;0,1098;0,7776;0,1126
44693;2021-01-21;T20-21;SP1;Eibar;Ath Madrid;1;2;2,0;2;0,2032;0,2087;0,5881
26309;2021-01-22;T20-21;F1;Paris SG;Montpellier;4;0;1,0;1;0,1225;0,7474;0,1301
6145;2021-01-22;T20-21;D1;M'gladbach;Dortmund;4;2;1,0;2;0,2705;0,3059;0,4236
34700;2021-01-22;T20-21;I1;Benevento;Torino;2;2;0,0;1;0,3032;0,3979;0,2989
56592;2021-01-22;T20-21;SP2;Albacete;Zaragoza;1;0;1,0;1;0,2857;0,5003;0,214
56591;2021-01-22;T20-21;SP2;Fuenlabrada;Alcorcon;0;0;0,0;1;0,2973;0,4536;0,2491
44694;2021-01-22;T20-21;SP1;Levante;Valladolid;2;2;0,0;1;0,288;0,3989;0,3131
44696;2021-01-23;T20-21;SP1;Sevilla;Cadiz;3;0;1,0;1;0,1933;0,6798;0,1269
44697;2021-01-23;T20-21;SP1;Sociedad;Betis;2;2;0,0;1;0,2593;0,5413;0,1994
44698;2021-01-23;T20-21;SP1;Alaves;Real Madrid;1;4;2,0;2;0,143;0,1262;0,7308
56596;2021-01-23;T20-21;SP2;Malaga;Ponferradina;0;2;2,0;1;0,2843;0,4979;0,2177
56595;2021-01-23;T20-21;SP2;Lugo;Tenerife;2;0;1,0;1;0,2876;0,4864;0,226
56594;2021-01-23;T20-21;SP2;Girona;Espanol;1;0;1,0;1;0,2622;0,5454;0,1924
56593;2021-01-23;T20-21;SP2;Vallecano;Mallorca;1;3;2,0;1;0,2553;0,5818;0,1629
44695;2021-01-23;T20-21;SP1;Huesca;Villarreal;0;0;0,0;1;0,2974;0,3567;0,3459
34701;2021-01-23;T20-21;I1;Roma;Spezia;4;3;1,0;1;0,1043;0,7505;0,1451
16116;2021-01-23;T20-21;E0;Aston Villa;Newcastle;2;0;1,0;1;0,2852;0,4304;0,2845
26311;2021-01-23;T20-21;F1;Monaco;Marseille;3;1;1,0;1;0,2853;0,4351;0,2796
6146;2021-01-23;T20-21;D1;Augsburg;Union Berlin;2;1;1,0;2;0,2669;0,3069;0,4262
6147;2021-01-23;T20-21;D1;Bielefeld;Ein Frankfurt;1;5;2,0;1;0,2853;0,3976;0,3171
6148;2021-01-23;T20-21;D1;Freiburg;Stuttgart;2;1;1,0;2;0,2814;0,3528;0,3658
6149;2021-01-23;T20-21;D1;Leverkusen;Wolfsburg;0;1;2,0;1;0,1702;0,7025;0,1274
26310;2021-01-23;T20-21;F1;Lens;Nice;0;1;2,0;1;0,269;0,5181;0,2129
6150;2021-01-23;T20-21;D1;Mainz;RB Leipzig;3;2;1,0;2;0,2595;0,278;0,4625
6151;2021-01-23;T20-21;D1;Hertha;Werder Bremen;1;4;2,0;1;0,2776;0,5268;0,1956
34704;2021-01-23;T20-21;I1;Fiorentina;Crotone;2;1;1,0;1;0,2197;0,6476;0,1326
34703;2021-01-23;T20-21;I1;Udinese;Inter;0;0;0,0;2;0,2287;0,2414;0,5299
34702;2021-01-23;T20-21;I1;Milan;Atalanta;0;3;2,0;1;0,1404;0,7506;0,109
6152;2021-01-24;T20-21;D1;Schalke 04;Bayern Munich;0;4;2,0;2;0,1001;0,0824;0,8175
6153;2021-01-24;T20-21;D1;Hoffenheim;FC Koln;3;0;1,0;1;0,2833;0,4815;0,2351
34707;2021-01-24;T20-21;I1;Verona;Napoli;3;1;1,0;2;0,2201;0,2197;0,5602
26317;2021-01-24;T20-21;F1;St Etienne;Lyon;0;5;2,0;2;0,2384;0,2469;0,5148
26316;2021-01-24;T20-21;F1;Rennes;Lille;0;1;2,0;1;0,277;0,4284;0,2946
26313;2021-01-24;T20-21;F1;Dijon;Strasbourg;1;1;0,0;1;0,2813;0,3779;0,3408
26312;2021-01-24;T20-21;F1;Bordeaux;Angers;2;1;1,0;1;0,2215;0,6561;0,1223
26315;2021-01-24;T20-21;F1;Reims;Brest;1;0;1,0;1;0,3013;0,4394;0,2593
56600;2021-01-24;T20-21;SP2;Las Palmas;Leganes;2;1;1,0;1;0,2511;0,5712;0,1777
56599;2021-01-24;T20-21;SP2;Castellon;Sp Gijon;2;0;1,0;1;0,2834;0,5097;0,2068
56598;2021-01-24;T20-21;SP2;Logrones;Oviedo;0;0;0,0;1;0,2886;0,4484;0,263
56597;2021-01-24;T20-21;SP2;Almeria;Sabadell;2;2;0,0;1;0,2328;0,6033;0,1639
34708;2021-01-24;T20-21;I1;Lazio;Sassuolo;2;1;1,0;1;0,1812;0,7009;0,1179
34706;2021-01-24;T20-21;I1;Genoa;Cagliari;1;0;1,0;1;0,2794;0,437;0,2836
34705;2021-01-24;T20-21;I1;Juventus;Bologna;2;0;1,0;1;0,1528;0,7077;0,1395
34709;2021-01-24;T20-21;I1;Parma;Sampdoria;0;2;2,0;1;0,2736;0,5018;0,2246
44700;2021-01-24;T20-21;SP1;Elche;Barcelona;0;2;2,0;2;0,1555;0,1357;0,7088
44701;2021-01-24;T20-21;SP1;Celta;Eibar;1;1;0,0;1;0,294;0,5;0,2061
44702;2021-01-24;T20-21;SP1;Ath Madrid;Valencia;3;1;1,0;1;0,1836;0,5637;0,2527
44699;2021-01-24;T20-21;SP1;Osasuna;Granada;3;1;1,0;1;0,2888;0,3994;0,3119
26314;2021-01-24;T20-21;F1;Metz;Nantes;2;0;1,0;1;0,3023;0,3967;0,301
44703;2021-01-25;T20-21;SP1;Ath Bilbao;Getafe;5;1;1,0;1;0,2545;0,557;0,1885
56601;2021-01-25;T20-21;SP2;Cartagena;Mirandes;0;2;2,0;1;0,2976;0,4271;0,2753
56602;2021-01-26;T20-21;SP2;Alcorcon;Albacete;1;2;2,0;1;0,2586;0,5273;0,2141
16118;2021-01-26;T20-21;E0;Newcastle;Leeds;1;2;2,0;1;0,2736;0,5224;0,2041
16119;2021-01-26;T20-21;E0;Southampton;Arsenal;1;3;2,0;2;0,2323;0,2356;0,5321
16117;2021-01-26;T20-21;E0;Crystal Palace;West Ham;2;3;2,0;2;0,2853;0,3427;0,372
16120;2021-01-26;T20-21;E0;West Brom;Man City;0;5;2,0;2;0,1362;0,1718;0,692
16124;2021-01-27;T20-21;E0;Everton;Leicester;1;1;0,0;1;0,2197;0,6504;0,13
16125;2021-01-27;T20-21;E0;Man United;Sheffield United;1;2;2,0;1;0,1046;0,7452;0,1501
16123;2021-01-27;T20-21;E0;Brighton;Fulham;0;0;0,0;1;0,2746;0,3727;0,3527
16122;2021-01-27;T20-21;E0;Chelsea;Wolves;0;0;0,0;1;0,1215;0,7476;0,1309
16121;2021-01-27;T20-21;E0;Burnley;Aston Villa;3;2;1,0;1;0,2926;0,385;0,3224
26318;2021-01-27;T20-21;F1;Lorient;Dijon;3;2;1,0;1;0,2931;0,4723;0,2346
16126;2021-01-28;T20-21;E0;Tottenham;Liverpool;1;3;2,0;1;0,2709;0,3902;0,3389
6154;2021-01-29;T20-21;D1;Stuttgart;Mainz;2;0;1,0;1;0,2626;0,5394;0,198
34710;2021-01-29;T20-21;I1;Torino;Fiorentina;1;1;0,0;1;0,3;0,3996;0,3003
44704;2021-01-29;T20-21;SP1;Valladolid;Huesca;1;3;2,0;2;0,2721;0,3298;0,3981
26319;2021-01-29;T20-21;F1;Lyon;Bordeaux;2;1;1,0;1;0,1008;0,755;0,1443
56603;2021-01-29;T20-21;SP2;Zaragoza;Ponferradina;1;0;1,0;1;0,2575;0,5452;0,1973
6155;2021-01-30;T20-21;D1;Bayern Munich;Hoffenheim;4;1;1,0;1;0,0842;0,7725;0,1433
44706;2021-01-30;T20-21;SP1;Real Madrid;Levante;1;2;2,0;1;0,1381;0,7443;0,1176
44705;2021-01-30;T20-21;SP1;Eibar;Sevilla;0;2;2,0;2;0,2637;0,2629;0,4734
6156;2021-01-30;T20-21;D1;Dortmund;Augsburg;3;1;1,0;1;0,1309;0,768;0,1012
56604;2021-01-30;T20-21;SP2;Oviedo;Albacete;0;1;2,0;1;0,2639;0,5097;0,2264
56605;2021-01-30;T20-21;SP2;Alcorcon;Malaga;0;1;2,0;1;0,2742;0,5038;0,2219
56606;2021-01-30;T20-21;SP2;Mallorca;Girona;1;0;1,0;1;0,2722;0,5402;0,1876
16127;2021-01-30;T20-21;E0;Everton;Newcastle;0;2;2,0;1;0,2438;0,6017;0,1545
16128;2021-01-30;T20-21;E0;Crystal Palace;Wolves;1;0;1,0;2;0,2653;0,3421;0,3926
16129;2021-01-30;T20-21;E0;Man City;Sheffield United;1;0;1,0;1;0,1374;0,7451;0,1175
16130;2021-01-30;T20-21;E0;West Brom;Fulham;2;2;0,0;0;0,3474;0,3367;0,3159
16131;2021-01-30;T20-21;E0;Arsenal;Man United;0;0;0,0;2;0,1626;0,2321;0,6054
16132;2021-01-30;T20-21;E0;Southampton;Aston Villa;0;1;2,0;1;0,2761;0,4516;0,2723
34711;2021-01-30;T20-21;I1;Bologna;Milan;1;2;2,0;2;0,2059;0,1994;0,5947
34712;2021-01-30;T20-21;I1;Sampdoria;Juventus;0;2;2,0;2;0,1634;0,289;0,5477
34713;2021-01-30;T20-21;I1;Inter;Benevento;4;0;1,0;1;0,1276;0,7474;0,125
44707;2021-01-30;T20-21;SP1;Valencia;Elche;1;0;1,0;1;0,1681;0,7111;0,1207
44708;2021-01-30;T20-21;SP1;Villarreal;Sociedad;1;1;0,0;1;0,2075;0,6376;0,1549
56607;2021-01-30;T20-21;SP2;Almeria;Castellon;3;1;1,0;1;0,2337;0,6226;0,1437
6160;2021-01-30;T20-21;D1;RB Leipzig;Leverkusen;1;0;1,0;2;0,2583;0,3613;0,3804
6157;2021-01-30;T20-21;D1;Ein Frankfurt;Hertha;3;1;1,0;1;0,2961;0,4403;0,2636
6158;2021-01-30;T20-21;D1;Union Berlin;M'gladbach;1;1;0,0;1;0,291;0,4395;0,2696
6159;2021-01-30;T20-21;D1;Werder Bremen;Schalke 04;1;1;0,0;1;0,2434;0,5944;0,1622
26320;2021-01-30;T20-21;F1;Montpellier;Lens;1;2;2,0;1;0,2655;0,5446;0,1899
6161;2021-01-31;T20-21;D1;FC Koln;Bielefeld;3;1;1,0;2;0,2549;0,3446;0,4005
26323;2021-01-31;T20-21;F1;Brest;Metz;2;4;2,0;1;0,2842;0,4181;0,2977
26322;2021-01-31;T20-21;F1;Angers;Nimes;3;1;1,0;1;0,2817;0,486;0,2323
26321;2021-01-31;T20-21;F1;Nice;St Etienne;0;1;2,0;1;0,2408;0,5815;0,1776
16133;2021-01-31;T20-21;E0;Chelsea;Burnley;2;0;1,0;1;0,1101;0,7749;0,115
16135;2021-01-31;T20-21;E0;West Ham;Liverpool;1;3;2,0;2;0,1688;0,2189;0,6123
26324;2021-01-31;T20-21;F1;Lorient;Paris SG;3;2;1,0;2;0,2337;0,2422;0,5241
16136;2021-01-31;T20-21;E0;Brighton;Tottenham;1;0;1,0;2;0,2188;0,2267;0,5545
34714;2021-01-31;T20-21;I1;Spezia;Udinese;0;1;2,0;1;0,2915;0,4095;0,299
34715;2021-01-31;T20-21;I1;Atalanta;Lazio;1;3;2,0;1;0,257;0,3789;0,3641
34716;2021-01-31;T20-21;I1;Cagliari;Sassuolo;1;1;0,0;1;0,2961;0,3615;0,3424
34717;2021-01-31;T20-21;I1;Crotone;Genoa;0;3;2,0;1;0,288;0,3929;0,3191
16134;2021-01-31;T20-21;E0;Leicester;Leeds;1;3;2,0;1;0,289;0,472;0,239
6162;2021-01-31;T20-21;D1;Wolfsburg;Freiburg;3;0;1,0;1;0,2554;0,5447;0,2
34719;2021-01-31;T20-21;I1;Roma;Verona;3;1;1,0;1;0,1046;0,8075;0,0879
34718;2021-01-31;T20-21;I1;Napoli;Parma;2;0;1,0;1;0,227;0,6325;0,1405
44709;2021-01-31;T20-21;SP1;Getafe;Alaves;0;0;0,0;1;0,2737;0,5026;0,2238
44710;2021-01-31;T20-21;SP1;Cadiz;Ath Madrid;2;4;2,0;2;0,1978;0,1765;0,6257
44711;2021-01-31;T20-21;SP1;Granada;Celta;0;0;0,0;2;0,2829;0,3567;0,3604
44712;2021-01-31;T20-21;SP1;Barcelona;Ath Bilbao;2;1;1,0;1;0,1244;0,7579;0,1177
56611;2021-01-31;T20-21;SP2;Tenerife;Fuenlabrada;1;1;0,0;1;0,2533;0,5672;0,1795
56610;2021-01-31;T20-21;SP2;Mirandes;Las Palmas;2;0;1,0;1;0,2976;0,4403;0,2621
56609;2021-01-31;T20-21;SP2;Espanol;Vallecano;2;3;2,0;1;0,2934;0,4361;0,2705
56608;2021-01-31;T20-21;SP2;Sp Gijon;Cartagena;0;0;0,0;1;0,2219;0,646;0,1321
26325;2021-01-31;T20-21;F1;Strasbourg;Reims;0;1;2,0;2;0,2631;0,3608;0,3761
26326;2021-01-31;T20-21;F1;Lille;Dijon;1;0;1,0;1;0,1467;0,7314;0,1218
26327;2021-01-31;T20-21;F1;Nantes;Monaco;1;2;2,0;2;0,2745;0,2952;0,4303
56613;2021-02-01;T20-21;SP2;Sabadell;Logrones;0;0;0,0;1;0,294;0,4214;0,2846
56612;2021-02-01;T20-21;SP2;Leganes;Lugo;3;2;1,0;1;0,2811;0,5119;0,2069
44713;2021-02-01;T20-21;SP1;Betis;Osasuna;1;0;1,0;1;0,2815;0,4373;0,2812
16140;2021-02-02;T20-21;E0;Newcastle;Crystal Palace;1;2;2,0;1;0,2775;0,5273;0,1952
16137;2021-02-02;T20-21;E0;Sheffield United;West Brom;2;1;1,0;1;0,2869;0,416;0,2971
16138;2021-02-02;T20-21;E0;Wolves;Arsenal;2;1;1,0;2;0,1927;0,1807;0,6266
16139;2021-02-02;T20-21;E0;Man United;Southampton;9;0;1,0;1;0,1127;0,7679;0,1194
16145;2021-02-03;T20-21;E0;Liverpool;Brighton;0;1;2,0;1;0,1128;0,743;0,1442
16144;2021-02-03;T20-21;E0;Aston Villa;West Ham;1;3;2,0;1;0,2849;0,4281;0,287
16143;2021-02-03;T20-21;E0;Leeds;Everton;1;2;2,0;1;0,3004;0,4677;0,2319
16141;2021-02-03;T20-21;E0;Burnley;Man City;0;2;2,0;2;0,2119;0,2006;0,5874
16142;2021-02-03;T20-21;E0;Fulham;Leicester;0;2;2,0;1;0,287;0,3755;0,3375
26337;2021-02-03;T20-21;F1;St Etienne;Nantes;1;1;0,0;1;0,2262;0,5932;0,1806
26328;2021-02-03;T20-21;F1;Bordeaux;Lille;0;3;2,0;1;0,277;0,4726;0,2504
26329;2021-02-03;T20-21;F1;Metz;Montpellier;1;1;0,0;2;0,238;0,3335;0,4285
26330;2021-02-03;T20-21;F1;Reims;Angers;0;0;0,0;1;0,2813;0,4868;0,2319
26331;2021-02-03;T20-21;F1;Rennes;Lorient;1;1;0,0;1;0,2537;0,5592;0,1871
26332;2021-02-03;T20-21;F1;Strasbourg;Brest;2;2;0,0;2;0,2631;0,3658;0,3711
26333;2021-02-03;T20-21;F1;Dijon;Lyon;0;1;2,0;2;0,1975;0,1756;0,6269
26335;2021-02-03;T20-21;F1;Monaco;Nice;2;1;1,0;1;0,2011;0,6476;0,1513
26336;2021-02-03;T20-21;F1;Paris SG;Nimes;3;0;1,0;1;0,1081;0,7509;0,141
26334;2021-02-03;T20-21;F1;Lens;Marseille;2;2;0,0;2;0,2653;0,3326;0,4022
16146;2021-02-04;T20-21;E0;Tottenham;Chelsea;0;1;2,0;2;0,2078;0,2836;0,5086
56614;2021-02-05;T20-21;SP2;Albacete;Mallorca;0;1;2,0;1;0,2741;0,5199;0,206
6163;2021-02-05;T20-21;D1;Hertha;Bayern Munich;0;1;2,0;2;0,2188;0,2385;0,5427
44714;2021-02-05;T20-21;SP1;Alaves;Valladolid;1;0;1,0;1;0,2854;0,4052;0,3094
34720;2021-02-05;T20-21;I1;Fiorentina;Inter;0;2;2,0;2;0,2405;0,3273;0,4322
44718;2021-02-06;T20-21;SP1;Sevilla;Getafe;3;0;1,0;1;0,2072;0,655;0,1378
44717;2021-02-06;T20-21;SP1;Elche;Villarreal;2;2;0,0;2;0,2766;0,3387;0,3847
44716;2021-02-06;T20-21;SP1;Huesca;Real Madrid;1;2;2,0;2;0,142;0,1255;0,7325
44715;2021-02-06;T20-21;SP1;Levante;Granada;2;2;0,0;1;0,2903;0,3935;0,3162
26339;2021-02-06;T20-21;F1;Lyon;Strasbourg;3;0;1,0;1;0,1021;0,8018;0,096
34724;2021-02-06;T20-21;I1;Genoa;Napoli;2;1;1,0;2;0,2357;0,2796;0,4847
6166;2021-02-06;T20-21;D1;Leverkusen;Stuttgart;5;2;1,0;1;0,1661;0,701;0,133
56616;2021-02-06;T20-21;SP2;Logrones;Sp Gijon;0;4;2,0;1;0,2995;0,378;0,3225
56617;2021-02-06;T20-21;SP2;Fuenlabrada;Almeria;1;1;0,0;1;0,2786;0,4955;0,2259
6169;2021-02-06;T20-21;D1;M'gladbach;FC Koln;1;2;2,0;1;0,2527;0,5696;0,1777
26338;2021-02-06;T20-21;F1;Lorient;Reims;1;0;1,0;1;0,2898;0,5014;0,2088
6168;2021-02-06;T20-21;D1;Schalke 04;RB Leipzig;0;3;2,0;1;0,2837;0,4502;0,2662
6167;2021-02-06;T20-21;D1;Mainz;Union Berlin;1;0;1,0;1;0,2788;0,51;0,2112
26340;2021-02-06;T20-21;F1;Lens;Rennes;0;0;0,0;1;0,2739;0,5338;0,1923
56615;2021-02-06;T20-21;SP2;Cartagena;Oviedo;2;0;1,0;1;0,2878;0,451;0,2611
34723;2021-02-06;T20-21;I1;Juventus;Roma;2;0;1,0;1;0,2774;0,5264;0,1962
16151;2021-02-06;T20-21;E0;Man United;Everton;3;3;0,0;1;0,1188;0,7326;0,1486
6164;2021-02-06;T20-21;D1;Augsburg;Wolfsburg;0;2;2,0;2;0,2655;0,3625;0,372
16147;2021-02-06;T20-21;E0;Aston Villa;Arsenal;1;0;1,0;2;0,2098;0,2377;0,5525
16148;2021-02-06;T20-21;E0;Burnley;Brighton;1;1;0,0;2;0,2639;0,3412;0,3949
16150;2021-02-06;T20-21;E0;Fulham;West Ham;0;0;0,0;1;0,2873;0,4085;0,3042
16149;2021-02-06;T20-21;E0;Newcastle;Southampton;3;2;1,0;1;0,2597;0,5254;0,2149
34721;2021-02-06;T20-21;I1;Atalanta;Torino;3;3;0,0;1;0,2488;0,5459;0,2054
34722;2021-02-06;T20-21;I1;Sassuolo;Spezia;1;2;2,0;2;0,2852;0,2813;0,4335
6165;2021-02-06;T20-21;D1;Freiburg;Dortmund;2;1;1,0;2;0,1893;0,2368;0,5739
34726;2021-02-07;T20-21;I1;Milan;Crotone;4;0;1,0;1;0,141;0,7465;0,1124
26342;2021-02-07;T20-21;F1;Montpellier;Dijon;4;2;1,0;1;0,25;0,5505;0,1995
56618;2021-02-07;T20-21;SP2;Girona;Leganes;0;2;2,0;1;0,2437;0,5884;0,1679
6170;2021-02-07;T20-21;D1;Hoffenheim;Ein Frankfurt;1;3;2,0;1;0,2716;0,4974;0,2311
56622;2021-02-07;T20-21;SP2;Las Palmas;Sabadell;0;1;2,0;1;0,247;0,5763;0,1767
26341;2021-02-07;T20-21;F1;Brest;Bordeaux;2;1;1,0;1;0,2943;0,3658;0,3399
34727;2021-02-07;T20-21;I1;Udinese;Verona;2;0;1,0;1;0,2626;0,5142;0,2232
34728;2021-02-07;T20-21;I1;Parma;Bologna;0;3;2,0;1;0,2835;0,4699;0,2466
34729;2021-02-07;T20-21;I1;Lazio;Cagliari;1;0;1,0;1;0,2551;0,5415;0,2034
56619;2021-02-07;T20-21;SP2;Malaga;Zaragoza;1;2;2,0;1;0,286;0,509;0,205
56620;2021-02-07;T20-21;SP2;Castellon;Mirandes;0;1;2,0;1;0,295;0,4963;0,2087
56621;2021-02-07;T20-21;SP2;Vallecano;Tenerife;0;1;2,0;1;0,2509;0,5608;0,1883
34725;2021-02-07;T20-21;I1;Benevento;Sampdoria;1;1;0,0;1;0,3032;0,4023;0,2946
44721;2021-02-07;T20-21;SP1;Osasuna;Eibar;2;1;1,0;2;0,2825;0,3476;0,3699
26343;2021-02-07;T20-21;F1;Nice;Angers;3;0;1,0;1;0,2458;0,5991;0,1551
16152;2021-02-07;T20-21;E0;Tottenham;West Brom;2;0;1,0;1;0,2124;0,5943;0,1933
26347;2021-02-07;T20-21;F1;Marseille;Paris SG;0;2;2,0;1;0,2732;0,3801;0,3467
26346;2021-02-07;T20-21;F1;Nantes;Lille;0;2;2,0;2;0,2636;0,2799;0,4565
26345;2021-02-07;T20-21;F1;St Etienne;Metz;1;0;1,0;1;0,2496;0,5783;0,172
16153;2021-02-07;T20-21;E0;Wolves;Leicester;0;0;0,0;2;0,2643;0,3433;0,3924
16154;2021-02-07;T20-21;E0;Liverpool;Man City;1;4;2,0;1;0,2109;0,6144;0,1747
16155;2021-02-07;T20-21;E0;Sheffield United;Chelsea;1;2;2,0;2;0,1596;0,1774;0,663
44722;2021-02-07;T20-21;SP1;Betis;Barcelona;2;3;2,0;2;0,2083;0,2029;0,5889
26344;2021-02-07;T20-21;F1;Nimes;Monaco;3;4;2,0;2;0,2252;0,1884;0,5864
44720;2021-02-07;T20-21;SP1;Ath Bilbao;Valencia;1;1;0,0;1;0,275;0,4196;0,3054
44719;2021-02-07;T20-21;SP1;Sociedad;Cadiz;4;1;1,0;1;0,2485;0,5819;0,1696
16156;2021-02-08;T20-21;E0;Leeds;Crystal Palace;2;0;1,0;1;0,2938;0,4874;0,2188
56624;2021-02-08;T20-21;SP2;Lugo;Espanol;1;1;0,0;1;0,2994;0,4021;0,2985
44723;2021-02-08;T20-21;SP1;Ath Madrid;Celta;2;2;0,0;1;0,1198;0,7948;0,0854
56623;2021-02-08;T20-21;SP2;Ponferradina;Alcorcon;2;0;1,0;1;0,2901;0,5037;0,2062
44724;2021-02-09;T20-21;SP1;Real Madrid;Getafe;2;0;1,0;1;0,1282;0,7377;0,1341
34730;2021-02-12;T20-21;I1;Bologna;Benevento;1;1;0,0;2;0,2755;0,3531;0,3714
6171;2021-02-12;T20-21;D1;RB Leipzig;Augsburg;2;1;1,0;1;0,2572;0,549;0,1938
44725;2021-02-12;T20-21;SP1;Celta;Elche;3;1;1,0;1;0,2707;0,5326;0,1966
56625;2021-02-12;T20-21;SP2;Sabadell;Zaragoza;1;1;0,0;1;0,2947;0,4404;0,2649
44727;2021-02-13;T20-21;SP1;Sevilla;Huesca;1;0;1,0;1;0,1854;0,6925;0,122
44726;2021-02-13;T20-21;SP1;Granada;Ath Madrid;1;2;2,0;2;0,2098;0,2035;0,5867
44729;2021-02-13;T20-21;SP1;Barcelona;Alaves;5;1;1,0;1;0,0932;0,7746;0,1322
6176;2021-02-13;T20-21;D1;Union Berlin;Schalke 04;0;0;0,0;1;0,2905;0,4387;0,2708
16158;2021-02-13;T20-21;E0;Crystal Palace;Burnley;0;3;2,0;2;0,2845;0,3527;0,3628
16157;2021-02-13;T20-21;E0;Leicester;Liverpool;3;1;1,0;2;0,2326;0,2382;0,5292
56626;2021-02-13;T20-21;SP2;Cartagena;Vallecano;2;2;0,0;2;0,2867;0,3562;0,3571
44728;2021-02-13;T20-21;SP1;Eibar;Valladolid;1;1;0,0;1;0,2853;0,4172;0,2974
26348;2021-02-13;T20-21;F1;Paris SG;Nice;2;1;1,0;1;0,1091;0,7801;0,1108
26349;2021-02-13;T20-21;F1;Reims;Lens;1;1;0,0;1;0,2956;0,4489;0,2555
26350;2021-02-13;T20-21;F1;Lyon;Montpellier;1;2;2,0;1;0,1261;0,7541;0,1198
34733;2021-02-13;T20-21;I1;Spezia;Milan;2;0;1,0;2;0,1823;0,2273;0,5905
16159;2021-02-13;T20-21;E0;Man City;Tottenham;3;0;1,0;1;0,1566;0,6131;0,2303
6175;2021-02-13;T20-21;D1;Werder Bremen;Freiburg;0;0;0,0;1;0,2496;0,5554;0,1951
6174;2021-02-13;T20-21;D1;Stuttgart;Hertha;1;1;0,0;1;0,2412;0,5696;0,1892
6173;2021-02-13;T20-21;D1;Leverkusen;Mainz;2;2;0,0;1;0,1999;0,6594;0,1407
6172;2021-02-13;T20-21;D1;Dortmund;Hoffenheim;2;2;0,0;1;0,1371;0,742;0,1209
34732;2021-02-13;T20-21;I1;Napoli;Juventus;1;0;1,0;2;0,1351;0,1377;0,7272
34731;2021-02-13;T20-21;I1;Torino;Genoa;0;0;0,0;1;0,281;0,4138;0,3053
56627;2021-02-13;T20-21;SP2;Mirandes;Girona;3;3;0,0;1;0,2881;0,4672;0,2447
56628;2021-02-13;T20-21;SP2;Tenerife;Ponferradina;1;0;1,0;1;0,2332;0,5971;0,1696
16160;2021-02-13;T20-21;E0;Brighton;Aston Villa;0;0;0,0;1;0,2901;0,3918;0,3181
56629;2021-02-14;T20-21;SP2;Mallorca;Espanol;1;2;2,0;1;0,3016;0,4172;0,2812
16164;2021-02-14;T20-21;E0;Everton;Fulham;0;2;2,0;1;0,243;0,5786;0,1784
16162;2021-02-14;T20-21;E0;West Brom;Man United;1;1;0,0;2;0,1427;0,193;0,6643
16163;2021-02-14;T20-21;E0;Arsenal;Leeds;4;2;1,0;1;0,0858;0,7838;0,1304
56630;2021-02-14;T20-21;SP2;Almeria;Las Palmas;3;1;1,0;1;0,2243;0,6062;0,1696
6177;2021-02-14;T20-21;D1;Ein Frankfurt;FC Koln;2;0;1,0;1;0,2849;0,4323;0,2828
44733;2021-02-14;T20-21;SP1;Villarreal;Betis;1;2;2,0;1;0,2151;0,6335;0,1514
44731;2021-02-14;T20-21;SP1;Real Madrid;Valencia;2;0;1,0;1;0,1381;0,6691;0,1928
16161;2021-02-14;T20-21;E0;Southampton;Wolves;1;2;2,0;1;0,2931;0,488;0,2189
6178;2021-02-14;T20-21;D1;Wolfsburg;M'gladbach;0;0;0,0;1;0,2442;0,5769;0,1788
44732;2021-02-14;T20-21;SP1;Levante;Osasuna;0;1;2,0;1;0,2825;0,3922;0,3253
26351;2021-02-14;T20-21;F1;Monaco;Lorient;2;2;0,0;1;0,2159;0,6322;0,1519
26352;2021-02-14;T20-21;F1;Angers;Nantes;1;3;2,0;1;0,2815;0,451;0,2675
26353;2021-02-14;T20-21;F1;Dijon;Nimes;0;2;2,0;2;0,2709;0,3322;0,3969
26354;2021-02-14;T20-21;F1;Metz;Strasbourg;1;2;2,0;2;0,2674;0,3518;0,3808
26355;2021-02-14;T20-21;F1;Rennes;St Etienne;0;2;2,0;1;0,2371;0,5909;0,172
26356;2021-02-14;T20-21;F1;Lille;Brest;0;0;0,0;1;0,1666;0,7093;0,124
26357;2021-02-14;T20-21;F1;Bordeaux;Marseille;0;0;0,0;1;0,2853;0,4296;0,2851
56633;2021-02-14;T20-21;SP2;Sp Gijon;Malaga;1;0;1,0;1;0,2456;0,5998;0,1546
56632;2021-02-14;T20-21;SP2;Leganes;Albacete;3;1;1,0;1;0,2714;0,4983;0,2303
56631;2021-02-14;T20-21;SP2;Alcorcon;Logrones;1;0;1,0;1;0,2686;0,5287;0,2028
44730;2021-02-14;T20-21;SP1;Getafe;Sociedad;0;1;2,0;1;0,2633;0,513;0,2237
34734;2021-02-14;T20-21;I1;Roma;Udinese;3;0;1,0;1;0,1654;0,6599;0,1746
34736;2021-02-14;T20-21;I1;Sampdoria;Fiorentina;2;1;1,0;1;0,26;0,5586;0,1814
34737;2021-02-14;T20-21;I1;Crotone;Sassuolo;1;2;2,0;2;0,2669;0,3412;0,3918
34735;2021-02-14;T20-21;I1;Cagliari;Atalanta;0;1;2,0;2;0,2815;0,3465;0,372
34738;2021-02-14;T20-21;I1;Inter;Lazio;3;1;1,0;1;0,1845;0,5753;0,2402
34739;2021-02-15;T20-21;I1;Verona;Parma;2;1;1,0;1;0,2904;0,3936;0,316
44734;2021-02-15;T20-21;SP1;Cadiz;Ath Bilbao;0;4;2,0;1;0,2839;0,3987;0,3174
16165;2021-02-15;T20-21;E0;West Ham;Sheffield United;3;0;1,0;1;0,2939;0,417;0,2891
16166;2021-02-15;T20-21;E0;Chelsea;Newcastle;2;0;1,0;1;0,1569;0,6985;0,1447
56634;2021-02-15;T20-21;SP2;Castellon;Fuenlabrada;1;2;2,0;1;0,2954;0,4428;0,2618
6179;2021-02-15;T20-21;D1;Bayern Munich;Bielefeld;3;3;0,0;1;0,11;0,7621;0,1279
56635;2021-02-15;T20-21;SP2;Oviedo;Lugo;3;1;1,0;1;0,2792;0,514;0,2068
16167;2021-02-17;T20-21;E0;Burnley;Fulham;1;1;0,0;2;0,2701;0,3533;0,3767
56636;2021-02-17;T20-21;SP2;Leganes;Almeria;2;1;1,0;1;0,2587;0,5592;0,182
26358;2021-02-17;T20-21;F1;Marseille;Nice;3;2;1,0;1;0,156;0,7168;0,1272
44735;2021-02-17;T20-21;SP1;Levante;Ath Madrid;1;1;0,0;2;0,2084;0,2126;0,579
16168;2021-02-17;T20-21;E0;Everton;Man City;1;3;2,0;1;0,2753;0,382;0,3426
56637;2021-02-19;T20-21;SP2;Ponferradina;Mirandes;1;0;1,0;1;0,2928;0,5058;0,2014
34741;2021-02-19;T20-21;I1;Cagliari;Torino;0;1;2,0;1;0,3012;0,4148;0,2841
16169;2021-02-19;T20-21;E0;Wolves;Leeds;1;0;1,0;2;0,2602;0,2843;0,4555
44736;2021-02-19;T20-21;SP1;Betis;Getafe;1;0;1,0;1;0,2784;0,4302;0,2914
34740;2021-02-19;T20-21;I1;Fiorentina;Spezia;3;0;1,0;1;0,2431;0,6087;0,1482
26359;2021-02-19;T20-21;F1;Brest;Lyon;2;3;2,0;2;0,1881;0,2358;0,5761
6180;2021-02-19;T20-21;D1;Bielefeld;Wolfsburg;0;3;2,0;1;0,28;0,3901;0,33
6185;2021-02-20;T20-21;D1;Schalke 04;Dortmund;0;4;2,0;1;0,2938;0,3992;0,3069
6183;2021-02-20;T20-21;D1;Freiburg;Union Berlin;0;1;2,0;2;0,2932;0,3305;0,3763
16173;2021-02-20;T20-21;E0;Fulham;Sheffield United;1;0;1,0;1;0,2911;0,3655;0,3434
6182;2021-02-20;T20-21;D1;FC Koln;Stuttgart;0;1;2,0;2;0,2402;0,3344;0,4254
56638;2021-02-20;T20-21;SP2;Espanol;Sabadell;1;0;1,0;1;0,2945;0,4838;0,2217
26361;2021-02-20;T20-21;F1;Nantes;Marseille;1;1;0,0;2;0,2518;0,2735;0,4747
34744;2021-02-20;T20-21;I1;Sassuolo;Bologna;1;1;0,0;1;0,2866;0,4068;0,3066
6184;2021-02-20;T20-21;D1;M'gladbach;Mainz;1;2;2,0;1;0,2447;0,5799;0,1754
16172;2021-02-20;T20-21;E0;Liverpool;Everton;0;2;2,0;1;0,1222;0,7396;0,1382
26360;2021-02-20;T20-21;F1;St Etienne;Reims;1;1;0,0;1;0,2314;0,6256;0,1431
16171;2021-02-20;T20-21;E0;Burnley;West Brom;0;0;0,0;1;0,279;0,3689;0,352
34743;2021-02-20;T20-21;I1;Genoa;Verona;2;2;0,0;1;0,2727;0,4905;0,2368
44737;2021-02-20;T20-21;SP1;Elche;Eibar;1;0;1,0;1;0,2834;0,3717;0,3449
44738;2021-02-20;T20-21;SP1;Ath Madrid;Levante;0;2;2,0;1;0,206;0,5945;0,1996
44739;2021-02-20;T20-21;SP1;Valencia;Celta;2;0;1,0;1;0,1385;0,7648;0,0967
6181;2021-02-20;T20-21;D1;Ein Frankfurt;Bayern Munich;2;1;1,0;2;0,2163;0,1976;0,5861
34742;2021-02-20;T20-21;I1;Lazio;Sampdoria;1;0;1,0;1;0,1979;0,6669;0,1353
44740;2021-02-20;T20-21;SP1;Valladolid;Real Madrid;0;1;2,0;2;0,192;0,1311;0,6769
56640;2021-02-20;T20-21;SP2;Las Palmas;Cartagena;2;0;1,0;1;0,248;0,596;0,156
16170;2021-02-20;T20-21;E0;Southampton;Chelsea;1;1;0,0;2;0,2588;0,2325;0,5087
56639;2021-02-20;T20-21;SP2;Albacete;Sp Gijon;0;1;2,0;1;0,2881;0,4837;0,2282
34746;2021-02-21;T20-21;I1;Milan;Inter;0;3;2,0;1;0,2754;0,4563;0,2683
34748;2021-02-21;T20-21;I1;Benevento;Roma;0;0;0,0;2;0,1966;0,1851;0,6183
6186;2021-02-21;T20-21;D1;Augsburg;Leverkusen;1;1;0,0;2;0,219;0,2161;0,5649
6187;2021-02-21;T20-21;D1;Hertha;RB Leipzig;0;3;2,0;2;0,2881;0,3144;0,3976
56645;2021-02-21;T20-21;SP2;Malaga;Vallecano;2;0;1,0;1;0,296;0,4695;0,2346
56644;2021-02-21;T20-21;SP2;Lugo;Logrones;1;1;0,0;1;0,2879;0,489;0,2231
56643;2021-02-21;T20-21;SP2;Girona;Castellon;2;1;1,0;1;0,2396;0,6126;0,1478
6188;2021-02-21;T20-21;D1;Hoffenheim;Werder Bremen;4;0;1,0;1;0,2667;0,5386;0,1948
56642;2021-02-21;T20-21;SP2;Mallorca;Almeria;2;0;1,0;1;0,2655;0,5519;0,1827
56641;2021-02-21;T20-21;SP2;Leganes;Tenerife;1;0;1,0;1;0,2772;0,5049;0,218
34747;2021-02-21;T20-21;I1;Atalanta;Napoli;4;2;1,0;2;0,2519;0,361;0,3871
26365;2021-02-21;T20-21;F1;Nimes;Bordeaux;2;0;1,0;2;0,2959;0,3157;0,3884
16175;2021-02-21;T20-21;E0;Aston Villa;Leicester;1;2;2,0;1;0,2875;0,4572;0,2553
44741;2021-02-21;T20-21;SP1;Barcelona;Cadiz;1;1;0,0;1;0,0678;0,8081;0,1241
44742;2021-02-21;T20-21;SP1;Sociedad;Alaves;4;0;1,0;1;0,2352;0,5826;0,1822
44743;2021-02-21;T20-21;SP1;Huesca;Granada;3;2;1,0;1;0,2873;0,3999;0,3127
44744;2021-02-21;T20-21;SP1;Ath Bilbao;Villarreal;1;1;0,0;1;0,2423;0,603;0,1547
16174;2021-02-21;T20-21;E0;West Ham;Tottenham;2;1;1,0;2;0,2448;0,2199;0,5353
16176;2021-02-21;T20-21;E0;Arsenal;Man City;0;1;2,0;1;0,2145;0,6056;0,1799
16177;2021-02-21;T20-21;E0;Man United;Newcastle;3;1;1,0;1;0,1468;0,7179;0,1353
26362;2021-02-21;T20-21;F1;Montpellier;Rennes;2;1;1,0;1;0,2613;0,5637;0,1749
34745;2021-02-21;T20-21;I1;Parma;Udinese;2;2;0,0;1;0,2706;0,4953;0,2341
26364;2021-02-21;T20-21;F1;Nice;Metz;1;2;2,0;1;0,2665;0,5389;0,1945
26363;2021-02-21;T20-21;F1;Lens;Dijon;2;1;1,0;1;0,2618;0,52;0,2182
26368;2021-02-21;T20-21;F1;Paris SG;Monaco;0;2;2,0;1;0,157;0,6172;0,2258
26367;2021-02-21;T20-21;F1;Lorient;Lille;1;4;2,0;2;0,2778;0,2902;0,432
26366;2021-02-21;T20-21;F1;Strasbourg;Angers;0;0;0,0;2;0,2686;0,3317;0,3997
56646;2021-02-22;T20-21;SP2;Fuenlabrada;Oviedo;2;2;0,0;1;0,2837;0,4791;0,2372
56647;2021-02-22;T20-21;SP2;Zaragoza;Alcorcon;0;1;2,0;1;0,267;0,5511;0,1819
16178;2021-02-22;T20-21;E0;Brighton;Crystal Palace;1;2;2,0;1;0,2818;0,3655;0,3527
34749;2021-02-22;T20-21;I1;Juventus;Crotone;3;0;1,0;1;0,1202;0,7313;0,1485
44745;2021-02-22;T20-21;SP1;Osasuna;Sevilla;0;2;2,0;2;0,263;0,2451;0,492
16179;2021-02-23;T20-21;E0;Leeds;Southampton;3;0;1,0;1;0,2859;0,4691;0,2451
44746;2021-02-24;T20-21;SP1;Barcelona;Elche;3;0;1,0;1;0,0754;0,7909;0,1337
26369;2021-02-24;T20-21;F1;Nimes;Lorient;1;0;1,0;1;0,2825;0,4088;0,3088
56649;2021-02-26;T20-21;SP2;Cartagena;Leganes;1;0;1,0;1;0,2972;0,4334;0,2693
56648;2021-02-26;T20-21;SP2;Sabadell;Albacete;0;0;0,0;1;0,2844;0,4452;0,2704
26370;2021-02-26;T20-21;F1;Rennes;Nice;1;2;2,0;1;0,235;0,5897;0,1753
44747;2021-02-26;T20-21;SP1;Levante;Ath Bilbao;1;1;0,0;1;0,2864;0,3932;0,3204
6189;2021-02-26;T20-21;D1;Werder Bremen;Ein Frankfurt;2;1;1,0;1;0,2399;0,5906;0,1695
16183;2021-02-27;T20-21;E0;Newcastle;Wolves;1;1;0,0;1;0,2756;0,5244;0,2
44750;2021-02-27;T20-21;SP1;Alaves;Osasuna;0;1;2,0;1;0,2861;0,4055;0,3084
44751;2021-02-27;T20-21;SP1;Getafe;Valencia;3;0;1,0;2;0,2949;0,3303;0,3748
44749;2021-02-27;T20-21;SP1;Sevilla;Barcelona;0;2;2,0;2;0,0869;0,068;0,8451
44748;2021-02-27;T20-21;SP1;Eibar;Huesca;1;1;0,0;1;0,301;0,3739;0,3251
26372;2021-02-27;T20-21;F1;Dijon;Paris SG;0;4;2,0;2;0,201;0,1889;0,6101
6193;2021-02-27;T20-21;D1;Wolfsburg;Hertha;2;0;1,0;1;0,2241;0,6069;0,169
16182;2021-02-27;T20-21;E0;Leeds;Aston Villa;0;1;2,0;1;0,2765;0,4483;0,2752
34750;2021-02-27;T20-21;I1;Spezia;Parma;2;2;0,0;1;0,2844;0,4139;0,3017
6192;2021-02-27;T20-21;D1;Stuttgart;Schalke 04;5;1;1,0;1;0,258;0,55;0,192
34752;2021-02-27;T20-21;I1;Verona;Juventus;1;1;0,0;2;0,2078;0,1445;0,6477
56650;2021-02-27;T20-21;SP2;Vallecano;Ponferradina;1;1;0,0;1;0,2494;0,5613;0,1893
56651;2021-02-27;T20-21;SP2;Almeria;Lugo;4;1;1,0;1;0,2281;0,6091;0,1627
56652;2021-02-27;T20-21;SP2;Castellon;Las Palmas;4;0;1,0;1;0,2729;0,4907;0,2364
56653;2021-02-27;T20-21;SP2;Logrones;Mallorca;0;1;2,0;1;0,2954;0,404;0,3006
6194;2021-02-27;T20-21;D1;RB Leipzig;M'gladbach;3;2;1,0;1;0,2646;0,5295;0,2059
16181;2021-02-27;T20-21;E0;West Brom;Brighton;1;0;1,0;2;0,2062;0,3063;0,4875
34751;2021-02-27;T20-21;I1;Bologna;Lazio;2;0;1,0;2;0,2202;0,2107;0,5691
26371;2021-02-27;T20-21;F1;Bordeaux;Metz;1;2;2,0;1;0,2327;0,6267;0,1406
16180;2021-02-27;T20-21;E0;Man City;West Ham;2;1;1,0;1;0,2063;0,6186;0,1752
6190;2021-02-27;T20-21;D1;Bayern Munich;FC Koln;5;1;1,0;1;0,1329;0,7425;0,1246
6191;2021-02-27;T20-21;D1;Dortmund;Bielefeld;3;0;1,0;1;0,1218;0,7855;0,0927
34757;2021-02-28;T20-21;I1;Napoli;Benevento;2;0;1,0;1;0,1774;0,7043;0,1183
34758;2021-02-28;T20-21;I1;Roma;Milan;1;2;2,0;1;0,2655;0,5166;0,2178
34754;2021-02-28;T20-21;I1;Crotone;Cagliari;0;2;2,0;2;0,2707;0,3601;0,3692
6195;2021-02-28;T20-21;D1;Union Berlin;Hoffenheim;1;1;0,0;1;0,2797;0,4899;0,2303
6196;2021-02-28;T20-21;D1;Mainz;Augsburg;0;1;2,0;1;0,2967;0,4661;0,2372
34753;2021-02-28;T20-21;I1;Sampdoria;Atalanta;0;2;2,0;1;0,2651;0,5557;0,1792
34755;2021-02-28;T20-21;I1;Inter;Genoa;3;0;1,0;1;0,1739;0,665;0,1612
34756;2021-02-28;T20-21;I1;Udinese;Fiorentina;1;0;1,0;1;0,2652;0,5609;0,174
56656;2021-02-28;T20-21;SP2;Tenerife;Alcorcon;3;1;1,0;1;0,2366;0,6029;0,1605
16185;2021-02-28;T20-21;E0;Leicester;Arsenal;1;3;2,0;2;0,2324;0,2334;0,5342
26378;2021-02-28;T20-21;F1;Lille;Strasbourg;1;1;0,0;1;0,1477;0,7343;0,118
16184;2021-02-28;T20-21;E0;Crystal Palace;Fulham;0;0;0,0;2;0,279;0,3308;0,3903
26379;2021-02-28;T20-21;F1;Marseille;Lyon;1;1;0,0;1;0,2727;0,3798;0,3475
56654;2021-02-28;T20-21;SP2;Fuenlabrada;Girona;1;1;0,0;1;0,288;0,4692;0,2428
56655;2021-02-28;T20-21;SP2;Sp Gijon;Espanol;1;1;0,0;1;0,2523;0,5758;0,172
56657;2021-02-28;T20-21;SP2;Oviedo;Zaragoza;1;0;1,0;1;0,2682;0,5334;0,1984
26377;2021-02-28;T20-21;F1;Reims;Montpellier;0;0;0,0;1;0,297;0,4426;0,2604
26376;2021-02-28;T20-21;F1;Nimes;Nantes;1;1;0,0;1;0,2956;0,4278;0,2765
16187;2021-02-28;T20-21;E0;Chelsea;Man United;0;0;0,0;2;0,1615;0,2314;0,6072
16186;2021-02-28;T20-21;E0;Tottenham;Burnley;4;0;1,0;1;0,1423;0,7408;0,1169
16188;2021-02-28;T20-21;E0;Sheffield United;Liverpool;0;2;2,0;2;0,1745;0,2365;0,5891
26374;2021-02-28;T20-21;F1;Angers;Lens;2;2;0,0;1;0,2942;0,4411;0,2647
26373;2021-02-28;T20-21;F1;Monaco;Brest;2;0;1,0;1;0,2117;0,6578;0,1305
44755;2021-02-28;T20-21;SP1;Villarreal;Ath Madrid;0;2;2,0;1;0,2883;0,3927;0,3191
44754;2021-02-28;T20-21;SP1;Granada;Elche;2;1;1,0;2;0,2604;0,3257;0,4139
44753;2021-02-28;T20-21;SP1;Cadiz;Betis;0;1;2,0;1;0,2861;0,3977;0,3162
44752;2021-02-28;T20-21;SP1;Celta;Valladolid;1;1;0,0;1;0,2855;0,4586;0,256
6197;2021-02-28;T20-21;D1;Leverkusen;Freiburg;1;2;2,0;1;0,2575;0,5945;0,148
26375;2021-02-28;T20-21;F1;Lorient;St Etienne;2;1;1,0;1;0,2867;0,4884;0,2249
16189;2021-03-01;T20-21;E0;Everton;Southampton;1;0;1,0;1;0,21;0,6321;0,1579
56658;2021-03-01;T20-21;SP2;Mirandes;Malaga;1;0;1,0;1;0,2906;0,439;0,2704
44756;2021-03-01;T20-21;SP1;Real Madrid;Sociedad;1;1;0,0;1;0,0896;0,7776;0,1328
16190;2021-03-02;T20-21;E0;Man City;Wolves;4;1;1,0;1;0,1298;0,7673;0,1029
34759;2021-03-02;T20-21;I1;Juventus;Spezia;3;0;1,0;1;0,0786;0,7914;0,1301
34766;2021-03-03;T20-21;I1;Milan;Udinese;1;1;0,0;1;0,1595;0,6896;0,151
16193;2021-03-03;T20-21;E0;Crystal Palace;Man United;0;0;0,0;2;0,1832;0,1493;0,6675
34765;2021-03-03;T20-21;I1;Genoa;Sampdoria;1;1;0,0;1;0,2877;0,4543;0,2581
34760;2021-03-03;T20-21;I1;Sassuolo;Napoli;3;3;0,0;2;0,2014;0,1793;0,6193
34763;2021-03-03;T20-21;I1;Cagliari;Bologna;1;0;1,0;1;0,2867;0,4069;0,3064
34762;2021-03-03;T20-21;I1;Benevento;Verona;0;3;2,0;1;0,2851;0,3756;0,3393
26380;2021-03-03;T20-21;F1;Brest;Dijon;3;1;1,0;1;0,298;0,4275;0,2745
34761;2021-03-03;T20-21;I1;Atalanta;Crotone;5;1;1,0;1;0,2552;0,5746;0,1701
16192;2021-03-03;T20-21;E0;Sheffield United;Aston Villa;1;0;1,0;1;0,2863;0,4039;0,3098
16191;2021-03-03;T20-21;E0;Burnley;Leicester;1;1;0,0;2;0,2638;0,3386;0,3975
26389;2021-03-03;T20-21;F1;Strasbourg;Monaco;1;0;1,0;2;0,2161;0,2258;0,5581
26388;2021-03-03;T20-21;F1;Nantes;Reims;1;2;2,0;1;0,2981;0,4533;0,2486
26387;2021-03-03;T20-21;F1;Montpellier;Lorient;1;1;0,0;1;0,2636;0,5258;0,2106
26386;2021-03-03;T20-21;F1;Lille;Marseille;2;0;1,0;1;0,2457;0,4924;0,2619
34764;2021-03-03;T20-21;I1;Fiorentina;Roma;1;2;2,0;2;0,2617;0,3569;0,3813
26381;2021-03-03;T20-21;F1;Lyon;Rennes;1;0;1,0;1;0,1258;0,7528;0,1214
26382;2021-03-03;T20-21;F1;Metz;Angers;0;1;2,0;2;0,2307;0,2958;0,4736
26385;2021-03-03;T20-21;F1;Bordeaux;Paris SG;0;1;2,0;2;0,2438;0,3339;0,4223
26384;2021-03-03;T20-21;F1;St Etienne;Lens;2;3;2,0;1;0,2316;0,607;0,1614
26383;2021-03-03;T20-21;F1;Nice;Nimes;2;1;1,0;1;0,2459;0,5981;0,1561
16194;2021-03-04;T20-21;E0;Fulham;Tottenham;0;1;2,0;2;0,235;0,2153;0,5497
16195;2021-03-04;T20-21;E0;West Brom;Everton;0;1;2,0;2;0,2115;0,3262;0,4623
34767;2021-03-04;T20-21;I1;Parma;Inter;1;2;2,0;2;0,2228;0,2414;0,5359
16196;2021-03-04;T20-21;E0;Liverpool;Chelsea;0;1;2,0;2;0,1893;0,3046;0,5061
6198;2021-03-05;T20-21;D1;Schalke 04;Mainz;0;0;0,0;1;0,2181;0,6299;0,152
44757;2021-03-05;T20-21;SP1;Valencia;Villarreal;2;1;1,0;1;0,1681;0,7099;0,122
56659;2021-03-05;T20-21;SP2;Espanol;Oviedo;1;1;0,0;1;0,2797;0,4957;0,2246
6202;2021-03-06;T20-21;D1;Hoffenheim;Wolfsburg;2;1;1,0;1;0,2742;0,5338;0,192
44759;2021-03-06;T20-21;SP1;Elche;Sevilla;2;1;1,0;2;0,2529;0,2524;0,4947
44758;2021-03-06;T20-21;SP1;Valladolid;Getafe;2;1;1,0;1;0,2893;0,3897;0,321
6203;2021-03-06;T20-21;D1;M'gladbach;Leverkusen;0;1;2,0;2;0,2715;0,3578;0,3707
56660;2021-03-06;T20-21;SP2;Zaragoza;Tenerife;1;0;1,0;1;0,2564;0,546;0,1976
56661;2021-03-06;T20-21;SP2;Las Palmas;Vallecano;1;1;0,0;1;0,2604;0,5435;0,196
56662;2021-03-06;T20-21;SP2;Leganes;Castellon;0;0;0,0;1;0,2709;0,5325;0,1966
56663;2021-03-06;T20-21;SP2;Albacete;Logrones;1;1;0,0;1;0,287;0,4891;0,2239
16200;2021-03-06;T20-21;E0;Brighton;Leicester;1;2;2,0;2;0,266;0,3469;0,3871
44761;2021-03-06;T20-21;SP1;Osasuna;Barcelona;0;2;2,0;2;0,1404;0,1216;0,738
16198;2021-03-06;T20-21;E0;Sheffield United;Southampton;0;2;2,0;1;0,2919;0,4043;0,3038
16199;2021-03-06;T20-21;E0;Aston Villa;Wolves;0;0;0,0;1;0,296;0,4412;0,2627
34768;2021-03-06;T20-21;I1;Spezia;Benevento;1;1;0,0;1;0,2928;0,3784;0,3288
34769;2021-03-06;T20-21;I1;Udinese;Sassuolo;2;0;1,0;1;0,2601;0,5508;0,1891
34770;2021-03-06;T20-21;I1;Juventus;Lazio;3;1;1,0;1;0,1565;0,6017;0,2418
6204;2021-03-06;T20-21;D1;Bayern Munich;Dortmund;4;2;1,0;1;0,2479;0,5795;0,1726
6199;2021-03-06;T20-21;D1;Ein Frankfurt;Stuttgart;1;1;0,0;1;0,2954;0,4553;0,2493
6200;2021-03-06;T20-21;D1;Freiburg;RB Leipzig;0;3;2,0;2;0,2192;0,2124;0,5684
6201;2021-03-06;T20-21;D1;Hertha;Augsburg;2;1;1,0;1;0,2803;0,5052;0,2145
16197;2021-03-06;T20-21;E0;Burnley;Arsenal;1;1;0,0;2;0,19;0,1792;0,6308
44760;2021-03-06;T20-21;SP1;Cadiz;Eibar;1;0;1,0;2;0,2832;0,3486;0,3683
34776;2021-03-07;T20-21;I1;Napoli;Bologna;3;1;1,0;1;0,2306;0,5961;0,1733
34771;2021-03-07;T20-21;I1;Roma;Genoa;1;0;1,0;1;0,1713;0,6715;0,1572
34772;2021-03-07;T20-21;I1;Crotone;Torino;4;2;1,0;1;0,3066;0,4043;0,2891
34773;2021-03-07;T20-21;I1;Fiorentina;Parma;3;3;0,0;1;0,2368;0,6212;0,1419
16201;2021-03-07;T20-21;E0;West Brom;Newcastle;0;0;0,0;1;0,337;0,3425;0,3205
16202;2021-03-07;T20-21;E0;Liverpool;Fulham;0;1;2,0;1;0,1747;0,6796;0,1457
34775;2021-03-07;T20-21;I1;Sampdoria;Cagliari;2;2;0,0;1;0,2723;0,4545;0,2732
44765;2021-03-07;T20-21;SP1;Ath Bilbao;Granada;2;1;1,0;1;0,254;0,5586;0,1874
44763;2021-03-07;T20-21;SP1;Ath Madrid;Real Madrid;1;1;0,0;2;0,1182;0,1164;0,7654
6205;2021-03-07;T20-21;D1;FC Koln;Werder Bremen;1;1;0,0;2;0,2128;0,2557;0,5315
6206;2021-03-07;T20-21;D1;Bielefeld;Union Berlin;0;0;0,0;2;0,2735;0,3176;0,4089
16204;2021-03-07;T20-21;E0;Tottenham;Crystal Palace;4;1;1,0;1;0,1536;0,7181;0,1283
44762;2021-03-07;T20-21;SP1;Huesca;Celta;3;4;2,0;1;0,2994;0,4052;0,2954
56667;2021-03-07;T20-21;SP2;Girona;Almeria;0;1;2,0;1;0,2395;0,6096;0,1509
34774;2021-03-07;T20-21;I1;Verona;Milan;0;2;2,0;2;0,1972;0,1864;0,6164
56665;2021-03-07;T20-21;SP2;Ponferradina;Sp Gijon;2;2;0,0;1;0,2901;0,4932;0,2167
56664;2021-03-07;T20-21;SP2;Malaga;Sabadell;2;0;1,0;1;0,2806;0,51;0,2094
16203;2021-03-07;T20-21;E0;Man City;Man United;0;2;2,0;2;0,162;0,2088;0,6292
44764;2021-03-07;T20-21;SP1;Sociedad;Levante;1;0;1,0;1;0,2712;0,5192;0,2096
56666;2021-03-07;T20-21;SP2;Mallorca;Cartagena;2;1;1,0;1;0,2661;0,5513;0,1826
56668;2021-03-08;T20-21;SP2;Alcorcon;Mirandes;4;0;1,0;1;0,2643;0,5577;0,1781
56669;2021-03-08;T20-21;SP2;Lugo;Fuenlabrada;0;0;0,0;1;0,2946;0,44;0,2654
16205;2021-03-08;T20-21;E0;Chelsea;Everton;2;0;1,0;1;0,1211;0,7322;0,1467
16206;2021-03-08;T20-21;E0;West Ham;Leeds;2;0;1,0;1;0,2998;0,402;0,2982
44766;2021-03-08;T20-21;SP1;Betis;Alaves;3;2;1,0;1;0,2913;0,4558;0,2529
34777;2021-03-08;T20-21;I1;Inter;Atalanta;1;0;1,0;1;0,1305;0,7535;0,116
16207;2021-03-10;T20-21;E0;Man City;Southampton;5;2;1,0;1;0,1138;0,7977;0,0885
44767;2021-03-10;T20-21;SP1;Ath Madrid;Ath Bilbao;2;1;1,0;1;0,1602;0,6931;0,1467
26390;2021-03-10;T20-21;F1;Marseille;Rennes;1;0;1,0;1;0,1637;0,708;0,1284
6207;2021-03-10;T20-21;D1;Bielefeld;Werder Bremen;0;2;2,0;2;0,2681;0,3;0,4319
6208;2021-03-12;T20-21;D1;Augsburg;M'gladbach;3;1;1,0;1;0,3003;0,4022;0,2975
44768;2021-03-12;T20-21;SP1;Levante;Valencia;1;0;1,0;2;0,2191;0,2246;0,5563
34778;2021-03-12;T20-21;I1;Lazio;Crotone;3;2;1,0;1;0,1625;0,7093;0,1282
34779;2021-03-12;T20-21;I1;Atalanta;Spezia;3;1;1,0;1;0,2597;0,5471;0,1931
26391;2021-03-12;T20-21;F1;Reims;Lyon;1;1;0,0;2;0,2203;0,2501;0,5296
16208;2021-03-12;T20-21;E0;Newcastle;Aston Villa;1;1;0,0;1;0,2684;0,5077;0,2239
56671;2021-03-12;T20-21;SP2;Vallecano;Zaragoza;3;2;1,0;1;0,2584;0,5521;0,1895
56670;2021-03-12;T20-21;SP2;Cartagena;Ponferradina;1;1;0,0;1;0,2969;0,4401;0,2631
56672;2021-03-13;T20-21;SP2;Fuenlabrada;Las Palmas;1;2;2,0;1;0,2949;0,4464;0,2587
26392;2021-03-13;T20-21;F1;Angers;St Etienne;0;1;2,0;1;0,2968;0,4384;0,2647
26393;2021-03-13;T20-21;F1;Marseille;Brest;3;1;1,0;1;0,1665;0,7071;0,1264
44772;2021-03-13;T20-21;SP1;Getafe;Ath Madrid;0;0;0,0;2;0,254;0,2982;0,4478
44771;2021-03-13;T20-21;SP1;Osasuna;Valladolid;0;0;0,0;1;0,2866;0,4023;0,3112
56673;2021-03-13;T20-21;SP2;Girona;Lugo;1;1;0,0;1;0,2351;0,5957;0,1691
56674;2021-03-13;T20-21;SP2;Castellon;Sabadell;2;1;1,0;1;0,2819;0,5017;0,2164
44770;2021-03-13;T20-21;SP1;Real Madrid;Elche;2;1;1,0;1;0,0831;0,7716;0,1453
44769;2021-03-13;T20-21;SP1;Alaves;Cadiz;1;1;0,0;2;0,2913;0,3501;0,3586
56675;2021-03-13;T20-21;SP2;Mirandes;Espanol;2;2;0,0;1;0,2914;0,3648;0,3438
16210;2021-03-13;T20-21;E0;Crystal Palace;West Brom;1;0;1,0;2;0,2809;0,3349;0,3842
16209;2021-03-13;T20-21;E0;Leeds;Chelsea;0;0;0,0;2;0,2597;0,2321;0,5082
16212;2021-03-13;T20-21;E0;Fulham;Man City;0;3;2,0;2;0,2038;0,2271;0,5691
6209;2021-03-13;T20-21;D1;Mainz;Freiburg;1;0;1,0;1;0,2825;0,4384;0,2791
6210;2021-03-13;T20-21;D1;Union Berlin;FC Koln;2;1;1,0;1;0,2847;0,4362;0,2791
6211;2021-03-13;T20-21;D1;Werder Bremen;Bayern Munich;1;3;2,0;2;0,1306;0,3228;0,5465
34780;2021-03-13;T20-21;I1;Sassuolo;Verona;3;2;1,0;1;0,301;0,4191;0,2799
34781;2021-03-13;T20-21;I1;Benevento;Fiorentina;1;4;2,0;2;0,2649;0,3119;0,4232
6212;2021-03-13;T20-21;D1;Wolfsburg;Schalke 04;5;0;1,0;1;0,2374;0,6061;0,1565
34782;2021-03-13;T20-21;I1;Genoa;Udinese;1;1;0,0;1;0,2789;0,4478;0,2733
6213;2021-03-13;T20-21;D1;Dortmund;Hertha;2;0;1,0;1;0,1183;0,7954;0,0864
16211;2021-03-13;T20-21;E0;Everton;Burnley;1;2;2,0;1;0,2118;0,6312;0,157
56677;2021-03-14;T20-21;SP2;Sp Gijon;Mallorca;2;0;1,0;1;0,2215;0,648;0,1305
56676;2021-03-14;T20-21;SP2;Logrones;Malaga;0;1;2,0;2;0,2841;0,2996;0,4163
34787;2021-03-14;T20-21;I1;Milan;Napoli;0;1;2,0;1;0,2262;0,5484;0,2254
34786;2021-03-14;T20-21;I1;Cagliari;Juventus;1;3;2,0;2;0,1675;0,1492;0,6833
34785;2021-03-14;T20-21;I1;Torino;Inter;1;2;2,0;2;0,1755;0,2221;0,6024
44775;2021-03-14;T20-21;SP1;Eibar;Villarreal;1;3;2,0;1;0,3004;0,3575;0,3421
34784;2021-03-14;T20-21;I1;Parma;Roma;2;0;1,0;2;0,2361;0,2529;0,511
34783;2021-03-14;T20-21;I1;Bologna;Sampdoria;3;1;1,0;1;0,2992;0,3989;0,3019
44773;2021-03-14;T20-21;SP1;Celta;Ath Bilbao;0;0;0,0;1;0,2764;0,4635;0,26
16216;2021-03-14;T20-21;E0;Man United;West Ham;1;0;1,0;1;0,1497;0,7165;0,1338
16215;2021-03-14;T20-21;E0;Arsenal;Tottenham;2;1;1,0;1;0,143;0,6375;0,2194
16214;2021-03-14;T20-21;E0;Leicester;Sheffield United;5;0;1,0;1;0,2887;0,5033;0,208
16213;2021-03-14;T20-21;E0;Southampton;Brighton;1;2;2,0;1;0,2846;0,4874;0,228
56678;2021-03-14;T20-21;SP2;Tenerife;Albacete;2;0;1,0;1;0,2501;0,5681;0,1818
44776;2021-03-14;T20-21;SP1;Sevilla;Betis;1;0;1,0;1;0,206;0,6565;0,1375
56679;2021-03-14;T20-21;SP2;Oviedo;Leganes;1;3;2,0;1;0,2721;0,526;0,2019
44774;2021-03-14;T20-21;SP1;Granada;Sociedad;1;0;1,0;1;0,2872;0,3695;0,3432
26398;2021-03-14;T20-21;F1;Rennes;Strasbourg;1;0;1,0;1;0,2324;0,589;0,1786
26400;2021-03-14;T20-21;F1;Paris SG;Nantes;1;2;2,0;1;0,1008;0,8072;0,0921
26399;2021-03-14;T20-21;F1;Monaco;Lille;0;0;0,0;1;0,2789;0,4627;0,2584
26397;2021-03-14;T20-21;F1;Lorient;Nice;1;1;0,0;1;0,2928;0,472;0,2351
6215;2021-03-14;T20-21;D1;RB Leipzig;Ein Frankfurt;1;1;0,0;1;0,2654;0,5258;0,2088
6216;2021-03-14;T20-21;D1;Stuttgart;Hoffenheim;2;0;1,0;1;0,2493;0,5934;0,1573
26395;2021-03-14;T20-21;F1;Dijon;Bordeaux;1;3;2,0;2;0,2542;0,2695;0,4763
26396;2021-03-14;T20-21;F1;Lens;Metz;2;2;0,0;1;0,2804;0,4925;0,2271
6214;2021-03-14;T20-21;D1;Leverkusen;Bielefeld;1;2;2,0;1;0,1616;0,7069;0,1315
26394;2021-03-14;T20-21;F1;Nimes;Montpellier;1;1;0,0;1;0,2929;0,4068;0,3003
56680;2021-03-15;T20-21;SP2;Almeria;Alcorcon;0;0;0,0;1;0,2337;0,612;0,1543
44777;2021-03-15;T20-21;SP1;Barcelona;Huesca;4;1;1,0;1;0,069;0,8066;0,1244
16217;2021-03-15;T20-21;E0;Wolves;Liverpool;0;1;2,0;2;0,1957;0,1847;0,6196
34788;2021-03-17;T20-21;I1;Torino;Sassuolo;3;2;1,0;1;0,2933;0,4132;0,2936
44778;2021-03-17;T20-21;SP1;Sevilla;Elche;2;0;1,0;1;0,1741;0,707;0,1188
44779;2021-03-19;T20-21;SP1;Betis;Levante;2;0;1,0;1;0,2835;0,4412;0,2753
26401;2021-03-19;T20-21;F1;St Etienne;Monaco;0;4;2,0;1;0,2772;0,4408;0,282
56681;2021-03-19;T20-21;SP2;Las Palmas;Girona;1;2;2,0;1;0,2499;0,5945;0,1556
6217;2021-03-19;T20-21;D1;Bielefeld;RB Leipzig;0;1;2,0;2;0,2131;0,2271;0,5598
34789;2021-03-19;T20-21;I1;Parma;Genoa;1;2;2,0;1;0,2773;0,4883;0,2344
16218;2021-03-19;T20-21;E0;Fulham;Leeds;1;2;2,0;2;0,2761;0,3059;0,418
26403;2021-03-20;T20-21;F1;Nice;Marseille;3;0;1,0;1;0,2708;0,4044;0,3248
26402;2021-03-20;T20-21;F1;Metz;Rennes;1;3;2,0;2;0,2334;0,3316;0,435
6222;2021-03-20;T20-21;D1;Schalke 04;M'gladbach;0;3;2,0;1;0,22;0,6321;0,148
6221;2021-03-20;T20-21;D1;Werder Bremen;Wolfsburg;1;2;2,0;1;0,2352;0,6167;0,1481
6220;2021-03-20;T20-21;D1;FC Koln;Dortmund;2;2;0,0;2;0,1607;0,1723;0,667
6219;2021-03-20;T20-21;D1;Ein Frankfurt;Union Berlin;5;2;1,0;1;0,2789;0,5097;0,2113
6218;2021-03-20;T20-21;D1;Bayern Munich;Stuttgart;4;0;1,0;1;0,1138;0,7421;0,1441
34790;2021-03-20;T20-21;I1;Crotone;Bologna;2;3;2,0;1;0,2876;0,3903;0,3221
34791;2021-03-20;T20-21;I1;Spezia;Cagliari;2;1;1,0;1;0,2827;0,3968;0,3205
56682;2021-03-20;T20-21;SP2;Sabadell;Sp Gijon;1;1;0,0;1;0,2952;0,4175;0,2872
16219;2021-03-20;T20-21;E0;Brighton;Newcastle;3;0;1,0;1;0,2874;0,4009;0,3117
56684;2021-03-20;T20-21;SP2;Leganes;Fuenlabrada;0;2;2,0;1;0,287;0,4758;0,2372
56683;2021-03-20;T20-21;SP2;Mallorca;Oviedo;0;0;0,0;1;0,2673;0,5491;0,1836
56685;2021-03-20;T20-21;SP2;Espanol;Logrones;4;0;1,0;1;0,2835;0,499;0,2175
44783;2021-03-20;T20-21;SP1;Valladolid;Sevilla;1;1;0,0;2;0,2371;0,24;0,5229
44782;2021-03-20;T20-21;SP1;Huesca;Osasuna;0;0;0,0;1;0,2863;0,4069;0,3068
44780;2021-03-20;T20-21;SP1;Ath Bilbao;Eibar;1;1;0,0;1;0,2403;0,5998;0,1599
44781;2021-03-20;T20-21;SP1;Celta;Real Madrid;1;3;2,0;2;0,2049;0,2;0,5951
26405;2021-03-21;T20-21;F1;Brest;Angers;0;0;0,0;1;0,2927;0,4324;0,2749
34795;2021-03-21;T20-21;I1;Udinese;Lazio;0;1;2,0;2;0,2867;0,3165;0,3968
34796;2021-03-21;T20-21;I1;Fiorentina;Milan;2;3;2,0;2;0,2621;0,3637;0,3742
34797;2021-03-21;T20-21;I1;Roma;Napoli;0;2;2,0;1;0,2024;0,5901;0,2075
6223;2021-03-21;T20-21;D1;Hoffenheim;Mainz;1;2;2,0;1;0,2719;0,5062;0,222
6224;2021-03-21;T20-21;D1;Hertha;Leverkusen;3;0;1,0;2;0,2553;0,3122;0,4325
26404;2021-03-21;T20-21;F1;Strasbourg;Lens;1;2;2,0;1;0,2747;0,3908;0,3345
6225;2021-03-21;T20-21;D1;Freiburg;Augsburg;2;0;1,0;1;0,2831;0,3714;0,3455
34792;2021-03-21;T20-21;I1;Verona;Atalanta;0;2;2,0;2;0,2649;0,359;0,3761
56686;2021-03-21;T20-21;SP2;Ponferradina;Almeria;2;1;1,0;1;0,269;0,5374;0,1935
56687;2021-03-21;T20-21;SP2;Malaga;Tenerife;1;1;0,0;1;0,2818;0,498;0,2202
56688;2021-03-21;T20-21;SP2;Lugo;Castellon;0;0;0,0;1;0,2911;0,4947;0,2142
56689;2021-03-21;T20-21;SP2;Alcorcon;Vallecano;0;3;2,0;1;0,2747;0,4998;0,2255
34794;2021-03-21;T20-21;I1;Sampdoria;Torino;1;0;1,0;1;0,2521;0,5408;0,2071
34793;2021-03-21;T20-21;I1;Juventus;Benevento;0;1;2,0;1;0,1035;0,7466;0,1499
44788;2021-03-21;T20-21;SP1;Sociedad;Barcelona;1;6;2,0;2;0,1494;0,3643;0,4863
44787;2021-03-21;T20-21;SP1;Ath Madrid;Alaves;1;0;1,0;1;0,1214;0,7931;0,0856
44786;2021-03-21;T20-21;SP1;Villarreal;Cadiz;2;1;1,0;1;0,2185;0,6561;0,1253
26409;2021-03-21;T20-21;F1;Lille;Nimes;1;2;2,0;1;0,1797;0,7009;0,1194
26408;2021-03-21;T20-21;F1;Nantes;Lorient;1;1;0,0;1;0,2771;0,4289;0,294
16221;2021-03-21;T20-21;E0;Aston Villa;Tottenham;0;2;2,0;2;0,2535;0,2377;0,5089
16220;2021-03-21;T20-21;E0;West Ham;Arsenal;3;3;0,0;2;0,1906;0,2268;0,5825
44785;2021-03-21;T20-21;SP1;Valencia;Granada;2;1;1,0;1;0,1878;0,6753;0,1369
44784;2021-03-21;T20-21;SP1;Getafe;Elche;1;1;0,0;1;0,2657;0,5474;0,1869
26407;2021-03-21;T20-21;F1;Montpellier;Bordeaux;3;1;1,0;1;0,265;0,5343;0,2007
26410;2021-03-21;T20-21;F1;Lyon;Paris SG;2;4;2,0;1;0,2767;0,4785;0,2448
26406;2021-03-21;T20-21;F1;Dijon;Reims;0;1;2,0;2;0,2632;0,3503;0,3865
56691;2021-03-22;T20-21;SP2;Zaragoza;Mirandes;1;0;1,0;1;0,2653;0,5552;0,1796
56690;2021-03-22;T20-21;SP2;Albacete;Cartagena;2;0;1,0;1;0,2771;0,5148;0,2081
56692;2021-03-26;T20-21;SP2;Sp Gijon;Alcorcon;0;0;0,0;1;0,2256;0,624;0,1505
56693;2021-03-26;T20-21;SP2;Castellon;Espanol;1;3;2,0;1;0,3028;0,3839;0,3133
56697;2021-03-27;T20-21;SP2;Logrones;Zaragoza;1;1;0,0;1;0,3031;0,3489;0,348
56694;2021-03-27;T20-21;SP2;Oviedo;Ponferradina;1;1;0,0;1;0,2761;0,5066;0,2173
56695;2021-03-27;T20-21;SP2;Almeria;Leganes;1;1;0,0;1;0,2373;0,6052;0,1575
56696;2021-03-27;T20-21;SP2;Cartagena;Malaga;1;1;0,0;1;0,2882;0,365;0,3468
56698;2021-03-28;T20-21;SP2;Lugo;Sabadell;0;1;2,0;1;0,2864;0,495;0,2186
56699;2021-03-28;T20-21;SP2;Girona;Albacete;2;1;1,0;1;0,2539;0,5623;0,1838
56700;2021-03-28;T20-21;SP2;Tenerife;Las Palmas;1;1;0,0;1;0,2275;0,5985;0,174
56701;2021-03-29;T20-21;SP2;Fuenlabrada;Mallorca;4;1;1,0;1;0,2837;0,4807;0,2355
56702;2021-03-30;T20-21;SP2;Alcorcon;Oviedo;1;1;0,0;1;0,2653;0,5632;0,1715
56705;2021-03-30;T20-21;SP2;Vallecano;Sp Gijon;0;1;2,0;1;0,2621;0,5392;0,1988
56704;2021-03-30;T20-21;SP2;Ponferradina;Logrones;2;2;0,0;1;0,2828;0,5138;0,2034
56703;2021-03-30;T20-21;SP2;Malaga;Almeria;0;3;2,0;1;0,2657;0,5525;0,1819
56707;2021-03-31;T20-21;SP2;Sabadell;Girona;2;2;0,0;1;0,2876;0,458;0,2545
56706;2021-03-31;T20-21;SP2;Albacete;Castellon;0;1;2,0;1;0,2905;0,4945;0,2151
56710;2021-04-01;T20-21;SP2;Las Palmas;Lugo;6;1;1,0;1;0,2404;0,5817;0,1779
56709;2021-04-01;T20-21;SP2;Mallorca;Leganes;1;0;1,0;1;0,2818;0,5226;0,1956
56708;2021-04-01;T20-21;SP2;Espanol;Fuenlabrada;4;0;1,0;1;0,2941;0,4417;0,2641
56711;2021-04-01;T20-21;SP2;Zaragoza;Cartagena;0;0;0,0;1;0,2646;0,5652;0,1702
56712;2021-04-02;T20-21;SP2;Almeria;Vallecano;0;1;2,0;1;0,2496;0,5787;0,1718
44789;2021-04-02;T20-21;SP1;Levante;Huesca;0;2;2,0;2;0,2752;0,337;0,3878
56714;2021-04-03;T20-21;SP2;Girona;Ponferradina;3;1;1,0;1;0,2327;0,5978;0,1695
44790;2021-04-03;T20-21;SP1;Granada;Villarreal;0;3;2,0;2;0,2595;0,3081;0,4324
26412;2021-04-03;T20-21;F1;Paris SG;Lille;0;1;2,0;1;0,1739;0,5953;0,2308
6226;2021-04-03;T20-21;D1;Augsburg;Hoffenheim;2;1;1,0;2;0,267;0,3376;0,3954
6227;2021-04-03;T20-21;D1;Dortmund;Ein Frankfurt;1;2;2,0;1;0,1772;0,6523;0,1705
6228;2021-04-03;T20-21;D1;Leverkusen;Schalke 04;2;1;1,0;1;0,2077;0,6607;0,1316
6229;2021-04-03;T20-21;D1;Mainz;Bielefeld;1;1;0,0;1;0,2944;0,4576;0,248
6230;2021-04-03;T20-21;D1;Wolfsburg;FC Koln;1;0;1,0;1;0,2509;0,5658;0,1833
6231;2021-04-03;T20-21;D1;RB Leipzig;Bayern Munich;0;1;2,0;2;0,1641;0,3163;0,5196
6232;2021-04-03;T20-21;D1;M'gladbach;Freiburg;2;1;1,0;1;0,2532;0,5471;0,1997
56713;2021-04-03;T20-21;SP2;Logrones;Tenerife;1;0;1,0;1;0,2932;0,4221;0,2847
34807;2021-04-03;T20-21;I1;Bologna;Inter;0;1;2,0;2;0,1792;0,2052;0,6157
44791;2021-04-03;T20-21;SP1;Real Madrid;Eibar;2;0;1,0;1;0,1083;0,7423;0,1494
34806;2021-04-03;T20-21;I1;Torino;Juventus;2;2;0,0;2;0,1863;0,1401;0,6736
34804;2021-04-03;T20-21;I1;Napoli;Crotone;4;3;1,0;1;0,1623;0,7101;0,1276
34803;2021-04-03;T20-21;I1;Lazio;Spezia;2;1;1,0;1;0,2004;0,6661;0,1335
34802;2021-04-03;T20-21;I1;Genoa;Fiorentina;1;1;0,0;1;0,2724;0,5164;0,2112
34801;2021-04-03;T20-21;I1;Cagliari;Verona;0;2;2,0;1;0,3015;0,4099;0,2886
34800;2021-04-03;T20-21;I1;Benevento;Parma;2;2;0,0;1;0,2932;0,39;0,3168
34799;2021-04-03;T20-21;I1;Atalanta;Udinese;3;2;1,0;1;0,2608;0,5361;0,2031
34798;2021-04-03;T20-21;I1;Milan;Sampdoria;1;1;0,0;1;0,155;0,71;0,135
26411;2021-04-03;T20-21;F1;Monaco;Metz;4;0;1,0;1;0,2331;0,6289;0,138
16222;2021-04-03;T20-21;E0;Chelsea;West Brom;2;5;2,0;1;0,1638;0,6915;0,1448
16223;2021-04-03;T20-21;E0;Leeds;Sheffield United;2;1;1,0;1;0,2935;0,4832;0,2233
16224;2021-04-03;T20-21;E0;Leicester;Man City;0;2;2,0;2;0,2275;0,2524;0,5201
16225;2021-04-03;T20-21;E0;Arsenal;Liverpool;0;3;2,0;1;0,2749;0,4786;0,2465
34805;2021-04-03;T20-21;I1;Sassuolo;Roma;2;2;0,0;2;0,1882;0,254;0,5578
44792;2021-04-03;T20-21;SP1;Osasuna;Getafe;0;0;0,0;1;0,2849;0,3979;0,3172
26413;2021-04-03;T20-21;F1;Lens;Lyon;1;1;0,0;2;0,2132;0,2621;0,5247
56715;2021-04-03;T20-21;SP2;Castellon;Oviedo;1;0;1,0;1;0,2746;0,5236;0,2018
44793;2021-04-04;T20-21;SP1;Alaves;Celta;1;3;2,0;1;0,2881;0,389;0,3229
16226;2021-04-04;T20-21;E0;Southampton;Burnley;3;2;1,0;1;0,2956;0,4583;0,246
16227;2021-04-04;T20-21;E0;Newcastle;Tottenham;2;2;0,0;1;0,2723;0,3791;0,3487
16228;2021-04-04;T20-21;E0;Aston Villa;Fulham;3;1;1,0;1;0,2862;0,4273;0,2866
16229;2021-04-04;T20-21;E0;Man United;Brighton;2;1;1,0;1;0,1052;0,7444;0,1504
56718;2021-04-04;T20-21;SP2;Leganes;Sabadell;2;1;1,0;1;0,2809;0,5125;0,2066
6233;2021-04-04;T20-21;D1;Stuttgart;Werder Bremen;1;0;1,0;1;0,2527;0,5666;0,1807
6234;2021-04-04;T20-21;D1;Union Berlin;Hertha;1;1;0,0;1;0,2955;0,4474;0,2572
56719;2021-04-04;T20-21;SP2;Lugo;Malaga;0;1;2,0;1;0,2948;0,4378;0,2675
56720;2021-04-04;T20-21;SP2;Las Palmas;Mallorca;1;1;0,0;1;0,2474;0,5981;0,1545
56716;2021-04-04;T20-21;SP2;Sp Gijon;Mirandes;1;2;2,0;1;0,2258;0,6279;0,1462
44796;2021-04-04;T20-21;SP1;Sevilla;Ath Madrid;1;0;1,0;1;0,2736;0,4553;0,2712
56717;2021-04-04;T20-21;SP2;Albacete;Espanol;0;3;2,0;1;0,2986;0,365;0,3364
26414;2021-04-04;T20-21;F1;Angers;Montpellier;1;1;0,0;1;0,2976;0,4305;0,2719
26415;2021-04-04;T20-21;F1;Bordeaux;Strasbourg;2;3;2,0;1;0,2045;0,6392;0,1564
26416;2021-04-04;T20-21;F1;Lorient;Brest;1;0;1,0;1;0,2961;0,4944;0,2095
26417;2021-04-04;T20-21;F1;Nantes;Nice;1;2;2,0;1;0,2953;0,4572;0,2476
26418;2021-04-04;T20-21;F1;Reims;Rennes;2;2;0,0;1;0,2996;0,4403;0,2601
44794;2021-04-04;T20-21;SP1;Elche;Betis;1;1;0,0;1;0,2869;0,3947;0,3184
26419;2021-04-04;T20-21;F1;Nimes;St Etienne;0;2;2,0;1;0,2902;0,4066;0,3032
26420;2021-04-04;T20-21;F1;Marseille;Dijon;2;0;1,0;1;0,1601;0,7175;0,1224
44795;2021-04-04;T20-21;SP1;Cadiz;Valencia;2;1;1,0;2;0,2292;0,2041;0,5667
44797;2021-04-05;T20-21;SP1;Barcelona;Valladolid;1;0;1,0;1;0,1281;0,769;0,1029
16230;2021-04-05;T20-21;E0;Everton;Crystal Palace;1;1;0,0;1;0,2231;0,6216;0,1552
16231;2021-04-05;T20-21;E0;Wolves;West Ham;2;3;2,0;1;0,2845;0,3784;0,3371
56722;2021-04-05;T20-21;SP2;Fuenlabrada;Zaragoza;0;1;2,0;1;0,2856;0,4877;0,2267
56721;2021-04-05;T20-21;SP2;Cartagena;Alcorcon;2;1;1,0;1;0,2953;0,4378;0,2668
44798;2021-04-07;T20-21;SP1;Sociedad;Ath Bilbao;1;1;0,0;1;0,2589;0,5451;0,196
34809;2021-04-07;T20-21;I1;Juventus;Napoli;2;1;1,0;1;0,1315;0,702;0,1665
34808;2021-04-07;T20-21;I1;Inter;Sassuolo;2;1;1,0;1;0,1249;0,7486;0,1265
44799;2021-04-09;T20-21;SP1;Huesca;Elche;3;1;1,0;1;0,293;0,3623;0,3447
56723;2021-04-09;T20-21;SP2;Tenerife;Sp Gijon;1;0;1,0;1;0,2423;0,5916;0,1661
16232;2021-04-09;T20-21;E0;Fulham;Wolves;0;1;2,0;2;0,2793;0,3434;0,3774
6235;2021-04-09;T20-21;D1;Bielefeld;Freiburg;1;0;1,0;1;0,283;0,391;0,326
26421;2021-04-09;T20-21;F1;Metz;Lille;0;2;2,0;2;0,1628;0,1902;0,6469
6236;2021-04-10;T20-21;D1;Bayern Munich;Union Berlin;1;1;0,0;1;0,0722;0,8006;0,1272
26422;2021-04-10;T20-21;F1;Strasbourg;Paris SG;1;4;2,0;2;0,198;0,1863;0,6157
56726;2021-04-10;T20-21;SP2;Vallecano;Girona;2;1;1,0;1;0,2563;0,5814;0,1623
56724;2021-04-10;T20-21;SP2;Ponferradina;Fuenlabrada;0;0;0,0;1;0,2962;0,4564;0,2474
26423;2021-04-10;T20-21;F1;Montpellier;Marseille;3;3;0,0;1;0,2594;0,3858;0,3548
6237;2021-04-10;T20-21;D1;Ein Frankfurt;Wolfsburg;4;3;1,0;1;0,3;0,456;0,244
56725;2021-04-10;T20-21;SP2;Oviedo;Las Palmas;0;0;0,0;1;0,2608;0,5137;0,2255
6238;2021-04-10;T20-21;D1;Hertha;M'gladbach;2;2;0,0;1;0,2747;0,4964;0,2289
16233;2021-04-10;T20-21;E0;Man City;Leeds;1;2;2,0;1;0,1187;0,7372;0,1441
16234;2021-04-10;T20-21;E0;Liverpool;Aston Villa;2;1;1,0;1;0,1527;0,6803;0,167
34812;2021-04-10;T20-21;I1;Udinese;Torino;0;1;2,0;1;0,2627;0,514;0,2233
34811;2021-04-10;T20-21;I1;Parma;Milan;1;3;2,0;2;0,2374;0,2508;0,5118
44800;2021-04-10;T20-21;SP1;Getafe;Cadiz;0;1;2,0;1;0,2679;0,5559;0,1761
34810;2021-04-10;T20-21;I1;Spezia;Crotone;3;2;1,0;1;0,294;0,4153;0,2908
44801;2021-04-10;T20-21;SP1;Ath Bilbao;Alaves;0;0;0,0;1;0,2314;0,5883;0,1803
44802;2021-04-10;T20-21;SP1;Eibar;Levante;0;1;2,0;1;0,2866;0,4143;0,2991
44803;2021-04-10;T20-21;SP1;Real Madrid;Barcelona;2;1;1,0;2;0,1044;0,2504;0,6452
6239;2021-04-10;T20-21;D1;Werder Bremen;RB Leipzig;1;4;2,0;1;0,2733;0,4055;0,3212
6240;2021-04-10;T20-21;D1;Stuttgart;Dortmund;2;3;2,0;2;0,2358;0,3267;0,4375
16235;2021-04-10;T20-21;E0;Crystal Palace;Chelsea;1;4;2,0;2;0,1586;0,1637;0,6778
34816;2021-04-11;T20-21;I1;Verona;Lazio;0;1;2,0;2;0,2106;0,222;0,5674
44804;2021-04-11;T20-21;SP1;Villarreal;Osasuna;1;2;2,0;1;0,2576;0,608;0,1344
34815;2021-04-11;T20-21;I1;Sampdoria;Napoli;0;2;2,0;2;0,2602;0,3492;0,3906
44805;2021-04-11;T20-21;SP1;Valencia;Sociedad;2;2;0,0;1;0,1516;0,7546;0,0937
44806;2021-04-11;T20-21;SP1;Valladolid;Granada;1;2;2,0;1;0,2917;0,386;0,3223
44807;2021-04-11;T20-21;SP1;Betis;Ath Madrid;1;1;0,0;2;0,2319;0,2779;0,4902
56732;2021-04-11;T20-21;SP2;Espanol;Leganes;2;1;1,0;1;0,2842;0,5022;0,2135
56731;2021-04-11;T20-21;SP2;Sabadell;Cartagena;1;1;0,0;1;0,2865;0,4589;0,2546
34814;2021-04-11;T20-21;I1;Juventus;Genoa;3;1;1,0;1;0,1412;0,7118;0,1469
34817;2021-04-11;T20-21;I1;Roma;Bologna;1;0;1,0;1;0,1863;0,6586;0,155
34818;2021-04-11;T20-21;I1;Fiorentina;Atalanta;2;3;2,0;1;0,2227;0,6377;0,1396
26428;2021-04-11;T20-21;F1;St Etienne;Bordeaux;4;1;1,0;1;0,2366;0,6075;0,1559
6242;2021-04-11;T20-21;D1;FC Koln;Mainz;2;3;2,0;1;0,2914;0,3996;0,309
56730;2021-04-11;T20-21;SP2;Mirandes;Logrones;0;1;2,0;1;0,2883;0,4786;0,2331
16236;2021-04-11;T20-21;E0;Burnley;Newcastle;1;2;2,0;1;0,2868;0,3775;0,3356
6241;2021-04-11;T20-21;D1;Schalke 04;Augsburg;1;0;1,0;1;0,201;0,65;0,1491
16237;2021-04-11;T20-21;E0;West Ham;Leicester;3;2;1,0;1;0,2892;0,4464;0,2645
16238;2021-04-11;T20-21;E0;Tottenham;Man United;1;3;2,0;2;0,1483;0,1666;0,685
16239;2021-04-11;T20-21;E0;Sheffield United;Arsenal;0;3;2,0;2;0,1707;0,2059;0,6234
56729;2021-04-11;T20-21;SP2;Mallorca;Lugo;2;0;1,0;1;0,2776;0,4986;0,2238
26424;2021-04-11;T20-21;F1;Rennes;Nantes;1;0;1,0;1;0,2381;0,5701;0,1918
26425;2021-04-11;T20-21;F1;Brest;Nimes;1;1;0,0;1;0,2935;0,4303;0,2762
34813;2021-04-11;T20-21;I1;Inter;Cagliari;1;0;1,0;1;0,2184;0,6148;0,1668
26427;2021-04-11;T20-21;F1;Nice;Reims;0;0;0,0;1;0,2459;0,6024;0,1517
26429;2021-04-11;T20-21;F1;Monaco;Dijon;3;0;1,0;1;0,2004;0,6449;0,1547
26430;2021-04-11;T20-21;F1;Lyon;Angers;3;0;1,0;1;0,1179;0,7497;0,1325
56727;2021-04-11;T20-21;SP2;Malaga;Albacete;2;0;1,0;1;0,2787;0,4871;0,2343
56728;2021-04-11;T20-21;SP2;Zaragoza;Almeria;2;1;1,0;1;0,2625;0,5686;0,1689
26426;2021-04-11;T20-21;F1;Lens;Lorient;4;1;1,0;1;0,2692;0,5054;0,2254
56733;2021-04-12;T20-21;SP2;Alcorcon;Castellon;2;1;1,0;1;0,2646;0,5586;0,1768
6243;2021-04-12;T20-21;D1;Hoffenheim;Leverkusen;0;0;0,0;2;0,251;0,3296;0,4195
34819;2021-04-12;T20-21;I1;Benevento;Sassuolo;0;1;2,0;2;0,2629;0,3346;0,4025
44808;2021-04-12;T20-21;SP1;Celta;Sevilla;3;4;2,0;1;0,3025;0,3868;0,3107
16241;2021-04-12;T20-21;E0;Brighton;Everton;0;0;0,0;1;0,2672;0,3874;0,3454
16240;2021-04-12;T20-21;E0;West Brom;Southampton;3;0;1,0;2;0,235;0,377;0,3879
56734;2021-04-14;T20-21;SP2;Vallecano;Mirandes;0;1;2,0;1;0,2544;0,5759;0,1696
26431;2021-04-16;T20-21;F1;Lille;Montpellier;1;1;0,0;1;0,1627;0,71;0,1273
16242;2021-04-16;T20-21;E0;Everton;Tottenham;2;2;0,0;1;0,2757;0,5003;0,224
56736;2021-04-16;T20-21;SP2;Girona;Zaragoza;3;0;1,0;1;0,2389;0,5995;0,1616
56735;2021-04-16;T20-21;SP2;Fuenlabrada;Sabadell;2;2;0,0;1;0,2965;0,4618;0,2417
6244;2021-04-16;T20-21;D1;RB Leipzig;Hoffenheim;0;0;0,0;1;0,2601;0,5737;0,1662
6249;2021-04-17;T20-21;D1;Wolfsburg;Bayern Munich;2;3;2,0;2;0,1293;0,3324;0,5383
6248;2021-04-17;T20-21;D1;Union Berlin;Stuttgart;2;1;1,0;1;0,2961;0,4645;0,2394
6247;2021-04-17;T20-21;D1;M'gladbach;Ein Frankfurt;4;0;1,0;1;0,2439;0,5842;0,172
56737;2021-04-17;T20-21;SP2;Lugo;Alcorcon;1;3;2,0;1;0,297;0,4803;0,2226
6246;2021-04-17;T20-21;D1;Freiburg;Schalke 04;4;0;1,0;2;0,3;0,333;0,367
6245;2021-04-17;T20-21;D1;Augsburg;Bielefeld;0;0;0,0;2;0,2805;0,3433;0,3762
56738;2021-04-17;T20-21;SP2;Castellon;Mallorca;1;0;1,0;1;0,2731;0,5274;0,1995
6250;2021-04-17;T20-21;D1;Leverkusen;FC Koln;3;0;1,0;1;0,2503;0,6018;0,1479
56739;2021-04-17;T20-21;SP2;Las Palmas;Malaga;1;1;0,0;1;0,261;0,5421;0,1968
26433;2021-04-17;T20-21;F1;Marseille;Lorient;3;2;1,0;1;0,2114;0,6504;0,1382
16243;2021-04-17;T20-21;E0;Newcastle;West Ham;3;2;1,0;1;0,2814;0,4758;0,2428
16244;2021-04-17;T20-21;E0;Wolves;Sheffield United;1;0;1,0;2;0,2612;0,3559;0,3829
34823;2021-04-17;T20-21;I1;Cagliari;Parma;4;3;1,0;1;0,2871;0,4008;0,312
34822;2021-04-17;T20-21;I1;Sassuolo;Fiorentina;3;1;1,0;1;0,3049;0,3592;0,3359
34821;2021-04-17;T20-21;I1;Sampdoria;Verona;3;1;1,0;1;0,2501;0,5431;0,2068
34820;2021-04-17;T20-21;I1;Crotone;Udinese;1;2;2,0;1;0,2944;0,3835;0,3221
26432;2021-04-17;T20-21;F1;Angers;Rennes;0;3;2,0;1;0,2975;0,4277;0,2748
56740;2021-04-17;T20-21;SP2;Sp Gijon;Oviedo;0;1;2,0;1;0,221;0,6472;0,1317
56741;2021-04-18;T20-21;SP2;Albacete;Mirandes;1;0;1,0;1;0,2981;0,4851;0,2168
34828;2021-04-18;T20-21;I1;Torino;Roma;3;1;1,0;2;0,1957;0,2425;0,5617
34829;2021-04-18;T20-21;I1;Napoli;Inter;1;1;0,0;1;0,2674;0,3794;0,3531
6251;2021-04-18;T20-21;D1;Dortmund;Werder Bremen;4;1;1,0;1;0,1269;0,7358;0,1373
26437;2021-04-18;T20-21;F1;Nimes;Strasbourg;1;1;0,0;1;0,2981;0,4153;0,2866
26436;2021-04-18;T20-21;F1;Dijon;Nice;2;0;1,0;2;0,2839;0,3474;0,3687
26435;2021-04-18;T20-21;F1;Brest;Lens;1;1;0,0;1;0,295;0,4247;0,2802
26434;2021-04-18;T20-21;F1;Paris SG;St Etienne;3;2;1,0;1;0,115;0,7674;0,1177
16246;2021-04-18;T20-21;E0;Man United;Burnley;3;1;1,0;1;0,1095;0,7717;0,1188
16245;2021-04-18;T20-21;E0;Arsenal;Fulham;1;1;0,0;1;0,1718;0,6824;0,1458
34827;2021-04-18;T20-21;I1;Lazio;Benevento;5;3;1,0;1;0,1766;0,705;0,1184
34826;2021-04-18;T20-21;I1;Bologna;Spezia;4;1;1,0;2;0,296;0,3261;0,3779
26438;2021-04-18;T20-21;F1;Reims;Metz;0;0;0,0;1;0,2845;0,4292;0,2863
34824;2021-04-18;T20-21;I1;Milan;Genoa;2;1;1,0;1;0,1906;0,6396;0,1698
26440;2021-04-18;T20-21;F1;Nantes;Lyon;1;2;2,0;2;0,2217;0,2518;0,5264
26439;2021-04-18;T20-21;F1;Bordeaux;Monaco;0;3;2,0;1;0,2806;0,4598;0,2595
56743;2021-04-18;T20-21;SP2;Cartagena;Tenerife;0;0;0,0;1;0,2972;0,4426;0,2602
56742;2021-04-18;T20-21;SP2;Logrones;Vallecano;0;0;0,0;2;0,2766;0,2933;0,4301
44809;2021-04-18;T20-21;SP1;Osasuna;Elche;2;0;1,0;1;0,2909;0,3708;0,3384
44816;2021-04-18;T20-21;SP1;Levante;Villarreal;1;5;2,0;2;0,2722;0,3322;0,3956
44810;2021-04-18;T20-21;SP1;Sociedad;Sevilla;1;2;2,0;1;0,2698;0,4978;0,2324
44811;2021-04-18;T20-21;SP1;Alaves;Huesca;1;0;1,0;2;0,2854;0,348;0,3666
44812;2021-04-18;T20-21;SP1;Ath Madrid;Eibar;5;0;1,0;1;0,1447;0,7456;0,1096
44813;2021-04-18;T20-21;SP1;Betis;Valencia;2;2;0,0;2;0,2751;0,2984;0,4264
44814;2021-04-18;T20-21;SP1;Cadiz;Celta;0;0;0,0;1;0,2978;0,4033;0,2989
44815;2021-04-18;T20-21;SP1;Getafe;Real Madrid;0;0;0,0;2;0,2308;0,2372;0,532
34825;2021-04-18;T20-21;I1;Atalanta;Juventus;1;0;1,0;2;0,1629;0,3146;0,5226
16247;2021-04-19;T20-21;E0;Leeds;Liverpool;1;1;0,0;2;0,2319;0,2445;0,5237
56744;2021-04-19;T20-21;SP2;Leganes;Ponferradina;1;1;0,0;1;0,2747;0,5062;0,2191
56745;2021-04-19;T20-21;SP2;Almeria;Espanol;1;1;0,0;1;0,2639;0,5386;0,1975
16248;2021-04-20;T20-21;E0;Chelsea;Brighton;0;0;0,0;1;0,1114;0,7397;0,1489
6255;2021-04-20;T20-21;D1;Ein Frankfurt;Augsburg;2;0;1,0;1;0,292;0,4664;0,2416
6254;2021-04-20;T20-21;D1;Bielefeld;Schalke 04;1;0;1,0;2;0,2742;0,3206;0,4052
6253;2021-04-20;T20-21;D1;Bayern Munich;Leverkusen;2;0;1,0;1;0,1113;0,7422;0,1465
6252;2021-04-20;T20-21;D1;FC Koln;RB Leipzig;2;1;1,0;2;0,1732;0,198;0,6288
34830;2021-04-20;T20-21;I1;Verona;Fiorentina;1;2;2,0;2;0,2667;0,3159;0,4173
56746;2021-04-21;T20-21;SP2;Mirandes;Tenerife;0;0;0,0;1;0,2971;0,4556;0,2473
34832;2021-04-21;T20-21;I1;Bologna;Torino;1;1;0,0;1;0,3015;0,4183;0,2803
34831;2021-04-21;T20-21;I1;Milan;Sassuolo;1;2;2,0;1;0,1381;0,7432;0,1187
34833;2021-04-21;T20-21;I1;Crotone;Sampdoria;0;1;2,0;1;0,3024;0,3926;0,3051
34834;2021-04-21;T20-21;I1;Genoa;Benevento;2;2;0,0;1;0,2826;0,4896;0,2278
34835;2021-04-21;T20-21;I1;Juventus;Parma;3;1;1,0;1;0,1436;0,7164;0,14
34836;2021-04-21;T20-21;I1;Spezia;Inter;1;1;0,0;2;0,1718;0,2169;0,6113
44817;2021-04-21;T20-21;SP1;Levante;Sevilla;0;1;2,0;2;0,2328;0,2364;0,5308
44820;2021-04-21;T20-21;SP1;Alaves;Villarreal;2;1;1,0;2;0,2903;0,3518;0,3579
34837;2021-04-21;T20-21;I1;Udinese;Cagliari;0;1;2,0;1;0,2698;0,4549;0,2753
6256;2021-04-21;T20-21;D1;Dortmund;Union Berlin;2;0;1,0;1;0,1271;0,738;0,1349
16249;2021-04-21;T20-21;E0;Tottenham;Southampton;2;1;1,0;1;0,1497;0,7419;0,1084
16250;2021-04-21;T20-21;E0;Aston Villa;Man City;1;2;2,0;2;0,2023;0,2144;0,5833
44818;2021-04-21;T20-21;SP1;Osasuna;Valencia;3;1;1,0;2;0,2296;0,1996;0,5708
44821;2021-04-21;T20-21;SP1;Elche;Valladolid;1;1;0,0;1;0,2879;0,4;0,3122
6257;2021-04-21;T20-21;D1;Hoffenheim;M'gladbach;3;2;1,0;1;0,2712;0,5067;0,2221
6258;2021-04-21;T20-21;D1;Stuttgart;Wolfsburg;1;3;2,0;1;0,2495;0,5866;0,1638
6259;2021-04-21;T20-21;D1;Werder Bremen;Mainz;0;1;2,0;1;0,2434;0,5797;0,1769
44822;2021-04-21;T20-21;SP1;Cadiz;Real Madrid;0;3;2,0;2;0,1468;0,1295;0,7237
44819;2021-04-21;T20-21;SP1;Betis;Ath Bilbao;0;0;0,0;1;0,2772;0,4364;0,2864
16251;2021-04-22;T20-21;E0;Leicester;West Brom;3;0;1,0;1;0,2794;0,4519;0,2687
44823;2021-04-22;T20-21;SP1;Ath Madrid;Huesca;2;0;1,0;1;0,1429;0,7312;0,1259
44825;2021-04-22;T20-21;SP1;Sociedad;Celta;2;1;1,0;1;0,2364;0,5742;0,1894
44826;2021-04-22;T20-21;SP1;Barcelona;Getafe;5;2;1,0;1;0,1231;0,7667;0,1102
44824;2021-04-22;T20-21;SP1;Granada;Eibar;4;1;1,0;2;0,2676;0,3495;0,383
34839;2021-04-22;T20-21;I1;Napoli;Lazio;5;2;1,0;1;0,2466;0,4908;0,2626
34838;2021-04-22;T20-21;I1;Roma;Atalanta;1;1;0,0;1;0,1297;0,7507;0,1196
26441;2021-04-23;T20-21;F1;Reims;Marseille;1;3;2,0;2;0,2431;0,2457;0,5113
56747;2021-04-23;T20-21;SP2;Zaragoza;Sp Gijon;0;0;0,0;1;0,2679;0,5293;0,2028
6260;2021-04-23;T20-21;D1;Augsburg;FC Koln;2;3;2,0;1;0,2889;0,3921;0,319
16252;2021-04-23;T20-21;E0;Arsenal;Everton;0;1;2,0;1;0,1217;0,7371;0,1412
34842;2021-04-24;T20-21;I1;Sassuolo;Sampdoria;1;0;1,0;1;0,2972;0,4074;0,2954
34841;2021-04-24;T20-21;I1;Parma;Crotone;3;4;2,0;1;0,2782;0,5213;0,2005
34840;2021-04-24;T20-21;I1;Genoa;Spezia;2;0;1,0;1;0,2794;0,5082;0,2124
16253;2021-04-24;T20-21;E0;Liverpool;Newcastle;1;1;0,0;1;0,1668;0,6897;0,1436
16254;2021-04-24;T20-21;E0;West Ham;Chelsea;0;1;2,0;2;0,2208;0,1978;0,5815
16255;2021-04-24;T20-21;E0;Sheffield United;Brighton;1;0;1,0;1;0,2907;0,371;0,3383
6264;2021-04-24;T20-21;D1;Wolfsburg;Dortmund;0;2;2,0;2;0,2685;0,3007;0,4307
6263;2021-04-24;T20-21;D1;Union Berlin;Werder Bremen;3;1;1,0;1;0,2761;0,515;0,2089
44829;2021-04-24;T20-21;SP1;Valencia;Alaves;1;1;0,0;1;0,1345;0,7654;0,1002
44828;2021-04-24;T20-21;SP1;Valladolid;Cadiz;1;1;0,0;2;0,2701;0,3236;0,4063
44827;2021-04-24;T20-21;SP1;Elche;Levante;1;0;1,0;1;0,2875;0,4059;0,3066
6265;2021-04-24;T20-21;D1;Leverkusen;Ein Frankfurt;3;1;1,0;1;0,2213;0,6409;0,1377
26443;2021-04-24;T20-21;F1;Metz;Paris SG;1;3;2,0;2;0,1424;0,1763;0,6813
26442;2021-04-24;T20-21;F1;St Etienne;Brest;1;2;2,0;1;0,2365;0,6145;0,149
56751;2021-04-24;T20-21;SP2;Ponferradina;Lugo;2;0;1,0;1;0,2829;0,4867;0,2304
44830;2021-04-24;T20-21;SP1;Real Madrid;Betis;0;0;0,0;1;0,1286;0,7357;0,1357
6262;2021-04-24;T20-21;D1;Mainz;Bayern Munich;2;1;1,0;2;0,2163;0,2059;0,5778
6261;2021-04-24;T20-21;D1;Freiburg;Hoffenheim;1;1;0,0;1;0,2968;0,3608;0,3424
56750;2021-04-24;T20-21;SP2;Espanol;Las Palmas;4;0;1,0;1;0,2711;0,4911;0,2378
56749;2021-04-24;T20-21;SP2;Malaga;Fuenlabrada;0;1;2,0;1;0,2969;0,4615;0,2416
56748;2021-04-24;T20-21;SP2;Logrones;Cartagena;0;1;2,0;1;0,2952;0,3864;0,3184
56755;2021-04-25;T20-21;SP2;Tenerife;Castellon;1;1;0,0;1;0,2365;0,6178;0,1457
26449;2021-04-25;T20-21;F1;Angers;Monaco;0;1;2,0;2;0,2332;0,2068;0,56
26450;2021-04-25;T20-21;F1;Lyon;Lille;2;3;2,0;1;0,1758;0,5882;0,236
26448;2021-04-25;T20-21;F1;Strasbourg;Nantes;1;2;2,0;1;0,2948;0,3873;0,3179
56754;2021-04-25;T20-21;SP2;Alcorcon;Leganes;1;2;2,0;1;0,2675;0,5325;0,2
34844;2021-04-25;T20-21;I1;Fiorentina;Juventus;1;1;0,0;2;0,2161;0,1956;0,5883
16256;2021-04-25;T20-21;E0;Wolves;Burnley;0;4;2,0;2;0,2844;0,3491;0,3665
16257;2021-04-25;T20-21;E0;Leeds;Man United;0;0;0,0;2;0,2419;0,2195;0,5386
16258;2021-04-25;T20-21;E0;Aston Villa;West Brom;2;2;0,0;1;0,2852;0,4264;0,2884
34843;2021-04-25;T20-21;I1;Benevento;Udinese;2;4;2,0;1;0,3051;0,3668;0,3282
44835;2021-04-25;T20-21;SP1;Ath Bilbao;Ath Madrid;2;1;1,0;2;0,2565;0,3605;0,383
44834;2021-04-25;T20-21;SP1;Sevilla;Granada;2;1;1,0;1;0,2033;0,6592;0,1375
44832;2021-04-25;T20-21;SP1;Villarreal;Barcelona;1;2;2,0;2;0,1184;0,1068;0,7748
44831;2021-04-25;T20-21;SP1;Huesca;Getafe;0;2;2,0;1;0,2847;0,3991;0,3162
6266;2021-04-25;T20-21;D1;RB Leipzig;Stuttgart;2;0;1,0;1;0,2598;0,5524;0,1877
6267;2021-04-25;T20-21;D1;M'gladbach;Bielefeld;5;0;1,0;1;0,2236;0,6104;0,1661
56752;2021-04-25;T20-21;SP2;Oviedo;Girona;0;1;2,0;1;0,2602;0,5499;0,1898
56753;2021-04-25;T20-21;SP2;Mirandes;Almeria;1;1;0,0;1;0,2804;0,4875;0,2321
26444;2021-04-25;T20-21;F1;Nice;Montpellier;3;1;1,0;1;0,2396;0,5966;0,1639
26445;2021-04-25;T20-21;F1;Lens;Nimes;2;1;1,0;1;0,2679;0,5518;0,1803
26446;2021-04-25;T20-21;F1;Lorient;Bordeaux;4;1;1,0;1;0,2816;0,5133;0,2051
44833;2021-04-25;T20-21;SP1;Celta;Osasuna;2;1;1,0;1;0,2785;0,4523;0,2692
26447;2021-04-25;T20-21;F1;Rennes;Dijon;5;1;1,0;1;0,2328;0,5806;0,1866
34845;2021-04-25;T20-21;I1;Inter;Verona;1;0;1,0;1;0,1046;0,8108;0,0846
34846;2021-04-25;T20-21;I1;Cagliari;Roma;3;2;1,0;2;0,1984;0,2393;0,5624
34847;2021-04-25;T20-21;I1;Atalanta;Bologna;5;0;1,0;1;0,2746;0,5069;0,2186
34848;2021-04-26;T20-21;I1;Torino;Napoli;0;2;2,0;2;0,2013;0,2039;0,5949
56756;2021-04-26;T20-21;SP2;Vallecano;Albacete;2;2;0,0;1;0,2643;0,5335;0,2022
44836;2021-04-26;T20-21;SP1;Eibar;Sociedad;0;1;2,0;1;0,3007;0,421;0,2783
34849;2021-04-26;T20-21;I1;Lazio;Milan;3;0;1,0;1;0,2778;0,4069;0,3153
16259;2021-04-26;T20-21;E0;Leicester;Crystal Palace;2;1;1,0;1;0,2814;0,5023;0,2163
56757;2021-04-26;T20-21;SP2;Sabadell;Mallorca;1;0;1,0;1;0,2864;0,4629;0,2507
44837;2021-04-28;T20-21;SP1;Ath Bilbao;Valladolid;2;2;0,0;1;0,2651;0,5411;0,1938
44838;2021-04-29;T20-21;SP1;Barcelona;Granada;1;2;2,0;1;0,1244;0,7552;0,1204
44839;2021-04-30;T20-21;SP1;Celta;Levante;2;0;1,0;1;0,2813;0,4556;0,2631
56758;2021-04-30;T20-21;SP2;Lugo;Zaragoza;2;2;0,0;1;0,2822;0,5029;0,2149
26451;2021-04-30;T20-21;F1;Marseille;Strasbourg;1;1;0,0;1;0,1556;0,7224;0,122
16260;2021-04-30;T20-21;E0;Southampton;Leicester;1;1;0,0;1;0,2815;0,4922;0,2263
16261;2021-05-01;T20-21;E0;Crystal Palace;Man City;0;2;2,0;2;0,1793;0,1759;0,6448
44842;2021-05-01;T20-21;SP1;Huesca;Sociedad;1;0;1,0;1;0,3027;0,419;0,2783
44843;2021-05-01;T20-21;SP1;Real Madrid;Osasuna;2;0;1,0;1;0,1441;0,7452;0,1107
56761;2021-05-01;T20-21;SP2;Mallorca;Mirandes;2;1;1,0;1;0,2781;0,5217;0,2002
56760;2021-05-01;T20-21;SP2;Almeria;Oviedo;2;2;0,0;1;0,2301;0,6285;0,1414
16262;2021-05-01;T20-21;E0;Brighton;Leeds;2;0;1,0;2;0,2702;0,3046;0,4252
56759;2021-05-01;T20-21;SP2;Girona;Tenerife;1;0;1,0;1;0,2312;0,6011;0,1677
16263;2021-05-01;T20-21;E0;Chelsea;Fulham;2;0;1,0;1;0,1667;0,6876;0,1458
16264;2021-05-01;T20-21;E0;Everton;Aston Villa;1;2;2,0;1;0,2233;0,6173;0,1594
26453;2021-05-01;T20-21;F1;Lille;Nice;2;0;1,0;1;0,1438;0,7367;0,1195
44841;2021-05-01;T20-21;SP1;Elche;Ath Madrid;0;1;2,0;2;0,2105;0,2093;0,5802
44840;2021-05-01;T20-21;SP1;Eibar;Alaves;3;0;1,0;1;0,3;0,4188;0,2812
34850;2021-05-01;T20-21;I1;Verona;Spezia;1;1;0,0;2;0,2606;0,2955;0,4439
34851;2021-05-01;T20-21;I1;Crotone;Inter;0;2;2,0;2;0,1917;0,1815;0,6268
34852;2021-05-01;T20-21;I1;Milan;Benevento;2;0;1,0;1;0,1387;0,7446;0,1167
26452;2021-05-01;T20-21;F1;Paris SG;Lens;2;1;1,0;1;0,1221;0,749;0,1289
26454;2021-05-02;T20-21;F1;Bordeaux;Rennes;1;0;1,0;1;0,2223;0,6402;0,1375
26455;2021-05-02;T20-21;F1;Brest;Nantes;1;4;2,0;1;0,2987;0,4277;0,2735
26456;2021-05-02;T20-21;F1;Dijon;Metz;1;5;2,0;1;0,2936;0,3902;0,3162
26457;2021-05-02;T20-21;F1;Lorient;Angers;2;0;1,0;1;0,2728;0,5278;0,1993
56762;2021-05-02;T20-21;SP2;Fuenlabrada;Cartagena;2;1;1,0;1;0,2845;0,4783;0,2372
26458;2021-05-02;T20-21;F1;Nimes;Reims;2;2;0,0;1;0,2907;0,3741;0,3353
56763;2021-05-02;T20-21;SP2;Espanol;Malaga;3;0;1,0;1;0,2952;0,463;0,2418
56766;2021-05-02;T20-21;SP2;Las Palmas;Ponferradina;2;0;1,0;1;0,238;0,5844;0,1776
56765;2021-05-02;T20-21;SP2;Leganes;Sp Gijon;0;0;0,0;1;0,2777;0,5216;0,2007
56764;2021-05-02;T20-21;SP2;Castellon;Logrones;0;0;0,0;1;0,2857;0,5059;0,2084
44847;2021-05-02;T20-21;SP1;Valencia;Barcelona;2;3;2,0;2;0,0849;0,07;0,845
26459;2021-05-02;T20-21;F1;Montpellier;St Etienne;1;2;2,0;1;0,2603;0,5461;0,1936
16266;2021-05-02;T20-21;E0;Tottenham;Sheffield United;4;0;1,0;1;0,1675;0,7116;0,1208
44845;2021-05-02;T20-21;SP1;Villarreal;Getafe;1;0;1,0;1;0,2215;0,6338;0,1446
44844;2021-05-02;T20-21;SP1;Valladolid;Betis;1;1;0,0;1;0,2905;0,3865;0,3229
16265;2021-05-02;T20-21;E0;Newcastle;Arsenal;0;2;2,0;2;0,2166;0,2481;0,5353
34853;2021-05-02;T20-21;I1;Lazio;Genoa;4;3;1,0;1;0,2203;0,6406;0,1392
34854;2021-05-02;T20-21;I1;Bologna;Fiorentina;3;3;0,0;1;0,2954;0,3527;0,3519
34855;2021-05-02;T20-21;I1;Napoli;Cagliari;1;1;0,0;1;0,2462;0,5253;0,2285
26460;2021-05-02;T20-21;F1;Monaco;Lyon;2;3;2,0;2;0,2534;0,3491;0,3975
34856;2021-05-02;T20-21;I1;Sassuolo;Atalanta;1;1;0,0;1;0,2885;0,3723;0,3393
34857;2021-05-02;T20-21;I1;Udinese;Juventus;1;2;2,0;2;0,2464;0,2163;0,5373
34858;2021-05-02;T20-21;I1;Sampdoria;Roma;2;0;1,0;2;0,227;0,3664;0,4066
44846;2021-05-02;T20-21;SP1;Granada;Cadiz;0;1;2,0;2;0,258;0,303;0,439
34859;2021-05-03;T20-21;I1;Torino;Parma;1;0;1,0;1;0,2852;0,4209;0,2939
44848;2021-05-03;T20-21;SP1;Sevilla;Ath Bilbao;0;1;2,0;1;0,2057;0,656;0,1383
6268;2021-05-03;T20-21;D1;Mainz;Hertha;1;1;0,0;1;0,2903;0,4579;0,2518
56768;2021-05-03;T20-21;SP2;Albacete;Alcorcon;0;1;2,0;1;0,297;0,4847;0,2184
56767;2021-05-03;T20-21;SP2;Sabadell;Vallecano;2;0;1,0;1;0,2922;0,3961;0,3117
16268;2021-05-03;T20-21;E0;Burnley;West Ham;1;2;2,0;1;0,2847;0,3713;0,344
16267;2021-05-03;T20-21;E0;West Brom;Wolves;1;1;0,0;2;0,2121;0,3354;0,4525
6269;2021-05-06;T20-21;D1;Hertha;Freiburg;3;0;1,0;1;0,278;0,4653;0,2567
6270;2021-05-07;T20-21;D1;Stuttgart;Augsburg;2;1;1,0;1;0,2416;0,5755;0,1829
56769;2021-05-07;T20-21;SP2;Tenerife;Almeria;0;1;2,0;1;0,2363;0,6152;0,1485
16269;2021-05-07;T20-21;E0;Leicester;Newcastle;2;4;2,0;1;0,2838;0,454;0,2623
44849;2021-05-07;T20-21;SP1;Sociedad;Elche;2;0;1,0;1;0,2486;0,5974;0,154
26461;2021-05-07;T20-21;F1;Lens;Lille;0;3;2,0;2;0,2645;0,3439;0,3915
6274;2021-05-08;T20-21;D1;Wolfsburg;Union Berlin;3;0;1,0;1;0,2318;0,62;0,1483
26463;2021-05-08;T20-21;F1;Lyon;Lorient;4;1;1,0;1;0,1644;0,6748;0,1608
6273;2021-05-08;T20-21;D1;Werder Bremen;Leverkusen;0;0;0,0;2;0,271;0,3605;0,3685
6275;2021-05-08;T20-21;D1;Bayern Munich;M'gladbach;6;0;1,0;1;0,1395;0,735;0,1255
26462;2021-05-08;T20-21;F1;Nantes;Bordeaux;3;0;1,0;1;0,2799;0,5077;0,2124
16273;2021-05-08;T20-21;E0;Liverpool;Southampton;2;0;1,0;1;0,1011;0,7987;0,1002
16272;2021-05-08;T20-21;E0;Man City;Chelsea;1;2;2,0;2;0,1929;0,3018;0,5053
34863;2021-05-08;T20-21;I1;Fiorentina;Lazio;2;0;1,0;1;0,2858;0,4319;0,2823
34862;2021-05-08;T20-21;I1;Inter;Sampdoria;5;1;1,0;1;0,167;0,6521;0,181
6272;2021-05-08;T20-21;D1;Hoffenheim;Schalke 04;4;2;1,0;1;0,2641;0,5469;0,189
34860;2021-05-08;T20-21;I1;Spezia;Napoli;1;4;2,0;2;0,1932;0,1838;0,6231
56770;2021-05-08;T20-21;SP2;Ponferradina;Albacete;0;1;2,0;1;0,282;0,4763;0,2417
56771;2021-05-08;T20-21;SP2;Zaragoza;Espanol;0;0;0,0;1;0,2738;0,4572;0,269
34861;2021-05-08;T20-21;I1;Udinese;Bologna;1;1;0,0;1;0,2816;0,4661;0,2523
56773;2021-05-08;T20-21;SP2;Malaga;Mallorca;1;1;0,0;1;0,2694;0,544;0,1866
56772;2021-05-08;T20-21;SP2;Alcorcon;Las Palmas;0;0;0,0;1;0,2495;0,5432;0,2074
44853;2021-05-08;T20-21;SP1;Ath Bilbao;Osasuna;2;2;0,0;1;0,2618;0,5209;0,2172
44852;2021-05-08;T20-21;SP1;Cadiz;Huesca;2;1;1,0;1;0,2961;0,356;0,3479
6271;2021-05-08;T20-21;D1;Dortmund;RB Leipzig;3;2;1,0;1;0,1885;0,567;0,2444
44850;2021-05-08;T20-21;SP1;Alaves;Levante;2;2;0,0;1;0,2875;0,4082;0,3043
16270;2021-05-08;T20-21;E0;Leeds;Tottenham;3;1;1,0;2;0,2881;0,3134;0,3985
16271;2021-05-08;T20-21;E0;Sheffield United;Crystal Palace;0;2;2,0;2;0,278;0,349;0,373
44851;2021-05-08;T20-21;SP1;Barcelona;Ath Madrid;0;0;0,0;1;0,0983;0,7675;0,1343
16274;2021-05-09;T20-21;E0;Wolves;Brighton;2;1;1,0;2;0,2646;0,3462;0,3893
16276;2021-05-09;T20-21;E0;West Ham;Everton;0;1;2,0;1;0,2981;0,4278;0,274
16277;2021-05-09;T20-21;E0;Arsenal;West Brom;3;1;1,0;1;0,1697;0,6859;0,1444
44854;2021-05-09;T20-21;SP1;Getafe;Eibar;0;1;2,0;1;0,2814;0,5129;0,2057
56776;2021-05-09;T20-21;SP2;Cartagena;Castellon;1;0;1,0;1;0,2987;0,4447;0,2566
56777;2021-05-09;T20-21;SP2;Logrones;Girona;1;4;2,0;1;0,2946;0,3547;0,3507
44855;2021-05-09;T20-21;SP1;Valencia;Valladolid;3;0;1,0;1;0,1926;0,635;0,1724
44856;2021-05-09;T20-21;SP1;Villarreal;Celta;2;4;2,0;1;0,1974;0,6498;0,1527
16275;2021-05-09;T20-21;E0;Aston Villa;Man United;1;3;2,0;2;0,2096;0,1726;0,6178
6278;2021-05-09;T20-21;D1;Hertha;Bielefeld;0;0;0,0;1;0,2679;0,5108;0,2213
6277;2021-05-09;T20-21;D1;Ein Frankfurt;Mainz;1;1;0,0;1;0,2897;0,4468;0,2634
26464;2021-05-09;T20-21;F1;St Etienne;Marseille;1;0;1,0;1;0,2755;0,4163;0,3082
26465;2021-05-09;T20-21;F1;Angers;Dijon;3;0;1,0;1;0,283;0,453;0,264
26466;2021-05-09;T20-21;F1;Metz;Nimes;0;3;2,0;2;0,2158;0,2876;0,4966
26467;2021-05-09;T20-21;F1;Nice;Brest;3;2;1,0;1;0,2416;0,5994;0,159
26468;2021-05-09;T20-21;F1;Strasbourg;Montpellier;2;3;2,0;2;0,2667;0,36;0,3733
26469;2021-05-09;T20-21;F1;Reims;Monaco;0;1;2,0;2;0,2487;0,241;0,5103
26470;2021-05-09;T20-21;F1;Rennes;Paris SG;1;1;0,0;2;0,225;0,2947;0,4803
56775;2021-05-09;T20-21;SP2;Oviedo;Sabadell;2;1;1,0;1;0,2796;0,5137;0,2067
56774;2021-05-09;T20-21;SP2;Mirandes;Fuenlabrada;2;1;1,0;1;0,2918;0,422;0,2861
34864;2021-05-09;T20-21;I1;Genoa;Sassuolo;1;2;2,0;1;0,2796;0,4959;0,2245
34865;2021-05-09;T20-21;I1;Benevento;Cagliari;1;3;2,0;2;0,2714;0,3407;0,3879
34866;2021-05-09;T20-21;I1;Parma;Atalanta;2;5;2,0;1;0,2785;0,5219;0,1996
34867;2021-05-09;T20-21;I1;Verona;Torino;1;1;0,0;1;0,2962;0,3836;0,3202
34868;2021-05-09;T20-21;I1;Roma;Crotone;5;0;1,0;1;0,127;0,7559;0,1171
34869;2021-05-09;T20-21;I1;Juventus;Milan;0;3;2,0;1;0,2811;0,5241;0,1948
6276;2021-05-09;T20-21;D1;FC Koln;Freiburg;1;4;2,0;2;0,2951;0,3198;0,3851
44857;2021-05-09;T20-21;SP1;Real Madrid;Sevilla;2;2;0,0;1;0,0729;0,8405;0,0866
56779;2021-05-10;T20-21;SP2;Sp Gijon;Lugo;1;0;1,0;1;0,2136;0,6294;0,157
16278;2021-05-10;T20-21;E0;Fulham;Burnley;0;2;2,0;2;0,2754;0,3533;0,3713
56778;2021-05-10;T20-21;SP2;Vallecano;Leganes;1;1;0,0;1;0,2598;0,5476;0,1925
44858;2021-05-10;T20-21;SP1;Betis;Granada;2;1;1,0;1;0,276;0,4404;0,2837
16280;2021-05-11;T20-21;E0;Southampton;Crystal Palace;3;1;1,0;1;0,2931;0,4875;0,2195
16279;2021-05-11;T20-21;E0;Man United;Leicester;1;2;2,0;1;0,1009;0,7497;0,1494
34870;2021-05-11;T20-21;I1;Napoli;Udinese;5;1;1,0;1;0,2006;0,6628;0,1366
44861;2021-05-11;T20-21;SP1;Levante;Barcelona;3;3;0,0;2;0,18;0,1176;0,7024
44860;2021-05-11;T20-21;SP1;Elche;Alaves;0;2;2,0;1;0,284;0,3795;0,3365
44859;2021-05-11;T20-21;SP1;Osasuna;Cadiz;3;2;1,0;1;0,3044;0,3579;0,3377
44863;2021-05-12;T20-21;SP1;Celta;Getafe;1;0;1,0;1;0,2813;0,4644;0,2543
44862;2021-05-12;T20-21;SP1;Sevilla;Valencia;1;0;1,0;1;0,2231;0,5484;0,2285
6279;2021-05-12;T20-21;D1;Schalke 04;Hertha;1;2;2,0;1;0,2001;0,6452;0,1547
34876;2021-05-12;T20-21;I1;Sampdoria;Spezia;2;2;0,0;1;0,2625;0,5464;0,191
34877;2021-05-12;T20-21;I1;Sassuolo;Juventus;1;3;2,0;2;0,1438;0,1271;0,7291
44864;2021-05-12;T20-21;SP1;Huesca;Ath Bilbao;1;0;1,0;1;0,2833;0,3998;0,3169
34875;2021-05-12;T20-21;I1;Lazio;Parma;1;0;1,0;1;0,2276;0,6197;0,1527
34874;2021-05-12;T20-21;I1;Inter;Roma;3;1;1,0;1;0,2657;0,5251;0,2092
34873;2021-05-12;T20-21;I1;Bologna;Genoa;0;2;2,0;1;0,2859;0,3992;0,3149
34872;2021-05-12;T20-21;I1;Atalanta;Benevento;2;0;1,0;1;0,2509;0,5921;0,157
34871;2021-05-12;T20-21;I1;Cagliari;Fiorentina;0;0;0,0;2;0,294;0,3513;0,3547
16281;2021-05-12;T20-21;E0;Chelsea;Arsenal;0;1;2,0;1;0,2512;0,4424;0,3064
44865;2021-05-12;T20-21;SP1;Ath Madrid;Sociedad;2;1;1,0;1;0,1309;0,7957;0,0734
34878;2021-05-12;T20-21;I1;Torino;Milan;0;7;2,0;2;0,1809;0,2291;0,59
44867;2021-05-13;T20-21;SP1;Eibar;Betis;1;1;0,0;1;0,2836;0,4061;0,3103
44868;2021-05-13;T20-21;SP1;Granada;Real Madrid;1;4;2,0;2;0,1858;0,1246;0,6897
44866;2021-05-13;T20-21;SP1;Valladolid;Villarreal;0;2;2,0;2;0,2698;0,3223;0,4079
26478;2021-05-16;T20-21;F1;Nice;Strasbourg;0;2;2,0;1;0,2338;0,5879;0,1783
26477;2021-05-16;T20-21;F1;Montpellier;Brest;0;0;0,0;1;0,2607;0,5649;0,1744
26476;2021-05-16;T20-21;F1;Monaco;Rennes;2;1;1,0;1;0,2068;0,6618;0,1314
26475;2021-05-16;T20-21;F1;Marseille;Angers;3;2;1,0;1;0,1789;0,7031;0,1181
26474;2021-05-16;T20-21;F1;Lorient;Metz;2;1;1,0;1;0,2856;0,4592;0,2552
26473;2021-05-16;T20-21;F1;Lille;St Etienne;0;0;0,0;1;0,1475;0,7257;0,1268
26472;2021-05-16;T20-21;F1;Dijon;Nantes;0;4;2,0;2;0,2824;0,3547;0,3629
26471;2021-05-16;T20-21;F1;Bordeaux;Lens;3;0;1,0;1;0,2182;0,6296;0,1523
26480;2021-05-16;T20-21;F1;Paris SG;Reims;4;0;1,0;1;0,1193;0,7425;0,1383
26479;2021-05-16;T20-21;F1;Nimes;Lyon;2;5;2,0;2;0,1699;0,2345;0,5956
44869;2021-05-16;T20-21;SP1;Alaves;Granada;4;2;1,0;1;0,2839;0,399;0,3172
44877;2021-05-16;T20-21;SP1;Valencia;Eibar;4;1;1,0;1;0,1564;0,7253;0,1183
44870;2021-05-16;T20-21;SP1;Ath Bilbao;Real Madrid;0;1;2,0;2;0,1424;0,3458;0,5118
44871;2021-05-16;T20-21;SP1;Ath Madrid;Osasuna;2;1;1,0;1;0,2263;0,5593;0,2144
44872;2021-05-16;T20-21;SP1;Barcelona;Celta;1;2;2,0;1;0,0904;0,7767;0,1328
44873;2021-05-16;T20-21;SP1;Betis;Huesca;1;0;1,0;1;0,2757;0,5061;0,2182
44876;2021-05-16;T20-21;SP1;Sociedad;Valladolid;4;1;1,0;1;0,2714;0,5235;0,205
44878;2021-05-16;T20-21;SP1;Villarreal;Sevilla;4;0;1,0;1;0,2548;0,5772;0,168
44875;2021-05-16;T20-21;SP1;Getafe;Levante;2;1;1,0;1;0,2806;0,4642;0,2553
44874;2021-05-16;T20-21;SP1;Cadiz;Elche;1;3;2,0;1;0,2818;0,381;0,3372
44879;2021-05-21;T20-21;SP1;Levante;Cadiz;2;2;0,0;2;0,2709;0,3258;0,4033
44886;2021-05-22;T20-21;SP1;Valladolid;Ath Madrid;1;2;2,0;2;0,2175;0,2129;0,5696
44884;2021-05-22;T20-21;SP1;Osasuna;Sociedad;0;1;2,0;1;0,3013;0,4191;0,2796
44883;2021-05-22;T20-21;SP1;Huesca;Valencia;0;0;0,0;2;0,2313;0,2069;0,5618
44882;2021-05-22;T20-21;SP1;Elche;Ath Bilbao;2;0;1,0;1;0,2864;0,3949;0,3186
44880;2021-05-22;T20-21;SP1;Celta;Betis;2;3;2,0;1;0,2748;0,4674;0,2578
44885;2021-05-22;T20-21;SP1;Real Madrid;Villarreal;2;1;1,0;1;0,0727;0,7994;0,1279
44881;2021-05-22;T20-21;SP1;Eibar;Barcelona;0;1;2,0;2;0,1451;0,1035;0,7514
26488;2021-05-23;T20-21;F1;Rennes;Nimes;2;0;1,0;1;0,2388;0,6108;0,1504
26482;2021-05-23;T20-21;F1;Brest;Paris SG;0;2;2,0;2;0,1686;0,216;0,6154
26483;2021-05-23;T20-21;F1;Lens;Monaco;0;0;0,0;2;0,2672;0,3525;0,3802
26484;2021-05-23;T20-21;F1;Lyon;Nice;2;3;2,0;1;0,1082;0,7888;0,103
26485;2021-05-23;T20-21;F1;Metz;Marseille;1;1;0,0;2;0,1603;0,1902;0,6495
26486;2021-05-23;T20-21;F1;Nantes;Montpellier;1;2;2,0;1;0,2976;0,4528;0,2496
26487;2021-05-23;T20-21;F1;Reims;Bordeaux;1;2;2,0;1;0,2987;0,4337;0,2675
26489;2021-05-23;T20-21;F1;St Etienne;Dijon;0;1;2,0;1;0,2276;0,59;0,1823
26490;2021-05-23;T20-21;F1;Strasbourg;Lorient;1;1;0,0;1;0,2905;0,3871;0,3224
44888;2021-05-23;T20-21;SP1;Sevilla;Alaves;1;0;1,0;1;0,1505;0,7366;0,1129
26481;2021-05-23;T20-21;F1;Angers;Lille;1;2;2,0;2;0,2266;0,2097;0,5637
44887;2021-05-23;T20-21;SP1;Granada;Getafe;0;0;0,0;1;0,2951;0,3774;0,3275
