{"Train Loss": 0.6042170524597168, "Train Accuracy": 0.53125, "_timestamp": 1660508170.6396077, "_runtime": 4.536803722381592, "_step": 99, "Test Accuracy": 0.421875, "_wandb": {"runtime": 2}}