{"Train Loss": 0.6245689988136292, "Train Accuracy": 0.46875, "_timestamp": 1660507022.6310844, "_runtime": 4.355382442474365, "_step": 359, "Test Accuracy": 0.3409090909090909, "_wandb": {"runtime": 317}}