{"gradients/out.bias": {"_type": "histogram", "values": [1.0, 0.0, 0.0, 0.0, 0.0, 0.0, 0.0, 0.0, 0.0, 0.0, 0.0, 0.0, 0.0, 0.0, 0.0, 0.0, 0.0, 0.0, 0.0, 0.0, 0.0, 0.0, 0.0, 0.0, 0.0, 0.0, 0.0, 0.0, 0.0, 0.0, 0.0, 0.0, 0.0, 0.0, 0.0, 1.0, 0.0, 0.0, 0.0, 0.0, 0.0, 0.0, 0.0, 0.0, 0.0, 0.0, 0.0, 0.0, 0.0, 0.0, 0.0, 0.0, 0.0, 0.0, 0.0, 0.0, 0.0, 0.0, 0.0, 0.0, 0.0, 0.0, 0.0, 1.0], "bins": [-0.013338377699255943, -0.012936064973473549, -0.012533752247691154, -0.01213143952190876, -0.011729126796126366, -0.011326814070343971, -0.010924501344561577, -0.010522188618779182, -0.010119875892996788, -0.009717563167214394, -0.009315250441432, -0.008912937715649605, -0.00851062498986721, -0.008108312264084816, -0.007705999072641134, -0.00730368634685874, -0.006901373155415058, -0.006499060429632664, -0.006096747703850269, -0.005694434978067875, -0.0052921222522854805, -0.004889809526503086, -0.004487496335059404, -0.00408518360927701, -0.0036828704178333282, -0.003280557692050934, -0.0028782449662685394, -0.0024759320076555014, -0.002073619281873107, -0.0016713065560907125, -0.0012689935974776745, -0.0008666808716952801, -0.000464368611574173, -6.205582758411765e-05, 0.00034025695640593767, 0.0007425697986036539, 0.0011448825243860483, 0.0015471952501684427, 0.0019495082087814808, 0.002351820934563875, 0.0027541331946849823, 0.0031564459204673767, 0.003558758646249771, 0.0039610713720321655, 0.00436338409781456, 0.004765696823596954, 0.005168010015040636, 0.0055703227408230305, 0.005972635932266712, 0.006374948658049107, 0.006777261383831501, 0.007179574109613895, 0.00758188683539629, 0.007984199561178684, 0.008386513218283653, 0.008788825944066048, 0.009191138669848442, 0.009593451395630836, 0.009995764121413231, 0.010398076847195625, 0.01080038957297802, 0.011202702298760414, 0.011605015024542809, 0.012007327750325203, 0.012409640476107597]}, "_timestamp": 1660500546.421707, "_runtime": 1134.1189320087433, "gradients/out.weight": {"_type": "histogram", "values": [1.0, 0.0, 0.0, 0.0, 0.0, 1.0, 0.0, 0.0, 0.0, 1.0, 0.0, 1.0, 0.0, 1.0, 3.0, 0.0, 0.0, 0.0, 0.0, 0.0, 0.0, 0.0, 0.0, 0.0, 0.0, 0.0, 0.0, 1.0, 0.0, 1.0, 0.0, 0.0, 0.0, 0.0, 0.0, 0.0, 0.0, 0.0, 0.0, 0.0, 0.0, 0.0, 0.0, 0.0, 0.0, 0.0, 0.0, 0.0, 0.0, 0.0, 0.0, 0.0, 1.0, 0.0, 0.0, 0.0, 0.0, 0.0, 1.0, 0.0, 1.0, 1.0, 0.0, 1.0], "bins": [-0.0173985306173563, -0.016799796372652054, -0.016201060265302658, -0.015602325089275837, -0.015003589913249016, -0.014404854737222195, -0.013806119561195374, -0.013207384385168552, -0.012608649209141731, -0.01200991403311491, -0.011411178857088089, -0.010812443681061268, -0.010213708505034447, -0.009614973329007626, -0.009016238152980804, -0.008417502976953983, -0.007818767800927162, -0.007220032624900341, -0.00662129744887352, -0.006022562272846699, -0.005423827096819878, -0.0048250919207930565, -0.004226356744766235, -0.003627621568739414, -0.003028886392712593, -0.002430151216685772, -0.0018314160406589508, -0.0012326808646321297, -0.0006339456886053085, -3.5210512578487396e-05, 0.0005635246634483337, 0.0011622598394751549, 0.0017609968781471252, 0.0023597320541739464, 0.0029584672302007675, 0.0035572024062275887, 0.00415593758225441, 0.004754672758281231, 0.005353407934308052, 0.005952143110334873, 0.006550878286361694, 0.0071496134623885155, 0.007748348638415337, 0.008347083814442158, 0.008945818990468979, 0.0095445541664958, 0.010143289342522621, 0.010742024518549442, 0.011340759694576263, 0.011939494870603085, 0.012538230046629906, 0.013136965222656727, 0.013735700398683548, 0.014334435574710369, 0.01493317075073719, 0.015531905926764011, 0.016130641102790833, 0.01672937721014023, 0.017328111454844475, 0.01792684569954872, 0.018525581806898117, 0.019124317914247513, 0.01972305215895176, 0.020321786403656006, 0.0209205225110054]}, "gradients/bn.weight": {"_type": "histogram", "values": [1.0, 0.0, 0.0, 0.0, 0.0, 0.0, 0.0, 0.0, 0.0, 1.0, 0.0, 0.0, 0.0, 0.0, 0.0, 0.0, 0.0, 0.0, 0.0, 0.0, 0.0, 0.0, 0.0, 0.0, 0.0, 0.0, 0.0, 1.0, 0.0, 0.0, 0.0, 0.0, 1.0, 0.0, 0.0, 0.0, 0.0, 0.0, 0.0, 0.0, 0.0, 0.0, 0.0, 0.0, 0.0, 0.0, 0.0, 0.0, 0.0, 0.0, 0.0, 0.0, 0.0, 0.0, 0.0, 0.0, 0.0, 0.0, 0.0, 0.0, 0.0, 0.0, 0.0, 1.0], "bins": [-0.0069044725969433784, -0.006681538186967373, -0.006458603776991367, -0.006235669367015362, -0.0060127354227006435, -0.005789801012724638, -0.005566866602748632, -0.005343932192772627, -0.005120998248457909, -0.004898063838481903, -0.0046751294285058975, -0.004452195018529892, -0.004229261074215174, -0.004006326664239168, -0.0037833922542631626, -0.003560457844287157, -0.0033375234343111515, -0.003114589024335146, -0.002891654847189784, -0.0026687204372137785, -0.0024457862600684166, -0.002222851850092411, -0.0019999174401164055, -0.0017769831465557218, -0.0015540486201643944, -0.0013311143266037107, -0.001108180033043027, -0.0008852456230670214, -0.0006623113295063376, -0.0004393770359456539, -0.00021644262596964836, 6.491667591035366e-06, 0.00022942572832107544, 0.0004523600509855896, 0.0006752943736501038, 0.0008982287254184484, 0.0011211630189791322, 0.001344097312539816, 0.0015670317225158215, 0.0017899660160765052, 0.0020129000768065453, 0.002235834486782551, 0.0024587686639279127, 0.0026817030739039183, 0.00290463725104928, 0.0031275716610252857, 0.0033505060710012913, 0.003573440480977297, 0.0037963748909533024, 0.004019309300929308, 0.0042422437109053135, 0.004465177655220032, 0.004688112065196037, 0.004911046475172043, 0.005133980885148048, 0.005356915295124054, 0.0055798497051000595, 0.005802784115076065, 0.006025718525052071, 0.006248652935028076, 0.006471586879342794, 0.0066945212893188, 0.0069174556992948055, 0.007140390109270811, 0.007363324053585529]}, "gradients/bn.bias": {"_type": "histogram", "values": [1.0, 0.0, 1.0, 0.0, 0.0, 1.0, 0.0, 0.0, 0.0, 0.0, 0.0, 1.0, 0.0, 0.0, 0.0, 0.0, 0.0, 0.0, 0.0, 0.0, 0.0, 0.0, 0.0, 0.0, 0.0, 0.0, 0.0, 0.0, 0.0, 0.0, 0.0, 0.0, 0.0, 0.0, 0.0, 0.0, 0.0, 0.0, 0.0, 0.0, 0.0, 0.0, 0.0, 0.0, 0.0, 0.0, 0.0, 0.0, 0.0, 0.0, 0.0, 0.0, 0.0, 0.0, 0.0, 0.0, 0.0, 0.0, 0.0, 0.0, 0.0, 0.0, 0.0, 1.0], "bins": [-0.0013391315005719662, -0.0010998013895004988, -0.0008604713366366923, -0.0006211412837728858, -0.0003818111727014184, -0.000142481061629951, 9.684893302619457e-05, 0.00033617904409766197, 0.0005755091551691294, 0.0008148392662405968, 0.0010541693773120642, 0.0012934993719682097, 0.0015328294830396771, 0.0017721595941111445, 0.00201148958876729, 0.0022508196998387575, 0.002490149810910225, 0.0027294799219816923, 0.0029688100330531597, 0.0032081399112939835, 0.0034474702551960945, 0.0036868001334369183, 0.003926130011677742, 0.004165460355579853, 0.004404790233820677, 0.0046441201120615005, 0.004883450455963612, 0.005122780334204435, 0.005362110678106546, 0.00560144055634737, 0.005840770900249481, 0.006080100778490305, 0.006319430656731129, 0.0065587605349719524, 0.0067980908788740635, 0.007037420757114887, 0.007276751101016998, 0.007516080979257822, 0.007755410857498646, 0.007994741201400757, 0.008234071545302868, 0.008473401889204979, 0.008712731301784515, 0.008952061645686626, 0.009191391989588737, 0.009430722333490849, 0.009670051746070385, 0.009909382089972496, 0.010148711502552032, 0.010388041846454144, 0.01062737125903368, 0.010866701602935791, 0.011106031946837902, 0.011345362290740013, 0.01158469170331955, 0.01182402204722166, 0.012063352391123772, 0.012302682735025883, 0.01254201214760542, 0.01278134249150753, 0.013020672835409641, 0.013260003179311752, 0.013499332591891289, 0.0137386629357934, 0.01397799327969551]}, "gradients/h1.bias": {"_type": "histogram", "values": [1.0, 0.0, 0.0, 0.0, 0.0, 0.0, 0.0, 0.0, 0.0, 0.0, 1.0, 0.0, 0.0, 0.0, 0.0, 0.0, 0.0, 0.0, 0.0, 0.0, 0.0, 0.0, 0.0, 0.0, 0.0, 0.0, 0.0, 0.0, 0.0, 0.0, 0.0, 0.0, 0.0, 0.0, 0.0, 0.0, 0.0, 0.0, 0.0, 0.0, 0.0, 0.0, 1.0, 0.0, 0.0, 0.0, 0.0, 0.0, 0.0, 0.0, 0.0, 0.0, 0.0, 1.0, 0.0, 0.0, 0.0, 0.0, 0.0, 0.0, 0.0, 0.0, 0.0, 1.0],