{"Train Loss": 0.6063455939292908, "Train Accuracy": 0.4375, "_timestamp": 1660507349.9240732, "_runtime": 4.961957216262817, "_step": 899, "Test Accuracy": 0.4318181818181818, "_wandb": {"runtime": 2}}