tree
version=v3
num_class=3
num_tree_per_iteration=3
label_index=0
max_feature_idx=48
objective=multiclass num_class:3
feature_names=lt_Draw_H lt_Win_H lt_FTG_mean_H lt_FTG_std_H lt_FTG_rival_mean_H lt_FTG_rival_std_H lt_Draw_A lt_Win_A lt_FTG_mean_A lt_FTG_std_A lt_FTG_rival_mean_A lt_FTG_rival_std_A st_Draw_H st_Win_H st_FTG_mean_H st_FTG_std_H st_FTG_rival_mean_H st_FTG_rival_std_H st_Draw_A st_Win_A st_FTG_mean_A st_FTG_std_A st_FTG_rival_mean_A st_FTG_rival_std_A rate_home rate_away pagerank_H pagerank_A top1_H top2_H top3_H top4_H top5_H down1_H down2_H down3_H down4_H down5_H top1_A top2_A top3_A top4_A top5_A down1_A down2_A down3_A down4_A down5_A rounds
feature_infos=[0:0.875] [0:1] [0.14285714285714285:3.6578947368421053] [0:2.4013884872437168] [0:3.2000000000000002] [0:2.503331114069145] [0:0.8571428571428571] [0:0.8529411764705882] [0:3.3999999999999999] [0:2.3452078799117149] [0.20000000000000001:3.6666666666666665] [0.40824829046386302:3.0495901363953815] [0:1] [0:1] [0:5.2000000000000002] [0:4.1472882706655438] [0:4] [0:3.7682887362833544] [0:1] [0:1] [0:5] [0:3.8340579025361627] [0:4.5999999999999996] [0:3.7815340802378077] [-15.577553910475027:64.507857684591428] [-16.504719534246675:60.507079823562755] [0.047562774558555003:1] [0.047562774558555003:1] [0:3] [-1.0434782608695654:3] [-1.2222222222222223:2.5] [-1.5:2.5] [-1.5:2.3999999999999999] [-3:0] [-3:0.91304347826086962] [-2.7999999999999998:0.91304347826086962] [-2.7999999999999998:1] [-2.3999999999999999:1] [0:3] [-1.1428571428571428:3] [-1.3999999999999999:2.5454545454545454] [-1.3999999999999999:2.5454545454545454] [-1.4166666666666667:2.4545454545454546] [-3:0] [-3:0.875] [-2.7999999999999998:1] [-2.7999999999999998:1] [-2.3999999999999999:1] [6:42]
tree_sizes=1176 1937 2215 1218 2190 1864 899 2092 2185 1319 2179 2090 1115 2186 1758 1112 2292 2080 1225 2076 2087 1226 1968 1977 1015 1979 1968 793 2191 2078 1330 2307 1984 1122 2188 2189 1329 2082 1651 1006 2203 1756 1331 1864 1976 1330 2091 2081 1227 2196 1983 1007 1761 1972 1230 1978 1987 1112 2085 1865 1002 1549 1544 692 1653 1639 894 1763 1752 793 1542 1547 682 1890 1656 576 2092 1651 795 1778 1542 688 1321 1541 471 1329 1438 901 1661 1438 901 2073 1656 793 1529 1550 466 1769 1974 680 1549 1765 579 1650 1448 577 1437 1653 690 1876 1879 576 1775 1551 792 1772 1445 577 1442 1652 578 1649 1986 361 1232 1223 473 1327 1218 473 1320 1449 473 1009 1323 223 899 1557 470 1020 1220 469 1333 1331 358 1120 1010 223 1108 1217 997 911 1120 689 1017 1014 778 1122 1450 452 1231 1114 563 1121 1554 582 886 1219 577 1112 1009 475 1109 1122 362 789 1013 472 905 1005 223 789 1008 472 1015 899 223 1015 796 361 800 1122 473 1017 787 223 896 795 223 579 904 361 1110 903 361 684 907 223 903 684 223 581 1006 359 689 906 683 1011 1012 360 1122 906 359 803 1010 468 799 1009 360 901 1011 360 793 898 361 788 902 361 682 580 358 1012 574 691 1239 790 223 1016 999 466 578 897 360 689 900 468 1015 796 223 904 572 359 906 575

Tree=0
num_leaves=10
num_cat=0
split_feature=37 7 48 1 7 41 14 25 22
split_gain=45.8791 15.9501 15.9397 15.5975 10.2085 6.02718 11.4544 6.05064 5.6406
threshold=-0.88571428571428545 0.5270467836257311 33.750000000000007 0.77032967032967048 0.22792207792207794 0.80243902439024406 1.1000000000000003 -4.4864463726322246 1.5000000000000002
decision_type=2 2 2 2 2 2 2 2 2
left_child=3 2 5 4 -1 7 -7 -2 -4
right_child=1 -3 8 -5 -6 6 -8 -9 -10
leaf_value=-1.3202872430848989 -1.3004592995159967 -1.3161207760752534 -1.3098308945571739 -1.3267668057743944 -1.3107132580693204 -1.305074656913108 -1.3132610797964026 -1.3062125556542945 -1.3160807734467164
leaf_weight=243.36211684346199 261.69559344649315 292.15282070636749 573.95609816908836 176.23793637752533 369.92224565148354 457.44981136918068 443.84755453467369 3037.1473901569843 284.76028981804848
leaf_count=823 885 988 1941 596 1251 1547 1501 10271 963
internal_value=-1.30906 -1.30787 -1.3074 -1.31725 -1.31451 -1.30648 -1.30911 -1.30576 -1.3119
internal_weight=0 5351.01 5058.86 789.522 613.284 4200.14 901.297 3298.84 858.716
internal_count=20766 18096 17108 2670 2074 14204 3048 11156 2904
is_linear=0
shrinkage=1


Tree=1
num_leaves=17
num_cat=0
split_feature=25 32 30 24 46 46 35 24 37 25 35 37 43 43 4 24
split_gain=376.644 255.792 124.633 73.9746 63.0337 46.7079 27.979 27.719 17.0466 15.5502 13.0141 11.8396 10.6585 10.1263 7.78968 7.05541
threshold=1.1368182773461777 0.077935222672064861 0.23809523809523822 6.3573452424123262 -0.83558558558558538 0.039999999999999959 -0.39736842105263143 2.070927747342834 -0.99999999999999978 10.000676291716578 -0.3076923076923076 0.1818181818181818 -0.5322916666666665 -0.93103448275862055 1.1686991869918701 0.74315634035684786
decision_type=2 2 2 2 2 2 2 2 2 2 2 2 2 2 2 2
left_child=1 3 7 12 9 6 13 -2 -5 -4 -7 -8 15 -3 -6 -1
right_child=2 5 4 8 14 10 11 -9 -10 -11 -12 -13 -14 -15 -16 -17
leaf_value=-0.75891751182083966 -0.7693066506274604 -0.76373170655237099 -0.77950496611607079 -0.72914372235954306 -0.76888474882735147 -0.74619112604491089 -0.7637436224089359 -0.75335288127307432 -0.74091884500491045 -0.78949878034275522 -0.75674095205678482 -0.77050988672006049 -0.74614339084566306 -0.75540088374222247 -0.77542042475896589 -0.74998231114614722
leaf_weight=211.33448308706284 222.53595745563507 263.98141261935234 364.42129945755005 374.50262638926506 580.98313724994659 287.13112631440163 1710.8385185599327 404.37322470545769 285.637596398592 469.71515852212906 332.68378874659538 425.65602600574493 442.08485507965088 708.30656257271767 409.9739618897438 259.50082287192345
leaf_count=566 596 707 976 1003 1556 769 4582 1083 765 1258 891 1140 1184 1897 1098 695
internal_value=-0.76108 -0.755774 -0.772982 -0.743497 -0.777779 -0.760954 -0.762768 -0.759016 -0.734239 -0.785133 -0.751854 -0.765092 -0.750192 -0.757663 -0.771589 -0.753993
internal_weight=0 5301.66 2452 1573.06 1825.09 3728.6 3108.78 626.909 660.14 834.136 619.815 2136.49 912.92 972.288 990.957 470.835
internal_count=20766 14199 6567 4213 4888 9986 8326 1679 1768 2234 1660 5722 2445 2604 2654 1261
is_linear=0
shrinkage=1


Tree=2
num_leaves=20
num_cat=0
split_feature=45 31 33 27 43 45 45 33 1 4 41 4 3 1 27 26 1 40 26
split_gain=417.715 174.872 130.576 69.1206 43.3314 31.4224 30.9144 28.0127 27.3767 19.4417 16.7927 13.8814 13.7593 12.1614 11.3641 8.63836 7.86776 5.31298 5.04799
threshold=-0.80600358422939056 0.25000000000000017 -1.039230769230769 0.68022188168937758 -0.46547619047619043 -1.2029411764705877 -1.053342816500711 -1.2600644122383249 0.38956639566395673 1.1266025641025643 0.65669642857142874 1.112698412698413 1.0894161950302252 0.43951219512195128 0.6584580879374925 0.34984395252905082 0.62331081081081086 0.86486486486486513 0.72923321187896828
decision_type=2 2 2 2 2 2 2 2 2 2 2 2 2 2 2 2 2 2 2
left_child=2 7 5 13 8 -1 9 16 15 -5 18 17 -13 -4 -10 -3 -2 -6 -9
right_child=1 4 3 6 11 -7 -8 10 14 -11 -12 12 -14 -15 -16 -17 -18 -19 -20
leaf_value=-1.3236654931865799 -1.352249480102943 -1.3204306149885012 -1.3176832301315373 -1.3060849568785713 -1.3416634778330954 -1.3436714332055011 -1.3147469672096712 -1.3434925696308164 -1.3384759634587067 -1.2890645121855651 -1.3554014081924501 -1.3319846540542819 -1.3424876742618639 -1.3301155927716843 -1.3284679416191865 -1.3295312025341657 -1.3608265374037722 -1.3487922213427606 -1.3505768217123102
leaf_weight=171.73195481300354 235.94982624053955 181.90220594406128 256.58090710639954 164.17691111564636 244.08602714538574 260.35842895507812 200.20865797996521 650.60549378395081 783.69049429893494 191.78187847137451 268.49462985992432 289.70686793327332 380.07681369781494 174.05658364295959 184.80799198150635 562.85075545310974 350.14721751213074 316.44009947776794 166.50153994560242
leaf_count=591 812 626 883 565 840 896 689 2239 2697 660 924 997 1308 599 636 1937 1205 1089 573
internal_value=-1.3365 -1.3416 -1.31908 -1.31179 -1.33627 -1.33572 -1.30333 -1.35098 -1.33254 -1.29691 -1.34752 -1.34147 -1.33794 -1.32271 -1.33657 -1.32731 -1.35737 -1.34569 -1.34494
internal_weight=0 4615.26 1418.9 986.805 2943.56 432.09 556.167 1671.7 1713.25 355.959 1085.6 1230.31 669.784 430.637 968.498 744.753 586.097 560.526 817.107
internal_count=20766 15883 4883 3396 10130 1487 1914 5753 5896 1225 3736 4234 2305 1482 3333 2563 2017 1929 2812
is_linear=0
shrinkage=1


Tree=3
num_leaves=10
num_cat=0
split_feature=1 27 8 3 44 25 35 9 25
split_gain=37.5219 11.4665 10.371 11.9528 9.82063 7.81962 5.77542 5.43171 4.35726
threshold=0.67054263565891481 0.51741797300873105 1.35214626391097 1.3077553185438398 -0.14087301587301587 -0.74404447133033813 -0.9230769230769228 1.4997576946136604 -0.8915136785176534
decision_type=2 2 2 2 2 2 2 2 2
left_child=2 -2 3 4 6 -5 -1 -4 -6
right_child=1 -3 7 5 8 -7 -8 -9 -10
leaf_value=-0.0019691040645428664 -0.013757821492571801 -0.0035876465399914429 -0.001233859726621612 -0.0045787323950850535 -0.0027117407493878853 0.0020106618710127202 0.0040963856858466687 -0.008449573870534334 0.003918819827320316
leaf_weight=224.90692263841629 297.72758394479752 286.93689373135567 878.39844891428947 580.96891069412231 550.15748918056488 401.34569516777992 2585.4802688360214 163.018883228302 171.30300107598305
leaf_count=762 1014 975 2967 1967 1863 1356 8732 551 579
internal_value=0 -0.00876659 0.000902388 0.0016558 0.00264102 -0.00188649 0.00361098 -0.00236338 -0.00113739
internal_weight=0 584.664 5555.58 4514.16 3531.85 982.315 2810.39 1041.42 721.46
internal_count=20766 1989 18777 15259 11936 3323 9494 3518 2442
is_linear=0
shrinkage=0.0363047


Tree=4
num_leaves=19
num_cat=0
split_feature=31 42 39 45 32 24 46 24 24 24 42 31 24 31 11 14 5 31
split_gain=337.257 212.923 97.6034 50.7651 45.3475 44.6665 26.4758 22.6376 16.7247 16.0086 15.8657 10.6633 8.66955 8.44688 8.27208 6.19281 5.07262 4.85473
threshold=0.081081081081081016 0.10128205128205121 0.53452380952380962 -1.0281746031746029 0.25320512820512825 4.4614686673344126 0.039999999999999959 4.4614686673344126 -0.20579711754737237 2.4312562988324404 0.70710784313725517 -0.23076923076923067 -0.88300857600410021 0.28571428571428575 1.0919019834905608 1.5000000000000002 1.131719124756625 0.71240601503759415
decision_type=2 2 2 2 2 2 2 2 2 2 2 2 2 2 2 2 2 2
left_child=2 3 7 8 10 15 9 -1 14 -6 12 -7 -3 -5 -2 -4 -15 -8
right_child=1 4 5 13 6 11 17 -9 -10 -11 -12 -13 -14 16 -16 -17 -18 -19
leaf_value=-0.0030509150859231032 -0.028463869306810687 -0.0015046374426542046 0.0072410674931183104 -0.0031905263716202146 -0.0043611299544749375 0.03040849650537826 0.0086208634087340877 0.010065001657728232 -0.013868879302389015 0.0048880518707447272 0.015910655004056733 0.021261418464117804 0.0072733168682302032 -0.0088598490882806843 -0.019217082952853608 0.015419294851976816 -0.014667377351961599 0.0016278856424629307
leaf_weight=397.72104868292809 334.69485375285149 208.01012337207794 237.69481378793716 235.91809871792793 2226.2631528675556 338.29930937290192 300.80288711190224 307.57567021250725 269.41334870457649 277.37486457824707 218.68600806593895 333.64513078331947 516.60669347643852 552.44428074359894 205.99648427963257 250.80994603037834 309.17342367768288 231.58789703249931
leaf_count=1065 899 557 636 632 5965 904 805 823 723 743 585 892 1383 1481 553 671 829 620
internal_value=0 -0.00439326 0.01332 -0.0143653 0.000387221 0.0197936 -0.00177305 0.00266886 -0.0212588 -0.00333642 0.00734006 0.0258666 0.0047535 -0.00927718 -0.024941 0.01144 -0.0109438 0.00557895
internal_weight=0 5886.97 1865.75 1907.64 3979.33 1160.45 3036.03 705.297 810.105 2503.64 943.303 671.944 724.617 1097.54 540.691 488.505 861.618 532.391
internal_count=20766 15775 4991 5117 10658 3103 8133 1888 2175 6708 2525 1796 1940 2942 1452 1307 2310 1425
is_linear=0
shrinkage=0.0363047


Tree=5
num_leaves=16
num_cat=0
split_feature=7 35 29 7 24 27 37 43 43 43 7 1 37 24 10
split_gain=445.044 178.598 130.842 58.5879 39.6416 39.584 29.9658 22.21 18.1024 17.0688 15.5211 11.0699 7.51278 6.53949 5.27347
threshold=0.3943381180223286 -0.66260162601626005 0.52941176470588247 0.28759398496240607 7.3196134329718197 0.68546837048078768 0.1818181818181818 -1.0895721925133686 -1.1096096096096095 -0.45161290322580638 0.54692082111436957 0.38956639566395673 -0.94736842105263142 -1.9326142243451776 1.4714052287581703
decision_type=2 2 2 2 2 2 2 2 2 2 2 2 2 2 2
left_child=1 4 -2 6 7 -4 9 -1 -5 -3 -7 -10 -6 -8 -9
right_child=2 3 5 8 12 10 13 14 11 -11 -12 -13 -14 -15 -16
leaf_value=0.0014135081250992768 0.0026529767338433915 -0.0010620271286036602 0.019775473781137476 0.017044472312213097 -0.025389749692975118 0.032393862134380162 0.012138008388453929 -0.0088593298399642223 0.010934445151412876 -0.0074600192208119868 0.046515233546613285 0.0015758688541746789 -0.017068267884530513 0.0021730547543016726 -0.014973101474199252
leaf_weight=184.37938043475151 307.66770368814468 1185.3353608846664 255.26443979144096 229.01660567522049 339.54096549749374 268.56998053193092 183.69469600915909 304.46414324641228 275.66473746299744 1024.7196230590343 165.99267545342445 421.02482804656029 247.03435885906219 164.55688062310219 477.7309832572937
leaf_count=634 1057 4074 871 779 1187 908 629 1055 944 3541 557 1449 859 564 1658
internal_value=0 -0.00420117 0.0223414 0.000363139 -0.0144398 0.0311226 -0.00246882 -0.00992147 0.00818963 -0.00402854 0.0377879 0.00527885 -0.0218852 0.00742934 -0.0125934
internal_weight=0 5037.16 997.495 3484.01 1553.15 689.827 2558.31 966.575 925.706 2210.05 434.563 696.69 586.575 348.252 782.195
internal_count=20766 17373 3393 11980 5393 2336 8808 3347 3172 7615 1465 2393 2046 1193 2713
is_linear=0
shrinkage=0.0363047


Tree=6
num_leaves=7
num_cat=0
split_feature=2 32 5 45 10 45
split_gain=51.8061 10.4306 9.03502 8.71171 7.77938 6.16591
threshold=2.2435728411338176 -0.34999999999999992 0.7203229884856498 -1.5536398467432948 1.5138996138996141 -0.099999999999999936
decision_type=2 2 2 2 2 2
left_child=1 -1 -3 -4 -2 -5
right_child=4 2 3 5 -6 -7
leaf_value=-0.0061652021844137671 -0.0078688950231568626 0.008416107441510572 -0.0072159095785050238 0.0017819036321409919 -0.018691853861232184 -0.0012689330048765756
leaf_weight=269.68962094187737 166.55726465582848 216.52362382411957 170.80148288607597 4015.8769406974316 184.49771890044212 1115.7280092835426
leaf_count=922 570 732 578 13550 634 3780
internal_value=0 0.000806277 0.00114695 0.000850111 -0.0135569 0.00111858
internal_weight=0 5788.62 5518.93 5302.41 351.055 5131.6
internal_count=20766 19562 18640 17908 1204 17330
is_linear=0
shrinkage=0.0363047


Tree=7
num_leaves=18
num_cat=0
split_feature=25 31 30 44 1 44 1 38 25 40 1 36 31 25 6 25 36
split_gain=335.823 224.84 107.193 55.1247 54.137 29.8371 26.3334 22.6206 22.1184 21.2774 13.9357 10.4959 9.76068 6.78914 7.09628 6.78677 6.6096
threshold=1.1368182773461777 0.25000000000000017 0.23809523809523822 -0.85540069686411135 0.67694497153700206 -1.0000000180025095e-35 0.3816526610644258 0.41666666666666669 10.000676291716578 0.83333333333333337 0.56949806949806958 -1.1775210084033609 -1.0000000180025095e-35 2.4947580206312749 0.27842377260981915 -0.064365954121806332 -0.29999999999999988
decision_type=2 2 2 2 2 2 2 2 2 2 2 2 2 2 2 2 2
left_child=1 4 7 8 9 6 15 -2 16 12 -8 -6 -1 -5 -15 -3 -4
right_child=2 5 3 13 11 -7 10 -9 -10 -11 -12 -13 -14 14 -16 -17 -18
leaf_value=0.014441301387093394 -0.0070478100214966055 -0.0048888188206257935 -0.010814922659760653 -0.0033607597614324562 0.031572478769611598 0.0075655930403777018 -0.00034418764754135184 0.0071266757772721128 -0.026174283041220804 0.018622333814822461 0.0095969818581945286 0.020319062394015215 0.0066821862742984031 -0.014920975039345398 -0.0062034971212463312 -0.012129659484175716 -0.019073940820406504
leaf_weight=299.34362345933914 240.85223683714867 980.62995159626007 214.32812002301216 255.83751156926155 229.3792964220047 505.43071323633194 1501.0852138102055 386.56151139736176 540.04023423790932 414.42825946211815 212.12081426382065 208.56419423222542 746.7933569252491 251.26109325885773 241.24865320324898 206.54878729581833 316.04208901524544
leaf_count=800 645 2629 576 686 612 1352 4022 1034 1455 1107 568 557 1998 674 647 554 850
internal_value=0 0.00500612 -0.011254 -0.0157177 0.0150174 -0.000574471 -0.00199299 0.00168536 -0.0210025 0.0116604 0.000886679 0.0262132 0.00890239 -0.00815858 -0.0106508 -0.0061486 -0.0157364
internal_weight=0 5304.32 2446.17 1818.76 1898.51 3405.82 2900.38 627.414 1070.41 1460.57 1713.21 437.943 1046.14 748.347 492.51 1187.18 530.37
internal_count=20766 14199 6567 4888 5074 9125 7773 1679 2881 3905 4590 1169 2798 2007 1321 3183 1426
is_linear=0
shrinkage=0.0363047


Tree=8
num_leaves=19
num_cat=0
split_feature=7 31 28 45 24 7 28 1 27 38 7 35 28 4 4 9 27 31
split_gain=414.817 157.644 150.077 62.7315 39.7454 30.3259 27.1169 22.4668 18.0834 15.7675 13.9636 13.5952 12.9629 11.3167 11.1213 7.91569 6.9462 6.11037
threshold=0.3623737373737374 0.25000000000000017 0.65517241379310365 -0.85540069686411135 6.3573452424123262 0.28759398496240607 1.4000000000000004 0.35948717948717951 0.74873875673229706 0.42857142857142877 0.16869918699186995 -0.030776515151515148 0.35067567567567565 1.3239268680445153 1.1324561403508773 0.90556993048812551 0.6493951066035405 -0.19999999999999998
decision_type=2 2 2 2 2 2 2 2 2 2 2 2 2 2 2 2 2 2
left_child=1 4 12 6 9 7 8 11 -4 -1 -9 -3 -2 16 -5 -11 -7 -6
right_child=2 5 3 14 17 13 -8 10 -10 15 -12 -13 -14 -15 -16 -17 -18 -19
leaf_value=0.00084003543090428669 -0.0102769819557349 -0.0012404836346554572 0.019468746100107043 0.0061940979118259975 -0.025357216059775787 0.0012389882440905799 0.043648226703761416 -0.0089664060490631092 0.034387892827506289 -0.015934436489590479 -0.0018200102086742211 0.0083494944208183323 0.0042574400790030033 0.014734266977815883 0.019497160469770469 -0.0089589475883584714 0.010295161880538068 -0.017911835054344717
leaf_weight=161.86951711773872 158.64582106471062 419.39958035945892 202.06864315271378 163.01720589399338 269.12009179592133 353.79120507836342 196.72561132907867 551.4187196791172 227.80071792006493 332.06878256797791 1040.1335771381855 363.88925561308861 164.99306866526604 176.92576140165329 168.38433510065079 605.21119487285614 163.09034019708633 315.73455682396889
leaf_count=558 550 1443 677 556 959 1211 649 1908 752 1161 3583 1244 565 601 571 2111 553 1114
internal_value=0 -0.00476617 0.0185069 0.0257278 -0.0136917 0.000131977 0.032484 -0.00181876 0.0273749 -0.00962327 -0.00429599 0.00321469 -0.00286725 0.00680918 0.0129534 -0.0114303 0.00409646 -0.0213378
internal_weight=0 4752.65 1281.64 957.997 1684 3068.65 626.595 2374.84 429.869 1099.15 1591.55 783.289 323.639 693.807 331.402 937.28 516.882 584.855
internal_count=20766 16446 4320 3205 5903 10543 2078 8178 1429 3830 5491 2687 1115 2365 1127 3272 1764 2073
is_linear=0
shrinkage=0.0363047


Tree=9
num_leaves=11
num_cat=0
split_feature=24 25 37 42 46 24 23 25 25 25
split_gain=40.6259 17.1349 13.9267 8.6686 8.43735 8.15775 8.25138 7.92909 6.17263 5.69701
threshold=5.1791503696875099 19.678502890828529 -0.88571428571428545 0.43050193050193059 0.049999999999999857 -1.5319305237469092 0.83666002653407556 -1.2214398286802 2.4947580206312749 5.4107786544510601
decision_type=2 2 2 2 2 2 2 2 2 2
left_child=1 4 3 -2 5 9 -7 -6 -4 -1
right_child=2 -3 8 -5 7 6 -8 -9 -10 -11
leaf_value=0.0013757393234427539 -0.0059941042649560078 -0.0082932603109579298 -0.0046416855339942355 -0.015231406889014806 -0.0050538238387609763 0.006249874975831779 0.0020843540621286443 0.0044158510200190204 0.0035527511686326754 -0.0043301604918563
leaf_weight=1233.0604766905308 278.64503854513168 228.92640426754951 448.24018049240112 257.77264380455017 399.71558246016502 1000.6471916437149 1677.5551029145718 164.50401663780212 166.0407278239727 283.69878554344177
leaf_count=4151 959 773 1523 894 1361 3373 5658 558 561 955
internal_value=0 0.0014086 -0.006159 -0.010433 0.00187528 0.00243589 0.0036407 -0.00229284 -0.00242672 0.000308492
internal_weight=0 4988.11 1150.7 536.418 4759.18 4194.96 2678.2 564.22 614.281 1516.76
internal_count=20766 16829 3937 1853 16056 14137 9031 1919 2084 5106
is_linear=0
shrinkage=0.0363047


Tree=10
num_leaves=19
num_cat=0
split_feature=25 30 29 47 37 47 1 1 25 29 29 25 1 47 37 20 11 1
split_gain=313.061 200.41 100.805 68.7628 44.9488 34.8267 27.9496 17.0258 15.1182 14.1286 11.8654 10.101 10.0148 9.88418 8.55543 7.72095 7.47424 6.37586
threshold=1.1368182773461777 0.29520697167755999 0.12500000000000014 -0.71240601503759382 -1.0317540322580643 0.13423423423423417 0.3816526610644258 0.5763403263403265 10.000676291716578 1.0923295454545456 0.90909090909090939 3.6734566458778337 0.71611721611721624 0.030303030303030252 -0.19756097560975597 1.5000000000000002 1.0615526079257387 0.46049896049896061
decision_type=2 2 2 2 2 2 2 2 2 2 2 2 2 2 2 2 2 2
left_child=1 4 -2 8 12 6 15 -8 14 11 -7 -5 -1 16 -4 -3 -6 -10
right_child=2 5 3 9 13 10 7 -9 17 -11 -12 -13 -14 -15 -16 -17 -18 -19
leaf_value=0.020230700226660969 0.0077114994134406013 -0.0039033194758971842 -0.011106179326337897 -0.0013496516392973135 0.0047481305758893923 0.013113694863799394 4.2447730307360791e-05 0.010136551845946576 -0.027551908440587355 -0.015190525001145623 0.0027674364557039297 -0.0093611106479913522 0.03109791445390241 0.018316467529680511 -0.020772912307687973 -0.010444570585610767 0.012079210521613723 -0.019560529143536568
leaf_weight=239.47320458292961 332.13036787509918 871.239123493433 251.59757208824158 441.52018052339554 254.02663365006447 313.9563492834568 1664.1003583967686 253.8352193236351 345.93330782651901 235.16976562142372 273.25503918528557 391.23065575957298 209.59969362616539 240.12592709064484 231.8959136903286 327.13842225074768 658.32692632079124 212.37483784556389
leaf_count=639 888 2337 677 1184 679 839 4458 679 937 632 731 1050 559 641 626 878 1759 573
internal_value=0 0.0048291 -0.0108795 -0.0138062 0.0155595 0.000188861 -0.00133937 0.00137838 -0.0204422 -0.00733257 0.00829913 -0.00511348 0.0253028 0.0117629 -0.0157426 -0.00568898 0.010038 -0.0245121
internal_weight=0 5305.08 2441.85 2109.72 1601.55 3703.52 3116.31 1917.94 1041.8 1067.92 587.211 832.751 449.073 1152.48 483.493 1198.38 912.354 558.308
internal_count=20766 14199 6567 5679 4277 9922 8352 5137 2813 2866 1570 2234 1198 3079 1303 3215 2438 1510
is_linear=0
shrinkage=0.0363047


Tree=11
num_leaves=18
num_cat=0
split_feature=47 37 28 47 44 37 34 26 47 37 26 1 20 42 42 3 28
split_gain=353.033 164.875 103.241 42.534 38.148 33.1419 21.4321 20.66 14.2325 12.7721 10.4828 8.72186 8.44576 7.79527 5.74181 5.15949 4.25999
threshold=-0.70135135135135118 -0.32916666666666666 0.52380952380952395 -1.2967967967967966 -0.39077412513255566 -0.78474903474903457 -0.72613636363636347 0.39516876369175064 -0.37884436160298224 0.19999999999999998 0.71948641557221682 0.68356867779204122 1.7000000000000004 0.70135135135135163 0.63373983739837414 1.3646787820354109 1.5192592592592595
decision_type=2 2 2 2 2 2 2 2 2 2 2 2 2 2 2 2 2
left_child=2 5 -1 -4 7 11 -5 16 -9 13 14 15 -8 -6 -7 -2 -3
right_child=1 4 3 6 9 10 12 8 -10 -11 -12 -13 -14 -15 -16 -17 -18
leaf_value=-0.0043756383449161575 -0.012063363484319585 0.0094850719301493667 0.035016275061463729 0.0067325085252931804 -0.0018989183495280385 -0.0056308671308469664 0.016788319446363421 0.0073308464916751184 -0.0012230463096007396 0.0063442269185780926 -0.015786137874059587 -0.023507280123723391 0.025091470450070989 -0.0080258966426846844 -0.011367227536158915 -0.020260359465886744 0.017456495591137058
leaf_weight=247.13035869598389 256.55298313498497 190.28654560446739 242.87027496099472 181.9622785449028 667.88796448707581 758.43117359280586 331.09089776873589 509.64081355929375 515.90863981842995 167.05345183610916 237.67743447422981 285.42353782057762 315.16328802704811 463.72232136130333 330.07976603507996 167.1513963341713 164.96487152576447
leaf_count=856 911 647 789 616 2306 2641 1100 1733 1770 570 837 1031 1036 1609 1159 597 558
internal_value=0 -0.00447661 0.0167761 0.0216564 0.00144039 -0.0122662 0.0177386 0.00564144 0.00302776 -0.00302636 -0.00887862 -0.0186017 0.0208376 -0.00440969 -0.00737036 -0.0152971 0.0131867
internal_weight=0 4714.78 1318.22 1071.09 2679.46 2035.32 828.216 1380.8 1025.55 1298.66 1326.19 709.128 646.254 1131.61 1088.51 423.704 355.251
internal_count=20766 16369 4397 3541 9193 7176 2752 4708 3503 4485 4637 2539 2136 3915 3800 1508 1205
is_linear=0
shrinkage=0.0363047


Tree=12
num_leaves=9
num_cat=0
split_feature=37 1 45 5 6 42 46 38
split_gain=34.6083 13.8476 9.8464 8.73347 7.30381 6.70768 6.58643 4.27359
threshold=-0.88571428571428545 0.77032967032967048 -1.5536398467432948 0.7203229884856498 0.43050193050193059 0.084523809523809515 0.039999999999999959 1.1408730158730163
decision_type=2 2 2 2 2 2 2 2
left_child=1 5 -2 -4 6 -1 -5 -7
right_child=2 -3 3 4 -6 7 -8 -9
leaf_value=0.0012737423919957599 -0.0078817850990223464 -0.016365326579164226 0.008585890088207572 0.0011940404303713028 0.0072649778749074388 -0.011487324677600134 -0.0029280989159891817 -0.0040677971132506204
leaf_weight=179.1581372320652 158.58005848526955 169.33364626765251 208.25060278177261 4183.6804983317852 233.64764159917831 173.32986891269684 581.96142169833183 249.76385161280632
leaf_count=612 539 596 701 14086 785 596 1985 866
internal_value=0 -0.00719309 0.00102998 0.00130136 0.000997919 -0.00461416 0.000690661 -0.00710737
internal_weight=0 771.586 5366.12 5207.54 4999.29 602.252 4765.64 423.094
internal_count=20766 2670 18096 17557 16856 2074 16071 1462
is_linear=0
shrinkage=0.0363047


Tree=13
num_leaves=19
num_cat=0
split_feature=25 24 29 46 35 37 2 46 2 27 25 2 25 47 10 4 29 21
split_gain=293.806 179.773 104.766 63.1093 49.317 42.29 27.8104 22.3868 17.1001 15.082 14.3168 10.6379 10.4015 8.83048 8.53054 8.48995 6.86679 4.84139
threshold=0.43825523300651842 5.1791503696875099 0.34891304347826091 -0.93649193548387089 -0.40582770270270269 -0.55409356725146186 1.9451951951951953 0.032258064516129052 1.381652661064426 0.65598772165152053 9.2361013948070241 2.1779788838612371 2.68726836916565 0.035714285714285761 1.381652661064426 1.1324561403508773 1.0923295454545456 1.0954451150103341
decision_type=2 2 2 2 2 2 2 2 2 2 2 2 2 2 2 2 2 2
left_child=1 4 6 10 8 11 12 14 17 16 -4 -3 -2 -10 -6 -11 -5 -1
right_child=2 5 3 9 7 -7 -8 -9 13 15 -12 -13 -14 -15 -16 -17 -18 -19
leaf_value=0.0042187801910556332 0.0028829564170462954 0.020189110632508167 -0.015599977824117628 -0.0040749677967367899 -0.0073024745502959631 0.0069104902361273191 0.012636330157825375 0.0062172581640284443 0.0076312243153565142 -0.0094994023074656785 -0.02583638477405004 0.029228054129558024 -0.008201886761461448 0.01550127139833569 -0.0017796890922580823 -0.01871984536294383 -0.01138473363221097 -0.0026624542060688238
leaf_weight=381.01479381322861 231.03098917007446 417.14279216527939 300.45584839582443 680.32978698611259 503.85160198807716 265.10508048534393 250.75879126787186 397.99624916911125 768.20707225799561 296.64362308382988 449.50319316983223 291.55719581246376 215.78579095005989 248.76321369409561 1373.5111373066902 236.60364440083504 225.53741630911827 208.50784602761269
leaf_count=1019 618 1113 813 1826 1352 709 670 1064 2054 798 1223 778 578 664 3684 638 607 558
internal_value=0 0.00533333 -0.00929205 -0.0131963 0.00183455 0.0192804 0.00296007 -0.00160385 0.00670453 -0.00874644 -0.0217354 0.0239077 -0.00247036 0.00955633 -0.00326191 -0.0135905 -0.00589491 0.00178496
internal_weight=0 4855.66 2886.65 2189.07 3881.85 973.805 697.576 2275.36 1606.49 1439.11 749.959 708.7 446.817 1016.97 1877.36 533.247 905.867 589.523
internal_count=20766 12995 7771 5905 10395 2600 1866 6100 4295 3869 2036 1891 1196 2718 5036 1436 2433 1577
is_linear=0
shrinkage=0.0363047


Tree=14
num_leaves=15
num_cat=0
split_feature=25 36 28 27 43 36 47 25 25 36 29 28 27 36
split_gain=422.318 146.754 90.0896 52.5222 44.6674 28.6141 19.9624 18.4996 17.5204 16.4598 12.7594 9.45998 7.04305 6.2124
threshold=4.4441245120904815 -0.56949806949806947 0.46247654784240161 0.72061773781205907 -0.92592592592592582 0.22222222222222229 -0.67117117117117098 0.56734863027010862 0.85962947487711816 -0.29629629629629628 0.44444444444444459 1.1342342342342346 0.54059333410733756 -1.1775210084033609
decision_type=2 2 2 2 2 2 2 2 2 2 2 2 2 2
left_child=1 7 -2 6 8 9 -4 10 12 -6 13 -5 -3 -1
right_child=2 4 3 11 5 -7 -8 -9 -10 -11 -12 -13 -14 -15
leaf_value=-0.02317114075264733 -0.0049555561542153946 -0.002283949476074187 0.022500209479700786 0.026643849524779793 -0.0077880032538918207 0.011086954166381141 0.0087158837224033271 -0.0059190069663839174 0.015102005905046205 -0.0015092972670780642 -0.010088770834132368 0.036861883995147386 0.0072433176536190894 -0.016464339351140951
leaf_weight=261.33685299754143 172.21421229839325 177.91939255595207 284.2341111600399 220.41561099886894 826.49968415498734 187.93663564324379 270.02587988972664 287.71928516030312 266.49815294146538 1646.8327468633652 328.37923789024353 260.63194918632507 240.53078836202621 599.8911400437355
leaf_count=960 602 604 927 719 2889 636 917 1008 886 5668 1158 828 812 2152
internal_value=0 -0.00464936 0.0193583 0.0234027 -0.00044174 -0.00256971 0.0157847 -0.0141798 0.00782619 -0.00360742 -0.0161778 0.03218 0.00319245 -0.0184995
internal_weight=0 4823.54 1207.52 1035.31 3346.22 2661.27 554.26 1477.33 684.948 2473.33 1189.61 481.048 418.45 861.228
internal_count=20766 16773 3993 3391 11495 9193 1844 5278 2302 8557 4270 1547 1416 3112
is_linear=0
shrinkage=0.0363047


Tree=15
num_leaves=9
num_cat=0
split_feature=2 29 7 46 25 25 32 2
split_gain=44.3049 10.5601 13.8575 8.63674 8.02964 7.28232 6.07973 5.62209
threshold=2.2435728411338176 0.16441441441441437 0.5270467836257311 0.039999999999999959 -0.40347370500690921 -1.2214398286802 0.42105263157894746 2.5064102564102568
decision_type=2 2 2 2 2 2 2 2
left_child=1 4 3 6 -1 -5 -3 -2
right_child=7 2 -4 5 -6 -7 -8 -9
leaf_value=-0.0074999754857160037 -0.0082231163990806062 0.0037861635204535734 -0.0063401244714569923 -0.0047391491828676904 0.00036055407979380288 0.0042723599709912144 0.0010280199478302622 -0.017531248247536352
leaf_weight=334.66817033290863 178.63213101029396 2047.9917931258678 293.25869679450989 435.74809855222702 350.85293370485306 162.18882149457932 2168.9169011116028 164.0899840593338
leaf_count=1156 623 6897 996 1494 1193 550 7276 581
internal_value=0 0.000754066 0.00132188 0.00178855 -0.00347692 -0.0022948 0.00236755 -0.0126797
internal_weight=0 5793.63 5108.1 4814.85 685.521 597.937 4216.91 342.722
internal_count=20766 19562 17213 16217 2349 2044 14173 1204
is_linear=0
shrinkage=0.0363047


Tree=16
num_leaves=20
num_cat=0
split_feature=31 8 38 24 45 42 2 31 41 8 45 42 41 37 27 8 24 27 38
split_gain=252.698 140.622 99.309 73.2079 36.837 29.7587 26.8842 17.6238 17.1711 13.5815 13.0286 12.6167 11.788 9.99033 7.37694 6.86195 7.74796 6.65985 6.48455
threshold=0.25000000000000017 1.2639318885448918 0.42857142857142877 4.4614686673344126 -0.76095238095238071 0.10960960960960951 1.3580586080586083 -0.11111111111111098 -0.18181818181818168 1.0113636363636365 -0.045454545454545442 0.33333333333333343 0.7974358974358976 0.20689655172413798 0.60829252061142747 1.7124060150375942 -1.1393621838257155 0.4764789978584027 0.48387096774193544
decision_type=2 2 2 2 2 2 2 2 2 2 2 2 2 2 2 2 2 2 2
left_child=2 5 8 10 15 18 13 11 -1 -9 17 -5 -8 -7 -6 16 -3 -4 -2
right_child=1 4 3 7 14 6 12 9 -10 -11 -12 -13 -14 -15 -16 -17 -18 -19 -20
leaf_value=-0.013034249719220655 -0.011181993290568935 -0.021990905379748803 0.008676601946720059 0.017091770714555747 -0.0038144461308690218 -0.0015523818989214969 0.0014031836667596405 0.020544590079293448 0.0002552723184010608 0.0079532165134379561 0.013234180930504451 0.028339212928271639 0.0084906198688454448 -0.0089475578299793735 -0.012796181651056759 -0.025206608564378383 -0.013165871550034972 0.0021663597363265875 -0.004449091749061081
leaf_weight=228.26553431153297 381.57183760404587 285.73079392313957 299.83999773859978 221.79208979010582 283.84922924637794 1347.6650547087193 813.80747917294502 219.24453863501549 292.16415819525719 232.79583743214607 267.18907913565636 322.72266259789467 498.93627944588661 293.14748188853264 209.47032955288887 253.61706906557083 242.33087494969368 669.66362312436104 372.68989160656929
leaf_count=615 1029 778 801 592 762 3612 2181 585 782 622 713 862 1334 788 564 694 658 1791 1003
internal_value=0 -0.0049955 0.00870834 0.0120366 -0.0153961 -0.00141909 0.000224528 0.019359 -0.00557364 0.0140602 0.00613601 0.0237579 0.00409692 -0.0028736 -0.00762822 -0.0202984 -0.017941 0.00417979 -0.00785518
internal_weight=0 4982.82 2753.68 2233.25 1275 3707.82 2953.56 996.555 520.43 452.04 1236.69 544.515 1312.74 1640.81 493.32 781.679 528.062 969.504 754.262
internal_count=20766 13403 7363 5966 3456 9947 7915 2661 1397 1207 3305 1454 3515 4400 1326 2130 1436 2592 2032
is_linear=0
shrinkage=0.0363047


Tree=17
num_leaves=18
num_cat=0
split_feature=47 36 28 9 24 47 47 24 9 43 24 11 24 2 36 9 24
split_gain=304.708 133.842 98.1319 59.5858 34.4759 25.4831 20.6091 20.1226 18.8844 14.8586 14.7921 13.7572 11.5506 7.04481 6.18398 5.51968 6.22522
threshold=-0.62678571428571417 -0.56949806949806947 0.48148148148148157 1.1507929111375017 -3.5366318200607529 -0.36363636363636359 -1.2967967967967966 9.7639931257049195 1.1593660141024797 -0.4137931034482758 1.0420863968922003 1.0318020084373669 -1.9326142243451776 1.4110105580693819 -1.029857397504456 0.98286341670480482 2.14861784154852
decision_type=2 2 2 2 2 2 2 2 2 2 2 2 2 2 2 2 2
left_child=2 7 -1 11 9 8 -5 15 -6 -3 -7 -4 -8 -13 -9 -2 -17
right_child=1 4 3 6 5 10 12 14 -10 -11 -12 13 -14 -15 -16 16 -18
leaf_value=-0.0062512843301590565 -0.014246717355611201 0.012709638474864263 0.01662208522326912 0.035179926030386263 0.00026436643060707472 -0.0025029289174590091 0.028311801631768208 -0.02527220701589444 0.014443371648632505 -0.00012970832674544111 -0.0096322482617960427 0.010196065663117275 0.016944865893110096 0.00029135648240381508 -0.016264461746776544 -0.0046073530150714049 -0.013288622696562851
leaf_weight=265.46796411275864 458.21716356277466 322.36827632784843 234.70762956142426 196.88346716761589 474.42438372969627 1480.6235653460026 191.17696818709373 222.38177222013474 167.52099972963333 188.13082692027092 517.70351937413216 197.04130455851555 307.09630098938942 182.13734877109528 183.21212214231491 239.67145982384682 199.49106270074844
leaf_count=932 1651 1093 767 615 1617 5119 609 835 565 651 1810 652 1001 611 667 850 721
internal_value=0 -0.0047057 0.0138751 0.0179567 -0.000658497 -0.00232838 0.0252355 -0.0144924 0.0039645 0.00797804 -0.00434991 0.00971425 0.0213061 0.00543837 -0.0212033 -0.0114593 -0.00855085
internal_weight=0 4453.75 1574.51 1309.04 3150.77 2640.27 695.157 1302.97 641.945 510.499 1998.33 613.886 498.273 379.179 405.594 897.38 439.163
internal_count=20766 15579 5187 4255 10855 9111 2225 4724 2182 1744 6929 2030 1610 1263 1502 3222 1571
is_linear=0
shrinkage=0.0363047


Tree=18
num_leaves=10
num_cat=0
split_feature=31 48 8 3 3 44 45 45 42
split_gain=29.1861 12.959 10.4839 10.0392 8.43819 5.14495 4.98681 4.59602 4.41943
threshold=-0.19999999999999998 33.250000000000007 1.35214626391097 1.2769986390684502 1.5056082015750765 -0.14087301587301587 -1.4530791788856303 -0.030776515151515148 0.43902439024390255
decision_type=2 2 2 2 2 2 2 2 2
left_child=4 2 3 5 -1 -2 -4 -3 -5
right_child=1 7 6 8 -6 -7 -8 -9 -10
leaf_value=-0.0051672272471490642 0.0043061943225669074 -0.0019854007078550259 -0.007295912612924102 0.001710719654568351 -0.015251090592693538 0.0003809984689498353 -0.00060194699212510691 -0.0087056568247761233 -0.003078103752446625
leaf_weight=353.39246252179146 2209.0341382920742 753.44888949394226 182.38766330480576 505.14899706840515 158.40163806080818 549.64713984727859 749.3113100528717 163.1843349635601 510.88713085651398
leaf_count=1234 7408 2536 623 1704 566 1871 2522 558 1744
internal_value=0 0.00076743 0.00153659 0.00238787 -0.00828821 0.00352413 -0.00191235 -0.00318178 -0.000697215
internal_weight=0 5623.05 4706.42 3774.72 511.794 2758.68 931.699 916.633 1016.04
internal_count=20766 18966 15872 12727 1800 9279 3145 3094 3448
is_linear=0
shrinkage=0.0363047


Tree=19
num_leaves=18
num_cat=0
split_feature=24 8 42 10 36 36 2 10 43 38 10 2 43 8 36 26 26
split_gain=236.732 160.817 57.8947 54.4377 36.8298 31.3487 25.3167 24.3422 20.6018 15.6355 12.56 12.3705 12.2834 12.2446 7.94025 7.91962 4.28281
threshold=4.0737309801060304 1.242833742833743 0.14285714285714293 1.3950428396572829 -0.32916666666666666 -1.1043557168784026 1.9480431848852904 1.2600644122383255 -0.07692307692307683 0.35067567567567576 1.7124060150375942 1.35214626391097 -1.4387499999999998 1.0289915966386556 -0.64400921658986154 0.52548619312200595 0.4876630055945278
decision_type=2 2 2 2 2 2 2 2 2 2 2 2 2 2 2 2 2
left_child=1 4 6 12 7 -4 -2 -1 9 -6 16 -9 -3 14 -7 -14 -5
right_child=2 3 5 10 8 13 -8 11 -10 -11 -12 -13 15 -15 -16 -17 -18
leaf_value=-0.0035119469685702983 -0.0052230248145161036 -0.024061428523713586 0.025806345722518251 -0.012605374346463805 -0.012821045560086569 0.021198303307635388 0.010464847756555588 0.0013595919855054813 0.0074846651865843033 -0.0027655911201361003 0.001673367136671756 0.0085927879111260611 -0.019254813928535675 0.0071729485382879083 0.011440077217515238 -0.010325654439909605 -0.0053057933648902478
leaf_weight=439.15680480003357 279.62596184015274 383.38733166456223 351.98247396945953 214.67314496636391 224.77822023630142 231.94153535366058 263.20353499054909 459.75689744949341 238.38784837722778 2185.3047822117805 220.93968763947487 967.3279709815979 316.68150579929352 311.70215541124344 208.88547450304031 223.19249051809311 209.15778636932373
leaf_count=1177 753 1053 942 580 607 619 705 1230 637 5867 593 2585 861 833 558 603 563
internal_value=0 -0.00342274 0.0120919 -0.0134392 5.61569e-05 0.0168632 0.00238361 0.00396242 -0.00269639 -0.00370342 -0.00534465 0.0062625 -0.0190922 0.0126802 0.0165744 -0.0155634 -0.00900308
internal_weight=0 6082.74 1647.34 1568.03 4514.71 1104.51 542.829 1866.24 2648.47 2410.08 644.771 1427.08 923.261 752.529 440.827 539.874 423.831
internal_count=20766 16356 4410 4253 12103 2952 1458 4992 7111 6474 1736 3815 2517 2010 1177 1464 1143
is_linear=0
shrinkage=0.0363047


Tree=20
num_leaves=18
num_cat=0
split_feature=7 31 30 7 8 39 41 26 41 36 31 36 8 8 26 5 41
split_gain=318.045 124.43 93.2777 34.7168 26.6659 25.1093 20.1869 19.7735 13.9679 13.9212 13.0132 12.5923 10.7279 8.92672 8.58512 4.47742 4.06009
threshold=0.3623737373737374 0.25000000000000017 0.31999999999999995 0.53950103950103967 0.88730158730158737 0.48749218261413391 -0.061553030303030339 0.45644152380694397 0.34615384615384615 -1.1775210084033609 0.47619047619047622 0.048199767711962709 1.422647527910686 1.0274024024024027 0.67139947798163468 1.2177562558737993 0.83333333333333337
decision_type=2 2 2 2 2 2 2 2 2 2 2 2 2 2 2 2 2
left_child=1 5 6 7 11 14 -2 -4 15 -7 -10 16 -9 -11 -1 -6 -3
right_child=2 4 3 -5 8 9 -8 12 10 13 -12 -13 -14 -15 -16 -17 -18
leaf_value=-0.00092712309321006019 0.0096711323796704225 -0.0049346566508843229 0.024836556574513103 0.03330549376950831 0.0046544930394960635 -0.022616664278977756 -0.0073695087628355927 0.0067734548247076485 -0.0063446970780335265 -0.015738443066115073 0.0020548776774667456 0.0036271013881970489 0.018541026688208537 -0.0083210920044503433 -0.011435346700776776 0.011245547693357297 -0.010305501498462539
leaf_weight=267.62791848182678 167.44933703541756 489.10716199874878 293.92547911405563 254.44843611121178 614.06720373034477 258.07841029763222 202.35391050577164 210.17850187420845 321.70154932141304 598.41541802883148 995.07762342691422 181.83922788500786 198.58770042657852 332.78173539042473 166.05698707699776 174.43376231193542 298.87437039613724
leaf_count=938 560 1690 941 781 2059 980 712 691 1127 2185 3415 617 635 1206 594 581 1054
internal_value=0 -0.00429577 0.0158322 0.0218153 -3.45947e-06 -0.0124286 0.000346605 0.0176546 0.00229111 -0.0151555 2.78248e-06 -0.00498451 0.0124904 -0.0130877 -0.0049507 0.00611258 -0.00697177
internal_weight=0 4698.06 1326.94 957.14 3075.1 1622.96 369.803 702.692 2105.28 1189.28 1316.78 969.821 408.766 931.197 433.685 788.501 787.982
internal_count=20766 16446 4320 3048 10543 5903 1272 2267 7182 4371 4542 3361 1326 3391 1532 2640 2744
is_linear=0
shrinkage=0.0363047


Tree=21
num_leaves=10
num_cat=0
split_feature=24 3 47 24 23 47 5 47 5
split_gain=30.8131 12.1038 11.4165 8.35606 10.967 6.95519 6.01746 5.80023 4.83884
threshold=5.1791503696875099 1.5129101824277571 -1.2967967967967966 -1.5319305237469092 0.83666002653407556 -0.30151515151515146 0.99712906960307357 -0.065591397849462385 0.8382736442849098
decision_type=2 2 2 2 2 2 2 2 2
left_child=2 5 -1 -4 6 -2 -5 -7 -6
right_child=1 -3 3 4 8 7 -8 -9 -10
leaf_value=-0.0070942585143633913 5.1254641846650997e-05 -0.012126881850624273 -0.00037356921343827945 0.0084283867425249508 0.0050850571928772598 -0.011500634253817525 0.002990783391418143 -0.0030371061044773186 0.00031240868837356699
leaf_weight=207.46332842111588 419.66808187961578 268.29469972848892 1773.6848094463348 537.18577632308006 338.95384642481804 179.63682809472084 535.77785882353783 262.94818136096001 1609.6577417552471
leaf_count=708 1440 955 5961 1801 1141 623 1797 919 5421
internal_value=0 -0.00539261 0.00124374 0.00160448 0.0027656 -0.00329721 0.00571315 -0.00647229 0.00114259
internal_weight=0 1130.55 5002.72 4795.26 3021.58 862.253 1072.96 442.585 1948.61
internal_count=20766 3937 16829 16121 10160 2982 3598 1542 6562
is_linear=0
shrinkage=0.0363047


Tree=22
num_leaves=17
num_cat=0
split_feature=30 7 39 45 2 47 2 6 2 7 30 4 26 2 26 14
split_gain=228.617 170.426 61.2415 32.8271 29.1129 29.536 26.6686 16.2728 14.3008 14.4899 11.5563 10.3511 10.5356 10.0492 5.87657 5.36284
threshold=0.22361111111111107 0.34330357142857149 0.53452380952380962 -1.0408333333333328 1.8352713178294575 0.13423423423423417 2.1975609756097567 0.36939571150097467 1.9451951951951953 0.3246621621621622 0.81934731934731964 1.1731634182908548 0.53491501228209104 1.4577380952380954 0.47813743228269362 1.7000000000000004
decision_type=2 2 2 2 2 2 2 2 2 2 2 2 2 2 2 2
left_child=2 4 8 14 5 7 13 -2 9 -1 -7 12 -5 -4 -3 -15
right_child=1 3 6 11 -6 10 -8 -9 -10 -11 -12 -13 -14 15 -16 -17
leaf_value=0.0043735948224831785 -0.0013407837849560211 -0.024690659031688805 0.0057436885588098867 -0.011610915145501464 0.0093049892693374998 0.010385558322953438 0.025078259532093347 -0.0080035610028396532 0.010166448041267907 -0.0075645878863925438 -0.00014974123645474527 -0.014756277420394039 -0.00029109413537147346 0.011716915823319447 -0.017567057098909968 0.018229081039920325
leaf_weight=330.36121016740799 2821.2531099021435 311.59220564365387 215.04379671812057 228.03907504677773 381.75069543719292 360.01987329125404 301.2528467476368 582.98092490434647 238.00057172775269 225.45280066132545 221.76183998584747 330.53319361805916 206.50664409995079 356.13232871890068 299.19490766525269 313.30690342187881
leaf_count=883 7574 862 574 617 1021 961 808 1567 636 605 593 897 557 951 823 837
internal_value=0 -0.0037825 0.0105242 -0.0149249 -0.000272594 -0.00118986 0.015749 -0.0024818 0.00271982 -0.000468846 0.00636974 -0.0099144 -0.00623146 0.0125714 -0.0212012 0.0147647
internal_weight=0 5743.63 1979.55 1375.87 4367.77 3986.02 1185.74 3404.23 793.815 555.814 581.782 765.079 434.546 884.483 610.787 669.439
internal_count=20766 15472 5294 3756 11716 10695 3170 9141 2124 1488 1554 2071 1174 2362 1685 1788
is_linear=0
shrinkage=0.0363047


Tree=23
num_leaves=17
num_cat=0
split_feature=7 35 24 46 47 24 37 40 8 7 47 7 15 37 11 7
split_gain=294.488 116.123 88.2727 41.9564 35.8187 32.2749 24.7536 24.2762 12.6174 10.508 10.263 9.8701 9.27168 5.92135 5.39936 4.79366
threshold=0.3623737373737374 -0.66260162601626005 0.063863287288487822 -0.91666666666666641 -0.47058823529411759 7.3196134329718197 0.20689655172413798 1.0000000180025095e-35 0.94028520499108748 0.26975051975051983 -0.62331081081081063 0.53033088235294124 0.89442719099991586 -0.94736842105263142 1.0955831325399277 0.17445652173913045
decision_type=2 2 2 2 2 2 2 2 2 2 2 2 2 2 2 2
left_child=1 5 3 11 9 10 8 -4 -6 -3 -1 -2 -5 -7 -11 -12
right_child=2 4 7 12 6 13 -8 -9 -10 14 15 -13 -14 -15 -16 -17
leaf_value=-0.00048033779275162992 0.025306285323580605 0.0017476443648553547 0.010615367268315669 0.01917333953303282 -0.0067110792223844268 -0.023676444134732095 0.0068938478400910243 -0.0050003548256000807 -0.001266198066529226 0.015227465346747857 -0.015010388071135772 0.036209414917858909 0.0076019938515072341 -0.015766401458403374 0.0067793580095152645 -0.0086148922965903138
leaf_weight=160.91283702850342 242.07127013802528 314.37712994217873 294.11955597996712 189.79916316270828 1051.3320640921593 288.92547723650932 326.2278171479702 236.90411269664764 1202.6024449169636 182.27993008494377 225.3511255979538 199.71831718087196 175.80698004364967 219.4969148337841 220.13021090626717 491.10746711492538
leaf_count=558 751 1060 956 619 3689 1119 1097 818 4168 600 829 600 576 815 729 1782
internal_value=0 -0.00416509 0.0151453 0.0227066 -0.000458581 -0.0129833 -0.00245308 0.00364877 -0.00380592 0.00672085 -0.00876566 0.0302352 0.0136091 -0.0202615 0.0106061 -0.0106265
internal_weight=0 4682.74 1338.42 807.396 3296.95 1385.79 2580.16 531.024 2253.93 716.787 877.371 441.79 365.606 508.422 402.41 716.459
internal_count=20766 16446 4320 2546 11343 5103 8954 1774 7857 2389 3169 1351 1195 1934 1329 2611
is_linear=0
shrinkage=0.0363047


Tree=24
num_leaves=8
num_cat=0
split_feature=32 6 0 46 46 0 37
split_gain=26.2581 7.19322 6.13484 5.67876 6.2542 7.20256 4.26309
threshold=-0.29864864864864854 0.43050193050193059 0.18301435406698566 -1.3693957115009743 0.049999999999999857 0.13245614035087722 -0.40582770270270269
decision_type=2 2 2 2 2 2 2
left_child=2 3 -1 -2 5 -5 -6
right_child=1 -3 -4 4 6 -7 -8
leaf_value=-0.012216210721126552 -0.0049689225899847388 0.0066775569751949104 -0.0042789617610807405 -0.0051236384473606535 -0.0073249173195506683 0.0015281340067372984 -0.00072510706528985849
leaf_weight=228.92515712976456 241.72584646940231 257.76611819863319 292.13529294729233 225.89764440059662 184.76973584294319 4272.9633656442165 427.38255074620247
leaf_count=828 829 859 1027 768 642 14349 1464
internal_value=0 0.000753774 -0.00776615 0.000468509 0.000725672 0.00119413 -0.00271717
internal_weight=0 5610.51 521.06 5352.74 5111.01 4498.86 612.152
internal_count=20766 18911 1855 18052 17223 15117 2106
is_linear=0
shrinkage=0.0363047


Tree=25
num_leaves=17
num_cat=0
split_feature=30 45 39 34 31 45 28 45 33 39 45 39 11 39 4 11
split_gain=212.966 129.102 56.8503 28.6408 23.066 20.9129 17.3977 17.0956 15.8995 10.7521 10.1667 9.5126 7.46224 6.86584 6.10032 6.03099
threshold=0.22361111111111107 -0.76095238095238071 0.53452380952380962 -0.6165158371040721 -0.099999999999999686 -1.2204861111111109 1.8355855855855856 -1.0000000180025095e-35 -0.83827375762859613 0.10128205128205121 -0.13636363636363633 0.84731934731934733 1.1950459367648019 0.90121951219512209 1.10960960960961 0.99188025051729112
decision_type=2 2 2 2 2 2 2 2 2 2 2 2 2 2 2 2
left_child=2 5 9 11 13 15 7 -5 -7 -1 -6 -3 -13 -4 -10 -2
right_child=1 3 4 6 10 8 -8 -9 14 -11 -12 12 -14 -15 -16 -17
leaf_value=-0.0035725734669512857 -0.023604746379224953 -9.8879447587436837e-06 0.015891147908930682 -0.0026616873810409252 0.0061661378031462859 -0.0013500224085793487 -0.011756282228425305 0.0039903566705234185 -0.0087196261052552276 0.00551354454965547 0.015830385991477139 0.0030026624455285773 0.011117041351032515 0.023762789763261554 -0.015134526918979357 -0.015479066186105624
leaf_weight=251.10979309678078 207.45567461848259 304.00690796971321 262.70053744316101 2434.818589836359 349.3966411948204 228.34164050221443 223.70689553022385 643.87291830778122 357.16160956025124 542.53341659903526 243.43693041801453 251.07463562488556 368.79036042094231 328.88872554898262 431.37713643908501 286.86757791042328
leaf_count=674 578 814 703 6542 933 617 602 1721 972 1450 650 671 985 884 1179 791
internal_value=0 -0.00365654 0.0101575 -0.000400036 0.0151956 -0.0127638 -0.0019808 -0.00127049 -0.00978608 0.00263868 0.0101346 0.00525045 0.00783033 0.0202673 -0.012229 -0.0188892
internal_weight=0 5737.47 1978.07 4226.27 1184.42 1511.2 3302.4 3078.69 1016.88 793.643 592.834 923.872 619.865 591.589 788.539 494.323
internal_count=20766 15472 5294 11335 3170 4137 8865 8263 2768 2124 1583 2470 1656 1587 2151 1369
is_linear=0
shrinkage=0.0363047


Tree=26
num_leaves=17
num_cat=0
split_feature=25 36 24 7 8 24 36 45 7 25 41 36 15 24 45 8
split_gain=329.148 117.717 69.4555 35.5414 31.2955 26.7747 24.5775 13.1479 11.2728 10.5035 9.71171 8.14474 6.68641 5.84672 5.64181 4.85216
threshold=4.4441245120904815 -0.56949806949806947 4.0737309801060304 0.48610038610038614 1.2022727272727274 9.4401476678477767 0.099999999999999964 -0.76794871794871777 0.17108013937282232 0.56734863027010862 0.090909090909090912 -1.029857397504456 0.83666002653407545 -1.1107946948828513 -1.3489130434782608 1.0533428165007115
decision_type=2 2 2 2 2 2 2 2 2 2 2 2 2 2 2 2
left_child=1 5 3 10 6 9 8 -6 -3 15 -2 -7 -8 -9 -5 -1
right_child=2 4 -4 14 7 11 12 13 -10 -11 -12 -13 -14 -15 -16 -17
leaf_value=-0.013837257008945442 0.020414549095675211 -0.0073307250524998688 0.0011158114436309757 0.034580979619151811 0.014582928743209189 -0.025155401600443397 0.011440308533740689 0.0075369397686231732 -0.001888886431720569 -0.0030740271422345284 0.011059168975344024 -0.01489502513489001 0.0019322180933075321 -0.0010532553896793156 0.025642932782327234 -0.0077014401502218197
leaf_weight=517.97144442796707 300.05469709634781 729.09870049357414 288.58911699056625 189.90770864486694 198.3298504948616 236.15201650559902 177.50173297524452 208.34878981113434 1608.841715991497 236.17418801784515 285.32095208764076 179.46413308382034 216.2459352016449 209.38081708550453 182.55986922979355 252.76476454734802
leaf_count=1915 942 2571 979 562 634 934 595 703 5549 835 948 675 726 717 562 919
internal_value=0 -0.00422341 0.0167289 0.021433 -0.000505779 -0.0129724 -0.00217273 0.00688572 -0.00358595 -0.00977243 0.0158546 -0.0207249 0.00621847 0.00323123 0.0302001 -0.011825
internal_weight=0 4770.27 1246.43 957.843 3347.75 1422.53 2731.69 616.059 2337.94 1006.91 585.376 415.616 393.748 417.73 372.468 770.736
internal_count=20766 16773 3993 3014 11495 5278 9441 2054 8120 3669 1890 1609 1321 1420 1124 2834
is_linear=0
shrinkage=0.0363047


Tree=27
num_leaves=6
num_cat=0
split_feature=2 7 29 11 29
split_gain=36.0902 8.26605 9.91076 5.30646 4.19725
threshold=2.2738636363636369 0.56465997770345611 0.16441441441441437 0.83657501306776527 0.7013513513513514
decision_type=2 2 2 2 2
left_child=1 2 -1 -4 -5
right_child=-2 -3 3 4 -6
leaf_value=-0.0031566205232399823 -0.012102484571933929 -0.0061723072346149526 0.0079375139434389626 0.0026456646241166657 0.00043491189119265863
leaf_weight=679.93070611357689 306.51346665620804 223.22214740514755 164.13646873831749 1856.9312373399734 2899.0487613976002
leaf_count=2357 1112 768 548 6256 9725
internal_value=0 0.000678726 0.000951813 0.00151957 0.00129808
internal_weight=0 5823.27 5600.05 4920.12 4755.98
internal_count=20766 19654 18886 16529 15981
is_linear=0
shrinkage=0.0363047


Tree=28
num_leaves=19
num_cat=0
split_feature=30 7 10 35 1 43 38 43 7 40 37 30 21 35 26 43 26 33
split_gain=197.843 149.98 63.5651 26.8661 25.0598 24.7822 18.5468 17.9314 15.9463 10.4778 9.29308 8.44362 7.82755 7.58772 7.33344 6.41049 6.00455 4.93064
threshold=0.22361111111111107 0.34330357142857149 1.35214626391097 -0.49390243902439013 0.75337837837837851 -1.0895721925133686 0.42857142857142877 -0.47619047619047611 0.267479674796748 0.82426470588235312 0.13513513513513517 0.55000000000000027 1.1824601482453649 -1.0615530303030301 0.46768220032560942 -0.62910052910052883 0.45644152380694397 -1.2320512820512819
decision_type=2 2 2 2 2 2 2 2 2 2 2 2 2 2 2 2 2 2
left_child=2 3 6 8 9 11 -1 12 15 13 -9 -3 -5 -4 -7 -2 -13 -8
right_child=1 5 4 7 -6 14 17 10 -10 -11 -12 16 -14 -15 -16 -17 -18 -19
leaf_value=-0.0063945209795790003 0.0032261684608442219 -0.011976881551501499 0.015833360312997764 -0.0025401096020617043 0.026234793107144556 -0.012997700339961135 0.0093707811899091057 0.002559149678321685 -0.0023395197157706216 0.018120836769593879 -0.0052837152070053274 -0.023600728031105023 -0.0074931029167165887 0.0076864925338638312 -0.0041633817548647869 0.0097883586644581539 -0.016434035915079991 0.0019770151288995646
leaf_weight=262.33777368068695 323.0828033387661 235.04043856263161 214.06518244743347 1193.4219607710838 210.28923568129539 207.99771201610565 234.95161080360413 1138.5316262841225 320.03225314617157 305.18889757990837 241.34068763256073 312.24308195710182 649.38594579696655 508.88172462582588 306.12097761034966 499.6470995247364 304.21428671479225 240.62455803155899
leaf_count=704 865 646 573 3213 568 565 629 3047 859 818 648 873 1750 1359 827 1334 845 643
internal_value=0 -0.00353097 0.00978978 -0.000246142 0.0148156 -0.0140315 0.001355 -0.00194212 0.00453666 0.01248 0.00118743 -0.0178317 -0.00428549 0.0100988 -0.00773749 0.00721141 -0.0200641 0.0056298
internal_weight=0 5731.06 1976.34 4365.44 1238.43 1365.62 737.914 3222.68 1142.76 1028.14 1379.87 851.498 1842.81 722.947 514.119 822.73 616.457 475.576
internal_count=20766 15472 5294 11716 3318 3756 1976 8658 3058 2750 3695 2364 4963 1932 1392 2199 1718 1272
is_linear=0
shrinkage=0.0363047


Tree=29
num_leaves=18
num_cat=0
split_feature=8 29 29 10 2 8 1 41 41 10 8 26 29 8 11 41 8
split_gain=238.881 106.535 55.9351 52.7288 35.512 29.196 26.1335 19.7678 19.1471 16.1575 13.7245 9.97123 8.94389 8.54506 7.13497 5.22447 4.58677
threshold=1.4478221415607988 0.47722567287784684 0.72727272727272751 1.3950428396572829 1.7032032032032034 1.1744565217391307 0.38548951048951058 -0.15384615384615377 0.21680376028202106 1.2374686716791983 0.88730158730158737 0.80989529779191383 0.87652439024390261 0.81530214424951275 1.0249789441879602 0.70659971305595437 1.0307765151515154
decision_type=2 2 2 2 2 2 2 2 2 2 2 2 2 2 2 2 2
left_child=1 4 7 5 8 12 10 -2 -1 -4 -5 16 -3 -8 -7 -10 -6
right_child=2 3 9 6 11 14 13 -9 15 -11 -12 -13 -14 -15 -16 -17 -18
leaf_value=0.0015988835405283813 0.015776011636562233 -0.00029799061133496451 0.029830197278680914 -0.0047815073461786638 -0.017092919668148538 0.020570806708965748 -0.011681928240316043 -0.00069097132572486708 -0.007583405527280266 0.016969308599672692 0.0049549427807678431 -0.023028524295746998 0.0070940397011455157 -0.0044811022541307016 0.010368772744805892 -0.015564707855180195 -0.010315210309636537
leaf_weight=305.79321387410164 172.42547202110291 481.45084896683693 321.35633388161659 272.70436027646065 272.06627798080444 174.21519806981087 272.46380567550659 217.02189061045647 400.17388337850571 214.8237276673317 635.48150262236595 219.18507389724255 390.89793252944946 1071.0528870373964 187.7014354467392 148.10714837908745 254.90667648613453
leaf_count=1063 545 1652 952 945 1044 551 975 742 1452 678 2149 860 1310 3737 606 556 949
internal_value=0 -0.00297989 0.0170714 0.000580038 -0.0107349 0.00661086 -0.00272574 0.00659969 -0.00567983 0.0246774 0.00203134 -0.0165211 0.00301436 -0.00594142 0.0152797 -0.00973939 -0.0138144
internal_weight=0 5086.2 925.627 3485.97 1600.23 1234.27 2251.7 389.447 854.074 536.18 908.186 746.158 872.349 1343.52 361.917 548.281 526.973
internal_count=20766 17849 2917 11925 5924 4119 7806 1287 3071 1630 3094 2853 2962 4712 1157 2008 1993
is_linear=0
shrinkage=0.0363047


Tree=30
num_leaves=11
num_cat=0
split_feature=3 26 25 39 3 39 31 31 47 29
split_gain=26.4153 12.8997 12.1039 11.4715 7.79827 6.93305 7.79211 6.2625 5.0789 4.69875
threshold=1.3077553185438398 0.73653346745874082 7.1647629033539193 1.2320512820512823 0.89978897608706643 0.48749218261413391 0.13888888888888892 0.045454545454545504 -1.1408730158730156 0.73333333333333361
decision_type=2 2 2 2 2 2 2 2 2 2
left_child=2 5 3 4 9 -2 -7 -6 -4 -1
right_child=1 -3 8 -5 7 6 -8 -9 -10 -11
leaf_value=0.012395443447986515 0.002153722199271776 -0.0093650520287740999 -0.0075602575241743401 -0.0021423441023783983 -0.0011419760654191402 -0.0086110412563464578 -0.001077948507939223 0.0034551569136044152 -0.00058482282165176001 0.0047105137404560501
leaf_weight=181.460264980793 397.85134565830231 389.94436395168304 205.11256331205368 579.83686000108719 465.76027789711952 278.54279282689095 516.71357706189156 2419.3891036510468 417.85832068324089 248.43156152963638
leaf_count=606 1347 1393 705 1979 1603 982 1746 8081 1401 829
internal_value=0 -0.00363255 0.00181717 0.0025687 0.00339272 -0.001759 -0.00371645 0.00271302 -0.00288148 0.00795437
internal_weight=0 1583.05 4517.85 3894.88 3315.04 1193.11 795.256 2885.15 622.971 429.892
internal_count=20672 5468 15204 13098 11119 4075 2728 9684 2106 1435
is_linear=0
shrinkage=0.0363047


Tree=31
num_leaves=20
num_cat=0
split_feature=2 46 39 37 8 43 36 1 10 8 10 27 22 43 32 2 10 30 39
split_gain=189.113 119.25 81.9781 41.0219 33.8347 24.0641 14.1219 11.9787 11.4877 11.4201 10.8344 8.69125 7.79021 7.77534 6.39606 5.97898 5.46114 6.08239 5.35973
threshold=1.6493243243243245 -0.69848484848484838 0.24999999999999986 -0.67083333333333317 1.1584928229665075 -0.47619047619047611 -0.47619047619047611 0.57321428571428579 1.524404761904762 1.2152509652509653 1.1686991869918701 0.45403023187494368 1.5000000000000002 -0.59175084175084158 0.51925925925925931 1.3164313222079593 1.3693957115009749 0.58823529411764719 0.8834841628959279
decision_type=2 2 2 2 2 2 2 2 2 2 2 2 2 2 2 2 2 2 2
left_child=1 4 10 8 15 9 -7 18 -4 12 -2 -8 -3 -10 -11 -1 17 -6 -5
right_child=2 5 3 7 16 6 11 -9 13 14 -12 -13 -14 -15 -16 -17 -18 -19 -20
leaf_value=-0.0092801402991591949 -0.011588152525892518 -0.0033342550779663933 0.012709548621184943 -0.0014286441312193617 -0.013859922139388468 0.0084146309893393095 0.0038284595024489707 0.010939601455695343 0.015365642710067804 -0.0043923479653764155 0.00015500855689034392 -0.0019838966459150204 0.0019035291415963908 0.024251753456412773 -0.012505743961807926 -0.0006203120415009737 -0.012407241692147953 -0.021350387520223398 0.0064846680335644852
leaf_weight=208.1929417848587 210.37813556194305 1335.1932665109634 418.15175169706345 243.10230359435081 206.72074684500694 398.09257051348686 619.25169831514359 386.83232298493385 215.43084871768951 291.7615259885788 203.93237257003784 749.46122404932976 520.03706979751587 326.45310482382774 228.25719398260117 212.17953792214394 216.77519765496254 462.69507429003716 210.48819488286972
leaf_count=564 574 3585 1122 653 569 1063 1657 1035 579 786 550 2009 1396 880 619 573 593 1302 563
internal_value=0 -0.00382875 0.00875259 0.0121032 -0.0133917 -0.000812226 0.00239626 0.00624618 0.0172304 -0.00319883 -0.00580792 0.000645809 -0.00186606 0.020719 -0.00795364 -0.00490916 -0.0174155 -0.0190373 0.00224352
internal_weight=0 5448.62 2214.77 1800.46 1306.56 4142.05 1766.81 840.423 960.036 2375.25 414.311 1368.71 1855.23 541.884 520.019 420.372 886.191 669.416 453.59
internal_count=20672 14716 5956 4832 3601 11115 4729 2251 2581 6386 1124 3666 4981 1459 1405 1137 2464 1871 1216
is_linear=0
shrinkage=0.0363047


Tree=32
num_leaves=17
num_cat=0
split_feature=7 37 30 7 41 27 1 41 30 45 37 26 17 26 7 1
split_gain=218.624 89.31 55.8195 27.3617 25.8633 22.1118 20.5768 20.266 14.6928 13.561 11.2053 9.77449 6.89211 6.44435 5.78444 5.60541
threshold=0.3623737373737374 -0.49999999999999989 0.44444444444444459 0.21525096525096529 -1.0000000180025095e-35 0.73372483164574087 0.59417229729729748 0.14087301587301593 0.73913043478260887 -0.48387096774193539 -0.24999999999999992 0.42790699478234423 0.8366600265340739 0.65098418742473541 0.17192118226600989 0.39767441860465119
decision_type=2 2 2 2 2 2 2 2 2 2 2 2 2 2 2 2
left_child=1 6 4 10 -2 11 9 -5 -9 -1 14 -4 -12 -8 -3 -7
right_child=2 3 5 7 -6 15 13 8 -10 -11 12 -13 -14 -15 -16 -17
leaf_value=-0.0014128220871707621 0.010869177981304439 -0.012968045193248534 0.018955975364916527 0.0087359689097036928 -0.0057964674722487371 0.028557541050513564 -0.010546051713980136 -0.0040914222787132087 0.0036299255047947008 -0.011469695090234282 -0.0086157808776883942 0.0083672256167778916 -0.00096131518308266342 -0.018609030915981189 -0.0040208044592280005 0.019984181384777165
leaf_weight=291.98345394432545 253.40927413105965 246.01043823361397 196.58181157708168 481.81541296839714 238.00982132554054 204.58751583099365 181.2852411866188 609.51367902755737 695.43192830681801 447.67719909548759 189.73737296462059 276.54426211118698 847.8699911236763 467.77405016124249 155.39611324667931 197.59501332044601
leaf_count=1045 818 891 604 1589 834 602 690 2126 2348 1681 658 872 2932 1840 553 589
internal_value=0 -0.00394173 0.0125894 -0.000627814 0.00279748 0.0180869 -0.0116394 0.00237285 2.34402e-05 -0.00749971 -0.0043536 0.0127668 -0.00236101 -0.016357 -0.00950431 0.0243454
internal_weight=0 4614.49 1366.73 3225.77 491.419 875.309 1388.72 1786.76 1304.95 739.661 1439.01 473.126 1037.61 649.059 401.407 402.183
internal_count=20672 16353 4319 11097 1652 2667 5256 6063 4474 2726 5034 1476 3590 2530 1444 1191
is_linear=0
shrinkage=0.0363047


Tree=33
num_leaves=9
num_cat=0
split_feature=1 40 25 37 37 45 6 36
split_gain=27.5004 14.3669 13.5555 9.90657 8.29555 7.2805 6.70083 5.51067
threshold=0.57321428571428579 0.4027027027027027 10.868944677739531 -1.0519568151147098 -0.12499999999999989 1.0000000180025095e-35 0.37668918918918926 0.099999999999999964
decision_type=2 2 2 2 2 2 2 2
left_child=2 -2 5 -3 -4 6 7 -1
right_child=1 3 4 -5 -6 -7 -8 -9
leaf_value=0.0027442989787829263 0.00054468818479045679 -0.013231966294196273 0.00025502386981716149 -0.0045497595485080485 -0.0092735190249733594 -0.0024366147501522842 0.0064342365775929607 -0.0016111852835945649
leaf_weight=2913.4540118277073 502.61844730377197 252.73480013012886 264.93917751312256 550.53810116648674 220.77818459272385 385.87812465429306 568.54203927516937 440.80484855175018
leaf_count=9756 1728 941 896 1912 749 1329 1888 1473
internal_value=0 -0.00426929 0.00167346 -0.00728145 -0.00407608 0.00232161 0.00278967 0.00217192
internal_weight=0 1305.89 4794.4 803.273 485.717 4308.68 3922.8 3354.26
internal_count=20672 4581 16091 2853 1645 14446 13117 11229
is_linear=0
shrinkage=0.0363047


Tree=34
num_leaves=19
num_cat=0
split_feature=2 8 40 43 35 41 39 2 38 34 29 29 1 1 38 2 2 5
split_gain=175.887 108.295 80.3203 36.7729 35.4007 20.6501 13.2851 13.2675 12.6965 10.7162 9.1244 8.4992 7.01346 6.85023 6.7526 6.84871 6.5893 6.23833
threshold=1.6493243243243245 1.2063894523326575 0.092329545454545511 -0.93649193548387089 -0.63762626262626243 0.15789473684210545 0.89039039039039047 1.3373983739837401 0.21739130434782603 -0.5322916666666665 0.13793103448275854 0.85239651416122031 0.56330128205128216 0.39077412513255577 0.16666666666666682 1.2784237726098193 2.0615530303030307 0.94448635420617844
decision_type=2 2 2 2 2 2 2 2 2 2 2 2 2 2 2 2 2 2
left_child=1 5 8 14 6 13 10 17 -2 -9 -4 -5 -6 -1 -3 -16 -8 -7
right_child=2 3 4 11 12 7 16 9 -10 -11 -12 -13 -14 -15 15 -17 -18 -19
leaf_value=-0.010697031483114605 -0.012186484155349668 -0.020479765465823013 0.015291980175692875 -0.00063538606060212189 0.001003819713219024 0.0019815819230552647 0.015491716852615999 0.0067330418054673165 0.0004297129734224131 0.0003988498139128727 0.0062033900464432022 -0.0091545088256749074 0.0090408750747379869 -0.003337396280414553 -0.018420485215639167 -0.010585906941026828 0.023053190052132227 -0.0027282862235581138
leaf_weight=262.24772655963898 208.89239129424095 336.14247310161591 349.30700191855431 305.29215624928474 333.24161607027054 530.45492872595787 316.55672273039818 672.04129058122635 211.67250725626945 739.29426443576813 249.64446324110031 312.19634720683098 250.82215493917465 457.48890173435211 263.35220050811768 333.04413023591042 292.02563765645027 1230.4567843079567
leaf_count=712 570 949 938 821 894 1422 849 1796 573 1982 668 845 671 1234 732 920 793 3303
internal_value=0 -0.00369918 0.00844144 -0.0118145 0.0117931 -0.000467176 0.0153423 0.000792451 -0.00583669 0.00341503 0.0115038 -0.00494257 0.00445528 -0.006019 -0.0163648 -0.0140454 0.0191201 -0.00130949
internal_weight=0 5442.01 2212.16 1550.03 1791.6 3891.98 1207.53 3172.25 420.565 1411.34 598.951 617.489 584.064 719.737 932.539 596.396 608.582 1760.91
internal_count=20672 14716 5956 4267 4813 10449 3248 8503 1143 3778 1606 1666 1565 1946 2601 1652 1642 4725
is_linear=0
shrinkage=0.0363047


Tree=35
num_leaves=19
num_cat=0
split_feature=7 35 7 24 4 2 43 45 7 24 7 45 34 43 4 4 24 4
split_gain=202.981 106.557 39.567 33.8234 26.1966 25.3133 24.6427 13.974 11.7752 10.5942 10.2612 9.38515 8.03278 7.67018 7.2758 6.67475 4.62316 4.44577
threshold=0.43050193050193059 -0.62678571428571406 0.28759398496240607 -0.15091889069560341 0.94665718349928885 1.6493243243243245 -1.0519568151147094 -0.71240601503759382 0.19399641577060936 -1.5582851734082053 0.25290697674418611 -1.2928921568627449 -0.85912698412698396 -0.35599078341013823 0.89237451737451756 1.3086080586080588 0.031968852141347814 0.97402159244264519
decision_type=2 2 2 2 2 2 2 2 2 2 2 2 2 2 2 2 2 2
left_child=1 5 4 11 16 6 -1 9 -6 -4 17 -2 -5 -8 -12 -9 -3 -7
right_child=3 2 7 12 8 10 13 15 -10 -11 14 -13 -14 -15 -16 -17 -18 -19
leaf_value=0.0067232197992571465 0.028001292826362802 -0.0052391910603896393 0.017921091951593443 0.0017888933566704553 -0.0029237149625100235 -0.020600735522709249 -0.0065872473109487052 0.00066874140072452153 0.0029110999097935087 0.0066598267379612977 -0.015493302098518938 0.017986057493101986 0.012899804331887197 -0.016353974503745407 -0.0054591142485669875 0.0090839248066384697 -0.011534384673816851 -0.013455415699990803
leaf_weight=165.13646279275417 216.93332904577255 301.02999165654182 182.88908925652504 166.08362711966038 850.77727201581001 334.57525455951691 371.02565382421017 477.52914142608643 982.11119613051414 276.68997913599014 183.16880974173546 285.79133108258247 177.33124703168869 148.36155119538307 198.4212249070406 167.91682299971581 314.3013162612915 174.69732493162155
leaf_count=566 622 1051 569 556 2977 1345 1362 1619 3361 879 702 869 545 566 735 554 1117 677
internal_value=0 -0.00288384 0.000600616 0.0163086 -0.0019732 -0.010743 -0.005493 0.00630299 0.000202737 0.0111412 -0.0147769 0.0223078 0.0075263 -0.00937709 -0.0102757 0.002858 -0.00845467 -0.0181497
internal_weight=0 5128.63 3553.24 846.14 2448.22 1575.39 684.524 1105.03 1832.89 459.579 890.863 502.725 343.415 519.387 381.59 645.446 615.331 509.273
internal_count=20672 18080 12127 2592 8506 5953 2494 3621 6338 1448 3459 1491 1101 1928 1437 2173 2168 2022
is_linear=0
shrinkage=0.0363047


Tree=36
num_leaves=11
num_cat=0
split_feature=1 40 48 7 37 37 41 44 39 41
split_gain=25.2743 13.2811 12.799 9.64853 9.48041 9.38055 8.84712 8.78745 6.70576 5.30431
threshold=0.57321428571428579 0.4027027027027027 27.250000000000004 0.50609756097560987 0.10762548262548262 -1.0519568151147098 0.83558558558558582 -0.77638888888888868 1.2320512820512823 1.1384099616858241
decision_type=2 2 2 2 2 2 2 2 2 2
left_child=2 -2 3 8 6 -3 7 -4 -1 -10
right_child=1 5 4 -5 -6 -7 -8 -9 9 -11
leaf_value=0.0043322681573386302 0.00053231803662700476 -0.012835566133674665 -0.0038586167077664774 -0.0044498367255060662 -0.0072881905273070209 -0.0043449542388333392 -0.0076008940713499871 0.0030514103015244921 -0.0037283829829121377 0.0039917423688306548
leaf_weight=2410.9919572472572 502.7175424695015 249.62148697674274 326.6172708272934 213.17518562078476 260.61976635456085 548.04524397850037 167.63178086280823 942.594881772995 270.20116972923279 207.29523715376854
leaf_count=8042 1728 941 1097 732 874 1912 574 3148 915 709
internal_value=0 -0.0040893 0.00161673 0.00300372 -0.000917631 -0.007002 0.000237884 0.00127319 0.0035538 -0.000376849
internal_weight=0 1300.38 4799.13 3101.66 1697.46 797.667 1436.84 1269.21 2888.49 477.496
internal_count=20672 4581 16091 10398 5693 2853 4819 4245 9666 1624
is_linear=0
shrinkage=0.0363047


Tree=37
num_leaves=18
num_cat=0
split_feature=2 46 42 4 45 42 7 36 36 2 11 7 27 27 29 27 45
split_gain=163.35 104.257 72.454 31.9606 20.2713 18.2295 17.7676 17.0334 14.5878 14.3767 11.189 9.52266 8.74066 8.31397 7.5418 6.29574 4.53073
threshold=1.6493243243243245 -0.69848484848484838 0.12347560975609762 1.1686991869918701 -0.36363636363636348 -0.26975051975051972 0.44281045751633991 -0.47619047619047611 -0.47058823529411759 1.9725975975975978 0.9373214115613856 0.18301435406698566 0.40446053456830539 0.56940503446729906 0.47058823529411764 0.67249990747506239 -1.3732142857142855
decision_type=2 2 2 2 2 2 2 2 2 2 2 2 2 2 2 2 2
left_child=1 6 5 8 10 -2 15 11 13 -7 -3 -6 -9 -4 -12 -1 -8
right_child=2 4 3 -5 7 9 16 12 -10 -11 14 -13 -14 -15 -16 -17 -18
leaf_value=-0.0067465861599859175 -0.0094208858810354724 -0.011616909485688783 0.019190942587900602 0.002147883451162002 0.012813503256029528 -0.0025398071202082776 -0.02235984507242229 0.0038787668666977887 0.0070012782746102049 0.010060482640610749 0.0022017387117626002 0.0030334145389758647 -0.0017328251264063876 0.01111698237546351 -0.0040421813291844667 -0.013267059940901726 -0.015172519318635818
leaf_weight=496.75109305977821 240.19837310910225 210.86178070306778 743.80445331335068 298.97116705775261 222.39437845349312 282.0151968896389 195.90826377272606 496.44893366098404 219.92916712164879 206.92016336321831 325.77636435627937 320.07272699475288 1390.660090059042 217.1795945763588 1173.074057251215 321.47746726870537 282.00406756997108
leaf_count=1353 658 569 2009 801 594 760 565 1329 588 556 872 855 3731 584 3165 887 796
internal_value=0 -0.00357162 0.00813629 0.0127514 -0.00075802 -0.00123082 -0.012557 0.00137325 0.0154359 0.00279271 -0.00378664 0.00704294 -0.000256562 0.0173663 -0.00268506 -0.00930844 -0.0181188
internal_weight=0 5435.43 2209.02 1479.88 4139.29 729.134 1296.14 2429.58 1180.91 488.935 1709.71 542.467 1887.11 960.984 1498.85 818.229 477.912
internal_count=20672 14716 5956 3982 11115 1974 3601 6509 3181 1316 4606 1449 5060 2593 4037 2240 1361
is_linear=0
shrinkage=0.0363047


Tree=38
num_leaves=14
num_cat=0
split_feature=42 31 10 28 9 2 37 42 48 42 45 9 4
split_gain=183.107 97.2136 29.6891 26.7592 24.5676 21.9589 17.7338 14.817 13.6106 12.6813 11.6166 11.607 8.34971
threshold=-1.0000000180025095e-35 0.35714285714285737 1.4328828828828832 1.3380952380952384 1.1486046449130736 2.0116279069767447 0.19999999999999998 0.14087301587301593 30.750000000000004 0.64932432432432452 -0.62331081081081063 1.0945730373935263 1.0845238095238097
decision_type=2 2 2 2 2 2 2 2 2 2 2 2 2
left_child=2 5 3 8 6 9 7 -3 11 12 -6 -1 -2
right_child=1 4 -4 -5 10 -7 -8 -9 -10 -11 -12 -13 -14
leaf_value=0.00076377965529774783 -0.0077236367425098651 0.0052844795502879072 -0.00064821439967742715 0.024514712544141243 0.01410453137332182 -0.017058105366644136 0.0064821911979166796 -0.003755035110302579 0.018555861023625542 -0.01388675348058927 0.003531067934693136 0.011765482885204194 -0.00078211986306326111
leaf_weight=187.73718023300171 872.59223373234272 283.36996299028397 204.50579291582108 262.66381391882896 219.88031682372093 419.93032422661781 360.10701897740364 1526.3163279294968 234.10206064581871 337.39318764209747 363.1275514960289 386.81790468096733 309.37307371199131
leaf_count=612 3198 934 674 765 691 1702 1192 5326 738 1308 1227 1196 1109
internal_value=0 -0.00348377 0.0120275 0.0144472 0.000902321 -0.00970978 -0.000875487 -0.00233958 0.0111771 -0.0076788 0.00751883 0.00817065 -0.00590673
internal_weight=0 4692.09 1275.83 1071.32 2752.8 1939.29 2169.79 1809.69 808.657 1519.36 583.008 574.555 1181.97
internal_count=20672 16687 3985 3311 9370 7317 7452 6260 2546 5615 1918 1808 4307
is_linear=0
shrinkage=0.0363047


Tree=39
num_leaves=8
num_cat=0
split_feature=24 25 2 43 40 3 3
split_gain=29.9704 13.6659 9.14775 8.11279 7.64287 6.52554 4.36886
threshold=4.6618294927524913 10.868944677739531 2.1846978557504877 -0.68660714285714264 1.1449579831932777 1.2903929701735606 0.89978897608706643
decision_type=2 2 2 2 2 2 2
left_child=1 4 -2 -4 5 6 -1
right_child=2 -3 3 -5 -6 -7 -8
leaf_value=0.0067970076468010648 -0.0027969368694085914 -0.0042170308773644945 -0.004524015412330871 -0.015875104336975313 -0.0022151216190943982 -8.4191145855863514e-05 0.0029687319395178499
leaf_weight=459.68256759643555 842.13281741738319 474.13717287778854 175.02572792768478 157.82034289836884 450.72489246726036 834.453742146492 2704.7099878489971
leaf_count=1525 2927 1612 640 603 1540 2814 9011
internal_value=0 0.00164224 -0.00481083 -0.00990618 0.00226659 0.00277174 0.00352485
internal_weight=0 4923.71 1174.98 332.846 4449.57 3998.85 3164.39
internal_count=20672 16502 4170 1243 14890 13350 10536
is_linear=0
shrinkage=0.0363047


Tree=40
num_leaves=19
num_cat=0
split_feature=25 2 24 31 43 43 34 39 42 34 43 1 27 43 25 1 7 27
split_gain=164.735 134.419 39.4304 28.885 24.0696 23.211 13.2918 10.7114 9.88155 9.40617 8.90706 6.81877 6.00147 5.77017 5.71564 5.35339 5.14528 4.66348
threshold=2.4059149037185912 1.6493243243243245 4.6618294927524913 -0.099999999999999686 -1.246951219512195 -0.47619047619047611 -0.6165158371040721 0.88888888888888895 0.36055555555555557 -0.55409356725146175 -1.2714987714987711 0.57321428571428579 0.70245409627102484 -1.0822072072072071 -2.7791495019279648 0.43534002229654406 0.29340028694404596 0.40446053456830539
decision_type=2 2 2 2 2 2 2 2 2 2 2 2 2 2 2 2 2 2
left_child=1 5 4 8 15 9 -7 11 -3 13 -4 -5 -6 -1 -9 -2 -11 -8
right_child=2 3 10 7 12 6 17 14 -10 16 -12 -13 -14 -15 -16 -17 -18 -19
leaf_value=-0.0048345718394520298 -0.020768169907496983 0.012577622421596144 -0.0051550274065609398 0.00082128160255353082 -0.0062688569007018453 0.0084423658106890787 0.0042392663809305269 0.0081761969360394614 0.022814460044046733 -0.003146747119139124 0.0055108444074125481 0.0087103186466468713 -0.013020434853925698 0.0017970166033988079 0.015702893344570965 -0.013980759984323993 -0.0076081226539295886 -0.00057876586717067269
leaf_weight=232.81626689434052 352.58773252367973 206.47444614768028 202.60371813178062 276.24670934677124 564.78026652336121 400.47724094986916 376.92905750870705 256.43116986751556 312.22825238108635 1083.2809289097786 210.32960131764412 302.57365074753761 250.49411132931709 672.34838107228279 276.21916192770004 270.7886737883091 497.05825218558311 890.00083941221237
leaf_count=628 1014 558 552 741 1532 1070 1008 688 856 2919 566 810 691 1799 740 761 1354 2385
internal_value=0 0.00283113 -0.00961114 0.0116655 -0.0124495 -0.000636677 0.00267708 0.00836411 0.0187396 -0.00285972 0.000277686 0.00494521 -0.00834329 9.1314e-05 0.0120794 -0.0178198 -0.00454997 0.000854665
internal_weight=0 5783.08 1851.58 1630.17 1438.65 4152.91 1667.41 1111.47 518.703 2485.5 412.933 578.82 815.274 905.165 532.65 623.376 1580.34 1266.93
internal_count=20672 15556 5116 4393 3998 11163 4463 2979 1414 6700 1118 1551 2223 2427 1428 1775 4273 3393
is_linear=0
shrinkage=0.0363047


Tree=41
num_leaves=15
num_cat=0
split_feature=25 35 28 25 41 1 28 45 1 46 7 1 7 25
split_gain=238.68 89.2399 44.7768 19.1846 19.04 18.4823 18.232 10.1656 9.92051 9.42316 9.01768 8.0562 5.9702 4.63884
threshold=3.0866641228934291 -0.62678571428571406 0.57793522267206487 10.42612171687958 0.15789473684210545 0.59417229729729748 1.7703296703296705 -0.39736842105263154 0.46589147286821714 -0.66260162601625994 0.48749218261413391 0.42020373514431247 0.27386363636363642 1.0000000180025095e-35
decision_type=2 2 2 2 2 2 2 2 2 2 2 2 2 2
left_child=1 5 -2 9 12 7 11 -1 10 -4 -5 -6 -3 -7
right_child=2 4 3 8 6 13 -8 -9 -10 -11 -12 -13 -14 -15
leaf_value=-0.0041432648040526871 -0.00051216821850970796 0.00033163709443384439 0.014618788922945453 0.017830476992474021 -0.0012777229677531936 -0.018481596690597638 0.0073304674857632042 -0.012581179622315529 0.013687176770590684 0.0050082867623497829 0.028647467533081162 -0.0056255705291107863 0.0073709424811664185 -0.010963345029320953
leaf_weight=386.48820933699608 277.86460389196873 265.48609724640846 343.02440792322159 196.53770363330841 1155.8942677080631 470.00308598577976 230.49986928701401 366.77633970975876 208.84948183596134 221.17706227302551 210.24436929821968 1092.7010804265738 395.18188109993935 140.50550881028175
leaf_count=1397 972 894 1040 600 3980 1935 770 1422 639 738 596 3881 1271 537
internal_value=0 -0.0043024 0.0125992 0.0156871 -0.000934274 -0.0120567 -0.00239374 -0.00825182 0.020119 0.0108513 0.0234212 -0.00339055 0.00454223 -0.0167513
internal_weight=0 4503.54 1457.7 1179.83 3139.76 1363.77 2479.1 753.265 615.632 564.201 406.782 2248.6 660.668 610.509
internal_count=20672 16087 4585 3613 10796 5291 8631 2819 1835 1778 1196 7861 2165 2472
is_linear=0
shrinkage=0.0363047


Tree=42
num_leaves=11
num_cat=0
split_feature=2 2 36 42 1 1 42 31 7 40
split_gain=27.1135 9.52541 13.227 9.45899 8.9544 8.88445 6.55293 6.08706 4.68435 4.68351
threshold=2.1846978557504877 1.5058139534883723 -0.035714285714285747 0.14907407407407405 0.40967365967365971 0.28989813242784385 -0.37499999999999983 -0.086335403726708032 0.38956639566395673 0.77032967032967048
decision_type=2 2 2 2 2 2 2 2 2 2
left_child=1 2 5 -3 8 -1 -7 -5 -4 -2
right_child=9 3 4 7 -6 6 -8 -9 -10 -11
leaf_value=0.011439576255848859 -0.0058244506281760703 0.0023203684730293307 -0.001333566265247364 -0.008407466907811835 0.0051193301228377053 -0.0039075194022416809 0.0036306419133988791 -0.0017185042922696397 -0.0079812628457539732 -0.014102511496047004
leaf_weight=181.01914095878601 238.99432833492756 739.66973504424095 827.38383927941322 214.61436021327972 259.21088218688965 164.04205751419067 2069.8151429891586 1090.2060602009296 168.0964507162571 144.5768771469593
leaf_count=603 872 2498 2753 783 861 557 6894 3720 573 558
internal_value=0 0.00102641 0.00213282 -0.000959447 -0.000891062 0.00370393 0.00307708 -0.00281869 -0.00245609 -0.00894464
internal_weight=0 5714.06 3669.57 2044.49 1254.69 2414.88 2233.86 1304.82 995.48 383.571
internal_count=20672 19242 12241 7001 4187 8054 7451 4503 3326 1430
is_linear=0
shrinkage=0.0363047


Tree=43
num_leaves=16
num_cat=0
split_feature=1 45 39 37 37 45 39 3 22 24 39 3 20 14 11
split_gain=141.78 96.9702 47.3369 22.8816 20.6781 15.9165 13.7545 12.1848 12.1538 11.8354 10.2094 8.08648 6.5585 5.54103 4.65562
threshold=0.57321428571428579 -0.76095238095238071 0.13636363636363633 -0.50609756097560954 -0.64194139194139177 0.045454545454545456 0.41176470588235298 1.2874155537780954 0.70000000000000007 -1.1898727763501549 0.89039039039039047 1.3002924187783338 1.9000000000000001 1.7000000000000004 1.2614095773954503
decision_type=2 2 2 2 2 2 2 2 2 2 2 2 2 2 2
left_child=1 6 -2 11 10 8 9 -6 -5 -1 13 -3 -11 -4 -12
right_child=2 3 4 5 7 -7 -8 -9 -10 12 14 -13 -14 -15 -16
leaf_value=-0.016758189005465177 -0.0057341632604104732 0.0031754766546983029 0.0067205787596249953 -0.0082669760381290265 0.00087769437172630787 0.0057041536507746 -0.0045054808982393215 0.012045493508146146 -0.0013342688833941636 -0.0064725154440198303 0.015230037739776615 0.011402255263306895 -0.014187122661627107 0.014596305589746117 0.022628786727329177
leaf_weight=525.58520168066025 243.40807881951332 524.32635933160782 210.39494979381561 376.08762711286545 292.59641763567924 381.9926865696907 347.66282925009727 229.97990784049034 2929.4018361270428 388.79182133078575 235.56499949097633 225.08390334248543 231.86729863286018 267.3726846575737 213.86365431547165
leaf_count=1498 662 1402 566 1013 784 1020 952 616 7881 1072 644 603 650 722 587
internal_value=0 -0.00283057 0.00908058 -0.00013688 0.0115679 -0.00131222 -0.0108308 0.00579252 -0.00212305 -0.0127493 0.0148229 0.00564637 -0.00935456 0.0111281 0.0187508
internal_weight=0 5930.8 1693.18 4436.89 1449.77 3687.48 1493.91 522.576 3305.49 1146.24 927.196 749.41 620.659 477.768 449.429
internal_count=20672 16091 4581 11919 3919 9914 4172 1400 8894 3220 2519 2005 1722 1288 1231
is_linear=0
shrinkage=0.0363047


Tree=44
num_leaves=17
num_cat=0
split_feature=39 29 28 44 36 26 10 10 30 10 34 28 2 29 39 10
split_gain=150.774 84.5854 37.3083 21.3759 18.6483 15.8426 14.714 13.5237 12.7633 11.8933 10.5341 9.66776 8.1233 7.87614 6.7076 4.84878
threshold=0.27027027027027034 0.47722567287784684 1.0121951219512197 -0.45161290322580638 0.071428571428571466 0.74809720234475774 1.0116279069767444 1.3950428396572829 0.96969696969696983 1.10960960960961 -0.78192934782608681 0.23076923076923073 1.6183473389355745 0.89039039039039047 0.86425061425061445 1.5138996138996141
decision_type=2 2 2 2 2 2 2 2 2 2 2 2 2 2 2 2
left_child=2 5 9 7 13 11 -4 8 -3 -1 -11 -2 -9 -5 -13 -7
right_child=1 3 6 4 -6 15 -8 12 -10 10 -12 14 -14 -15 -16 -17
leaf_value=0.010793493515262008 -0.015322206073364503 0.0033485576546317852 0.024990633953505044 -0.0072518428073474819 0.0053635666095748959 -0.013170638460009343 0.012975742594040449 0.0017369530126727891 0.01427070363751775 -0.0047417988504079526 0.0060596864138116749 -0.0042300634498375041 -0.0067016237131180389 -0.0017748475242284651 -0.011731026473480996 -0.02151631775993891
leaf_weight=310.88335251808167 219.86188946664333 440.36246576905251 209.04782453179359 770.42694717645645 287.2861992418766 175.25127133727074 375.9396924674511 728.60715883970261 207.44971045851707 198.4462553113699 297.26452526450157 491.55856119096279 189.45107755064964 628.27195812761784 230.95750615000725 192.59058193862438
leaf_count=980 875 1455 592 2786 966 703 1132 2446 655 684 968 1815 669 2207 924 815
internal_value=0 -0.00336245 0.0102891 -0.000224569 -0.00306125 -0.0111504 0.0172693 0.00282971 0.00684617 0.00522674 0.00173556 -0.00865625 -4.43701e-06 -0.00479167 -0.0066278 -0.0175402
internal_weight=0 4562.08 1391.58 3251.86 1685.99 1310.22 584.988 1565.87 647.812 806.594 495.711 942.378 918.058 1398.7 722.516 367.842
internal_count=20672 16316 4356 11184 5959 5132 1724 5225 2110 2632 1652 3614 3115 4993 2739 1518
is_linear=0
shrinkage=0.0363047


Tree=45
num_leaves=11
num_cat=0
split_feature=24 48 31 28 9 39 46 6 9 9
split_gain=25.8904 11.5149 11.6893 9.04664 7.11868 6.94868 5.59566 6.93201 4.91144 4.78936
threshold=4.6618294927524913 27.250000000000004 0.64400921658986199 0.85714285714285743 1.3178646514816303 0.89039039039039047 -0.19292803970223324 0.37668918918918926 1.0496222987951549 0.96618979381207726
decision_type=2 2 2 2 2 2 2 2 2 2
left_child=1 4 8 5 6 -2 7 -1 9 -3
right_child=3 2 -4 -5 -6 -7 -8 -9 -10 -11
leaf_value=0.0036975910667872828 -0.0037849601884859473 0.0011112289549613404 -0.0051927334580094834 0.00073722062700530978 -0.0022323796290206477 -0.010521034704967231 0.0012477186300650742 0.010035967530565572 -0.0017624625941368816 0.0075153208900867073
leaf_weight=1591.1736882030964 513.101986348629 509.05179861187935 552.42903572320938 319.32308995723724 327.20785945653915 332.73467074334621 1011.8747006803751 265.34528946876526 453.80210813879967 220.62701055407524
leaf_count=5292 1816 1703 1855 1096 1107 1258 3415 873 1521 736
internal_value=0 0.00154799 -0.000832226 -0.00446923 0.00284096 -0.00643479 0.0034197 0.00460351 0.00120319 0.00304758
internal_weight=0 4931.51 1735.91 1165.16 3195.6 845.837 2868.39 1856.52 1183.48 729.679
internal_count=20672 16502 5815 4170 10687 3074 9580 6165 3960 2439
is_linear=0
shrinkage=0.0363047


Tree=46
num_leaves=18
num_cat=0
split_feature=25 2 29 37 44 44 2 22 29 9 11 24 10 24 26 29 25
split_gain=146.396 116.939 41.5216 26.7669 16.5095 16.4937 13.7464 11.5124 10.5939 10.1803 8.94305 8.70932 7.95892 7.92869 7.10956 6.75244 5.80718
threshold=2.4059149037185912 1.6493243243243245 0.12500000000000014 -0.67083333333333317 -0.37499999999999989 -0.85912698412698396 1.3580586080586083 1.1000000000000003 0.80000000000000027 0.87679459896190604 0.9373214115613856 1.0420863968922003 1.5732142857142859 0.83435062241000346 0.56179138923078342 0.47058823529411764 10.000676291716578
decision_type=2 2 2 2 2 2 2 2 2 2 2 2 2 2 2 2 2
left_child=1 4 -2 12 10 8 7 -6 11 -8 -1 -4 -3 -5 -7 -12 -10
right_child=2 3 5 13 6 14 9 -9 16 -11 15 -13 -14 -15 -16 -17 -18
leaf_value=-0.0090899855709322755 0.0047301234117731817 0.011655286698951158 -0.015011387568580302 0.0017794484404649222 -0.0069984509431666809 -0.0094099085937892485 0.011351965707881643 0.0015173549400818666 -0.012887727475527135 0.0025817470908662868 0.0022049616335038055 -0.0045984341283165503 0.01869325836995744 0.0092056428098884358 -0.0011310136828770524 -0.0029328360012613837 -0.020359641888255599
leaf_weight=252.79509407281876 247.59215837717056 401.65493229031563 210.35579612851143 330.69260048866272 279.32284700870514 388.14672860503197 271.41513621807098 833.92139998078346 229.48657009005547 488.29278430342674 427.44789877533913 213.13236519694328 447.99314472079277 443.80177122354507 211.05940234661102 1596.1597523093224 340.53500026464462
leaf_count=685 665 1091 592 886 749 1056 726 2234 652 1307 1145 586 1228 1188 569 4317 996
internal_value=0 0.0026579 -0.00910094 0.0109164 -0.000574644 -0.011251 0.00195001 -0.000619336 -0.0141202 0.00571502 -0.00265185 -0.00977077 0.0153662 0.00603482 -0.00649382 -0.00184758 -0.0173515
internal_weight=0 5773.5 1840.31 1624.14 4149.35 1592.72 1872.95 1113.24 993.51 759.708 2276.4 423.488 849.648 774.494 599.206 2023.61 570.022
internal_count=20672 15556 5116 4393 11163 4451 5016 2983 2826 2033 6147 1178 2319 2074 1625 5462 1648
is_linear=0
shrinkage=0.0363047


Tree=47
num_leaves=18
num_cat=0
split_feature=40 31 4 10 29 10 26 28 4 41 29 3 4 41 30 42 3
split_gain=152.323 85.5529 26.2451 24.24 27.4398 22.4335 16.5933 13.1979 12.5556 11.3952 9.40055 7.00205 6.70563 6.24671 5.91555 4.27668 4.23394
threshold=0.066666666666666721 0.25000000000000017 1.1062030075187972 1.4328828828828832 1.0350985221674878 1.4023809523809525 0.74809720234475774 1.7703296703296705 1.1183473389355745 0.86666666666666692 0.10435571687840281 1.1835965955091721 0.85540069686411158 0.66666666666666696 0.93649193548387111 0.59175084175084203 1.2631878639112808
decision_type=2 2 2 2 2 2 2 2 2 2 2 2 2 2 2 2 2
left_child=3 6 9 4 8 14 10 -7 11 12 16 -1 -3 -12 -4 -8 -2
right_child=1 2 5 -5 -6 7 15 -9 -10 -11 13 -13 -14 -15 -16 -17 -18
leaf_value=0.010579247590011357 -0.0091839909371715465 -0.0065043361198675806 0.0062132274138376178 -0.00085577971325154483 0.022941214306680141 -0.0010009126327553313 -0.014013766590118134 0.0094469524483083902 0.016509665159501384 -0.010469461994994371 -0.0041263698216182209 0.0022641026308925206 -0.00026521480822756018 -0.011315022663412066 0.014107498860360008 -0.022072144676906241 -0.017723368787929527
leaf_weight=278.51050511002541 153.02534103393555 311.28707130253315 294.34894505143166 190.1889886111021 281.23116198182106 1070.6829836815596 260.48102416098118 187.2254458963871 245.61703914403915 252.58067607879639 609.55106535553932 256.32440282404423 839.01584616303444 215.70581822097301 217.60232901573181 130.1880587041378 153.08513118326664
leaf_count=877 600 1083 978 623 801 3685 1062 617 737 925 2247 818 2868 868 687 568 628
internal_value=0 -0.00317251 0.000221925 0.0110801 0.0132183 0.00316168 -0.0102484 0.000554134 0.00971467 -0.00348683 -0.00802084 0.00659414 -0.0019536 -0.00600534 0.00956865 -0.0166992 -0.0134545
internal_weight=0 4694.78 3172.74 1251.87 1061.68 1769.86 1522.04 1257.91 780.452 1402.88 1131.37 534.835 1150.3 825.257 511.951 390.669 306.11
internal_count=20672 16816 10843 3856 3233 5967 5973 4302 2432 4876 4343 1695 3951 3115 1665 1630 1228
is_linear=0
shrinkage=0.0363047


Tree=48
num_leaves=10
num_cat=0
split_feature=24 48 32 28 9 46 9 27 46
split_gain=23.9066 10.9263 12.811 8.5105 6.7767 6.38663 8.71549 6.02869 5.20875
threshold=4.6618294927524913 27.250000000000004 0.77913279132791347 0.85714285714285743 1.3178646514816303 0.039999999999999959 1.0496222987951549 0.51573099098139652 -0.19292803970223324
decision_type=2 2 2 2 2 2 2 2 2
left_child=1 4 5 7 8 6 -3 -2 -1
right_child=3 2 -4 -5 -6 -7 -8 -9 -10
leaf_value=0.0044622018171886525 -0.0093975314065904269 0.0037977784059242264 -0.0086431195598944861 0.00075595440856704357 -0.0021940385790499895 -0.0062907271091109888 -0.0021403234147241539 -0.0032454092453660941 0.0012262212228622584
leaf_weight=1860.8866053521633 404.80702778697014 762.79826128482819 237.99891683459282 319.18974268436432 326.94565182924271 165.97583812475204 568.63244542479515 436.12737500667572 1012.2379807382822
leaf_count=6165 1515 2531 804 1096 1107 574 1906 1559 3415
internal_value=0 0.00150062 -0.00081899 -0.00429118 0.00275855 0.000424583 0.00126171 -0.0062069 0.00332213
internal_weight=0 4935.48 1735.41 1160.12 3200.07 1497.41 1331.43 840.934 2873.12
internal_count=20672 16502 5815 4170 10687 5011 4437 3074 9580
is_linear=0
shrinkage=0.0363047


Tree=49
num_leaves=19
num_cat=0
split_feature=25 2 24 37 43 43 35 26 7 24 43 47 22 26 2 37 9 25
split_gain=137.331 109.121 33.2274 26.5176 20.5647 20.3959 11.8394 8.33212 7.7161 7.3833 7.39987 6.90515 6.35393 6.40856 6.21806 5.36778 4.60356 4.403
threshold=2.4059149037185912 1.6324561403508773 4.6618294927524913 -0.67083333333333317 -0.47619047619047611 -1.246951219512195 -0.49390243902439013 0.42218983490289547 0.42206477732793529 -0.42380895487484521 -0.68090909090909069 -0.37884436160298224 1.7000000000000004 0.5863751026344205 1.3858560794044668 -1.0519568151147098 0.7869433812558152 8.8790433183286925
decision_type=2 2 2 2 2 2 2 2 2 2 2 2 2 2 2 2 2 2
left_child=1 4 5 11 12 17 14 -7 -4 -5 -11 -3 13 -1 -6 -13 -8 -2
right_child=2 3 8 9 6 7 16 -9 -10 10 -12 15 -14 -15 -16 -17 -18 -19
leaf_value=-0.0047383706610169074 -0.012323215129179025 0.0099265516283820326 0.0051861046566838466 -9.2667516110047019e-05 0.0032162505138025616 -0.013966454732242981 0.0053236889844790409 -0.0055325935882962396 -0.0047552511078941167 0.0026723256794532143 0.01092501370965753 0.020819754895001819 0.0014642947334537987 -5.9845122967689363e-05 0.011792794327777283 0.013888656952065374 -0.00045335330966307229 -0.01875884459363086
leaf_weight=1532.5298665463924 217.39402264356613 265.60318672657013 207.12526077032089 215.55928128957748 220.16261351108551 207.47145003080368 223.54664841294289 603.49423748254776 204.50803408026695 233.47525027394295 370.38844692707062 264.70484441518784 395.81687724590302 515.76627236604691 225.57661753892899 331.95954766869545 973.69541254639626 394.17996242642403
leaf_count=4148 617 719 559 578 588 574 598 1649 559 626 991 741 1066 1387 604 901 2609 1158
internal_value=0 0.0025677 -0.00883679 0.0103518 -0.000635177 -0.0114653 0.00250578 -0.00769025 0.000247031 0.00567527 0.00773423 0.014796 -0.00274659 -0.00356031 0.00755661 0.0169636 0.000625324 -0.0164712
internal_weight=0 5768.78 1834.17 1681.69 4087.09 1422.54 1642.98 810.966 411.633 819.423 603.864 862.268 2444.11 2048.3 445.739 596.664 1197.24 611.574
internal_count=20672 15556 5116 4556 11000 3998 4399 2223 1118 2195 1617 2361 6601 5535 1192 1642 3207 1775
is_linear=0
shrinkage=0.0363047


Tree=50
num_leaves=17
num_cat=0
split_feature=25 35 28 38 1 24 25 47 28 39 28 48 47 35 24 24
split_gain=200.583 75.9975 36.8454 17.1729 16.5627 12.8344 12.6015 12.3456 9.72897 8.72209 10.0496 8.03178 7.63623 5.69025 5.51549 5.47626
threshold=3.0866641228934291 -0.62678571428571406 0.57793522267206487 0.5555555555555558 0.59417229729729748 -0.26115250916743776 10.42612171687958 -0.40582770270270269 1.2204861111111114 0.22361111111111107 1.7703296703296705 20.750000000000004 0.035714285714285761 -0.33333333333333331 -0.88300857600410021 5.0086574894983915
decision_type=2 2 2 2 2 2 2 2 2 2 2 2 2 2 2 2
left_child=1 4 -2 8 12 9 -5 11 -4 -3 -11 -7 14 -9 -1 -6
right_child=2 5 3 6 15 7 -8 13 -10 10 -12 -13 -14 -15 -16 -17
leaf_value=0.00023381696649701079 -0.00048723017587135042 0.0083001520892714165 0.014287642521850443 0.0044494524639841432 -0.010826980372097828 -0.00370625133523594 0.015757362813814513 -0.0095348869389624662 0.023149708651397167 -0.0009564177843762613 0.0072669891181551677 0.007455699404401675 -0.015139065729544978 -0.0034226973990861553 -0.0078599058301383456 -0.018289703248853855
leaf_weight=147.50377243757248 277.29597760736942 186.86076539754868 382.10448053479195 301.6047391295433 193.01225426793098 172.01740321516991 228.15022394061089 397.35916396975517 285.10315969586372 1583.2396302521229 223.52529627084732 167.90654972195625 145.26077584922314 405.74384945631027 448.07128155231476 394.50332680344582
leaf_count=539 972 589 1127 981 762 571 705 1459 800 5462 735 554 586 1426 1694 1710
internal_value=0 -0.00400752 0.0114372 0.0141996 -0.0112858 -0.000925223 0.00931944 -0.0039922 0.0180745 0.000833201 6.09473e-05 0.00180723 -0.00767568 -0.00644689 -0.00585536 -0.015838
internal_weight=0 4465 1474.26 1196.96 1328.35 3136.65 529.755 1143.03 667.208 1993.63 1806.76 339.924 740.836 803.103 595.575 587.516
internal_count=20672 16087 4585 3613 5291 10796 1686 4010 1927 6786 6197 1125 2819 2885 2233 2472
is_linear=0
shrinkage=0.0363047


Tree=51
num_leaves=8
num_cat=0
split_feature=1 9 22 1 36 27 39
split_gain=17.9754 7.6399 9.39745 10.26 8.27053 5.79124 4.73688
threshold=0.71611721611721624 1.0854000256752456 1.1000000000000003 0.56949806949806958 0.077935222672064861 0.50475266021650766 0.90909090909090917
decision_type=2 2 2 2 2 2 2
left_child=1 2 -1 6 -3 -2 -4
right_child=5 4 3 -5 -6 -7 -8
leaf_value=0.0041358242854547872 -0.013073298804947588 -3.5227346059783233e-05 0.0033305388374460349 -0.0051518003607837325 -0.0070126497738233059 -0.0032533985410013186 -0.00035723657131540051
leaf_weight=1450.954942420125 153.80374501645565 1866.8798447698355 916.6224764585495 368.83717165887356 254.42284590005875 163.09258703887463 919.70947059988976
leaf_count=4839 604 6309 3033 1309 857 605 3116
internal_value=0 0.000861122 0.00186673 0.000373721 -0.000872079 -0.00801943 0.00148355
internal_weight=0 5777.43 3656.12 2205.17 2121.3 316.896 1836.33
internal_count=20672 19463 12297 7458 7166 1209 6149
is_linear=0
shrinkage=0.0363047


Tree=52
num_leaves=15
num_cat=0
split_feature=25 36 29 3 7 10 38 31 41 10 31 7 3 19
split_gain=127.131 84.0133 37.0759 24.3476 17.4844 13.4904 11.9014 8.91936 8.78131 7.50336 7.31151 5.88646 5.29204 4.95414
threshold=2.4059149037185912 -0.47619047619047611 0.12500000000000014 1.3047486105610944 0.36754385964912284 1.3086080586080588 0.46770833333333345 -0.086335403726708032 0.418010752688172 1.1266025641025643 -0.099999999999999686 0.16172624237140368 1.1783939420812075 0.3000000000000001
decision_type=2 2 2 2 2 2 2 2 2 2 2 2 2 2
left_child=1 3 -2 5 13 -1 -3 -7 -5 -6 -10 -8 -11 -4
right_child=2 6 4 8 9 7 11 -9 10 12 -12 -13 -14 -15
leaf_value=-0.0020414799639877869 0.004542504025332233 -0.0065849436860547454 -0.0012116609181587834 0.0074023594952172698 -0.016596810448718306 0.013416289278813274 0.0025012812513476564 0.005032997468561784 0.019921651129025074 -0.013793705253443232 0.011862498778602744 -0.0010977588363107315 -0.0057791388009402443 -0.0081045306685022037
leaf_weight=290.40013161301613 247.37084627151489 434.98029044270515 204.98888501524925 290.84931284189224 520.3060958981514 214.22295692563057 804.46178555488586 763.27181360125542 245.2916476726532 238.70119896531105 375.51684349775314 2344.8951887786388 199.21829226613045 417.03263446688652
leaf_count=780 665 1189 555 786 1515 584 2155 2046 689 680 1014 6313 559 1142
internal_value=0 0.00246199 -0.00852687 0.00808282 -0.0105727 0.00482909 -0.000955899 0.00687024 0.012608 -0.0136495 0.0150468 -0.000178431 -0.0101477 -0.00583297
internal_weight=0 5763.89 1827.62 2179.55 1580.25 1267.89 3584.34 977.495 911.658 958.226 620.808 3149.36 437.919 622.022
internal_count=20672 15556 5116 5899 4451 3410 9657 2630 2489 2754 1703 8468 1239 1697
is_linear=0
shrinkage=0.0363047


Tree=53
num_leaves=17
num_cat=0
split_feature=8 37 28 8 39 2 38 4 39 43 36 4 4 2 8 29
split_gain=140.082 59.9301 45.2725 26.8276 18.6544 16.2629 15.7916 15.6019 13.251 11.0103 9.94159 8.58423 8.35709 7.41115 7.10671 7.07409
threshold=1.2022727272727274 -0.32916666666666666 0.72456896551724148 1.8355855855855858 0.16441441441441437 2.0116279069767447 0.56330128205128216 0.95293466223698797 0.27586206896551729 -0.45454545454545447 0.22222222222222229 1.3086080586080588 1.1392118863049097 1.8024390243902442 0.89564428312159727 0.094494047619047464
decision_type=2 2 2 2 2 2 2 2 2 2 2 2 2 2 2 2
left_child=1 5 4 6 -2 9 12 14 -9 15 -10 -8 -4 -6 -3 -1
right_child=2 7 3 -5 13 -7 11 8 10 -11 -12 -13 -14 -15 -16 -17
leaf_value=-0.011751827688742621 0.006599688138219522 -0.010633141338092284 0.0090744724048148883 0.023054972308404854 -0.0013792022033940971 -0.016763129039944404 0.0026117959815694903 0.010299537987802289 -0.000896362602828901 -0.012104394203004009 0.0078339853346211623 0.010993218786353391 0.018346441446956817 -0.012516467757308603 -0.0022534482178083052 -0.0034872523440236782
leaf_weight=171.42873072624207 233.72025635838509 226.81882171332836 247.10528117418289 210.71180590987206 157.79778093099594 321.9917525947094 463.53894825279713 191.96919971704483 1374.8038266301155 470.70755837857723 196.48770433664322 246.82302407920361 266.10212445259094 157.2062790542841 323.86143797636032 670.1101840287447
leaf_count=674 753 804 727 592 563 1404 1536 611 4754 1872 642 787 767 625 1114 2447
internal_value=0 -0.00412953 0.00769718 0.0110901 -0.00117148 -0.0094519 0.00902967 -0.000370558 0.00129541 -0.00765792 0.000195355 0.00552401 0.0138821 -0.00693738 -0.00570495 -0.00517082
internal_weight=0 3948.18 1983.01 1434.28 548.724 1634.24 1223.57 2313.94 1763.26 1312.25 1571.29 710.362 513.207 315.004 550.68 841.539
internal_count=20672 14322 6350 4409 1941 6397 3817 7925 6007 4993 5396 2323 1494 1188 1918 3121
is_linear=0
shrinkage=0.0363047


Tree=54
num_leaves=10
num_cat=0
split_feature=1 48 31 14 45 45 1 45 45
split_gain=16.8325 10.3291 8.04915 7.2923 8.66762 7.32676 5.28188 5.27166 5.87694
threshold=0.71611721611721624 27.250000000000004 0.64400921658986199 1.7000000000000004 -1.3969696969696968 -0.59729729729729708 0.48610038610038614 -1.0000000180025095e-35 -0.16666666666666663
decision_type=2 2 2 2 2 2 2 2 2
left_child=1 3 7 4 -1 -5 -7 8 -3
right_child=-2 2 -4 5 -6 6 -8 -9 -10
leaf_value=-0.0048144628760549753 -0.0077767744322944947 -3.5574168628764545e-05 -0.0049632667023144931 0.0029986132084525927 0.0031910067535136145 0.00033876943984165127 -0.0082768531588210091 -0.0050000571226428555 0.0066731017705146172
leaf_weight=189.85325729846954 314.68508578836918 1017.6736170351505 558.42824572324753 279.164919257164 2919.072373136878 159.77475088834763 227.08339217305183 220.39961378276348 207.14078983664513
leaf_count=652 1209 3412 1883 948 9748 538 815 768 699
internal_value=0 0.000845339 -0.00126149 0.00196359 0.00270214 -0.00148388 -0.00471855 0.000168873 0.001099
internal_weight=0 5778.59 2003.64 3774.95 3108.93 666.023 386.858 1445.21 1224.81
internal_count=20672 19463 6762 12701 10400 2301 1353 4879 4111
is_linear=0
shrinkage=0.0363047


Tree=55
num_leaves=17
num_cat=0
split_feature=25 2 30 35 46 10 2 46 39 2 46 8 35 25 8 2
split_gain=118.812 96.4909 28.2816 21.3837 14.9297 13.9138 11.7548 10.8106 10.2259 6.74262 6.61637 5.90191 5.67 5.39847 5.04118 4.3382
threshold=2.4059149037185912 1.6324561403508773 0.30000000000000016 -0.63762626262626243 -0.44444444444444448 1.1570723684210529 1.3580586080586083 -0.41666666666666657 0.89039039039039047 1.5395010395010398 0.072299651567944212 1.0960061443932414 -0.5617378048780487 0.32329648602410166 1.6849624060150379 2.0615530303030307
decision_type=2 2 2 2 2 2 2 2 2 2 2 2 2 2 2 2
left_child=1 4 5 8 12 -2 11 9 -3 14 -8 -6 -1 -14 -4 -10
right_child=2 3 7 -5 6 -7 10 -9 15 -11 -12 -13 13 -15 -16 -17
leaf_value=-3.5694387279117515e-05 -0.0082980761530627029 0.0090872737500953277 -0.012851882975406369 0.0040028430978192907 -3.8021073222648716e-05 0.0036026383115457541 0.0022741375876762539 -0.0044040608318155145 0.013111759505277596 -0.0081232863423051742 0.0092340370364040712 -0.0053084587158148365 -0.0034187241244699887 -0.009370689209266838 -0.019610547082278478 0.019492505216514813
leaf_weight=338.25287926197052 218.89408752322197 539.87931936979294 547.75206729769707 570.2749015390873 1367.9598081409931 317.02221584320068 933.9348481297493 249.65883237123489 302.35181617736816 290.05936598777771 223.01760590076447 352.13064509630203 554.24741327762604 315.00603061914444 198.05078822374344 262.25844022631645
leaf_count=909 596 1463 1566 1528 3670 854 2503 677 824 825 597 948 1506 867 598 741
internal_value=0 0.00237328 -0.00826466 0.00971193 -0.000635749 -0.00125819 0.000786212 -0.0111856 0.0126597 -0.01282 0.00361575 -0.00111697 -0.00402376 -0.00557564 -0.0146467 0.0160756
internal_weight=0 5759.31 1821.44 1674.76 4084.55 535.916 2877.04 1285.52 1104.49 1035.86 1156.95 1720.09 1207.51 869.253 745.803 564.61
internal_count=20672 15556 5116 4556 11000 1450 7718 3666 3028 2989 3100 4618 3282 2373 2164 1565
is_linear=0
shrinkage=0.0363047


Tree=56
num_leaves=17
num_cat=0
split_feature=7 4 28 47 36 26 47 7 39 39 44 15 7 4 26 17
split_gain=128.007 57.9485 40.3472 20.9457 19.6546 17.3632 16.6086 13.3084 11.3495 9.92994 9.46644 8.13354 8.0495 7.45417 6.18276 4.22299
threshold=0.33712121212121215 0.94665718349928885 0.66666666666666696 -0.92307692307692302 -0.46547619047619043 0.74809720234475774 -0.42857142857142849 0.21525096525096529 0.27027027027027034 0.88888888888888895 -0.52859477124182985 0.94721359549995998 0.56125000000000014 1.1266025641025643 0.47093084566169491 0.8366600265340739
decision_type=2 2 2 2 2 2 2 2 2 2 2 2 2 2 2 2
left_child=1 5 8 12 6 9 -3 15 -2 -1 -9 14 -4 -8 -5 -6
right_child=2 4 3 11 7 -7 13 10 -10 -11 -12 -13 -14 -15 -16 -17
leaf_value=-0.0051477270746553613 0.0035325798702091353 0.0031481921453812866 0.013348527018952281 0.015840902859003053 -0.0070719654996583203 -0.017585041504815269 -0.013087915204864383 0.0072645285034939246 -0.0085045697384982903 -0.012419952583950213 0.00065571052291043012 0.0032447606567823188 0.022267748577394438 -0.0042256373545536694 0.0062880666127141053 -0.00080247011992194727
leaf_weight=756.29239524900913 260.67946557700634 197.48521034419537 338.00833022594452 182.7531062066555 171.14363907277584 283.2404570132494 289.12443295121193 554.918790102005 170.94444347918034 367.84882090985775 588.76490449905396 326.22365011274815 220.27799028158188 220.49248731136322 174.62576618790627 820.47891706228256
leaf_count=2744 851 719 966 554 602 1221 1172 1804 644 1449 2027 1033 607 863 552 2864
internal_value=0 -0.00352679 0.00832717 0.0116504 -0.000543724 -0.00955153 -0.00578988 0.00119353 -0.00123473 -0.00752739 0.00386233 0.0073896 0.0168677 -0.00925353 0.0111731 -0.00188452
internal_weight=0 4249.79 1673.51 1241.89 2842.41 1407.38 707.102 2135.31 431.624 1124.14 1143.68 683.603 558.286 509.617 357.379 991.623
internal_count=20672 15465 5207 3712 10051 5414 2754 7297 1495 4193 3831 2139 1573 2035 1106 3466
is_linear=0
shrinkage=0.0363047


Tree=57
num_leaves=9
num_cat=0
split_feature=24 25 22 31 23 45 27 3
split_gain=20.0036 11.6927 7.92451 5.63617 5.46332 7.06198 5.25512 4.99899
threshold=4.6618294927524913 10.868944677739531 1.1000000000000003 -0.25760368663594457 1.0000000000000016 -0.67928571428571405 0.51573099098139652 1.2975793313752042
decision_type=2 2 2 2 2 2 2 2
left_child=1 2 4 6 5 -1 -2 -4
right_child=3 -3 7 -5 -6 -7 -8 -9
leaf_value=0.0016270473415796011 -0.013054482579875333 -0.0040306454248404244 0.0015061646410318469 -0.0024175557997508329 -0.000421020664500185 0.006759127753907598 -0.0033742394364517344 -0.0024179218289228882
leaf_weight=578.54181626439095 148.43085178732872 472.0321036875248 2121.3430227339268 853.38663518428802 327.0196185708046 908.1213082075119 147.23681198060513 536.00529360771179
leaf_count=1914 600 1612 7068 3014 1083 3002 556 1823
internal_value=0 0.00140363 0.00197735 -0.00391418 0.00382743 0.00476195 -0.00823391 0.00071465
internal_weight=0 4943.06 4471.03 1149.05 1813.68 1486.66 295.668 2657.35
internal_count=20672 16502 14890 4170 5999 4916 1156 8891
is_linear=0
shrinkage=0.0363047


Tree=58
num_leaves=18
num_cat=0
split_feature=42 24 30 7 34 4 9 43 3 34 24 3 43 7 38 43 24
split_gain=99.8223 74.7979 29.0603 18.4485 17.5923 17.1811 10.4247 10.237 10.1552 8.77824 7.09719 6.72804 6.59271 6.52104 5.36424 5.26682 5.766
threshold=0.10128205128205121 4.0737309801060304 0.043478260869565001 0.37668918918918926 -0.55409356725146175 1.10960960960961 0.89609552935166503 -0.85912698412698385 1.0442091557484086 -0.79743589743589716 0.9325671984133207 1.3310267778760247 -0.59175084175084158 0.33712121212121215 0.59175084175084181 -1.3288288288288286 -1.1645427896147298
decision_type=2 2 2 2 2 2 2 2 2 2 2 2 2 2 2 2 2
left_child=2 4 -1 10 7 9 8 -2 -6 12 14 -9 -3 -8 -4 16 -5
right_child=1 5 3 15 6 -7 13 11 -10 -11 -12 -13 -14 -15 -16 -17 -18
leaf_value=0.0027024836451594349 -0.0027909000862953856 0.011099363149382526 -0.0093525362410036231 -0.017962023128813377 -0.0031328373493293882 0.0017296285387734985 -0.0021980998112127799 0.003515765046492772 0.0051213850546864143 0.0067940758715286827 -0.00032079957944910082 0.01001054617740885 0.018338190782970467 -0.0090570152920403171 -0.0031534060108220703 -0.0086222218348579373 -0.010435166678289347
leaf_weight=393.77171394228935 275.19479897618294 287.97941827774048 442.1970816552639 267.03587833046913 320.09002810716629 210.78880205750465 1551.5529304146767 942.04123854637146 508.619981944561 211.28543472290039 319.45404332876205 270.61638751626015 390.94071078300476 207.08157441020012 315.06902685761452 386.46798038482666 269.55463513731956
leaf_count=1061 741 792 1218 812 860 569 4176 2523 1364 566 866 727 1095 569 859 1092 782
internal_value=0 0.00265342 -0.00631242 -0.00808752 0.000385015 0.0110497 -0.00142384 0.00353057 0.00193318 0.0132565 -0.00485891 0.00496514 0.0152677 -0.00300575 -0.00677332 -0.0118536 -0.0141809
internal_weight=0 5176.19 2393.55 1999.78 4075.2 1100.99 2587.34 1487.85 828.71 890.206 1076.72 1212.66 678.92 1758.63 757.266 923.058 536.591
internal_count=20672 13982 6690 5629 10960 3022 6969 3991 2224 2453 2943 3250 1887 4745 2077 2686 1594
is_linear=0
shrinkage=0.0363047


Tree=59
num_leaves=16
num_cat=0
split_feature=7 1 28 7 37 37 43 7 38 9 2 43 42 9 9
split_gain=118.968 57.933 37.475 18.552 16.9207 13.9054 14.5658 12.6529 10.2195 9.02157 8.85723 7.07101 6.70777 6.23727 4.64094
threshold=0.33712121212121215 0.48749218261413391 0.66666666666666696 0.54692082111436957 -0.57321428571428557 0.19999999999999998 -0.41101055806938142 0.16869918699186995 0.20256410256410259 1.0966677960536149 1.5395010395010398 -0.95180023228803712 0.14087301587301593 0.8480679331393336 0.96780000707036595
decision_type=2 2 2 2 2 2 2 2 2 2 2 2 2 2 2
left_child=1 5 8 9 11 6 12 -6 -2 -4 -11 -3 -1 -8 -9
right_child=2 4 3 -5 7 -7 13 14 -10 10 -12 -13 -14 -15 -16
leaf_value=0.0043348375735088717 0.005791046560675292 -0.0058637002584792505 0.003637469745260405 0.019497035463998422 -0.012624895319631057 0.0061264258022108069 -0.01008160942508628 -0.0065399234752332178 -0.0056763526397582073 0.013793148925362786 0.0044774137961862484 -0.014696366572710845 -0.00085478749562689985 -0.0030919010087235468 -2.9346112066994934e-06
leaf_weight=493.81321063637733 167.42729717493057 149.49647635221481 303.27965615689754 275.96650412678719 229.44317442178726 394.94499871134758 241.26913185417652 237.29179486632347 263.85111370682716 481.06245768070221 186.73966963589191 594.58507013320923 979.23314200341702 556.1309339851141 360.78975497186184
leaf_count=1627 534 588 953 763 868 1286 893 860 961 1423 573 2603 3448 2014 1278
internal_value=0 -0.00342063 0.00800026 0.0111906 -0.0089491 -0.000160846 -0.00125452 -0.00537703 -0.00122457 0.00883 0.0111882 -0.0129218 0.000884944 -0.00520678 -0.00259652
internal_weight=0 4237 1678.33 1247.05 1571.61 2665.39 2270.45 827.525 431.278 971.082 667.802 744.082 1473.05 797.4 598.082
internal_count=20672 15465 5207 3712 6197 9268 7982 3006 1495 2949 1996 3191 5075 2907 2138
is_linear=0
shrinkage=0.0363047


Tree=60
num_leaves=8
num_cat=0
split_feature=35 10 5 10 41 5 2
split_gain=12.352 20.5089 14.8304 5.4401 5.16274 8.52331 5.16706
threshold=-0.93218390804597695 1.5375234521575989 0.7203229884856498 1.8116554054054055 -0.1428571428571426 0.99964431796847564 1.8588039867109638
decision_type=2 2 2 2 2 2 2
left_child=1 -1 -2 -3 5 -4 -6
right_child=2 3 4 -5 6 -7 -8
leaf_value=0.0012188327000551772 0.010787873026868976 -0.0063343778598511794 0.0034928686480698965 -0.015029344716662263 0.0015280261020830595 -0.0061139594286471069 -0.0028624352933040108
leaf_weight=553.2257823497057 201.65842056274414 260.78390449285507 190.37993580102921 149.04609502851963 4073.9275848269463 337.53207165002823 386.85402475297451
leaf_count=1975 667 979 641 573 13537 1155 1353
internal_value=0 -0.00334111 0.00113567 -0.00949654 0.000745493 -0.00264947 0.00114727
internal_weight=0 963.056 5190.35 409.83 4988.69 527.912 4460.78
internal_count=20880 3527 17353 1552 16686 1796 14890
is_linear=0
shrinkage=0.0363047


Tree=61
num_leaves=13
num_cat=0
split_feature=8 37 14 43 29 43 26 8 37 19 39 26
split_gain=100.631 76.2556 19.0827 17.8882 14.6219 13.3003 11.0927 15.1452 10.4297 6.93905 6.59773 6.29918
threshold=1.50609756097561 -0.54692082111436935 2.3000000000000003 -0.47140522875816987 0.47058823529411764 -0.98780487804878037 0.61853718423643522 0.75304878048780499 0.13513513513513517 0.70000000000000007 0.86425061425061445 0.39109875384104875
decision_type=2 2 2 2 2 2 2 2 2 2 2 2
left_child=1 2 5 6 -2 -1 7 -3 11 -6 -7 -5
right_child=4 3 -4 8 9 10 -8 -9 -10 -11 -12 -13
leaf_value=0.00030200852755091006 -0.0046632010556638074 0.0057907035448362867 0.01571229126632586 -0.0030937330044993588 -0.012311290855351546 0.0046738462034970202 0.0018903752303782103 -0.0046808522691424324 -0.0052099781428591617 -0.020514191604525677 0.010156424782393262 0.0037062927610685579
leaf_weight=430.36564943194389 245.63472861051559 197.18287038803101 301.81438428163528 207.57210779190063 387.80753046274185 513.73657348752022 530.31147503852844 2371.3253244757652 249.78915601968765 209.26918083429337 662.2190192937851 1330.0895031392574
leaf_count=1165 670 531 840 556 1125 1386 1433 6490 672 635 1817 3560
internal_value=0 0.00118181 0.00733652 -0.00122166 -0.012119 0.00576278 -0.00288997 -0.00387696 0.00167061 -0.0151863 0.00776127 0.00278834
internal_weight=0 6794.41 1908.14 4886.27 842.711 1606.32 3098.82 2568.51 1787.45 597.077 1175.96 1537.66
internal_count=20880 18450 5208 13242 2430 4368 8454 7021 4788 1760 3203 4116
is_linear=0
shrinkage=0.0363047


Tree=62
num_leaves=13
num_cat=0
split_feature=7 2 7 4 4 30 43 35 38 46 7 4
split_gain=127.304 63.0572 24.8119 21.5222 14.7624 13.5086 10.5814 10.5202 10.2072 9.87794 9.4775 6.58155
threshold=0.44590643274853808 1.6933760683760686 0.28759398496240607 1.1183473389355745 1.5797962648556878 -0.16129032258064507 -1.0000000180025095e-35 -0.72613636363636347 0.21739130434782603 -0.46049896049896044 0.16869918699186995 1.112698412698413
decision_type=2 2 2 2 2 2 2 2 2 2 2 2
left_child=1 2 4 8 6 -3 -1 -4 -2 -9 -7 -12
right_child=3 5 7 -5 -6 10 -8 9 -10 -11 11 -13
leaf_value=-0.0019488636987614319 0.01327890716638609 -0.018208245744779646 -0.0041045450154324845 0.019845517028237423 0.0085396889684003427 -0.01419055044861217 -0.01074130346527551 0.0080121247666371503 0.0015793025633523653 0.0010347628209722369 -0.0081558990663344877 -0.0011150186049689234
leaf_weight=2297.0264196544886 207.08682337403297 192.10869774222374 176.50899420678616 378.67701840400696 166.06514726579189 230.53837515413761 195.78343841433525 719.14050698280334 187.07198026776314 425.75905695557594 528.37769681215286 261.63024613261223
leaf_count=8167 603 882 628 1072 558 964 739 2219 585 1439 2087 937
internal_value=0 -0.00212867 7.95164e-05 0.0136644 -0.0019412 -0.00937657 -0.00263942 0.00414551 0.00772615 0.00541742 -0.00771409 -0.00582414
internal_weight=0 5192.94 3980.28 772.836 2658.88 1212.66 2492.81 1321.41 394.159 1144.9 1020.55 790.008
internal_count=20880 18620 13750 2260 9464 4870 8906 4286 1188 3658 3988 3024
is_linear=0
shrinkage=0.0363047


Tree=63
num_leaves=5
num_cat=0
split_feature=37 22 41 22
split_gain=11.3353 8.72095 4.69512 7.20083
threshold=-0.85912698412698385 1.1000000000000003 -0.099999999999999881 1.5000000000000002
decision_type=2 2 2 2
left_child=1 -1 -2 -4
right_child=2 -3 3 -5
leaf_value=0.00077426488097029659 -0.0019198372913905599 -0.0070709854485555149 0.0024198720080322246 -0.00056552475669028267
leaf_weight=326.78884620964527 632.18043264746666 435.83006635308266 3148.8389460295439 1609.0465700179338
leaf_count=1188 2146 1660 10463 5423
internal_value=0 -0.00370923 0.00101968 0.00141025
internal_weight=0 762.619 5390.07 4757.89
internal_count=20880 2848 18032 15886
is_linear=0
shrinkage=0.0363047


Tree=64
num_leaves=14
num_cat=0
split_feature=7 24 24 29 28 38 29 42 27 45 11 38 9
split_gain=94.3196 83.0525 18.7071 16.3088 14.7232 11.6216 10.0972 10.2287 8.78857 8.55947 6.74685 6.22071 4.71497
threshold=0.40238095238095245 5.1791503696875099 0.64836906845784237 0.42424242424242425 0.88235294117647078 0.45454545454545453 1.5067567567567572 0.14285714285714293 0.41600666600109676 -1.053342816500711 1.1835965955091718 0.28571428571428598 1.0522689105959622
decision_type=2 2 2 2 2 2 2 2 2 2 2 2 2
left_child=1 3 9 5 8 -1 7 -5 -3 -2 -7 -4 -10
right_child=2 4 11 6 -6 10 -8 -9 12 -11 -12 -13 -14
leaf_value=-0.0036192881145690145 -0.01777236149626741 0.018062322687114832 -0.0087271019387725086 -0.0042563564568434747 0.003070051212099877 0.0021783971955028751 -0.0076303892386909893 6.8204805969532963e-06 0.012664487520657216 -0.0095262360011058485 0.0084332899954081778 0.00025778334673349135 0.0063225883062335312
leaf_weight=255.90532636642456 361.36190384626389 253.8985732793808 197.62729227542877 1003.3302329778671 301.54789903759956 480.69167348742485 340.10667258501053 2845.6899825632572 379.08062332868576 306.7446651160717 431.17266267538071 208.94524389505386 260.82710152864456
leaf_count=689 1111 717 556 2764 812 1290 928 7647 1049 869 1160 572 716
internal_value=0 0.00135413 -0.0102498 -0.000576663 0.0100068 0.00321737 -0.00163429 -0.00110447 0.0123472 -0.0139864 0.00513601 -0.0041096 0.0100795
internal_weight=0 6552.25 1074.68 5356.9 1195.35 1167.77 4189.13 3849.02 893.806 668.107 911.864 406.573 639.908
internal_count=20880 17772 3108 14478 3294 3139 11339 10411 2482 1980 2450 1128 1765
is_linear=0
shrinkage=0.0363047


Tree=65
num_leaves=14
num_cat=0
split_feature=47 36 28 26 48 47 16 26 43 48 48 39 36
split_gain=89.4194 45.8869 29.2133 20.7715 17.2496 13.9494 9.40261 8.66845 8.10729 7.96524 6.68148 6.133 6.08229
threshold=-0.70135135135135118 -0.55409356725146175 0.41666666666666685 0.38804567018356301 15.750000000000002 -0.36363636363636359 1.3 0.72313331908293932 -1.6099033816425117 29.250000000000004 30.750000000000004 0.80707196029776695 0.22222222222222229
decision_type=2 2 2 2 2 2 2 2 2 2 2 2 2
left_child=2 7 -1 12 6 -5 -4 -2 -6 -7 -10 -9 -3
right_child=1 3 4 5 8 9 -8 11 10 -11 -12 -13 -14
leaf_value=-0.0055270388701736482 -0.0064119521800785036 0.003383352462781299 -0.0015075761682425289 0.0023396233774908362 0.019603673359924557 -0.0053324835214796683 0.0088899210142238689 -0.0079332546405631015 0.0083860254772115533 -0.00041419230448134234 0.016675832438514879 -0.016864776297916058 0.011412939981544929
leaf_weight=188.31989051401615 830.34600964188576 499.854775801301 206.4450306147337 760.01886215806007 190.89369523525238 1164.526267439127 257.76955604553223 183.51921600103378 406.07605361938477 691.85421358048916 187.23377880454063 226.27048096060753 165.50945681333542
leaf_count=675 3337 1686 644 2495 529 4149 778 774 1216 2469 545 1056 527
internal_value=0 -0.00259496 0.00780193 -0.000346791 0.00981256 -0.00180333 0.00426596 -0.00854426 0.0130959 -0.00349949 0.0110021 -0.0128649 0.00538071
internal_weight=0 4521.9 1436.74 3281.76 1248.42 2616.4 464.215 1240.14 784.204 1856.38 593.31 409.79 665.364
internal_count=20880 16493 4387 11326 3712 9113 1422 5167 2290 6618 1761 1830 2213
is_linear=0
shrinkage=0.0363047


Tree=66
num_leaves=7
num_cat=0
split_feature=31 10 3 10 25 14
split_gain=11.3213 21.4845 9.12548 7.9995 6.87616 4.71081
threshold=0.16666666666666663 1.4852813852813855 1.3077553185438398 1.0615530303030305 5.4107786544510601 1.5000000000000002
decision_type=2 2 2 2 2 2
left_child=1 3 5 -1 -2 -3
right_child=4 2 -4 -5 -6 -7
leaf_value=0.0082606356236277611 0.0020437253819275128 0.0011320074473237143 -0.010462653873456764 -5.1166837842298298e-05 -0.0017373208754788236 -0.0066631817178509599
leaf_weight=194.3381559997797 3687.5226377546787 209.30139620602131 384.78275170922279 710.86092194914818 765.55049592256546 199.64896450936794
leaf_count=666 12235 724 1474 2469 2595 717
internal_value=0 -0.00208968 -0.00644954 0.0017333 0.00139371 -0.00267359
internal_weight=0 1698.93 793.733 905.199 4453.07 408.95
internal_count=20880 6050 2915 3135 14830 1441
is_linear=0
shrinkage=0.0363047


Tree=67
num_leaves=15
num_cat=0
split_feature=8 30 40 8 30 44 3 26 36 26 7 44 3 5
split_gain=89.6997 66.3934 19.5977 17.1248 15.4468 12.2171 9.90378 8.10618 7.83963 7.62132 6.78137 6.6244 5.30106 4.62731
threshold=1.50609756097561 0.29520697167755999 0.56330128205128216 0.81016731016731025 0.42857142857142877 -0.8224789915966384 1.3126949425517969 0.37886887817152509 -1.1408730158730156 0.56613208056440267 0.16472868217054268 -0.03509852216748769 1.0934762082849521 1.1791136994497891
decision_type=2 2 2 2 2 2 2 2 2 2 2 2 2 2
left_child=1 2 6 11 -2 9 -1 -7 -4 -5 -10 12 -3 -6
right_child=4 3 8 5 13 7 -8 -9 10 -11 -12 -13 -14 -15
leaf_value=0.00077586486674831106 -0.0052246454927295446 -0.002350769109339079 0.015221939099127644 -0.0077108824306211955 -0.012754654610436464 -0.0052037857603075633 0.0080635203763702017 -0.00021571979901800864 0.01340581960255898 -0.00025859361575497955 0.0055129050907339527 0.0083387054911080189 0.0043924097612392582 -0.019877357536894232
leaf_weight=719.20334613323212 318.86861833930016 280.76653331518173 302.52628529071808 718.72795715928078 324.99400061368942 523.63622173666954 373.38490173220634 2386.5169873833656 215.06448018550873 241.70061248540878 430.99740245938301 250.11980804800987 339.41912436485291 190.79131096601486
leaf_count=1934 882 756 869 2023 972 1418 1012 6427 589 669 1173 669 911 576
internal_value=0 0.00110664 0.00658101 -0.00125034 -0.0115061 -0.00228499 0.00326637 -0.00111324 0.0103988 -0.00583545 0.00814034 0.00335115 0.00133968 -0.0153894
internal_weight=0 6782.06 2041.18 4740.89 834.654 3870.58 1092.59 2910.15 948.588 960.429 646.062 870.305 620.186 515.785
internal_count=20880 18450 5577 12873 2430 10537 2946 7845 2631 2692 1762 2336 1667 1548
is_linear=0
shrinkage=0.0363047


Tree=68
num_leaves=15
num_cat=0
split_feature=25 24 5 1 27 45 24 25 28 27 26 28 4 25
split_gain=124.974 44.0598 31.4588 19.1639 18.173 11.4885 11.4328 10.9903 10.1256 7.83872 7.37617 6.5044 6.17945 5.31407
threshold=3.6734566458778337 -0.67048635881339524 0.99712906960307357 0.5480030721966207 0.70025870486711383 -0.51316701316701296 3.2138912474353201 -0.31112552283487765 1.7703296703296705 0.45621953648116925 0.4876630055945278 0.80000000000000027 0.9240384615384617 -1.0291799647059598
decision_type=2 2 2 2 2 2 2 2 2 2 2 2 2 2
left_child=1 8 6 5 10 12 -2 -5 9 13 -4 -7 -3 -1
right_child=2 3 4 7 -6 11 -8 -9 -10 -11 -12 -13 -14 -15
leaf_value=-0.0052616785818256021 0.0063474534427826338 -0.0049623608838248161 0.012518809990331635 -0.012946128447910777 0.018621635548606418 -0.009227128358493689 -0.0048481648367092837 -0.0046158687577667681 0.00803624479169536 0.0017801426215362315 0.003053916017271229 -0.0033758914579659657 0.003167478788238478 0.0024349189101090228
leaf_weight=458.08837220072746 328.50474813580513 184.99884137511253 240.00838778913021 649.75713108479977 450.87944599986076 461.71903705596924 189.61496280133724 307.55524517595768 235.95895278453827 1170.9978635907173 198.09723950922489 547.1190142929554 369.06643156707287 159.373978510499
leaf_count=1651 991 634 721 2829 1287 1775 650 1188 764 3979 640 1972 1237 562
internal_value=0 -0.003021 0.00936077 -0.0062248 0.013505 -0.00374711 0.00225022 -0.0102699 0.000967446 3.483e-05 0.00823909 -0.00605385 0.000452977 -0.0032751
internal_weight=0 4544.63 1407.1 2520.22 888.985 1562.9 518.12 957.312 2024.42 1788.46 438.106 1008.84 554.065 617.462
internal_count=20880 16591 4289 9635 2648 5618 1641 4017 6956 6192 1361 3747 1871 2213
is_linear=0
shrinkage=0.0363047


Tree=69
num_leaves=6
num_cat=0
split_feature=31 25 25 39 3
split_gain=10.349 13.2254 6.31599 5.27829 4.06006
threshold=0.16666666666666663 -0.22036033567490401 5.4107786544510601 0.91240409207161133 1.3280197150781927
decision_type=2 2 2 2 2
left_child=1 3 -2 -1 -3
right_child=2 4 -4 -5 -6
leaf_value=-0.0024540572158512569 0.001970371267905357 0.0034934111166667341 -0.0016554488701317073 -0.0080159843006965686 -0.0018846641915992656
leaf_weight=497.03034245967865 3692.2486397624016 489.3853534758091 764.29768317937851 410.73192104697227 297.47588942945004
leaf_count=1757 12235 1651 2595 1583 1059
internal_value=0 -0.00198462 0.00134854 -0.00497064 0.00146021
internal_weight=0 1694.62 4456.55 907.762 786.861
internal_count=20880 6050 14830 3340 2710
is_linear=0
shrinkage=0.0363047


Tree=70
num_leaves=13
num_cat=0
split_feature=8 2 2 30 8 31 38 47 44 8 26 38
split_gain=83.9544 72.8356 21.5074 19.4589 16.0546 15.1535 11.6931 10.2397 8.11769 7.02474 6.89064 4.24736
threshold=1.50609756097561 1.753048780487805 1.5521778584392016 0.29520697167755999 0.81016731016731025 -0.23076923076923067 0.49999999999999994 -0.56949806949806947 -0.03509852216748769 0.95060975609756104 0.56887766176155752 1.112698412698413
decision_type=2 2 2 2 2 2 2 2 2 2 2 2
left_child=1 3 -2 7 8 11 -6 -1 -5 -7 -11 -3
right_child=2 5 -4 4 6 9 -8 -9 -10 10 -12 -13
leaf_value=-0.0036879581337051531 -0.016159871126052373 0.010596342445828034 -0.0043308772367489177 0.00031640643403769866 -0.0077220593884461822 0.009670950124205123 -0.0021418996498496633 0.0052641653671827576 0.0085061163263047135 -0.0015465749338614409 0.0062069797927210386 0.018177936425388362
leaf_weight=210.53240016102791 479.89158034324646 200.59532389044762 350.59885528683662 562.75984066724777 599.53540694713593 418.72931629419327 2837.3353814780712 841.66588619351387 222.63034564256668 222.64723712205887 469.93575349450111 189.30049327015877
leaf_count=569 1446 557 984 1513 1693 1143 7680 2261 595 604 1278 557
internal_value=0 0.00106378 -0.0111662 -0.000944347 -0.00204515 0.00811927 -0.00311532 0.00347295 0.0026379 0.00595877 0.00371442 0.0142773
internal_weight=0 6775.67 830.49 5274.46 4222.26 1501.21 3436.87 1052.2 785.39 1111.31 692.583 389.896
internal_count=20880 18450 2430 14311 11481 4139 9373 2830 2108 3025 1882 1114
is_linear=0
shrinkage=0.0363047


Tree=71
num_leaves=13
num_cat=0
split_feature=40 34 28 45 28 11 37 26 26 30 21 21
split_gain=85.4119 43.1898 18.8275 15.5012 15.9983 14.8386 9.69204 6.89938 6.78843 6.27757 5.00295 4.93731
threshold=0.092329545454545511 -0.76095238095238071 0.48148148148148157 -0.51316701316701296 1.793610547667343 1.0111985574171489 -1.2928921568627449 0.33946939462706804 0.53768103312922932 0.74642857142857177 1.0477225575051674 1.3779271744364852
decision_type=2 2 2 2 2 2 2 2 2 2 2 2
left_child=2 6 -1 10 7 9 -2 -5 -8 -4 -3 -7
right_child=1 3 5 4 -6 11 8 -9 -10 -11 -12 -13
leaf_value=-0.0013941115128502048 -0.017228201754647829 0.00059329697005911322 0.011066797481654218 0.0039123216843988898 0.0090746321585914707 0.0039062536131605962 -0.0025702403897552538 -0.0033383790847622856 -0.0088262169784477148 0.019367066078763227 0.0058280110781792471 0.010744985833313465
leaf_weight=236.32384015619755 138.63228699564934 426.223105058074 281.20085287094116 189.40215761959553 163.19928783178329 418.09605763852596 318.87613368034363 1994.0060085207224 807.66244442760944 209.6263901591301 552.66711001098156 208.55089572072029
leaf_count=817 664 1382 831 643 537 1263 1214 7157 3406 580 1772 614
internal_value=0 -0.00246098 0.00791584 -0.000288963 -0.00188987 0.00988471 -0.0081701 -0.00270941 -0.00705541 0.0146117 0.00354874 0.00618221
internal_weight=0 4590.67 1353.8 3325.5 2346.61 1117.47 1265.17 2183.41 1126.54 490.827 978.89 626.647
internal_count=20880 16775 4105 11491 8337 3288 5284 7800 4620 1411 3154 1877
is_linear=0
shrinkage=0.0363047


Tree=72
num_leaves=5
num_cat=0
split_feature=24 25 5 25
split_gain=11.6714 17.9255 14.8331 9.55807
threshold=5.1791503696875099 -0.19250857289795237 0.7203229884856498 7.1647629033539193
decision_type=2 2 2 2
left_child=2 -2 -1 -4
right_child=1 -3 3 -5
leaf_value=0.010464750281891812 -0.0068217993857191302 0.002783062971516142 0.0013717428814037265 -0.0033650018915007724
leaf_weight=215.94772692024708 646.46184793114662 424.12521781027317 4216.0362803637981 647.7489258646965
leaf_count=713 2450 1501 14007 2209
internal_value=0 -0.00301672 0.00115429 0.000740913
internal_weight=0 1070.59 5079.73 4863.79
internal_count=20880 3951 16929 16216
is_linear=0
shrinkage=0.0363047


Tree=73
num_leaves=16
num_cat=0
split_feature=2 44 10 31 30 44 42 6 10 10 28 31 31 28 27
split_gain=75.6645 51.6576 44.3068 16.0174 12.5883 11.5457 10.8458 8.46737 7.49399 6.53411 5.38876 5.06237 4.69463 4.33595 4.08011
threshold=1.6933760683760686 -0.87339743589743579 1.2687617260787996 -0.19999999999999998 0.28571428571428575 -0.070197044334975325 -0.32200460829493088 0.34549071618037142 1.3788443616029824 1.6478537360890304 0.47058823529411764 0.21739130434782603 0.30769230769230765 1.2532051282051284 0.67249990747506239
decision_type=2 2 2 2 2 2 2 2 2 2 2 2 2 2 2
left_child=1 6 10 -4 7 8 -1 -3 -6 12 -2 -11 -5 -7 -8
right_child=2 4 3 9 5 13 14 -9 -10 11 -12 -13 -14 -15 -16
leaf_value=-0.013400694269232911 0.00018096856235674154 0.0060527454533315598 0.015284940130498505 0.0064934577073188816 -0.0050620167726181759 0.0055846370758418111 -0.0044901406136791553 -0.0024872598334038272 -0.0010909535948905166 0.013088423295316797 -0.0076707306230846435 0.005868666770298089 -3.9731642267207567e-05 -0.00068448660224254164 -0.0094826229576087124
leaf_weight=428.96846607327461 215.02642032504082 561.31766685843468 377.11704254150391 414.45790800452232 920.89361536502838 372.06065958738327 563.38766607642174 210.37515145540237 1958.4131245613098 273.50294789671898 248.18451288342476 240.62849786877632 222.95522856712341 238.70159211754799 349.66710606217384
leaf_count=1310 585 1508 1086 1128 2509 995 1568 564 5283 754 693 646 603 639 1009
internal_value=0 -0.00242753 0.00581044 0.00879103 -0.000471501 -0.00139931 -0.00863914 0.00372461 -0.00236103 0.00666435 -0.00402591 0.00970937 0.00420827 0.0031345 -0.00640208
internal_weight=0 5603.79 1991.87 1528.66 4261.76 3490.07 1342.02 771.693 2879.31 1151.54 463.211 514.131 637.413 610.762 913.055
internal_count=20880 15385 5495 4217 11498 9426 3887 2072 7792 3131 1278 1400 1731 1634 2577
is_linear=0
shrinkage=0.0363047


Tree=74
num_leaves=14
num_cat=0
split_feature=25 35 5 27 4 25 45 27 7 29 26 26 4
split_gain=111.21 42.0511 28.693 16.2918 13.6883 13.4224 8.8754 8.66397 8.16816 8.0621 6.63124 5.89218 4.61508
threshold=3.6734566458778337 -0.67083333333333306 0.99712906960307357 0.70025870486711383 1.4558441558441559 -0.22036033567490401 -0.58578637510513032 0.68254484104400159 0.16869918699186995 1.1775210084033618 0.4876630055945278 0.57180140483033581 0.84731934731934744
decision_type=2 2 2 2 2 2 2 2 2 2 2 2 2
left_child=1 8 7 10 5 12 -7 -2 -1 -6 -4 -10 -3
right_child=2 4 3 -5 9 6 -8 -9 11 -11 -12 -13 -14
leaf_value=-0.014234249239664567 -0.0030424390083723671 -0.0077668641385207045 0.011793265721700091 0.017557994761625999 1.0727048322260741e-05 0.0055442868427274397 -0.0013186347512781952 0.006365143541956263 -0.002689820320882014 0.010251230377032428 0.0028382695680424616 -0.0091666222226829529 -0.0027267576581392035
leaf_weight=284.02059504389763 240.8193144351244 279.02382846176624 241.69751968979836 453.82094052433968 192.32549305260181 444.7464228272438 562.49108292162418 277.95502442121506 269.88591481745243 214.16183000802994 198.50420446693897 589.52188989520073 1688.6018117070198
leaf_count=1282 803 1032 721 1287 652 1404 1976 838 1049 698 640 2540 5958
internal_value=0 -0.00287808 0.00879004 0.0127312 -0.000842853 -0.00169671 0.00171169 0.00199807 -0.00889666 0.00540604 0.00775511 -0.00713267 -0.00344148
internal_weight=0 4524.78 1412.8 894.023 3381.35 2974.86 1007.24 518.774 1143.43 406.487 440.202 859.408 1967.63
internal_count=20880 16591 4289 2648 11720 10370 3380 1641 4871 1350 1361 3589 6990
is_linear=0
shrinkage=0.0363047


Tree=75
num_leaves=4
num_cat=0
split_feature=24 25 25
split_gain=10.6807 17.0406 9.57967
threshold=5.1791503696875099 -0.19250857289795237 7.1647629033539193
decision_type=2 2 2
left_child=2 -2 -1
right_child=1 -3 -4
leaf_value=0.0017312588953237796 -0.0066042728378584107 0.0027712715032730145 -0.002940146978492199
leaf_weight=4416.7215605527163 642.62398867309093 424.17301064729691 665.83038976788521
leaf_count=14654 2450 1501 2275
internal_value=0 -0.00287643 0.00111929
internal_weight=0 1066.8 5082.55
internal_count=20880 3951 16929
is_linear=0
shrinkage=0.0363047


Tree=76
num_leaves=18
num_cat=0
split_feature=25 35 8 1 1 26 40 26 35 43 43 10 4 27 10 10 28
split_gain=90.9393 52.2971 23.7986 14.8157 11.9358 10.621 9.43872 9.1489 8.64658 8.60061 6.52412 6.38123 5.73394 4.78883 4.36721 4.36459 4.07696
threshold=0.10821952361941119 -0.5322916666666665 1.50609756097561 0.60232558139534886 0.56711711711711721 0.5884237944580093 0.12500000000000014 0.38547177000518745 -1.2466216216216213 -0.96076923076923071 -0.15789473684210523 1.1445993031358885 1.1898326898326901 0.43268031167888749 1.3150375939849626 1.5568475452196384 1.5941722972972974
decision_type=2 2 2 2 2 2 2 2 2 2 2 2 2 2 2 2 2
left_child=1 3 5 9 11 6 -2 16 -5 -1 -9 -4 -8 -11 -7 -10 -3
right_child=2 7 4 8 -6 14 12 10 15 13 -12 -13 -14 -15 -16 -17 -18
leaf_value=-0.0016182726387125384 -0.0093270934348536824 -0.0015234819760196661 -0.017222087046686776 0.017279621903178922 -0.0029940841495459383 -0.002380118561992323 -0.00096130159889031171 -2.3226891877148877e-05 0.0048573801550325047 0.0098320028307222317 0.0052607064340897541 -0.0095514142792179086 -0.0067380681066105709 0.0044647652293689716 0.0029815319695929892 0.011979852207589245 -0.0076451931287294106
leaf_weight=203.81709492206573 472.86875027418137 322.64010518789291 280.42993485927582 249.2695004940033 199.24100685119629 436.21013721823692 618.2690417766571 1781.1364019811153 200.34786248207092 367.54714357852936 372.37820968031883 291.55977842211723 357.37460416555405 542.51662775874138 370.13310086727142 261.29352524876595 258.09182819724083
leaf_count=549 1353 872 883 736 553 1189 1680 4797 550 994 995 851 984 1460 1005 727 702
internal_value=0 0.00297644 -0.00514145 0.00773612 -0.0106465 -0.00325853 -0.00511756 -0.00020009 0.0118309 0.00512272 0.000890452 -0.0133121 -0.00307731 0.00663243 8.10224e-05 0.00888877 -0.00424412
internal_weight=0 4559.04 3026.09 1824.79 771.231 2254.86 1448.51 2734.25 710.911 1113.88 2153.51 571.99 975.644 910.064 806.343 461.641 580.732
internal_count=20880 12382 8498 5016 2287 6211 4017 7366 2013 3003 5792 1734 2664 2454 2194 1277 1574
is_linear=0
shrinkage=0.0363047


Tree=77
num_leaves=14
num_cat=0
split_feature=25 24 5 24 7 7 24 7 30 3 26 41 48
split_gain=103.879 39.1637 26.8926 16.9363 12.9327 11.9175 9.95445 7.77436 7.07035 6.44667 6.3573 6.11852 5.05612
threshold=3.6734566458778337 -0.67048635881339524 0.99712906960307357 7.3196134329718197 0.16172624237140368 0.44590643274853808 3.2138912474353201 0.28759398496240607 0.11269841269841271 1.0071964080400277 0.46768220032560942 0.16666666666666682 18.250000000000004
decision_type=2 2 2 2 2 2 2 2 2 2 2 2 2
left_child=1 7 6 4 -3 10 -2 9 -5 12 -4 -6 -1
right_child=2 3 5 8 11 -7 -8 -9 -10 -11 -12 -13 -14
leaf_value=-0.0019614033161996542 0.0056964862867061091 -0.01016699472499355 0.012908279094503507 -0.0154890493972045 0.00047626825755966968 0.016497118815171678 -0.0047540256078749737 0.0046269866174456446 -0.0071224341963601577 -0.0021148005381331761 0.0042530434454761904 -0.0043748694340176586 0.0057571583733361112
leaf_weight=174.25571036338806 330.24757009744644 393.0764332562685 202.52632799744606 284.33254186809063 507.37893217802048 444.78604477643967 188.82338154315948 552.2751889526844 250.33895614743233 984.25175262987614 249.82442715764046 1055.6505597382784 312.39018146693707
leaf_count=602 991 1555 605 1396 1706 1242 650 1785 990 3490 801 3988 1079
internal_value=0 -0.0027979 0.00847195 -0.00584563 -0.00428049 0.0122774 0.00189488 0.000954228 -0.0115717 -0.000424776 0.00812816 -0.00280013 0.00299333
internal_weight=0 4513.95 1416.21 2490.78 1956.11 897.137 519.071 2023.17 534.671 1470.9 452.351 1563.03 486.646
internal_count=20880 16591 4289 9635 7249 2648 1641 6956 2386 5171 1406 5694 1681
is_linear=0
shrinkage=0.0363047


Tree=78
num_leaves=6
num_cat=0
split_feature=14 22 26 41 4
split_gain=9.14018 7.06382 9.18772 6.47102 4.63239
threshold=2.3000000000000003 1.1000000000000003 0.75980717104763984 0.47295321637426907 0.90550595238095244
decision_type=2 2 2 2 2
left_child=1 4 -3 -2 -1
right_child=3 2 -4 -5 -6
leaf_value=0.0046111374851609309 -0.00074743030164692813 0.00021663687071747569 -0.0068894400713333647 -0.011242021442502742 0.0011874581304928962
leaf_weight=747.73861050605774 166.22411397099495 3112.5975315272808 259.83291865885258 144.98688139021397 1716.9552552103996
leaf_count=2515 602 10479 968 578 5738
internal_value=0 0.000748817 -0.000330859 -0.00563665 0.00222613
internal_weight=0 5837.12 3372.43 311.211 2464.69
internal_count=20880 19700 11447 1180 8253
is_linear=0
shrinkage=0.0363047


Tree=79
num_leaves=15
num_cat=0
split_feature=24 44 11 34 34 43 44 11 11 47 47 47 4 24
split_gain=67.3909 47.2461 25.0767 14.702 12.9332 12.1275 10.1511 8.68781 8.63937 6.57601 5.79066 5.41632 4.48871 4.20395
threshold=3.6095260940603024 -0.89871794871794852 1.0615526079257387 -0.94665718349928873 -0.6165158371040721 -0.56949806949806925 -0.15894736842105261 1.2050707356668802 1.1881027115196894 -0.026671408250355546 -1.2204861111111109 -0.30151515151515146 1.2714987714987716 -0.64224548895422573
decision_type=2 2 2 2 2 2 2 2 2 2 2 2 2 2
left_child=1 7 -2 5 8 -4 9 10 -3 -6 -1 -5 -12 -10
right_child=2 4 3 11 6 -7 -8 -9 13 -11 12 -13 -14 -15
leaf_value=-0.015032354126964549 -0.0014743409265631717 -0.00026014668622931767 0.0082904109705499909 -3.7972612321300823e-05 -0.0019880100069357524 0.018023594025834838 0.0019232114237384497 -0.0033085582130120209 0.002213672616863682 -0.0075457287220566096 -0.0067148794941365364 0.0072684271200939418 -0.013197022369435003 0.0081435589525750939
leaf_weight=224.42861759662628 424.38570588827133 635.51103293895721 416.51822707056999 223.9260410964489 2131.6683533787727 283.62003162503242 830.73885053396225 359.05456653237343 268.56059703230858 323.14245611429214 550.05335855484009 331.99639031291008 189.24557971954346 381.30392596125603
leaf_count=715 1173 1708 1160 610 5797 829 2224 1011 721 870 1572 897 565 1028
internal_value=0 -0.00208642 0.00615542 0.00873329 -0.000337806 0.0122332 -0.00154569 -0.00812882 0.00274966 -0.00271961 -0.0099247 0.0043254 -0.00837418 0.005693
internal_weight=0 5893.71 1680.45 1256.06 4570.93 700.138 3285.55 1322.78 1285.38 2454.81 963.728 555.922 739.299 649.865
internal_count=20880 16211 4669 3496 12348 1989 8891 3863 3457 6667 2852 1507 2137 1749
is_linear=0
shrinkage=0.0363047


Tree=80
num_leaves=13
num_cat=0
split_feature=8 36 5 8 27 5 36 27 43 13 45 5
split_gain=87.6688 37.1656 21.3249 15.9895 10.6131 10.6441 9.83583 7.91594 5.96795 5.31781 4.74274 4.44717
threshold=1.4478221415607988 -0.46547619047619043 0.98563252354590702 1.2063894523326575 0.68254484104400159 1.0638719194958359 0.22222222222222229 0.65598772165152053 -0.53950103950103923 0.70000000000000007 -1.3333333333333333 1.1753497319660398
decision_type=2 2 2 2 2 2 2 2 2 2 2 2
left_child=1 4 -2 6 5 9 7 -3 -7 -1 -4 -12
right_child=2 3 10 -5 -6 8 -8 -9 -10 -11 11 -13
leaf_value=-0.008366535577246325 0.0020499973981960478 -0.0026987668716380083 0.017840181384699241 0.0052560959837742232 0.001072892275174872 0.00076579737128858899 0.0059251353913643877 0.0031153664115377037 -0.007667380842436693 -0.015094442839774288 0.0079682215241678091 0.015256790980296937
leaf_weight=825.84660093486309 317.16611261665821 2002.3072577416897 220.74828767776489 653.76806189119816 214.64746521413326 253.12329337000847 239.00817736983299 364.89087289571762 196.43837739527225 190.57907328009605 239.29167333245277 204.74769878387451
leaf_count=3436 986 7047 603 2056 773 963 766 1197 838 890 722 603
internal_value=0 -0.00208127 0.00979568 0.000179582 -0.00646672 -0.00757066 -0.00109386 -0.00180255 -0.00291912 -0.00962801 0.0134911 0.011329
internal_weight=0 4940.61 981.954 3259.97 1680.63 1465.99 2606.21 2367.2 449.562 1016.43 664.788 444.039
internal_count=20880 17966 2914 11066 6900 6127 9010 8244 1801 4326 1928 1325
is_linear=0
shrinkage=0.0363047


Tree=81
num_leaves=5
num_cat=0
split_feature=5 31 25 25
split_gain=10.4365 9.07036 11.1214 5.12889
threshold=0.7203229884856498 0.16666666666666663 -0.22036033567490401 12.380401356186214
decision_type=2 2 2 2
left_child=-1 2 -2 -3
right_child=1 3 -4 -5
leaf_value=0.0071018595670331612 -0.0052037351657399028 0.0013282283851258564 0.0010015343946444058 -0.0030628790017009281
leaf_weight=293.58765105903149 817.75798152387142 3939.1922405064106 712.25787846744061 384.84319552779198
leaf_count=1012 3045 13039 2450 1334
internal_value=0 8.73538e-05 -0.00231504 0.000937416
internal_weight=0 5854.05 1530.02 4324.04
internal_count=20880 19868 5495 14373
is_linear=0
shrinkage=0.0363047


Tree=82
num_leaves=11
num_cat=0
split_feature=8 2 2 30 8 27 38 2 27 30
split_gain=67.7034 57.1844 18.9741 15.5505 13.9705 9.36713 9.13271 6.97429 6.29261 5.71519
threshold=1.50609756097561 1.753048780487805 1.5521778584392016 0.29520697167755999 0.81016731016731025 0.40838350744731261 0.49999999999999994 1.188344594594595 0.61513481469303122 -0.14087301587301579
decision_type=2 2 2 2 2 2 2 2 2 2
left_child=1 3 -2 8 7 -3 -6 -5 -1 -7
right_child=2 5 -4 4 6 9 -8 -9 -10 -11
leaf_value=0.0047954288762221608 -0.01490297637517988 0.012152492347589312 -0.0037068788867284123 -0.0024106901645780015 -0.006916144411721596 0.010583812108156541 -0.0019645924235752879 0.0049098217113829369 -0.0015874708608250782 0.0041930114286794651
leaf_weight=773.78095325827599 468.20713210105896 379.04388716816902 347.63295409083366 253.26980093121529 593.89421638846397 233.73468717932701 2832.567808419466 531.4967645406723 276.25239479541779 874.45770007371902
leaf_count=2084 1446 1072 984 682 1693 673 7680 1426 746 2394
internal_value=0 0.000940285 -0.0101323 -0.000836535 -0.0018221 0.00722598 -0.00282282 0.00254725 0.00311616 0.00554093
internal_weight=0 6748.5 815.84 5261.26 4211.23 1487.24 3426.46 784.767 1050.03 1108.19
internal_count=20880 18450 2430 14311 11481 4139 9373 2108 2830 3067
is_linear=0
shrinkage=0.0363047


Tree=83
num_leaves=13
num_cat=0
split_feature=7 2 7 4 4 30 29 38 46 7 46 4
split_gain=83.4857 46.8715 16.6583 15.9756 11.8542 11.2512 8.60657 8.21691 8.20278 7.85021 6.71219 5.11021
threshold=0.44590643274853808 1.6933760683760686 0.28759398496240607 1.1183473389355745 1.5797962648556878 -0.16129032258064507 1.202564102564103 0.21739130434782603 0.057983193277310857 0.16869918699186995 -0.4285714285714286 1.112698412698413
decision_type=2 2 2 2 2 2 2 2 2 2 2 2
left_child=1 2 4 7 8 -3 10 -2 -1 -7 -4 -11
right_child=3 5 6 -5 -6 9 -8 -9 -10 11 -12 -13
leaf_value=-0.0013320400094503507 0.010750119174899932 -0.016649679772037219 0.0039799452314939277 0.016173038743895581 0.0077358825477646005 -0.012782850130882185 0.0092181099837727737 0.00032483305084319512 -0.0071074477420299143 -0.0070843373226265821 -0.0021178747427186314 -0.00082326838299939733
leaf_weight=2082.5066533982754 210.6435267329216 176.55435438454151 706.37674228847027 386.04615408182144 167.99733927845955 217.85435347259045 266.75938607752323 189.10048267245293 383.88155882060528 510.29613445699215 358.76802283525467 259.03579352796078
leaf_count=7428 603 882 2218 1072 558 964 810 585 1478 2087 1258 937
internal_value=0 -0.00180213 7.75888e-05 0.0109055 -0.00159536 -0.00820865 0.00338653 0.0058184 -0.00223095 -0.006699 0.00192604 -0.00497622
internal_weight=0 5130.03 3966.29 785.79 2634.39 1163.74 1331.9 399.744 2466.39 987.186 1065.14 769.332
internal_count=20880 18620 13750 2260 9464 4870 4286 1188 8906 3988 3476 3024
is_linear=0
shrinkage=0.0363047


Tree=84
num_leaves=3
num_cat=0
split_feature=14 26
split_gain=8.28865 4.25887
threshold=2.3000000000000003 0.62688203019916711
decision_type=2 2
left_child=1 -1
right_child=-2 -3
leaf_value=0.0013007884753326736 -0.0053743694714883765 -0.00094974572398149313
leaf_weight=4350.9098502248526 308.94142356514931 1487.0745527893305
leaf_count=14492 1180 5208
internal_value=0 0.000727523
internal_weight=0 5837.98
internal_count=20880 19700
is_linear=0
shrinkage=0.0363047


Tree=85
num_leaves=11
num_cat=0
split_feature=8 37 3 8 26 28 38 38 7 19
split_gain=63.2462 43.9894 17.1944 11.7884 13.405 11.0076 10.232 9.66401 6.9344 5.95707
threshold=1.50609756097561 -0.54692082111436935 1.3280197150781927 0.81016731016731025 0.61853718423643522 0.72850122850122867 0.49999999999999994 0.62500000000000022 0.28388278388278393 0.70000000000000007
decision_type=2 2 2 2 2 2 2 2 2 2
left_child=1 2 7 -3 6 -2 -5 -1 -4 -7
right_child=5 3 8 4 -6 9 -8 -9 -10 -11
leaf_value=-0.00331700194845547 -0.0034484604871955859 0.0028064466678537174 0.012121716200984253 -0.0070052335257033442 0.0027501492200804798 -0.0099155190058730931 -0.0017847626151920259 0.0046170374862544656 0.004978432987640679 -0.017762298364979719
leaf_weight=269.28576520085335 247.91987615823746 909.59836068749428 522.83015352487564 609.11709120869637 707.69474810361862 368.98474568128586 2637.6214507520199 814.00158846378326 272.46186789870262 194.86342507600784
leaf_count=730 686 2443 1495 1732 1912 1113 7155 2230 753 631
internal_value=0 0.000902255 0.00562078 -0.000920128 -0.00177731 -0.00982404 -0.00276417 0.00264478 0.00967447 -0.0126273
internal_weight=0 6742.61 1878.58 4864.03 3954.43 811.768 3246.74 1083.29 795.292 563.848
internal_count=20880 18450 5208 13242 10799 2430 8887 2960 2248 1744
is_linear=0
shrinkage=0.0363047


Tree=86
num_leaves=12
num_cat=0
split_feature=8 2 2 8 9 37 8 35 27 35 47
split_gain=77.1066 37.6958 24.1848 19.3773 13.2843 11.8374 11.1336 9.20238 6.62096 6.60807 6.5226
threshold=1.4478221415607988 1.753048780487805 1.7302494802494806 1.2063894523326575 0.79258785296657397 0.33333333333333343 0.97259759759759767 -0.24999999999999992 0.72061773781205907 -0.67928571428571416 -0.79743589743589716
decision_type=2 2 2 2 2 2 2 2 2 2 2
left_child=1 3 8 4 7 -6 -3 -1 -2 -8 -5
right_child=2 6 -4 10 5 -7 9 -9 -10 -11 -12
leaf_value=-0.012189808746441313 0.008729623290644346 -0.013521172887296758 -0.00085457623906166501 0.010179600144680175 -0.0013440334328562278 0.0088065698725686078 -0.0082835312336726422 -0.0017390323924456534 0.015588614057596911 -0.00010238880662212018 0.0026839253858713776
leaf_weight=246.82069590687752 348.35341057181358 362.70892742276192 240.71361614763737 207.62957116961479 2592.7619522064924 160.81786528229713 366.6866343319416 201.88943113386631 396.76277631521225 201.71167850494385 581.67864380776882
leaf_count=966 1033 1665 785 601 9235 510 1636 708 1096 714 1931
internal_value=0 -0.00197369 0.00914992 -0.000439304 -0.00169513 -0.000751206 -0.0085515 -0.00748766 0.0123819 -0.00538023 0.00465568
internal_weight=0 4922.71 985.83 3991.6 3202.29 2753.58 931.107 448.71 745.116 568.398 789.308
internal_count=20880 17966 2914 13951 11419 9745 4015 1674 2129 2350 2532
is_linear=0
shrinkage=0.0363047


Tree=87
num_leaves=7
num_cat=0
split_feature=48 3 11 24 11 36
split_gain=9.60532 6.44301 11.1019 5.42854 5.04879 4.96921
threshold=20.250000000000004 1.2874155537780954 1.107327206368117 -0.85526413023228531 1.2217003169267755 -0.9285714285714286
decision_type=2 2 2 2 2 2
left_child=5 3 -3 -2 -4 -1
right_child=1 2 4 -5 -6 -7
leaf_value=-0.0014396037054814996 -0.0016530992413435214 0.0022587673566643275 -0.011101403686478249 0.0017072050214165173 -0.0040235584920267258 0.0027475881209318926
leaf_weight=448.44072592258453 1215.5323599278927 302.18824774026871 192.99539603292942 1323.6886922121048 426.13393791019917 2237.3894345611334
leaf_count=1673 4044 1053 686 4438 1546 7440
internal_value=0 -0.000844987 -0.00344563 9.86178e-05 -0.00622987 0.00204847
internal_weight=0 3460.54 921.318 2539.22 619.129 2685.83
internal_count=20880 11767 3285 8482 2232 9113
is_linear=0
shrinkage=0.0363047


Tree=88
num_leaves=14
num_cat=0
split_feature=8 37 11 44 38 31 11 14 4 44 32 9 9
split_gain=58.8587 40.953 15.3383 12.8806 10.3847 14.1858 9.39323 8.62989 7.17989 7.06284 5.21586 4.60218 4.85703
threshold=1.50609756097561 -0.54692082111436935 1.1314006078243806 -0.15894736842105261 1.0000000180025095e-35 0.23431372549019602 0.9373214115613856 2.1000000000000005 1.35214626391097 -0.54415584415584395 -0.19999999999999998 0.7869433812558152 0.95467869537945182
decision_type=2 2 2 2 2 2 2 2 2 2 2 2 2
left_child=1 2 10 6 -2 -6 -3 9 -8 -4 -1 -5 -13
right_child=4 3 7 11 5 -7 8 -9 -10 -11 -12 12 -14
leaf_value=0.0052174393234533023 -0.016217549388646672 -0.0069068062104650704 0.0024431466597750091 0.0072887475755914546 0.00083809865661302091 -0.011058676142099788 -0.00039485638919308674 0.013418824560191896 -0.0045835984879726288 0.0089715617506902212 -0.0012807625531479504 -0.001713179813432758 0.0039085590934575523
leaf_weight=259.82726860046387 220.94824442267418 433.09538424015045 381.43671345710754 224.01611983776093 200.95895490050316 385.57489687204361 2710.5739877521992 286.9806721508503 673.34068527817726 511.06693598628044 435.98962464928627 363.69144830107689 457.20623463392258
leaf_count=727 701 1205 1040 600 553 1176 7384 829 1853 1427 1185 974 1226
internal_value=0 0.000862964 0.00542054 -0.000894948 -0.00950952 -0.00698259 -0.00187265 0.00794238 -0.00122834 0.00618146 0.00114575 0.00267653 0.0014179
internal_weight=0 6737.23 1875.3 4861.92 807.482 586.534 3817.01 1179.48 3383.91 892.504 695.817 1044.91 820.898
internal_count=20880 18450 5208 13242 2430 1729 10442 3296 9237 2467 1912 2800 2200
is_linear=0
shrinkage=0.0363047


Tree=89
num_leaves=12
num_cat=0
split_feature=7 2 8 33 9 37 30 8 37 30 8
split_gain=73.036 41.6795 27.2007 14.2025 11.3409 11.3486 10.7335 8.31592 7.31148 6.51898 4.60598
threshold=0.44590643274853808 1.6933760683760686 1.2063894523326575 -1.0307765151515149 0.79258785296657397 0.33333333333333343 -0.16129032258064507 0.97259759759759767 -0.19756097560975597 0.47619047619047622 1.4478221415607988
decision_type=2 2 2 2 2 2 2 2 2 2 2
left_child=1 2 4 -2 8 -6 -3 -8 -1 -4 -11
right_child=3 6 9 -5 5 -7 7 -9 -10 10 -12
leaf_value=-0.012501552471736208 0.0016812497595979433 -0.016159959328599791 0.0002900047735483532 0.012960143714223802 -0.0013042822849458587 0.0086924991293981842 -0.010755891729149425 -0.0037906046032989242 -0.0029178092471552619 0.0054586023116578878 0.012075326315417106
leaf_weight=185.33161643147469 195.70700742304325 172.02731667459011 232.05506600439548 593.07131823897362 2463.1049844920635 159.35804694890976 355.12745988368988 620.95912656188011 241.82191589474678 489.3907894641161 193.48553767800331
leaf_count=740 614 882 798 1646 8745 504 1560 2428 857 1536 570
internal_value=0 -0.00170719 5.68035e-05 0.0101617 -0.00159033 -0.000696812 -0.00779842 -0.00632477 -0.00707596 0.00554696 0.00733338
internal_weight=0 5112.66 3964.55 788.778 3049.62 2622.46 1148.11 976.087 427.154 914.931 682.876
internal_count=20880 18620 13750 2260 10846 9249 4870 3988 1597 2904 2106
is_linear=0
shrinkage=0.0363047


Tree=90
num_leaves=7
num_cat=0
split_feature=22 33 24 24 24 15
split_gain=15.1746 8.69674 8.37754 8.23774 6.16904 4.30702
threshold=1.5000000000000002 -0.96720430107526867 5.1791503696875099 0.031968852141347814 0.88477437826674044 0.54772255750516607
decision_type=2 2 2 2 2 2
left_child=2 -2 3 -1 -5 -3
right_child=1 5 -4 4 -6 -7
leaf_value=0.00054132568467724648 -0.0069199895209237283 0.0030635992293331698 -0.0024933397236569857 0.0080182657971744203 0.00247803759585094 -0.0022693771399822462
leaf_weight=2285.9022187590599 500.51910176873207 242.1091490983963 710.84691163897514 387.54573772847652 837.0914354622364 1136.8628190904856
leaf_count=7567 1870 806 2631 1272 2790 3803
internal_value=0 -0.00282089 0.00110078 0.00182855 0.00423128 -0.00133305
internal_weight=0 1879.49 4221.39 3510.54 1224.64 1378.97
internal_count=20739 6479 14260 11629 4062 4609
is_linear=0
shrinkage=0.0363047


Tree=91
num_leaves=18
num_cat=0
split_feature=10 1 8 8 2 2 2 33 36 16 16 1 22 36 20 16 17
split_gain=63.864 44.5727 32.8302 21.5889 17.3237 14.4035 12.9944 8.83174 8.08085 7.29333 5.77542 5.55694 5.46468 4.87097 4.71753 4.41937 4.06653
threshold=1.3623737373737377 0.57321428571428579 1.2022727272727274 0.83527131782945752 1.8588039867109638 2.1183473389355747 1.3943381180223289 -0.85540069686411124 -0.47058823529411759 0.90000000000000013 1.3 0.72850122850122856 1.5000000000000002 -0.87339743589743579 2.3000000000000003 1.1000000000000003 1.1824601482453647
decision_type=2 2 2 2 2 2 2 2 2 2 2 2 2 2 2 2 2
left_child=2 3 7 6 14 12 -2 13 15 -9 -10 -7 -3 -1 -4 -5 -11
right_child=1 5 4 8 -6 11 -8 9 10 16 -12 -13 -14 -15 -16 -17 -18
leaf_value=-0.0016846927947390868 0.0021443777279332057 0.0031994084845740909 -0.010014686847194984 -0.00032928010971691317 -0.00015031015502637508 0.010043925662234551 0.011617882658348641 0.0026772050037082704 0.00044859980541377641 -0.0025158493914538452 -0.003449305772923919 0.018629387449931839 0.0098931039937515137 0.0052616943661325521 -0.016304219142637726 0.0052397033173158117 -0.0076769448557302972
leaf_weight=216.79885119199753 475.08507150411606 408.90889954566956 693.42494460940361 380.15543046593666 223.85241317749023 189.78096702694893 318.95953404903412 229.45567554235458 811.08848342299461 490.28301051259041 1310.5260396003723 208.56605300307274 264.88740354776382 344.44170650839806 203.25570607185364 371.2192348241806 341.2856582403183
leaf_count=598 1275 1125 2071 1028 620 540 861 624 2202 1339 3576 629 734 930 651 1003 933
internal_value=0 0.00255491 -0.00440576 0.000651138 -0.00918492 0.00906635 0.00594979 -0.00110469 -0.000813317 -0.00305291 -0.00195915 0.0145391 0.00583088 0.00257841 -0.0114404 0.0024221 -0.00463402
internal_weight=0 4739.18 2742.8 3667.03 1120.53 1072.14 794.045 1622.26 2872.99 1061.02 2121.61 398.347 673.796 561.241 896.681 751.375 831.569
internal_count=20739 12973 7766 9945 3342 3028 2136 4424 7809 2896 5778 1169 1859 1528 2722 2031 2272
is_linear=0
shrinkage=0.0363047


Tree=92
num_leaves=14
num_cat=0
split_feature=8 2 2 46 46 8 34 5 5 26 26 26 30
split_gain=73.7437 34.1483 24.5426 17.9809 12.0823 9.46208 9.44476 9.13152 8.74474 5.8807 5.51091 5.15472 5.06428
threshold=1.2022727272727274 1.6933760683760686 1.9066133720930234 -0.46547619047619043 0.21052631578947367 1.7236111111111114 -0.030776515151515148 0.8445195161825535 1.1298274057134923 0.54727046674482771 0.49104335918305164 0.37099942021983295 0.76000000000000023
decision_type=2 2 2 2 2 2 2 2 2 2 2 2 2
left_child=1 4 3 5 6 10 7 -1 9 -3 -2 -8 -5
right_child=2 8 -4 12 -6 -7 11 -9 -10 -11 -12 -13 -14
leaf_value=-0.0063600013356253753 0.010500858976338292 -0.0050005647123607527 -0.0039198517680840671 -0.0022888150325316853 -0.0097685513753469032 0.015101465708916651 0.0090644110760667723 -0.00036858416498211589 -0.0024944401024587985 -0.013384008803467249 0.0050204843837916725 0.0012471818194929821 0.0057597630587694695
leaf_weight=404.36542589962482 494.16337631642818 142.68234832584858 294.2436168640852 253.40008638799191 196.43329979479313 310.61105427145958 180.11787229776382 1962.5030254870653 184.69653783738613 485.67923031747341 473.6344688385725 290.48503512144089 173.65208593010902
leaf_count=1502 1433 581 1093 909 767 856 574 7013 750 2293 1451 959 558
internal_value=0 -0.00283173 0.00576311 0.00743371 -0.00106102 0.00958824 -0.000458212 -0.00139218 -0.00943911 -0.0114804 0.0078188 0.00423914 0.000983976
internal_weight=0 3846.96 1999.7 1705.46 3033.9 1278.41 2837.47 2366.87 813.058 628.362 967.798 470.603 427.052
internal_count=20739 14439 6300 5207 10815 3740 10048 8515 3624 2874 2884 1533 1467
is_linear=0
shrinkage=0.0363047


Tree=93
num_leaves=6
num_cat=0
split_feature=22 37 14 32 32
split_gain=14.3275 9.85056 7.81348 6.46494 5.024
threshold=1.5000000000000002 -0.85540069686411124 2.3000000000000003 0.48148148148148157 0.14285714285714293
decision_type=2 2 2 2 2
left_child=2 -2 3 4 -1
right_child=1 -3 -4 -5 -6
leaf_value=0.00097236919480426338 -0.009715190554734885 -0.0017389838714322976 -0.0057750585928902209 -0.00041316758402923679 0.0042410160389492286
leaf_weight=1256.1693815439939 233.03004506230354 1642.5380843579769 208.14981138706207 1534.4694443643093 1223.3959021270275
leaf_count=4360 938 5541 797 5084 4019
internal_value=0 -0.00272999 0.00108329 0.00143893 0.00258509
internal_weight=0 1875.57 4222.18 4014.03 2479.57
internal_count=20739 6479 14260 13463 8379
is_linear=0
shrinkage=0.0363047


Tree=94
num_leaves=13
num_cat=0
split_feature=25 37 26 2 25 2 37 38 39 16 44 25
split_gain=85.0408 40.2259 20.3128 14.3761 10.4435 9.80352 8.58924 6.91878 6.44901 5.29041 5.28761 4.7462
threshold=0.28986819310478618 -0.42857142857142849 0.58490715941258886 2.1183473389355747 4.2405534067432784 2.0533428165007117 0.20689655172413798 0.14285714285714293 1.2390476190476194 1.3 -0.03509852216748769 8.2552556469381901
decision_type=2 2 2 2 2 2 2 2 2 2 2 2
left_child=1 3 4 10 9 11 8 -6 -3 -2 -1 -4
right_child=2 6 5 -5 7 -7 -8 -9 -10 -11 -12 -13
leaf_value=0.0047771608526577733 -0.0018661191817172533 0.00030616191725041332 -0.0011812791576661366 0.01405464622697486 -0.015576274766390097 0.0058978988933908695 -0.0046245927494297208 -0.0082219531335917858 0.004979612641779335 -0.007403169386858038 0.010887153083170682 -0.0076042655912290794
leaf_weight=1154.9178321659565 465.65160694718361 2046.9622384607792 623.91111707687378 344.7191569507122 226.95173716545105 219.09379300475121 385.26172211766243 655.8249825835228 480.5350461602211 444.57882726192474 222.67689734697342 200.32040113210678
leaf_count=3150 1282 5520 1703 1033 745 603 1052 1932 1287 1235 618 579
internal_value=0 0.0030257 -0.00495555 0.007424 -0.00729918 -0.000927908 0.000424993 -0.0101127 0.00119469 -0.00457055 0.00576479 -0.00274232
internal_weight=0 4635.07 2836.33 1722.31 1793.01 1043.33 2912.76 882.777 2527.5 910.23 1377.59 824.232
internal_count=20739 12660 8079 4801 5194 2885 7859 2677 6807 2517 3768 2282
is_linear=0
shrinkage=0.0363047


Tree=95
num_leaves=13
num_cat=0
split_feature=25 35 2 27 2 34 43 2 5 25 8 25
split_gain=97.32 39.0162 21.9517 14.0093 13.0278 9.98617 8.95556 8.37673 9.36487 5.25634 4.48901 4.47824
threshold=3.2514694964311142 -0.62678571428571406 1.8024390243902442 0.28699643850311662 2.0116279069767447 -0.039999999999999945 -0.25866188769414572 1.6183473389355745 0.89066116504783699 10.42612171687958 0.94201680672268917 0.24728820156579909
decision_type=2 2 2 2 2 2 2 2 2 2 2 2
left_child=1 4 5 -3 6 9 11 8 -5 -2 -9 -1
right_child=2 3 -4 7 -6 -7 -8 10 -10 -11 -12 -13
leaf_value=-0.0060881552263936777 0.006152628973804003 -0.010870126274949793 -0.00088866055599085827 -0.0036912395009724027 -0.014645660491135538 0.017786059180672796 -0.013839171033379527 -0.0096964848151841563 0.0019562674870982869 0.011416700746190616 -0.0018993703334269823 6.1091746097659649e-05
leaf_weight=556.86426618695259 492.39839391410351 162.01267875730991 286.84770698845387 476.95243228971958 302.48051895201206 196.05658572912216 158.406878054142 148.42503991723061 2052.0686259716749 507.90272158384323 282.66083307564259 216.89278435707092
leaf_count=2319 1507 585 977 1675 1556 552 734 575 6990 1444 1001 824
internal_value=0 -0.00263558 0.00813123 -0.000475103 -0.00809891 0.0102939 -0.00597453 9.38381e-05 0.000891194 0.00882546 -0.00458396 -0.00436445
internal_weight=0 4356.76 1483.21 3122.12 1234.64 1196.36 932.164 2960.11 2529.02 1000.3 431.086 773.757
internal_count=20739 16259 4480 10826 5433 3503 3877 10241 8665 2951 1576 3143
is_linear=0
shrinkage=0.0363047


Tree=96
num_leaves=3
num_cat=0
split_feature=2 39
split_gain=9.39004 4.61247
threshold=2.1624764299182906 0.77913279132791347
decision_type=2 2
left_child=-1 -2
right_child=1 -3
leaf_value=0.00029485851713867921 -0.0016447376941769126 -0.0096670068927260898
leaf_weight=5716.7318540662527 190.91588903963566 186.98001030087471
leaf_count=19210 714 815
internal_value=0 -0.0056141
internal_weight=0 377.896
internal_count=20739 1529
is_linear=0
shrinkage=0.0363047


Tree=97
num_leaves=15
num_cat=0
split_feature=10 1 41 16 2 37 22 1 29 6 1 41 22 10
split_gain=57.023 39.1925 21.4597 14.6305 12.9895 12.2139 12.8197 8.61302 7.72125 6.2439 5.36799 5.00763 4.93343 4.8645
threshold=1.3623737373737377 0.57321428571428579 -1.0000000180025095e-35 0.90000000000000013 2.1183473389355747 0.22361111111111107 1.5000000000000002 0.43050193050193059 0.92857142857142883 0.21132376395534294 0.72850122850122856 0.53452380952380962 1.5000000000000002 1.1445993031358885
decision_type=2 2 2 2 2 2 2 2 2 2 2 2 2 2
left_child=2 5 7 -4 12 6 11 -1 13 -8 -6 -2 -3 -5
right_child=1 4 3 8 10 -7 9 -9 -10 -11 -12 -13 -14 -15
leaf_value=-0.013542297985596981 -0.0021848925312437373 0.0029596954957466213 0.0029973619802933582 -0.0056351431232294262 0.0093371654857608791 -0.0056949254839169959 0.0077220511275605409 -0.0059585985208573085 -0.007755172096113907 0.0023776957436463194 0.017823615674850163 0.001510740807462633 0.0093312841868587841 -7.2986885714544075e-05
leaf_weight=340.22525030374527 1096.3709567785263 408.09774976968765 535.65630772709846 323.84736007452011 188.27035111188889 363.79983800649643 419.61811152100563 470.15694588422775 485.96925461292267 919.52989247441292 205.43577772378922 864.1712581217289 263.64405819773674 575.57270726561546
leaf_count=1090 2999 1125 1462 888 540 1001 1135 1378 1380 2483 629 2327 734 1568
internal_value=0 0.00240063 -0.00418794 -0.0020979 0.00852928 0.000618249 0.00131429 -0.00914249 -0.00406796 0.00405233 0.0137654 -0.000555925 0.00546041 -0.00207571
internal_weight=0 4728.94 2731.43 1921.05 1065.45 3663.49 3299.69 810.382 1385.39 1339.15 393.706 1960.54 671.742 899.42
internal_count=20739 12973 7766 5298 3028 9945 8944 2468 3836 3618 1169 5326 1859 2456
is_linear=0
shrinkage=0.0363047


Tree=98
num_leaves=17
num_cat=0
split_feature=8 1 1 11 36 42 1 8 44 5 36 5 8 8 11 4
split_gain=65.0328 31.4187 18.8754 13.0246 11.9707 11.9654 11.6733 8.90014 9.04396 7.25127 6.54915 5.90627 5.40979 5.17062 4.76881 4.57139
threshold=1.2022727272727274 0.51250781738586626 0.42462121212121218 1.0344687513433168 0.15384615384615388 0.34549071618037136 0.68356867779204122 0.7886762360446572 -0.23999999999999985 1.1673436639678725 -0.46547619047619043 0.96873302315498022 1.4852813852813855 1.4127789046653147 0.93334472440280203 1.3246621621621624
decision_type=2 2 2 2 2 2 2 2 2 2 2 2 2 2 2 2
left_child=1 4 5 14 7 13 9 8 -1 11 -9 -3 -5 -2 -4 -15
right_child=2 6 3 12 -6 -7 -8 10 -10 -11 -12 -13 -14 15 -16 -17
leaf_value=-0.00072395752643002133 0.0072981272603473693 -0.004478693869749085 0.0034282468878949492 -0.0032960952443856603 0.0060812604277615014 0.0009865529475045745 -0.014895634953027669 -0.0042872457569801195 -0.010809840290524878 0.0018068639471999462 0.00087174783810724178 -0.010799386980391209 0.0032521952146140581 0.010352670357392164 0.01165975435464287 0.017580153843859168
leaf_weight=229.46180120110512 274.45261523127556 458.68121564388275 182.31741759181023 434.25238564610481 320.29078075289726 187.4932691603899 233.80708846449852 417.62471705675125 239.47596769034863 139.54853168129921 1451.7493255883455 338.76834362745285 269.46971949934959 258.50690686702728 188.85192453861237 208.27989226579666
leaf_count=838 827 1910 553 1580 1023 612 1208 1606 935 553 4983 1383 844 720 590 574
internal_value=0 -0.00268326 0.00538914 0.00211373 -0.000500995 0.00918003 -0.00763863 -0.0014026 -0.00587459 -0.0058278 -0.000280789 -0.00716382 -0.00078862 0.0112525 0.00761646 0.0135776
internal_weight=0 3829.41 2003.62 1074.89 2658.6 928.733 1170.81 2338.31 468.938 936.998 1869.37 797.45 703.722 741.239 371.169 466.787
internal_count=20739 14439 6300 3567 9385 2733 5054 8362 1773 3846 6589 3293 2424 2121 1143 1294
is_linear=0
shrinkage=0.0363047


Tree=99
num_leaves=5
num_cat=0
split_feature=22 31 14 5
split_gain=13.1328 9.45349 7.09586 7.09318
threshold=1.5000000000000002 -0.11111111111111098 2.3000000000000003 0.70922704615870713
decision_type=2 2 2 2
left_child=2 -2 3 -1
right_child=1 -3 -4 -5
leaf_value=0.0085467835185892467 -0.010827740058170882 -0.0017803307248465986 -0.0054974062156088683 0.001077186528006652
leaf_weight=175.20478811860085 167.16795445978642 1702.2549801170826 206.5150955915451 3840.732461899519
leaf_count=587 694 5785 797 12876
internal_value=0 -0.00258937 0.00106557 0.00140307
internal_weight=0 1869.42 4222.45 4015.94
internal_count=20739 6479 14260 13463
is_linear=0
shrinkage=0.0363047


Tree=100
num_leaves=13
num_cat=0
split_feature=24 38 37 44 34 9 34 11 11 11 15 11
split_gain=56.9625 36.1645 16.7756 15.7019 13.477 12.0581 8.52531 8.02149 5.99039 5.75538 5.11117 4.66896
threshold=5.1791503696875099 0.30769230769230788 0.22361111111111107 -1.1408730158730156 -0.94665718349928873 0.89609552935166503 -0.21052631578947353 0.90433056189768712 1.0557982058859345 1.1991066203318623 1.3779271744364852 0.96075303683830959
decision_type=2 2 2 2 2 2 2 2 2 2 2 2
left_child=1 8 5 -2 10 6 -3 -7 11 -4 -5 -1
right_child=3 2 9 4 -6 7 -8 -9 -10 -11 -12 -13
leaf_value=-0.008308025144715514 -0.0021688990682045676 0.0016726591514488812 -0.010796864413089488 0.0091582291652697774 0.0036720916908742286 -0.0077093375343633454 0.0088338515322201501 -0.00047114744909813693 -0.0052325406878138952 -0.002988494710015545 0.015644643070631025 -0.015840889649760596
leaf_weight=254.36692941188812 223.35578405857086 1095.0317579805851 241.42817860841751 419.41719794273376 477.29600945115089 215.46474868059158 273.92299780249596 3181.9889867007732 363.486058562994 256.70853778719902 258.98880425095558 189.05069866776466
leaf_count=790 624 2953 680 1223 1299 604 737 8713 1066 708 769 573
internal_value=0 -0.00153055 -0.0004336 0.00664305 0.00834608 0.000228922 0.00310559 -0.00093019 -0.0086875 -0.00677292 0.0116345 -0.0115197
internal_weight=0 6071.45 5264.55 1379.06 1155.7 4766.41 1368.95 3397.45 806.904 498.137 678.406 443.418
internal_count=20739 16824 14395 3915 3291 13007 3690 9317 2429 1388 1992 1363
is_linear=0
shrinkage=0.0363047


Tree=101
num_leaves=15
num_cat=0
split_feature=25 33 3 25 36 33 5 8 5 47 27 26 29 5
split_gain=86.6138 30.8221 22.3706 19.0897 13.6124 9.1175 8.98573 8.43492 7.5325 6.11071 6.00464 5.56525 5.52338 5.01666
threshold=0.61032295448163498 -0.79743589743589727 1.3529407158451061 10.42612171687958 0.071428571428571466 -1.0121951219512193 1.2417396941703958 0.96922348484848497 1.1252192244001615 0.22580645161290316 0.55025639700832674 0.80989529779191383 0.91666666666666663 0.99964431796847564
decision_type=2 2 2 2 2 2 2 2 2 2 2 2 2 2
left_child=1 6 3 4 8 -4 11 9 -2 12 -9 -1 -3 -5
right_child=2 7 5 13 -6 -7 -8 10 -10 -11 -12 -13 -14 -15
leaf_value=-0.0082075190879790441 0.0014013182121433614 -0.0050430167862996903 -0.0081836705919531381 0.0076175996759978767 0.014156611614378938 0.0024775237346594974 0.00059513777614614608 -0.00099167867334423189 0.0079775105027760813 -0.0099157714096465566 0.0044173907395175255 -0.015655553665068819 0.00047081709539984818 0.014731276808820932
leaf_weight=947.43974098563194 819.20192182064056 459.10601364076138 181.47822311520576 190.95698910951614 173.65671908855438 253.29769288003445 137.5360993295908 664.93424442410469 318.95334032177925 155.94389809668064 456.00924928486347 153.6771883815527 500.4990706294775 413.82372957468033
leaf_count=4083 2741 1697 675 563 516 791 542 2303 1000 599 1518 817 1735 1159
internal_value=0 -0.00355989 0.00546234 0.00714893 0.00468879 -0.00197253 -0.00815416 -0.00101542 0.00324421 -0.00325036 0.00120878 -0.009247 -0.00216718 0.0124852
internal_weight=0 3475.15 2351.37 1916.59 1311.81 434.776 1238.65 2236.49 1138.16 1115.55 1120.94 1101.12 959.605 604.781
internal_count=20739 13294 7445 5979 4257 1466 5442 7852 3741 4031 3821 4900 3432 1722
is_linear=0
shrinkage=0.0363047


Tree=102
num_leaves=4
num_cat=0
split_feature=24 24 48
split_gain=10.1984 6.34734 6.09819
threshold=5.1791503696875099 -2.3648466517705802 29.250000000000004
decision_type=2 2 2
left_child=1 -1 -3
right_child=-2 2 -4
leaf_value=-0.0015400102725133013 -0.0033327126551601178 0.0023303906129022154 -0.00089598588168643162
leaf_weight=1315.7108558118343 1030.9989767223597 2653.4586334377527 1089.050938308239
leaf_count=4404 3915 8794 3626
internal_value=0 0.000628998 0.00139153
internal_weight=0 5058.22 3742.51
internal_count=20739 16824 12420
is_linear=0
shrinkage=0.0363047


Tree=103
num_leaves=14
num_cat=0
split_feature=25 24 24 25 26 9 28 40 27 5 43 11 40
split_gain=72.0596 34.7799 16.1964 12.7085 10.486 9.50633 9.11534 8.04601 5.95877 5.62472 5.45896 5.11117 4.90886
threshold=0.10821952361941119 3.754872099607995 4.6618294927524913 7.9228313799555936 0.51166062733270778 1.2189113040608721 0.80000000000000027 1.0121951219512197 0.70767862021119243 0.9177921019176094 -0.85540069686411135 1.0615526079257387 0.84292763157894757
decision_type=2 2 2 2 2 2 2 2 2 2 2 2 2
left_child=1 4 3 11 7 -4 12 10 -5 -6 -1 -2 -3
right_child=2 6 5 8 9 -7 -8 -9 -10 -11 -12 -13 -14
leaf_value=0.0014564878793129025 -0.0065047209691388094 0.0083752734778167019 0.0051278319892442241 -0.0064002423888206827 0.00651425498566528 -0.0047731213581926569 0.0038469162459068653 0.0032937530277903043 -0.013274543212000143 0.0018689138167818765 -0.0037133708297999507 -0.0024955118453298263 0.014544438675941523
leaf_weight=376.7513025701046 688.4371385872364 375.45875865221024 329.08394601941109 321.53833168745041 483.79735934734344 208.98592427372932 332.83975633978844 470.07391068339348 344.01305314898491 1185.1283830404282 943.03223299980164 1071.3092637062073 310.66786298155785
leaf_count=1033 1933 1075 908 958 1306 584 903 1264 1126 3196 2545 2964 944
internal_value=0 0.00288206 -0.00441596 -0.00568017 0.0011454 0.00128231 0.008777 -0.00078486 -0.00995346 0.00321553 -0.00223756 -0.00406397 0.0111686
internal_weight=0 4477.75 2963.37 2425.3 3458.78 538.07 1018.97 1789.86 665.551 1668.93 1319.78 1759.75 686.127
internal_count=20739 12266 8473 6981 9344 1492 2922 4842 2084 4502 3578 4897 2019
is_linear=0
shrinkage=0.0363047


Tree=104
num_leaves=12
num_cat=0
split_feature=25 2 2 5 37 37 25 25 43 11 25
split_gain=82.0173 31.9022 18.8937 11.3833 10.011 9.33531 8.1094 7.69334 5.43728 5.43291 4.88136
threshold=3.2514694964311142 1.6183473389355745 1.8024390243902442 0.89066116504783699 -0.55409356725146186 0.099999999999999964 -0.032877735679905672 0.10821952361941119 -0.38709677419354821 1.0791204147661786 10.42612171687958
decision_type=2 2 2 2 2 2 2 2 2 2 2
left_child=1 3 5 8 7 10 9 -3 -1 -5 -2
right_child=2 4 -4 6 -6 -7 -8 -9 -10 -11 -12
leaf_value=-0.0028364640250934689 0.0053143658306399272 -0.012980819202353371 -0.00095392456585705575 0.0029816107592077266 -0.0040295451958313215 0.016253146146558914 0.0038428610613490885 -0.0029263711753512982 -0.010236180974286488 -0.0018023825854756861 0.010422225900994396
leaf_weight=491.96947671473026 482.97309648990631 478.63352870941162 286.57624372839928 400.62827648222446 526.68434144556522 216.11539906263351 698.91857942938805 126.89946416020393 178.32133412361145 1428.5071234554052 503.85958267748356
leaf_count=1752 1474 2455 977 1428 1978 604 2314 546 708 5078 1425
internal_value=0 -0.00245276 0.00742332 -0.000598789 -0.00768996 0.00941902 0.000516464 -0.0108737 -0.00480505 -0.000754563 0.00792235
internal_weight=0 4330.56 1489.52 3198.34 1132.22 1202.95 2528.05 605.533 670.291 1829.14 986.833
internal_count=20739 16259 4480 11280 4979 3503 8820 3001 2460 6506 2899
is_linear=0
shrinkage=0.0363047


Tree=105
num_leaves=4
num_cat=0
split_feature=14 39 48
split_gain=8.86214 6.8415 5.96675
threshold=2.1000000000000005 0.53452380952380962 27.250000000000004
decision_type=2 2 2
left_child=2 -2 -1
right_child=1 -3 -4
leaf_value=0.0012339638872626067 0.00090622263050301507 -0.0081191288387051953 -0.0012581526827311399
leaf_weight=3680.8326064795256 175.50934630632401 299.78841656446457 1930.3494108468294
leaf_count=12380 619 1202 6538
internal_value=0 -0.00478641 0.00037663
internal_weight=0 475.298 5611.18
internal_count=20739 1821 18918
is_linear=0
shrinkage=0.0363047


Tree=106
num_leaves=12
num_cat=0
split_feature=25 34 26 2 8 8 11 2 47 2 47
split_gain=66.8753 33.2073 16.9228 13.5875 10.1293 8.9653 8.78276 7.92378 6.24338 4.44818 4.16434
threshold=0.28986819310478618 -0.6165158371040721 0.58490715941258886 2.1183473389355747 1.1775210084033616 0.75304878048780499 1.1991066203318623 1.9740215924426454 0.035714285714285761 1.1830143540669857 -0.026671408250355546
decision_type=2 2 2 2 2 2 2 2 2 2 2
left_child=1 3 4 8 -2 -3 -6 -4 10 -7 -1
right_child=2 5 7 -5 6 9 -8 -9 -10 -11 -12
leaf_value=0.0045332332787198799 -0.003302860375170909 0.0046465654037221651 -0.0025946690084423284 0.012818728406031705 -0.011069963107416548 -0.003394966820095862 -0.0038325421759836391 0.0047256667221850998 0.0088209977626194334 0.00014857020812341105 -0.0011425688731964772
leaf_weight=994.79515343904495 726.30696275830269 460.6728244125843 778.86946424841881 344.08237242698669 730.95115241408348 668.31787386536598 316.7731993496418 259.93592897057533 395.417111992836 1549.332815527916 205.59166169166565
leaf_count=2708 1997 1236 2167 1055 2281 1817 916 718 1098 4180 566
internal_value=0 0.002658 -0.00444287 0.00627532 -0.00659771 3.80141e-05 -0.00888177 -0.000762932 0.00486445 -0.000919321 0.00356113
internal_weight=0 4618.21 2812.84 1939.89 1774.03 2678.32 1047.72 1038.81 1595.8 2217.65 1200.39
internal_count=20739 12660 8079 5427 5194 7233 3197 2885 4372 5997 3274
is_linear=0
shrinkage=0.0363047


Tree=107
num_leaves=14
num_cat=0
split_feature=27 24 24 10 9 29 27 28 44 5 37 35 39
split_gain=44.065 29.3409 22.0984 15.328 11.5245 10.5833 9.6615 10.605 7.33855 7.17402 6.43037 5.62565 5.22674
threshold=0.57590869292451752 8.6793038195270658 -2.5422448886262301 1.417635658914729 1.0537049480984038 0.7231800766283526 0.28699643850311662 1.072751322751323 -0.83130081300812986 0.99712906960307357 -0.70270270270270263 -0.030776515151515148 0.46247654784240161
decision_type=2 2 2 2 2 2 2 2 2 2 2 2 2
left_child=1 6 11 4 -4 -5 -1 8 -8 -6 -3 -2 -9
right_child=2 10 3 5 9 -7 7 12 -10 -11 -12 -13 -14
leaf_value=-0.008420682363881847 0.0074431233744682961 -0.01575362670836554 -0.00010000320611510138 -0.0072578200704055008 0.0029768669086892119 0.0021850653044509162 0.0033560877658985158 0.007418432151346287 -0.0041197993519138474 0.0098208345127360156 -0.0059926464548697919 0.015191608701101667 0.00063266528427059147
leaf_weight=240.46986836194992 342.4150356054306 240.83656659722328 522.79857143759727 328.75249150395393 361.39600700139999 298.45743507146835 202.61936070024967 172.55692678689957 1186.5416653305292 457.3263748139143 141.05753356218338 193.17075091600418 1125.0171756893396
leaf_count=904 1028 1297 1786 1302 1142 986 699 529 4718 1341 568 562 3877
internal_value=0 -0.00268373 0.0036993 0.00192052 0.00411091 -0.00276443 -0.00144895 -0.000824958 -0.00302939 0.00679981 -0.0121483 0.0102378 0.00153507
internal_weight=0 3309.1 2504.32 1968.73 1341.52 627.21 2927.2 2686.74 1389.16 818.722 381.894 535.586 1297.57
internal_count=20739 12592 8147 6557 4269 2288 10727 9823 5417 2483 1865 1590 4406
is_linear=0
shrinkage=0.0363047


Tree=108
num_leaves=5
num_cat=0
split_feature=22 32 32 32
split_gain=12.3305 7.68644 4.21846 6.23731
threshold=1.5000000000000002 0.089572192513368967 0.48148148148148157 0.14285714285714293
decision_type=2 2 2 2
left_child=2 -2 3 -1
right_child=1 -3 -4 -5
leaf_value=0.00030381270568883217 -0.0063995822065150967 -0.0010879556391456223 -0.00043906488263597941 0.0038154139803842735
leaf_weight=1426.7860191762447 485.60046038031578 1378.2540016025305 1541.9281342327595 1251.3937840461731
leaf_count=5048 1860 4619 5111 4101
internal_value=0 -0.00247182 0.00107368 0.00194463
internal_weight=0 1863.85 4220.11 2678.18
internal_count=20739 6479 14260 9149
is_linear=0
shrinkage=0.0363047


Tree=109
num_leaves=16
num_cat=0
split_feature=24 7 22 7 2 5 35 21 26 7 5 7 2 26 16
split_gain=46.9009 33.5816 20.4181 13.1065 13.3698 10.521 8.96227 7.74918 7.48851 6.48396 5.48354 4.95166 4.89214 4.52729 4.38305
threshold=5.1791503696875099 0.38548951048951058 1.5000000000000002 0.1526806526806527 1.9740215924426454 1.0461623633449217 0.099999999999999964 1.0954451150103341 0.51945437865981503 0.17902930402930406 0.88701002631694525 0.29340028694404596 1.2639318885448918 0.50065456116904061 1.1000000000000003
decision_type=2 2 2 2 2 2 2 2 2 2 2 2 2 2 2
left_child=1 2 6 -2 5 -5 11 13 14 -10 -6 -1 -9 -3 -4
right_child=3 7 8 4 10 -7 -8 12 9 -11 -12 -13 -14 -15 -16
leaf_value=-0.00057614808336051994 0.014674345338029762 -0.0078505223035702665 0.0048162809347880552 0.0042872110177960172 0.013286819984253984 -0.005790073703185173 -0.0087606590859201916 -0.015723054983660154 0.0099526196089501553 0.0030897059172184573 0.0058653713212822485 -0.0038702330886723119 -0.0082436218424100129 1.6729401691562712e-05 -0.00074187733128746832
leaf_weight=2366.2111853659153 197.98929795622826 198.69618284702301 254.86614802479744 397.82596072554588 207.54323664307594 207.91804271936417 235.03822204470634 177.31811892986298 279.94749209284782 515.68774309754372 356.84453067183495 806.44994613528252 329.35132113099098 187.27823022007942 702.26218795776367
leaf_count=6399 586 627 688 1101 621 576 654 578 760 1395 1031 2239 1027 552 1905
internal_value=0 -0.00140709 -0.000282432 0.00603578 0.00457412 0.000828243 -0.00192022 -0.00790883 0.00290173 0.00550445 0.00859447 -0.00141346 -0.0108612 -0.00403326 0.000738161
internal_weight=0 6053.11 5160.46 1368.12 1170.13 605.744 3407.7 892.644 1752.76 795.635 564.388 3172.66 506.669 385.974 957.128
internal_count=20739 16824 14040 3915 3329 1677 9292 2784 4748 2155 1652 8638 1605 1179 2593
is_linear=0
shrinkage=0.0363047


Tree=110
num_leaves=16
num_cat=0
split_feature=27 26 36 4 27 9 9 4 44 11 26 3 16 5 3
split_gain=41.2033 20.5673 20.2504 11.2595 11.1241 11.0325 10.8708 7.55861 7.50799 7.28244 6.87466 6.08437 5.88224 5.46401 4.77184
threshold=0.57590869292451752 0.59985063628352042 -0.55409356725146175 0.89564428312159727 0.28699643850311662 1.1034666697834166 1.2117548874852835 1.35214626391097 -0.36363636363636359 1.0170538361052586 0.39316938650661454 1.3248604663341939 1.1000000000000003 0.99964431796847564 1.3678778927882911
decision_type=2 2 2 2 2 2 2 2 2 2 2 2 2 2 2
left_child=2 5 3 11 -4 12 -3 9 -9 -6 -7 -1 -2 -14 -5
right_child=1 6 4 14 7 10 -8 8 -10 -11 -12 -13 13 -15 -16
leaf_value=-0.0078144384203876118 -0.0015792082162728093 -0.0041626606585758903 -0.0094141906500451612 -0.0013522081769536871 0.0039987018952714788 0.014032889699843698 0.0051412882551521641 0.0082227230460735611 -0.0008749873081117383 -0.0023034423948555161 0.0067175875267046397 -0.016621699772592761 -2.0269484341110318e-05 0.0076811660612238443 -0.0086513509775629563
leaf_weight=255.31766074895859 278.99226419627666 542.28471784293652 180.03055386245251 389.87136428058147 293.97806745767593 224.02509334683418 238.23890201747417 257.0325680077076 223.54113276302814 1358.2807349264622 693.42071451246738 173.73671218752861 188.70218326151371 340.54895955324173 169.31966757774353
leaf_count=1154 946 2033 652 1603 1025 634 777 817 778 4844 2047 929 626 1084 790
internal_value=0 0.00356743 -0.00260674 -0.00695677 -0.000748043 0.00577928 -0.00132282 -1.65408e-05 0.00399088 -0.00118213 0.00850386 -0.0113808 0.00268657 0.00493525 -0.00356234
internal_weight=0 2506.21 3301.11 988.245 2312.86 1725.69 780.524 2132.83 480.574 1652.26 917.446 429.054 808.243 529.251 559.191
internal_count=20739 8147 12592 4476 8116 5337 2810 7464 1595 5869 2681 2083 2656 1710 2393
is_linear=0
shrinkage=0.0363047


Tree=111
num_leaves=4
num_cat=0
split_feature=22 32 15
split_gain=11.3972 7.2392 4.98607
threshold=1.5000000000000002 0.089572192513368967 1.4487266298961148
decision_type=2 2 2
left_child=2 -2 -1
right_child=1 -3 -4
leaf_value=0.0016029919784099188 -0.0061928098639283842 -0.0010267131631609046 -0.0017359431958974161
leaf_weight=3513.7124131917953 482.930539265275 1376.6330977976322 708.3099203556776
leaf_count=11778 1860 4619 2482
internal_value=0 -0.00236835 0.00104283
internal_weight=0 1859.56 4222.02
internal_count=20739 6479 14260
is_linear=0
shrinkage=0.0363047


Tree=112
num_leaves=15
num_cat=0
split_feature=24 7 40 14 37 8 26 40 20 40 26 44 26 24
split_gain=43.8815 31.4967 15.0684 14.0283 12.6292 11.8324 7.44209 5.97081 5.61495 5.25284 4.82128 4.61264 4.24783 4.21381
threshold=5.1791503696875099 0.38548951048951058 0.066666666666666721 1.9000000000000001 0.22361111111111107 0.84731934731934744 0.4876630055945278 0.042572463768115902 1.7000000000000004 0.77032967032967048 0.70962576279133882 -1.0000000180025095e-35 0.41055145523030623 -1.1393621838257155
decision_type=2 2 2 2 2 2 2 2 2 2 2 2 2 2
left_child=1 4 -2 10 5 11 8 -7 -3 -5 -4 -1 -6 -8
right_child=2 6 3 9 12 7 13 -9 -10 -11 -12 -13 -14 -15
leaf_value=0.0020747121651411436 -0.0025672465228906661 -0.0067991116742022279 0.0021521351483296748 0.0090190711618795792 -0.0087911565177564745 -0.0051024124968660498 -0.0086957784187651366 -0.0002644721006394097 -0.015046237821278495 0.017234044681983571 0.0082471833236887181 0.0072199162303089107 -0.001859637368545641 -0.0015535628361191785
leaf_weight=922.82515823841095 233.0047844350338 210.30700114369392 440.93551769852638 216.07390317320824 278.78278437256813 377.53681248426437 181.90524570643902 3073.2277856469154 225.45807899534702 195.33467862010002 279.47101816534996 305.73780104517937 200.22138133645058 271.1993251144886
leaf_count=2486 650 649 1218 621 777 1065 572 8334 766 612 814 826 552 797
internal_value=0 -0.00136685 0.00584019 0.00757102 -0.000279217 0.000295527 -0.00767866 -0.000793775 -0.011066 0.0129195 0.00451662 0.00335514 -0.00589382 -0.00442091
internal_weight=0 6047.2 1364.82 1131.82 5158.33 4679.33 888.87 3450.76 435.765 411.409 720.407 1228.56 479.004 453.105
internal_count=20739 16824 3915 3265 14040 12711 2784 9399 1415 1233 2032 3312 1329 1369
is_linear=0
shrinkage=0.0363047


Tree=113
num_leaves=13
num_cat=0
split_feature=8 2 47 2 46 31 8 33 26 47 2 26
split_gain=50.058 24.2906 16.8072 14.6381 9.79999 7.66765 6.99234 6.68654 6.90299 6.61523 6.54497 4.48459
threshold=1.2022727272727274 1.6933760683760686 -0.36363636363636359 1.970142602495544 0.21052631578947367 0.44000000000000006 1.8081831831831834 -0.61834733893557403 0.51945437865981503 -0.69631093544137002 2.0923295454545459 0.42945800956413233
decision_type=2 2 2 2 2 2 2 2 2 2 2 2
left_child=1 4 3 6 7 -4 11 9 -9 -1 -3 -2
right_child=2 10 5 -5 -6 -7 -8 8 -10 -11 -12 -13
leaf_value=0.0042561621762291632 0.010018189629929316 -0.0059704711274705781 -0.0064558234978321291 -0.00279018983033474 -0.0088893202226511935 0.0029709117417699668 0.01352307878299471 0.0027602414286941445 -0.0021449173264757905 -0.0036370712710097784 -0.013276329761946287 0.0050756472158303883
leaf_weight=162.98883232474327 353.46998554468155 544.89802868664265 213.48907597362995 195.80972975492477 191.03357644379139 243.37671296298504 234.97007989883423 1098.2565919011831 576.71492157876492 989.89325442910194 229.76900069415569 767.00526885688305
leaf_count=542 1011 2387 857 699 767 791 643 3674 2013 3819 1237 2299
internal_value=0 -0.00240252 0.00468605 0.00648852 -0.000930911 -0.00143411 0.00782894 -0.000393287 0.00107133 -0.00252116 -0.00813741 0.00663484
internal_weight=0 3793.55 2008.12 1551.26 3018.89 456.866 1355.45 2827.85 1674.97 1152.88 774.667 1120.48
internal_count=20739 14439 6300 4652 10815 1648 3953 10048 5687 4361 3624 3310
is_linear=0
shrinkage=0.0363047


Tree=114
num_leaves=6
num_cat=0
split_feature=22 31 24 24 24
split_gain=10.8449 7.90918 5.3728 7.11697 5.6959
threshold=1.5000000000000002 -0.11111111111111098 5.1791503696875099 0.031968852141347814 0.88477437826674044
decision_type=2 2 2 2 2
left_child=2 -2 3 -1 -5
right_child=1 -3 -4 4 -6
leaf_value=0.00041034772334082049 -0.0099584994965079832 -0.0015660162396778073 -0.0018757525471307865 0.0074534321650634216 0.00214988889075608
leaf_weight=2290.4475536048412 162.17118462920189 1694.3560734987259 699.6359455883503 390.85948331654072 841.61565047502518
leaf_count=7567 694 5785 2631 1272 2790
internal_value=0 -0.00229912 0.00103022 0.00160733 0.00383182
internal_weight=0 1856.53 4222.56 3522.92 1232.48
internal_count=20739 6479 14260 11629 4062
is_linear=0
shrinkage=0.0363047


Tree=115
num_leaves=15
num_cat=0
split_feature=10 24 14 9 29 22 46 7 24 29 33 1 15 10
split_gain=42.6004 34.1271 15.6363 14.3413 13.491 9.50458 8.23714 8.1153 5.9272 5.69704 5.16517 4.90122 4.77098 4.41162
threshold=1.3623737373737377 4.0737309801060304 1.9000000000000001 0.96618979381207726 0.11483516483516476 1.5000000000000002 -0.70135135135135118 0.16869918699186995 -0.69022034102663254 0.47722567287784684 -1.0121951219512193 0.48808848553601819 0.62741466934585677 1.0548048048048051
decision_type=2 2 2 2 2 2 2 2 2 2 2 2 2 2
left_child=3 5 10 13 -5 9 -6 -7 -9 -2 -3 -8 -11 -1
right_child=1 2 -4 4 6 7 11 8 -10 12 -12 -13 -14 -15
leaf_value=-0.0046206901755087171 0.0021588147979169012 0.0077825355794624738 0.01409367881220617 0.0023465735383210121 -0.0092618289504257361 0.0063237807480743605 -0.0058798459759852985 -0.0015525847503997765 0.0042801992989345578 -0.0058138392414350685 0.0014808743826681438 0.00078789992045904221 -0.0011310757116471035 0.00138455151898092
leaf_weight=208.88421124219894 526.51086786389351 347.04434850811958 350.71208781003952 244.62876397371292 838.03558738529682 514.27127420902252 497.42863714694977 598.92999175190926 372.40739119052887 369.32153177261353 338.79727721214294 205.26049938797951 1282.908415555954 706.85419973731041
leaf_count=578 1424 1015 1064 671 2648 1389 1379 1631 1009 1013 922 558 3506 1932
internal_value=0 0.00204217 0.00785818 -0.00367899 -0.00557356 0.000396966 -0.00683108 0.00263611 0.000683684 -0.00112983 0.00466959 -0.00393215 -0.00217781 1.47278e-05
internal_weight=0 4700.9 1036.55 2701.09 1785.35 3664.35 1540.72 1485.61 971.337 2178.74 685.842 702.689 1652.23 915.738
internal_count=20739 12973 3001 7766 5256 9972 4585 4029 2640 5943 1937 1937 4519 2510
is_linear=0
shrinkage=0.0363047


Tree=116
num_leaves=12
num_cat=0
split_feature=8 24 47 24 27 29 47 17 13 29 30
split_gain=46.8618 30.3477 15.7485 12.7791 11.2787 10.0692 8.11205 7.32416 6.93735 4.9947 4.47017
threshold=1.2022727272727274 8.6793038195270658 -0.36363636363636359 2.14861784154852 0.28699643850311662 0.94736842105263197 -0.70135135135135118 1.2642926762160591 0.3000000000000001 0.29166666666666669 0.23809523809523822
decision_type=2 2 2 2 2 2 2 2 2 2 2
left_child=1 4 3 -2 -1 6 -6 -7 -4 -3 -5
right_child=2 9 8 10 5 7 -8 -9 -10 -11 -12
leaf_value=-0.0097942220777359913 0.0082251500292497854 -0.016433165301732725 0.0032181427610977163 -0.003024082296371309 0.0043395943536776328 -0.00045397940209205683 -0.0030455708851940587 0.005466615780558925 -0.0057391943366013436 -0.0077509028003907498 0.0045988336122397642
leaf_weight=194.08489738404751 1147.4834606796503 191.98341931402683 220.83061604201794 205.96283711493015 218.85144220292568 674.70257467031479 1880.4617471545935 465.32511153817177 235.49089317023754 160.20861262083054 199.70556439459324
leaf_count=765 3294 1112 738 754 726 2276 7289 1562 910 709 604
internal_value=0 -0.00233448 0.00452503 0.00626712 -0.00129341 -0.000784079 -0.00227567 0.00196263 -0.00140441 -0.0124837 0.000728585
internal_weight=0 3785.62 2009.47 1553.15 3433.43 3239.34 2099.31 1140.03 456.322 352.192 405.668
internal_count=20739 14439 6300 4652 12618 11853 8015 3838 1648 1821 1358
is_linear=0
shrinkage=0.0363047


Tree=117
num_leaves=4
num_cat=0
split_feature=22 31 14
split_gain=10.0762 7.47211 5.57506
threshold=1.5000000000000002 -0.11111111111111098 2.3000000000000003
decision_type=2 2 2
left_child=2 -2 -1
right_child=1 -3 -4
leaf_value=0.0013010827044723056 -0.0096878852870647333 -0.0014959152044195371 -0.0048685830162328624
leaf_weight=4021.0991973876953 160.6932120770216 1691.9240530729294 202.77722252905369
leaf_count=13463 694 5785 797
internal_value=0 -0.00220647 0.00100489
internal_weight=0 1852.62 4223.88
internal_count=20739 6479 14260
is_linear=0
shrinkage=0.0363047


Tree=118
num_leaves=12
num_cat=0
split_feature=10 1 40 1 29 37 27 1 40 0 17
split_gain=39.9815 26.1734 15.6879 10.3818 10.3419 9.0088 8.92846 6.50681 5.04165 4.80424 4.61065
threshold=1.3623737373737377 0.57321428571428579 0.059714795008912601 0.73746867167919816 0.98780487804878059 0.22361111111111107 0.31482981222957679 0.43050193050193059 0.59417229729729748 0.20881782945736438 0.89442719099991574
decision_type=2 2 2 2 2 2 2 2 2 2 2
left_child=2 5 7 9 10 6 -2 -1 -8 -3 -4
right_child=1 3 4 -5 -6 -7 8 -9 -10 -11 -12
leaf_value=-0.010890718142686592 0.0069111779940386813 0.0023902640236251713 0.002430465687277155 0.014381036758516728 -0.0062859986228388665 -0.004918431191758622 -0.0012257675268287985 -0.0047828465989098517 0.0017955948598882183 0.0078885885602175305 -0.0019029333868426802
leaf_weight=396.37103608250618 317.17424109578133 401.86452308297157 601.16132378578186 204.34662771224976 450.1113578081131 361.28184872865677 1271.9203478395939 547.32430703938007 1702.027500629425 437.46427702903748 700.95340478420258
leaf_count=1299 859 1137 1644 650 1284 1001 3493 1618 4592 1241 1921
internal_value=0 0.00197238 -0.00357455 0.00704266 -0.00154213 0.00052354 0.00112093 -0.00734828 0.000503396 0.00525603 9.77136e-05
internal_weight=0 4696.08 2695.92 1043.68 1752.23 3652.4 3291.12 943.695 2973.95 839.329 1302.11
internal_count=20739 12973 7766 3028 4849 9945 8944 2917 8085 2378 3565
is_linear=0
shrinkage=0.0363047


Tree=119
num_leaves=14
num_cat=0
split_feature=8 1 47 1 1 33 31 5 5 43 47 8 47
split_gain=43.929 22.8773 14.7223 10.8093 9.28872 8.28016 7.03133 6.75019 5.99365 5.96387 5.95818 5.027 4.80109
threshold=1.2022727272727274 0.51250781738586626 -0.36363636363636359 0.42462121212121218 0.68356867779204122 -0.61834733893557403 0.44000000000000006 1.1673436639678725 0.96873302315498022 -0.41101055806938142 -0.48610038610038603 1.7236111111111114 0.18350168350168347
decision_type=2 2 2 2 2 2 2 2 2 2 2 2 2
left_child=1 5 3 -2 7 10 -4 8 -3 -7 -1 -5 -11
right_child=2 4 6 11 -6 9 -8 -9 -10 12 -12 -13 -14
leaf_value=0.0017835889435470695 0.0093170512823140001 -0.0035670932838704913 -0.0062028016882460773 0.0016990724834352715 -0.013365228097200619 0.0027899302269316145 0.00283823010467662 0.0024229880361735299 -0.010023919742110655 0.0001321411822154724 -0.0047668144070611342 0.0083701319993459804 -0.007217070021670588
leaf_weight=245.29365983605385 719.28579829633236 446.27849377691746 211.91098782420158 641.92007014155388 216.10273140668869 1050.2955397218466 243.83642792701721 137.36318023502827 329.31038899719715 477.11609689891338 720.94516509771347 193.84185630083084 155.29612901806831
leaf_count=834 2025 1910 857 2067 1208 3442 791 553 1383 1709 2821 560 579
internal_value=0 -0.0022697 0.0043726 0.00605433 -0.00659696 -0.000425299 -0.00136562 -0.00499486 -0.00630862 0.0011128 -0.0031039 0.00324632 -0.00167254
internal_weight=0 3778 2010.8 1555.05 1129.05 2648.95 455.747 912.952 775.589 1682.71 966.239 835.762 632.412
internal_count=20739 14439 6300 4652 5054 9385 1648 3846 3293 5730 3655 2627 2288
is_linear=0
shrinkage=0.0363047


Tree=120
num_leaves=4
num_cat=0
split_feature=24 35 5
split_gain=5.92065 6.76379 4.07373
threshold=5.0086574894983915 -0.11111111111111104 0.99849736954936341
decision_type=2 2 2
left_child=1 2 -1
right_child=-2 -3 -4
leaf_value=0.0028540608798954506 -0.0023532763523402703 -0.0014669044288083157 0.00038052166938881015
leaf_weight=1609.247722029686 1041.9012499898672 1411.8286572098732 1930.1205646693707
leaf_count=5321 4014 4683 6455
internal_value=0 0.000657685 0.00150517
internal_weight=0 4951.2 3539.37
internal_count=20473 16459 11776
is_linear=0
shrinkage=0.0363047


Tree=121
num_leaves=14
num_cat=0
split_feature=25 37 25 37 37 3 4 3 27 16 27 16 37
split_gain=44.4479 24.3791 12.2317 9.86872 9.7088 9.41687 7.77434 5.89177 4.56684 4.47614 6.40533 4.27395 7.95771
threshold=0.10821952361941119 -0.42857142857142849 14.729827512627972 0.17391304347826089 -0.63525498891352528 1.4005982933456114 0.91779279279279291 1.3379298095588801 0.77572083060187402 1.3 0.65598772165152053 1.9000000000000001 1.0000000180025095e-35
decision_type=2 2 2 2 2 2 2 2 2 2 2 2 2
left_child=1 5 4 11 7 6 -1 -2 -4 -6 -11 12 -3
right_child=2 3 8 -5 9 -7 -8 -9 -10 10 -12 -13 -14
leaf_value=0.0075144720179860652 -0.0013589277342126831 0.0010237218303833884 -0.0060480838238027197 -0.0046588865798089258 -0.0018448399040732343 0.010453192198140412 0.0015239014025153108 0.0062775451966937713 -0.013418303766288601 -0.0030226433390601998 -0.0090944805767869934 -0.0019362610252712867 0.0077401461087414193
leaf_weight=515.47665449976921 319.25534582138062 1628.8150997757912 295.8798616528511 446.88442441821098 910.71822069585323 436.89306050539017 640.08454972505569 228.45396193861961 177.15885378420353 585.79186487197876 375.96832294762135 454.59621489048004 271.22481194138527
leaf_count=1459 879 4386 902 1225 2570 1317 1758 637 598 1641 1142 1226 733
internal_value=0 0.00232602 -0.00346893 0.000287191 -0.00242532 0.00591282 0.0041962 0.00182631 -0.00880832 -0.00366894 -0.00539623 0.0012259 0.00198247
internal_weight=0 4393.97 2893.23 2801.52 2420.19 1592.45 1155.56 547.709 473.039 1872.48 961.76 2354.64 1900.04
internal_count=20473 12104 8369 7570 6869 4534 3217 1516 1500 5353 2783 6345 5119
is_linear=0
shrinkage=0.0363047


Tree=122
num_leaves=17
num_cat=0
split_feature=24 42 10 4 4 26 24 34 24 8 31 24 10 42 42 16
split_gain=36.4017 22.9904 20.9163 13.0876 12.853 11.0409 9.20117 7.4008 6.88708 5.6694 5.31583 4.85408 4.79058 4.6596 8.45893 4.08193
threshold=-1.0268230838595296 0.17499999999999991 1.3950428396572829 1.0113636363636365 0.9294019933554819 0.39785976093987446 -3.9162910081703659 -0.70479302832243984 -0.1230823225842443 0.96922348484848497 0.21739130434782603 5.9215725821503264 1.1169630642954858 0.42307692307692307 0.78679653679653705 1.1000000000000003
decision_type=2 2 2 2 2 2 2 2 2 2 2 2 2 2 2 2
left_child=2 4 5 11 12 -1 9 -5 -6 -4 -10 -3 -2 -8 -15 -7
right_child=1 3 6 7 8 15 13 -9 10 -11 -12 -13 -14 14 -16 -17
leaf_value=0.012823740284194916 0.0012138453217099381 -0.0064048213038720176 -0.00078977897732405533 -0.0071329116377661641 0.0083867569320040681 0.00029951520903372488 0.0012326774675251156 0.00023423987368438294 -0.0032671286371856499 0.0076936636665959814 0.0041187774080907597 -0.011866600649971065 -0.0056286430746185336 -0.007654650395762721 0.0016981372070143746 0.0064580511478188399
leaf_weight=318.75673827528954 207.31918132305145 726.97791402041912 162.48138080537319 255.60735578835011 280.62491534650326 201.38534282147884 408.9822344481945 605.38491988182068 203.14890673756599 287.6326567530632 349.23251186311245 304.21769113838673 385.8673670142889 319.37416437268257 212.10102167725563 479.85279284417629
leaf_count=928 666 2952 579 1150 853 629 1341 2176 728 931 1068 1650 1436 1139 794 1453
internal_value=0 -0.00263371 0.00324238 -0.0052572 0.000846992 0.00724692 0.000362618 -0.00195289 0.00375535 0.00463133 0.00140247 -0.00801613 -0.00323719 -0.00168044 -0.00392214 0.00463749
internal_weight=0 3318.38 2390.57 1892.19 1426.19 999.995 1390.57 860.992 833.006 450.114 552.381 1031.2 593.187 940.457 531.475 681.238
internal_count=20473 12679 7794 7928 4751 3010 4784 3326 2649 1510 1796 4602 2102 3274 1933 2082
is_linear=0
shrinkage=0.0363047


Tree=123
num_leaves=2
num_cat=0
split_feature=35
split_gain=4.70721
threshold=-1.4264069264069261
decision_type=2
left_child=-1
right_child=-2
leaf_value=-0.0051069281072152741 0.00034023742477781076
leaf_weight=216.95355568826199 5774.3871880471706
leaf_count=922 19551
internal_value=0
internal_weight=0
internal_count=20473
is_linear=0
shrinkage=0.0363047


Tree=124
num_leaves=10
num_cat=0
split_feature=24 27 27 29 29 46 24 8 20
split_gain=33.1087 21.4082 12.2278 11.5715 10.9042 8.32047 6.22796 5.48924 5.04534
threshold=4.0737309801060304 0.65598772165152053 0.67249990747506239 1.6030303030303032 0.17902930402930417 -0.83558558558558538 -4.5002349748499642 1.1584928229665075 1.5000000000000002
decision_type=2 2 2 2 2 2 2 2 2
left_child=1 3 4 5 -2 -1 -7 -3 -6
right_child=2 7 -4 -5 8 6 -8 -9 -10
leaf_value=-0.0052559086639960935 0.010196241264463697 -0.0024375998010382053 -0.0020429305489087063 -0.0085493812356792088 0.0053054617088456419 -0.0035770695315103618 0.0012826896680837854 -0.0072893572679190426 -0.0014360014952697002
leaf_weight=322.84782645106316 539.23734599351883 508.09124463796616 283.89080742001534 201.83964648842812 504.16174855828285 385.30441626906395 3549.0396808087826 777.95773263275623 206.15300953388214
leaf_count=949 1648 1398 799 569 1404 1050 9621 2464 571
internal_value=0 -0.00124589 0.00475857 -5.57087e-05 0.00630383 0.000346989 0.000806756 -0.00537253 0.0033489
internal_weight=0 5745.08 1533.44 4459.03 1249.55 4257.19 3934.34 1286.05 710.315
internal_count=20473 16051 4422 12189 3623 11620 10671 3862 1975
is_linear=0
shrinkage=0.0363047


Tree=125
num_leaves=10
num_cat=0
split_feature=25 2 5 5 30 2 25 27 25
split_gain=58.1958 24.2307 17.1204 12.0825 9.90455 9.19099 7.50077 4.86196 4.69339
threshold=3.0866641228934291 1.7183493589743593 0.99712906960307357 1.1362994573376517 1.0805405405405408 1.7013513513513516 13.631973022689797 0.39980505079973322 -0.45823572876933821
decision_type=2 2 2 2 2 2 2 2 2
left_child=1 3 5 7 -5 -2 -4 -1 -3
right_child=2 8 6 4 -6 -7 -8 -9 -10
leaf_value=-0.006119625715826171 0.0042316182626198958 -0.0098502967613407003 0.0063088906857561291 -2.9005431231105398e-05 0.0076671472472951826 -0.0056000676025069022 0.012915108772334654 -0.0017528481874061995 -0.0038211058468042639
leaf_weight=409.6035173535347 370.34453332424164 563.05047790706158 575.2743411809206 801.29877308011055 304.02476820349693 189.42429082095623 373.67583610117435 1871.6620852351189 243.88639770448208
leaf_count=1588 1099 2823 1719 2818 978 673 1046 6689 1040
internal_value=0 -0.00237455 0.00593999 -0.00102746 0.00208786 0.000904602 0.00891027 -0.00253691 -0.00802805
internal_weight=0 4193.53 1508.72 3386.59 1105.32 559.769 948.95 2281.27 806.937
internal_count=20473 15936 4537 12073 3796 1772 2765 8277 3863
is_linear=0
shrinkage=0.0363047


Tree=126
num_leaves=3
num_cat=0
split_feature=31 17
split_gain=6.05863 6.44294
threshold=-0.19999999999999998 0.8366600265340739
decision_type=2 2
left_child=-1 -2
right_child=1 -3
leaf_value=-0.0039977026144978273 0.0028337243267207968 -0.00017525148789736939
leaf_weight=430.79891622066498 1194.6844231933355 4364.3328163474798
leaf_count=1783 4016 14674
internal_value=0 0.000471405
internal_weight=0 5559.02
internal_count=20473 18690
is_linear=0
shrinkage=0.0363047


Tree=127
num_leaves=11
num_cat=0
split_feature=25 2 2 24 42 5 35 25 2 5
split_gain=39.8974 26.5802 13.3013 9.10985 8.43298 7.96061 6.65948 6.34844 6.33407 5.37673
threshold=0.10821952361941119 1.5465367965367969 1.8024390243902442 -1.0806266450223181 0.17499999999999991 1.2682407045803694 0.099999999999999964 10.000676291716578 2.1183473389355747 0.92862703930999768
decision_type=2 2 2 2 2 2 2 2 2 2
left_child=1 6 4 -3 5 7 -1 -2 -5 -4
right_child=2 3 9 8 -6 -7 -8 -9 -10 -11
leaf_value=0.0006184500462045224 -0.0035135758433062414 -0.00052001494067172905 0.0058570941450549847 0.0056363150179932426 -0.0016856047471659416 -0.012915415644222017 -0.0054557827241531907 -0.0092605417234935296 0.011344943962251967 -0.0012899761997882762
leaf_weight=2516.711266040802 894.66297109425068 246.0222550034523 235.47708070278168 1019.3303851187229 860.63790559768677 201.6396491676569 262.72880417108536 353.4305749386549 342.17711195349693 337.69519355893135
leaf_count=6793 2587 664 657 2842 2356 650 724 1176 1081 943
internal_value=0 0.0021934 -0.00330419 0.00590926 -0.00453234 -0.00622231 4.42783e-05 -0.00514098 0.00707102 0.00164626
internal_weight=0 4386.97 2883.54 1607.53 2310.37 1449.73 2779.44 1248.09 1361.51 573.172
internal_count=20473 12104 8369 4587 6769 4413 7517 3763 3923 1600
is_linear=0
shrinkage=0.0363047


Tree=128
num_leaves=10
num_cat=0
split_feature=25 37 37 25 36 29 48 3 37
split_gain=54.7119 21.9784 11.0403 9.50765 9.45719 8.75477 8.59651 7.2208 5.03023
threshold=3.0866641228934291 -0.32916666666666666 0.15384615384615388 13.631973022689797 -0.53752345215759834 1.6030303030303032 29.750000000000004 1.4005982933456114 -0.36842105263157882
decision_type=2 2 2 2 2 2 2 2 2
left_child=1 7 3 -2 -5 6 -3 8 -1
right_child=2 5 -4 4 -6 -7 -8 -9 -10
leaf_value=-0.0035722893701107712 0.0021498575036372485 -0.0023092742214420999 0.014077157603418208 0.0019724443652591565 0.0122056847642114 0.0078350315757053264 0.0023046760503709842 -0.010296914096978997 -0.010925024492239364
leaf_weight=1133.7414070665836 812.77906538546085 1608.9808287024498 184.23215693235397 187.69963122904301 325.36486068367958 166.09792564809322 795.3172435760498 343.95659961551428 137.50995562970638
leaf_count=4859 2542 5538 513 585 897 527 2742 1759 511
internal_value=0 -0.00231156 0.00574961 0.00459246 0.00846195 -0.000226131 -0.000783027 -0.00563026 -0.00436763
internal_weight=0 4185.6 1510.08 1325.84 513.064 2570.4 2404.3 1615.21 1271.25
internal_count=20473 15936 4537 4024 1482 8807 8280 7129 5370
is_linear=0
shrinkage=0.0363047


Tree=129
num_leaves=3
num_cat=0
split_feature=31 24
split_gain=5.57827 4.68458
threshold=-0.19999999999999998 -2.3648466517705802
decision_type=2 2
left_child=-1 -2
right_child=1 -3
leaf_value=-0.0038328868156206107 -0.0014690054246721306 0.0010390077082401417
leaf_weight=428.80820140242577 1273.1955258101225 4286.0860972255468
leaf_count=1783 4272 14418
internal_value=0 0.000464619
internal_weight=0 5559.28
internal_count=20473 18690
is_linear=0
shrinkage=0.0363047


Tree=130
num_leaves=11
num_cat=0
split_feature=25 36 25 26 37 3 42 16 3 27
split_gain=37.2991 21.7921 10.4434 8.4494 8.21368 8.01397 6.25101 5.3653 5.32233 4.30397
threshold=0.10821952361941119 -0.47058823529411759 14.729827512627972 0.38547177000518745 -0.63525498891352528 1.4094533516961258 0.15384615384615383 1.3 1.3379298095588801 0.77572083060187402
decision_type=2 2 2 2 2 2 2 2 2 2
left_child=1 5 4 -3 8 -1 7 -6 -2 -4
right_child=2 3 9 -5 6 -7 -8 -9 -10 -11
leaf_value=0.0039188971757585633 -0.0013552762514471922 -0.0037657252717635311 -0.0054880345820609326 0.0011716396772654804 -0.0026464069664790674 0.0097047573750653222 -0.00098124848980640105 -0.007816279104675191 0.0059124324188227521 -0.012699062651974312
leaf_weight=1232.0482913255692 318.72841443121433 580.31294503808022 292.82537706196308 2147.0581876337528 530.80881956219673 424.15421941876411 806.92105758190155 527.53161206841469 227.68412357568741 173.87102398276329
leaf_count=3437 879 1584 902 5789 1544 1294 2207 1602 637 598
internal_value=0 0.00211582 -0.00320344 0.000121098 -0.00224145 0.00540066 -0.00338819 -0.00522334 0.0016731 -0.00817455
internal_weight=0 4383.57 2878.37 2727.37 2411.67 1656.2 1865.26 1058.34 546.413 466.696
internal_count=20473 12104 8369 7373 6869 4731 5353 3146 1516 1500
is_linear=0
shrinkage=0.0363047


Tree=131
num_leaves=12
num_cat=0
split_feature=42 26 28 28 36 26 21 26 3 33 33
split_gain=25.7406 16.3705 12.5066 10.5612 10.3826 8.16108 7.97558 7.22965 7.04156 6.75604 5.57589
threshold=0.18834459459459454 0.37620673436983493 0.90909090909090917 0.23076923076923073 -0.075961538461538428 0.71255086087939612 1.7026854303185148 0.46314542573376993 1.3379298095588801 -0.22222222222222213 -0.38461538461538441
decision_type=2 2 2 2 2 2 2 2 2 2 2
left_child=2 4 8 -3 -2 -5 7 9 -1 -4 -9
right_child=1 3 6 5 -6 -7 -8 10 -10 -11 -12
leaf_value=0.0014608382941148378 -0.0026883769524543005 -0.01086823114317881 0.0038002662100347652 -0.0020350991412617652 0.0076453171255769208 -0.0087456362270956836 0.011806722804403815 0.0034156851267083932 -0.0051396438843022167 0.011838209164378645 -0.0040826599569043793
leaf_weight=791.98466604948044 214.21292959153652 232.37810699641705 401.0183242559433 2181.7306101024151 318.97337673604488 268.23698145896196 189.67046122252941 393.86650338768959 291.41869069635868 209.99959093332291 195.63443247973919
leaf_count=2669 796 1287 1181 8238 1023 1257 538 1205 1090 603 586
internal_value=0 -0.00231648 0.00260963 -0.00347139 0.00349365 -0.00276981 0.00488854 0.00379553 -0.000314589 0.00656281 0.000927251
internal_weight=0 3215.53 2473.59 2682.35 533.186 2449.97 1390.19 1200.52 1083.4 611.018 589.501
internal_count=20473 12601 7872 10782 1819 9495 4113 3575 3759 1784 1791
is_linear=0
shrinkage=0.0363047


Tree=132
num_leaves=3
num_cat=0
split_feature=31 24
split_gain=5.20427 4.45453
threshold=-0.19999999999999998 -2.3648466517705802
decision_type=2 2
left_child=-1 -2
right_child=1 -3
leaf_value=-0.0036982154803374616 -0.0014265903338864633 0.0010197716406008044
leaf_weight=427.19515220820904 1272.1323528885841 4287.3335569053888
leaf_count=1783 4272 14418
internal_value=0 0.000459988
internal_weight=0 5559.47
internal_count=20473 18690
is_linear=0
shrinkage=0.0363047


Tree=133
num_leaves=8
num_cat=0
split_feature=27 26 37 3 9 26 5
split_gain=26.8207 18.1135 12.0395 9.19862 8.89885 7.32843 4.64341
threshold=0.65598772165152053 0.74511959951077678 0.17391304347826089 1.4005982933456114 1.1538789797278366 0.61853718423643522 1.1012084400555164
decision_type=2 2 2 2 2 2 2
left_child=1 2 3 4 -1 -2 -4
right_child=5 -3 6 -5 -6 -7 -8
leaf_value=0.0012596540119785811 -0.005798438036465541 0.0069133534971752338 -0.0008651449088627266 0.0053326677272854594 -0.0032236864535049132 -0.0004996708755967157 -0.0075529581017168444
leaf_weight=3157.9214091598988 1101.7195239961147 643.18781468272209 244.96312646567822 580.25725641846657 715.78389884531498 500.2230663895607 309.99542284011841
leaf_count=8595 3373 1907 682 1637 2005 1407 867
internal_value=0 0.00117797 0.000441499 0.00106978 0.000431222 -0.00414384 -0.0046009
internal_weight=0 5652.11 5008.92 4453.96 3873.71 1601.94 554.959
internal_count=20473 15693 13786 12237 10600 4780 1549
is_linear=0
shrinkage=0.0363047


Tree=134
num_leaves=11
num_cat=0
split_feature=8 28 36 2 10 8 5 28 10 2
split_gain=29.7419 19.0808 18.411 12.9148 8.54646 6.41913 6.19618 9.02532 5.24374 4.83819
threshold=1.1898326898326901 0.70659971305595426 0.22222222222222229 1.7183493589743593 0.97467948717948727 0.88303693570451447 1.1886386620882068 1.3207142857142864 1.4328828828828832 1.7302494802494806
decision_type=2 2 2 2 2 2 2 2 2 2
left_child=2 9 3 5 -3 -1 -6 -8 -5 -2
right_child=1 4 -4 8 6 -7 7 -9 -10 -11
leaf_value=-0.0040643155822755843 0.00099120567574209313 0.011073861551667955 0.0075780615455659254 -0.0026424241604997233 0.0022454126736816118 -0.00040432183336627298 0.0025174604620266127 0.01317410237655634 -0.0095572505922877672 -0.0060842337614623139
leaf_weight=985.80932401120663 242.31163676083088 282.90449512004852 240.2418007850647 212.08129261434078 820.29042825102806 1757.8167964071035 216.6445874273777 202.80642475187778 453.9147200062871 268.55799414217472
leaf_count=3784 813 770 746 972 2502 6228 655 592 2333 1078
internal_value=0 0.00334304 -0.0021358 -0.00282024 0.00538006 -0.00171939 0.00408075 0.00766999 -0.00735528 -0.00272827
internal_weight=0 2033.52 3649.86 3409.62 1522.65 2743.63 1239.74 419.451 665.996 510.87
internal_count=20473 6410 14063 13317 4519 10012 3749 1247 3305 1891
is_linear=0
shrinkage=0.0363047


Tree=135
num_leaves=1
num_cat=0
split_feature=
split_gain=
threshold=
decision_type=
left_child=
right_child=
leaf_value=0
leaf_weight=
leaf_count=
internal_value=
internal_weight=
internal_count=
is_linear=0
shrinkage=1


Tree=136
num_leaves=7
num_cat=0
split_feature=25 1 25 37 29 35
split_gain=33.9852 22.7541 9.67228 9.19177 8.51455 6.67297
threshold=0.10821952361941119 0.56949806949806958 14.729827512627972 0.17391304347826089 0.16666666666666682 -1.3333333333333333
decision_type=2 2 2 2 2 2
left_child=1 3 4 -1 -2 -3
right_child=2 5 -4 -5 -6 -7
leaf_value=0.0013395862359414253 0.0026984855450332664 0.012842959776732655 -0.0078743950349681891 -0.0042854649296287751 -0.0031098495659314233 0.0053861703729330334
leaf_weight=2967.2145412564278 398.7078410089016 198.9641790241003 463.58241926133633 439.61664611101151 2007.7181297689676 771.59146431088448
leaf_count=8023 1101 667 1500 1210 5768 2204
internal_value=0 0.00201081 -0.00307254 0.000613731 -0.0021475 0.00691481
internal_weight=0 4377.39 2870.01 3406.83 2406.43 970.556
internal_count=20473 12104 8369 9233 6869 2871
is_linear=0
shrinkage=0.0363047


Tree=137
num_leaves=13
num_cat=0
split_feature=27 1 29 5 9 5 5 37 37 37 1 42
split_gain=26.6704 20.8371 14.7945 13.8672 10.4028 8.2461 6.52348 6.04311 4.37221 4.23447 4.17946 4.07562
threshold=0.68546837048078768 0.48435972629521024 1.6267857142857147 0.99712906960307357 1.2556180058348074 1.0692801027481964 0.83359407964304344 1.0000000180025095e-35 -0.4285714285714286 -1.1043557168784026 0.59032634032634046 0.55718954248366026
decision_type=2 2 2 2 2 2 2 2 2 2 2 2
left_child=1 2 4 8 6 9 -1 -5 -2 -3 -7 -11
right_child=3 5 -4 7 -6 10 -8 -9 -10 11 -12 -13
leaf_value=-0.0065993021449264689 -0.0042537224894070476 -0.011626304435255355 0.011055933389376807 0.0057329171775920068 0.0065739217482845462 0.0014222673967573362 -0.00035799324173463695 0.013250282676346007 0.0026359265665191062 -0.0039462316941438974 -0.0060238578312832112 -0.0090251351056654331
leaf_weight=246.61651042103767 205.65703766047955 173.58797033876181 162.18893924355507 568.10291302204132 265.06563882529736 341.2064011991024 2102.5344079732895 187.45470568537712 296.34044516086578 690.34229996055365 140.16934676468372 298.20283994078636
leaf_count=899 717 1014 495 1703 820 1292 7319 530 891 2739 639 1415
internal_value=0 -0.00150169 0.000416179 0.00449049 -0.000243924 -0.00474158 -0.00101321 0.00759798 -0.000186607 -0.00639665 -0.000745932 -0.00547833
internal_weight=0 4419.91 2776.41 1257.56 2614.22 1643.51 2349.15 755.558 501.997 1162.13 481.376 988.545
internal_count=20473 16632 9533 3841 9038 7099 8218 2233 1608 5168 1931 4154
is_linear=0
shrinkage=0.0363047


Tree=138
num_leaves=3
num_cat=0
split_feature=0 17
split_gain=6.08735 4.53914
threshold=0.10300618921308578 0.8366600265340739
decision_type=2 2
left_child=-1 -2
right_child=1 -3
leaf_value=-0.0062755246135875811 0.0022354817190372977 -0.00017259307533650965
leaf_weight=186.67360760271549 1342.7005731761456 4454.5182762145996
leaf_count=729 4627 15117
internal_value=0 0.000385144
internal_weight=0 5797.22
internal_count=20473 19744
is_linear=0
shrinkage=0.0363047


Tree=139
num_leaves=8
num_cat=0
split_feature=1 38 42 37 16 35 37
split_gain=25.0032 13.1767 12.3074 10.1123 7.8567 8.55141 7.79097
threshold=0.56949806949806958 0.68965517241379315 -0.24999999999999981 0.30151515151515146 1.9000000000000001 -0.090909090909090842 -1.2928921568627449
decision_type=2 2 2 2 2 2 2
left_child=2 -2 -1 4 5 -4 -3
right_child=1 6 3 -5 -6 -7 -8
leaf_value=-0.0064113440370683677 -0.00091894617394022173 0.012958190915316263 -0.00036345756363609366 -0.0066611783521185559 -0.0035457146855133498 0.0038538522363983207 0.0048056748110222444
leaf_weight=531.60507194697857 503.32226401567459 185.0913949161768 3191.5657139569521 339.24560050666332 763.83240796625614 790.71736568212509 934.87026512622833
leaf_count=1780 1397 612 8736 964 2110 2185 2689
internal_value=0 0.00396025 -0.00115527 -0.000605817 -0.000172988 0.000473926 0.00615301
internal_weight=0 1623.28 5616.97 5085.36 4746.12 3982.28 1119.96
internal_count=20473 4698 15775 13995 13031 10921 3301
is_linear=0
shrinkage=0.0363047


Tree=140
num_leaves=10
num_cat=0
split_feature=25 24 26 26 33 33 28 24 25
split_gain=45.5238 18.2244 13.7419 7.81905 8.03131 7.20775 6.12785 5.38373 4.2485
threshold=3.0866641228934291 1.1671459981952921 0.4123299564539783 0.37337609975220648 -0.48212005108556827 -1.039230769230769 0.52941176470588269 9.4401476678477767 16.866511153648382
decision_type=2 2 2 2 2 2 2 2 2
left_child=1 3 -2 4 -1 7 -4 -3 -8
right_child=2 5 6 -5 -6 -7 8 -9 -10
leaf_value=-0.0030003674562696439 0.011031196875755198 -0.0057989886589218465 -0.0023085582803364733 -0.0014599720369598669 0.0063279547666169889 -0.0034832607751451453 0.0028957218629235945 -0.013242511468838338 0.0084119007553646406
leaf_weight=179.30919316411018 395.79786956310272 295.79399808496237 217.59882241487503 2318.837333291769 378.29058194160461 762.15218318998814 640.055643633008 225.86597441881895 258.29329565167427
leaf_count=636 1120 1427 798 8330 1201 2968 1898 1374 721
internal_value=0 -0.00213707 0.0052191 -0.000531778 0.00332822 -0.00573379 0.00315769 -0.00902185 0.00448173
internal_weight=0 4160.25 1511.75 2876.44 557.6 1283.81 1115.95 521.66 898.349
internal_count=20473 15936 4537 10167 1837 5769 3417 2801 2619
is_linear=0
shrinkage=0.0363047


Tree=141
num_leaves=3
num_cat=0
split_feature=1 1
split_gain=4.30232 6.70946
threshold=0.55086206896551737 0.53410852713178303
decision_type=2 2
left_child=1 -1
right_child=-2 -3
leaf_value=0.00044218759021161436 -0.0015364059961633896 0.0074443282880322526
leaf_weight=4340.2042279094458 1454.4627226293087 188.18547622859478
leaf_count=14398 5441 634
internal_value=0 0.000733174
internal_weight=0 4528.39
internal_count=20473 15032
is_linear=0
shrinkage=0.0363047


Tree=142
num_leaves=11
num_cat=0
split_feature=25 2 2 28 24 24 11 41 2 5
split_gain=30.9617 21.0647 10.6092 8.07325 7.82146 7.11037 6.97396 6.29802 5.14957 4.75141
threshold=0.10821952361941119 1.5465367965367969 1.8024390243902442 1.6363636363636369 -1.0806266450223181 -3.9162910081703659 1.0344687513433168 0.31428571428571445 2.1183473389355747 0.90484709159490173
decision_type=2 2 2 2 2 2 2 2 2 2
left_child=1 3 5 -1 -3 -2 7 -7 -6 -4
right_child=2 4 9 -5 8 6 -8 -9 -10 -11
leaf_value=0.00079370538835660167 -0.0096863441636622777 -0.00071996602931389956 0.0059503379480475779 -0.0048266787314480307 0.0050328416002413607 -0.0079144192809653402 -0.0016454311823842793 -0.00039848378625368254 0.010227802620879946 -0.00097411490585038428
leaf_weight=2384.9469191133976 261.43920132517815 245.81079044938087 202.35205096006393 392.25793048739433 1013.6993739008904 583.1254435479641 1250.6911111474037 196.45526322722435 334.48115007579327 368.39583933353424
leaf_count=6439 833 664 567 1078 2842 1819 3579 538 1081 1033
internal_value=0 0.00190919 -0.00294799 -1.28831e-07 0.0052358 -0.00405099 -0.00332532 -0.00602039 0.0063217 0.00148087
internal_weight=0 4371.2 2862.46 2777.2 1593.99 2291.71 2030.27 779.581 1348.18 570.748
internal_count=20473 12104 8369 7517 4587 6769 5936 2357 3923 1600
is_linear=0
shrinkage=0.0363047


Tree=143
num_leaves=11
num_cat=0
split_feature=27 5 5 11 33 28 34 11 3 34
split_gain=24.0212 14.6803 12.8797 12.7635 6.72813 6.49891 6.16421 5.57978 4.88991 4.58466
threshold=0.68546837048078768 1.0417028979206266 0.99712906960307357 1.0742332911369303 -0.86576576576576558 1.7399355877616751 -0.13840996168582367 0.9770910852307817 1.3819949022734888 -0.7763888888888888
decision_type=2 2 2 2 2 2 2 2 2 2
left_child=1 4 9 7 8 -5 -4 -3 -1 -2
right_child=2 3 6 5 -6 -7 -8 -9 -10 -11
leaf_value=-0.0043416189155286227 -0.0051351434025961882 0.0018418718953065129 0.0053485576245704313 -0.0017271276488401177 -0.0019360770708632406 0.0050328140680316784 0.012916685638506233 0.0094399108165147873 -0.010483889758839628 0.0022101608680903241
leaf_weight=619.04695584625006 168.78359021246433 250.18832063674927 567.29167619347572 1451.4531809538603 1376.4357755482197 215.24600709974766 189.14379155635834 259.5496950596571 235.94254778325558 332.90042200684547
leaf_count=2733 602 838 1696 5321 4896 670 537 886 1288 1006
internal_value=0 -0.00143806 0.00424947 0.000683405 -0.00350724 -0.000854114 0.00724094 0.00571066 -0.00603664 -0.00026105
internal_weight=0 4407.86 1258.12 2176.44 2231.43 1666.7 756.435 509.738 854.99 501.684
internal_count=20473 16632 3841 7715 8917 5991 2233 1724 4021 1608
is_linear=0
shrinkage=0.0363047


Tree=144
num_leaves=2
num_cat=0
split_feature=0
split_gain=5.591
threshold=0.10300618921308578
decision_type=2
left_child=-1
right_child=-2
leaf_value=-0.0060220879280593843 0.00038368439347867376
leaf_weight=185.32835721969604 5796.2644046843052
leaf_count=729 19744
internal_value=0
internal_weight=0
internal_count=20473
is_linear=0
shrinkage=0.0363047


Tree=145
num_leaves=9
num_cat=0
split_feature=25 24 24 27 35 31 31 24
split_gain=29.2383 18.2342 9.95892 7.33845 7.10642 5.32161 4.45367 4.31174
threshold=0.10821952361941119 1.1671459981952921 -3.9162910081703659 0.65598772165152053 -1.3142857142857141 1.1449579831932775 0.54415584415584417 1.6656195768685438
decision_type=2 2 2 2 2 2 2 2
left_child=1 5 -2 -4 -3 -1 -6 -5
right_child=2 4 3 7 6 -7 -8 -9
leaf_value=0.00060182057442836607 -0.0095715179425825605 0.011065188326584759 -0.00052533335248406224 -0.0060629167579245042 0.0050549491167325294 -0.0049926132415764523 -0.00025029044903130445 -0.0012700862920871278
leaf_weight=2576.1805512905121 265.24858230352402 219.87647007405758 1490.9570129513741 727.12093016505241 1067.2326173484325 245.46097436547279 259.21890982985497 374.98176968097687
leaf_count=6964 848 743 4173 2280 3020 678 699 1068
internal_value=0 0.00185162 -0.00287121 -0.00218583 0.00502022 0.000115148 0.00401818 -0.00443219
internal_weight=0 4367.97 2858.31 2593.06 1546.33 2821.64 1326.45 1102.1
internal_count=20473 12104 8369 7521 4462 7642 3719 3348
is_linear=0
shrinkage=0.0363047


Tree=146
num_leaves=8
num_cat=0
split_feature=25 4 4 34 29 25 28
split_gain=41.5642 17.4811 12.0423 8.79381 5.89517 5.78868 4.59997
threshold=3.0866641228934291 0.97402159244264519 1.1206060606060608 -0.70479302832243984 1.5895721925133695 -1.8494692786505398 0.55718954248366026
decision_type=2 2 2 2 2 2 2
left_child=1 5 6 -3 -5 -1 -2
right_child=2 3 -4 4 -6 -7 -8
leaf_value=-0.0085213650439598231 -0.0026155777206104034 -0.0046310594947338536 0.0083872719118761232 0.00014783325551586754 0.0071715435724458675 -0.0036566218326734247 0.0035889818916528802
leaf_weight=475.38629520684481 216.41829055547714 501.92053490132093 717.51852971315384 1998.4596051871777 170.97849354147911 1001.7568951323628 578.4261414706707
leaf_count=2281 796 2179 2039 6887 534 4055 1702
internal_value=0 -0.00205298 0.00497759 -0.000300523 0.000701388 -0.00522223 0.00189962
internal_weight=0 4148.5 1512.36 2671.36 2169.44 1477.14 794.844
internal_count=20473 15936 4537 9600 7421 6336 2498
is_linear=0
shrinkage=0.0363047


Tree=147
num_leaves=1
num_cat=0
split_feature=
split_gain=
threshold=
decision_type=
left_child=
right_child=
leaf_value=0
leaf_weight=
leaf_count=
internal_value=
internal_weight=
internal_count=
is_linear=0
shrinkage=1


Tree=148
num_leaves=9
num_cat=0
split_feature=25 24 24 35 25 24 31 31
split_gain=27.2925 17.1668 9.38234 6.78813 6.27898 7.38323 4.96384 4.20156
threshold=0.10821952361941119 1.1671459981952921 -3.9162910081703659 -1.3142857142857141 13.631973022689797 4.0737309801060304 1.1449579831932775 0.54415584415584417
decision_type=2 2 2 2 2 2 2 2
left_child=1 6 -2 -3 5 -4 -1 -5
right_child=2 3 4 7 -6 -7 -8 -9
leaf_value=0.0005706671263795343 -0.0093008729746822932 0.0107917145844399 -0.0023741811603649483 0.00489345684315921 -0.0062448177938828602 0.0029808031595606266 -0.0048353850383892139 -0.00026012660489390781
leaf_weight=2576.1816461384296 263.97258700430393 218.50719150900841 1761.0344248116016 1065.9288621097803 408.86430487036705 420.36150205135345 245.16841679811478 259.2098280787468
leaf_count=6964 848 743 5036 3020 1307 1178 678 699
internal_value=0 0.00178497 -0.00278059 0.00486298 -0.00211611 -0.00134226 0.000100894 0.00388537
internal_weight=0 4365 2854.23 1543.65 2590.26 2181.4 2821.35 1325.14
internal_count=20473 12104 8369 4462 7521 6214 7642 3719
is_linear=0
shrinkage=0.0363047


Tree=149
num_leaves=10
num_cat=0
split_feature=24 27 8 24 29 8 27 31 2
split_gain=24.2807 16.1031 12.2179 9.02192 8.8452 6.02608 5.29275 6.20172 4.93975
threshold=-1.0268230838595296 0.68546837048078768 1.4714052287581703 -3.2596004435085395 0.20000000000000004 1.1570723684210529 0.62546828644623087 1.1449579831932775 1.6056618819776716
decision_type=2 2 2 2 2 2 2 2 2
left_child=2 4 6 -4 -2 -6 7 -1 -3
right_child=1 8 3 -5 5 -7 -8 -9 -10
leaf_value=-0.00065634231696379611 -0.0076956646230694793 0.0050335044889714842 0.013714231432264632 0.0033516633931301937 -0.003695532877479596 0.00074118209528519375 0.0047155613669700785 0.0061342944221723129 -0.0011297337450134385
leaf_weight=1270.9054230153561 539.02149070799351 433.0128159224987 201.20804777741432 246.27674713730812 1445.5572116449475 559.73201258480549 469.60421267151833 205.9943261295557 283.69816863536835
leaf_count=4476 2812 1322 556 681 5674 1902 1441 640 969
internal_value=0 -0.0022129 0.00260184 0.00801111 -0.00356693 -0.00245712 0.0013583 0.000290799 0.00259389
internal_weight=0 3261.02 2393.99 447.485 2544.31 2005.29 1946.5 1476.9 716.711
internal_count=20473 12679 7794 1237 10388 7576 6557 5116 2291
is_linear=0
shrinkage=0.0363047


Tree=150
num_leaves=8
num_cat=0
split_feature=22 37 41 37 6 41 37
split_gain=9.78096 7.84099 5.72813 5.32959 5.18679 4.64196 4.12924
threshold=1.3 -0.46770833333333334 0.34615384615384615 -0.40582770270270269 0.3246621621621622 0.50000000000000022 -0.030303030303030297
decision_type=2 2 2 2 2 2 2
left_child=1 4 -3 -2 -1 -4 -5
right_child=3 2 5 6 -6 -7 -8
leaf_value=0.00242377131251941 -0.0037210222759620818 -0.001267715498073572 0.0057432620783363589 0.0013721503132853841 0.0079710914706593913 0.0005145231774919696 -0.0021699387019168512
leaf_weight=795.22867849469185 916.95581717789173 1355.5956342667341 348.02150270342827 918.35452742874622 308.27673105895519 626.89658853411674 822.11833737790585
leaf_count=2854 3459 4481 1124 3055 1072 2054 2739
internal_value=0 0.0014524 0.000258665 -0.00148107 0.00397348 0.00238105 -0.000300968
internal_weight=0 3434.02 2330.51 2657.43 1103.51 974.918 1740.47
internal_count=20838 11585 7659 9253 3926 3178 5794
is_linear=0
shrinkage=0.0363047


Tree=151
num_leaves=7
num_cat=0
split_feature=14 43 11 45 17 31
split_gain=16.8705 11.5126 8.96652 6.11955 5.66044 4.48807
threshold=2.3000000000000003 -1.1234756097560974 1.1925565725185607 -1.0000000180025095e-35 0.54772255750516419 0.17647058823529402
decision_type=2 2 2 2 2 2
left_child=1 2 -1 4 -3 -5
right_child=-2 3 -4 5 -6 -7
leaf_value=-0.0052465224914657561 0.0075602648345939492 0.0047346980576362108 0.0010990267683094609 0.0067761849802765225 -0.00047540335090187895 0.0015378355596378816
leaf_weight=929.54234671592712 385.22770497202873 294.33729280531406 428.9402142316103 286.29568567872047 4149.6393023133278 872.69536697864532
leaf_count=2951 1167 819 1246 844 11459 2352
internal_value=0 -0.000244568 -0.00324292 0.000482405 -0.000130323 0.00283182
internal_weight=0 6961.45 1358.48 5602.97 4443.98 1158.99
internal_count=20838 19671 4197 15474 12278 3196
is_linear=0
shrinkage=0.0363047


Tree=152
num_leaves=9
num_cat=0
split_feature=30 21 10 10 26 26 27 48
split_gain=22.0238 18.2026 12.3049 12.0269 9.93165 5.77136 5.42444 5.13071
threshold=0.11269841269841271 1.6582438627918255 1.6823725055432375 1.3854895104895106 0.71948641557221682 0.81837169490754247 0.62301103871031838 25.750000000000004
decision_type=2 2 2 2 2 2 2 2
left_child=5 2 4 -3 7 6 -1 -2
right_child=1 3 -4 -5 -6 -7 -8 -9
leaf_value=-0.0064458986354862273 0.00016292524971547103 0.011940380243562605 -0.0035680557803023541 0.00079750014364071437 -0.0072951374949304561 -0.011863728541159474 0.00057120787465649936 0.003169275374088371
leaf_weight=477.68728593736887 1858.3405721187592 287.14998416602612 1085.9853035509586 229.87221562862396 184.53918129205704 165.61711045354605 208.60886747390032 1252.4974122941494
leaf_count=2361 6160 843 4081 790 707 944 796 4156
internal_value=0 0.000543687 -0.000216557 0.00698617 0.000887923 -0.00578087 -0.00431296 0.00137335
internal_weight=0 4898.38 4381.36 517.022 3295.38 851.913 686.296 3110.84
internal_count=20838 16737 15104 1633 11023 4101 3157 10316
is_linear=0
shrinkage=0.0363047


Tree=153
num_leaves=5
num_cat=0
split_feature=48 6 0 28
split_gain=8.30333 7.10582 6.14441 7.19433
threshold=37.250000000000007 0.37668918918918926 0.12660256410256412 0.50000000000000022
decision_type=2 2 2 2
left_child=1 2 -1 -4
right_child=-2 -3 3 -5
leaf_value=-0.0051422719035859703 -0.0056648292653292097 0.0038437661796284764 0.003378171043870119 -0.00033609676921511459
leaf_weight=288.70396448671818 304.88005509972572 725.02191327512264 832.60273975133896 3939.5539971888065
leaf_count=1124 1033 2401 3066 13214
internal_value=0 0.000482351 7.9212e-07 0.000311935
internal_weight=0 5785.88 5060.86 4772.16
internal_count=20838 19805 17404 16280
is_linear=0
shrinkage=0.0363047


Tree=154
num_leaves=8
num_cat=0
split_feature=14 26 44 26 8 48 45
split_gain=15.9382 12.1852 9.97305 7.89313 9.34024 6.41057 5.33816
threshold=2.3000000000000003 0.85850830036143544 -0.12903225806451601 0.48642087738233347 1.3086080586080588 23.750000000000004 -0.18918918918918901
decision_type=2 2 2 2 2 2 2
left_child=1 2 3 4 -1 -4 -5
right_child=-2 -3 5 6 -6 -7 -8
leaf_value=-0.001507197854812674 0.007352574339154652 0.0082127687926441661 -0.00020532657105078365 0.00057825878954456819 -0.0070010339432653506 0.005162440126263536 -0.003492500281609006
leaf_weight=1705.7452644854784 384.35008175671101 217.65408392250538 576.12204511463642 2825.2562490403652 536.06580021977425 597.25244498252869 499.68115098774433
leaf_count=4710 1167 659 1585 7951 1765 1630 1371
internal_value=0 -0.000241857 -0.000514877 -0.00115603 -0.00282089 0.00252689 -3.35066e-05
internal_weight=0 6957.78 6740.12 5566.75 2241.81 1173.37 3324.94
internal_count=20838 19671 19012 15797 6475 3215 9322
is_linear=0
shrinkage=0.0363047


Tree=155
num_leaves=8
num_cat=0
split_feature=25 37 4 36 35 29 25
split_gain=25.9569 14.716 13.4898 9.53122 8.35519 7.30156 5.41777
threshold=0.070422729073545035 -0.59729729729729719 1.3036890645586301 0.071428571428571466 -0.090909090909090842 0.037037037037037056 -2.0652098603951283
decision_type=2 2 2 2 2 2 2
left_child=1 -1 3 4 5 -2 -3
right_child=2 6 -4 -5 -6 -7 -8
leaf_value=-0.0077973501160814784 -0.0053783554772710409 0.00029900936104097092 0.007157316549730521 0.0091084858823205894 -0.0068161613896495074 0.0018425265284238411 -0.0031050616963903188
leaf_weight=594.4497139826417 209.92856184393167 1210.6112453788519 573.76021809875965 170.53420317173004 202.83657105267048 1527.9675972908735 1255.1542230546474
leaf_count=3225 887 4428 1665 503 618 4934 4578
internal_value=0 -0.0026699 0.00222105 0.000879563 0.000156479 0.000970283 -0.00143377
internal_weight=0 3060.22 2685.03 2111.27 1940.73 1737.9 2465.77
internal_count=20838 12231 8607 6942 6439 5821 9006
is_linear=0
shrinkage=0.0363047


Tree=156
num_leaves=6
num_cat=0
split_feature=22 37 37 6 6
split_gain=9.24852 7.30761 5.0935 4.80968 4.68222
threshold=1.3 -0.46770833333333334 -0.40582770270270269 0.3246621621621622 0.15849282296650721
decision_type=2 2 2 2 2
left_child=1 3 -2 -1 -3
right_child=2 4 -4 -5 -6
leaf_value=0.0023573179376296699 -0.003626097368495789 0.006065031363487375 -0.00027971480837102135 0.0076896450792386384 -0.00019002157985846771
leaf_weight=796.10316766798496 914.71258942782879 170.15739320218563 1739.7068696767092 309.67631796002388 2159.8223330825567
leaf_count=2854 3459 574 5794 1072 7085
internal_value=0 0.00142023 -0.00143288 0.00385065 0.000266782
internal_weight=0 3435.76 2654.42 1105.78 2329.98
internal_count=20838 11585 9253 3926 7659
is_linear=0
shrinkage=0.0363047


Tree=157
num_leaves=9
num_cat=0
split_feature=22 21 13 5 4 38 36 28
split_gain=17.3867 10.4431 6.90618 6.76649 5.92753 5.76285 4.98577 4.08816
threshold=1.7000000000000004 1.7604525947843552 0.70000000000000007 0.89066116504783699 1.4220647773279353 0.29999999999999999 -0.47058823529411759 0.96000000000000019
decision_type=2 2 2 2 2 2 2 2
left_child=1 2 4 -2 5 -1 -5 -3
right_child=3 7 -4 6 -6 -7 -8 -9
leaf_value=-0.0035018713044369875 0.008271789030627941 -0.0027023062618465863 0.0041536802788743575 0.0056807013422933298 -0.0043730141746301633 0.00025218261852351912 0.00078855827750134262 -0.0097993557917476042
leaf_weight=629.31478939950466 315.30765029788017 214.75713855028152 415.14060598611832 400.97437529265881 523.80962544679642 3754.1754104346037 871.02460381388664 213.16439059376717
leaf_count=1939 906 613 1226 1155 1520 10422 2381 676
internal_value=0 -0.000781259 -0.00034257 0.00351087 -0.000722937 -0.000286767 0.00233072 -0.00623762
internal_weight=0 5750.36 5322.44 1587.31 4907.3 4383.49 1272 427.922
internal_count=20838 16396 15107 4442 13881 12361 3536 1289
is_linear=0
shrinkage=0.0363047


Tree=158
num_leaves=12
num_cat=0
split_feature=25 28 36 21 36 35 29 2 2 6 25
split_gain=24.5768 13.5281 10.9443 9.53201 7.20415 5.55122 4.66609 4.54216 5.69456 5.34209 4.32383
threshold=0.070422729073545035 0.23076923076923073 -0.56949806949806947 1.6582438627918255 0.11111111111111106 -0.090909090909090842 0.46666666666666673 1.3580586080586083 1.4382621951219514 0.29478609625668456 -3.8426144460617495
decision_type=2 2 2 2 2 2 2 2 2 2 2
left_child=2 -2 6 4 5 -3 -1 10 -9 -10 -4
right_child=1 3 7 -5 -6 -7 -8 8 9 -11 -12
leaf_value=-0.0082916501146083951 -0.0068023422642815787 0.0021206079443992442 0.0039245181580423449 0.0084132921463310265 0.0081462315338147288 -0.0031914915202361275 -0.0021478476889696106 -0.0077920713994426589 -0.0037653116664397197 0.0027003066093674579 -0.0010742015675940509
leaf_weight=523.41548004746437 205.12909504026175 1593.1146639436483 296.66350156068802 354.15003518760204 223.49972087144852 309.69197119772434 236.57336337864399 260.91560584306717 495.05557464063168 255.28210933506489 986.48646132647991
leaf_count=2914 865 5118 1036 1047 645 932 1051 943 1885 970 3432
internal_value=0 0.00215777 -0.00260323 0.00289876 0.00198028 0.00125604 -0.00637917 -0.00135251 -0.00317208 -0.00156556 8.14994e-05
internal_weight=0 2685.59 3054.39 2480.46 2126.31 1902.81 759.989 2294.4 1011.25 750.338 1283.15
internal_count=20838 8607 12231 7742 6695 6050 3965 8266 3798 2855 4468
is_linear=0
shrinkage=0.0363047


Tree=159
num_leaves=3
num_cat=0
split_feature=22 28
split_gain=8.64067 4.72141
threshold=1.3 0.51564027370478993
decision_type=2 2
left_child=1 -1
right_child=-2 -3
leaf_value=0.0039349179837775096 -0.0013783299491422543 0.0006715430257017757
leaf_weight=746.34605011343956 2651.2272055596113 2691.9555198997259
leaf_count=2663 9253 8922
internal_value=0 0.00137992
internal_weight=0 3438.3
internal_count=20838 11585
is_linear=0
shrinkage=0.0363047


Tree=160
num_leaves=10
num_cat=0
split_feature=22 26 8 46 26 27 6 35 35
split_gain=16.2657 12.5408 7.55422 7.51432 7.38549 6.09481 6.08933 4.91601 8.94835
threshold=1.7000000000000004 0.48642087738233347 1.3594871794871797 0.072299651567944212 0.85850830036143544 0.6007069910671794 0.37668918918918926 0.099999999999999964 -0.090909090909090842
decision_type=2 2 2 2 2 2 2 2 2
left_child=1 2 7 4 6 -2 -3 8 -1
right_child=5 3 -4 -5 -6 -7 -8 -9 -10
leaf_value=-0.0030561019987456282 0.0044777958639365479 0.00029389130070007 -0.0074312454248250748 0.0064540529049268054 0.0066857655361430334 -0.0012736391047576737 -0.0042091097290208662 -0.0071493693424143495 0.0030527921727246904
leaf_weight=1038.1902341544628 1286.6805210113525 2704.4143259078264 407.10944892466068 261.90782828629017 208.698725014925 299.34649337828159 463.67805981636047 208.37002263963223 454.35442781448364
leaf_count=2857 3592 7641 1388 740 635 850 1281 593 1261
internal_value=0 -0.000760781 -0.00298896 0.000530082 7.06122e-05 0.00339227 -0.000365162 -0.00192572 -0.00119646
internal_weight=0 5746.72 2108.02 3638.7 3376.79 1586.03 3168.09 1700.91 1492.54
internal_count=20838 16396 6099 10297 9557 4442 8922 4711 4118
is_linear=0
shrinkage=0.0363047


Tree=161
num_leaves=9
num_cat=0
split_feature=24 21 46 24 44 5 26 15
split_gain=20.908 16.9472 11.7623 10.696 9.8625 9.54683 6.15857 4.84565
threshold=7.6306170785377478 1.6582438627918255 -1.4152298850574707 -3.4701770160189032 -0.99999999999999978 0.8083372383535794 0.71948641557221682 1.0477225575051674
decision_type=2 2 2 2 2 2 2 2
left_child=1 2 -1 -4 -3 -2 -5 -7
right_child=5 4 3 6 -6 7 -8 -9
leaf_value=0.009068405672538301 -0.015751895874551978 0.012507622365902327 0.0034050401729691631 -0.0010101043236964808 0.002461705178059233 9.2495391251032618e-05 -0.006415017466055337 -0.0071090299733969084
leaf_weight=169.94527113437653 120.1684942394495 216.48537129163742 712.39786320924759 3369.411824926734 318.02572624385357 197.00555159151554 302.83515992760658 328.48512379825115
leaf_count=474 663 615 2305 11912 1109 881 1307 1572
internal_value=0 0.000414873 -0.000302832 -0.000666053 0.00653046 -0.00652027 -0.00145583 -0.00440919
internal_weight=0 5089.1 4554.59 4384.64 534.511 645.659 3672.25 525.491
internal_count=20838 17722 15998 15524 1724 3116 13219 2453
is_linear=0
shrinkage=0.0363047


Tree=162
num_leaves=4
num_cat=0
split_feature=22 33 33
split_gain=8.05089 4.59961 5.21525
threshold=1.3 -0.22222222222222213 -0.11764705882352934
decision_type=2 2 2
left_child=1 -1 -3
right_child=-2 2 -4
leaf_value=0.0018832812103287285 -0.0013242655442695531 -0.0065346054120558579 0.0010925681808106177
leaf_weight=2944.9282913953066 2648.2368337213993 194.3035382181406 301.52853353321552
leaf_count=9938 9253 641 1006
internal_value=0 0.00133862 -0.00189632
internal_weight=0 3440.76 495.832
internal_count=20838 11585 1647
is_linear=0
shrinkage=0.0363047


Tree=163
num_leaves=9
num_cat=0
split_feature=22 24 6 7 5 7 20 31
split_gain=15.2666 12.1229 7.96915 7.97345 6.35483 6.27249 5.22795 4.46075
threshold=1.7000000000000004 17.853909412756931 0.37668918918918926 0.34248120300751889 0.89066116504783699 0.16472868217054268 1.7000000000000004 0.052631578947368411
decision_type=2 2 2 2 2 2 2 2
left_child=1 2 3 -1 -2 -4 -5 -6
right_child=4 -3 5 6 7 -7 -8 -9
leaf_value=0.00032851080372844915 0.0079041847651341538 0.0061629338261245488 0.00011950598735930802 -0.00093154615433705789 0.0071911075041117987 -0.0069207567658261656 -0.0056248079238383885 0.0012238953071924358
leaf_weight=3407.5174540877342 314.43023316562176 316.70382413268089 248.61417764425278 693.64753331243992 195.05320204794407 506.83920192718506 569.81089656054974 1075.8281784802675
leaf_count=9380 906 961 679 2072 588 1417 1887 2948
internal_value=0 -0.000741409 -0.00114437 -0.000584853 0.00328305 -0.00460386 -0.00304817 0.00213974
internal_weight=0 5743.13 5426.43 4670.98 1585.31 755.453 1263.46 1270.88
internal_count=20838 16396 15435 13339 4442 2096 3959 3536
is_linear=0
shrinkage=0.0363047


Tree=164
num_leaves=13
num_cat=0
split_feature=24 10 24 4 4 45 10 24 43 37 27 27
split_gain=19.8153 17.2086 11.8909 8.1402 7.73946 7.56847 5.42569 6.76283 4.9436 4.89331 4.08607 4.22698
threshold=7.6306170785377478 1.4058277027027029 -0.065935607862746118 0.68496240601503777 1.6165158371040727 -1.4264069264069261 1.9480431848852904 -3.3226073333604549 -0.96720430107526867 -0.085714285714285729 0.67681619124589953 0.51897032562652767
decision_type=2 2 2 2 2 2 2 2 2 2 2 2
left_child=1 2 5 -2 6 -1 7 -3 -4 -7 11 -5
right_child=3 4 8 10 -6 9 -8 -9 -10 -11 -12 -13
leaf_value=0.011422183659222502 -0.014938596067665275 0.0027284215976519982 0.0022342124336471657 -0.0032940666502586937 0.0058514107658592151 0.0059648498442642197 -0.0064619562806277038 -0.0024157873699292812 -0.0032088709388367193 0.0015308037616964876 0.0014695805908250521 -0.010972124151373566
leaf_weight=188.14072263240814 118.93100179731846 415.19173067808151 408.93900933861732 252.79872786253691 172.68071505427361 624.91926847398281 326.24656285345554 1784.8062172457576 475.82753916084766 690.51692497730255 119.8452957496047 150.92631638050079
leaf_count=516 681 1391 1288 1321 553 2024 1278 6751 1838 2083 413 701
internal_value=0 0.000401729 0.00264634 -0.00636459 -0.00158458 0.00461139 -0.00209286 -0.00144495 -0.000693078 0.00363727 -0.00441697 -0.00616439
internal_weight=0 5087.27 2388.34 642.501 2698.93 1503.58 2526.24 2200 884.767 1315.44 523.57 403.725
internal_count=20838 17722 7749 3116 9973 4623 9420 8142 3126 4107 2435 2022
is_linear=0
shrinkage=0.0363047


Tree=165
num_leaves=4
num_cat=0
split_feature=6 0 28
split_gain=6.47327 5.65312 5.62551
threshold=0.37668918918918926 0.12660256410256412 0.50000000000000022
decision_type=2 2 2
left_child=1 -1 -3
right_child=-2 2 -4
leaf_value=-0.0051677459298243899 0.0032631961363677833 0.0026193950095606332 -0.00055343928043854063
leaf_weight=293.69670110940933 783.35488215088844 897.14966839551926 4114.0971397608519
leaf_count=1151 2584 3288 13815
internal_value=0 -0.000272324 1.45845e-05
internal_weight=0 5304.94 5011.25
internal_count=20838 18254 17103
is_linear=0
shrinkage=0.0363047


Tree=166
num_leaves=7
num_cat=0
split_feature=10 31 21 22 16 22
split_gain=18.1363 12.6806 9.78002 5.45621 5.32198 5.00372
threshold=1.3693957115009749 0.074537037037037013 1.6582438627918255 1.7000000000000004 1.1000000000000003 1.3
decision_type=2 2 2 2 2 2
left_child=2 5 4 -3 -1 -2
right_child=1 3 -4 -5 -6 -7
leaf_value=0.00050972276117443891 0.002474881566631385 -0.00042777904041998744 -0.0082213336758131476 0.0026744314888444043 -0.0029299317412492714 0.0075674823018257965
leaf_weight=1047.9715427309275 495.60156966745853 2511.8980550169945 316.7488202303648 1063.7075521051884 1365.2904172837734 522.28299586474895
leaf_count=2985 1452 6889 996 2894 4023 1599
internal_value=0 0.00151284 -0.00222348 0.000495098 -0.00143624 0.00508793
internal_weight=0 4593.49 2730.01 3575.61 2413.26 1017.88
internal_count=20838 12834 8004 9783 7008 3051
is_linear=0
shrinkage=0.0363047


Tree=167
num_leaves=10
num_cat=0
split_feature=24 10 21 24 4 4 37 10 24
split_gain=18.6921 16.1794 14.2318 11.9314 7.87058 7.34658 5.27643 5.18183 6.26839
threshold=7.6306170785377478 1.4058277027027029 1.6582438627918255 -0.1230823225842443 0.68496240601503777 1.6165158371040727 0.21621621621621617 1.9718253968253971 -3.3226073333604549
decision_type=2 2 2 2 2 2 2 2 2
left_child=1 2 3 6 -2 7 -1 8 -3
right_child=4 5 -4 -5 -6 -7 -8 -9 -10
leaf_value=0.0027222274893795194 -0.014688233528896101 0.0025699864874096957 0.0098152725512962967 -0.0019705927913864097 -0.0042875729999689669 0.0056957311039637602 0.0094300033398400582 -0.0064507591800805897 -0.0023573921995709755
leaf_weight=1091.5327970981598 117.50495529919863 419.88720713555813 310.30911937355995 807.59775759279728 521.5329367890954 173.06108602881432 180.06151786446571 307.76661622524261 1795.1120051890612
leaf_count=3418 681 1407 934 2875 2435 553 522 1210 6803
internal_value=0 0.000387665 0.00256275 0.00148035 -0.00620002 -0.00154027 0.00367207 -0.00203666 -0.00142333
internal_weight=0 5085.33 2389.5 2079.19 639.038 2695.83 1271.59 2522.77 2215
internal_count=20838 17722 7749 6815 3116 9973 3940 9420 8210
is_linear=0
shrinkage=0.0363047


Tree=168
num_leaves=4
num_cat=0
split_feature=6 0 0
split_gain=6.12574 5.3691 4.50606
threshold=0.37668918918918926 0.12660256410256412 0.2561121049493143
decision_type=2 2 2
left_child=1 -1 -3
right_child=-2 2 -4
leaf_value=-0.0050380104878895507 0.0031786689625620391 0.001351920271678655 -0.00086976762686264374
leaf_weight=292.70639073848724 784.42852172255516 2007.8894988149405 3002.6009881943464
leaf_count=1151 2584 7034 10069
internal_value=0 -0.000258658 2.05452e-05
internal_weight=0 5303.2 5010.49
internal_count=20838 18254 17103
is_linear=0
shrinkage=0.0363047


Tree=169
num_leaves=9
num_cat=0
split_feature=22 24 8 17 5 5 38 24
split_gain=13.526 10.9769 8.00132 7.42238 9.62675 7.40116 5.39671 4.5459
threshold=1.7000000000000004 17.853909412756931 1.7042925278219399 1.0000000000000016 1.0160331506448179 1.2379578678370622 0.24999999999999986 1.0420863968922003
decision_type=2 2 2 2 2 2 2 2
left_child=1 2 6 -2 -5 -6 -1 -8
right_child=3 -3 -4 4 5 -7 7 -9
leaf_value=-0.0042538940395447809 0.0056468724684137495 0.0058747987652660238 -0.0071693571265300975 0.0061148967872885632 -0.005546425557340846 0.0032387319157606092 -0.0011642140549046947 0.0012658579480819112
leaf_weight=526.2080390304327 767.30844968557358 315.59758204221725 271.09911338984966 280.94085073471069 330.27990287542343 204.74926048517227 3118.8341498970985 1503.8760040253401
leaf_count=1602 2179 961 969 787 913 563 8652 4212
internal_value=0 -0.000707032 -0.00109028 0.00308352 0.000673039 -0.00218445 -0.000770207 -0.000373655
internal_weight=0 5735.61 5420.02 1583.28 815.97 535.029 5148.92 4622.71
internal_count=20838 16396 15435 4442 2263 1476 14466 12864
is_linear=0
shrinkage=0.0363047


Tree=170
num_leaves=8
num_cat=0
split_feature=26 10 20 36 4 35 16
split_gain=18.1377 13.991 10.67 9.68979 8.0914 5.06044 4.24708
threshold=0.81837169490754247 1.6988372093023256 2.5000000000000004 -0.56949806949806947 1.5058139534883723 -0.70479302832243984 1.1000000000000003
decision_type=2 2 2 2 2 2 2
left_child=1 2 3 5 -5 -1 -3
right_child=-2 6 -4 4 -6 -7 -8
leaf_value=-0.0013840124869909465 -0.010049806213788984 -0.0066322278245978849 0.0081042249135169549 0.00098181507763730439 0.0074399432915030483 -0.0082919897482755175 -0.0019426074912514196
leaf_weight=749.56273551285267 242.83311256766319 366.16436083614826 265.96820859611034 2806.7156375199556 281.33409039676189 171.80607406795025 834.88392504304647
leaf_count=3207 1296 1602 768 9304 851 648 3162
internal_value=0 8.98205e-05 0.00106241 0.00059529 0.00157018 -0.00267213 -0.00337234
internal_weight=0 5476.44 4275.39 4009.42 3088.05 921.369 1201.05
internal_count=20838 19542 14778 14010 10155 3855 4764
is_linear=0
shrinkage=0.0363047


Tree=171
num_leaves=3
num_cat=0
split_feature=36 36
split_gain=4.85691 4.64641
threshold=-0.039999999999999945 -0.15268065268065262
decision_type=2 2
left_child=1 -1
right_child=-2 -3
leaf_value=0.00030276717803037133 -0.0016360533207377531 0.0036442385897944426
leaf_weight=3985.6475543379784 1465.4082137495279 636.01627025008202
leaf_count=13868 4879 2091
internal_value=0 0.000762608
internal_weight=0 4621.66
internal_count=20838 15959
is_linear=0
shrinkage=0.0363047


Tree=172
num_leaves=9
num_cat=0
split_feature=10 14 27 26 35 4 27 26
split_gain=16.2665 12.9175 7.9222 7.72194 6.10385 5.60147 5.10933 4.16101
threshold=1.3693957115009749 2.3000000000000003 0.40230261041946702 0.48642087738233347 -0.51787994891443145 1.4305019305019309 0.43268031167888749 0.45822689855739057
decision_type=2 2 2 2 2 2 2 2
left_child=5 2 4 7 -2 -1 -5 -4
right_child=1 -3 3 6 -6 -7 -8 -9
leaf_value=-0.0016283622996674 0.0069591774667979427 0.0095239882668720303 -0.0011337796514845069 -0.004068348623648463 0.0013728112895489758 -0.0076742408080651111 0.0020139766010373356 -0.0063894961600897858
leaf_weight=2505.423386245966 440.9833786636591 245.6858306825161 951.52075862884521 201.57031472027302 620.57029101252556 219.69136965274811 1878.1151290535927 250.89876013994217
leaf_count=7296 1273 777 2644 565 1677 708 5210 688
internal_value=0 0.0014253 0.000967226 8.54604e-05 0.00369346 -0.00211576 0.00142446 -0.00223045
internal_weight=0 4589.34 4343.66 3282.1 1061.55 2725.11 2079.69 1202.42
internal_count=20838 12834 12057 9107 2950 8004 5775 3332
is_linear=0
shrinkage=0.0363047


Tree=173
num_leaves=9
num_cat=0
split_feature=26 10 21 32 17 10 33 9
split_gain=17.2805 13.3556 14.2047 10.7749 5.17576 4.53861 4.34502 4.14282
threshold=0.81837169490754247 1.4058277027027029 1.6582438627918255 0.88730158730158737 0.8366600265340739 1.6760731319554851 -0.47368421052631571 0.90790960075318916
decision_type=2 2 2 2 2 2 2 2
left_child=1 2 3 6 7 -6 -1 -3
right_child=-2 4 -4 -5 5 -7 -8 -9
leaf_value=0.0011441258047813132 -0.0098473648414751213 -0.0093354902167763487 0.0089338004741137747 0.00777560597449481 0.00063015997844656556 -0.0026047935516330771 -0.0025648510255623816 -0.0026741393284351032
leaf_weight=1362.6487842798233 240.99230128526688 173.73328534513712 337.62039863318205 267.69916509091854 1273.6532620340586 1037.0760271623731 599.43783783912659 421.84731697291136
leaf_count=4727 1296 754 1023 784 4673 4045 1883 1653
internal_value=0 8.59748e-05 0.00199397 0.000943183 -0.00159953 -0.000821716 1.09949e-05 -0.00461728
internal_weight=0 5473.72 2567.41 2229.79 2906.31 2310.73 1962.09 595.581
internal_count=20838 19542 8417 7394 11125 8718 6610 2407
is_linear=0
shrinkage=0.0363047


Tree=174
num_leaves=2
num_cat=0
split_feature=34
split_gain=4.59462
threshold=-0.06896551724137924
decision_type=2
left_child=-1
right_child=-2
leaf_value=0.00058796567422534079 -0.0022862097363721997
leaf_weight=5234.144078746438 852.47042174637318
leaf_count=17987 2851
internal_value=0
internal_weight=0
internal_count=20838
is_linear=0
shrinkage=0.0363047


Tree=175
num_leaves=6
num_cat=0
split_feature=10 1 22 4 4
split_gain=15.1683 12.6609 6.39019 5.78092 5.32147
threshold=1.3693957115009749 0.72850122850122856 1.7000000000000004 0.72850122850122856 1.4305019305019309
decision_type=2 2 2 2 2
left_child=4 2 3 -2 -1
right_child=1 -3 -4 -5 -6
leaf_value=-0.0015718706611326215 0.005860578580851857 0.0097873590179217412 0.0031023132017422867 -0.00037641586378937115 -0.0074740014496722466
leaf_weight=2504.109382212162 210.18426236510277 224.23148748278618 1276.4154808074236 2876.5620999336243 218.94949205219746
leaf_count=7296 593 768 3529 7944 708
internal_value=0 0.00137409 0.000941716 4.82767e-05 -0.00204644
internal_weight=0 4587.39 4363.16 3086.75 2723.06
internal_count=20838 12834 12066 8537 8004
is_linear=0
shrinkage=0.0363047


Tree=176
num_leaves=8
num_cat=0
split_feature=26 27 8 30 26 38 1
split_gain=16.4589 11.0361 10.5038 8.32947 6.69004 5.46159 5.7874
threshold=0.81837169490754247 0.62301103871031838 0.94028520499108748 0.11269841269841271 0.39316938650661454 1.4749373433583963 0.30368906455862982
decision_type=2 2 2 2 2 2 2
left_child=1 3 -3 -1 -4 6 -5
right_child=-2 2 4 5 -6 -7 -8
leaf_value=-0.0056241159724233266 -0.0096472838115011002 -0.0049588589516263151 0.0084642811409996518 0.0044281583373935582 0.0023167539168213705 -0.0035022687893652908 -0.00040597183485349328
leaf_weight=464.08567827194929 239.19858975708485 226.46338065713644 282.56338900327682 384.35617147386074 1338.8538245260715 609.66273052990437 2165.391849398613
leaf_count=2361 1296 817 814 1235 4143 2380 7792
internal_value=0 8.19023e-05 0.00236514 -0.00108248 0.00338808 -0.000415363 0.000322739
internal_weight=0 5471.38 1847.88 3623.5 1621.42 3159.41 2549.75
internal_count=20838 19542 5774 13768 4957 11407 9027
is_linear=0
shrinkage=0.0363047


Tree=177
num_leaves=3
num_cat=0
split_feature=48 34
split_gain=8.02013 4.78826
threshold=37.250000000000007 -0.06896551724137924
decision_type=2 2
left_child=1 -1
right_child=-2 -3
leaf_value=0.00090942571160133911 -0.0055612581238770548 -0.0021029662238534878
leaf_weight=4973.6430952697992 304.0404127985239 808.53252848982811
leaf_count=17099 1033 2706
internal_value=0 0.000488197
internal_weight=0 5782.18
internal_count=20838 19805
is_linear=0
shrinkage=0.0363047


Tree=178
num_leaves=7
num_cat=0
split_feature=14 26 27 26 42 47
split_gain=12.7408 9.34434 7.62214 9.82148 5.04141 4.97493
threshold=2.3000000000000003 0.85850830036143544 0.39327192227567226 0.30604747547859562 0.55718954248366026 -1.2462121212121209
decision_type=2 2 2 2 2 2
left_child=1 2 4 -4 -1 -5
right_child=-2 -3 3 5 -6 -7
leaf_value=-0.0010083924023170385 0.0065755986557802688 0.0071988691925134272 -0.00752073386571928 -0.00614743699050283 0.003995995585530935 -0.00046733403730856549
leaf_weight=415.05571427941322 378.95812086760998 214.47191062569618 293.36688038706779 211.74552911520004 735.47611737251282 5057.3866395801306
leaf_count=1154 1167 659 873 762 2034 14189
internal_value=0 -0.000260865 -0.000499193 -0.00105555 0.00219066 -0.000695595
internal_weight=0 6927.5 6713.03 5562.5 1150.53 5269.13
internal_count=20838 19671 19012 15824 3188 14951
is_linear=0
shrinkage=0.0363047


Tree=179
num_leaves=8
num_cat=0
split_feature=30 21 39 10 4 4 10
split_gain=14.6468 13.437 8.92316 8.78978 5.61881 5.1468 4.06657
threshold=0.11269841269841271 1.6582438627918255 0.27586206896551729 1.6823725055432375 0.68496240601503777 1.5058139534883723 1.6950483091787441
decision_type=2 2 2 2 2 2 2
left_child=4 3 -3 5 -1 -2 -6
right_child=1 2 -4 -5 6 -7 -8
leaf_value=-0.010722295496568264 0.00028123026759912612 0.011738052788778663 0.0020347136724902216 -0.003074925099887371 -0.0018431456665541962 0.0055138585061975066 -0.0089735266848016207
leaf_weight=167.94902668148279 3022.4416553601623 209.86582353711128 308.57366348803043 1071.9109991937876 523.34711986035109 269.87844716012478 132.01391952484846
leaf_count=925 10203 594 1039 4081 2392 820 784
internal_value=0 0.000436913 0.00596265 -0.000219505 -0.00479775 0.00071016 -0.00327947
internal_weight=0 4882.67 518.439 4364.23 823.31 3292.32 655.361
internal_count=20838 16737 1633 15104 4101 11023 3176
is_linear=0
shrinkage=0.0363047


Tree=180
num_leaves=1
num_cat=0
split_feature=
split_gain=
threshold=
decision_type=
left_child=
right_child=
leaf_value=0
leaf_weight=
leaf_count=
internal_value=
internal_weight=
internal_count=
is_linear=0
shrinkage=1


Tree=181
num_leaves=6
num_cat=0
split_feature=1 40 2 4 27
split_gain=11.5305 7.74377 8.34059 5.09814 4.99806
threshold=0.76393188854489169 0.12500000000000014 1.3580586080586083 0.9294019933554819 0.31086276898236859
decision_type=2 2 2 2 2
left_child=1 3 -3 -1 -4
right_child=-2 2 4 -5 -6
leaf_value=0.00050355525721077702 0.0085068475754459597 -0.0011654757510459893 0.0064589213368446419 -0.0041652272294647186 0.0012183770437325572
leaf_weight=462.39969374239445 207.38145457208157 2463.6316111981869 261.42985194921494 924.82673116028309 2908.5167978405952
leaf_count=1336 691 6768 742 2988 8114
internal_value=0 -0.000179231 0.00041908 -0.002609 0.00165057
internal_weight=0 7020.8 5633.58 1387.23 3169.95
internal_count=20639 19948 15624 4324 8856
is_linear=0
shrinkage=0.0363047


Tree=182
num_leaves=8
num_cat=0
split_feature=28 9 24 9 26 41 11
split_gain=15.0393 12.5269 10.1867 9.16454 7.66152 6.49069 6.3311
threshold=0.23076923076923073 1.4997576946136604 -4.837313919094508 0.76696498884736997 0.39109875384104875 0.3373983739837399 1.0344687513433168
decision_type=2 2 2 2 2 2 2
left_child=5 2 4 -4 -2 -1 -5
right_child=1 -3 3 6 -6 -7 -8
leaf_value=-0.002711139412136744 0.010988351417746242 0.0088984003207855829 -0.0063438961563570158 0.0021394324843660808 0.001156724823865696 -0.011996731639989641 -0.0010301207679386584
leaf_weight=209.29184757173061 176.67659547924995 209.82998593151569 345.11690973490477 1128.4207901582122 255.61779727041721 188.65718687325716 3147.5622088983655
leaf_count=923 544 607 1409 3674 829 1187 11466
internal_value=0 0.000206459 -0.000154453 -0.000652999 0.00517486 -0.00711319 -0.000193684
internal_weight=0 5263.22 5053.39 4621.1 432.294 397.949 4275.98
internal_count=20639 18529 17922 16549 1373 2110 15140
is_linear=0
shrinkage=0.0363047


Tree=183
num_leaves=3
num_cat=0
split_feature=33 33
split_gain=4.25703 4.46559
threshold=-0.23746867167919791 -0.27888888888888885
decision_type=2 2
left_child=1 -1
right_child=-2 -3
leaf_value=0.00043151638524936724 -0.0019831866046003893 0.0063803562555506772
leaf_weight=4879.373647376895 977.43315967917442 172.18789294362068
leaf_count=16802 3266 571
internal_value=0 0.000634289
internal_weight=0 5051.56
internal_count=20639 17373
is_linear=0
shrinkage=0.0363047


Tree=184
num_leaves=8
num_cat=0
split_feature=25 26 29 41 45 26 41
split_gain=16.2999 15.9327 5.27078 5.21775 4.38247 5.06577 4.07196
threshold=0.13767897165346887 0.62894606957575883 0.47722567287784684 -0.43614130434782611 0.045454545454545456 0.59471033625925185 0.43669871794871801
decision_type=2 2 2 2 2 2 2
left_child=1 4 -3 -2 5 -1 -5
right_child=3 2 -4 6 -6 -7 -8
leaf_value=8.1208701814280477e-05 -0.007204990655107847 0.0067726122168458424 0.0018929772549421352 -0.0007682764488377695 0.0038231539801079654 -0.0052497901238193921 -0.0040645158242500201
leaf_weight=2512.3964933753014 239.44800664484501 773.76801258325577 468.36433884501457 1945.5887476652861 363.34576568007469 259.17481164634228 662.04498383402824
leaf_count=6855 852 2367 1278 5753 990 709 1835
internal_value=0 0.00145294 0.00493267 -0.00207611 7.4178e-05 -0.000417303 -0.00160515
internal_weight=0 4377.05 1242.13 2847.08 3134.92 2771.57 2607.63
internal_count=20639 12199 3645 8440 8554 7564 7588
is_linear=0
shrinkage=0.0363047


Tree=185
num_leaves=7
num_cat=0
split_feature=26 24 26 11 38 5
split_gain=11.1658 9.30586 10.55 9.183 7.12331 4.09611
threshold=0.79422233047667334 -4.837313919094508 0.38547177000518745 1.0344687513433168 0.46770833333333345 1.0217266585021163
decision_type=2 2 2 2 2 2
left_child=1 2 -1 4 -3 -6
right_child=-2 3 -4 -5 5 -7
leaf_value=0.011847881130886737 -0.0071890427130855633 0.0050840046860470512 0.00062120778637642321 -0.0013632381171466154 -0.0027746097531087636 0.0025912679277967279
leaf_weight=180.54097917675972 294.23043771088123 604.45078845322132 283.67209009826183 3542.7958513945341 392.31338084489107 359.17472764104605
leaf_count=549 1582 1789 911 13088 1497 1223
internal_value=0 7.4736e-05 0.00498747 -0.000390803 0.00214997 -0.000209981
internal_weight=0 5362.95 464.213 4898.73 1355.94 751.488
internal_count=20639 19057 1460 17597 4509 2720
is_linear=0
shrinkage=0.0363047


Tree=186
num_leaves=1
num_cat=0
split_feature=
split_gain=
threshold=
decision_type=
left_child=
right_child=
leaf_value=0
leaf_weight=
leaf_count=
internal_value=
internal_weight=
internal_count=
is_linear=0
shrinkage=1


Tree=187
num_leaves=8
num_cat=0
split_feature=25 1 46 46 1 46 25
split_gain=15.4253 11.6874 6.16826 6.41779 4.95944 4.63538 4.58687
threshold=0.13767897165346887 0.5763403263403265 0.032258064516129052 -0.11111111111111104 0.29340028694404596 -0.14459930313588845 16.099280032438887
decision_type=2 2 2 2 2 2 2
left_child=1 2 3 -1 -2 -3 -6
right_child=4 5 -4 -5 6 -7 -8
leaf_value=0.00077294751279127424 -0.0069349181096874752 0.0073324103383803473 0.0036206461283392988 -0.0031282378800311906 -0.00093888787303152198 0.0020487955092676579 -0.0053325023153674937
leaf_weight=2057.2096368670464 247.33982034027576 519.14505974948406 658.88662928342819 761.54990112781525 2233.606454744935 378.34839205443859 364.25817792117596
leaf_count=5602 791 1553 1791 2061 6431 1192 1218
internal_value=0 0.00141142 0.000458184 -0.000281044 -0.00202263 0.00510504 -0.00155494
internal_weight=0 4375.14 3477.65 2818.76 2845.2 897.493 2597.86
internal_count=20639 12199 9454 7663 8440 2745 7649
is_linear=0
shrinkage=0.0363047


Tree=188
num_leaves=6
num_cat=0
split_feature=7 33 7 24 36
split_gain=13.0652 12.7752 8.43988 6.91352 5.16108
threshold=0.60263157894736852 -1.6830143540669855 0.16869918699186995 0.46644606760096347 0.032258064516129108
decision_type=2 2 2 2 2
left_child=1 -1 4 -4 -3
right_child=-2 2 3 -5 -6
leaf_value=-0.010614009373445865 0.0088891679545220498 -0.0045231129487818336 0.0014171715001977396 -0.001657649104328358 0.0024764612911755339
leaf_weight=163.81217937916517 196.94787527620792 822.95288512855768 2845.2410882711411 1457.519257940352 167.02153035998344
leaf_count=936 555 3570 9225 5796 557
internal_value=0 -0.000628832 -0.000319787 0.000375605 -0.00334219
internal_weight=0 5456.55 5292.73 4302.76 989.974
internal_count=20639 20084 19148 15021 4127
is_linear=0
shrinkage=0.0363047


Tree=189
num_leaves=2
num_cat=0
split_feature=0
split_gain=6.09198
threshold=0.12158167036215818
decision_type=2
left_child=-1
right_child=-2
leaf_value=-0.0049527162738077857 0.00047195899585611027
leaf_weight=286.47330220043659 5741.2934736460447
leaf_count=1133 19506
internal_value=0
internal_weight=0
internal_count=20639
is_linear=0
shrinkage=0.0363047


Tree=190
num_leaves=6
num_cat=0
split_feature=25 30 46 46 41
split_gain=14.5633 11.7432 6.38997 11.1119 4.80714
threshold=0.13767897165346887 0.21807065217391308 0.032258064516129052 -0.17647058823529402 -0.43614130434782611
decision_type=2 2 2 2 2
left_child=1 -1 3 -3 -2
right_child=4 2 -4 -5 -6
leaf_value=0.0047888716327308756 -0.0069130612380178978 0.0013640837517331038 0.0036210385540011037 -0.0034235255368153207 -0.0015210110056829288
leaf_weight=1014.4807527810335 237.81854026019573 1704.6024561226368 631.98729771375656 1022.0993582904339 2605.0482787787914
leaf_count=3075 852 4649 1712 2763 7588
internal_value=0 0.00136576 0.000331822 -0.000430543 -0.00197208
internal_weight=0 4373.17 3358.69 2726.7 2842.87
internal_count=20639 12199 9124 7412 8440
is_linear=0
shrinkage=0.0363047


Tree=191
num_leaves=9
num_cat=0
split_feature=4 40 48 24 3 3 21 40
split_gain=19.7416 8.06373 11.3357 7.94519 6.0002 5.90734 4.70456 4.30624
threshold=0.89564428312159727 0.12500000000000014 27.250000000000004 -4.9773944913714923 1.3411930505332934 1.0245909567890983 1.2642926762160605 0.19999999999999982
decision_type=2 2 2 2 2 2 2 2
left_child=4 2 6 -3 5 -1 -2 -5
right_child=1 3 -4 7 -6 -7 -8 -9
leaf_value=-0.0068120818656439534 -0.0015537047065409925 0.0053695315944362288 0.0087897055830921406 -0.0065470177483428448 -0.0084306011112166724 -0.00089051205957286486 0.0043423970989013589 -0.00028551206537331784
leaf_weight=324.7337074354291 416.26407913863659 325.07917192578316 368.07110308110714 152.89074280112982 323.84744098037481 702.19296784698963 312.10112404823303 2724.3074800521135
leaf_count=1207 1229 1054 1064 491 1661 2873 903 10157
internal_value=0 0.000909685 0.00359688 -1.0392e-05 -0.00412182 -0.00276302 0.000972748 -0.000618241
internal_weight=0 4298.71 1096.44 3202.28 1350.77 1026.93 728.365 2877.2
internal_count=20639 14898 3196 11702 5741 4080 2132 10648
is_linear=0
shrinkage=0.0363047


Tree=192
num_leaves=3
num_cat=0
split_feature=14 33
split_gain=4.16291 5.08229
threshold=2.3000000000000003 -0.23746867167919791
decision_type=2 2
left_child=1 -1
right_child=-2 -3
leaf_value=0.00090951211710671301 -0.0041299778211797665 -0.0019693111642239496
leaf_weight=4776.9460151195526 277.53521949052811 972.88346336781979
leaf_count=16230 1155 3254
internal_value=0 0.000422409
internal_weight=0 5749.83
internal_count=20639 19484
is_linear=0
shrinkage=0.0363047


Tree=193
num_leaves=8
num_cat=0
split_feature=35 41 4 24 46 46 2
split_gain=11.2484 7.30023 6.55588 5.9216 5.75802 7.00748 4.85939
threshold=-1.5156402737047896 -1.0000000180025095e-35 0.90121951219512209 2.14861784154852 0.032258064516129052 -0.11111111111111104 1.3943381180223289
decision_type=2 2 2 2 2 2 2
left_child=-1 2 -2 4 5 -3 -5
right_child=1 3 -4 6 -6 -7 -8
leaf_value=0.0084243096945932072 0.0017123284538263729 -0.00014435097313500106 -0.0052196399154075084 -0.0022539410506550507 0.0027276162677676193 -0.0038905335145239901 0.0030184797670631492
leaf_weight=205.22541336715221 250.13233736157417 2992.0469929277897 639.73323313891888 277.6564174592495 649.6720714867115 843.70996657013893 1353.8151537030935
leaf_count=669 737 8332 2169 756 1760 2282 3934
internal_value=0 -0.000198745 -0.00327113 0.000248216 -0.000433031 -0.000968358 0.00212118
internal_weight=0 7006.77 889.866 6116.9 4485.43 3835.76 1631.47
internal_count=20639 19970 2906 17064 12374 10614 4690
is_linear=0
shrinkage=0.0363047


Tree=194
num_leaves=6
num_cat=0
split_feature=4 25 4 25 9
split_gain=18.7647 9.85336 6.52882 6.08716 4.751
threshold=0.89564428312159727 3.0866641228934291 1.35214626391097 7.9228313799555936 0.76696498884736997
decision_type=2 2 2 2 2
left_child=3 4 -3 -1 -2
right_child=1 2 -4 -5 -6
leaf_value=-0.0050227521716374318 -0.0047024087896293575 0.0020516806941636477 0.0080794473250465054 0.0019460361776635724 0.00024816323211969453
leaf_weight=1154.390977114439 281.07447266578674 885.41918212175369 323.31948132812977 192.79791167378426 2808.7302539646626
leaf_count=5110 1126 2604 907 631 10261
internal_value=0 0.000884983 0.00366402 -0.00402544 -0.000202182
internal_weight=0 4298.54 1208.74 1347.19 3089.8
internal_count=20639 14898 3511 5741 11387
is_linear=0
shrinkage=0.0363047


Tree=195
num_leaves=1
num_cat=0
split_feature=
split_gain=
threshold=
decision_type=
left_child=
right_child=
leaf_value=0
leaf_weight=
leaf_count=
internal_value=
internal_weight=
internal_count=
is_linear=0
shrinkage=1


Tree=196
num_leaves=7
num_cat=0
split_feature=24 8 29 8 15 8
split_gain=9.86908 8.20377 5.50423 5.65745 5.0516 4.6591
threshold=2.14861784154852 1.2714987714987716 0.53846153846153877 1.4058277027027029 1.3779271744364852 0.67054263565891481
decision_type=2 2 2 2 2 2
left_child=1 5 3 4 -2 -1
right_child=2 -3 -4 -5 -6 -7
leaf_value=0.0039600715874588089 0.0029713279730547468 -0.0036049573917479889 -0.00039547562981169423 -0.0016220578852061862 0.0082613737257166489 -0.00043446160300553084
leaf_weight=347.87653318047523 769.85842806100845 1090.1983858644962 722.96899545192719 232.30458438396454 344.34063729643822 3700.3452552109957
leaf_count=943 2282 3507 2026 656 1085 10140
internal_value=0 -0.000809619 0.00215973 0.00353168 0.0046062 -5.68254e-05
internal_weight=0 5138.42 2069.47 1346.5 1114.2 4048.22
internal_count=20639 14590 6049 4023 3367 11083
is_linear=0
shrinkage=0.0363047


Tree=197
num_leaves=6
num_cat=0
split_feature=4 10 9 10 24
split_gain=17.665 13.2548 5.92408 5.13891 7.70801
threshold=0.89564428312159727 1.0116279069767444 0.76696498884736997 1.4058277027027029 -0.47763968399736223
decision_type=2 2 2 2 2
left_child=3 -2 -3 -1 -5
right_child=1 2 -4 4 -6
leaf_value=-0.0018728056307969069 0.0068418371202435806 -0.0050569934759862436 0.00056249093859612282 0.00078239922222236142 -0.008715963993712569
leaf_weight=735.15040747076273 437.76043576002121 265.52201196551323 3595.1216908171773 149.24446476995945 458.73581533133984
leaf_count=2765 1278 1073 12547 568 2408
internal_value=0 0.000854867 0.000176002 -0.00391499 -0.00638435
internal_weight=0 4298.4 3860.64 1343.13 607.98
internal_count=20639 14898 13620 5741 2976
is_linear=0
shrinkage=0.0363047


Tree=198
num_leaves=1
num_cat=0
split_feature=
split_gain=
threshold=
decision_type=
left_child=
right_child=
leaf_value=0
leaf_weight=
leaf_count=
internal_value=
internal_weight=
internal_count=
is_linear=0
shrinkage=1


Tree=199
num_leaves=4
num_cat=0
split_feature=35 8 8
split_gain=10.4481 8.59947 5.9086
threshold=-1.5156402737047896 1.4478221415607988 0.67054263565891481
decision_type=2 2 2
left_child=-1 2 -2
right_child=1 -3 -4
leaf_value=0.0081331155373551497 0.0042378718457066243 -0.0036308949806117107 -4.6962847501606764e-05
leaf_weight=204.10636796057224 458.30796325206757 846.35630765557289 5695.0186663717031
leaf_count=669 1272 2800 15898
internal_value=0 -0.000199757 0.000272177
internal_weight=0 6999.68 6153.33
internal_count=20639 19970 17170
is_linear=0
shrinkage=0.0363047


Tree=200
num_leaves=7
num_cat=0
split_feature=9 26 3 3 25 48
split_gain=12.5897 11.3975 11.0163 7.38527 7.26153 7.63023
threshold=1.4997576946136604 0.79422233047667334 1.3467790515945113 1.2581286502320668 3.6734566458778337 32.250000000000007
decision_type=2 2 2 2 2 2
left_child=1 2 4 -3 5 -1
right_child=-2 3 -4 -5 -6 -7
leaf_value=-0.0011989935434242648 0.0081897944802619641 -0.015561727742793675 -0.0040740710011029947 -0.0032625976724687204 0.0032560500012840227 0.0030714251599437254
leaf_weight=2640.4094343036413 222.32738412171602 102.10189459472895 828.11399612575769 174.03309418261051 973.82584364712238 697.05812356621027
leaf_count=9718 656 493 3364 1043 2828 2537
internal_value=0 -0.000624965 -0.000238907 -0.00781024 0.000497752 -0.000307081
internal_weight=0 5415.54 5139.41 276.135 4311.29 3337.47
internal_count=20639 19983 18447 1536 15083 12255
is_linear=0
shrinkage=0.0363047


Tree=201
num_leaves=2
num_cat=0
split_feature=0
split_gain=5.62019
threshold=0.12158167036215818
decision_type=2
left_child=-1
right_child=-2
leaf_value=-0.0047582478892850642 0.00046628095211890982
leaf_weight=284.84981420636177 5740.5356878787279
leaf_count=1133 19506
internal_value=0
internal_weight=0
internal_count=20639
is_linear=0
shrinkage=0.0363047


Tree=202
num_leaves=9
num_cat=0
split_feature=10 2 9 1 36 8 8 4
split_gain=10.396 12.6892 9.86957 7.26365 6.1585 5.87886 6.67363 4.48778
threshold=1.4058277027027029 1.289898132427844 0.80910731961505278 0.71834935897435914 -0.11764705882352934 1.242833742833743 0.83827375762859646 0.9104278074866311
decision_type=2 2 2 2 2 2 2 2
left_child=5 4 -3 7 -2 6 -1 -4
right_child=1 2 3 -5 -6 -7 -8 -9
leaf_value=-0.0039408452590939946 -0.0044524959531738158 0.0079896215458412807 0.0040574596082742706 0.0084318455247029637 0.0004759274177205506 -0.003830714170715926 0.00083624233587717011 0.00025352772371625812
leaf_weight=526.30335837602615 597.95063823461533 383.15396861732006 534.53445303440094 196.04356904327869 757.58279454708099 1027.5016659647226 1440.1747040599585 1737.6145089715719
leaf_count=1444 1629 1096 1522 682 2094 3353 4021 4798
internal_value=0 0.00119372 0.00256849 0.00172693 -0.00169809 -0.00160516 -0.000442286 0.00114842
internal_weight=0 4206.88 2851.35 2468.19 1355.53 2993.98 1966.48 2272.15
internal_count=20639 11821 8098 7002 3723 8818 5465 6320
is_linear=0
shrinkage=0.0363047


Tree=203
num_leaves=7
num_cat=0
split_feature=28 8 8 48 41 2
split_gain=12.0561 10.6404 6.80112 6.65007 6.00677 5.08132
threshold=0.23076923076923073 1.8081831831831834 0.7886762360446572 29.250000000000004 0.3373983739837399 1.3766891891891893
decision_type=2 2 2 2 2 2
left_child=4 2 5 -4 -1 -2
right_child=1 -3 3 -5 -6 -7
leaf_value=-0.0022065984968665025 -0.00083668676345372093 0.0072232666946335268 -0.00057498142508153509 0.0025780186492649574 -0.011259794422565977 -0.0073475948761708163
leaf_weight=206.1445714533329 361.38240014016628 268.52593858540058 3104.4719547703862 1231.3762848228216 181.7746062502265 280.70171651244164
leaf_count=923 1356 753 10860 4283 1187 1277
internal_value=0 0.000183797 -0.000195935 0.000320467 -0.00644883 -0.00368308
internal_weight=0 5246.46 4977.93 4335.85 387.919 642.084
internal_count=20639 18529 17776 15143 2110 2633
is_linear=0
shrinkage=0.0363047


Tree=204
num_leaves=2
num_cat=0
split_feature=0
split_gain=5.31052
threshold=0.12158167036215818
decision_type=2
left_child=-1
right_child=-2
leaf_value=-0.0046293270865598304 0.00045764090540510922
leaf_weight=283.86022515594959 5741.1451404988766
leaf_count=1133 19506
internal_value=0
internal_weight=0
internal_count=20639
is_linear=0
shrinkage=0.0363047


Tree=205
num_leaves=5
num_cat=0
split_feature=25 30 8 15
split_gain=12.154 9.77525 6.05626 4.81981
threshold=0.13767897165346887 0.21807065217391308 0.73746867167919816 1.3779271744364852
decision_type=2 2 2 2
left_child=1 3 -3 -1
right_child=-2 2 -4 -5
leaf_value=0.0027522338813174597 -0.0018258143079702849 0.0038428302788123198 -0.00038170008856242238 0.0082756326770628049
leaf_weight=713.27467134594917 2832.1291498839855 531.38556224107742 2825.7417214512825 294.08306826651096
leaf_count=2129 8440 1440 7684 946
internal_value=0 0.00122815 0.000286983 0.00436471
internal_weight=0 4364.49 3357.13 1007.36
internal_count=20639 12199 9124 3075
is_linear=0
shrinkage=0.0363047


Tree=206
num_leaves=7
num_cat=0
split_feature=9 28 24 9 11 33
split_gain=11.5093 11.6337 8.25468 7.47133 5.16781 4.49735
threshold=1.4997576946136604 0.21807065217391308 -4.837313919094508 0.76696498884736997 1.0344687513433168 -1.6830143540669855
decision_type=2 2 2 2 2 2
left_child=1 5 -3 -4 -5 -1
right_child=-2 2 3 4 -6 -7
leaf_value=-0.013208031020943771 0.0078266997077425515 0.0046366929249522055 -0.005782850949918308 0.0019150614770555617 -0.00094611563996856607 -0.0042917956684674196
leaf_weight=105.56182633340359 222.4301371127367 433.95478086173534 339.68892429769039 1131.5260972976685 3143.6159601807594 253.90592885762453
leaf_count=670 656 1373 1413 3693 11509 1325
internal_value=0 -0.000599734 -0.00015044 -0.000600597 -0.000188832 -0.00691015
internal_weight=0 5408.25 5048.79 4614.83 4275.14 359.468
internal_count=20639 19983 17988 16615 15202 1995
is_linear=0
shrinkage=0.0363047


Tree=207
num_leaves=1
num_cat=0
split_feature=
split_gain=
threshold=
decision_type=
left_child=
right_child=
leaf_value=0
leaf_weight=
leaf_count=
internal_value=
internal_weight=
internal_count=
is_linear=0
shrinkage=1


Tree=208
num_leaves=7
num_cat=0
split_feature=25 30 46 46 15 1
split_gain=11.4743 9.19775 5.56296 10.4923 4.60185 4.41418
threshold=0.13767897165346887 0.21807065217391308 0.032258064516129052 -0.17647058823529402 1.3779271744364852 0.29340028694404596
decision_type=2 2 2 2 2 2
left_child=1 4 3 -3 -1 -2
right_child=5 2 -4 -5 -6 -7
leaf_value=0.0026615821006959342 -0.0064360114432968794 0.0013110889130442832 0.0033494656987110242 -0.0033421869325797084 0.0080664542426213733 -0.0013362164134583855
leaf_weight=712.47833336889744 244.89162373542786 1704.1578560173512 631.22330003976822 1021.5118206143379 293.02043904364109 2585.4048057943583
leaf_count=2129 791 4649 1712 2763 946 7649
internal_value=0 0.00119073 0.000278376 -0.000432841 0.00423666 -0.00177748
internal_weight=0 4362.39 3356.89 2725.67 1005.5 2830.3
internal_count=20639 12199 9124 7412 3075 8440
is_linear=0
shrinkage=0.0363047


Tree=209
num_leaves=5
num_cat=0
split_feature=7 33 7 37
split_gain=10.3 10.5606 6.66795 4.26933
threshold=0.60263157894736852 -1.6830143540669855 0.16869918699186995 0.33333333333333343
decision_type=2 2 2 2
left_child=1 -1 -3 -4
right_child=-2 2 3 -5
leaf_value=-0.009805481301793215 0.0079156732963121847 -0.0029816473694857454 6.4878903423241311e-05 0.0051379754792360973
leaf_weight=157.95838118344545 195.99469965696335 979.4924693480134 4062.6240645945072 231.08172088861465
leaf_count=936 555 4127 14345 676
internal_value=0 -0.000555773 -0.000278698 0.000337906
internal_weight=0 5431.16 5273.2 4293.71
internal_count=20639 20084 19148 15021
is_linear=0
shrinkage=0.0363047


Tree=210
num_leaves=1
num_cat=0
split_feature=
split_gain=
threshold=
decision_type=
left_child=
right_child=
leaf_value=0
leaf_weight=
leaf_count=
internal_value=
internal_weight=
internal_count=
is_linear=0
shrinkage=1


Tree=211
num_leaves=4
num_cat=0
split_feature=25 0 14
split_gain=11.9539 6.45522 4.99457
threshold=0.070422729073545035 0.31142241379310348 1.9000000000000001
decision_type=2 2 2
left_child=2 -2 -1
right_child=1 -3 -4
leaf_value=0.00041575336674002771 -0.00090622755231501838 -0.0045344879575129832 0.0040978879713351422
leaf_weight=3765.6995208263397 1928.5067711025476 972.09052319824696 557.41197620332241
leaf_count=10374 5719 2915 1725
internal_value=0 -0.00212218 0.000890519
internal_weight=0 2900.6 4323.11
internal_count=20733 8634 12099
is_linear=0
shrinkage=0.0363047


Tree=212
num_leaves=8
num_cat=0
split_feature=25 21 24 37 8 33 4
split_gain=13.2662 8.60573 9.43239 5.66217 4.57478 5.32255 4.24539
threshold=10.42612171687958 1.8437094529227336 2.070927747342834 -1.1043557168784026 0.76393188854489169 -0.84495192307692291 0.78319623971797891
decision_type=2 2 2 2 2 2 2
left_child=1 2 4 -4 -1 -6 -5
right_child=-2 -3 3 6 5 -7 -8
leaf_value=-0.0038982170113448225 0.0041076684151849221 0.00597468634001705 -0.010831093955664617 -0.0082121177308874839 0.0030046138076311535 -0.00071151957710715956 -0.0020511963470959942
leaf_weight=440.96270470321178 773.42432771623135 221.80852628499269 150.681590475142 183.05465154349804 639.63056916743517 2468.5085736215115 757.26319696754217
leaf_count=1765 2251 776 1079 894 2507 8216 3245
internal_value=0 -0.00101131 -0.00134526 -0.00429754 -0.000437721 5.32314e-05 -0.00325056
internal_weight=0 4861.91 4640.1 1091 3549.1 3108.14 940.318
internal_count=20733 18482 17706 5218 12488 10723 4139
is_linear=0
shrinkage=0.0363047


Tree=213
num_leaves=2
num_cat=0
split_feature=48
split_gain=5.343
threshold=37.250000000000007
decision_type=2
left_child=-1
right_child=-2
leaf_value=0.00091067590017458418 -0.0040949031867656806
leaf_weight=5753.9948983043432 295.49638067185879
leaf_count=19724 1009
internal_value=0
internal_weight=0
internal_count=20733
is_linear=0
shrinkage=0.0363047


Tree=214
num_leaves=5
num_cat=0
split_feature=1 25 1 6
split_gain=14.2925 12.4076 6.11824 4.26526
threshold=0.75337837837837851 0.070422729073545035 0.29340028694404596 0.21132376395534294
decision_type=2 2 2 2
left_child=1 3 -3 -1
right_child=-2 2 -4 -5
leaf_value=0.0025566059097701819 0.0081551720278995616 -0.0079629006196493407 -0.0019703578166735992 -7.0583949543579722e-05
leaf_weight=1109.1884077340364 253.20843666791916 246.28062342107296 2546.0652790665627 3065.6741683781147
leaf_count=3084 858 801 7525 8465
internal_value=0 -0.000625559 -0.00249889 0.000627415
internal_weight=0 6967.21 2792.35 4174.86
internal_count=20733 19875 8326 11549
is_linear=0
shrinkage=0.0363047


Tree=215
num_leaves=7
num_cat=0
split_feature=10 29 46 39 16 39
split_gain=10.7312 7.20959 6.55032 7.24854 6.56596 5.78778
threshold=1.4415184678522575 0.050000000000000107 -1.4152298850574707 0.59417229729729737 0.90000000000000013 0.27027027027027034
decision_type=2 2 2 2 2 2
left_child=2 -2 -1 4 -4 -6
right_child=1 -3 3 -5 5 -7
leaf_value=0.0068889198924573418 -0.0086887003763872084 -0.0014168285570946328 -0.0044514276305866332 0.0032905666184372441 0.0028068630621169983 -0.0021879006845133696
leaf_weight=247.57303641736507 193.24122180789709 2564.1351056471467 451.19396869838238 928.74133064597845 711.10702015459538 536.45951398462057
leaf_count=702 1301 9757 1557 3529 2099 1788
internal_value=0 -0.00192645 0.00124358 0.00071166 -0.000698272 0.000659091
internal_weight=0 2757.38 2875.07 2627.5 1698.76 1247.57
internal_count=20733 11058 9675 8973 5444 3887
is_linear=0
shrinkage=0.0363047


Tree=216
num_leaves=5
num_cat=0
split_feature=1 11 22 11
split_gain=6.72781 4.19086 5.00261 5.03546
threshold=0.75337837837837851 1.4405519102629099 1.1000000000000003 1.3285004399494988
decision_type=2 2 2 2
left_child=1 2 3 -1
right_child=-2 -3 -4 -5
leaf_value=0.0022985193873759453 -0.0062109520818377107 0.0033040620024236684 -0.00055620570044461652 -0.0034373212892788345
leaf_weight=2057.8945618718863 182.83644405007362 799.32093949615955 2787.547945573926 223.65466858446598
leaf_count=6837 858 2769 9526 743
internal_value=0 0.000860861 0.000475605 0.00173625
internal_weight=0 5868.42 5069.1 2281.55
internal_count=20733 19875 17106 7580
is_linear=0
shrinkage=0.0363047


Tree=217
num_leaves=8
num_cat=0
split_feature=10 27 21 3 38 38 3
split_gain=11.0566 9.77398 7.601 6.56742 6.36712 5.56189 5.00419
threshold=1.4058277027027029 0.38544815147614736 1.6582438627918255 1.4462609091170144 0.21739130434782603 0.59175084175084181 1.0390338181087413
decision_type=2 2 2 2 2 2 2
left_child=2 6 4 -3 -1 -6 -2
right_child=1 3 -4 -5 5 -7 -8
leaf_value=-0.0051354278434276399 -0.00050276721441493556 -0.00062215355511813046 -0.007117864811516844 0.0044431648374907394 0.0022928133028343387 -0.0017048890709408699 0.0057118325104848367
leaf_weight=477.97521708905697 226.07743112742901 2905.5138556212187 338.03658899664879 381.69083715975285 654.15265980362892 1535.1978089213371 698.19590817391872
leaf_count=1566 615 8072 1080 1159 1919 4312 2010
internal_value=0 0.000893404 -0.00198918 -3.39986e-05 -0.00133921 -0.000510422 0.00419174
internal_weight=0 4211.48 3005.36 3287.2 2667.33 2189.35 924.273
internal_count=20733 11856 8877 9231 7797 6231 2625
is_linear=0
shrinkage=0.0363047


Tree=218
num_leaves=8
num_cat=0
split_feature=9 9 33 24 24 4 4
split_gain=10.6592 8.57459 7.71629 7.02554 4.26976 4.52649 4.14141
threshold=0.84273970489719552 1.4997576946136604 -1.6619047619047616 0.13349484923174526 -1.2424287797060216 1.0113636363636365 0.94665718349928885
decision_type=2 2 2 2 2 2 2
left_child=3 2 -2 -1 5 -4 -6
right_child=1 -3 4 -5 6 -7 -8
leaf_value=-0.0013250025282513945 -0.0079340333095679946 0.0072778341238292485 0.0052730083720113913 -0.0082221256578609552 -0.0024692656262191351 0.00073325435354122605 0.00048843868878071248
leaf_weight=470.94379298388958 155.91279432922602 224.03766592592001 361.7685890942812 331.80224050581455 1014.128838121891 1448.7823005020618 1621.8785589337349
leaf_count=1773 896 656 1223 1619 4179 4601 5786
internal_value=0 0.000342165 4.55238e-06 -0.00417582 0.000282909 0.00164035 -0.000649454
internal_weight=0 4826.51 4602.47 802.746 4446.56 1810.55 2636.01
internal_count=20733 17341 16685 3392 15789 5824 9965
is_linear=0
shrinkage=0.0363047


Tree=219
num_leaves=2
num_cat=0
split_feature=1
split_gain=6.41601
threshold=0.75337837837837851
decision_type=2
left_child=-1
right_child=-2
leaf_value=0.00083718749154834476 -0.0060827072114308907
leaf_weight=5870.7035078555346 182.07784216105938
leaf_count=19875 858
internal_value=0
internal_weight=0
internal_count=20733
is_linear=0
shrinkage=0.0363047


Tree=220
num_leaves=9
num_cat=0
split_feature=1 6 12 8 22 11 8 21
split_gain=13.1033 10.4131 7.00859 8.02817 6.85107 6.19094 4.2734 4.06669
threshold=0.75337837837837851 0.14459930313588851 1.0000000180025095e-35 0.85540069686411158 1.5000000000000002 1.2217003169267755 0.97646733111849404 1.8027222972291641
decision_type=2 2 2 2 2 2 2 2
left_child=1 -1 3 -3 7 -6 -5 -4
right_child=-2 2 4 6 5 -7 -8 -9
leaf_value=0.0045659540890020779 0.0078415792848050055 0.0021879357072392062 -0.0009363923992224076 -0.0090081073306936162 -0.0009429186580191414 0.0036604256358130274 -0.0035167503831411723 -0.0060463235184223781
leaf_weight=480.20713068544865 251.5658890157938 271.42972686886787 3404.9017711132765 245.76802878081799 688.48945640027523 873.74706965684891 778.27600103616714 218.44518795609474
leaf_count=1390 858 758 9727 682 1936 2428 2275 679
internal_value=0 -0.000592486 -0.000974695 -0.00336328 -0.000377974 0.0016317 -0.00483466 -0.00124446
internal_weight=0 6961.26 6481.06 1295.47 5185.58 1562.24 1024.04 3623.35
internal_count=20733 19875 18485 3715 14770 4364 2957 10406
is_linear=0
shrinkage=0.0363047


Tree=221
num_leaves=7
num_cat=0
split_feature=25 36 6 45 35 8
split_gain=11.8025 7.46881 6.08483 5.15139 5.12305 4.94741
threshold=10.42612171687958 -1.1775210084033609 0.32392686804451515 -1.4264069264069261 0.056349206349206253 1.0722996515679444
decision_type=2 2 2 2 2 2
left_child=1 -1 4 -2 5 -3
right_child=3 2 -4 -5 -6 -7
leaf_value=-0.0078415427777365817 0.0087321952792035543 -0.0033110176546531059 0.0014089944350027584 0.0020650404863377168 0.0027947609408331565 -0.00034402562222747254
leaf_weight=199.23586152493954 209.47728803753853 1637.8178080618382 1332.544851385057 564.00439587235451 330.40873111784458 1352.4186735451221
leaf_count=1313 591 6630 4894 1660 1010 4635
internal_value=0 -0.000958173 -0.000663448 0.00387067 -0.0014951 -0.00196911
internal_weight=0 4852.43 4653.19 773.482 3320.65 2990.24
internal_count=20733 18482 17169 2251 12275 11265
is_linear=0
shrinkage=0.0363047


Tree=222
num_leaves=2
num_cat=0
split_feature=2
split_gain=5.30157
threshold=1.474342105263158
decision_type=2
left_child=-1
right_child=-2
leaf_value=0.0015269313436472593 -0.00064900752599307793
leaf_weight=3505.0459832251072 2549.1968797147274
leaf_count=11534 9199
internal_value=0
internal_weight=0
internal_count=20733
is_linear=0
shrinkage=0.0363047


Tree=223
num_leaves=6
num_cat=0
split_feature=36 41 21 12 22
split_gain=7.72731 7.65684 6.42962 6.52678 5.82873
threshold=-1.4508064516129031 -0.43614130434782611 1.8027222972291641 1.0000000180025095e-35 1.5000000000000002
decision_type=2 2 2 2 2
left_child=-1 -2 3 -3 -5
right_child=1 2 -4 4 -6
leaf_value=0.006885577581578292 -0.0069201115662693114 -0.0023146774360037494 -0.004950192425842985 -0.00026387809056891299 0.0023508942449780986
leaf_weight=192.53170736134052 235.64778608083725 1281.1876750290394 364.99810065329075 3474.111322209239 1660.8251738548279
leaf_count=650 870 3643 1091 9833 4646
internal_value=0 -0.000486744 -0.000263181 3.45166e-06 0.000581834
internal_weight=0 7016.77 6781.12 6416.12 5134.94
internal_count=20733 20083 19213 18122 14479
is_linear=0
shrinkage=0.0363047


Tree=224
num_leaves=8
num_cat=0
split_feature=48 9 45 11 34 34 45
split_gain=11.8692 11.7523 7.38584 6.97727 5.57806 10.7528 5.2002
threshold=32.750000000000007 0.84273970489719552 -1.4264069264069261 1.297771369046101 -0.35999999999999988 -0.4722222222222221 0.071428571428571466
decision_type=2 2 2 2 2 2 2
left_child=1 3 -3 -1 5 -2 -4
right_child=4 2 6 -5 -6 -7 -8
leaf_value=-0.003184041060709793 0.0027056223409480211 0.0050661963065731768 -0.0010875022691414016 -0.011460555188157544 0.00044656780573372451 0.014319616022248594 0.0056259150649640285
leaf_weight=457.30385383963585 398.54480352252722 307.60009174048901 3467.9757433906198 190.04150815308094 499.17376682162285 142.68963570892811 159.05003334581852
leaf_count=1921 1690 887 12555 831 1638 488 723
internal_value=0 -0.00108083 -0.000335043 -0.00561378 0.00321459 0.00576751 -0.00079311
internal_weight=0 4581.97 3934.63 647.345 1040.41 541.234 3627.03
internal_count=20733 16917 14165 2752 3816 2178 13278
is_linear=0
shrinkage=0.0363047


Tree=225
num_leaves=3
num_cat=0
split_feature=1 48
split_gain=5.73303 5.68693
threshold=0.75337837837837851 35.250000000000007
decision_type=2 2
left_child=1 -1
right_child=-2 -3
leaf_value=0.0011647782385879029 -0.0057837933917787819 -0.0025924076019330443
leaf_weight=5285.3003524839878 180.3699648976326 590.28274305164814
leaf_count=17868 858 2007
internal_value=0 0.000787317
internal_weight=0 5875.58
internal_count=20733 19875
is_linear=0
shrinkage=0.0363047


Tree=226
num_leaves=6
num_cat=0
split_feature=2 6 43 38 12
split_gain=12.3055 8.24202 4.97417 4.53449 5.02996
threshold=1.474342105263158 0.16172624237140368 -0.59175084175084158 0.1935483870967741 1.0000000180025095e-35
decision_type=2 2 2 2 2
left_child=1 -1 -2 -3 -5
right_child=2 3 -4 4 -6
leaf_value=0.0035243424256439114 0.00019588079788317847 -0.0064685994371265331 0.0031148799141342397 -0.0047050881501954451 -0.0010895522059825094
leaf_weight=374.39882446825504 1840.4949373304844 292.26711790263653 1322.2260252386332 621.54503078758717 2755.8295294195414
leaf_count=1083 5329 1007 3870 1743 7701
internal_value=0 -0.00160683 0.00141622 -0.00213035 -0.00175493
internal_weight=0 4044.04 3162.72 3669.64 3377.37
internal_count=20733 11534 9199 10451 9444
is_linear=0
shrinkage=0.0363047


Tree=227
num_leaves=8
num_cat=0
split_feature=21 25 1 26 39 38 38
split_gain=11.6297 8.56667 6.36807 5.0445 5.03164 10.4801 6.22035
threshold=1.8437094529227336 4.4441245120904815 0.3373983739837399 0.43631439604014344 0.6086956521739133 0.29999999999999999 0.84848484848484862
decision_type=2 2 2 2 2 2 2
left_child=1 2 -1 -3 5 -4 -6
right_child=-2 3 4 -5 6 -7 -8
leaf_value=0.0013731986126511977 0.0062491014924627259 0.0056726593848831488 0.0018305223313042282 0.00047360543925735064 0.0044651869004127777 -0.005797849155709767 -0.0017900588535681226
leaf_weight=828.51338550448418 338.12344698607922 353.94552639126778 313.16756655275822 806.37580682337284 237.82414404302835 980.75874242931604 1761.4068723022938
leaf_count=2732 1104 998 1013 2474 968 3688 7756
internal_value=0 -0.000696081 -0.00147183 0.00205953 -0.0021876 -0.00395156 -0.00104595
internal_weight=0 5281.99 4121.67 1160.32 3293.16 1293.93 1999.23
internal_count=20733 19629 16157 3472 13425 4701 8724
is_linear=0
shrinkage=0.0363047


Tree=228
num_leaves=2
num_cat=0
split_feature=1
split_gain=5.42821
threshold=0.75337837837837851
decision_type=2
left_child=-1
right_child=-2
leaf_value=0.00076465745664298923 -0.0056430770489107902
leaf_weight=5877.6763076931238 179.57429401576519
leaf_count=19875 858
internal_value=0
internal_weight=0
internal_count=20733
is_linear=0
shrinkage=0.0363047


Tree=229
num_leaves=7
num_cat=0
split_feature=2 1 7 6 27 37
split_gain=11.6097 8.07881 8.30343 7.85677 5.54413 5.51626
threshold=1.474342105263158 0.75337837837837851 0.20991432068543456 0.16172624237140368 0.31086276898236859 -0.029411764705882349
decision_type=2 2 2 2 2 2
left_child=3 2 -2 -1 -5 -6
right_child=1 -3 -4 4 5 -7
leaf_value=0.0034483952600127001 0.0036445759929449885 0.0076882015254994855 -0.0004973135468755907 0.0036049039257189802 -0.0035956549440332988 -0.00062785838502700596
leaf_weight=374.48020668327808 943.04996345937252 246.43877403438091 1971.8782937526703 213.53082704544067 2089.362982109189 1364.6052851229906
leaf_count=1083 2698 850 5651 587 5898 3966
internal_value=0 0.00137632 0.000842688 -0.00156069 -0.00207216 -0.00242313
internal_weight=0 3161.37 2914.93 4041.98 3667.5 3453.97
internal_count=20733 9199 8349 11534 10451 9864
is_linear=0
shrinkage=0.0363047


Tree=230
num_leaves=8
num_cat=0
split_feature=24 10 45 33 35 40 11
split_gain=9.03702 7.50582 4.99386 5.55546 5.07548 4.66346 4.4248
threshold=-0.90504645327674516 1.4267857142857145 -1.4264069264069261 -1.6619047619047616 -0.08957219251336894 0.68857758620689669 1.0895746990025601
decision_type=2 2 2 2 2 2 2
left_child=1 5 -2 -4 -5 -1 -3
right_child=2 6 3 4 -6 -7 -8
leaf_value=0.002486477019507433 0.0042305974193437299 0.0049318266494672875 -0.0090425017825237139 -0.00096120636927442228 -0.0053928445073262634 0.008732191780689862 -0.0012464154249003385
leaf_weight=954.03374655544758 183.09441848099232 175.02162812650204 138.66100994497538 2376.9234939366579 397.60172246396542 188.74146316945553 1202.7568481117487
leaf_count=2817 541 611 928 9693 1321 634 4188
internal_value=0 0.0013427 -0.00158518 -0.0019507 -0.00159628 0.00351802 -0.000461582
internal_weight=0 2520.55 3096.28 2913.19 2774.53 1142.78 1377.78
internal_count=20733 8250 12483 11942 11014 3451 4799
is_linear=0
shrinkage=0.0363047


Tree=231
num_leaves=2
num_cat=0
split_feature=48
split_gain=4.95377
threshold=37.250000000000007
decision_type=2
left_child=-1
right_child=-2
leaf_value=0.00079246511473909562 -0.0040311849044598891
leaf_weight=5763.490662664175 294.97650125622749
leaf_count=19724 1009
internal_value=0
internal_weight=0
internal_count=20733
is_linear=0
shrinkage=0.0363047


Tree=232
num_leaves=6
num_cat=0
split_feature=2 6 25 25 37
split_gain=10.9351 7.48038 5.48962 5.21351 4.08492
threshold=1.474342105263158 0.16172624237140368 4.2405534067432784 0.070422729073545035 -0.082207207207207131
decision_type=2 2 2 2 2
left_child=1 -1 -2 -3 -5
right_child=2 3 -4 4 -6
leaf_value=0.0033723396786213829 0.0020822546678828215 -0.00086769342566505236 -0.001735361177029506 -0.0053382758816209047 -0.001538786192355553
leaf_weight=374.59224826097488 2542.3156249970198 2155.5806827247143 616.93391017615795 838.99176374077797 671.42765420675278
leaf_count=1083 7344 5850 1855 2496 2105
internal_value=0 -0.0015144 0.00133676 -0.00201373 -0.00364929
internal_weight=0 4040.59 3159.25 3666 1510.42
internal_count=20733 11534 9199 10451 4601
is_linear=0
shrinkage=0.0363047


Tree=233
num_leaves=7
num_cat=0
split_feature=48 9 11 1 47 1
split_gain=11.1716 10.9984 6.67473 6.76333 6.15677 4.65585
threshold=32.750000000000007 0.84273970489719552 1.297771369046101 0.42206477732793529 -1.4152298850574707 0.3373983739837399
decision_type=2 2 2 2 2 2
left_child=1 2 3 -1 -3 -6
right_child=-2 4 -4 -5 5 -7
leaf_value=0.001865131389712278 0.003130228173985769 0.0059532035450060496 -0.011185145043113727 -0.0070315618075457694 0.0018900659009361397 -0.0012937221775579434
leaf_weight=203.48747354745865 1041.0716196596622 196.16423067450523 188.26014424860477 252.21836487203836 760.19781695306301 2972.8699526563287
leaf_count=750 3816 561 831 1171 2376 11228
internal_value=0 -0.00103672 -0.00543457 -0.0030589 -0.000315949 -0.000645379
internal_weight=0 4573.2 643.966 455.706 3929.23 3733.07
internal_count=20733 16917 2752 1921 14165 13604
is_linear=0
shrinkage=0.0363047


Tree=234
num_leaves=2
num_cat=0
split_feature=9
split_gain=5.38967
threshold=0.87273782851231096
decision_type=2
left_child=-1
right_child=-2
leaf_value=0.0026589078197074827 -1.2210604507147024e-05
leaf_weight=1255.9357636868954 4803.9953802078962
leaf_count=4325 16408
internal_value=0
internal_weight=0
internal_count=20733
is_linear=0
shrinkage=0.0363047


Tree=235
num_leaves=6
num_cat=0
split_feature=2 7 38 27 26
split_gain=10.3525 7.50469 7.10301 5.12054 4.76672
threshold=1.474342105263158 0.20991432068543456 0.1935483870967741 0.72722454680165327 0.43251669056833802
decision_type=2 2 2 2 2
left_child=2 -2 3 -1 -3
right_child=1 4 -4 -5 -6
leaf_value=-0.0021438860421647463 0.0038797597646381653 -0.004289796205558318 -0.0010256288708240008 -0.0113382726536313 0.00075629554966432408
leaf_weight=162.28308905661106 1012.1974882781506 284.43841227889061 3719.331249371171 157.14198291301727 1861.5562640875578
leaf_count=518 2968 832 10407 609 5399
internal_value=0 0.00130289 -0.00147181 -0.00666709 8.74671e-05
internal_weight=0 3158.19 4038.76 319.425 2145.99
internal_count=20733 9199 11534 1127 6231
is_linear=0
shrinkage=0.0363047


Tree=236
num_leaves=7
num_cat=0
split_feature=48 8 8 4 35 35
split_gain=10.5553 7.01195 6.04379 5.08173 4.84654 4.99451
threshold=32.750000000000007 1.9199857752489333 0.7231800766283526 1.3246621621621624 -0.22086720867208662 -0.5322916666666665
decision_type=2 2 2 2 2 2
left_child=1 2 -1 -4 5 -2
right_child=4 -3 3 -5 -6 -7
leaf_value=-0.0058323087920009627 0.0012623676263946635 0.0064939084063878839 -0.0015448329966260888 0.0016128371317167996 0.00010302950711605853 0.0079229475070850038
leaf_weight=353.61276721209288 255.83497249335051 158.40974536538124 3207.3922461941838 849.70507510006428 433.39254496991634 353.31092023849487
leaf_count=1577 1190 452 12176 2712 1412 1214
internal_value=0 -0.00101073 -0.00128025 -0.000883501 0.00303766 0.00512557
internal_weight=0 4569.12 4410.71 4057.1 1042.54 609.146
internal_count=20733 16917 16465 14888 3816 2404
is_linear=0
shrinkage=0.0363047


Tree=237
num_leaves=2
num_cat=0
split_feature=9
split_gain=5.12347
threshold=0.87273782851231096
decision_type=2
left_child=-1
right_child=-2
leaf_value=0.0025891100626400008 -1.4003314894033893e-05
leaf_weight=1257.4074930399656 4803.9277723580599
leaf_count=4325 16408
internal_value=0
internal_weight=0
internal_count=20733
is_linear=0
shrinkage=0.0363047


Tree=238
num_leaves=5
num_cat=0
split_feature=2 6 35 12
split_gain=9.84323 7.1268 4.69569 4.29873
threshold=1.474342105263158 0.16172624237140368 -1.5156402737047896 0.50000000000000011
decision_type=2 2 2 2
left_child=1 -1 -2 -3
right_child=2 3 -4 -5
leaf_value=0.0033387028442084465 0.0067324651611311032 -0.0024242638442284049 0.00091516127363678039 0.0011453956216749247
leaf_weight=374.47117213904858 194.92126177251339 3144.6976777762175 2962.2048580944538 517.8685505092144
leaf_count=1083 666 8982 8533 1469
internal_value=0 -0.00143178 0.00127432 -0.00191953
internal_weight=0 4037.04 3157.13 3662.57
internal_count=20733 11534 9199 10451
is_linear=0
shrinkage=0.0363047


Tree=239
num_leaves=4
num_cat=0
split_feature=24 20 37
split_gain=8.27931 6.0251 5.81393
threshold=-0.90504645327674516 1.7000000000000004 -0.029411764705882349
decision_type=2 2 2
left_child=-1 2 -2
right_child=1 -3 -4
leaf_value=0.001288929787844011 -0.0015382665479212849 0.0012562964037484802 -0.0061036062925686986
leaf_weight=2520.3178085684776 1855.6111282929778 774.62085312604904 458.51063849031925
leaf_count=8250 8186 2733 1564
internal_value=0 -0.00151513 -0.00244282
internal_weight=0 3088.74 2314.12
internal_count=20733 12483 9750
is_linear=0
shrinkage=0.0363047


Tree=240
num_leaves=2
num_cat=0
split_feature=2
split_gain=5.10122
threshold=2.2396331738437003
decision_type=2
left_child=-1
right_child=-2
leaf_value=0.000711341178500821 -0.0043800148976130592
leaf_weight=5814.3553167283535 271.48940871655941
leaf_count=19586 1244
internal_value=0
internal_weight=0
internal_count=20830
is_linear=0
shrinkage=0.0363047


Tree=241
num_leaves=8
num_cat=0
split_feature=24 21 24 34 9 14 38
split_gain=12.9607 8.74124 6.2076 10.6963 4.66119 5.17049 4.58108
threshold=7.6306170785377478 1.7026854303185148 -3.6211795722297557 -0.20588235294117643 1.2117548874852835 1.9000000000000001 0.29999999999999999
decision_type=2 2 2 2 2 2 2
left_child=1 2 -1 6 5 -2 -4
right_child=4 -3 3 -5 -6 -7 -8
leaf_value=-0.0032470444955088424 0.0028101808153728081 -0.005547529053040845 -0.0040340680866206386 0.0032566470451533404 -0.00077425446280983922 0.008792747351483712 -0.00021940010047307124
leaf_weight=775.93141855299473 503.47926270961761 438.10322423279285 474.4909823089838 1183.5702679604292 230.97021327912807 306.21085205674171 3305.9121748954058
leaf_count=2264 1501 1352 1482 3371 682 1036 9142
internal_value=0 -0.00060454 -0.000227262 0.000244768 0.00377498 0.00507268 -0.000698192
internal_weight=0 6178.01 5739.9 4963.97 1040.66 809.69 3780.4
internal_count=20830 17611 16259 13995 3219 2537 10624
is_linear=0
shrinkage=0.0363047


Tree=242
num_leaves=4
num_cat=0
split_feature=10 2 16
split_gain=9.49374 6.65841 6.29883
threshold=1.0116279069767444 1.753048780487805 1.5000000000000002
decision_type=2 2 2
left_child=2 -2 -1
right_child=1 -3 -4
leaf_value=0.0010635886039368967 -0.00047616291699464463 -0.0039685949178238237 0.0087832545960767564
leaf_weight=412.93396937847137 4136.1186144575477 871.04329811781645 210.24176980555058
leaf_count=1284 14521 4417 608
internal_value=0 -0.0010837 0.00366798
internal_weight=0 5007.16 623.176
internal_count=20830 18938 1892
is_linear=0
shrinkage=0.0363047


Tree=243
num_leaves=5
num_cat=0
split_feature=48 44 44 14
split_gain=4.94468 5.49449 6.11269 5.00329
threshold=26.250000000000004 -1.0000000180025095e-35 -0.77638888888888868 2.3000000000000003
decision_type=2 2 2 2
left_child=3 2 -2 -1
right_child=1 -3 -4 -5
leaf_value=0.0015636950790821949 -0.0035380415228387454 -0.0061888039248802103 0.00093620595257783189 -0.004650559493617353
leaf_weight=3632.638004809618 550.83924604952335 229.88805072009563 1494.0301992744207 179.19046542048454
leaf_count=12243 1890 849 5081 767
internal_value=0 -0.000867303 -0.00026905 0.00127157
internal_weight=0 2274.76 2044.87 3811.83
internal_count=20830 7820 6971 13010
is_linear=0
shrinkage=0.0363047


Tree=244
num_leaves=10
num_cat=0
split_feature=2 46 36 35 36 24 46 14 36
split_gain=13.7565 5.52252 6.79718 9.80856 6.1972 6.13912 5.63942 5.31676 4.3389
threshold=1.8588039867109638 0.032258064516129052 -0.098780487804877928 0.099999999999999964 -0.29999999999999988 -2.204854837182896 0.11111111111111106 1.5000000000000002 -0.62331081081081063
decision_type=2 2 2 2 2 2 2 2 2
left_child=1 2 4 -4 8 -5 -3 -2 -1
right_child=7 6 3 5 -6 -7 -8 -9 -10
leaf_value=-0.0028319897857721384 0.00036699506333324577 0.0071552390715311628 0.0021746031141163329 -0.0091552628100479514 -0.0042869937764048243 9.5994259942993118e-05 0.00025028217316068414 0.0053376138881230939 0.00032109129059898489
leaf_weight=988.56318080425262 445.92388926446438 215.24698632955551 1358.0914200842381 185.30628368258476 1108.6807657033205 193.02436582744122 565.40438963472843 779.31234441697598 1375.7284866571426
leaf_count=2780 1304 587 3929 575 3188 569 1550 2456 3892
internal_value=0 -0.000693452 -0.00112018 0.000734448 -0.00204746 -0.00443527 0.00215417 0.00352856 -0.000997282
internal_weight=0 5990.05 5209.39 1736.42 3472.97 378.331 780.651 1225.24 2364.29
internal_count=20830 17070 14933 5073 9860 1144 2137 3760 6672
is_linear=0
shrinkage=0.0363047


Tree=245
num_leaves=6
num_cat=0
split_feature=21 24 2 10 37
split_gain=16.4045 13.1513 7.19771 7.19248 5.52209
threshold=1.6582438627918255 -2.5422448886262301 1.5903263403263403 1.3246621621621624 0.26666666666666672
decision_type=2 2 2 2 2
left_child=1 4 -3 -2 -1
right_child=3 2 -4 -5 -6
leaf_value=0.0012019173226473785 0.0090640187414021706 -0.0011188102795214941 -0.0044338996536383924 0.0011191875729953784 0.0083163937610301799
leaf_weight=914.18156103789806 303.20869440585375 2663.7815586254001 1277.1008604243398 297.59656880050898 170.63489517569542
leaf_count=3002 917 9364 5949 1096 502
internal_value=0 -0.00121873 -0.00219311 0.00512871 0.00232098
internal_weight=0 5025.7 3940.88 600.805 1084.82
internal_count=20830 18817 15313 2013 3504
is_linear=0
shrinkage=0.0363047


Tree=246
num_leaves=1
num_cat=0
split_feature=
split_gain=
threshold=
decision_type=
left_child=
right_child=
leaf_value=0
leaf_weight=
leaf_count=
internal_value=
internal_weight=
internal_count=
is_linear=0
shrinkage=1


Tree=247
num_leaves=8
num_cat=0
split_feature=2 37 35 37 27 46 29
split_gain=12.8677 9.15401 12.1844 7.20456 6.13403 4.93566 4.39669
threshold=1.8588039867109638 -0.039999999999999945 0.099999999999999964 -0.18181818181818174 0.5681738135119434 -0.2727272727272726 1.112698412698413
decision_type=2 2 2 2 2 2 2
left_child=1 3 6 5 -5 -1 -3
right_child=-2 2 -4 4 -6 -7 -8
leaf_value=-0.0020983301399163413 0.0034132878715259301 0.0045939601216575671 -0.0041895932850074804 -0.0019904708674224323 -0.0079811453882266993 0.00085991736632829818 0.0007919840324178937
leaf_weight=1736.4919239580631 1223.69148825109 828.35725963115692 420.31533834338188 540.0982411801815 386.48516961932182 1299.7857125550508 776.88425730168819
leaf_count=5000 3760 2343 1260 1471 1168 3564 2264
internal_value=0 -0.000672281 0.00131311 -0.00168708 -0.00448923 -0.000831948 0.00275393
internal_weight=0 5988.42 2025.56 3962.86 926.583 3036.28 1605.24
internal_count=20830 17070 5867 11203 2639 8564 4607
is_linear=0
shrinkage=0.0363047


Tree=248
num_leaves=8
num_cat=0
split_feature=21 2 17 36 1 5 1
split_gain=15.5922 10.7519 7.66006 5.80416 5.56558 5.23125 6.44404
threshold=1.6582438627918255 1.753048780487805 1.8027222972291641 -0.15789473684210523 0.20294117647058826 0.79600473583119447 0.51389961389961403
decision_type=2 2 2 2 2 2 2
left_child=1 2 4 -2 -1 -3 -7
right_child=3 5 -4 -5 -6 6 -8
leaf_value=0.0057981753336720857 0.00785276853066493 -0.011618637605408991 0.004886955482442671 0.00053967741548422213 -0.0011650500674590175 -0.011015809673107389 -0.0021145308396928468
leaf_weight=157.80108864605427 366.68929852545261 128.78571707755327 330.0119259506464 234.53002946078777 3667.7252952978015 130.21128609776497 606.48289362341166
leaf_count=483 1303 790 1111 710 12901 501 3031
internal_value=0 -0.00118671 -0.000420011 0.005 -0.00087782 -0.00486796 -0.00368784
internal_weight=0 5021.02 4155.54 601.219 3825.53 865.48 736.694
internal_count=20830 18817 14495 2013 13384 4322 3532
is_linear=0
shrinkage=0.0363047


Tree=249
num_leaves=3
num_cat=0
split_feature=5 48
split_gain=4.9539 4.89602
threshold=0.7203229884856498 26.250000000000004
decision_type=2 2
left_child=-1 -2
right_child=1 -3
leaf_value=0.0051560811946816561 0.0010493323735616393 -0.0011276541509907217
leaf_weight=282.29774816334248 3623.2366519123316 2181.4084770530462
leaf_count=993 12348 7489
internal_value=0 0.000231212
internal_weight=0 5804.65
internal_count=20830 19837
is_linear=0
shrinkage=0.0363047


Tree=250
num_leaves=4
num_cat=0
split_feature=24 8 24
split_gain=11.2395 7.93026 5.31809
threshold=17.853909412756931 1.8081831831831834 -3.7619056437492779
decision_type=2 2 2
left_child=1 2 -1
right_child=-2 -3 -4
leaf_value=-0.0029935791866795912 0.005856673124874593 -0.0075839625863760992 0.00024361422261992834
leaf_weight=755.19893203675747 409.19898101687431 193.44420595467091 5851.5543935894966
leaf_count=2184 1319 752 16575
internal_value=0 -0.000338564 -0.00012642
internal_weight=0 6800.2 6606.75
internal_count=20830 19511 18759
is_linear=0
shrinkage=0.0363047


Tree=251
num_leaves=7
num_cat=0
split_feature=21 24 10 4 4 24
split_gain=14.8149 12.2246 6.80025 6.6477 10.2976 5.82729
threshold=1.6582438627918255 -2.5422448886262301 1.3246621621621624 1.188344594594595 1.4220647773279353 8.6793038195270658
decision_type=2 2 2 2 2 2
left_child=1 3 -2 -1 -5 -3
right_child=2 5 -4 4 -6 -7
leaf_value=0.0058752887938711244 0.0086896362204545319 -0.0015793136813807139 0.00097319382668255121 -0.0038973594594062587 0.0051718220275890226 -0.0058392478222825993
leaf_weight=413.04124470055103 303.78903559595346 3449.2942301407456 298.3716769143939 381.69959320127964 290.68706107139587 482.43720812350512
leaf_count=1382 917 12705 1096 1220 902 2608
internal_value=0 -0.00116044 0.00486613 0.00225026 2.34407e-05 -0.00210202
internal_weight=0 5017.16 602.161 1085.43 672.387 3931.73
internal_count=20830 18817 2013 3504 2122 15313
is_linear=0
shrinkage=0.0363047


Tree=252
num_leaves=2
num_cat=0
split_feature=48
split_gain=4.46613
threshold=26.250000000000004
decision_type=2
left_child=-1
right_child=-2
leaf_value=0.0012073385138244199 -0.00082567727430287677
leaf_weight=3815.476900011301 2272.4705625921488
leaf_count=13010 7820
internal_value=0
internal_weight=0
internal_count=20830
is_linear=0
shrinkage=0.0363047


Tree=253
num_leaves=5
num_cat=0
split_feature=21 26 41 10
split_gain=7.66429 5.43591 4.80458 4.26216
threshold=1.7026854303185148 0.65098418742473541 0.09716758457907157 1.8193473193473195
decision_type=2 2 2 2
left_child=1 3 -2 -1
right_child=2 -3 -4 -5
leaf_value=-0.00069173651220085712 -0.0082639034190327438 0.0021802756585926068 -0.0012235450113621889 0.0022144537151815693
leaf_weight=4287.0626372098923 222.61839720606804 1610.0932351797819 299.8299281001091 787.27730703353882
leaf_count=12288 763 4767 850 2162
internal_value=0 0.000342335 -0.00422348 -0.000240845
internal_weight=0 6684.43 522.448 5074.34
internal_count=20830 19217 1613 14450
is_linear=0
shrinkage=0.0363047


Tree=254
num_leaves=7
num_cat=0
split_feature=21 2 17 36 1 1
split_gain=14.0625 9.71378 7.24097 5.48782 5.22947 4.36909
threshold=1.6582438627918255 1.753048780487805 1.8027222972291641 -0.15789473684210523 0.20294117647058826 0.51389961389961403
decision_type=2 2 2 2 2 2
left_child=1 2 4 -2 -1 -3
right_child=3 5 -4 -5 -6 -7
leaf_value=0.0056157482616268515 0.0075062238550108974 -0.01070229029850582 0.0047512501167624671 0.00040024886096389281 -0.0011281852155916583 -0.0035376644306687249
leaf_weight=158.08851857483387 367.93298845738173 132.65001174807549 330.58880834281445 234.56759515404701 3664.4910513162613 727.11692614108324
leaf_count=483 1303 515 1111 710 12901 3807
internal_value=0 -0.00113061 -0.000403482 0.0047397 -0.00084928 -0.00464307
internal_weight=0 5012.94 4153.17 602.501 3822.58 859.767
internal_count=20830 18817 14495 2013 13384 4322
is_linear=0
shrinkage=0.0363047


Tree=255
num_leaves=3
num_cat=0
split_feature=5 48
split_gain=4.73893 4.44134
threshold=0.7203229884856498 26.250000000000004
decision_type=2 2
left_child=-1 -2
right_child=1 -3
leaf_value=0.0050252817466462088 0.00099157672008345888 -0.0010820831061337331
leaf_weight=282.88178494572639 3626.8316109329462 2179.3603490144014
leaf_count=993 12348 7489
internal_value=0 0.000213226
internal_weight=0 5806.19
internal_count=20830 19837
is_linear=0
shrinkage=0.0363047


Tree=256
num_leaves=8
num_cat=0
split_feature=24 37 26 37 24 10 10
split_gain=10.5196 8.64872 8.96538 7.58724 5.89537 5.90881 4.54707
threshold=7.6306170785377478 -0.029411764705882349 0.40488640844701512 0.22361111111111107 -0.40035214330167063 1.1266025641025643 1.4058277027027029
decision_type=2 2 2 2 2 2 2
left_child=1 4 3 -3 5 -1 -6
right_child=-2 2 -4 -5 6 -7 -8
leaf_value=-0.0080216649486548729 0.0033972888574338063 0.0013097430846294102 0.0033456868483177568 -0.0061775624510813868 -0.0019462526318227381 -0.0021695463397571131 0.001282311751421028
leaf_weight=264.03087848424911 1034.8509511053562 441.17230960726738 1220.2937623262405 299.47723515331745 1095.2553867846727 1639.3280069082975 1210.3355674296618
leaf_count=897 3219 1292 3471 920 3101 4561 3369
internal_value=0 -0.000558142 0.00143324 -0.0017177 -0.00148592 -0.00298134 -0.000251396
internal_weight=0 6169.89 1960.94 740.65 4208.95 1903.36 2305.59
internal_count=20830 17611 5683 2212 11928 5458 6470
is_linear=0
shrinkage=0.0363047


Tree=257
num_leaves=6
num_cat=0
split_feature=27 26 1 20 26
split_gain=8.10055 7.39227 6.6466 5.30433 4.77821
threshold=0.24398939468884773 0.81837169490754247 0.20294117647058826 1.5000000000000002 0.44731886084894606
decision_type=2 2 2 2 2
left_child=-1 2 -2 4 -4
right_child=1 -3 3 -5 -6
leaf_value=-0.0086292230783004617 0.0066402454211898186 -0.0069300413719353181 0.0010196591279253711 0.001299754325440216 -0.0020533936205330938
leaf_weight=156.54464460909367 192.2328707575798 210.13035623729229 950.02265857905149 1865.7764235064387 2237.6402753815055
leaf_count=673 581 1242 3248 6160 8926
internal_value=0 -0.000253078 1.43866e-05 -0.000237661 -0.00113753
internal_weight=0 5455.8 5245.67 5053.44 3187.66
internal_count=20830 20157 18915 18334 12174
is_linear=0
shrinkage=0.0363047


Tree=258
num_leaves=1
num_cat=0
split_feature=
split_gain=
threshold=
decision_type=
left_child=
right_child=
leaf_value=0
leaf_weight=
leaf_count=
internal_value=
internal_weight=
internal_count=
is_linear=0
shrinkage=1


Tree=259
num_leaves=7
num_cat=0
split_feature=3 46 46 36 6 3
split_gain=6.89559 5.85132 5.49666 4.51397 4.12029 6.69129
threshold=1.4462609091170144 0.032258064516129052 0.11111111111111106 -0.44444444444444431 0.37668918918918926 0.81649658092772681
decision_type=2 2 2 2 2 2
left_child=1 4 -3 -2 5 -1
right_child=3 2 -4 -5 -6 -7
leaf_value=-0.0062778860787250593 0.004896063493178747 0.0072920086546020019 0.0006386174609514598 -0.0010754307658156876 -0.0032922538420053406 -0.00010666906313381461
leaf_weight=243.94990086555481 575.16290889680386 225.93182095885277 593.766222640872 235.02513122558594 762.46112382411957 4565.71017549932
leaf_count=719 1815 627 1659 666 2137 13207
internal_value=0 -0.000391444 0.00247248 0.00316381 -0.000812747 -0.000419678
internal_weight=0 6391.82 819.698 810.188 5572.12 4809.66
internal_count=20830 18349 2286 2481 16063 13926
is_linear=0
shrinkage=0.0363047


Tree=260
num_leaves=4
num_cat=0
split_feature=21 4 36
split_gain=12.9862 6.06135 5.20815
threshold=1.6582438627918255 1.5797962648556878 -0.15789473684210523
decision_type=2 2 2
left_child=1 -1 -2
right_child=2 -3 -4
leaf_value=-0.001401610160271736 0.0072474046554715709 0.0038825222008206915 0.0003282330572137281
leaf_weight=4700.6646425649524 368.86592977494001 304.66430409252644 234.562514513731
leaf_count=17869 1303 948 710
internal_value=0 -0.00107998 0.00455781
internal_weight=0 5005.33 603.428
internal_count=20830 18817 2013
is_linear=0
shrinkage=0.0363047


Tree=261
num_leaves=2
num_cat=0
split_feature=2
split_gain=4.22017
threshold=2.2396331738437003
decision_type=2
left_child=-1
right_child=-2
leaf_value=0.0006287278318757646 -0.0040264463058114807
leaf_weight=5821.2931084930897 268.51502770185471
leaf_count=19586 1244
internal_value=0
internal_weight=0
internal_count=20830
is_linear=0
shrinkage=0.0363047


Tree=262
num_leaves=7
num_cat=0
split_feature=2 37 36 36 37 10
split_gain=10.8397 8.6545 9.79774 7.07006 5.84947 4.15793
threshold=1.8588039867109638 -0.039999999999999945 0.22222222222222229 -0.29999999999999988 -0.29864864864864854 1.5138996138996141
decision_type=2 2 2 2 2 2
left_child=1 3 -3 4 -1 -2
right_child=5 2 -4 -5 -6 -7
leaf_value=-0.0012508652530104397 0.0010662259631592165 0.0024559468762017232 -0.0042098404778766465 -0.0038581677004090034 0.003629801409412698 0.005308791907523723
leaf_weight=2314.7537615001202 628.11369635164738 1672.3588324785233 351.76947705447674 1266.1965540647507 376.26759375631809 590.9079811424017
leaf_count=6532 1857 4801 1066 3607 1064 1903
internal_value=0 -0.000633392 0.00129751 -0.00162105 -0.000568434 0.00312277
internal_weight=0 5981.35 2024.13 3957.22 2691.02 1219.02
internal_count=20830 17070 5867 11203 7596 3760
is_linear=0
shrinkage=0.0363047


Tree=263
num_leaves=4
num_cat=0
split_feature=21 2 10
split_gain=12.3485 8.81897 6.31126
threshold=1.6582438627918255 1.753048780487805 1.3246621621621624
decision_type=2 2 2
left_child=1 -1 -2
right_child=2 -3 -4
leaf_value=-0.00036378848156734533 0.0081200630540124823 -0.0044152041448112366 0.00069946089363440633
leaf_weight=4148.4950141310692 304.5201683267951 853.92679319530725 299.77731966972351
leaf_count=14495 917 4322 1096
internal_value=0 -0.00105538 0.00443888
internal_weight=0 5002.42 604.297
internal_count=20830 18817 2013
is_linear=0
shrinkage=0.0363047


end of trees

feature_importances:
rate_home=136
rate_away=116
lt_FTG_mean_H=109
pagerank_H=93
lt_FTG_mean_A=92
down5_H=88
lt_Win_H=86
lt_Win_A=75
lt_FTG_rival_mean_A=72
lt_FTG_rival_mean_H=70
pagerank_A=68
down4_H=62
lt_FTG_rival_std_H=57
top2_H=52
top1_H=51
top4_H=51
down3_H=49
lt_FTG_std_A=48
down1_A=47
down3_A=47
lt_FTG_std_H=45
down4_A=45
lt_FTG_rival_std_A=43
down5_A=42
top1_A=38
top2_A=38
top3_H=37
top4_A=37
st_FTG_rival_mean_A=36
top5_A=33
rounds=33
down1_H=29
down2_A=29
st_FTG_std_A=28
down2_H=26
lt_Draw_A=25
st_FTG_mean_H=25
top3_A=24
st_FTG_rival_mean_H=17
top5_H=15
lt_Draw_H=13
st_FTG_rival_std_H=12
st_FTG_std_H=11
st_FTG_mean_A=10
st_Draw_H=4
st_Win_H=3
st_Win_A=3
st_FTG_rival_std_A=3

parameters:
[boosting: gbdt]
[objective: multiclass]
[metric: multi_logloss]
[tree_learner: serial]
[device_type: cpu]
[linear_tree: 0]
[data: ]
[valid: ]
[num_iterations: 500]
[learning_rate: 0.0363047]
[num_leaves: 32]
[num_threads: -1]
[deterministic: 0]
[force_col_wise: 0]
[force_row_wise: 0]
[histogram_pool_size: -1]
[max_depth: 5]
[min_data_in_leaf: 550]
[min_sum_hessian_in_leaf: 0.001]
[bagging_fraction: 0.6]
[pos_bagging_fraction: 1]
[neg_bagging_fraction: 1]
[bagging_freq: 10]
[bagging_seed: 3]
[feature_fraction: 0.4]
[feature_fraction_bynode: 1]
[feature_fraction_seed: 2]
[extra_trees: 0]
[extra_seed: 6]
[early_stopping_round: 0]
[first_metric_only: 0]
[max_delta_step: 0]
[lambda_l1: 0]
[lambda_l2: 0]
[linear_lambda: 0]
[min_gain_to_split: 4.05155]
[drop_rate: 0.1]
[max_drop: 50]
[skip_drop: 0.5]
[xgboost_dart_mode: 0]
[uniform_drop: 0]
[drop_seed: 4]
[top_rate: 0.2]
[other_rate: 0.1]
[min_data_per_group: 100]
[max_cat_threshold: 32]
[cat_l2: 10]
[cat_smooth: 10]
[max_cat_to_onehot: 4]
[top_k: 20]
[monotone_constraints: ]
[monotone_constraints_method: basic]
[monotone_penalty: 0]
[feature_contri: ]
[forcedsplits_filename: ]
[refit_decay_rate: 0.9]
[cegb_tradeoff: 1]
[cegb_penalty_split: 0]
[cegb_penalty_feature_lazy: ]
[cegb_penalty_feature_coupled: ]
[path_smooth: 0]
[interaction_constraints: ]
[verbosity: -1]
[saved_feature_importance_type: 0]
[max_bin: 255]
[max_bin_by_feature: ]
[min_data_in_bin: 3]
[bin_construct_sample_cnt: 200000]
[data_random_seed: 1]
[is_enable_sparse: 1]
[enable_bundle: 1]
[use_missing: 1]
[zero_as_missing: 0]
[feature_pre_filter: 1]
[pre_partition: 0]
[two_round: 0]
[header: 0]
[label_column: ]
[weight_column: ]
[group_column: ]
[ignore_column: ]
[categorical_feature: ]
[forcedbins_filename: ]
[objective_seed: 5]
[num_class: 3]
[is_unbalance: 0]
[scale_pos_weight: 1]
[sigmoid: 1]
[boost_from_average: 1]
[reg_sqrt: 0]
[alpha: 0.9]
[fair_c: 1]
[poisson_max_delta_step: 0.7]
[tweedie_variance_power: 1.5]
[lambdarank_truncation_level: 30]
[lambdarank_norm: 1]
[label_gain: ]
[eval_at: ]
[multi_error_top_k: 1]
[auc_mu_weights: ]
[num_machines: 1]
[local_listen_port: 12400]
[time_out: 120]
[machine_list_filename: ]
[machines: ]
[gpu_platform_id: -1]
[gpu_device_id: -1]
[gpu_use_dp: 0]
[num_gpu: 1]

end of parameters

pandas_categorical:[]
