{"Train Loss": 0.64118891954422, "Train Accuracy": 0.34375, "_timestamp": 1660506821.2970521, "_runtime": 147.4994101524353, "_step": 467, "Test Accuracy": 0.3181818181818182, "_wandb": {"runtime": 3}}