version;datetime;validation;test;activation;b1;b2;batch_size;dropout;factor;factor_flag;factor_scaler;learning_rate;len_test;len_train;len_val;mode;momentum;n_units_l1;n_units_l2;n_units_l3;n_units_l4;n_units_l5;neg_slope;nesterov;num_hidden_layers;optim;scaler
0;2024-07-03 02:16:24.767988;0,4316766858100891;;relu;;;128;;;False;;0,002987712282604517;2631;39710;5613;vanilla;0,05289030649168739;17;;;;;;True;1;sgd;normalizer
1;2024-07-03 02:17:58.049561;0,7840129733085632;;leaky_relu;;;32;;2,0;True;minmax;0,03253488765271559;2631;39710;5613;batchnorm;0,5846263632199957;29;5,0;15,0;;;0,0705215664147756;False;3;sgd;normalizer
2;2024-07-03 02:22:36.688608;0,5060999989509583;;relu;;;512;;;False;;0,010697635290897975;2631;39710;5613;vanilla;0,0011309866823059468;9;18,0;;;;;False;2;sgd;minmax
3;2024-07-03 02:23:11.710627;0,39583489298820496;;relu;0,17146686092258728;0,2908435648916453;128;;;False;;0,33324425614501435;2631;39710;5613;vanilla;;15;5,0;18,0;;;;;3;adam;normalizer
4;2024-07-03 02:24:19.243641;0,291711688041687;;relu;;;128;;21,0;True;normalizer;0,0013664261377817166;2631;39710;5613;batchnorm;0,001074618012569967;26;20,0;28,0;;;;False;3;sgd;maxabs
5;2024-07-03 02:28:18.589153;1,44358491897583;;leaky_relu;;;32;;76,0;True;normalizer;0,0012552867903182967;2631;39710;5613;batchnorm;0,012660820008437662;22;23,0;;;;0,059841255544500566;True;2;sgd;maxabs
6;2024-07-03 02:32:50.396617;13,05898380279541;;selu;0,7446425451405769;0,6150312798001193;64;;8,0;True;minmax;0,022382113501428196;2631;39710;5613;vanilla;;14;;;;;;;1;adam;minmax
7;2024-07-03 02:34:37.305102;0,5401620864868164;;relu;;;16;;;False;;0,0014222072598173599;2631;39710;5613;vanilla;0,005477007196888367;24;5,0;;;;;True;2;sgd;normalizer
8;2024-07-03 02:38:58.038164;0,23883000016212463;;relu;0,5776173507908594;0,8942994375671593;512;;;False;;0,08251828236429093;2631;39710;5613;vanilla;;14;;;;;;;1;adam;normalizer
9;2024-07-03 02:39:18.452689;0,3350508213043213;;relu;;;32;0,44484476631453296;;False;;0,18464972397878315;2631;39710;5613;dropout;0,553488593088733;15;8,0;17,0;12,0;25,0;;False;5;sgd;maxabs
10;2024-07-03 02:43:28.176907;54,14127731323242;;selu;0,9778870258357993;0,9739743039982339;512;0,10417486966168193;;False;;0,8523940275187386;2631;39710;5613;dropout;;3;30,0;6,0;30,0;4,0;;;5;adam;normalizer
11;2024-07-03 02:43:51.711262;471250,34375;;relu;0,43857138449564004;0,9998657022819792;256;;7,0;True;maxabs;0,07780712026156654;2631;39710;5613;batchnorm;;23;15,0;30,0;3,0;;;;4;adam;maxabs
12;2024-07-03 02:44:37.051291;20,773448944091797;;relu;0,4664937993830233;0,014208143993474143;8;;46,0;True;normalizer;0,006741976116425638;2631;39710;5613;batchnorm;;30;25,0;30,0;29,0;;;;4;adam;maxabs
13;2024-07-03 03:05:43.483317;0,3245299756526947;;relu;0,038220493436112946;0,7040408325737381;512;;43,0;True;normalizer;0,04419565603919709;2631;39710;5613;batchnorm;;9;;;;;;;1;adam;maxabs
14;2024-07-03 03:06:06.887660;0,347144216299057;;leaky_relu;;;128;0,635517409710707;;False;;0,0064604782924473185;2631;39710;5613;dropout;0,0013703978318951248;20;13,0;24,0;19,0;;0,0022679288083365737;False;4;sgd;minmax
15;2024-07-03 03:07:07.285641;3,4199229936543027e+22;;selu;0,6380319526916003;0,7733510596235584;8;;3,0;True;maxabs;0,09770175774756307;2631;39710;5613;vanilla;;26;20,0;;;;;;2;adam;normalizer
16;2024-07-03 03:16:25.752795;1,9795763492584229;;relu;0,3010405264687394;0,4578537476399727;256;;98,0;True;normalizer;0,012115920880224574;2631;39710;5613;batchnorm;;9;12,0;5,0;;;;;3;adam;maxabs
17;2024-07-03 03:17:31.118783;0,9453276991844177;;relu;;;16;;;False;;0,0031107573247418836;2631;39710;5613;batchnorm;0,060643584737096745;18;;;;;;False;1;sgd;normalizer
18;2024-07-03 03:24:59.122361;0,2727298438549042;;selu;;;64;;;False;;0,021374558073099275;2631;39710;5613;vanilla;0,0035634023636058987;12;30,0;23,0;;;;False;3;sgd;maxabs
19;2024-07-03 03:26:09.910724;0,8576415777206421;;selu;0,6817373807768223;0,7961002058797755;64;;;False;;0,051137296351844656;2631;39710;5613;vanilla;;11;29,0;;;;;;2;adam;minmax
20;2024-07-03 03:27:23.392925;0,7688137292861938;;selu;;;64;;;False;;0,026935475118481277;2631;39710;5613;vanilla;0,006351266727743838;4;26,0;23,0;3,0;;;True;4;sgd;normalizer
21;2024-07-03 03:29:03.585839;0,2831299901008606;;selu;;;512;;;False;;0,018066637451921472;2631;39710;5613;vanilla;0,0010092789889556868;13;22,0;24,0;;;;False;3;sgd;maxabs
22;2024-07-03 03:29:25.257762;0,3705900013446808;;selu;;;512;;;False;;0,014860075041980515;2631;39710;5613;vanilla;0,003078228347635361;12;26,0;23,0;;;;False;3;sgd;maxabs
23;2024-07-03 03:30:33.918721;0,29281002283096313;;selu;;;512;;;False;;0,02136708696245872;2631;39710;5613;vanilla;0,002856007900077976;6;22,0;12,0;;;;False;3;sgd;maxabs
24;2024-07-03 03:31:09.301762;0,33378273248672485;;selu;;;64;;;False;;0,05641526928344929;2631;39710;5613;vanilla;0,015987872467697613;13;28,0;20,0;20,0;;;False;4;sgd;maxabs
25;2024-07-03 03:32:27.404166;0,3813900053501129;;selu;;;512;;;False;;0,1103397872772262;2631;39710;5613;vanilla;0,0024904051894543812;18;23,0;;;;;False;2;sgd;maxabs
26;2024-07-03 03:33:55.319407;0,20352999866008759;;selu;0,3421008843932941;0,5015796633648759;512;;;False;;0,03355780777648802;2631;39710;5613;vanilla;;7;17,0;26,0;12,0;30,0;;;5;adam;maxabs
27;2024-07-03 03:34:35.677079;0,26148971915245056;;leaky_relu;0,316173070148122;0,47371992537774954;64;0,6907490886356625;;False;;0,03996449686066359;2631;39710;5613;dropout;;10;9,0;26,0;11,0;29,0;0,09935927984065611;;5;adam;maxabs
28;2024-07-03 03:36:15.961527;0,21086998283863068;;leaky_relu;0,3187174397299417;0,47908499528218557;512;0,6868814995087471;;False;;0,03765626757537925;2631;39710;5613;dropout;;6;9,0;27,0;11,0;29,0;0,09652903357600318;;5;adam;minmax
29;2024-07-03 03:37:47.886573;0,22880999743938446;;leaky_relu;0,3381763525320771;0,4879917781979473;512;0,5043167849240822;;False;;0,07228016092888366;2631;39710;5613;dropout;;6;10,0;12,0;11,0;30,0;0,09837208320060539;;5;adam;minmax
30;2024-07-03 03:38:22.446277;0,34351998567581177;;leaky_relu;0,3256525800743299;0,5655179475309006;512;0,5186101357518051;;False;;0,15161397870842946;2631;39710;5613;dropout;;6;11,0;9,0;12,0;30,0;0,09960332172700641;;5;adam;minmax
31;2024-07-03 03:38:56.114757;0,21677999198436737;;leaky_relu;0,4100152852277158;0,4156952103913577;512;0,5644538709789966;;False;;0,07220217640252836;2631;39710;5613;dropout;;6;15,0;11,0;9,0;30,0;0,09984719871866625;;5;adam;minmax
32;2024-07-03 03:39:45.474618;0,21047000586986542;;leaky_relu;0,3931314252845184;0,3891493702332072;512;0,57795405428551;;False;;0,031768175306814576;2631;39710;5613;dropout;;6;15,0;13,0;8,0;30,0;0,09890394829367498;;5;adam;minmax
33;2024-07-03 03:40:41.346361;0,207179993391037;;leaky_relu;0,44648694656994364;0,3528897055876504;512;0,6389862870885462;;False;;0,033694994052540804;2631;39710;5613;dropout;;7;15,0;13,0;8,0;23,0;0,0811102549249724;;5;adam;minmax
34;2024-07-03 03:41:33.013366;0,21344999969005585;;leaky_relu;0,5170927205334507;0,3451543552196983;512;0,6877583270005543;;False;;0,03236263951820017;2631;39710;5613;dropout;;8;16,0;15,0;7,0;22,0;0,07646408077334893;;5;adam;minmax
35;2024-07-03 03:42:07.534451;0,20843999087810516;;leaky_relu;0,23092812230808601;0,2938455028024662;512;0,6061709127859994;;False;;0,03559956517280909;2631;39710;5613;dropout;;7;18,0;9,0;15,0;20,0;0,08061242693610732;;5;adam;minmax
36;2024-07-03 03:42:43.350341;0,2975999712944031;;leaky_relu;0,22850748811423865;0,2827922713518088;512;0,5853890857812947;;False;;0,02859036508341861;2631;39710;5613;dropout;;4;18,0;9,0;16,0;;0,07338699991759101;;4;adam;minmax
37;2024-07-03 03:43:42.478502;0,3280062973499298;;leaky_relu;0,20734006044216108;0,3520983432066652;32;0,5757797753848806;;False;;0,014623402415643609;2631;39710;5613;dropout;;8;18,0;14,0;16,0;17,0;0,07939955579703757;;5;adam;minmax
38;2024-07-03 03:46:59.835234;7,775812149047852;;leaky_relu;0,4260023530139316;0,20200653289403314;16;0,6121261033091936;;False;;0,05229821408988573;2631;39710;5613;dropout;;3;14,0;9,0;6,0;;0,0854976447600348;;4;adam;minmax
39;2024-07-03 03:53:38.751578;0,267274409532547;;leaky_relu;0,5191460063322061;0,38184800264669694;128;0,4194380849927052;;False;;0,028007770487104705;2631;39710;5613;dropout;;7;17,0;3,0;14,0;20,0;0,05186889693271064;;5;adam;minmax
40;2024-07-03 03:55:24.475719;0,4238048791885376;;leaky_relu;0,13317929209676904;0,5848404844597055;8;0,5195310884274938;;False;;0,03583257454448988;2631;39710;5613;dropout;;10;20,0;19,0;7,0;23,0;0,08499237687034761;;5;adam;minmax
41;2024-07-03 04:14:26.534551;0,6518099904060364;;leaky_relu;0,37584155722065554;0,5164324302543508;512;0,6935600691861954;;False;;0,041525638897195266;2631;39710;5613;dropout;;5;3,0;27,0;8,0;26,0;0,08720438385859086;;5;adam;minmax
42;2024-07-03 04:14:49.313679;0,20833000540733337;;leaky_relu;0,2573952236453684;0,42158742144599054;512;0,6375144671784091;;False;;0,019618011087102524;2631;39710;5613;dropout;;8;13,0;14,0;14,0;26,0;0,08868019632689095;;5;adam;minmax
43;2024-07-03 04:15:28.178018;0,2004300057888031;;leaky_relu;0,2532390808119946;0,39920805233086;512;0,6218133208675972;;False;;0,00917543724883538;2631;39710;5613;dropout;;8;13,0;14,0;14,0;26,0;0,08973730941335088;;5;adam;minmax
44;2024-07-03 04:16:36.669875;0,2446800023317337;;leaky_relu;0,23335197269119584;0,2688969667814472;512;0,6359656072822227;;False;;0,010244724787151086;2631;39710;5613;dropout;;8;13,0;16,0;19,0;;0,06675482413067496;;4;adam;minmax
45;2024-07-03 04:18:00.436205;0,21926000714302063;;leaky_relu;0,26470369056647364;0,42815746726046405;512;0,6308420969314061;;False;;0,009545797504802106;2631;39710;5613;dropout;;10;19,0;10,0;14,0;25,0;0,0861590521120524;;5;adam;minmax
46;2024-07-03 04:19:42.892037;0,23833808302879333;;leaky_relu;0,12395688001544039;0,33431517930850074;256;0,6268844898754029;;False;;0,01577891734411526;2631;39710;5613;dropout;;4;7,0;7,0;15,0;19,0;0,07981650320285057;;5;adam;minmax
47;2024-07-03 04:22:08.274873;10960452452352,0;;leaky_relu;0,26050003054598103;0,2530444594305377;512;0,5456260661317006;4,0;True;maxabs;0,02063244590581195;2631;39710;5613;dropout;;16;16,0;17,0;18,0;;0,08860205275767445;;4;adam;minmax
48;2024-07-03 04:22:39.011548;0,22976970672607422;;leaky_relu;0,1683308065782539;0,4123741417724065;32;0,6471176438575735;;False;;0,0074181128684183435;2631;39710;5613;dropout;;8;12,0;14,0;21,0;26,0;0,06534407588073482;;5;adam;minmax
49;2024-07-03 04:26:55.299767;0,39436283707618713;;leaky_relu;0,18213144749393667;0,3266274398635063;128;0,4858161799292232;;False;;0,023561848919724807;2631;39710;5613;dropout;;11;14,0;20,0;14,0;;0,07681389157252941;;4;adam;minmax
50;2024-07-03 04:27:54.308568;0,20869077742099762;;leaky_relu;0,36488313930083005;0,5402214039058103;16;;1,0;True;minmax;0,014392391995539378;2631;39710;5613;batchnorm;;7;17,0;16,0;13,0;14,0;0,08928644606269756;;5;adam;minmax
51;2024-07-03 04:36:39.855381;0,3923819363117218;;leaky_relu;0,35467532738691554;0,5443332592337807;16;;1,0;True;minmax;0,012922519010107743;2631;39710;5613;batchnorm;;7;18,0;16,0;13,0;11,0;0,09012476037395564;;5;adam;minmax
52;2024-07-03 04:45:15.772486;6,78782320022583;;leaky_relu;0,2753410326902399;0,6420989380073444;16;;5,0;True;minmax;0,01765032392860276;2631;39710;5613;batchnorm;;9;17,0;18,0;17,0;13,0;0,09143913431602113;;5;adam;minmax
53;2024-07-03 04:54:33.209320;2,0789833068847656;;leaky_relu;0,3737179171786271;0,5307332706055934;16;;2,0;True;minmax;0,008644052424621624;2631;39710;5613;batchnorm;;5;13,0;14,0;12,0;13,0;0,08173198190310813;;5;adam;minmax
54;2024-07-03 05:04:45.433781;4,339759349822998;;leaky_relu;0,4752059092508189;0,44119154311311826;8;;1,0;True;minmax;0,004989835894310535;2631;39710;5613;batchnorm;;7;16,0;12,0;10,0;23,0;0,09032575504383565;;5;adam;normalizer
55;2024-07-03 05:22:30.228077;7,572961807250977;;leaky_relu;0,281868255026362;0,5011138796217135;256;;6,0;True;minmax;0,011384748994038962;2631;39710;5613;batchnorm;;11;19,0;7,0;23,0;27,0;0,07256759430373659;;5;adam;minmax
56;2024-07-03 05:24:59.655441;7,17953332186675e+23;;selu;0,43639788615481784;0,6139103606102108;16;0,5945276146788867;4,0;True;maxabs;0,01773812526242712;2631;39710;5613;dropout;;5;14,0;15,0;13,0;;;;4;adam;minmax
57;2024-07-03 05:31:11.162114;0,2639300227165222;;relu;0,3586524083079117;0,4407935038170333;512;;;False;;0,012738683285206253;2631;39710;5613;batchnorm;;3;21,0;17,0;15,0;21,0;;;5;adam;minmax
58;2024-07-03 05:32:12.904235;0,26503998041152954;;leaky_relu;0,2351647758726551;0,21496706033544816;512;;;False;;0,02490990950888358;2631;39710;5613;vanilla;;9;11,0;21,0;5,0;17,0;0,08215125890341307;;5;adam;normalizer
59;2024-07-03 05:32:35.388654;1,5521399974822998;;selu;0,2939443439693046;0,36839163451475054;512;0,5555574868664936;3,0;True;minmax;0,05311545687310695;2631;39710;5613;dropout;;7;12,0;11,0;10,0;;;;4;adam;maxabs
60;2024-07-03 05:33:18.490438;5,79608154296875;;leaky_relu;0,39157915174915786;0,3185979026767575;32;;;False;;0,01934293604780867;2631;39710;5613;vanilla;;12;19,0;13,0;17,0;24,0;0,09288228366275424;;5;adam;minmax
61;2024-07-03 05:35:56.468589;0,2081499844789505;;leaky_relu;0,4696076732496276;0,39297013490094107;512;0,5763599614582116;;False;;0,03366501170421977;2631;39710;5613;dropout;;8;15,0;13,0;9,0;27,0;0,09189404678360384;;5;adam;minmax
62;2024-07-03 05:36:58.223118;0,2071700096130371;;leaky_relu;0,4704169214647845;0,4567388730790945;512;0,6489730681713508;;False;;0,026775581887125012;2631;39710;5613;dropout;;8;15,0;13,0;12,0;27,0;0,092164752163882;;5;adam;minmax
63;2024-07-03 05:37:46.629820;0,2088700234889984;;leaky_relu;0,5594197442341089;0,3918141098287853;512;0,6494545583494199;;False;;0,03233694262864991;2631;39710;5613;dropout;;10;15,0;13,0;10,0;27,0;0,09389180731932982;;5;adam;minmax
64;2024-07-03 05:38:23.237769;0,5644799470901489;;leaky_relu;0,46383787138815324;0,4600994448816207;512;0,6054938261198073;;False;;0,04546840938208417;2631;39710;5613;dropout;;9;14,0;11,0;12,0;27,0;0,08279233409189439;;5;adam;minmax
65;2024-07-03 05:38:50.003979;0,20778000354766846;;relu;0,4630326108334514;0,47535449010544284;512;0,6569257342473004;;False;;0,024423832194391544;2631;39710;5613;dropout;;8;13,0;15,0;9,0;25,0;;;5;adam;maxabs
66;2024-07-03 05:39:48.832728;0,20789997279644012;;relu;0,4895431677523623;0,48151135457039507;512;0,6604949179246805;;False;;0,025756441328260528;2631;39710;5613;dropout;;21;11,0;15,0;9,0;28,0;;;5;adam;maxabs
67;2024-07-03 05:40:56.209135;0,21282000839710236;;selu;0,49286851217396255;0,48616936057336524;512;0,6654405191813673;;False;;0,023318317082035318;2631;39710;5613;dropout;;21;11,0;15,0;5,0;;;;4;adam;maxabs
68;2024-07-03 05:41:31.566693;0,20782001316547394;;relu;0,5549357835166363;0,4719400821727567;512;0,6644738721922472;;False;;0,02896475928900992;2631;39710;5613;dropout;;23;8,0;12,0;9,0;28,0;;;5;adam;maxabs
69;2024-07-03 05:42:15.738225;0,20798000693321228;;relu;0,5777346854112152;0,4999053607719234;512;0,6699422972669409;;False;;0,025039819804515837;2631;39710;5613;dropout;;25;7,0;12,0;9,0;28,0;;;5;adam;maxabs
70;2024-07-03 05:42:57.624125;0,4251500070095062;;relu;0,41965232984516726;0,4657227118812683;512;;;False;;0,06053083959117727;2631;39710;5613;vanilla;;22;9,0;18,0;11,0;28,0;;;5;adam;maxabs
71;2024-07-03 05:43:23.643069;0,20778998732566833;;relu;0,5777946152138678;0,4953049595588091;512;0,6592951660516848;;False;;0,027923386251568583;2631;39710;5613;dropout;;26;7,0;12,0;8,0;28,0;;;5;adam;maxabs
72;2024-07-03 05:44:10.162020;0,20666000247001648;;relu;0,5415183650075313;0,5718097477307157;512;0,6601964130751347;;False;;0,04717326698981878;2631;39710;5613;dropout;;28;5,0;29,0;7,0;25,0;;;5;adam;maxabs
73;2024-07-03 05:45:02.935424;0,20662999153137207;;relu;0,5673753286427151;0,5635476736680798;512;0,6865742296013702;;False;;0,0431950030290795;2631;39710;5613;dropout;;29;5,0;29,0;7,0;25,0;;;5;adam;maxabs
74;2024-07-03 05:45:51.783534;0,2066500186920166;;relu;0,6192071566796642;0,5719583453487952;512;0,6952594789325669;;False;;0,04493481069392317;2631;39710;5613;dropout;;29;4,0;30,0;4,0;24,0;;;5;adam;maxabs
75;2024-07-03 05:46:40.499240;0,5448325276374817;;relu;;;128;0,6938886864756799;;False;;0,042040263270813394;2631;39710;5613;dropout;0,18214600217362242;28;3,0;29,0;3,0;24,0;;True;5;sgd;maxabs
76;2024-07-03 05:48:14.406469;0,20572002232074738;;relu;0,6294833573016442;0,5665792331074769;512;0,6959490787887738;;False;;0,0646419778248793;2631;39710;5613;dropout;;28;5,0;29,0;5,0;25,0;;;5;adam;maxabs
77;2024-07-03 05:49:01.699351;71,86161041259766;;relu;0,6356620772767885;0,5889699487227118;8;0,6982470366983462;;False;;0,061314770641050474;2631;39710;5613;dropout;;28;5,0;30,0;4,0;24,0;;;5;adam;maxabs
78;2024-07-03 06:00:32.509494;0,6147400140762329;;relu;0,6175511523689984;0,636607903525857;512;0,698676882510094;;False;;0,07696232896345724;2631;39710;5613;dropout;;30;6,0;28,0;6,0;;;;4;adam;maxabs
79;2024-07-03 06:00:56.551525;0,938071608543396;;relu;0,6855886346391861;0,5506882540670727;64;;;False;;0,10019770947880101;2631;39710;5613;vanilla;;28;3,0;;;;;;2;adam;maxabs
80;2024-07-03 06:02:36.150352;0,2744700014591217;;relu;;;512;0,605873077480246;;False;;0,04066070031357486;2631;39710;5613;dropout;0,1576307199278738;29;4,0;26,0;4,0;3,0;;True;5;sgd;maxabs
81;2024-07-03 06:03:08.517209;0,20701999962329865;;relu;0,5288671650082489;0,5600689197495008;512;0,6673439376221506;;False;;0,0450347980515722;2631;39710;5613;dropout;;27;5,0;29,0;7,0;25,0;;;5;adam;maxabs
82;2024-07-03 06:04:05.326977;0,45055994391441345;;relu;0,5259200972905327;0,5754925183224059;512;0,6768374202621608;;False;;0,06522714412453033;2631;39710;5613;dropout;;29;5,0;29,0;7,0;22,0;;;5;adam;maxabs
83;2024-07-03 06:04:30.163589;0,2066899985074997;;relu;0,5230567613678555;0,61101738325315;512;0,6168077636807843;;False;;0,04992853324760862;2631;39710;5613;dropout;;27;6,0;29,0;6,0;25,0;;;5;adam;maxabs
84;2024-07-03 06:05:41.712215;0,4933761954307556;;relu;0,6086137947717101;0,6718218856088118;256;0,6276422762250786;;False;;0,05063370021804805;2631;39710;5613;dropout;;27;4,0;29,0;6,0;25,0;;;5;adam;maxabs
85;2024-07-03 06:06:25.555526;0,5194000005722046;;relu;0,5346082978219616;0,5684559727763246;512;0,6777478309637704;;False;;0,09004522488386514;2631;39710;5613;dropout;;26;6,0;28,0;5,0;30,0;;;5;adam;maxabs
86;2024-07-03 06:06:50.041587;0,20719997584819794;;relu;0,511726303036238;0,5383709179651328;512;0,6996240125505792;;False;;0,04452491000394327;2631;39710;5613;dropout;;27;4,0;25,0;3,0;25,0;;;5;adam;maxabs
87;2024-07-03 06:07:49.346950;0,20565001666545868;;relu;0,6744920148458833;0,5900451041295657;512;0,6200426789375455;;False;;0,06452170972399411;2631;39710;5613;dropout;;25;6,0;27,0;4,0;26,0;;;5;adam;maxabs
88;2024-07-03 06:08:43.031388;0,20499999821186066;;relu;0,6718127462347412;0,5995202296394992;512;;;False;;0,08078922333436656;2631;39710;5613;vanilla;;25;6,0;27,0;4,0;23,0;;;5;adam;maxabs
89;2024-07-03 06:10:54.708250;0,20572002232074738;;relu;0,6639721243852622;0,5990938084416085;512;;;False;;0,06334661382743396;2631;39710;5613;vanilla;;25;6,0;27,0;4,0;22,0;;;5;adam;maxabs
90;2024-07-03 06:11:53.226069;2,2653324604034424;;relu;0,6886290361504832;0,5975198218929968;32;;;False;;0,11715394116747023;2631;39710;5613;vanilla;;25;8,0;27,0;4,0;23,0;;;5;adam;maxabs
91;2024-07-03 06:14:34.660968;0,2053000032901764;;relu;0,6519490283815456;0,6102895192274987;512;;;False;;0,07356772896238947;2631;39710;5613;vanilla;;25;6,0;30,0;6,0;21,0;;;5;adam;maxabs
92;2024-07-03 06:15:56.210551;0,20555000007152557;;relu;0,6641880404096081;0,6313930958916505;512;;;False;;0,07019976903035756;2631;39710;5613;vanilla;;30;6,0;30,0;4,0;21,0;;;5;adam;maxabs
93;2024-07-03 06:17:22.076160;0,20555000007152557;;relu;0,6631557748976207;0,6672628749024251;512;;;False;;0,0674363376473841;2631;39710;5613;vanilla;;30;6,0;30,0;4,0;21,0;;;5;adam;maxabs
94;2024-07-03 06:18:32.833702;0,2052299976348877;;relu;0,723025805440411;0,6493432346561194;512;;;False;;0,08209598059322683;2631;39710;5613;vanilla;;30;6,0;26,0;3,0;19,0;;;5;adam;maxabs
95;2024-07-03 06:19:31.971849;0,2053000032901764;;relu;0,7287298777971994;0,6674319679555925;512;;;False;;0,08199182880606658;2631;39710;5613;vanilla;;30;7,0;26,0;3,0;19,0;;;5;adam;maxabs
96;2024-07-03 06:21:04.270208;4,765079975128174;;relu;0,7418227839971292;0,7036346574972552;128;;;False;;0,08197563613104823;2631;39710;5613;vanilla;;30;;;;;;;1;adam;maxabs
97;2024-07-03 06:22:00.936846;0,2055799961090088;;relu;0,7296932901284894;0,6632933983574077;512;;;False;;0,07544820890064867;2631;39710;5613;vanilla;;30;8,0;24,0;3,0;;;;4;adam;maxabs
98;2024-07-03 06:23:15.758968;0,8112301826477051;;relu;;;8;;;False;;0,1332540558884635;2631;39710;5613;vanilla;0,9138813907161524;30;7,0;24,0;;;;True;3;sgd;maxabs
99;2024-07-03 06:33:45.219576;12,077062606811523;;selu;0,7237082813947157;0,635002189207727;64;;;False;;0,09022392513410929;2631;39710;5613;vanilla;;30;9,0;26,0;3,0;;;;4;adam;normalizer
100;2024-07-03 06:35:35.781671;0,44648998975753784;;relu;0,7634282626980167;0,6675132428266375;512;;;False;;0,07192040881665346;2631;39710;5613;vanilla;;19;8,0;25,0;3,0;;;;4;adam;maxabs
101;2024-07-03 06:36:13.196754;0,5749500393867493;;relu;0,7118319651456364;0,7187191945030752;512;;;False;;0,10335762915608863;2631;39710;5613;vanilla;;29;6,0;27,0;5,0;18,0;;;5;adam;maxabs
102;2024-07-03 06:36:43.507283;0,20550000667572021;;relu;0,7701272991760144;0,630686553038384;512;;;False;;0,08778483494484213;2631;39710;5613;vanilla;;24;8,0;25,0;3,0;19,0;;;5;adam;maxabs
103;2024-07-03 06:37:45.217324;0,20545001327991486;;relu;0,7762452488040557;0,6241221028112917;512;;;False;;0,08638932207057563;2631;39710;5613;vanilla;;24;7,0;22,0;3,0;20,0;;;5;adam;maxabs
104;2024-07-03 06:38:32.628303;0,2054699957370758;;relu;0,7853889889830759;0,6636908574033101;512;;;False;;0,08511680357014746;2631;39710;5613;vanilla;;24;10,0;23,0;3,0;20,0;;;5;adam;maxabs
105;2024-07-03 06:39:41.087173;0,4461905062198639;;relu;0,780285204700508;0,6373266418756685;256;;;False;;0,11982561054102503;2631;39710;5613;vanilla;;24;10,0;22,0;3,0;20,0;;;5;adam;maxabs
106;2024-07-03 06:40:25.971941;0,2052699774503708;;relu;0,7488748681258415;0,6982325492475999;512;;;False;;0,09115037288935937;2631;39710;5613;vanilla;;24;7,0;25,0;5,0;19,0;;;5;adam;maxabs
107;2024-07-03 06:42:39.127404;0,20382001996040344;;selu;0,7985287876839035;0,6991722981216428;512;;;False;;0,09146470776945133;2631;39710;5613;vanilla;;23;7,0;25,0;5,0;19,0;;;5;adam;maxabs
108;2024-07-03 06:43:26.921533;0,33629000186920166;;selu;0,796574372350065;0,73048066155304;512;;;False;;0,15774656585562388;2631;39710;5613;vanilla;;23;9,0;25,0;30,0;19,0;;;5;adam;maxabs
109;2024-07-03 06:44:00.447035;0,2563599944114685;;selu;0,8104854177067063;0,686739387413392;512;;;False;;0,09425023516362074;2631;39710;5613;vanilla;;23;10,0;22,0;5,0;18,0;;;5;adam;maxabs
110;2024-07-03 06:44:36.224860;0,21860000491142273;;selu;0,8245495813918912;0,7448025262100515;512;;;False;;0,08448103207304121;2631;39710;5613;vanilla;;24;7,0;24,0;3,0;19,0;;;5;adam;maxabs
111;2024-07-03 06:45:24.248991;0,20574000477790833;;selu;0,7585937835350384;0,6242572430559605;512;;;False;;0,07946325006783451;2631;39710;5613;vanilla;;22;7,0;23,0;5,0;20,0;;;5;adam;maxabs
112;2024-07-03 06:46:20.571865;0,20624999701976776;;relu;0,8342447019741435;0,6542928685626852;512;;;False;;0,09600528999125578;2631;39710;5613;vanilla;;24;8,0;26,0;4,0;16,0;;;5;adam;maxabs
113;2024-07-03 06:47:13.115825;0,5582998991012573;;relu;0,7062896810531683;0,6956651121808309;512;;;False;;0,1100077453204699;2631;39710;5613;vanilla;;21;10,0;25,0;6,0;21,0;;;5;adam;maxabs
114;2024-07-03 06:47:50.138282;0,24251000583171844;;selu;0,7441406881445543;0,6189557115331307;512;;;False;;0,05415081641534397;2631;39710;5613;vanilla;;22;7,0;28,0;3,0;18,0;;;5;adam;maxabs
115;2024-07-03 06:48:51.349552;0,5697900056838989;;relu;0,7823506778510677;0,6837971811908726;512;;;False;;0,12259494133877204;2631;39710;5613;vanilla;;23;9,0;23,0;4,0;21,0;;;5;adam;normalizer
116;2024-07-03 06:49:36.686490;2,295684576034546;;relu;0,8464321210733918;0,6534988455091653;32;;;False;;0,13710780034708017;2631;39710;5613;vanilla;;24;8,0;26,0;5,0;19,0;;;5;adam;maxabs
117;2024-07-03 06:52:15.935944;0,20487001538276672;;relu;0,701099788178923;0,6131919909825368;512;;;False;;0,08539349119239352;2631;39710;5613;vanilla;;26;7,0;25,0;6,0;17,0;;;5;adam;maxabs
118;2024-07-03 06:54:55.903329;0,34738999605178833;;selu;;;512;;;False;;0,18130186373306026;2631;39710;5613;vanilla;0,022511709503362468;26;7,0;22,0;27,0;16,0;;True;5;sgd;maxabs
119;2024-07-03 06:55:35.059856;0,20472998917102814;;relu;0,7022432304273794;0,6159145896142506;512;;;False;;0,0879450425237511;2631;39710;5613;vanilla;;25;8,0;25,0;6,0;20,0;;;5;adam;maxabs
120;2024-07-03 06:59:11.546271;0,5412500500679016;;relu;0,7154044510651383;0,6097605566083625;512;;;False;;0,10582981390866787;2631;39710;5613;vanilla;;25;9,0;26,0;6,0;17,0;;;5;adam;maxabs
121;2024-07-03 06:59:50.427323;0,20548000931739807;;relu;0,7622079122247876;0,6498705555888238;512;;;False;;0,08597899269984022;2631;39710;5613;vanilla;;26;7,0;24,0;6,0;20,0;;;5;adam;maxabs
122;2024-07-03 07:00:56.230382;0,20552000403404236;;relu;0,7486100742168622;0,70741649124608;512;;;False;;0,08190420137915257;2631;39710;5613;vanilla;;26;7,0;24,0;8,0;20,0;;;5;adam;maxabs
123;2024-07-03 07:01:53.169833;0,7617799639701843;;relu;0,7051606438987152;0,6515205239465022;512;;;False;;0,10335985837833872;2631;39710;5613;vanilla;;25;7,0;25,0;6,0;20,0;;;5;adam;maxabs
124;2024-07-03 07:02:17.332054;0,20573000609874725;;relu;0,7994495965800188;0,6840395290679033;512;;;False;;0,055398421830695;2631;39710;5613;vanilla;;15;8,0;23,0;5,0;18,0;;;5;adam;maxabs
125;2024-07-03 07:02:51.028063;0,8784488439559937;;relu;0,7348523587436325;0,6062942389907842;128;;;False;;0,1358872414059291;2631;39710;5613;vanilla;;26;6,0;24,0;7,0;22,0;;;5;adam;maxabs
126;2024-07-03 07:03:47.978427;0,20592001080513;;relu;0,7597059335528292;0,7492321310546486;512;;;False;;0,07227613899703028;2631;39710;5613;vanilla;;24;4,0;21,0;6,0;8,0;;;5;adam;maxabs
127;2024-07-03 07:04:51.031750;0,24805998802185059;;selu;0,6948292199490146;0,6526283828398035;512;;;False;;0,05687563230738766;2631;39710;5613;vanilla;;27;5,0;23,0;5,0;15,0;;;5;adam;maxabs
128;2024-07-03 07:05:21.043795;0,5750896334648132;;relu;0,7302870612753872;0,6764276795069443;64;;;False;;0,0936604684606357;2631;39710;5613;vanilla;;23;10,0;26,0;16,0;19,0;;;5;adam;maxabs
129;2024-07-03 07:07:08.920054;70,48572540283203;;relu;0,7882683206600017;0,7016456971029102;8;;;False;;0,10952887214500265;2631;39710;5613;vanilla;;25;9,0;28,0;4,0;17,0;;;5;adam;maxabs
130;2024-07-03 07:17:34.448292;0,20473997294902802;;relu;0,7700599380846314;0,6179784323126469;512;;;False;;0,08068125211911806;2631;39710;5613;vanilla;;27;7,0;;;;;;2;adam;maxabs
131;2024-07-03 07:18:16.806613;0,2058500051498413;;relu;0,7608005810799804;0,5218132398304807;512;;;False;;0,0837623542378011;2631;39710;5613;vanilla;;25;7,0;25,0;8,0;18,0;;;5;adam;maxabs
132;2024-07-03 07:19:06.818773;0,20544998347759247;;relu;0,7172372165476613;0,5920911097364516;512;;;False;;0,07571335401955362;2631;39710;5613;vanilla;;26;6,0;;;;;;2;adam;maxabs
133;2024-07-03 07:19:54.515481;0,41220998764038086;;relu;0,6953193699463464;0,5990639891093199;512;;;False;;0,07231831835327333;2631;39710;5613;vanilla;;27;6,0;;;;;;2;adam;maxabs
134;2024-07-03 07:20:23.043596;0,2983100116252899;;relu;0,7225311873993984;0,6190051093620668;512;;;False;;0,06247224240220289;2631;39710;5613;vanilla;;24;5,0;;;;;;2;adam;maxabs
135;2024-07-03 07:20:51.923142;0,24814999103546143;;relu;0,6458569793481128;0,5860092939052689;512;;;False;;0,13063431233111825;2631;39710;5613;vanilla;;26;8,0;;;;;;2;adam;normalizer
136;2024-07-03 07:21:16.452987;0,23386187851428986;;relu;0,7393273160401551;0,5275272231449257;256;;;False;;0,15506350968684207;2631;39710;5613;vanilla;;28;;;;;;;1;adam;maxabs
137;2024-07-03 07:21:49.482277;2,295600175857544;;selu;0,7073370607301402;0,6247208603790689;512;;;False;;0,11789741839816004;2631;39710;5613;vanilla;;22;6,0;27,0;;;;;3;adam;maxabs
138;2024-07-03 07:22:19.298526;5,693333625793457;;relu;0,8134151687481609;0,594526132445788;16;;;False;;0,05586993098528331;2631;39710;5613;vanilla;;25;8,0;;;;;;2;adam;maxabs
139;2024-07-03 07:27:12.918953;inf;;relu;;;512;;8,0;True;maxabs;0,09696476301407633;2631;39710;5613;vanilla;0,007797739535727168;23;6,0;;;;;True;2;sgd;maxabs
140;2024-07-03 07:27:15.764091;0,20848998427391052;;relu;0,6781338881711119;0,5561091656900987;512;;;False;;0,07497188763967728;2631;39710;5613;vanilla;;27;4,0;;;;;;2;adam;maxabs
141;2024-07-03 07:28:46.837677;0,39013999700546265;;relu;0,7767827377423802;0,6491011412975002;512;;;False;;0,0865044368443964;2631;39710;5613;vanilla;;26;7,0;24,0;;;;;3;adam;maxabs
142;2024-07-03 07:29:16.530661;0,20563001930713654;;relu;0,7470650393754127;0,6715493018868313;512;;;False;;0,06664503527543363;2631;39710;5613;vanilla;;17;;;;;;;1;adam;maxabs
143;2024-07-03 07:29:55.660855;0,20541998744010925;;relu;0,7931278778281564;0,6324439920556607;512;;;False;;0,1055449560022744;2631;39710;5613;vanilla;;26;7,0;26,0;6,0;20,0;;;5;adam;maxabs
144;2024-07-03 07:30:47.712763;0,4916899800300598;;relu;0,8374066259017122;0,542624548817156;512;;;False;;0,10956072366882652;2631;39710;5613;vanilla;;24;5,0;28,0;15,0;21,0;;;5;adam;maxabs
145;2024-07-03 07:31:20.324030;0,2054699957370758;;relu;0,796972386470972;0,6186966694263659;512;;;False;;0,09383537382945178;2631;39710;5613;vanilla;;26;17,0;27,0;18,0;22,0;;;5;adam;maxabs
146;2024-07-03 07:32:30.805284;0,5811699628829956;;relu;0,32311377645089684;0,642652941195069;512;;;False;;0,07712991329274772;2631;39710;5613;vanilla;;25;6,0;26,0;5,0;29,0;;;5;adam;maxabs
147;2024-07-03 07:33:03.077068;295,7852478027344;;selu;0,8587541609616763;0,5866220574246839;32;;;False;;0,03663170664264232;2631;39710;5613;vanilla;;28;9,0;25,0;7,0;20,0;;;5;adam;maxabs
148;2024-07-03 07:36:10.342301;0,37334001064300537;;relu;0,6561561103439563;0,6923633291269501;512;;;False;;0,058884208172509674;2631;39710;5613;vanilla;;27;8,0;26,0;8,0;19,0;;;5;adam;maxabs
149;2024-07-03 07:36:36.868862;0,21311001479625702;;relu;0,7226835512653473;0,5775776907115411;512;;;False;;0,1231500784268956;2631;39710;5613;vanilla;;24;7,0;27,0;4,0;17,0;;;5;adam;maxabs
150;2024-07-03 07:40:28.723244;0,4443000257015228;;relu;0,6814445374646875;0,6696575396026163;512;;;False;;0,10194266679909605;2631;39710;5613;vanilla;;29;12,0;;;;;;2;adam;maxabs
151;2024-07-03 07:40:52.175819;0,2060900181531906;;relu;0,7970131267368347;0,6161868206110659;512;;;False;;0,08846674563810394;2631;39710;5613;vanilla;;26;17,0;27,0;17,0;22,0;;;5;adam;maxabs
152;2024-07-03 07:41:26.380250;0,20943999290466309;;relu;0,8085115681860611;0,6358377335552282;512;;;False;;0,09719659422340922;2631;39710;5613;vanilla;;26;16,0;28,0;19,0;22,0;;;5;adam;maxabs
153;2024-07-03 07:42:04.625950;0,205409973859787;;relu;0,7733668212704431;0,6070162461030627;512;;;False;;0,0697379890545455;2631;39710;5613;vanilla;;25;18,0;25,0;20,0;21,0;;;5;adam;maxabs
154;2024-07-03 07:42:41.695483;0,20586998760700226;;relu;0,7776153003313291;0,5142563961974037;512;;;False;;0,06746182409544249;2631;39710;5613;vanilla;;25;19,0;25,0;25,0;21,0;;;5;adam;maxabs
155;2024-07-03 07:43:13.777064;0,2735700011253357;;relu;0,7015078455347827;0,7187283420940063;512;;;False;;0,05192025753057082;2631;39710;5613;vanilla;;25;18,0;24,0;22,0;20,0;;;5;adam;maxabs
156;2024-07-03 07:43:36.658560;0,20111998915672302;;selu;0,7449825492427778;0,6000925734913279;512;;;False;;0,078285918353709;2631;39710;5613;vanilla;;24;20,0;23,0;13,0;23,0;;;5;adam;normalizer
157;2024-07-03 07:44:08.917995;0,43063002824783325;;selu;0,7276380326226908;0,5552852828672077;512;;;False;;0,0748062386009848;2631;39710;5613;vanilla;;23;6,0;26,0;13,0;18,0;;;5;adam;normalizer
158;2024-07-03 07:44:40.093020;65,94914245605469;;selu;0,749785136219272;0,6079251230213225;128;;;False;;0,05997720169923339;2631;39710;5613;vanilla;;27;23,0;25,0;21,0;23,0;;;5;adam;normalizer
159;2024-07-03 07:45:41.395570;27,556957244873047;;selu;0,6740211680111658;0,6065080950627177;512;;70,0;True;normalizer;0,1466455923785937;2631;39710;5613;vanilla;;24;20,0;26,0;14,0;23,0;;;5;adam;normalizer
160;2024-07-03 07:46:15.049646;0,6083094477653503;;selu;0,6463803760741903;0,5820474113256735;64;;;False;;0,048700926637074676;2631;39710;5613;batchnorm;;25;18,0;22,0;11,0;19,0;;;5;adam;normalizer
161;2024-07-03 07:49:13.197124;0,7572399973869324;;selu;0,7728181582386116;0,6320246296446765;512;;;False;;0,08072164783190285;2631;39710;5613;vanilla;;24;21,0;23,0;13,0;21,0;;;5;adam;maxabs
162;2024-07-03 07:49:51.916691;0,3593199849128723;;relu;0,7476337681137097;0,6634875173808268;512;;;False;;0,11115762355830315;2631;39710;5613;vanilla;;23;21,0;21,0;3,0;20,0;;;5;adam;normalizer
163;2024-07-03 07:50:24.553423;0,20566999912261963;;relu;0,7106218546853595;0,5970714512362636;512;;;False;;0,06932386065751779;2631;39710;5613;vanilla;;24;20,0;19,0;12,0;19,0;;;5;adam;maxabs
164;2024-07-03 07:51:19.396905;0,20588000118732452;;relu;0,7801941453535788;0,6457806340199502;512;;;False;;0,08130959056356868;2631;39710;5613;vanilla;;25;7,0;25,0;4,0;20,0;;;5;adam;maxabs
165;2024-07-03 07:52:07.970964;106,10566711425781;;relu;0,6905618806937301;0,6862649399240551;8;;;False;;0,1204779894859732;2631;39710;5613;vanilla;;26;8,0;24,0;3,0;24,0;;;5;adam;maxabs
166;2024-07-03 08:02:52.903704;39,050048828125;;selu;0,8166845144400723;0,5643663903626458;512;;;False;;0,09568206631073814;2631;39710;5613;vanilla;;19;19,0;22,0;14,0;29,0;;;5;adam;maxabs
167;2024-07-03 08:03:18.985859;0,49588003754615784;;relu;;;512;;;False;;0,0627146511818177;2631;39710;5613;vanilla;0,02910867787592969;25;22,0;;;;;True;2;sgd;maxabs
168;2024-07-03 08:03:42.713776;0,20618999004364014;;relu;0,865402552958331;0,6322318675170142;512;;;False;;0,07656143329862265;2631;39710;5613;vanilla;;24;7,0;26,0;5,0;18,0;;;5;adam;maxabs
169;2024-07-03 08:05:08.167765;0,49712857604026794;;relu;0,7305740070566663;0,6555142085469017;256;;;False;;0,1088748582603278;2631;39710;5613;vanilla;;14;6,0;23,0;15,0;21,0;;;5;adam;maxabs
170;2024-07-03 08:05:43.747954;275,8205261230469;;selu;0,34723920519149654;0,5038982754382063;512;;;False;;0,18242725183221734;2631;39710;5613;vanilla;;22;5,0;25,0;6,0;23,0;;;5;adam;maxabs
171;2024-07-03 08:06:11.293607;0,20559999346733093;;relu;0,8043065516343686;0,6170624773522444;512;;;False;;0,09048625789133574;2631;39710;5613;vanilla;;26;16,0;27,0;21,0;19,0;;;5;adam;maxabs
172;2024-07-03 08:06:54.074992;0,20538000762462616;;relu;0,7638179634543392;0,6186354295185559;512;;;False;;0,09453694847879777;2631;39710;5613;vanilla;;25;17,0;27,0;18,0;22,0;;;5;adam;maxabs
173;2024-07-03 08:08:36.558473;0,20554998517036438;;relu;0,7432331292418134;0,5829153611911821;512;;;False;;0,0828340774539285;2631;39710;5613;vanilla;;25;17,0;24,0;18,0;21,0;;;5;adam;maxabs
174;2024-07-03 08:09:51.879270;0,20618000626564026;;relu;0,7722268982220756;0,6011984473236985;512;;;False;;0,06870212556742532;2631;39710;5613;vanilla;;23;7,0;26,0;19,0;20,0;;;5;adam;maxabs
175;2024-07-03 08:10:43.188591;22,048919677734375;;relu;0,7185583730920964;0,5394229112207191;16;;;False;;0,13195354789482086;2631;39710;5613;vanilla;;27;18,0;27,0;20,0;22,0;;;5;adam;maxabs
176;2024-07-03 08:16:13.043842;0,4427100121974945;;relu;0,760067185631118;0,6723230493925137;512;;;False;;0,10232795029390666;2631;39710;5613;vanilla;;24;6,0;25,0;20,0;21,0;;;5;adam;maxabs
177;2024-07-03 08:16:37.190294;0,20642998814582825;;relu;0,8246641171720839;0,7052520313295298;512;;;False;;0,058088368801846625;2631;39710;5613;vanilla;;29;16,0;28,0;3,0;24,0;;;5;adam;normalizer
178;2024-07-03 08:17:36.614056;0,20534999668598175;;relu;0,6974610734702072;0,6271780356922111;512;;;False;;0,07535156243202824;2631;39710;5613;vanilla;;25;8,0;26,0;4,0;22,0;;;5;adam;maxabs
179;2024-07-03 08:18:48.074571;0,20541000366210938;;relu;0,667837296015736;0,6233367126209766;512;;;False;;0,07128064256958871;2631;39710;5613;vanilla;;26;8,0;26,0;4,0;22,0;;;5;adam;maxabs
180;2024-07-03 08:19:59.520206;0,2065100222826004;;relu;0,6748236344989664;0,573004370931668;512;;;False;;0,039226307445877615;2631;39710;5613;vanilla;;26;8,0;26,0;5,0;22,0;;;5;adam;maxabs
181;2024-07-03 08:20:40.493440;0,2054399996995926;;relu;0,6562409977642896;0,6329845445968547;512;;;False;;0,07114467236461486;2631;39710;5613;vanilla;;25;24,0;26,0;4,0;22,0;;;5;adam;maxabs
182;2024-07-03 08:21:14.575785;0,20548000931739807;;relu;0,6545103108807966;0,6288263744502229;512;;;False;;0,07026987802210509;2631;39710;5613;vanilla;;25;26,0;27,0;4,0;23,0;;;5;adam;maxabs
183;2024-07-03 08:22:28.600959;0,20648999512195587;;relu;0,6364628773388533;0,5962860858190097;512;;;False;;0,05252252564210162;2631;39710;5613;vanilla;;26;24,0;26,0;5,0;22,0;;;5;adam;maxabs
184;2024-07-03 08:23:12.506001;0,20589999854564667;;relu;0,6047764878015418;0,6438876258319972;512;;;False;;0,06264277752754877;2631;39710;5613;vanilla;;27;25,0;28,0;7,0;23,0;;;5;adam;maxabs
185;2024-07-03 08:25:05.160119;0,20537999272346497;;relu;0,696682874744728;0,6101417575016479;512;;;False;;0,0754881841580531;2631;39710;5613;vanilla;;25;17,0;25,0;6,0;21,0;;;5;adam;maxabs
186;2024-07-03 08:26:08.234849;0,4439399838447571;;relu;0,6991499392347051;0,6070959056028079;512;;;False;;0,005925921241961724;2631;39710;5613;vanilla;;25;28,0;25,0;16,0;21,0;;;5;adam;maxabs
187;2024-07-03 08:26:40.420237;0,33438998460769653;;selu;0,6844880188974175;0,4404685305768336;512;;;False;;0,003510367124213737;2631;39710;5613;batchnorm;;25;16,0;26,0;6,0;22,0;;;5;adam;maxabs
188;2024-07-03 08:27:22.015025;0,31828004121780396;;relu;0,662554698536007;0,6409285530708563;512;;;False;;0,09727737536250984;2631;39710;5613;vanilla;;26;17,0;27,0;4,0;21,0;;;5;adam;maxabs
189;2024-07-03 08:27:53.093947;2,173346757888794;;relu;0,6300558930193791;0,687029663802675;32;;;False;;0,0487147495522575;2631;39710;5613;vanilla;;16;18,0;25,0;6,0;23,0;;;5;adam;maxabs
190;2024-07-03 08:30:24.036078;430,185791015625;;relu;0,310823082185646;0,554661659553049;512;;6,0;True;maxabs;0,016246749162499675;2631;39710;5613;vanilla;;28;17,0;26,0;4,0;22,0;;;5;adam;maxabs
191;2024-07-03 08:30:56.285380;0,20530998706817627;;relu;0,7128202938379535;0,6136379883175278;512;;;False;;0,07940956680594799;2631;39710;5613;vanilla;;26;8,0;25,0;5,0;26,0;;;5;adam;maxabs
192;2024-07-03 08:32:11.564850;0,20524999499320984;;relu;0,6944042827852169;0,6141099925939645;512;;;False;;0,07678427714230117;2631;39710;5613;vanilla;;25;8,0;25,0;5,0;26,0;;;5;adam;maxabs
193;2024-07-03 08:33:13.590924;0,2053000032901764;;relu;0,7122267617837709;0,6152961780348859;512;;;False;;0,08026592104163842;2631;39710;5613;vanilla;;26;9,0;25,0;7,0;26,0;;;5;adam;maxabs
194;2024-07-03 08:34:58.042052;0,20504999160766602;;relu;0,7085205163585113;0,612078252014858;512;;;False;;0,08338735633324965;2631;39710;5613;vanilla;;25;9,0;25,0;5,0;26,0;;;5;adam;maxabs
195;2024-07-03 08:36:14.714889;0,20479997992515564;;relu;0,701500749798073;0,5773841713017109;512;;;False;;0,08648539105665659;2631;39710;5613;vanilla;;25;9,0;24,0;5,0;26,0;;;5;adam;maxabs
196;2024-07-03 08:37:38.148980;0,2048500031232834;;relu;0,6967936802223168;0,5660847170914206;512;;;False;;0,08493383923865329;2631;39710;5613;vanilla;;24;9,0;24,0;5,0;28,0;;;5;adam;maxabs
197;2024-07-03 08:38:59.519326;0,5171582102775574;;selu;;;128;;;False;;0,08793258106489008;2631;39710;5613;vanilla;0,01159791985972836;24;9,0;24,0;5,0;26,0;;True;5;sgd;maxabs
198;2024-07-03 08:39:56.306860;0,20510999858379364;;relu;0,6916408992992086;0,5848975723021186;512;;;False;;0,07938709490247471;2631;39710;5613;vanilla;;24;9,0;24,0;7,0;26,0;;;5;adam;maxabs
199;2024-07-03 08:41:22.851916;0,23832997679710388;;relu;0,6986434324426728;0,5799255718802467;512;;;False;;0,020394430252990804;2631;39710;5613;vanilla;;23;10,0;24,0;7,0;26,0;;;5;adam;normalizer
200;2024-07-03 08:41:47.544452;0,5748575329780579;;relu;0,7170981141766067;0,5697785012833747;64;;;False;;0,08079745699650406;2631;39710;5613;vanilla;;6;8,0;24,0;5,0;26,0;;;5;adam;maxabs
201;2024-07-03 08:43:11.890408;0,20511002838611603;;relu;0,6869249754497375;0,5520849462667521;512;;;False;;0,08019789920951298;2631;39710;5613;vanilla;;24;9,0;25,0;6,0;27,0;;;5;adam;maxabs
202;2024-07-03 08:44:21.697280;0,20664000511169434;;relu;0,6838269485339337;0,5380441662183474;512;;;False;;0,06009360019087316;2631;39710;5613;vanilla;;24;9,0;24,0;7,0;27,0;;;5;adam;maxabs
203;2024-07-03 08:44:54.496360;0,3830999732017517;;relu;0,7078511847095164;0,5575713484395134;512;;;False;;0,08545156153784281;2631;39710;5613;vanilla;;24;9,0;25,0;6,0;27,0;;;5;adam;maxabs
204;2024-07-03 08:45:18.285971;0,20527999103069305;;relu;0,7320929215722717;0,40638226233043107;512;;;False;;0,08172871802285904;2631;39710;5613;vanilla;;23;9,0;25,0;5,0;26,0;;;5;adam;maxabs
205;2024-07-03 08:46:16.452231;0,26833000779151917;;relu;0,7294951154457818;0,42890108494038537;512;;;False;;0,010486524290057699;2631;39710;5613;vanilla;;23;11,0;24,0;5,0;27,0;;;5;adam;maxabs
206;2024-07-03 08:46:41.985505;0,2981700003147125;;relu;0,7324807871514918;0,517894019498982;512;;;False;;0,11633302029699236;2631;39710;5613;vanilla;;23;10,0;23,0;6,0;28,0;;;5;adam;maxabs
207;2024-07-03 08:47:05.532294;5,206722259521484;;selu;0,680271543563712;0,3548518732995807;8;;;False;;0,013269125558148086;2631;39710;5613;vanilla;;22;9,0;25,0;;;;;3;adam;maxabs
208;2024-07-03 08:56:56.858475;0,4599900245666504;;relu;0,2792802399355755;0,377911732550255;512;;;False;;0,09889276637560622;2631;39710;5613;vanilla;;24;10,0;25,0;7,0;26,0;;;5;adam;maxabs
209;2024-07-03 08:57:21.692893;0,20489999651908875;;relu;0,7163461861651326;0,5800113721007022;512;;;False;;0,08779009787510503;2631;39710;5613;vanilla;;23;9,0;24,0;5,0;26,0;;;5;adam;minmax
210;2024-07-03 08:59:44.141758;0,23503997921943665;;leaky_relu;0,39424885662626113;0,5392092884629881;512;;;False;;0,03023166658911747;2631;39710;5613;vanilla;;24;9,0;24,0;6,0;27,0;0,02543240743199591;;5;adam;minmax
211;2024-07-03 09:00:25.988006;0,20492999255657196;;relu;0,7125317857794199;0,5840762243445486;512;;;False;;0,08643668946026374;2631;39710;5613;vanilla;;23;9,0;23,0;5,0;26,0;;;5;adam;minmax
212;2024-07-03 09:02:03.142031;0,20516999065876007;;relu;0,7376766146719149;0,5756475640578989;512;;;False;;0,08873853782930412;2631;39710;5613;vanilla;;22;10,0;24,0;5,0;30,0;;;5;adam;minmax
213;2024-07-03 09:03:24.121975;0,48270002007484436;;relu;0,7374475373318431;0,5721266039886531;512;;;False;;0,10948519054090636;2631;39710;5613;vanilla;;22;11,0;23,0;5,0;30,0;;;5;adam;minmax
214;2024-07-03 09:03:58.790867;0,20510999858379364;;relu;0,7424399738919084;0,5851278867748063;512;;;False;;0,09128724776693165;2631;39710;5613;vanilla;;23;10,0;24,0;5,0;29,0;;;5;adam;minmax
215;2024-07-03 09:05:40.960168;0,20478001236915588;;relu;0,7471527072099522;0,39874348090840694;512;;;False;;0,09434922879192723;2631;39710;5613;vanilla;;23;11,0;23,0;5,0;29,0;;;5;adam;minmax
216;2024-07-03 09:07:20.452974;0,4680905044078827;;relu;0,7475071441436745;0,4020478420562142;256;;;False;;0,09429287604886898;2631;39710;5613;vanilla;;22;11,0;23,0;5,0;29,0;;;5;adam;minmax
217;2024-07-03 09:07:54.879306;0,6137100458145142;;relu;0,745288847370418;0,40407333564080355;512;;;False;;0,10748878405896016;2631;39710;5613;vanilla;;23;12,0;24,0;5,0;28,0;;;5;adam;minmax
218;2024-07-03 09:08:34.766608;0,223580002784729;;relu;0,7205462739038604;0,4190458344925573;512;;;False;;0,12248987222142058;2631;39710;5613;batchnorm;;23;10,0;23,0;6,0;30,0;;;5;adam;minmax
219;2024-07-03 09:09:15.195182;415,77874755859375;;selu;0,26394297733222766;0,5529392388997952;16;;;False;;0,09094111988005613;2631;39710;5613;vanilla;;21;10,0;24,0;5,0;29,0;;;5;adam;minmax
220;2024-07-03 09:14:40.630118;0,22541001439094543;;relu;0,2478894906825356;0,5885993084898657;512;;;False;;0,2267781611989949;2631;39710;5613;vanilla;;23;9,0;24,0;5,0;30,0;;;5;adam;minmax
221;2024-07-03 09:15:05.720332;0,20410999655723572;;relu;0,6873570569525753;0,3852742959576025;512;;;False;;0,08824625906692601;2631;39710;5613;vanilla;;22;10,0;23,0;6,0;25,0;;;5;adam;minmax
222;2024-07-03 09:16:33.297096;0,20390000939369202;;relu;0,6911672854944003;0,38194397144196474;512;;;False;;0,09151407391545288;2631;39710;5613;vanilla;;21;11,0;22,0;6,0;25,0;;;5;adam;minmax
223;2024-07-03 09:17:18.208548;0,21988999843597412;;relu;0,2017414161117364;0,3841041868251228;512;;;False;;0,09937826718222063;2631;39710;5613;vanilla;;23;11,0;22,0;6,0;25,0;;;5;adam;minmax
224;2024-07-03 09:17:47.542195;0,2040099799633026;;relu;0,6873842857290792;0,38248074236040547;512;;;False;;0,08943436044213487;2631;39710;5613;vanilla;;21;10,0;23,0;6,0;28,0;;;5;adam;minmax
225;2024-07-03 09:18:50.649514;0,20580999553203583;;relu;0,6808878117976639;0,3556149966267362;512;;;False;;0,06499612098777006;2631;39710;5613;vanilla;;20;10,0;23,0;6,0;28,0;;;5;adam;minmax
226;2024-07-03 09:19:31.091324;0,20404000580310822;;relu;0,693500929846593;0,39381427852843104;512;;;False;;0,09261345014114329;2631;39710;5613;vanilla;;21;11,0;23,0;7,0;29,0;;;5;adam;minmax
227;2024-07-03 09:20:52.646183;0,203450009226799;;relu;0,6793159291872342;0,3683251083717174;512;;;False;;0,11540068055335967;2631;39710;5613;vanilla;;21;12,0;22,0;8,0;29,0;;;5;adam;minmax
228;2024-07-03 09:21:58.118505;2,205169916152954;;relu;0,6650291902056973;0,3742160948676477;512;;97,0;True;normalizer;0,00870488815739466;2631;39710;5613;vanilla;;20;12,0;22,0;7,0;29,0;;;5;adam;minmax
229;2024-07-03 09:22:35.484589;0,20316000282764435;;relu;0,6787896218376441;0,33607866785883944;512;;;False;;0,11766943024464012;2631;39710;5613;vanilla;;20;13,0;21,0;8,0;29,0;;;5;adam;minmax
230;2024-07-03 09:24:26.952272;507,6890563964844;;leaky_relu;0,6702283645784431;0,36234774978018897;512;;;False;;0,14119345790252616;2631;39710;5613;vanilla;;21;13,0;21,0;9,0;29,0;0,05430795362011424;;5;adam;minmax
231;2024-07-03 09:25:08.797849;0,20354998111724854;;relu;0,6913430764864504;0,33504614475373523;512;;;False;;0,11660943684979692;2631;39710;5613;vanilla;;21;12,0;22,0;10,0;30,0;;;5;adam;minmax
232;2024-07-03 09:25:52.654983;0,203139990568161;;relu;0,6905478994365325;0,34479341311484907;512;;;False;;0,12299764538473752;2631;39710;5613;vanilla;;21;12,0;21,0;8,0;28,0;;;5;adam;minmax
233;2024-07-03 09:27:04.674393;0,34777000546455383;;relu;0,6475606193821594;0,3312436978890229;512;;;False;;0,11716059851369232;2631;39710;5613;vanilla;;20;12,0;20,0;10,0;28,0;;;5;adam;minmax
234;2024-07-03 09:27:42.715732;0,20240001380443573;;relu;0,6964706217497724;0,3362654276134961;512;;;False;;0,12756846513101702;2631;39710;5613;vanilla;;21;14,0;22,0;8,0;29,0;;;5;adam;minmax
235;2024-07-03 09:28:33.563568;0,20198997855186462;;relu;0,6957767702476548;0,30838855080086863;512;;;False;;0,13698547930428126;2631;39710;5613;vanilla;;21;14,0;21,0;8,0;30,0;;;5;adam;minmax
236;2024-07-03 09:29:50.434486;0,20343999564647675;;relu;0,7033026595633423;0,3182262990118919;512;;;False;;0,1329497658944926;2631;39710;5613;vanilla;;20;14,0;21,0;8,0;30,0;;;5;adam;minmax
237;2024-07-03 09:30:35.631551;1,678339044498473e+17;;selu;0,6714386786893761;0,31295990828554665;32;;;False;;0,1423768573906228;2631;39710;5613;vanilla;;21;13,0;21,0;8,0;30,0;;;5;adam;minmax
238;2024-07-03 09:33:20.498147;1,1922999620437622;;relu;0,6465362425092186;0,3386747137888504;512;;;False;;0,15263463459925206;2631;39710;5613;vanilla;;21;14,0;21,0;9,0;30,0;;;5;adam;minmax
239;2024-07-03 09:34:00.786857;0,4406300187110901;;relu;;;512;;;False;;0,12538428425171677;2631;39710;5613;vanilla;0,050452471891655845;20;14,0;22,0;8,0;29,0;;True;5;sgd;minmax
240;2024-07-03 09:34:39.719280;0,22572000324726105;;relu;0,29304804893138914;0,31298494340665467;512;;;False;;0,12783699408147767;2631;39710;5613;vanilla;;19;13,0;20,0;11,0;28,0;;;5;adam;minmax
241;2024-07-03 09:35:26.752912;0,23457999527454376;;relu;0,6969311500815188;0,3379443330897031;512;;;False;;0,16598465485594333;2631;39710;5613;vanilla;;21;14,0;22,0;10,0;30,0;;;5;adam;minmax
242;2024-07-03 09:36:00.972940;0,20404000580310822;;relu;0,7088934696563818;0,36529405024786643;512;;;False;;0,11706874191157239;2631;39710;5613;vanilla;;20;12,0;22,0;9,0;29,0;;;5;adam;minmax
243;2024-07-03 09:36:50.944921;0,8205000162124634;;relu;0,6726907633400361;0,3604137685903424;512;;;False;;0,13795038248856972;2631;39710;5613;vanilla;;20;12,0;20,0;8,0;29,0;;;5;adam;minmax
244;2024-07-03 09:37:36.905041;0,22363999485969543;;relu;0,336674626122311;0,37836844622143667;512;;;False;;0,12089365647330468;2631;39710;5613;vanilla;;21;12,0;21,0;9,0;29,0;;;5;adam;minmax
245;2024-07-03 09:38:42.223361;0,5024300217628479;;relu;0,7079244998428478;0,3903397298816726;512;;;False;;0,1590836010073424;2631;39710;5613;vanilla;;20;13,0;22,0;8,0;30,0;;;5;adam;minmax
246;2024-07-03 09:39:14.444285;0,20353999733924866;;relu;0,6844794842441952;0,2999086739212679;512;;;False;;0,11205192549762273;2631;39710;5613;vanilla;;21;13,0;21,0;9,0;28,0;;;5;adam;minmax
247;2024-07-03 09:39:45.427216;0,20870999991893768;;relu;0,6885233248011753;0,29533393860705737;512;;;False;;0,1156934246768765;2631;39710;5613;vanilla;;21;13,0;21,0;9,0;28,0;;;5;adam;minmax
248;2024-07-03 09:40:23.708083;0,20384001731872559;;relu;0,7058388961808625;0,34345545443811687;512;;;False;;0,10997440280735236;2631;39710;5613;vanilla;;20;11,0;22,0;8,0;28,0;;;5;adam;minmax
249;2024-07-03 09:40:59.457762;66,89222717285156;;selu;0,15146197480876422;0,3446400201428145;512;;;False;;0,13668377664612913;2631;39710;5613;vanilla;;21;11,0;19,0;8,0;29,0;;;5;adam;minmax
250;2024-07-03 09:41:25.225738;1,52490234375;;relu;0,36430593111131987;0,3275780588056919;128;;;False;;0,1046247971801526;2631;39710;5613;vanilla;;19;11,0;22,0;9,0;28,0;;;5;adam;minmax
251;2024-07-03 09:42:27.837547;0,20239000022411346;;relu;0,6977783692524386;0,3038776950193855;512;;;False;;0,12875211852298835;2631;39710;5613;vanilla;;20;12,0;21,0;10,0;28,0;;;5;adam;minmax
252;2024-07-03 09:43:05.311447;0,41126999258995056;;relu;0,6831931508574258;0,30003074352425524;512;;;False;;0,16717821507017935;2631;39710;5613;vanilla;;18;12,0;21,0;10,0;29,0;;;5;adam;minmax
253;2024-07-03 09:43:37.250270;154935,265625;;leaky_relu;0,6538274079836118;0,3172960617268676;64;;;False;;0,1313016229477041;2631;39710;5613;vanilla;;20;15,0;21,0;9,0;28,0;0,04365375851519669;;5;adam;minmax
254;2024-07-03 09:46:56.333133;0,2009900063276291;;relu;0,693128720348061;0,2844439824174993;512;;;False;;0,1107885439470012;2631;39710;5613;batchnorm;;19;;;;;;;1;adam;minmax
255;2024-07-03 09:47:28.266166;0,3483999967575073;;relu;0,6305693355219129;0,27936657274321963;512;;;False;;0,15278148786241208;2631;39710;5613;batchnorm;;21;14,0;22,0;10,0;29,0;;;5;adam;minmax
256;2024-07-03 09:48:08.865334;40,51011657714844;;relu;0,6644333903350632;0,3533224120513745;8;;;False;;0,11023769074263143;2631;39710;5613;batchnorm;;20;12,0;20,0;;;;;3;adam;minmax
257;2024-07-03 10:04:46.977240;0,23129001259803772;;selu;0,6895562939996881;0,2979278677498779;512;;;False;;0,12357062531943432;2631;39710;5613;batchnorm;;19;;;;;;;1;adam;minmax
258;2024-07-03 10:05:16.348016;42823384,0;;relu;0,6003900462110889;0,26516946040363315;512;;8,0;True;maxabs;0,19311557381744532;2631;39710;5613;batchnorm;;20;13,0;21,0;8,0;30,0;;;5;adam;minmax
259;2024-07-03 10:05:56.056887;0,43206000328063965;;relu;0,45669853336510524;0,3675218935368425;512;;;False;;0,11227790216076425;2631;39710;5613;batchnorm;;21;;;;;;;1;adam;minmax
260;2024-07-03 10:06:22.986300;0,22608999907970428;;relu;0,41498135396631214;0,3296142478358349;512;;;False;;0,1433798739115967;2631;39710;5613;vanilla;;20;;;;;;;1;adam;minmax
261;2024-07-03 10:06:55.253039;0,4515809118747711;;relu;0,7040460764929517;0,34451046590818507;256;;;False;;0,023046458717472466;2631;39710;5613;vanilla;;22;12,0;20,0;11,0;27,0;;;5;adam;minmax
262;2024-07-03 10:07:44.942342;0,3766400218009949;;relu;;;512;;;False;;0,10491692336435872;2631;39710;5613;vanilla;0,09775648727580041;18;11,0;22,0;8,0;28,0;;True;5;sgd;minmax
263;2024-07-03 10:08:37.620949;381,05010986328125;;selu;0,6764799394783603;0,31051864900841875;512;;;False;;0,1284769753811698;2631;39710;5613;vanilla;;21;;;;;;;1;adam;minmax
264;2024-07-03 10:08:59.374184;0,6175716519355774;;relu;0,2111153369588224;0,3983393459366349;16;;;False;;0,10521965889748833;2631;39710;5613;batchnorm;;19;13,0;22,0;8,0;30,0;;;5;adam;minmax
265;2024-07-03 10:18:40.340712;0,9199799299240112;;relu;0,6963557574830268;0,3703038819042678;512;;;False;;0,002191756261165717;2631;39710;5613;vanilla;;21;11,0;19,0;12,0;29,0;;;5;adam;minmax
266;2024-07-03 10:19:13.405068;1,0728199481964111;;leaky_relu;0,48033072522463194;0,2842899028476547;512;;;False;;0,12071188738963476;2631;39710;5613;vanilla;;20;14,0;23,0;13,0;28,0;0,05922155197197718;;5;adam;minmax
267;2024-07-03 10:19:41.132364;0,49884000420570374;;relu;0,6545043173227365;0,32496388257398445;512;;;False;;0,13987627490681057;2631;39710;5613;vanilla;;22;12,0;21,0;10,0;28,0;;;5;adam;minmax
268;2024-07-03 10:20:04.888506;0,2980799973011017;;relu;0,3161979219855363;0,3880217577132021;512;;;False;;0,10207336592951503;2631;39710;5613;vanilla;;22;13,0;22,0;9,0;27,0;;;5;adam;minmax
269;2024-07-03 10:20:30.685227;0,43121999502182007;;relu;0,4472501134097664;0,34776287923852084;512;;;False;;0,19335877037930677;2631;39710;5613;vanilla;;20;11,0;23,0;12,0;29,0;;;5;adam;minmax
270;2024-07-03 10:20:57.093835;0,22199001908302307;;selu;0,09408722267342912;0,42011181604062026;512;;;False;;0,013189838806789428;2631;39710;5613;vanilla;;21;14,0;21,0;7,0;29,0;;;5;adam;minmax
271;2024-07-03 10:21:49.985234;0,2020999938249588;;relu;0,7242236564828671;0,30650936060247724;512;;;False;;0,11440628032857164;2631;39710;5613;vanilla;;19;13,0;20,0;7,0;30,0;;;5;adam;minmax
272;2024-07-03 10:22:46.694059;0,20260998606681824;;relu;0,7223048545200716;0,30441877260482897;512;;;False;;0,11732374213103852;2631;39710;5613;vanilla;;19;15,0;20,0;7,0;30,0;;;5;adam;minmax
273;2024-07-03 10:23:16.297122;0,3280799984931946;;relu;0,49824071477282056;0,28987839186136777;512;;;False;;0,017265163172521632;2631;39710;5613;vanilla;;19;15,0;18,0;8,0;30,0;;;5;adam;minmax
274;2024-07-03 10:23:50.343214;0,2038700133562088;;relu;0,7161583642982199;0,25652277776502685;512;;;False;;0,14835497760091815;2631;39710;5613;vanilla;;19;13,0;20,0;7,0;30,0;;;5;adam;minmax
275;2024-07-03 10:24:15.648901;6,636725902557373;;relu;0,7214598581109899;0,25169952717256117;32;;;False;;0,16237403263050623;2631;39710;5613;vanilla;;18;13,0;20,0;7,0;30,0;;;5;adam;minmax
276;2024-07-03 10:26:50.415238;103571728,0;;selu;0,7215145219741849;0,30479131877647714;512;;;False;;0,14422906256433904;2631;39710;5613;vanilla;;19;14,0;20,0;7,0;30,0;;;5;adam;minmax
277;2024-07-03 10:27:00.266302;0,533240020275116;;relu;0,4305837873126148;0,32081489291764;512;;;False;;0,11762167340331307;2631;39710;5613;vanilla;;19;13,0;19,0;8,0;30,0;;;5;adam;minmax
278;2024-07-03 10:27:31.049328;0,2373799830675125;;relu;0,6328940010197325;0,25522032161536423;512;;;False;;0,12986763772059795;2631;39710;5613;batchnorm;;20;14,0;21,0;7,0;30,0;;;5;adam;minmax
279;2024-07-03 10:28:14.792993;2299051,75;;leaky_relu;0,6781216712343995;0,27840429373892667;512;;31,0;True;normalizer;0,17575493157980573;2631;39710;5613;vanilla;;19;15,0;20,0;9,0;29,0;0,04276836004623652;;5;adam;minmax
280;2024-07-03 10:28:39.111684;0,22566001117229462;;relu;0,3981451200515101;0,3403818896466298;512;;;False;;0,14115646388646172;2631;39710;5613;vanilla;;20;13,0;17,0;8,0;30,0;;;5;adam;minmax
281;2024-07-03 10:29:13.792762;0,2091200053691864;;relu;0,7199198507260488;0,30862570871902467;512;;;False;;0,011404194248514675;2631;39710;5613;vanilla;;21;12,0;22,0;14,0;29,0;;;5;adam;minmax
282;2024-07-03 10:30:10.382387;0,6078400015830994;;relu;;;512;;;False;;0,11305476954714938;2631;39710;5613;vanilla;0,01926651533403658;17;12,0;21,0;9,0;30,0;;False;5;sgd;minmax
283;2024-07-03 10:30:34.270517;1,5336766242980957;;relu;0,5857531410066987;0,3732718427975688;128;;;False;;0,15501903949827778;2631;39710;5613;vanilla;;18;12,0;16,0;7,0;29,0;;;5;adam;minmax
284;2024-07-03 10:31:42.480437;25591426,0;;selu;0,2313751852854625;0,44798583764047795;8;;;False;;0,20642965279868067;2631;39710;5613;vanilla;;20;14,0;21,0;8,0;24,0;;;5;adam;minmax
285;2024-07-03 10:42:03.249713;0,21042001247406006;;relu;0,6164935160604491;0,3315215743195654;512;;;False;;0,027257304345779203;2631;39710;5613;vanilla;;21;15,0;20,0;10,0;30,0;;;5;adam;minmax
286;2024-07-03 10:42:39.695582;0,5767499804496765;;relu;0,6668159304483258;0,3577374521556517;512;;;False;;0,12487356670882982;2631;39710;5613;vanilla;;22;13,0;22,0;7,0;29,0;;;5;adam;minmax
287;2024-07-03 10:43:04.290822;103,66189575195312;;relu;0,5613123126915447;0,2769476296395856;64;;;False;;0,8039148911708035;2631;39710;5613;vanilla;;19;12,0;;;;;;2;adam;minmax
288;2024-07-03 10:44:53.176319;0,22192999720573425;;relu;0,253100542344878;0,3017331776485229;512;;;False;;0,10539509193862905;2631;39710;5613;vanilla;;20;13,0;19,0;;;;;3;adam;minmax
289;2024-07-03 10:45:40.420345;0,38562002778053284;;relu;0,707586215938111;0,3236301971740101;512;;;False;;0,04004869572419351;2631;39710;5613;vanilla;;7;;;;;;;1;adam;minmax
290;2024-07-03 10:46:18.683402;600332811894784,0;;selu;0,6829957764193302;0,24063075097662634;512;;;False;;0,16018857929792454;2631;39710;5613;vanilla;;21;13,0;3,0;9,0;28,0;;;5;adam;minmax
291;2024-07-03 10:46:52.953928;0,4093899726867676;;relu;0,6447548859001855;0,47262397102237197;512;;;False;;0,031370016252294804;2631;39710;5613;vanilla;;21;12,0;21,0;8,0;7,0;;;5;adam;minmax
292;2024-07-03 10:47:25.810004;1,1236523389816284;;leaky_relu;0,7329268748260057;0,2890833212536816;256;;;False;;0,13475749499525602;2631;39710;5613;batchnorm;;20;14,0;22,0;7,0;25,0;0,0022994828925271757;;5;adam;minmax
293;2024-07-03 10:49:25.002351;1,654238224029541;;relu;0,7573309049081128;0,3498592192905154;16;;;False;;0,01488425986778545;2631;39710;5613;vanilla;;19;11,0;22,0;9,0;27,0;;;5;adam;minmax
294;2024-07-03 10:54:41.370471;0,20843000710010529;;relu;0,6990383149220368;0,36931435811917707;512;;;False;;0,009644862616174872;2631;39710;5613;vanilla;;22;14,0;14,0;8,0;28,0;;;5;adam;minmax
295;2024-07-03 10:55:18.992259;0,3483799993991852;;relu;0,661481669499737;0,42454902043433546;512;;;False;;0,02030520333186682;2631;39710;5613;vanilla;;20;13,0;21,0;8,0;30,0;;;5;adam;minmax
296;2024-07-03 10:55:49.920558;0,4179700016975403;;relu;0,37917920033959795;0,3923186392311645;512;;;False;;0,11348304786109836;2631;39710;5613;vanilla;;21;12,0;20,0;11,0;29,0;;;5;adam;normalizer
297;2024-07-03 10:56:19.736952;3931758286340096,0;;selu;0,7241792633091043;0,31468481162494305;512;;5,0;True;maxabs;0,033216151668542734;2631;39710;5613;vanilla;;22;15,0;22,0;7,0;29,0;;;5;adam;minmax
298;2024-07-03 10:56:45.252699;0,20436999201774597;;relu;0,6938837469683441;0,2663400877416744;512;0,36362849075169634;;False;;0,10358384248870774;2631;39710;5613;dropout;;18;12,0;20,0;7,0;28,0;;;5;adam;minmax
299;2024-07-03 10:57:14.204659;0,20246998965740204;;relu;0,6862815261278689;0,27826074486569435;512;0,3222254030299542;;False;;0,12249113877373619;2631;39710;5613;dropout;;18;11,0;20,0;7,0;28,0;;;5;adam;minmax
300;2024-07-03 10:57:58.449806;0,2023800164461136;;relu;0,6802737577587201;0,2642646030706162;512;0,3563226088388441;;False;;0,12482579539290595;2631;39710;5613;dropout;;17;11,0;19,0;7,0;28,0;;;5;adam;minmax
301;2024-07-03 10:58:43.228663;0,19412001967430115;;relu;0,6709365728897422;0,22334526485891196;512;0,33342442636619357;;False;;0,008045097997804215;2631;39710;5613;dropout;;17;11,0;18,0;13,0;27,0;;;5;adam;minmax
302;2024-07-03 10:59:54.898075;0,19324001669883728;;relu;0,6387365315232885;0,22888658927733008;512;0,3339528755332888;;False;;0,007440511887241038;2631;39710;5613;dropout;;17;11,0;19,0;12,0;27,0;;;5;adam;minmax
303;2024-07-03 11:01:00.747661;0,9923670291900635;;relu;;;32;0,3409545046010383;;False;;0,00869445370801934;2631;39710;5613;dropout;0,270932949278796;18;11,0;17,0;12,0;;;True;4;sgd;minmax
304;2024-07-03 11:04:07.152995;0,20737998187541962;;leaky_relu;0,638895502050943;0,22951178901503314;512;0,3019456565079585;;False;;0,006197745348777847;2631;39710;5613;dropout;;17;11,0;19,0;13,0;27,0;0,06872236547659347;;5;adam;minmax
305;2024-07-03 11:05:08.830749;0,19348999857902527;;relu;0,6616295388030585;0,21182930870580813;512;0,29529727118861204;;False;;0,007858923064664503;2631;39710;5613;dropout;;16;11,0;18,0;14,0;28,0;;;5;adam;minmax
306;2024-07-03 11:06:37.527323;0,4001299738883972;;selu;0,617911805932545;0,2025437987905621;512;0,28796442924924764;;False;;0,007370080377171388;2631;39710;5613;dropout;;16;11,0;18,0;13,0;27,0;;;5;adam;minmax
307;2024-07-03 11:07:46.203310;0,2129100114107132;;relu;0,6547401712693603;0,21948901425074285;512;0,27164391435950963;;False;;0,006998474746741918;2631;39710;5613;dropout;;16;11,0;18,0;13,0;13,0;;;5;adam;minmax
308;2024-07-03 11:09:34.791564;0,49522995948791504;;relu;0,3323181193746466;0,23847035057111465;512;0,39273235625942216;;False;;0,008228475904661376;2631;39710;5613;dropout;;17;13,0;19,0;15,0;28,0;;;5;adam;minmax
309;2024-07-03 11:10:03.020477;0,43386998772621155;;relu;0,534970044186995;0,2652560133233915;512;0,24806865735307232;;False;;0,0055991988429089775;2631;39710;5613;dropout;;17;12,0;19,0;14,0;27,0;;;5;adam;minmax
310;2024-07-03 11:10:31.157735;0,4052700102329254;;relu;0,6737726792443542;0,20440277510699822;512;0,3249982709788897;;False;;0,00813558001639435;2631;39710;5613;dropout;;18;11,0;19,0;14,0;28,0;;;5;adam;minmax
311;2024-07-03 11:11:10.838096;0,19832998514175415;;relu;0,6556110492107836;0,24981185999958944;512;0,4475036814935339;;False;;0,007561018150815867;2631;39710;5613;dropout;;18;13,0;20,0;11,0;27,0;;;5;adam;minmax
312;2024-07-03 11:12:18.228887;0,2808600068092346;;selu;0,62697508866326;0,24711159328393173;512;0,45218531738664264;;False;;0,0070312574896978655;2631;39710;5613;dropout;;18;15,0;20,0;10,0;27,0;;;5;adam;minmax
313;2024-07-03 11:13:01.807422;0,2134850174188614;;relu;0,6443829462758193;0,17768138317597043;64;0,37073299148387096;;False;;0,007279707588136922;2631;39710;5613;dropout;;13;13,0;18,0;11,0;27,0;;;5;adam;minmax
314;2024-07-03 11:18:44.238466;0,199319988489151;;relu;0,6763519053046447;0,27215646688911244;512;0,3235250602936293;;False;;0,009123300197275731;2631;39710;5613;dropout;;17;14,0;20,0;12,0;27,0;;;5;adam;normalizer
315;2024-07-03 11:19:27.489317;0,4294232726097107;;relu;0,29878426758914567;0,267459756331746;128;0,3284436979110741;;False;;0,010228383913953153;2631;39710;5613;dropout;;15;14,0;20,0;12,0;28,0;;;5;adam;normalizer
316;2024-07-03 11:20:27.933710;0,20997002720832825;;relu;0,6645513621273201;0,2806411030242866;512;0,3512766136564048;;False;;0,008033953288223749;2631;39710;5613;dropout;;17;14,0;20,0;12,0;27,0;;;5;adam;normalizer
317;2024-07-03 11:22:09.634317;5,388614177703857;;relu;0,6585862068059322;0,22852782106260275;8;0,31234789870287;;False;;0,009815957247101116;2631;39710;5613;dropout;;16;13,0;19,0;12,0;28,0;;;5;adam;normalizer
318;2024-07-03 11:33:22.943611;0,5441099405288696;;leaky_relu;0,5949220028901601;0,25229204363501456;512;0,38759565489538383;66,0;True;normalizer;0,006606408442370169;2631;39710;5613;dropout;;18;15,0;20,0;11,0;30,0;0,09690002555855999;;5;adam;normalizer
319;2024-07-03 11:34:57.551634;0,22630000114440918;;relu;0,2759555892919649;0,29381790121300444;512;0,4205684137382383;;False;;0,01080220084990283;2631;39710;5613;dropout;;17;14,0;18,0;13,0;27,0;;;5;adam;normalizer
320;2024-07-03 11:35:39.747428;0,6090299487113953;;selu;0,6199849035040281;0,2657862493865901;512;0,33546051540992733;;False;;0,007638262300854298;2631;39710;5613;dropout;;18;13,0;19,0;11,0;29,0;;;5;adam;minmax
321;2024-07-03 11:36:13.908329;0,2112400084733963;;relu;0,347103076070105;0,28586742020828876;512;0,3566780867917296;;False;;0,008797448257398845;2631;39710;5613;dropout;;19;12,0;21,0;12,0;28,0;;;5;adam;minmax
322;2024-07-03 11:37:51.685408;0,3505904972553253;;relu;0,5507258275829877;0,22060096917648836;256;0,3759029268751592;;False;;0,006358690250484635;2631;39710;5613;dropout;;18;14,0;20,0;13,0;30,0;;;5;adam;minmax
323;2024-07-03 11:38:40.442161;0,4585699439048767;;relu;;;512;0,35103020426795734;;False;;0,004630728172530026;2631;39710;5613;dropout;0,029645508205204937;16;15,0;19,0;10,0;27,0;;False;5;sgd;minmax
324;2024-07-03 11:39:25.669400;0,45253998041152954;;relu;0,6403056763797959;0,30438083090035717;512;0,31531133307791337;;False;;0,009105706307534192;2631;39710;5613;dropout;;17;13,0;17,0;11,0;28,0;;;5;adam;minmax
325;2024-07-03 11:40:05.196815;2,855563163757324;;relu;0,664055819513657;0,7974961350216531;16;0,2626165610743063;;False;;0,01224850348179028;2631;39710;5613;dropout;;19;12,0;20,0;12,0;29,0;;;5;adam;minmax
326;2024-07-03 11:47:23.702963;14372941,0;;selu;0,6699953782053726;0,24776806525286757;512;0,2979921674090607;;False;;0,1556045434655748;2631;39710;5613;dropout;;19;14,0;21,0;10,0;30,0;;;5;adam;normalizer
327;2024-07-03 11:47:58.742378;1,1636501550674438;;relu;0,5208340348871207;0,18657534515766505;512;0,3447702655999945;;False;;0,17930463250182055;2631;39710;5613;dropout;;18;16,0;18,0;8,0;28,0;;;5;adam;minmax
328;2024-07-03 11:48:31.575044;0,19472000002861023;;relu;0,6791385676978152;0,2778796202251899;512;0,3805445031317318;;False;;0,0095060970058342;2631;39710;5613;dropout;;17;13,0;21,0;13,0;29,0;;;5;adam;minmax
329;2024-07-03 11:49:44.360226;0,20180001854896545;;relu;0,014843036984864333;0,2931210033113309;512;0,37885212997829826;;False;;0,009987614467655358;2631;39710;5613;dropout;;16;13,0;21,0;14,0;29,0;;;5;adam;minmax
330;2024-07-03 11:50:49.800930;0,3234499990940094;;relu;0,10511947497546187;0,29305773400805224;512;0,4036286102034161;;False;;0,011143854467802021;2631;39710;5613;dropout;;16;14,0;21,0;14,0;29,0;;;5;adam;minmax
331;2024-07-03 11:51:24.803273;0,36733999848365784;;leaky_relu;0,3220545227097827;0,2783195423513858;512;0,3254325129224366;;False;;0,009867176820667357;2631;39710;5613;dropout;;15;13,0;21,0;14,0;29,0;0,0750398528298624;;5;adam;minmax
332;2024-07-03 11:52:10.932897;0,3770800232887268;;relu;0,21334308244353237;0,3151993262052242;512;0,3731910974206979;;False;;0,009041659107372741;2631;39710;5613;dropout;;17;13,0;21,0;15,0;29,0;;;5;adam;minmax
333;2024-07-03 11:52:52.547966;6,376895427703857;;relu;0,04345983089107611;0,3023497284223061;32;0,3582583365930583;;False;;0,00796111124249782;2631;39710;5613;dropout;;17;12,0;20,0;13,0;27,0;;;5;adam;minmax
334;2024-07-03 11:59:00.353214;0,21932999789714813;;selu;0,07100214412639796;0,49093493648693354;512;0,3816559814389521;;False;;0,012587665414072986;2631;39710;5613;dropout;;16;15,0;10,0;13,0;30,0;;;5;adam;minmax
335;2024-07-03 11:59:38.159179;0,1994599997997284;;relu;0,013197804408657764;0,2695614934055588;512;0,33973287350728265;;False;;0,011213555062147601;2631;39710;5613;dropout;;14;14,0;19,0;14,0;;;;4;adam;normalizer
336;2024-07-03 12:00:20.490975;0,19809000194072723;;relu;0,06286141303755208;0,27523210675560467;512;0,34414274756361873;;False;;0,010055079466960595;2631;39710;5613;dropout;;5;14,0;19,0;14,0;;;;4;adam;normalizer
337;2024-07-03 12:01:32.803207;0,19676999747753143;;relu;0,018364088344517544;0,26983108679065027;512;0,34120116756592667;;False;;0,011114976151539415;2631;39710;5613;dropout;;16;14,0;19,0;14,0;;;;4;adam;normalizer
338;2024-07-03 12:02:38.805784;0,20934998989105225;;relu;0,012721900920651385;0,23325934612020682;512;0,362430876513115;;False;;0,011021797194901642;2631;39710;5613;dropout;;3;14,0;19,0;15,0;;;;4;adam;normalizer
339;2024-07-03 12:04:04.275842;2341473536,0;;relu;0,021500416510458285;0,2771832149216592;512;0,33986044742832267;7,0;True;maxabs;0,014366141135895545;2631;39710;5613;dropout;;5;15,0;18,0;14,0;;;;4;adam;normalizer
340;2024-07-03 12:04:35.026740;0,1972000002861023;;relu;0,030603038735025786;0,2651632326105972;512;0,3358602440843548;;False;;0,009473284515471166;2631;39710;5613;dropout;;12;14,0;19,0;15,0;;;;4;adam;normalizer
341;2024-07-03 12:06:22.683922;0,34241002798080444;;relu;0,030087121272371696;0,2574945116800905;512;0,3366866469131666;;False;;0,00945693531940939;2631;39710;5613;dropout;;12;14,0;19,0;15,0;;;;4;adam;normalizer
342;2024-07-03 12:07:00.802164;0,27083998918533325;;relu;0,04004287305920376;0,23611961004178175;512;0,32349633438763287;;False;;0,010950157408738264;2631;39710;5613;dropout;;14;14,0;18,0;14,0;;;;4;adam;normalizer
343;2024-07-03 12:08:50.217147;0,4170900285243988;;relu;0,0256299140231361;0,26799606722662495;512;0,3477575308352478;;False;;0,008635820327607114;2631;39710;5613;dropout;;15;14,0;18,0;16,0;;;;4;adam;normalizer
344;2024-07-03 12:10:06.987502;0,3217099606990814;;relu;;;512;0,31008782915848615;;False;;0,007675805931548393;2631;39710;5613;dropout;0,05847122931975973;15;14,0;19,0;14,0;;;True;4;sgd;normalizer
345;2024-07-03 12:11:03.164708;0,3857399821281433;;relu;0,013251784732265888;0,27880604838887546;512;0,3322220812684077;;False;;0,01197456502639825;2631;39710;5613;dropout;;16;15,0;17,0;15,0;;;;4;adam;normalizer
346;2024-07-03 12:11:55.196054;0,33087441325187683;;relu;0,038998637989360554;0,24735409591709856;128;0,36045025529346747;;False;;0,010050496998392089;2631;39710;5613;dropout;;16;13,0;19,0;13,0;;;;4;adam;normalizer
347;2024-07-03 12:13:09.306934;1,2217389345169067;;relu;0,05457593600104266;0,20889060133486492;64;0,370984140590434;;False;;0,008934302571026403;2631;39710;5613;dropout;;13;14,0;20,0;15,0;;;;4;adam;normalizer
348;2024-07-03 12:14:53.049754;0,2317500114440918;;relu;0,05617828736153997;0,26687797745745834;512;0,3468355603508855;;False;;0,007023471479463426;2631;39710;5613;dropout;;11;15,0;19,0;14,0;;;;4;adam;normalizer
349;2024-07-03 12:15:34.933867;7,694547176361084;;relu;0,015588870203603654;0,2890476213187049;8;0,3197889492899394;;False;;0,00563575207421191;2631;39710;5613;dropout;;10;13,0;20,0;13,0;;;;4;adam;normalizer
350;2024-07-03 12:25:29.778699;0,2469799965620041;;relu;0,1769234119656597;0,2373949240306349;512;0,30211260243860427;;False;;0,010144060357233248;2631;39710;5613;dropout;;4;16,0;19,0;14,0;;;;4;adam;normalizer
351;2024-07-03 12:26:56.534858;0,33090001344680786;;relu;0,05728845449471484;0,315326682386461;512;0,33479937163090034;;False;;0,012670999486572795;2631;39710;5613;dropout;;17;14,0;20,0;;;;;3;adam;normalizer
352;2024-07-03 12:27:31.437734;0,32524001598358154;;relu;0,010447830522741876;0,21911698239145241;512;0,38503280760583114;;False;;0,007721107287572578;2631;39710;5613;dropout;;15;15,0;19,0;16,0;;;;4;adam;normalizer
353;2024-07-03 12:28:12.231441;0,21838000416755676;;relu;0,07133413479022782;0,2644170709453243;512;0,31559934416662033;;False;;0,009508188042991998;2631;39710;5613;dropout;;17;13,0;18,0;13,0;;;;4;adam;normalizer
354;2024-07-03 12:29:02.666430;0,20000998675823212;;relu;0,039982044576103076;0,2867364106177872;512;0,2938840891615569;;False;;0,00802569607516784;2631;39710;5613;dropout;;18;12,0;20,0;14,0;;;;4;adam;normalizer
355;2024-07-03 12:31:25.576739;0,49653998017311096;;relu;0,036012841762460265;0,28974593294181356;512;0,2894277882416603;;False;;0,008135557587658273;2631;39710;5613;dropout;;18;13,0;20,0;14,0;;;;4;adam;normalizer
356;2024-07-03 12:31:59.671815;0,7298499941825867;;relu;0,07030946575992458;0,2571020590230378;512;0,36271790410584925;;False;;0,0065376082047772024;2631;39710;5613;dropout;;9;14,0;19,0;15,0;;;;4;adam;normalizer
357;2024-07-03 12:32:30.466210;0,4965190291404724;;relu;0,02837055142127033;0,3003811680529135;256;0,32795493337404663;;False;;0,008758142415600198;2631;39710;5613;dropout;;14;13,0;18,0;13,0;;;;4;adam;normalizer
358;2024-07-03 12:33:16.918509;0,22107000648975372;;leaky_relu;0,15559382385836817;0,28387422067271434;512;0,34764904128131513;;False;;0,01126676212764908;2631;39710;5613;dropout;;18;12,0;20,0;14,0;;0,09951653802731626;;4;adam;normalizer
359;2024-07-03 12:34:29.497305;6,463937759399414;;relu;0,04284244993001672;0,3206760600349992;16;0,30265611856297103;;False;;0,0073128677985520914;2631;39710;5613;dropout;;17;15,0;16,0;13,0;;;;4;adam;normalizer
360;2024-07-03 12:41:40.316419;0,7180600166320801;;relu;0,12470350944690642;0,2500967396285736;512;0,4022434553468108;2,0;True;minmax;0,005167822847987195;2631;39710;5613;dropout;;13;14,0;20,0;14,0;;;;4;adam;normalizer
361;2024-07-03 12:42:38.118975;0,34661000967025757;;relu;0,10434680611654563;0,2726013077273535;512;0,3142216791462973;;False;;0,010291995892008483;2631;39710;5613;dropout;;16;12,0;20,0;12,0;;;;4;adam;normalizer
362;2024-07-03 12:43:48.563254;0,1987999975681305;;relu;0,07984292791623099;0,18272893095339762;512;0,2877380218094616;;False;;0,006989407023512562;2631;39710;5613;dropout;;12;13,0;19,0;14,0;;;;4;adam;normalizer
363;2024-07-03 12:47:08.719464;0,39882999658584595;;relu;0,0687868605824577;0,2235530351880424;512;0,28709856372365267;;False;;0,006420332866938957;2631;39710;5613;dropout;;12;12,0;19,0;14,0;;;;4;adam;normalizer
364;2024-07-03 12:48:06.860538;0,20545001327991486;;relu;0,08051439609789515;0,179879897533849;512;0,33703623748913186;;False;;0,007722160189900538;2631;39710;5613;dropout;;11;13,0;18,0;15,0;;;;4;adam;normalizer
365;2024-07-03 12:49:03.052934;0,5768365263938904;;relu;;;32;0,542165881084757;;False;;0,015005171277053737;2631;39710;5613;dropout;0,3705098703135481;18;13,0;19,0;13,0;;;False;4;sgd;normalizer
366;2024-07-03 12:52:36.554310;0,21105000376701355;;relu;0,09472047389680983;0,18672716865271688;512;0,32058107735042046;;False;;0,006598296329437245;2631;39710;5613;dropout;;17;11,0;19,0;15,0;;;;4;adam;normalizer
367;2024-07-03 12:53:06.139410;0,31240999698638916;;relu;0,0281906963844512;0,19745394039989944;512;0,2767777241419921;;False;;0,00935663546869034;2631;39710;5613;dropout;;16;12,0;17,0;14,0;;;;4;adam;normalizer
368;2024-07-03 12:54:50.151934;0,41545000672340393;;relu;0,0573476430446752;0,15328623503729694;512;0,5904782265198375;;False;;0,0057733567245022;2631;39710;5613;dropout;;14;13,0;20,0;;;;;3;adam;normalizer
369;2024-07-03 12:55:28.897416;0,21226000785827637;;leaky_relu;0,04446697971506605;0,2425660164578914;512;0,304335034927355;;False;;0,012998863345969782;2631;39710;5613;dropout;;17;14,0;19,0;12,0;;0,06362371208012692;;4;adam;normalizer
370;2024-07-03 12:56:55.190672;0,21473999321460724;;relu;0,010524269695654157;0,2673068323037142;512;0,35752422271629225;;False;;0,01787361904218416;2631;39710;5613;dropout;;18;11,0;18,0;13,0;;;;4;adam;normalizer
371;2024-07-03 12:58:36.513084;0,1996700018644333;;relu;0,13398365622377817;0,3006908439599458;512;0,3724213219994953;;False;;0,011387699098035612;2631;39710;5613;dropout;;18;13,0;5,0;15,0;;;;4;adam;normalizer
372;2024-07-03 13:01:15.645475;0,5523999929428101;;relu;0,08540827649647019;0,2993013281109792;512;0,373932657490768;;False;;0,011706993752971497;2631;39710;5613;dropout;;18;12,0;6,0;16,0;;;;4;adam;normalizer
373;2024-07-03 13:01:55.379970;0,42003995180130005;;relu;0,1288280797838539;0,28407055465275566;512;0,34306570339948944;;False;;0,008334971670176198;2631;39710;5613;dropout;;10;12,0;8,0;15,0;;;;4;adam;normalizer
374;2024-07-03 13:03:05.474178;0,8604187369346619;;relu;0,051084409352027495;0,23020014110225423;128;0,3929791536427574;;False;;0,011019618057217994;2631;39710;5613;dropout;;17;14,0;18,0;15,0;;;;4;adam;normalizer
375;2024-07-03 13:04:22.912441;0,1985200047492981;;relu;0,190478411757057;0,25196925385440244;512;0,35301523919871075;;False;;0,009598282834090172;2631;39710;5613;dropout;;16;13,0;17,0;14,0;;;;4;adam;normalizer
376;2024-07-03 13:06:10.466738;0,4230700135231018;;relu;0,09730314900924947;0,2492007692175604;512;0,36673693810489383;;False;;0,014217902935146364;2631;39710;5613;dropout;;15;15,0;4,0;14,0;;;;4;adam;normalizer
377;2024-07-03 13:06:59.541470;0,42424479126930237;;relu;0,14746402654249668;0,21307849894297076;64;0,352706141385894;;False;;0,009785419337529598;2631;39710;5613;dropout;;16;13,0;17,0;14,0;;;;4;adam;normalizer
378;2024-07-03 13:09:05.740789;0,20009998977184296;;relu;0,11454373704941011;0,27098468193077496;512;0,37934358130525525;;False;;0,007159964629874079;2631;39710;5613;dropout;;16;22,0;18,0;16,0;;;;4;adam;normalizer
379;2024-07-03 13:12:20.219175;0,3552999794483185;;relu;0,11720624150468051;0,2608926737631096;512;0,3761598004864517;;False;;0,007262366175034681;2631;39710;5613;dropout;;16;22,0;16,0;17,0;;;;4;adam;normalizer
380;2024-07-03 13:13:03.808845;11,754782676696777;;relu;0,16498373781463077;0,23954336773225304;8;0,328813486334066;;False;;0,008561336519538939;2631;39710;5613;dropout;;15;13,0;17,0;16,0;;;;4;adam;normalizer
381;2024-07-03 13:23:29.156194;0,8784700632095337;;relu;0,19290002658953323;0,27124524245005655;512;0,3860843531308801;84,0;True;normalizer;0,006240088010019582;2631;39710;5613;dropout;;6;13,0;18,0;16,0;;;;4;adam;normalizer
382;2024-07-03 13:26:54.229098;0,22780999541282654;;leaky_relu;0,17992288628066577;0,16387409944782788;512;0,3494466352917149;;False;;0,005010727584097135;2631;39710;5613;dropout;;4;23,0;17,0;15,0;;0,09585603955169447;;4;adam;normalizer
383;2024-07-03 13:27:40.281054;0,1991799920797348;;relu;0,13279530430221642;0,21301471941330732;512;0,4102767681259006;;False;;0,009436560784854685;2631;39710;5613;dropout;;17;20,0;18,0;14,0;;;;4;adam;normalizer
384;2024-07-03 13:28:45.931645;0,3130899965763092;;relu;;;512;0,407785123413078;;False;;0,01005798370587792;2631;39710;5613;dropout;0,03779258913676621;17;24,0;18,0;14,0;;;False;4;sgd;normalizer
385;2024-07-03 13:29:10.489332;0,3257099986076355;;relu;0,1324449973766929;0,22841154663058277;512;0,39184155506191287;;False;;0,008491732841426796;2631;39710;5613;dropout;;16;22,0;17,0;14,0;;;;4;adam;normalizer
386;2024-07-03 13:29:50.964836;0,8171905279159546;;relu;0,14278874283052828;0,20978774360254723;256;0,36719104372205735;;False;;0,012429481594877249;2631;39710;5613;dropout;;16;14,0;18,0;15,0;;;;4;adam;normalizer
387;2024-07-03 13:30:28.123462;0,2216399908065796;;relu;0,10722347274430416;0,211273973782654;512;0,41523921076884635;;False;;0,007230579473238677;2631;39710;5613;dropout;;17;14,0;15,0;13,0;;;;4;adam;normalizer
388;2024-07-03 13:31:43.176283;0,3049599826335907;;relu;0,12264493704214775;0,2523663435238997;512;0,4220398531938169;;False;;0,009097986751871543;2631;39710;5613;dropout;;12;21,0;18,0;15,0;;;;4;adam;normalizer
389;2024-07-03 13:32:12.422527;0,32138997316360474;;relu;0,08961719432725258;0,23300521406174812;512;0,43541953343753914;;False;;0,01126161895196997;2631;39710;5613;dropout;;15;23,0;19,0;13,0;;;;4;adam;normalizer
390;2024-07-03 13:33:07.265079;2,156400203704834;;relu;0,1697681888129349;0,2011529213548027;16;0,37703483519666603;;False;;0,007793354085505142;2631;39710;5613;dropout;;13;21,0;18,0;16,0;;;;4;adam;normalizer
391;2024-07-03 13:39:50.433651;0,44165000319480896;;relu;0,14522775009741384;0,2884688931869177;512;0,46289525206308385;;False;;0,010168358265495945;2631;39710;5613;dropout;;17;20,0;10,0;14,0;;;;4;adam;normalizer
392;2024-07-03 13:40:20.309468;0,3669399917125702;;relu;0,07860449367639538;0,4645742275069896;512;0,3375878018786103;;False;;0,006734756428684686;2631;39710;5613;dropout;;16;13,0;19,0;17,0;;;;4;adam;normalizer
393;2024-07-03 13:40:45.864815;0,20521998405456543;;leaky_relu;0,11784398283523856;0,2613066724779399;512;0,3979251592773408;;False;;0,013239046438832357;2631;39710;5613;dropout;;14;12,0;18,0;13,0;;0,07129732152852994;;4;adam;normalizer
394;2024-07-03 13:42:32.925323;0,4018400311470032;;relu;0,2222675159551043;0,24396806284853728;512;0,3849850559901116;;False;;0,008828850388552042;2631;39710;5613;dropout;;8;22,0;19,0;12,0;;;;4;adam;normalizer
395;2024-07-03 13:43:17.198237;0,22321000695228577;;relu;0,05384651750302148;0,1533030094893808;512;0,3614926386465162;;False;;0,005599622216928481;2631;39710;5613;dropout;;17;30,0;16,0;14,0;;;;4;adam;normalizer
396;2024-07-03 13:44:20.742649;0,7147400975227356;;relu;0,5051460635391805;0,2986711148511718;32;0,29665083420080474;;False;;0,00789014557280408;2631;39710;5613;dropout;;15;19,0;17,0;15,0;;;;4;adam;normalizer
397;2024-07-03 13:47:48.575807;0,2614700198173523;;relu;0,2465380994365725;0,945016960448974;512;0,5637912665863478;;False;;0,010578906301809498;2631;39710;5613;dropout;;16;13,0;11,0;14,0;;;;4;adam;normalizer
398;2024-07-03 13:48:14.353244;0,26930001378059387;;relu;0,2020958160886197;0,222522167110523;512;;;False;;0,009529984038882285;2631;39710;5613;batchnorm;;17;20,0;19,0;13,0;;;;4;adam;normalizer
399;2024-07-03 13:49:38.405505;20395272192,0;;relu;0,06952789676088594;0,28004291558819683;512;0,35131641727681845;3,0;True;maxabs;0,011777371920323397;2631;39710;5613;dropout;;18;21,0;18,0;12,0;;;;4;adam;normalizer
400;2024-07-03 13:50:10.714683;0,3069300055503845;;relu;0,18683269217011259;0,19120245582382667;512;0,31150045941295484;;False;;0,014752033899393696;2631;39710;5613;dropout;;17;14,0;5,0;15,0;;;;4;adam;normalizer
401;2024-07-03 13:50:58.344412;0,3767800033092499;;relu;0,03698660474469276;0,2580532849848186;512;0,6364982218292283;;False;;0,006864535689025207;2631;39710;5613;dropout;;16;19,0;19,0;14,0;;;;4;adam;normalizer
402;2024-07-03 13:51:36.724328;0,1985599845647812;;relu;0,09170649351229149;0,31396273155660903;512;0,3329620043845217;;False;;0,01697061434097194;2631;39710;5613;dropout;;9;13,0;7,0;13,0;;;;4;adam;normalizer
403;2024-07-03 13:52:14.254191;0,4826900064945221;;relu;0,09502034106271598;0,5019588342005109;512;0,3323330734425842;;False;;0,02314895971599952;2631;39710;5613;dropout;;5;27,0;17,0;12,0;;;;4;adam;normalizer
404;2024-07-03 13:52:44.385790;0,3437400162220001;;relu;;;512;0,5054956728998778;;False;;0,01819037707045034;2631;39710;5613;dropout;0,975498433116623;10;12,0;8,0;13,0;;;True;4;sgd;normalizer
405;2024-07-03 13:53:22.395155;0,21375000476837158;;leaky_relu;0,12512152555390402;0,3115926810838209;512;0,3426057001535843;;False;;0,016053200312107004;2631;39710;5613;dropout;;11;12,0;5,0;14,0;;0,07787434344737641;;4;adam;normalizer
406;2024-07-03 13:54:20.195829;0,700451135635376;;relu;0,07683943383361665;0,2754344722093056;128;0,31818074133886576;;False;;0,012030972869428237;2631;39710;5613;dropout;;9;13,0;7,0;13,0;;;;4;adam;normalizer
407;2024-07-03 13:55:19.854588;0,28227999806404114;;relu;0,10617507617631403;0,2417116530931615;512;0,36073524951544933;;False;;0,008598190554765841;2631;39710;5613;dropout;;7;20,0;3,0;;;;;3;adam;normalizer
408;2024-07-03 13:55:49.742535;0,44481733441352844;;relu;0,14471635256551574;0,2129904973030583;64;0,6020681080039588;;False;;0,010324633355257556;2631;39710;5613;dropout;;15;25,0;18,0;13,0;;;;4;adam;normalizer
409;2024-07-03 13:57:47.255420;0,20005998015403748;;relu;0,03285303410334259;0,13947183228097432;512;0,3814135727892304;;False;;0,014035409745633547;2631;39710;5613;dropout;;16;12,0;19,0;16,0;;;;4;adam;normalizer
410;2024-07-03 13:58:56.055361;0,3353000283241272;;relu;0,031025894440532484;0,16413071842451013;512;0,3768635240206232;;False;;0,016024481292445523;2631;39710;5613;dropout;;16;13,0;8,0;16,0;;;;4;adam;normalizer
411;2024-07-03 13:59:42.112042;23,972354888916016;;relu;0,058624458133948246;0,12749931235663553;8;0,4047875684643911;;False;;0,013864736901673447;2631;39710;5613;dropout;;15;13,0;6,0;17,0;;;;4;adam;normalizer
412;2024-07-03 14:10:14.451574;0,22822999954223633;;relu;0,031704540484449234;0,1262650293462621;512;0,36938416887074454;;False;;0,012913322003715363;2631;39710;5613;dropout;;16;11,0;4,0;15,0;;;;4;adam;normalizer
413;2024-07-03 14:10:51.445662;0,35808998346328735;;relu;0,01382048730021499;0,19451217104287616;512;0,3538081081258528;;False;;0,011113162596499774;2631;39710;5613;dropout;;17;13,0;19,0;16,0;;;;4;adam;normalizer
414;2024-07-03 14:11:21.329339;0,2593799829483032;;relu;0,05379836116202634;0,23645558952830573;512;0,38947301262644424;;False;;0,00934862128739638;2631;39710;5613;dropout;;18;14,0;4,0;15,0;;;;4;adam;normalizer
415;2024-07-03 14:11:46.062613;0,39692384004592896;;relu;0,0797129946382766;0,2625275374308553;256;0,3260220775856441;;False;;0,00802694269666926;2631;39710;5613;dropout;;8;11,0;18,0;14,0;;;;4;adam;normalizer
416;2024-07-03 14:12:21.366363;0,29707998037338257;;relu;0,16824389055179367;0,21745366735342475;512;0,5287811347508007;;False;;0,011768972708605706;2631;39710;5613;dropout;;14;12,0;19,0;28,0;;;;4;adam;normalizer
417;2024-07-03 14:13:47.926267;0,24630001187324524;;leaky_relu;0,044049802633964685;0,4350234360970909;512;0,2910520159116652;;False;;0,014080315050261466;2631;39710;5613;dropout;;17;13,0;19,0;15,0;;0,07415000733692956;;4;adam;normalizer
418;2024-07-03 14:14:50.530530;1,902658462524414;;relu;0,5799987459563594;0,25175588582790714;16;;;False;;0,007493472518235535;2631;39710;5613;batchnorm;;16;10,0;17,0;14,0;;;;4;adam;normalizer
419;2024-07-03 14:23:20.682290;0,2366899996995926;;relu;0,0913557665842856;0,2919123490614518;512;0,3411451890029986;;False;;0,020152114810951378;2631;39710;5613;dropout;;17;12,0;5,0;13,0;;;;4;adam;normalizer
420;2024-07-03 14:23:45.611277;0,4541099965572357;;relu;0,010983708406891366;0,2810641414715886;512;0,30719826057801775;58,0;True;normalizer;0,00937987341930412;2631;39710;5613;dropout;;18;14,0;18,0;14,0;;;;4;adam;normalizer
421;2024-07-03 14:25:15.013603;0,4023500084877014;;relu;0,06722064200147937;0,23080150246994455;512;0,2785198361492651;;False;;0,005778869415637054;2631;39710;5613;dropout;;9;12,0;20,0;16,0;;;;4;adam;normalizer
422;2024-07-03 14:25:58.572819;0,20292000472545624;;relu;0,11083881632865047;0,11771831561971742;512;0,5773494296943247;;False;;0,004304567327778058;2631;39710;5613;dropout;;12;11,0;19,0;13,0;;;;4;adam;normalizer
423;2024-07-03 14:26:45.010801;0,25230997800827026;;relu;0,13455079711969947;0,19888131292317413;512;0,36471696501307715;;False;;0,006256631679503253;2631;39710;5613;dropout;;16;15,0;16,0;17,0;;;;4;adam;normalizer
424;2024-07-03 14:27:24.430782;0,3601599931716919;;relu;;;512;0,25532256082227583;;False;;0,2318671066672942;2631;39710;5613;dropout;0,09906746534944418;15;13,0;19,0;;;;False;3;sgd;normalizer
425;2024-07-03 14:28:34.196294;0,39334002137184143;;relu;0,8872274476954094;0,17874492571750933;512;0,37993775059653107;;False;;0,0013178591197189544;2631;39710;5613;dropout;;17;14,0;18,0;15,0;;;;4;adam;normalizer
426;2024-07-03 14:29:03.737455;3,3806889057159424;;relu;0,040025027906685204;0,4497019240659695;32;0,32457335495158457;;False;;0,010566355672142208;2631;39710;5613;dropout;;11;16,0;20,0;14,0;;;;4;adam;normalizer
427;2024-07-03 14:32:40.683932;0,23335997760295868;;relu;0,4707553906853776;0,2652621619997412;512;0,350245937250058;;False;;0,008045625363844532;2631;39710;5613;dropout;;18;14,0;17,0;12,0;;;;4;adam;normalizer
428;2024-07-03 14:33:34.152280;0,19248999655246735;;relu;0,4101023499536577;0,31879364947677835;512;;;False;;0,017294002316280407;2631;39710;5613;batchnorm;;16;13,0;19,0;13,0;;;;4;adam;normalizer
429;2024-07-03 14:34:28.843961;0,18953999876976013;;leaky_relu;0,4417918150067659;0,33019957487503676;512;;;False;;0,018461224866673367;2631;39710;5613;batchnorm;;15;13,0;20,0;13,0;;0,06900908292448521;;4;adam;normalizer
430;2024-07-03 14:35:12.098291;0,2058199942111969;;leaky_relu;0,23270625745444035;0,3146683465640919;512;;;False;;0,022534036643599712;2631;39710;5613;batchnorm;;15;13,0;18,0;13,0;;0,07006440444485092;;4;adam;normalizer
431;2024-07-03 14:35:56.942028;0,19231000542640686;;leaky_relu;0,4276143170888674;0,3253735222033593;512;;;False;;0,01858116164073504;2631;39710;5613;batchnorm;;15;13,0;20,0;12,0;;0,08627982316733354;;4;adam;normalizer
432;2024-07-03 14:37:16.768967;0,20047001540660858;;leaky_relu;0,4228921812719223;0,09880584568617709;512;;;False;;0,01682545518650121;2631;39710;5613;batchnorm;;14;12,0;19,0;12,0;;0,07707599137123874;;4;adam;normalizer
433;2024-07-03 14:38:03.649093;0,19481000304222107;;leaky_relu;0,43469715375977747;0,08008311082436506;512;;;False;;0,01745566199170666;2631;39710;5613;batchnorm;;14;12,0;19,0;11,0;;0,07841558037932618;;4;adam;normalizer
434;2024-07-03 14:39:02.941935;0,19681000709533691;;leaky_relu;0,3832458207224179;0,09710675272547184;512;;;False;;0,01726312583902743;2631;39710;5613;batchnorm;;13;12,0;19,0;11,0;;0,08345984084899165;;4;adam;normalizer
435;2024-07-03 14:40:20.229280;0,20552000403404236;;leaky_relu;0,4203983660787717;0,07708854059340246;512;;;False;;0,017726354396916544;2631;39710;5613;batchnorm;;14;12,0;19,0;11,0;;0,08356848740489617;;4;adam;normalizer
436;2024-07-03 14:41:00.092351;0,19885998964309692;;leaky_relu;0,43290473778959154;0,1189146370369796;512;;;False;;0,01883728915002184;2631;39710;5613;batchnorm;;13;12,0;19,0;11,0;;0,07831432683994981;;4;adam;normalizer
437;2024-07-03 14:43:12.814015;0,38910001516342163;;leaky_relu;0,4519111359098446;0,06464888426956333;128;;;False;;0,020029588229831235;2631;39710;5613;batchnorm;;12;12,0;19,0;11,0;;0,08650386952328314;;4;adam;normalizer
438;2024-07-03 14:44:17.970212;0,19381999969482422;;leaky_relu;0,44380895586423386;0,09050875406833261;512;;;False;;0,018594247412941474;2631;39710;5613;batchnorm;;13;12,0;18,0;11,0;;0,07955623105009901;;4;adam;normalizer
439;2024-07-03 14:44:58.052208;0,32930999994277954;;leaky_relu;0,4009643948901722;0,08766146091625689;512;;;False;;0,018917564158378374;2631;39710;5613;batchnorm;;13;12,0;18,0;11,0;;0,08041194811227921;;4;adam;normalizer
440;2024-07-03 14:45:40.929075;0,19869999587535858;;leaky_relu;0,42512417490840626;0,04450919129469087;512;;;False;;0,016283106793818645;2631;39710;5613;batchnorm;;14;12,0;18,0;11,0;;0,07828155865944508;;4;adam;normalizer
441;2024-07-03 14:46:17.220672;1,2004542350769043;;leaky_relu;0,43999855769639457;0,04565886129401413;64;;;False;;0,017582876183091855;2631;39710;5613;batchnorm;;13;11,0;20,0;11,0;;0,08463056199248145;;4;adam;normalizer
442;2024-07-03 14:48:48.628335;56,41263198852539;;leaky_relu;0,4354084665467539;0,02207555694941732;8;;7,0;True;minmax;0,015526114084934399;2631;39710;5613;batchnorm;;13;12,0;19,0;11,0;;0,07527809557200936;;4;adam;normalizer
443;2024-07-03 15:04:55.926475;0,18912997841835022;;leaky_relu;0,40584397977602726;0,10456205898558164;512;;;False;;0,020317602269916312;2631;39710;5613;batchnorm;;13;12,0;18,0;11,0;;0,0787607793082418;;4;adam;normalizer
444;2024-07-03 15:05:41.017261;0,1935100108385086;;leaky_relu;0,41826251568215783;0,10328142421162143;512;;;False;;0,021643280853195775;2631;39710;5613;batchnorm;;13;11,0;17,0;11,0;;0,0778490706806654;;4;adam;normalizer
445;2024-07-03 15:06:40.539797;0,2119700014591217;;leaky_relu;0,40841509441537527;0,11139273350247633;512;;;False;;0,021409237566108314;2631;39710;5613;batchnorm;;13;11,0;17,0;11,0;;0,07904319993249442;;4;adam;normalizer
446;2024-07-03 15:07:21.572480;0,5363800525665283;;leaky_relu;;;512;;;False;;0,023969298325156933;2631;39710;5613;batchnorm;0,010013607768140427;14;10,0;17,0;11,0;;0,07862193930857854;True;4;sgd;normalizer
447;2024-07-03 15:08:02.129229;0,3543952405452728;;leaky_relu;0,4598670248430192;0,10074124499782171;256;;;False;;0,01915481008754528;2631;39710;5613;batchnorm;;13;11,0;18,0;11,0;;0,08442739327886413;;4;adam;normalizer
448;2024-07-03 15:10:06.368823;0,1935099959373474;;leaky_relu;0,38627681218690646;0,0782107825400678;512;;;False;;0,021476998751847793;2631;39710;5613;batchnorm;;12;11,0;18,0;12,0;;0,07230267514077705;;4;adam;normalizer
449;2024-07-03 15:11:52.006386;0,18977999687194824;;leaky_relu;0,3846302390238764;0,07239255977359074;512;;;False;;0,021441568837553677;2631;39710;5613;batchnorm;;12;10,0;17,0;12,0;;0,07308647584523051;;4;adam;normalizer
450;2024-07-03 15:12:37.845971;0,316430002450943;;leaky_relu;0,3876886083017606;0,06960684800764605;512;;;False;;0,025989683483280637;2631;39710;5613;batchnorm;;12;10,0;16,0;12,0;;0,07264583906352666;;4;adam;normalizer
451;2024-07-03 15:13:28.773969;0,20990999042987823;;leaky_relu;0,3689816014618991;0,054863873087736534;512;;;False;;0,021411092213601435;2631;39710;5613;batchnorm;;12;10,0;17,0;12,0;;0,07586432744212644;;4;adam;normalizer
452;2024-07-03 15:14:27.130734;0,1963299959897995;;leaky_relu;0,4037830399722666;0,0949401082925136;512;;;False;;0,025256917255661957;2631;39710;5613;batchnorm;;12;11,0;17,0;12,0;;0,08105657702990904;;4;adam;normalizer
453;2024-07-03 15:15:17.436285;0,20029997825622559;;leaky_relu;0,4059012033133911;0,08491955015101736;512;;;False;;0,021303279510879125;2631;39710;5613;batchnorm;;12;10,0;17,0;11,0;;0,08112264519769026;;4;adam;normalizer
454;2024-07-03 15:16:00.871567;0,9643412828445435;;leaky_relu;0,38607262666720155;0,08711517148959971;16;;;False;;0,025668789020706087;2631;39710;5613;batchnorm;;12;11,0;16,0;12,0;;0,07956909434466951;;4;adam;normalizer
455;2024-07-03 15:30:51.474114;0,28949999809265137;;leaky_relu;0,43343602544775817;0,11541214154176957;512;;;False;;0,023232316388616517;2631;39710;5613;batchnorm;;13;11,0;17,0;11,0;;0,07684048831469197;;4;adam;normalizer
456;2024-07-03 15:31:34.671375;0,19699999690055847;;leaky_relu;0,418774182373106;0,1001774330240953;512;;;False;;0,018704991061441644;2631;39710;5613;batchnorm;;13;10,0;17,0;12,0;;0,0736895379153102;;4;adam;normalizer
457;2024-07-03 15:32:29.164334;0,19900000095367432;;leaky_relu;0,4177507952072609;0,10214998629779971;512;;;False;;0,018027263904932884;2631;39710;5613;batchnorm;;13;10,0;15,0;12,0;;0,07297541262568719;;4;adam;normalizer
458;2024-07-03 15:33:29.683141;0,18929001688957214;;leaky_relu;0,3810736745216447;0,06974609650826136;512;;;False;;0,028022186711055136;2631;39710;5613;batchnorm;;11;10,0;17,0;11,0;;0,08275349432823284;;4;adam;normalizer
459;2024-07-03 15:34:36.331087;0,22488000988960266;;leaky_relu;0,3696629440123921;0,04720586958045785;512;;;False;;0,027454328239388443;2631;39710;5613;batchnorm;;11;10,0;16,0;12,0;;0,08697673958559457;;4;adam;normalizer
460;2024-07-03 15:35:08.995311;2,44460129737854;;leaky_relu;0,3922038653908616;0,07037060210409027;32;;;False;;0,02886236419299629;2631;39710;5613;batchnorm;;11;11,0;16,0;12,0;;0,08208820804478341;;4;adam;normalizer
461;2024-07-03 15:39:42.839085;0,40362000465393066;;leaky_relu;0,40151732830808673;0,09605437534945323;512;;;False;;0,021552558043713747;2631;39710;5613;batchnorm;;12;10,0;17,0;10,0;;0,08314046539310518;;4;adam;normalizer
462;2024-07-03 15:40:21.283646;0,10275999456644058;;leaky_relu;0,35468585679969905;0,07792013798062472;512;;25,0;True;normalizer;0,016345342989707405;2631;39710;5613;batchnorm;;12;10,0;17,0;11,0;;0,07427751058964877;;4;adam;normalizer
463;2024-07-03 15:41:01.333108;0,19044999778270721;;leaky_relu;0,3586798486561771;0,07351380661172759;512;;25,0;True;normalizer;0,016244715879676824;2631;39710;5613;batchnorm;;14;10,0;17,0;11,0;;0,07473807417930509;;4;adam;normalizer
464;2024-07-03 15:41:51.424177;0,08350999653339386;;leaky_relu;0,3526471384907313;0,07505637221775617;512;;26,0;True;normalizer;0,02389818035062086;2631;39710;5613;batchnorm;;13;10,0;15,0;10,0;;0,07444845759933341;;4;adam;normalizer
465;2024-07-03 15:42:29.149842;0,1971999853849411;;leaky_relu;0,35118120461583313;0,07031330052270343;512;;27,0;True;normalizer;0,0240429125612461;2631;39710;5613;batchnorm;;13;10,0;15,0;10,0;;0,07461635269818157;;4;adam;normalizer
466;2024-07-03 15:43:07.599978;0,2001899927854538;;leaky_relu;;;512;;25,0;True;normalizer;0,024512041863653168;2631;39710;5613;batchnorm;0,001900529663018375;13;10,0;16,0;11,0;;0,07419562945824394;False;4;sgd;normalizer
467;2024-07-03 15:43:45.743986;0,1450185924768448;;leaky_relu;0,35114655981338627;0,07374145482771274;128;;34,0;True;normalizer;0,02620740199974365;2631;39710;5613;batchnorm;;13;10,0;16,0;10,0;;0,07161884925467461;;4;adam;normalizer
468;2024-07-03 15:45:09.077554;0,2749541401863098;;leaky_relu;0,3577799571210104;0,08325024558675012;64;;34,0;True;normalizer;0,027883994845509318;2631;39710;5613;batchnorm;;13;10,0;15,0;10,0;;0,07077694152077782;;4;adam;normalizer
469;2024-07-03 15:47:11.953259;215,60897827148438;;leaky_relu;0,34907780298159075;0,07212175499583895;8;;17,0;True;normalizer;0,03102517349210472;2631;39710;5613;batchnorm;;14;10,0;15,0;10,0;;0,07510995688024001;;4;adam;normalizer
470;2024-07-03 16:04:29.629729;0,15242092311382294;;leaky_relu;0,37262047871389364;0,06102080752218736;128;;35,0;True;normalizer;0,023742367291508037;2631;39710;5613;batchnorm;;13;10,0;14,0;10,0;;0,07198904834923754;;4;adam;normalizer
471;2024-07-03 16:05:56.394134;0,1662837117910385;;leaky_relu;0,36926294791657455;0,05818373694817293;128;;36,0;True;normalizer;0,023266515499011677;2631;39710;5613;batchnorm;;12;10,0;13,0;10,0;;0,07174391803268713;;4;adam;normalizer
472;2024-07-03 16:08:08.983209;0,17536045610904694;;leaky_relu;0,3765576874566677;0,05881785100881378;128;;37,0;True;normalizer;0,02247568320911663;2631;39710;5613;batchnorm;;13;10,0;13,0;10,0;;0,07251782547154408;;4;adam;normalizer
473;2024-07-03 16:09:42.763902;0,22188836336135864;;leaky_relu;0,3719292146289181;0,027445968802011098;128;;38,0;True;normalizer;0,020721459215899254;2631;39710;5613;batchnorm;;12;10,0;14,0;10,0;;0,06883954749515743;;4;adam;normalizer
474;2024-07-03 16:11:37.184868;0,06443952769041061;;leaky_relu;0,3775324559322825;0,0544080965677291;128;;19,0;True;normalizer;0,02631203556643486;2631;39710;5613;batchnorm;;13;9,0;12,0;10,0;;0,07186217750981701;;4;adam;normalizer
475;2024-07-03 16:14:41.734950;0,04307907074689865;;leaky_relu;0,37863870603918365;0,056005002599312584;128;;17,0;True;normalizer;0,02572495603842211;2631;39710;5613;batchnorm;;11;9,0;13,0;10,0;;0,07012812126838167;;4;adam;normalizer
476;2024-07-03 16:17:06.404258;0,03763721510767937;;leaky_relu;0,3811712586039085;0,037724480357215595;128;;16,0;True;normalizer;0,026173337060764402;2631;39710;5613;batchnorm;;11;9,0;13,0;10,0;;0,07185106622486886;;4;adam;normalizer
477;2024-07-03 16:18:38.082522;0,03294185921549797;0,41581147852527556;leaky_relu;0,37068023331947586;0,037423728074147164;128;;16,0;True;normalizer;0,026467997228829736;2631;39710;5613;batchnorm;;11;9,0;13,0;10,0;;0,07194626775493176;;4;adam;normalizer
478;2024-07-03 16:20:18.940687;0,037827908992767334;;leaky_relu;0,37041933034035207;0,03567142006705181;128;;16,0;True;normalizer;0,031873730836735024;2631;39710;5613;batchnorm;;10;9,0;13,0;10,0;;0,07177686483525299;;4;adam;normalizer
479;2024-07-03 16:22:06.371110;0,13720698654651642;;leaky_relu;0,36762006137394587;0,0314671654483505;128;;17,0;True;normalizer;0,035226992581799586;2631;39710;5613;batchnorm;;11;9,0;13,0;10,0;;0,07118618349646924;;4;adam;normalizer
480;2024-07-03 16:23:43.173735;0,053418610244989395;;leaky_relu;0,3672094145127593;0,031318340172406874;128;;18,0;True;normalizer;0,034482630740913664;2631;39710;5613;batchnorm;;10;9,0;13,0;10,0;;0,07083827437677882;;4;adam;normalizer
481;2024-07-03 16:25:16.671459;0,041346512734889984;;leaky_relu;0,36535992413428525;0,010816794616250663;128;;17,0;True;normalizer;0,029656613269561996;2631;39710;5613;batchnorm;;10;9,0;13,0;10,0;;0,07143156851943204;;4;adam;normalizer
482;2024-07-03 16:27:04.525614;0,14713028073310852;;leaky_relu;0,36634910988043007;0,017528501134763473;128;;16,0;True;normalizer;0,03407789189623254;2631;39710;5613;batchnorm;;10;9,0;13,0;10,0;;0,07141771719243245;;4;adam;normalizer
483;2024-07-03 16:28:29.420796;0,6207442283630371;;leaky_relu;0,3631375816114392;0,018920667352778132;128;;16,0;True;normalizer;0,03588979727488133;2631;39710;5613;batchnorm;;10;9,0;13,0;10,0;;0,07123287747998898;;4;adam;normalizer
484;2024-07-03 16:30:00.970219;0,04906976968050003;;leaky_relu;0,3378396144067998;0,03598084592739387;128;;18,0;True;normalizer;0,0328885738254085;2631;39710;5613;batchnorm;;11;9,0;12,0;10,0;;0,0695633282058082;;4;adam;normalizer
485;2024-07-03 16:31:39.592121;0,2207999974489212;;leaky_relu;0,3411798422957134;0,011135048832456345;128;;17,0;True;normalizer;0,03372486416348771;2631;39710;5613;batchnorm;;11;9,0;12,0;10,0;;0,07020747655971454;;4;adam;normalizer
486;2024-07-03 16:33:35.095151;0,0845930278301239;;leaky_relu;0,3367022750464232;0,0393438014400578;128;;21,0;True;normalizer;0,030987454531032722;2631;39710;5613;batchnorm;;10;9,0;13,0;10,0;;0,06829414796821968;;4;adam;normalizer
487;2024-07-03 16:34:43.798256;0,13860930502414703;;leaky_relu;0,33514278181046037;0,038354602304299205;128;;22,0;True;normalizer;0,03004337836316633;2631;39710;5613;batchnorm;;10;9,0;13,0;10,0;;0,06800168471467904;;4;adam;normalizer
488;2024-07-03 16:35:59.769408;0,08843721449375153;;leaky_relu;;;128;;21,0;True;normalizer;0,0306963798476511;2631;39710;5613;batchnorm;0,004676570654663834;10;9,0;13,0;10,0;;0,06817629747265105;True;4;sgd;normalizer
489;2024-07-03 16:37:34.960347;0,3044185936450958;;leaky_relu;;;128;;21,0;True;normalizer;0,03513627992232251;2631;39710;5613;batchnorm;0,004570773755813963;10;9,0;13,0;10,0;;0,06831055237738527;True;4;sgd;normalizer
490;2024-07-03 16:40:35.655749;0,2209046632051468;;leaky_relu;;;128;;20,0;True;normalizer;0,03018777145906144;2631;39710;5613;batchnorm;0,001517907082466677;10;8,0;12,0;10,0;;0,06775830542375634;True;4;sgd;normalizer
491;2024-07-03 16:42:02.966636;0,2287650853395462;;leaky_relu;;;128;;15,0;True;normalizer;0,03114852597093447;2631;39710;5613;batchnorm;0,004712406957467282;10;9,0;13,0;9,0;;0,07056370775768891;True;4;sgd;normalizer
492;2024-07-03 16:43:28.949070;0,23625119030475616;;leaky_relu;;;128;;22,0;True;normalizer;0,0388179669657951;2631;39710;5613;batchnorm;0,00826762710040286;11;8,0;13,0;9,0;;0,07208922889126797;True;4;sgd;normalizer
493;2024-07-03 16:44:30.613857;0,22660233080387115;;leaky_relu;;;128;;15,0;True;normalizer;0,027062761892772704;2631;39710;5613;batchnorm;0,0022718020568278756;11;9,0;14,0;10,0;;0,06954418153437283;True;4;sgd;normalizer
494;2024-07-03 16:45:58.672019;0,256658136844635;;leaky_relu;0,3206827551002648;0,035850238904546555;128;;20,0;True;normalizer;0,03276868582756624;2631;39710;5613;batchnorm;;10;9,0;12,0;10,0;;0,06613404965733535;;4;adam;normalizer
495;2024-07-03 16:47:10.477822;0,24823953211307526;;leaky_relu;;;128;;25,0;True;normalizer;0,029694103970540068;2631;39710;5613;batchnorm;0,014094665335480842;11;8,0;14,0;10,0;;0,07229906398546045;True;4;sgd;normalizer
496;2024-07-03 16:53:38.720147;0,1832651048898697;;leaky_relu;;;128;;14,0;True;normalizer;0,0376972691017173;2631;39710;5613;batchnorm;0,0039990402073144015;10;9,0;12,0;9,0;;0,06926165567846036;True;4;sgd;normalizer
497;2024-07-03 16:55:09.632924;0,10574185848236084;;leaky_relu;;;128;;13,0;True;normalizer;0,038816072250152565;2631;39710;5613;batchnorm;0,004119339072911617;10;9,0;12,0;9,0;;0,06929334847618113;True;4;sgd;normalizer
498;2024-07-03 16:56:20.154805;0,1505325734615326;;leaky_relu;;;128;;13,0;True;normalizer;0,040970148802590145;2631;39710;5613;batchnorm;0,003700531907412646;10;9,0;12,0;9,0;;0,06740740891595325;True;4;sgd;normalizer
499;2024-07-03 16:59:05.267885;0,256097674369812;;leaky_relu;;;128;;14,0;True;normalizer;0,04021072080856952;2631;39710;5613;batchnorm;0,00348465737202223;9;9,0;12,0;9,0;;0,06749590131033587;True;4;sgd;normalizer
500;2024-07-03 17:00:19.803012;0,13003721833229065;;leaky_relu;;;128;;13,0;True;normalizer;0,03580598199357417;2631;39710;5613;batchnorm;0,005913766503941149;10;8,0;13,0;9,0;;0,06980544204186233;True;4;sgd;normalizer
501;2024-07-03 17:01:23.716260;0,1223139688372612;;leaky_relu;;;128;;13,0;True;normalizer;0,037197109205681644;2631;39710;5613;batchnorm;0,005922634714161509;10;8,0;13,0;9,0;;0,07006640645695915;True;4;sgd;normalizer
502;2024-07-03 17:03:39.569032;0,1464395374059677;;leaky_relu;;;128;;13,0;True;normalizer;0,04398442083921137;2631;39710;5613;batchnorm;0,005658247623581004;10;8,0;13,0;9,0;;0,06991118062694991;True;4;sgd;normalizer
503;2024-07-03 17:05:10.603886;0,1426907181739807;;leaky_relu;;;128;;13,0;True;normalizer;0,038267550490927914;2631;39710;5613;batchnorm;0,00584916443188282;10;8,0;13,0;9,0;;0,06931756505644004;True;4;sgd;normalizer
504;2024-07-03 17:06:18.036291;0,13357208669185638;;leaky_relu;;;128;;18,0;True;normalizer;0,04174835405707732;2631;39710;5613;batchnorm;0,005683089713860028;10;8,0;13,0;9,0;;0,07103442654303127;True;4;sgd;normalizer
505;2024-07-03 17:07:37.182060;0,15253490209579468;;leaky_relu;;;128;;13,0;True;normalizer;0,04621513595439304;2631;39710;5613;batchnorm;0,005776389812465716;10;8,0;11,0;9,0;;0,06624943157031506;True;4;sgd;normalizer
506;2024-07-03 17:08:46.820409;0,3716767430305481;;leaky_relu;;;128;;13,0;True;normalizer;0,045448544237673694;2631;39710;5613;batchnorm;0,0063364731427293765;9;8,0;11,0;9,0;;0,06571845728231132;True;4;sgd;normalizer
507;2024-07-03 17:10:33.876894;0,2567906677722931;;leaky_relu;;;128;;18,0;True;normalizer;0,04337832306867385;2631;39710;5613;batchnorm;0,005422793933285014;10;8,0;14,0;9,0;;0,06701813076724021;True;4;sgd;normalizer
508;2024-07-03 17:12:27.548252;0,11962323635816574;;leaky_relu;;;128;;12,0;True;normalizer;0,035539409053746945;2631;39710;5613;batchnorm;0,00623990949549298;10;8,0;13,0;9,0;;0,07028385382588206;True;4;sgd;normalizer
509;2024-07-03 17:14:44.221148;0,13494883477687836;;leaky_relu;;;128;;18,0;True;normalizer;0,038130907538479045;2631;39710;5613;batchnorm;0,003954019476261187;9;8,0;13,0;9,0;;0,07014920965962594;True;4;sgd;normalizer
510;2024-07-03 17:15:55.423850;0,1267465054988861;;leaky_relu;;;128;;12,0;True;normalizer;0,035908663186535364;2631;39710;5613;batchnorm;0,00371803550769098;9;8,0;12,0;9,0;;0,06810789918628671;True;4;sgd;normalizer
511;2024-07-03 17:17:07.319711;0,20415115356445312;;leaky_relu;;;128;;18,0;True;normalizer;0,03309701901749802;2631;39710;5613;batchnorm;0,007166306413166383;9;8,0;13,0;9,0;;0,06986539615473752;True;4;sgd;normalizer
512;2024-07-03 17:18:28.106721;0,09579070657491684;;leaky_relu;;;128;;12,0;True;normalizer;0,03591083600351804;2631;39710;5613;batchnorm;0,004477301878155845;10;8,0;13,0;9,0;;0,0699640956105339;True;4;sgd;normalizer
513;2024-07-03 17:19:51.373554;0,2782185673713684;;leaky_relu;;;128;;12,0;True;normalizer;0,03673547064595469;2631;39710;5613;batchnorm;0,004859851833552157;9;8,0;13,0;9,0;;0,06909658798220612;True;4;sgd;normalizer
514;2024-07-03 17:21:16.106432;0,15895116329193115;;leaky_relu;;;128;;19,0;True;normalizer;0,03637463911420864;2631;39710;5613;batchnorm;0,0033378800409595167;10;8,0;12,0;9,0;;0,06468458220870035;True;4;sgd;normalizer
515;2024-07-03 17:22:52.201949;0,11710232496261597;;leaky_relu;;;128;;12,0;True;normalizer;0,038553501915965765;2631;39710;5613;batchnorm;0,004566837218879495;9;7,0;13,0;9,0;;0,069683042479978;True;4;sgd;normalizer
516;2024-07-03 17:24:35.859178;0,5031326413154602;;leaky_relu;;;128;;23,0;True;normalizer;0,03779830773312739;2631;39710;5613;batchnorm;0,002804619452499799;8;7,0;12,0;9,0;;0,06812607179615894;True;4;sgd;normalizer
517;2024-07-03 17:25:49.812438;0,16396744549274445;;leaky_relu;;;128;;12,0;True;normalizer;0,03168053195061036;2631;39710;5613;batchnorm;0,004149378816043507;9;8,0;14,0;9,0;;0,07035315038829666;True;4;sgd;normalizer
518;2024-07-03 17:27:05.567074;0,06313721090555191;;leaky_relu;;;128;;18,0;True;normalizer;0,04004621671307733;2631;39710;5613;batchnorm;0,008083577444273479;9;7,0;11,0;9,0;;0,06405745562000675;True;4;sgd;normalizer
519;2024-07-03 17:28:16.475524;0,21743257343769073;;leaky_relu;;;128;;18,0;True;normalizer;0,040595070737230336;2631;39710;5613;batchnorm;0,0074167031285628715;9;7,0;11,0;9,0;;0,06419944922228564;True;4;sgd;normalizer
520;2024-07-03 17:29:28.465513;0,27732324600219727;;leaky_relu;;;128;;16,0;True;normalizer;0,0342978987169161;2631;39710;5613;batchnorm;0,004540588595927128;9;7,0;13,0;9,0;;0,06803994939520434;True;4;sgd;normalizer
521;2024-07-03 17:30:36.593516;0,13936276733875275;;leaky_relu;;;128;;20,0;True;normalizer;0,047397378942748127;2631;39710;5613;batchnorm;0,00607040297009572;11;8,0;14,0;10,0;;0,07343296050379582;True;4;sgd;normalizer
522;2024-07-03 17:31:50.033808;0,23992092907428741;;leaky_relu;;;128;;22,0;True;normalizer;0,04990658853321654;2631;39710;5613;batchnorm;0,009485149070398673;11;9,0;14,0;10,0;;0,07375302680703097;True;4;sgd;normalizer
523;2024-07-03 17:33:15.154666;0,5063976645469666;;leaky_relu;;;128;;19,0;True;normalizer;0,04401176008507113;2631;39710;5613;batchnorm;0,006600588355624138;8;7,0;12,0;10,0;;0,07382208561073046;True;4;sgd;normalizer
524;2024-07-03 17:34:26.911177;0,11837209761142731;;leaky_relu;;;128;;11,0;True;normalizer;0,030134901046978583;2631;39710;5613;batchnorm;0,003136513823479434;11;8,0;13,0;10,0;;0,0656498144147589;True;4;sgd;normalizer
525;2024-07-03 17:36:52.943339;0,56101393699646;;leaky_relu;;;128;;11,0;True;normalizer;0,030443048045828675;2631;39710;5613;batchnorm;0,0032771630952859185;9;8,0;12,0;10,0;;0,06295434216701569;True;4;sgd;normalizer
526;2024-07-03 17:40:32.249807;0,1781325340270996;;leaky_relu;;;128;;11,0;True;normalizer;0,029285962489967843;2631;39710;5613;batchnorm;0,004037738077887812;10;9,0;13,0;9,0;;0,06654953975762594;True;4;sgd;normalizer
527;2024-07-03 17:42:57.016048;0,1939232349395752;;leaky_relu;;;128;;16,0;True;normalizer;0,034164745923069936;2631;39710;5613;batchnorm;0,0025605260883800013;11;7,0;10,0;9,0;;0,07111653777031432;True;4;sgd;normalizer
528;2024-07-03 17:44:13.455061;0,0902581512928009;;leaky_relu;;;128;;17,0;True;normalizer;0,037095866165542335;2631;39710;5613;batchnorm;0,004720732890839983;10;9,0;11,0;10,0;;0,06801043132891121;True;4;sgd;normalizer
529;2024-07-03 17:45:30.301470;0,13261862099170685;;leaky_relu;;;128;;17,0;True;normalizer;0,03965336780292701;2631;39710;5613;batchnorm;0,004447880996750399;9;8,0;11,0;9,0;;0,07034290368593027;True;4;sgd;normalizer
530;2024-07-03 17:46:58.400062;0,09601163864135742;;leaky_relu;;;128;;11,0;True;normalizer;0,04075870135969134;2631;39710;5613;batchnorm;0,004672936517246132;9;8,0;11,0;9,0;;0,06497298018911028;True;4;sgd;normalizer
531;2024-07-03 17:48:26.824832;0,07667674124240875;;leaky_relu;;;128;;11,0;True;normalizer;0,042573229953449046;2631;39710;5613;batchnorm;0,004992718335183732;8;8,0;11,0;9,0;;0,06512165509983356;True;4;sgd;normalizer
532;2024-07-03 17:50:01.362556;0,06775116175413132;;leaky_relu;;;128;;11,0;True;normalizer;0,031968232813315296;2631;39710;5613;batchnorm;0,0047086574738211175;8;7,0;11,0;8,0;;0,06283396317453079;True;4;sgd;normalizer
533;2024-07-03 17:51:24.235553;0,13267675042152405;;leaky_relu;;;128;;12,0;True;normalizer;0,032184723014139716;2631;39710;5613;batchnorm;0,0031578484895453574;8;7,0;11,0;8,0;;0,06299061079661059;True;4;sgd;normalizer
534;2024-07-03 17:52:48.925537;0,13240931928157806;;leaky_relu;;;128;;11,0;True;normalizer;0,027100387088280435;2631;39710;5613;batchnorm;0,004958344883796366;8;7,0;10,0;8,0;;0,065926677877143;True;4;sgd;normalizer
535;2024-07-03 17:54:11.166490;0,20235347747802734;;leaky_relu;;;128;;11,0;True;normalizer;0,05034030669489782;2631;39710;5613;batchnorm;0,007714385196296941;7;9,0;11,0;9,0;;0,06469360318440188;True;4;sgd;normalizer
536;2024-07-03 17:55:34.548930;0,22390462458133698;;leaky_relu;;;128;;15,0;True;normalizer;0,029324665056590777;2631;39710;5613;batchnorm;0,0049848502200680635;9;8,0;12,0;10,0;;0,06239807505060347;True;4;sgd;normalizer
537;2024-07-03 17:57:00.417791;0,15168602764606476;;leaky_relu;;;128;;15,0;True;normalizer;0,032616343216850634;2631;39710;5613;batchnorm;0,00356976746250191;11;7,0;11,0;10,0;;0,06620672755512011;True;4;sgd;normalizer
538;2024-07-03 17:59:29.641210;0,3873744010925293;;leaky_relu;;;128;;11,0;True;normalizer;0,03550271034802436;2631;39710;5613;batchnorm;0,0028911427012517335;8;9,0;12,0;10,0;;0,06764408090218185;True;4;sgd;normalizer
539;2024-07-03 18:01:02.781080;0,21238604187965393;;leaky_relu;;;128;;14,0;True;normalizer;0,04195897743973255;2631;39710;5613;batchnorm;0,008906201237432671;10;7,0;11,0;8,0;;0,07586880137287305;True;4;sgd;normalizer
540;2024-07-03 18:03:43.620748;0,19148139655590057;;leaky_relu;;;128;;11,0;True;normalizer;0,027669997379602098;2631;39710;5613;batchnorm;0,0066899021443634155;10;9,0;12,0;9,0;;0,06386712551867138;True;4;sgd;normalizer
541;2024-07-03 18:05:26.688090;0,17091397941112518;;leaky_relu;;;128;;28,0;True;normalizer;0,05078007037238994;2631;39710;5613;batchnorm;0,004268088002105824;8;8,0;10,0;25,0;;0,06137968735439033;True;4;sgd;normalizer
542;2024-07-03 18:07:34.065480;0,24208372831344604;;leaky_relu;;;128;;15,0;True;normalizer;0,035550408385040574;2631;39710;5613;batchnorm;0,004903851774905699;11;6,0;12,0;9,0;;0,06622607713474328;True;4;sgd;normalizer
543;2024-07-03 18:09:45.734147;0,22607441246509552;;leaky_relu;;;128;;14,0;True;normalizer;0,031080299372451804;2631;39710;5613;batchnorm;0,003668850116565962;9;8,0;11,0;10,0;;0,0684421379315815;True;4;sgd;normalizer
544;2024-07-03 18:11:16.132499;0,7418976426124573;;leaky_relu;;;128;;50,0;True;normalizer;0,04471793178892373;2631;39710;5613;batchnorm;0,005352899821710915;9;8,0;12,0;8,0;;0,06482054016430162;True;4;sgd;normalizer
545;2024-07-03 18:12:17.243706;0,22207441926002502;;leaky_relu;;;128;;24,0;True;normalizer;0,027311270829556734;2631;39710;5613;batchnorm;0,0023445122967576115;10;9,0;14,0;10,0;;0,06863077792871225;True;4;sgd;normalizer
546;2024-07-03 18:14:16.821195;0,642041802406311;;leaky_relu;;;128;;21,0;True;normalizer;0,038915169251531406;2631;39710;5613;batchnorm;0,007125195033563124;10;9,0;10,0;9,0;;0,06048411568228659;True;4;sgd;normalizer
547;2024-07-03 18:16:08.745083;0,14351864159107208;;leaky_relu;;;128;;11,0;True;normalizer;0,0328203053361828;2631;39710;5613;batchnorm;0,01087497076762767;11;7,0;12,0;10,0;;0,07279301578813177;True;4;sgd;normalizer
548;2024-07-03 18:17:22.357776;0,20078140497207642;;leaky_relu;;;128;;14,0;True;normalizer;0,02765367692605668;2631;39710;5613;batchnorm;0,003070337499339453;10;9,0;14,0;9,0;;0,07550607140654993;True;4;sgd;normalizer
549;2024-07-03 18:18:27.566635;0,17220231890678406;;leaky_relu;;;128;;16,0;True;normalizer;0,042896201170314625;2631;39710;5613;batchnorm;0,008392909015099299;9;8,0;11,0;9,0;;0,06712648648766141;True;4;sgd;normalizer
550;2024-07-03 18:19:37.791541;0,22379769384860992;;leaky_relu;;;128;;20,0;True;normalizer;0,03637700527644323;2631;39710;5613;batchnorm;0,0038902659316708576;11;9,0;13,0;10,0;;0,06929534570350161;True;4;sgd;normalizer
551;2024-07-03 18:20:43.899365;0,4070371985435486;;leaky_relu;;;128;;13,0;True;normalizer;0,03190375707852671;2631;39710;5613;batchnorm;0,006147436594196963;9;8,0;9,0;8,0;;0,06497158057481577;True;4;sgd;normalizer
552;2024-07-03 18:22:01.102158;0,20206977427005768;;leaky_relu;;;128;;17,0;True;normalizer;0,05308238058474399;2631;39710;5613;batchnorm;0,0052491263126362145;8;7,0;12,0;10,0;;0,07215564919368864;True;4;sgd;normalizer
553;2024-07-03 18:23:10.400222;0,07416045665740967;;leaky_relu;;;128;;11,0;True;normalizer;0,0257594759627093;2631;39710;5613;batchnorm;0,0045819725467714815;11;9,0;13,0;8,0;;0,06993109632401427;True;4;sgd;normalizer
554;2024-07-03 18:25:06.971799;0,048881396651268005;;leaky_relu;;;128;;11,0;True;normalizer;0,02639390152301344;2631;39710;5613;batchnorm;0,004390469154558714;11;9,0;11,0;8,0;;0,07392935731943677;True;4;sgd;normalizer
555;2024-07-03 18:26:08.549445;0,4544000029563904;;leaky_relu;;;128;;19,0;True;normalizer;0,026255154135510984;2631;39710;5613;batchnorm;0,004545513128884366;11;9,0;11,0;8,0;;0,07454946736746704;True;4;sgd;normalizer
556;2024-07-03 18:32:05.500098;0,10621163249015808;;leaky_relu;;;128;;11,0;True;normalizer;0,025589910543458202;2631;39710;5613;batchnorm;0,002711625285174549;11;9,0;10,0;8,0;;0,0731641127978826;True;4;sgd;normalizer
557;2024-07-03 18:33:38.914102;0,13976046442985535;;leaky_relu;;;128;;11,0;True;normalizer;0,023912777621593648;2631;39710;5613;batchnorm;0,002604782105199836;11;9,0;11,0;8,0;;0,07560367612240967;True;4;sgd;normalizer
558;2024-07-03 18:35:17.393984;19,304595947265625;;leaky_relu;;;128;;9,0;True;minmax;0,02691308013319098;2631;39710;5613;batchnorm;0,001964456990272484;11;9,0;10,0;8,0;;0,07272678558027287;True;4;sgd;normalizer
559;2024-07-03 18:38:46.063690;0,17233486473560333;;leaky_relu;;;128;;28,0;True;normalizer;0,029430691035984342;2631;39710;5613;batchnorm;0,0031044760283318105;11;9,0;10,0;8,0;;0,07655042880768446;True;4;sgd;normalizer
560;2024-07-03 18:40:27.486911;0,2773744761943817;;leaky_relu;;;128;;16,0;True;normalizer;0,025780660741116842;2631;39710;5613;batchnorm;0,004174013218105416;11;9,0;9,0;8,0;;0,07178869900836378;True;4;sgd;normalizer
561;2024-07-03 18:41:54.176264;0,10970929265022278;;leaky_relu;;;128;;15,0;True;normalizer;0,03060589686922529;2631;39710;5613;batchnorm;0,0027733739648674776;10;9,0;14,0;10,0;;0,07410511905552963;True;4;sgd;normalizer
562;2024-07-03 18:43:33.023214;0,24053719639778137;;leaky_relu;;;128;;15,0;True;normalizer;0,029021834663023004;2631;39710;5613;batchnorm;0,003368756881335582;11;9,0;14,0;10,0;;0,0733167776958507;False;4;sgd;normalizer
563;2024-07-03 18:44:51.897173;inf;;leaky_relu;;;128;;8,0;True;maxabs;0,025693629144577155;2631;39710;5613;batchnorm;0,0027794247838189593;10;9,0;14,0;10,0;;0,07432951913394986;True;4;sgd;normalizer
564;2024-07-03 18:44:59.174792;0,108355812728405;;leaky_relu;;;128;;19,0;True;normalizer;0,024965747762572592;2631;39710;5613;batchnorm;0,0036243970700445874;11;6,0;12,0;10,0;;0,07683991313412918;True;4;sgd;normalizer
565;2024-07-03 18:46:23.190956;0,22298836708068848;;leaky_relu;;;128;;21,0;True;normalizer;0,024029099425362015;2631;39710;5613;batchnorm;0,002220218904767327;10;9,0;12,0;10,0;;0,07616774101477654;True;4;sgd;normalizer
566;2024-07-03 18:47:48.884821;0,28658369183540344;;leaky_relu;;;128;;18,0;True;normalizer;0,0011075518124555482;2631;39710;5613;batchnorm;0,0037700852606516225;11;6,0;11,0;10,0;;0,07403296565601603;True;4;sgd;normalizer
567;2024-07-03 18:48:59.233613;0,11724650859832764;;leaky_relu;;;128;;23,0;True;normalizer;0,02472507365220792;2631;39710;5613;batchnorm;0,00504214197098302;9;6,0;12,0;10,0;;0,05870486572519248;True;4;sgd;normalizer
568;2024-07-03 18:50:22.459752;0,3383766710758209;;leaky_relu;;;128;;19,0;True;normalizer;0,029640175412464467;2631;39710;5613;batchnorm;0,0026274995075063995;8;5,0;11,0;8,0;;0,07673861523124897;True;4;sgd;normalizer
569;2024-07-03 18:51:37.439028;0,15409299731254578;;leaky_relu;;;128;;17,0;True;normalizer;0,025154772142598106;2631;39710;5613;batchnorm;0,004391504876799946;10;9,0;12,0;9,0;;0,07099138969870408;True;4;sgd;normalizer
570;2024-07-03 18:52:47.845646;0,10045812278985977;;leaky_relu;;;128;;21,0;True;normalizer;0,031449306272194416;2631;39710;5613;batchnorm;0,0033889034225254248;11;9,0;10,0;10,0;;0,07237514389317226;True;4;sgd;normalizer
571;2024-07-03 18:54:18.998162;0,3088442087173462;;leaky_relu;;;128;;26,0;True;normalizer;0,031030965578142604;2631;39710;5613;batchnorm;0,0034697739721410606;11;9,0;9,0;10,0;;0,0737689418390043;False;4;sgd;normalizer
572;2024-07-03 18:55:34.655476;0,16111163794994354;;leaky_relu;;;128;;21,0;True;normalizer;0,026625670079762263;2631;39710;5613;batchnorm;0,0022226745508769014;12;9,0;10,0;11,0;;0,07196295961803297;True;4;sgd;normalizer
573;2024-07-03 18:56:48.911906;0,14355812966823578;;leaky_relu;;;128;;19,0;True;normalizer;0,03213506103633597;2631;39710;5613;batchnorm;0,0028788148972539672;11;9,0;10,0;10,0;;0,07766568448509559;True;4;sgd;normalizer
574;2024-07-03 18:58:07.874395;0,2504046857357025;;leaky_relu;;;128;;23,0;True;normalizer;0,045629971562686375;2631;39710;5613;batchnorm;0,003991257742837018;7;9,0;9,0;11,0;;0,0747284353389572;True;4;sgd;normalizer
575;2024-07-03 18:59:21.731507;0,3038093149662018;;leaky_relu;;;128;;16,0;True;normalizer;0,02425901341016796;2631;39710;5613;batchnorm;0,0017262227132453477;12;10,0;11,0;10,0;;0,07232971396487149;True;4;sgd;normalizer
576;2024-07-03 19:02:34.061209;0,1972930133342743;;leaky_relu;;;128;;14,0;True;normalizer;0,028724969032168715;2631;39710;5613;batchnorm;0,005404250155839609;11;9,0;11,0;9,0;;0,06774487487673364;True;4;sgd;normalizer
577;2024-07-03 19:03:54.308279;0,1977209448814392;;leaky_relu;;;128;;20,0;True;normalizer;0,03228590721885366;2631;39710;5613;batchnorm;0,007447834733286628;10;10,0;12,0;11,0;;0,07694961439147363;True;4;sgd;normalizer
578;2024-07-03 19:05:21.001014;1,7395209074020386;;leaky_relu;;;128;;81,0;True;normalizer;0,022739766259234916;2631;39710;5613;batchnorm;0,0035126652651713;10;9,0;10,0;10,0;;0,07124323044418267;True;4;sgd;normalizer
579;2024-07-03 19:11:20.285694;0,23188839852809906;;leaky_relu;;;128;;17,0;True;normalizer;0,04164967878140724;2631;39710;5613;batchnorm;0,006681840919187099;11;8,0;14,0;8,0;;0,06225634827274328;True;4;sgd;normalizer
580;2024-07-03 19:12:46.791427;0,18468141555786133;;leaky_relu;;;128;;15,0;True;normalizer;0,025491883852500404;2631;39710;5613;batchnorm;0,0024725197343178403;10;8,0;11,0;9,0;;0,06871909576225245;True;4;sgd;normalizer
581;2024-07-03 19:14:20.893205;18,42548179626465;;leaky_relu;;;128;;9,0;True;minmax;0,03238562456855084;2631;39710;5613;batchnorm;0,004633962165040436;12;10,0;12,0;10,0;;0,07416842987160845;True;4;sgd;normalizer
582;2024-07-03 19:16:49.455509;0,11779303103685379;;leaky_relu;;;128;;22,0;True;normalizer;0,02790138766798258;2631;39710;5613;batchnorm;0,003027858247559481;11;9,0;14,0;11,0;;0,06662556815191881;True;4;sgd;normalizer
583;2024-07-03 19:18:58.992321;0,11338139325380325;;leaky_relu;;;128;;18,0;True;normalizer;0,04897198199746464;2631;39710;5613;batchnorm;0,008919833809491816;10;10,0;13,0;9,0;;0,07245306495630155;False;4;sgd;normalizer
584;2024-07-03 19:20:44.565246;0,27843719720840454;;leaky_relu;;;128;;42,0;True;normalizer;0,03261083253208325;2631;39710;5613;batchnorm;0,005316408251397648;11;6,0;12,0;10,0;;0,06394398484352143;True;4;sgd;normalizer
585;2024-07-03 19:21:59.676750;0,18301160633563995;;leaky_relu;;;128;;30,0;True;normalizer;0,040496695236856055;2631;39710;5613;batchnorm;0,0038890590871683483;10;9,0;10,0;8,0;;0,06972840832565802;True;4;sgd;normalizer
586;2024-07-03 19:23:19.211419;inf;;leaky_relu;;;128;;9,0;True;maxabs;0,022895271563804626;2631;39710;5613;batchnorm;0,0060033411621264144;12;8,0;11,0;9,0;;0,0753382110024238;True;4;sgd;normalizer
587;2024-07-03 19:23:27.956860;0,12033255398273468;;leaky_relu;;;128;;13,0;True;normalizer;0,027191221836403677;2631;39710;5613;batchnorm;0,00421806745989782;9;10,0;13,0;11,0;;0,0671599635226577;True;4;sgd;normalizer
588;2024-07-03 19:24:47.637273;0,25126275420188904;;leaky_relu;;;128;;20,0;True;normalizer;0,0345792699909394;2631;39710;5613;batchnorm;0,0012702067238927564;11;8,0;14,0;10,0;;0,07055493533752794;True;4;sgd;normalizer
589;2024-07-03 19:25:54.645873;0,8048906326293945;;leaky_relu;;;128;;61,0;True;normalizer;0,029121987015938145;2631;39710;5613;batchnorm;0,0021089699785814785;8;9,0;15,0;9,0;;0,07937748129913119;True;4;sgd;normalizer
590;2024-07-03 19:27:15.605006;0,10740698128938675;;leaky_relu;;;128;;16,0;True;normalizer;0,040806189835315206;2631;39710;5613;batchnorm;0,0025863545289482952;10;9,0;11,0;11,0;;0,07295899857996468;True;4;sgd;normalizer
591;2024-07-03 19:28:30.785070;0,20575346052646637;;leaky_relu;;;128;;25,0;True;normalizer;0,041728003943419106;2631;39710;5613;batchnorm;0,003278882295866057;12;7,0;11,0;30,0;;0,06858615112676998;True;4;sgd;normalizer
592;2024-07-03 19:29:53.047324;0,15407906472682953;;leaky_relu;;;128;;17,0;True;normalizer;0,047019530434155896;2631;39710;5613;batchnorm;0,0019576656552366014;9;9,0;10,0;11,0;;0,07187093970042815;True;4;sgd;normalizer
593;2024-07-03 19:32:09.317290;0,1441558450460434;;leaky_relu;;;128;;14,0;True;normalizer;0,05187391740120785;2631;39710;5613;batchnorm;0,007608068744331598;11;8,0;12,0;8,0;;0,0584758587053325;True;4;sgd;normalizer
594;2024-07-03 19:33:21.542924;0,09257209300994873;;leaky_relu;;;128;;19,0;True;normalizer;0,05751472630631237;2631;39710;5613;batchnorm;0,012396138394210249;11;10,0;11,0;11,0;;0,06512898874757411;True;4;sgd;normalizer
595;2024-07-03 19:34:51.919615;0,19476278126239777;;leaky_relu;;;128;;22,0;True;normalizer;0,0490697640809941;2631;39710;5613;batchnorm;0,009944827339768052;10;10,0;11,0;11,0;;0,06424464963065177;True;4;sgd;normalizer
596;2024-07-03 19:36:15.873316;0,18209069967269897;;leaky_relu;;;128;;16,0;True;normalizer;0,03890019533304688;2631;39710;5613;batchnorm;0,006810973516030761;10;10,0;10,0;11,0;;0,06167666649459925;False;4;sgd;normalizer
597;2024-07-03 19:37:24.331811;0,17424187064170837;;leaky_relu;;;128;;13,0;True;normalizer;0,04394228968416063;2631;39710;5613;batchnorm;0,008797124968444951;12;10,0;11,0;11,0;;0,06566531645985894;True;4;sgd;normalizer
598;2024-07-03 19:39:05.983378;0,13180695474147797;;leaky_relu;;;128;;18,0;True;normalizer;0,03598965490234074;2631;39710;5613;batchnorm;0,010569949583555229;8;9,0;9,0;8,0;;0,06806532980761267;True;4;sgd;normalizer
599;2024-07-03 19:40:29.207519;0,0780697613954544;;leaky_relu;;;128;;12,0;True;normalizer;0,8685546136412322;2631;39710;5613;batchnorm;0,01160762806534473;11;9,0;11,0;9,0;;0,07021892392000853;True;4;sgd;normalizer
600;2024-07-03 19:42:19.415949;0,22477208077907562;;leaky_relu;;;128;;11,0;True;normalizer;0,05869688086143091;2631;39710;5613;batchnorm;0,013768540753595779;11;8,0;10,0;9,0;;0,0698261564338646;True;4;sgd;normalizer
601;2024-07-03 19:43:37.451597;0,16015814244747162;;leaky_relu;;;128;;13,0;True;normalizer;0,06363002123400563;2631;39710;5613;batchnorm;0,01573259220383878;12;10,0;12,0;8,0;;0,06628880363850372;True;4;sgd;normalizer
602;2024-07-03 19:45:33.567018;0,36274415254592896;;leaky_relu;;;128;;11,0;True;normalizer;0,02248413548763838;2631;39710;5613;batchnorm;0,010904568079406212;7;8,0;11,0;9,0;;0,06416361620838507;True;4;sgd;normalizer
603;2024-07-03 19:46:42.013195;17,0606632232666;;leaky_relu;;;128;;9,0;True;minmax;0,21453944831979904;2631;39710;5613;batchnorm;0,011519850121131736;11;10,0;13,0;9,0;;0,060113929670551125;True;4;sgd;normalizer
604;2024-07-03 19:48:23.263183;0,4585186839103699;;leaky_relu;;;128;;21,0;True;normalizer;0,9626712045694816;2631;39710;5613;batchnorm;0,0057739386763356855;9;9,0;12,0;8,0;;0,06991607222841831;True;4;sgd;normalizer
605;2024-07-03 19:49:43.539357;0,20297907292842865;;leaky_relu;;;128;;24,0;True;normalizer;0,715093438703972;2631;39710;5613;batchnorm;0,013076411852468085;12;9,0;11,0;10,0;;0,06690379301407005;True;4;sgd;normalizer
606;2024-07-03 19:51:10.329214;0,4758976399898529;;leaky_relu;;;128;;14,0;True;normalizer;0,46358369332785326;2631;39710;5613;batchnorm;0,02143443982363583;11;9,0;10,0;9,0;;0,07083247974905219;True;4;sgd;normalizer
607;2024-07-03 19:52:38.218104;2,306269645690918;;leaky_relu;;;128;;96,0;True;normalizer;0,052573996675187466;2631;39710;5613;batchnorm;0,00484983097053986;10;10,0;9,0;9,0;;0,0680543477217061;False;4;sgd;normalizer
608;2024-07-03 19:54:04.462171;0,16206510365009308;;leaky_relu;;;128;;18,0;True;normalizer;0,4792562045914628;2631;39710;5613;batchnorm;0,006643057704317305;11;8,0;12,0;10,0;;0,07186817507464037;True;4;sgd;normalizer
609;2024-07-03 19:55:34.781798;0,199425607919693;;leaky_relu;;;128;;15,0;True;normalizer;0,02077440103551148;2631;39710;5613;batchnorm;0,00796816790538466;12;9,0;13,0;7,0;;0,06280031390458786;True;4;sgd;normalizer
610;2024-07-03 19:57:00.376821;788358,0625;;leaky_relu;;;128;;4,0;True;maxabs;0,002281246029868041;2631;39710;5613;batchnorm;0,005415333919036571;10;7,0;11,0;10,0;;0,06929888993605159;True;4;sgd;normalizer
611;2024-07-03 19:57:23.561487;0,260232537984848;;leaky_relu;;;128;;12,0;True;normalizer;0,033935994945721366;2631;39710;5613;batchnorm;0,004531504900968597;11;8,0;10,0;8,0;;0,06525397835349815;True;4;sgd;normalizer
612;2024-07-03 19:59:09.180468;0,20050698518753052;;leaky_relu;;;128;;20,0;True;normalizer;0,0018543855516923134;2631;39710;5613;batchnorm;0,009273884337217823;9;9,0;13,0;10,0;;0,055997964740975674;True;4;sgd;normalizer
613;2024-07-03 20:04:35.933365;0,2920069694519043;;leaky_relu;;;128;;17,0;True;normalizer;0,6429748176470177;2631;39710;5613;batchnorm;0,006295591356945489;10;10,0;12,0;9,0;;0,07278556192063085;True;4;sgd;normalizer
614;2024-07-03 20:05:53.299117;0,12095583230257034;;leaky_relu;;;128;;13,0;True;normalizer;0,05389679742098636;2631;39710;5613;batchnorm;0,0080068628135848;11;8,0;11,0;8,0;;0,06731780157748399;True;4;sgd;normalizer
615;2024-07-03 20:07:16.616767;0,3737022876739502;;leaky_relu;;;128;;19,0;True;normalizer;0,028264796647672893;2631;39710;5613;batchnorm;0,018477272359344536;9;9,0;12,0;9,0;;0,07070994251827466;True;4;sgd;normalizer
616;2024-07-03 20:08:26.490506;0,336874395608902;;leaky_relu;;;128;;15,0;True;normalizer;0,37215509567804245;2631;39710;5613;batchnorm;0,004948104222213973;12;8,0;10,0;10,0;;0,07487971409570225;True;4;sgd;normalizer
617;2024-07-03 20:10:54.764074;0,3662790358066559;;leaky_relu;;;128;;23,0;True;normalizer;0,05455442955593544;2631;39710;5613;batchnorm;0,012401458220482015;10;10,0;13,0;10,0;;0,06281288108298468;True;4;sgd;normalizer
618;2024-07-03 20:12:03.604219;0,17600233852863312;;leaky_relu;;;128;;11,0;True;normalizer;0,057807408055900365;2631;39710;5613;batchnorm;0,004107248193679248;11;8,0;11,0;9,0;;0,06887037834200868;True;4;sgd;normalizer
619;2024-07-03 20:13:18.745937;0,130758136510849;;leaky_relu;;;128;;17,0;True;normalizer;0,3016354167816393;2631;39710;5613;batchnorm;0,003383528673935531;9;9,0;12,0;8,0;;0,06597235655116158;False;4;sgd;normalizer
620;2024-07-03 20:14:22.409709;0,2397674322128296;;leaky_relu;;;128;;12,0;True;normalizer;0,6470896122561917;2631;39710;5613;batchnorm;0,005720902584784621;10;10,0;13,0;9,0;;0,07314310522226992;True;4;sgd;normalizer
621;2024-07-03 20:15:46.317784;0,24924881756305695;;leaky_relu;;;128;;21,0;True;normalizer;0,024879042782003757;2631;39710;5613;batchnorm;0,007352167996690133;8;3,0;12,0;11,0;;0,07124235037844541;True;4;sgd;normalizer
622;2024-07-03 20:19:39.623203;0,15736745297908783;;leaky_relu;;;128;;15,0;True;normalizer;0,3601882347581327;2631;39710;5613;batchnorm;0,003895532134023429;11;9,0;14,0;10,0;;0,052815284825481;True;4;sgd;normalizer
623;2024-07-03 20:21:38.568425;0,128176748752594;;leaky_relu;;;128;;19,0;True;normalizer;0,04577625790642496;2631;39710;5613;batchnorm;0,003117142817299856;12;7,0;11,0;8,0;;0,06113357699324202;True;4;sgd;normalizer
624;2024-07-03 20:24:33.148181;0,27446508407592773;;leaky_relu;;;128;;14,0;True;normalizer;0,03380613887783992;2631;39710;5613;batchnorm;0,0045803315367928185;11;8,0;10,0;10,0;;0,07529235035481463;True;4;sgd;normalizer
625;2024-07-03 20:27:09.090470;0,21126742660999298;;leaky_relu;;;128;;11,0;True;normalizer;0,021025813523857892;2631;39710;5613;batchnorm;0,02674131182442322;10;9,0;13,0;7,0;;0,06850621164183274;True;4;sgd;normalizer
626;2024-07-03 20:28:44.906363;0,26104652881622314;;leaky_relu;;;128;;17,0;True;normalizer;0,6341217010151575;2631;39710;5613;batchnorm;0,009886256535942769;7;10,0;15,0;9,0;;0,04736680549094685;True;4;sgd;normalizer
627;2024-07-03 20:33:25.369925;0,2798720896244049;;leaky_relu;;;128;;13,0;True;normalizer;0,001609654013683213;2631;39710;5613;batchnorm;0,006585141928647662;12;9,0;13,0;10,0;;0,06456661215504772;True;4;sgd;normalizer
628;2024-07-03 20:38:43.960576;8,242108345031738;;leaky_relu;;;128;;6,0;True;minmax;0,004419846811685282;2631;39710;5613;batchnorm;0,001629281140318606;8;9,0;12,0;11,0;;0,07326233561563646;True;4;sgd;normalizer
629;2024-07-03 20:43:35.094273;0,3773651123046875;;leaky_relu;;;128;;26,0;True;normalizer;0,3442616132371527;2631;39710;5613;batchnorm;0,002438634593599036;11;7,0;11,0;9,0;;0,07077854503262523;True;4;sgd;normalizer
630;2024-07-03 20:44:45.385312;0,21295814216136932;;leaky_relu;;;128;;20,0;True;normalizer;0,03836877591062889;2631;39710;5613;batchnorm;0,005161574275666398;9;8,0;12,0;10,0;;0,06684344234704793;True;4;sgd;normalizer
631;2024-07-03 20:46:18.177481;0,2173720747232437;;leaky_relu;;;128;;16,0;True;normalizer;0,03154918734651407;2631;39710;5613;batchnorm;0,004123956029382861;10;10,0;11,0;11,0;;0,0779359808713828;False;4;sgd;normalizer
632;2024-07-03 20:47:28.518553;inf;;leaky_relu;;;128;;8,0;True;maxabs;0,02785622231256139;2631;39710;5613;batchnorm;0,003619616024227882;10;9,0;13,0;8,0;;0,06914303990504643;True;4;sgd;normalizer
633;2024-07-03 20:47:37.848624;0,15868569910526276;;leaky_relu;;;256;;22,0;True;normalizer;0,24303983310905217;2631;39710;5613;batchnorm;0,008281026216197114;11;8,0;9,0;9,0;;0,07199300511416994;True;4;sgd;normalizer
634;2024-07-03 20:49:08.210511;1,265055775642395;;leaky_relu;;;128;;70,0;True;normalizer;0,02448520946738587;2631;39710;5613;batchnorm;0,0029890734724893043;12;8,0;10,0;25,0;;0,06483515755505932;True;4;sgd;normalizer
635;2024-07-03 20:50:20.253795;0,1589534878730774;;leaky_relu;;;128;;18,0;True;normalizer;0,003309403015029958;2631;39710;5613;batchnorm;0,016749419204462088;9;10,0;14,0;10,0;;0,07538762203689212;True;4;sgd;normalizer
636;2024-07-03 20:53:47.273289;0,14556601643562317;;leaky_relu;;;16;;12,0;True;normalizer;0,254604742838265;2631;39710;5613;batchnorm;0,00545151667535919;11;7,0;12,0;9,0;;0,06784580802225729;True;4;sgd;normalizer
637;2024-07-03 21:02:12.410700;0,4415534734725952;;leaky_relu;;;128;;52,0;True;normalizer;0,9912579082708285;2631;39710;5613;batchnorm;0,011949213118363233;10;9,0;11,0;23,0;;0,07011166240168937;True;4;sgd;normalizer
638;2024-07-03 21:06:17.852772;0,19939535856246948;;leaky_relu;;;128;;14,0;True;normalizer;0,20599624527072338;2631;39710;5613;batchnorm;0,006182481155980035;9;8,0;12,0;11,0;;0,06324997617032088;True;4;sgd;normalizer
639;2024-07-03 21:07:44.699716;0,18680228292942047;;leaky_relu;;;128;;24,0;True;normalizer;0,03681309971883486;2631;39710;5613;batchnorm;0,004738438948558567;12;10,0;14,0;8,0;;0,07289221031955719;True;4;sgd;normalizer
640;2024-07-03 21:09:31.709085;0,21311628818511963;;leaky_relu;;;128;;16,0;True;normalizer;0,5100050951866907;2631;39710;5613;batchnorm;0,015050912738677051;10;9,0;13,0;10,0;;0,06697137885600526;True;4;sgd;normalizer
641;2024-07-03 21:12:43.237673;0,1555837243795395;;leaky_relu;;;128;;19,0;True;normalizer;0,0606999477076613;2631;39710;5613;batchnorm;0,002243353305492807;11;10,0;11,0;7,0;;0,05727232732376002;True;4;sgd;normalizer
642;2024-07-03 21:13:51.998984;0,26596567034721375;;leaky_relu;;;32;;13,0;True;normalizer;0,04529193809646508;2631;39710;5613;batchnorm;0,007131460573861999;10;9,0;12,0;9,0;;0,06106725825766008;True;4;sgd;normalizer
643;2024-07-03 21:17:58.971934;0,1150069534778595;;leaky_relu;;;128;;11,0;True;normalizer;0,7515628860376019;2631;39710;5613;batchnorm;0,003642088271918601;8;9,0;10,0;10,0;;0,07692772230529821;True;4;sgd;normalizer
644;2024-07-03 21:19:11.241669;0,31933486461639404;;leaky_relu;;;128;;30,0;True;normalizer;0,23400647779872236;2631;39710;5613;batchnorm;0,002646190980503501;11;7,0;13,0;11,0;;0,07042221440984688;False;4;sgd;normalizer
645;2024-07-03 21:21:11.405348;0,49547216296195984;;leaky_relu;;;128;;17,0;True;normalizer;0,003867292946882998;2631;39710;5613;batchnorm;0,009366057292415969;9;8,0;11,0;9,0;;0,07404904411792032;True;4;sgd;normalizer
646;2024-07-03 21:22:25.789394;0,30475348234176636;;leaky_relu;;;128;;21,0;True;normalizer;0,0025244216211847406;2631;39710;5613;batchnorm;0,036620886751841455;11;9,0;12,0;8,0;;0,06551418801786668;True;4;sgd;normalizer
647;2024-07-03 21:26:10.727337;0,06902556866407394;;leaky_relu;;;128;;15,0;True;normalizer;0,31023289762149714;2631;39710;5613;batchnorm;0,001883068987249815;12;8,0;14,0;10,0;;0,07159332247199095;True;4;sgd;normalizer
648;2024-07-03 21:27:12.454005;0,8337791562080383;;leaky_relu;;;128;;15,0;True;normalizer;0,3792203171965518;2631;39710;5613;batchnorm;0,0014708674194244514;12;7,0;15,0;10,0;;0,06898060027241483;True;4;sgd;normalizer
649;2024-07-03 21:28:39.032451;19,601037979125977;;leaky_relu;;;128;;9,0;True;minmax;0,42789149856122327;2631;39710;5613;batchnorm;0,0012593377365807477;12;8,0;14,0;11,0;;0,031333947142814136;True;4;sgd;normalizer
650;2024-07-03 21:29:56.391108;0,158968985080719;;leaky_relu;;;64;;19,0;True;normalizer;0,18583050919592006;2631;39710;5613;batchnorm;0,0016460877710382292;10;8,0;14,0;10,0;;0,07102615578197237;True;4;sgd;normalizer
651;2024-07-03 21:32:19.260589;0,06560810655355453;;leaky_relu;;;8;;15,0;True;normalizer;0,8075404404036559;2631;39710;5613;batchnorm;0,0018564337883682886;9;7,0;15,0;11,0;;0,08063059679109366;True;4;sgd;normalizer
652;2024-07-03 21:57:25.809061;0,08353806287050247;;leaky_relu;;;8;;15,0;True;normalizer;0,872229125754269;2631;39710;5613;batchnorm;0,001386967556618718;8;7,0;15,0;11,0;;0,08261666564875796;True;4;sgd;normalizer
653;2024-07-03 22:12:44.875884;0,153482586145401;;leaky_relu;;;8;;16,0;True;normalizer;0,8412225242187212;2631;39710;5613;batchnorm;0,0017470736805421231;7;6,0;15,0;;;0,08040341488827663;True;3;sgd;normalizer
654;2024-07-03 22:28:07.067756;0,06445004791021347;;leaky_relu;;;8;;14,0;True;normalizer;0,8958331219777611;2631;39710;5613;batchnorm;0,0010600432278099613;8;7,0;14,0;11,0;;0,08421413473492906;True;4;sgd;normalizer
655;2024-07-03 22:43:26.069139;0,08281567692756653;;leaky_relu;;;8;;14,0;True;normalizer;0,9131693446614095;2631;39710;5613;batchnorm;0,0010454441423419362;6;7,0;15,0;11,0;;0,08528374208149885;True;4;sgd;normalizer
656;2024-07-03 22:59:00.168320;0,0928594321012497;;leaky_relu;;;8;;15,0;True;normalizer;0,8983008918787571;2631;39710;5613;batchnorm;0,0010248637804730859;6;6,0;15,0;11,0;;0,08622232760584882;True;4;sgd;normalizer
657;2024-07-03 23:14:59.384000;inf;;leaky_relu;;;8;;7,0;True;maxabs;0,846823300346825;2631;39710;5613;batchnorm;0,001001406353560894;6;5,0;15,0;11,0;;0,08478258431616831;True;4;sgd;normalizer
658;2024-07-03 23:16:36.991039;0,07381048053503036;;leaky_relu;;;8;;15,0;True;normalizer;0,9230599860761659;2631;39710;5613;batchnorm;0,0011155984734983755;8;6,0;15,0;11,0;;0,08564691913077827;True;4;sgd;normalizer
659;2024-07-03 23:37:10.440762;0,14533939957618713;;leaky_relu;;;8;;17,0;True;normalizer;0,8501810779284985;2631;39710;5613;batchnorm;0,0012875691594988526;8;6,0;15,0;11,0;;0,08858678144209885;True;4;sgd;normalizer
660;2024-07-03 23:56:00.013017;0,0643685981631279;;leaky_relu;;;8;;14,0;True;normalizer;0,8835549745854242;2631;39710;5613;batchnorm;0,0011589539709744988;7;6,0;15,0;11,0;;0,08292254940338367;True;4;sgd;normalizer
661;2024-07-04 00:12:53.251163;0,07755392044782639;;leaky_relu;;;8;;14,0;True;normalizer;0,9177518846810903;2631;39710;5613;batchnorm;0,0011881513961938155;6;4,0;15,0;11,0;;0,08220159549459793;True;4;sgd;normalizer
662;2024-07-04 00:47:24.578994;0,059761084616184235;;leaky_relu;;;8;;14,0;True;normalizer;0,9950864577569358;2631;39710;5613;batchnorm;0,0012078423538439474;6;5,0;15,0;11,0;;0,08284104828157096;True;4;sgd;normalizer
663;2024-07-04 01:02:06.256256;0,07638712972402573;;leaky_relu;;;8;;14,0;True;normalizer;0,9263107466417152;2631;39710;5613;batchnorm;0,0010792495529726932;5;6,0;15,0;11,0;;0,0835220342812123;True;4;sgd;normalizer
664;2024-07-04 01:23:25.598855;0,09639226645231247;;leaky_relu;;;8;;14,0;True;normalizer;0,9856709702946077;2631;39710;5613;batchnorm;0,001150523398854587;6;5,0;15,0;11,0;;0,08327625231243119;True;4;sgd;normalizer
665;2024-07-04 01:38:32.380697;0,06909622997045517;;leaky_relu;;;8;;14,0;True;normalizer;0,7466630536735448;2631;39710;5613;batchnorm;0,001438173905621654;5;5,0;15,0;12,0;;0,08146211446294825;True;4;sgd;normalizer
666;2024-07-04 02:09:54.221099;0,06197506934404373;;leaky_relu;;;8;;13,0;True;normalizer;0,7933427032735142;2631;39710;5613;batchnorm;0,0011654888562979571;5;4,0;15,0;11,0;;0,08509561881332707;True;4;sgd;normalizer
667;2024-07-04 02:26:25.934257;0,07164322584867477;;leaky_relu;;;8;;13,0;True;normalizer;0,9971856844689695;2631;39710;5613;batchnorm;0,0011035578181091633;5;4,0;15,0;12,0;;0,08169545801050355;True;4;sgd;normalizer
668;2024-07-04 02:41:51.604880;0,04923667386174202;;leaky_relu;;;8;;13,0;True;normalizer;0,7813411987600223;2631;39710;5613;batchnorm;0,0011453017903695767;5;4,0;16,0;12,0;;0,08166012649198758;True;4;sgd;normalizer
669;2024-07-04 03:08:54.150958;0,10249106585979462;;leaky_relu;;;8;;14,0;True;normalizer;0,7536305222079197;2631;39710;5613;batchnorm;0,001226340717968474;5;4,0;16,0;11,0;;0,08384943105162247;True;4;sgd;normalizer
670;2024-07-04 03:24:59.670686;0,08592170476913452;;leaky_relu;;;8;;13,0;True;normalizer;0,7438178886309199;2631;39710;5613;batchnorm;0,001473271037295757;5;4,0;15,0;12,0;;0,08528558392612633;True;4;sgd;normalizer
671;2024-07-04 03:41:33.476084;0,06172798201441765;;leaky_relu;;;8;;13,0;True;normalizer;0,9843573190494116;2631;39710;5613;batchnorm;0,0011990375314606088;4;4,0;15,0;12,0;;0,08125972224379654;True;4;sgd;normalizer
672;2024-07-04 04:12:07.656843;0,045823972672224045;;leaky_relu;;;8;;12,0;True;normalizer;0,7385551606632369;2631;39710;5613;batchnorm;0,00114677596823745;5;4,0;16,0;12,0;;0,08155326639272478;True;4;sgd;normalizer
673;2024-07-04 05:00:46.355064;0,05648844689130783;;leaky_relu;;;8;;16,0;True;normalizer;0,9975522954865648;2631;39710;5613;batchnorm;0,0011281428713323636;5;3,0;16,0;12,0;;0,08094206866434428;True;4;sgd;normalizer
674;2024-07-04 05:43:02.070944;0,0756017193198204;;leaky_relu;;;8;;16,0;True;normalizer;0,9995000878787329;2631;39710;5613;batchnorm;0,0013966968027749902;5;3,0;16,0;11,0;;0,08124868445227938;True;4;sgd;normalizer
675;2024-07-04 06:36:30.939211;0,07431437075138092;;leaky_relu;;;8;;12,0;True;normalizer;0,7169232622545203;2631;39710;5613;batchnorm;0,0011817163147206178;4;4,0;16,0;12,0;;0,08086214208842961;True;4;sgd;normalizer
676;2024-07-04 06:53:36.973831;0,05744490399956703;;leaky_relu;;;8;;16,0;True;normalizer;0,8037383525367103;2631;39710;5613;batchnorm;0,0015251745173081538;5;3,0;16,0;12,0;;0,07992401596163679;True;4;sgd;normalizer
677;2024-07-04 07:14:26.628282;0,1840391308069229;;leaky_relu;;;8;;16,0;True;normalizer;0,7991600213943939;2631;39710;5613;batchnorm;0,0015002426640771409;4;3,0;16,0;12,0;;0,07991040268037392;True;4;sgd;normalizer
678;2024-07-04 07:47:34.029641;0,13731709122657776;;leaky_relu;;;8;;17,0;True;normalizer;0,5761291375566359;2631;39710;5613;batchnorm;0,0017588837633666144;4;3,0;16,0;12,0;;0,08096100327620924;True;4;sgd;normalizer
679;2024-07-04 08:08:03.677498;inf;;leaky_relu;;;8;;10,0;True;minmax;0,7005134763333615;2631;39710;5613;batchnorm;0,001344848021921317;3;4,0;16,0;12,0;;0,08737615035394686;True;4;sgd;normalizer
680;2024-07-04 08:09:17.390027;0,0680101290345192;;leaky_relu;;;8;;15,0;True;normalizer;0,7920569466833627;2631;39710;5613;batchnorm;0,0011248856161628037;4;5,0;15,0;12,0;;0,08208773012333487;True;4;sgd;normalizer
681;2024-07-04 08:29:37.764336;0,13066241145133972;;leaky_relu;;;8;;13,0;True;normalizer;0,7954211137048209;2631;39710;5613;batchnorm;0,001858962268850462;5;5,0;15,0;12,0;;0,07928556890324188;False;4;sgd;normalizer
682;2024-07-04 08:49:27.507921;0,06701110303401947;;leaky_relu;;;8;;17,0;True;normalizer;0,5902417680520956;2631;39710;5613;batchnorm;0,0015640984099896404;4;3,0;16,0;12,0;;0,0819850902182892;True;4;sgd;normalizer
683;2024-07-04 09:06:36.901771;0,0571526437997818;;leaky_relu;;;8;;18,0;True;normalizer;0,5542744280601186;2631;39710;5613;batchnorm;0,0014617397878703895;4;3,0;16,0;12,0;;0,08321993057694661;True;4;sgd;normalizer
684;2024-07-04 09:39:38.571024;inf;;leaky_relu;;;8;;3,0;True;maxabs;0,6073856651514219;2631;39710;5613;batchnorm;0,0016248856322504856;3;3,0;16,0;12,0;;0,08331290217972509;True;4;sgd;normalizer
685;2024-07-04 09:41:09.488008;0,18785817921161652;;leaky_relu;;;8;;18,0;True;normalizer;0,5708939224618258;2631;39710;5613;batchnorm;0,0020128408945304104;4;3,0;16,0;;;0,07898338893849957;True;3;sgd;normalizer
686;2024-07-04 09:55:17.086228;0,09711767733097076;;leaky_relu;;;8;;17,0;True;normalizer;0,7051043935759013;2631;39710;5613;batchnorm;0,0012519670421302551;4;3,0;16,0;12,0;;0,08403388539651722;True;4;sgd;normalizer
687;2024-07-04 10:10:25.991523;0,10217032581567764;;leaky_relu;;;8;;16,0;True;normalizer;0,68542118415125;2631;39710;5613;batchnorm;0,001577114555996969;4;3,0;16,0;12,0;;0,08806698413524898;True;4;sgd;normalizer
688;2024-07-04 10:30:55.452050;0,07415980845689774;;leaky_relu;;;8;;18,0;True;normalizer;0,599726493653783;2631;39710;5613;batchnorm;0,0013796684972220154;4;4,0;14,0;12,0;;0,08216499946442586;True;4;sgd;normalizer
689;2024-07-04 10:46:12.190495;0,08316686004400253;;leaky_relu;;;8;;16,0;True;normalizer;0,5313868894690702;2631;39710;5613;batchnorm;0,0010173583947819776;3;4,0;16,0;12,0;;0,0790112946081332;True;4;sgd;normalizer
690;2024-07-04 11:05:30.311161;0,07421484589576721;;leaky_relu;;;8;;18,0;True;normalizer;0,8155844780619327;2631;39710;5613;batchnorm;0,001870387381573509;5;4,0;15,0;12,0;;0,0857743126977725;True;4;sgd;normalizer
691;2024-07-04 11:26:01.960847;0,36159810423851013;;leaky_relu;;;8;;39,0;True;normalizer;0,6504343603080653;2631;39710;5613;batchnorm;0,0012456023254822837;6;3,0;15,0;12,0;;0,08057850159848819;True;4;sgd;normalizer
692;2024-07-04 11:47:26.455444;0,06577146053314209;;leaky_relu;;;8;;15,0;True;normalizer;0,8032223372274129;2631;39710;5613;batchnorm;0,0015803013821659379;4;4,0;14,0;12,0;;0,08331534657734434;True;4;sgd;normalizer
693;2024-07-04 12:05:28.204738;0,16212880611419678;;leaky_relu;;;8;;18,0;True;normalizer;0,8132016589368767;2631;39710;5613;batchnorm;0,0015581999832817647;4;5,0;16,0;12,0;;0,0836895431143645;True;4;sgd;normalizer
694;2024-07-04 12:23:25.093826;0,07359401881694794;;leaky_relu;;;8;;16,0;True;normalizer;0,7655765556246189;2631;39710;5613;batchnorm;0,0010014662044576029;3;5,0;16,0;12,0;;0,08701156368444017;False;4;sgd;normalizer
695;2024-07-04 12:42:23.327288;0,05447033420205116;;leaky_relu;;;8;;13,0;True;normalizer;0,5784639743843534;2631;39710;5613;batchnorm;0,0013378438550759179;5;3,0;14,0;12,0;;0,08245032054782257;True;4;sgd;normalizer
696;2024-07-04 13:16:03.603227;0,07915888726711273;;leaky_relu;;;8;;13,0;True;normalizer;0,5164449149576332;2631;39710;5613;batchnorm;0,001337928353384711;5;3,0;14,0;12,0;;0,0789315199766735;True;4;sgd;normalizer
697;2024-07-04 13:32:14.866239;0,08009326457977295;;leaky_relu;;;8;;13,0;True;normalizer;0,5782999925483359;2631;39710;5613;batchnorm;0,0016529381959159276;5;4,0;14,0;13,0;;0,08489363946918377;True;4;sgd;normalizer
698;2024-07-04 14:11:13.943787;0,0728118047118187;;leaky_relu;;;8;;19,0;True;normalizer;0,6835075268541135;2631;39710;5613;batchnorm;0,002091225103321613;6;3,0;15,0;12,0;;0,08888477615973235;True;4;sgd;normalizer
699;2024-07-04 14:27:58.011891;0,0874355211853981;;leaky_relu;;;8;;12,0;True;normalizer;0,6447934926766978;2631;39710;5613;batchnorm;0,0014494205815009118;4;4,0;14,0;12,0;;0,08056937183511972;True;4;sgd;normalizer
700;2024-07-04 15:00:51.705156;0,6103498935699463;;leaky_relu;;;8;;46,0;True;normalizer;0,830662052562005;2631;39710;5613;batchnorm;0,0011990862324858242;5;4,0;14,0;11,0;;0,08290614099727933;True;4;sgd;normalizer
701;2024-07-04 15:15:56.023109;inf;;leaky_relu;;;8;;10,0;True;minmax;0,9902021955335962;2631;39710;5613;batchnorm;0,0017776854451543676;6;3,0;15,0;11,0;;0,09131748289085721;True;4;sgd;normalizer
702;2024-07-04 15:17:31.369096;1,8262883424758911;;leaky_relu;;;8;;91,0;True;normalizer;0,5822622874807412;2631;39710;5613;batchnorm;0,0012870562564083917;5;4,0;16,0;13,0;;0,0784549118797936;True;4;sgd;normalizer
703;2024-07-04 15:57:27.727569;0,12591081857681274;;leaky_relu;;;8;;16,0;True;normalizer;0,525356426343607;2631;39710;5613;batchnorm;0,0015099616161129033;4;3,0;16,0;12,0;;0,08491591519218278;True;4;sgd;normalizer
704;2024-07-04 16:13:57.438682;0,052020113915205;;leaky_relu;;;8;;15,0;True;normalizer;0,721200984666417;2631;39710;5613;batchnorm;0,0011430038765441438;6;3,0;14,0;11,0;;0,08217347534483022;True;4;sgd;normalizer
705;2024-07-04 16:34:45.611650;0,11975546181201935;;leaky_relu;;;8;;17,0;True;normalizer;0,703365025677717;2631;39710;5613;batchnorm;0,0011647052691246627;6;3,0;14,0;11,0;;0,08249120572942804;True;4;sgd;normalizer
706;2024-07-04 16:51:16.311789;0,06672178953886032;;leaky_relu;;;8;;19,0;True;normalizer;0,45329690760303437;2631;39710;5613;batchnorm;0,0013682610762521742;3;4,0;14,0;12,0;;0,0808877147279873;True;4;sgd;normalizer
707;2024-07-04 17:06:19.554776;inf;;leaky_relu;;;8;;10,0;True;maxabs;0,8476050460760503;2631;39710;5613;batchnorm;0,001031584923359114;3;5,0;14,0;11,0;;0,07964247337091834;True;4;sgd;normalizer
708;2024-07-04 17:07:51.066953;0,042406853288412094;;leaky_relu;;;8;;15,0;True;normalizer;0,7865303628593006;2631;39710;5613;batchnorm;0,0013464595779276506;3;4,0;14,0;11,0;;0,08683036103227232;False;4;sgd;normalizer
709;2024-07-04 17:42:11.471733;0,10598547011613846;;leaky_relu;;;8;;15,0;True;normalizer;0,8394474314077834;2631;39710;5613;batchnorm;0,002025881628350938;6;4,0;14,0;11,0;;0,0869590662159236;False;4;sgd;normalizer
710;2024-07-04 17:59:24.197883;0,0751735046505928;;leaky_relu;;;8;;14,0;True;normalizer;0,6814928273444785;2631;39710;5613;batchnorm;0,0011394706090151238;5;4,0;15,0;11,0;;0,08451771462729558;False;4;sgd;normalizer
711;2024-07-04 18:25:36.724433;0,0333697684109211;;leaky_relu;;;8;;13,0;True;normalizer;0,7776392456063825;2631;39710;5613;batchnorm;0,0010055064480440586;7;4,0;14,0;11,0;;0,08869651185626533;False;4;sgd;normalizer
712;2024-07-04 18:54:56.738346;0,05418200045824051;;leaky_relu;;;8;;12,0;True;normalizer;0,9818737339693951;2631;39710;5613;batchnorm;0,0012821231646282904;7;3,0;15,0;11,0;;0,08670490568096986;False;4;sgd;normalizer
713;2024-07-04 19:17:59.426606;0,06555560231208801;;leaky_relu;;;8;;12,0;True;normalizer;0,981029116174118;2631;39710;5613;batchnorm;0,0010279168922001879;7;3,0;14,0;11,0;;0,09081062921472821;False;4;sgd;normalizer
714;2024-07-04 19:38:16.291808;0,05691685527563095;;leaky_relu;;;8;;13,0;True;normalizer;0,8934758612676171;2631;39710;5613;batchnorm;0,001277433622495065;7;3,0;15,0;11,0;;0,08901839859757414;False;4;sgd;normalizer
715;2024-07-04 19:53:48.506735;0,18639327585697174;;leaky_relu;;;8;;12,0;True;normalizer;0,7235636835785415;2631;39710;5613;batchnorm;0,0012628497254298097;6;3,0;15,0;11,0;;0,08896718770422965;False;4;sgd;normalizer
716;2024-07-04 20:08:42.305570;0,08962171524763107;;leaky_relu;;;8;;12,0;True;normalizer;0,9690069020683519;2631;39710;5613;batchnorm;0,001335821005341167;7;3,0;15,0;11,0;;0,08934460541539932;False;4;sgd;normalizer
717;2024-07-04 20:27:57.009064;0,13833996653556824;;leaky_relu;;;8;;13,0;True;normalizer;0,42409356178202673;2631;39710;5613;batchnorm;0,0012646318280434827;6;3,0;15,0;11,0;;0,09249585484646775;False;4;sgd;normalizer
718;2024-07-04 20:44:13.549417;0,1371394246816635;;leaky_relu;;;8;;12,0;True;normalizer;0,6663412620652591;2631;39710;5613;batchnorm;0,001008670295449473;7;4,0;16,0;11,0;;0,09394221735619;False;4;sgd;normalizer
719;2024-07-04 21:00:52.260599;0,08635632693767548;;leaky_relu;;;8;;20,0;True;normalizer;0,7535007331376254;2631;39710;5613;batchnorm;0,0017134371863969501;6;4,0;15,0;12,0;;0,08674692564882637;False;4;sgd;normalizer
720;2024-07-04 21:24:46.152806;0,07558106631040573;;leaky_relu;;;8;;17,0;True;normalizer;0,9982242616138404;2631;39710;5613;batchnorm;0,0022553910824266695;7;5,0;;;;0,08775097121313105;False;2;sgd;normalizer
721;2024-07-04 22:18:22.093620;0,04581229016184807;;leaky_relu;;;8;;14,0;True;normalizer;0,5223324936915523;2631;39710;5613;batchnorm;0,001416892878549657;6;3,0;14,0;11,0;;0,09073908532480637;False;4;sgd;normalizer
722;2024-07-04 22:44:35.219551;0,0423138402402401;;leaky_relu;;;8;;14,0;True;normalizer;0,5561472491557056;2631;39710;5613;batchnorm;0,0014021405622493606;5;3,0;14,0;11,0;;0,09073503689492753;False;4;sgd;normalizer
723;2024-07-04 23:06:35.550510;0,08454441279172897;;leaky_relu;;;8;;11,0;True;normalizer;0,5190258280692759;2631;39710;5613;batchnorm;0,0014779853034991171;5;3,0;14,0;12,0;;0,09398027882276268;False;4;sgd;normalizer
724;2024-07-04 23:32:32.852080;1,212904691696167;;leaky_relu;;;8;;62,0;True;normalizer;0,5577311158509802;2631;39710;5613;batchnorm;0,0013679868116110632;6;3,0;14,0;11,0;;0,09031733922009537;False;4;sgd;normalizer
725;2024-07-04 23:59:55.891560;0,1444578915834427;;leaky_relu;;;8;;14,0;True;normalizer;0,44490962226735775;2631;39710;5613;batchnorm;0,0017180119941571485;5;3,0;14,0;13,0;;0,09107027328938719;False;4;sgd;normalizer
726;2024-07-05 00:21:18.747737;0,6792882084846497;;leaky_relu;;;8;;2,0;True;minmax;0,6271236345024337;2631;39710;5613;batchnorm;0,0011810179936677608;5;3,0;14,0;11,0;;0,08949892127499313;False;4;sgd;normalizer
727;2024-07-05 00:37:50.961413;0,12191827595233917;;leaky_relu;;;8;;13,0;True;normalizer;0,40975468318699965;2631;39710;5613;batchnorm;0,0014642239484828866;5;4,0;14,0;11,0;;0,0869029962805267;False;4;sgd;normalizer
728;2024-07-05 00:59:18.882109;0,07997462898492813;;leaky_relu;;;8;;16,0;True;normalizer;0,5237102051794491;2631;39710;5613;batchnorm;0,001946655322049415;6;4,0;15,0;12,0;;0,0916024145838428;False;4;sgd;normalizer
729;2024-07-05 01:15:25.437930;0,061956219375133514;;leaky_relu;;;8;;15,0;True;normalizer;0,6458051360239044;2631;39710;5613;batchnorm;0,0011806041019732903;6;3,0;14,0;12,0;;0,08823759971696747;False;4;sgd;normalizer
730;2024-07-05 01:32:29.988655;0,08858951181173325;;leaky_relu;;;8;;12,0;True;normalizer;0,6167266613084224;2631;39710;5613;batchnorm;0,0012913977729784123;6;3,0;14,0;13,0;;0,09661037046186302;False;4;sgd;normalizer
731;2024-07-05 02:03:00.087492;0,07202506810426712;;leaky_relu;;;8;;15,0;True;normalizer;0,4805788541785042;2631;39710;5613;batchnorm;0,0011534049072053896;5;3,0;14,0;12,0;;0,08854654465842704;False;4;sgd;normalizer
732;2024-07-05 02:17:57.462232;inf;;leaky_relu;;;8;;5,0;True;maxabs;0,7235466374011685;2631;39710;5613;batchnorm;0,0016415876641324957;4;4,0;15,0;12,0;;0,09391387138749567;False;4;sgd;normalizer
733;2024-07-05 02:19:12.631169;1,6120829582214355;;leaky_relu;;;8;;77,0;True;normalizer;0,6353084150020786;2631;39710;5613;batchnorm;0,0014018614619956534;6;3,0;15,0;13,0;;0,08685700774992058;False;4;sgd;normalizer
734;2024-07-05 02:37:17.760916;0,09891058504581451;;leaky_relu;;;8;;11,0;True;normalizer;0,7493943745957562;2631;39710;5613;batchnorm;0,0011682790449387575;3;4,0;14,0;12,0;;0,09067681877382094;False;4;sgd;normalizer
735;2024-07-05 03:00:23.075267;0,08611084520816803;;leaky_relu;;;8;;14,0;True;normalizer;0,48930235691248436;2631;39710;5613;batchnorm;0,0015250069033783849;5;3,0;13,0;12,0;;0,08574024828110677;False;4;sgd;normalizer
736;2024-07-05 03:18:16.547869;0,07079833000898361;;selu;;;8;;16,0;True;normalizer;0,8331962258813588;2631;39710;5613;batchnorm;0,0010215339612388065;6;4,0;16,0;13,0;;;False;4;sgd;normalizer
737;2024-07-05 03:33:07.808184;0,06404922157526016;;leaky_relu;;;8;;13,0;True;normalizer;0,5395000417049342;2631;39710;5613;batchnorm;0,0013229424455800333;5;3,0;14,0;11,0;;0,08874534583222435;False;4;sgd;normalizer
738;2024-07-05 04:20:31.470047;0,08294524252414703;;leaky_relu;;;8;;15,0;True;normalizer;0,6557322149008122;2631;39710;5613;batchnorm;0,002199715036120908;7;4,0;16,0;12,0;;0,08580194862587949;False;4;sgd;normalizer
739;2024-07-05 04:36:51.998546;0,147308811545372;;leaky_relu;;;8;;18,0;True;normalizer;0,40965020552713033;2631;39710;5613;batchnorm;0,0010009411064439348;4;3,0;14,0;12,0;;0,09293413492721586;False;4;sgd;normalizer
740;2024-07-05 04:54:54.070528;0,038793742656707764;;leaky_relu;;;8;;11,0;True;normalizer;0,7561608817203497;2631;39710;5613;batchnorm;0,0018338194096655584;6;3,0;15,0;11,0;;0,09811505561348144;False;4;sgd;normalizer
741;2024-07-05 05:27:06.203590;0,17686085402965546;;leaky_relu;;;8;;11,0;True;normalizer;0,6049944816485326;2631;39710;5613;batchnorm;0,0018833602128084412;6;3,0;14,0;11,0;;0,09486946177639698;False;4;sgd;normalizer
742;2024-07-05 05:47:52.362494;0,07607018947601318;;leaky_relu;;;8;;11,0;True;normalizer;0,8584542273079516;2631;39710;5613;batchnorm;0,0017052625138055297;6;3,0;13,0;12,0;;0,09865675146153582;False;4;sgd;normalizer
743;2024-07-05 06:07:08.376583;0,10996198654174805;;leaky_relu;;;8;;15,0;True;normalizer;0,9986997780388019;2631;39710;5613;batchnorm;0,0014914521471558607;7;3,0;15,0;11,0;;0,09941919643041633;False;4;sgd;normalizer
744;2024-07-05 06:37:05.186548;0,05326290428638458;;leaky_relu;;;8;;17,0;True;normalizer;0,7148062707318599;2631;39710;5613;batchnorm;0,002093434043422718;6;4,0;13,0;13,0;;0,09204249628222082;False;4;sgd;normalizer
745;2024-07-05 06:51:57.302710;0,08876167982816696;;leaky_relu;;;8;;17,0;True;normalizer;0,7239515573729614;2631;39710;5613;batchnorm;0,002297422486682408;7;4,0;13,0;11,0;;0,0933511818385442;False;4;sgd;normalizer
746;2024-07-05 07:15:27.971701;0,09354835003614426;;leaky_relu;;;8;;20,0;True;normalizer;0,8781814619474592;2631;39710;5613;batchnorm;0,0020366678686112864;5;5,0;13,0;13,0;;0,09562713812888025;False;4;sgd;normalizer
747;2024-07-05 07:30:12.648883;0,11550192534923553;;leaky_relu;;;8;;18,0;True;normalizer;0,5538519021607075;2631;39710;5613;batchnorm;0,0017256129522777305;3;4,0;16,0;11,0;;0,09571996170779311;False;4;sgd;normalizer
748;2024-07-05 07:46:28.712438;0,07609015703201294;;leaky_relu;;;8;;13,0;True;normalizer;0,25634460955772576;2631;39710;5613;batchnorm;0,0013662825428076388;6;4,0;13,0;12,0;;0,09072913913987365;False;4;sgd;normalizer
749;2024-07-05 08:18:19.730014;0,08232682198286057;;leaky_relu;;;8;;11,0;True;normalizer;0,7464970256378592;2631;39710;5613;batchnorm;0,002413345965225914;4;3,0;15,0;;;0,0775636835998212;False;3;sgd;normalizer
750;2024-07-05 08:36:07.424806;18,98499870300293;;leaky_relu;;;8;;9,0;True;minmax;0,003949456809630657;2631;39710;5613;batchnorm;0,001969255040753171;4;3,0;13,0;11,0;;0,0967526438220708;False;4;sgd;normalizer
751;2024-07-05 08:50:52.036565;0,10098535567522049;;leaky_relu;;;8;;17,0;True;normalizer;0,8647723589196828;2631;39710;5613;batchnorm;0,0015437626920599963;5;5,0;16,0;13,0;;0,09988937491093694;False;4;sgd;normalizer
752;2024-07-05 09:12:04.124999;0,09494167566299438;;leaky_relu;;;8;;13,0;True;normalizer;0,4833547019688147;2631;39710;5613;batchnorm;0,0017748230294703793;6;4,0;15,0;11,0;;0,09817262183451188;False;4;sgd;normalizer
753;2024-07-05 09:30:10.277939;0,1621963083744049;;leaky_relu;;;8;;16,0;True;normalizer;0,6978551104558476;2631;39710;5613;batchnorm;0,0013226645969406617;7;4,0;14,0;12,0;;0,09260685362120659;False;4;sgd;normalizer
754;2024-07-05 09:50:04.629008;inf;;leaky_relu;;;8;;6,0;True;maxabs;0,5827219962551616;2631;39710;5613;batchnorm;0,0011904583496419813;4;5,0;13,0;11,0;;0,08980754952682664;False;4;sgd;normalizer
755;2024-07-05 09:51:27.186119;0,15118356049060822;;leaky_relu;;;8;;19,0;True;normalizer;0,0025825870493084466;2631;39710;5613;batchnorm;0,0010004987587655285;6;3,0;15,0;12,0;;0,07757087421424538;False;4;sgd;normalizer
756;2024-07-05 10:14:19.000925;0,11379197239875793;;selu;;;8;;14,0;True;normalizer;0,37209398863820514;2631;39710;5613;batchnorm;0,08151993001832408;5;4,0;14,0;11,0;;;False;4;sgd;normalizer
757;2024-07-05 10:42:55.008264;0,055995482951402664;;leaky_relu;;;8;;12,0;True;normalizer;0,9927828756916018;2631;39710;5613;batchnorm;0,0015234576552602362;5;3,0;16,0;13,0;;0,0949769059300956;False;4;sgd;normalizer
758;2024-07-05 10:57:39.143283;0,11675160378217697;;leaky_relu;;;8;;11,0;True;normalizer;0,2818369205414135;2631;39710;5613;batchnorm;0,002090827097751188;5;3,0;16,0;13,0;;0,09749629741681548;False;4;sgd;normalizer
759;2024-07-05 11:46:39.047398;0,06164761260151863;;leaky_relu;;;8;;16,0;True;normalizer;0,794335624021229;2631;39710;5613;batchnorm;0,0015649563711130265;7;3,0;13,0;13,0;;0,09531863500627494;False;4;sgd;normalizer
760;2024-07-05 12:12:36.277386;0,09354308992624283;;leaky_relu;;;8;;12,0;True;normalizer;0,3339899791553976;2631;39710;5613;batchnorm;0,0025172862863939546;6;3,0;16,0;13,0;;0,0932507762377752;False;4;sgd;normalizer
761;2024-07-05 12:27:14.050795;0,06320501863956451;;leaky_relu;;;8;;18,0;True;normalizer;0,2772296005417904;2631;39710;5613;batchnorm;0,0017828219645901972;5;3,0;16,0;11,0;;0,09213194284948292;False;4;sgd;normalizer
762;2024-07-05 12:51:37.192991;0,06858576089143753;;leaky_relu;;;8;;14,0;True;normalizer;0,6911047976164976;2631;39710;5613;batchnorm;0,0469298627277292;6;4,0;14,0;12,0;;0,0914673530367011;False;4;sgd;normalizer
763;2024-07-05 13:07:32.769208;0,1385546326637268;;leaky_relu;;;8;;20,0;True;normalizer;0,44126280231814863;2631;39710;5613;batchnorm;0,001425479974521481;7;3,0;13,0;11,0;;0,08776021251306305;False;4;sgd;normalizer
764;2024-07-05 13:24:44.930428;0,079950250685215;;leaky_relu;;;8;;16,0;True;normalizer;0,8725605356087357;2631;39710;5613;batchnorm;0,0016218357498413002;5;3,0;16,0;13,0;;0,08985491155288237;False;4;sgd;normalizer
765;2024-07-05 13:41:01.396569;0,08470001816749573;;leaky_relu;;;8;;11,0;True;normalizer;0,5609526182058782;2631;39710;5613;batchnorm;0,026462021133760748;6;4,0;13,0;11,0;;0,0771739593185017;False;4;sgd;normalizer
766;2024-07-05 14:00:27.228175;0,7367297410964966;;leaky_relu;;;16;;56,0;True;normalizer;0,749927607939835;2631;39710;5613;batchnorm;0,001289491168839184;6;3,0;15,0;12,0;;0,09629735520682592;False;4;sgd;normalizer
767;2024-07-05 14:08:49.220160;0,07089999318122864;;leaky_relu;;;256;;14,0;True;normalizer;0,9937799136749567;2631;39710;5613;batchnorm;0,18723410383441838;5;5,0;14,0;11,0;;0,05109095726049305;False;4;sgd;normalizer
768;2024-07-05 14:09:28.100654;0,08319371938705444;;leaky_relu;;;8;;17,0;True;normalizer;0,3816372289369515;2631;39710;5613;batchnorm;0,002178680468723104;3;3,0;14,0;12,0;;0,08452872149664972;False;4;sgd;normalizer
