version;datetime;validation;test;activation;b1;b2;batch_size;dropout;gamma_pi;lamda;learning_rate;len_test;len_train;len_val;mode;momentum;n_units_l1;n_units_l2;n_units_l3;n_units_l4;n_units_l5;neg_slope;nesterov;num_hidden_layers;optim;scaler
0;2024-07-03 02:19:32.857298;0,3896222412586212;;relu;0,3166682726997531;0,7836670378391828;512;;0,9159232177305591;0,09759718776729598;0,020193162512913948;2195;17369;5099;batchnorm;;25;19,0;22,0;4,0;21,0;;;5;adam;normalizer
1;2024-07-03 02:21:17.762474;0,42383038997650146;;selu;0,9752675188945006;0,7363971614966521;64;0,25388751796870096;0,2068789661782045;0,0451947282088509;0,001783399131006683;2195;17369;5099;dropout;;24;8,0;4,0;16,0;;;;4;adam;normalizer
2;2024-07-03 02:24:39.025535;2766,093017578125;;selu;0,3547470082485068;0,8558235450864268;64;0,5515704569386833;0,5643984145966346;0,05955684191059944;0,6608800767033525;2195;17369;5099;dropout;;14;13,0;20,0;;;;;3;adam;normalizer
3;2024-07-03 02:27:04.733316;0,29605555534362793;;relu;;;512;;0,9462784143864617;0,005369906688988983;0,08376830139509024;2195;17369;5099;batchnorm;0,22300240794699558;16;;;;;;True;1;sgd;normalizer
4;2024-07-03 02:28:40.547566;1,0008889436721802;;relu;;;512;;0,30271937381258757;0,08959891805551672;0,0013323293143755748;2195;17369;5099;vanilla;0,011648260559630487;22;10,0;13,0;;;;False;3;sgd;maxabs
5;2024-07-03 02:31:12.652747;0,39446669816970825;;selu;;;512;0,5797762731677999;0,14089930174666504;0,022800046626200672;0,15694273035251927;2195;17369;5099;dropout;0,0010213613641201036;4;21,0;;;;;True;2;sgd;minmax
6;2024-07-03 02:32:50.787000;12,896147727966309;;leaky_relu;0,06350077721211139;0,0242954398283053;32;;0,4449811113689503;0,0735812826109018;0,17809527372187972;2195;17369;5099;batchnorm;;17;14,0;;;;0,02906411775069989;;2;adam;maxabs
7;2024-07-03 02:35:59.736582;0,3167000710964203;;selu;;;128;0,2407086696054491;0,9255200307814895;0,09691343378579285;0,5680851320514324;2195;17369;5099;dropout;0,5407453692817689;9;19,0;21,0;19,0;;;True;4;sgd;minmax
8;2024-07-03 02:37:51.006435;0,9893590807914734;;leaky_relu;0,48001023860585845;0,5470207386723185;16;;0,1799003610293884;0,02331391817211644;0,0010093430918200529;2195;17369;5099;batchnorm;;15;;;;;0,0829834643230222;;1;adam;minmax
9;2024-07-03 02:42:58.470693;0,375638484954834;;leaky_relu;;;128;0,20613666725797675;0,38036644825706184;0,06187043203555937;0,008920350432912883;2195;17369;5099;dropout;0,06345971168945905;8;16,0;18,0;22,0;19,0;0,07065719759983068;True;5;sgd;maxabs
10;2024-07-03 02:45:17.303806;0,39462631940841675;;relu;;;256;;0,7151795048229712;0,005025755314879499;0,08233309080193625;2195;17369;5099;vanilla;0,9680110615211017;30;;;;;;False;1;sgd;normalizer
11;2024-07-03 02:47:04.040309;0,24907180666923523;;relu;;;128;;0,9498310611772646;0,08041578975688107;0,8664862683139952;2195;17369;5099;batchnorm;0,6213914269609767;10;26,0;28,0;30,0;;;True;4;sgd;minmax
12;2024-07-03 02:49:55.885164;0,24470768868923187;;relu;;;128;;0,9740807834498604;0,07735744067925324;0,8638875981995002;2195;17369;5099;batchnorm;0,21826406940483845;11;28,0;29,0;28,0;;;True;4;sgd;minmax
13;2024-07-03 02:52:09.792006;0,23779484629631042;;relu;;;128;;0,8074995623910383;0,07650974046544885;0,9490064506209349;2195;17369;5099;batchnorm;0,17773633916835402;10;30,0;30,0;30,0;;;True;4;sgd;minmax
14;2024-07-03 02:55:11.466212;0,22836662828922272;;relu;;;128;;0,7483316628206755;0,07617936014999414;0,9980552497368383;2195;17369;5099;batchnorm;0,1110301151578454;3;30,0;30,0;30,0;;;True;4;sgd;minmax
15;2024-07-03 02:58:03.250061;0,47208723425865173;;relu;;;128;;0,7715270571772623;0,06884705442908945;0,2503448867045683;2195;17369;5099;batchnorm;0,06787062981742738;3;30,0;30,0;26,0;3,0;;True;5;sgd;minmax
16;2024-07-03 03:00:07.452607;0,4905933737754822;;relu;;;16;;0,64527852921196;0,08413978173080555;0,39214378848853815;2195;17369;5099;vanilla;0,026351510574090548;6;24,0;25,0;;;;False;3;sgd;minmax
17;2024-07-03 03:03:27.062398;0,47877371311187744;;relu;;;256;;0,7865865007846943;0,08762673108979704;0,3240720439776395;2195;17369;5099;batchnorm;0,15847412967907956;6;3,0;13,0;11,0;;;True;4;sgd;minmax
18;2024-07-03 03:05:14.095982;0,30735474824905396;;relu;;;32;;0,6024394750151892;0,06977675045774052;0,40582095755049974;2195;17369;5099;batchnorm;0,08580945724139874;12;24,0;25,0;;;;True;3;sgd;minmax
19;2024-07-03 03:09:01.141204;0,49942049384117126;;leaky_relu;;;128;;0,8303182958397783;0,05120743338384676;0,0960053630917271;2195;17369;5099;batchnorm;0,02689789190536525;19;30,0;4,0;24,0;29,0;0,005801157524441915;False;5;sgd;minmax
20;2024-07-03 03:11:01.339685;0,3541666269302368;;relu;;;128;;0,7018383587166911;0,07934340106593595;0,7339585628359342;2195;17369;5099;vanilla;0,315088335673793;6;24,0;;;;;True;2;sgd;maxabs
21;2024-07-03 03:13:04.462467;0,23912569880485535;;relu;;;128;;0,852920419499356;0,07736530524324658;0,9170733067417015;2195;17369;5099;batchnorm;0,1907524485135305;12;28,0;30,0;30,0;;;True;4;sgd;minmax
22;2024-07-03 03:15:10.069363;0,30635127425193787;;relu;;;128;;0,8219263341556422;0,06676315981705847;0,9386933236228696;2195;17369;5099;batchnorm;0,13663451006127406;13;27,0;26,0;30,0;;;True;4;sgd;minmax
23;2024-07-03 03:17:29.193641;0,45179739594459534;;relu;;;128;;0,8527466210419862;0,09016122867864647;0,37614887853673956;2195;17369;5099;batchnorm;0,2840070979847535;8;30,0;29,0;30,0;;;True;4;sgd;minmax
24;2024-07-03 03:19:32.338024;0,3164922595024109;;relu;;;128;;0,7050153061494121;0,07518033586615874;0,9622278442230395;2195;17369;5099;batchnorm;0,11527058886100076;19;27,0;25,0;;;;True;3;sgd;minmax
25;2024-07-03 03:22:47.586896;0,2775897681713104;;relu;;;128;;0,5222453359642922;0,08388566490546968;0,43028001729387183;2195;17369;5099;batchnorm;0,4436567083716333;3;21,0;30,0;25,0;4,0;;True;5;sgd;minmax
26;2024-07-03 03:25:26.018690;543358,25;;relu;0,9409498733227928;0,1885656347591182;32;;0,8403317402817325;0,06515012331610298;0,2219639552983578;2195;17369;5099;batchnorm;;12;25,0;27,0;22,0;;;;4;adam;minmax
27;2024-07-03 03:28:57.897853;0,36628422141075134;;relu;;;256;;0,8768553775637314;0,07697244612376289;0,52452826947373;2195;17369;5099;batchnorm;0,0514886228778618;7;28,0;23,0;27,0;;;True;4;sgd;minmax
28;2024-07-03 03:31:03.832093;0,4839169383049011;;leaky_relu;;;16;;0,7243413128488151;0,09960592070149843;0,2918322284028645;2195;17369;5099;vanilla;0,15382454893012784;10;30,0;30,0;18,0;12,0;0,09307864106929105;True;5;sgd;maxabs
29;2024-07-03 03:34:33.216893;0,31146708130836487;;selu;0,7795976502062258;0,9972710026533433;64;;0,8934457225153034;0,0929443875382147;0,5504222747761746;2195;17369;5099;batchnorm;;5;22,0;13,0;;;;;3;adam;minmax
30;2024-07-03 03:38:57.892798;0,5770077109336853;;relu;;;128;;0,7769466464428306;0,08369984007468709;0,16463647671338075;2195;17369;5099;batchnorm;0,3640167730300812;18;28,0;10,0;14,0;30,0;;False;5;sgd;normalizer
31;2024-07-03 03:41:11.387721;0,3855615556240082;;relu;;;128;;0,9884175229612056;0,07235483212120905;0,9422280532439653;2195;17369;5099;batchnorm;0,20714968337554904;11;28,0;28,0;28,0;;;True;4;sgd;minmax
32;2024-07-03 03:43:19.923276;0,2717127799987793;;relu;;;128;;0,913004492138868;0,07998344308500399;0,9879964392982945;2195;17369;5099;batchnorm;0,24004324228147136;14;26,0;28,0;28,0;;;True;4;sgd;minmax
33;2024-07-03 03:45:52.617446;0,4328860938549042;;relu;;;64;;0,9957503225781057;0,06042822577648434;0,5770867295420531;2195;17369;5099;batchnorm;0,10274133496381552;10;29,0;24,0;30,0;;;True;4;sgd;minmax
34;2024-07-03 03:49:18.993734;0,35145124793052673;;relu;0,6678237361766466;0,3548049097351742;128;;0,8681672851327912;0,07106439540886679;0,6358580033774517;2195;17369;5099;batchnorm;;21;22,0;27,0;;;;;3;adam;normalizer
35;2024-07-03 03:51:31.046909;0,3495666980743408;;selu;;;128;0,6836487760696683;0,923703329088799;0,054105876794854124;0,6361235383142668;2195;17369;5099;dropout;0,19285413305944782;15;26,0;30,0;27,0;12,0;;True;5;sgd;minmax
36;2024-07-03 03:53:58.198290;0,31679999828338623;;relu;;;512;;0,9911381455923454;0,09328106235265643;0,3338581287544879;2195;17369;5099;batchnorm;0,3684642029298428;13;28,0;23,0;23,0;;;True;4;sgd;minmax
37;2024-07-03 03:55:39.672863;457,6089172363281;;relu;0,03001796511618976;0,5382539680572752;64;;0,7879192437987035;0,07584704758653442;0,6774154560169454;2195;17369;5099;batchnorm;;28;18,0;27,0;28,0;;;;4;adam;normalizer
38;2024-07-03 03:58:09.347252;0,36367177963256836;;selu;;;128;;0,8945728570780799;0,08748743216258237;0,23333077298915517;2195;17369;5099;batchnorm;0,11484424532694465;8;10,0;30,0;;;;True;3;sgd;minmax
39;2024-07-03 04:00:04.022944;0,2993888854980469;;relu;;;512;0,11763038987075586;0,6286751176189793;0,07230907302429088;0,42231164749435174;2195;17369;5099;dropout;0,21641784919593723;16;23,0;19,0;25,0;;;True;4;sgd;maxabs
40;2024-07-03 04:01:42.575324;1,1549993753433228;;leaky_relu;0,6661948258807047;0,3563341360515482;32;;0,9576691147039861;0,06499712445855307;0,03250288980849197;2195;17369;5099;vanilla;;4;19,0;28,0;;;0,05418845065773591;;3;adam;minmax
41;2024-07-03 04:04:24.648197;0,26847949624061584;;relu;;;128;;0,9408119705197433;0,08022217333764183;0,9957122354985907;2195;17369;5099;batchnorm;0,6373920350368968;10;26,0;28,0;30,0;;;True;4;sgd;minmax
42;2024-07-03 04:06:19.998475;0,22770516574382782;;relu;;;128;;0,9516398855608648;0,07884988194934849;0,6698655801724762;2195;17369;5099;batchnorm;0,8173197308625978;11;29,0;26,0;30,0;;;True;4;sgd;minmax
43;2024-07-03 04:08:17.401855;0,22366668283939362;;relu;;;128;;0,8997705634684816;0,07567506834663788;0,7180516396839994;2195;17369;5099;batchnorm;0,7804001243819435;13;29,0;26,0;28,0;;;True;4;sgd;minmax
44;2024-07-03 04:10:19.897125;0,26640772819519043;;relu;;;128;0,39953456783844504;0,8847347752536435;0,07317874026040512;0,5017550206591129;2195;17369;5099;dropout;0,8117723331289756;14;29,0;26,0;28,0;24,0;;True;5;sgd;minmax
45;2024-07-03 04:12:16.405214;0,3771692216396332;;relu;;;128;;0,8381793106186441;0,0633093162335107;0,671044012741423;2195;17369;5099;batchnorm;0,5065974345103647;12;30,0;22,0;30,0;;;False;4;sgd;minmax
46;2024-07-03 04:14:19.961255;0,3270186185836792;;selu;;;16;;0,9321747229251668;0,06779201245455231;0,6918157054015867;2195;17369;5099;batchnorm;0,7427625544380383;16;27,0;;;;;True;2;sgd;normalizer
47;2024-07-03 04:26:37.668541;0,19310525059700012;;relu;;;256;;0,8042421986451693;0,0846591264324443;0,29532262797567205;2195;17369;5099;batchnorm;0,9833265979073642;9;14,0;15,0;;;;True;3;sgd;maxabs
48;2024-07-03 04:28:22.112855;0,24296844005584717;;relu;;;256;;0,7585380403260177;0,08480975361812816;0,31037382059303886;2195;17369;5099;batchnorm;0,9660774157166396;8;14,0;16,0;;;;True;3;sgd;maxabs
49;2024-07-03 04:30:08.809596;0,3800526559352875;;leaky_relu;;;256;0,3983151860095207;0,7973108666864882;0,09636191568754487;0,486096442066886;2195;17369;5099;dropout;0,5376645693260516;9;11,0;;;;0,09962914493378236;True;2;sgd;maxabs
50;2024-07-03 04:32:25.712418;0,36685261130332947;;relu;;;256;;0,7427165748544957;0,0889166761926651;0,19188118394780224;2195;17369;5099;vanilla;0,6992802437996136;7;16,0;17,0;;;;False;3;sgd;maxabs
51;2024-07-03 04:34:10.904354;0,3687368333339691;;relu;;;256;;0,825649679117236;0,0768817868248132;0,7593709450147057;2195;17369;5099;batchnorm;0,41623724458570815;11;12,0;10,0;3,0;;;True;4;sgd;maxabs
52;2024-07-03 04:36:31.507018;0,28848204016685486;;relu;;;128;;0,8772950155036092;0,08134309780344799;0,4707797673129399;2195;17369;5099;batchnorm;0,8907224314968095;13;7,0;16,0;;;;True;3;sgd;minmax
53;2024-07-03 04:38:50.012198;0,2717777490615845;;relu;;;512;;0,6695623734789055;0,06878373019421696;0,7900028506106962;2195;17369;5099;batchnorm;0,3254342423298215;5;29,0;14,0;26,0;;;True;4;sgd;maxabs
54;2024-07-03 04:40:32.992910;0,2617358863353729;;relu;;;128;;0,7580615975985954;0,07625292403759634;0,3111227769986691;2195;17369;5099;batchnorm;0,5649607218108903;9;14,0;21,0;11,0;;;True;4;sgd;minmax
55;2024-07-03 04:43:00.875607;0,24904105067253113;;relu;;;128;;0,9496016106481037;0,0843312435915212;0,7612768653204223;2195;17369;5099;batchnorm;0,44542720660406104;14;7,0;29,0;7,0;;;True;4;sgd;minmax
56;2024-07-03 04:45:20.893427;0,3941894769668579;;relu;;;256;;0,7971458849860503;0,07388436468955238;0,3894482033060541;2195;17369;5099;batchnorm;0,2731882038498861;11;25,0;10,0;;;;True;3;sgd;minmax
57;2024-07-03 04:47:06.258492;4027,637939453125;;relu;;;128;;0,8539147850231754;0,0806433086660104;0,487234595659405;2195;17369;5099;batchnorm;0,9899153676983149;15;29,0;26,0;21,0;;;True;4;sgd;minmax
58;2024-07-03 04:48:53.591706;213,88290405273438;;relu;0,18087658689293484;0,025490703716827046;16;;0,9143549511268826;0,06935503549441754;0,7806902571076313;2195;17369;5099;batchnorm;;9;15,0;20,0;29,0;12,0;;;5;adam;maxabs
59;2024-07-03 04:55:21.654226;0,4389874041080475;;leaky_relu;;;32;;0,8053993532503039;0,05800782300047058;0,5631960534588627;2195;17369;5099;batchnorm;0,6253798513828406;12;27,0;29,0;;;0,04083950027118821;False;3;sgd;minmax
60;2024-07-03 04:59:58.901766;0,49611029028892517;;selu;;;128;;0,6871042967176741;0,08731043283857068;0,24243928249385882;2195;17369;5099;vanilla;0,17905811791100854;7;30,0;;;;;True;2;sgd;minmax
61;2024-07-03 05:03:04.967435;0,4470421075820923;;relu;;;256;;0,7582236422518279;0,08403894063591148;0,3057345050943969;2195;17369;5099;batchnorm;0,9322145644797848;9;14,0;16,0;;;;True;3;sgd;maxabs
62;2024-07-03 05:05:35.193180;8,817848205566406;;relu;;;256;;0,7445244577824789;0,08581473384374605;0,3688817373416496;2195;17369;5099;batchnorm;0,9901305440594094;4;13,0;15,0;;;;True;3;sgd;maxabs
63;2024-07-03 05:07:14.032585;0,5666473507881165;;relu;;;256;;0,7244860562188329;0,0912845865280136;0,84699433267378;2195;17369;5099;batchnorm;0,6927366486179548;8;15,0;17,0;;;;True;3;sgd;maxabs
64;2024-07-03 05:09:17.546145;0,32502105832099915;;relu;;;256;;0,8495259272524822;0,07822774691337565;0,1283984985214176;2195;17369;5099;batchnorm;0,4733769841317609;11;12,0;18,0;26,0;;;True;4;sgd;maxabs
65;2024-07-03 05:11:03.634279;0,34400516748428345;;relu;;;128;;0,8139528224500253;0,08184391972729586;0,5856397959276866;2195;17369;5099;batchnorm;0,28049902141640143;6;9,0;13,0;20,0;;;True;4;sgd;maxabs
66;2024-07-03 05:14:06.564444;0,3415316045284271;;relu;;;256;;0,962520012817147;0,07841550529468501;0,965214819534052;2195;17369;5099;batchnorm;0,3643814776701942;13;17,0;11,0;24,0;;;True;4;sgd;normalizer
67;2024-07-03 05:17:04.065513;0,24626411497592926;;relu;;;128;;0,9028884923622884;0,08589532032538065;0,3984969673380778;2195;17369;5099;batchnorm;0,7294821693143292;10;29,0;7,0;;;;True;3;sgd;minmax
68;2024-07-03 05:20:34.019042;0,25198352336883545;;relu;;;64;;0,871996219302903;0,07157776740705343;0,2845312270532573;2195;17369;5099;batchnorm;0,07177150285954935;8;25,0;24,0;27,0;;;True;4;sgd;minmax
69;2024-07-03 05:25:13.755185;0,3730281591415405;;relu;;;128;;0,782268733172188;0,07469352373396733;0,5797111571108475;2195;17369;5099;batchnorm;0,5510393147122572;5;30,0;15,0;29,0;8,0;;True;5;sgd;maxabs
70;2024-07-03 05:27:30.851431;0,47014617919921875;;relu;0,4612266595076974;0,6889630311092172;128;0,4887708647660337;0,8204859815430069;0,08234566924371063;0,7874848697452316;2195;17369;5099;dropout;;12;3,0;29,0;;;;;3;adam;minmax
71;2024-07-03 05:29:27.216951;0,2540076673030853;;relu;;;128;;0,9749305953675951;0,07757881941920676;0,9939709414730222;2195;17369;5099;batchnorm;0,14895084154334517;11;28,0;29,0;29,0;;;True;4;sgd;minmax
72;2024-07-03 05:31:41.064667;0,3036538064479828;;relu;;;128;;0,9141281973684424;0,09007569004117852;0,6534708190615385;2195;17369;5099;batchnorm;0,2608756677404989;7;27,0;27,0;28,0;;;True;4;sgd;minmax
73;2024-07-03 05:34:36.135325;0,2848717272281647;;relu;;;128;;0,863714637399742;0,07940788348420814;0,46064949846955916;2195;17369;5099;batchnorm;0,1909420152224131;10;28,0;30,0;26,0;;;True;4;sgd;minmax
74;2024-07-03 05:37:33.096202;0,3179987668991089;;relu;;;32;;0,9712169363632561;0,07113610356252259;0,8011632358881571;2195;17369;5099;batchnorm;0,12458371438805316;14;29,0;26,0;30,0;;;True;4;sgd;minmax
75;2024-07-03 05:41:54.229898;0,4413444399833679;;relu;;;512;;0,9353245960429002;0,07411587802831227;0,5404830827919334;2195;17369;5099;batchnorm;0,38328814114442467;17;26,0;30,0;24,0;;;False;4;sgd;minmax
76;2024-07-03 05:43:33.877875;0,26967954635620117;;leaky_relu;;;128;;0,8482169779259615;0,08287823532098838;0,35968538676736744;2195;17369;5099;batchnorm;0,25088161214073057;10;30,0;25,0;;;0,06530647751954842;True;3;sgd;minmax
77;2024-07-03 05:47:56.720121;0,3673216998577118;;selu;;;16;;0,8927912644254111;0,08673837963091763;0,6526963741087235;2195;17369;5099;vanilla;0,10058085880252335;13;27,0;28,0;29,0;25,0;;True;5;sgd;normalizer
78;2024-07-03 05:52:35.493262;0,3668692111968994;;relu;;;128;;0,7815623785886734;0,09374776227894557;0,8506284330033158;2195;17369;5099;batchnorm;0,7747376312919215;12;18,0;;;;;True;2;sgd;minmax
79;2024-07-03 05:54:32.083226;3,161393642425537;;relu;0,18383509990698138;0,4030996539299554;64;;0,8322307231222469;0,07618335239783677;0,45690359720390616;2195;17369;5099;batchnorm;;9;28,0;27,0;27,0;;;;4;adam;maxabs
80;2024-07-03 05:56:58.139916;0,6503525972366333;;relu;;;256;;0,9467858616543349;0,06664563154698311;0,2818300703019027;2195;17369;5099;batchnorm;0,14571519549965162;3;15,0;12,0;15,0;;;True;4;sgd;minmax
81;2024-07-03 05:58:41.044518;0,31069231033325195;;relu;;;128;;0,8958710962628403;0,08478962322906383;0,4046996273802603;2195;17369;5099;batchnorm;0,7898119960815236;11;29,0;6,0;;;;True;3;sgd;minmax
82;2024-07-03 06:00:34.870174;0,23427946865558624;;relu;;;128;;0,9088680875940855;0,08879910039481616;0,6839527337070096;2195;17369;5099;batchnorm;0,6031339393083349;10;29,0;8,0;;;;True;3;sgd;minmax
83;2024-07-03 06:03:29.783512;0,25598207116127014;;relu;;;128;;0,9868984263573596;0,08141275145617458;0,693985092593151;2195;17369;5099;batchnorm;0,6015901150251878;24;28,0;3,0;;;;True;3;sgd;minmax
84;2024-07-03 06:06:07.021112;0,21683327853679657;;relu;;;128;;0,8799025087964399;0,08922951476229693;0,8720770929076865;2195;17369;5099;batchnorm;0,49831291301673547;10;30,0;8,0;;;;True;3;sgd;minmax
85;2024-07-03 06:08:16.264061;0,24144360423088074;;relu;;;128;;0,865016086736803;0,08935568924479154;0,8743708521686204;2195;17369;5099;batchnorm;0,48881182439265514;9;30,0;6,0;;;;True;3;sgd;minmax
86;2024-07-03 06:10:27.597995;0,2787512540817261;;relu;;;128;0,6741682919769192;0,8764994333402525;0,09101335076376917;0,9987985014785891;2195;17369;5099;dropout;0,5013618179488265;15;30,0;8,0;;;;True;3;sgd;minmax
87;2024-07-03 06:12:44.302070;0,3527461588382721;;relu;;;128;;0,8109645203240394;0,09473852707542009;0,6040270570429531;2195;17369;5099;batchnorm;0,3121547450128959;10;30,0;6,0;;;;True;3;sgd;minmax
88;2024-07-03 06:14:58.590507;0,37593844532966614;;relu;;;128;;0,9121988227401385;0,08854570018455644;0,7908135713385815;2195;17369;5099;batchnorm;0,420295833554797;9;29,0;;;;;True;2;sgd;minmax
89;2024-07-03 06:17:44.347090;0,28598976135253906;;relu;;;128;;0,8486952325406707;0,09837535248630762;0,5093417937987053;2195;17369;5099;batchnorm;0,6084881662328323;12;27,0;7,0;;;;False;3;sgd;minmax
90;2024-07-03 06:21:32.077198;0,5777257084846497;;leaky_relu;;;128;;0,9250914706826737;0,09639618944592293;0,8397235740628467;2195;17369;5099;batchnorm;0,33634771789761786;8;25,0;5,0;;;0,002936167478226663;True;3;sgd;minmax
91;2024-07-03 06:23:38.427187;0,29130250215530396;;relu;;;128;;0,7671578857389566;0,08896834381328647;0,6867469429237424;2195;17369;5099;batchnorm;0,8928676529079651;6;30,0;9,0;;;;True;3;sgd;minmax
92;2024-07-03 06:26:39.755073;0,2273307889699936;;relu;;;128;;0,8672708008754397;0,09215548090998232;0,8903370232177891;2195;17369;5099;batchnorm;0,7885808728890575;8;29,0;8,0;;;;True;3;sgd;minmax
93;2024-07-03 06:29:02.014569;0,3468358516693115;;relu;;;128;;0,8673090908967117;0,09093220561351237;0,866300776066832;2195;17369;5099;batchnorm;0,48541295825214836;7;;;;;;True;1;sgd;minmax
94;2024-07-03 06:31:00.717348;0,27273842692375183;;relu;;;128;;0,8323920174281644;0,09335238858613373;0,5978285252739528;2195;17369;5099;batchnorm;0,6860178753851857;11;29,0;8,0;;;;True;3;sgd;minmax
95;2024-07-03 06:32:59.751359;0,7297999262809753;;relu;;;128;;0,9324134894556293;0,08695178720807377;0,7290346666029147;2195;17369;5099;batchnorm;0,8291772593456105;9;28,0;4,0;;;;True;3;sgd;minmax
96;2024-07-03 06:35:17.056708;0,4523923695087433;;selu;;;128;;0,8857914763503342;0,07976306781621145;0,537663732970334;2195;17369;5099;vanilla;0,4122265014096175;10;30,0;8,0;;;;True;3;sgd;minmax
97;2024-07-03 06:37:16.391893;0,2481461614370346;;relu;;;128;;0,8069254709658282;0,09937629354025874;0,9082410938775558;2195;17369;5099;batchnorm;0,5844562965443737;7;27,0;7,0;;;;True;3;sgd;minmax
98;2024-07-03 06:40:03.543535;1176,7955322265625;;relu;0,6542655353516633;0,16793149878204994;128;;0,902006977745687;0,09193012824376723;0,7247149926330524;2195;17369;5099;batchnorm;;12;29,0;5,0;25,0;;;;4;adam;minmax
99;2024-07-03 06:42:45.252351;1,0029000043869019;;relu;;;512;;0,8540674002361006;0,09579017369056861;0,43964485337961595;2195;17369;5099;batchnorm;0,22656379030794382;13;28,0;6,0;;;;True;3;sgd;minmax
100;2024-07-03 06:44:25.238199;0,3845296800136566;;relu;;;32;;0,9560725599452242;0,08301478222459845;0,8793546191177342;2195;17369;5099;batchnorm;0,6907365531671745;21;26,0;21,0;;;;True;3;sgd;normalizer
101;2024-07-03 06:50:53.766956;0,2001105546951294;;relu;;;256;;0,7929467808148262;0,08595257437915284;0,6114852199201816;2195;17369;5099;batchnorm;0,9492989966191212;8;13,0;9,0;;;;True;3;sgd;maxabs
102;2024-07-03 06:53:14.101290;0,4342631697654724;;relu;;;256;;0,7949104536627163;0,0887514657469177;0,6304084123395306;2195;17369;5099;batchnorm;0,8378792379779698;9;13,0;9,0;;;;True;3;sgd;maxabs
103;2024-07-03 06:55:17.486578;0,36401596665382385;;relu;;;16;;0,8233563131224861;0,08521776393787553;0,7264736672726886;2195;17369;5099;batchnorm;0,5570341811480067;6;12,0;9,0;;;;True;3;sgd;minmax
104;2024-07-03 07:01:29.490217;1,2154572831402611e+31;;relu;;;128;;0,8702882566411245;0,07846434498559354;0,9917153477023817;2195;17369;5099;batchnorm;0,9864535563481812;8;30,0;11,0;;;;True;3;sgd;minmax
105;2024-07-03 07:02:58.556012;0,4772563874721527;;relu;;;128;;0,7388956593969082;0,09228992829033815;0,5511540600404277;2195;17369;5099;batchnorm;0,46883007275556;8;29,0;5,0;22,0;;;True;4;sgd;maxabs
106;2024-07-03 07:05:22.180355;0,35439470410346985;;relu;;;256;0,33483205291261187;0,8437606328571327;0,08142529774392741;0,8780493269005676;2195;17369;5099;dropout;0,7350605953762228;11;11,0;8,0;;;;True;3;sgd;minmax
107;2024-07-03 07:07:10.347218;0,7959671020507812;;relu;;;64;;0,8837034877076414;0,08663429911714338;0,5033962065252693;2195;17369;5099;batchnorm;0,6244231822263444;9;20,0;23,0;8,0;;;False;4;sgd;minmax
108;2024-07-03 07:09:52.572123;0,21818721294403076;;relu;;;128;;0,7760071916127221;0,07491525796057671;0,6117038625707634;2195;17369;5099;batchnorm;0,8682586765088335;10;29,0;11,0;;;;True;3;sgd;maxabs
109;2024-07-03 07:11:58.017682;0,26469743251800537;;leaky_relu;;;128;;0,7746850241089589;0,07364341055397841;0,6623138553303473;2195;17369;5099;batchnorm;0,8110181717700063;10;29,0;11,0;29,0;;0,02574972241005149;True;4;sgd;maxabs
110;2024-07-03 07:14:18.803273;0,237069234251976;;relu;;;128;;0,8022622981338285;0,07547576731366902;0,6004204472336815;2195;17369;5099;batchnorm;0,8704995292197059;11;28,0;10,0;;;;True;3;sgd;maxabs
111;2024-07-03 07:16:18.712724;123,73921966552734;;relu;;;128;;0,7976433122261053;0,07520024673660855;0,6107726649960575;2195;17369;5099;batchnorm;0,9871931132126337;11;28,0;10,0;;;;True;3;sgd;maxabs
112;2024-07-03 07:18:08.854415;0,4232128858566284;;relu;;;128;;0,8309314437204519;0,07805680306962258;0,7674198917368699;2195;17369;5099;batchnorm;0,8605790012810457;10;29,0;12,0;;;;True;3;sgd;maxabs
113;2024-07-03 07:20:23.671747;0,23242053389549255;;relu;;;128;;0,8110590793024516;0,07605684041702411;0,43657350594628086;2195;17369;5099;batchnorm;0,7085842813694149;14;27,0;9,0;;;;True;3;sgd;maxabs
114;2024-07-03 07:22:41.987861;0,34137436747550964;;relu;;;128;;0,7178519338381354;0,07223004848997917;0,43017819802515433;2195;17369;5099;batchnorm;0,653218651977119;14;27,0;9,0;;;;True;3;sgd;maxabs
115;2024-07-03 07:24:46.715068;0,26420000195503235;;relu;;;128;;0,7520584203747251;0,07012334960431925;0,3360180244063703;2195;17369;5099;batchnorm;0,7276681134388746;27;28,0;;;;;True;2;sgd;maxabs
116;2024-07-03 07:26:53.806639;0,5105316042900085;;relu;;;256;;0,7677534346412099;0,07626370596035946;0,4838746279033296;2195;17369;5099;batchnorm;0,5494471317376549;16;16,0;10,0;;;;True;3;sgd;maxabs
117;2024-07-03 07:29:15.082734;38386012160,0;;selu;;;128;;0,8100989340326167;0,08006373607040357;0,5452303633607012;2195;17369;5099;vanilla;0,8528916231343493;4;26,0;9,0;;;;True;3;sgd;maxabs
118;2024-07-03 07:35:27.334190;0,24568210542201996;;relu;0,845072781708778;0,6363099555917201;128;;0,7808973876138285;0,08267208677642586;0,4251493946675317;2195;17369;5099;batchnorm;;13;30,0;11,0;;;;;3;adam;maxabs
119;2024-07-03 07:38:24.293285;0,823711097240448;;relu;;;512;;0,7347920539365086;0,0734355174830789;0,35675498886320967;2195;17369;5099;batchnorm;0,747848092443776;11;29,0;12,0;;;;True;3;sgd;maxabs
120;2024-07-03 07:40:04.929429;0,29798975586891174;;relu;;;128;;0,8235646055662956;0,07574644264611735;0,6935215187360224;2195;17369;5099;batchnorm;0,6467518282372676;12;28,0;7,0;;;;True;3;sgd;maxabs
121;2024-07-03 07:42:19.299207;0,21648463606834412;;relu;;;128;;0,7929387314677019;0,07740694876042951;0,6171147120258593;2195;17369;5099;batchnorm;0,8067063891242109;12;29,0;29,0;27,0;;;True;4;sgd;maxabs
122;2024-07-03 07:44:29.448776;0,2529897391796112;;relu;;;128;;0,703638715585921;0,07906205373001747;0,607516453379098;2195;17369;5099;batchnorm;0,8748284571297162;15;30,0;8,0;;;;True;3;sgd;maxabs
123;2024-07-03 07:47:51.525967;0,23555384576320648;;relu;;;128;;0,7993820739705345;0,08376668384332854;0,7840562596385434;2195;17369;5099;batchnorm;0,5290540643843403;10;29,0;29,0;27,0;;;True;4;sgd;maxabs
124;2024-07-03 07:50:26.510725;0,7170512080192566;;relu;;;128;;0,7533302752494413;0,08405369903085033;0,4858926869725658;2195;17369;5099;batchnorm;0,9882078490632646;12;13,0;29,0;19,0;;;True;4;sgd;maxabs
125;2024-07-03 07:52:10.001291;0,3056769371032715;;relu;;;128;;0,7892260316694706;0,08103270840737409;0,7448127318091001;2195;17369;5099;batchnorm;0,5304792648413509;13;27,0;10,0;;;;True;3;sgd;maxabs
126;2024-07-03 07:54:37.557409;0,22881577908992767;;relu;;;256;;0,9109157473066354;0,08579273527973896;0,6024875355711942;2195;17369;5099;batchnorm;0,7922367716412213;11;29,0;28,0;24,0;;;True;4;sgd;maxabs
127;2024-07-03 07:56:32.590022;0,24208946526050568;;relu;;;256;;0,9204540351571863;0,0852349574575237;0,4318868009145374;2195;17369;5099;batchnorm;0,7038087880087538;10;29,0;28,0;23,0;;;True;4;sgd;maxabs
128;2024-07-03 07:59:03.378673;0,45719996094703674;;relu;;;256;0,10785886957319768;0,9407884479626543;0,08805962591835778;0,35712893340445817;2195;17369;5099;dropout;0,4402442730912726;10;29,0;28,0;27,0;;;True;4;sgd;maxabs
129;2024-07-03 08:00:51.753537;0,29267898201942444;;relu;;;256;;0,889619794230022;0,09040148875290319;0,7968527313638136;2195;17369;5099;batchnorm;0,6045056934180806;8;30,0;29,0;17,0;;;False;4;sgd;maxabs
130;2024-07-03 08:02:51.068358;0,50772625207901;;relu;;;256;;0,8449373648501719;0,08514481089625156;0,5412595289113061;2195;17369;5099;batchnorm;0,7546052671508067;11;29,0;26,0;25,0;;;True;4;sgd;maxabs
131;2024-07-03 08:04:53.105636;0,21943843364715576;;relu;;;128;;0,8135553295421739;0,08331667050952875;0,6976822355494483;2195;17369;5099;batchnorm;0,8233702450501198;11;28,0;30,0;26,0;;;True;4;sgd;maxabs
132;2024-07-03 08:07:03.082706;0,5075194835662842;;relu;;;32;;0,8981811158586313;0,08202419300101;0,9960007101610516;2195;17369;5099;batchnorm;0,6424496193121624;14;28,0;30,0;26,0;;;True;4;sgd;maxabs
133;2024-07-03 08:11:17.474411;0,28559228777885437;;relu;;;128;;0,8583105670577729;0,08687518310063637;0,6648706693767205;2195;17369;5099;batchnorm;0,7760342772135046;12;29,0;29,0;23,0;;;True;4;sgd;maxabs
134;2024-07-03 08:13:33.802913;0,21813683211803436;;relu;;;256;;0,7694475972869922;0,08365723210697071;0,8259377256531832;2195;17369;5099;batchnorm;0,5312426157656723;10;30,0;27,0;27,0;;;True;4;sgd;maxabs
135;2024-07-03 08:15:33.635008;0,24310526251792908;;relu;;;256;;0,9158098836434966;0,07780930760893438;0,5137020484943834;2195;17369;5099;batchnorm;0,9828252407841277;9;30,0;27,0;28,0;;;True;4;sgd;maxabs
136;2024-07-03 08:17:40.442705;0,3599105477333069;;relu;;;256;;0,727355771202292;0,07958595870483942;0,6654187143960522;2195;17369;5099;batchnorm;0,38413205720625;13;27,0;25,0;25,0;;;True;4;sgd;maxabs
137;2024-07-03 08:20:03.752231;0,3402789533138275;;relu;;;256;;0,6905177570932244;0,09331790961601971;0,8888051647291259;2195;17369;5099;batchnorm;0,8583450389494769;11;30,0;14,0;29,0;;;True;4;sgd;maxabs
138;2024-07-03 08:21:58.175490;0,32654210925102234;;leaky_relu;;;256;;0,7641498473874861;0,08814723681745988;0,3884557929555426;2195;17369;5099;batchnorm;0,6457144056102121;9;28,0;28,0;27,0;;0,07831360825908591;True;4;sgd;normalizer
139;2024-07-03 08:24:36.694756;0,27744802832603455;;relu;;;16;;0,8205023436703289;0,09064665569676696;0,588099703219568;2195;17369;5099;batchnorm;0,484914560918405;8;26,0;30,0;24,0;;;True;4;sgd;maxabs
140;2024-07-03 08:34:32.181591;27,30052375793457;;selu;0,5705219722051079;0,9352917921956011;256;;0,9664159861890776;0,0818958219117937;0,8284483210885246;2195;17369;5099;vanilla;;10;14,0;26,0;;;;;3;adam;maxabs
141;2024-07-03 08:36:18.600589;0,31195127964019775;;relu;;;128;;0,7863681327516409;0,08546896525529579;0,7301197266872055;2195;17369;5099;batchnorm;0,5456608058173331;10;29,0;27,0;26,0;;;True;4;sgd;maxabs
142;2024-07-03 08:38:35.532175;0,21849998831748962;;relu;;;128;;0,8355666783484669;0,08333779404007483;0,9997744799715724;2195;17369;5099;batchnorm;0,7602954276409539;11;30,0;29,0;28,0;;;True;4;sgd;maxabs
143;2024-07-03 08:41:18.648332;0,3912392258644104;;relu;;;64;;0,8343655847046171;0,08369662704374747;0,9756465453512885;2195;17369;5099;batchnorm;0,715968914830684;12;30,0;28,0;28,0;;;True;4;sgd;maxabs
144;2024-07-03 08:43:56.614085;0,277005136013031;;relu;;;128;;0,8688397769924082;0,08043014686016677;0,8639604009444105;2195;17369;5099;batchnorm;0,8193840444503968;11;30,0;30,0;30,0;;;True;4;sgd;maxabs
145;2024-07-03 08:46:13.563244;0,24119484424591064;;relu;;;128;;0,8153516480946065;0,08709400570326484;0,6741439236918676;2195;17369;5099;batchnorm;0,5952551303157666;12;29,0;29,0;28,0;;;True;4;sgd;maxabs
146;2024-07-03 08:48:38.871118;0,21626314520835876;;relu;;;256;;0,9039930346837868;0,07688390341187877;0,47545365649285726;2195;17369;5099;batchnorm;0,7737526856289508;11;30,0;27,0;29,0;;;True;4;sgd;maxabs
147;2024-07-03 08:50:48.338656;0,39225268363952637;;relu;;;256;;0,8495772364071822;0,07683534990570573;0,2627087265001458;2195;17369;5099;batchnorm;0,8913177485978384;13;4,0;26,0;29,0;;;True;4;sgd;maxabs
148;2024-07-03 08:52:47.860143;0,43595263361930847;;relu;;;256;;0,7707400526186227;0,07023672453117344;0,4874023372322292;2195;17369;5099;batchnorm;0,706952429286536;11;30,0;25,0;30,0;;;True;4;sgd;maxabs
149;2024-07-03 08:54:56.153082;1,4692895412445068;;relu;;;256;;0,8805841044013086;0,07339795508786827;0,5726517354731872;2195;17369;5099;batchnorm;0,993387734397822;12;28,0;28,0;27,0;;;True;4;sgd;maxabs
150;2024-07-03 08:56:41.754107;0,2844473421573639;;relu;;;256;;0,932934942386459;0,0788199461427153;0,4456916411230955;2195;17369;5099;batchnorm;0,770785630363971;9;30,0;27,0;29,0;;;True;4;sgd;maxabs
151;2024-07-03 08:59:34.584301;0,2377256453037262;;relu;;;128;;0,9076939028890079;0,08307973523649062;0,7673245241604427;2195;17369;5099;batchnorm;0,6549576587844149;7;29,0;8,0;28,0;;;True;4;sgd;maxabs
152;2024-07-03 09:02:15.783751;0,3047846257686615;;relu;;;128;;0,9530275803109841;0,0774777852636639;0,6256351756321791;2195;17369;5099;batchnorm;0,454056880048967;11;28,0;24,0;26,0;;;True;4;sgd;maxabs
153;2024-07-03 09:04:37.832957;0,4132368266582489;;relu;;;256;;0,8384207240568009;0,08982937512373121;0,858059923399759;2195;17369;5099;batchnorm;0,8064382584951256;10;29,0;19,0;30,0;;;True;4;sgd;maxabs
154;2024-07-03 09:06:36.848649;0,2405974268913269;;relu;;;128;;0,8653246570315397;0,0811348427507439;0,21337646042557457;2195;17369;5099;batchnorm;0,5654553188063669;9;30,0;27,0;28,0;;;True;4;sgd;normalizer
155;2024-07-03 09:09:51.106185;0,21602565050125122;;relu;;;128;;0,8873112441201425;0,09495364311922677;0,5391755781705772;2195;17369;5099;batchnorm;0,8852833642166021;11;27,0;7,0;26,0;;;True;4;sgd;maxabs
156;2024-07-03 09:11:58.841083;0,2611368000507355;;relu;;;256;;0,8927529796611512;0,09511297965147948;0,5224050781482772;2195;17369;5099;batchnorm;0,9083939255433552;13;27,0;7,0;25,0;;;False;4;sgd;maxabs
157;2024-07-03 09:13:46.603547;0,2810778021812439;;relu;;;512;;0,7424419567543603;0,07490347117616768;0,3094248822485141;2195;17369;5099;batchnorm;0,7840750869263644;12;23,0;29,0;26,0;;;True;4;sgd;maxabs
158;2024-07-03 09:16:44.505676;0,30079999566078186;;relu;;;128;0,5033639575584155;0,8181617200877546;0,09213088821756013;0,7376177224391;2195;17369;5099;dropout;0,69260142866509;11;11,0;30,0;29,0;;;True;4;sgd;maxabs
159;2024-07-03 09:18:53.457830;0,26611536741256714;;relu;;;128;;0,9966230658637005;0,09665546326049862;0,07039484299213172;2195;17369;5099;batchnorm;0,9756257741511334;14;27,0;9,0;27,0;;;True;4;sgd;maxabs
160;2024-07-03 09:21:46.332885;0,479767769575119;;relu;;;16;;0,7956331689846854;0,06859228554956001;0,4172688811831093;2195;17369;5099;batchnorm;0,843057690103131;11;28,0;28,0;24,0;;;True;4;sgd;maxabs
161;2024-07-03 09:30:16.382115;0,33098721504211426;;relu;;;128;;0,9296459551885606;0,09435480514691083;0,6294038409654582;2195;17369;5099;batchnorm;0,6035230680987048;10;29,0;8,0;;;;True;3;sgd;maxabs
162;2024-07-03 09:32:30.846638;0,25428715348243713;;relu;;;128;;0,9037513373570654;0,08606644844264903;0,9943833300671701;2195;17369;5099;batchnorm;0,7131998199466361;18;30,0;7,0;;;;True;3;sgd;maxabs
163;2024-07-03 09:34:43.150551;0,2539333403110504;;relu;;;128;;0,8718840890349572;0,08879212089969143;0,5419314571204173;2195;17369;5099;batchnorm;0,046865153752108674;10;28,0;8,0;30,0;;;True;4;sgd;maxabs
164;2024-07-03 09:38:26.413658;0,26228973269462585;;relu;;;128;;0,8540909005091645;0,09811316235791435;0,7373313843252027;2195;17369;5099;batchnorm;0,5028285827850533;11;29,0;6,0;27,0;;;True;4;sgd;minmax
165;2024-07-03 09:40:38.536742;0,3911905884742737;;relu;;;32;;0,9110330373766119;0,07202309141218437;0,8195481477132426;2195;17369;5099;batchnorm;0,40997749181034265;12;29,0;9,0;28,0;16,0;;True;5;sgd;maxabs
166;2024-07-03 09:45:43.921640;0,2776179313659668;;relu;;;128;;0,9488242608710296;0,08359297190677967;0,6382887660866308;2195;17369;5099;batchnorm;0,30979751521603155;9;30,0;7,0;;;;True;3;sgd;minmax
167;2024-07-03 09:49:05.222081;0,23475639522075653;;relu;;;128;;0,579069911233726;0,07974652197532632;0,46388144962453465;2195;17369;5099;batchnorm;0,8746217877363501;8;;;;;;True;1;sgd;maxabs
168;2024-07-03 09:51:28.412186;0,24549473822116852;;leaky_relu;0,8442575938892325;0,8424496975720644;256;;0,8857000179988863;0,09264078460297209;0,6943560216167256;2195;17369;5099;batchnorm;;10;27,0;27,0;12,0;;0,05596731643644041;;4;adam;minmax
169;2024-07-03 09:53:22.289576;0,36192312836647034;;relu;;;128;;0,778006207857426;0,07667667801759784;0,37873949781251653;2195;17369;5099;batchnorm;0,6309062811860641;12;29,0;30,0;;;;True;3;sgd;maxabs
170;2024-07-03 09:55:32.335671;inf;;selu;;;64;;0,8346561819951945;0,08733505417399617;0,5821331965531903;2195;17369;5099;vanilla;0,9939323419151048;11;30,0;14,0;25,0;;;True;4;sgd;minmax
171;2024-07-03 09:56:59.017324;0,28577691316604614;;relu;;;128;;0,5800656237656254;0,07934824889521923;0,46311559340402236;2195;17369;5099;batchnorm;0,8072811511290514;8;17,0;;;;;True;2;sgd;maxabs
172;2024-07-03 09:58:56.972061;0,3589487075805664;;relu;;;128;;0,5640595280587184;0,08182492345454584;0,497802273339501;2195;17369;5099;batchnorm;0,8412709689706994;3;12,0;28,0;26,0;;;True;4;sgd;maxabs
173;2024-07-03 10:01:15.831548;0,28460511565208435;;relu;;;128;;0,6556686889340705;0,07409494720193041;0,8614291824643349;2195;17369;5099;batchnorm;0,71797296405088;9;;;;;;True;1;sgd;maxabs
174;2024-07-03 10:03:41.610695;156,43739318847656;;relu;;;128;;0,7470687963460609;0,08514419644321804;0,5562987443256516;2195;17369;5099;batchnorm;0,9994301668201055;8;;;;;;True;1;sgd;maxabs
175;2024-07-03 10:05:39.869310;0,41152313351631165;;relu;;;128;;0,525212326624082;0,07942789698397297;0,32287343292180193;2195;17369;5099;batchnorm;0,5656084053866127;5;13,0;;;;;True;2;sgd;maxabs
176;2024-07-03 10:07:52.012895;0,2652512490749359;;relu;;;128;;0,712076125643117;0,08312532521971701;0,6848092355255054;2195;17369;5099;batchnorm;0,8692180127710185;7;;;;;;True;1;sgd;maxabs
177;2024-07-03 10:10:08.472795;0,359078973531723;;relu;;;256;;0,8122371739272661;0,08080732591809772;0,9868757460915761;2195;17369;5099;batchnorm;0,6485696728476488;10;28,0;;;;;True;2;sgd;maxabs
178;2024-07-03 10:11:52.382535;0,23597179353237152;;relu;;;128;;0,6216302489821935;0,07757367930928173;0,7840773545795819;2195;17369;5099;batchnorm;0,7979280073195523;11;29,0;29,0;29,0;;;True;4;sgd;minmax
179;2024-07-03 10:13:56.565176;0,41605645418167114;;relu;;;128;;0,4058327772833545;0,08991048283126159;0,43068746816336406;2195;17369;5099;batchnorm;0,712233875928951;15;26,0;9,0;28,0;16,0;;False;5;sgd;maxabs
180;2024-07-03 10:17:16.029673;0,48314738273620605;;relu;;;256;;0,7623329131583407;0,07498020619733459;0,6096231212182097;2195;17369;5099;batchnorm;0,5162702307497643;9;15,0;8,0;22,0;;;True;4;sgd;maxabs
181;2024-07-03 10:19:28.593471;0,21742306649684906;;relu;;;128;;0,7973607988360956;0,0842687800049111;0,8401469328305603;2195;17369;5099;batchnorm;0,34791772365586376;10;30,0;29,0;27,0;;;True;4;sgd;maxabs
182;2024-07-03 10:22:49.103172;0,2388000190258026;;relu;;;128;;0,7962165209351981;0,08583994519440284;0,8519070427408333;2195;17369;5099;batchnorm;0,6355720195266809;10;30,0;30,0;27,0;;;True;4;sgd;maxabs
183;2024-07-03 10:25:20.518393;0,2183513194322586;;relu;;;128;;0,7833761055380858;0,08814149502515316;0,7105634175652575;2195;17369;5099;batchnorm;0,8806329262672126;10;30,0;29,0;26,0;;;True;4;sgd;maxabs
184;2024-07-03 10:27:26.996035;0,2256743609905243;;relu;;;128;;0,7799786845991723;0,08829733708923537;0,7296077320403479;2195;17369;5099;batchnorm;0,7540385727249239;10;30,0;29,0;26,0;;;True;4;sgd;normalizer
185;2024-07-03 10:29:35.012066;0,2706410586833954;;relu;;;128;;0,7817887783628517;0,08745586966672854;0,7483176277023088;2195;17369;5099;batchnorm;0,36307882330360763;11;30,0;29,0;26,0;;;True;4;sgd;normalizer
186;2024-07-03 10:32:26.765833;0,24343585968017578;;relu;;;128;;0,8081376466760919;0,08403077176651116;0,8797532709561569;2195;17369;5099;batchnorm;0,7400737429998155;13;30,0;29,0;25,0;;;True;4;sgd;normalizer
187;2024-07-03 10:34:42.701195;0,2933153808116913;;relu;;;128;;0,762980523148681;0,09115648438515608;0,683875867444526;2195;17369;5099;batchnorm;0,1570077375538385;10;29,0;28,0;27,0;;;True;4;sgd;normalizer
188;2024-07-03 10:37:35.083577;0,3142737150192261;;relu;;;256;0,32696316428482275;0,7820216784444356;0,08862651652006945;0,9924143900097006;2195;17369;5099;dropout;0,9130927136730939;12;30,0;30,0;24,0;;;True;4;sgd;normalizer
189;2024-07-03 10:39:16.348836;0,2364794909954071;;relu;;;128;;0,8309549071567216;0,0858813823017825;0,7840628207050006;2195;17369;5099;batchnorm;0,22088762480029683;11;30,0;27,0;28,0;;;True;4;sgd;normalizer
190;2024-07-03 10:42:05.512312;0,23427176475524902;;relu;;;128;;0,7307703102562966;0,09433813073894728;0,5748778926210004;2195;17369;5099;batchnorm;0,13029977966144674;9;28,0;28,0;29,0;;;True;4;sgd;maxabs
191;2024-07-03 10:46:20.301584;0,24246665835380554;;relu;;;128;;0,7369461812901605;0,09548100702795818;0,5856671043645573;2195;17369;5099;batchnorm;0,10456052819196189;9;29,0;28,0;29,0;;;True;4;sgd;maxabs
192;2024-07-03 10:49:24.033350;0,34490513801574707;;relu;;;128;;0,7938462215722348;0,09409105973846013;0,5231326905516556;2195;17369;5099;batchnorm;0,18087494880926763;10;28,0;29,0;27,0;;;True;4;sgd;maxabs
193;2024-07-03 10:51:59.606165;0,2170409858226776;;relu;;;128;;0,7637398338857706;0,09123232925360138;0,6685293857534474;2195;17369;5099;batchnorm;0,7808990883647069;9;30,0;29,0;29,0;;;True;4;sgd;maxabs
194;2024-07-03 10:53:56.309307;0,2200128138065338;;relu;;;128;;0,8126626187041823;0,09170431135288393;0,6618082994669454;2195;17369;5099;batchnorm;0,8242739010260478;10;30,0;30,0;26,0;;;True;4;sgd;maxabs
195;2024-07-03 10:56:09.717729;0,22204360365867615;;relu;;;128;;0,7730818684999028;0,09230137035579572;0,8797380476439493;2195;17369;5099;batchnorm;0,7896972257133105;10;30,0;30,0;26,0;;;True;4;sgd;maxabs
196;2024-07-03 10:58:57.049949;0,22080513834953308;;relu;;;128;;0,7627846481853201;0,09051863038389708;0,8761194805614877;2195;17369;5099;batchnorm;0,89607366998741;10;30,0;30,0;26,0;;;True;4;sgd;maxabs
197;2024-07-03 11:01:31.226680;0,3910461962223053;;relu;;;128;;0,7670157344630979;0,09190378282683229;0,8049925976001422;2195;17369;5099;batchnorm;0,8970037089951671;10;30,0;30,0;26,0;;;True;4;sgd;maxabs
198;2024-07-03 11:03:36.854597;5406994202624,0;;relu;;;128;;0,7540036587191706;0,09088407533575558;0,7141698482831014;2195;17369;5099;batchnorm;0,9978016392375713;9;30,0;29,0;26,0;;;True;4;sgd;maxabs
199;2024-07-03 11:05:11.717810;5,847928047180176;;relu;0,3782800550032427;0,6394043932045754;128;;0,7902814404613709;0,08972515248215504;0,8874142590540284;2195;17369;5099;batchnorm;;8;30,0;30,0;25,0;;;;4;adam;maxabs
200;2024-07-03 11:07:30.473635;0,2212076634168625;;leaky_relu;;;128;;0,8208274411161475;0,0927259182310655;0,6893754565300825;2195;17369;5099;batchnorm;0,7711539121936642;10;30,0;30,0;27,0;;0,04106788094994417;True;4;sgd;maxabs
201;2024-07-03 11:09:39.669598;0,21456921100616455;;leaky_relu;;;128;;0,8240944158953823;0,09698583756120428;0,7544527508867005;2195;17369;5099;batchnorm;0,7773794914863297;10;30,0;30,0;27,0;;0,04371016906963754;True;4;sgd;maxabs
202;2024-07-03 11:12:51.672764;0,33752307295799255;;leaky_relu;;;128;;0,818754675013162;0,09752489575635533;0,7516500421948105;2195;17369;5099;batchnorm;0,7675670085768576;9;30,0;30,0;27,0;;0,040561228349441245;True;4;sgd;maxabs
203;2024-07-03 11:15:20.980804;0,24183079600334167;;leaky_relu;;;128;;0,8397902133721215;0,0931799473536998;0,860865779244791;2195;17369;5099;batchnorm;0,6754968554540256;10;30,0;30,0;26,0;;0,04535106746998447;True;4;sgd;maxabs
204;2024-07-03 11:17:27.306371;0,3082461357116699;;leaky_relu;;;128;;0,7774861011784675;0,0957559497466763;0,6568817337397652;2195;17369;5099;batchnorm;0,8650750126005016;9;30,0;29,0;27,0;;0,06084904195099236;True;4;sgd;maxabs
205;2024-07-03 11:19:35.337847;0,22583846747875214;;leaky_relu;;;128;;0,804882904109377;0,09203361426319866;0,8724243297023876;2195;17369;5099;batchnorm;0,7488709657631507;10;29,0;30,0;28,0;;0,030153915171078103;True;4;sgd;maxabs
206;2024-07-03 11:21:47.633451;0,30250510573387146;;leaky_relu;;;128;;0,804186747111821;0,09988592312609607;0,72926671297134;2195;17369;5099;batchnorm;0,5864523434445411;10;29,0;30,0;28,0;;0,031497888570091684;True;4;sgd;maxabs
207;2024-07-03 11:23:46.921599;0,2301410585641861;;leaky_relu;;;128;;0,8252030719763621;0,09750927046165228;0,9940412983570982;2195;17369;5099;batchnorm;0,7481151413149759;10;30,0;29,0;28,0;;0,01879388896397771;True;4;sgd;maxabs
208;2024-07-03 11:26:07.077070;0,3973923325538635;;leaky_relu;;;128;;0,7931102377900686;0,09248119483764625;0,8035609166566775;2195;17369;5099;batchnorm;0,8973347083814877;10;30,0;30,0;26,0;;0,04880850037214398;True;4;sgd;maxabs
209;2024-07-03 11:28:08.479965;0,24174444377422333;;leaky_relu;;;512;;0,7707539473929423;0,08968782791680195;0,010713203545012106;2195;17369;5099;batchnorm;0,6666279612751228;11;29,0;29,0;27,0;;0,03677097398330963;True;4;sgd;maxabs
210;2024-07-03 11:29:45.525041;0,5856398940086365;;leaky_relu;;;32;;0,8074780071095488;0,09429230229745626;0,6493594987581326;2195;17369;5099;vanilla;0,7823955087657746;9;29,0;30,0;25,0;;0,048446198265214374;True;4;sgd;maxabs
211;2024-07-03 11:32:48.449536;0,22901023924350739;;leaky_relu;;;128;;0,8490224111122278;0,09153898113343518;0,8928489987216;2195;17369;5099;batchnorm;0,8371510493423854;10;29,0;29,0;26,0;;0,01925785464922851;True;4;sgd;maxabs
212;2024-07-03 11:36:27.287555;0,26064616441726685;;leaky_relu;;;128;;0,7535386819119468;0,08798438856700383;0,7356541331302567;2195;17369;5099;batchnorm;0,7374259721729317;10;30,0;30,0;27,0;;0,042735850388548935;True;4;sgd;maxabs
213;2024-07-03 11:38:37.885033;0,3654615581035614;;leaky_relu;;;128;;0,8302242740972745;0,09291983070276437;0,148009275654183;2195;17369;5099;batchnorm;0,6026346478370139;9;30,0;30,0;28,0;;0,035689729483685595;True;4;sgd;maxabs
214;2024-07-03 11:43:46.203717;7,455631270838303e+22;;leaky_relu;;;128;;0,7845764572605395;0,09046261256499373;0,8841392830009265;2195;17369;5099;batchnorm;0,9950804343139132;11;29,0;29,0;27,0;;0,052663508379492595;True;4;sgd;maxabs
215;2024-07-03 11:45:15.543452;0,24917687475681305;;leaky_relu;;;128;;0,8576723290997356;0,09618170456742862;0,6425160869427637;2195;17369;5099;batchnorm;0,5174323007266959;8;30,0;30,0;26,0;;0,03489926783387418;True;4;sgd;maxabs
216;2024-07-03 11:49:31.196735;0,2445307970046997;;selu;;;128;;0,8222744179072309;0,08799966255364366;0,8001158967437296;2195;17369;5099;batchnorm;0,01189253007132966;10;29,0;29,0;25,0;;;True;4;sgd;maxabs
217;2024-07-03 11:53:01.693910;0,2115153968334198;;leaky_relu;;;128;;0,8019029534112788;0,09173971724519042;0,6951194485788456;2195;17369;5099;batchnorm;0,8694043162944469;11;30,0;30,0;28,0;;0,027466086471429556;True;4;sgd;maxabs
218;2024-07-03 11:55:12.659538;0,19206279516220093;;leaky_relu;;;16;;0,802123144222691;0,08973736553821955;0,5569104953376155;2195;17369;5099;batchnorm;0,8842015011434865;11;30,0;30,0;28,0;;0,028561845168744916;True;4;sgd;maxabs
219;2024-07-03 12:05:45.010974;inf;;leaky_relu;;;16;;0,778235958646098;0,08952067595820455;0,5338063690000879;2195;17369;5099;batchnorm;0,8854555732016465;11;30,0;29,0;29,0;;0,026347056371222297;False;4;sgd;maxabs
220;2024-07-03 12:07:29.628643;0,19868451356887817;;leaky_relu;;;16;;0,7514100195797924;0,08696594983908795;0,6109759169224338;2195;17369;5099;batchnorm;0,879618733033822;12;30,0;30,0;27,0;;0,04565954552438414;True;4;sgd;maxabs
221;2024-07-03 12:13:35.852069;inf;;leaky_relu;;;16;;0,7515937370375264;0,08674486125448722;0,600755844058626;2195;17369;5099;batchnorm;0,9874812648263837;12;30,0;30,0;27,0;;0,04352836139137324;True;4;sgd;maxabs
222;2024-07-03 12:15:25.031194;66641,4921875;;leaky_relu;;;16;;0,7225440744099686;0,08811679857959333;0,6657789056908037;2195;17369;5099;batchnorm;0,8681555307381229;11;30,0;29,0;28,0;;0,04768480625889195;True;4;sgd;maxabs
223;2024-07-03 12:21:43.894118;0,396933913230896;;leaky_relu;;;16;;0,7693028178109876;0,048235863070745795;0,5124079815952095;2195;17369;5099;batchnorm;0,6770898856000337;11;30,0;30,0;27,0;;0,03611117152842547;True;4;sgd;maxabs
224;2024-07-03 12:27:03.003715;0,25413045287132263;;leaky_relu;;;16;;0,7931653868425744;0,0850434266304637;0,6090533134551573;2195;17369;5099;batchnorm;0,8111784406670788;11;30,0;29,0;26,0;;0,023395506928309537;True;4;sgd;maxabs
225;2024-07-03 12:33:17.373772;inf;;leaky_relu;;;16;;0,8056744990266983;0,06217170552880601;0,7180874598565982;2195;17369;5099;batchnorm;0,8789624091302741;12;29,0;30,0;28,0;;0,030543449389667857;True;4;sgd;maxabs
226;2024-07-03 12:35:03.917392;0,2631451487541199;;leaky_relu;;;16;;0,7420067877787431;0,09013185775323708;0,696569780369071;2195;17369;5099;batchnorm;0,672146491201016;11;30,0;18,0;26,0;;0,0402543433415118;True;4;sgd;maxabs
227;2024-07-03 12:44:44.444067;0,234200581908226;;leaky_relu;;;16;;0,7746394828874419;0,09429914037682821;0,5058697437547981;2195;17369;5099;batchnorm;0,7771893309922887;10;30,0;30,0;29,0;;0,055714625215339306;True;4;sgd;maxabs
228;2024-07-03 12:52:32.790351;0,4795645773410797;;leaky_relu;;;64;;0,8197755762804769;0,08718821240047568;0,09959720558997036;2195;17369;5099;batchnorm;0,44367201387896443;10;29,0;28,0;27,0;;0,01201801191617137;True;4;sgd;maxabs
229;2024-07-03 12:57:57.407437;0,2923348844051361;;relu;;;16;;0,7927327597115448;0,08446794264057109;0,5657438033065127;2195;17369;5099;batchnorm;0,5778231158347652;11;30,0;29,0;26,0;;;True;4;sgd;maxabs
230;2024-07-03 13:10:44.188016;0,4508180022239685;;relu;;;128;0,4590881467437068;0,6758339301637283;0,09112666115650761;0,7604424844004237;2195;17369;5099;dropout;0,9132255305471463;9;13,0;30,0;25,0;;;True;4;sgd;maxabs
231;2024-07-03 13:12:48.593455;0,23197178542613983;;leaky_relu;;;128;;0,8055729372765542;0,09159797233407993;0,25254906049355874;2195;17369;5099;batchnorm;0,7455821052003208;10;29,0;30,0;28,0;;0,028059770881576525;True;4;sgd;maxabs
232;2024-07-03 13:15:33.399771;inf;;leaky_relu;;;128;;0,7603585291288308;0,09304416550270883;0,9969360150051206;2195;17369;5099;batchnorm;0,9961815600656753;10;29,0;15,0;28,0;;0,031379274115773084;True;4;sgd;maxabs
233;2024-07-03 13:16:57.351012;0,29454609751701355;;leaky_relu;;;128;;0,8166554682462327;0,042486801745725646;0,8151916241976189;2195;17369;5099;batchnorm;0,7616910963074617;12;30,0;29,0;27,0;;0,038750329997737414;True;4;sgd;maxabs
234;2024-07-03 13:19:29.831248;0,2737666964530945;;leaky_relu;;;128;;0,8357847113250138;0,08910004307355496;0,6274291464793413;2195;17369;5099;batchnorm;0,6676316276923953;10;30,0;30,0;28,0;;0,03229858307955879;True;4;sgd;maxabs
235;2024-07-03 13:21:55.170483;0,2164769321680069;;leaky_relu;;;128;;0,789617506089302;0,09615757329019943;0,8710422248964357;2195;17369;5099;batchnorm;0,8173487637849062;11;29,0;30,0;29,0;;0,04502009365236419;True;4;sgd;maxabs
236;2024-07-03 13:24:49.434818;0,6100642085075378;;relu;;;128;;0,782651990900997;0,09790182386290217;0,028471695110925548;2195;17369;5099;batchnorm;0,8581774486991831;12;29,0;28,0;29,0;;;True;4;sgd;maxabs
237;2024-07-03 13:28:05.737494;3706275072,0;;relu;;;128;;0,7645708253356623;0,09544392494227161;0,7001016027249263;2195;17369;5099;batchnorm;0,9918695614483745;11;30,0;30,0;27,0;;;True;4;sgd;maxabs
238;2024-07-03 13:29:45.266668;36,647865295410156;;leaky_relu;0,551371901142208;0,45193749795554133;128;;0,7005925508730353;0,0965551993328556;0,7905534631630501;2195;17369;5099;batchnorm;;11;29,0;29,0;29,0;;0,04426250329205189;;4;adam;normalizer
239;2024-07-03 13:32:01.164057;0,32765641808509827;;relu;;;128;;0,7416679708181054;0,0999000237588765;0,5581689202001272;2195;17369;5099;batchnorm;0,2577232834063961;9;30,0;29,0;26,0;;;True;4;sgd;maxabs
240;2024-07-03 13:35:11.248823;0,26447367668151855;;relu;;;256;;0,7877701143695199;0,08214107486423655;0,6538418119197097;2195;17369;5099;batchnorm;0,8092917922239343;11;28,0;30,0;30,0;;;True;4;sgd;maxabs
241;2024-07-03 13:37:42.427252;0,2526795268058777;;leaky_relu;;;128;;0,8039009552786746;0,09334359295036229;0,9051575706232012;2195;17369;5099;batchnorm;0,7168218277054488;10;29,0;30,0;28,0;;0,05025033825540735;True;4;sgd;maxabs
242;2024-07-03 13:39:46.063253;0,3402794599533081;;leaky_relu;;;128;;0,8032618673447649;0,09199709588151078;0,8372783338061436;2195;17369;5099;batchnorm;0,7959859246820772;10;29,0;29,0;6,0;;0,04191281808529596;True;4;sgd;maxabs
243;2024-07-03 13:41:59.491722;0,3685000240802765;;leaky_relu;;;128;;0,2658071589299089;0,08663194794022126;0,7299182244502135;2195;17369;5099;batchnorm;0,6319507037453771;10;30,0;30,0;27,0;;0,037379600643104104;True;4;sgd;maxabs
244;2024-07-03 13:44:12.970209;0,2143794298171997;;leaky_relu;;;128;;0,8497649951319138;0,0947383600679873;0,8758897055286631;2195;17369;5099;batchnorm;0,8778678312245234;11;29,0;30,0;28,0;;0,04590448165768664;True;4;sgd;maxabs
245;2024-07-03 13:47:22.970630;0,37020254135131836;;leaky_relu;;;128;;0,8462470305635339;0,09467926178125498;0,6328884583495682;2195;17369;5099;batchnorm;0,07849012881260539;11;30,0;29,0;29,0;;0,045723101005957355;True;4;sgd;maxabs
246;2024-07-03 13:51:47.529864;0,2130461484193802;;relu;;;128;;0,8765811043242548;0,09755816600739498;0,7557742199062332;2195;17369;5099;batchnorm;0,8865347525399435;12;30,0;30,0;28,0;;;True;4;sgd;maxabs
247;2024-07-03 13:54:31.041576;0,7323221564292908;;relu;;;512;;0,8845426433010791;0,09638172822329971;0,18526058885625485;2195;17369;5099;batchnorm;0,9009262325432166;12;29,0;30,0;28,0;;;True;4;sgd;maxabs
248;2024-07-03 13:56:18.700516;0,2763025462627411;;leaky_relu;;;128;;0,8614804332719807;0,09801993018739608;0,900449366817139;2195;17369;5099;batchnorm;0,8797082758218485;12;14,0;30,0;29,0;;0,05247568669426421;True;4;sgd;maxabs
249;2024-07-03 13:58:39.255025;0,8004950284957886;;relu;;;128;;0,8305839538441739;0,0947452976523851;0,0017417769262319074;2195;17369;5099;batchnorm;0,9927021183687459;11;30,0;30,0;27,0;;;True;4;sgd;maxabs
250;2024-07-03 14:00:58.603952;0,21120525896549225;;relu;;;256;;0,8741866154364082;0,09849510085115747;0,787349036052307;2195;17369;5099;batchnorm;0,8503975985127619;12;28,0;28,0;28,0;;;True;4;sgd;maxabs
251;2024-07-03 14:03:05.909707;0,35158419609069824;;relu;;;256;;0,8753328206960543;0,09949316316033383;0,7733640572412529;2195;17369;5099;batchnorm;0,2907018959443857;12;28,0;29,0;28,0;;;True;4;sgd;maxabs
252;2024-07-03 14:05:17.841303;0,24279473721981049;;selu;;;256;;0,8516693641893531;0,09766854624374147;0,22820043315150734;2195;17369;5099;vanilla;0,8653521748340077;11;19,0;20,0;27,0;;;True;4;sgd;maxabs
253;2024-07-03 14:06:57.180509;0,5032368898391724;;leaky_relu;;;256;;0,8324367781479299;0,09708918894763235;0,04799294068756709;2195;17369;5099;batchnorm;0,34826142291680856;12;28,0;28,0;29,0;;0,05997093419112208;True;4;sgd;maxabs
254;2024-07-03 14:08:50.989979;0,26956841349601746;;relu;;;256;;0,8686221532225535;0,09539201817490041;0,9586171534384905;2195;17369;5099;batchnorm;0,6702116514828924;9;30,0;30,0;30,0;;;True;4;sgd;maxabs
255;2024-07-03 14:11:10.369607;0,4242999851703644;;relu;;;256;;0,8295474471065094;0,09346631903122514;0,4763991345562087;2195;17369;5099;batchnorm;0,8315003175398124;30;29,0;17,0;25,0;;;False;4;sgd;maxabs
256;2024-07-03 14:13:12.122632;inf;;relu;;;16;;0,8507431092941244;0,08339939586740235;0,5747746968707381;2195;17369;5099;batchnorm;0,9934783349619107;11;30,0;29,0;27,0;;;True;4;sgd;maxabs
257;2024-07-03 14:14:59.078611;0,2605489492416382;;leaky_relu;;;32;;0,8917885859468768;0,09898638466273818;0,37879149019400205;2195;17369;5099;batchnorm;0,6021790619522083;13;29,0;28,0;28,0;;0,04667222965533425;True;4;sgd;maxabs
258;2024-07-03 14:18:41.497480;0,30999475717544556;;relu;;;256;;0,8141722371625119;0,08998485849872612;0,7907362777711587;2195;17369;5099;batchnorm;0,733909527522602;11;28,0;29,0;27,0;;;True;4;sgd;maxabs
259;2024-07-03 14:20:42.351213;0,2755538821220398;;relu;;;128;;0,7591386184899992;0,09628478016102017;0,1537669360680942;2195;17369;5099;batchnorm;0,002147052538310352;12;30,0;30,0;29,0;;;True;4;sgd;maxabs
260;2024-07-03 14:23:02.106599;0,3736872971057892;;relu;;;64;;0,7919595421176487;0,08550173191416223;0,005340291983526992;2195;17369;5099;batchnorm;0,5170401775082946;9;30,0;30,0;28,0;;;True;4;sgd;maxabs
261;2024-07-03 14:26:28.087955;0,27434617280960083;;leaky_relu;;;128;;0,8396102803544543;0,09314669551227081;0,6621691057544512;2195;17369;5099;batchnorm;0,8662924365776755;9;12,0;13,0;26,0;;0,04021771455183233;True;4;sgd;maxabs
262;2024-07-03 14:28:35.733216;0,2196512669324875;;relu;;;128;;0,1164434187628397;0,0912742664390318;0,9992608873191159;2195;17369;5099;batchnorm;0,6919651683663267;11;29,0;28,0;26,0;;;True;4;sgd;maxabs
263;2024-07-03 14:32:42.626000;0,36271578073501587;;relu;0,9912663792879248;0,9996784708114357;256;;0,23523222088393747;0,08923444070376728;0,12200474037623928;2195;17369;5099;batchnorm;;12;29,0;28,0;17,0;;;;4;adam;maxabs
264;2024-07-03 14:34:35.850359;0,6692540049552917;;relu;;;16;0,5924898643966413;0,1389618470655008;0,08294859308469248;0,9509632177188931;2195;17369;5099;dropout;0,6634843596507806;11;28,0;28,0;28,0;;;True;4;sgd;maxabs
265;2024-07-03 14:39:23.922175;0,21792557835578918;;leaky_relu;;;128;;0,365092793687539;0,06565229708088556;0,5171903952598182;2195;17369;5099;batchnorm;0,5548154303979872;11;13,0;29,0;14,0;;0,050562101441086006;True;4;sgd;maxabs
266;2024-07-03 14:43:03.848980;0,3741820454597473;;relu;;;128;;0,4231019956187467;0,06316010193242143;0,47579477068344617;2195;17369;5099;batchnorm;0,4616259650977994;11;13,0;27,0;10,0;;;True;4;sgd;maxabs
267;2024-07-03 14:45:30.203975;0,27682822942733765;;relu;;;128;;0,16826587639336998;0,06819105084403515;0,21342104351305546;2195;17369;5099;batchnorm;0,5530561835981418;12;13,0;28,0;13,0;;;True;4;sgd;maxabs
268;2024-07-03 14:49:14.656507;0,2252684384584427;;leaky_relu;;;256;;0,677166956501481;0,07239104737884149;0,9985854216278511;2195;17369;5099;batchnorm;0,6002356320461091;13;14,0;29,0;13,0;;0,05243105580594277;True;4;sgd;maxabs
269;2024-07-03 14:51:14.706702;0,25234097242355347;;relu;;;128;;0,39390766888430884;0,07062019556797668;0,5335053545864544;2195;17369;5099;batchnorm;0,7000398520307158;11;12,0;29,0;30,0;;;True;4;sgd;maxabs
270;2024-07-03 14:53:45.939579;0,278394877910614;;relu;;;128;;0,32029519812653834;0,08463164112000436;0,34193441533310576;2195;17369;5099;batchnorm;0,8786601253700745;12;29,0;22,0;16,0;;;True;4;sgd;maxabs
271;2024-07-03 14:55:49.181751;0,2779589891433716;;leaky_relu;;;128;;0,5468267558404791;0,08158092568965797;0,42241420926637446;2195;17369;5099;batchnorm;0,41378518067980846;11;28,0;28,0;29,0;;0,058115858032607846;True;4;sgd;maxabs
272;2024-07-03 14:58:41.273794;0,2460435926914215;;relu;;;128;;0,1815716275208942;0,06578278356272424;0,5949486594005124;2195;17369;5099;batchnorm;0,11494689349330103;11;15,0;27,0;15,0;;;True;4;sgd;maxabs
273;2024-07-03 15:01:07.349506;16294168,0;;relu;;;256;;0,10540485923963322;0,05962696861455455;0,8037477523029217;2195;17369;5099;batchnorm;0,9957433828282028;12;14,0;29,0;26,0;;;True;4;sgd;maxabs
274;2024-07-03 15:02:38.342015;0,33574652671813965;;relu;;;16;;0,3718801123111752;0,06538707747781337;0,520754500725178;2195;17369;5099;batchnorm;0,5272717280077177;10;9,0;7,0;28,0;;;True;4;sgd;maxabs
275;2024-07-03 15:20:53.750360;0,3256230354309082;;leaky_relu;;;128;;0,08962145347538919;0,08656990057220112;0,6969869485261116;2195;17369;5099;vanilla;0,6636919175190894;11;29,0;29,0;27,0;;0,06360985422200537;False;4;sgd;maxabs
276;2024-07-03 15:22:48.882020;0,5236307382583618;;relu;;;128;;0,714846184680499;0,08777717895099137;0,8386907789547355;2195;17369;5099;batchnorm;0,23334153746060868;9;29,0;12,0;25,0;;;True;4;sgd;maxabs
277;2024-07-03 15:24:54.369850;0,25461113452911377;;selu;;;512;;0,4255575960253725;0,0904094998051531;0,6015076321742697;2195;17369;5099;batchnorm;0,7810619969026288;21;29,0;29,0;24,0;;;True;4;sgd;maxabs
278;2024-07-03 15:26:54.897543;0,293161541223526;;relu;;;128;;0,6486093936935505;0,08389396777724925;0,2950075189625626;2195;17369;5099;batchnorm;0,8960111188373449;10;12,0;28,0;29,0;;;True;4;sgd;maxabs
279;2024-07-03 15:29:47.676993;0,21597370505332947;;leaky_relu;;;256;;0,5060282562393342;0,08088666815610167;0,7607309900994262;2195;17369;5099;batchnorm;0,5860503871531898;13;22,0;29,0;20,0;;0,049322528888582705;True;4;sgd;maxabs
280;2024-07-03 15:32:02.405667;0,4631737172603607;;leaky_relu;;;256;;0,47909001303501164;0,056879132774123486;0,4754763114116454;2195;17369;5099;batchnorm;0,4689517597988542;13;28,0;28,0;29,0;;0,0501457780408693;True;4;sgd;maxabs
281;2024-07-03 15:33:59.916835;0,2727947533130646;;leaky_relu;;;256;;0,5122831818225051;0,08203360642899149;0,7315834754212203;2195;17369;5099;batchnorm;0,3778785721897768;12;24,0;29,0;21,0;;0,045796338273212875;True;4;sgd;maxabs
282;2024-07-03 15:36:52.685299;0,2602842152118683;;leaky_relu;;;256;;0,5596452671251416;0,08069624916431009;0,5948950786474119;2195;17369;5099;batchnorm;0,3142070045092261;13;18,0;27,0;14,0;;0,05516898500897903;True;4;sgd;maxabs
283;2024-07-03 15:39:23.790193;0,24901053309440613;;leaky_relu;;;256;;0,6206222309898765;0,07803118747472663;0,39170515657128324;2195;17369;5099;batchnorm;0,5763530167972467;12;20,0;29,0;11,0;;0,04905450622002446;True;4;sgd;maxabs
284;2024-07-03 15:41:45.695945;0,28364208340644836;;leaky_relu;;;256;;0,521991089010704;0,07904874323225845;0,6610996063120369;2195;17369;5099;batchnorm;0,6706686366907731;11;24,0;28,0;28,0;;0,043393750562428744;True;4;sgd;maxabs
285;2024-07-03 15:44:28.144180;12558,1689453125;;leaky_relu;0,23581603954317237;0,27736466410131266;256;0,6415531773872277;0,21668177132741945;0,01426687860157936;0,7857155882494385;2195;17369;5099;dropout;;12;29,0;30,0;;;0,03453289880248609;;3;adam;maxabs
286;2024-07-03 15:46:13.385787;0,47363683581352234;;leaky_relu;;;256;;0,061587195899664215;0,09848843872054631;0,27259925731233253;2195;17369;5099;batchnorm;0,571939755189957;11;16,0;16,0;27,0;;0,05128443079371348;True;4;sgd;maxabs
287;2024-07-03 15:48:01.739055;0,2500220835208893;;leaky_relu;;;16;;0,47533618286731905;0,08526144314345423;0,5497139535993514;2195;17369;5099;batchnorm;0,7456828232784962;13;28,0;6,0;10,0;;0,03936831299322052;True;4;sgd;maxabs
288;2024-07-03 15:54:35.979888;0,3394564390182495;;relu;;;128;;0,6501044734463972;0,08324691864492435;0,6731396168027745;2195;17369;5099;batchnorm;0,647639156561832;11;13,0;29,0;18,0;;;True;4;sgd;maxabs
289;2024-07-03 15:56:51.929234;0,36175987124443054;;leaky_relu;;;32;;0,3105354573993322;0,09495995669112473;0,4503183022915239;2195;17369;5099;batchnorm;0,062436963334894346;12;23,0;29,0;28,0;;0,05462593530123074;True;4;sgd;maxabs
290;2024-07-03 16:01:35.941520;0,7038077116012573;;relu;;;128;;0,3571870324180588;0,09740447711406774;0,05551164309264709;2195;17369;5099;batchnorm;0,5001508105245923;10;21,0;11,0;23,0;;;True;4;sgd;maxabs
291;2024-07-03 16:03:43.008352;0,32254210114479065;;relu;;;256;;0,5765231880547038;0,0802408916223652;0,8703328009746146;2195;17369;5099;batchnorm;0,09054768223646678;8;30,0;7,0;30,0;;;True;4;sgd;maxabs
292;2024-07-03 16:05:50.660146;0,3687487244606018;;leaky_relu;;;128;;0,28102937407518214;0,09988134691611966;0,9851559926434772;2195;17369;5099;batchnorm;0,7906266800990626;11;11,0;30,0;;;0,04690050731181153;True;3;sgd;maxabs
293;2024-07-03 16:07:55.286816;0,6362051367759705;;relu;;;64;;0,3680235482769813;0,08716778423631569;0,17308275058259753;2195;17369;5099;batchnorm;0,13044211846173276;12;29,0;30,0;27,0;;;True;4;sgd;maxabs
294;2024-07-03 16:10:30.901693;0,2978794276714325;;relu;;;128;;0,44610170516386494;0,06732109028895637;0,7464824926803012;2195;17369;5099;batchnorm;0,18992717135092532;10;30,0;29,0;28,0;;;True;4;sgd;maxabs
295;2024-07-03 16:13:36.860602;0,3083159625530243;;relu;;;16;;0,3429363174535184;0,09593487945846396;0,6141531588636879;2195;17369;5099;batchnorm;0,16705431982480554;29;22,0;28,0;20,0;;;True;4;sgd;maxabs
296;2024-07-03 16:27:24.136112;0,24269229173660278;;leaky_relu;;;128;;0,6187055395250016;0,0767508354363312;0,5153987040036493;2195;17369;5099;batchnorm;0,41475469156964245;11;30,0;30,0;;;0,0428017350487369;False;3;sgd;maxabs
297;2024-07-03 16:29:45.889821;inf;;selu;;;256;;0,8789039299738677;0,08552699252891849;0,7984404232195677;2195;17369;5099;vanilla;0,813286410181856;10;5,0;29,0;26,0;;;True;4;sgd;maxabs
298;2024-07-03 16:31:08.762090;0,2642641067504883;;relu;;;128;;0,3401891097316585;0,08192450017751834;0,6724906101313507;2195;17369;5099;batchnorm;0,7068213911198835;9;28,0;28,0;29,0;;;True;4;sgd;maxabs
299;2024-07-03 16:33:12.926434;1,617802619934082;;relu;;;128;;0,483687470919938;0,0881364386078971;0,11872736427304283;2195;17369;5099;batchnorm;0,9993298054910282;12;29,0;30,0;28,0;;;True;4;sgd;maxabs
300;2024-07-03 16:35:17.543388;0,23325127363204956;;leaky_relu;;;128;;0,21742096969054864;0,07422887507447021;0,34014225243835167;2195;17369;5099;batchnorm;0,5875760132490668;11;30,0;19,0;25,0;;0,03483464904481708;True;4;sgd;maxabs
301;2024-07-03 16:38:36.395569;0,4763999879360199;;relu;;;256;;0,3084861089141408;0,08350108118425056;0,5585471562230064;2195;17369;5099;batchnorm;0,8195380338679188;11;25,0;29,0;;;;True;3;sgd;maxabs
302;2024-07-03 16:40:31.262929;0,22342818975448608;;relu;;;128;;0,26786170025974093;0,09405320348805717;0,9952651104416258;2195;17369;5099;batchnorm;0,03300969689294124;25;29,0;27,0;27,0;;;True;4;sgd;maxabs
303;2024-07-03 16:43:25.816833;274,30999755859375;;leaky_relu;0,1086518826897458;0,5759967860714486;128;;0,2414724831422978;0,053275109326405265;0,7634838987964476;2195;17369;5099;batchnorm;;9;30,0;30,0;30,0;;0,05772868505406601;;4;adam;maxabs
304;2024-07-03 16:45:32.396612;0,28936952352523804;;relu;;;16;;0,1408615705701108;0,09096710531241685;0,13846841750064923;2195;17369;5099;batchnorm;0,20795499646182247;13;27,0;15,0;26,0;;;True;4;sgd;maxabs
305;2024-07-03 16:52:35.560605;0,5347777605056763;;relu;;;512;;0,6665992534675003;0,08019659592565398;0,1641296229729999;2195;17369;5099;batchnorm;0,8922468698750295;10;28,0;29,0;15,0;;;True;4;sgd;maxabs
306;2024-07-03 16:54:28.892044;0,2844102680683136;;leaky_relu;;;128;;0,5399067509257791;0,09702466584081818;0,40652505987513937;2195;17369;5099;batchnorm;0,7134157210646511;12;29,0;28,0;27,0;8,0;0,04883819014047157;True;5;sgd;maxabs
307;2024-07-03 16:58:04.785595;0,4217526316642761;;relu;;;256;;0,7027191801842559;0,05772021542575038;0,6398799134897852;2195;17369;5099;batchnorm;0,595384506856101;10;30,0;30,0;29,0;;;True;4;sgd;maxabs
308;2024-07-03 17:00:09.385453;0,33275896310806274;;relu;;;128;;0,45305507331017797;0,06395819062917125;0,838786849862657;2195;17369;5099;batchnorm;0,4956804455118223;11;29,0;26,0;28,0;;;True;4;sgd;maxabs
309;2024-07-03 17:02:14.947607;0,4243025779724121;;leaky_relu;;;128;0,6371135810108874;0,6010335897289275;0,07003678997338585;0,19263179467719405;2195;17369;5099;dropout;0,8382912503220608;7;30,0;29,0;27,0;;0,03315885986055333;True;4;sgd;maxabs
310;2024-07-03 17:05:21.937690;0,5763842463493347;;relu;;;256;;0,8554423286329561;0,07771213479635125;0,4884091108267765;2195;17369;5099;batchnorm;0,2624691449286312;11;28,0;29,0;26,0;;;True;4;sgd;maxabs
311;2024-07-03 17:08:00.783227;0,25232306122779846;;relu;;;128;;0,49900012516763914;0,08944364145979887;0,7025053344455501;2195;17369;5099;batchnorm;0,14270839113169698;10;29,0;10,0;;;;True;3;sgd;maxabs
312;2024-07-03 17:11:40.440701;54143780,0;;leaky_relu;;;32;;0,733238129440569;0,06131407126996025;0,24750801431087543;2195;17369;5099;batchnorm;0,9946874437576005;8;30,0;8,0;19,0;;0,03867254757058451;True;4;sgd;maxabs
313;2024-07-03 17:14:02.718513;0,22187179327011108;;relu;;;128;;0,40162218740113753;0,08638504565630481;0,8750220595069438;2195;17369;5099;batchnorm;0,6968796780229919;9;13,0;30,0;16,0;;;True;4;sgd;maxabs
314;2024-07-03 17:16:11.568849;0,22062309086322784;;relu;;;128;;0,43437657880977754;0,08400755459416596;0,5809989631283051;2195;17369;5099;batchnorm;0,7704585943930836;12;29,0;28,0;29,0;;;True;4;sgd;maxabs
315;2024-07-03 17:18:19.669890;0,4340473413467407;;leaky_relu;;;256;;0,8985102149914183;0,09530018185570274;0,0011297192118812683;2195;17369;5099;batchnorm;0,6502650711816822;11;14,0;27,0;25,0;;0,02473554604497737;True;4;sgd;maxabs
316;2024-07-03 17:21:08.481950;inf;;relu;;;16;;0,4536578034829233;0,09187036420548221;0,7243005084947448;2195;17369;5099;batchnorm;0,8980784706391169;10;30,0;3,0;28,0;;;False;4;sgd;maxabs
317;2024-07-03 17:22:52.189919;0,266146183013916;;relu;;;128;;0,5953495008264196;0,08179173870886941;0,999834600443393;2195;17369;5099;batchnorm;0,44861598286066223;12;30,0;30,0;;;;True;3;sgd;maxabs
318;2024-07-03 17:24:59.684249;0,329800009727478;;leaky_relu;;;64;;0,3801125625393442;0,08794361922369845;0,8524873169346661;2195;17369;5099;batchnorm;0,3643786233761952;13;29,0;29,0;27,0;;0,04417787454746545;True;4;sgd;maxabs
319;2024-07-03 17:27:36.474683;0,28087183833122253;;relu;;;128;;0,4123534927735997;0,055800038380293064;0,6176378078885779;2195;17369;5099;vanilla;0,5437030184624496;11;27,0;30,0;28,0;;;True;4;sgd;maxabs
320;2024-07-03 17:29:44.233806;0,42788419127464294;;selu;;;256;;0,8049674088916234;0,07173952053281277;0,5057633626300135;2195;17369;5099;batchnorm;0,7647209941125077;19;30,0;13,0;26,0;;;True;4;sgd;maxabs
321;2024-07-03 17:31:37.701545;0,28051793575286865;;relu;;;128;;0,17540923325942348;0,09394041627115526;0,023725109342111046;2195;17369;5099;batchnorm;0,9993114261449152;9;29,0;6,0;30,0;;;True;4;sgd;maxabs
322;2024-07-03 17:33:49.793714;0,2754666805267334;;leaky_relu;;;128;;0,5078702527693216;0,08565263332258836;0,4313638234316029;2195;17369;5099;batchnorm;0,8715606066587611;10;28,0;29,0;29,0;;0,030036428559723508;True;4;sgd;maxabs
323;2024-07-03 17:38:09.368409;14,50082778930664;;relu;0,42737559846080997;0,43290170274110557;128;;0,39488077301168556;0,07495631705808531;0,717228550969662;2195;17369;5099;batchnorm;;10;30,0;28,0;;;;;3;adam;maxabs
324;2024-07-03 17:40:37.937775;0,28114739060401917;;relu;;;256;;0,28340019133912736;0,09826777346330766;0,8133028905817676;2195;17369;5099;batchnorm;0,6386658500106959;11;29,0;30,0;27,0;;;True;4;sgd;maxabs
325;2024-07-03 17:43:44.136132;0,4407537877559662;;leaky_relu;;;128;;0,5498679251564504;0,051196969307705543;0,10237480789355016;2195;17369;5099;batchnorm;0,7091781193436075;11;30,0;29,0;24,0;;0,03721051681765812;True;4;sgd;maxabs
326;2024-07-03 17:48:38.146302;0,33401861786842346;;relu;;;16;;0,8684314686908718;0,06764281557277446;0,013927709760152746;2195;17369;5099;batchnorm;0,823957028818514;12;28,0;30,0;28,0;;;True;4;sgd;maxabs
327;2024-07-03 18:04:49.446813;0,30323588848114014;;relu;;;128;;0,9172268789727781;0,0913965124486499;0,29907724591965185;2195;17369;5099;batchnorm;0,31552951400314816;9;29,0;28,0;26,0;;;True;4;sgd;maxabs
328;2024-07-03 18:08:52.302611;0,4285999536514282;;leaky_relu;;;256;;0,7882651862277473;0,07868463722157597;0,07151284556389369;2195;17369;5099;batchnorm;0,5318168184126766;13;30,0;29,0;25,0;;0,04141506498580896;True;4;sgd;maxabs
329;2024-07-03 18:11:15.023255;0,2919307351112366;;relu;;;128;;0,630492320573555;0,0599508186494246;0,5634881758303446;2195;17369;5099;batchnorm;0,6205305338415877;17;21,0;7,0;27,0;;;True;4;sgd;maxabs
330;2024-07-03 18:13:26.672913;0,3871256411075592;;relu;;;128;0,5394611371442334;0,34303808409668535;0,08419261870206643;0,6425861980805395;2195;17369;5099;dropout;0,9997569283265765;8;30,0;27,0;;;;True;3;sgd;maxabs
331;2024-07-03 18:15:23.500051;0,256120502948761;;leaky_relu;;;128;;0,5296088278451435;0,08872448874248551;0,8683262350973285;2195;17369;5099;batchnorm;0,7847989436924118;12;29,0;14,0;28,0;;0,053663279667758135;True;4;sgd;maxabs
332;2024-07-03 18:17:28.785701;0,5835333466529846;;relu;;;512;;0,8244721808865901;0,09590882043780184;0,7284952660024984;2195;17369;5099;batchnorm;0,06310885884745458;10;28,0;30,0;28,0;;;True;4;sgd;maxabs
333;2024-07-03 18:19:17.027400;0,27864739298820496;;relu;;;256;;0,46057001409688286;0,0812792172845149;0,5387963825317269;2195;17369;5099;batchnorm;0,8855915796227314;14;30,0;28,0;29,0;;;True;4;sgd;maxabs
334;2024-07-03 18:21:24.597832;0,33309486508369446;;leaky_relu;;;128;;0,8433927555431914;0,09347257324090068;0,450488619077815;2195;17369;5099;batchnorm;0,16042192472134476;11;29,0;30,0;27,0;;0,02763413479172802;True;4;sgd;maxabs
335;2024-07-03 18:25:01.991015;0,4048110544681549;;relu;;;16;;0,8114717260903143;0,08971010906390274;0,08703103174744217;2195;17369;5099;batchnorm;0,719812756791378;9;17,0;29,0;26,0;;;False;4;sgd;maxabs
336;2024-07-03 18:35:06.054784;0,36458975076675415;;relu;;;128;;0,38594360121238075;0,06423521004301487;0,7739560524260681;2195;17369;5099;batchnorm;0,456985025720224;10;30,0;30,0;30,0;;;True;4;sgd;maxabs
337;2024-07-03 18:37:21.350275;0,31863075494766235;;leaky_relu;;;128;;0,20253111659497824;0,07648761101386518;0,6342984973872766;2195;17369;5099;batchnorm;0,04259742812143235;12;29,0;11,0;29,0;;0,0464940119303524;True;4;sgd;maxabs
338;2024-07-03 18:41:52.685696;0,2677052617073059;;relu;;;256;;0,569696337061803;0,08682852234219364;0,9964468387534821;2195;17369;5099;batchnorm;0,8664736821647968;11;30,0;21,0;;;;True;3;sgd;maxabs
339;2024-07-03 18:43:47.488981;0,3326420485973358;;relu;;;32;;0,42800391153861234;0,043364085236322965;0,381895990790744;2195;17369;5099;batchnorm;0,624941632856959;8;28,0;;;;;True;2;sgd;normalizer
340;2024-07-03 18:48:14.787740;0,2930436134338379;;leaky_relu;;;128;;0,7760513995625339;0,07947929310343912;0,8891447974970578;2195;17369;5099;batchnorm;0,0717841785460072;10;15,0;29,0;4,0;;0,02149544149418706;True;4;sgd;maxabs
341;2024-07-03 18:51:01.384904;2,1437771320343018;;relu;0,28752182703999285;0,5069534866471487;128;;0,8790250411633563;0,09777036193212237;0,6632821817012208;2195;17369;5099;vanilla;;11;12,0;5,0;21,0;;;;4;adam;maxabs
342;2024-07-03 18:52:58.385027;0,3505000174045563;;relu;;;256;;0,7446533556011526;0,03176009788165662;0,518651715465231;2195;17369;5099;batchnorm;0,7505081708855434;12;27,0;29,0;25,0;;;True;4;sgd;maxabs
343;2024-07-03 18:54:56.529448;0,3994410037994385;;selu;;;128;;0,7921821471470694;0,0913951074911906;0,7976448503933808;2195;17369;5099;batchnorm;0,018754022608271432;11;29,0;8,0;;;;True;3;sgd;maxabs
344;2024-07-03 18:57:22.679093;0,22327694296836853;;leaky_relu;;;128;;0,8588393254098996;0,0824152015001087;0,22967553719490102;2195;17369;5099;batchnorm;0,5503119504816989;9;30,0;28,0;14,0;;0,051012636150610205;True;4;sgd;maxabs
345;2024-07-03 19:01:33.500982;0,4227448105812073;;relu;;;16;;0,4692986626238044;0,07264969552383956;0,05253686664873359;2195;17369;5099;batchnorm;0,10717580284762242;10;13,0;12,0;27,0;;;True;4;sgd;maxabs
346;2024-07-03 19:21:15.940310;0,30930766463279724;;relu;;;64;;0,4985278250464621;0,0860764709248826;0,5865590772704058;2195;17369;5099;batchnorm;0,855478463146085;12;30,0;9,0;28,0;;;True;4;sgd;maxabs
347;2024-07-03 19:24:25.262338;0,3398846387863159;;leaky_relu;;;128;;0,48778352559395316;0,0999652545869023;0,04622236448431569;2195;17369;5099;batchnorm;0,394029274535895;10;20,0;18,0;26,0;;0,033337153988030485;True;4;sgd;maxabs
348;2024-07-03 19:26:34.959430;0,3798210918903351;;relu;;;256;;0,3222469249206814;0,09423071972987393;0,7034757600812429;2195;17369;5099;batchnorm;0,7016825938309122;11;29,0;30,0;28,0;;;True;4;sgd;maxabs
349;2024-07-03 19:29:18.219155;0,29541540145874023;;relu;;;128;;0,24434093011762553;0,061952824983446536;0,9001723192032328;2195;17369;5099;batchnorm;0,8992595507529414;9;30,0;29,0;;;;True;3;sgd;maxabs
350;2024-07-03 19:31:23.182067;0,23625637590885162;;leaky_relu;;;128;;0,8945113022528067;0,0663330920104624;0,4669907239346316;2195;17369;5099;batchnorm;0,6335821697800273;13;14,0;30,0;13,0;;0,029062198654899746;True;4;sgd;maxabs
351;2024-07-03 19:34:04.274393;0,37766844034194946;;relu;;;256;;0,5920600798686477;0,08450670505456558;0,35185378594432737;2195;17369;5099;batchnorm;0,7715619264726045;11;28,0;8,0;27,0;24,0;;True;5;sgd;maxabs
352;2024-07-03 19:36:34.127016;0,3176051080226898;;relu;;;128;0,47054372577479087;0,6859785055933184;0,0886811073480587;0,0324850345964249;2195;17369;5099;dropout;0,4745445436194721;10;29,0;28,0;29,0;;;True;4;sgd;maxabs
353;2024-07-03 19:39:57.931932;23975130300416,0;;leaky_relu;;;128;;0,8205313333226008;0,09643377409945442;0,7650913678128025;2195;17369;5099;batchnorm;0,9871345326712606;12;30,0;29,0;18,0;;0,03671227777317292;True;4;sgd;maxabs
354;2024-07-03 19:41:31.210744;0,29245123267173767;;relu;;;128;;0,7163970554318859;0,07500220629178078;0,20305138344113446;2195;17369;5099;batchnorm;0,7795400490264733;11;29,0;27,0;26,0;;;True;4;sgd;maxabs
355;2024-07-03 19:45:21.395691;0,7672263979911804;;relu;;;256;;0,12008012424799076;0,09221507707630201;0,003025634332920186;2195;17369;5099;batchnorm;0,5736513975066523;10;28,0;30,0;28,0;;;True;4;sgd;maxabs
356;2024-07-03 19:47:31.500609;0,3742978870868683;;leaky_relu;;;16;;0,2982706364556087;0,0828934679832317;0,5774629696832051;2195;17369;5099;batchnorm;0,09816160032547663;12;30,0;30,0;27,0;;0,041964595564397585;False;4;sgd;maxabs
357;2024-07-03 19:56:33.264442;0,25467175245285034;;relu;;;128;;0,7610218723275958;0,06968732039239452;0,670784179975149;2195;17369;5099;batchnorm;0,12015567663280488;9;27,0;29,0;29,0;;;True;4;sgd;maxabs
358;2024-07-03 19:59:56.391094;0,46570509672164917;;relu;;;128;;0,7979342713103812;0,08038365122916218;0,2614579735071439;2195;17369;5099;batchnorm;0,2543325031940769;10;29,0;28,0;;;;True;3;sgd;maxabs
359;2024-07-03 20:02:03.945560;0,4262999892234802;;leaky_relu;;;256;;0,5402805470297174;0,08731178678078748;0,01659125074482794;2195;17369;5099;batchnorm;0,6848455794116558;11;30,0;29,0;30,0;;0,04867792174549883;True;4;sgd;normalizer
360;2024-07-03 20:03:51.325602;11,154153823852539;;relu;0,02047948643249292;0,7689436821860255;128;;0,8394634793476231;0,07719731638921433;0,8788674402668506;2195;17369;5099;batchnorm;;12;12,0;23,0;27,0;;;;4;adam;maxabs
361;2024-07-03 20:06:51.262277;0,4846999943256378;;relu;;;512;;0,09193066670170791;0,08971050407086098;0,007306128276378952;2195;17369;5099;batchnorm;0,005483842428450217;10;29,0;30,0;24,0;;;True;4;sgd;maxabs
362;2024-07-03 20:08:37.968349;0,6135077476501465;;leaky_relu;;;128;;0,4417256987110755;0,08511897497378895;0,7588117936508604;2195;17369;5099;batchnorm;0,22515273640296346;13;30,0;7,0;12,0;;0,03940613077031109;True;4;sgd;maxabs
363;2024-07-03 20:11:16.135624;0,46782562136650085;;relu;;;128;;0,06608129378614092;0,09454194707996122;0,1617923984279268;2195;17369;5099;vanilla;0,9973644740187504;11;19,0;29,0;23,0;;;True;4;sgd;maxabs
364;2024-07-03 20:13:20.529125;0,2421947717666626;;selu;;;256;;0,4142026187539926;0,09772391712998836;0,5117985335676419;2195;17369;5099;batchnorm;0,8568934080215538;8;13,0;26,0;;;;True;3;sgd;maxabs
365;2024-07-03 20:15:26.948764;0,4237409830093384;;relu;;;128;;0,9316686691085138;0,0911210766261299;0,12845462547396472;2195;17369;5099;batchnorm;0,7096975162855621;7;29,0;27,0;26,0;;;True;4;sgd;maxabs
366;2024-07-03 20:18:46.458389;inf;;leaky_relu;;;32;;0,7764451316797674;0,06896365538376352;0,9962911777571118;2195;17369;5099;batchnorm;0,8584416744480973;10;30,0;30,0;28,0;;0,04467671720827326;True;4;sgd;maxabs
367;2024-07-03 20:20:21.025831;0,30814018845558167;;relu;;;16;;0,2003209444304011;0,09333871592395186;0,6270248858651516;2195;17369;5099;batchnorm;0,346166019781422;9;10,0;28,0;27,0;;;True;4;sgd;maxabs
368;2024-07-03 20:29:09.339101;0,3839948773384094;;relu;;;128;;0,8187010292974797;0,07886568959120978;0,02324940627260997;2195;17369;5099;batchnorm;0,6042291202606873;11;28,0;29,0;28,0;;;True;4;sgd;maxabs
369;2024-07-03 20:31:28.209442;0,4453684687614441;;leaky_relu;;;256;;0,7494280246524675;0,07352921907032292;0,40940644821273325;2195;17369;5099;batchnorm;0,14456026069478156;11;26,0;30,0;;;0,05389039751203791;True;3;sgd;maxabs
370;2024-07-03 20:33:21.272748;0,43137437105178833;;relu;;;128;;0,15101400067787274;0,09615938225978331;0,10208834847151135;2195;17369;5099;batchnorm;0,2780683856070696;9;29,0;30,0;25,0;;;True;4;sgd;maxabs
371;2024-07-03 20:35:33.902461;0,2740538418292999;;leaky_relu;;;128;;0,638659973703962;0,08373346065669965;0,7997023938712319;2195;17369;5099;batchnorm;0,5159702751585596;8;11,0;10,0;29,0;;0,05654001436338813;True;4;sgd;maxabs
372;2024-07-03 20:37:49.704231;0,30451780557632446;;relu;;;64;;0,8650404779410772;0,08791567397600056;0,6748770282989192;2195;17369;5099;batchnorm;0,7448315097452567;13;30,0;20,0;20,0;;;True;4;sgd;maxabs
373;2024-07-03 20:41:07.523933;0,2826128304004669;;relu;;;128;;0,8379792027146293;0,08092078261215581;0,5684246496826103;2195;17369;5099;batchnorm;0,07493814009722695;12;29,0;29,0;30,0;;;True;4;sgd;maxabs
374;2024-07-03 20:44:08.296783;0,3748262822628021;;leaky_relu;;;256;0,697244364609483;0,7996875854555026;0,08659103711639894;0,07728637735271332;2195;17369;5099;dropout;0,8969941865358395;11;30,0;9,0;27,0;;0,0472486689928587;True;4;sgd;maxabs
375;2024-07-03 20:45:55.036048;0,24849486351013184;;relu;;;128;;0,18750013846909386;0,08993468557274066;0,8644084070674226;2195;17369;5099;batchnorm;0,6630400172096752;10;28,0;28,0;;;;True;3;sgd;maxabs
376;2024-07-03 20:48:46.600924;0,26892736554145813;;relu;;;16;;0,3521034193651328;0,07662760432840454;0,3184652426025385;2195;17369;5099;batchnorm;0,41731815183846327;12;29,0;30,0;26,0;;;False;4;sgd;maxabs
377;2024-07-03 20:59:16.656438;0,2289256602525711;;leaky_relu;;;128;;0,3741859683683545;0,09515448434916848;0,7376687567544727;2195;17369;5099;batchnorm;0,797631007700167;10;30,0;29,0;29,0;;0,05097166933388082;True;4;sgd;maxabs
378;2024-07-03 21:01:20.052522;17,578590393066406;;relu;;;256;;0,9015413900684981;0,09267356514066866;0,4630667987026617;2195;17369;5099;batchnorm;0,9972031841299893;9;30,0;16,0;25,0;;;True;4;sgd;maxabs
379;2024-07-03 21:03:09.609505;41,476985931396484;;relu;0,4313086632415004;0,6260643328941974;128;;0,7778087021711766;0,007419448947938945;0,6374914433535204;2195;17369;5099;batchnorm;;11;29,0;30,0;28,0;;;;4;adam;maxabs
380;2024-07-03 21:05:17.647662;0,2695179581642151;;leaky_relu;;;128;;0,058043528055294946;0,06490277333035209;0,9995937526996638;2195;17369;5099;batchnorm;0,020294046328578175;12;23,0;29,0;27,0;;0,044883082977032106;True;4;sgd;normalizer
381;2024-07-03 21:09:01.257035;0,26598209142684937;;relu;;;128;;0,811652907166508;0,08180399530446615;0,5559590685413652;2195;17369;5099;batchnorm;0,05256060340030315;11;29,0;7,0;;;;True;3;sgd;maxabs
382;2024-07-03 21:11:03.406146;0,2922736406326294;;relu;;;256;;0,9778445251055549;0,09807495881158142;0,8394339585510099;2195;17369;5099;batchnorm;0,7915834096501138;10;30,0;27,0;28,0;;;True;4;sgd;minmax
383;2024-07-03 21:13:10.068177;0,28922054171562195;;leaky_relu;;;128;;0,5195084642531075;0,06042782082646901;0,7286062231145162;2195;17369;5099;batchnorm;0,5561164846186233;11;27,0;28,0;26,0;;0,032254171978516405;True;4;sgd;maxabs
384;2024-07-03 21:15:17.070277;0,2500230669975281;;relu;;;128;;0,671146219672588;0,08512637823166912;0,4890737033951005;2195;17369;5099;batchnorm;0,6386384237185968;10;28,0;30,0;29,0;;;True;4;sgd;maxabs
385;2024-07-03 21:18:34.673170;0,2436578869819641;;relu;;;256;;0,2554394939481004;0,07162312782754321;0,623076875534459;2195;17369;5099;batchnorm;0,8846787268208472;12;25,0;29,0;16,0;;;True;4;sgd;maxabs
386;2024-07-03 21:20:22.135990;0,3002871870994568;;leaky_relu;;;128;;0,5524471154697342;0,09099205073754515;0,8743293057586019;2195;17369;5099;batchnorm;0,7345036601632411;9;30,0;28,0;27,0;;0,06194442864443554;True;4;sgd;maxabs
387;2024-07-03 21:22:29.201162;inf;;selu;;;16;;0,880760802614116;0,09982710616870025;0,727834948649568;2195;17369;5099;vanilla;0,03793975964896868;11;29,0;30,0;28,0;;;True;4;sgd;maxabs
388;2024-07-03 21:24:02.350328;0,5015444755554199;;relu;;;512;;0,45875908282571787;0,07821646922906256;0,3830332772378388;2195;17369;5099;batchnorm;0,4923446845384422;13;13,0;29,0;26,0;;;True;4;sgd;maxabs
389;2024-07-03 21:25:49.583613;0,2696128487586975;;relu;;;128;;0,7260833603574719;0,08285821511334909;0,5417495151064138;2195;17369;5099;batchnorm;0,02684443956021376;22;30,0;29,0;;;;True;3;sgd;maxabs
390;2024-07-03 21:29:01.694671;0,23523589968681335;;leaky_relu;;;128;;0,23732584487666739;0,054047840317094926;0,11693697677115271;2195;17369;5099;batchnorm;0,8838157288803477;10;28,0;6,0;27,0;;0,040825993395989246;True;4;sgd;maxabs
391;2024-07-03 21:33:52.323769;0,2874578833580017;;relu;;;256;;0,2780470020546618;0,08775491299965593;0,27448834935375405;2195;17369;5099;batchnorm;0,08191296273683936;9;14,0;;;;;True;2;sgd;maxabs
392;2024-07-03 21:35:36.854473;0,29988211393356323;;relu;;;128;;0,33700390464733904;0,055916176786597376;0,8175243606519091;2195;17369;5099;batchnorm;0,049638784346604486;10;30,0;30,0;22,0;;;True;4;sgd;maxabs
393;2024-07-03 21:38:13.413613;0,44093331694602966;;leaky_relu;;;128;;0,8526552181828493;0,09306897439580514;0,2116561540047926;2195;17369;5099;batchnorm;0,6676166723212752;12;29,0;8,0;29,0;;0,06699407280132705;True;4;sgd;maxabs
394;2024-07-03 21:41:25.020596;0,3114583194255829;;relu;;;32;;0,762367991656556;0,08904928829016905;0,039864302209271285;2195;17369;5099;batchnorm;0,7691800574911904;11;17,0;28,0;8,0;27,0;;True;5;sgd;minmax
395;2024-07-03 21:49:15.841842;0,22572050988674164;;relu;;;128;;0,8300966613442279;0,09587621625625212;0,63184955687756;2195;17369;5099;batchnorm;0,09488832861669678;12;30,0;26,0;;;;True;3;sgd;maxabs
396;2024-07-03 21:51:55.931459;0,36017894744873047;;leaky_relu;;;256;;0,16438049562837614;0,0751730271456058;0,05631064558155705;2195;17369;5099;batchnorm;0,995288974661379;10;28,0;30,0;24,0;;0,03781506113195487;False;4;sgd;maxabs
397;2024-07-03 21:53:50.513400;0,4108448624610901;;relu;;;16;0,4347430866104594;0,7815282211316091;0,08601928344796302;0,44250144136901903;2195;17369;5099;dropout;0,05766326725438965;14;29,0;17,0;17,0;;;True;4;sgd;maxabs
398;2024-07-03 21:59:55.148211;254,98106384277344;;relu;0,29826720781347305;0,7158404275094257;128;;0,36495159931348387;0,05843506544236274;0,7249344725056928;2195;17369;5099;batchnorm;;16;30,0;29,0;25,0;;;;4;adam;maxabs
399;2024-07-03 22:02:06.871701;0,22900769114494324;;leaky_relu;;;128;;0,9141907369146794;0,08054071223960677;0,9994702346317379;2195;17369;5099;batchnorm;0,6068956796723417;11;29,0;30,0;14,0;;0,03567584477960733;True;4;sgd;maxabs
400;2024-07-03 22:04:14.475646;0,3528684675693512;;relu;;;256;;0,7991354898678563;0,08386377124211632;0,06372177256085705;2195;17369;5099;batchnorm;0,8069641405035768;9;16,0;4,0;28,0;;;True;4;sgd;maxabs
401;2024-07-03 22:06:24.833121;0,40156328678131104;;relu;;;64;;0,8191514404573778;0,06657685427093205;0,8660872822099399;2195;17369;5099;batchnorm;0,6927636353093387;11;22,0;29,0;26,0;;;True;4;sgd;maxabs
402;2024-07-03 22:09:00.103328;0,22154361009597778;;leaky_relu;;;128;;0,3981881865005523;0,03137283858095721;0,5807288480709919;2195;17369;5099;batchnorm;0,8754461566669298;8;15,0;27,0;;;0,05878777165994551;True;3;sgd;normalizer
403;2024-07-03 22:11:00.668624;0,2826666831970215;;relu;;;128;;0,6072890524617361;0,063264391847967;0,6829731613872937;2195;17369;5099;batchnorm;0,5388567953021125;27;30,0;9,0;30,0;;;True;4;sgd;maxabs
404;2024-07-03 22:13:07.262554;0,49676671624183655;;relu;;;128;;0,11772790538994905;0,09171984422586592;0,01981901505490024;2195;17369;5099;batchnorm;0,3157251761127851;13;12,0;30,0;27,0;;;True;4;sgd;maxabs
405;2024-07-03 22:15:21.613316;0,3265841603279114;;leaky_relu;;;256;;0,644229287694844;0,09446351124000169;0,7676266044484362;2195;17369;5099;batchnorm;0,18198006507040576;11;7,0;28,0;29,0;;0,05282112863771438;True;4;sgd;maxabs
406;2024-07-03 22:17:48.274232;0,2349281758069992;;relu;;;128;;0,689644163931998;0,09795891697325773;0,5280418226557814;2195;17369;5099;batchnorm;0,463533716428243;12;29,0;29,0;28,0;;;True;4;sgd;maxabs
407;2024-07-03 22:21:15.783283;inf;;relu;;;16;;0,7369325712282864;0,04977224874964957;0,8905303541483259;2195;17369;5099;batchnorm;0,7795014794490212;10;30,0;;;;;True;2;sgd;minmax
408;2024-07-03 22:22:56.836641;0,44511541724205017;;selu;;;128;;0,5760930438746705;0,08842549970012413;0,3554525532131707;2195;17369;5099;vanilla;0,6178794537962993;14;28,0;30,0;26,0;;;True;4;sgd;maxabs
409;2024-07-03 22:24:53.474072;0,4318683445453644;;leaky_relu;;;256;;0,8479020342634759;0,08478056799275115;0,6219841858488174;2195;17369;5099;batchnorm;0,08633552190900584;10;29,0;29,0;27,0;;0,042946428637373094;True;4;sgd;maxabs
410;2024-07-03 22:26:42.608757;0,4018487334251404;;relu;;;128;;0,8825742993845388;0,09033908861172085;0,0026616336328090942;2195;17369;5099;batchnorm;0,9063324090580711;7;30,0;25,0;;;;True;3;sgd;maxabs
411;2024-07-03 22:28:43.349598;0,7460231781005859;;relu;;;128;;0,49180016121738485;0,07064139184189461;0,07269150757526736;2195;17369;5099;batchnorm;0,9982792082016659;9;30,0;12,0;28,0;;;True;4;sgd;maxabs
412;2024-07-03 22:30:46.256132;0,3163948953151703;;leaky_relu;;;128;;0,7925417997310488;0,08658631640381552;0,7778133469474886;2195;17369;5099;batchnorm;0,20803986029112126;11;27,0;28,0;27,0;;0,05580904854085495;True;4;sgd;maxabs
413;2024-07-03 22:33:35.007230;0,4357368052005768;;relu;;;256;;0,766660931076893;0,08262967087817942;0,48582983621325865;2195;17369;5099;batchnorm;0,38706309999356386;12;29,0;13,0;12,0;;;True;4;sgd;maxabs
414;2024-07-03 22:36:13.718191;0,2706282138824463;;relu;;;128;;0,08522361775005932;0,07898130276686695;0,6733901744251569;2195;17369;5099;batchnorm;0,13387828306414412;11;29,0;7,0;30,0;;;True;4;sgd;maxabs
415;2024-07-03 22:38:27.293810;0,37093332409858704;;leaky_relu;;;512;;0,9430517481825814;0,07382887730160924;0,8869747163610098;2195;17369;5099;batchnorm;0,7051441247335869;10;30,0;14,0;;;0,031171153931233625;True;3;sgd;maxabs
416;2024-07-03 22:40:17.515985;0,3904820680618286;;relu;;;16;;0,22598205394957366;0,09567415811343029;0,15230749948892217;2195;17369;5099;batchnorm;0,03465271981205676;9;28,0;11,0;29,0;;;False;4;sgd;maxabs
417;2024-07-03 22:47:27.219293;0,3547666668891907;;relu;;;128;;0,3085769213999385;0,09332457023820821;0,4167239364456184;2195;17369;5099;batchnorm;0,8069042444061586;12;30,0;15,0;28,0;;;True;4;sgd;maxabs
418;2024-07-03 22:49:47.608848;0,4917367994785309;;leaky_relu;0,14424310078416896;0,7847322122419289;256;;0,5129862470380793;0,07623334112740308;0,03679355534851293;2195;17369;5099;batchnorm;;8;29,0;30,0;29,0;;0,04909518334430643;;4;adam;maxabs
419;2024-07-03 22:51:37.263667;0,5171666741371155;;relu;;;128;;0,250963339789846;0,05240208891470123;0,09651172629754286;2195;17369;5099;batchnorm;0,6978109994384969;10;30,0;29,0;26,0;;;True;4;sgd;minmax
420;2024-07-03 22:53:40.197498;0,6332948207855225;;relu;;;128;0,16309148255448533;0,1621375803274866;0,08098758432940321;0,18409106797761948;2195;17369;5099;dropout;0,11359718446327556;11;14,0;22,0;25,0;;;True;4;sgd;maxabs
421;2024-07-03 22:55:50.268014;0,41609230637550354;;leaky_relu;;;128;;0,8692313659348887;0,09692732812258734;0,5570910230890944;2195;17369;5099;batchnorm;0,5609766938211694;11;29,0;28,0;;;0,014819702216021552;True;3;sgd;maxabs
422;2024-07-03 22:57:50.858078;0,2962169349193573;;relu;;;32;;0,6116048527519511;0,08961392256576894;0,7700632041573491;2195;17369;5099;batchnorm;0,03900202191541284;12;28,0;30,0;27,0;;;True;4;sgd;maxabs
423;2024-07-03 23:02:14.964874;0,5317842364311218;;relu;;;256;;0,20165223681110095;0,09182392350539997;0,30594509201704045;2195;17369;5099;batchnorm;0,869942916542484;6;30,0;29,0;27,0;;;True;4;sgd;normalizer
424;2024-07-03 23:04:15.469874;0,5195692777633667;;leaky_relu;;;128;;0,8067447748250227;0,08680850975595723;0,011885844628806635;2195;17369;5099;batchnorm;0,7654825700360225;10;29,0;8,0;28,0;;0,026700177577336556;True;4;sgd;maxabs
425;2024-07-03 23:06:42.356825;0,33584868907928467;;relu;;;128;;0,18872270427883692;0,04515424833351333;0,6468224144874412;2195;17369;5099;batchnorm;0,6220940230002057;10;13,0;30,0;19,0;;;True;4;sgd;maxabs
426;2024-07-03 23:09:06.239046;0,350805401802063;;relu;;;16;;0,2919628384281543;0,06094178919919205;0,03914626524540875;2195;17369;5099;batchnorm;0,8590980850143745;11;30,0;29,0;26,0;;;True;4;sgd;maxabs
427;2024-07-03 23:16:53.020699;0,7087211012840271;;leaky_relu;;;256;;0,4264237940913767;0,08440063253800095;0,07910327603290902;2195;17369;5099;batchnorm;0,44613991046009455;13;29,0;30,0;28,0;;0,046992284331252354;True;4;sgd;maxabs
428;2024-07-03 23:19:17.689130;0,38443589210510254;;relu;;;128;;0,6583940777537863;0,09447207717666062;0,9244357885134785;2195;17369;5099;batchnorm;0,0011478240814096858;8;28,0;28,0;;;;True;3;sgd;maxabs
429;2024-07-03 23:22:01.339865;1443,5496826171875;;relu;;;64;;0,8299845590667435;0,07802643020493018;0,23151765288258105;2195;17369;5099;batchnorm;0,9992420460182002;12;27,0;29,0;30,0;;;True;4;sgd;maxabs
430;2024-07-03 23:23:50.059492;inf;;selu;;;128;;0,21265732639256268;0,0547943422682262;0,7043075245682139;2195;17369;5099;vanilla;0,0708296989425926;9;30,0;17,0;27,0;;;True;4;sgd;maxabs
431;2024-07-03 23:25:14.300037;0,24023841321468353;;leaky_relu;;;128;;0,7486007597729119;0,05825668930589677;0,4812100093182853;2195;17369;5099;batchnorm;0,7026177135767248;11;30,0;30,0;29,0;;0,04036244109277329;True;4;sgd;maxabs
432;2024-07-03 23:28:42.870456;0,2495526522397995;;relu;;;256;;0,5298933439156692;0,08230181939174655;0,5951604447362561;2195;17369;5099;batchnorm;0,7963607427149396;10;18,0;29,0;26,0;;;True;4;sgd;maxabs
433;2024-07-03 23:30:32.544909;0,3631307780742645;;relu;;;128;;0,7824973867263507;0,06727102731785913;0,8020049833771256;2195;17369;5099;batchnorm;0,17169794105426817;11;29,0;28,0;25,0;;;True;4;sgd;maxabs
434;2024-07-03 23:32:44.326856;0,24596156179904938;;leaky_relu;;;128;;0,4643097690240456;0,09858812623682017;0,9949822840312535;2195;17369;5099;batchnorm;0,526164462551071;9;22,0;27,0;;;0,023837647795890544;True;3;sgd;minmax
435;2024-07-03 23:34:54.756295;0,24062101542949677;;relu;;;256;;0,5944212357635394;0,07287849643037686;0,519753375004858;2195;17369;5099;batchnorm;0,6130393279800048;13;24,0;30,0;28,0;;;True;4;sgd;maxabs
436;2024-07-03 23:37:20.967728;55,14541244506836;;relu;0,24511797080151848;0,8458669403547531;128;;0,33262403568943466;0,08761115851022028;0,6888658039504172;2195;17369;5099;batchnorm;;12;30,0;29,0;28,0;;;;4;adam;maxabs
437;2024-07-03 23:39:29.615423;0,6393923759460449;;leaky_relu;;;16;;0,3238300345586064;0,06883461864716776;0,008311196788784263;2195;17369;5099;batchnorm;0,0539815576413044;10;26,0;10,0;29,0;;0,03403235766500707;False;4;sgd;maxabs
438;2024-07-03 23:47:30.678681;0,21483588218688965;;relu;;;128;;0,9048548071663105;0,09073537135020779;0,76704122762871;2195;17369;5099;batchnorm;0,9044788324610793;11;29,0;30,0;27,0;20,0;;True;5;sgd;maxabs
439;2024-07-03 23:49:58.391380;0,26489484310150146;;relu;;;128;;0,9231223877714816;0,09016995840146749;0,8312926677428641;2195;17369;5099;batchnorm;0,02772564926934397;12;28,0;29,0;;;;True;3;sgd;maxabs
440;2024-07-03 23:52:19.697233;0,20689475536346436;;leaky_relu;;;256;;0,893682140259394;0,08547783929849727;0,7752367918207871;2195;17369;5099;batchnorm;0,8940150297708438;11;28,0;30,0;;;0,028936626846286784;True;3;sgd;maxabs
441;2024-07-03 23:54:05.971027;0,3142157793045044;;leaky_relu;;;256;0,3341743442174379;0,9013952949101064;0,08550687723104866;0,5807257876269287;2195;17369;5099;dropout;0,9033214120714296;11;28,0;30,0;;;0,02534433039606432;True;3;sgd;maxabs
442;2024-07-03 23:56:02.461288;0,23347365856170654;;leaky_relu;;;256;;0,8905250318035987;0,0842090435490002;0,1272353203938768;2195;17369;5099;batchnorm;0,9965101740358058;12;28,0;30,0;30,0;20,0;0,04521164532895728;True;5;sgd;maxabs
443;2024-07-03 23:58:10.520284;0,27458420395851135;;leaky_relu;;;256;;0,9155530864999516;0,08046454192562852;0,7512528378703954;2195;17369;5099;batchnorm;0,8945170098714988;11;27,0;19,0;28,0;17,0;0,029836561461309037;True;5;sgd;maxabs
444;2024-07-04 00:01:10.637801;0,43832632899284363;;leaky_relu;;;256;;0,8711973392992536;0,08257866017905631;0,40773186554870133;2195;17369;5099;batchnorm;0,008574246924783138;11;28,0;30,0;29,0;22,0;0,021555759347587695;True;5;sgd;maxabs
445;2024-07-04 00:03:06.209592;0,3051631450653076;;leaky_relu;;;256;;0,9011134591337986;0,08744966156833718;0,6412907647610219;2195;17369;5099;batchnorm;0,7893832099826954;12;29,0;30,0;;;0,038634914441502306;True;3;sgd;minmax
446;2024-07-04 00:05:01.628888;0,2622368335723877;;leaky_relu;;;256;;0,9407097642352288;0,08561853887641564;0,06820749379288576;2195;17369;5099;batchnorm;0,9986131460790367;18;27,0;29,0;;;0,042914491208686775;True;3;sgd;normalizer
447;2024-07-04 00:07:28.909485;0,3721262812614441;;leaky_relu;;;256;;0,8590000844720083;0,07978847544220823;0,0826140495076433;2195;17369;5099;batchnorm;0,7535268984794667;13;29,0;30,0;27,0;14,0;0,0518112109137423;True;5;sgd;maxabs
448;2024-07-04 00:11:04.789835;0,39507368206977844;;leaky_relu;;;256;;0,96492529878056;0,06206465490390915;0,04825509766866923;2195;17369;5099;batchnorm;0,36233500066799107;11;13,0;29,0;;;0,02818796090945724;True;3;sgd;maxabs
449;2024-07-04 00:12:51.520258;0,3208555281162262;;leaky_relu;;;512;;0,8876874021270875;0,0998486461497734;0,7674969798374129;2195;17369;5099;batchnorm;0,8638087778273781;10;29,0;7,0;29,0;8,0;0,049406867618108634;True;5;sgd;maxabs
450;2024-07-04 00:14:36.255867;1,3985263109207153;;leaky_relu;;;256;;0,8434301853932645;0,08317847666373304;0,004844914463126108;2195;17369;5099;batchnorm;0,048782058111221945;12;28,0;8,0;;;0,03526103206934686;True;3;sgd;maxabs
451;2024-07-04 00:16:22.508105;0,8025674223899841;;leaky_relu;;;16;;0,871342749620567;0,08933196954638015;0,015297185148659962;2195;17369;5099;batchnorm;0,6983275467599626;11;30,0;30,0;;;0,02710793741178005;True;3;sgd;maxabs
452;2024-07-04 00:21:46.510690;0,3444679379463196;;leaky_relu;;;32;;0,9192583686466111;0,07594484081622599;0,5588041738166089;2195;17369;5099;batchnorm;0,31444548800766514;13;14,0;6,0;28,0;27,0;0,05400925015914138;True;5;sgd;maxabs
453;2024-07-04 00:32:18.697053;0,24064739048480988;;leaky_relu;;;256;;0,7581930513859285;0,07769180202027987;0,33243776601377223;2195;17369;5099;batchnorm;0,8527525311974825;8;29,0;30,0;;;0,03076978369559894;True;3;sgd;maxabs
454;2024-07-04 00:34:35.271468;0,19269999861717224;;selu;;;256;;0,7029947224771694;0,08499805208909376;0,6893393110683503;2195;17369;5099;vanilla;0,05905636736735415;10;30,0;18,0;21,0;6,0;;True;5;sgd;maxabs
455;2024-07-04 00:36:19.635190;0,9383105039596558;;selu;;;256;;0,7269824226024261;0,08620110754470883;0,8486766454596105;2195;17369;5099;vanilla;0,05689656864476738;9;30,0;9,0;21,0;6,0;;True;5;sgd;maxabs
456;2024-07-04 00:38:04.184709;0,6991158127784729;;selu;;;256;0,16061303875667504;0,7200371927054771;0,06409413617708504;0,08881283963303692;2195;17369;5099;dropout;0,14798445417465664;10;12,0;16,0;17,0;10,0;;True;5;sgd;maxabs
457;2024-07-04 00:40:13.325977;0,49081581830978394;;selu;;;256;;0,7812489492457939;0,09681831710228093;0,027188880613915944;2195;17369;5099;vanilla;0,02892372703211981;9;30,0;13,0;23,0;18,0;;True;5;sgd;minmax
458;2024-07-04 00:42:25.939697;0,40653157234191895;;selu;;;256;;0,7072220331627003;0,0886117919987124;0,6585288251677754;2195;17369;5099;vanilla;0,24979212131322986;15;30,0;29,0;29,0;22,0;;False;5;sgd;maxabs
459;2024-07-04 00:44:14.845309;1,7882999181747437;;selu;0,09517671605402717;0,47642397661418484;256;;0,7449660002630396;0,0849186653035579;0,10553489821314171;2195;17369;5099;vanilla;;7;30,0;29,0;18,0;14,0;;;5;adam;maxabs
460;2024-07-04 00:45:59.923081;0,44732630252838135;;selu;;;256;;0,7636238862349419;0,09355198194734866;0,18294124450575147;2195;17369;5099;vanilla;0,065833891532222;10;29,0;24,0;20,0;5,0;;True;5;sgd;maxabs
461;2024-07-04 00:47:43.655511;0,3713684380054474;;selu;;;256;;0,7964685931932952;0,08720690605424691;0,14998787921537887;2195;17369;5099;vanilla;0,527150486704133;10;30,0;28,0;30,0;20,0;;True;5;sgd;maxabs
462;2024-07-04 00:49:27.551084;0,5358684659004211;;selu;;;256;;0,8914358407297507;0,07252873783542806;0,0012387374944846236;2195;17369;5099;vanilla;0,17899301775975637;9;30,0;14,0;19,0;14,0;;True;5;sgd;maxabs
463;2024-07-04 00:51:17.129793;0,5271368026733398;;selu;;;256;;0,8513263404971076;0,04786263723728398;0,44785452814177346;2195;17369;5099;vanilla;0,08464536091264499;10;29,0;10,0;;;;True;3;sgd;maxabs
464;2024-07-04 00:53:02.148672;0,8127479553222656;;leaky_relu;;;16;;0,7020564132663717;0,0818404211739457;0,7346763102348305;2195;17369;5099;vanilla;0,277195247893609;11;30,0;11,0;15,0;3,0;0,032852164040521374;True;5;sgd;maxabs
465;2024-07-04 00:56:27.259360;0,5770789384841919;;leaky_relu;;;256;;0,8269564251235352;0,09765899381633623;0,5230346683815372;2195;17369;5099;batchnorm;0,016791103825407293;8;29,0;19,0;;;0,03724346478125083;True;3;sgd;maxabs
466;2024-07-04 00:58:19.947397;0,7787315249443054;;leaky_relu;;;256;;0,7694071975266631;0,08445288739410521;0,6120778731349458;2195;17369;5099;batchnorm;0,06245944021912913;10;29,0;29,0;;;0,041457312592108296;True;3;sgd;maxabs
467;2024-07-04 01:00:18.631005;0,410259485244751;;leaky_relu;;;64;;0,7898119209542411;0,05613183029522414;0,8830935128690562;2195;17369;5099;batchnorm;0,4664210572987355;12;30,0;30,0;27,0;6,0;0,05706026021935673;True;5;sgd;maxabs
468;2024-07-04 01:04:05.651878;0,3833625018596649;;relu;;;16;;0,556860699934292;0,09517405835839456;0,7702858105578972;2195;17369;5099;batchnorm;0,10216641136080443;11;29,0;7,0;;;;True;3;sgd;maxabs
469;2024-07-04 01:10:27.250381;0,25594210624694824;;leaky_relu;;;256;;0,7386503421874274;0,08886174529014405;0,03730410984811717;2195;17369;5099;batchnorm;0,023962599374924475;9;30,0;29,0;;;0,04564513502142458;True;3;sgd;normalizer
470;2024-07-04 01:12:14.609999;0,696546196937561;;relu;;;128;;0,8082261902040776;0,09284187783995948;0,2756562328434427;2195;17369;5099;batchnorm;0,042595751742872376;10;29,0;;;;;True;2;sgd;minmax
471;2024-07-04 01:14:15.547875;inf;;selu;;;128;;0,9039208299175758;0,07981341995185894;0,6788434765308096;2195;17369;5099;vanilla;0,014030137087060279;12;30,0;21,0;;;;True;3;sgd;maxabs
472;2024-07-04 01:15:39.619108;0,3850333094596863;;leaky_relu;;;512;;0,8756513767159866;0,07412682633005986;0,05953796182969491;2195;17369;5099;batchnorm;0,007744172004777925;11;30,0;8,0;15,0;10,0;0,04773876324919104;True;5;sgd;maxabs
473;2024-07-04 01:17:19.568669;0,3453410565853119;;relu;;;128;;0,8406035774796974;0,07138189185014021;0,0010547882614148213;2195;17369;5099;batchnorm;0,3870793879332012;11;28,0;18,0;;;;True;3;sgd;maxabs
474;2024-07-04 01:21:19.637214;0,4162842035293579;;relu;;;256;;0,7730079784446832;0,05772864368326579;0,47374586691865794;2195;17369;5099;batchnorm;0,6368866453567721;10;29,0;26,0;;;;True;3;sgd;maxabs
475;2024-07-04 01:23:18.300932;0,2837051749229431;;leaky_relu;;;128;;0,8175316747744261;0,023448262699955143;0,8571142270119126;2195;17369;5099;batchnorm;0,02264978851108464;20;30,0;29,0;28,0;18,0;0,05973214518077653;True;5;sgd;maxabs
476;2024-07-04 01:27:02.264722;0,4508316218852997;;relu;0,3710126226241839;0,9185297808254427;256;;0,6304735039812324;0,09076421890479902;0,6097048269271949;2195;17369;5099;batchnorm;;9;5,0;27,0;;;;;3;adam;maxabs
477;2024-07-04 01:28:52.115506;0,3358948230743408;;relu;;;128;;0,9291032606666519;0,06606742085791224;0,3539141296426859;2195;17369;5099;batchnorm;0,0924726561609941;12;13,0;5,0;;;;True;3;sgd;maxabs
478;2024-07-04 01:30:53.031250;0,6384903788566589;;leaky_relu;;;32;;0,7502133362022655;0,08579656392793218;0,017351620128787024;2195;17369;5099;batchnorm;0,14398091463238996;11;29,0;28,0;;;0,05025372473156662;True;3;sgd;maxabs
479;2024-07-04 01:34:20.822156;0,4633640944957733;;relu;;;128;;0,8629311004287352;0,0828902716217576;0,011901196478492897;2195;17369;5099;batchnorm;0,03360538667824292;10;12,0;30,0;28,0;;;True;4;sgd;maxabs
480;2024-07-04 01:36:55.467458;0,3245837390422821;;leaky_relu;;;16;;0,7938523434730516;0,08795037496433493;0,7221220458725751;2195;17369;5099;batchnorm;0,014758731910194903;25;;;;;0,044123083701692566;False;1;sgd;maxabs
481;2024-07-04 01:43:00.275975;0,45506322383880615;;relu;;;256;;0,9588939239817119;0,0962253202061157;0,9010636356318258;2195;17369;5099;batchnorm;0,7348217239198916;12;18,0;6,0;27,0;;;True;4;sgd;maxabs
482;2024-07-04 01:44:54.648034;0,21907947957515717;;relu;;;128;;0,3788582254424048;0,04140315510029482;0,5531984556213156;2195;17369;5099;batchnorm;0,8971385653456435;13;10,0;9,0;22,0;;;True;4;sgd;minmax
483;2024-07-04 01:47:01.530333;0,5893973708152771;;leaky_relu;;;128;;0,8286335066779457;0,0767033347631387;0,7976876501471064;2195;17369;5099;batchnorm;0,030964872129789853;9;30,0;30,0;16,0;10,0;0,017206751548653233;True;5;sgd;maxabs
484;2024-07-04 01:49:44.995503;0,5005421042442322;;relu;;;256;;0,885427092290041;0,09856660055798293;0,42568935395758006;2195;17369;5099;batchnorm;0,1258774339576114;11;29,0;20,0;29,0;;;True;4;sgd;maxabs
485;2024-07-04 01:52:35.541186;0,2624050974845886;;relu;;;128;;0,6636443639970531;0,07895348502000922;0,9886795564438411;2195;17369;5099;batchnorm;0,23081187396403516;10;30,0;23,0;28,0;;;True;4;sgd;maxabs
486;2024-07-04 01:54:47.464660;0,26449742913246155;;leaky_relu;;;128;;0,47754033930047446;0,09205488325806845;0,6748398267753168;2195;17369;5099;vanilla;0,02543902316210817;11;28,0;30,0;10,0;;0,02205186504358144;True;4;sgd;maxabs
487;2024-07-04 01:56:42.470591;0,40008729696273804;;selu;;;64;;0,4095217038170247;0,08131763296544091;0,5304952084789375;2195;17369;5099;batchnorm;0,0038841264463642514;10;30,0;29,0;;;;True;3;sgd;maxabs
488;2024-07-04 01:59:40.257434;0,41699472069740295;;relu;;;256;0,28133986627849533;0,779015182771631;0,06963785945807986;0,0013924572451696113;2195;17369;5099;dropout;0,21432744395185466;9;29,0;28,0;27,0;;;True;4;sgd;maxabs
489;2024-07-04 02:02:27.216602;0,20464356243610382;;leaky_relu;;;128;;0,9140273468356702;0,0863878803573952;0,6075020217388646;2195;17369;5099;batchnorm;0,07168755609290273;8;23,0;30,0;30,0;;0,029093443720646373;True;4;sgd;maxabs
490;2024-07-04 02:06:31.822003;0,6736845374107361;;leaky_relu;;;128;;0,8861495330962894;0,08871068785406068;0,03127658023995664;2195;17369;5099;batchnorm;0,05728648485192329;7;23,0;30,0;30,0;;0,024964041436781152;True;4;sgd;maxabs
491;2024-07-04 02:08:51.394351;0,28746888041496277;;leaky_relu;;;16;;0,9135786385944253;0,08721628899741517;0,48050248569764903;2195;17369;5099;batchnorm;0,04661561018659578;8;19,0;30,0;;;0,028702302495983094;True;3;sgd;normalizer
492;2024-07-04 02:17:16.477146;0,23962050676345825;;leaky_relu;;;128;;0,9379644399960498;0,09000658706171409;0,6042057980658325;2195;17369;5099;batchnorm;0,051960176339961195;8;26,0;30,0;30,0;;0,035303311878262196;True;4;sgd;maxabs
493;2024-07-04 02:21:02.025216;0,37943682074546814;;leaky_relu;;;256;;0,9067066940715612;0,09439384177828404;0,5814554054654336;2195;17369;5099;batchnorm;0,03517346194235271;8;25,0;30,0;30,0;;0,039056531182740724;True;4;sgd;maxabs
494;2024-07-04 02:22:59.801837;0,39969491958618164;;leaky_relu;;;128;;0,5832310680872386;0,08504469108993251;0,7028658369525493;2195;17369;5099;batchnorm;0,021490361111002228;7;27,0;;;;0,019096050478350342;True;2;sgd;maxabs
495;2024-07-04 02:25:54.922627;0,30304738879203796;;leaky_relu;;;256;;0,9281801778210146;0,06336274973686237;0,06713743353153982;2195;17369;5099;batchnorm;0,07136649105547134;7;13,0;29,0;29,0;27,0;0,03317040346563016;True;5;sgd;minmax
496;2024-07-04 02:28:15.975607;1,0831334590911865;;leaky_relu;0,526148481513941;0,789278623269327;128;;0,7485601256757611;0,0867473651594732;0,5244725745739397;2195;17369;5099;batchnorm;;8;15,0;30,0;21,0;;0,023857805527235938;;4;adam;maxabs
497;2024-07-04 02:30:22.931220;0,21424105763435364;;leaky_relu;;;128;;0,4909931235156565;0,091691807716888;0,052957039670292264;2195;17369;5099;batchnorm;0,9974465226336702;9;21,0;29,0;29,0;;0,026328053333290347;True;4;sgd;maxabs
498;2024-07-04 02:32:56.585079;0,5301461219787598;;leaky_relu;;;128;;0,952119359942362;0,09530471812173616;0,13729656934942716;2195;17369;5099;batchnorm;0,16681106125747755;8;22,0;29,0;30,0;;0,025485129610925954;True;4;sgd;maxabs
499;2024-07-04 02:36:25.656060;0,8952422142028809;;leaky_relu;;;256;;0,5250557749886907;0,09240172527881356;0,02537104403724561;2195;17369;5099;batchnorm;0,11838947071671635;9;21,0;12,0;;;0,02935266865385975;True;3;sgd;maxabs
500;2024-07-04 02:38:34.065158;0,4930623769760132;;leaky_relu;;;16;;0,4521930954276694;0,0999050743013186;0,3142573473114247;2195;17369;5099;batchnorm;0,39830799847108583;6;20,0;15,0;29,0;;0,03127160923095734;True;4;sgd;maxabs
501;2024-07-04 02:49:03.230026;0,60100257396698;;leaky_relu;;;128;;0,904629764794655;0,09648516012811163;0,020315312624473357;2195;17369;5099;vanilla;0,031289027624853284;9;23,0;30,0;30,0;;0,036785143710098916;False;4;sgd;maxabs
502;2024-07-04 02:50:58.830499;0,621577799320221;;leaky_relu;;;512;;0,5273813010930669;0,09138988497612553;0,047450824319443925;2195;17369;5099;batchnorm;0,08573829846473988;14;22,0;27,0;;;0,02255759719647398;True;3;sgd;maxabs
503;2024-07-04 02:52:49.619887;0,6888794302940369;;leaky_relu;;;128;;0,48585145660383644;0,09358232735930506;0,013378648840457735;2195;17369;5099;batchnorm;0,06482775720894486;8;22,0;29,0;29,0;;0,026955169283830422;True;4;sgd;maxabs
504;2024-07-04 02:54:54.426090;0,27974212169647217;;leaky_relu;;;256;;0,5080852302158338;0,09037890796155805;0,11118423106884355;2195;17369;5099;batchnorm;0,9721734937871425;9;21,0;30,0;18,0;;0,020042010768914046;True;4;sgd;maxabs
505;2024-07-04 02:57:15.215501;0,3754846453666687;;leaky_relu;;;128;;0,8678919480164851;0,07554230321823495;0,09779506544841224;2195;17369;5099;batchnorm;0,07627648675042722;9;23,0;7,0;29,0;;0,052468042330860505;True;4;sgd;maxabs
506;2024-07-04 02:59:26.680460;0,6211578845977783;;leaky_relu;;;256;;0,48994196750969976;0,09737347072520386;0,2032669999318116;2195;17369;5099;batchnorm;0,017451109730631634;8;21,0;28,0;;;0,047763407923096086;True;3;sgd;maxabs
507;2024-07-04 03:01:22.732239;0,682699978351593;;leaky_relu;;;128;;0,5392458649860916;0,09446963766826096;0,12850121178922275;2195;17369;5099;batchnorm;0,10217451812041432;13;14,0;30,0;22,0;;0,04144900872944921;True;4;sgd;maxabs
508;2024-07-04 03:03:25.911496;0,5590947866439819;;leaky_relu;;;128;;0,6821343958238246;0,05381877377985825;0,029716875382364224;2195;17369;5099;batchnorm;0,04087765301028166;12;21,0;25,0;30,0;;0,04359576274134925;True;4;sgd;maxabs
509;2024-07-04 03:05:47.657283;0,5626526474952698;;leaky_relu;;;256;0,36876460827694607;0,7202893657772061;0,039194500797388385;0,025520690729722698;2195;17369;5099;dropout;0,9905839872958399;10;22,0;29,0;29,0;;0,05510367243705486;True;4;sgd;minmax
510;2024-07-04 03:07:38.679406;0,30839863419532776;;leaky_relu;;;32;;0,4983129424980668;0,06583674122716371;0,2422917159788582;2195;17369;5099;batchnorm;0,023383150889598647;9;25,0;29,0;13,0;22,0;0,034324143350602604;True;5;sgd;maxabs
511;2024-07-04 03:11:19.626011;0,4406428933143616;;leaky_relu;;;16;;0,6078363438450816;0,06135271817050154;0,008036956911542176;2195;17369;5099;batchnorm;0,29588091902624425;7;16,0;30,0;28,0;;0,008255362779644237;True;4;sgd;maxabs
512;2024-07-04 03:19:01.412299;0,34002307057380676;;selu;;;128;;0,4651729401757146;0,08366321443467006;0,0454077349886321;2195;17369;5099;batchnorm;0,11357001319157854;12;24,0;28,0;;;;True;3;sgd;maxabs
513;2024-07-04 03:21:04.699354;0,3957948386669159;;leaky_relu;;;128;;0,9215752399259762;0,06832225013112958;0,029014732489370632;2195;17369;5099;vanilla;0,4272360794097438;10;28,0;8,0;29,0;;0,028411162748691512;True;4;sgd;maxabs
514;2024-07-04 03:23:20.088617;0,518463134765625;;leaky_relu;;;256;;0,570384213393722;0,07359694793561544;0,08969117914407523;2195;17369;5099;batchnorm;0,5883568533075295;11;17,0;30,0;28,0;;0,03158233301138119;True;4;sgd;maxabs
515;2024-07-04 03:25:20.299541;0,917883574962616;;leaky_relu;0,34205485356140153;0,5539457926847461;64;;0,8912282058583674;0,0891049359624305;0,051541817814064105;2195;17369;5099;batchnorm;;10;28,0;16,0;30,0;;0,0463004296301715;;4;adam;normalizer
516;2024-07-04 03:27:57.161291;0,5089281797409058;;leaky_relu;;;128;;0,8535862702723603;0,09310393546308231;0,409595721822465;2195;17369;5099;batchnorm;0,03950102608618284;9;22,0;9,0;28,0;;0,0260900501523278;True;4;sgd;maxabs
517;2024-07-04 03:30:55.013497;0,7646051645278931;;leaky_relu;;;128;;0,353592862611141;0,05691923367459236;0,009455012329528882;2195;17369;5099;batchnorm;0,028042317146612827;11;20,0;29,0;;;0,03946787073264957;True;3;sgd;maxabs
518;2024-07-04 03:33:46.212300;1,138668417930603;;selu;;;256;;0,8046736081427748;0,05879106489962855;0,03196508472591854;2195;17369;5099;batchnorm;0,7976893410110519;13;23,0;11,0;29,0;;;True;4;sgd;maxabs
519;2024-07-04 03:35:33.965046;0,4466537535190582;;leaky_relu;;;128;;0,7665391124158331;0,059658961698642154;0,14098899756061112;2195;17369;5099;batchnorm;0,078997172581704;8;27,0;29,0;28,0;;0,0514470723281437;True;4;sgd;maxabs
520;2024-07-04 03:37:51.454962;0,8673999309539795;;leaky_relu;;;256;;0,4148259598274301;0,07840088577443353;0,16465587179366417;2195;17369;5099;batchnorm;0,5010171973281606;12;29,0;8,0;30,0;;0,03809270540454735;False;4;sgd;maxabs
521;2024-07-04 03:39:39.353318;0,40247178077697754;;leaky_relu;;;128;;0,4356172497959397;0,08572950917706434;0,11147438896017683;2195;17369;5099;batchnorm;0,01913621954407273;11;11,0;30,0;;;0,02350514267535354;True;3;sgd;minmax
522;2024-07-04 03:41:42.088693;0,2731657028198242;;leaky_relu;;;16;;0,8413634995260263;0,09094567862769876;0,43830099725831284;2195;17369;5099;batchnorm;0,04515892088526751;9;24,0;24,0;20,0;;0,04986448919661486;True;4;sgd;maxabs
523;2024-07-04 03:56:29.725971;0,42941537499427795;;leaky_relu;;;128;;0,8767843055729332;0,09627428758195494;0,08348519214269287;2195;17369;5099;batchnorm;0,675449914163178;10;26,0;27,0;14,0;30,0;0,020312895536603662;True;5;sgd;maxabs
524;2024-07-04 04:02:15.869013;0,33304741978645325;;relu;;;256;;0,44379954040863034;0,08174993522357576;0,20669422171555651;2195;17369;5099;batchnorm;0,8744281373406074;11;29,0;30,0;29,0;;;True;4;sgd;maxabs
525;2024-07-04 04:04:28.570825;0,4433487057685852;;selu;;;128;;0,7948634380013634;0,07160917842612621;0,3839278333091467;2195;17369;5099;vanilla;0,09876272442235734;18;28,0;29,0;27,0;;;True;4;sgd;maxabs
526;2024-07-04 04:06:31.374399;0,36716923117637634;;leaky_relu;;;128;;0,3967249112764032;0,0874037901959773;0,6149558441300947;2195;17369;5099;batchnorm;0,3414256479682236;12;14,0;10,0;;;0,042466189597220386;True;3;sgd;maxabs
527;2024-07-04 04:09:34.936748;0,7279157042503357;;relu;;;256;;0,5016306215500749;0,0842594291852828;0,4866560843958216;2195;17369;5099;batchnorm;0,18842705057583087;23;29,0;28,0;28,0;;;True;4;sgd;maxabs
528;2024-07-04 04:12:00.303340;0,2978948950767517;;relu;;;128;;0,7332442898242724;0,09839856495103;0,2557299511370072;2195;17369;5099;batchnorm;0,7818217702890403;9;13,0;30,0;27,0;;;True;4;sgd;maxabs
529;2024-07-04 04:14:19.132975;0,4987718164920807;;leaky_relu;;;128;;0,2852244447608872;0,09238109338608666;0,2854558967342341;2195;17369;5099;batchnorm;0,03662088612923195;10;28,0;29,0;19,0;;0,033119013858016556;True;4;sgd;maxabs
530;2024-07-04 04:17:50.869213;0,6611999869346619;;relu;;;512;;0,8177336098943017;0,07505183084392798;0,00539197308131049;2195;17369;5099;batchnorm;0,9910279850473382;11;30,0;29,0;29,0;13,0;;True;5;sgd;maxabs
531;2024-07-04 04:19:41.762148;0,5177473425865173;;leaky_relu;;;256;0,2752069651437606;0,5485854470632886;0,006493770553875018;0,3553044310438839;2195;17369;5099;dropout;0,16108882498443472;12;29,0;30,0;28,0;;0,016022222994637507;True;4;sgd;maxabs
532;2024-07-04 04:23:08.825364;0,262687087059021;;relu;;;16;;0,36453874931941066;0,0948498576732944;0,04219011943506593;2195;17369;5099;batchnorm;0,5799161309640276;13;30,0;;;;;True;2;sgd;maxabs
533;2024-07-04 04:33:24.824577;0,5725436806678772;;leaky_relu;;;128;;0,7075461592034626;0,08007780763244068;0,020180099885937414;2195;17369;5099;batchnorm;0,06244617691667809;16;29,0;28,0;;;0,05750335928194748;True;3;sgd;minmax
534;2024-07-04 04:35:30.945152;13,65673828125;;relu;0,9468885398696977;0,6931618668333192;256;;0,2641367441429367;0,08886830148696806;0,7757693377707836;2195;17369;5099;batchnorm;;10;30,0;30,0;27,0;;;;4;adam;maxabs
535;2024-07-04 04:37:29.189091;0,46309995651245117;;leaky_relu;;;128;;0,9045349470396303;0,0861941084279045;0,018320404275121473;2195;17369;5099;batchnorm;0,862557781995752;8;29,0;26,0;30,0;;0,017900067674450848;True;4;sgd;maxabs
536;2024-07-04 04:39:34.317937;0,2746051251888275;;relu;;;128;;0,9424342447048931;0,07705556526088392;0,63843485346169;2195;17369;5099;batchnorm;0,7439463901798429;11;12,0;29,0;29,0;;;True;4;sgd;maxabs
537;2024-07-04 04:41:38.870913;0,44387808442115784;;relu;;;32;;0,6271582530948814;0,08938534991829615;0,06277885133867402;2195;17369;5099;batchnorm;0,6590767897936699;12;21,0;30,0;;;;True;3;sgd;maxabs
538;2024-07-04 04:46:58.415889;0,7572894096374512;;leaky_relu;;;256;;0,995327956974924;0,051614762421546084;0,22463154362860374;2195;17369;5099;vanilla;0,05634140051303771;10;;;;;0,04585098423179187;True;1;sgd;normalizer
539;2024-07-04 04:48:40.296335;0,276725709438324;;selu;;;128;;0,9718482011118027;0,09995043382342095;0,5386656306846281;2195;17369;5099;batchnorm;0,28004903946815896;9;15,0;22,0;17,0;;;True;4;sgd;maxabs
540;2024-07-04 04:51:44.743718;0,9321615695953369;;relu;;;128;;0,6887781597363641;0,08314873516845084;0,05836432736427987;2195;17369;5099;batchnorm;0,47134782465288005;11;30,0;13,0;27,0;25,0;;False;5;sgd;maxabs
541;2024-07-04 04:53:50.682054;inf;;leaky_relu;;;16;;0,7599780049124321;0,05192438490161533;0,6927968840639405;2195;17369;5099;batchnorm;0,8786303271017317;9;27,0;7,0;28,0;;0,03047823075615525;True;4;sgd;maxabs
542;2024-07-04 04:55:35.105372;0,7968105673789978;;relu;;;256;;0,8636994540711521;0,09119333548309634;0,011126625795556474;2195;17369;5099;batchnorm;0,04274011125027055;10;28,0;29,0;29,0;;;True;4;sgd;maxabs
543;2024-07-04 04:57:49.217052;0,36442533135414124;;leaky_relu;;;64;;0,7902008997590301;0,09742519170352719;0,8372312224921724;2195;17369;5099;batchnorm;0,789948060505016;12;29,0;30,0;;;0,04823023113689642;True;3;sgd;maxabs
544;2024-07-04 05:00:26.314323;0,30200767517089844;;relu;;;128;;0,8939728624450707;0,06971632202394105;0,6141526786758451;2195;17369;5099;batchnorm;0,3392092313153145;11;30,0;28,0;28,0;;;True;4;sgd;maxabs
545;2024-07-04 05:04:00.549155;0,6721513271331787;;leaky_relu;;;128;;0,9227991669199629;0,09379923297699373;0,040015346265853305;2195;17369;5099;batchnorm;0,009941606805585694;8;29,0;30,0;11,0;;0,06170778871986942;True;4;sgd;maxabs
546;2024-07-04 05:06:13.017883;0,5802842378616333;;relu;;;256;;0,8213439720264243;0,06523874900385751;0,020851742658030976;2195;17369;5099;batchnorm;0,9932504960016583;17;30,0;29,0;30,0;;;True;4;sgd;minmax
547;2024-07-04 05:08:56.746771;0,3990077078342438;;leaky_relu;;;128;;0,47849541479535557;0,06297374259414401;0,010068100219992906;2195;17369;5099;batchnorm;0,5486933850794494;10;29,0;6,0;27,0;;0,040433144328638634;True;4;sgd;maxabs
548;2024-07-04 05:11:17.840230;0,2977789342403412;;relu;;;256;;0,77491683130851;0,08095828964843421;0,4896286236934429;2195;17369;5099;batchnorm;0,2164411670542466;11;19,0;18,0;;;;True;3;sgd;maxabs
549;2024-07-04 05:13:33.869966;0,3049641251564026;;relu;;;128;;0,8551698292443856;0,08572131832042908;0,006965993948618671;2195;17369;5099;batchnorm;0,030091749035559112;12;23,0;29,0;28,0;;;True;4;sgd;maxabs
550;2024-07-04 05:16:06.590865;0,3437384366989136;;leaky_relu;;;128;;0,5180002235069574;0,04629075201994719;0,7698254706001717;2195;17369;5099;vanilla;0,6758392597342823;9;28,0;30,0;29,0;;0,03585530127964382;True;4;sgd;maxabs
551;2024-07-04 05:18:03.211294;0,30977755784988403;;selu;;;16;;0,6530839035613021;0,07854988750864626;0,7023579811545008;2195;17369;5099;batchnorm;0,09100115356496963;10;30,0;28,0;27,0;;;True;4;sgd;maxabs
552;2024-07-04 05:28:22.702546;0,5427473187446594;;relu;;;256;;0,8381426326261968;0,09554517064239992;0,0032099060886813364;2195;17369;5099;batchnorm;0,14281410379241355;11;29,0;27,0;;;;True;3;sgd;maxabs
553;2024-07-04 05:31:03.105489;0,2250795066356659;;leaky_relu;0,590479570155767;0,08204862033237709;128;;0,5672349483262529;0,053415760501562784;0,012576611442963601;2195;17369;5099;batchnorm;;11;28,0;29,0;28,0;;0,02128377504132735;;4;adam;maxabs
554;2024-07-04 05:33:36.063201;0,535723090171814;;relu;;;128;0,43306675140973194;0,8068418504591817;0,08810939629547031;0,015462737985480597;2195;17369;5099;dropout;0,13023397488331465;14;30,0;30,0;23,0;;;True;4;sgd;maxabs
555;2024-07-04 05:35:49.080316;0,6015369296073914;;leaky_relu;;;256;;0,3178196051251061;0,09068844107742974;0,03438261667902958;2195;17369;5099;batchnorm;0,2441181945327627;13;30,0;8,0;26,0;;0,027177855960294064;True;4;sgd;maxabs
556;2024-07-04 05:37:51.954934;0,5751203894615173;;relu;;;128;;0,7545862596847965;0,01439352503133947;0,1802036516280859;2195;17369;5099;batchnorm;0,04817052035773199;7;29,0;;;;;True;2;sgd;maxabs
557;2024-07-04 05:39:52.163100;0,5545110702514648;;leaky_relu;;;512;;0,3863453601868233;0,08307537330056065;0,12662470608467136;2195;17369;5099;batchnorm;0,7970687429159257;10;22,0;29,0;29,0;15,0;0,05509961452363166;True;5;sgd;minmax
558;2024-07-04 05:41:47.603013;0,6344436407089233;;relu;;;128;;0,8828695883106464;0,09333577623917318;0,06596024714425823;2195;17369;5099;batchnorm;0,4297061394432836;11;30,0;30,0;;;;True;3;sgd;maxabs
559;2024-07-04 05:43:59.606730;0,631568431854248;;leaky_relu;;;256;;0,7837550171592332;0,08702737105600103;0,002235091073942368;2195;17369;5099;batchnorm;0,072190029608112;12;20,0;28,0;27,0;;0,023552668778412;True;4;sgd;normalizer
560;2024-07-04 05:45:52.106250;0,37698712944984436;;relu;;;128;;0,42867713802354857;0,05999174554541332;0,014752956704697446;2195;17369;5099;batchnorm;0,021531797447887985;9;29,0;21,0;30,0;;;False;4;sgd;maxabs
561;2024-07-04 05:48:34.262074;0,3209156095981598;;leaky_relu;;;16;;0,7366407263089958;0,0843702031486803;0,5649816821290231;2195;17369;5099;batchnorm;0,012121630536269065;8;13,0;9,0;4,0;;0,07581410566254618;True;4;sgd;maxabs
562;2024-07-04 05:54:11.467015;0,6423563957214355;;relu;;;128;;0,9075503261619039;0,07319850456583522;0,053650621015193786;2195;17369;5099;batchnorm;0,5931623218585662;10;30,0;30,0;28,0;;;True;4;sgd;maxabs
563;2024-07-04 05:56:23.760621;0,45995786786079407;;selu;;;256;;0,6432923232491791;0,09676615941699797;0,1628321260533728;2195;17369;5099;vanilla;0,8809831287009297;11;28,0;29,0;;;;True;3;sgd;maxabs
564;2024-07-04 05:58:10.253096;0,3262445628643036;;relu;;;32;;0,8078931083774442;0,07564139939680935;0,07679927418661028;2195;17369;5099;batchnorm;0,7253981056894625;12;12,0;30,0;8,0;;;True;4;sgd;maxabs
565;2024-07-04 06:09:28.144055;9,97132406441902e+16;;leaky_relu;;;128;;0,582018221902507;0,0897542270187708;0,7796405234153756;2195;17369;5099;batchnorm;0,9889662672476701;13;27,0;28,0;12,0;19,0;0,05254670086343135;True;5;sgd;maxabs
566;2024-07-04 06:11:00.320740;0,45923158526420593;;relu;;;256;;0,8574964257236891;0,09230331728182996;0,010306445435935185;2195;17369;5099;batchnorm;0,648459362809095;9;29,0;29,0;29,0;;;True;4;sgd;maxabs
567;2024-07-04 06:13:04.856109;0,6460691690444946;;leaky_relu;;;128;;0,8307058291189221;0,09839501620622534;0,022471473277468183;2195;17369;5099;batchnorm;0,8243293655579312;10;30,0;27,0;27,0;;0,029006997328277932;True;4;sgd;maxabs
568;2024-07-04 06:15:10.212312;0,4986845552921295;;relu;;;128;;0,697151182183126;0,08134271016735686;0,026072220639200536;2195;17369;5099;batchnorm;0,19375119499776355;15;29,0;30,0;;;;True;3;sgd;maxabs
569;2024-07-04 06:17:20.155923;0,22572630643844604;;leaky_relu;;;256;;0,5398685708140605;0,09518452618396572;0,8793765238315072;2195;17369;5099;batchnorm;0,5088186476475794;10;30,0;29,0;26,0;;0,04920574870091394;True;4;sgd;maxabs
570;2024-07-04 06:20:00.396828;0,2610640525817871;;relu;;;128;;0,9415299930795438;0,06664164306781782;0,643518159378176;2195;17369;5099;batchnorm;0,7145339081630688;12;27,0;23,0;20,0;;;True;4;sgd;maxabs
571;2024-07-04 06:22:01.116674;inf;;leaky_relu;;;16;;0,770711266880974;0,05540357431082876;0,4299121405648857;2195;17369;5099;batchnorm;0,998970809370778;9;29,0;6,0;28,0;;0,04372867644801203;True;4;sgd;minmax
572;2024-07-04 06:23:44.676173;0,23076583445072174;;relu;0,5048001929945696;0,29524858835105533;64;;0,8819192205689013;0,08544658022010138;0,016527810980306687;2195;17369;5099;batchnorm;;11;14,0;28,0;29,0;;;;4;adam;maxabs
573;2024-07-04 06:29:01.046137;1,0829640626907349;;leaky_relu;;;128;;0,6132533976905077;0,08810875897750195;0,03738835523250383;2195;17369;5099;batchnorm;0,014296842461771255;11;16,0;30,0;;;0,03696970537027748;True;3;sgd;maxabs
574;2024-07-04 06:32:37.740998;0,2851946949958801;;relu;;;256;;0,7904553631935954;0,0792879418626286;0,5373649896186324;2195;17369;5099;batchnorm;0,8591665824086762;8;26,0;29,0;30,0;;;True;4;sgd;maxabs
575;2024-07-04 06:35:22.070158;0,39931541681289673;;leaky_relu;;;128;0,5287686281026104;0,9789673379016646;0,09172599723462171;0,6953615389048454;2195;17369;5099;dropout;0,6242884612709003;10;30,0;7,0;21,0;;0,014611236333974816;True;4;sgd;maxabs
576;2024-07-04 06:37:58.523728;inf;;selu;;;128;;0,46449913189302305;0,0823866297304676;0,8579239085113234;2195;17369;5099;vanilla;0,08318239824457689;12;28,0;30,0;28,0;;;True;4;sgd;maxabs
577;2024-07-04 06:39:23.709838;0,4869841933250427;;relu;;;256;;0,3311329953146285;0,07121910957093172;0,10798335213388828;2195;17369;5099;batchnorm;0,11396760551889829;11;29,0;14,0;27,0;11,0;;True;5;sgd;maxabs
578;2024-07-04 06:41:18.419192;0,46614617109298706;;relu;;;128;;0,7240217975475151;0,039061387141894846;0,022603943466210093;2195;17369;5099;batchnorm;0,7631327917244892;10;24,0;12,0;28,0;;;True;4;sgd;maxabs
579;2024-07-04 06:43:33.660800;0,6763578057289124;;leaky_relu;;;256;;0,9178472675226417;0,08417543004036637;0,3608753346034809;2195;17369;5099;batchnorm;0,00592234735739759;9;30,0;25,0;;;0,02508720209974751;True;3;sgd;maxabs
580;2024-07-04 06:45:26.770651;0,2889436185359955;;relu;;;128;;0,8136109831207649;0,06752011003829268;0,5906561932114202;2195;17369;5099;batchnorm;0,3953009686701659;12;11,0;10,0;24,0;;;True;4;sgd;normalizer
581;2024-07-04 06:48:21.766188;0,26666057109832764;;leaky_relu;;;16;;0,5037800156343699;0,0866808635090173;0,09031989062453841;2195;17369;5099;batchnorm;0,8947818311303584;7;28,0;19,0;3,0;;0,034035954123756415;False;4;sgd;maxabs
582;2024-07-04 06:54:49.107810;0,4706410765647888;;relu;;;128;;0,6785827067327481;0,08995763669975813;0,29665718273643055;2195;17369;5099;batchnorm;0,5171792641155474;11;29,0;29,0;;;;True;3;sgd;maxabs
583;2024-07-04 06:56:54.517329;0,4160104990005493;;leaky_relu;;;256;;0,8408365977719628;0,07713097456037353;0,4624459838471403;2195;17369;5099;batchnorm;0,047341225275218224;9;30,0;9,0;29,0;;0,044867873567166455;True;4;sgd;minmax
584;2024-07-04 06:58:48.630483;0,3736000061035156;;relu;;;128;;0,7583148436517388;0,03479693917665041;0,7636634273318513;2195;17369;5099;batchnorm;0,024421183135511337;12;30,0;4,0;26,0;;;True;4;sgd;maxabs
585;2024-07-04 07:01:30.539313;0,2531000077724457;;leaky_relu;;;512;;0,3490859552675309;0,09448401833735552;0,18599629597374598;2195;17369;5099;batchnorm;0,7142150957155528;11;13,0;30,0;27,0;;0,03151731561975904;True;4;sgd;maxabs
586;2024-07-04 07:03:10.994209;0,2395922839641571;;relu;;;128;;0,26979574527408756;0,0970263284727793;0,9965524197326858;2195;17369;5099;batchnorm;0,016648227928674125;13;29,0;28,0;9,0;;;True;4;sgd;maxabs
587;2024-07-04 07:07:08.823365;0,33521053194999695;;leaky_relu;;;256;;0,8696742690357923;0,05674740179164364;0,646944235595849;2195;17369;5099;batchnorm;0,8869029196593086;10;28,0;29,0;;;0,05086479126043326;True;3;sgd;maxabs
588;2024-07-04 07:09:13.440360;0,21863587200641632;;relu;;;128;;0,8985341484410705;0,09283653632944902;0,029591961425182205;2195;17369;5099;vanilla;0,06921524878530329;10;30,0;30,0;30,0;7,0;;True;5;sgd;maxabs
589;2024-07-04 07:11:10.513874;0,8665615916252136;;selu;;;128;;0,5611659344233395;0,08860314844615834;0,0014834056819667465;2195;17369;5099;batchnorm;0,5876031903768213;8;29,0;30,0;28,0;;;True;4;sgd;maxabs
590;2024-07-04 07:13:13.533588;0,2742052376270294;;leaky_relu;;;256;;0,4477678154365027;0,08084396094248143;0,24620669547772964;2195;17369;5099;batchnorm;0,797899364381524;11;22,0;29,0;27,0;;0,04126381909889809;True;4;sgd;maxabs
591;2024-07-04 07:15:38.522651;849,0643920898438;;relu;0,7339134808721215;0,16681154738746062;32;;0,779565485724074;0,08540929228649807;0,5177454567247075;2195;17369;5099;batchnorm;;12;30,0;30,0;;;;;3;adam;maxabs
592;2024-07-04 07:20:39.019728;0,6248177289962769;;relu;;;16;;0,745910545474465;0,07369413522660892;0,013680618051396785;2195;17369;5099;batchnorm;0,026511955325987577;10;29,0;28,0;29,0;;;True;4;sgd;maxabs
593;2024-07-04 07:32:42.714293;0,2559538185596466;;leaky_relu;;;128;;0,8033293731580098;0,09108970208872152;0,7657198259896141;2195;17369;5099;batchnorm;0,2741241169595649;9;30,0;27,0;26,0;;0,04753825983781367;True;4;sgd;maxabs
594;2024-07-04 07:34:56.881659;0,5472262501716614;;relu;;;256;;0,8530455621783257;0,07786278012270938;0,8643509568541204;2195;17369;5099;batchnorm;0,054731254708207576;14;28,0;26,0;15,0;24,0;;True;5;sgd;maxabs
595;2024-07-04 07:37:23.990667;0,2342410385608673;;leaky_relu;;;128;;0,602627785369846;0,04902068009572709;0,6203430103696169;2195;17369;5099;batchnorm;0,6810708150176635;11;30,0;29,0;18,0;;0,09648856276012843;True;4;sgd;minmax
596;2024-07-04 07:40:59.584467;0,468030720949173;;relu;;;128;;0,8266004374436164;0,06488935626713122;0,14871184672886462;2195;17369;5099;batchnorm;0,1591476328894094;13;29,0;15,0;29,0;;;True;4;sgd;maxabs
597;2024-07-04 07:43:24.033161;0,5147842168807983;;leaky_relu;;;256;0,5940534906054824;0,40584982210915016;0,0983495171800584;0,7156608072402427;2195;17369;5099;dropout;0,03440813438643081;9;21,0;7,0;30,0;;0,038749638424970353;True;4;sgd;maxabs
598;2024-07-04 07:45:07.979520;0,41395819187164307;;relu;;;64;;0,4808606428181939;0,06966050952714414;0,058271313992069904;2195;17369;5099;batchnorm;0,3640356931600061;10;29,0;20,0;;;;True;3;sgd;maxabs
599;2024-07-04 07:48:14.989076;0,6236692070960999;;leaky_relu;;;128;;0,7906403284107257;0,09578005050187985;0,561637148306003;2195;17369;5099;batchnorm;0,0029653258794987147;12;30,0;8,0;28,0;;0,05357305822091291;True;4;sgd;maxabs
600;2024-07-04 07:50:17.993944;0,8519152998924255;;relu;;;128;;0,9262177187661422;0,08698355410937383;0,03420188819020662;2195;17369;5099;batchnorm;0,8940110062804121;10;23,0;30,0;27,0;;;True;4;sgd;maxabs
601;2024-07-04 07:52:21.075265;0,48110002279281616;;selu;;;256;;0,889659975369413;0,08320809418785798;0,07871729110147709;2195;17369;5099;vanilla;0,9974404121358279;8;28,0;29,0;;;;False;3;sgd;maxabs
602;2024-07-04 07:54:05.093905;0,2753230333328247;;leaky_relu;;;128;;0,9577840531473107;0,09352407054353834;0,3970705744472263;2195;17369;5099;batchnorm;0,46197586472806285;6;29,0;30,0;28,0;;0,020238965646794213;True;4;sgd;maxabs
603;2024-07-04 07:56:44.358764;inf;;relu;;;16;;0,7660759060232981;0,017960683546314304;0,8819810100073495;2195;17369;5099;batchnorm;0,7667556604586896;11;13,0;17,0;16,0;;;True;4;sgd;normalizer
604;2024-07-04 07:58:29.546618;0,22154617309570312;;leaky_relu;;;128;;0,3803725772801321;0,06295874221435344;0,6940129565843992;2195;17369;5099;batchnorm;0,59793489064738;11;18,0;11,0;27,0;3,0;0,027516638231523907;True;5;sgd;maxabs
605;2024-07-04 08:00:55.435413;0,5616632103919983;;relu;;;256;;0,7181709647590423;0,08973746913834552;0,48443782471598934;2195;17369;5099;batchnorm;0,010330534330686371;10;8,0;29,0;13,0;;;True;4;sgd;maxabs
606;2024-07-04 08:03:26.426517;0,44838714599609375;;relu;;;128;;0,6636181369468422;0,029239277522245675;0,8080669603351752;2195;17369;5099;batchnorm;0,10478013551316014;9;30,0;28,0;;;;True;3;sgd;maxabs
607;2024-07-04 08:05:53.084073;0,6480578780174255;;leaky_relu;;;256;;0,6347821768799583;0,050084283039262115;0,6049696717944164;2195;17369;5099;batchnorm;0,01918079768306335;11;27,0;30,0;29,0;;0,05675152709762066;True;4;sgd;maxabs
608;2024-07-04 08:07:45.433549;0,26778459548950195;;relu;;;128;;0,807649856526523;0,02366831930258413;0,6670630118343915;2195;17369;5099;batchnorm;0,13417778834113614;12;14,0;29,0;26,0;;;True;4;sgd;minmax
609;2024-07-04 08:10:18.489676;0,5344128608703613;;leaky_relu;;;128;;0,8731250383253164;0,07563420458732463;0,009365956400163364;2195;17369;5099;batchnorm;0,7995858983287526;10;25,0;28,0;28,0;;0,0429377775233521;True;4;sgd;maxabs
610;2024-07-04 08:12:39.129149;3,2813262939453125;;relu;0,06737744569624166;0,21492815574826535;256;;0,8385361118330944;0,05297627990851444;0,9113344941817638;2195;17369;5099;batchnorm;;13;29,0;30,0;22,0;;;;4;adam;maxabs
611;2024-07-04 08:14:28.996057;0,6892538666725159;;leaky_relu;;;128;;0,2879352971770396;0,08025186053630962;0,004183736635270893;2195;17369;5099;batchnorm;0,3184428386851486;11;30,0;29,0;14,0;;0,03536862418153072;True;4;sgd;maxabs
612;2024-07-04 08:17:45.041050;0,3556284010410309;;relu;;;16;;0,7338193896538074;0,06051065373499868;0,04287087039933162;2195;17369;5099;batchnorm;0,6680975590679229;12;15,0;13,0;30,0;;;True;4;sgd;maxabs
613;2024-07-04 08:25:25.117069;0,3809666633605957;;leaky_relu;;;512;;0,5412412179044304;0,09999236068503106;0,3328606139828897;2195;17369;5099;vanilla;0,041290935267743245;9;3,0;30,0;;;0,06003482088537545;True;3;sgd;maxabs
614;2024-07-04 08:27:02.579491;0,42148473858833313;;relu;;;128;;0,23141677682873335;0,04455598333508512;0,11761227076752596;2195;17369;5099;batchnorm;0,20719775450737216;10;30,0;29,0;25,0;;;True;4;sgd;maxabs
615;2024-07-04 08:29:32.722722;0,8087158203125;;selu;;;256;;0,5049273452332936;0,08475564185755509;0,04497407411139859;2195;17369;5099;batchnorm;0,8762795072873921;7;20,0;28,0;29,0;17,0;;True;5;sgd;maxabs
616;2024-07-04 08:31:24.063430;0,37791284918785095;;leaky_relu;;;128;;0,7772127612776064;0,04202983056939658;0,4541334420829053;2195;17369;5099;batchnorm;0,0015473169275846946;8;29,0;30,0;;;0,04581139184730433;True;3;sgd;maxabs
617;2024-07-04 08:33:24.966867;0,28573593497276306;;relu;;;128;;0,9114404659526284;0,02716442053293729;0,5577756284590938;2195;17369;5099;batchnorm;0,5516511024428636;12;28,0;30,0;28,0;;;True;4;sgd;maxabs
618;2024-07-04 08:35:37.715919;0,37349995970726013;;leaky_relu;;;256;;0,5866802972671222;0,08766767210934415;0,002346812800886569;2195;17369;5099;batchnorm;0,746635164080651;11;29,0;8,0;27,0;;0,029675992372539775;True;4;sgd;maxabs
619;2024-07-04 08:37:40.394286;0,327248752117157;;relu;;;128;0,2214229717023556;0,8654794848837705;0,09187124816565766;0,7414501955125404;2195;17369;5099;dropout;0,9963189527331348;8;12,0;27,0;29,0;;;True;4;sgd;maxabs
620;2024-07-04 08:39:38.086948;0,48512959480285645;;leaky_relu;;;32;;0,8175647588391546;0,035523618642312335;0,09622515063477007;2195;17369;5099;batchnorm;0,06192194374354797;9;30,0;26,0;26,0;;0,022159813882981803;False;4;sgd;maxabs
621;2024-07-04 08:47:29.339889;0,2616282105445862;;relu;;;128;;0,4354305833152676;0,08241877793207118;0,802680968716648;2195;17369;5099;batchnorm;0,6732700252102012;10;30,0;16,0;;;;True;3;sgd;minmax
622;2024-07-04 08:49:29.462577;0,3675368130207062;;relu;;;256;;0,7969211687727396;0,09513863549403925;0,05452572677320752;2195;17369;5099;batchnorm;0,8342078160817908;11;28,0;5,0;24,0;;;True;4;sgd;maxabs
623;2024-07-04 08:51:36.580119;0,31995251774787903;;leaky_relu;;;16;;0,7516620014505664;0,0542459527451877;0,4032486860308575;2195;17369;5099;batchnorm;0,4590199464055486;11;29,0;;;;0,06412880544320297;True;2;sgd;maxabs
624;2024-07-04 08:56:52.512855;33,37849426269531;;relu;;;128;;0,31896825265714684;0,08651638217975226;0,5123881629411078;2195;17369;5099;batchnorm;0,9990974962979581;12;30,0;29,0;28,0;;;True;4;sgd;maxabs
625;2024-07-04 08:58:29.203617;0,25191643834114075;;leaky_relu;;;64;;0,8972141667857121;0,06838134535547007;0,6425809602970486;2195;17369;5099;batchnorm;0,08808642329069839;10;28,0;29,0;27,0;;0,018339847405277318;True;4;sgd;normalizer
626;2024-07-04 09:03:07.176643;0,49083685874938965;;selu;;;256;;0,9373366671577339;0,05105792692633011;0,007053106664108142;2195;17369;5099;vanilla;0,7688581356429285;13;29,0;30,0;;;;True;3;sgd;maxabs
627;2024-07-04 09:04:54.286968;0,3709462583065033;;relu;;;128;;0,8523556185788825;0,078801644335691;0,003665616536490506;2195;17369;5099;batchnorm;0,6068337846663412;11;30,0;30,0;30,0;;;True;4;sgd;maxabs
628;2024-07-04 09:06:57.577955;0,4816538393497467;;leaky_relu;;;128;;0,6998310526102156;0,07199732731476897;0,006325489510341082;2195;17369;5099;batchnorm;0,23687605972947712;9;29,0;28,0;29,0;20,0;0,03316474972162428;True;5;sgd;maxabs
629;2024-07-04 09:09:07.575092;0,1908789426088333;;relu;0,8610308626937675;0,37214200930981234;256;;0,4205495143450484;0,08881733409129103;0,012847505231982317;2195;17369;5099;batchnorm;;12;30,0;29,0;27,0;;;;4;adam;maxabs
630;2024-07-04 09:11:16.648873;0,1883789449930191;;relu;0,9083598357358883;0,3819180367566872;256;;0,4771066448305902;0,08901343662187813;0,01433270390203077;2195;17369;5099;batchnorm;;12;30,0;29,0;27,0;;;;4;adam;maxabs
631;2024-07-04 09:13:05.326455;0,471778929233551;;relu;0,9190135151685335;0,40167673592957814;256;;0,45100042219666286;0,08923855280095744;0,013623256676864532;2195;17369;5099;batchnorm;;13;24,0;3,0;27,0;;;;4;adam;maxabs
632;2024-07-04 09:15:06.980956;0,3717789351940155;;leaky_relu;0,9174789185132527;0,4921409756859967;256;;0,482016991529359;0,09059347658325945;0,007850070409988013;2195;17369;5099;batchnorm;;12;30,0;29,0;26,0;;0,025276753574404207;;4;adam;maxabs
633;2024-07-04 09:17:01.348192;0,35118940472602844;;relu;0,7580853391639655;0,3468347258808889;256;;0,5036697003389995;0,08912632371075291;0,008991742290334557;2195;17369;5099;batchnorm;;14;30,0;29,0;6,0;;;;4;adam;maxabs
634;2024-07-04 09:19:40.599499;0,6168210506439209;;leaky_relu;;;256;;0,5176595869857857;0,09249740777458479;0,018894522958748626;2195;17369;5099;batchnorm;0,03578949494156798;13;30,0;29,0;28,0;;0,05880584102457333;False;4;sgd;maxabs
635;2024-07-04 09:21:38.928769;0,21418945491313934;;relu;0,8440844545194905;0,3980416023539801;256;;0,46768672739482947;0,08814987322226611;0,027375732821686306;2195;17369;5099;batchnorm;;12;22,0;29,0;27,0;;;;4;adam;minmax
636;2024-07-04 09:23:28.499006;0,19524212181568146;;relu;0,8664871014542517;0,4107671058621875;256;;0,4856651842377526;0,08806539452205292;0,015484183260898043;2195;17369;5099;batchnorm;;13;30,0;29,0;26,0;;;;4;adam;minmax
637;2024-07-04 09:25:37.791086;0,2164842188358307;;relu;0,8643219094916258;0,40463894665856276;256;;0,4623105780739256;0,09043062136835518;0,012280992768772921;2195;17369;5099;batchnorm;;13;23,0;29,0;26,0;;;;4;adam;minmax
638;2024-07-04 09:27:37.866972;0,3276263177394867;;relu;0,8659956607449628;0,42634382438126756;256;;0,47376230203001185;0,08846625055168877;0,010108733482650456;2195;17369;5099;batchnorm;;13;22,0;29,0;25,0;;;;4;adam;minmax
639;2024-07-04 09:29:31.532574;0,20103159546852112;;relu;0,8086759430419227;0,39116115563698406;256;;0,45909861133788255;0,09025638296940455;0,013062955007868509;2195;17369;5099;batchnorm;;14;23,0;30,0;25,0;;;;4;adam;minmax
640;2024-07-04 09:32:09.888695;0,31398946046829224;;relu;0,8804876502416629;0,3814853958147443;256;;0,4554272699409692;0,09022089248945438;0,011947134814719216;2195;17369;5099;batchnorm;;14;23,0;30,0;25,0;;;;4;adam;minmax
641;2024-07-04 09:34:10.185462;0,19551052153110504;;relu;0,7919556237167208;0,3408391633669611;256;;0,4827972622419874;0,04686383714233079;0,012616638094021398;2195;17369;5099;batchnorm;;14;23,0;30,0;26,0;;;;4;adam;minmax
642;2024-07-04 09:36:35.123666;0,523731529712677;;relu;0,796388017684057;0,34121769403362523;256;;0,4731991652661501;0,09114532996715573;0,0124380764852371;2195;17369;5099;vanilla;;15;23,0;30,0;25,0;;;;4;adam;minmax
643;2024-07-04 09:38:20.097315;0,21872633695602417;;relu;0,8169124340800815;0,45578454015724296;256;;0,4701209996988682;0,04587591017450089;0,015575827854105896;2195;17369;5099;batchnorm;;14;23,0;30,0;26,0;;;;4;adam;minmax
644;2024-07-04 09:40:45.494772;0,19365791976451874;;relu;0,8866944375231516;0,39381256843588813;256;;0,48689269888883585;0,08809115736132432;0,01683507454354637;2195;17369;5099;batchnorm;;14;23,0;5,0;26,0;;;;4;adam;minmax
645;2024-07-04 09:42:51.815777;0,4526263177394867;;relu;0,8984822405322195;0,3718957777225603;256;;0,47752431936363443;0,08767612683078409;0,014324145075708847;2195;17369;5099;batchnorm;;15;24,0;4,0;25,0;;;;4;adam;minmax
646;2024-07-04 09:44:43.616903;0,24881576001644135;;relu;0,9560401091386193;0,3243855729869399;256;0,25472322068105857;0,4936692388856023;0,045400533695153455;0,017173506772303986;2195;17369;5099;dropout;;15;22,0;24,0;26,0;;;;4;adam;minmax
647;2024-07-04 09:46:38.335711;0,1937473714351654;;relu;0,8168811638487807;0,4157071738514538;256;;0,49000737441315656;0,04454527605994603;0,01721374913730182;2195;17369;5099;batchnorm;;14;24,0;21,0;26,0;;;;4;adam;minmax
648;2024-07-04 09:48:43.942235;0,20194211602210999;;relu;0,8259146779786605;0,38610862088266773;256;;0,49380522458400944;0,0873310870832614;0,016711832976273964;2195;17369;5099;batchnorm;;14;23,0;20,0;25,0;;;;4;adam;minmax
649;2024-07-04 09:51:16.416706;0,19973155856132507;;relu;0,8196726265057838;0,4084199973908378;256;;0,4897183136657575;0,04957351470864357;0,014757006636153721;2195;17369;5099;batchnorm;;14;24,0;20,0;24,0;;;;4;adam;minmax
650;2024-07-04 09:53:31.942878;0,1949579119682312;;relu;0,813443563521068;0,3892476388585393;256;;0,48783164977155463;0,047382368942508725;0,01714842479498694;2195;17369;5099;batchnorm;;14;24,0;30,0;24,0;;;;4;adam;minmax
651;2024-07-04 09:55:43.886067;0,204405277967453;;relu;0,830007939002764;0,3907873717987008;256;;0,4668495359324596;0,04840403165368838;0,01742535012214471;2195;17369;5099;batchnorm;;14;24,0;21,0;24,0;;;;4;adam;minmax
652;2024-07-04 09:57:45.486724;0,19133685529232025;;relu;0,818572322307517;0,3878131056081092;256;;0,5011414646466554;0,04793543033497942;0,01741008614439857;2195;17369;5099;batchnorm;;14;24,0;22,0;24,0;;;;4;adam;minmax
653;2024-07-04 09:59:42.329796;0,18965263664722443;;relu;0,814331538744364;0,38831936476762113;256;;0,4913128462019025;0,0441974626504258;0,017785126198259137;2195;17369;5099;batchnorm;;15;24,0;21,0;24,0;;;;4;adam;minmax
654;2024-07-04 10:01:55.281399;0,19480526447296143;;relu;0,838321399946472;0,39396681033289976;256;;0,48984005076667075;0,04820366510789507;0,01724655324605919;2195;17369;5099;batchnorm;;15;24,0;21,0;24,0;;;;4;adam;minmax
655;2024-07-04 10:03:55.978748;0,19433684647083282;;relu;0,8245187164455294;0,3984980087204087;256;;0,4922568135033822;0,047624520146864996;0,01685160329681007;2195;17369;5099;batchnorm;;16;24,0;21,0;23,0;;;;4;adam;minmax
656;2024-07-04 10:06:00.833766;0,19131053984165192;;relu;0,8152724122400068;0,3770915089097244;256;;0,4975756805745017;0,04717674700864149;0,018403751861352662;2195;17369;5099;batchnorm;;16;24,0;20,0;24,0;;;;4;adam;minmax
657;2024-07-04 10:08:16.844775;0,2129526138305664;;relu;0,8154174680341477;0,3771722072706843;256;;0,5058424251232111;0,04799290422831194;0,01763835486653024;2195;17369;5099;batchnorm;;15;24,0;21,0;23,0;;;;4;adam;minmax
658;2024-07-04 10:10:38.310257;0,19123157858848572;;relu;0,819976373972179;0,4280194590886625;256;;0,4907395916308783;0,048367146217931256;0,01593604406699438;2195;17369;5099;batchnorm;;15;25,0;20,0;24,0;;;;4;adam;minmax
659;2024-07-04 10:12:56.865256;0,2097894698381424;;relu;0,8229096022084879;0,4221634980267831;256;;0,4872585684476873;0,04681157118857749;0,016291767061979972;2195;17369;5099;batchnorm;;16;24,0;20,0;24,0;;;;4;adam;minmax
660;2024-07-04 10:15:00.132132;0,2018052637577057;;relu;0,8193562609215549;0,4170648144552092;256;;0,488833239532837;0,0470232301441456;0,015972539389239326;2195;17369;5099;batchnorm;;16;25,0;20,0;23,0;;;;4;adam;minmax
661;2024-07-04 10:17:22.817799;0,19752106070518494;;relu;0,791468685744809;0,38530991493954314;256;;0,49746857918930043;0,04823950285363329;0,018210246291538338;2195;17369;5099;batchnorm;;15;25,0;21,0;23,0;;;;4;adam;minmax
662;2024-07-04 10:19:34.977327;0,2095210701227188;;relu;0,8005313384040706;0,3800603490280798;256;;0,49355109571222017;0,04714238018537073;0,017939012221409353;2195;17369;5099;batchnorm;;16;25,0;21,0;23,0;;;;4;adam;minmax
663;2024-07-04 10:21:54.099982;0,20706316828727722;;relu;0,8337251229813203;0,41048204829185064;256;;0,5269134375527946;0,04915402742597058;0,015326806298583205;2195;17369;5099;batchnorm;;16;25,0;20,0;24,0;;;;4;adam;minmax
664;2024-07-04 10:23:55.067021;0,21820001304149628;;relu;0,782782105037123;0,3757017073438438;256;;0,4967774811220416;0,04829384345177292;0,019602732840869077;2195;17369;5099;vanilla;;15;24,0;22,0;23,0;;;;4;adam;minmax
665;2024-07-04 10:25:47.342619;0,20165789127349854;;relu;0,8492176219831709;0,4335820305386365;256;;0,4862970822620679;0,04412146317934114;0,014543060565332937;2195;17369;5099;batchnorm;;15;25,0;21,0;24,0;;;;4;adam;minmax
666;2024-07-04 10:28:33.291839;0,19089999794960022;;relu;0,8521482623722338;0,4302405492402075;256;;0,5155233366773956;0,04419643281587744;0,01444321306481398;2195;17369;5099;batchnorm;;17;25,0;21,0;24,0;;;;4;adam;minmax
667;2024-07-04 10:30:32.952269;0,21052630245685577;;relu;0,8581488048503102;0,43553367283104105;256;;0,5150846057142385;0,04458298904861264;0,014207332459165667;2195;17369;5099;batchnorm;;17;25,0;22,0;24,0;;;;4;adam;minmax
668;2024-07-04 10:32:58.912564;0,2158420979976654;;relu;0,8760293800196608;0,42044665508213674;256;;0,48899211430552986;0,0440871318400798;0,014892923997358788;2195;17369;5099;batchnorm;;15;25,0;21,0;23,0;;;;4;adam;minmax
669;2024-07-04 10:35:35.313204;0,23619475960731506;;relu;0,7996086659916569;0,36386280259980597;256;;0,516543278502241;0,049553023682199535;0,020198584064627965;2195;17369;5099;batchnorm;;16;25,0;20,0;24,0;;;;4;adam;minmax
670;2024-07-04 10:37:32.625696;0,20376841723918915;;relu;0,8414056737971483;0,4468503012703984;256;;0,5048553124588308;0,04569627074025342;0,016161485449602234;2195;17369;5099;batchnorm;;15;24,0;20,0;23,0;;;;4;adam;minmax
671;2024-07-04 10:39:29.571811;0,1857263445854187;;relu;0,7762597017293421;0,409277904077434;256;;0,4835717826233354;0,04675128513725112;0,013153329554565838;2195;17369;5099;batchnorm;;15;25,0;21,0;24,0;;;;4;adam;minmax
672;2024-07-04 10:41:49.729827;0,2057105451822281;;relu;0,7816161408631471;0,41626453345827313;256;;0,4781566267573535;0,043557555047343516;0,012827429663783496;2195;17369;5099;batchnorm;;16;25,0;21,0;24,0;;;;4;adam;minmax
673;2024-07-04 10:44:04.582077;0,19831576943397522;;relu;0,8542196855510066;0,40880099210869986;256;;0,4582126319724995;0,04564424627279155;0,013619791069953471;2195;17369;5099;batchnorm;;17;24,0;21,0;23,0;;;;4;adam;minmax
674;2024-07-04 10:46:06.621461;0,4231105148792267;;relu;0,876838015278003;0,3535132884658979;256;;0,4467836325183077;0,04679433474008776;0,013370440411577917;2195;17369;5099;vanilla;;15;24,0;22,0;24,0;;;;4;adam;minmax
675;2024-07-04 10:47:52.316876;0,6490051746368408;;relu;0,8515172453146832;0,45050515328152607;256;;0,45814909427261896;0,043822887976409104;0,011227639039677552;2195;17369;5099;batchnorm;;17;24,0;21,0;23,0;;;;4;adam;minmax
676;2024-07-04 10:49:55.621994;0,4079105257987976;;relu;0,7559145803563703;0,394985454976954;256;0,564390274221469;0,5105183518022832;0,05010866115845676;0,013711559814819292;2195;17369;5099;dropout;;15;24,0;21,0;22,0;;;;4;adam;minmax
677;2024-07-04 10:52:02.076234;0,2095526158809662;;relu;0,8048842483986298;0,3604836183350419;256;;0,5286971411503557;0,046183044886058726;0,018799143947668195;2195;17369;5099;batchnorm;;18;25,0;21,0;24,0;;;;4;adam;minmax
678;2024-07-04 10:54:05.408687;0,19976842403411865;;relu;0,8981964499317642;0,4004268243983361;256;;0,43755128845132035;0,04791307384621124;0,02206997146876284;2195;17369;5099;batchnorm;;17;24,0;22,0;23,0;;;;4;adam;minmax
679;2024-07-04 10:56:16.690500;0,3404105007648468;;relu;0,8904583314650617;0,3994270810778575;256;;0,4467447794379526;0,047775369643603745;0,020281724812964034;2195;17369;5099;batchnorm;;16;24,0;22,0;23,0;;;;4;adam;minmax
680;2024-07-04 10:58:04.956226;0,2408895045518875;;relu;0,9044653887408957;0,34017915046414754;256;;0,43823090866603964;0,0503044673298928;0,0179367865975191;2195;17369;5099;batchnorm;;17;24,0;22,0;24,0;;;;4;adam;minmax
681;2024-07-04 11:00:41.811569;0,20059475302696228;;relu;0,7695377136938287;0,3956118244714236;256;;0,4648147692036746;0,04755930535696178;0,011388179615090666;2195;17369;5099;batchnorm;;17;24,0;19,0;23,0;;;;4;adam;minmax
682;2024-07-04 11:02:53.022841;0,18676316738128662;;relu;0,7588272068600989;0,46408571571327206;256;;0,4742710164395887;0,047960258904737214;0,022649248587153874;2195;17369;5099;batchnorm;;17;24,0;19,0;23,0;;;;4;adam;minmax
683;2024-07-04 11:04:51.236757;0,19576841592788696;;relu;0,8464281690571115;0,4629241304337583;256;;0,5191513348050455;0,045734486941780256;0,023531908369277738;2195;17369;5099;batchnorm;;17;25,0;19,0;22,0;;;;4;adam;minmax
684;2024-07-04 11:06:48.239828;0,21153685450553894;;relu;0,8550206140860768;0,47287246905938574;256;;0,5223972506683767;0,045642424009245744;0,021680674633362717;2195;17369;5099;batchnorm;;18;25,0;19,0;22,0;;;;4;adam;minmax
685;2024-07-04 11:09:06.420340;0,2565789818763733;;relu;0,8814090990539137;0,4428644508753932;256;;0,5105672808568665;0,048832489055630916;0,023676537610837243;2195;17369;5099;batchnorm;;17;24,0;20,0;23,0;;;;4;adam;minmax
686;2024-07-04 11:11:01.365258;0,20133157074451447;;relu;0,8336641177003726;0,4222582534696288;256;;0,47997232829166625;0,051245236755608076;0,022175828933847928;2195;17369;5099;batchnorm;;17;26,0;19,0;22,0;;;;4;adam;minmax
687;2024-07-04 11:13:07.290781;0,18968947231769562;;relu;0,7838296471705468;0,36940254104243153;256;;0,5339230824224598;0,04167799332113267;0,018939197333360646;2195;17369;5099;batchnorm;;16;25,0;19,0;22,0;;;;4;adam;minmax
688;2024-07-04 11:15:13.510485;0,4389684200286865;;relu;0,7785073820839798;0,4646810333285863;256;;0,5363679885417882;0,04542169622879101;0,01869196786396881;2195;17369;5099;vanilla;;16;25,0;18,0;22,0;;;;4;adam;minmax
689;2024-07-04 11:17:08.055437;0,1928315907716751;;relu;0,7945671219041331;0,36475761263502166;256;;0,49932388060547334;0,04115766989273765;0,01584042708463975;2195;17369;5099;batchnorm;;18;25,0;19,0;22,0;;;;4;adam;minmax
690;2024-07-04 11:19:10.418184;0,19396841526031494;;relu;0,7422346271384493;0,365355168315507;256;;0,5315579839278826;0,041972659986223716;0,01761395183411909;2195;17369;5099;batchnorm;;19;26,0;19,0;22,0;;;;4;adam;minmax
691;2024-07-04 11:21:32.653419;0,1941947489976883;;relu;0,7558425825275872;0,3626425161347327;256;;0,5293414279581604;0,041414133696803815;0,018953000663166086;2195;17369;5099;batchnorm;;19;25,0;18,0;22,0;;;;4;adam;minmax
692;2024-07-04 11:23:30.101673;0,19228947162628174;;relu;0,7821086822717743;0,3591147401586644;256;;0,5383808219697224;0,04129791952308193;0,018314339442396056;2195;17369;5099;batchnorm;;19;26,0;19,0;21,0;;;;4;adam;minmax
693;2024-07-04 11:25:45.415113;0,19182106852531433;;relu;0,7601151170706649;0,36027923712101145;256;;0,5488307531307376;0,04256300053375808;0,01970610116914137;2195;17369;5099;batchnorm;;19;25,0;19,0;21,0;;;;4;adam;minmax
694;2024-07-04 11:27:57.533164;0,1957157552242279;;relu;0,7414471305246001;0,3593569759722479;256;;0,5523760491609553;0,04081049552326388;0,01652834509165196;2195;17369;5099;batchnorm;;19;26,0;18,0;21,0;;;;4;adam;minmax
695;2024-07-04 11:30:01.373256;0,20569999516010284;;relu;0,7306082129457686;0,33412008199980725;256;;0,5338404908822594;0,04240321362932228;0,019801968108356962;2195;17369;5099;batchnorm;;19;26,0;19,0;21,0;;;;4;adam;minmax
696;2024-07-04 11:32:06.300777;0,1947052776813507;;relu;0,7650902832840548;0,3670949642989225;256;;0,5478288198573579;0,040416318322684656;0,016772799915796777;2195;17369;5099;batchnorm;;18;26,0;18,0;21,0;;;;4;adam;minmax
697;2024-07-04 11:34:14.971582;0,19855265319347382;;relu;0,7715332430929138;0,37188371300413403;256;;0,5562537919542682;0,04085486068579637;0,016634610888952624;2195;17369;5099;batchnorm;;18;26,0;18,0;21,0;;;;4;adam;minmax
698;2024-07-04 11:36:32.268210;0,20596843957901;;relu;0,7451431994289267;0,3657270531798253;256;0,5146905830341926;0,5374468639577868;0,041010286437281496;0,020094226687609122;2195;17369;5099;dropout;;19;26,0;19,0;22,0;;;;4;adam;minmax
699;2024-07-04 11:38:28.223447;0,18649999797344208;;relu;0,763543513819789;0,3265858810491811;256;;0,5438157336310376;0,039197082266901;0,015756328911989307;2195;17369;5099;batchnorm;;18;26,0;18,0;21,0;;;;4;adam;minmax
700;2024-07-04 11:40:43.927625;0,20923157036304474;;relu;0,7742105347194641;0,35483916206685995;256;;0,5409747860831922;0,042640442544473474;0,018303853721852375;2195;17369;5099;batchnorm;;20;26,0;18,0;21,0;;;;4;adam;minmax
701;2024-07-04 11:42:50.964259;0,20407894253730774;;relu;0,7235182257103434;0,3134650516993879;256;;0,5575947897403034;0,03932637123440367;0,023874910471354645;2195;17369;5099;batchnorm;;20;25,0;17,0;22,0;;;;4;adam;minmax
702;2024-07-04 11:44:58.875652;0,3591315746307373;;relu;0,7602649442448385;0,3431731296296199;256;;0,5249817597433232;0,04249800085975616;0,020978995633480615;2195;17369;5099;vanilla;;19;26,0;18,0;21,0;;;;4;adam;minmax
703;2024-07-04 11:46:47.428822;0,19039474427700043;;relu;0,8026508732298232;0,36492530616609864;256;;0,5496526243231094;0,041079439144371024;0,017477225119803524;2195;17369;5099;batchnorm;;18;25,0;19,0;21,0;;;;4;adam;minmax
704;2024-07-04 11:49:16.907567;0,19709472358226776;;relu;0,7950369421077245;0,3693506350587875;256;;0,5677215346424648;0,03943518097288925;0,015459372288733782;2195;17369;5099;batchnorm;;18;25,0;19,0;21,0;;;;4;adam;minmax
705;2024-07-04 11:51:38.117853;0,19971053302288055;;relu;0,7523052419581298;0,31568736403567305;256;;0,5468339655617342;0,03795835199618623;0,01879686658954265;2195;17369;5099;batchnorm;;20;26,0;18,0;21,0;;;;4;adam;minmax
706;2024-07-04 11:53:52.083270;0,18993686139583588;;relu;0,7909666427300418;0,3214296399281183;256;;0,5316681024157206;0,04234453808785833;0,021558743679746143;2195;17369;5099;batchnorm;;20;26,0;19,0;20,0;;;;4;adam;minmax
707;2024-07-04 11:56:03.186043;0,20092105865478516;;relu;0,7135223963202584;0,3250414875928885;256;;0,5589780138106679;0,04157317370736925;0,02412406779579629;2195;17369;5099;batchnorm;;18;26,0;19,0;22,0;;;;4;adam;minmax
708;2024-07-04 11:58:12.526711;0,19262105226516724;;relu;0,7944995164259433;0,35197866132879113;256;;0,5299940038239765;0,04314193695959552;0,02153866873995999;2195;17369;5099;batchnorm;;19;25,0;19,0;21,0;;;;4;adam;minmax
709;2024-07-04 12:00:13.267868;0,20622104406356812;;relu;0,8043952004808147;0,3513644291418242;256;;0,5172066135223459;0,04394298479614323;0,025421769539101875;2195;17369;5099;batchnorm;;19;25,0;19,0;22,0;;;;4;adam;minmax
710;2024-07-04 12:02:13.377746;0,19760525226593018;;relu;0,7825559824436066;0,3386036780008904;256;;0,534063760091906;0,04294427087375561;0,0211313817074916;2195;17369;5099;batchnorm;;19;25,0;20,0;20,0;;;;4;adam;minmax
711;2024-07-04 12:04:21.904730;0,2543105185031891;;relu;0,8122382399477893;0,30140007830435805;256;;0,5720164814420966;0,037888551561159396;0,020925554326218173;2195;17369;5099;batchnorm;;20;25,0;19,0;20,0;;;;4;adam;minmax
712;2024-07-04 12:06:20.014693;0,21643157303333282;;relu;0,7905217599616413;0,3792974910549367;256;;0,5287360540524039;0,04183351736835795;0,014899739244306924;2195;17369;5099;batchnorm;;21;26,0;19,0;22,0;;;;4;adam;minmax
713;2024-07-04 12:08:32.570214;0,2085842341184616;;relu;0,8222438406957469;0,3249269834406529;256;;0,5162523439370508;0,042730057071542475;0,026794385162148607;2195;17369;5099;batchnorm;;20;25,0;20,0;21,0;;;;4;adam;minmax
714;2024-07-04 12:10:23.838226;0,6058157682418823;;relu;0,706161944785123;0,43130441995395724;256;;0,544948711613163;0,04026784787064391;0,020192510831405556;2195;17369;5099;vanilla;;19;25,0;18,0;20,0;;;;4;adam;minmax
715;2024-07-04 12:12:10.342098;0,197142094373703;;relu;0,7536174202330539;0,35343420368078154;256;;0,5130944469637924;0,044001363617658835;0,022869910827837063;2195;17369;5099;batchnorm;;19;26,0;20,0;21,0;;;;4;adam;minmax
716;2024-07-04 12:14:17.201671;0,20439474284648895;;relu;0,7888621652901058;0,37767961223888225;256;;0,58387313812994;0,037279771556928853;0,01111872055412348;2195;17369;5099;batchnorm;;18;25,0;18,0;22,0;;;;4;adam;minmax
717;2024-07-04 12:16:39.118731;0,21870000660419464;;relu;0,8088688014637557;0,38389849330617387;256;;0,5251951763568303;0,04030049462601108;0,019012818369804823;2195;17369;5099;batchnorm;;19;25,0;17,0;20,0;;;;4;adam;minmax
718;2024-07-04 12:18:51.406580;0,19354212284088135;;relu;0,7721647612785458;0,2990651975942252;256;;0,5625249998451873;0,04247145157631867;0,014581014993953673;2195;17369;5099;batchnorm;;18;25,0;19,0;22,0;;;;4;adam;minmax
719;2024-07-04 12:20:59.084221;0,188321053981781;;relu;0,7663087523968123;0,2944299612233985;256;;0,5556292336572407;0,0425934420019609;0,014197943388865035;2195;17369;5099;batchnorm;;18;26,0;19,0;21,0;;;;4;adam;minmax
720;2024-07-04 12:23:17.788121;0,19311051070690155;;relu;0,7781431298870171;0,2874232732014449;256;;0,5654290227501383;0,038857837914448426;0,013739265732541799;2195;17369;5099;batchnorm;;18;26,0;19,0;21,0;;;;4;adam;minmax
721;2024-07-04 12:25:31.255300;0,4893210530281067;;relu;0,7721476605659393;0,2938411523330808;256;0,557610659287107;0,5713724246660763;0,03699259440524175;0,013871641112328328;2195;17369;5099;dropout;;18;26,0;19,0;21,0;;;;4;adam;minmax
722;2024-07-04 12:27:16.194507;0,19719476997852325;;relu;0,793595840721494;0,2794156576573281;256;;0,5929851739613531;0,03888552386363722;0,011840069919632682;2195;17369;5099;batchnorm;;18;26,0;19,0;20,0;;;;4;adam;minmax
723;2024-07-04 12:29:42.851187;0,20610526204109192;;relu;0,8288921624772221;0,314171473336398;256;;0,5549354031493983;0,04334961516799727;0,014557637590856959;2195;17369;5099;batchnorm;;18;25,0;20,0;21,0;;;;4;adam;minmax
724;2024-07-04 12:31:52.519523;0,1864842176437378;;relu;0,7734438444126273;0,27864665669776406;256;;0,5829945236965064;0,03944431381264413;0,012859273514198487;2195;17369;5099;batchnorm;;18;26,0;19,0;20,0;;;;4;adam;minmax
725;2024-07-04 12:33:50.929492;0,19621576368808746;;relu;0,7741811065793458;0,2685957198849495;256;;0,5708881956067036;0,0392592040878302;0,010191148159825364;2195;17369;5099;batchnorm;;17;26,0;19,0;20,0;;;;4;adam;minmax
726;2024-07-04 12:36:17.873952;0,19234736263751984;;relu;0,802054881726769;0,2981062306190749;256;;0,582707033026416;0,03609123113968471;0,013476563168969814;2195;17369;5099;batchnorm;;18;26,0;19,0;20,0;;;;4;adam;minmax
727;2024-07-04 12:38:48.894061;0,2978842258453369;;relu;0,8013350495579553;0,2850184634926784;256;;0,6018271090707883;0,03670829616630046;0,011963499576107456;2195;17369;5099;vanilla;;18;26,0;19,0;19,0;;;;4;adam;minmax
728;2024-07-04 12:41:08.167443;0,19617895781993866;;relu;0,7787788024911773;0,3075697054021809;256;;0,5853125124799594;0,03853128015855526;0,013412285520119206;2195;17369;5099;batchnorm;;18;26,0;20,0;19,0;;;;4;adam;minmax
729;2024-07-04 12:43:14.440074;0,20917893946170807;;relu;0,763507785598421;0,2627768262492787;256;;0,559149832289448;0,04036098559717368;0,012268559164891227;2195;17369;5099;batchnorm;;18;26,0;18,0;20,0;;;;4;adam;minmax
730;2024-07-04 12:45:23.074755;0,20527368783950806;;relu;0,7278541688766084;0,33028675446585143;256;;0,5807371007591875;0,03590331926165552;0,01029626429433195;2195;17369;5099;batchnorm;;21;26,0;19,0;21,0;;;;4;adam;minmax
731;2024-07-04 12:48:02.814716;0,2111157923936844;;relu;0,8373895336774909;0,3000481944266194;256;;0,5698509557075213;0,03789152427383942;0,014343253594722886;2195;17369;5099;batchnorm;;17;25,0;18,0;20,0;;;;4;adam;minmax
732;2024-07-04 12:50:39.073301;0,3435894846916199;;relu;0,8033350389750622;0,24986425235441;256;;0,5520133043041257;0,03570236245889928;0,010723196267591854;2195;17369;5099;batchnorm;;18;25,0;20,0;21,0;;;;4;adam;minmax
733;2024-07-04 12:52:47.329037;0,19137895107269287;;relu;0,7913908341624448;0,3130237364426187;256;;0,6209410005661574;0,04259497147564793;0,01333797111192325;2195;17369;5099;batchnorm;;19;26,0;19,0;20,0;;;;4;adam;minmax
734;2024-07-04 12:54:56.943361;0,25104212760925293;;relu;0,8631903915153677;0,32954848559611727;256;;0,6179888576342;0,040069397635331634;0,013022178974900241;2195;17369;5099;batchnorm;;20;25,0;17,0;20,0;;;;4;adam;minmax
735;2024-07-04 12:57:04.223002;0,19881050288677216;;relu;0,790560904000702;0,33605502977056434;256;;0,5934160153645222;0,041311405727662814;0,011818665283286902;2195;17369;5099;batchnorm;;19;26,0;19,0;19,0;;;;4;adam;minmax
736;2024-07-04 12:59:37.937009;0,3064473569393158;;relu;0,6991745349013193;0,3081215429396617;256;;0,6212588805091904;0,034526361873803035;0,009200825410882749;2195;17369;5099;batchnorm;;19;26,0;20,0;19,0;;;;4;adam;minmax
737;2024-07-04 13:01:38.182979;0,19857370853424072;;relu;0,925129666421725;0,3413164353707865;256;;0,5469633220559392;0,04339516541741614;0,015304948849206067;2195;17369;5099;batchnorm;;17;26,0;18,0;20,0;;;;4;adam;minmax
738;2024-07-04 13:03:30.872272;0,18994736671447754;;relu;0,7420230704306918;0,32035368362418526;256;;0,5920545235726195;0,038083184584940435;0,013176010577095328;2195;17369;5099;batchnorm;;20;27,0;19,0;21,0;;;;4;adam;minmax
739;2024-07-04 13:05:49.485678;0,2636841833591461;;relu;0,7396251631672981;0,3442121274257049;256;;0,6016603519851561;0,04474066063673741;0,01105520339445828;2195;17369;5099;vanilla;;20;;;;;;;1;adam;minmax
740;2024-07-04 13:07:43.301595;0,19761577248573303;;relu;0,8187800797240623;0,43670425034508376;256;;0,5901999309542871;0,04131841067431123;0,026067930639827264;2195;17369;5099;batchnorm;;20;27,0;20,0;21,0;;;;4;adam;minmax
741;2024-07-04 13:09:41.320997;0,19070526957511902;;relu;0,7508379933851301;0,3584674924136303;256;;0,6072555092694655;0,037266061368141305;0,02216320462685383;2195;17369;5099;batchnorm;;21;27,0;18,0;20,0;;;;4;adam;minmax
742;2024-07-04 13:11:50.555876;0,19266840815544128;;relu;0,7519092885228582;0,31970094003529914;256;;0,588807562106125;0,03727436990776173;0,02271203160212703;2195;17369;5099;batchnorm;;22;27,0;18,0;20,0;;;;4;adam;minmax
743;2024-07-04 13:14:14.428194;0,1888105273246765;;relu;0,7488094557426109;0,3201785173207668;256;;0,6102247540030623;0,03486981234103525;0,023301670944155473;2195;17369;5099;batchnorm;;20;27,0;18,0;20,0;;;;4;adam;minmax
744;2024-07-04 13:16:25.292096;0,19421051442623138;;relu;0,7525635471764339;0,31792091842716985;256;;0,6129170405559343;0,03518075760475619;0,028329572780030024;2195;17369;5099;batchnorm;;22;27,0;17,0;20,0;;;;4;adam;minmax
745;2024-07-04 13:18:29.101503;0,19343684613704681;;relu;0,7326859229697804;0,3281177488087238;256;;0,6247586522612723;0,03720873111942126;0,0233090216361972;2195;17369;5099;batchnorm;;21;27,0;18,0;19,0;;;;4;adam;minmax
746;2024-07-04 13:20:23.849095;0,1948578804731369;;relu;0,6940053365834858;0,35250922410600644;256;;0,6035294835808108;0,03242465778793317;0,02509847343180282;2195;17369;5099;batchnorm;;22;26,0;18,0;20,0;;;;4;adam;minmax
747;2024-07-04 13:22:26.925650;0,19611577689647675;;relu;0,7543647514074171;0,3099464140263842;256;;0,585799617024608;0,03440877619325206;0,021548494835031004;2195;17369;5099;batchnorm;;21;27,0;17,0;19,0;;;;4;adam;minmax
748;2024-07-04 13:24:37.313233;0,19853158295154572;;relu;0,7244222039162126;0,2881226150744732;256;;0,6432811137858656;0,03787083157786353;0,028562086328445393;2195;17369;5099;batchnorm;;21;27,0;19,0;20,0;;;;4;adam;minmax
749;2024-07-04 13:26:30.409296;0,20267894864082336;;relu;0,7659576043484453;0,3837162312339711;256;;0,6073367454252611;0,03386010165259817;0,02085154017682225;2195;17369;5099;batchnorm;;22;27,0;18,0;20,0;;;;4;adam;minmax
750;2024-07-04 13:28:36.038253;0,19217367470264435;;relu;0,7437803762308245;0,32235851262104864;256;;0,5751665874122058;0,03603229162647764;0,02376374680257671;2195;17369;5099;batchnorm;;20;27,0;20,0;21,0;;;;4;adam;minmax
751;2024-07-04 13:30:34.794478;0,22260525822639465;;relu;0,8342991902515052;0,4132915351476015;256;;0,5730796433069602;0,03363944336221185;0,029372353107111965;2195;17369;5099;batchnorm;;19;26,0;20,0;21,0;;;;4;adam;minmax
752;2024-07-04 13:32:44.128578;0,2429737001657486;;relu;0,806920083930459;0,3503698209318458;256;;0,5548964133491334;0,03623054755941129;0,033266921221635756;2195;17369;5099;batchnorm;;20;26,0;19,0;21,0;;;;4;adam;minmax
753;2024-07-04 13:34:53.794482;0,24048419296741486;;relu;0,7920801248715587;0,25403028231990177;256;;0,6402539960007266;0,03913066748502564;0,019322809553722863;2195;17369;5099;batchnorm;;20;27,0;20,0;21,0;;;;4;adam;minmax
754;2024-07-04 13:36:59.749273;0,2029000073671341;;relu;0,7387688372782935;0,39647287972353545;256;;0,5425058546424021;0,03557555820505934;0,025903901907151076;2195;17369;5099;batchnorm;;21;26,0;20,0;20,0;;;;4;adam;minmax
755;2024-07-04 13:39:10.752127;0,20061051845550537;;relu;0,7791527705989578;0,3672448292154213;256;;0,5788642445481744;0,03927747351293842;0,024818256069639187;2195;17369;5099;batchnorm;;20;26,0;19,0;21,0;;;;4;adam;minmax
756;2024-07-04 13:41:28.842668;0,1937263160943985;;relu;0,8183322426817204;0,33836606815303016;256;;0,6203684705855694;0,043200991206429264;0,01899167533461021;2195;17369;5099;batchnorm;;20;27,0;20,0;19,0;;;;4;adam;minmax
757;2024-07-04 13:43:23.589164;0,25260525941848755;;relu;0,8495270899677457;0,2751487134547758;256;;0,59795492581459;0,03653126151885785;0,02208476036106812;2195;17369;5099;batchnorm;;19;25,0;19,0;20,0;;;;4;adam;minmax
758;2024-07-04 13:45:12.264545;0,4300895035266876;;relu;0,7144616534209689;0,3750979820007779;256;0,1734022390254722;0,5430589353674891;0,04464433018902625;0,0090105375677994;2195;17369;5099;dropout;;19;25,0;20,0;21,0;;;;4;adam;minmax
759;2024-07-04 13:46:59.150004;1,0580683946609497;;relu;0,9695530978699647;0,41284636044370104;256;;0,5753528308654049;0,03349448571828428;0,012446676138948228;2195;17369;5099;batchnorm;;20;27,0;19,0;19,0;;;;4;adam;minmax
760;2024-07-04 13:48:49.803136;0,21616840362548828;;relu;0,7626297948118708;0,4855353223625446;256;;0,5367994050086456;0,03963700599041442;0,015494263295892728;2195;17369;5099;batchnorm;;21;26,0;19,0;20,0;;;;4;adam;minmax
761;2024-07-04 13:50:53.169435;0,1945052593946457;;relu;0,804253277584411;0,32267013744994066;256;;0,5600346969177454;0,03289160686037153;0,018625071051786235;2195;17369;5099;batchnorm;;19;26,0;20,0;22,0;;;;4;adam;minmax
762;2024-07-04 13:52:50.067174;0,19445261359214783;;relu;0,8383683910838069;0,3549075398127465;256;;0,6269256895581341;0,04244756660126249;0,013290750053088819;2195;17369;5099;batchnorm;;17;25,0;20,0;21,0;;;;4;adam;minmax
763;2024-07-04 13:55:14.067531;0,2363368272781372;;relu;0,6356603859403184;0,44752168885048194;256;;0,5934943666991029;0,031779027129663656;0,010857478872405839;2195;17369;5099;batchnorm;;16;25,0;18,0;20,0;;;;4;adam;minmax
764;2024-07-04 13:57:34.128255;0,19224736094474792;;relu;0,7843712616282589;0,2981870545063737;256;;0,516528933941234;0,04464562937540331;0,015580793351460008;2195;17369;5099;batchnorm;;19;27,0;19,0;21,0;;;;4;adam;minmax
765;2024-07-04 13:59:59.341006;0,22750000655651093;;relu;0,8759241584119872;0,29885881309682605;256;;0,4227381073211439;0,037658719541531716;0,015255198297433565;2195;17369;5099;batchnorm;;16;27,0;18,0;22,0;;;;4;adam;minmax
766;2024-07-04 14:01:53.370097;0,19808420538902283;;relu;0,7372043555686478;0,2757916234559211;256;;0,6571331113831638;0,045701586154662986;0,012994706314937356;2195;17369;5099;batchnorm;;20;27,0;19,0;21,0;;;;4;adam;minmax
767;2024-07-04 14:04:14.098727;0,19543159008026123;;relu;0,7774183652593025;0,3037902280277844;256;;0,5187283488477391;0,04058962448339119;0,016036922680042812;2195;17369;5099;batchnorm;;21;27,0;20,0;19,0;;;;4;adam;minmax
768;2024-07-04 14:06:15.320168;0,2114737182855606;;relu;0,7596812392135661;0,5116309667731547;256;;0,6068227944583894;0,04468543270304056;0,011455698227904714;2195;17369;5099;batchnorm;;20;26,0;19,0;20,0;;;;4;adam;minmax
769;2024-07-04 14:08:56.916957;0,270957887172699;;relu;0,8213343343406397;0,24170433670652208;256;;0,5730203708324104;0,03600999900104836;0,017825029857348646;2195;17369;5099;batchnorm;;19;27,0;20,0;21,0;;;;4;adam;minmax
770;2024-07-04 14:10:46.866381;0,2469736933708191;;relu;0,7855056704962103;0,3950486812558836;256;;0,550830031736928;0,04153600005473979;0,00992684193448844;2195;17369;5099;batchnorm;;17;26,0;17,0;22,0;;;;4;adam;minmax
771;2024-07-04 14:13:38.697153;0,2276315689086914;;relu;0,9329019932495319;0,3285535601756988;256;;0,5096365499805643;0,03865842289908857;0,014362061889384945;2195;17369;5099;batchnorm;;19;27,0;19,0;20,0;;;;4;adam;minmax
772;2024-07-04 14:16:12.199360;0,2500631511211395;;relu;0,8953679258069125;0,3823331285655131;256;;0,5636348372509437;0,045045613949324104;0,015467069387361598;2195;17369;5099;batchnorm;;18;26,0;18,0;23,0;;;;4;adam;minmax
773;2024-07-04 14:18:16.794772;0,19686314463615417;;relu;0,8581253054932929;0,4329774446091642;256;;0,6431165501408816;0,029800982136484556;0,01955187186754291;2195;17369;5099;batchnorm;;16;26,0;20,0;21,0;;;;4;adam;minmax
774;2024-07-04 14:20:25.133608;0,19989998638629913;;relu;0,7448044480030523;0,290963110841326;256;;0,515945393303456;0,051435864196273454;0,03200934089249675;2195;17369;5099;batchnorm;;17;27,0;19,0;22,0;;;;4;adam;minmax
775;2024-07-04 14:22:35.887321;0,19270525872707367;;relu;0,8094209961209221;0,31375402974811456;256;;0,5398201464179323;0,04318606209485636;0,012115853039125634;2195;17369;5099;batchnorm;;18;26,0;21,0;20,0;;;;4;adam;minmax
776;2024-07-04 14:24:51.045277;0,20691050589084625;;relu;0,7665758600033709;0,3409477721975111;256;;0,583883155609256;0,037341860180652164;0,02406948712576766;2195;17369;5099;batchnorm;;20;25,0;18,0;21,0;;;;4;adam;minmax
777;2024-07-04 14:27:04.254816;0,2197473645210266;;relu;0,686421088052317;0,36896656730338145;256;;0,61290206903166;0,04002812478409974;0,008660007378569952;2195;17369;5099;batchnorm;;19;27,0;19,0;23,0;;;;4;adam;minmax
778;2024-07-04 14:29:41.906852;0,20819473266601562;;relu;0,7166055469934476;0,41108991810645235;256;;0,41710105905690387;0,04622384883128667;0,01332773497473599;2195;17369;5099;batchnorm;;17;24,0;20,0;19,0;;;;4;adam;minmax
779;2024-07-04 14:31:47.995427;0,2107473611831665;;relu;0,9128347985455618;0,28117268073870755;256;0,12009231451955399;0,669964720089941;0,03529228359625782;0,01692599096837268;2195;17369;5099;dropout;;21;25,0;17,0;18,0;;;;4;adam;minmax
780;2024-07-04 14:33:32.770496;0,1940210461616516;;relu;0,8311987600484956;0,45213669547687124;256;;0,5317255978441048;0,04213934809331642;0,021633588278358623;2195;17369;5099;batchnorm;;18;26,0;18,0;20,0;;;;4;adam;minmax
781;2024-07-04 14:35:43.861597;0,19014210999011993;;relu;0,7860862791251628;0,32032778688642516;256;;0,5095408697000684;0,049744324513725784;0,01871307404518296;2195;17369;5099;batchnorm;;16;26,0;19,0;22,0;;;;4;adam;minmax
782;2024-07-04 14:37:47.909291;0,20825263857841492;;relu;0,7841290680884747;0,35343321856831583;256;;0,5096361447510411;0,050397425195804056;0,027307152211978273;2195;17369;5099;batchnorm;;16;25,0;20,0;22,0;;;;4;adam;minmax
783;2024-07-04 14:39:43.666660;0,1860947459936142;;relu;0,7384942395130152;0,3903826058372731;256;;0,5047132207207333;0,05015829436474698;0,018271857422145554;2195;17369;5099;batchnorm;;16;24,0;21,0;23,0;;;;4;adam;minmax
784;2024-07-04 14:41:48.816704;0,5664842128753662;;relu;0,7264288272467838;0,4245166835614652;256;;0,5060910070142369;0,04991331181473105;0,0010212027511831657;2195;17369;5099;batchnorm;;16;24,0;21,0;23,0;;;;4;adam;minmax
785;2024-07-04 14:43:37.301383;0,19823682308197021;;relu;0,7462512348344568;0,3890953195171054;256;;0,508225911075728;0,051279219004613914;0,02010649553427744;2195;17369;5099;batchnorm;;16;24,0;22,0;24,0;;;;4;adam;minmax
786;2024-07-04 14:45:54.060211;0,24577368795871735;;relu;0,9471558836420886;0,4048566055423992;256;;0,4700952480464069;0,05210692216107064;0,01664615049380857;2195;17369;5099;batchnorm;;16;25,0;23,0;24,0;;;;4;adam;minmax
787;2024-07-04 14:47:52.056243;0,19666841626167297;;relu;0,7557413068125921;0,3285623497648449;256;;0,5216723010711647;0,04916361251316991;0,023906482411029634;2195;17369;5099;batchnorm;;15;24,0;21,0;23,0;;;;4;adam;minmax
788;2024-07-04 14:49:50.419301;0,20502108335494995;;relu;0,7278443596183658;0,4624240293553249;256;;0,3997713145226097;0,04667821602203719;0,03054859594604604;2195;17369;5099;batchnorm;;17;24,0;21,0;22,0;;;;4;adam;minmax
789;2024-07-04 14:51:58.566483;0,2641052305698395;;relu;0,9988708166204756;0,3778599041413301;256;;0,43846976736541443;0,05309398892927825;0,015436744575327628;2195;17369;5099;batchnorm;;16;25,0;20,0;23,0;;;;4;adam;minmax
790;2024-07-04 14:53:51.221125;0,21141579747200012;;relu;0,8665811666885777;0,3193217718951972;256;;0,5031959080849447;0,046733196001399975;0,018715968894258445;2195;17369;5099;batchnorm;;17;25,0;21,0;24,0;;;;4;adam;minmax
791;2024-07-04 14:55:53.747398;0,19352632761001587;;relu;0,8147812625996554;0,43201834817116175;256;;0,6310003963606061;0,04911553496693984;0,020431610706100903;2195;17369;5099;batchnorm;;15;24,0;20,0;22,0;;;;4;adam;minmax
792;2024-07-04 14:57:57.731497;0,19868949055671692;;relu;0,7700439629164384;0,34373702111763965;256;;0,4687807865532291;0,04487551537592671;0,022975037151720338;2195;17369;5099;batchnorm;;16;26,0;22,0;23,0;;;;4;adam;minmax
793;2024-07-04 15:00:17.168683;0,574531614780426;;relu;0,7938011905642253;0,26418771712689915;256;;0,5524149797563687;0,04386463176587361;0,014827274515237155;2195;17369;5099;batchnorm;;16;27,0;18,0;22,0;;;;4;adam;minmax
794;2024-07-04 15:02:06.470571;0,47266843914985657;;relu;0,7082510948717321;0,39351150003989505;256;;0,5249279294821023;0,052679393663971535;0,006203105474423716;2195;17369;5099;batchnorm;;20;25,0;20,0;24,0;;;;4;adam;minmax
795;2024-07-04 15:04:05.879415;0,20585788786411285;;relu;0,7508631094112027;0,36883965585364237;256;;0,5031981465246385;0,046446751102740894;0,01733562944487913;2195;17369;5099;batchnorm;;17;24,0;19,0;23,0;;;;4;adam;minmax
796;2024-07-04 15:06:25.158666;0,2682736814022064;;relu;0,8447953493928742;0,3064047404280715;256;;0,6665535044947002;0,049749158323730905;0,02652816101633282;2195;17369;5099;batchnorm;;15;27,0;21,0;22,0;;;;4;adam;minmax
797;2024-07-04 15:08:17.542173;0,28287893533706665;;relu;0,8831098333085453;0,41038511860288845;256;;0,5498555317917667;0,04360702125222474;0,010453448316953974;2195;17369;5099;batchnorm;;21;26,0;19,0;24,0;;;;4;adam;minmax
798;2024-07-04 15:10:10.439656;0,19609473645687103;;relu;0,6841421134914522;0,33484786457530713;256;;0,47170293449484274;0,03879903540037603;0,012286637037191047;2195;17369;5099;batchnorm;;17;24,0;18,0;23,0;;;;4;adam;minmax
799;2024-07-04 15:12:58.406568;0,2046368569135666;;relu;0,7757467372949418;0,35690888210843397;256;;0,4254518788225503;0,04763498896904915;0,02128489000643078;2195;17369;5099;batchnorm;;15;27,0;17,0;21,0;;;;4;adam;minmax
800;2024-07-04 15:15:00.833547;0,20874445140361786;;relu;0,8328091327156616;0,239219264227438;512;0,36829241228061377;0,5232012563391214;0,04552817367796358;0,007975409117544036;2195;17369;5099;dropout;;20;25,0;20,0;22,0;;;;4;adam;minmax
801;2024-07-04 15:17:51.469118;0,22945789992809296;;relu;0,8141876109408966;0,28525107381124054;256;;0,9897549262567584;0,03048231910424974;0,033648931292974346;2195;17369;5099;batchnorm;;16;26,0;19,0;21,0;;;;4;adam;minmax
802;2024-07-04 15:19:50.814308;0,228568434715271;;relu;0,7953426249602492;0,3886838121403883;256;;0,6040243623726466;0,05452578219661915;0,0179340371811311;2195;17369;5099;batchnorm;;18;25,0;20,0;22,0;;;;4;adam;minmax
803;2024-07-04 15:22:19.762416;0,22665265202522278;;relu;0,7421259945623605;0,3139126009775064;256;;0,5030661646415134;0,0415159634789228;0,015387391120115576;2195;17369;5099;batchnorm;;17;27,0;18,0;24,0;;;;4;adam;minmax
804;2024-07-04 15:24:46.287919;0,2467000037431717;;relu;0,46613415840121264;0,47723651939509676;256;;0,45580229270318096;0,033173299442455007;0,013582789483750853;2195;17369;5099;batchnorm;;19;24,0;21,0;23,0;;;;4;adam;minmax
805;2024-07-04 15:26:58.505004;0,35042765736579895;;relu;0,7624008284724216;0,37417045986686065;32;;0,5591150161199443;0,050823830740025215;0,023349038318347136;2195;17369;5099;batchnorm;;15;25,0;19,0;21,0;;;;4;adam;minmax
806;2024-07-04 15:31:23.940053;0,19226843118667603;;relu;0,5878531663798714;0,4218186037739523;256;;0,5327771614973703;0,02754785085527511;0,018892563271967373;2195;17369;5099;batchnorm;;20;26,0;22,0;24,0;;;;4;adam;minmax
807;2024-07-04 15:33:40.158860;0,19053685665130615;;relu;0,6603195774076818;0,3417584270987365;256;;0,6296957616166425;0,03975603636875292;0,011529389465562118;2195;17369;5099;batchnorm;;16;23,0;23,0;22,0;;;;4;adam;minmax
808;2024-07-04 15:35:42.790426;0,19750526547431946;;relu;0,7223562750833813;0,3514908783035262;256;;0,5961716303924318;0,03960866108055526;0,009811053855454974;2195;17369;5099;batchnorm;;16;23,0;23,0;23,0;;;;4;adam;minmax
809;2024-07-04 15:38:07.999968;0,6528210043907166;;relu;0,7024663710155955;0,3319981721699614;256;;0,6350131858342464;0,03758327698417352;0,0015510041684893801;2195;17369;5099;batchnorm;;16;23,0;22,0;22,0;;;;4;adam;minmax
810;2024-07-04 15:40:20.002430;0,23134049773216248;;relu;0,6749386290363895;0,3978960591939235;64;;0,6194475489377348;0,034155139243425905;0,010850919286366046;2195;17369;5099;batchnorm;;16;24,0;22,0;22,0;;;;4;adam;minmax
811;2024-07-04 15:43:34.847397;0,19706842303276062;;relu;0,7392025128282926;0,3676604039300389;256;;0,6248150777946511;0,03847128652677372;0,00857677749141734;2195;17369;5099;batchnorm;;15;24,0;23,0;23,0;;;;4;adam;minmax
812;2024-07-04 15:46:01.100035;0,24657894670963287;;relu;0,6465321710394841;0,43549481528602757;256;;0,6774077290902736;0,040513506848019305;0,012158833258749559;2195;17369;5099;batchnorm;;17;25,0;21,0;23,0;;;;4;adam;minmax
813;2024-07-04 15:48:31.988288;0,19946841895580292;;relu;0,7702266139939222;0,34096802351540756;256;;0,6562786503027851;0,04235906994907979;0,035493973396531986;2195;17369;5099;batchnorm;;16;24,0;21,0;25,0;;;;4;adam;minmax
814;2024-07-04 15:50:46.919494;0,21367895603179932;;relu;0,8503988191081278;0,37994062971026;256;;0,5710362817407065;0,009112614458953908;0,028611881554945474;2195;17369;5099;batchnorm;;15;23,0;20,0;22,0;;;;4;adam;minmax
815;2024-07-04 15:52:46.621945;0,20981581509113312;;relu;0,511788297635061;0,4102572290966708;256;;0,6027279385662332;0,05239965483619985;0,013857141629552766;2195;17369;5099;batchnorm;;21;25,0;22,0;24,0;;;;4;adam;minmax
816;2024-07-04 15:54:54.153321;0,2063736766576767;;relu;0,8049973806241266;0,36065086230010224;256;;0,6460840871957895;0,04913359387484123;0,02541841336939023;2195;17369;5099;batchnorm;;17;24,0;18,0;21,0;;;;4;adam;minmax
817;2024-07-04 15:56:53.551445;0,2024526447057724;;relu;0,7067308148393991;0,3267044021063902;256;;0,5826606675037356;0,05582105577306308;0,01123330936887875;2195;17369;5099;batchnorm;;16;25,0;21,0;19,0;;;;4;adam;minmax
818;2024-07-04 15:59:20.211403;0,5264526605606079;;relu;0,5510573513392795;0,012039461396295748;256;;0,4417480157093935;0,03653321093475386;0,021091861161573997;2195;17369;5099;batchnorm;;17;24,0;17,0;20,0;;;;4;adam;minmax
819;2024-07-04 16:01:09.915808;0,18860526382923126;;relu;0,6638691005375309;0,49869967199905;256;;0,1577704227497415;0,04026450507846267;0,017228785776761863;2195;17369;5099;batchnorm;;23;26,0;20,0;22,0;;;;4;adam;minmax
820;2024-07-04 16:03:12.365074;0,19250527024269104;;relu;0,6809887408322548;0,5125639802658742;256;;0,2288579721202135;0,04008108298564553;0,016715255735623245;2195;17369;5099;batchnorm;;23;25,0;20,0;23,0;;;;4;adam;minmax
821;2024-07-04 16:05:35.570003;0,6792262196540833;;relu;0,6217049088036233;0,44066531243519563;256;;0,3966386321135887;0,04253209168261181;0,0020430635423701357;2195;17369;5099;batchnorm;;15;26,0;18,0;23,0;;;;4;adam;minmax
822;2024-07-04 16:08:06.401051;0,3889578878879547;;relu;0,6562555853648825;0,5421097695369108;256;;0,16469669772886306;0,04346921613481288;0,004791716219537298;2195;17369;5099;batchnorm;;27;25,0;19,0;22,0;;;;4;adam;minmax
823;2024-07-04 16:11:06.602513;0,37070000171661377;;relu;0,6612580296670183;0,4593887414577199;512;0,20617580953885192;0,12276239557880146;0,04031168305720577;0,0032099427260400795;2195;17369;5099;dropout;;18;26,0;23,0;23,0;;;;4;adam;minmax
824;2024-07-04 16:12:46.907029;0,2958263158798218;;relu;0,7911872751595413;0,4879954542643788;256;;0,1466972377112295;0,04751239922553761;0,0026792090456515946;2195;17369;5099;batchnorm;;24;23,0;21,0;22,0;;;;4;adam;minmax
825;2024-07-04 16:14:49.453788;0,19097895920276642;;relu;0,8248362392221301;0,39527495482863956;256;;0,18131531665422185;0,045643115102098085;0,013962560363011104;2195;17369;5099;batchnorm;;23;25,0;19,0;24,0;;;;4;adam;minmax
826;2024-07-04 16:17:00.013318;0,19922105967998505;;relu;0,8286515914818458;0,3972665397855149;256;;0,17702129392588048;0,04377567800800284;0,014572059782245841;2195;17369;5099;batchnorm;;23;25,0;19,0;24,0;;;;4;adam;minmax
827;2024-07-04 16:19:02.349691;0,2532157897949219;;relu;0,8172656324895968;0,5020654352678706;256;;0,21572147866467684;0,045975547323841695;0,012672258871338906;2195;17369;5099;batchnorm;;23;24,0;20,0;24,0;;;;4;adam;minmax
828;2024-07-04 16:21:19.915767;0,19079473614692688;;relu;0,8595301279795835;0,42389230091868196;256;;0,13407486671247693;0,04825517672006057;0,01672194753399005;2195;17369;5099;batchnorm;;24;25,0;19,0;25,0;;;;4;adam;minmax
829;2024-07-04 16:23:43.361152;0,1924789547920227;;relu;0,8576362257757927;0,4181721109152099;256;;0,1610791157966206;0,04847598189444175;0,0137964709912673;2195;17369;5099;batchnorm;;16;26,0;18,0;25,0;;;;4;adam;minmax
830;2024-07-04 16:25:58.246358;0,19569474458694458;;relu;0,8784190679154148;0,4529301452306957;256;;0,11914677683991044;0,050224289700413184;0,016318485255308445;2195;17369;5099;batchnorm;;24;24,0;19,0;25,0;;;;4;adam;minmax
831;2024-07-04 16:28:26.954336;0,3370210528373718;;relu;0,9093302492775236;0,4258958483715154;256;;0,0737098785992148;0,04744057548842082;0,011603524880440022;2195;17369;5099;batchnorm;;24;25,0;20,0;24,0;;;;4;adam;minmax
832;2024-07-04 16:30:18.586062;0,3027421236038208;;relu;0,8383763246744939;0,4767930887452464;256;;0,1150340114257618;0,05141141233967443;0,009695212352767007;2195;17369;5099;batchnorm;;24;26,0;18,0;24,0;;;;4;adam;minmax
833;2024-07-04 16:32:15.453892;0,26439476013183594;;relu;0,8691041227555829;0,38895716738867864;256;;0,18428971837024904;0,0462532687110969;0,013223590862924095;2195;17369;5099;batchnorm;;22;24,0;19,0;24,0;;;;4;adam;minmax
834;2024-07-04 16:34:25.084989;0,18868421018123627;;relu;0,8235005131524532;0,4131528187170168;256;;0,054183074530130104;0,049345441552234824;0,016175869217272452;2195;17369;5099;batchnorm;;25;25,0;20,0;25,0;;;;4;adam;minmax
835;2024-07-04 16:36:33.405077;0,21354210376739502;;relu;0,8445472942040501;0,4128796391279237;256;;0,09021839024177926;0,05373116918640962;0,01733026334616113;2195;17369;5099;batchnorm;;23;25,0;21,0;25,0;;;;4;adam;minmax
836;2024-07-04 16:38:36.018640;0,195778951048851;;relu;0,8248898077861656;0,43685764387526194;256;;0,08198339836183292;0,049757502847115914;0,015966506612145357;2195;17369;5099;batchnorm;;25;25,0;20,0;25,0;;;;4;adam;minmax
837;2024-07-04 16:40:50.388329;0,19527895748615265;;relu;0,6326896397505996;0,40324607454749545;256;;0,06172770935855729;0,05105557409512762;0,01838717200026617;2195;17369;5099;batchnorm;;25;23,0;22,0;25,0;;;;4;adam;minmax
838;2024-07-04 16:43:10.898306;0,3061433732509613;;relu;0,896424869907288;0,4626191730688308;32;;0,13807131963546998;0,04869401091822176;0,014981913437142011;2195;17369;5099;batchnorm;;23;24,0;21,0;24,0;;;;4;adam;minmax
839;2024-07-04 16:46:56.604159;0,20958419144153595;;relu;0,6192553275775465;0,5838532273177997;256;;0,1015731839254191;0,05485399351644701;0,01659196655096219;2195;17369;5099;batchnorm;;25;25,0;20,0;24,0;;;;4;adam;minmax
840;2024-07-04 16:49:00.443678;0,20193156599998474;;relu;0,8098601412304737;0,38483896809192075;256;;0,1352545298358809;0,052201948684743614;0,02000284584219243;2195;17369;5099;batchnorm;;24;24,0;21,0;25,0;;;;4;adam;minmax
841;2024-07-04 16:50:58.383723;0,22713686525821686;;relu;0,8674600311631471;0,9497885246561368;256;;0,1952094645687359;0,04882030483933113;0,014681913262882318;2195;17369;5099;batchnorm;;23;25,0;20,0;23,0;;;;4;adam;minmax
842;2024-07-04 16:54:10.487116;0,23757894337177277;;relu;0,8301318750767783;0,7308888330830572;256;;0,1286756503303818;0,046689126625826145;0,018135531348484918;2195;17369;5099;batchnorm;;24;24,0;17,0;24,0;;;;4;adam;minmax
843;2024-07-04 16:56:05.125561;0,2563000023365021;;relu;0,7739055293786272;0,3725143206566515;256;;0,09733480835808972;0,045055909993273045;0,01190883418197792;2195;17369;5099;batchnorm;;25;25,0;20,0;23,0;;;;4;adam;minmax
844;2024-07-04 16:58:16.702783;0,39774176478385925;;relu;0,6960258440519552;0,44560409607034795;64;0,49625204197141876;0,060547139637802186;0,031571484970969996;0,0017469835507302367;2195;17369;5099;dropout;;24;26,0;19,0;25,0;;;;4;adam;minmax
845;2024-07-04 17:00:45.945671;0,19756844639778137;;relu;0,8015602205997688;0,4241628492057198;256;;0,0765765816865901;0,05065995121530626;0,014994014887434213;2195;17369;5099;batchnorm;;27;25,0;22,0;25,0;;;;4;adam;minmax
846;2024-07-04 17:02:55.513779;0,20164738595485687;;relu;0,44143916214567447;0,40802382649083846;256;;0,10272125140247265;0,04759854816047282;0,018010076287652502;2195;17369;5099;batchnorm;;25;24,0;18,0;24,0;;;;4;adam;minmax
847;2024-07-04 17:05:14.381746;0,2097105234861374;;relu;0,5991369452223795;0,35307836180240576;256;;0,16325436308996832;0,03810687366655786;0,010669611874537396;2195;17369;5099;batchnorm;;23;23,0;21,0;23,0;;;;4;adam;minmax
848;2024-07-04 17:07:42.546176;0,19320525228977203;;relu;0,6710420379382146;0,392016838306399;256;;0,13192504498277277;0,05773431261857456;0,02060985215220614;2195;17369;5099;batchnorm;;24;25,0;20,0;23,0;;;;4;adam;minmax
849;2024-07-04 17:09:54.548780;0,21615788340568542;;relu;0,7278384472409141;0,3617091413123195;256;;0,050721957203714946;0,02573242890638876;0,013034769197535835;2195;17369;5099;batchnorm;;26;26,0;19,0;24,0;;;;4;adam;minmax
850;2024-07-04 17:12:04.806314;0,1997000128030777;;relu;0,7594667658000679;0,16779410248082954;256;;0,1501523811035369;0,045459168628799236;0,01651310084231031;2195;17369;5099;batchnorm;;24;26,0;20,0;25,0;;;;4;adam;minmax
851;2024-07-04 17:13:59.527888;0,6557526588439941;;relu;0,8503986677453416;0,14141033710224415;256;;0,21306413083186815;0,05359174985028985;0,0013623247117667096;2195;17369;5099;batchnorm;;15;24,0;19,0;24,0;;;;4;adam;minmax
852;2024-07-04 17:15:48.918541;0,1910315752029419;;relu;0,7889938680333715;0,3799243897537366;256;;0,18393933264374554;0,04821082765212928;0,01452350659909945;2195;17369;5099;batchnorm;;25;25,0;18,0;22,0;;;;4;adam;minmax
853;2024-07-04 17:18:12.529512;0,28101053833961487;;relu;0,7804682007279129;0,5228313879678873;256;;0,20501860400100377;0,04996300513682872;0,010982225230686413;2195;17369;5099;batchnorm;;26;26,0;17,0;22,0;;;;4;adam;minmax
854;2024-07-04 17:20:52.403235;0,19514210522174835;;relu;0,7963068282144582;0,4920952113692896;256;;0,19620016721932257;0,04084991122857395;0,01415522768251544;2195;17369;5099;batchnorm;;25;25,0;18,0;22,0;;;;4;adam;minmax
855;2024-07-04 17:23:12.748846;0,5375736951828003;;relu;0,7493181138075058;0,37806655262226646;256;;0,18549437592128387;0,044614711057972815;0,009320600944796779;2195;17369;5099;batchnorm;;26;25,0;18,0;23,0;;;;4;adam;minmax
856;2024-07-04 17:25:09.731534;0,21518421173095703;;relu;0,7169826717752732;0,4659413575040504;256;;0,15961956048931242;0,034346227931338895;0,012269445462802737;2195;17369;5099;batchnorm;;22;26,0;18,0;22,0;;;;4;adam;minmax
857;2024-07-04 17:27:47.658680;0,21563158929347992;;relu;0,7708640375198135;0,2652073851819744;256;;0,17836899320335978;0,05230466872702312;0,014840606524560783;2195;17369;5099;batchnorm;;25;25,0;19,0;22,0;;;;4;adam;minmax
858;2024-07-04 17:29:57.962024;0,2043263167142868;;relu;0,81367321946187;0,34756969832208645;256;;0,2401372018623721;0,039172932685915623;0,020464524090660303;2195;17369;5099;batchnorm;;26;26,0;17,0;23,0;;;;4;adam;minmax
859;2024-07-04 17:32:05.395313;0,41485559940338135;;relu;0,5557026991421504;0,42699315825968653;512;;0,1442600906387934;0,04703704247970559;0,012690951898843412;2195;17369;5099;batchnorm;;24;25,0;18,0;23,0;;;;4;adam;minmax
860;2024-07-04 17:34:03.731889;0,30417895317077637;;relu;0,943508138575416;0,4060089536657889;256;;0,2992145609170191;0,04931556946821506;0,016000597195770253;2195;17369;5099;batchnorm;;26;25,0;19,0;22,0;;;;4;adam;minmax
861;2024-07-04 17:36:21.359413;0,20306842029094696;;relu;0,8852217822917753;0,376830596932375;256;;0,17315429739299082;0,028250860668536312;0,018329238619989623;2195;17369;5099;batchnorm;;23;26,0;18,0;22,0;;;;4;adam;minmax
862;2024-07-04 17:38:47.215952;0,3161105215549469;;relu;0,49609352649915417;0,33153941836751966;256;;0,10297181918664279;0,03769909487961857;0,011098904080929308;2195;17369;5099;batchnorm;;25;26,0;19,0;23,0;;;;4;adam;minmax
863;2024-07-04 17:40:54.998348;0,1889473795890808;;relu;0,733396578946118;0,2886160053162957;256;;0,06437619357542795;0,03242068579565341;0,014148325079948159;2195;17369;5099;batchnorm;;22;24,0;17,0;22,0;;;;4;adam;minmax
864;2024-07-04 17:43:02.043690;0,20294401049613953;;relu;0,7097831240831199;0,2905501256431249;32;;0,08690267866497639;0,01781375198642228;0,013672233208072877;2195;17369;5099;batchnorm;;22;25,0;17,0;22,0;;;;4;adam;minmax
865;2024-07-04 17:47:36.324862;0,2233000099658966;;relu;0,7350136737766414;0,27371194176753055;256;0,31034968032685906;0,12416244415576468;0,03121357998359685;0,008018513870328755;2195;17369;5099;dropout;;22;26,0;18,0;22,0;;;;4;adam;minmax
866;2024-07-04 17:51:07.896157;0,19818949699401855;;relu;0,740844515655211;0,3122225518407509;256;;0,08863200705933309;0,02951436357850851;0,011904733099227526;2195;17369;5099;batchnorm;;22;25,0;17,0;21,0;;;;4;adam;minmax
867;2024-07-04 17:53:21.681167;0,2192947268486023;;relu;0,7833292388387838;0,7683081581800238;256;;0,05822887427826767;0,03333131115924359;0,010461003298568188;2195;17369;5099;batchnorm;;23;24,0;17,0;21,0;;;;4;adam;minmax
868;2024-07-04 17:56:12.819348;0,2148052453994751;;relu;0,6912178659224032;0,3019439312151522;256;;0,1445515948088827;0,029741650093312172;0,014402554298224516;2195;17369;5099;batchnorm;;23;26,0;16,0;22,0;;;;4;adam;minmax
869;2024-07-04 17:58:38.712645;0,19835790991783142;;relu;0,7572115542255532;0,44588202529606996;256;;0,07111621984282318;0,03518068755723038;0,015454450223377785;2195;17369;5099;batchnorm;;22;27,0;17,0;22,0;;;;4;adam;minmax
870;2024-07-04 18:00:38.850099;0,3350468575954437;;relu;0,726832213053717;0,346130751368905;64;;0,24965617746057656;0,03186991515766369;0,009248759019092752;2195;17369;5099;batchnorm;;23;25,0;18,0;23,0;;;;4;adam;minmax
871;2024-07-04 18:03:25.129175;0,19280001521110535;;relu;0,7616902868458123;0,24462591669864436;256;;0,2648136260324176;0,033128744042837346;0,013958934079451774;2195;17369;5099;batchnorm;;22;25,0;16,0;21,0;;;;4;adam;minmax
872;2024-07-04 18:05:35.305440;0,2012263387441635;;relu;0,7883425530601746;0,22932739737208302;256;;0,08172539494225929;0,037574526433656504;0,012186898801043856;2195;17369;5099;batchnorm;;24;24,0;18,0;21,0;;;;4;adam;normalizer
873;2024-07-04 18:08:14.697755;0,19221580028533936;;relu;0,33665809180453765;0,27218118076806713;256;;0,05242471586678902;0,027178302102117934;0,022244510909771736;2195;17369;5099;batchnorm;;21;27,0;18,0;22,0;;;;4;adam;minmax
874;2024-07-04 18:10:32.476327;0,19897370040416718;;relu;0,6532123465929764;0,4809413492088908;256;;0,18096657862837184;0,040527087519598944;0,01645240633996322;2195;17369;5099;batchnorm;;21;26,0;19,0;23,0;;;;4;adam;minmax
875;2024-07-04 18:12:56.159739;0,20097894966602325;;relu;0,9185698638258375;0,2925430977948219;256;;0,0753255956595607;0,058443560871962716;0,01322782059405637;2195;17369;5099;batchnorm;;22;26,0;17,0;22,0;;;;4;adam;minmax
876;2024-07-04 18:15:43.243893;0,20347894728183746;;relu;0,8388320090848946;0,399232353317438;256;;0,1153474966277937;0,04382879429575779;0,016509624813065234;2195;17369;5099;batchnorm;;23;25,0;16,0;23,0;;;;4;adam;minmax
877;2024-07-04 18:17:52.553259;0,19882629811763763;;relu;0,8025270346970121;0,21294372559324237;256;;0,05211316041707114;0,0551782071252467;0,010524718043494443;2195;17369;5099;batchnorm;;24;23,0;19,0;21,0;;;;4;adam;minmax
878;2024-07-04 18:20:17.931057;0,2902684509754181;;relu;0,9719017349025656;0,31940049800082354;256;;0,22785122272180017;0,041753408996486954;0,01875700522786058;2195;17369;5099;batchnorm;;17;24,0;18,0;22,0;;;;4;adam;minmax
879;2024-07-04 18:22:20.797296;0,949052631855011;;relu;0,1504077094297504;0,36400495646050623;256;;0,15988984917962268;0,03552681899870514;0,005962696154272951;2195;17369;5099;batchnorm;;17;26,0;19,0;21,0;;;;4;adam;minmax
880;2024-07-04 18:24:09.565281;0,19081053137779236;;relu;0,7540093766829927;0,4201131774727398;256;;0,10492736443899067;0,03893409237847678;0,02217947703707447;2195;17369;5099;batchnorm;;25;25,0;18,0;23,0;;;;4;adam;minmax
881;2024-07-04 18:26:24.021198;0,19781577587127686;;relu;0,7514670917437986;0,8559421625685549;256;;0,28604208849565793;0,03786321217266677;0,02632085657192518;2195;17369;5099;batchnorm;;25;27,0;17,0;23,0;;;;4;adam;minmax
882;2024-07-04 18:28:39.891459;0,1909947246313095;;relu;0,7294166260155235;0,428049599255326;256;;0,13968246870666073;0,039627417435421565;0,02335318144915097;2195;17369;5099;batchnorm;;25;23,0;18,0;22,0;;;;4;adam;minmax
883;2024-07-04 18:30:47.777362;0,215410515666008;;relu;0,7080015044746297;0,45036888080316595;256;;0,11567231439153704;0,03981923170821776;0,029614667904958147;2195;17369;5099;batchnorm;;26;23,0;18,0;22,0;;;;4;adam;minmax
884;2024-07-04 18:33:11.029371;0,21745263040065765;;relu;0,7278778482360035;0,6907972382219534;256;;0,1331530659133731;0,038848739909573805;0,022778600254352577;2195;17369;5099;batchnorm;;25;23,0;17,0;23,0;;;;4;adam;minmax
885;2024-07-04 18:35:26.184434;0,1884889006614685;;relu;0,6949475983211365;0,41955371686426834;512;;0,10051588845035224;0,035793328811377985;0,025039340241511294;2195;17369;5099;batchnorm;;26;23,0;18,0;21,0;;;;4;adam;minmax
886;2024-07-04 18:37:30.060239;0,4850444197654724;;relu;0,6987881382275044;0,33832789730274443;512;;0,0978010197573333;0,034417300842285004;0,0011322702146377163;2195;17369;5099;batchnorm;;26;23,0;16,0;20,0;;;;4;adam;minmax
887;2024-07-04 18:39:14.286172;0,20946314930915833;;relu;0,6710871887582197;0,41444548758400096;256;0,42840058885057436;0,09644164960235957;0,03524294622597557;0,025978607050213043;2195;17369;5099;dropout;;27;24,0;17,0;20,0;;;;4;adam;minmax
888;2024-07-04 18:41:39.567981;0,2181544452905655;;relu;0,7492959157082647;0,4717132965725931;64;;0,10995868863683493;0,03162228850054195;0,02990973108264876;2195;17369;5099;batchnorm;;22;27,0;19,0;21,0;;;;4;adam;minmax
889;2024-07-04 18:46:31.089315;0,19858887791633606;;relu;0,6809301420769552;0,4431232791768837;512;;0,07676200330000432;0,037331543875304345;0,021165439596391288;2195;17369;5099;batchnorm;;26;24,0;24,0;20,0;;;;4;adam;minmax
890;2024-07-04 18:48:33.318902;0,3270111083984375;;relu;0,7668779185219249;0,25954634091192985;512;;0,0715771922575672;0,02587170163942747;0,025324397325104758;2195;17369;5099;batchnorm;;23;23,0;18,0;21,0;;;;4;adam;minmax
891;2024-07-04 18:50:29.758346;0,1885777860879898;;relu;0,4148618770722493;0,30244632245609687;512;;0,10469828591823277;0,03672217366366698;0,021634557251398276;2195;17369;5099;batchnorm;;24;24,0;19,0;19,0;;;;4;adam;normalizer
892;2024-07-04 18:52:28.257401;0,609333336353302;;relu;0,4791638419248402;0,3077133068123864;512;;0,09462871367692915;0,03306137811428567;0,022520114748405526;2195;17369;5099;batchnorm;;28;23,0;18,0;19,0;;;;4;adam;minmax
893;2024-07-04 18:54:17.680237;0,19458889961242676;;relu;0,7155410572723662;0,282545925159974;512;;0,07564017605735782;0,03653040780854212;0,02620849654714037;2195;17369;5099;batchnorm;;24;24,0;19,0;19,0;;;;4;adam;normalizer
894;2024-07-04 18:56:25.637195;0,4160555601119995;;relu;0,31549859661730373;0,3295003306297515;512;;0,11166732716937708;0,03625503045404051;0,021920430385478324;2195;17369;5099;batchnorm;;25;;;;;;;1;adam;normalizer
895;2024-07-04 18:58:06.067196;0,1912444531917572;;relu;0,4408829597612055;0,5019062036547454;512;;0,33525639285323716;0,03438468186245966;0,0306177437740072;2195;17369;5099;batchnorm;;26;23,0;18,0;20,0;;;;4;adam;normalizer
896;2024-07-04 19:00:06.383149;0,3187333345413208;;relu;0,43217358659966143;0,29642242627492715;512;;0,10284828696682241;0,0383875447731823;0,020085810502674616;2195;17369;5099;batchnorm;;24;24,0;17,0;19,0;;;;4;adam;normalizer
897;2024-07-04 19:02:03.353241;0,19128890335559845;;relu;0,275998308131281;0,31044347627898417;512;;0,05518561054675447;0,03661522820385083;0,019597918767320446;2195;17369;5099;batchnorm;;17;24,0;19,0;20,0;;;;4;adam;normalizer
898;2024-07-04 19:03:56.527322;0,19997777044773102;;relu;0,41094629762722573;0,27918483900164753;512;;0,268059373792349;0,04093001705042273;0,024114705023107006;2195;17369;5099;batchnorm;;24;23,0;18,0;21,0;;;;4;adam;normalizer
899;2024-07-04 19:05:49.014424;0,19002223014831543;;relu;0,6648511541832482;0,34292044932132865;512;;0,08319227807010277;0,03289530409134413;0,02621214014627293;2195;17369;5099;batchnorm;;18;24,0;19,0;18,0;;;;4;adam;normalizer
900;2024-07-04 19:07:55.691295;0,20082221925258636;;relu;0,3908419864209566;0,34322637580044246;512;;0,07790954818132956;0,03206973829492206;0,02820019407193467;2195;17369;5099;batchnorm;;18;23,0;19,0;18,0;;;;4;adam;normalizer
901;2024-07-04 19:09:49.288439;0,19748888909816742;;relu;0,6612194394134889;0,33217302710338975;512;;0,09933538723517182;0,028290148307967673;0,02673705497018038;2195;17369;5099;batchnorm;;21;24,0;18,0;19,0;;;;4;adam;normalizer
902;2024-07-04 19:11:39.893600;0,19695556163787842;;relu;0,5291724319988581;0,08057401109703904;512;;0,11757535604551252;0,020252673429138175;0,03954647173945735;2195;17369;5099;batchnorm;;25;22,0;19,0;19,0;;;;4;adam;normalizer
903;2024-07-04 19:13:26.920703;0,41653332114219666;;relu;0,6883452740525517;0,349697209070524;512;;0,367368586296157;0,030742057869696474;0,006967444859943979;2195;17369;5099;batchnorm;;18;24,0;19,0;19,0;;;;4;adam;normalizer
904;2024-07-04 19:15:41.676082;0,26510000228881836;;relu;0,6366261232063561;0,318272752869242;512;;0,06164771179071377;0,03340118302569468;0,02374557472194059;2195;17369;5099;batchnorm;;27;23,0;17,0;20,0;;;;4;adam;normalizer
905;2024-07-04 19:17:35.864218;0,19273333251476288;;relu;0,6160900798535643;0,5301563307602536;512;;0,29692345142733584;0,034466506317554206;0,031089416272747045;2195;17369;5099;batchnorm;;26;4,0;18,0;19,0;;;;4;adam;normalizer
906;2024-07-04 19:19:30.320685;0,23367778956890106;;relu;0,6617343855266266;0,3683344768754447;512;;0,08693107751750773;0,03262085830629311;0,034449317188789096;2195;17369;5099;batchnorm;;21;24,0;19,0;18,0;;;;4;adam;normalizer
907;2024-07-04 19:21:20.377856;0,49264445900917053;;relu;0,7405914922033324;0,2533808770466159;512;0,24758855646547465;0,12167514085206096;0,030927951126764476;0,021144821797429894;2195;17369;5099;dropout;;18;23,0;19,0;20,0;;;;4;adam;normalizer
908;2024-07-04 19:23:22.489979;0,34618890285491943;;relu;0,025159613030531935;0,29589750054771263;512;;0,07148216050028425;0,036849265026785635;0,0016249173616744608;2195;17369;5099;batchnorm;;24;24,0;18,0;18,0;;;;4;adam;normalizer
909;2024-07-04 19:25:03.303213;0,22633332014083862;;relu;0,7018111146939594;0,5492769403727187;512;;0,050924066946724855;0,034866438671993884;0,025307972438335567;2195;17369;5099;batchnorm;;18;27,0;20,0;20,0;;;;4;adam;normalizer
910;2024-07-04 19:27:07.834041;0,2773333489894867;;relu;0,6488116546600139;0,35638958303873614;512;;0,25183628339036485;0,022615888776751487;0,018831053981046314;2195;17369;5099;batchnorm;;17;26,0;19,0;18,0;;;;4;adam;normalizer
911;2024-07-04 19:29:00.814467;0,19201110303401947;;relu;0,767790750102328;0,331953528594515;512;;0,3007797717626721;0,03844731066216203;0,028578098310006527;2195;17369;5099;batchnorm;;25;24,0;18,0;17,0;;;;4;adam;normalizer
912;2024-07-04 19:30:55.308675;0,2036222219467163;;relu;0,3912686078929264;0,31009087448890704;512;;0,3799943217783101;0,029111429904926617;0,022432034995984684;2195;17369;5099;batchnorm;;4;27,0;17,0;18,0;;;;4;adam;normalizer
913;2024-07-04 19:33:06.501663;0,21869999170303345;;relu;0,7258644279719054;0,3855304157665869;512;;0,13506276625894378;0,013530700673246618;0,020315165223456867;2195;17369;5099;batchnorm;;18;26,0;20,0;21,0;;;;4;adam;normalizer
914;2024-07-04 19:34:56.511871;0,19678889214992523;;relu;0,7479804791877799;0,27533034580851623;512;;0,0958168514842053;0,03615824862159187;0,02499187953450656;2195;17369;5099;batchnorm;;17;24,0;19,0;20,0;;;;4;adam;normalizer
915;2024-07-04 19:36:55.679430;0,20304442942142487;;relu;0,3761712394995181;0,6307977276886975;512;;0,05037310090817419;0,038804985542292524;0,018445880100434648;2195;17369;5099;batchnorm;;21;25,0;18,0;21,0;;;;4;adam;normalizer
916;2024-07-04 19:39:09.200458;0,3409000039100647;;relu;0,9008627243105283;0,36527996879644914;512;;0,10146976840758265;0,04021540154391685;0,020944841191475914;2195;17369;5099;batchnorm;;16;23,0;20,0;21,0;;;;4;adam;minmax
917;2024-07-04 19:40:56.231877;0,21620000898838043;;relu;0,9343559750012846;0,40527590663922686;512;;0,0810401359544654;0,010580129381480091;0,03429326766198938;2195;17369;5099;batchnorm;;28;26,0;19,0;18,0;;;;4;adam;minmax
918;2024-07-04 19:42:42.454141;0,21235555410385132;;relu;0,35064033578370857;0,6726255119654405;512;;0,11248812034605023;0,03299698566124892;0,028344615019391207;2195;17369;5099;batchnorm;;24;25,0;18,0;20,0;;;;4;adam;minmax
919;2024-07-04 19:44:47.483912;0,6170889139175415;;relu;0,7734670243936717;0,34685894386700405;512;;0,40555181871202345;0,037427510298619696;0,0020868778202135342;2195;17369;5099;batchnorm;;22;27,0;19,0;19,0;;;;4;adam;minmax
920;2024-07-04 19:46:33.533614;0,6795833706855774;;relu;0,5820792372903889;0,32694203848648545;32;;0,1466409063953742;0,03452035626957628;0,007868521349872176;2195;17369;5099;batchnorm;;25;24,0;20,0;21,0;;;;4;adam;minmax
921;2024-07-04 19:51:27.874782;0,1989888846874237;;relu;0,686450580844457;0,3870041861705965;512;;0,24531641713802327;0,04187189205330995;0,017887282247106333;2195;17369;5099;batchnorm;;26;22,0;16,0;17,0;;;;4;adam;minmax
922;2024-07-04 19:53:28.702728;0,32917776703834534;;relu;0,7188431561152251;0,28846451146774205;512;;0,08012144728200857;0,039696114578038746;0,022106789702083855;2195;17369;5099;batchnorm;;16;27,0;18,0;19,0;;;;4;adam;minmax
923;2024-07-04 19:55:41.971890;0,5520555973052979;;relu;0,5992678046988872;0,502428745205317;512;;0,0794355436897474;0,059518744082189656;0,005092446331386899;2195;17369;5099;batchnorm;;18;25,0;19,0;20,0;;;;4;adam;normalizer
924;2024-07-04 19:57:31.394851;0,5814111232757568;;relu;0,749839327633272;0,31692555890826696;512;;0,12937160044536825;0,030440057067560464;0,002581626060337715;2195;17369;5099;batchnorm;;23;24,0;17,0;21,0;;;;4;adam;minmax
925;2024-07-04 19:59:11.329425;1,2484759092330933;;relu;0,4748525548574992;0,41546035208424636;32;;0,10673678980483112;0,036135981955912014;0,004818948872942695;2195;17369;5099;batchnorm;;17;25,0;20,0;22,0;;;;4;adam;minmax
926;2024-07-04 20:03:26.353419;0,5672667026519775;;relu;0,4992006109171964;0,3596843645740177;512;;0,050147282128811525;0,0380130858386834;0,0035671858432549026;2195;17369;5099;batchnorm;;21;26,0;18,0;21,0;;;;4;adam;minmax
927;2024-07-04 20:05:07.823192;1,3140889406204224;;relu;0,9572359825629294;0,2622400769426181;512;;0,3473401872494365;0,04137594467202105;0,024225632653518837;2195;17369;5099;batchnorm;;17;23,0;19,0;20,0;;;;4;adam;minmax
928;2024-07-04 20:06:54.262979;0,19670526683330536;;relu;0,7832747649882533;0,46989015990636707;256;;0,39237222597608645;0,07075765590692118;0,01865248061038491;2195;17369;5099;batchnorm;;24;26,0;17,0;22,0;;;;4;adam;minmax
929;2024-07-04 20:09:08.908132;0,47630125284194946;;relu;0,4114338058376933;0,300102360798755;64;0,6122993319158896;0,2171877403684887;0,06243058612271636;0,016633538666422715;2195;17369;5099;dropout;;18;24,0;20,0;19,0;;;;4;adam;minmax
930;2024-07-04 20:11:36.658674;0,20708946883678436;;relu;0,7626747398485964;0,3739644802329348;256;;0,31371252619204076;0,06756972140086417;0,03247372455175108;2195;17369;5099;batchnorm;;26;27,0;19,0;21,0;;;;4;adam;minmax
931;2024-07-04 20:13:26.852915;0,1912105232477188;;relu;0,6756242858539736;0,5977462251901225;256;;0,06653607855237569;0,007478402789935112;0,0193955610513066;2195;17369;5099;batchnorm;;16;25,0;18,0;22,0;;;;4;adam;minmax
932;2024-07-04 20:15:34.891796;0,21902631223201752;;relu;0,4566278904650999;0,4328009141141515;256;;0,1565337732708161;0,03251650753090686;0,038939997886463684;2195;17369;5099;batchnorm;;20;26,0;19,0;20,0;;;;4;adam;normalizer
933;2024-07-04 20:17:55.870692;0,19461052119731903;;relu;0,6395877598742248;0,3418808327345317;256;;0,2584406555663557;0,03574384078893123;0,023113798970055617;2195;17369;5099;batchnorm;;17;25,0;20,0;21,0;;;;4;adam;minmax
934;2024-07-04 20:20:16.869381;0,200773686170578;;relu;0,7368137811644508;0,403885290544282;256;;0,3335521905439845;0,03860502487126349;0,009847857118229013;2195;17369;5099;batchnorm;;23;24,0;19,0;20,0;;;;4;adam;minmax
935;2024-07-04 20:22:56.943124;0,3187631666660309;;relu;0,5681152702832585;0,9740489501820921;256;;0,321584111871644;0,04032577230136243;0,026787797788032253;2195;17369;5099;batchnorm;;22;26,0;24,0;22,0;;;;4;adam;minmax
936;2024-07-04 20:24:55.830525;0,20605556666851044;;relu;0,7105203110424695;0,4521394499955037;512;;0,12760386139788638;0,029608846995417843;0,016286756284498112;2195;17369;5099;batchnorm;;25;23,0;18,0;22,0;;;;4;adam;minmax
937;2024-07-04 20:26:58.517605;0,5960420370101929;;relu;0,7927243788074789;0,3226965969001714;256;;0,09247562206422019;0,006055079597559923;0,008425973209015813;2195;17369;5099;batchnorm;;16;25,0;20,0;21,0;;;;4;adam;minmax
938;2024-07-04 20:29:01.858319;0,20184211432933807;;relu;0,7694355715668051;0,48944536201923183;256;;0,3065083132323494;0,05560302156363615;0,020610215200095094;2195;17369;5099;batchnorm;;21;24,0;18,0;20,0;;;;4;adam;minmax
939;2024-07-04 20:31:04.179322;0,22346840798854828;;relu;0,8658280088922765;0,5233272192878513;256;;0,4325292780234983;0,04223295606618846;0,017487014522804618;2195;17369;5099;batchnorm;;18;26,0;17,0;22,0;;;;4;adam;minmax
940;2024-07-04 20:33:06.599058;0,5624052286148071;;relu;0,07321708623012219;0,38938297434528574;256;;0,11093587227881999;0,05659805808511456;0,01201072568446552;2195;17369;5099;batchnorm;;24;27,0;19,0;19,0;;;;4;adam;minmax
941;2024-07-04 20:35:02.565636;0,20872104167938232;;relu;0,8075720050618507;0,35639947225872476;256;;0,2919072554477996;0,023963590815698755;0,024985891371996;2195;17369;5099;batchnorm;;19;25,0;20,0;21,0;;;;4;adam;normalizer
942;2024-07-04 20:37:10.849429;0,5130175948143005;;relu;0,7406219606882685;0,2946401607610439;32;;0,341798834574215;0,034403638739281824;0,04737979500875677;2195;17369;5099;batchnorm;;16;24,0;25,0;21,0;;;;4;adam;minmax
943;2024-07-04 20:40:58.445708;0,18765789270401;;relu;0,7789965809809666;0,42257774178534946;256;;0,36609610977755763;0,01285623838566749;0,020940589841501645;2195;17369;5099;batchnorm;;17;26,0;18,0;23,0;;;;4;adam;minmax
944;2024-07-04 20:43:02.319974;0,46639999747276306;;relu;0,7714626961974198;0,43403831633343215;512;;0,3718948596628029;0,030437341392830913;0,022105137916977803;2195;17369;5099;batchnorm;;17;26,0;17,0;22,0;;;;4;adam;minmax
945;2024-07-04 20:44:57.041891;0,20755790174007416;;relu;0,24573185771521527;0,55359913988418;256;;0,0877912667776776;0,052056451390610645;0,028145909025729495;2195;17369;5099;batchnorm;;17;27,0;18,0;23,0;;;;4;adam;minmax
946;2024-07-04 20:47:22.298500;0,1948000192642212;;relu;0,7926341391994072;0,41399080559902957;256;;0,15547079827924928;0,019624134980887283;0,020067187892810912;2195;17369;5099;batchnorm;;18;26,0;17,0;23,0;;;;4;adam;minmax
947;2024-07-04 20:49:39.390341;0,1970430165529251;;relu;0,7560890785204107;0,4628432241248892;64;;0,34774598181924765;0,02587797081220231;0,0306467534699993;2195;17369;5099;batchnorm;;17;26,0;18,0;23,0;;;;4;adam;minmax
948;2024-07-04 20:53:54.348593;0,32151052355766296;;relu;0,5220483897514071;0,278096113170345;256;;0,6354221975532466;0,03704696726300119;0,023319733801539774;2195;17369;5099;batchnorm;;16;27,0;19,0;23,0;;;;4;adam;minmax
949;2024-07-04 20:56:07.687999;0,5117473602294922;;relu;0,6999525695857111;0,4261594890192819;256;;0,12968099564037322;0,022365673445548254;0,0015296973824715375;2195;17369;5099;batchnorm;;18;25,0;16,0;22,0;;;;4;adam;minmax
950;2024-07-04 20:58:33.563285;20559,326171875;;relu;0,7822791685457091;0,22497662191191603;256;0,6667359753232626;0,3804380779013411;0,021481116265500706;0,018718357977182874;2195;17369;5099;dropout;;17;22,0;18,0;23,0;;;;4;adam;minmax
951;2024-07-04 21:00:24.309557;0,1920684427022934;;relu;0,7245416240560115;0,25211863693018266;256;;0,6043569852971713;0,018131682751197472;0,02089272101662008;2195;17369;5099;batchnorm;;16;25,0;19,0;18,0;;;;4;adam;minmax
952;2024-07-04 21:02:31.754950;0,1852889060974121;0,42870159453302964;relu;0,6131839173275669;0,31019793256741013;512;;0,210173140233761;0,0061768878044596645;0,02563017948182324;2195;17369;5099;batchnorm;;18;26,0;18,0;22,0;;;;4;adam;minmax
953;2024-07-04 21:04:25.829868;0,3581666648387909;;relu;0,6246912721093844;0,3021443742364362;512;;0,19325016573368603;0,024673206416491116;0,026759752341265482;2195;17369;5099;batchnorm;;18;27,0;19,0;22,0;;;;4;adam;minmax
954;2024-07-04 21:06:28.873359;0,21813331544399261;;selu;0,6761457610119482;0,32087308486264204;512;;0,3086488151848701;0,011685290817356427;0,03477492753051494;2195;17369;5099;batchnorm;;18;26,0;17,0;21,0;;;;4;adam;minmax
955;2024-07-04 21:08:22.695282;0,9473444819450378;;relu;0,3539459977256922;0,33771289738194504;512;;0,19564217452941993;0,011292064152853522;0,005553597449924707;2195;17369;5099;batchnorm;;19;27,0;19,0;20,0;;;;4;adam;minmax
956;2024-07-04 21:10:03.791004;1,0550554990768433;;relu;0,19802203799100643;0,26933198485394366;512;;0,27519342544106956;0,007503363582457102;0,0018753103025158063;2195;17369;5099;batchnorm;;18;26,0;18,0;22,0;;;;4;adam;minmax
957;2024-07-04 21:11:54.443267;0,969366729259491;;relu;0,6603018603733618;0,19550157179216143;512;;0,2672610269749441;0,008119746308652042;0,002411069491328642;2195;17369;5099;batchnorm;;17;27,0;20,0;21,0;;;;4;adam;minmax
958;2024-07-04 21:13:38.558119;1,0358110666275024;;relu;0,6467552571707895;0,31143065155067157;512;;0,20274631347004318;0,010293503542955992;0,0021649764274042703;2195;17369;5099;batchnorm;;19;26,0;18,0;22,0;;;;4;adam;minmax
959;2024-07-04 21:15:23.817797;0,22126668691635132;;relu;0,6848743884829184;0,2914235656795471;512;;0,4150852784084392;0,008930174709421958;0,041498704496487626;2195;17369;5099;batchnorm;;17;26,0;20,0;20,0;;;;4;adam;minmax
960;2024-07-04 21:17:04.680091;0,20382222533226013;;relu;0,8098253413937256;0,34621671057276704;512;;0,16927965084992008;0,009519292266031851;0,029601946570253796;2195;17369;5099;batchnorm;;18;27,0;19,0;21,0;;;;4;adam;normalizer
961;2024-07-04 21:19:26.020988;0,41866669058799744;;relu;0,5404475793191177;0,370884130727118;512;;0,5931039766017444;0,02111737173874422;0,016959312085884682;2195;17369;5099;batchnorm;;20;26,0;17,0;19,0;;;;4;adam;minmax
962;2024-07-04 21:21:36.627169;0,6110777854919434;;relu;0,6633447458724664;0,33012015811286244;512;;0,35259351352630774;0,026442273294797564;0,017571805779828906;2195;17369;5099;batchnorm;;17;27,0;18,0;22,0;;;;4;adam;minmax
963;2024-07-04 21:23:30.834429;0,5326555371284485;;relu;0,5697989981118939;0,24690670120801617;512;;0,2410615155329733;0,014053518787524224;0,0071871963898809356;2195;17369;5099;batchnorm;;15;23,0;19,0;21,0;;;;4;adam;minmax
964;2024-07-04 21:25:20.342404;0,1967666745185852;;relu;0,631996444460029;0,38919042416625255;512;;0,45420888151158434;0,01713915394903969;0,024054543370354342;2195;17369;5099;batchnorm;;19;26,0;20,0;20,0;;;;4;adam;minmax
965;2024-07-04 21:27:30.310640;0,335833340883255;;relu;0,10263863248614696;0,30718718482234186;512;;0,6110425767631982;0,053345682266928846;0,026574364773140676;2195;17369;5099;batchnorm;;18;25,0;18,0;22,0;;;;4;adam;minmax
966;2024-07-04 21:29:34.765716;0,21836668252944946;;relu;0,7058138702176064;0,36036408217709276;512;;0,5703373485305323;0,0571972030371866;0,01946533766619429;2195;17369;5099;batchnorm;;16;26,0;16,0;21,0;;;;4;adam;minmax
967;2024-07-04 21:31:34.969618;0,5120666027069092;;relu;0,5943220861252431;0,6569302014521067;512;;0,362040113767108;0,013798803116421888;0,0032989256256307983;2195;17369;5099;batchnorm;;17;24,0;19,0;23,0;;;;4;adam;minmax
968;2024-07-04 21:33:17.970396;0,2805565893650055;;relu;0,6098151938279438;0,3305519736064447;32;;0,14461107168240697;0,03125290922339254;0,015759402110845862;2195;17369;5099;batchnorm;;18;25,0;19,0;20,0;;;;4;adam;normalizer
969;2024-07-04 21:37:05.955092;0,20977893471717834;;relu;0,7388906804328874;0,2815080786667899;256;;0,066743215283233;0,005985030823910585;0,03299495464464638;2195;17369;5099;batchnorm;;20;23,0;20,0;19,0;;;;4;adam;minmax
970;2024-07-04 21:39:04.420217;0,4140736162662506;;relu;0,3240048343667645;0,7175112982123084;256;;0,24460470691912733;0,01992741566480296;0,022487757096187878;2195;17369;5099;batchnorm;;19;27,0;21,0;22,0;;;;4;adam;minmax
971;2024-07-04 21:41:28.250668;0,2693420946598053;;relu;0,7817200741140474;0,4042028240729983;256;0,5219031837979102;0,36345263817161577;0,00821959693147743;0,015535337107638129;2195;17369;5099;dropout;;16;25,0;18,0;21,0;;;;4;adam;minmax
972;2024-07-04 21:43:14.877986;0,2263631522655487;;relu;0,4967532026742152;0,513557359682735;256;;0,628583208188221;0,015927911934537273;0,01922256839082538;2195;17369;5099;batchnorm;;21;24,0;17,0;22,0;;;;4;adam;minmax
973;2024-07-04 21:45:44.515218;0,20386835932731628;;relu;0,8060171627433291;0,7755485400548685;64;;0,33096610968637863;0,00572175851106963;0,0373034551595273;2195;17369;5099;batchnorm;;22;26,0;19,0;20,0;;;;4;adam;minmax
974;2024-07-04 21:49:12.415125;0,44547781348228455;;relu;0,7622671590297234;0,3130054772773784;512;;0,15494774198355168;0,012093124597721366;0,024680828866829534;2195;17369;5099;batchnorm;;17;25,0;18,0;17,0;;;;4;adam;minmax
975;2024-07-04 21:51:17.604284;0,2854578495025635;;selu;0,7198804153182736;0,37588600631578967;256;;0,5504203561177189;0,01243487481071143;0,01782995436467194;2195;17369;5099;batchnorm;;18;22,0;20,0;21,0;;;;4;adam;minmax
976;2024-07-04 21:53:22.908093;0,32507890462875366;;relu;0,6144900260679049;0,3460214758638202;256;;0,27351056614795105;0,010057621273578423;0,06744843184814628;2195;17369;5099;batchnorm;;15;26,0;19,0;23,0;;;;4;adam;normalizer
977;2024-07-04 21:55:17.065406;75,04206085205078;;relu;0,9854851396833632;0,6012011614494496;256;;0,5832843903948918;0,060246027516730964;0,02786416102565466;2195;17369;5099;batchnorm;;20;27,0;21,0;18,0;;;;4;adam;minmax
978;2024-07-04 21:57:24.518044;1,2430369853973389;;relu;0,9154206319112747;0,48699133200801403;256;;0,4675940166813547;0,016715924749726354;0,001975633389105139;2195;17369;5099;batchnorm;;19;25,0;18,0;22,0;;;;4;adam;minmax
979;2024-07-04 21:59:50.563371;0,4051111340522766;;relu;0,7937407386351281;0,44928027654570796;512;;0,39368511031909914;0,01771977112798369;0,01534173783069943;2195;17369;5099;batchnorm;;16;24,0;19,0;19,0;;;;4;adam;minmax
980;2024-07-04 22:01:30.763762;0,33876845240592957;;relu;0,4622619056206542;0,2898239861132657;256;;0,21858412150231177;0,024783679225151928;0,021606989887924335;2195;17369;5099;batchnorm;;17;23,0;17,0;21,0;;;;4;adam;minmax
981;2024-07-04 22:03:58.993854;0,19717368483543396;;relu;0,6435812380796204;0,3912650921343942;256;;0,6585927926741125;0,0063572771580629826;0,01181511834416713;2195;17369;5099;batchnorm;;15;26,0;20,0;23,0;;;;4;adam;minmax
982;2024-07-04 22:06:31.758278;0,1993684470653534;;relu;0,8235332297748267;0,32418479634981745;256;;0,40669197412431646;0,008259871076728712;0,01997893761350218;2195;17369;5099;batchnorm;;18;24,0;19,0;22,0;;;;4;adam;minmax
983;2024-07-04 22:08:30.810255;0,19381053745746613;;relu;0,6937067205746763;0,35890099766381034;256;;0,1262861404898838;0,023185761307075052;0,009513048530109678;2195;17369;5099;batchnorm;;23;25,0;18,0;20,0;;;;4;adam;normalizer
984;2024-07-04 22:11:03.087071;0,2395578920841217;;relu;0,5226959455335249;0,2601380736032353;256;;0,5386802666817975;0,009405381547802086;0,0064492733139997665;2195;17369;5099;batchnorm;;22;27,0;20,0;21,0;;;;4;adam;minmax
985;2024-07-04 22:13:17.550201;0,537577748298645;;relu;0,01942016800022628;0,7902894166376557;512;;0,4375877122067423;0,013331475924774079;0,013949881528775594;2195;17369;5099;batchnorm;;16;26,0;18,0;20,0;;;;4;adam;minmax
986;2024-07-04 22:15:38.951890;0,7250263094902039;;relu;0,544880158506704;0,06749133806494512;256;;0,6126196513504872;0,014463006604476102;0,0016268310439414243;2195;17369;5099;batchnorm;;17;25,0;21,0;22,0;;;;4;adam;minmax
987;2024-07-04 22:18:02.850594;0,3257316052913666;;relu;0,73536455910387;0,30876045651601036;256;;0,31335463476572684;0,007023519236300368;0,0034908502551216445;2195;17369;5099;batchnorm;;19;24,0;19,0;23,0;;;;4;adam;minmax
988;2024-07-04 22:19:52.171837;0,1972210705280304;;relu;0,7670645582519359;0,8993165885540053;256;;0,22830008111387765;0,016491368915442745;0,19592165913281306;2195;17369;5099;batchnorm;;21;26,0;23,0;21,0;;;;4;adam;minmax
989;2024-07-04 22:21:49.204959;0,24871575832366943;;relu;0,3683616304317378;0,5339115956779449;256;;0,06980235481923641;0,005293840125442288;0,0176191522316285;2195;17369;5099;batchnorm;;18;23,0;17,0;5,0;;;;4;adam;minmax
990;2024-07-04 22:23:57.860068;0,19121110439300537;;relu;0,4191023495176905;0,34278806745843704;512;;0,5673129650990789;0,02048009652517349;0,025407749029952107;2195;17369;5099;batchnorm;;17;27,0;20,0;22,0;;;;4;adam;minmax
991;2024-07-04 22:26:05.224289;0,2587842047214508;;relu;0,6670613568726333;0,44020301245510496;256;;0,5987871936737821;0,02666200531517447;0,015607781979280866;2195;17369;5099;batchnorm;;20;25,0;18,0;19,0;;;;4;adam;minmax
992;2024-07-04 22:28:24.974127;0,20922105014324188;;relu;0,7777205787769376;0,472639791803673;256;0,5779811810453747;0,4216046152496532;0,012197791454896708;0,030740454468559546;2195;17369;5099;dropout;;15;24,0;19,0;23,0;;;;4;adam;normalizer
993;2024-07-04 22:30:23.327275;0,24102137982845306;;relu;0,7529688295520356;0,9960772846755102;32;;0,20597116554571848;0,042766985884015826;0,01317685877484339;2195;17369;5099;batchnorm;;18;26,0;19,0;21,0;;;;4;adam;minmax
994;2024-07-04 22:36:08.816278;0,28350523114204407;;relu;0,8321344240397351;0,5574558578685908;256;;0,6449879136902125;0,029104905035793424;0,010878871819221602;2195;17369;5099;batchnorm;;16;9,0;16,0;20,0;;;;4;adam;minmax
995;2024-07-04 22:38:03.985592;0,19301579892635345;;relu;0,7165162747001756;0,4072871670250713;256;;0,4742895840453396;0,020148977694586526;0,02116193827147891;2195;17369;5099;batchnorm;;19;25,0;20,0;22,0;;;;4;adam;minmax
996;2024-07-04 22:40:02.666892;0,5062315464019775;;selu;0,8144722818805923;0,2279511843329748;256;;0,17083417457777128;0,023430549078782514;0,01743967348836307;2195;17369;5099;batchnorm;;17;24,0;17,0;25,0;;;;4;adam;minmax
997;2024-07-04 22:41:52.021469;0,3279000222682953;;relu;0,7922602598295007;0,3753515905761805;512;;0,09740860044930028;0,016920377028076947;0,024261988484807855;2195;17369;5099;batchnorm;;16;26,0;18,0;23,0;;;;4;adam;minmax
998;2024-07-04 22:43:39.415267;0,20055262744426727;;relu;0,691930307979751;0,2884267241119375;256;;0,536004893371764;0,009994984442122027;0,019783061354761624;2195;17369;5099;batchnorm;;23;25,0;19,0;21,0;;;;4;adam;minmax
999;2024-07-04 22:45:49.667156;0,5205051302909851;;relu;0,7414185374139205;0,334509233306287;64;;0,22912601020045714;0,020644108554395253;0,10249543288244493;2195;17369;5099;batchnorm;;27;27,0;21,0;20,0;;;;4;adam;minmax
1000;2024-07-04 22:49:06.044443;0,20429472625255585;;relu;0,48210055244345495;0,2712360569392682;256;;0,44987027190421097;0,01264971939740945;0,01483949686961773;2195;17369;5099;batchnorm;;20;25,0;18,0;22,0;;;;4;adam;normalizer
1001;2024-07-04 22:51:13.913866;0,21976317465305328;;relu;0,5665169751645411;0,4266345657784254;256;;0,5647658406949411;0,014658333071492714;0,016923471006251613;2195;17369;5099;batchnorm;;18;26,0;20,0;19,0;;;;4;adam;minmax
1002;2024-07-04 22:53:52.920273;0,6686000227928162;;relu;0,5921108251668855;0,35984676839296853;256;;0,3875608359611896;0,00623933629921602;0,005592099267071483;2195;17369;5099;batchnorm;;22;23,0;19,0;21,0;;;;4;adam;minmax
1003;2024-07-04 22:55:43.411418;0,4523888826370239;;relu;0,4423042120431916;0,386446660764576;512;;0,2860094313751604;0,06348174103987905;0,0012063839392720541;2195;17369;5099;batchnorm;;21;22,0;18,0;23,0;;;;4;adam;minmax
1004;2024-07-04 22:57:25.277439;0,21624737977981567;;relu;0,8869274307375119;0,30901467093117907;256;;0,11699386808310841;0,02712576158325458;0,013022430924674115;2195;17369;5099;batchnorm;;17;6,0;19,0;24,0;;;;4;adam;minmax
1005;2024-07-04 22:59:20.111483;0,3029736578464508;;relu;0,9608320893347033;0,39596823933727077;256;;0,050196481863471684;0,024891095767363498;0,008576239755947795;2195;17369;5099;batchnorm;;24;24,0;20,0;22,0;;;;4;adam;minmax
1006;2024-07-04 23:01:19.770397;0,20818419754505157;;relu;0,8456164280348788;0,34388558919785733;256;;0,1419633371003057;0,034005442824371936;0,02770034933232653;2195;17369;5099;vanilla;;16;25,0;17,0;20,0;;;;4;adam;minmax
1007;2024-07-04 23:03:40.050212;0,2103157937526703;;relu;0,3963505342854795;0,2018429084369442;256;;0,07362387685505883;0,027620170939349712;0,021363708757480292;2195;17369;5099;batchnorm;;19;26,0;21,0;21,0;;;;4;adam;minmax
1008;2024-07-04 23:06:01.053663;0,39248889684677124;;relu;0,772240612412644;0,6212884166423135;512;;0,5879056564729124;0,015392532517644782;0,037650348767161584;2195;17369;5099;batchnorm;;29;27,0;19,0;23,0;;;;4;adam;normalizer
1009;2024-07-04 23:07:41.970055;0,27487367391586304;;relu;0,8002020450264737;0,4565519279907335;256;;0,6244816733093757;0,01519400632850632;0,011534308383545744;2195;17369;5099;batchnorm;;18;27,0;18,0;17,0;;;;4;adam;minmax
1010;2024-07-04 23:10:15.556039;0,4826894700527191;;relu;0,9328587535412944;0,3204603983275428;256;;0,32775613813083293;0,01777260371089198;0,006948789047224344;2195;17369;5099;batchnorm;;17;24,0;19,0;21,0;;;;4;adam;minmax
1011;2024-07-04 23:12:27.371675;0,19494737684726715;;relu;0,7573540571416608;0,42250385018332537;256;;0,2529884463316025;0,018953990189893334;0,023412159847284994;2195;17369;5099;batchnorm;;15;26,0;20,0;19,0;;;;4;adam;minmax
1012;2024-07-04 23:14:27.157492;0,24789997935295105;;relu;0,6446140314935148;0,36796111599482895;256;;0,680805271214134;0,02232478457754876;0,12155402063926093;2195;17369;5099;batchnorm;;19;25,0;18,0;18,0;;;;4;adam;minmax
1013;2024-07-04 23:16:23.324643;0,30034446716308594;;relu;0,7204442212639008;0,2943585495882062;512;;0,5264921124995205;0,018468622818201247;0,0014150814278100303;2195;17369;5099;batchnorm;;21;24,0;17,0;22,0;;;;4;adam;minmax
1014;2024-07-04 23:18:07.806690;0,5278526544570923;;relu;0,30137011980724426;0,042455872956184804;256;0,5496315196497455;0,09171221064231252;0,005340657710277701;0,031266079301365324;2195;17369;5099;dropout;;23;23,0;19,0;20,0;;;;4;adam;minmax
1015;2024-07-04 23:19:53.935152;0,2026631385087967;;relu;0,7782846395565101;0,6976435094715243;256;;0,5533550460140058;0,011474178230599624;0,017833872277676476;2195;17369;5099;batchnorm;;16;27,0;20,0;24,0;;;;4;adam;minmax
1016;2024-07-04 23:22:04.575169;0,7651053071022034;;relu;0,6665033196439569;0,5055485283623194;256;;0,48147372488701473;0,028986878405363847;0,0013865150755334751;2195;17369;5099;batchnorm;;20;25,0;18,0;23,0;;;;4;adam;normalizer
1017;2024-07-04 23:23:55.469709;0,43034207820892334;;relu;0,34078212826904436;0,24219481790631653;256;;0,1522184051725643;0,010095562109536507;0,0019600613356410244;2195;17369;5099;batchnorm;;18;26,0;21,0;21,0;;;;4;adam;minmax
1018;2024-07-04 23:26:04.054930;0,853572428226471;;relu;0,7444323852661684;0,40764490052456054;32;;0,20713009175565525;0,015534447116341442;0,0010643972201803131;2195;17369;5099;batchnorm;;17;26,0;25,0;22,0;;;;4;adam;minmax
1019;2024-07-04 23:29:50.728019;1,473263144493103;;selu;0,6156639551837381;0,32771583609207944;256;;0,5117160241533163;0,008320734310749374;0,0027271316541927315;2195;17369;5099;batchnorm;;24;24,0;19,0;20,0;;;;4;adam;minmax
1020;2024-07-04 23:31:39.677941;0,27390000224113464;;relu;0,7052557603646904;0,34822007802224725;512;;0,4190062512678491;0,01921927097810784;0,015237658572442392;2195;17369;5099;batchnorm;;22;25,0;;;;;;2;adam;minmax
1021;2024-07-04 23:33:58.386710;0,406663179397583;;relu;0,8281472168630918;0,2651297916479854;256;;0,35818707174539566;0,021415166875807044;0,0195832535553571;2195;17369;5099;batchnorm;;16;23,0;23,0;22,0;;;;4;adam;minmax
1022;2024-07-04 23:35:48.933959;0,24715262651443481;;relu;0,8034381581392389;0,49070836540391194;256;;0,5829913195012801;0,05099219370102583;0,04242352742007807;2195;17369;5099;batchnorm;;15;25,0;20,0;25,0;;;;4;adam;minmax
1023;2024-07-04 23:37:46.799773;0,21328730881214142;;relu;0,7329049963306274;0,3734737624841608;64;;0,2938840576820402;0,054111890761748035;0,013150033417718105;2195;17369;5099;batchnorm;;17;27,0;18,0;21,0;;;;4;adam;minmax
1024;2024-07-04 23:41:04.774708;0,532952606678009;;relu;0,7643904352098472;0,3060084096374514;256;;0,46530913300521654;0,01266087248447903;0,0011537872423648247;2195;17369;5099;batchnorm;;18;26,0;22,0;23,0;;;;4;adam;normalizer
1025;2024-07-04 23:43:09.531153;0,22133159637451172;;relu;0,363841879792549;0,442801270028906;256;;0,11771857306045312;0,06515651781700772;0,009721738583689112;2195;17369;5099;batchnorm;;19;24,0;19,0;20,0;;;;4;adam;minmax
1026;2024-07-04 23:46:00.099458;0,33257779479026794;;relu;0,6802347778161574;0,9311788073786309;512;;0,6493782662915093;0,011899254007212126;0,01606953246441972;2195;17369;5099;batchnorm;;23;25,0;17,0;24,0;;;;4;adam;minmax
1027;2024-07-04 23:48:30.281682;0,19581051170825958;;relu;0,786524694354343;0,392169956546857;256;;0,37762774595388265;0,015356160032101164;0,024304223815880332;2195;17369;5099;batchnorm;;20;26,0;16,0;22,0;;;;4;adam;minmax
1028;2024-07-04 23:50:27.407389;0,2030947357416153;;relu;0,9094307574380548;0,28320482704919964;256;;0,5419183119111587;0,005228778660118923;0,08153593783368661;2195;17369;5099;vanilla;;16;24,0;18,0;18,0;;;;4;adam;minmax
1029;2024-07-04 23:52:12.659320;0,2066315859556198;;relu;0,8704970685249203;0,8906636492655994;256;;0,5638037507372893;0,03205249227495884;0,04718204986195393;2195;17369;5099;batchnorm;;18;26,0;20,0;19,0;;;;4;adam;minmax
1030;2024-07-04 23:54:33.862329;0,1978473663330078;;relu;0,7520497559186028;0,46115499635924173;256;;0,6123960527007577;0,04094327320417796;0,019603710394637555;2195;17369;5099;batchnorm;;17;;;;;;;1;adam;minmax
1031;2024-07-04 23:56:25.824045;268,8331604003906;;relu;0,9994687664451637;0,32960764704966716;512;;0,500263897182743;0,02387816713195351;0,027309444831961124;2195;17369;5099;batchnorm;;3;23,0;19,0;21,0;;;;4;adam;minmax
1032;2024-07-04 23:58:13.494976;0,21676841378211975;;relu;0,8175159521705454;0,8400076416393792;256;;0,07286747668090368;0,008183681781609178;0,013973177848777813;2195;17369;5099;batchnorm;;24;25,0;21,0;25,0;;;;4;adam;normalizer
1033;2024-07-05 00:00:26.287626;0,2046368420124054;;relu;0,4510388572308599;0,35530900695362133;256;;0,449872296139217;0,043706688956956424;0,08933808970431707;2195;17369;5099;batchnorm;;15;27,0;19,0;23,0;;;;4;adam;minmax
1034;2024-07-05 00:02:24.086139;0,5613842010498047;;relu;0,7214929145305032;0,41499562125725525;256;;0,0938189451377961;0,036966869039016095;0,010568474674482117;2195;17369;5099;batchnorm;;21;24,0;18,0;22,0;;;;4;adam;minmax
1035;2024-07-05 00:04:20.427846;0,22447367012500763;;relu;0,11861563429933247;0,2194193796678126;256;0,4848038167863228;0,28272192968791443;0,03977934556420632;0,022021045879843684;2195;17369;5099;dropout;;19;25,0;20,0;20,0;;;;4;adam;minmax
1036;2024-07-05 00:06:12.944801;0,18552105128765106;;relu;0,848610170957;0,37808237632415714;256;;0,5249324077184753;0,035618701976794405;0,01719292591728307;2195;17369;5099;batchnorm;;16;27,0;18,0;21,0;;;;4;adam;minmax
1037;2024-07-05 00:08:09.469885;0,19938890635967255;;relu;0,7821725522482759;0,3788173979355808;512;;0,5240647184637578;0,03541911023005123;0,06744753332336431;2195;17369;5099;batchnorm;;16;27,0;17,0;21,0;;;;4;adam;minmax
1038;2024-07-05 00:10:09.827845;0,21835261583328247;;relu;0,6350154919199543;0,3443124144961764;256;;0,542019969917621;0,03310974104420507;0,03341901135919831;2195;17369;5099;batchnorm;;16;27,0;17,0;21,0;;;;4;adam;minmax
1039;2024-07-05 00:12:09.957125;0,22618421912193298;;selu;0,8436372635901641;0,3645505346992084;256;;0,5148338941799766;0,03549883767540468;0,018956721428658185;2195;17369;5099;batchnorm;;15;27,0;18,0;21,0;;;;4;adam;minmax
1040;2024-07-05 00:14:29.959219;0,1967526376247406;;relu;0,5051475913415523;0,5680516885896978;256;;0,5669951643321092;0,037539956730799365;0,024649938352909802;2195;17369;5099;batchnorm;;16;27,0;18,0;22,0;;;;4;adam;normalizer
1041;2024-07-05 00:16:37.740494;4,973132133483887;;relu;0,8005424776322966;0,31067552860075165;256;;0,47894836700871635;0,025347470434443867;0,21734301046991544;2195;17369;5099;batchnorm;;16;27,0;18,0;20,0;;;;4;adam;minmax
1042;2024-07-05 00:19:02.040501;0,6239333748817444;;relu;0,7016746380198849;0,3918328681822178;512;;0,5305752813923618;0,030972913572032947;0,012155648324005258;2195;17369;5099;batchnorm;;17;27,0;17,0;21,0;;;;4;adam;minmax
1043;2024-07-05 00:20:48.347050;0,23198948800563812;;relu;0,7620577853410554;0,5337621541627807;256;;0,5051151817038838;0,06114164338887725;0,015263012091790843;2195;17369;5099;batchnorm;;15;26,0;17,0;20,0;;;;4;adam;minmax
1044;2024-07-05 00:23:03.808517;0,69806307554245;;relu;0,9749010662380112;0,3266042471933897;256;;0,5507097855210769;0,03399066994818513;0,02155362837215779;2195;17369;5099;batchnorm;;17;22,0;18,0;22,0;;;;4;adam;minmax
1045;2024-07-05 00:24:54.399517;2,5652809143066406;;relu;0,5371409114152352;0,27549168559888676;32;;0,5883260444665567;0,03878055254749238;0,15095648937953637;2195;17369;5099;batchnorm;;17;26,0;16,0;19,0;;;;4;adam;minmax
1046;2024-07-05 00:29:31.569592;0,20010000467300415;;relu;0,5776731280507243;0,3594467255425823;256;;0,4946949200495268;0,04179397772326928;0,017313971279713465;2195;17369;5099;batchnorm;;18;27,0;19,0;21,0;;;;4;adam;minmax
1047;2024-07-05 00:31:40.616247;0,2075842022895813;;relu;0,7330430859257877;0,2982627093161868;256;;0,5244184021659994;0,028441657553259374;0,027063698504478404;2195;17369;5099;batchnorm;;15;26,0;22,0;21,0;;;;4;adam;minmax
1048;2024-07-05 00:33:42.764045;0,18988947570323944;;relu;0,816669667231793;0,37782830767270875;256;;0,4718151503713498;0,03673517911000452;0,014119759570270299;2195;17369;5099;batchnorm;;16;27,0;18,0;22,0;;;;4;adam;normalizer
1049;2024-07-05 00:35:47.794975;0,3037278950214386;;relu;0,42137209291564987;0,380186480657852;64;;0,22399448865896757;0,03509547708840991;0,01229240730714361;2195;17369;5099;batchnorm;;16;23,0;18,0;22,0;;;;4;adam;normalizer
1050;2024-07-05 00:38:33.274740;0,42518889904022217;;relu;0,8292681896283417;0,6542835866990722;512;;0,467430043570061;0,032952871269025186;0,014558502896081231;2195;17369;5099;vanilla;;16;28,0;15,0;22,0;;;;4;adam;normalizer
1051;2024-07-05 00:40:13.145273;0,2435578852891922;;relu;0,8099880175103744;0,3986074920101828;256;;0,4826028398530103;0,009984636763337641;0,011148025694668788;2195;17369;5099;batchnorm;;15;26,0;17,0;23,0;;;;4;adam;normalizer
1052;2024-07-05 00:42:12.600490;0,19572633504867554;;relu;0,8409592865352702;0,3363338086848086;256;;0,43656603081247275;0,040172073754994;0,012626170570076168;2195;17369;5099;batchnorm;;16;26,0;21,0;23,0;;;;4;adam;normalizer
1053;2024-07-05 00:44:33.790241;0,19738945364952087;;relu;0,6586959600800897;0,258121424075642;256;;0,45685707180105933;0,0212189515013146;0,014124498098115983;2195;17369;5099;batchnorm;;17;27,0;19,0;22,0;;;;4;adam;normalizer
1054;2024-07-05 00:46:50.638528;0,1995999813079834;;relu;0,8167207464840397;0,17982971471898904;256;;0,9879383734955092;0,036560401979350614;0,009533723010991396;2195;17369;5099;batchnorm;;16;26,0;20,0;22,0;;;;4;adam;normalizer
1055;2024-07-05 00:49:40.476797;0,252488911151886;;relu;0,3850459617954022;0,40911968765389567;512;;0,47622925854209175;0,028159651130663512;0,016256499019710317;2195;17369;5099;batchnorm;;17;23,0;25,0;23,0;;;;4;adam;normalizer
1056;2024-07-05 00:51:48.211069;0,2659105360507965;;relu;0,9524211767123407;0,3754891542565727;256;;0,49923997536049863;0,04300432781798142;0,012952470576843653;2195;17369;5099;batchnorm;;15;24,0;18,0;22,0;;;;4;adam;normalizer
1057;2024-07-05 00:53:35.765864;0,48917368054389954;;relu;0,7917805430321726;0,48067123799357525;256;0,6934050330924728;0,4563034320545089;0,013744754612521545;0,010638267760968167;2195;17369;5099;dropout;;16;26,0;19,0;23,0;;;;4;adam;normalizer
1058;2024-07-05 00:55:26.531115;0,40563681721687317;;relu;0,8594584235845358;0,3173630834904338;256;;0,407825041194969;0,05735165898559844;0,014848259570182433;2195;17369;5099;batchnorm;;17;27,0;20,0;22,0;;;;4;adam;normalizer
1059;2024-07-05 00:57:30.782263;0,21043160557746887;;selu;0,17311666327815545;0,28620014268480254;256;;0,051697418167936736;0,022802465877007638;0,018988581472908373;2195;17369;5099;batchnorm;;18;25,0;19,0;21,0;;;;4;adam;normalizer
1060;2024-07-05 00:59:20.307601;24,166784286499023;;relu;0,7788390287262598;0,34842516637944776;256;;0,32644097423216467;0,038749599301509875;0,1825376868675703;2195;17369;5099;batchnorm;;17;24,0;17,0;22,0;;;;4;adam;normalizer
1061;2024-07-05 01:01:10.574928;0,345633327960968;;relu;0,2642949329482699;0,7583129812513791;512;;0,5153543920626815;0,0447156810760726;0,016845290002717905;2195;17369;5099;batchnorm;;16;27,0;18,0;23,0;;;;4;adam;normalizer
1062;2024-07-05 01:03:33.903763;0,25420528650283813;;relu;0,8882270871315233;0,16290943719651912;256;;0,5422719014597861;0,0312625550367354;0,01397934804507099;2195;17369;5099;batchnorm;;15;26,0;19,0;22,0;;;;4;adam;normalizer
1063;2024-07-05 01:05:26.497919;0,23833154141902924;;relu;0,31273895356965054;0,516159613057956;256;;0,174264137200069;0,04120022618644675;0,017404007632507924;2195;17369;5099;batchnorm;;18;23,0;21,0;21,0;;;;4;adam;normalizer
1064;2024-07-05 01:07:39.473408;0,21122106909751892;;relu;0,6856970606372029;0,42948257099808546;256;;0,5007389898718166;0,06446859860925785;0,012389136558191956;2195;17369;5099;batchnorm;;14;28,0;24,0;23,0;;;;4;adam;minmax
1065;2024-07-05 01:10:05.603463;0,2147315889596939;;relu;0,48709770019648435;0,3032871610441319;256;;0,47666631479880406;0,008021442175851108;0,01564682348483678;2195;17369;5099;batchnorm;;16;25,0;16,0;21,0;;;;4;adam;normalizer
1066;2024-07-05 01:12:40.443895;0,30532222986221313;;relu;0,29256028239943;0,36826932229772447;512;;0,44252057797427236;0,07016742730632447;0,007698688792033807;2195;17369;5099;batchnorm;;17;26,0;18,0;22,0;;;;4;adam;minmax
1067;2024-07-05 01:14:23.117614;0,43666312098503113;;relu;0,4080625490203065;0,39478266086026914;256;;0,07027926276072205;0,03545269970443765;0,00905998681916885;2195;17369;5099;batchnorm;;18;24,0;20,0;16,0;;;;4;adam;minmax
1068;2024-07-05 01:16:22.946765;0,20267896354198456;;relu;0,6112436162477535;0,33327339755442315;256;;0,30649202896834227;0,038648178224631416;0,010952869863487797;2195;17369;5099;batchnorm;;5;25,0;19,0;21,0;;;;4;adam;normalizer
1069;2024-07-05 01:18:41.830906;0,19721578061580658;;relu;0,04518524832228232;0,41282593439732973;256;;0,1890862224903047;0,005162756387792728;0,018812821799129326;2195;17369;5099;batchnorm;;16;22,0;17,0;22,0;;;;4;adam;minmax
1070;2024-07-05 01:21:40.492055;0,19223685562610626;;relu;0,23792480401691818;0,23996301626878574;256;;0,43313097247076926;0,0658554048690701;0,13089900430332518;2195;17369;5099;batchnorm;;15;27,0;20,0;23,0;;;;4;adam;minmax
1071;2024-07-05 01:23:39.357737;0,23143845796585083;;relu;0,8018156470404494;0,4499368296929811;32;;0,5280206465446478;0,052390081140920974;0,014007833217171117;2195;17369;5099;batchnorm;;17;26,0;18,0;21,0;;;;4;adam;minmax
1072;2024-07-05 01:28:13.345532;5,51361083984375;;relu;0,8313711001226552;0,35183699538025953;512;;0,5587438717077249;0,01169444470368627;0,05315369035194737;2195;17369;5099;vanilla;;18;25,0;21,0;22,0;;;;4;adam;minmax
1073;2024-07-05 01:30:03.316392;0,53204745054245;;relu;0,5495519124096673;0,0531768001857672;256;;0,3628284226708798;0,019036295084984563;0,003525405959577648;2195;17369;5099;batchnorm;;17;24,0;19,0;24,0;;;;4;adam;minmax
1074;2024-07-05 01:32:02.671315;0,21048422157764435;;relu;0,7712554547155082;0,5788958122374914;256;;0,4936238511897222;0,061540735858939814;0,02059581945944722;2195;17369;5099;batchnorm;;27;26,0;18,0;23,0;;;;4;adam;normalizer
1075;2024-07-05 01:34:16.619482;0,5487292408943176;;relu;0,642523501228007;0,3171237329028791;64;;0,24017530759624667;0,033388738973775;0,030605275572992842;2195;17369;5099;batchnorm;;16;25,0;22,0;21,0;;;;4;adam;minmax
1076;2024-07-05 01:36:57.047161;0,7558579444885254;;relu;0,7510081656941388;0,38771774660303265;256;;0,08213816913777944;0,04162058763785544;0,0058537794534153365;2195;17369;5099;batchnorm;;19;23,0;19,0;22,0;;;;4;adam;minmax
1077;2024-07-05 01:38:59.862878;0,21536314487457275;;relu;0,925179715445866;0,2692244564779546;256;;0,41593490462727933;0,03702398912350804;0,016547799600282728;2195;17369;5099;batchnorm;;17;27,0;20,0;20,0;;;;4;adam;minmax
1078;2024-07-05 01:41:03.034971;1,4054445028305054;;relu;0,43485045975909575;0,29448619862582726;512;;0,34692618873619296;0,04375098893996931;0,011836979108648924;2195;17369;5099;batchnorm;;18;24,0;19,0;21,0;;;;4;adam;minmax
1079;2024-07-05 01:42:45.923575;2,3404738903045654;;selu;0,7899045142251074;0,3678319032964926;256;0,6553519782307005;0,2647135034069315;0,055364253994697694;0,022871886855547183;2195;17369;5099;dropout;;15;28,0;18,0;23,0;;;;4;adam;minmax
1080;2024-07-05 01:44:34.607563;0,20504209399223328;;relu;0,19909305222319013;0,44097124234476825;256;;0,5180137078234279;0,024804847866039745;0,03679978472097796;2195;17369;5099;batchnorm;;16;25,0;20,0;22,0;;;;4;adam;minmax
1081;2024-07-05 01:46:47.755798;0,1907210648059845;;relu;0,8149046365434639;0,4693730047097859;256;;0,3979952180313572;0,04549414408866718;0,018789172285914656;2195;17369;5099;batchnorm;;26;26,0;17,0;21,0;;;;4;adam;minmax
1082;2024-07-05 01:49:13.700299;0,202763170003891;;relu;0,711366920367431;0,4998376267118516;256;;0,6907330638836208;0,06698028572295077;0,014413024552430155;2195;17369;5099;batchnorm;;15;26,0;18,0;24,0;;;;4;adam;normalizer
1083;2024-07-05 01:51:29.964861;0,20036841928958893;;relu;0,5120979671590205;0,6112481343318472;256;;0,4682239573498109;0,015955082524168662;0,13773274954167203;2195;17369;5099;batchnorm;;18;27,0;19,0;20,0;;;;4;adam;minmax
1084;2024-07-05 01:53:45.789473;0,2860333025455475;;relu;0,8565568053527182;0,3371150355789018;512;;0,5383516115739453;0,05994131600597074;0,016593040086951803;2195;17369;5099;batchnorm;;17;23,0;21,0;22,0;;;;4;adam;minmax
1085;2024-07-05 01:55:28.188485;0,2548052668571472;;relu;0,6830504905843786;0,7233540722373673;256;;0,20523760042625594;0,029760107033748328;0,013136779062715721;2195;17369;5099;batchnorm;;16;24,0;18,0;23,0;;;;4;adam;minmax
1086;2024-07-05 01:58:22.016417;0,20309476554393768;;relu;0,4706711220080427;0,7446021091063073;256;;0,06599905687749928;0,0399012551429651;0,1745326362749889;2195;17369;5099;batchnorm;;19;25,0;19,0;21,0;;;;4;adam;minmax
1087;2024-07-05 02:00:24.877023;0,21243682503700256;;relu;0,7378504171644309;0,808666141644432;256;;0,5712101476468262;0,03494900054589313;0,02462489546357091;2195;17369;5099;batchnorm;;14;24,0;20,0;20,0;;;;4;adam;normalizer
1088;2024-07-05 02:02:34.560010;0,20198947191238403;;relu;0,7667479322260997;0,4091766549626857;256;;0,3788247488848848;0,05050997006777355;0,010193147992904494;2195;17369;5099;batchnorm;;17;27,0;17,0;22,0;;;;4;adam;minmax
1089;2024-07-05 02:05:17.330725;0,6072888970375061;;relu;0,7957061482546844;0,5842374976261349;512;;0,10586251005185003;0,037408997584701564;0,00367374214333633;2195;17369;5099;batchnorm;;18;26,0;19,0;23,0;;;;4;adam;minmax
1090;2024-07-05 02:07:08.029573;0,24311578273773193;;relu;0,8942907814349522;0,14325571248468344;256;;0,5066967420160647;0,0683877122469009;0,019293791702990032;2195;17369;5099;batchnorm;;16;25,0;18,0;21,0;;;;4;adam;minmax
1091;2024-07-05 02:08:56.643893;0,4125736355781555;;relu;0,825527448440013;0,5451648955030802;256;;0,48230607416117904;0,032597998580816155;0,008537207589375127;2195;17369;5099;batchnorm;;15;28,0;20,0;24,0;;;;4;adam;minmax
1092;2024-07-05 02:12:02.151188;0,19708947837352753;;relu;0,6242196975247486;0,318857777334831;256;;0,275995856816166;0,057834801034142014;0,0304864849411677;2195;17369;5099;batchnorm;;19;23,0;17,0;19,0;;;;4;adam;minmax
1093;2024-07-05 02:14:04.345599;0,1870684176683426;;relu;0,376070354109417;0,3553445840939518;256;;0,16397633487641808;0,04344099500778742;0,021352580768221278;2195;17369;5099;batchnorm;;17;26,0;19,0;22,0;;;;4;adam;minmax
1094;2024-07-05 02:16:28.429610;0,4956473708152771;;relu;0,3802677239311506;0,39195914245503205;256;;0,16706545238992618;0,07391671304942576;0,0010280827829381482;2195;17369;5099;batchnorm;;18;26,0;19,0;20,0;;;;4;adam;normalizer
1095;2024-07-05 02:18:18.075164;0,4685888886451721;;relu;0,7794489997719198;0,3733656821737689;512;;0,21419524146855545;0,04321008176489314;0,022550140596990627;2195;17369;5099;vanilla;;17;27,0;19,0;22,0;;;;4;adam;minmax
1096;2024-07-05 02:20:15.582615;4,409399032592773;;relu;0,35544003680369174;0,4300499837324362;32;;0,1396878923345124;0,046243555248569775;0,07310822885980801;2195;17369;5099;batchnorm;;18;26,0;18,0;9,0;;;;4;adam;minmax
1097;2024-07-05 02:24:03.483813;0,19166842103004456;;relu;0,21906143796983554;0,3553544992137123;256;;0,17995362561859485;0,007420157622196573;0,02590128828626723;2195;17369;5099;batchnorm;;17;27,0;19,0;23,0;;;;4;adam;minmax
1098;2024-07-05 02:26:02.309404;0,3957104980945587;;relu;0,33704934318256374;0,2810125507983433;256;;0,17088540609765837;0,044782629141371766;0,25799517379792797;2195;17369;5099;batchnorm;;18;26,0;16,0;21,0;;;;4;adam;minmax
1099;2024-07-05 02:27:53.067307;0,2096526026725769;;relu;0,7565023423167645;0,6721677134104994;256;;0,14881465315073206;0,02533431636710978;0,02099908000844521;2195;17369;5099;batchnorm;;17;26,0;18,0;18,0;;;;4;adam;minmax
1100;2024-07-05 02:30:04.723607;0,8097606301307678;;selu;0,26584217200233046;0,2537744401566628;64;;0,12311918297559707;0,05389922482748466;0,026138305442878398;2195;17369;5099;batchnorm;;19;25,0;19,0;22,0;;;;4;adam;normalizer
1101;2024-07-05 02:32:46.124959;0,49360525608062744;;relu;0,3166657884222882;0,21691967330838074;256;;0,22338818413888323;0,011091949069008317;0,020122435799078908;2195;17369;5099;batchnorm;;18;27,0;18,0;24,0;;;;4;adam;minmax
1102;2024-07-05 02:34:41.503202;0,3722555339336395;;relu;0,4029167892855713;0,40299817383109726;512;;0,18488738959349982;0,04250979403617087;0,0041800844136376065;2195;17369;5099;batchnorm;;17;26,0;20,0;23,0;;;;4;adam;minmax
1103;2024-07-05 02:36:23.439694;0,21192631125450134;;relu;0,36253210641445804;0,3802721656847113;256;0,6230587478885862;0,15393686862589354;0,04994511121075254;0,017808502818340986;2195;17369;5099;dropout;;19;28,0;15,0;21,0;;;;4;adam;minmax
1104;2024-07-05 02:38:40.607725;0,44354739785194397;;relu;0,042261995930696905;0,3486262067195979;256;;0,08335412782265621;0,02677467203807413;0,001654544148136771;2195;17369;5099;batchnorm;;18;25,0;19,0;19,0;;;;4;adam;minmax
1105;2024-07-05 02:40:38.038371;0,19725263118743896;;relu;0,45402284795522513;0,32763052780281826;256;;0,1994751098760822;0,04135906365036771;0,022689841707782193;2195;17369;5099;batchnorm;;26;26,0;18,0;22,0;;;;4;adam;minmax
1106;2024-07-05 02:43:13.169593;0,7926526665687561;;relu;0,38123777151527877;0,302543725929131;256;;0,2536368341357046;0,04645084561235531;0,29017794010588127;2195;17369;5099;batchnorm;;17;27,0;19,0;20,0;;;;4;adam;normalizer
1107;2024-07-05 02:45:02.562942;0,261555552482605;;relu;0,801428643367331;0,3710222986960774;512;;0,5495760768856612;0,014878482676341124;0,02806403374353799;2195;17369;5099;batchnorm;;19;25,0;17,0;21,0;;;;4;adam;minmax
1108;2024-07-05 02:46:49.254787;0,7787527441978455;;relu;0,7258231773845344;0,41466911336880574;256;;0,4411526818495585;0,018262079015192317;0,0011881623451656135;2195;17369;5099;batchnorm;;18;27,0;20,0;23,0;;;;4;adam;minmax
1109;2024-07-05 02:48:38.148640;0,28135788440704346;;relu;0,12516250384542832;0,6189804184806669;256;;0,5257661560588602;0,016981225905896076;0,018069003442073156;2195;17369;5099;batchnorm;;17;26,0;18,0;22,0;;;;4;adam;minmax
1110;2024-07-05 02:50:55.139760;0,20191580057144165;;relu;0,5912751539609091;0,2983351573432691;256;;0,09818603914706357;0,06361069254832388;0,015840744620617676;2195;17369;5099;batchnorm;;16;25,0;19,0;17,0;;;;4;adam;minmax
1111;2024-07-05 02:52:55.061811;0,19590528309345245;;relu;0,8440212912437346;0,4362989559514636;256;;0,4908334483695308;0,044348005514268686;0,02293273058076198;2195;17369;5099;batchnorm;;17;26,0;20,0;21,0;;;;4;adam;minmax
1112;2024-07-05 02:55:00.968632;0,20187367498874664;;relu;0,86830846232042;0,47731147778616057;256;;0,12981903631125558;0,05200588156604712;0,020347535718256603;2195;17369;5099;batchnorm;;18;25,0;18,0;20,0;;;;4;adam;normalizer
1113;2024-07-05 02:57:09.042648;0,19207780063152313;;relu;0,5283311026395698;0,2710127056689912;512;;0,4580527521269715;0,03194182482264487;0,030139224387779762;2195;17369;5099;batchnorm;;19;27,0;17,0;24,0;;;;4;adam;minmax
1114;2024-07-05 02:59:13.359494;0,45674729347229004;;relu;0,7455194908252336;0,8579708401056121;256;;0,051742531133677584;0,005201293404130435;0,016087372850064847;2195;17369;5099;batchnorm;;25;26,0;19,0;22,0;;;;4;adam;minmax
1115;2024-07-05 03:01:19.780626;0,2144368588924408;;relu;0,5571267622858536;0,3884692926282363;256;;0,11619945643944843;0,009901630680575597;0,03422981735033582;2195;17369;5099;batchnorm;;16;28,0;20,0;23,0;;;;4;adam;minmax
1116;2024-07-05 03:04:17.727226;0,3570473790168762;;relu;0,33970806030542133;0,3397931710694455;256;;0,5538499977012254;0,013117801296744952;0,018500643467277433;2195;17369;5099;batchnorm;;17;25,0;18,0;21,0;;;;4;adam;minmax
1117;2024-07-05 03:06:17.236744;0,3276841938495636;;relu;0,7748025321040076;0,9978504235611618;256;;0,306149956971146;0,06164569709144079;0,025341897690189064;2195;17369;5099;batchnorm;;14;26,0;19,0;19,0;;;;4;adam;minmax
1118;2024-07-05 03:08:10.490165;0,46133333444595337;;relu;0,2843848263918092;0,31726944013526304;512;;0,9756778445915697;0,03407098220070746;0,02046380064976474;2195;17369;5099;vanilla;;15;26,0;19,0;20,0;;;;4;adam;minmax
1119;2024-07-05 03:09:49.095239;0,410452663898468;;relu;0,4089427649751521;0,5239885472098152;256;;0,19447378453266925;0,02897800459250087;0,006173078151340252;2195;17369;5099;batchnorm;;16;25,0;;;;;;2;adam;normalizer
1120;2024-07-05 03:11:35.597084;0,4812842011451721;;relu;0,8166723121721455;0,3641116790397877;256;;0,33882063517329075;0,022964066683437215;0,0023958996985057527;2195;17369;5099;batchnorm;;18;27,0;16,0;22,0;;;;4;adam;minmax
1121;2024-07-05 03:13:25.657199;0,38880887627601624;;relu;0,710785601655494;0,4070884660003993;32;;0,5145463988379335;0,03601705545439465;0,015197342812900565;2195;17369;5099;batchnorm;;17;25,0;18,0;7,0;;;;4;adam;minmax
1122;2024-07-05 03:17:26.348349;0,20846842229366302;;selu;0,7634414821072995;0,45024987502146396;256;;0,08718317933408685;0,03949076878825692;0,01743908523405021;2195;17369;5099;batchnorm;;18;27,0;20,0;23,0;;;;4;adam;minmax
1123;2024-07-05 03:20:01.130096;0,2857736647129059;;relu;0,7378394399351988;0,24520512906474357;256;0,6620296196984958;0,1613666158036827;0,021500811830413302;0,04099420086609193;2195;17369;5099;dropout;;19;26,0;17,0;21,0;;;;4;adam;minmax
1124;2024-07-05 03:21:51.557804;0,31335556507110596;;relu;0,7906085482038943;0,18973796742775761;512;;0,23661901060394785;0,04205642035258107;0,023333972742699247;2195;17369;5099;batchnorm;;16;17,0;18,0;22,0;;;;4;adam;minmax
1125;2024-07-05 03:23:36.428580;3,102731704711914;;relu;0,9382635523355655;0,1182587892612823;256;;0,4269343210708241;0,055740212881695284;0,014152729704867553;2195;17369;5099;batchnorm;;17;24,0;21,0;21,0;;;;4;adam;normalizer
1126;2024-07-05 03:25:24.945913;0,29445260763168335;;relu;0,8121465998432316;0,2852166471392256;256;;0,4968497151351629;0,046380155615547564;0,02097057619275156;2195;17369;5099;batchnorm;;20;25,0;19,0;24,0;;;;4;adam;minmax
1127;2024-07-05 03:27:16.336054;0,6692240834236145;;relu;0,3908440678417809;0,3504861936574516;64;;0,4726717968990282;0,03805996424987051;0,028865688795435204;2195;17369;5099;batchnorm;;16;26,0;20,0;20,0;;;;4;adam;minmax
1128;2024-07-05 03:30:00.706237;0,49843156337738037;;relu;0,8395814198550273;0,3172409194334187;256;;0,5269021835497447;0,049607008346400236;0,003187293749329485;2195;17369;5099;batchnorm;;18;27,0;19,0;23,0;;;;4;adam;minmax
1129;2024-07-05 03:32:52.212734;1,9531526565551758;;relu;0,7799681892602994;0,38394592713478415;256;;0,5427583798011542;0,04338596290656906;0,2616385302954685;2195;17369;5099;batchnorm;;17;24,0;18,0;18,0;;;;4;adam;minmax
1130;2024-07-05 03:34:44.941701;0,2575777769088745;;relu;0,421713376800589;0,46350891549946305;512;;0,06982830593813223;0,03036886685360783;0,017690470694298112;2195;17369;5099;batchnorm;;26;25,0;20,0;22,0;;;;4;adam;minmax
1131;2024-07-05 03:37:05.151075;0,23542632162570953;;relu;0,5774103380501396;0,417749677592373;256;;0,3913617792516758;0,059251716006251905;0,004738188000163722;2195;17369;5099;batchnorm;;19;26,0;19,0;21,0;;;;4;adam;normalizer
1132;2024-07-05 03:39:03.356999;0,2212473750114441;;relu;0,7527484536545997;0,4903886750334493;256;;0,9681053833378364;0,07309156292897001;0,01516652103995462;2195;17369;5099;batchnorm;;15;28,0;17,0;20,0;;;;4;adam;minmax
1133;2024-07-05 03:41:11.311745;0,22828420996665955;;relu;0,9709543141960886;0,7347836193684951;256;;0,11020133469876082;0,03619392769511247;0,02500519330756529;2195;17369;5099;batchnorm;;18;26,0;18,0;23,0;;;;4;adam;minmax
1134;2024-07-05 03:43:03.349570;0,46312105655670166;;relu;0,9026994893089569;0,8200195876817488;256;;0,32292387986827004;0,04061302573877981;0,02018427652417469;2195;17369;5099;batchnorm;;27;24,0;19,0;22,0;;;;4;adam;minmax
1135;2024-07-05 03:45:18.317275;0,19518420100212097;;relu;0,6996298479023529;0,20716295811051066;256;;0,5777114818541806;0,02777808905858801;0,013453308296936119;2195;17369;5099;batchnorm;;25;25,0;21,0;19,0;;;;4;adam;minmax
1136;2024-07-05 03:47:28.725820;0,20508889853954315;;relu;0,3716992988388485;0,3608445157387952;512;;0,4560182209968264;0,04806569436666895;0,036032827574070087;2195;17369;5099;batchnorm;;17;27,0;18,0;24,0;;;;4;adam;minmax
1137;2024-07-05 03:49:31.847273;1,0621367692947388;;relu;0,8748744168090963;0,0675834461764257;256;;0,5153911561236189;0,05340000216290777;0,002735221768886718;2195;17369;5099;batchnorm;;16;26,0;20,0;3,0;;;;4;adam;normalizer
1138;2024-07-05 03:51:21.271846;0,22956843674182892;;relu;0,46968346948959233;0,32928194669266764;256;;0,21442241873715068;0,044705713180168194;0,1626850870659741;2195;17369;5099;vanilla;;18;25,0;19,0;20,0;;;;4;adam;minmax
1139;2024-07-05 03:53:10.188622;0,20533156394958496;;relu;0,7246723901147694;0,23103331737813937;256;;0,9994469163896622;0,00710777836278399;0,01684588885394858;2195;17369;5099;batchnorm;;15;27,0;17,0;21,0;;;;4;adam;minmax
1140;2024-07-05 03:55:09.483593;0,1868526190519333;;relu;0,787044993716695;0,7616582083312595;256;;0,15083105148671894;0,020194339301167805;0,021761807217346413;2195;17369;5099;batchnorm;;17;19,0;20,0;22,0;;;;4;adam;minmax
1141;2024-07-05 03:57:30.352944;0,6845888495445251;;relu;0,7666558247357301;0,9646387100708345;512;;0,1533339593342669;0,013697235820699913;0,004553527402251477;2195;17369;5099;batchnorm;;16;20,0;21,0;23,0;;;;4;adam;minmax
1142;2024-07-05 03:59:10.041421;0,6650736927986145;;selu;0,7951938291881063;0,9006752442848369;256;;0,14448203903824594;0,01706337962290428;0,002126926290221404;2195;17369;5099;batchnorm;;17;18,0;21,0;22,0;;;;4;adam;minmax
1143;2024-07-05 04:01:02.281678;0,237352654337883;;relu;0,7434781828608393;0,50474733738683;256;;0,18199556703289224;0,01902489032032707;0,05106039758709573;2195;17369;5099;batchnorm;;16;28,0;20,0;23,0;;;;4;adam;minmax
1144;2024-07-05 04:03:10.102697;0,1960684061050415;;relu;0,6669230035109464;0,43446450550132054;256;;0,15749723839762053;0,033371531373436965;0,026748359985670933;2195;17369;5099;batchnorm;;17;21,0;21,0;22,0;;;;4;adam;normalizer
1145;2024-07-05 04:05:03.281201;0,21056842803955078;;relu;0,7783684550507636;0,5387980738165561;256;0,46358805628317284;0,13352471878330194;0,06983056284529074;0,09204443933354685;2195;17369;5099;dropout;;16;18,0;20,0;23,0;;;;4;adam;minmax
1146;2024-07-05 04:07:21.661595;0,8621535301208496;;relu;0,8235737233287134;0,47206184008321933;32;;0,11422252700634801;0,008450002266687573;0,22436494680938585;2195;17369;5099;batchnorm;;15;27,0;20,0;24,0;;;;4;adam;minmax
1147;2024-07-05 04:12:12.703795;0,2020421326160431;;relu;0,723060017397648;0,5099107860259913;256;;0,16049735883323113;0,011939301911183258;0,023435721970048885;2195;17369;5099;batchnorm;;17;20,0;21,0;22,0;;;;4;adam;minmax
1148;2024-07-05 04:14:23.403924;0,20185557007789612;;relu;0,509343774398799;0,7362036689768804;512;;0,17214792095836434;0,016166109744956653;0,0289468717264352;2195;17369;5099;batchnorm;;23;28,0;22,0;23,0;;;;4;adam;minmax
1149;2024-07-05 04:16:49.330439;0,21008948981761932;;relu;0,749798989548011;0,7597455695568065;256;;0,35408640668213553;0,024155079703785665;0,033438557785231186;2195;17369;5099;batchnorm;;16;27,0;20,0;22,0;;;;4;adam;minmax
1150;2024-07-05 04:19:06.979987;0,6115339994430542;;relu;0,4861129117385175;0,7422196916940902;16;;0,1423119681044066;0,03176097063721044;0,06691296425466776;2195;17369;5099;batchnorm;;14;26,0;19,0;24,0;;;;4;adam;normalizer
1151;2024-07-05 04:26:08.508638;0,2084263265132904;;relu;0,608846887330908;0,7074056308725346;256;;0,4814417758496592;0,009911857656526604;0,023829698860947893;2195;17369;5099;batchnorm;;17;19,0;18,0;22,0;;;;4;adam;minmax
1152;2024-07-05 04:28:20.017913;0,21261581778526306;;relu;0,42939239798432;0,5369909591143186;256;;0,0944765120670885;0,026447840581229246;0,020723196822726674;2195;17369;5099;batchnorm;;16;24,0;16,0;23,0;;;;4;adam;minmax
1153;2024-07-05 04:30:36.125821;0,24255312979221344;;relu;0,15796754784304384;0,9964285510438966;64;;0,2793636302209316;0,02054694956669047;0,021786701120897103;2195;17369;5099;batchnorm;;17;24,0;19,0;22,0;;;;4;adam;minmax
1154;2024-07-05 04:34:31.610633;0,20240525901317596;;relu;0,6990208037475337;0,6352545202615885;256;;0,1973227229225719;0,07258221843477031;0,026034565203078855;2195;17369;5099;batchnorm;;24;17,0;17,0;23,0;;;;4;adam;minmax
1155;2024-07-05 04:36:42.297493;0,2801777720451355;;relu;0,33183397179638846;0,30027733819582725;512;;0,4208557850989953;0,034046476567807335;0,02017891226973587;2195;17369;5099;batchnorm;;26;20,0;20,0;19,0;;;;4;adam;minmax
1156;2024-07-05 04:38:49.597510;0,21438947319984436;;relu;0,1309973970278509;0,8458151098277713;256;;0,12824878146082436;0,0376422948229597;0,018699875318105137;2195;17369;5099;batchnorm;;15;26,0;18,0;24,0;;;;4;adam;normalizer
1157;2024-07-05 04:42:04.225698;0,20293156802654266;;relu;0,7996994391942154;0,6498390082499138;256;;0,05028841207086215;0,03523785035422522;0,03207374133999454;2195;17369;5099;batchnorm;;17;19,0;20,0;21,0;;;;4;adam;minmax
1158;2024-07-05 04:44:25.734869;0,7187631726264954;;relu;0,09628288336606033;0,7899086297984732;256;;0,37664014138420837;0,07546183213577233;0,0017184840946069262;2195;17369;5099;batchnorm;;20;27,0;19,0;22,0;;;;4;adam;minmax
1159;2024-07-05 04:46:22.126017;0,27419474720954895;;relu;0,7651783980580898;0,6777448764572958;256;;0,44612858448072096;0,05060336713991893;0,10171386203416297;2195;17369;5099;batchnorm;;16;26,0;21,0;21,0;;;;4;adam;minmax
1160;2024-07-05 04:48:59.248180;0,19206666946411133;;relu;0,3565710065023821;0,2622300236729963;512;;0,10419297457157892;0,03887430057807029;0,11694456503666914;2195;17369;5099;batchnorm;;25;25,0;18,0;18,0;;;;4;adam;minmax
1161;2024-07-05 04:50:58.591959;0,33755263686180115;;relu;0,296533490802503;0,2852854167644484;256;;0,08365298925904503;0,04672210680612908;0,014497215130691507;2195;17369;5099;vanilla;;17;28,0;17,0;23,0;;;;4;adam;minmax
1162;2024-07-05 04:52:50.659336;0,3244421184062958;;relu;0,9168831481963441;0,6589863207772446;256;;0,5005817543402125;0,02181124233613102;0,012738919421121323;2195;17369;5099;batchnorm;;15;;;;;;;1;adam;normalizer
1163;2024-07-05 04:54:43.818541;0,19962632656097412;;selu;0,9494424079334808;0,8790883414527537;256;;0,2956189337571969;0,030228316755413688;0,023530107788238337;2195;17369;5099;batchnorm;;23;8,0;19,0;22,0;;;;4;adam;minmax
1164;2024-07-05 04:56:33.182383;0,19849471747875214;;relu;0,8453729785866414;0,43025313760145717;256;;0,4804714681763553;0,01454709140892236;0,028895716999983008;2195;17369;5099;batchnorm;;16;16,0;20,0;21,0;;;;4;adam;minmax
1165;2024-07-05 04:58:49.179479;0,44900521636009216;;relu;0,9884811898030191;0,48810316727134234;256;;0,22140094798853477;0,069397913686987;0,08560518697204672;2195;17369;5099;batchnorm;;14;18,0;18,0;24,0;;;;4;adam;minmax
1166;2024-07-05 05:00:42.310084;0,3548888862133026;;relu;0,7849974045383517;0,8914564477902092;512;;0,175221026567873;0,04881069166862494;0,04235409190282872;2195;17369;5099;batchnorm;;18;21,0;20,0;22,0;;;;4;adam;minmax
1167;2024-07-05 05:02:49.928712;0,21573683619499207;;relu;0,65068625431312;0,40154434849140785;256;;0,06499260126836384;0,019033682957050303;0,016461279335188792;2195;17369;5099;batchnorm;;17;19,0;19,0;20,0;;;;4;adam;minmax
1168;2024-07-05 05:04:49.641960;0,20765264332294464;;relu;0,06931009545490574;0,310064516852168;256;0,3822577442145027;0,2624336195641507;0,03514071179784096;0,018554165442530152;2195;17369;5099;dropout;;16;24,0;19,0;23,0;;;;4;adam;normalizer
1169;2024-07-05 05:06:59.455402;0,22617894411087036;;relu;0,8100677183520564;0,8313955339230246;256;;0,4685994761865113;0,010982382865406228;0,11047382837298766;2195;17369;5099;batchnorm;;20;27,0;18,0;22,0;;;;4;adam;minmax
1170;2024-07-05 05:09:16.874618;0,7979631423950195;;relu;0,6792056254659224;0,5708545740356414;256;;0,12548655553663893;0,051677954193158536;0,001513802162235052;2195;17369;5099;batchnorm;;18;26,0;17,0;21,0;;;;4;adam;minmax
1171;2024-07-05 05:11:06.791393;0,9574776887893677;;relu;0,7380123219303876;0,7625591115725676;512;;0,4172005884528491;0,03683239818375668;0,0075476768424332374;2195;17369;5099;batchnorm;;15;24,0;21,0;23,0;;;;4;adam;minmax
1172;2024-07-05 05:12:47.416231;0,3456052839756012;;relu;0,4497987656891169;0,45762315911288914;256;;0,4990946536685391;0,04342628275339873;0,006573678843391486;2195;17369;5099;batchnorm;;17;27,0;18,0;19,0;;;;4;adam;minmax
1173;2024-07-05 05:15:03.408276;23,554580688476562;;relu;0,7611922942292693;0,013400283164082427;256;;0,19114642195762396;0,01610056435983398;0,022749693127105782;2195;17369;5099;batchnorm;;19;25,0;20,0;25,0;;;;4;adam;minmax
1174;2024-07-05 05:16:56.558525;0,21511061489582062;;relu;0,8283560813152971;0,5611118242024787;32;;0,43585842777177775;0,022655652036540276;0,026474389736924647;2195;17369;5099;batchnorm;;25;26,0;19,0;21,0;;;;4;adam;normalizer
1175;2024-07-05 05:21:39.136262;0,6141029000282288;;relu;0,7140118428611488;0,5217566763599757;16;;0,40419515401140194;0,03291963140224124;0,011901066869765104;2195;17369;5099;batchnorm;;16;25,0;19,0;22,0;;;;4;adam;minmax
1176;2024-07-05 05:27:44.389956;0,22210000455379486;;relu;0,7889381425500891;0,7488103334021552;256;;0,13930832831316609;0,04540547744097649;0,015246057114978995;2195;17369;5099;batchnorm;;24;26,0;18,0;20,0;;;;4;adam;minmax
1177;2024-07-05 05:30:13.741492;0,22930526733398438;;relu;0,632842568851121;0,7333947684894179;256;;0,10967575755863965;0,03997589886986714;0,04560561786241885;2195;17369;5099;batchnorm;;18;24,0;17,0;22,0;;;;4;adam;minmax
1178;2024-07-05 05:32:42.150303;0,6415999531745911;;relu;0,8532950061351647;0,33342956370316906;512;;0,5304238917415591;0,04243818089475956;0,0640528724836156;2195;17369;5099;batchnorm;;17;28,0;20,0;21,0;;;;4;adam;minmax
1179;2024-07-05 05:34:24.940101;0,1895684003829956;;relu;0,7284634862807301;0,9216541538277602;256;;0,3657484133423593;0,06377251233343156;0,01991432960407127;2195;17369;5099;batchnorm;;16;27,0;22,0;17,0;;;;4;adam;minmax
1180;2024-07-05 05:36:39.027800;0,29832911491394043;;relu;0,7276666204268601;0,925339948894564;64;;0,34272681141776395;0,038285464959607544;0,021225881864627694;2195;17369;5099;batchnorm;;19;28,0;22,0;17,0;;;;4;adam;minmax
1181;2024-07-05 05:40:25.824545;0,48701050877571106;;relu;0,6910167951739856;0,7895991198784358;256;;0,37648898571536477;0,06485495112075666;0,003932983451745638;2195;17369;5099;batchnorm;;28;28,0;21,0;18,0;;;;4;adam;normalizer
1182;2024-07-05 05:42:35.984832;0,9942526817321777;;relu;0,5644868786301054;0,973235930055682;256;;0,2804343098015524;0,07677654405781839;0,004854407806704592;2195;17369;5099;vanilla;;22;27,0;22,0;19,0;;;;4;adam;minmax
1183;2024-07-05 05:44:20.382149;0,6591105461120605;;relu;0,01697337096711099;0,5988818105912831;256;;0,3345453033179207;0,0363635430773307;0,005409052287617042;2195;17369;5099;batchnorm;;15;27,0;21,0;17,0;;;;4;adam;minmax
1184;2024-07-05 05:46:19.400320;0,20616839826107025;;relu;0,7318057609244679;0,8990194066570106;256;;0,3096712865854436;0,06724192341592532;0,025436522409093807;2195;17369;5099;batchnorm;;23;28,0;21,0;17,0;;;;4;adam;minmax
1185;2024-07-05 05:48:38.576205;0,3018999993801117;;selu;0,7069110804801917;0,9638080569280467;512;;0,29456651901227476;0,06481961567535958;0,01911773510330109;2195;17369;5099;batchnorm;;17;27,0;22,0;16,0;;;;4;adam;minmax
1186;2024-07-05 05:50:46.225871;1,1617000102996826;;relu;0,8796029447526386;0,9178108664726232;256;;0,4484498204715217;0,07874072078933106;0,004222773455667522;2195;17369;5099;batchnorm;;20;27,0;21,0;18,0;;;;4;adam;minmax
1187;2024-07-05 05:52:40.894215;0,4349842071533203;;relu;0,17167274611094568;0,8019904455264205;256;;0,342484395615417;0,06395760985320569;0,03172937957065546;2195;17369;5099;batchnorm;;18;28,0;22,0;19,0;;;;4;adam;normalizer
1188;2024-07-05 05:54:34.614122;0,4534052312374115;;relu;0,39426701785401924;0,819126345649101;256;;0,32619030860435744;0,05439773902228058;0,013546409713068946;2195;17369;5099;batchnorm;;16;22,0;21,0;18,0;;;;4;adam;minmax
1189;2024-07-05 05:57:40.667751;0,44972625374794006;;relu;0,7471074176204273;0,9305779527472711;256;;0,25644914752830195;0,028599855880510207;0,0032634575219306493;2195;17369;5099;batchnorm;;17;23,0;21,0;17,0;;;;4;adam;minmax
1190;2024-07-05 05:59:33.428445;0,5239333510398865;;relu;0,7559683991924916;0,8812366835334948;512;0,4079116233843649;0,40576314675667635;0,07076260011222335;0,0022055845607510407;2195;17369;5099;dropout;;26;27,0;20,0;16,0;;;;4;adam;minmax
1191;2024-07-05 06:01:29.513337;0,19763685762882233;;relu;0,6659694017699969;0,8079968494778746;256;;0,3088312066517404;0,05891990341261723;0,01625562630836083;2195;17369;5099;batchnorm;;14;24,0;16,0;24,0;;;;4;adam;minmax
1192;2024-07-05 06:04:26.301480;0,895810604095459;;relu;0,32288060420876186;0,9549319636336733;256;;0,4266249052912788;0,06980774944188789;0,0013588418095607229;2195;17369;5099;batchnorm;;18;26,0;22,0;16,0;;;;4;adam;minmax
1193;2024-07-05 06:06:22.674667;0,2178105264902115;;relu;0,6984776023086142;0,8561201385401417;256;;0,7117490044616669;0,07067014607589342;0,021973571160580907;2195;17369;5099;batchnorm;;19;27,0;21,0;17,0;;;;4;adam;normalizer
1194;2024-07-05 06:08:20.851946;0,336663156747818;;relu;0,7183668579764065;0,7513550487926971;256;;0,4048800438508552;0,07681733639417693;0,010845461941001893;2195;17369;5099;batchnorm;;16;25,0;20,0;18,0;;;;4;adam;minmax
1195;2024-07-05 06:10:16.810139;0,1936052441596985;;relu;0,7658955422509475;0,5618543255472279;256;;0,36723837236589507;0,0754111490359803;0,02748837146531435;2195;17369;5099;batchnorm;;15;24,0;20,0;18,0;;;;4;adam;minmax
1196;2024-07-05 06:12:14.548818;0,9476667046546936;;relu;0,9004090700257099;0,8274692780843326;512;;0,39149305705172266;0,06790964111538911;0,017029713424464247;2195;17369;5099;batchnorm;;17;28,0;23,0;17,0;;;;4;adam;minmax
1197;2024-07-05 06:14:08.591914;0,20343683660030365;;relu;0,6059853876499622;0,8681764187658584;256;;0,38691966824192586;0,05964871929015853;0,020057278708704555;2195;17369;5099;batchnorm;;24;26,0;21,0;18,0;;;;4;adam;minmax
1198;2024-07-05 06:16:39.045844;0,2368842214345932;;relu;0,5013725647155131;0,9813550956603315;256;;0,2660408394635884;0,061355969234771865;0,03804514902017494;2195;17369;5099;batchnorm;;17;27,0;17,0;18,0;;;;4;adam;minmax
1199;2024-07-05 06:19:24.115183;0,2070789486169815;;relu;0,5880316938903809;0,826625323775488;256;;0,21497591817194991;0,07404997976704245;0,023713933968218626;2195;17369;5099;batchnorm;;16;25,0;22,0;19,0;;;;4;adam;normalizer
1200;2024-07-05 06:21:50.911177;0,39629101753234863;;relu;0,4207273446543122;0,987646363374337;32;;0,4581675012636326;0,025622586922139413;0,01284903744063593;2195;17369;5099;batchnorm;;18;26,0;20,0;17,0;;;;4;adam;minmax
1201;2024-07-05 06:25:57.316430;0,2702733278274536;;relu;0,7413059029712965;0,9173349448574345;16;;0,0885417256600433;0,03180503957192817;0,014805422901115252;2195;17369;5099;batchnorm;;19;17,0;18,0;16,0;;;;4;adam;minmax
1202;2024-07-05 06:31:56.072328;0,403189480304718;;relu;0,378054312127817;0,6281870949995445;256;;0,3579424581521571;0,06178777617631408;0,01904775073799707;2195;17369;5099;batchnorm;;25;24,0;19,0;17,0;;;;4;adam;minmax
1203;2024-07-05 06:34:17.432166;0,20118887722492218;;relu;0,7831442606461062;0,7595067675282191;512;;0,35036258078040133;0,06727673501096439;0,34956917367365725;2195;17369;5099;batchnorm;;30;23,0;18,0;20,0;;;;4;adam;minmax
1204;2024-07-05 06:36:28.066323;0,21199999749660492;;relu;0,818915375640701;0,3939125661189179;256;;0,24723492609709818;0,07373342270143686;0,022246690272172687;2195;17369;5099;vanilla;;20;27,0;20,0;24,0;;;;4;adam;minmax
1205;2024-07-05 06:39:44.725208;0,5525578856468201;;selu;0,2656206866759495;0,9519706607326898;256;;0,167665672213168;0,041298181567730755;0,009643781148857314;2195;17369;5099;batchnorm;;16;25,0;19,0;20,0;;;;4;adam;minmax
1206;2024-07-05 06:41:38.648522;0,5887810587882996;;relu;0,20803019259316047;0,9140469765157699;64;;0,5864370585460376;0,01416709954722138;0,01647280829670011;2195;17369;5099;batchnorm;;18;28,0;17,0;23,0;;;;4;adam;normalizer
1207;2024-07-05 06:44:23.889940;0,1967894583940506;;relu;0,681347518430862;0,8397294965986055;256;;0,36784439667727925;0,03833577711945411;0,028635323062180747;2195;17369;5099;batchnorm;;22;27,0;21,0;21,0;;;;4;adam;minmax
1208;2024-07-05 06:46:45.878050;0,25793159008026123;;relu;0,8610483676621065;0,7729341427488939;256;;0,07190419024149695;0,05735629821339017;0,1270707603882563;2195;17369;5099;batchnorm;;17;26,0;18,0;19,0;;;;4;adam;minmax
1209;2024-07-05 06:48:46.576973;0,4145444631576538;;relu;0,8048203963119228;0,8957339417486407;512;;0,3132771619161806;0,05542679807825683;0,012185972074600392;2195;17369;5099;batchnorm;;15;24,0;;;;;;2;adam;minmax
1210;2024-07-05 06:50:47.797564;0,6238474249839783;;relu;0,2417100331713566;0,9040576381107903;256;;0,42767037629029375;0,034300771754916616;0,014200612384359268;2195;17369;5099;batchnorm;;27;25,0;19,0;24,0;;;;4;adam;minmax
1211;2024-07-05 06:52:43.671366;0,24452103674411774;;relu;0,7220020302212425;0,8758964738245358;256;0,6850449358708193;0,9590719658560035;0,008828417126142962;0,3232566612475981;2195;17369;5099;dropout;;16;26,0;20,0;20,0;;;;4;adam;minmax
1212;2024-07-05 06:55:59.698251;0,4255947172641754;;relu;0,05471591012423571;0,8520425180145229;256;;0,19776791374387792;0,062486773762082615;0,0011793337178015925;2195;17369;5099;batchnorm;;23;23,0;16,0;25,0;;;;4;adam;normalizer
1213;2024-07-05 06:57:48.166895;1,288231611251831;;relu;0,7651709561308218;0,9307606629645511;256;;0,14869865183054745;0,040200373275405626;0,003923789352881084;2195;17369;5099;batchnorm;;18;24,0;18,0;23,0;;;;4;adam;minmax
1214;2024-07-05 07:00:21.784217;0,3772110939025879;;relu;0,7372431219025242;0,6375846939867551;512;;0,2389535897445488;0,04425520807639859;0,01860460117897165;2195;17369;5099;batchnorm;;24;27,0;20,0;21,0;;;;4;adam;minmax
1215;2024-07-05 07:02:38.757035;0,3900209963321686;;relu;0,3471897404012099;0,7980206078954591;256;;0,46114005488626086;0,01869422777987767;0,025061516552645324;2195;17369;5099;batchnorm;;17;25,0;21,0;16,0;;;;4;adam;minmax
1216;2024-07-05 07:04:32.527381;0,18944209814071655;;relu;0,5285632785385815;0,5998010099245448;256;;0,5685302109994386;0,07255964591045597;0,021185361783073862;2195;17369;5099;batchnorm;;19;26,0;17,0;22,0;;;;4;adam;minmax
1217;2024-07-05 07:06:45.766788;0,30165791511535645;;relu;0,1497006303379309;0,6999381923746897;256;;0,5706682951829338;0,0737572225152563;0,016142389343823324;2195;17369;5099;batchnorm;;20;26,0;16,0;22,0;;;;4;adam;minmax
1218;2024-07-05 07:08:55.280327;0,2905052900314331;;relu;0,47894866905152866;0,8779914775133808;256;;0,5861555405915395;0,06337816476577164;0,020343623541815663;2195;17369;5099;batchnorm;;20;26,0;17,0;22,0;;;;4;adam;minmax
1219;2024-07-05 07:11:31.644905;0,3161368668079376;;relu;0,5398957237000342;0,6314710322029772;256;;0,56406629955973;0,0646284037943011;0,018036389024300648;2195;17369;5099;batchnorm;;20;26,0;16,0;23,0;;;;4;adam;minmax
1220;2024-07-05 07:13:41.960174;0,5503841638565063;;relu;0,5467702044872192;0,6861048893196694;256;;0,5942337845950824;0,07191291159939614;0,0742364188627877;2195;17369;5099;batchnorm;;19;27,0;17,0;22,0;;;;4;adam;minmax
1221;2024-07-05 07:15:50.735006;0,6146894693374634;;relu;0,9367513846778425;0,6910585284437252;256;;0,5606108664070301;0,042280459121882975;0,01511830581305562;2195;17369;5099;batchnorm;;19;27,0;17,0;21,0;;;;4;adam;minmax
1222;2024-07-05 07:17:43.448416;0,6058263778686523;;relu;0,5435155912729508;0,7246192236734355;256;;0,6027791738788887;0,070786213761364;0,002497651200030764;2195;17369;5099;batchnorm;;20;26,0;17,0;22,0;;;;4;adam;minmax
1223;2024-07-05 07:19:39.113446;0,20560528337955475;;relu;0,7661135310590272;0,4481760263648911;256;;0,6728064290595018;0,0669014404984219;0,020844056914567276;2195;17369;5099;batchnorm;;19;28,0;15,0;23,0;;;;4;adam;minmax
1224;2024-07-05 07:22:00.694405;0,28542637825012207;;relu;0,4104953831344154;0,6570478484351443;256;;0,5377673714671005;0,005204210983707521;0,010724368384811988;2195;17369;5099;batchnorm;;19;26,0;16,0;21,0;;;;4;adam;minmax
1225;2024-07-05 07:24:26.562552;0,23618948459625244;;relu;0,5182396331900423;0,8161073245167979;256;;0,5576092476236355;0,0662707802723196;0,017959247549542354;2195;17369;5099;batchnorm;;21;27,0;17,0;23,0;;;;4;adam;minmax
1226;2024-07-05 07:27:08.521932;0,22367891669273376;;selu;0,5685113959397151;0,7706531604933844;256;;0,47873449213923636;0,07870899216792933;0,012464760127764596;2195;17369;5099;batchnorm;;20;16,0;17,0;22,0;;;;4;adam;minmax
1227;2024-07-05 07:29:35.095950;0,4199947118759155;;relu;0,3018511854345883;0,7006981713470191;256;;0,28191206572057903;0,06921759283597431;0,014086266200673051;2195;17369;5099;vanilla;;19;27,0;16,0;15,0;;;;4;adam;minmax
1228;2024-07-05 07:31:46.543148;1,2422001361846924;;relu;0,4674508509419747;0,8614295403645094;256;;0,5819559713920448;0,06013083473252365;0,007992884972725574;2195;17369;5099;batchnorm;;19;10,0;17,0;15,0;;;;4;adam;minmax
1229;2024-07-05 07:33:45.805693;0,5818368792533875;;relu;0,4941223074300436;0,7202066087108373;256;;0,4489383500025662;0,012916353355392995;0,02185108052421052;2195;17369;5099;batchnorm;;20;26,0;18,0;21,0;;;;4;adam;minmax
1230;2024-07-05 07:35:44.853038;0,4638473689556122;;relu;0,43772322896485993;0,9460994945896336;256;;0,3909318160762482;0,07432689430594;0,016151147115006165;2195;17369;5099;batchnorm;;14;27,0;18,0;22,0;;;;4;adam;minmax
1231;2024-07-05 07:37:46.074072;0,19406843185424805;;relu;0,4544206301361554;0,41906677662776454;256;;0,17523016880939343;0,07522115922265467;0,16256264019291683;2195;17369;5099;batchnorm;;19;26,0;22,0;21,0;;;;4;adam;minmax
1232;2024-07-05 07:39:57.958841;0,20224736630916595;;relu;0,8358195194200039;0,7763724362610523;256;;0,5428417439189289;0,011349219766310686;0,018382833303177283;2195;17369;5099;batchnorm;;25;28,0;17,0;23,0;;;;4;adam;minmax
1233;2024-07-05 07:42:03.549329;0,2480895072221756;;relu;0,5788579476801804;0,6638669544773095;256;;0,48698120750360885;0,04685358179463197;0,07448535607452113;2195;17369;5099;batchnorm;;20;26,0;18,0;24,0;;;;4;adam;minmax
1234;2024-07-05 07:44:20.168132;0,3093052804470062;;relu;0,3632521773842507;0,598763209470432;256;0,35243709439851867;0,60297307923112;0,04006806451926964;0,022525925851815672;2195;17369;5099;dropout;;26;26,0;18,0;22,0;;;;4;adam;minmax
1235;2024-07-05 07:46:24.301172;0,3090052604675293;;relu;0,5355835169029345;0,677878614752434;256;;0,5129887983051297;0,0076427459371283075;0,013593383000094245;2195;17369;5099;batchnorm;;18;25,0;21,0;21,0;;;;4;adam;minmax
1236;2024-07-05 07:49:52.682156;0,40089473128318787;;relu;0,11226651544905714;0,94786973050941;256;;0,20870945497944268;0,08048135953822214;0,004948715291949919;2195;17369;5099;batchnorm;;21;27,0;18,0;22,0;;;;4;adam;minmax
1237;2024-07-05 07:52:01.852807;0,21626317501068115;;relu;0,7984149496509344;0,6060134147402386;256;;0,6367056742231915;0,056606334103181895;0,00905161186192222;2195;17369;5099;batchnorm;;15;26,0;17,0;23,0;;;;4;adam;minmax
1238;2024-07-05 07:54:26.063721;0,3984263837337494;;relu;0,5045012907484773;0,8508943079114789;256;;0,5691431105673299;0,02092625566911007;0,01608396544583884;2195;17369;5099;batchnorm;;18;25,0;15,0;21,0;;;;4;adam;minmax
1239;2024-07-05 07:57:12.953402;0,36683154106140137;;relu;0,6124169027403185;0,7223794580596462;256;;0,4157344439039717;0,06203998631660723;0,011516334530681831;2195;17369;5099;batchnorm;;16;25,0;18,0;25,0;;;;4;adam;minmax
1240;2024-07-05 07:59:26.203024;0,21462631225585938;;relu;0,17665718823322363;0,7931080525282225;256;;0,5382703991417628;0,07305784106916531;0,155162987090132;2195;17369;5099;batchnorm;;17;27,0;19,0;23,0;;;;4;adam;minmax
1241;2024-07-05 08:01:27.226002;0,38876840472221375;;relu;0,9590179013356049;0,6425440687304155;256;;0,3274135976263761;0,045584734984779066;0,019779946225943965;2195;17369;5099;batchnorm;;21;26,0;16,0;21,0;;;;4;adam;minmax
1242;2024-07-05 08:03:46.585239;0,245352640748024;;relu;0,591392048507481;0,8302478460625595;256;;0,36620565684819284;0,058812442620708505;0,023411988354011964;2195;17369;5099;batchnorm;;19;27,0;17,0;22,0;;;;4;adam;minmax
1243;2024-07-05 08:06:09.829894;0,2176157832145691;;relu;0,782205363488751;0,477853090875584;256;;0,23303053022654951;0,06902469150573338;0,05059549684554135;2195;17369;5099;batchnorm;;16;26,0;21,0;24,0;;;;4;adam;minmax
1244;2024-07-05 08:08:18.210131;0,4201344847679138;;relu;0,7531950140432122;0,5725177552275992;16;;0,6213548158928894;0,07167554548568604;0,01745626012327939;2195;17369;5099;batchnorm;;15;28,0;19,0;22,0;;;;4;adam;minmax
1245;2024-07-05 08:14:49.333913;0,29820528626441956;;relu;0,8797104501424429;0,9782440456489114;256;;0,32213228445626413;0,07721054467305805;0,014493214232322917;2195;17369;5099;batchnorm;;18;25,0;22,0;20,0;;;;4;adam;minmax
1246;2024-07-05 08:17:12.099487;0,7133947610855103;;relu;0,8078747202191088;0,686959905231927;256;;0,18768071585559892;0,043319139632154745;0,006651424673270686;2195;17369;5099;batchnorm;;17;26,0;18,0;21,0;;;;4;adam;minmax
1247;2024-07-05 08:19:15.405916;0,2064526230096817;;relu;0,6320178818725722;0,492617831977417;256;;0,16213204588725463;0,07210140792957982;0,020925218270924018;2195;17369;5099;batchnorm;;19;25,0;20,0;22,0;;;;4;adam;minmax
1248;2024-07-05 08:21:30.482813;0,6239871978759766;;selu;0,7140274325944374;0,7185368540251855;32;;0,4721606311702073;0,06818643699854286;0,01274843798963648;2195;17369;5099;vanilla;;4;6,0;20,0;23,0;;;;4;adam;minmax
1249;2024-07-05 08:23:59.366864;0,28239116072654724;;relu;0,7772341202014852;0,919129570077308;64;;0,4314056730697332;0,01724999185815552;0,024635679295584047;2195;17369;5099;batchnorm;;25;27,0;19,0;21,0;;;;4;adam;minmax
1250;2024-07-05 08:27:23.562937;0,3316105306148529;;relu;0,3988851689549458;0,5843286862905519;256;;0,5118255538560564;0,03822334156626932;0,017846381761821177;2195;17369;5099;batchnorm;;18;25,0;18,0;20,0;;;;4;adam;minmax
1251;2024-07-05 08:29:35.948487;0,34884732961654663;;relu;0,5174053792698692;0,6232163983596231;256;;0,5559347350594519;0,015445307445528585;0,015392191044163233;2195;17369;5099;batchnorm;;16;28,0;17,0;23,0;;;;4;adam;minmax
1252;2024-07-05 08:31:34.113091;0,4001368582248688;;relu;0,9110988208556707;0,5180166917938043;256;;0,3017580382502666;0,04130757145998182;0,03240472840940547;2195;17369;5099;batchnorm;;24;26,0;21,0;24,0;;;;4;adam;minmax
1253;2024-07-05 08:33:23.141844;0,3887579143047333;;relu;0,8282803124256946;0,8134401166454049;256;;0,49525499401009815;0,010108526776379877;0,010815295781616741;2195;17369;5099;batchnorm;;17;27,0;19,0;22,0;;;;4;adam;minmax
1254;2024-07-05 08:35:17.997956;0,23298418521881104;;relu;0,7367939479953907;0,8377419585663854;256;;0,133611187206701;0,052673182467449516;0,20079486955531062;2195;17369;5099;batchnorm;;14;26,0;18,0;23,0;;;;4;adam;minmax
1255;2024-07-05 08:37:07.621423;0,42597895860671997;;relu;0,7529165136509542;0,5547853330945015;256;0,295254144845349;0,2484063693357739;0,036850579463718856;0,0018333102854600244;2195;17369;5099;dropout;;20;25,0;20,0;21,0;;;;4;adam;minmax
1256;2024-07-05 08:39:32.825807;0,19422632455825806;;relu;0,855758897672928;0,6973692583539678;256;;0,6603920787307812;0,03929772841110167;0,028078887606590813;2195;17369;5099;batchnorm;;16;26,0;19,0;15,0;;;;4;adam;minmax
1257;2024-07-05 08:41:36.646030;0,21895265579223633;;relu;0,48297506215811264;0,8636707595354562;256;;0,5776221007901291;0,04798461404398627;0,30916750795486264;2195;17369;5099;batchnorm;;18;27,0;18,0;20,0;;;;4;adam;minmax
1258;2024-07-05 08:43:29.828124;0,19961577653884888;;relu;0,7899151410937684;0,7675114992755497;256;;0,528207374124972;0,05836873324856935;0,019745611734870692;2195;17369;5099;batchnorm;;26;25,0;20,0;22,0;;;;4;adam;minmax
1259;2024-07-05 08:45:29.653694;0,3449421226978302;;relu;0,9815270587726391;0,9597551986295961;256;;0,4416487446917023;0,0444542265751862;0,023734855187203502;2195;17369;5099;batchnorm;;17;25,0;17,0;21,0;;;;4;adam;minmax
1260;2024-07-05 08:47:27.653335;0,6219894289970398;;relu;0,08255760222023828;0,1103870152614912;256;;0,29199108740842156;0,0232975946865667;0,0013769610034111758;2195;17369;5099;batchnorm;;20;28,0;21,0;22,0;;;;4;adam;minmax
1261;2024-07-05 08:49:40.486986;0,49563151597976685;;relu;0,6996712045453236;0,9465045221355848;256;;0,46398266436760655;0,012831413009590991;0,016404759802131578;2195;17369;5099;batchnorm;;15;26,0;19,0;24,0;;;;4;adam;minmax
1262;2024-07-05 08:51:39.947637;0,23353157937526703;;relu;0,7656554195318102;0,7802365326978336;256;;0,2632099782001352;0,07866447073000968;0,013754662589668168;2195;17369;5099;batchnorm;;23;26,0;16,0;23,0;;;;4;adam;minmax
1263;2024-07-05 08:54:06.841256;0,2102789431810379;;relu;0,5523005702438011;0,6609052864203508;256;;0,3926100980323996;0,06601809290471833;0,020789015633720046;2195;17369;5099;batchnorm;;19;27,0;18,0;22,0;;;;4;adam;minmax
1264;2024-07-05 08:56:28.291082;0,2673947215080261;;relu;0,8125437304864939;0,42902358485088765;256;;0,2241884424038717;0,005084729950304753;0,011762141563217914;2195;17369;5099;batchnorm;;27;21,0;20,0;20,0;;;;4;adam;minmax
1265;2024-07-05 08:58:34.769752;0,20343685150146484;;relu;0,7296371862390176;0,3827769775831409;256;;0,14542967331592577;0,07617300918596098;0,0096466777914243;2195;17369;5099;batchnorm;;17;25,0;19,0;21,0;;;;4;adam;minmax
1266;2024-07-05 09:00:55.177724;0,6126474738121033;;relu;0,563325746333769;0,44633553534245324;256;;0,6140915051447613;0,042395531401538206;0,0010782165174114693;2195;17369;5099;batchnorm;;16;27,0;22,0;25,0;;;;4;adam;minmax
1267;2024-07-05 09:02:46.651629;0,7404614686965942;;relu;0,8350502569225583;0,5412668466208829;16;;0,5261541884382281;0,04663306209744312;0,01802597721781707;2195;17369;5099;batchnorm;;18;26,0;17,0;22,0;;;;4;adam;minmax
1268;2024-07-05 09:09:00.970619;0,2046736776828766;;selu;0,43893607824810366;0,585395590120667;256;;0,5545553457685255;0,03639128049182263;0,0256137393296394;2195;17369;5099;batchnorm;;17;22,0;18,0;21,0;;;;4;adam;minmax
1269;2024-07-05 09:11:30.104947;0,5654522180557251;;relu;0,3747056969352148;0,7986767614633439;32;;0,5898963263336079;0,05379966060763291;0,014811952598604844;2195;17369;5099;batchnorm;;19;25,0;20,0;23,0;;;;4;adam;minmax
1270;2024-07-05 09:15:31.173373;0,43786314129829407;;relu;0,22880474752214208;0,8988757744537899;256;;0,49277321184827066;0,040805662411882736;0,02126475234011236;2195;17369;5099;vanilla;;16;27,0;19,0;24,0;;;;4;adam;minmax
1271;2024-07-05 09:17:49.941539;0,20999111235141754;;relu;0,7834539177248796;0,40255301533715576;64;;0,19235706204975744;0,051410069889784145;0,017139663609841038;2195;17369;5099;batchnorm;;21;24,0;26,0;22,0;;;;4;adam;minmax
1272;2024-07-05 09:21:26.995024;0,20965787768363953;;relu;0,3195718569722673;0,866464096250589;256;;0,6841599921865524;0,03817778014189745;0,013194920757163742;2195;17369;5099;batchnorm;;15;26,0;18,0;20,0;;;;4;adam;minmax
1273;2024-07-05 09:24:03.990844;1,0043210983276367;;relu;0,9285583905845678;0,7034158791885218;256;;0,11401607984881801;0,019589336039931834;0,002027805164525187;2195;17369;5099;batchnorm;;18;28,0;23,0;23,0;;;;4;adam;minmax
1274;2024-07-05 09:25:55.678180;0,3472210764884949;;relu;0,7532728846073423;0,9372008610212139;256;;0,5137030703789276;0,06295260527236383;0,005840591650844806;2195;17369;5099;batchnorm;;24;25,0;21,0;21,0;;;;4;adam;minmax
1275;2024-07-05 09:28:05.139521;0,1933578997850418;;relu;0,4593471067624081;0,2551332202920816;256;;0,4108533300265963;0,056303798912371264;0,0346052801380796;2195;17369;5099;batchnorm;;17;26,0;17,0;21,0;;;;4;adam;minmax
1276;2024-07-05 09:30:18.340315;0,19316841661930084;;relu;0,7153791966807229;0,4643104583471138;256;;0,3612503545790379;0,0810669651075867;0,019005260350348743;2195;17369;5099;batchnorm;;16;25,0;19,0;22,0;;;;4;adam;minmax
1277;2024-07-05 09:32:26.623944;0,3093210756778717;;relu;0,8884103803482909;0,4138954419957823;256;;0,5728834767831035;0,044745643314807224;0,028946569255777627;2195;17369;5099;batchnorm;;19;27,0;18,0;24,0;;;;4;adam;minmax
1278;2024-07-05 09:34:17.436055;0,7041052579879761;;relu;0,5246685704155651;0,5920092625347388;256;0,538901916980413;0,17068456536949342;0,03587113448621828;0,1009157790654753;2195;17369;5099;dropout;;20;24,0;20,0;23,0;;;;4;adam;minmax
1279;2024-07-05 09:36:12.938001;0,1922052651643753;;relu;0,6042592727951814;0,271259511147771;256;;0,34139245616705305;0,0090341107944152;0,022904228645626072;2195;17369;5099;batchnorm;;26;26,0;19,0;20,0;;;;4;adam;minmax
1280;2024-07-05 09:38:12.489698;0,6434473991394043;;relu;0,6460097662256622;0,984690064621922;256;;0,4766085624116885;0,04860844264284146;0,007022265658992991;2195;17369;5099;batchnorm;;18;25,0;15,0;22,0;;;;4;adam;minmax
1281;2024-07-05 09:40:03.139779;0,21150526404380798;;relu;0,8020008661662968;0,740851351053027;256;;0,5440041894437276;0,024063295150796325;0,015437296219557427;2195;17369;5099;batchnorm;;25;27,0;18,0;21,0;;;;4;adam;minmax
1282;2024-07-05 09:42:28.715881;0,2108473777770996;;relu;0,7422826255677293;0,5051499988973595;256;;0,5938981426547362;0,04252791696469816;0,01929752996363238;2195;17369;5099;batchnorm;;17;28,0;21,0;23,0;;;;4;adam;minmax
1283;2024-07-05 09:44:38.379227;0,6612000465393066;;relu;0,7800792751512545;0,38400600609268165;256;;0,27230044712805573;0,026731061912642406;0,003140985867493084;2195;17369;5099;batchnorm;;15;26,0;17,0;25,0;;;;4;adam;minmax
1284;2024-07-05 09:46:31.872298;0,3388368785381317;;relu;0,26002459306834935;0,6424734560676891;256;;0,4501914534704342;0,01108087290309702;0,01175266169017809;2195;17369;5099;batchnorm;;17;24,0;20,0;22,0;;;;4;adam;minmax
1285;2024-07-05 09:48:48.602231;1,1489473581314087;;relu;0,2801523690612092;0,36343748799657494;256;;0,20765803960513035;0,03940674773778962;0,00426425746941527;2195;17369;5099;batchnorm;;16;26,0;;;;;;2;adam;minmax
1286;2024-07-05 09:50:39.376341;0,3222368359565735;;relu;0,34008767303072157;0,8800773933627344;256;;0,051580584280227104;0,014851588631227522;0,025283583075394512;2195;17369;5099;batchnorm;;22;25,0;19,0;20,0;;;;4;adam;minmax
1287;2024-07-05 09:53:41.204527;0,19741050899028778;;relu;0,6849234708599666;0,6111991351772711;256;;0,5017949262490983;0,09994329996102973;0,016124796961923236;2195;17369;5099;batchnorm;;18;27,0;16,0;21,0;;;;4;adam;minmax
1288;2024-07-05 09:56:00.115737;0,6895421147346497;;relu;0,8200090183875055;0,2981995075177648;256;;0,3800568005526985;0,06460383637881673;0,008208974941413325;2195;17369;5099;batchnorm;;19;24,0;18,0;23,0;;;;4;adam;minmax
1289;2024-07-05 09:57:57.638569;0,5806978940963745;;selu;0,4245667569416486;0,23704758842491686;32;;0,9936103617838438;0,06634380299415672;0,013627975264229009;2195;17369;5099;batchnorm;;15;25,0;19,0;22,0;;;;4;adam;minmax
1290;2024-07-05 10:01:49.423850;0,2327842265367508;;relu;0,7662809559357593;0,03233017507904368;256;;0,15600793688330206;0,0348325148431915;0,005512658857151045;2195;17369;5099;batchnorm;;23;27,0;14,0;24,0;;;;4;adam;minmax
1291;2024-07-05 10:05:04.791971;0,7872316241264343;;relu;0,40029673034610713;0,42451736274750496;256;;0,5320290596312942;0,0077377068809394555;0,002811512122639741;2195;17369;5099;vanilla;;21;26,0;20,0;21,0;;;;4;adam;minmax
1292;2024-07-05 10:06:50.093048;0,19053682684898376;;relu;0,8637384488391103;0,7430394060894248;256;;0,12635330088273933;0,05001019604719089;0,02167859177185554;2195;17369;5099;batchnorm;;20;23,0;22,0;21,0;;;;4;adam;minmax
1293;2024-07-05 10:08:54.531632;0,4193139970302582;;relu;0,6268479925691306;0,2857960228734652;64;;0,6459076700995121;0,04556365068350857;0,00128296148655051;2195;17369;5099;batchnorm;;16;24,0;18,0;20,0;;;;4;adam;minmax
1294;2024-07-05 10:11:53.130289;0,29056844115257263;;relu;0,732957209703132;0,9144442911785556;256;;0,3220423990104628;0,040860289260346634;0,08583512561460252;2195;17369;5099;batchnorm;;17;26,0;19,0;22,0;;;;4;adam;minmax
1295;2024-07-05 10:14:01.739572;0,7149789929389954;;relu;0,8461628217592752;0,04391578999924689;256;;0,4888812149551196;0,0777228862635824;0,010275036671193703;2195;17369;5099;batchnorm;;18;27,0;17,0;23,0;;;;4;adam;minmax
1296;2024-07-05 10:15:53.035246;0,8720971941947937;;relu;0,18944981533669653;0,80900333553248;16;;0,23504033801858626;0,03746645275461144;0,16765695259259322;2195;17369;5099;batchnorm;;24;25,0;20,0;24,0;;;;4;adam;minmax
1297;2024-07-05 10:23:20.150006;0,23306839168071747;;relu;0,07549257915023233;0,9693433053887813;256;;0,5617151245966827;0,02196476832324631;0,0174633460051364;2195;17369;5099;batchnorm;;25;28,0;21,0;22,0;;;;4;adam;minmax
1298;2024-07-05 10:27:16.803879;1,2419158220291138;;relu;0,7961598098903847;0,39845817602977557;256;;0,46766545584619185;0,07127621952356261;0,0026582757344834535;2195;17369;5099;batchnorm;;14;25,0;18,0;25,0;;;;4;adam;minmax
1299;2024-07-05 10:29:08.010183;0,20252104103565216;;relu;0,5859482513983715;0,7080029617609594;256;;0,35128361701340644;0,01785452268065765;0,05285812456628092;2195;17369;5099;batchnorm;;16;26,0;19,0;14,0;;;;4;adam;minmax
1300;2024-07-05 10:31:15.334735;0,5253211259841919;;relu;0,6970967149749439;0,5248522106413219;256;;0,10099387193692841;0,04750445985378035;0,3565376586240066;2195;17369;5099;batchnorm;;18;23,0;19,0;20,0;;;;4;adam;minmax
1301;2024-07-05 10:33:21.346477;0,8321157097816467;;relu;0,1307826072828887;0,7853842214736375;256;0,32124132355998525;0,9596399295278424;0,04277277709386288;0,056967636635093626;2195;17369;5099;dropout;;17;26,0;18,0;21,0;;;;4;adam;minmax
1302;2024-07-05 10:35:09.281733;0,20378418266773224;;relu;0,7519892900866816;0,8389359419964197;256;;0,6006124960544154;0,05811263082871876;0,026650139872121836;2195;17369;5099;batchnorm;;19;24,0;24,0;23,0;;;;4;adam;minmax
1303;2024-07-05 10:37:31.925976;0,35170528292655945;;relu;0,21932034993032587;0,08598654210284878;256;;0,4239845334934167;0,07998609431673435;0,042573260449623083;2195;17369;5099;batchnorm;;28;;;;;;;1;adam;minmax
1304;2024-07-05 10:39:17.835401;0,19928419589996338;;relu;0,7766322816370371;0,6202085370372687;256;;0,2902773285960454;0,055221234589711884;0,019505378611674038;2195;17369;5099;batchnorm;;16;4,0;20,0;21,0;;;;4;adam;minmax
1305;2024-07-05 10:41:42.818617;0,2003210484981537;;relu;0,711049041447607;0,36987865905903394;256;;0,5181214384191927;0,039556971497624806;0,015122509935678787;2195;17369;5099;batchnorm;;20;27,0;17,0;22,0;;;;4;adam;minmax
1306;2024-07-05 10:43:58.848746;0,1995631605386734;;relu;0,8215397493315101;0,4773724094002615;256;;0,14597692517872543;0,03010640439293568;0,06014143905170127;2195;17369;5099;batchnorm;;15;25,0;19,0;22,0;;;;4;adam;minmax
1307;2024-07-05 10:46:15.286866;0,1999526172876358;;relu;0,5294356416845464;0,4397818777325479;256;;0,5418149242946122;0,03457875367076839;0,022827087974550592;2195;17369;5099;batchnorm;;17;26,0;21,0;23,0;;;;4;adam;minmax
1308;2024-07-05 10:48:38.274280;0,3401631712913513;;relu;0,8016239803515685;0,6783374314604202;256;;0,17982582205049774;0,0068611642241632655;0,01240895678756318;2195;17369;5099;batchnorm;;22;28,0;18,0;20,0;;;;4;adam;minmax
1309;2024-07-05 10:50:43.823265;0,22092103958129883;;relu;0,7272673162081746;0,3444827462837767;256;;0,5779147686128446;0,0678650644399302;0,12148492327994194;2195;17369;5099;batchnorm;;18;18,0;20,0;22,0;;;;4;adam;minmax
1310;2024-07-05 10:52:36.764298;0,22723157703876495;;selu;0,4884498076695754;0,5457796143810844;256;;0,4419884046231831;0,0745688156893077;0,03742426644682614;2195;17369;5099;batchnorm;;19;27,0;19,0;24,0;;;;4;adam;minmax
1311;2024-07-05 10:54:56.087685;0,251636803150177;;relu;0,9506467366280134;0,3162478409850463;256;;0,6214164140866867;0,013345342321197991;0,03062845182241578;2195;17369;5099;batchnorm;;17;24,0;16,0;21,0;;;;4;adam;minmax
1312;2024-07-05 10:56:47.343207;0,3720131516456604;;relu;0,7613986198692493;0,6497043777603673;32;;0,2557295667492614;0,044336023480750254;0,01741529785444427;2195;17369;5099;batchnorm;;21;22,0;18,0;20,0;;;;4;adam;minmax
1313;2024-07-05 11:00:44.302469;3,004699230194092;;relu;0,027975990779976367;0,4009254753849294;16;;0,07254186801684154;0,03766543285904273;0,01431769032738612;2195;17369;5099;vanilla;;16;19,0;17,0;23,0;;;;4;adam;minmax
1314;2024-07-05 11:04:24.694342;0,19178421795368195;;relu;0,6675699185383759;0,45721185142519016;256;;0,39955189810585917;0,04171085687663348;0,020624141858780504;2195;17369;5099;batchnorm;;18;25,0;22,0;13,0;;;;4;adam;minmax
1315;2024-07-05 11:06:30.591999;0,25707894563674927;;relu;0,9952544101819599;0,37685640554930894;256;;0,7186278365958608;0,06178188701496609;0,02469675154314207;2195;17369;5099;batchnorm;;14;26,0;20,0;22,0;;;;4;adam;minmax
1316;2024-07-05 11:08:20.442621;15,994336128234863;;relu;0,9020916969770033;0,2726496744907025;256;;0,4966215353230713;0,016980970240668393;0,214694730197489;2195;17369;5099;batchnorm;;16;20,0;19,0;21,0;;;;4;adam;minmax
1317;2024-07-05 11:10:12.251252;0,4200822710990906;;relu;0,37010362326116436;0,6795510699349615;64;;0,12962178323986034;0,027611170388719405;0,016454048741991245;2195;17369;5099;batchnorm;;23;27,0;21,0;24,0;;;;4;adam;minmax
1318;2024-07-05 11:12:56.735678;0,22096318006515503;;relu;0,7759088631560432;0,5653087548153729;256;;0,37372973899127804;0,05320646787487675;0,008727350550236084;2195;17369;5099;batchnorm;;15;25,0;18,0;23,0;;;;4;adam;minmax
1319;2024-07-05 11:15:29.166605;0,24998950958251953;;relu;0,6497949266703492;0,4248656417053535;256;;0,457083987616707;0,04878200251909133;0,011177209463317107;2195;17369;5099;batchnorm;;17;24,0;19,0;22,0;;;;4;adam;minmax
1320;2024-07-05 11:17:54.807985;0,18852105736732483;;relu;0,745971375528524;0,35501805580087986;256;;0,5475707435621944;0,046471795258084855;0,019163271578286293;2195;17369;5099;batchnorm;;24;26,0;17,0;21,0;;;;4;adam;minmax
1321;2024-07-05 11:20:01.832798;0,3952263295650482;;relu;0,8329896654680669;0,35279088698382916;256;0,23176370861887;0,528513474934157;0,046558537677539744;0,021945580749156864;2195;17369;5099;dropout;;24;25,0;16,0;21,0;;;;4;adam;minmax
1322;2024-07-05 11:21:57.539780;0,2280631810426712;;relu;0,29079190611462835;0,38447083027719997;256;;0,5116803415840557;0,048076865725471346;0,02001375347144255;2195;17369;5099;batchnorm;;25;26,0;16,0;23,0;;;;4;adam;minmax
1323;2024-07-05 11:24:23.985003;0,2623368203639984;;relu;0,8752717957289293;0,1609257015453469;256;;0,5511517147193011;0,04584992844385124;0,02851148648359152;2195;17369;5099;batchnorm;;24;25,0;17,0;11,0;;;;4;adam;minmax
1324;2024-07-05 11:26:13.073068;0,7828000783920288;;relu;0,8099863022710674;0,41217918173052764;256;;0,6906339933983918;0,05097712330099897;0,28666141757756375;2195;17369;5099;batchnorm;;24;26,0;16,0;22,0;;;;4;adam;minmax
1325;2024-07-05 11:28:07.546770;0,19069473445415497;;relu;0,7462215100195838;0,36172571242194346;256;;0,5445883072002549;0,04987958932598203;0,024000623500429183;2195;17369;5099;batchnorm;;23;25,0;17,0;20,0;;;;4;adam;minmax
1326;2024-07-05 11:30:14.426421;0,19622103869915009;;relu;0,45813697614579363;0,3932268701862965;256;;0,5227828331853517;0,04401665617042042;0,0188004859566492;2195;17369;5099;batchnorm;;24;23,0;17,0;21,0;;;;4;adam;minmax
1327;2024-07-05 11:32:43.636827;0,1922421008348465;;relu;0,5958092335563874;0,4920933461406383;256;;0,47976424142477103;0,04738117662061508;0,022085949670942465;2195;17369;5099;batchnorm;;24;26,0;17,0;22,0;;;;4;adam;minmax
1328;2024-07-05 11:34:40.251190;0,301689475774765;;relu;0,9237148673689674;0,8882859147920403;256;;0,10664175115069746;0,04588598443747945;0,018558816345740765;2195;17369;5099;batchnorm;;25;25,0;16,0;20,0;;;;4;adam;minmax
1329;2024-07-05 11:36:39.980069;0,19518423080444336;;relu;0,7901010203259035;0,349415555702722;256;;0,5614513266743475;0,04327658232501645;0,024246977587055133;2195;17369;5099;batchnorm;;25;24,0;17,0;25,0;;;;4;adam;minmax
1330;2024-07-05 11:38:46.659921;0,18948419392108917;;relu;0,7174196157156061;0,744430617095805;256;;0,5067595799817254;0,020008563286183903;0,03242939169432225;2195;17369;5099;batchnorm;;23;26,0;17,0;24,0;;;;4;adam;minmax
1331;2024-07-05 11:41:00.515730;0,302621066570282;;selu;0,6987987543105799;0,7719605717965501;256;;0,4913660370946896;0,024596987701952136;0,03954178472324329;2195;17369;5099;batchnorm;;23;26,0;16,0;25,0;;;;4;adam;minmax
1332;2024-07-05 11:43:18.894301;0,19814209640026093;;relu;0,7219840173694514;0,748188578021593;256;;0,5054020518518106;0,01883036812594168;0,03189752568157091;2195;17369;5099;batchnorm;;23;25,0;16,0;24,0;;;;4;adam;minmax
1333;2024-07-05 11:45:32.446272;0,20594735443592072;;relu;0,6956456590231439;0,5725124134554431;256;;0,4638887767175796;0,028373320062033393;0,03570433471364449;2195;17369;5099;batchnorm;;23;26,0;17,0;25,0;;;;4;adam;minmax
1334;2024-07-05 11:47:53.228785;0,30536314845085144;;relu;0,5685643729841073;0,8156057679750316;256;;0,19997709634713134;0,01128164811417104;0,02909062960890407;2195;17369;5099;batchnorm;;23;24,0;16,0;23,0;;;;4;adam;minmax
1335;2024-07-05 11:50:04.273173;0,20038944482803345;;relu;0,7153699363723052;0,6668114829432732;256;;0,47815902214418315;0,020063995931482823;0,03022234676337755;2195;17369;5099;batchnorm;;24;25,0;15,0;24,0;;;;4;adam;minmax
1336;2024-07-05 11:52:07.751850;0,9619282484054565;;relu;0,6691704658049485;0,731702044176898;16;;0,1614564589712479;0,02245991095340394;0,03302452438826749;2195;17369;5099;batchnorm;;22;26,0;17,0;24,0;;;;4;adam;minmax
1337;2024-07-05 11:58:28.439270;0,844480574131012;;relu;0,7381881652134216;0,7878522600503128;32;;0,4315330843863889;0,02648567628924289;0,14172941752975268;2195;17369;5099;batchnorm;;23;23,0;17,0;25,0;;;;4;adam;minmax
1338;2024-07-05 12:02:40.515872;0,3242368698120117;;relu;0,623660591376079;0,5931788418450561;256;;0,3215755712239563;0,015673033255939505;0,0015524540058504334;2195;17369;5099;vanilla;;23;24,0;16,0;24,0;;;;4;adam;minmax
1339;2024-07-05 12:04:26.794120;0,5094736814498901;;relu;0,7278346705584666;0,8324616986948722;256;;0,5069314824117388;0,01983285158381151;0,003952921857106066;2195;17369;5099;batchnorm;;24;25,0;17,0;24,0;;;;4;adam;minmax
1340;2024-07-05 12:06:29.158303;0,4012368619441986;;relu;0,3569915287665422;0,7590906206600978;256;;0,2146650304358536;0,025079421116499554;0,057627710378626275;2195;17369;5099;batchnorm;;24;26,0;17,0;24,0;;;;4;adam;minmax
1341;2024-07-05 12:08:19.541479;0,24693162739276886;;relu;0,6863281749941774;0,7142116090897265;64;;0,06840945832585062;0,012933596271278736;0,02651228021090219;2195;17369;5099;batchnorm;;23;25,0;17,0;23,0;;;;4;adam;minmax
1342;2024-07-05 12:12:04.723391;0,30825790762901306;;relu;0,9688671282039121;0,8051730827527911;256;;0,3395831148471208;0,022898791478849802;0,031518074797242605;2195;17369;5099;batchnorm;;24;26,0;16,0;24,0;;;;4;adam;minmax
1343;2024-07-05 12:13:53.768430;0,21815791726112366;;relu;0,7552883657661607;0,8622451740220923;256;;0,09649706565471745;0,013974938052431538;0,03487524490127601;2195;17369;5099;batchnorm;;25;24,0;17,0;25,0;;;;4;adam;minmax
1344;2024-07-05 12:16:16.397722;0,48716315627098083;;relu;0,7095308558352083;0,626129179558551;256;0,26458391377847434;0,448913045560276;0,021059754596608617;0,21410482282918694;2195;17369;5099;dropout;;24;25,0;15,0;23,0;;;;4;adam;minmax
1345;2024-07-05 12:18:04.307213;0,3772578835487366;;relu;0,4194782770010939;0,8383435824942002;256;;0,48422777851654714;0,010277077537424548;0,01633424797432369;2195;17369;5099;batchnorm;;23;26,0;17,0;23,0;;;;4;adam;minmax
1346;2024-07-05 12:20:14.102814;0,31351107358932495;;relu;0,7669858010937296;0,8837214876306494;512;;0,17807982580195109;0,01728106510216979;0,027761585764252986;2195;17369;5099;batchnorm;;22;27,0;23,0;23,0;;;;4;adam;minmax
1347;2024-07-05 12:22:04.735962;0,2080736607313156;;relu;0,50443357121334;0,6116630664051899;256;;0,1356908052665059;0,018458044546834806;0,01845456871396272;2195;17369;5099;batchnorm;;23;25,0;18,0;24,0;;;;4;adam;minmax
1348;2024-07-05 12:24:16.948632;0,23586313426494598;;relu;0,8525274425455664;0,6826458524271821;256;;0,3033479538872128;0,06073324947488061;0,04583044860430104;2195;17369;5099;batchnorm;;25;24,0;17,0;23,0;;;;4;adam;minmax
1349;2024-07-05 12:26:35.622893;0,31949475407600403;;relu;0,558460052201436;0,6994896432737916;256;;0,5194078242657866;0,052181602451696535;0,04916097205789427;2195;17369;5099;batchnorm;;24;23,0;18,0;25,0;;;;4;adam;minmax
1350;2024-07-05 12:28:25.193951;0,2089737057685852;;relu;0,7416165036478787;0,9269263306672164;256;;0,25097349929957;0,08173918905736785;0,01630737358008459;2195;17369;5099;batchnorm;;23;26,0;17,0;22,0;;;;4;adam;minmax
1351;2024-07-05 12:31:26.606264;0,27753156423568726;;relu;0,37775131069327644;0,7591527102808716;256;;0,12133836612491211;0,015552242606676918;0,04113484844088175;2195;17369;5099;batchnorm;;26;25,0;16,0;24,0;;;;4;adam;minmax
1352;2024-07-05 12:33:42.755277;0,5963555574417114;;selu;0,6522674949230278;0,447492301106431;512;;0,28796397599330453;0,03146627893653527;0,0025743476822288227;2195;17369;5099;batchnorm;;24;26,0;18,0;22,0;;;;4;adam;minmax
1353;2024-07-05 12:35:30.578177;0,20271050930023193;;relu;0,4333083396415223;0,7222718850216004;256;;0,05038121149937998;0,06919158792600355;0,2586611278357089;2195;17369;5099;batchnorm;;22;21,0;17,0;23,0;;;;4;adam;normalizer
1354;2024-07-05 12:37:32.011505;0,19779999554157257;;relu;0,32206227724880193;0,5313847767823512;256;;0,4175695001001198;0,00888185723312059;0,02453100810319103;2195;17369;5099;batchnorm;;25;27,0;18,0;22,0;;;;4;adam;minmax
1355;2024-07-05 12:39:44.346861;0,6616210341453552;;relu;0,6881281347408508;0,5185083747626589;256;;0,5015403728172225;0,02465015401668794;0,002064607464651872;2195;17369;5099;batchnorm;;23;24,0;22,0;23,0;;;;4;adam;minmax
1356;2024-07-05 12:41:34.962954;0,3700631856918335;;relu;0,033114932397676045;0,803459629947947;256;;0,705982812835428;0,022225236983032554;0,03983563361572873;2195;17369;5099;batchnorm;;24;22,0;16,0;25,0;;;;4;adam;minmax
1357;2024-07-05 12:43:24.906591;0,1931999921798706;;relu;0,7285089120898015;0,6049654072910579;256;;0,2339108449260723;0,02059501407312615;0,019990823083481674;2195;17369;5099;batchnorm;;26;26,0;18,0;22,0;;;;4;adam;minmax
1358;2024-07-05 12:45:48.350353;0,4151158034801483;;relu;0,3994147024541882;0,961817001998142;256;;0,4684161351371851;0,03027630661946961;0,014564258713965265;2195;17369;5099;vanilla;;25;25,0;17,0;24,0;;;;4;adam;minmax
1359;2024-07-05 12:47:32.956560;0,6498333811759949;;relu;0,7720380063081456;0,9869124015416374;512;;0,37867762475956734;0,006728783621643305;0,021800222053093798;2195;17369;5099;batchnorm;;17;15,0;18,0;23,0;;;;4;adam;minmax
1360;2024-07-05 12:49:22.729335;0,2203894406557083;;relu;0,7476359454770874;0,6562796085945622;256;;0,08371041704634562;0,07621386438634352;0,0855026136235985;2195;17369;5099;batchnorm;;24;27,0;17,0;22,0;;;;4;adam;minmax
1361;2024-07-05 12:52:00.769703;1,981443166732788;;relu;0,7108832204423102;0,9245506173325169;16;;0,5429189911329206;0,015915776948577223;0,0010693834163279677;2195;17369;5099;batchnorm;;16;26,0;18,0;23,0;;;;4;adam;normalizer
1362;2024-07-05 12:58:03.970574;0,4091540277004242;;relu;0,6785003692768871;0,22391679287321403;32;;0,1558288167972231;0,07137840194537685;0,017487864365383268;2195;17369;5099;batchnorm;;17;24,0;21,0;24,0;;;;4;adam;minmax
1363;2024-07-05 13:01:48.973584;0,24968945980072021;;relu;0,1811254349407181;0,8575708458188862;256;;0,5262560075806804;0,012472349792267488;0,09487816918675158;2195;17369;5099;batchnorm;;22;23,0;18,0;22,0;;;;4;adam;minmax
1364;2024-07-05 13:04:09.392728;0,18928946554660797;;relu;0,5248302077344735;0,6467532422267972;256;;0,6633718503510867;0,06541304251339396;0,014631063230667053;2195;17369;5099;batchnorm;;15;25,0;25,0;5,0;;;;4;adam;minmax
1365;2024-07-05 13:06:34.782232;0,5052210688591003;;relu;0,6235949900826109;0,7083805178886922;256;;0,6374962722784816;0,06553134175044514;0,0012977226472923413;2195;17369;5099;batchnorm;;15;25,0;26,0;13,0;;;;4;adam;minmax
1366;2024-07-05 13:08:51.178386;0,21055790781974792;;relu;0,5290383128990341;0,6540319454090628;256;0,34575289181372276;0,6739812929830025;0,06315669838058346;0,02580366220888271;2195;17369;5099;dropout;;14;24,0;22,0;25,0;;;;4;adam;minmax
1367;2024-07-05 13:11:08.057800;0,2198708951473236;;relu;0,4883908488714776;0,6532575210674522;64;;0,6289399532402207;0,06613946998281903;0,019578043717394616;2195;17369;5099;batchnorm;;14;25,0;21,0;5,0;;;;4;adam;minmax
1368;2024-07-05 13:15:35.792225;0,19075554609298706;;relu;0,5056729950239524;0,6382304394414487;512;;0,569189345656445;0,06373068626782742;0,03574388595394288;2195;17369;5099;batchnorm;;14;24,0;24,0;3,0;;;;4;adam;minmax
1369;2024-07-05 13:17:30.197618;0,43748950958251953;;relu;0,5375671744128971;0,6143533705754844;256;;0,6854170963942505;0,05829381282966572;0,004367693794592491;2195;17369;5099;batchnorm;;15;25,0;24,0;11,0;;;;4;adam;minmax
1370;2024-07-05 13:20:32.189556;0,4631684422492981;;relu;0,5785445512701954;0,7296605409926118;256;;0,6699300531214855;0,05695918802858999;0,003789554146800666;2195;17369;5099;batchnorm;;14;25,0;23,0;15,0;;;;4;adam;minmax
1371;2024-07-05 13:22:24.895706;0,208736851811409;;relu;0,5359550880336932;0,5659505113431857;256;;0,658838535841216;0,06831837370591382;0,015541246916315515;2195;17369;5099;batchnorm;;15;25,0;26,0;24,0;;;;4;adam;minmax
1372;2024-07-05 13:24:36.551317;0,19176316261291504;;relu;0,5549180116704916;0,6709386246371317;256;;0,6683731933018114;0,06284987224969753;0,02230931468275866;2195;17369;5099;batchnorm;;23;24,0;23,0;7,0;;;;4;adam;minmax
1373;2024-07-05 13:26:42.307847;0,3249841630458832;;selu;0,5061421446154706;0,548659378166027;256;;0,2694991964896534;0,06899065642130026;0,31138755847031174;2195;17369;5099;batchnorm;;15;25,0;25,0;21,0;;;;4;adam;minmax
1374;2024-07-05 13:28:46.204650;0,3129473626613617;;relu;0,9199958618545048;0,7024025203465848;256;;0,7132722106025651;0,05939880482993409;0,018046247531907793;2195;17369;5099;batchnorm;;25;23,0;24,0;24,0;;;;4;adam;minmax
1375;2024-07-05 13:30:55.054847;0,27539998292922974;;relu;0,6098564874064417;0,5880998278161251;512;;0,6599421203340857;0,05191325489588706;0,06232892906125517;2195;17369;5099;batchnorm;;15;24,0;26,0;5,0;;;;4;adam;minmax
1376;2024-07-05 13:32:39.743332;0,7864473462104797;;relu;0,13133824445023734;0,6244132336637324;256;;0,564132255200166;0,04880980549922971;0,006646067574570298;2195;17369;5099;batchnorm;;27;25,0;22,0;9,0;;;;4;adam;minmax
1377;2024-07-05 13:35:33.465194;0,1963420957326889;;relu;0,8957106718428652;0,6937222711630515;256;;0,35517156108901515;0,07448582759968941;0,026946383889406407;2195;17369;5099;batchnorm;;24;25,0;22,0;6,0;;;;4;adam;minmax
1378;2024-07-05 13:38:04.411005;0,1918315887451172;;relu;0,5181553537689153;0,4721084193251073;256;;0,6414466994263972;0,0637462060390914;0,04514362906191561;2195;17369;5099;batchnorm;;23;24,0;21,0;10,0;;;;4;adam;minmax
1379;2024-07-05 13:40:06.165810;0,5295684337615967;;relu;0,4794620812881144;0,6361709843727464;256;;0,6434733711887328;0,05489870969588259;0,013034094221342272;2195;17369;5099;batchnorm;;15;;;;;;;1;adam;minmax
1380;2024-07-05 13:42:05.355415;0,5946526527404785;;relu;0,3534110961383997;0,7550171668315852;256;;0,7107202286979448;0,06769169226534719;0,015717298464632525;2195;17369;5099;vanilla;;26;24,0;21,0;14,0;;;;4;adam;minmax
1381;2024-07-05 13:43:50.912477;0,2029888927936554;;relu;0,4518548332311813;0,6721959706715346;512;;0,5854451769877721;0,07948151532230449;0,06889835134073535;2195;17369;5099;batchnorm;;14;25,0;22,0;8,0;;;;4;adam;minmax
1382;2024-07-05 13:45:43.685695;0,22624213993549347;;relu;0,4775371516846668;0,9988252219090046;256;;0,6130681424610922;0,005019813387837555;0,020517210649165285;2195;17369;5099;batchnorm;;18;26,0;20,0;25,0;;;;4;adam;minmax
1383;2024-07-05 13:49:11.910202;0,20754210650920868;;relu;0,38542275065361903;0,750969262386757;256;;0,19171094611074313;0,04989998739716444;0,017303561242262493;2195;17369;5099;batchnorm;;22;23,0;25,0;21,0;;;;4;adam;minmax
1384;2024-07-05 13:52:43.347271;0,18895789980888367;;relu;0,7571846214044928;0,5014208753258704;256;;0,5461485402997163;0,061649182756336664;0,023853507617299964;2195;17369;5099;batchnorm;;24;25,0;23,0;6,0;;;;4;adam;minmax
1385;2024-07-05 13:54:53.188426;0,1899000108242035;;relu;0,7329993638927772;0,5088883779210476;256;;0,6551403678975996;0,05950644813893157;0,030076449448919344;2195;17369;5099;batchnorm;;24;25,0;23,0;6,0;;;;4;adam;minmax
1386;2024-07-05 13:57:27.879907;0,28432631492614746;;relu;0,2546995838397405;0,5346815258694979;256;;0,559349371064982;0,06246378606561112;0,026283051120120724;2195;17369;5099;batchnorm;;24;24,0;23,0;5,0;;;;4;adam;minmax
1387;2024-07-05 13:59:27.966258;0,6292315125465393;;relu;0,7204127558003051;0,7783445731244876;256;;0,603844971881948;0,06790689684269587;0,003346452911348457;2195;17369;5099;batchnorm;;25;26,0;23,0;5,0;;;;4;adam;minmax
1388;2024-07-05 14:01:17.624464;0,20167145133018494;;relu;0,7639087478416711;0,5113198381171196;16;;0,10975154361634243;0,008962647237775772;0,029932382665812832;2195;17369;5099;batchnorm;;24;26,0;24,0;8,0;;;;4;adam;minmax
1389;2024-07-05 14:08:47.309825;1,1687206029891968;;relu;0,3046124553825341;0,4797844232165972;32;;0,6845069656628886;0,07309102613394239;0,03390296611703642;2195;17369;5099;batchnorm;;25;25,0;22,0;26,0;;;;4;adam;minmax
1390;2024-07-05 14:12:42.808756;0,19885264337062836;;relu;0,7467380682404675;0,5407346496470828;256;;0,6948993243027389;0,06182228408099078;0,02362856349896212;2195;17369;5099;batchnorm;;24;17,0;25,0;25,0;;;;4;adam;minmax
1391;2024-07-05 14:14:54.960167;0,23232221603393555;;relu;0,6772216814391936;0,48741039816213494;512;0,2890420299868864;0,5479530129637497;0,059991723967977584;0,026748094595470413;2195;17369;5099;dropout;;23;24,0;23,0;3,0;;;;4;adam;minmax
1392;2024-07-05 14:16:33.642544;0,3921736776828766;;relu;0,33236981431619717;0,5818425744528553;256;;0,21972362026414752;0,064811179725647;0,0240489730019703;2195;17369;5099;batchnorm;;25;26,0;;;;;;2;adam;minmax
1393;2024-07-05 14:18:48.558271;0,19146841764450073;;relu;0,7018922114966548;0,49749667560718674;256;;0,7385309954901135;0,06047780875702994;0,03644273632216654;2195;17369;5099;batchnorm;;23;19,0;22,0;5,0;;;;4;adam;minmax
