match;Date;season;Div;HomeTeam;AwayTeam;FTHG;FTAG;label;prediction;draw;home;away
15969;2020-01-01;T19-20;E0;Brighton;Chelsea;1;1;0;1;0,3865;0,401;0,2124
15976;2020-01-01;T19-20;E0;West Ham;Bournemouth;4;0;1;1;0,3887;0,4133;0,198
15975;2020-01-01;T19-20;E0;Norwich;Crystal Palace;1;1;0;1;0,3881;0,4078;0,2041
15974;2020-01-01;T19-20;E0;Man City;Everton;2;1;1;1;0,3802;0,4383;0,1815
15977;2020-01-01;T19-20;E0;Arsenal;Man United;2;0;1;1;0,3881;0,4074;0,2045
15972;2020-01-01;T19-20;E0;Southampton;Tottenham;1;0;1;1;0,3871;0,4031;0,2098
15971;2020-01-01;T19-20;E0;Newcastle;Leicester;0;3;2;1;0,3879;0,4066;0,2055
15970;2020-01-01;T19-20;E0;Burnley;Aston Villa;1;2;2;1;0,3887;0,413;0,1983
15973;2020-01-01;T19-20;E0;Watford;Wolves;2;1;1;1;0,3877;0,4056;0,2067
15978;2020-01-02;T19-20;E0;Liverpool;Sheffield United;2;0;1;1;0,3821;0,4344;0,1835
45177;2020-01-03;T19-20;SP1;Valladolid;Leganes;2;2;0;1;0,3887;0,4129;0,1984
45178;2020-01-03;T19-20;SP1;Sevilla;Ath Bilbao;1;1;0;1;0,3888;0,4163;0,1949
57589;2020-01-03;T19-20;SP2;Extremadura;Alcorcon;0;0;0;1;0,3887;0,4123;0,199
57592;2020-01-04;T19-20;SP2;Lugo;Almeria;0;4;2;1;0,3878;0,4068;0,2054
57595;2020-01-04;T19-20;SP2;Mirandes;Santander;0;0;0;1;0,3884;0,421;0,1906
57594;2020-01-04;T19-20;SP2;Elche;Huesca;1;1;0;1;0,3879;0,4069;0,2052
57593;2020-01-04;T19-20;SP2;Tenerife;Albacete;4;2;1;1;0,3885;0,4108;0,2007
57591;2020-01-04;T19-20;SP2;Ponferradina;Cadiz;0;0;0;1;0,3882;0,4095;0,2023
57590;2020-01-04;T19-20;SP2;Fuenlabrada;Las Palmas;0;0;0;1;0,3884;0,4105;0,2011
45182;2020-01-04;T19-20;SP1;Espanol;Barcelona;2;2;0;1;0,3849;0,3952;0,2198
45181;2020-01-04;T19-20;SP1;Ath Madrid;Levante;2;1;1;1;0,3826;0,4334;0,184
45180;2020-01-04;T19-20;SP1;Getafe;Real Madrid;0;3;2;1;0,3845;0,3936;0,2219
45179;2020-01-04;T19-20;SP1;Valencia;Eibar;1;0;1;1;0,3888;0,4151;0,196
35068;2020-01-05;T19-20;I1;Genoa;Sassuolo;2;1;1;1;0,3887;0,4133;0,198
45184;2020-01-05;T19-20;SP1;Sociedad;Villarreal;1;2;2;1;0,3888;0,4143;0,197
45185;2020-01-05;T19-20;SP1;Alaves;Betis;1;1;0;1;0,388;0,4072;0,2048
45186;2020-01-05;T19-20;SP1;Celta;Osasuna;1;1;0;1;0,3887;0,4126;0,1987
57597;2020-01-05;T19-20;SP2;Vallecano;Girona;1;0;1;1;0,3887;0,4133;0,198
57598;2020-01-05;T19-20;SP2;Oviedo;Malaga;1;1;0;1;0,3877;0,4066;0,2057
35071;2020-01-06;T19-20;I1;Atalanta;Parma;5;0;1;1;0,3819;0,4349;0,1832
15979;2020-01-10;T19-20;E0;Sheffield United;West Ham;1;0;1;1;0,3887;0,412;0,1993
35078;2020-01-11;T19-20;I1;Inter;Atalanta;1;1;0;1;0,388;0,4073;0,2047
35077;2020-01-11;T19-20;I1;Lazio;Napoli;1;0;1;1;0,3883;0,4091;0,2026
35076;2020-01-11;T19-20;I1;Cagliari;Milan;0;2;2;1;0,3874;0,4043;0,2082
15986;2020-01-11;T19-20;E0;Tottenham;Liverpool;0;1;2;1;0,3864;0,4004;0,2133
15985;2020-01-11;T19-20;E0;Wolves;Newcastle;1;1;0;1;0,389;0,4181;0,193
15983;2020-01-11;T19-20;E0;Leicester;Southampton;1;2;2;1;0,3888;0,4187;0,1924
15982;2020-01-11;T19-20;E0;Everton;Brighton;1;0;1;1;0,3889;0,4171;0,1939
15981;2020-01-11;T19-20;E0;Chelsea;Burnley;3;0;1;1;0,3868;0,4245;0,1887
15980;2020-01-11;T19-20;E0;Crystal Palace;Arsenal;1;1;0;1;0,3878;0,4064;0,2058
15984;2020-01-11;T19-20;E0;Man United;Norwich;4;0;1;1;0,3845;0,4294;0,1861
35082;2020-01-12;T19-20;I1;Torino;Bologna;1;0;1;1;0,3887;0,4118;0,1995
15987;2020-01-12;T19-20;E0;Bournemouth;Watford;0;3;2;1;0,3887;0,4128;0,1985
15988;2020-01-12;T19-20;E0;Aston Villa;Man City;1;6;2;1;0,3836;0,3907;0,2257
35079;2020-01-12;T19-20;I1;Udinese;Sassuolo;3;0;1;1;0,3887;0,4124;0,199
35080;2020-01-12;T19-20;I1;Fiorentina;Spal;1;0;1;1;0,3889;0,4165;0,1946
35081;2020-01-12;T19-20;I1;Sampdoria;Brescia;5;1;1;1;0,389;0,4182;0,1928
35083;2020-01-12;T19-20;I1;Verona;Genoa;2;1;1;1;0,3888;0,4153;0,1959
35084;2020-01-12;T19-20;I1;Roma;Juventus;1;2;2;1;0,3878;0,4071;0,2051
35085;2020-01-13;T19-20;I1;Parma;Lecce;2;0;1;1;0,3887;0,4134;0,1978
57603;2020-01-14;T19-20;SP2;Las Palmas;Zaragoza;0;1;2;1;0,3885;0,4111;0,2004
57602;2020-01-14;T19-20;SP2;Malaga;Ponferradina;1;0;1;1;0,3888;0,4151;0,1961
57600;2020-01-14;T19-20;SP2;Albacete;Fuenlabrada;1;1;0;1;0,388;0,4084;0,2036
57601;2020-01-14;T19-20;SP2;Sp Gijon;Elche;1;0;1;1;0,3886;0,4128;0,1986
57607;2020-01-15;T19-20;SP2;Cadiz;Mirandes;3;3;0;1;0,3889;0,4174;0,1937
57606;2020-01-15;T19-20;SP2;Vallecano;Lugo;1;0;1;1;0,3869;0,4243;0,1888
57605;2020-01-15;T19-20;SP2;Huesca;Tenerife;2;1;1;1;0,3887;0,4133;0,198
26593;2020-01-15;T19-20;F1;Amiens;Reims;1;1;0;1;0,3876;0,4052;0,2072
26595;2020-01-15;T19-20;F1;Monaco;Paris SG;1;4;2;1;0,387;0,4027;0,2103
26594;2020-01-15;T19-20;F1;Nimes;Rennes;0;1;2;1;0,3887;0,4122;0,1991
57604;2020-01-15;T19-20;SP2;Alcorcon;Numancia;2;2;0;1;0,3883;0,4098;0,2019
57608;2020-01-16;T19-20;SP2;La Coruna;Santander;2;1;1;1;0,3889;0,4168;0,1944
57609;2020-01-16;T19-20;SP2;Girona;Extremadura;3;1;1;1;0,3888;0,4148;0,1965
57610;2020-01-16;T19-20;SP2;Almeria;Oviedo;2;0;1;1;0,3889;0,4173;0,1938
45187;2020-01-17;T19-20;SP1;Leganes;Getafe;0;3;2;1;0,3882;0,4087;0,2032
57611;2020-01-17;T19-20;SP2;Fuenlabrada;Malaga;0;0;0;1;0,3876;0,4053;0,2072
45189;2020-01-18;T19-20;SP1;Real Madrid;Sevilla;2;1;1;1;0,3874;0,4233;0,1893
45188;2020-01-18;T19-20;SP1;Levante;Alaves;0;1;2;1;0,3889;0,4164;0,1948
45190;2020-01-18;T19-20;SP1;Osasuna;Valladolid;0;0;0;1;0,3888;0,4144;0,1968
35088;2020-01-18;T19-20;I1;Napoli;Fiorentina;0;2;2;1;0,386;0,4261;0,1878
57613;2020-01-18;T19-20;SP2;Lugo;Albacete;1;0;1;1;0,3887;0,4118;0,1995
57614;2020-01-18;T19-20;SP2;Ponferradina;Vallecano;1;1;0;1;0,3876;0,4057;0,2066
45191;2020-01-18;T19-20;SP1;Eibar;Ath Madrid;2;0;1;1;0,3872;0,4038;0,209
35087;2020-01-18;T19-20;I1;Sassuolo;Torino;2;1;1;1;0,3882;0,4094;0,2025
57612;2020-01-18;T19-20;SP2;Numancia;Sp Gijon;2;0;1;1;0,3886;0,4114;0,2
15996;2020-01-18;T19-20;E0;Newcastle;Chelsea;1;0;1;1;0,3863;0,4002;0,2134
15990;2020-01-18;T19-20;E0;Arsenal;Sheffield United;1;1;0;1;0,3887;0,4129;0,1983
35086;2020-01-18;T19-20;I1;Lazio;Sampdoria;5;1;1;1;0,3856;0,4271;0,1873
15991;2020-01-18;T19-20;E0;Brighton;Aston Villa;1;1;0;1;0,3889;0,4171;0,194
15989;2020-01-18;T19-20;E0;Watford;Tottenham;0;0;0;1;0,3874;0,4043;0,2083
15993;2020-01-18;T19-20;E0;Norwich;Bournemouth;1;0;1;1;0,3887;0,4127;0,1986
15994;2020-01-18;T19-20;E0;Southampton;Wolves;2;3;2;1;0,3882;0,4077;0,2041
15995;2020-01-18;T19-20;E0;West Ham;Everton;1;1;0;1;0,3882;0,4086;0,2031
15992;2020-01-18;T19-20;E0;Man City;Crystal Palace;2;2;0;1;0,3784;0,442;0,1796
45194;2020-01-19;T19-20;SP1;Villarreal;Espanol;1;2;2;1;0,3875;0,423;0,1894
57620;2020-01-19;T19-20;SP2;Tenerife;Girona;1;0;1;1;0,3883;0,4094;0,2023
57619;2020-01-19;T19-20;SP2;Extremadura;Almeria;1;2;2;1;0,3875;0,4047;0,2078
57618;2020-01-19;T19-20;SP2;Santander;Las Palmas;1;1;0;1;0,3878;0,4073;0,2049
57617;2020-01-19;T19-20;SP2;Oviedo;Huesca;1;1;0;1;0,3883;0,4097;0,202
57615;2020-01-19;T19-20;SP2;Elche;Alcorcon;1;1;0;1;0,3886;0,4111;0,2003
45196;2020-01-19;T19-20;SP1;Barcelona;Granada;1;0;1;1;0,3778;0,4434;0,1789
45193;2020-01-19;T19-20;SP1;Betis;Sociedad;3;0;1;1;0,3881;0,4084;0,2035
57616;2020-01-19;T19-20;SP2;La Coruna;Cadiz;1;0;1;1;0,3879;0,4078;0,2043
35094;2020-01-19;T19-20;I1;Juventus;Parma;2;1;1;1;0,3797;0,4393;0,1809
35093;2020-01-19;T19-20;I1;Genoa;Roma;1;3;2;1;0,3854;0,3966;0,218
35092;2020-01-19;T19-20;I1;Lecce;Inter;1;1;0;1;0,3858;0,3984;0,2158
35091;2020-01-19;T19-20;I1;Brescia;Cagliari;2;2;0;1;0,3887;0,4128;0,1986
35090;2020-01-19;T19-20;I1;Bologna;Verona;1;1;0;1;0,389;0,4185;0,1925
35089;2020-01-19;T19-20;I1;Milan;Udinese;3;2;1;1;0,3868;0,4244;0,1887
15998;2020-01-19;T19-20;E0;Liverpool;Man United;2;0;1;1;0,3888;0,4154;0,1958
15997;2020-01-19;T19-20;E0;Burnley;Leicester;2;1;1;1;0,3867;0,4015;0,2118
45192;2020-01-19;T19-20;SP1;Mallorca;Valencia;4;1;1;1;0,3875;0,4051;0,2074
35095;2020-01-20;T19-20;I1;Atalanta;Spal;1;2;2;1;0,3779;0,443;0,1791
16004;2020-01-21;T19-20;E0;Chelsea;Arsenal;2;2;0;1;0,3888;0,4156;0,1956
16003;2020-01-21;T19-20;E0;Sheffield United;Man City;0;1;2;1;0,3835;0,3903;0,2262
16002;2020-01-21;T19-20;E0;Everton;Newcastle;2;2;0;1;0,3889;0,4189;0,1922
16000;2020-01-21;T19-20;E0;Bournemouth;Brighton;3;1;1;1;0,3888;0,4135;0,1977
15999;2020-01-21;T19-20;E0;Aston Villa;Watford;2;1;1;1;0,3887;0,4128;0,1985
16001;2020-01-21;T19-20;E0;Crystal Palace;Southampton;0;2;2;1;0,3887;0,4122;0,1991
16005;2020-01-22;T19-20;E0;Leicester;West Ham;4;1;1;1;0,3885;0,4201;0,1914
16006;2020-01-22;T19-20;E0;Tottenham;Norwich;2;1;1;1;0,3873;0,4234;0,1893
16007;2020-01-22;T19-20;E0;Man United;Burnley;0;2;2;1;0,3856;0,4272;0,1873
16008;2020-01-23;T19-20;E0;Wolves;Liverpool;1;2;2;1;0,3857;0,3981;0,2162
35096;2020-01-24;T19-20;I1;Brescia;Milan;0;1;2;1;0,3869;0,4025;0,2105
45197;2020-01-24;T19-20;SP1;Osasuna;Levante;2;0;1;1;0,3888;0,4157;0,1955
57621;2020-01-24;T19-20;SP2;Cadiz;Santander;1;0;1;1;0,388;0,4221;0,19
57622;2020-01-25;T19-20;SP2;Huesca;Lugo;2;1;1;1;0,3874;0,4233;0,1893
57624;2020-01-25;T19-20;SP2;Las Palmas;Tenerife;0;0;0;1;0,3885;0,4122;0,1993
57623;2020-01-25;T19-20;SP2;Sp Gijon;Fuenlabrada;1;0;1;1;0,3884;0,4112;0,2003
57625;2020-01-25;T19-20;SP2;Zaragoza;Numancia;1;0;1;1;0,3886;0,4197;0,1917
45201;2020-01-25;T19-20;SP1;Sevilla;Granada;2;0;1;1;0,3816;0,4354;0,183
35099;2020-01-25;T19-20;I1;Torino;Atalanta;0;7;2;1;0,3865;0,4011;0,2124
45199;2020-01-25;T19-20;SP1;Valencia;Barcelona;2;0;1;1;0,3861;0,3996;0,2143
45198;2020-01-25;T19-20;SP1;Espanol;Ath Bilbao;1;1;0;1;0,3882;0,4078;0,204
35098;2020-01-25;T19-20;I1;Fiorentina;Genoa;0;0;0;1;0,3887;0,4199;0,1914
35097;2020-01-25;T19-20;I1;Spal;Bologna;1;3;2;1;0,3881;0,4087;0,2032
45200;2020-01-25;T19-20;SP1;Alaves;Villarreal;1;2;2;1;0,3881;0,4078;0,2041
57631;2020-01-26;T19-20;SP2;Girona;Oviedo;1;1;0;1;0,3888;0,4159;0,1953
57629;2020-01-26;T19-20;SP2;Alcorcon;Ponferradina;3;1;1;1;0,3887;0,4132;0,1981
57628;2020-01-26;T19-20;SP2;Almeria;Elche;0;2;2;1;0,3874;0,4234;0,1892
57627;2020-01-26;T19-20;SP2;Albacete;La Coruna;0;1;2;1;0,3885;0,4117;0,1999
57626;2020-01-26;T19-20;SP2;Malaga;Mirandes;2;2;0;1;0,3889;0,4168;0,1944
45206;2020-01-26;T19-20;SP1;Valladolid;Real Madrid;0;1;2;1;0,3848;0,3946;0,2206
45205;2020-01-26;T19-20;SP1;Sociedad;Mallorca;3;0;1;1;0,3886;0,4202;0,1912
45204;2020-01-26;T19-20;SP1;Getafe;Betis;1;0;1;1;0,3887;0,4127;0,1986
57630;2020-01-26;T19-20;SP2;Vallecano;Extremadura;1;1;0;1;0,3881;0,4217;0,1902
45202;2020-01-26;T19-20;SP1;Ath Madrid;Leganes;0;0;0;1;0,3836;0,4314;0,1851
35105;2020-01-26;T19-20;I1;Napoli;Juventus;2;1;1;1;0,3881;0,4086;0,2032
35104;2020-01-26;T19-20;I1;Roma;Lazio;1;1;0;1;0,3885;0,4118;0,1997
35103;2020-01-26;T19-20;I1;Verona;Lecce;3;0;1;1;0,3888;0,419;0,1923
35102;2020-01-26;T19-20;I1;Sampdoria;Sassuolo;0;0;0;1;0,3888;0,4142;0,1971
35101;2020-01-26;T19-20;I1;Parma;Udinese;2;0;1;1;0,3887;0,412;0,1993
35100;2020-01-26;T19-20;I1;Inter;Cagliari;1;1;0;1;0,3842;0,4301;0,1858
45203;2020-01-26;T19-20;SP1;Celta;Eibar;0;0;0;1;0,3887;0,4124;0,1989
16009;2020-01-29;T19-20;E0;West Ham;Liverpool;0;2;2;1;0,3846;0,394;0,2214
5985;2020-01-31;T19-20;D1;Hertha;Schalke 04;0;0;0;1;0,3886;0,4109;0,2005
26606;2020-01-31;T19-20;F1;Rennes;Nantes;3;2;1;1;0,3888;0,4151;0,1961
57632;2020-01-31;T19-20;SP2;Tenerife;Sp Gijon;2;1;1;1;0,3883;0,4092;0,2026
26611;2020-02-01;T19-20;F1;Nimes;Monaco;3;1;1;1;0,3878;0,4066;0,2055
26610;2020-02-01;T19-20;F1;Dijon;Brest;3;0;1;1;0,3887;0,4114;0,1999
26612;2020-02-01;T19-20;F1;Strasbourg;Lille;1;2;2;1;0,3883;0,4086;0,2032
35106;2020-02-01;T19-20;I1;Bologna;Brescia;2;1;1;1;0,3847;0,4289;0,1864
35107;2020-02-01;T19-20;I1;Cagliari;Parma;2;2;0;1;0,3888;0,4142;0,197
35108;2020-02-01;T19-20;I1;Sassuolo;Roma;4;2;1;1;0,3857;0,3979;0,2164
57635;2020-02-01;T19-20;SP2;Ponferradina;Huesca;3;1;1;1;0,388;0,4075;0,2045
45209;2020-02-01;T19-20;SP1;Mallorca;Valladolid;0;1;2;1;0,3887;0,411;0,2003
45210;2020-02-01;T19-20;SP1;Valencia;Celta;1;0;1;1;0,3884;0,4207;0,1909
57633;2020-02-01;T19-20;SP2;Extremadura;Lugo;1;0;1;1;0,3888;0,4144;0,1968
57634;2020-02-01;T19-20;SP2;La Coruna;Las Palmas;2;1;1;1;0,3887;0,4121;0,1992
57636;2020-02-01;T19-20;SP2;Elche;Malaga;2;0;1;1;0,3879;0,4081;0,2039
26609;2020-02-01;T19-20;F1;Angers;Reims;1;4;2;1;0,3886;0,4109;0,2004
45208;2020-02-01;T19-20;SP1;Real Madrid;Ath Madrid;1;0;1;1;0,3888;0,4151;0,1961
26608;2020-02-01;T19-20;F1;Amiens;Toulouse;0;0;0;1;0,3887;0,4131;0,1981
45207;2020-02-01;T19-20;SP1;Granada;Espanol;2;1;1;1;0,3884;0,4106;0,2011
16017;2020-02-01;T19-20;E0;Man United;Wolves;0;0;0;1;0,3888;0,4149;0,1963
5986;2020-02-01;T19-20;D1;Augsburg;Werder Bremen;2;1;1;1;0,3887;0,4126;0,1987
5988;2020-02-01;T19-20;D1;Fortuna Dusseldorf;Ein Frankfurt;1;1;0;1;0,3877;0,4065;0,2057
5989;2020-02-01;T19-20;D1;Hoffenheim;Leverkusen;2;1;1;1;0,3877;0,4058;0,2065
5990;2020-02-01;T19-20;D1;Mainz;Bayern Munich;1;3;2;1;0,3838;0,3913;0,2249
5991;2020-02-01;T19-20;D1;RB Leipzig;M'gladbach;2;2;0;1;0,3862;0,4258;0,188
16010;2020-02-01;T19-20;E0;Leicester;Chelsea;2;2;0;1;0,3882;0,4082;0,2036
5987;2020-02-01;T19-20;D1;Dortmund;Union Berlin;5;0;1;1;0,3817;0,4351;0,1831
16011;2020-02-01;T19-20;E0;Bournemouth;Aston Villa;2;1;1;1;0,3888;0,4143;0,1969
16012;2020-02-01;T19-20;E0;Crystal Palace;Sheffield United;0;1;2;1;0,3884;0,4089;0,2028
16013;2020-02-01;T19-20;E0;Liverpool;Southampton;4;0;1;1;0,3796;0,4396;0,1808
16014;2020-02-01;T19-20;E0;Newcastle;Norwich;0;0;0;1;0,3888;0,4159;0,1952
16015;2020-02-01;T19-20;E0;Watford;Everton;2;3;2;1;0,3881;0,4075;0,2044
16016;2020-02-01;T19-20;E0;West Ham;Brighton;3;3;0;1;0,3887;0,4134;0,1979
26607;2020-02-01;T19-20;F1;Paris SG;Montpellier;5;0;1;1;0,3824;0,4339;0,1838
45213;2020-02-02;T19-20;SP1;Ath Bilbao;Getafe;0;2;2;1;0,3886;0,4123;0,1991
45214;2020-02-02;T19-20;SP1;Sevilla;Alaves;1;1;0;1;0,3855;0,4274;0,1872
45215;2020-02-02;T19-20;SP1;Villarreal;Osasuna;3;1;1;1;0,3879;0,4222;0,1899
45216;2020-02-02;T19-20;SP1;Barcelona;Levante;2;1;1;1;0,3799;0,439;0,1811
57637;2020-02-02;T19-20;SP2;Fuenlabrada;Girona;0;1;2;1;0,3882;0,4096;0,2022
57640;2020-02-02;T19-20;SP2;Numancia;Almeria;1;1;0;1;0,3883;0,4102;0,2015
57639;2020-02-02;T19-20;SP2;Mirandes;Vallecano;0;0;0;1;0,3881;0,4095;0,2024
57641;2020-02-02;T19-20;SP2;Oviedo;Albacete;3;1;1;1;0,3885;0,4112;0,2003
57642;2020-02-02;T19-20;SP2;Santander;Alcorcon;1;1;0;1;0,3879;0,4076;0,2045
45212;2020-02-02;T19-20;SP1;Eibar;Betis;1;1;0;1;0,3884;0,4103;0,2013
57638;2020-02-02;T19-20;SP2;Cadiz;Zaragoza;1;1;0;1;0,3887;0,4123;0,199
45211;2020-02-02;T19-20;SP1;Leganes;Sociedad;2;1;1;1;0,3876;0,4051;0,2073
35110;2020-02-02;T19-20;I1;Atalanta;Genoa;2;2;0;1;0,3788;0,4411;0,18
35113;2020-02-02;T19-20;I1;Lecce;Torino;4;0;1;1;0,3881;0,4085;0,2034
5992;2020-02-02;T19-20;D1;FC Koln;Freiburg;4;0;1;1;0,3886;0,4115;0,1999
5993;2020-02-02;T19-20;D1;Paderborn;Wolfsburg;2;4;2;1;0,3879;0,4057;0,2064
35114;2020-02-02;T19-20;I1;Udinese;Inter;0;2;2;1;0,3854;0,3968;0,2179
16019;2020-02-02;T19-20;E0;Tottenham;Man City;2;0;1;1;0,3847;0,3942;0,2212
26613;2020-02-02;T19-20;F1;Nice;Lyon;2;1;1;1;0,3877;0,4063;0,206
16018;2020-02-02;T19-20;E0;Burnley;Arsenal;0;0;0;1;0,3874;0,4046;0,208
26615;2020-02-02;T19-20;F1;Bordeaux;Marseille;0;0;0;1;0,3875;0,4049;0,2075
35109;2020-02-02;T19-20;I1;Juventus;Fiorentina;3;0;1;1;0,3834;0,4318;0,1848
35111;2020-02-02;T19-20;I1;Lazio;Spal;5;1;1;1;0,3818;0,4351;0,1831
35112;2020-02-02;T19-20;I1;Milan;Verona;1;1;0;1;0,3886;0,4205;0,1908
26614;2020-02-02;T19-20;F1;Metz;St Etienne;3;1;1;1;0,388;0,4069;0,2051
35115;2020-02-03;T19-20;I1;Sampdoria;Napoli;2;4;2;1;0,3869;0,4024;0,2108
26616;2020-02-04;T19-20;F1;Lille;Rennes;1;0;1;1;0,3888;0,4138;0,1975
26617;2020-02-04;T19-20;F1;Monaco;Angers;1;0;1;1;0,3888;0,4154;0,1958
26618;2020-02-04;T19-20;F1;Nantes;Paris SG;1;2;2;1;0,3839;0,3915;0,2246
26624;2020-02-05;T19-20;F1;Toulouse;Strasbourg;0;1;2;1;0,3881;0,4076;0,2043
35116;2020-02-05;T19-20;I1;Lazio;Verona;0;0;0;1;0,3839;0,4305;0,1855
26625;2020-02-05;T19-20;F1;St Etienne;Marseille;0;2;2;1;0,3879;0,4077;0,2044
26623;2020-02-05;T19-20;F1;Reims;Nice;1;1;0;1;0,3886;0,4103;0,2011
26621;2020-02-05;T19-20;F1;Montpellier;Metz;1;1;0;1;0,3887;0,4197;0,1915
26622;2020-02-05;T19-20;F1;Nimes;Dijon;2;0;1;1;0,3889;0,4177;0,1933
26620;2020-02-05;T19-20;F1;Lyon;Amiens;0;0;0;1;0,3811;0,4365;0,1824
26619;2020-02-05;T19-20;F1;Brest;Bordeaux;1;1;0;1;0,3888;0,4146;0,1966
5994;2020-02-07;T19-20;D1;Ein Frankfurt;Augsburg;5;0;1;1;0,387;0,4241;0,1888
26626;2020-02-07;T19-20;F1;Angers;Lille;0;2;2;1;0,3886;0,4111;0,2004
35117;2020-02-07;T19-20;I1;Roma;Bologna;2;3;2;1;0,3872;0,4237;0,1891
45217;2020-02-07;T19-20;SP1;Alaves;Eibar;2;1;1;1;0,3879;0,408;0,2041
57643;2020-02-07;T19-20;SP2;Almeria;Santander;0;1;2;1;0,3873;0,4234;0,1893
35119;2020-02-08;T19-20;I1;Torino;Sampdoria;1;3;2;1;0,3888;0,4139;0,1974
35120;2020-02-08;T19-20;I1;Verona;Juventus;2;1;1;1;0,3857;0,3978;0,2165
45218;2020-02-08;T19-20;SP1;Levante;Leganes;2;0;1;1;0,3889;0,417;0,1941
45219;2020-02-08;T19-20;SP1;Getafe;Valencia;3;0;1;1;0,3884;0,4111;0,2005
45220;2020-02-08;T19-20;SP1;Valladolid;Villarreal;1;1;0;1;0,3871;0,4035;0,2094
26632;2020-02-08;T19-20;F1;Rennes;Brest;0;0;0;1;0,3889;0,4162;0,195
57644;2020-02-08;T19-20;SP2;Extremadura;Tenerife;2;4;2;1;0,3884;0,4109;0,2007
57645;2020-02-08;T19-20;SP2;Girona;Huesca;1;0;1;1;0,3886;0,4114;0,2
35118;2020-02-08;T19-20;I1;Fiorentina;Atalanta;1;2;2;1;0,3857;0,3978;0,2165
57647;2020-02-08;T19-20;SP2;Zaragoza;Fuenlabrada;0;0;0;1;0,3888;0,415;0,1962
45221;2020-02-08;T19-20;SP1;Ath Madrid;Granada;1;0;1;1;0,3838;0,4309;0,1853
57646;2020-02-08;T19-20;SP2;Las Palmas;Cadiz;1;2;2;1;0,3874;0,4045;0,2081
26629;2020-02-08;T19-20;F1;Dijon;Nantes;3;3;0;1;0,3885;0,4102;0,2013
26630;2020-02-08;T19-20;F1;Metz;Bordeaux;1;2;2;1;0,3887;0,4113;0,2
26628;2020-02-08;T19-20;F1;Amiens;Monaco;1;2;2;1;0,3873;0,4039;0,2089
26627;2020-02-08;T19-20;F1;Marseille;Toulouse;1;0;1;1;0,3827;0,4331;0,1842
16021;2020-02-08;T19-20;E0;Brighton;Watford;1;1;0;1;0,3888;0,4148;0,1964
16020;2020-02-08;T19-20;E0;Everton;Crystal Palace;3;1;1;1;0,3886;0,419;0,1924
6000;2020-02-08;T19-20;D1;Leverkusen;Dortmund;4;3;1;1;0,3885;0,4108;0,2007
5999;2020-02-08;T19-20;D1;Wolfsburg;Fortuna Dusseldorf;1;1;0;1;0,3849;0,4286;0,1865
5998;2020-02-08;T19-20;D1;Werder Bremen;Union Berlin;0;2;2;1;0,3888;0,4195;0,1917
5997;2020-02-08;T19-20;D1;Schalke 04;Paderborn;1;1;0;1;0,3869;0,4243;0,1888
5996;2020-02-08;T19-20;D1;Hertha;Mainz;1;3;2;1;0,3886;0,4104;0,201
5995;2020-02-08;T19-20;D1;Freiburg;Hoffenheim;1;0;1;1;0,3882;0,4081;0,2037
26631;2020-02-08;T19-20;F1;Nice;Nimes;1;3;2;1;0,3888;0,4161;0,1951
45225;2020-02-09;T19-20;SP1;Celta;Sevilla;2;1;1;1;0,3876;0,4056;0,2068
45224;2020-02-09;T19-20;SP1;Osasuna;Real Madrid;1;4;2;1;0,3867;0,4017;0,2116
57653;2020-02-09;T19-20;SP2;Malaga;Numancia;2;1;1;1;0,3887;0,4132;0,1981
45226;2020-02-09;T19-20;SP1;Betis;Barcelona;2;3;2;1;0,3864;0,4004;0,2132
45223;2020-02-09;T19-20;SP1;Sociedad;Ath Bilbao;2;1;1;1;0,3887;0,4124;0,1988
57649;2020-02-09;T19-20;SP2;Alcorcon;La Coruna;0;1;2;1;0,3888;0,4141;0,1972
57650;2020-02-09;T19-20;SP2;Sp Gijon;Mirandes;2;2;0;1;0,3888;0,4156;0,1956
57651;2020-02-09;T19-20;SP2;Lugo;Elche;2;2;0;1;0,3878;0,4073;0,2049
57652;2020-02-09;T19-20;SP2;Vallecano;Oviedo;1;1;0;1;0,3888;0,4159;0,1953
57648;2020-02-09;T19-20;SP2;Albacete;Ponferradina;1;1;0;1;0,3888;0,4137;0,1975
45222;2020-02-09;T19-20;SP1;Espanol;Mallorca;1;0;1;1;0,3885;0,4209;0,1906
35123;2020-02-09;T19-20;I1;Genoa;Cagliari;1;0;1;1;0,3887;0,4129;0,1984
35125;2020-02-09;T19-20;I1;Parma;Lazio;0;1;2;1;0,3869;0,4025;0,2105
35124;2020-02-09;T19-20;I1;Napoli;Lecce;2;3;2;1;0,3819;0,4347;0,1834
35122;2020-02-09;T19-20;I1;Brescia;Udinese;1;1;0;1;0,3883;0,4092;0,2025
35121;2020-02-09;T19-20;I1;Spal;Sassuolo;1;2;2;1;0,3886;0,4111;0,2003
26635;2020-02-09;T19-20;F1;Paris SG;Lyon;4;2;1;1;0,3845;0,4296;0,186
26634;2020-02-09;T19-20;F1;Strasbourg;Reims;3;0;1;1;0,3886;0,4112;0,2002
26633;2020-02-09;T19-20;F1;Montpellier;St Etienne;1;0;1;1;0,3887;0,4133;0,198
16022;2020-02-09;T19-20;E0;Sheffield United;Bournemouth;2;1;1;1;0,3888;0,4157;0,1954
6001;2020-02-09;T19-20;D1;Bayern Munich;RB Leipzig;0;0;0;1;0,3867;0,4249;0,1884
35126;2020-02-09;T19-20;I1;Inter;Milan;4;2;1;1;0,3888;0,4151;0,1962
57654;2020-02-14;T19-20;SP2;La Coruna;Girona;2;2;0;1;0,3887;0,4121;0,1992
26636;2020-02-14;T19-20;F1;Monaco;Montpellier;1;0;1;1;0,3888;0,4144;0,1968
45227;2020-02-14;T19-20;SP1;Valencia;Ath Madrid;2;2;0;1;0,3881;0,408;0,2039
6002;2020-02-14;T19-20;D1;Dortmund;Ein Frankfurt;4;0;1;1;0,3879;0,4223;0,1898
16023;2020-02-14;T19-20;E0;Wolves;Leicester;0;0;0;1;0,3882;0,4079;0,204
35127;2020-02-15;T19-20;I1;Lecce;Spal;2;1;1;1;0,3888;0,4154;0,1958
57658;2020-02-15;T19-20;SP2;Elche;Zaragoza;1;2;2;1;0,3883;0,4103;0,2014
57657;2020-02-15;T19-20;SP2;Oviedo;Alcorcon;1;2;2;1;0,3887;0,4126;0,1987
57656;2020-02-15;T19-20;SP2;Numancia;Las Palmas;1;1;0;1;0,3885;0,4101;0,2014
57655;2020-02-15;T19-20;SP2;Huesca;Almeria;3;2;1;1;0,3881;0,4097;0,2022
45231;2020-02-15;T19-20;SP1;Granada;Valladolid;2;1;1;1;0,3884;0,4095;0,2021
45230;2020-02-15;T19-20;SP1;Villarreal;Levante;2;1;1;1;0,3881;0,4219;0,1901
45229;2020-02-15;T19-20;SP1;Barcelona;Getafe;2;1;1;1;0,3829;0,4328;0,1843
45228;2020-02-15;T19-20;SP1;Mallorca;Alaves;1;0;1;1;0,3887;0,4122;0,1991
35129;2020-02-15;T19-20;I1;Atalanta;Roma;2;1;1;1;0,3883;0,4122;0,1995
35128;2020-02-15;T19-20;I1;Bologna;Genoa;0;3;2;1;0,3868;0,4245;0,1887
26641;2020-02-15;T19-20;F1;Toulouse;Nice;0;2;2;1;0,3879;0,4066;0,2055
26639;2020-02-15;T19-20;F1;Nantes;Metz;0;0;0;1;0,3889;0,4167;0,1944
26638;2020-02-15;T19-20;F1;Bordeaux;Dijon;2;2;0;1;0,3888;0,4143;0,1969
26637;2020-02-15;T19-20;F1;Amiens;Paris SG;4;4;0;1;0,3829;0,3884;0,2286
16025;2020-02-15;T19-20;E0;Norwich;Liverpool;0;1;2;1;0,3839;0,3917;0,2244
16024;2020-02-15;T19-20;E0;Southampton;Burnley;1;2;2;1;0,3888;0,4187;0,1924
6008;2020-02-15;T19-20;D1;Fortuna Dusseldorf;M'gladbach;1;4;2;1;0,387;0,4028;0,2103
6007;2020-02-15;T19-20;D1;Union Berlin;Leverkusen;2;3;2;1;0,3865;0,401;0,2125
6006;2020-02-15;T19-20;D1;RB Leipzig;Werder Bremen;3;0;1;1;0,3801;0,4385;0,1814
6005;2020-02-15;T19-20;D1;Paderborn;Hertha;1;2;2;1;0,3888;0,4143;0,197
6004;2020-02-15;T19-20;D1;Hoffenheim;Wolfsburg;2;3;2;1;0,3887;0,4132;0,198
6003;2020-02-15;T19-20;D1;Augsburg;Freiburg;1;1;0;1;0,3887;0,4134;0,1979
26640;2020-02-15;T19-20;F1;Nimes;Angers;1;0;1;1;0,3888;0,4137;0,1975
35135;2020-02-16;T19-20;I1;Lazio;Inter;2;1;1;1;0,3883;0,4097;0,202
45232;2020-02-16;T19-20;SP1;Sevilla;Espanol;2;2;0;1;0,3876;0,4229;0,1895
45233;2020-02-16;T19-20;SP1;Leganes;Betis;0;0;0;1;0,3886;0,4111;0,2003
45234;2020-02-16;T19-20;SP1;Ath Bilbao;Osasuna;0;1;2;1;0,3888;0,4148;0,1964
45235;2020-02-16;T19-20;SP1;Real Madrid;Celta;2;2;0;1;0,382;0,4346;0,1834
57663;2020-02-16;T19-20;SP2;Santander;Sp Gijon;0;2;2;1;0,388;0,407;0,205
57660;2020-02-16;T19-20;SP2;Mirandes;Albacete;1;1;0;1;0,3887;0,4128;0,1985
57664;2020-02-16;T19-20;SP2;Tenerife;Vallecano;0;0;0;1;0,388;0,4085;0,2036
57661;2020-02-16;T19-20;SP2;Cadiz;Malaga;0;1;2;1;0,3888;0,4143;0,1969
57662;2020-02-16;T19-20;SP2;Ponferradina;Extremadura;0;0;0;1;0,3888;0,414;0,1973
57659;2020-02-16;T19-20;SP2;Fuenlabrada;Lugo;0;1;2;1;0,3887;0,414;0,1973
35134;2020-02-16;T19-20;I1;Cagliari;Napoli;0;1;2;1;0,3864;0,4004;0,2132
16027;2020-02-16;T19-20;E0;Arsenal;Newcastle;4;0;1;1;0,3889;0,4171;0,1939
35132;2020-02-16;T19-20;I1;Sampdoria;Fiorentina;1;5;2;1;0,3887;0,4123;0,1991
35131;2020-02-16;T19-20;I1;Juventus;Brescia;2;0;1;1;0,3781;0,4426;0,1793
35130;2020-02-16;T19-20;I1;Udinese;Verona;0;0;0;1;0,3887;0,4126;0,1987
26645;2020-02-16;T19-20;F1;Lille;Marseille;1;2;2;1;0,3886;0,4116;0,1998
26644;2020-02-16;T19-20;F1;Reims;Rennes;1;0;1;1;0,3884;0,4101;0,2015
26643;2020-02-16;T19-20;F1;Brest;St Etienne;3;2;1;1;0,3887;0,4117;0,1996
26642;2020-02-16;T19-20;F1;Lyon;Strasbourg;1;1;0;1;0,3879;0,4223;0,1898
16026;2020-02-16;T19-20;E0;Aston Villa;Tottenham;2;3;2;1;0,3875;0,4047;0,2079
6010;2020-02-16;T19-20;D1;Mainz;Schalke 04;0;0;0;1;0,3886;0,4107;0,2007
6009;2020-02-16;T19-20;D1;FC Koln;Bayern Munich;1;4;2;1;0,384;0,3919;0,2241
35133;2020-02-16;T19-20;I1;Sassuolo;Parma;0;1;2;1;0,3889;0,4166;0,1945
35136;2020-02-17;T19-20;I1;Milan;Torino;1;0;1;1;0,3873;0,4235;0,1892
57665;2020-02-19;T19-20;SP2;Mirandes;Zaragoza;1;1;0;1;0,3881;0,4086;0,2033
57666;2020-02-21;T19-20;SP2;Sp Gijon;Cadiz;1;0;1;1;0,388;0,4088;0,2032
45236;2020-02-21;T19-20;SP1;Betis;Mallorca;3;3;0;1;0,3889;0,4167;0,1944
35137;2020-02-21;T19-20;I1;Brescia;Napoli;1;2;2;1;0,3851;0,3959;0,219
26646;2020-02-21;T19-20;F1;Nice;Brest;2;2;0;1;0,3889;0,417;0,1941
6011;2020-02-21;T19-20;D1;Bayern Munich;Paderborn;3;2;1;1;0,3709;0,4572;0,172
26647;2020-02-21;T19-20;F1;Metz;Lyon;0;2;2;1;0,3862;0,3999;0,2139
35138;2020-02-22;T19-20;I1;Bologna;Udinese;1;1;0;1;0,3888;0,4155;0,1957
35139;2020-02-22;T19-20;I1;Spal;Juventus;1;2;2;1;0,3849;0,395;0,2201
35140;2020-02-22;T19-20;I1;Fiorentina;Milan;1;1;0;1;0,388;0,4074;0,2046
45237;2020-02-22;T19-20;SP1;Celta;Leganes;1;0;1;1;0,3889;0,4186;0,1925
45238;2020-02-22;T19-20;SP1;Barcelona;Eibar;5;0;1;1;0,3805;0,4377;0,1818
45239;2020-02-22;T19-20;SP1;Sociedad;Valencia;3;0;1;1;0,3888;0,4143;0,197
45240;2020-02-22;T19-20;SP1;Levante;Real Madrid;1;0;1;1;0,3858;0,3984;0,2157
57668;2020-02-22;T19-20;SP2;Almeria;Fuenlabrada;0;0;0;1;0,3887;0,4143;0,1971
57669;2020-02-22;T19-20;SP2;Girona;Ponferradina;2;0;1;1;0,3889;0,4176;0,1934
57670;2020-02-22;T19-20;SP2;Tenerife;Elche;1;0;1;1;0,3888;0,4144;0,1969
57671;2020-02-22;T19-20;SP2;Albacete;Numancia;2;1;1;1;0,3886;0,4116;0,1998
26652;2020-02-22;T19-20;F1;Strasbourg;Amiens;0;0;0;1;0,3878;0,4225;0,1897
57667;2020-02-22;T19-20;SP2;Alcorcon;Las Palmas;1;1;0;1;0,3885;0,4116;0,2
26651;2020-02-22;T19-20;F1;Lille;Toulouse;3;0;1;1;0,3842;0,4301;0,1857
6013;2020-02-22;T19-20;D1;Hertha;FC Koln;0;5;2;1;0,3887;0,4125;0,1988
26649;2020-02-22;T19-20;F1;Angers;Montpellier;1;0;1;1;0,3884;0,4102;0,2014
6012;2020-02-22;T19-20;D1;Freiburg;Fortuna Dusseldorf;0;2;2;1;0,389;0,4182;0,1929
6014;2020-02-22;T19-20;D1;M'gladbach;Hoffenheim;1;1;0;1;0,3887;0,4128;0,1985
6015;2020-02-22;T19-20;D1;Werder Bremen;Dortmund;0;2;2;1;0,3865;0,4008;0,2127
6016;2020-02-22;T19-20;D1;Schalke 04;RB Leipzig;0;5;2;1;0,3862;0,4;0,2138
16030;2020-02-22;T19-20;E0;Chelsea;Tottenham;2;1;1;1;0,3887;0,413;0,1983
26650;2020-02-22;T19-20;F1;Dijon;Monaco;1;1;0;1;0,3879;0,4074;0,2047
16032;2020-02-22;T19-20;E0;Crystal Palace;Newcastle;1;0;1;1;0,3889;0,4162;0,195
16033;2020-02-22;T19-20;E0;Sheffield United;Brighton;1;1;0;1;0,3889;0,4172;0,1939
16034;2020-02-22;T19-20;E0;Southampton;Aston Villa;2;0;1;1;0,3887;0,4123;0,199
16035;2020-02-22;T19-20;E0;Leicester;Man City;0;1;2;1;0,3849;0,3949;0,2203
26648;2020-02-22;T19-20;F1;Marseille;Nantes;1;3;2;1;0,3889;0,4171;0,194
16031;2020-02-22;T19-20;E0;Burnley;Bournemouth;3;0;1;1;0,3888;0,4137;0,1975
45242;2020-02-23;T19-20;SP1;Alaves;Ath Bilbao;2;1;1;1;0,3879;0,4074;0,2048
57676;2020-02-23;T19-20;SP2;Vallecano;Huesca;2;0;1;1;0,3881;0,4093;0,2026
57675;2020-02-23;T19-20;SP2;Malaga;Santander;2;0;1;1;0,3883;0,4213;0,1904
57674;2020-02-23;T19-20;SP2;Extremadura;Mirandes;3;2;1;1;0,3888;0,4156;0,1956
57673;2020-02-23;T19-20;SP2;Zaragoza;La Coruna;3;1;1;1;0,3887;0,4204;0,191
57672;2020-02-23;T19-20;SP2;Lugo;Oviedo;1;0;1;1;0,3884;0,4098;0,2018
45245;2020-02-23;T19-20;SP1;Ath Madrid;Villarreal;3;1;1;1;0,3888;0,4138;0,1975
45244;2020-02-23;T19-20;SP1;Getafe;Sevilla;0;3;2;1;0,3879;0,4082;0,2039
45243;2020-02-23;T19-20;SP1;Valladolid;Espanol;2;1;1;1;0,3878;0,4071;0,2051
45241;2020-02-23;T19-20;SP1;Osasuna;Granada;0;3;2;1;0,3884;0,4209;0,1907
26653;2020-02-23;T19-20;F1;St Etienne;Reims;1;1;0;1;0,3887;0,4131;0,1981
35141;2020-02-23;T19-20;I1;Genoa;Lazio;2;3;2;1;0,387;0,403;0,21
26655;2020-02-23;T19-20;F1;Paris SG;Bordeaux;4;3;1;1;0,377;0,4449;0,1781
26654;2020-02-23;T19-20;F1;Rennes;Nimes;2;1;1;1;0,3887;0,4136;0,1977
16038;2020-02-23;T19-20;E0;Arsenal;Everton;3;2;1;1;0,3888;0,4136;0,1976
16037;2020-02-23;T19-20;E0;Wolves;Norwich;3;0;1;1;0,3881;0,4218;0,1901
16036;2020-02-23;T19-20;E0;Man United;Watford;3;0;1;1;0,3874;0,4232;0,1894
6018;2020-02-23;T19-20;D1;Wolfsburg;Mainz;4;0;1;1;0,3888;0,416;0,1952
6017;2020-02-23;T19-20;D1;Leverkusen;Augsburg;2;0;1;1;0,3847;0,4291;0,1863
35142;2020-02-23;T19-20;I1;Roma;Lecce;4;0;1;1;0,3852;0,4279;0,1869
6019;2020-02-24;T19-20;D1;Ein Frankfurt;Union Berlin;1;2;2;1;0,388;0,422;0,19
16039;2020-02-24;T19-20;E0;Liverpool;West Ham;3;2;1;1;0,3775;0,4439;0,1786
57677;2020-02-28;T19-20;SP2;Las Palmas;Malaga;1;1;0;1;0,3878;0,4069;0,2054
45246;2020-02-28;T19-20;SP1;Sociedad;Valladolid;1;0;1;1;0,3889;0,4167;0,1944
26656;2020-02-28;T19-20;F1;Nimes;Marseille;2;3;2;1;0,388;0,4083;0,2037
16040;2020-02-28;T19-20;E0;Norwich;Leicester;1;0;1;1;0,3865;0,4009;0,2126
6020;2020-02-28;T19-20;D1;Fortuna Dusseldorf;Hertha;3;3;0;1;0,3888;0,4145;0,1967
57682;2020-02-29;T19-20;SP2;Santander;Zaragoza;2;2;0;1;0,3873;0,4039;0,2089
57681;2020-02-29;T19-20;SP2;Albacete;Vallecano;1;1;0;1;0,3877;0,4068;0,2055
57680;2020-02-29;T19-20;SP2;Cadiz;Almeria;2;1;1;1;0,3887;0,4137;0,1976
57679;2020-02-29;T19-20;SP2;Ponferradina;Sp Gijon;1;0;1;1;0,3878;0,4068;0,2054
57678;2020-02-29;T19-20;SP2;Huesca;Extremadura;2;2;0;1;0,3889;0,4177;0,1934
45250;2020-02-29;T19-20;SP1;Granada;Celta;0;0;0;1;0,3888;0,4149;0,1963
45249;2020-02-29;T19-20;SP1;Leganes;Alaves;1;1;0;1;0,3887;0,4136;0,1976
45248;2020-02-29;T19-20;SP1;Valencia;Betis;2;1;1;1;0,3888;0,4152;0,196
45247;2020-02-29;T19-20;SP1;Eibar;Levante;3;0;1;1;0,3886;0,4125;0,1989
35144;2020-02-29;T19-20;I1;Napoli;Torino;2;1;1;1;0,3864;0,4254;0,1882
26662;2020-02-29;T19-20;F1;Toulouse;Rennes;0;2;2;1;0,3875;0,4049;0,2076
26661;2020-02-29;T19-20;F1;Montpellier;Strasbourg;3;0;1;1;0,3887;0,4127;0,1985
26660;2020-02-29;T19-20;F1;Monaco;Reims;1;1;0;1;0,3889;0,4171;0,194
35143;2020-02-29;T19-20;I1;Lazio;Bologna;2;0;1;1;0,3843;0,4298;0,1859
26658;2020-02-29;T19-20;F1;Amiens;Metz;0;1;2;1;0,3887;0,4124;0,1989
6021;2020-02-29;T19-20;D1;Augsburg;M'gladbach;2;3;2;1;0,387;0,4027;0,2104
6022;2020-02-29;T19-20;D1;Dortmund;Freiburg;1;0;1;1;0,3819;0,4349;0,1832
26659;2020-02-29;T19-20;F1;Brest;Angers;0;1;2;1;0,3887;0,413;0,1982
6024;2020-02-29;T19-20;D1;Mainz;Paderborn;2;0;1;1;0,3889;0,4189;0,1922
6025;2020-02-29;T19-20;D1;FC Koln;Schalke 04;3;0;1;1;0,3887;0,4137;0,1976
16041;2020-02-29;T19-20;E0;Brighton;Crystal Palace;0;1;2;1;0,3886;0,4092;0,2022
6023;2020-02-29;T19-20;D1;Hoffenheim;Bayern Munich;0;6;2;1;0,3849;0,3949;0,2202
16043;2020-02-29;T19-20;E0;Newcastle;Burnley;0;0;0;1;0,3887;0,412;0,1993
16044;2020-02-29;T19-20;E0;West Ham;Southampton;3;1;1;1;0,3882;0,408;0,2037
16045;2020-02-29;T19-20;E0;Watford;Liverpool;3;0;1;1;0,3837;0,3909;0,2254
26657;2020-02-29;T19-20;F1;Paris SG;Dijon;4;0;1;1;0,376;0,4469;0,1771
16042;2020-02-29;T19-20;E0;Bournemouth;Chelsea;2;2;0;1;0,3864;0,4004;0,2132
45252;2020-03-01;T19-20;SP1;Ath Bilbao;Villarreal;1;0;1;1;0,3882;0,4096;0,2022
57686;2020-03-01;T19-20;SP2;Fuenlabrada;Alcorcon;3;4;2;1;0,3882;0,4095;0,2023
57685;2020-03-01;T19-20;SP2;La Coruna;Lugo;0;0;0;1;0,3889;0,4171;0,194
57684;2020-03-01;T19-20;SP2;Elche;Numancia;2;0;1;1;0,3884;0,4105;0,2012
57683;2020-03-01;T19-20;SP2;Mirandes;Girona;1;1;0;1;0,3883;0,4086;0,2031
45255;2020-03-01;T19-20;SP1;Real Madrid;Barcelona;2;0;1;1;0,3885;0,4105;0,2009
57687;2020-03-01;T19-20;SP2;Oviedo;Tenerife;1;0;1;1;0,3882;0,4095;0,2023
45253;2020-03-01;T19-20;SP1;Espanol;Ath Madrid;1;1;0;1;0,3871;0,4031;0,2098
45251;2020-03-01;T19-20;SP1;Sevilla;Osasuna;3;2;1;1;0,3869;0,4243;0,1888
45254;2020-03-01;T19-20;SP1;Mallorca;Getafe;0;1;2;1;0,3881;0,4088;0,2032
35145;2020-03-01;T19-20;I1;Lecce;Atalanta;2;7;2;1;0,386;0,3992;0,2148
26665;2020-03-01;T19-20;F1;Lyon;St Etienne;2;0;1;1;0,3888;0,4184;0,1928
26664;2020-03-01;T19-20;F1;Bordeaux;Nice;1;1;0;1;0,3884;0,4102;0,2014
26663;2020-03-01;T19-20;F1;Nantes;Lille;0;1;2;1;0,3887;0,412;0,1993
16047;2020-03-01;T19-20;E0;Tottenham;Wolves;2;3;2;1;0,3887;0,4133;0,198
16046;2020-03-01;T19-20;E0;Everton;Man United;1;1;0;1;0,3885;0,4098;0,2018
6027;2020-03-01;T19-20;D1;RB Leipzig;Leverkusen;1;1;0;1;0,3887;0,4139;0,1973
6026;2020-03-01;T19-20;D1;Union Berlin;Wolfsburg;2;2;0;1;0,3882;0,4084;0,2034
35146;2020-03-01;T19-20;I1;Cagliari;Roma;3;4;2;1;0,3863;0,4003;0,2133
45256;2020-03-06;T19-20;SP1;Alaves;Valencia;1;1;0;1;0,3879;0,4077;0,2044
57688;2020-03-06;T19-20;SP2;Lugo;Cadiz;1;1;0;1;0,3872;0,4037;0,2091
6028;2020-03-06;T19-20;D1;Paderborn;FC Koln;1;2;2;1;0,388;0,4066;0,2054
26666;2020-03-06;T19-20;F1;Marseille;Amiens;2;2;0;1;0,3828;0,4329;0,1843
26669;2020-03-07;T19-20;F1;Metz;Nimes;2;1;1;1;0,3885;0,4109;0,2006
57693;2020-03-07;T19-20;SP2;Almeria;La Coruna;4;0;1;1;0,3887;0,4139;0,1974
57692;2020-03-07;T19-20;SP2;Numancia;Santander;1;2;2;1;0,3888;0,4143;0,1969
57691;2020-03-07;T19-20;SP2;Huesca;Fuenlabrada;2;0;1;1;0,3888;0,416;0,1951
57690;2020-03-07;T19-20;SP2;Girona;Albacete;1;1;0;1;0,3884;0,4206;0,191
57689;2020-03-07;T19-20;SP2;Extremadura;Oviedo;1;2;2;1;0,3888;0,4149;0,1963
45260;2020-03-07;T19-20;SP1;Getafe;Celta;0;0;0;1;0,3884;0,4209;0,1907
45259;2020-03-07;T19-20;SP1;Barcelona;Sociedad;1;0;1;1;0,3856;0,4272;0,1873
45258;2020-03-07;T19-20;SP1;Ath Madrid;Sevilla;2;2;0;1;0,3885;0,4112;0,2003
45257;2020-03-07;T19-20;SP1;Eibar;Mallorca;1;2;2;1;0,389;0,4184;0,1926
26671;2020-03-07;T19-20;F1;Reims;Brest;1;0;1;1;0,3888;0,4139;0,1973
26670;2020-03-07;T19-20;F1;Nice;Monaco;2;1;1;1;0,3887;0,4131;0,1981
26668;2020-03-07;T19-20;F1;Dijon;Toulouse;2;1;1;1;0,3888;0,4157;0,1955
16053;2020-03-07;T19-20;E0;Wolves;Brighton;0;0;0;1;0,3889;0,4186;0,1925
16054;2020-03-07;T19-20;E0;Burnley;Tottenham;1;1;0;1;0,3869;0,4025;0,2106
6029;2020-03-07;T19-20;D1;Freiburg;Union Berlin;3;1;1;1;0,3888;0,4157;0,1955
6030;2020-03-07;T19-20;D1;Hertha;Werder Bremen;2;2;0;1;0,3888;0,4137;0,1976
26667;2020-03-07;T19-20;F1;Angers;Nantes;2;0;1;1;0,3888;0,4134;0,1979
6032;2020-03-07;T19-20;D1;Schalke 04;Hoffenheim;1;1;0;1;0,3883;0,4087;0,2029
6033;2020-03-07;T19-20;D1;Wolfsburg;RB Leipzig;0;0;0;1;0,3874;0,4044;0,2082
6034;2020-03-07;T19-20;D1;M'gladbach;Dortmund;1;2;2;1;0,3881;0,4078;0,2041
6031;2020-03-07;T19-20;D1;Leverkusen;Ein Frankfurt;4;0;1;1;0,3878;0,422;0,1902
16049;2020-03-07;T19-20;E0;Arsenal;West Ham;1;0;1;1;0,3877;0,4227;0,1896
16050;2020-03-07;T19-20;E0;Crystal Palace;Watford;1;0;1;1;0,3888;0,4155;0,1957
16051;2020-03-07;T19-20;E0;Sheffield United;Norwich;1;0;1;1;0,3866;0,425;0,1884
16052;2020-03-07;T19-20;E0;Southampton;Newcastle;0;1;2;1;0,3888;0,4155;0,1957
16048;2020-03-07;T19-20;E0;Liverpool;Bournemouth;2;1;1;1;0,3773;0,4443;0,1784
45263;2020-03-08;T19-20;SP1;Levante;Granada;1;1;0;1;0,3888;0,4157;0,1955
57697;2020-03-08;T19-20;SP2;Sp Gijon;Las Palmas;4;0;1;1;0,3884;0,4116;0,2
57698;2020-03-08;T19-20;SP2;Tenerife;Ponferradina;1;0;1;1;0,3888;0,4148;0,1964
57696;2020-03-08;T19-20;SP2;Alcorcon;Mirandes;1;2;2;1;0,389;0,4179;0,1931
57695;2020-03-08;T19-20;SP2;Malaga;Zaragoza;0;1;2;1;0,3886;0,4123;0,1991
57694;2020-03-08;T19-20;SP2;Vallecano;Elche;2;3;2;1;0,3889;0,4165;0,1947
45265;2020-03-08;T19-20;SP1;Betis;Real Madrid;2;1;1;1;0,3863;0,4002;0,2135
45264;2020-03-08;T19-20;SP1;Villarreal;Leganes;1;2;2;1;0,3876;0,4228;0,1896
45262;2020-03-08;T19-20;SP1;Valladolid;Ath Bilbao;1;4;2;1;0,3876;0,4055;0,2069
6036;2020-03-08;T19-20;D1;Mainz;Fortuna Dusseldorf;1;1;0;1;0,3885;0,4203;0,1912
35150;2020-03-08;T19-20;I1;Udinese;Fiorentina;0;0;0;1;0,388;0,4074;0,2046
6035;2020-03-08;T19-20;D1;Bayern Munich;Augsburg;2;0;1;1;0,3738;0,4514;0,1748
16055;2020-03-08;T19-20;E0;Chelsea;Everton;4;0;1;1;0,3888;0,415;0,1962
16056;2020-03-08;T19-20;E0;Man United;Man City;2;0;1;1;0,3849;0,3949;0,2202
45261;2020-03-08;T19-20;SP1;Osasuna;Espanol;1;0;1;1;0,3888;0,415;0,1962
26673;2020-03-08;T19-20;F1;Rennes;Montpellier;5;0;1;1;0,3887;0,4129;0,1984
26674;2020-03-08;T19-20;F1;Lille;Lyon;1;0;1;1;0,3881;0,4084;0,2035
35148;2020-03-08;T19-20;I1;Milan;Genoa;1;2;2;1;0,3875;0,4231;0,1894
26672;2020-03-08;T19-20;F1;St Etienne;Bordeaux;1;1;0;1;0,3886;0,4111;0,2003
45266;2020-03-10;T19-20;SP1;Eibar;Sociedad;1;2;2;1;0,3882;0,4083;0,2035
6037;2020-03-11;T19-20;D1;M'gladbach;FC Koln;2;1;1;1;0,3888;0,4157;0,1955
6056;2020-05-26;T19-20;D1;Dortmund;Bayern Munich;0;1;2;1;0,3864;0,4004;0,2133
6057;2020-05-26;T19-20;D1;Ein Frankfurt;Freiburg;3;3;0;1;0,3888;0,415;0,1962
6058;2020-05-26;T19-20;D1;Leverkusen;Wolfsburg;1;4;2;1;0,3831;0,4324;0,1845
6059;2020-05-26;T19-20;D1;Werder Bremen;M'gladbach;0;0;0;1;0,3877;0,4043;0,2081
6063;2020-05-27;T19-20;D1;Hoffenheim;FC Koln;3;1;1;1;0,3888;0,4134;0,1978
6064;2020-05-27;T19-20;D1;Union Berlin;Mainz;1;1;0;1;0,3887;0,4123;0,199
6061;2020-05-27;T19-20;D1;Augsburg;Paderborn;0;0;0;1;0,3889;0,4169;0,1942
6060;2020-05-27;T19-20;D1;RB Leipzig;Hertha;2;2;0;1;0,3826;0,4333;0,1841
6062;2020-05-27;T19-20;D1;Fortuna Dusseldorf;Schalke 04;2;1;1;1;0,3887;0,4115;0,1998
6065;2020-05-29;T19-20;D1;Freiburg;Leverkusen;0;1;2;1;0,3872;0,4035;0,2093
6066;2020-05-30;T19-20;D1;Hertha;Augsburg;2;0;1;1;0,3889;0,4169;0,1942
6067;2020-05-30;T19-20;D1;Mainz;Hoffenheim;0;1;2;1;0,3878;0,4058;0,2064
6068;2020-05-30;T19-20;D1;Schalke 04;Werder Bremen;0;1;2;1;0,3887;0,4133;0,198
6069;2020-05-30;T19-20;D1;Wolfsburg;Ein Frankfurt;1;2;2;1;0,3887;0,4127;0,1986
6070;2020-05-30;T19-20;D1;Bayern Munich;Fortuna Dusseldorf;5;0;1;1;0,3734;0,4523;0,1744
6071;2020-05-31;T19-20;D1;M'gladbach;Union Berlin;4;1;1;1;0,3836;0,4312;0,1851
6072;2020-05-31;T19-20;D1;Paderborn;Dortmund;1;6;2;1;0,3859;0,3985;0,2156
6073;2020-06-01;T19-20;D1;FC Koln;RB Leipzig;2;4;2;1;0,3861;0,3993;0,2146
6074;2020-06-03;T19-20;D1;Werder Bremen;Ein Frankfurt;0;3;2;1;0,3881;0,4081;0,2038
6075;2020-06-05;T19-20;D1;Freiburg;M'gladbach;1;0;1;1;0,3875;0,4044;0,2081
6080;2020-06-06;T19-20;D1;Dortmund;Hertha;1;0;1;1;0,3851;0,4281;0,1868
6079;2020-06-06;T19-20;D1;RB Leipzig;Paderborn;1;1;0;1;0,3759;0,4471;0,177
6076;2020-06-06;T19-20;D1;Ein Frankfurt;Mainz;0;2;2;1;0,3875;0,4231;0,1894
6077;2020-06-06;T19-20;D1;Fortuna Dusseldorf;Hoffenheim;2;2;0;1;0,3874;0,4043;0,2083
6078;2020-06-06;T19-20;D1;Leverkusen;Bayern Munich;2;4;2;1;0,3857;0,3977;0,2166
6081;2020-06-07;T19-20;D1;Werder Bremen;Wolfsburg;0;1;2;1;0,3879;0,4068;0,2053
6082;2020-06-07;T19-20;D1;Union Berlin;Schalke 04;1;1;0;1;0,3887;0,4127;0,1986
6083;2020-06-07;T19-20;D1;Augsburg;FC Koln;1;1;0;1;0,3885;0,4097;0,2017
6084;2020-06-12;T19-20;D1;Hoffenheim;RB Leipzig;0;2;2;1;0,387;0,4027;0,2104
6085;2020-06-13;T19-20;D1;FC Koln;Union Berlin;1;2;2;1;0,3888;0,4191;0,1921
6086;2020-06-13;T19-20;D1;Fortuna Dusseldorf;Dortmund;0;1;2;1;0,3858;0,3982;0,216
6087;2020-06-13;T19-20;D1;Hertha;Ein Frankfurt;1;4;2;1;0,3881;0,4093;0,2025
6088;2020-06-13;T19-20;D1;Paderborn;Werder Bremen;1;5;2;1;0,3887;0,412;0,1993
6089;2020-06-13;T19-20;D1;Wolfsburg;Freiburg;2;2;0;1;0,3889;0,4173;0,1938
6090;2020-06-13;T19-20;D1;Bayern Munich;M'gladbach;2;1;1;1;0,3831;0,4324;0,1845
6091;2020-06-14;T19-20;D1;Mainz;Augsburg;0;1;2;1;0,3888;0,4147;0,1965
6092;2020-06-14;T19-20;D1;Schalke 04;Leverkusen;1;1;0;1;0,387;0,403;0,21
6095;2020-06-16;T19-20;D1;Union Berlin;Paderborn;1;0;1;1;0,3886;0,4187;0,1926
6096;2020-06-16;T19-20;D1;Werder Bremen;Bayern Munich;0;1;2;1;0,3835;0,3904;0,2261
6093;2020-06-16;T19-20;D1;M'gladbach;Wolfsburg;3;0;1;1;0,3888;0,4141;0,1971
6094;2020-06-16;T19-20;D1;Freiburg;Hertha;2;1;1;1;0,3889;0,4174;0,1936
6097;2020-06-17;T19-20;D1;Ein Frankfurt;Schalke 04;2;1;1;1;0,3878;0,4225;0,1897
6098;2020-06-17;T19-20;D1;Augsburg;Hoffenheim;1;3;2;1;0,3879;0,4068;0,2052
6099;2020-06-17;T19-20;D1;Dortmund;Mainz;0;2;2;1;0,3812;0,4363;0,1825
6100;2020-06-17;T19-20;D1;Leverkusen;FC Koln;3;1;1;1;0,3864;0,4255;0,1882
6101;2020-06-17;T19-20;D1;RB Leipzig;Fortuna Dusseldorf;2;2;0;1;0,3796;0,4396;0,1808
57722;2020-06-19;T19-20;SP2;Elche;Girona;1;0;1;1;0,3879;0,4076;0,2045
45289;2020-06-19;T19-20;SP1;Sevilla;Barcelona;0;0;0;1;0,3867;0,4017;0,2116
45287;2020-06-19;T19-20;SP1;Granada;Villarreal;0;1;2;1;0,3884;0,41;0,2016
45288;2020-06-19;T19-20;SP1;Mallorca;Leganes;1;1;0;1;0,3888;0,415;0,1963
45290;2020-06-20;T19-20;SP1;Espanol;Levante;1;3;2;1;0,3887;0,4125;0,1988
57726;2020-06-20;T19-20;SP2;Malaga;Extremadura;1;1;0;1;0,3887;0,4126;0,1987
57725;2020-06-20;T19-20;SP2;Zaragoza;Almeria;0;2;2;1;0,3881;0,4219;0,19
57723;2020-06-20;T19-20;SP2;La Coruna;Vallecano;3;3;0;1;0,3879;0,4078;0,2043
45293;2020-06-20;T19-20;SP1;Ath Madrid;Valladolid;1;0;1;1;0,3841;0,4302;0,1857
45292;2020-06-20;T19-20;SP1;Getafe;Eibar;1;1;0;1;0,3888;0,4139;0,1973
45291;2020-06-20;T19-20;SP1;Ath Bilbao;Betis;1;0;1;1;0,3887;0,412;0,1993
6110;2020-06-20;T19-20;D1;Schalke 04;Wolfsburg;1;4;2;1;0,3878;0,4065;0,2057
57724;2020-06-20;T19-20;SP2;Las Palmas;Lugo;1;0;1;1;0,3887;0,4124;0,1989
6108;2020-06-20;T19-20;D1;Paderborn;M'gladbach;1;3;2;1;0,3866;0,4013;0,2121
6107;2020-06-20;T19-20;D1;Mainz;Werder Bremen;3;1;1;1;0,3888;0,4148;0,1964
6106;2020-06-20;T19-20;D1;Hoffenheim;Union Berlin;4;0;1;1;0,3888;0,4195;0,1917
6105;2020-06-20;T19-20;D1;Hertha;Leverkusen;2;0;1;1;0,387;0,4027;0,2103
6104;2020-06-20;T19-20;D1;Fortuna Dusseldorf;Augsburg;1;1;0;1;0,3887;0,4125;0,1988
6103;2020-06-20;T19-20;D1;FC Koln;Ein Frankfurt;1;1;0;1;0,3879;0,4076;0,2045
6102;2020-06-20;T19-20;D1;Bayern Munich;Freiburg;3;1;1;1;0,3771;0,4446;0,1782
6109;2020-06-20;T19-20;D1;RB Leipzig;Dortmund;0;2;2;1;0,3887;0,4134;0,1979
57731;2020-06-21;T19-20;SP2;Fuenlabrada;Numancia;2;0;1;1;0,3886;0,4117;0,1997
57730;2020-06-21;T19-20;SP2;Cadiz;Alcorcon;1;1;0;1;0,3889;0,417;0,1941
57729;2020-06-21;T19-20;SP2;Albacete;Huesca;2;2;0;1;0,3876;0,4052;0,2073
57728;2020-06-21;T19-20;SP2;Santander;Tenerife;1;2;2;1;0,3877;0,4062;0,2061
45296;2020-06-21;T19-20;SP1;Sociedad;Real Madrid;1;2;2;1;0,3859;0,3987;0,2154
45295;2020-06-21;T19-20;SP1;Valencia;Osasuna;2;0;1;1;0,3889;0,4168;0,1943
45294;2020-06-21;T19-20;SP1;Celta;Alaves;6;0;1;1;0,3886;0,4124;0,199
57727;2020-06-21;T19-20;SP2;Mirandes;Ponferradina;1;2;2;1;0,3889;0,4162;0,1949
45297;2020-06-22;T19-20;SP1;Villarreal;Sevilla;2;2;0;1;0,3885;0,4103;0,2012
45298;2020-06-22;T19-20;SP1;Leganes;Granada;0;0;0;1;0,3886;0,4116;0,1998
57732;2020-06-22;T19-20;SP2;Sp Gijon;Oviedo;0;1;2;1;0,3877;0,4228;0,1895
57735;2020-06-23;T19-20;SP2;Extremadura;Zaragoza;1;2;2;1;0,3877;0,4063;0,206
57733;2020-06-23;T19-20;SP2;Elche;La Coruna;0;1;2;1;0,3885;0,4113;0,2002
57734;2020-06-23;T19-20;SP2;Lugo;Malaga;0;0;0;1;0,3877;0,4059;0,2065
45300;2020-06-23;T19-20;SP1;Valladolid;Getafe;1;1;0;1;0,3879;0,4067;0,2053
45299;2020-06-23;T19-20;SP1;Levante;Ath Madrid;0;1;2;1;0,3875;0,4048;0,2077
45301;2020-06-23;T19-20;SP1;Barcelona;Ath Bilbao;1;0;1;1;0,3824;0,4339;0,1838
45302;2020-06-24;T19-20;SP1;Alaves;Osasuna;0;1;2;1;0,3887;0,4122;0,1991
45303;2020-06-24;T19-20;SP1;Sociedad;Celta;0;1;2;1;0,3888;0,4138;0,1975
45304;2020-06-24;T19-20;SP1;Real Madrid;Mallorca;2;0;1;1;0,3769;0,4451;0,178
57736;2020-06-24;T19-20;SP2;Girona;Numancia;2;0;1;1;0,3888;0,4144;0,1968
57737;2020-06-24;T19-20;SP2;Huesca;Cadiz;1;1;0;1;0,3885;0,4113;0,2002
57738;2020-06-24;T19-20;SP2;Tenerife;Mirandes;4;1;1;1;0,389;0,4183;0,1927
57739;2020-06-24;T19-20;SP2;Albacete;Las Palmas;0;0;0;1;0,3884;0,4106;0,201
57740;2020-06-24;T19-20;SP2;Ponferradina;Santander;1;1;0;1;0,387;0,4241;0,1889
57743;2020-06-25;T19-20;SP2;Oviedo;Fuenlabrada;0;0;0;1;0,3887;0,4128;0,1985
57742;2020-06-25;T19-20;SP2;Vallecano;Sp Gijon;1;1;0;1;0,3887;0,4124;0,1989
45306;2020-06-25;T19-20;SP1;Betis;Espanol;1;0;1;1;0,3888;0,4139;0,1974
45305;2020-06-25;T19-20;SP1;Eibar;Valencia;1;0;1;1;0,3885;0,4105;0,2009
57741;2020-06-25;T19-20;SP2;Almeria;Alcorcon;0;1;2;1;0,3888;0,415;0,1962
45307;2020-06-26;T19-20;SP1;Sevilla;Valladolid;1;1;0;1;0,3848;0,4289;0,1864
45308;2020-06-27;T19-20;SP1;Ath Bilbao;Mallorca;3;1;1;1;0,3879;0,4222;0,1899
57746;2020-06-27;T19-20;SP2;Las Palmas;Elche;1;1;0;1;0,3887;0,4134;0,1978
57745;2020-06-27;T19-20;SP2;Cadiz;Tenerife;0;2;2;1;0,3887;0,4131;0,1982
57744;2020-06-27;T19-20;SP2;La Coruna;Ponferradina;2;1;1;1;0,3887;0,4128;0,1985
57747;2020-06-27;T19-20;SP2;Santander;Albacete;1;2;2;1;0,3886;0,4114;0,2
45311;2020-06-27;T19-20;SP1;Ath Madrid;Alaves;2;1;1;1;0,3834;0,4317;0,1849
45310;2020-06-27;T19-20;SP1;Osasuna;Leganes;2;1;1;1;0,3888;0,4151;0,1961
45309;2020-06-27;T19-20;SP1;Celta;Barcelona;2;2;0;1;0,3858;0,3981;0,2161
35169;2020-06-27;T19-20;I1;Cagliari;Torino;4;2;1;1;0,3888;0,4138;0,1974
6114;2020-06-27;T19-20;D1;Freiburg;Schalke 04;4;0;1;1;0,389;0,418;0,193
6119;2020-06-27;T19-20;D1;Wolfsburg;Bayern Munich;0;4;2;1;0,385;0,3955;0,2194
6118;2020-06-27;T19-20;D1;Werder Bremen;FC Koln;6;1;1;1;0,3887;0,4131;0,1981
6117;2020-06-27;T19-20;D1;Union Berlin;Fortuna Dusseldorf;3;0;1;1;0,3888;0,4144;0,1968
6116;2020-06-27;T19-20;D1;M'gladbach;Hertha;2;1;1;1;0,3872;0,4236;0,1891
6115;2020-06-27;T19-20;D1;Leverkusen;Mainz;1;0;1;1;0,3858;0,4267;0,1875
6113;2020-06-27;T19-20;D1;Ein Frankfurt;Paderborn;3;2;1;1;0,3837;0,4312;0,1852
6112;2020-06-27;T19-20;D1;Dortmund;Hoffenheim;0;4;2;1;0,3889;0,4163;0,1949
6111;2020-06-27;T19-20;D1;Augsburg;RB Leipzig;1;2;2;1;0,3858;0,3982;0,216
16080;2020-06-27;T19-20;E0;Aston Villa;Wolves;0;1;2;1;0,3874;0,4046;0,208
57751;2020-06-28;T19-20;SP2;Numancia;Oviedo;1;0;1;1;0,3887;0,4134;0,1979
57750;2020-06-28;T19-20;SP2;Malaga;Girona;2;0;1;1;0,3885;0,4106;0,2008
57749;2020-06-28;T19-20;SP2;Sp Gijon;Lugo;2;0;1;1;0,3889;0,4164;0,1947
57748;2020-06-28;T19-20;SP2;Mirandes;Almeria;2;2;0;1;0,3887;0,4119;0,1995
45315;2020-06-28;T19-20;SP1;Espanol;Real Madrid;0;1;2;1;0,3858;0,3981;0,2161
57752;2020-06-28;T19-20;SP2;Fuenlabrada;Extremadura;1;1;0;1;0,3885;0,4109;0,2006
45313;2020-06-28;T19-20;SP1;Villarreal;Valencia;2;0;1;1;0,3888;0,4157;0,1955
45312;2020-06-28;T19-20;SP1;Levante;Betis;4;2;1;1;0,3887;0,4123;0,1991
35176;2020-06-28;T19-20;I1;Parma;Inter;1;2;2;1;0,3864;0,4005;0,2131
35174;2020-06-28;T19-20;I1;Sassuolo;Verona;3;3;0;1;0,3888;0,4142;0,1971
16081;2020-06-28;T19-20;E0;Watford;Southampton;1;3;2;1;0,3874;0,4044;0,2083
45314;2020-06-28;T19-20;SP1;Granada;Eibar;1;2;2;1;0,3884;0,4102;0,2014
16082;2020-06-29;T19-20;E0;Crystal Palace;Burnley;0;1;2;1;0,3888;0,4144;0,1968
45316;2020-06-29;T19-20;SP1;Getafe;Sociedad;2;1;1;1;0,3887;0,4141;0,1972
57753;2020-06-29;T19-20;SP2;Alcorcon;Vallecano;3;2;1;1;0,388;0,408;0,204
57754;2020-06-29;T19-20;SP2;Zaragoza;Huesca;0;1;2;1;0,3887;0,4133;0,198
57756;2020-06-30;T19-20;SP2;Elche;Cadiz;0;0;0;1;0,3876;0,4055;0,2069
57755;2020-06-30;T19-20;SP2;Tenerife;La Coruna;1;1;0;1;0,3888;0,4153;0,1959
45319;2020-06-30;T19-20;SP1;Barcelona;Ath Madrid;2;2;0;1;0,3887;0,4187;0,1925
45318;2020-06-30;T19-20;SP1;Leganes;Sevilla;0;3;2;1;0,3872;0,4036;0,2092
45317;2020-06-30;T19-20;SP1;Mallorca;Celta;5;1;1;1;0,3884;0,4101;0,2015
35177;2020-06-30;T19-20;I1;Torino;Lazio;1;2;2;1;0,3874;0,4045;0,208
16083;2020-06-30;T19-20;E0;Brighton;Man United;0;3;2;1;0,387;0,403;0,21
35178;2020-06-30;T19-20;I1;Genoa;Juventus;1;3;2;1;0,3844;0,3934;0,2222
45321;2020-07-01;T19-20;SP1;Valencia;Ath Bilbao;0;2;2;1;0,3885;0,4104;0,2011
57760;2020-07-01;T19-20;SP2;Extremadura;Santander;3;1;1;1;0,389;0,4184;0,1927
57759;2020-07-01;T19-20;SP2;Oviedo;Mirandes;1;0;1;1;0,3888;0,4149;0,1963
57761;2020-07-01;T19-20;SP2;Ponferradina;Fuenlabrada;0;3;2;1;0,3888;0,4144;0,1968
57758;2020-07-01;T19-20;SP2;Lugo;Numancia;3;1;1;1;0,3882;0,4097;0,202
57757;2020-07-01;T19-20;SP2;Almeria;Sp Gijon;1;0;1;1;0,3884;0,4108;0,2008
45323;2020-07-01;T19-20;SP1;Valladolid;Levante;0;0;0;1;0,388;0,4083;0,2037
45322;2020-07-01;T19-20;SP1;Betis;Villarreal;0;2;2;1;0,3887;0,4132;0,1981
45320;2020-07-01;T19-20;SP1;Alaves;Granada;0;2;2;1;0,3883;0,4091;0,2027
16086;2020-07-01;T19-20;E0;Everton;Leicester;2;1;1;1;0,3885;0,4099;0,2016
35183;2020-07-01;T19-20;I1;Spal;Milan;2;2;0;1;0,3861;0,3995;0,2143
35182;2020-07-01;T19-20;I1;Lecce;Sampdoria;1;2;2;1;0,3881;0,4068;0,2051
35181;2020-07-01;T19-20;I1;Fiorentina;Sassuolo;1;3;2;1;0,3886;0,4123;0,199
35180;2020-07-01;T19-20;I1;Inter;Brescia;6;0;1;1;0,377;0,4447;0,1782
35179;2020-07-01;T19-20;I1;Bologna;Cagliari;1;1;0;1;0,3884;0,4199;0,1917
16087;2020-07-01;T19-20;E0;West Ham;Chelsea;3;2;1;1;0,3851;0,3958;0,219
16085;2020-07-01;T19-20;E0;Bournemouth;Newcastle;1;4;2;1;0,3885;0,4094;0,2021
16084;2020-07-01;T19-20;E0;Arsenal;Norwich;4;0;1;1;0,3846;0,4292;0,1861
35184;2020-07-01;T19-20;I1;Verona;Parma;3;2;1;1;0,3888;0,4145;0,1967
57764;2020-07-02;T19-20;SP2;Vallecano;Malaga;0;0;0;1;0,3885;0,412;0,1994
57763;2020-07-02;T19-20;SP2;Huesca;Las Palmas;1;0;1;1;0,3881;0,4211;0,1908
57762;2020-07-02;T19-20;SP2;Albacete;Alcorcon;1;1;0;1;0,3887;0,4136;0,1977
45326;2020-07-02;T19-20;SP1;Real Madrid;Getafe;1;0;1;1;0,3835;0,4315;0,185
45325;2020-07-02;T19-20;SP1;Sociedad;Espanol;2;1;1;1;0,3888;0,4143;0,197
35186;2020-07-02;T19-20;I1;Roma;Udinese;0;2;2;1;0,3829;0,4329;0,1843
35185;2020-07-02;T19-20;I1;Atalanta;Napoli;2;0;1;1;0,3885;0,4124;0,1991
16089;2020-07-02;T19-20;E0;Man City;Liverpool;4;0;1;1;0,3883;0,4111;0,2006
16088;2020-07-02;T19-20;E0;Sheffield United;Tottenham;3;1;1;1;0,3869;0,4023;0,2108
45324;2020-07-02;T19-20;SP1;Eibar;Osasuna;0;2;2;1;0,3888;0,4152;0,196
45327;2020-07-03;T19-20;SP1;Ath Madrid;Mallorca;3;0;1;1;0,3843;0,4298;0,1859
57765;2020-07-03;T19-20;SP2;Girona;Zaragoza;1;0;1;1;0,3882;0,4094;0,2024
45329;2020-07-04;T19-20;SP1;Valladolid;Alaves;1;0;1;1;0,3888;0,4139;0,1973
57770;2020-07-04;T19-20;SP2;Fuenlabrada;Mirandes;2;2;0;1;0,3887;0,4144;0,1968
57769;2020-07-04;T19-20;SP2;Cadiz;Oviedo;2;0;1;1;0,3889;0,4171;0,194
57768;2020-07-04;T19-20;SP2;Almeria;Tenerife;1;2;2;1;0,3885;0,4118;0,1996
57767;2020-07-04;T19-20;SP2;Santander;Elche;1;2;2;1;0,3882;0,4093;0,2025
57766;2020-07-04;T19-20;SP2;Numancia;Extremadura;1;0;1;1;0,3887;0,4123;0,199
45330;2020-07-04;T19-20;SP1;Granada;Valencia;2;2;0;1;0,3885;0,412;0,1994
45328;2020-07-04;T19-20;SP1;Celta;Betis;1;1;0;1;0,3887;0,4123;0,199
35189;2020-07-04;T19-20;I1;Lazio;Milan;0;3;2;1;0,3884;0,4107;0,2009
35188;2020-07-04;T19-20;I1;Sassuolo;Lecce;4;2;1;1;0,383;0,4325;0,1845
35187;2020-07-04;T19-20;I1;Juventus;Torino;4;1;1;1;0,3794;0,44;0,1806
16094;2020-07-04;T19-20;E0;Chelsea;Watford;3;0;1;1;0,383;0,4325;0,1845
16093;2020-07-04;T19-20;E0;Wolves;Arsenal;0;2;2;1;0,388;0,4076;0,2044
16092;2020-07-04;T19-20;E0;Man United;Bournemouth;5;2;1;1;0,381;0,4368;0,1822
16091;2020-07-04;T19-20;E0;Leicester;Crystal Palace;3;0;1;1;0,3882;0,4216;0,1902
16090;2020-07-04;T19-20;E0;Norwich;Brighton;0;1;2;1;0,3886;0,4106;0,2008
57774;2020-07-05;T19-20;SP2;Alcorcon;Lugo;2;2;0;1;0,3889;0,4162;0,195
57773;2020-07-05;T19-20;SP2;Malaga;Albacete;0;0;0;1;0,3888;0,4141;0,1971
57772;2020-07-05;T19-20;SP2;Las Palmas;Ponferradina;3;0;1;1;0,3888;0,4152;0,196
57771;2020-07-05;T19-20;SP2;La Coruna;Huesca;2;1;1;1;0,3881;0,4082;0,2037
45334;2020-07-05;T19-20;SP1;Villarreal;Barcelona;1;4;2;1;0,3873;0,4041;0,2086
45333;2020-07-05;T19-20;SP1;Osasuna;Getafe;0;0;0;1;0,3883;0,4098;0,2019
45332;2020-07-05;T19-20;SP1;Espanol;Leganes;0;1;2;1;0,3887;0,4133;0,198
45331;2020-07-05;T19-20;SP1;Ath Bilbao;Real Madrid;0;1;2;1;0,3867;0,4017;0,2116
35195;2020-07-05;T19-20;I1;Udinese;Genoa;2;2;0;1;0,3888;0,415;0,1962
35196;2020-07-05;T19-20;I1;Napoli;Roma;2;1;1;1;0,3884;0,4107;0,2008
16095;2020-07-05;T19-20;E0;Burnley;Sheffield United;1;1;0;1;0,3884;0,4095;0,2021
35193;2020-07-05;T19-20;I1;Parma;Fiorentina;1;2;2;1;0,3885;0,4097;0,2019
35192;2020-07-05;T19-20;I1;Cagliari;Atalanta;0;1;2;1;0,3863;0,4002;0,2135
35191;2020-07-05;T19-20;I1;Brescia;Verona;2;0;1;1;0,3881;0,4077;0,2041
35190;2020-07-05;T19-20;I1;Inter;Bologna;1;2;2;1;0,3827;0,4332;0,1841
16098;2020-07-05;T19-20;E0;Southampton;Man City;1;0;1;1;0,384;0,3921;0,2239
16097;2020-07-05;T19-20;E0;Liverpool;Aston Villa;2;0;1;1;0,3761;0,4469;0,1771
16096;2020-07-05;T19-20;E0;Newcastle;West Ham;2;2;0;1;0,3888;0,4159;0,1953
35194;2020-07-05;T19-20;I1;Sampdoria;Spal;3;0;1;1;0,3869;0,4242;0,1888
16099;2020-07-06;T19-20;E0;Tottenham;Everton;1;0;1;1;0,3888;0,4144;0,1968
45335;2020-07-06;T19-20;SP1;Levante;Sociedad;1;1;0;1;0,3887;0,4124;0,1989
45336;2020-07-06;T19-20;SP1;Sevilla;Eibar;1;0;1;1;0,3889;0,4177;0,1934
57775;2020-07-06;T19-20;SP2;Sp Gijon;Girona;0;0;0;1;0,3885;0,4108;0,2007
57776;2020-07-06;T19-20;SP2;Zaragoza;Vallecano;2;4;2;1;0,3886;0,4118;0,1995
57778;2020-07-07;T19-20;SP2;Fuenlabrada;Santander;1;0;1;1;0,3886;0,4203;0,1911
45338;2020-07-07;T19-20;SP1;Celta;Ath Madrid;1;1;0;1;0,387;0,4028;0,2102
57779;2020-07-07;T19-20;SP2;Extremadura;Cadiz;0;1;2;1;0,3879;0,4081;0,204
45337;2020-07-07;T19-20;SP1;Valencia;Valladolid;2;1;1;1;0,3888;0,414;0,1972
57777;2020-07-07;T19-20;SP2;Mirandes;Elche;1;0;1;1;0,3888;0,4144;0,1968
35197;2020-07-07;T19-20;I1;Lecce;Lazio;2;1;1;1;0,3866;0,4014;0,2119
16102;2020-07-07;T19-20;E0;Arsenal;Leicester;1;1;0;1;0,3887;0,4117;0,1997
16101;2020-07-07;T19-20;E0;Watford;Norwich;2;1;1;1;0,3889;0,4172;0,1939
16100;2020-07-07;T19-20;E0;Crystal Palace;Chelsea;2;3;2;1;0,3851;0,3958;0,2191
35198;2020-07-07;T19-20;I1;Milan;Juventus;4;2;1;1;0,3867;0,4016;0,2117
57783;2020-07-08;T19-20;SP2;Ponferradina;Lugo;0;1;2;1;0,3887;0,4135;0,1978
57781;2020-07-08;T19-20;SP2;Oviedo;Las Palmas;2;1;1;1;0,3882;0,4095;0,2023
57780;2020-07-08;T19-20;SP2;Malaga;La Coruna;1;0;1;1;0,3887;0,4132;0,1981
45341;2020-07-08;T19-20;SP1;Barcelona;Espanol;1;0;1;1;0,3807;0,4372;0,1821
45340;2020-07-08;T19-20;SP1;Getafe;Villarreal;1;3;2;1;0,3886;0,4119;0,1995
45339;2020-07-08;T19-20;SP1;Betis;Osasuna;3;0;1;1;0,3889;0,4169;0,1942
35204;2020-07-08;T19-20;I1;Torino;Brescia;3;1;1;1;0,3859;0,4263;0,1877
35203;2020-07-08;T19-20;I1;Roma;Parma;2;1;1;1;0,3867;0,4248;0,1886
57782;2020-07-08;T19-20;SP2;Huesca;Alcorcon;2;1;1;1;0,3889;0,417;0,1941
35201;2020-07-08;T19-20;I1;Atalanta;Sampdoria;2;0;1;1;0,3806;0,4376;0,1818
35200;2020-07-08;T19-20;I1;Genoa;Napoli;1;2;2;1;0,3856;0,3975;0,217
35199;2020-07-08;T19-20;I1;Fiorentina;Cagliari;0;0;0;1;0,389;0,4182;0,1928
16106;2020-07-08;T19-20;E0;Brighton;Liverpool;1;3;2;1;0,385;0,3954;0,2196
16105;2020-07-08;T19-20;E0;West Ham;Burnley;0;1;2;1;0,3888;0,4149;0,1962
16104;2020-07-08;T19-20;E0;Sheffield United;Wolves;1;0;1;1;0,3884;0,4094;0,2022
16103;2020-07-08;T19-20;E0;Man City;Newcastle;5;0;1;1;0,3811;0,4364;0,1825
35202;2020-07-08;T19-20;I1;Bologna;Sassuolo;1;2;2;1;0,3887;0,4129;0,1985
57787;2020-07-09;T19-20;SP2;Tenerife;Zaragoza;1;1;0;1;0,3885;0,4114;0,2001
57786;2020-07-09;T19-20;SP2;Girona;Almeria;1;0;1;1;0,3887;0,4128;0,1985
57785;2020-07-09;T19-20;SP2;Vallecano;Numancia;3;2;1;1;0,3876;0,4228;0,1896
57784;2020-07-09;T19-20;SP2;Albacete;Sp Gijon;1;1;0;1;0,3882;0,4094;0,2024
45344;2020-07-09;T19-20;SP1;Ath Bilbao;Sevilla;1;2;2;1;0,3876;0,4057;0,2067
45343;2020-07-09;T19-20;SP1;Mallorca;Levante;2;0;1;1;0,3883;0,4099;0,2018
45342;2020-07-09;T19-20;SP1;Eibar;Leganes;0;0;0;1;0,3888;0,4147;0,1965
35205;2020-07-09;T19-20;I1;Spal;Udinese;0;3;2;1;0,3882;0,4087;0,2031
16109;2020-07-09;T19-20;E0;Aston Villa;Man United;0;3;2;1;0,3854;0,3968;0,2179
16108;2020-07-09;T19-20;E0;Everton;Southampton;1;1;0;1;0,3887;0,4122;0,1991
16107;2020-07-09;T19-20;E0;Bournemouth;Tottenham;0;0;0;1;0,3871;0,4034;0,2095
35206;2020-07-09;T19-20;I1;Verona;Inter;2;2;0;1;0,3859;0,3988;0,2153
45345;2020-07-10;T19-20;SP1;Sociedad;Granada;2;3;2;1;0,3888;0,4142;0,197
45346;2020-07-10;T19-20;SP1;Real Madrid;Alaves;2;0;1;1;0,3809;0,4368;0,1823
45347;2020-07-11;T19-20;SP1;Osasuna;Celta;2;1;1;1;0,3888;0,4141;0,1971
57790;2020-07-11;T19-20;SP2;Cadiz;Fuenlabrada;0;1;2;1;0,3889;0,4172;0,1939
57789;2020-07-11;T19-20;SP2;Las Palmas;Mirandes;1;0;1;1;0,3888;0,4148;0,1964
45349;2020-07-11;T19-20;SP1;Ath Madrid;Betis;1;0;1;1;0,3874;0,4232;0,1893
45348;2020-07-11;T19-20;SP1;Valladolid;Barcelona;0;1;2;1;0,3852;0,396;0,2188
35209;2020-07-11;T19-20;I1;Juventus;Atalanta;2;2;0;1;0,3885;0,413;0,1985
57788;2020-07-11;T19-20;SP2;Santander;Huesca;1;0;1;1;0,3871;0,4032;0,2097
35207;2020-07-11;T19-20;I1;Lazio;Sassuolo;1;2;2;1;0,3889;0,4177;0,1933
16114;2020-07-11;T19-20;E0;Brighton;Man City;0;5;2;1;0,3828;0,3878;0,2294
16113;2020-07-11;T19-20;E0;Sheffield United;Chelsea;3;0;1;1;0,3858;0,3984;0,2158
16112;2020-07-11;T19-20;E0;Liverpool;Burnley;1;1;0;1;0,3807;0,4372;0,182
35208;2020-07-11;T19-20;I1;Brescia;Roma;0;3;2;1;0,3856;0,3975;0,2169
16111;2020-07-11;T19-20;E0;Watford;Newcastle;2;1;1;1;0,3886;0,4103;0,2011
16110;2020-07-11;T19-20;E0;Norwich;West Ham;0;4;2;1;0,3883;0,4078;0,2038
57794;2020-07-12;T19-20;SP2;Zaragoza;Oviedo;2;4;2;1;0,3889;0,4173;0,1938
57793;2020-07-12;T19-20;SP2;Numancia;Ponferradina;1;0;1;1;0,3888;0,4149;0,1963
57792;2020-07-12;T19-20;SP2;Lugo;Girona;2;2;0;1;0,3882;0,4086;0,2032
57791;2020-07-12;T19-20;SP2;La Coruna;Extremadura;2;3;2;1;0,3888;0,4136;0,1976
45352;2020-07-12;T19-20;SP1;Leganes;Valencia;1;0;1;1;0,3885;0,4111;0,2004
45351;2020-07-12;T19-20;SP1;Levante;Ath Bilbao;1;2;2;1;0,3887;0,4118;0,1996
45350;2020-07-12;T19-20;SP1;Espanol;Eibar;0;2;2;1;0,3882;0,4086;0,2031
35215;2020-07-12;T19-20;I1;Napoli;Milan;2;2;0;1;0,3887;0,4135;0,1978
45353;2020-07-12;T19-20;SP1;Sevilla;Mallorca;2;0;1;1;0,3846;0,4291;0,1863
35213;2020-07-12;T19-20;I1;Parma;Bologna;2;2;0;1;0,3885;0,4104;0,2011
35212;2020-07-12;T19-20;I1;Fiorentina;Verona;1;1;0;1;0,3888;0,4158;0,1954
35211;2020-07-12;T19-20;I1;Cagliari;Lecce;0;0;0;1;0,3855;0,4273;0,1872
35210;2020-07-12;T19-20;I1;Genoa;Spal;2;0;1;1;0,3888;0,4154;0,1958
16118;2020-07-12;T19-20;E0;Bournemouth;Leicester;4;1;1;1;0,3871;0,4031;0,2099
16117;2020-07-12;T19-20;E0;Tottenham;Arsenal;2;1;1;1;0,3879;0,4075;0,2046
16116;2020-07-12;T19-20;E0;Aston Villa;Crystal Palace;2;0;1;1;0,388;0,4071;0,205
16115;2020-07-12;T19-20;E0;Wolves;Everton;3;0;1;1;0,3887;0,4125;0,1987
35214;2020-07-12;T19-20;I1;Udinese;Sampdoria;1;3;2;1;0,3886;0,4108;0,2006
57798;2020-07-13;T19-20;SP2;Elche;Albacete;2;0;1;1;0,3886;0,4119;0,1994
57797;2020-07-13;T19-20;SP2;Alcorcon;Tenerife;0;0;0;1;0,3885;0,4109;0,2007
57796;2020-07-13;T19-20;SP2;Sp Gijon;Malaga;2;1;1;1;0,3881;0,409;0,2028
57795;2020-07-13;T19-20;SP2;Almeria;Vallecano;3;2;1;1;0,3879;0,4082;0,2038
45355;2020-07-13;T19-20;SP1;Villarreal;Sociedad;1;2;2;1;0,3889;0,4165;0,1947
45354;2020-07-13;T19-20;SP1;Alaves;Getafe;0;0;0;1;0,3877;0,4063;0,206
35216;2020-07-13;T19-20;I1;Inter;Torino;3;1;1;1;0,3835;0,4315;0,185
16119;2020-07-13;T19-20;E0;Man United;Southampton;2;2;0;1;0,3877;0,4227;0,1896
45356;2020-07-13;T19-20;SP1;Granada;Real Madrid;1;2;2;1;0,386;0,399;0,215
16120;2020-07-14;T19-20;E0;Chelsea;Norwich;1;0;1;1;0,3787;0,4413;0,1799
35217;2020-07-14;T19-20;I1;Atalanta;Brescia;6;2;1;1;0,3727;0,4536;0,1737
35220;2020-07-15;T19-20;I1;Sampdoria;Cagliari;3;0;1;1;0,3888;0,4152;0,196
35223;2020-07-15;T19-20;I1;Sassuolo;Juventus;3;3;0;1;0,3868;0,402;0,2112
35222;2020-07-15;T19-20;I1;Roma;Verona;2;1;1;1;0,386;0,4263;0,1878
35224;2020-07-15;T19-20;I1;Udinese;Lazio;0;0;0;1;0,3872;0,4037;0,2091
35219;2020-07-15;T19-20;I1;Milan;Parma;3;1;1;1;0,3855;0,4273;0,1872
35221;2020-07-15;T19-20;I1;Lecce;Fiorentina;1;3;2;1;0,3878;0,4061;0,2061
16124;2020-07-15;T19-20;E0;Arsenal;Liverpool;2;1;1;1;0,3861;0,3993;0,2146
16123;2020-07-15;T19-20;E0;Newcastle;Tottenham;1;3;2;1;0,3877;0,4051;0,2073
16122;2020-07-15;T19-20;E0;Man City;Bournemouth;2;1;1;1;0,3743;0,4504;0,1753
16121;2020-07-15;T19-20;E0;Burnley;Wolves;1;1;0;1;0,3883;0,4083;0,2035
35218;2020-07-15;T19-20;I1;Bologna;Napoli;1;1;0;1;0,3865;0,401;0,2125
45366;2020-07-16;T19-20;SP1;Valencia;Espanol;1;0;1;1;0,3888;0,4148;0,1964
45365;2020-07-16;T19-20;SP1;Sociedad;Sevilla;0;0;0;1;0,3877;0,406;0,2063
45364;2020-07-16;T19-20;SP1;Real Madrid;Villarreal;2;1;1;1;0,3852;0,4279;0,1869
45363;2020-07-16;T19-20;SP1;Mallorca;Granada;1;2;2;1;0,3886;0,4111;0,2003
45362;2020-07-16;T19-20;SP1;Getafe;Ath Madrid;0;2;2;1;0,3873;0,404;0,2088
45361;2020-07-16;T19-20;SP1;Celta;Levante;2;3;2;1;0,3887;0,4125;0,1988
45360;2020-07-16;T19-20;SP1;Betis;Alaves;1;2;2;1;0,3888;0,4194;0,1918
45359;2020-07-16;T19-20;SP1;Barcelona;Osasuna;1;2;2;1;0,3788;0,4411;0,18
45357;2020-07-16;T19-20;SP1;Eibar;Valladolid;3;1;1;1;0,3887;0,4132;0,198
35226;2020-07-16;T19-20;I1;Spal;Inter;0;4;2;1;0,3839;0,3916;0,2245
35225;2020-07-16;T19-20;I1;Torino;Genoa;3;0;1;1;0,3888;0,4144;0,1968
16128;2020-07-16;T19-20;E0;Southampton;Brighton;1;1;0;1;0,3885;0,4204;0,1911
16127;2020-07-16;T19-20;E0;Crystal Palace;Man United;0;2;2;1;0,3864;0,4005;0,2131
16126;2020-07-16;T19-20;E0;Leicester;Sheffield United;2;0;1;1;0,3889;0,4171;0,194
16125;2020-07-16;T19-20;E0;Everton;Aston Villa;1;1;0;1;0,3883;0,4208;0,1909
45358;2020-07-16;T19-20;SP1;Ath Bilbao;Leganes;0;2;2;1;0,3889;0,4168;0,1944
57805;2020-07-17;T19-20;SP2;Mirandes;La Coruna;1;0;1;1;0,3888;0,4148;0,1964
57808;2020-07-17;T19-20;SP2;Tenerife;Lugo;1;2;2;1;0,3888;0,4163;0,1949
57809;2020-07-17;T19-20;SP2;Vallecano;Las Palmas;2;2;0;1;0,3882;0,4209;0,1909
57807;2020-07-17;T19-20;SP2;Ponferradina;Almeria;2;1;1;1;0,3883;0,4103;0,2014
57806;2020-07-17;T19-20;SP2;Oviedo;Santander;1;0;1;1;0,3878;0,4224;0,1898
57804;2020-07-17;T19-20;SP2;Malaga;Alcorcon;2;0;1;1;0,3888;0,4143;0,197
57799;2020-07-17;T19-20;SP2;Albacete;Zaragoza;4;1;1;1;0,3881;0,4089;0,2031
57802;2020-07-17;T19-20;SP2;Girona;Cadiz;2;1;1;1;0,3881;0,4098;0,2021
57801;2020-07-17;T19-20;SP2;Fuenlabrada;Elche;3;1;1;1;0,3886;0,4126;0,1988
57800;2020-07-17;T19-20;SP2;Extremadura;Sp Gijon;2;0;1;1;0,3883;0,4096;0,2021
16129;2020-07-17;T19-20;E0;West Ham;Watford;3;1;1;1;0,3889;0,4173;0,1938
57803;2020-07-17;T19-20;SP2;Huesca;Numancia;3;0;1;1;0,3878;0,4224;0,1898
35228;2020-07-18;T19-20;I1;Cagliari;Sassuolo;1;1;0;1;0,3881;0,4088;0,2032
35229;2020-07-18;T19-20;I1;Milan;Bologna;5;1;1;1;0,3876;0,4229;0,1895
16130;2020-07-18;T19-20;E0;Norwich;Burnley;0;2;2;1;0,3884;0,4086;0,203
35227;2020-07-18;T19-20;I1;Verona;Atalanta;1;1;0;1;0,3862;0,3999;0,2139
45369;2020-07-19;T19-20;SP1;Villarreal;Eibar;4;0;1;1;0,3888;0,4136;0,1977
45376;2020-07-19;T19-20;SP1;Sevilla;Valencia;1;0;1;1;0,3875;0,4231;0,1894
45375;2020-07-19;T19-20;SP1;Osasuna;Mallorca;2;2;0;1;0,389;0,4175;0,1935
45374;2020-07-19;T19-20;SP1;Levante;Getafe;1;0;1;1;0,3886;0,4119;0,1994
45373;2020-07-19;T19-20;SP1;Leganes;Real Madrid;2;2;0;1;0,3862;0,3998;0,214
45372;2020-07-19;T19-20;SP1;Granada;Ath Bilbao;4;0;1;1;0,3886;0,4109;0,2006
45371;2020-07-19;T19-20;SP1;Espanol;Celta;0;0;0;1;0,3887;0,4118;0,1995
45370;2020-07-19;T19-20;SP1;Ath Madrid;Sociedad;1;1;0;1;0,3885;0,4201;0,1914
45368;2020-07-19;T19-20;SP1;Valladolid;Betis;2;0;1;1;0,388;0,4078;0,2043
35235;2020-07-19;T19-20;I1;Roma;Inter;2;2;0;1;0,3876;0,4061;0,2063
45367;2020-07-19;T19-20;SP1;Alaves;Barcelona;0;5;2;1;0,3847;0,3943;0,2211
35234;2020-07-19;T19-20;I1;Napoli;Udinese;2;1;1;1;0,3837;0,4312;0,1852
35233;2020-07-19;T19-20;I1;Genoa;Lecce;2;1;1;1;0,3874;0,4232;0,1893
35232;2020-07-19;T19-20;I1;Fiorentina;Torino;2;0;1;1;0,3888;0,4155;0,1957
35231;2020-07-19;T19-20;I1;Brescia;Spal;2;1;1;1;0,3888;0,4135;0,1977
35230;2020-07-19;T19-20;I1;Parma;Sampdoria;2;3;2;1;0,3886;0,4106;0,2008
16132;2020-07-19;T19-20;E0;Tottenham;Leicester;3;0;1;1;0,3885;0,4106;0,2008
16131;2020-07-19;T19-20;E0;Bournemouth;Southampton;0;2;2;1;0,3877;0,4059;0,2064
57819;2020-07-20;T19-20;SP2;Zaragoza;Ponferradina;2;1;1;1;0,3889;0,4171;0,194
57818;2020-07-20;T19-20;SP2;Sp Gijon;Huesca;0;1;2;1;0,3881;0,4081;0,2039
57817;2020-07-20;T19-20;SP2;Santander;Vallecano;1;2;2;1;0,3871;0,4033;0,2096
57816;2020-07-20;T19-20;SP2;Numancia;Tenerife;2;1;1;1;0,3884;0,4102;0,2014
57815;2020-07-20;T19-20;SP2;Lugo;Mirandes;2;1;1;1;0,3887;0,4125;0,1989
57814;2020-07-20;T19-20;SP2;Elche;Oviedo;2;1;1;1;0,3886;0,4122;0,1992
57813;2020-07-20;T19-20;SP2;Cadiz;Albacete;0;1;2;1;0,3889;0,4165;0,1947
35236;2020-07-20;T19-20;I1;Juventus;Lazio;2;1;1;1;0,3857;0,427;0,1873
57811;2020-07-20;T19-20;SP2;Alcorcon;Girona;2;0;1;1;0,3883;0,41;0,2016
57810;2020-07-20;T19-20;SP2;Las Palmas;Extremadura;5;1;1;1;0,3888;0,4148;0,1964
16135;2020-07-20;T19-20;E0;Wolves;Crystal Palace;2;0;1;1;0,3888;0,4147;0,1965
16134;2020-07-20;T19-20;E0;Sheffield United;Everton;0;1;2;1;0,3887;0,4127;0,1986
16133;2020-07-20;T19-20;E0;Brighton;Newcastle;0;0;0;1;0,3887;0,4109;0,2004
57812;2020-07-20;T19-20;SP2;Almeria;Malaga;0;0;0;1;0,3885;0,4109;0,2007
35238;2020-07-21;T19-20;I1;Sassuolo;Milan;1;2;2;1;0,3879;0,4072;0,2049
35237;2020-07-21;T19-20;I1;Atalanta;Bologna;1;0;1;1;0,3792;0,4404;0,1804
16137;2020-07-21;T19-20;E0;Aston Villa;Arsenal;1;0;1;1;0,3868;0,4019;0,2113
16136;2020-07-21;T19-20;E0;Watford;Man City;0;4;2;1;0,383;0,3887;0,2283
16138;2020-07-22;T19-20;E0;Man United;West Ham;1;1;0;1;0,3862;0,426;0,1879
16139;2020-07-22;T19-20;E0;Liverpool;Chelsea;5;3;1;1;0,3887;0,4157;0,1955
35239;2020-07-22;T19-20;I1;Parma;Napoli;2;1;1;1;0,386;0,3992;0,2148
35240;2020-07-22;T19-20;I1;Inter;Fiorentina;0;0;0;1;0,3861;0,4261;0,1878
35241;2020-07-22;T19-20;I1;Lecce;Brescia;3;1;1;1;0,3888;0,4197;0,1915
35242;2020-07-22;T19-20;I1;Sampdoria;Genoa;1;2;2;1;0,3889;0,4186;0,1925
35243;2020-07-22;T19-20;I1;Spal;Roma;1;6;2;1;0,385;0,3954;0,2196
35244;2020-07-22;T19-20;I1;Torino;Verona;1;1;0;1;0,3886;0,4111;0,2003
35245;2020-07-23;T19-20;I1;Udinese;Juventus;2;1;1;1;0,3849;0,3952;0,2198
35246;2020-07-23;T19-20;I1;Lazio;Cagliari;2;1;1;1;0,3853;0,4276;0,1871
35247;2020-07-24;T19-20;I1;Milan;Atalanta;1;1;0;1;0,3882;0,4084;0,2034
35248;2020-07-25;T19-20;I1;Brescia;Parma;1;2;2;1;0,3886;0,4104;0,201
35249;2020-07-25;T19-20;I1;Genoa;Inter;0;3;2;1;0,3852;0,3961;0,2188
35250;2020-07-25;T19-20;I1;Napoli;Sassuolo;2;0;1;1;0,3868;0,4244;0,1887
35256;2020-07-26;T19-20;I1;Juventus;Sampdoria;2;0;1;1;0,3819;0,4348;0,1833
35255;2020-07-26;T19-20;I1;Verona;Lazio;1;5;2;1;0,3873;0,4039;0,2088
35254;2020-07-26;T19-20;I1;Spal;Torino;1;1;0;1;0,3879;0,4071;0,205
35253;2020-07-26;T19-20;I1;Roma;Fiorentina;2;1;1;1;0,3879;0,4222;0,1899
35252;2020-07-26;T19-20;I1;Cagliari;Udinese;0;1;2;1;0,3888;0,4141;0,1971
35251;2020-07-26;T19-20;I1;Bologna;Lecce;3;2;1;1;0,3842;0,43;0,1858
16149;2020-07-26;T19-20;E0;West Ham;Aston Villa;1;1;0;1;0,3889;0,4166;0,1946
16148;2020-07-26;T19-20;E0;Southampton;Sheffield United;3;1;1;1;0,3888;0,4146;0,1966
16140;2020-07-26;T19-20;E0;Arsenal;Watford;3;2;1;1;0,3873;0,4234;0,1892
16146;2020-07-26;T19-20;E0;Man City;Norwich;5;0;1;1;0,3704;0,4581;0,1715
16145;2020-07-26;T19-20;E0;Leicester;Man United;0;2;2;1;0,3885;0,4106;0,2009
16144;2020-07-26;T19-20;E0;Everton;Bournemouth;1;3;2;1;0,3889;0,4168;0,1943
16143;2020-07-26;T19-20;E0;Crystal Palace;Tottenham;1;1;0;1;0,387;0,4027;0,2104
16142;2020-07-26;T19-20;E0;Chelsea;Wolves;2;0;1;1;0,3889;0,417;0,1941
16141;2020-07-26;T19-20;E0;Burnley;Brighton;1;2;2;1;0,3889;0,4167;0,1944
16147;2020-07-26;T19-20;E0;Newcastle;Liverpool;1;3;2;1;0,3846;0,3939;0,2215
35257;2020-07-28;T19-20;I1;Parma;Atalanta;1;2;2;1;0,3864;0,4004;0,2132
35258;2020-07-28;T19-20;I1;Inter;Napoli;2;0;1;1;0,3883;0,4104;0,2013
35265;2020-07-29;T19-20;I1;Fiorentina;Bologna;4;0;1;1;0,3888;0,4147;0,1965
35264;2020-07-29;T19-20;I1;Cagliari;Juventus;2;0;1;1;0,3852;0,3962;0,2185
35263;2020-07-29;T19-20;I1;Verona;Spal;3;0;1;1;0,3858;0,4267;0,1875
35266;2020-07-29;T19-20;I1;Torino;Roma;2;3;2;1;0,3862;0,3998;0,214
35261;2020-07-29;T19-20;I1;Sassuolo;Genoa;5;0;1;1;0,3885;0,4209;0,1906
35260;2020-07-29;T19-20;I1;Sampdoria;Milan;1;4;2;1;0,3876;0,4055;0,2069
35259;2020-07-29;T19-20;I1;Lazio;Brescia;2;0;1;1;0,3788;0,4411;0,1801
35262;2020-07-29;T19-20;I1;Udinese;Lecce;1;2;2;1;0,3889;0,4169;0,1942
35267;2020-08-01;T19-20;I1;Brescia;Sampdoria;1;1;0;1;0,3879;0,4068;0,2053
35268;2020-08-01;T19-20;I1;Atalanta;Inter;0;2;2;1;0,3883;0,4112;0,2005
35269;2020-08-01;T19-20;I1;Juventus;Roma;1;3;2;1;0,3887;0,4146;0,1966
35270;2020-08-01;T19-20;I1;Milan;Cagliari;3;0;1;1;0,3835;0,4315;0,185
35271;2020-08-01;T19-20;I1;Napoli;Lazio;3;1;1;1;0,3886;0,4117;0,1998
35276;2020-08-02;T19-20;I1;Sassuolo;Udinese;0;1;2;1;0,3889;0,4167;0,1944
35275;2020-08-02;T19-20;I1;Lecce;Parma;3;4;2;1;0,3888;0,4138;0,1975
35272;2020-08-02;T19-20;I1;Spal;Fiorentina;1;3;2;1;0,3869;0,4025;0,2106
35273;2020-08-02;T19-20;I1;Bologna;Torino;1;1;0;1;0,3889;0,4162;0,1949
35274;2020-08-02;T19-20;I1;Genoa;Verona;3;0;1;1;0,3886;0,4103;0,2012
16169;2020-09-26;T20-21;E0;Crystal Palace;Everton;1;2;2;1;0,3882;0,4074;0,2044
57841;2020-09-26;T20-21;SP2;Malaga;Alcorcon;1;0;1;1;0,3888;0,4151;0,1961
57843;2020-09-26;T20-21;SP2;Fuenlabrada;Albacete;1;0;1;1;0,3889;0,4169;0,1943
57847;2020-09-27;T20-21;SP2;Ponferradina;Vallecano;3;0;1;1;0,3877;0,4058;0,2065
57848;2020-09-27;T20-21;SP2;Tenerife;Mirandes;1;2;2;1;0,3888;0,4158;0,1954
45399;2020-09-27;T20-21;SP1;Valladolid;Celta;1;1;0;1;0,3883;0,4094;0,2023
16173;2020-09-27;T20-21;E0;Tottenham;Newcastle;1;1;0;1;0,3867;0,4247;0,1886
16175;2020-09-27;T20-21;E0;West Ham;Wolves;4;0;1;1;0,388;0,4081;0,2038
16177;2020-09-28;T20-21;E0;Liverpool;Arsenal;3;1;1;1;0,3847;0,429;0,1863
45401;2020-09-29;T20-21;SP1;Sociedad;Valencia;0;1;2;1;0,3887;0,413;0,1983
45402;2020-09-29;T20-21;SP1;Getafe;Betis;3;0;1;1;0,3885;0,4126;0,1989
45404;2020-09-30;T20-21;SP1;Villarreal;Alaves;3;1;1;1;0,387;0,424;0,1889
45406;2020-09-30;T20-21;SP1;Real Madrid;Valladolid;1;0;1;1;0,3821;0,4343;0,1835
6138;2020-10-02;T20-21;D1;Union Berlin;Mainz;4;0;1;1;0,3886;0,4128;0,1986
35297;2020-10-02;T20-21;I1;Fiorentina;Sampdoria;1;2;2;1;0,3889;0,4167;0,1944
57855;2020-10-03;T20-21;SP2;Vallecano;Malaga;4;0;1;1;0,3887;0,4158;0,1955
57852;2020-10-03;T20-21;SP2;Albacete;Oviedo;1;1;0;1;0,3886;0,4111;0,2003
57851;2020-10-03;T20-21;SP2;Mirandes;Ponferradina;0;1;2;1;0,3888;0,4146;0,1966
45414;2020-10-03;T20-21;SP1;Valencia;Betis;0;2;2;1;0,3888;0,4149;0,1964
45411;2020-10-03;T20-21;SP1;Ath Madrid;Villarreal;0;0;0;1;0,3872;0,4236;0,1891
45410;2020-10-03;T20-21;SP1;Valladolid;Eibar;1;2;2;1;0,3884;0,4095;0,2021
35299;2020-10-03;T20-21;I1;Udinese;Roma;0;1;2;1;0,3861;0,3993;0,2146
45413;2020-10-03;T20-21;SP1;Sociedad;Getafe;3;0;1;1;0,3886;0,4123;0,199
16179;2020-10-03;T20-21;E0;Everton;Brighton;4;2;1;1;0,3889;0,4179;0,1932
16178;2020-10-03;T20-21;E0;Chelsea;Crystal Palace;4;0;1;1;0,386;0,4263;0,1877
6144;2020-10-03;T20-21;D1;RB Leipzig;Schalke 04;4;0;1;1;0,3779;0,443;0,1791
6141;2020-10-03;T20-21;D1;FC Koln;M'gladbach;1;3;2;1;0,3873;0,404;0,2087
6140;2020-10-03;T20-21;D1;Ein Frankfurt;Hoffenheim;2;1;1;1;0,3882;0,4088;0,203
6139;2020-10-03;T20-21;D1;Dortmund;Freiburg;4;0;1;1;0,3889;0,419;0,1921
16181;2020-10-03;T20-21;E0;Newcastle;Burnley;3;1;1;1;0,3887;0,4126;0,1987
45419;2020-10-04;T20-21;SP1;Barcelona;Sevilla;1;1;0;1;0,386;0,4263;0,1877
45417;2020-10-04;T20-21;SP1;Levante;Real Madrid;0;2;2;1;0,3867;0,4015;0,2118
45416;2020-10-04;T20-21;SP1;Alaves;Ath Bilbao;1;0;1;1;0,3876;0,4053;0,207
45415;2020-10-04;T20-21;SP1;Osasuna;Celta;2;0;1;1;0,3888;0,4138;0,1974
35303;2020-10-04;T20-21;I1;Parma;Verona;1;0;1;1;0,3888;0,4148;0,1964
35302;2020-10-04;T20-21;I1;Lazio;Inter;1;1;0;1;0,3877;0,4064;0,2059
16184;2020-10-04;T20-21;E0;Arsenal;Sheffield United;2;1;1;1;0,3881;0,4215;0,1904
16187;2020-10-04;T20-21;E0;Aston Villa;Liverpool;7;2;1;1;0,3843;0,3928;0,2229
16186;2020-10-04;T20-21;E0;Man United;Tottenham;1;6;2;1;0,3887;0,4111;0,2003
16182;2020-10-04;T20-21;E0;Leicester;West Ham;0;3;2;1;0,3862;0,4259;0,1879
6146;2020-10-04;T20-21;D1;Bayern Munich;Hertha;4;3;1;1;0,377;0,4449;0,1781
6145;2020-10-04;T20-21;D1;Wolfsburg;Augsburg;0;0;0;1;0,3888;0,4156;0,1956
35300;2020-10-04;T20-21;I1;Atalanta;Cagliari;5;2;1;1;0,3786;0,4416;0,1798
57864;2020-10-10;T20-21;SP2;Tenerife;Vallecano;1;0;1;1;0,3878;0,4069;0,2053
57871;2020-10-11;T20-21;SP2;Oviedo;Sp Gijon;1;0;1;1;0,3878;0,4069;0,2053
57868;2020-10-11;T20-21;SP2;Malaga;Las Palmas;0;0;0;1;0,3887;0,4133;0,198
57869;2020-10-11;T20-21;SP2;Zaragoza;Albacete;1;0;1;1;0,3888;0,4161;0,1951
57875;2020-10-17;T20-21;SP2;Las Palmas;Almeria;2;0;1;1;0,3888;0,4141;0,1971
45423;2020-10-17;T20-21;SP1;Getafe;Barcelona;1;0;1;1;0,3854;0,3968;0,2178
45421;2020-10-17;T20-21;SP1;Celta;Ath Madrid;0;2;2;1;0,3868;0,4022;0,211
45420;2020-10-17;T20-21;SP1;Granada;Sevilla;1;0;1;1;0,3869;0,4025;0,2106
35307;2020-10-17;T20-21;I1;Sampdoria;Lazio;3;0;1;1;0,3878;0,4062;0,206
16191;2020-10-17;T20-21;E0;Newcastle;Man United;1;4;2;1;0,3884;0,4088;0,2028
16190;2020-10-17;T20-21;E0;Man City;Arsenal;1;0;1;1;0,384;0,4305;0,1856
35306;2020-10-17;T20-21;I1;Inter;Milan;1;2;2;1;0,3887;0,4144;0,1969
16188;2020-10-17;T20-21;E0;Everton;Liverpool;2;2;0;1;0,3861;0,3993;0,2146
6153;2020-10-17;T20-21;D1;M'gladbach;Wolfsburg;1;1;0;1;0,3885;0,4193;0,1921
6151;2020-10-17;T20-21;D1;Mainz;Leverkusen;0;1;2;1;0,3866;0,4012;0,2122
6150;2020-10-17;T20-21;D1;Hoffenheim;Dortmund;0;1;2;1;0,3884;0,409;0,2025
6148;2020-10-17;T20-21;D1;Freiburg;Werder Bremen;1;1;0;1;0,3887;0,4126;0,1986
6147;2020-10-17;T20-21;D1;Augsburg;RB Leipzig;0;2;2;1;0,3852;0,3961;0,2187
16189;2020-10-17;T20-21;E0;Chelsea;Southampton;3;3;0;1;0,3889;0,4174;0,1937
45426;2020-10-18;T20-21;SP1;Villarreal;Valencia;2;1;1;1;0,3887;0,4133;0,1979
57881;2020-10-18;T20-21;SP2;Sp Gijon;Tenerife;1;1;0;1;0,3887;0,4127;0,1986
57880;2020-10-18;T20-21;SP2;Girona;Oviedo;1;0;1;1;0,3888;0,4163;0,1948
57879;2020-10-18;T20-21;SP2;Zaragoza;Malaga;1;2;2;1;0,3888;0,4148;0,1964
45429;2020-10-18;T20-21;SP1;Betis;Sociedad;0;3;2;1;0,3888;0,4134;0,1978
45425;2020-10-18;T20-21;SP1;Ath Bilbao;Levante;2;0;1;1;0,3884;0,4111;0,2004
6154;2020-10-18;T20-21;D1;FC Koln;Ein Frankfurt;1;1;0;1;0,3872;0,4038;0,209
35312;2020-10-18;T20-21;I1;Udinese;Parma;3;2;1;1;0,3887;0,4124;0,1989
35309;2020-10-18;T20-21;I1;Bologna;Sassuolo;3;4;2;1;0,3882;0,4094;0,2024
16195;2020-10-18;T20-21;E0;Leicester;Aston Villa;0;1;2;1;0,3873;0,4235;0,1892
16194;2020-10-18;T20-21;E0;Tottenham;West Ham;3;3;0;1;0,3885;0,4203;0,1912
16193;2020-10-18;T20-21;E0;Crystal Palace;Brighton;1;1;0;1;0,3887;0,412;0,1993
45424;2020-10-18;T20-21;SP1;Eibar;Osasuna;0;0;0;1;0,3887;0,4126;0,1987
57884;2020-10-21;T20-21;SP2;Lugo;Girona;3;0;1;1;0,3878;0,4069;0,2053
57885;2020-10-21;T20-21;SP2;Ponferradina;Tenerife;1;0;1;1;0,3881;0,4094;0,2024
57891;2020-10-22;T20-21;SP2;Oviedo;Vallecano;0;0;0;1;0,3874;0,4046;0,2079
57889;2020-10-22;T20-21;SP2;Malaga;Sp Gijon;1;0;1;1;0,3886;0,4119;0,1995
35315;2020-10-23;T20-21;I1;Sassuolo;Torino;3;3;0;1;0,3859;0,4265;0,1876
45431;2020-10-24;T20-21;SP1;Barcelona;Real Madrid;1;3;2;1;0,3885;0,412;0,1995
35318;2020-10-24;T20-21;I1;Lazio;Bologna;2;1;1;1;0,3877;0,4227;0,1896
45432;2020-10-24;T20-21;SP1;Osasuna;Ath Bilbao;1;0;1;1;0,3881;0,4082;0,2037
35317;2020-10-24;T20-21;I1;Genoa;Inter;0;2;2;1;0,3849;0,3952;0,2199
45434;2020-10-24;T20-21;SP1;Ath Madrid;Betis;2;0;1;1;0,385;0,4283;0,1867
57894;2020-10-24;T20-21;SP2;Almeria;Fuenlabrada;3;0;1;1;0,3886;0,4121;0,1993
45433;2020-10-24;T20-21;SP1;Sevilla;Eibar;0;1;2;1;0,3889;0,4173;0,1937
35316;2020-10-24;T20-21;I1;Atalanta;Sampdoria;1;3;2;1;0,3817;0,4353;0,183
16201;2020-10-24;T20-21;E0;Man United;Chelsea;0;0;0;1;0,3886;0,4117;0,1997
16202;2020-10-24;T20-21;E0;Liverpool;Sheffield United;2;1;1;1;0,3809;0,4368;0,1823
16199;2020-10-24;T20-21;E0;West Ham;Man City;1;1;0;1;0,3843;0,393;0,2227
6161;2020-10-24;T20-21;D1;Dortmund;Schalke 04;3;0;1;1;0,3806;0,4376;0,1818
6160;2020-10-24;T20-21;D1;Union Berlin;Freiburg;1;1;0;1;0,3887;0,4123;0,199
6159;2020-10-24;T20-21;D1;RB Leipzig;Hertha;2;1;1;1;0,3809;0,4369;0,1822
6158;2020-10-24;T20-21;D1;Mainz;M'gladbach;2;3;2;1;0,3868;0,4022;0,2109
6157;2020-10-24;T20-21;D1;Bayern Munich;Ein Frankfurt;5;0;1;1;0,3759;0,4471;0,177
57900;2020-10-25;T20-21;SP2;Malaga;Mirandes;1;1;0;1;0,3888;0,4158;0,1954
57896;2020-10-25;T20-21;SP2;Sp Gijon;Ponferradina;2;1;1;1;0,3888;0,4136;0,1976
45435;2020-10-25;T20-21;SP1;Valladolid;Alaves;0;2;2;1;0,3888;0,414;0,1972
35323;2020-10-25;T20-21;I1;Juventus;Verona;1;1;0;1;0,3853;0,4278;0,1869
57899;2020-10-25;T20-21;SP2;Albacete;Vallecano;2;1;1;1;0,3872;0,4037;0,209
16205;2020-10-25;T20-21;E0;Arsenal;Leicester;0;1;2;1;0,388;0,4075;0,2045
35322;2020-10-25;T20-21;I1;Fiorentina;Udinese;3;2;1;1;0,3888;0,415;0,1961
6163;2020-10-25;T20-21;D1;Werder Bremen;Hoffenheim;1;1;0;1;0,3873;0,404;0,2087
45437;2020-10-25;T20-21;SP1;Getafe;Granada;0;1;2;1;0,3887;0,4122;0,1991
16204;2020-10-25;T20-21;E0;Wolves;Newcastle;1;1;0;1;0,3889;0,4174;0,1936
16203;2020-10-25;T20-21;E0;Southampton;Everton;2;0;1;1;0,3887;0,412;0,1993
6164;2020-10-26;T20-21;D1;Leverkusen;Augsburg;3;1;1;1;0,3848;0,4288;0,1864
16207;2020-10-26;T20-21;E0;Burnley;Tottenham;0;1;2;1;0,3869;0,4022;0,2109
45439;2020-10-26;T20-21;SP1;Levante;Celta;1;1;0;1;0,3888;0,414;0,1972
35324;2020-10-26;T20-21;I1;Milan;Roma;3;3;0;1;0,3885;0,4105;0,2011
57904;2020-10-28;T20-21;SP2;Albacete;Las Palmas;1;1;0;1;0,3885;0,4117;0,1998
57908;2020-10-29;T20-21;SP2;Alcorcon;Sp Gijon;1;2;2;1;0,3878;0,4066;0,2056
57910;2020-10-29;T20-21;SP2;Mirandes;Zaragoza;1;0;1;1;0,3887;0,4131;0,1983
57911;2020-10-29;T20-21;SP2;Tenerife;Lugo;1;1;0;1;0,3887;0,4137;0,1976
57913;2020-10-29;T20-21;SP2;Vallecano;Fuenlabrada;2;0;1;1;0,3888;0,4151;0,1962
16208;2020-10-30;T20-21;E0;Wolves;Crystal Palace;2;0;1;1;0,3888;0,4156;0,1956
35327;2020-10-31;T20-21;I1;Bologna;Cagliari;3;2;1;1;0,3888;0,4156;0,1956
45443;2020-10-31;T20-21;SP1;Osasuna;Ath Madrid;1;3;2;1;0,3866;0,4014;0,212
45444;2020-10-31;T20-21;SP1;Alaves;Barcelona;1;1;0;1;0,3855;0,3971;0,2175
35326;2020-10-31;T20-21;I1;Inter;Parma;2;2;0;1;0,3796;0,4397;0,1807
57915;2020-10-31;T20-21;SP2;Las Palmas;Oviedo;1;2;2;1;0,3889;0,4177;0,1934
26754;2020-10-31;T20-21;F1;Rennes;Brest;2;1;1;1;0,3888;0,4187;0,1925
45442;2020-10-31;T20-21;SP1;Ath Bilbao;Sevilla;2;1;1;1;0,3874;0,4046;0,2079
16210;2020-10-31;T20-21;E0;Burnley;Chelsea;0;3;2;1;0,3864;0,4004;0,2133
16209;2020-10-31;T20-21;E0;Sheffield United;Man City;0;1;2;1;0,3834;0,3899;0,2268
6170;2020-10-31;T20-21;D1;M'gladbach;RB Leipzig;1;0;1;1;0,3879;0,4067;0,2054
16211;2020-10-31;T20-21;E0;Liverpool;West Ham;2;1;1;1;0,382;0,4346;0,1834
6169;2020-10-31;T20-21;D1;FC Koln;Bayern Munich;1;2;2;1;0,3821;0,3857;0,2322
6168;2020-10-31;T20-21;D1;Ein Frankfurt;Werder Bremen;1;1;0;1;0,3885;0,4203;0,1912
6166;2020-10-31;T20-21;D1;Augsburg;Mainz;3;1;1;1;0,3886;0,4109;0,2005
35331;2020-11-01;T20-21;I1;Napoli;Sassuolo;0;2;2;1;0,3873;0,4235;0,1892
35332;2020-11-01;T20-21;I1;Roma;Fiorentina;2;0;1;1;0,388;0,4221;0,1899
35333;2020-11-01;T20-21;I1;Sampdoria;Genoa;1;1;0;1;0,3867;0,4247;0,1886
45446;2020-11-01;T20-21;SP1;Celta;Sociedad;1;4;2;1;0,3881;0,4083;0,2036
57918;2020-11-01;T20-21;SP2;Fuenlabrada;Tenerife;1;1;0;1;0,3883;0,4105;0,2012
45448;2020-11-01;T20-21;SP1;Valencia;Getafe;2;2;0;1;0,3887;0,4124;0,1989
35328;2020-11-01;T20-21;I1;Udinese;Milan;1;2;2;1;0,3873;0,4041;0,2086
57920;2020-11-01;T20-21;SP2;Lugo;Vallecano;1;0;1;1;0,3878;0,4072;0,205
57921;2020-11-01;T20-21;SP2;Almeria;Girona;0;0;0;1;0,3884;0,411;0,2006
45447;2020-11-01;T20-21;SP1;Granada;Levante;1;1;0;1;0,3887;0,4125;0,1989
26762;2020-11-01;T20-21;F1;Lille;Lyon;1;1;0;1;0,3876;0,4054;0,207
35330;2020-11-01;T20-21;I1;Torino;Lazio;3;4;2;1;0,3873;0,4041;0,2086
26760;2020-11-01;T20-21;F1;Reims;Strasbourg;2;1;1;1;0,3888;0,4137;0,1975
26759;2020-11-01;T20-21;F1;Nimes;Metz;0;1;2;1;0,3887;0,4127;0,1986
26757;2020-11-01;T20-21;F1;Angers;Nice;0;3;2;1;0,3888;0,4137;0,1976
26756;2020-11-01;T20-21;F1;St Etienne;Montpellier;0;1;2;1;0,3881;0,4084;0,2034
16215;2020-11-01;T20-21;E0;Tottenham;Brighton;2;1;1;1;0,3846;0,4293;0,1861
16214;2020-11-01;T20-21;E0;Man United;Arsenal;0;1;2;1;0,3888;0,4147;0,1966
16213;2020-11-01;T20-21;E0;Newcastle;Everton;2;1;1;1;0,388;0,4074;0,2046
16212;2020-11-01;T20-21;E0;Aston Villa;Southampton;3;4;2;1;0,3886;0,4109;0,2005
6172;2020-11-01;T20-21;D1;Hertha;Wolfsburg;1;1;0;1;0,3883;0,4091;0,2025
6171;2020-11-01;T20-21;D1;Freiburg;Leverkusen;2;4;2;1;0,3877;0,406;0,2063
26761;2020-11-01;T20-21;F1;Monaco;Bordeaux;4;0;1;1;0,3889;0,4166;0,1946
45449;2020-11-02;T20-21;SP1;Villarreal;Valladolid;2;0;1;1;0,3889;0,417;0,1941
6173;2020-11-02;T20-21;D1;Hoffenheim;Union Berlin;1;3;2;1;0,3889;0,4168;0,1943
35335;2020-11-04;T20-21;I1;Genoa;Torino;1;2;2;1;0,3886;0,4097;0,2017
57925;2020-11-04;T20-21;SP2;Zaragoza;Girona;2;2;0;1;0,3881;0,4099;0,202
57926;2020-11-05;T20-21;SP2;Alcorcon;Ponferradina;0;1;2;1;0,3885;0,4114;0,2002
6174;2020-11-06;T20-21;D1;Werder Bremen;FC Koln;1;1;0;1;0,3888;0,4145;0,1967
16218;2020-11-06;T20-21;E0;Brighton;Burnley;0;0;0;1;0,3888;0,4143;0,1969
16219;2020-11-06;T20-21;E0;Southampton;Newcastle;2;0;1;1;0,3888;0,4187;0,1925
26763;2020-11-06;T20-21;F1;Strasbourg;Marseille;0;1;2;1;0,3879;0,408;0,2041
35336;2020-11-06;T20-21;I1;Sassuolo;Udinese;0;0;0;1;0,3871;0,424;0,1889
35337;2020-11-07;T20-21;I1;Cagliari;Sampdoria;2;0;1;1;0,3887;0,4126;0,1987
35339;2020-11-07;T20-21;I1;Parma;Fiorentina;0;0;0;1;0,3882;0,4095;0,2023
16222;2020-11-07;T20-21;E0;Chelsea;Sheffield United;4;1;1;1;0,3867;0,4248;0,1885
45453;2020-11-07;T20-21;SP1;Sevilla;Osasuna;1;0;1;1;0,3866;0,425;0,1884
57930;2020-11-07;T20-21;SP2;Mirandes;Sp Gijon;1;0;1;1;0,3881;0,4081;0,2038
45452;2020-11-07;T20-21;SP1;Barcelona;Betis;5;2;1;1;0,3843;0,4298;0,1859
26765;2020-11-07;T20-21;F1;Paris SG;Rennes;3;0;1;1;0,3791;0,4406;0,1803
16220;2020-11-07;T20-21;E0;Everton;Man United;1;3;2;1;0,3877;0,4048;0,2075
26764;2020-11-07;T20-21;F1;Bordeaux;Montpellier;0;2;2;1;0,3884;0,4109;0,2007
6180;2020-11-07;T20-21;D1;Dortmund;Bayern Munich;2;3;2;1;0,3857;0,398;0,2163
6177;2020-11-07;T20-21;D1;RB Leipzig;Freiburg;3;0;1;1;0,3815;0,4356;0,1829
6176;2020-11-07;T20-21;D1;Mainz;Schalke 04;2;2;0;1;0,3889;0,4167;0,1944
6175;2020-11-07;T20-21;D1;Augsburg;Hertha;0;3;2;1;0,3887;0,4129;0,1984
57937;2020-11-08;T20-21;SP2;Tenerife;Zaragoza;1;0;1;1;0,3888;0,4139;0,1974
57935;2020-11-08;T20-21;SP2;Mallorca;Ponferradina;3;0;1;1;0,3875;0,4232;0,1894
57934;2020-11-08;T20-21;SP2;Vallecano;Almeria;0;1;2;1;0,3885;0,4131;0,1983
57933;2020-11-08;T20-21;SP2;Alcorcon;Fuenlabrada;0;3;2;1;0,3881;0,4092;0,2027
45459;2020-11-08;T20-21;SP1;Valencia;Real Madrid;4;1;1;1;0,3862;0,3996;0,2142
45458;2020-11-08;T20-21;SP1;Valladolid;Ath Bilbao;2;1;1;1;0,3873;0,404;0,2088
45457;2020-11-08;T20-21;SP1;Levante;Alaves;1;1;0;1;0,3889;0,4169;0,1942
45456;2020-11-08;T20-21;SP1;Sociedad;Granada;2;0;1;1;0,3887;0,4194;0,1919
45455;2020-11-08;T20-21;SP1;Getafe;Villarreal;1;3;2;1;0,3885;0,4112;0,2003
35345;2020-11-08;T20-21;I1;Milan;Verona;2;2;0;1;0,3832;0,4322;0,1846
35342;2020-11-08;T20-21;I1;Genoa;Roma;1;3;2;1;0,3853;0,3965;0,2183
35344;2020-11-08;T20-21;I1;Bologna;Napoli;0;1;2;1;0,3864;0,4007;0,2129
35340;2020-11-08;T20-21;I1;Lazio;Juventus;1;1;0;1;0,388;0,4077;0,2042
6181;2020-11-08;T20-21;D1;Wolfsburg;Hoffenheim;2;1;1;1;0,3884;0,4095;0,2021
35341;2020-11-08;T20-21;I1;Atalanta;Inter;1;1;0;1;0,3883;0,4093;0,2023
16225;2020-11-08;T20-21;E0;Leicester;Wolves;1;0;1;1;0,3888;0,4149;0,1963
16226;2020-11-08;T20-21;E0;Man City;Liverpool;1;1;0;1;0,3884;0,4107;0,2009
16227;2020-11-08;T20-21;E0;Arsenal;Aston Villa;0;3;2;1;0,3888;0,4132;0,198
6182;2020-11-08;T20-21;D1;Leverkusen;M'gladbach;4;3;1;1;0,3889;0,4171;0,194
26769;2020-11-08;T20-21;F1;Metz;Dijon;1;1;0;1;0,3886;0,4197;0,1917
26770;2020-11-08;T20-21;F1;Nimes;Angers;1;5;2;1;0,3887;0,4117;0,1996
26771;2020-11-08;T20-21;F1;Nice;Monaco;1;2;2;1;0,3882;0,4092;0,2026
26772;2020-11-08;T20-21;F1;Lyon;St Etienne;2;1;1;1;0,3842;0,4301;0,1858
26766;2020-11-08;T20-21;F1;Brest;Lille;3;2;1;1;0,3877;0,4057;0,2066
57938;2020-11-09;T20-21;SP2;Girona;Las Palmas;1;1;0;1;0,3889;0,4166;0,1945
57939;2020-11-13;T20-21;SP2;Zaragoza;Oviedo;1;2;2;1;0,3887;0,413;0,1983
57941;2020-11-14;T20-21;SP2;Almeria;Mirandes;2;1;1;1;0,3885;0,4202;0,1912
57942;2020-11-14;T20-21;SP2;Girona;Mallorca;0;1;2;1;0,3883;0,4096;0,2021
57943;2020-11-14;T20-21;SP2;Lugo;Albacete;1;0;1;1;0,3888;0,4151;0,1961
57945;2020-11-15;T20-21;SP2;Ponferradina;Malaga;1;1;0;1;0,3886;0,4117;0,1997
57948;2020-11-15;T20-21;SP2;Las Palmas;Tenerife;1;0;1;1;0,3887;0,4131;0,1982
57949;2020-11-16;T20-21;SP2;Sp Gijon;Vallecano;1;1;0;1;0,3879;0,4077;0,2044
57950;2020-11-20;T20-21;SP2;Alcorcon;Lugo;1;0;1;1;0,3882;0,4099;0,2019
26773;2020-11-20;T20-21;F1;Rennes;Bordeaux;0;1;2;1;0,3876;0,4229;0,1895
26774;2020-11-20;T20-21;F1;Monaco;Paris SG;3;2;1;1;0,3863;0,4002;0,2135
57955;2020-11-21;T20-21;SP2;Oviedo;Fuenlabrada;1;1;0;1;0,3888;0,414;0,1973
45464;2020-11-21;T20-21;SP1;Ath Madrid;Barcelona;1;0;1;1;0,3879;0,4059;0,2062
45463;2020-11-21;T20-21;SP1;Sevilla;Celta;4;2;1;1;0,3873;0,4236;0,1892
45462;2020-11-21;T20-21;SP1;Villarreal;Real Madrid;1;1;0;1;0,3869;0,4024;0,2107
26775;2020-11-21;T20-21;F1;Brest;St Etienne;4;1;1;1;0,3889;0,4167;0,1944
16229;2020-11-21;T20-21;E0;Aston Villa;Brighton;1;2;2;1;0,3888;0,4151;0,1961
35348;2020-11-21;T20-21;I1;Juventus;Cagliari;2;0;1;1;0,3841;0,4303;0,1856
6189;2020-11-21;T20-21;D1;Hertha;Dortmund;2;5;2;1;0,3872;0,4031;0,2098
6188;2020-11-21;T20-21;D1;Ein Frankfurt;RB Leipzig;1;1;0;1;0,3872;0,4035;0,2093
6187;2020-11-21;T20-21;D1;Schalke 04;Wolfsburg;0;2;2;1;0,388;0,4067;0,2054
6186;2020-11-21;T20-21;D1;M'gladbach;Augsburg;1;1;0;1;0,3845;0,4295;0,1861
6183;2020-11-21;T20-21;D1;Bayern Munich;Werder Bremen;1;1;0;1;0,3759;0,4472;0,177
16228;2020-11-21;T20-21;E0;Newcastle;Chelsea;0;2;2;1;0,3853;0,3964;0,2183
16230;2020-11-21;T20-21;E0;Tottenham;Man City;2;0;1;1;0,3863;0,4002;0,2135
45467;2020-11-22;T20-21;SP1;Granada;Valladolid;1;3;2;1;0,3887;0,413;0,1983
45465;2020-11-22;T20-21;SP1;Eibar;Getafe;0;0;0;1;0,3885;0,4101;0,2014
16233;2020-11-22;T20-21;E0;Sheffield United;West Ham;0;1;2;1;0,388;0,4065;0,2055
57957;2020-11-22;T20-21;SP2;Mallorca;Sp Gijon;0;0;0;1;0,3888;0,4152;0,196
35355;2020-11-22;T20-21;I1;Napoli;Milan;1;3;2;1;0,3885;0,4113;0,2002
45468;2020-11-22;T20-21;SP1;Alaves;Valencia;2;2;0;1;0,3881;0,4079;0,204
35352;2020-11-22;T20-21;I1;Sampdoria;Bologna;1;2;2;1;0,3885;0,4121;0,1993
6190;2020-11-22;T20-21;D1;Freiburg;Mainz;1;3;2;1;0,3888;0,4139;0,1973
35350;2020-11-22;T20-21;I1;Inter;Torino;4;2;1;1;0,383;0,4326;0,1844
26780;2020-11-22;T20-21;F1;Angers;Lyon;0;1;2;1;0,3866;0,4012;0,2123
26779;2020-11-22;T20-21;F1;Reims;Nimes;0;1;2;1;0,3877;0,4228;0,1896
26776;2020-11-22;T20-21;F1;Nantes;Metz;1;1;0;1;0,3889;0,4167;0,1944
16235;2020-11-22;T20-21;E0;Liverpool;Leicester;3;0;1;1;0,3851;0,4282;0,1867
57959;2020-11-22;T20-21;SP2;Ponferradina;Zaragoza;2;1;1;1;0,3887;0,4126;0,1987
35351;2020-11-22;T20-21;I1;Roma;Parma;3;0;1;1;0,3809;0,4369;0,1822
57960;2020-11-23;T20-21;SP2;Albacete;Almeria;1;2;2;1;0,3877;0,4065;0,2058
57963;2020-11-24;T20-21;SP2;Lugo;Oviedo;0;0;0;1;0,3883;0,4109;0,2009
57962;2020-11-24;T20-21;SP2;Girona;Malaga;0;1;2;1;0,3888;0,4139;0,1973
57966;2020-11-25;T20-21;SP2;Zaragoza;Vallecano;1;2;2;1;0,3877;0,406;0,2063
57968;2020-11-25;T20-21;SP2;Fuenlabrada;Ponferradina;1;1;0;1;0,3888;0,4137;0,1976
57964;2020-11-25;T20-21;SP2;Las Palmas;Mirandes;0;2;2;1;0,3888;0,4142;0,197
57971;2020-11-26;T20-21;SP2;Almeria;Tenerife;2;0;1;1;0,3888;0,4161;0,1951
57972;2020-11-27;T20-21;SP2;Alcorcon;Girona;1;0;1;1;0,3878;0,407;0,2052
57973;2020-11-27;T20-21;SP2;Malaga;Lugo;2;2;0;1;0,3887;0,4136;0,1977
45470;2020-11-27;T20-21;SP1;Valladolid;Levante;1;1;0;1;0,3885;0,4094;0,2021
16238;2020-11-27;T20-21;E0;Crystal Palace;Newcastle;0;2;2;1;0,3888;0,4147;0,1965
26783;2020-11-27;T20-21;F1;Strasbourg;Rennes;1;1;0;1;0,3874;0,4044;0,2081
6192;2020-11-27;T20-21;D1;Wolfsburg;Werder Bremen;5;3;1;1;0,3885;0,4207;0,1908
45474;2020-11-28;T20-21;SP1;Real Madrid;Alaves;1;2;2;1;0,3826;0,4333;0,1841
45473;2020-11-28;T20-21;SP1;Huesca;Sevilla;0;1;2;1;0,387;0,4027;0,2103
35358;2020-11-28;T20-21;I1;Atalanta;Verona;0;2;2;1;0,3837;0,4312;0,1852
35356;2020-11-28;T20-21;I1;Sassuolo;Inter;0;3;2;1;0,3876;0,4049;0,2076
26785;2020-11-28;T20-21;F1;Paris SG;Bordeaux;2;2;0;1;0,3776;0,4436;0,1787
45472;2020-11-28;T20-21;SP1;Valencia;Ath Madrid;0;1;2;1;0,3879;0,4066;0,2055
16239;2020-11-28;T20-21;E0;Brighton;Liverpool;1;1;0;1;0,3848;0,3947;0,2204
6198;2020-11-28;T20-21;D1;M'gladbach;Schalke 04;4;1;1;1;0,3856;0,4272;0,1873
6197;2020-11-28;T20-21;D1;Union Berlin;Ein Frankfurt;3;3;0;1;0,3883;0,4108;0,2009
6194;2020-11-28;T20-21;D1;Dortmund;FC Koln;1;2;2;1;0,3808;0,4371;0,1821
6193;2020-11-28;T20-21;D1;Augsburg;Freiburg;1;1;0;1;0,3887;0,412;0,1993
16240;2020-11-28;T20-21;E0;Man City;Burnley;5;0;1;1;0,3781;0,4426;0,1793
35361;2020-11-29;T20-21;I1;Milan;Fiorentina;2;0;1;1;0,3856;0,4272;0,1872
57981;2020-11-29;T20-21;SP2;Las Palmas;Sp Gijon;3;2;1;1;0,3886;0,4111;0,2003
57977;2020-11-29;T20-21;SP2;Albacete;Tenerife;0;2;2;1;0,3879;0,4077;0,2044
45478;2020-11-29;T20-21;SP1;Sociedad;Villarreal;1;1;0;1;0,3888;0,4153;0,1959
45477;2020-11-29;T20-21;SP1;Celta;Granada;3;1;1;1;0,3888;0,4141;0,1971
45476;2020-11-29;T20-21;SP1;Getafe;Ath Bilbao;1;1;0;1;0,3882;0,4083;0,2036
45475;2020-11-29;T20-21;SP1;Barcelona;Osasuna;4;0;1;1;0,3803;0,438;0,1816
35363;2020-11-29;T20-21;I1;Napoli;Roma;4;0;1;1;0,3883;0,4095;0,2022
35359;2020-11-29;T20-21;I1;Lazio;Udinese;1;3;2;1;0,3867;0,4246;0,1886
16245;2020-11-29;T20-21;E0;Arsenal;Wolves;1;2;2;1;0,3886;0,4103;0,2011
26790;2020-11-29;T20-21;F1;Monaco;Nimes;3;0;1;1;0,3829;0,4326;0,1844
26789;2020-11-29;T20-21;F1;Metz;Brest;0;2;2;1;0,3887;0,4131;0,1981
26786;2020-11-29;T20-21;F1;Lyon;Reims;3;0;1;1;0,3889;0,417;0,1941
16244;2020-11-29;T20-21;E0;Chelsea;Tottenham;0;0;0;1;0,3887;0,4123;0,199
16243;2020-11-29;T20-21;E0;Southampton;Man United;2;3;2;1;0,3881;0,407;0,2049
6200;2020-11-29;T20-21;D1;Mainz;Hoffenheim;1;1;0;1;0,3883;0,4078;0,2039
6199;2020-11-29;T20-21;D1;Leverkusen;Hertha;0;0;0;1;0,383;0,4325;0,1845
26792;2020-11-29;T20-21;F1;St Etienne;Lille;1;1;0;1;0,3867;0,4017;0,2116
57982;2020-11-30;T20-21;SP2;Oviedo;Almeria;1;2;2;1;0,3883;0,4102;0,2015
16247;2020-11-30;T20-21;E0;West Ham;Aston Villa;2;1;1;1;0,3886;0,4112;0,2002
35364;2020-11-30;T20-21;I1;Torino;Sampdoria;2;2;0;1;0,3883;0,4094;0,2022
45479;2020-11-30;T20-21;SP1;Betis;Eibar;0;2;2;1;0,3888;0,4146;0,1967
35365;2020-11-30;T20-21;I1;Genoa;Parma;1;2;2;1;0,3887;0,413;0,1983
57984;2020-12-01;T20-21;SP2;Girona;Mirandes;1;0;1;1;0,3888;0,414;0,1972
57983;2020-12-01;T20-21;SP2;Fuenlabrada;Malaga;0;2;2;1;0,3886;0,4129;0,1985
57985;2020-12-02;T20-21;SP2;Cartagena;Espanol;1;3;2;1;0,3879;0,4068;0,2053
57986;2020-12-02;T20-21;SP2;Leganes;Vallecano;1;0;1;1;0,3883;0,4106;0,2011
57988;2020-12-02;T20-21;SP2;Castellon;Zaragoza;1;0;1;1;0,3882;0,409;0,2028
57989;2020-12-02;T20-21;SP2;Lugo;Las Palmas;1;1;0;1;0,3887;0,4127;0,1986
57990;2020-12-03;T20-21;SP2;Almeria;Mallorca;0;1;2;1;0,3884;0,4096;0,202
57991;2020-12-03;T20-21;SP2;Oviedo;Alcorcon;1;1;0;1;0,3889;0,4172;0,1938
57993;2020-12-03;T20-21;SP2;Sp Gijon;Albacete;0;0;0;1;0,3882;0,4213;0,1906
45480;2020-12-04;T20-21;SP1;Ath Bilbao;Celta;0;2;2;1;0,3888;0,4151;0,1961
26793;2020-12-04;T20-21;F1;Nimes;Marseille;0;2;2;1;0,3874;0,4044;0,2082
6201;2020-12-04;T20-21;D1;Hertha;Union Berlin;3;1;1;1;0,3886;0,4111;0,2003
57997;2020-12-05;T20-21;SP2;Malaga;Cartagena;1;2;2;1;0,3889;0,4167;0,1944
57996;2020-12-05;T20-21;SP2;Mirandes;Lugo;0;0;0;1;0,3888;0,4152;0,196
57995;2020-12-05;T20-21;SP2;Ponferradina;Las Palmas;0;0;0;1;0,3887;0,4122;0,1992
57994;2020-12-05;T20-21;SP2;Vallecano;Logrones;2;1;1;1;0,3877;0,4227;0,1896
45483;2020-12-05;T20-21;SP1;Ath Madrid;Valladolid;2;0;1;1;0,3837;0,431;0,1853
45482;2020-12-05;T20-21;SP1;Sevilla;Real Madrid;0;1;2;1;0,3875;0,4051;0,2074
45481;2020-12-05;T20-21;SP1;Levante;Getafe;3;0;1;1;0,3887;0,4127;0,1986
35368;2020-12-05;T20-21;I1;Inter;Bologna;3;1;1;1;0,3823;0,4341;0,1836
16249;2020-12-05;T20-21;E0;Man City;Fulham;2;0;1;1;0,3787;0,4414;0,1799
26795;2020-12-05;T20-21;F1;Montpellier;Paris SG;1;3;2;1;0,3857;0,3979;0,2164
16250;2020-12-05;T20-21;E0;West Ham;Man United;1;3;2;1;0,3876;0,4049;0,2075
16248;2020-12-05;T20-21;E0;Burnley;Everton;1;1;0;1;0,3884;0,409;0,2026
6206;2020-12-05;T20-21;D1;Bayern Munich;RB Leipzig;3;3;0;1;0,3832;0,4322;0,1846
6205;2020-12-05;T20-21;D1;Freiburg;M'gladbach;2;2;0;1;0,388;0,4056;0,2064
6204;2020-12-05;T20-21;D1;FC Koln;Wolfsburg;2;2;0;1;0,3876;0,4052;0,2071
6203;2020-12-05;T20-21;D1;Ein Frankfurt;Dortmund;1;1;0;1;0,3875;0,4043;0,2082
35367;2020-12-05;T20-21;I1;Juventus;Torino;2;1;1;1;0,3831;0,4323;0,1846
45488;2020-12-06;T20-21;SP1;Alaves;Sociedad;0;0;0;1;0,3873;0,4039;0,2088
45485;2020-12-06;T20-21;SP1;Granada;Huesca;3;3;0;1;0,3887;0,4131;0,1982
45486;2020-12-06;T20-21;SP1;Osasuna;Betis;0;2;2;1;0,3884;0,4108;0,2008
57998;2020-12-06;T20-21;SP2;Alcorcon;Almeria;0;1;2;1;0,3881;0,4089;0,203
35373;2020-12-06;T20-21;I1;Sampdoria;Milan;1;2;2;1;0,3872;0,4035;0,2094
58000;2020-12-06;T20-21;SP2;Albacete;Girona;0;2;2;1;0,3877;0,4062;0,2061
58001;2020-12-06;T20-21;SP2;Sabadell;Oviedo;0;1;2;1;0,3878;0,4072;0,205
58002;2020-12-06;T20-21;SP2;Zaragoza;Fuenlabrada;1;0;1;1;0,3885;0,4113;0,2002
57999;2020-12-06;T20-21;SP2;Espanol;Sp Gijon;2;0;1;1;0,3883;0,4214;0,1903
35371;2020-12-06;T20-21;I1;Roma;Sassuolo;0;0;0;1;0,3848;0,4288;0,1864
35369;2020-12-06;T20-21;I1;Verona;Cagliari;1;1;0;1;0,3887;0,4197;0,1916
26802;2020-12-06;T20-21;F1;Metz;Lyon;1;3;2;1;0,3865;0,401;0,2125
26801;2020-12-06;T20-21;F1;Reims;Nice;0;0;0;1;0,3887;0,4113;0,2
26800;2020-12-06;T20-21;F1;Nantes;Strasbourg;0;4;2;1;0,3888;0,4141;0,1971
26799;2020-12-06;T20-21;F1;Dijon;St Etienne;0;0;0;1;0,3886;0,4112;0,2003
26798;2020-12-06;T20-21;F1;Bordeaux;Brest;1;0;1;1;0,3887;0,4121;0,1992
26796;2020-12-06;T20-21;F1;Lille;Monaco;2;1;1;1;0,3888;0,4142;0,197
16255;2020-12-06;T20-21;E0;Liverpool;Wolves;4;0;1;1;0,3835;0,4315;0,185
16254;2020-12-06;T20-21;E0;Tottenham;Arsenal;2;0;1;1;0,3887;0,4132;0,198
16253;2020-12-06;T20-21;E0;Sheffield United;Leicester;1;2;2;1;0,3877;0,4058;0,2066
6208;2020-12-06;T20-21;D1;Schalke 04;Leverkusen;0;3;2;1;0,3856;0,3974;0,217
58003;2020-12-07;T20-21;SP2;Tenerife;Leganes;0;0;0;1;0,3887;0,4117;0,1996
45489;2020-12-07;T20-21;SP1;Eibar;Valencia;0;0;0;1;0,3887;0,4126;0,1987
58004;2020-12-07;T20-21;SP2;Mallorca;Castellon;3;1;1;1;0,3807;0,4372;0,1821
16256;2020-12-07;T20-21;E0;Brighton;Southampton;1;2;2;1;0,3879;0,4065;0,2057
6209;2020-12-07;T20-21;D1;Hoffenheim;Augsburg;3;1;1;1;0,3874;0,4234;0,1893
35374;2020-12-07;T20-21;I1;Fiorentina;Genoa;1;1;0;1;0,3887;0,4195;0,1918
58005;2020-12-09;T20-21;SP2;Almeria;Zaragoza;1;0;1;1;0,3882;0,4215;0,1903
58006;2020-12-09;T20-21;SP2;Sabadell;Alcorcon;1;1;0;1;0,3882;0,4095;0,2023
58007;2020-12-10;T20-21;SP2;Girona;Logrones;2;0;1;1;0,3889;0,4171;0,194
58009;2020-12-11;T20-21;SP2;Oviedo;Tenerife;4;2;1;1;0,3887;0,4127;0,1987
45490;2020-12-11;T20-21;SP1;Valladolid;Osasuna;3;2;1;1;0,3888;0,4139;0,1973
58008;2020-12-11;T20-21;SP2;Lugo;Ponferradina;1;0;1;1;0,3888;0,4137;0,1975
6210;2020-12-11;T20-21;D1;Wolfsburg;Ein Frankfurt;2;1;1;1;0,3888;0,4176;0,1936
26803;2020-12-11;T20-21;F1;St Etienne;Angers;0;0;0;1;0,3885;0,4097;0,2018
35378;2020-12-12;T20-21;I1;Lazio;Verona;1;2;2;1;0,3872;0,4236;0,1891
58012;2020-12-12;T20-21;SP2;Fuenlabrada;Mirandes;0;1;2;1;0,3886;0,4121;0,1993
58011;2020-12-12;T20-21;SP2;Castellon;Albacete;3;0;1;1;0,3887;0,4121;0,1992
58010;2020-12-12;T20-21;SP2;Leganes;Mallorca;0;1;2;1;0,3881;0,4081;0,2038
45493;2020-12-12;T20-21;SP1;Huesca;Alaves;1;0;1;1;0,3887;0,4126;0,1987
45492;2020-12-12;T20-21;SP1;Getafe;Sevilla;0;1;2;1;0,3871;0,4034;0,2094
45491;2020-12-12;T20-21;SP1;Valencia;Ath Bilbao;2;2;0;1;0,3886;0,4106;0,2008
35377;2020-12-12;T20-21;I1;Torino;Udinese;2;3;2;1;0,3887;0,4134;0,1979
45494;2020-12-12;T20-21;SP1;Real Madrid;Ath Madrid;2;0;1;1;0,3888;0,4145;0,1968
16261;2020-12-12;T20-21;E0;Everton;Chelsea;1;0;1;1;0,3865;0,4011;0,2124
6211;2020-12-12;T20-21;D1;Dortmund;Stuttgart;1;5;2;1;0,3868;0,4245;0,1887
6213;2020-12-12;T20-21;D1;Mainz;FC Koln;0;1;2;1;0,3888;0,4154;0,1958
6214;2020-12-12;T20-21;D1;M'gladbach;Hertha;1;1;0;1;0,3882;0,4216;0,1902
26804;2020-12-12;T20-21;F1;Marseille;Monaco;2;1;1;1;0,3887;0,4143;0,197
6216;2020-12-12;T20-21;D1;Union Berlin;Bayern Munich;1;1;0;1;0,3834;0,3899;0,2267
16258;2020-12-12;T20-21;E0;Wolves;Aston Villa;0;1;2;1;0,3887;0,4132;0,198
16260;2020-12-12;T20-21;E0;Man United;Man City;0;0;0;1;0,3866;0,4013;0,2121
6215;2020-12-12;T20-21;D1;RB Leipzig;Werder Bremen;2;0;1;1;0,3825;0,4336;0,1839
58017;2020-12-13;T20-21;SP2;Sp Gijon;Zaragoza;1;0;1;1;0,3887;0,4135;0,1978
35381;2020-12-13;T20-21;I1;Bologna;Roma;1;5;2;1;0,3869;0,4022;0,2109
35382;2020-12-13;T20-21;I1;Napoli;Sampdoria;2;1;1;1;0,3837;0,431;0,1853
35383;2020-12-13;T20-21;I1;Genoa;Juventus;1;3;2;1;0,3841;0,3923;0,2236
35384;2020-12-13;T20-21;I1;Milan;Parma;2;2;0;1;0,3793;0,4403;0,1805
45495;2020-12-13;T20-21;SP1;Sociedad;Eibar;1;1;0;1;0,3888;0,4157;0,1954
45498;2020-12-13;T20-21;SP1;Barcelona;Levante;1;0;1;1;0,382;0,4347;0,1833
58013;2020-12-13;T20-21;SP2;Logrones;Espanol;0;3;2;1;0,3864;0,4004;0,2132
58014;2020-12-13;T20-21;SP2;Almeria;Malaga;3;1;1;1;0,3888;0,4156;0,1956
35380;2020-12-13;T20-21;I1;Atalanta;Fiorentina;3;0;1;1;0,3852;0,4279;0,1869
58016;2020-12-13;T20-21;SP2;Cartagena;Sabadell;1;2;2;1;0,3877;0,4226;0,1897
45496;2020-12-13;T20-21;SP1;Betis;Villarreal;1;1;0;1;0,3887;0,4124;0,1989
58015;2020-12-13;T20-21;SP2;Las Palmas;Alcorcon;0;0;0;1;0,3888;0,4159;0,1953
26812;2020-12-13;T20-21;F1;Paris SG;Lyon;0;1;2;1;0,3863;0,4257;0,1881
26811;2020-12-13;T20-21;F1;Lille;Bordeaux;2;1;1;1;0,3859;0,4264;0,1877
6217;2020-12-13;T20-21;D1;Augsburg;Schalke 04;2;2;0;1;0,3888;0,4147;0,1965
35379;2020-12-13;T20-21;I1;Cagliari;Inter;1;3;2;1;0,3861;0,3995;0,2144
16262;2020-12-13;T20-21;E0;Southampton;Sheffield United;3;0;1;1;0,3883;0,4205;0,1912
16263;2020-12-13;T20-21;E0;Crystal Palace;Tottenham;1;1;0;1;0,3879;0,4061;0,206
16264;2020-12-13;T20-21;E0;Fulham;Liverpool;1;1;0;1;0,3844;0,3933;0,2223
6218;2020-12-13;T20-21;D1;Leverkusen;Hoffenheim;4;1;1;1;0,3889;0,4174;0,1937
16266;2020-12-13;T20-21;E0;Leicester;Brighton;3;0;1;1;0,3885;0,4208;0,1907
26806;2020-12-13;T20-21;F1;Nice;Rennes;0;1;2;1;0,3886;0,4111;0,2003
26807;2020-12-13;T20-21;F1;Brest;Reims;2;1;1;1;0,3885;0,4108;0,2008
26809;2020-12-13;T20-21;F1;Nantes;Dijon;1;1;0;1;0,3889;0,4175;0,1936
26810;2020-12-13;T20-21;F1;Strasbourg;Metz;2;2;0;1;0,3888;0,4143;0,1969
16265;2020-12-13;T20-21;E0;Arsenal;Burnley;0;1;2;1;0,3886;0,42;0,1914
58018;2020-12-14;T20-21;SP2;Girona;Vallecano;0;0;0;1;0,3885;0,4118;0,1996
45500;2020-12-15;T20-21;SP1;Real Madrid;Ath Bilbao;3;1;1;1;0,3844;0,4296;0,186
6219;2020-12-15;T20-21;D1;Ein Frankfurt;M'gladbach;3;3;0;1;0,3881;0,4072;0,2047
6220;2020-12-15;T20-21;D1;Hertha;Mainz;0;0;0;1;0,3888;0,4141;0,1971
6221;2020-12-15;T20-21;D1;Stuttgart;Union Berlin;2;2;0;1;0,3889;0,4174;0,1937
6222;2020-12-15;T20-21;D1;Werder Bremen;Dortmund;1;2;2;1;0,3864;0,4003;0,2133
16267;2020-12-15;T20-21;E0;Wolves;Chelsea;2;1;1;1;0,3871;0,4031;0,2099
26822;2020-12-16;T20-21;F1;Rennes;Marseille;2;1;1;1;0,3883;0,4112;0,2005
35387;2020-12-16;T20-21;I1;Juventus;Atalanta;1;1;0;1;0,3887;0,4135;0,1979
26818;2020-12-16;T20-21;F1;Bordeaux;St Etienne;1;2;2;1;0,3888;0,4142;0,197
26819;2020-12-16;T20-21;F1;Lyon;Brest;2;2;0;1;0,3849;0,4285;0,1866
35388;2020-12-16;T20-21;I1;Fiorentina;Sassuolo;1;1;0;1;0,3887;0,4119;0,1995
26817;2020-12-16;T20-21;F1;Reims;Nantes;3;2;1;1;0,3887;0,4129;0,1984
35390;2020-12-16;T20-21;I1;Inter;Napoli;1;0;1;1;0,3884;0,4128;0,1988
35391;2020-12-16;T20-21;I1;Parma;Cagliari;0;0;0;1;0,3887;0,4126;0,1986
35393;2020-12-16;T20-21;I1;Verona;Sampdoria;1;2;2;1;0,3888;0,4157;0,1955
45501;2020-12-16;T20-21;SP1;Barcelona;Sociedad;2;1;1;1;0,3857;0,4269;0,1874
35389;2020-12-16;T20-21;I1;Genoa;Milan;2;2;0;1;0,3854;0,397;0,2176
26816;2020-12-16;T20-21;F1;Nimes;Nice;0;2;2;1;0,3883;0,4081;0,2036
6227;2020-12-16;T20-21;D1;Hoffenheim;RB Leipzig;0;1;2;1;0,388;0,4072;0,2047
26814;2020-12-16;T20-21;F1;Dijon;Lille;0;2;2;1;0,3867;0,4016;0,2117
26813;2020-12-16;T20-21;F1;Angers;Strasbourg;0;2;2;1;0,3888;0,4141;0,1971
16274;2020-12-16;T20-21;E0;West Ham;Crystal Palace;1;1;0;1;0,3887;0,4126;0,1987
16273;2020-12-16;T20-21;E0;Liverpool;Tottenham;2;1;1;1;0,3889;0,4172;0,1939
16272;2020-12-16;T20-21;E0;Fulham;Brighton;0;0;0;1;0,3887;0,4117;0,1996
16271;2020-12-16;T20-21;E0;Leicester;Everton;0;2;2;1;0,3889;0,4167;0,1944
16269;2020-12-16;T20-21;E0;Arsenal;Southampton;1;1;0;1;0,3883;0,4103;0,2014
26815;2020-12-16;T20-21;F1;Montpellier;Metz;0;2;2;1;0,3878;0,4224;0,1898
6226;2020-12-16;T20-21;D1;FC Koln;Leverkusen;0;4;2;1;0,3855;0,3971;0,2174
6224;2020-12-16;T20-21;D1;Bayern Munich;Wolfsburg;2;1;1;1;0,3792;0,4405;0,1803
6223;2020-12-16;T20-21;D1;Schalke 04;Freiburg;0;2;2;1;0,3886;0,4099;0,2014
16276;2020-12-17;T20-21;E0;Sheffield United;Man United;2;3;2;1;0,3864;0,4004;0,2133
35394;2020-12-17;T20-21;I1;Roma;Torino;3;1;1;1;0,383;0,4324;0,1845
16275;2020-12-17;T20-21;E0;Aston Villa;Burnley;0;0;0;1;0,3888;0,4152;0,196
6228;2020-12-18;T20-21;D1;Union Berlin;Dortmund;2;1;1;1;0,387;0,403;0,21
45502;2020-12-18;T20-21;SP1;Ath Bilbao;Huesca;2;0;1;1;0,3888;0,4159;0,1952
58019;2020-12-18;T20-21;SP2;Ponferradina;Oviedo;1;0;1;1;0,3882;0,4098;0,202
35395;2020-12-19;T20-21;I1;Fiorentina;Verona;1;1;0;1;0,3888;0,415;0,1962
58022;2020-12-19;T20-21;SP2;Zaragoza;Lugo;1;0;1;1;0,3886;0,4127;0,1986
58021;2020-12-19;T20-21;SP2;Mallorca;Fuenlabrada;2;3;2;1;0,3847;0,429;0,1863
58020;2020-12-19;T20-21;SP2;Sabadell;Castellon;1;1;0;1;0,3885;0,4121;0,1994
45507;2020-12-19;T20-21;SP1;Sevilla;Valladolid;1;1;0;1;0,3872;0,4238;0,189
45506;2020-12-19;T20-21;SP1;Osasuna;Villarreal;1;3;2;1;0,3881;0,4078;0,2041
45505;2020-12-19;T20-21;SP1;Levante;Sociedad;2;1;1;1;0,3878;0,407;0,2052
45504;2020-12-19;T20-21;SP1;Barcelona;Valencia;2;2;0;1;0,3816;0,4354;0,183
35397;2020-12-19;T20-21;I1;Parma;Juventus;0;4;2;1;0,385;0,3955;0,2195
26825;2020-12-19;T20-21;F1;Nice;Lyon;1;4;2;1;0,3865;0,401;0,2125
16278;2020-12-19;T20-21;E0;Southampton;Man City;0;1;2;1;0,3852;0,3962;0,2185
16280;2020-12-19;T20-21;E0;Newcastle;Fulham;1;1;0;1;0,3888;0,4159;0,1953
16279;2020-12-19;T20-21;E0;Everton;Arsenal;2;1;1;1;0,3886;0,4109;0,2006
16277;2020-12-19;T20-21;E0;Crystal Palace;Liverpool;0;7;2;1;0,3852;0,3961;0,2187
6234;2020-12-19;T20-21;D1;Leverkusen;Bayern Munich;1;2;2;1;0,3869;0,4023;0,2108
6232;2020-12-19;T20-21;D1;RB Leipzig;FC Koln;0;0;0;1;0,3814;0,4358;0,1828
6231;2020-12-19;T20-21;D1;M'gladbach;Hoffenheim;1;2;2;1;0,3888;0,4149;0,1963
6230;2020-12-19;T20-21;D1;Mainz;Werder Bremen;0;1;2;1;0,3886;0,411;0,2003
6229;2020-12-19;T20-21;D1;Augsburg;Ein Frankfurt;0;2;2;1;0,3881;0,408;0,2039
26824;2020-12-19;T20-21;F1;Marseille;Reims;1;1;0;1;0,3889;0,4168;0,1943
35403;2020-12-20;T20-21;I1;Atalanta;Roma;4;1;1;1;0,3883;0,4106;0,2012
35404;2020-12-20;T20-21;I1;Lazio;Napoli;2;0;1;1;0,3878;0,4065;0,2057
45508;2020-12-20;T20-21;SP1;Celta;Alaves;2;0;1;1;0,3889;0,4172;0,1939
45509;2020-12-20;T20-21;SP1;Granada;Betis;2;0;1;1;0,3887;0,412;0,1994
58026;2020-12-20;T20-21;SP2;Malaga;Logrones;0;0;0;1;0,3888;0,4148;0,1964
58023;2020-12-20;T20-21;SP2;Alcorcon;Cartagena;2;1;1;1;0,3889;0,4171;0,194
58024;2020-12-20;T20-21;SP2;Espanol;Almeria;2;1;1;1;0,3861;0,4259;0,1879
58025;2020-12-20;T20-21;SP2;Vallecano;Las Palmas;2;0;1;1;0,3889;0,4172;0,1939
35402;2020-12-20;T20-21;I1;Sassuolo;Milan;1;2;2;1;0,3876;0,4055;0,2069
45511;2020-12-20;T20-21;SP1;Eibar;Real Madrid;1;3;2;1;0,3863;0,4001;0,2137
35400;2020-12-20;T20-21;I1;Cagliari;Udinese;1;1;0;1;0,3887;0,4127;0,1986
16281;2020-12-20;T20-21;E0;Brighton;Sheffield United;1;1;0;1;0,3888;0,4136;0,1976
26832;2020-12-20;T20-21;F1;Lille;Paris SG;0;0;0;1;0,387;0,4027;0,2103
26831;2020-12-20;T20-21;F1;Lorient;Rennes;0;3;2;1;0,3864;0,4004;0,2132
26830;2020-12-20;T20-21;F1;Strasbourg;Bordeaux;0;2;2;1;0,3887;0,4117;0,1996
26829;2020-12-20;T20-21;F1;St Etienne;Nimes;2;2;0;1;0,389;0,4183;0,1927
26828;2020-12-20;T20-21;F1;Nantes;Angers;1;1;0;1;0,3887;0,4124;0,1989
26827;2020-12-20;T20-21;F1;Dijon;Monaco;0;1;2;1;0,387;0,4029;0,21
26826;2020-12-20;T20-21;F1;Brest;Montpellier;2;2;0;1;0,3884;0,4104;0,2011
16282;2020-12-20;T20-21;E0;Tottenham;Leicester;0;2;2;1;0,3886;0,4114;0,2
35398;2020-12-20;T20-21;I1;Torino;Bologna;1;1;0;1;0,3885;0,4108;0,2007
6236;2020-12-20;T20-21;D1;Wolfsburg;Stuttgart;1;0;1;1;0,3888;0,4142;0,1971
6235;2020-12-20;T20-21;D1;Freiburg;Hertha;4;1;1;1;0,3889;0,4174;0,1937
58028;2020-12-21;T20-21;SP2;Sp Gijon;Leganes;1;1;0;1;0,3887;0,4116;0,1997
58027;2020-12-21;T20-21;SP2;Mirandes;Albacete;0;2;2;1;0,3872;0,4238;0,189
58029;2020-12-21;T20-21;SP2;Tenerife;Girona;2;0;1;1;0,3882;0,41;0,2018
16285;2020-12-21;T20-21;E0;Burnley;Wolves;2;1;1;1;0,3882;0,4073;0,2045
16286;2020-12-21;T20-21;E0;Chelsea;West Ham;3;0;1;1;0,3883;0,4213;0,1905
35406;2020-12-22;T20-21;I1;Juventus;Fiorentina;0;3;2;1;0,3822;0,4342;0,1836
45513;2020-12-22;T20-21;SP1;Valencia;Sevilla;0;1;2;1;0,3878;0,4068;0,2054
45514;2020-12-22;T20-21;SP1;Huesca;Levante;1;1;0;1;0,3881;0,4087;0,2032
45515;2020-12-22;T20-21;SP1;Sociedad;Ath Madrid;0;2;2;1;0,388;0,4077;0,2043
45516;2020-12-22;T20-21;SP1;Valladolid;Barcelona;0;3;2;1;0,385;0,3954;0,2197
45517;2020-12-22;T20-21;SP1;Villarreal;Ath Bilbao;1;1;0;1;0,3887;0,4124;0,1989
35409;2020-12-23;T20-21;I1;Milan;Lazio;3;2;1;1;0,3876;0,4226;0,1899
35410;2020-12-23;T20-21;I1;Napoli;Torino;1;1;0;1;0,3847;0,4289;0,1864
35411;2020-12-23;T20-21;I1;Roma;Cagliari;3;2;1;1;0,3832;0,4321;0,1847
45520;2020-12-23;T20-21;SP1;Alaves;Eibar;2;1;1;1;0,388;0,4076;0,2043
45518;2020-12-23;T20-21;SP1;Getafe;Celta;1;1;0;1;0,3887;0,4136;0,1977
45519;2020-12-23;T20-21;SP1;Real Madrid;Granada;2;0;1;1;0,3831;0,4323;0,1846
35408;2020-12-23;T20-21;I1;Bologna;Atalanta;2;2;0;1;0,3871;0,403;0,2099
35412;2020-12-23;T20-21;I1;Sampdoria;Sassuolo;2;3;2;1;0,3887;0,413;0,1983
26842;2020-12-23;T20-21;F1;Paris SG;Strasbourg;4;0;1;1;0,3792;0,4404;0,1804
35407;2020-12-23;T20-21;I1;Verona;Inter;1;2;2;1;0,3864;0,4004;0,2132
26841;2020-12-23;T20-21;F1;Montpellier;Lille;2;3;2;1;0,3886;0,4113;0,2001
26840;2020-12-23;T20-21;F1;Monaco;St Etienne;2;2;0;1;0,3875;0,4232;0,1894
26839;2020-12-23;T20-21;F1;Lyon;Nantes;3;0;1;1;0,3838;0,4308;0,1854
26838;2020-12-23;T20-21;F1;Angers;Marseille;2;1;1;1;0,3879;0,408;0,2041
26837;2020-12-23;T20-21;F1;Rennes;Metz;1;0;1;1;0,3872;0,4238;0,1891
26836;2020-12-23;T20-21;F1;Nimes;Dijon;1;3;2;1;0,3888;0,4159;0,1952
26835;2020-12-23;T20-21;F1;Nice;Lorient;2;2;0;1;0,3876;0,4229;0,1895
26834;2020-12-23;T20-21;F1;Lens;Brest;2;1;1;1;0,3888;0,4143;0,1969
26833;2020-12-23;T20-21;F1;Bordeaux;Reims;1;3;2;1;0,3884;0,4109;0,2007
16292;2020-12-26;T20-21;E0;Sheffield United;Everton;0;1;2;1;0,3876;0,4053;0,2071
16291;2020-12-26;T20-21;E0;Man City;Newcastle;2;0;1;1;0,3799;0,439;0,1811
16290;2020-12-26;T20-21;E0;Arsenal;Chelsea;3;1;1;1;0,3868;0,402;0,2112
16289;2020-12-26;T20-21;E0;Fulham;Southampton;0;0;0;1;0,3872;0,4038;0,209
16288;2020-12-26;T20-21;E0;Aston Villa;Crystal Palace;3;0;1;1;0,3888;0,4155;0,1957
16287;2020-12-26;T20-21;E0;Leicester;Man United;2;2;0;1;0,3885;0,4097;0,2018
16294;2020-12-27;T20-21;E0;West Ham;Brighton;2;2;0;1;0,3888;0,4141;0,1971
16296;2020-12-27;T20-21;E0;Wolves;Tottenham;1;1;0;1;0,3882;0,4083;0,2036
16298;2020-12-28;T20-21;E0;Chelsea;Aston Villa;1;1;0;1;0,3889;0,4166;0,1944
16297;2020-12-28;T20-21;E0;Crystal Palace;Leicester;1;1;0;1;0,3877;0,4051;0,2072
45524;2020-12-29;T20-21;SP1;Cadiz;Valladolid;0;0;0;1;0,3887;0,411;0,2004
16302;2020-12-29;T20-21;E0;West Brom;Leeds;0;5;2;1;0,3875;0,4038;0,2087
45523;2020-12-29;T20-21;SP1;Barcelona;Eibar;1;1;0;1;0,3812;0,4362;0,1826
45525;2020-12-29;T20-21;SP1;Levante;Betis;4;3;1;1;0,3887;0,4129;0,1984
45522;2020-12-29;T20-21;SP1;Sevilla;Villarreal;2;0;1;1;0,3888;0,4156;0,1956
16299;2020-12-29;T20-21;E0;Brighton;Arsenal;0;1;2;1;0,3879;0,407;0,2051
16301;2020-12-29;T20-21;E0;Southampton;West Ham;0;0;0;1;0,3888;0,4141;0,1971
16300;2020-12-29;T20-21;E0;Burnley;Sheffield United;1;0;1;1;0,3888;0,4141;0,1971
16303;2020-12-29;T20-21;E0;Man United;Wolves;1;0;1;1;0,3875;0,423;0,1894
16304;2020-12-30;T20-21;E0;Newcastle;Liverpool;0;0;0;1;0,3846;0,3941;0,2213
45526;2020-12-30;T20-21;SP1;Granada;Valencia;2;1;1;1;0,3887;0,4135;0,1978
45527;2020-12-30;T20-21;SP1;Ath Madrid;Getafe;1;0;1;1;0,3853;0,4276;0,187
45528;2020-12-30;T20-21;SP1;Celta;Huesca;2;1;1;1;0,3888;0,414;0,1972
45530;2020-12-31;T20-21;SP1;Ath Bilbao;Sociedad;0;1;2;1;0,3884;0,4102;0,2013
45531;2020-12-31;T20-21;SP1;Osasuna;Alaves;1;1;0;1;0,3888;0,4157;0,1955
16305;2021-01-01;T20-21;E0;Everton;West Ham;0;1;2;1;0,3888;0,4137;0,1976
16306;2021-01-01;T20-21;E0;Man United;Aston Villa;2;1;1;1;0,3873;0,4237;0,189
45534;2021-01-02;T20-21;SP1;Getafe;Valladolid;0;1;2;1;0,3887;0,4127;0,1985
45535;2021-01-02;T20-21;SP1;Real Madrid;Celta;2;0;1;1;0,3842;0,4299;0,1859
58030;2021-01-02;T20-21;SP2;Fuenlabrada;Leganes;0;0;0;1;0,3883;0,4094;0,2024
6243;2021-01-02;T20-21;D1;Stuttgart;RB Leipzig;0;1;2;1;0,3873;0,4039;0,2089
58032;2021-01-02;T20-21;SP2;Logrones;Mirandes;2;1;1;1;0,3882;0,409;0,2028
58033;2021-01-02;T20-21;SP2;Cartagena;Zaragoza;1;1;0;1;0,3882;0,4088;0,2031
45533;2021-01-02;T20-21;SP1;Betis;Sevilla;1;1;0;1;0,3878;0,4073;0,2049
58031;2021-01-02;T20-21;SP2;Vallecano;Alcorcon;2;1;1;1;0,3888;0,4161;0,1951
45532;2021-01-02;T20-21;SP1;Villarreal;Levante;2;1;1;1;0,3888;0,4155;0,1957
6240;2021-01-02;T20-21;D1;Hoffenheim;Freiburg;1;3;2;1;0,3888;0,4155;0,1957
16309;2021-01-02;T20-21;E0;Brighton;Wolves;3;3;0;1;0,3882;0,4082;0,2036
16308;2021-01-02;T20-21;E0;Crystal Palace;Sheffield United;2;0;1;1;0,3887;0,4129;0,1984
16307;2021-01-02;T20-21;E0;Tottenham;Leeds;3;0;1;1;0,3881;0,4081;0,2038
6242;2021-01-02;T20-21;D1;Hertha;Schalke 04;3;0;1;1;0,3869;0,4244;0,1887
6241;2021-01-02;T20-21;D1;Werder Bremen;Union Berlin;0;2;2;1;0,3887;0,4118;0,1995
6239;2021-01-02;T20-21;D1;FC Koln;Augsburg;0;1;2;1;0,3888;0,414;0,1972
6238;2021-01-02;T20-21;D1;Ein Frankfurt;Leverkusen;2;1;1;1;0,388;0,4075;0,2044
16310;2021-01-02;T20-21;E0;West Brom;Arsenal;0;4;2;1;0,3861;0,3995;0,2143
58036;2021-01-03;T20-21;SP2;Albacete;Malaga;1;1;0;1;0,388;0,4077;0,2043
58035;2021-01-03;T20-21;SP2;Las Palmas;Espanol;1;0;1;1;0,3871;0,4033;0,2096
58034;2021-01-03;T20-21;SP2;Castellon;Tenerife;0;1;2;1;0,388;0,4086;0,2033
45540;2021-01-03;T20-21;SP1;Huesca;Barcelona;0;1;2;1;0,3845;0,3937;0,2218
45539;2021-01-03;T20-21;SP1;Sociedad;Osasuna;1;1;0;1;0,3879;0,4223;0,1899
45538;2021-01-03;T20-21;SP1;Eibar;Granada;2;0;1;1;0,3887;0,4133;0,198
45537;2021-01-03;T20-21;SP1;Alaves;Ath Madrid;1;2;2;1;0,3867;0,4018;0,2115
35424;2021-01-03;T20-21;I1;Juventus;Udinese;4;1;1;1;0,3804;0,4379;0,1817
35420;2021-01-03;T20-21;I1;Parma;Torino;0;3;2;1;0,3887;0,4126;0,1986
35419;2021-01-03;T20-21;I1;Genoa;Lazio;1;1;0;1;0,3865;0,401;0,2125
35418;2021-01-03;T20-21;I1;Fiorentina;Bologna;0;0;0;1;0,3888;0,4142;0,1971
35417;2021-01-03;T20-21;I1;Cagliari;Napoli;1;4;2;1;0,3857;0,3979;0,2164
35416;2021-01-03;T20-21;I1;Atalanta;Sassuolo;5;1;1;1;0,3835;0,4316;0,1849
16312;2021-01-03;T20-21;E0;Chelsea;Man City;1;3;2;1;0,3864;0,4006;0,213
16311;2021-01-03;T20-21;E0;Newcastle;Leicester;1;2;2;1;0,3875;0,4048;0,2077
6245;2021-01-03;T20-21;D1;Bayern Munich;Mainz;5;2;1;1;0,3746;0,4497;0,1757
35421;2021-01-03;T20-21;I1;Roma;Sampdoria;1;0;1;1;0,383;0,4327;0,1844
16313;2021-01-04;T20-21;E0;Southampton;Liverpool;1;0;1;1;0,3852;0,3961;0,2187
45541;2021-01-04;T20-21;SP1;Valencia;Cadiz;1;1;0;1;0,389;0,4177;0,1933
35430;2021-01-06;T20-21;I1;Sampdoria;Inter;2;1;1;1;0,3864;0,4005;0,2132
35428;2021-01-06;T20-21;I1;Crotone;Roma;1;3;2;1;0,385;0,3955;0,2195
35429;2021-01-06;T20-21;I1;Lazio;Fiorentina;2;1;1;1;0,3889;0,417;0,1941
35431;2021-01-06;T20-21;I1;Sassuolo;Genoa;2;1;1;1;0,3865;0,425;0,1884
35427;2021-01-06;T20-21;I1;Bologna;Udinese;2;2;0;1;0,3888;0,4154;0,1958
35433;2021-01-06;T20-21;I1;Napoli;Spezia;1;2;2;1;0,3797;0,4392;0,181
35434;2021-01-06;T20-21;I1;Milan;Juventus;1;3;2;1;0,3883;0,4099;0,2018
45542;2021-01-06;T20-21;SP1;Ath Bilbao;Barcelona;2;3;2;1;0,3854;0,397;0,2176
35432;2021-01-06;T20-21;I1;Torino;Verona;1;1;0;1;0,3888;0,4137;0,1976
35426;2021-01-06;T20-21;I1;Atalanta;Parma;3;0;1;1;0,3796;0,4396;0,1808
26848;2021-01-06;T20-21;F1;Lille;Angers;1;2;2;1;0,3859;0,4266;0,1875
26852;2021-01-06;T20-21;F1;St Etienne;Paris SG;1;1;0;1;0,3856;0,3975;0,217
26851;2021-01-06;T20-21;F1;Reims;Dijon;0;0;0;1;0,3886;0,4201;0,1913
26850;2021-01-06;T20-21;F1;Marseille;Montpellier;3;1;1;1;0,3887;0,413;0,1983
26849;2021-01-06;T20-21;F1;Lyon;Lens;3;2;1;1;0,3857;0,4269;0,1875
35425;2021-01-06;T20-21;I1;Cagliari;Benevento;1;2;2;1;0,3888;0,4153;0,1959
26847;2021-01-06;T20-21;F1;Strasbourg;Nimes;5;0;1;1;0,3888;0,4161;0,195
26846;2021-01-06;T20-21;F1;Nantes;Rennes;0;0;0;1;0,3881;0,4078;0,2042
26845;2021-01-06;T20-21;F1;Metz;Bordeaux;0;0;0;1;0,3885;0,4108;0,2007
26844;2021-01-06;T20-21;F1;Lorient;Monaco;2;5;2;1;0,3873;0,404;0,2087
26843;2021-01-06;T20-21;F1;Brest;Nice;2;0;1;1;0,3888;0,4144;0,1969
58041;2021-01-08;T20-21;SP2;Zaragoza;Logrones;2;0;1;1;0,3888;0,4139;0,1974
45543;2021-01-08;T20-21;SP1;Celta;Villarreal;0;4;2;1;0,3887;0,4112;0,2002
6246;2021-01-08;T20-21;D1;M'gladbach;Bayern Munich;3;2;1;1;0,3858;0,3984;0,2158
45546;2021-01-09;T20-21;SP1;Osasuna;Real Madrid;0;0;0;1;0,3856;0,3975;0,2169
45545;2021-01-09;T20-21;SP1;Granada;Barcelona;0;4;2;1;0,3854;0,397;0,2176
45544;2021-01-09;T20-21;SP1;Sevilla;Sociedad;3;2;1;1;0,3887;0,4132;0,198
35437;2021-01-09;T20-21;I1;Milan;Torino;2;0;1;1;0,3832;0,4321;0,1847
35436;2021-01-09;T20-21;I1;Genoa;Bologna;2;0;1;1;0,3879;0,4071;0,205
35435;2021-01-09;T20-21;I1;Benevento;Atalanta;1;4;2;1;0,3861;0,3992;0,2147
26862;2021-01-09;T20-21;F1;Rennes;Lyon;2;2;0;1;0,3866;0,4014;0,212
26861;2021-01-09;T20-21;F1;Reims;St Etienne;3;1;1;1;0,3886;0,4109;0,2005
26860;2021-01-09;T20-21;F1;Paris SG;Brest;3;0;1;1;0,3798;0,4393;0,181
26859;2021-01-09;T20-21;F1;Nimes;Lille;0;1;2;1;0,3871;0,4031;0,2098
26858;2021-01-09;T20-21;F1;Montpellier;Nantes;1;1;0;1;0,3888;0,4155;0,1957
58042;2021-01-09;T20-21;SP2;Malaga;Oviedo;1;1;0;1;0,3886;0,4121;0,1993
26856;2021-01-09;T20-21;F1;Metz;Nice;1;1;0;1;0,3887;0,4135;0,1978
26857;2021-01-09;T20-21;F1;Monaco;Angers;3;0;1;1;0,3889;0,4177;0,1934
6247;2021-01-09;T20-21;D1;Freiburg;FC Koln;5;0;1;1;0,3889;0,417;0,194
6249;2021-01-09;T20-21;D1;Mainz;Ein Frankfurt;0;2;2;1;0,388;0,4077;0,2043
6250;2021-01-09;T20-21;D1;Schalke 04;Hoffenheim;4;0;1;1;0,3871;0,4033;0,2096
6248;2021-01-09;T20-21;D1;Leverkusen;Werder Bremen;1;1;0;1;0,3821;0,4344;0,1835
6252;2021-01-09;T20-21;D1;RB Leipzig;Dortmund;1;3;2;1;0,3885;0,4103;0,2012
26853;2021-01-09;T20-21;F1;Bordeaux;Lorient;2;1;1;1;0,3889;0,4176;0,1934
26854;2021-01-09;T20-21;F1;Dijon;Marseille;0;0;0;1;0,3866;0,4013;0,2122
26855;2021-01-09;T20-21;F1;Lens;Strasbourg;0;1;2;1;0,3885;0,4108;0,2006
6251;2021-01-09;T20-21;D1;Union Berlin;Wolfsburg;2;2;0;1;0,3885;0,4106;0,2009
45547;2021-01-10;T20-21;SP1;Levante;Eibar;2;1;1;1;0,3887;0,4117;0,1997
58044;2021-01-10;T20-21;SP2;Tenerife;Cartagena;3;0;1;1;0,3888;0,4156;0,1955
58043;2021-01-10;T20-21;SP2;Mallorca;Las Palmas;0;1;2;1;0,384;0,4305;0,1855
45549;2021-01-10;T20-21;SP1;Valladolid;Valencia;0;1;2;1;0,3885;0,4103;0,2012
45548;2021-01-10;T20-21;SP1;Cadiz;Alaves;3;1;1;1;0,3887;0,4135;0,1977
35443;2021-01-10;T20-21;I1;Juventus;Sassuolo;3;1;1;1;0,3833;0,4319;0,1848
58045;2021-01-10;T20-21;SP2;Espanol;Castellon;2;0;1;1;0,3811;0,4365;0,1824
35441;2021-01-10;T20-21;I1;Verona;Crotone;2;1;1;1;0,3847;0,4289;0,1864
35440;2021-01-10;T20-21;I1;Udinese;Napoli;1;2;2;1;0,3857;0,3977;0,2166
35439;2021-01-10;T20-21;I1;Parma;Lazio;0;2;2;1;0,387;0,4027;0,2103
35438;2021-01-10;T20-21;I1;Roma;Inter;2;2;0;1;0,3883;0,4099;0,2018
6253;2021-01-10;T20-21;D1;Augsburg;Stuttgart;1;4;2;1;0,3885;0,4097;0,2018
35442;2021-01-10;T20-21;I1;Fiorentina;Cagliari;1;0;1;1;0,3876;0,4229;0,1895
35444;2021-01-11;T20-21;I1;Spezia;Sampdoria;2;1;1;1;0,3883;0,4095;0,2023
45550;2021-01-11;T20-21;SP1;Elche;Getafe;1;3;2;1;0,3881;0,4085;0,2034
45551;2021-01-11;T20-21;SP1;Huesca;Betis;0;2;2;1;0,388;0,4084;0,2036
58046;2021-01-11;T20-21;SP2;Ponferradina;Girona;1;1;0;1;0,3879;0,4082;0,2039
58047;2021-01-11;T20-21;SP2;Sp Gijon;Fuenlabrada;2;1;1;1;0,3887;0,4132;0,198
58048;2021-01-11;T20-21;SP2;Sabadell;Lugo;1;1;0;1;0,3884;0,4106;0,201
45553;2021-01-12;T20-21;SP1;Ath Madrid;Sevilla;2;0;1;1;0,3888;0,4159;0,1953
45552;2021-01-12;T20-21;SP1;Granada;Osasuna;2;0;1;1;0,3889;0,4167;0,1944
16316;2021-01-12;T20-21;E0;Wolves;Everton;1;2;2;1;0,3887;0,4122;0,1991
16314;2021-01-12;T20-21;E0;Sheffield United;Newcastle;1;0;1;1;0,3886;0,4106;0,2007
16315;2021-01-12;T20-21;E0;Burnley;Man United;0;1;2;1;0,3867;0,4015;0,2118
16317;2021-01-13;T20-21;E0;Man City;Brighton;1;0;1;1;0,38;0,4388;0,1812
16319;2021-01-14;T20-21;E0;Arsenal;Crystal Palace;0;0;0;1;0,3889;0,4175;0,1936
6255;2021-01-15;T20-21;D1;Union Berlin;Leverkusen;1;0;1;1;0,3876;0,4054;0,2071
26863;2021-01-15;T20-21;F1;Montpellier;Monaco;2;3;2;1;0,3883;0,4097;0,2021
35445;2021-01-15;T20-21;I1;Lazio;Roma;3;0;1;1;0,3884;0,4103;0,2013
16323;2021-01-16;T20-21;E0;Fulham;Chelsea;0;1;2;1;0,386;0,3989;0,2151
35447;2021-01-16;T20-21;I1;Torino;Spezia;0;0;0;1;0,3875;0,4231;0,1894
35446;2021-01-16;T20-21;I1;Bologna;Verona;1;0;1;1;0,3888;0,4151;0,1961
35448;2021-01-16;T20-21;I1;Sampdoria;Udinese;2;1;1;1;0,3888;0,4135;0,1978
26864;2021-01-16;T20-21;F1;Marseille;Nimes;1;2;2;1;0,3843;0,4297;0,186
16324;2021-01-16;T20-21;E0;Leicester;Southampton;2;0;1;1;0,3888;0,4158;0,1954
16322;2021-01-16;T20-21;E0;West Ham;Burnley;1;0;1;1;0,3888;0,415;0,1962
26865;2021-01-16;T20-21;F1;Angers;Paris SG;0;1;2;1;0,3849;0,3952;0,2199
16320;2021-01-16;T20-21;E0;Wolves;West Brom;2;3;2;1;0,3869;0,4243;0,1888
6256;2021-01-16;T20-21;D1;Dortmund;Mainz;1;1;0;1;0,382;0,4345;0,1835
6257;2021-01-16;T20-21;D1;FC Koln;Hertha;0;0;0;1;0,3879;0,407;0,2051
6258;2021-01-16;T20-21;D1;Hoffenheim;Bielefeld;0;0;0;1;0,3847;0,429;0,1863
16321;2021-01-16;T20-21;E0;Leeds;Brighton;0;1;2;1;0,3888;0,4158;0,1954
6260;2021-01-16;T20-21;D1;Wolfsburg;RB Leipzig;2;2;0;1;0,388;0,407;0,205
6261;2021-01-16;T20-21;D1;Stuttgart;M'gladbach;2;2;0;1;0,3886;0,4107;0,2007
6259;2021-01-16;T20-21;D1;Werder Bremen;Augsburg;2;0;1;1;0,3888;0,4146;0,1966
35453;2021-01-17;T20-21;I1;Inter;Juventus;2;0;1;1;0,3884;0,4114;0,2002
35451;2021-01-17;T20-21;I1;Sassuolo;Parma;1;1;0;1;0,3864;0,4255;0,1882
35450;2021-01-17;T20-21;I1;Crotone;Benevento;4;1;1;1;0,3887;0,4126;0,1987
26871;2021-01-17;T20-21;F1;Lyon;Metz;0;1;2;1;0,3831;0,4322;0,1846
26870;2021-01-17;T20-21;F1;Lille;Reims;2;1;1;1;0,3884;0,4208;0,1908
26869;2021-01-17;T20-21;F1;Strasbourg;St Etienne;1;0;1;1;0,3887;0,4125;0,1988
26868;2021-01-17;T20-21;F1;Nice;Bordeaux;0;3;2;1;0,3887;0,4123;0,199
35452;2021-01-17;T20-21;I1;Atalanta;Genoa;0;0;0;1;0,3762;0,4465;0,1773
26866;2021-01-17;T20-21;F1;Brest;Rennes;1;2;2;1;0,3884;0,4097;0,2018
26867;2021-01-17;T20-21;F1;Nantes;Lens;1;1;0;1;0,3883;0,4104;0,2013
6262;2021-01-17;T20-21;D1;Bayern Munich;Freiburg;2;1;1;1;0,3803;0,4382;0,1816
6263;2021-01-17;T20-21;D1;Ein Frankfurt;Schalke 04;3;1;1;1;0,3857;0,4268;0,1875
35449;2021-01-17;T20-21;I1;Napoli;Fiorentina;6;0;1;1;0,3851;0,4281;0,1868
16326;2021-01-17;T20-21;E0;Liverpool;Man United;0;0;0;1;0,3887;0,4144;0,1968
16327;2021-01-17;T20-21;E0;Man City;Crystal Palace;4;0;1;1;0,3805;0,4376;0,1818
16325;2021-01-17;T20-21;E0;Sheffield United;Tottenham;1;3;2;1;0,3867;0,4017;0,2116
16328;2021-01-18;T20-21;E0;Arsenal;Newcastle;3;0;1;1;0,3881;0,4218;0,1901
35454;2021-01-18;T20-21;I1;Cagliari;Milan;0;2;2;1;0,3864;0,4005;0,2131
16329;2021-01-19;T20-21;E0;West Ham;West Brom;2;1;1;1;0,3885;0,421;0,1905
45556;2021-01-19;T20-21;SP1;Alaves;Sevilla;1;2;2;1;0,3865;0,4009;0,2126
45555;2021-01-19;T20-21;SP1;Valladolid;Elche;2;2;0;1;0,3889;0,4175;0,1935
45554;2021-01-19;T20-21;SP1;Cadiz;Levante;2;2;0;1;0,3883;0,4102;0,2015
16330;2021-01-19;T20-21;E0;Leicester;Chelsea;2;0;1;1;0,3878;0,4057;0,2065
6265;2021-01-19;T20-21;D1;Hertha;Hoffenheim;0;3;2;1;0,388;0,4077;0,2044
6266;2021-01-19;T20-21;D1;Leverkusen;Dortmund;2;1;1;1;0,3884;0,4094;0,2022
6264;2021-01-19;T20-21;D1;M'gladbach;Werder Bremen;1;0;1;1;0,3867;0,4247;0,1886
6267;2021-01-19;T20-21;D1;Mainz;Wolfsburg;0;2;2;1;0,387;0,403;0,2099
45559;2021-01-20;T20-21;SP1;Villarreal;Granada;2;2;0;1;0,3886;0,42;0,1914
45558;2021-01-20;T20-21;SP1;Betis;Celta;2;1;1;1;0,389;0,4184;0,1926
45557;2021-01-20;T20-21;SP1;Getafe;Huesca;1;0;1;1;0,3889;0,4178;0,1932
35455;2021-01-20;T20-21;I1;Udinese;Atalanta;1;1;0;1;0,3857;0,3981;0,2162
26872;2021-01-20;T20-21;F1;Marseille;Lens;0;1;2;1;0,3888;0,4146;0,1966
16332;2021-01-20;T20-21;E0;Fulham;Man United;1;2;2;1;0,386;0,3989;0,2152
6271;2021-01-20;T20-21;D1;Freiburg;Ein Frankfurt;2;2;0;1;0,3885;0,4095;0,202
6270;2021-01-20;T20-21;D1;Bielefeld;Stuttgart;3;0;1;1;0,3865;0,4011;0,2124
6269;2021-01-20;T20-21;D1;Augsburg;Bayern Munich;0;1;2;1;0,383;0,3886;0,2284
6268;2021-01-20;T20-21;D1;Schalke 04;FC Koln;1;2;2;1;0,3887;0,4127;0,1985
6272;2021-01-20;T20-21;D1;RB Leipzig;Union Berlin;1;0;1;1;0,3856;0,427;0,1874
16333;2021-01-21;T20-21;E0;Liverpool;Burnley;0;1;2;1;0,3814;0,4359;0,1827
45560;2021-01-21;T20-21;SP1;Valencia;Osasuna;1;1;0;1;0,3888;0,4195;0,1917
45561;2021-01-21;T20-21;SP1;Eibar;Ath Madrid;1;2;2;1;0,3873;0,4039;0,2088
45562;2021-01-22;T20-21;SP1;Levante;Valladolid;2;2;0;1;0,3888;0,4158;0,1954
35456;2021-01-22;T20-21;I1;Benevento;Torino;2;2;0;1;0,3886;0,4115;0,1999
6273;2021-01-22;T20-21;D1;M'gladbach;Dortmund;4;2;1;1;0,3884;0,4092;0,2024
26873;2021-01-22;T20-21;F1;Paris SG;Montpellier;4;0;1;1;0,3808;0,4371;0,1821
58055;2021-01-23;T20-21;SP2;Malaga;Ponferradina;0;2;2;1;0,3887;0,4116;0,1997
58054;2021-01-23;T20-21;SP2;Lugo;Tenerife;2;0;1;1;0,3884;0,4111;0,2005
58053;2021-01-23;T20-21;SP2;Girona;Espanol;1;0;1;1;0,3875;0,4049;0,2076
58052;2021-01-23;T20-21;SP2;Vallecano;Mallorca;1;3;2;1;0,3882;0,4085;0,2033
45566;2021-01-23;T20-21;SP1;Alaves;Real Madrid;1;4;2;1;0,3852;0,3961;0,2188
45565;2021-01-23;T20-21;SP1;Sociedad;Betis;2;2;0;1;0,3887;0,4149;0,1963
45564;2021-01-23;T20-21;SP1;Sevilla;Cadiz;3;0;1;1;0,3856;0,427;0,1873
45563;2021-01-23;T20-21;SP1;Huesca;Villarreal;0;0;0;1;0,3874;0,4045;0,2081
35460;2021-01-23;T20-21;I1;Fiorentina;Crotone;2;1;1;1;0,3863;0,4255;0,1882
35459;2021-01-23;T20-21;I1;Udinese;Inter;0;0;0;1;0,3856;0,3977;0,2166
26875;2021-01-23;T20-21;F1;Monaco;Marseille;3;1;1;1;0,3888;0,4143;0,197
35457;2021-01-23;T20-21;I1;Roma;Spezia;4;3;1;1;0,3794;0,4399;0,1807
35458;2021-01-23;T20-21;I1;Milan;Atalanta;0;3;2;1;0,3881;0,408;0,2039
6275;2021-01-23;T20-21;D1;Bielefeld;Ein Frankfurt;1;5;2;1;0,387;0,4029;0,21
6276;2021-01-23;T20-21;D1;Freiburg;Stuttgart;2;1;1;1;0,3885;0,4102;0,2013
6277;2021-01-23;T20-21;D1;Leverkusen;Wolfsburg;0;1;2;1;0,3889;0,417;0,1941
6274;2021-01-23;T20-21;D1;Augsburg;Union Berlin;2;1;1;1;0,3886;0,4106;0,2008
6279;2021-01-23;T20-21;D1;Hertha;Werder Bremen;1;4;2;1;0,3888;0,4153;0,1959
16334;2021-01-23;T20-21;E0;Aston Villa;Newcastle;2;0;1;1;0,3889;0,4176;0,1935
26874;2021-01-23;T20-21;F1;Lens;Nice;0;1;2;1;0,3888;0,4147;0,1965
6278;2021-01-23;T20-21;D1;Mainz;RB Leipzig;3;2;1;1;0,3853;0,3966;0,2181
35463;2021-01-24;T20-21;I1;Verona;Napoli;3;1;1;1;0,3859;0,3987;0,2154
58058;2021-01-24;T20-21;SP2;Castellon;Sp Gijon;2;0;1;1;0,3875;0,405;0,2075
45570;2021-01-24;T20-21;SP1;Ath Madrid;Valencia;3;1;1;1;0,3852;0,428;0,1868
45569;2021-01-24;T20-21;SP1;Celta;Eibar;1;1;0;1;0,3885;0,4102;0,2014
45568;2021-01-24;T20-21;SP1;Elche;Barcelona;0;2;2;1;0,3836;0,3906;0,2257
45567;2021-01-24;T20-21;SP1;Osasuna;Granada;3;1;1;1;0,3887;0,4134;0,1978
35464;2021-01-24;T20-21;I1;Lazio;Sassuolo;2;1;1;1;0,3889;0,4172;0,1939
35462;2021-01-24;T20-21;I1;Genoa;Cagliari;1;0;1;1;0,3888;0,4139;0,1973
35465;2021-01-24;T20-21;I1;Parma;Sampdoria;0;2;2;1;0,3885;0,4102;0,2014
26881;2021-01-24;T20-21;F1;St Etienne;Lyon;0;5;2;1;0,3854;0,3967;0,2179
6281;2021-01-24;T20-21;D1;Hoffenheim;FC Koln;3;0;1;1;0,3882;0,4216;0,1902
26876;2021-01-24;T20-21;F1;Bordeaux;Angers;2;1;1;1;0,3888;0,4159;0,1952
26877;2021-01-24;T20-21;F1;Dijon;Strasbourg;1;1;0;1;0,3877;0,4053;0,207
6280;2021-01-24;T20-21;D1;Schalke 04;Bayern Munich;0;4;2;1;0,3823;0,3863;0,2314
35461;2021-01-24;T20-21;I1;Juventus;Bologna;2;0;1;1;0,3819;0,4349;0,1832
26879;2021-01-24;T20-21;F1;Reims;Brest;1;0;1;1;0,3887;0,4133;0,1979
26880;2021-01-24;T20-21;F1;Rennes;Lille;0;1;2;1;0,3887;0,4121;0,1992
26878;2021-01-24;T20-21;F1;Metz;Nantes;2;0;1;1;0,3888;0,4161;0,195
58060;2021-01-25;T20-21;SP2;Cartagena;Mirandes;0;2;2;1;0,3884;0,4098;0,2018
16335;2021-01-26;T20-21;E0;Crystal Palace;West Ham;2;3;2;1;0,3885;0,4089;0,2026
16336;2021-01-26;T20-21;E0;Newcastle;Leeds;1;2;2;1;0,3869;0,4026;0,2105
16337;2021-01-26;T20-21;E0;Southampton;Arsenal;1;3;2;1;0,3879;0,4065;0,2056
16338;2021-01-26;T20-21;E0;West Brom;Man City;0;5;2;1;0,3828;0,388;0,2292
58061;2021-01-26;T20-21;SP2;Alcorcon;Albacete;1;2;2;1;0,3888;0,4153;0,1958
16343;2021-01-27;T20-21;E0;Man United;Sheffield United;1;2;2;1;0,3823;0,434;0,1837
16341;2021-01-27;T20-21;E0;Brighton;Fulham;0;0;0;1;0,3889;0,4168;0,1943
16342;2021-01-27;T20-21;E0;Everton;Leicester;1;1;0;1;0,3885;0,4098;0,2017
16339;2021-01-27;T20-21;E0;Burnley;Aston Villa;3;2;1;1;0,3876;0,4056;0,2068
16340;2021-01-27;T20-21;E0;Chelsea;Wolves;0;0;0;1;0,3888;0,4146;0,1966
16344;2021-01-28;T20-21;E0;Tottenham;Liverpool;1;3;2;1;0,3865;0,4009;0,2125
6282;2021-01-29;T20-21;D1;Stuttgart;Mainz;2;0;1;1;0,3872;0,4236;0,1892
26883;2021-01-29;T20-21;F1;Lyon;Bordeaux;2;1;1;1;0,3845;0,4293;0,1861
35466;2021-01-29;T20-21;I1;Torino;Fiorentina;1;1;0;1;0,3887;0,4116;0,1997
45572;2021-01-29;T20-21;SP1;Valladolid;Huesca;1;3;2;1;0,3887;0,4126;0,1987
58062;2021-01-29;T20-21;SP2;Zaragoza;Ponferradina;1;0;1;1;0,3887;0,413;0,1982
35467;2021-01-30;T20-21;I1;Bologna;Milan;1;2;2;1;0,3877;0,4061;0,2063
35468;2021-01-30;T20-21;I1;Sampdoria;Juventus;0;2;2;1;0,3866;0,4012;0,2122
35469;2021-01-30;T20-21;I1;Inter;Benevento;4;0;1;1;0,3773;0,4443;0,1784
45573;2021-01-30;T20-21;SP1;Eibar;Sevilla;0;2;2;1;0,3869;0,4026;0,2105
45574;2021-01-30;T20-21;SP1;Real Madrid;Levante;1;2;2;1;0,3851;0,4281;0,1868
58065;2021-01-30;T20-21;SP2;Mallorca;Girona;1;0;1;1;0,3888;0,4155;0,1957
58063;2021-01-30;T20-21;SP2;Oviedo;Albacete;0;1;2;1;0,3889;0,4186;0,1925
58064;2021-01-30;T20-21;SP2;Alcorcon;Malaga;0;1;2;1;0,3887;0,4133;0,198
58066;2021-01-30;T20-21;SP2;Almeria;Castellon;3;1;1;1;0,387;0,4242;0,1888
45575;2021-01-30;T20-21;SP1;Valencia;Elche;1;0;1;1;0,3864;0,4253;0,1883
26884;2021-01-30;T20-21;F1;Montpellier;Lens;1;2;2;1;0,3879;0,4084;0,2037
45576;2021-01-30;T20-21;SP1;Villarreal;Sociedad;1;1;0;1;0,3886;0,4105;0,2009
16349;2021-01-30;T20-21;E0;Arsenal;Man United;0;0;0;1;0,3883;0,4092;0,2024
16350;2021-01-30;T20-21;E0;Southampton;Aston Villa;0;1;2;1;0,3879;0,4075;0,2045
6283;2021-01-30;T20-21;D1;Bayern Munich;Hoffenheim;4;1;1;1;0,3791;0,4405;0,1804
6284;2021-01-30;T20-21;D1;Dortmund;Augsburg;3;1;1;1;0,3838;0,4307;0,1854
6285;2021-01-30;T20-21;D1;Ein Frankfurt;Hertha;3;1;1;1;0,3874;0,4233;0,1893
6287;2021-01-30;T20-21;D1;Werder Bremen;Schalke 04;1;1;0;1;0,3889;0,4162;0,1949
6286;2021-01-30;T20-21;D1;Union Berlin;M'gladbach;1;1;0;1;0,3882;0,4077;0,2041
16345;2021-01-30;T20-21;E0;Everton;Newcastle;0;2;2;1;0,3886;0,4197;0,1917
16346;2021-01-30;T20-21;E0;Crystal Palace;Wolves;1;0;1;1;0,3879;0,406;0,2061
16347;2021-01-30;T20-21;E0;Man City;Sheffield United;1;0;1;1;0,3752;0,4486;0,1762
16348;2021-01-30;T20-21;E0;West Brom;Fulham;2;2;0;1;0,3887;0,4125;0,1988
6288;2021-01-30;T20-21;D1;RB Leipzig;Leverkusen;1;0;1;1;0,3886;0,412;0,1993
35472;2021-01-31;T20-21;I1;Cagliari;Sassuolo;1;1;0;1;0,388;0,4084;0,2035
35475;2021-01-31;T20-21;I1;Roma;Verona;3;1;1;1;0,3844;0,4295;0,186
35473;2021-01-31;T20-21;I1;Crotone;Genoa;0;3;2;1;0,3888;0,4137;0,1975
35474;2021-01-31;T20-21;I1;Napoli;Parma;2;0;1;1;0,3805;0,4378;0,1818
45577;2021-01-31;T20-21;SP1;Getafe;Alaves;0;0;0;1;0,389;0,418;0,193
58069;2021-01-31;T20-21;SP2;Mirandes;Las Palmas;2;0;1;1;0,3887;0,4138;0,1975
45579;2021-01-31;T20-21;SP1;Granada;Celta;0;0;0;1;0,3887;0,4132;0,198
45580;2021-01-31;T20-21;SP1;Barcelona;Ath Bilbao;2;1;1;1;0,381;0,4368;0,1823
58067;2021-01-31;T20-21;SP2;Sp Gijon;Cartagena;0;0;0;1;0,3882;0,4215;0,1903
58068;2021-01-31;T20-21;SP2;Espanol;Vallecano;2;3;2;1;0,3868;0,4246;0,1886
58070;2021-01-31;T20-21;SP2;Tenerife;Fuenlabrada;1;1;0;1;0,3885;0,4111;0,2003
45578;2021-01-31;T20-21;SP1;Cadiz;Ath Madrid;2;4;2;1;0,3866;0,4012;0,2122
35470;2021-01-31;T20-21;I1;Spezia;Udinese;0;1;2;1;0,3885;0,4101;0,2015
35471;2021-01-31;T20-21;I1;Atalanta;Lazio;1;3;2;1;0,3852;0,4281;0,1867
26890;2021-01-31;T20-21;F1;Lille;Dijon;1;0;1;1;0,3827;0,4332;0,1841
26889;2021-01-31;T20-21;F1;Strasbourg;Reims;0;1;2;1;0,3887;0,4136;0,1976
26888;2021-01-31;T20-21;F1;Lorient;Paris SG;3;2;1;1;0,3842;0,3927;0,223
26887;2021-01-31;T20-21;F1;Brest;Metz;2;4;2;1;0,3888;0,4145;0,1967
26886;2021-01-31;T20-21;F1;Angers;Nimes;3;1;1;1;0,3888;0,416;0,1952
26885;2021-01-31;T20-21;F1;Nice;St Etienne;0;1;2;1;0,3888;0,4153;0,1959
16354;2021-01-31;T20-21;E0;Brighton;Tottenham;1;0;1;1;0,388;0,4067;0,2053
16353;2021-01-31;T20-21;E0;West Ham;Liverpool;1;3;2;1;0,3859;0,3987;0,2153
16352;2021-01-31;T20-21;E0;Leicester;Leeds;1;3;2;1;0,3885;0,4108;0,2007
16351;2021-01-31;T20-21;E0;Chelsea;Burnley;2;0;1;1;0,3874;0,4232;0,1894
6290;2021-01-31;T20-21;D1;Wolfsburg;Freiburg;3;0;1;1;0,3889;0,4166;0,1945
6289;2021-01-31;T20-21;D1;FC Koln;Bielefeld;3;1;1;1;0,3889;0,4169;0,1942
26891;2021-01-31;T20-21;F1;Nantes;Monaco;1;2;2;1;0,3872;0,4036;0,2092
58072;2021-02-01;T20-21;SP2;Sabadell;Logrones;0;0;0;1;0,3885;0,4116;0,1998
45581;2021-02-01;T20-21;SP1;Betis;Osasuna;1;0;1;1;0,3884;0,4212;0,1904
58071;2021-02-01;T20-21;SP2;Leganes;Lugo;3;2;1;1;0,3888;0,4151;0,1961
16355;2021-02-02;T20-21;E0;Sheffield United;West Brom;2;1;1;1;0,389;0,4179;0,1932
16356;2021-02-02;T20-21;E0;Wolves;Arsenal;2;1;1;1;0,3878;0,4065;0,2057
16357;2021-02-02;T20-21;E0;Man United;Southampton;9;0;1;1;0,3864;0,4255;0,1881
16358;2021-02-02;T20-21;E0;Newcastle;Crystal Palace;1;2;2;1;0,3887;0,4122;0,199
26896;2021-02-03;T20-21;F1;Strasbourg;Brest;2;2;0;1;0,3888;0,4137;0,1975
26901;2021-02-03;T20-21;F1;St Etienne;Nantes;1;1;0;1;0,3888;0,414;0,1973
26900;2021-02-03;T20-21;F1;Paris SG;Nimes;3;0;1;1;0,3734;0,4521;0,1745
26899;2021-02-03;T20-21;F1;Monaco;Nice;2;1;1;1;0,3868;0,4245;0,1887
26898;2021-02-03;T20-21;F1;Lens;Marseille;2;2;0;1;0,3882;0,4096;0,2022
26897;2021-02-03;T20-21;F1;Dijon;Lyon;0;1;2;1;0,3837;0,3911;0,2252
26895;2021-02-03;T20-21;F1;Rennes;Lorient;1;1;0;1;0,3864;0,4254;0,1882
16362;2021-02-03;T20-21;E0;Aston Villa;West Ham;1;3;2;1;0,3888;0,4144;0,1968
26893;2021-02-03;T20-21;F1;Metz;Montpellier;1;1;0;1;0,3888;0,4146;0,1966
26892;2021-02-03;T20-21;F1;Bordeaux;Lille;0;3;2;1;0,3882;0,4087;0,2031
16363;2021-02-03;T20-21;E0;Liverpool;Brighton;0;1;2;1;0,3815;0,4357;0,1828
26894;2021-02-03;T20-21;F1;Reims;Angers;0;0;0;1;0,3888;0,4136;0,1977
16361;2021-02-03;T20-21;E0;Leeds;Everton;1;2;2;1;0,3887;0,4128;0,1985
16360;2021-02-03;T20-21;E0;Fulham;Leicester;0;2;2;1;0,3868;0,402;0,2112
16359;2021-02-03;T20-21;E0;Burnley;Man City;0;2;2;1;0,3837;0,3911;0,2252
16364;2021-02-04;T20-21;E0;Tottenham;Chelsea;0;1;2;1;0,3875;0,4045;0,208
45582;2021-02-05;T20-21;SP1;Alaves;Valladolid;1;0;1;1;0,3887;0,4127;0,1985
58073;2021-02-05;T20-21;SP2;Albacete;Mallorca;0;1;2;1;0,3871;0,4032;0,2098
6291;2021-02-05;T20-21;D1;Hertha;Bayern Munich;0;1;2;1;0,3828;0,3879;0,2293
35476;2021-02-05;T20-21;I1;Fiorentina;Inter;0;2;2;1;0,3859;0,3988;0,2153
35477;2021-02-06;T20-21;I1;Atalanta;Torino;3;3;0;1;0,3809;0,4369;0,1822
58076;2021-02-06;T20-21;SP2;Fuenlabrada;Almeria;1;1;0;1;0,388;0,4077;0,2042
58075;2021-02-06;T20-21;SP2;Logrones;Sp Gijon;0;4;2;1;0,3875;0,4049;0,2076
58074;2021-02-06;T20-21;SP2;Cartagena;Oviedo;2;0;1;1;0,3877;0,4064;0,2059
45586;2021-02-06;T20-21;SP1;Sevilla;Getafe;3;0;1;1;0,3878;0,4225;0,1897
45585;2021-02-06;T20-21;SP1;Elche;Villarreal;2;2;0;1;0,3872;0,4037;0,2091
45584;2021-02-06;T20-21;SP1;Huesca;Real Madrid;1;2;2;1;0,3851;0,3959;0,2189
45583;2021-02-06;T20-21;SP1;Levante;Granada;2;2;0;1;0,3888;0,4187;0,1925
35480;2021-02-06;T20-21;I1;Genoa;Napoli;2;1;1;1;0,3855;0,3972;0,2173
35479;2021-02-06;T20-21;I1;Juventus;Roma;2;0;1;1;0,3888;0,4152;0,196
35478;2021-02-06;T20-21;I1;Sassuolo;Spezia;1;2;2;1;0,3853;0,4277;0,187
26904;2021-02-06;T20-21;F1;Lens;Rennes;0;0;0;1;0,3885;0,4101;0,2014
26903;2021-02-06;T20-21;F1;Lyon;Strasbourg;3;0;1;1;0,382;0,4346;0,1834
26902;2021-02-06;T20-21;F1;Lorient;Reims;1;0;1;1;0,3885;0,4103;0,2013
6292;2021-02-06;T20-21;D1;Augsburg;Wolfsburg;0;2;2;1;0,3874;0,4047;0,2079
6293;2021-02-06;T20-21;D1;Freiburg;Dortmund;2;1;1;1;0,3872;0,4036;0,2093
6294;2021-02-06;T20-21;D1;Leverkusen;Stuttgart;5;2;1;1;0,3888;0,4147;0,1965
6296;2021-02-06;T20-21;D1;Schalke 04;RB Leipzig;0;3;2;1;0,385;0,3955;0,2195
6297;2021-02-06;T20-21;D1;M'gladbach;FC Koln;1;2;2;1;0,3852;0,428;0,1868
6295;2021-02-06;T20-21;D1;Mainz;Union Berlin;1;0;1;1;0,3886;0,4104;0,201
16366;2021-02-06;T20-21;E0;Burnley;Brighton;1;1;0;1;0,3885;0,4101;0,2013
16367;2021-02-06;T20-21;E0;Newcastle;Southampton;3;2;1;1;0,3887;0,4114;0,1999
16368;2021-02-06;T20-21;E0;Fulham;West Ham;0;0;0;1;0,388;0,4065;0,2056
16369;2021-02-06;T20-21;E0;Man United;Everton;3;3;0;1;0,3858;0,4267;0,1875
16365;2021-02-06;T20-21;E0;Aston Villa;Arsenal;1;0;1;1;0,3881;0,4086;0,2032
45588;2021-02-07;T20-21;SP1;Ath Bilbao;Valencia;1;1;0;1;0,3888;0,414;0,1972
35484;2021-02-07;T20-21;I1;Parma;Bologna;0;3;2;1;0,3881;0,4087;0,2032
35485;2021-02-07;T20-21;I1;Lazio;Cagliari;1;0;1;1;0,3815;0,4357;0,1828
45587;2021-02-07;T20-21;SP1;Sociedad;Cadiz;4;1;1;1;0,3874;0,4233;0,1893
45589;2021-02-07;T20-21;SP1;Osasuna;Eibar;2;1;1;1;0,3885;0,4096;0,2019
58080;2021-02-07;T20-21;SP2;Vallecano;Tenerife;0;1;2;1;0,3886;0,4198;0,1916
58081;2021-02-07;T20-21;SP2;Las Palmas;Sabadell;0;1;2;1;0,3886;0,4201;0,1914
58077;2021-02-07;T20-21;SP2;Girona;Leganes;0;2;2;1;0,3884;0,4113;0,2003
58078;2021-02-07;T20-21;SP2;Malaga;Zaragoza;1;2;2;1;0,3887;0,412;0,1993
58079;2021-02-07;T20-21;SP2;Castellon;Mirandes;0;1;2;1;0,388;0,4075;0,2046
35483;2021-02-07;T20-21;I1;Udinese;Verona;2;0;1;1;0,3888;0,4139;0,1973
45590;2021-02-07;T20-21;SP1;Betis;Barcelona;2;3;2;1;0,3855;0,3974;0,2171
35482;2021-02-07;T20-21;I1;Milan;Crotone;4;0;1;1;0,3776;0,4436;0,1788
16373;2021-02-07;T20-21;E0;Sheffield United;Chelsea;1;2;2;1;0,386;0,3989;0,2152
26911;2021-02-07;T20-21;F1;Marseille;Paris SG;0;2;2;1;0,3859;0,3987;0,2154
26910;2021-02-07;T20-21;F1;Nantes;Lille;0;2;2;1;0,3875;0,4049;0,2076
26909;2021-02-07;T20-21;F1;St Etienne;Metz;1;0;1;1;0,3888;0,4137;0,1976
26908;2021-02-07;T20-21;F1;Nimes;Monaco;3;4;2;1;0,3869;0,4023;0,2108
26907;2021-02-07;T20-21;F1;Nice;Angers;3;0;1;1;0,3887;0,4119;0,1994
26906;2021-02-07;T20-21;F1;Montpellier;Dijon;4;2;1;1;0,3879;0,4223;0,1899
26905;2021-02-07;T20-21;F1;Brest;Bordeaux;2;1;1;1;0,3886;0,4107;0,2007
16372;2021-02-07;T20-21;E0;Liverpool;Man City;1;4;2;1;0,3874;0,4042;0,2084
16371;2021-02-07;T20-21;E0;Wolves;Leicester;0;0;0;1;0,388;0,4074;0,2046
16370;2021-02-07;T20-21;E0;Tottenham;West Brom;2;0;1;1;0,3852;0,4278;0,187
6298;2021-02-07;T20-21;D1;Hoffenheim;Ein Frankfurt;1;3;2;1;0,3885;0,4106;0,2008
35481;2021-02-07;T20-21;I1;Benevento;Sampdoria;1;1;0;1;0,3881;0,4085;0,2034
58082;2021-02-08;T20-21;SP2;Ponferradina;Alcorcon;2;0;1;1;0,3887;0,4131;0,1982
58083;2021-02-08;T20-21;SP2;Lugo;Espanol;1;1;0;1;0,3868;0,4021;0,2111
16374;2021-02-08;T20-21;E0;Leeds;Crystal Palace;2;0;1;1;0,3889;0,4176;0,1935
45591;2021-02-08;T20-21;SP1;Ath Madrid;Celta;2;2;0;1;0,3836;0,4313;0,1851
45592;2021-02-09;T20-21;SP1;Real Madrid;Getafe;2;0;1;1;0,3825;0,4335;0,184
6299;2021-02-12;T20-21;D1;RB Leipzig;Augsburg;2;1;1;1;0,3812;0,4363;0,1825
35486;2021-02-12;T20-21;I1;Bologna;Benevento;1;1;0;1;0,3852;0,4279;0,1869
45593;2021-02-12;T20-21;SP1;Celta;Elche;3;1;1;1;0,3887;0,4197;0,1916
58084;2021-02-12;T20-21;SP2;Sabadell;Zaragoza;1;1;0;1;0,3879;0,4074;0,2047
35488;2021-02-13;T20-21;I1;Napoli;Juventus;1;0;1;1;0,3886;0,4122;0,1992
35489;2021-02-13;T20-21;I1;Spezia;Milan;2;0;1;1;0,386;0,399;0,215
45594;2021-02-13;T20-21;SP1;Granada;Ath Madrid;1;2;2;1;0,3873;0,404;0,2087
45595;2021-02-13;T20-21;SP1;Sevilla;Huesca;1;0;1;1;0,384;0,4305;0,1855
58086;2021-02-13;T20-21;SP2;Mirandes;Girona;3;3;0;1;0,3887;0,4125;0,1989
45597;2021-02-13;T20-21;SP1;Barcelona;Alaves;5;1;1;1;0,3779;0,4431;0,179
58085;2021-02-13;T20-21;SP2;Cartagena;Vallecano;2;2;0;1;0,3874;0,4046;0,208
58087;2021-02-13;T20-21;SP2;Tenerife;Ponferradina;1;0;1;1;0,3888;0,4137;0,1975
35487;2021-02-13;T20-21;I1;Torino;Genoa;0;0;0;1;0,389;0,4184;0,1926
45596;2021-02-13;T20-21;SP1;Eibar;Valladolid;1;1;0;1;0,3888;0,4141;0,1971
26914;2021-02-13;T20-21;F1;Lyon;Montpellier;1;2;2;1;0,3828;0,433;0,1842
6300;2021-02-13;T20-21;D1;Dortmund;Hoffenheim;2;2;0;1;0,3882;0,4215;0,1903
26912;2021-02-13;T20-21;F1;Paris SG;Nice;2;1;1;1;0,378;0,4428;0,1792
16378;2021-02-13;T20-21;E0;Brighton;Aston Villa;0;0;0;1;0,388;0,4077;0,2043
16377;2021-02-13;T20-21;E0;Man City;Tottenham;3;0;1;1;0,3859;0,4265;0,1876
16376;2021-02-13;T20-21;E0;Crystal Palace;Burnley;0;3;2;1;0,3888;0,4134;0,1978
16375;2021-02-13;T20-21;E0;Leicester;Liverpool;3;1;1;1;0,3874;0,4045;0,2081
6304;2021-02-13;T20-21;D1;Union Berlin;Schalke 04;0;0;0;1;0,3886;0,42;0,1914
6303;2021-02-13;T20-21;D1;Werder Bremen;Freiburg;0;0;0;1;0,3887;0,4125;0,1988
6302;2021-02-13;T20-21;D1;Stuttgart;Hertha;1;1;0;1;0,389;0,4178;0,1932
6301;2021-02-13;T20-21;D1;Leverkusen;Mainz;2;2;0;1;0,3825;0,4336;0,1839
26913;2021-02-13;T20-21;F1;Reims;Lens;1;1;0;1;0,3882;0,4096;0,2022
35492;2021-02-14;T20-21;I1;Sampdoria;Fiorentina;2;1;1;1;0,3886;0,4117;0,1997
35493;2021-02-14;T20-21;I1;Crotone;Sassuolo;1;2;2;1;0,3866;0,4013;0,2122
35494;2021-02-14;T20-21;I1;Inter;Lazio;3;1;1;1;0,3864;0,4256;0,188
45598;2021-02-14;T20-21;SP1;Getafe;Sociedad;0;1;2;1;0,3873;0,4039;0,2088
45599;2021-02-14;T20-21;SP1;Real Madrid;Valencia;2;0;1;1;0,3844;0,4297;0,186
58091;2021-02-14;T20-21;SP2;Leganes;Albacete;3;1;1;1;0,3865;0,4252;0,1883
45601;2021-02-14;T20-21;SP1;Villarreal;Betis;1;2;2;1;0,3888;0,4154;0,1958
58089;2021-02-14;T20-21;SP2;Almeria;Las Palmas;3;1;1;1;0,388;0,4221;0,1899
58090;2021-02-14;T20-21;SP2;Alcorcon;Logrones;1;0;1;1;0,3889;0,4167;0,1944
35491;2021-02-14;T20-21;I1;Cagliari;Atalanta;0;1;2;1;0,3861;0,3992;0,2147
58092;2021-02-14;T20-21;SP2;Sp Gijon;Malaga;1;0;1;1;0,3888;0,4153;0,1959
45600;2021-02-14;T20-21;SP1;Levante;Osasuna;0;1;2;1;0,389;0,4184;0,1927
35490;2021-02-14;T20-21;I1;Roma;Udinese;3;0;1;1;0,3838;0,4309;0,1853
58088;2021-02-14;T20-21;SP2;Mallorca;Espanol;1;2;2;1;0,3882;0,4094;0,2024
26920;2021-02-14;T20-21;F1;Lille;Brest;0;0;0;1;0,3861;0,4262;0,1878
6305;2021-02-14;T20-21;D1;Ein Frankfurt;FC Koln;2;0;1;1;0,3844;0,4296;0,186
6306;2021-02-14;T20-21;D1;Wolfsburg;M'gladbach;0;0;0;1;0,3888;0,4133;0,1979
26921;2021-02-14;T20-21;F1;Bordeaux;Marseille;0;0;0;1;0,3879;0,4078;0,2043
16380;2021-02-14;T20-21;E0;West Brom;Man United;1;1;0;1;0,3846;0,3939;0,2215
16381;2021-02-14;T20-21;E0;Arsenal;Leeds;4;2;1;1;0,3885;0,4104;0,2011
16379;2021-02-14;T20-21;E0;Southampton;Wolves;1;2;2;1;0,3884;0,4093;0,2023
26915;2021-02-14;T20-21;F1;Monaco;Lorient;2;2;0;1;0,3825;0,4335;0,184
26916;2021-02-14;T20-21;F1;Angers;Nantes;1;3;2;1;0,3888;0,4144;0,1968
26917;2021-02-14;T20-21;F1;Dijon;Nimes;0;2;2;1;0,3886;0,4113;0,2002
26918;2021-02-14;T20-21;F1;Metz;Strasbourg;1;2;2;1;0,3888;0,4154;0,1958
26919;2021-02-14;T20-21;F1;Rennes;St Etienne;0;2;2;1;0,3888;0,4156;0,1956
16382;2021-02-14;T20-21;E0;Everton;Fulham;0;2;2;1;0,389;0,4182;0,1928
6307;2021-02-15;T20-21;D1;Bayern Munich;Bielefeld;3;3;0;1;0,3675;0,4638;0,1687
16383;2021-02-15;T20-21;E0;West Ham;Sheffield United;3;0;1;1;0,3889;0,4174;0,1937
16384;2021-02-15;T20-21;E0;Chelsea;Newcastle;2;0;1;1;0,3856;0,427;0,1874
35495;2021-02-15;T20-21;I1;Verona;Parma;2;1;1;1;0,388;0,4218;0,1902
45602;2021-02-15;T20-21;SP1;Cadiz;Ath Bilbao;0;4;2;1;0,388;0,4074;0,2046
58093;2021-02-15;T20-21;SP2;Castellon;Fuenlabrada;1;2;2;1;0,388;0,4079;0,2041
58094;2021-02-15;T20-21;SP2;Oviedo;Lugo;3;1;1;1;0,3888;0,4154;0,1958
58095;2021-02-17;T20-21;SP2;Leganes;Almeria;2;1;1;1;0,3888;0,4142;0,197
45603;2021-02-17;T20-21;SP1;Levante;Ath Madrid;1;1;0;1;0,3874;0,4045;0,2081
16385;2021-02-17;T20-21;E0;Burnley;Fulham;1;1;0;1;0,3888;0,4155;0,1957
16386;2021-02-17;T20-21;E0;Everton;Man City;1;3;2;1;0,3843;0,3929;0,2228
26922;2021-02-17;T20-21;F1;Marseille;Nice;3;2;1;1;0,3889;0,4169;0,1942
6308;2021-02-19;T20-21;D1;Bielefeld;Wolfsburg;0;3;2;1;0,3862;0,3996;0,2142
16387;2021-02-19;T20-21;E0;Wolves;Leeds;1;0;1;1;0,3879;0,4071;0,205
26923;2021-02-19;T20-21;F1;Brest;Lyon;2;3;2;1;0,3856;0,3977;0,2166
35496;2021-02-19;T20-21;I1;Fiorentina;Spezia;3;0;1;1;0,389;0,4186;0,1924
35497;2021-02-19;T20-21;I1;Cagliari;Torino;0;1;2;1;0,3887;0,411;0,2003
45604;2021-02-19;T20-21;SP1;Betis;Getafe;1;0;1;1;0,389;0,418;0,193
58096;2021-02-19;T20-21;SP2;Ponferradina;Mirandes;1;0;1;1;0,3886;0,4116;0,1998
35499;2021-02-20;T20-21;I1;Genoa;Verona;2;2;0;1;0,3883;0,409;0,2027
35500;2021-02-20;T20-21;I1;Sassuolo;Bologna;1;1;0;1;0,3889;0,4171;0,194
45605;2021-02-20;T20-21;SP1;Elche;Eibar;1;0;1;1;0,3877;0,4057;0,2067
45606;2021-02-20;T20-21;SP1;Ath Madrid;Levante;0;2;2;1;0,3867;0,4248;0,1885
58098;2021-02-20;T20-21;SP2;Albacete;Sp Gijon;0;1;2;1;0,3875;0,4051;0,2074
45608;2021-02-20;T20-21;SP1;Valladolid;Real Madrid;0;1;2;1;0,3846;0,3939;0,2215
58097;2021-02-20;T20-21;SP2;Espanol;Sabadell;1;0;1;1;0,385;0,4283;0,1867
35498;2021-02-20;T20-21;I1;Lazio;Sampdoria;1;0;1;1;0,3856;0,4271;0,1873
45607;2021-02-20;T20-21;SP1;Valencia;Celta;2;0;1;1;0,3888;0,4157;0,1955
26925;2021-02-20;T20-21;F1;Nantes;Marseille;1;1;0;1;0,3878;0,4068;0,2055
58099;2021-02-20;T20-21;SP2;Las Palmas;Cartagena;2;0;1;1;0,3888;0,4189;0,1923
16391;2021-02-20;T20-21;E0;Fulham;Sheffield United;1;0;1;1;0,3887;0,4133;0,198
16390;2021-02-20;T20-21;E0;Liverpool;Everton;0;2;2;1;0,3846;0,4292;0,1862
16389;2021-02-20;T20-21;E0;Burnley;West Brom;0;0;0;1;0,3889;0,419;0,1921
16388;2021-02-20;T20-21;E0;Southampton;Chelsea;1;1;0;1;0,3865;0,4009;0,2126
6313;2021-02-20;T20-21;D1;Schalke 04;Dortmund;0;4;2;1;0,3851;0,3956;0,2194
6312;2021-02-20;T20-21;D1;M'gladbach;Mainz;1;2;2;1;0,3872;0,4237;0,1891
6311;2021-02-20;T20-21;D1;Freiburg;Union Berlin;0;1;2;1;0,3888;0,4139;0,1973
6310;2021-02-20;T20-21;D1;FC Koln;Stuttgart;0;1;2;1;0,3879;0,4065;0,2056
6309;2021-02-20;T20-21;D1;Ein Frankfurt;Bayern Munich;2;1;1;1;0,3846;0,3939;0,2215
26924;2021-02-20;T20-21;F1;St Etienne;Reims;1;1;0;1;0,3887;0,4128;0,1985
35503;2021-02-21;T20-21;I1;Atalanta;Napoli;4;2;1;1;0,3883;0,4104;0,2013
35504;2021-02-21;T20-21;I1;Benevento;Roma;0;0;0;1;0,3862;0,3996;0,2142
45609;2021-02-21;T20-21;SP1;Barcelona;Cadiz;1;1;0;1;0,3752;0,4485;0,1763
45610;2021-02-21;T20-21;SP1;Sociedad;Alaves;4;0;1;1;0,3861;0,4259;0,188
45611;2021-02-21;T20-21;SP1;Huesca;Granada;3;2;1;1;0,3885;0,411;0,2005
58103;2021-02-21;T20-21;SP2;Lugo;Logrones;1;1;0;1;0,3888;0,4154;0,1958
58100;2021-02-21;T20-21;SP2;Leganes;Tenerife;1;0;1;1;0,3879;0,4222;0,1899
58101;2021-02-21;T20-21;SP2;Mallorca;Almeria;2;0;1;1;0,3888;0,4164;0,1948
58102;2021-02-21;T20-21;SP2;Girona;Castellon;2;1;1;1;0,3852;0,4279;0,1869
35502;2021-02-21;T20-21;I1;Milan;Inter;0;3;2;1;0,3881;0,4088;0,2031
58104;2021-02-21;T20-21;SP2;Malaga;Vallecano;2;0;1;1;0,3874;0,4045;0,2081
45612;2021-02-21;T20-21;SP1;Ath Bilbao;Villarreal;1;1;0;1;0,3887;0,412;0,1994
35501;2021-02-21;T20-21;I1;Parma;Udinese;2;2;0;1;0,3886;0,4116;0,1998
26929;2021-02-21;T20-21;F1;Nimes;Bordeaux;2;0;1;1;0,3882;0,4078;0,204
26931;2021-02-21;T20-21;F1;Lorient;Lille;1;4;2;1;0,3873;0,4042;0,2084
6314;2021-02-21;T20-21;D1;Augsburg;Leverkusen;1;1;0;1;0,3864;0,4005;0,2131
6315;2021-02-21;T20-21;D1;Hertha;RB Leipzig;0;3;2;1;0,3862;0,3997;0,2141
6316;2021-02-21;T20-21;D1;Hoffenheim;Werder Bremen;4;0;1;1;0,3889;0,4171;0,194
16392;2021-02-21;T20-21;E0;West Ham;Tottenham;2;1;1;1;0,3886;0,4104;0,2011
26932;2021-02-21;T20-21;F1;Paris SG;Monaco;0;2;2;1;0,3847;0,429;0,1863
16394;2021-02-21;T20-21;E0;Arsenal;Man City;0;1;2;1;0,3853;0,3963;0,2185
16393;2021-02-21;T20-21;E0;Aston Villa;Leicester;1;2;2;1;0,3882;0,408;0,2039
26926;2021-02-21;T20-21;F1;Montpellier;Rennes;2;1;1;1;0,3887;0,4131;0,1982
26927;2021-02-21;T20-21;F1;Lens;Dijon;2;1;1;1;0,3874;0,4234;0,1893
26928;2021-02-21;T20-21;F1;Nice;Metz;1;2;2;1;0,3888;0,4153;0,1959
26930;2021-02-21;T20-21;F1;Strasbourg;Angers;0;0;0;1;0,3887;0,4123;0,199
16395;2021-02-21;T20-21;E0;Man United;Newcastle;3;1;1;1;0,3826;0,4334;0,184
58105;2021-02-22;T20-21;SP2;Fuenlabrada;Oviedo;2;2;0;1;0,3888;0,4145;0,1967
16396;2021-02-22;T20-21;E0;Brighton;Crystal Palace;1;2;2;1;0,3888;0,4157;0,1955
35505;2021-02-22;T20-21;I1;Juventus;Crotone;3;0;1;1;0,3756;0,4476;0,1768
45613;2021-02-22;T20-21;SP1;Osasuna;Sevilla;0;2;2;1;0,3871;0,4033;0,2096
58106;2021-02-22;T20-21;SP2;Zaragoza;Alcorcon;0;1;2;1;0,3888;0,4146;0,1966
16397;2021-02-23;T20-21;E0;Leeds;Southampton;3;0;1;1;0,3888;0,415;0,1962
26933;2021-02-24;T20-21;F1;Nimes;Lorient;1;0;1;1;0,3888;0,4157;0,1955
45614;2021-02-24;T20-21;SP1;Barcelona;Elche;3;0;1;1;0,3739;0,4511;0,175
6317;2021-02-26;T20-21;D1;Werder Bremen;Ein Frankfurt;2;1;1;1;0,3868;0,4022;0,211
26934;2021-02-26;T20-21;F1;Rennes;Nice;1;2;2;1;0,389;0,4178;0,1932
45615;2021-02-26;T20-21;SP1;Levante;Ath Bilbao;1;1;0;1;0,3885;0,4093;0,2022
58107;2021-02-26;T20-21;SP2;Sabadell;Albacete;0;0;0;1;0,3881;0,4102;0,2017
58108;2021-02-26;T20-21;SP2;Cartagena;Leganes;1;0;1;1;0,3877;0,4057;0,2066
35508;2021-02-27;T20-21;I1;Verona;Juventus;1;1;0;1;0,3856;0,3975;0,2169
45617;2021-02-27;T20-21;SP1;Sevilla;Barcelona;0;2;2;1;0,3871;0,4031;0,2099
45618;2021-02-27;T20-21;SP1;Alaves;Osasuna;0;1;2;1;0,3887;0,4131;0,1981
45619;2021-02-27;T20-21;SP1;Getafe;Valencia;3;0;1;1;0,388;0,4085;0,2036
58111;2021-02-27;T20-21;SP2;Castellon;Las Palmas;4;0;1;1;0,3878;0,4074;0,2048
58110;2021-02-27;T20-21;SP2;Almeria;Lugo;4;1;1;1;0,3889;0,4186;0,1925
35507;2021-02-27;T20-21;I1;Bologna;Lazio;2;0;1;1;0,3878;0,4065;0,2057
58112;2021-02-27;T20-21;SP2;Logrones;Mallorca;0;1;2;1;0,386;0,3989;0,2151
58109;2021-02-27;T20-21;SP2;Vallecano;Ponferradina;1;1;0;1;0,3889;0,4168;0,1943
35506;2021-02-27;T20-21;I1;Spezia;Parma;2;2;0;1;0,3886;0,4195;0,1919
45616;2021-02-27;T20-21;SP1;Eibar;Huesca;1;1;0;1;0,3888;0,4146;0,1966
26935;2021-02-27;T20-21;F1;Bordeaux;Metz;1;2;2;1;0,3887;0,413;0,1983
26936;2021-02-27;T20-21;F1;Dijon;Paris SG;0;4;2;1;0,3843;0,3928;0,2229
6318;2021-02-27;T20-21;D1;Bayern Munich;FC Koln;5;1;1;1;0,3707;0,4576;0,1718
6319;2021-02-27;T20-21;D1;Dortmund;Bielefeld;3;0;1;1;0,3825;0,4334;0,184
6321;2021-02-27;T20-21;D1;Wolfsburg;Hertha;2;0;1;1;0,3862;0,4259;0,188
6322;2021-02-27;T20-21;D1;RB Leipzig;M'gladbach;3;2;1;1;0,3877;0,4228;0,1895
6320;2021-02-27;T20-21;D1;Stuttgart;Schalke 04;5;1;1;1;0,3855;0,4274;0,1872
16399;2021-02-27;T20-21;E0;West Brom;Brighton;1;0;1;1;0,387;0,4025;0,2106
16400;2021-02-27;T20-21;E0;Leeds;Aston Villa;0;1;2;1;0,3887;0,4134;0,1979
16401;2021-02-27;T20-21;E0;Newcastle;Wolves;1;1;0;1;0,3878;0,4059;0,2064
16398;2021-02-27;T20-21;E0;Man City;West Ham;2;1;1;1;0,3828;0,433;0,1842
35514;2021-02-28;T20-21;I1;Roma;Milan;1;2;2;1;0,3886;0,4134;0,198
58116;2021-02-28;T20-21;SP2;Oviedo;Zaragoza;1;0;1;1;0,3888;0,4144;0,1968
35511;2021-02-28;T20-21;I1;Inter;Genoa;3;0;1;1;0,3754;0,4481;0,1765
35512;2021-02-28;T20-21;I1;Udinese;Fiorentina;1;0;1;1;0,3884;0,4097;0,2019
35513;2021-02-28;T20-21;I1;Napoli;Benevento;2;0;1;1;0,3797;0,4394;0,1809
45620;2021-02-28;T20-21;SP1;Celta;Valladolid;1;1;0;1;0,3887;0,4121;0,1992
58114;2021-02-28;T20-21;SP2;Sp Gijon;Espanol;1;1;0;1;0,3876;0,4051;0,2073
45622;2021-02-28;T20-21;SP1;Granada;Elche;2;1;1;1;0,388;0,4221;0,19
45623;2021-02-28;T20-21;SP1;Villarreal;Ath Madrid;0;2;2;1;0,387;0,4029;0,2101
58113;2021-02-28;T20-21;SP2;Fuenlabrada;Girona;1;1;0;1;0,3886;0,4125;0,1989
58115;2021-02-28;T20-21;SP2;Tenerife;Alcorcon;3;1;1;1;0,3888;0,4146;0,1966
35509;2021-02-28;T20-21;I1;Sampdoria;Atalanta;0;2;2;1;0,3865;0,4008;0,2127
45621;2021-02-28;T20-21;SP1;Cadiz;Betis;0;1;2;1;0,388;0,4078;0,2042
26943;2021-02-28;T20-21;F1;Marseille;Lyon;1;1;0;1;0,3862;0,3996;0,2143
35510;2021-02-28;T20-21;I1;Crotone;Cagliari;0;2;2;1;0,3885;0,41;0,2015
26941;2021-02-28;T20-21;F1;Reims;Montpellier;0;0;0;1;0,3886;0,4105;0,2009
6323;2021-02-28;T20-21;D1;Union Berlin;Hoffenheim;1;1;0;1;0,3884;0,4092;0,2024
6324;2021-02-28;T20-21;D1;Mainz;Augsburg;0;1;2;1;0,3888;0,4148;0,1964
6325;2021-02-28;T20-21;D1;Leverkusen;Freiburg;1;2;2;1;0,3885;0,4207;0,1908
16402;2021-02-28;T20-21;E0;Crystal Palace;Fulham;0;0;0;1;0,3888;0,4147;0,1965
16403;2021-02-28;T20-21;E0;Leicester;Arsenal;1;3;2;1;0,3888;0,4141;0,1971
16404;2021-02-28;T20-21;E0;Tottenham;Burnley;4;0;1;1;0,3889;0,4168;0,1943
26942;2021-02-28;T20-21;F1;Lille;Strasbourg;1;1;0;1;0,3835;0,4317;0,1849
16406;2021-02-28;T20-21;E0;Sheffield United;Liverpool;0;2;2;1;0,3848;0,3947;0,2205
26937;2021-02-28;T20-21;F1;Monaco;Brest;2;0;1;1;0,3867;0,4249;0,1884
26938;2021-02-28;T20-21;F1;Angers;Lens;2;2;0;1;0,3881;0,4085;0,2034
26939;2021-02-28;T20-21;F1;Lorient;St Etienne;2;1;1;1;0,3884;0,4097;0,2018
26940;2021-02-28;T20-21;F1;Nimes;Nantes;1;1;0;1;0,3888;0,4135;0,1978
16405;2021-02-28;T20-21;E0;Chelsea;Man United;0;0;0;1;0,3886;0,4111;0,2003
16407;2021-03-01;T20-21;E0;Everton;Southampton;1;0;1;1;0,3888;0,4135;0,1977
45624;2021-03-01;T20-21;SP1;Real Madrid;Sociedad;1;1;0;1;0,3871;0,4238;0,189
58117;2021-03-01;T20-21;SP2;Mirandes;Malaga;1;0;1;1;0,3887;0,4127;0,1986
35515;2021-03-02;T20-21;I1;Juventus;Spezia;3;0;1;1;0,3787;0,4414;0,1799
16408;2021-03-02;T20-21;E0;Man City;Wolves;4;1;1;1;0,3818;0,4352;0,1831
35522;2021-03-03;T20-21;I1;Milan;Udinese;1;1;0;1;0,3828;0,4328;0,1843
35520;2021-03-03;T20-21;I1;Fiorentina;Roma;1;2;2;1;0,3873;0,4038;0,2089
35519;2021-03-03;T20-21;I1;Cagliari;Bologna;1;0;1;1;0,3885;0,4108;0,2007
35518;2021-03-03;T20-21;I1;Benevento;Verona;0;3;2;1;0,3884;0,4097;0,2019
35517;2021-03-03;T20-21;I1;Atalanta;Crotone;5;1;1;1;0,3753;0,4484;0,1763
35516;2021-03-03;T20-21;I1;Sassuolo;Napoli;3;3;0;1;0,3877;0,4061;0,2063
26953;2021-03-03;T20-21;F1;Strasbourg;Monaco;1;0;1;1;0,3874;0,4045;0,2081
26952;2021-03-03;T20-21;F1;Nantes;Reims;1;2;2;1;0,3884;0,41;0,2016
26951;2021-03-03;T20-21;F1;Montpellier;Lorient;1;1;0;1;0,3872;0,4238;0,189
35521;2021-03-03;T20-21;I1;Genoa;Sampdoria;1;1;0;1;0,3882;0,4088;0,2031
26949;2021-03-03;T20-21;F1;Bordeaux;Paris SG;0;1;2;1;0,3854;0,3968;0,2179
26948;2021-03-03;T20-21;F1;St Etienne;Lens;2;3;2;1;0,3877;0,4065;0,2058
26947;2021-03-03;T20-21;F1;Nice;Nimes;2;1;1;1;0,3889;0,4172;0,1939
26946;2021-03-03;T20-21;F1;Metz;Angers;0;1;2;1;0,3888;0,4154;0,1958
26945;2021-03-03;T20-21;F1;Lyon;Rennes;1;0;1;1;0,3847;0,429;0,1863
26944;2021-03-03;T20-21;F1;Brest;Dijon;3;1;1;1;0,3888;0,4192;0,192
16411;2021-03-03;T20-21;E0;Crystal Palace;Man United;0;0;0;1;0,3859;0,3985;0,2157
16410;2021-03-03;T20-21;E0;Sheffield United;Aston Villa;1;0;1;1;0,387;0,4031;0,2099
26950;2021-03-03;T20-21;F1;Lille;Marseille;2;0;1;1;0,388;0,4221;0,1899
16409;2021-03-03;T20-21;E0;Burnley;Leicester;1;1;0;1;0,3872;0,4038;0,2089
16414;2021-03-04;T20-21;E0;Liverpool;Chelsea;0;1;2;1;0,3887;0,4127;0,1986
35523;2021-03-04;T20-21;I1;Parma;Inter;1;2;2;1;0,3848;0,3946;0,2206
16412;2021-03-04;T20-21;E0;Fulham;Tottenham;0;1;2;1;0,3874;0,4043;0,2082
16413;2021-03-04;T20-21;E0;West Brom;Everton;0;1;2;1;0,3878;0,4054;0,2069
6326;2021-03-05;T20-21;D1;Schalke 04;Mainz;0;0;0;1;0,3885;0,4098;0,2016
45625;2021-03-05;T20-21;SP1;Valencia;Villarreal;2;1;1;1;0,3884;0,4098;0,2017
58118;2021-03-05;T20-21;SP2;Espanol;Oviedo;1;1;0;1;0,3866;0,4249;0,1885
35526;2021-03-06;T20-21;I1;Juventus;Lazio;3;1;1;1;0,3885;0,419;0,1924
58121;2021-03-06;T20-21;SP2;Leganes;Castellon;0;0;0;1;0,384;0,4305;0,1855
58120;2021-03-06;T20-21;SP2;Las Palmas;Vallecano;1;1;0;1;0,3878;0,4073;0,2049
58119;2021-03-06;T20-21;SP2;Zaragoza;Tenerife;1;0;1;1;0,3883;0,4101;0,2016
45629;2021-03-06;T20-21;SP1;Osasuna;Barcelona;0;2;2;1;0,3849;0,3952;0,2198
45628;2021-03-06;T20-21;SP1;Cadiz;Eibar;1;0;1;1;0,3879;0,4064;0,2057
45627;2021-03-06;T20-21;SP1;Elche;Sevilla;2;1;1;1;0,3857;0,398;0,2163
58122;2021-03-06;T20-21;SP2;Albacete;Logrones;1;1;0;1;0,3886;0,4119;0,1995
45626;2021-03-06;T20-21;SP1;Valladolid;Getafe;2;1;1;1;0,3882;0,4088;0,203
35525;2021-03-06;T20-21;I1;Udinese;Sassuolo;2;0;1;1;0,3882;0,4073;0,2045
16415;2021-03-06;T20-21;E0;Burnley;Arsenal;1;1;0;1;0,3872;0,4038;0,209
16418;2021-03-06;T20-21;E0;Brighton;Leicester;1;2;2;1;0,3876;0,4059;0,2065
16417;2021-03-06;T20-21;E0;Aston Villa;Wolves;0;0;0;1;0,3887;0,4118;0,1996
16416;2021-03-06;T20-21;E0;Sheffield United;Southampton;0;2;2;1;0,3882;0,4087;0,2031
6332;2021-03-06;T20-21;D1;Bayern Munich;Dortmund;4;2;1;1;0,3852;0,4279;0,1869
6331;2021-03-06;T20-21;D1;M'gladbach;Leverkusen;0;1;2;1;0,3883;0,4089;0,2028
6330;2021-03-06;T20-21;D1;Hoffenheim;Wolfsburg;2;1;1;1;0,3886;0,4113;0,2001
6329;2021-03-06;T20-21;D1;Hertha;Augsburg;2;1;1;1;0,3888;0,4155;0,1957
6328;2021-03-06;T20-21;D1;Freiburg;RB Leipzig;0;3;2;1;0,3865;0,4009;0,2126
6327;2021-03-06;T20-21;D1;Ein Frankfurt;Stuttgart;1;1;0;1;0,3886;0,4124;0,1989
35524;2021-03-06;T20-21;I1;Spezia;Benevento;1;1;0;1;0,3868;0,4245;0,1887
45630;2021-03-07;T20-21;SP1;Huesca;Celta;3;4;2;1;0,3887;0,4131;0,1982
45631;2021-03-07;T20-21;SP1;Ath Madrid;Real Madrid;1;1;0;1;0,3878;0,4074;0,2048
45633;2021-03-07;T20-21;SP1;Ath Bilbao;Granada;2;1;1;1;0,3887;0,4196;0,1917
35532;2021-03-07;T20-21;I1;Napoli;Bologna;3;1;1;1;0,385;0,4282;0,1867
58124;2021-03-07;T20-21;SP2;Ponferradina;Sp Gijon;2;2;0;1;0,3883;0,4096;0,2021
58125;2021-03-07;T20-21;SP2;Mallorca;Cartagena;2;1;1;1;0,382;0,4347;0,1834
58126;2021-03-07;T20-21;SP2;Girona;Almeria;0;1;2;1;0,3886;0,4114;0,2
58123;2021-03-07;T20-21;SP2;Malaga;Sabadell;2;0;1;1;0,3888;0,4152;0,1961
35531;2021-03-07;T20-21;I1;Sampdoria;Cagliari;2;2;0;1;0,3883;0,4208;0,1909
45632;2021-03-07;T20-21;SP1;Sociedad;Levante;1;0;1;1;0,3889;0,4172;0,1939
35529;2021-03-07;T20-21;I1;Fiorentina;Parma;3;3;0;1;0,3885;0,42;0,1915
35527;2021-03-07;T20-21;I1;Roma;Genoa;1;0;1;1;0,3806;0,4374;0,182
16422;2021-03-07;T20-21;E0;Tottenham;Crystal Palace;4;1;1;1;0,3887;0,4199;0,1915
35530;2021-03-07;T20-21;I1;Verona;Milan;0;2;2;1;0,3869;0,4026;0,2105
16421;2021-03-07;T20-21;E0;Man City;Man United;0;2;2;1;0,3882;0,4206;0,1912
16420;2021-03-07;T20-21;E0;Liverpool;Fulham;0;1;2;1;0,3849;0,4286;0,1865
16419;2021-03-07;T20-21;E0;West Brom;Newcastle;0;0;0;1;0,3884;0,4083;0,2033
6334;2021-03-07;T20-21;D1;Bielefeld;Union Berlin;0;0;0;1;0,3877;0,4055;0,2068
6333;2021-03-07;T20-21;D1;FC Koln;Werder Bremen;1;1;0;1;0,3886;0,4103;0,2011
16423;2021-03-08;T20-21;E0;Chelsea;Everton;2;0;1;1;0,388;0,422;0,19
16424;2021-03-08;T20-21;E0;West Ham;Leeds;2;0;1;1;0,3884;0,4086;0,203
35533;2021-03-08;T20-21;I1;Inter;Atalanta;1;0;1;1;0,3888;0,4155;0,1957
45634;2021-03-08;T20-21;SP1;Betis;Alaves;3;2;1;1;0,3884;0,4211;0,1905
58127;2021-03-08;T20-21;SP2;Alcorcon;Mirandes;4;0;1;1;0,3887;0,413;0,1983
58128;2021-03-08;T20-21;SP2;Lugo;Fuenlabrada;0;0;0;1;0,3885;0,41;0,2015
26954;2021-03-10;T20-21;F1;Marseille;Rennes;1;0;1;1;0,3885;0,4103;0,2012
45635;2021-03-10;T20-21;SP1;Ath Madrid;Ath Bilbao;2;1;1;1;0,389;0,4175;0,1935
6335;2021-03-10;T20-21;D1;Bielefeld;Werder Bremen;0;2;2;1;0,3878;0,4058;0,2064
16425;2021-03-10;T20-21;E0;Man City;Southampton;5;2;1;1;0,3787;0,4414;0,1799
58129;2021-03-12;T20-21;SP2;Cartagena;Ponferradina;1;1;0;1;0,3884;0,4098;0,2017
45636;2021-03-12;T20-21;SP1;Levante;Valencia;1;0;1;1;0,3887;0,413;0,1983
35535;2021-03-12;T20-21;I1;Atalanta;Spezia;3;1;1;1;0,3789;0,441;0,1801
58130;2021-03-12;T20-21;SP2;Vallecano;Zaragoza;3;2;1;1;0,3888;0,4153;0,1959
26955;2021-03-12;T20-21;F1;Reims;Lyon;1;1;0;1;0,3856;0,3974;0,217
16426;2021-03-12;T20-21;E0;Newcastle;Aston Villa;1;1;0;1;0,3876;0,4056;0,2068
6336;2021-03-12;T20-21;D1;Augsburg;M'gladbach;3;1;1;1;0,3875;0,4044;0,2081
35534;2021-03-12;T20-21;I1;Lazio;Crotone;3;2;1;1;0,3812;0,4362;0,1826
35537;2021-03-13;T20-21;I1;Benevento;Fiorentina;1;4;2;1;0,3881;0,4077;0,2042
58133;2021-03-13;T20-21;SP2;Castellon;Sabadell;2;1;1;1;0,3887;0,4125;0,1988
58132;2021-03-13;T20-21;SP2;Girona;Lugo;1;1;0;1;0,3888;0,415;0,1962
58131;2021-03-13;T20-21;SP2;Fuenlabrada;Las Palmas;1;2;2;1;0,3888;0,4155;0,1957
45640;2021-03-13;T20-21;SP1;Getafe;Ath Madrid;0;0;0;1;0,3865;0,4009;0,2127
45639;2021-03-13;T20-21;SP1;Osasuna;Valladolid;0;0;0;1;0,3888;0,4137;0,1976
45638;2021-03-13;T20-21;SP1;Real Madrid;Elche;2;1;1;1;0,3777;0,4434;0,1789
58134;2021-03-13;T20-21;SP2;Mirandes;Espanol;2;2;0;1;0,3876;0,4052;0,2073
35538;2021-03-13;T20-21;I1;Genoa;Udinese;1;1;0;1;0,3882;0,4081;0,2037
35536;2021-03-13;T20-21;I1;Sassuolo;Verona;3;2;1;1;0,388;0,422;0,19
45637;2021-03-13;T20-21;SP1;Alaves;Cadiz;1;1;0;1;0,3888;0,4156;0,1956
26956;2021-03-13;T20-21;F1;Angers;St Etienne;0;1;2;1;0,3887;0,4121;0,1992
16430;2021-03-13;T20-21;E0;Fulham;Man City;0;3;2;1;0,384;0,3918;0,2243
16429;2021-03-13;T20-21;E0;Everton;Burnley;1;2;2;1;0,3888;0,4152;0,196
16428;2021-03-13;T20-21;E0;Crystal Palace;West Brom;1;0;1;1;0,3888;0,4154;0,1958
16427;2021-03-13;T20-21;E0;Leeds;Chelsea;0;0;0;1;0,387;0,4028;0,2102
6341;2021-03-13;T20-21;D1;Dortmund;Hertha;2;0;1;1;0,3859;0,4263;0,1877
6340;2021-03-13;T20-21;D1;Wolfsburg;Schalke 04;5;0;1;1;0,3831;0,4324;0,1845
6339;2021-03-13;T20-21;D1;Werder Bremen;Bayern Munich;1;3;2;1;0,3833;0,3895;0,2272
6338;2021-03-13;T20-21;D1;Union Berlin;FC Koln;2;1;1;1;0,3883;0,421;0,1908
6337;2021-03-13;T20-21;D1;Mainz;Freiburg;1;0;1;1;0,3887;0,4132;0,1981
26957;2021-03-13;T20-21;F1;Marseille;Brest;3;1;1;1;0,3888;0,4145;0,1968
35540;2021-03-14;T20-21;I1;Parma;Roma;2;0;1;1;0,3865;0,4011;0,2124
35541;2021-03-14;T20-21;I1;Torino;Inter;1;2;2;1;0,3855;0,3972;0,2173
35542;2021-03-14;T20-21;I1;Cagliari;Juventus;1;3;2;1;0,3859;0,3987;0,2154
35543;2021-03-14;T20-21;I1;Milan;Napoli;0;1;2;1;0,3884;0,4101;0,2015
45641;2021-03-14;T20-21;SP1;Celta;Ath Bilbao;0;0;0;1;0,3883;0,4089;0,2028
58137;2021-03-14;T20-21;SP2;Tenerife;Albacete;2;0;1;1;0,3888;0,4145;0,1967
45643;2021-03-14;T20-21;SP1;Eibar;Villarreal;1;3;2;1;0,3882;0,4092;0,2026
45644;2021-03-14;T20-21;SP1;Sevilla;Betis;1;0;1;1;0,3889;0,4172;0,1939
58135;2021-03-14;T20-21;SP2;Logrones;Malaga;0;1;2;1;0,387;0,4028;0,2102
58136;2021-03-14;T20-21;SP2;Sp Gijon;Mallorca;2;0;1;1;0,388;0,4075;0,2045
58138;2021-03-14;T20-21;SP2;Oviedo;Leganes;1;3;2;1;0,3887;0,4118;0,1995
45642;2021-03-14;T20-21;SP1;Granada;Sociedad;1;0;1;1;0,3878;0,4066;0,2056
35539;2021-03-14;T20-21;I1;Bologna;Sampdoria;3;1;1;1;0,3889;0,4164;0,1947
26962;2021-03-14;T20-21;F1;Rennes;Strasbourg;1;0;1;1;0,3888;0,4139;0,1973
26963;2021-03-14;T20-21;F1;Monaco;Lille;0;0;0;1;0,3886;0,4109;0,2005
6342;2021-03-14;T20-21;D1;Leverkusen;Bielefeld;1;2;2;1;0,3817;0,4352;0,1831
26964;2021-03-14;T20-21;F1;Paris SG;Nantes;1;2;2;1;0,3801;0,4386;0,1813
6344;2021-03-14;T20-21;D1;Stuttgart;Hoffenheim;2;0;1;1;0,3887;0,4124;0,1989
16431;2021-03-14;T20-21;E0;Southampton;Brighton;1;2;2;1;0,3887;0,4127;0,1985
16432;2021-03-14;T20-21;E0;Leicester;Sheffield United;5;0;1;1;0,3862;0,4258;0,188
6343;2021-03-14;T20-21;D1;RB Leipzig;Ein Frankfurt;1;1;0;1;0,3883;0,4197;0,192
16434;2021-03-14;T20-21;E0;Man United;West Ham;1;0;1;1;0,3875;0,4232;0,1894
26958;2021-03-14;T20-21;F1;Nimes;Montpellier;1;1;0;1;0,3884;0,4094;0,2023
26959;2021-03-14;T20-21;F1;Dijon;Bordeaux;1;3;2;1;0,388;0,4064;0,2056
26960;2021-03-14;T20-21;F1;Lens;Metz;2;2;0;1;0,3888;0,4141;0,1971
26961;2021-03-14;T20-21;F1;Lorient;Nice;1;1;0;1;0,3887;0,4115;0,1998
16433;2021-03-14;T20-21;E0;Arsenal;Tottenham;2;1;1;1;0,3887;0,4128;0,1985
16435;2021-03-15;T20-21;E0;Wolves;Liverpool;0;1;2;1;0,3861;0,3995;0,2144
45645;2021-03-15;T20-21;SP1;Barcelona;Huesca;4;1;1;1;0,3789;0,441;0,1801
58139;2021-03-15;T20-21;SP2;Almeria;Alcorcon;0;0;0;1;0,3885;0,4209;0,1905
35544;2021-03-17;T20-21;I1;Torino;Sassuolo;3;2;1;1;0,388;0,4075;0,2045
45646;2021-03-17;T20-21;SP1;Sevilla;Elche;2;0;1;1;0,385;0,4284;0,1867
45647;2021-03-19;T20-21;SP1;Betis;Levante;2;0;1;1;0,3888;0,4161;0,1951
58140;2021-03-19;T20-21;SP2;Las Palmas;Girona;1;2;2;1;0,3887;0,4129;0,1984
35545;2021-03-19;T20-21;I1;Parma;Genoa;1;2;2;1;0,3889;0,4175;0,1936
6345;2021-03-19;T20-21;D1;Bielefeld;RB Leipzig;0;1;2;1;0,385;0,3953;0,2198
16436;2021-03-19;T20-21;E0;Fulham;Leeds;1;2;2;1;0,3872;0,4036;0,2092
26965;2021-03-19;T20-21;F1;St Etienne;Monaco;0;4;2;1;0,3877;0,4066;0,2057
58144;2021-03-20;T20-21;SP2;Espanol;Logrones;4;0;1;1;0,3832;0,4322;0,1846
58143;2021-03-20;T20-21;SP2;Leganes;Fuenlabrada;0;2;2;1;0,3884;0,4196;0,192
58142;2021-03-20;T20-21;SP2;Mallorca;Oviedo;0;0;0;1;0,3853;0,4276;0,187
45651;2021-03-20;T20-21;SP1;Valladolid;Sevilla;1;1;0;1;0,387;0,403;0,21
45650;2021-03-20;T20-21;SP1;Huesca;Osasuna;0;0;0;1;0,3888;0,414;0,1972
45649;2021-03-20;T20-21;SP1;Celta;Real Madrid;1;3;2;1;0,3857;0,398;0,2163
45648;2021-03-20;T20-21;SP1;Ath Bilbao;Eibar;1;1;0;1;0,3886;0,4112;0,2002
35547;2021-03-20;T20-21;I1;Spezia;Cagliari;2;1;1;1;0,3888;0,4142;0,1971
58141;2021-03-20;T20-21;SP2;Sabadell;Sp Gijon;1;1;0;1;0,3875;0,4049;0,2076
26967;2021-03-20;T20-21;F1;Nice;Marseille;3;0;1;1;0,3887;0,4116;0,1997
26966;2021-03-20;T20-21;F1;Metz;Rennes;1;3;2;1;0,3886;0,4109;0,2005
16437;2021-03-20;T20-21;E0;Brighton;Newcastle;3;0;1;1;0,3888;0,4143;0,1969
6350;2021-03-20;T20-21;D1;Schalke 04;M'gladbach;0;3;2;1;0,386;0,3992;0,2148
6349;2021-03-20;T20-21;D1;Werder Bremen;Wolfsburg;1;2;2;1;0,3871;0,4033;0,2096
6348;2021-03-20;T20-21;D1;FC Koln;Dortmund;2;2;0;1;0,3862;0,3998;0,2141
6347;2021-03-20;T20-21;D1;Ein Frankfurt;Union Berlin;5;2;1;1;0,3884;0,4212;0,1904
6346;2021-03-20;T20-21;D1;Bayern Munich;Stuttgart;4;0;1;1;0,3778;0,4433;0,1789
35546;2021-03-20;T20-21;I1;Crotone;Bologna;2;3;2;1;0,3876;0,4052;0,2073
35551;2021-03-21;T20-21;I1;Udinese;Lazio;0;1;2;1;0,3875;0,4046;0,2079
35552;2021-03-21;T20-21;I1;Fiorentina;Milan;2;3;2;1;0,3875;0,4047;0,2079
35553;2021-03-21;T20-21;I1;Roma;Napoli;0;2;2;1;0,3881;0,4089;0,203
45652;2021-03-21;T20-21;SP1;Getafe;Elche;1;1;0;1;0,3888;0,4162;0,1949
45653;2021-03-21;T20-21;SP1;Valencia;Granada;2;1;1;1;0,3888;0,4155;0,1957
58147;2021-03-21;T20-21;SP2;Lugo;Castellon;0;0;0;1;0,3889;0,4167;0,1944
45656;2021-03-21;T20-21;SP1;Sociedad;Barcelona;1;6;2;1;0,3863;0,4002;0,2134
58145;2021-03-21;T20-21;SP2;Ponferradina;Almeria;2;1;1;1;0,3879;0,4073;0,2048
58146;2021-03-21;T20-21;SP2;Malaga;Tenerife;1;1;0;1;0,3886;0,4118;0,1996
58148;2021-03-21;T20-21;SP2;Alcorcon;Vallecano;0;3;2;1;0,3877;0,4066;0,2057
35550;2021-03-21;T20-21;I1;Sampdoria;Torino;1;0;1;1;0,3888;0,4136;0,1976
45654;2021-03-21;T20-21;SP1;Villarreal;Cadiz;2;1;1;1;0,3875;0,4231;0,1894
35549;2021-03-21;T20-21;I1;Juventus;Benevento;0;1;2;1;0,3742;0,4505;0,1753
45655;2021-03-21;T20-21;SP1;Ath Madrid;Alaves;1;0;1;1;0,3826;0,4333;0,1841
26974;2021-03-21;T20-21;F1;Lyon;Paris SG;2;4;2;1;0,3881;0,4086;0,2032
6351;2021-03-21;T20-21;D1;Hoffenheim;Mainz;1;2;2;1;0,3889;0,4172;0,1939
6353;2021-03-21;T20-21;D1;Freiburg;Augsburg;2;0;1;1;0,3889;0,4169;0,1942
16438;2021-03-21;T20-21;E0;West Ham;Arsenal;3;3;0;1;0,3884;0,4101;0,2015
16439;2021-03-21;T20-21;E0;Aston Villa;Tottenham;0;2;2;1;0,3883;0,4088;0,2029
35548;2021-03-21;T20-21;I1;Verona;Atalanta;0;2;2;1;0,3859;0,3987;0,2153
6352;2021-03-21;T20-21;D1;Hertha;Leverkusen;3;0;1;1;0,3867;0,4018;0,2115
26969;2021-03-21;T20-21;F1;Brest;Angers;0;0;0;1;0,3887;0,4118;0,1995
26970;2021-03-21;T20-21;F1;Dijon;Reims;0;1;2;1;0,3881;0,4077;0,2042
26971;2021-03-21;T20-21;F1;Montpellier;Bordeaux;3;1;1;1;0,3889;0,4171;0,194
26972;2021-03-21;T20-21;F1;Nantes;Lorient;1;1;0;1;0,3888;0,4146;0,1966
26973;2021-03-21;T20-21;F1;Lille;Nimes;1;2;2;1;0,3833;0,4319;0,1848
26968;2021-03-21;T20-21;F1;Strasbourg;Lens;1;2;2;1;0,3874;0,4047;0,2079
58149;2021-03-22;T20-21;SP2;Albacete;Cartagena;2;0;1;1;0,3889;0,4165;0,1947
58150;2021-03-22;T20-21;SP2;Zaragoza;Mirandes;1;0;1;1;0,3887;0,413;0,1983
58152;2021-03-26;T20-21;SP2;Castellon;Espanol;1;3;2;1;0,3862;0,3997;0,2142
58151;2021-03-26;T20-21;SP2;Sp Gijon;Alcorcon;0;0;0;1;0,3889;0,4164;0,1947
58153;2021-03-27;T20-21;SP2;Oviedo;Ponferradina;1;1;0;1;0,3888;0,415;0,1962
58154;2021-03-27;T20-21;SP2;Almeria;Leganes;1;1;0;1;0,3887;0,413;0,1982
58155;2021-03-27;T20-21;SP2;Cartagena;Malaga;1;1;0;1;0,388;0,4085;0,2035
58156;2021-03-27;T20-21;SP2;Logrones;Zaragoza;1;1;0;1;0,3872;0,4038;0,209
58157;2021-03-28;T20-21;SP2;Lugo;Sabadell;0;1;2;1;0,3889;0,4166;0,1945
58158;2021-03-28;T20-21;SP2;Girona;Albacete;2;1;1;1;0,3882;0,4212;0,1905
58159;2021-03-28;T20-21;SP2;Tenerife;Las Palmas;1;1;0;1;0,3888;0,4159;0,1953
58160;2021-03-29;T20-21;SP2;Fuenlabrada;Mallorca;4;1;1;1;0,3884;0,4107;0,2009
58161;2021-03-30;T20-21;SP2;Alcorcon;Oviedo;1;1;0;1;0,3886;0,4126;0,1988
58162;2021-03-30;T20-21;SP2;Malaga;Almeria;0;3;2;1;0,3879;0,4073;0,2048
58163;2021-03-30;T20-21;SP2;Ponferradina;Logrones;2;2;0;1;0,3889;0,4167;0,1944
58164;2021-03-30;T20-21;SP2;Vallecano;Sp Gijon;0;1;2;1;0,3888;0,4154;0,1958
58165;2021-03-31;T20-21;SP2;Albacete;Castellon;0;1;2;1;0,3888;0,4157;0,1955
58166;2021-03-31;T20-21;SP2;Sabadell;Girona;2;2;0;1;0,3879;0,408;0,2041
58167;2021-04-01;T20-21;SP2;Espanol;Fuenlabrada;4;0;1;1;0,3875;0,4231;0,1894
58168;2021-04-01;T20-21;SP2;Mallorca;Leganes;1;0;1;1;0,3887;0,4139;0,1974
58169;2021-04-01;T20-21;SP2;Las Palmas;Lugo;6;1;1;1;0,3887;0,4134;0,1978
58170;2021-04-01;T20-21;SP2;Zaragoza;Cartagena;0;0;0;1;0,3889;0,4178;0,1933
58171;2021-04-02;T20-21;SP2;Almeria;Vallecano;0;1;2;1;0,3884;0,4117;0,2
45657;2021-04-02;T20-21;SP1;Levante;Huesca;0;2;2;1;0,3888;0,4136;0,1977
35557;2021-04-03;T20-21;I1;Cagliari;Verona;0;2;2;1;0,3886;0,4117;0,1997
58173;2021-04-03;T20-21;SP2;Girona;Ponferradina;3;1;1;1;0,3889;0,4161;0,1951
58172;2021-04-03;T20-21;SP2;Logrones;Tenerife;1;0;1;1;0,3867;0,4017;0,2116
45660;2021-04-03;T20-21;SP1;Osasuna;Getafe;0;0;0;1;0,3887;0,4117;0,1997
45659;2021-04-03;T20-21;SP1;Real Madrid;Eibar;2;0;1;1;0,3844;0,4296;0,186
45658;2021-04-03;T20-21;SP1;Granada;Villarreal;0;3;2;1;0,3878;0,407;0,2052
35562;2021-04-03;T20-21;I1;Torino;Juventus;2;2;0;1;0,3857;0,398;0,2163
58174;2021-04-03;T20-21;SP2;Castellon;Oviedo;1;0;1;1;0,3882;0,4102;0,2015
35560;2021-04-03;T20-21;I1;Napoli;Crotone;4;3;1;1;0,3787;0,4415;0,1798
35559;2021-04-03;T20-21;I1;Lazio;Spezia;2;1;1;1;0,3849;0,4284;0,1866
35558;2021-04-03;T20-21;I1;Genoa;Fiorentina;1;1;0;1;0,3885;0,4088;0,2027
35556;2021-04-03;T20-21;I1;Benevento;Parma;2;2;0;1;0,3888;0,4132;0,198
6360;2021-04-03;T20-21;D1;M'gladbach;Freiburg;2;1;1;1;0,3883;0,4215;0,1903
35554;2021-04-03;T20-21;I1;Milan;Sampdoria;1;1;0;1;0,3828;0,4329;0,1843
35555;2021-04-03;T20-21;I1;Atalanta;Udinese;3;2;1;1;0,3816;0,4356;0,1828
6355;2021-04-03;T20-21;D1;Dortmund;Ein Frankfurt;1;2;2;1;0,3888;0,4158;0,1954
6356;2021-04-03;T20-21;D1;Leverkusen;Schalke 04;2;1;1;1;0,3801;0,4385;0,1814
6357;2021-04-03;T20-21;D1;Mainz;Bielefeld;1;1;0;1;0,3877;0,4228;0,1896
6354;2021-04-03;T20-21;D1;Augsburg;Hoffenheim;2;1;1;1;0,3881;0,4076;0,2043
6359;2021-04-03;T20-21;D1;RB Leipzig;Bayern Munich;0;1;2;1;0,3866;0,4013;0,2121
26975;2021-04-03;T20-21;F1;Monaco;Metz;4;0;1;1;0,3863;0,4255;0,1882
26976;2021-04-03;T20-21;F1;Paris SG;Lille;0;1;2;1;0,3874;0,4234;0,1892
26977;2021-04-03;T20-21;F1;Lens;Lyon;1;1;0;1;0,3874;0,4042;0,2084
6358;2021-04-03;T20-21;D1;Wolfsburg;FC Koln;1;0;1;1;0,3806;0,4374;0,1819
45663;2021-04-04;T20-21;SP1;Cadiz;Valencia;2;1;1;1;0,3881;0,4077;0,2043
58179;2021-04-04;T20-21;SP2;Las Palmas;Mallorca;1;1;0;1;0,3883;0,4088;0,2029
58178;2021-04-04;T20-21;SP2;Lugo;Malaga;0;1;2;1;0,3887;0,4122;0,1991
58177;2021-04-04;T20-21;SP2;Leganes;Sabadell;2;1;1;1;0,3884;0,4201;0,1914
58176;2021-04-04;T20-21;SP2;Albacete;Espanol;0;3;2;1;0,3856;0,3975;0,2169
58175;2021-04-04;T20-21;SP2;Sp Gijon;Mirandes;1;2;2;1;0,3888;0,4151;0,1961
45664;2021-04-04;T20-21;SP1;Sevilla;Ath Madrid;1;0;1;1;0,3882;0,4085;0,2033
45661;2021-04-04;T20-21;SP1;Alaves;Celta;1;3;2;1;0,3887;0,4118;0,1995
26980;2021-04-04;T20-21;F1;Lorient;Brest;1;0;1;1;0,3887;0,4114;0,1999
26982;2021-04-04;T20-21;F1;Reims;Rennes;2;2;0;1;0,3887;0,4123;0,199
26981;2021-04-04;T20-21;F1;Nantes;Nice;1;2;2;1;0,3885;0,4094;0,2021
26979;2021-04-04;T20-21;F1;Bordeaux;Strasbourg;2;3;2;1;0,3883;0,4091;0,2026
26978;2021-04-04;T20-21;F1;Angers;Montpellier;1;1;0;1;0,3882;0,4081;0,2037
16445;2021-04-04;T20-21;E0;Newcastle;Tottenham;2;2;0;1;0,3868;0,4019;0,2114
6362;2021-04-04;T20-21;D1;Union Berlin;Hertha;1;1;0;1;0,3888;0,4151;0,1961
6361;2021-04-04;T20-21;D1;Stuttgart;Werder Bremen;1;0;1;1;0,3889;0,4186;0,1926
26984;2021-04-04;T20-21;F1;Marseille;Dijon;2;0;1;1;0,385;0,4283;0,1866
58180;2021-04-05;T20-21;SP2;Cartagena;Alcorcon;2;1;1;1;0,3884;0,4108;0,2008
58181;2021-04-05;T20-21;SP2;Fuenlabrada;Zaragoza;0;1;2;1;0,3888;0,4152;0,196
35564;2021-04-07;T20-21;I1;Inter;Sassuolo;2;1;1;1;0,3824;0,4338;0,1837
35565;2021-04-07;T20-21;I1;Juventus;Napoli;2;1;1;1;0,3887;0,4134;0,1979
58182;2021-04-09;T20-21;SP2;Tenerife;Sp Gijon;1;0;1;1;0,3886;0,4116;0,1998
26985;2021-04-09;T20-21;F1;Metz;Lille;0;2;2;1;0,3875;0,4052;0,2073
45667;2021-04-09;T20-21;SP1;Huesca;Elche;3;1;1;1;0,3888;0,4136;0,1976
6363;2021-04-09;T20-21;D1;Bielefeld;Freiburg;1;0;1;1;0,3885;0,4097;0,2018
16450;2021-04-09;T20-21;E0;Fulham;Wolves;0;1;2;1;0,3881;0,4068;0,2051
58185;2021-04-10;T20-21;SP2;Vallecano;Girona;2;1;1;1;0,3888;0,416;0,1951
58184;2021-04-10;T20-21;SP2;Oviedo;Las Palmas;0;0;0;1;0,3888;0,4143;0,197
58183;2021-04-10;T20-21;SP2;Ponferradina;Fuenlabrada;0;0;0;1;0,3885;0,4112;0,2002
45671;2021-04-10;T20-21;SP1;Real Madrid;Barcelona;2;1;1;1;0,3881;0,4078;0,204
45669;2021-04-10;T20-21;SP1;Ath Bilbao;Alaves;0;0;0;1;0,3868;0,4245;0,1887
45668;2021-04-10;T20-21;SP1;Getafe;Cadiz;0;1;2;1;0,3889;0,4177;0,1934
35568;2021-04-10;T20-21;I1;Udinese;Torino;0;1;2;1;0,3887;0,4109;0,2004
35567;2021-04-10;T20-21;I1;Parma;Milan;1;3;2;1;0,387;0,4028;0,2102
35566;2021-04-10;T20-21;I1;Spezia;Crotone;3;2;1;1;0,3882;0,4213;0,1905
45670;2021-04-10;T20-21;SP1;Eibar;Levante;0;1;2;1;0,3887;0,4119;0,1994
26986;2021-04-10;T20-21;F1;Strasbourg;Paris SG;1;4;2;1;0,3856;0,3976;0,2167
16453;2021-04-10;T20-21;E0;Crystal Palace;Chelsea;1;4;2;1;0,3854;0,3967;0,218
16452;2021-04-10;T20-21;E0;Liverpool;Aston Villa;2;1;1;1;0,3865;0,4252;0,1883
16451;2021-04-10;T20-21;E0;Man City;Leeds;1;2;2;1;0,3844;0,4298;0,1858
6368;2021-04-10;T20-21;D1;Stuttgart;Dortmund;2;3;2;1;0,388;0,4063;0,2057
6367;2021-04-10;T20-21;D1;Werder Bremen;RB Leipzig;1;4;2;1;0,3855;0,3971;0,2175
6366;2021-04-10;T20-21;D1;Hertha;M'gladbach;2;2;0;1;0,3873;0,4039;0,2088
6365;2021-04-10;T20-21;D1;Ein Frankfurt;Wolfsburg;4;3;1;1;0,3885;0,4106;0,2009
6364;2021-04-10;T20-21;D1;Bayern Munich;Union Berlin;1;1;0;1;0,3785;0,4419;0,1796
26987;2021-04-10;T20-21;F1;Montpellier;Marseille;3;3;0;1;0,3886;0,411;0,2005
35572;2021-04-11;T20-21;I1;Verona;Lazio;0;1;2;1;0,3871;0,4032;0,2098
35573;2021-04-11;T20-21;I1;Roma;Bologna;1;0;1;1;0,3865;0,4252;0,1883
35574;2021-04-11;T20-21;I1;Fiorentina;Atalanta;2;3;2;1;0,3862;0,3999;0,2139
45672;2021-04-11;T20-21;SP1;Villarreal;Osasuna;1;2;2;1;0,388;0,4221;0,1899
45673;2021-04-11;T20-21;SP1;Valencia;Sociedad;2;2;0;1;0,3884;0,41;0,2016
45674;2021-04-11;T20-21;SP1;Valladolid;Granada;1;2;2;1;0,3887;0,4122;0,1991
58189;2021-04-11;T20-21;SP2;Mirandes;Logrones;0;1;2;1;0,3888;0,4157;0,1955
58186;2021-04-11;T20-21;SP2;Malaga;Albacete;2;0;1;1;0,3888;0,4159;0,1953
58191;2021-04-11;T20-21;SP2;Espanol;Leganes;2;1;1;1;0,3859;0,4264;0,1877
58188;2021-04-11;T20-21;SP2;Mallorca;Lugo;2;0;1;1;0,3869;0,4243;0,1888
58190;2021-04-11;T20-21;SP2;Sabadell;Cartagena;1;1;0;1;0,3888;0,4143;0,1969
35571;2021-04-11;T20-21;I1;Sampdoria;Napoli;0;2;2;1;0,3861;0,3994;0,2145
45675;2021-04-11;T20-21;SP1;Betis;Ath Madrid;1;1;0;1;0,3881;0,4083;0,2037
35570;2021-04-11;T20-21;I1;Juventus;Genoa;3;1;1;1;0,3778;0,4433;0,1789
58187;2021-04-11;T20-21;SP2;Zaragoza;Almeria;2;1;1;1;0,3881;0,4078;0,2042
26994;2021-04-11;T20-21;F1;Lyon;Angers;3;0;1;1;0,3851;0,4281;0,1868
26993;2021-04-11;T20-21;F1;Monaco;Dijon;3;0;1;1;0,3775;0,444;0,1786
26992;2021-04-11;T20-21;F1;St Etienne;Bordeaux;4;1;1;1;0,3887;0,4127;0,1985
26991;2021-04-11;T20-21;F1;Nice;Reims;0;0;0;1;0,3889;0,4167;0,1944
26990;2021-04-11;T20-21;F1;Lens;Lorient;4;1;1;1;0,3886;0,4198;0,1916
26989;2021-04-11;T20-21;F1;Brest;Nimes;1;1;0;1;0,3887;0,4129;0,1984
26988;2021-04-11;T20-21;F1;Rennes;Nantes;1;0;1;1;0,389;0,4174;0,1936
16457;2021-04-11;T20-21;E0;Sheffield United;Arsenal;0;3;2;1;0,3867;0,4017;0,2116
16456;2021-04-11;T20-21;E0;Tottenham;Man United;1;3;2;1;0,388;0,4065;0,2055
16455;2021-04-11;T20-21;E0;West Ham;Leicester;3;2;1;1;0,3885;0,41;0,2015
16454;2021-04-11;T20-21;E0;Burnley;Newcastle;1;2;2;1;0,3887;0,4121;0,1992
6370;2021-04-11;T20-21;D1;FC Koln;Mainz;2;3;2;1;0,3883;0,4085;0,2032
6369;2021-04-11;T20-21;D1;Schalke 04;Augsburg;1;0;1;1;0,3885;0,4091;0,2024
35569;2021-04-11;T20-21;I1;Inter;Cagliari;1;0;1;1;0,3789;0,441;0,1801
58192;2021-04-12;T20-21;SP2;Alcorcon;Castellon;2;1;1;1;0,3888;0,4158;0,1954
45676;2021-04-12;T20-21;SP1;Celta;Sevilla;3;4;2;1;0,3878;0,4057;0,2064
35575;2021-04-12;T20-21;I1;Benevento;Sassuolo;0;1;2;1;0,3873;0,404;0,2087
16458;2021-04-12;T20-21;E0;West Brom;Southampton;3;0;1;1;0,3883;0,407;0,2047
6371;2021-04-12;T20-21;D1;Hoffenheim;Leverkusen;0;0;0;1;0,3884;0,4095;0,2021
16459;2021-04-12;T20-21;E0;Brighton;Everton;0;0;0;1;0,3885;0,4094;0,2022
58193;2021-04-14;T20-21;SP2;Vallecano;Mirandes;0;1;2;1;0,3889;0,4188;0,1923
58195;2021-04-16;T20-21;SP2;Girona;Zaragoza;3;0;1;1;0,3889;0,4171;0,194
6372;2021-04-16;T20-21;D1;RB Leipzig;Hoffenheim;0;0;0;1;0,3865;0,4253;0,1882
16460;2021-04-16;T20-21;E0;Everton;Tottenham;2;2;0;1;0,3878;0,406;0,2062
26995;2021-04-16;T20-21;F1;Lille;Montpellier;1;1;0;1;0,389;0,4178;0,1932
58194;2021-04-16;T20-21;SP2;Fuenlabrada;Sabadell;2;2;0;1;0,389;0,4179;0,1931
35577;2021-04-17;T20-21;I1;Sampdoria;Verona;3;1;1;1;0,3887;0,4136;0,1976
35578;2021-04-17;T20-21;I1;Sassuolo;Fiorentina;3;1;1;1;0,3888;0,4161;0,195
35579;2021-04-17;T20-21;I1;Cagliari;Parma;4;3;1;1;0,3888;0,4147;0,1965
35576;2021-04-17;T20-21;I1;Crotone;Udinese;1;2;2;1;0,3879;0,4062;0,2059
58197;2021-04-17;T20-21;SP2;Castellon;Mallorca;1;0;1;1;0,387;0,4028;0,2102
58198;2021-04-17;T20-21;SP2;Las Palmas;Malaga;1;1;0;1;0,3887;0,4123;0,199
58199;2021-04-17;T20-21;SP2;Sp Gijon;Oviedo;0;1;2;1;0,3887;0,4136;0,1977
58196;2021-04-17;T20-21;SP2;Lugo;Alcorcon;1;3;2;1;0,3886;0,4124;0,199
26997;2021-04-17;T20-21;F1;Marseille;Lorient;3;2;1;1;0,3883;0,4209;0,1908
6375;2021-04-17;T20-21;D1;M'gladbach;Ein Frankfurt;4;0;1;1;0,3888;0,4153;0,1959
16462;2021-04-17;T20-21;E0;Wolves;Sheffield United;1;0;1;1;0,3882;0,4217;0,1901
16461;2021-04-17;T20-21;E0;Newcastle;West Ham;3;2;1;1;0,3887;0,4123;0,1989
6378;2021-04-17;T20-21;D1;Leverkusen;FC Koln;3;0;1;1;0,3835;0,4314;0,185
6377;2021-04-17;T20-21;D1;Wolfsburg;Bayern Munich;2;3;2;1;0,3859;0,3986;0,2155
6376;2021-04-17;T20-21;D1;Union Berlin;Stuttgart;2;1;1;1;0,3886;0,4105;0,2009
6374;2021-04-17;T20-21;D1;Freiburg;Schalke 04;4;0;1;1;0,389;0,4178;0,1932
6373;2021-04-17;T20-21;D1;Augsburg;Bielefeld;0;0;0;1;0,3889;0,417;0,1941
26996;2021-04-17;T20-21;F1;Angers;Rennes;0;3;2;1;0,3879;0,4076;0,2045
45677;2021-04-18;T20-21;SP1;Osasuna;Elche;2;0;1;1;0,3887;0,4137;0,1975
45678;2021-04-18;T20-21;SP1;Sociedad;Sevilla;1;2;2;1;0,3884;0,4097;0,2019
45679;2021-04-18;T20-21;SP1;Alaves;Huesca;1;0;1;1;0,3886;0,4109;0,2005
45680;2021-04-18;T20-21;SP1;Ath Madrid;Eibar;5;0;1;1;0,3847;0,4291;0,1862
45681;2021-04-18;T20-21;SP1;Betis;Valencia;2;2;0;1;0,3888;0,4151;0,1961
58200;2021-04-18;T20-21;SP2;Albacete;Mirandes;1;0;1;1;0,3881;0,4094;0,2025
45683;2021-04-18;T20-21;SP1;Getafe;Real Madrid;0;0;0;1;0,3855;0,3971;0,2175
45684;2021-04-18;T20-21;SP1;Levante;Villarreal;1;5;2;1;0,3882;0,4082;0,2035
58201;2021-04-18;T20-21;SP2;Logrones;Vallecano;0;0;0;1;0,3869;0,4025;0,2106
58202;2021-04-18;T20-21;SP2;Cartagena;Tenerife;0;0;0;1;0,3879;0,4079;0,2041
35585;2021-04-18;T20-21;I1;Napoli;Inter;1;1;0;1;0,3886;0,412;0,1994
45682;2021-04-18;T20-21;SP1;Cadiz;Celta;0;0;0;1;0,3887;0,4122;0,1991
35584;2021-04-18;T20-21;I1;Torino;Roma;3;1;1;1;0,387;0,4028;0,2102
6379;2021-04-18;T20-21;D1;Dortmund;Werder Bremen;4;1;1;1;0,3842;0,43;0,1858
35582;2021-04-18;T20-21;I1;Bologna;Spezia;4;1;1;1;0,3888;0,4197;0,1916
35581;2021-04-18;T20-21;I1;Atalanta;Juventus;1;0;1;1;0,3885;0,4111;0,2004
35580;2021-04-18;T20-21;I1;Milan;Genoa;2;1;1;1;0,379;0,4408;0,1802
27004;2021-04-18;T20-21;F1;Nantes;Lyon;1;2;2;1;0,3852;0,396;0,2189
27003;2021-04-18;T20-21;F1;Bordeaux;Monaco;0;3;2;1;0,3874;0,4044;0,2083
27002;2021-04-18;T20-21;F1;Reims;Metz;0;0;0;1;0,3887;0,4124;0,1989
27001;2021-04-18;T20-21;F1;Nimes;Strasbourg;1;1;0;1;0,3886;0,4103;0,2011
27000;2021-04-18;T20-21;F1;Dijon;Nice;2;0;1;1;0,3876;0,4049;0,2075
26999;2021-04-18;T20-21;F1;Brest;Lens;1;1;0;1;0,3877;0,4064;0,2058
26998;2021-04-18;T20-21;F1;Paris SG;St Etienne;3;2;1;1;0,382;0,4346;0,1834
16464;2021-04-18;T20-21;E0;Man United;Burnley;3;1;1;1;0,3863;0,4256;0,1881
16463;2021-04-18;T20-21;E0;Arsenal;Fulham;1;1;0;1;0,389;0,4183;0,1928
35583;2021-04-18;T20-21;I1;Lazio;Benevento;5;3;1;1;0,3805;0,4377;0,1818
58203;2021-04-19;T20-21;SP2;Leganes;Ponferradina;1;1;0;1;0,3888;0,4146;0,1966
58204;2021-04-19;T20-21;SP2;Almeria;Espanol;1;1;0;1;0,3872;0,4037;0,2091
16465;2021-04-19;T20-21;E0;Leeds;Liverpool;1;1;0;1;0,3869;0,4024;0,2106
6380;2021-04-20;T20-21;D1;FC Koln;RB Leipzig;2;1;1;1;0,3857;0,3978;0,2165
6381;2021-04-20;T20-21;D1;Bayern Munich;Leverkusen;2;0;1;1;0,3826;0,4334;0,184
6382;2021-04-20;T20-21;D1;Bielefeld;Schalke 04;1;0;1;1;0,3888;0,4142;0,197
6383;2021-04-20;T20-21;D1;Ein Frankfurt;Augsburg;2;0;1;1;0,3873;0,4235;0,1892
16466;2021-04-20;T20-21;E0;Chelsea;Brighton;0;0;0;1;0,3863;0,4256;0,1881
35586;2021-04-20;T20-21;I1;Verona;Fiorentina;1;2;2;1;0,3886;0,4117;0,1996
35592;2021-04-21;T20-21;I1;Spezia;Inter;1;1;0;1;0,3851;0,3959;0,219
35593;2021-04-21;T20-21;I1;Udinese;Cagliari;0;1;2;1;0,3889;0,4167;0,1944
45685;2021-04-21;T20-21;SP1;Levante;Sevilla;0;1;2;1;0,3877;0,4062;0,2061
45686;2021-04-21;T20-21;SP1;Osasuna;Valencia;3;1;1;1;0,3882;0,4097;0,2021
45690;2021-04-21;T20-21;SP1;Cadiz;Real Madrid;0;3;2;1;0,3848;0,3948;0,2204
45688;2021-04-21;T20-21;SP1;Alaves;Villarreal;2;1;1;1;0,3874;0,4045;0,2081
45689;2021-04-21;T20-21;SP1;Elche;Valladolid;1;1;0;1;0,3881;0,4083;0,2036
58205;2021-04-21;T20-21;SP2;Mirandes;Tenerife;0;0;0;1;0,3883;0,4105;0,2011
45687;2021-04-21;T20-21;SP1;Betis;Ath Bilbao;0;0;0;1;0,3886;0,4119;0,1995
35591;2021-04-21;T20-21;I1;Juventus;Parma;3;1;1;1;0,3799;0,4389;0,1812
6386;2021-04-21;T20-21;D1;Stuttgart;Wolfsburg;1;3;2;1;0,3881;0,4085;0,2034
35589;2021-04-21;T20-21;I1;Crotone;Sampdoria;0;1;2;1;0,3875;0,4048;0,2077
35588;2021-04-21;T20-21;I1;Bologna;Torino;1;1;0;1;0,3888;0,4146;0,1966
35587;2021-04-21;T20-21;I1;Milan;Sassuolo;1;2;2;1;0,3839;0,4307;0,1854
16468;2021-04-21;T20-21;E0;Aston Villa;Man City;1;2;2;1;0,3843;0,3928;0,2229
16467;2021-04-21;T20-21;E0;Tottenham;Southampton;2;1;1;1;0,3889;0,4162;0,1949
6387;2021-04-21;T20-21;D1;Werder Bremen;Mainz;0;1;2;1;0,3887;0,4122;0,1991
35590;2021-04-21;T20-21;I1;Genoa;Benevento;2;2;0;1;0,3888;0,416;0,1951
6385;2021-04-21;T20-21;D1;Hoffenheim;M'gladbach;3;2;1;1;0,388;0,4068;0,2052
6384;2021-04-21;T20-21;D1;Dortmund;Union Berlin;2;0;1;1;0,3865;0,4251;0,1884
45694;2021-04-22;T20-21;SP1;Barcelona;Getafe;5;2;1;1;0,3811;0,4364;0,1825
45692;2021-04-22;T20-21;SP1;Granada;Eibar;4;1;1;1;0,3887;0,4133;0,1979
45691;2021-04-22;T20-21;SP1;Ath Madrid;Huesca;2;0;1;1;0,3823;0,434;0,1837
45693;2021-04-22;T20-21;SP1;Sociedad;Celta;2;1;1;1;0,3889;0,4167;0,1944
35594;2021-04-22;T20-21;I1;Roma;Atalanta;1;1;0;1;0,388;0,4073;0,2047
16469;2021-04-22;T20-21;E0;Leicester;West Brom;3;0;1;1;0,388;0,4221;0,19
35595;2021-04-22;T20-21;I1;Napoli;Lazio;5;2;1;1;0,3888;0,4159;0,1953
6388;2021-04-23;T20-21;D1;Augsburg;FC Koln;2;3;2;1;0,3888;0,4145;0,1967
16470;2021-04-23;T20-21;E0;Arsenal;Everton;0;1;2;1;0,3889;0,417;0,1941
27005;2021-04-23;T20-21;F1;Reims;Marseille;1;3;2;1;0,3884;0,4105;0,2011
58206;2021-04-23;T20-21;SP2;Zaragoza;Sp Gijon;0;0;0;1;0,3886;0,4105;0,2009
35598;2021-04-24;T20-21;I1;Sassuolo;Sampdoria;1;0;1;1;0,3889;0,4172;0,1939
45695;2021-04-24;T20-21;SP1;Elche;Levante;1;0;1;1;0,388;0,4078;0,2042
45696;2021-04-24;T20-21;SP1;Valladolid;Cadiz;1;1;0;1;0,3889;0,4166;0,1945
45697;2021-04-24;T20-21;SP1;Valencia;Alaves;1;1;0;1;0,3888;0,4193;0,1919
58208;2021-04-24;T20-21;SP2;Malaga;Fuenlabrada;0;1;2;1;0,3887;0,4122;0,1991
58210;2021-04-24;T20-21;SP2;Ponferradina;Lugo;2;0;1;1;0,3888;0,4148;0,1964
58209;2021-04-24;T20-21;SP2;Espanol;Las Palmas;4;0;1;1;0,3834;0,4317;0,1849
35597;2021-04-24;T20-21;I1;Parma;Crotone;3;4;2;1;0,3889;0,4174;0,1937
45698;2021-04-24;T20-21;SP1;Real Madrid;Betis;0;0;0;1;0,3833;0,4318;0,1848
35596;2021-04-24;T20-21;I1;Genoa;Spezia;2;0;1;1;0,3888;0,4137;0,1976
58207;2021-04-24;T20-21;SP2;Logrones;Cartagena;0;1;2;1;0,3886;0,4123;0,1991
27006;2021-04-24;T20-21;F1;St Etienne;Brest;1;2;2;1;0,3888;0,4153;0,1959
16473;2021-04-24;T20-21;E0;Sheffield United;Brighton;1;0;1;1;0,3872;0,4038;0,209
16472;2021-04-24;T20-21;E0;West Ham;Chelsea;0;1;2;1;0,3869;0,4023;0,2108
16471;2021-04-24;T20-21;E0;Liverpool;Newcastle;1;1;0;1;0,3845;0,4293;0,1862
6393;2021-04-24;T20-21;D1;Leverkusen;Ein Frankfurt;3;1;1;1;0,3886;0,4125;0,199
6392;2021-04-24;T20-21;D1;Wolfsburg;Dortmund;0;2;2;1;0,3883;0,4084;0,2033
6391;2021-04-24;T20-21;D1;Union Berlin;Werder Bremen;3;1;1;1;0,3889;0,416;0,1952
6390;2021-04-24;T20-21;D1;Mainz;Bayern Munich;2;1;1;1;0,3836;0,3906;0,2258
6389;2021-04-24;T20-21;D1;Freiburg;Hoffenheim;1;1;0;1;0,3886;0,4107;0,2007
27007;2021-04-24;T20-21;F1;Metz;Paris SG;1;3;2;1;0,3856;0,3975;0,217
35601;2021-04-25;T20-21;I1;Inter;Verona;1;0;1;1;0,3793;0,4403;0,1804
35602;2021-04-25;T20-21;I1;Cagliari;Roma;3;2;1;1;0,3874;0,4043;0,2083
35603;2021-04-25;T20-21;I1;Atalanta;Bologna;5;0;1;1;0,3808;0,4371;0,1821
45699;2021-04-25;T20-21;SP1;Huesca;Getafe;0;2;2;1;0,388;0,4074;0,2046
45700;2021-04-25;T20-21;SP1;Villarreal;Barcelona;1;2;2;1;0,3864;0,4004;0,2132
58212;2021-04-25;T20-21;SP2;Mirandes;Almeria;1;1;0;1;0,3881;0,4091;0,2027
45702;2021-04-25;T20-21;SP1;Sevilla;Granada;2;1;1;1;0,3868;0,4244;0,1887
45703;2021-04-25;T20-21;SP1;Ath Bilbao;Ath Madrid;2;1;1;1;0,387;0,4029;0,21
58211;2021-04-25;T20-21;SP2;Oviedo;Girona;0;1;2;1;0,3887;0,4125;0,1988
58213;2021-04-25;T20-21;SP2;Alcorcon;Leganes;1;2;2;1;0,3885;0,4113;0,2002
58214;2021-04-25;T20-21;SP2;Tenerife;Castellon;1;1;0;1;0,3889;0,4171;0,194
45701;2021-04-25;T20-21;SP1;Celta;Osasuna;2;1;1;1;0,3888;0,4151;0,1961
35600;2021-04-25;T20-21;I1;Fiorentina;Juventus;1;1;0;1;0,386;0,3989;0,2152
27014;2021-04-25;T20-21;F1;Lyon;Lille;2;3;2;1;0,3887;0,418;0,1932
27013;2021-04-25;T20-21;F1;Angers;Monaco;0;1;2;1;0,3872;0,4039;0,2089
6394;2021-04-25;T20-21;D1;RB Leipzig;Stuttgart;2;0;1;1;0,3834;0,4318;0,1848
35599;2021-04-25;T20-21;I1;Benevento;Udinese;2;4;2;1;0,3883;0,4083;0,2035
16474;2021-04-25;T20-21;E0;Wolves;Burnley;0;4;2;1;0,3888;0,4148;0,1964
16475;2021-04-25;T20-21;E0;Leeds;Man United;0;0;0;1;0,3877;0,4054;0,207
16476;2021-04-25;T20-21;E0;Aston Villa;West Brom;2;2;0;1;0,3889;0,4187;0,1923
6395;2021-04-25;T20-21;D1;M'gladbach;Bielefeld;5;0;1;1;0,3833;0,432;0,1848
27009;2021-04-25;T20-21;F1;Lens;Nimes;2;1;1;1;0,3875;0,423;0,1895
27010;2021-04-25;T20-21;F1;Lorient;Bordeaux;4;1;1;1;0,3886;0,4114;0,2
27011;2021-04-25;T20-21;F1;Rennes;Dijon;5;1;1;1;0,3866;0,4249;0,1885
27012;2021-04-25;T20-21;F1;Strasbourg;Nantes;1;2;2;1;0,3887;0,4126;0,1986
27008;2021-04-25;T20-21;F1;Nice;Montpellier;3;1;1;1;0,3887;0,4126;0,1987
35604;2021-04-26;T20-21;I1;Torino;Napoli;0;2;2;1;0,3866;0,4013;0,2121
35605;2021-04-26;T20-21;I1;Lazio;Milan;3;0;1;1;0,3887;0,4128;0,1985
45704;2021-04-26;T20-21;SP1;Eibar;Sociedad;0;1;2;1;0,388;0,4074;0,2046
58215;2021-04-26;T20-21;SP2;Vallecano;Albacete;2;2;0;1;0,3878;0,4225;0,1898
58216;2021-04-26;T20-21;SP2;Sabadell;Mallorca;1;0;1;1;0,3866;0,4012;0,2122
45705;2021-04-28;T20-21;SP1;Ath Bilbao;Valladolid;2;2;0;1;0,3888;0,4158;0,1954
45706;2021-04-29;T20-21;SP1;Barcelona;Granada;1;2;2;1;0,3807;0,4373;0,182
45707;2021-04-30;T20-21;SP1;Celta;Levante;2;0;1;1;0,3888;0,414;0,1972
58217;2021-04-30;T20-21;SP2;Lugo;Zaragoza;2;2;0;1;0,3885;0,411;0,2005
16478;2021-04-30;T20-21;E0;Southampton;Leicester;1;1;0;1;0,3875;0,4047;0,2078
27015;2021-04-30;T20-21;F1;Marseille;Strasbourg;1;1;0;1;0,3888;0,4187;0,1925
58220;2021-05-01;T20-21;SP2;Mallorca;Mirandes;2;1;1;1;0,389;0,4184;0,1926
58219;2021-05-01;T20-21;SP2;Almeria;Oviedo;2;2;0;1;0,3885;0,421;0,1905
58218;2021-05-01;T20-21;SP2;Girona;Tenerife;1;0;1;1;0,3888;0,4146;0,1967
45710;2021-05-01;T20-21;SP1;Huesca;Sociedad;1;0;1;1;0,3871;0,4034;0,2095
45709;2021-05-01;T20-21;SP1;Elche;Ath Madrid;0;1;2;1;0,3852;0,396;0,2189
45708;2021-05-01;T20-21;SP1;Eibar;Alaves;3;0;1;1;0,3888;0,4155;0,1957
35608;2021-05-01;T20-21;I1;Milan;Benevento;2;0;1;1;0,3778;0,4433;0,1789
45711;2021-05-01;T20-21;SP1;Real Madrid;Osasuna;2;0;1;1;0,3815;0,4355;0,1829
35606;2021-05-01;T20-21;I1;Verona;Spezia;1;1;0;1;0,3888;0,4155;0,1956
27017;2021-05-01;T20-21;F1;Lille;Nice;2;0;1;1;0,387;0,4242;0,1888
27016;2021-05-01;T20-21;F1;Paris SG;Lens;2;1;1;1;0,38;0,4387;0,1813
16482;2021-05-01;T20-21;E0;Everton;Aston Villa;1;2;2;1;0,3887;0,4111;0,2002
16481;2021-05-01;T20-21;E0;Chelsea;Fulham;2;0;1;1;0,3859;0,4264;0,1877
16480;2021-05-01;T20-21;E0;Brighton;Leeds;2;0;1;1;0,388;0,4075;0,2044
16479;2021-05-01;T20-21;E0;Crystal Palace;Man City;0;2;2;1;0,3827;0,3877;0,2296
35607;2021-05-01;T20-21;I1;Crotone;Inter;0;2;2;1;0,3844;0,3934;0,2222
35614;2021-05-02;T20-21;I1;Sampdoria;Roma;2;0;1;1;0,3874;0,4045;0,2081
45712;2021-05-02;T20-21;SP1;Valladolid;Betis;1;1;0;1;0,3883;0,4095;0,2023
45713;2021-05-02;T20-21;SP1;Villarreal;Getafe;1;0;1;1;0,3886;0,42;0,1913
45714;2021-05-02;T20-21;SP1;Granada;Cadiz;0;1;2;1;0,3883;0,421;0,1906
45715;2021-05-02;T20-21;SP1;Valencia;Barcelona;2;3;2;1;0,3861;0,3992;0,2147
58224;2021-05-02;T20-21;SP2;Leganes;Sp Gijon;0;0;0;1;0,3888;0,4138;0,1974
58222;2021-05-02;T20-21;SP2;Espanol;Malaga;3;0;1;1;0,3828;0,4329;0,1843
58223;2021-05-02;T20-21;SP2;Castellon;Logrones;0;0;0;1;0,3887;0,4135;0,1978
58225;2021-05-02;T20-21;SP2;Las Palmas;Ponferradina;2;0;1;1;0,3886;0,4115;0,1999
35613;2021-05-02;T20-21;I1;Udinese;Juventus;1;2;2;1;0,3863;0,4002;0,2134
58221;2021-05-02;T20-21;SP2;Fuenlabrada;Cartagena;2;1;1;1;0,3876;0,4228;0,1896
35612;2021-05-02;T20-21;I1;Sassuolo;Atalanta;1;1;0;1;0,3869;0,4025;0,2106
27020;2021-05-02;T20-21;F1;Dijon;Metz;1;5;2;1;0,3883;0,4088;0,2029
35610;2021-05-02;T20-21;I1;Bologna;Fiorentina;3;3;0;1;0,3888;0,4141;0,1972
35609;2021-05-02;T20-21;I1;Lazio;Genoa;4;3;1;1;0,3838;0,4308;0,1854
27024;2021-05-02;T20-21;F1;Monaco;Lyon;2;3;2;1;0,3883;0,4102;0,2015
27023;2021-05-02;T20-21;F1;Montpellier;St Etienne;1;2;2;1;0,3889;0,4163;0,1949
27022;2021-05-02;T20-21;F1;Nimes;Reims;2;2;0;1;0,3887;0,4111;0,2003
27021;2021-05-02;T20-21;F1;Lorient;Angers;2;0;1;1;0,3888;0,4139;0,1973
27019;2021-05-02;T20-21;F1;Brest;Nantes;1;4;2;1;0,3887;0,4127;0,1986
27018;2021-05-02;T20-21;F1;Bordeaux;Rennes;1;0;1;1;0,3876;0,4052;0,2072
16484;2021-05-02;T20-21;E0;Tottenham;Sheffield United;4;0;1;1;0,3874;0,4233;0,1893
16483;2021-05-02;T20-21;E0;Newcastle;Arsenal;0;2;2;1;0,3877;0,405;0,2072
35611;2021-05-02;T20-21;I1;Napoli;Cagliari;1;1;0;1;0,3831;0,4323;0,1846
58226;2021-05-03;T20-21;SP2;Sabadell;Vallecano;2;0;1;1;0,3872;0,4038;0,2089
58227;2021-05-03;T20-21;SP2;Albacete;Alcorcon;0;1;2;1;0,3884;0,4109;0,2007
45716;2021-05-03;T20-21;SP1;Sevilla;Ath Bilbao;0;1;2;1;0,3886;0,4194;0,192
35615;2021-05-03;T20-21;I1;Torino;Parma;1;0;1;1;0,3886;0,4199;0,1915
16486;2021-05-03;T20-21;E0;Burnley;West Ham;1;2;2;1;0,3886;0,4104;0,201
16485;2021-05-03;T20-21;E0;West Brom;Wolves;1;1;0;1;0,3879;0,4055;0,2067
6397;2021-05-06;T20-21;D1;Hertha;Freiburg;3;0;1;1;0,3888;0,4134;0,1978
6398;2021-05-07;T20-21;D1;Stuttgart;Augsburg;2;1;1;1;0,3888;0,4158;0,1953
16487;2021-05-07;T20-21;E0;Leicester;Newcastle;2;4;2;1;0,3861;0,4261;0,1879
27025;2021-05-07;T20-21;F1;Lens;Lille;0;3;2;1;0,3884;0,4097;0,2019
45717;2021-05-07;T20-21;SP1;Sociedad;Elche;2;0;1;1;0,3875;0,4232;0,1894
58228;2021-05-07;T20-21;SP2;Tenerife;Almeria;0;1;2;1;0,388;0,4086;0,2034
45718;2021-05-08;T20-21;SP1;Alaves;Levante;2;2;0;1;0,3882;0,4098;0,202
45719;2021-05-08;T20-21;SP1;Barcelona;Ath Madrid;0;0;0;1;0,3884;0,4203;0,1913
45720;2021-05-08;T20-21;SP1;Cadiz;Huesca;2;1;1;1;0,3887;0,4131;0,1982
45721;2021-05-08;T20-21;SP1;Ath Bilbao;Osasuna;2;2;0;1;0,389;0,4183;0,1928
58232;2021-05-08;T20-21;SP2;Malaga;Mallorca;1;1;0;1;0,3875;0,4049;0,2076
58230;2021-05-08;T20-21;SP2;Zaragoza;Espanol;0;0;0;1;0,386;0,3992;0,2148
58231;2021-05-08;T20-21;SP2;Alcorcon;Las Palmas;0;0;0;1;0,3888;0,4138;0,1974
35618;2021-05-08;T20-21;I1;Inter;Sampdoria;5;1;1;1;0,3816;0,4354;0,183
58229;2021-05-08;T20-21;SP2;Ponferradina;Albacete;0;1;2;1;0,3888;0,4142;0,197
35617;2021-05-08;T20-21;I1;Udinese;Bologna;1;1;0;1;0,3888;0,4144;0,1968
35619;2021-05-08;T20-21;I1;Fiorentina;Lazio;2;0;1;1;0,3872;0,4038;0,209
27027;2021-05-08;T20-21;F1;Lyon;Lorient;4;1;1;1;0,382;0,4347;0,1833
27026;2021-05-08;T20-21;F1;Nantes;Bordeaux;3;0;1;1;0,3885;0,4099;0,2017
16491;2021-05-08;T20-21;E0;Liverpool;Southampton;2;0;1;1;0,3865;0,4252;0,1883
16490;2021-05-08;T20-21;E0;Man City;Chelsea;1;2;2;1;0,3889;0,4176;0,1935
16489;2021-05-08;T20-21;E0;Sheffield United;Crystal Palace;0;2;2;1;0,3887;0,4127;0,1986
16488;2021-05-08;T20-21;E0;Leeds;Tottenham;3;1;1;1;0,3879;0,406;0,206
6403;2021-05-08;T20-21;D1;Bayern Munich;M'gladbach;6;0;1;1;0,3874;0,4233;0,1893
6402;2021-05-08;T20-21;D1;Wolfsburg;Union Berlin;3;0;1;1;0,3875;0,423;0,1894
6401;2021-05-08;T20-21;D1;Werder Bremen;Leverkusen;0;0;0;1;0,3872;0,4035;0,2093
6399;2021-05-08;T20-21;D1;Dortmund;RB Leipzig;3;2;1;1;0,3883;0,4083;0,2034
35616;2021-05-08;T20-21;I1;Spezia;Napoli;1;4;2;1;0,3848;0,3948;0,2204
35623;2021-05-09;T20-21;I1;Verona;Torino;1;1;0;1;0,3885;0,4102;0,2013
35624;2021-05-09;T20-21;I1;Roma;Crotone;5;0;1;1;0,3793;0,4401;0,1806
58236;2021-05-09;T20-21;SP2;Logrones;Girona;1;4;2;1;0,3876;0,4053;0,2071
35625;2021-05-09;T20-21;I1;Juventus;Milan;0;3;2;1;0,3889;0,4162;0,1949
45722;2021-05-09;T20-21;SP1;Getafe;Eibar;0;1;2;1;0,3882;0,4091;0,2027
58235;2021-05-09;T20-21;SP2;Cartagena;Castellon;1;0;1;1;0,3888;0,4148;0,1964
45724;2021-05-09;T20-21;SP1;Villarreal;Celta;2;4;2;1;0,3889;0,4183;0,1928
45725;2021-05-09;T20-21;SP1;Real Madrid;Sevilla;2;2;0;1;0,3889;0,4178;0,1933
58233;2021-05-09;T20-21;SP2;Mirandes;Fuenlabrada;2;1;1;1;0,3883;0,4098;0,202
58234;2021-05-09;T20-21;SP2;Oviedo;Sabadell;2;1;1;1;0,3888;0,4159;0,1953
35622;2021-05-09;T20-21;I1;Parma;Atalanta;2;5;2;1;0,3846;0,394;0,2214
45723;2021-05-09;T20-21;SP1;Valencia;Valladolid;3;0;1;1;0,3889;0,4163;0,1948
35621;2021-05-09;T20-21;I1;Benevento;Cagliari;1;3;2;1;0,3887;0,4124;0,1989
27030;2021-05-09;T20-21;F1;Metz;Nimes;0;3;2;1;0,3889;0,4167;0,1944
27034;2021-05-09;T20-21;F1;Rennes;Paris SG;1;1;0;1;0,3866;0,4012;0,2122
35620;2021-05-09;T20-21;I1;Genoa;Sassuolo;1;2;2;1;0,3875;0,4048;0,2078
6405;2021-05-09;T20-21;D1;Ein Frankfurt;Mainz;1;1;0;1;0,3889;0,4183;0,1927
6406;2021-05-09;T20-21;D1;Hertha;Bielefeld;0;0;0;1;0,3886;0,4207;0,1907
16493;2021-05-09;T20-21;E0;Aston Villa;Man United;1;3;2;1;0,3872;0,4036;0,2092
16494;2021-05-09;T20-21;E0;West Ham;Everton;0;1;2;1;0,3888;0,415;0,1962
16492;2021-05-09;T20-21;E0;Wolves;Brighton;2;1;1;1;0,3887;0,4116;0,1998
27028;2021-05-09;T20-21;F1;St Etienne;Marseille;1;0;1;1;0,3881;0,4081;0,2038
27029;2021-05-09;T20-21;F1;Angers;Dijon;3;0;1;1;0,389;0,4178;0,1933
27031;2021-05-09;T20-21;F1;Nice;Brest;3;2;1;1;0,3889;0,418;0,1931
27032;2021-05-09;T20-21;F1;Strasbourg;Montpellier;2;3;2;1;0,3883;0,4095;0,2022
27033;2021-05-09;T20-21;F1;Reims;Monaco;0;1;2;1;0,3877;0,406;0,2063
16495;2021-05-09;T20-21;E0;Arsenal;West Brom;3;1;1;1;0,3865;0,4251;0,1884
16496;2021-05-10;T20-21;E0;Fulham;Burnley;0;2;2;1;0,388;0,4069;0,205
45726;2021-05-10;T20-21;SP1;Betis;Granada;2;1;1;1;0,3889;0,4172;0,194
58237;2021-05-10;T20-21;SP2;Vallecano;Leganes;1;1;0;1;0,3887;0,4128;0,1986
58238;2021-05-10;T20-21;SP2;Sp Gijon;Lugo;1;0;1;1;0,3888;0,4148;0,1964
45728;2021-05-11;T20-21;SP1;Elche;Alaves;0;2;2;1;0,3886;0,4118;0,1996
45729;2021-05-11;T20-21;SP1;Levante;Barcelona;3;3;0;1;0,3852;0,3962;0,2186
45727;2021-05-11;T20-21;SP1;Osasuna;Cadiz;3;2;1;1;0,3889;0,417;0,1941
16498;2021-05-11;T20-21;E0;Southampton;Crystal Palace;3;1;1;1;0,3888;0,4141;0,1972
16497;2021-05-11;T20-21;E0;Man United;Leicester;1;2;2;1;0,3888;0,4152;0,1959
35626;2021-05-11;T20-21;I1;Napoli;Udinese;5;1;1;1;0,3845;0,4293;0,1862
45733;2021-05-12;T20-21;SP1;Ath Madrid;Sociedad;2;1;1;1;0,386;0,4262;0,1877
45732;2021-05-12;T20-21;SP1;Huesca;Ath Bilbao;1;0;1;1;0,3879;0,4061;0,206
45731;2021-05-12;T20-21;SP1;Celta;Getafe;1;0;1;1;0,3888;0,4136;0,1977
45730;2021-05-12;T20-21;SP1;Sevilla;Valencia;1;0;1;1;0,3884;0,4209;0,1906
35634;2021-05-12;T20-21;I1;Torino;Milan;0;7;2;1;0,3871;0,4032;0,2096
35633;2021-05-12;T20-21;I1;Sassuolo;Juventus;1;3;2;1;0,3877;0,4056;0,2068
35632;2021-05-12;T20-21;I1;Sampdoria;Spezia;2;2;0;1;0,387;0,424;0,1889
35631;2021-05-12;T20-21;I1;Lazio;Parma;1;0;1;1;0,3848;0,4288;0,1864
35629;2021-05-12;T20-21;I1;Bologna;Genoa;0;2;2;1;0,3873;0,4235;0,1892
35628;2021-05-12;T20-21;I1;Atalanta;Benevento;2;0;1;1;0,3752;0,4486;0,1762
35627;2021-05-12;T20-21;I1;Cagliari;Fiorentina;0;0;0;1;0,3887;0,4123;0,1989
16499;2021-05-12;T20-21;E0;Chelsea;Arsenal;0;1;2;1;0,3888;0,4144;0,1969
6407;2021-05-12;T20-21;D1;Schalke 04;Hertha;1;2;2;1;0,3874;0,4041;0,2085
35630;2021-05-12;T20-21;I1;Inter;Roma;3;1;1;1;0,3879;0,4209;0,1912
45735;2021-05-13;T20-21;SP1;Eibar;Betis;1;1;0;1;0,3887;0,4132;0,1981
45736;2021-05-13;T20-21;SP1;Granada;Real Madrid;1;4;2;1;0,3855;0,3972;0,2173
45734;2021-05-13;T20-21;SP1;Valladolid;Villarreal;0;2;2;1;0,3874;0,4045;0,208
45746;2021-05-16;T20-21;SP1;Villarreal;Sevilla;4;0;1;1;0,3881;0,4082;0,2037
45745;2021-05-16;T20-21;SP1;Valencia;Eibar;4;1;1;1;0,3887;0,4125;0,1988
45744;2021-05-16;T20-21;SP1;Sociedad;Valladolid;4;1;1;1;0,3888;0,4188;0,1925
45743;2021-05-16;T20-21;SP1;Getafe;Levante;2;1;1;1;0,3886;0,4121;0,1993
45741;2021-05-16;T20-21;SP1;Betis;Huesca;1;0;1;1;0,3889;0,417;0,1941
45740;2021-05-16;T20-21;SP1;Barcelona;Celta;1;2;2;1;0,3824;0,4338;0,1839
45739;2021-05-16;T20-21;SP1;Ath Madrid;Osasuna;2;1;1;1;0,3829;0,4327;0,1844
45738;2021-05-16;T20-21;SP1;Ath Bilbao;Real Madrid;0;1;2;1;0,3858;0,3984;0,2157
45737;2021-05-16;T20-21;SP1;Alaves;Granada;4;2;1;1;0,3887;0,4124;0,199
45742;2021-05-16;T20-21;SP1;Cadiz;Elche;1;3;2;1;0,3889;0,4172;0,1938
27043;2021-05-16;T20-21;F1;Nimes;Lyon;2;5;2;1;0,3859;0,3986;0,2155
27042;2021-05-16;T20-21;F1;Nice;Strasbourg;0;2;2;1;0,3887;0,4133;0,1979
27041;2021-05-16;T20-21;F1;Montpellier;Brest;0;0;0;1;0,3889;0,4182;0,1929
27040;2021-05-16;T20-21;F1;Monaco;Rennes;2;1;1;1;0,3887;0,4146;0,1967
27039;2021-05-16;T20-21;F1;Marseille;Angers;3;2;1;1;0,388;0,422;0,19
27038;2021-05-16;T20-21;F1;Lorient;Metz;2;1;1;1;0,3888;0,4146;0,1967
27037;2021-05-16;T20-21;F1;Lille;St Etienne;0;0;0;1;0,3873;0,4236;0,1892
27036;2021-05-16;T20-21;F1;Dijon;Nantes;0;4;2;1;0,3877;0,4054;0,2069
27035;2021-05-16;T20-21;F1;Bordeaux;Lens;3;0;1;1;0,3885;0,4111;0,2004
27044;2021-05-16;T20-21;F1;Paris SG;Reims;4;0;1;1;0,3808;0,4371;0,1821
45747;2021-05-21;T20-21;SP1;Levante;Cadiz;2;2;0;1;0,3889;0,4167;0,1944
45754;2021-05-22;T20-21;SP1;Valladolid;Ath Madrid;1;2;2;1;0,386;0,3989;0,2151
45753;2021-05-22;T20-21;SP1;Real Madrid;Villarreal;2;1;1;1;0,3861;0,426;0,1879
45752;2021-05-22;T20-21;SP1;Osasuna;Sociedad;0;1;2;1;0,3882;0,4078;0,204
45748;2021-05-22;T20-21;SP1;Celta;Betis;2;3;2;1;0,3887;0,4132;0,198
45750;2021-05-22;T20-21;SP1;Elche;Ath Bilbao;2;0;1;1;0,3874;0,4046;0,208
45749;2021-05-22;T20-21;SP1;Eibar;Barcelona;0;1;2;1;0,3858;0,3983;0,2159
45751;2021-05-22;T20-21;SP1;Huesca;Valencia;0;0;0;1;0,3885;0,4101;0,2014
27051;2021-05-23;T20-21;F1;Reims;Bordeaux;1;2;2;1;0,3887;0,4118;0,1995
27054;2021-05-23;T20-21;F1;Strasbourg;Lorient;1;1;0;1;0,3889;0,4169;0,1942
27053;2021-05-23;T20-21;F1;St Etienne;Dijon;0;1;2;1;0,3871;0,4239;0,189
27052;2021-05-23;T20-21;F1;Rennes;Nimes;2;0;1;1;0,3873;0,4234;0,1893
27050;2021-05-23;T20-21;F1;Nantes;Montpellier;1;2;2;1;0,3887;0,4117;0,1996
45755;2021-05-23;T20-21;SP1;Granada;Getafe;0;0;0;1;0,3887;0,4122;0,1991
27048;2021-05-23;T20-21;F1;Lyon;Nice;2;3;2;1;0,3825;0,4337;0,1839
27047;2021-05-23;T20-21;F1;Lens;Monaco;0;0;0;1;0,3879;0,4079;0,2043
27046;2021-05-23;T20-21;F1;Brest;Paris SG;0;2;2;1;0,3851;0,3956;0,2193
27045;2021-05-23;T20-21;F1;Angers;Lille;1;2;2;1;0,3876;0,405;0,2074
27049;2021-05-23;T20-21;F1;Metz;Marseille;1;1;0;1;0,3878;0,4064;0,2058
45756;2021-05-23;T20-21;SP1;Sevilla;Alaves;1;0;1;1;0,386;0,4261;0,1878
