version;datetime;validation;test;activation;b1;b2;batch_size;dropout;gamma_pi;lamda;learning_rate;len_test;len_train;len_val;mode;momentum;n_units_l1;n_units_l2;n_units_l3;n_units_l4;n_units_l5;neg_slope;nesterov;num_hidden_layers;optim;scaler
0;2024-06-30 14:16:17.675109;1,051308035850525;;selu;0,6456621179744937;0,438114778516233;16;;0,7069022943238323;0,049480403116650126;0,35995300650549084;2255;17639;5161;batchnorm;;19;8,0;23,0;3,0;;;;4;adam;maxabs
1;2024-06-30 14:22:25.833074;0,5698824524879456;;relu;;;64;0,411418853272164;0,5082798912828577;0,005559814953440831;0,35737780179609996;2255;17639;5161;dropout;0,0011991714783246138;6;23,0;3,0;27,0;;;False;4;sgd;minmax
2;2024-06-30 14:25:07.703883;0,36009249091148376;;relu;;;128;0,5702035109010981;0,8849505887857531;0,010076862188663958;0,023332277723962156;2255;17639;5161;dropout;0,002405478667099772;5;15,0;8,0;;;;False;3;sgd;maxabs
3;2024-06-30 14:26:59.205808;0,29240500926971436;;leaky_relu;0,35259489726938714;0,6888789465871703;256;;0,0842643778553048;0,05840209463261018;0,0010710358527626148;2255;17639;5161;batchnorm;;6;14,0;13,0;6,0;;0,08869279007514116;;4;adam;normalizer
4;2024-06-30 14:28:43.245918;268,5875244140625;;relu;0,530112292914984;0,07519514358556786;16;;0,13237756324012612;0,0065700849449594175;0,3568675588659839;2255;17639;5161;batchnorm;;14;;;;;;;1;adam;maxabs
5;2024-06-30 14:33:22.941527;0,30603423714637756;;relu;;;32;;0,4734095925881354;0,03786551161573212;0,016568555053381787;2255;17639;5161;vanilla;0,6606987373906511;16;17,0;;;;;True;2;sgd;minmax
6;2024-06-30 14:36:28.392591;0,2658099830150604;;leaky_relu;;;128;;0,2468535522051734;0,09692114042466186;0,007551879367364966;2255;17639;5161;vanilla;0,0011168169579470477;14;9,0;17,0;;;0,03353217679941803;False;3;sgd;normalizer
7;2024-06-30 14:38:16.211221;0,383417546749115;;selu;;;16;0,26400837066997623;0,21218192043968287;0,01469765819003059;0,03864277525748185;2255;17639;5161;dropout;0,015907181190839878;10;25,0;30,0;;;;True;3;sgd;normalizer
8;2024-06-30 14:45:32.596804;0,5546494722366333;;leaky_relu;;;16;;0,7390958804958916;0,024790861830742184;0,3662790928883995;2255;17639;5161;vanilla;0,31745561072818784;30;11,0;6,0;9,0;;0,04586291758548172;True;4;sgd;normalizer
9;2024-06-30 14:50:37.771228;0,6490415334701538;;relu;0,5347022202303985;0,6321820791931334;16;;0,25381813641339745;0,07595253041995251;0,007103294243374497;2255;17639;5161;batchnorm;;11;10,0;3,0;9,0;;;;4;adam;normalizer
10;2024-06-30 14:59:48.551412;0,6033350229263306;;leaky_relu;;;128;;0,3391582428003054;0,0998137045721599;0,0020111134047586625;2255;17639;5161;vanilla;0,010274129648375784;23;4,0;19,0;28,0;17,0;0,006799691191743923;False;5;sgd;normalizer
11;2024-06-30 15:01:52.220337;0,6614099740982056;;leaky_relu;0,049956118933095095;0,9328082322265341;256;;0,050397358076001125;0,07077454142184875;0,0010137852438652701;2255;17639;5161;batchnorm;;3;18,0;;;;0,09236768107658973;;2;adam;normalizer
12;2024-06-30 15:03:47.962017;0,20970001816749573;;leaky_relu;0,9508089034311151;0,8860123105841264;256;;0,06555177089160816;0,09939222839703118;0,003160377923797804;2255;17639;5161;vanilla;;22;3,0;12,0;18,0;3,0;0,09123329114971974;;5;adam;normalizer
13;2024-06-30 15:05:38.418306;0,3895600438117981;;leaky_relu;0,9910424740409243;0,8771149116994358;512;;0,29476732734360234;0,09833108418035741;0,004736944220757968;2255;17639;5161;vanilla;;22;3,0;14,0;17,0;3,0;0,05142408643112334;;5;adam;normalizer
14;2024-06-30 15:07:23.679516;0,5222600102424622;;leaky_relu;;;256;;0,39091521726495077;0,08778809329553577;0,00387204896144347;2255;17639;5161;vanilla;0,0597199101973222;28;6,0;;;;0,09964523722970724;False;2;sgd;normalizer
15;2024-06-30 15:09:56.443893;0,7031775116920471;;leaky_relu;0,937845082775024;0,9732574005865032;128;;0,20761613866186082;0,08435953606522292;0,009683263017433153;2255;17639;5161;vanilla;;23;7,0;19,0;18,0;3,0;0,06349772663775652;;5;adam;minmax
16;2024-06-30 15:12:18.821319;0,39771002531051636;;leaky_relu;0,7907658680992757;0,4198088376277078;512;;0,17178353515749287;0,09024562432122461;0,002817025142184234;2255;17639;5161;vanilla;;19;29,0;11,0;;;0,02463762850275279;;3;adam;normalizer
17;2024-06-30 15:14:05.623898;0,3269732892513275;;selu;;;32;;0,06556497526681349;0,0746700220254626;0,009111269339362446;2255;17639;5161;vanilla;0,0010121363242741692;27;;;;;;False;1;sgd;normalizer
18;2024-06-30 15:17:04.624820;0,5854363441467285;;leaky_relu;0,7893830034161828;0,766520603599712;64;;0,3898466809839706;0,09849679902392733;0,04990344922426003;2255;17639;5161;vanilla;;11;11,0;;;;0,07132284717951062;;2;adam;minmax
19;2024-06-30 15:19:45.486319;0,3169950544834137;;leaky_relu;;;128;;0,16089206481329388;0,06581570989568253;0,002543362479764238;2255;17639;5161;vanilla;0,005980941482979837;14;3,0;24,0;;;0,03832024421426413;False;3;sgd;maxabs
20;2024-06-30 15:21:40.496323;0,2750300168991089;;selu;0,3559608626102613;0,5583700877957626;256;0,1292709947981478;0,28502304291051417;0,08086971441205433;0,013549295267238103;2255;17639;5161;dropout;;20;8,0;17,0;21,0;29,0;;;5;adam;normalizer
21;2024-06-30 15:23:32.054304;0,27682000398635864;;selu;0,3248381143896186;0,5508405478864078;256;0,11238263587361891;0,2715724945199827;0,08745099412294977;0,013461356128212781;2255;17639;5161;dropout;;18;6,0;19,0;22,0;29,0;;;5;adam;normalizer
22;2024-06-30 15:25:18.317965;0,42625004053115845;;selu;0,3157155117095338;0,7858806464120813;256;0,12207070506808765;0,12929867920658164;0,08197646929460986;0,006320819670419904;2255;17639;5161;dropout;;21;9,0;16,0;22,0;30,0;;;5;adam;normalizer
23;2024-06-30 15:27:05.138779;0,5950700044631958;;selu;0,721122609374638;0,8168627212438819;256;0,31250570770167363;0,30369925521211383;0,09293976400259851;0,020329742487480876;2255;17639;5161;dropout;;26;13,0;11,0;13,0;;;;4;adam;normalizer
24;2024-06-30 15:28:56.291524;0,2657249867916107;;selu;0,8709465638150276;0,5758848977080855;256;0,6776442404993949;0,2037078981758251;0,08064568000515612;0,003963142413659163;2255;17639;5161;dropout;;15;5,0;23,0;22,0;16,0;;;5;adam;normalizer
25;2024-06-30 15:30:53.022476;0,542467474937439;;leaky_relu;0,8865917267353699;0,9492702990007792;128;;0,19334213320905622;0,09295308774372912;0,0043771201870942;2255;17639;5161;vanilla;;15;5,0;24,0;14,0;;0,07679824735653973;;4;adam;normalizer
26;2024-06-30 15:33:03.968358;0,26745501160621643;;selu;;;256;0,691286707213523;0,11178102480057095;0,0808669199468323;0,0017795266845881614;2255;17639;5161;dropout;0,04183877472778586;9;20,0;30,0;;;;True;3;sgd;normalizer
27;2024-06-30 15:35:11.484313;0,6344417929649353;;leaky_relu;0,9863204753939878;0,660618815926441;32;;0,05306129356198244;0,09275341180039544;0,0035361535897014368;2255;17639;5161;vanilla;;13;3,0;22,0;24,0;14,0;0,05967319014024164;;5;adam;normalizer
28;2024-06-30 15:38:40.489233;0,3389299809932709;;leaky_relu;;;512;0,6953321336595075;0,21467835107265007;0,06772470904416028;0,0017605916870525506;2255;17639;5161;dropout;0,004343068273909276;17;6,0;28,0;;;0,08017509394783563;False;3;sgd;maxabs
29;2024-06-30 15:40:55.076137;0,46133628487586975;;selu;0,8505510666347162;0,3906013559210964;64;;0,6011438369634919;0,06096783045734023;0,006078890771689815;2255;17639;5161;vanilla;;17;12,0;27,0;30,0;;;;4;adam;minmax
30;2024-06-30 15:43:41.239674;0,2899724841117859;;selu;0,8791634228535824;0,8574567685388719;128;;0,1473640764333004;0,07724035873777699;0,0035006427004645444;2255;17639;5161;batchnorm;;24;9,0;10,0;19,0;;;;4;adam;maxabs
31;2024-06-30 15:45:49.141847;0,6358000040054321;;selu;;;256;0,6764490253768787;0,12556589082588604;0,0832787933348148;0,0015517857543012228;2255;17639;5161;dropout;0,04246683732581187;9;20,0;26,0;;;;True;3;sgd;normalizer
32;2024-06-30 15:47:51.584556;0,5066450238227844;;selu;;;256;0,5600264319079941;0,10021421233680734;0,08846207952109722;0,0024135246045278937;2255;17639;5161;dropout;0,022316731654248766;12;20,0;30,0;;;;True;3;sgd;normalizer
33;2024-06-30 15:49:38.617781;0,38175496459007263;;selu;;;256;0,5899248669168564;0,23242601616269612;0,07966766591441315;0,0016152276080507492;2255;17639;5161;dropout;0,104199306137677;7;24,0;;;;;True;2;sgd;normalizer
34;2024-06-30 15:51:55.033459;0,44711995124816895;;selu;;;256;0,6949334955848822;0,1121919109476191;0,09452118292550328;0,00136522784623131;2255;17639;5161;dropout;0,009991304849567208;8;21,0;15,0;;;;True;3;sgd;normalizer
35;2024-06-30 15:55:12.379812;0,2894050180912018;;relu;;;256;0,5249806935337042;0,17181941188367458;0,08559238357467261;0,00232681701853578;2255;17639;5161;dropout;0,02884949096254506;4;16,0;20,0;13,0;;;False;4;sgd;normalizer
36;2024-06-30 15:57:11.257889;0,6872449517250061;;relu;;;128;0,6170235189066576;0,09045881219840954;0,07337411514509448;0,00516503068929036;2255;17639;5161;dropout;0,10119898086360173;15;27,0;17,0;;;;True;3;sgd;minmax
37;2024-06-30 15:59:09.339665;1,2915761470794678;;selu;;;64;;0,226780693895333;0,09914848407374748;0,0010926952219418602;2255;17639;5161;batchnorm;0,0028635361578562054;13;5,0;22,0;26,0;;;True;4;sgd;maxabs
38;2024-06-30 16:04:44.898758;0,4704149663448334;;leaky_relu;;;256;0,48366074468246334;0,15855358988521473;0,07874240596451058;0,0034383097108191658;2255;17639;5161;dropout;0,012080888391691639;6;18,0;;;;0,030972198017163347;False;2;sgd;normalizer
39;2024-06-30 16:06:26.953203;0,7879860401153564;;relu;0,9937653575365881;0,9890170233824154;32;;0,09375919115802919;0,05052631627747043;0,007963640834946453;2255;17639;5161;vanilla;;19;22,0;13,0;;;;;3;adam;normalizer
40;2024-06-30 16:09:47.462972;0,5137949585914612;;selu;;;256;0,6418450109804626;0,24979294771882843;0,05532400634292371;0,0027682870118706173;2255;17639;5161;dropout;0,005958518784387961;9;14,0;26,0;15,0;11,0;;False;5;sgd;normalizer
41;2024-06-30 16:11:42.000775;0,2662150263786316;;selu;0,7055962466620807;0,548308231721289;256;0,5007247037334721;0,3262120806692003;0,08140111868510652;0,012851847199910428;2255;17639;5161;dropout;;18;8,0;17,0;20,0;22,0;;;5;adam;normalizer
42;2024-06-30 16:13:28.778451;0,22420498728752136;;selu;0,7253317028955355;0,7328896433216044;256;0,6243039410260289;0,3389994294529882;0,08943311362380911;0,005450261968436785;2255;17639;5161;dropout;;16;8,0;21,0;20,0;21,0;;;5;adam;normalizer
43;2024-06-30 16:15:15.174060;0,6359609365463257;;selu;0,6959128273394178;0,7308589672615438;16;0,5104138560322934;0,3416850636597537;0,09418554819307082;0,005444055877721158;2255;17639;5161;dropout;;16;8,0;20,0;21,0;21,0;;;5;adam;normalizer
44;2024-06-30 16:20:39.133602;0,26045501232147217;;selu;0,8049063218493255;0,6246656914293252;256;;0,4410274438726225;0,08904268021427254;0,009126585337288185;2255;17639;5161;batchnorm;;18;10,0;22,0;19,0;22,0;;;5;adam;normalizer
45;2024-06-30 16:23:24.308699;0,18671999871730804;;leaky_relu;0,8386860022574821;0,7397895191299331;256;;0,426875448566874;0,08982636620616417;0,01021627911186274;2255;17639;5161;batchnorm;;20;10,0;22,0;24,0;22,0;0,05734132482009187;;5;adam;normalizer
46;2024-06-30 16:26:15.700091;0,19388499855995178;;leaky_relu;0,8331013762111131;0,7134477146583014;256;;0,46251216115138793;0,08889459885635942;0,025621741571326545;2255;17639;5161;batchnorm;;20;11,0;23,0;24,0;22,0;0,06641352211817125;;5;adam;normalizer
47;2024-06-30 16:28:35.200614;0,21775999665260315;;leaky_relu;0,8144018658441636;0,7343322218486044;256;;0,4581712629923955;0,09138514548293224;0,02752168555407327;2255;17639;5161;batchnorm;;21;11,0;21,0;23,0;22,0;0,06961378222642828;;5;adam;minmax
48;2024-06-30 16:31:23.888150;0,192440003156662;;leaky_relu;0,9201445126859507;0,7270398074115745;256;;0,5195454709984704;0,09573239507582876;0,031579315454720105;2255;17639;5161;batchnorm;;24;12,0;24,0;24,0;24,0;0,06696229019242719;;5;adam;minmax
49;2024-06-30 16:33:43.086180;0,21644000709056854;;leaky_relu;0,9277053474457592;0,8405272794425604;512;;0,5402702330014425;0,0973141768379051;0,03811889165003758;2255;17639;5161;batchnorm;;25;13,0;24,0;25,0;25,0;0,06481330835265396;;5;adam;minmax
50;2024-06-30 16:36:00.375087;0,18922001123428345;;leaky_relu;0,8960061813408609;0,8728288522919028;512;;0,5636379965970235;0,09512720789349509;0,05037855100937222;2255;17639;5161;batchnorm;;24;14,0;25,0;25,0;;0,05939302132629796;;4;adam;minmax
51;2024-06-30 16:38:15.795258;0,21621999144554138;;leaky_relu;0,9184382088902483;0,8561085029667368;512;;0,5442828265320686;0,09567016245452178;0,04728271567574018;2255;17639;5161;batchnorm;;25;15,0;25,0;24,0;26,0;0,059940495028556605;;5;adam;minmax
52;2024-06-30 16:40:38.289435;0,212770015001297;;leaky_relu;0,9129203499647696;0,890598941429152;512;;0,5260685429956466;0,09998748968108784;0,0663077169291961;2255;17639;5161;batchnorm;;23;15,0;25,0;25,0;25,0;0,05660257020454682;;5;adam;minmax
53;2024-06-30 16:42:54.507977;0,5154200792312622;;leaky_relu;0,9228743795127974;0,8954099608334491;512;;0,5855635725521267;0,0998632918663372;0,05489161946837427;2255;17639;5161;batchnorm;;23;16,0;28,0;29,0;;0,05475035698954911;;4;adam;minmax
54;2024-06-30 16:44:47.534540;0,23055998980998993;;leaky_relu;0,8471221624724723;0,8088437388654538;512;;0,5076318826460712;0,08620670791541415;0,08107258921017413;2255;17639;5161;batchnorm;;22;12,0;7,0;26,0;25,0;0,055435186914470753;;5;adam;minmax
55;2024-06-30 16:46:29.034122;0,40116995573043823;;leaky_relu;0,9338521085785149;0,9073721829092969;512;;0,6481293349907976;0,09606332100563322;0,02204548805772001;2255;17639;5161;batchnorm;;29;14,0;25,0;26,0;;0,06951473185510706;;4;adam;minmax
56;2024-06-30 16:48:26.956560;0,5554800033569336;;leaky_relu;0,8323840402051255;0,7740361403497381;512;;0,48812638454173574;0,09978614111628603;0,08897829363937536;2255;17639;5161;batchnorm;;21;18,0;28,0;28,0;7,0;0,07809203292818372;;5;adam;minmax
57;2024-06-30 16:50:17.284644;85541,765625;;leaky_relu;0,99792452771706;0,7066608263406453;16;;0,427809531067768;0,09068222880759248;0,029547539980500206;2255;17639;5161;batchnorm;;24;15,0;23,0;24,0;19,0;0,06279041133107231;;5;adam;minmax
58;2024-06-30 16:57:17.788902;0,5488899946212769;;leaky_relu;0,8929142794964038;0,9133353015588238;512;;0,4922373202686314;0,0852563268790549;0,015927720062248938;2255;17639;5161;batchnorm;;27;13,0;26,0;27,0;26,0;0,04842498498304259;;5;adam;minmax
59;2024-06-30 16:59:22.175077;0,2823537588119507;;leaky_relu;0,9390073424432723;0,8180653163659186;64;;0,38311237316959124;0,0943506487528233;0,019272673870703607;2255;17639;5161;batchnorm;;20;17,0;4,0;24,0;;0,05719243612988633;;4;adam;minmax
60;2024-06-30 17:03:22.672543;0,22854164242744446;;leaky_relu;0,7849194867951768;0,9237910093596833;32;;0,4689489169994566;0,09658139544548862;0,02559194701592905;2255;17639;5161;batchnorm;;22;10,0;24,0;27,0;24,0;0,06802138463210872;;5;adam;minmax
61;2024-06-30 17:07:20.824992;0,4667399823665619;;leaky_relu;0,9031689647214175;0,8670889148159324;512;;0,5399834980118493;0,09493064161450698;0,03589038292412477;2255;17639;5161;batchnorm;;25;15,0;25,0;25,0;27,0;0,05997418630871202;;5;adam;minmax
62;2024-06-30 17:09:34.588925;0,4296700060367584;;leaky_relu;0,9517150496052741;0,8496191423894217;512;;0,5249391385177713;0,09097743228470785;0,0452516160426364;2255;17639;5161;batchnorm;;24;12,0;27,0;23,0;24,0;0,08322593871457779;;5;adam;minmax
63;2024-06-30 17:11:22.690971;0,5516899824142456;;leaky_relu;0,8685968729146356;0,9919039523649651;512;;0,4344714521813392;0,09628119182862652;0,06223609968373131;2255;17639;5161;batchnorm;;26;14,0;25,0;25,0;27,0;0,07279223118674812;;5;adam;minmax
64;2024-06-30 17:13:25.258788;0,4719800055027008;;leaky_relu;0,9510773716183408;0,7934695588956426;512;;0,5576119036839916;0,08714250889010375;0,0700460574373516;2255;17639;5161;batchnorm;;22;10,0;23,0;4,0;23,0;0,06316101662357437;;5;adam;minmax
65;2024-06-30 17:15:20.903757;0,2204200029373169;;leaky_relu;0,8952676511148594;0,8748234176424011;512;;0,5054679072779841;0,09216495172304481;0,10926282813557768;2255;17639;5161;batchnorm;;20;16,0;9,0;23,0;19,0;0,05311736820613796;;5;adam;minmax
66;2024-06-30 17:17:37.715388;0,3666149973869324;;leaky_relu;0,7702389417080976;0,9385952155649325;256;;0,6401995447963176;0,09983583123585987;0,03267890618548403;2255;17639;5161;batchnorm;;25;11,0;27,0;11,0;;0,04687908861988784;;4;adam;minmax
67;2024-06-30 17:20:04.586420;0,19776999950408936;;leaky_relu;0,840356929059093;0,7580604977572103;512;;0,7224778465505295;0,08359396502989626;0,044344070444849976;2255;17639;5161;batchnorm;;23;15,0;18,0;28,0;27,0;0,05936686991163513;;5;adam;maxabs
68;2024-06-30 17:22:14.729524;2,158599376678467;;leaky_relu;0,8413132375495685;0,6791544522346976;16;;0,772382320051056;0,09058619282222533;0,042746209429811916;2255;17639;5161;batchnorm;;23;12,0;18,0;29,0;19,0;0,08784020903059282;;5;adam;maxabs
69;2024-06-30 17:30:00.695861;0,2204349935054779;;leaky_relu;0,8289550322223779;0,7672545913624391;256;;0,47550851574473957;0,08285500956035023;0,02357851020279994;2255;17639;5161;batchnorm;;21;13,0;15,0;28,0;;0,06613415998326844;;4;adam;maxabs
70;2024-06-30 17:32:06.144722;0,23138999938964844;;leaky_relu;0,7569466265435391;0,7563562593387275;256;;0,7197227137809316;0,08418552560661663;0,03252894016600229;2255;17639;5161;batchnorm;;27;19,0;12,0;30,0;28,0;0,07409437526304317;;5;adam;maxabs
71;2024-06-30 17:34:41.664247;0,33622997999191284;;leaky_relu;0,9635495839240515;0,8230926232213377;512;;0,5578830225443503;0,09635776984591464;0,05266253735333228;2255;17639;5161;batchnorm;;24;15,0;21,0;24,0;26,0;0,0602791762228095;;5;adam;maxabs
72;2024-06-30 17:36:26.415567;0,20669999718666077;;leaky_relu;0,9004499250806147;0,8875927097557482;512;;0,3988102784902459;0,09330352235525498;0,047741333925290695;2255;17639;5161;batchnorm;;26;17,0;24,0;22,0;24,0;0,051604179897560117;;5;adam;maxabs
73;2024-06-30 17:38:10.704582;0,21495001018047333;;leaky_relu;0,8670367362047564;0,9493908695647397;512;;0,40775713773398437;0,0924302692560086;0,10498910413803213;2255;17639;5161;batchnorm;;26;17,0;23,0;16,0;23,0;0,05246747775198457;;5;adam;maxabs
74;2024-06-30 17:40:26.573624;0,3065299987792969;;leaky_relu;0,960634673689219;0,8855716455875356;512;;0,3798329241214159;0,0877068769180971;0,038508034266907104;2255;17639;5161;batchnorm;;30;14,0;20,0;22,0;6,0;0,051838696077830725;;5;adam;maxabs
75;2024-06-30 17:42:12.038493;0,7813799977302551;;relu;0,9045417369207319;0,7959929535414053;512;;0,45456750637151494;0,09767935462887346;0,011033900784995294;2255;17639;5161;vanilla;;23;7,0;22,0;21,0;24,0;;;5;adam;maxabs
76;2024-06-30 17:43:50.417038;0,23539622128009796;;leaky_relu;0,8093294077850594;0,7040548400223401;64;;0,4153118335732182;0,08835479000821632;0,025764462256440065;2255;17639;5161;batchnorm;;28;17,0;24,0;27,0;;0,045421418781326495;;4;adam;maxabs
77;2024-06-30 17:47:28.953160;0,18787498772144318;;leaky_relu;0,8578285074233641;0,8990755602429829;256;;0,36596529359640884;0,09343456847616696;0,016227951516304046;2255;17639;5161;batchnorm;;20;19,0;18,0;26,0;20,0;0,09986065383598643;;5;adam;maxabs
78;2024-06-30 17:50:44.755778;0,43512001633644104;;leaky_relu;0,8545029942876757;0,9640311323156349;256;;0,26980322101791304;0,08452166021497529;0,018863498320910797;2255;17639;5161;vanilla;;19;19,0;16,0;18,0;20,0;0,0991257898937544;;5;adam;maxabs
79;2024-06-30 17:52:32.845945;0,4471300542354584;;leaky_relu;0,7603960755519521;0,8332613562651028;256;;0,36441896439030624;0,07669870389951311;0,010803140466596967;2255;17639;5161;batchnorm;;21;22,0;18,0;26,0;16,0;0,09598865166001978;;5;adam;maxabs
80;2024-06-30 17:54:36.900583;0,2008800059556961;;leaky_relu;0,8713566204268761;0,644618862853499;256;;0,4048714754012109;0,09364634355176595;0,01617000391901733;2255;17639;5161;batchnorm;;20;4,0;19,0;23,0;;0,09087087454924836;;4;adam;maxabs
81;2024-06-30 17:56:39.513379;0,19090501964092255;;leaky_relu;0,8750585699090929;0,6422146717095535;256;;0,403671269536366;0,09164515710419498;0,018229681427730904;2255;17639;5161;batchnorm;;20;5,0;18,0;23,0;;0,0898089488717651;;4;adam;maxabs
82;2024-06-30 17:58:59.789578;0,2002449929714203;;leaky_relu;0,8698050865761353;0,6505134363794776;256;;0,39995584189588224;0,09258796113045578;0,017176863249554555;2255;17639;5161;batchnorm;;20;6,0;18,0;23,0;;0,09452295183402559;;4;adam;maxabs
83;2024-06-30 18:01:25.533574;0,19841501116752625;;leaky_relu;0,8179521043300477;0,64893831789333;256;;0,4208969347088516;0,09014162579215387;0,017452723874590226;2255;17639;5161;batchnorm;;20;5,0;19,0;25,0;;0,09186909287885807;;4;adam;maxabs
84;2024-06-30 18:03:32.471163;0,21153998374938965;;leaky_relu;0,8119659537990448;0,6726602973738701;256;;0,45489036998561466;0,08931592101407534;0,014225483573590972;2255;17639;5161;batchnorm;;19;4,0;18,0;25,0;;0,09384132882178656;;4;adam;maxabs
85;2024-06-30 18:05:45.467236;0,19545000791549683;;leaky_relu;0,8348885265870796;0,629050015723952;256;;0,36526049262332155;0,08564260207981123;0,019368132581812705;2255;17639;5161;batchnorm;;18;7,0;19,0;28,0;;0,08770069991670408;;4;adam;maxabs
86;2024-06-30 18:07:46.943035;0,19368498027324677;;leaky_relu;0,8002899508441117;0,7063155839452179;256;;0,4268384142820358;0,0827771949620802;0,022558276723160593;2255;17639;5161;batchnorm;;18;7,0;20,0;28,0;;0,08625463407900054;;4;adam;maxabs
87;2024-06-30 18:09:52.289203;0,19880999624729156;;relu;0,743111573778205;0,7114110586446376;256;;0,35900955397560863;0,07823550723312139;0,024812251549911832;2255;17639;5161;batchnorm;;17;9,0;20,0;29,0;;;;4;adam;maxabs
88;2024-06-30 18:12:06.859816;0,2026049792766571;;leaky_relu;0,7776545712302505;0,747427360170166;256;;0,4426025233798794;0,08241268381258433;0,021259547533917823;2255;17639;5161;batchnorm;;18;7,0;21,0;28,0;;0,08664700737462433;;4;adam;maxabs
89;2024-06-30 18:14:52.596849;0,42022505402565;;leaky_relu;0,6503890395130052;0,6038904155994362;256;;0,3064201791412293;0,08681511002064068;0,031182984229656006;2255;17639;5161;batchnorm;;17;11,0;16,0;28,0;;0,08583204276404571;;4;adam;maxabs
90;2024-06-30 18:16:55.077468;0,19275501370429993;;leaky_relu;0,7928143532556853;0,6911262916769952;256;;0,36779342526829684;0,08022252613740373;0,020694193060980443;2255;17639;5161;batchnorm;;18;7,0;19,0;26,0;;0,08202882159253777;;4;adam;maxabs
91;2024-06-30 18:18:59.990992;0,2351050078868866;;leaky_relu;0,8407556967458926;0,6958781919936031;256;;0,36686494724211416;0,07968775879665149;0,02103134183858093;2255;17639;5161;batchnorm;;18;;;;;0,08959441584636663;;1;adam;maxabs
92;2024-06-30 18:20:50.374679;0,21510498225688934;;leaky_relu;0,7952357481868797;0,7218102704750001;256;;0,3169423371506075;0,08540784229851227;0,014095989984353362;2255;17639;5161;batchnorm;;16;7,0;19,0;26,0;;0,08254110663801127;;4;adam;maxabs
93;2024-06-30 18:23:01.579249;0,2072400152683258;;leaky_relu;0,8404430360823197;0,6752356151796692;256;;0,3456311537716817;0,0829139575780137;0,028189427574635564;2255;17639;5161;batchnorm;;22;9,0;17,0;27,0;;0,07858659926396178;;4;adam;maxabs
94;2024-06-30 18:25:07.642882;0,19156499207019806;;leaky_relu;0,7893193056924824;0,7470034103396964;256;;0,3811511514885884;0,08687973103882271;0,011951954907694401;2255;17639;5161;batchnorm;;19;6,0;20,0;30,0;;0,08281884413145872;;4;adam;maxabs
95;2024-06-30 18:27:34.405024;0,19506999850273132;;leaky_relu;0,7911912563343377;0,619890121584586;256;;0,3722774049380323;0,08762920180206071;0,012151811102372422;2255;17639;5161;batchnorm;;19;6,0;20,0;29,0;;0,08370532214798532;;4;adam;maxabs
96;2024-06-30 18:30:01.901128;0,284434974193573;;leaky_relu;0,7217890945331095;0,72961399609805;256;;0,3805868724373634;0,08864187517123019;0,007670735823438933;2255;17639;5161;batchnorm;;19;6,0;21,0;29,0;;0,07544445441803245;;4;adam;maxabs
97;2024-06-30 18:33:22.117794;0,6269849538803101;;leaky_relu;0,7845409172573485;0,6902825158443844;256;;0,4814421874061632;0,09092098199160836;0,011556152444330637;2255;17639;5161;batchnorm;;19;4,0;20,0;;;0,08252577200028055;;3;adam;maxabs
98;2024-06-30 18:35:10.236609;0,2870212197303772;;relu;0,7463355547249204;0,7822263922608146;32;;0,33062373831336894;0,07359983977457467;0,009489525567832911;2255;17639;5161;batchnorm;;17;5,0;22,0;30,0;;;;4;adam;maxabs
99;2024-06-30 18:42:14.214844;0,20772500336170197;;leaky_relu;0,8045995386545646;0,6167474980392647;256;;0,42907585511475405;0,09519329822023885;0,011991006087911095;2255;17639;5161;batchnorm;;19;8,0;23,0;26,0;;0,0774906598173575;;4;adam;maxabs
100;2024-06-30 18:44:12.940679;0,2390500009059906;;leaky_relu;0,876028077457632;0,7397470504269006;128;;0,4632631216005468;0,08102911709906185;0,01405825157331727;2255;17639;5161;batchnorm;;21;3,0;21,0;27,0;;0,0717295725001704;;4;adam;normalizer
101;2024-06-30 18:46:44.101349;0,3545700013637543;;leaky_relu;0,9199632737807094;0,6288746441391493;256;;0,36599055985427587;0,08573372622784146;0,019281239842354254;2255;17639;5161;batchnorm;;18;7,0;20,0;30,0;;0,08534228503634252;;4;adam;maxabs
102;2024-06-30 18:48:40.906338;0,21136000752449036;;leaky_relu;0,81851813763633;0,5780902088417074;256;;0,42084179686947076;0,08702252886457597;0,02241811090481378;2255;17639;5161;batchnorm;;18;6,0;17,0;29,0;;0,08183719128811227;;4;adam;maxabs
103;2024-06-30 18:50:58.818462;0,19007501006126404;;leaky_relu;0,7800677882516344;0,6629608041160546;256;;0,293179395518966;0,08923181999393776;0,016281583511564526;2255;17639;5161;batchnorm;;15;9,0;19,0;26,0;;0,08934923374164476;;4;adam;maxabs
104;2024-06-30 18:53:13.357539;0,2046300172805786;;leaky_relu;0,7856794784101528;0,6706909966679765;256;;0,29672516256137005;0,08939199342133301;0,016170032069097704;2255;17639;5161;batchnorm;;15;9,0;20,0;24,0;;0,09080367557905858;;4;adam;maxabs
105;2024-06-30 18:55:17.344130;0,22612500190734863;;leaky_relu;0,7075978416037576;0,7110454798045498;256;;0,38760458977387724;0,092147553212705;0,010178023929193493;2255;17639;5161;batchnorm;;20;10,0;22,0;27,0;;0,08071387936003205;;4;adam;maxabs
106;2024-06-30 18:58:14.995033;0,3536849915981293;;leaky_relu;0,8874233634662958;0,768130304426393;256;;0,34741938459075417;0,09785548298538577;0,011971043781784376;2255;17639;5161;batchnorm;;14;10,0;19,0;;;0,08437583349903018;;3;adam;normalizer
107;2024-06-30 19:00:03.700818;0,26927000284194946;;leaky_relu;0,7584266641408997;0,6770184008574408;256;;0,31209547718803;0,09529592114903357;0,00841275449174781;2255;17639;5161;batchnorm;;16;8,0;21,0;;;0,08825196215427998;;3;adam;maxabs
108;2024-06-30 19:02:40.525393;0,21776066720485687;;leaky_relu;0,8605175797766552;0,8047642015084562;16;;0,4394841727881978;0,09377986081670149;0,014837916315338363;2255;17639;5161;batchnorm;;14;5,0;23,0;26,0;;0,07953537490039858;;4;adam;maxabs
109;2024-06-30 19:09:22.540553;0,20056501030921936;;leaky_relu;0,7928562810721216;0,7454281681912494;256;;0,33177185041022467;0,08777183493760182;0,01230047488762407;2255;17639;5161;batchnorm;;21;6,0;18,0;25,0;;0,09704859258847262;;4;adam;normalizer
110;2024-06-30 19:12:13.165528;0,21785001456737518;;leaky_relu;0,9236469673107919;0,6908089021686122;256;;0,49637513292242874;0,09066961461891726;0,023445022976099225;2255;17639;5161;batchnorm;;17;30,0;19,0;25,0;;0,09309060241486856;;4;adam;maxabs
111;2024-06-30 19:14:04.163287;0,19675502181053162;;leaky_relu;0,8387427744503719;0,6414007347603088;256;;0,28078318280932746;0,08665735187397086;0,017208046293576938;2255;17639;5161;batchnorm;;18;7,0;20,0;28,0;;0,08911572467649091;;4;adam;maxabs
112;2024-06-30 19:16:20.685165;0,18667000532150269;;leaky_relu;0,8225051981891159;0,6054625952239444;256;;0,4053268958878161;0,0843958296030029;0,02706731065606436;2255;17639;5161;batchnorm;;19;9,0;19,0;27,0;;0,08654675606652427;;4;adam;maxabs
113;2024-06-30 19:18:26.407758;0,20992998778820038;;leaky_relu;0,8847308129690631;0,6592825975691102;256;;0,4121327091316946;0,07985779924784302;0,02805901375808733;2255;17639;5161;batchnorm;;20;9,0;16,0;24,0;;0,08465042292280163;;4;adam;maxabs
114;2024-06-30 19:20:18.012432;0,2125600129365921;;leaky_relu;0,8187896926574187;0,5989882489831785;256;;0,4486161117597737;0,08417817798658751;0,013247198483383727;2255;17639;5161;batchnorm;;19;11,0;21,0;27,0;;0,06755577971200795;;4;adam;maxabs
115;2024-06-30 19:22:22.432729;0,21007128059864044;;leaky_relu;0,7353564506947174;0,7169061782895452;64;;0,47651708240269064;0,082233765053341;0,035765001522111387;2255;17639;5161;batchnorm;;22;8,0;22,0;26,0;;0,07405385032442874;;4;adam;maxabs
116;2024-06-30 19:26:29.328337;0,36415499448776245;;leaky_relu;0,7748899521260793;0,7788663026563891;256;;0,40190725601130284;0,07654508927998278;0,010000056302716045;2255;17639;5161;batchnorm;;19;12,0;;;;0,0806320553434495;;2;adam;maxabs
117;2024-06-30 19:28:57.729826;0,2042570412158966;;leaky_relu;0,8544718303472025;0,526293639310367;32;;0,3898343762812765;0,09753346036811847;0,0070766051942189314;2255;17639;5161;batchnorm;;21;10,0;19,0;29,0;;0,07642233200814563;;4;adam;normalizer
118;2024-06-30 19:33:09.388836;0,24330496788024902;;leaky_relu;0,8995573281756931;0,6581721019301715;128;;0,3506886468527699;0,08878713181284967;0,024719312106860562;2255;17639;5161;batchnorm;;15;8,0;15,0;23,0;;0,09991691140586868;;4;adam;maxabs
119;2024-06-30 19:35:25.710838;0,20211000740528107;;relu;0,7978583799591651;0,6912155205955355;256;;0,3780353767073287;0,09104380411346925;0,01525524524155486;2255;17639;5161;batchnorm;;20;13,0;17,0;;;;;3;adam;minmax
120;2024-06-30 19:37:34.907432;0,7101099491119385;;leaky_relu;;;256;;0,42563036957744677;0,0949132291647759;0,018867826389022815;2255;17639;5161;batchnorm;0,6407552636866094;17;9,0;18,0;25,0;;0,08649446493067241;True;4;sgd;maxabs
121;2024-06-30 19:39:42.768686;0,2060050070285797;;leaky_relu;0,828009805233233;0,621405995101615;256;;0,36594180956744754;0,08494205960919565;0,020087500839814313;2255;17639;5161;batchnorm;;18;6,0;19,0;27,0;;0,08890870412589164;;4;adam;maxabs
122;2024-06-30 19:41:44.221185;0,20251500606536865;;leaky_relu;0,8546089838289787;0,6291391999588646;256;;0,33607531255613987;0,09244099939671699;0,03138785158932642;2255;17639;5161;batchnorm;;16;7,0;18,0;30,0;;0,0930098162514518;;4;adam;maxabs
123;2024-06-30 19:44:08.180875;0,20524998009204865;;leaky_relu;0,7653231796591001;0,598647882913043;256;;0,3203340575339484;0,07845142013710737;0,018538937305123716;2255;17639;5161;batchnorm;;18;5,0;19,0;28,0;;0,08704169745045874;;4;adam;maxabs
124;2024-06-30 19:46:39.340719;0,23721501231193542;;leaky_relu;0,9770297683628898;0,7317136038366554;256;;0,392865309917213;0,08674430311597049;0,021540786432105365;2255;17639;5161;batchnorm;;19;12,0;20,0;24,0;;0,08372901291684637;;4;adam;maxabs
125;2024-06-30 19:48:29.269534;0,20386500656604767;;leaky_relu;0,8302737447367411;0,7062010718140285;256;;0,4400143412803259;0,08968225563404583;0,026655535559963216;2255;17639;5161;batchnorm;;20;9,0;24,0;26,0;17,0;0,09082394758480972;;5;adam;maxabs
126;2024-06-30 19:50:36.533094;0,19756998121738434;;leaky_relu;0,8805540035801717;0,6486128899099456;256;;0,46682495284922176;0,08120956886608637;0,015612303331333783;2255;17639;5161;batchnorm;;17;11,0;26,0;29,0;;0,09499383249510045;;4;adam;normalizer
127;2024-06-30 19:52:55.444089;179,16140747070312;;leaky_relu;0,9334179245141652;0,5762018394886126;256;;0,35590291906629323;0,0839852604734799;0,03503524586081652;2255;17639;5161;batchnorm;;13;4,0;23,0;28,0;;0,06480451313486825;;4;adam;maxabs
128;2024-06-30 19:54:46.860341;0,20335499942302704;;leaky_relu;0,8064997888125608;0,7549813748341506;256;;0,2961833382688119;0,08800594873769525;0,02950554021313837;2255;17639;5161;batchnorm;;22;7,0;18,0;27,0;17,0;0,09731168997310577;;5;adam;minmax
129;2024-06-30 19:56:48.129088;0,21244250237941742;;leaky_relu;0,9095834416353779;0,8339662989802884;16;;0,4113233578174605;0,07479695410941586;0,013375476665229955;2255;17639;5161;batchnorm;;19;6,0;22,0;21,0;;0,0867151491161383;;4;adam;maxabs
130;2024-06-30 20:06:24.956934;0,26765501499176025;;leaky_relu;0,8515410002090233;0,6695756282324449;256;;0,3799003299323485;0,09217404678237032;0,0406030880998986;2255;17639;5161;vanilla;;21;8,0;20,0;24,0;13,0;0,06975602232438484;;5;adam;maxabs
131;2024-06-30 20:08:13.517523;0,19208002090454102;;leaky_relu;0,8260736780824428;0,6441527155067857;256;;0,26440756543218624;0,08681045874354504;0,017606288689616237;2255;17639;5161;batchnorm;;18;8,0;20,0;26,0;;0,08934411108420567;;4;adam;maxabs
132;2024-06-30 20:10:37.926990;0,19892999529838562;;leaky_relu;0,7723915184604248;0,6939730901855596;256;;0,2551892505870245;0,08480908126610288;0,017668788947678395;2255;17639;5161;batchnorm;;18;10,0;17,0;26,0;;0,0891124289795822;;4;adam;maxabs
133;2024-06-30 20:12:53.112346;0,1958099901676178;;leaky_relu;0,8218782346676149;0,63346813068732;256;;0,5080217716768985;0,09390548181755136;0,023249736458779747;2255;17639;5161;batchnorm;;20;7,0;21,0;25,0;;0,09220053078676987;;4;adam;maxabs
134;2024-06-30 20:14:53.217229;0,20755501091480255;;leaky_relu;0,8794349893811131;0,7267256964875897;256;;0,32063448055565613;0,08263671019837415;0,020532737878689138;2255;17639;5161;batchnorm;;16;9,0;20,0;28,0;;0,08367282631856675;;4;adam;maxabs
135;2024-06-30 20:17:06.605522;0,21576499938964844;;leaky_relu;0,7943830062198972;0,6699403916515696;256;;0,27176326850106963;0,08602753587301716;0,010927507441888844;2255;17639;5161;batchnorm;;17;8,0;19,0;23,0;;0,08149513740487341;;4;adam;maxabs
136;2024-06-30 20:19:10.291694;0,19466999173164368;;leaky_relu;0,7442802346899425;0,854664683111215;256;;0,37409034118018125;0,09104724852978484;0,016023143214527975;2255;17639;5161;batchnorm;;18;5,0;19,0;27,0;;0,08574683424781492;;4;adam;normalizer
137;2024-06-30 20:22:20.825243;0,37117376923561096;;leaky_relu;0,750573973942046;0,8513636627856657;64;;0,4237487380690981;0,09679289939801904;0,008841312227988845;2255;17639;5161;batchnorm;;19;4,0;22,0;26,0;;0,07871230412412948;;4;adam;normalizer
138;2024-06-30 20:26:32.644366;0,3762750029563904;;leaky_relu;0,7281900817288227;0,9076015387603527;256;;0,45905434937413836;0,08974227261811026;0,014057885543116396;2255;17639;5161;batchnorm;;19;5,0;18,0;27,0;15,0;0,0850855100415198;;5;adam;normalizer
139;2024-06-30 20:28:44.307629;0,21384501457214355;;leaky_relu;0,8659922912421747;0,8713856476131863;256;;0,4035008088416191;0,09123321264334928;0,01582355183817707;2255;17639;5161;batchnorm;;20;11,0;20,0;25,0;;0,09029634274649251;;4;adam;normalizer
140;2024-06-30 20:31:04.903235;0,36084094643592834;;relu;;;32;;0,48795452373551007;0,09316657046977538;0,02642143076085566;2255;17639;5161;batchnorm;0,20007533948533976;24;6,0;21,0;30,0;;;False;4;sgd;normalizer
141;2024-06-30 20:38:14.526242;0,19503000378608704;;leaky_relu;0,813426195485458;0,8033380744902038;256;;0,367305212899122;0,0884223856010667;0,012404178893048243;2255;17639;5161;batchnorm;;18;7,0;19,0;28,0;;0,08712987284033089;;4;adam;normalizer
142;2024-06-30 20:40:43.462095;0,1953199803829193;;leaky_relu;0,8169754354039449;0,8018442322929783;256;;0,345668354766159;0,0874668700791304;0,012265152408377103;2255;17639;5161;batchnorm;;18;6,0;19,0;26,0;;0,08332278742163499;;4;adam;normalizer
143;2024-06-30 20:43:32.856727;0,20255997776985168;;leaky_relu;0,7790415058592233;0,8176187395179788;256;;0,38297493967088536;0,08887926526208027;0,01727183376253689;2255;17639;5161;batchnorm;;18;9,0;17,0;29,0;;0,09438716926118217;;4;adam;normalizer
144;2024-06-30 20:46:08.575061;0,18937501311302185;;leaky_relu;0,8010104880619626;0,7814596504928409;256;;0,2959796596542126;0,0956760512724025;0,010194907594314236;2255;17639;5161;batchnorm;;19;7,0;24,0;27,0;;0,08772090153313829;;4;adam;normalizer
145;2024-06-30 20:48:58.789081;0,4401800036430359;;leaky_relu;0,8443231152104883;0,7917518684253951;256;;0,293557915018402;0,09802649309611942;0,008260350376796908;2255;17639;5161;batchnorm;;17;5,0;24,0;27,0;;0,08759336751101875;;4;adam;normalizer
146;2024-06-30 20:51:43.945140;0,18833249807357788;;leaky_relu;0,8116118670263763;0,7645453746152321;128;;0,2321425446014756;0,09535425758354785;0,010883982078549362;2255;17639;5161;batchnorm;;15;10,0;25,0;24,0;20,0;0,0915242974946081;;5;adam;normalizer
147;2024-06-30 20:54:56.447836;0,2736000418663025;;leaky_relu;0,7583163047560495;0,7653658828519245;128;;0,22908201064026523;0,09544728811957492;0,01102883631985303;2255;17639;5161;batchnorm;;15;11,0;26,0;24,0;20,0;0,09327806161175635;;5;adam;normalizer
148;2024-06-30 20:58:09.044339;0,19107499718666077;;leaky_relu;0,8945728035299355;0,7375625356418818;128;;0,25013034887129404;0,09853472296144064;0,006619254856046149;2255;17639;5161;batchnorm;;16;10,0;25,0;25,0;18,0;0,09197911855060235;;5;adam;normalizer
149;2024-06-30 21:03:46.128937;0,3491174578666687;;leaky_relu;0,9009716066898283;0,7419282007066944;128;;0,19316565081501533;0,09682455794936026;0,006333317194643217;2255;17639;5161;batchnorm;;14;10,0;25,0;8,0;18,0;0,09099982486082525;;5;adam;normalizer
150;2024-06-30 21:06:55.662860;0,20284748077392578;;leaky_relu;0,8623307783151567;0,7241488441074604;128;;0,2582638777028781;0,09875376179015272;0,009522617172637434;2255;17639;5161;batchnorm;;16;8,0;24,0;25,0;21,0;0,09757644427782229;;5;adam;normalizer
151;2024-06-30 21:10:22.259332;0,20112749934196472;;leaky_relu;0,9431952609568133;0,7536980181431354;128;;0,25204100282197306;0,09419571616115367;0,010001912665400806;2255;17639;5161;batchnorm;;16;10,0;27,0;22,0;20,0;0,061621688004475206;;5;adam;normalizer
152;2024-06-30 21:14:23.144983;0,1998925507068634;;leaky_relu;0,8362562297923026;0,6922413494685985;128;;0,2271500384378093;0,09573307636824951;0,014612761066969085;2255;17639;5161;batchnorm;;17;11,0;25,0;26,0;18,0;0,057357435793718436;;5;adam;normalizer
153;2024-06-30 21:16:54.066685;0,24153251945972443;;leaky_relu;0,7970213512258044;0,7720943387697357;128;;0,28493715255907826;0,09170067212459942;0,006997011086106543;2255;17639;5161;batchnorm;;20;10,0;25,0;24,0;22,0;0,09578228114475967;;5;adam;normalizer
154;2024-06-30 21:19:56.201561;0,1991575062274933;;leaky_relu;0,8943689833751576;0,7103249420795161;128;;0,2072514668935244;0,09973050735628561;0,022103140856352944;2255;17639;5161;batchnorm;;21;19,0;26,0;25,0;21,0;0,0919637732946535;;5;adam;normalizer
155;2024-06-30 21:22:37.974780;0,2129025161266327;;leaky_relu;0,9137480655560345;0,7456533001489751;128;;0,26349874801676415;0,09355848651429419;0,007902658361868757;2255;17639;5161;batchnorm;;15;9,0;23,0;23,0;14,0;0,08940489397331661;;5;adam;minmax
156;2024-06-30 21:25:18.878188;0,19263499975204468;;leaky_relu;0,8558573526506909;0,8383033834455972;256;;0,23862259037944727;0,0908213269534586;0,016837514468150763;2255;17639;5161;batchnorm;;19;26,0;25,0;24,0;18,0;0,08623510613372483;;5;adam;normalizer
157;2024-06-30 21:27:56.293515;0,22236499190330505;;leaky_relu;0,875349907963119;0,8333990942250885;256;;0,24105043159213252;0,09766819581936742;0,030989985977169926;2255;17639;5161;vanilla;;19;28,0;25,0;24,0;18,0;0,08866504985309276;;5;adam;normalizer
158;2024-06-30 21:30:04.605112;0,33920061588287354;;leaky_relu;0,8455035203136957;0,7818944683332432;16;;0,27745129945417624;0,09536803234262484;0,004718272234293061;2255;17639;5161;batchnorm;;20;24,0;24,0;25,0;22,0;0,0941219194332297;;5;adam;minmax
159;2024-06-30 21:41:12.181508;0,19862499833106995;;leaky_relu;0,827982146381944;0,7156699651637842;256;;0,24621646982103595;0,09312055810903586;0,025652262750873078;2255;17639;5161;batchnorm;;13;27,0;26,0;23,0;20,0;0,08036063455284823;;5;adam;normalizer
160;2024-06-30 21:43:18.366339;0,20928499102592468;;leaky_relu;0,8608170717975102;0,6834641473708869;128;;0,31060509494441;0,09028696674069267;0,019367812495870274;2255;17639;5161;batchnorm;;16;12,0;24,0;25,0;23,0;0,091649566515652;;5;adam;normalizer
161;2024-06-30 21:45:58.854161;0,19851499795913696;;leaky_relu;0,7818178750039757;0,8603669410317092;256;;0,22686103874171393;0,09115403605902828;0,01658431151407716;2255;17639;5161;batchnorm;;19;22,0;27,0;26,0;19,0;0,08599328580704513;;5;adam;normalizer
162;2024-06-30 21:48:49.660086;0,19175001978874207;;leaky_relu;0,8045168553132545;0,8451014728462157;256;;0,2967028415298688;0,09630739432739366;0,013555415909718555;2255;17639;5161;batchnorm;;18;12,0;25,0;25,0;21,0;0,08480275643217129;;5;adam;normalizer
163;2024-06-30 21:51:15.644065;0,19323000311851501;;leaky_relu;0,8046610617700191;0,7846818464131561;256;;0,29496072752679214;0,09638100192013434;0,013223883126651886;2255;17639;5161;batchnorm;;17;13,0;25,0;24,0;21,0;0,06521739323150011;;5;adam;normalizer
164;2024-06-30 21:53:57.638905;0,19353000819683075;;leaky_relu;0,8124711910587035;0,822274028779242;256;;0,30811730502337914;0,09609888449458276;0,013658819729948752;2255;17639;5161;batchnorm;;17;13,0;26,0;24,0;21,0;0,08260720355756047;;5;adam;normalizer
165;2024-06-30 21:56:50.198420;0,2069149911403656;;leaky_relu;0,8084180050503095;0,8269150174261735;256;;0,28983904972970514;0,09679148022254977;0,010464195633710677;2255;17639;5161;batchnorm;;17;13,0;25,0;23,0;21,0;0,06315188480613516;;5;adam;normalizer
166;2024-06-30 21:59:20.328296;0,19828499853610992;;leaky_relu;0,9296771963579575;0,8794243055198738;256;;0,31047456492773207;0,09830784294304185;0,013407274645490826;2255;17639;5161;batchnorm;;15;14,0;27,0;24,0;18,0;0,08259905364232933;;5;adam;normalizer
167;2024-06-30 22:03:32.280673;0,3196749985218048;;leaky_relu;0,8815543342286893;0,817157790748121;256;0,4409077247620533;0,26704173201699494;0,0945824814550015;0,01183510266043914;2255;17639;5161;dropout;;17;13,0;26,0;24,0;20,0;0,07825359210438378;;5;adam;normalizer
168;2024-06-30 22:06:09.975312;0,19172999262809753;;leaky_relu;0,8180303320192305;0,7942359491676868;256;;0,3310912532519744;0,09646362852708522;0,0142912421128437;2255;17639;5161;batchnorm;;17;12,0;26,0;22,0;21,0;0,08986698357767842;;5;adam;normalizer
169;2024-06-30 22:08:32.486389;0,47069740295410156;;selu;;;64;;0,3323593018914718;0,09829144440722042;0,009291020674034693;2255;17639;5161;batchnorm;0,34223400228283524;14;26,0;25,0;22,0;23,0;;True;5;sgd;normalizer
170;2024-06-30 22:12:43.380266;0,4261600077152252;;leaky_relu;0,9503538624329868;0,7866304439874645;256;;0,2843161987925773;0,09999761299897204;0,010506100115240526;2255;17639;5161;batchnorm;;15;12,0;28,0;25,0;19,0;0,08932920462818879;;5;adam;normalizer
171;2024-06-30 22:16:09.841191;0,19208499789237976;;leaky_relu;0,8197440069943451;0,8047776521864753;256;;0,3031403751081273;0,09568295682170189;0,014229598927150021;2255;17639;5161;batchnorm;;16;14,0;26,0;24,0;21,0;0,06545974416906288;;5;adam;normalizer
172;2024-06-30 22:18:36.792332;0,19179502129554749;;leaky_relu;0,8475519587011947;0,7893918935062738;256;;0,2969157054275243;0,09450174091220472;0,014646165604130262;2255;17639;5161;batchnorm;;16;14,0;24,0;23,0;21,0;0,06617418382657603;;5;adam;normalizer
173;2024-06-30 22:21:08.712106;0,1921049952507019;;leaky_relu;0,8563203547048821;0,8476184288103167;256;;0,327212984322055;0,09381563562887185;0,01584784451179663;2255;17639;5161;batchnorm;;16;15,0;27,0;23,0;22,0;0,05993731834741499;;5;adam;normalizer
174;2024-06-30 22:23:49.340010;0,1935350000858307;;leaky_relu;0,8536520012386357;0,8459369123764391;256;;0,2694485558207873;0,09376357761835874;0,015203987394778011;2255;17639;5161;batchnorm;;16;12,0;26,0;23,0;22,0;0,06727966844203172;;5;adam;normalizer
175;2024-06-30 22:26:32.178438;0,19123998284339905;;leaky_relu;0,8867285616810435;0,8056926950405976;256;;0,3296430083248742;0,09260781101363032;0,01726243313153022;2255;17639;5161;batchnorm;;15;16,0;27,0;22,0;23,0;0,05912299840487385;;5;adam;normalizer
176;2024-06-30 22:28:46.435714;0,3278149962425232;;relu;0,8997098720307101;0,8030238621944276;256;;0,3175756967327195;0,09570175703765042;0,00906164472984698;2255;17639;5161;batchnorm;;15;16,0;29,0;21,0;23,0;;;5;adam;normalizer
177;2024-06-30 22:30:52.270212;0,33227503299713135;;leaky_relu;0,8355171860865935;0,7635969067171359;256;;0,3421150268805886;0,0937112129721574;0,011574114861553846;2255;17639;5161;batchnorm;;15;14,0;27,0;22,0;22,0;0,05776309738507842;;5;adam;normalizer
178;2024-06-30 22:33:12.975132;0,3569646179676056;;leaky_relu;0,910010825698238;0,8096438840376792;32;;0,3261541122886787;0,09295244038958622;0,01820627801250384;2255;17639;5161;batchnorm;;14;15,0;29,0;21,0;24,0;0,06086024556207186;;5;adam;normalizer
179;2024-06-30 22:37:23.783778;0,19063499569892883;;leaky_relu;0,8753482128208432;0,8918759420185381;256;;0,34236258129583275;0,0981303717400261;0,014806757139355226;2255;17639;5161;batchnorm;;12;16,0;26,0;23,0;20,0;0,05545190364007391;;5;adam;normalizer
180;2024-06-30 22:39:52.551257;0,23994997143745422;;leaky_relu;0,877048767347014;0,9241755432160215;256;;0,3437471188817479;0,09846212820927103;0,014622693001091333;2255;17639;5161;batchnorm;;14;16,0;27,0;22,0;20,0;0,05959113409171739;;5;adam;normalizer
181;2024-06-30 22:42:36.551709;0,25751999020576477;;leaky_relu;0,8889778206868604;0,8671768568952251;256;;0,3283058001967447;0,09504587243631141;0,013197031279126154;2255;17639;5161;batchnorm;;12;18,0;28,0;22,0;21,0;0,06273044481100551;;5;adam;normalizer
182;2024-06-30 22:45:29.641807;0,19693000614643097;;leaky_relu;0,8290594447364831;0,9013577674001312;256;;0,28538748308941925;0,09744745489226476;0,015706993752178978;2255;17639;5161;batchnorm;;16;15,0;28,0;23,0;23,0;0,05356835099972782;;5;adam;normalizer
183;2024-06-30 22:48:12.240307;0,19547002017498016;;leaky_relu;0,8630721109827735;0,8866427055670797;256;;0,3013610003327637;0,09244295317347724;0,011559452849556485;2255;17639;5161;batchnorm;;10;17,0;26,0;20,0;19,0;0,055473697936936156;;5;adam;normalizer
184;2024-06-30 22:50:57.365972;0,19282999634742737;;leaky_relu;0,9225247708007415;0,7672182349598412;256;;0,3049457970496076;0,09971370080534328;0,01794837789598079;2255;17639;5161;batchnorm;;11;16,0;24,0;23,0;25,0;0,05828120377205373;;5;adam;normalizer
185;2024-06-30 22:53:14.315733;0,2012999951839447;;leaky_relu;0,8377487572897748;0,7924463327263948;256;;0,35972726705833236;0,09481833551158787;0,008603537289290314;2255;17639;5161;batchnorm;;16;14,0;26,0;23,0;22,0;0,06090811786804204;;5;adam;minmax
186;2024-06-30 22:56:20.934776;0,21465501189231873;;leaky_relu;0,5136533647391386;0,744822346595658;256;;0,332640895973187;0,07042714072922296;0,014313362707801081;2255;17639;5161;batchnorm;;12;14,0;24,0;20,0;24,0;0,054953108559297324;;5;adam;normalizer
187;2024-06-30 22:59:29.360963;0,19278499484062195;;leaky_relu;0,8749362617331645;0,8547908702403254;256;;0,34962126458173115;0,0962765951828296;0,01049193216511255;2255;17639;5161;batchnorm;;15;15,0;23,0;25,0;20,0;0,058874673871912905;;5;adam;normalizer
188;2024-06-30 23:02:16.719686;0,5041274428367615;;leaky_relu;0,9699547271168522;0,8135305248718252;128;;0,32026543636574195;0,06119673656407215;0,0059399954967219604;2255;17639;5161;vanilla;;8;14,0;27,0;23,0;23,0;0,0646765682031843;;5;adam;normalizer
189;2024-06-30 23:04:17.109658;0,1912350058555603;;leaky_relu;0,8518438202298698;0,8995423404591468;256;;0,2620801784304677;0,09244911056667954;0,019211892547701774;2255;17639;5161;batchnorm;;25;16,0;25,0;26,0;21,0;0,06975820652762688;;5;adam;minmax
190;2024-06-30 23:07:23.143122;0,29769501090049744;;leaky_relu;0,8217450988104668;0,9233570668138721;256;;0,26406190890855974;0,09208485379265602;0,019649697267869762;2255;17639;5161;batchnorm;;16;16,0;25,0;26,0;21,0;0,0705281985063231;;5;adam;normalizer
191;2024-06-30 23:10:07.203538;0,24360498785972595;;leaky_relu;0,8485739923602073;0,8387898574329097;256;;0,27534128609082154;0,09354949722421756;0,01722108726507958;2255;17639;5161;batchnorm;;25;16,0;25,0;25,0;22,0;0,06868548747930847;;5;adam;minmax
192;2024-06-30 23:12:42.450604;0,3222050070762634;;leaky_relu;0,8983703868762898;0,9419014552932496;256;;0,5817583932865927;0,09718029279345736;0,01308086089068724;2255;17639;5161;batchnorm;;25;15,0;26,0;22,0;20,0;0,06665729615293813;;5;adam;minmax
193;2024-06-30 23:15:04.442511;0,1956550031900406;;leaky_relu;0,8673847845049028;0,772527982083747;256;;0,29402846191265053;0,04626859188120739;0,020842271414527016;2255;17639;5161;batchnorm;;26;17,0;25,0;26,0;21,0;0,06210135856605288;;5;adam;minmax
194;2024-06-30 23:17:06.824760;0,19854998588562012;;leaky_relu;0,5594835673195442;0,9076523785307578;256;;0,24926210243312183;0,08932428319424893;0,0153668717593831;2255;17639;5161;batchnorm;;24;15,0;24,0;24,0;17,0;0,05590137162156456;;5;adam;minmax
195;2024-06-30 23:20:23.913231;0,600504994392395;;leaky_relu;0,7768093757343038;0,8885081348455163;256;;0,5214586035074001;0,09465151005458255;0,007477664661919306;2255;17639;5161;batchnorm;;24;14,0;27,0;13,0;19,0;0,098269667622918;;5;adam;minmax
196;2024-06-30 23:22:20.670162;0,19547998905181885;;leaky_relu;0,8250383528708009;0,8737879818988461;256;;0,21376533956454136;0,09211933176966824;0,02282994396249124;2255;17639;5161;batchnorm;;16;18,0;26,0;25,0;22,0;0,09275183067806;;5;adam;normalizer
197;2024-06-30 23:24:57.971296;0,572505533695221;;leaky_relu;0,8866045956404704;0,737947896282766;16;;0,3518668964837582;0,09780109654050494;0,012272368026727851;2255;17639;5161;batchnorm;;28;17,0;24,0;26,0;20,0;0,09660073050294518;;5;adam;normalizer
198;2024-06-30 23:31:31.025205;0,1942249983549118;;leaky_relu;0,8466326167178981;0,799026880574194;256;;0,2820398470569258;0,09032940201127677;0,016817812297038427;2255;17639;5161;batchnorm;;15;9,0;23,0;24,0;21,0;0,06436269229778864;;5;adam;minmax
199;2024-06-30 23:34:20.385923;0,21084001660346985;;leaky_relu;0,9381957765985918;0,7560374620762561;128;0,3598731128291246;0,31567060560955373;0,0958671514363164;0,014763323050251598;2255;17639;5161;dropout;;23;11,0;25,0;21,0;23,0;0,09052539190557757;;5;adam;normalizer
200;2024-06-30 23:37:03.505595;0,8277649879455566;;leaky_relu;0,9914716493129311;0,8464190355218392;256;;0,391237772747694;0,0924773209997039;0,011047577388318868;2255;17639;5161;batchnorm;;17;10,0;26,0;25,0;19,0;0,06982761266835383;;5;adam;normalizer
201;2024-06-30 23:38:56.976143;0,1901549994945526;;leaky_relu;0,8516778078477327;0,8280621166597039;256;;0,25856454932483103;0,09001262717849139;0,01895866700376035;2255;17639;5161;batchnorm;;19;21,0;25,0;24,0;18,0;0,08807763310087124;;5;adam;normalizer
202;2024-06-30 23:41:43.050841;0,19896002113819122;;leaky_relu;0,8592767014895297;0,827137087094071;256;;0,2658994134134305;0,09406529288744311;0,01788477811356765;2255;17639;5161;batchnorm;;19;19,0;25,0;24,0;18,0;0,08908243405809128;;5;adam;normalizer
203;2024-06-30 23:43:43.934795;0,19407498836517334;;leaky_relu;0,8184600290525279;0,7882783350242681;256;;0,2517217540781082;0,08947309390155486;0,019667584095295548;2255;17639;5161;batchnorm;;18;21,0;26,0;22,0;16,0;0,07211389578643167;;5;adam;normalizer
204;2024-06-30 23:45:57.093868;0,40959495306015015;;leaky_relu;;;256;;0,22990920115879726;0,09846076991567243;0,023464610664953926;2255;17639;5161;batchnorm;0,8279249208583476;16;;;;;0,0952764910213169;True;1;sgd;normalizer
205;2024-06-30 23:50:07.518808;0,4968299865722656;;leaky_relu;0,9138700385624465;0,8639751121916002;512;;0,2960082138677194;0,09162409434725019;0,01319895166354941;2255;17639;5161;batchnorm;;20;20,0;;;;0,0914082982541062;;2;adam;normalizer
206;2024-06-30 23:51:53.011266;0,19297000765800476;;leaky_relu;0,8016283888252672;0,8984906302786148;256;;0,24604680167578147;0,09582744695466698;0,016171912918527397;2255;17639;5161;batchnorm;;18;21,0;24,0;23,0;20,0;0,06601979663801755;;5;adam;normalizer
207;2024-06-30 23:54:41.727810;0,20279499888420105;;selu;0,8418575974384693;0,7772234836676798;256;;0,30768701025898704;0,0999721671056253;0,01908038603515457;2255;17639;5161;batchnorm;;15;16,0;27,0;24,0;25,0;;;5;adam;minmax
208;2024-06-30 23:57:08.185721;0,21858373284339905;;leaky_relu;0,8847037232040872;0,8150837757287656;64;;0,3362749629945795;0,0878692276033361;0,01456720831647073;2255;17639;5161;batchnorm;;19;14,0;25,0;27,0;22,0;0,09995549940308303;;5;adam;normalizer
209;2024-07-01 00:01:14.411769;0,19768498837947845;;relu;0,791712662750418;0,7226715236198196;256;;0,556108097902664;0,0942682591848116;0,009475667515755048;2255;17639;5161;batchnorm;;14;15,0;24,0;23,0;21,0;;;5;adam;normalizer
210;2024-07-01 00:03:40.567423;0,18839000165462494;;leaky_relu;0,7639591434465167;0,759821343362763;256;;0,2769758465005995;0,09057496494458254;0,012165668239689974;2255;17639;5161;batchnorm;;17;12,0;26,0;25,0;22,0;0,08809988204387416;;5;adam;normalizer
211;2024-07-01 00:06:39.941986;0,19582998752593994;;leaky_relu;0,7737399009763603;0,7653656170675924;256;;0,2900247103203936;0,09018554593336078;0,012382508537145048;2255;17639;5161;batchnorm;;17;13,0;26,0;25,0;22,0;0,08861070477900478;;5;adam;normalizer
212;2024-07-01 00:09:40.278788;0,2021149843931198;;leaky_relu;0,8137293330117774;0,7450807416238376;256;;0,271479726379636;0,09683119967892946;0,010586174139992008;2255;17639;5161;batchnorm;;16;12,0;25,0;26,0;24,0;0,08507002947270312;;5;adam;normalizer
213;2024-07-01 00:12:07.865441;0,19991999864578247;;leaky_relu;0,8645834306974716;0,6581694705625188;256;;0,1898428429048593;0,08649179878343982;0,014558874501809038;2255;17639;5161;batchnorm;;25;11,0;27,0;25,0;23,0;0,08687111670018652;;5;adam;normalizer
214;2024-07-01 00:14:35.543021;0,19632498919963837;;leaky_relu;0,8298033045406734;0,7969236571135354;256;;0,2394911495253952;0,09231792936676209;0,012186951507916563;2255;17639;5161;batchnorm;;17;23,0;26,0;26,0;21,0;0,05687887433807731;;5;adam;normalizer
215;2024-07-01 00:17:17.366420;0,2038249969482422;;leaky_relu;0,7630136830925934;0,593638481228459;256;;0,3147492359141845;0,09434876865432477;0,035298650530536366;2255;17639;5161;batchnorm;;18;12,0;25,0;25,0;19,0;0,09366837404904967;;5;adam;normalizer
216;2024-07-01 00:19:22.701060;0,19143500924110413;;leaky_relu;0,7975455176431963;0,8353334388304848;256;;0,2621428433455218;0,08921540571087348;0,01667511759908917;2255;17639;5161;batchnorm;;13;8,0;26,0;24,0;20,0;0,08797888053172168;;5;adam;normalizer
217;2024-07-01 00:21:50.278767;0,18848499655723572;;leaky_relu;0,7886764511364769;0,8264101646752744;256;;0,25596526828993815;0,08827956732425382;0,017780371618061678;2255;17639;5161;batchnorm;;12;8,0;26,0;24,0;20,0;0,09012453354731276;;5;adam;normalizer
218;2024-07-01 00:24:24.559679;0,22240498661994934;;leaky_relu;0,7968955845345816;0,809791325443744;128;;0,22458400200936787;0,08807996151537345;0,017615144395468265;2255;17639;5161;batchnorm;;12;8,0;26,0;24,0;20,0;0,08775723305670231;;5;adam;normalizer
219;2024-07-01 00:27:13.864772;0,20492541790008545;;leaky_relu;0,7431881990750524;0,8303708294546013;32;;0,25189651446511163;0,0869889586557468;0,020046070635055393;2255;17639;5161;batchnorm;;11;8,0;18,0;27,0;17,0;0,09055610790718686;;5;adam;normalizer
220;2024-07-01 00:34:27.731651;0,18893501162528992;;leaky_relu;0,7804719798532052;0,5570238849108782;256;;0,20831661130577533;0,08539883401170123;0,013279620226601471;2255;17639;5161;batchnorm;;13;9,0;5,0;24,0;19,0;0,08834227411391288;;5;adam;normalizer
221;2024-07-01 00:36:57.480214;0,18855498731136322;;leaky_relu;0,7674602093466323;0,5319507637265057;256;;0,2704055002258414;0,08583638867261001;0,013516484668304872;2255;17639;5161;batchnorm;;13;9,0;26,0;24,0;19,0;0,08980541985319154;;5;adam;normalizer
222;2024-07-01 00:39:40.381934;0,19142000377178192;;leaky_relu;0,7797658631558863;0,5365865495184227;256;;0,211119766615272;0,08506630639318462;0,01130370433463488;2255;17639;5161;batchnorm;;13;9,0;5,0;25,0;18,0;0,08854523074927267;;5;adam;normalizer
223;2024-07-01 00:41:50.345473;0,20474500954151154;;leaky_relu;0,773657047060216;0,5175303762743634;256;;0,22630361589818265;0,08485523886027455;0,010035526874856869;2255;17639;5161;batchnorm;;13;9,0;6,0;24,0;18,0;0,0875806834973327;;5;adam;normalizer
224;2024-07-01 00:44:16.097188;0,21021001040935516;;leaky_relu;0,7536046745862883;0,5503755308882985;256;;0,1992207843628649;0,08375358657631497;0,011640356819434946;2255;17639;5161;batchnorm;;13;9,0;5,0;25,0;19,0;0,09162703482709207;;5;adam;normalizer
225;2024-07-01 00:46:40.774449;0,19409000873565674;;leaky_relu;0,7846158908668569;0,5566667730338171;256;;0,18154147006370158;0,08550560932960012;0,009172156211132914;2255;17639;5161;batchnorm;;12;10,0;9,0;17,0;19,0;0,0849671508474237;;5;adam;normalizer
226;2024-07-01 00:49:47.537910;0,1878799945116043;;leaky_relu;0,7720240390633946;0,5623153627082406;256;;0,20680080609746512;0,09093993613105354;0,008252223786240817;2255;17639;5161;batchnorm;;11;9,0;4,0;24,0;18,0;0,08984836260087632;;5;adam;normalizer
227;2024-07-01 00:52:37.750649;0,24995000660419464;;leaky_relu;0,7165233631343948;0,5540878466498369;256;;0,20499347836585147;0,08952747350521197;0,007762068706997622;2255;17639;5161;batchnorm;;13;9,0;26,0;24,0;18,0;0,0900031073542264;;5;adam;normalizer
228;2024-07-01 00:56:36.369417;0,4668300151824951;;leaky_relu;0,735826133788259;0,5403656283741273;512;;0,22757795507685566;0,08867230550094109;0,008446513041375413;2255;17639;5161;batchnorm;;10;9,0;3,0;25,0;16,0;0,09229270386316961;;5;adam;normalizer
229;2024-07-01 00:58:17.454991;0,28068000078201294;;leaky_relu;0,7679344089407513;0,49421426122602913;256;;0,17535479543316748;0,09053531044193638;0,006993623755648465;2255;17639;5161;batchnorm;;11;10,0;5,0;25,0;18,0;0,08767987834986292;;5;adam;normalizer
230;2024-07-01 01:01:03.599752;0,4020100235939026;;leaky_relu;0,7881409100875748;0,5677860142016954;256;;0,21996995906003838;0,08526566615608677;0,010241944358553735;2255;17639;5161;vanilla;;12;8,0;4,0;24,0;19,0;0,08443186740605248;;5;adam;normalizer
231;2024-07-01 01:02:48.456295;0,18544499576091766;;leaky_relu;0,804450348867935;0,5817039200573154;256;;0,20385269162071534;0,08643243647645411;0,013434793547291629;2255;17639;5161;batchnorm;;13;9,0;4,0;23,0;20,0;0,08976328796879093;;5;adam;normalizer
232;2024-07-01 01:05:20.829676;0,1910400092601776;;leaky_relu;0,7583193779938996;0,5869998293769225;256;;0,14792888007052607;0,08683773954150903;0,012257259375076312;2255;17639;5161;batchnorm;;12;10,0;4,0;23,0;20,0;0,08959820814949196;;5;adam;normalizer
233;2024-07-01 01:07:32.571639;0,1954749971628189;;leaky_relu;0,7545904688486993;0,5778647671319727;256;;0,13713394115683084;0,08275025005193844;0,011693329149378751;2255;17639;5161;batchnorm;;12;10,0;4,0;23,0;20,0;0,08994414650923999;;5;adam;normalizer
234;2024-07-01 01:09:54.467714;0,18842001259326935;;leaky_relu;0,7672462095583028;0,6049566502068185;256;;0,1526308527827062;0,08666706304162884;0,012992999797904874;2255;17639;5161;batchnorm;;13;9,0;4,0;23,0;18,0;0,09280926403361138;;5;adam;normalizer
235;2024-07-01 01:12:51.771481;0,19076499342918396;;leaky_relu;0,6857031399000331;0,6049123191794312;256;;0,1650511165903868;0,08746787750278644;0,010775511378329862;2255;17639;5161;batchnorm;;13;9,0;4,0;24,0;18,0;0,09443762539657562;;5;adam;normalizer
236;2024-07-01 01:15:34.092260;0,19746002554893494;;leaky_relu;0,7093617947735009;0,6083118514501674;256;;0,16166830247646602;0,08633306425286531;0,008746277933672405;2255;17639;5161;batchnorm;;13;9,0;3,0;24,0;18,0;0,09447288603057145;;5;adam;normalizer
237;2024-07-01 01:18:56.045456;0,18927001953125;;leaky_relu;0,6921576328062409;0,5923435817694312;256;;0,1554803772542398;0,08802957973602889;0,011083217004177921;2255;17639;5161;batchnorm;;13;9,0;5,0;23,0;17,0;0,09624737645509916;;5;adam;normalizer
238;2024-07-01 01:21:25.666044;0,2891075313091278;;leaky_relu;;;128;;0,15722925381557296;0,08383002892286155;0,010834737588499913;2255;17639;5161;batchnorm;0,1131935680583128;12;9,0;5,0;23,0;17,0;0,09582115517414418;False;5;sgd;normalizer
239;2024-07-01 01:24:55.635938;0,18915000557899475;;leaky_relu;0,6883299145699856;0,5949868102968593;256;;0,1730608799849393;0,08782665175209214;0,009527849347166826;2255;17639;5161;batchnorm;;13;10,0;4,0;23,0;17,0;0,09299488011552791;;5;adam;normalizer
240;2024-07-01 01:27:13.661181;0,32653501629829407;;leaky_relu;0,655714820267495;0,5829112500654616;256;0,21724582984164495;0,1442381369351595;0,08737612226656903;0,006865545241012593;2255;17639;5161;dropout;;11;10,0;4,0;23,0;16,0;0,09329221601726968;;5;adam;normalizer
241;2024-07-01 01:29:59.097453;0,20634500682353973;;leaky_relu;0,6896518342687717;0,6099852918307382;256;;0,1847923348221159;0,08585919206383849;0,010035847593080245;2255;17639;5161;batchnorm;;13;10,0;5,0;23,0;17,0;0,09228901892162632;;5;adam;normalizer
242;2024-07-01 01:32:19.656599;0,20734000205993652;;leaky_relu;0,7075453804634774;0,5897663188195925;256;;0,12193578536108786;0,08773027937871777;0,008816709694958123;2255;17639;5161;batchnorm;;13;9,0;4,0;23,0;18,0;0,09803726545336039;;5;adam;normalizer
243;2024-07-01 01:34:52.878385;0,19242002069950104;;leaky_relu;0,7285921750922277;0,5704214918901315;256;;0,1679015200495359;0,08108658911571494;0,008054048642906517;2255;17639;5161;batchnorm;;12;10,0;6,0;24,0;17,0;0,09560304258656994;;5;adam;normalizer
244;2024-07-01 01:37:25.114827;0,35689499974250793;;leaky_relu;0,752973419440509;0,5960139159223785;256;;0,14912253275475063;0,08412145672722654;0,005785902887647345;2255;17639;5161;batchnorm;;13;9,0;3,0;22,0;19,0;0,09156737474324503;;5;adam;normalizer
245;2024-07-01 01:39:57.342963;0,19317999482154846;;leaky_relu;0,6814463365564817;0,6104706698966291;256;;0,1941038543405471;0,08856388999583928;0,011962122956896982;2255;17639;5161;batchnorm;;14;9,0;4,0;24,0;18,0;0,0947799155950881;;5;adam;normalizer
246;2024-07-01 01:42:41.052139;0,32100003957748413;;leaky_relu;0,766935630686649;0,5856259900408954;256;;0,16470201272502005;0,09042248540504007;0,009929004380960211;2255;17639;5161;batchnorm;;12;10,0;6,0;3,0;19,0;0,09318894284953065;;5;adam;normalizer
247;2024-07-01 01:44:43.291572;2,850743293762207;;leaky_relu;0,7389447589660121;0,6130018079385886;16;;0,18085945938263068;0,08568920864350087;0,05379608207247421;2255;17639;5161;batchnorm;;11;9,0;5,0;23,0;15,0;0,05077593930851117;;5;adam;normalizer
248;2024-07-01 01:51:18.396115;0,21576499938964844;;selu;0,6114176348013785;0,5689834174421053;256;;0,20273783885451088;0,08835688448433847;0,0127609427471045;2255;17639;5161;batchnorm;;14;8,0;4,0;24,0;17,0;;;5;adam;normalizer
249;2024-07-01 01:54:10.651220;0,18584498763084412;;leaky_relu;0,6883231967365966;0,638376072270154;256;;0,11170057349085788;0,07777503082234183;0,011098255170046579;2255;17639;5161;batchnorm;;10;10,0;5,0;22,0;18,0;0,09781310520478124;;5;adam;normalizer
250;2024-07-01 01:56:47.133144;0,236720010638237;;leaky_relu;0,697537851170775;0,6288262154042437;256;;0,11265334189240597;0,0904619619916578;0,006411343682219957;2255;17639;5161;batchnorm;;11;10,0;3,0;22,0;20,0;0,09768115906322265;;5;adam;normalizer
251;2024-07-01 01:59:37.601081;2,671760082244873;;leaky_relu;0,7250157189950013;0,6007065013796968;512;;0,14361970744849062;0,08255890293729337;0,8118667262205321;2255;17639;5161;batchnorm;;10;10,0;4,0;23,0;19,0;0,09987777846934366;;5;adam;normalizer
252;2024-07-01 02:01:22.669663;0,197299987077713;;leaky_relu;0,6927085190974142;0,6342525341497016;256;;0,1225403251497876;0,021689263104715903;0,009681116960466571;2255;17639;5161;batchnorm;;9;11,0;4,0;23,0;15,0;0,09633315197688115;;5;adam;normalizer
253;2024-07-01 02:03:51.688211;0,5301374793052673;;relu;0,6591137271796041;0,6196060726415233;128;;0,07924077599344011;0,07826888820073571;0,00522093503769862;2255;17639;5161;batchnorm;;12;8,0;3,0;22,0;18,0;;;5;adam;normalizer
254;2024-07-01 02:06:22.506677;0,19179001450538635;;leaky_relu;0,6856276278001382;0,5658294356030382;256;;0,17869450689076058;0,08712846385006684;0,012778768046649697;2255;17639;5161;batchnorm;;10;10,0;13,0;23,0;20,0;0,05390532345987586;;5;adam;normalizer
255;2024-07-01 02:08:32.816053;0,35661500692367554;;leaky_relu;0,670403463813971;0,6444949062341592;256;;0,15328145903051454;0,09142185223627046;0,011012937605190906;2255;17639;5161;batchnorm;;13;9,0;5,0;22,0;19,0;0,09400288118344154;;5;adam;normalizer
256;2024-07-01 02:10:56.947883;0,2879537343978882;;leaky_relu;0,7166671729641788;0,5907688937302654;64;;0,12039345101312379;0,07590955035053029;0,00789383144041513;2255;17639;5161;batchnorm;;14;11,0;7,0;24,0;17,0;0,09120508643315935;;5;adam;normalizer
257;2024-07-01 02:13:46.969246;0,19080999493598938;;leaky_relu;0,617603063714289;0,6206420973785763;256;;0,09863734569557552;0,07105268436632992;0,01313108460999306;2255;17639;5161;batchnorm;;12;9,0;4,0;27,0;9,0;0,04882438766636938;;5;adam;normalizer
258;2024-07-01 02:16:03.034651;0,20089499652385712;;leaky_relu;0,6633935945165239;0,625211095581585;256;;0,10102389579183954;0,08210675062021108;0,013042499632559946;2255;17639;5161;batchnorm;;12;9,0;4,0;27,0;16,0;0,04428090461379354;;5;adam;normalizer
259;2024-07-01 02:18:34.606667;0,246194988489151;;leaky_relu;0,6168767757761292;0,5942482399939137;256;;0,08652965512308908;0,0811141763040347;0,009291646179452068;2255;17639;5161;batchnorm;;11;8,0;5,0;26,0;18,0;0,09744825228699201;;5;adam;normalizer
260;2024-07-01 02:20:56.363232;0,2001899927854538;;leaky_relu;0,7412853033732304;0,6442006084123549;256;;0,1446968336295339;0,06695889573351044;0,014411268461702906;2255;17639;5161;batchnorm;;13;10,0;3,0;;;0,09030905522617738;;3;adam;normalizer
261;2024-07-01 02:23:43.127012;0,4525727927684784;;leaky_relu;0,7021351831078231;0,5535550530517047;32;;0,13189894014259135;0,0774283051349214;0,004323051358721189;2255;17639;5161;vanilla;;12;10,0;5,0;27,0;6,0;0,04818970981883568;;5;adam;normalizer
262;2024-07-01 02:26:13.925165;0,2028699815273285;;leaky_relu;0,6745421974661872;0,6052680928758941;256;;0,1677642427609621;0,06501818465364619;0,011547938904879103;2255;17639;5161;batchnorm;;11;8,0;4,0;26,0;9,0;0,09295919203005541;;5;adam;normalizer
263;2024-07-01 02:28:27.497468;0,5417248606681824;;leaky_relu;;;128;;0,19989111335380563;0,07947479635956425;0,010446453928944454;2255;17639;5161;batchnorm;0,00281451383215861;13;9,0;4,0;24,0;20,0;0,09612215098065181;False;5;sgd;normalizer
264;2024-07-01 02:30:55.771725;0,23830001056194305;;leaky_relu;0,6446068335268317;0,5846319986494921;256;;0,10153341305096579;0,08886628376609627;0,007379996667820348;2255;17639;5161;batchnorm;;14;9,0;6,0;25,0;19,0;0,0766066745887225;;5;adam;normalizer
265;2024-07-01 02:34:26.405645;0,20257499814033508;;leaky_relu;0,7559682462907854;0,5340725812137611;256;;0,24099091836358577;0,07304219724149276;0,045982605376723586;2255;17639;5161;batchnorm;;12;11,0;5,0;27,0;17,0;0,051436759039399635;;5;adam;normalizer
266;2024-07-01 02:36:39.444538;0,25219500064849854;;leaky_relu;0,4724316399975654;0,6603372497172275;256;;0,1286428227655295;0,08647451537060823;0,012787896007740687;2255;17639;5161;batchnorm;;13;10,0;3,0;26,0;9,0;0,08930485688933631;;5;adam;normalizer
267;2024-07-01 02:38:59.994012;0,2369299829006195;;leaky_relu;0,7284990797589773;0,6292695161575712;512;;0,20736614307359535;0,08454896036492741;0,015641762333913185;2255;17639;5161;batchnorm;;14;9,0;4,0;24,0;4,0;0,08722010761313348;;5;adam;normalizer
268;2024-07-01 02:41:16.370293;0,22392496466636658;;leaky_relu;0,7727231398001188;0,5657054736669719;256;0,3781674211301693;0,18289725578919;0,08978166685942011;0,008833964746482261;2255;17639;5161;dropout;;10;9,0;6,0;23,0;18,0;0,09451488947964153;;5;adam;minmax
269;2024-07-01 02:43:50.393034;0,19707998633384705;;leaky_relu;0,7975030143953713;0,9110811522794837;256;;0,06463804344463908;0,08809467438911982;0,013609840337876385;2255;17639;5161;batchnorm;;12;8,0;4,0;15,0;19,0;0,09150092020682034;;5;adam;normalizer
270;2024-07-01 02:46:28.982648;0,29621005058288574;;selu;0,7500669764267717;0,6205546353836887;256;;0,2193418689583704;0,07172678200500741;0,1424618019998761;2255;17639;5161;batchnorm;;11;10,0;5,0;25,0;20,0;;;5;adam;normalizer
271;2024-07-01 02:48:21.729482;0,19997000694274902;;leaky_relu;0,7693469004575804;0,5219704329594195;256;;0,24158575509046087;0,07571311131793577;0,02659623641762062;2255;17639;5161;batchnorm;;3;11,0;3,0;24,0;19,0;0,07495692551830184;;5;adam;normalizer
272;2024-07-01 02:50:42.354323;0,37380000948905945;;leaky_relu;0,7109419058860806;0,8900144685107444;128;;0,16424277355990805;0,08352163791625564;0,02249249179147875;2255;17639;5161;batchnorm;;12;9,0;4,0;26,0;21,0;0,0981223316799072;;5;adam;normalizer
273;2024-07-01 02:53:32.413629;0,19056499004364014;;leaky_relu;0,7883193054629096;0,9294374854404449;256;;0,13628243477919527;0,09151253558607018;0,011493104449963315;2255;17639;5161;batchnorm;;13;8,0;5,0;25,0;18,0;0,08666734718231438;;5;adam;normalizer
274;2024-07-01 02:57:47.385534;0,25328999757766724;;relu;0,7910223906100667;0,9471576744302158;256;;0,11164344306192858;0,08646511583355447;0,010778098684939669;2255;17639;5161;batchnorm;;13;7,0;5,0;23,0;18,0;;;5;adam;normalizer
275;2024-07-01 03:01:00.034689;0,5912150144577026;;leaky_relu;0,7352514502183136;0,9606792585170008;256;;0,14726909558920173;0,07955229158062425;0,0012106345445212108;2255;17639;5161;batchnorm;;13;8,0;6,0;25,0;12,0;0,08620205721468968;;5;adam;normalizer
276;2024-07-01 03:02:50.697029;0,3481999635696411;;leaky_relu;0,7764020765115867;0,9268682331137301;16;;0,1405538858106316;0,09118092835498079;0,011589299094311214;2255;17639;5161;batchnorm;;9;8,0;7,0;24,0;17,0;0,08876774915736571;;5;adam;normalizer
277;2024-07-01 03:09:17.537250;0,20658500492572784;;leaky_relu;0,8067580393652299;0,6044858397924678;256;;0,4054119714057509;0,07419916687889572;0,00981115740513292;2255;17639;5161;batchnorm;;14;9,0;4,0;24,0;16,0;0,09119502389494308;;5;adam;normalizer
278;2024-07-01 03:12:25.768171;0,28731000423431396;;leaky_relu;0,7552444715622295;0,5849906306881085;256;;0,1650464896918026;0,08916806240568788;0,008494325896423035;2255;17639;5161;batchnorm;;12;20,0;5,0;25,0;18,0;0,029180883772069347;;5;adam;normalizer
279;2024-07-01 03:14:30.636819;0,2017500102519989;;leaky_relu;0,7852391109256962;0,4953997660939748;256;;0,09039442817841395;0,06979874690573074;0,012796932398921813;2255;17639;5161;batchnorm;;13;8,0;16,0;23,0;18,0;0,08603761314148022;;5;adam;normalizer
280;2024-07-01 03:16:32.261042;0,19628000259399414;;leaky_relu;0,8102543776610183;0,6527516879153078;256;;0,18817861000057098;0,05137356501099751;0,04076646698328321;2255;17639;5161;batchnorm;;14;10,0;11,0;24,0;19,0;0,04943574714241604;;5;adam;normalizer
281;2024-07-01 03:19:03.540165;0,19875501096248627;;leaky_relu;0,7645545528749768;0,5576824473889925;256;;0,8711145326937468;0,0873350682872975;0,015164450931576453;2255;17639;5161;batchnorm;;21;10,0;3,0;23,0;19,0;0,04452592461109696;;5;adam;normalizer
282;2024-07-01 03:21:26.824907;0,41227999329566956;;leaky_relu;;;512;;0,12990016476066413;0,0842733129933409;0,006745559698540371;2255;17639;5161;batchnorm;0,001727341833381989;13;9,0;15,0;25,0;30,0;0,0934801327746276;True;5;sgd;maxabs
283;2024-07-01 03:23:29.869875;0,34236499667167664;;leaky_relu;0,1580334826709907;0,9817638770284348;128;;0,11079071336898828;0,05325655543939815;0,010240961191782572;2255;17639;5161;vanilla;;11;9,0;4,0;;;0,07350176191917354;;3;adam;normalizer
284;2024-07-01 03:25:26.752487;0,33008629083633423;;leaky_relu;0,6356922741530032;0,6743391636461156;64;;0,20656488049975646;0,09088694465622002;0,013276122488592864;2255;17639;5161;batchnorm;;12;7,0;5,0;24,0;20,0;0,09998509724399783;;5;adam;normalizer
285;2024-07-01 03:28:29.983548;0,19357497990131378;;leaky_relu;0,7029940857042808;0,5747755107127009;256;;0,07273583471592526;0,08595833651826576;0,011042210748921897;2255;17639;5161;batchnorm;;14;8,0;17,0;25,0;17,0;0,08970089121936546;;5;adam;normalizer
286;2024-07-01 03:31:23.783268;0,19745998084545135;;leaky_relu;0,6732108552401622;0,6349492176409269;256;;0,23103698556244445;0,08192251776981911;0,015491731958924341;2255;17639;5161;batchnorm;;20;10,0;18,0;23,0;17,0;0,09651112114796748;;5;adam;normalizer
287;2024-07-01 03:33:36.989075;0,22630496323108673;;leaky_relu;0,7229431988042194;0,6119657516627427;256;;0,15472217229253124;0,08902756986799;0,059893454254979744;2255;17639;5161;batchnorm;;13;11,0;4,0;28,0;15,0;0,08801187641191144;;5;adam;maxabs
288;2024-07-01 03:36:07.610661;0,38262003660202026;;leaky_relu;0,8317433060015129;0,5370602316762867;256;;0,05387387234325264;0,0409833100584811;0,008271446868761453;2255;17639;5161;batchnorm;;12;23,0;6,0;24,0;18,0;0,09241063166965031;;5;adam;normalizer
289;2024-07-01 03:38:32.738299;0,20310133695602417;;leaky_relu;0,7919637569714777;0,5978752036930384;32;;0,17498343995715304;0,09170742882443846;0,009353167973004247;2255;17639;5161;batchnorm;;12;21,0;3,0;22,0;20,0;0,052280217343232266;;5;adam;normalizer
290;2024-07-01 03:50:17.165075;0,20369501411914825;;leaky_relu;0,6353609630406757;0,9329603035841121;256;0,44141706470623576;0,4278329614379007;0,08772782650033992;0,01210225129969891;2255;17639;5161;dropout;;11;9,0;5,0;25,0;18,0;0,09018449458564874;;5;adam;normalizer
291;2024-07-01 03:52:14.038188;0,22033002972602844;;leaky_relu;0,6811997461733231;0,8700469980456955;256;;0,5316363368267887;0,0630018814950414;0,07251789271368617;2255;17639;5161;batchnorm;;13;10,0;4,0;26,0;19,0;0,09472455870099974;;5;adam;normalizer
292;2024-07-01 03:54:17.027188;0,21802997589111328;;selu;0,7449676445934307;0,24076619513577135;256;;0,24807720795149665;0,06002006063664985;0,014034201081976;2255;17639;5161;batchnorm;;10;9,0;5,0;23,0;16,0;;;5;adam;maxabs
293;2024-07-01 03:56:19.245212;0,43390756845474243;;leaky_relu;0,8086382469634753;0,7009419196040861;128;;0,1980847752111754;0,05715888292289864;0,0039041691801508143;2255;17639;5161;batchnorm;;29;8,0;4,0;24,0;20,0;0,08458990928637393;;5;adam;normalizer
294;2024-07-01 03:59:37.434332;0,31242501735687256;;leaky_relu;0,7752612151094583;0,6445373974400721;256;;0,10134079016988819;0,08554671732541991;0,002223548613251555;2255;17639;5161;batchnorm;;13;10,0;25,0;27,0;17,0;0,08678697899608408;;5;adam;normalizer
295;2024-07-01 04:01:28.824674;0,1953900158405304;;leaky_relu;0,6950467489529619;0,5812177794295778;256;;0,6286624438318434;0,08991748589102225;0,01718321232219166;2255;17639;5161;batchnorm;;20;9,0;5,0;25,0;19,0;0,08127232451570882;;5;adam;normalizer
296;2024-07-01 04:04:10.124436;1,3735949993133545;;leaky_relu;0,7223907704621517;0,6195992563012689;256;;0,2737570498726164;0,07737803496730643;0,0060891870138709975;2255;17639;5161;batchnorm;;14;11,0;4,0;6,0;;0,04130095891742191;;4;adam;normalizer
297;2024-07-01 04:06:32.809567;0,20991000533103943;;leaky_relu;0,8266467185595212;0,5501663818273144;256;;0,583510453586538;0,08049730369792246;0,0113114771834081;2255;17639;5161;batchnorm;;11;8,0;3,0;22,0;19,0;0,09277530028582075;;5;adam;maxabs
298;2024-07-01 04:09:21.697024;0,3131600022315979;;relu;0,760269802027861;0,5085625215708175;512;;0,39483089911364083;0,09285428768982215;0,0028537858428214036;2255;17639;5161;batchnorm;;12;3,0;18,0;24,0;18,0;;;5;adam;normalizer
299;2024-07-01 04:11:07.875293;0,8252650499343872;;leaky_relu;0,7872781920160747;0,7335667663098864;256;;0,14835165678130716;0,08443026658755547;0,0014989610116389832;2255;17639;5161;batchnorm;;20;7,0;6,0;23,0;20,0;0,08840952252576223;;5;adam;normalizer
300;2024-07-01 04:13:44.531996;0,19524499773979187;;leaky_relu;0,5873286136445695;0,659901169378923;256;;0,12620788361859214;0,08791411637647209;0,007458107753051941;2255;17639;5161;batchnorm;;21;;;;;0,054077827534228476;;1;adam;normalizer
301;2024-07-01 04:15:27.722706;0,3086499869823456;;leaky_relu;;;256;;0,2119095906332864;0,06776639270059015;0,02972421111322355;2255;17639;5161;batchnorm;0,0015581160502929744;14;9,0;25,0;27,0;17,0;0,04773958893844331;False;5;sgd;normalizer
302;2024-07-01 04:17:17.982392;0,20859000086784363;;leaky_relu;0,6742068816354255;0,5757025419860015;256;;0,25648430534101896;0,08992717379132657;0,01320209125989327;2255;17639;5161;batchnorm;;5;10,0;17,0;19,0;21,0;0,057315884116254816;;5;adam;maxabs
303;2024-07-01 04:20:04.091800;0,4077099859714508;;leaky_relu;0,6616119833940125;0,7632615376114498;128;;0,4494530962280847;0,08325710297644424;0,009333469063212833;2255;17639;5161;batchnorm;;13;8,0;5,0;28,0;;0,09105424644159871;;4;adam;normalizer
304;2024-07-01 04:22:12.309742;0,6251117587089539;;leaky_relu;0,7387800415857309;0,6018639639250356;16;;0,18292514625500206;0,09192235423645861;0,015821608819164966;2255;17639;5161;batchnorm;;12;18,0;14,0;24,0;16,0;0,09529285868049511;;5;adam;normalizer
305;2024-07-01 04:28:44.728842;0,1871350109577179;;leaky_relu;0,808484212839602;0,6321847916125245;256;;0,2756342176804673;0,08712186557993852;0,010673071961698413;2255;17639;5161;batchnorm;;13;9,0;4,0;25,0;18,0;0,09823474506353086;;5;adam;normalizer
306;2024-07-01 04:31:14.353713;0,26010000705718994;;leaky_relu;0,8139381216650494;0,6345583024528736;256;;0,36840567199476754;0,08566277279900358;0,010590484666879028;2255;17639;5161;batchnorm;;13;9,0;;;;0,09863119907779935;;2;adam;normalizer
307;2024-07-01 04:33:17.056597;0,5211800336837769;;leaky_relu;0,7958913615321261;0,6736983436011651;256;;0,28524401079852185;0,08746429047631013;0,013603086510067678;2255;17639;5161;vanilla;;12;8,0;4,0;21,0;19,0;0,09729864137783623;;5;adam;maxabs
308;2024-07-01 04:35:02.879314;0,19698497653007507;;leaky_relu;0,8276619190794333;0,6170389148451617;256;;0,5039278537981011;0,08955775310035081;0,01194614187318514;2255;17639;5161;batchnorm;;13;9,0;3,0;26,0;18,0;0,08354481291321324;;5;adam;normalizer
309;2024-07-01 04:37:47.641371;0,2936149537563324;;leaky_relu;0,7664610808541273;0,8759274747335365;256;;0,41949227894941016;0,08697844567548042;0,02056858795586864;2255;17639;5161;batchnorm;;10;7,0;4,0;23,0;22,0;0,04602327065921577;;5;adam;normalizer
310;2024-07-01 04:39:58.332614;0,3253050148487091;;leaky_relu;0,8423389431832761;0,6445788847590616;256;;0,16923076641327822;0,009068688458383885;0,009823252453385504;2255;17639;5161;batchnorm;;11;8,0;5,0;24,0;;0,09866316461280861;;4;adam;normalizer
311;2024-07-01 04:42:34.655977;0,1919899880886078;;leaky_relu;0,8081993140256662;0,5606146230910972;256;;0,28000202307075983;0,08230095486474903;0,016965100543583068;2255;17639;5161;batchnorm;;13;22,0;3,0;25,0;20,0;0,0960525338731385;;5;adam;normalizer
312;2024-07-01 04:44:48.552921;0,2230849713087082;;leaky_relu;0,7778249728241535;0,91321235417648;256;;0,13511595815421118;0,03201731848015724;0,01190430256878535;2255;17639;5161;batchnorm;;14;10,0;4,0;23,0;17,0;0,08739933030345041;;5;adam;maxabs
313;2024-07-01 04:47:11.633160;0,19729498028755188;;leaky_relu;0,6914096516621993;0,5910832515210686;256;;0,5509657795743361;0,08873746242228123;0,01444752425817768;2255;17639;5161;batchnorm;;12;9,0;10,0;26,0;9,0;0,05071498869528268;;5;adam;normalizer
314;2024-07-01 04:49:26.539099;0,4342450499534607;;leaky_relu;0,628052901779123;0,6139967286846262;256;0,18135684720442172;0,2296388633538284;0,09080279233536828;0,008732591252228509;2255;17639;5161;dropout;;19;9,0;18,0;22,0;18,0;0,07141686443450523;;5;adam;normalizer
315;2024-07-01 04:51:32.632862;0,2508099675178528;;selu;0,7431287133795071;0,5375957797333141;256;;0,09152261511434232;0,0850405965483708;0,010725634486160204;2255;17639;5161;batchnorm;;21;19,0;5,0;27,0;;;;4;adam;normalizer
316;2024-07-01 04:53:54.448119;0,21920502185821533;;leaky_relu;0,6059465850665589;0,6304906863641205;64;;0,5696839697766968;0,07866201631691173;0,037233142893545755;2255;17639;5161;batchnorm;;14;11,0;4,0;24,0;19,0;0,07952127166147699;;5;adam;normalizer
317;2024-07-01 04:57:58.669885;0,19734999537467957;;leaky_relu;0,6381431591928498;0,6579263224931413;256;;0,39654851221709064;0,06914160553757262;0,018976752516330245;2255;17639;5161;batchnorm;;13;7,0;19,0;25,0;21,0;0,08975564563578683;;5;adam;maxabs
318;2024-07-01 05:00:25.303119;0,33403000235557556;;leaky_relu;0,6577649809697286;0,8934850988721634;256;;0,47306790305479557;0,09299134135096385;0,012846467212234187;2255;17639;5161;batchnorm;;12;8,0;6,0;;;0,04911630620813303;;3;adam;normalizer
319;2024-07-01 05:02:17.581109;1,0521899461746216;;relu;0,7097871854663773;0,9961579534053937;512;;0,11600712038351625;0,07070129126153163;0,051128083913297866;2255;17639;5161;batchnorm;;11;10,0;7,0;23,0;4,0;;;5;adam;normalizer
320;2024-07-01 05:04:11.272862;0,38540494441986084;;leaky_relu;0,8662969093466935;0,594799745432161;256;;0,5956410707269095;0,08711178176228472;0,0019445571476783138;2255;17639;5161;batchnorm;;22;9,0;4,0;10,0;20,0;0,05517712289401588;;5;adam;normalizer
321;2024-07-01 05:06:06.951552;0,189534991979599;;leaky_relu;0,7934456852790763;0,6828634846919384;256;;0,264360712843826;0,08352516665289857;0,022935634128890495;2255;17639;5161;batchnorm;;13;11,0;3,0;25,0;18,0;0,09406877910886614;;5;adam;normalizer
322;2024-07-01 05:08:10.446063;0,24467580020427704;;leaky_relu;0,8008047878444666;0,6916612736289939;32;;0,2718303561695675;0,08137329864341072;0,025384024115817087;2255;17639;5161;batchnorm;;13;11,0;3,0;26,0;;0,09411761693867875;;4;adam;maxabs
323;2024-07-01 05:12:17.656855;0,47725996375083923;;leaky_relu;;;256;;0,24273278839806406;0,08445475150574105;0,02152003739224917;2255;17639;5161;batchnorm;0,9884049458815094;14;8,0;3,0;25,0;17,0;0,03822182744558539;False;5;sgd;normalizer
324;2024-07-01 05:14:17.730377;0,3871549963951111;;leaky_relu;0,8421538815438248;0,9645031181464477;256;;0,21881838456665217;0,07277728001566647;0,024505308512500677;2255;17639;5161;batchnorm;;19;20,0;26,0;26,0;16,0;0,020588810964380568;;5;adam;normalizer
325;2024-07-01 05:16:46.317299;0,21045000851154327;;leaky_relu;0,8158500794975672;0,7186490626164386;256;;0,2606789467323625;0,08287135598536569;0,01825723625911178;2255;17639;5161;batchnorm;;9;11,0;3,0;25,0;18,0;0,0980608708936029;;5;adam;normalizer
326;2024-07-01 05:18:45.770579;0,1925250142812729;;leaky_relu;0,7826790686118752;0,6824356231200951;256;;0,2832394747940549;0,09141056770030463;0,015983571404361834;2255;17639;5161;batchnorm;;14;9,0;26,0;24,0;18,0;0,09372718511710226;;5;adam;normalizer
327;2024-07-01 05:21:14.659810;0,2094849795103073;;leaky_relu;0,8282610914570787;0,6680214154669715;256;;0,36252890158841417;0,08046687948958081;0,032376292345699345;2255;17639;5161;batchnorm;;15;10,0;5,0;25,0;19,0;0,09676672516513558;;5;adam;maxabs
328;2024-07-01 05:23:29.607951;0,3312250077724457;;leaky_relu;0,8495486627579519;0,649665561531335;256;;0,23879264925435442;0,07646136859053326;0,021391844510641873;2255;17639;5161;vanilla;;13;10,0;27,0;24,0;;0,08514372460678885;;4;adam;normalizer
329;2024-07-01 05:25:20.077355;0,2586049735546112;;leaky_relu;0,5342734366362458;0,8593960682115249;256;;0,26461250500539024;0,07494083624699754;0,008227211606521364;2255;17639;5161;batchnorm;;20;9,0;19,0;27,0;17,0;0,09187606803127286;;5;adam;normalizer
330;2024-07-01 05:27:51.621226;0,18792501091957092;;leaky_relu;0,8059603527358341;0,9145082176901878;256;;0,535380991807534;0,08893398997482413;0,01003463396694212;2255;17639;5161;batchnorm;;13;9,0;3,0;26,0;18,0;0,09953654715888902;;5;adam;normalizer
331;2024-07-01 05:30:32.385878;0,4947599768638611;;leaky_relu;0,7954474405512362;0,920989376330854;512;;0,5644604890916829;0,08929553754487939;0,009538348457336284;2255;17639;5161;batchnorm;;13;8,0;3,0;26,0;18,0;0,09852607169429974;;5;adam;normalizer
332;2024-07-01 05:32:37.666121;0,19291003048419952;;leaky_relu;0,5678297470657381;0,9229001545593494;256;;0,19651909335336898;0,08592731069624515;0,010369532815586066;2255;17639;5161;batchnorm;;14;9,0;3,0;27,0;19,0;0,07610563143708607;;5;adam;normalizer
333;2024-07-01 05:35:37.429640;0,23732499778270721;;leaky_relu;0,8061568787025696;0,9441313332136373;256;;0,4877467638172835;0,08854149525915685;0,00851080223772663;2255;17639;5161;batchnorm;;12;8,0;4,0;26,0;18,0;0,09999929252033149;;5;adam;normalizer
334;2024-07-01 05:38:09.746591;0,1859849989414215;;leaky_relu;0,7772526845724588;0,8878301949390665;256;;0,5416616053178134;0,0724752114090354;0,011107855887118169;2255;17639;5161;batchnorm;;13;10,0;3,0;25,0;10,0;0,09611517145702268;;5;adam;normalizer
335;2024-07-01 05:40:25.870878;0,2539849877357483;;leaky_relu;0,7868455992599441;0,9052187790546252;256;;0,6064905481092072;0,083706532530821;0,010435053569234416;2255;17639;5161;batchnorm;;13;11,0;3,0;25,0;17,0;0,09513040674946138;;5;adam;normalizer
336;2024-07-01 05:43:22.178770;0,9700625538825989;;leaky_relu;0,7709378181169589;0,8791903160313294;16;0,2860982018110806;0,5211531598826286;0,047567665996916;0,009441652032633915;2255;17639;5161;dropout;;14;10,0;3,0;25,0;18,0;0,09560292842263361;;5;adam;normalizer
337;2024-07-01 05:48:28.890781;0,4217750132083893;;leaky_relu;0,8285797177882108;0,887687017395117;256;;0,5212562082778159;0,09384450538723582;0,007439468323053648;2255;17639;5161;batchnorm;;13;11,0;3,0;25,0;19,0;0,09994871237656514;;5;adam;normalizer
338;2024-07-01 05:50:37.752857;0,22051000595092773;;selu;0,7558959564504079;0,8657916601177714;256;;0,5221583133803949;0,07908472613774395;0,011114816636902511;2255;17639;5161;batchnorm;;13;10,0;25,0;26,0;11,0;;;5;adam;normalizer
339;2024-07-01 05:53:11.353010;0,19963999092578888;;leaky_relu;0,8125002875931422;0,9391916644766335;256;;0,5589070341770644;0,08612248254393559;0,028865383806786337;2255;17639;5161;batchnorm;;15;10,0;22,0;24,0;17,0;0,09704036441020986;;5;adam;normalizer
340;2024-07-01 05:57:13.140691;0,31917503476142883;;leaky_relu;0,7903088773537063;0,90275065653003;256;;0,5365556237206185;0,09067315302700278;0,007867873993004001;2255;17639;5161;batchnorm;;14;7,0;4,0;24,0;18,0;0,09396626318840746;;5;adam;normalizer
341;2024-07-01 05:59:20.129140;0,349494993686676;;leaky_relu;;;256;;0,5378037870763831;0,08821465983662735;0,011647652367436102;2255;17639;5161;batchnorm;0,019347010731210503;13;21,0;24,0;25,0;16,0;0,07329187732063204;True;5;sgd;normalizer
342;2024-07-01 06:01:23.691229;0,20060500502586365;;leaky_relu;0,7835097597438037;0,8462627924742725;256;;0,31003305920516333;0,08390390833247768;0,014452251776345409;2255;17639;5161;batchnorm;;8;9,0;3,0;25,0;20,0;0,09720071959580041;;5;adam;minmax
343;2024-07-01 06:04:21.184320;0,2748200297355652;;leaky_relu;0,7291897337642904;0,5127226963359044;256;;0,5485772578947836;0,09265748293798333;0,08086706270600018;2255;17639;5161;batchnorm;;12;10,0;26,0;26,0;19,0;0,05663749584930563;;5;adam;normalizer
344;2024-07-01 06:06:30.479722;0,201090008020401;;leaky_relu;0,7599447202327358;0,8924667470485151;64;;0,6715243365939969;0,0899362348886378;0,14793341379527136;2255;17639;5161;batchnorm;;13;9,0;4,0;24,0;18,0;0,06091284945221465;;5;adam;normalizer
345;2024-07-01 06:09:43.726645;0,47433000802993774;;leaky_relu;0,4496961730646635;0,7719534463987284;256;;0,5050474129086673;0,08607858617415304;0,00951229050225371;2255;17639;5161;batchnorm;;14;8,0;5,0;25,0;19,0;0,09255683129274671;;5;adam;normalizer
346;2024-07-01 06:11:54.319190;0,60903000831604;;relu;0,8165959794743689;0,7552971006634759;512;;0,22231663562512652;0,054115718508507785;0,011571917262485734;2255;17639;5161;batchnorm;;14;11,0;3,0;24,0;21,0;;;5;adam;normalizer
347;2024-07-01 06:13:35.565986;0,27046000957489014;;leaky_relu;0,835417595383205;0,9742895225055246;256;;0,297492483541006;0,07503140593827719;0,014988274575155853;2255;17639;5161;batchnorm;;12;9,0;25,0;24,0;22,0;0,08230210551717189;;5;adam;normalizer
348;2024-07-01 06:16:29.186920;0,23476500809192657;;leaky_relu;0,7983259587943728;0,926601111449632;256;;0,2554306121117126;0,08227495940187823;0,06038684511028932;2255;17639;5161;batchnorm;;13;11,0;6,0;26,0;17,0;0,0958762141634124;;5;adam;normalizer
349;2024-07-01 06:18:37.269221;0,23194648325443268;;leaky_relu;0,772329010251746;0,8738584789141444;32;;0,2797775300098889;0,0884083830354073;0,008823611451128088;2255;17639;5161;batchnorm;;13;10,0;4,0;25,0;19,0;0,062311894765302495;;5;adam;normalizer
350;2024-07-01 06:28:19.752836;0,9659050703048706;;leaky_relu;0,8733985077268567;0,4810711628537864;256;;0,18824809375944723;0,09469417340911672;0,0034114571345175535;2255;17639;5161;batchnorm;;11;9,0;27,0;23,0;15,0;0,08669004165341761;;5;adam;minmax
351;2024-07-01 06:30:10.565318;0,38356998562812805;;leaky_relu;0,8524688359905268;0,5482216967549933;256;;0,5420062519704926;0,09136256208711913;0,012512112320358116;2255;17639;5161;batchnorm;;15;8,0;23,0;24,0;18,0;0,09115656997886755;;5;adam;normalizer
352;2024-07-01 06:32:43.027028;0,19339001178741455;;leaky_relu;0,7453556443620464;0,8291019228307597;256;;0,2095756391795601;0,06409409657542638;0,010442366380506067;2255;17639;5161;batchnorm;;10;12,0;16,0;25,0;20,0;0,07806459091092523;;5;adam;normalizer
353;2024-07-01 06:35:37.494555;0,504520058631897;;leaky_relu;0,816273095955662;0,7085928007077695;256;;0,24291356960675636;0,06759933005013548;0,013635146649729106;2255;17639;5161;vanilla;;14;8,0;5,0;26,0;17,0;0,05282056242049553;;5;adam;normalizer
354;2024-07-01 06:37:22.883578;10771,8935546875;;leaky_relu;0,7762893520747165;0,010044439019991691;256;;0,34377196565102003;0,08498049508919078;0,04684519542555014;2255;17639;5161;batchnorm;;13;22,0;4,0;;;0,0887149284783028;;3;adam;normalizer
355;2024-07-01 06:39:09.695522;0,1974249929189682;;leaky_relu;0,7157227001105655;0,7797011497587834;256;;0,5774667374311762;0,0497440983315921;0,015881667570888672;2255;17639;5161;batchnorm;;27;18,0;3,0;23,0;14,0;0,09372190479638175;;5;adam;normalizer
356;2024-07-01 06:42:43.456205;0,1914999783039093;;leaky_relu;0,7979601046173268;0,564365676198026;256;;0,16013153410498523;0,07256713086213824;0,023029720007253007;2255;17639;5161;batchnorm;;12;10,0;26,0;25,0;21,0;0,09831606833506529;;5;adam;normalizer
357;2024-07-01 06:45:02.112312;0,6076699495315552;;leaky_relu;0,836850222641955;0,9570731777887754;256;;0,29209618897915746;0,08767522257433122;0,0017170412285821524;2255;17639;5161;batchnorm;;12;10,0;25,0;24,0;16,0;0,08512175491142376;;5;adam;normalizer
358;2024-07-01 06:46:55.069621;0,20660002529621124;;leaky_relu;0,7350444519041553;0,9098863520463372;256;;0,37863216658854976;0,07712533542290671;0,007359424198396406;2255;17639;5161;batchnorm;;13;9,0;26,0;22,0;20,0;0,0907016412669522;;5;adam;normalizer
359;2024-07-01 06:51:10.958486;0,3919999897480011;;leaky_relu;0,9059794256945944;0,7363134248749929;512;;0,2679563750052699;0,09018367207008329;0,009809285389118218;2255;17639;5161;batchnorm;;11;7,0;5,0;26,0;19,0;0,09515688466928823;;5;adam;normalizer
360;2024-07-01 06:53:09.939905;0,5661100149154663;;selu;;;256;0,33439250427411016;0,17778398964286024;0,09368405795677066;0,02710379371392951;2255;17639;5161;dropout;0,07068122407033743;14;9,0;4,0;14,0;18,0;;False;5;sgd;normalizer
361;2024-07-01 06:55:29.067501;0,46822500228881836;;leaky_relu;0,7596142885662795;0,8155982997856367;256;;0,4529675032078714;0,08375127310187729;0,005390476735736626;2255;17639;5161;batchnorm;;12;10,0;24,0;23,0;19,0;0,06368671068136239;;5;adam;minmax
362;2024-07-01 06:58:21.804024;0,21151451766490936;;leaky_relu;0,8647798167683967;0,5665328941696468;16;;0,22775524803273753;0,06109929878188548;0,018741261574771424;2255;17639;5161;batchnorm;;19;19,0;3,0;24,0;17,0;0,08802220671557555;;5;adam;normalizer
363;2024-07-01 07:05:06.208520;0,1963300108909607;;leaky_relu;0,6506164077719475;0,8582624814952513;256;;0,500018516976224;0,07995860393515815;0,011523638800194492;2255;17639;5161;batchnorm;;15;8,0;4,0;18,0;18,0;0,08007295741083786;;5;adam;normalizer
364;2024-07-01 07:08:05.513346;0,20030498504638672;;leaky_relu;0,8053986570680177;0,5404745902848874;256;;0,995691132388568;0,08657227309693195;0,013509481077908848;2255;17639;5161;batchnorm;;13;23,0;3,0;25,0;20,0;0,09301273485111833;;5;adam;normalizer
365;2024-07-01 07:10:14.877771;0,21063002943992615;;relu;0,9793255514934847;0,8881295174881646;256;;0,3106654915920232;0,09298239597194835;0,03866180567534034;2255;17639;5161;batchnorm;;14;11,0;21,0;23,0;18,0;;;5;adam;normalizer
366;2024-07-01 07:12:10.336530;0,20338496565818787;;leaky_relu;0,692057695783042;0,6843443742375158;256;;0,5656326871921046;0,059778330639010356;0,008323862122077832;2255;17639;5161;batchnorm;;9;24,0;28,0;27,0;19,0;0,09748480119145132;;5;adam;normalizer
367;2024-07-01 07:14:58.975214;0,20756499469280243;;leaky_relu;0,7805797808181179;0,5796022804769411;256;;0,4349637891954209;0,018569822753162178;0,016779425054137452;2255;17639;5161;batchnorm;;12;7,0;7,0;24,0;22,0;0,08625630339902855;;5;adam;normalizer
368;2024-07-01 07:16:58.553583;0,1944049894809723;;leaky_relu;0,8268720166891987;0,6011592902341504;256;;0,20681333042788697;0,0321516715271839;0,03322910732903584;2255;17639;5161;batchnorm;;19;9,0;5,0;24,0;17,0;0,059130082983453604;;5;adam;normalizer
369;2024-07-01 07:19:19.629379;0,19211000204086304;;leaky_relu;0,7995186992170386;0,7887783825975607;256;;0,2532088546425896;0,08898835109674838;0,01062641874697531;2255;17639;5161;batchnorm;;13;9,0;27,0;26,0;18,0;0,08298267919291986;;5;adam;normalizer
370;2024-07-01 07:22:23.804099;0,23560500144958496;;leaky_relu;0,9511215674616711;0,941860617884287;256;;0,2792362216275677;0,09664652939105978;0,012207763030820154;2255;17639;5161;batchnorm;;11;10,0;25,0;25,0;21,0;0,07483648590159128;;5;adam;maxabs
371;2024-07-01 07:24:25.001855;0,21097497642040253;;leaky_relu;0,7567411484193465;0,179006545650839;256;;0,35540916887413426;0,08135346165018421;0,014554729199220236;2255;17639;5161;batchnorm;;14;8,0;4,0;25,0;16,0;0,09993326211591924;;5;adam;normalizer
372;2024-07-01 07:26:20.177155;0,2320299595594406;;leaky_relu;0,8447726690738071;0,7500820859384203;64;;0,1631228911289486;0,09212059695158181;0,009278406058912343;2255;17639;5161;batchnorm;;13;12,0;12,0;23,0;28,0;0,08998150329191576;;5;adam;normalizer
373;2024-07-01 07:31:45.010659;0,2719699740409851;;leaky_relu;0,8808801839285391;0,631508910071466;512;;0,6097340788866747;0,08529015299821878;0,018777758255139363;2255;17639;5161;batchnorm;;15;10,0;26,0;22,0;7,0;0,0923484133886325;;5;adam;minmax
374;2024-07-01 07:35:30.803040;0,2600150406360626;;leaky_relu;0,7230161050440147;0,5226086919346709;256;;0,19195008521455795;0,08714872763424975;0,0046657938004774965;2255;17639;5161;vanilla;;12;9,0;6,0;24,0;19,0;0,09610750445040635;;5;adam;normalizer
375;2024-07-01 07:37:16.293965;0,21843288838863373;;leaky_relu;0,5930218599675411;0,8538994515824495;32;;0,47873681688432607;0,09063589919980304;0,012780376700374388;2255;17639;5161;batchnorm;;13;9,0;4,0;21,0;20,0;0,05803526954752848;;5;adam;normalizer
376;2024-07-01 07:43:02.374494;0,26720502972602844;;leaky_relu;0,6781235829515952;0,7232939814831452;256;;0,23625510935601035;0,005299814733552732;0,006791155255283676;2255;17639;5161;batchnorm;;12;11,0;15,0;26,0;;0,08842373418219068;;4;adam;normalizer
377;2024-07-01 07:46:06.661561;0,19319000840187073;;leaky_relu;0,8173888937664421;0,6102348224440145;256;;0,40510984765354624;0,09446307763733366;0,010703360925560691;2255;17639;5161;batchnorm;;21;8,0;3,0;28,0;18,0;0,09452431037936682;;5;adam;maxabs
378;2024-07-01 07:48:39.065860;0,39662501215934753;;leaky_relu;0,03564268061886949;0,41064176663242424;256;;0,31757336848871476;0,0627859964988743;0,02438786320658332;2255;17639;5161;batchnorm;;20;10,0;;;;0,055920720921159454;;2;adam;normalizer
379;2024-07-01 07:50:26.448307;0,19028998911380768;;leaky_relu;0,7764489739328987;0,8293261695956129;256;;0,5838109860241909;0,0887384970593337;0,014886963843386197;2255;17639;5161;batchnorm;;13;9,0;5,0;27,0;10,0;0,09139036826501387;;5;adam;normalizer
380;2024-07-01 07:52:38.231705;0,24116000533103943;;leaky_relu;;;256;;0,5639729349403168;0,09026273013622498;0,016111302143364502;2255;17639;5161;batchnorm;0,0017114962845124965;14;8,0;6,0;27,0;10,0;0,06771544633855171;True;5;sgd;normalizer
381;2024-07-01 07:54:36.658380;0,24167998135089874;;leaky_relu;0,7680127450258732;0,8179992351397103;256;0,39988925113419377;0,5436936164538623;0,09825028227680924;0,019855792758453377;2255;17639;5161;dropout;;10;10,0;5,0;27,0;21,0;0,09131045858951994;;5;adam;normalizer
382;2024-07-01 07:56:52.496148;0,19434000551700592;;leaky_relu;0,7853013029088628;0,7963403449267886;256;;0,5950217972461261;0,05755623778477256;0,01531725632420608;2255;17639;5161;batchnorm;;22;13,0;25,0;28,0;11,0;0,08698036073918779;;5;adam;normalizer
383;2024-07-01 07:59:11.782281;0,19978000223636627;;selu;0,7457358991429776;0,8779615272851582;256;;0,29487677085523084;0,014012003498190997;0,02128367348824488;2255;17639;5161;batchnorm;;11;9,0;24,0;26,0;12,0;;;5;adam;maxabs
384;2024-07-01 08:01:53.144328;0,19293753802776337;;leaky_relu;0,9248363379131872;0,8350817356416492;128;;0,5806388741743014;0,09560027832962367;0,017339307303661993;2255;17639;5161;batchnorm;;12;17,0;26,0;17,0;10,0;0,08411401907908693;;5;adam;normalizer
385;2024-07-01 08:05:08.971452;0,2499299943447113;;leaky_relu;0,7881853769815568;0,834568461588009;256;;0,26250956088517957;0,08872265851845591;0,04277424920930314;2255;17639;5161;batchnorm;;13;7,0;23,0;26,0;;0,0893382899485732;;4;adam;minmax
386;2024-07-01 08:07:00.075705;0,5339950323104858;;leaky_relu;0,3949538229285753;0,7744470205032681;256;;0,5173460326858702;0,08295009656096847;0,0023270375493782552;2255;17639;5161;batchnorm;;14;10,0;5,0;27,0;20,0;0,05316446450271494;;5;adam;normalizer
387;2024-07-01 08:08:53.037436;0,2633800208568573;;leaky_relu;0,80966559798134;0,9162198923516205;256;;0,7549210862772966;0,06950861958700907;0,001176012700600915;2255;17639;5161;batchnorm;;18;11,0;20,0;25,0;23,0;0,0918569241586756;;5;adam;normalizer
388;2024-07-01 08:10:51.463793;0,3339900076389313;;leaky_relu;0,7674401952662075;0,3664888342515488;512;;0,5503362914087805;0,09271157670924812;0,013771828957993126;2255;17639;5161;batchnorm;;19;12,0;5,0;;;0,09726759700511649;;3;adam;normalizer
389;2024-07-01 08:12:32.002158;0,2163650095462799;;relu;0,8592849760748718;0,8548092950577317;256;;0,32948195455304174;0,0728701060641666;0,31209836298366755;2255;17639;5161;batchnorm;;13;8,0;25,0;22,0;10,0;;;5;adam;normalizer
390;2024-07-01 08:14:54.768961;0,25146499276161194;;leaky_relu;0,8386260077958703;0,7009704329158958;256;;0,6049907594283327;0,08557056500566508;0,05784933458857869;2255;17639;5161;batchnorm;;20;9,0;27,0;28,0;19,0;0,08943170283702247;;5;adam;maxabs
391;2024-07-01 08:16:51.609798;0,19035999476909637;;leaky_relu;0,8001155425539765;0,8161405815627937;256;;0,5793856701477978;0,056095669409592264;0,012020939617095288;2255;17639;5161;batchnorm;;23;8,0;19,0;26,0;8,0;0,07111520999982415;;5;adam;normalizer
392;2024-07-01 08:19:37.700351;0,652217447757721;;leaky_relu;0,7979724716602614;0,8080787067230834;16;;0,5819260220751921;0,04970791342654623;0,00882598337480913;2255;17639;5161;batchnorm;;23;7,0;19,0;26,0;8,0;0,0808083624748877;;5;adam;normalizer
393;2024-07-01 08:26:31.135735;0,20365500450134277;;leaky_relu;0,7850504130262393;0,8263269489999289;256;;0,6258147012339472;0,07964337479455855;0,011991835756381516;2255;17639;5161;batchnorm;;24;8,0;19,0;27,0;;0,07814591625496609;;4;adam;normalizer
394;2024-07-01 08:29:41.001947;0,19409999251365662;;leaky_relu;0,8192387755199637;0,7906025448262591;256;;0,575607136059678;0,052293471594636556;0,0275971913067416;2255;17639;5161;batchnorm;;19;8,0;20,0;26,0;12,0;0,08628601691531437;;5;adam;normalizer
395;2024-07-01 08:31:57.707566;0,1941550076007843;;leaky_relu;0,7466646322768187;0,6659521850460579;256;;0,5928396935433545;0,08844680492803536;0,009676510687588924;2255;17639;5161;batchnorm;;23;9,0;8,0;27,0;8,0;0,09317089486099638;;5;adam;normalizer
396;2024-07-01 08:34:28.176947;0,8591399192810059;;leaky_relu;0,24799560467670761;0,812603776123724;256;;0,43816158158149127;0,06340609971532671;0,06485459758631061;2255;17639;5161;batchnorm;;25;8,0;18,0;25,0;6,0;0,067462157777434;;5;adam;maxabs
397;2024-07-01 08:36:27.176349;0,5722600221633911;;leaky_relu;0,7677183928231264;0,7577163604661137;256;;0,23002508061252197;0,0779650353485931;0,012743191797153728;2255;17639;5161;vanilla;;15;9,0;22,0;26,0;3,0;0,09055176664509658;;5;adam;normalizer
398;2024-07-01 08:38:12.414729;0,5942711234092712;;leaky_relu;0,8026917458118791;0,8434001887253763;64;;0,536378840250322;0,07452318514496079;0,011239329135770467;2255;17639;5161;batchnorm;;14;10,0;19,0;25,0;7,0;0,07194478636625766;;5;adam;normalizer
399;2024-07-01 08:42:13.851434;0,8081949353218079;;leaky_relu;;;256;;0,5605899694269951;0,052392672814497325;0,007873437029206188;2255;17639;5161;batchnorm;0,032949840335671866;24;11,0;14,0;27,0;5,0;0,06152016029032277;False;5;sgd;minmax
400;2024-07-01 08:44:41.636903;0,25462251901626587;;leaky_relu;0,7821442525713419;0,7766470231234879;128;;0,4608664072348818;0,06179531331073429;0,014620173105338738;2255;17639;5161;batchnorm;;24;7,0;5,0;26,0;;0,07123970847079494;;4;adam;normalizer
401;2024-07-01 08:48:10.490705;0,1891300082206726;;leaky_relu;0,5752051693980974;0,6469345492488933;256;;0,41320142557989903;0,04741127596946294;0,009846404575176146;2255;17639;5161;batchnorm;;21;10,0;18,0;25,0;8,0;0,07679001437461766;;5;adam;normalizer
402;2024-07-01 08:50:57.604545;0,20018498599529266;;leaky_relu;0,6420992255559946;0,6492548935654058;256;;0,4261834906633064;0,043136325869885125;0,008882493688173135;2255;17639;5161;batchnorm;;21;10,0;17,0;26,0;8,0;0,095392970378222;;5;adam;normalizer
403;2024-07-01 08:53:38.687842;0,2860006093978882;;leaky_relu;0,5584778686047442;0,6312593552915379;32;;0,40293601969704096;0,06565246865637069;0,007447809688506665;2255;17639;5161;batchnorm;;22;11,0;18,0;25,0;8,0;0,07625914157232855;;5;adam;normalizer
404;2024-07-01 08:59:14.569873;0,43768495321273804;;leaky_relu;0,593084906897895;0,6741829995831745;256;;0,2123991711039499;0,060345038621329616;0,010274617349216567;2255;17639;5161;batchnorm;;21;;;;;0,07296567726147173;;1;adam;maxabs
405;2024-07-01 09:01:00.826879;0,3308800160884857;;leaky_relu;0,510105010028364;0,5548336559598681;512;0,21586145310756388;0,24425306440419087;0,0587800732152493;0,005755015168883801;2255;17639;5161;dropout;;20;10,0;18,0;24,0;7,0;0,07872691214364885;;5;adam;normalizer
406;2024-07-01 09:04:58.050129;0,4811049997806549;;selu;0,6281122911066238;0,6610154074595063;256;;0,41347882628037913;0,04849786510772215;0,00156897610889578;2255;17639;5161;batchnorm;;23;9,0;19,0;25,0;9,0;;;5;adam;normalizer
407;2024-07-01 09:06:45.533097;0,3237450420856476;;leaky_relu;0,4864299593858181;0,5796233377440706;256;;0,27337963920968494;0,054414268464020414;0,0031315268664788825;2255;17639;5161;batchnorm;;21;10,0;20,0;26,0;;0,07020510100594428;;4;adam;normalizer
408;2024-07-01 09:08:30.864964;0,1949400007724762;;leaky_relu;0,5221678341965792;0,7197157580798681;256;;0,6506899704999124;0,04530373178238452;0,022540246534552964;2255;17639;5161;batchnorm;;19;9,0;17,0;28,0;8,0;0,09871557758043728;;5;adam;normalizer
409;2024-07-01 09:10:36.749037;0,2040800154209137;;leaky_relu;0,5496805314227197;0,6452855267310661;256;;0,39581112764473236;0,050122803378724906;0,017526170628460926;2255;17639;5161;batchnorm;;20;9,0;18,0;;;0,08838881288519274;;3;adam;normalizer
410;2024-07-01 09:13:19.638380;0,22136497497558594;;leaky_relu;0,7330102432851779;0,6980344731894651;256;;0,3850232319202542;0,04485950441489482;0,01297150568966622;2255;17639;5161;batchnorm;;19;11,0;3,0;24,0;9,0;0,06625571993540907;;5;adam;maxabs
411;2024-07-01 09:16:03.126260;0,20743998885154724;;leaky_relu;0,7059268917986012;0,6167181741989898;256;;0,2528809279585213;0,05569377122467106;0,00973797273347404;2255;17639;5161;batchnorm;;20;10,0;19,0;27,0;10,0;0,08378988243012214;;5;adam;minmax
412;2024-07-01 09:18:29.146891;0,7390850186347961;;relu;0,5890040098298501;0,5279711395246538;256;;0,4956223103201528;0,040524119040920036;0,002541773270431362;2255;17639;5161;batchnorm;;23;9,0;17,0;23,0;13,0;;;5;adam;normalizer
413;2024-07-01 09:20:26.922751;0,2023249864578247;;leaky_relu;0,6582203680920835;0,748784296976585;256;;0,4352207644128028;0,06805349482550133;0,008473291527645177;2255;17639;5161;batchnorm;;22;20,0;19,0;24,0;11,0;0,06917267345849851;;5;adam;normalizer
414;2024-07-01 09:23:08.312920;0,22575752437114716;;leaky_relu;0,8244845332004299;0,8211147418880269;128;;0,2847522386479783;0,0481541862455017;0,03167840068427689;2255;17639;5161;batchnorm;;20;10,0;18,0;25,0;7,0;0,06339060076017615;;5;adam;normalizer
415;2024-07-01 09:25:58.211350;0,19498500227928162;;leaky_relu;0,7544461172958806;0,7912075156683593;256;;0,4626189134720277;0,04702924883751096;0,015280254424589971;2255;17639;5161;batchnorm;;21;10,0;24,0;26,0;17,0;0,0766396481547043;;5;adam;normalizer
416;2024-07-01 09:28:21.078659;0,45837002992630005;;leaky_relu;0,8114491654755531;0,5894113011048339;256;;0,531424930430329;0,058715807753999;0,006915221411396873;2255;17639;5161;batchnorm;;13;11,0;21,0;25,0;6,0;0,092507178625548;;5;adam;normalizer
417;2024-07-01 09:30:35.629949;0,6217948794364929;;leaky_relu;0,5629945396948296;0,8656368216430459;256;;0,22897107229415598;0,06665787485157698;0,011428097180511656;2255;17639;5161;batchnorm;;10;9,0;3,0;24,0;;0,09418600081485604;;4;adam;maxabs
418;2024-07-01 09:32:43.456232;5,573243618011475;;leaky_relu;0,06912702019056954;0,6380510891587056;16;;0,2084222175467663;0,04651118111773559;0,07220394543171633;2255;17639;5161;batchnorm;;26;9,0;4,0;27,0;22,0;0,08063009829312366;;5;adam;normalizer
419;2024-07-01 09:39:21.263761;0,5658599734306335;;leaky_relu;;;512;;0,7936967303875083;0,0569007704350923;0,019607168131498345;2255;17639;5161;batchnorm;0,19606219553377333;18;12,0;20,0;28,0;23,0;0,06414590643351392;True;5;sgd;normalizer
420;2024-07-01 09:41:21.510194;0,3596949875354767;;leaky_relu;0,8377421629971242;0,8040389974810586;256;;0,3813569575006699;0,07121379002740713;0,05253726373913549;2255;17639;5161;vanilla;;19;10,0;4,0;25,0;25,0;0,0741810349587431;;5;adam;normalizer
421;2024-07-01 09:43:06.884146;0,40140500664711;;leaky_relu;0,6242564557609666;0,5472369869480905;256;;0,6161979324006762;0,04442481778420272;0,035704161439149;2255;17639;5161;batchnorm;;20;11,0;3,0;23,0;17,0;0,09119229805648162;;5;adam;normalizer
422;2024-07-01 09:45:14.579069;0,20859499275684357;;leaky_relu;0,6136327545273914;0,7705507972641941;256;;0,5851064572889242;0,05585043181683771;0,012906023377560236;2255;17639;5161;batchnorm;;18;8,0;4,0;24,0;19,0;0,09705041185886554;;5;adam;normalizer
423;2024-07-01 09:48:25.931453;0,22357001900672913;;leaky_relu;0,7616985157814514;0,6740975245853611;256;;0,3044567994754317;0,06405901202303366;0,010591815498596046;2255;17639;5161;batchnorm;;14;6,0;16,0;26,0;16,0;0,08805948884780797;;5;adam;minmax
424;2024-07-01 09:50:48.965692;0,2036050260066986;;leaky_relu;0,5434850990359367;0,5717137058414302;256;;0,41886657139563044;0,08386559740061099;0,01654944054255655;2255;17639;5161;batchnorm;;12;9,0;19,0;25,0;8,0;0,08521463914939864;;5;adam;maxabs
425;2024-07-01 09:53:34.684347;0,36260998249053955;;leaky_relu;0,5796342697937077;0,7311204364289757;256;;0,26352771156417126;0,08658611128548406;0,0257170739610431;2255;17639;5161;batchnorm;;7;10,0;10,0;23,0;;0,09022236026312767;;4;adam;normalizer
426;2024-07-01 09:55:47.617259;0,2994000017642975;;leaky_relu;0,7333156465913977;0,615805169532993;256;0,2682206159724422;0,5636464181495551;0,08504262474138584;0,013976311983212138;2255;17639;5161;dropout;;24;8,0;25,0;25,0;15,0;0,06824836626106567;;5;adam;normalizer
427;2024-07-01 09:57:35.370582;0,22857001423835754;;leaky_relu;0,7777267714209626;0,8379667989657198;256;;0,19286796157600256;0,05500020238437582;0,00922793472279727;2255;17639;5161;batchnorm;;11;10,0;3,0;8,0;17,0;0,09875774629110401;;5;adam;normalizer
428;2024-07-01 10:00:32.330340;0,24739250540733337;;selu;0,8069440519420409;0,6003345957217592;128;;0,48717603711286994;0,08220122734855952;0,1143701665764856;2255;17639;5161;batchnorm;;13;21,0;22,0;24,0;21,0;;;5;adam;normalizer
429;2024-07-01 10:03:26.312928;0,5695613622665405;;leaky_relu;0,7129448450052708;0,6819813043244726;64;;0,21803685925308985;0,0514469145811004;0,006461393564801453;2255;17639;5161;batchnorm;;15;9,0;23,0;12,0;18,0;0,09609437374477056;;5;adam;normalizer
430;2024-07-01 10:06:12.003909;0,2702599763870239;;leaky_relu;0,8529575190864436;0,5092177152034032;256;;0,0561189124868105;0,07639400356617908;0,01213147924174528;2255;17639;5161;batchnorm;;23;9,0;18,0;;;0,004156667924193461;;3;adam;normalizer
431;2024-07-01 10:08:30.432293;0,3234838545322418;;leaky_relu;0,8336276014319761;0,46621550025177;32;;0,28327086227818804;0,0894750626897802;0,021531655365154067;2255;17639;5161;batchnorm;;14;11,0;6,0;27,0;;0,09318679585410974;;4;adam;maxabs
432;2024-07-01 10:12:26.256526;0,2020600140094757;;leaky_relu;0,4990037906250727;0,5287683621369965;256;;0,3606999670314738;0,05356379193710591;0,009505178917026296;2255;17639;5161;batchnorm;;22;22,0;4,0;26,0;19,0;0,08231851042543345;;5;adam;normalizer
433;2024-07-01 10:15:08.279688;0,18917497992515564;;relu;0,6681900538830966;0,6530086839895582;256;;0,5146772792936857;0,08702506883115342;0,017683698622068228;2255;17639;5161;batchnorm;;19;25,0;21,0;24,0;20,0;;;5;adam;normalizer
434;2024-07-01 10:17:09.928452;0,2000799924135208;;relu;0,6474197864638747;0,6547033866099076;512;;0,5210161182721496;0,08795462267376218;0,018794245507566767;2255;17639;5161;batchnorm;;19;10,0;24,0;24,0;20,0;;;5;adam;normalizer
435;2024-07-01 10:19:27.550299;0,20031997561454773;;relu;0,6901597777607192;0,6969027508654958;256;;0,49750867345498995;0,08612451590200522;0,02485739244286723;2255;17639;5161;batchnorm;;18;28,0;;;;;;2;adam;normalizer
436;2024-07-01 10:21:32.461842;0,19277499616146088;;relu;0,6587054588946967;0,6344630802202273;256;;0,40972101507048087;0,09072406614471255;0,01719343876577501;2255;17639;5161;batchnorm;;20;28,0;21,0;24,0;20,0;;;5;adam;minmax
437;2024-07-01 10:24:05.625272;0,4425300061702728;;relu;0,6083794807416908;0,6493115814540518;256;;0,5487856577759531;0,08381083373557892;0,04181967626657492;2255;17639;5161;batchnorm;;19;25,0;22,0;23,0;21,0;;;5;adam;normalizer
438;2024-07-01 10:25:59.155742;0,21039000153541565;;relu;0,7019059307580918;0,7101422632542475;256;;0,5110306140143839;0,08798708831446109;0,029941760710424883;2255;17639;5161;batchnorm;;18;30,0;23,0;23,0;24,0;;;5;adam;maxabs
439;2024-07-01 10:27:55.385125;0,7039700150489807;;relu;;;256;;0,4341748211751264;0,08642706660039545;0,015273454317398976;2255;17639;5161;batchnorm;0,014226290838442813;19;10,0;3,0;22,0;19,0;;False;5;sgd;normalizer
440;2024-07-01 10:30:07.999901;0,19197499752044678;;relu;0,731795784256088;0,6271004795128139;256;;0,2416396239601023;0,08152451354709825;0,02039524879640476;2255;17639;5161;batchnorm;;13;11,0;21,0;24,0;22,0;;;5;adam;normalizer
441;2024-07-01 10:32:26.807698;0,21097998321056366;;relu;0,5320191734023891;0,6710425362409624;256;;0,17983475674507154;0,08981704621363167;0,08345456056030792;2255;17639;5161;batchnorm;;17;27,0;26,0;19,0;18,0;;;5;adam;normalizer
442;2024-07-01 10:35:19.974723;0,30004000663757324;;relu;0,6683943719412462;0,5714701297602369;256;;0,4546186369799593;0,09152951198050635;0,004154871171219345;2255;17639;5161;vanilla;;14;25,0;4,0;24,0;19,0;;;5;adam;normalizer
443;2024-07-01 10:37:05.851928;0,26276999711990356;;leaky_relu;0,445838846531732;0,7458695282266656;256;;0,27169966353952524;0,08485317693397251;0,00810464027826687;2255;17639;5161;batchnorm;;19;10,0;5,0;23,0;;0,09964624606387121;;4;adam;normalizer
444;2024-07-01 10:40:18.588103;0,22605498135089874;;leaky_relu;0,6801353358162406;0,5865952750410603;128;;0,0817574966771301;0,0875263432330932;0,0176256710642781;2255;17639;5161;batchnorm;;20;24,0;24,0;22,0;20,0;0,09572052075232916;;5;adam;maxabs
445;2024-07-01 10:43:46.346601;0,21377500891685486;;leaky_relu;0,7506526293160939;0,6127191181747168;256;;0,47592108608878486;0,0937331416237035;0,5663420698392349;2255;17639;5161;batchnorm;;12;12,0;25,0;25,0;21,0;0,09154747122260273;;5;adam;normalizer
446;2024-07-01 10:45:46.262908;0,42924490571022034;;leaky_relu;0,7671230430985746;0,8755091909783497;16;;0,6878628917257643;0,03680347661140518;0,014303687115590994;2255;17639;5161;batchnorm;;30;24,0;4,0;24,0;18,0;0,09419907881037261;;5;adam;normalizer
447;2024-07-01 10:52:10.987879;0,5933049321174622;;leaky_relu;0,7894858119995316;0,5576596105519048;256;;0,4538995747699341;0,08025255478322704;0,09784773769063042;2255;17639;5161;batchnorm;;9;26,0;3,0;23,0;17,0;0,08780295641315218;;5;adam;normalizer
448;2024-07-01 10:54:02.607429;0,20537002384662628;;leaky_relu;0,899364338830932;0,6626748925619005;256;0,1619636983401608;0,31551422242653837;0,08869271138800375;0,021502701860495053;2255;17639;5161;dropout;;13;9,0;6,0;25,0;20,0;0,08549810118256229;;5;adam;normalizer
449;2024-07-01 10:56:32.442806;0,25534000992774963;;leaky_relu;0,569752505821341;0,6343359889727592;512;;0,2547457559237262;0,08274990893608698;0,01076731375848054;2255;17639;5161;batchnorm;;12;9,0;26,0;24,0;;0,0895706352981209;;4;adam;minmax
450;2024-07-01 10:59:33.536502;0,19955500960350037;;selu;0,709658012399134;0,5982558358328348;256;;0,6287652180929096;0,08523913426092251;0,2877108706924532;2255;17639;5161;batchnorm;;14;11,0;5,0;25,0;19,0;;;5;adam;normalizer
451;2024-07-01 11:01:27.273841;0,20152997970581055;;leaky_relu;0,6363224679891678;0,7577736523222578;256;;0,47652699832657236;0,09146536256981529;0,013277916612904537;2255;17639;5161;batchnorm;;18;13,0;25,0;24,0;22,0;0,0970030829841702;;5;adam;maxabs
452;2024-07-01 11:04:25.662584;0,26354002952575684;;leaky_relu;0,8205412330093617;0,6910450352721063;256;;0,29681281990632546;0,07818698805187456;0,005252908032102672;2255;17639;5161;batchnorm;;13;18,0;24,0;23,0;18,0;0,09227251743752984;;5;adam;normalizer
453;2024-07-01 11:06:36.793620;0,3396099805831909;;leaky_relu;0,31452879587583976;0,9019440518729731;256;;0,371434272273061;0,08942573976302104;0,015857122799780937;2255;17639;5161;batchnorm;;15;10,0;17,0;25,0;20,0;0,09050366982200782;;5;adam;normalizer
454;2024-07-01 11:09:11.939074;0,42824506759643555;;leaky_relu;0,7257254832396682;0,7223203924341043;64;;0,532458361186172;0,08728964334516595;0,0075491284902000425;2255;17639;5161;batchnorm;;11;9,0;20,0;24,0;;0,04727985699351765;;4;adam;normalizer
455;2024-07-01 11:12:50.630566;0,19636499881744385;;leaky_relu;0,7811110336227065;0,8544449321300104;256;;0,21680797983933273;0,09294254821077726;0,02793937115926422;2255;17639;5161;batchnorm;;27;11,0;4,0;26,0;16,0;0,09513242479069392;;5;adam;normalizer
456;2024-07-01 11:15:57.770929;0,19548499584197998;;relu;0,7498947753741599;0,6191355259466281;256;;0,3367146731353749;0,083308778725804;0,010427030876457508;2255;17639;5161;batchnorm;;10;10,0;3,0;25,0;23,0;;;5;adam;normalizer
457;2024-07-01 11:18:41.198517;0,42408499121665955;;leaky_relu;;;256;;0,3864614664077054;0,0947689231778563;0,018723499962979673;2255;17639;5161;batchnorm;0,5180972384655401;20;29,0;4,0;22,0;19,0;0,08691057470602173;True;5;sgd;maxabs
458;2024-07-01 11:20:37.372698;0,20332500338554382;;leaky_relu;0,5945006030453587;0,5415502558016908;256;;0,5088409563068937;0,08637890450943576;0,023639126838584493;2255;17639;5161;batchnorm;;12;9,0;27,0;23,0;17,0;0,05963213351585665;;5;adam;normalizer
459;2024-07-01 11:22:38.461180;0,21369998157024384;;leaky_relu;0,8691578736707939;0,7788337507047636;32;;0,6063422311092359;0,08969226083358388;0,008477721302304057;2255;17639;5161;batchnorm;;13;8,0;23,0;27,0;21,0;0,013545371966649754;;5;adam;normalizer
460;2024-07-01 11:26:53.697527;0,22522000968456268;;leaky_relu;0,541098177135827;0,6514790555566528;128;;0,4166033908609319;0,09200055756130224;0,013974797553517243;2255;17639;5161;batchnorm;;14;19,0;5,0;29,0;19,0;0,09800239768848956;;5;adam;normalizer
461;2024-07-01 11:31:40.816451;0,2344050109386444;;leaky_relu;0,8469032446984096;0,5760794970187014;256;;0,24060002222645743;0,08104139120351828;0,01187476581391762;2255;17639;5161;batchnorm;;12;9,0;26,0;24,0;13,0;0,09999190955651019;;5;adam;minmax
462;2024-07-01 11:34:43.236627;0,5357650518417358;;leaky_relu;0,6717685780405416;0,9815738435933045;256;;0,44329178099004046;0,049180252680936946;0,015934281342986623;2255;17639;5161;batchnorm;;19;10,0;4,0;25,0;;0,09341362425935375;;4;adam;normalizer
463;2024-07-01 11:36:52.524161;0,19350497424602509;;leaky_relu;0,8021390537677051;0,6011035856548193;256;;0,27762526753364175;0,0845275851919976;0,010038471583160081;2255;17639;5161;batchnorm;;13;10,0;20,0;28,0;18,0;0,03735654607711237;;5;adam;normalizer
464;2024-07-01 11:39:47.946885;0,21553000807762146;;leaky_relu;0,8254508558511822;0,7298945417671966;512;;0,18211101286521422;0,07287227066163107;0,05711528348313805;2255;17639;5161;batchnorm;;21;7,0;22,0;23,0;26,0;0,08262486757255673;;5;adam;normalizer
465;2024-07-01 11:41:57.992806;0,25994497537612915;;leaky_relu;0,7673293781424927;0,49895192913392816;256;;0,20247337959123454;0,08785022839017641;0,03270282083486062;2255;17639;5161;vanilla;;18;8,0;3,0;25,0;17,0;0,08816189427206657;;5;adam;maxabs
466;2024-07-01 11:43:46.034022;0,1977500021457672;;leaky_relu;0,6919126693023586;0,6836177369655798;256;;0,5474235005152002;0,09018050919688363;0,01319690203709621;2255;17639;5161;batchnorm;;14;26,0;21,0;26,0;18,0;0,0510638183639187;;5;adam;normalizer
467;2024-07-01 11:46:31.253751;0,2636899948120117;;leaky_relu;0,7936857105005584;0,8823795154725673;256;;0,2554823586314402;0,09604868411039065;0,009034752529375842;2255;17639;5161;batchnorm;;20;9,0;5,0;24,0;20,0;0,08455595064467578;;5;adam;normalizer
468;2024-07-01 11:48:40.959047;0,40531501173973083;;leaky_relu;0,9932337404424557;0,7628313843624096;256;;0,15418278397047558;0,08619644285476064;0,018276210084256856;2255;17639;5161;batchnorm;;12;11,0;25,0;;;0,0899404470202484;;3;adam;normalizer
469;2024-07-01 11:50:31.180113;0,2096800059080124;;leaky_relu;0,7334112726027924;0,7977049641461644;256;;0,2993261688562854;0,0928713110232437;0,006406741642023522;2255;17639;5161;batchnorm;;11;9,0;4,0;24,0;19,0;0,09272831386071981;;5;adam;normalizer
470;2024-07-01 11:53:27.202849;0,19635501503944397;;relu;0,7737279837366795;0,6345074758725072;256;;0,3494418018930623;0,008106361951334018;0,01134771317149585;2255;17639;5161;batchnorm;;17;23,0;18,0;25,0;;;;4;adam;normalizer
471;2024-07-01 11:55:44.323683;0,24602000415325165;;leaky_relu;0,8169539828564034;0,5572848903783562;256;0,327148705280842;0,6477407499856092;0,07449694695948648;0,023082363902307244;2255;17639;5161;dropout;;15;10,0;6,0;22,0;21,0;0,09664913868709626;;5;adam;maxabs
472;2024-07-01 11:57:44.840097;0,28028997778892517;;leaky_relu;0,7132546799619162;0,70914282171559;256;;0,23413057699178436;0,08897691094787626;0,007799042425438404;2255;17639;5161;batchnorm;;13;8,0;26,0;21,0;18,0;0,04249971674667495;;5;adam;normalizer
473;2024-07-01 12:00:22.932867;0,4150725305080414;;selu;0,7478324277039415;0,5223169394589677;128;;0,12477635201991553;0,0849642765888973;0,07508060402597178;2255;17639;5161;batchnorm;;19;12,0;25,0;27,0;16,0;;;5;adam;normalizer
474;2024-07-01 12:02:32.589143;0,18998999893665314;;leaky_relu;0,8495951974147765;0,850512303502676;256;;0,5650439024579106;0,09083847606280623;0,014731402512370165;2255;17639;5161;batchnorm;;13;9,0;3,0;23,0;20,0;0,09469365127348887;;5;adam;minmax
475;2024-07-01 12:05:53.313353;0,3585813343524933;;leaky_relu;0,8885531152698727;0,8628803582592195;16;;0,5561935276926183;0,07008983429625251;0,06902513536823801;2255;17639;5161;batchnorm;;14;20,0;3,0;23,0;20,0;0,09508992331283679;;5;adam;minmax
476;2024-07-01 12:21:09.725512;0,3024149537086487;;leaky_relu;;;256;;0,5148850851938725;0,09500193740848209;0,009810383030131677;2255;17639;5161;batchnorm;0,0010174584681454492;11;8,0;3,0;23,0;20,0;0,09798072679505702;False;5;sgd;minmax
477;2024-07-01 12:22:59.189005;0,22795501351356506;;leaky_relu;0,8608829410639928;0,5932666424103638;256;;0,3226976574548397;0,09123394524517611;0,03960417605406133;2255;17639;5161;batchnorm;;16;10,0;3,0;22,0;22,0;0,0949676925218448;;5;adam;minmax
478;2024-07-01 12:25:25.208409;0,20641998946666718;;leaky_relu;0,8408141200353245;0,6656335163477063;512;;0,4860891760341208;0,08271924390997588;0,20040714543481591;2255;17639;5161;batchnorm;;4;11,0;3,0;24,0;19,0;0,04637030646982097;;5;adam;minmax
479;2024-07-01 12:27:39.890009;0,21222999691963196;;leaky_relu;0,8814069108321917;0,12280448451972165;256;;0,2688072138705362;0,07796017992764658;0,012677005824352891;2255;17639;5161;batchnorm;;20;9,0;3,0;23,0;;0,05728062256039573;;4;adam;minmax
480;2024-07-01 12:30:09.912405;0,18952001631259918;;leaky_relu;0,8429454484538813;0,8515525976873548;256;;0,39443533162400396;0,04316415325470271;0,02077419305530452;2255;17639;5161;batchnorm;;12;10,0;4,0;24,0;20,0;0,05346651969533651;;5;adam;minmax
481;2024-07-01 12:33:00.669414;0,3337950110435486;;leaky_relu;0,5810264960053703;0,8961042041880286;256;;0,4038819030514133;0,04078402261283072;0,09347284328028933;2255;17639;5161;batchnorm;;12;10,0;4,0;24,0;21,0;0,0973832126296599;;5;adam;minmax
482;2024-07-01 12:34:56.163523;0,7829500436782837;;leaky_relu;0,9390543201075046;0,8772326856875241;256;;0,4158914301494201;0,05054314896102485;0,011251376468053015;2255;17639;5161;batchnorm;;12;11,0;4,0;23,0;21,0;0,05455578460060441;;5;adam;minmax
483;2024-07-01 12:36:47.315914;0,4609225392341614;;leaky_relu;0,8277236113827097;0,9162420596070585;64;;0,37803416149132835;0,040694966188078247;0,4942513417485885;2255;17639;5161;batchnorm;;13;10,0;3,0;15,0;20,0;0,05436472015503753;;5;adam;minmax
484;2024-07-01 12:41:07.526434;0,3173149824142456;;leaky_relu;0,6522453077964016;0,6227435860292305;256;;0,38620564614522546;0,04432571131947796;0,04865508010061781;2255;17639;5161;batchnorm;;11;9,0;4,0;25,0;21,0;0,05214162740565664;;5;adam;minmax
485;2024-07-01 12:43:06.509773;0,2951900064945221;;relu;0,8522860926278735;0,8479366943602311;256;;0,400515629281173;0,04299215110341792;0,02866228198842148;2255;17639;5161;batchnorm;;12;10,0;3,0;24,0;;;;4;adam;minmax
486;2024-07-01 12:45:31.566733;0,28854501247406006;;leaky_relu;0,5223217518678583;0,583607652960115;256;;0,5265514807892172;0,07562460745855369;0,04866276687232393;2255;17639;5161;vanilla;;13;12,0;4,0;24,0;20,0;0,04923193365302457;;5;adam;minmax
487;2024-07-01 12:47:31.549230;1,183769941329956;;leaky_relu;0,918425988142159;0,5460338800987619;256;;0,4319429712772523;0,09726949202318382;0,02041898795633253;2255;17639;5161;batchnorm;;11;11,0;4,0;23,0;19,0;0,05779215782118688;;5;adam;minmax
488;2024-07-01 12:49:24.652729;0,3531000018119812;;leaky_relu;0,808015838436592;0,6499723793687054;256;;0,4640661025390469;0,09985610908989251;0,1189762976985075;2255;17639;5161;batchnorm;;10;7,0;3,0;22,0;20,0;0,07503724655443557;;5;adam;minmax
489;2024-07-01 12:51:37.626532;0,32125961780548096;;leaky_relu;0,6140039273786195;0,957965297896256;32;;0,3647211508474059;0,048688462249965765;0,03624669016478826;2255;17639;5161;batchnorm;;13;9,0;4,0;20,0;19,0;0,09327654576458418;;5;adam;minmax
490;2024-07-01 12:55:59.763877;0,21039250493049622;;leaky_relu;0,8238564559146837;0,4550345335065933;128;;0,1694353738841685;0,013939197710845452;0,01681013910609074;2255;17639;5161;batchnorm;;12;10,0;3,0;25,0;22,0;0,06013359844940127;;5;adam;minmax
491;2024-07-01 12:58:21.160457;2,4496397972106934;;leaky_relu;0,6749323864921044;0,687208125776076;256;;0,3464618198450219;0,06529190310533366;0,8091765802412969;2255;17639;5161;batchnorm;;15;9,0;5,0;23,0;22,0;0,07856600874519652;;5;adam;minmax
492;2024-07-01 13:00:17.241549;0,24779000878334045;;leaky_relu;0,7977992611379534;0,7375956302814477;256;;0,1972317918013687;0,04647985350966374;0,0651188393233765;2255;17639;5161;batchnorm;;14;8,0;21,0;16,0;;0,02946725865295689;;4;adam;minmax
493;2024-07-01 13:02:15.693951;0,41655001044273376;;leaky_relu;0,8651379497924966;0,6158244789555601;256;;0,539948652221759;0,08033080618327215;0,009094229895058542;2255;17639;5161;batchnorm;;12;10,0;8,0;26,0;20,0;0,09855514753611781;;5;adam;maxabs
494;2024-07-01 13:04:19.609536;0,3947400152683258;;leaky_relu;0,8347452502970153;0,4942454723369193;512;;0,1098148665387386;0,09425272040810126;0,0031286960624721596;2255;17639;5161;batchnorm;;13;12,0;28,0;;;0,09541800092778387;;3;adam;maxabs
495;2024-07-01 13:05:59.922057;53,74951934814453;;selu;0,9697292125253344;0,5625522946555149;256;;0,13984169574193042;0,039033190882227446;0,025951220515093444;2255;17639;5161;batchnorm;;13;13,0;4,0;25,0;21,0;;;5;adam;minmax
496;2024-07-01 13:07:52.102897;0,5991800427436829;;leaky_relu;;;256;0,10749017221891521;0,5674074880381151;0,04506020916147671;0,013822548653262323;2255;17639;5161;dropout;0,008432065581161339;14;11,0;18,0;24,0;19,0;0,06498250554725901;True;5;sgd;minmax
497;2024-07-01 13:09:58.262043;0,21401003003120422;;relu;0,7871857773864134;0,8668608079137872;256;;0,4418660180759657;0,04760900366795496;0,010663909664422497;2255;17639;5161;batchnorm;;11;9,0;17,0;23,0;5,0;;;5;adam;maxabs
498;2024-07-01 13:12:12.399115;0,2901949882507324;;leaky_relu;0,7012302703358093;0,6086052117012963;256;;0,39055262183391964;0,08704752173171214;0,007968337062513818;2255;17639;5161;batchnorm;;12;8,0;3,0;25,0;17,0;0,05607377452318062;;5;adam;minmax
499;2024-07-01 13:14:47.085608;0,23050498962402344;;leaky_relu;0,7588287052386307;0,2949922657468046;256;;0,06851544841722483;0,08413414477937431;0,01226659959080257;2255;17639;5161;batchnorm;;13;10,0;4,0;24,0;;0,08054776828992465;;4;adam;maxabs
500;2024-07-01 13:17:02.361927;0,1958649903535843;;leaky_relu;0,633803712821959;0,5200378892802142;256;;0,7284597934678073;0,06676624168167186;0,015580848991659964;2255;17639;5161;batchnorm;;10;9,0;20,0;21,0;18,0;0,09977795447252355;;5;adam;normalizer
501;2024-07-01 13:19:25.528405;0,591379702091217;;leaky_relu;0,8132938629923371;0,8983968597781371;16;;0,21785317855982353;0,04202595081517869;0,02252384986718141;2255;17639;5161;batchnorm;;14;11,0;13,0;26,0;19,0;0,09185598945923451;;5;adam;normalizer
502;2024-07-01 13:26:00.009899;0,3018399775028229;;leaky_relu;0,5689782808119451;0,9375788493296455;256;;0,29571770576628215;0,09211746948507422;0,006917950309264396;2255;17639;5161;batchnorm;;12;10,0;19,0;24,0;21,0;0,0893864345746372;;5;adam;normalizer
503;2024-07-01 13:28:09.294671;0,5647099614143372;;leaky_relu;0,8915433702199859;0,6443415779188717;256;;0,4165601656677365;0,0435772328788639;0,0024905300870696535;2255;17639;5161;batchnorm;;21;8,0;22,0;22,0;20,0;0,09669024670351146;;5;adam;normalizer
504;2024-07-01 13:30:26.479267;0,2490299642086029;;leaky_relu;0,8396555726210745;0,8501297221719515;128;;0,37018098621083;0,03431501654398418;0,00974497876855747;2255;17639;5161;batchnorm;;13;9,0;27,0;25,0;19,0;0,024946377609082932;;5;adam;minmax
505;2024-07-01 13:33:40.732971;0,1916850060224533;;leaky_relu;0,6051693675654872;0,3723715159137081;256;;0,49860938015391965;0,02738452999937524;0,014064141772416699;2255;17639;5161;batchnorm;;14;10,0;3,0;26,0;20,0;0,061930556901882504;;5;adam;normalizer
506;2024-07-01 13:36:02.222350;0,2004300057888031;;leaky_relu;0,7325704251545646;0,6685453614350132;256;;0,5982664901058845;0,0232268329841552;0,018095619199716247;2255;17639;5161;batchnorm;;16;9,0;5,0;24,0;18,0;0,03437348846286435;;5;adam;maxabs
507;2024-07-01 13:38:02.451512;0,26209503412246704;;leaky_relu;0,4977297032825752;0,5671494386154692;256;;0,16144845314248552;0,086442945221595;0,1698860825885041;2255;17639;5161;batchnorm;;29;7,0;4,0;23,0;24,0;0,0937255491991116;;5;adam;normalizer
508;2024-07-01 13:39:59.715145;0,3657200336456299;;leaky_relu;0,478574605451509;0,7088315592721051;256;;0,19828891217262473;0,08142447280088394;0,011654733538812929;2255;17639;5161;vanilla;;15;6,0;5,0;24,0;;0,08651996616228921;;4;adam;normalizer
509;2024-07-01 13:41:43.782141;0,21062374114990234;;relu;0,8038833567468013;0,5882133457529936;64;;0,3322422607965785;0,04665359543328145;0,00869188689604209;2255;17639;5161;batchnorm;;12;8,0;23,0;6,0;17,0;;;5;adam;normalizer
510;2024-07-01 13:47:29.325722;0,21799001097679138;;leaky_relu;0,7794315074573066;0,539319679347198;512;;0,17873166200870033;0,090590045700401;0,22886058086225808;2255;17639;5161;batchnorm;;13;11,0;3,0;25,0;18,0;0,09099834580710034;;5;adam;normalizer
511;2024-07-01 13:49:23.359431;0,2625250220298767;;leaky_relu;0,6603742206099241;0,6289177230871741;256;;0,5699006735275023;0,05179506355707637;0,1048957283239146;2255;17639;5161;batchnorm;;12;29,0;29,0;23,0;21,0;0,050832702052232115;;5;adam;normalizer
512;2024-07-01 13:51:37.336768;0,33483001589775085;;leaky_relu;0,5454831457652396;0,7497171342069646;256;;0,42745202186178566;0,04237440931098818;0,01567166856134067;2255;17639;5161;batchnorm;;28;10,0;4,0;26,0;19,0;0,08421836906118013;;5;adam;minmax
513;2024-07-01 13:54:02.807229;0,2802950441837311;;leaky_relu;0,7514053272329156;0,8824598919813543;256;;0,6727212503391895;0,011505978898474954;0,010561821243468843;2255;17639;5161;batchnorm;;14;9,0;4,0;24,0;16,0;0,05377411299006276;;5;adam;maxabs
514;2024-07-01 13:56:34.881026;0,30313998460769653;;leaky_relu;0,8687426106139011;0,4231699951668675;256;;0,2238163058074065;0,07862008670598626;0,005813353527871008;2255;17639;5161;batchnorm;;11;9,0;16,0;25,0;14,0;0,09491671675282648;;5;adam;normalizer
515;2024-07-01 13:58:48.408316;0,3993559181690216;;leaky_relu;0,7170699701096163;0,6575980807941981;32;0,5563431873517197;0,2837966829254231;0,09319217328931259;0,012812423330371412;2255;17639;5161;dropout;;17;8,0;26,0;25,0;;0,08876118114405449;;4;adam;normalizer
516;2024-07-01 14:02:18.542217;0,47056999802589417;;leaky_relu;0,8237416945660352;0,9977294057195321;256;;0,8221376765210795;0,03981372629415846;0,08878614166719928;2255;17639;5161;batchnorm;;13;10,0;18,0;23,0;20,0;0,09704591492159759;;5;adam;normalizer
517;2024-07-01 14:04:20.399778;0,5559450387954712;;selu;;;256;;0,3094981490615733;0,09646253264873952;0,002225526841391521;2255;17639;5161;batchnorm;0,019299853671505492;21;11,0;17,0;;;;False;3;sgd;normalizer
518;2024-07-01 14:08:29.458915;0,1896049976348877;;leaky_relu;0,8483137709665708;0,7741194504166333;256;;0,7065443027844839;0,07133931407085818;0,02081363855080015;2255;17639;5161;batchnorm;;11;10,0;5,0;22,0;18,0;0,09991633524070104;;5;adam;normalizer
519;2024-07-01 14:11:01.620631;0,21436500549316406;;leaky_relu;0,8542685057093079;0,7675047088913486;256;;0,7163569688823255;0,07097981577918976;0,024568259120673928;2255;17639;5161;batchnorm;;10;;;;;0,09846624240422568;;1;adam;normalizer
520;2024-07-01 14:13:01.539046;0,19771501421928406;;leaky_relu;0,9053358670818223;0,7848950632884555;256;;0,7560268815216251;0,06191379323798128;0,031854402992534954;2255;17639;5161;batchnorm;;11;10,0;5,0;22,0;18,0;0,09955800229867097;;5;adam;normalizer
521;2024-07-01 14:15:46.458768;1567,844970703125;;leaky_relu;0,8465596589675969;0,050170934128347555;128;;0,6595914016802372;0,07446542391188779;0,02099848661110501;2255;17639;5161;batchnorm;;9;11,0;6,0;22,0;17,0;0,09739571312381516;;5;adam;normalizer
522;2024-07-01 14:18:55.501947;0,36047500371932983;;relu;0,8793900864030096;0,8034005677883057;256;;0,4706548585633944;0,07619193394342766;0,004544143158629585;2255;17639;5161;batchnorm;;11;10,0;;;;;;2;adam;normalizer
523;2024-07-01 14:20:42.789047;0,3234099745750427;;leaky_relu;0,6860763112687254;0,752852892910722;256;;0,7449968157903004;0,07341272253907755;0,028600307027028312;2255;17639;5161;batchnorm;;10;10,0;5,0;22,0;18,0;0,07712153277558402;;5;adam;normalizer
524;2024-07-01 14:22:50.647667;0,20664000511169434;;leaky_relu;0,8354659730464865;0,7779488367435355;512;;0,6148126503580992;0,07711465080974221;0,04372026507843406;2255;17639;5161;batchnorm;;11;12,0;6,0;23,0;19,0;0,09559978968408193;;5;adam;normalizer
525;2024-07-01 14:24:41.929992;0,5231249332427979;;leaky_relu;0,8633480057833666;0,47070532031217366;256;;0,8449367344590797;0,07061236017849691;0,0012177549122162233;2255;17639;5161;batchnorm;;12;11,0;5,0;22,0;17,0;0,040561340463181;;5;adam;normalizer
526;2024-07-01 14:26:37.833826;0,1924000233411789;;leaky_relu;0,7925246077198675;0,843298087835272;256;;0,5497524890689776;0,0683410664419201;0,019679356746557818;2255;17639;5161;batchnorm;;12;10,0;4,0;23,0;19,0;0,09967146243223214;;5;adam;normalizer
527;2024-07-01 14:28:49.230338;0,5607150197029114;;leaky_relu;0,11289444607256227;0,7385273805197938;256;;0,5139006039105479;0,08271360249619891;0,025068341669220905;2255;17639;5161;batchnorm;;11;9,0;3,0;21,0;18,0;0,043713039624331415;;5;adam;normalizer
528;2024-07-01 14:30:44.185826;0,32688504457473755;;leaky_relu;0,4581386530156088;0,9049040030603125;256;;0,6620353468428606;0,08476544209522113;0,009681037930646341;2255;17639;5161;batchnorm;;13;27,0;4,0;24,0;23,0;0,09452323405078321;;5;adam;normalizer
529;2024-07-01 14:33:22.026509;0,3818399906158447;;leaky_relu;0,5168818236504799;0,8220303770873604;256;;0,4572769752581201;0,06930216884281332;0,00864084868481764;2255;17639;5161;batchnorm;;12;9,0;7,0;21,0;20,0;0,06862383964188346;;5;adam;minmax
530;2024-07-01 14:35:34.432950;0,3198150098323822;;leaky_relu;0,640598030081232;0,5902045268487319;256;;0,7099508400009742;0,03700829195815834;0,0010567678019547397;2255;17639;5161;batchnorm;;13;11,0;5,0;23,0;19,0;0,09996161050478453;;5;adam;normalizer
531;2024-07-01 14:37:25.790378;0,358585000038147;;leaky_relu;0,8092266882259327;0,7659742114889037;256;;0,6477531619984302;0,06608371955259795;0,05739483169824269;2255;17639;5161;vanilla;;10;10,0;5,0;22,0;17,0;0,09306108752369703;;5;adam;normalizer
532;2024-07-01 14:39:36.109632;33,897621154785156;;leaky_relu;0,4342677601251896;0,4898778678796017;256;;0,48634440607152113;0,07973458600515666;0,9130721806809703;2255;17639;5161;batchnorm;;12;9,0;3,0;24,0;18,0;0,05846008569984268;;5;adam;normalizer
533;2024-07-01 14:41:27.644158;0,33560505509376526;;leaky_relu;0,827597705816468;0,8680530486993503;256;;0,6352500822557718;0,03870930219193195;0,004027290841114974;2255;17639;5161;batchnorm;;20;8,0;4,0;20,0;21,0;0,09691503232521224;;5;adam;normalizer
534;2024-07-01 14:43:26.401405;0,2686465382575989;;leaky_relu;0,620017758426041;0,7982899500422431;16;;0,753000172914953;0,041622022440850434;0,13193980405865854;2255;17639;5161;batchnorm;;11;10,0;6,0;23,0;20,0;0,09201564658726935;;5;adam;normalizer
535;2024-07-01 14:49:51.967704;0,5260425806045532;;leaky_relu;0,6986551916924475;0,5144069624215131;128;;0,8746510660042613;0,05339506482983669;0,002970634228906001;2255;17639;5161;batchnorm;;13;9,0;26,0;5,0;17,0;0,08169504060849689;;5;adam;minmax
536;2024-07-01 14:52:34.899275;0,40954500436782837;;leaky_relu;0,8486281889958229;0,6054179623289985;256;;0,6015335028584903;0,06419803638391787;0,007220126189073018;2255;17639;5161;batchnorm;;12;12,0;4,0;24,0;18,0;0,07370714878808496;;5;adam;normalizer
537;2024-07-01 14:55:00.166590;0,5744799375534058;;relu;;;256;;0,43723003466176535;0,0715128956189328;0,011234911580999866;2255;17639;5161;batchnorm;0,004563436622176124;18;10,0;3,0;25,0;19,0;;False;5;sgd;normalizer
538;2024-07-01 15:00:26.784004;0,22345876693725586;;leaky_relu;0,766975768376799;0,9236609554637304;64;;0,5280712288707351;0,0455796260999252;0,017316145412031907;2255;17639;5161;batchnorm;;19;7,0;4,0;24,0;20,0;0,0963799414684763;;5;adam;normalizer
539;2024-07-01 15:06:27.638059;0,8453100323677063;;leaky_relu;0,8937902170840707;0,5660052754946727;512;0,4603472327842469;0,7019436237133594;0,07332524349356559;0,013842752964782745;2255;17639;5161;dropout;;13;11,0;27,0;23,0;18,0;0,04514548249715862;;5;adam;normalizer
540;2024-07-01 15:08:08.266276;5,307610511779785;;selu;0,9490481905150199;0,5446455525849082;256;;0,626429540770064;0,08769293364349649;0,36460994882890674;2255;17639;5161;batchnorm;;20;9,0;12,0;25,0;19,0;;;5;adam;normalizer
541;2024-07-01 15:10:30.585494;0,5037549734115601;;leaky_relu;0,2164202398355774;0,7273906809079382;256;;0,6347058566857582;0,04304089199731105;0,07934358638917008;2255;17639;5161;batchnorm;;22;6,0;5,0;24,0;15,0;0,010484823606386688;;5;adam;minmax
542;2024-07-01 15:12:21.486947;0,2172050029039383;;leaky_relu;0,6688706527400151;0,8390277035873444;256;;0,7144660867302502;0,09448333132633137;0,01994956438157413;2255;17639;5161;batchnorm;;26;10,0;3,0;22,0;16,0;0,052426178435703075;;5;adam;normalizer
543;2024-07-01 15:15:53.801001;0,32047000527381897;;leaky_relu;0,4198943126977194;0,8871062842420709;256;;0,3957996175375305;0,08535505512361845;0,03520260623192196;2255;17639;5161;batchnorm;;11;9,0;24,0;23,0;20,0;0,08605699184435316;;5;adam;normalizer
544;2024-07-01 15:17:52.462957;0,19820500910282135;;leaky_relu;0,8147435332039605;0,5753715160026217;256;;0,6893796989697334;0,08209230054866451;0,02242080563247617;2255;17639;5161;batchnorm;;14;11,0;3,0;25,0;22,0;0,055742257546957254;;5;adam;normalizer
545;2024-07-01 15:20:10.190994;0,4831123948097229;;leaky_relu;0,46887131040804353;0,8186367240195651;32;;0,41044024082658487;0,08929383835996996;0,0037278739996705773;2255;17639;5161;batchnorm;;12;8,0;4,0;24,0;18,0;0,09803295993410514;;5;adam;normalizer
546;2024-07-01 15:25:28.897872;0,19911502301692963;;leaky_relu;0,8732743158253059;0,6258452288889365;256;;0,36025190410518093;0,026829072222090068;0,012119049188605895;2255;17639;5161;batchnorm;;13;13,0;25,0;24,0;21,0;0,0492671457520204;;5;adam;minmax
547;2024-07-01 15:28:04.743099;0,2378850281238556;;relu;0,7249980059269565;0,19116314888912095;256;;0,5827432031321959;0,05822313609848328;0,009183234386631097;2255;17639;5161;batchnorm;;10;10,0;5,0;23,0;17,0;;;5;adam;normalizer
548;2024-07-01 15:30:00.555497;0,3063649535179138;;leaky_relu;0,5855539305499071;0,9659879877502658;256;;0,6824812346534903;0,09814194941297122;0,010327748794810592;2255;17639;5161;batchnorm;;13;15,0;4,0;21,0;19,0;0,09338240452749653;;5;adam;normalizer
549;2024-07-01 15:33:59.595200;0,3591099977493286;;leaky_relu;0,7942958602836863;0,7643103497878675;256;;0,48970278316347704;0,09157181431907126;0,005037157757651748;2255;17639;5161;batchnorm;;9;8,0;26,0;26,0;18,0;0,06092954023383592;;5;adam;normalizer
550;2024-07-01 15:36:22.570723;0,5073350071907043;;leaky_relu;0,5029926763608105;0,6002587115074675;128;;0,5151511552259107;0,08662655849360891;0,0034658082227230136;2255;17639;5161;batchnorm;;19;9,0;3,0;25,0;19,0;0,0902267025897981;;5;adam;normalizer
551;2024-07-01 15:39:03.375744;0,2445949763059616;;leaky_relu;0,742912530388641;0,2679092131592691;256;;0,7661590975275624;0,07649960103723304;0,008010629607348557;2255;17639;5161;batchnorm;;14;9,0;24,0;22,0;21,0;0,032988432808485;;5;adam;normalizer
552;2024-07-01 15:41:31.045477;0,237544983625412;;leaky_relu;0,8314416725001096;0,8608571812928132;256;;0,903656984850961;0,06818757132669842;0,015134715660518133;2255;17639;5161;batchnorm;;21;10,0;9,0;18,0;20,0;0,07935637856254972;;5;adam;minmax
553;2024-07-01 15:43:46.867163;0,2501450181007385;;leaky_relu;0,78027391299267;0,7884629140301895;256;;0,711121329518755;0,017531299416216284;0,17867502168833602;2255;17639;5161;batchnorm;;12;12,0;15,0;25,0;18,0;0,09465310481454695;;5;adam;normalizer
554;2024-07-01 15:45:50.567423;0,26109999418258667;;leaky_relu;;;512;;0,7407945937377358;0,09598156828555521;0,012494344319844688;2255;17639;5161;batchnorm;0,007951489822550652;11;7,0;5,0;24,0;17,0;0,08290836216997369;True;5;sgd;normalizer
555;2024-07-01 15:47:35.865557;0,21182000637054443;;leaky_relu;0,48547963653909865;0,6961027389555055;256;;0,6581238840373527;0,08823907721765889;0,06441741645709086;2255;17639;5161;batchnorm;;20;14,0;4,0;26,0;23,0;0,09146329851767092;;5;adam;normalizer
556;2024-07-01 15:49:42.418826;0,4977949559688568;;leaky_relu;0,9142914964661669;0,903954705485887;256;;0,7391160901229901;0,07881383617869218;0,001968142648835592;2255;17639;5161;batchnorm;;13;10,0;6,0;23,0;22,0;0,08839637697323097;;5;adam;normalizer
557;2024-07-01 15:51:41.270057;0,1981249898672104;;leaky_relu;0,34258890144798787;0,08888492718435476;256;;0,768988611354177;0,08320925867868346;0,017276559409315852;2255;17639;5161;batchnorm;;14;11,0;25,0;24,0;5,0;0,09553233978147124;;5;adam;normalizer
558;2024-07-01 15:54:07.001008;1,3407764434814453;;leaky_relu;0,80939705681275;0,6385643840213292;16;;0,5369660882933567;0,05963209286771438;0,027766712018233133;2255;17639;5161;vanilla;;12;25,0;4,0;24,0;16,0;0,09809971271323739;;5;adam;minmax
559;2024-07-01 15:58:02.949343;0,22171001136302948;;relu;0,05592150085111797;0,7411946712358359;256;;0,4460127807448403;0,09078761314006192;0,006271413350598431;2255;17639;5161;batchnorm;;19;8,0;22,0;23,0;20,0;;;5;adam;normalizer
560;2024-07-01 16:00:18.671636;0,2625950276851654;;leaky_relu;0,5622403799900744;0,5374141134071545;256;0,41623613648792673;0,5563889478742683;0,049650236425712146;0,01119908141066029;2255;17639;5161;dropout;;13;9,0;3,0;25,0;19,0;0,07046858995582414;;5;adam;normalizer
561;2024-07-01 16:02:57.364462;0,19156001508235931;;leaky_relu;0,8550009253025199;0,6140743560210958;256;;0,3770588349849934;0,09370059117076618;0,013958030378475506;2255;17639;5161;batchnorm;;12;9,0;3,0;12,0;18,0;0,06283124287399552;;5;adam;normalizer
562;2024-07-01 16:05:45.891959;0,1931850016117096;;selu;0,6896782512876571;0,5778529111476566;256;;0,6199585326753198;0,08432037997527073;0,009976663015439232;2255;17639;5161;batchnorm;;14;10,0;5,0;25,0;19,0;;;5;adam;normalizer
563;2024-07-01 16:08:31.586117;0,19733500480651855;;leaky_relu;0,7620545301004011;0,39983468804294275;256;;0,09604657422080426;0,07214790974303013;0,024064967653395372;2255;17639;5161;batchnorm;;11;9,0;27,0;22,0;20,0;0,06566145851328643;;5;adam;normalizer
564;2024-07-01 16:10:38.298182;0,4754351079463959;;leaky_relu;0,2866089607646601;0,9418238124662246;256;;0,5959044571055998;0,0863895119792711;0,01932197957800563;2255;17639;5161;batchnorm;;13;11,0;4,0;24,0;17,0;0,04684196044794232;;5;adam;minmax
565;2024-07-01 16:12:53.427995;0,3663500249385834;;leaky_relu;0,5997756415571898;0,8070445737376498;128;;0,6861172051589921;0,07512423026876346;0,00790334367806824;2255;17639;5161;batchnorm;;13;8,0;26,0;26,0;21,0;0,08594672775560218;;5;adam;normalizer
566;2024-07-01 16:16:53.764899;0,19132500886917114;;leaky_relu;0,7147567965323577;0,3338930375716469;256;;0,7261405591753549;0,0890564260873142;0,01519487642434607;2255;17639;5161;batchnorm;;12;10,0;5,0;23,0;22,0;0,0933076099662242;;5;adam;normalizer
567;2024-07-01 16:19:23.106775;0,20964625477790833;;leaky_relu;0,8365531064518072;0,8343527635522643;64;;0,7733644003171677;0,06292180431665985;0,01297083636965281;2255;17639;5161;batchnorm;;10;8,0;23,0;25,0;19,0;0,09996111169403939;;5;adam;normalizer
568;2024-07-01 16:22:34.841920;0,20784501731395721;;leaky_relu;0,6449650657401784;0,4870502093896138;256;;0,7902366877865925;0,08127921280064261;0,011386769891315703;2255;17639;5161;batchnorm;;27;9,0;21,0;24,0;18,0;0,08989368690218716;;5;adam;normalizer
569;2024-07-01 16:25:34.368747;0,19105000793933868;;leaky_relu;0,7929939772487197;0,7065550941965106;512;;0,6645725393742911;0,09233715357543147;0,03970141232061393;2255;17639;5161;batchnorm;;18;10,0;;;;0,09649172056193689;;2;adam;normalizer
570;2024-07-01 16:27:41.682869;0,20492000877857208;;leaky_relu;0,7433686221360978;0,6753004811384498;256;;0,24384123460703197;0,08758185846370226;0,4458586484054718;2255;17639;5161;batchnorm;;17;11,0;3,0;;;0,0767558058933212;;3;adam;minmax
571;2024-07-01 16:29:56.588352;0,28384000062942505;;leaky_relu;0,8140103533897373;0,5518811842719271;256;;0,15267799291210365;0,03635224897755164;0,05019488194183486;2255;17639;5161;batchnorm;;19;7,0;4,0;23,0;20,0;0,05700258323004432;;5;adam;normalizer
572;2024-07-01 16:31:57.934847;0,2103699892759323;;relu;0,35512433975720437;0,7833571275715608;256;;0,19329033454060532;0,04473314561391611;0,010038649951835522;2255;17639;5161;batchnorm;;14;9,0;6,0;26,0;19,0;;;5;adam;normalizer
573;2024-07-01 16:35:17.393148;0,3467950224876404;;leaky_relu;;;256;;0,4756680262084283;0,06589085295391799;0,22578875768079576;2255;17639;5161;batchnorm;0,013248348012955404;21;12,0;25,0;27,0;17,0;0,08761291339137807;True;5;sgd;normalizer
574;2024-07-01 16:37:09.667657;0,19133999943733215;;leaky_relu;0,7730149834869492;0,8550556286357576;256;;0,6923176125481569;0,08515144548880416;0,01680425300898827;2255;17639;5161;batchnorm;;20;10,0;4,0;24,0;21,0;0,07308314496148438;;5;adam;normalizer
575;2024-07-01 16:40:34.322938;0,21684831380844116;;leaky_relu;0,16328687844285034;0,5937753013508118;32;;0,41689880967718185;0,09052782509856867;0,021568704285521028;2255;17639;5161;batchnorm;;12;30,0;5,0;22,0;18,0;0,08451207044223859;;5;adam;normalizer
576;2024-07-01 16:44:36.576128;0,1926800161600113;;leaky_relu;0,5253002606525439;0,8804963272476297;256;;0,5063190778550133;0,0694032406672025;0,13622088185554082;2255;17639;5161;batchnorm;;8;11,0;27,0;25,0;16,0;0,09192949576358503;;5;adam;minmax
577;2024-07-01 16:46:39.664677;0,34364503622055054;;leaky_relu;0,9285545612977215;0,5256925938346128;256;;0,13785192946123068;0,0955965495491854;0,00833963844378351;2255;17639;5161;vanilla;;13;9,0;3,0;24,0;18,0;0,0978354589878744;;5;adam;normalizer
578;2024-07-01 16:48:29.355280;0,1983499974012375;;leaky_relu;0,8817585833499197;0,72660271298827;256;;0,346520721029693;0,05637037157897498;0,03216470095159625;2255;17639;5161;batchnorm;;12;10,0;26,0;26,0;19,0;0,07508165580457081;;5;adam;normalizer
579;2024-07-01 16:50:39.581598;0,22436749935150146;;leaky_relu;0,8476876243526397;0,6458033382216196;128;;0,22033665654072643;0,0796764231619255;0,09811181636028778;2255;17639;5161;batchnorm;;18;8,0;21,0;28,0;4,0;0,09486217504221924;;5;adam;normalizer
580;2024-07-01 16:53:10.572393;0,2058350145816803;;leaky_relu;0,6801539027905871;0,7507572908414635;256;;0,6425277704594687;0,04731738936393629;0,013624786102459749;2255;17639;5161;batchnorm;;11;9,0;4,0;23,0;17,0;0,0531979552244668;;5;adam;normalizer
581;2024-07-01 16:55:36.842232;0,19192999601364136;;leaky_relu;0,7978358753034825;0,6180687568134718;256;;0,17860252006198357;0,005885017690654873;0,011590528971332418;2255;17639;5161;batchnorm;;25;10,0;3,0;25,0;20,0;0,09026294906471419;;5;adam;normalizer
582;2024-07-01 16:58:04.427890;0,7466850876808167;;leaky_relu;0,7608593315299901;0,92805953360264;256;;0,11885586879417982;0,08364557594983583;0,007113727817357787;2255;17639;5161;batchnorm;;14;11,0;24,0;24,0;20,0;0,0812993431797621;;5;adam;minmax
583;2024-07-01 17:00:02.438666;125,64012145996094;;leaky_relu;0,827017983967077;0,5737099844898398;512;0,3002903154685117;0,8091745925251839;0,08819867154220663;0,5766570519095844;2255;17639;5161;dropout;;15;10,0;25,0;23,0;21,0;0,0938016227041375;;5;adam;normalizer
584;2024-07-01 17:01:50.667581;0,19460998475551605;;selu;0,7230907384348817;0,4241772862598133;256;;0,456118322924905;0,09737490553968443;0,008883167308132356;2255;17639;5161;batchnorm;;13;8,0;28,0;25,0;23,0;;;5;adam;normalizer
585;2024-07-01 17:04:12.405012;0,194179967045784;;relu;0,627023871902294;0,5126030664460531;256;;0,403337531203114;0,09299244419527065;0,017917390963582178;2255;17639;5161;batchnorm;;20;14,0;17,0;22,0;18,0;;;5;adam;normalizer
586;2024-07-01 17:06:38.581957;0,4717550277709961;;leaky_relu;0,8650000017398798;0,7721011427626108;256;;0,5745535193295123;0,08584727318147824;0,11108032656260085;2255;17639;5161;batchnorm;;11;9,0;6,0;24,0;19,0;0,08725676954328113;;5;adam;normalizer
587;2024-07-01 17:08:38.399062;0,4190150201320648;;leaky_relu;0,03379565394346318;0,6049464145086357;256;;0,2528040407989319;0,08970531843059538;0,015478492921417172;2255;17639;5161;batchnorm;;13;7,0;5,0;27,0;21,0;0,06895389794077225;;5;adam;normalizer
588;2024-07-01 17:10:55.804107;4880377,0;;leaky_relu;0,9945130487230696;0,15066402397771317;16;;0,5400162217063577;0,0775847375641038;0,02629469428015818;2255;17639;5161;batchnorm;;10;10,0;26,0;26,0;19,0;0,05868737110902311;;5;adam;minmax
589;2024-07-01 17:18:00.017187;0,8368299603462219;;leaky_relu;0,7842091407406921;0,9012313161066161;256;;0,9112527401408776;0,054384172971145534;0,0018581814887489011;2255;17639;5161;batchnorm;;14;8,0;14,0;21,0;17,0;0,050151567017432085;;5;adam;normalizer
590;2024-07-01 17:20:40.122553;0,19635501503944397;;leaky_relu;0,6595776668236459;0,8769734705983531;256;;0,20525459681020752;0,09140741865316993;0,010173474618226853;2255;17639;5161;batchnorm;;12;13,0;4,0;29,0;15,0;0,04351568591255931;;5;adam;normalizer
591;2024-07-01 17:23:09.654215;1,05930495262146;;leaky_relu;0,8011846327552776;0,31600998810949965;256;;0,38851925753617716;0,007170194293357572;0,08028726495081669;2255;17639;5161;batchnorm;;19;9,0;3,0;23,0;18,0;0,09621437318175277;;5;adam;normalizer
592;2024-07-01 17:25:42.270003;0,1915299892425537;;leaky_relu;0,8194444292060099;0,5595900735150277;256;;0,6155703145446184;0,03922573726315137;0,012613275151266931;2255;17639;5161;batchnorm;;13;10,0;11,0;25,0;20,0;0,0412141462722664;;5;adam;maxabs
593;2024-07-01 17:27:52.716851;1,0564274787902832;;leaky_relu;;;64;;0,23740354447985396;0,08241319943595064;0,009417101948964078;2255;17639;5161;batchnorm;0,05150208493925546;21;9,0;7,0;;;0,09142071130592568;False;3;sgd;normalizer
594;2024-07-01 17:31:02.042888;0,28289249539375305;;leaky_relu;0,38177156712824317;0,6825795014146916;128;;0,676795054332711;0,03290778954730077;0,020046701359489993;2255;17639;5161;batchnorm;;12;11,0;16,0;25,0;22,0;0,09776649754749903;;5;adam;normalizer
595;2024-07-01 17:33:25.242427;0,19605499505996704;;leaky_relu;0,7481328467801044;0,8140770357749676;256;;0,43741909887662683;0,07411959814728389;0,014201298128714377;2255;17639;5161;batchnorm;;15;8,0;5,0;24,0;19,0;0,0889896427939417;;5;adam;minmax
596;2024-07-01 17:37:02.149510;0,19440999627113342;;leaky_relu;0,704685851833031;0,6370611598880758;256;;0,36412837201135245;0,030111651379373033;0,011512536476839526;2255;17639;5161;batchnorm;;13;9,0;22,0;26,0;16,0;0,09285931559389753;;5;adam;normalizer
597;2024-07-01 17:39:48.746847;0,41929498314857483;;relu;0,5534429182868902;0,8405563543685247;256;;0,4936742103046812;0,05191808421017217;0,022442267400745747;2255;17639;5161;vanilla;;11;10,0;23,0;23,0;20,0;;;5;adam;normalizer
598;2024-07-01 17:41:34.703528;0,22075998783111572;;leaky_relu;0,4260763238479827;0,7172842216898677;512;;0,26281013904364736;0,09487174019604837;0,0012112537934330552;2255;17639;5161;batchnorm;;22;12,0;4,0;24,0;24,0;0,01947810572265714;;5;adam;normalizer
599;2024-07-01 17:43:17.081812;0,31722500920295715;;leaky_relu;0,7731536486139478;0,4721626221527677;256;;0,3231427684620545;0,009423407362270132;0,07011194191714638;2255;17639;5161;batchnorm;;9;11,0;3,0;27,0;17,0;0,037407226935876406;;5;adam;normalizer
600;2024-07-01 17:45:18.709409;0,20425502955913544;;leaky_relu;0,4651943178126127;0,23680411829713355;256;;0,5591315350226133;0,08728606624751428;0,01633507070592143;2255;17639;5161;batchnorm;;14;10,0;4,0;22,0;18,0;0,0010438895080984306;;5;adam;maxabs
601;2024-07-01 17:47:33.846623;0,4281550347805023;;leaky_relu;0,84359248212464;0,033368388874448596;256;;0,4250050682022884;0,07180307328564714;0,010733958604811059;2255;17639;5161;batchnorm;;20;9,0;18,0;24,0;25,0;0,09990676653572106;;5;adam;normalizer
602;2024-07-01 17:50:12.738277;0,19084998965263367;;leaky_relu;0,8919378652272701;0,5929144255719594;256;;0,8528466165171606;0,023632802310820718;0,01337291506766232;2255;17639;5161;batchnorm;;12;17,0;27,0;25,0;21,0;0,08400897771104632;;5;adam;minmax
603;2024-07-01 17:53:44.596562;0,19348500669002533;;leaky_relu;0,8173750416495261;0,6570603979783667;256;;0,16549545122106024;0,04254608989149189;0,029051739971466605;2255;17639;5161;batchnorm;;13;9,0;3,0;16,0;19,0;0,07931423630018408;;5;adam;normalizer
604;2024-07-01 17:56:06.282611;0,21057000756263733;;leaky_relu;0,8666452007424129;0,7938522866778619;256;;0,0725578326509986;0,03650690475496192;0,0558454556974522;2255;17639;5161;batchnorm;;19;8,0;5,0;23,0;18,0;0,06546751214941623;;5;adam;normalizer
605;2024-07-01 17:58:32.775861;0,6189450025558472;;leaky_relu;0,6024973503381708;0,7633525099607248;256;0,2398923964515211;0,5199915203875414;0,0895962709160535;0,044698213747753984;2255;17639;5161;dropout;;12;11,0;25,0;26,0;17,0;0,055286013190502956;;5;adam;normalizer
606;2024-07-01 18:00:39.408758;0,39334994554519653;;leaky_relu;0,7380098713279186;0,9185540728405543;256;;0,2816960904997128;0,08495630888056831;0,0060425012911080244;2255;17639;5161;batchnorm;;14;7,0;4,0;24,0;20,0;0,06675206725119293;;5;adam;normalizer
607;2024-07-01 18:03:58.116507;0,2077699899673462;;selu;0,7845701134097492;0,630599793044881;256;;0,698193137836728;0,011542624152212952;0,007493444770925017;2255;17639;5161;batchnorm;;18;10,0;24,0;25,0;19,0;;;5;adam;normalizer
608;2024-07-01 18:06:26.685294;0,5417993664741516;;leaky_relu;0,6799912761489094;0,7392174742716751;32;;0,5966395345597467;0,09237098336285939;0,0014841489567278578;2255;17639;5161;batchnorm;;13;6,0;26,0;23,0;18,0;0,03575118427480148;;5;adam;minmax
609;2024-07-01 18:10:34.825847;142,11219787597656;;leaky_relu;0,8042831391756468;0,06936399560130868;256;;0,2220607566499707;0,08056561646978329;0,08832019667600927;2255;17639;5161;batchnorm;;16;9,0;3,0;22,0;20,0;0,09556045541083745;;5;adam;normalizer
610;2024-07-01 18:13:13.941270;0,5441074967384338;;relu;0,8377265889689931;0,08860089350940459;128;;0,19154118247463067;0,09857385123363427;0,008862889317612217;2255;17639;5161;batchnorm;;11;8,0;6,0;25,0;7,0;;;5;adam;maxabs
611;2024-07-01 18:15:39.989557;0,22334997355937958;;leaky_relu;;;256;;0,39824010089941864;0,0871453564890496;0,01875426430566334;2255;17639;5161;batchnorm;0,03175852517293882;13;9,0;4,0;23,0;21,0;0,07147288814753738;True;5;sgd;normalizer
612;2024-07-01 18:17:30.944160;0,27702999114990234;;leaky_relu;0,7635694543144318;0,8630980141897653;512;;0,13220688638711095;0,048898345462699506;0,2356815449510508;2255;17639;5161;batchnorm;;10;10,0;26,0;24,0;19,0;0,08796619133976466;;5;adam;normalizer
613;2024-07-01 18:19:31.494414;0,20484498143196106;;leaky_relu;0,6969683824395632;0,5053465576110936;256;;0,47459841376176604;0,06073833272828556;0,012231489847353562;2255;17639;5161;batchnorm;;17;10,0;5,0;;;0,048138263052121204;;3;adam;normalizer
614;2024-07-01 18:21:55.823846;0,6681535840034485;;leaky_relu;0,6566136242618873;0,5562971159780792;16;;0,2656203263858798;0,09371611869045633;0,015056902462827976;2255;17639;5161;batchnorm;;20;11,0;30,0;26,0;20,0;0,0911391623658046;;5;adam;normalizer
615;2024-07-01 18:28:32.193339;0,2047400176525116;;leaky_relu;0,5767109464755085;0,5790236902687309;256;;0,3077809598693264;0,08323478137386228;0,02456125416388251;2255;17639;5161;batchnorm;;12;9,0;20,0;27,0;17,0;0,09399075860694352;;5;adam;minmax
616;2024-07-01 18:31:45.085352;0,3108150064945221;;leaky_relu;0,9090002132018674;0,6097410785598371;256;;0,5377589393245858;0,08879077266841907;0,010195258840845623;2255;17639;5161;batchnorm;;14;12,0;19,0;25,0;22,0;0,09833441900800614;;5;adam;normalizer
617;2024-07-01 18:33:42.759706;0,2468700110912323;;leaky_relu;0,7915144670167485;0,21636951034889645;256;;0,240739297173937;0,03800038815794103;0,01665036197132872;2255;17639;5161;batchnorm;;13;10,0;3,0;14,0;18,0;0,08607148545214904;;5;adam;normalizer
618;2024-07-01 18:35:35.444247;0,31873995065689087;;leaky_relu;0,7189348236072906;0,979831988509783;256;;0,7921223767612765;0,06745512417378959;0,03833758396392896;2255;17639;5161;batchnorm;;13;8,0;4,0;24,0;27,0;0,061720112843057576;;5;adam;maxabs
619;2024-07-01 18:38:21.711026;0,9250199198722839;;leaky_relu;0,41750899830597865;0,8235024257492164;256;;0,5653835477503687;0,0909144037907423;0,01156584502111936;2255;17639;5161;vanilla;;19;9,0;5,0;26,0;16,0;0,04069011293895935;;5;adam;normalizer
620;2024-07-01 18:40:11.735614;0,19906499981880188;;leaky_relu;0,4084434540254094;0,8880706634975577;256;;0,728249221411706;0,09991300175488765;0,008708980129042402;2255;17639;5161;batchnorm;;11;11,0;25,0;23,0;6,0;0,08956916431319648;;5;adam;normalizer
621;2024-07-01 18:43:43.359089;0,32992127537727356;;leaky_relu;0,29821435561771925;0,6918734534382727;64;;0,35282924583073866;0,01811318843566071;0,013880394339737954;2255;17639;5161;batchnorm;;12;9,0;4,0;9,0;;0,06388089230219464;;4;adam;normalizer
622;2024-07-01 18:46:28.049614;327,90228271484375;;leaky_relu;0,8546273769998908;0,5364078043566181;256;;0,4509062674821477;0,05096367493517705;0,3857290060550789;2255;17639;5161;batchnorm;;21;10,0;17,0;25,0;19,0;0,09695582761791724;;5;adam;minmax
623;2024-07-01 18:48:20.595161;0,21285498142242432;;leaky_relu;0,8274023437014362;0,660000350380355;256;;0,4996936047815735;0,058161455437739144;0,2840112373920493;2255;17639;5161;batchnorm;;14;10,0;3,0;28,0;29,0;0,051212007559565904;;5;adam;normalizer
624;2024-07-01 18:50:20.905853;0,31809002161026;;relu;0,9586155657155461;0,8503829181339838;128;;0,20622877837981882;0,08526595484441762;0,00680787898265966;2255;17639;5161;batchnorm;;15;7,0;22,0;21,0;17,0;;;5;adam;normalizer
625;2024-07-01 18:54:06.702487;0,43065500259399414;;leaky_relu;0,07453690349169051;0,43573082970610977;256;;0,14555023914720938;0,044359025931464714;0,021075443228450404;2255;17639;5161;batchnorm;;18;8,0;25,0;24,0;18,0;0,05997901004014719;;5;adam;normalizer
626;2024-07-01 18:56:01.665183;0,4280099868774414;;leaky_relu;0,4859931442487241;0,7901353092126693;256;0,16524500171281511;0,054132808263008196;0,09681973433855151;0,0010231865957989969;2255;17639;5161;dropout;;12;8,0;10,0;24,0;20,0;0,09282732229041937;;5;adam;normalizer
627;2024-07-01 18:57:57.153211;0,2650499939918518;;leaky_relu;0,5322270793796053;0,2894540948398089;256;;0,42318062993451583;0,08671994076228207;0,010270864298445209;2255;17639;5161;batchnorm;;13;9,0;5,0;23,0;19,0;0,09994160202858847;;5;adam;maxabs
628;2024-07-01 19:00:04.904124;0,35083040595054626;;selu;0,7554236309991859;0,6191768531058516;32;;0,3876914775393553;0,07577545429388248;0,012598657481292075;2255;17639;5161;batchnorm;;12;11,0;4,0;25,0;21,0;;;5;adam;normalizer
629;2024-07-01 19:04:30.562596;0,19538000226020813;;leaky_relu;0,7734249465131856;0,4357184000368678;512;;0,10733473743180161;0,06480358599590892;0,018566606863852947;2255;17639;5161;batchnorm;;10;10,0;18,0;22,0;19,0;0,08163835642029049;;5;adam;minmax
630;2024-07-01 19:07:00.231314;0,4342750012874603;;leaky_relu;0,8088828060060925;0,9465445277771298;256;;0,3708360369674014;0,08899806739008656;0,033652824436244316;2255;17639;5161;batchnorm;;11;9,0;3,0;27,0;18,0;0,09550361926150146;;5;adam;normalizer
631;2024-07-01 19:09:08.309101;0,5069900155067444;;leaky_relu;;;256;;0,17620823574609903;0,04144330388866022;0,00930762806843683;2255;17639;5161;batchnorm;0,023074237913818397;20;13,0;4,0;24,0;;0,07708375030107358;False;4;sgd;normalizer
632;2024-07-01 19:11:14.416602;20005248,0;;leaky_relu;0,7352707195020266;0,0158904068656458;256;;0,2886206498933088;0,08090169303550136;0,709556986827043;2255;17639;5161;batchnorm;;19;9,0;6,0;25,0;23,0;0,08596170388899847;;5;adam;normalizer
633;2024-07-01 19:13:31.722917;0,19778500497341156;;leaky_relu;0,8768294276035878;0,5774651511206208;256;;0,3400362536759759;0,08367501466835607;0,015524987076232124;2255;17639;5161;batchnorm;;13;10,0;20,0;22,0;20,0;0,09082909739682078;;5;adam;normalizer
634;2024-07-01 19:15:42.780235;0,5133199691772461;;leaky_relu;0,8313216282210631;0,7501028639169112;256;;0,22793808071745061;0,0940387321061039;0,13010215384178545;2255;17639;5161;batchnorm;;14;15,0;24,0;26,0;21,0;0,05367367572432986;;5;adam;normalizer
635;2024-07-01 19:17:44.922284;0,20169000327587128;;leaky_relu;0,634240964003619;0,7128257409550992;256;;0,4650784448289888;0,07819108017142405;0,011012872336255447;2255;17639;5161;batchnorm;;14;8,0;3,0;23,0;17,0;0,09417406904895576;;5;adam;minmax
636;2024-07-01 19:20:40.938708;0,2165200263261795;;relu;0,7862215051387289;0,8046828247635998;256;;0,6208825879943941;0,09116204847428469;0,007593374511120369;2255;17639;5161;batchnorm;;13;12,0;26,0;24,0;9,0;;;5;adam;maxabs
637;2024-07-01 19:22:56.230888;0,896530032157898;;leaky_relu;0,5087368838090344;0,6366924088552883;256;;0,8097622770903744;0,0874025146760852;0,0055157730484113425;2255;17639;5161;batchnorm;;12;10,0;21,0;25,0;19,0;0,05727838185756686;;5;adam;normalizer
638;2024-07-01 19:24:47.947946;0,19926999509334564;;leaky_relu;0,8055382678324805;0,7741266192388055;256;;0,6454722270729372;0,06923953977090375;0,025659070096191717;2255;17639;5161;batchnorm;;11;11,0;5,0;26,0;22,0;0,08780010265931659;;5;adam;normalizer
639;2024-07-01 19:27:17.455879;0,21781747043132782;;leaky_relu;0,6703526981573615;0,3842452848581155;128;;0,26771619667827345;0,07307996281522859;0,012931322029403721;2255;17639;5161;batchnorm;;15;9,0;27,0;24,0;16,0;0,09816115865520553;;5;adam;normalizer
640;2024-07-01 19:30:03.023455;0,210439994931221;;leaky_relu;0,8565592704257872;0,9142751939762033;256;;0,5807797168300934;0,09536652674619234;0,022241982830669832;2255;17639;5161;batchnorm;;12;23,0;4,0;23,0;18,0;0,08360320411187938;;5;adam;normalizer
641;2024-07-01 19:32:36.819086;3,721454620361328;;leaky_relu;0,6153767159631731;0,5973604207548323;16;;0,3196884237897863;0,061400126515373035;0,017307091251614875;2255;17639;5161;vanilla;;13;10,0;26,0;25,0;11,0;0,092797140597735;;5;adam;normalizer
642;2024-07-01 19:36:14.135552;0,2052599936723709;;leaky_relu;0,27262644982399553;0,11759512001505473;256;;0,08652243411443641;0,08514045732890455;0,013997183421633504;2255;17639;5161;batchnorm;;10;9,0;25,0;20,0;;0,09639567689520383;;4;adam;minmax
643;2024-07-01 19:38:22.942523;0,40347999334335327;;leaky_relu;0,7054459775837609;0,8755599461727533;256;;0,5171100038809829;0,09261004529690309;0,03060429865387682;2255;17639;5161;batchnorm;;21;8,0;3,0;23,0;20,0;0,0895160576016576;;5;adam;normalizer
644;2024-07-01 19:40:43.239313;0,3250200152397156;;leaky_relu;0,8196745104144085;0,8291334782343338;512;;0,25270364314941823;0,08966317878143688;0,11440935445179476;2255;17639;5161;batchnorm;;14;16,0;4,0;24,0;18,0;0,07203416479769152;;5;adam;maxabs
645;2024-07-01 19:42:28.402205;0,22172999382019043;;leaky_relu;0,7487763914284157;0,6785605549497944;256;;0,5455074410127912;0,08630913309667608;0,008355817133043944;2255;17639;5161;batchnorm;;17;7,0;24,0;26,0;20,0;0,046603884254803725;;5;adam;normalizer
646;2024-07-01 19:44:44.464273;0,22515001893043518;;leaky_relu;0,2420631153166642;0,5470456757313303;256;;0,4039391154238418;0,034363247570510146;0,01101414030513959;2255;17639;5161;batchnorm;;28;11,0;5,0;27,0;15,0;0,094658121622384;;5;adam;normalizer
647;2024-07-01 19:47:11.923856;0,19734500348567963;;relu;0,36543703004269307;0,6491692713826103;256;;0,16201565098658963;0,045821784332785796;0,004547662593523293;2255;17639;5161;batchnorm;;20;;;;;;;1;adam;normalizer
648;2024-07-01 19:49:08.269900;0,5036187171936035;;leaky_relu;0,7712421591711134;0,14999612285688446;64;0,5385702828245599;0,8956087754533725;0,08221314019962177;0,0025759547531688516;2255;17639;5161;dropout;;19;9,0;4,0;28,0;19,0;0,05475971448120066;;5;adam;minmax
649;2024-07-01 19:51:40.484878;0,4878249764442444;;leaky_relu;;;256;;0,7004535422490913;0,08834037977086044;0,003636951597004804;2255;17639;5161;batchnorm;0,003594426687904042;13;10,0;18,0;22,0;17,0;0,09080728617516558;True;5;sgd;normalizer
650;2024-07-01 19:53:32.378456;0,2827400267124176;;selu;0,549228356727709;0,8981048657812163;256;;0,20274451408354263;0,09105816788351677;0,010201486655512106;2255;17639;5161;batchnorm;;16;11,0;;;;;;2;adam;normalizer
651;2024-07-01 19:56:52.732460;0,4709700047969818;;leaky_relu;0,8944326171849439;0,6049236259952588;256;;0,5946964593305437;0,05347141237031463;0,012426349165478872;2255;17639;5161;batchnorm;;12;10,0;3,0;24,0;21,0;0,08546929769547024;;5;adam;normalizer
652;2024-07-01 19:59:14.501847;0,29256004095077515;;leaky_relu;0,8371683749503249;0,736630898502401;256;;0,6780650750464857;0,07958855480309877;0,09568602061312288;2255;17639;5161;batchnorm;;11;9,0;6,0;25,0;18,0;0,031241642508646864;;5;adam;normalizer
653;2024-07-01 20:01:21.637855;0,2072950154542923;;leaky_relu;0,31099267407106357;0,45474732850770677;256;;0,18512300746694038;0,07128679870802437;0,06320337526589323;2255;17639;5161;batchnorm;;18;25,0;23,0;23,0;19,0;0,042690353456008114;;5;adam;maxabs
654;2024-07-01 20:03:21.670901;0,19439497590065002;;leaky_relu;0,9300126219478505;0,8541410664899115;128;;0,29152900270456017;0,09745521956472879;0,01897153505813928;2255;17639;5161;batchnorm;;13;26,0;5,0;;;0,09801743833827099;;3;adam;normalizer
655;2024-07-01 20:05:56.436270;121,9055404663086;;leaky_relu;0,7969890668863845;0,5613619877188311;256;;0,235174904818762;0,0475051815247022;0,3981187230465766;2255;17639;5161;batchnorm;;8;10,0;4,0;25,0;;0,09239065943955133;;4;adam;minmax
656;2024-07-01 20:08:24.805565;0,20751123130321503;;leaky_relu;0,8757424581992945;0,6230624373591603;32;;0,4426870453883207;0,08450177842230323;0,009346424617707154;2255;17639;5161;batchnorm;;12;28,0;28,0;26,0;18,0;0,07890345053129565;;5;adam;normalizer
657;2024-07-01 20:12:36.027629;0,19303502142429352;;leaky_relu;0,6442904424918837;0,7827858960123094;256;;0,3809238841620216;0,09299633127180423;0,015035768313036196;2255;17639;5161;batchnorm;;26;8,0;3,0;24,0;3,0;0,06732312324185366;;5;adam;normalizer
658;2024-07-01 20:15:24.655794;0,26343998312950134;;leaky_relu;0,7222165455199253;0,5271088627928954;512;;0,1272720721712779;0,08791944254380235;0,011620025110775246;2255;17639;5161;batchnorm;;14;8,0;7,0;24,0;17,0;0,04021347104669116;;5;adam;normalizer
659;2024-07-01 20:17:07.001103;0,2524999976158142;;leaky_relu;0,5755236033421658;0,5882867838317457;256;;0,501784553860167;0,09023518679396311;0,023819068744380587;2255;17639;5161;batchnorm;;20;9,0;19,0;23,0;20,0;0,05904683841021362;;5;adam;normalizer
660;2024-07-01 20:19:32.473821;0,3551599979400635;;relu;0,6829882758726794;0,9618469603647771;256;;0,8264496128082086;0,02191476228474141;0,006642293790410661;2255;17639;5161;batchnorm;;13;11,0;17,0;25,0;19,0;;;5;adam;normalizer
661;2024-07-01 20:21:53.272070;0,2604900002479553;;leaky_relu;0,7595173500781606;0,6672868483036338;256;;0,7467744381887511;0,05613460969049042;0,0421378649320481;2255;17639;5161;batchnorm;;11;18,0;25,0;22,0;22,0;0,08849107484895895;;5;adam;maxabs
662;2024-07-01 20:23:51.817607;0,22981002926826477;;leaky_relu;0,8504249435766557;0,7615584260126553;256;;0,5297408297297024;0,0948604572578557;0,016843697913224473;2255;17639;5161;batchnorm;;13;10,0;5,0;21,0;21,0;0,09615990336173552;;5;adam;minmax
663;2024-07-01 20:25:55.208839;0,3436099886894226;;leaky_relu;0,7873076065928983;0,8149872979030146;256;;0,5689971036964626;0,08197661226938;0,008637929209881236;2255;17639;5161;batchnorm;;14;9,0;4,0;27,0;16,0;0,07365898506008993;;5;adam;normalizer
664;2024-07-01 20:28:47.504815;23378924,0;;leaky_relu;0,45989761714023064;0,6951113191245422;256;;0,30523467941279936;0,040666427945094626;0,6549948516566471;2255;17639;5161;vanilla;;19;10,0;27,0;23,0;19,0;0,05166469662137792;;5;adam;normalizer
665;2024-07-01 20:30:39.330617;0,19491998851299286;;leaky_relu;0,810975510892535;0,8688757146280786;256;;0,42668386280226495;0,0776346233377481;0,013878863989275103;2255;17639;5161;batchnorm;;9;12,0;26,0;26,0;20,0;0,08223515071000044;;5;adam;normalizer
666;2024-07-01 20:32:50.146920;0,19712501764297485;;leaky_relu;0,7342466787786062;0,5707226293458977;256;;0,7677291942541988;0,06632797349294056;0,02087157065049993;2255;17639;5161;batchnorm;;18;7,0;16,0;25,0;12,0;0,0942794759214583;;5;adam;normalizer
667;2024-07-01 20:34:56.657849;0,2266625165939331;;leaky_relu;0,8257831245706069;0,7260139781813061;128;;0,4706886741753475;0,0864543069928964;0,16503870687787797;2255;17639;5161;batchnorm;;22;8,0;21,0;24,0;;0,039131726789444696;;4;adam;normalizer
668;2024-07-01 20:38:13.194571;0,6750950217247009;;leaky_relu;;;256;;0,6557628024773086;0,05092550829021756;0,0019654299680365458;2255;17639;5161;batchnorm;0,0012130321593289428;12;6,0;3,0;24,0;18,0;0,09177499176398773;False;5;sgd;minmax
669;2024-07-01 20:40:21.883126;0,20434501767158508;;leaky_relu;0,7740391760178207;0,4617910427627097;256;;0,2170433665613119;0,07418723899487935;0,02803258943186938;2255;17639;5161;batchnorm;;21;9,0;5,0;23,0;17,0;0,09826502095418914;;5;adam;normalizer
670;2024-07-01 20:42:27.832184;25,335922241210938;;leaky_relu;0,6595684760147461;0,8366106833996535;16;;0,14849503823517907;0,08381209387265506;0,5738177561660219;2255;17639;5161;batchnorm;;12;9,0;8,0;3,0;18,0;0,028317960006701195;;5;adam;normalizer
671;2024-07-01 20:48:54.705370;0,21009500324726105;;selu;0,5975418190361541;0,18770047432246334;256;0,5823342310966222;0,25441590417383136;0,07575224523377971;0,009867522254998757;2255;17639;5161;dropout;;15;11,0;3,0;25,0;19,0;;;5;adam;maxabs
672;2024-07-01 20:50:55.546126;1,2737400531768799;;leaky_relu;0,6964582033826917;0,492588454525579;512;;0,3325632179394068;0,029905991042538736;0,4929204182297484;2255;17639;5161;batchnorm;;13;10,0;23,0;22,0;21,0;0,06348318367742624;;5;adam;normalizer
673;2024-07-01 20:52:39.107937;0,32848501205444336;;relu;0,10027011422566867;0,6313579617318142;256;;0,275262524890762;0,08982205000981826;0,007778022144649376;2255;17639;5161;batchnorm;;14;14,0;4,0;24,0;;;;4;adam;normalizer
674;2024-07-01 20:54:44.631682;0,22265999019145966;;leaky_relu;0,3912281684879303;0,4177968286849923;256;;0,48699608939745753;0,03901986310347978;0,012027976329516422;2255;17639;5161;batchnorm;;10;9,0;4,0;23,0;20,0;0,0998552573955498;;5;adam;normalizer
675;2024-07-01 20:57:06.110493;0,20888499915599823;;leaky_relu;0,800483128167056;0,893949420569938;256;;0,7225298547197895;0,09249373456324005;0,015794496939132357;2255;17639;5161;batchnorm;;13;10,0;6,0;25,0;14,0;0,08716495580159708;;5;adam;minmax
676;2024-07-01 20:59:15.001371;0,21093623340129852;;leaky_relu;0,8417491611986054;0,6017634425706554;64;;0,5528301513669754;0,019788072321455387;0,013573503875734137;2255;17639;5161;batchnorm;;20;8,0;26,0;27,0;19,0;0,09010202588821045;;5;adam;normalizer
677;2024-07-01 21:02:59.999692;0,6851450204849243;;leaky_relu;0,9097403033474275;0,9404758299177303;256;;0,6369368480443721;0,08605142416878216;0,9915976218654963;2255;17639;5161;batchnorm;;11;9,0;19,0;26,0;17,0;0,07030380139377554;;5;adam;normalizer
678;2024-07-01 21:04:58.666120;0,37505000829696655;;leaky_relu;0,626686825620607;0,7968056501285816;256;;0,35831835571366183;0,04430199306259003;0,0021910669587188753;2255;17639;5161;batchnorm;;12;10,0;25,0;24,0;18,0;0,05641347261708212;;5;adam;normalizer
679;2024-07-01 21:06:59.176651;4,20589542388916;;leaky_relu;0,9998791659722168;0,650807866568626;256;;0,409934259815884;0,026933775734605668;0,01078845093563201;2255;17639;5161;batchnorm;;19;11,0;22,0;25,0;20,0;0,09656953234789725;;5;adam;maxabs
680;2024-07-01 21:08:53.217669;0,20432500541210175;;leaky_relu;0,7540676506944617;0,24510894241177872;256;;0,17685154477939669;0,08848779256310561;0,01857340331360877;2255;17639;5161;batchnorm;;12;8,0;24,0;24,0;22,0;0,048784076309438956;;5;adam;normalizer
681;2024-07-01 21:10:54.821507;0,21115998923778534;;leaky_relu;0,01976827921751284;0,5088988255415279;256;;0,10831721612910428;0,06462692039493885;0,009820075321460592;2255;17639;5161;batchnorm;;13;29,0;3,0;26,0;21,0;0,08418201707324106;;5;adam;normalizer
682;2024-07-01 21:13:30.246934;0,38293495774269104;;leaky_relu;0,35519312241001433;0,6187754706263378;256;;0,2372700230996363;0,09429611092006374;0,014665788203994091;2255;17639;5161;batchnorm;;14;12,0;4,0;23,0;23,0;0,09363877405060653;;5;adam;minmax
683;2024-07-01 21:17:00.350689;10,324020385742188;;leaky_relu;0,7835806289088049;0,376137251943379;32;;0,607079329391914;0,05893570986859722;0,1471472900045503;2255;17639;5161;batchnorm;;11;7,0;5,0;26,0;19,0;0,08828579948673629;;5;adam;normalizer
684;2024-07-01 21:21:36.052413;0,21090252697467804;;relu;0,8664352352166781;0,915329494886881;128;;0,9982005961002203;0,09157379055211971;0,01197681918598572;2255;17639;5161;batchnorm;;13;10,0;18,0;21,0;;;;4;adam;normalizer
685;2024-07-01 21:24:15.495001;178,57843017578125;;leaky_relu;0,8203252124226726;0,7569219661728386;256;;0,5294356637894402;0,0683134632973111;0,20838929850318644;2255;17639;5161;vanilla;;12;9,0;25,0;24,0;18,0;0,09547167103715805;;5;adam;normalizer
686;2024-07-01 21:25:57.257070;0,2717849612236023;;leaky_relu;;;256;;0,21515956191595115;0,07951391944320677;0,02076223730330822;2255;17639;5161;batchnorm;0,016070713340481647;19;13,0;3,0;28,0;20,0;0,09161298686876665;True;5;sgd;normalizer
687;2024-07-01 21:27:58.436224;1054,429443359375;;leaky_relu;0,958579883414995;0,5422498721840772;512;;0,956255772373109;0,08438671804638735;0,30892553855546745;2255;17639;5161;batchnorm;;17;10,0;27,0;19,0;17,0;0,04518678275142535;;5;adam;normalizer
688;2024-07-01 21:29:41.908513;0,41646498441696167;;leaky_relu;0,5001387394844197;0,21088354507300494;256;;0,8682993224738049;0,09569620484483304;0,005025007160394091;2255;17639;5161;batchnorm;;15;11,0;20,0;;;0,061938825207307806;;3;adam;maxabs
689;2024-07-01 21:31:36.007480;0,37764498591423035;;leaky_relu;0,7157327163527164;0,7126428769211224;256;;0,78272975396696;0,08772629916898365;0,07926850002222134;2255;17639;5161;batchnorm;;18;9,0;4,0;22,0;18,0;0,06778157020075679;;5;adam;minmax
690;2024-07-01 21:33:57.674261;0,1909700185060501;;leaky_relu;0,7677425213387896;0,6729844225542854;256;;0,8028779567725773;0,08172124914679672;0,037165802218277824;2255;17639;5161;batchnorm;;20;8,0;5,0;23,0;19,0;0,019731517933073348;;5;adam;normalizer
691;2024-07-01 21:37:04.199150;10,441971778869629;;leaky_relu;0,8010454412041785;0,5850641457075407;256;;0,8341110463758747;0,08986015183939118;0,8395783568262872;2255;17639;5161;batchnorm;;14;9,0;4,0;25,0;16,0;0,07765325917117312;;5;adam;normalizer
692;2024-07-01 21:39:04.362563;0,18934500217437744;;leaky_relu;0,8846170627460267;0,8452123521614217;256;;0,8884625494533046;0,06221588420327412;0,02593985102102462;2255;17639;5161;batchnorm;;13;10,0;3,0;24,0;9,0;0,086319463406694;;5;adam;normalizer
693;2024-07-01 21:41:03.621142;0,1845649927854538;0,47849223946784925;leaky_relu;0,8987001688758308;0,807372348238608;256;;0,9641514849870213;0,06283686417384438;0,029687456912460563;2255;17639;5161;batchnorm;;12;11,0;4,0;25,0;;0,08555437486619533;;4;adam;normalizer
694;2024-07-01 21:43:44.403081;0,6699650883674622;;leaky_relu;0,3380586022555432;0,822440351874134;256;;0,942260299818806;0,06041506668326;0,028951304263493308;2255;17639;5161;batchnorm;;13;12,0;3,0;25,0;;0,08293832375978545;;4;adam;normalizer
695;2024-07-01 21:45:41.219350;0,238055020570755;;leaky_relu;0,7359584898412208;0,8086949642538567;256;0,1260310628977398;0,8742351121470227;0,0554256755266578;0,02814407727319087;2255;17639;5161;dropout;;12;11,0;3,0;25,0;;0,08539661872326479;;4;adam;normalizer
696;2024-07-01 21:47:27.081507;0,2973349690437317;;selu;0,8985078358782443;0,30923199522464745;256;;0,9009546035642676;0,07171241458620677;0,03219936212410766;2255;17639;5161;batchnorm;;12;12,0;4,0;25,0;;;;4;adam;normalizer
697;2024-07-01 21:49:17.056112;5712,4970703125;;leaky_relu;0,9080306782910473;0,4061352634102065;16;;0,9726884809784084;0,061447413365973015;0,055036358315413814;2255;17639;5161;batchnorm;;13;11,0;4,0;26,0;;0,0853807908576088;;4;adam;normalizer
698;2024-07-01 22:01:31.562064;0,33407503366470337;;relu;0,9244008322619456;0,8384585120039298;256;;0,9369911740229239;0,05687472900381357;0,0017723143101271203;2255;17639;5161;batchnorm;;16;11,0;3,0;25,0;;;;4;adam;normalizer
699;2024-07-01 22:03:22.839569;0,29361996054649353;;leaky_relu;0,9296134792017787;0,26278505176595823;128;;0,37571413758149624;0,06516347163274433;0,02429962227709953;2255;17639;5161;batchnorm;;14;11,0;4,0;24,0;;0,08628345433542094;;4;adam;normalizer
700;2024-07-01 22:05:44.951207;0,19350501894950867;;leaky_relu;0,8815706582856346;0,5684372574913423;256;;0,8533476676505041;0,05014153865389761;0,03347410075784262;2255;17639;5161;batchnorm;;13;12,0;25,0;26,0;;0,08078466088177066;;4;adam;normalizer
701;2024-07-01 22:08:00.337177;0,3957100510597229;;leaky_relu;0,9062510858601839;0,6479926909849105;256;;0,921545067283631;0,05540242396455578;0,039162833572018635;2255;17639;5161;batchnorm;;14;11,0;26,0;25,0;;0,08752200155066991;;4;adam;normalizer
702;2024-07-01 22:09:56.136258;1,115265130996704;;leaky_relu;0,19792959350212797;0,6041277049478347;256;;0,3224232340686859;0,06727258938023288;0,3446325642513709;2255;17639;5161;batchnorm;;21;10,0;3,0;24,0;;0,0838853074956604;;4;adam;normalizer
703;2024-07-01 22:11:48.410379;0,3787199854850769;;leaky_relu;0,5295314696800213;0,8619243717761861;512;;0,8750983907953753;0,06323072874115633;0,026070191257583312;2255;17639;5161;batchnorm;;12;10,0;24,0;27,0;;0,08911067502027514;;4;adam;normalizer
704;2024-07-01 22:13:30.145195;0,3607400059700012;;leaky_relu;0,4401820551893614;0,5581811318525834;256;;0,9473641975297714;0,05928215860086319;0,03219764654159716;2255;17639;5161;batchnorm;;13;11,0;4,0;25,0;9,0;0,08692450735850914;;5;adam;normalizer
705;2024-07-01 22:15:29.471041;1,746476173400879;;leaky_relu;0,4107405060897049;0,5289019212825248;64;;0,924458974717492;0,06958532264860177;0,2713867994776365;2255;17639;5161;batchnorm;;29;13,0;18,0;26,0;;0,08285316169788871;;4;adam;normalizer
706;2024-07-01 22:18:10.599350;0,5255600214004517;;leaky_relu;;;256;;0,8207328261919277;0,06491593294684828;0,035828340310109445;2255;17639;5161;batchnorm;0,00234507907236215;15;24,0;3,0;24,0;;0,08861148829183506;False;4;sgd;normalizer
707;2024-07-01 22:20:53.513293;0,606469988822937;;leaky_relu;0,6951459302372659;0,6241218196219328;256;;0,990754726627521;0,057955535157023806;0,028984005334628787;2255;17639;5161;batchnorm;;19;10,0;4,0;24,0;;0,03694171605180885;;4;adam;normalizer
708;2024-07-01 22:22:44.214403;0,19763502478599548;;leaky_relu;0,8877535479740045;0,8783913475891905;256;;0,9609705374552833;0,06339474828930798;0,043831492790990426;2255;17639;5161;batchnorm;;22;12,0;22,0;25,0;;0,08981205351524857;;4;adam;normalizer
709;2024-07-01 22:25:37.677339;0,3214399218559265;;leaky_relu;0,37247210467914327;0,5858072421743594;256;;0,9100915125821227;0,08565308698326361;0,008167825032758886;2255;17639;5161;vanilla;;12;15,0;19,0;26,0;;0,07995954638414826;;4;adam;normalizer
710;2024-07-01 22:27:29.017278;1,2144578695297241;;relu;0,322636140466357;0,9270599190937218;32;;0,8239219708517521;0,04896889422093054;0,1664086537367137;2255;17639;5161;batchnorm;;13;27,0;26,0;24,0;;;;4;adam;maxabs
711;2024-07-01 22:31:30.107139;0,2194099873304367;;leaky_relu;0,9455146227241501;0,8026322583607831;256;;0,8937328660361135;0,051756301536925724;0,024738277874886673;2255;17639;5161;batchnorm;;18;10,0;27,0;25,0;9,0;0,08629216313761058;;5;adam;normalizer
712;2024-07-01 22:33:45.505526;0,19892999529838562;;leaky_relu;0,6787277366969184;0,6876223813177271;256;;0,7906984372176091;0,04593501577022033;0,052621649078167854;2255;17639;5161;batchnorm;;23;22,0;4,0;;;0,060187180567481575;;3;adam;normalizer
713;2024-07-01 22:35:59.865251;0,6074899435043335;;leaky_relu;0,5824705467321641;0,8322843984814634;128;;0,8608506459979507;0,08303454609652143;0,007207184884918716;2255;17639;5161;batchnorm;;20;11,0;17,0;25,0;8,0;0,014341961152299923;;5;adam;normalizer
714;2024-07-01 22:38:29.849283;17,681833267211914;;leaky_relu;0,6440651789641829;0,0385143070796663;256;;0,28019574933094726;0,04771662710671609;0,049555321757519796;2255;17639;5161;batchnorm;;12;10,0;25,0;27,0;24,0;0,07585868766110097;;5;adam;normalizer
715;2024-07-01 22:40:30.452145;0,21618501842021942;;leaky_relu;0,7556694064699111;0,6396005431345994;256;;0,8804481317598117;0,05363108706899285;0,009889565328136802;2255;17639;5161;batchnorm;;13;9,0;3,0;24,0;10,0;0,08477251550606357;;5;adam;normalizer
716;2024-07-01 22:43:01.793231;0,22205999493598938;;selu;0,774927996650576;0,8915989514631314;256;;0,8630422210079036;0,06662470563424863;0,259786575521005;2255;17639;5161;batchnorm;;14;19,0;20,0;26,0;8,0;;;5;adam;normalizer
717;2024-07-01 22:45:04.905296;0,3001299798488617;;leaky_relu;0,4675685559579465;0,6625061691186824;512;0,6586844180609758;0,9817991443218176;0,0600741302789825;0,0058528925428863844;2255;17639;5161;dropout;;21;10,0;5,0;25,0;;0,05271869072868261;;4;adam;maxabs
718;2024-07-01 22:47:55.756052;0,40678495168685913;;leaky_relu;0,7401100227117121;0,60925173407879;256;;0,7732106287607288;0,05398264885513633;0,00885625258508746;2255;17639;5161;batchnorm;;12;11,0;23,0;24,0;8,0;0,08905491775870873;;5;adam;normalizer
719;2024-07-01 22:50:24.303612;0,4329100251197815;;leaky_relu;0,17450640339709544;0,9587189931496997;256;;0,8587941464717794;0,01650881901680762;0,010959356174577809;2255;17639;5161;batchnorm;;20;17,0;4,0;24,0;7,0;0,0911738166633114;;5;adam;normalizer
720;2024-07-01 22:52:30.141225;0,3746950030326843;;leaky_relu;0,2660102734570624;0,7851690957326506;256;;0,9923374033748331;0,06266221198552675;0,0041772342085139216;2255;17639;5161;batchnorm;;13;7,0;3,0;26,0;10,0;0,03477752840731474;;5;adam;normalizer
721;2024-07-01 22:54:21.999295;0,1895499974489212;;leaky_relu;0,6639552615134658;0,47956665942469623;256;;0,9959260644216735;0,06342092387560316;0,02755810803156663;2255;17639;5161;batchnorm;;19;8,0;4,0;29,0;9,0;0,08128366839116578;;5;adam;normalizer
722;2024-07-01 22:56:32.902181;0,19837498664855957;;leaky_relu;0,712406014526743;0,5529220477467753;256;;0,8080321302345699;0,06198980372590443;0,03497691008404057;2255;17639;5161;batchnorm;;14;9,0;26,0;25,0;7,0;0,056094369596375704;;5;adam;normalizer
723;2024-07-01 22:58:33.314810;0,3092600405216217;;relu;0,1042595188113341;0,8549368793020279;256;;0,956600101216776;0,07647548396382171;0,023947495023615924;2255;17639;5161;batchnorm;;12;10,0;3,0;24,0;22,0;;;5;adam;normalizer
724;2024-07-01 23:00:34.017884;1,8662543296813965;;leaky_relu;0,6060835676223383;0,38410988136022767;16;;0,9435364127637226;0,04252478346612882;0,009118131729036643;2255;17639;5161;batchnorm;;13;12,0;24,0;7,0;8,0;0,0872625569477176;;5;adam;maxabs
725;2024-07-01 23:07:09.157138;0,5602899789810181;;leaky_relu;;;256;;0,9468046149578143;0,056445936364585766;0,0651383135987367;2255;17639;5161;batchnorm;0,07417016480484132;18;11,0;21,0;27,0;9,0;0,05050047676754069;True;5;sgd;normalizer
726;2024-07-01 23:09:16.407527;0,27885496616363525;;leaky_relu;0,8808081863689773;0,8205201927223875;256;;0,9703970051122411;0,06987105962379328;0,01206604392710036;2255;17639;5161;batchnorm;;14;9,0;19,0;25,0;9,0;0,042588569817909594;;5;adam;normalizer
727;2024-07-01 23:11:32.319994;0,4832150340080261;;leaky_relu;0,9769030842194664;0,5751792018618566;256;;0,8974360247466231;0,0868176594689947;0,007532938560072715;2255;17639;5161;batchnorm;;24;8,0;5,0;24,0;;0,07515138355755376;;4;adam;normalizer
728;2024-07-01 23:13:25.157699;0,23047001659870148;;leaky_relu;0,7783284354175991;0,908780486888102;256;;0,8858185526401012;0,08412901549992342;0,010587096122374462;2255;17639;5161;batchnorm;;17;10,0;25,0;26,0;10,0;0,09178765771628261;;5;adam;normalizer
729;2024-07-01 23:16:02.905348;0,46614494919776917;;leaky_relu;0,7950873592995332;0,7020918270722849;128;;0,9372480706380687;0,058625467992757155;0,09764359290834293;2255;17639;5161;batchnorm;;15;11,0;4,0;11,0;8,0;0,07186104029902993;;5;adam;normalizer
730;2024-07-01 23:18:13.495733;0,19235500693321228;;leaky_relu;0,8165692822922306;0,4574876334880078;256;;0,4512585845124856;0,007818386545064837;0,012997297211428751;2255;17639;5161;batchnorm;;12;21,0;5,0;24,0;16,0;0,032298605744579795;;5;adam;normalizer
731;2024-07-01 23:20:33.516898;0,5736200213432312;;leaky_relu;0,33293877619225853;0,9838425667204285;256;;0,8497918234030483;0,07873069126138528;0,029814413232452385;2255;17639;5161;batchnorm;;11;9,0;3,0;24,0;17,0;0,08925977908738994;;5;adam;normalizer
732;2024-07-01 23:22:36.459525;0,19686375558376312;;leaky_relu;0,9423294013195255;0,6398486263806564;64;;0,8788854203681188;0,06686095185249083;0,006421131203117326;2255;17639;5161;batchnorm;;13;14,0;18,0;25,0;15,0;0,005729588189598893;;5;adam;maxabs
733;2024-07-01 23:26:47.709784;0,2687099874019623;;leaky_relu;0,6250779778113406;0,5917361111424694;512;;0,7299187903957745;0,08110476886728218;0,022447341263996556;2255;17639;5161;vanilla;;13;12,0;11,0;23,0;21,0;0,058182700479217975;;5;adam;normalizer
734;2024-07-01 23:29:13.934736;0,18643000721931458;;leaky_relu;0,7534456727219679;0,523063425947875;256;;0,8101843445133959;0,09870265609537608;0,008571559392075113;2255;17639;5161;batchnorm;;12;10,0;26,0;25,0;;0,09282672405040661;;4;adam;normalizer
735;2024-07-01 23:31:40.413459;0,2036300003528595;;relu;0,38163194189089084;0,5137031761429642;256;;0,8517143672345426;0,09687919310692679;0,007738974256977769;2255;17639;5161;batchnorm;;11;10,0;26,0;25,0;;;;4;adam;normalizer
736;2024-07-01 23:34:19.105478;0,20109501481056213;;leaky_relu;0,7349109261887948;0,5600701923313697;256;;0,9275033162175006;0,09910061361792483;0,009003463735685668;2255;17639;5161;batchnorm;;12;9,0;28,0;24,0;;0,08460928168048548;;4;adam;normalizer
737;2024-07-01 23:37:10.925949;0,3437250256538391;;leaky_relu;0,437115945580764;0,5024348403411458;256;0,6054798465252463;0,9828346421102274;0,09782542776246324;0,008787006624676684;2255;17639;5161;dropout;;11;9,0;26,0;26,0;;0,04536181633963991;;4;adam;normalizer
738;2024-07-01 23:39:44.685892;0,4190000593662262;;leaky_relu;0,5576829249254696;0,5394820422890662;256;;0,9091457774776878;0,0988599499604377;0,3253154964435017;2255;17639;5161;batchnorm;;16;8,0;27,0;17,0;;0,09077482002229384;;4;adam;normalizer
739;2024-07-01 23:41:35.900732;0,21157999336719513;;selu;0,760945103924113;0,5313758204793044;256;;0,8886059649746358;0,09374164007257048;0,006691778010358108;2255;17639;5161;batchnorm;;12;10,0;27,0;23,0;;;;4;adam;normalizer
740;2024-07-01 23:44:58.538850;0,20731426775455475;;leaky_relu;0,7196974787068563;0,5489525436464656;32;;0,9645166557940071;0,09720356685794646;0,0105312378539856;2255;17639;5161;batchnorm;;19;10,0;25,0;27,0;;0,024952370801654147;;4;adam;maxabs
741;2024-07-01 23:49:25.159888;0,36249998211860657;;leaky_relu;0,6979957119969176;0,5234499522920804;256;;0,7849463729415694;0,09981507235245059;0,00829770354150463;2255;17639;5161;batchnorm;;12;9,0;;;;0,08653635379700383;;2;adam;normalizer
742;2024-07-01 23:52:25.357859;0,1882149875164032;;leaky_relu;0,6752017464461867;0,4996260291345751;256;;0,9100314009304489;0,07299132777940283;0,010128976552534884;2255;17639;5161;batchnorm;;11;9,0;26,0;24,0;;0,0829042305811123;;4;adam;normalizer
743;2024-07-01 23:55:16.483818;0,18821999430656433;;leaky_relu;0,6729284696712309;0,43753768822559325;256;;0,9256763341957057;0,09532353971463224;0,010367494407577206;2255;17639;5161;batchnorm;;10;6,0;26,0;25,0;;0,08435287091689053;;4;adam;normalizer
744;2024-07-01 23:57:54.510072;0,21797001361846924;;leaky_relu;0,6718660852969804;0,44791221683092386;256;;0,9098483443670953;0,07257939144376502;0,009410039663936932;2255;17639;5161;batchnorm;;11;9,0;27,0;25,0;;0,08554488397508629;;4;adam;normalizer
745;2024-07-02 00:00:30.761818;0,6733124852180481;;leaky_relu;;;128;;0,9288348241253209;0,06891480344166032;0,011475305353569653;2255;17639;5161;batchnorm;0,006970531964099436;10;16,0;27,0;25,0;;0,07967944348916757;False;4;sgd;normalizer
746;2024-07-02 00:03:21.618505;0,1929600089788437;;leaky_relu;0,6741699693383717;0,5258105728136346;256;;0,900181019872072;0,07444279127666305;0,010086069525117643;2255;17639;5161;batchnorm;;9;6,0;28,0;24,0;;0,08238210608714283;;4;adam;normalizer
747;2024-07-02 00:05:40.900476;0,194785013794899;;leaky_relu;0,6563177877424112;0,4748488161744315;256;;0,9338306558692371;0,07567951224552236;0,012443495663598687;2255;17639;5161;batchnorm;;10;9,0;29,0;25,0;;0,06444805458162894;;4;adam;normalizer
748;2024-07-02 00:07:51.604095;0,33215999603271484;;leaky_relu;0,7176856100007777;0,4894902625711558;512;;0,9314797660707645;0,0729669629895151;0,0461496436292373;2255;17639;5161;batchnorm;;10;9,0;26,0;24,0;;0,08312633328024192;;4;adam;normalizer
749;2024-07-02 00:09:33.438909;0,20160000026226044;;leaky_relu;0,6921991581181816;0,4789486075145022;256;;0,8383968789478612;0,07093859748724567;0,007537759688561338;2255;17639;5161;batchnorm;;9;10,0;26,0;25,0;;0,036277346624895165;;4;adam;normalizer
750;2024-07-02 00:12:09.796699;0,39353498816490173;;relu;0,6438678001788326;0,4083123151568612;256;;0,9680763046606198;0,07384600707439368;0,002814030168026518;2255;17639;5161;batchnorm;;10;9,0;26,0;25,0;;;;4;adam;normalizer
751;2024-07-02 00:14:13.934844;0,19892002642154694;;leaky_relu;0,6837456179938862;0,35231158005840746;256;;0,9485499709375688;0,06951438838438843;0,011058138889710916;2255;17639;5161;batchnorm;;9;5,0;27,0;23,0;;0,0779442169774864;;4;adam;normalizer
752;2024-07-02 00:16:40.142364;0,2327200174331665;;leaky_relu;0,6658278041353273;0,5193368375936813;256;;0,9218827205958191;0,09656215770333976;0,00957758383235697;2255;17639;5161;batchnorm;;10;4,0;26,0;24,0;;0,08130409138585107;;4;adam;normalizer
753;2024-07-02 00:19:25.038714;1,8947584629058838;;leaky_relu;0,7012250780174497;0,4507962834962003;16;;0,9177548307936763;0,06556988815984467;0,008397594795183407;2255;17639;5161;vanilla;;11;10,0;28,0;26,0;;0,06875136867107332;;4;adam;normalizer
754;2024-07-02 00:23:02.755312;0,19249998033046722;;leaky_relu;0,6521471769466838;0,5096387087163989;256;;0,1582581207508118;0,07724087173830957;0,011631833037568363;2255;17639;5161;batchnorm;;11;8,0;27,0;24,0;;0,06620629612036326;;4;adam;normalizer
755;2024-07-02 00:25:30.256758;0,5044950246810913;;leaky_relu;0,6374227308878921;0,4664851993269651;256;;0,9790216119875284;0,09411014202706845;0,0011142135292240055;2255;17639;5161;batchnorm;;10;5,0;26,0;25,0;;0,033974493368948214;;4;adam;normalizer
756;2024-07-02 00:27:19.376983;0,19010001420974731;;leaky_relu;0,6823777630609245;0,49457430904702004;256;;0,9573151980833998;0,08856009615744691;0,01316579536207106;2255;17639;5161;batchnorm;;10;9,0;27,0;25,0;;0,08502742627995684;;4;adam;normalizer
757;2024-07-02 00:29:53.375955;0,33076006174087524;;leaky_relu;0,25026957940323447;0,5014856872448493;256;;0,887863996043184;0,09535189365665887;0,010090361116194371;2255;17639;5161;batchnorm;;11;9,0;26,0;24,0;;0,08347155316643587;;4;adam;normalizer
758;2024-07-02 00:32:06.811114;0,1967499852180481;;leaky_relu;0,7448738090641176;0,43219841426037237;256;;0,9712523304373635;0,09174134359954825;0,013199033411385919;2255;17639;5161;batchnorm;;11;3,0;26,0;23,0;;0,0878811819441004;;4;adam;normalizer
759;2024-07-02 00:34:26.967353;0,2268175333738327;;leaky_relu;0,7025848219517964;0,3709656947844085;128;;0,8231033419476812;0,06782151530768181;0,008175464398717717;2255;17639;5161;batchnorm;;11;4,0;25,0;26,0;;0,08011203318025847;;4;adam;normalizer
760;2024-07-02 00:38:52.029002;0,3399749994277954;;leaky_relu;0,18526636780373346;0,47029579266230465;256;;0,8052147128527901;0,0727262541557251;0,011035566252914597;2255;17639;5161;batchnorm;;10;5,0;26,0;24,0;;0,06292171868761576;;4;adam;normalizer
761;2024-07-02 00:41:40.506016;0,3653838038444519;;relu;0,6110641291029781;0,5737440794508994;64;;0,9536029420497145;0,07532193551960563;0,13345952100484273;2255;17639;5161;batchnorm;;9;10,0;27,0;23,0;;;;4;adam;normalizer
762;2024-07-02 00:44:52.483131;3,0928902626037598;;selu;0,728313690944448;0,3357864673216532;256;;0,9237697915229267;0,06268370018815694;0,20915572263065837;2255;17639;5161;batchnorm;;10;10,0;25,0;25,0;;;;4;adam;maxabs
763;2024-07-02 00:46:52.909876;0,20214498043060303;;leaky_relu;0,1266255287888276;0,42321766441497727;256;;0,8369002255058773;0,052007452727122115;0,041114088403362316;2255;17639;5161;batchnorm;;9;8,0;26,0;26,0;;0,0871173140262267;;4;adam;normalizer
764;2024-07-02 00:48:51.429589;0,40021997690200806;;leaky_relu;;;512;0,65601096871931;0,9136178268302688;0,05703745887435408;0,005743486982642163;2255;17639;5161;dropout;0,009134133223363036;11;4,0;27,0;23,0;;0,0746864203419234;True;4;sgd;normalizer
765;2024-07-02 00:50:56.985378;0,19579002261161804;;leaky_relu;0,6648421740271172;0,4099645818119612;256;;0,19715376246000263;0,06100853574913095;0,006771422878521802;2255;17639;5161;batchnorm;;12;9,0;26,0;24,0;;0,09300221956917999;;4;adam;normalizer
766;2024-07-02 00:54:40.042563;0,3169400095939636;;leaky_relu;0,922263935804321;0,45310670149147486;256;;0,881600402801743;0,014508613936026107;0,0013298099824938187;2255;17639;5161;batchnorm;;10;10,0;16,0;25,0;;0,06052894442818849;;4;adam;normalizer
767;2024-07-02 00:56:31.857546;0,19971999526023865;;leaky_relu;0,7085892342999552;0,40219013472743376;256;;0,12899110982981987;0,07044537871957046;0,009710551704761502;2255;17639;5161;batchnorm;;11;8,0;25,0;;;0,08232810555088654;;3;adam;normalizer
768;2024-07-02 00:59:05.448149;0,19484499096870422;;leaky_relu;0,23643595731119782;0,5407515402515245;256;;0,8387666289465447;0,009648466360990288;0,0727285553320947;2255;17639;5161;batchnorm;;12;9,0;17,0;24,0;;0,017243683535540226;;4;adam;normalizer
769;2024-07-02 01:01:09.669524;0,3856031894683838;;leaky_relu;0,49254217184219773;0,4857408008496435;32;;0,8992982744647954;0,0894668226625038;0,014826400319665953;2255;17639;5161;batchnorm;;13;10,0;26,0;25,0;;0,0899298678494379;;4;adam;normalizer
770;2024-07-02 01:05:02.908320;0,1997249871492386;;leaky_relu;0,6231132464364053;0,3845929646609728;256;;0,47317734138375367;0,08737705460516725;0,012249608198288384;2255;17639;5161;batchnorm;;6;9,0;27,0;23,0;;0,08600122237260328;;4;adam;maxabs
771;2024-07-02 01:07:32.902548;0,354919970035553;;leaky_relu;0,5118605627303261;0,3621318194292174;256;;0,6796718243263655;0,015654890681533015;0,03621781255621478;2255;17639;5161;batchnorm;;14;10,0;28,0;24,0;;0,08398751821482527;;4;adam;normalizer
772;2024-07-02 01:09:26.050060;0,21109500527381897;;leaky_relu;0,032215839828769355;0,43379142766805007;256;;0,7666542104055879;0,09289338280732509;0,1140574252876285;2255;17639;5161;batchnorm;;11;11,0;18,0;26,0;;0,08856752829485175;;4;adam;normalizer
773;2024-07-02 01:11:26.717833;0,2231599986553192;;leaky_relu;0,3941705374487292;0,5613151832760566;256;;0,18027837252306284;0,06772298685638165;0,05968336847651415;2255;17639;5161;batchnorm;;8;9,0;26,0;25,0;;0,09194524763196602;;4;adam;normalizer
774;2024-07-02 01:13:32.485004;0,48401254415512085;;relu;0,6824166856080823;0,5358186419326457;128;;0,8700837423691058;0,09091784948703112;0,0025522852667322848;2255;17639;5161;batchnorm;;12;10,0;9,0;23,0;23,0;;;5;adam;normalizer
775;2024-07-02 01:15:43.604576;0,47456997632980347;;leaky_relu;0,7494283285061757;0,6006629976161708;256;;0,9404604568328899;0,07877329053858974;0,0015405676517519307;2255;17639;5161;vanilla;;22;9,0;25,0;24,0;9,0;0,07884867957860554;;5;adam;normalizer
776;2024-07-02 01:17:30.703000;1,7651898860931396;;leaky_relu;0,9727573365371512;0,5052965066365496;256;;0,49727196218158065;0,09793427923284036;0,008579578679123201;2255;17639;5161;batchnorm;;13;10,0;20,0;26,0;13,0;0,04807137677585829;;5;adam;normalizer
777;2024-07-02 01:19:23.201527;0,18825998902320862;;leaky_relu;0,7291073243645437;0,35244462794900744;256;;0,43546747326223834;0,005333586372393784;0,011344935695984762;2255;17639;5161;batchnorm;;25;14,0;29,0;25,0;;0,031102609804931812;;4;adam;normalizer
778;2024-07-02 01:21:49.537158;0,5444899797439575;;leaky_relu;0,06644529655094522;0,28927557468646964;512;;0,4648933506072156;0,07406181076734387;0,011298650735722456;2255;17639;5161;batchnorm;;27;13,0;30,0;25,0;;0,0340255727958648;;4;adam;maxabs
779;2024-07-02 01:23:36.242309;0,18793000280857086;;leaky_relu;0,7288314433428126;0,32687557056634997;256;;0,4162409748822506;0,040588203416460016;0,01391985426659356;2255;17639;5161;batchnorm;;25;15,0;29,0;26,0;;0,047553286437521214;;4;adam;normalizer
780;2024-07-02 01:26:02.151875;0,1925649791955948;;leaky_relu;0,7294332161238293;0,34889832980752883;256;;0,43179549150373064;0,04077023753117472;0,013691406547116246;2255;17639;5161;batchnorm;;24;14,0;29,0;26,0;;0,04281890823732518;;4;adam;normalizer
781;2024-07-02 01:28:24.247819;0,18886500597000122;;leaky_relu;0,7466497325748306;0,2847215653845416;256;;0,41977829451878296;0,024963563484864337;0,015672748611244482;2255;17639;5161;batchnorm;;25;17,0;30,0;26,0;;0,03912056714167144;;4;adam;normalizer
782;2024-07-02 01:30:55.613828;0,419950008392334;;leaky_relu;0,7381841232421081;0,27918576405146267;256;;0,4126682139246753;0,012032602668358917;0,0013609416039456227;2255;17639;5161;batchnorm;;26;18,0;29,0;26,0;;0,02691096661180529;;4;adam;normalizer
783;2024-07-02 01:33:02.320183;0,1905750036239624;;leaky_relu;0,7580393617834007;0,2888144010691854;256;;0,4233761272709638;0,03835787382481412;0,014673347904828707;2255;17639;5161;batchnorm;;25;16,0;30,0;26,0;;0,04144829415129904;;4;adam;normalizer
784;2024-07-02 01:35:09.580651;0,22053499519824982;;leaky_relu;0,7240419953321435;0,2935572890445196;256;0,5410355473934726;0,44497072452297304;0,024921669469838932;0,016254609669775547;2255;17639;5161;dropout;;24;15,0;29,0;26,0;;0,039223132845112633;;4;adam;normalizer
785;2024-07-02 01:37:09.585216;0,6577949523925781;;selu;;;256;;0,4325541170849322;0,038314835288821444;0,016256966300208408;2255;17639;5161;batchnorm;0,0459218983811187;25;15,0;30,0;27,0;;;False;4;sgd;normalizer
786;2024-07-02 01:39:09.258715;0,32767000794410706;;leaky_relu;0,13308928997940372;0,27362705729230996;256;;0,40471283418374626;0,011403607728635284;0,014150213551639972;2255;17639;5161;batchnorm;;27;17,0;30,0;26,0;;0,0296402642076661;;4;adam;normalizer
787;2024-07-02 01:41:30.430787;0,33790498971939087;;leaky_relu;0,20907538706183565;0,2532007804244867;256;;0,4459999484060121;0,017759753351355916;0,0030635896549290826;2255;17639;5161;batchnorm;;26;16,0;28,0;27,0;;0,023040026395096662;;4;adam;normalizer
788;2024-07-02 01:44:06.169668;0,19379499554634094;;leaky_relu;0,7579343603447635;0,3222381091407921;256;;0,3941818907281159;0,005125093317700342;0,012620701816062821;2255;17639;5161;batchnorm;;25;15,0;30,0;26,0;;0,03725807841946538;;4;adam;normalizer
789;2024-07-02 01:46:13.520832;0,18965502083301544;;relu;0,7419149716742094;0,3364891983681164;256;;0,41594455391470253;0,019702154088161984;0,0126885824623373;2255;17639;5161;batchnorm;;26;17,0;29,0;27,0;;;;4;adam;normalizer
790;2024-07-02 01:48:29.109009;0,29765498638153076;;leaky_relu;0,3017327402515536;0,32605998809796877;256;;0,45862965788924354;0,006886874895915159;0,015589659442943472;2255;17639;5161;batchnorm;;25;16,0;29,0;26,0;;0,03925713640439699;;4;adam;normalizer
791;2024-07-02 01:50:32.839802;0,19124498963356018;;leaky_relu;0,7134499338231958;0,35723751254614017;256;;0,3564611416443326;0,028520173624109902;0,010472878783733602;2255;17639;5161;batchnorm;;26;14,0;30,0;25,0;;0,042846251488472084;;4;adam;normalizer
792;2024-07-02 01:53:30.054223;0,19445499777793884;;leaky_relu;0,766844882781782;0,2622562065033114;256;;0,4313490869193394;0,020773565192530687;0,017237992952060268;2255;17639;5161;batchnorm;;24;13,0;29,0;26,0;;0,035476698937173826;;4;adam;normalizer
793;2024-07-02 01:55:44.008227;0,19870497286319733;;leaky_relu;0,7506340271612724;0,3068484486858276;256;;0,3926310686734671;0,029313485574845467;0,013200130140066194;2255;17639;5161;batchnorm;;25;15,0;30,0;26,0;;0,03974451415427123;;4;adam;normalizer
794;2024-07-02 01:57:44.072069;0,19559501111507416;;leaky_relu;0,7259822150555095;0,22628852316623382;256;;0,4131377997606184;0,03936527544177098;0,011306743889880998;2255;17639;5161;batchnorm;;25;8,0;30,0;27,0;;0,044663929473642096;;4;adam;normalizer
795;2024-07-02 02:00:31.753342;0,5375312566757202;;leaky_relu;0,7753672307788864;0,33856472997103526;16;;0,44734970832521187;0,013932486784680377;0,009412272051150868;2255;17639;5161;batchnorm;;25;18,0;29,0;25,0;;0,029695449439116863;;4;adam;normalizer
796;2024-07-02 02:07:22.625116;558,2181396484375;;leaky_relu;0,7463085122300682;0,31062492633150524;256;;0,3756709777934899;0,03250457027981834;0,3755646770012474;2255;17639;5161;batchnorm;;26;17,0;28,0;25,0;;0,026676375489318845;;4;adam;normalizer
797;2024-07-02 02:09:24.102385;0,2740500271320343;;leaky_relu;0,7804973653318219;0,3155962221872786;256;;0,9732403850492286;0,02597466338015369;0,007383020890335236;2255;17639;5161;batchnorm;;24;20,0;30,0;25,0;;0,04681606849283648;;4;adam;normalizer
798;2024-07-02 02:11:56.868659;0,20671501755714417;;leaky_relu;0,2788163904614644;0,35368907903536684;256;;0,47423665394101266;0,008266137911480724;0,01431811074236099;2255;17639;5161;batchnorm;;26;19,0;30,0;26,0;;0,0305156935424634;;4;adam;normalizer
799;2024-07-02 02:14:19.611059;0,19796499609947205;;leaky_relu;0,7026345575996474;0,27026152255715247;256;;0,07971857341284622;0,02634725573273547;0,009595883172218943;2255;17639;5161;batchnorm;;25;14,0;28,0;26,0;;0,032236249989926025;;4;adam;normalizer
800;2024-07-02 02:16:34.154115;0,36146003007888794;;leaky_relu;0,7295126259937883;0,3404438237096114;256;;0,42532017041647197;0,007981365603934955;0,012119905772801766;2255;17639;5161;vanilla;;25;18,0;29,0;27,0;;0,03725788554119585;;4;adam;normalizer
801;2024-07-02 02:18:44.170693;0,790149986743927;;relu;0,011493508746716175;0,4983092983278715;256;;0,7831677352787024;0,02243481905802954;0,01730474278196442;2255;17639;5161;batchnorm;;26;16,0;13,0;25,0;;;;4;adam;normalizer
802;2024-07-02 02:20:40.141119;6907,5146484375;;leaky_relu;0,7611284212595609;0,28490843189365844;64;;0,3975994172449588;0,020620380136434767;0,26361362166631974;2255;17639;5161;batchnorm;;25;15,0;29,0;25,0;;0,04025574502262163;;4;adam;maxabs
803;2024-07-02 02:23:37.062734;0,19759748876094818;;leaky_relu;0,7742883874283585;0,3014625371814613;128;;0,9959646613041289;0,022997938975683717;0,0113912702544131;2255;17639;5161;batchnorm;;23;16,0;27,0;28,0;;0,04411258883213932;;4;adam;normalizer
804;2024-07-02 02:26:20.774438;0,19731000065803528;;leaky_relu;0,7418070124306277;0,32686719463886654;256;;0,7461925945081469;0,016177119317030676;0,014669757422208766;2255;17639;5161;batchnorm;;25;15,0;27,0;25,0;;0,03815623435326972;;4;adam;normalizer
805;2024-07-02 02:29:19.539391;0,5154899954795837;;leaky_relu;;;256;;0,8136854477009561;0,03064155188139887;0,00828770492813245;2255;17639;5161;batchnorm;0,01173434531291303;25;14,0;29,0;27,0;;0,036121238607975684;True;4;sgd;normalizer
806;2024-07-02 02:31:10.721433;0,22869999706745148;;leaky_relu;0,7022909965279829;0,23268101531569807;256;0,5940870330307055;0,35062402334197623;0,009770815802854958;0,009994605636314465;2255;17639;5161;dropout;;24;13,0;28,0;26,0;;0,04549846709500303;;4;adam;normalizer
807;2024-07-02 02:33:28.114110;0,19080998003482819;;leaky_relu;0,4475343530515048;0,3953684303898058;256;;0,7083534578517062;0,023256206229986715;0,013510380932233999;2255;17639;5161;batchnorm;;24;19,0;29,0;25,0;;0,02152742800957244;;4;adam;normalizer
808;2024-07-02 02:35:46.180210;0,20853999257087708;;selu;0,7891620145745396;0,26005229981273104;256;;0,7296814231963301;0,03567413060576132;0,010963138370613577;2255;17639;5161;batchnorm;;26;14,0;30,0;25,0;;;;4;adam;normalizer
809;2024-07-02 02:37:56.938964;0,19340498745441437;;leaky_relu;0,7612735586441801;0,3037579430463694;256;;0,48748670260953403;0,019633227675659705;0,016577019850839165;2255;17639;5161;batchnorm;;28;17,0;29,0;10,0;;0,03385327954764725;;4;adam;maxabs
810;2024-07-02 02:40:07.839163;0,6449750065803528;;leaky_relu;0,5361269806804133;0,3775057078239679;256;;0,21258205157436777;0,010197131756859167;0,00487292675910389;2255;17639;5161;batchnorm;;16;16,0;29,0;26,0;;0,04164574890941061;;4;adam;normalizer
811;2024-07-02 02:41:59.245557;0,4310322701931;;leaky_relu;0,5773787890316042;0,3154435380024475;32;;0,6549814279218169;0,03095602079372069;0,0066292170014871634;2255;17639;5161;batchnorm;;24;;;;;0,027924474976873347;;1;adam;normalizer
812;2024-07-02 02:45:34.440085;0,3739699721336365;;leaky_relu;0,08181382258949976;0,4079487980584925;256;;0,45085888514328476;0,015914551213078245;0,009309669285689676;2255;17639;5161;batchnorm;;10;17,0;28,0;;;0,02431773243467527;;3;adam;normalizer
813;2024-07-02 02:47:24.463450;0,2517799735069275;;leaky_relu;0,4791009478519104;0,4506438918334669;256;;0,8381857910250745;0,005689847471628357;0,0016000480942525866;2255;17639;5161;batchnorm;;21;14,0;30,0;26,0;;0,032626150606426645;;4;adam;normalizer
814;2024-07-02 02:49:16.675651;0,21496503055095673;;relu;0,7160477321065739;0,36509677675451485;256;;0,9621411370530274;0,008020083775327633;0,01239995357530686;2255;17639;5161;batchnorm;;9;15,0;28,0;25,0;;;;4;adam;normalizer
815;2024-07-02 02:51:20.993051;0,2414199560880661;;leaky_relu;0,7889396220678377;0,34117072612100136;256;;0,7992563862304123;0,02808308236310236;0,00772200361108058;2255;17639;5161;batchnorm;;20;21,0;30,0;24,0;;0,03171595314270782;;4;adam;normalizer
816;2024-07-02 02:54:13.878130;0,3956800103187561;;leaky_relu;0,6814913542840212;0,27109212048387793;256;;0,3877196760654902;0,02955953507598668;0,18207875960805325;2255;17639;5161;batchnorm;;10;25,0;28,0;18,0;;0,09020224801952835;;4;adam;normalizer
817;2024-07-02 02:56:09.771139;0,2073024958372116;;leaky_relu;0,5436278131733209;0,24557262913003214;128;;0,33593125921346423;0,03390534274402985;0,01387996304501312;2255;17639;5161;batchnorm;;30;23,0;19,0;25,0;;0,017616248503965412;;4;adam;maxabs
818;2024-07-02 02:58:54.895338;0,20256999135017395;;leaky_relu;0,7360026604860102;0,21280912804932492;256;;0,7563221511805758;0,020202831898692195;0,010505266209678994;2255;17639;5161;batchnorm;;11;13,0;;;;0,030879821444783795;;2;adam;normalizer
819;2024-07-02 03:00:59.423248;0,3722350001335144;;leaky_relu;0,651370988945544;0,3700690556272481;256;;0,4253528374595081;0,031193700890281943;0,0019031651416653301;2255;17639;5161;batchnorm;;27;6,0;30,0;;;0,033672387167545954;;3;adam;normalizer
820;2024-07-02 03:02:53.866259;24,538928985595703;;leaky_relu;0,7173972056127716;0,3875290560580184;256;;0,23008257580453026;0,014246221157135744;0,6086983205182542;2255;17639;5161;batchnorm;;11;11,0;18,0;24,0;;0,03702507012150144;;4;adam;normalizer
821;2024-07-02 03:04:45.232157;0,430294930934906;;leaky_relu;0,7607049035380006;0,3590920861052066;256;;0,4069046902398984;0,018854401588156346;0,0032035019657047255;2255;17639;5161;vanilla;;26;20,0;29,0;27,0;;0,02591105753501594;;4;adam;normalizer
822;2024-07-02 03:06:38.760291;27,843984603881836;;leaky_relu;0,36732427043686133;0,4391078512776543;256;;0,666036492235405;0,02550615205580068;0,7682794942164739;2255;17639;5161;batchnorm;;15;15,0;17,0;25,0;;0,0495746645157795;;4;adam;normalizer
823;2024-07-02 03:08:29.099841;0,7598190903663635;;leaky_relu;;;16;;0,09806487809048692;0,035974708457393194;0,018069503086284234;2255;17639;5161;batchnorm;0,004649319034929899;21;19,0;15,0;24,0;;0,009505720281456617;False;4;sgd;normalizer
824;2024-07-02 03:14:25.405778;0,22145500779151917;;leaky_relu;0,8019836988359604;0,29399976438592007;256;;0,19711864646813;0,03142560168799015;0,008816316320114266;2255;17639;5161;batchnorm;;25;8,0;29,0;26,0;;0,04754811963758371;;4;adam;normalizer
825;2024-07-02 03:16:27.229307;0,28177499771118164;;relu;0,0426637983282222;0,39334061696256506;256;;0,5070461433894563;0,02845543787022849;0,011991175330742093;2255;17639;5161;batchnorm;;23;5,0;30,0;26,0;22,0;;;5;adam;normalizer
826;2024-07-02 03:19:26.519810;41151,7421875;;leaky_relu;0,777481206094859;0,32475723683781543;256;;0,628295355579362;0,024794026624866305;0,7902976134755244;2255;17639;5161;batchnorm;;10;11,0;22,0;25,0;;0,029382247505863927;;4;adam;maxabs
827;2024-07-02 03:21:54.351140;0,18933501839637756;;leaky_relu;0,7465563900130214;0,3459326976042606;256;;0,36864973458626693;0,013143962866293081;0,013874648396646413;2255;17639;5161;batchnorm;;17;9,0;27,0;24,0;23,0;0,04825727458010817;;5;adam;normalizer
828;2024-07-02 03:24:44.632059;0,20337000489234924;;leaky_relu;0,6920385111231906;0,47460246493483305;256;;0,4619011167448749;0,02286451934316469;0,015219441455128066;2255;17639;5161;batchnorm;;11;18,0;28,0;14,0;21,0;0,0387970386208596;;5;adam;normalizer
829;2024-07-02 03:26:57.900736;0,45983999967575073;;leaky_relu;0,5977205826387533;0,5228828159083705;64;0,4843226427244244;0,4385797705283961;0,009726686329468458;0,002154809445704342;2255;17639;5161;dropout;;24;9,0;21,0;25,0;15,0;0,04386120922462106;;5;adam;normalizer
830;2024-07-02 03:29:42.566289;0,19736500084400177;;leaky_relu;0,79096185612707;0,19781674716979886;256;;0,24777484464508054;0,08597208276008371;0,01040026196030235;2255;17639;5161;batchnorm;;12;8,0;20,0;4,0;;0,045163623094001064;;4;adam;normalizer
831;2024-07-02 03:31:45.141804;0,308305025100708;;selu;0,7132321095516825;0,43015286661900115;256;;0,8567595519155066;0,0321052990213043;0,005667274760624503;2255;17639;5161;batchnorm;;11;11,0;19,0;24,0;22,0;;;5;adam;normalizer
832;2024-07-02 03:35:33.813256;0,2603999972343445;;leaky_relu;0,6345161539275475;0,4181574923523627;128;;0,9792370704715928;0,016679662341747843;0,00358394367719301;2255;17639;5161;batchnorm;;20;16,0;27,0;30,0;4,0;0,028383107911646298;;5;adam;normalizer
833;2024-07-02 03:37:47.290090;0,19937999546527863;;leaky_relu;0,6748562280719695;0,25482781632488816;256;;0,3027880175881165;0,02435619605932528;0,007296581225066617;2255;17639;5161;batchnorm;;17;22,0;19,0;26,0;;0,041277844928816934;;4;adam;normalizer
834;2024-07-02 03:40:51.232872;0,21839499473571777;;leaky_relu;0,807715499768832;0,9523751549113431;256;;0,7374951892512318;0,034580064195184765;0,5137886777846903;2255;17639;5161;batchnorm;;16;10,0;16,0;25,0;6,0;0,023346226966012903;;5;adam;maxabs
835;2024-07-02 03:43:11.837422;0,24701742827892303;;leaky_relu;0,5653908883981144;0,22971916874246445;32;;0,21686151919411162;0,049192949856016285;0,012320976778052913;2255;17639;5161;batchnorm;;12;12,0;17,0;27,0;21,0;0,023582842949939942;;5;adam;normalizer
836;2024-07-02 03:47:33.584647;0,5060649514198303;;leaky_relu;0,33415951577899017;0,2782432952035882;256;;0,9301240938942955;0,031524494405499384;0,3827347511142565;2255;17639;5161;batchnorm;;23;7,0;28,0;24,0;;0,02703970957935641;;4;adam;normalizer
837;2024-07-02 03:49:24.682720;0,5047050714492798;;leaky_relu;0,42894363235986;0,9376294310925942;256;;0,4163804401219053;0,01248911526643844;0,018398395091679967;2255;17639;5161;batchnorm;;9;9,0;29,0;26,0;25,0;0,04746518553147692;;5;adam;normalizer
838;2024-07-02 03:51:41.047049;0,18731500208377838;;relu;0,7699170755189713;0,3108509975769454;256;;0,7754500602813634;0,027381200882072756;0,008949091535030058;2255;17639;5161;batchnorm;;25;10,0;18,0;24,0;22,0;;;5;adam;normalizer
839;2024-07-02 03:54:19.523327;0,21821001172065735;;leaky_relu;0,7793130000700615;0,3445926835017066;256;;0,8695273632217768;0,01459583037974078;0,00849697192639416;2255;17639;5161;batchnorm;;25;10,0;18,0;25,0;5,0;0,07300971091615023;;5;adam;normalizer
840;2024-07-02 03:56:13.817474;0,2504200041294098;;leaky_relu;0,7582887851871785;0,3112157409955395;256;;0,7412361877159971;0,022183750024228115;0,009205817270830002;2255;17639;5161;batchnorm;;24;18,0;18,0;23,0;;0,03914719870615906;;4;adam;normalizer
841;2024-07-02 03:58:44.088794;0,34645503759384155;;leaky_relu;0,7672315795154271;0,5405733871895197;256;;0,7585386082308573;0,02678348071033081;0,007479200548150672;2255;17639;5161;batchnorm;;25;10,0;17,0;24,0;24,0;0,027483907523435137;;5;adam;normalizer
842;2024-07-02 04:00:54.155993;0,6107749938964844;;leaky_relu;;;256;;0,7210830259034223;0,020546164953169924;0,006431822824717907;2255;17639;5161;batchnorm;0,46231182382116565;25;11,0;18,0;25,0;23,0;0,05113731628585079;True;5;sgd;normalizer
843;2024-07-02 04:02:53.514237;0,20497000217437744;;leaky_relu;0,7447129177063871;0,3029585364604088;256;;0,7013432262619883;0,0274621205753208;0,010068529901968454;2255;17639;5161;batchnorm;;23;10,0;17,0;26,0;24,0;0,03440342143831189;;5;adam;maxabs
844;2024-07-02 04:04:56.616358;0,28178998827934265;;leaky_relu;0,05594877921168223;0,29160055990272077;256;;0,8087489157184169;0,01802260595123056;0,00888635684832266;2255;17639;5161;vanilla;;27;9,0;18,0;;;0,07617517885105382;;3;adam;normalizer
845;2024-07-02 04:07:58.669651;0,20220498740673065;;relu;0,7975216339495875;0,058432864184688404;256;;0,8499636928129591;0,034093497709161494;0,0111782592125121;2255;17639;5161;batchnorm;;26;17,0;30,0;27,0;;;;4;adam;normalizer
846;2024-07-02 04:09:55.284343;0,36091503500938416;;leaky_relu;0,7736746865830508;0,9965226231952181;128;;0,8236024699948278;0,048042447530296066;0,00807109608593014;2255;17639;5161;batchnorm;;26;10,0;15,0;25,0;23,0;0,03576296567118667;;5;adam;normalizer
847;2024-07-02 04:12:26.333976;0,3499099910259247;;leaky_relu;0,16437498938583234;0,33563361225542415;256;;0,8366361952890642;0,017804688418362413;0,010117681022911112;2255;17639;5161;batchnorm;;25;20,0;27,0;24,0;26,0;0,020553399445163205;;5;adam;normalizer
848;2024-07-02 04:16:03.702159;0,31682997941970825;;leaky_relu;0,3180286059148006;0,7436140990714888;256;;0,7756455540145364;0,0350882938949226;0,011490614194876826;2255;17639;5161;batchnorm;;26;9,0;18,0;23,0;;0,04119712579710281;;4;adam;normalizer
849;2024-07-02 04:18:29.814092;0,40122494101524353;;leaky_relu;0,7376581287319377;0,3244140353966352;256;;0,9163511925610296;0,03544040159547584;0,0027971679653313788;2255;17639;5161;batchnorm;;25;11,0;17,0;25,0;22,0;0,009633329966470212;;5;adam;normalizer
850;2024-07-02 04:20:29.681025;0,2084449827671051;;leaky_relu;0,8213187338868024;0,49113928125580636;256;0,575505017028659;0,7858089914123861;0,011180087931120287;0,009280921941503538;2255;17639;5161;dropout;;24;10,0;26,0;26,0;22,0;0,030416459387105937;;5;adam;normalizer
851;2024-07-02 04:23:17.663726;0,4791564345359802;;leaky_relu;0,7871480087485636;0,5550666428682614;16;;0,17091462779476693;0,03781405557334709;0,005005785666095855;2255;17639;5161;batchnorm;;25;8,0;16,0;24,0;;0,06900782890345783;;4;adam;maxabs
852;2024-07-02 04:30:06.568833;0,2194250077009201;;leaky_relu;0,5124882255038798;0,3182051974720292;256;;0,3814843288506251;0,012261971462169771;0,01280372069189131;2255;17639;5161;batchnorm;;25;19,0;28,0;23,0;23,0;0,05062002469402055;;5;adam;normalizer
853;2024-07-02 04:32:26.731768;0,271465003490448;;selu;0,45653583621835175;0,27834372869031504;256;;0,758244874297494;0,03709938456214005;0,007087013876121401;2255;17639;5161;batchnorm;;27;9,0;19,0;24,0;22,0;;;5;adam;normalizer
854;2024-07-02 04:34:40.457075;0,29120999574661255;;leaky_relu;0,7565761209539683;0,5190673032285044;256;;0,6964167641081631;0,0069591401068912866;0,007886974306917267;2255;17639;5161;batchnorm;;12;11,0;27,0;25,0;25,0;0,03199013141169437;;5;adam;normalizer
855;2024-07-02 04:37:14.503944;0,8667850494384766;;leaky_relu;0,7282763409640273;0,5787576648464545;256;;0,6798336133871701;0,03276834210655657;0,0014299213062480916;2255;17639;5161;batchnorm;;7;10,0;14,0;24,0;;0,06473613210880629;;4;adam;normalizer
856;2024-07-02 04:39:19.645297;0,20827999711036682;;leaky_relu;0,012074976923082348;0,36188434193561225;256;;0,9491372659778385;0,012348801975778232;0,011100271327479238;2255;17639;5161;batchnorm;;10;10,0;26,0;26,0;21,0;0,022692026333618616;;5;adam;normalizer
857;2024-07-02 04:41:56.630049;0,5136937499046326;;leaky_relu;0,8144043302931601;0,9701522062318509;64;;0,19097305296793873;0,01529467696632409;0,006120130817119416;2255;17639;5161;batchnorm;;24;8,0;30,0;25,0;22,0;0,04611939899275371;;5;adam;normalizer
858;2024-07-02 04:45:00.579553;0,31452497839927673;;relu;0,25001734820055455;0,4731942872622864;256;;0,058496679651008604;0,02976205319179508;0,00972576282994235;2255;17639;5161;batchnorm;;26;9,0;12,0;27,0;;;;4;adam;normalizer
859;2024-07-02 04:48:00.428442;0,18865998089313507;;leaky_relu;0,7697340350167357;0,2480248124020104;256;;0,7864895310580453;0,0086199073913667;0,012546939455229951;2255;17639;5161;batchnorm;;11;11,0;29,0;26,0;15,0;0,0930988971913709;;5;adam;maxabs
860;2024-07-02 04:49:59.098279;0,3783649802207947;;leaky_relu;0,7714113285372729;0,24690426893852788;256;;0,7853661181655277;0,006461888137438535;0,004175173106259563;2255;17639;5161;batchnorm;;11;12,0;29,0;27,0;24,0;0,0928035595019921;;5;adam;maxabs
861;2024-07-02 04:52:28.800706;0,3030850291252136;;leaky_relu;;;256;;0,8240570692278608;0,0054637303575703336;0,6459772174336327;2255;17639;5161;batchnorm;0,23338755134561276;11;12,0;29,0;28,0;11,0;0,08950424107332183;False;5;sgd;maxabs
862;2024-07-02 04:54:24.321409;14,935708999633789;;leaky_relu;0,08656516112933121;0,24840084096675985;128;;0,7700153566603845;0,009393297181020877;0,3417397839663656;2255;17639;5161;batchnorm;;11;11,0;29,0;26,0;;0,08073458484518597;;4;adam;maxabs
863;2024-07-02 04:56:32.627318;0,4095250070095062;;leaky_relu;0,15095921949611818;0,2577096025784787;256;;0,7920668243961312;0,00539852150364982;0,01498021683078558;2255;17639;5161;batchnorm;;10;11,0;30,0;26,0;13,0;0,042685542153379025;;5;adam;maxabs
864;2024-07-02 04:59:37.819228;43985,5859375;;leaky_relu;0,7926584075641699;0,38925146595475013;256;;0,25550490920876895;0,024986259246163503;0,9333957330755418;2255;17639;5161;batchnorm;;10;11,0;30,0;26,0;;0,024497989940727168;;4;adam;maxabs
865;2024-07-02 05:01:42.367838;0,2848086357116699;;leaky_relu;0,7580979704775876;0,19938316646939008;32;;0,8183080884502931;0,0159153416123804;0,012998461165217653;2255;17639;5161;batchnorm;;10;12,0;28,0;27,0;14,0;0,08431530996627538;;5;adam;maxabs
866;2024-07-02 05:05:46.332148;0,5374799370765686;;leaky_relu;0,8054999913274058;0,29306789230112645;256;;0,792338901441472;0,009002760099940478;0,0011130755520555584;2255;17639;5161;vanilla;;11;13,0;29,0;;;0,034915369388759596;;3;adam;maxabs
867;2024-07-02 05:07:37.116092;0,22576498985290527;;leaky_relu;0,7724493573504985;0,2354738879756558;256;;0,27448957245290906;0,044515933761881274;0,01568724012103231;2255;17639;5161;batchnorm;;11;11,0;29,0;26,0;11,0;0,02618245059618783;;5;adam;maxabs
868;2024-07-02 05:09:47.473928;20794,41015625;;leaky_relu;0,7432859455110021;0,2246777431322073;256;;0,32310332148853804;0,025888837711524476;0,7494190564563477;2255;17639;5161;batchnorm;;24;12,0;28,0;25,0;23,0;0,09731423558568826;;5;adam;maxabs
869;2024-07-02 05:12:08.900143;0,6786349415779114;;leaky_relu;0,7850148571723432;0,4384802392694516;256;;0,2376949168215765;0,021120093771409654;0,29514837063371197;2255;17639;5161;batchnorm;;10;10,0;28,0;26,0;12,0;0,08765808669452466;;5;adam;maxabs
870;2024-07-02 05:14:04.120897;0,21701499819755554;;leaky_relu;0,8289044431476404;0,13490635126941591;256;;0,7716149496358349;0,03334335228709103;0,01313165064693312;2255;17639;5161;batchnorm;;11;9,0;29,0;27,0;23,0;0,03867539390267059;;5;adam;maxabs
871;2024-07-02 05:16:14.512831;0,5840200185775757;;relu;0,8056137273074672;0,2713248990434142;256;;0,8475712886800177;0,011144645503682138;0,001734767659792881;2255;17639;5161;batchnorm;;12;11,0;30,0;28,0;;;;4;adam;maxabs
872;2024-07-02 05:18:22.811166;0,7001349925994873;;leaky_relu;0,7551395763293683;0,7582738647603607;256;;0,9043392268092296;0,01926160318083038;0,011748753700741165;2255;17639;5161;batchnorm;;9;8,0;29,0;26,0;6,0;0,04960373242571938;;5;adam;maxabs
873;2024-07-02 05:20:57.501697;0,2059449851512909;;leaky_relu;0,7797285563446684;0,9220174963794235;256;;0,8140645773012118;0,02703896632160993;0,015166512909142749;2255;17639;5161;batchnorm;;11;9,0;28,0;13,0;;0,0030381043753521797;;4;adam;maxabs
874;2024-07-02 05:23:02.173284;0,37389498949050903;;leaky_relu;0,5582784215125978;0,5039873934993558;256;0,639840378250312;0,34625965915585055;0,00817065976841233;0,01177273390542279;2255;17639;5161;dropout;;12;6,0;27,0;25,0;22,0;0,07786444477165606;;5;adam;maxabs
875;2024-07-02 05:25:29.483397;0,27027255296707153;;selu;0,1831027171958739;0,4460750930901393;128;;0,8034240362263525;0,00522610027149716;0,010578755882696897;2255;17639;5161;batchnorm;;25;10,0;27,0;25,0;22,0;;;5;adam;maxabs
876;2024-07-02 05:27:45.055158;1,5175330638885498;;leaky_relu;0,132817699077113;0,2860981686751929;16;;0,30332342523390143;0,041391414965118514;0,01378046546306415;2255;17639;5161;batchnorm;;29;8,0;26,0;26,0;;0,015372854423730528;;4;adam;maxabs
877;2024-07-02 05:33:58.366108;0,18537499010562897;;leaky_relu;0,7368123634321242;0,7297359463039809;256;;0,7333629216371188;0,0382404120409486;0,012610765817354095;2255;17639;5161;batchnorm;;10;11,0;30,0;27,0;21,0;0,09492852659908939;;5;adam;normalizer
878;2024-07-02 05:36:42.827691;0,3734150528907776;;leaky_relu;0,23283266244121142;0,17197396791425584;256;;0,781841882667652;0,022703525595206282;0,015624875149731004;2255;17639;5161;batchnorm;;9;18,0;30,0;27,0;21,0;0,09485804327541852;;5;adam;normalizer
879;2024-07-02 05:38:42.741132;0,20796000957489014;;leaky_relu;0,35792835456944977;0,7488580109310494;256;;0,7737023615539103;0,02421528880176959;0,01333795650286906;2255;17639;5161;batchnorm;;10;;;;;0,09601903723217163;;1;adam;normalizer
880;2024-07-02 05:40:40.470085;1,251789927482605;;leaky_relu;0,732267248311067;0,7255298426006529;256;;0,7379874403556553;0,029783155016668894;0,6632498161555166;2255;17639;5161;batchnorm;;10;12,0;30,0;28,0;21,0;0,09797231995519566;;5;adam;normalizer
881;2024-07-02 05:42:54.693681;0,6044549942016602;;leaky_relu;;;256;;0,7633335310596213;0,033872907793448384;0,01693501214242657;2255;17639;5161;batchnorm;0,1280079871114539;9;12,0;30,0;28,0;;0,09369400441284906;True;4;sgd;maxabs
882;2024-07-02 05:44:58.884874;0,21384000778198242;;leaky_relu;0,2853149302296497;0,7321152220892647;256;;0,798984759668277;0,03530077555026323;0,012888067313864465;2255;17639;5161;batchnorm;;10;11,0;30,0;28,0;21,0;0,09196079560676351;;5;adam;normalizer
883;2024-07-02 05:49:23.854183;0,19044500589370728;;leaky_relu;0,7486697100535624;0,7655607088287327;256;;0,07891505336761301;0,03812905867176136;0,011500242574951419;2255;17639;5161;batchnorm;;10;13,0;29,0;27,0;22,0;0,09570207658233679;;5;adam;normalizer
884;2024-07-02 05:52:05.034979;0,3107438087463379;;relu;0,7680907916645714;0,21508635091920636;64;;0,7297891898480651;0,022375547782864307;0,014650286200487255;2255;17639;5161;batchnorm;;9;12,0;30,0;28,0;21,0;;;5;adam;normalizer
885;2024-07-02 05:54:55.983586;0,20118498802185059;;leaky_relu;0,7976776316343553;0,7139640664672506;256;;0,2603369522863139;0,040573490434577586;0,2661636544484816;2255;17639;5161;batchnorm;;11;11,0;30,0;27,0;;0,021327291489006008;;4;adam;normalizer
886;2024-07-02 05:56:49.474510;0,1929900050163269;;leaky_relu;0,7337722331998334;0,7829770839098642;256;;0,9990966547506324;0,018276873235656056;0,019073262806770408;2255;17639;5161;batchnorm;;8;16,0;30,0;29,0;14,0;0,012031096071803013;;5;adam;normalizer
887;2024-07-02 05:59:32.636841;22214,64453125;;leaky_relu;0,823984748484244;0,32287398485891583;256;;0,11239313703374276;0,033292332236717986;0,8336924653996646;2255;17639;5161;batchnorm;;11;11,0;28,0;27,0;22,0;0,09990667821960006;;5;adam;normalizer
888;2024-07-02 06:01:53.348011;2350328064,0;;leaky_relu;0,764087734474894;0,29980805411026956;256;;0,22556738964675274;0,036245170487722106;0,5787606871253306;2255;17639;5161;vanilla;;10;4,0;29,0;27,0;20,0;0,09375079553311172;;5;adam;normalizer
889;2024-07-02 06:03:37.664906;0,20426002144813538;;leaky_relu;0,7889589061256688;0,731359308006445;256;;0,7521874673318728;0,027753929190909084;0,012390357536862429;2255;17639;5161;batchnorm;;11;11,0;29,0;27,0;;0,0914663198179047;;4;adam;maxabs
890;2024-07-02 06:06:07.718647;0,5801719427108765;;leaky_relu;0,7471474872019632;0,16161787981160525;32;;0,6657340197368864;0,029144216558455345;0,010533956967354912;2255;17639;5161;batchnorm;;10;12,0;29,0;26,0;22,0;0,016030267135669157;;5;adam;normalizer
891;2024-07-02 06:10:16.034009;0,20152246952056885;;leaky_relu;0,72808522894756;0,5307020240445632;128;;0,6113371450681879;0,0251697598171811;0,0161760731459869;2255;17639;5161;batchnorm;;9;7,0;30,0;26,0;21,0;0,0319917321348392;;5;adam;normalizer
892;2024-07-02 06:12:43.828356;0,20150001347064972;;leaky_relu;0,13906237936854526;0,026563866818989645;256;;0,7493976431973494;0,01366549698147329;0,014105391089759398;2255;17639;5161;batchnorm;;12;10,0;29,0;19,0;;0,06717602241775812;;4;adam;normalizer
893;2024-07-02 06:15:17.795420;0,2770950198173523;;leaky_relu;0,8136081032326772;0,7715716616890385;256;;0,2775580501490549;0,021264060599180224;0,009100016075702095;2255;17639;5161;batchnorm;;11;11,0;29,0;27,0;20,0;0,019863479564564253;;5;adam;normalizer
894;2024-07-02 06:17:33.416869;66976,3515625;;leaky_relu;0,9583642397205345;0,41274721096206857;256;;0,6975809740509277;0,029717944261479747;0,12818830540814233;2255;17639;5161;batchnorm;;8;14,0;30,0;26,0;23,0;0,09781159967315789;;5;adam;normalizer
895;2024-07-02 06:19:30.935353;81,39815521240234;;leaky_relu;0,7808460354707616;0,01674958621753453;256;0,1009443320647071;0,8317498211503628;0,028547298842870907;0,011090631215191639;2255;17639;5161;dropout;;9;13,0;28,0;27,0;;0,04347516358321382;;4;adam;maxabs
896;2024-07-02 06:21:16.380229;0,41609495878219604;;relu;0,8335853431294273;0,18433396421115555;256;;0,24543071810177067;0,03790735224942822;0,012782575401262335;2255;17639;5161;batchnorm;;15;17,0;26,0;25,0;20,0;;;5;adam;normalizer
897;2024-07-02 06:23:15.482854;0,23573999106884003;;selu;0,09958988024166049;0,4586365946265208;256;;0,9355214244527547;0,010593238943985592;0,01707530417821747;2255;17639;5161;batchnorm;;16;9,0;25,0;26,0;21,0;;;5;adam;normalizer
898;2024-07-02 06:25:11.678116;0,18921498954296112;;leaky_relu;0,712594961218437;0,17655390686572636;256;;0,8054446934331091;0,00500025786151783;0,008385245879326571;2255;17639;5161;batchnorm;;12;10,0;27,0;24,0;;0,09018690309872375;;4;adam;normalizer
899;2024-07-02 06:27:31.472971;10788,7998046875;;leaky_relu;0,8590942312423658;0,5181200007025097;256;;0,20945960161243837;0,02432737618952851;0,4929692998204682;2255;17639;5161;batchnorm;;11;9,0;26,0;;;0,05232331486974206;;3;adam;normalizer
900;2024-07-02 06:29:56.055131;0,6938850283622742;;leaky_relu;;;256;;0,8864875654704836;0,0074972088882727765;0,010314273825967592;2255;17639;5161;batchnorm;0,038585653831480916;10;8,0;30,0;25,0;21,0;0,02875054908681868;False;5;sgd;normalizer
901;2024-07-02 06:32:14.027233;0,26144999265670776;;leaky_relu;0,2170056803600116;0,5542540402020629;256;;0,7110902663595328;0,04298279878737142;0,014932092756545915;2255;17639;5161;batchnorm;;12;15,0;28,0;25,0;28,0;0,09347195700241034;;5;adam;normalizer
902;2024-07-02 06:34:43.796044;0,34272998571395874;;leaky_relu;0,7542171603704242;0,04526749388538548;256;;0,1472152170988907;0,031104348595202665;0,01954249394164702;2255;17639;5161;batchnorm;;11;10,0;25,0;26,0;22,0;0,09586247126852049;;5;adam;maxabs
903;2024-07-02 06:36:37.943424;0,2392721027135849;;leaky_relu;0,8044640318304348;0,3610004680684271;16;;0,2879578744155024;0,014522536606610438;0,00435209868721809;2255;17639;5161;batchnorm;;12;11,0;29,0;24,0;;0,036218671599833545;;4;adam;normalizer
904;2024-07-02 06:43:05.121003;0,2132524698972702;;leaky_relu;0,7742426331095862;0,7465636323008906;128;;0,2261106757724833;0,03205263121573777;0,14108692293607325;2255;17639;5161;batchnorm;;10;5,0;27,0;25,0;21,0;0,025357075658719773;;5;adam;normalizer
905;2024-07-02 06:45:40.011181;0,23186998069286346;;leaky_relu;0,7311948402232133;0,25943094875453154;256;;0,3141370545026968;0,01759238968531482;0,011877559190344444;2255;17639;5161;batchnorm;;11;19,0;;;;0,07131359037781392;;2;adam;normalizer
906;2024-07-02 06:47:41.837650;0,1896899789571762;;leaky_relu;0,7903106287355942;0,48407415767159706;256;;0,9546959944808604;0,019733446752943883;0,013569100948963039;2255;17639;5161;batchnorm;;26;9,0;26,0;27,0;23,0;0,05339031791062725;;5;adam;normalizer
907;2024-07-02 06:49:55.894792;411722,53125;;leaky_relu;0,8363627694230148;0,06652293606108717;256;;0,132131233919965;0,03501112577741296;0,11624805466562109;2255;17639;5161;batchnorm;;12;12,0;30,0;28,0;;0,07029983168245318;;4;adam;normalizer
908;2024-07-02 06:51:52.927062;0,5070699453353882;;leaky_relu;0,9379340794997586;0,7870642778244102;256;;0,7169081295201666;0,016607359323123124;0,009210371112038951;2255;17639;5161;batchnorm;;14;10,0;25,0;26,0;20,0;0,04641648036378539;;5;adam;maxabs
909;2024-07-02 06:55:54.903981;0,32345497608184814;;relu;0,3048154928597464;0,932003861574092;256;;0,3681451502993938;0,03623191513413338;0,010800712211467762;2255;17639;5161;batchnorm;;15;8,0;29,0;16,0;24,0;;;5;adam;normalizer
910;2024-07-02 06:57:56.871370;0,24880501627922058;;leaky_relu;0,9996513935174751;0,3079786408560695;256;;0,7507712427441171;0,0453785230521801;0,012405696648511762;2255;17639;5161;vanilla;;24;9,0;26,0;24,0;;0,08892025638104847;;4;adam;normalizer
911;2024-07-02 06:59:47.735741;0,1870650053024292;;leaky_relu;0,7630236640819459;0,11038556450367681;256;;0,9796250288041285;0,042872443373882796;0,006946535807777791;2255;17639;5161;batchnorm;;12;7,0;27,0;25,0;22,0;0,01771112860594462;;5;adam;normalizer
912;2024-07-02 07:02:20.434903;0,21245746314525604;;leaky_relu;0,7516713656021761;0,19941595716295749;64;;0,9815997514514884;0,03932708623743602;0,00610979012527924;2255;17639;5161;batchnorm;;11;7,0;26,0;26,0;24,0;0,025932304397116863;;5;adam;normalizer
913;2024-07-02 07:06:14.394519;0,21256999671459198;;leaky_relu;0,7174317362019724;0,34873671521008986;256;;0,961940015204372;0,04214251917828882;0,006790174318321465;2255;17639;5161;batchnorm;;12;6,0;27,0;25,0;23,0;0,011321627196219824;;5;adam;normalizer
914;2024-07-02 07:08:53.199572;0,250775009393692;;leaky_relu;0,7645395126482598;0,3752568658032433;256;;0,6419814602399752;0,03870492042479729;0,007232298237555026;2255;17639;5161;batchnorm;;12;6,0;27,0;26,0;;0,03049334298224765;;4;adam;normalizer
915;2024-07-02 07:11:29.094148;0,3276999890804291;;leaky_relu;0,7320006905992161;0,18571594782696915;256;;0,9784997473647915;0,007314385285835803;0,0058506887676678014;2255;17639;5161;batchnorm;;11;5,0;28,0;26,0;22,0;0,010845984254322462;;5;adam;maxabs
916;2024-07-02 07:14:07.529986;0,3495200276374817;;leaky_relu;0,8145976386044286;0,022822042735628267;256;;0,9573103988150349;0,04275672404897247;0,007295106514462693;2255;17639;5161;batchnorm;;10;7,0;26,0;25,0;22,0;0,015914340926709524;;5;adam;normalizer
917;2024-07-02 07:16:24.790261;49,88905334472656;;leaky_relu;0,39700147476683445;0,057699270203885065;32;;0,9825600754296179;0,040094118157071576;0,15769188461409067;2255;17639;5161;batchnorm;;30;7,0;27,0;27,0;;0,016829138999830507;;4;adam;normalizer
918;2024-07-02 07:20:57.764805;0,30364999175071716;;leaky_relu;0,7677467893270988;0,16894702142042156;256;0,35128295533681264;0,9410256382345569;0,045899640747371816;0,007980552059288616;2255;17639;5161;dropout;;11;6,0;28,0;25,0;23,0;0,0067510171300851005;;5;adam;normalizer
919;2024-07-02 07:23:17.852221;1,7186250686645508;;selu;0,7502583223560443;0,1909418786194984;256;;0,9182846943100276;0,04053623347844698;0,002023031072367832;2255;17639;5161;batchnorm;;5;6,0;25,0;25,0;22,0;;;5;adam;normalizer
920;2024-07-02 07:25:14.881556;0,19516751170158386;;leaky_relu;0,7909699317280099;0,24772419154262;128;;0,8562446341829619;0,02690565689566007;0,008598624651585084;2255;17639;5161;batchnorm;;12;7,0;26,0;26,0;;0,04247297130570872;;4;adam;normalizer
921;2024-07-02 07:27:48.586592;0,18827500939369202;;leaky_relu;0,7247727621340943;0,011244436862467247;256;;0,9683383206788214;0,03688759872205053;0,003973745257963772;2255;17639;5161;batchnorm;;25;7,0;27,0;26,0;23,0;0,014905308378327433;;5;adam;normalizer
922;2024-07-02 07:30:14.615099;0,5692699551582336;;leaky_relu;;;256;;0,9637222099872901;0,03722660077171637;0,008014107396742439;2255;17639;5161;batchnorm;0,7139694720603728;10;6,0;27,0;25,0;23,0;0,02162774212649843;True;5;sgd;maxabs
923;2024-07-02 07:32:14.613110;0,3145599961280823;;relu;0,41023291706125414;0,03761760335888611;256;;0,9907358827400619;0,03805779021479302;0,005488225771796615;2255;17639;5161;batchnorm;;11;7,0;27,0;27,0;23,0;;;5;adam;normalizer
924;2024-07-02 07:34:12.951633;0,40389499068260193;;leaky_relu;0,8637762037431265;0,08065067334386058;256;;0,9584848467855671;0,0401374274110369;0,004536003825847206;2255;17639;5161;batchnorm;;9;6,0;26,0;24,0;24,0;0,009851728697136911;;5;adam;normalizer
925;2024-07-02 07:36:23.547508;0,46202999353408813;;leaky_relu;0,7047022275369959;0,12338010947694232;256;;0,9768010494087427;0,04179717363732294;0,0031082084401202895;2255;17639;5161;batchnorm;;12;7,0;27,0;25,0;22,0;0,014154340281375376;;5;adam;normalizer
926;2024-07-02 07:38:15.109975;0,6423050165176392;;leaky_relu;0,4928179526534375;0,08442631072229217;256;;0,9349467974079125;0,04426385902451803;0,002204823845406551;2255;17639;5161;batchnorm;;11;7,0;27,0;26,0;24,0;0,01753373997700816;;5;adam;normalizer
927;2024-07-02 07:40:35.568209;0,2156199961900711;;leaky_relu;0,719186274784614;0,024171313484784365;256;;0,9726640416004901;0,03315314237644791;0,0038543262560459743;2255;17639;5161;batchnorm;;12;6,0;28,0;24,0;23,0;0,018055943027860618;;5;adam;normalizer
928;2024-07-02 07:42:55.491079;0,5727449655532837;;leaky_relu;0,6997723861473979;0,3433238729237061;256;;0,9442305440308169;0,0375886974956234;0,004585116948724498;2255;17639;5161;batchnorm;;26;7,0;26,0;25,0;22,0;0,01480484583037248;;5;adam;maxabs
929;2024-07-02 07:44:53.710462;0,6504300236701965;;leaky_relu;0,9089089755514792;0,21114083991096932;256;;0,6304056885656018;0,03543187089112867;0,0047097448824012155;2255;17639;5161;batchnorm;;10;7,0;27,0;26,0;25,0;0,024122774359263705;;5;adam;normalizer
930;2024-07-02 07:47:00.205882;0,40970999002456665;;leaky_relu;0,3313590030940246;0,12982976743282482;256;;0,8728855104618025;0,0526693766303086;0,003727298068134643;2255;17639;5161;batchnorm;;12;8,0;26,0;28,0;21,0;0,014178609608594819;;5;adam;normalizer
931;2024-07-02 07:48:51.633141;0,21968601644039154;;leaky_relu;0,8488094641882833;0,10942283069146791;16;;0,08720114978649644;0,0398515351213411;0,0032589914394250143;2255;17639;5161;batchnorm;;11;6,0;25,0;25,0;23,0;0,01719841962463622;;5;adam;normalizer
932;2024-07-02 07:55:46.443897;0,6447499990463257;;leaky_relu;0,46645749722164875;0,1093183996498877;256;;0,9982766842241935;0,07684467405887856;0,0022601673448364697;2255;17639;5161;batchnorm;;13;7,0;28,0;27,0;21,0;0,004671264532931964;;5;adam;normalizer
933;2024-07-02 07:58:09.185292;0,6057749390602112;;leaky_relu;0,820065579005462;0,13224466008252406;256;;0,820025318444783;0,036824362019396054;0,006702382586752404;2255;17639;5161;vanilla;;17;7,0;27,0;26,0;22,0;0,009049269620125103;;5;adam;normalizer
934;2024-07-02 08:00:00.825094;0,3558950424194336;;leaky_relu;0,17156224832222566;0,014596240037055508;128;;0,8988648980834368;0,04180752860662688;0,00539098677501482;2255;17639;5161;batchnorm;;28;7,0;26,0;8,0;23,0;0,015828127146562846;;5;adam;normalizer
935;2024-07-02 08:02:56.509761;0,3263549506664276;;relu;0,7285395208407945;0,15945059507498138;256;;0,9232206129483155;0,04471085893707959;0,0010324644097568219;2255;17639;5161;batchnorm;;3;8,0;26,0;24,0;22,0;;;5;adam;maxabs
936;2024-07-02 08:05:02.335134;0,2927350103855133;;leaky_relu;0,969430668605436;0,10583233589422945;256;;0,32685199578615093;0,04328442527640587;0,003423545750911471;2255;17639;5161;batchnorm;;25;6,0;28,0;27,0;21,0;0,017813791133749382;;5;adam;normalizer
937;2024-07-02 08:07:01.743516;0,19163499772548676;;leaky_relu;0,8031335588974533;0,08678562899181654;256;;0,7962517229166952;0,007161462458187111;0,009426007182947498;2255;17639;5161;batchnorm;;10;6,0;25,0;25,0;23,0;0,013808634675289665;;5;adam;normalizer
938;2024-07-02 08:09:18.444411;0,5779212117195129;;leaky_relu;;;64;;0,9698916148002672;0,040028829871349356;0,006688776115091538;2255;17639;5161;batchnorm;0,024894922955497896;24;8,0;27,0;24,0;24,0;0,02042337376482195;False;5;sgd;normalizer
939;2024-07-02 08:12:34.195105;0,6227699518203735;;leaky_relu;0,7737801351140818;0,05142507604691901;256;;0,5853070361996302;0,04644576818684737;0,0028302541034358085;2255;17639;5161;batchnorm;;16;7,0;26,0;26,0;21,0;0,005129417000251794;;5;adam;normalizer
940;2024-07-02 08:14:35.513619;0,4630799889564514;;leaky_relu;0,7120539163975184;0,1675466423378102;256;0,6880886601249103;0,34440752680379927;0,01148996180360539;0,006538479365715839;2255;17639;5161;dropout;;12;8,0;25,0;25,0;22,0;0,013061195243100985;;5;adam;normalizer
941;2024-07-02 08:16:38.129562;0,31168001890182495;;leaky_relu;0,8283261743631332;0,07571848034334513;256;;0,6715915255475197;0,05828561244902968;0,0037983231082843287;2255;17639;5161;batchnorm;;11;8,0;28,0;24,0;20,0;0,09763819410226057;;5;adam;maxabs
942;2024-07-02 08:18:35.562124;0,19709499180316925;;selu;0,42192628853825354;0,10188517457954965;256;;0,9997310584257115;0,03374395274159362;0,008346045237740156;2255;17639;5161;batchnorm;;13;8,0;26,0;23,0;21,0;;;5;adam;normalizer
943;2024-07-02 08:20:54.925831;0,41979002952575684;;leaky_relu;0,7422621421335243;0,14945834618514797;256;;0,05373430382861645;0,05066915122391731;0,0016722865765426878;2255;17639;5161;batchnorm;;11;7,0;27,0;25,0;22,0;0,06994046999575199;;5;adam;normalizer
944;2024-07-02 08:22:48.170265;0,24188192188739777;;leaky_relu;0,786425373609411;0,05269197111841231;32;;0,48480730271005823;0,03885278305530123;0,004421549474419794;2255;17639;5161;batchnorm;;12;8,0;27,0;;;0,01565355768449849;;3;adam;normalizer
945;2024-07-02 08:27:23.601390;0,5813300609588623;;leaky_relu;0,20179858093157754;0,11291892097711709;256;;0,29487550419936875;0,05288911620732073;0,0012398026651170976;2255;17639;5161;batchnorm;;13;7,0;25,0;29,0;24,0;0,013705393516653584;;5;adam;normalizer
946;2024-07-02 08:29:14.713695;0,3191850185394287;;leaky_relu;0,7615394526789027;0,07143212088544365;256;;0,10036446775947941;0,03680087387150261;0,005895861860556816;2255;17639;5161;batchnorm;;9;11,0;27,0;26,0;20,0;0,008199610222362937;;5;adam;normalizer
947;2024-07-02 08:32:08.617586;236947,71875;;leaky_relu;0,8460095084005346;0,047201149487422184;256;;0,780121938202156;0,009874243674132584;0,09370206797461703;2255;17639;5161;batchnorm;;10;12,0;24,0;24,0;21,0;0,020004498703038803;;5;adam;normalizer
948;2024-07-02 08:34:00.667601;0,6671649217605591;;relu;0,8040283085018529;0,1505738164270434;256;;0,8399183890951539;0,0797397805894538;0,004154446261600778;2255;17639;5161;batchnorm;;11;8,0;26,0;27,0;19,0;;;5;adam;maxabs
949;2024-07-02 08:36:03.557128;0,22141499817371368;;leaky_relu;0,27839383110436566;0,10736566197638672;128;;0,26416725693210863;0,013733892517521686;0,009740627480766218;2255;17639;5161;batchnorm;;12;11,0;25,0;25,0;20,0;0,002670421712342122;;5;adam;normalizer
950;2024-07-02 08:39:33.495882;0,4577900469303131;;leaky_relu;0,38665020876363027;0,1355395231683157;256;;0,9169542692371884;0,09970298300279455;0,0033275282901601005;2255;17639;5161;batchnorm;;25;8,0;9,0;24,0;25,0;0,0032283241841808384;;5;adam;normalizer
951;2024-07-02 08:41:34.177184;0,6940749883651733;;leaky_relu;0,3472996903982465;0,10021919130646033;256;;0,9489636343340122;0,07146302196233709;0,0047654997428079665;2255;17639;5161;batchnorm;;8;6,0;26,0;25,0;23,0;0,011801580461459349;;5;adam;normalizer
952;2024-07-02 08:43:27.427263;0,24174001812934875;;leaky_relu;0,8686539030369959;0,07330826741387236;256;;0,12267476746061853;0,04334726333264774;0,005231565533939388;2255;17639;5161;batchnorm;;13;9,0;28,0;26,0;13,0;0,05455269863761927;;5;adam;normalizer
953;2024-07-02 08:45:19.931657;0,3318850100040436;;leaky_relu;0,6936148860394141;0,22933929518347285;256;;0,7315970983308497;0,050027317285254974;0,0013185584223697937;2255;17639;5161;batchnorm;;10;7,0;27,0;23,0;22,0;0,011287283890367403;;5;adam;normalizer
954;2024-07-02 08:47:13.563817;0,44764000177383423;;leaky_relu;0,740251267574349;0,13964213667041736;256;;0,8670360465076276;0,09506711675554333;0,0350354746500461;2255;17639;5161;batchnorm;;11;5,0;26,0;26,0;12,0;0,017926007901254384;;5;adam;maxabs
955;2024-07-02 08:49:15.433986;175,03672790527344;;leaky_relu;0,9749213643326666;0,11234449471302034;256;;0,2454581645682328;0,03537677655250076;0,005825958378507846;2255;17639;5161;batchnorm;;12;10,0;25,0;25,0;21,0;0,019824014229475218;;5;adam;normalizer
956;2024-07-02 08:51:34.260974;0,19000999629497528;;leaky_relu;0,774831175743283;0,0896492177386943;256;;0,7644864668963345;0,047294924124825055;0,010365503161525787;2255;17639;5161;batchnorm;;15;11,0;28,0;27,0;20,0;0,0075940211365131995;;5;adam;normalizer
957;2024-07-02 08:53:48.899572;0,3899115324020386;;leaky_relu;;;16;;0,5366825311816165;0,031885348882138925;0,0079521270433803;2255;17639;5161;vanilla;0,0064444760787571225;24;8,0;27,0;24,0;19,0;0,0590990851059446;True;5;sgd;normalizer
958;2024-07-02 08:57:19.438082;0,32664501667022705;;leaky_relu;0,2977707795747401;0,023223545840131653;256;;0,5127238499544831;0,02142260161071665;0,0027897354228370226;2255;17639;5161;batchnorm;;13;10,0;26,0;28,0;19,0;0,021419606274276415;;5;adam;normalizer
959;2024-07-02 08:59:35.312357;0,6064399480819702;;leaky_relu;0,031671179378544856;0,08384622926508226;256;;0,641103982832314;0,055520530553239855;0,009145587214491959;2255;17639;5161;batchnorm;;12;9,0;26,0;25,0;22,0;0,06186522962583081;;5;adam;normalizer
960;2024-07-02 09:01:32.972959;0,5050000548362732;;relu;0,7217301107980787;0,15237083592736825;256;;0,899654831842592;0,07566821504096666;0,004039937124748721;2255;17639;5161;batchnorm;;26;13,0;24,0;24,0;26,0;;;5;adam;maxabs
961;2024-07-02 09:04:02.343532;154740,421875;;leaky_relu;0,9254654388612537;0,02910467430190833;256;;0,363310492220524;0,008476620080770297;0,04790951369849189;2255;17639;5161;batchnorm;;25;10,0;14,0;24,0;23,0;0,012563158937258026;;5;adam;normalizer
962;2024-07-02 09:05:55.275884;67550416,0;;leaky_relu;0,8181212068353365;0,014200305329068998;128;0,14105223387464738;0,27674306835514345;0,041445327406306604;0,04203141375498861;2255;17639;5161;dropout;;14;12,0;28,0;23,0;20,0;0,06408386072779543;;5;adam;normalizer
963;2024-07-02 09:08:06.332263;0,1951950192451477;;leaky_relu;0,437397344407885;0,4246028191392669;256;;0,4659743760803448;0,06542470936087588;0,011199006440288232;2255;17639;5161;batchnorm;;9;8,0;16,0;25,0;21,0;0,02221152842062255;;5;adam;normalizer
964;2024-07-02 09:12:00.570952;0,5513200163841248;;leaky_relu;0,7598426483467149;0,20210143244047235;256;;0,607151860302276;0,07327049118913131;0,0024217035357140134;2255;17639;5161;batchnorm;;11;9,0;27,0;;;0,06713779679500428;;3;adam;normalizer
965;2024-07-02 09:13:57.862340;0,3494437038898468;;selu;0,20934097567453108;0,4034782028552691;64;;0,30980067100942194;0,06866581027855567;0,005312842414254578;2255;17639;5161;batchnorm;;10;9,0;25,0;26,0;20,0;;;5;adam;normalizer
966;2024-07-02 09:16:47.063185;0,8312498927116394;;leaky_relu;0,7918329700056824;0,2175897272576617;256;;0,9375707148082817;0,02781469092804227;0,00342686377686009;2255;17639;5161;batchnorm;;12;11,0;29,0;26,0;22,0;0,05569286420739023;;5;adam;normalizer
967;2024-07-02 09:19:04.228317;0,20289000868797302;;leaky_relu;0,8425120975052663;0,09066413099809206;256;;0,808467919545752;0,018843344471461347;0,010768672318414553;2255;17639;5161;batchnorm;;13;10,0;26,0;25,0;21,0;0,005272289720421316;;5;adam;maxabs
968;2024-07-02 09:21:23.935331;0,32949498295783997;;leaky_relu;0,7450203000108846;0,051605831837586505;256;;0,7531779253657557;0,006540842992856025;0,0014426728620370887;2255;17639;5161;batchnorm;;14;7,0;27,0;23,0;19,0;0,027660708900005306;;5;adam;normalizer
969;2024-07-02 09:23:15.005596;68,40365600585938;;leaky_relu;0,7067612991800618;0,06599962799070902;256;;0,6637605462543634;0,09545638680225346;0,08750703675238267;2255;17639;5161;batchnorm;;16;9,0;26,0;27,0;15,0;0,02531853557043346;;5;adam;normalizer
970;2024-07-02 09:25:32.430581;0,30249500274658203;;leaky_relu;0,40491094424194696;0,1198686869129787;256;;0,33440608881041195;0,01242046595910034;0,007848317378843497;2255;17639;5161;batchnorm;;11;10,0;28,0;24,0;19,0;0,009390695325813483;;5;adam;normalizer
971;2024-07-02 09:28:48.375241;0,27937498688697815;;leaky_relu;0,046413303344658596;0,17063552933723863;256;;0,7129146078360452;0,030248024464886048;0,002645072877007317;2255;17639;5161;batchnorm;;12;11,0;25,0;25,0;24,0;0,03333419452106967;;5;adam;normalizer
972;2024-07-02 09:30:41.552498;0,21899184584617615;;leaky_relu;0,7777458974761744;0,14731475736895944;32;;0,8346448480787642;0,07737121878875466;0,009153104873573882;2255;17639;5161;batchnorm;;13;14,0;29,0;26,0;23,0;0,012560357780025538;;5;adam;normalizer
973;2024-07-02 09:35:31.309271;1,1178100109100342;;leaky_relu;0,2226796471804331;0,03652883093303014;256;;0,9759605361546206;0,09310666932731625;0,005266893584462318;2255;17639;5161;batchnorm;;10;5,0;28,0;23,0;20,0;0,0999974560788797;;5;adam;maxabs
974;2024-07-02 09:37:41.834033;90084,3203125;;leaky_relu;0,8989116814164567;0,17600060587327188;256;;0,694378462122677;0,059565549405134824;0,2418444968492783;2255;17639;5161;batchnorm;;17;8,0;27,0;15,0;21,0;0,06031281697028584;;5;adam;normalizer
975;2024-07-02 09:40:25.306888;0,2476300299167633;;relu;0,05565530587676537;0,13025255837391397;256;;0,2589198913844299;0,039351288666967146;0,003734210045069872;2255;17639;5161;batchnorm;;27;6,0;26,0;24,0;16,0;;;5;adam;normalizer
976;2024-07-02 09:42:16.699714;0,7563899755477905;;leaky_relu;;;256;;0,5559475919607109;0,05475013269961532;0,007252256507548049;2255;17639;5161;batchnorm;0,010628707482364786;12;10,0;25,0;26,0;14,0;0,07315839865998887;False;5;sgd;normalizer
977;2024-07-02 09:45:30.981666;0,2568500339984894;;leaky_relu;0,8070838335813307;0,35811035599907887;128;;0,9494438314649468;0,07042053541977492;0,03179368545557213;2255;17639;5161;vanilla;;13;9,0;4,0;25,0;22,0;0,07451196746463747;;5;adam;normalizer
978;2024-07-02 09:48:04.758661;0,19136497378349304;;leaky_relu;0,7244447967977635;0,2064922531938876;256;;0,38198806603780255;0,03447887581613894;0,01186530618988348;2255;17639;5161;batchnorm;;23;8,0;3,0;24,0;19,0;0,029323072816776086;;5;adam;normalizer
979;2024-07-02 09:50:12.264879;0,19112500548362732;;leaky_relu;0,8330469164342782;0,3738419049564267;256;;0,44301072474526504;0,048021426416203716;0,010082351999585364;2255;17639;5161;batchnorm;;11;12,0;19,0;27,0;23,0;0,0075196017805974;;5;adam;normalizer
980;2024-07-02 09:53:43.764551;718757,875;;leaky_relu;0,9475304107262397;0,4026317106532776;256;;0,7905161692607768;0,08047130500144851;0,22417645283505624;2255;17639;5161;batchnorm;;24;11,0;29,0;25,0;20,0;0,01877618251557378;;5;adam;maxabs
981;2024-07-02 09:56:23.491206;0,19125999510288239;;leaky_relu;0,7642414063302919;0,22858992240486867;256;;0,14692320893439792;0,009989079420822144;0,012355002809432584;2255;17639;5161;batchnorm;;15;9,0;4,0;17,0;18,0;0,0579933525359857;;5;adam;normalizer
982;2024-07-02 09:58:34.335608;0,47805994749069214;;leaky_relu;0,866254407278678;0,049226698704780754;256;;0,23762134336296556;0,014980302293072224;0,002346496509109213;2255;17639;5161;batchnorm;;14;10,0;13,0;26,0;21,0;0,0948547299809281;;5;adam;normalizer
983;2024-07-02 10:00:35.119691;2507995,0;;leaky_relu;0,7958548469686063;0,06597610922287032;256;;0,5931053772575942;0,03731827757213776;0,6659060787755793;2255;17639;5161;batchnorm;;10;11,0;27,0;24,0;22,0;0,0014955887180273415;;5;adam;normalizer
984;2024-07-02 10:02:37.842072;1,5907200574874878;;relu;0,8898872619721471;0,3265845170125572;16;0,3024785998231666;0,8844854465907546;0,09760281485043532;0,008676105439229038;2255;17639;5161;dropout;;25;9,0;26,0;25,0;19,0;;;5;adam;normalizer
985;2024-07-02 10:12:27.917836;0,20934000611305237;;leaky_relu;0,6895546658229881;0,15640578024581095;256;;0,48972690775225175;0,04227121857259813;0,013861016884410257;2255;17639;5161;batchnorm;;22;10,0;24,0;23,0;20,0;0,09685559255926936;;5;adam;normalizer
986;2024-07-02 10:14:32.891238;0,23827502131462097;;leaky_relu;0,22800190111487645;0,7069940368815885;256;;0,2921508781054826;0,0053478080846465804;0,22883160812562597;2255;17639;5161;batchnorm;;12;8,0;3,0;28,0;24,0;0,09214666329752677;;5;adam;maxabs
987;2024-07-02 10:16:32.690202;0,20721498131752014;;selu;0,7424982853724758;0,24300151709404094;256;;0,1896587599299451;0,051461527708281773;0,010276503441657706;2255;17639;5161;batchnorm;;11;7,0;23,0;26,0;20,0;;;5;adam;normalizer
988;2024-07-02 10:18:34.584224;0,2484850138425827;;leaky_relu;0,5207368936086421;0,4589747677141332;256;;0,9268632976941482;0,057702143258943524;0,006498472465350662;2255;17639;5161;batchnorm;;13;10,0;4,0;25,0;21,0;0,05125741666138384;;5;adam;normalizer
989;2024-07-02 10:21:58.324146;0,41259998083114624;;leaky_relu;0,17009938170133498;0,43245770011049384;256;;0,999441208504499;0,016022423866687084;0,011581868059467355;2255;17639;5161;batchnorm;;12;9,0;26,0;24,0;18,0;0,022742074691673796;;5;adam;normalizer
990;2024-07-02 10:23:55.201260;0,4664499759674072;;leaky_relu;0,7795559534989397;0,17286701727848003;128;;0,6198224743611537;0,0638361482796237;0,002886585926048991;2255;17639;5161;batchnorm;;13;12,0;28,0;26,0;21,0;0,09385035044377249;;5;adam;normalizer
991;2024-07-02 10:26:32.716628;0,5017975568771362;;leaky_relu;0,8242292035169256;0,3312713796255351;64;;0,10642403260513054;0,09212346634793891;0,009387041742349386;2255;17639;5161;batchnorm;;10;13,0;;;;0,06462394708243918;;2;adam;normalizer
992;2024-07-02 10:29:26.173941;0,21908000111579895;;leaky_relu;0,7641627322345451;0,09739165073964076;256;;0,7698383634507662;0,032493518718703464;0,013707496428369154;2255;17639;5161;batchnorm;;26;6,0;29,0;24,0;22,0;0,018701975432273785;;5;adam;maxabs
993;2024-07-02 10:31:34.173682;0,369564950466156;;leaky_relu;0,7236197746913384;0,26485329084085374;256;;0,6897015979517414;0,07788767611294592;0,007446434568090284;2255;17639;5161;batchnorm;;9;11,0;11,0;;;0,01570452763895778;;3;adam;normalizer
994;2024-07-02 10:33:27.275595;0,19082500040531158;;leaky_relu;0,8083120207455112;0,3794701922812151;256;;0,07664189348849726;0,04586835764849295;0,0182039132818047;2255;17639;5161;batchnorm;;11;9,0;25,0;29,0;18,0;0,027052845073731624;;5;adam;normalizer
995;2024-07-02 10:35:43.459634;1,20330011844635;;leaky_relu;;;256;;0,5281755533544329;0,07263353771520539;0,03954394283188539;2255;17639;5161;batchnorm;0,3293453391245762;14;10,0;;;;0,066261303636059;True;2;sgd;normalizer
996;2024-07-02 10:38:17.300892;0,27321499586105347;;leaky_relu;0,0856088544332837;0,03742090211473047;256;;0,737285628449902;0,07471841175526292;0,0010315795349299303;2255;17639;5161;batchnorm;;12;8,0;27,0;12,0;;0,006378145742551874;;4;adam;normalizer
997;2024-07-02 10:40:36.347989;0,40428003668785095;;relu;0,7508258499243032;0,48697560062527756;256;;0,908159574649344;0,0899046570015859;0,004933481124848307;2255;17639;5161;batchnorm;;17;9,0;17,0;27,0;19,0;;;5;adam;normalizer
998;2024-07-02 10:42:41.749076;0,22300998866558075;;leaky_relu;0,19747111605038692;0,39425979910814707;256;;0,854419677768938;0,049071203328876545;0,06050276510478468;2255;17639;5161;batchnorm;;13;11,0;15,0;25,0;17,0;0,032861236253307474;;5;adam;normalizer
999;2024-07-02 10:45:06.920286;0,3838900029659271;;leaky_relu;0,7008773401317354;0,807846714402045;256;;0,3932161353589241;0,09555746455424163;0,010477578675389254;2255;17639;5161;vanilla;;11;8,0;26,0;23,0;23,0;0,06864406859052533;;5;adam;maxabs
1000;2024-07-02 10:46:59.713926;0,7566027045249939;;leaky_relu;0,4619584345661603;0,014031005645914505;32;;0,9688395653273749;0,09997584086533168;0,008359473141171542;2255;17639;5161;batchnorm;;16;10,0;18,0;25,0;;0,03728134918196183;;4;adam;normalizer
1001;2024-07-02 10:50:55.744073;0,20475001633167267;;leaky_relu;0,7938696662319649;0,14363015135938956;256;;0,2664570927641217;0,06757822261068824;0,012442816601611522;2255;17639;5161;batchnorm;;25;7,0;3,0;27,0;22,0;0,09076366062358715;;5;adam;normalizer
1002;2024-07-02 10:53:23.027947;18675,798828125;;leaky_relu;0,8582774058846748;0,131579468105459;256;;0,16606410495612392;0,022676532172998996;0,17733058798214882;2255;17639;5161;batchnorm;;12;9,0;4,0;24,0;21,0;0,05590013977741626;;5;adam;normalizer
1003;2024-07-02 10:56:00.543275;0,19265000522136688;;leaky_relu;0,732414669131164;0,06824639758846832;256;;0,3579883838597913;0,040800652108365504;0,015296091610809064;2255;17639;5161;batchnorm;;14;10,0;27,0;23,0;;0,049023002543549354;;4;adam;normalizer
1004;2024-07-02 10:58:38.756695;0,21934500336647034;;leaky_relu;0,8359234785978426;0,7602224572125015;256;;0,4688905421652177;0,0810692445619057;0,4359164259452523;2255;17639;5161;batchnorm;;24;11,0;24,0;26,0;19,0;0,09832848867689653;;5;adam;normalizer
1005;2024-07-02 11:00:37.195866;0,1983949989080429;;leaky_relu;0,7808102293492587;0,3067941139601309;256;;0,5731300225228805;0,05375939253793657;0,011349947563763344;2255;17639;5161;batchnorm;;13;8,0;28,0;25,0;20,0;0,030404695873444913;;5;adam;maxabs
1006;2024-07-02 11:02:45.545522;0,22389499843120575;;leaky_relu;0,37488320435842426;0,9043217820453865;256;0,3793751106276335;0,40419777084865643;0,03602860663988948;0,49138749207917864;2255;17639;5161;dropout;;11;9,0;26,0;26,0;24,0;0,01232466483397738;;5;adam;normalizer
1007;2024-07-02 11:04:35.886863;1,0501948595046997;;leaky_relu;0,8146886804289588;0,19398673365030622;128;;0,20786639492406261;0,023480113036287827;0,13828730900123307;2255;17639;5161;batchnorm;;12;10,0;3,0;24,0;;0,022970677170985353;;4;adam;normalizer
1008;2024-07-02 11:06:46.909461;0,24412497878074646;;leaky_relu;0,6741065994959831;0,7381048987346895;256;;0,797884202418685;0,017505609480965093;0,2968546843834292;2255;17639;5161;batchnorm;;10;10,0;20,0;25,0;17,0;0,09540041959951727;;5;adam;normalizer
1009;2024-07-02 11:09:04.160033;0,5312949419021606;;selu;0,7600065217200105;0,09449988867804401;256;;0,43494733176620126;0,026972286732726475;0,03238662151625211;2255;17639;5161;batchnorm;;13;7,0;4,0;24,0;18,0;;;5;adam;normalizer
1010;2024-07-02 11:10:57.505531;0,19261997938156128;;relu;0,7108005331109641;0,3926575873672751;256;;0,3202439749228566;0,043746720839627634;0,02047986725765873;2255;17639;5161;batchnorm;;14;9,0;29,0;20,0;16,0;;;5;adam;normalizer
1011;2024-07-02 11:13:33.953683;1,21723210811615;;leaky_relu;0,11900830132721196;0,3548152000896844;16;;0,2807363214616621;0,00508261951332958;0,009436490849516756;2255;17639;5161;batchnorm;;11;11,0;27,0;26,0;22,0;0,00760140537698399;;5;adam;normalizer
1012;2024-07-02 11:20:41.781541;0,3078799843788147;;leaky_relu;0,09961752845172184;0,9532683453008275;256;;0,8285349391431711;0,09343098379320594;0,0273688613936588;2255;17639;5161;batchnorm;;26;10,0;19,0;23,0;;0,06100310757338608;;4;adam;maxabs
1013;2024-07-02 11:22:57.445579;0,3283200263977051;;leaky_relu;0,1417124988919085;0,7198491129058717;256;;0,23415023517998784;0,08268025852440151;0,002091873059641121;2255;17639;5161;batchnorm;;9;12,0;25,0;25,0;20,0;0,09264179543215778;;5;adam;normalizer
1014;2024-07-02 11:24:56.065366;0,4340149760246277;;leaky_relu;;;256;;0,5042382164659731;0,060102998586393744;0,0060715853777185795;2255;17639;5161;batchnorm;0,1380305214367705;15;14,0;4,0;24,0;;0,0871383542621473;False;4;sgd;normalizer
1015;2024-07-02 11:28:17.897208;0,5885199308395386;;leaky_relu;0,2756211992742936;0,5049949970749504;256;;0,72511243632009;0,09074230569661018;0,0039778589188997375;2255;17639;5161;batchnorm;;10;8,0;26,0;26,0;23,0;0,08271518451506576;;5;adam;normalizer
1016;2024-07-02 11:30:14.084418;339,0435485839844;;leaky_relu;0,9223013201164267;0,4482937884373267;256;;0,9583209206583682;0,0090073126533157;0,1563635166733303;2255;17639;5161;batchnorm;;12;9,0;28,0;22,0;19,0;0,04517031572327169;;5;adam;normalizer
1017;2024-07-02 11:32:30.162406;0,18952001631259918;;leaky_relu;0,7963303197602462;0,7984621060609172;256;;0,4510785185679562;0,0971519808389125;0,013682511249704505;2255;17639;5161;batchnorm;;13;11,0;3,0;27,0;21,0;0,0633399070578568;;5;adam;normalizer
1018;2024-07-02 11:35:03.047325;0,32036247849464417;;leaky_relu;0,878654611733863;0,9731896691108759;128;;0,375522589010305;0,03064387692904125;0,0707948184375135;2255;17639;5161;batchnorm;;11;13,0;25,0;25,0;;0,09824890177915278;;4;adam;maxabs
1019;2024-07-02 11:37:59.665699;0,29137757420539856;;leaky_relu;0,25006263916984206;0,7790791987518878;64;;0,648052430019443;0,03808091001106875;0,016893734525646697;2255;17639;5161;batchnorm;;12;10,0;27,0;27,0;19,0;0,09064529668963743;;5;adam;normalizer
1020;2024-07-02 11:42:35.657105;40,884864807128906;;leaky_relu;0,7398070094909935;0,2161295122094803;256;;0,34045979397161175;0,021057045819451704;0,3206969661090418;2255;17639;5161;batchnorm;;29;8,0;10,0;24,0;20,0;0,09639551473971852;;5;adam;normalizer
1021;2024-07-02 11:45:53.303020;0,6461450457572937;;leaky_relu;0,7633297628988603;0,2729698159658081;256;;0,1252864158523014;0,07566927490849332;0,002365005119372001;2255;17639;5161;batchnorm;;25;9,0;16,0;25,0;18,0;0,04004079363951661;;5;adam;normalizer
1022;2024-07-02 11:48:06.036451;0,28883498907089233;;relu;0,6131295315137085;0,3172131221213737;256;;0,24869240872144932;0,08926550823932994;0,008427219978441862;2255;17639;5161;vanilla;;13;6,0;26,0;24,0;;;;4;adam;normalizer
1023;2024-07-02 11:49:56.679502;0,38468998670578003;;leaky_relu;0,8506304466219107;0,918839677699179;256;;0,7732574087803009;0,03389199463798784;0,0014979886586775418;2255;17639;5161;batchnorm;;11;7,0;29,0;23,0;22,0;0,07156825203858526;;5;adam;normalizer
1024;2024-07-02 11:52:24.834496;0,6525349617004395;;leaky_relu;0,6528378349658045;0,46980192306347;256;;0,9790761746632358;0,07009509861839831;0,0016292678080034944;2255;17639;5161;batchnorm;;12;11,0;4,0;28,0;25,0;0,057968469547553435;;5;adam;maxabs
1025;2024-07-02 11:54:21.671355;0,27422505617141724;;leaky_relu;0,43823073651417843;0,3367656273402858;256;;0,3017604381018425;0,065964299525641;0,5248649320375748;2255;17639;5161;batchnorm;;16;9,0;23,0;26,0;17,0;0,035211356152118914;;5;adam;normalizer
1026;2024-07-02 11:56:21.152571;0,21448825299739838;;leaky_relu;0,7847287595509799;0,8834543269015201;32;;0,8888363755429212;0,07914862560239548;0,01114590524201974;2255;17639;5161;batchnorm;;14;10,0;3,0;25,0;;0,018961430754149574;;4;adam;normalizer
1027;2024-07-02 12:02:32.017180;1,4892200231552124;;leaky_relu;0,07957514110940295;0,6947803658954959;256;;0,22161199573275936;0,011653132244156476;0,003155013497468491;2255;17639;5161;batchnorm;;10;8,0;26,0;23,0;3,0;0,052276436427715144;;5;adam;normalizer
1028;2024-07-02 12:04:36.496302;0,20588000118732452;;leaky_relu;0,6877817894638689;0,7623006720798343;256;0,5217579868143679;0,6803913596963409;0,09165844025062284;0,007474858821720108;2255;17639;5161;dropout;;13;9,0;4,0;26,0;19,0;0,014403036266920095;;5;adam;normalizer
1029;2024-07-02 12:07:35.127227;0,3915099799633026;;leaky_relu;0,8197703097549871;0,997576211095568;256;;0,9278514889916533;0,08464208824405474;0,001748258347472209;2255;17639;5161;batchnorm;;12;10,0;25,0;24,0;21,0;0,08539765128449014;;5;adam;normalizer
1030;2024-07-02 12:09:29.455302;0,2077699601650238;;selu;0,7210234485270414;0,03422524472329763;256;;0,48147045438899005;0,08814341163851558;0,010027108468470469;2255;17639;5161;batchnorm;;11;12,0;18,0;25,0;;;;4;adam;normalizer
1031;2024-07-02 12:11:39.402261;0,2195500135421753;;leaky_relu;0,7489726579316301;0,4267013030515491;256;;0,1856965880320221;0,024349546962677944;0,012857705897288773;2255;17639;5161;batchnorm;;24;15,0;17,0;26,0;18,0;0,08829478605710828;;5;adam;maxabs
1032;2024-07-02 12:13:44.639790;0,3900800049304962;;leaky_relu;;;256;;0,8686356250679111;0,09395506803191975;0,015176781687244205;2255;17639;5161;batchnorm;0,42279443522179505;26;7,0;27,0;22,0;20,0;0,09391611120357318;True;5;sgd;normalizer
1033;2024-07-02 12:15:38.962577;1610329728,0;;leaky_relu;0,7719542906981525;0,010547619162627976;128;;0,8119461314468587;0,027980614816191907;0,4596214275568864;2255;17639;5161;batchnorm;;25;11,0;29,0;25,0;;0,00395153787680326;;4;adam;normalizer
1034;2024-07-02 12:17:56.665528;0,3813050389289856;;leaky_relu;0,3262996101409566;0,20020162734998947;256;;0,5166299868934877;0,02572069698494736;0,02263353343280432;2255;17639;5161;batchnorm;;9;6,0;22,0;24,0;21,0;0,07569739719084856;;5;adam;normalizer
1035;2024-07-02 12:20:13.181621;0,19053497910499573;;leaky_relu;0,48472631486201867;0,5322826271302784;256;;0,744416226285737;0,007322814271017067;0,01189805544160694;2255;17639;5161;batchnorm;;10;9,0;28,0;27,0;16,0;0,08013285396290949;;5;adam;normalizer
1036;2024-07-02 12:22:29.441485;2,219670295715332;;relu;0,8038259301589372;0,06901796311324535;256;;0,39869596915004973;0,013521679835061112;0,04528125253656351;2255;17639;5161;batchnorm;;17;10,0;3,0;23,0;23,0;;;5;adam;normalizer
1037;2024-07-02 12:24:25.345266;8,249628067016602;;leaky_relu;0,39916966237766294;0,7449309069082982;16;;0,5417759474105637;0,05286710548165853;0,21697367469820272;2255;17639;5161;batchnorm;;23;8,0;24,0;25,0;;0,010356908417891109;;4;adam;maxabs
1038;2024-07-02 12:30:50.167073;0,20706501603126526;;leaky_relu;0,7364558106053686;0,36195761426468664;256;;0,2638001458938349;0,039878695667389934;0,009230689616470297;2255;17639;5161;batchnorm;;12;9,0;5,0;24,0;22,0;0,09187565087265723;;5;adam;normalizer
1039;2024-07-02 12:33:42.817302;0,5207200050354004;;leaky_relu;0,8312351641781603;0,8240281579038161;256;;0,9455862259839954;0,019274243779047823;0,0065157862857755725;2255;17639;5161;batchnorm;;14;10,0;26,0;26,0;20,0;0,05400385886028198;;5;adam;normalizer
1040;2024-07-02 12:35:41.079564;0,19544000923633575;;leaky_relu;0,5348729086883124;0,18799454929212492;256;;0,42886019673065684;0,06187891587430049;0,010291913777633933;2255;17639;5161;batchnorm;;7;11,0;4,0;18,0;18,0;0,08971023745498158;;5;adam;normalizer
1041;2024-07-02 12:38:37.973914;0,3079150319099426;;leaky_relu;0,9026119924621123;0,38463910700337794;256;;0,2899362866853607;0,0559468419491601;0,018311078723877758;2255;17639;5161;batchnorm;;13;8,0;25,0;26,0;19,0;0,04169571138799849;;5;adam;normalizer
1042;2024-07-02 12:40:42.189821;0,19439001381397247;;leaky_relu;0,5145994297206615;0,5124120805491534;256;;0,15116407642172364;0,04302480938324619;0,10971335964907758;2255;17639;5161;batchnorm;;22;7,0;27,0;;;0,06556289737989213;;3;adam;normalizer
1043;2024-07-02 12:42:42.394060;0,4666000008583069;;leaky_relu;0,7858714492493184;0,24195264044021753;256;;0,9094784542756259;0,08212937700837676;0,0025455828048101827;2255;17639;5161;vanilla;;15;10,0;28,0;25,0;;0,04435062529194492;;4;adam;normalizer
1044;2024-07-02 12:45:02.343608;0,4454824924468994;;leaky_relu;0,7090587148660409;0,4130814192618326;64;;0,7111244054045254;0,09608095868128484;0,013906228836237601;2255;17639;5161;batchnorm;;27;;;;;0,06195733277117593;;1;adam;maxabs
1045;2024-07-02 12:47:38.110285;0,2399750053882599;;leaky_relu;0,8738716860733654;0,565961112252254;256;;0,09178296992304447;0,046696092513782456;0,02947978598644896;2255;17639;5161;batchnorm;;11;9,0;3,0;24,0;17,0;0,04810765139847838;;5;adam;normalizer
1046;2024-07-02 12:49:45.164276;0,2072800099849701;;leaky_relu;0,7625355626032965;0,30016827799631735;256;;0,6054871403517245;0,08606641396173598;0,012114765984082945;2255;17639;5161;batchnorm;;13;11,0;30,0;25,0;23,0;0,09980530165954474;;5;adam;normalizer
1047;2024-07-02 12:51:53.862771;0,8953650593757629;;relu;0,9547907940576005;0,11913519147984133;256;;0,7860975539731151;0,07424527729183641;0,00827393447049951;2255;17639;5161;batchnorm;;12;12,0;26,0;27,0;21,0;;;5;adam;normalizer
1048;2024-07-02 12:54:42.044795;0,9167249798774719;;leaky_relu;0,6657642900389391;0,9376783921863688;128;;0,2083053959537043;0,0717861502799528;0,8841988386427081;2255;17639;5161;batchnorm;;18;10,0;19,0;23,0;;0,09543028344787612;;4;adam;normalizer
1049;2024-07-02 12:56:56.140805;0,33754998445510864;;leaky_relu;0,9990515157445542;0,7955646547155573;256;;0,5758644567516248;0,03679416617934588;0,03870158461332915;2255;17639;5161;batchnorm;;4;14,0;4,0;25,0;13,0;0,021385502084470414;;5;adam;normalizer
1050;2024-07-02 12:58:49.383469;0,23681998252868652;;leaky_relu;0,8141111128459535;0,1634543874433291;256;0,6105136131458814;0,45581286775056656;0,09077303383276587;0,010528570764138833;2255;17639;5161;dropout;;10;9,0;27,0;24,0;20,0;0,029102749866101122;;5;adam;maxabs
1051;2024-07-02 13:00:51.986587;0,2367050051689148;;leaky_relu;0,13178156784704026;0,48364078152687007;32;;0,3390632454820569;0,01696992104274066;0,015356913918577622;2255;17639;5161;batchnorm;;11;13,0;29,0;26,0;;0,07742568395000111;;4;adam;normalizer
1052;2024-07-02 13:05:20.091906;0,47932499647140503;;leaky_relu;0,8467291448688528;0,5452716894869419;256;;0,7638349766159456;0,0981715675484147;0,007222968377258844;2255;17639;5161;batchnorm;;13;8,0;25,0;22,0;19,0;0,0837037805492407;;5;adam;normalizer
1053;2024-07-02 13:07:28.168138;0,9063399434089661;;selu;;;256;;0,3567522649856597;0,04933454371331407;0,0018229317319514546;2255;17639;5161;batchnorm;0,08573832250856751;8;10,0;26,0;24,0;22,0;;False;5;sgd;normalizer
1054;2024-07-02 13:09:21.366697;0,4663199782371521;;leaky_relu;0,7435824443890912;0,7074154629388774;256;;0,5559711269269075;0,03173866334619102;0,0051043246326207044;2255;17639;5161;batchnorm;;24;11,0;12,0;27,0;24,0;0,08716302950327146;;5;adam;normalizer
1055;2024-07-02 13:11:16.158047;0,27263501286506653;;leaky_relu;0,6867903795073109;0,8970696467971273;256;;0,6502562456961904;0,04464440483075821;0,0871357958920299;2255;17639;5161;batchnorm;;15;9,0;5,0;28,0;;0,037531171294401436;;4;adam;normalizer
1056;2024-07-02 13:13:28.418091;0,20329999923706055;;leaky_relu;0,6295515209097338;0,6197086385493211;256;;0,8221194553448709;0,08888691040317005;0,009071940572582947;2255;17639;5161;batchnorm;;12;15,0;18,0;25,0;22,0;0,09775394660845067;;5;adam;maxabs
1057;2024-07-02 13:16:02.096238;0,19629499316215515;;leaky_relu;0,34715314336468794;0,5838824757258305;256;;0,841076267887135;0,0412019458699828;0,012778074260412716;2255;17639;5161;batchnorm;;11;8,0;3,0;26,0;21,0;0,016330402377944208;;5;adam;normalizer
1058;2024-07-02 13:19:23.557554;0,3555850088596344;;leaky_relu;0,778136552979419;0,2750741631061921;256;;0,3152870103919941;0,07836133059483404;0,0044014211796935205;2255;17639;5161;batchnorm;;12;12,0;4,0;24,0;18,0;0,0930932704659462;;5;adam;normalizer
1059;2024-07-02 13:21:33.829765;0,38266000151634216;;leaky_relu;0,287497727217767;0,730275538619516;256;;0,9615484627594251;0,034893205765538116;0,05391720234813622;2255;17639;5161;batchnorm;;14;9,0;20,0;23,0;;0,03137502429121855;;4;adam;normalizer
1060;2024-07-02 13:23:35.290687;34,22182083129883;;relu;0,3207803387462254;0,04234126970382404;256;;0,9803892801721553;0,09264833379297371;0,449721341544423;2255;17639;5161;batchnorm;;26;10,0;27,0;27,0;19,0;;;5;adam;normalizer
1061;2024-07-02 13:25:39.182000;0,19709250330924988;;leaky_relu;0,7182378363854831;0,10252332270633457;128;;0,3809068431984741;0,05708043090981305;0,01937860899280612;2255;17639;5161;batchnorm;;10;7,0;28,0;25,0;17,0;0,027199164168575412;;5;adam;normalizer
1062;2024-07-02 13:28:06.002609;0,18514999747276306;;leaky_relu;0,8031565319953963;0,32396554033118674;256;;0,1694924920782887;0,06772226074317056;0,010983380968121011;2255;17639;5161;batchnorm;;13;9,0;15,0;;;0,09115132520957905;;3;adam;normalizer
1063;2024-07-02 13:30:22.760096;0,43958497047424316;;leaky_relu;0,8329005792369449;0,4630413951195009;256;;0,1899509038447286;0,06491349405266887;0,009154903587239306;2255;17639;5161;batchnorm;;14;9,0;;;;0,0239876253495585;;2;adam;normalizer
1064;2024-07-02 13:32:40.954539;0,29841235280036926;;leaky_relu;0,806220538518282;0,3303506256823794;16;;0,15399988793975458;0,06900403105221607;0,010770593794185903;2255;17639;5161;batchnorm;;13;8,0;16,0;;;0,08896786990448262;;3;adam;normalizer
1065;2024-07-02 13:39:13.454467;0,28676003217697144;;leaky_relu;0,8278606834760681;0,35124870887868265;256;;0,17506658504716038;0,06833593034811294;0,07540512504483074;2255;17639;5161;vanilla;;13;9,0;;;;0,09074897368175278;;2;adam;normalizer
1066;2024-07-02 13:41:06.064119;0,6696649789810181;;leaky_relu;0,797912956982656;0,44680904142825467;256;;0,16461777023124993;0,07054423528909556;0,007968250189117712;2255;17639;5161;batchnorm;;14;8,0;12,0;;;0,0020262375166129262;;3;adam;normalizer
1067;2024-07-02 13:43:01.520096;0,21688000857830048;;leaky_relu;0,8514579473545988;0,49070380289700954;256;;0,410129038730344;0,07177456788291198;0,010547986450789599;2255;17639;5161;batchnorm;;14;21,0;21,0;;;0,08484717859713567;;3;adam;normalizer
1068;2024-07-02 13:45:14.772717;0,6397550106048584;;leaky_relu;0,8147417172767655;0,37019544800489795;256;;0,128512234069437;0,07342297477824335;0,0033960206919920613;2255;17639;5161;batchnorm;;13;9,0;24,0;;;0,04959901313521291;;3;adam;normalizer
1069;2024-07-02 13:47:32.302122;373,48052978515625;;leaky_relu;0,7900934683189921;0,4228440905679124;256;;0,14281403429052814;0,07606869486570722;0,7187413452032725;2255;17639;5161;batchnorm;;13;8,0;14,0;;;0,08846610613863021;;3;adam;normalizer
1070;2024-07-02 13:49:22.216365;0,8090800046920776;;leaky_relu;0,14744172647790138;0,5217011009001487;256;;0,1918651467240769;0,014346404625651734;0,025130824233428134;2255;17639;5161;batchnorm;;13;9,0;;;;0,08168052844253959;;2;adam;normalizer
1071;2024-07-02 13:51:14.075219;0,2141149938106537;;leaky_relu;;;256;;0,5002430175398711;0,06684464386986531;0,0012211853596007915;2255;17639;5161;batchnorm;0,06616142373737632;14;9,0;;;;0,04687182288608908;True;2;sgd;normalizer
1072;2024-07-02 13:53:02.016512;0,39862120151519775;;relu;0,5851869558836653;0,5024013251572474;64;0,2676425592443318;0,22481937361424492;0,06456153337470022;0,006258521703486304;2255;17639;5161;dropout;;13;6,0;17,0;;;;;3;adam;normalizer
1073;2024-07-02 13:55:37.553575;0,3970699906349182;;leaky_relu;0,1188377928986713;0,5500903776979673;256;;0,20600054499444242;0,0395871992737229;0,008733630451245736;2255;17639;5161;batchnorm;;14;8,0;4,0;;;0,03523127666366648;;3;adam;normalizer
1074;2024-07-02 13:58:57.325770;0,21068498492240906;;selu;0,9842146471336111;0,08036089732443523;256;;0,6263770684062588;0,0695144326853239;0,011743237129095446;2255;17639;5161;batchnorm;;25;;;;;;;1;adam;normalizer
1075;2024-07-02 14:01:11.392947;0,19908501207828522;;leaky_relu;0,5626195339213949;0,6814779023620098;256;;0,43525485115342294;0,0677025669667905;0,35923544129620805;2255;17639;5161;batchnorm;;15;9,0;15,0;23,0;;0,025837711481846902;;4;adam;normalizer
1076;2024-07-02 14:03:04.400934;0,320220023393631;;leaky_relu;0,8852052976191258;0,3117915459170755;128;;0,9330359324200567;0,038228209864999044;0,007231087192453953;2255;17639;5161;batchnorm;;13;5,0;;;;0,007874495447223843;;2;adam;normalizer
1077;2024-07-02 14:08:32.299655;0,20626500248908997;;leaky_relu;0,6013613186718799;0,38840866027731197;256;;0,47653803583255033;0,029121585317393558;0,033934239710239;2255;17639;5161;batchnorm;;12;9,0;8,0;;;0,07005321015517146;;3;adam;normalizer
1078;2024-07-02 14:10:39.587340;0,22189809381961823;;leaky_relu;0,859613529903946;0,34237246751191147;32;;0,8778415226891315;0,050702992866122905;0,009801226071283113;2255;17639;5161;batchnorm;;12;7,0;23,0;22,0;;0,08650494294074274;;4;adam;normalizer
1079;2024-07-02 14:15:08.822382;3,6725850105285645;;leaky_relu;0,8360883056506235;0,5925847194699392;256;;0,16754312952645214;0,01980836209243541;0,37742301434350944;2255;17639;5161;batchnorm;;13;10,0;18,0;23,0;;0,058333617129716464;;4;adam;normalizer
1080;2024-07-02 14:17:00.780831;0,25496500730514526;;leaky_relu;0,41791454386797755;0,46448844478488105;256;;0,9996949125398651;0,02579560195346028;0,01419555536492342;2255;17639;5161;batchnorm;;16;8,0;11,0;24,0;;0,0729063191413723;;4;adam;normalizer
1081;2024-07-02 14:19:52.197502;0,49091005325317383;;leaky_relu;0,03261412176785422;0,44098510295807997;256;;0,5385723932655907;0,05431437674538518;0,01656309063340106;2255;17639;5161;batchnorm;;18;8,0;5,0;22,0;;0,05649217323663609;;4;adam;normalizer
1082;2024-07-02 14:21:48.871818;0,6666200757026672;;leaky_relu;0,6507635226720052;0,572327632388932;256;;0,25262288478405176;0,06276121499996629;0,9257894929064304;2255;17639;5161;batchnorm;;13;9,0;10,0;23,0;;0,09626272487287943;;4;adam;normalizer
1083;2024-07-02 14:23:43.797484;0,19068500399589539;;leaky_relu;0,8031218319526088;0,7717038201879836;256;;0,9056319482452823;0,029517133800305666;0,022192709771416203;2255;17639;5161;batchnorm;;14;10,0;26,0;;;0,03357360839827435;;3;adam;normalizer
1084;2024-07-02 14:26:14.320674;0,4095649719238281;;leaky_relu;0,06753645838774441;0,5349152450422676;256;;0,9529192255682487;0,05949165922397799;0,005684770808012218;2255;17639;5161;batchnorm;;12;7,0;7,0;19,0;;0,09173109848620203;;4;adam;normalizer
1085;2024-07-02 14:28:51.936776;0,24399498105049133;;relu;0,9123030237176956;0,6141537204019749;256;;0,5948695028603267;0,04520720134515575;0,011166407380232229;2255;17639;5161;batchnorm;;25;16,0;9,0;24,0;;;;4;adam;normalizer
1086;2024-07-02 14:30:47.189390;0,9922100305557251;;leaky_relu;0,7517194216289651;0,1283462339601173;512;;0,11506427191773856;0,03298598335953701;0,0028218820458998616;2255;17639;5161;batchnorm;;24;9,0;3,0;24,0;;0,01262883264301403;;4;adam;normalizer
1087;2024-07-02 14:32:43.377481;0,4161699712276459;;leaky_relu;0,6923631848661203;0,8108581340653558;256;;0,2795221214664238;0,023385899437074403;0,00814360111146881;2255;17639;5161;vanilla;;14;10,0;19,0;24,0;;0,09477403359246613;;4;adam;normalizer
1088;2024-07-02 14:34:30.080334;0,20602500438690186;;leaky_relu;0,7804278959752576;0,8685401944860853;256;;0,4058936511092164;0,03557305912678114;0,009605195036917006;2255;17639;5161;batchnorm;;13;8,0;20,0;5,0;;0,06263090122218644;;4;adam;normalizer
1089;2024-07-02 14:37:26.482139;0,376120001077652;;leaky_relu;;;256;;0,668278387015975;0,0416019167694213;0,27301701529066696;2255;17639;5161;batchnorm;0,5796839034365546;12;9,0;;;;0,005371945057718361;False;2;sgd;normalizer
1090;2024-07-02 14:39:13.723333;0,20229999721050262;;leaky_relu;0,49608091929349907;0,4166403317534456;256;;0,856631990080059;0,09443000706744928;0,014026570599481241;2255;17639;5161;batchnorm;;21;10,0;22,0;28,0;;0,04006571125815567;;4;adam;normalizer
1091;2024-07-02 14:41:58.168295;0,333032488822937;;leaky_relu;0,26303533627163334;0,32225714975748243;128;;0,06695273229135212;0,07356777821982155;0,012296075393763642;2255;17639;5161;batchnorm;;13;9,0;25,0;23,0;;0,09045617270388072;;4;adam;normalizer
1092;2024-07-02 14:44:01.219514;28,138254165649414;;leaky_relu;0,8158483546400086;0,05414387074595768;16;;0,4583005091578126;0,08775968933049036;0,016804253654792975;2255;17639;5161;batchnorm;;17;10,0;8,0;25,0;20,0;0,06760595110036306;;5;adam;normalizer
1093;2024-07-02 14:50:40.973518;0,29857999086380005;;leaky_relu;0,7352537064156665;0,29687906372113654;256;;0,38865120751820786;0,04656644606825369;0,00731104630799383;2255;17639;5161;batchnorm;;15;7,0;4,0;;;0,09816898530465057;;3;adam;normalizer
1094;2024-07-02 14:52:31.942141;0,3771400451660156;;leaky_relu;0,7107071078406405;0,7181925016541157;256;0,6986995477417427;0,5165960440478452;0,04854017598203745;0,0019304802570184292;2255;17639;5161;dropout;;25;6,0;26,0;25,0;24,0;0,0011280674118191725;;5;adam;normalizer
1095;2024-07-02 14:54:23.482711;0,19265501201152802;;leaky_relu;0,45689910739891104;0,5002701830844617;256;;0,23540349780448694;0,02144863754411657;0,009795087280133135;2255;17639;5161;batchnorm;;12;14,0;5,0;29,0;23,0;0,08736398324835244;;5;adam;normalizer
1096;2024-07-02 14:57:03.245173;0,27976998686790466;;leaky_relu;0,9363453107946782;0,7509425374851598;256;;0,30162858927781866;0,07119287826519385;0,0297842900070595;2255;17639;5161;batchnorm;;26;9,0;3,0;24,0;;0,08001533176815293;;4;adam;normalizer
1097;2024-07-02 14:58:58.725148;0,20334000885486603;;selu;0,7593668998837843;0,4727214933627103;256;;0,6932828377767751;0,09122869708337226;0,011717941499812819;2255;17639;5161;batchnorm;;12;10,0;26,0;23,0;21,0;;;5;adam;normalizer
1098;2024-07-02 15:01:10.344437;0,22121627628803253;;relu;0,8649410785231038;0,5670920466384697;64;;0,43032759991472974;0,08461639949426403;0,01417123097670203;2255;17639;5161;batchnorm;;13;8,0;13,0;25,0;18,0;;;5;adam;normalizer
1099;2024-07-02 15:04:20.801914;0,4591750204563141;;leaky_relu;0,7917936675931383;0,2278472717558599;256;;0,3656496490944183;0,06678741503349173;0,003602213339290809;2255;17639;5161;batchnorm;;14;8,0;25,0;24,0;;0,05365639945898081;;4;adam;normalizer
1100;2024-07-02 15:06:33.196623;0,3046700060367584;;leaky_relu;0,8298388221441837;0,9103412802425481;256;;0,19940599740401238;0,09705474330781606;0,5914779889280388;2255;17639;5161;batchnorm;;23;5,0;4,0;23,0;20,0;0,024201878820858426;;5;adam;normalizer
1101;2024-07-02 15:08:25.581072;0,2033800184726715;;leaky_relu;0,480673145243938;0,3659554548198291;256;;0,9221703018369661;0,04399402809172618;0,020327118010433604;2255;17639;5161;batchnorm;;9;9,0;27,0;25,0;19,0;0,08392297550645043;;5;adam;normalizer
1102;2024-07-02 15:10:44.503576;0,30984002351760864;;leaky_relu;0,7712313727577916;0,7897034961419345;256;;0,3270351426796777;0,06398578227171507;0,008721938924123535;2255;17639;5161;batchnorm;;18;9,0;5,0;24,0;22,0;0,018947767486113536;;5;adam;normalizer
1103;2024-07-02 15:13:26.449634;0,24028000235557556;;leaky_relu;0,6719256087915132;0,397973137081046;256;;0,9758814752516881;0,03833631740289532;0,010702071210195879;2255;17639;5161;batchnorm;;13;10,0;27,0;9,0;;0,05987615064047765;;4;adam;normalizer
1104;2024-07-02 15:16:12.772278;0,21969500184059143;;leaky_relu;0,722313918783381;0,598662800081389;256;;0,13790094875438397;0,08651423932555555;0,0382176528680483;2255;17639;5161;batchnorm;;12;10,0;17,0;26,0;25,0;0,010843568235505616;;5;adam;normalizer
1105;2024-07-02 15:18:54.706824;0,3686881959438324;;leaky_relu;0,521631278234965;0,16767021657245307;32;;0,5650432650178117;0,08945650200719744;0,004172648299784522;2255;17639;5161;batchnorm;;15;7,0;3,0;;;0,03162510009141986;;3;adam;normalizer
1106;2024-07-02 15:23:07.647536;0,19920501112937927;;leaky_relu;0,8102587158784986;0,6694003155356645;128;;0,9418471979055365;0,030799486501900217;0,013113749287373118;2255;17639;5161;batchnorm;;12;9,0;25,0;21,0;21,0;0,09440486482867647;;5;adam;normalizer
1107;2024-07-02 15:26:05.080765;0,19842499494552612;;leaky_relu;0,5857957917089173;0,5210588260832796;256;;0,4885696080038452;0,014807219374500134;0,18390948413877764;2255;17639;5161;batchnorm;;26;8,0;4,0;25,0;20,0;0,09984604337745186;;5;adam;normalizer
1108;2024-07-02 15:29:00.127992;0,3195749521255493;;leaky_relu;;;256;;0,1748887971278836;0,051945583487870484;0,006900943692846863;2255;17639;5161;vanilla;0,050517592718529104;27;16,0;18,0;22,0;16,0;0,015864058593041786;True;5;sgd;normalizer
1109;2024-07-02 15:30:46.787331;0,23152002692222595;;leaky_relu;0,3745916079888769;0,13508302629097463;256;;0,8913927066706694;0,015855027152075055;0,01658047097464448;2255;17639;5161;batchnorm;;14;10,0;26,0;24,0;;0,02149304918193918;;4;adam;normalizer
1110;2024-07-02 15:33:04.607321;0,21335498988628387;;relu;0,7471958293600391;0,5469719388968532;256;;0,2215148377871464;0,012608039647782118;0,008395324020674633;2255;17639;5161;batchnorm;;24;9,0;4,0;25,0;23,0;;;5;adam;normalizer
1111;2024-07-02 15:36:17.795948;0,20252001285552979;;leaky_relu;0,6253200126320039;0,031063664463064126;256;;0,41526783543194135;0,03433595654095449;0,010054412280504238;2255;17639;5161;batchnorm;;13;9,0;3,0;23,0;19,0;0,09666022991326957;;5;adam;normalizer
1112;2024-07-02 15:38:20.703997;0,30845001339912415;;leaky_relu;0,15400455337299507;0,8365551729701333;512;;0,2643740770916833;0,018512018961435568;0,011203385359200697;2255;17639;5161;batchnorm;;13;10,0;19,0;13,0;22,0;0,04999065740382398;;5;adam;normalizer
1113;2024-07-02 15:40:03.650477;0,22708499431610107;;leaky_relu;0,6933855272025808;0,33794835946460133;256;;0,7243752629626367;0,03670609365980032;0,048465551319820034;2255;17639;5161;batchnorm;;14;8,0;24,0;26,0;;0,08849523089054252;;4;adam;normalizer
1114;2024-07-02 15:42:15.589588;0,45127496123313904;;leaky_relu;0,7826104899698194;0,6321092870864079;256;;0,3512390199208136;0,09301195742369542;0,0053386886681573075;2255;17639;5161;batchnorm;;25;7,0;15,0;24,0;18,0;0,04440107922055465;;5;adam;normalizer
1115;2024-07-02 15:44:28.734487;0,2171800136566162;;leaky_relu;0,8747224775016091;0,2833686885714213;256;0,31938294537246303;0,6754964149745485;0,07666023855629131;0,015292934626882243;2255;17639;5161;dropout;;16;9,0;26,0;25,0;21,0;0,0384284473448389;;5;adam;normalizer
1116;2024-07-02 15:46:23.045138;0,35980504751205444;;leaky_relu;0,9600316256830281;0,9530048345603594;256;;0,4556866118395983;0,09571323512442662;0,027109055475146828;2255;17639;5161;batchnorm;;21;15,0;27,0;24,0;20,0;0,028348443456382162;;5;adam;normalizer
1117;2024-07-02 15:48:15.572851;0,19955502450466156;;selu;0,2515965094478788;0,09760065857173894;256;;0,6467666303940819;0,08271066088149556;0,012549203162237132;2255;17639;5161;batchnorm;;12;10,0;21,0;28,0;;;;4;adam;normalizer
1118;2024-07-02 15:50:42.655881;0,20478001236915588;;leaky_relu;0,8398735332704559;0,6933465597869116;256;;0,958946611441955;0,02615553022060704;0,022978092627786526;2255;17639;5161;batchnorm;;9;8,0;26,0;26,0;17,0;0,08572002497133926;;5;adam;normalizer
1119;2024-07-02 15:53:04.440158;0,2919350266456604;;leaky_relu;0,8030803382411492;0,7699786850558016;256;;0,8542387588586895;0,0722772205159816;0,13201447247839204;2255;17639;5161;batchnorm;;30;6,0;3,0;23,0;23,0;0,07891971096597052;;5;adam;normalizer
1120;2024-07-02 15:55:14.830930;0,754343569278717;;leaky_relu;0,3837913171004451;0,5897012562626277;16;;0,3138055243533436;0,028344566888402676;0,009537977950899074;2255;17639;5161;batchnorm;;13;10,0;6,0;27,0;;0,09170110590970373;;4;adam;normalizer
1121;2024-07-02 16:01:56.266244;0,9457300305366516;;leaky_relu;0,7661584264920119;0,3769342044902558;128;;0,5278169394414678;0,011193102169724904;0,11974547577265603;2255;17639;5161;batchnorm;;11;11,0;5,0;;;0,08222689503665283;;3;adam;normalizer
1122;2024-07-02 16:04:09.563105;1650,9566650390625;;leaky_relu;0,7402578461344583;0,010726172804618118;256;;0,9830539749504684;0,0611992961836865;0,018517151279496876;2255;17639;5161;batchnorm;;28;9,0;25,0;25,0;30,0;0,07675004522459465;;5;adam;normalizer
1123;2024-07-02 16:06:32.734509;292,0364074707031;;relu;0,7063070870813819;0,15256896642878337;256;;0,6163430642543953;0,042364898858127414;0,44871403900207085;2255;17639;5161;batchnorm;;12;20,0;4,0;25,0;19,0;;;5;adam;normalizer
1124;2024-07-02 16:08:26.362032;0,2162799835205078;;leaky_relu;0,6419466692366471;0,8789983589544248;256;;0,2369504287319995;0,08727433178065214;0,007677660748352332;2255;17639;5161;batchnorm;;20;8,0;26,0;24,0;21,0;0,04730670761743469;;5;adam;normalizer
1125;2024-07-02 16:11:16.760322;0,9543249011039734;;leaky_relu;0,8222373750988935;0,7383344126923035;256;;0,3881825044733553;0,06910914743353865;0,7786724427099375;2255;17639;5161;batchnorm;;14;5,0;17,0;26,0;;0,0693356210852798;;4;adam;normalizer
1126;2024-07-02 16:13:08.718805;0,3114749789237976;;leaky_relu;0,791833674480325;0,44595915341994247;64;;0,8730420911919993;0,09858404619731509;0,006133397569072274;2255;17639;5161;batchnorm;;13;10,0;;;;0,09334246563415913;;2;adam;normalizer
1127;2024-07-02 16:15:42.211762;0,32678499817848206;;leaky_relu;;;256;;0,7501154683723191;0,032065101051083365;0,013966124985516878;2255;17639;5161;batchnorm;0,9908304253876692;11;9,0;13,0;25,0;18,0;0,08996235718246257;False;5;sgd;normalizer
1128;2024-07-02 16:17:44.111044;0,20102500915527344;;leaky_relu;0,9029755922443765;0,6156987326346106;256;;0,7049364636634246;0,04029166142743721;0,01103793897298219;2255;17639;5161;batchnorm;;10;8,0;19,0;23,0;22,0;0,07232197758253475;;5;adam;normalizer
1129;2024-07-02 16:20:16.426095;0,20568498969078064;;leaky_relu;0,11752588033921291;0,48474164471203035;256;;0,2858795946126435;0,08074753767088069;0,07380838989671502;2255;17639;5161;batchnorm;;12;13,0;4,0;24,0;;0,09825832808869601;;4;adam;normalizer
1130;2024-07-02 16:22:39.369955;1646,1458740234375;;leaky_relu;0,724925405110667;0,11328482318535708;256;;0,9128690089255345;0,07458001813324006;0,03234723921230777;2255;17639;5161;vanilla;;22;10,0;24,0;27,0;20,0;0,05250539913884723;;5;adam;normalizer
1131;2024-07-02 16:24:26.559770;0,19486001133918762;;leaky_relu;0,5415519731489589;0,20714545586255761;256;;0,20757188384307765;0,09055404440442925;0,009516527008886718;2255;17639;5161;batchnorm;;12;11,0;20,0;22,0;19,0;0,09569674594562413;;5;adam;normalizer
1132;2024-07-02 16:27:24.267984;0,4240800440311432;;leaky_relu;0,8479679698550678;0,5719387019349496;256;;0,5546816454310961;0,08505972024354239;0,004714026053001368;2255;17639;5161;batchnorm;;17;10,0;27,0;20,0;;0,04321192090208255;;4;adam;normalizer
1133;2024-07-02 16:29:16.254955;0,4112297594547272;;leaky_relu;0,7569880450753688;0,40930275321939613;32;;0,16298170992158562;0,09997868277252839;0,0029447488654946435;2255;17639;5161;batchnorm;;13;7,0;3,0;26,0;20,0;0,014548253319663064;;5;adam;normalizer
1134;2024-07-02 16:34:43.850201;0,28010502457618713;;relu;0,9336928324273922;0,8202351150983084;256;;0,09432157220155078;0,06651725883501199;0,012320392101441527;2255;17639;5161;batchnorm;;25;9,0;23,0;25,0;26,0;;;5;adam;normalizer
1135;2024-07-02 16:36:38.908635;0,5020500421524048;;leaky_relu;0,665719559817371;0,32311757792080104;256;;0,5793306561637414;0,024052971944637534;0,0013662281553698168;2255;17639;5161;batchnorm;;11;9,0;16,0;11,0;24,0;0,009171306000382814;;5;adam;normalizer
1136;2024-07-02 16:38:53.018442;0,373324990272522;;leaky_relu;0,22009251747920439;0,9358383229888372;128;;0,2516614665785747;0,09264500175455437;0,008232091609064704;2255;17639;5161;batchnorm;;13;11,0;5,0;24,0;;0,05622262159577563;;4;adam;normalizer
1137;2024-07-02 16:41:08.942247;0,43174996972084045;;leaky_relu;0,7735421563890991;0,5140065366618104;256;0,1936934429242145;0,36898296673114694;0,05695985162671237;0,016379185699999837;2255;17639;5161;dropout;;15;10,0;25,0;26,0;17,0;0,08559210515174571;;5;adam;normalizer
1138;2024-07-02 16:43:11.110977;0,2814299762248993;;leaky_relu;0,8850004456576933;0,1842240512787643;256;;0,44616813982390235;0,0892070847179573;0,011048313191648168;2255;17639;5161;batchnorm;;12;9,0;25,0;25,0;21,0;0,040826553947537446;;5;adam;normalizer
1139;2024-07-02 16:45:13.685628;0,29783496260643005;;selu;0,43364294087747957;0,07871429310638578;256;;0,49540424050217774;0,08351441279582868;0,045041886608729154;2255;17639;5161;batchnorm;;10;;;;;;;1;adam;normalizer
1140;2024-07-02 16:47:01.474242;0,19321002066135406;;leaky_relu;0,7991548717614064;0,5492928294324644;256;;0,11352146016838234;0,03874930642611761;0,014472068538820038;2255;17639;5161;batchnorm;;14;7,0;27,0;23,0;16,0;0,01733438710697588;;5;adam;normalizer
1141;2024-07-02 16:49:17.569217;0,26141998171806335;;leaky_relu;0,8198039395287693;0,05804649585840095;256;;0,17939732474076464;0,07799327054692154;0,006972307194760193;2255;17639;5161;batchnorm;;24;8,0;26,0;27,0;;0,035548008478442375;;4;adam;normalizer
1142;2024-07-02 16:51:17.605727;0,20374998450279236;;leaky_relu;0,7321789775838259;0,800658181054469;512;;0,4200166428476854;0,0949708924324342;0,020934646971064133;2255;17639;5161;batchnorm;;11;6,0;18,0;15,0;18,0;0,08979938441106086;;5;adam;normalizer
1143;2024-07-02 16:54:01.899673;0,1954900026321411;;leaky_relu;0,6975910019597339;0,35098082517374085;256;;0,8376677520212159;0,08785840431922372;0,009101009912843216;2255;17639;5161;batchnorm;;12;10,0;21,0;24,0;19,0;0,09248100934210565;;5;adam;normalizer
1144;2024-07-02 16:56:30.623997;0,29468998312950134;;leaky_relu;0,2903495537444929;0,262896593351567;256;;0,631030472807956;0,04381311054416148;0,024636784509047778;2255;17639;5161;batchnorm;;23;9,0;4,0;25,0;22,0;0,06580324736665125;;5;adam;normalizer
1145;2024-07-02 16:59:05.297302;0,2597000002861023;;leaky_relu;0,7547850331565357;0,8923671635368041;256;;0,590010971093464;0,05028672146234666;0,1635479373846442;2255;17639;5161;batchnorm;;20;8,0;5,0;7,0;;0,08761332186132126;;4;adam;normalizer
1146;2024-07-02 17:00:56.605659;0,8395147919654846;;leaky_relu;;;16;;0,3403607857477881;0,071329102483815;0,0126340922028231;2255;17639;5161;batchnorm;0,0382767608810892;13;11,0;3,0;26,0;23,0;0,054978647459846014;True;5;sgd;normalizer
1147;2024-07-02 17:07:03.734824;0,2813650071620941;;relu;0,612550183794454;0,7168835081391814;256;;0,4741690787664503;0,09177357237555311;0,003762207474642401;2255;17639;5161;batchnorm;;9;9,0;26,0;30,0;;;;4;adam;normalizer
1148;2024-07-02 17:08:55.474837;0,19369500875473022;;leaky_relu;0,780737106339662;0,7805748935067499;256;;0,940242858451357;0,010649528601805151;0,03562764758769859;2255;17639;5161;batchnorm;;14;14,0;22,0;23,0;25,0;0,05929722630480442;;5;adam;normalizer
1149;2024-07-02 17:11:34.772281;0,20182999968528748;;leaky_relu;0,5652161509973533;0,4347671406522573;256;;0,2688929931637595;0,03630397797724788;0,010643232321619029;2255;17639;5161;batchnorm;;10;10,0;27,0;;;0,06330651936301634;;3;adam;normalizer
1150;2024-07-02 17:14:18.103524;0,2605524957180023;;leaky_relu;0,8617000005299424;0,6571874600878183;128;;0,14022920575882114;0,021504077999248663;0,057550449228016755;2255;17639;5161;batchnorm;;25;8,0;4,0;24,0;21,0;0,09674039394859651;;5;adam;normalizer
1151;2024-07-02 17:16:50.203728;0,18982499837875366;;leaky_relu;0,8347450416301309;0,3019598370292076;256;;0,9627300975872211;0,05482985040922192;0,017824371700480346;2255;17639;5161;batchnorm;;13;10,0;26,0;25,0;18,0;0,09458488451117006;;5;adam;normalizer
1152;2024-07-02 17:19:04.761880;24128,744140625;;leaky_relu;0,8011372781200016;0,5356943251419701;256;;0,40019193198952707;0,0859885344490953;0,5950962898459129;2255;17639;5161;vanilla;;12;15,0;4,0;26,0;;0,0756944760738784;;4;adam;normalizer
1153;2024-07-02 17:20:51.909933;0,2084600180387497;;leaky_relu;0,22489178660254333;0,920079607608987;256;;0,7202719743373153;0,06471523662547636;0,1822459177725437;2255;17639;5161;batchnorm;;18;9,0;3,0;24,0;22,0;0,0839097236589478;;5;adam;normalizer
1154;2024-07-02 17:22:51.505766;1806,2982177734375;;leaky_relu;0,983764159928199;0,03713230623754845;64;;0,19894699503556446;0,04802886376906038;0,008515107876370172;2255;17639;5161;batchnorm;;11;11,0;25,0;28,0;20,0;0,09985358944724862;;5;adam;normalizer
1155;2024-07-02 17:29:17.975309;0,1937900334596634;;leaky_relu;0,68316406442397;0,7471889689494745;256;;0,5449584192065333;0,052688671156253926;0,013956144451514241;2255;17639;5161;batchnorm;;15;9,0;27,0;27,0;;0,033472399487611194;;4;adam;normalizer
1156;2024-07-02 17:31:44.495004;0,39383000135421753;;leaky_relu;0,3195296987550237;0,6204540432722646;256;;0,8942447502817116;0,027562815586217787;0,0061797099209048596;2255;17639;5161;batchnorm;;16;10,0;26,0;25,0;19,0;0,09109387034938621;;5;adam;normalizer
1157;2024-07-02 17:34:18.269550;0,31045001745224;;leaky_relu;0,7195888606138715;0,8443807485320924;256;;0,8073870255273766;0,03266970167804143;0,002151951279006996;2255;17639;5161;batchnorm;;26;8,0;3,0;25,0;17,0;0,023320443598861026;;5;adam;normalizer
1158;2024-07-02 17:36:46.843839;0,30912500619888306;;leaky_relu;0,154243919499855;0,577033939442194;256;;0,05122648358232185;0,06038522825312405;0,009929436724928837;2255;17639;5161;batchnorm;;19;12,0;4,0;24,0;21,0;0,07335670170474715;;5;adam;normalizer
1159;2024-07-02 17:38:44.917601;0,24429500102996826;;relu;0,767689685544785;0,695331989559418;256;0,2373209680120776;0,9997242549621318;0,0747926126593964;0,011566894582465249;2255;17639;5161;dropout;;13;7,0;18,0;23,0;18,0;;;5;adam;normalizer
1160;2024-07-02 17:40:59.592634;0,2903049886226654;;leaky_relu;0,5351211332841536;0,47462953581388345;256;;0,29374407576114864;0,04136943961009532;0,0077810358122103445;2255;17639;5161;batchnorm;;12;10,0;19,0;22,0;;0,04596445889488793;;4;adam;normalizer
1161;2024-07-02 17:44:10.065058;0,5590049624443054;;leaky_relu;0,7515447350254706;0,981981352392209;256;;0,22170467686219747;0,045444161328598145;0,9886332460959569;2255;17639;5161;batchnorm;;11;9,0;5,0;26,0;24,0;0,05010082551979787;;5;adam;normalizer
1162;2024-07-02 17:46:48.355695;0,2566702365875244;;selu;0,46931787388373225;0,3976266441055526;32;;0,6889032488090778;0,08031763091351367;0,01545551696607658;2255;17639;5161;batchnorm;;13;11,0;28,0;23,0;20,0;;;5;adam;normalizer
1163;2024-07-02 17:50:57.621787;0,1939449906349182;;leaky_relu;0,7873201403255342;0,8673990968514091;256;;0,9201616083454515;0,016138757173427144;0,012174757345193415;2255;17639;5161;batchnorm;;25;8,0;27,0;24,0;;0,08858823778433195;;4;adam;normalizer
1164;2024-07-02 17:54:14.354250;0,5160449743270874;;leaky_relu;0,3557837930496153;0,5036682843581175;256;;0,24605093553185686;0,09091650246424993;0,3761248858978251;2255;17639;5161;batchnorm;;14;9,0;26,0;26,0;19,0;0,013823016808000542;;5;adam;normalizer
1165;2024-07-02 17:56:13.755521;0,6282125115394592;;leaky_relu;;;128;;0,4277452374798114;0,05772071478739345;0,06398079368539399;2255;17639;5161;batchnorm;0,026970214700720578;12;6,0;25,0;25,0;21,0;0,03801174330063127;False;5;sgd;normalizer
1166;2024-07-02 17:58:23.735827;0,20014500617980957;;leaky_relu;0,18342492710444497;0,22193216576373714;256;;0,37879722681584155;0,09382884486341549;0,05207320914025057;2255;17639;5161;batchnorm;;17;11,0;4,0;27,0;23,0;0,003922875410656609;;5;adam;normalizer
1167;2024-07-02 18:00:25.792885;0,41037502884864807;;leaky_relu;0,33948845266517;0,6067163778018785;256;;0,9756129530903654;0,013434692108925249;0,004969894661035708;2255;17639;5161;batchnorm;;9;9,0;3,0;;;0,08609450175475228;;3;adam;normalizer
1168;2024-07-02 18:02:14.834489;0,22574500739574432;;leaky_relu;0,5541017725552866;0,07485228098665359;256;;0,3266942411845992;0,017621891744784755;0,02704884788514153;2255;17639;5161;batchnorm;;11;10,0;;;;0,08216705431943004;;2;adam;normalizer
1169;2024-07-02 18:04:06.052330;0,2091350257396698;;leaky_relu;0,4474514413111146;0,6677777000331558;256;;0,5138625083969856;0,030387216666884043;0,009505513134497726;2255;17639;5161;batchnorm;;24;7,0;27,0;24,0;;0,019500254435169416;;4;adam;normalizer
1170;2024-07-02 18:06:22.441051;0,2586299777030945;;leaky_relu;0,25169064620347137;0,28317310294840764;512;;0,15442286215716913;0,06946410865766602;0,019184129636215855;2255;17639;5161;batchnorm;;10;10,0;30,0;25,0;20,0;0,09733623300566005;;5;adam;normalizer
1171;2024-07-02 18:08:09.674336;0,30094996094703674;;leaky_relu;0,9154204164517022;0,7626716965358005;256;;0,7361267284892361;0,08881118205222305;0,0011748617646906165;2255;17639;5161;batchnorm;;13;13,0;17,0;26,0;19,0;0,09379727553311425;;5;adam;normalizer
1172;2024-07-02 18:10:05.255092;0,19438497722148895;;relu;0,511512112948259;0,6435822655389275;256;;0,44091846441255444;0,08356298842238918;0,01324374528735312;2255;17639;5161;batchnorm;;12;8,0;24,0;24,0;22,0;;;5;adam;normalizer
1173;2024-07-02 18:13:05.182287;0,29944998025894165;;leaky_relu;0,8162043713318187;0,4533974938974972;256;;0,6094400128527001;0,039123984897170186;0,00259635346566497;2255;17639;5161;batchnorm;;14;9,0;25,0;27,0;;0,07848174965401526;;4;adam;normalizer
1174;2024-07-02 18:14:56.392253;1,5291606187820435;;leaky_relu;0,7346399281391484;0,351086617032862;16;;0,46964646566239054;0,09648362023860296;0,010554548148835937;2255;17639;5161;vanilla;;21;11,0;5,0;25,0;17,0;0,09173335545925876;;5;adam;normalizer
1175;2024-07-02 18:18:33.286961;0,6940299868583679;;leaky_relu;0,653498526913585;0,31261660824495313;256;;0,1853377556008069;0,06293660098279495;0,003209841400256792;2255;17639;5161;batchnorm;;26;10,0;26,0;23,0;18,0;0,0900981955044202;;5;adam;normalizer
1176;2024-07-02 18:20:38.255140;0,2750800549983978;;leaky_relu;0,7085401405486854;0,5634075794166998;256;;0,8623017195432576;0,047019290743444075;0,008506348194329254;2255;17639;5161;batchnorm;;12;12,0;9,0;26,0;;0,030575647067970127;;4;adam;normalizer
1177;2024-07-02 18:23:44.340999;16,780170440673828;;leaky_relu;0,8523477177740578;0,37899848161681077;256;;0,7559754303458014;0,07659725146965046;0,15363722049837014;2255;17639;5161;batchnorm;;11;9,0;16,0;24,0;15,0;0,025402796251808447;;5;adam;normalizer
1178;2024-07-02 18:25:52.512726;0,22001497447490692;;leaky_relu;0,7742699827977949;0,7257989031064506;256;;0,07654337932098404;0,08730459816258987;0,006857232009061161;2255;17639;5161;batchnorm;;14;16,0;20,0;25,0;21,0;0,02792973373043875;;5;adam;normalizer
1179;2024-07-02 18:28:59.924081;0,19029000401496887;;leaky_relu;0,7952266347324447;0,9081368532015277;256;;0,305629431653253;0,06772858907829601;0,015963338020162265;2255;17639;5161;batchnorm;;13;6,0;7,0;28,0;;0,05136144408978586;;4;adam;normalizer
1180;2024-07-02 18:31:44.970005;12,091104507446289;;leaky_relu;0,749423164236689;0,14755786955386163;256;;0,4009803366261808;0,021641318298779636;0,030441727459382825;2255;17639;5161;batchnorm;;10;8,0;3,0;25,0;5,0;0,09495242720312659;;5;adam;normalizer
1181;2024-07-02 18:34:59.337139;3,309314012527466;;leaky_relu;0,833909769667534;0,010853954915223573;64;;0,27180784827559196;0,07242926360378094;0,011450617227420279;2255;17639;5161;batchnorm;;8;10,0;18,0;22,0;22,0;0,011518588077351753;;5;adam;normalizer
1182;2024-07-02 18:37:47.166892;0,7479425668716431;;selu;0,2652188470825979;0,5918397081721476;128;0,49837043687182553;0,8209459822349584;0,0187280239484277;0,09872401307399906;2255;17639;5161;dropout;;12;8,0;27,0;24,0;20,0;;;5;adam;normalizer
1183;2024-07-02 18:39:52.043507;0,2314550131559372;;leaky_relu;;;256;;0,9376271496270804;0,036349651162930416;0,32748945626177073;2255;17639;5161;batchnorm;0,7486880765236302;29;7,0;4,0;26,0;;0,036443323853053954;True;4;sgd;normalizer
1184;2024-07-02 18:43:11.755943;0,29566502571105957;;leaky_relu;0,4108889252953921;0,8210658787493257;256;;0,8904481932541788;0,08557076020452145;0,0056730560410603184;2255;17639;5161;batchnorm;;25;11,0;28,0;23,0;24,0;0,006273196789629084;;5;adam;normalizer
1185;2024-07-02 18:45:05.396446;0,6804549694061279;;relu;0,8141550496259622;0,5426338982774396;256;;0,3560593302647641;0,024115622594131917;0,009510745827625278;2255;17639;5161;batchnorm;;18;9,0;6,0;;;;;3;adam;normalizer
1186;2024-07-02 18:46:58.652458;3,2385101318359375;;leaky_relu;0,672798939826795;0,24680962591548558;256;;0,6632924103494342;0,0979404302910487;0,18717804308529787;2255;17639;5161;batchnorm;;13;10,0;17,0;25,0;23,0;0,02143158086298615;;5;adam;normalizer
1187;2024-07-02 18:48:55.505120;0,491504967212677;;leaky_relu;0,577020575980494;0,05310292177462024;32;;0,5249330307227895;0,08992131580883647;0,013335616602569959;2255;17639;5161;batchnorm;;11;9,0;26,0;24,0;18,0;0,04240681510207341;;5;adam;normalizer
1188;2024-07-02 18:53:08.758255;0,2828400135040283;;leaky_relu;0,734331608896819;0,18803528120244128;256;;0,9633527153691159;0,09347731809741384;0,0017453071629500345;2255;17639;5161;batchnorm;;20;10,0;3,0;21,0;;0,08711745569580022;;4;adam;normalizer
1189;2024-07-02 18:55:07.482028;0,5837900042533875;;leaky_relu;0,7623512527238889;0,42369373102180063;256;;0,23886004539898426;0,0329068236363803;0,2793181188479901;2255;17639;5161;batchnorm;;10;8,0;24,0;26,0;19,0;0,09758971274740023;;5;adam;normalizer
1190;2024-07-02 18:57:30.421188;0,2172500193119049;;leaky_relu;0,4939594444264474;0,08865141281455513;256;;0,6422227230815372;0,034468238225860315;0,02261219771194932;2255;17639;5161;batchnorm;;27;11,0;23,0;27,0;16,0;0,08482124175673562;;5;adam;normalizer
1191;2024-07-02 18:59:30.265226;0,2506999969482422;;leaky_relu;0,19065290087636794;0,3322322122640381;256;;0,5003787237671381;0,041410344774456403;0,043171577047241144;2255;17639;5161;batchnorm;;15;14,0;4,0;25,0;21,0;0,06492423787828895;;5;adam;normalizer
1192;2024-07-02 19:01:34.994505;0,6300700306892395;;leaky_relu;0,7851820979622345;0,5199179243613201;256;;0,21973089952703412;0,05146606708218586;0,004073584541356501;2255;17639;5161;batchnorm;;13;15,0;14,0;24,0;;0,06242739199682143;;4;adam;normalizer
1193;2024-07-02 19:03:31.604234;0,3378450274467468;;leaky_relu;0,8692175513311357;0,7949439300008989;256;;0,4219922972162777;0,07861791818980601;0,007762919004343192;2255;17639;5161;batchnorm;;12;10,0;27,0;23,0;20,0;0,07419487749737022;;5;adam;normalizer
1194;2024-07-02 19:07:08.864072;0,20624502003192902;;leaky_relu;0,36212002161978174;0,4902937063663837;128;;0,7876965835742709;0,037437277226913306;0,015135200170497813;2255;17639;5161;batchnorm;;12;7,0;10,0;25,0;19,0;0,07125012801733231;;5;adam;normalizer
1195;2024-07-02 19:11:59.170226;0,4785500168800354;;leaky_relu;0,7064197194531656;0,6792128034237069;512;;0,12417223106290526;0,09161563109083296;0,5316795967798467;2255;17639;5161;batchnorm;;17;9,0;26,0;27,0;22,0;0,05783770425479534;;5;adam;normalizer
1196;2024-07-02 19:13:45.992180;10,400858879089355;;leaky_relu;0,8911455328914104;0,8536290118520519;256;;0,8408427270766872;0,08214811679803441;0,23071267570742685;2255;17639;5161;vanilla;;14;13,0;30,0;26,0;;0,06721766465955527;;4;adam;normalizer
1197;2024-07-02 19:16:16.344331;0,3175249695777893;;relu;0,04519162886350686;0,11348097128762874;256;;0,5713456706417152;0,06590406592804093;0,011126326255372174;2255;17639;5161;batchnorm;;22;9,0;25,0;24,0;17,0;;;5;adam;normalizer
1198;2024-07-02 19:18:37.571424;0,3116600215435028;;leaky_relu;0,8203943608682862;0,9667238345773603;256;;0,9084254578282385;0,08858836792008758;0,012463144194902895;2255;17639;5161;batchnorm;;19;8,0;28,0;25,0;29,0;0,09289869433687356;;5;adam;normalizer
1199;2024-07-02 19:20:45.745443;0,20281000435352325;;leaky_relu;0,7296745582564077;0,7467517986513202;256;;0,9485985639025528;0,07051680204608429;0,009046038329838902;2255;17639;5161;batchnorm;;11;10,0;4,0;26,0;23,0;0,08120018787784417;;5;adam;normalizer
1200;2024-07-02 19:23:25.692148;0,5274299383163452;;leaky_relu;0,7971867448087514;0,5609629146112504;256;;0,20131263359804566;0,010574677199696257;0,0022831839393833166;2255;17639;5161;batchnorm;;9;12,0;21,0;23,0;;0,08891971483936774;;4;adam;normalizer
1201;2024-07-02 19:25:22.678637;98398,8359375;;leaky_relu;0,8438316106762307;0,1282401762404266;16;;0,7112969519862362;0,05932254408983069;0,120447240779273;2255;17639;5161;batchnorm;;10;11,0;19,0;24,0;;0,016388287703940685;;4;adam;normalizer
1202;2024-07-02 19:32:37.315345;0,34854501485824585;;leaky_relu;;;256;;0,282863711239976;0,04402194699332826;0,018204782528258783;2255;17639;5161;batchnorm;0,26998641970694365;12;9,0;5,0;28,0;21,0;0,09834128374437448;False;5;sgd;normalizer
1203;2024-07-02 19:34:29.933342;0,4259200692176819;;leaky_relu;0,6415167303443434;0,6346955836692104;256;0,28551785944557934;0,37469457817811613;0,027906575818324234;0,010244838801443477;2255;17639;5161;dropout;;13;8,0;26,0;22,0;19,0;0,0475087391122513;;5;adam;normalizer
1204;2024-07-02 19:36:36.805787;0,38486000895500183;;leaky_relu;0,770827477138048;0,7084512741308084;256;;0,5943327308152015;0,07414906848582578;0,004599781689546169;2255;17639;5161;batchnorm;;23;9,0;27,0;25,0;18,0;0,05380560038279332;;5;adam;normalizer
1205;2024-07-02 19:38:53.162616;0,20362500846385956;;selu;0,6928140776122013;0,7690876900342425;256;;0,2563266229851315;0,08662030818570085;0,013998237421726211;2255;17639;5161;batchnorm;;24;10,0;4,0;24,0;20,0;;;5;adam;normalizer
1206;2024-07-02 19:41:25.047951;0,24652500450611115;;leaky_relu;0,6011943728013751;0,8958160463198916;256;;0,33018150149748093;0,05558786478750785;0,0067258293609336614;2255;17639;5161;batchnorm;;20;7,0;25,0;25,0;;0,032368963714126606;;4;adam;normalizer
1207;2024-07-02 19:43:48.223047;540,5689697265625;;leaky_relu;0,752582641808425;0,27312917789793334;256;;0,7373408502467612;0,09666855254818615;0,6317044802866489;2255;17639;5161;batchnorm;;14;9,0;3,0;27,0;27,0;0,008755276439085413;;5;adam;maxabs
1208;2024-07-02 19:46:51.611089;0,280349999666214;;leaky_relu;0,8074123004980456;0,16155968399646042;256;;0,46198982092518165;0,05031007315459443;0,020627792274951696;2255;17639;5161;batchnorm;;11;10,0;19,0;26,0;22,0;0,09203252315055473;;5;adam;normalizer
1209;2024-07-02 19:48:57.450543;0,18977375328540802;;leaky_relu;0,8976307199199314;0,3652168121604901;64;;0,10581156705804326;0,08471332156324486;0,011871453139988901;2255;17639;5161;batchnorm;;13;11,0;5,0;24,0;18,0;0,09998483885905424;;5;adam;normalizer
1210;2024-07-02 19:52:35.754874;0,24408498406410217;;relu;0,7874423865366315;0,23318671827523801;128;;0,8792189650902533;0,039926242864178806;0,035548401984168615;2255;17639;5161;batchnorm;;16;6,0;;;;;;2;adam;normalizer
1211;2024-07-02 19:55:00.314514;0,2385900318622589;;leaky_relu;0,7416734532404107;0,5085383885791633;256;;0,9782036103588039;0,046223381572097;0,016691897505210992;2255;17639;5161;batchnorm;;28;12,0;28,0;;;0,0958243998535;;3;adam;normalizer
1212;2024-07-02 19:57:29.606166;0,27726998925209045;;leaky_relu;0,9445146407115095;0,6027908461499057;256;;0,15709139177855574;0,09476081279220991;0,008438363802584085;2255;17639;5161;batchnorm;;26;20,0;26,0;26,0;;0,045367052084365284;;4;adam;normalizer
1213;2024-07-02 19:59:23.846727;0,22836998105049133;;leaky_relu;0,7192070607302342;0,9282310944573627;256;;0,7637161461781362;0,013623323149584136;0,010136313925325347;2255;17639;5161;batchnorm;;12;5,0;11,0;23,0;20,0;0,0599198888090646;;5;adam;normalizer
1214;2024-07-02 20:02:13.437228;0,20359501242637634;;leaky_relu;0,6201815501236124;0,46155002815355917;256;;0,9245582375894319;0,028980124113055002;0,02601311967887206;2255;17639;5161;batchnorm;;25;8,0;18,0;25,0;17,0;0,08992366324398898;;5;adam;normalizer
1215;2024-07-02 20:04:28.955866;0,25889497995376587;;leaky_relu;0,8509040777774053;0,3285827887673525;32;;0,8001111486771569;0,016837297559927376;0,013611102030539612;2255;17639;5161;batchnorm;;11;10,0;3,0;23,0;;0,04061742687323984;;4;adam;maxabs
1216;2024-07-02 20:08:19.113506;0,21173998713493347;;leaky_relu;0,6710371307579375;0,5813072251940014;256;;0,350815729491618;0,042299151965674305;0,011191520043687734;2255;17639;5161;batchnorm;;13;;;;;0,09419131072473926;;1;adam;normalizer
1217;2024-07-02 20:10:15.186185;0,5667399764060974;;leaky_relu;0,7683699535380774;0,8061525691662276;256;;0,5482932031374569;0,08028157165595119;0,002057378405850003;2255;17639;5161;batchnorm;;10;9,0;30,0;25,0;21,0;0,0865556573172359;;5;adam;normalizer
1218;2024-07-02 20:12:30.665688;0,5130800008773804;;leaky_relu;0,813838854627144;0,2926484731902086;256;;0,4018910582958371;0,08979747139479985;0,0074602010213877705;2255;17639;5161;vanilla;;12;11,0;20,0;24,0;22,0;0,0846201791644774;;5;adam;normalizer
1219;2024-07-02 20:14:16.942580;0,21889500319957733;;leaky_relu;0,9214916760670908;0,8822856140651385;256;;0,3112535388049832;0,02552616208504046;0,009319285426802307;2255;17639;5161;batchnorm;;24;10,0;4,0;27,0;18,0;0,06885561969153135;;5;adam;normalizer
1220;2024-07-02 20:17:20.234298;0,24666500091552734;;leaky_relu;0,21385606516055106;0,5338014814638931;256;;0,44510929157952916;0,07596131660390572;0,014676199396333188;2255;17639;5161;batchnorm;;14;8,0;22,0;26,0;;0,02740318191384616;;4;adam;normalizer
1221;2024-07-02 20:19:38.222196;0,5161899924278259;;leaky_relu;;;256;;0,1746820604435505;0,09199270818807327;0,012527929006791234;2255;17639;5161;batchnorm;0,16051840130092715;9;9,0;26,0;24,0;20,0;0,025921726455931028;True;5;sgd;normalizer
1222;2024-07-02 20:21:29.133662;0,37588003277778625;;relu;0,8257473481562645;0,8332898248300685;512;;0,22267557565028143;0,053838567986830774;0,0026084313297940684;2255;17639;5161;batchnorm;;13;7,0;15,0;25,0;19,0;;;5;adam;normalizer
1223;2024-07-02 20:23:15.745999;916657,625;;leaky_relu;0,9645908946927697;0,4357407164143018;256;;0,13525679522993253;0,08794974777199478;0,19394813274113565;2255;17639;5161;batchnorm;;11;10,0;25,0;26,0;;0,08267053912579628;;4;adam;maxabs
1224;2024-07-02 20:25:40.423242;0,19916000962257385;;leaky_relu;0,7843495480128567;0,3929498310085582;256;;0,4830744320068035;0,06267368062612486;0,06907497132845854;2255;17639;5161;batchnorm;;14;9,0;27,0;22,0;23,0;0,019170731683645414;;5;adam;normalizer
1225;2024-07-02 20:28:03.770996;0,18902499973773956;;leaky_relu;0,7544174340861477;0,038639094976122494;256;;0,5250657883067603;0,03123772649707671;0,005923298827950581;2255;17639;5161;batchnorm;;15;16,0;17,0;24,0;21,0;0,03417101400355235;;5;adam;normalizer
1226;2024-07-02 20:30:25.591543;0,23173503577709198;;leaky_relu;0,8744887293714758;0,30949726609222866;128;;0,6615307184471025;0,06837623329482218;0,017398176565328043;2255;17639;5161;batchnorm;;12;11,0;3,0;23,0;16,0;0,022567817192622134;;5;adam;normalizer
1227;2024-07-02 20:32:49.885711;0,20504999160766602;;selu;0,7126954663315866;0,6286140496507004;256;;0,6976766991851218;0,023416351040751973;0,010109036461807414;2255;17639;5161;batchnorm;;21;17,0;26,0;29,0;;;;4;adam;normalizer
1228;2024-07-02 20:35:09.859751;0,6314100027084351;;leaky_relu;0,6910400355373086;0,7300227723100677;256;;0,27072496912342014;0,020190931773674373;0,001069298773673132;2255;17639;5161;batchnorm;;18;18,0;27,0;28,0;19,0;0,04919507860410165;;5;adam;normalizer
1229;2024-07-02 20:37:03.688610;6,459003925323486;;leaky_relu;0,24267541289951555;0,47951423502513824;16;0,4503353733957116;0,38778154435945944;0,07220701222504436;0,030460242878298478;2255;17639;5161;dropout;;13;9,0;5,0;;;0,09668459809347438;;3;adam;normalizer
1230;2024-07-02 20:41:55.667258;0,20416000485420227;;leaky_relu;0,12102622219682446;0,09642278811787354;256;;0,6765294471107449;0,04939845560287113;0,03790757740389546;2255;17639;5161;batchnorm;;11;15,0;29,0;25,0;20,0;0,013512961574497289;;5;adam;normalizer
1231;2024-07-02 20:44:02.099703;0,2974950075149536;;leaky_relu;0,42443358933648995;0,18081072967545417;256;;0,7727752544300119;0,061147759432719606;0,007831025423222393;2255;17639;5161;batchnorm;;10;8,0;4,0;26,0;;0,08837325093905112;;4;adam;normalizer
1232;2024-07-02 20:46:25.806798;0,3688749670982361;;leaky_relu;0,28814453227540493;0,9455557007020777;256;;0,19118780939479646;0,03815360505982319;0,011314266444840883;2255;17639;5161;batchnorm;;19;10,0;28,0;24,0;17,0;0,028969287779010637;;5;adam;maxabs
1233;2024-07-02 20:49:16.946870;0,4227450489997864;;leaky_relu;0,06409562338728819;0,7829056850466082;256;;0,2981217432676967;0,08489897292368363;0,015194550420400505;2255;17639;5161;batchnorm;;25;14,0;3,0;25,0;22,0;0,07538764207593034;;5;adam;normalizer
1234;2024-07-02 20:51:13.489097;0,45598506927490234;;relu;0,30823781666828576;0,060746306974484944;256;;0,9497660810807903;0,0942140049281143;0,0014177953683031984;2255;17639;5161;batchnorm;;26;7,0;8,0;27,0;18,0;;;5;adam;normalizer
1235;2024-07-02 20:53:10.479420;0,3969500660896301;;leaky_relu;0,8381464859554641;0,35644897656827185;256;;0,4182684418058051;0,03332070671003022;0,008697941466220913;2255;17639;5161;batchnorm;;12;11,0;25,0;25,0;21,0;0,09128729379885206;;5;adam;normalizer
1236;2024-07-02 20:55:23.119470;0,23388126492500305;;leaky_relu;0,7330706143805188;0,6530198724670273;64;;0,6212057126745056;0,009471176890818868;0,020280325239066477;2255;17639;5161;batchnorm;;13;9,0;26,0;24,0;;0,07843934287595108;;4;adam;normalizer
1237;2024-07-02 20:58:12.572410;0,1983499825000763;;leaky_relu;0,07506896737231716;0,7574162924622717;256;;0,9011186796470315;0,0983312881407128;0,10570367374659555;2255;17639;5161;batchnorm;;15;19,0;24,0;26,0;19,0;0,05645183982331746;;5;adam;normalizer
1238;2024-07-02 21:00:12.181012;0,28354495763778687;;leaky_relu;0,8019510364226736;0,6968246466565532;256;;0,98599114050734;0,08200179326451763;0,40870302506391665;2255;17639;5161;batchnorm;;11;8,0;4,0;22,0;23,0;0,09328431502785434;;5;adam;normalizer
1239;2024-07-02 21:02:13.514470;0,31096750497817993;;leaky_relu;0,4800455182532901;0,6071758005617299;128;;0,23779160029052682;0,09046466758106968;0,012996534596975615;2255;17639;5161;batchnorm;;12;10,0;23,0;23,0;24,0;0,09560457047450432;;5;adam;normalizer
1240;2024-07-02 21:05:20.815611;0,4470250606536865;;leaky_relu;;;256;;0,4420860754859901;0,034504661030146024;0,003027184628198328;2255;17639;5161;vanilla;0,00522127751698894;16;10,0;18,0;25,0;;0,04274750440096851;False;4;sgd;maxabs
1241;2024-07-02 21:07:17.005231;0,32951998710632324;;leaky_relu;0,768110489522651;0,4100535861147201;256;;0,8319741597485346;0,08652749225904015;0,005250211296349142;2255;17639;5161;batchnorm;;10;12,0;6,0;24,0;21,0;0,052099826424084394;;5;adam;normalizer
1242;2024-07-02 21:09:23.251833;0,24232999980449677;;leaky_relu;0,660393104687733;0,5648339218500649;256;;0,9310782635140787;0,09582335819443631;0,010348109319689843;2255;17639;5161;batchnorm;;12;8,0;5,0;26,0;;0,039717628759111986;;4;adam;normalizer
1243;2024-07-02 21:12:04.383749;0,20676586031913757;;leaky_relu;0,7799558061705011;0,858479882012869;32;;0,9695241240896171;0,07822462584471374;0,006821797651367191;2255;17639;5161;batchnorm;;13;9,0;12,0;18,0;22,0;0,017986508914340834;;5;adam;normalizer
1244;2024-07-02 21:19:53.749900;65,18578338623047;;leaky_relu;0,748414160105609;0,21839530358146064;256;;0,8668954397997124;0,0258284079742961;0,19206149848017434;2255;17639;5161;batchnorm;;17;6,0;30,0;27,0;20,0;0,03649571514170945;;5;adam;normalizer
1245;2024-07-02 21:22:28.083075;0,2006099969148636;;leaky_relu;0,8650509594766478;0,2565855302986376;256;;0,25289463738427487;0,03628932398335756;0,012328611935179574;2255;17639;5161;batchnorm;;14;10,0;27,0;23,0;19,0;0,030732754884142295;;5;adam;normalizer
1246;2024-07-02 21:24:39.178212;0,31404000520706177;;relu;0,8253348599407555;0,5315533259144043;256;;0,7356997921117007;0,05848571980958748;0,009300413264975394;2255;17639;5161;batchnorm;;11;11,0;3,0;25,0;17,0;;;5;adam;normalizer
1247;2024-07-02 21:26:34.939564;280,7734680175781;;leaky_relu;0,4440905204833338;0,3418186504736904;256;0,5655061511967758;0,5032604583333871;0,015603995814237345;0,7750699109759759;2255;17639;5161;dropout;;21;4,0;26,0;24,0;;0,08011739472676599;;4;adam;normalizer
1248;2024-07-02 21:28:48.948949;0,30358996987342834;;leaky_relu;0,7997630495365741;0,5833499904948077;256;;0,565832768187847;0,04392269752079972;0,0015251413773524547;2255;17639;5161;batchnorm;;20;9,0;29,0;26,0;18,0;0,06083558939640012;;5;adam;normalizer
1249;2024-07-02 21:30:42.536157;0,23002998530864716;;leaky_relu;0,725322453142998;0,6761777471964316;512;;0,20981792469035526;0,0654845767181612;0,016485363918193406;2255;17639;5161;batchnorm;;12;21,0;4,0;24,0;;0,09004238821340312;;4;adam;maxabs
1250;2024-07-02 21:32:31.673852;31,434795379638672;;selu;0,6982518576478185;0,03318346147782057;256;;0,40942856357603186;0,019666974772410178;0,025849979870869785;2255;17639;5161;batchnorm;;13;9,0;28,0;25,0;20,0;;;5;adam;normalizer
1251;2024-07-02 21:34:25.591468;0,5690099596977234;;leaky_relu;0,7624902604139574;0,5041567488586798;256;;0,8232576678990488;0,04016277367086626;0,004260706866349213;2255;17639;5161;batchnorm;;6;8,0;25,0;16,0;23,0;0,08668995899574856;;5;adam;normalizer
1252;2024-07-02 21:36:18.780851;107,218994140625;;leaky_relu;0,6439553567396329;0,19548633610776583;256;;0,3598104761325628;0,02213867259187152;0,8439180090223201;2255;17639;5161;batchnorm;;13;10,0;26,0;27,0;19,0;0,09803957740795413;;5;adam;normalizer
1253;2024-07-02 21:38:15.303536;0,3453599810600281;;leaky_relu;0,5381841541898668;0,8097034797121924;256;;0,849267997817566;0,0929840840932667;0,0036259704081694566;2255;17639;5161;batchnorm;;10;10,0;27,0;;;0,09274607558504397;;3;adam;normalizer
1254;2024-07-02 21:40:03.820708;0,39744001626968384;;leaky_relu;0,5992366306490855;0,9107704840575046;128;;0,08984584297724435;0,047028864912854455;0,022880331257704768;2255;17639;5161;batchnorm;;25;7,0;16,0;21,0;;0,08796108816282762;;4;adam;normalizer
1255;2024-07-02 21:42:28.562369;0,19255000352859497;;leaky_relu;0,784342811263664;0,3719302969201498;256;;0,17174422576606127;0,08978467556906625;0,011172447177010707;2255;17639;5161;batchnorm;;12;13,0;3,0;28,0;21,0;0,06659686791309138;;5;adam;normalizer
1256;2024-07-02 21:45:01.951559;4,579592227935791;;leaky_relu;0,1959782513113716;0,1516009051079263;16;;0,4578936769049454;0,0697788424365243;0,14939098115984561;2255;17639;5161;batchnorm;;14;11,0;4,0;25,0;22,0;0,024150927294120286;;5;adam;normalizer
1257;2024-07-02 21:59:08.002439;0,4078800082206726;;leaky_relu;0,6835494544886409;0,5520707106607572;256;;0,29156665156773054;0,07655447709709952;0,0012530705675464953;2255;17639;5161;batchnorm;;11;9,0;30,0;26,0;19,0;0,007010041039565909;;5;adam;maxabs
1258;2024-07-02 22:01:10.343313;20,261451721191406;;leaky_relu;0,3944348702119519;0,4564835021536546;256;;0,5821505224249593;0,052404499617836386;0,6564770688774068;2255;17639;5161;batchnorm;;22;12,0;5,0;23,0;;0,03829104683252518;;4;adam;normalizer
1259;2024-07-02 22:03:00.151514;0,2039250135421753;;leaky_relu;0,8947680478511354;0,7770807010877402;256;;0,5448266223525161;0,0731025348763408;0,013684599070369197;2255;17639;5161;batchnorm;;12;9,0;25,0;24,0;18,0;0,05468361103785429;;5;adam;normalizer
1260;2024-07-02 22:05:23.682293;0,4284299910068512;;relu;;;256;;0,9974344131690803;0,030089449138868306;0,060878978086141754;2255;17639;5161;batchnorm;0,10235938022679132;24;11,0;;;;;True;2;sgd;normalizer
1261;2024-07-02 22:07:16.967329;14717,1533203125;;leaky_relu;0,8499160434248457;0,12865198352970048;256;;0,32204219524670724;0,0075793462975765336;0,27264931747225285;2255;17639;5161;batchnorm;;19;6,0;26,0;25,0;20,0;0,06450309991961908;;5;adam;normalizer
1262;2024-07-02 22:10:07.667314;0,40323495864868164;;leaky_relu;0,3787180008165095;0,29530294482581176;256;;0,6375301558796352;0,0836407928424425;0,0018617322989888433;2255;17639;5161;batchnorm;;26;5,0;27,0;26,0;;0,04818799755618464;;4;adam;normalizer
1263;2024-07-02 22:12:18.105828;0,45884495973587036;;leaky_relu;0,7449436035203552;0,8683360833941298;256;;0,38678324810700543;0,08771035679974569;0,008216052757279194;2255;17639;5161;vanilla;;13;8,0;4,0;25,0;16,0;0,012263699764222607;;5;adam;normalizer
1264;2024-07-02 22:14:06.870898;0,31481000781059265;;leaky_relu;0,8250457923843542;0,42024584177276986;256;;0,4334788268412343;0,06684550170580233;0,010218249099863139;2255;17639;5161;batchnorm;;11;10,0;17,0;24,0;4,0;0,08364338935298321;;5;adam;normalizer
1265;2024-07-02 22:16:17.335796;0,20468373596668243;;leaky_relu;0,8027009311891623;0,7406804945434797;64;;0,06906016992452613;0,04298444043067878;0,04257235503156059;2255;17639;5161;batchnorm;;8;9,0;22,0;23,0;22,0;0,09594911901641841;;5;adam;maxabs
1266;2024-07-02 22:20:10.293288;760,1764526367188;;leaky_relu;0,9381462577161493;0,07929120776910077;256;;0,7573009889320542;0,09234405851892717;0,015395572357065276;2255;17639;5161;batchnorm;;10;7,0;3,0;26,0;;0,09098574289638998;;4;adam;normalizer
1267;2024-07-02 22:22:33.979257;0,37391501665115356;;leaky_relu;0,09694273453434804;0,6222421166265052;256;;0,15051542310886037;0,01363525168850278;0,018076486650322673;2255;17639;5161;batchnorm;;9;10,0;29,0;25,0;20,0;0,06168456614277257;;5;adam;normalizer
1268;2024-07-02 22:24:39.007278;0,19133998453617096;;leaky_relu;0,7720833768180454;0,8273334450761514;256;;0,80628381724243;0,012501341953764565;0,01170350001681421;2255;17639;5161;batchnorm;;25;14,0;24,0;22,0;21,0;0,015343569321278862;;5;adam;normalizer
1269;2024-07-02 22:27:06.274205;0,22929000854492188;;leaky_relu;0,7326543053499543;0,32189774701251195;128;0,40820817525561925;0,34113703701345854;0,01825066689361981;0,008909776879422161;2255;17639;5161;dropout;;14;8,0;18,0;24,0;;0,09432156170206109;;4;adam;normalizer
1270;2024-07-02 22:30:33.974525;0,29833608865737915;;leaky_relu;0,7064927011071502;0,5898660918034259;32;;0,9127868159402885;0,037771608631636644;0,04948543146171954;2255;17639;5161;batchnorm;;16;10,0;27,0;23,0;17,0;0,010176951637793426;;5;adam;normalizer
1271;2024-07-02 22:37:12.925685;0,5158849954605103;;relu;0,7578905184799388;0,7144477979508649;256;;0,4805699857650151;0,06376618069586457;0,0069686127164834705;2255;17639;5161;batchnorm;;13;9,0;28,0;27,0;24,0;;;5;adam;normalizer
1272;2024-07-02 22:39:24.812337;0,22471997141838074;;selu;0,7930278019463766;0,10718783809507981;256;;0,2721380787391174;0,054280430703013915;0,013417190859357166;2255;17639;5161;batchnorm;;13;11,0;20,0;24,0;25,0;;;5;adam;minmax
1273;2024-07-02 22:41:40.566846;0,4173099398612976;;leaky_relu;0,8392621078135382;0,6569224686267263;256;;0,1200904599138014;0,09997660581186177;0,005675495030722572;2255;17639;5161;batchnorm;;18;8,0;26,0;26,0;;0,09827224443374237;;4;adam;normalizer
1274;2024-07-02 22:43:59.696220;0,22095000743865967;;leaky_relu;0,8147739752470853;0,2732992125626274;256;;0,9516017343653833;0,03505942627124366;0,007791529411398771;2255;17639;5161;batchnorm;;12;9,0;27,0;25,0;21,0;0,07044385967620621;;5;adam;maxabs
1275;2024-07-02 22:46:10.665855;0,9531699419021606;;leaky_relu;0,9137267331627551;0,4812751669676079;256;;0,6839095543787491;0,08580568117584979;0,0010158588438632808;2255;17639;5161;batchnorm;;11;10,0;24,0;27,0;18,0;0,04386436791956105;;5;adam;normalizer
1276;2024-07-02 22:49:06.925958;0,20212998986244202;;leaky_relu;0,8786340137359999;0,889036826404383;256;;0,36977993931010694;0,07062505384672607;0,21552407875220442;2255;17639;5161;batchnorm;;12;15,0;21,0;25,0;;0,08527956897933922;;4;adam;normalizer
1277;2024-07-02 22:51:00.006218;0,2875699996948242;;leaky_relu;0,09038733031926377;0,5487767377490036;256;;0,780519992259508;0,07929484842780399;0,010028432829627329;2255;17639;5161;batchnorm;;24;8,0;4,0;24,0;19,0;0,020628022262359432;;5;adam;normalizer
1278;2024-07-02 22:53:22.239289;0,44055500626564026;;leaky_relu;;;256;;0,23231313565107253;0,048608697563712916;0,011716041392848976;2255;17639;5161;batchnorm;0,08645210982367642;27;7,0;25,0;26,0;23,0;0,0011889636520065125;False;5;sgd;normalizer
1279;2024-07-02 22:55:13.341837;0,33243998885154724;;leaky_relu;0,4029880839070953;0,39244493348059584;512;;0,18670878424576726;0,07411578227603216;0,03340454166253916;2255;17639;5161;batchnorm;;15;12,0;19,0;;;0,046218415444102316;;3;adam;normalizer
1280;2024-07-02 22:56:55.377688;0,1905299872159958;;leaky_relu;0,6281565930336388;0,23191100236376722;256;;0,881926981400492;0,08884944951398885;0,01999142678147808;2255;17639;5161;batchnorm;;20;9,0;3,0;17,0;20,0;0,05795196060458039;;5;adam;normalizer
1281;2024-07-02 22:59:11.081779;0,4343649744987488;;leaky_relu;0,3059304790488563;0,5191159034573196;256;;0,7130006007897003;0,041142328484830126;0,0025748208764974625;2255;17639;5161;batchnorm;;11;11,0;5,0;25,0;23,0;0,004448528788506217;;5;adam;normalizer
1282;2024-07-02 23:01:05.206664;0,38674497604370117;;leaky_relu;0,10791445742914246;0,7929640475303839;256;;0,5075800689557857;0,09669415679334657;0,01450329173685403;2255;17639;5161;batchnorm;;9;10,0;30,0;23,0;;0,08136958127074828;;4;adam;maxabs
1283;2024-07-02 23:03:01.777544;67,72087860107422;;leaky_relu;0,717152192270945;0,49407872566580807;128;;0,6137796632903796;0,05738585029043807;0,9528433560185671;2255;17639;5161;batchnorm;;13;9,0;26,0;24,0;22,0;0,08933695827573043;;5;adam;normalizer
1284;2024-07-02 23:05:17.210177;0,3268100321292877;;relu;0,6783893505299718;0,1666950441950286;256;;0,41673828355094655;0,026463273903921516;0,009098376844938758;2255;17639;5161;vanilla;;10;10,0;14,0;25,0;19,0;;;5;adam;normalizer
1285;2024-07-02 23:07:07.921690;0,2611551880836487;;leaky_relu;0,7772030797530024;0,9580272121099054;16;;0,25383144636525756;0,08147669818478895;0,003522551753917984;2255;17639;5161;batchnorm;;14;16,0;28,0;19,0;;0,07490696283361084;;4;adam;normalizer
1286;2024-07-02 23:14:50.626156;0,2122049778699875;;leaky_relu;0,05907985237242708;0,20493651304566984;256;;0,9328979741241794;0,02829933524266514;0,0774343660895694;2255;17639;5161;batchnorm;;12;11,0;4,0;10,0;18,0;0,03467067074651545;;5;adam;normalizer
1287;2024-07-02 23:16:43.527950;0,3365749716758728;;leaky_relu;0,23213440497026866;0,4393003105375003;256;;0,9680300663852871;0,09161288828521301;0,012841029639105387;2255;17639;5161;batchnorm;;14;6,0;3,0;26,0;17,0;0,09997849568337247;;5;adam;normalizer
1288;2024-07-02 23:18:41.916346;1,0597450733184814;;leaky_relu;0,7389791956594641;0,0671585261791953;256;;0,21181246176110502;0,04553973656978473;0,028270295632965202;2255;17639;5161;batchnorm;;12;9,0;29,0;24,0;;0,09439864684144932;;4;adam;normalizer
1289;2024-07-02 23:20:55.890085;0,20621998608112335;;leaky_relu;0,7583678837429312;0,013931320012961032;256;;0,5252333166355592;0,03889184148380009;0,010642020529501285;2255;17639;5161;batchnorm;;13;8,0;26,0;27,0;21,0;0,051737546977067395;;5;adam;normalizer
1290;2024-07-02 23:22:52.527510;0,21177498996257782;;leaky_relu;0,8611748631799998;0,3451268013865957;256;0,4261707172537132;0,28326380949714114;0,031130316970031765;0,01711376486782389;2255;17639;5161;dropout;;19;10,0;19,0;25,0;21,0;0,09256658450135118;;5;adam;normalizer
1291;2024-07-02 23:25:14.029895;0,24468250572681427;;leaky_relu;0,2717265669187694;0,6023707960038326;64;;0,7959214488673718;0,011116274617364003;0,006614863333155558;2255;17639;5161;batchnorm;;26;9,0;25,0;23,0;20,0;0,0875978970091293;;5;adam;maxabs
1292;2024-07-02 23:29:05.380042;0,5104950666427612;;leaky_relu;0,5081244109060389;0,7541600786211805;256;;0,8673723691624515;0,06108296940753389;0,008281738718483995;2255;17639;5161;batchnorm;;11;13,0;6,0;24,0;;0,06863826795731358;;4;adam;normalizer
1293;2024-07-02 23:31:02.374639;0,2612600028514862;;selu;0,15415995528975202;0,9258999117056037;256;;0,4018028200157894;0,0836033262219442;0,30965175215742285;2255;17639;5161;batchnorm;;17;22,0;5,0;26,0;16,0;;;5;adam;normalizer
1294;2024-07-02 23:33:17.689485;0,21112501621246338;;leaky_relu;0,5700966734179529;0,8420801824643457;256;;0,3120477660570493;0,09443432978540608;0,011906408600523749;2255;17639;5161;batchnorm;;13;7,0;27,0;22,0;18,0;0,09710789288212851;;5;adam;normalizer
1295;2024-07-02 23:36:50.218186;0,2620050013065338;;leaky_relu;0,7988747763213182;0,6334203666716984;256;;0,5944082653608789;0,024392203508044608;0,004786702354255402;2255;17639;5161;batchnorm;;25;8,0;4,0;;;0,0908058432209226;;3;adam;normalizer
1296;2024-07-02 23:38:46.965950;0,6306600570678711;;leaky_relu;;;256;;0,4887775305101064;0,008523650447440011;0,022709937572410608;2255;17639;5161;batchnorm;0,015695735890544252;10;11,0;3,0;24,0;22,0;0,01714688105659866;True;5;sgd;minmax
1297;2024-07-02 23:40:53.470014;0,2147749960422516;;leaky_relu;0,6582608560987596;0,1380879349751603;256;;0,15874011101661523;0,08749618958568597;0,01496262307773954;2255;17639;5161;batchnorm;;12;10,0;4,0;25,0;;0,08345356346069348;;4;adam;normalizer
1298;2024-07-02 23:43:11.237523;308,07672119140625;;relu;0,9653095501314266;0,7300980390785057;32;;0,46168234565262023;0,01651655763559918;0,5348475772080311;2255;17639;5161;batchnorm;;23;9,0;25,0;23,0;27,0;;;5;adam;normalizer
1299;2024-07-02 23:47:19.413039;108947992,0;;leaky_relu;0,9786003081611502;0,3118585037293536;128;;0,729653706227928;0,02025319656066399;0,39459958686753205;2255;17639;5161;batchnorm;;11;10,0;17,0;28,0;24,0;0,08604915158148113;;5;adam;normalizer
1300;2024-07-02 23:49:46.382386;0,20163500308990479;;leaky_relu;0,8230735376279203;0,5724512947844315;256;;0,9997721246159501;0,07513692542311722;0,009983405009122445;2255;17639;5161;batchnorm;;13;9,0;18,0;26,0;;0,030469176378062367;;4;adam;maxabs
1301;2024-07-02 23:52:08.780552;25,292551040649414;;leaky_relu;0,7750404108274543;0,05116925943025652;256;;0,8122335931638492;0,06859124175088557;0,013129894501181351;2255;17639;5161;batchnorm;;15;12,0;20,0;25,0;19,0;0,07154132941743704;;5;adam;normalizer
1302;2024-07-02 23:54:02.835466;0,2210799902677536;;leaky_relu;0,35352574802646597;0,6861129090998516;256;;0,6439460368301372;0,0899227868176032;0,21022550488824296;2255;17639;5161;batchnorm;;14;8,0;28,0;4,0;20,0;0,08888781661152739;;5;adam;normalizer
1303;2024-07-02 23:56:05.406589;0,2189900130033493;;leaky_relu;0,7473180861024799;0,5400466941774347;256;;0,7504812410007082;0,03301016312810299;0,03875192015603226;2255;17639;5161;batchnorm;;12;14,0;23,0;14,0;22,0;0,03818515001789412;;5;adam;normalizer
1304;2024-07-02 23:58:17.432202;0,27946001291275024;;leaky_relu;0,5880788668176085;0,2559361077381097;256;;0,13720238669870988;0,022399867181763747;0,003044109162623575;2255;17639;5161;batchnorm;;27;7,0;26,0;26,0;;0,044441624054490425;;4;adam;normalizer
1305;2024-07-03 00:00:06.499818;0,5254799723625183;;leaky_relu;0,7212381050380249;0,6086400500635678;512;;0,8948860137455527;0,08595927117853168;0,0074825857173340645;2255;17639;5161;batchnorm;;25;10,0;29,0;27,0;15,0;0,033379721247652094;;5;adam;normalizer
1306;2024-07-03 00:02:09.176207;0,4513099193572998;;leaky_relu;0,7896608711633876;0,9911614196356456;256;;0,101455159396936;0,042845929551493404;0,24292044660042117;2255;17639;5161;vanilla;;24;;;;;0,0417387072332006;;1;adam;normalizer
1307;2024-07-03 00:04:01.121851;162,55776977539062;;leaky_relu;0,8371501593521018;0,4701578664168656;256;;0,2287495785532733;0,06435883477758848;0,4339595692863595;2255;17639;5161;batchnorm;;20;11,0;;;;0,09615929634585893;;2;adam;normalizer
1308;2024-07-03 00:05:57.335438;0,3344400227069855;;leaky_relu;0,44926499447182244;0,4117782386867793;256;;0,5429124304682362;0,05133297229778623;0,054727857473267194;2255;17639;5161;batchnorm;;10;10,0;27,0;24,0;19,0;0,05654757686323483;;5;adam;maxabs
1309;2024-07-03 00:08:07.329347;0,20039501786231995;;leaky_relu;0,7043330139138929;0,3787516489088481;256;;0,43708718316727424;0,07225690034745441;0,009165278824656998;2255;17639;5161;batchnorm;;21;17,0;30,0;25,0;17,0;0,06562306636521961;;5;adam;normalizer
1310;2024-07-03 00:10:15.746250;0,19781999289989471;;leaky_relu;0,8068018696807198;0,09127185964500191;256;;0,8526138404827468;0,09380069862510984;0,011128155150019022;2255;17639;5161;batchnorm;;18;9,0;26,0;25,0;;0,07633627187987432;;4;adam;normalizer
1311;2024-07-03 00:12:43.203545;1,0638189315795898;;relu;0,46235757029624214;0,7641080250541433;16;;0,33950768101152295;0,04017165734249257;0,004162151981358116;2255;17639;5161;batchnorm;;12;9,0;4,0;24,0;18,0;;;5;adam;normalizer
1312;2024-07-03 00:20:18.898856;1,1603550910949707;;leaky_relu;0,52406698728257;0,8072154103898566;256;0,463465153881347;0,2478653352736435;0,09826267612724221;0,01838661884754151;2255;17639;5161;dropout;;13;8,0;13,0;23,0;3,0;0,09172848684693069;;5;adam;normalizer
1313;2024-07-03 00:22:37.169819;0,20887000858783722;;leaky_relu;0,762239413750553;0,6414634646011079;128;;0,19442620575117575;0,08877390723599254;0,015762106977575047;2255;17639;5161;batchnorm;;14;10,0;5,0;26,0;21,0;0,07743552472629378;;5;adam;normalizer
1314;2024-07-03 00:25:08.818631;0,23323500156402588;;selu;0,7312612089937203;0,28259526578755645;256;;0,37220575507931125;0,05635568739333585;0,030762272557243536;2255;17639;5161;batchnorm;;11;13,0;3,0;;;;;3;adam;normalizer
1315;2024-07-03 00:27:11.258098;0,19331002235412598;;leaky_relu;0,8524970143033969;0,7081566315304477;256;;0,9541287456006265;0,09127098512819484;0,012609629837495959;2255;17639;5161;batchnorm;;9;11,0;25,0;27,0;;0,09425013893028061;;4;adam;minmax
1316;2024-07-03 00:29:55.356922;0,3780049681663513;;leaky_relu;;;256;;0,9803056494108442;0,006491957472936324;0,0023677742592231694;2255;17639;5161;batchnorm;0,007753740320182807;22;8,0;27,0;24,0;22,0;0,02057668575774129;False;5;sgd;normalizer
1317;2024-07-03 00:31:46.246548;0,5654499530792236;;leaky_relu;0,16883678250645207;0,5203229226188951;256;;0,9136321595892003;0,03665993366322722;0,010290954193468416;2255;17639;5161;batchnorm;;12;6,0;18,0;25,0;;0,09874982824776994;;4;adam;normalizer
1318;2024-07-03 00:33:43.679707;0,2585200071334839;;leaky_relu;0,8855998383697089;0,8999789398064739;256;;0,556084460303705;0,07748627492456424;0,006011023991454667;2255;17639;5161;batchnorm;;13;9,0;26,0;26,0;23,0;0,025018141073456932;;5;adam;maxabs
1319;2024-07-03 00:35:44.219803;0,18989500403404236;;leaky_relu;0,6888302902087076;0,8738486545343789;256;;0,775119762936939;0,08019948872263838;0,008768877534831776;2255;17639;5161;batchnorm;;10;11,0;16,0;24,0;20,0;0,08752324769644494;;5;adam;normalizer
1320;2024-07-03 00:38:22.215239;0,32873618602752686;;leaky_relu;0,7882778052350942;0,11660291963802558;64;;0,2675989240351747;0,09541847840687191;0,014146328834212124;2255;17639;5161;batchnorm;;26;9,0;30,0;23,0;19,0;0,05954632674660284;;5;adam;normalizer
1321;2024-07-03 00:41:25.371833;0,1960049867630005;;leaky_relu;0,8151996022443477;0,5588522338940666;256;;0,6592624114852297;0,08383809132143998;0,024263913899480304;2255;17639;5161;batchnorm;;16;12,0;4,0;25,0;21,0;0,07996677191912735;;5;adam;normalizer
1322;2024-07-03 00:43:41.307223;0,2034199982881546;;relu;0,7447308515003551;0,17660458673903856;256;;0,17675952136446144;0,03513561864560906;0,011184053106823948;2255;17639;5161;batchnorm;;12;7,0;28,0;26,0;;;;4;adam;normalizer
1323;2024-07-03 00:45:43.993227;0,40336498618125916;;leaky_relu;0,4930428280989315;0,3511019162752595;256;;0,30289850218440334;0,06696451176988104;0,005071889304891094;2255;17639;5161;batchnorm;;11;10,0;26,0;25,0;20,0;0,006800618226935468;;5;adam;normalizer
1324;2024-07-03 00:48:28.983112;0,3349950313568115;;leaky_relu;0,6330206370138955;0,6653565527688393;256;;0,9352368647698396;0,012488811513635352;0,00746540124204193;2255;17639;5161;batchnorm;;14;10,0;25,0;22,0;;0,014869539464404469;;4;adam;normalizer
1325;2024-07-03 00:50:21.070025;0,19723498821258545;;leaky_relu;0,667920417103061;0,33150302797159215;256;;0,42551891922178225;0,04898772304469707;0,01967018481537355;2255;17639;5161;batchnorm;;19;9,0;5,0;23,0;19,0;0,032025639840345385;;5;adam;normalizer
1326;2024-07-03 00:52:47.557452;0,24631677567958832;;leaky_relu;0,7763540969904514;0,58228477049028;32;;0,826524894431989;0,09216249184817332;0,009777420111290304;2255;17639;5161;batchnorm;;24;8,0;3,0;24,0;18,0;0,011565673756352122;;5;adam;maxabs
1327;2024-07-03 00:57:34.916265;0,33192500472068787;;leaky_relu;0,8340868112065142;0,7829939955080316;256;;0,3884977052586748;0,08697804100411756;0,012501085723622261;2255;17639;5161;vanilla;;11;12,0;21,0;30,0;23,0;0,050042648027773466;;5;adam;normalizer
1328;2024-07-03 00:59:22.163014;0,3220074772834778;;leaky_relu;0,7634094652360155;0,8332063310112254;128;;0,22216139129871007;0,04560584719986212;0,0165352372862957;2255;17639;5161;batchnorm;;13;16,0;27,0;28,0;;0,09278944172163424;;4;adam;normalizer
1329;2024-07-03 01:01:51.289867;0,7955898642539978;;leaky_relu;0,9266431209773011;0,9403733668474249;256;;0,7020347725532221;0,06239945002097731;0,0986004823791565;2255;17639;5161;batchnorm;;25;10,0;29,0;27,0;17,0;0,028825615435670627;;5;adam;normalizer
1330;2024-07-03 01:04:01.302867;0,21889500319957733;;leaky_relu;0,7163878687263965;0,4388163542477142;256;;0,4471487850866377;0,0283980236555256;0,008489552212474341;2255;17639;5161;batchnorm;;13;11,0;3,0;25,0;24,0;0,0361508448734523;;5;adam;normalizer
1331;2024-07-03 01:06:25.826305;0,20239003002643585;;leaky_relu;0,8032659760638647;0,3723633133178038;256;;0,4738549837342867;0,08490476321582659;0,013802432766546946;2255;17639;5161;batchnorm;;15;7,0;;;;0,08962016740940584;;2;adam;normalizer
1332;2024-07-03 01:08:41.397962;60,652793884277344;;leaky_relu;0,9974184943327055;0,2190934140355621;512;;0,9651815971198501;0,07051321904523872;0,01128427691882854;2255;17639;5161;batchnorm;;12;6,0;19,0;24,0;21,0;0,08462371783468735;;5;adam;normalizer
1333;2024-07-03 01:10:23.843315;0,3193950057029724;;leaky_relu;0,7453274543082714;0,6244291379891856;256;;0,05376023026718204;0,059751217255795824;0,006324800179349631;2255;17639;5161;batchnorm;;10;9,0;4,0;25,0;;0,09507878971884587;;4;adam;normalizer
1334;2024-07-03 01:12:28.013015;0,3938400149345398;;leaky_relu;;;256;0,6261403172474839;0,5826564578383318;0,026307747337205922;0,009568755252399277;2255;17639;5161;dropout;0,0021053973083717016;12;8,0;26,0;20,0;20,0;0,09996972278667793;True;5;sgd;normalizer
1335;2024-07-03 01:14:16.964179;0,33120501041412354;;relu;0,5422550627142146;0,5038136342784727;256;;0,8810264593879815;0,01045433102007793;0,027858649293152325;2255;17639;5161;batchnorm;;9;15,0;24,0;26,0;16,0;;;5;adam;maxabs
1336;2024-07-03 01:16:10.142310;0,37426501512527466;;selu;0,8971043215693616;0,30375961095133686;256;;0,2030002369060778;0,015802473836283117;0,0077952959333065;2255;17639;5161;batchnorm;;14;10,0;27,0;23,0;;;;4;adam;normalizer
1337;2024-07-03 01:18:02.624302;13569,8623046875;;leaky_relu;0,7758943467793367;0,033189564205607924;256;;0,8484709767202481;0,042082708304372406;0,0801418429599811;2255;17639;5161;batchnorm;;13;20,0;6,0;24,0;22,0;0,003659260641651136;;5;adam;normalizer
1338;2024-07-03 01:19:56.069789;0,4419800341129303;;leaky_relu;0,8634506195328259;0,7446532400915654;256;;0,6097690699947312;0,08197542763431491;0,001617289605514083;2255;17639;5161;batchnorm;;11;9,0;4,0;26,0;18,0;0,09699402933962402;;5;adam;normalizer
1339;2024-07-03 01:22:36.337616;1,5028572082519531;;leaky_relu;0,6956100642191227;0,23793915259753562;16;;0,2842763765291494;0,0547585256731662;0,015198633815300825;2255;17639;5161;batchnorm;;17;11,0;5,0;27,0;21,0;0,09070468728689417;;5;adam;minmax
1340;2024-07-03 01:29:05.291344;0,19994500279426575;;leaky_relu;0,811392380582286;0,5303413129506578;256;;0,40120514041777977;0,0894722644371017;0,03552683729973892;2255;17639;5161;batchnorm;;20;8,0;15,0;25,0;;0,02275139261968155;;4;adam;normalizer
1341;2024-07-03 01:31:28.136837;0,2630999684333801;;leaky_relu;0,7310007840326237;0,9719320697570296;256;;0,5094459310193479;0,038839142792573125;0,08421026579231344;2255;17639;5161;batchnorm;;13;10,0;3,0;24,0;19,0;0,06304430597217486;;5;adam;normalizer
1342;2024-07-03 01:33:52.203810;0,20831497013568878;;leaky_relu;0,784865392745172;0,8544773444362581;256;;0,11430670743167998;0,07505994593795672;0,011179580983408821;2255;17639;5161;batchnorm;;12;9,0;22,0;23,0;17,0;0,05458350033307306;;5;adam;normalizer
1343;2024-07-03 01:36:43.127529;0,4269525110721588;;leaky_relu;0,201743395306076;0,39958603268584086;128;;0,3210301746454208;0,03150824940313125;0,00357492264367177;2255;17639;5161;batchnorm;;11;11,0;28,0;26,0;20,0;0,0409401705717279;;5;adam;normalizer
1344;2024-07-03 01:39:09.288743;0,2093450129032135;;leaky_relu;0,5486679831153511;0,25499577041998245;256;;0,7245324994901439;0,09740525764532296;0,0127958319285798;2255;17639;5161;batchnorm;;10;10,0;25,0;7,0;;0,0262342708590148;;4;adam;maxabs
1345;2024-07-03 01:41:36.451196;0,20829501748085022;;leaky_relu;0,837013565316499;0,6956970251388058;256;;0,6340310024238008;0,006514223725387047;0,3136726423702329;2255;17639;5161;batchnorm;;12;9,0;29,0;25,0;22,0;0,08229082182108742;;5;adam;normalizer
1346;2024-07-03 01:43:24.369954;0,4089600145816803;;leaky_relu;0,5769918242711829;0,9140605818994375;256;;0,5285928381292462;0,04437721564829963;0,4159759404911347;2255;17639;5161;batchnorm;;18;14,0;18,0;27,0;20,0;0,0859243036916747;;5;adam;normalizer
1347;2024-07-03 01:45:15.466807;0,5457075834274292;;leaky_relu;0,47100630758382067;0,5961028027953853;64;;0,35210953352642144;0,06565705137004962;0,0027542962626033196;2255;17639;5161;batchnorm;;14;13,0;20,0;24,0;23,0;0,07343730260788839;;5;adam;normalizer
1348;2024-07-03 01:48:01.318327;0,20939500629901886;;relu;0,04142424800581396;0,14722012451168542;256;;0,6768677740271031;0,07712418410012495;0,12894809523951242;2255;17639;5161;batchnorm;;15;21,0;26,0;25,0;;;;4;adam;normalizer
1349;2024-07-03 01:50:05.625431;0,33161503076553345;;leaky_relu;0,6082958770986234;0,47092304315032524;256;;0,24063276608578335;0,07240296789169946;0,010038365359294981;2255;17639;5161;vanilla;;26;18,0;27,0;;;0,018261006292204222;;3;adam;normalizer
1350;2024-07-03 01:51:51.767947;0,29715999960899353;;leaky_relu;0,42641445394980637;0,011218474356051961;256;;0,7907537347818223;0,01928375659321358;0,02175640868183979;2255;17639;5161;batchnorm;;25;8,0;30,0;21,0;19,0;0,0675610874140347;;5;adam;normalizer
1351;2024-07-03 01:54:33.797437;0,41132503747940063;;leaky_relu;0,37500019686089303;0,5711758507935496;256;;0,14571150643379227;0,02958056053453862;0,0019212513668196236;2255;17639;5161;batchnorm;;13;10,0;17,0;29,0;18,0;0,008688921515858341;;5;adam;normalizer
1352;2024-07-03 01:56:26.059958;8410,421875;;leaky_relu;0,95171519991946;0,06819822464156342;256;;0,9215383114840895;0,005176093511238852;0,018299323355464685;2255;17639;5161;batchnorm;;11;8,0;7,0;24,0;21,0;0,05217868165647631;;5;adam;maxabs
1353;2024-07-03 01:58:59.562450;0,8008403778076172;;leaky_relu;;;32;;0,26018498257768047;0,03406614325960307;0,008637505690234113;2255;17639;5161;batchnorm;0,0034799740775105495;21;7,0;3,0;26,0;;0,061456918346491016;False;4;sgd;normalizer
1354;2024-07-03 02:04:13.239618;0,6779550313949585;;leaky_relu;0,751611728069183;0,8211441861667279;256;;0,0813177014774802;0,08771902337221535;0,0013940399213293344;2255;17639;5161;batchnorm;;12;9,0;4,0;23,0;22,0;0,0924815264149404;;5;adam;normalizer
1355;2024-07-03 02:06:06.862427;0,19330500066280365;;leaky_relu;0,7940954976523853;0,7846924107986044;256;;0,9454246720082681;0,037389026379458366;0,014343384282036149;2255;17639;5161;batchnorm;;19;9,0;28,0;25,0;;0,08824646832686733;;4;adam;normalizer
1356;2024-07-03 02:08:16.118443;0,22888000309467316;;leaky_relu;0,7193855601940379;0,7207850447786028;256;;0,566561354707899;0,02372720728196903;0,15573792374075043;2255;17639;5161;batchnorm;;10;5,0;26,0;26,0;19,0;0,04856519052559595;;5;adam;normalizer
1357;2024-07-03 02:10:26.535335;0,5713900327682495;;selu;0,3599611097703039;0,293864018568253;128;0,14116348718514854;0,174934316422185;0,021468983920366266;0,010959354872112652;2255;17639;5161;dropout;;13;12,0;25,0;22,0;20,0;;;5;adam;normalizer
1358;2024-07-03 02:12:49.620532;0,21846501529216766;;leaky_relu;0,677156288828699;0,42346798632254035;256;;0,7548673210777413;0,09303569465686135;0,0069670629503461225;2255;17639;5161;batchnorm;;14;10,0;27,0;24,0;18,0;0,012800819147886625;;5;adam;normalizer
1359;2024-07-03 02:15:43.849381;0,5785099864006042;;relu;0,6536455730452988;0,45818194993845107;256;;0,41543411656177204;0,047379630732629366;0,01198067813139562;2255;17639;5161;batchnorm;;12;11,0;4,0;25,0;;;;4;adam;minmax
