match;Date;season;Div;HomeTeam;AwayTeam;FTHG;FTAG;label;prediction;draw;home;away
15969;2020-01-01;T19-20;E0;Brighton;Chelsea;1;1;0;2;0,2546;0,2901;0,4552
15976;2020-01-01;T19-20;E0;West Ham;Bournemouth;4;0;1;1;0,2844;0,4685;0,2471
15975;2020-01-01;T19-20;E0;Norwich;Crystal Palace;1;1;0;1;0,2851;0,3755;0,3394
15974;2020-01-01;T19-20;E0;Man City;Everton;2;1;1;1;0,1433;0,8147;0,042
15977;2020-01-01;T19-20;E0;Arsenal;Man United;2;0;1;1;0,2734;0,3845;0,3421
15972;2020-01-01;T19-20;E0;Southampton;Tottenham;1;0;1;2;0,274;0,3486;0,3774
15971;2020-01-01;T19-20;E0;Newcastle;Leicester;0;3;2;2;0,2639;0,3326;0,4034
15970;2020-01-01;T19-20;E0;Burnley;Aston Villa;1;2;2;1;0,2922;0,4533;0,2546
15973;2020-01-01;T19-20;E0;Watford;Wolves;2;1;1;2;0,2763;0,3274;0,3963
15978;2020-01-02;T19-20;E0;Liverpool;Sheffield United;2;0;1;1;0,0855;0,8702;0,0443
45177;2020-01-03;T19-20;SP1;Valladolid;Leganes;2;2;0;1;0,2952;0,4352;0,2696
45178;2020-01-03;T19-20;SP1;Sevilla;Ath Bilbao;1;1;0;1;0,245;0,5997;0,1553
57589;2020-01-03;T19-20;SP2;Extremadura;Alcorcon;0;0;0;1;0,2917;0,4589;0,2494
57592;2020-01-04;T19-20;SP2;Lugo;Almeria;0;4;2;1;0,2836;0,4103;0,3062
57595;2020-01-04;T19-20;SP2;Mirandes;Santander;0;0;0;1;0,2245;0,6125;0,1629
57594;2020-01-04;T19-20;SP2;Elche;Huesca;1;1;0;2;0,2693;0,3434;0,3874
57593;2020-01-04;T19-20;SP2;Tenerife;Albacete;4;2;1;1;0,2908;0,4323;0,2769
57591;2020-01-04;T19-20;SP2;Ponferradina;Cadiz;0;0;0;1;0,2818;0,4467;0,2715
57590;2020-01-04;T19-20;SP2;Fuenlabrada;Las Palmas;0;0;0;1;0,2889;0,4318;0,2793
45182;2020-01-04;T19-20;SP1;Espanol;Barcelona;2;2;0;2;0,1929;0,1679;0,6392
45181;2020-01-04;T19-20;SP1;Ath Madrid;Levante;2;1;1;1;0,1989;0,7009;0,1002
45180;2020-01-04;T19-20;SP1;Getafe;Real Madrid;0;3;2;2;0,2278;0,2474;0,5248
45179;2020-01-04;T19-20;SP1;Valencia;Eibar;1;0;1;1;0,2746;0,528;0,1974
35068;2020-01-05;T19-20;I1;Genoa;Sassuolo;2;1;1;1;0,2839;0,4543;0,2618
45184;2020-01-05;T19-20;SP1;Sociedad;Villarreal;1;2;2;1;0,2713;0,5165;0,2122
45185;2020-01-05;T19-20;SP1;Alaves;Betis;1;1;0;2;0,2868;0,3528;0,3603
45186;2020-01-05;T19-20;SP1;Celta;Osasuna;1;1;0;1;0,2764;0,4676;0,256
57597;2020-01-05;T19-20;SP2;Vallecano;Girona;1;0;1;1;0,2778;0,4767;0,2455
57598;2020-01-05;T19-20;SP2;Oviedo;Malaga;1;1;0;1;0,2936;0,3989;0,3075
35071;2020-01-06;T19-20;I1;Atalanta;Parma;5;0;1;1;0,1564;0,7798;0,0637
15979;2020-01-10;T19-20;E0;Sheffield United;West Ham;1;0;1;1;0,28;0,4963;0,2237
35078;2020-01-11;T19-20;I1;Inter;Atalanta;1;1;0;1;0,2478;0,51;0,2422
35077;2020-01-11;T19-20;I1;Lazio;Napoli;1;0;1;1;0,2575;0,515;0,2275
35076;2020-01-11;T19-20;I1;Cagliari;Milan;0;2;2;1;0,2713;0,3697;0,359
15985;2020-01-11;T19-20;E0;Wolves;Newcastle;1;1;0;1;0,2464;0,5897;0,1638
15986;2020-01-11;T19-20;E0;Tottenham;Liverpool;0;1;2;2;0,2159;0,2029;0,5812
15983;2020-01-11;T19-20;E0;Leicester;Southampton;1;2;2;1;0,2287;0,6474;0,1239
15982;2020-01-11;T19-20;E0;Everton;Brighton;1;0;1;1;0,2417;0,5859;0,1724
15981;2020-01-11;T19-20;E0;Chelsea;Burnley;3;0;1;1;0,1683;0,7463;0,0854
15980;2020-01-11;T19-20;E0;Crystal Palace;Arsenal;1;1;0;2;0,2738;0,3473;0,3788
15984;2020-01-11;T19-20;E0;Man United;Norwich;4;0;1;1;0,1498;0,7939;0,0563
35084;2020-01-12;T19-20;I1;Roma;Juventus;1;2;2;1;0,2473;0,4494;0,3033
35083;2020-01-12;T19-20;I1;Verona;Genoa;2;1;1;1;0,2552;0,5636;0,1811
35081;2020-01-12;T19-20;I1;Sampdoria;Brescia;5;1;1;1;0,2425;0,5844;0,1731
35082;2020-01-12;T19-20;I1;Torino;Bologna;1;0;1;1;0,2708;0,4933;0,236
35079;2020-01-12;T19-20;I1;Udinese;Sassuolo;3;0;1;1;0,289;0,4602;0,2508
15988;2020-01-12;T19-20;E0;Aston Villa;Man City;1;6;2;2;0,1897;0,1633;0,647
15987;2020-01-12;T19-20;E0;Bournemouth;Watford;0;3;2;1;0,2947;0,4348;0,2704
35080;2020-01-12;T19-20;I1;Fiorentina;Spal;1;0;1;1;0,2278;0,6209;0,1513
35085;2020-01-13;T19-20;I1;Parma;Lecce;2;0;1;1;0,2851;0,4935;0,2214
57600;2020-01-14;T19-20;SP2;Albacete;Fuenlabrada;1;1;0;1;0,287;0,426;0,287
57601;2020-01-14;T19-20;SP2;Sp Gijon;Elche;1;0;1;1;0,2787;0,4865;0,2349
57602;2020-01-14;T19-20;SP2;Malaga;Ponferradina;1;0;1;1;0,2794;0,4732;0,2474
57603;2020-01-14;T19-20;SP2;Las Palmas;Zaragoza;0;1;2;1;0,2816;0,4459;0,2725
57607;2020-01-15;T19-20;SP2;Cadiz;Mirandes;3;3;0;1;0,2657;0,5554;0,1789
57606;2020-01-15;T19-20;SP2;Vallecano;Lugo;1;0;1;1;0,228;0,6106;0,1614
57605;2020-01-15;T19-20;SP2;Huesca;Tenerife;2;1;1;1;0,2772;0,535;0,1878
26594;2020-01-15;T19-20;F1;Nimes;Rennes;0;1;2;1;0,282;0,429;0,289
26595;2020-01-15;T19-20;F1;Monaco;Paris SG;1;4;2;2;0,256;0,3287;0,4154
26593;2020-01-15;T19-20;F1;Amiens;Reims;1;1;0;1;0,2917;0,4012;0,307
57604;2020-01-15;T19-20;SP2;Alcorcon;Numancia;2;2;0;1;0,2952;0,4377;0,2671
57608;2020-01-16;T19-20;SP2;La Coruna;Santander;2;1;1;1;0,28;0,4927;0,2273
57609;2020-01-16;T19-20;SP2;Girona;Extremadura;3;1;1;1;0,2726;0,5292;0,1983
57610;2020-01-16;T19-20;SP2;Almeria;Oviedo;2;0;1;1;0,2546;0,587;0,1584
45187;2020-01-17;T19-20;SP1;Leganes;Getafe;0;3;2;1;0,2815;0,4425;0,276
57611;2020-01-17;T19-20;SP2;Fuenlabrada;Malaga;0;0;0;1;0,2905;0,4224;0,2871
45188;2020-01-18;T19-20;SP1;Levante;Alaves;0;1;2;1;0,284;0,4943;0,2216
45189;2020-01-18;T19-20;SP1;Real Madrid;Sevilla;2;1;1;1;0,1799;0,7396;0,0805
45190;2020-01-18;T19-20;SP1;Osasuna;Valladolid;0;0;0;1;0,2845;0,4814;0,2341
57614;2020-01-18;T19-20;SP2;Ponferradina;Vallecano;1;1;0;1;0,2817;0,3696;0,3487
57612;2020-01-18;T19-20;SP2;Numancia;Sp Gijon;2;0;1;1;0,2867;0,4847;0,2286
57613;2020-01-18;T19-20;SP2;Lugo;Albacete;1;0;1;1;0,2936;0,4169;0,2895
35088;2020-01-18;T19-20;I1;Napoli;Fiorentina;0;2;2;1;0,1962;0,6955;0,1083
45191;2020-01-18;T19-20;SP1;Eibar;Ath Madrid;2;0;1;2;0,2373;0,2711;0,4916
35087;2020-01-18;T19-20;I1;Sassuolo;Torino;2;1;1;1;0,2794;0,4046;0,3159
15990;2020-01-18;T19-20;E0;Arsenal;Sheffield United;1;1;0;1;0,282;0,4903;0,2276
15996;2020-01-18;T19-20;E0;Newcastle;Chelsea;1;0;1;2;0,2412;0,2611;0,4977
15989;2020-01-18;T19-20;E0;Watford;Tottenham;0;0;0;2;0,267;0,3083;0,4247
15991;2020-01-18;T19-20;E0;Brighton;Aston Villa;1;1;0;1;0,262;0,5379;0,2001
15992;2020-01-18;T19-20;E0;Man City;Crystal Palace;2;2;0;1;0,182;0,7424;0,0756
35086;2020-01-18;T19-20;I1;Lazio;Sampdoria;5;1;1;1;0,2083;0,6945;0,0972
15994;2020-01-18;T19-20;E0;Southampton;Wolves;2;3;2;1;0,2836;0,4579;0,2585
15995;2020-01-18;T19-20;E0;West Ham;Everton;1;1;0;2;0,2815;0,3351;0,3835
15993;2020-01-18;T19-20;E0;Norwich;Bournemouth;1;0;1;1;0,2929;0,4199;0,2872
57620;2020-01-19;T19-20;SP2;Tenerife;Girona;1;0;1;1;0,2845;0,4363;0,2792
57619;2020-01-19;T19-20;SP2;Extremadura;Almeria;1;2;2;2;0,2745;0,3528;0,3727
57618;2020-01-19;T19-20;SP2;Santander;Las Palmas;1;1;0;1;0,2898;0,4354;0,2749
57617;2020-01-19;T19-20;SP2;Oviedo;Huesca;1;1;0;2;0,2715;0,344;0,3846
57616;2020-01-19;T19-20;SP2;La Coruna;Cadiz;1;0;1;1;0,2769;0,451;0,2721
57615;2020-01-19;T19-20;SP2;Elche;Alcorcon;1;1;0;1;0,2972;0,4443;0,2585
45196;2020-01-19;T19-20;SP1;Barcelona;Granada;1;0;1;1;0,1271;0,82;0,0529
45194;2020-01-19;T19-20;SP1;Villarreal;Espanol;1;2;2;1;0,2379;0,5926;0,1695
45193;2020-01-19;T19-20;SP1;Betis;Sociedad;3;0;1;1;0,2842;0,4336;0,2821
35094;2020-01-19;T19-20;I1;Juventus;Parma;2;1;1;1;0,1221;0,8439;0,0341
35092;2020-01-19;T19-20;I1;Lecce;Inter;1;1;0;2;0,2114;0,218;0,5706
35091;2020-01-19;T19-20;I1;Brescia;Cagliari;2;2;0;1;0,2884;0,4446;0,267
35090;2020-01-19;T19-20;I1;Bologna;Verona;1;1;0;1;0,2547;0,5637;0,1816
35089;2020-01-19;T19-20;I1;Milan;Udinese;3;2;1;1;0,2207;0,6498;0,1295
15998;2020-01-19;T19-20;E0;Liverpool;Man United;2;0;1;1;0,1264;0,7844;0,0892
15997;2020-01-19;T19-20;E0;Burnley;Leicester;2;1;1;2;0,2369;0,261;0,5021
45192;2020-01-19;T19-20;SP1;Mallorca;Valencia;4;1;1;2;0,2461;0,2883;0,4656
35093;2020-01-19;T19-20;I1;Genoa;Roma;1;3;2;2;0,2167;0,2231;0,5602
35095;2020-01-20;T19-20;I1;Atalanta;Spal;1;2;2;1;0,157;0,7802;0,0628
16002;2020-01-21;T19-20;E0;Everton;Newcastle;2;2;0;1;0,2463;0,579;0,1747
16004;2020-01-21;T19-20;E0;Chelsea;Arsenal;2;2;0;1;0,2148;0,6586;0,1265
16003;2020-01-21;T19-20;E0;Sheffield United;Man City;0;1;2;2;0,2161;0,1893;0,5947
16001;2020-01-21;T19-20;E0;Crystal Palace;Southampton;0;2;2;1;0,2914;0,4634;0,2451
15999;2020-01-21;T19-20;E0;Aston Villa;Watford;2;1;1;1;0,2958;0,424;0,2802
16000;2020-01-21;T19-20;E0;Bournemouth;Brighton;3;1;1;1;0,2967;0,41;0,2934
16005;2020-01-22;T19-20;E0;Leicester;West Ham;4;1;1;1;0,2224;0,657;0,1206
16006;2020-01-22;T19-20;E0;Tottenham;Norwich;2;1;1;1;0,1915;0,7074;0,1011
16007;2020-01-22;T19-20;E0;Man United;Burnley;0;2;2;1;0,178;0,7231;0,099
16008;2020-01-23;T19-20;E0;Wolves;Liverpool;1;2;2;2;0,2166;0,1962;0,5872
35096;2020-01-24;T19-20;I1;Brescia;Milan;0;1;2;2;0,2564;0,2893;0,4543
45197;2020-01-24;T19-20;SP1;Osasuna;Levante;2;0;1;1;0,2828;0,4721;0,2452
57621;2020-01-24;T19-20;SP2;Cadiz;Santander;1;0;1;1;0,2527;0,6;0,1474
57625;2020-01-25;T19-20;SP2;Zaragoza;Numancia;1;0;1;1;0,2706;0,5503;0,1791
57624;2020-01-25;T19-20;SP2;Las Palmas;Tenerife;0;0;0;1;0,2879;0,4928;0,2193
57623;2020-01-25;T19-20;SP2;Sp Gijon;Fuenlabrada;1;0;1;1;0,2837;0,4686;0,2477
57622;2020-01-25;T19-20;SP2;Huesca;Lugo;2;1;1;1;0,2249;0,6386;0,1365
45201;2020-01-25;T19-20;SP1;Sevilla;Granada;2;0;1;1;0,1912;0,7023;0,1064
45199;2020-01-25;T19-20;SP1;Valencia;Barcelona;2;0;1;2;0,2282;0,237;0,5347
45198;2020-01-25;T19-20;SP1;Espanol;Ath Bilbao;1;1;0;1;0,2879;0,4165;0,2956
35099;2020-01-25;T19-20;I1;Torino;Atalanta;0;7;2;2;0,2416;0,2731;0,4853
35098;2020-01-25;T19-20;I1;Fiorentina;Genoa;0;0;0;1;0,2677;0,5403;0,192
35097;2020-01-25;T19-20;I1;Spal;Bologna;1;3;2;1;0,2831;0,4249;0,2921
45200;2020-01-25;T19-20;SP1;Alaves;Villarreal;1;2;2;1;0,2828;0,366;0,3511
45205;2020-01-26;T19-20;SP1;Sociedad;Mallorca;3;0;1;1;0,2771;0,5256;0,1973
57631;2020-01-26;T19-20;SP2;Girona;Oviedo;1;1;0;1;0,2639;0,5508;0,1853
57629;2020-01-26;T19-20;SP2;Alcorcon;Ponferradina;3;1;1;1;0,288;0,4678;0,2442
57628;2020-01-26;T19-20;SP2;Almeria;Elche;0;2;2;1;0,2575;0,5786;0,1639
57627;2020-01-26;T19-20;SP2;Albacete;La Coruna;0;1;2;1;0,2976;0,4226;0,2798
57626;2020-01-26;T19-20;SP2;Malaga;Mirandes;2;2;0;1;0,2819;0,4677;0,2505
45206;2020-01-26;T19-20;SP1;Valladolid;Real Madrid;0;1;2;2;0,2136;0,2146;0,5718
45204;2020-01-26;T19-20;SP1;Getafe;Betis;1;0;1;1;0,2865;0,477;0,2365
57630;2020-01-26;T19-20;SP2;Vallecano;Extremadura;1;1;0;1;0,245;0,594;0,161
45202;2020-01-26;T19-20;SP1;Ath Madrid;Leganes;0;0;0;1;0,1768;0,7292;0,0939
35105;2020-01-26;T19-20;I1;Napoli;Juventus;2;1;1;1;0,2404;0,4167;0,3428
35104;2020-01-26;T19-20;I1;Roma;Lazio;1;1;0;1;0,234;0,5599;0,2062
35103;2020-01-26;T19-20;I1;Verona;Lecce;3;0;1;1;0,258;0,5593;0,1827
35102;2020-01-26;T19-20;I1;Sampdoria;Sassuolo;0;0;0;1;0,2609;0,5287;0,2104
35101;2020-01-26;T19-20;I1;Parma;Udinese;2;0;1;1;0,2915;0,4706;0,2379
45203;2020-01-26;T19-20;SP1;Celta;Eibar;0;0;0;1;0,2925;0,4317;0,2758
35100;2020-01-26;T19-20;I1;Inter;Cagliari;1;1;0;1;0,1719;0,7669;0,0613
16009;2020-01-29;T19-20;E0;West Ham;Liverpool;0;2;2;2;0,2;0,1699;0,6301
5985;2020-01-31;T19-20;D1;Hertha;Schalke 04;0;0;0;2;0,2868;0,3516;0,3617
26606;2020-01-31;T19-20;F1;Rennes;Nantes;3;2;1;1;0,257;0,5759;0,1671
57632;2020-01-31;T19-20;SP2;Tenerife;Sp Gijon;2;1;1;1;0,2936;0,4237;0,2827
26611;2020-02-01;T19-20;F1;Nimes;Monaco;3;1;1;1;0,2837;0,3778;0,3385
26612;2020-02-01;T19-20;F1;Strasbourg;Lille;1;2;2;1;0,2743;0,4351;0,2906
35106;2020-02-01;T19-20;I1;Bologna;Brescia;2;1;1;1;0,2545;0,5631;0,1824
35107;2020-02-01;T19-20;I1;Cagliari;Parma;2;2;0;1;0,2811;0,5074;0,2115
26610;2020-02-01;T19-20;F1;Dijon;Brest;3;0;1;1;0,2907;0,3915;0,3178
35108;2020-02-01;T19-20;I1;Sassuolo;Roma;4;2;1;2;0,2226;0,2348;0,5426
57634;2020-02-01;T19-20;SP2;La Coruna;Las Palmas;2;1;1;1;0,2942;0,4273;0,2785
45208;2020-02-01;T19-20;SP1;Real Madrid;Ath Madrid;1;0;1;1;0,2303;0,6265;0,1432
45210;2020-02-01;T19-20;SP1;Valencia;Celta;1;0;1;1;0,271;0,5363;0,1926
57633;2020-02-01;T19-20;SP2;Extremadura;Lugo;1;0;1;1;0,2717;0,5091;0,2192
26609;2020-02-01;T19-20;F1;Angers;Reims;1;4;2;1;0,2928;0,4535;0,2537
57635;2020-02-01;T19-20;SP2;Ponferradina;Huesca;3;1;1;1;0,2762;0,3672;0,3566
57636;2020-02-01;T19-20;SP2;Elche;Malaga;2;0;1;1;0,2934;0,4111;0,2954
45207;2020-02-01;T19-20;SP1;Granada;Espanol;2;1;1;1;0,2956;0,386;0,3184
26608;2020-02-01;T19-20;F1;Amiens;Toulouse;0;0;0;1;0,2887;0,4619;0,2493
45209;2020-02-01;T19-20;SP1;Mallorca;Valladolid;0;1;2;1;0,2914;0,4273;0,2813
16017;2020-02-01;T19-20;E0;Man United;Wolves;0;0;0;1;0,2302;0,6258;0,1441
26607;2020-02-01;T19-20;F1;Paris SG;Montpellier;5;0;1;1;0,1727;0,7552;0,0721
5987;2020-02-01;T19-20;D1;Dortmund;Union Berlin;5;0;1;1;0,1907;0,7209;0,0885
5988;2020-02-01;T19-20;D1;Fortuna Dusseldorf;Ein Frankfurt;1;1;0;2;0,2611;0,294;0,4449
5989;2020-02-01;T19-20;D1;Hoffenheim;Leverkusen;2;1;1;2;0,2497;0,3013;0,449
5990;2020-02-01;T19-20;D1;Mainz;Bayern Munich;1;3;2;2;0,194;0,1684;0,6376
5991;2020-02-01;T19-20;D1;RB Leipzig;M'gladbach;2;2;0;1;0,2135;0,6573;0,1292
5986;2020-02-01;T19-20;D1;Augsburg;Werder Bremen;2;1;1;1;0,2809;0,4536;0,2655
16011;2020-02-01;T19-20;E0;Bournemouth;Aston Villa;2;1;1;1;0,2891;0,4531;0,2579
16012;2020-02-01;T19-20;E0;Crystal Palace;Sheffield United;0;1;2;1;0,2929;0,3752;0,332
16013;2020-02-01;T19-20;E0;Liverpool;Southampton;4;0;1;1;0,0683;0,9037;0,0279
16014;2020-02-01;T19-20;E0;Newcastle;Norwich;0;0;0;1;0,2795;0,5094;0,2111
16015;2020-02-01;T19-20;E0;Watford;Everton;2;3;2;2;0,2835;0,3448;0,3717
16016;2020-02-01;T19-20;E0;West Ham;Brighton;3;3;0;1;0,2888;0,4691;0,2422
16010;2020-02-01;T19-20;E0;Leicester;Chelsea;2;2;0;1;0,2598;0,5132;0,227
45213;2020-02-02;T19-20;SP1;Ath Bilbao;Getafe;0;2;2;1;0,2843;0,4391;0,2765
45214;2020-02-02;T19-20;SP1;Sevilla;Alaves;1;1;0;1;0,2161;0,6522;0,1317
45215;2020-02-02;T19-20;SP1;Villarreal;Osasuna;3;1;1;1;0,2689;0,5171;0,214
45216;2020-02-02;T19-20;SP1;Barcelona;Levante;2;1;1;1;0,1489;0,7918;0,0593
57639;2020-02-02;T19-20;SP2;Mirandes;Vallecano;0;0;0;1;0,2868;0,4389;0,2743
57638;2020-02-02;T19-20;SP2;Cadiz;Zaragoza;1;1;0;1;0,2722;0,5035;0,2242
57640;2020-02-02;T19-20;SP2;Numancia;Almeria;1;1;0;1;0,2771;0,4519;0,271
57641;2020-02-02;T19-20;SP2;Oviedo;Albacete;3;1;1;1;0,2941;0,4291;0,2768
57642;2020-02-02;T19-20;SP2;Santander;Alcorcon;1;1;0;1;0,2958;0,3976;0,3066
45212;2020-02-02;T19-20;SP1;Eibar;Betis;1;1;0;1;0,2864;0,4487;0,2649
57637;2020-02-02;T19-20;SP2;Fuenlabrada;Girona;0;1;2;1;0,2881;0,4549;0,257
45211;2020-02-02;T19-20;SP1;Leganes;Sociedad;2;1;1;1;0,2794;0,3656;0,355
35110;2020-02-02;T19-20;I1;Atalanta;Genoa;2;2;0;1;0,1636;0,7704;0,066
35113;2020-02-02;T19-20;I1;Lecce;Torino;4;0;1;1;0,2806;0,3792;0,3402
5992;2020-02-02;T19-20;D1;FC Koln;Freiburg;4;0;1;1;0,2845;0,4568;0,2587
35114;2020-02-02;T19-20;I1;Udinese;Inter;0;2;2;2;0,2199;0,2346;0,5454
16018;2020-02-02;T19-20;E0;Burnley;Arsenal;0;0;0;2;0,2678;0,3144;0,4178
16019;2020-02-02;T19-20;E0;Tottenham;Man City;2;0;1;2;0,2117;0,1967;0,5916
26613;2020-02-02;T19-20;F1;Nice;Lyon;2;1;1;2;0,2628;0,3368;0,4005
5993;2020-02-02;T19-20;D1;Paderborn;Wolfsburg;2;4;2;2;0,274;0,3385;0,3875
26615;2020-02-02;T19-20;F1;Bordeaux;Marseille;0;0;0;2;0,2398;0,2846;0,4755
35109;2020-02-02;T19-20;I1;Juventus;Fiorentina;3;0;1;1;0,1838;0,7415;0,0747
35111;2020-02-02;T19-20;I1;Lazio;Spal;5;1;1;1;0,1607;0,773;0,0663
35112;2020-02-02;T19-20;I1;Milan;Verona;1;1;0;1;0,2195;0,6567;0,1238
26614;2020-02-02;T19-20;F1;Metz;St Etienne;3;1;1;2;0,2668;0,3167;0,4165
35115;2020-02-03;T19-20;I1;Sampdoria;Napoli;2;4;2;2;0,26;0,2929;0,4471
26616;2020-02-04;T19-20;F1;Lille;Rennes;1;0;1;1;0,2663;0,518;0,2157
26617;2020-02-04;T19-20;F1;Monaco;Angers;1;0;1;1;0,2601;0,5514;0,1885
26618;2020-02-04;T19-20;F1;Nantes;Paris SG;1;2;2;2;0,2223;0,2007;0,5771
35116;2020-02-05;T19-20;I1;Lazio;Verona;0;0;0;1;0,2091;0,699;0,0919
26625;2020-02-05;T19-20;F1;St Etienne;Marseille;0;2;2;1;0,2652;0,388;0,3468
26624;2020-02-05;T19-20;F1;Toulouse;Strasbourg;0;1;2;1;0,2913;0,3872;0,3215
26623;2020-02-05;T19-20;F1;Reims;Nice;1;1;0;1;0,2904;0,4386;0,271
26621;2020-02-05;T19-20;F1;Montpellier;Metz;1;1;0;1;0,2451;0,5844;0,1705
26620;2020-02-05;T19-20;F1;Lyon;Amiens;0;0;0;1;0,1613;0,756;0,0827
26619;2020-02-05;T19-20;F1;Brest;Bordeaux;1;1;0;1;0,2932;0,4599;0,2468
26622;2020-02-05;T19-20;F1;Nimes;Dijon;2;0;1;1;0,2629;0,5295;0,2075
5994;2020-02-07;T19-20;D1;Ein Frankfurt;Augsburg;5;0;1;1;0,2525;0,5531;0,1945
26626;2020-02-07;T19-20;F1;Angers;Lille;0;2;2;1;0,2736;0,4197;0,3067
35117;2020-02-07;T19-20;I1;Roma;Bologna;2;3;2;1;0,1684;0,7479;0,0837
45217;2020-02-07;T19-20;SP1;Alaves;Eibar;2;1;1;1;0,2961;0,3894;0,3145
57643;2020-02-07;T19-20;SP2;Almeria;Santander;0;1;2;1;0,2646;0,5741;0,1614
35119;2020-02-08;T19-20;I1;Torino;Sampdoria;1;3;2;1;0,2872;0,4639;0,2489
35120;2020-02-08;T19-20;I1;Verona;Juventus;2;1;1;2;0,2175;0,2215;0,561
45218;2020-02-08;T19-20;SP1;Levante;Leganes;2;0;1;1;0,2879;0,4773;0,2348
45219;2020-02-08;T19-20;SP1;Getafe;Valencia;3;0;1;1;0,2719;0,4414;0,2866
45220;2020-02-08;T19-20;SP1;Valladolid;Villarreal;1;1;0;2;0,2749;0,347;0,3781
57646;2020-02-08;T19-20;SP2;Las Palmas;Cadiz;1;2;2;2;0,2698;0,3535;0,3767
57644;2020-02-08;T19-20;SP2;Extremadura;Tenerife;2;4;2;1;0,2923;0,449;0,2587
57645;2020-02-08;T19-20;SP2;Girona;Huesca;1;0;1;1;0,2756;0,4824;0,242
35118;2020-02-08;T19-20;I1;Fiorentina;Atalanta;1;2;2;2;0,241;0,2741;0,4849
57647;2020-02-08;T19-20;SP2;Zaragoza;Fuenlabrada;0;0;0;1;0,2622;0,5672;0,1706
45221;2020-02-08;T19-20;SP1;Ath Madrid;Granada;1;0;1;1;0,1924;0,6909;0,1167
26631;2020-02-08;T19-20;F1;Nice;Nimes;1;3;2;1;0,2597;0,557;0,1832
26632;2020-02-08;T19-20;F1;Rennes;Brest;0;0;0;1;0,2566;0,5803;0,1631
5995;2020-02-08;T19-20;D1;Freiburg;Hoffenheim;1;0;1;2;0,2626;0,3238;0,4137
26629;2020-02-08;T19-20;F1;Dijon;Nantes;3;3;0;1;0,2917;0,4342;0,274
26628;2020-02-08;T19-20;F1;Amiens;Monaco;1;2;2;2;0,2749;0,3206;0,4044
26627;2020-02-08;T19-20;F1;Marseille;Toulouse;1;0;1;1;0,1891;0,714;0,0969
16021;2020-02-08;T19-20;E0;Brighton;Watford;1;1;0;1;0,2792;0,4996;0,2212
16020;2020-02-08;T19-20;E0;Everton;Crystal Palace;3;1;1;1;0,2355;0,6084;0,156
6000;2020-02-08;T19-20;D1;Leverkusen;Dortmund;4;3;1;1;0,2423;0,4992;0,2585
5999;2020-02-08;T19-20;D1;Wolfsburg;Fortuna Dusseldorf;1;1;0;1;0,2314;0,6185;0,1501
5998;2020-02-08;T19-20;D1;Werder Bremen;Union Berlin;0;2;2;1;0,2777;0,4865;0,2358
5997;2020-02-08;T19-20;D1;Schalke 04;Paderborn;1;1;0;1;0,239;0,6154;0,1455
5996;2020-02-08;T19-20;D1;Hertha;Mainz;1;3;2;1;0,2923;0,4298;0,2779
26630;2020-02-08;T19-20;F1;Metz;Bordeaux;1;2;2;1;0,2964;0,3818;0,3218
45224;2020-02-09;T19-20;SP1;Osasuna;Real Madrid;1;4;2;2;0,227;0,243;0,53
45225;2020-02-09;T19-20;SP1;Celta;Sevilla;2;1;1;2;0,2657;0,3295;0,4048
45226;2020-02-09;T19-20;SP1;Betis;Barcelona;2;3;2;2;0,223;0,2249;0,5521
57648;2020-02-09;T19-20;SP2;Albacete;Ponferradina;1;1;0;1;0,2892;0,4469;0,2639
45223;2020-02-09;T19-20;SP1;Sociedad;Ath Bilbao;2;1;1;1;0,2857;0,4805;0,2338
57650;2020-02-09;T19-20;SP2;Sp Gijon;Mirandes;2;2;0;1;0,2816;0,4769;0,2415
57653;2020-02-09;T19-20;SP2;Malaga;Numancia;2;1;1;1;0,2884;0,4675;0,2441
57651;2020-02-09;T19-20;SP2;Lugo;Elche;2;2;0;1;0,2857;0,3685;0,3458
57652;2020-02-09;T19-20;SP2;Vallecano;Oviedo;1;1;0;1;0,2765;0,5163;0,2072
57649;2020-02-09;T19-20;SP2;Alcorcon;La Coruna;0;1;2;1;0,2927;0,4623;0,245
45222;2020-02-09;T19-20;SP1;Espanol;Mallorca;1;0;1;1;0,2482;0,5463;0,2055
26633;2020-02-09;T19-20;F1;Montpellier;St Etienne;1;0;1;1;0,2743;0,5034;0,2223
35125;2020-02-09;T19-20;I1;Parma;Lazio;0;1;2;2;0,2261;0,2418;0,5321
35124;2020-02-09;T19-20;I1;Napoli;Lecce;2;3;2;1;0,1681;0,7689;0,063
35123;2020-02-09;T19-20;I1;Genoa;Cagliari;1;0;1;1;0,2796;0,4714;0,249
35122;2020-02-09;T19-20;I1;Brescia;Udinese;1;1;0;1;0,2943;0,4036;0,302
35121;2020-02-09;T19-20;I1;Spal;Sassuolo;1;2;2;1;0,291;0,408;0,3009
26635;2020-02-09;T19-20;F1;Paris SG;Lyon;4;2;1;1;0,1918;0,7061;0,1021
26634;2020-02-09;T19-20;F1;Strasbourg;Reims;3;0;1;1;0,2929;0,4474;0,2596
16022;2020-02-09;T19-20;E0;Sheffield United;Bournemouth;2;1;1;1;0,2527;0,581;0,1663
6001;2020-02-09;T19-20;D1;Bayern Munich;RB Leipzig;0;0;0;1;0,1495;0,7894;0,0611
35126;2020-02-09;T19-20;I1;Inter;Milan;4;2;1;1;0,2255;0,6422;0,1324
57654;2020-02-14;T19-20;SP2;La Coruna;Girona;2;2;0;1;0,2888;0,4178;0,2933
26636;2020-02-14;T19-20;F1;Monaco;Montpellier;1;0;1;1;0,2696;0,5141;0,2163
45227;2020-02-14;T19-20;SP1;Valencia;Ath Madrid;2;2;0;2;0,2601;0,3422;0,3978
6002;2020-02-14;T19-20;D1;Dortmund;Ein Frankfurt;4;0;1;1;0,2186;0,642;0,1393
16023;2020-02-14;T19-20;E0;Wolves;Leicester;0;0;0;1;0,265;0,4021;0,3329
35127;2020-02-15;T19-20;I1;Lecce;Spal;2;1;1;1;0,2542;0,5499;0,1958
57658;2020-02-15;T19-20;SP2;Elche;Zaragoza;1;2;2;1;0,2827;0,4265;0,2908
57657;2020-02-15;T19-20;SP2;Oviedo;Alcorcon;1;2;2;1;0,2951;0,4502;0,2548
57656;2020-02-15;T19-20;SP2;Numancia;Las Palmas;1;1;0;1;0,292;0,4615;0,2466
57655;2020-02-15;T19-20;SP2;Huesca;Almeria;3;2;1;1;0,273;0,5053;0,2217
45231;2020-02-15;T19-20;SP1;Granada;Valladolid;2;1;1;1;0,2946;0,3692;0,3361
45230;2020-02-15;T19-20;SP1;Villarreal;Levante;2;1;1;1;0,2596;0,5444;0,1959
45229;2020-02-15;T19-20;SP1;Barcelona;Getafe;2;1;1;1;0,1859;0,7274;0,0867
45228;2020-02-15;T19-20;SP1;Mallorca;Alaves;1;0;1;1;0,2941;0,4171;0,2889
35129;2020-02-15;T19-20;I1;Atalanta;Roma;2;1;1;1;0,2115;0,6423;0,1463
35128;2020-02-15;T19-20;I1;Bologna;Genoa;0;3;2;1;0,2452;0,5945;0,1603
26641;2020-02-15;T19-20;F1;Toulouse;Nice;0;2;2;2;0,2808;0,3295;0,3897
6004;2020-02-15;T19-20;D1;Hoffenheim;Wolfsburg;2;3;2;1;0,262;0,5186;0,2194
26639;2020-02-15;T19-20;F1;Nantes;Metz;0;0;0;1;0,2628;0,5467;0,1905
26640;2020-02-15;T19-20;F1;Nimes;Angers;1;0;1;1;0,2811;0,4849;0,234
6005;2020-02-15;T19-20;D1;Paderborn;Hertha;1;2;2;1;0,2861;0,4617;0,2522
6006;2020-02-15;T19-20;D1;RB Leipzig;Werder Bremen;3;0;1;1;0,1874;0,7237;0,0889
6007;2020-02-15;T19-20;D1;Union Berlin;Leverkusen;2;3;2;2;0,2317;0,249;0,5193
6003;2020-02-15;T19-20;D1;Augsburg;Freiburg;1;1;0;1;0,2903;0,4362;0,2735
16024;2020-02-15;T19-20;E0;Southampton;Burnley;1;2;2;1;0,2648;0,5374;0,1978
16025;2020-02-15;T19-20;E0;Norwich;Liverpool;0;1;2;2;0,183;0,1475;0,6695
26637;2020-02-15;T19-20;F1;Amiens;Paris SG;4;4;0;2;0,1973;0,1731;0,6296
26638;2020-02-15;T19-20;F1;Bordeaux;Dijon;2;2;0;1;0,2774;0,5216;0,201
6008;2020-02-15;T19-20;D1;Fortuna Dusseldorf;M'gladbach;1;4;2;2;0,2541;0,2953;0,4505
35135;2020-02-16;T19-20;I1;Lazio;Inter;2;1;1;1;0,2501;0,4925;0,2574
57664;2020-02-16;T19-20;SP2;Tenerife;Vallecano;0;0;0;1;0,2896;0,4329;0,2775
57663;2020-02-16;T19-20;SP2;Santander;Sp Gijon;0;2;2;1;0,289;0,3589;0,3522
57662;2020-02-16;T19-20;SP2;Ponferradina;Extremadura;0;0;0;1;0,2841;0,4985;0,2175
57661;2020-02-16;T19-20;SP2;Cadiz;Malaga;0;1;2;1;0,2661;0,5647;0,1692
57660;2020-02-16;T19-20;SP2;Mirandes;Albacete;1;1;0;1;0,2906;0,4794;0,23
57659;2020-02-16;T19-20;SP2;Fuenlabrada;Lugo;0;1;2;1;0,2809;0,515;0,2041
45235;2020-02-16;T19-20;SP1;Real Madrid;Celta;2;2;0;1;0,1579;0,7777;0,0645
45233;2020-02-16;T19-20;SP1;Leganes;Betis;0;0;0;1;0,2874;0,4393;0,2733
45232;2020-02-16;T19-20;SP1;Sevilla;Espanol;2;2;0;1;0,2327;0,6181;0,1492
35134;2020-02-16;T19-20;I1;Cagliari;Napoli;0;1;2;2;0,2572;0,2896;0,4531
45234;2020-02-16;T19-20;SP1;Ath Bilbao;Osasuna;0;1;2;1;0,2842;0,4744;0,2414
35132;2020-02-16;T19-20;I1;Sampdoria;Fiorentina;1;5;2;1;0,2851;0,4665;0,2484
6009;2020-02-16;T19-20;D1;FC Koln;Bayern Munich;1;4;2;2;0,2006;0,1808;0,6186
6010;2020-02-16;T19-20;D1;Mainz;Schalke 04;0;0;0;1;0,2895;0,3934;0,317
16026;2020-02-16;T19-20;E0;Aston Villa;Tottenham;2;3;2;2;0,2672;0,3056;0,4272
26642;2020-02-16;T19-20;F1;Lyon;Strasbourg;1;1;0;1;0,238;0,6044;0,1576
26643;2020-02-16;T19-20;F1;Brest;St Etienne;3;2;1;1;0,2883;0,433;0,2787
16027;2020-02-16;T19-20;E0;Arsenal;Newcastle;4;0;1;1;0,2584;0,5527;0,1889
26645;2020-02-16;T19-20;F1;Lille;Marseille;1;2;2;1;0,2629;0,446;0,2911
35130;2020-02-16;T19-20;I1;Udinese;Verona;0;0;0;1;0,2859;0,4636;0,2505
35131;2020-02-16;T19-20;I1;Juventus;Brescia;2;0;1;1;0,2007;0,7183;0,081
26644;2020-02-16;T19-20;F1;Reims;Rennes;1;0;1;1;0,2854;0,4366;0,278
35133;2020-02-16;T19-20;I1;Sassuolo;Parma;0;1;2;1;0,2575;0,5585;0,184
35136;2020-02-17;T19-20;I1;Milan;Torino;1;0;1;1;0,2518;0,5601;0,1881
57665;2020-02-19;T19-20;SP2;Mirandes;Zaragoza;1;1;0;1;0,2815;0,3927;0,3258
57666;2020-02-21;T19-20;SP2;Sp Gijon;Cadiz;1;0;1;1;0,2794;0,4637;0,2569
35137;2020-02-21;T19-20;I1;Brescia;Napoli;1;2;2;2;0,2377;0,2428;0,5195
45236;2020-02-21;T19-20;SP1;Betis;Mallorca;3;3;0;1;0,2827;0,4868;0,2305
26647;2020-02-21;T19-20;F1;Metz;Lyon;0;2;2;2;0,2498;0,2736;0,4766
6011;2020-02-21;T19-20;D1;Bayern Munich;Paderborn;3;2;1;1;0,158;0,7953;0,0466
26646;2020-02-21;T19-20;F1;Nice;Brest;2;2;0;1;0,2673;0,5335;0,1991
26652;2020-02-22;T19-20;F1;Strasbourg;Amiens;0;0;0;1;0,2534;0,5679;0,1788
57671;2020-02-22;T19-20;SP2;Albacete;Numancia;2;1;1;1;0,294;0,4463;0,2597
57670;2020-02-22;T19-20;SP2;Tenerife;Elche;1;0;1;1;0,2806;0,4864;0,233
57669;2020-02-22;T19-20;SP2;Girona;Ponferradina;2;0;1;1;0,2609;0,5586;0,1805
57668;2020-02-22;T19-20;SP2;Almeria;Fuenlabrada;0;0;0;1;0,2772;0,5317;0,1911
45240;2020-02-22;T19-20;SP1;Levante;Real Madrid;1;0;1;2;0,2209;0,2267;0,5524
45239;2020-02-22;T19-20;SP1;Sociedad;Valencia;3;0;1;1;0,2729;0,4764;0,2507
45238;2020-02-22;T19-20;SP1;Barcelona;Eibar;5;0;1;1;0,1074;0,8575;0,0352
45237;2020-02-22;T19-20;SP1;Celta;Leganes;1;0;1;1;0,2729;0,5018;0,2253
35140;2020-02-22;T19-20;I1;Fiorentina;Milan;1;1;0;1;0,2786;0,434;0,2874
35139;2020-02-22;T19-20;I1;Spal;Juventus;1;2;2;2;0,1984;0,1842;0,6173
35138;2020-02-22;T19-20;I1;Bologna;Udinese;1;1;0;1;0,2469;0,5915;0,1615
26651;2020-02-22;T19-20;F1;Lille;Toulouse;3;0;1;1;0,2154;0,6583;0,1263
57667;2020-02-22;T19-20;SP2;Alcorcon;Las Palmas;1;1;0;1;0,2873;0,4834;0,2294
26649;2020-02-22;T19-20;F1;Angers;Montpellier;1;0;1;1;0,2874;0,417;0,2956
6012;2020-02-22;T19-20;D1;Freiburg;Fortuna Dusseldorf;0;2;2;1;0,2524;0,5785;0,169
6013;2020-02-22;T19-20;D1;Hertha;FC Koln;0;5;2;1;0,2871;0,4627;0,2502
6014;2020-02-22;T19-20;D1;M'gladbach;Hoffenheim;1;1;0;1;0,2466;0,5553;0,1981
6015;2020-02-22;T19-20;D1;Werder Bremen;Dortmund;0;2;2;2;0,2062;0,1991;0,5947
6016;2020-02-22;T19-20;D1;Schalke 04;RB Leipzig;0;5;2;2;0,2387;0,2694;0,4919
16030;2020-02-22;T19-20;E0;Chelsea;Tottenham;2;1;1;1;0,2705;0,5013;0,2281
26650;2020-02-22;T19-20;F1;Dijon;Monaco;1;1;0;2;0,2844;0,3574;0,3582
16032;2020-02-22;T19-20;E0;Crystal Palace;Newcastle;1;0;1;1;0,2864;0,4727;0,2409
16033;2020-02-22;T19-20;E0;Sheffield United;Brighton;1;1;0;1;0,2553;0,574;0,1707
16034;2020-02-22;T19-20;E0;Southampton;Aston Villa;2;0;1;1;0,2722;0,5132;0,2146
16035;2020-02-22;T19-20;E0;Leicester;Man City;0;1;2;2;0,2308;0,2415;0,5277
26648;2020-02-22;T19-20;F1;Marseille;Nantes;1;3;2;1;0,2646;0,5645;0,1709
16031;2020-02-22;T19-20;E0;Burnley;Bournemouth;3;0;1;1;0,2896;0,4744;0,236
57676;2020-02-23;T19-20;SP2;Vallecano;Huesca;2;0;1;1;0,2767;0,4739;0,2495
57675;2020-02-23;T19-20;SP2;Malaga;Santander;2;0;1;1;0,2463;0,5711;0,1826
57674;2020-02-23;T19-20;SP2;Extremadura;Mirandes;3;2;1;1;0,2837;0,4647;0,2517
57673;2020-02-23;T19-20;SP2;Zaragoza;La Coruna;3;1;1;1;0,2608;0,5749;0,1643
57672;2020-02-23;T19-20;SP2;Lugo;Oviedo;1;0;1;1;0,2971;0,4075;0,2954
45245;2020-02-23;T19-20;SP1;Ath Madrid;Villarreal;3;1;1;1;0,2498;0,5584;0,1919
45244;2020-02-23;T19-20;SP1;Getafe;Sevilla;0;3;2;1;0,2749;0,4678;0,2573
45243;2020-02-23;T19-20;SP1;Valladolid;Espanol;2;1;1;1;0,2935;0,439;0,2675
45242;2020-02-23;T19-20;SP1;Alaves;Ath Bilbao;2;1;1;1;0,2905;0,3727;0,3368
45241;2020-02-23;T19-20;SP1;Osasuna;Granada;0;3;2;1;0,2837;0,479;0,2373
35141;2020-02-23;T19-20;I1;Genoa;Lazio;2;3;2;2;0,2193;0,2303;0,5504
26655;2020-02-23;T19-20;F1;Paris SG;Bordeaux;4;3;1;1;0,1191;0,8418;0,0391
26654;2020-02-23;T19-20;F1;Rennes;Nimes;2;1;1;1;0,2826;0,507;0,2104
26653;2020-02-23;T19-20;F1;St Etienne;Reims;1;1;0;1;0,2838;0,4787;0,2376
16037;2020-02-23;T19-20;E0;Wolves;Norwich;3;0;1;1;0,2396;0,6011;0,1593
16036;2020-02-23;T19-20;E0;Man United;Watford;3;0;1;1;0,192;0,6984;0,1096
6018;2020-02-23;T19-20;D1;Wolfsburg;Mainz;4;0;1;1;0,2543;0,5633;0,1824
6017;2020-02-23;T19-20;D1;Leverkusen;Augsburg;2;0;1;1;0,1938;0,7117;0,0945
35142;2020-02-23;T19-20;I1;Roma;Lecce;4;0;1;1;0,1805;0,732;0,0876
16038;2020-02-23;T19-20;E0;Arsenal;Everton;3;2;1;1;0,267;0,5019;0,2312
6019;2020-02-24;T19-20;D1;Ein Frankfurt;Union Berlin;1;2;2;1;0,272;0,515;0,213
16039;2020-02-24;T19-20;E0;Liverpool;West Ham;3;2;1;1;0,0752;0,8944;0,0304
45246;2020-02-28;T19-20;SP1;Sociedad;Valladolid;1;0;1;1;0,2366;0,5998;0,1636
57677;2020-02-28;T19-20;SP2;Las Palmas;Malaga;1;1;0;1;0,2945;0,4262;0,2793
26656;2020-02-28;T19-20;F1;Nimes;Marseille;2;3;2;2;0,2593;0,3402;0,4005
6020;2020-02-28;T19-20;D1;Fortuna Dusseldorf;Hertha;3;3;0;1;0,2902;0,4445;0,2653
16040;2020-02-28;T19-20;E0;Norwich;Leicester;1;0;1;2;0,2296;0,2463;0,5241
57682;2020-02-29;T19-20;SP2;Santander;Zaragoza;2;2;0;2;0,2613;0,3074;0,4313
57681;2020-02-29;T19-20;SP2;Albacete;Vallecano;1;1;0;1;0,2913;0,4016;0,3071
57680;2020-02-29;T19-20;SP2;Cadiz;Almeria;2;1;1;1;0,2657;0,5497;0,1846
57679;2020-02-29;T19-20;SP2;Ponferradina;Sp Gijon;1;0;1;1;0,2853;0,3618;0,3529
57678;2020-02-29;T19-20;SP2;Huesca;Extremadura;2;2;0;1;0,2474;0,6009;0,1517
45250;2020-02-29;T19-20;SP1;Granada;Celta;0;0;0;1;0,2944;0,4544;0,2512
45249;2020-02-29;T19-20;SP1;Leganes;Alaves;1;1;0;1;0,2923;0,4349;0,2727
45248;2020-02-29;T19-20;SP1;Valencia;Betis;2;1;1;1;0,2828;0,4986;0,2186
45247;2020-02-29;T19-20;SP1;Eibar;Levante;3;0;1;1;0,2851;0,446;0,269
35144;2020-02-29;T19-20;I1;Napoli;Torino;2;1;1;1;0,2078;0,6775;0,1147
26662;2020-02-29;T19-20;F1;Toulouse;Rennes;0;2;2;2;0,2683;0,3171;0,4146
26661;2020-02-29;T19-20;F1;Montpellier;Strasbourg;3;0;1;1;0,2818;0,4906;0,2275
26660;2020-02-29;T19-20;F1;Monaco;Reims;1;1;0;1;0,27;0,5384;0,1915
35143;2020-02-29;T19-20;I1;Lazio;Bologna;2;0;1;1;0,2176;0,6678;0,1145
26658;2020-02-29;T19-20;F1;Amiens;Metz;0;1;2;1;0,29;0,4542;0,2558
6021;2020-02-29;T19-20;D1;Augsburg;M'gladbach;2;3;2;2;0,2459;0,2765;0,4775
26659;2020-02-29;T19-20;F1;Brest;Angers;0;1;2;1;0,2947;0,4508;0,2544
6023;2020-02-29;T19-20;D1;Hoffenheim;Bayern Munich;0;6;2;2;0,2143;0,1978;0,5879
6024;2020-02-29;T19-20;D1;Mainz;Paderborn;2;0;1;1;0,2458;0,5819;0,1722
6025;2020-02-29;T19-20;D1;FC Koln;Schalke 04;3;0;1;1;0,2758;0,4943;0,2298
6022;2020-02-29;T19-20;D1;Dortmund;Freiburg;1;0;1;1;0,1851;0,7322;0,0827
16042;2020-02-29;T19-20;E0;Bournemouth;Chelsea;2;2;0;2;0,2423;0,264;0,4938
16043;2020-02-29;T19-20;E0;Newcastle;Burnley;0;0;0;1;0,2955;0,4088;0,2958
16044;2020-02-29;T19-20;E0;West Ham;Southampton;3;1;1;1;0,293;0,3882;0,3188
16045;2020-02-29;T19-20;E0;Watford;Liverpool;3;0;1;2;0,1891;0,1569;0,654
26657;2020-02-29;T19-20;F1;Paris SG;Dijon;4;0;1;1;0,1266;0,8263;0,0471
16041;2020-02-29;T19-20;E0;Brighton;Crystal Palace;0;1;2;1;0,2912;0,4062;0,3025
45253;2020-03-01;T19-20;SP1;Espanol;Ath Madrid;1;1;0;2;0,2449;0,2821;0,473
57686;2020-03-01;T19-20;SP2;Fuenlabrada;Alcorcon;3;4;2;1;0,2955;0,4597;0,2448
57685;2020-03-01;T19-20;SP2;La Coruna;Lugo;0;0;0;1;0,2859;0,4889;0,2253
57684;2020-03-01;T19-20;SP2;Elche;Numancia;2;0;1;1;0,2954;0,4306;0,274
57683;2020-03-01;T19-20;SP2;Mirandes;Girona;1;1;0;2;0,2778;0,3601;0,3622
45255;2020-03-01;T19-20;SP1;Real Madrid;Barcelona;2;0;1;1;0,2522;0,4686;0,2793
45254;2020-03-01;T19-20;SP1;Mallorca;Getafe;0;1;2;1;0,2833;0,411;0,3057
57687;2020-03-01;T19-20;SP2;Oviedo;Tenerife;1;0;1;1;0,295;0,3973;0,3078
45252;2020-03-01;T19-20;SP1;Ath Bilbao;Villarreal;1;0;1;1;0,2795;0,4248;0,2957
26665;2020-03-01;T19-20;F1;Lyon;St Etienne;2;0;1;1;0,2335;0,6166;0,1499
35146;2020-03-01;T19-20;I1;Cagliari;Roma;3;4;2;2;0,2383;0,2567;0,505
6026;2020-03-01;T19-20;D1;Union Berlin;Wolfsburg;2;2;0;1;0,2817;0,3847;0,3336
6027;2020-03-01;T19-20;D1;RB Leipzig;Leverkusen;1;1;0;1;0,2307;0,5797;0,1896
16046;2020-03-01;T19-20;E0;Everton;Man United;1;1;0;1;0,2769;0,4483;0,2748
45251;2020-03-01;T19-20;SP1;Sevilla;Osasuna;3;2;1;1;0,2249;0,6492;0,126
26663;2020-03-01;T19-20;F1;Nantes;Lille;0;1;2;1;0,2712;0,4069;0,3219
26664;2020-03-01;T19-20;F1;Bordeaux;Nice;1;1;0;1;0,2909;0,4267;0,2824
35145;2020-03-01;T19-20;I1;Lecce;Atalanta;2;7;2;2;0,2048;0,1976;0,5975
16047;2020-03-01;T19-20;E0;Tottenham;Wolves;2;3;2;1;0,2585;0,5488;0,1927
6028;2020-03-06;T19-20;D1;Paderborn;FC Koln;1;2;2;2;0,2828;0,3521;0,3651
45256;2020-03-06;T19-20;SP1;Alaves;Valencia;1;1;0;2;0,2736;0,3539;0,3725
57688;2020-03-06;T19-20;SP2;Lugo;Cadiz;1;1;0;2;0,268;0,3161;0,416
45257;2020-03-07;T19-20;SP1;Eibar;Mallorca;1;2;2;1;0,2486;0,556;0,1954
45258;2020-03-07;T19-20;SP1;Ath Madrid;Sevilla;2;2;0;1;0,2573;0,5167;0,226
45259;2020-03-07;T19-20;SP1;Barcelona;Sociedad;1;0;1;1;0,191;0,7197;0,0893
45260;2020-03-07;T19-20;SP1;Getafe;Celta;0;0;0;1;0,2723;0,5434;0,1843
57692;2020-03-07;T19-20;SP2;Numancia;Santander;1;2;2;1;0,2872;0,4951;0,2177
57690;2020-03-07;T19-20;SP2;Girona;Albacete;1;1;0;1;0,2432;0,6006;0,1562
16054;2020-03-07;T19-20;E0;Burnley;Tottenham;1;1;0;2;0,2696;0,319;0,4114
57693;2020-03-07;T19-20;SP2;Almeria;La Coruna;4;0;1;1;0,2853;0,5073;0,2073
57689;2020-03-07;T19-20;SP2;Extremadura;Oviedo;1;2;2;1;0,2876;0,4746;0,2378
16053;2020-03-07;T19-20;E0;Wolves;Brighton;0;0;0;1;0,2447;0,5909;0,1644
57691;2020-03-07;T19-20;SP2;Huesca;Fuenlabrada;2;0;1;1;0,2329;0,6171;0,1501
16051;2020-03-07;T19-20;E0;Sheffield United;Norwich;1;0;1;1;0,2273;0,6309;0,1418
16050;2020-03-07;T19-20;E0;Crystal Palace;Watford;1;0;1;1;0,2901;0,4755;0,2344
16049;2020-03-07;T19-20;E0;Arsenal;West Ham;1;0;1;1;0,2406;0,6005;0,159
16048;2020-03-07;T19-20;E0;Liverpool;Bournemouth;2;1;1;1;0,0882;0,8747;0,0372
6034;2020-03-07;T19-20;D1;M'gladbach;Dortmund;1;2;2;2;0,2581;0,3595;0,3824
6033;2020-03-07;T19-20;D1;Wolfsburg;RB Leipzig;0;0;0;2;0,2484;0,3001;0,4515
6032;2020-03-07;T19-20;D1;Schalke 04;Hoffenheim;1;1;0;1;0,2751;0,4054;0,3195
6031;2020-03-07;T19-20;D1;Leverkusen;Ein Frankfurt;4;0;1;1;0,2141;0,6594;0,1265
16052;2020-03-07;T19-20;E0;Southampton;Newcastle;0;1;2;1;0,2557;0,5516;0,1928
6030;2020-03-07;T19-20;D1;Hertha;Werder Bremen;2;2;0;1;0,288;0,4476;0,2643
6029;2020-03-07;T19-20;D1;Freiburg;Union Berlin;3;1;1;1;0,2832;0,4876;0,2293
45265;2020-03-08;T19-20;SP1;Betis;Real Madrid;2;1;1;2;0,2202;0,2294;0,5503
57694;2020-03-08;T19-20;SP2;Vallecano;Elche;2;3;2;1;0,2535;0,5676;0,179
57698;2020-03-08;T19-20;SP2;Tenerife;Ponferradina;1;0;1;1;0,2924;0,4482;0,2594
57696;2020-03-08;T19-20;SP2;Alcorcon;Mirandes;1;2;2;1;0,2681;0,533;0,1989
57697;2020-03-08;T19-20;SP2;Sp Gijon;Las Palmas;4;0;1;1;0,2831;0,4956;0,2213
57695;2020-03-08;T19-20;SP2;Malaga;Zaragoza;0;1;2;1;0,2732;0,4739;0,2529
45263;2020-03-08;T19-20;SP1;Levante;Granada;1;1;0;1;0,2857;0,4629;0,2513
45264;2020-03-08;T19-20;SP1;Villarreal;Leganes;1;2;2;1;0,2494;0,572;0,1787
45261;2020-03-08;T19-20;SP1;Osasuna;Espanol;1;0;1;1;0,289;0,4703;0,2407
45262;2020-03-08;T19-20;SP1;Valladolid;Ath Bilbao;1;4;2;1;0,2913;0,3792;0,3295
6036;2020-03-08;T19-20;D1;Mainz;Fortuna Dusseldorf;1;1;0;1;0,2687;0,5185;0,2128
16055;2020-03-08;T19-20;E0;Chelsea;Everton;4;0;1;1;0,2195;0,6471;0,1334
6035;2020-03-08;T19-20;D1;Bayern Munich;Augsburg;2;0;1;1;0,1848;0,7277;0,0876
35148;2020-03-08;T19-20;I1;Milan;Genoa;1;2;2;1;0,2533;0,5804;0,1663
16056;2020-03-08;T19-20;E0;Man United;Man City;2;0;1;2;0,2303;0,2369;0,5329
35150;2020-03-08;T19-20;I1;Udinese;Fiorentina;0;0;0;1;0,2951;0,4063;0,2986
45266;2020-03-10;T19-20;SP1;Eibar;Sociedad;1;2;2;1;0,2817;0,4035;0,3148
6037;2020-03-11;T19-20;D1;M'gladbach;FC Koln;2;1;1;1;0,2357;0,6146;0,1497
6058;2020-05-26;T19-20;D1;Leverkusen;Wolfsburg;1;4;2;1;0,2044;0,6835;0,1121
6059;2020-05-26;T19-20;D1;Werder Bremen;M'gladbach;0;0;0;2;0,2284;0,2434;0,5282
6057;2020-05-26;T19-20;D1;Ein Frankfurt;Freiburg;3;3;0;1;0,2789;0,4756;0,2455
6056;2020-05-26;T19-20;D1;Dortmund;Bayern Munich;0;1;2;2;0,2426;0,2581;0,4993
6060;2020-05-27;T19-20;D1;RB Leipzig;Hertha;2;2;0;1;0,1804;0,7392;0,0804
6061;2020-05-27;T19-20;D1;Augsburg;Paderborn;0;0;0;1;0,2792;0,5059;0,2149
6062;2020-05-27;T19-20;D1;Fortuna Dusseldorf;Schalke 04;2;1;1;1;0,2929;0,413;0,2942
6063;2020-05-27;T19-20;D1;Hoffenheim;FC Koln;3;1;1;1;0,2643;0,5199;0,2159
6064;2020-05-27;T19-20;D1;Union Berlin;Mainz;1;1;0;1;0,2931;0,4455;0,2614
6065;2020-05-29;T19-20;D1;Freiburg;Leverkusen;0;1;2;2;0,235;0,2573;0,5076
6069;2020-05-30;T19-20;D1;Wolfsburg;Ein Frankfurt;1;2;2;1;0,2528;0,5526;0,1946
6070;2020-05-30;T19-20;D1;Bayern Munich;Fortuna Dusseldorf;5;0;1;1;0,181;0,7454;0,0735
6067;2020-05-30;T19-20;D1;Mainz;Hoffenheim;0;1;2;2;0,2781;0,3554;0,3666
6066;2020-05-30;T19-20;D1;Hertha;Augsburg;2;0;1;1;0,2673;0,5227;0,21
6068;2020-05-30;T19-20;D1;Schalke 04;Werder Bremen;0;1;2;1;0,2888;0,4789;0,2322
6071;2020-05-31;T19-20;D1;M'gladbach;Union Berlin;4;1;1;1;0,211;0,6825;0,1065
6072;2020-05-31;T19-20;D1;Paderborn;Dortmund;1;6;2;2;0,1987;0,1842;0,6171
6073;2020-06-01;T19-20;D1;FC Koln;RB Leipzig;2;4;2;2;0,2342;0,2531;0,5127
6074;2020-06-03;T19-20;D1;Werder Bremen;Ein Frankfurt;0;3;2;1;0,2817;0,4267;0,2915
6075;2020-06-05;T19-20;D1;Freiburg;M'gladbach;1;0;1;2;0,244;0,2839;0,4722
6076;2020-06-06;T19-20;D1;Ein Frankfurt;Mainz;0;2;2;1;0,2423;0,595;0,1628
6077;2020-06-06;T19-20;D1;Fortuna Dusseldorf;Hoffenheim;2;2;0;2;0,2635;0,3082;0,4283
6078;2020-06-06;T19-20;D1;Leverkusen;Bayern Munich;2;4;2;2;0,2331;0,2447;0,5222
6079;2020-06-06;T19-20;D1;RB Leipzig;Paderborn;1;1;0;1;0,1725;0,7609;0,0666
6080;2020-06-06;T19-20;D1;Dortmund;Hertha;1;0;1;1;0,2109;0,6782;0,1109
6082;2020-06-07;T19-20;D1;Union Berlin;Schalke 04;1;1;0;1;0,2947;0,4289;0,2764
6083;2020-06-07;T19-20;D1;Augsburg;FC Koln;1;1;0;1;0,2893;0,4025;0,3082
6081;2020-06-07;T19-20;D1;Werder Bremen;Wolfsburg;0;1;2;1;0,2771;0,363;0,3599
6084;2020-06-12;T19-20;D1;Hoffenheim;RB Leipzig;0;2;2;2;0,2355;0,2571;0,5074
6085;2020-06-13;T19-20;D1;FC Koln;Union Berlin;1;2;2;1;0,2739;0,5137;0,2124
6086;2020-06-13;T19-20;D1;Fortuna Dusseldorf;Dortmund;0;1;2;2;0,2022;0,1876;0,6102
6087;2020-06-13;T19-20;D1;Hertha;Ein Frankfurt;1;4;2;1;0,2852;0,4392;0,2755
6088;2020-06-13;T19-20;D1;Paderborn;Werder Bremen;1;5;2;1;0,2939;0,4101;0,296
6089;2020-06-13;T19-20;D1;Wolfsburg;Freiburg;2;2;0;1;0,2532;0,5686;0,1782
6090;2020-06-13;T19-20;D1;Bayern Munich;M'gladbach;2;1;1;1;0,1508;0,7902;0,059
6091;2020-06-14;T19-20;D1;Mainz;Augsburg;0;1;2;1;0,2816;0,4752;0,2432
6092;2020-06-14;T19-20;D1;Schalke 04;Leverkusen;1;1;0;2;0,2299;0,2495;0,5205
6093;2020-06-16;T19-20;D1;M'gladbach;Wolfsburg;3;0;1;1;0,2484;0,5698;0,1817
6094;2020-06-16;T19-20;D1;Freiburg;Hertha;2;1;1;1;0,2694;0,526;0,2045
6095;2020-06-16;T19-20;D1;Union Berlin;Paderborn;1;0;1;1;0,2636;0,5471;0,1893
6096;2020-06-16;T19-20;D1;Werder Bremen;Bayern Munich;0;1;2;2;0,1974;0,1619;0,6407
6101;2020-06-17;T19-20;D1;RB Leipzig;Fortuna Dusseldorf;2;2;0;1;0,1673;0,7607;0,0719
6099;2020-06-17;T19-20;D1;Dortmund;Mainz;0;2;2;1;0,2227;0,6602;0,1171
6100;2020-06-17;T19-20;D1;Leverkusen;FC Koln;3;1;1;1;0,2016;0,6924;0,106
6097;2020-06-17;T19-20;D1;Ein Frankfurt;Schalke 04;2;1;1;1;0,2592;0,5535;0,1873
6098;2020-06-17;T19-20;D1;Augsburg;Hoffenheim;1;3;2;1;0,2826;0,3783;0,3391
57726;2020-06-20;T19-20;SP2;Malaga;Extremadura;1;1;0;1;0,2926;0,468;0,2394
6110;2020-06-20;T19-20;D1;Schalke 04;Wolfsburg;1;4;2;1;0,2823;0,3765;0,3411
6109;2020-06-20;T19-20;D1;RB Leipzig;Dortmund;0;2;2;1;0,2297;0,5629;0,2073
6107;2020-06-20;T19-20;D1;Mainz;Werder Bremen;3;1;1;1;0,2871;0,4692;0,2437
6108;2020-06-20;T19-20;D1;Paderborn;M'gladbach;1;3;2;2;0,223;0,2372;0,5398
6105;2020-06-20;T19-20;D1;Hertha;Leverkusen;2;0;1;2;0,2281;0,2448;0,5271
6104;2020-06-20;T19-20;D1;Fortuna Dusseldorf;Augsburg;1;1;0;1;0,2918;0,4208;0,2874
6103;2020-06-20;T19-20;D1;FC Koln;Ein Frankfurt;1;1;0;1;0,2837;0,3994;0,3169
6102;2020-06-20;T19-20;D1;Bayern Munich;Freiburg;3;1;1;1;0,1498;0,8053;0,045
6106;2020-06-20;T19-20;D1;Hoffenheim;Union Berlin;4;0;1;1;0,2518;0,5801;0,1682
57729;2020-06-21;T19-20;SP2;Albacete;Huesca;2;2;0;2;0,2692;0,3245;0,4063
57743;2020-06-25;T19-20;SP2;Oviedo;Fuenlabrada;0;0;0;1;0,2938;0,4467;0,2595
6117;2020-06-27;T19-20;D1;Union Berlin;Fortuna Dusseldorf;3;0;1;1;0,2885;0,471;0,2405
6118;2020-06-27;T19-20;D1;Werder Bremen;FC Koln;6;1;1;1;0,2814;0,4576;0,261
6119;2020-06-27;T19-20;D1;Wolfsburg;Bayern Munich;0;4;2;2;0,2148;0,1976;0,5876
6116;2020-06-27;T19-20;D1;M'gladbach;Hertha;2;1;1;1;0,217;0,6654;0,1176
6112;2020-06-27;T19-20;D1;Dortmund;Hoffenheim;0;4;2;1;0,246;0,5727;0,1813
6114;2020-06-27;T19-20;D1;Freiburg;Schalke 04;4;0;1;1;0,2707;0,5285;0,2008
6113;2020-06-27;T19-20;D1;Ein Frankfurt;Paderborn;3;2;1;1;0,26;0,5574;0,1826
6111;2020-06-27;T19-20;D1;Augsburg;RB Leipzig;1;2;2;2;0,2144;0,2161;0,5695
6115;2020-06-27;T19-20;D1;Leverkusen;Mainz;1;0;1;1;0,2157;0,6684;0,1159
45312;2020-06-28;T19-20;SP1;Levante;Betis;4;2;1;1;0,2936;0,4399;0,2665
57752;2020-06-28;T19-20;SP2;Fuenlabrada;Extremadura;1;1;0;1;0,2968;0,3979;0,3053
57761;2020-07-01;T19-20;SP2;Ponferradina;Fuenlabrada;0;3;2;1;0,2833;0,4948;0,2218
57764;2020-07-02;T19-20;SP2;Vallecano;Malaga;0;0;0;1;0,2841;0,5009;0,2149
45330;2020-07-04;T19-20;SP1;Granada;Valencia;2;2;0;1;0,2907;0,388;0,3213
57773;2020-07-05;T19-20;SP2;Malaga;Albacete;0;0;0;1;0,2868;0,4861;0,2271
57798;2020-07-13;T19-20;SP2;Elche;Albacete;2;0;1;1;0,2966;0,4367;0,2666
57801;2020-07-17;T19-20;SP2;Fuenlabrada;Elche;3;1;1;1;0,2904;0,4439;0,2657
45376;2020-07-19;T19-20;SP1;Sevilla;Valencia;1;0;1;1;0,2473;0,5967;0,1559
45374;2020-07-19;T19-20;SP1;Levante;Getafe;1;0;1;1;0,2923;0,4235;0,2842
57814;2020-07-20;T19-20;SP2;Elche;Oviedo;2;1;1;1;0,2946;0,4325;0,2729
16169;2020-09-26;T20-21;E0;Crystal Palace;Everton;1;2;2;1;0,1744;0,6126;0,213
57841;2020-09-26;T20-21;SP2;Malaga;Alcorcon;1;0;1;1;0,2812;0,5058;0,213
57843;2020-09-26;T20-21;SP2;Fuenlabrada;Albacete;1;0;1;1;0,227;0,6328;0,1402
16173;2020-09-27;T20-21;E0;Tottenham;Newcastle;1;1;0;1;0,2076;0,6617;0,1306
16175;2020-09-27;T20-21;E0;West Ham;Wolves;4;0;1;1;0,2767;0,4386;0,2847
45399;2020-09-27;T20-21;SP1;Valladolid;Celta;1;1;0;1;0,2993;0,4061;0,2946
57847;2020-09-27;T20-21;SP2;Ponferradina;Vallecano;3;0;1;1;0,2806;0,4015;0,318
57848;2020-09-27;T20-21;SP2;Tenerife;Mirandes;1;2;2;1;0,2783;0,5048;0,2168
16177;2020-09-28;T20-21;E0;Liverpool;Arsenal;3;1;1;1;0,0785;0,8806;0,041
45401;2020-09-29;T20-21;SP1;Sociedad;Valencia;0;1;2;1;0,2779;0,5028;0,2193
45402;2020-09-29;T20-21;SP1;Getafe;Betis;3;0;1;1;0,2856;0,488;0,2264
45404;2020-09-30;T20-21;SP1;Villarreal;Alaves;3;1;1;1;0,2149;0,6147;0,1704
45406;2020-09-30;T20-21;SP1;Real Madrid;Valladolid;1;0;1;1;0,1414;0,7892;0,0694
35297;2020-10-02;T20-21;I1;Fiorentina;Sampdoria;1;2;2;1;0,2574;0,5264;0,2162
57855;2020-10-03;T20-21;SP2;Vallecano;Malaga;4;0;1;1;0,276;0,5207;0,2034
57852;2020-10-03;T20-21;SP2;Albacete;Oviedo;1;1;0;1;0,3039;0,4024;0,2937
57851;2020-10-03;T20-21;SP2;Mirandes;Ponferradina;0;1;2;1;0,2916;0,4536;0,2548
45414;2020-10-03;T20-21;SP1;Valencia;Betis;0;2;2;1;0,2791;0,5115;0,2095
45413;2020-10-03;T20-21;SP1;Sociedad;Getafe;3;0;1;1;0,2808;0,4558;0,2633
16178;2020-10-03;T20-21;E0;Chelsea;Crystal Palace;4;0;1;1;0,1804;0,6975;0,1221
45410;2020-10-03;T20-21;SP1;Valladolid;Eibar;1;2;2;1;0,2919;0,4354;0,2726
35299;2020-10-03;T20-21;I1;Udinese;Roma;0;1;2;2;0,2543;0,2881;0,4577
16181;2020-10-03;T20-21;E0;Newcastle;Burnley;3;1;1;1;0,2763;0,4856;0,2381
16179;2020-10-03;T20-21;E0;Everton;Brighton;4;2;1;1;0,2095;0,6864;0,1041
45411;2020-10-03;T20-21;SP1;Ath Madrid;Villarreal;0;0;0;1;0,2285;0,6184;0,1531
45415;2020-10-04;T20-21;SP1;Osasuna;Celta;2;0;1;1;0,2889;0,4604;0,2507
45419;2020-10-04;T20-21;SP1;Barcelona;Sevilla;1;1;0;1;0,1696;0,7598;0,0706
45417;2020-10-04;T20-21;SP1;Levante;Real Madrid;0;2;2;2;0,2089;0,2058;0,5853
45416;2020-10-04;T20-21;SP1;Alaves;Ath Bilbao;1;0;1;2;0,2927;0,327;0,3802
35303;2020-10-04;T20-21;I1;Parma;Verona;1;0;1;1;0,2997;0,3905;0,3098
35300;2020-10-04;T20-21;I1;Atalanta;Cagliari;5;2;1;1;0,1397;0,8083;0,052
16187;2020-10-04;T20-21;E0;Aston Villa;Liverpool;7;2;1;2;0,2258;0,2326;0,5416
16186;2020-10-04;T20-21;E0;Man United;Tottenham;1;6;2;1;0,2663;0,5017;0,232
16184;2020-10-04;T20-21;E0;Arsenal;Sheffield United;2;1;1;1;0,1848;0,6872;0,128
16182;2020-10-04;T20-21;E0;Leicester;West Ham;0;3;2;1;0,1973;0,7098;0,0928
35302;2020-10-04;T20-21;I1;Lazio;Inter;1;1;0;2;0,2441;0,3232;0,4328
57864;2020-10-10;T20-21;SP2;Tenerife;Vallecano;1;0;1;1;0,2771;0,4096;0,3133
57871;2020-10-11;T20-21;SP2;Oviedo;Sp Gijon;1;0;1;1;0,2868;0,3647;0,3484
57868;2020-10-11;T20-21;SP2;Malaga;Las Palmas;0;0;0;1;0,2894;0,4621;0,2486
57869;2020-10-11;T20-21;SP2;Zaragoza;Albacete;1;0;1;1;0,2736;0,5028;0,2236
35307;2020-10-17;T20-21;I1;Sampdoria;Lazio;3;0;1;2;0,2466;0,3443;0,4091
45420;2020-10-17;T20-21;SP1;Granada;Sevilla;1;0;1;2;0,2497;0,3277;0,4226
16188;2020-10-17;T20-21;E0;Everton;Liverpool;2;2;0;2;0,2603;0,3456;0,394
45423;2020-10-17;T20-21;SP1;Getafe;Barcelona;1;0;1;2;0,2315;0,2488;0,5197
57875;2020-10-17;T20-21;SP2;Las Palmas;Almeria;2;0;1;1;0,2835;0,4586;0,258
35306;2020-10-17;T20-21;I1;Inter;Milan;1;2;2;1;0,2122;0,6393;0,1485
45421;2020-10-17;T20-21;SP1;Celta;Ath Madrid;0;2;2;2;0,2441;0,2794;0,4766
16191;2020-10-17;T20-21;E0;Newcastle;Man United;1;4;2;1;0,269;0,4164;0,3146
6151;2020-10-17;T20-21;D1;Mainz;Leverkusen;0;1;2;2;0,2276;0,2143;0,5581
16189;2020-10-17;T20-21;E0;Chelsea;Southampton;3;3;0;1;0,2103;0,6707;0,119
6153;2020-10-17;T20-21;D1;M'gladbach;Wolfsburg;1;1;0;1;0,2334;0,589;0,1776
6150;2020-10-17;T20-21;D1;Hoffenheim;Dortmund;0;1;2;1;0,2554;0,3725;0,3722
6148;2020-10-17;T20-21;D1;Freiburg;Werder Bremen;1;1;0;1;0,2858;0,459;0,2553
6147;2020-10-17;T20-21;D1;Augsburg;RB Leipzig;0;2;2;2;0,2342;0,2693;0,4965
16190;2020-10-17;T20-21;E0;Man City;Arsenal;1;0;1;1;0,1678;0,7614;0,0708
45426;2020-10-18;T20-21;SP1;Villarreal;Valencia;2;1;1;1;0,2857;0,4757;0,2386
57879;2020-10-18;T20-21;SP2;Zaragoza;Malaga;1;2;2;1;0,2896;0,457;0,2534
45425;2020-10-18;T20-21;SP1;Ath Bilbao;Levante;2;0;1;1;0,2815;0,4586;0,2599
57881;2020-10-18;T20-21;SP2;Sp Gijon;Tenerife;1;1;0;1;0,2903;0,5073;0,2024
57880;2020-10-18;T20-21;SP2;Girona;Oviedo;1;0;1;1;0,2642;0,512;0,2237
45424;2020-10-18;T20-21;SP1;Eibar;Osasuna;0;0;0;1;0,2815;0,4597;0,2588
45429;2020-10-18;T20-21;SP1;Betis;Sociedad;0;3;2;1;0,2772;0,5142;0,2085
35309;2020-10-18;T20-21;I1;Bologna;Sassuolo;3;4;2;1;0,252;0,4845;0,2635
16195;2020-10-18;T20-21;E0;Leicester;Aston Villa;0;1;2;1;0,2319;0,6384;0,1297
35312;2020-10-18;T20-21;I1;Udinese;Parma;3;2;1;1;0,2724;0,4848;0,2428
16194;2020-10-18;T20-21;E0;Tottenham;West Ham;3;3;0;1;0,2136;0,6655;0,1209
16193;2020-10-18;T20-21;E0;Crystal Palace;Brighton;1;1;0;1;0,2897;0,472;0,2383
6154;2020-10-18;T20-21;D1;FC Koln;Ein Frankfurt;1;1;0;2;0,2828;0,2911;0,4262
57884;2020-10-21;T20-21;SP2;Lugo;Girona;3;0;1;1;0,2852;0,3621;0,3527
57885;2020-10-21;T20-21;SP2;Ponferradina;Tenerife;1;0;1;1;0,2865;0,4921;0,2213
57891;2020-10-22;T20-21;SP2;Oviedo;Vallecano;0;0;0;2;0,2715;0,3225;0,406
57889;2020-10-22;T20-21;SP2;Malaga;Sp Gijon;1;0;1;1;0,2898;0,4675;0,2427
35315;2020-10-23;T20-21;I1;Sassuolo;Torino;3;3;0;1;0,2159;0,668;0,1161
35317;2020-10-24;T20-21;I1;Genoa;Inter;0;2;2;2;0,2058;0,1985;0,5957
57894;2020-10-24;T20-21;SP2;Almeria;Fuenlabrada;3;0;1;1;0,2869;0,4481;0,265
45434;2020-10-24;T20-21;SP1;Ath Madrid;Betis;2;0;1;1;0,2143;0,6713;0,1144
45433;2020-10-24;T20-21;SP1;Sevilla;Eibar;0;1;2;1;0,2567;0,5707;0,1726
45432;2020-10-24;T20-21;SP1;Osasuna;Ath Bilbao;1;0;1;1;0,2952;0,3805;0,3243
45431;2020-10-24;T20-21;SP1;Barcelona;Real Madrid;1;3;2;1;0,242;0,4883;0,2697
35318;2020-10-24;T20-21;I1;Lazio;Bologna;2;1;1;1;0,2389;0,57;0,1911
35316;2020-10-24;T20-21;I1;Atalanta;Sampdoria;1;3;2;1;0,2175;0,6528;0,1297
6161;2020-10-24;T20-21;D1;Dortmund;Schalke 04;3;0;1;1;0,1386;0,801;0,0603
16201;2020-10-24;T20-21;E0;Man United;Chelsea;0;0;0;1;0,2336;0,5687;0,1977
16199;2020-10-24;T20-21;E0;West Ham;Man City;1;1;0;2;0,2201;0,2204;0,5595
6160;2020-10-24;T20-21;D1;Union Berlin;Freiburg;1;1;0;1;0,2753;0,4771;0,2477
6159;2020-10-24;T20-21;D1;RB Leipzig;Hertha;2;1;1;1;0,1967;0,7106;0,0927
6158;2020-10-24;T20-21;D1;Mainz;M'gladbach;2;3;2;2;0,2259;0,2179;0,5562
6157;2020-10-24;T20-21;D1;Bayern Munich;Ein Frankfurt;5;0;1;1;0,1757;0,7268;0,0975
16202;2020-10-24;T20-21;E0;Liverpool;Sheffield United;2;1;1;1;0,1706;0,7664;0,063
45435;2020-10-25;T20-21;SP1;Valladolid;Alaves;0;2;2;1;0,272;0,4699;0,2581
57899;2020-10-25;T20-21;SP2;Albacete;Vallecano;2;1;1;1;0,2814;0,3669;0,3517
57896;2020-10-25;T20-21;SP2;Sp Gijon;Ponferradina;2;1;1;1;0,2808;0,516;0,2032
57900;2020-10-25;T20-21;SP2;Malaga;Mirandes;1;1;0;1;0,2737;0,5308;0,1956
35323;2020-10-25;T20-21;I1;Juventus;Verona;1;1;0;1;0,1832;0,7218;0,0949
45437;2020-10-25;T20-21;SP1;Getafe;Granada;0;1;2;1;0,2708;0,5353;0,1939
16205;2020-10-25;T20-21;E0;Arsenal;Leicester;0;1;2;1;0,2709;0,4885;0,2406
16204;2020-10-25;T20-21;E0;Wolves;Newcastle;1;1;0;1;0,2544;0,5837;0,1619
16203;2020-10-25;T20-21;E0;Southampton;Everton;2;0;1;1;0,268;0,5021;0,2298
6163;2020-10-25;T20-21;D1;Werder Bremen;Hoffenheim;1;1;0;1;0,2737;0,3784;0,3479
35322;2020-10-25;T20-21;I1;Fiorentina;Udinese;3;2;1;1;0,2435;0,5883;0,1682
6164;2020-10-26;T20-21;D1;Leverkusen;Augsburg;3;1;1;1;0,2305;0,6191;0,1503
16207;2020-10-26;T20-21;E0;Burnley;Tottenham;0;1;2;2;0,2497;0,2481;0,5022
35324;2020-10-26;T20-21;I1;Milan;Roma;3;3;0;1;0,2644;0,5094;0,2261
45439;2020-10-26;T20-21;SP1;Levante;Celta;1;1;0;1;0,288;0,4556;0,2564
57904;2020-10-28;T20-21;SP2;Albacete;Las Palmas;1;1;0;1;0,2872;0,4467;0,2662
57913;2020-10-29;T20-21;SP2;Vallecano;Fuenlabrada;2;0;1;1;0,2552;0,5607;0,1841
57911;2020-10-29;T20-21;SP2;Tenerife;Lugo;1;1;0;1;0,2815;0,4732;0,2453
57908;2020-10-29;T20-21;SP2;Alcorcon;Sp Gijon;1;2;2;1;0,2896;0,3703;0,3401
57910;2020-10-29;T20-21;SP2;Mirandes;Zaragoza;1;0;1;1;0,2863;0,4449;0,2687
16208;2020-10-30;T20-21;E0;Wolves;Crystal Palace;2;0;1;1;0,2808;0,5133;0,2059
35327;2020-10-31;T20-21;I1;Bologna;Cagliari;3;2;1;1;0,2567;0,5344;0,2089
45444;2020-10-31;T20-21;SP1;Alaves;Barcelona;1;1;0;2;0,2083;0,2042;0,5875
45443;2020-10-31;T20-21;SP1;Osasuna;Ath Madrid;1;3;2;2;0,2373;0,2796;0,4832
57915;2020-10-31;T20-21;SP2;Las Palmas;Oviedo;1;2;2;1;0,2836;0,495;0,2214
45442;2020-10-31;T20-21;SP1;Ath Bilbao;Sevilla;2;1;1;1;0,2724;0,4171;0,3105
35326;2020-10-31;T20-21;I1;Inter;Parma;2;2;0;1;0,1626;0,7659;0,0715
6169;2020-10-31;T20-21;D1;FC Koln;Bayern Munich;1;2;2;2;0,1736;0,1274;0,699
16210;2020-10-31;T20-21;E0;Burnley;Chelsea;0;3;2;2;0,243;0,2496;0,5074
16209;2020-10-31;T20-21;E0;Sheffield United;Man City;0;1;2;2;0,1941;0,1701;0,6358
6170;2020-10-31;T20-21;D1;M'gladbach;RB Leipzig;1;0;1;2;0,2478;0,3443;0,408
6168;2020-10-31;T20-21;D1;Ein Frankfurt;Werder Bremen;1;1;0;1;0,254;0,5725;0,1735
6166;2020-10-31;T20-21;D1;Augsburg;Mainz;3;1;1;1;0,2901;0,4638;0,2462
16211;2020-10-31;T20-21;E0;Liverpool;West Ham;2;1;1;1;0,1419;0,8116;0,0465
35332;2020-11-01;T20-21;I1;Roma;Fiorentina;2;0;1;1;0,2004;0,6889;0,1107
57921;2020-11-01;T20-21;SP2;Almeria;Girona;0;0;0;1;0,2883;0,4412;0,2705
57920;2020-11-01;T20-21;SP2;Lugo;Vallecano;1;0;1;2;0,2775;0,3515;0,371
45448;2020-11-01;T20-21;SP1;Valencia;Getafe;2;2;0;1;0,2856;0,4534;0,261
45447;2020-11-01;T20-21;SP1;Granada;Levante;1;1;0;1;0,2823;0,5073;0,2103
45446;2020-11-01;T20-21;SP1;Celta;Sociedad;1;4;2;1;0,2807;0,3731;0,3462
35333;2020-11-01;T20-21;I1;Sampdoria;Genoa;1;1;0;1;0,247;0,594;0,1589
35331;2020-11-01;T20-21;I1;Napoli;Sassuolo;0;2;2;1;0,1445;0,786;0,0695
57918;2020-11-01;T20-21;SP2;Fuenlabrada;Tenerife;1;1;0;1;0,2935;0,4521;0,2544
35328;2020-11-01;T20-21;I1;Udinese;Milan;1;2;2;2;0,2436;0,2939;0,4624
6171;2020-11-01;T20-21;D1;Freiburg;Leverkusen;2;4;2;2;0,2355;0,2677;0,4968
6172;2020-11-01;T20-21;D1;Hertha;Wolfsburg;1;1;0;1;0,2844;0,3963;0,3193
16212;2020-11-01;T20-21;E0;Aston Villa;Southampton;3;4;2;1;0,2866;0,4544;0,259
35330;2020-11-01;T20-21;I1;Torino;Lazio;3;4;2;2;0,2459;0,3282;0,4259
16214;2020-11-01;T20-21;E0;Man United;Arsenal;0;1;2;1;0,236;0,5995;0,1645
16215;2020-11-01;T20-21;E0;Tottenham;Brighton;2;1;1;1;0,199;0,6949;0,106
16213;2020-11-01;T20-21;E0;Newcastle;Everton;2;1;1;1;0,2855;0,4126;0,3019
6173;2020-11-02;T20-21;D1;Hoffenheim;Union Berlin;1;3;2;1;0,253;0,5632;0,1837
45449;2020-11-02;T20-21;SP1;Villarreal;Valladolid;2;0;1;1;0,2094;0,6528;0,1378
35335;2020-11-04;T20-21;I1;Genoa;Torino;1;2;2;1;0,2902;0,4213;0,2885
57925;2020-11-04;T20-21;SP2;Zaragoza;Girona;2;2;0;1;0,2883;0,4154;0,2963
57926;2020-11-05;T20-21;SP2;Alcorcon;Ponferradina;0;1;2;1;0,2869;0,457;0,2561
6174;2020-11-06;T20-21;D1;Werder Bremen;FC Koln;1;1;0;1;0,2642;0,5402;0,1956
16218;2020-11-06;T20-21;E0;Brighton;Burnley;0;0;0;1;0,2778;0,4745;0,2478
16219;2020-11-06;T20-21;E0;Southampton;Newcastle;2;0;1;1;0,2632;0,5508;0,186
35336;2020-11-06;T20-21;I1;Sassuolo;Udinese;0;0;0;1;0,2204;0,6667;0,1129
45452;2020-11-07;T20-21;SP1;Barcelona;Betis;5;2;1;1;0,1904;0,706;0,1035
6180;2020-11-07;T20-21;D1;Dortmund;Bayern Munich;2;3;2;2;0,2587;0,3319;0,4094
57930;2020-11-07;T20-21;SP2;Mirandes;Sp Gijon;1;0;1;1;0,2918;0,3953;0,3129
35339;2020-11-07;T20-21;I1;Parma;Fiorentina;0;0;0;1;0,2862;0,4302;0,2836
45453;2020-11-07;T20-21;SP1;Sevilla;Osasuna;1;0;1;1;0,2426;0,5814;0,176
35337;2020-11-07;T20-21;I1;Cagliari;Sampdoria;2;0;1;1;0,2806;0,4329;0,2865
6175;2020-11-07;T20-21;D1;Augsburg;Hertha;0;3;2;1;0,277;0,5219;0,2012
16220;2020-11-07;T20-21;E0;Everton;Man United;1;3;2;2;0,2593;0,3306;0,4101
6177;2020-11-07;T20-21;D1;RB Leipzig;Freiburg;3;0;1;1;0,1888;0,7234;0,0878
6176;2020-11-07;T20-21;D1;Mainz;Schalke 04;2;2;0;1;0,2813;0,4727;0,2461
16222;2020-11-07;T20-21;E0;Chelsea;Sheffield United;4;1;1;1;0,1742;0,7463;0,0795
45457;2020-11-08;T20-21;SP1;Levante;Alaves;1;1;0;1;0,2674;0,4903;0,2423
45456;2020-11-08;T20-21;SP1;Sociedad;Granada;2;0;1;1;0,2327;0,6292;0,1381
45458;2020-11-08;T20-21;SP1;Valladolid;Ath Bilbao;2;1;1;2;0,287;0,3278;0,3852
45455;2020-11-08;T20-21;SP1;Getafe;Villarreal;1;3;2;1;0,2748;0,441;0,2842
57933;2020-11-08;T20-21;SP2;Alcorcon;Fuenlabrada;0;3;2;1;0,2877;0,4452;0,2671
57934;2020-11-08;T20-21;SP2;Vallecano;Almeria;0;1;2;1;0,2661;0,5279;0,206
57937;2020-11-08;T20-21;SP2;Tenerife;Zaragoza;1;0;1;1;0,2827;0,4621;0,2551
45459;2020-11-08;T20-21;SP1;Valencia;Real Madrid;4;1;1;2;0,2116;0,2116;0,5768
35345;2020-11-08;T20-21;I1;Milan;Verona;2;2;0;1;0,1755;0,747;0,0775
35342;2020-11-08;T20-21;I1;Genoa;Roma;1;3;2;2;0,2119;0,2111;0,577
35341;2020-11-08;T20-21;I1;Atalanta;Inter;1;1;0;1;0,262;0,4084;0,3296
35340;2020-11-08;T20-21;I1;Lazio;Juventus;1;1;0;2;0,2544;0,3144;0,4312
16227;2020-11-08;T20-21;E0;Arsenal;Aston Villa;0;3;2;1;0,2524;0,5725;0,1752
16226;2020-11-08;T20-21;E0;Man City;Liverpool;1;1;0;1;0,2185;0,5994;0,182
16225;2020-11-08;T20-21;E0;Leicester;Wolves;1;0;1;1;0,2625;0,5362;0,2013
6182;2020-11-08;T20-21;D1;Leverkusen;M'gladbach;4;3;1;1;0,2349;0,5815;0,1836
6181;2020-11-08;T20-21;D1;Wolfsburg;Hoffenheim;2;1;1;1;0,2771;0,4538;0,2691
35344;2020-11-08;T20-21;I1;Bologna;Napoli;0;1;2;2;0,2528;0,3086;0,4386
57938;2020-11-09;T20-21;SP2;Girona;Las Palmas;1;1;0;1;0,281;0,5026;0,2165
57939;2020-11-13;T20-21;SP2;Zaragoza;Oviedo;1;2;2;1;0,2873;0,443;0,2697
57941;2020-11-14;T20-21;SP2;Almeria;Mirandes;2;1;1;1;0,2607;0,559;0,1803
57943;2020-11-14;T20-21;SP2;Lugo;Albacete;1;0;1;1;0,2899;0,4818;0,2282
57945;2020-11-15;T20-21;SP2;Ponferradina;Malaga;1;1;0;1;0,2957;0,4155;0,2888
57948;2020-11-15;T20-21;SP2;Las Palmas;Tenerife;1;0;1;1;0,2904;0,4602;0,2494
57949;2020-11-16;T20-21;SP2;Sp Gijon;Vallecano;1;1;0;1;0,2727;0,5182;0,2091
57950;2020-11-20;T20-21;SP2;Alcorcon;Lugo;1;0;1;1;0,2919;0,4193;0,2887
16230;2020-11-21;T20-21;E0;Tottenham;Man City;2;0;1;2;0,2572;0,3485;0,3943
45463;2020-11-21;T20-21;SP1;Sevilla;Celta;4;2;1;1;0,2549;0,5696;0,1755
45462;2020-11-21;T20-21;SP1;Villarreal;Real Madrid;1;1;0;2;0,2475;0,3126;0,44
35348;2020-11-21;T20-21;I1;Juventus;Cagliari;2;0;1;1;0,1918;0,7104;0,0978
45464;2020-11-21;T20-21;SP1;Ath Madrid;Barcelona;1;0;1;1;0,2599;0,4442;0,2958
16229;2020-11-21;T20-21;E0;Aston Villa;Brighton;1;2;2;1;0,2679;0,5625;0,1696
6183;2020-11-21;T20-21;D1;Bayern Munich;Werder Bremen;1;1;0;1;0,1691;0,7589;0,0719
6189;2020-11-21;T20-21;D1;Hertha;Dortmund;2;5;2;2;0,2285;0,2485;0,523
6188;2020-11-21;T20-21;D1;Ein Frankfurt;RB Leipzig;1;1;0;2;0,2464;0,301;0,4527
6187;2020-11-21;T20-21;D1;Schalke 04;Wolfsburg;0;2;2;2;0,2777;0,346;0,3764
6186;2020-11-21;T20-21;D1;M'gladbach;Augsburg;1;1;0;1;0,2096;0,6747;0,1157
57955;2020-11-21;T20-21;SP2;Oviedo;Fuenlabrada;1;1;0;1;0,2904;0,4613;0,2483
16228;2020-11-21;T20-21;E0;Newcastle;Chelsea;0;2;2;2;0,2409;0,2574;0,5018
45465;2020-11-22;T20-21;SP1;Eibar;Getafe;0;0;0;1;0,2863;0,4561;0,2576
35355;2020-11-22;T20-21;I1;Napoli;Milan;1;3;2;1;0,2272;0,6055;0,1674
45468;2020-11-22;T20-21;SP1;Alaves;Valencia;2;2;0;2;0,2837;0,3488;0,3676
45467;2020-11-22;T20-21;SP1;Granada;Valladolid;1;3;2;1;0,2871;0,4856;0,2273
57959;2020-11-22;T20-21;SP2;Ponferradina;Zaragoza;2;1;1;1;0,2933;0,4342;0,2725
35352;2020-11-22;T20-21;I1;Sampdoria;Bologna;1;2;2;1;0,2806;0,4539;0,2655
35350;2020-11-22;T20-21;I1;Inter;Torino;4;2;1;1;0,1873;0,7191;0,0936
16235;2020-11-22;T20-21;E0;Liverpool;Leicester;3;0;1;1;0,1908;0,7116;0,0976
16233;2020-11-22;T20-21;E0;Sheffield United;West Ham;0;1;2;1;0,295;0,4068;0,2981
6190;2020-11-22;T20-21;D1;Freiburg;Mainz;1;3;2;1;0,2747;0,4921;0,2331
35351;2020-11-22;T20-21;I1;Roma;Parma;3;0;1;1;0,1477;0,7936;0,0586
57960;2020-11-23;T20-21;SP2;Albacete;Almeria;1;2;2;1;0,2798;0,4153;0,3049
57962;2020-11-24;T20-21;SP2;Girona;Malaga;0;1;2;1;0,2813;0,4968;0,2219
57963;2020-11-24;T20-21;SP2;Lugo;Oviedo;0;0;0;1;0,2494;0,5606;0,19
57964;2020-11-25;T20-21;SP2;Las Palmas;Mirandes;0;2;2;1;0,2881;0,4663;0,2456
57966;2020-11-25;T20-21;SP2;Zaragoza;Vallecano;1;2;2;1;0,2818;0,3944;0,3239
57968;2020-11-25;T20-21;SP2;Fuenlabrada;Ponferradina;1;1;0;1;0,2853;0,492;0,2227
57971;2020-11-26;T20-21;SP2;Almeria;Tenerife;2;0;1;1;0,2696;0,5557;0,1746
57972;2020-11-27;T20-21;SP2;Alcorcon;Girona;1;0;1;1;0,2882;0,3629;0,3489
45470;2020-11-27;T20-21;SP1;Valladolid;Levante;1;1;0;1;0,2924;0,4317;0,2759
57973;2020-11-27;T20-21;SP2;Malaga;Lugo;2;2;0;1;0,2893;0,47;0,2407
6192;2020-11-27;T20-21;D1;Wolfsburg;Werder Bremen;5;3;1;1;0,2165;0,6669;0,1166
16238;2020-11-27;T20-21;E0;Crystal Palace;Newcastle;0;2;2;1;0,2804;0,4933;0,2263
45474;2020-11-28;T20-21;SP1;Real Madrid;Alaves;1;2;2;1;0,1916;0,7244;0,084
45472;2020-11-28;T20-21;SP1;Valencia;Ath Madrid;0;1;2;2;0,2483;0,3094;0,4423
35358;2020-11-28;T20-21;I1;Atalanta;Verona;0;2;2;1;0,2174;0,6514;0,1312
16240;2020-11-28;T20-21;E0;Man City;Burnley;5;0;1;1;0,1492;0,7933;0,0575
35356;2020-11-28;T20-21;I1;Sassuolo;Inter;0;3;2;2;0,2551;0,3556;0,3893
6198;2020-11-28;T20-21;D1;M'gladbach;Schalke 04;4;1;1;1;0,1802;0,7098;0,11
6197;2020-11-28;T20-21;D1;Union Berlin;Ein Frankfurt;3;3;0;1;0,2676;0,5364;0,196
6194;2020-11-28;T20-21;D1;Dortmund;FC Koln;1;2;2;1;0,1591;0,7907;0,0502
6193;2020-11-28;T20-21;D1;Augsburg;Freiburg;1;1;0;1;0,2923;0,4447;0,263
16239;2020-11-28;T20-21;E0;Brighton;Liverpool;1;1;0;2;0,1981;0,1775;0,6244
57981;2020-11-29;T20-21;SP2;Las Palmas;Sp Gijon;3;2;1;1;0,29;0,4054;0,3045
57977;2020-11-29;T20-21;SP2;Albacete;Tenerife;0;2;2;1;0,293;0,4143;0,2927
45478;2020-11-29;T20-21;SP1;Sociedad;Villarreal;1;1;0;1;0,2746;0,5012;0,2242
45477;2020-11-29;T20-21;SP1;Celta;Granada;3;1;1;1;0,2645;0,5081;0,2273
45476;2020-11-29;T20-21;SP1;Getafe;Ath Bilbao;1;1;0;1;0,2964;0,3915;0,3122
35363;2020-11-29;T20-21;I1;Napoli;Roma;4;0;1;1;0,2354;0,5627;0,2019
45475;2020-11-29;T20-21;SP1;Barcelona;Osasuna;4;0;1;1;0,1782;0,7231;0,0987
35359;2020-11-29;T20-21;I1;Lazio;Udinese;1;3;2;1;0,2173;0,6611;0,1216
16245;2020-11-29;T20-21;E0;Arsenal;Wolves;1;2;2;1;0,2819;0,449;0,2691
16244;2020-11-29;T20-21;E0;Chelsea;Tottenham;0;0;0;1;0,2512;0,5224;0,2265
16243;2020-11-29;T20-21;E0;Southampton;Man United;2;3;2;2;0,2576;0,3526;0,3899
6200;2020-11-29;T20-21;D1;Mainz;Hoffenheim;1;1;0;1;0,2786;0,4032;0,3181
6199;2020-11-29;T20-21;D1;Leverkusen;Hertha;0;0;0;1;0,2159;0,6701;0,114
35361;2020-11-29;T20-21;I1;Milan;Fiorentina;2;0;1;1;0,1941;0,7135;0,0924
57982;2020-11-30;T20-21;SP2;Oviedo;Almeria;1;2;2;1;0,2833;0,4034;0,3134
45479;2020-11-30;T20-21;SP1;Betis;Eibar;0;2;2;1;0,2894;0,4755;0,2351
35364;2020-11-30;T20-21;I1;Torino;Sampdoria;2;2;0;1;0,2786;0,4381;0,2833
16247;2020-11-30;T20-21;E0;West Ham;Aston Villa;2;1;1;1;0,2885;0,4699;0,2416
35365;2020-11-30;T20-21;I1;Genoa;Parma;1;2;2;1;0,2849;0,4469;0,2682
57983;2020-12-01;T20-21;SP2;Fuenlabrada;Malaga;0;2;2;1;0,2803;0,5033;0,2164
57984;2020-12-01;T20-21;SP2;Girona;Mirandes;1;0;1;1;0,286;0,4631;0,251
57989;2020-12-02;T20-21;SP2;Lugo;Las Palmas;1;1;0;1;0,2953;0,4048;0,2998
57991;2020-12-03;T20-21;SP2;Oviedo;Alcorcon;1;1;0;1;0,2934;0,3774;0,3292
57993;2020-12-03;T20-21;SP2;Sp Gijon;Albacete;0;0;0;1;0,2357;0,6158;0,1484
45480;2020-12-04;T20-21;SP1;Ath Bilbao;Celta;0;2;2;1;0,2525;0,5782;0,1693
6201;2020-12-04;T20-21;D1;Hertha;Union Berlin;3;1;1;1;0,2822;0,4286;0,2892
45481;2020-12-05;T20-21;SP1;Levante;Getafe;3;0;1;1;0,289;0,4489;0,2621
6203;2020-12-05;T20-21;D1;Ein Frankfurt;Dortmund;1;1;0;2;0,2454;0,3024;0,4522
6204;2020-12-05;T20-21;D1;FC Koln;Wolfsburg;2;2;0;2;0,2626;0,3099;0,4275
6205;2020-12-05;T20-21;D1;Freiburg;M'gladbach;2;2;0;2;0,2569;0,3168;0,4263
6206;2020-12-05;T20-21;D1;Bayern Munich;RB Leipzig;3;3;0;1;0,1791;0,7267;0,0942
16248;2020-12-05;T20-21;E0;Burnley;Everton;1;1;0;2;0,2767;0,3285;0,3948
16250;2020-12-05;T20-21;E0;West Ham;Man United;1;3;2;2;0,2402;0,279;0,4808
35367;2020-12-05;T20-21;I1;Juventus;Torino;2;1;1;1;0,159;0,7815;0,0595
35368;2020-12-05;T20-21;I1;Inter;Bologna;3;1;1;1;0,1767;0,7359;0,0874
45482;2020-12-05;T20-21;SP1;Sevilla;Real Madrid;0;1;2;2;0,2546;0,3592;0,3862
45483;2020-12-05;T20-21;SP1;Ath Madrid;Valladolid;2;0;1;1;0,1616;0,7712;0,0672
57995;2020-12-05;T20-21;SP2;Ponferradina;Las Palmas;0;0;0;1;0,2915;0,4553;0,2532
57996;2020-12-05;T20-21;SP2;Mirandes;Lugo;0;0;0;1;0,2809;0,4991;0,22
45488;2020-12-06;T20-21;SP1;Alaves;Sociedad;0;0;0;2;0,2661;0,3259;0,408
57998;2020-12-06;T20-21;SP2;Alcorcon;Almeria;0;1;2;1;0,282;0,4046;0,3134
45486;2020-12-06;T20-21;SP1;Osasuna;Betis;0;2;2;1;0,295;0,4378;0,2672
58002;2020-12-06;T20-21;SP2;Zaragoza;Fuenlabrada;1;0;1;1;0,291;0,4297;0,2793
58000;2020-12-06;T20-21;SP2;Albacete;Girona;0;2;2;1;0,2878;0,3647;0,3475
35373;2020-12-06;T20-21;I1;Sampdoria;Milan;1;2;2;2;0,2354;0,2669;0,4978
16253;2020-12-06;T20-21;E0;Sheffield United;Leicester;1;2;2;1;0,2884;0,3583;0,3533
35369;2020-12-06;T20-21;I1;Verona;Cagliari;1;1;0;1;0,2633;0,5452;0,1915
16255;2020-12-06;T20-21;E0;Liverpool;Wolves;4;0;1;1;0,1645;0,7661;0,0694
16254;2020-12-06;T20-21;E0;Tottenham;Arsenal;2;0;1;1;0,2696;0,5254;0,205
35371;2020-12-06;T20-21;I1;Roma;Sassuolo;0;0;0;1;0,1972;0,6876;0,1152
6208;2020-12-06;T20-21;D1;Schalke 04;Leverkusen;0;3;2;2;0,2048;0,1995;0,5957
6209;2020-12-07;T20-21;D1;Hoffenheim;Augsburg;3;1;1;1;0,2355;0,5997;0,1647
16256;2020-12-07;T20-21;E0;Brighton;Southampton;1;2;2;1;0,2743;0,4001;0,3257
35374;2020-12-07;T20-21;I1;Fiorentina;Genoa;1;1;0;1;0,2523;0,5616;0,1861
45489;2020-12-07;T20-21;SP1;Eibar;Valencia;0;0;0;1;0,2863;0,4753;0,2384
58005;2020-12-09;T20-21;SP2;Almeria;Zaragoza;1;0;1;1;0,2621;0,5747;0,1633
58009;2020-12-11;T20-21;SP2;Oviedo;Tenerife;4;2;1;1;0,2936;0,4421;0,2643
58008;2020-12-11;T20-21;SP2;Lugo;Ponferradina;1;0;1;1;0,2938;0,4439;0,2623
26803;2020-12-11;T20-21;F1;St Etienne;Angers;0;0;0;1;0,2862;0,4144;0,2994
6210;2020-12-11;T20-21;D1;Wolfsburg;Ein Frankfurt;2;1;1;1;0,2373;0,6058;0,157
45490;2020-12-11;T20-21;SP1;Valladolid;Osasuna;3;2;1;1;0,2848;0,4687;0,2465
35378;2020-12-12;T20-21;I1;Lazio;Verona;1;2;2;1;0,2496;0,5679;0,1825
58012;2020-12-12;T20-21;SP2;Fuenlabrada;Mirandes;0;1;2;1;0,2882;0,4633;0,2485
58010;2020-12-12;T20-21;SP2;Leganes;Mallorca;0;1;2;1;0,2573;0,4124;0,3303
45494;2020-12-12;T20-21;SP1;Real Madrid;Ath Madrid;2;0;1;1;0,2348;0,57;0,1952
45493;2020-12-12;T20-21;SP1;Huesca;Alaves;1;0;1;1;0,2888;0,4366;0,2746
45492;2020-12-12;T20-21;SP1;Getafe;Sevilla;0;1;2;2;0,2667;0,3292;0,4041
45491;2020-12-12;T20-21;SP1;Valencia;Ath Bilbao;2;2;0;1;0,2944;0,4391;0,2666
35377;2020-12-12;T20-21;I1;Torino;Udinese;2;3;2;1;0,2834;0,4611;0,2555
58011;2020-12-12;T20-21;SP2;Castellon;Albacete;3;0;1;1;0,2916;0,4285;0,2799
16261;2020-12-12;T20-21;E0;Everton;Chelsea;1;0;1;2;0,2553;0,3116;0,4331
16260;2020-12-12;T20-21;E0;Man United;Man City;0;0;0;2;0,2583;0,3487;0,3929
16258;2020-12-12;T20-21;E0;Wolves;Aston Villa;0;1;2;1;0,2683;0,5262;0,2055
6216;2020-12-12;T20-21;D1;Union Berlin;Bayern Munich;1;1;0;2;0,2057;0,1713;0,6231
6215;2020-12-12;T20-21;D1;RB Leipzig;Werder Bremen;2;0;1;1;0,1642;0,7678;0,068
6214;2020-12-12;T20-21;D1;M'gladbach;Hertha;1;1;0;1;0,2373;0,6054;0,1573
6213;2020-12-12;T20-21;D1;Mainz;FC Koln;0;1;2;1;0,2765;0,4632;0,2603
26804;2020-12-12;T20-21;F1;Marseille;Monaco;2;1;1;1;0,2728;0,4996;0,2276
6211;2020-12-12;T20-21;D1;Dortmund;Stuttgart;1;5;2;1;0,1998;0,6949;0,1053
35382;2020-12-13;T20-21;I1;Napoli;Sampdoria;2;1;1;1;0,155;0,7824;0,0626
35383;2020-12-13;T20-21;I1;Genoa;Juventus;1;3;2;2;0,2002;0,1925;0,6073
35384;2020-12-13;T20-21;I1;Milan;Parma;2;2;0;1;0,1876;0,7405;0,0719
45495;2020-12-13;T20-21;SP1;Sociedad;Eibar;1;1;0;1;0,2638;0,5733;0,1629
45496;2020-12-13;T20-21;SP1;Betis;Villarreal;1;1;0;1;0,2715;0,4178;0,3107
58015;2020-12-13;T20-21;SP2;Las Palmas;Alcorcon;0;0;0;1;0,288;0,4751;0,2369
58013;2020-12-13;T20-21;SP2;Logrones;Espanol;0;3;2;2;0,217;0,2261;0,5569
58014;2020-12-13;T20-21;SP2;Almeria;Malaga;3;1;1;1;0,2671;0,5592;0,1737
35381;2020-12-13;T20-21;I1;Bologna;Roma;1;5;2;2;0,2586;0,3578;0,3836
58016;2020-12-13;T20-21;SP2;Cartagena;Sabadell;1;2;2;1;0,2791;0,4782;0,2427
58017;2020-12-13;T20-21;SP2;Sp Gijon;Zaragoza;1;0;1;1;0,2662;0,55;0,1839
45498;2020-12-13;T20-21;SP1;Barcelona;Levante;1;0;1;1;0,1571;0,7809;0,062
35380;2020-12-13;T20-21;I1;Atalanta;Fiorentina;3;0;1;1;0,2313;0,6187;0,15
26810;2020-12-13;T20-21;F1;Strasbourg;Metz;2;2;0;1;0,269;0,503;0,2281
26812;2020-12-13;T20-21;F1;Paris SG;Lyon;0;1;2;1;0,1981;0,6935;0,1084
6217;2020-12-13;T20-21;D1;Augsburg;Schalke 04;2;2;0;1;0,2936;0,4519;0,2545
6218;2020-12-13;T20-21;D1;Leverkusen;Hoffenheim;4;1;1;1;0,2322;0,6077;0,1601
16262;2020-12-13;T20-21;E0;Southampton;Sheffield United;3;0;1;1;0,2129;0,6487;0,1385
35379;2020-12-13;T20-21;I1;Cagliari;Inter;1;3;2;2;0,2146;0,2213;0,5641
16264;2020-12-13;T20-21;E0;Fulham;Liverpool;1;1;0;2;0,1884;0,1627;0,6489
16263;2020-12-13;T20-21;E0;Crystal Palace;Tottenham;1;1;0;2;0,2526;0,3077;0,4397
16266;2020-12-13;T20-21;E0;Leicester;Brighton;3;0;1;1;0,2313;0,6287;0,14
26806;2020-12-13;T20-21;F1;Nice;Rennes;0;1;2;1;0,2778;0,4304;0,2918
26807;2020-12-13;T20-21;F1;Brest;Reims;2;1;1;1;0,2902;0,4663;0,2435
26809;2020-12-13;T20-21;F1;Nantes;Dijon;1;1;0;1;0,2766;0,4805;0,2429
26811;2020-12-13;T20-21;F1;Lille;Bordeaux;2;1;1;1;0,2251;0,6445;0,1304
16265;2020-12-13;T20-21;E0;Arsenal;Burnley;0;1;2;1;0,238;0,5736;0,1884
58018;2020-12-14;T20-21;SP2;Girona;Vallecano;0;0;0;1;0,2772;0,4832;0,2395
16267;2020-12-15;T20-21;E0;Wolves;Chelsea;2;1;1;2;0,258;0,3193;0,4228
45500;2020-12-15;T20-21;SP1;Real Madrid;Ath Bilbao;3;1;1;1;0,1893;0,7129;0,0978
6222;2020-12-15;T20-21;D1;Werder Bremen;Dortmund;1;2;2;2;0,2193;0,2194;0,5613
6221;2020-12-15;T20-21;D1;Stuttgart;Union Berlin;2;2;0;1;0,2494;0,5732;0,1774
6220;2020-12-15;T20-21;D1;Hertha;Mainz;0;0;0;1;0,2715;0,5082;0,2203
6219;2020-12-15;T20-21;D1;Ein Frankfurt;M'gladbach;3;3;0;1;0,2675;0,3801;0,3524
45501;2020-12-16;T20-21;SP1;Barcelona;Sociedad;2;1;1;1;0,1476;0,7921;0,0604
35393;2020-12-16;T20-21;I1;Verona;Sampdoria;1;2;2;1;0,2684;0,5138;0,2178
35391;2020-12-16;T20-21;I1;Parma;Cagliari;0;0;0;1;0,2889;0,4506;0,2605
35390;2020-12-16;T20-21;I1;Inter;Napoli;1;0;1;1;0,2276;0,5938;0,1786
35389;2020-12-16;T20-21;I1;Genoa;Milan;2;2;0;2;0,2038;0,1875;0,6087
35388;2020-12-16;T20-21;I1;Fiorentina;Sassuolo;1;1;0;1;0,2574;0,4278;0,3148
35387;2020-12-16;T20-21;I1;Juventus;Atalanta;1;1;0;1;0,2255;0,5898;0,1847
26822;2020-12-16;T20-21;F1;Rennes;Marseille;2;1;1;1;0,2581;0,4482;0,2937
26819;2020-12-16;T20-21;F1;Lyon;Brest;2;2;0;1;0,2044;0,6903;0,1053
26818;2020-12-16;T20-21;F1;Bordeaux;St Etienne;1;2;2;1;0,2855;0,4896;0,2248
26817;2020-12-16;T20-21;F1;Reims;Nantes;3;2;1;1;0,2845;0,4707;0,2449
26816;2020-12-16;T20-21;F1;Nimes;Nice;0;2;2;2;0,2808;0,3436;0,3756
26814;2020-12-16;T20-21;F1;Dijon;Lille;0;2;2;2;0,2185;0,2251;0,5564
26813;2020-12-16;T20-21;F1;Angers;Strasbourg;0;2;2;1;0,2801;0,504;0,2159
16274;2020-12-16;T20-21;E0;West Ham;Crystal Palace;1;1;0;1;0,2895;0,4758;0,2347
16273;2020-12-16;T20-21;E0;Liverpool;Tottenham;2;1;1;1;0,2027;0,6853;0,1121
16272;2020-12-16;T20-21;E0;Fulham;Brighton;0;0;0;1;0,2937;0,4277;0,2786
16271;2020-12-16;T20-21;E0;Leicester;Everton;0;2;2;1;0,2613;0,545;0,1937
16269;2020-12-16;T20-21;E0;Arsenal;Southampton;1;1;0;1;0,2622;0,4366;0,3012
6227;2020-12-16;T20-21;D1;Hoffenheim;RB Leipzig;0;1;2;2;0,2499;0,3473;0,4029
6226;2020-12-16;T20-21;D1;FC Koln;Leverkusen;0;4;2;2;0,2099;0,2003;0,5897
6224;2020-12-16;T20-21;D1;Bayern Munich;Wolfsburg;2;1;1;1;0,1483;0,7959;0,0558
6223;2020-12-16;T20-21;D1;Schalke 04;Freiburg;0;2;2;1;0,2891;0,4111;0,2998
26815;2020-12-16;T20-21;F1;Montpellier;Metz;0;2;2;1;0,2601;0,5708;0,1691
35394;2020-12-17;T20-21;I1;Roma;Torino;3;1;1;1;0,1454;0,8078;0,0468
16275;2020-12-17;T20-21;E0;Aston Villa;Burnley;0;0;0;1;0,2785;0,5114;0,2101
16276;2020-12-17;T20-21;E0;Sheffield United;Man United;2;3;2;2;0,2121;0,2008;0,587
45502;2020-12-18;T20-21;SP1;Ath Bilbao;Huesca;2;0;1;1;0,261;0,5425;0,1965
58019;2020-12-18;T20-21;SP2;Ponferradina;Oviedo;1;0;1;1;0,2915;0,3989;0,3096
6228;2020-12-18;T20-21;D1;Union Berlin;Dortmund;2;1;1;2;0,2368;0,2644;0,4989
45505;2020-12-19;T20-21;SP1;Levante;Sociedad;2;1;1;1;0,281;0,4027;0,3163
58022;2020-12-19;T20-21;SP2;Zaragoza;Lugo;1;0;1;1;0,2815;0,4619;0,2565
58021;2020-12-19;T20-21;SP2;Mallorca;Fuenlabrada;2;3;2;1;0,2202;0,6441;0,1357
58020;2020-12-19;T20-21;SP2;Sabadell;Castellon;1;1;0;1;0,2902;0,4098;0,3
45507;2020-12-19;T20-21;SP1;Sevilla;Valladolid;1;1;0;1;0,2137;0,6559;0,1304
45506;2020-12-19;T20-21;SP1;Osasuna;Villarreal;1;3;2;2;0,2604;0,328;0,4116
45504;2020-12-19;T20-21;SP1;Barcelona;Valencia;2;2;0;1;0,1366;0,816;0,0474
35397;2020-12-19;T20-21;I1;Parma;Juventus;0;4;2;2;0,2099;0,2114;0,5787
26825;2020-12-19;T20-21;F1;Nice;Lyon;1;4;2;2;0,2437;0,2817;0,4746
35395;2020-12-19;T20-21;I1;Fiorentina;Verona;1;1;0;1;0,2676;0,4845;0,248
16280;2020-12-19;T20-21;E0;Newcastle;Fulham;1;1;0;1;0,2729;0,5143;0,2128
16279;2020-12-19;T20-21;E0;Everton;Arsenal;2;1;1;1;0,2788;0,4912;0,23
16278;2020-12-19;T20-21;E0;Southampton;Man City;0;1;2;2;0,2341;0,2599;0,506
16277;2020-12-19;T20-21;E0;Crystal Palace;Liverpool;0;7;2;2;0,2157;0,2058;0,5785
6234;2020-12-19;T20-21;D1;Leverkusen;Bayern Munich;1;2;2;2;0,2565;0,3132;0,4302
6232;2020-12-19;T20-21;D1;RB Leipzig;FC Koln;0;0;0;1;0,182;0,7377;0,0803
6231;2020-12-19;T20-21;D1;M'gladbach;Hoffenheim;1;2;2;1;0,2523;0,5389;0,2088
6230;2020-12-19;T20-21;D1;Mainz;Werder Bremen;0;1;2;1;0,2858;0,455;0,2592
6229;2020-12-19;T20-21;D1;Augsburg;Ein Frankfurt;0;2;2;1;0,2853;0,379;0,3357
26824;2020-12-19;T20-21;F1;Marseille;Reims;1;1;0;1;0,2732;0,5498;0,177
35404;2020-12-20;T20-21;I1;Lazio;Napoli;2;0;1;2;0,2557;0,3189;0,4253
35402;2020-12-20;T20-21;I1;Sassuolo;Milan;1;2;2;2;0,2507;0,3248;0,4246
35403;2020-12-20;T20-21;I1;Atalanta;Roma;4;1;1;1;0,2578;0,4227;0,3195
45508;2020-12-20;T20-21;SP1;Celta;Alaves;2;0;1;1;0,2674;0,5019;0,2306
35400;2020-12-20;T20-21;I1;Cagliari;Udinese;1;1;0;1;0,2908;0,4334;0,2759
45511;2020-12-20;T20-21;SP1;Eibar;Real Madrid;1;3;2;2;0,214;0,2168;0,5692
58023;2020-12-20;T20-21;SP2;Alcorcon;Cartagena;2;1;1;1;0,2836;0,4785;0,2379
58024;2020-12-20;T20-21;SP2;Espanol;Almeria;2;1;1;1;0,2217;0,652;0,1263
58025;2020-12-20;T20-21;SP2;Vallecano;Las Palmas;2;0;1;1;0,2643;0,5502;0,1855
58026;2020-12-20;T20-21;SP2;Malaga;Logrones;0;0;0;1;0,2195;0,5945;0,186
35398;2020-12-20;T20-21;I1;Torino;Bologna;1;1;0;1;0,2795;0,4261;0,2944
45509;2020-12-20;T20-21;SP1;Granada;Betis;2;0;1;1;0,2958;0,4312;0,273
26831;2020-12-20;T20-21;F1;Lorient;Rennes;0;3;2;2;0,2443;0,2771;0,4786
26830;2020-12-20;T20-21;F1;Strasbourg;Bordeaux;0;2;2;1;0,2901;0,4479;0,2619
26829;2020-12-20;T20-21;F1;St Etienne;Nimes;2;2;0;1;0,2609;0,54;0,1992
26828;2020-12-20;T20-21;F1;Nantes;Angers;1;1;0;1;0,2837;0,4555;0,2609
26827;2020-12-20;T20-21;F1;Dijon;Monaco;0;1;2;2;0,2677;0,3084;0,4239
26826;2020-12-20;T20-21;F1;Brest;Montpellier;2;2;0;1;0,2782;0,3822;0,3397
16282;2020-12-20;T20-21;E0;Tottenham;Leicester;0;2;2;1;0,2682;0,5108;0,2209
16281;2020-12-20;T20-21;E0;Brighton;Sheffield United;1;1;0;1;0,2696;0,4816;0,2488
6236;2020-12-20;T20-21;D1;Wolfsburg;Stuttgart;1;0;1;1;0,2363;0,5925;0,1712
6235;2020-12-20;T20-21;D1;Freiburg;Hertha;4;1;1;1;0,2805;0,4793;0,2401
26832;2020-12-20;T20-21;F1;Lille;Paris SG;0;0;0;2;0,2528;0,3129;0,4344
58028;2020-12-21;T20-21;SP2;Sp Gijon;Leganes;1;1;0;1;0,2754;0,51;0,2146
58027;2020-12-21;T20-21;SP2;Mirandes;Albacete;0;2;2;1;0,2462;0,5664;0,1874
58029;2020-12-21;T20-21;SP2;Tenerife;Girona;2;0;1;1;0,2909;0,4066;0,3024
16285;2020-12-21;T20-21;E0;Burnley;Wolves;2;1;1;1;0,2814;0,3619;0,3567
16286;2020-12-21;T20-21;E0;Chelsea;West Ham;3;0;1;1;0,2227;0,6426;0,1347
35406;2020-12-22;T20-21;I1;Juventus;Fiorentina;0;3;2;1;0,144;0,8078;0,0482
45513;2020-12-22;T20-21;SP1;Valencia;Sevilla;0;1;2;1;0,2764;0,4048;0,3189
45514;2020-12-22;T20-21;SP1;Huesca;Levante;1;1;0;1;0,2932;0,4058;0,301
45515;2020-12-22;T20-21;SP1;Sociedad;Ath Madrid;0;2;2;1;0,2582;0,4283;0,3135
45516;2020-12-22;T20-21;SP1;Valladolid;Barcelona;0;3;2;2;0,2164;0,206;0,5776
45517;2020-12-22;T20-21;SP1;Villarreal;Ath Bilbao;1;1;0;1;0,273;0,5465;0,1806
35408;2020-12-23;T20-21;I1;Bologna;Atalanta;2;2;0;2;0,2477;0,3348;0,4175
35409;2020-12-23;T20-21;I1;Milan;Lazio;3;2;1;1;0,2098;0,6604;0,1297
35410;2020-12-23;T20-21;I1;Napoli;Torino;1;1;0;1;0,1491;0,7903;0,0606
45520;2020-12-23;T20-21;SP1;Alaves;Eibar;2;1;1;1;0,2946;0,3704;0,3351
35412;2020-12-23;T20-21;I1;Sampdoria;Sassuolo;2;3;2;1;0,2696;0,4152;0,3152
45519;2020-12-23;T20-21;SP1;Real Madrid;Granada;2;0;1;1;0,1938;0,7131;0,0932
35407;2020-12-23;T20-21;I1;Verona;Inter;1;2;2;2;0,2322;0,2445;0,5232
35411;2020-12-23;T20-21;I1;Roma;Cagliari;3;2;1;1;0,1719;0,7525;0,0755
26842;2020-12-23;T20-21;F1;Paris SG;Strasbourg;4;0;1;1;0,1531;0,784;0,0629
45518;2020-12-23;T20-21;SP1;Getafe;Celta;1;1;0;1;0,2931;0,4436;0,2633
26840;2020-12-23;T20-21;F1;Monaco;St Etienne;2;2;0;1;0,2403;0,6083;0,1515
26833;2020-12-23;T20-21;F1;Bordeaux;Reims;1;3;2;1;0,2865;0,4803;0,2332
26834;2020-12-23;T20-21;F1;Lens;Brest;2;1;1;1;0,276;0,4965;0,2275
26835;2020-12-23;T20-21;F1;Nice;Lorient;2;2;0;1;0,1961;0,6781;0,1258
26841;2020-12-23;T20-21;F1;Montpellier;Lille;2;3;2;1;0,2588;0,3865;0,3546
26837;2020-12-23;T20-21;F1;Rennes;Metz;1;0;1;1;0,2359;0,6166;0,1475
26838;2020-12-23;T20-21;F1;Angers;Marseille;2;1;1;1;0,2668;0,4014;0,3318
26839;2020-12-23;T20-21;F1;Lyon;Nantes;3;0;1;1;0,156;0,7753;0,0686
26836;2020-12-23;T20-21;F1;Nimes;Dijon;1;3;2;1;0,2763;0,4654;0,2583
16292;2020-12-26;T20-21;E0;Sheffield United;Everton;0;1;2;2;0,2814;0,3177;0,4008
16290;2020-12-26;T20-21;E0;Arsenal;Chelsea;3;1;1;2;0,2576;0,3401;0,4022
16291;2020-12-26;T20-21;E0;Man City;Newcastle;2;0;1;1;0,1482;0,79;0,0618
16288;2020-12-26;T20-21;E0;Aston Villa;Crystal Palace;3;0;1;1;0,2534;0,5769;0,1697
16287;2020-12-26;T20-21;E0;Leicester;Man United;2;2;0;1;0,2574;0,3747;0,3679
16289;2020-12-26;T20-21;E0;Fulham;Southampton;0;0;0;2;0,2596;0,302;0,4385
16294;2020-12-27;T20-21;E0;West Ham;Brighton;2;2;0;1;0,293;0,4596;0,2473
16296;2020-12-27;T20-21;E0;Wolves;Tottenham;1;1;0;1;0,2749;0,3867;0,3384
16297;2020-12-28;T20-21;E0;Crystal Palace;Leicester;1;1;0;2;0,2721;0,3344;0,3935
16298;2020-12-28;T20-21;E0;Chelsea;Aston Villa;1;1;0;1;0,221;0,6448;0,1342
45525;2020-12-29;T20-21;SP1;Levante;Betis;4;3;1;1;0,2898;0,4596;0,2506
45524;2020-12-29;T20-21;SP1;Cadiz;Valladolid;0;0;0;1;0,2893;0,4579;0,2528
45523;2020-12-29;T20-21;SP1;Barcelona;Eibar;1;1;0;1;0,1772;0,753;0,0699
45522;2020-12-29;T20-21;SP1;Sevilla;Villarreal;2;0;1;1;0,2636;0,5084;0,228
16302;2020-12-29;T20-21;E0;West Brom;Leeds;0;5;2;2;0,2691;0,2895;0,4414
16301;2020-12-29;T20-21;E0;Southampton;West Ham;0;0;0;1;0,2776;0,502;0,2204
16300;2020-12-29;T20-21;E0;Burnley;Sheffield United;1;0;1;1;0,2688;0,4865;0,2448
16299;2020-12-29;T20-21;E0;Brighton;Arsenal;0;1;2;1;0,283;0,3887;0,3282
16303;2020-12-29;T20-21;E0;Man United;Wolves;1;0;1;1;0,2061;0,6848;0,1091
16304;2020-12-30;T20-21;E0;Newcastle;Liverpool;0;0;0;2;0,2142;0,1957;0,5901
45526;2020-12-30;T20-21;SP1;Granada;Valencia;2;1;1;1;0,2939;0,4294;0,2767
45527;2020-12-30;T20-21;SP1;Ath Madrid;Getafe;1;0;1;1;0,2233;0,6547;0,122
45528;2020-12-30;T20-21;SP1;Celta;Huesca;2;1;1;1;0,2774;0,5101;0,2125
45530;2020-12-31;T20-21;SP1;Ath Bilbao;Sociedad;0;1;2;1;0,2838;0,4434;0,2728
45531;2020-12-31;T20-21;SP1;Osasuna;Alaves;1;1;0;1;0,28;0,4665;0,2535
16306;2021-01-01;T20-21;E0;Man United;Aston Villa;2;1;1;1;0,196;0,709;0,095
16305;2021-01-01;T20-21;E0;Everton;West Ham;0;1;2;1;0,2713;0,5414;0,1874
58032;2021-01-02;T20-21;SP2;Logrones;Mirandes;2;1;1;2;0,2894;0,3518;0,3588
58033;2021-01-02;T20-21;SP2;Cartagena;Zaragoza;1;1;0;1;0,2928;0,3797;0,3275
58031;2021-01-02;T20-21;SP2;Vallecano;Alcorcon;2;1;1;1;0,2558;0,5725;0,1717
58030;2021-01-02;T20-21;SP2;Fuenlabrada;Leganes;0;0;0;1;0,2886;0,4043;0,3072
45535;2021-01-02;T20-21;SP1;Real Madrid;Celta;2;0;1;1;0,1968;0,7102;0,093
45534;2021-01-02;T20-21;SP1;Getafe;Valladolid;0;1;2;1;0,282;0,4781;0,24
45533;2021-01-02;T20-21;SP1;Betis;Sevilla;1;1;0;1;0,2722;0,3782;0,3496
45532;2021-01-02;T20-21;SP1;Villarreal;Levante;2;1;1;1;0,2691;0,5444;0,1866
16310;2021-01-02;T20-21;E0;West Brom;Arsenal;0;4;2;2;0,2604;0,2771;0,4625
6239;2021-01-02;T20-21;D1;FC Koln;Augsburg;0;1;2;1;0,2929;0,4366;0,2705
16308;2021-01-02;T20-21;E0;Crystal Palace;Sheffield United;2;0;1;1;0,2723;0,4872;0,2405
16307;2021-01-02;T20-21;E0;Tottenham;Leeds;3;0;1;1;0,2652;0,478;0,2568
6243;2021-01-02;T20-21;D1;Stuttgart;RB Leipzig;0;1;2;2;0,2285;0,2463;0,5252
6242;2021-01-02;T20-21;D1;Hertha;Schalke 04;3;0;1;1;0,26;0,5368;0,2032
6241;2021-01-02;T20-21;D1;Werder Bremen;Union Berlin;0;2;2;1;0,2864;0,4194;0,2942
6240;2021-01-02;T20-21;D1;Hoffenheim;Freiburg;1;3;2;1;0,2574;0,5313;0,2113
6238;2021-01-02;T20-21;D1;Ein Frankfurt;Leverkusen;2;1;1;2;0,2472;0,3119;0,4409
16309;2021-01-02;T20-21;E0;Brighton;Wolves;3;3;0;1;0,2856;0,4093;0,3051
58036;2021-01-03;T20-21;SP2;Albacete;Malaga;1;1;0;1;0,2878;0,3632;0,349
58035;2021-01-03;T20-21;SP2;Las Palmas;Espanol;1;0;1;2;0,2133;0,217;0,5696
58034;2021-01-03;T20-21;SP2;Castellon;Tenerife;0;1;2;1;0,2924;0,4182;0,2895
45540;2021-01-03;T20-21;SP1;Huesca;Barcelona;0;1;2;2;0,202;0,1958;0,6022
45539;2021-01-03;T20-21;SP1;Sociedad;Osasuna;1;1;0;1;0,223;0,6503;0,1266
45538;2021-01-03;T20-21;SP1;Eibar;Granada;2;0;1;1;0,2767;0,4634;0,2599
35424;2021-01-03;T20-21;I1;Juventus;Udinese;4;1;1;1;0,1613;0,7702;0,0685
35421;2021-01-03;T20-21;I1;Roma;Sampdoria;1;0;1;1;0,1696;0,7513;0,0791
45537;2021-01-03;T20-21;SP1;Alaves;Ath Madrid;1;2;2;2;0,2156;0,2237;0,5607
35419;2021-01-03;T20-21;I1;Genoa;Lazio;1;1;0;2;0,2343;0,2524;0,5133
35420;2021-01-03;T20-21;I1;Parma;Torino;0;3;2;1;0,2861;0,4508;0,2631
35418;2021-01-03;T20-21;I1;Fiorentina;Bologna;0;0;0;1;0,2638;0,4881;0,2482
35417;2021-01-03;T20-21;I1;Cagliari;Napoli;1;4;2;2;0,2178;0,2246;0,5576
35416;2021-01-03;T20-21;I1;Atalanta;Sassuolo;5;1;1;1;0,2253;0,6003;0,1744
16312;2021-01-03;T20-21;E0;Chelsea;Man City;1;3;2;2;0,2515;0,3081;0,4405
16311;2021-01-03;T20-21;E0;Newcastle;Leicester;1;2;2;2;0,2664;0,3146;0,419
6245;2021-01-03;T20-21;D1;Bayern Munich;Mainz;5;2;1;1;0,1678;0,7641;0,0681
45541;2021-01-04;T20-21;SP1;Valencia;Cadiz;1;1;0;1;0,2184;0,601;0,1805
16313;2021-01-04;T20-21;E0;Southampton;Liverpool;1;0;1;2;0,2314;0,2241;0,5446
35427;2021-01-06;T20-21;I1;Bologna;Udinese;2;2;0;1;0,263;0,5299;0,2071
35434;2021-01-06;T20-21;I1;Milan;Juventus;1;3;2;1;0,2556;0,5024;0,2419
35433;2021-01-06;T20-21;I1;Napoli;Spezia;1;2;2;1;0,199;0,7037;0,0974
35432;2021-01-06;T20-21;I1;Torino;Verona;1;1;0;1;0,2824;0,4451;0,2726
45542;2021-01-06;T20-21;SP1;Ath Bilbao;Barcelona;2;3;2;2;0,2231;0,2188;0,5581
35431;2021-01-06;T20-21;I1;Sassuolo;Genoa;2;1;1;1;0,2373;0,6175;0,1452
35430;2021-01-06;T20-21;I1;Sampdoria;Inter;2;1;1;2;0,2216;0,2266;0,5518
35429;2021-01-06;T20-21;I1;Lazio;Fiorentina;2;1;1;1;0,2523;0,5564;0,1913
35428;2021-01-06;T20-21;I1;Crotone;Roma;1;3;2;2;0,2062;0,191;0,6027
35426;2021-01-06;T20-21;I1;Atalanta;Parma;3;0;1;1;0,2002;0,6958;0,104
26846;2021-01-06;T20-21;F1;Nantes;Rennes;0;0;0;1;0,2692;0,3688;0,362
26852;2021-01-06;T20-21;F1;St Etienne;Paris SG;1;1;0;2;0,2097;0,192;0,5984
26851;2021-01-06;T20-21;F1;Reims;Dijon;0;0;0;1;0,2493;0,533;0,2177
26850;2021-01-06;T20-21;F1;Marseille;Montpellier;3;1;1;1;0,2715;0,5132;0,2153
26849;2021-01-06;T20-21;F1;Lyon;Lens;3;2;1;1;0,176;0,7463;0,0777
26848;2021-01-06;T20-21;F1;Lille;Angers;1;2;2;1;0,2166;0,6691;0,1143
26847;2021-01-06;T20-21;F1;Strasbourg;Nimes;5;0;1;1;0,2798;0,4836;0,2366
26845;2021-01-06;T20-21;F1;Metz;Bordeaux;0;0;0;1;0,2887;0,471;0,2403
26844;2021-01-06;T20-21;F1;Lorient;Monaco;2;5;2;1;0,2816;0,3699;0,3485
26843;2021-01-06;T20-21;F1;Brest;Nice;2;0;1;1;0,2838;0,4705;0,2457
35425;2021-01-06;T20-21;I1;Cagliari;Benevento;1;2;2;1;0,2859;0,4534;0,2607
58041;2021-01-08;T20-21;SP2;Zaragoza;Logrones;2;0;1;1;0,2442;0,5269;0,229
45543;2021-01-08;T20-21;SP1;Celta;Villarreal;0;4;2;1;0,2756;0,4342;0,2902
6246;2021-01-08;T20-21;D1;M'gladbach;Bayern Munich;3;2;1;2;0,2263;0,2155;0,5582
26860;2021-01-09;T20-21;F1;Paris SG;Brest;3;0;1;1;0,1781;0,7417;0,0802
58042;2021-01-09;T20-21;SP2;Malaga;Oviedo;1;1;0;1;0,2938;0,3984;0,3078
45546;2021-01-09;T20-21;SP1;Osasuna;Real Madrid;0;0;0;2;0,2048;0,1962;0,599
45545;2021-01-09;T20-21;SP1;Granada;Barcelona;0;4;2;2;0,2217;0,2241;0,5542
45544;2021-01-09;T20-21;SP1;Sevilla;Sociedad;3;2;1;1;0,2735;0,515;0,2115
35437;2021-01-09;T20-21;I1;Milan;Torino;2;0;1;1;0,1777;0,743;0,0794
35436;2021-01-09;T20-21;I1;Genoa;Bologna;2;0;1;1;0,2876;0,3686;0,3438
35435;2021-01-09;T20-21;I1;Benevento;Atalanta;1;4;2;2;0,2133;0,2099;0,5768
26862;2021-01-09;T20-21;F1;Rennes;Lyon;2;2;0;2;0,2387;0,2856;0,4757
26861;2021-01-09;T20-21;F1;Reims;St Etienne;3;1;1;1;0,291;0,4483;0,2607
26859;2021-01-09;T20-21;F1;Nimes;Lille;0;1;2;2;0,2116;0,2174;0,5711
26857;2021-01-09;T20-21;F1;Monaco;Angers;3;0;1;1;0,2344;0,6175;0,1481
26858;2021-01-09;T20-21;F1;Montpellier;Nantes;1;1;0;1;0,2683;0,5359;0,1957
6247;2021-01-09;T20-21;D1;Freiburg;FC Koln;5;0;1;1;0,2512;0,5779;0,1709
6248;2021-01-09;T20-21;D1;Leverkusen;Werder Bremen;1;1;0;1;0,2117;0,6804;0,108
6250;2021-01-09;T20-21;D1;Schalke 04;Hoffenheim;4;0;1;2;0,2793;0,3391;0,3816
6251;2021-01-09;T20-21;D1;Union Berlin;Wolfsburg;2;2;0;1;0,2737;0,464;0,2623
6249;2021-01-09;T20-21;D1;Mainz;Ein Frankfurt;0;2;2;1;0,2769;0,3886;0,3345
26853;2021-01-09;T20-21;F1;Bordeaux;Lorient;2;1;1;1;0,2319;0,6027;0,1654
26854;2021-01-09;T20-21;F1;Dijon;Marseille;0;0;0;2;0,2202;0,2354;0,5443
26855;2021-01-09;T20-21;F1;Lens;Strasbourg;0;1;2;1;0,2903;0,4632;0,2466
26856;2021-01-09;T20-21;F1;Metz;Nice;1;1;0;1;0,2926;0,4203;0,2871
6252;2021-01-09;T20-21;D1;RB Leipzig;Dortmund;1;3;2;1;0,2405;0,5225;0,2369
45548;2021-01-10;T20-21;SP1;Cadiz;Alaves;3;1;1;1;0,2886;0,4563;0,2552
58045;2021-01-10;T20-21;SP2;Espanol;Castellon;2;0;1;1;0,2063;0,7426;0,0512
58044;2021-01-10;T20-21;SP2;Tenerife;Cartagena;3;0;1;1;0,2865;0,4805;0,233
58043;2021-01-10;T20-21;SP2;Mallorca;Las Palmas;0;1;2;1;0,237;0,6276;0,1353
45549;2021-01-10;T20-21;SP1;Valladolid;Valencia;0;1;2;1;0,2957;0,4205;0,2838
45547;2021-01-10;T20-21;SP1;Levante;Eibar;2;1;1;1;0,2951;0,4385;0,2664
35441;2021-01-10;T20-21;I1;Verona;Crotone;2;1;1;1;0,245;0,5639;0,1911
35442;2021-01-10;T20-21;I1;Fiorentina;Cagliari;1;0;1;1;0,2458;0,5728;0,1814
35440;2021-01-10;T20-21;I1;Udinese;Napoli;1;2;2;2;0,2233;0,2344;0,5423
35439;2021-01-10;T20-21;I1;Parma;Lazio;0;2;2;2;0,2417;0,2687;0,4897
35438;2021-01-10;T20-21;I1;Roma;Inter;2;2;0;1;0,247;0,4958;0,2572
6253;2021-01-10;T20-21;D1;Augsburg;Stuttgart;1;4;2;1;0,2868;0,3712;0,342
35443;2021-01-10;T20-21;I1;Juventus;Sassuolo;3;1;1;1;0,1536;0,7852;0,0612
35444;2021-01-11;T20-21;I1;Spezia;Sampdoria;2;1;1;1;0,2859;0,3642;0,3499
45550;2021-01-11;T20-21;SP1;Elche;Getafe;1;3;2;2;0,2912;0,3295;0,3793
45551;2021-01-11;T20-21;SP1;Huesca;Betis;0;2;2;1;0,292;0,4297;0,2783
58046;2021-01-11;T20-21;SP2;Ponferradina;Girona;1;1;0;1;0,2927;0,3855;0,3218
58047;2021-01-11;T20-21;SP2;Sp Gijon;Fuenlabrada;2;1;1;1;0,275;0,5352;0,1898
58048;2021-01-11;T20-21;SP2;Sabadell;Lugo;1;1;0;2;0,2903;0,3377;0,372
45553;2021-01-12;T20-21;SP1;Ath Madrid;Sevilla;2;0;1;1;0,267;0,5442;0,1888
45552;2021-01-12;T20-21;SP1;Granada;Osasuna;2;0;1;1;0,2825;0,5043;0,2132
16315;2021-01-12;T20-21;E0;Burnley;Man United;0;1;2;2;0,2232;0,2286;0,5483
16314;2021-01-12;T20-21;E0;Sheffield United;Newcastle;1;0;1;1;0,2958;0,4234;0,2807
16316;2021-01-12;T20-21;E0;Wolves;Everton;1;2;2;1;0,2764;0,4663;0,2573
16317;2021-01-13;T20-21;E0;Man City;Brighton;1;0;1;1;0,1395;0,8128;0,0477
16319;2021-01-14;T20-21;E0;Arsenal;Crystal Palace;0;0;0;1;0,2089;0,6562;0,1348
6255;2021-01-15;T20-21;D1;Union Berlin;Leverkusen;1;0;1;2;0,2488;0,3132;0,438
26863;2021-01-15;T20-21;F1;Montpellier;Monaco;2;3;2;1;0,2777;0,423;0,2993
35445;2021-01-15;T20-21;I1;Lazio;Roma;3;0;1;1;0,2613;0,373;0,3656
16321;2021-01-16;T20-21;E0;Leeds;Brighton;0;1;2;1;0,2485;0,5607;0,1908
35448;2021-01-16;T20-21;I1;Sampdoria;Udinese;2;1;1;1;0,2853;0,472;0,2428
35447;2021-01-16;T20-21;I1;Torino;Spezia;0;0;0;1;0,2632;0,5224;0,2144
35446;2021-01-16;T20-21;I1;Bologna;Verona;1;0;1;1;0,269;0,4944;0,2366
26865;2021-01-16;T20-21;F1;Angers;Paris SG;0;1;2;2;0,2134;0,1985;0,5881
26864;2021-01-16;T20-21;F1;Marseille;Nimes;1;2;2;1;0,2379;0,6248;0,1373
16324;2021-01-16;T20-21;E0;Leicester;Southampton;2;0;1;1;0,2623;0,5299;0,2078
16323;2021-01-16;T20-21;E0;Fulham;Chelsea;0;1;2;2;0,2428;0,2656;0,4916
6261;2021-01-16;T20-21;D1;Stuttgart;M'gladbach;2;2;0;1;0,2706;0,3882;0,3411
16320;2021-01-16;T20-21;E0;Wolves;West Brom;2;3;2;1;0,2202;0,6991;0,0807
6260;2021-01-16;T20-21;D1;Wolfsburg;RB Leipzig;2;2;0;2;0,2591;0,3566;0,3844
6259;2021-01-16;T20-21;D1;Werder Bremen;Augsburg;2;0;1;1;0,2853;0,468;0,2468
6258;2021-01-16;T20-21;D1;Hoffenheim;Bielefeld;0;0;0;1;0,2319;0,6515;0,1167
6257;2021-01-16;T20-21;D1;FC Koln;Hertha;0;0;0;1;0,2863;0,3587;0,355
6256;2021-01-16;T20-21;D1;Dortmund;Mainz;1;1;0;1;0,1509;0,7872;0,0619
16322;2021-01-16;T20-21;E0;West Ham;Burnley;1;0;1;1;0,2862;0,4772;0,2366
35449;2021-01-17;T20-21;I1;Napoli;Fiorentina;6;0;1;1;0,1517;0,783;0,0652
35450;2021-01-17;T20-21;I1;Crotone;Benevento;4;1;1;1;0,293;0,368;0,339
26871;2021-01-17;T20-21;F1;Lyon;Metz;0;1;2;1;0,1881;0,7249;0,087
35452;2021-01-17;T20-21;I1;Atalanta;Genoa;0;0;0;1;0,1568;0,7944;0,0488
35453;2021-01-17;T20-21;I1;Inter;Juventus;2;0;1;1;0,24;0,5436;0,2164
35451;2021-01-17;T20-21;I1;Sassuolo;Parma;1;1;0;1;0,2443;0,5992;0,1565
26870;2021-01-17;T20-21;F1;Lille;Reims;2;1;1;1;0,2566;0,5872;0,1562
26869;2021-01-17;T20-21;F1;Strasbourg;St Etienne;1;0;1;1;0,2829;0,4816;0,2354
26866;2021-01-17;T20-21;F1;Brest;Rennes;1;2;2;2;0,2708;0,3545;0,3747
26867;2021-01-17;T20-21;F1;Nantes;Lens;1;1;0;1;0,2766;0,4412;0,2822
26868;2021-01-17;T20-21;F1;Nice;Bordeaux;0;3;2;1;0,2874;0,4646;0,2479
16327;2021-01-17;T20-21;E0;Man City;Crystal Palace;4;0;1;1;0,1358;0,8228;0,0414
16326;2021-01-17;T20-21;E0;Liverpool;Man United;0;0;0;1;0,2238;0,6072;0,169
16325;2021-01-17;T20-21;E0;Sheffield United;Tottenham;1;3;2;2;0,2375;0,256;0,5065
6263;2021-01-17;T20-21;D1;Ein Frankfurt;Schalke 04;3;1;1;1;0,2132;0,6404;0,1464
6262;2021-01-17;T20-21;D1;Bayern Munich;Freiburg;2;1;1;1;0,1526;0,7812;0,0661
16328;2021-01-18;T20-21;E0;Arsenal;Newcastle;3;0;1;1;0,2305;0,6135;0,156
35454;2021-01-18;T20-21;I1;Cagliari;Milan;0;2;2;2;0,2138;0,2041;0,5821
45556;2021-01-19;T20-21;SP1;Alaves;Sevilla;1;2;2;2;0,2457;0,2707;0,4836
45555;2021-01-19;T20-21;SP1;Valladolid;Elche;2;2;0;1;0,2446;0,5353;0,2201
45554;2021-01-19;T20-21;SP1;Cadiz;Levante;2;2;0;1;0,2904;0,4504;0,2592
16330;2021-01-19;T20-21;E0;Leicester;Chelsea;2;0;1;1;0,2676;0,4205;0,312
6265;2021-01-19;T20-21;D1;Hertha;Hoffenheim;0;3;2;1;0,2801;0,4157;0,3041
6267;2021-01-19;T20-21;D1;Mainz;Wolfsburg;0;2;2;2;0,2664;0,3167;0,4169
6266;2021-01-19;T20-21;D1;Leverkusen;Dortmund;2;1;1;1;0,2574;0,4132;0,3294
6264;2021-01-19;T20-21;D1;M'gladbach;Werder Bremen;1;0;1;1;0,2432;0,5978;0,159
16329;2021-01-19;T20-21;E0;West Ham;West Brom;2;1;1;1;0,1996;0,6796;0,1208
26872;2021-01-20;T20-21;F1;Marseille;Lens;0;1;2;1;0,2464;0,5818;0,1718
45558;2021-01-20;T20-21;SP1;Betis;Celta;2;1;1;1;0,2821;0,4947;0,2232
45557;2021-01-20;T20-21;SP1;Getafe;Huesca;1;0;1;1;0,2606;0,5543;0,1851
35455;2021-01-20;T20-21;I1;Udinese;Atalanta;1;1;0;2;0,229;0,2465;0,5245
16332;2021-01-20;T20-21;E0;Fulham;Man United;1;2;2;2;0,213;0,2095;0,5775
45559;2021-01-20;T20-21;SP1;Villarreal;Granada;2;2;0;1;0,2299;0,6332;0,1369
6271;2021-01-20;T20-21;D1;Freiburg;Ein Frankfurt;2;2;0;1;0,2774;0,415;0,3075
6270;2021-01-20;T20-21;D1;Bielefeld;Stuttgart;3;0;1;2;0,2683;0,303;0,4287
6269;2021-01-20;T20-21;D1;Augsburg;Bayern Munich;0;1;2;2;0,204;0,1676;0,6283
6268;2021-01-20;T20-21;D1;Schalke 04;FC Koln;1;2;2;1;0,2869;0,4531;0,26
6272;2021-01-20;T20-21;D1;RB Leipzig;Union Berlin;1;0;1;1;0,2159;0,6606;0,1235
16333;2021-01-21;T20-21;E0;Liverpool;Burnley;0;1;2;1;0,1482;0,7835;0,0683
45560;2021-01-21;T20-21;SP1;Valencia;Osasuna;1;1;0;1;0,2571;0,5447;0,1982
45561;2021-01-21;T20-21;SP1;Eibar;Ath Madrid;1;2;2;2;0,2304;0,2562;0,5134
45562;2021-01-22;T20-21;SP1;Levante;Valladolid;2;2;0;1;0,2833;0,4836;0,2331
35456;2021-01-22;T20-21;I1;Benevento;Torino;2;2;0;1;0,2931;0,4275;0,2794
6273;2021-01-22;T20-21;D1;M'gladbach;Dortmund;4;2;1;1;0,2582;0,3895;0,3522
26873;2021-01-22;T20-21;F1;Paris SG;Montpellier;4;0;1;1;0,1548;0,7823;0,0629
35460;2021-01-23;T20-21;I1;Fiorentina;Crotone;2;1;1;1;0,2483;0,5727;0,179
58054;2021-01-23;T20-21;SP2;Lugo;Tenerife;2;0;1;1;0,2938;0,4377;0,2685
58053;2021-01-23;T20-21;SP2;Girona;Espanol;1;0;1;2;0,2371;0,2724;0,4905
58052;2021-01-23;T20-21;SP2;Vallecano;Mallorca;1;3;2;1;0,2631;0,4723;0,2646
45566;2021-01-23;T20-21;SP1;Alaves;Real Madrid;1;4;2;2;0,2048;0,1964;0,5989
45565;2021-01-23;T20-21;SP1;Sociedad;Betis;2;2;0;1;0,2697;0,5442;0,1861
58055;2021-01-23;T20-21;SP2;Malaga;Ponferradina;0;2;2;1;0,294;0,4538;0,2522
45564;2021-01-23;T20-21;SP1;Sevilla;Cadiz;3;0;1;1;0,2059;0,6617;0,1324
45563;2021-01-23;T20-21;SP1;Huesca;Villarreal;0;0;0;2;0,2474;0,2888;0,4638
35459;2021-01-23;T20-21;I1;Udinese;Inter;0;0;0;2;0,2155;0,2189;0,5656
6279;2021-01-23;T20-21;D1;Hertha;Werder Bremen;1;4;2;1;0,284;0,4708;0,2451
35457;2021-01-23;T20-21;I1;Roma;Spezia;4;3;1;1;0,2337;0,6259;0,1404
26875;2021-01-23;T20-21;F1;Monaco;Marseille;3;1;1;1;0,2566;0,5477;0,1957
26874;2021-01-23;T20-21;F1;Lens;Nice;0;1;2;1;0,2881;0,4727;0,2392
16334;2021-01-23;T20-21;E0;Aston Villa;Newcastle;2;0;1;1;0,2495;0,5841;0,1664
6278;2021-01-23;T20-21;D1;Mainz;RB Leipzig;3;2;1;2;0,201;0,1914;0,6076
6277;2021-01-23;T20-21;D1;Leverkusen;Wolfsburg;0;1;2;1;0,237;0,5936;0,1694
6276;2021-01-23;T20-21;D1;Freiburg;Stuttgart;2;1;1;1;0,2812;0,4499;0,2689
6275;2021-01-23;T20-21;D1;Bielefeld;Ein Frankfurt;1;5;2;2;0,2543;0,2903;0,4555
6274;2021-01-23;T20-21;D1;Augsburg;Union Berlin;2;1;1;2;0,2714;0,3245;0,4041
35458;2021-01-23;T20-21;I1;Milan;Atalanta;0;3;2;1;0,2524;0,4795;0,2681
45567;2021-01-24;T20-21;SP1;Osasuna;Granada;3;1;1;1;0,2812;0,4468;0,272
35465;2021-01-24;T20-21;I1;Parma;Sampdoria;0;2;2;1;0,2876;0,383;0,3294
45568;2021-01-24;T20-21;SP1;Elche;Barcelona;0;2;2;2;0,2059;0,1994;0,5947
45570;2021-01-24;T20-21;SP1;Ath Madrid;Valencia;3;1;1;1;0,179;0,7191;0,102
58058;2021-01-24;T20-21;SP2;Castellon;Sp Gijon;2;0;1;2;0,2766;0,3323;0,3911
35464;2021-01-24;T20-21;I1;Lazio;Sassuolo;2;1;1;1;0,2339;0,5751;0,191
45569;2021-01-24;T20-21;SP1;Celta;Eibar;1;1;0;1;0,2964;0,4441;0,2595
35462;2021-01-24;T20-21;I1;Genoa;Cagliari;1;0;1;1;0,287;0,4559;0,2571
35463;2021-01-24;T20-21;I1;Verona;Napoli;3;1;1;2;0,2181;0,2215;0,5604
26881;2021-01-24;T20-21;F1;St Etienne;Lyon;0;5;2;2;0,2255;0,2457;0,5288
6281;2021-01-24;T20-21;D1;Hoffenheim;FC Koln;3;0;1;1;0,2395;0,5946;0,1659
26876;2021-01-24;T20-21;F1;Bordeaux;Angers;2;1;1;1;0,2658;0,5347;0,1996
26877;2021-01-24;T20-21;F1;Dijon;Strasbourg;1;1;0;2;0,2775;0,3257;0,3967
6280;2021-01-24;T20-21;D1;Schalke 04;Bayern Munich;0;4;2;2;0,1775;0,1389;0,6836
26879;2021-01-24;T20-21;F1;Reims;Brest;1;0;1;1;0,2804;0,4705;0,2491
26880;2021-01-24;T20-21;F1;Rennes;Lille;0;1;2;1;0,2535;0,4448;0,3017
35461;2021-01-24;T20-21;I1;Juventus;Bologna;2;0;1;1;0,1526;0,7932;0,0542
26878;2021-01-24;T20-21;F1;Metz;Nantes;2;0;1;1;0,2934;0,4678;0,2388
58060;2021-01-25;T20-21;SP2;Cartagena;Mirandes;0;2;2;1;0,2946;0,3925;0,3129
16335;2021-01-26;T20-21;E0;Crystal Palace;West Ham;2;3;2;1;0,2864;0,3715;0,3421
16336;2021-01-26;T20-21;E0;Newcastle;Leeds;1;2;2;2;0,2754;0,3228;0,4018
16337;2021-01-26;T20-21;E0;Southampton;Arsenal;1;3;2;2;0,2744;0,3454;0,3802
16338;2021-01-26;T20-21;E0;West Brom;Man City;0;5;2;2;0,1974;0,1662;0,6364
58061;2021-01-26;T20-21;SP2;Alcorcon;Albacete;1;2;2;1;0,2764;0,4865;0,2371
16343;2021-01-27;T20-21;E0;Man United;Sheffield United;1;2;2;1;0,1409;0,8201;0,039
16341;2021-01-27;T20-21;E0;Brighton;Fulham;0;0;0;1;0,2769;0,4922;0,2309
16342;2021-01-27;T20-21;E0;Everton;Leicester;1;1;0;1;0,2735;0,427;0,2996
16339;2021-01-27;T20-21;E0;Burnley;Aston Villa;3;2;1;1;0,2883;0,36;0,3517
16340;2021-01-27;T20-21;E0;Chelsea;Wolves;0;0;0;1;0,2383;0,6026;0,1591
16344;2021-01-28;T20-21;E0;Tottenham;Liverpool;1;3;2;2;0,2526;0,3311;0,4163
6282;2021-01-29;T20-21;D1;Stuttgart;Mainz;2;0;1;1;0,2329;0,6115;0,1555
26883;2021-01-29;T20-21;F1;Lyon;Bordeaux;2;1;1;1;0,1779;0,7445;0,0775
35466;2021-01-29;T20-21;I1;Torino;Fiorentina;1;1;0;1;0,2866;0,4368;0,2766
45572;2021-01-29;T20-21;SP1;Valladolid;Huesca;1;3;2;1;0,2907;0,4668;0,2424
58062;2021-01-29;T20-21;SP2;Zaragoza;Ponferradina;1;0;1;1;0,2847;0,4632;0,252
35467;2021-01-30;T20-21;I1;Bologna;Milan;1;2;2;2;0,2462;0,3408;0,4129
35468;2021-01-30;T20-21;I1;Sampdoria;Juventus;0;2;2;2;0,2208;0,2295;0,5498
35469;2021-01-30;T20-21;I1;Inter;Benevento;4;0;1;1;0,1427;0,8143;0,043
45573;2021-01-30;T20-21;SP1;Eibar;Sevilla;0;2;2;2;0,2595;0,3336;0,4068
45574;2021-01-30;T20-21;SP1;Real Madrid;Levante;1;2;2;1;0,1753;0,7492;0,0754
58065;2021-01-30;T20-21;SP2;Mallorca;Girona;1;0;1;1;0,2661;0,5594;0,1745
45576;2021-01-30;T20-21;SP1;Villarreal;Sociedad;1;1;0;1;0,2741;0,5155;0,2105
58063;2021-01-30;T20-21;SP2;Oviedo;Albacete;0;1;2;1;0,2852;0,4741;0,2408
58064;2021-01-30;T20-21;SP2;Alcorcon;Malaga;0;1;2;1;0,281;0,4753;0,2437
58066;2021-01-30;T20-21;SP2;Almeria;Castellon;3;1;1;1;0,1968;0,6884;0,1148
45575;2021-01-30;T20-21;SP1;Valencia;Elche;1;0;1;1;0,2199;0,6293;0,1508
26884;2021-01-30;T20-21;F1;Montpellier;Lens;1;2;2;1;0,2818;0,4639;0,2543
6288;2021-01-30;T20-21;D1;RB Leipzig;Leverkusen;1;0;1;1;0,2393;0,5484;0,2124
16349;2021-01-30;T20-21;E0;Arsenal;Man United;0;0;0;1;0,2553;0,3997;0,345
16348;2021-01-30;T20-21;E0;West Brom;Fulham;2;2;0;1;0,2935;0,3688;0,3376
16347;2021-01-30;T20-21;E0;Man City;Sheffield United;1;0;1;1;0,169;0,7715;0,0595
16346;2021-01-30;T20-21;E0;Crystal Palace;Wolves;1;0;1;2;0,2811;0,3358;0,3831
16345;2021-01-30;T20-21;E0;Everton;Newcastle;0;2;2;1;0,2565;0,5844;0,159
6287;2021-01-30;T20-21;D1;Werder Bremen;Schalke 04;1;1;0;1;0,2744;0,5054;0,2202
6286;2021-01-30;T20-21;D1;Union Berlin;M'gladbach;1;1;0;2;0,2539;0,3126;0,4335
6285;2021-01-30;T20-21;D1;Ein Frankfurt;Hertha;3;1;1;1;0,2401;0,6062;0,1536
6284;2021-01-30;T20-21;D1;Dortmund;Augsburg;3;1;1;1;0,2066;0,6771;0,1163
6283;2021-01-30;T20-21;D1;Bayern Munich;Hoffenheim;4;1;1;1;0,151;0,7924;0,0566
16350;2021-01-30;T20-21;E0;Southampton;Aston Villa;0;1;2;1;0,2907;0,4457;0,2636
35472;2021-01-31;T20-21;I1;Cagliari;Sassuolo;1;1;0;2;0,2687;0,3633;0,3681
58070;2021-01-31;T20-21;SP2;Tenerife;Fuenlabrada;1;1;0;1;0,295;0,4268;0,2782
35474;2021-01-31;T20-21;I1;Napoli;Parma;2;0;1;1;0,1515;0,7916;0,0569
35475;2021-01-31;T20-21;I1;Roma;Verona;3;1;1;1;0,1926;0,7141;0,0933
45577;2021-01-31;T20-21;SP1;Getafe;Alaves;0;0;0;1;0,2643;0,5151;0,2207
58069;2021-01-31;T20-21;SP2;Mirandes;Las Palmas;2;0;1;1;0,2883;0,4713;0,2404
45579;2021-01-31;T20-21;SP1;Granada;Celta;0;0;0;1;0,2952;0,4445;0,2603
45580;2021-01-31;T20-21;SP1;Barcelona;Ath Bilbao;2;1;1;1;0,1253;0,8273;0,0473
58067;2021-01-31;T20-21;SP2;Sp Gijon;Cartagena;0;0;0;1;0,1999;0,6725;0,1277
58068;2021-01-31;T20-21;SP2;Espanol;Vallecano;2;3;2;1;0,2015;0,697;0,1015
35471;2021-01-31;T20-21;I1;Atalanta;Lazio;1;3;2;1;0,2276;0,5912;0,1812
45578;2021-01-31;T20-21;SP1;Cadiz;Ath Madrid;2;4;2;2;0,2143;0,2178;0,568
35470;2021-01-31;T20-21;I1;Spezia;Udinese;0;1;2;1;0,2914;0,369;0,3396
35473;2021-01-31;T20-21;I1;Crotone;Genoa;0;3;2;1;0,2947;0,3706;0,3347
26890;2021-01-31;T20-21;F1;Lille;Dijon;1;0;1;1;0,1877;0,7512;0,0611
26889;2021-01-31;T20-21;F1;Strasbourg;Reims;0;1;2;1;0,2905;0,4522;0,2573
26888;2021-01-31;T20-21;F1;Lorient;Paris SG;3;2;1;2;0,191;0,1676;0,6414
26887;2021-01-31;T20-21;F1;Brest;Metz;2;4;2;1;0,2927;0,4354;0,2719
26886;2021-01-31;T20-21;F1;Angers;Nimes;3;1;1;1;0,2696;0,5337;0,1967
26885;2021-01-31;T20-21;F1;Nice;St Etienne;0;1;2;1;0,2872;0,4838;0,229
16354;2021-01-31;T20-21;E0;Brighton;Tottenham;1;0;1;2;0,2481;0,2915;0,4604
16353;2021-01-31;T20-21;E0;West Ham;Liverpool;1;3;2;2;0,2308;0,2578;0,5114
16352;2021-01-31;T20-21;E0;Leicester;Leeds;1;3;2;1;0,2544;0,5531;0,1925
16351;2021-01-31;T20-21;E0;Chelsea;Burnley;2;0;1;1;0,2105;0,6511;0,1384
6290;2021-01-31;T20-21;D1;Wolfsburg;Freiburg;3;0;1;1;0,2658;0,5253;0,2089
6289;2021-01-31;T20-21;D1;FC Koln;Bielefeld;3;1;1;1;0,266;0,4853;0,2486
26891;2021-01-31;T20-21;F1;Nantes;Monaco;1;2;2;2;0,247;0,2928;0,4602
58072;2021-02-01;T20-21;SP2;Sabadell;Logrones;0;0;0;1;0,2711;0,4656;0,2633
45581;2021-02-01;T20-21;SP1;Betis;Osasuna;1;0;1;1;0,264;0,5472;0,1887
58071;2021-02-01;T20-21;SP2;Leganes;Lugo;3;2;1;1;0,2549;0,5671;0,1781
16355;2021-02-02;T20-21;E0;Sheffield United;West Brom;2;1;1;1;0,2176;0,5877;0,1947
16356;2021-02-02;T20-21;E0;Wolves;Arsenal;2;1;1;2;0,2686;0,324;0,4074
16357;2021-02-02;T20-21;E0;Man United;Southampton;9;0;1;1;0,2044;0,6882;0,1074
16358;2021-02-02;T20-21;E0;Newcastle;Crystal Palace;1;2;2;1;0,2927;0,4343;0,273
26895;2021-02-03;T20-21;F1;Rennes;Lorient;1;1;0;1;0,2235;0,6537;0,1228
26900;2021-02-03;T20-21;F1;Paris SG;Nimes;3;0;1;1;0,1748;0,7597;0,0656
26899;2021-02-03;T20-21;F1;Monaco;Nice;2;1;1;1;0,2305;0,6386;0,1309
26898;2021-02-03;T20-21;F1;Lens;Marseille;2;2;0;1;0,2764;0,4431;0,2805
26897;2021-02-03;T20-21;F1;Dijon;Lyon;0;1;2;2;0,2073;0,1962;0,5964
26896;2021-02-03;T20-21;F1;Strasbourg;Brest;2;2;0;1;0,2841;0,4674;0,2485
26894;2021-02-03;T20-21;F1;Reims;Angers;0;0;0;1;0,285;0,4602;0,2549
26901;2021-02-03;T20-21;F1;St Etienne;Nantes;1;1;0;1;0,2865;0,4747;0,2388
26892;2021-02-03;T20-21;F1;Bordeaux;Lille;0;3;2;2;0,252;0,3297;0,4183
16363;2021-02-03;T20-21;E0;Liverpool;Brighton;0;1;2;1;0,1181;0,8365;0,0454
16362;2021-02-03;T20-21;E0;Aston Villa;West Ham;1;3;2;1;0,2676;0,5183;0,2141
16361;2021-02-03;T20-21;E0;Leeds;Everton;1;2;2;1;0,2803;0,472;0,2477
16360;2021-02-03;T20-21;E0;Fulham;Leicester;0;2;2;2;0,2525;0,2756;0,4719
16359;2021-02-03;T20-21;E0;Burnley;Man City;0;2;2;2;0,2066;0,1839;0,6094
26893;2021-02-03;T20-21;F1;Metz;Montpellier;1;1;0;1;0,2797;0,4938;0,2264
16364;2021-02-04;T20-21;E0;Tottenham;Chelsea;0;1;2;2;0,2676;0,3643;0,368
45582;2021-02-05;T20-21;SP1;Alaves;Valladolid;1;0;1;1;0,2957;0,4192;0,2851
58073;2021-02-05;T20-21;SP2;Albacete;Mallorca;0;1;2;2;0,2268;0,251;0,5221
6291;2021-02-05;T20-21;D1;Hertha;Bayern Munich;0;1;2;2;0,1928;0,1591;0,6481
35476;2021-02-05;T20-21;I1;Fiorentina;Inter;0;2;2;2;0,2243;0,2376;0,5381
35477;2021-02-06;T20-21;I1;Atalanta;Torino;3;3;0;1;0,2057;0,681;0,1132
58075;2021-02-06;T20-21;SP2;Logrones;Sp Gijon;0;4;2;2;0,2836;0,3398;0,3767
58074;2021-02-06;T20-21;SP2;Cartagena;Oviedo;2;0;1;2;0,2823;0,3347;0,383
45586;2021-02-06;T20-21;SP1;Sevilla;Getafe;3;0;1;1;0,2348;0,6314;0,1338
45585;2021-02-06;T20-21;SP1;Elche;Villarreal;2;2;0;2;0,2458;0,2737;0,4805
45584;2021-02-06;T20-21;SP1;Huesca;Real Madrid;1;2;2;2;0,2027;0,1947;0,6026
45583;2021-02-06;T20-21;SP1;Levante;Granada;2;2;0;1;0,2741;0,5052;0,2207
35480;2021-02-06;T20-21;I1;Genoa;Napoli;2;1;1;2;0,2096;0,2094;0,5811
35479;2021-02-06;T20-21;I1;Juventus;Roma;2;0;1;1;0,2163;0,6234;0,1603
58076;2021-02-06;T20-21;SP2;Fuenlabrada;Almeria;1;1;0;2;0,2624;0,3175;0,4201
35478;2021-02-06;T20-21;I1;Sassuolo;Spezia;1;2;2;1;0,2512;0,5644;0,1844
26904;2021-02-06;T20-21;F1;Lens;Rennes;0;0;0;1;0,2742;0,4004;0,3254
16367;2021-02-06;T20-21;E0;Newcastle;Southampton;3;2;1;1;0,2763;0,4608;0,2629
26902;2021-02-06;T20-21;F1;Lorient;Reims;1;0;1;1;0,2922;0,3845;0,3233
6292;2021-02-06;T20-21;D1;Augsburg;Wolfsburg;0;2;2;2;0,237;0,2595;0,5035
6293;2021-02-06;T20-21;D1;Freiburg;Dortmund;2;1;1;2;0,2364;0,2606;0,503
26903;2021-02-06;T20-21;F1;Lyon;Strasbourg;3;0;1;1;0,1684;0,7614;0,0702
6295;2021-02-06;T20-21;D1;Mainz;Union Berlin;1;0;1;2;0,2823;0,3511;0,3666
6296;2021-02-06;T20-21;D1;Schalke 04;RB Leipzig;0;3;2;2;0,2038;0,1979;0,5983
6294;2021-02-06;T20-21;D1;Leverkusen;Stuttgart;5;2;1;1;0,2554;0,5366;0,208
16365;2021-02-06;T20-21;E0;Aston Villa;Arsenal;1;0;1;1;0,2809;0,3989;0,3202
16366;2021-02-06;T20-21;E0;Burnley;Brighton;1;1;0;2;0,2888;0,3485;0,3626
16368;2021-02-06;T20-21;E0;Fulham;West Ham;0;0;0;2;0,2744;0,3361;0,3896
16369;2021-02-06;T20-21;E0;Man United;Everton;3;3;0;1;0,1925;0,7165;0,0911
6297;2021-02-06;T20-21;D1;M'gladbach;FC Koln;1;2;2;1;0,217;0,6596;0,1234
45588;2021-02-07;T20-21;SP1;Ath Bilbao;Valencia;1;1;0;1;0,2887;0,4762;0,2351
35484;2021-02-07;T20-21;I1;Parma;Bologna;0;3;2;1;0,2905;0,3996;0,3099
35485;2021-02-07;T20-21;I1;Lazio;Cagliari;1;0;1;1;0,2028;0,6918;0,1054
45587;2021-02-07;T20-21;SP1;Sociedad;Cadiz;4;1;1;1;0,2084;0,6515;0,1401
45589;2021-02-07;T20-21;SP1;Osasuna;Eibar;2;1;1;1;0,2964;0,416;0,2876
35483;2021-02-07;T20-21;I1;Udinese;Verona;2;0;1;1;0,283;0,4559;0,2611
58077;2021-02-07;T20-21;SP2;Girona;Leganes;0;2;2;1;0,2808;0,4869;0,2323
58078;2021-02-07;T20-21;SP2;Malaga;Zaragoza;1;2;2;1;0,2975;0,431;0,2715
58079;2021-02-07;T20-21;SP2;Castellon;Mirandes;0;1;2;1;0,2922;0,3969;0,3109
58080;2021-02-07;T20-21;SP2;Vallecano;Tenerife;0;1;2;1;0,2522;0,589;0,1587
58081;2021-02-07;T20-21;SP2;Las Palmas;Sabadell;0;1;2;1;0,2774;0,5059;0,2167
45590;2021-02-07;T20-21;SP1;Betis;Barcelona;2;3;2;2;0,2153;0,2135;0,5711
35482;2021-02-07;T20-21;I1;Milan;Crotone;4;0;1;1;0,225;0,6467;0,1283
26908;2021-02-07;T20-21;F1;Nimes;Monaco;3;4;2;2;0,2258;0,2494;0,5248
26911;2021-02-07;T20-21;F1;Marseille;Paris SG;0;2;2;2;0,217;0,2112;0,5718
26910;2021-02-07;T20-21;F1;Nantes;Lille;0;2;2;2;0,226;0,2506;0,5234
26909;2021-02-07;T20-21;F1;St Etienne;Metz;1;0;1;1;0,2853;0,4575;0,2572
35481;2021-02-07;T20-21;I1;Benevento;Sampdoria;1;1;0;2;0,2777;0,3302;0,3921
26907;2021-02-07;T20-21;F1;Nice;Angers;3;0;1;1;0,2879;0,4245;0,2877
26906;2021-02-07;T20-21;F1;Montpellier;Dijon;4;2;1;1;0,2165;0,6528;0,1307
26905;2021-02-07;T20-21;F1;Brest;Bordeaux;2;1;1;1;0,2946;0,407;0,2984
16373;2021-02-07;T20-21;E0;Sheffield United;Chelsea;1;2;2;2;0,2271;0,2375;0,5354
16372;2021-02-07;T20-21;E0;Liverpool;Man City;1;4;2;2;0,2588;0,3556;0,3857
16371;2021-02-07;T20-21;E0;Wolves;Leicester;0;0;0;1;0,274;0,3847;0,3413
16370;2021-02-07;T20-21;E0;Tottenham;West Brom;2;0;1;1;0,1953;0,7308;0,0739
6298;2021-02-07;T20-21;D1;Hoffenheim;Ein Frankfurt;1;3;2;1;0,2707;0,4281;0,3012
58082;2021-02-08;T20-21;SP2;Ponferradina;Alcorcon;2;0;1;1;0,2861;0,4967;0,2172
58083;2021-02-08;T20-21;SP2;Lugo;Espanol;1;1;0;2;0,2503;0,2956;0,4541
16374;2021-02-08;T20-21;E0;Leeds;Crystal Palace;2;0;1;1;0,2623;0,5382;0,1995
45591;2021-02-08;T20-21;SP1;Ath Madrid;Celta;2;2;0;1;0,1597;0,7582;0,082
45592;2021-02-09;T20-21;SP1;Real Madrid;Getafe;2;0;1;1;0,1566;0,7735;0,0699
6299;2021-02-12;T20-21;D1;RB Leipzig;Augsburg;2;1;1;1;0,1701;0,7487;0,0812
35486;2021-02-12;T20-21;I1;Bologna;Benevento;1;1;0;1;0,2367;0,6;0,1633
45593;2021-02-12;T20-21;SP1;Celta;Elche;3;1;1;1;0,2592;0,5227;0,2181
58084;2021-02-12;T20-21;SP2;Sabadell;Zaragoza;1;1;0;1;0,2931;0,3714;0,3355
35488;2021-02-13;T20-21;I1;Napoli;Juventus;1;0;1;1;0,2452;0,5033;0,2516
35489;2021-02-13;T20-21;I1;Spezia;Milan;2;0;1;2;0,2057;0,1977;0,5966
45594;2021-02-13;T20-21;SP1;Granada;Ath Madrid;1;2;2;2;0,2194;0,2242;0,5564
45595;2021-02-13;T20-21;SP1;Sevilla;Huesca;1;0;1;1;0,1898;0,7099;0,1003
58086;2021-02-13;T20-21;SP2;Mirandes;Girona;3;3;0;1;0,2895;0,4724;0,2381
45597;2021-02-13;T20-21;SP1;Barcelona;Alaves;5;1;1;1;0,1576;0,8136;0,0289
58085;2021-02-13;T20-21;SP2;Cartagena;Vallecano;2;2;0;2;0,2688;0,3257;0,4055
58087;2021-02-13;T20-21;SP2;Tenerife;Ponferradina;1;0;1;1;0,2918;0,454;0,2542
35487;2021-02-13;T20-21;I1;Torino;Genoa;0;0;0;1;0,2565;0,5423;0,2012
45596;2021-02-13;T20-21;SP1;Eibar;Valladolid;1;1;0;1;0,2636;0,52;0,2164
26914;2021-02-13;T20-21;F1;Lyon;Montpellier;1;2;2;1;0,1783;0,7425;0,0791
16376;2021-02-13;T20-21;E0;Crystal Palace;Burnley;0;3;2;1;0,2962;0,415;0,2888
26912;2021-02-13;T20-21;F1;Paris SG;Nice;2;1;1;1;0,1681;0,7581;0,0738
16378;2021-02-13;T20-21;E0;Brighton;Aston Villa;0;0;0;1;0,288;0,4252;0,2867
16377;2021-02-13;T20-21;E0;Man City;Tottenham;3;0;1;1;0,184;0,7331;0,0829
16375;2021-02-13;T20-21;E0;Leicester;Liverpool;3;1;1;2;0,2539;0,342;0,4041
6304;2021-02-13;T20-21;D1;Union Berlin;Schalke 04;0;0;0;1;0,2521;0,562;0,1859
6303;2021-02-13;T20-21;D1;Werder Bremen;Freiburg;0;0;0;1;0,2818;0,4248;0,2933
6302;2021-02-13;T20-21;D1;Stuttgart;Hertha;1;1;0;1;0,2614;0,5345;0,2041
6301;2021-02-13;T20-21;D1;Leverkusen;Mainz;2;2;0;1;0,1909;0,7138;0,0953
6300;2021-02-13;T20-21;D1;Dortmund;Hoffenheim;2;2;0;1;0,2357;0,5931;0,1712
26913;2021-02-13;T20-21;F1;Reims;Lens;1;1;0;1;0,2848;0,4377;0,2775
35492;2021-02-14;T20-21;I1;Sampdoria;Fiorentina;2;1;1;1;0,2909;0,4288;0,2803
35493;2021-02-14;T20-21;I1;Crotone;Sassuolo;1;2;2;2;0,2534;0,2725;0,4741
35494;2021-02-14;T20-21;I1;Inter;Lazio;3;1;1;1;0,2073;0,6612;0,1315
45599;2021-02-14;T20-21;SP1;Real Madrid;Valencia;2;0;1;1;0,2092;0,6837;0,1071
45600;2021-02-14;T20-21;SP1;Levante;Osasuna;0;1;2;1;0,2664;0,5349;0,1988
58091;2021-02-14;T20-21;SP2;Leganes;Albacete;3;1;1;1;0,2175;0,6349;0,1476
58088;2021-02-14;T20-21;SP2;Mallorca;Espanol;1;2;2;1;0,2608;0,4887;0,2505
58089;2021-02-14;T20-21;SP2;Almeria;Las Palmas;3;1;1;1;0,2629;0,5711;0,1661
58090;2021-02-14;T20-21;SP2;Alcorcon;Logrones;1;0;1;1;0,2333;0,5625;0,2041
58092;2021-02-14;T20-21;SP2;Sp Gijon;Malaga;1;0;1;1;0,2586;0,5618;0,1796
35491;2021-02-14;T20-21;I1;Cagliari;Atalanta;0;1;2;2;0,2045;0,1974;0,5981
45601;2021-02-14;T20-21;SP1;Villarreal;Betis;1;2;2;1;0,2774;0,529;0,1936
35490;2021-02-14;T20-21;I1;Roma;Udinese;3;0;1;1;0,1991;0,7053;0,0957
45598;2021-02-14;T20-21;SP1;Getafe;Sociedad;0;1;2;2;0,2713;0,3215;0,4072
26920;2021-02-14;T20-21;F1;Lille;Brest;0;0;0;1;0,2396;0,62;0,1404
6305;2021-02-14;T20-21;D1;Ein Frankfurt;FC Koln;2;0;1;1;0,2168;0,6669;0,1163
6306;2021-02-14;T20-21;D1;Wolfsburg;M'gladbach;0;0;0;1;0,2601;0,4936;0,2463
16380;2021-02-14;T20-21;E0;West Brom;Man United;1;1;0;2;0,1962;0,1848;0,619
16381;2021-02-14;T20-21;E0;Arsenal;Leeds;4;2;1;1;0,2541;0,5117;0,2342
16382;2021-02-14;T20-21;E0;Everton;Fulham;0;2;2;1;0,2379;0,6031;0,159
16379;2021-02-14;T20-21;E0;Southampton;Wolves;1;2;2;1;0,2911;0,3805;0,3285
26916;2021-02-14;T20-21;F1;Angers;Nantes;1;3;2;1;0,2865;0,4956;0,2179
26921;2021-02-14;T20-21;F1;Bordeaux;Marseille;0;0;0;1;0,2842;0,4389;0,2769
26917;2021-02-14;T20-21;F1;Dijon;Nimes;0;2;2;1;0,2897;0,4531;0,2572
26918;2021-02-14;T20-21;F1;Metz;Strasbourg;1;2;2;1;0,2825;0,5024;0,215
26919;2021-02-14;T20-21;F1;Rennes;St Etienne;0;2;2;1;0,2707;0,5473;0,182
26915;2021-02-14;T20-21;F1;Monaco;Lorient;2;2;0;1;0,1889;0,7216;0,0895
6307;2021-02-15;T20-21;D1;Bayern Munich;Bielefeld;3;3;0;1;0,1757;0,7469;0,0774
16383;2021-02-15;T20-21;E0;West Ham;Sheffield United;3;0;1;1;0,2607;0,5517;0,1876
16384;2021-02-15;T20-21;E0;Chelsea;Newcastle;2;0;1;1;0,187;0,7106;0,1025
35495;2021-02-15;T20-21;I1;Verona;Parma;2;1;1;1;0,2701;0,5192;0,2107
45602;2021-02-15;T20-21;SP1;Cadiz;Ath Bilbao;0;4;2;1;0,2949;0,3621;0,3429
58093;2021-02-15;T20-21;SP2;Castellon;Fuenlabrada;1;2;2;1;0,292;0,366;0,342
58094;2021-02-15;T20-21;SP2;Oviedo;Lugo;3;1;1;1;0,2841;0,4701;0,2458
58095;2021-02-17;T20-21;SP2;Leganes;Almeria;2;1;1;1;0,2632;0,5115;0,2252
45603;2021-02-17;T20-21;SP1;Levante;Ath Madrid;1;1;0;2;0,2375;0,2722;0,4903
16385;2021-02-17;T20-21;E0;Burnley;Fulham;1;1;0;1;0,2873;0,4685;0,2443
16386;2021-02-17;T20-21;E0;Everton;Man City;1;3;2;2;0,2266;0,2178;0,5556
26922;2021-02-17;T20-21;F1;Marseille;Nice;3;2;1;1;0,2808;0,5027;0,2165
6308;2021-02-19;T20-21;D1;Bielefeld;Wolfsburg;0;3;2;2;0,2362;0,2549;0,5089
16387;2021-02-19;T20-21;E0;Wolves;Leeds;1;0;1;1;0,2736;0,4375;0,2889
26923;2021-02-19;T20-21;F1;Brest;Lyon;2;3;2;2;0,2138;0,2107;0,5755
35496;2021-02-19;T20-21;I1;Fiorentina;Spezia;3;0;1;1;0,2627;0,5194;0,218
35497;2021-02-19;T20-21;I1;Cagliari;Torino;0;1;2;1;0,293;0,3978;0,3092
45604;2021-02-19;T20-21;SP1;Betis;Getafe;1;0;1;1;0,27;0,5339;0,196
58096;2021-02-19;T20-21;SP2;Ponferradina;Mirandes;1;0;1;1;0,2862;0,4776;0,2362
35500;2021-02-20;T20-21;I1;Sassuolo;Bologna;1;1;0;1;0,2729;0,4895;0,2376
45605;2021-02-20;T20-21;SP1;Elche;Eibar;1;0;1;2;0,285;0,3334;0,3816
45606;2021-02-20;T20-21;SP1;Ath Madrid;Levante;0;2;2;1;0,183;0,7159;0,1011
45607;2021-02-20;T20-21;SP1;Valencia;Celta;2;0;1;1;0,2808;0,4898;0,2294
58099;2021-02-20;T20-21;SP2;Las Palmas;Cartagena;2;0;1;1;0,291;0,477;0,232
58097;2021-02-20;T20-21;SP2;Espanol;Sabadell;1;0;1;1;0,1795;0,7282;0,0923
58098;2021-02-20;T20-21;SP2;Albacete;Sp Gijon;0;1;2;2;0,2774;0,3306;0,392
35499;2021-02-20;T20-21;I1;Genoa;Verona;2;2;0;1;0,2907;0,4216;0,2878
45608;2021-02-20;T20-21;SP1;Valladolid;Real Madrid;0;1;2;2;0,2001;0,1879;0,612
35498;2021-02-20;T20-21;I1;Lazio;Sampdoria;1;0;1;1;0,2307;0,6208;0,1485
6309;2021-02-20;T20-21;D1;Ein Frankfurt;Bayern Munich;2;1;1;2;0,2278;0,2275;0,5447
26924;2021-02-20;T20-21;F1;St Etienne;Reims;1;1;0;1;0,2918;0,4552;0,253
16391;2021-02-20;T20-21;E0;Fulham;Sheffield United;1;0;1;1;0,2843;0,45;0,2657
16390;2021-02-20;T20-21;E0;Liverpool;Everton;0;2;2;1;0,1974;0,7;0,1026
16389;2021-02-20;T20-21;E0;Burnley;West Brom;0;0;0;1;0,2022;0,652;0,1458
16388;2021-02-20;T20-21;E0;Southampton;Chelsea;1;1;0;2;0,2285;0,2446;0,5269
6313;2021-02-20;T20-21;D1;Schalke 04;Dortmund;0;4;2;2;0,2064;0,2007;0,5929
6312;2021-02-20;T20-21;D1;M'gladbach;Mainz;1;2;2;1;0,2338;0,6237;0,1425
6311;2021-02-20;T20-21;D1;Freiburg;Union Berlin;0;1;2;1;0,2878;0,4494;0,2628
6310;2021-02-20;T20-21;D1;FC Koln;Stuttgart;0;1;2;1;0,2834;0,3651;0,3515
26925;2021-02-20;T20-21;F1;Nantes;Marseille;1;1;0;1;0,2804;0,3662;0,3534
35502;2021-02-21;T20-21;I1;Milan;Inter;0;3;2;1;0,2531;0,4559;0,2909
35503;2021-02-21;T20-21;I1;Atalanta;Napoli;4;2;1;1;0,2634;0,4055;0,3311
35504;2021-02-21;T20-21;I1;Benevento;Roma;0;0;0;2;0,2106;0,2123;0,577
45609;2021-02-21;T20-21;SP1;Barcelona;Cadiz;1;1;0;1;0,1316;0,8223;0,0462
45610;2021-02-21;T20-21;SP1;Sociedad;Alaves;4;0;1;1;0,2145;0,621;0,1645
58102;2021-02-21;T20-21;SP2;Girona;Castellon;2;1;1;1;0,2207;0,6646;0,1148
58104;2021-02-21;T20-21;SP2;Malaga;Vallecano;2;0;1;1;0,2829;0,4197;0,2974
58100;2021-02-21;T20-21;SP2;Leganes;Tenerife;1;0;1;1;0,2651;0,5633;0,1716
58101;2021-02-21;T20-21;SP2;Mallorca;Almeria;2;0;1;1;0,2594;0,5374;0,2032
58103;2021-02-21;T20-21;SP2;Lugo;Logrones;1;1;0;1;0,2428;0,5421;0,2151
35501;2021-02-21;T20-21;I1;Parma;Udinese;2;2;0;1;0,2909;0,4333;0,2758
45611;2021-02-21;T20-21;SP1;Huesca;Granada;3;2;1;1;0,2854;0,4362;0,2784
26932;2021-02-21;T20-21;F1;Paris SG;Monaco;0;2;2;1;0,2069;0,676;0,1171
45612;2021-02-21;T20-21;SP1;Ath Bilbao;Villarreal;1;1;0;1;0,2757;0,4647;0,2596
26930;2021-02-21;T20-21;F1;Strasbourg;Angers;0;0;0;1;0,2873;0,4501;0,2626
26931;2021-02-21;T20-21;F1;Lorient;Lille;1;4;2;2;0,212;0,2176;0,5704
6314;2021-02-21;T20-21;D1;Augsburg;Leverkusen;1;1;0;2;0,2207;0,2306;0,5486
6315;2021-02-21;T20-21;D1;Hertha;RB Leipzig;0;3;2;2;0,2165;0,2272;0,5563
6316;2021-02-21;T20-21;D1;Hoffenheim;Werder Bremen;4;0;1;1;0,2644;0,5209;0,2147
16393;2021-02-21;T20-21;E0;Aston Villa;Leicester;1;2;2;1;0,2723;0,3913;0,3364
16392;2021-02-21;T20-21;E0;West Ham;Tottenham;2;1;1;1;0,2788;0,4255;0,2958
16395;2021-02-21;T20-21;E0;Man United;Newcastle;3;1;1;1;0,1627;0,7591;0,0782
26926;2021-02-21;T20-21;F1;Montpellier;Rennes;2;1;1;1;0,2657;0,4954;0,2389
26927;2021-02-21;T20-21;F1;Lens;Dijon;2;1;1;1;0,2045;0,6518;0,1436
26928;2021-02-21;T20-21;F1;Nice;Metz;1;2;2;1;0,2836;0,4735;0,2429
26929;2021-02-21;T20-21;F1;Nimes;Bordeaux;2;0;1;1;0,2914;0,3791;0,3295
16394;2021-02-21;T20-21;E0;Arsenal;Man City;0;1;2;2;0,2219;0,2197;0,5584
58105;2021-02-22;T20-21;SP2;Fuenlabrada;Oviedo;2;2;0;1;0,2834;0,4864;0,2302
16396;2021-02-22;T20-21;E0;Brighton;Crystal Palace;1;2;2;1;0,2524;0,5491;0,1985
35505;2021-02-22;T20-21;I1;Juventus;Crotone;3;0;1;1;0,2214;0,6438;0,1348
45613;2021-02-22;T20-21;SP1;Osasuna;Sevilla;0;2;2;2;0,2296;0,2428;0,5276
58106;2021-02-22;T20-21;SP2;Zaragoza;Alcorcon;0;1;2;1;0,2847;0,4791;0,2363
16397;2021-02-23;T20-21;E0;Leeds;Southampton;3;0;1;1;0,2604;0,5305;0,2092
26933;2021-02-24;T20-21;F1;Nimes;Lorient;1;0;1;1;0,2833;0,4779;0,2388
45614;2021-02-24;T20-21;SP1;Barcelona;Elche;3;0;1;1;0,1703;0,805;0,0247
6317;2021-02-26;T20-21;D1;Werder Bremen;Ein Frankfurt;2;1;1;2;0,236;0,2605;0,5035
26934;2021-02-26;T20-21;F1;Rennes;Nice;1;2;2;1;0,2722;0,5324;0,1954
45615;2021-02-26;T20-21;SP1;Levante;Ath Bilbao;1;1;0;1;0,2937;0,3912;0,315
58107;2021-02-26;T20-21;SP2;Sabadell;Albacete;0;0;0;1;0,2862;0,4439;0,27
58108;2021-02-26;T20-21;SP2;Cartagena;Leganes;1;0;1;2;0,2474;0,2837;0,4689
35508;2021-02-27;T20-21;I1;Verona;Juventus;1;1;0;2;0,2202;0,2282;0,5516
45616;2021-02-27;T20-21;SP1;Eibar;Huesca;1;1;0;1;0,2716;0,513;0,2155
45617;2021-02-27;T20-21;SP1;Sevilla;Barcelona;0;2;2;2;0,2401;0,2851;0,4748
45618;2021-02-27;T20-21;SP1;Alaves;Osasuna;0;1;2;1;0,2942;0,4119;0,2939
58111;2021-02-27;T20-21;SP2;Castellon;Las Palmas;4;0;1;1;0,291;0,3992;0,3098
58109;2021-02-27;T20-21;SP2;Vallecano;Ponferradina;1;1;0;1;0,2594;0,5616;0,179
58110;2021-02-27;T20-21;SP2;Almeria;Lugo;4;1;1;1;0,2436;0,604;0,1524
35507;2021-02-27;T20-21;I1;Bologna;Lazio;2;0;1;2;0,2593;0,3464;0,3943
58112;2021-02-27;T20-21;SP2;Logrones;Mallorca;0;1;2;2;0,2213;0,2366;0,5421
45619;2021-02-27;T20-21;SP1;Getafe;Valencia;3;0;1;2;0,2882;0,3519;0,3599
35506;2021-02-27;T20-21;I1;Spezia;Parma;2;2;0;1;0,2864;0,4642;0,2495
6322;2021-02-27;T20-21;D1;RB Leipzig;M'gladbach;3;2;1;1;0,2169;0,6437;0,1393
26935;2021-02-27;T20-21;F1;Bordeaux;Metz;1;2;2;1;0,2828;0,4788;0,2384
16401;2021-02-27;T20-21;E0;Newcastle;Wolves;1;1;0;2;0,2828;0,3515;0,3657
16400;2021-02-27;T20-21;E0;Leeds;Aston Villa;0;1;2;1;0,2681;0,5143;0,2176
16399;2021-02-27;T20-21;E0;West Brom;Brighton;1;0;1;2;0,2803;0,3084;0,4114
16398;2021-02-27;T20-21;E0;Man City;West Ham;2;1;1;1;0,1755;0,7483;0,0762
6321;2021-02-27;T20-21;D1;Wolfsburg;Hertha;2;0;1;1;0,2205;0,6595;0,12
6320;2021-02-27;T20-21;D1;Stuttgart;Schalke 04;5;1;1;1;0,2021;0,6535;0,1444
6319;2021-02-27;T20-21;D1;Dortmund;Bielefeld;3;0;1;1;0,2009;0,7255;0,0736
6318;2021-02-27;T20-21;D1;Bayern Munich;FC Koln;5;1;1;1;0,1887;0,7338;0,0775
26936;2021-02-27;T20-21;F1;Dijon;Paris SG;0;4;2;2;0,1901;0,1641;0,6458
35510;2021-02-28;T20-21;I1;Crotone;Cagliari;0;2;2;2;0,2942;0,3454;0,3605
35511;2021-02-28;T20-21;I1;Inter;Genoa;3;0;1;1;0,1405;0,816;0,0435
35512;2021-02-28;T20-21;I1;Udinese;Fiorentina;1;0;1;1;0,2909;0,4227;0,2865
35513;2021-02-28;T20-21;I1;Napoli;Benevento;2;0;1;1;0,1608;0,7837;0,0555
35514;2021-02-28;T20-21;I1;Roma;Milan;1;2;2;1;0,2329;0,5669;0,2002
58116;2021-02-28;T20-21;SP2;Oviedo;Zaragoza;1;0;1;1;0,2946;0,4491;0,2563
58114;2021-02-28;T20-21;SP2;Sp Gijon;Espanol;1;1;0;1;0,2548;0,376;0,3692
45622;2021-02-28;T20-21;SP1;Granada;Elche;2;1;1;1;0,2438;0,5466;0,2096
45623;2021-02-28;T20-21;SP1;Villarreal;Ath Madrid;0;2;2;2;0,2357;0,2659;0,4983
58113;2021-02-28;T20-21;SP2;Fuenlabrada;Girona;1;1;0;1;0,2892;0,4663;0,2445
58115;2021-02-28;T20-21;SP2;Tenerife;Alcorcon;3;1;1;1;0,2938;0,4562;0,25
35509;2021-02-28;T20-21;I1;Sampdoria;Atalanta;0;2;2;2;0,2231;0,2306;0,5462
45621;2021-02-28;T20-21;SP1;Cadiz;Betis;0;1;2;2;0,2827;0,3383;0,379
26943;2021-02-28;T20-21;F1;Marseille;Lyon;1;1;0;2;0,2247;0,2359;0,5394
45620;2021-02-28;T20-21;SP1;Celta;Valladolid;1;1;0;1;0,2893;0,4654;0,2452
26941;2021-02-28;T20-21;F1;Reims;Montpellier;0;0;0;1;0,2844;0,4037;0,3119
26942;2021-02-28;T20-21;F1;Lille;Strasbourg;1;1;0;1;0,2431;0,6179;0,139
6323;2021-02-28;T20-21;D1;Union Berlin;Hoffenheim;1;1;0;1;0,2828;0,401;0,3163
6324;2021-02-28;T20-21;D1;Mainz;Augsburg;0;1;2;1;0,2869;0,4651;0,248
16402;2021-02-28;T20-21;E0;Crystal Palace;Fulham;0;0;0;1;0,2987;0,4119;0,2895
16403;2021-02-28;T20-21;E0;Leicester;Arsenal;1;3;2;1;0,2686;0,5359;0,1955
16404;2021-02-28;T20-21;E0;Tottenham;Burnley;4;0;1;1;0,2401;0,5763;0,1836
6325;2021-02-28;T20-21;D1;Leverkusen;Freiburg;1;2;2;1;0,2396;0,6038;0,1566
16406;2021-02-28;T20-21;E0;Sheffield United;Liverpool;0;2;2;2;0,2144;0,2113;0,5743
26937;2021-02-28;T20-21;F1;Monaco;Brest;2;0;1;1;0,2247;0,6514;0,1239
26938;2021-02-28;T20-21;F1;Angers;Lens;2;2;0;1;0,2855;0,4073;0,3073
26939;2021-02-28;T20-21;F1;Lorient;St Etienne;2;1;1;1;0,2909;0,364;0,345
26940;2021-02-28;T20-21;F1;Nimes;Nantes;1;1;0;1;0,296;0,4268;0,2772
16405;2021-02-28;T20-21;E0;Chelsea;Man United;0;0;0;1;0,2535;0,442;0,3045
16407;2021-03-01;T20-21;E0;Everton;Southampton;1;0;1;1;0,278;0,4969;0,225
45624;2021-03-01;T20-21;SP1;Real Madrid;Sociedad;1;1;0;1;0,2294;0,6355;0,1352
58117;2021-03-01;T20-21;SP2;Mirandes;Malaga;1;0;1;1;0,2968;0,4272;0,276
16408;2021-03-02;T20-21;E0;Man City;Wolves;4;1;1;1;0,1806;0,7399;0,0796
35515;2021-03-02;T20-21;I1;Juventus;Spezia;3;0;1;1;0,2367;0,6129;0,1504
35516;2021-03-03;T20-21;I1;Sassuolo;Napoli;3;3;0;2;0,2628;0,3559;0,3813
26953;2021-03-03;T20-21;F1;Strasbourg;Monaco;1;0;1;2;0,2304;0,252;0,5176
35517;2021-03-03;T20-21;I1;Atalanta;Crotone;5;1;1;1;0,1768;0,7275;0,0957
35522;2021-03-03;T20-21;I1;Milan;Udinese;1;1;0;1;0,1591;0,777;0,0639
35519;2021-03-03;T20-21;I1;Cagliari;Bologna;1;0;1;1;0,2863;0,394;0,3197
35520;2021-03-03;T20-21;I1;Fiorentina;Roma;1;2;2;2;0,2479;0,3087;0,4434
26952;2021-03-03;T20-21;F1;Nantes;Reims;1;2;2;1;0,2954;0,4043;0,3003
35518;2021-03-03;T20-21;I1;Benevento;Verona;0;3;2;1;0,2915;0,3958;0,3127
26951;2021-03-03;T20-21;F1;Montpellier;Lorient;1;1;0;1;0,2351;0,6186;0,1463
35521;2021-03-03;T20-21;I1;Genoa;Sampdoria;1;1;0;1;0,2885;0,3784;0,3332
26949;2021-03-03;T20-21;F1;Bordeaux;Paris SG;0;1;2;2;0,2127;0,1988;0,5885
26948;2021-03-03;T20-21;F1;St Etienne;Lens;2;3;2;1;0,2816;0,4469;0,2715
26947;2021-03-03;T20-21;F1;Nice;Nimes;2;1;1;1;0,2718;0,5231;0,2051
26946;2021-03-03;T20-21;F1;Metz;Angers;0;1;2;1;0,2801;0,5098;0,2101
26945;2021-03-03;T20-21;F1;Lyon;Rennes;1;0;1;1;0,2007;0,6998;0,0996
26944;2021-03-03;T20-21;F1;Brest;Dijon;3;1;1;1;0,2258;0,5822;0,1921
16411;2021-03-03;T20-21;E0;Crystal Palace;Man United;0;0;0;2;0,2222;0,2203;0,5575
16410;2021-03-03;T20-21;E0;Sheffield United;Aston Villa;1;0;1;1;0,2891;0,3777;0,3331
16409;2021-03-03;T20-21;E0;Burnley;Leicester;1;1;0;2;0,2462;0,2757;0,478
26950;2021-03-03;T20-21;F1;Lille;Marseille;2;0;1;1;0,2546;0,5784;0,1669
16414;2021-03-04;T20-21;E0;Liverpool;Chelsea;0;1;2;1;0,238;0,5645;0,1975
35523;2021-03-04;T20-21;I1;Parma;Inter;1;2;2;2;0,198;0,1742;0,6278
16412;2021-03-04;T20-21;E0;Fulham;Tottenham;0;1;2;2;0,2533;0,288;0,4587
16413;2021-03-04;T20-21;E0;West Brom;Everton;0;1;2;2;0,2638;0,2938;0,4424
6326;2021-03-05;T20-21;D1;Schalke 04;Mainz;0;0;0;1;0,295;0,4079;0,297
45625;2021-03-05;T20-21;SP1;Valencia;Villarreal;2;1;1;1;0,2783;0,4188;0,3029
58118;2021-03-05;T20-21;SP2;Espanol;Oviedo;1;1;0;1;0,2251;0,6437;0,1312
35526;2021-03-06;T20-21;I1;Juventus;Lazio;3;1;1;1;0,1914;0,7004;0,1082
58121;2021-03-06;T20-21;SP2;Leganes;Castellon;0;0;0;1;0,2071;0,6585;0,1345
58120;2021-03-06;T20-21;SP2;Las Palmas;Vallecano;1;1;0;1;0,2866;0,4077;0,3057
58119;2021-03-06;T20-21;SP2;Zaragoza;Tenerife;1;0;1;1;0,2916;0,42;0,2884
45629;2021-03-06;T20-21;SP1;Osasuna;Barcelona;0;2;2;2;0,2004;0,1853;0,6143
45628;2021-03-06;T20-21;SP1;Cadiz;Eibar;1;0;1;2;0,2869;0,3391;0,3739
45627;2021-03-06;T20-21;SP1;Elche;Sevilla;2;1;1;2;0,2163;0,2302;0,5535
58122;2021-03-06;T20-21;SP2;Albacete;Logrones;1;1;0;1;0,2408;0,5257;0,2336
45626;2021-03-06;T20-21;SP1;Valladolid;Getafe;2;1;1;1;0,2956;0,4022;0,3022
35525;2021-03-06;T20-21;I1;Udinese;Sassuolo;2;0;1;1;0,2725;0,3699;0,3577
16415;2021-03-06;T20-21;E0;Burnley;Arsenal;1;1;0;2;0,2637;0,3005;0,4358
16418;2021-03-06;T20-21;E0;Brighton;Leicester;1;2;2;1;0,2679;0,3869;0,3451
16417;2021-03-06;T20-21;E0;Aston Villa;Wolves;0;0;0;1;0,2894;0,4631;0,2475
16416;2021-03-06;T20-21;E0;Sheffield United;Southampton;0;2;2;1;0,2897;0,4012;0,309
6332;2021-03-06;T20-21;D1;Bayern Munich;Dortmund;4;2;1;1;0,1741;0,7383;0,0876
6331;2021-03-06;T20-21;D1;M'gladbach;Leverkusen;0;1;2;1;0,2689;0,4095;0,3217
6330;2021-03-06;T20-21;D1;Hoffenheim;Wolfsburg;2;1;1;1;0,2658;0,4335;0,3007
6329;2021-03-06;T20-21;D1;Hertha;Augsburg;2;1;1;1;0,2816;0,4791;0,2393
6328;2021-03-06;T20-21;D1;Freiburg;RB Leipzig;0;3;2;2;0,2219;0,2247;0,5534
6327;2021-03-06;T20-21;D1;Ein Frankfurt;Stuttgart;1;1;0;1;0,2567;0,5477;0,1956
35524;2021-03-06;T20-21;I1;Spezia;Benevento;1;1;0;1;0,2815;0,4825;0,236
45630;2021-03-07;T20-21;SP1;Huesca;Celta;3;4;2;1;0,2918;0,4437;0,2645
45631;2021-03-07;T20-21;SP1;Ath Madrid;Real Madrid;1;1;0;1;0,2564;0,381;0,3626
45632;2021-03-07;T20-21;SP1;Sociedad;Levante;1;0;1;1;0,2671;0,5456;0,1873
35532;2021-03-07;T20-21;I1;Napoli;Bologna;3;1;1;1;0,177;0,7296;0,0933
58123;2021-03-07;T20-21;SP2;Malaga;Sabadell;2;0;1;1;0,2754;0,4941;0,2304
58125;2021-03-07;T20-21;SP2;Mallorca;Cartagena;2;1;1;1;0,197;0,686;0,1169
58126;2021-03-07;T20-21;SP2;Girona;Almeria;0;1;2;1;0,2741;0,4172;0,3087
45633;2021-03-07;T20-21;SP1;Ath Bilbao;Granada;2;1;1;1;0,2515;0,5634;0,1852
35531;2021-03-07;T20-21;I1;Sampdoria;Cagliari;2;2;0;1;0,2786;0,4944;0,227
58124;2021-03-07;T20-21;SP2;Ponferradina;Sp Gijon;2;2;0;1;0,289;0,4174;0,2935
35529;2021-03-07;T20-21;I1;Fiorentina;Parma;3;3;0;1;0,2522;0,5627;0,1852
35527;2021-03-07;T20-21;I1;Roma;Genoa;1;0;1;1;0,1421;0,799;0,0589
16422;2021-03-07;T20-21;E0;Tottenham;Crystal Palace;4;1;1;1;0,2125;0,6371;0,1504
16421;2021-03-07;T20-21;E0;Man City;Man United;0;2;2;1;0,1998;0,6844;0,1158
16420;2021-03-07;T20-21;E0;Liverpool;Fulham;0;1;2;1;0,1703;0,7366;0,0931
16419;2021-03-07;T20-21;E0;West Brom;Newcastle;0;0;0;2;0,2848;0,3295;0,3857
6334;2021-03-07;T20-21;D1;Bielefeld;Union Berlin;0;0;0;2;0,2728;0,3182;0,4091
6333;2021-03-07;T20-21;D1;FC Koln;Werder Bremen;1;1;0;1;0,291;0,3795;0,3295
35530;2021-03-07;T20-21;I1;Verona;Milan;0;2;2;2;0,2393;0,2732;0,4875
58128;2021-03-08;T20-21;SP2;Lugo;Fuenlabrada;0;0;0;1;0,2916;0,4368;0,2715
58127;2021-03-08;T20-21;SP2;Alcorcon;Mirandes;4;0;1;1;0,2846;0,4558;0,2596
45634;2021-03-08;T20-21;SP1;Betis;Alaves;3;2;1;1;0,2293;0,6018;0,1689
16423;2021-03-08;T20-21;E0;Chelsea;Everton;2;0;1;1;0,2233;0,6425;0,1342
16424;2021-03-08;T20-21;E0;West Ham;Leeds;2;0;1;1;0,2796;0,451;0,2694
35533;2021-03-08;T20-21;I1;Inter;Atalanta;1;0;1;1;0,2177;0,6191;0,1632
6335;2021-03-10;T20-21;D1;Bielefeld;Werder Bremen;0;2;2;2;0,2846;0,3279;0,3875
16425;2021-03-10;T20-21;E0;Man City;Southampton;5;2;1;1;0,1555;0,7779;0,0667
26954;2021-03-10;T20-21;F1;Marseille;Rennes;1;0;1;1;0,2851;0,4684;0,2465
45635;2021-03-10;T20-21;SP1;Ath Madrid;Ath Bilbao;2;1;1;1;0,2599;0,5974;0,1426
58130;2021-03-12;T20-21;SP2;Vallecano;Zaragoza;3;2;1;1;0,2781;0,525;0,1969
58129;2021-03-12;T20-21;SP2;Cartagena;Ponferradina;1;1;0;1;0,2941;0,4058;0,3002
35535;2021-03-12;T20-21;I1;Atalanta;Spezia;3;1;1;1;0,1809;0,7347;0,0844
45636;2021-03-12;T20-21;SP1;Levante;Valencia;1;0;1;1;0,2929;0,4548;0,2523
26955;2021-03-12;T20-21;F1;Reims;Lyon;1;1;0;2;0,2144;0,2136;0,572
16426;2021-03-12;T20-21;E0;Newcastle;Aston Villa;1;1;0;1;0,2885;0,4106;0,3009
6336;2021-03-12;T20-21;D1;Augsburg;M'gladbach;3;1;1;2;0,2574;0,2835;0,4591
35534;2021-03-12;T20-21;I1;Lazio;Crotone;3;2;1;1;0,2159;0,6608;0,1233
35537;2021-03-13;T20-21;I1;Benevento;Fiorentina;1;4;2;2;0,2813;0,3284;0,3903
58134;2021-03-13;T20-21;SP2;Mirandes;Espanol;2;2;0;2;0,2392;0,28;0,4808
58133;2021-03-13;T20-21;SP2;Castellon;Sabadell;2;1;1;1;0,2829;0,4591;0,258
58132;2021-03-13;T20-21;SP2;Girona;Lugo;1;1;0;1;0,2823;0,4931;0,2246
58131;2021-03-13;T20-21;SP2;Fuenlabrada;Las Palmas;1;2;2;1;0,2747;0,5078;0,2175
45639;2021-03-13;T20-21;SP1;Osasuna;Valladolid;0;0;0;1;0,2935;0,4495;0,257
45638;2021-03-13;T20-21;SP1;Real Madrid;Elche;2;1;1;1;0,186;0,7807;0,0333
45637;2021-03-13;T20-21;SP1;Alaves;Cadiz;1;1;0;1;0,2872;0,4365;0,2763
35538;2021-03-13;T20-21;I1;Genoa;Udinese;1;1;0;2;0,2857;0,3438;0,3705
35536;2021-03-13;T20-21;I1;Sassuolo;Verona;3;2;1;1;0,2646;0,5265;0,2089
45640;2021-03-13;T20-21;SP1;Getafe;Ath Madrid;0;0;0;2;0,2137;0,2185;0,5677
26956;2021-03-13;T20-21;F1;Angers;St Etienne;0;1;2;1;0,2912;0,4707;0,2381
16430;2021-03-13;T20-21;E0;Fulham;Man City;0;3;2;2;0,1964;0,1738;0,6298
16429;2021-03-13;T20-21;E0;Everton;Burnley;1;2;2;1;0,2824;0,5068;0,2109
16428;2021-03-13;T20-21;E0;Crystal Palace;West Brom;1;0;1;1;0,2798;0,4562;0,264
16427;2021-03-13;T20-21;E0;Leeds;Chelsea;0;0;0;2;0,2398;0,2708;0,4894
6341;2021-03-13;T20-21;D1;Dortmund;Hertha;2;0;1;1;0,217;0,663;0,1199
6340;2021-03-13;T20-21;D1;Wolfsburg;Schalke 04;5;0;1;1;0,161;0,7627;0,0763
6339;2021-03-13;T20-21;D1;Werder Bremen;Bayern Munich;1;3;2;2;0,2004;0,1711;0,6285
6338;2021-03-13;T20-21;D1;Union Berlin;FC Koln;2;1;1;1;0,2745;0,5315;0,194
6337;2021-03-13;T20-21;D1;Mainz;Freiburg;1;0;1;1;0,283;0,426;0,291
26957;2021-03-13;T20-21;F1;Marseille;Brest;3;1;1;1;0,2769;0,5118;0,2113
35540;2021-03-14;T20-21;I1;Parma;Roma;2;0;1;2;0,209;0,2097;0,5814
35541;2021-03-14;T20-21;I1;Torino;Inter;1;2;2;2;0,2068;0,1976;0,5956
35542;2021-03-14;T20-21;I1;Cagliari;Juventus;1;3;2;2;0,2037;0,2008;0,5956
35543;2021-03-14;T20-21;I1;Milan;Napoli;0;1;2;1;0,2468;0,5201;0,2331
45641;2021-03-14;T20-21;SP1;Celta;Ath Bilbao;0;0;0;1;0,2952;0,4042;0,3006
58136;2021-03-14;T20-21;SP2;Sp Gijon;Mallorca;2;0;1;1;0,2559;0,3862;0,3579
45643;2021-03-14;T20-21;SP1;Eibar;Villarreal;1;3;2;1;0,2756;0,4314;0,293
45644;2021-03-14;T20-21;SP1;Sevilla;Betis;1;0;1;1;0,2656;0,5549;0,1795
58135;2021-03-14;T20-21;SP2;Logrones;Malaga;0;1;2;2;0,283;0,3301;0,3869
35539;2021-03-14;T20-21;I1;Bologna;Sampdoria;3;1;1;1;0,263;0,5142;0,2228
58137;2021-03-14;T20-21;SP2;Tenerife;Albacete;2;0;1;1;0,2763;0,4938;0,2299
45642;2021-03-14;T20-21;SP1;Granada;Sociedad;1;0;1;2;0,2702;0,3267;0,4031
26964;2021-03-14;T20-21;F1;Paris SG;Nantes;1;2;2;1;0,1405;0,8026;0,0569
26959;2021-03-14;T20-21;F1;Dijon;Bordeaux;1;3;2;2;0,2815;0,3267;0,3918
26962;2021-03-14;T20-21;F1;Rennes;Strasbourg;1;0;1;1;0,2823;0,4949;0,2228
26961;2021-03-14;T20-21;F1;Lorient;Nice;1;1;0;1;0,2894;0,3667;0,3439
26960;2021-03-14;T20-21;F1;Lens;Metz;2;2;0;1;0,274;0,5297;0,1964
26958;2021-03-14;T20-21;F1;Nimes;Montpellier;1;1;0;1;0,282;0,3653;0,3527
16434;2021-03-14;T20-21;E0;Man United;West Ham;1;0;1;1;0,2206;0,6483;0,1311
16433;2021-03-14;T20-21;E0;Arsenal;Tottenham;2;1;1;1;0,27;0,4382;0,2919
16432;2021-03-14;T20-21;E0;Leicester;Sheffield United;5;0;1;1;0,189;0,7237;0,0873
16431;2021-03-14;T20-21;E0;Southampton;Brighton;1;2;2;1;0,2921;0,4557;0,2523
6344;2021-03-14;T20-21;D1;Stuttgart;Hoffenheim;2;0;1;1;0,2761;0,4512;0,2727
6343;2021-03-14;T20-21;D1;RB Leipzig;Ein Frankfurt;1;1;0;1;0,2088;0,6681;0,123
6342;2021-03-14;T20-21;D1;Leverkusen;Bielefeld;1;2;2;1;0,1978;0,7292;0,073
58138;2021-03-14;T20-21;SP2;Oviedo;Leganes;1;3;2;2;0,2743;0,3501;0,3756
26963;2021-03-14;T20-21;F1;Monaco;Lille;0;0;0;1;0,2542;0,4336;0,3123
58139;2021-03-15;T20-21;SP2;Almeria;Alcorcon;0;0;0;1;0,2626;0,5764;0,161
45645;2021-03-15;T20-21;SP1;Barcelona;Huesca;4;1;1;1;0,1631;0,7718;0,0651
16435;2021-03-15;T20-21;E0;Wolves;Liverpool;0;1;2;2;0,2442;0,2529;0,5028
35544;2021-03-17;T20-21;I1;Torino;Sassuolo;3;2;1;1;0,2698;0,408;0,3222
45646;2021-03-17;T20-21;SP1;Sevilla;Elche;2;0;1;1;0,212;0,6992;0,0889
45647;2021-03-19;T20-21;SP1;Betis;Levante;2;0;1;1;0,269;0,5317;0,1993
35545;2021-03-19;T20-21;I1;Parma;Genoa;1;2;2;1;0,2805;0,4763;0,2432
58140;2021-03-19;T20-21;SP2;Las Palmas;Girona;1;2;2;1;0,296;0,4136;0,2905
16436;2021-03-19;T20-21;E0;Fulham;Leeds;1;2;2;2;0,2768;0,333;0,3902
6345;2021-03-19;T20-21;D1;Bielefeld;RB Leipzig;0;1;2;2;0,2034;0,1896;0,607
26965;2021-03-19;T20-21;F1;St Etienne;Monaco;0;4;2;2;0,2386;0,2754;0,486
45649;2021-03-20;T20-21;SP1;Celta;Real Madrid;1;3;2;2;0,2106;0,2065;0,5829
58144;2021-03-20;T20-21;SP2;Espanol;Logrones;4;0;1;1;0,232;0,7222;0,0458
58143;2021-03-20;T20-21;SP2;Leganes;Fuenlabrada;0;2;2;1;0,2611;0,5718;0,1671
58142;2021-03-20;T20-21;SP2;Mallorca;Oviedo;0;0;0;1;0,2407;0,6146;0,1446
58141;2021-03-20;T20-21;SP2;Sabadell;Sp Gijon;1;1;0;2;0,2778;0,3348;0,3874
45651;2021-03-20;T20-21;SP1;Valladolid;Sevilla;1;1;0;2;0,2226;0,244;0,5335
45650;2021-03-20;T20-21;SP1;Huesca;Osasuna;0;0;0;1;0,2873;0,4542;0,2585
35547;2021-03-20;T20-21;I1;Spezia;Cagliari;2;1;1;1;0,2885;0,4513;0,2602
45648;2021-03-20;T20-21;SP1;Ath Bilbao;Eibar;1;1;0;1;0,2877;0,4828;0,2295
26967;2021-03-20;T20-21;F1;Nice;Marseille;3;0;1;2;0,2794;0,3564;0,3642
26966;2021-03-20;T20-21;F1;Metz;Rennes;1;3;2;1;0,2892;0,433;0,2778
16437;2021-03-20;T20-21;E0;Brighton;Newcastle;3;0;1;1;0,283;0,4822;0,2348
6350;2021-03-20;T20-21;D1;Schalke 04;M'gladbach;0;3;2;2;0,2495;0,26;0,4905
6349;2021-03-20;T20-21;D1;Werder Bremen;Wolfsburg;1;2;2;2;0,244;0,279;0,477
6348;2021-03-20;T20-21;D1;FC Koln;Dortmund;2;2;0;2;0,2179;0,2223;0,5598
6347;2021-03-20;T20-21;D1;Ein Frankfurt;Union Berlin;5;2;1;1;0,255;0,5705;0,1746
6346;2021-03-20;T20-21;D1;Bayern Munich;Stuttgart;4;0;1;1;0,1561;0,7637;0,0802
35546;2021-03-20;T20-21;I1;Crotone;Bologna;2;3;2;2;0,2809;0,3154;0,4037
35552;2021-03-21;T20-21;I1;Fiorentina;Milan;2;3;2;2;0,2437;0,311;0,4453
35553;2021-03-21;T20-21;I1;Roma;Napoli;0;2;2;1;0,2591;0,4415;0,2994
45652;2021-03-21;T20-21;SP1;Getafe;Elche;1;1;0;1;0,2367;0,5574;0,2059
45653;2021-03-21;T20-21;SP1;Valencia;Granada;2;1;1;1;0,2804;0,4754;0,2442
45654;2021-03-21;T20-21;SP1;Villarreal;Cadiz;2;1;1;1;0,2007;0,6617;0,1377
58147;2021-03-21;T20-21;SP2;Lugo;Castellon;0;0;0;1;0,2906;0,4609;0,2485
45656;2021-03-21;T20-21;SP1;Sociedad;Barcelona;1;6;2;2;0,2247;0,2299;0,5453
58145;2021-03-21;T20-21;SP2;Ponferradina;Almeria;2;1;1;2;0,2652;0,3602;0,3747
58146;2021-03-21;T20-21;SP2;Malaga;Tenerife;1;1;0;1;0,2867;0,4817;0,2316
58148;2021-03-21;T20-21;SP2;Alcorcon;Vallecano;0;3;2;1;0,2823;0,3928;0,325
35551;2021-03-21;T20-21;I1;Udinese;Lazio;0;1;2;2;0,2572;0,3096;0,4331
45655;2021-03-21;T20-21;SP1;Ath Madrid;Alaves;1;0;1;1;0,1935;0,7521;0,0544
35550;2021-03-21;T20-21;I1;Sampdoria;Torino;1;0;1;1;0,2777;0,4726;0,2497
26968;2021-03-21;T20-21;F1;Strasbourg;Lens;1;2;2;1;0,2785;0,3629;0,3586
35548;2021-03-21;T20-21;I1;Verona;Atalanta;0;2;2;2;0,2296;0,2443;0,5261
6351;2021-03-21;T20-21;D1;Hoffenheim;Mainz;1;2;2;1;0,261;0,547;0,1921
35549;2021-03-21;T20-21;I1;Juventus;Benevento;0;1;2;1;0,2225;0,6509;0,1266
6353;2021-03-21;T20-21;D1;Freiburg;Augsburg;2;0;1;1;0,2921;0,4618;0,2461
16438;2021-03-21;T20-21;E0;West Ham;Arsenal;3;3;0;1;0,2752;0,3752;0,3497
16439;2021-03-21;T20-21;E0;Aston Villa;Tottenham;0;2;2;1;0,2732;0,3777;0,3491
6352;2021-03-21;T20-21;D1;Hertha;Leverkusen;3;0;1;2;0,2448;0,2779;0,4773
26970;2021-03-21;T20-21;F1;Dijon;Reims;0;1;2;2;0,2847;0,3362;0,3791
26971;2021-03-21;T20-21;F1;Montpellier;Bordeaux;3;1;1;1;0,2626;0,5495;0,1879
26972;2021-03-21;T20-21;F1;Nantes;Lorient;1;1;0;1;0,284;0,4756;0,2404
26973;2021-03-21;T20-21;F1;Lille;Nimes;1;2;2;1;0,2174;0,6694;0,1132
26974;2021-03-21;T20-21;F1;Lyon;Paris SG;2;4;2;1;0,2449;0,4875;0,2677
26969;2021-03-21;T20-21;F1;Brest;Angers;0;0;0;1;0,2961;0,4046;0,2993
58149;2021-03-22;T20-21;SP2;Albacete;Cartagena;2;0;1;1;0,2883;0,4642;0,2474
58150;2021-03-22;T20-21;SP2;Zaragoza;Mirandes;1;0;1;1;0,2836;0,4682;0,2482
58151;2021-03-26;T20-21;SP2;Sp Gijon;Alcorcon;0;0;0;1;0,2633;0,5653;0,1714
58152;2021-03-26;T20-21;SP2;Castellon;Espanol;1;3;2;2;0,223;0,2391;0,5379
58153;2021-03-27;T20-21;SP2;Oviedo;Ponferradina;1;1;0;1;0,2911;0,451;0,2579
58154;2021-03-27;T20-21;SP2;Almeria;Leganes;1;1;0;1;0,2726;0,5096;0,2177
58155;2021-03-27;T20-21;SP2;Cartagena;Malaga;1;1;0;2;0,2838;0,3362;0,38
58156;2021-03-27;T20-21;SP2;Logrones;Zaragoza;1;1;0;2;0,2856;0,335;0,3795
58158;2021-03-28;T20-21;SP2;Girona;Albacete;2;1;1;1;0,2696;0,51;0,2204
58157;2021-03-28;T20-21;SP2;Lugo;Sabadell;0;1;2;1;0,2724;0,4961;0,2315
58159;2021-03-28;T20-21;SP2;Tenerife;Las Palmas;1;1;0;1;0,2791;0,497;0,2238
58160;2021-03-29;T20-21;SP2;Fuenlabrada;Mallorca;4;1;1;1;0,2691;0,413;0,3179
58161;2021-03-30;T20-21;SP2;Alcorcon;Oviedo;1;1;0;1;0,2933;0,4173;0,2894
58162;2021-03-30;T20-21;SP2;Malaga;Almeria;0;3;2;1;0,277;0,4117;0,3113
58163;2021-03-30;T20-21;SP2;Ponferradina;Logrones;2;2;0;1;0,2498;0,6436;0,1065
58164;2021-03-30;T20-21;SP2;Vallecano;Sp Gijon;0;1;2;1;0,2749;0,5252;0,1999
58165;2021-03-31;T20-21;SP2;Albacete;Castellon;0;1;2;1;0,2774;0,4813;0,2413
58166;2021-03-31;T20-21;SP2;Sabadell;Girona;2;2;0;1;0,2896;0,3658;0,3446
58167;2021-04-01;T20-21;SP2;Espanol;Fuenlabrada;4;0;1;1;0,2146;0,6711;0,1144
58168;2021-04-01;T20-21;SP2;Mallorca;Leganes;1;0;1;1;0,2636;0,5504;0,186
58169;2021-04-01;T20-21;SP2;Las Palmas;Lugo;6;1;1;1;0,2909;0,4624;0,2467
58170;2021-04-01;T20-21;SP2;Zaragoza;Cartagena;0;0;0;1;0,2732;0,5022;0,2246
58171;2021-04-02;T20-21;SP2;Almeria;Vallecano;0;1;2;1;0,267;0,53;0,203
45657;2021-04-02;T20-21;SP1;Levante;Huesca;0;2;2;1;0,2972;0,4378;0,265
35557;2021-04-03;T20-21;I1;Cagliari;Verona;0;2;2;1;0,2884;0,4373;0,2742
58173;2021-04-03;T20-21;SP2;Girona;Ponferradina;3;1;1;1;0,2754;0,5161;0,2085
58172;2021-04-03;T20-21;SP2;Logrones;Tenerife;1;0;1;2;0,282;0,3291;0,3889
45660;2021-04-03;T20-21;SP1;Osasuna;Getafe;0;0;0;1;0,2912;0,3566;0,3522
45659;2021-04-03;T20-21;SP1;Real Madrid;Eibar;2;0;1;1;0,1376;0,8034;0,059
45658;2021-04-03;T20-21;SP1;Granada;Villarreal;0;3;2;2;0,2708;0,3429;0,3864
35562;2021-04-03;T20-21;I1;Torino;Juventus;2;2;0;2;0,2105;0,2128;0,5767
35560;2021-04-03;T20-21;I1;Napoli;Crotone;4;3;1;1;0,2352;0,626;0,1388
35559;2021-04-03;T20-21;I1;Lazio;Spezia;2;1;1;1;0,2157;0,6623;0,122
35558;2021-04-03;T20-21;I1;Genoa;Fiorentina;1;1;0;2;0,2799;0,3212;0,399
35556;2021-04-03;T20-21;I1;Benevento;Parma;2;2;0;1;0,294;0,4163;0,2897
58174;2021-04-03;T20-21;SP2;Castellon;Oviedo;1;0;1;2;0,2884;0,3541;0,3575
35554;2021-04-03;T20-21;I1;Milan;Sampdoria;1;1;0;1;0,1898;0,7216;0,0886
35555;2021-04-03;T20-21;I1;Atalanta;Udinese;3;2;1;1;0,1979;0,706;0,0961
6354;2021-04-03;T20-21;D1;Augsburg;Hoffenheim;2;1;1;2;0,275;0,3262;0,3988
6356;2021-04-03;T20-21;D1;Leverkusen;Schalke 04;2;1;1;1;0,1779;0,7371;0,085
6357;2021-04-03;T20-21;D1;Mainz;Bielefeld;1;1;0;1;0,2135;0,6102;0,1763
6358;2021-04-03;T20-21;D1;Wolfsburg;FC Koln;1;0;1;1;0,1867;0,7241;0,0892
6355;2021-04-03;T20-21;D1;Dortmund;Ein Frankfurt;1;2;2;1;0,2462;0,5335;0,2203
6360;2021-04-03;T20-21;D1;M'gladbach;Freiburg;2;1;1;1;0,2457;0,5786;0,1758
26975;2021-04-03;T20-21;F1;Monaco;Metz;4;0;1;1;0,2155;0,6691;0,1154
26976;2021-04-03;T20-21;F1;Paris SG;Lille;0;1;2;1;0,2097;0,666;0,1242
26977;2021-04-03;T20-21;F1;Lens;Lyon;1;1;0;2;0,2386;0,2768;0,4846
6359;2021-04-03;T20-21;D1;RB Leipzig;Bayern Munich;0;1;2;2;0,2618;0,3668;0,3714
45661;2021-04-04;T20-21;SP1;Alaves;Celta;1;3;2;1;0,2937;0,4234;0,2829
58179;2021-04-04;T20-21;SP2;Las Palmas;Mallorca;1;1;0;1;0,2705;0,3949;0,3347
58178;2021-04-04;T20-21;SP2;Lugo;Malaga;0;1;2;1;0,2941;0,3802;0,3257
58177;2021-04-04;T20-21;SP2;Leganes;Sabadell;2;1;1;1;0,2246;0,6224;0,153
58176;2021-04-04;T20-21;SP2;Albacete;Espanol;0;3;2;2;0,2118;0,2199;0,5684
58175;2021-04-04;T20-21;SP2;Sp Gijon;Mirandes;1;2;2;1;0,2547;0,5833;0,162
45663;2021-04-04;T20-21;SP1;Cadiz;Valencia;2;1;1;2;0,2826;0,3325;0,385
26984;2021-04-04;T20-21;F1;Marseille;Dijon;2;0;1;1;0,2188;0,6143;0,1669
45664;2021-04-04;T20-21;SP1;Sevilla;Ath Madrid;1;0;1;1;0,255;0,393;0,3519
26981;2021-04-04;T20-21;F1;Nantes;Nice;1;2;2;2;0,2852;0,3512;0,3636
26980;2021-04-04;T20-21;F1;Lorient;Brest;1;0;1;1;0,293;0,4171;0,2899
26979;2021-04-04;T20-21;F1;Bordeaux;Strasbourg;2;3;2;1;0,2867;0,478;0,2354
26978;2021-04-04;T20-21;F1;Angers;Montpellier;1;1;0;2;0,2763;0,3411;0,3826
16445;2021-04-04;T20-21;E0;Newcastle;Tottenham;2;2;0;2;0,2404;0,2728;0,4868
6362;2021-04-04;T20-21;D1;Union Berlin;Hertha;1;1;0;1;0,275;0,5168;0,2081
6361;2021-04-04;T20-21;D1;Stuttgart;Werder Bremen;1;0;1;1;0,2701;0,5289;0,2011
26982;2021-04-04;T20-21;F1;Reims;Rennes;2;2;0;1;0,2885;0,4268;0,2848
58180;2021-04-05;T20-21;SP2;Cartagena;Alcorcon;2;1;1;1;0,2962;0,3886;0,3152
58181;2021-04-05;T20-21;SP2;Fuenlabrada;Zaragoza;0;1;2;1;0,2849;0,4932;0,2219
35564;2021-04-07;T20-21;I1;Inter;Sassuolo;2;1;1;1;0,1754;0,7391;0,0855
35565;2021-04-07;T20-21;I1;Juventus;Napoli;2;1;1;1;0,2245;0,6;0,1755
58182;2021-04-09;T20-21;SP2;Tenerife;Sp Gijon;1;0;1;1;0,2923;0,4366;0,2711
45667;2021-04-09;T20-21;SP1;Huesca;Elche;3;1;1;1;0,2634;0,493;0,2436
16450;2021-04-09;T20-21;E0;Fulham;Wolves;0;1;2;1;0,2917;0,409;0,2993
6363;2021-04-09;T20-21;D1;Bielefeld;Freiburg;1;0;1;1;0,2862;0,3855;0,3282
26985;2021-04-09;T20-21;F1;Metz;Lille;0;2;2;2;0,2287;0,2463;0,525
35567;2021-04-10;T20-21;I1;Parma;Milan;1;3;2;2;0,2195;0,2289;0,5516
58185;2021-04-10;T20-21;SP2;Vallecano;Girona;2;1;1;1;0,2782;0,5174;0,2043
58184;2021-04-10;T20-21;SP2;Oviedo;Las Palmas;0;0;0;1;0,293;0,41;0,2969
58183;2021-04-10;T20-21;SP2;Ponferradina;Fuenlabrada;0;0;0;1;0,2923;0,4422;0,2655
45671;2021-04-10;T20-21;SP1;Real Madrid;Barcelona;2;1;1;1;0,2557;0,4267;0,3176
45670;2021-04-10;T20-21;SP1;Eibar;Levante;0;1;2;1;0,2787;0,4733;0,2481
45669;2021-04-10;T20-21;SP1;Ath Bilbao;Alaves;0;0;0;1;0,2044;0,6376;0,158
45668;2021-04-10;T20-21;SP1;Getafe;Cadiz;0;1;2;1;0,2635;0,5022;0,2343
35568;2021-04-10;T20-21;I1;Udinese;Torino;0;1;2;1;0,2862;0,4468;0,267
35566;2021-04-10;T20-21;I1;Spezia;Crotone;3;2;1;1;0,249;0,5596;0,1913
6367;2021-04-10;T20-21;D1;Werder Bremen;RB Leipzig;1;4;2;2;0,2094;0,2049;0,5857
26986;2021-04-10;T20-21;F1;Strasbourg;Paris SG;1;4;2;2;0,2158;0,2175;0,5667
16453;2021-04-10;T20-21;E0;Crystal Palace;Chelsea;1;4;2;2;0,2384;0,2622;0,4993
16452;2021-04-10;T20-21;E0;Liverpool;Aston Villa;2;1;1;1;0,198;0,7011;0,1009
16451;2021-04-10;T20-21;E0;Man City;Leeds;1;2;2;1;0,1698;0,7536;0,0766
6368;2021-04-10;T20-21;D1;Stuttgart;Dortmund;2;3;2;2;0,2473;0,2806;0,4721
6366;2021-04-10;T20-21;D1;Hertha;M'gladbach;2;2;0;2;0,2552;0,291;0,4538
6365;2021-04-10;T20-21;D1;Ein Frankfurt;Wolfsburg;4;3;1;1;0,2634;0,4417;0,2949
6364;2021-04-10;T20-21;D1;Bayern Munich;Union Berlin;1;1;0;1;0,1501;0,8025;0,0473
26987;2021-04-10;T20-21;F1;Montpellier;Marseille;3;3;0;1;0,2833;0,4481;0,2686
35572;2021-04-11;T20-21;I1;Verona;Lazio;0;1;2;2;0,2642;0,3583;0,3775
35573;2021-04-11;T20-21;I1;Roma;Bologna;1;0;1;1;0,1924;0,6996;0,108
35574;2021-04-11;T20-21;I1;Fiorentina;Atalanta;2;3;2;2;0,2233;0,233;0,5438
45673;2021-04-11;T20-21;SP1;Valencia;Sociedad;2;2;0;1;0,281;0,4534;0,2656
45674;2021-04-11;T20-21;SP1;Valladolid;Granada;1;2;2;1;0,2902;0,4111;0,2987
58188;2021-04-11;T20-21;SP2;Mallorca;Lugo;2;0;1;1;0,2189;0,6495;0,1315
58186;2021-04-11;T20-21;SP2;Malaga;Albacete;2;0;1;1;0,2627;0,5218;0,2154
58187;2021-04-11;T20-21;SP2;Zaragoza;Almeria;2;1;1;2;0,2678;0,342;0,3902
35571;2021-04-11;T20-21;I1;Sampdoria;Napoli;0;2;2;2;0,2196;0,2295;0,5509
58189;2021-04-11;T20-21;SP2;Mirandes;Logrones;0;1;2;1;0,2298;0,6274;0,1429
58190;2021-04-11;T20-21;SP2;Sabadell;Cartagena;1;1;0;1;0,29;0,4605;0,2495
58191;2021-04-11;T20-21;SP2;Espanol;Leganes;2;1;1;1;0,2199;0,6555;0,1245
45675;2021-04-11;T20-21;SP1;Betis;Ath Madrid;1;1;0;2;0,2467;0,3028;0,4505
35570;2021-04-11;T20-21;I1;Juventus;Genoa;3;1;1;1;0,1579;0,777;0,0651
45672;2021-04-11;T20-21;SP1;Villarreal;Osasuna;1;2;2;1;0,2273;0,6154;0,1574
26994;2021-04-11;T20-21;F1;Lyon;Angers;3;0;1;1;0,1787;0,741;0,0803
6369;2021-04-11;T20-21;D1;Schalke 04;Augsburg;1;0;1;2;0,286;0,3339;0,3801
6370;2021-04-11;T20-21;D1;FC Koln;Mainz;2;3;2;1;0,2938;0,3949;0,3112
16454;2021-04-11;T20-21;E0;Burnley;Newcastle;1;2;2;1;0,2917;0,4532;0,2551
16455;2021-04-11;T20-21;E0;West Ham;Leicester;3;2;1;1;0,2684;0,3926;0,339
16457;2021-04-11;T20-21;E0;Sheffield United;Arsenal;0;3;2;2;0,2628;0,2849;0,4523
16456;2021-04-11;T20-21;E0;Tottenham;Man United;1;3;2;2;0,2557;0,3555;0,3889
26989;2021-04-11;T20-21;F1;Brest;Nimes;1;1;0;1;0,2943;0,4528;0,2529
26990;2021-04-11;T20-21;F1;Lens;Lorient;4;1;1;1;0,2651;0,5586;0,1762
26991;2021-04-11;T20-21;F1;Nice;Reims;0;0;0;1;0,2595;0,5517;0,1888
26992;2021-04-11;T20-21;F1;St Etienne;Bordeaux;4;1;1;1;0,2864;0,4762;0,2374
26993;2021-04-11;T20-21;F1;Monaco;Dijon;3;0;1;1;0,2247;0,6889;0,0864
26988;2021-04-11;T20-21;F1;Rennes;Nantes;1;0;1;1;0,2441;0,5955;0,1603
35569;2021-04-11;T20-21;I1;Inter;Cagliari;1;0;1;1;0,1601;0,7753;0,0646
35575;2021-04-12;T20-21;I1;Benevento;Sassuolo;0;1;2;2;0,2727;0,3354;0,3919
58192;2021-04-12;T20-21;SP2;Alcorcon;Castellon;2;1;1;1;0,2739;0,4871;0,239
45676;2021-04-12;T20-21;SP1;Celta;Sevilla;3;4;2;2;0,2436;0,2775;0,479
16459;2021-04-12;T20-21;E0;Brighton;Everton;0;0;0;1;0,2788;0,4578;0,2634
6371;2021-04-12;T20-21;D1;Hoffenheim;Leverkusen;0;0;0;1;0,2677;0,4192;0,3131
16458;2021-04-12;T20-21;E0;West Brom;Southampton;3;0;1;1;0,2854;0,3635;0,3511
58193;2021-04-14;T20-21;SP2;Vallecano;Mirandes;0;1;2;1;0,2495;0,5915;0,159
6372;2021-04-16;T20-21;D1;RB Leipzig;Hoffenheim;0;0;0;1;0,2316;0,6231;0,1453
16460;2021-04-16;T20-21;E0;Everton;Tottenham;2;2;0;2;0,2678;0,3521;0,3801
26995;2021-04-16;T20-21;F1;Lille;Montpellier;1;1;0;1;0,2506;0,5761;0,1734
58194;2021-04-16;T20-21;SP2;Fuenlabrada;Sabadell;2;2;0;1;0,2293;0,5881;0,1826
58195;2021-04-16;T20-21;SP2;Girona;Zaragoza;3;0;1;1;0,2843;0,5034;0,2124
35576;2021-04-17;T20-21;I1;Crotone;Udinese;1;2;2;1;0,2963;0,361;0,3427
58198;2021-04-17;T20-21;SP2;Las Palmas;Malaga;1;1;0;1;0,2954;0,4121;0,2925
58197;2021-04-17;T20-21;SP2;Castellon;Mallorca;1;0;1;2;0,235;0,2668;0,4981
58199;2021-04-17;T20-21;SP2;Sp Gijon;Oviedo;0;1;2;1;0,2818;0,5166;0,2016
35579;2021-04-17;T20-21;I1;Cagliari;Parma;4;3;1;1;0,2845;0,4605;0,2549
35578;2021-04-17;T20-21;I1;Sassuolo;Fiorentina;3;1;1;1;0,2695;0,5106;0,2199
35577;2021-04-17;T20-21;I1;Sampdoria;Verona;3;1;1;1;0,2854;0,4571;0,2575
26997;2021-04-17;T20-21;F1;Marseille;Lorient;3;2;1;1;0,235;0,622;0,143
58196;2021-04-17;T20-21;SP2;Lugo;Alcorcon;1;3;2;1;0,2973;0,4145;0,2881
16462;2021-04-17;T20-21;E0;Wolves;Sheffield United;1;0;1;1;0,2112;0,6649;0,1239
16461;2021-04-17;T20-21;E0;Newcastle;West Ham;3;2;1;1;0,2723;0,4314;0,2963
6378;2021-04-17;T20-21;D1;Leverkusen;FC Koln;3;0;1;1;0,2106;0,6735;0,1159
6377;2021-04-17;T20-21;D1;Wolfsburg;Bayern Munich;2;3;2;2;0,2372;0,253;0,5098
6376;2021-04-17;T20-21;D1;Union Berlin;Stuttgart;2;1;1;1;0,2798;0,4457;0,2744
6375;2021-04-17;T20-21;D1;M'gladbach;Ein Frankfurt;4;0;1;1;0,2504;0,4968;0,2528
6374;2021-04-17;T20-21;D1;Freiburg;Schalke 04;4;0;1;1;0,2776;0,5081;0,2143
6373;2021-04-17;T20-21;D1;Augsburg;Bielefeld;0;0;0;1;0,2764;0,4769;0,2467
26996;2021-04-17;T20-21;F1;Angers;Rennes;0;3;2;1;0,2869;0,3902;0,3228
35585;2021-04-18;T20-21;I1;Napoli;Inter;1;1;0;1;0,2303;0,5647;0,205
45677;2021-04-18;T20-21;SP1;Osasuna;Elche;2;0;1;1;0,265;0,5012;0,2339
45678;2021-04-18;T20-21;SP1;Sociedad;Sevilla;1;2;2;1;0,262;0,3893;0,3487
45679;2021-04-18;T20-21;SP1;Alaves;Huesca;1;0;1;1;0,2948;0,3982;0,307
45680;2021-04-18;T20-21;SP1;Ath Madrid;Eibar;5;0;1;1;0,1935;0,7028;0,1037
58201;2021-04-18;T20-21;SP2;Logrones;Vallecano;0;0;0;2;0,2605;0,301;0,4385
45682;2021-04-18;T20-21;SP1;Cadiz;Celta;0;0;0;1;0,2958;0,425;0,2792
45683;2021-04-18;T20-21;SP1;Getafe;Real Madrid;0;0;0;2;0,1987;0,1865;0,6148
45684;2021-04-18;T20-21;SP1;Levante;Villarreal;1;5;2;2;0,2618;0,3142;0,424
35584;2021-04-18;T20-21;I1;Torino;Roma;3;1;1;2;0,2376;0,2719;0,4905
58202;2021-04-18;T20-21;SP2;Cartagena;Tenerife;0;0;0;2;0,2873;0,3492;0,3636
45681;2021-04-18;T20-21;SP1;Betis;Valencia;2;2;0;1;0,2778;0,5183;0,2039
35583;2021-04-18;T20-21;I1;Lazio;Benevento;5;3;1;1;0,1851;0,7245;0,0904
58200;2021-04-18;T20-21;SP2;Albacete;Mirandes;1;0;1;1;0,2906;0,3843;0,325
35581;2021-04-18;T20-21;I1;Atalanta;Juventus;1;0;1;1;0,249;0,4927;0,2583
35580;2021-04-18;T20-21;I1;Milan;Genoa;2;1;1;1;0,1361;0,8176;0,0463
27004;2021-04-18;T20-21;F1;Nantes;Lyon;1;2;2;2;0,2117;0,2176;0,5707
27003;2021-04-18;T20-21;F1;Bordeaux;Monaco;0;3;2;2;0,2256;0,2478;0,5266
27002;2021-04-18;T20-21;F1;Reims;Metz;0;0;0;1;0,2852;0,4831;0,2316
27001;2021-04-18;T20-21;F1;Nimes;Strasbourg;1;1;0;1;0,2947;0,4165;0,2888
27000;2021-04-18;T20-21;F1;Dijon;Nice;2;0;1;2;0,2685;0,2962;0,4353
26999;2021-04-18;T20-21;F1;Brest;Lens;1;1;0;2;0,2693;0,3395;0,3912
26998;2021-04-18;T20-21;F1;Paris SG;St Etienne;3;2;1;1;0,1774;0,7458;0,0767
16464;2021-04-18;T20-21;E0;Man United;Burnley;3;1;1;1;0,1598;0,7713;0,0689
35582;2021-04-18;T20-21;I1;Bologna;Spezia;4;1;1;1;0,2584;0,5357;0,2059
16463;2021-04-18;T20-21;E0;Arsenal;Fulham;1;1;0;1;0,2147;0,6321;0,1532
6379;2021-04-18;T20-21;D1;Dortmund;Werder Bremen;4;1;1;1;0,196;0,7094;0,0946
58203;2021-04-19;T20-21;SP2;Leganes;Ponferradina;1;1;0;1;0,2748;0,5382;0,187
58204;2021-04-19;T20-21;SP2;Almeria;Espanol;1;1;0;2;0,2491;0,3222;0,4287
16465;2021-04-19;T20-21;E0;Leeds;Liverpool;1;1;0;2;0,2505;0,28;0,4694
6380;2021-04-20;T20-21;D1;FC Koln;RB Leipzig;2;1;1;2;0,2116;0,1986;0,5898
6381;2021-04-20;T20-21;D1;Bayern Munich;Leverkusen;2;0;1;1;0,1836;0,7336;0,0828
6382;2021-04-20;T20-21;D1;Bielefeld;Schalke 04;1;0;1;1;0,2867;0,4566;0,2567
6383;2021-04-20;T20-21;D1;Ein Frankfurt;Augsburg;2;0;1;1;0,2358;0,6273;0,1369
16466;2021-04-20;T20-21;E0;Chelsea;Brighton;0;0;0;1;0,1632;0,7556;0,0812
35586;2021-04-20;T20-21;I1;Verona;Fiorentina;1;2;2;1;0,2867;0,4573;0,256
35592;2021-04-21;T20-21;I1;Spezia;Inter;1;1;0;2;0,208;0,1908;0,6012
35593;2021-04-21;T20-21;I1;Udinese;Cagliari;0;1;2;1;0,273;0,5042;0,2227
45685;2021-04-21;T20-21;SP1;Levante;Sevilla;0;1;2;2;0,2372;0,2714;0,4913
45686;2021-04-21;T20-21;SP1;Osasuna;Valencia;3;1;1;1;0,2965;0,4005;0,303
45690;2021-04-21;T20-21;SP1;Cadiz;Real Madrid;0;3;2;2;0,2085;0,1938;0,5977
45688;2021-04-21;T20-21;SP1;Alaves;Villarreal;2;1;1;2;0,2499;0,2758;0,4743
45689;2021-04-21;T20-21;SP1;Elche;Valladolid;1;1;0;1;0,2934;0,4086;0,298
58205;2021-04-21;T20-21;SP2;Mirandes;Tenerife;0;0;0;1;0,2948;0,4393;0,2659
45687;2021-04-21;T20-21;SP1;Betis;Ath Bilbao;0;0;0;1;0,2888;0,4798;0,2315
35591;2021-04-21;T20-21;I1;Juventus;Parma;3;1;1;1;0,157;0,7781;0,065
6384;2021-04-21;T20-21;D1;Dortmund;Union Berlin;2;0;1;1;0,2156;0,6649;0,1195
35589;2021-04-21;T20-21;I1;Crotone;Sampdoria;0;1;2;2;0,288;0,3349;0,3771
35588;2021-04-21;T20-21;I1;Bologna;Torino;1;1;0;1;0,2718;0,4862;0,242
35587;2021-04-21;T20-21;I1;Milan;Sassuolo;1;2;2;1;0,1939;0,6986;0,1075
16468;2021-04-21;T20-21;E0;Aston Villa;Man City;1;2;2;2;0,2224;0,2074;0,5702
16467;2021-04-21;T20-21;E0;Tottenham;Southampton;2;1;1;1;0,2572;0,552;0,1907
6387;2021-04-21;T20-21;D1;Werder Bremen;Mainz;0;1;2;1;0,2929;0,4381;0,269
6386;2021-04-21;T20-21;D1;Stuttgart;Wolfsburg;1;3;2;1;0,2693;0,3791;0,3515
6385;2021-04-21;T20-21;D1;Hoffenheim;M'gladbach;3;2;1;2;0,2717;0,3586;0,3697
35590;2021-04-21;T20-21;I1;Genoa;Benevento;2;2;0;1;0,2794;0,487;0,2336
45692;2021-04-22;T20-21;SP1;Granada;Eibar;4;1;1;1;0,2909;0,4671;0,2419
45694;2021-04-22;T20-21;SP1;Barcelona;Getafe;5;2;1;1;0,1462;0,8043;0,0495
45691;2021-04-22;T20-21;SP1;Ath Madrid;Huesca;2;0;1;1;0,1904;0,7138;0,0959
45693;2021-04-22;T20-21;SP1;Sociedad;Celta;2;1;1;1;0,2666;0,5454;0,188
35594;2021-04-22;T20-21;I1;Roma;Atalanta;1;1;0;1;0,2527;0,3975;0,3498
35595;2021-04-22;T20-21;I1;Napoli;Lazio;5;2;1;1;0,2188;0,617;0,1642
16469;2021-04-22;T20-21;E0;Leicester;West Brom;3;0;1;1;0,1901;0,7053;0,1047
6388;2021-04-23;T20-21;D1;Augsburg;FC Koln;2;3;2;1;0,2921;0,4644;0,2435
16470;2021-04-23;T20-21;E0;Arsenal;Everton;0;1;2;1;0,2499;0,5678;0,1822
27005;2021-04-23;T20-21;F1;Reims;Marseille;1;3;2;1;0,2834;0,388;0,3286
58206;2021-04-23;T20-21;SP2;Zaragoza;Sp Gijon;0;0;0;1;0,2893;0,3595;0,3512
35598;2021-04-24;T20-21;I1;Sassuolo;Sampdoria;1;0;1;1;0,2706;0,5075;0,2219
45696;2021-04-24;T20-21;SP1;Valladolid;Cadiz;1;1;0;1;0,2795;0,4576;0,2629
45697;2021-04-24;T20-21;SP1;Valencia;Alaves;1;1;0;1;0,2189;0,5815;0,1997
45698;2021-04-24;T20-21;SP1;Real Madrid;Betis;0;0;0;1;0,1952;0,7134;0,0914
58209;2021-04-24;T20-21;SP2;Espanol;Las Palmas;4;0;1;1;0,209;0,6804;0,1105
58208;2021-04-24;T20-21;SP2;Malaga;Fuenlabrada;0;1;2;1;0,2933;0,4408;0,2659
35597;2021-04-24;T20-21;I1;Parma;Crotone;3;4;2;1;0,2737;0,5;0,2264
58210;2021-04-24;T20-21;SP2;Ponferradina;Lugo;2;0;1;1;0,2865;0,488;0,2255
58207;2021-04-24;T20-21;SP2;Logrones;Cartagena;0;1;2;1;0,2978;0,4178;0,2843
35596;2021-04-24;T20-21;I1;Genoa;Spezia;2;0;1;1;0,2858;0,4562;0,258
45695;2021-04-24;T20-21;SP1;Elche;Levante;1;0;1;1;0,2889;0,3654;0,3457
27006;2021-04-24;T20-21;F1;St Etienne;Brest;1;2;2;1;0,2633;0,5336;0,2031
16473;2021-04-24;T20-21;E0;Sheffield United;Brighton;1;0;1;2;0,2849;0,3186;0,3965
16472;2021-04-24;T20-21;E0;West Ham;Chelsea;0;1;2;2;0,2461;0,3052;0,4487
16471;2021-04-24;T20-21;E0;Liverpool;Newcastle;1;1;0;1;0,1702;0,7451;0,0847
6393;2021-04-24;T20-21;D1;Leverkusen;Ein Frankfurt;3;1;1;1;0,2505;0,5058;0,2436
6392;2021-04-24;T20-21;D1;Wolfsburg;Dortmund;0;2;2;1;0,262;0,4168;0,3211
6391;2021-04-24;T20-21;D1;Union Berlin;Werder Bremen;3;1;1;1;0,2814;0,5091;0,2095
6390;2021-04-24;T20-21;D1;Mainz;Bayern Munich;2;1;1;2;0,1969;0,1681;0,635
6389;2021-04-24;T20-21;D1;Freiburg;Hoffenheim;1;1;0;1;0,2865;0,3844;0,3291
27007;2021-04-24;T20-21;F1;Metz;Paris SG;1;3;2;2;0,2084;0,1974;0,5941
35602;2021-04-25;T20-21;I1;Cagliari;Roma;3;2;1;2;0,2405;0,2763;0,4833
35603;2021-04-25;T20-21;I1;Atalanta;Bologna;5;0;1;1;0,1905;0,7113;0,0983
58214;2021-04-25;T20-21;SP2;Tenerife;Castellon;1;1;0;1;0,2788;0,4946;0,2266
45699;2021-04-25;T20-21;SP1;Huesca;Getafe;0;2;2;2;0,2891;0,355;0,3559
45700;2021-04-25;T20-21;SP1;Villarreal;Barcelona;1;2;2;2;0,2226;0,227;0,5503
58212;2021-04-25;T20-21;SP2;Mirandes;Almeria;1;1;0;1;0,28;0,4124;0,3075
45702;2021-04-25;T20-21;SP1;Sevilla;Granada;2;1;1;1;0,2306;0,6357;0,1337
45703;2021-04-25;T20-21;SP1;Ath Bilbao;Ath Madrid;2;1;1;2;0,2219;0,2373;0,5408
58211;2021-04-25;T20-21;SP2;Oviedo;Girona;0;1;2;1;0,2874;0,3587;0,3539
58213;2021-04-25;T20-21;SP2;Alcorcon;Leganes;1;2;2;1;0,2847;0,4494;0,2659
35601;2021-04-25;T20-21;I1;Inter;Verona;1;0;1;1;0,1631;0,7693;0,0676
45701;2021-04-25;T20-21;SP1;Celta;Osasuna;2;1;1;1;0,2925;0,4436;0,2639
35600;2021-04-25;T20-21;I1;Fiorentina;Juventus;1;1;0;2;0,2142;0,2226;0,5632
27011;2021-04-25;T20-21;F1;Rennes;Dijon;5;1;1;1;0,2169;0,6876;0,0955
27014;2021-04-25;T20-21;F1;Lyon;Lille;2;3;2;1;0,2202;0,6303;0,1495
27013;2021-04-25;T20-21;F1;Angers;Monaco;0;1;2;2;0,2199;0,2317;0,5484
27012;2021-04-25;T20-21;F1;Strasbourg;Nantes;1;2;2;1;0,2947;0,4456;0,2597
27010;2021-04-25;T20-21;F1;Lorient;Bordeaux;4;1;1;1;0,2877;0,4634;0,2488
27009;2021-04-25;T20-21;F1;Lens;Nimes;2;1;1;1;0,2472;0,5945;0,1583
27008;2021-04-25;T20-21;F1;Nice;Montpellier;3;1;1;1;0,2839;0,44;0,2762
16476;2021-04-25;T20-21;E0;Aston Villa;West Brom;2;2;0;1;0,2314;0,586;0,1826
16475;2021-04-25;T20-21;E0;Leeds;Man United;0;0;0;2;0,2474;0,2984;0,4542
16474;2021-04-25;T20-21;E0;Wolves;Burnley;0;4;2;1;0,2723;0,5076;0,2201
6395;2021-04-25;T20-21;D1;M'gladbach;Bielefeld;5;0;1;1;0,2077;0,6732;0,119
6394;2021-04-25;T20-21;D1;RB Leipzig;Stuttgart;2;0;1;1;0,2032;0,6841;0,1127
35599;2021-04-25;T20-21;I1;Benevento;Udinese;2;4;2;1;0,293;0,3868;0,3203
58216;2021-04-26;T20-21;SP2;Sabadell;Mallorca;1;0;1;2;0,2538;0,2879;0,4583
45704;2021-04-26;T20-21;SP1;Eibar;Sociedad;0;1;2;1;0,2818;0,4234;0,2949
58215;2021-04-26;T20-21;SP2;Vallecano;Albacete;2;2;0;1;0,2214;0,6214;0,1571
35604;2021-04-26;T20-21;I1;Torino;Napoli;0;2;2;2;0,2327;0,254;0,5133
35605;2021-04-26;T20-21;I1;Lazio;Milan;3;0;1;1;0,2568;0,4115;0,3317
45705;2021-04-28;T20-21;SP1;Ath Bilbao;Valladolid;2;2;0;1;0,2505;0,5495;0,2
45706;2021-04-29;T20-21;SP1;Barcelona;Granada;1;2;2;1;0,1504;0,7866;0,063
16478;2021-04-30;T20-21;E0;Southampton;Leicester;1;1;0;2;0,2603;0,3238;0,4159
27015;2021-04-30;T20-21;F1;Marseille;Strasbourg;1;1;0;1;0,2566;0,571;0,1724
45707;2021-04-30;T20-21;SP1;Celta;Levante;2;0;1;1;0,2891;0,4651;0,2458
58217;2021-04-30;T20-21;SP2;Lugo;Zaragoza;2;2;0;1;0,2929;0,3629;0,3443
45708;2021-05-01;T20-21;SP1;Eibar;Alaves;3;0;1;1;0,2691;0,4856;0,2452
58219;2021-05-01;T20-21;SP2;Almeria;Oviedo;2;2;0;1;0,2672;0,5558;0,177
58218;2021-05-01;T20-21;SP2;Girona;Tenerife;1;0;1;1;0,2841;0,4993;0,2166
45711;2021-05-01;T20-21;SP1;Real Madrid;Osasuna;2;0;1;1;0,1655;0,7545;0,08
58220;2021-05-01;T20-21;SP2;Mallorca;Mirandes;2;1;1;1;0,249;0,599;0,152
45710;2021-05-01;T20-21;SP1;Huesca;Sociedad;1;0;1;2;0,2689;0,3178;0,4132
45709;2021-05-01;T20-21;SP1;Elche;Ath Madrid;0;1;2;2;0,2029;0,1962;0,6009
35608;2021-05-01;T20-21;I1;Milan;Benevento;2;0;1;1;0,174;0,7515;0,0744
16482;2021-05-01;T20-21;E0;Everton;Aston Villa;1;2;2;1;0,2867;0,4728;0,2405
35606;2021-05-01;T20-21;I1;Verona;Spezia;1;1;0;1;0,2604;0,5383;0,2013
27017;2021-05-01;T20-21;F1;Lille;Nice;2;0;1;1;0,2276;0,6431;0,1293
27016;2021-05-01;T20-21;F1;Paris SG;Lens;2;1;1;1;0,1466;0,7957;0,0577
16481;2021-05-01;T20-21;E0;Chelsea;Fulham;2;0;1;1;0,16;0,7674;0,0727
16480;2021-05-01;T20-21;E0;Brighton;Leeds;2;0;1;1;0,2805;0,4196;0,2999
16479;2021-05-01;T20-21;E0;Crystal Palace;Man City;0;2;2;2;0,2047;0,1845;0,6108
35607;2021-05-01;T20-21;I1;Crotone;Inter;0;2;2;2;0,1911;0,1652;0,6437
35614;2021-05-02;T20-21;I1;Sampdoria;Roma;2;0;1;2;0,2574;0,3245;0,4181
45712;2021-05-02;T20-21;SP1;Valladolid;Betis;1;1;0;1;0,2894;0,3787;0,3318
45713;2021-05-02;T20-21;SP1;Villarreal;Getafe;1;0;1;1;0,2414;0,5847;0,174
45714;2021-05-02;T20-21;SP1;Granada;Cadiz;0;1;2;1;0,2774;0,4893;0,2333
45715;2021-05-02;T20-21;SP1;Valencia;Barcelona;2;3;2;2;0,2087;0,2039;0,5874
58223;2021-05-02;T20-21;SP2;Castellon;Logrones;0;0;0;1;0,2696;0,4659;0,2645
58222;2021-05-02;T20-21;SP2;Espanol;Malaga;3;0;1;1;0,1697;0,7508;0,0795
35613;2021-05-02;T20-21;I1;Udinese;Juventus;1;2;2;2;0,2213;0,2351;0,5436
58224;2021-05-02;T20-21;SP2;Leganes;Sp Gijon;0;0;0;1;0,285;0,498;0,217
58225;2021-05-02;T20-21;SP2;Las Palmas;Ponferradina;2;0;1;1;0,2953;0,4291;0,2756
58221;2021-05-02;T20-21;SP2;Fuenlabrada;Cartagena;2;1;1;1;0,2327;0,5836;0,1836
35612;2021-05-02;T20-21;I1;Sassuolo;Atalanta;1;1;0;2;0,2374;0,2549;0,5078
35609;2021-05-02;T20-21;I1;Lazio;Genoa;4;3;1;1;0,1945;0,7083;0,0972
35610;2021-05-02;T20-21;I1;Bologna;Fiorentina;3;3;0;1;0,2857;0,4573;0,257
27024;2021-05-02;T20-21;F1;Monaco;Lyon;2;3;2;1;0,2586;0,437;0,3044
27023;2021-05-02;T20-21;F1;Montpellier;St Etienne;1;2;2;1;0,2606;0,5511;0,1884
27022;2021-05-02;T20-21;F1;Nimes;Reims;2;2;0;1;0,2925;0,3777;0,3298
27021;2021-05-02;T20-21;F1;Lorient;Angers;2;0;1;1;0,2864;0,4699;0,2436
27020;2021-05-02;T20-21;F1;Dijon;Metz;1;5;2;2;0,2874;0,3397;0,3729
27019;2021-05-02;T20-21;F1;Brest;Nantes;1;4;2;1;0,2946;0,4461;0,2593
27018;2021-05-02;T20-21;F1;Bordeaux;Rennes;1;0;1;2;0,2722;0,3391;0,3886
16484;2021-05-02;T20-21;E0;Tottenham;Sheffield United;4;0;1;1;0,2091;0,6895;0,1014
16483;2021-05-02;T20-21;E0;Newcastle;Arsenal;0;2;2;2;0,2699;0,3159;0,4142
35611;2021-05-02;T20-21;I1;Napoli;Cagliari;1;1;0;1;0,1539;0,7831;0,063
58226;2021-05-03;T20-21;SP2;Sabadell;Vallecano;2;0;1;2;0,2752;0,3299;0,3949
45716;2021-05-03;T20-21;SP1;Sevilla;Ath Bilbao;0;1;2;1;0,2691;0,5583;0,1726
58227;2021-05-03;T20-21;SP2;Albacete;Alcorcon;0;1;2;1;0,29;0,4531;0,2569
16486;2021-05-03;T20-21;E0;Burnley;West Ham;1;2;2;1;0,2735;0,4472;0,2793
16485;2021-05-03;T20-21;E0;West Brom;Wolves;1;1;0;2;0,2875;0,3326;0,3799
35615;2021-05-03;T20-21;I1;Torino;Parma;1;0;1;1;0,2489;0,5666;0,1845
6397;2021-05-06;T20-21;D1;Hertha;Freiburg;3;0;1;1;0,2798;0,4463;0,2738
6398;2021-05-07;T20-21;D1;Stuttgart;Augsburg;2;1;1;1;0,2895;0,4759;0,2346
27025;2021-05-07;T20-21;F1;Lens;Lille;0;3;2;2;0,247;0,3076;0,4453
45717;2021-05-07;T20-21;SP1;Sociedad;Elche;2;0;1;1;0,2118;0,6312;0,157
58228;2021-05-07;T20-21;SP2;Tenerife;Almeria;0;1;2;1;0,2807;0,3987;0,3206
45719;2021-05-08;T20-21;SP1;Barcelona;Ath Madrid;0;0;0;1;0,2225;0,6287;0,1487
45720;2021-05-08;T20-21;SP1;Cadiz;Huesca;2;1;1;1;0,2968;0,4365;0,2667
45721;2021-05-08;T20-21;SP1;Ath Bilbao;Osasuna;2;2;0;1;0,2602;0,5438;0,196
58231;2021-05-08;T20-21;SP2;Alcorcon;Las Palmas;0;0;0;1;0,2899;0,445;0,2651
58230;2021-05-08;T20-21;SP2;Zaragoza;Espanol;0;0;0;2;0,2168;0,2188;0,5644
35619;2021-05-08;T20-21;I1;Fiorentina;Lazio;2;0;1;2;0,246;0,2912;0,4628
58232;2021-05-08;T20-21;SP2;Malaga;Mallorca;1;1;0;2;0,2593;0,3217;0,4191
58229;2021-05-08;T20-21;SP2;Ponferradina;Albacete;0;1;2;1;0,2746;0,4989;0,2265
35618;2021-05-08;T20-21;I1;Inter;Sampdoria;5;1;1;1;0,1883;0,7273;0,0844
45718;2021-05-08;T20-21;SP1;Alaves;Levante;2;2;0;1;0,2928;0,4273;0,2799
35616;2021-05-08;T20-21;I1;Spezia;Napoli;1;4;2;2;0,2077;0,2048;0,5876
27027;2021-05-08;T20-21;F1;Lyon;Lorient;4;1;1;1;0,1722;0,7547;0,0731
27026;2021-05-08;T20-21;F1;Nantes;Bordeaux;3;0;1;1;0,2852;0,4709;0,2438
16491;2021-05-08;T20-21;E0;Liverpool;Southampton;2;0;1;1;0,1594;0,7863;0,0543
6403;2021-05-08;T20-21;D1;Bayern Munich;M'gladbach;6;0;1;1;0,1933;0,7009;0,1057
6402;2021-05-08;T20-21;D1;Wolfsburg;Union Berlin;3;0;1;1;0,2554;0,5721;0,1725
6401;2021-05-08;T20-21;D1;Werder Bremen;Leverkusen;0;0;0;2;0,2416;0,2652;0,4933
6399;2021-05-08;T20-21;D1;Dortmund;RB Leipzig;3;2;1;1;0,2589;0,4187;0,3224
35617;2021-05-08;T20-21;I1;Udinese;Bologna;1;1;0;1;0,2713;0,4805;0,2482
35624;2021-05-09;T20-21;I1;Roma;Crotone;5;0;1;1;0,1868;0,7197;0,0935
35625;2021-05-09;T20-21;I1;Juventus;Milan;0;3;2;1;0,22;0,614;0,1659
45722;2021-05-09;T20-21;SP1;Getafe;Eibar;0;1;2;1;0,2936;0,443;0,2635
45723;2021-05-09;T20-21;SP1;Valencia;Valladolid;3;0;1;1;0,2602;0,5252;0,2146
45724;2021-05-09;T20-21;SP1;Villarreal;Celta;2;4;2;1;0,265;0,5494;0,1857
58234;2021-05-09;T20-21;SP2;Oviedo;Sabadell;2;1;1;1;0,296;0,4353;0,2687
45725;2021-05-09;T20-21;SP1;Real Madrid;Sevilla;2;2;0;1;0,2216;0,6458;0,1326
58233;2021-05-09;T20-21;SP2;Mirandes;Fuenlabrada;2;1;1;1;0,2918;0,3878;0,3204
58235;2021-05-09;T20-21;SP2;Cartagena;Castellon;1;0;1;1;0,2883;0,4465;0,2653
35623;2021-05-09;T20-21;I1;Verona;Torino;1;1;0;1;0,2868;0,4458;0,2675
58236;2021-05-09;T20-21;SP2;Logrones;Girona;1;4;2;2;0,2713;0,3113;0,4174
35622;2021-05-09;T20-21;I1;Parma;Atalanta;2;5;2;2;0,195;0,1747;0,6303
27029;2021-05-09;T20-21;F1;Angers;Dijon;3;0;1;1;0,235;0,5678;0,1971
35620;2021-05-09;T20-21;I1;Genoa;Sassuolo;1;2;2;2;0,2653;0,3259;0,4089
35621;2021-05-09;T20-21;I1;Benevento;Cagliari;1;3;2;1;0,2914;0,4347;0,274
6406;2021-05-09;T20-21;D1;Hertha;Bielefeld;0;0;0;1;0,2056;0,6523;0,142
16493;2021-05-09;T20-21;E0;Aston Villa;Man United;1;3;2;2;0,2425;0,2821;0,4754
27028;2021-05-09;T20-21;F1;St Etienne;Marseille;1;0;1;1;0,2795;0,3708;0,3498
6405;2021-05-09;T20-21;D1;Ein Frankfurt;Mainz;1;1;0;1;0,2585;0,5777;0,1638
27031;2021-05-09;T20-21;F1;Nice;Brest;3;2;1;1;0,27;0,5186;0,2114
27032;2021-05-09;T20-21;F1;Strasbourg;Montpellier;2;3;2;1;0,2872;0,4215;0,2912
27033;2021-05-09;T20-21;F1;Reims;Monaco;0;1;2;2;0,2478;0,3184;0,4339
27034;2021-05-09;T20-21;F1;Rennes;Paris SG;1;1;0;2;0,2263;0,2327;0,5409
27030;2021-05-09;T20-21;F1;Metz;Nimes;0;3;2;1;0,2878;0,4841;0,2281
45726;2021-05-10;T20-21;SP1;Betis;Granada;2;1;1;1;0,2694;0,5277;0,203
58237;2021-05-10;T20-21;SP2;Vallecano;Leganes;1;1;0;1;0,2798;0,4856;0,2346
58238;2021-05-10;T20-21;SP2;Sp Gijon;Lugo;1;0;1;1;0,281;0,5116;0,2074
45727;2021-05-11;T20-21;SP1;Osasuna;Cadiz;3;2;1;1;0,2776;0,4779;0,2446
45728;2021-05-11;T20-21;SP1;Elche;Alaves;0;2;2;1;0,2926;0,3627;0,3448
45729;2021-05-11;T20-21;SP1;Levante;Barcelona;3;3;0;2;0,208;0,1879;0,6041
45733;2021-05-12;T20-21;SP1;Ath Madrid;Sociedad;2;1;1;1;0,2301;0,6361;0,1338
45732;2021-05-12;T20-21;SP1;Huesca;Ath Bilbao;1;0;1;2;0,2853;0,3284;0,3863
6407;2021-05-12;T20-21;D1;Schalke 04;Hertha;1;2;2;2;0,2853;0,3259;0,3889
45730;2021-05-12;T20-21;SP1;Sevilla;Valencia;1;0;1;1;0,2634;0,5735;0,1631
45731;2021-05-12;T20-21;SP1;Celta;Getafe;1;0;1;1;0,293;0,4586;0,2484
45734;2021-05-13;T20-21;SP1;Valladolid;Villarreal;0;2;2;2;0,2658;0,3254;0,4089
45735;2021-05-13;T20-21;SP1;Eibar;Betis;1;1;0;1;0,2846;0,4461;0,2692
45736;2021-05-13;T20-21;SP1;Granada;Real Madrid;1;4;2;2;0,21;0,1981;0,592
45738;2021-05-16;T20-21;SP1;Ath Bilbao;Real Madrid;0;1;2;2;0,2105;0,2081;0,5814
45745;2021-05-16;T20-21;SP1;Valencia;Eibar;4;1;1;1;0,2876;0,4719;0,2404
45744;2021-05-16;T20-21;SP1;Sociedad;Valladolid;4;1;1;1;0,2504;0,5668;0,1828
45743;2021-05-16;T20-21;SP1;Getafe;Levante;2;1;1;1;0,2828;0,475;0,2421
45746;2021-05-16;T20-21;SP1;Villarreal;Sevilla;4;0;1;1;0,2625;0,3989;0,3385
45742;2021-05-16;T20-21;SP1;Cadiz;Elche;1;3;2;1;0,2516;0,5256;0,2229
45741;2021-05-16;T20-21;SP1;Betis;Huesca;1;0;1;1;0,2745;0,5304;0,1952
45740;2021-05-16;T20-21;SP1;Barcelona;Celta;1;2;2;1;0,165;0,7654;0,0696
45739;2021-05-16;T20-21;SP1;Ath Madrid;Osasuna;2;1;1;1;0,1957;0,6994;0,1049
45737;2021-05-16;T20-21;SP1;Alaves;Granada;4;2;1;1;0,2858;0,4508;0,2634
27038;2021-05-16;T20-21;F1;Lorient;Metz;2;1;1;1;0,2928;0,4394;0,2678
27043;2021-05-16;T20-21;F1;Nimes;Lyon;2;5;2;2;0,2111;0,2159;0,573
27042;2021-05-16;T20-21;F1;Nice;Strasbourg;0;2;2;1;0,2842;0,492;0,2238
27041;2021-05-16;T20-21;F1;Montpellier;Brest;0;0;0;1;0,2595;0,5516;0,1888
27040;2021-05-16;T20-21;F1;Monaco;Rennes;2;1;1;1;0,2623;0,5495;0,1882
27039;2021-05-16;T20-21;F1;Marseille;Angers;3;2;1;1;0,2421;0,5988;0,1591
27037;2021-05-16;T20-21;F1;Lille;St Etienne;0;0;0;1;0,2277;0,649;0,1233
27036;2021-05-16;T20-21;F1;Dijon;Nantes;0;4;2;2;0,2785;0,309;0,4125
27035;2021-05-16;T20-21;F1;Bordeaux;Lens;3;0;1;1;0,2785;0,437;0,2845
27044;2021-05-16;T20-21;F1;Paris SG;Reims;4;0;1;1;0,1537;0,7757;0,0706
45747;2021-05-21;T20-21;SP1;Levante;Cadiz;2;2;0;1;0,2734;0,4872;0,2394
45754;2021-05-22;T20-21;SP1;Valladolid;Ath Madrid;1;2;2;2;0,2054;0,2015;0,5931
45753;2021-05-22;T20-21;SP1;Real Madrid;Villarreal;2;1;1;1;0,2061;0,6804;0,1135
45752;2021-05-22;T20-21;SP1;Osasuna;Sociedad;0;1;2;2;0,2718;0,3216;0,4066
45748;2021-05-22;T20-21;SP1;Celta;Betis;2;3;2;1;0,292;0,4;0,3079
45750;2021-05-22;T20-21;SP1;Elche;Ath Bilbao;2;0;1;2;0,2807;0,3249;0,3943
45749;2021-05-22;T20-21;SP1;Eibar;Barcelona;0;1;2;2;0,2069;0,1996;0,5935
45751;2021-05-22;T20-21;SP1;Huesca;Valencia;0;0;0;2;0,2848;0,3386;0,3766
27051;2021-05-23;T20-21;F1;Reims;Bordeaux;1;2;2;1;0,2942;0,4416;0,2642
27054;2021-05-23;T20-21;F1;Strasbourg;Lorient;1;1;0;1;0,2645;0,5293;0,2062
27053;2021-05-23;T20-21;F1;St Etienne;Dijon;0;1;2;1;0,2213;0,6579;0,1208
27052;2021-05-23;T20-21;F1;Rennes;Nimes;2;0;1;1;0,2162;0,6559;0,1279
27050;2021-05-23;T20-21;F1;Nantes;Montpellier;1;2;2;1;0,2826;0,4491;0,2683
45755;2021-05-23;T20-21;SP1;Granada;Getafe;0;0;0;1;0,2941;0,3712;0,3346
27048;2021-05-23;T20-21;F1;Lyon;Nice;2;3;2;1;0,1512;0,7874;0,0614
27047;2021-05-23;T20-21;F1;Lens;Monaco;0;0;0;2;0,2431;0,2893;0,4676
27046;2021-05-23;T20-21;F1;Brest;Paris SG;0;2;2;2;0,2024;0,1909;0,6066
27045;2021-05-23;T20-21;F1;Angers;Lille;1;2;2;2;0,2209;0,2363;0,5429
27049;2021-05-23;T20-21;F1;Metz;Marseille;1;1;0;2;0,2647;0,3143;0,421
45756;2021-05-23;T20-21;SP1;Sevilla;Alaves;1;0;1;1;0,2017;0,6791;0,1192
