tree
version=v3
num_class=3
num_tree_per_iteration=3
label_index=0
max_feature_idx=48
objective=multiclass num_class:3
feature_names=lt_Draw_H lt_Win_H lt_FTG_mean_H lt_FTG_std_H lt_FTG_rival_mean_H lt_FTG_rival_std_H lt_Draw_A lt_Win_A lt_FTG_mean_A lt_FTG_std_A lt_FTG_rival_mean_A lt_FTG_rival_std_A st_Draw_H st_Win_H st_FTG_mean_H st_FTG_std_H st_FTG_rival_mean_H st_FTG_rival_std_H st_Draw_A st_Win_A st_FTG_mean_A st_FTG_std_A st_FTG_rival_mean_A st_FTG_rival_std_A rate_home rate_away pagerank_H pagerank_A top1_H top2_H top3_H top4_H top5_H down1_H down2_H down3_H down4_H down5_H top1_A top2_A top3_A top4_A top5_A down1_A down2_A down3_A down4_A down5_A rounds
feature_infos=[0:0.83333333333333337] [0:1] [0.14285714285714285:3.6578947368421053] [0:2.5099800796022267] [0.14285714285714285:3.2000000000000002] [0:2.503331114069145] [0:0.8571428571428571] [0:0.8529411764705882] [0:3.3999999999999999] [0:2.3452078799117149] [0.20000000000000001:3.6666666666666665] [0.40824829046386302:3.0495901363953815] [0:1] [0:1] [0:5.2000000000000002] [0:4.1472882706655438] [0:4] [0:3.7682887362833544] [0:1] [0:1] [0:5] [0:3.8340579025361627] [0:4] [0:3.7815340802378077] [-2.4503976851057394:9.3173146027263058] [-2.5167176868269014:9.0592267732152951] [0.047562774558555003:1] [0.047562774558555003:1] [0:3] [-1.0434782608695654:3] [-1.2222222222222223:2.5] [-1.5:2.5] [-1.5:2.3999999999999999] [-3:0] [-3:0.88888888888888884] [-2.7999999999999998:0.88888888888888884] [-2.7999999999999998:1] [-2.3999999999999999:1] [0:3] [-1.1428571428571428:3] [-1.3999999999999999:2.5454545454545454] [-1.3999999999999999:2.5454545454545454] [-1.4166666666666667:2.4545454545454546] [-3:0] [-3:0.875] [-2.7999999999999998:1] [-2.7999999999999998:1] [-2.3999999999999999:1] [6:42]
tree_sizes=557 1827 1796 679 1757 1860 780 1861 2278 679 1645 1634 683 1751 1748 680 1748 1843 685 1651 1429 682 1861 1748 578 1657 1868 465 1870 1957 466 1658 1756 684 1745 1324 683 1542 1848 465 1652 1431 571 1656 1433 789 1529 1537 466 1104 1331 461 1425 1329 464 1116 1543 790 1329 1318 356 1323 1540 356 1648 1006 691 1539 1531 664 1327 1226 575 1326 1209 466 1321 1318 681 1326 888 579 1103 998 463 1219 1524 360 1113 889 358 1211 1327 467 1104 1000 578 998 1321 358 1113 792 574 1214 998 360 1008 1426 360 1214 1218 356 1009 793 471 1005 1007 223 1111 785 223 901 1221 451 1002 998 358 1211 1110 687 791 898 360 1115 1001 464 898 791 468 1001 891 223 1002 578 359 897 893 361 896 898 467 997 1216 463 898 890 359 795 680 360 790 793 467 578 899 357 797 788 467 1000 790 223 1109 899 358 687 784 360 1001 793 357 780 798 579 581 776 361 790 898 223 689 1225 223 897 683 223 679 1002 223 682 680 223 572 568 362 469 787 358 1104 678 360 684 680 359 894 576 467 788 687 223 790 683 359 791 684 358 577 679 223 681 681 223 575 677 223 581 683 360 684 687 358 769 572 359 677 898 223 574 679 223 565 683 223 682 897 223 359 573 358 574 467 223 790 575 223 466 573 223 683 573 223 576 676 223 470 469 223 576 790 223 464 468 223 468 573 223 463 575

Tree=0
num_leaves=4
num_cat=0
split_feature=35 40 40
split_gain=30.2836 17.1222 10.7168
threshold=-0.9272486772486771 0.51668520578420474 1.0121951219512197
decision_type=2 2 2
left_child=1 -1 -2
right_child=2 -3 -4
leaf_value=-1.3093797534916967 -1.3073892804795335 -1.3184050523074924 -1.3119829826869365
leaf_weight=223.25443282723427 2177.5438984632492 301.02385777235031 361.05120858550072
leaf_count=755 7364 1018 1221
internal_value=-1.30906 -1.31456 -1.30804
internal_weight=0 524.278 2538.6
internal_count=10358 1773 8585
is_linear=0
shrinkage=1


Tree=1
num_leaves=16
num_cat=0
split_feature=25 35 30 40 30 24 37 46 39 24 46 24 24 30 24
split_gain=205.764 178.11 55.1848 49.5725 32.162 14.2225 14.2109 15.0021 13.5895 10.2856 8.64832 8.53323 7.87752 7.48339 7.3087
threshold=0.5424895864722572 -0.51787994891443145 0.10714285714285707 0.61538461538461564 0.033908045977011463 -0.12318592153590209 0.20689655172413798 -0.4285714285714286 0.65714285714285725 0.53308819220553849 0.27272727272727282 2.2995060538577268 2.9703687972565613 0.48148148148148157 1.4623570486725093
decision_type=2 2 2 2 2 2 2 2 2 2 2 2 2 2 2
left_child=1 3 11 5 12 -1 7 -3 9 -4 -9 -2 -5 -6 -7
right_child=2 6 8 4 13 14 -8 10 -10 -11 -12 -13 -14 -15 -16
leaf_value=-0.76471383757175282 -0.76276991707298847 -0.76562577763446238 -0.77800699065552803 -0.74193837720977029 -0.74779460056747726 -0.75609578176306369 -0.76811631958822368 -0.76091898225725108 -0.76806156867551656 -0.76906284554300053 -0.75178255937300209 -0.75080493112618241 -0.73225040284603382 -0.75456710423350448 -0.74878478255756209
leaf_weight=97.826209485530853 102.30679923295975 474.19574826955795 452.5395644903183 170.26241040229797 273.31597459316254 346.87232294678688 272.19582715630531 970.04768031835556 149.72637405991554 94.839149653911591 67.582228690385818 56.380754321813583 73.182965874671936 156.44725868105888 109.7744488120079
leaf_count=262 274 1270 1212 456 732 929 729 2598 401 254 181 151 196 419 294
internal_value=-0.76108 -0.75794 -0.771662 -0.750701 -0.746198 -0.756169 -0.762922 -0.761987 -0.774654 -0.776457 -0.760324 -0.758519 -0.739026 -0.75026 -0.754338
internal_weight=0 3011.7 855.793 1227.68 673.209 554.473 1784.02 1511.83 697.105 547.379 1037.63 158.688 243.445 429.763 456.647
internal_count=10358 8066 2292 3288 1803 1485 4778 4049 1867 1466 2779 425 652 1151 1223
is_linear=0
shrinkage=1


Tree=2
num_leaves=16
num_cat=0
split_feature=41 31 4 41 31 33 40 27 4 4 1 43 43 1 33
split_gain=178.201 109.86 35.7843 33.3604 23.5376 23.5332 20.8171 17.4652 14.6686 11.2966 10.5123 10.3704 9.35616 9.00319 8.04307
threshold=-1.0000000180025095e-35 0.25000000000000017 0.89237451737451756 0.35483870967741943 0.81530214424951286 -0.8224789915966384 0.64285714285714302 0.6620304091856003 1.5058139534883723 1.1589473684210529 0.3373983739837399 -1.5972972972972972 -1.3834841628959273 0.45346320346320351 -0.76393188854489147
decision_type=2 2 2 2 2 2 2 2 2 2 2 2 2 2 2
left_child=2 6 12 8 -5 11 14 -7 10 -6 -3 -4 -1 -8 -2
right_child=1 3 5 4 9 7 13 -9 -10 -11 -12 -13 -14 -15 -16
leaf_value=-1.3272972419792539 -1.3441210381125093 -1.3249253832068115 -1.3199214117708842 -1.3404377387799664 -1.3386827252934739 -1.3248361609449035 -1.3416033147992854 -1.3094032654808554 -1.3183192374935162 -1.3298644727052928 -1.3335505352744472 -1.3360662165352406 -1.3412001407412888 -1.35166337233811 -1.3363766296197401
leaf_weight=64.217871427536011 407.9723596572876 110.7104480266571 48.236048221588135 700.87559223175049 134.82847213745117 61.021506786346436 64.508450031280518 167.37327575683594 56.081670522689819 258.32437872886658 388.79417181015015 48.817205429077148 54.628777503967285 341.13928079605103 102.28366851806641
leaf_count=221 1404 381 166 2412 464 210 222 576 193 889 1338 168 188 1174 352
internal_value=-1.3365 -1.33903 -1.32209 -1.33522 -1.33772 -1.31786 -1.34589 -1.31353 -1.33029 -1.33289 -1.33164 -1.32804 -1.33369 -1.35006 -1.34257
internal_weight=0 2565.52 444.295 1649.61 1094.03 325.448 915.904 228.395 555.586 393.153 499.505 97.0533 118.847 405.648 510.256
internal_count=10358 8829 1529 5677 3765 1120 3152 786 1912 1353 1719 334 409 1396 1756
is_linear=0
shrinkage=1


Tree=3
num_leaves=5
num_cat=0
split_feature=35 44 25 44
split_gain=28.7192 12.43 10.4065 11.7926
threshold=-1.1999999999999995 -0.96490147783251234 1.175120229342612 -0.075961538461538428
decision_type=2 2 2 2
left_child=1 -1 3 -2
right_child=2 -3 -4 -5
leaf_value=0.0001958551468111435 0.0022936814303232333 -0.01100691548452659 -0.0027846146940424098 -0.0024453538747415673
leaf_weight=89.115142017602921 2037.9881327748299 187.43032068014145 392.79619958996773 379.8971962928772
leaf_count=302 6890 638 1325 1287
internal_value=0 -0.00739689 0.000943446 0.00154909
internal_weight=0 276.545 2810.68 2417.89
internal_count=10442 940 9502 8177
is_linear=0
shrinkage=0.0246946


Tree=4
num_leaves=15
num_cat=0
split_feature=31 44 39 45 24 42 32 24 24 39 24 0 43 24
split_gain=192.947 125.181 47.6649 32.5799 31.1284 19.1072 12.2686 11.3687 11.0983 10.046 8.92083 8.48826 8.02607 7.35927
threshold=0.059714795008912601 -0.85540069686411135 0.39736842105263154 -1.0000000180025095e-35 0.55009046656217231 -0.23076923076923067 0.13840996168582373 0.23313893918045256 -0.12734191350702734 0.23076923076923092 0.21641317287790113 0.23746867167919802 -1.5972972972972972 3.1153959069935606
decision_type=2 2 2 2 2 2 2 2 2 2 2 2 2 2
left_child=2 5 12 7 11 8 -5 9 -2 -3 -7 -4 -1 -6
right_child=1 3 4 6 13 10 -8 -9 -10 -11 -12 -13 -14 -15
leaf_value=-0.007390973390461208 -0.019864728750159707 -0.011085773347199877 0.012647726688290315 0.015511051180350973 0.015362020939251304 -0.0099211821729894099 0.0041717273462516732 0.0024110953461397655 -0.010904126255202899 -0.0020078549510374878 -0.0022614740493021343 0.003243508282519673 0.0031527984658604089 0.022407647116243892
leaf_weight=58.9768927693367 178.15119636058807 79.101988643407822 91.940666377544403 67.268901824951172 275.16362419724464 371.57021233439445 430.98346945643425 357.74435403943062 159.99181094765663 1234.9353121519089 123.55437070131302 161.06353664398193 173.67789423465729 134.64445027709007
leaf_count=158 478 212 246 180 736 996 1154 958 429 3308 331 431 465 360
internal_value=0 -0.00296404 0.0100965 0.000160106 0.013472 -0.0111001 0.00570265 -0.00149177 -0.015625 -0.00255432 -0.00800976 0.00666096 0.000480002 0.0176769
internal_weight=0 3003.3 895.467 2170.03 662.812 833.268 498.252 1671.78 338.143 1314.04 495.125 253.004 232.655 409.808
internal_count=10442 8046 2396 5812 1773 2234 1334 4478 907 3520 1327 677 623 1096
is_linear=0
shrinkage=0.0246946


Tree=5
num_leaves=16
num_cat=0
split_feature=7 37 7 29 24 43 24 24 27 10 27 2 26 10 43
split_gain=244.872 102.207 53.7003 44.3743 19.0677 13.9176 13.6784 12.9128 11.9307 11.2267 10.666 8.70496 8.28801 6.96833 6.68018
threshold=0.43669871794871801 -0.50609756097560954 0.28759398496240607 0.71428571428571441 0.46035975432215498 -1.0121951219512193 -0.34545454979961138 0.02185624379356511 0.48674813989764687 1.089572192513369 0.66669951248233172 1.4023809523809525 0.65219020392532578 1.3506756756756759 -1.0579831932773105
decision_type=2 2 2 2 2 2 2 2 2 2 2 2 2 2 2
left_child=1 4 5 7 10 13 14 -2 -8 -5 -1 -7 -6 -3 -4
right_child=3 2 6 9 12 11 8 -9 -10 -11 -12 -13 -14 -15 -16
leaf_value=-0.0074490148200216776 0.020044435040668683 0.012563374217380574 0.018758768378095203 0.031763273190091146 -0.0084081432255281637 -0.0014252139113776203 -0.0050617432969117882 0.004276379716230949 0.0061763351624488476 0.019603355657024719 0.0046613008890392252 -0.0057610211446826581 -0.015457902132517611 0.00076307327187133097 0.0088022802743269336
leaf_weight=295.04314664006233 45.941314548254013 50.175554871559143 64.744502663612366 120.62343436479568 148.07584634423256 694.42200037837029 70.051607459783554 101.96514257788658 324.31551396846771 75.146746575832367 52.196033596992493 475.89408904314041 324.6861517727375 77.892001569271088 112.49759343266487
leaf_count=1021 157 172 221 410 513 2389 241 350 1112 256 180 1640 1127 267 386
internal_value=0 -0.00275345 0.000434085 0.0193829 -0.0100225 -0.00234255 0.00674107 0.0091741 0.00418011 0.0270957 -0.00562863 -0.00318831 -0.0132498 0.00538631 0.0124393
internal_weight=0 2689.99 1869.99 343.677 820.001 1298.38 571.609 147.906 394.367 195.77 347.239 1170.32 472.762 128.068 177.242
internal_count=10442 9269 6428 1173 2841 4468 1960 507 1353 666 1201 4029 1640 439 607
is_linear=0
shrinkage=0.0246946


Tree=6
num_leaves=6
num_cat=0
split_feature=2 9 2 2 2
split_gain=43.7071 16.2934 7.91104 6.85404 8.04164
threshold=1.9220647773279353 1.2273159341447915 1.4852813852813855 0.83558558558558571 0.9294019933554819
decision_type=2 2 2 2 2
left_child=1 2 3 -1 -5
right_child=-2 -3 -4 4 -6
leaf_value=-0.0054406023905456116 -0.0068187372739446778 -0.0029885095138470139 0.00011612452590358208 0.012072856875923863 0.0031729212917549813
leaf_weight=53.317703157663345 469.97354578971863 440.04265284538269 733.16189602017403 64.858069777488708 1362.9745965301991
leaf_count=180 1599 1486 2480 219 4603
internal_value=0 0.0013516 0.00221409 0.00325258 0.00357719
internal_weight=0 2654.35 2214.31 1481.15 1427.83
internal_count=10567 8968 7482 5002 4822
is_linear=0
shrinkage=0.0246946


Tree=7
num_leaves=16
num_cat=0
split_feature=31 25 40 1 1 40 44 34 11 25 44 7 7 1 11
split_gain=192.559 106.702 56.463 33.1075 23.2004 17.5676 16.6119 13.2349 12.7387 11.4072 10.9716 9.90342 9.0837 9.02389 8.58354
threshold=0.14285714285714293 0.42127441759322809 0.36055555555555557 0.56330128205128216 0.76696832579185525 0.18301435406698557 -0.8086080586080584 -0.59729729729729708 1.3169032744413072 -0.086640894334041249 -1.1818181818181817 0.20638945233265724 0.48749218261413391 0.27149877149877155 1.2049696892253983
decision_type=2 2 2 2 2 2 2 2 2 2 2 2 2 2 2
left_child=2 3 8 5 9 -2 12 -7 10 11 -1 -4 -3 -9 -5
right_child=1 6 4 14 -6 7 -8 13 -10 -11 -12 -13 -14 -15 -16
leaf_value=-0.0073670356592083173 -0.0079961312513147764 -0.011630972371441659 0.017139922206060448 0.0030525026763624018 0.023681756681217386 0.0033714264568512659 -0.0063907510564337605 -0.0074174765574722065 0.011090006970719843 0.0065178456662790757 0.0021675666738110244 0.0091798667589150767 -0.018461793974239204 -0.0012956367752056316 0.012887239043612379
leaf_weight=107.47555246949196 249.04835936427116 296.04512417316437 205.06854236125946 101.59113708138466 99.246149390935898 341.06461003422737 234.62952142953873 169.05234917998314 65.012683898210526 233.72550541162491 233.4937943816185 178.08732563257217 198.20126873254776 1117.350317209959 115.81261318922043
leaf_count=288 668 795 548 272 265 913 629 453 174 625 625 476 533 2993 310
internal_value=0 -0.00366391 0.0084294 -0.000831245 0.0126003 -0.00188816 -0.0118016 -0.000953474 0.00107228 0.0108174 -0.000837796 0.0134402 -0.0143702 -0.00210014 0.00829154
internal_weight=0 2822.8 1122.11 2093.92 716.128 1876.52 728.876 1627.47 405.982 616.881 340.969 383.156 494.246 1286.4 217.404
internal_count=10567 7566 3001 5609 1914 5027 1957 4359 1087 1649 913 1024 1328 3446 582
is_linear=0
shrinkage=0.0246946


Tree=8
num_leaves=20
num_cat=0
split_feature=7 31 28 45 24 7 27 28 1 9 24 3 27 9 24 7 48 6 27
split_gain=197.31 79.6774 65.7592 31.2718 23.498 21.0562 19.8355 16.1943 12.5546 12.6499 12.133 11.0902 8.76115 8.6304 8.33676 11.2618 8.03494 8.25619 7.98442
threshold=0.35067567567567576 0.25000000000000017 0.63944444444444459 -0.57537878787878771 0.68714397128361049 0.23606811145510839 0.74018480178605306 1.0805405405405411 0.27149877149877155 1.2412403798414784 -0.23544688352111753 0.79988737153092193 0.74736682673715171 1.2615829705538963 -0.23544688352111753 0.27842377260981915 20.750000000000004 0.26975051975051983 0.2776187899397532
decision_type=2 2 2 2 2 2 2 2 2 2 2 2 2 2 2 2 2 2 2
left_child=1 4 12 6 14 11 7 -4 -7 16 13 -3 -2 -8 -1 -16 -10 -18 -13
right_child=2 5 3 -5 -6 8 10 -9 9 -11 -12 18 -14 -15 15 -17 17 -19 -20
leaf_value=0.0017266773242670783 -0.004629420515552797 0.0091660147113629513 0.0056203899454603662 0.002705727324354386 -0.014068870916877753 0.012764625570116732 0.02267861168842002 0.018748299614745251 -0.0025499961664120605 0.011814795618403666 0.018385641821511832 -0.011594270142034785 0.0070137406924390472 0.037426720890484481 -0.0095069214628517185 0.00026669569095736224 -0.00066744804223669489 0.0075734112123338766 -0.002525651817993481
leaf_weight=76.209206610918045 131.44189819693565 46.241414576768875 91.400136172771454 91.563434690237045 368.68687757849693 75.797221750020981 45.157722413539886 153.60372281074524 240.57474130392075 72.171137273311615 101.8051261305809 64.611784875392914 56.289289593696594 52.130006849765778 303.23522302508354 94.23861101269722 145.78538951277733 150.85148453712463 707.63165843486786
leaf_count=264 454 159 311 314 1293 259 151 519 826 247 343 223 193 174 1054 326 501 517 2439
internal_value=0 -0.00331356 0.0114385 0.0158462 -0.00939388 9.27026e-05 0.0185555 0.0138509 0.00328658 0.00210767 0.024345 -0.002581 -0.00113834 0.0305811 -0.00575514 -0.00718966 0.000803578 0.00352335 -0.0032844
internal_weight=0 2346.03 723.391 535.66 842.37 1503.66 444.097 245.004 685.18 609.383 199.093 818.485 187.731 97.2877 473.683 397.474 537.212 296.637 772.243
internal_count=10567 8108 2459 1812 2937 5171 1498 830 2350 2091 668 2821 647 325 1644 1380 1844 1018 2662
is_linear=0
shrinkage=0.0246946


Tree=9
num_leaves=5
num_cat=0
split_feature=24 25 42 10
split_gain=17.5949 15.0317 8.71635 7.27455
threshold=1.3722249130626207 4.354980434489895 0.45000000000000012 0.87010796221322551
decision_type=2 2 2 2
left_child=1 3 -2 -1
right_child=2 -3 -4 -5
leaf_value=-0.0065990834456033315 -0.0017839510231371176 -0.010682408465818272 -0.0087867772013686257 0.0010943593577700205
leaf_weight=77.290382236242294 254.20481020212173 70.694578945636749 188.96266058087349 2474.5577933192253
leaf_count=261 865 239 648 8355
internal_value=0 0.000550161 -0.00476989 0.00086134
internal_weight=0 2622.54 443.167 2551.85
internal_count=10368 8855 1513 8616
is_linear=0
shrinkage=0.0246946


Tree=10
num_leaves=14
num_cat=0
split_feature=29 8 47 38 34 1 11 8 38 14 29 1 47
split_gain=128.972 106.472 39.9339 36.7149 29.0574 27.9295 16.0679 11.9294 9.05601 10.0897 7.44929 7.32014 7.13086
threshold=0.27777777777777785 1.5138996138996141 -0.35294117647058815 0.46247654784240161 -0.5617378048780487 0.76393188854489169 1.1216998238648339 1.188344594594595 0.94285714285714317 1.5000000000000002 0.82426470588235312 0.65751879699248128 0.24999999999999997
decision_type=2 2 2 2 2 2 2 2 2 2 2 2 2
left_child=3 2 6 -1 11 8 7 -2 -5 -10 -3 -4 -6
right_child=1 10 4 5 12 -7 -8 -9 9 -11 -12 -13 -14
leaf_value=-0.0013287011544956696 -0.0044215220145506634 -0.010270458823534044 0.0056010038440198785 0.0057334646246344342 -0.0010362417745111356 0.02275867903185878 -0.0016295121881319016 -0.012514170782872884 0.0059551204717599969 0.016003458928668772 -0.017475943075220175 0.015032870058830429 0.0054051667811543325
leaf_weight=165.0582323372364 264.28091976046562 142.89231190085411 472.56303927302361 234.89755880832672 1039.1669175028801 115.04634141921997 580.95345383882523 191.62336996197701 95.092702388763428 169.66987878084183 225.69706484675407 56.141112446784973 116.56121361255646
leaf_count=442 709 384 1264 628 2784 307 1558 515 254 453 608 150 312
internal_value=0 -0.00222696 -0.000539894 0.00901215 0.00180713 0.0117888 -0.00435277 -0.00782298 0.00926304 0.0123945 -0.0146826 0.00660254 -0.000386592
internal_weight=0 3089.88 2721.29 779.765 1684.43 614.706 1036.86 455.904 499.66 264.763 368.589 528.704 1155.73
internal_count=10368 8284 7292 2084 4510 1642 2782 1224 1335 707 992 1414 3096
is_linear=0
shrinkage=0.0246946


Tree=11
num_leaves=14
num_cat=0
split_feature=31 20 19 19 1 1 37 20 22 31 3 37 2
split_gain=126.322 104.24 31.912 24.7919 21.3514 18.164 16.696 12.574 9.5529 8.54208 7.49173 6.9809 6.76231
threshold=0.19756097560975602 1.7000000000000004 0.70000000000000007 0.70000000000000007 0.3943381180223286 0.35948717948717951 -1.053342816500711 2.7000000000000006 1.7000000000000004 0.81934731934731952 1.3932599510653823 1.0000000180025095e-35 1.4807407407407409
decision_type=2 2 2 2 2 2 2 2 2 2 2 2 2
left_child=3 5 4 6 11 9 -1 -4 12 -2 -8 -3 -7
right_child=1 2 7 -5 -6 8 10 -9 -10 -11 -12 -13 -14
leaf_value=-0.015002521464308964 0.0012244960588380712 0.011948430293081088 0.017879160900803794 0.0046797205552705197 0.0036086000519149992 0.0017005038664515409 -0.0053887323831387241 0.032889937717483914 -0.0055239756112033722 0.0077712074807867147 -0.01200314621800058 0.023350635696321998 -0.0027182520820734544
leaf_weight=207.29476529359818 248.80560511350632 85.232579171657562 118.03387314081192 90.351589322090149 192.24342247843742 527.25258693099022 465.31588613986969 47.81698551774025 251.88399809598923 237.61371996998787 134.64010509848595 53.171812474727631 352.33939880132675
leaf_count=732 852 289 395 310 655 1809 1625 158 870 809 473 179 1212
internal_value=0 0.00346928 0.0133671 -0.00758765 0.00893313 0.000431829 -0.00896068 0.022207 -0.00128377 0.00442254 -0.00687312 0.0163289 -6.95234e-05
internal_weight=0 2114.39 496.499 897.602 330.648 1617.9 807.251 165.851 1131.48 486.419 599.956 138.404 879.592
internal_count=10368 7228 1676 3140 1123 5552 2830 553 3891 1661 2098 468 3021
is_linear=0
shrinkage=0.0246946


Tree=12
num_leaves=5
num_cat=0
split_feature=37 22 45 45
split_gain=16.5564 11.8778 11.6647 10.4695
threshold=-0.7759856630824371 1.1000000000000003 -1.5536398467432948 -0.030776515151515148
decision_type=2 2 2 2
left_child=1 -1 -2 -4
right_child=2 -3 3 -5
leaf_value=0.00070965832755971096 -0.0088804124738450767 -0.006968949426943284 0.0021649792394741927 -0.0021382663653636276
leaf_weight=212.12673345208168 68.612122267484665 291.89626583456993 2053.0403792262077 414.3598513007164
leaf_count=723 232 1002 6919 1405
internal_value=0 -0.00373728 0.00116304 0.00144232
internal_weight=0 504.023 2536.01 2467.4
internal_count=10281 1725 8556 8324
is_linear=0
shrinkage=0.0246946


Tree=13
num_leaves=15
num_cat=0
split_feature=1 25 25 2 47 24 8 27 4 47 37 47 2 47
split_gain=167.622 116.842 55.6019 24.8554 20.5245 16.1476 15.5927 15.1303 13.6564 9.63972 9.57635 9.30295 8.662 7.11984
threshold=0.5763403263403265 0.42127441759322809 0.068520879426783532 1.6493243243243245 0.099999999999999964 0.58606272137364246 1.2754310344827589 0.70591877680347692 1.1686991869918701 -0.86285266457680232 0.21621621621621617 -0.44913793103448268 2.2466216216216224 0.083333333333333356
decision_type=2 2 2 2 2 2 2 2 2 2 2 2 2 2
left_child=1 3 5 4 10 -2 -3 12 -5 -8 11 -1 -4 -7
right_child=2 6 7 8 -6 13 9 -9 -10 -11 -12 -13 -14 -15
leaf_value=-0.0047636425014537537 0.0080647272742202375 -0.0065368190502573089 0.0018004856050713365 0.011294126874433642 0.0044115571185961407 0.015799589349994321 -0.017039378767709591 -0.0069843296974430617 0.00025423059115703612 -0.01019312553718639 -0.0075375697955108378 -0.00042559422016505422 0.012950834425760819 0.024723686467327654
leaf_weight=425.98459303379059 160.09514054656029 261.08812338113785 153.56374087929726 160.80978575348854 324.7953388094902 277.56417766213417 279.28688204288483 94.70263335108757 118.81526151299477 227.64787945151329 193.73300105333328 1031.3085015416145 58.736226826906204 67.844602853059769
leaf_count=1143 428 701 411 430 869 741 754 254 318 612 520 2762 157 181
internal_value=0 -0.00312064 0.00951331 -0.000287822 -0.00126306 0.0145476 -0.0114398 0.00122389 0.00660317 -0.0139649 -0.00237939 -0.00169366 0.00488541 0.0175524
internal_weight=0 3023.47 812.507 2255.45 1975.82 505.504 768.023 307.003 279.625 506.935 1651.03 1457.29 212.3 345.409
internal_count=10281 8109 2172 6042 5294 1350 2067 822 748 1366 4425 3905 568 922
is_linear=0
shrinkage=0.0246946


Tree=14
num_leaves=15
num_cat=0
split_feature=25 28 32 27 27 28 32 32 25 21 7 27 43 7
split_gain=233.34 58.717 51.3263 25.4022 16.8832 14.6433 12.9642 12.923 11.0321 10.2856 10.2228 10.1154 8.4505 6.66094
threshold=0.58669343734773405 0.63944444444444459 0.18301435406698557 0.70591877680347692 0.58458099573926281 1.7399355877616751 -0.33333333333333304 0.89039039039039058 3.4196797213059988 1.5165750888103118 0.27681992337164757 0.74386591871239116 -1.3015151515151515 0.21525096525096529
decision_type=2 2 2 2 2 2 2 2 2 2 2 2 2 2
left_child=2 11 6 8 5 -4 -1 9 -3 12 -8 -2 -5 -6
right_child=1 3 4 7 13 -7 10 -9 -10 -11 -12 -13 -14 -15
leaf_value=-0.014501676938983625 -0.0052434159832919084 0.0093902366486005653 -0.0035047164908562772 0.021073924773863696 -0.0018980624219048024 0.0053784079444295294 -0.0088140860216258995 0.034185461150317252 0.022628668969020445 0.028793958549784334 -0.0020178539390032137 0.0089575140484938892 0.0090188014419125377 0.0051781492716064404
leaf_weight=170.17947748303413 100.26973810791969 226.27402651309967 932.94114547967911 92.436158031225204 108.72913557291031 128.78656855225563 468.1782763004303 46.982789605855942 46.230294793844223 56.730667144060135 189.64097744226456 44.015696227550507 57.529944032430649 319.49191212654114
leaf_count=608 348 764 3213 303 374 440 1650 153 154 186 660 150 192 1086
internal_value=0 0.0130444 -0.00349712 0.0168712 -0.000757761 -0.0024272 -0.00842649 0.0224948 0.0116361 0.0198375 -0.00685482 -0.000911282 0.0164493 0.00338144
internal_weight=0 670.469 2317.95 526.184 1489.95 1061.73 827.999 253.68 272.504 206.697 657.819 144.285 149.966 428.221
internal_count=10281 2250 8031 1752 5113 3653 2918 834 918 681 2310 498 495 1460
is_linear=0
shrinkage=0.0246946


Tree=15
num_leaves=5
num_cat=0
split_feature=1 25 37 25
split_gain=30.9848 15.3292 11.0377 8.79313
threshold=0.57321428571428579 0.068520879426783532 -1.053342816500711 2.1714175615749625
decision_type=2 2 2 2
left_child=3 -2 -3 -1
right_child=1 2 -4 -5
leaf_value=0.0017182453713702342 -0.0076586521882773114 -0.0082131962613500257 0.0033861656613350037 -0.0035899739780991301
leaf_weight=2220.6642305850983 415.41568258404732 69.71224656701088 177.17641082406044 208.14183458685875
leaf_count=7484 1429 239 600 703
internal_value=0 -0.00476237 0.000110934 0.00126335
internal_weight=0 662.304 246.889 2428.81
internal_count=10455 2268 839 8187
is_linear=0
shrinkage=0.0246946


Tree=16
num_leaves=15
num_cat=0
split_feature=31 42 42 2 8 2 2 42 27 41 27 2 2 41
split_gain=192.928 82.7258 68.8893 43.4887 31.9242 20.9234 15.8556 13.4853 10.2569 10.1104 8.59722 8.36742 6.87096 6.45161
threshold=0.21739130434782603 0.16666666666666682 0.074074074074074014 1.970142602495544 1.4328828828828832 1.8532998565279775 1.3371212121212122 0.7399355877616749 0.69325966798182403 0.79361054766734296 0.59623805868759316 0.9294019933554819 1.4478221415607988 -0.41176470588235287
decision_type=2 2 2 2 2 2 2 2 2 2 2 2 2 2
left_child=2 4 5 7 10 -1 11 12 -7 -8 -2 -3 -4 -6
right_child=1 6 3 -5 13 8 9 -9 -10 -11 -12 -13 -14 -15
leaf_value=-0.0062963922501091804 -0.003265579168882067 -0.0094770714848019487 0.0024058040829196131 0.01918796837522594 -0.021637683315433771 0.010731176441910564 -0.00027404145146242255 0.014910720056793419 -0.0023588675571244531 0.0054283711763896099 -0.0090688177910783502 -0.0020722559601571121 0.0082844502326193531 -0.013862579770227819
leaf_weight=214.41022205352783 280.79989403486252 106.59051969647408 207.9236404299736 292.75961062312126 89.179654061794281 93.921317368745804 515.84409043192863 124.78494957089424 59.71096533536911 299.80421522259712 349.36251130700111 733.15429362654686 290.84559252858162 240.8500685095787
leaf_count=575 754 286 556 781 242 251 1382 333 160 802 940 1965 777 651
internal_value=0 -0.00397505 0.00771191 0.0113365 -0.00974151 -0.00131228 -0.000630281 0.00765026 0.00564358 0.00182197 -0.0064829 -0.00301216 0.0058338 -0.0159635
internal_weight=0 2615.59 1284.36 916.314 960.192 368.043 1655.39 623.554 153.632 815.648 630.162 839.745 498.769 330.03
internal_count=10455 7022 3433 2447 2587 986 4435 1666 411 2184 1694 2251 1333 893
is_linear=0
shrinkage=0.0246946


Tree=17
num_leaves=16
num_cat=0
split_feature=41 32 24 28 41 24 28 2 11 11 31 11 11 11 2
split_gain=160.222 88.8547 55.4774 21.8816 19.4721 29.0793 18.886 16.7261 13.5034 12.575 12.6902 10.4392 7.69112 7.17835 6.93944
threshold=0.066666666666666721 0.18301435406698557 -0.074898317498732034 1.4629120879120883 0.40824915824915819 -0.62639316689608004 0.61764705882352966 1.970142602495544 1.1183610779428224 1.1073272063681168 0.64705882352941191 0.9644473703415497 1.1611107344486236 1.0919019834905608 1.1589473684210529
decision_type=2 2 2 2 2 2 2 2 2 2 2 2 2 2 2
left_child=2 7 3 8 5 -3 12 -2 -1 10 -6 -8 -4 -5 -12
right_child=1 4 6 13 9 -7 11 -9 -10 -11 14 -13 -14 -15 -16
leaf_value=0.017845739622338642 -0.0071949636975764397 0.019906906401707856 0.0006254732846117107 0.032358052047301737 -0.002210764030844318 0.0022803261711643024 0.017096974178926579 -0.014845846479409919 0.0065098066085922642 -0.0029616171725974989 0.016668940226914487 0.0048878278579761779 -0.01117574682986471 0.019333994755649852 0.0047084080232083691
leaf_weight=155.45100331306458 585.36807233095169 66.711898893117905 105.41295158863068 57.63218966126442 128.15432843565941 395.14198356866837 58.05636140704155 248.10678544640541 109.02479702234268 735.37788042426109 44.2115797996521 161.53225684165955 49.487907022237778 46.733565002679825 89.398616135120392
leaf_count=511 2065 224 363 185 444 1346 192 894 365 2537 151 544 173 154 307
internal_value=0 -0.00304009 0.0101533 0.0169511 0.000634504 0.00482638 0.00345804 -0.00947246 0.0131727 -0.00130708 0.00334104 0.00811577 -0.00314479 0.0265261 0.00866615
internal_weight=0 2292.47 743.331 368.842 1459 461.854 374.489 833.475 264.476 997.142 261.765 219.589 154.901 104.366 133.61
internal_count=10455 7968 2487 1215 5009 1570 1272 2959 876 3439 902 736 536 339 458
is_linear=0
shrinkage=0.0246946


Tree=18
num_leaves=5
num_cat=0
split_feature=31 44 44 3
split_gain=21.1832 8.51811 8.16198 7.50474
threshold=-1.0000000180025095e-35 -0.099999999999999936 -1.4428104575163394 1.4759315261452217
decision_type=2 2 2 2
left_child=3 2 -2 -1
right_child=1 -3 -4 -5
leaf_value=-0.0032964549198329558 -0.0042504833194370569 -0.002773006252715279 0.001528802633246224 -0.010500046980560269
leaf_weight=301.82812157273293 160.41943052411079 404.5282096862793 2097.5324766933918 124.60362428426743
leaf_count=1037 542 1375 7061 434
internal_value=0 0.000526988 0.0011182 -0.00540135
internal_weight=0 2662.48 2257.95 426.432
internal_count=10449 8978 7603 1471
is_linear=0
shrinkage=0.0246946


Tree=19
num_leaves=14
num_cat=0
split_feature=35 42 43 26 8 38 35 8 35 26 26 42 42
split_gain=140.597 97.0741 53.9952 18.8874 17.1127 15.495 15.3831 13.223 13.1646 10.0529 8.36966 10.368 7.91905
threshold=-0.77598566308243699 -0.090909090909090884 -0.95916666666666661 0.61725213637094056 1.1570723684210529 0.21739130434782603 -1.5067567567567564 1.3647450110864747 -1.1096096096096095 0.635978653507563 0.42867340769718637 0.78679653679653705 0.16666666666666663
decision_type=2 2 2 2 2 2 2 2 2 2 2 2 2
left_child=2 7 5 4 10 -1 -4 -2 -7 -8 -3 -12 -6
right_child=1 3 6 -5 12 8 9 -9 -10 -11 11 -13 -14
leaf_value=-0.0086359777225333695 -0.0079442008537424971 -0.0030563839942653369 0.022667957475038095 0.0036635477515043154 -0.0091913235172894243 0.0085172046315840841 0.0067336433501948931 -0.016228424110217795 -0.0028922767914753914 0.013614470687850867 -0.0002318444550546796 0.0066501408371282024 -0.0030456526583317869
leaf_weight=89.357195377349854 199.36359575390816 486.59662616252899 78.328290998935699 478.23884949088097 220.39990818500519 136.22252303361893 210.46523135900497 286.13591864705086 112.68565464019775 336.5154187977314 796.69410651922226 160.36939468979836 304.52626690268517
leaf_count=240 537 1305 209 1280 594 364 562 777 302 898 2135 429 817
internal_value=0 -0.0027398 0.0081331 -0.000738366 -0.00180775 0.000185151 0.0124326 -0.0128266 0.00335191 0.0109669 -0.00041939 0.000921329 -0.00562603
internal_weight=0 2932.32 963.574 2446.83 1968.59 338.265 625.309 485.5 248.908 546.981 1443.66 957.064 524.926
internal_count=10449 7874 2575 6560 5280 906 1669 1314 666 1460 3869 2564 1411
is_linear=0
shrinkage=0.0246946


Tree=20
num_leaves=12
num_cat=0
split_feature=41 31 7 7 30 26 36 8 35 31 7
split_gain=196.041 106.523 48.3528 29.1895 19.1587 16.8002 11.3931 10.1421 10.6979 9.9651 9.48465
threshold=-1.0000000180025095e-35 0.36363636363636365 0.35067567567567576 0.54692082111436957 0.22792207792207789 0.72867425924072993 0.22222222222222229 1.2022727272727274 -0.77598566308243699 0.77032967032967059 0.16869918699186995
decision_type=2 2 2 2 2 2 2 2 2 2 2
left_child=3 5 6 4 -1 7 10 8 -2 -4 -3
right_child=1 2 9 -5 -6 -7 -8 -9 -10 -11 -12
leaf_value=0.00083150006191301399 -0.011611569382662501 -0.0042348328163578754 0.0075387039861380288 0.025360094545113437 0.014676103861576684 -0.013312139377214049 0.0073089803615115608 -0.001090635676461219 -0.0050715785641057415 0.017750602452089405 0.00075207450917560254
leaf_weight=79.918505489826202 262.15610867738724 327.47496217489243 124.89965888857841 125.10387778282166 256.88317480683327 285.54791420698166 120.02714675664902 175.52415066957474 364.74343195557594 109.2421201467514 802.55286052823067
leaf_count=275 939 1134 418 401 843 1032 407 612 1277 360 2751
internal_value=0 -0.00229837 0.00200428 0.0151744 0.011391 -0.008168 7.52398e-05 -0.00633743 -0.00780646 0.0123032 -0.0006931
internal_weight=0 2572.17 1484.2 461.906 336.802 1087.97 1250.05 802.424 626.9 234.142 1130.03
internal_count=10449 8930 5070 1519 1118 3860 4292 2828 2216 778 3885
is_linear=0
shrinkage=0.0246946


Tree=21
num_leaves=5
num_cat=0
split_feature=24 47 14 47
split_gain=29.7953 15.0399 8.71254 7.55351
threshold=0.74608242236846978 -1.1231060606060603 2.1000000000000005 0.083333333333333356
decision_type=2 2 2 2
left_child=1 -1 -2 -3
right_child=2 3 -4 -5
leaf_value=-0.0061622711749375362 -0.0034120609296396714 0.0021040805879493614 -0.01022787770358206 -0.0019234842786607909
leaf_weight=167.13905128836632 456.87979063391685 1936.3298429846764 152.56048133969307 332.76771196722984
leaf_count=565 1567 6509 531 1132
internal_value=0 0.000986835 -0.00511826 0.00151343
internal_weight=0 2436.24 609.44 2269.1
internal_count=10304 8206 2098 7641
is_linear=0
shrinkage=0.0246946


Tree=22
num_leaves=16
num_cat=0
split_feature=2 7 42 30 45 7 26 30 47 14 30 2 8 30 42
split_gain=161.947 83.6963 63.3903 29.275 27.7939 15.9553 15.3745 13.1599 13.0217 12.9824 9.83044 9.79688 8.61399 9.68851 7.55114
threshold=1.6760731319554851 0.40238095238095245 -0.23076923076923067 0.28759398496240612 -0.58578637510513032 0.28989813242784385 0.65219020392532578 0.17142857142857135 0.1818181818181818 1.9000000000000001 0.95454545454545481 1.5058139534883723 1.188344594594595 1.1342342342342346 0.3133928571428572
decision_type=2 2 2 2 2 2 2 2 2 2 2 2 2 2 2
left_child=1 4 7 9 12 -5 8 -2 10 14 -6 -3 13 -1 -4
right_child=2 11 3 5 6 -7 -8 -9 -10 -11 -12 -13 -14 -15 -16
leaf_value=-0.0020270229485803192 0.00046655165246619153 -0.015468482642008428 0.0062945631485339911 0.0084214941313405008 -0.00023273433787686533 -0.0032929913110475622 0.0059009644379893218 -0.015822835624712279 0.0051957278752368871 0.018612879249040936 -0.0050898291452519629 -0.0056382538376146306 -0.0095347961975695925 -0.012418764820781039 0.013982586151684087
leaf_weight=367.48784151673317 56.284030109643936 317.2529648244381 127.26184815168381 244.98201161623001 952.65776836872101 99.781707435846329 258.47664320468903 65.373071372509003 203.08918026089668 234.13818046450615 346.5490690767765 76.789485037326813 224.84363663196564 64.282683283090591 200.89629435539246
leaf_count=987 151 862 340 655 2552 268 691 177 543 625 930 208 606 173 536
internal_value=0 -0.00299939 0.00845179 0.0106968 -0.00127915 0.00503108 0.000337844 -0.00828663 -0.000619316 0.0141706 -0.00152831 -0.0135528 -0.00561526 -0.00357416 0.0110011
internal_weight=0 2811.43 1028.72 907.06 2417.39 344.764 1760.77 121.657 1502.3 562.296 1299.21 394.042 656.614 431.771 328.158
internal_count=10304 7552 2752 2424 6482 923 4716 328 4025 1501 3482 1070 1766 1160 876
is_linear=0
shrinkage=0.0246946


Tree=23
num_leaves=15
num_cat=0
split_feature=7 35 24 7 24 47 47 24 46 46 7 8 3 3
split_gain=190.021 70.1833 44.4359 23.3576 19.254 17.9193 16.9563 13.4123 14.3331 10.7056 9.81379 8.95004 7.42184 6.44552
threshold=0.40238095238095245 -0.56949806949806925 0.21641317287790113 0.21525096525096529 0.19141294743019951 -1.1017241379310343 -0.93649193548387089 -0.43170980211267085 -0.58198924731182777 -0.55718954248365982 0.30860805860805868 1.4328828828828832 1.0178585540417877 1.3380580647852978
decision_type=2 2 2 2 2 2 2 2 2 2 2 2 2 2
left_child=1 4 5 -3 10 -2 -4 12 -9 13 -1 -7 -5 -6
right_child=2 3 6 7 9 11 -8 8 -10 -11 -12 -13 -14 -15
leaf_value=-0.0055177500338499169 0.027274139830027931 -0.0029217221919555498 0.011291795650400832 0.013752238359981843 -0.0010636628641452557 0.0079408902402913536 -0.0045931229677228036 0.0069411791133653887 -0.00091311166757994139 -0.012874706096644335 0.0048437022140652864 0.019381669145405275 0.0047742008334933353 -0.011087087320287545
leaf_weight=261.50604876875877 126.27913764119148 682.75026574730873 92.865035861730576 89.456948459148407 91.48145991563797 66.485271573066711 73.344903439283371 198.84204450249672 492.92437368631363 413.91296765208244 70.846065998077393 111.8452495932579 150.81199046969414 68.355438977479935
leaf_count=923 396 2362 305 300 321 220 251 664 1694 1508 244 362 510 244
internal_value=0 -0.00253816 0.0145525 0.000548393 -0.00803877 0.0201565 0.00428212 0.00309038 0.00134453 -0.0107785 -0.00330904 0.0151163 0.0081169 -0.00535025
internal_weight=0 2520.89 470.82 1614.79 906.102 304.61 166.21 932.035 691.766 573.75 332.352 178.331 240.269 159.837
internal_count=10304 8770 1534 5530 3240 978 556 3168 2358 2073 1167 582 810 565
is_linear=0
shrinkage=0.0246946


Tree=24
num_leaves=4
num_cat=0
split_feature=37 38 28
split_gain=22.0123 13.3813 7.55902
threshold=-0.61414392059553324 0.67857142857142883 0.85294117647058831
decision_type=2 2 2
left_child=1 -1 -2
right_child=2 -3 -4
leaf_value=0.0010994614955291667 0.0031007325691535009 -0.0062346490893412862 -2.6598299218160376e-05
leaf_weight=215.5248184800148 657.38225466012955 512.35132214426994 1665.3112468421459
leaf_count=732 2211 1779 5603
internal_value=0 -0.00406301 0.000858517
internal_weight=0 727.876 2322.69
internal_count=10325 2511 7814
is_linear=0
shrinkage=0.0246946


Tree=25
num_leaves=14
num_cat=0
split_feature=37 45 45 14 45 37 45 34 45 4 34 29 33
split_gain=135.559 73.9921 50.4217 17.7087 13.891 13.1141 12.0012 11.2425 8.53472 8.27604 8.00668 7.49216 6.93394
threshold=-0.54692082111436935 -0.64611005692599599 -1.044466403162055 1.7000000000000004 0.046536796536796508 0.20689655172413798 -1.4264069264069261 -1.3207142857142855 -0.56949806949806947 1.3246621621621624 -0.38799283154121861 0.21212121212121202 -0.35599078341013823
decision_type=2 2 2 2 2 2 2 2 2 2 2 2 2
left_child=2 6 11 8 5 -3 -2 -5 -4 10 -8 -1 -6
right_child=1 4 3 7 12 -7 9 -9 -10 -11 -12 -13 -14
leaf_value=0.0014732476009892582 -0.016285706883801626 3.0751643630708494e-05 0.0019817991263643754 0.018534228275779354 0.008942233277286207 -0.0068835705120251865 -0.0034865799357510297 0.010195529344504774 0.0088656425318431303 -0.012074016605287449 -0.0092028098022630487 -0.0090275978037611757 -0.0007488984511702199
leaf_weight=69.460682600736618 109.61027592420578 1456.1261763572693 160.00233501195908 166.96101430058479 146.36562916636467 188.99023488163948 320.99048042297363 240.80489161610603 350.27919989824295 188.89232328534126 279.58288407325745 102.69204097986221 65.025221586227417
leaf_count=186 300 3902 428 446 391 508 866 643 935 512 757 277 174
internal_value=0 -0.00281388 0.00747334 0.0097731 2.14865e-06 -0.000763563 -0.00862872 0.0136098 0.00670717 -0.00756562 -0.00614764 -0.00479069 0.00596118
internal_weight=0 2755.58 1090.2 918.047 1856.51 1645.12 899.076 407.766 510.282 789.466 600.573 172.153 211.391
internal_count=10325 7410 2915 2452 4975 4410 2435 1089 1363 2135 1623 463 565
is_linear=0
shrinkage=0.0246946


Tree=26
num_leaves=16
num_cat=0
split_feature=8 36 26 45 36 36 8 41 36 33 45 8 26 24 24
split_gain=153.61 70.9792 48.6121 37.4404 16.1785 15.6102 14.0941 13.8216 12.5919 11.5889 9.69989 9.55552 7.43878 7.40338 7.19818
threshold=1.4478221415607988 -0.5617378048780487 0.55990758872250446 -0.67928571428571405 -0.53752345215759834 0.22222222222222229 1.2875939849624063 0.22222222222222224 -1.1775210084033609 -0.18634259259259264 -1.044466403162055 1.2063894523326575 0.35575620180093753 -0.052288089216847494 -0.020356104781127319
decision_type=2 2 2 2 2 2 2 2 2 2 2 2 2 2 2
left_child=1 8 7 9 10 6 13 -2 -1 14 -4 -10 -7 -5 -3
right_child=2 3 4 5 -6 12 -8 -9 11 -11 -12 -13 -14 -15 -16
leaf_value=-0.014280011558181529 0.022763798453342639 0.0079378875990698192 0.0041963266755238732 -0.0011960034841851702 0.01283448023026857 0.015383990144669934 0.0077114390418591208 0.0091398805029136946 -0.0082171603155507464 0.015723173355527417 -0.010949419457784468 -0.00023197835603641282 0.0020537511890162258 -0.0051574675070120441 0.00047239320492200784
leaf_weight=172.80299866199493 219.51172176003456 207.54836657643318 54.681966572999954 693.43154647946358 64.198912262916565 44.840158969163895 82.587309032678604 57.255272716283798 484.28297331929207 77.136762887239456 48.797886103391647 112.64480301737785 59.27653506398201 491.67064872384071 126.92713361978531
leaf_count=639 692 687 181 2391 207 151 281 191 1744 253 172 395 201 1714 426
internal_value=0 -0.00214229 0.0135885 0.000562737 0.00309589 -0.00139721 -0.00215215 0.0199454 -0.00840968 0.00709476 -0.00294594 -0.0067103 0.00779471 -0.00283952 0.00510487
internal_weight=0 2553.15 444.446 1783.42 167.679 1371.81 1267.69 276.767 769.731 411.612 103.48 596.928 104.117 1185.1 334.476
internal_count=10325 8882 1443 6104 560 4738 4386 883 2778 1366 353 2139 352 4105 1113
is_linear=0
shrinkage=0.0246946


Tree=27
num_leaves=3
num_cat=0
split_feature=2 41
split_gain=26.2762 11.9769
threshold=2.0923295454545459 0.8765243902439025
decision_type=2 2
left_child=1 -1
right_child=-2 -3
leaf_value=0.0013246985671790086 -0.0075757399826070536 -0.0032314591992260015
leaf_weight=2337.9626410901546 259.87282937765121 414.17269667983055
leaf_count=7871 912 1415
internal_value=0 0.000639036
internal_weight=0 2752.14
internal_count=10198 9286
is_linear=0
shrinkage=0.0246946


Tree=28
num_leaves=16
num_cat=0
split_feature=1 7 10 30 43 34 1 7 33 38 43 7 26 10 43
split_gain=131.395 89.7201 34.695 27.0043 25.081 18.7315 16.8361 10.6548 10.0165 8.96966 8.19527 7.86744 7.18458 6.97969 6.92084
threshold=0.57321428571428579 0.41101055806938164 1.2875939849624063 -0.095238095238095191 -0.47140522875816987 -0.68660714285714264 0.49418604651162795 0.28759398496240607 -0.91945945945945939 0.35067567567567576 -1.0000000180025095e-35 0.32945736434108536 0.66362840888162988 1.6575187969924816 -0.96666666666666656
decision_type=2 2 2 2 2 2 2 2 2 2 2 2 2 2 2
left_child=1 4 11 -4 6 -6 7 -1 13 -8 -7 -2 -11 -5 -3
right_child=2 14 3 8 5 10 9 -9 -10 12 -12 -13 -14 -15 -16
leaf_value=-0.0020168325124978238 0.0061644311621889738 -0.014751930413795114 0.020240310161297157 0.0081514399908466477 0.0097816453758572865 -0.00021512764422576354 -0.0068527621270110762 -0.006712622935011652 0.0037037241539288196 0.0017541362233980415 0.0066701416279547326 -0.0029594194837136547 0.010660406919895135 0.015979885378709428 -0.0058758916392765486
leaf_weight=752.26365667581558 96.905686497688293 326.97312441468239 168.68940114974976 166.64350292086601 179.10185420513153 642.8206080198288 56.877275615930557 484.41620689630508 160.43819457292557 238.84196802973747 126.1006575524807 142.21759596467018 71.851330280303955 119.08352309465408 64.066804885864258
leaf_count=2019 259 894 451 445 478 1722 153 1306 429 640 337 382 192 318 173
internal_value=0 -0.00228278 0.00871961 0.0118237 -0.000595157 0.00258932 -0.002477 -0.00385621 0.00864152 0.00216328 0.000914035 0.000738058 0.00381381 0.0114141 -0.0132977
internal_weight=0 2943.31 853.978 614.855 2552.27 948.023 1604.25 1236.68 446.165 367.571 768.921 239.123 310.693 285.727 391.04
internal_count=10198 7914 2284 1643 6847 2537 4310 3325 1192 985 2059 641 832 763 1067
is_linear=0
shrinkage=0.0246946


Tree=29
num_leaves=17
num_cat=0
split_feature=8 1 10 27 3 33 43 8 8 1 23 8 0 10 1 43
split_gain=136.074 82.873 28.191 20.2674 19.2279 17.3659 15.7009 10.6441 10.2448 10.123 10.0428 9.81161 10.2515 7.448 6.90847 6.46381
threshold=1.5375234521575989 0.48749218261413391 1.2374686716791983 0.57820291830724835 1.2150390417352548 -0.73252032520325183 -0.29166666666666657 1.8260504201680674 1.3647450110864747 0.70135135135135152 0.62741466934585677 1.2875939849624063 0.37668918918918926 1.4301948051948055 0.68356867779204122 -0.29166666666666657
decision_type=2 2 2 2 2 2 2 2 2 2 2 2 2 2 2 2
left_child=1 2 8 14 10 15 11 -6 -1 13 -2 12 -7 -5 -3 -4
right_child=4 3 5 9 7 6 -8 -9 -10 -11 -12 -13 -14 -15 -16 -17
leaf_value=0.0060300063636370372 0.029919508813695699 -0.0084953993872659023 -0.003677266080502103 0.0026277175437667247 0.0034573087159712446 0.0037160693611017689 -0.0038144077406237443 0.017265540177321782 0.018343255423019504 -0.013326216766184557 0.016800145385364819 0.010131307076788035 -0.0047561297801804979 -0.0056795844596753964 -0.014360964373442277 -0.01337366910978741
leaf_weight=299.80300718545914 49.993438005447388 557.04467612504959 272.51548317074776 170.61594367027283 94.11348956823349 461.20992836356163 249.4288749396801 53.337326467037201 47.772194415330887 43.992972046136856 123.43666157126427 111.38126534223557 107.37318533658981 107.14613184332848 156.95427042245865 49.547358065843582
leaf_count=1011 156 1990 953 586 310 1572 866 171 152 160 392 368 366 379 588 178
internal_value=0 -0.00202416 0.00150065 -0.00746587 0.0150081 -0.000227351 0.00148508 0.00845215 0.00772239 -0.00232001 0.020582 0.00342907 0.00211615 -0.000576807 -0.00978479 -0.005169
internal_weight=0 2634.79 1599.03 1035.75 320.881 1251.46 929.393 147.451 347.575 321.755 173.43 679.964 568.583 277.762 713.999 322.063
internal_count=10198 9169 5466 3703 1029 4303 3172 481 1163 1125 548 2306 1938 965 2578 1131
is_linear=0
shrinkage=0.0246946


Tree=30
num_leaves=3
num_cat=0
split_feature=14 26
split_gain=18.0474 7.39712
threshold=2.3000000000000003 0.83725987570068539
decision_type=2 2
left_child=1 -1
right_child=-2 -3
leaf_value=0.00057085264455522913 -0.0080012251224968658 -0.0060415186695539219
leaf_weight=2797.9127080440521 167.84326180815697 107.11946904659271
leaf_count=9444 589 374
internal_value=0 0.00032703
internal_weight=0 2905.03
internal_count=10407 9818
is_linear=0
shrinkage=0.0246946


Tree=31
num_leaves=14
num_cat=0
split_feature=2 43 10 37 31 46 10 31 43 46 27 2 22
split_gain=116.743 63.4131 31.3448 24.4974 24.1395 23.1214 19.2541 9.09131 9.07088 8.19811 7.43196 7.06973 6.58318
threshold=1.8116554054054055 -1.0736224028906953 1.3506756756756759 -0.6909814323607425 -0.14087301587301587 0.059714795008912601 1.3943381180223289 0.83558558558558582 -0.89039039039039014 -0.41565040650406498 0.62967258637432766 1.2952069716775603 0.70000000000000007
decision_type=2 2 2 2 2 2 2 2 2 2 2 2 2
left_child=1 6 12 -3 -4 9 10 -7 -6 -5 -1 -11 -2
right_child=2 3 4 5 8 7 -8 -9 -10 11 -12 -13 -14
leaf_value=-0.0067293265004511969 -0.0058755902177857113 0.0073556600996348889 0.018752688315675836 -0.0046228799846703772 0.00075426195994911433 0.0074017245544846441 -0.0020548244250421207 -0.0018769582217234523 0.010139622432847301 -0.0030806310894424876 -0.013035341971929347 0.00063817003308463233 0.0035203194964636832
leaf_weight=167.00951638817787 64.723473697900772 234.8720705807209 195.70948216319084 559.85599854588509 82.516047596931458 244.09999263286591 201.48439005017281 87.471646130084991 262.81063497066498 565.78982695937157 358.88235399127007 694.29850327968597 152.89793068170547
leaf_count=452 174 627 524 1508 221 652 544 234 702 1518 982 1859 410
internal_value=0 -0.00216261 0.00864037 -0.000216996 0.0118238 -0.00104367 -0.00854583 0.00495392 0.00789698 -0.00213636 -0.0110327 -0.0010316 0.000725852
internal_weight=0 3113.76 758.658 2386.39 541.036 2151.52 727.376 331.572 345.327 1819.94 525.892 1260.09 217.621
internal_count=10407 8376 2031 6398 1447 5771 1978 886 923 4885 1434 3377 584
is_linear=0
shrinkage=0.0246946


Tree=32
num_leaves=15
num_cat=0
split_feature=27 30 7 26 37 41 37 41 41 27 1 41 1 41
split_gain=129.233 47.8378 45.976 19.0045 18.3282 17.2051 13.8843 10.9853 10.3371 9.69651 8.38189 8.0084 6.64235 6.42707
threshold=0.62600746100748206 0.35948717948717951 0.43669871794871801 0.60833600066959093 -0.32916666666666666 0.20689655172413804 0.071428571428571466 0.29411764705882354 0.43902439024390255 0.31776580813473193 0.38799283154121872 -0.35214626391096976 0.53950103950103967 -0.10762548262548265
decision_type=2 2 2 2 2 2 2 2 2 2 2 2 2 2
left_child=1 8 4 11 7 -3 9 12 -1 -7 -6 -4 -2 -13
right_child=2 5 3 -5 10 6 -8 -9 -10 -11 -12 13 -14 -15
leaf_value=-0.0050488192059679003 0.0067414972599628298 0.0052473262233451029 0.024921119845547582 0.0051739022829859352 0.011797523423339517 -0.0099683787371237335 0.0030379751596016839 -0.0089653129799941635 -0.011078426221650986 -0.0023075796854288319 0.0042340347341284796 0.0087246195660036236 -0.0031773316734423187 0.020249524027616667
leaf_weight=311.73332977294922 94.382647097110748 257.87658503651619 98.697696059942245 73.229675889015198 164.23469778895378 115.94343915581703 275.39582574367523 74.859862804412842 390.70584872364998 769.18668934702873 195.96598920226097 50.56644144654274 73.029773354530334 70.856879711151123
leaf_count=1115 320 854 301 239 542 407 935 270 1454 2676 656 157 257 224
internal_value=0 -0.00313235 0.00805395 0.0160713 0.00415021 -0.000522362 -0.00180442 -0.00110166 -0.00840257 -0.00331107 0.00768263 0.0196967 0.00241464 0.01545
internal_weight=0 2120.84 895.824 293.351 602.473 1418.4 1160.53 242.272 702.439 885.13 360.201 220.121 167.412 121.423
internal_count=10407 7441 2966 921 2045 4872 4018 847 2569 3083 1198 682 577 381
is_linear=0
shrinkage=0.0246946


Tree=33
num_leaves=5
num_cat=0
split_feature=1 36 27 36
split_gain=21.483 7.81472 7.15704 8.48561
threshold=0.57321428571428579 -0.061553030303030339 0.51945437865981503 -1.4220647773279349
decision_type=2 2 2 2
left_child=1 -1 3 -2
right_child=2 -3 -4 -5
leaf_value=0.0020259829725353985 -0.015581517165006675 -0.00098564563193748937 -0.001375723701765206 -0.0047761405219167077
leaf_weight=1643.7062671780586 52.425608187913895 772.30527314543724 339.82323825359344 286.6845118701458
leaf_count=5531 191 2591 1174 1001
internal_value=0 0.00106328 -0.00390851 -0.00644663
internal_weight=0 2416.01 678.933 339.11
internal_count=10488 8122 2366 1192
is_linear=0
shrinkage=0.0246946


Tree=34
num_leaves=15
num_cat=0
split_feature=2 8 40 34 41 35 43 2 38 38 8 41 1 1
split_gain=137.904 71.7498 27.9342 24.53 21.413 15.2525 14.5979 14.1744 7.96968 7.45828 7.33294 7.0008 6.60953 6.44815
threshold=1.753048780487805 1.2529069767441863 0.418010752688172 -0.93649193548387089 0.8834841628959279 -0.46049896049896044 -0.85540069686411135 1.946657183499289 0.35067567567567576 0.30769230769230788 0.79772727272727284 -0.11764705882352929 0.63762626262626265 0.76696832579185525
decision_type=2 2 2 2 2 2 2 2 2 2 2 2 2 2
left_child=1 4 7 13 5 9 -3 -2 -7 -1 -6 -9 -5 -4
right_child=2 6 3 12 10 8 -8 11 -10 -11 -12 -13 -14 -15
leaf_value=-0.0062206950026365273 -0.0039810912195730429 -0.011814787716066718 0.013584044876879534 0.0023436563755500459 0.0086809969179346049 -0.0093482351693783879 -0.004117903437095994 -0.00042120059463048639 -0.0028215193312807101 0.0021749664305477185 0.0018680038095669352 0.0097023262565111047 0.011481727358287364 0.021345162646144878
leaf_weight=72.871471613645554 130.07830348610878 525.20727336406708 257.58162960410118 159.03944930434227 149.67764365673065 127.5366076529026 210.49176409840584 60.481553256511688 1082.2849949300289 563.4050318300724 270.35061097145081 133.83954939246178 69.301876723766327 87.44311797618866
leaf_count=196 350 1439 689 425 400 345 566 163 2907 1507 723 358 185 235
internal_value=0 -0.00291206 0.00811922 0.0113957 -0.000736714 -0.00188173 -0.00961262 0.00232808 -0.00350955 0.00121343 0.00429582 0.00655142 0.00511707 0.015551
internal_weight=0 3001.83 897.765 573.366 2266.13 1846.1 735.699 324.399 1209.82 636.277 420.028 194.321 228.341 345.025
internal_count=10488 8083 2405 1534 6078 4955 2005 871 3252 1703 1123 521 610 924
is_linear=0
shrinkage=0.0246946


Tree=35
num_leaves=11
num_cat=0
split_feature=7 2 7 24 24 34 24 4 45 34
split_gain=133.373 82.4455 37.219 27.9315 20.0074 12.4633 10.7025 8.46637 6.7644 6.48614
threshold=0.43050193050193059 1.753048780487805 0.28759398496240607 -0.14126657517089536 -0.0044130666125519347 -0.92307692307692302 0.40169944758164566 1.152680652680653 -1.4264069264069261 -0.15268065268065262
decision_type=2 2 2 2 2 2 2 2 2 2
left_child=1 2 4 8 9 -3 -4 -5 -2 -1
right_child=3 5 6 7 -6 -7 -8 -9 -10 -11
leaf_value=-0.00072195138325446785 0.02693238149071888 -0.013119565940317846 0.0069979799707255491 0.0040785546425515171 -0.0053176366954327814 -0.0056889436061652952 -0.0020834015593725807 0.01555906925510143 0.017074290485445433 0.0037414703649587232
leaf_weight=602.33687350153923 59.070920765399933 321.18387146294117 546.76136526465416 152.23310658335686 525.26446312665939 240.89748105406761 92.531172513961792 52.744215667247772 150.83006531000137 296.16497799754143
leaf_count=2098 176 1217 1822 497 1863 857 319 166 468 1005
internal_value=0 -0.00155067 0.000733626 0.0135167 -0.00148896 -0.00993494 0.00568354 0.00703269 0.0198486 0.000749286
internal_weight=0 2625.14 2063.06 414.878 1423.77 562.081 639.293 204.977 209.901 898.502
internal_count=10488 9181 7107 1307 4966 2074 2141 663 644 3103
is_linear=0
shrinkage=0.0246946


Tree=36
num_leaves=5
num_cat=0
split_feature=37 10 41 41
split_gain=18.0491 10.448 9.66544 10.1411
threshold=-0.87339743589743579 1.5889894419306185 -0.052631578947368189 0.84731934731934755
decision_type=2 2 2 2
left_child=1 -1 -2 -4
right_child=2 -3 3 -5
leaf_value=-0.0011707458786289066 -0.0024326224785498705 -0.0092803936568200754 0.0026363119429831387 -0.001589347383811333
leaf_weight=248.399912327528 373.80607259273529 158.82262814044952 1862.2480658590794 425.46441760659218
leaf_count=870 1256 570 6249 1454
internal_value=0 -0.00433362 0.00124888 0.00185043
internal_weight=0 407.223 2661.52 2287.71
internal_count=10399 1440 8959 7703
is_linear=0
shrinkage=0.0246946


Tree=37
num_leaves=13
num_cat=0
split_feature=24 7 7 36 27 29 42 24 2 7 2 24
split_gain=120.653 67.4719 36.8637 21.2689 16.9981 16.5146 15.8365 11.0526 10.2025 8.7692 8.15238 6.77718
threshold=0.80727401329208892 0.35388994307400384 0.39504283965728276 -0.47058823529411759 0.56727974164768435 0.17391304347826106 0.13423423423423433 -0.21665209925177661 1.3424812030075188 0.53033088235294124 1.5395010395010398 2.2995060538577268
decision_type=2 2 2 2 2 2 2 2 2 2 2 2
left_child=1 3 5 7 -3 -2 -5 -1 -9 10 -6 -4
right_child=2 4 11 6 9 -7 -8 8 -10 -11 -12 -13
leaf_value=-0.0025172135471030182 0.015106870287879427 -0.0021177606334572964 -0.0080604047223786779 -0.0063135658801507658 -0.011697125620184077 0.0071911053222850846 -0.00066785646743778735 -0.00096316213180018485 0.0069768789514115543 -0.016902225535579719 -0.003277316969910838 0.0031878629768720156
leaf_weight=157.00193983316422 304.63907206058502 151.23477220535278 77.331620842218399 390.13610547780991 279.84595847129822 340.22677859663963 1356.3843504488468 132.3351913690567 388.14609289169312 136.45856428146362 93.576057642698288 56.552853584289551
leaf_count=420 817 409 209 1054 766 910 3637 354 1037 380 254 152
internal_value=0 -0.00239551 0.00848245 -0.000488299 -0.00938838 0.0109306 -0.00192899 0.00322573 0.00495808 -0.0115449 -0.0095872 -0.00330913
internal_weight=0 3085.12 778.75 2424 661.115 644.866 1746.52 677.483 520.481 509.881 373.422 133.884
internal_count=10399 8311 2088 6502 1809 1727 4691 1811 1391 1400 1020 361
is_linear=0
shrinkage=0.0246946


Tree=38
num_leaves=16
num_cat=0
split_feature=45 2 2 10 4 4 37 45 4 45 4 10 10 10 37
split_gain=123.872 65.6559 35.487 21.3829 18.0906 16.859 13.4587 10.6435 10.335 9.69352 10.3071 7.44946 7.37057 7.77786 6.89019
threshold=-0.85540069686411124 1.6183473389355745 1.7183493589743593 1.35214626391097 0.97402159244264519 1.1357493857493861 -0.56949806949806947 -0.44590643274853786 0.83527131782945752 -0.7360681114551082 1.6233108108108112 0.83827375762859646 1.3086080586080588 1.1830143540669857 -0.33333333333333331
decision_type=2 2 2 2 2 2 2 2 2 2 2 2 2 2 2
left_child=2 5 3 4 -1 7 -3 12 -4 -7 -11 -6 13 -2 -5
right_child=1 6 8 14 11 9 -8 -9 -10 10 -12 -13 -14 -15 -16
leaf_value=0.0070315598122053747 0.00072278386633132 -0.012433870764758914 -0.010732802823163632 -0.0031281588972578793 0.027510729940084622 0.012034277859026008 -0.0054306821289808096 -0.0044279905996232917 0.0029654009282874651 0.0005887792059374342 0.010427021413639435 0.016892833397122112 -0.0023449524214195949 0.012107058981351421 0.0081174383983291087
leaf_weight=111.16775280237198 98.013528287410736 386.81023369729519 47.486130774021149 50.856059551239014 49.946104437112808 60.396798074245453 294.95239448547363 604.05962342023849 114.76518079638481 578.64122605323792 73.147912502288818 208.53403300046921 181.04946285486221 58.406085819005966 95.8391093313694
leaf_count=358 329 1472 167 173 149 197 1039 2126 384 1983 246 647 622 198 309
internal_value=0 -0.00295548 0.00903045 0.0121961 0.0153618 -0.000296977 -0.00940407 -0.00246552 -0.00104366 0.00256989 0.00169289 0.0189445 0.00104725 0.0049736 0.00421883
internal_weight=0 2335.48 678.594 516.343 369.648 1653.71 681.763 941.529 162.251 712.186 651.789 258.48 337.469 156.42 146.695
internal_count=10399 8212 2187 1636 1154 5701 2511 3275 551 2426 2229 796 1149 527 482
is_linear=0
shrinkage=0.0246946


Tree=39
num_leaves=3
num_cat=0
split_feature=2 8
split_gain=20.4381 6.96785
threshold=2.1526806526806532 1.4023809523809525
decision_type=2 2
left_child=1 -1
right_child=-2 -3
leaf_value=0.0003367203824223196 -0.0078209545501136003 -0.0029683254565160576
leaf_weight=2397.1427816748619 231.97029283642769 464.35129055380821
leaf_count=8084 833 1567
internal_value=0 -0.000199609
internal_weight=0 2861.49
internal_count=10484 9651
is_linear=0
shrinkage=0.0246946


Tree=40
num_leaves=14
num_cat=0
split_feature=31 47 41 24 24 27 41 41 24 24 31 46 46
split_gain=101.53 61.7004 39.6249 18.4149 13.9271 12.1421 11.5032 10.4964 11.9452 9.26509 8.44035 7.82782 6.77758
threshold=0.14285714285714293 -0.66260162601626005 0.20689655172413804 0.74608242236846978 0.19141294743019951 0.39544398831565769 -0.43614130434782611 -0.30769230769230754 2.0676228839139079 -0.31775894810899846 -0.24999999999999981 0.21052631578947367 1.0000000180025095e-35
decision_type=2 2 2 2 2 2 2 2 2 2 2 2 2
left_child=2 6 7 -4 5 11 -2 -1 -9 -8 -5 -3 -6
right_child=1 4 3 10 12 -7 9 8 -10 -11 -12 -13 -14
leaf_value=-0.0082724034579127088 -0.015407169967734188 0.0013313797021418247 0.0061039046624481773 0.01833086258458181 0.0024653302845568394 -0.0020416963062632057 -0.011109244066592276 -0.00034083539902624396 0.011762204665841384 -0.004524723219782114 0.010864282647774857 0.010791061396465828 0.01027957662998169
leaf_weight=71.328418165445328 120.38877499103546 261.16843613982201 348.67845258116722 157.7433257997036 387.1076226234436 1325.7878534495831 208.2351393699646 228.35950735211372 63.572478473186493 348.27842301130295 222.62512502074242 67.037386417388916 82.029927343130112
leaf_count=193 336 700 931 425 1037 3564 573 612 170 949 596 179 219
internal_value=0 -0.00199362 0.00688304 0.0102031 7.62288e-05 -0.000988962 -0.00848579 0.000219848 0.00229478 -0.00698851 0.0139608 0.00326356 0.00383167
internal_weight=0 2800.03 1092.31 729.047 2123.13 1653.99 676.902 363.26 291.932 556.514 380.368 328.206 469.138
internal_count=10484 7557 2927 1952 5699 4443 1858 975 782 1522 1021 879 1256
is_linear=0
shrinkage=0.0246946


Tree=41
num_leaves=12
num_cat=0
split_feature=7 35 28 46 1 41 28 7 1 40 41
split_gain=142.126 72.6814 23.2706 19.3222 16.5973 12.0353 11.8822 11.6983 10.0625 8.67092 8.38737
threshold=0.43050193050193059 -0.56949806949806925 0.72727272727272751 -0.4285714285714286 0.59417229729729748 0.15384615384615383 1.8355855855855856 0.22361111111111112 0.43050193050193059 0.61538461538461564 -0.10762548262548265
decision_type=2 2 2 2 2 2 2 2 2 2 2
left_child=1 4 10 7 5 -1 9 -3 -4 -5 -2
right_child=2 3 8 6 -6 -7 -8 -9 -10 -11 -12
leaf_value=0.0023475085448782479 0.010014692314571017 -0.0019923966568105734 0.020673082883704633 -0.0046170223402477954 -0.011364618876365098 -0.0066916095676615795 0.0094674799309689521 0.0064190602971197601 0.011694380793752856 0.00012245360146194187 -0.0030909915423856299
leaf_weight=115.47397577762604 65.372290641069412 128.59715884923935 178.43806660175323 366.19100448489189 402.23044610023499 404.4422387778759 63.137952148914337 466.94393998384476 132.74221542477608 659.08489990234375 54.69350254535675
leaf_count=395 212 436 537 1267 1533 1475 213 1526 409 2294 187
internal_value=0 -0.0020251 0.0132797 0.00102668 -0.00759802 -0.00468401 -0.000930021 0.00460275 0.016843 -0.00157031 0.00404467
internal_weight=0 2606.1 431.246 1683.95 922.147 519.916 1088.41 595.541 311.18 1025.28 120.066
internal_count=10484 9139 1345 5736 3403 1870 3774 1962 946 3561 399
is_linear=0
shrinkage=0.0246946


Tree=42
num_leaves=4
num_cat=0
split_feature=2 11 2
split_gain=27.496 11.0592 11.9685
threshold=2.5712837837837843 1.1365783478636795 1.5178799489144319
decision_type=2 2 2
left_child=1 -1 -3
right_child=-2 2 -4
leaf_value=0.0019673968315040481 -0.014972902285433042 0.00061360829167605437 -0.0036134067466433674
leaf_weight=1274.1440986692905 74.38563072681427 1022.8153077960014 680.10046276450157
leaf_count=4303 274 3427 2343
internal_value=0 0.000227364 -0.00107455
internal_weight=0 2977.06 1702.92
internal_count=10347 10073 5770
is_linear=0
shrinkage=0.0246946


Tree=43
num_leaves=14
num_cat=0
split_feature=36 39 39 24 26 26 22 39 20 30 3 36 3
split_gain=120.154 59.8583 37.7297 26.9074 21.4229 13.7225 9.89227 8.65668 8.32195 8.30639 8.24093 6.88968 6.5115
threshold=-0.60791925465838481 0.24000000000000013 0.3373983739837399 0.77759292423104265 0.69712942989628679 0.57616191294751562 1.1000000000000003 0.064516129032258104 1.9000000000000001 -0.095238095238095191 1.0037637332822313 -0.47058823529411759 1.3053613499595633
decision_type=2 2 2 2 2 2 2 2 2 2 2 2 2
left_child=2 7 4 -4 -1 6 12 -2 -9 -5 -8 -7 -3
right_child=1 5 3 9 -6 11 10 8 -10 -11 -12 -13 -14
leaf_value=-0.0068333967728008253 -0.012632133627306164 -0.0059577860433213991 0.0047513718983713477 0.017837248488223351 0.0074518954324739204 0.0071455532719579577 -0.0040270842851966157 -0.0033074712259624542 -0.014410909274421258 0.010938054233370334 0.00080514069280464881 0.00085128741462307074 0.0011772996075595659
leaf_weight=163.57039934396744 324.36442428827286 458.38546520471573 411.2596652507782 167.12102991342545 105.18581202626228 139.16397938132286 307.42373979091644 156.85593163967133 55.809827893972397 292.98668628931046 717.59795591235161 445.69177755713463 93.992212116718292
leaf_count=442 898 1236 1099 451 282 372 827 426 153 785 1928 1195 253
internal_value=0 -0.00271451 0.00684647 0.00934133 -0.00124242 -0.000881831 -0.00207973 -0.0100934 -0.00622134 0.013444 -0.000644137 0.00234898 -0.00474368
internal_weight=0 2699.29 1140.12 871.367 268.756 2162.26 1577.4 537.03 212.666 460.108 1025.02 584.856 552.378
internal_count=10347 7288 3059 2335 724 5811 4244 1477 579 1236 2755 1567 1489
is_linear=0
shrinkage=0.0246946


Tree=44
num_leaves=12
num_cat=0
split_feature=46 36 34 10 26 2 10 10 11 36 30
split_gain=98.2044 60.2862 38.4717 18.4636 12.0382 11.0602 9.60724 9.05697 8.83072 8.64913 8.19288
threshold=-0.69848484848484838 -0.5617378048780487 -0.96490147783251234 1.0281746031746033 0.44842512547912433 1.3623737373737377 1.3943381180223289 1.4729532163742693 1.0093208785081422 -0.070197044334975381 -0.14087301587301579
decision_type=2 2 2 2 2 2 2 2 2 2 2
left_child=2 10 -1 -4 6 7 -3 -5 -6 -8 -2
right_child=1 4 3 5 8 -7 9 -9 -10 -11 -12
leaf_value=-0.0026055451895354415 -0.014710575415735703 0.0080711514030866616 0.017026931702759984 0.014391828532733582 0.0032833378126896594 0.0038804253515225839 -0.003926511310004442 0.003083008844734014 -0.0027638927145145231 0.0038368471533949044 -0.0077473585209235458
leaf_weight=187.55946433544159 129.29531092941761 155.51343193650246 172.15906742215157 168.07416665554047 178.99073699116707 240.65510824322701 145.54248085618019 58.121232509613037 830.70243290066719 219.49516594409943 507.50864714384079
leaf_count=652 510 521 520 525 616 780 505 188 2889 741 1900
internal_value=0 -0.00277625 0.00722816 0.0101145 -0.000119208 0.00756543 0.00293125 0.011486 -0.00169189 0.000741554 -0.00916116
internal_weight=0 2167.05 826.569 639.01 1530.24 466.851 520.551 226.195 1009.69 365.038 636.804
internal_count=10347 7682 2665 2013 5272 1493 1767 713 3505 1246 2410
is_linear=0
shrinkage=0.0246946


Tree=45
num_leaves=6
num_cat=0
split_feature=24 24 11 11 30
split_gain=16.4067 14.4842 8.12365 8.52513 8.02385
threshold=0.83862911687306363 -0.35213226565695338 1.1853651469096158 1.1669883726335339 0.27272727272727287
decision_type=2 2 2 2 2
left_child=1 -1 3 -3 -2
right_child=4 2 -4 -5 -6
leaf_value=-0.0020796037804904294 -0.0061136793375379094 0.0029467269916692075 0.0001600064925796729 0.012709778480825844 -5.064649410779157e-05
leaf_weight=747.72953072190285 355.53573626279831 919.37911516427994 791.2898798584938 57.98212268948555 212.76599940657616
leaf_count=2511 1277 3083 2665 195 726
internal_value=0 0.000801838 0.00202002 0.00352592 -0.00384375
internal_weight=0 2516.38 1768.65 977.361 568.302
internal_count=10457 8454 5943 3278 2003
is_linear=0
shrinkage=0.0246946


Tree=46
num_leaves=13
num_cat=0
split_feature=24 25 10 37 44 26 22 44 1 25 10 25
split_gain=106.126 76.6497 47.4542 22.7427 22.7136 16.32 12.8823 12.8748 10.4207 8.8067 7.8076 6.7677
threshold=0.33267562584004734 0.42127441759322809 1.3580586080586083 -0.39736842105263154 -0.10526315789473674 0.62122263774958808 1.3 -1.1408730158730156 0.75716625716625729 -0.20823023827823273 1.1589473684210529 0.46724167398296806
decision_type=2 2 2 2 2 2 2 2 2 2 2 2
left_child=1 4 5 8 6 11 -1 -3 -4 -6 -9 -2
right_child=2 7 3 -5 9 -7 -8 10 -10 -11 -12 -13
leaf_value=-0.0039035548988512912 -0.0021490559245066088 -0.014799735422293197 0.010501760599294729 0.0026031395270839901 0.0071888741594420087 0.0033154320318343946 0.00048591261104226173 -0.013097566393295996 0.019581149498762353 -0.00058146423307257758 -0.0055123486740257929 -0.011941832324937606
leaf_weight=953.15046384930611 88.70388475060463 254.08097425103188 461.48368144035339 218.01652699708939 261.90500783920288 213.58824959397316 712.52826696634293 116.33093395829201 92.54744952917099 134.69241869449615 286.70135113596916 83.592369467020035
leaf_count=2565 238 711 1237 584 700 574 1913 318 251 360 778 228
internal_value=0 -0.00310156 0.00582535 0.00935966 -0.000761278 -0.00124581 -0.00202587 -0.0104463 0.0120184 0.00454991 -0.00770174 -0.00690018
internal_weight=0 2719.39 1157.93 772.048 2062.28 385.885 1665.68 657.113 554.031 396.597 403.032 172.296
internal_count=10457 7345 3112 2072 5538 1040 4478 1807 1488 1060 1096 466
is_linear=0
shrinkage=0.0246946


Tree=47
num_leaves=13
num_cat=0
split_feature=42 30 30 42 4 10 10 10 4 4 11 3
split_gain=96.641 42.4486 39.7851 27.5095 16.7391 11.5896 10.4983 9.91302 7.74136 7.5772 6.80245 6.61889
threshold=0.14285714285714293 0.19999999999999982 0.076923076923076969 -0.46770833333333334 1.0548048048048051 1.1624764299182906 1.5270467836257311 1.2784237726098193 1.3693957115009749 0.89039039039039047 1.0051184710060792 1.0395408415691632
decision_type=2 2 2 2 2 2 2 2 2 2 2 2
left_child=2 7 -1 10 -5 -6 9 -2 -8 -3 -4 -9
right_child=1 6 3 4 5 -7 8 11 -10 -11 -12 -13
leaf_value=-0.0046503119085216761 -0.0015524162891585524 -0.0034500894785098892 0.021877817103601305 0.0023930346785696653 0.015528606885630529 0.0068849964219391251 -0.0039411925005465118 -0.001926879024556913 0.0017663167080486737 0.0029303543916741211 0.011751242770461461 -0.012714918783606911
leaf_weight=169.37952494621277 74.532302185893059 145.81645813584328 93.782035410404205 349.79153624176979 139.08196234703064 295.76447528600693 644.67983701825142 39.137369140982628 186.94343101978302 512.20606830716133 71.136816799640656 304.65448334813118
leaf_count=606 280 514 277 1158 433 960 2277 146 641 1756 215 1194
internal_value=0 -0.00276604 0.00637496 0.00834162 0.00641461 0.00964958 -0.000814113 -0.00971681 -0.00265818 0.00151646 0.0175098 -0.0114868
internal_weight=0 1907.97 1118.94 949.557 784.638 434.846 1489.65 418.324 831.623 658.023 164.919 343.792
internal_count=10457 6808 3649 3043 2551 1393 5188 1620 2918 2270 492 1340
is_linear=0
shrinkage=0.0246946


Tree=48
num_leaves=3
num_cat=0
split_feature=32 27
split_gain=14.7749 7.0768
threshold=-0.36842105263157882 0.3335775020183176
decision_type=2 2
left_child=-1 -2
right_child=1 -3
leaf_value=-0.0059337597396802314 -0.0031064587308800825 0.0012584427040301896
leaf_weight=207.99839502573013 247.89635798335075 2625.8361535072327
leaf_count=759 848 8848
internal_value=0 0.000881914
internal_weight=0 2873.73
internal_count=10455 9696
is_linear=0
shrinkage=0.0246946


Tree=49
num_leaves=9
num_cat=0
split_feature=25 24 2 22 37 2 7 2
split_gain=101.181 82.3186 24.3989 17.3733 16.6851 14.8003 11.4398 10.895
threshold=0.73273291141930041 0.80727401329208892 1.9480431848852904 1.5000000000000002 -0.32916666666666666 1.3371212121212122 0.51683501683501698 1.5857863751051307
decision_type=2 2 2 2 2 2 2 2
left_child=1 3 6 -1 7 -5 -2 -3
right_child=2 4 -4 5 -6 -7 -8 -9
leaf_value=-0.0018598578995850708 -0.008347810906158196 0.0012304834217691698 0.0022316390550388312 -0.00088909651469266612 -0.00016095791047905089 0.0056509029492456129 -0.015710714949702526 0.012649043768351062
leaf_weight=1677.1693026721478 452.13960471749306 57.250289112329483 108.51585647463799 409.30810102820396 89.268811464309692 435.57653510570526 179.87831500172615 463.60887587070465
leaf_count=4512 1237 153 292 1099 239 1166 508 1249
internal_value=0 0.00156392 -0.008586 -0.00040515 0.00970335 0.00248257 -0.0104434 0.011394
internal_weight=0 3132.18 740.534 2522.05 610.128 844.885 632.018 520.859
internal_count=10455 8418 2037 6777 1641 2265 1745 1402
is_linear=0
shrinkage=0.0246946


Tree=50
num_leaves=11
num_cat=0
split_feature=42 24 36 28 24 40 24 36 36 42
split_gain=103.71 57.6681 31.8357 17.4087 16.0963 12.7982 12.5471 8.74036 8.53698 6.91378
threshold=-0.12499999999999983 1.4623570486725093 0.16666666666666669 1.3858560794044668 -0.11505510145185417 0.93844696969696972 -0.65859170538411627 -0.53752345215759834 -0.34698996655518383 0.24324324324324334
decision_type=2 2 2 2 2 2 2 2 2 2
left_child=3 2 4 7 9 8 -4 -1 -6 -2
right_child=1 -3 6 -5 5 -7 -8 -9 -10 -11
leaf_value=0.0030288239052590218 0.0038261312168622109 -0.011871284290975405 0.019795868571134086 0.018095255219567379 -0.0045842976394403481 -0.0093396189710275336 0.0053115331044097372 0.010528296681090848 0.0004091932441930523 -0.0006795018361303749
leaf_weight=157.66842034459114 307.43320313096046 317.25777152180672 48.159818261861801 125.4494723379612 465.47648809850216 196.6633263528347 150.26796185970306 237.56227022409439 378.60473144054413 640.11563450098038
leaf_count=519 1009 1230 156 372 1695 724 496 731 1298 2225
internal_value=0 -0.00203242 -0.000604961 0.0100805 -0.00154625 -0.00366634 0.00882698 0.00753655 -0.00234451 0.000782355
internal_weight=0 2503.98 2186.72 520.68 1988.29 1040.74 198.428 395.231 844.081 947.549
internal_count=10455 8833 7603 1622 6951 3717 652 1250 2993 3234
is_linear=0
shrinkage=0.0246946


Tree=51
num_leaves=3
num_cat=0
split_feature=35 6
split_gain=15.832 7.2
threshold=-1.3133928571428568 0.3246621621621622
decision_type=2 2
left_child=-1 -2
right_child=1 -3
leaf_value=-0.0069311019904494996 -0.00011233566587593919 0.002668370987108341
leaf_weight=179.47896924614906 2138.8359172344208 773.08645349740982
leaf_count=660 7230 2597
internal_value=0 0.000625914
internal_weight=0 2911.92
internal_count=10487 9827
is_linear=0
shrinkage=0.0246946


Tree=52
num_leaves=12
num_cat=0
split_feature=31 41 38 36 29 41 27 3 3 3 11
split_gain=103.743 51.0497 30.872 16.6966 12.7043 16.1496 10.823 10.1753 9.15918 8.17056 7.4896
threshold=0.16666666666666663 0.13333333333333344 0.25000000000000017 -1.4508064516129031 1.6440092165898619 0.92307692307692324 0.65969431443433624 1.3197840980097755 1.227700247344415 1.401950593090022 0.93524235298830183
decision_type=2 2 2 2 2 2 2 2 2 2 2
left_child=2 6 8 -4 5 9 -2 -5 -1 -3 -8
right_child=1 4 3 7 -6 -7 10 -9 -10 -11 -12
leaf_value=-0.012802904064458638 -0.0047087708560811089 -0.001677780633375172 0.016785246783737107 0.0044747758902992174 -0.0090900596139462751 0.0046827432189866089 -0.016665164155903932 0.0098188539537092372 0.00074817737683453617 0.0047652915247148198 -0.008847387999011332
leaf_weight=55.365421891212463 334.4953907430172 1403.2121584415436 111.04196190834045 536.97224342823029 99.143213272094727 360.33489832282066 97.40903177857399 364.93634378910065 67.499891847372055 131.25094503164291 320.97603461146355
leaf_count=150 914 3771 302 1438 268 963 274 981 182 352 892
internal_value=0 -0.00254144 0.00633168 0.00774959 -0.00047278 -2.18901e-05 -0.00802013 0.00663713 -0.00535819 -0.00112667 -0.0106675
internal_weight=0 2746.82 1135.82 1012.95 1993.94 1894.8 752.88 901.909 122.865 1534.46 418.385
internal_count=10487 7434 3053 2721 5354 5086 2080 2419 332 4123 1166
is_linear=0
shrinkage=0.0246946


Tree=53
num_leaves=11
num_cat=0
split_feature=39 37 30 32 43 11 4 43 11 43
split_gain=81.5841 48.1737 34.237 15.8746 14.0806 12.7001 11.7932 8.81558 8.69161 7.48788
threshold=0.30151515151515151 -0.33333333333333331 0.33333333333333343 -0.26923076923076922 -0.45161290322580638 1.1875530548419795 1.0822072072072075 -0.79743589743589727 0.95180005513118981 -1.1690476190476187
decision_type=2 2 2 2 2 2 2 2 2 2
left_child=2 3 8 -2 -3 -4 -6 -5 -1 -7
right_child=1 4 5 7 6 9 -8 -9 -10 -11
leaf_value=0.0081951270412990943 -0.01287213942459132 0.0024514973163864509 0.012633735334227132 -0.00077352903288343481 -0.0071633091156753604 0.0085289122284937426 0.0003352295416314556 -0.0068081537937514144 -0.0036203936426482514 -0.0042629685927960707
leaf_weight=48.361434906721115 207.03743785619736 826.27620640397072 389.51781943440437 204.4109104424715 215.04423266649246 68.412296533584595 315.6356163918972 531.37731522321701 176.63122662901878 47.130572646856308
leaf_count=161 834 2771 1190 722 756 214 1093 1986 606 154
internal_value=0 -0.00254365 0.00693166 -0.00683141 0.000435531 0.010501 -0.00270336 -0.00513166 -0.00108069 0.00331103
internal_weight=0 2299.78 730.053 942.826 1356.96 505.061 530.68 735.788 224.993 115.543
internal_count=10487 8162 2325 3542 4620 1558 1849 2708 767 368
is_linear=0
shrinkage=0.0246946


Tree=54
num_leaves=3
num_cat=0
split_feature=1 25
split_gain=18.4834 10.9052
threshold=0.55684754521963831 1.3915587737835811
decision_type=2 2
left_child=1 -1
right_child=-2 -3
leaf_value=0.0017345429721162481 -0.0034000424392151719 -0.003307551987222788
leaf_weight=2014.3675516247749 741.56072184443474 300.6248662173748
leaf_count=6745 2612 1013
internal_value=0 0.00107978
internal_weight=0 2314.99
internal_count=10370 7758
is_linear=0
shrinkage=0.0246946


Tree=55
num_leaves=9
num_cat=0
split_feature=30 25 41 25 30 30 46 41
split_gain=97.3658 60.2135 37.4409 17.0019 10.788 9.80325 7.76782 7.05689
threshold=0.30000000000000016 0.034378690055103321 0.42857142857142855 3.2889248755947791 -0.095238095238095191 -0.2222222222222219 -0.46770833333333334 -0.087595907928388742
decision_type=2 2 2 2 2 2 2 2
left_child=2 -2 5 6 -4 -1 -3 -7
right_child=1 3 4 -5 -6 7 -8 -9
leaf_value=0.0097195458080041614 0.000987137730812641 -0.0071225438622308183 0.016993291991092115 -0.01459438764005489 0.0090531105615273937 -0.0042887999181884812 -0.0025359791554163467 0.0024857527343013857
leaf_weight=90.619925409555435 1558.4041429758072 595.25084528326988 138.71565997600555 140.22702398896217 421.17285028100014 121.70872804522514 362.19423136115074 408.45513117313385
leaf_count=244 4182 1641 378 397 1130 330 974 1094
internal_value=0 -0.00213337 0.00638982 -0.00656366 0.0110203 0.00221352 -0.00538748 0.000930531
internal_weight=0 2656.08 1180.67 1097.67 559.889 620.784 957.445 530.164
internal_count=10370 7194 3176 3012 1508 1668 2615 1424
is_linear=0
shrinkage=0.0246946


Tree=56
num_leaves=13
num_cat=0
split_feature=7 31 28 42 36 42 42 21 28 31 48 42
split_gain=103.24 42.6972 26.5909 14.6751 14.056 12.5621 12.1584 9.25261 8.96516 8.88796 8.73758 6.80225
threshold=0.37668918918918926 0.25000000000000017 0.44590643274853808 0.063508064516129017 0.20942982456140347 0.18834459459459454 0.18301435406698557 1.8437094529227336 0.24137931034482771 0.53452380952380962 32.750000000000007 -0.14087301587301587
decision_type=2 2 2 2 2 2 2 2 2 2 2 2
left_child=1 6 11 7 5 10 -1 -4 -8 -5 -3 -2
right_child=2 4 3 9 -6 -7 8 -9 -10 -11 -12 -13
leaf_value=-0.0030831247265071453 0.0031948108967021381 0.00057077846198840345 0.011434464874021506 -0.005337736014937285 0.0066277228615878418 -0.0027777735035719275 -0.014471295165665348 0.022214904155725808 -0.0075670285483881829 0.0091214488843886516 0.0096910382836700674 -0.010201840995523893
leaf_weight=253.7100957930088 45.56263393163681 334.74583676457405 342.93947705626488 47.395361721515656 149.91415631771088 1029.4014381170273 163.22707276046276 56.557630270719528 385.69869147241116 57.228672116994858 79.218806356191635 46.910554185509682
leaf_count=917 152 1099 1036 162 492 3594 661 167 1478 181 260 171
internal_value=0 -0.00290912 0.0085716 0.0108045 -0.000569314 -0.00131683 -0.00755376 0.0129607 -0.00962006 0.00257134 0.00231609 -0.00360115
internal_weight=0 2395.92 596.594 504.121 1593.28 1443.37 802.636 399.497 548.926 104.624 413.965 92.4732
internal_count=10370 8501 1869 1546 5445 4953 3056 1203 2139 343 1359 323
is_linear=0
shrinkage=0.0246946


Tree=57
num_leaves=6
num_cat=0
split_feature=31 5 25 45 25
split_gain=10.903 13.381 9.3734 11.4056 7.0582
threshold=-0.23076923076923067 0.72077448436683766 2.0764696338689679 -0.030776515151515148 -1.1333819254461857
decision_type=2 2 2 2 2
left_child=-1 -2 3 4 -3
right_child=1 2 -4 -5 -6
leaf_value=-0.005290945637748028 0.0086748991091530909 0.0087424671211614197 -0.0046953246071303311 -0.0031933984863818593 0.00094204289255569356
leaf_weight=226.20074976980686 112.86880537867546 73.396588146686554 236.90227016806602 432.37544849514961 1953.9640550613403
leaf_count=831 381 249 804 1484 6549
internal_value=0 0.000344698 -3.96603e-06 0.000447868 0.00122444
internal_weight=0 2809.51 2696.64 2459.74 2027.36
internal_count=10298 9467 9086 8282 6798
is_linear=0
shrinkage=0.0246946


Tree=58
num_leaves=11
num_cat=0
split_feature=42 24 7 24 34 34 7 3 7 43
split_gain=85.5685 56.2201 26.4009 16.0875 14.6514 14.4657 16.0879 13.1079 9.23209 6.82717
threshold=0.14907407407407405 0.80727401329208892 0.37668918918918926 0.47510380050566042 -1.0987804878048779 -0.51389961389961358 0.18065268065268067 1.298045145360837 0.33712121212121215 -0.33333333333333331
decision_type=2 2 2 2 2 2 2 2 2 2
left_child=2 5 7 -4 -3 6 -2 -1 -7 -8
right_child=1 4 3 -5 -6 8 9 -9 -10 -11
leaf_value=-0.0037268948293586322 0.0085522681312375348 0.014772937241846472 -0.01152743218359416 -0.0022053439979947513 0.0062037465463481104 9.0160049172959454e-06 -0.00038632830178877129 0.0037980420864780953 -0.0077193622740991631 0.0063528007435627431
leaf_weight=577.15957587957382 269.00947171449661 239.42159301042557 406.09724301099777 156.36031922698021 247.41227468848228 1095.2312466204166 407.90138041973114 186.87396118044853 103.13621315360069 118.24693468213081
leaf_count=1564 719 652 1143 425 663 2940 1092 504 280 316
internal_value=0 0.00289467 -0.00487553 -0.00893594 0.010418 0.00105742 0.00363985 -0.00188638 -0.000656119 0.00112823
internal_weight=0 2480.36 1326.49 562.458 486.834 1993.53 795.158 764.034 1198.37 526.148
internal_count=10298 6662 3636 1568 1315 5347 2127 2068 3220 1408
is_linear=0
shrinkage=0.0246946


Tree=59
num_leaves=11
num_cat=0
split_feature=7 1 28 7 29 38 20 2 7 30
split_gain=105.151 40.0214 36.2392 20.4368 12.5011 14.0305 8.63466 8.44872 7.95932 6.84459
threshold=0.33712121212121215 0.50581395348837221 0.41666666666666685 0.21525096525096529 1.1690476190476193 0.45454545454545475 1.5000000000000002 1.8956442831215974 0.40238095238095245 0.25000000000000017
decision_type=2 2 2 2 2 2 2 2 2 2
left_child=1 3 -2 6 5 8 -1 -3 -4 -5
right_child=2 7 4 9 -6 -7 -8 -9 -10 -11
leaf_value=-0.0052134838117631954 -0.0056148380709912906 -0.0056898091838020158 0.0047489723609801023 -0.0044741876254826424 0.015529806482914046 0.0036354888234648758 0.0016913841703961384 -0.011253939040297345 0.014313935840816553 0.0028521300140567046
leaf_weight=540.75863836705685 111.03210958838463 432.92877981066704 73.004358470439911 87.46260017156601 164.37370020151138 259.22086349129677 138.78892585635185 270.33442266285419 194.13192912936211 701.29308068752289
leaf_count=1911 396 1595 231 320 493 849 480 1084 578 2361
internal_value=0 -0.00298459 0.00747995 -0.000664465 0.00958488 0.00772837 -0.00380325 -0.00782866 0.0117 0.00203974
internal_weight=0 2171.57 801.763 1468.3 690.731 526.357 679.548 703.263 267.136 788.756
internal_count=10298 7751 2547 5072 2151 1658 2391 2679 809 2681
is_linear=0
shrinkage=0.0246946


Tree=60
num_leaves=2
num_cat=0
split_feature=2
split_gain=24.0993
threshold=2.1883445945945952
decision_type=2
left_child=-1
right_child=-2
leaf_value=0.00060549671699159757 -0.008374494121583146
leaf_weight=2848.3632289767265 194.70288364589214
leaf_count=9609 723
internal_value=0
internal_weight=0
internal_count=10332
is_linear=0
shrinkage=0.0246946


Tree=61
num_leaves=11
num_cat=0
split_feature=29 8 39 34 43 41 26 26 39 39
split_gain=74.74 58.2059 27.1667 17.9949 16.5137 11.7844 8.22353 7.58525 7.41813 6.51262
threshold=0.17391304347826106 1.2168037602820214 0.56330128205128216 -0.63762626262626243 -0.98780487804878037 0.10128205128205121 0.52864452383264693 0.49098614219453696 1.0121951219512197 1.2180706521739133
decision_type=2 2 2 2 2 2 2 2 2 2
left_child=2 3 -1 8 7 -5 -6 -3 -2 -4
right_child=1 4 9 5 6 -7 -8 -9 -10 -11
leaf_value=0.0019302087242683984 0.0018492665140582261 -0.012123089069152245 0.010709363567269495 -0.0058001345897605323 -0.0060970258520864707 3.4264758646103914e-05 0.0013898024802844744 -0.0064169793346386455 0.0072031078421104199 0.018911837837588673
leaf_weight=258.907968968153 396.82833862304688 298.69568806886673 260.0015275478363 249.18841877579689 194.51805382966995 1381.7680231034756 165.66427102684975 270.92611181735992 262.03560125827789 76.367765933275223
leaf_count=694 1064 844 705 679 527 3709 446 752 702 210
internal_value=0 -0.00158157 0.00794328 0.000534248 -0.00679216 -0.000857154 -0.00265349 -0.00940912 0.00397853 0.0125716
internal_weight=0 3219.62 595.277 2289.82 929.804 1630.96 360.182 569.622 658.864 336.369
internal_count=10332 8723 1609 6154 2569 4388 973 1596 1766 915
is_linear=0
shrinkage=0.0246946


Tree=62
num_leaves=13
num_cat=0
split_feature=7 2 33 46 46 46 7 35 13 7 33 35
split_gain=112.338 39.0467 24.6359 19.6662 14.8411 12.7469 10.8294 10.8003 7.72128 7.45377 6.84502 6.5753
threshold=0.34178433889602061 1.7183493589743593 -0.95916666666666661 -1.1644144144144142 -0.55409356725146186 -0.3571428571428571 0.23606811145510839 0.25000000000000011 0.50000000000000011 0.3943381180223286 -0.83130081300812986 -0.36363636363636348
decision_type=2 2 2 2 2 2 2 2 2 2 2 2
left_child=1 4 3 -2 6 9 -1 11 -3 -4 -8 -6
right_child=2 8 5 -5 7 -7 10 -9 -10 -11 -12 -13
leaf_value=-0.0030612845387055125 0.011282455212684965 -0.0060050461070854022 0.0070875831352813588 -0.0039772514418607227 -0.004842148238715073 0.0004443188279061678 -0.00060242692951768383 0.0093966948320063221 -0.012261783266759403 0.013855479315928376 0.0084727797928892522 -0.001236248185847093
leaf_weight=114.03788532316685 77.701871186494827 249.14290463924408 135.33791740238667 152.75022156536579 522.59397901594639 65.117279261350632 68.978049129247665 46.542939066886902 232.55277140438557 372.02268749475479 191.09561964869499 752.34404727816582
leaf_count=388 244 939 431 540 1918 219 237 153 953 1102 616 2592
internal_value=0 -0.00282112 0.00798556 0.00116789 -0.00105848 0.01073 0.00328366 -0.00228775 -0.00902567 0.0120501 0.00606581 -0.0027143
internal_weight=0 2177.29 802.93 230.452 1695.59 572.478 374.112 1321.48 481.696 507.361 260.074 1274.94
internal_count=10332 7796 2536 784 5904 1752 1241 4663 1892 1533 853 4510
is_linear=0
shrinkage=0.0246946


Tree=63
num_leaves=2
num_cat=0
split_feature=2
split_gain=12.505
threshold=2.2466216216216224
decision_type=2
left_child=-1
right_child=-2
leaf_value=0.00015980585438036483 -0.0070917215080774539
leaf_weight=2850.9202183037996 152.79237689077854
leaf_count=9626 573
internal_value=0
internal_weight=0
internal_count=10199
is_linear=0
shrinkage=0.0246946


Tree=64
num_leaves=14
num_cat=0
split_feature=29 42 24 42 7 24 45 11 42 3 9 24 42
split_gain=73.9333 46.6153 19.2477 16.4471 11.6573 11.5613 8.02338 7.86764 7.18115 9.4201 7.00222 6.76692 6.73972
threshold=0.27777777777777785 0.074074074074074014 -0.10180720099625835 0.13423423423423433 0.37668918918918926 0.65820212996570671 0.034482758620689662 0.91601444379901487 0.80243902439024406 1.2823342868880148 1.044892509546431 0.9151874721261507 0.90161290322580656
decision_type=2 2 2 2 2 2 2 2 2 2 2 2 2
left_child=3 4 6 11 -2 -5 -3 -4 9 -9 -6 -1 -10
right_child=1 2 7 5 10 -7 -8 8 12 -11 -12 -13 -14
leaf_value=-0.0019219454708239827 -0.0037018956543732689 -0.0026823967940837923 -0.0048625446930524894 0.0052363584976853035 -0.0010956921061476734 0.012632989061277411 0.0039779886242963733 0.00048737876423699087 0.014573985834081276 0.0066238810482720867 -0.010565732654813429 0.0061380859558213185 0.0044051948535519725
leaf_weight=142.01461842656136 443.0911405980587 1005.2015173733234 75.711032092571259 233.55056592822075 54.384866535663605 287.50714325904846 123.8907223045826 505.88487258553505 60.514649629592896 218.41604289412498 382.45152759552002 114.92743796110153 115.82040306925774
leaf_count=382 1205 2706 203 625 152 786 331 1356 162 585 1087 309 310
internal_value=0 -0.00175085 0.000244039 0.0067963 -0.00652411 0.00931764 -0.00195158 0.00278315 0.00342588 0.00233787 -0.00938674 0.00168322 0.00789492
internal_weight=0 2985.37 2105.44 778 879.928 521.058 1129.09 976.347 900.636 724.301 436.836 256.942 176.335
internal_count=10199 8097 5653 2102 2444 1411 3037 2616 2413 1941 1239 691 472
is_linear=0
shrinkage=0.0246946


Tree=65
num_leaves=8
num_cat=0
split_feature=47 36 33 36 47 36 21
split_gain=78.6638 51.8988 25.287 17.3417 10.1819 6.84071 6.69503
threshold=-0.69631093544137002 -0.62678571428571417 -0.8224789915966384 0.25000000000000011 -0.36111111111111094 -1.1408730158730156 1.3227406337702028
decision_type=2 2 2 2 2 2 2
left_child=2 5 -1 4 -3 -2 -4
right_child=1 3 6 -5 -6 -7 -8
leaf_value=0.0016981985186244304 -0.013713426724403696 0.0024872599019848118 0.0088953915177666654 0.0090854521587723606 -0.0018828395349841489 -0.0072038762794667506 0.015369260871699377
leaf_weight=275.53178109228611 130.9528537094593 453.56176365911961 256.36639887094498 120.05742859840393 1148.1544929742813 396.60458125174046 157.11817854642868
leaf_count=913 556 1503 776 390 4052 1545 464
internal_value=0 -0.00204318 0.00749355 3.31701e-05 -0.000645348 -0.00881971 0.0113554
internal_weight=0 2249.33 689.016 1721.77 1601.72 527.557 413.485
internal_count=10199 8046 2153 5945 5555 2101 1240
is_linear=0
shrinkage=0.0246946


Tree=66
num_leaves=5
num_cat=0
split_feature=26 25 25 31
split_gain=10.5558 15.2298 6.92202 6.72214
threshold=0.63830306433757689 0.84036184162324756 1.0000000180025095e-35 -0.066666666666666485
decision_type=2 2 2 2
left_child=1 2 -1 -2
right_child=3 -3 -4 -5
leaf_value=0.00070630053548868582 -0.0057975876801139841 -0.0034284409297558531 0.0039446997814317234 -0.00092255852324159369
leaf_weight=1244.441616281867 260.00797058641911 425.91733700037003 594.94036400318146 512.42657460272312
leaf_count=4192 958 1435 1980 1750
internal_value=0 0.000779402 0.00175375 -0.00256353
internal_weight=0 2265.3 1839.38 772.435
internal_count=10315 7607 6172 2708
is_linear=0
shrinkage=0.0246946


Tree=67
num_leaves=13
num_cat=0
split_feature=8 35 47 3 29 44 44 26 3 26 44 35
split_gain=66.1164 50.5385 16.3386 13.0948 11.087 9.96167 9.05278 12.3442 7.50564 8.1441 7.48955 7.3015
threshold=1.4714052287581703 -0.87652439024390227 -0.40582770270270269 1.3861772080693651 0.038461538461538401 -0.70479302832243984 -0.041666666666666539 0.58243921986678082 1.3084946185738826 0.56558186779865272 -0.26006441223832527 -0.60263157894736818
decision_type=2 2 2 2 2 2 2 2 2 2 2 2
left_child=1 3 8 10 -2 -5 7 -4 -3 -10 -1 -8
right_child=4 2 6 5 -6 -7 11 -9 9 -11 -12 -13
leaf_value=0.0027604457799770225 0.0020712941697368882 -0.004115408861196929 -0.0011947766986137292 0.0047588445513501079 -0.0096849765345203963 0.015605828465260622 0.011970193510336222 0.0036348795905882798 -0.003187919324857437 0.0079870084358668898 0.010853701144107905 0.0029674521010493423
leaf_weight=276.44515755772591 55.035929203033447 687.42574110627174 1031.8828729391098 75.172544538974762 440.13775458931923 164.87624105811119 68.370313405990601 469.59213826060295 88.923129379749298 71.94865545630455 93.249648630619049 279.61182940006256
leaf_count=744 148 1879 2771 203 1241 453 183 1257 242 194 253 747
internal_value=0 0.00129714 -0.000154084 0.00771797 -0.00837833 0.012209 0.00114746 0.000315717 -0.00299171 0.00180998 0.00480184 0.00473628
internal_weight=0 3307.5 2697.75 609.744 495.174 240.049 1849.46 1501.48 848.298 160.872 369.695 347.982
internal_count=10315 8926 7273 1653 1389 656 4958 4028 2315 436 997 930
is_linear=0
shrinkage=0.0246946


Tree=68
num_leaves=13
num_cat=0
split_feature=25 31 4 7 31 25 25 29 7 30 26 9
split_gain=111.189 29.2741 25.492 18.5605 12.8005 11.1182 10.3824 10.3564 8.90954 8.75277 8.26548 8.19451
threshold=0.5424895864722572 -0.11111111111111098 1.0822072072072075 0.44782214156079864 0.64400921658986199 2.5775714446310922 0.068520879426783532 0.7974358974358976 0.11583184257602865 0.418010752688172 0.75012320362793583 1.1243787806057277
decision_type=2 2 2 2 2 2 2 2 2 2 2 2
left_child=2 -2 4 5 6 9 10 -5 -4 -3 -1 -11
right_child=1 3 8 7 -6 -7 -8 -9 -10 11 -12 -13
leaf_value=-0.006652292905609045 -0.0063840844320227968 -0.0028775511891263612 -0.006939337205536379 0.0088891634065269478 0.00011313262402069682 0.015375248300002368 -0.002251336444043156 0.018274235108007967 0.00083768133465740189 0.0019097433003734776 -0.013379814823552551 0.011623442804295253
leaf_weight=561.52541340887547 73.520044535398483 78.637233033776283 99.19408705830574 118.41184279322624 226.41937807202339 66.159574195742607 265.42563170194626 181.77574267983437 951.83108130097389 105.8508169054985 138.92074756324291 105.99387472867966
leaf_count=2089 270 274 358 360 770 206 942 519 3273 344 579 331
internal_value=0 0.00839343 -0.00270008 0.0100475 -0.00517165 0.00623904 -0.00641051 0.0145722 0.000103699 0.00415819 -0.00798657 0.00676987
internal_weight=0 730.349 2243.32 656.829 1192.29 356.641 965.872 300.188 1051.03 290.482 700.446 211.845
internal_count=10315 2304 8011 2034 4380 1155 3610 879 3631 949 2668 675
is_linear=0
shrinkage=0.0246946


Tree=69
num_leaves=5
num_cat=0
split_feature=2 2 31 22
split_gain=19.582 8.46799 7.63976 6.56788
threshold=1.7571662571662574 2.7325119236883948 0.61651583710407254 1.3
decision_type=2 2 2 2
left_child=2 -2 3 -1
right_child=1 -3 -4 -5
leaf_value=0.0038176534331980853 -0.0028488481848497455 -0.014159413812944024 -0.00038863318019276505 0.00036110034344702543
leaf_weight=833.5886404812336 599.30126248300076 43.281158819794655 1015.0608482062817 560.72750300168991
leaf_count=2781 2133 171 3399 1889
internal_value=0 -0.00361067 0.00124113 0.00242759
internal_weight=0 642.582 2409.38 1394.32
internal_count=10373 2304 8069 4670
is_linear=0
shrinkage=0.0246946


Tree=70
num_leaves=11
num_cat=0
split_feature=2 8 45 46 2 1 35 47 38 26
split_gain=102.736 41.8855 19.6153 16.1895 15.4306 11.0195 10.4015 8.85082 7.38641 7.16204
threshold=1.8024390243902442 1.2022727272727274 -0.71937499999999976 -1.1644144144144142 1.1686991869918701 0.76393188854489169 -0.54415584415584395 0.035714285714285761 1.688577586206897 0.46248473595545508
decision_type=2 2 2 2 2 2 2 2 2 2
left_child=1 4 9 -2 -1 8 -6 -8 -5 -3
right_child=3 2 -4 5 6 -7 7 -9 -10 -11
leaf_value=-0.0039126520085941375 -0.0030775193636072428 -0.013190214138568147 -0.0024913661258171263 0.0068338608190078223 0.0035368746613192673 0.016170470320306541 -0.0017775699611824753 0.0037217220584051373 0.016314502693538502 -0.0072475863730224179
leaf_weight=551.01916509866714 73.251504063606262 226.487199395895 378.72274369001389 520.10038417577744 575.76595544815063 113.37244188785553 826.65029355883598 227.6156011223793 55.457950085401535 272.44803175330162
leaf_count=1486 200 649 1024 1405 1542 314 2228 608 151 766
internal_value=0 -0.00217326 -0.00672875 0.00795993 -0.00034013 0.0091335 0.000867532 -0.000590275 0.00774737 -0.00994519
internal_weight=0 3058.71 877.658 762.182 2181.05 688.931 1630.03 1054.27 575.558 498.935
internal_count=10373 8303 2439 2070 5864 1870 4378 2836 1556 1415
is_linear=0
shrinkage=0.0246946


Tree=71
num_leaves=10
num_cat=0
split_feature=36 45 45 21 36 28 26 31 3
split_gain=60.3789 47.1693 24.2941 15.2927 14.9267 11.4078 7.26152 6.92876 6.57347
threshold=-0.56949806949806947 -0.71937499999999976 -0.85540069686411124 1.7026854303185148 0.099999999999999964 0.63944444444444459 0.70075126792634146 -0.19047619047619027 1.3899613286789341
decision_type=2 2 2 2 2 2 2 2 2
left_child=2 3 5 -2 6 -1 -3 -4 -9
right_child=1 4 7 -5 -6 -7 -8 8 -10
leaf_value=-0.0034918681380544142 0.0063134568277410383 -0.00069819352329526666 -0.012362220110623713 0.017236930946201962 0.0058702391974320249 0.0071484238165685429 -0.0083436587256956636 -0.004791364580219312 -0.01168733565407494
leaf_weight=146.78532217442989 535.25321939587593 1190.6895512789488 170.57277162373066 91.520549327135086 213.6126626431942 105.69094479084015 80.904586046934128 336.97886000573635 112.41756665706635
leaf_count=514 1636 4141 729 270 707 336 294 1294 452
internal_value=0 0.00222749 -0.00549506 0.00790849 -0.000169952 0.000962343 -0.00118463 -0.00812477 -0.00651641
internal_weight=0 2111.98 872.445 626.774 1485.21 252.476 1271.59 619.969 449.396
internal_count=10373 7048 3325 1906 5142 850 4435 2475 1746
is_linear=0
shrinkage=0.0246946


Tree=72
num_leaves=4
num_cat=0
split_feature=32 26 9
split_gain=13.0099 7.34752 9.15879
threshold=-0.46153846153846123 0.60462103926463051 1.2140843485066084
decision_type=2 2 2
left_child=-1 2 -2
right_child=1 -3 -4
leaf_value=-0.007212602675424307 0.0020752113846879464 -0.0014396804120784428 -0.002027249824498274
leaf_weight=139.88993971049786 1700.9927828758955 853.73357817530632 412.29616051912308
leaf_count=534 5690 2940 1388
internal_value=0 0.000493757 0.00127483
internal_weight=0 2967.02 2113.29
internal_count=10552 10018 7078
is_linear=0
shrinkage=0.0246946


Tree=73
num_leaves=11
num_cat=0
split_feature=2 47 10 44 31 31 10 10 2 10
split_gain=90.4818 42.3204 29.4283 18.5967 16.2716 11.9804 9.99982 9.79685 9.36146 6.73772
threshold=1.8532998565279775 -0.83130081300812997 1.2099143206854348 -0.12499999999999989 0.25000000000000017 -0.45454545454545464 0.98809523809523825 1.3788443616029824 1.3693957115009749 1.1357493857493861
decision_type=2 2 2 2 2 2 2 2 2 2
left_child=1 6 -2 4 9 -4 -1 -6 -5 -3
right_child=2 3 5 8 7 -7 -8 -9 -10 -11
leaf_value=-0.01456711241605645 -0.0027454090582008199 -0.004014634190069419 0.019014493006697625 0.00042451283589942167 -0.0053460441379990873 0.0091898289811564206 -0.0064031295285879837 -0.001367244052932491 0.0069255421009990926 0.0030259251267549677
leaf_weight=124.82492536306381 118.09187722206116 98.903809785842896 91.502324968576431 280.36329621076584 600.39100742340088 438.01372706890106 342.64417153596878 1016.0276633501053 260.66379073262215 511.9429560303688
leaf_count=365 321 266 256 750 1635 1187 963 2739 698 1372
internal_value=0 -0.00171054 0.00840158 -0.000550007 -0.00154756 0.0108876 -0.0085831 -0.0028451 0.00355667 0.00188597
internal_weight=0 3235.76 647.608 2768.29 2227.27 529.516 467.469 1616.42 541.027 610.847
internal_count=10552 8788 1764 7460 6012 1443 1328 4374 1448 1638
is_linear=0
shrinkage=0.0246946


Tree=74
num_leaves=10
num_cat=0
split_feature=25 32 29 7 45 5 3 4 5
split_gain=104.34 38.0764 31.9938 17.2879 8.84842 8.56454 6.60628 7.21556 6.54203
threshold=0.69673184479597616 0.18301435406698557 0.13793103448275876 0.54692082111436957 0.034482758620689662 0.9177921019176094 1.1212238211627774 1.3246621621621624 0.97991186987773216
decision_type=2 2 2 2 2 2 2 2 2
left_child=1 5 -2 6 -3 -1 7 -4 -7
right_child=2 4 3 -5 -6 8 -8 -9 -10
leaf_value=-0.0099659986967519515 -0.0078980138024357122 0.00026655615582501174 0.0082208334777392755 0.0176855490975611 -0.0060092631874345366 0.00086820288968936319 0.0053315229930713274 0.018524069933454842 -0.006324148881007961
leaf_weight=335.67710344493389 65.365384176373482 1429.4639173895121 137.06679399311543 146.07263627648354 151.52496388554573 98.491231799125671 258.95034167170525 59.418997138738632 355.44225957989693
leaf_count=1333 239 4844 424 415 547 385 818 178 1369
internal_value=0 -0.00254671 0.00851016 0.0102932 -0.00033493 -0.00697523 0.00792226 0.0113366 -0.0047636
internal_weight=0 2370.6 666.874 601.509 1580.99 789.611 455.436 196.486 453.933
internal_count=10552 8478 2074 1835 5391 3087 1420 602 1754
is_linear=0
shrinkage=0.0246946


Tree=75
num_leaves=3
num_cat=0
split_feature=24 25
split_gain=9.80831 8.37792
threshold=4.7285915462868093 1.6173794106673487
decision_type=2 2
left_child=1 -1
right_child=-2 -3
leaf_value=0.0008376100354775376 -0.0093806141011682654 -0.0032816817442469347
leaf_weight=2609.3027541488409 64.387222081422806 340.36351300776005
leaf_count=8832 248 1164
internal_value=0 0.000362283
internal_weight=0 2949.67
internal_count=10244 9996
is_linear=0
shrinkage=0.0246946


Tree=76
num_leaves=11
num_cat=0
split_feature=25 1 10 27 10 35 35 14 8 1
split_gain=74.4726 45.934 19.2691 12.1844 11.4541 11.1538 9.4403 7.96398 7.8151 6.56131
threshold=0.73273291141930041 0.59417229729729748 1.8169856459330147 0.59760582949337671 1.4382621951219514 -1.0863354037267079 -0.4366987179487179 1.5000000000000002 1.3164313222079593 0.3816526610644258
decision_type=2 2 2 2 2 2 2 2 2 2
left_child=1 2 3 -1 -3 -2 -4 -6 -7 -5
right_child=5 4 6 9 7 8 -8 -9 -10 -11
leaf_value=0.00068836592073578181 0.00065181276501803307 0.0036218811849548687 0.0099072797177107794 -0.0071359540758525863 0.0063922666153649705 -0.0037771312192863551 0.0024400328359706256 0.013867940432210669 -0.0098672581000344723 -0.0016149937972617561
leaf_weight=1449.2514176666737 103.81728011369705 205.14356490969658 161.98100852966309 202.61001399159431 143.51486667990685 181.36939439177513 284.72609314322472 220.30278235673904 440.75963777303696 372.81426817178726
leaf_count=3896 281 555 434 554 388 497 764 607 1258 1010
internal_value=0 0.00196188 0.000505482 -0.000518746 0.00828798 -0.00684138 0.00514774 0.010919 -0.0080918 -0.00355895
internal_weight=0 3040.34 2471.38 2024.68 568.961 725.946 446.707 363.818 622.129 575.424
internal_count=10244 8208 6658 5460 1550 2036 1198 995 1755 1564
is_linear=0
shrinkage=0.0246946


Tree=77
num_leaves=11
num_cat=0
split_feature=25 24 24 30 25 5 7 40 30 25
split_gain=124.008 33.2624 19.6296 16.0194 12.7156 13.3023 10.6889 10.5458 7.31455 7.29207
threshold=0.8024308641996486 0.60806881871891461 0.38982903701631239 1.112698412698413 1.6173794106673487 0.99622204711852536 0.15707236842105265 1.0000000180025095e-35 0.48148148148148157 0.14167774487625986
decision_type=2 2 2 2 2 2 2 2 2 2
left_child=1 3 4 6 -2 -6 -1 -4 -3 -5
right_child=2 8 7 9 5 -7 -8 -9 -10 -11
leaf_value=-0.0068544039696898356 0.0066183317924762061 -0.011020173173095884 0.0075204297361694339 0.0017992478741932424 0.006167735892350929 0.018376698134425565 -0.0016776454206664619 -0.0045556734017531174 -0.0038494453528252048 0.011934394615929513
leaf_weight=300.71108417212963 169.66886189579964 334.11535874009132 102.16051483154297 235.82367724180222 73.747661054134369 207.67635303735733 1272.4859853833914 77.593624293804169 117.17115293443203 53.024487882852554
leaf_count=1100 527 1392 320 787 218 605 4426 282 420 167
internal_value=0 -0.00314348 0.00920823 -0.0016857 0.011958 0.0151773 -0.00266716 0.0023076 -0.00915838 0.00365978
internal_weight=0 2313.33 630.847 1862.05 451.093 281.424 1573.2 179.754 451.287 288.848
internal_count=10244 8292 1952 6480 1350 823 5526 602 1812 954
is_linear=0
shrinkage=0.0246946


Tree=78
num_leaves=5
num_cat=0
split_feature=14 29 22 29
split_gain=12.0549 8.52874 7.27375 7.25358
threshold=1.7000000000000004 1.0121951219512197 0.90000000000000013 0.038461538461538401
decision_type=2 2 2 2
left_child=1 -1 -2 -4
right_child=2 -3 3 -5
leaf_value=0.0020314840744121679 0.0014892949553516016 -0.001081650770097857 -0.0096441008064017016 -0.0025579921873385425
leaf_weight=1662.084622502327 168.37147319316864 792.54923191666603 122.66772590577602 312.54265624284744
leaf_count=5600 587 2659 470 1076
internal_value=0 0.00102632 -0.00286912 -0.00455527
internal_weight=0 2454.63 603.582 435.21
internal_count=10392 8259 2133 1546
is_linear=0
shrinkage=0.0246946


Tree=79
num_leaves=11
num_cat=0
split_feature=2 47 47 36 36 29 24 44 4 11
split_gain=63.9532 43.6679 18.0615 14.3927 10.1033 9.13584 8.71976 7.77399 8.61233 7.23774
threshold=2.0533428165007117 -0.36111111111111094 -0.93649193548387089 0.11882352941176462 -0.94028520499108714 0.72727272727272751 0.7169514496711854 -1.1606451612903224 0.97646733111849404 1.2142468645541815
decision_type=2 2 2 2 2 2 2 2 2 2
left_child=1 2 5 4 -3 -1 -4 -2 -9 -6
right_child=7 3 6 -5 9 -7 -8 8 -10 -11
leaf_value=-0.0035808953530516914 0.0012492641347091615 0.0086378213476044161 -0.0034576736292578985 -0.0049863654046448623 -4.1901713407332467e-05 -0.01159463046746835 0.0030395835347196169 0.0140228889636948 0.0053300421168642007 0.0032278243598006465
leaf_weight=132.66145807504654 55.790841788053513 133.48868560791016 935.2742001414299 193.57101348042488 834.93903520703316 250.68570128083229 145.57010191679001 217.11978295445442 102.22631445527077 816.63165909051895
leaf_count=369 151 363 2557 523 2238 730 393 602 278 2188
internal_value=0 -0.000982991 -0.00421602 0.00140946 0.00210302 -0.00882139 -0.00258261 0.00975434 0.0112402 0.00157484
internal_weight=0 3442.82 1464.19 1978.63 1785.06 383.347 1080.84 375.137 319.346 1651.57
internal_count=10392 9361 4049 5312 4789 1099 2950 1031 880 4426
is_linear=0
shrinkage=0.0246946


Tree=80
num_leaves=7
num_cat=0
split_feature=8 34 28 8 47 28
split_gain=82.8258 32.3708 17.2536 15.3793 13.4691 11.1243
threshold=1.4478221415607988 -0.54415584415584395 0.9012195121951222 1.7042925278219399 -0.35294117647058815 0.23076923076923073
decision_type=2 2 2 2 2 2
left_child=1 5 -2 -4 -3 -1
right_child=2 4 3 -5 -6 -7
leaf_value=-0.010199442212296465 0.0023007614356590094 0.0034748574891357116 0.0076638708546153895 0.018562870436257834 -0.0015302143538910645 -0.0040574910230394799
leaf_weight=226.16251637041569 155.24815583229065 523.17739301919937 184.81593948602676 137.83615598082542 878.37946423888206 877.83286049962044
leaf_count=946 511 1674 549 389 3054 3269
internal_value=0 -0.00215309 0.00906513 0.0123199 0.000338094 -0.00531572
internal_weight=0 2505.55 477.9 322.652 1401.56 1104
internal_count=10392 8943 1449 938 4728 4215
is_linear=0
shrinkage=0.0246946


Tree=81
num_leaves=4
num_cat=0
split_feature=31 5 25
split_gain=17.3821 12.8776 8.77006
threshold=-0.099999999999999686 1.039750489820074 -0.021508132847985431
decision_type=2 2 2
left_child=-1 2 -2
right_child=1 -3 -4
leaf_value=-0.0051773509468144565 0.00082330224009377975 -0.00065131009670101286 0.0048316395044950972
leaf_weight=306.78120340406895 690.99873635172844 1375.8883705586195 642.27122938632965
leaf_count=1142 2339 4626 2141
internal_value=0 0.00102467 0.00275422
internal_weight=0 2709.16 1333.27
internal_count=10248 9106 4480
is_linear=0
shrinkage=0.0246946


Tree=82
num_leaves=9
num_cat=0
split_feature=2 27 27 37 2 8 32 8
split_gain=72.4311 52.5328 16.6089 15.5897 13.8102 12.513 7.45124 7.38655
threshold=1.7183493589743593 0.63616356719464284 0.67143169266625635 0.21621621621621617 2.2738636363636369 1.474342105263158 -0.23076923076923067 1.5375234521575989
decision_type=2 2 2 2 2 2 2 2
left_child=1 3 4 5 -2 6 -1 -3
right_child=2 7 -4 -5 -6 -7 -8 -9
leaf_value=0.0089320344835149071 0.0059556451813952728 -0.0060258005098105952 -0.0010092979922904349 -0.0062517891431732135 0.014341265587043623 -0.0082015439372162095 0.00089409752911285743 -0.011494344367931047
leaf_weight=73.319266140460968 574.0214501619339 563.0242221057415 163.41493147611618 214.63447767496109 151.34209254384041 90.244559168815613 1725.2357074022293 205.64267069101334
leaf_count=197 1555 1547 447 584 422 252 4637 607
internal_value=0 -0.00196406 0.00610295 5.48745e-05 0.00770525 0.000771535 0.00122177 -0.00748881
internal_weight=0 2872.1 888.778 2103.43 725.364 1888.8 1798.55 768.667
internal_count=10248 7824 2424 5670 1977 5086 4834 2154
is_linear=0
shrinkage=0.0246946


Tree=83
num_leaves=8
num_cat=0
split_feature=7 35 32 5 5 2 2
split_gain=70.2036 37.5925 22.0885 15.7682 11.629 7.7795 7.52958
threshold=0.3816526610644258 -0.67083333333333306 0.74642857142857166 0.99622204711852536 0.92874575635720047 1.8169856459330147 2.0615530303030307
decision_type=2 2 2 2 2 2 2
left_child=1 6 3 -2 -3 -6 -1
right_child=2 4 -4 -5 5 -7 -8
leaf_value=-0.0060245655891930251 -0.00096854395825446893 -0.0039146701656031973 0.015667257037746095 0.0082613764602748035 0.0012689447535932093 -0.0065439693064992177 -0.012493523500964351
leaf_weight=468.46050846576691 189.0654511153698 432.6951547563076 141.69359216094017 280.08578857779503 1204.4273996502161 83.080384880304337 143.28614117205143
leaf_count=1838 600 1510 405 847 4107 305 636
internal_value=0 -0.00228204 0.00712247 0.00454177 -0.000412267 0.000764793 -0.00753975
internal_weight=0 2331.95 610.845 469.151 1720.2 1287.51 611.747
internal_count=10248 8396 1852 1447 5922 4412 2474
is_linear=0
shrinkage=0.0246946


Tree=84
num_leaves=3
num_cat=0
split_feature=6 2
split_gain=19.924 13.2802
threshold=0.38348416289592763 2.5395010395010398
decision_type=2 2
left_child=1 -1
right_child=-2 -3
leaf_value=7.9385375413045377e-05 0.0062303357541596445 -0.011566404494422965
leaf_weight=2604.0756809711456 331.68247240781784 61.114413902163506
leaf_count=8829 1111 247
internal_value=0 -0.00018766
internal_weight=0 2665.19
internal_count=10187 9076
is_linear=0
shrinkage=0.0246946


Tree=85
num_leaves=10
num_cat=0
split_feature=8 29 42 29 26 38 38 14 28
split_gain=63.0083 42.1532 24.8073 9.76931 9.70455 9.12832 8.47544 8.02035 6.44414
threshold=1.4478221415607988 0.038461538461538401 0.63762626262626287 0.21212121212121202 0.49098614219453696 0.5555555555555558 1.0000000180025095e-35 1.9000000000000001 1.6666666666666667
decision_type=2 2 2 2 2 2 2 2 2
left_child=1 5 4 -2 -3 -1 -5 -7 -4
right_child=3 2 8 6 -6 7 -8 -9 -10
leaf_value=0.001009638790787501 -0.00013915667252944384 -0.0034317765769853151 0.0045075987773471769 -0.016377268824588165 -1.9361154636224822e-05 0.0071343928212169588 -0.0080648293289055269 0.015465016259130757 -0.0020258131198192942
leaf_weight=69.765604883432388 71.383469313383102 872.16772440075874 702.34137290716171 97.967923045158386 1217.9275355637074 152.64332836866379 316.32130491733551 130.9246164560318 105.95208758115768
leaf_count=187 193 2371 1886 294 3286 419 898 368 285
internal_value=0 0.000959115 -2.2575e-05 -0.00857668 -0.00144331 0.0090119 -0.0100305 0.0109807 0.00365119
internal_weight=0 3251.72 2898.39 485.673 2090.1 353.334 414.289 283.568 808.293
internal_count=10187 8802 7828 1385 5657 974 1192 787 2171
is_linear=0
shrinkage=0.0246946


Tree=86
num_leaves=13
num_cat=0
split_feature=47 37 9 10 10 2 35 28 47 17 2 28
split_gain=57.8598 49.5397 20.4714 18.501 13.6713 10.9778 10.0323 9.95893 8.75781 7.46716 7.10561 6.64159
threshold=-0.84495192307692291 -0.47295321637426896 1.0947697351749714 1.1357493857493861 1.6760731319554851 1.6582156611039796 -1.1801948051948048 1.8355855855855856 -1.2029411764705877 1.3779271744364854 1.6183473389355745 1.7285012285012289
decision_type=2 2 2 2 2 2 2 2 2 2 2 2
left_child=2 6 10 8 7 -5 -2 -3 -4 -8 -1 -6
right_child=1 4 3 5 11 -7 9 -9 -10 -11 -12 -13
leaf_value=0.0032704099812867764 -0.012859902564377119 0.001342753041519147 0.020162897208033961 0.0085390580719111233 -0.004162292184175919 -0.0056328427577775073 -0.0069480080420411885 0.010938392382150715 0.0099247773487943607 0.0010560514471786484 -0.0086631240879745681 0.0042754203285859087
leaf_weight=94.261633783578873 153.80137585103512 1157.055498406291 110.49775642156601 107.8503645658493 417.66056917607784 48.241439983248711 464.43086373806 69.945387899875641 94.549553513526917 83.922468200325966 44.931342825293541 65.859255284070969
leaf_count=291 685 3915 312 321 1478 163 1825 223 276 324 153 221
internal_value=0 -0.00176328 0.00746418 0.0105653 0.00050387 0.00415912 -0.00728631 0.00188975 0.015442 -0.00572303 -0.000581722 -0.00301301
internal_weight=0 2412.68 500.332 361.139 1710.52 156.092 702.155 1227 205.047 548.353 139.193 483.52
internal_count=10187 8671 1516 1072 5837 484 2834 4138 588 2149 444 1699
is_linear=0
shrinkage=0.0246946


Tree=87
num_leaves=2
num_cat=0
split_feature=32
split_gain=7.73813
threshold=-0.49324324324324315
decision_type=2
left_child=-1
right_child=-2
leaf_value=-0.0057877386991013113 0.00059163437852741629
leaf_weight=120.89251144230366 2838.1337397545576
leaf_count=475 9583
internal_value=0
internal_weight=0
internal_count=10058
is_linear=0
shrinkage=0.0246946


Tree=88
num_leaves=9
num_cat=0
split_feature=37 47 47 4 44 37 11 44
split_gain=42.9267 23.7872 23.547 17.0426 12.7491 11.5744 10.1292 6.6087
threshold=-0.58722109533468536 -0.55718954248365993 -0.75809822361546486 1.2168037602820214 -0.075961538461538428 -1.1719211822660096 1.2116081503933416 -0.32071428571428556
decision_type=2 2 2 2 2 2 2 2
left_child=1 6 -2 7 -5 -3 -1 -4
right_child=2 5 3 4 -6 -7 -8 -9
leaf_value=-0.0042463715403203185 -0.006886661687016734 0.013951705971016758 -0.00055158632672488539 -0.0052779377489895873 0.0031287240839253895 0.0054320149795560229 0.0051770397057500335 0.0027895698331339997
leaf_weight=217.58296516537666 456.82756865024567 119.05483248829842 910.07142791152 617.06164094805717 133.87940895557404 530.74155896902084 102.24965035915375 598.39063581824303
leaf_count=592 1319 339 2460 1673 358 1438 277 1602
internal_value=0 0.0042794 -0.0017733 -0.000739431 -0.00377918 0.00699298 -0.00123373 0.000773814
internal_weight=0 969.629 2716.23 2259.4 750.941 649.796 319.833 1508.46
internal_count=10058 2646 7412 6093 2031 1777 869 4062
is_linear=0
shrinkage=0.0246946


Tree=89
num_leaves=7
num_cat=0
split_feature=7 2 28 44 45 21
split_gain=61.1672 33.457 22.707 10.7687 9.31007 7.18804
threshold=0.35388994307400384 1.7183493589743593 1.0363756613756616 -0.42678571428571416 -1.4264069264069261 0.89442719099991708
decision_type=2 2 2 2 2 2
left_child=1 3 -2 -1 -4 -6
right_child=2 -3 4 -5 5 -7
leaf_value=0.0013811359306015992 0.0017954197457323753 -0.0080180261968283116 0.017551158347219882 -0.0025404008185086709 0.0025577422149743846 0.011234082926711636
leaf_weight=865.08742140233517 351.80247631669044 466.24884234368801 89.459909349679947 843.29833574593067 87.675465196371078 173.37573432922363
leaf_count=2937 1141 1923 247 3038 265 507
internal_value=0 -0.0021548 0.0062276 -0.000554624 0.0106761 0.00832009
internal_weight=0 2174.63 702.314 1708.39 350.511 261.051
internal_count=10058 7898 2160 5975 1019 772
is_linear=0
shrinkage=0.0246946


Tree=90
num_leaves=2
num_cat=0
split_feature=0
split_gain=9.90775
threshold=0.13245614035087722
decision_type=2
left_child=-1
right_child=-2
leaf_value=-0.0055915207880114113 8.3747760118067809e-05
leaf_weight=200.75752229988575 2859.7027132064104
leaf_count=737 9674
internal_value=0
internal_weight=0
internal_count=10411
is_linear=0
shrinkage=0.0246946


Tree=91
num_leaves=10
num_cat=0
split_feature=2 7 10 45 29 7 1 33 7
split_gain=67.1154 41.0216 15.8432 14.5026 11.6838 8.37043 7.86101 7.73196 7.22808
threshold=1.8116554054054055 0.28759398496240607 1.3494186046511631 -0.030776515151515148 1.288018433179724 0.43050193050193059 0.60232558139534886 -1.3114224137931032 0.16172624237140368
decision_type=2 2 2 2 2 2 2 2 2
left_child=1 3 6 -1 5 -3 -2 -4 -5
right_child=2 4 7 8 -6 -7 -8 -9 -10
leaf_value=-0.00036180623733569542 -0.0068346861234741072 -0.0025603164050498283 0.012606532282608642 0.0076316589246660498 -0.011002271614178171 -0.007574789046765752 0.0040342418756033017 0.0065803083277383703 0.0015017644077374938
leaf_weight=1437.4066482186317 54.828378051519394 711.3103668987751 230.78774002194405 240.14241701364517 169.66843351721764 284.07479509711266 156.1488034427166 296.8328033387661 229.33109334111214
leaf_count=3870 150 1939 652 643 489 827 425 802 614
internal_value=0 -0.00136159 0.0069292 0.000868971 -0.00501241 -0.00399141 0.00120964 0.00921625 0.00463729
internal_weight=0 3071.93 738.598 1906.88 1165.05 995.385 210.977 527.621 469.474
internal_count=10411 8382 2029 5127 3255 2766 575 1454 1257
is_linear=0
shrinkage=0.0246946


Tree=92
num_leaves=11
num_cat=0
split_feature=8 26 30 46 46 28 3 5 30 5
split_gain=49.5505 25.6296 21.1917 19.6338 14.5385 8.82471 8.68081 10.5084 7.66049 7.64767
threshold=1.1775210084033616 0.73589144104232707 1.0000000180025095e-35 -0.7467948717948717 0.14285714285714299 0.14285714285714293 1.3468867305787502 1.2849893408730717 0.45000000000000012 0.85487046376237197
decision_type=2 2 2 2 2 2 2 2 2 2
left_child=1 4 9 6 5 -1 7 -4 -5 -2
right_child=2 -3 3 8 -6 -7 -8 -9 -10 -11
leaf_value=-0.0098262326548140076 -0.012307689037938751 -0.010579275480664676 0.0087329354126208548 -0.0031708885348308946 -0.0084056953469500983 -0.00027350469449552895 0.0020896624401724531 0.019124797398234989 0.0039573149726194164 -0.00047621353487042482
leaf_weight=61.449420362710953 49.601968437433243 208.86614920198917 316.28710955381393 129.1783981025219 163.57079587876797 1463.0303442776203 87.874639481306076 73.045675307512283 318.92509549856186 101.47151851654053
leaf_count=257 197 891 921 463 622 5153 264 209 1045 389
internal_value=0 -0.00241895 0.00421448 0.00561455 -0.00140925 -0.00065856 0.00910029 0.0106826 0.00190241 -0.00436084
internal_weight=0 1896.92 1076.38 925.311 1688.05 1524.48 477.207 389.333 448.103 151.073
internal_count=10411 6923 3488 2902 6032 5410 1394 1130 1508 586
is_linear=0
shrinkage=0.0246946


Tree=93
num_leaves=3
num_cat=0
split_feature=6 14
split_gain=11.721 8.01215
threshold=0.36474501108647456 2.3000000000000003
decision_type=2 2
left_child=1 -1
right_child=-2 -3
leaf_value=-0.00037015141313824994 0.0034947123596463787 -0.0064784401559062343
leaf_weight=2431.1247409135103 482.72566668689251 138.40783250331879
leaf_count=8230 1617 526
internal_value=0 -0.000699174
internal_weight=0 2569.53
internal_count=10373 8756
is_linear=0
shrinkage=0.0246946


Tree=94
num_leaves=9
num_cat=0
split_feature=25 2 2 43 37 14 25 2
split_gain=86.9505 43.4894 21.9252 16.3373 10.5995 10.1967 7.64173 7.42949
threshold=0.14167774487625986 1.8956442831215974 1.8834841628959278 -0.9285714285714286 -0.35599078341013818 1.5000000000000002 3.5948418602535637 2.1324561403508775
decision_type=2 2 2 2 2 2 2 2
left_child=1 4 3 6 -1 -3 -2 -7
right_child=2 5 -4 -5 -6 7 -8 -9
leaf_value=0.0039253515153649587 -0.0076618102090393325 0.0047265914750689994 0.0025023415602307957 -0.0029311547441779945 0.00020306062537709383 0.0085011557663252513 -0.014682365586579642 0.017101046933654569
leaf_weight=703.18985387682915 526.01181575655937 120.72672629356384 201.96626815199852 488.97911989688873 1386.0912626385689 106.22463402152061 115.26653698086739 144.72079077363014
leaf_count=1889 1496 329 551 1325 3736 291 345 411
internal_value=0 0.00284047 -0.00499201 -0.00633118 0.00145587 0.0106237 -0.00892372 0.0134607
internal_weight=0 2460.95 1332.22 1130.26 2089.28 371.672 641.278 250.945
internal_count=10373 6656 3717 3166 5625 1031 1841 702
is_linear=0
shrinkage=0.0246946


Tree=95
num_leaves=8
num_cat=0
split_feature=25 2 2 25 25 1 27
split_gain=96.3145 37.6363 18.7196 16.3857 15.5224 12.9235 6.42768
threshold=0.8024308641996486 1.8956442831215974 1.8689931350114419 0.059424062794061421 3.5948418602535637 0.48331479421579543 0.313577184741411
decision_type=2 2 2 2 2 2 2
left_child=1 3 4 5 -2 6 -1
right_child=2 -3 -4 -5 -6 -7 -8
leaf_value=-0.0072665452843888459 0.0079521482955585351 -0.010700939788152012 -0.0014300885273739448 0.0022499884023261594 0.017807057499087627 -0.0062198855340958401 -0.00049592345185472551
leaf_weight=94.090750277042389 401.06560003757477 290.22320605814457 97.439689427614212 595.80658273398876 128.75791871547699 427.561358705163 937.26377236843109
leaf_count=338 1207 1249 337 2013 364 1621 3244
internal_value=0 -0.00237661 0.00851761 -0.00120082 0.0103471 -0.00261009 -0.00111361
internal_weight=0 2344.95 627.263 2054.72 529.824 1458.92 1031.35
internal_count=10373 8465 1908 7216 1571 5203 3582
is_linear=0
shrinkage=0.0246946


Tree=96
num_leaves=4
num_cat=0
split_feature=32 25 25
split_gain=8.18104 9.23697 6.86593
threshold=-0.25806451612903203 0.88051670644248836 0.30832521629871995
decision_type=2 2 2
left_child=-1 2 -2
right_child=1 -3 -4
leaf_value=-0.0043333182859815822 0.00022948068050866714 -0.0029787894061720482 0.0041865585202676718
leaf_weight=278.60958941280842 1955.533194065094 486.81276199221611 309.74969589710236
leaf_count=1068 6579 1649 1022
internal_value=0 0.000107347 0.000770563
internal_weight=0 2752.1 2265.28
internal_count=10318 9250 7601
is_linear=0
shrinkage=0.0246946


Tree=97
num_leaves=8
num_cat=0
split_feature=2 39 10 30 1 22 11
split_gain=55.0863 27.377 25.6373 12.7382 10.6475 7.96646 6.82487
threshold=1.7124060150375942 0.52440476190476204 1.35214626391097 0.92403846153846181 0.58722109533468569 1.7000000000000004 1.2774976044325914
decision_type=2 2 2 2 2 2 2
left_child=2 6 3 -1 -3 -4 -2
right_child=1 4 5 -5 -6 -7 -8
leaf_value=-0.0031525632702424744 -0.0027635602315512035 0.003721201411796278 -0.00085263848972234597 -0.0094988822340394356 0.010369738011476011 0.0028315934028030421 0.0066694605581586993
leaf_weight=827.96923407912254 241.88279795646667 224.08921241760254 1237.2020191848278 251.44318664073944 426.40613031387329 503.59674793481827 57.985916912555695
leaf_count=2288 661 604 3343 723 1188 1354 157
internal_value=0 0.00523366 -0.00164086 -0.0046309 0.00807938 0.000213175 -0.000939487
internal_weight=0 950.364 2820.21 1079.41 650.495 1740.8 299.869
internal_count=10318 2610 7708 3011 1792 4697 818
is_linear=0
shrinkage=0.0246946


Tree=98
num_leaves=11
num_cat=0
split_feature=8 1 36 44 44 34 11 28 11 5
split_gain=62.8431 31.2592 30.5343 19.2274 16.4235 12.2272 9.36951 8.40042 7.5442 6.83084
threshold=1.0822072072072075 0.53033088235294124 -0.54415584415584395 -0.93333333333333324 -1.4932432432432428 0.097167584579071611 1.3306053588681694 1.7795138888888891 1.2489483474562146 1.1713143217763091
decision_type=2 2 2 2 2 2 2 2 2 2
left_child=1 5 4 8 -2 6 -1 -5 -4 -3
right_child=2 9 3 7 -6 -7 -8 -9 -10 -11
leaf_value=-0.00023808272847222804 0.0091059641827671203 -0.010059758124638742 0.012199469062651612 0.0025851595375707618 -0.0036811550015546563 0.011855579967023331 -0.0054111767840603481 0.013404681352248596 0.0030881293945625053 0.00011010404775361085
leaf_weight=823.4478699862957 74.251728236675262 372.87261614203453 330.40595686435699 499.48655167222023 349.8798620402813 42.904359370470047 288.25098994374275 47.96332123875618 66.586612403392792 45.153402417898178
leaf_count=2901 225 1553 945 1666 1331 139 1028 153 200 177
internal_value=0 -0.00317507 0.00406172 0.00653358 -0.00144254 -0.00108017 -0.00157941 0.00353308 0.0106712 -0.00896125
internal_weight=0 1572.63 1368.57 944.442 424.132 1154.6 1111.7 547.45 396.993 418.026
internal_count=10318 5798 4520 2964 1556 4068 3929 1819 1145 1730
is_linear=0
shrinkage=0.0246946


Tree=99
num_leaves=2
num_cat=0
split_feature=2
split_gain=17.5119
threshold=2.0307765151515156
decision_type=2
left_child=-1
right_child=-2
leaf_value=0.00067518355605153955 -0.0056863987968080402
leaf_weight=2749.1265997588634 291.89801807701588
leaf_count=9231 1120
internal_value=0
internal_weight=0
internal_count=10351
is_linear=0
shrinkage=0.0246946


Tree=100
num_leaves=9
num_cat=0
split_feature=32 42 2 42 31 20 42 31
split_gain=59.7796 39.1922 15.2472 14.1822 11.943 7.62831 6.97583 6.53711
threshold=-0.11111111111111098 0.15384615384615383 1.5058139534883723 -0.42857142857142866 -0.27027027027027023 1.7000000000000004 0.28571428571428575 0.32466216216216215
decision_type=2 2 2 2 2 2 2 2
left_child=4 3 -3 -2 -1 -5 -6 -4
right_child=1 2 7 5 6 -7 -8 -9
leaf_value=0.011450222177493018 -0.011289666771344575 -0.00082728071171193581 0.006181341735838097 -0.0021904667268412602 -0.00015157322845678803 -0.0068440031501790875 0.0074246081591698146 0.0013448575045016506
leaf_weight=248.75948399305344 186.97094956040382 1420.0640681385994 327.31861907243729 605.41979247331619 130.77098980545998 332.95521035790443 171.06277799606323 355.54216057062149
leaf_count=702 563 3820 883 1669 353 937 471 953
internal_value=0 -0.00135958 0.00063085 -0.00507909 0.00744398 -0.00384164 0.00414219 0.00366315
internal_weight=0 3228.27 2102.92 1125.35 550.593 938.375 301.834 682.861
internal_count=10351 8825 5656 3169 1526 2606 824 1836
is_linear=0
shrinkage=0.0246946


Tree=101
num_leaves=6
num_cat=0
split_feature=25 36 29 26 25
split_gain=86.5473 29.4287 20.2798 9.44007 8.40135
threshold=0.50200827910993595 -0.46547619047619043 0.18181818181818196 0.70075126792634146 1.8196339593340543
decision_type=2 2 2 2 2
left_child=1 3 -2 -1 -4
right_child=2 -3 4 -5 -6
leaf_value=-0.004473541906932276 -0.004153067834300128 -0.00040444877398985009 0.0059397923099669264 -0.010324602504512538 0.011395292022196917
leaf_weight=500.34748309850693 86.693074107170105 1422.7484368830919 364.22473023831844 253.27465698122978 326.40889868140221
leaf_count=1951 324 4874 1144 1118 940
internal_value=0 -0.00249439 0.00710499 -0.00643995 0.00851818
internal_weight=0 2176.37 777.327 753.622 690.634
internal_count=10351 7943 2408 3069 2084
is_linear=0
shrinkage=0.0246946


Tree=102
num_leaves=4
num_cat=0
split_feature=5 2 24
split_gain=10.4823 10.0647 8.04856
threshold=0.78441223012947447 1.8313008130081303 2.1228178433377107
decision_type=2 2 2
left_child=2 -2 -1
right_child=1 -3 -4
leaf_value=0.0064063014257315538 6.1168009402090207e-06 -0.0040463059949513254 -0.0038280227514185037
leaf_weight=228.81670318543911 2343.4666625708342 444.65912735462189 58.928224980831146
leaf_count=775 7830 1638 236
internal_value=0 -0.000640176 0.00431038
internal_weight=0 2788.13 287.745
internal_count=10479 9468 1011
is_linear=0
shrinkage=0.0246946


Tree=103
num_leaves=10
num_cat=0
split_feature=24 43 9 27 27 26 1 26 3
split_gain=53.5037 41.3834 15.8425 12.5315 10.3774 11.4131 8.2716 6.87025 6.78411
threshold=0.7169514496711854 -1.1324561403508768 1.1464466085618044 0.59938455612356867 0.348563528224275 0.34435560373243507 0.50581395348837221 0.73198258362300639 1.0107645728086345
decision_type=2 2 2 2 2 2 2 2 2
left_child=1 3 6 -1 8 -6 -2 -4 -3
right_child=2 4 7 -5 5 -7 -8 -9 -10
leaf_value=-0.0021357617287298017 0.001754441257848341 -0.0024207845476130144 -0.0029637338941290534 -0.0097123089517888467 -0.0061085137739562622 9.3179368876489829e-05 0.0094113875102984704 0.0059233522321430051 0.0067251391929856984
leaf_weight=200.57356816530228 105.27929618954659 64.466355353593826 143.6447386443615 395.89359638094902 199.52334281802177 1945.1240235567093 470.7098388671875 84.106152892112732 212.4501947760582
leaf_count=557 284 173 394 1163 543 5253 1309 233 570
internal_value=0 -0.00133805 0.00583174 -0.00716455 9.71076e-05 -0.000483784 0.00801185 0.000318179 0.00459596
internal_weight=0 3018.03 803.74 596.467 2421.56 2144.65 575.989 227.751 276.917
internal_count=10479 8259 2220 1720 6539 5796 1593 627 743
is_linear=0
shrinkage=0.0246946


Tree=104
num_leaves=8
num_cat=0
split_feature=25 37 33 2 25 3 2
split_gain=94.7382 31.654 19.4639 13.8641 10.1283 9.45694 7.00579
threshold=0.84036184162324756 -0.32071428571428567 -1.039230769230769 2.1324561403508775 2.1714175615749625 0.95742710775633866 1.4382621951219514
decision_type=2 2 2 2 2 2 2
left_child=1 3 -2 6 -4 -3 -1
right_child=2 5 4 -5 -6 -7 -8
leaf_value=-0.0015778955624744081 0.00066529254769895417 0.0039459001876302104 0.0075036474427588725 -0.012938503210060948 0.014658038154851633 -0.0010050468213331578 -0.006285505594529184
leaf_weight=306.76554825901985 150.53016796708107 300.70304545760155 259.53638052940369 140.07798655331135 225.52499507367611 1081.3299026489258 518.81588485836983
leaf_count=1127 509 1004 783 660 640 3681 2075
internal_value=0 -0.00232471 0.00842266 -0.0057551 0.01083 7.21814e-05 -0.00453627
internal_weight=0 2347.69 635.592 965.659 485.061 1382.03 825.581
internal_count=10479 8547 1932 3862 1423 4685 3202
is_linear=0
shrinkage=0.0246946


Tree=105
num_leaves=2
num_cat=0
split_feature=29
split_gain=8.29573
threshold=0.14459930313588851
decision_type=2
left_child=-1
right_child=-2
leaf_value=-0.002867025051032306 0.00094972053286508206
leaf_weight=399.40474089980125 2660.6520334333181
leaf_count=1489 8935
internal_value=0
internal_weight=0
internal_count=10424
is_linear=0
shrinkage=0.0246946


Tree=106
num_leaves=8
num_cat=0
split_feature=25 2 29 25 0 13 26
split_gain=67.605 32.6818 18.5157 10.4537 10.7764 7.95757 6.99964
threshold=0.054134148201289381 1.5540935672514622 0.12500000000000014 0.69673184479597616 0.32945736434108536 0.50000000000000011 0.54525683588874474
decision_type=2 2 2 2 2 2 2
left_child=1 6 -2 4 -4 -3 -1
right_child=2 5 3 -5 -6 -7 -8
leaf_value=-0.0010333078118321757 0.0027152523844721677 0.0042475571774407538 -0.00084657874046029547 -0.0075712381664268759 -0.0074124349567928384 0.0091183230827836369 0.0025619571479880681
leaf_weight=941.18578159809113 201.09116497635841 469.85777607560158 431.86548611521721 645.80427968502045 235.6012878715992 362.24181237816811 508.72544404864311
leaf_count=2537 547 1270 1177 1870 644 1014 1365
internal_value=0 0.00246694 -0.00426286 -0.00533136 -0.00316418 0.00636797 0.000228151
internal_weight=0 2282.01 1514.36 1313.27 667.467 832.1 1449.91
internal_count=10424 6186 4238 3691 1821 2284 3902
is_linear=0
shrinkage=0.0246946


Tree=107
num_leaves=12
num_cat=0
split_feature=27 37 9 19 5 28 28 39 35 5 9
split_gain=46.9997 28.3614 14.5448 11.4242 11.0291 8.6849 8.60256 8.12073 7.30758 6.67348 6.4324
threshold=0.7093706861614627 -0.41666666666666657 1.2069028582475438 0.50000000000000011 1.0737851350984073 0.85714285714285743 1.655711206896552 0.040833333333333256 0.21320346320346317 0.96076892283052318 1.1314880966595544
decision_type=2 2 2 2 2 2 2 2 2 2 2
left_child=1 4 7 5 -1 -2 -4 -3 -9 -5 -7
right_child=3 2 6 9 -6 10 -8 8 -10 -11 -12
leaf_value=-0.007204567079052481 -0.0042026589430602295 0.0075807488150593872 0.0032444187883602163 0.0040210094386888664 -0.00079894671698207574 0.00037462372316631208 0.014190179822804651 -0.0016772717693679929 0.0063906098827981352 0.011681229570303941 0.01131511024525338
leaf_weight=585.85299332439899 84.184815555810928 67.205942302942276 206.22421415150166 100.25362381339073 227.59510457515717 64.18358701467514 55.589419096708298 1218.4850636869669 72.539105236530304 225.02205267548561 66.963398009538651
leaf_count=2417 289 204 661 306 879 205 166 4216 231 652 198
internal_value=0 -0.00165007 0.000239013 0.00639946 -0.00541233 0.00198736 0.00556847 -0.000788298 -0.00122396 0.00932026 0.00596082
internal_weight=0 2433.49 1620.04 540.607 813.448 215.332 261.814 1358.23 1291.02 325.276 131.147
internal_count=10424 8774 5478 1650 3296 692 827 4651 4447 958 403
is_linear=0
shrinkage=0.0246946


Tree=108
num_leaves=2
num_cat=0
split_feature=35
split_gain=9.35888
threshold=-1.2029411764705877
decision_type=2
left_child=-1
right_child=-2
leaf_value=-0.0047740152389109738 0.00049442539415409841
leaf_weight=221.41726246476173 2881.8053284138441
leaf_count=870 9708
internal_value=0
internal_weight=0
internal_count=10578
is_linear=0
shrinkage=0.0246946


Tree=109
num_leaves=10
num_cat=0
split_feature=2 7 41 35 30 22 11 5 30
split_gain=52.0873 32.1932 19.2438 14.666 10.7078 10.4459 9.77866 8.37244 6.92159
threshold=1.8116554054054055 0.38548951048951058 0.40824915824915819 0.085714285714285673 0.050000000000000107 1.5000000000000002 1.2010266605690714 1.0882753156577416 1.0722996515679446
decision_type=2 2 2 2 2 2 2 2 2
left_child=1 3 6 5 -4 -1 7 -2 -3
right_child=2 8 4 -5 -6 -7 -8 -9 -10
leaf_value=-0.0005287328330212689 0.0014768461650494094 -0.0053889820454046458 0.013770421690916622 -0.0061374824058587915 0.005852358020350292 0.0029333560404661866 0.0068594967270169871 -0.0097069713911192707 -0.012829296166150986
leaf_weight=1570.7454384863377 157.44409245252609 392.06308230757713 205.72352111339569 211.91923213005066 210.94809702038765 803.23532408475876 147.09442907571793 55.107957094907761 94.656320303678513
leaf_count=4249 430 1146 596 580 572 2160 403 152 290
internal_value=0 -0.00100962 0.00614958 8.7018e-05 0.00976175 0.000642663 0.00196466 -0.00142276 -0.00683596
internal_weight=0 3072.62 776.318 2585.9 416.672 2373.98 359.646 212.552 486.719
internal_count=10578 8425 2153 6989 1168 6409 985 582 1436
is_linear=0
shrinkage=0.0246946


Tree=110
num_leaves=10
num_cat=0
split_feature=40 33 9 31 10 4 5 5 40
split_gain=41.8896 27.8723 13.538 10.7632 10.2198 13.0336 9.21489 8.00452 7.29374
threshold=0.12347560975609752 -0.98780487804878037 1.0600860478669984 0.85912698412698429 1.3788443616029824 1.35214626391097 0.8638357026727489 0.88498753344590131 -0.22222222222222218
decision_type=2 2 2 2 2 2 2 2 2
left_child=2 7 -1 8 6 -6 -3 -2 -4
right_child=1 4 3 -5 5 -7 -8 -9 -10
leaf_value=-0.00069088450538489464 -0.011362181556895503 -0.0049266171803011138 0.0097244691027963109 0.013979227693322289 -0.0035224383566353577 0.0026598236542983767 0.0035632631573201071 -0.0050753885152620944 0.0027417857946459047
leaf_weight=226.79097363352776 183.83324764668941 94.878938168287277 130.85427361726761 96.478353559970856 892.32554665207863 271.14825437963009 437.29485982656479 376.33607080578804 301.21041990816593
leaf_count=730 818 333 373 268 3195 917 1451 1562 931
internal_value=0 -0.00236278 0.00435615 0.00652177 -0.000785063 -0.00208166 0.00204964 -0.00713855 0.00485655
internal_weight=0 2255.82 755.334 528.543 1695.65 1163.47 532.174 560.169 432.065
internal_count=10578 8276 2302 1572 5896 4112 1784 2380 1304
is_linear=0
shrinkage=0.0246946


Tree=111
num_leaves=2
num_cat=0
split_feature=2
split_gain=10.3198
threshold=2.4509569377990434
decision_type=2
left_child=-1
right_child=-2
leaf_value=0.0003093164684557563 -0.0090117749755344086
leaf_weight=2927.891863822937 74.271202132105827
leaf_count=9915 311
internal_value=0
internal_weight=0
internal_count=10226
is_linear=0
shrinkage=0.0246946


Tree=112
num_leaves=8
num_cat=0
split_feature=36 27 8 2 44 44 24
split_gain=38.5449 27.2583 18.4848 13.3357 9.30951 7.52184 6.79563
threshold=-0.4499999999999999 0.66882801469369368 1.0548048048048051 2.2639318885448918 -0.044466403162055343 -0.85540069686411135 -0.69856850706426865
decision_type=2 2 2 2 2 2 2
left_child=1 3 4 5 -2 -1 -4
right_child=2 -3 6 -5 -6 -7 -8
leaf_value=-0.00040263212969691574 -0.0010019608084084653 -0.0038796459384953723 -0.0091426948831832347 0.011520630024126155 0.0046640608068200581 0.0047597571058381732 -0.0036315255296314923
leaf_weight=216.73866403102875 998.33518049120903 279.16466888785362 162.13863837718964 152.04986423254013 214.90388575196266 836.03993237018585 860.8856680393219
leaf_count=591 2695 774 468 441 574 2271 2412
internal_value=0 0.00307328 -0.00205999 0.00468431 1.67491e-06 0.00369696 -0.00450499
internal_weight=0 1483.99 2236.26 1204.83 1213.24 1052.78 1023.02
internal_count=10226 4077 6149 3303 3269 2862 2880
is_linear=0
shrinkage=0.0246946


Tree=113
num_leaves=6
num_cat=0
split_feature=31 8 41 8 39
split_gain=40.1465 30.7298 18.2606 9.21032 7.31166
threshold=0.25000000000000017 1.2806250000000003 -0.15384615384615377 0.88730158730158737 0.83333333333333337
decision_type=2 2 2 2 2
left_child=2 3 -1 -2 -4
right_child=1 -3 4 -5 -6
leaf_value=0.0045932670730983536 -0.0027840110577722573 0.0068668454794985033 -0.0038829412680142614 0.0013855103770097125 -0.0087951192622714395
leaf_weight=119.34907704591751 482.8873520642519 547.41394640505314 478.69809018075466 976.21850836277008 300.96583311259747
leaf_count=374 1708 1617 1866 3311 1350
internal_value=0 0.00187748 -0.00440214 5.61792e-06 -0.00577914
internal_weight=0 2006.52 899.013 1459.11 779.664
internal_count=10226 6636 3590 5019 3216
is_linear=0
shrinkage=0.0246946


Tree=114
num_leaves=3
num_cat=0
split_feature=22 31
split_gain=8.81114 11.5473
threshold=1.1000000000000003 -0.19999999999999998
decision_type=2 2
left_child=-1 -2
right_child=1 -3
leaf_value=0.0019231934085841712 -0.0080500630708948088 -0.00020908637626528375
leaf_weight=1299.8517131954432 123.09410797059536 1647.4124934226274
leaf_count=4390 501 5567
internal_value=0 -0.000754229
internal_weight=0 1770.51
internal_count=10458 6068
is_linear=0
shrinkage=0.0246946


Tree=115
num_leaves=8
num_cat=0
split_feature=1 7 10 22 33 35 1
split_gain=47.3544 23.8621 20.8372 17.1108 15.477 11.3948 8.51764
threshold=0.60232558139534886 0.43050193050193059 1.1570723684210529 1.5000000000000002 -0.08633540372670799 -1.2029411764705877 0.34248120300751889
decision_type=2 2 2 2 2 2 2
left_child=1 3 -2 4 -1 -4 -5
right_child=2 -3 5 6 -6 -7 -8
leaf_value=-0.0015553283567429686 -0.0041768242709235718 -0.0076814347410373279 0.012507779864447812 -0.0025186572413806309 -0.0092194596797849984 0.0050106870970570688 0.0030746448725455168
leaf_weight=1656.0105183422565 111.49708372354507 358.28670099377632 185.90416714549065 215.22012829780579 177.94698286056519 369.07178139686584 726.42468038201332
leaf_count=4493 306 1080 541 582 490 1010 1956
internal_value=0 -0.00168383 0.00556489 -0.000909634 -0.00229897 0.00752204 0.00179625
internal_weight=0 3133.89 666.473 2775.6 1833.96 554.976 941.645
internal_count=10458 8601 1857 7521 4983 1551 2538
is_linear=0
shrinkage=0.0246946


Tree=116
num_leaves=8
num_cat=0
split_feature=24 8 27 27 24 33 30
split_gain=47.9724 26.5532 22.0504 11.0495 9.73318 7.40192 6.55873
threshold=-0.0044130666125519347 1.4478221415607988 0.70135401922633667 0.32193283910943465 2.8338717018932846 -0.057142857142857044 0.48148148148148157
decision_type=2 2 2 2 2 2 2
left_child=1 3 4 -1 -2 -5 -4
right_child=2 -3 6 5 -6 -7 -8
leaf_value=-0.0058159542108636173 -0.0040422070612106242 0.0094174438170670297 0.00028940789203217614 0.0013659363126119336 -0.011348554356665043 0.0070422549908290112 0.0089601393748527797
leaf_weight=117.75947245955467 948.19412037730217 310.30275359749794 139.56404353678226 1087.3742250353098 125.95814056694508 160.81040087342262 85.971160084009171
leaf_count=425 3628 879 471 3707 576 513 259
internal_value=0 0.00289643 -0.00342508 0.00141504 -0.00489897 0.00209725 0.00359458
internal_weight=0 1676.25 1299.69 1365.94 1074.15 1248.18 225.535
internal_count=10458 5524 4934 4645 4204 4220 730
is_linear=0
shrinkage=0.0246946


Tree=117
num_leaves=1
num_cat=0
split_feature=
split_gain=
threshold=
decision_type=
left_child=
right_child=
leaf_value=0
leaf_weight=
leaf_count=
internal_value=
internal_weight=
internal_count=
is_linear=0
shrinkage=1


Tree=118
num_leaves=9
num_cat=0
split_feature=2 47 10 29 35 35 10 46
split_gain=36.0784 27.8785 15.5612 13.3808 11.6263 9.99389 10.5713 8.85006
threshold=1.753048780487805 -0.63245614035087705 1.3164313222079593 0.41176470588235298 -1.3969696969696968 0.21320346320346317 1.0548048048048051 -0.035098522167487593
decision_type=2 2 2 2 2 2 2 2
left_child=1 -1 3 -2 -4 6 -3 -8
right_child=2 5 4 -5 -6 -7 7 -9
leaf_value=-0.0060365100424281167 0.0034607470506853965 -0.0072290501279478761 0.01402503933163669 -0.0087027077203249269 0.0048473681146142143 -0.0082551552045165635 -0.000586404001499324 0.0029628283605619547
leaf_weight=660.75786277651787 148.31347095966339 114.21392661333084 101.98578289151192 87.80555921792984 481.97612375020981 91.463273257017136 1408.9572887420654 615.63027319312096
leaf_count=1921 406 311 305 245 1325 252 3803 1650
internal_value=0 -0.0015813 0.00428714 -0.00106248 0.0064502 -0.000261365 8.04799e-05 0.000492836
internal_weight=0 2891.02 820.081 236.119 583.962 2230.26 2138.8 2024.59
internal_count=10218 7937 2281 651 1630 6016 5764 5453
is_linear=0
shrinkage=0.0246946


Tree=119
num_leaves=6
num_cat=0
split_feature=8 37 43 29 37
split_gain=50.3369 33.3929 12.24 10.3648 9.65055
threshold=1.2063894523326575 -0.32916666666666666 -1.0121951219512193 0.11651583710407241 0.10762548262548262
decision_type=2 2 2 2 2
left_child=1 -1 3 -2 -4
right_child=2 -3 4 -5 -6
leaf_value=-0.0060443096364143261 -0.00323171431628331 0.00059610093549344867 -3.3092826343179038e-05 0.0083177794168482269 0.010857909873843314
leaf_weight=754.23001153767109 52.189440175890923 1191.1625886708498 334.49401533603668 514.67917409539223 58.25713986158371
leaf_count=3098 188 4073 1186 1493 180
internal_value=0 -0.00197839 0.004933 0.00725446 0.00158238
internal_weight=0 1945.39 959.62 566.869 392.751
internal_count=10218 7171 3047 1681 1366
is_linear=0
shrinkage=0.0246946


Tree=120
num_leaves=1
num_cat=0
split_feature=
split_gain=
threshold=
decision_type=
left_child=
right_child=
leaf_value=0
leaf_weight=
leaf_count=
internal_value=
internal_weight=
internal_count=
is_linear=0
shrinkage=1


Tree=121
num_leaves=7
num_cat=0
split_feature=25 37 27 4 37 10
split_gain=56.0586 31.6915 18.0939 10.3274 8.92842 10.6002
threshold=0.12481388202799934 -0.67083333333333317 0.65756586864240418 1.0678160919540232 0.14814814814814817 1.4714052287581703
decision_type=2 2 2 2 2 2
left_child=1 -1 3 -2 5 -3
right_child=2 4 -4 -5 -6 -7
leaf_value=0.0085333576592223383 0.0022764865698149928 -0.00035030405070767679 -0.0063523048134758514 -0.0036525461710987086 -0.0026978586559983915 0.0037927255953523957
leaf_weight=514.5741919875145 373.60077807307243 591.37383970618248 609.56387457251549 344.22095793485641 253.05865266919136 1036.9627356827259
leaf_count=1447 1021 1595 1769 957 689 2784
internal_value=0 0.00310275 -0.00322357 -0.000566695 0.00161744 0.00228807
internal_weight=0 2395.97 1327.39 717.822 1881.4 1628.34
internal_count=10262 6515 3747 1978 5068 4379
is_linear=0
shrinkage=0.0246946


Tree=122
num_leaves=10
num_cat=0
split_feature=8 35 24 38 10 4 8 4 10
split_gain=57.0006 30.8415 14.0988 13.8647 12.5903 10.1359 9.05897 8.75422 6.82053
threshold=1.4478221415607988 -0.53752345215759834 0.63154558095640378 0.47913043478260869 1.4459064327485383 0.94519519519519524 0.9294019933554819 1.1357493857493861 1.1686991869918701
decision_type=2 2 2 2 2 2 2 2 2
left_child=1 4 -2 -3 7 -6 -5 -1 -4
right_child=2 3 8 6 5 -7 -8 -9 -10
leaf_value=-0.0037884365842239171 0.010099918959176108 0.0054236333057667025 0.0061296149968022183 -0.0031912833007757923 -0.012176587081715338 -0.0049272002674654834 0.00096141909307905535 0.0066227642922730189 -0.0054551650581153941
leaf_weight=307.32036170363426 354.21886222064495 266.71606576442719 62.932552888989449 544.54783844947815 215.2660758048296 259.27730040252209 778.07213379442692 58.650946140289307 61.062719121575356
leaf_count=1207 1013 832 192 1926 984 1060 2628 204 216
internal_value=0 -0.0017358 0.00759122 0.000287426 -0.00556153 -0.00821572 -0.000748328 -0.00211993 0.000424574
internal_weight=0 2429.85 478.214 1589.34 840.515 474.543 1322.62 365.971 123.995
internal_count=10262 8841 1421 5386 3455 2044 4554 1411 408
is_linear=0
shrinkage=0.0246946


Tree=123
num_leaves=3
num_cat=0
split_feature=6 22
split_gain=10.3688 6.75245
threshold=0.40682870370370378 1.3
decision_type=2 2
left_child=1 -1
right_child=-2 -3
leaf_value=0.0011533600465763844 0.0056152880701635906 -0.0012876293678785204
leaf_weight=1568.8847580105066 222.60279071331024 1235.1797971725464
leaf_count=5317 739 4254
internal_value=0 7.81135e-05
internal_weight=0 2804.06
internal_count=10310 9571
is_linear=0
shrinkage=0.0246946


Tree=124
num_leaves=8
num_cat=0
split_feature=30 8 14 8 42 24 37
split_gain=35.8335 24.0338 14.3616 10.6986 10.3573 8.93952 6.91492
threshold=0.3133928571428572 1.1584928229665075 2.7000000000000006 1.8116554054054055 0.15384615384615383 0.74608242236846978 0.43951219512195122
decision_type=2 2 2 2 2 2 2
left_child=2 6 4 -3 -1 -6 -2
right_child=1 3 -4 -5 5 -7 -8
leaf_value=-0.00065970228098469761 -5.9414313629817487e-05 -0.0044851675471661648 0.013757780336858172 -0.01363499896952587 0.0018109861097553141 0.0075500565295241245 -0.0086489127315250505
leaf_weight=411.44699421525002 1632.3070038259029 805.12218478322029 72.793051421642303 86.281346917152405 379.53946852684021 293.51210859417915 59.229033052921295
leaf_count=1123 4403 2280 210 274 1022 835 163
internal_value=0 -0.0020894 0.00313958 -0.0053708 0.00242687 0.00431375 -0.000360175
internal_weight=0 2582.94 1157.29 891.404 1084.5 673.052 1691.54
internal_count=10310 7120 3190 2554 2980 1857 4566
is_linear=0
shrinkage=0.0246946


Tree=125
num_leaves=8
num_cat=0
split_feature=7 30 8 5 31 33 5
split_gain=47.8348 25.914 15.981 14.2073 10.6644 6.99548 6.58051
threshold=0.45889639639639646 0.45454545454545475 1.0919661733615225 0.99195481700244803 0.24695121951219515 -0.073622402890695438 1.182681972800679
decision_type=2 2 2 2 2 2 2
left_child=1 6 5 4 -2 -3 -1
right_child=3 2 -4 -5 -6 -7 -8
leaf_value=-0.005093408560611014 -0.0058152147393588415 -0.0020033698958174667 0.0038551891720653426 0.012284836519314314 0.0084777819589048394 0.0040509750898853796 0.0010106962793460165
leaf_weight=830.45440052449703 58.103998720645905 838.80528871715069 642.03124004602432 227.75794658064842 70.411884486675262 135.13138961791992 123.74999824166298
leaf_count=3366 186 2954 2049 640 197 441 477
internal_value=0 -0.00107489 0.000830542 0.00858053 0.0020157 -0.00116334 -0.00430177
internal_weight=0 2570.17 1615.97 356.274 128.516 973.937 954.204
internal_count=10310 9287 5444 1023 383 3395 3843
is_linear=0
shrinkage=0.0246946


Tree=126
num_leaves=2
num_cat=0
split_feature=27
split_gain=8.44225
threshold=0.33769763298743094
decision_type=2
left_child=-1
right_child=-2
leaf_value=-0.0034951393007913978 0.0009854554893579592
leaf_weight=282.61576153337955 2769.062741547823
leaf_count=988 9420
internal_value=0
internal_weight=0
internal_count=10408
is_linear=0
shrinkage=0.0246946


Tree=127
num_leaves=10
num_cat=0
split_feature=25 24 29 25 8 3 36 3 5
split_gain=67.8243 28.5374 13.175 15.1649 9.18721 8.54155 6.96308 6.69472 6.43924
threshold=0.017265357737071416 0.48827721792750378 0.071428571428571522 0.69673184479597616 0.70782520325203258 1.2501228138771416 -0.29999999999999988 1.2743383318165016 1.0442091557484083
decision_type=2 2 2 2 2 2 2 2 2
left_child=1 4 -2 5 6 -4 -1 -3 -5
right_child=2 7 3 8 -6 -7 -8 -9 -10
leaf_value=0.011563664857471652 0.0022797352292123498 0.0046267753691979904 -0.0038632096534778667 -0.0045111226556890987 0.0004997776834042971 0.0018467218013886271 0.0022879280606640075 0.010077016408679026 -0.009525675547268804
leaf_weight=84.160484313964844 194.97460573911667 241.98220270872116 584.89314311742783 271.21937733888626 1365.6895053386688 219.80329421162605 119.32634353637695 318.11640280485153 368.11033490300179
leaf_count=226 535 663 1602 785 3680 599 320 906 1092
internal_value=0 0.00293716 -0.00374567 -0.00455923 0.00122915 -0.00230354 0.0061243 0.00772232 -0.00739838
internal_weight=0 2129.27 1639 1444.03 1569.18 804.696 203.487 560.099 639.33
internal_count=10408 5795 4613 4078 4226 2201 546 1569 1877
is_linear=0
shrinkage=0.0246946


Tree=128
num_leaves=9
num_cat=0
split_feature=25 36 29 11 27 8 37 29
split_gain=81.9289 29.9718 12.3949 9.57044 8.69073 7.55266 7.49982 6.70952
threshold=0.8024308641996486 -0.46547619047619043 0.63245614035087727 1.3098074764593977 0.57163068547127194 1.3858560794044668 0.048199767711962709 1.6030303030303032
decision_type=2 2 2 2 2 2 2 2
left_child=1 3 -2 -1 7 -4 -6 -3
right_child=2 4 5 -5 6 -7 -8 -9
leaf_value=-0.0050502810043370223 0.0022971184766618267 -0.0027951577112763472 0.0046504607202694608 -0.01111844022991966 -0.00010052937544655346 0.011634498608899375 0.0063994415867769426 0.0051747351538764469
leaf_weight=550.96385608613491 223.93900176882744 901.38077083230019 137.71816931664944 222.50627326965332 398.08125676214695 300.37954497337341 148.68245130777359 69.373052939772606
leaf_count=2267 747 3158 419 972 1319 833 468 225
internal_value=0 -0.0028396 0.00702322 -0.00679593 -0.000823087 0.00943903 0.00166702 -0.0022256
internal_weight=0 2290.99 662.037 773.47 1517.52 438.098 546.764 970.754
internal_count=10408 8409 1999 3239 5170 1252 1787 3383
is_linear=0
shrinkage=0.0246946


Tree=129
num_leaves=5
num_cat=0
split_feature=22 26 24 24
split_gain=11.5092 8.41048 7.95321 10.6984
threshold=1.5000000000000002 0.6314320897116027 -0.16719066582091538 0.7169514496711854
decision_type=2 2 2 2
left_child=2 -2 -1 -4
right_child=1 -3 3 -5
leaf_value=-0.00080314830506664713 -0.00079423704563235699 -0.0061776925167706855 0.0038100179944114843 -0.0010499432698825757
leaf_weight=800.44048511981964 697.90199007093906 237.09187100827694 903.95565168559551 397.76545333862305
leaf_count=2665 2364 873 2995 1464
internal_value=0 -0.00215935 0.00113387 0.00232497
internal_weight=0 934.994 2102.16 1301.72
internal_count=10361 3237 7124 4459
is_linear=0
shrinkage=0.0246946


Tree=130
num_leaves=6
num_cat=0
split_feature=25 36 7 0 7
split_gain=54.9608 20.9268 13.0521 11.357 7.18316
threshold=0.068520879426783532 -0.46049896049896044 0.53033088235294124 0.2561121049493143 0.2022727272727273
decision_type=2 2 2 2 2
left_child=1 4 3 -2 -1
right_child=2 -3 -4 -5 -6
leaf_value=0.0078101901578246933 -6.2667524810064453e-05 0.00062700850028668466 -0.010113414887395682 -0.0047962559503362829 0.0034072346694435326
leaf_weight=418.25159281492233 537.99254217743874 1409.3114502131939 167.74006083607674 726.46146926283836 491.48151254653931
leaf_count=1161 1496 3798 524 2026 1356
internal_value=0 0.00251175 -0.00364087 -0.00278224 0.0054315
internal_weight=0 2319.04 1432.19 1264.45 909.733
internal_count=10361 6315 4046 3522 2517
is_linear=0
shrinkage=0.0246946


Tree=131
num_leaves=7
num_cat=0
split_feature=42 33 28 36 28 20
split_gain=29.9749 21.4642 13.0796 11.6129 9.88038 9.50609
threshold=-0.099999999999999881 -0.6909814323607425 1.5270467836257313 0.22222222222222229 0.58898944193061853 2.5000000000000004
decision_type=2 2 2 2 2 2
left_child=2 4 5 -3 -2 -1
right_child=1 3 -4 -5 -6 -7
leaf_value=0.0015569299154445007 -0.0068469372928780777 -0.00027770786176649565 0.013746277176247679 0.0070631422159861618 -0.0020064600651873848 0.010716150549532082
leaf_weight=377.82725341618061 470.23436543345451 1188.273572653532 85.491701185703278 147.75773671269417 567.51946786046028 84.568597882986069
leaf_count=1145 2083 4059 236 463 2133 242
internal_value=0 -0.00153541 0.0048727 0.00053415 -0.00419981 0.00323208
internal_weight=0 2373.79 547.888 1336.03 1037.75 462.396
internal_count=10361 8738 1623 4522 4216 1387
is_linear=0
shrinkage=0.0246946


Tree=132
num_leaves=2
num_cat=0
split_feature=24
split_gain=10.0191
threshold=0.83862911687306363
decision_type=2
left_child=-1
right_child=-2
leaf_value=0.0012334471049883725 -0.0024372501146393746
leaf_weight=2516.5230291932821 553.12474757432938
leaf_count=8398 2071
internal_value=0
internal_weight=0
internal_count=10469
is_linear=0
shrinkage=0.0246946


Tree=133
num_leaves=9
num_cat=0
split_feature=26 46 46 30 45 3 41 5
split_gain=32.049 23.9735 11.8899 10.9324 7.72372 7.63785 7.42944 6.69483
threshold=0.6403626955911671 0.039999999999999959 -0.47222222222222221 -1.0000000180025095e-35 -0.93103448275862055 1.2060453783110552 0.35714285714285737 1.1927666945457871
decision_type=2 2 2 2 2 2 2 2
left_child=1 2 -1 6 -5 -4 -2 -6
right_child=3 -3 5 4 7 -7 -8 -9
leaf_value=-0.0044043679369603081 0.0030586865431787092 0.0045638758941601611 -0.0023091067330347505 -0.0040335891046904349 0.0040563376420521711 0.0015928712002384097 0.011670299407174829 -0.0036212573834668461
leaf_weight=1127.8308320343494 107.27768668532372 328.94951531291008 894.5619421005249 110.86184519529343 529.79412990808487 464.90402659773827 141.90603679418564 79.678211778402328
leaf_count=3222 297 885 2413 311 1446 1257 423 215
internal_value=0 -0.00170127 -0.00252985 0.00350435 0.00196203 -0.000974726 0.00796286 0.00305262
internal_weight=0 2816.25 2487.3 969.518 720.334 1359.47 249.184 609.472
internal_count=10469 7777 6892 2692 1972 3670 720 1661
is_linear=0
shrinkage=0.0246946


Tree=134
num_leaves=8
num_cat=0
split_feature=8 2 10 2 46 5 23
split_gain=35.3235 27.2281 16.9958 13.5873 10.7831 8.68349 6.85822
threshold=1.2063894523326575 1.6461100569259963 1.4058277027027029 1.5270467836257311 0.19999999999999998 0.97076761286068514 1.7604525947843552
decision_type=2 2 2 2 2 2 2
left_child=1 4 3 -2 6 -4 -1
right_child=2 -3 5 -5 -6 -7 -8
leaf_value=0.00065215020267561294 0.0092753513535431421 -0.0072602081618338976 -0.0062931798369497806 0.0017667430829511918 -0.0081274208464598395 0.001948483391254697 -0.0057657171936044676
leaf_weight=1288.5651305019855 362.98614059388638 464.98828683793545 109.18547430634499 246.95204490423203 103.14055922627449 272.59284691512585 110.22497975826263
leaf_count=4504 1040 2036 403 782 397 915 392
internal_value=0 -0.0020384 0.00367761 0.00623526 -0.00042176 -0.000408565 0.000146421
internal_weight=0 1966.92 991.717 609.938 1501.93 381.778 1398.79
internal_count=10469 7329 3140 1822 5293 1318 4896
is_linear=0
shrinkage=0.0246946


Tree=135
num_leaves=3
num_cat=0
split_feature=9 3
split_gain=11.7701 11.7734
threshold=1.0972474294357726 1.3103513916702538
decision_type=2 2
left_child=1 -1
right_child=-2 -3
leaf_value=0.0024431657023229673 -0.0018405488092082503 -0.002109390715954514
leaf_weight=1503.0144739598036 1057.5955146104097 450.16856005787849
leaf_count=5025 3622 1616
internal_value=0 0.00139389
internal_weight=0 1953.18
internal_count=10263 6641
is_linear=0
shrinkage=0.0246946


Tree=136
num_leaves=7
num_cat=0
split_feature=1 43 35 38 21 43
split_gain=51.2137 28.1102 11.55 10.3199 9.24293 8.04954
threshold=0.57321428571428579 -0.9285714285714286 -0.51389961389961358 0.93844696969696972 1.6582438627918255 -0.19999999999999993
decision_type=2 2 2 2 2 2
left_child=1 4 -3 -2 -1 -4
right_child=3 2 5 -5 -6 -7
leaf_value=-0.0044638473775093111 0.0022685404990601403 0.0028079216533136468 -0.002227201887123179 0.007864288673808166 -0.011749052422005723 0.0024788113760297139
leaf_weight=750.81704923510551 378.57962435483932 563.1633166372776 1193.2055790126324 428.43529254198074 123.69805151224136 272.21751591563225
leaf_count=2158 1041 1516 3231 1217 372 728
internal_value=0 -0.00179335 -0.000197879 0.00523926 -0.00549432 -0.00135301
internal_weight=0 2903.1 2028.59 807.015 874.515 1465.42
internal_count=10263 8005 5475 2258 2530 3959
is_linear=0
shrinkage=0.0246946


Tree=137
num_leaves=6
num_cat=0
split_feature=42 29 31 9 5
split_gain=52.4012 22.2248 15.2213 14.2476 9.61597
threshold=-0.029857397504456297 0.17391304347826106 0.38956639566395673 1.4168774232080257 0.90636668874085624
decision_type=2 2 2 2 2
left_child=2 -2 -1 4 -3
right_child=1 3 -4 -5 -6
leaf_value=0.0018277896484760483 -0.0081830097128490643 -0.0045347728343282266 0.0094880971282846754 0.011367353662711677 -0.00023908857534391239
leaf_weight=273.74729672074318 283.08464698493481 402.8302595615387 374.70707362890244 57.149895027279854 1505.213936522603
leaf_count=881 1330 1487 1067 178 5320
internal_value=0 -0.00171396 0.00625427 -0.000782101 -0.001146
internal_weight=0 2248.28 648.454 1965.19 1908.04
internal_count=10263 8315 1948 6985 6807
is_linear=0
shrinkage=0.0246946


Tree=138
num_leaves=3
num_cat=0
split_feature=0 7
split_gain=6.79448 6.44118
threshold=0.13245614035087722 0.072299651567944254
decision_type=2 2
left_child=-1 -2
right_child=1 -3
leaf_value=-0.0041915344335286013 -0.0057031840441073194 0.00077880733952062381
leaf_weight=196.98153571784496 96.847693920135498 2694.2934094667435
leaf_count=737 338 9110
internal_value=0 0.000553894
internal_weight=0 2791.14
internal_count=10185 9448
is_linear=0
shrinkage=0.0246946


Tree=139
num_leaves=8
num_cat=0
split_feature=46 36 14 36 1 37 1
split_gain=30.156 25.6576 13.2039 11.4731 12.8583 8.4741 7.97432
threshold=-0.99999999999999978 -0.22857142857142851 2.3000000000000003 -0.11764705882352934 0.20294117647058826 -1.1043557168784026 0.50581395348837221
decision_type=2 2 2 2 2 2 2
left_child=5 2 6 -3 -5 -1 -2
right_child=1 3 -4 4 -6 -7 -8
leaf_value=0.0028755946978916906 0.0009418761664000473 -0.0050133758761391756 0.010039245098933317 -0.009755476867123837 0.00092265104727357375 -0.0068122067107997519 0.0043138690661213347
leaf_weight=64.048066407442093 884.50503885746002 363.79669708013535 157.71855968236923 74.378081887960434 911.98343908786774 392.42197385430336 828.09282663464546
leaf_count=175 2391 991 457 207 2494 1190 2280
internal_value=0 0.00132923 0.003202 -0.00126504 0.000117451 -0.0054529 0.00257234
internal_weight=0 3220.47 1870.32 1350.16 986.362 456.47 1712.6
internal_count=10185 8820 5128 3692 2701 1365 4671
is_linear=0
shrinkage=0.0246946


Tree=140
num_leaves=7
num_cat=0
split_feature=25 24 26 24 7 16
split_gain=55.1278 22.3606 10.4053 10.11 8.40177 6.44527
threshold=1.4996547395246262 1.4623570486725093 0.73198258362300639 -0.69856850706426865 0.56465997770345611 1.1000000000000003
decision_type=2 2 2 2 2 2
left_child=1 2 5 -2 -5 -1
right_child=3 -3 -4 4 -6 -7
leaf_value=-0.0029614955171852683 0.014813894669255612 -0.0094038257027463414 -0.0077600613428788889 0.0028910953251267035 0.011482597723514541 -5.1701862734523055e-05
leaf_weight=707.57509461045265 87.83276429772377 243.05512356758118 151.41443195939064 237.43180751800537 98.087908297777176 1349.7271258831024
leaf_count=2560 245 1133 618 724 273 4632
internal_value=0 -0.00229463 -0.0015123 0.00735531 0.00540279 -0.00105248
internal_weight=0 2451.77 2208.72 423.352 335.52 2057.3
internal_count=10185 8943 7810 1242 997 7192
is_linear=0
shrinkage=0.0246946


Tree=141
num_leaves=1
num_cat=0
split_feature=
split_gain=
threshold=
decision_type=
left_child=
right_child=
leaf_value=0
leaf_weight=
leaf_count=
internal_value=
internal_weight=
internal_count=
is_linear=0
shrinkage=1


Tree=142
num_leaves=8
num_cat=0
split_feature=2 21 22 2 11 24 24
split_gain=38.004 15.9273 12.7332 10.4538 7.7553 8.55915 7.13387
threshold=1.670542635658915 2.0615171442623468 1.5000000000000002 2.3015151515151522 0.99970959778681989 -0.56997687029549227 0.12182150158187367
decision_type=2 2 2 2 2 2 2
left_child=1 2 4 -2 5 -1 -6
right_child=3 -3 -4 -5 6 -7 -8
leaf_value=-0.014033343595111433 0.0030438343038441183 -0.011982603646644101 0.0014314978813226996 0.0097543090316191336 -0.0023947365203257106 -0.0037874181388043008 0.0016976489509870972
leaf_weight=56.951203316450119 808.38625660538673 84.870540142059326 823.70397537946701 171.62596952915192 1012.0496800243855 391.58709424734116 349.45687198638916
leaf_count=173 2238 246 2232 506 2799 1111 951
internal_value=0 -0.00145313 -0.00111382 0.00421902 -0.00227213 -0.00508835 -0.00134435
internal_weight=0 2718.62 2633.75 980.012 1810.04 448.538 1361.51
internal_count=10256 7512 7266 2744 5034 1284 3750
is_linear=0
shrinkage=0.0246946


Tree=143
num_leaves=4
num_cat=0
split_feature=27 33 5
split_gain=31.8558 17.3582 12.5924
threshold=0.69054272565453934 -0.81165540540540526 0.99755799391289124
decision_type=2 2 2
left_child=1 -1 -2
right_child=2 -3 -4
leaf_value=-0.0042808996681397427 0.00053926630095824351 0.00020992888908145948 0.0079916352041764296
leaf_weight=807.13827973604202 225.81754946708679 1500.8781058043242 356.63915650546551
leaf_count=3365 719 5114 1058
internal_value=0 -0.00136056 0.00510236
internal_weight=0 2308.02 582.457
internal_count=10256 8479 1777
is_linear=0
shrinkage=0.0246946


Tree=144
num_leaves=2
num_cat=0
split_feature=14
split_gain=7.61325
threshold=2.3000000000000003
decision_type=2
left_child=-1
right_child=-2
leaf_value=0.00028512329072540363 -0.0053101621202354459
leaf_weight=2886.3394145667553 156.32788030803204
leaf_count=9775 615
internal_value=0
internal_weight=0
internal_count=10390
is_linear=0
shrinkage=0.0246946


Tree=145
num_leaves=7
num_cat=0
split_feature=7 24 4 38 30 43
split_gain=41.5609 27.3498 8.71719 8.30803 7.73706 7.94452
threshold=0.39504283965728276 0.74608242236846978 1.10960960960961 0.17142857142857157 0.35948717948717951 -0.94028520499108714
decision_type=2 2 2 2 2 2
left_child=1 4 -3 -2 5 -1
right_child=3 2 -4 -5 -6 -7
leaf_value=-0.0033897485164232737 -0.010740200936394315 0.0068846490530206812 -0.00026053553910971124 -0.0042926041058502116 -0.0010543806812280266 0.0034065766769032411
leaf_weight=131.00353360176086 187.51138854026794 512.71096703410149 130.65983018279076 348.15513414144516 1911.99297529459 526.13281905651093
leaf_count=354 581 1464 357 1018 5195 1421
internal_value=0 0.000880332 0.00543356 -0.0065496 -0.000259903 0.00205169
internal_weight=0 3212.5 643.371 535.667 2569.13 657.136
internal_count=10390 8791 1821 1599 6970 1775
is_linear=0
shrinkage=0.0246946


Tree=146
num_leaves=7
num_cat=0
split_feature=39 4 27 36 30 29
split_gain=36.9255 25.5216 10.8334 9.5883 7.62894 7.15455
threshold=0.18181818181818174 1.1357493857493861 0.348563528224275 -0.53752345215759834 -0.2222222222222219 0.39999999999999986
decision_type=2 2 2 2 2 2
left_child=3 2 5 -1 -4 -2
right_child=1 -3 4 -5 -6 -7
leaf_value=0.0012395500219635122 -0.017259695733661092 0.0019123778708957846 -0.010529958285921456 0.0080328916254362621 -0.0020471462973955367 -0.0058851014500030177
leaf_weight=187.6560116559267 48.87813138961792 971.9013247936964 68.543812721967697 390.05759161710739 1138.9676252603531 108.75349994003773
leaf_count=610 243 3319 359 1129 4316 414
internal_value=0 -0.00114606 -0.00332349 0.00582624 -0.00252867 -0.00941212
internal_weight=0 2337.04 1365.14 577.714 1207.51 157.632
internal_count=10390 8651 5332 1739 4675 657
is_linear=0
shrinkage=0.0246946


Tree=147
num_leaves=2
num_cat=0
split_feature=24
split_gain=8.00745
threshold=0.40169944758164566
decision_type=2
left_child=-1
right_child=-2
leaf_value=0.00046705705676914526 -0.0024213507918250509
leaf_weight=2191.2735505700111 798.61990980803967
leaf_count=7293 2918
internal_value=0
internal_weight=0
internal_count=10211
is_linear=0
shrinkage=0.0246946


Tree=148
num_leaves=7
num_cat=0
split_feature=25 24 24 8 25 31
split_gain=61.698 35.8659 11.9041 11.2243 7.2414 6.95243
threshold=0.30832521629871995 0.19141294743019951 4.4811382533961108 1.8116554054054055 0.029623668003064135 0.12660256410256412
decision_type=2 2 2 2 2 2
left_child=1 5 4 -2 -3 -1
right_child=3 2 -4 -5 -6 -7
leaf_value=0.0042964377016005218 -0.0039145458567637903 0.0064294257539208042 0.016770461939595031 -0.011790684335876732 0.00081581775387182297 -0.00050666143426223787
leaf_weight=209.83774855732918 894.34766048192978 732.21808180212975 59.360082060098648 125.87028142809868 173.29995396733284 1479.9113301634789
leaf_count=566 2555 2031 181 401 473 4004
internal_value=0 0.00225883 0.00605737 -0.00488627 0.00535508 8.98008e-05
internal_weight=0 2654.63 964.878 1020.22 905.518 1689.75
internal_count=10211 7255 2685 2956 2504 4570
is_linear=0
shrinkage=0.0246946


Tree=149
num_leaves=7
num_cat=0
split_feature=8 30 2 44 2 30
split_gain=50.7574 17.4032 11.5055 10.2211 9.79914 9.15268
threshold=1.4478221415607988 0.83558558558558582 1.8382737576285966 -0.67928571428571405 1.0944940476190479 0.22792207792207789
decision_type=2 2 2 2 2 2
left_child=1 3 -2 5 -3 -1
right_child=2 4 -4 -5 -6 -7
leaf_value=-0.0048827141261993823 0.0089688088012172835 0.0066120516640832544 -0.00053133038408050047 -0.0042492667202942659 -1.5993123535158547e-05 0.0020638197692487395
leaf_weight=168.4473082870245 401.82130186259747 183.88292753696442 96.389075338840485 1129.7361005693674 522.65358172357082 369.16624782979488
leaf_count=684 1141 589 325 4520 1745 1207
internal_value=0 -0.0015391 0.00713081 -0.00291549 0.00170902 -0.000112697
internal_weight=0 2373.89 498.21 1667.35 706.537 537.614
internal_count=10211 8745 1466 6411 2334 1891
is_linear=0
shrinkage=0.0246946


Tree=150
num_leaves=3
num_cat=0
split_feature=25 32
split_gain=8.49229 9.10159
threshold=0.91549227892277496 -0.23076923076923067
decision_type=2 2
left_child=1 -1
right_child=-2 -3
leaf_value=-0.0036682182705861086 -0.0024366509736652039 0.00148635825844349
leaf_weight=229.93485924601555 525.67232798039913 2283.3285471796989
leaf_count=926 1811 7638
internal_value=0 0.00101477
internal_weight=0 2513.26
internal_count=10375 8564
is_linear=0
shrinkage=0.0246946


Tree=151
num_leaves=8
num_cat=0
split_feature=24 8 11 28 8 8 31
split_gain=37.9517 18.9983 11.6637 9.93045 7.6833 6.56968 6.56332
threshold=1.5132767638847582 1.1584928229665075 1.3650813418342869 0.85294117647058831 0.97100840336134464 1.855042016806723 0.22361111111111107
decision_type=2 2 2 2 2 2 2
left_child=1 6 5 4 -2 -3 -1
right_child=3 2 -4 -5 -6 -7 -8
leaf_value=0.0021706040475290172 0.013084655724002742 -0.0046090266013786001 0.0013303134790344515 -0.00038482407594513508 0.00549688181983726 -0.012066776998055136 -0.00088116403687654363
leaf_weight=589.46947827935219 123.07026880979538 803.41338485479355 199.7632677257061 110.57139432430267 240.24271011352539 79.127648621797562 1586.1700514853001
leaf_count=1605 366 2305 552 305 689 264 4289
internal_value=0 -0.00138437 -0.00405803 0.00609509 0.0080672 -0.00527768 -5.43156e-05
internal_weight=0 3257.94 1082.3 473.884 363.313 882.541 2175.64
internal_count=10375 9015 3121 1360 1055 2569 5894
is_linear=0
shrinkage=0.0246946


Tree=152
num_leaves=10
num_cat=0
split_feature=7 5 33 27 26 27 10 10 5
split_gain=41.3536 15.6425 14.5236 14.3466 9.063 7.40512 7.01416 6.6505 7.83174
threshold=0.28989813242784385 0.98250058839993326 -1.0493902439024387 0.7093706861614627 0.55990758872250446 0.58140613769424576 1.5138996138996141 2.2320512820512826 0.98495077174425449
decision_type=2 2 2 2 2 2 2 2 2
left_child=2 6 -1 4 -3 -6 -2 8 -4
right_child=1 3 7 -5 5 -7 -8 -9 -10
leaf_value=-0.0070147272733469017 0.0010388141792110825 0.0054523097404125514 -0.0033657091584055224 0.010112295023250589 -0.0073867991059798034 0.0034068920453327579 -0.0085413948112925096 -0.010008736946372566 0.00055036752370368021
leaf_weight=328.30878449976444 378.49490496516228 331.81609490513802 495.40045447647572 286.46551807224751 74.56463810801506 80.72386609017849 53.148997664451599 50.785498693585396 838.62290638685226
leaf_count=1549 1256 1029 1819 818 275 272 196 189 2972
internal_value=0 0.00362544 -0.00234492 0.00572697 0.00314796 -0.0017759 -0.000140812 -0.0012378 -0.000903899
internal_weight=0 1205.21 1713.12 773.57 487.105 155.289 431.644 1384.81 1334.02
internal_count=10375 3846 6529 2394 1576 547 1452 4980 4791
is_linear=0
shrinkage=0.0246946


Tree=153
num_leaves=3
num_cat=0
split_feature=6 5
split_gain=8.9184 7.95479
threshold=0.37176079734219275 0.75597656958986625
decision_type=2 2
left_child=1 -1
right_child=-2 -3
leaf_value=0.0051273202141163187 0.0039434213612432739 -0.00028202519225740995
leaf_weight=177.956975877285 425.7634050399065 2423.6492473334074
leaf_count=628 1415 8290
internal_value=0 8.79888e-05
internal_weight=0 2601.61
internal_count=10333 8918
is_linear=0
shrinkage=0.0246946


Tree=154
num_leaves=7
num_cat=0
split_feature=26 8 39 31 44 8
split_gain=24.0483 14.2569 13.8481 9.20052 8.48897 7.38318
threshold=0.62774693967538919 1.2435728411338169 0.74322344322344336 -0.19999999999999998 -0.070197044334975325 1.8933143669985777
decision_type=2 2 2 2 2 2
left_child=1 3 -2 -1 -5 -3
right_child=2 5 -4 4 -6 -7
leaf_value=0.0097019860318517011 0.00024465012567060425 -0.0037020237856201475 0.005956639211052152 -0.0014312818771289718 0.0029202036171886987 -0.012200485439615796
leaf_weight=53.260397344827652 543.92438754439354 600.54319393634796 493.82166081666946 1627.966443747282 328.56829878687859 69.560753911733627
leaf_count=152 1498 1750 1399 4421 882 231
internal_value=0 -0.00146489 0.00296276 -0.00042485 -0.00070052 -0.00458421
internal_weight=0 2679.9 1037.75 2009.8 1956.53 670.104
internal_count=10333 7436 2897 5455 5303 1981
is_linear=0
shrinkage=0.0246946


Tree=155
num_leaves=7
num_cat=0
split_feature=4 9 11 27 9 27
split_gain=28.374 19.0665 11.6967 11.4931 9.19904 7.45697
threshold=1.0822072072072075 1.4963207603729842 1.2996881122750914 0.26082622362668562 1.1551455321181816 0.32193283910943465
decision_type=2 2 2 2 2 2
left_child=3 2 5 -1 -5 -2
right_child=1 -3 -4 4 -6 -7
leaf_value=-0.014569445885847954 -0.0061333145678215623 0.015710996060673964 -0.0018598667950303672 -0.0034964970820337269 0.0010770891862669446 0.0036031261996387629
leaf_weight=48.574992179870605 50.724962770938873 60.349324569106102 426.94064393639565 1074.9990910887718 357.32726740837097 883.08897306025028
leaf_count=203 184 172 1490 4166 1232 2886
internal_value=0 0.00212853 0.00152615 -0.00275614 -0.00235551 0.00307424
internal_weight=0 1421.1 1360.75 1480.9 1432.33 933.814
internal_count=10333 4732 4560 5601 5398 3070
is_linear=0
shrinkage=0.0246946


Tree=156
num_leaves=2
num_cat=0
split_feature=9
split_gain=6.46026
threshold=1.2273159341447915
decision_type=2
left_child=-1
right_child=-2
leaf_value=0.00057053128300516237 -0.0024266232460091759
leaf_weight=2503.7912608236074 531.69983804225922
leaf_count=8532 1836
internal_value=0
internal_weight=0
internal_count=10368
is_linear=0
shrinkage=0.0246946


Tree=157
num_leaves=6
num_cat=0
split_feature=1 42 7 36 34
split_gain=35.7628 21.958 18.3179 11.2916 8.94576
threshold=0.5594117647058825 -0.18181818181818168 0.24357284113381678 -1.4508064516129031 -0.49390243902439013
decision_type=2 2 2 2 2
left_child=1 -1 -2 -4 -3
right_child=2 4 3 -5 -6
leaf_value=-0.0074576343721515824 0.0076800611191244293 0.0011229428261060447 0.010914405225711403 -0.00080557680454203446 -0.0019072583855247001
leaf_weight=333.20240220427513 448.68046095967293 984.14866897463799 57.296429842710495 400.84888538718224 1499.1578235030174
leaf_count=1044 1275 2668 167 1113 4101
internal_value=0 -0.00150507 0.00413347 0.000660144 -0.000706372
internal_weight=0 2816.51 906.826 458.145 2483.31
internal_count=10368 7813 2555 1280 6769
is_linear=0
shrinkage=0.0246946


Tree=158
num_leaves=5
num_cat=0
split_feature=25 2 29 38
split_gain=39.4741 24.5392 17.1866 10.4971
threshold=0.45182276569399665 1.6933760683760686 0.7013513513513514 0.77419354838709697
decision_type=2 2 2 2
left_child=1 -1 -2 -4
right_child=2 -3 3 -5
leaf_value=-0.00031161911226035478 0.00039148568464271769 -0.0069097588165850689 0.010200103390082628 0.0024802595535240437
leaf_weight=1655.5655273646116 333.60596242547035 433.79850803315639 327.315649330616 159.87945255637169
leaf_count=5867 1114 1990 904 493
internal_value=0 -0.00168154 0.00470979 0.00766674
internal_weight=0 2089.36 820.801 487.195
internal_count=10368 7857 2511 1397
is_linear=0
shrinkage=0.0246946


Tree=159
num_leaves=2
num_cat=0
split_feature=22
split_gain=6.78216
threshold=1.5000000000000002
decision_type=2
left_child=-1
right_child=-2
leaf_value=0.00083657578196662827 -0.0016904500159539656
leaf_weight=2109.6316250860691 934.59170646965504
leaf_count=7163 3239
internal_value=0
internal_weight=0
internal_count=10402
is_linear=0
shrinkage=0.0246946


Tree=160
num_leaves=6
num_cat=0
split_feature=39 29 37 41 22
split_gain=24.7605 13.5714 9.44164 9.2398 8.01313
threshold=0.86425061425061445 0.16666666666666663 0.14285714285714288 -0.15384615384615377 1.5000000000000002
decision_type=2 2 2 2 2
left_child=1 -1 4 -3 -2
right_child=2 3 -4 -5 -6
leaf_value=0.0028056805699262139 0.0015617624666513991 -0.0062101367215575036 -0.0027397109640433489 -0.001491184695676831 0.0055383093908945979
leaf_weight=394.32720598578453 625.76841560006142 299.27693869173527 166.42864769697189 1637.4998100697994 610.5204119682312
leaf_count=1091 1727 938 453 4515 1678
internal_value=0 -0.00137017 0.00278216 -0.00222037 0.00352551
internal_weight=0 2331.1 1402.72 1936.78 1236.29
internal_count=10402 6544 3858 5453 3405
is_linear=0
shrinkage=0.0246946


Tree=161
num_leaves=6
num_cat=0
split_feature=27 24 29 24 24
split_gain=35.0188 13.247 12.2746 7.35847 6.521
threshold=0.69325966798182403 0.30827589543912465 0.10526315789473702 -0.55672851129975032 -0.18910843801259458
decision_type=2 2 2 2 2
left_child=2 3 -1 -2 -4
right_child=1 -3 4 -5 -6
leaf_value=-0.0069238137772686574 0.013177340906769284 -0.0013352773131326059 0.00052637880903877627 0.0055006220229828588 -0.0022660033553332628
leaf_weight=243.14396293461323 97.613014966249466 148.33008018136024 897.83354158699512 346.21967756748199 1180.6345863938332
leaf_count=1197 275 496 3012 1035 4387
internal_value=0 0.00505375 -0.00167393 0.00718898 -0.00105978
internal_weight=0 592.163 2321.61 443.833 2078.47
internal_count=10402 1806 8596 1310 7399
is_linear=0
shrinkage=0.0246946


Tree=162
num_leaves=3
num_cat=0
split_feature=2 48
split_gain=14.6118 9.87925
threshold=2.6056618819776718 27.250000000000004
decision_type=2 2
left_child=1 -1
right_child=-2 -3
leaf_value=0.00091320097311554493 -0.013643665651935344 -0.0020547126699069435
leaf_weight=1916.2936315536499 49.72591495513916 1063.5450733751059
leaf_count=6520 229 3597
internal_value=0 -0.000146088
internal_weight=0 2979.84
internal_count=10346 10117
is_linear=0
shrinkage=0.0246946


Tree=163
num_leaves=4
num_cat=0
split_feature=24 47 3
split_gain=22.2675 15.0082 6.57719
threshold=1.6191752864991147 -0.87298387096774166 0.78754078231353974
decision_type=2 2 2
left_child=1 -1 -3
right_child=-2 2 -4
leaf_value=-0.0045372039852209153 0.0056866514570553571 -0.0053856069894500265 0.00076073678528034675
leaf_weight=409.18571880459785 460.51791661977768 110.47092840075493 2728.4418870508671
leaf_count=1267 1331 304 7444
internal_value=0 -0.000115725 0.000521563
internal_weight=0 3248.1 2838.91
internal_count=10346 9015 7748
is_linear=0
shrinkage=0.0246946


Tree=164
num_leaves=7
num_cat=0
split_feature=27 4 43 1 37 1
split_gain=35.7128 16.059 9.03845 9.83105 6.77111 6.71801
threshold=0.62600746100748206 0.88303693570451447 -0.95916666666666661 0.43826219512195125 -0.60660173160173148 0.40508365508365513
decision_type=2 2 2 2 2 2
left_child=1 4 3 -2 -1 -3
right_child=2 5 -4 -5 -6 -7
leaf_value=-0.0099246628934949177 0.0085304767736378954 0.00078137602206065796 0.00038754168747701041 0.0022164932140531475 -0.0038691966491277443 -0.0025578741885105001
leaf_weight=187.1044185757637 300.16715386509895 673.1562172472477 352.55596332252026 301.36426955461502 282.82380568981171 808.90087142586708
leaf_count=940 847 2275 1209 936 1055 3084
internal_value=0 -0.00230244 0.00352711 0.0053672 -0.00628021 -0.00104117
internal_weight=0 1951.99 954.087 601.531 469.928 1482.06
internal_count=10346 7354 2992 1783 1995 5359
is_linear=0
shrinkage=0.0246946


Tree=165
num_leaves=2
num_cat=0
split_feature=39
split_gain=6.83502
threshold=1.2967967967967973
decision_type=2
left_child=-1
right_child=-2
leaf_value=0.00059509115073683779 -0.0031188052832660696
leaf_weight=2712.344734147191 340.082713291049
leaf_count=9211 1219
internal_value=0
internal_weight=0
internal_count=10430
is_linear=0
shrinkage=0.0246946


Tree=166
num_leaves=6
num_cat=0
split_feature=24 45 35 45 22
split_gain=26.1778 17.5008 12.8746 8.93159 8.77932
threshold=-0.038662407364433937 -0.89871794871794852 -1.3732142857142853 -0.36842105263157898 1.5000000000000002
decision_type=2 2 2 2 2
left_child=1 -1 -2 -4 -3
right_child=2 4 3 -5 -6
leaf_value=-0.0070115778344115387 0.0086119679886963122 -0.0023096833820398037 -0.00014339288256860161 0.0034408384030848427 0.001534838403436726
leaf_weight=340.12365840375423 172.59953153133392 932.75210398435593 905.98898333311081 796.8994115293026 592.20310500264168
leaf_count=1062 521 2548 2512 2186 1601
internal_value=0 -0.00194642 0.0021853 0.00153392 -0.000816697
internal_weight=0 1865.08 1875.49 1702.89 1524.96
internal_count=10430 5211 5219 4698 4149
is_linear=0
shrinkage=0.0246946


Tree=167
num_leaves=6
num_cat=0
split_feature=2 40 24 4 34
split_gain=41.9851 25.0743 13.3129 7.39262 6.45809
threshold=1.8024390243902442 0.18301435406698557 -0.03376349211085318 1.2875939849624063 -1.0513157894736838
decision_type=2 2 2 2 2
left_child=1 3 -3 -1 -2
right_child=4 2 -4 -5 -6
leaf_value=0.0035345275516576059 -0.01009542733951771 0.0010050872494368889 -0.0034794340389421911 0.0095900708092849056 -0.0043347181425392924
leaf_weight=535.52562355995178 225.11595393717289 1113.4885821044445 633.27436164021492 159.57419854402542 250.98643705248833
leaf_count=1632 1121 3816 2426 450 985
internal_value=0 0.000957824 -0.000620739 0.0049247 -0.00705856
internal_weight=0 2441.86 1746.76 695.1 476.102
internal_count=10430 8324 6242 2082 2106
is_linear=0
shrinkage=0.0246946


Tree=168
num_leaves=3
num_cat=0
split_feature=41 5
split_gain=8.42631 8.74969
threshold=0.80243902439024406 0.94515309183146556
decision_type=2 2
left_child=1 -1
right_child=-2 -3
leaf_value=0.0031488571751355694 -0.0021903466737892181 2.2556106788464772e-05
leaf_weight=829.4077715575695 594.03446182608604 1597.2719528675079
leaf_count=2820 2119 5372
internal_value=0 0.00109109
internal_weight=0 2426.68
internal_count=10311 8192
is_linear=0
shrinkage=0.0246946


Tree=169
num_leaves=8
num_cat=0
split_feature=22 8 24 24 24 8 46
split_gain=26.0142 15.0655 14.8171 12.0669 10.9457 10.4543 7.4961
threshold=1.5000000000000002 1.2152509652509653 0.16532415325763417 2.9703687972565613 0.74608242236846978 1.855042016806723 1.0000000180025095e-35
decision_type=2 2 2 2 2 2 2
left_child=1 2 -1 5 6 -3 -2
right_child=4 3 -4 -5 -6 -7 -8
leaf_value=-0.0022491523563814919 0.00019089642705721793 -0.0044354888627338562 0.0024170247576441777 0.005843597236456167 0.0073469644923703026 -0.013754234486634343 0.005294775129990539
leaf_weight=1088.059464931488 688.50212906301022 620.69703185558319 670.87174674868584 61.795566380023956 246.67526295781136 83.263448238372803 235.51091629266739
leaf_count=2961 1879 1814 1860 174 709 280 634
internal_value=0 -0.0017281 -0.000469432 -0.00461924 0.00272551 -0.0055377 0.00149176
internal_weight=0 2524.69 1758.93 765.756 1170.69 703.96 924.013
internal_count=10311 7089 4821 2268 3222 2094 2513
is_linear=0
shrinkage=0.0246946


Tree=170
num_leaves=6
num_cat=0
split_feature=4 27 40 28 28
split_gain=22.5749 14.1658 13.5931 8.80444 7.17847
threshold=0.94665718349928885 0.62600746100748206 0.12500000000000014 1.7165178571428574 0.23076923076923073
decision_type=2 2 2 2 2
left_child=1 -1 -2 4 -4
right_child=2 -3 3 -5 -6
leaf_value=-0.0055043808536002492 0.0049294608417061068 0.0012049286356079175 -0.010516514848421955 0.0051977555629664149 -0.00016135275659295406
leaf_weight=599.16383120417595 496.60998228192329 282.33598691225052 42.166664287447929 189.66554155945778 1282.6905977725983
leaf_count=2513 1444 959 204 604 4587
internal_value=0 -0.00335545 0.00138402 0.000221471 -0.00049093
internal_weight=0 881.5 2011.13 1514.52 1324.86
internal_count=10311 3472 6839 5395 4791
is_linear=0
shrinkage=0.0246946


Tree=171
num_leaves=1
num_cat=0
split_feature=
split_gain=
threshold=
decision_type=
left_child=
right_child=
leaf_value=0
leaf_weight=
leaf_count=
internal_value=
internal_weight=
internal_count=
is_linear=0
shrinkage=1


Tree=172
num_leaves=9
num_cat=0
split_feature=2 10 31 27 28 2 2 27
split_gain=32.2333 23.9966 12.8526 12.6145 9.42938 8.22683 6.94255 6.58474
threshold=1.6120071684587816 1.2639318885448918 0.16869918699186995 0.50592290306937826 1.7399355877616751 1.1624764299182906 0.95060975609756104 0.53611244500711963
decision_type=2 2 2 2 2 2 2 2
left_child=3 7 -3 4 5 -1 -5 -2
right_child=1 2 -4 6 -6 -7 -8 -9
leaf_value=-0.0029483199872730446 0.0038115482639828543 0.0078561463788603472 0.0017121805867568339 -0.0093119535097625564 -0.0061149401073297346 0.0023858537144215816 -0.0028873605057665556 -0.0053343838915159408
leaf_weight=236.35442110896111 62.325054556131363 481.5504210293293 365.02095144987106 111.08589243888855 128.11245146393776 694.17018729448318 1338.4222368299961 208.93158239126205
leaf_count=639 173 1395 991 321 353 1874 3790 593
internal_value=0 0.00315894 0.00520702 -0.00188306 0.000166195 0.00103097 -0.00337972 -0.00323298
internal_weight=0 1117.83 846.571 2508.15 1058.64 930.525 1449.51 271.257
internal_count=10129 3152 2386 6977 2866 2513 4111 766
is_linear=0
shrinkage=0.0246946


Tree=173
num_leaves=7
num_cat=0
split_feature=47 21 26 10 33 5
split_gain=20.4326 15.0693 13.7093 13.9914 9.69277 8.93018
threshold=-0.62678571428571417 1.6582438627918255 0.71430362428398342 1.8116554054054055 -1.2986486486486484 1.1020436493302661
decision_type=2 2 2 2 2 2
left_child=1 4 3 -2 -1 -4
right_child=2 -3 5 -5 -6 -7
leaf_value=-0.0053772408588320646 0.00071553527869047716 0.010873228429267835 -0.0091282803136015084 -0.0049355134953980029 0.0031819632245731998 0.0032112875994083001
leaf_weight=93.113329753279686 1450.9623111188412 141.67942966520786 184.90067304670811 327.48418402671814 604.41205382347107 44.342744693160057
leaf_count=347 5211 414 916 1250 1797 194
internal_value=0 0.00353077 -0.00105769 -0.000325052 0.00203939 -0.00674143
internal_weight=0 839.205 2007.69 1778.45 697.525 229.243
internal_count=10129 2558 7571 6461 2144 1110
is_linear=0
shrinkage=0.0246946


Tree=174
num_leaves=2
num_cat=0
split_feature=5
split_gain=8.58149
threshold=0.70542118335417203
decision_type=2
left_child=-1
right_child=-2
leaf_value=0.0066697672801984817 1.3533023904796017e-05
leaf_weight=123.10040426254272 2917.2122323513031
leaf_count=434 9953
internal_value=0
internal_weight=0
internal_count=10387
is_linear=0
shrinkage=0.0246946


Tree=175
num_leaves=5
num_cat=0
split_feature=39 29 41 41
split_gain=26.8425 14.5909 7.49484 6.96963
threshold=0.25000000000000017 0.61834733893557425 0.83558558558558582 0.418010752688172
decision_type=2 2 2 2
left_child=-1 3 -3 -2
right_child=1 2 -4 -5
leaf_value=-0.0043902985768323986 0.00066014367656665922 -0.0014423915066178762 0.0022564992553146574 0.0044975894072929942
leaf_weight=723.60416515171528 473.57990598678589 1331.6374673545361 445.92552450299263 739.00725626945496
leaf_count=2152 1296 3657 1198 2084
internal_value=0 0.000910279 -0.000514475 0.00299886
internal_weight=0 2990.15 1777.56 1212.59
internal_count=10387 8235 4855 3380
is_linear=0
shrinkage=0.0246946


Tree=176
num_leaves=6
num_cat=0
split_feature=8 1 29 1 26
split_gain=39.4439 21.4148 10.8714 7.45525 6.57188
threshold=1.35214626391097 0.43288288288288296 0.71428571428571441 0.75337837837837851 0.65219020392532578
decision_type=2 2 2 2 2
left_child=1 4 -2 -3 -1
right_child=2 3 -4 -5 -6
leaf_value=0.0012423383322872057 0.0012027198832784353 -0.0036295977237388371 0.0076770203629652305 -0.012936817412830946 -0.0065049577430241357
leaf_weight=1035.6708167940378 259.63222941756248 1083.72967633605 404.69259740412235 55.154968231916428 71.37335792183876
leaf_count=3501 855 4309 1143 319 260
internal_value=0 -0.00170293 0.00514673 -0.00408034 0.000742855
internal_weight=0 2245.93 664.325 1138.88 1107.04
internal_count=10387 8389 1998 4628 3761
is_linear=0
shrinkage=0.0246946


Tree=177
num_leaves=2
num_cat=0
split_feature=46
split_gain=10.3041
threshold=0.032258064516129052
decision_type=2
left_child=-1
right_child=-2
leaf_value=0.001043603751659832 -0.0033450441261553185
leaf_weight=2644.3092714250088 372.16716212034225
leaf_count=8956 1327
internal_value=0
internal_weight=0
internal_count=10283
is_linear=0
shrinkage=0.0246946


Tree=178
num_leaves=8
num_cat=0
split_feature=3 4 42 42 9 3 36
split_gain=21.0211 15.4838 15.0873 14.0083 12.9483 11.5897 6.951
threshold=1.2110740145113958 1.0822072072072075 0.63373983739837414 0.15384615384615383 0.80845208345444364 1.1090216225846452 -0.46049896049896044
decision_type=2 2 2 2 2 2 2
left_child=3 2 6 5 -3 -1 -2
right_child=1 4 -4 -5 -6 -7 -8
leaf_value=-0.0021364853691320648 0.0043844552166383702 0.010838894796310191 0.010221069524268241 -0.00018541771788712223 -0.0018374578321221757 -0.008682468728829355 -0.00089403270187279123
leaf_weight=482.19292928278446 435.74705347418785 53.735741317272186 203.40601769089699 1447.4671226739883 574.44405966997147 250.69355393946171 233.74570518732071
leaf_count=1414 1227 146 588 3924 1607 730 647
internal_value=0 0.0022034 0.00433105 -0.00159388 -0.000753098 -0.00437563 0.00254153
internal_weight=0 1501.08 872.899 2180.35 628.18 732.886 669.493
internal_count=10283 4215 2462 6068 1753 2144 1874
is_linear=0
shrinkage=0.0246946


Tree=179
num_leaves=6
num_cat=0
split_feature=37 45 4 4 21
split_gain=22.3637 12.7512 8.96192 8.15775 7.47577
threshold=-0.50609756097560954 -0.38709677419354838 1.112698412698413 0.87939393939393951 1.7026854303185148
decision_type=2 2 2 2 2
left_child=3 4 -3 -1 -2
right_child=1 2 -4 -5 -6
leaf_value=-0.0074032845105344242 0.0017701963290914827 -0.0038540392853691594 0.00091706488151867185 -0.0020438497958527035 0.0078562251103097436
leaf_weight=294.96142801642418 1067.8458461910486 455.31295341253281 507.9022418409586 419.54149660468102 139.11583237349987
leaf_count=1351 3343 1692 1781 1706 410
internal_value=0 0.000780677 -0.00133824 -0.00425633 0.00247168
internal_weight=0 2170.18 963.215 714.503 1206.96
internal_count=10283 7226 3473 3057 3753
is_linear=0
shrinkage=0.0246946


Tree=180
num_leaves=2
num_cat=0
split_feature=7
split_gain=7.80938
threshold=0.3943381180223286
decision_type=2
left_child=-1
right_child=-2
leaf_value=0.0003345723037749827 -0.003121337267735134
leaf_weight=2541.1526613384485 472.95991295576096
leaf_count=8664 1633
internal_value=0
internal_weight=0
internal_count=10297
is_linear=0
shrinkage=0.0246946


Tree=181
num_leaves=6
num_cat=0
split_feature=39 4 3 40 39
split_gain=20.2083 18.4677 12.985 7.46526 6.66695
threshold=0.4027027027027027 1.1357493857493861 1.3285004399494991 0.96428571428571441 0.88888888888888895
decision_type=2 2 2 2 2
left_child=-1 2 3 -2 -4
right_child=1 -3 4 -5 -6
leaf_value=-0.00290633491474611 0.00043186757431483061 -0.0013357054037787732 0.0034677294669066797 0.005035758076866818 0.0096614365704437519
leaf_weight=1013.1212746798992 899.33559852838516 1062.125019967556 211.63605469465256 282.17158654332161 212.29032325744629
leaf_count=2949 2449 2900 598 774 627
internal_value=0 0.00119044 0.0028617 0.00153138 0.00656936
internal_weight=0 2667.56 1605.43 1181.51 423.926
internal_count=10297 7348 4448 3223 1225
is_linear=0
shrinkage=0.0246946


Tree=182
num_leaves=6
num_cat=0
split_feature=46 33 36 26 26
split_gain=20.1115 12.1834 11.5876 6.69962 6.48647
threshold=-0.75809822361546475 -0.85912698412698385 -0.36842105263157882 0.40977550450287753 0.74419814942780971
decision_type=2 2 2 2 2
left_child=1 -1 3 -2 -5
right_child=2 -3 -4 4 -6
leaf_value=-0.00067668451668753053 -0.010688171223275504 0.006054059461424178 0.00039259681070069748 -0.0014549582886985519 -0.0069101326155019639
leaf_weight=251.97648307681084 69.147843241691589 469.72193552553654 1307.7876803427935 599.73432578146458 170.76960319280624
leaf_count=850 270 1340 4445 2498 894
internal_value=0 0.00370406 -0.00106092 -0.00332482 -0.00266401
internal_weight=0 721.698 2147.44 839.652 770.504
internal_count=10297 2190 8107 3662 3392
is_linear=0
shrinkage=0.0246946


Tree=183
num_leaves=4
num_cat=0
split_feature=44 34 34
split_gain=7.11313 6.63297 8.69158
threshold=-1.4428104575163394 -0.07692307692307683 -0.52859477124182985
decision_type=2 2 2
left_child=-1 2 -2
right_child=1 -3 -4
leaf_value=-0.0042102903773175828 3.3977972699834764e-05 -0.0019569642144095269 0.0030056891382819616
leaf_weight=178.23355187475681 1329.408258408308 428.61888375878334 1094.1830357313156
leaf_count=624 4707 1420 3613
internal_value=0 0.000874814 0.00137562
internal_weight=0 2852.21 2423.59
internal_count=10364 9740 8320
is_linear=0
shrinkage=0.0246946


Tree=184
num_leaves=4
num_cat=0
split_feature=25 34 31
split_gain=33.3482 23.4199 9.68219
threshold=0.054134148201289381 -0.56949806949806925 -0.16441441441441432
decision_type=2 2 2
left_child=1 -1 -2
right_child=2 -3 -4
leaf_value=0.0046216870106338083 0.0032805651975049352 -0.00046838399780928583 -0.0035619598613232132
leaf_weight=1018.9908899068832 139.20786741375923 1200.8721590340137 1340.1668940782547
leaf_count=2860 391 3246 3867
internal_value=0 0.00186813 -0.00291808
internal_weight=0 2219.86 1479.37
internal_count=10364 6106 4258
is_linear=0
shrinkage=0.0246946


Tree=185
num_leaves=6
num_cat=0
split_feature=36 47 16 16 11
split_gain=23.1266 21.0669 10.0049 8.86494 8.01465
threshold=0.11111111111111106 -0.35294117647058815 1.3 0.90000000000000013 1.251534842735426
decision_type=2 2 2 2 2
left_child=1 2 -1 -3 -2
right_child=4 3 -4 -5 -6
leaf_value=-0.0010452556160326218 0.0089163962084045732 -0.0069289221546429041 0.0033693140684870884 -0.0022980410057004577 0.00065427711550434717
leaf_weight=684.40098212659359 193.54674759507179 339.39459426701069 577.01270778477192 979.96452935039997 113.63622000813484
leaf_count=2327 590 1487 1801 3798 361
internal_value=0 -0.0013077 0.000974116 -0.0034893 0.00585999
internal_weight=0 2580.77 1261.41 1319.36 307.183
internal_count=10364 9413 4128 5285 951
is_linear=0
shrinkage=0.0246946


Tree=186
num_leaves=2
num_cat=0
split_feature=41
split_gain=10.0083
threshold=0.84292763157894757
decision_type=2
left_child=-1
right_child=-2
leaf_value=0.00017885700024656707 -0.0036088142992823469
leaf_weight=2548.7339403778315 510.65503370761871
leaf_count=8614 1836
internal_value=0
internal_weight=0
internal_count=10450
is_linear=0
shrinkage=0.0246946


Tree=187
num_leaves=6
num_cat=0
split_feature=25 2 22 2 25
split_gain=36.4281 15.8359 9.84212 9.58089 8.15472
threshold=0.054134148201289381 1.6183473389355745 1.5000000000000002 1.9451951951951953 1.6791111328023514
decision_type=2 2 2 2 2
left_child=1 2 -1 4 -2
right_child=3 -3 -4 -5 -6
leaf_value=-0.00057201070663321068 -0.0023262904727331195 0.0054807430166850168 0.0034460770614747733 0.0026515452044560931 -0.0070046160880320191
leaf_weight=962.60202416777611 1001.7555757164955 684.85154992341995 605.65169680118561 182.81496000289917 293.86490826308727
leaf_count=2609 2805 1954 1632 513 937
internal_value=0 0.00234787 0.000979755 -0.00264066 -0.0033874
internal_weight=0 2253.11 1568.25 1478.44 1295.62
internal_count=10450 6195 4241 4255 3742
is_linear=0
shrinkage=0.0246946


Tree=188
num_leaves=7
num_cat=0
split_feature=27 24 27 11 11 29
split_gain=22.7911 19.019 11.1222 10.5972 9.65936 9.3697
threshold=0.68776987063530259 1.5132767638847582 0.28333164710001363 1.4552137502179996 0.90180822689245266 1.6267857142857147
decision_type=2 2 2 2 2 2
left_child=1 2 -1 5 -2 -4
right_child=4 -3 3 -5 -6 -7
leaf_value=-0.0076632794015067335 0.010882935466069447 -0.0077185891736563919 0.00039963259799697152 -0.0047207098496465432 0.0027798059073542974 0.0096375771195230543
leaf_weight=119.94976842403412 108.84307570755482 239.62859039008617 1618.6054062843323 244.32747834920883 510.37576664984226 69.843445181846619
leaf_count=456 312 1185 5818 896 1569 214
internal_value=0 -0.00113518 -0.000366653 8.61817e-05 0.00420413 0.000781764
internal_weight=0 2292.35 2052.73 1932.78 619.219 1688.45
internal_count=10450 8569 7384 6928 1881 6032
is_linear=0
shrinkage=0.0246946


Tree=189
num_leaves=1
num_cat=0
split_feature=
split_gain=
threshold=
decision_type=
left_child=
right_child=
leaf_value=0
leaf_weight=
leaf_count=
internal_value=
internal_weight=
internal_count=
is_linear=0
shrinkage=1


Tree=190
num_leaves=5
num_cat=0
split_feature=34 41 43 42
split_gain=16.8233 14.8311 8.99124 7.87314
threshold=-0.70479302832243984 0.3766891891891892 -0.31762749445676269 -0.54545454545454519
decision_type=2 2 2 2
left_child=1 3 -2 -1
right_child=2 -3 -4 -5
leaf_value=-0.0096671358083794956 -0.001967318769998332 0.0049063080995145666 0.0016601791679695843 0.00038937901060659327
leaf_weight=52.323364078998566 1866.4070701301098 661.56380927562714 536.45233729481697 512.23932582139969
leaf_count=155 5265 1892 1440 1423
internal_value=0 0.00239737 -0.00115746 -0.000542653
internal_weight=0 1226.13 2402.86 564.563
internal_count=10175 3470 6705 1578
is_linear=0
shrinkage=0.0246946


Tree=191
num_leaves=10
num_cat=0
split_feature=9 24 40 3 35 38 3 44 44
split_gain=24.2027 14.9789 10.1602 8.73103 7.33684 9.05994 7.02042 7.72318 8.50893
threshold=1.2538710114557181 -0.047970026024677932 0.87652439024390261 1.1821609265780972 -0.67083333333333306 0.17142857142857157 0.9671791123858281 -0.45161290322580638 -0.56330128205128183
decision_type=2 2 2 2 2 2 2 2 2
left_child=1 6 4 -2 5 -3 -1 8 -8
right_child=3 2 -4 -5 -6 -7 7 -9 -10
leaf_value=0.0039506853594272404 0.0079923536115562646 0.0058095709371860597 -0.007659399822656089 0.00126540230215427 -0.0001484779123222514 -0.0063818053565304787 0.00026024940571417937 -0.0027990561191014369 0.0086404549158002001
leaf_weight=314.15359139442444 264.93501254916191 42.640858352184296 241.94675287604332 211.66345337033272 535.67269690334797 289.87045720219612 428.52931606769562 420.79781460762024 89.281130775809288
leaf_count=1034 796 141 1130 681 1891 1335 1338 1523 306
internal_value=0 -0.00109554 -0.0031842 0.00500483 -0.00193704 -0.0048184 0.000755323 -0.00031417 0.00170517
internal_weight=0 2362.89 1110.13 476.598 868.184 332.511 1252.76 938.608 517.81
internal_count=10175 8698 4497 1477 3367 1476 4201 3167 1644
is_linear=0
shrinkage=0.0246946


Tree=192
num_leaves=1
num_cat=0
split_feature=
split_gain=
threshold=
decision_type=
left_child=
right_child=
leaf_value=0
leaf_weight=
leaf_count=
internal_value=
internal_weight=
internal_count=
is_linear=0
shrinkage=1


Tree=193
num_leaves=7
num_cat=0
split_feature=4 47 33 21 2 24
split_gain=14.8203 11.1429 11.9274 8.78524 8.09724 6.78805
threshold=1.35214626391097 -0.62678571428571417 -1.6348484848484846 1.6582438627918255 1.2784237726098193 0.093554002703516034
decision_type=2 2 2 2 2 2
left_child=1 5 -3 -2 -4 -1
right_child=3 2 4 -5 -6 -7
leaf_value=-0.0043817360522627512 -0.0026488934098855654 0.0093427299791663827 -0.0010821068795052395 -0.012631861691664114 0.0020595278294158192 0.00042962815920511338
leaf_weight=374.41982226073742 521.10894176363945 110.68489038944244 739.87320083379745 59.940812885761261 1545.0612006783485 342.29381829500198
leaf_count=1148 1467 353 2009 183 4237 967
internal_value=0 0.000617551 0.00142576 -0.00367873 0.00104225 -0.00208389
internal_weight=0 3112.33 2395.62 581.05 2284.93 716.714
internal_count=10364 8714 6599 1650 6246 2115
is_linear=0
shrinkage=0.0246946


Tree=194
num_leaves=5
num_cat=0
split_feature=25 27 28 31
split_gain=32.0538 9.7518 8.76433 8.04088
threshold=0.73273291141930041 0.3335775020183176 1.1507575757575761 -0.12499999999999983
decision_type=2 2 2 2
left_child=1 -1 -3 -2
right_child=3 2 -4 -5
leaf_value=-0.0064880056132070674 -0.0044484650923755651 -0.0022288926129124761 0.0011914840768034636 0.0053435328639237917
leaf_weight=219.34694364666939 55.628497615456581 1272.5970623791218 712.70631033182144 633.88305719196796
leaf_count=898 220 5008 2391 1847
internal_value=0 -0.00154692 -0.00100101 0.00455353
internal_weight=0 2204.65 1985.3 689.512
internal_count=10364 8297 7399 2067
is_linear=0
shrinkage=0.0246946


Tree=195
num_leaves=1
num_cat=0
split_feature=
split_gain=
threshold=
decision_type=
left_child=
right_child=
leaf_value=0
leaf_weight=
leaf_count=
internal_value=
internal_weight=
internal_count=
is_linear=0
shrinkage=1


Tree=196
num_leaves=5
num_cat=0
split_feature=24 7 34 7
split_gain=18.8874 15.2427 10.4725 6.42003
threshold=2.8338717018932846 0.3816526610644258 -0.55409356725146186 0.22653958944281527
decision_type=2 2 2 2
left_child=1 2 -1 -2
right_child=3 -3 -4 -5
leaf_value=0.0019079308008005055 0.011789032173385469 -0.0043228786276938774 -0.00108732395495016 0.0033574022268102804
leaf_weight=1231.0731792747974 93.249546349048615 545.01771883666515 1687.7613866329193 134.50447925925255
leaf_count=3392 289 1688 4600 392
internal_value=0 -0.000531889 0.000175981 0.00680957
internal_weight=0 3463.85 2918.83 227.754
internal_count=10361 9680 7992 681
is_linear=0
shrinkage=0.0246946


Tree=197
num_leaves=8
num_cat=0
split_feature=7 36 26 21 32 29 46
split_gain=19.01 11.4331 10.6376 9.89641 8.3627 7.98232 7.12747
threshold=0.28759398496240607 0.28571428571428581 0.25285451543766868 1.7026854303185148 -0.34999999999999992 0.071428571428571522 -0.38709677419354838
decision_type=2 2 2 2 2 2 2
left_child=2 3 -1 5 -4 -2 -6
right_child=1 -3 4 -5 6 -7 -8
leaf_value=0.008525149174457184 -0.0058060057314897147 0.013591817359921292 -0.0098722712505351397 0.007992743543427959 0.00089867744992297069 0.0016514107054148405 -0.0028343248484620502
leaf_weight=59.051459386944771 96.292364791035652 52.19887387752533 81.128284752368927 138.49367396533489 442.58918400108814 961.8766164034605 1056.3316578567028
leaf_count=203 414 149 488 422 1556 3015 4114
internal_value=0 0.00227872 -0.00176544 0.00178523 -0.00215004 0.000972793 -0.00173207
internal_weight=0 1248.86 1639.1 1196.66 1580.05 1058.17 1498.92
internal_count=10361 4000 6361 3851 6158 3429 5670
is_linear=0
shrinkage=0.0246946


Tree=198
num_leaves=1
num_cat=0
split_feature=
split_gain=
threshold=
decision_type=
left_child=
right_child=
leaf_value=0
leaf_weight=
leaf_count=
internal_value=
internal_weight=
internal_count=
is_linear=0
shrinkage=1


Tree=199
num_leaves=5
num_cat=0
split_feature=27 20 28 16
split_gain=16.061 9.75781 8.30337 6.99278
threshold=0.49485697472210682 1.7000000000000004 1.7795138888888891 0.90000000000000013
decision_type=2 2 2 2
left_child=3 2 -2 -1
right_child=1 -3 -4 -5
leaf_value=0.004988052584534503 0.0001997241365906969 -0.0038821638590794422 -0.0083993287589792364 0.0011175313350400341
leaf_weight=382.44855254888535 1503.4512717276812 604.72444222867489 71.746802881360054 1113.1768819093704
leaf_count=1081 4184 1802 207 3052
internal_value=0 -0.00121563 -0.000191944 0.00210727
internal_weight=0 2179.92 1575.2 1495.63
internal_count=10326 6193 4391 4133
is_linear=0
shrinkage=0.0246946


Tree=200
num_leaves=5
num_cat=0
split_feature=25 30 3 11
split_gain=36.9558 16.2077 10.3664 6.6158
threshold=0.66564154896156702 0.56330128205128216 0.88491386373502023 1.0278657162032492
decision_type=2 2 2 2
left_child=1 -1 -2 -4
right_child=2 -3 3 -5
leaf_value=-0.0040891651065789684 0.015165312337162196 0.00019417094835274664 0.0069139690495228648 0.0018307523098754694
leaf_weight=1001.9127695560455 53.596590504050255 1165.2740454226732 260.41828562319279 389.92281484603882
leaf_count=4243 151 3972 750 1210
internal_value=0 -0.00178606 0.00472653 0.00386624
internal_weight=0 2167.19 703.938 650.341
internal_count=10326 8215 2111 1960
is_linear=0
shrinkage=0.0246946


Tree=201
num_leaves=1
num_cat=0
split_feature=
split_gain=
threshold=
decision_type=
left_child=
right_child=
leaf_value=0
leaf_weight=
leaf_count=
internal_value=
internal_weight=
internal_count=
is_linear=0
shrinkage=1


Tree=202
num_leaves=4
num_cat=0
split_feature=10 2 8
split_gain=18.5712 18.8382 12.3598
threshold=1.4127789046653147 1.2784237726098193 0.84731934731934744
decision_type=2 2 2
left_child=-1 -2 -3
right_child=1 2 -4
leaf_value=-0.0022945073590581186 -0.0022771495172048367 0.0068650100442080092 0.0015365654342587005
leaf_weight=1562.3261153995991 639.87567347288132 348.03573551774025 1119.0298493802547
leaf_count=4482 1745 969 3109
internal_value=0 0.00125853 0.00280065
internal_weight=0 2106.94 1467.07
internal_count=10305 5823 4078
is_linear=0
shrinkage=0.0246946


Tree=203
num_leaves=4
num_cat=0
split_feature=8 2 2
split_gain=32.4202 10.497 9.8621
threshold=1.2022727272727274 1.865765765765766 1.5058139534883723
decision_type=2 2 2
left_child=1 -1 -2
right_child=2 -3 -4
leaf_value=-0.0015542561652804054 0.005310252927871021 -0.0073523754213801968 0.00023678973462951634
leaf_weight=1670.1102144867182 596.03656892478466 214.91461896896362 384.2939608246088
leaf_count=6092 1769 1123 1321
internal_value=0 -0.00221531 0.00332143
internal_weight=0 1885.02 980.331
internal_count=10305 7215 3090
is_linear=0
shrinkage=0.0246946


Tree=204
num_leaves=2
num_cat=0
split_feature=45
split_gain=7.77532
threshold=-1.0000000180025095e-35
decision_type=2
left_child=-1
right_child=-2
leaf_value=0.0010812141467563413 -0.002422008068959472
leaf_weight=2521.2721551656723 456.2734667211771
leaf_count=8546 1631
internal_value=0
internal_weight=0
internal_count=10177
is_linear=0
shrinkage=0.0246946


Tree=205
num_leaves=3
num_cat=0
split_feature=25 35
split_gain=24.8868 11.3823
threshold=-0.016590814634017268 -0.9177927927927928
decision_type=2 2
left_child=1 -1
right_child=-2 -3
leaf_value=0.0056546464173631763 -0.0026545932546977687 0.0006456601429372477
leaf_weight=330.86162531375885 1603.1528750807047 1688.4829197525978
leaf_count=993 4611 4573
internal_value=0 0.00146636
internal_weight=0 2019.34
internal_count=10177 5566
is_linear=0
shrinkage=0.0246946


Tree=206
num_leaves=6
num_cat=0
split_feature=25 24 8 32 24
split_gain=20.6572 13.036 10.7884 10.5018 7.19626
threshold=0.3209626524671762 0.027465920735125087 2.0822072072072078 0.81165540540540559 -0.64719081328385564
decision_type=2 2 2 2 2
left_child=1 -1 3 4 -2
right_child=2 -3 -4 -5 -6
leaf_value=0.00011097461707708988 0.0079088759611177992 -0.0040581216429082878 0.01361308075001463 0.0082470279098742043 0.00015901606006943112
leaf_weight=1112.5756923854351 82.243587553501129 776.6321819499135 53.831602454185486 147.26364755630493 654.86812533438206
leaf_count=3890 239 3378 148 417 2105
internal_value=0 -0.00160289 0.00287984 0.00222652 0.00102371
internal_weight=0 1889.21 938.207 884.375 737.112
internal_count=10177 7268 2909 2761 2344
is_linear=0
shrinkage=0.0246946


Tree=207
num_leaves=2
num_cat=0
split_feature=3
split_gain=6.94311
threshold=1.2196720505759699
decision_type=2
left_child=-1
right_child=-2
leaf_value=0.0011140562513861868 -0.0013371827466133399
leaf_weight=1883.3322751969099 1125.9624073207378
leaf_count=6286 4014
internal_value=0
internal_weight=0
internal_count=10300
is_linear=0
shrinkage=0.0246946


Tree=208
num_leaves=9
num_cat=0
split_feature=2 44 9 21 22 1 24 1
split_gain=22.5055 17.7006 10.714 8.35961 7.64613 8.00412 7.45623 6.46597
threshold=2.0116279069767447 -0.051956815114709794 1.3975683548809499 1.9746794344808969 1.7000000000000004 0.28989813242784385 3.2489102555916056 0.74679487179487192
decision_type=2 2 2 2 2 2 2 2
left_child=1 2 3 4 5 -1 -2 -8
right_child=6 -3 -4 -5 -6 -7 7 -9
leaf_value=-0.0063416159015504559 0.0029666104609015272 0.0038256501762358127 -0.0077721548243494349 -0.0090772863012565531 0.0017724948105335291 -0.0011913489035877624 0.0034566670407153968 0.014932541136363681
leaf_weight=203.49552553892136 276.69457024335861 408.75009432435036 165.25397817790508 81.589847221970558 477.92130583524704 1922.4380580931902 50.549421072006226 73.440675586462021
leaf_count=587 803 1110 527 234 1306 5346 149 238
internal_value=0 -0.000980206 -0.0016693 -0.00129375 -0.00104986 -0.00168434 0.00522165 0.010254
internal_weight=0 3259.45 2850.7 2685.44 2603.85 2125.93 400.685 123.99
internal_count=10300 9110 8000 7473 7239 5933 1190 387
is_linear=0
shrinkage=0.0246946


Tree=209
num_leaves=5
num_cat=0
split_feature=10 37 31 7
split_gain=16.5627 17.3043 8.59359 6.45906
threshold=1.4328828828828832 0.30151515151515146 -0.27027027027027023 0.17902930402930406
decision_type=2 2 2 2
left_child=1 3 -2 -1
right_child=2 -3 -4 -5
leaf_value=-0.004563143839133612 -0.010347757253359532 0.012888922141780017 -0.0012720381676413117 0.00187678212417856
leaf_weight=102.89251221716404 66.729671843349934 84.735809594392776 1366.7328614294529 1234.3338989168406
leaf_count=406 421 246 5136 4091
internal_value=0 0.00206701 -0.00169453 0.00138126
internal_weight=0 1421.96 1433.46 1337.23
internal_count=10300 4743 5557 4497
is_linear=0
shrinkage=0.0246946


Tree=210
num_leaves=2
num_cat=0
split_feature=41
split_gain=6.89887
threshold=0.83558558558558582
decision_type=2
left_child=-1
right_child=-2
leaf_value=0.00038906190908667801 -0.0027518472783560838
leaf_weight=2540.3286844342947 512.4851288497448
leaf_count=8596 1855
internal_value=0
internal_weight=0
internal_count=10451
is_linear=0
shrinkage=0.0246946


Tree=211
num_leaves=5
num_cat=0
split_feature=25 33 25 36
split_gain=26.7474 8.76507 8.75189 7.28039
threshold=0.054134148201289381 -1.2094298245614035 4.1218934364269533 0.063508064516129017
decision_type=2 2 2 2
left_child=1 -1 3 -2
right_child=2 -3 -4 -5
leaf_value=0.0054716527400435061 -0.0011835807724918264 0.0012892675178585845 -0.0093948413734343175 -0.0070390517161018126
leaf_weight=364.29799446463585 1207.4654555916786 1895.5065658092499 99.646061986684799 145.0441710203886
leaf_count=1092 3445 5146 333 435
internal_value=0 0.0019635 -0.00233189 -0.00181153
internal_weight=0 2259.8 1452.16 1352.51
internal_count=10451 6238 4213 3880
is_linear=0
shrinkage=0.0246946


Tree=212
num_leaves=5
num_cat=0
split_feature=25 4 4 4
split_gain=32.0336 13.2058 13.1468 8.43561
threshold=0.5424895864722572 1.1206060606060608 1.0548048048048051 1.7413381123058544
decision_type=2 2 2 2
left_child=2 -2 -1 -4
right_child=1 -3 3 -5
leaf_value=-0.0037878360401152529 0.00095087947324981961 0.0074508092904814853 -0.00040288287339001978 0.0094662797191653429
leaf_weight=1023.7346793860197 390.1208193898201 372.72407864034176 1056.1929383724928 55.595343396067619
leaf_count=4217 1233 1070 3753 178
internal_value=0 0.00412673 -0.00176864 9.06279e-05
internal_weight=0 762.845 2135.52 1111.79
internal_count=10451 2303 8148 3931
is_linear=0
shrinkage=0.0246946


Tree=213
num_leaves=2
num_cat=0
split_feature=5
split_gain=8.72043
threshold=1.4832396974191331
decision_type=2
left_child=-1
right_child=-2
leaf_value=-0.00019625349450984854 0.0079568390512125102
leaf_weight=2944.6051321178675 82.235464408993721
leaf_count=10084 277
internal_value=0
internal_weight=0
internal_count=10361
is_linear=0
shrinkage=0.0246946


Tree=214
num_leaves=7
num_cat=0
split_feature=36 45 20 4 4 3
split_gain=25.3447 12.2603 8.53918 9.00231 8.44514 6.7743
threshold=-0.47058823529411759 -0.94868421052631569 2.5000000000000004 1.417635658914729 1.0392307692307694 1.3134782926357114
decision_type=2 2 2 2 2 2
left_child=1 4 3 -2 -1 -3
right_child=2 5 -4 -5 -6 -7
leaf_value=0.0014798832273874582 -0.00056617570145310494 0.0023007575096988899 -0.0094968805596289778 -0.0048488933915339198 -0.0073593180878372697 0.0062287339396720253
leaf_weight=166.61501333117485 1823.0797224193811 707.52841332554817 79.738670885562897 358.10044793784618 109.06083506345749 430.76585966348648
leaf_count=470 5063 1949 268 1018 324 1269
internal_value=0 0.0026556 -0.00155947 -0.0012693 -0.00201702 0.00378723
internal_weight=0 1413.97 2260.92 2181.18 275.676 1138.29
internal_count=10361 4012 6349 6081 794 3218
is_linear=0
shrinkage=0.0246946


Tree=215
num_leaves=4
num_cat=0
split_feature=28 10 27
split_gain=17.7624 15.4902 7.48673
threshold=0.36055555555555557 1.4058277027027029 0.57674424307953565
decision_type=2 2 2
left_child=-1 2 -2
right_child=1 -3 -4
leaf_value=-0.0055379233870308381 0.0001281241744078377 -0.0012190260625825826 0.0041654396363310859
leaf_weight=325.54093383252621 449.98509638011456 1354.1415930092335 741.90577659010887
leaf_count=1580 1565 4997 2219
internal_value=0 0.000588085 0.0026412
internal_weight=0 2546.03 1191.89
internal_count=10361 8781 3784
is_linear=0
shrinkage=0.0246946


Tree=216
num_leaves=3
num_cat=0
split_feature=32 47
split_gain=8.11134 6.94405
threshold=-0.36842105263157882 -1.2967967967967966
decision_type=2 2
left_child=-1 -2
right_child=1 -3
leaf_value=-0.0039034313776135396 -0.0043920678815531902 0.0017363165819899754
leaf_weight=182.06229129433632 117.7362664937973 2663.4192567914724
leaf_count=776 420 8954
internal_value=0 0.00147688
internal_weight=0 2781.16
internal_count=10150 9374
is_linear=0
shrinkage=0.0246946


Tree=217
num_leaves=6
num_cat=0
split_feature=10 37 14 10 4
split_gain=23.9671 16.0885 11.2437 8.10936 6.95713
threshold=1.3950428396572829 -0.4366987179487179 2.3000000000000003 1.0519568151147101 1.7285012285012289
decision_type=2 2 2 2 2
left_child=3 2 -2 -1 -3
right_child=1 4 -4 -5 -6
leaf_value=-0.006481649112775806 0.0026031385187488178 -0.00031181844546559058 0.011355227101879577 -0.0021734054431419335 -0.0090771788911439451
leaf_weight=349.70715844631195 643.00373309850693 1322.1300362050533 103.98993399739265 1118.8961144685745 57.626540571451187
leaf_count=1077 1820 3599 327 3168 159
internal_value=0 0.00090246 0.00382153 -0.00319929 -0.00067791
internal_weight=0 2126.75 746.994 1468.6 1379.76
internal_count=10150 5905 2147 4245 3758
is_linear=0
shrinkage=0.0246946


Tree=218
num_leaves=5
num_cat=0
split_feature=24 43 40 24
split_gain=20.8643 11.4022 9.12907 7.07847
threshold=-0.0044130666125519347 -1.711981566820276 0.60000000000000031 -0.82856661041251567
decision_type=2 2 2 2
left_child=1 -1 -2 -3
right_child=2 3 -4 -5
leaf_value=0.0094113867776306499 -0.0010077161724285344 0.005374530224184413 -0.0054773212298177745 0.00039045340963683619
leaf_weight=106.13897114992142 724.81359803676605 199.87696899473667 452.73574951291084 1330.3713674545288
leaf_count=293 2651 639 2124 4443
internal_value=0 0.00158435 -0.00272616 0.00104146
internal_weight=0 1636.39 1177.55 1530.25
internal_count=10150 5375 4775 5082
is_linear=0
shrinkage=0.0246946


Tree=219
num_leaves=1
num_cat=0
split_feature=
split_gain=
threshold=
decision_type=
left_child=
right_child=
leaf_value=0
leaf_weight=
leaf_count=
internal_value=
internal_weight=
internal_count=
is_linear=0
shrinkage=1


Tree=220
num_leaves=6
num_cat=0
split_feature=34 8 42 43 1
split_gain=20.3419 13.8515 8.80328 8.25993 7.84814
threshold=-0.52277432712215299 1.7639318885448918 -0.54545454545454519 -0.59175084175084158 0.81698564593301448
decision_type=2 2 2 2 2
left_child=2 3 -1 -2 -4
right_child=1 -3 4 -5 -6
leaf_value=-0.0057264025765702241 -0.0029291640169885344 -0.01331601557915205 0.0020808524831416935 0.00042195622767073326 0.011646918522820593
leaf_weight=85.769979417324066 913.94262945652008 60.313937351107597 1684.3984446525574 880.82316184043884 53.976157784461975
leaf_count=264 2624 223 4718 2372 180
internal_value=0 -0.0016757 0.00199682 -0.00128452 0.00237788
internal_weight=0 1855.08 1824.14 1794.77 1738.37
internal_count=10381 5219 5162 4996 4898
is_linear=0
shrinkage=0.0246946


Tree=221
num_leaves=5
num_cat=0
split_feature=25 33 33 37
split_gain=29.3369 11.8928 11.8571 7.53295
threshold=0.5424895864722572 -1.039230769230769 -0.79743589743589727 0.19047619047619049
decision_type=2 2 2 2
left_child=2 -2 -1 -3
right_child=1 3 -4 -5
leaf_value=-0.0050037530713324891 -0.0023805188073149895 0.0039117971180633359 -0.0010948290055630911 0.012496793338057305
leaf_weight=714.84182351082563 175.00110705196857 507.03999052941799 1400.0739639997482 71.064490407705307
leaf_count=3258 608 1474 4844 197
internal_value=0 0.00325973 -0.00241605 0.00496712
internal_weight=0 753.106 2114.92 578.104
internal_count=10381 2279 8102 1671
is_linear=0
shrinkage=0.0246946


Tree=222
num_leaves=2
num_cat=0
split_feature=43
split_gain=6.8736
threshold=-1.4264069264069261
decision_type=2
left_child=-1
right_child=-2
leaf_value=0.0041944523475854175 0.00028712521102019757
leaf_weight=305.46105490624905 2713.4955689460039
leaf_count=1056 9271
internal_value=0
internal_weight=0
internal_count=10327
is_linear=0
shrinkage=0.0246946


Tree=223
num_leaves=6
num_cat=0
split_feature=26 22 7 20 7
split_gain=19.705 14.5232 7.97368 6.82842 6.80503
threshold=0.61930095507382976 1.5000000000000002 0.45584415584415588 1.5000000000000002 0.33712121212121215
decision_type=2 2 2 2 2
left_child=1 2 -1 -2 -3
right_child=3 4 -4 -5 -6
leaf_value=-0.0022658678268766431 0.0037380891889163799 0.0019986629191182676 -0.0074910043803505001 -0.00042729570744440526 -0.0042725027798050748
leaf_weight=1521.8796721845865 736.81582601368427 719.06423225998878 201.70662313699722 355.94152417778969 123.66865992546082
leaf_count=4218 2094 1952 690 1013 360
internal_value=0 -0.00157836 -0.00287735 0.00238131 0.00107839
internal_weight=0 2566.32 1723.59 1092.76 842.733
internal_count=10327 7220 4908 3107 2312
is_linear=0
shrinkage=0.0246946


Tree=224
num_leaves=5
num_cat=0
split_feature=26 7 48 7
split_gain=16.8459 11.6743 8.59491 7.90644
threshold=0.68610340982591944 0.54692082111436957 27.750000000000004 0.29478609625668456
decision_type=2 2 2 2
left_child=1 2 -1 -2
right_child=3 -3 -4 -5
leaf_value=-0.00092732521906490619 -0.0075665863196473981 0.0073824600068471795 0.0022772936804064054 -0.00064735962785729742
leaf_weight=1527.8447540402412 250.7742480263114 144.39435917139053 766.39279668033123 168.29565497487783
leaf_count=5366 1270 398 2638 655
internal_value=0 0.000571828 0.000143182 -0.00478787
internal_weight=0 2438.63 2294.24 419.07
internal_count=10327 8402 8004 1925
is_linear=0
shrinkage=0.0246946


Tree=225
num_leaves=2
num_cat=0
split_feature=48
split_gain=8.07578
threshold=25.750000000000004
decision_type=2
left_child=-1
right_child=-2
leaf_value=0.00075323241648343872 -0.0018378816335742391
leaf_weight=1760.5079167187214 1257.44875395298
leaf_count=6026 4283
internal_value=0
internal_weight=0
internal_count=10309
is_linear=0
shrinkage=0.0246946


Tree=226
num_leaves=4
num_cat=0
split_feature=2 44 24
split_gain=19.6269 12.0096 6.85814
threshold=1.3580586080586083 -0.55409356725146186 -0.10526451641895658
decision_type=2 2 2
left_child=-1 2 -2
right_child=1 -3 -4
leaf_value=-0.0019851982750533205 -0.0033916696429648228 0.0034734654024102547 0.0010647483466536705
leaf_weight=1566.5037420541048 301.47278018295765 1084.1612882763147 698.56255845725536
leaf_count=4413 892 3033 1971
internal_value=0 0.00167311 -0.000278693
internal_weight=0 2084.2 1000.04
internal_count=10309 5896 2863
is_linear=0
shrinkage=0.0246946


Tree=227
num_leaves=5
num_cat=0
split_feature=25 4 1 1
split_gain=26.9243 11.8339 9.54415 7.00692
threshold=0.059424062794061421 1.3036890645586301 0.47722567287784684 0.38548951048951058
decision_type=2 2 2 2
left_child=2 3 -1 -2
right_child=1 -3 -4 -5
leaf_value=-0.00053568657397730683 0.005204566483595058 0.007280636539472733 -0.0045715919040991001 0.0004395910837181557
leaf_weight=987.94253677129745 247.59472933411598 283.29536652565002 559.78571605682373 784.46181817352772
leaf_count=3495 745 828 2595 2646
internal_value=0 0.00280992 -0.0019954 0.00158273
internal_weight=0 1315.35 1547.73 1032.06
internal_count=10309 4219 6090 3391
is_linear=0
shrinkage=0.0246946


Tree=228
num_leaves=1
num_cat=0
split_feature=
split_gain=
threshold=
decision_type=
left_child=
right_child=
leaf_value=0
leaf_weight=
leaf_count=
internal_value=
internal_weight=
internal_count=
is_linear=0
shrinkage=1


Tree=229
num_leaves=5
num_cat=0
split_feature=25 2 2 4
split_gain=35.0747 11.8385 11.8361 10.0346
threshold=0.029623668003064135 1.8382737576285966 1.3662601626016262 1.2316636851520575
decision_type=2 2 2 2
left_child=1 -1 -2 -4
right_child=2 -3 3 -5
leaf_value=0.0007345943456548024 -0.0058644917866398655 0.0055322711068851354 -7.0844721436532233e-05 -0.0065308987254825337
leaf_weight=1771.8445615470409 642.28977942466736 381.10822661221027 687.42084242403507 186.39117875695229
leaf_count=4806 1907 1146 1947 560
internal_value=0 0.00158386 -0.0033195 -0.00144883
internal_weight=0 2152.95 1516.1 873.812
internal_count=10366 5952 4414 2507
is_linear=0
shrinkage=0.0246946


Tree=230
num_leaves=5
num_cat=0
split_feature=44 2 33 10
split_gain=17.2097 13.6274 6.9378 6.65946
threshold=-0.71937499999999976 1.7013513513513516 -1.6619047619047616 1.4478221415607988
decision_type=2 2 2 2
left_child=1 -1 -2 -3
right_child=2 3 -4 -5
leaf_value=0.0038907555757430171 -0.011758251186737121 1.4011003784470401e-05 -0.0012353064225153825 -0.0085716898063344978
leaf_weight=891.96207244694233 39.103665746748447 192.29275348782539 1667.5423690229654 77.214458748698235
leaf_count=2705 262 665 6407 327
internal_value=0 0.00242042 -0.00147641 -0.00244581
internal_weight=0 1161.47 1706.65 269.507
internal_count=10366 3697 6669 992
is_linear=0
shrinkage=0.0246946


Tree=231
num_leaves=1
num_cat=0
split_feature=
split_gain=
threshold=
decision_type=
left_child=
right_child=
leaf_value=0
leaf_weight=
leaf_count=
internal_value=
internal_weight=
internal_count=
is_linear=0
shrinkage=1


Tree=232
num_leaves=4
num_cat=0
split_feature=2 25 2
split_gain=17.3076 9.55159 10.7397
threshold=2.1215816703621586 2.9876623255489312 1.3735465116279071
decision_type=2 2 2
left_child=1 2 -1
right_child=-2 -3 -4
leaf_value=-0.0021263799642866777 0.0053501354796441107 -0.0067669123643177556 0.00073012655504648566
leaf_weight=1533.4226293861866 290.99957959353924 162.53517289459705 1684.2532230913639
leaf_count=4269 885 546 4676
internal_value=0 -0.000926209 -0.000631176
internal_weight=0 3380.21 3217.68
internal_count=10376 9491 8945
is_linear=0
shrinkage=0.0246946


Tree=233
num_leaves=5
num_cat=0
split_feature=1 7 9 41
split_gain=14.2164 8.90188 7.87388 7.99721
threshold=0.49418604651162795 0.54110360360360377 0.82280654532101571 0.81934731934731952
decision_type=2 2 2 2
left_child=1 -1 -2 -4
right_child=2 -3 3 -5
leaf_value=0.00079853832539991687 -0.0085926350358042185 0.0078720451489494303 -0.00069867350336053275 -0.0076510820227247206
leaf_weight=1778.7312792986631 112.25641483068466 115.54433092474937 745.44568613171577 116.68923394382
leaf_count=5981 535 315 2951 594
internal_value=0 0.00123 -0.0024407 -0.00163968
internal_weight=0 1894.28 974.391 862.135
internal_count=10376 6296 4080 3545
is_linear=0
shrinkage=0.0246946


Tree=234
num_leaves=1
num_cat=0
split_feature=
split_gain=
threshold=
decision_type=
left_child=
right_child=
leaf_value=0
leaf_weight=
leaf_count=
internal_value=
internal_weight=
internal_count=
is_linear=0
shrinkage=1


Tree=235
num_leaves=4
num_cat=0
split_feature=2 46 24
split_gain=12.5428 9.41786 6.81201
threshold=2.0548048048048053 0.039999999999999959 -0.80551191706277059
decision_type=2 2 2
left_child=1 2 -1
right_child=-2 -3 -4
leaf_value=-0.0047421711723327122 0.0048298985709126678 0.0033155810350559466 -0.00026905142786357706
leaf_weight=225.04629451036453 345.58411708474159 426.15361967682838 2680.3601332604885
leaf_count=659 1044 1163 7524
internal_value=0 -0.000112685 -0.000615529
internal_weight=0 3331.56 2905.41
internal_count=10390 9346 8183
is_linear=0
shrinkage=0.0246946


Tree=236
num_leaves=5
num_cat=0
split_feature=4 27 35 28
split_gain=14.2359 13.7267 7.90064 6.91779
threshold=1.152680652680653 0.3030736449237566 -0.76794871794871777 0.10000000000000016
decision_type=2 2 2 2
left_child=1 -1 -2 -3
right_child=2 3 -4 -5
leaf_value=-0.011217394847382165 -0.0048370070906097809 -0.0069357701697663407 0.0023794220803756852 -0.00083909739930564282
leaf_weight=89.731583572924137 101.52282282710075 122.71623975038528 1042.9369934946299 1510.7920729070902
leaf_count=401 393 653 3377 5566
internal_value=0 -0.00181367 0.00173927 -0.00129711
internal_weight=0 1723.24 1144.46 1633.51
internal_count=10390 6620 3770 6219
is_linear=0
shrinkage=0.0246946


Tree=237
num_leaves=2
num_cat=0
split_feature=46
split_gain=6.59263
threshold=-1.2834821428571426
decision_type=2
left_child=-1
right_child=-2
leaf_value=-0.0041446338962363048 0.00086509117270047731
leaf_weight=169.70634327828884 2856.6292521506548
leaf_count=597 9746
internal_value=0
internal_weight=0
internal_count=10343
is_linear=0
shrinkage=0.0246946


Tree=238
num_leaves=5
num_cat=0
split_feature=2 39 35 40
split_gain=14.2557 9.32438 8.72595 7.44562
threshold=2.079473684210527 0.064516129032258104 0.076923076923076858 1.5060975609756102
decision_type=2 2 2 2
left_child=1 -1 3 -3
right_child=-2 2 -4 -5
leaf_value=-0.0043407047033960228 0.0048593639413624171 0.0004242990974269221 -0.0046934945144848179 -0.008407556706767837
leaf_weight=365.64928029477596 317.12424224615097 2679.086496964097 238.39381435513496 59.503265827894211
leaf_count=1164 965 7376 674 164
internal_value=0 -0.000619158 -0.000162058 0.000232403
internal_weight=0 3342.63 2976.98 2738.59
internal_count=10343 9378 8214 7540
is_linear=0
shrinkage=0.0246946


Tree=239
num_leaves=5
num_cat=0
split_feature=39 36 28 3
split_gain=17.2795 15.1057 8.32223 7.40328
threshold=0.064516129032258104 -0.80707196029776662 1.9016129032258065 1.3345407696984173
decision_type=2 2 2 2
left_child=-1 -2 3 -3
right_child=1 2 -4 -5
leaf_value=0.0041063663304325383 -0.006214030264037251 -0.00021531804856068649 0.006211139989447334 -0.0044600585022104575
leaf_weight=433.44025409221649 323.54542387276888 1694.7079251855612 107.50519007444382 294.04311089217663
leaf_count=1265 1669 5957 330 1122
internal_value=0 -0.00124768 -0.000481153 -0.000842916
internal_weight=0 2419.8 2096.26 1988.75
internal_count=10343 9078 7409 7079
is_linear=0
shrinkage=0.0246946


Tree=240
num_leaves=2
num_cat=0
split_feature=2
split_gain=9.74591
threshold=2.2113237639553431
decision_type=2
left_child=-1
right_child=-2
leaf_value=0.00088759109731808043 -0.0054624622225654292
leaf_weight=2850.6155125796795 155.42758922278881
leaf_count=9609 677
internal_value=0
internal_weight=0
internal_count=10286
is_linear=0
shrinkage=0.0246946


Tree=241
num_leaves=6
num_cat=0
split_feature=1 21 22 14 38
split_gain=13.8703 8.68127 8.44978 7.65285 7.4575
threshold=0.6066017316017317 1.8971835497770535 1.3 1.7000000000000004 0.29999999999999999
decision_type=2 2 2 2 2
left_child=1 4 -2 -4 -1
right_child=2 -3 3 -5 -6
leaf_value=-0.0038860833106792499 0.00071800569011968088 -0.0069318277948029723 0.0025154848984317662 0.010894274406829867 -4.2093413797209902e-05
leaf_weight=350.19068801403046 339.12808433175087 134.23545855283737 136.472531914711 129.60824732482433 2541.0019658207893
leaf_count=1097 981 406 394 410 6998
internal_value=0 -0.000792723 0.00330263 0.0065968 -0.00050769
internal_weight=0 3025.43 605.209 266.081 2891.19
internal_count=10286 8501 1785 804 8095
is_linear=0
shrinkage=0.0246946


Tree=242
num_leaves=4
num_cat=0
split_feature=25 3 3
split_gain=18.9291 8.53794 6.96018
threshold=0.5424895864722572 1.3501028610615229 0.88491386373502023
decision_type=2 2 2
left_child=1 -1 -2
right_child=2 -3 -4
leaf_value=-0.00095539456935399996 0.011640323048836346 -0.0051829503260358446 0.002255883834732107
leaf_weight=1728.8919260427356 51.748216092586517 350.36267127841711 702.03308747708797
leaf_count=6389 146 1621 2130
internal_value=0 -0.00166775 0.00290014
internal_weight=0 2079.25 753.781
internal_count=10286 8010 2276
is_linear=0
shrinkage=0.0246946


Tree=243
num_leaves=2
num_cat=0
split_feature=48
split_gain=8.32197
threshold=6.2500000000000009
decision_type=2
left_child=-1
right_child=-2
leaf_value=0.0090244404039194186 -0.0003632643181807918
leaf_weight=58.699145495891571 3034.4235150068998
leaf_count=202 10378
internal_value=0
internal_weight=0
internal_count=10580
is_linear=0
shrinkage=0.0246946


Tree=244
num_leaves=5
num_cat=0
split_feature=2 14 8 47
split_gain=20.59 10.2354 10.0528 9.62296
threshold=1.5131670131670134 2.7000000000000006 1.1357493857493861 -0.84495192307692291
decision_type=2 2 2 2
left_child=2 3 -1 -2
right_child=1 -3 -4 -5
leaf_value=-0.00058922594542169923 -0.0033244591110878421 0.010474859993902991 -0.0041187259128999685 0.0023575027343916673
leaf_weight=1500.7062647044659 213.97562116384506 82.002496495842934 732.22597950696945 1207.568860784173
leaf_count=4079 635 256 2205 3405
internal_value=0 0.0019916 -0.00174662 0.00150223
internal_weight=0 1503.55 2232.93 1421.54
internal_count=10580 4296 6284 4040
is_linear=0
shrinkage=0.0246946


Tree=245
num_leaves=7
num_cat=0
split_feature=1 10 47 7 30 47
split_gain=17.3429 16.7497 7.5525 7.41721 6.70716 6.62429
threshold=0.38956639566395673 1.3036890645586301 -0.84495192307692291 0.15504807692307696 1.507575757575758 -0.030776515151515197
decision_type=2 2 2 2 2 2
left_child=4 2 -2 -3 -1 -4
right_child=1 3 5 -5 -6 -7
leaf_value=0.002642369815267981 0.0053870287656602109 -0.0064394197708864875 -0.0010153091391739968 -0.0016368216532797598 0.011189818163642364 0.0087296832995672393
leaf_weight=934.76594187319279 274.96007499098778 245.00816690921783 367.72958137094975 982.53198940306902 59.551314532756805 48.102723762392998
leaf_count=3014 805 1097 1321 3967 178 198
internal_value=0 -0.000864376 0.00221163 -0.00259539 0.00315429 0.000111974
internal_weight=0 1918.33 690.792 1227.54 994.317 415.832
internal_count=10580 7388 2324 5064 3192 1519
is_linear=0
shrinkage=0.0246946


Tree=246
num_leaves=1
num_cat=0
split_feature=
split_gain=
threshold=
decision_type=
left_child=
right_child=
leaf_value=0
leaf_weight=
leaf_count=
internal_value=
internal_weight=
internal_count=
is_linear=0
shrinkage=1


Tree=247
num_leaves=4
num_cat=0
split_feature=27 11 2
split_gain=13.1627 11.2723 8.56705
threshold=0.41409859494040457 1.1828400408027824 1.3662601626016262
decision_type=2 2 2
left_child=2 -2 -1
right_child=1 -3 -4
leaf_value=-0.00054335333570461233 -0.0024948155632644551 0.00063296407226708443 0.0047348398791512425
leaf_weight=316.03464810550213 1511.1083689182997 1313.3685274422169 461.1799388229847
leaf_count=858 4366 3674 1311
internal_value=0 -0.00104041 0.0025886
internal_weight=0 2824.48 777.215
internal_count=10209 8040 2169
is_linear=0
shrinkage=0.0246946


Tree=248
num_leaves=5
num_cat=0
split_feature=27 36 21 36
split_gain=12.3441 12.2027 8.68702 6.44817
threshold=0.471528174975477 0.30151515151515146 2.0615171442623468 -0.49390243902439013
decision_type=2 2 2 2
left_child=3 2 -2 -1
right_child=1 -3 -4 -5
leaf_value=-0.0049291024396242739 0.00076995536122210844 0.010803350912936336 0.009391595311748718 -0.00047226574604444105
leaf_weight=301.04675779491663 1776.712472833693 82.841349869966507 74.246256560087204 578.14347726106644
leaf_count=1479 6189 244 232 2065
internal_value=0 0.00153079 0.00111579 -0.00199835
internal_weight=0 1933.8 1850.96 879.19
internal_count=10209 6665 6421 3544
is_linear=0
shrinkage=0.0246946


Tree=249
num_leaves=1
num_cat=0
split_feature=
split_gain=
threshold=
decision_type=
left_child=
right_child=
leaf_value=0
leaf_weight=
leaf_count=
internal_value=
internal_weight=
internal_count=
is_linear=0
shrinkage=1


Tree=250
num_leaves=4
num_cat=0
split_feature=33 27 24
split_gain=15.5807 11.0253 9.96054
threshold=-0.375 0.70591877680347692 0.7169514496711854
decision_type=2 2 2
left_child=1 2 -1
right_child=-2 -3 -4
leaf_value=0.00032512115712011677 -0.0030458041827864072 -0.0032150792154203344 0.0039818824737808305
leaf_weight=1698.7407016605139 929.13667210936546 383.91479681432247 620.05168710649014
leaf_count=4662 2650 1162 1830
internal_value=0 0.000661172 0.00130295
internal_weight=0 2702.71 2318.79
internal_count=10304 7654 6492
is_linear=0
shrinkage=0.0246946


Tree=251
num_leaves=5
num_cat=0
split_feature=8 4 34 10
split_gain=18.8369 10.4214 8.25605 6.88521
threshold=1.0705980066445184 1.3086080586080588 -0.20550527903469071 1.2374686716791983
decision_type=2 2 2 2
left_child=2 3 -1 -2
right_child=1 -3 -4 -5
leaf_value=-0.0031169067287211559 0.0032904528839693592 0.0058430719212890694 0.0010555994602333685 -0.00073296437265087653
leaf_weight=1010.609876871109 437.56717897951603 344.17610241472721 405.11355043947697 636.92759292572737
leaf_count=4223 1318 1040 1363 2360
internal_value=0 0.00210337 -0.00192293 0.000905494
internal_weight=0 1418.67 1415.72 1074.49
internal_count=10304 4718 5586 3678
is_linear=0
shrinkage=0.0246946


Tree=252
num_leaves=1
num_cat=0
split_feature=
split_gain=
threshold=
decision_type=
left_child=
right_child=
leaf_value=0
leaf_weight=
leaf_count=
internal_value=
internal_weight=
internal_count=
is_linear=0
shrinkage=1


Tree=253
num_leaves=5
num_cat=0
split_feature=41 1 1 20
split_gain=15.1779 10.4266 8.25479 7.68383
threshold=0.80243902439024406 0.50581395348837221 0.56465997770345611 1.9000000000000001
decision_type=2 2 2 2
left_child=1 3 -2 -1
right_child=2 -3 -4 -5
leaf_value=-0.0011790530169103618 0.0016804267928111878 0.0012162596967371972 0.007765214222846659 -0.0053747036341347072
leaf_weight=1575.2053383588791 564.35148936510086 1012.104095235467 179.11433283984661 320.31203578412533
leaf_count=4404 1528 2875 553 1010
internal_value=0 -0.000807482 0.00314636 -0.00188805
internal_weight=0 2907.62 743.466 1895.52
internal_count=10370 8289 2081 5414
is_linear=0
shrinkage=0.0246946


Tree=254
num_leaves=7
num_cat=0
split_feature=41 2 30 41 46 4
split_gain=15.7203 12.081 9.29899 7.58874 9.26734 9.53254
threshold=0.69337606837606869 1.9725975975975978 1.4749373433583963 -0.052631578947368189 -0.026671408250355546 1.3766891891891893
decision_type=2 2 2 2 2 2
left_child=1 3 -2 -1 5 -5
right_child=2 -3 -4 4 -6 -7
leaf_value=0.004579915207021364 -0.0039503602693186802 -0.0047176808065625435 0.0076813443308795379 -0.00049765383022291713 0.0083195997005748937 0.0048418308271880655
leaf_weight=438.89663940668106 629.89634608477354 195.63861021399498 44.901127085089684 1203.1386180669069 96.26965244114399 245.50448220968246
leaf_count=1250 2682 905 144 4248 374 767
internal_value=0 0.00113699 -0.00317638 0.00171437 0.00090029 0.000407239
internal_weight=0 2179.45 674.797 1983.81 1544.91 1448.64
internal_count=10370 7544 2826 6639 5389 5015
is_linear=0
shrinkage=0.0246946


Tree=255
num_leaves=1
num_cat=0
split_feature=
split_gain=
threshold=
decision_type=
left_child=
right_child=
leaf_value=0
leaf_weight=
leaf_count=
internal_value=
internal_weight=
internal_count=
is_linear=0
shrinkage=1


Tree=256
num_leaves=2
num_cat=0
split_feature=26
split_gain=9.54634
threshold=0.6569347091565011
decision_type=2
left_child=-1
right_child=-2
leaf_value=-0.00098908840614400076 0.0019950228828042537
leaf_weight=2810.2129945009947 851.9371258020401
leaf_count=7935 2455
internal_value=0
internal_weight=0
internal_count=10390
is_linear=0
shrinkage=0.0246946


Tree=257
num_leaves=4
num_cat=0
split_feature=27 1 20
split_gain=13.4243 8.13375 6.95492
threshold=0.64312356582852448 0.46770833333333339 2.5000000000000004
decision_type=2 2 2
left_child=1 -1 -2
right_child=2 -3 -4
leaf_value=8.4984262710883211e-05 0.001647030577591213 -0.0031078971738728173 0.008311211542046058
leaf_weight=1212.5159403532743 725.03500669449568 812.64583409577608 109.98697258532047
leaf_count=4180 2286 3615 309
internal_value=0 -0.00119624 0.00252482
internal_weight=0 2025.16 835.022
internal_count=10390 7795 2595
is_linear=0
shrinkage=0.0246946


Tree=258
num_leaves=2
num_cat=0
split_feature=31
split_gain=7.37501
threshold=1.1775210084033618
decision_type=2
left_child=-1
right_child=-2
leaf_value=0.00015443276800719948 0.0056239960730962947
leaf_weight=2855.8245420306921 158.68902257084846
leaf_count=9780 534
internal_value=0
internal_weight=0
internal_count=10314
is_linear=0
shrinkage=0.0246946


Tree=259
num_leaves=4
num_cat=0
split_feature=25 30 3
split_gain=24.7672 10.148 7.64311
threshold=0.22967535292984825 0.39736842105263165 1.3166858869927036
decision_type=2 2 2
left_child=1 2 -1
right_child=-2 -3 -4
leaf_value=0.0017233266941123425 -0.0030865174709929291 0.00016311454825368587 0.0064292884224787395
leaf_weight=582.90356957912445 1108.8581953942776 1611.6139000356197 329.39504039287567
leaf_count=1615 3310 4385 1004
internal_value=0 0.00134125 0.00342246
internal_weight=0 2523.91 912.299
internal_count=10314 7004 2619
is_linear=0
shrinkage=0.0246946


Tree=260
num_leaves=3
num_cat=0
split_feature=25 48
split_gain=28.9946 8.71104
threshold=0.5424895864722572 29.750000000000004
decision_type=2 2
left_child=1 -1
right_child=-2 -3
leaf_value=-0.0029795710691227994 0.0037010877560252208 0.00053116372243935288
leaf_weight=1477.3640754297376 751.80757807195187 608.53095873445272
leaf_count=5714 2264 2336
internal_value=0 -0.00195536
internal_weight=0 2085.9
internal_count=10314 8050
is_linear=0
shrinkage=0.0246946


Tree=261
num_leaves=1
num_cat=0
split_feature=
split_gain=
threshold=
decision_type=
left_child=
right_child=
leaf_value=0
leaf_weight=
leaf_count=
internal_value=
internal_weight=
internal_count=
is_linear=0
shrinkage=1


Tree=262
num_leaves=6
num_cat=0
split_feature=2 10 31 31 2
split_gain=15.0596 8.26278 10.116 10.5685 7.3257
threshold=1.1012820512820516 1.1589473684210529 0.32466216216216215 0.60922587486744439 1.4305019305019309
decision_type=2 2 2 2 2
left_child=-1 -2 4 -4 -3
right_child=1 2 3 -5 -6
leaf_value=-0.004018573059045594 -0.0021199002216466642 -0.00041493980857866715 -0.0024499133328784667 0.0017490004032412977 0.0041090711398906483
leaf_weight=486.36652147769928 544.85134801268578 292.77493670582771 661.57397079467773 816.94443438947201 857.80151832103729
leaf_count=1390 1645 796 1814 2273 2486
internal_value=0 0.000647865 0.00122145 -0.000129835 0.00295789
internal_weight=0 3173.95 2629.09 1478.52 1150.58
internal_count=10404 9014 7369 4087 3282
is_linear=0
shrinkage=0.0246946


Tree=263
num_leaves=4
num_cat=0
split_feature=25 3 37
split_gain=21.083 11.5008 9.55893
threshold=0.048195795434825127 1.3034706062086638 0.090909090909090953
decision_type=2 2 2
left_child=-1 2 -2
right_child=1 -3 -4
leaf_value=-0.0025179266502760897 0.0018702021708368679 -0.0024292538501266303 0.0080728551969359314
leaf_weight=1532.2275933027267 840.22375452518463 311.53803260624409 184.84926295280457
leaf_count=6115 2664 1091 534
internal_value=0 0.00172589 0.00298871
internal_weight=0 1336.61 1025.07
internal_count=10404 4289 3198
is_linear=0
shrinkage=0.0246946


Tree=264
num_leaves=1
num_cat=0
split_feature=
split_gain=
threshold=
decision_type=
left_child=
right_child=
leaf_value=0
leaf_weight=
leaf_count=
internal_value=
internal_weight=
internal_count=
is_linear=0
shrinkage=1


Tree=265
num_leaves=3
num_cat=0
split_feature=24 11
split_gain=15.1147 7.95292
threshold=0.31992813429255768 1.3787622017135379
decision_type=2 2
left_child=-1 -2
right_child=1 -3
leaf_value=-0.0011583168223460551 0.0012525162964048325 0.0064730131696882267
leaf_weight=2505.6380980312824 866.27903918921947 223.95992134511471
leaf_count=7065 2487 659
internal_value=0 0.00232493
internal_weight=0 1090.24
internal_count=10211 3146
is_linear=0
shrinkage=0.0246946


Tree=266
num_leaves=4
num_cat=0
split_feature=2 2 27
split_gain=16.6653 10.1125 11.8275
threshold=1.5903263403263403 0.80277777777777792 0.75540334977734458
decision_type=2 2 2
left_child=1 -1 -3
right_child=-2 2 -4
leaf_value=0.01038792115627781 -0.0033063182666434846 -0.00011691775994614374 0.0057418567160698684
leaf_weight=66.601592481136322 789.58432903885841 1711.1648828685284 239.54235553741455
leaf_count=207 3401 5919 684
internal_value=0 0.000925592 0.000602526
internal_weight=0 2017.31 1950.71
internal_count=10211 6810 6603
is_linear=0
shrinkage=0.0246946


Tree=267
num_leaves=1
num_cat=0
split_feature=
split_gain=
threshold=
decision_type=
left_child=
right_child=
leaf_value=0
leaf_weight=
leaf_count=
internal_value=
internal_weight=
internal_count=
is_linear=0
shrinkage=1


Tree=268
num_leaves=5
num_cat=0
split_feature=2 20 30 22
split_gain=20.2637 14.0861 7.1347 7.05383
threshold=2.0266714082503561 1.5000000000000002 1.4749373433583963 0.90000000000000013
decision_type=2 2 2 2
left_child=1 2 3 -1
right_child=-2 -3 -4 -5
leaf_value=-0.0018493572645119465 0.0053194620407364867 -0.003202697465508476 -0.0077826690185691556 0.0013662988358300616
leaf_weight=558.51890057325363 369.91261714696884 1009.8617969304323 64.578043073415756 1630.2106497138739
leaf_count=1565 1131 2981 183 4476
internal_value=0 -0.000779125 0.000307044 0.000545729
internal_weight=0 3263.17 2253.31 2188.73
internal_count=10336 9205 6224 6041
is_linear=0
shrinkage=0.0246946


Tree=269
num_leaves=4
num_cat=0
split_feature=4 20 3
split_gain=16.477 14.3498 6.43897
threshold=0.85540069686411158 1.7000000000000004 1.341215712635258
decision_type=2 2 2
left_child=2 -2 -1
right_child=1 -3 -4
leaf_value=-0.0026451103292289254 -0.00065166019324404867 0.0037750979842940636 -0.0087212761812024368
leaf_weight=400.9329339787364 1692.5196217224002 606.60905722528696 144.75486323982477
leaf_count=1581 6117 1905 733
internal_value=0 0.000516309 -0.00425694
internal_weight=0 2299.13 545.688
internal_count=10336 8022 2314
is_linear=0
shrinkage=0.0246946


Tree=270
num_leaves=1
num_cat=0
split_feature=
split_gain=
threshold=
decision_type=
left_child=
right_child=
leaf_value=0
leaf_weight=
leaf_count=
internal_value=
internal_weight=
internal_count=
is_linear=0
shrinkage=1


Tree=271
num_leaves=4
num_cat=0
split_feature=46 2 7
split_gain=24.7845 19.123 8.58555
threshold=0.049999999999999857 1.9205263157894739 0.48749218261413391
decision_type=2 2 2
left_child=1 2 -1
right_child=-2 -3 -4
leaf_value=-0.0013467851668309751 0.0052789404309749139 0.0037855798273873829 -0.0067884479277016737
leaf_weight=2565.1515568047762 442.96555000543594 446.82145048677921 189.90008237957954
leaf_count=7126 1235 1332 681
internal_value=0 -0.000953303 -0.00172187
internal_weight=0 3201.87 2755.05
internal_count=10374 9139 7807
is_linear=0
shrinkage=0.0246946


Tree=272
num_leaves=5
num_cat=0
split_feature=4 11 41 7
split_gain=13.8222 12.1209 7.50227 6.61793
threshold=1.112698412698413 1.0558856948843174 -0.1428571428571426 0.1126984126984127
decision_type=2 2 2 2
left_child=2 -2 -1 -3
right_child=1 3 -4 -5
leaf_value=0.0023377431994634676 0.0054551925258998811 -0.0070115427049867 -0.0025972153351681041 0.00070556050977848813
leaf_weight=219.16754113137722 355.1378657668829 73.351246982812881 1315.0072475671768 890.12322410941124
leaf_count=644 1088 284 5373 2985
internal_value=0 0.00155548 -0.00189222 0.000118042
internal_weight=0 1318.61 1534.17 963.474
internal_count=10374 4357 6017 3269
is_linear=0
shrinkage=0.0246946


Tree=273
num_leaves=1
num_cat=0
split_feature=
split_gain=
threshold=
decision_type=
left_child=
right_child=
leaf_value=0
leaf_weight=
leaf_count=
internal_value=
internal_weight=
internal_count=
is_linear=0
shrinkage=1


Tree=274
num_leaves=3
num_cat=0
split_feature=24 44
split_gain=15.5083 6.92946
threshold=0.7169514496711854 -0.24999999999999992
decision_type=2 2
left_child=1 -1
right_child=-2 -3
leaf_value=-0.0014602055466460897 0.0033173230456889843 0.0012618969772878836
leaf_weight=2131.0753193497658 719.47390587627888 778.66199868917465
leaf_count=6076 2131 2108
internal_value=0 -0.000731756
internal_weight=0 2909.74
internal_count=10315 8184
is_linear=0
shrinkage=0.0246946


Tree=275
num_leaves=3
num_cat=0
split_feature=25 37
split_gain=19.1699 9.53711
threshold=2.1714175615749625 -0.99999999999999978
decision_type=2 2
left_child=1 -1
right_child=-2 -3
leaf_value=-0.0061196638947205581 0.0061692450706162302 -0.00010639187056480876
leaf_weight=172.58235381543636 291.69163557887077 2364.3184230700135
leaf_count=982 839 8494
internal_value=0 -0.000515468
internal_weight=0 2536.9
internal_count=10315 9476
is_linear=0
shrinkage=0.0246946


Tree=276
num_leaves=1
num_cat=0
split_feature=
split_gain=
threshold=
decision_type=
left_child=
right_child=
leaf_value=0
leaf_weight=
leaf_count=
internal_value=
internal_weight=
internal_count=
is_linear=0
shrinkage=1


Tree=277
num_leaves=4
num_cat=0
split_feature=10 27 24
split_gain=13.4563 13.2599 11.8239
threshold=1.3133928571428573 0.34479212862606956 0.60806881871891461
decision_type=2 2 2
left_child=-1 -2 -3
right_child=1 2 -4
leaf_value=-0.0017809413829220078 0.0060559062930904128 -0.00024061637027339002 0.004090324198110059
leaf_weight=1146.9725815206766 330.60816460847855 1682.8065870553255 498.22966097295284
leaf_count=3397 930 4623 1476
internal_value=0 0.00144732 0.000748731
internal_weight=0 2511.64 2181.04
internal_count=10426 7029 6099
is_linear=0
shrinkage=0.0246946


Tree=278
num_leaves=6
num_cat=0
split_feature=7 2 34 7 5
split_gain=17.7069 12.0934 9.34709 9.68111 8.01086
threshold=0.30116279069767443 1.4050836550836554 -1.4428104575163396 0.55718954248366026 1.0814762739286776
decision_type=2 2 2 2 2
left_child=1 -1 -2 -4 -3
right_child=2 4 3 -5 -6
leaf_value=0.00017570374827348848 -0.0084972510026383799 -0.0059435977454777222 0.0017700293939823517 0.0086112897895605171 -0.00092095798453428247
leaf_weight=924.05724139511585 47.485431842505932 489.77037186920643 929.79863861948252 145.93998159468174 320.29017639905214
leaf_count=3264 209 2323 2938 405 1287
internal_value=0 -0.00175514 0.00222485 0.00269815 -0.00395769
internal_weight=0 1734.12 1123.22 1075.74 810.061
internal_count=10426 6874 3552 3343 3610
is_linear=0
shrinkage=0.0246946


Tree=279
num_leaves=1
num_cat=0
split_feature=
split_gain=
threshold=
decision_type=
left_child=
right_child=
leaf_value=0
leaf_weight=
leaf_count=
internal_value=
internal_weight=
internal_count=
is_linear=0
shrinkage=1


Tree=280
num_leaves=3
num_cat=0
split_feature=2 20
split_gain=11.2841 7.2118
threshold=1.594916344916345 1.5000000000000002
decision_type=2 2
left_child=1 -1
right_child=-2 -3
leaf_value=-0.0004002500815166663 0.0016191116113766046 -0.0032756151601722335
leaf_weight=1734.2476504594088 1214.3251411020756 767.28425185382366
leaf_count=4771 3516 2292
internal_value=0 -0.0012822
internal_weight=0 2501.53
internal_count=10579 7063
is_linear=0
shrinkage=0.0246946


Tree=281
num_leaves=3
num_cat=0
split_feature=24 10
split_gain=14.0744 8.6888
threshold=-0.10959932277742418 1.6823725055432375
decision_type=2 2
left_child=1 -1
right_child=-2 -3
leaf_value=0.0029251221587613826 -0.0016396225221664033 -0.0015407671097946978
leaf_weight=1057.7968156337738 1485.2116421982646 354.77792087197304
leaf_count=3340 5975 1264
internal_value=0 0.00180348
internal_weight=0 1412.57
internal_count=10579 4604
is_linear=0
shrinkage=0.0246946


Tree=282
num_leaves=1
num_cat=0
split_feature=
split_gain=
threshold=
decision_type=
left_child=
right_child=
leaf_value=0
leaf_weight=
leaf_count=
internal_value=
internal_weight=
internal_count=
is_linear=0
shrinkage=1


Tree=283
num_leaves=3
num_cat=0
split_feature=41 8
split_gain=10.0775 7.49358
threshold=0.84292763157894757 1.7236111111111114
decision_type=2 2
left_child=1 -1
right_child=-2 -3
leaf_value=-0.0001818170061194533 0.0028826159407321808 -0.0057794246064446636
leaf_weight=2807.3939129263163 669.27763187885284 153.83568020164967
leaf_count=7930 1887 534
internal_value=0 -0.000472612
internal_weight=0 2961.23
internal_count=10351 8464
is_linear=0
shrinkage=0.0246946


Tree=284
num_leaves=4
num_cat=0
split_feature=4 10 10
split_gain=13.8846 9.80136 7.83883
threshold=1.1731634182908548 1.2435728411338169 1.5646599777034562
decision_type=2 2 2
left_child=2 -2 -1
right_child=1 -3 -4
leaf_value=-0.00018793495287680283 0.006293693552645422 0.00086783147678520778 -0.003725820356852995
leaf_weight=1211.6713138148189 273.99230849742889 783.86575362831354 557.70129057765007
leaf_count=4413 799 2675 2464
internal_value=0 0.00227317 -0.00130307
internal_weight=0 1057.86 1769.37
internal_count=10351 3474 6877
is_linear=0
shrinkage=0.0246946


Tree=285
num_leaves=1
num_cat=0
split_feature=
split_gain=
threshold=
decision_type=
left_child=
right_child=
leaf_value=0
leaf_weight=
leaf_count=
internal_value=
internal_weight=
internal_count=
is_linear=0
shrinkage=1


Tree=286
num_leaves=3
num_cat=0
split_feature=8 2
split_gain=9.11357 8.3418
threshold=1.50609756097561 1.5058139534883723
decision_type=2 2
left_child=1 -1
right_child=-2 -3
leaf_value=-0.00042115392095380888 -0.0035114067311354047 0.002132174905401193
leaf_weight=2014.7188772112131 371.77193634212017 1273.4871310442686
leaf_count=5564 1223 3643
internal_value=0 0.000567723
internal_weight=0 3288.21
internal_count=10430 9207
is_linear=0
shrinkage=0.0246946


Tree=287
num_leaves=4
num_cat=0
split_feature=9 9 1
split_gain=20.493 11.5128 9.06938
threshold=0.84278287579598066 1.2538710114557181 0.59761904761904772
decision_type=2 2 2
left_child=-1 2 -2
right_child=1 -3 -4
leaf_value=-0.0051712600204356406 0.00051464884055464329 0.0041418714899555823 -0.004393298172910772
leaf_weight=428.77850592881441 1693.2558551132679 472.98479856550694 265.62344186007977
leaf_count=1733 5864 1470 1363
internal_value=0 0.000684048 -0.000150867
internal_weight=0 2431.86 1958.88
internal_count=10430 8697 7227
is_linear=0
shrinkage=0.0246946


end of trees

feature_importances:
lt_FTG_mean_H=110
rate_home=98
lt_Win_A=74
rate_away=74
lt_FTG_mean_A=61
lt_Win_H=57
lt_FTG_rival_mean_A=57
pagerank_A=57
lt_FTG_rival_mean_H=47
top4_H=45
down4_H=44
top4_A=44
pagerank_H=43
top3_H=41
down5_H=41
lt_FTG_std_H=40
top5_A=36
top1_H=35
top2_H=35
lt_FTG_rival_std_A=34
down3_H=33
down5_A=33
lt_FTG_rival_std_H=31
down1_A=31
down2_A=30
down3_A=30
down4_A=30
down1_H=26
st_FTG_rival_mean_A=24
down2_H=24
lt_FTG_std_A=22
top2_A=22
top5_H=18
top1_A=18
top3_A=18
st_FTG_mean_H=16
st_FTG_mean_A=14
st_FTG_std_A=14
rounds=7
lt_Draw_H=6
lt_Draw_A=6
st_FTG_rival_mean_H=4
st_Win_A=3
st_Win_H=2
st_FTG_rival_std_A=2
st_FTG_rival_std_H=1

parameters:
[boosting: gbdt]
[objective: multiclass]
[metric: multi_logloss]
[tree_learner: serial]
[device_type: cpu]
[linear_tree: 0]
[data: ]
[valid: ]
[num_iterations: 500]
[learning_rate: 0.0246946]
[num_leaves: 525]
[num_threads: -1]
[deterministic: 0]
[force_col_wise: 0]
[force_row_wise: 0]
[histogram_pool_size: -1]
[max_depth: 19]
[min_data_in_leaf: 150]
[min_sum_hessian_in_leaf: 0.001]
[bagging_fraction: 0.3]
[pos_bagging_fraction: 1]
[neg_bagging_fraction: 1]
[bagging_freq: 1]
[bagging_seed: 3]
[feature_fraction: 0.3]
[feature_fraction_bynode: 1]
[feature_fraction_seed: 2]
[extra_trees: 0]
[extra_seed: 6]
[early_stopping_round: 0]
[first_metric_only: 0]
[max_delta_step: 0]
[lambda_l1: 0]
[lambda_l2: 0]
[linear_lambda: 0]
[min_gain_to_split: 6.41754]
[drop_rate: 0.1]
[max_drop: 50]
[skip_drop: 0.5]
[xgboost_dart_mode: 0]
[uniform_drop: 0]
[drop_seed: 4]
[top_rate: 0.2]
[other_rate: 0.1]
[min_data_per_group: 100]
[max_cat_threshold: 32]
[cat_l2: 10]
[cat_smooth: 10]
[max_cat_to_onehot: 4]
[top_k: 20]
[monotone_constraints: ]
[monotone_constraints_method: basic]
[monotone_penalty: 0]
[feature_contri: ]
[forcedsplits_filename: ]
[refit_decay_rate: 0.9]
[cegb_tradeoff: 1]
[cegb_penalty_split: 0]
[cegb_penalty_feature_lazy: ]
[cegb_penalty_feature_coupled: ]
[path_smooth: 0]
[interaction_constraints: ]
[verbosity: -1]
[saved_feature_importance_type: 0]
[max_bin: 255]
[max_bin_by_feature: ]
[min_data_in_bin: 3]
[bin_construct_sample_cnt: 200000]
[data_random_seed: 1]
[is_enable_sparse: 1]
[enable_bundle: 1]
[use_missing: 1]
[zero_as_missing: 0]
[feature_pre_filter: 1]
[pre_partition: 0]
[two_round: 0]
[header: 0]
[label_column: ]
[weight_column: ]
[group_column: ]
[ignore_column: ]
[categorical_feature: ]
[forcedbins_filename: ]
[objective_seed: 5]
[num_class: 3]
[is_unbalance: 0]
[scale_pos_weight: 1]
[sigmoid: 1]
[boost_from_average: 1]
[reg_sqrt: 0]
[alpha: 0.9]
[fair_c: 1]
[poisson_max_delta_step: 0.7]
[tweedie_variance_power: 1.5]
[lambdarank_truncation_level: 30]
[lambdarank_norm: 1]
[label_gain: ]
[eval_at: ]
[multi_error_top_k: 1]
[auc_mu_weights: ]
[num_machines: 1]
[local_listen_port: 12400]
[time_out: 120]
[machine_list_filename: ]
[machines: ]
[gpu_platform_id: -1]
[gpu_device_id: -1]
[gpu_use_dp: 0]
[num_gpu: 1]

end of parameters

pandas_categorical:[]
