{"gradients/graph_1out.bias": {"_type": "histogram", "values": [1.0, 0.0, 0.0, 0.0, 0.0, 0.0, 0.0, 0.0, 0.0, 0.0, 0.0, 0.0, 0.0, 0.0, 0.0, 0.0, 0.0, 0.0, 0.0, 0.0, 0.0, 0.0, 0.0, 0.0, 0.0, 0.0, 0.0, 0.0, 0.0, 0.0, 0.0, 0.0, 0.0, 0.0, 0.0, 0.0, 0.0, 0.0, 0.0, 0.0, 0.0, 0.0, 0.0, 0.0, 0.0, 0.0, 0.0, 0.0, 0.0, 0.0, 0.0, 0.0, 0.0, 0.0, 0.0, 0.0, 0.0, 0.0, 0.0, 1.0, 0.0, 0.0, 0.0, 1.0], "bins": [-0.06951045989990234, -0.06782392412424088, -0.06613738089799881, -0.06445084512233734, -0.06276430934667587, -0.06107776612043381, -0.05939123034477234, -0.05770469084382057, -0.056018151342868805, -0.05433161184191704, -0.05264507606625557, -0.0509585365653038, -0.049271997064352036, -0.04758545756340027, -0.0458989217877388, -0.04421238228678703, -0.042525846511125565, -0.0408393070101738, -0.03915277123451233, -0.03746623173356056, -0.035779692232608795, -0.03409315645694733, -0.03240661695599556, -0.030720077455043793, -0.029033541679382324, -0.027347004041075706, -0.02566046454012394, -0.023973926901817322, -0.022287387400865555, -0.020600849762558937, -0.01891431212425232, -0.017227772623300552, -0.015541229397058487, -0.013854690827429295, -0.012168152257800102, -0.010481614619493484, -0.008795076049864292, -0.0071085374802351, -0.005421999841928482, -0.0037354612722992897, -0.002048920840024948, -0.0003623825032263994, 0.0013241558335721493, 0.0030106939375400543, 0.004697232507169247, 0.006383771076798439, 0.008070308715105057, 0.009756847284734249, 0.011443383991718292, 0.013129922561347485, 0.014816461130976677, 0.016502998769283295, 0.01818953827023506, 0.01987607590854168, 0.021562613546848297, 0.023249153047800064, 0.024935690686106682, 0.0266222283244133, 0.028308767825365067, 0.029995305463671684, 0.0316818431019783, 0.03336838260293007, 0.035054922103881836, 0.036741457879543304, 0.03842799738049507]}, "_timestamp": 1660500826.0561035, "_runtime": 81.03998041152954, "gradients/graph_1out.weight": {"_type": "histogram", "values": [1.0, 0.0, 1.0, 0.0, 0.0, 0.0, 0.0, 0.0, 0.0, 0.0, 0.0, 1.0, 1.0, 0.0, 1.0, 0.0, 0.0, 0.0, 0.0, 0.0, 0.0, 0.0, 0.0, 0.0, 0.0, 0.0, 0.0, 1.0, 1.0, 0.0, 0.0, 0.0, 0.0, 0.0, 0.0, 0.0, 1.0, 2.0, 0.0, 0.0, 0.0, 1.0, 2.0, 0.0, 0.0, 0.0, 0.0, 0.0, 0.0, 0.0, 0.0, 0.0, 0.0, 0.0, 0.0, 0.0, 0.0, 0.0, 0.0, 0.0, 0.0, 0.0, 1.0, 1.0], "bins": [-0.03854525461792946, -0.03728900104761124, -0.036032743752002716, -0.034776490181684494, -0.033520232886075974, -0.03226397931575775, -0.03100772388279438, -0.02975146844983101, -0.028495213016867638, -0.027238957583904266, -0.025982702150940895, -0.024726446717977524, -0.023470193147659302, -0.02221393585205078, -0.02095768228173256, -0.019701426848769188, -0.018445171415805817, -0.017188915982842445, -0.015932660549879074, -0.014676406048238277, -0.013420150615274906, -0.012163895182311535, -0.010907640680670738, -0.009651385247707367, -0.008395129814743996, -0.007138874381780624, -0.00588261941447854, -0.0046263644471764565, -0.003370109014213085, -0.002113853581249714, -0.0008575986139476299, 0.00039865635335445404, 0.0016549155116081238, 0.0029111707117408514, 0.004167425911873579, 0.005423680879175663, 0.006679936312139034, 0.007936191745102406, 0.009192446246743202, 0.010448701679706573, 0.011704957112669945, 0.012961212545633316, 0.014217467978596687, 0.015473722480237484, 0.01672997698187828, 0.0179862342774868, 0.019242487847805023, 0.020498743280768394, 0.021754998713731766, 0.023011254146695137, 0.02426750957965851, 0.02552376501262188, 0.02678002044558525, 0.028036274015903473, 0.029292529448866844, 0.030548784881830215, 0.03180503845214844, 0.03306129202246666, 0.03431754931807518, 0.0355738028883934, 0.03683006018400192, 0.038086313754320145, 0.039342571049928665, 0.04059882462024689, 0.04185508191585541]}, "gradients/graph_1bn.weight": {"_type": "histogram", "values": [1.0, 0.0, 0.0, 0.0, 1.0, 0.0, 0.0, 0.0, 1.0, 1.0, 0.0, 0.0, 0.0, 0.0, 0.0, 0.0, 0.0, 0.0, 0.0, 0.0, 0.0, 0.0, 0.0, 0.0, 0.0, 0.0, 0.0, 0.0, 0.0, 0.0, 0.0, 0.0, 0.0, 0.0, 0.0, 0.0, 0.0, 0.0, 0.0, 0.0, 0.0, 0.0, 0.0, 0.0, 0.0, 0.0, 0.0, 0.0, 0.0, 0.0, 0.0, 0.0, 0.0, 0.0, 0.0, 0.0, 0.0, 0.0, 0.0, 0.0, 0.0, 0.0, 0.0, 1.0], "bins": [-0.007115277927368879, -0.006521883420646191, -0.005928489379584789, -0.005335094872862101, -0.004741700366139412, -0.004148305859416723, -0.0035549115855246782, -0.002961517311632633, -0.0023681228049099445, -0.0017747284146025777, -0.0011813340242952108, -0.000587939633987844, 5.454756319522858e-06, 0.0005988492630422115, 0.0011922435369342566, 0.0017856378108263016, 0.0023790323175489902, 0.002972426824271679, 0.003565821098163724, 0.004159215372055769, 0.004752609878778458, 0.005346004385501146, 0.005939398892223835, 0.006532792933285236, 0.007126187440007925, 0.007719581946730614, 0.008312975987792015, 0.008906370960175991, 0.009499765001237392, 0.010093159973621368, 0.01068655401468277, 0.011279948055744171, 0.011873342096805573, 0.012466736137866974, 0.01306013111025095, 0.013653525151312351, 0.014246920123696327, 0.014840314164757729, 0.01543370820581913, 0.01602710224688053, 0.016620498150587082, 0.017213892191648483, 0.017807286232709885, 0.018400682136416435, 0.018994076177477837, 0.019587470218539238, 0.02018086425960064, 0.02077425830066204, 0.021367652341723442, 0.021961046382784843, 0.022554440423846245, 0.023147836327552795, 0.023741230368614197, 0.024334624409675598, 0.024928018450737, 0.0255214124917984, 0.026114806532859802, 0.026708200573921204, 0.027301594614982605, 0.027894990518689156, 0.028488384559750557, 0.02908177860081196, 0.02967517264187336, 0.03026856668293476, 0.03086196258664131]}, "gradients/graph_1bn.bias": {"_type": "histogram", "values": [1.0, 0.0, 0.0, 0.0, 0.0, 0.0, 0.0, 0.0, 0.0, 0.0, 1.0, 2.0, 0.0, 0.0, 0.0, 0.0, 0.0, 0.0, 0.0, 0.0, 0.0, 0.0, 0.0, 0.0, 0.0, 0.0, 0.0, 0.0, 0.0, 0.0, 0.0, 0.0, 0.0, 0.0, 0.0, 0.0, 0.0, 0.0, 0.0, 0.0, 0.0, 0.0, 0.0, 0.0, 0.0, 0.0, 0.0, 0.0, 0.0, 0.0, 0.0, 0.0, 0.0, 0.0, 0.0, 0.0, 0.0, 0.0, 0.0, 0.0, 0.0, 0.0, 0.0, 1.0], "bins": [-0.008709821850061417, -0.008253472857177258, -0.007797124329954386, -0.007340775802731514, -0.006884426809847355, -0.006428078282624483, -0.005971729755401611, -0.005515380762517452, -0.0050590322352945805, -0.004602683708071709, -0.00414633471518755, -0.003689986187964678, -0.0032336374279111624, -0.002777288667857647, -0.002320940140634775, -0.0018645913805812597, -0.0014082426205277443, -0.0009518939186818898, -0.0004955452168360353, -3.9196573197841644e-05, 0.0004171521868556738, 0.0008735009469091892, 0.001329849474132061, 0.0017861982341855764, 0.0022425465285778046, 0.00269889528863132, 0.0031552440486848354, 0.003611592575907707, 0.004067941568791866, 0.004524290096014738, 0.00498063862323761, 0.005436987616121769, 0.005893336609005928, 0.0063496851362288, 0.006806034129112959, 0.007262382656335831, 0.00771873164921999, 0.008175080642104149, 0.008631428703665733, 0.009087777696549892, 0.009544126689434052, 0.01000047568231821, 0.010456823743879795, 0.010913172736763954, 0.011369521729648113, 0.011825870722532272, 0.012282218784093857, 0.012738567776978016, 0.0131949158385396, 0.01365126483142376, 0.014107612892985344, 0.014563961885869503, 0.015020310878753662, 0.015476658940315247, 0.01593300700187683, 0.016389356926083565, 0.01684570498764515, 0.017302053049206734, 0.017758402973413467, 0.018214751034975052, 0.018671099096536636, 0.01912744902074337, 0.019583797082304955, 0.02004014514386654, 0.020496495068073273]}, "gradients/graph_1h1.bias": {"_type": "histogram", "values": [1.0, 0.0, 2.0, 0.0, 0.0, 0.0, 0.0, 0.0, 0.0, 0.0, 0.0, 0.0, 0.0, 0.0, 0.0, 0.0, 0.0, 0.0, 0.0, 0.0, 0.0, 0.0, 0.0, 0.0, 0.0, 1.0, 0.0, 0.0, 0.0, 0.0, 0.0, 0.0, 0.0, 0.0, 0.0, 0.0, 0.0, 0.0, 0.0, 0.0, 0.0, 0.0, 0.0, 0.0, 0.0, 0.0, 0.0, 0.0, 0.0, 0.0, 0.0, 0.0, 0.0, 0.0, 0.0, 0.0, 0.0, 0.0, 0.0, 0.0, 0.0, 0.0, 0.0, 1.0],