match;Date;season;Div;HomeTeam;AwayTeam;FTHG;FTAG;label;prediction;draw;home;away
15751;2020-01-01;T19-20;E0;Brighton;Chelsea;1;1;0,0;2;0,2571;0,2835;0,4594
15757;2020-01-01;T19-20;E0;Norwich;Crystal Palace;1;1;0,0;2;0,3026;0,234;0,4634
15754;2020-01-01;T19-20;E0;Southampton;Tottenham;1;0;1,0;1;0,362;0,3702;0,2678
15753;2020-01-01;T19-20;E0;Newcastle;Leicester;0;3;2,0;2;0,2143;0,172;0,6137
15756;2020-01-01;T19-20;E0;Man City;Everton;2;1;1,0;1;0,156;0,7817;0,0623
15759;2020-01-01;T19-20;E0;Arsenal;Man United;2;0;1,0;1;0,3555;0,412;0,2326
15758;2020-01-01;T19-20;E0;West Ham;Bournemouth;4;0;1,0;1;0,288;0,5457;0,1663
15752;2020-01-01;T19-20;E0;Burnley;Aston Villa;1;2;2,0;1;0,2819;0,5225;0,1956
15755;2020-01-01;T19-20;E0;Watford;Wolves;2;1;1,0;2;0,3122;0,2402;0,4475
15760;2020-01-02;T19-20;E0;Liverpool;Sheffield United;2;0;1,0;1;0,0745;0,8975;0,0279
44309;2020-01-03;T19-20;SP1;Valladolid;Leganes;2;2;0,0;1;0,219;0,6685;0,1124
44310;2020-01-03;T19-20;SP1;Sevilla;Ath Bilbao;1;1;0,0;1;0,2653;0,613;0,1217
56130;2020-01-03;T19-20;SP2;Extremadura;Alcorcon;0;0;0,0;1;0,2857;0,3656;0,3487
56135;2020-01-04;T19-20;SP2;Elche;Huesca;1;1;0,0;1;0,3512;0,3664;0,2824
56134;2020-01-04;T19-20;SP2;Tenerife;Albacete;4;2;1,0;1;0,3092;0,4187;0,2722
56136;2020-01-04;T19-20;SP2;Mirandes;Santander;0;0;0,0;1;0,2503;0,6441;0,1056
56133;2020-01-04;T19-20;SP2;Lugo;Almeria;0;4;2,0;0;0,3456;0,3098;0,3446
56131;2020-01-04;T19-20;SP2;Fuenlabrada;Las Palmas;0;0;0,0;1;0,2837;0,5278;0,1885
56132;2020-01-04;T19-20;SP2;Ponferradina;Cadiz;0;0;0,0;2;0,2895;0,2399;0,4706
44312;2020-01-04;T19-20;SP1;Getafe;Real Madrid;0;3;2,0;2;0,3202;0,2724;0,4074
44311;2020-01-04;T19-20;SP1;Valencia;Eibar;1;0;1,0;1;0,2724;0,5904;0,1372
44314;2020-01-04;T19-20;SP1;Espanol;Barcelona;2;2;0,0;2;0,1715;0,0744;0,7542
44313;2020-01-04;T19-20;SP1;Ath Madrid;Levante;2;1;1,0;1;0,2676;0,6067;0,1257
44316;2020-01-05;T19-20;SP1;Sociedad;Villarreal;1;2;2,0;1;0,2554;0,5273;0,2172
44317;2020-01-05;T19-20;SP1;Alaves;Betis;1;1;0,0;1;0,3154;0,4484;0,2362
44318;2020-01-05;T19-20;SP1;Celta;Osasuna;1;1;0,0;2;0,3095;0,2923;0,3982
34313;2020-01-05;T19-20;I1;Roma;Torino;0;2;2,0;1;0,2143;0,7219;0,0638
34311;2020-01-05;T19-20;I1;Spal;Verona;0;2;2,0;2;0,2554;0,1813;0,5632
34310;2020-01-05;T19-20;I1;Brescia;Lazio;1;2;2,0;2;0,1559;0,0747;0,7694
56137;2020-01-05;T19-20;SP2;Numancia;La Coruna;0;1;2,0;1;0,3312;0,4664;0,2023
56138;2020-01-05;T19-20;SP2;Vallecano;Girona;1;0;1,0;1;0,2929;0,4366;0,2705
56139;2020-01-05;T19-20;SP2;Oviedo;Malaga;1;1;0,0;1;0,3241;0,3839;0,292
44315;2020-01-05;T19-20;SP1;Granada;Mallorca;1;0;1,0;1;0,2448;0,6459;0,1094
34312;2020-01-05;T19-20;I1;Genoa;Sassuolo;2;1;1,0;2;0,2891;0,3553;0,3556
34318;2020-01-06;T19-20;I1;Lecce;Udinese;0;1;2,0;1;0,2431;0,4099;0,347
34317;2020-01-06;T19-20;I1;Milan;Sampdoria;0;0;0,0;1;0,2319;0,6631;0,105
34316;2020-01-06;T19-20;I1;Juventus;Cagliari;4;0;1,0;1;0,1142;0,8372;0,0486
34319;2020-01-06;T19-20;I1;Napoli;Inter;1;3;2,0;2;0,2304;0,2921;0,4775
34315;2020-01-06;T19-20;I1;Atalanta;Parma;5;0;1,0;1;0,2251;0,6397;0,1352
34314;2020-01-06;T19-20;I1;Bologna;Fiorentina;1;1;0,0;1;0,2972;0,4193;0,2834
56140;2020-01-07;T19-20;SP2;Zaragoza;Sp Gijon;2;0;1,0;1;0,2891;0,5447;0,1662
15761;2020-01-10;T19-20;E0;Sheffield United;West Ham;1;0;1,0;1;0,2615;0,5677;0,1708
26019;2020-01-10;T19-20;F1;Rennes;Marseille;0;1;2,0;1;0,2713;0,4169;0,3118
26022;2020-01-11;T19-20;F1;Angers;Nice;1;1;0,0;1;0,2961;0,4641;0,2397
26021;2020-01-11;T19-20;F1;Amiens;Montpellier;1;2;2,0;1;0,3318;0,3357;0,3325
26023;2020-01-11;T19-20;F1;Metz;Strasbourg;1;0;1,0;1;0,2886;0,5092;0,2022
26024;2020-01-11;T19-20;F1;Nimes;Reims;2;0;1,0;1;0,3268;0,3551;0,3181
26025;2020-01-11;T19-20;F1;Toulouse;Brest;2;5;2,0;2;0,2974;0,1741;0,5285
26020;2020-01-11;T19-20;F1;Bordeaux;Lyon;1;2;2,0;1;0,3034;0,4354;0,2612
34320;2020-01-11;T19-20;I1;Cagliari;Milan;0;2;2,0;2;0,2336;0,3201;0,4463
15766;2020-01-11;T19-20;E0;Man United;Norwich;4;0;1,0;1;0,1135;0,8352;0,0513
34322;2020-01-11;T19-20;I1;Inter;Atalanta;1;1;0,0;1;0,3192;0,4746;0,2062
34321;2020-01-11;T19-20;I1;Lazio;Napoli;1;0;1,0;1;0,2196;0,6437;0,1366
15762;2020-01-11;T19-20;E0;Crystal Palace;Arsenal;1;1;0,0;2;0,2307;0,3692;0,4001
15764;2020-01-11;T19-20;E0;Everton;Brighton;1;0;1,0;1;0,2878;0,5001;0,2121
15765;2020-01-11;T19-20;E0;Leicester;Southampton;1;2;2,0;1;0,2326;0,6327;0,1347
15767;2020-01-11;T19-20;E0;Wolves;Newcastle;1;1;0,0;1;0,2576;0,5755;0,1669
15763;2020-01-11;T19-20;E0;Chelsea;Burnley;3;0;1,0;1;0,2665;0,5609;0,1726
15768;2020-01-11;T19-20;E0;Tottenham;Liverpool;0;1;2,0;2;0,1585;0,1138;0,7276
15769;2020-01-12;T19-20;E0;Bournemouth;Watford;0;3;2,0;1;0,3101;0,4859;0,204
15770;2020-01-12;T19-20;E0;Aston Villa;Man City;1;6;2,0;2;0,2326;0,1512;0,6162
26027;2020-01-12;T19-20;F1;Dijon;Lille;1;0;1,0;2;0,2781;0,3259;0,396
34323;2020-01-12;T19-20;I1;Udinese;Sassuolo;3;0;1,0;1;0,3114;0,4319;0,2566
34327;2020-01-12;T19-20;I1;Verona;Genoa;2;1;1,0;1;0,2607;0,5746;0,1647
34326;2020-01-12;T19-20;I1;Torino;Bologna;1;0;1,0;1;0,309;0,4077;0,2833
34325;2020-01-12;T19-20;I1;Sampdoria;Brescia;5;1;1,0;1;0,3052;0,5962;0,0986
34324;2020-01-12;T19-20;I1;Fiorentina;Spal;1;0;1,0;1;0,207;0,7302;0,0628
26026;2020-01-12;T19-20;F1;St Etienne;Nantes;0;2;2,0;1;0,3592;0,3777;0,2631
34328;2020-01-12;T19-20;I1;Roma;Juventus;1;2;2,0;2;0,3021;0,3197;0,3782
26028;2020-01-12;T19-20;F1;Paris SG;Monaco;3;3;0,0;1;0,1287;0,8079;0,0634
34329;2020-01-13;T19-20;I1;Parma;Lecce;2;0;1,0;1;0,2145;0,7009;0,0846
56144;2020-01-14;T19-20;SP2;Las Palmas;Zaragoza;0;1;2,0;1;0,3127;0,3877;0,2997
56143;2020-01-14;T19-20;SP2;Malaga;Ponferradina;1;0;1,0;0;0,3541;0,3301;0,3158
56142;2020-01-14;T19-20;SP2;Sp Gijon;Elche;1;0;1,0;0;0,3857;0,321;0,2933
56141;2020-01-14;T19-20;SP2;Albacete;Fuenlabrada;1;1;0,0;1;0,3339;0,3958;0,2703
26030;2020-01-15;T19-20;F1;Nimes;Rennes;0;1;2,0;2;0,2638;0,1229;0,6133
26029;2020-01-15;T19-20;F1;Amiens;Reims;1;1;0,0;2;0,2846;0,3003;0,4151
56148;2020-01-15;T19-20;SP2;Cadiz;Mirandes;3;3;0,0;1;0,1347;0,8083;0,057
56147;2020-01-15;T19-20;SP2;Vallecano;Lugo;1;0;1,0;1;0,3089;0,4694;0,2217
56145;2020-01-15;T19-20;SP2;Alcorcon;Numancia;2;2;0,0;1;0,2816;0,5271;0,1913
26031;2020-01-15;T19-20;F1;Monaco;Paris SG;1;4;2,0;2;0,1934;0,1053;0,7014
56146;2020-01-15;T19-20;SP2;Huesca;Tenerife;2;1;1,0;1;0,1868;0,7356;0,0776
56149;2020-01-16;T19-20;SP2;La Coruna;Santander;2;1;1,0;1;0,3659;0,4265;0,2076
56150;2020-01-16;T19-20;SP2;Girona;Extremadura;3;1;1,0;1;0,2532;0,6066;0,1402
56151;2020-01-16;T19-20;SP2;Almeria;Oviedo;2;0;1,0;1;0,2251;0,7012;0,0737
5839;2020-01-17;T19-20;D1;Schalke 04;M'gladbach;2;0;1,0;1;0,3128;0,436;0,2512
44319;2020-01-17;T19-20;SP1;Leganes;Getafe;0;3;2,0;2;0,2897;0,1172;0,5932
56152;2020-01-17;T19-20;SP2;Fuenlabrada;Malaga;0;0;0,0;1;0,2851;0,595;0,12
34331;2020-01-18;T19-20;I1;Sassuolo;Torino;2;1;1,0;1;0,2732;0,5986;0,1282
56155;2020-01-18;T19-20;SP2;Ponferradina;Vallecano;1;1;0,0;1;0,3698;0,4145;0,2157
56154;2020-01-18;T19-20;SP2;Lugo;Albacete;1;0;1,0;1;0,2794;0,4655;0,2551
56153;2020-01-18;T19-20;SP2;Numancia;Sp Gijon;2;0;1,0;1;0,2975;0,5274;0,175
15771;2020-01-18;T19-20;E0;Watford;Tottenham;0;0;0,0;2;0,3264;0,2301;0,4435
15772;2020-01-18;T19-20;E0;Arsenal;Sheffield United;1;1;0,0;1;0,3241;0,3746;0,3013
15773;2020-01-18;T19-20;E0;Brighton;Aston Villa;1;1;0,0;1;0,265;0,5655;0,1695
15774;2020-01-18;T19-20;E0;Man City;Crystal Palace;2;2;0,0;1;0,1928;0,7144;0,0928
15775;2020-01-18;T19-20;E0;Norwich;Bournemouth;1;0;1,0;1;0,3185;0,3707;0,3108
15777;2020-01-18;T19-20;E0;West Ham;Everton;1;1;0,0;1;0,338;0,4146;0,2474
15778;2020-01-18;T19-20;E0;Newcastle;Chelsea;1;0;1,0;1;0,3014;0,4071;0,2915
44323;2020-01-18;T19-20;SP1;Eibar;Ath Madrid;2;0;1,0;1;0,3075;0,3756;0,3168
44322;2020-01-18;T19-20;SP1;Osasuna;Valladolid;0;0;0,0;1;0,3087;0,4582;0,2331
44321;2020-01-18;T19-20;SP1;Real Madrid;Sevilla;2;1;1,0;1;0,2616;0,6155;0,1229
34332;2020-01-18;T19-20;I1;Napoli;Fiorentina;0;2;2,0;1;0,2431;0,6082;0,1487
34330;2020-01-18;T19-20;I1;Lazio;Sampdoria;5;1;1,0;1;0,1501;0,7955;0,0545
15776;2020-01-18;T19-20;E0;Southampton;Wolves;2;3;2,0;0;0,3642;0,2716;0,3641
44320;2020-01-18;T19-20;SP1;Levante;Alaves;0;1;2,0;1;0,2674;0,5296;0,203
5841;2020-01-18;T19-20;D1;FC Koln;Wolfsburg;3;1;1,0;1;0,3451;0,3688;0,2861
5845;2020-01-18;T19-20;D1;RB Leipzig;Union Berlin;3;1;1,0;1;0,1211;0,8283;0,0506
5843;2020-01-18;T19-20;D1;Hoffenheim;Ein Frankfurt;1;2;2,0;1;0,2418;0,6106;0,1475
5842;2020-01-18;T19-20;D1;Fortuna Dusseldorf;Werder Bremen;0;1;2,0;1;0,3051;0,449;0,246
5840;2020-01-18;T19-20;D1;Augsburg;Dortmund;3;5;2,0;2;0,3416;0,2726;0,3858
5844;2020-01-18;T19-20;D1;Mainz;Freiburg;1;2;2,0;2;0,2806;0,2342;0,4852
56157;2020-01-19;T19-20;SP2;La Coruna;Cadiz;1;0;1,0;2;0,2828;0,1558;0,5613
56158;2020-01-19;T19-20;SP2;Oviedo;Huesca;1;1;0,0;2;0,338;0,2758;0,3862
5846;2020-01-19;T19-20;D1;Hertha;Bayern Munich;0;4;2,0;2;0,2445;0,1694;0,5861
44324;2020-01-19;T19-20;SP1;Mallorca;Valencia;4;1;1,0;1;0,3191;0,3459;0,335
44325;2020-01-19;T19-20;SP1;Betis;Sociedad;3;0;1,0;2;0,2698;0,3618;0,3684
44326;2020-01-19;T19-20;SP1;Villarreal;Espanol;1;2;2,0;1;0,2111;0,7078;0,0811
44327;2020-01-19;T19-20;SP1;Ath Bilbao;Celta;1;1;0,0;1;0,1707;0,7614;0,0678
44328;2020-01-19;T19-20;SP1;Barcelona;Granada;1;0;1,0;1;0,1191;0,8037;0,0772
56161;2020-01-19;T19-20;SP2;Tenerife;Girona;1;0;1,0;2;0,2963;0,2978;0,4059
56156;2020-01-19;T19-20;SP2;Elche;Alcorcon;1;1;0,0;1;0,266;0,5378;0,1962
56160;2020-01-19;T19-20;SP2;Extremadura;Almeria;1;2;2,0;2;0,2599;0,2449;0,4952
5847;2020-01-19;T19-20;D1;Paderborn;Leverkusen;1;4;2,0;2;0,2513;0,1639;0,5848
15780;2020-01-19;T19-20;E0;Liverpool;Man United;2;0;1,0;1;0,083;0,8871;0,0299
34333;2020-01-19;T19-20;I1;Milan;Udinese;3;2;1,0;1;0,2663;0,6144;0,1193
34334;2020-01-19;T19-20;I1;Bologna;Verona;1;1;0,0;1;0,2836;0,506;0,2104
34335;2020-01-19;T19-20;I1;Brescia;Cagliari;2;2;0,0;2;0,2316;0,2127;0,5557
34336;2020-01-19;T19-20;I1;Lecce;Inter;1;1;0,0;2;0,1104;0,0553;0,8343
34337;2020-01-19;T19-20;I1;Genoa;Roma;1;3;2,0;2;0,1789;0,0606;0,7605
15779;2020-01-19;T19-20;E0;Burnley;Leicester;2;1;1,0;2;0,193;0,2475;0,5595
34338;2020-01-19;T19-20;I1;Juventus;Parma;2;1;1,0;1;0,1622;0,7762;0,0615
56159;2020-01-19;T19-20;SP2;Santander;Las Palmas;1;1;0,0;2;0,2846;0,3518;0,3635
34339;2020-01-20;T19-20;I1;Atalanta;Spal;1;2;2,0;1;0,2193;0,703;0,0778
15786;2020-01-21;T19-20;E0;Chelsea;Arsenal;2;2;0,0;1;0,2968;0,5029;0,2003
15785;2020-01-21;T19-20;E0;Sheffield United;Man City;0;1;2,0;2;0,2272;0,309;0,4638
15784;2020-01-21;T19-20;E0;Everton;Newcastle;2;2;0,0;1;0,3117;0,4095;0,2788
15783;2020-01-21;T19-20;E0;Crystal Palace;Southampton;0;2;2,0;1;0,2942;0,5284;0,1774
15782;2020-01-21;T19-20;E0;Bournemouth;Brighton;3;1;1,0;1;0,3001;0,4894;0,2105
15781;2020-01-21;T19-20;E0;Aston Villa;Watford;2;1;1,0;1;0,2807;0,5438;0,1756
15789;2020-01-22;T19-20;E0;Man United;Burnley;0;2;2,0;1;0,3207;0,4181;0,2612
15788;2020-01-22;T19-20;E0;Tottenham;Norwich;2;1;1,0;1;0,1953;0,7157;0,089
15787;2020-01-22;T19-20;E0;Leicester;West Ham;4;1;1,0;1;0,1595;0,7764;0,0642
15790;2020-01-23;T19-20;E0;Wolves;Liverpool;1;2;2,0;2;0,11;0,0701;0,8199
5848;2020-01-24;T19-20;D1;Dortmund;FC Koln;5;1;1,0;1;0,1322;0,8069;0,0609
44329;2020-01-24;T19-20;SP1;Osasuna;Levante;2;0;1,0;1;0,2695;0,5213;0,2092
26032;2020-01-24;T19-20;F1;Nice;Rennes;1;1;0,0;2;0,3186;0,2706;0,4108
56162;2020-01-24;T19-20;SP2;Cadiz;Santander;1;0;1,0;1;0,147;0,8121;0,0409
34340;2020-01-24;T19-20;I1;Brescia;Milan;0;1;2,0;2;0,2711;0,2569;0,472
5851;2020-01-25;T19-20;D1;M'gladbach;Mainz;3;1;1,0;1;0,1393;0,8099;0,0509
5850;2020-01-25;T19-20;D1;Freiburg;Paderborn;0;2;2,0;1;0,1941;0,7236;0,0823
5849;2020-01-25;T19-20;D1;Ein Frankfurt;RB Leipzig;2;0;1,0;2;0,292;0,2582;0,4498
34341;2020-01-25;T19-20;I1;Spal;Bologna;1;3;2,0;2;0,3048;0,2788;0,4165
34342;2020-01-25;T19-20;I1;Fiorentina;Genoa;0;0;0,0;1;0,3122;0,5564;0,1313
5853;2020-01-25;T19-20;D1;Wolfsburg;Hertha;1;2;2,0;1;0,2921;0,533;0,1748
5854;2020-01-25;T19-20;D1;Bayern Munich;Schalke 04;5;0;1,0;1;0,208;0,6545;0,1376
44333;2020-01-25;T19-20;SP1;Sevilla;Granada;2;0;1,0;1;0,2012;0,7047;0,094
44332;2020-01-25;T19-20;SP1;Alaves;Villarreal;1;2;2,0;1;0,2973;0,4024;0,3003
44330;2020-01-25;T19-20;SP1;Espanol;Ath Bilbao;1;1;0,0;2;0,2371;0,1411;0,6218
34343;2020-01-25;T19-20;I1;Torino;Atalanta;0;7;2,0;2;0,2917;0,1931;0,5152
5852;2020-01-25;T19-20;D1;Union Berlin;Augsburg;2;0;1,0;1;0,3367;0,4004;0,2629
56163;2020-01-25;T19-20;SP2;Huesca;Lugo;2;1;1,0;1;0,2942;0,5855;0,1203
44331;2020-01-25;T19-20;SP1;Valencia;Barcelona;2;0;1,0;2;0,3223;0,3059;0,3718
56164;2020-01-25;T19-20;SP2;Sp Gijon;Fuenlabrada;1;0;1,0;2;0,3476;0,2909;0,3615
56166;2020-01-25;T19-20;SP2;Zaragoza;Numancia;1;0;1,0;1;0,312;0,5381;0,1499
56165;2020-01-25;T19-20;SP2;Las Palmas;Tenerife;0;0;0,0;1;0,2487;0,5808;0,1705
26033;2020-01-25;T19-20;F1;Marseille;Angers;0;0;0,0;1;0,213;0,6616;0,1254
26034;2020-01-25;T19-20;F1;Brest;Amiens;2;1;1,0;1;0,3065;0,5174;0,1761
26035;2020-01-25;T19-20;F1;Monaco;Strasbourg;1;3;2,0;1;0,3144;0,4169;0,2687
26036;2020-01-25;T19-20;F1;Montpellier;Dijon;2;1;1,0;1;0,253;0,5895;0,1575
26037;2020-01-25;T19-20;F1;Reims;Metz;0;1;2,0;1;0,3008;0,5571;0,1422
26038;2020-01-25;T19-20;F1;St Etienne;Nimes;2;1;1,0;1;0,2187;0,6996;0,0817
56172;2020-01-26;T19-20;SP2;Girona;Oviedo;1;1;0,0;1;0,2735;0,5246;0,2019
34346;2020-01-26;T19-20;I1;Sampdoria;Sassuolo;0;0;0,0;2;0,296;0,2467;0,4573
34345;2020-01-26;T19-20;I1;Parma;Udinese;2;0;1,0;1;0,2468;0,648;0,1052
34344;2020-01-26;T19-20;I1;Inter;Cagliari;1;1;0,0;1;0,1258;0,8204;0,0539
5856;2020-01-26;T19-20;D1;Leverkusen;Fortuna Dusseldorf;3;0;1,0;1;0,181;0,7328;0,0862
5855;2020-01-26;T19-20;D1;Werder Bremen;Hoffenheim;0;3;2,0;2;0,2749;0,2327;0,4924
26039;2020-01-26;T19-20;F1;Lyon;Toulouse;3;0;1,0;1;0,1389;0,7953;0,0658
34349;2020-01-26;T19-20;I1;Napoli;Juventus;2;1;1,0;2;0,2377;0,2442;0,5181
26040;2020-01-26;T19-20;F1;Nantes;Bordeaux;0;1;2,0;1;0,3006;0,3526;0,3469
26041;2020-01-26;T19-20;F1;Lille;Paris SG;0;2;2,0;2;0,1711;0,2008;0,6281
44338;2020-01-26;T19-20;SP1;Valladolid;Real Madrid;0;1;2,0;2;0,2098;0,1951;0,5951
44337;2020-01-26;T19-20;SP1;Sociedad;Mallorca;3;0;1,0;1;0,168;0,7661;0,0659
44336;2020-01-26;T19-20;SP1;Getafe;Betis;1;0;1,0;1;0,2413;0,6674;0,0914
44335;2020-01-26;T19-20;SP1;Celta;Eibar;0;0;0,0;1;0,3446;0,3465;0,3089
44334;2020-01-26;T19-20;SP1;Ath Madrid;Leganes;0;0;0,0;1;0,2348;0,6904;0,0748
34347;2020-01-26;T19-20;I1;Verona;Lecce;3;0;1,0;1;0,2368;0,6419;0,1213
56167;2020-01-26;T19-20;SP2;Malaga;Mirandes;2;2;0,0;0;0,3473;0,328;0,3247
56168;2020-01-26;T19-20;SP2;Albacete;La Coruna;0;1;2,0;1;0,3019;0,5395;0,1586
56169;2020-01-26;T19-20;SP2;Almeria;Elche;0;2;2,0;1;0,2947;0,5204;0,1849
56170;2020-01-26;T19-20;SP2;Alcorcon;Ponferradina;3;1;1,0;1;0,3081;0,5141;0,1778
56171;2020-01-26;T19-20;SP2;Vallecano;Extremadura;1;1;0,0;1;0,325;0,469;0,2061
34348;2020-01-26;T19-20;I1;Roma;Lazio;1;1;0,0;1;0,3062;0,4792;0,2146
15791;2020-01-29;T19-20;E0;West Ham;Liverpool;0;2;2,0;2;0,0815;0,0556;0,8628
5857;2020-01-31;T19-20;D1;Hertha;Schalke 04;0;0;0,0;2;0,2923;0,3123;0,3954
56173;2020-01-31;T19-20;SP2;Tenerife;Sp Gijon;2;1;1,0;0;0,3581;0,3184;0,3235
26042;2020-01-31;T19-20;F1;Rennes;Nantes;3;2;1,0;1;0,2168;0,6912;0,092
26048;2020-02-01;T19-20;F1;Strasbourg;Lille;1;2;2,0;2;0,269;0,2754;0,4556
26047;2020-02-01;T19-20;F1;Nimes;Monaco;3;1;1,0;2;0,2795;0,2487;0,4718
5862;2020-02-01;T19-20;D1;Mainz;Bayern Munich;1;3;2,0;2;0,2607;0,1795;0,5598
5861;2020-02-01;T19-20;D1;Hoffenheim;Leverkusen;2;1;1,0;1;0,254;0,5268;0,2191
5860;2020-02-01;T19-20;D1;Fortuna Dusseldorf;Ein Frankfurt;1;1;0,0;1;0,3504;0,3514;0,2982
5859;2020-02-01;T19-20;D1;Dortmund;Union Berlin;5;0;1,0;1;0,1889;0,7226;0,0885
5858;2020-02-01;T19-20;D1;Augsburg;Werder Bremen;2;1;1,0;1;0,2098;0,6937;0,0965
56176;2020-02-01;T19-20;SP2;Ponferradina;Huesca;3;1;1,0;1;0,291;0,5281;0,1809
56174;2020-02-01;T19-20;SP2;Extremadura;Lugo;1;0;1,0;1;0,2942;0,5276;0,1783
5863;2020-02-01;T19-20;D1;RB Leipzig;M'gladbach;2;2;0,0;1;0,3292;0,516;0,1548
56175;2020-02-01;T19-20;SP2;La Coruna;Las Palmas;2;1;1,0;2;0,3072;0,185;0,5079
15799;2020-02-01;T19-20;E0;Man United;Wolves;0;0;0,0;1;0,3009;0,4688;0,2303
26043;2020-02-01;T19-20;F1;Paris SG;Montpellier;5;0;1,0;1;0,0885;0,8738;0,0377
44340;2020-02-01;T19-20;SP1;Real Madrid;Ath Madrid;1;0;1,0;1;0,2216;0,6693;0,1091
44339;2020-02-01;T19-20;SP1;Granada;Espanol;2;1;1,0;1;0,1684;0,7755;0,0561
26046;2020-02-01;T19-20;F1;Dijon;Brest;3;0;1,0;1;0,2932;0,4634;0,2434
26045;2020-02-01;T19-20;F1;Angers;Reims;1;4;2,0;2;0,2492;0,3364;0,4144
26044;2020-02-01;T19-20;F1;Amiens;Toulouse;0;0;0,0;1;0,2714;0,6225;0,1061
44341;2020-02-01;T19-20;SP1;Mallorca;Valladolid;0;1;2,0;2;0,288;0,2439;0,4681
34352;2020-02-01;T19-20;I1;Sassuolo;Roma;4;2;1,0;2;0,2454;0,1984;0,5562
34351;2020-02-01;T19-20;I1;Cagliari;Parma;2;2;0,0;1;0,2219;0,6263;0,1518
15792;2020-02-01;T19-20;E0;Leicester;Chelsea;2;2;0,0;1;0,2173;0,6225;0,1602
56177;2020-02-01;T19-20;SP2;Elche;Malaga;2;0;1,0;1;0,2885;0,6029;0,1086
15798;2020-02-01;T19-20;E0;West Ham;Brighton;3;3;0,0;1;0,3116;0,4313;0,2571
15797;2020-02-01;T19-20;E0;Watford;Everton;2;3;2,0;2;0,3472;0,2936;0,3592
15796;2020-02-01;T19-20;E0;Newcastle;Norwich;0;0;0,0;1;0,2684;0,623;0,1086
15795;2020-02-01;T19-20;E0;Liverpool;Southampton;4;0;1,0;1;0,0511;0,9296;0,0193
15794;2020-02-01;T19-20;E0;Crystal Palace;Sheffield United;0;1;2,0;1;0,3033;0,3882;0,3085
15793;2020-02-01;T19-20;E0;Bournemouth;Aston Villa;2;1;1,0;1;0,282;0,5144;0,2036
34350;2020-02-01;T19-20;I1;Bologna;Brescia;2;1;1,0;1;0,2396;0,6385;0,1219
44342;2020-02-01;T19-20;SP1;Valencia;Celta;1;0;1,0;1;0,2053;0,7162;0,0784
56182;2020-02-02;T19-20;SP2;Oviedo;Albacete;3;1;1,0;1;0,2643;0,5143;0,2214
44348;2020-02-02;T19-20;SP1;Barcelona;Levante;2;1;1,0;1;0,1318;0,8102;0,058
44347;2020-02-02;T19-20;SP1;Villarreal;Osasuna;3;1;1,0;1;0,301;0,5137;0,1853
44346;2020-02-02;T19-20;SP1;Sevilla;Alaves;1;1;0,0;1;0,1823;0,7456;0,0721
44345;2020-02-02;T19-20;SP1;Ath Bilbao;Getafe;0;2;2,0;1;0,2842;0,412;0,3038
44344;2020-02-02;T19-20;SP1;Eibar;Betis;1;1;0,0;1;0,359;0,3611;0,2798
56179;2020-02-02;T19-20;SP2;Cadiz;Zaragoza;1;1;0,0;1;0,2605;0,6257;0,1138
5864;2020-02-02;T19-20;D1;FC Koln;Freiburg;4;0;1,0;2;0,3261;0,266;0,4079
34358;2020-02-02;T19-20;I1;Udinese;Inter;0;2;2,0;2;0,1376;0,068;0,7944
34357;2020-02-02;T19-20;I1;Lecce;Torino;4;0;1,0;1;0,2955;0,4635;0,2409
34356;2020-02-02;T19-20;I1;Milan;Verona;1;1;0,0;1;0,329;0,4762;0,1947
34355;2020-02-02;T19-20;I1;Lazio;Spal;5;1;1,0;1;0,1213;0,8367;0,042
34354;2020-02-02;T19-20;I1;Atalanta;Genoa;2;2;0,0;1;0,1593;0,7866;0,0541
34353;2020-02-02;T19-20;I1;Juventus;Fiorentina;3;0;1,0;1;0,1143;0,8403;0,0454
44343;2020-02-02;T19-20;SP1;Leganes;Sociedad;2;1;1,0;2;0,2751;0,2948;0,4301
5865;2020-02-02;T19-20;D1;Paderborn;Wolfsburg;2;4;2,0;2;0,2803;0,2179;0,5018
56183;2020-02-02;T19-20;SP2;Santander;Alcorcon;1;1;0,0;2;0,2906;0,3318;0,3776
56178;2020-02-02;T19-20;SP2;Fuenlabrada;Girona;0;1;2,0;1;0,2705;0,432;0,2975
15800;2020-02-02;T19-20;E0;Burnley;Arsenal;0;0;0,0;1;0,2905;0,463;0,2465
15801;2020-02-02;T19-20;E0;Tottenham;Man City;2;0;1,0;2;0,2679;0,3083;0,4238
56180;2020-02-02;T19-20;SP2;Mirandes;Vallecano;0;0;0,0;1;0,335;0,4479;0,2171
56181;2020-02-02;T19-20;SP2;Numancia;Almeria;1;1;0,0;2;0,2949;0,282;0,4232
26049;2020-02-02;T19-20;F1;Nice;Lyon;2;1;1,0;1;0,3112;0,4371;0,2517
26050;2020-02-02;T19-20;F1;Metz;St Etienne;3;1;1,0;1;0,3378;0,4027;0,2595
26051;2020-02-02;T19-20;F1;Bordeaux;Marseille;0;0;0,0;1;0,2761;0,3669;0,3571
34359;2020-02-03;T19-20;I1;Sampdoria;Napoli;2;4;2,0;2;0,2579;0,193;0,549
26052;2020-02-04;T19-20;F1;Lille;Rennes;1;0;1,0;1;0,2874;0,4749;0,2376
26053;2020-02-04;T19-20;F1;Monaco;Angers;1;0;1,0;1;0,2617;0,479;0,2593
26054;2020-02-04;T19-20;F1;Nantes;Paris SG;1;2;2,0;2;0,1783;0,1043;0,7174
26056;2020-02-05;T19-20;F1;Lyon;Amiens;0;0;0,0;1;0,2319;0,6259;0,1421
34360;2020-02-05;T19-20;I1;Lazio;Verona;0;0;0,0;1;0,1923;0,7363;0,0714
26061;2020-02-05;T19-20;F1;St Etienne;Marseille;0;2;2,0;2;0,2344;0,2031;0,5625
26060;2020-02-05;T19-20;F1;Toulouse;Strasbourg;0;1;2,0;2;0,3318;0,1685;0,4997
26059;2020-02-05;T19-20;F1;Reims;Nice;1;1;0,0;1;0,2956;0,5258;0,1786
26058;2020-02-05;T19-20;F1;Nimes;Dijon;2;0;1,0;1;0,37;0,3833;0,2467
26057;2020-02-05;T19-20;F1;Montpellier;Metz;1;1;0,0;1;0,2933;0,5171;0,1896
26055;2020-02-05;T19-20;F1;Brest;Bordeaux;1;1;0,0;0;0,3505;0,322;0,3275
34361;2020-02-07;T19-20;I1;Roma;Bologna;2;3;2,0;1;0,2264;0,653;0,1206
44349;2020-02-07;T19-20;SP1;Alaves;Eibar;2;1;1,0;1;0,2949;0,5061;0,199
26062;2020-02-07;T19-20;F1;Angers;Lille;0;2;2,0;2;0,2373;0,3429;0,4198
5866;2020-02-07;T19-20;D1;Ein Frankfurt;Augsburg;5;0;1,0;1;0,28;0,5531;0,1669
56184;2020-02-07;T19-20;SP2;Almeria;Santander;0;1;2,0;1;0,2082;0,7237;0,0681
26066;2020-02-08;T19-20;F1;Metz;Bordeaux;1;2;2,0;0;0,3552;0,3316;0,3132
26067;2020-02-08;T19-20;F1;Nice;Nimes;1;3;2,0;1;0,2161;0,6741;0,1099
5872;2020-02-08;T19-20;D1;Leverkusen;Dortmund;4;3;1,0;1;0,2863;0,4219;0,2919
44352;2020-02-08;T19-20;SP1;Valladolid;Villarreal;1;1;0,0;1;0,2671;0,4666;0,2663
5867;2020-02-08;T19-20;D1;Freiburg;Hoffenheim;1;0;1,0;1;0,2841;0,4698;0,2461
34362;2020-02-08;T19-20;I1;Fiorentina;Atalanta;1;2;2,0;2;0,1857;0,1524;0,6619
15803;2020-02-08;T19-20;E0;Brighton;Watford;1;1;0,0;1;0,2326;0,6483;0,1191
15802;2020-02-08;T19-20;E0;Everton;Crystal Palace;3;1;1,0;1;0,2755;0,4672;0,2573
5868;2020-02-08;T19-20;D1;Hertha;Mainz;1;3;2,0;1;0,2928;0,5216;0,1857
5869;2020-02-08;T19-20;D1;Schalke 04;Paderborn;1;1;0,0;1;0,242;0,6755;0,0825
26068;2020-02-08;T19-20;F1;Rennes;Brest;0;0;0,0;1;0,205;0,7059;0,089
34363;2020-02-08;T19-20;I1;Torino;Sampdoria;1;3;2,0;1;0,3107;0,3704;0,3189
56188;2020-02-08;T19-20;SP2;Zaragoza;Fuenlabrada;0;0;0,0;1;0,3083;0,4747;0,217
44353;2020-02-08;T19-20;SP1;Ath Madrid;Granada;1;0;1,0;1;0,2976;0,5569;0,1454
56187;2020-02-08;T19-20;SP2;Las Palmas;Cadiz;1;2;2,0;2;0,323;0,3381;0,3389
26065;2020-02-08;T19-20;F1;Dijon;Nantes;3;3;0,0;2;0,321;0,3205;0,3585
56186;2020-02-08;T19-20;SP2;Girona;Huesca;1;0;1,0;1;0,361;0,3889;0,2501
56185;2020-02-08;T19-20;SP2;Extremadura;Tenerife;2;4;2,0;1;0,3004;0,4218;0,2777
5871;2020-02-08;T19-20;D1;Wolfsburg;Fortuna Dusseldorf;1;1;0,0;1;0,1727;0,728;0,0993
26063;2020-02-08;T19-20;F1;Marseille;Toulouse;1;0;1,0;1;0,0943;0,8718;0,0338
26064;2020-02-08;T19-20;F1;Amiens;Monaco;1;2;2,0;2;0,264;0,3119;0,4241
44350;2020-02-08;T19-20;SP1;Levante;Leganes;2;0;1,0;1;0,1963;0,6882;0,1155
44351;2020-02-08;T19-20;SP1;Getafe;Valencia;3;0;1,0;1;0,3378;0,447;0,2152
34364;2020-02-08;T19-20;I1;Verona;Juventus;2;1;1,0;2;0,2257;0,1655;0,6088
5870;2020-02-08;T19-20;D1;Werder Bremen;Union Berlin;0;2;2,0;2;0,2783;0,3007;0,421
56192;2020-02-09;T19-20;SP2;Lugo;Elche;2;2;0,0;1;0,293;0,4768;0,2303
56191;2020-02-09;T19-20;SP2;Sp Gijon;Mirandes;2;2;0,0;1;0,3322;0,4252;0,2426
56190;2020-02-09;T19-20;SP2;Alcorcon;La Coruna;0;1;2,0;1;0,3209;0,5219;0,1573
56189;2020-02-09;T19-20;SP2;Albacete;Ponferradina;1;1;0,0;1;0,2741;0,5228;0,2031
26070;2020-02-09;T19-20;F1;Strasbourg;Reims;3;0;1,0;1;0,2892;0,3842;0,3266
15804;2020-02-09;T19-20;E0;Sheffield United;Bournemouth;2;1;1,0;1;0,2462;0,6171;0,1367
44358;2020-02-09;T19-20;SP1;Betis;Barcelona;2;3;2,0;2;0,244;0,2225;0,5336
44357;2020-02-09;T19-20;SP1;Celta;Sevilla;2;1;1,0;2;0,2519;0,3184;0,4296
44356;2020-02-09;T19-20;SP1;Osasuna;Real Madrid;1;4;2,0;2;0,2516;0,2343;0,5141
44355;2020-02-09;T19-20;SP1;Sociedad;Ath Bilbao;2;1;1,0;1;0,2699;0,4501;0,28
44354;2020-02-09;T19-20;SP1;Espanol;Mallorca;1;0;1,0;2;0,2992;0,344;0,3568
56193;2020-02-09;T19-20;SP2;Vallecano;Oviedo;1;1;0,0;1;0,2798;0,4849;0,2353
34370;2020-02-09;T19-20;I1;Inter;Milan;4;2;1,0;1;0,2337;0,6595;0,1068
34369;2020-02-09;T19-20;I1;Parma;Lazio;0;1;2,0;2;0,2125;0,1668;0,6207
34368;2020-02-09;T19-20;I1;Napoli;Lecce;2;3;2,0;1;0,1702;0,751;0,0788
34367;2020-02-09;T19-20;I1;Genoa;Cagliari;1;0;1,0;2;0,2695;0,3542;0,3764
34366;2020-02-09;T19-20;I1;Brescia;Udinese;1;1;0,0;1;0,2769;0,3846;0,3385
34365;2020-02-09;T19-20;I1;Spal;Sassuolo;1;2;2,0;2;0,3079;0,2366;0,4555
26071;2020-02-09;T19-20;F1;Paris SG;Lyon;4;2;1,0;1;0,121;0,8313;0,0477
56194;2020-02-09;T19-20;SP2;Malaga;Numancia;2;1;1,0;1;0,3517;0,4624;0,1859
26069;2020-02-09;T19-20;F1;Montpellier;St Etienne;1;0;1,0;1;0,2669;0,5217;0,2114
5873;2020-02-09;T19-20;D1;Bayern Munich;RB Leipzig;0;0;0,0;1;0,2008;0,6847;0,1145
15805;2020-02-14;T19-20;E0;Wolves;Leicester;0;0;0,0;2;0,2444;0,3403;0,4154
56195;2020-02-14;T19-20;SP2;La Coruna;Girona;2;2;0,0;0;0,3615;0,2937;0,3448
26072;2020-02-14;T19-20;F1;Monaco;Montpellier;1;0;1,0;1;0,2858;0,4918;0,2223
44359;2020-02-14;T19-20;SP1;Valencia;Ath Madrid;2;2;0,0;1;0,3202;0,4268;0,253
5874;2020-02-14;T19-20;D1;Dortmund;Ein Frankfurt;4;0;1,0;1;0,1581;0,7741;0,0678
5878;2020-02-15;T19-20;D1;RB Leipzig;Werder Bremen;3;0;1,0;1;0,1315;0,8222;0,0463
5879;2020-02-15;T19-20;D1;Union Berlin;Leverkusen;2;3;2,0;2;0,3485;0,2592;0,3923
5880;2020-02-15;T19-20;D1;Fortuna Dusseldorf;M'gladbach;1;4;2,0;2;0,1956;0,0927;0,7117
26073;2020-02-15;T19-20;F1;Amiens;Paris SG;4;4;0,0;2;0,1635;0,1;0,7364
26074;2020-02-15;T19-20;F1;Bordeaux;Dijon;2;2;0,0;1;0,2759;0,5687;0,1553
26075;2020-02-15;T19-20;F1;Nantes;Metz;0;0;0,0;1;0,2943;0,5352;0,1705
26076;2020-02-15;T19-20;F1;Nimes;Angers;1;0;1,0;2;0,2979;0,2421;0,46
15806;2020-02-15;T19-20;E0;Southampton;Burnley;1;2;2,0;1;0,3359;0,423;0,2411
34371;2020-02-15;T19-20;I1;Lecce;Spal;2;1;1,0;1;0,2721;0,5544;0,1735
34372;2020-02-15;T19-20;I1;Bologna;Genoa;0;3;2,0;1;0,3018;0,5565;0,1417
34373;2020-02-15;T19-20;I1;Atalanta;Roma;2;1;1,0;1;0,279;0,3997;0,3213
44360;2020-02-15;T19-20;SP1;Mallorca;Alaves;1;0;1,0;1;0,353;0,4208;0,2261
44361;2020-02-15;T19-20;SP1;Barcelona;Getafe;2;1;1,0;1;0,2196;0,6501;0,1303
44362;2020-02-15;T19-20;SP1;Villarreal;Levante;2;1;1,0;1;0,2575;0,5908;0,1516
44363;2020-02-15;T19-20;SP1;Granada;Valladolid;2;1;1,0;1;0,3413;0,479;0,1797
56197;2020-02-15;T19-20;SP2;Numancia;Las Palmas;1;1;0,0;1;0,3033;0,3903;0,3064
15807;2020-02-15;T19-20;E0;Norwich;Liverpool;0;1;2,0;2;0,0805;0,0636;0,8559
26077;2020-02-15;T19-20;F1;Toulouse;Nice;0;2;2,0;2;0,2529;0,1423;0,6048
5877;2020-02-15;T19-20;D1;Paderborn;Hertha;1;2;2,0;2;0,263;0,2126;0,5244
56196;2020-02-15;T19-20;SP2;Huesca;Almeria;3;2;1,0;1;0,3536;0,4238;0,2226
5875;2020-02-15;T19-20;D1;Augsburg;Freiburg;1;1;0,0;1;0,3145;0,4097;0,2757
56198;2020-02-15;T19-20;SP2;Oviedo;Alcorcon;1;2;2,0;1;0,3289;0,3509;0,3202
56199;2020-02-15;T19-20;SP2;Elche;Zaragoza;1;2;2,0;1;0,2913;0,4102;0,2986
5876;2020-02-15;T19-20;D1;Hoffenheim;Wolfsburg;2;3;2,0;1;0,2878;0,5325;0,1797
56205;2020-02-16;T19-20;SP2;Tenerife;Vallecano;0;0;0,0;2;0,3503;0,2776;0,3721
34374;2020-02-16;T19-20;I1;Udinese;Verona;0;0;0,0;1;0,3234;0,3879;0,2888
34375;2020-02-16;T19-20;I1;Juventus;Brescia;2;0;1,0;1;0,0901;0,8801;0,0298
34376;2020-02-16;T19-20;I1;Sampdoria;Fiorentina;1;5;2,0;0;0,3581;0,3337;0,3082
34377;2020-02-16;T19-20;I1;Sassuolo;Parma;0;1;2,0;2;0,2784;0,3229;0,3987
34378;2020-02-16;T19-20;I1;Cagliari;Napoli;0;1;2,0;1;0,2362;0,496;0,2678
56204;2020-02-16;T19-20;SP2;Santander;Sp Gijon;0;2;2,0;2;0,291;0,3344;0,3747
56203;2020-02-16;T19-20;SP2;Ponferradina;Extremadura;0;0;0,0;1;0,3176;0,4798;0,2026
56202;2020-02-16;T19-20;SP2;Cadiz;Malaga;0;1;2,0;1;0,2686;0,6253;0,1061
56201;2020-02-16;T19-20;SP2;Mirandes;Albacete;1;1;0,0;1;0,299;0,5135;0,1874
56200;2020-02-16;T19-20;SP2;Fuenlabrada;Lugo;0;1;2,0;1;0,3503;0,4509;0,1989
44364;2020-02-16;T19-20;SP1;Sevilla;Espanol;2;2;0,0;1;0,1244;0,8306;0,045
44365;2020-02-16;T19-20;SP1;Leganes;Betis;0;0;0,0;2;0,295;0,3096;0,3954
44366;2020-02-16;T19-20;SP1;Ath Bilbao;Osasuna;0;1;2,0;1;0,2936;0,5267;0,1796
44367;2020-02-16;T19-20;SP1;Real Madrid;Celta;2;2;0,0;1;0,1095;0,8534;0,0372
15809;2020-02-16;T19-20;E0;Arsenal;Newcastle;4;0;1,0;1;0,2946;0,474;0,2314
15808;2020-02-16;T19-20;E0;Aston Villa;Tottenham;2;3;2,0;2;0,3494;0,2581;0,3925
26081;2020-02-16;T19-20;F1;Lille;Marseille;1;2;2,0;1;0,3287;0,3461;0,3252
26080;2020-02-16;T19-20;F1;Reims;Rennes;1;0;1,0;1;0,2853;0,4436;0,2711
34379;2020-02-16;T19-20;I1;Lazio;Inter;2;1;1,0;1;0,355;0,3764;0,2686
26078;2020-02-16;T19-20;F1;Lyon;Strasbourg;1;1;0,0;1;0,3108;0,4717;0,2175
26079;2020-02-16;T19-20;F1;Brest;St Etienne;3;2;1,0;1;0,3423;0,3858;0,2719
5882;2020-02-16;T19-20;D1;Mainz;Schalke 04;0;0;0,0;2;0,2352;0,2216;0,5431
5881;2020-02-16;T19-20;D1;FC Koln;Bayern Munich;1;4;2,0;2;0,2212;0,1228;0,6561
34380;2020-02-17;T19-20;I1;Milan;Torino;1;0;1,0;1;0,2574;0,6086;0,1341
15810;2020-02-17;T19-20;E0;Chelsea;Man United;0;2;2,0;1;0,2916;0,4754;0,2331
15811;2020-02-19;T19-20;E0;Man City;West Ham;2;0;1,0;1;0,1102;0,843;0,0467
56206;2020-02-19;T19-20;SP2;Mirandes;Zaragoza;1;1;0,0;1;0,3148;0,3572;0,328
26082;2020-02-21;T19-20;F1;Nice;Brest;2;2;0,0;1;0,2797;0,5109;0,2094
5883;2020-02-21;T19-20;D1;Bayern Munich;Paderborn;3;2;1,0;1;0,0944;0,8671;0,0385
34381;2020-02-21;T19-20;I1;Brescia;Napoli;1;2;2,0;2;0,2723;0,245;0,4827
56207;2020-02-21;T19-20;SP2;Sp Gijon;Cadiz;1;0;1,0;2;0,2536;0,2369;0,5095
26083;2020-02-21;T19-20;F1;Metz;Lyon;0;2;2,0;2;0,2961;0,292;0,4119
44368;2020-02-21;T19-20;SP1;Betis;Mallorca;3;3;0,0;1;0,296;0,541;0,1629
5885;2020-02-22;T19-20;D1;Hertha;FC Koln;0;5;2,0;1;0,2927;0,5229;0,1844
5884;2020-02-22;T19-20;D1;Freiburg;Fortuna Dusseldorf;0;2;2,0;1;0,2365;0,6235;0,14
44369;2020-02-22;T19-20;SP1;Celta;Leganes;1;0;1,0;1;0,3021;0,4724;0,2255
44371;2020-02-22;T19-20;SP1;Sociedad;Valencia;3;0;1,0;1;0,2398;0,6326;0,1276
44372;2020-02-22;T19-20;SP1;Levante;Real Madrid;1;0;1,0;2;0,2758;0,2562;0,4679
5887;2020-02-22;T19-20;D1;Werder Bremen;Dortmund;0;2;2,0;2;0,1993;0,089;0,7117
15817;2020-02-22;T19-20;E0;Leicester;Man City;0;1;2,0;1;0,2314;0,4719;0,2966
15816;2020-02-22;T19-20;E0;Southampton;Aston Villa;2;0;1,0;1;0,2768;0,5682;0,155
15815;2020-02-22;T19-20;E0;Sheffield United;Brighton;1;1;0,0;1;0,2747;0,5278;0,1975
15814;2020-02-22;T19-20;E0;Crystal Palace;Newcastle;1;0;1,0;1;0,2841;0,5238;0,1921
15813;2020-02-22;T19-20;E0;Burnley;Bournemouth;3;0;1,0;1;0,2562;0,5824;0,1614
15812;2020-02-22;T19-20;E0;Chelsea;Tottenham;2;1;1,0;1;0,2828;0,4894;0,2278
44370;2020-02-22;T19-20;SP1;Barcelona;Eibar;5;0;1,0;1;0,1122;0,8396;0,0482
5888;2020-02-22;T19-20;D1;Schalke 04;RB Leipzig;0;5;2,0;1;0,2503;0,4223;0,3273
5886;2020-02-22;T19-20;D1;M'gladbach;Hoffenheim;1;1;0,0;1;0,2076;0,6667;0,1256
26087;2020-02-22;T19-20;F1;Lille;Toulouse;3;0;1,0;1;0,1226;0,8257;0,0517
56209;2020-02-22;T19-20;SP2;Almeria;Fuenlabrada;0;0;0,0;1;0,2779;0,5584;0,1637
26088;2020-02-22;T19-20;F1;Strasbourg;Amiens;0;0;0,0;1;0,2666;0,5661;0,1673
56208;2020-02-22;T19-20;SP2;Alcorcon;Las Palmas;1;1;0,0;1;0,2927;0,5069;0,2005
26086;2020-02-22;T19-20;F1;Dijon;Monaco;1;1;0,0;1;0,331;0,3627;0,3064
56210;2020-02-22;T19-20;SP2;Girona;Ponferradina;2;0;1,0;1;0,289;0,5201;0,1909
56211;2020-02-22;T19-20;SP2;Tenerife;Elche;1;0;1,0;2;0,3549;0,2835;0,3615
26085;2020-02-22;T19-20;F1;Angers;Montpellier;1;0;1,0;1;0,2574;0,5449;0,1977
56212;2020-02-22;T19-20;SP2;Albacete;Numancia;2;1;1,0;1;0,307;0,492;0,2009
34382;2020-02-22;T19-20;I1;Bologna;Udinese;1;1;0,0;1;0,2463;0,5204;0,2333
34383;2020-02-22;T19-20;I1;Spal;Juventus;1;2;2,0;2;0,1397;0,0568;0,8034
34384;2020-02-22;T19-20;I1;Fiorentina;Milan;1;1;0,0;2;0,3285;0,3043;0,3672
26084;2020-02-22;T19-20;F1;Marseille;Nantes;1;3;2,0;1;0,2231;0,6447;0,1322
26091;2020-02-23;T19-20;F1;Paris SG;Bordeaux;4;3;1,0;1;0,1286;0,8232;0,0482
56215;2020-02-23;T19-20;SP2;Extremadura;Mirandes;3;2;1,0;1;0,3155;0,4126;0,2718
56216;2020-02-23;T19-20;SP2;Malaga;Santander;2;0;1,0;1;0,2946;0,582;0,1235
26089;2020-02-23;T19-20;F1;St Etienne;Reims;1;1;0,0;2;0,3162;0,3199;0,3639
26090;2020-02-23;T19-20;F1;Rennes;Nimes;2;1;1,0;1;0,1286;0,8201;0,0512
56217;2020-02-23;T19-20;SP2;Vallecano;Huesca;2;0;1,0;2;0,2751;0,3435;0,3814
15818;2020-02-23;T19-20;E0;Man United;Watford;3;0;1,0;1;0,1839;0,7258;0,0904
5890;2020-02-23;T19-20;D1;Wolfsburg;Mainz;4;0;1,0;1;0,236;0,6511;0,1129
15820;2020-02-23;T19-20;E0;Arsenal;Everton;3;2;1,0;1;0,2567;0,5714;0,1719
5889;2020-02-23;T19-20;D1;Leverkusen;Augsburg;2;0;1,0;1;0,2192;0,6692;0,1116
44376;2020-02-23;T19-20;SP1;Getafe;Sevilla;0;3;2,0;1;0,3279;0,3518;0,3203
44375;2020-02-23;T19-20;SP1;Valladolid;Espanol;2;1;1,0;1;0,2168;0,7094;0,0738
44374;2020-02-23;T19-20;SP1;Alaves;Ath Bilbao;2;1;1,0;2;0,2833;0,2127;0,504
44373;2020-02-23;T19-20;SP1;Osasuna;Granada;0;3;2,0;1;0,299;0,3811;0,3199
56213;2020-02-23;T19-20;SP2;Lugo;Oviedo;1;0;1,0;1;0,2881;0,4504;0,2615
56214;2020-02-23;T19-20;SP2;Zaragoza;La Coruna;3;1;1,0;1;0,2262;0,6598;0,1141
34385;2020-02-23;T19-20;I1;Genoa;Lazio;2;3;2,0;2;0,1712;0,0767;0,7521
34386;2020-02-23;T19-20;I1;Roma;Lecce;4;0;1,0;1;0,1427;0,8127;0,0446
15819;2020-02-23;T19-20;E0;Wolves;Norwich;3;0;1,0;1;0,1314;0,8048;0,0638
44377;2020-02-23;T19-20;SP1;Ath Madrid;Villarreal;3;1;1,0;1;0,2603;0,5504;0,1893
5891;2020-02-24;T19-20;D1;Ein Frankfurt;Union Berlin;1;2;2,0;1;0,3289;0,4404;0,2307
15821;2020-02-24;T19-20;E0;Liverpool;West Ham;3;2;1,0;1;0,0434;0,9368;0,0199
15822;2020-02-28;T19-20;E0;Norwich;Leicester;1;0;1,0;2;0,1896;0,1962;0,6142
56218;2020-02-28;T19-20;SP2;Las Palmas;Malaga;1;1;0,0;1;0,2827;0,5329;0,1844
5892;2020-02-28;T19-20;D1;Fortuna Dusseldorf;Hertha;3;3;0,0;2;0,3334;0,2948;0,3718
44378;2020-02-28;T19-20;SP1;Sociedad;Valladolid;1;0;1,0;1;0,2234;0,6819;0,0946
26092;2020-02-28;T19-20;F1;Nimes;Marseille;2;3;2,0;2;0,2263;0,1032;0,6705
26093;2020-02-29;T19-20;F1;Paris SG;Dijon;4;0;1,0;1;0,0594;0,9147;0,0259
26094;2020-02-29;T19-20;F1;Amiens;Metz;0;1;2,0;1;0,3044;0,3505;0,3451
34387;2020-02-29;T19-20;I1;Lazio;Bologna;2;0;1,0;1;0,1335;0,8141;0,0523
34388;2020-02-29;T19-20;I1;Napoli;Torino;2;1;1,0;1;0,2306;0,6412;0,1282
5896;2020-02-29;T19-20;D1;Mainz;Paderborn;2;0;1,0;1;0,2701;0,602;0,1279
5897;2020-02-29;T19-20;D1;FC Koln;Schalke 04;3;0;1,0;2;0,3104;0,2554;0,4342
26097;2020-02-29;T19-20;F1;Montpellier;Strasbourg;3;0;1,0;1;0,2645;0,5193;0,2162
15827;2020-02-29;T19-20;E0;Watford;Liverpool;3;0;1,0;2;0,0896;0,0784;0,832
15825;2020-02-29;T19-20;E0;Newcastle;Burnley;0;0;0,0;1;0,3232;0,4542;0,2226
15824;2020-02-29;T19-20;E0;Bournemouth;Chelsea;2;2;0,0;2;0,2974;0,2835;0,4191
15823;2020-02-29;T19-20;E0;Brighton;Crystal Palace;0;1;2,0;1;0,2899;0,4464;0,2636
26096;2020-02-29;T19-20;F1;Monaco;Reims;1;1;0,0;2;0,2904;0,351;0,3586
44382;2020-02-29;T19-20;SP1;Granada;Celta;0;0;0,0;1;0,3083;0,5736;0,118
26095;2020-02-29;T19-20;F1;Brest;Angers;0;1;2,0;2;0,2784;0,3306;0,391
15826;2020-02-29;T19-20;E0;West Ham;Southampton;3;1;1,0;1;0,2861;0,5151;0,1988
44379;2020-02-29;T19-20;SP1;Eibar;Levante;3;0;1,0;1;0,3267;0,4232;0,25
5893;2020-02-29;T19-20;D1;Augsburg;M'gladbach;2;3;2,0;2;0,2353;0,2203;0,5444
56223;2020-02-29;T19-20;SP2;Santander;Zaragoza;2;2;0,0;2;0,2317;0,198;0,5704
44380;2020-02-29;T19-20;SP1;Valencia;Betis;2;1;1,0;1;0,3022;0,5452;0,1526
56221;2020-02-29;T19-20;SP2;Cadiz;Almeria;2;1;1,0;1;0,3516;0,4671;0,1813
56222;2020-02-29;T19-20;SP2;Albacete;Vallecano;1;1;0,0;1;0,3354;0,4229;0,2417
56219;2020-02-29;T19-20;SP2;Huesca;Extremadura;2;2;0,0;1;0,247;0,6344;0,1186
5894;2020-02-29;T19-20;D1;Dortmund;Freiburg;1;0;1,0;1;0,1853;0,7202;0,0945
5895;2020-02-29;T19-20;D1;Hoffenheim;Bayern Munich;0;6;2,0;2;0,2336;0,1978;0,5685
26098;2020-02-29;T19-20;F1;Toulouse;Rennes;0;2;2,0;2;0,1922;0,0845;0,7233
56220;2020-02-29;T19-20;SP2;Ponferradina;Sp Gijon;1;0;1,0;1;0,3059;0,4987;0,1953
44381;2020-02-29;T19-20;SP1;Leganes;Alaves;1;1;0,0;0;0,3698;0,2948;0,3354
34389;2020-03-01;T19-20;I1;Lecce;Atalanta;2;7;2,0;2;0,225;0,1374;0,6377
34390;2020-03-01;T19-20;I1;Cagliari;Roma;3;4;2,0;1;0,2589;0,4158;0,3253
5898;2020-03-01;T19-20;D1;Union Berlin;Wolfsburg;2;2;0,0;0;0,3935;0,2989;0,3076
56224;2020-03-01;T19-20;SP2;Mirandes;Girona;1;1;0,0;1;0,2792;0,5518;0,1691
5899;2020-03-01;T19-20;D1;RB Leipzig;Leverkusen;1;1;0,0;1;0,1715;0,7314;0,0971
56226;2020-03-01;T19-20;SP2;La Coruna;Lugo;0;0;0,0;0;0,4381;0,2966;0,2654
56227;2020-03-01;T19-20;SP2;Fuenlabrada;Alcorcon;3;4;2,0;1;0,2804;0,5824;0,1372
56228;2020-03-01;T19-20;SP2;Oviedo;Tenerife;1;0;1,0;1;0,287;0,5727;0,1403
56225;2020-03-01;T19-20;SP2;Elche;Numancia;2;0;1,0;1;0,3285;0,462;0,2095
26101;2020-03-01;T19-20;F1;Lyon;St Etienne;2;0;1,0;1;0,2557;0,5272;0,2171
26100;2020-03-01;T19-20;F1;Bordeaux;Nice;1;1;0,0;1;0,2817;0,4675;0,2508
26099;2020-03-01;T19-20;F1;Nantes;Lille;0;1;2,0;1;0,3027;0,4087;0,2886
44383;2020-03-01;T19-20;SP1;Sevilla;Osasuna;3;2;1,0;1;0,1737;0,7565;0,0698
44385;2020-03-01;T19-20;SP1;Espanol;Ath Madrid;1;1;0,0;2;0,2303;0,0937;0,6759
44386;2020-03-01;T19-20;SP1;Mallorca;Getafe;0;1;2,0;2;0,3016;0,1549;0,5435
44384;2020-03-01;T19-20;SP1;Ath Bilbao;Villarreal;1;0;1,0;1;0,2344;0,6431;0,1224
15829;2020-03-01;T19-20;E0;Tottenham;Wolves;2;3;2,0;0;0,3626;0,318;0,3194
15828;2020-03-01;T19-20;E0;Everton;Man United;1;1;0,0;0;0,362;0,3366;0,3013
44387;2020-03-01;T19-20;SP1;Real Madrid;Barcelona;2;0;1,0;1;0,3219;0,4959;0,1821
44388;2020-03-06;T19-20;SP1;Alaves;Valencia;1;1;0,0;2;0,276;0,2759;0,4481
56229;2020-03-06;T19-20;SP2;Lugo;Cadiz;1;1;0,0;2;0,2606;0,2403;0,4991
5900;2020-03-06;T19-20;D1;Paderborn;FC Koln;1;2;2,0;2;0,3119;0,3126;0,3755
26102;2020-03-06;T19-20;F1;Marseille;Amiens;2;2;0,0;1;0,1409;0,8133;0,0458
5906;2020-03-07;T19-20;D1;M'gladbach;Dortmund;1;2;2,0;1;0,302;0,4088;0,2892
5903;2020-03-07;T19-20;D1;Leverkusen;Ein Frankfurt;4;0;1,0;1;0,1998;0,6803;0,1199
5904;2020-03-07;T19-20;D1;Schalke 04;Hoffenheim;1;1;0,0;2;0,2549;0,2905;0,4546
5905;2020-03-07;T19-20;D1;Wolfsburg;RB Leipzig;0;0;0,0;2;0,2978;0,2349;0,4673
15836;2020-03-07;T19-20;E0;Burnley;Tottenham;1;1;0,0;1;0,2598;0,4059;0,3343
56234;2020-03-07;T19-20;SP2;Almeria;La Coruna;4;0;1,0;1;0,2899;0,5589;0,1512
15834;2020-03-07;T19-20;E0;Southampton;Newcastle;0;1;2,0;1;0,3104;0,3612;0,3284
15833;2020-03-07;T19-20;E0;Sheffield United;Norwich;1;0;1,0;1;0,2003;0,7111;0,0886
15832;2020-03-07;T19-20;E0;Crystal Palace;Watford;1;0;1,0;1;0,2163;0,6501;0,1335
15831;2020-03-07;T19-20;E0;Arsenal;West Ham;1;0;1,0;1;0,2403;0,6337;0,126
15830;2020-03-07;T19-20;E0;Liverpool;Bournemouth;2;1;1,0;1;0,0436;0,9349;0,0215
15835;2020-03-07;T19-20;E0;Wolves;Brighton;0;0;0,0;1;0,2354;0,5992;0,1654
56233;2020-03-07;T19-20;SP2;Numancia;Santander;1;2;2,0;1;0,2989;0,5847;0,1164
44392;2020-03-07;T19-20;SP1;Getafe;Celta;0;0;0,0;1;0,2515;0,6404;0,1081
56231;2020-03-07;T19-20;SP2;Girona;Albacete;1;1;0,0;1;0,3035;0,4961;0,2004
56232;2020-03-07;T19-20;SP2;Huesca;Fuenlabrada;2;0;1,0;1;0,2776;0,5359;0,1865
26106;2020-03-07;T19-20;F1;Nice;Monaco;2;1;1,0;1;0,2525;0,586;0,1614
26105;2020-03-07;T19-20;F1;Metz;Nimes;2;1;1,0;1;0,2198;0,6733;0,1069
26104;2020-03-07;T19-20;F1;Dijon;Toulouse;2;1;1,0;1;0,1939;0,7182;0,088
26103;2020-03-07;T19-20;F1;Angers;Nantes;2;0;1,0;1;0,2707;0,4977;0,2315
44389;2020-03-07;T19-20;SP1;Eibar;Mallorca;1;2;2,0;1;0,2741;0,5487;0,1772
44390;2020-03-07;T19-20;SP1;Ath Madrid;Sevilla;2;2;0,0;1;0,3012;0,4494;0,2493
44391;2020-03-07;T19-20;SP1;Barcelona;Sociedad;1;0;1,0;1;0,1703;0,7586;0,0711
26107;2020-03-07;T19-20;F1;Reims;Brest;1;0;1,0;1;0,2575;0,6227;0,1198
5901;2020-03-07;T19-20;D1;Freiburg;Union Berlin;3;1;1,0;1;0,2634;0,5653;0,1713
56230;2020-03-07;T19-20;SP2;Extremadura;Oviedo;1;2;2,0;1;0,3068;0,4138;0,2794
5902;2020-03-07;T19-20;D1;Hertha;Werder Bremen;2;2;0,0;1;0,2548;0,5815;0,1637
26110;2020-03-08;T19-20;F1;Lille;Lyon;1;0;1,0;1;0,251;0,6142;0,1349
26109;2020-03-08;T19-20;F1;Rennes;Montpellier;5;0;1,0;1;0,2245;0,6777;0,0979
26108;2020-03-08;T19-20;F1;St Etienne;Bordeaux;1;1;0,0;1;0,3079;0,3659;0,3262
5907;2020-03-08;T19-20;D1;Bayern Munich;Augsburg;2;0;1,0;1;0,0816;0,8846;0,0339
5908;2020-03-08;T19-20;D1;Mainz;Fortuna Dusseldorf;1;1;0,0;1;0,2433;0,5835;0,1732
34393;2020-03-08;T19-20;I1;Sampdoria;Verona;2;1;1,0;1;0,3241;0,3967;0,2793
56237;2020-03-08;T19-20;SP2;Alcorcon;Mirandes;1;2;2,0;1;0,2984;0,4991;0,2025
15838;2020-03-08;T19-20;E0;Man United;Man City;2;0;1,0;1;0,28;0,3656;0,3544
15837;2020-03-08;T19-20;E0;Chelsea;Everton;4;0;1,0;1;0,199;0,6948;0,1063
56235;2020-03-08;T19-20;SP2;Vallecano;Elche;2;3;2,0;1;0,2806;0,4904;0,2289
56236;2020-03-08;T19-20;SP2;Malaga;Zaragoza;0;1;2,0;0;0,3819;0,2836;0,3345
34394;2020-03-08;T19-20;I1;Udinese;Fiorentina;0;0;0,0;1;0,2649;0,448;0,2871
56239;2020-03-08;T19-20;SP2;Tenerife;Ponferradina;1;0;1,0;1;0,3027;0,4831;0,2143
34391;2020-03-08;T19-20;I1;Parma;Spal;0;1;2,0;1;0,1826;0,7476;0,0698
34392;2020-03-08;T19-20;I1;Milan;Genoa;1;2;2,0;1;0,2073;0,7196;0,0731
44393;2020-03-08;T19-20;SP1;Osasuna;Espanol;1;0;1,0;1;0,1431;0,7999;0,0569
44394;2020-03-08;T19-20;SP1;Valladolid;Ath Bilbao;1;4;2,0;1;0,3184;0,353;0,3286
44395;2020-03-08;T19-20;SP1;Levante;Granada;1;1;0,0;1;0,318;0,4542;0,2278
34395;2020-03-08;T19-20;I1;Juventus;Inter;2;0;1,0;1;0,318;0,4473;0,2346
44397;2020-03-08;T19-20;SP1;Betis;Real Madrid;2;1;1,0;2;0,2261;0,2054;0,5685
44396;2020-03-08;T19-20;SP1;Villarreal;Leganes;1;2;2,0;1;0,1964;0,7057;0,0979
56238;2020-03-08;T19-20;SP2;Sp Gijon;Las Palmas;4;0;1,0;1;0,2961;0,4139;0,2901
15839;2020-03-09;T19-20;E0;Leicester;Aston Villa;4;0;1,0;1;0,1718;0,7421;0,0861
34396;2020-03-09;T19-20;I1;Sassuolo;Brescia;3;0;1,0;1;0,2198;0,6843;0,096
44398;2020-03-10;T19-20;SP1;Eibar;Sociedad;1;2;2,0;1;0,3141;0,3595;0,3264
5909;2020-03-11;T19-20;D1;M'gladbach;FC Koln;2;1;1,0;1;0,1613;0,7761;0,0626
5910;2020-05-16;T19-20;D1;Augsburg;Wolfsburg;1;2;2,0;1;0,2975;0,4039;0,2987
5911;2020-05-16;T19-20;D1;Dortmund;Schalke 04;4;0;1,0;1;0,2123;0,6762;0,1115
5915;2020-05-16;T19-20;D1;Ein Frankfurt;M'gladbach;1;3;2,0;2;0,2859;0,2542;0,4599
5913;2020-05-16;T19-20;D1;Hoffenheim;Hertha;0;3;2,0;1;0,2423;0,5695;0,1882
5914;2020-05-16;T19-20;D1;RB Leipzig;Freiburg;1;1;0,0;1;0,1937;0,7318;0,0745
5912;2020-05-16;T19-20;D1;Fortuna Dusseldorf;Paderborn;0;0;0,0;1;0,3081;0,5033;0,1886
5916;2020-05-17;T19-20;D1;FC Koln;Mainz;2;2;0,0;1;0,2689;0,5697;0,1614
5917;2020-05-17;T19-20;D1;Union Berlin;Bayern Munich;0;2;2,0;2;0,1989;0,1329;0,6682
5918;2020-05-18;T19-20;D1;Werder Bremen;Leverkusen;1;4;2,0;2;0,2201;0,1546;0,6254
5919;2020-05-22;T19-20;D1;Hertha;Union Berlin;4;0;1,0;1;0,2688;0,5399;0,1913
5920;2020-05-23;T19-20;D1;Freiburg;Werder Bremen;0;1;2,0;1;0,1999;0,7046;0,0955
5922;2020-05-23;T19-20;D1;Paderborn;Hoffenheim;1;1;0,0;2;0,2783;0,2097;0,512
5924;2020-05-23;T19-20;D1;Bayern Munich;Ein Frankfurt;5;2;1,0;1;0,1025;0,8492;0,0483
5923;2020-05-23;T19-20;D1;Wolfsburg;Dortmund;0;2;2,0;2;0,2961;0,2138;0,4901
5921;2020-05-23;T19-20;D1;M'gladbach;Leverkusen;1;3;2,0;1;0,2764;0,4703;0,2533
5927;2020-05-24;T19-20;D1;FC Koln;Fortuna Dusseldorf;2;2;0,0;1;0,2604;0,5921;0,1475
5926;2020-05-24;T19-20;D1;Mainz;RB Leipzig;0;5;2,0;2;0,1747;0,0815;0,7438
5925;2020-05-24;T19-20;D1;Schalke 04;Augsburg;0;3;2,0;1;0,225;0,5794;0,1956
5929;2020-05-26;T19-20;D1;Ein Frankfurt;Freiburg;3;3;0,0;1;0,3029;0,3891;0,308
5928;2020-05-26;T19-20;D1;Dortmund;Bayern Munich;0;1;2,0;1;0,2808;0,3715;0,3477
5931;2020-05-26;T19-20;D1;Werder Bremen;M'gladbach;0;0;0,0;2;0,2281;0,172;0,5999
5930;2020-05-26;T19-20;D1;Leverkusen;Wolfsburg;1;4;2,0;1;0,2501;0,5909;0,159
5932;2020-05-27;T19-20;D1;RB Leipzig;Hertha;2;2;0,0;1;0,1718;0,7621;0,066
5933;2020-05-27;T19-20;D1;Augsburg;Paderborn;0;0;0,0;1;0,2207;0,6883;0,091
5934;2020-05-27;T19-20;D1;Fortuna Dusseldorf;Schalke 04;2;1;1,0;2;0,2792;0,272;0,4488
5935;2020-05-27;T19-20;D1;Hoffenheim;FC Koln;3;1;1,0;1;0,2234;0,6271;0,1495
5936;2020-05-27;T19-20;D1;Union Berlin;Mainz;1;1;0,0;1;0,2616;0,5566;0,1818
5937;2020-05-29;T19-20;D1;Freiburg;Leverkusen;0;1;2,0;2;0,2632;0,3375;0,3993
5940;2020-05-30;T19-20;D1;Schalke 04;Werder Bremen;0;1;2,0;1;0,2254;0,6658;0,1088
5939;2020-05-30;T19-20;D1;Mainz;Hoffenheim;0;1;2,0;2;0,2623;0,2096;0,5281
5941;2020-05-30;T19-20;D1;Wolfsburg;Ein Frankfurt;1;2;2,0;1;0,2392;0,582;0,1787
5938;2020-05-30;T19-20;D1;Hertha;Augsburg;2;0;1,0;1;0,2552;0,5527;0,1921
5942;2020-05-30;T19-20;D1;Bayern Munich;Fortuna Dusseldorf;5;0;1,0;1;0,091;0,8731;0,0359
5943;2020-05-31;T19-20;D1;M'gladbach;Union Berlin;4;1;1,0;1;0,1615;0,7647;0,0737
5944;2020-05-31;T19-20;D1;Paderborn;Dortmund;1;6;2,0;2;0,169;0,0904;0,7405
5945;2020-06-01;T19-20;D1;FC Koln;RB Leipzig;2;4;2,0;2;0,2174;0,1099;0,6727
5946;2020-06-03;T19-20;D1;Werder Bremen;Ein Frankfurt;0;3;2,0;2;0,3048;0,2341;0,4611
5947;2020-06-05;T19-20;D1;Freiburg;M'gladbach;1;0;1,0;2;0,2923;0,3127;0,3949
5951;2020-06-06;T19-20;D1;RB Leipzig;Paderborn;1;1;0,0;1;0,1169;0,8432;0,0398
5950;2020-06-06;T19-20;D1;Leverkusen;Bayern Munich;2;4;2,0;2;0,2482;0,2584;0,4934
5952;2020-06-06;T19-20;D1;Dortmund;Hertha;1;0;1,0;1;0,1414;0,787;0,0716
5948;2020-06-06;T19-20;D1;Ein Frankfurt;Mainz;0;2;2,0;1;0,2604;0,5438;0,1958
5949;2020-06-06;T19-20;D1;Fortuna Dusseldorf;Hoffenheim;2;2;0,0;2;0,3425;0,2897;0,3678
5953;2020-06-07;T19-20;D1;Werder Bremen;Wolfsburg;0;1;2,0;2;0,3297;0,3029;0,3674
5954;2020-06-07;T19-20;D1;Union Berlin;Schalke 04;1;1;0,0;1;0,2915;0,4952;0,2134
5955;2020-06-07;T19-20;D1;Augsburg;FC Koln;1;1;0,0;1;0,2991;0,468;0,2329
56240;2020-06-10;T19-20;SP2;Vallecano;Albacete;1;0;1,0;1;0,2971;0,519;0,1839
44399;2020-06-11;T19-20;SP1;Sevilla;Betis;2;0;1,0;1;0,1817;0,7238;0,0944
56244;2020-06-12;T19-20;SP2;Oviedo;Ponferradina;0;0;0,0;1;0,3512;0,3892;0,2595
56243;2020-06-12;T19-20;SP2;Malaga;Huesca;1;3;2,0;2;0,3555;0,2436;0,4009
56242;2020-06-12;T19-20;SP2;Fuenlabrada;Tenerife;1;0;1,0;1;0,2743;0,5202;0,2056
44401;2020-06-12;T19-20;SP1;Valencia;Levante;1;1;0,0;1;0,2913;0,5269;0,1817
44400;2020-06-12;T19-20;SP1;Granada;Getafe;2;1;1,0;1;0,3546;0,4361;0,2093
5956;2020-06-12;T19-20;D1;Hoffenheim;RB Leipzig;0;2;2,0;2;0,2706;0,3382;0,3912
56241;2020-06-12;T19-20;SP2;Elche;Extremadura;1;1;0,0;1;0,2585;0,6131;0,1284
5961;2020-06-13;T19-20;D1;Wolfsburg;Freiburg;2;2;0,0;1;0,2754;0,5236;0,201
5962;2020-06-13;T19-20;D1;Bayern Munich;M'gladbach;2;1;1,0;1;0,1788;0,7226;0,0986
5960;2020-06-13;T19-20;D1;Paderborn;Werder Bremen;1;5;2,0;0;0,3598;0,3085;0,3317
5959;2020-06-13;T19-20;D1;Hertha;Ein Frankfurt;1;4;2,0;1;0,3055;0,4996;0,1948
44403;2020-06-13;T19-20;SP1;Celta;Villarreal;0;1;2,0;2;0,2433;0,2289;0,5278
56247;2020-06-13;T19-20;SP2;Zaragoza;Alcorcon;1;3;2,0;1;0,326;0,4746;0,1994
56246;2020-06-13;T19-20;SP2;Las Palmas;Girona;0;0;0,0;1;0,3037;0,4309;0,2654
56245;2020-06-13;T19-20;SP2;Santander;Lugo;1;2;2,0;2;0,33;0,3328;0,3372
44404;2020-06-13;T19-20;SP1;Leganes;Valladolid;1;2;2,0;2;0,2822;0,3508;0,367
44405;2020-06-13;T19-20;SP1;Mallorca;Barcelona;0;4;2,0;2;0,2402;0,1262;0,6335
5957;2020-06-13;T19-20;D1;FC Koln;Union Berlin;1;2;2,0;1;0,2736;0,4645;0,2619
5958;2020-06-13;T19-20;D1;Fortuna Dusseldorf;Dortmund;0;1;2,0;2;0,1877;0,0962;0,7161
44402;2020-06-13;T19-20;SP1;Espanol;Alaves;2;0;1,0;0;0,3558;0,3252;0,319
44406;2020-06-14;T19-20;SP1;Ath Bilbao;Ath Madrid;1;1;0,0;2;0,3091;0,3379;0,353
44407;2020-06-14;T19-20;SP1;Real Madrid;Eibar;3;1;1,0;1;0,0932;0,8659;0,041
5963;2020-06-14;T19-20;D1;Mainz;Augsburg;0;1;2,0;2;0,2938;0,3325;0,3737
44408;2020-06-14;T19-20;SP1;Sociedad;Osasuna;1;1;0,0;1;0,2718;0,5834;0,1448
5964;2020-06-14;T19-20;D1;Schalke 04;Leverkusen;1;1;0,0;1;0,2734;0,3862;0,3405
56250;2020-06-14;T19-20;SP2;Albacete;Almeria;0;1;2,0;2;0,3201;0,2832;0,3967
56249;2020-06-14;T19-20;SP2;Mirandes;Numancia;2;1;1,0;1;0,337;0,4112;0,2518
56248;2020-06-14;T19-20;SP2;La Coruna;Sp Gijon;0;0;0,0;1;0,3213;0,4199;0,2589
56251;2020-06-14;T19-20;SP2;Cadiz;Vallecano;1;1;0,0;1;0,3183;0,5514;0,1303
44409;2020-06-15;T19-20;SP1;Levante;Sevilla;1;1;0,0;2;0,2891;0,3184;0,3925
44410;2020-06-15;T19-20;SP1;Betis;Granada;2;2;0,0;1;0,3026;0,3913;0,3061
56252;2020-06-15;T19-20;SP2;Ponferradina;Elche;2;1;1,0;1;0,3067;0,4731;0,2202
56253;2020-06-15;T19-20;SP2;Tenerife;Malaga;0;0;0,0;1;0,3284;0,4415;0,2302
44411;2020-06-16;T19-20;SP1;Getafe;Espanol;0;0;0,0;1;0,1599;0,7706;0,0695
56254;2020-06-16;T19-20;SP2;Lugo;Zaragoza;1;3;2,0;2;0,3414;0,3022;0,3563
56255;2020-06-16;T19-20;SP2;Girona;Santander;0;0;0,0;1;0,222;0,7016;0,0763
44412;2020-06-16;T19-20;SP1;Villarreal;Mallorca;1;0;1,0;1;0,1591;0,7558;0,0851
44413;2020-06-16;T19-20;SP1;Barcelona;Leganes;2;0;1,0;1;0,0917;0,8719;0,0364
5965;2020-06-16;T19-20;D1;M'gladbach;Wolfsburg;3;0;1,0;1;0,1993;0,698;0,1027
5966;2020-06-16;T19-20;D1;Freiburg;Hertha;2;1;1,0;1;0,3064;0,501;0,1926
5967;2020-06-16;T19-20;D1;Union Berlin;Paderborn;1;0;1,0;1;0,2131;0,702;0,0849
5968;2020-06-16;T19-20;D1;Werder Bremen;Bayern Munich;0;1;2,0;2;0,1672;0,0986;0,7342
44414;2020-06-17;T19-20;SP1;Eibar;Ath Bilbao;2;2;0,0;1;0,3269;0,3432;0,3298
44415;2020-06-17;T19-20;SP1;Valladolid;Celta;0;0;0,0;1;0,278;0,5865;0,1355
56257;2020-06-17;T19-20;SP2;Extremadura;Albacete;0;1;2,0;1;0,2984;0,4282;0,2735
15841;2020-06-17;T19-20;E0;Man City;Arsenal;3;0;1,0;1;0,1844;0,7285;0,0872
5970;2020-06-17;T19-20;D1;Augsburg;Hoffenheim;1;3;2,0;2;0,3176;0,3158;0,3667
56258;2020-06-17;T19-20;SP2;Oviedo;La Coruna;2;2;0,0;1;0,3036;0,3886;0,3078
56259;2020-06-17;T19-20;SP2;Vallecano;Fuenlabrada;1;0;1,0;1;0,3015;0,4865;0,212
5971;2020-06-17;T19-20;D1;Dortmund;Mainz;0;2;2,0;1;0,1316;0,8205;0,0479
44416;2020-06-17;T19-20;SP1;Osasuna;Ath Madrid;0;5;2,0;2;0,2967;0,294;0,4093
56256;2020-06-17;T19-20;SP2;Almeria;Las Palmas;0;1;2,0;1;0,3028;0,453;0,2441
5973;2020-06-17;T19-20;D1;RB Leipzig;Fortuna Dusseldorf;2;2;0,0;1;0,1463;0,8053;0,0485
5972;2020-06-17;T19-20;D1;Leverkusen;FC Koln;3;1;1,0;1;0,1952;0,7116;0,0932
5969;2020-06-17;T19-20;D1;Ein Frankfurt;Schalke 04;2;1;1,0;1;0,3009;0,4089;0,2902
15840;2020-06-17;T19-20;E0;Aston Villa;Sheffield United;0;0;0,0;0;0,3543;0,3335;0,3123
44417;2020-06-18;T19-20;SP1;Alaves;Sociedad;2;0;1,0;2;0,2828;0,3515;0,3657
44418;2020-06-18;T19-20;SP1;Real Madrid;Valencia;3;0;1,0;1;0,1505;0,7772;0,0723
56260;2020-06-18;T19-20;SP2;Huesca;Mirandes;1;2;2,0;1;0,3126;0,5005;0,1869
56261;2020-06-18;T19-20;SP2;Numancia;Cadiz;1;2;2,0;2;0,2411;0,2621;0,4968
56262;2020-06-18;T19-20;SP2;Alcorcon;Sp Gijon;0;2;2,0;1;0,3042;0,4996;0,1962
44419;2020-06-19;T19-20;SP1;Granada;Villarreal;0;1;2,0;2;0,3055;0,3386;0,3559
15843;2020-06-19;T19-20;E0;Tottenham;Man United;1;1;0,0;1;0,313;0,4201;0,2668
15842;2020-06-19;T19-20;E0;Norwich;Southampton;0;3;2,0;2;0,2862;0,2282;0,4856
56263;2020-06-19;T19-20;SP2;Elche;Girona;1;0;1,0;1;0,3115;0,4402;0,2483
44421;2020-06-19;T19-20;SP1;Sevilla;Barcelona;0;0;0,0;2;0,2946;0,3254;0,38
44420;2020-06-19;T19-20;SP1;Mallorca;Leganes;1;1;0,0;1;0,2821;0,4605;0,2575
5981;2020-06-20;T19-20;D1;RB Leipzig;Dortmund;0;2;2,0;1;0,2746;0,4078;0,3176
56267;2020-06-20;T19-20;SP2;Malaga;Extremadura;1;1;0,0;1;0,3217;0,4447;0,2336
56266;2020-06-20;T19-20;SP2;Zaragoza;Almeria;0;2;2,0;1;0,3386;0,4242;0,2372
56265;2020-06-20;T19-20;SP2;Las Palmas;Lugo;1;0;1,0;1;0,2833;0,5476;0,1691
56264;2020-06-20;T19-20;SP2;La Coruna;Vallecano;3;3;0,0;1;0,3465;0,3681;0,2854
5982;2020-06-20;T19-20;D1;Schalke 04;Wolfsburg;1;4;2,0;1;0,3188;0,4299;0,2513
44425;2020-06-20;T19-20;SP1;Ath Madrid;Valladolid;1;0;1,0;1;0,2671;0,6206;0,1123
34398;2020-06-20;T19-20;I1;Verona;Cagliari;2;1;1,0;1;0,2559;0,4866;0,2575
34397;2020-06-20;T19-20;I1;Torino;Parma;1;1;0,0;2;0,3097;0,3172;0,373
44424;2020-06-20;T19-20;SP1;Getafe;Eibar;1;1;0,0;1;0,2229;0,6739;0,1032
44423;2020-06-20;T19-20;SP1;Ath Bilbao;Betis;1;0;1,0;1;0,3037;0,501;0,1953
44422;2020-06-20;T19-20;SP1;Espanol;Levante;1;3;2,0;2;0,2791;0,2118;0,5092
15844;2020-06-20;T19-20;E0;Watford;Leicester;1;1;0,0;2;0,2038;0,2066;0,5896
15845;2020-06-20;T19-20;E0;Brighton;Arsenal;2;1;1,0;1;0,287;0,4974;0,2156
15846;2020-06-20;T19-20;E0;West Ham;Wolves;0;2;2,0;2;0,2854;0,3064;0,4082
15847;2020-06-20;T19-20;E0;Bournemouth;Crystal Palace;0;2;2,0;1;0,3291;0,3802;0,2907
5974;2020-06-20;T19-20;D1;Bayern Munich;Freiburg;3;1;1,0;1;0,1002;0,8587;0,0411
5975;2020-06-20;T19-20;D1;FC Koln;Ein Frankfurt;1;1;0,0;1;0,3145;0,4737;0,2118
5976;2020-06-20;T19-20;D1;Fortuna Dusseldorf;Augsburg;1;1;0,0;2;0,2783;0,3237;0,398
5977;2020-06-20;T19-20;D1;Hertha;Leverkusen;2;0;1,0;2;0,235;0,3415;0,4235
5978;2020-06-20;T19-20;D1;Hoffenheim;Union Berlin;4;0;1,0;1;0,2503;0,6262;0,1235
5979;2020-06-20;T19-20;D1;Mainz;Werder Bremen;3;1;1,0;1;0,298;0,508;0,194
5980;2020-06-20;T19-20;D1;Paderborn;M'gladbach;1;3;2,0;2;0,176;0,0951;0,7289
15848;2020-06-21;T19-20;E0;Newcastle;Sheffield United;3;0;1,0;1;0,319;0,4575;0,2235
15849;2020-06-21;T19-20;E0;Aston Villa;Chelsea;1;2;2,0;2;0,2488;0,28;0,4712
15850;2020-06-21;T19-20;E0;Everton;Liverpool;0;0;0,0;2;0,0941;0,0676;0,8383
56268;2020-06-21;T19-20;SP2;Mirandes;Ponferradina;1;2;2,0;1;0,3177;0,4487;0,2336
56269;2020-06-21;T19-20;SP2;Santander;Tenerife;1;2;2,0;2;0,332;0,2739;0,394
44426;2020-06-21;T19-20;SP1;Celta;Alaves;6;0;1,0;1;0,3404;0,4619;0,1976
56271;2020-06-21;T19-20;SP2;Cadiz;Alcorcon;1;1;0,0;1;0,2628;0,6146;0,1225
56272;2020-06-21;T19-20;SP2;Fuenlabrada;Numancia;2;0;1,0;1;0,3174;0,4416;0,241
44427;2020-06-21;T19-20;SP1;Valencia;Osasuna;2;0;1,0;1;0,2981;0,5513;0,1506
44428;2020-06-21;T19-20;SP1;Sociedad;Real Madrid;1;2;2,0;2;0,269;0,294;0,437
34399;2020-06-21;T19-20;I1;Atalanta;Sassuolo;4;1;1,0;1;0,1768;0,7522;0,071
34400;2020-06-21;T19-20;I1;Inter;Sampdoria;2;1;1,0;1;0,0975;0,8686;0,0339
56270;2020-06-21;T19-20;SP2;Albacete;Huesca;2;2;0,0;1;0,3172;0,3866;0,2962
44429;2020-06-22;T19-20;SP1;Villarreal;Sevilla;2;2;0,0;1;0,2849;0,4348;0,2803
44430;2020-06-22;T19-20;SP1;Leganes;Granada;0;0;0,0;2;0,2814;0,2902;0,4284
15851;2020-06-22;T19-20;E0;Man City;Burnley;5;0;1,0;1;0,1389;0,7956;0,0655
34402;2020-06-22;T19-20;I1;Lecce;Milan;1;4;2,0;2;0,2289;0,1965;0,5746
34403;2020-06-22;T19-20;I1;Bologna;Juventus;0;2;2,0;2;0,2151;0,1368;0,6481
34401;2020-06-22;T19-20;I1;Fiorentina;Brescia;1;1;0,0;1;0,2563;0,5955;0,1482
56273;2020-06-22;T19-20;SP2;Sp Gijon;Oviedo;0;1;2,0;1;0,3233;0,4812;0,1954
34406;2020-06-23;T19-20;I1;Genoa;Parma;1;4;2,0;2;0,2588;0,2136;0,5276
34404;2020-06-23;T19-20;I1;Spal;Cagliari;0;1;2,0;2;0,2558;0,1633;0,5809
34405;2020-06-23;T19-20;I1;Verona;Napoli;0;2;2,0;2;0,2905;0,3314;0,378
34407;2020-06-23;T19-20;I1;Torino;Udinese;1;0;1,0;1;0,2845;0,4206;0,2949
15853;2020-06-23;T19-20;E0;Tottenham;West Ham;2;0;1,0;1;0,2109;0,6732;0,1159
44433;2020-06-23;T19-20;SP1;Barcelona;Ath Bilbao;1;0;1,0;1;0,1311;0,814;0,0548
15852;2020-06-23;T19-20;E0;Leicester;Brighton;0;0;0,0;1;0,18;0,7208;0,0992
44431;2020-06-23;T19-20;SP1;Levante;Ath Madrid;0;1;2,0;2;0,2803;0,2639;0,4557
56276;2020-06-23;T19-20;SP2;Extremadura;Zaragoza;1;2;2,0;1;0,309;0,3465;0,3445
56275;2020-06-23;T19-20;SP2;Lugo;Malaga;0;0;0,0;1;0,2888;0,4607;0,2505
56274;2020-06-23;T19-20;SP2;Elche;La Coruna;0;1;2,0;1;0,3054;0,5141;0,1805
44432;2020-06-23;T19-20;SP1;Valladolid;Getafe;1;1;0,0;1;0,2951;0,3895;0,3154
15857;2020-06-24;T19-20;E0;Wolves;Bournemouth;1;0;1,0;1;0,194;0,6951;0,1109
15856;2020-06-24;T19-20;E0;Norwich;Everton;0;1;2,0;2;0,2737;0,2072;0,5192
15855;2020-06-24;T19-20;E0;Newcastle;Aston Villa;1;1;0,0;1;0,2837;0,5203;0,1959
15854;2020-06-24;T19-20;E0;Man United;Sheffield United;3;0;1,0;1;0,2889;0,5464;0,1647
15858;2020-06-24;T19-20;E0;Liverpool;Crystal Palace;4;0;1,0;1;0,0758;0,8967;0,0275
34410;2020-06-24;T19-20;I1;Roma;Sampdoria;2;1;1,0;1;0,1812;0,7572;0,0616
44434;2020-06-24;T19-20;SP1;Alaves;Osasuna;0;1;2,0;1;0,3038;0,3587;0,3376
56279;2020-06-24;T19-20;SP2;Tenerife;Mirandes;4;1;1,0;1;0,2826;0,5085;0,2089
56280;2020-06-24;T19-20;SP2;Albacete;Las Palmas;0;0;0,0;1;0,3085;0,3973;0,2942
56281;2020-06-24;T19-20;SP2;Ponferradina;Santander;1;1;0,0;1;0,2574;0,6676;0,0749
34409;2020-06-24;T19-20;I1;Atalanta;Lazio;3;2;1,0;1;0,3149;0,4475;0,2376
56277;2020-06-24;T19-20;SP2;Girona;Numancia;2;0;1,0;1;0,3338;0,4847;0,1814
34408;2020-06-24;T19-20;I1;Inter;Sassuolo;3;3;0,0;1;0,1337;0,8203;0,0459
56278;2020-06-24;T19-20;SP2;Huesca;Cadiz;1;1;0,0;2;0,3198;0,3179;0,3624
44436;2020-06-24;T19-20;SP1;Real Madrid;Mallorca;2;0;1,0;1;0,0922;0,8754;0,0324
44435;2020-06-24;T19-20;SP1;Sociedad;Celta;0;1;2,0;1;0,2304;0,6525;0,1171
56283;2020-06-25;T19-20;SP2;Vallecano;Sp Gijon;1;1;0,0;1;0,3054;0,506;0,1886
15859;2020-06-25;T19-20;E0;Burnley;Watford;1;0;1,0;1;0,2102;0,6631;0,1267
15860;2020-06-25;T19-20;E0;Southampton;Arsenal;0;2;2,0;1;0,2936;0,3988;0,3075
56282;2020-06-25;T19-20;SP2;Almeria;Alcorcon;0;1;2,0;1;0,323;0,4728;0,2042
44438;2020-06-25;T19-20;SP1;Betis;Espanol;1;0;1,0;1;0,2199;0,6893;0,0908
44437;2020-06-25;T19-20;SP1;Eibar;Valencia;1;0;1,0;1;0,2902;0,3608;0,349
56284;2020-06-25;T19-20;SP2;Oviedo;Fuenlabrada;0;0;0,0;1;0,3362;0,3704;0,2934
15861;2020-06-25;T19-20;E0;Chelsea;Man City;2;1;1,0;2;0,2963;0,3485;0,3552
34411;2020-06-26;T19-20;I1;Juventus;Lecce;4;0;1,0;1;0,0615;0,915;0,0235
44439;2020-06-26;T19-20;SP1;Sevilla;Valladolid;1;1;0,0;1;0,1843;0,7075;0,1082
44440;2020-06-27;T19-20;SP1;Ath Bilbao;Mallorca;3;1;1,0;1;0,2225;0,6819;0,0956
5983;2020-06-27;T19-20;D1;Augsburg;RB Leipzig;1;2;2,0;2;0,2296;0,2015;0,5689
34414;2020-06-27;T19-20;I1;Lazio;Fiorentina;2;1;1,0;1;0,1775;0,7527;0,0699
34413;2020-06-27;T19-20;I1;Cagliari;Torino;4;2;1,0;1;0,2488;0,5882;0,163
34412;2020-06-27;T19-20;I1;Brescia;Genoa;2;2;0,0;1;0,2512;0,5264;0,2224
5985;2020-06-27;T19-20;D1;Ein Frankfurt;Paderborn;3;2;1,0;1;0,1906;0,7353;0,0741
5986;2020-06-27;T19-20;D1;Freiburg;Schalke 04;4;0;1,0;1;0,2773;0,4949;0,2278
5984;2020-06-27;T19-20;D1;Dortmund;Hoffenheim;0;4;2,0;1;0,207;0,6692;0,1238
5988;2020-06-27;T19-20;D1;M'gladbach;Hertha;2;1;1,0;1;0,2016;0,7055;0,0929
5989;2020-06-27;T19-20;D1;Union Berlin;Fortuna Dusseldorf;3;0;1,0;1;0,2484;0,569;0,1825
5990;2020-06-27;T19-20;D1;Werder Bremen;FC Koln;6;1;1,0;1;0,2817;0,3778;0,3405
5987;2020-06-27;T19-20;D1;Leverkusen;Mainz;1;0;1,0;1;0,2053;0,7068;0,0879
44443;2020-06-27;T19-20;SP1;Ath Madrid;Alaves;2;1;1,0;1;0,241;0,6851;0,0739
44441;2020-06-27;T19-20;SP1;Celta;Barcelona;2;2;0,0;2;0,2245;0,1537;0,6218
44442;2020-06-27;T19-20;SP1;Osasuna;Leganes;2;1;1,0;1;0,2078;0,6696;0,1226
5991;2020-06-27;T19-20;D1;Wolfsburg;Bayern Munich;0;4;2,0;2;0,2551;0,1538;0,5911
56285;2020-06-27;T19-20;SP2;La Coruna;Ponferradina;2;1;1,0;1;0,3044;0,4719;0,2237
15862;2020-06-27;T19-20;E0;Aston Villa;Wolves;0;1;2,0;2;0,303;0,3231;0,3739
56287;2020-06-27;T19-20;SP2;Las Palmas;Elche;1;1;0,0;1;0,3022;0,4848;0,2131
56288;2020-06-27;T19-20;SP2;Santander;Albacete;1;2;2,0;2;0,3109;0,2675;0,4216
56286;2020-06-27;T19-20;SP2;Cadiz;Tenerife;0;2;2,0;1;0,2413;0,6295;0,1292
56292;2020-06-28;T19-20;SP2;Numancia;Oviedo;1;0;1,0;1;0,2858;0,5259;0,1883
56293;2020-06-28;T19-20;SP2;Fuenlabrada;Extremadura;1;1;0,0;1;0,273;0,5382;0,1888
56289;2020-06-28;T19-20;SP2;Mirandes;Almeria;2;2;0,0;1;0,3364;0,3775;0,2861
34415;2020-06-28;T19-20;I1;Milan;Roma;2;0;1,0;1;0,2545;0,4929;0,2525
34416;2020-06-28;T19-20;I1;Napoli;Spal;3;1;1,0;1;0,1326;0,8314;0,036
34417;2020-06-28;T19-20;I1;Sampdoria;Bologna;1;2;2,0;2;0,2925;0,2332;0,4743
34418;2020-06-28;T19-20;I1;Sassuolo;Verona;3;3;0,0;0;0,3457;0,331;0,3233
34419;2020-06-28;T19-20;I1;Udinese;Atalanta;2;3;2,0;2;0,1805;0,1851;0,6344
56290;2020-06-28;T19-20;SP2;Sp Gijon;Lugo;2;0;1,0;1;0,2982;0,4829;0,2189
56291;2020-06-28;T19-20;SP2;Malaga;Girona;2;0;1,0;1;0,3254;0,3775;0,2971
15863;2020-06-28;T19-20;E0;Watford;Southampton;1;3;2,0;2;0,3275;0,3271;0,3454
44447;2020-06-28;T19-20;SP1;Espanol;Real Madrid;0;1;2,0;2;0,1526;0,0627;0,7847
34420;2020-06-28;T19-20;I1;Parma;Inter;1;2;2,0;2;0,2242;0,1949;0,5809
44446;2020-06-28;T19-20;SP1;Granada;Eibar;1;2;2,0;1;0,2869;0,5199;0,1932
44444;2020-06-28;T19-20;SP1;Levante;Betis;4;2;1,0;1;0,2896;0,5242;0,1862
44445;2020-06-28;T19-20;SP1;Villarreal;Valencia;2;0;1,0;1;0,262;0,5112;0,2268
56294;2020-06-29;T19-20;SP2;Alcorcon;Vallecano;3;2;1,0;1;0,3438;0,4725;0,1838
56295;2020-06-29;T19-20;SP2;Zaragoza;Huesca;0;1;2,0;1;0,3424;0,4339;0,2237
44448;2020-06-29;T19-20;SP1;Getafe;Sociedad;2;1;1,0;1;0,2489;0,5248;0,2264
15864;2020-06-29;T19-20;E0;Crystal Palace;Burnley;0;1;2,0;1;0,303;0,3809;0,3161
44449;2020-06-30;T19-20;SP1;Mallorca;Celta;5;1;1,0;1;0,3133;0,4454;0,2413
56296;2020-06-30;T19-20;SP2;Tenerife;La Coruna;1;1;0,0;1;0,2789;0,5165;0,2046
34421;2020-06-30;T19-20;I1;Torino;Lazio;1;2;2,0;2;0,2158;0,1585;0,6257
15865;2020-06-30;T19-20;E0;Brighton;Man United;0;3;2,0;1;0,262;0,4152;0,3228
44451;2020-06-30;T19-20;SP1;Barcelona;Ath Madrid;2;2;0,0;1;0,2496;0,5943;0,1561
44450;2020-06-30;T19-20;SP1;Leganes;Sevilla;0;3;2,0;2;0,2281;0,1763;0,5956
34422;2020-06-30;T19-20;I1;Genoa;Juventus;1;3;2,0;2;0,1447;0,0639;0,7915
56297;2020-06-30;T19-20;SP2;Elche;Cadiz;0;0;0,0;1;0,3076;0,3764;0,316
44455;2020-07-01;T19-20;SP1;Valladolid;Levante;0;0;0,0;1;0,2876;0,4484;0,264
34425;2020-07-01;T19-20;I1;Fiorentina;Sassuolo;1;3;2,0;2;0,3201;0,2789;0,401
34424;2020-07-01;T19-20;I1;Inter;Brescia;6;0;1,0;1;0,0588;0,9179;0,0234
34423;2020-07-01;T19-20;I1;Bologna;Cagliari;1;1;0,0;1;0,2411;0,4353;0,3236
34428;2020-07-01;T19-20;I1;Verona;Parma;3;2;1,0;1;0,324;0,4198;0,2562
44454;2020-07-01;T19-20;SP1;Betis;Villarreal;0;2;2,0;1;0,3294;0,4327;0,238
56298;2020-07-01;T19-20;SP2;Almeria;Sp Gijon;1;0;1,0;1;0,2465;0,6655;0,088
44452;2020-07-01;T19-20;SP1;Alaves;Granada;0;2;2,0;2;0,2698;0,2963;0,4338
15869;2020-07-01;T19-20;E0;West Ham;Chelsea;3;2;1,0;1;0,305;0,3754;0,3197
15868;2020-07-01;T19-20;E0;Everton;Leicester;2;1;1,0;2;0,2307;0,2431;0,5263
15867;2020-07-01;T19-20;E0;Bournemouth;Newcastle;1;4;2,0;1;0,3233;0,439;0,2377
15866;2020-07-01;T19-20;E0;Arsenal;Norwich;4;0;1,0;1;0,261;0,668;0,071
44453;2020-07-01;T19-20;SP1;Valencia;Ath Bilbao;0;2;2,0;1;0,3024;0,4144;0,2832
56302;2020-07-01;T19-20;SP2;Ponferradina;Fuenlabrada;0;3;2,0;2;0,3375;0,3214;0,3412
56301;2020-07-01;T19-20;SP2;Extremadura;Santander;3;1;1,0;1;0,2294;0,6275;0,1431
34426;2020-07-01;T19-20;I1;Lecce;Sampdoria;1;2;2,0;1;0,2625;0,4111;0,3263
56299;2020-07-01;T19-20;SP2;Lugo;Numancia;3;1;1,0;2;0,2976;0,3294;0,373
34427;2020-07-01;T19-20;I1;Spal;Milan;2;2;0,0;0;0,3875;0,2628;0,3498
56300;2020-07-01;T19-20;SP2;Oviedo;Mirandes;1;0;1,0;1;0,3096;0,4559;0,2346
56303;2020-07-02;T19-20;SP2;Albacete;Alcorcon;1;1;0,0;1;0,3423;0,3891;0,2686
56305;2020-07-02;T19-20;SP2;Vallecano;Malaga;0;0;0,0;1;0,3061;0,508;0,1859
44458;2020-07-02;T19-20;SP1;Real Madrid;Getafe;1;0;1,0;1;0,296;0,5955;0,1085
44457;2020-07-02;T19-20;SP1;Sociedad;Espanol;2;1;1,0;1;0,1405;0,7998;0,0597
44456;2020-07-02;T19-20;SP1;Eibar;Osasuna;0;2;2,0;1;0,339;0,3596;0,3014
15870;2020-07-02;T19-20;E0;Sheffield United;Tottenham;3;1;1,0;1;0,2762;0,4436;0,2802
34430;2020-07-02;T19-20;I1;Roma;Udinese;0;2;2,0;1;0,1689;0,7614;0,0697
34429;2020-07-02;T19-20;I1;Atalanta;Napoli;2;0;1,0;1;0,2703;0,5928;0,137
15871;2020-07-02;T19-20;E0;Man City;Liverpool;4;0;1,0;2;0,1737;0,1794;0,6469
56304;2020-07-02;T19-20;SP2;Huesca;Las Palmas;1;0;1,0;1;0,2835;0,5793;0,1373
56306;2020-07-03;T19-20;SP2;Girona;Zaragoza;1;0;1,0;1;0,3396;0,4377;0,2227
44459;2020-07-03;T19-20;SP1;Ath Madrid;Mallorca;3;0;1,0;1;0,2643;0,6381;0,0976
44461;2020-07-04;T19-20;SP1;Valladolid;Alaves;1;0;1,0;1;0,2531;0,5748;0,1722
34432;2020-07-04;T19-20;I1;Sassuolo;Lecce;4;2;1,0;1;0,2411;0,6322;0,1267
34431;2020-07-04;T19-20;I1;Juventus;Torino;4;1;1,0;1;0,0866;0,8807;0,0326
15876;2020-07-04;T19-20;E0;Chelsea;Watford;3;0;1,0;1;0,1759;0,7334;0,0907
15875;2020-07-04;T19-20;E0;Wolves;Arsenal;0;2;2,0;1;0,3001;0,4291;0,2708
15874;2020-07-04;T19-20;E0;Man United;Bournemouth;5;2;1,0;1;0,2209;0,6318;0,1472
15873;2020-07-04;T19-20;E0;Leicester;Crystal Palace;3;0;1,0;1;0,1792;0,7289;0,0919
15872;2020-07-04;T19-20;E0;Norwich;Brighton;0;1;2,0;2;0,2966;0,2725;0,4309
56311;2020-07-04;T19-20;SP2;Fuenlabrada;Mirandes;2;2;0,0;1;0,2896;0,5194;0,191
56310;2020-07-04;T19-20;SP2;Cadiz;Oviedo;2;0;1,0;1;0,2008;0,7064;0,0928
56309;2020-07-04;T19-20;SP2;Almeria;Tenerife;1;2;2,0;1;0,257;0,6101;0,1329
56308;2020-07-04;T19-20;SP2;Santander;Elche;1;2;2,0;2;0,2852;0,2872;0,4276
56307;2020-07-04;T19-20;SP2;Numancia;Extremadura;1;0;1,0;1;0,2817;0,5248;0,1935
44462;2020-07-04;T19-20;SP1;Granada;Valencia;2;2;0,0;2;0,2556;0,3404;0,404
34433;2020-07-04;T19-20;I1;Lazio;Milan;0;3;2,0;1;0,2386;0,6553;0,1061
44460;2020-07-04;T19-20;SP1;Celta;Betis;1;1;0,0;2;0,307;0,3145;0,3786
34437;2020-07-05;T19-20;I1;Parma;Fiorentina;1;2;2,0;1;0,2468;0,6084;0,1448
34436;2020-07-05;T19-20;I1;Cagliari;Atalanta;0;1;2,0;2;0,2514;0,2285;0,52
34435;2020-07-05;T19-20;I1;Brescia;Verona;2;0;1,0;1;0,3189;0,3736;0,3075
34434;2020-07-05;T19-20;I1;Inter;Bologna;1;2;2,0;1;0,1665;0,7619;0,0716
15880;2020-07-05;T19-20;E0;Southampton;Man City;1;0;1,0;2;0,2615;0,2276;0,5109
15877;2020-07-05;T19-20;E0;Burnley;Sheffield United;1;1;0,0;1;0,3106;0,4131;0,2763
15878;2020-07-05;T19-20;E0;Newcastle;West Ham;2;2;0,0;1;0,312;0,5002;0,1878
44466;2020-07-05;T19-20;SP1;Villarreal;Barcelona;1;4;2,0;2;0,2652;0,2261;0,5087
44465;2020-07-05;T19-20;SP1;Osasuna;Getafe;0;0;0,0;2;0,296;0,2929;0,4111
44464;2020-07-05;T19-20;SP1;Espanol;Leganes;0;1;2,0;2;0,2919;0,2778;0,4302
15879;2020-07-05;T19-20;E0;Liverpool;Aston Villa;2;0;1,0;1;0,0439;0,9361;0,02
56315;2020-07-05;T19-20;SP2;Alcorcon;Lugo;2;2;0,0;1;0,3085;0,502;0,1894
56314;2020-07-05;T19-20;SP2;Malaga;Albacete;0;0;0,0;1;0,3277;0,4516;0,2207
56313;2020-07-05;T19-20;SP2;Las Palmas;Ponferradina;3;0;1,0;1;0,2938;0,4985;0,2077
56312;2020-07-05;T19-20;SP2;La Coruna;Huesca;2;1;1,0;0;0,391;0,2401;0,369
34439;2020-07-05;T19-20;I1;Udinese;Genoa;2;2;0,0;1;0,2668;0,5648;0,1683
34440;2020-07-05;T19-20;I1;Napoli;Roma;2;1;1,0;1;0,3006;0,4079;0,2915
44463;2020-07-05;T19-20;SP1;Ath Bilbao;Real Madrid;0;1;2,0;2;0,2878;0,1858;0,5264
34438;2020-07-05;T19-20;I1;Sampdoria;Spal;3;0;1,0;1;0,3149;0,5464;0,1388
15881;2020-07-06;T19-20;E0;Tottenham;Everton;1;0;1,0;1;0,2394;0,6038;0,1568
44468;2020-07-06;T19-20;SP1;Sevilla;Eibar;1;0;1,0;1;0,1699;0,7623;0,0678
44467;2020-07-06;T19-20;SP1;Levante;Sociedad;1;1;0,0;2;0,248;0,2834;0,4686
56316;2020-07-06;T19-20;SP2;Sp Gijon;Girona;0;0;0,0;0;0,3673;0,2852;0,3475
56317;2020-07-06;T19-20;SP2;Zaragoza;Vallecano;2;4;2,0;1;0,3135;0,4732;0,2134
15883;2020-07-07;T19-20;E0;Watford;Norwich;2;1;1,0;1;0,2248;0,617;0,1583
15884;2020-07-07;T19-20;E0;Arsenal;Leicester;1;1;0,0;1;0,3025;0,3781;0,3193
56318;2020-07-07;T19-20;SP2;Mirandes;Elche;1;0;1,0;1;0,2614;0,5475;0,1911
56319;2020-07-07;T19-20;SP2;Fuenlabrada;Santander;1;0;1,0;1;0,2306;0,6858;0,0836
56320;2020-07-07;T19-20;SP2;Extremadura;Cadiz;0;1;2,0;2;0,2385;0,2336;0,5279
34442;2020-07-07;T19-20;I1;Milan;Juventus;4;2;1,0;2;0,2742;0,2476;0,4781
44469;2020-07-07;T19-20;SP1;Valencia;Valladolid;2;1;1,0;1;0,2576;0,5942;0,1481
34441;2020-07-07;T19-20;I1;Lecce;Lazio;2;1;1,0;2;0,204;0,1435;0,6525
15882;2020-07-07;T19-20;E0;Crystal Palace;Chelsea;2;3;2,0;1;0,2919;0,3988;0,3093
44470;2020-07-07;T19-20;SP1;Celta;Ath Madrid;1;1;0,0;2;0,343;0,2556;0,4014
44473;2020-07-08;T19-20;SP1;Barcelona;Espanol;1;0;1,0;1;0,0848;0,8816;0,0337
44472;2020-07-08;T19-20;SP1;Getafe;Villarreal;1;3;2,0;1;0,2675;0,4742;0,2583
15885;2020-07-08;T19-20;E0;Man City;Newcastle;5;0;1,0;1;0,1314;0,8125;0,056
15886;2020-07-08;T19-20;E0;Sheffield United;Wolves;1;0;1,0;1;0,2993;0,3742;0,3265
15887;2020-07-08;T19-20;E0;West Ham;Burnley;0;1;2,0;2;0,2405;0,3417;0,4177
15888;2020-07-08;T19-20;E0;Brighton;Liverpool;1;3;2,0;2;0,1204;0,0885;0,7911
44471;2020-07-08;T19-20;SP1;Betis;Osasuna;3;0;1,0;1;0,3185;0,4487;0,2328
56324;2020-07-08;T19-20;SP2;Ponferradina;Lugo;0;1;2,0;1;0,286;0,4547;0,2592
56321;2020-07-08;T19-20;SP2;Malaga;La Coruna;1;0;1,0;1;0,314;0,4786;0,2075
56322;2020-07-08;T19-20;SP2;Oviedo;Las Palmas;2;1;1,0;1;0,297;0,4151;0,2879
56323;2020-07-08;T19-20;SP2;Huesca;Alcorcon;2;1;1,0;1;0,3123;0,5076;0,1801
34443;2020-07-08;T19-20;I1;Fiorentina;Cagliari;0;0;0,0;1;0,3139;0,4698;0,2163
34444;2020-07-08;T19-20;I1;Genoa;Napoli;1;2;2,0;2;0,275;0,2713;0,4538
34445;2020-07-08;T19-20;I1;Atalanta;Sampdoria;2;0;1,0;1;0,1463;0,8014;0,0524
34446;2020-07-08;T19-20;I1;Bologna;Sassuolo;1;2;2,0;1;0,3213;0,4592;0,2195
34447;2020-07-08;T19-20;I1;Roma;Parma;2;1;1,0;1;0,225;0,6702;0,1049
34448;2020-07-08;T19-20;I1;Torino;Brescia;3;1;1,0;1;0,266;0,5575;0,1765
15890;2020-07-09;T19-20;E0;Everton;Southampton;1;1;0,0;1;0,3345;0,4224;0,243
15889;2020-07-09;T19-20;E0;Bournemouth;Tottenham;0;0;0,0;2;0,2391;0,2819;0,4791
56328;2020-07-09;T19-20;SP2;Tenerife;Zaragoza;1;1;0,0;0;0,3549;0,3335;0,3116
56327;2020-07-09;T19-20;SP2;Girona;Almeria;1;0;1,0;1;0,3649;0,4095;0,2256
56326;2020-07-09;T19-20;SP2;Vallecano;Numancia;3;2;1,0;1;0,2826;0,5197;0,1977
44476;2020-07-09;T19-20;SP1;Ath Bilbao;Sevilla;1;2;2,0;2;0,2985;0,2723;0,4292
44475;2020-07-09;T19-20;SP1;Mallorca;Levante;2;0;1,0;1;0,3257;0,3534;0,3209
56325;2020-07-09;T19-20;SP2;Albacete;Sp Gijon;1;1;0,0;1;0,2886;0,4775;0,2339
44474;2020-07-09;T19-20;SP1;Eibar;Leganes;0;0;0,0;1;0,2962;0,5097;0,1941
34450;2020-07-09;T19-20;I1;Verona;Inter;2;2;0,0;2;0,1997;0,1415;0,6589
34449;2020-07-09;T19-20;I1;Spal;Udinese;0;3;2,0;2;0,256;0,1927;0,5513
15891;2020-07-09;T19-20;E0;Aston Villa;Man United;0;3;2,0;2;0,3007;0,3358;0,3634
44477;2020-07-10;T19-20;SP1;Sociedad;Granada;2;3;2,0;1;0,2492;0,5096;0,2412
44478;2020-07-10;T19-20;SP1;Real Madrid;Alaves;2;0;1,0;1;0,1041;0,8627;0,0333
56330;2020-07-11;T19-20;SP2;Las Palmas;Mirandes;1;0;1,0;1;0,2877;0,4942;0,2181
15893;2020-07-11;T19-20;E0;Watford;Newcastle;2;1;1,0;1;0,3097;0,4096;0,2807
15894;2020-07-11;T19-20;E0;Liverpool;Burnley;1;1;0,0;1;0,0995;0,8567;0,0437
15895;2020-07-11;T19-20;E0;Sheffield United;Chelsea;3;0;1,0;2;0,2934;0,3513;0,3553
15896;2020-07-11;T19-20;E0;Brighton;Man City;0;5;2,0;2;0,2194;0,2164;0,5642
56329;2020-07-11;T19-20;SP2;Santander;Huesca;1;0;1,0;2;0,3048;0,2653;0,43
15892;2020-07-11;T19-20;E0;Norwich;West Ham;0;4;2,0;2;0,2585;0,2682;0,4734
56331;2020-07-11;T19-20;SP2;Cadiz;Fuenlabrada;0;1;2,0;1;0,3104;0,5307;0,1588
34451;2020-07-11;T19-20;I1;Lazio;Sassuolo;1;2;2,0;1;0,1814;0,7431;0,0755
34452;2020-07-11;T19-20;I1;Brescia;Roma;0;3;2,0;2;0,1627;0,1204;0,7169
34453;2020-07-11;T19-20;I1;Juventus;Atalanta;2;2;0,0;1;0,2815;0,4517;0,2668
44481;2020-07-11;T19-20;SP1;Ath Madrid;Betis;1;0;1,0;1;0,2202;0,6924;0,0873
44480;2020-07-11;T19-20;SP1;Valladolid;Barcelona;0;1;2,0;2;0,2229;0,2213;0,5558
44479;2020-07-11;T19-20;SP1;Osasuna;Celta;2;1;1,0;1;0,2756;0,5675;0,1569
44483;2020-07-12;T19-20;SP1;Levante;Ath Bilbao;1;2;2,0;1;0,3007;0,4951;0,2042
15900;2020-07-12;T19-20;E0;Bournemouth;Leicester;4;1;1,0;2;0,2266;0,2695;0,5038
15899;2020-07-12;T19-20;E0;Tottenham;Arsenal;2;1;1,0;1;0,2771;0,5338;0,189
15898;2020-07-12;T19-20;E0;Aston Villa;Crystal Palace;2;0;1,0;1;0,2871;0,4353;0,2776
15897;2020-07-12;T19-20;E0;Wolves;Everton;3;0;1,0;1;0,2962;0,5431;0,1607
34454;2020-07-12;T19-20;I1;Genoa;Spal;2;0;1,0;1;0,1854;0,7291;0,0856
34455;2020-07-12;T19-20;I1;Cagliari;Lecce;0;0;0,0;1;0,2632;0,5818;0,155
34456;2020-07-12;T19-20;I1;Fiorentina;Verona;1;1;0,0;1;0,2796;0,4995;0,2209
34459;2020-07-12;T19-20;I1;Napoli;Milan;2;2;0,0;1;0,3006;0,4529;0,2465
44482;2020-07-12;T19-20;SP1;Espanol;Eibar;0;2;2,0;2;0,3355;0,2974;0,3671
34458;2020-07-12;T19-20;I1;Udinese;Sampdoria;1;3;2,0;1;0,2875;0,532;0,1804
56332;2020-07-12;T19-20;SP2;La Coruna;Extremadura;2;3;2,0;1;0,2888;0,4839;0,2274
56333;2020-07-12;T19-20;SP2;Lugo;Girona;2;2;0,0;1;0,3373;0,3529;0,3097
56334;2020-07-12;T19-20;SP2;Numancia;Ponferradina;1;0;1,0;1;0,3338;0,3646;0,3016
56335;2020-07-12;T19-20;SP2;Zaragoza;Oviedo;2;4;2,0;1;0,31;0,5166;0,1734
44485;2020-07-12;T19-20;SP1;Sevilla;Mallorca;2;0;1,0;1;0,1253;0,8119;0,0628
44484;2020-07-12;T19-20;SP1;Leganes;Valencia;1;0;1,0;2;0,2694;0,3418;0,3888
34457;2020-07-12;T19-20;I1;Parma;Bologna;2;2;0,0;1;0,293;0,5141;0,193
44487;2020-07-13;T19-20;SP1;Villarreal;Sociedad;1;2;2,0;1;0,2808;0,5107;0,2085
44488;2020-07-13;T19-20;SP1;Granada;Real Madrid;1;2;2,0;2;0,2339;0,1404;0,6257
44486;2020-07-13;T19-20;SP1;Alaves;Getafe;0;0;0,0;2;0,2736;0,328;0,3984
56337;2020-07-13;T19-20;SP2;Sp Gijon;Malaga;2;1;1,0;1;0,3403;0,4705;0,1893
56339;2020-07-13;T19-20;SP2;Elche;Albacete;2;0;1,0;1;0,2929;0,5516;0,1555
56338;2020-07-13;T19-20;SP2;Alcorcon;Tenerife;0;0;0,0;1;0,2856;0,5579;0,1564
56336;2020-07-13;T19-20;SP2;Almeria;Vallecano;3;2;1,0;1;0,2819;0,5545;0,1636
34460;2020-07-13;T19-20;I1;Inter;Torino;3;1;1,0;1;0,0886;0,8789;0,0325
15901;2020-07-13;T19-20;E0;Man United;Southampton;2;2;0,0;1;0,2535;0,6029;0,1436
34461;2020-07-14;T19-20;I1;Atalanta;Brescia;6;2;1,0;1;0,1313;0,8211;0,0476
15902;2020-07-14;T19-20;E0;Chelsea;Norwich;1;0;1,0;1;0,1222;0,8223;0,0555
34463;2020-07-15;T19-20;I1;Milan;Parma;3;1;1,0;1;0,2531;0,6061;0,1408
15903;2020-07-15;T19-20;E0;Burnley;Wolves;1;1;0,0;1;0,2684;0,3866;0,345
15906;2020-07-15;T19-20;E0;Arsenal;Liverpool;2;1;1,0;2;0,1624;0,1267;0,7108
15905;2020-07-15;T19-20;E0;Newcastle;Tottenham;1;3;2,0;1;0,2737;0,4177;0,3087
34468;2020-07-15;T19-20;I1;Udinese;Lazio;0;0;0,0;2;0,1891;0,1411;0,6698
34467;2020-07-15;T19-20;I1;Sassuolo;Juventus;3;3;0,0;2;0,2176;0,1235;0,6589
34466;2020-07-15;T19-20;I1;Roma;Verona;2;1;1,0;1;0,238;0,6515;0,1105
34465;2020-07-15;T19-20;I1;Lecce;Fiorentina;1;3;2,0;2;0,2859;0,2834;0,4306
15904;2020-07-15;T19-20;E0;Man City;Bournemouth;2;1;1,0;1;0,0996;0,8608;0,0396
34464;2020-07-15;T19-20;I1;Sampdoria;Cagliari;3;0;1,0;2;0,3356;0,248;0,4164
34462;2020-07-15;T19-20;I1;Bologna;Napoli;1;1;0,0;1;0,2837;0,3889;0,3273
34470;2020-07-16;T19-20;I1;Spal;Inter;0;4;2,0;2;0,1323;0,0568;0,8109
34469;2020-07-16;T19-20;I1;Torino;Genoa;3;0;1,0;1;0,2637;0,5402;0,1961
44498;2020-07-16;T19-20;SP1;Valencia;Espanol;1;0;1,0;1;0,1375;0,7948;0,0676
44497;2020-07-16;T19-20;SP1;Sociedad;Sevilla;0;0;0,0;1;0,3184;0,3897;0,292
44496;2020-07-16;T19-20;SP1;Real Madrid;Villarreal;2;1;1,0;1;0,1695;0,7508;0,0797
44495;2020-07-16;T19-20;SP1;Mallorca;Granada;1;2;2,0;2;0,3102;0,2856;0,4042
44494;2020-07-16;T19-20;SP1;Getafe;Ath Madrid;0;2;2,0;1;0,3019;0,4439;0,2542
44492;2020-07-16;T19-20;SP1;Betis;Alaves;1;2;2,0;1;0,2811;0,4237;0,2952
44491;2020-07-16;T19-20;SP1;Barcelona;Osasuna;1;2;2,0;1;0,159;0,7653;0,0757
44489;2020-07-16;T19-20;SP1;Eibar;Valladolid;3;1;1,0;1;0,2968;0,4562;0,247
15907;2020-07-16;T19-20;E0;Everton;Aston Villa;1;1;0,0;1;0,3142;0,5095;0,1763
15908;2020-07-16;T19-20;E0;Leicester;Sheffield United;2;0;1,0;1;0,2001;0,7089;0,091
15909;2020-07-16;T19-20;E0;Crystal Palace;Man United;0;2;2,0;1;0,2588;0,4595;0,2818
15910;2020-07-16;T19-20;E0;Southampton;Brighton;1;1;0,0;1;0,2863;0,4764;0,2373
44490;2020-07-16;T19-20;SP1;Ath Bilbao;Leganes;0;2;2,0;1;0,2719;0,5846;0,1434
44493;2020-07-16;T19-20;SP1;Celta;Levante;2;3;2,0;1;0,296;0,3761;0,328
56342;2020-07-17;T19-20;SP2;Fuenlabrada;Elche;3;1;1,0;1;0,3041;0,4704;0,2255
56347;2020-07-17;T19-20;SP2;Oviedo;Santander;1;0;1,0;1;0,2533;0,6435;0,1032
56348;2020-07-17;T19-20;SP2;Ponferradina;Almeria;2;1;1,0;1;0,3139;0,4514;0,2347
56346;2020-07-17;T19-20;SP2;Mirandes;La Coruna;1;0;1,0;1;0,2675;0,5601;0,1724
56345;2020-07-17;T19-20;SP2;Malaga;Alcorcon;2;0;1,0;1;0,3474;0,3627;0,2899
56344;2020-07-17;T19-20;SP2;Huesca;Numancia;3;0;1,0;1;0,2785;0,5642;0,1572
56343;2020-07-17;T19-20;SP2;Girona;Cadiz;2;1;1,0;0;0,3897;0,3504;0,2599
56349;2020-07-17;T19-20;SP2;Tenerife;Lugo;1;2;2,0;1;0,3191;0,4845;0,1964
56350;2020-07-17;T19-20;SP2;Vallecano;Las Palmas;2;2;0,0;1;0,2999;0,4686;0,2315
56340;2020-07-17;T19-20;SP2;Albacete;Zaragoza;4;1;1,0;1;0,2968;0,4387;0,2646
56341;2020-07-17;T19-20;SP2;Extremadura;Sp Gijon;2;0;1,0;1;0,3228;0,3809;0,2964
15911;2020-07-17;T19-20;E0;West Ham;Watford;3;1;1,0;1;0,2692;0,571;0,1597
15912;2020-07-18;T19-20;E0;Norwich;Burnley;0;2;2,0;2;0,2483;0,1827;0,569
34473;2020-07-18;T19-20;I1;Milan;Bologna;5;1;1,0;1;0,2401;0,6402;0,1197
34472;2020-07-18;T19-20;I1;Cagliari;Sassuolo;1;1;0,0;1;0,2861;0,5224;0,1915
34471;2020-07-18;T19-20;I1;Verona;Atalanta;1;1;0,0;2;0,2333;0,2377;0,529
44506;2020-07-19;T19-20;SP1;Levante;Getafe;1;0;1,0;1;0,2833;0,3604;0,3563
15914;2020-07-19;T19-20;E0;Tottenham;Leicester;3;0;1,0;1;0,2701;0,4389;0,291
15913;2020-07-19;T19-20;E0;Bournemouth;Southampton;0;2;2,0;1;0,3107;0,3569;0,3323
34478;2020-07-19;T19-20;I1;Napoli;Udinese;2;1;1,0;1;0,2095;0,7089;0,0816
44508;2020-07-19;T19-20;SP1;Sevilla;Valencia;1;0;1,0;1;0,2661;0,5647;0,1693
34474;2020-07-19;T19-20;I1;Parma;Sampdoria;2;3;2,0;1;0,2135;0,6791;0,1075
34475;2020-07-19;T19-20;I1;Brescia;Spal;2;1;1,0;1;0,2346;0,6357;0,1297
44507;2020-07-19;T19-20;SP1;Osasuna;Mallorca;2;2;0,0;1;0,2393;0,6098;0,1509
34476;2020-07-19;T19-20;I1;Fiorentina;Torino;2;0;1,0;1;0,2594;0,5897;0,1509
44499;2020-07-19;T19-20;SP1;Alaves;Barcelona;0;5;2,0;2;0,2249;0,1988;0,5763
34479;2020-07-19;T19-20;I1;Roma;Inter;2;2;0,0;2;0,283;0,2851;0,4319
44501;2020-07-19;T19-20;SP1;Villarreal;Eibar;4;0;1,0;1;0,2324;0,6433;0,1243
44502;2020-07-19;T19-20;SP1;Ath Madrid;Sociedad;1;1;0,0;1;0,3015;0,5409;0,1575
44503;2020-07-19;T19-20;SP1;Espanol;Celta;0;0;0,0;2;0,2924;0,2931;0,4145
44504;2020-07-19;T19-20;SP1;Granada;Ath Bilbao;4;0;1,0;1;0,2988;0,4622;0,239
44505;2020-07-19;T19-20;SP1;Leganes;Real Madrid;2;2;0,0;2;0,1667;0,0908;0,7425
34477;2020-07-19;T19-20;I1;Genoa;Lecce;2;1;1,0;1;0,2522;0,5614;0,1863
44500;2020-07-19;T19-20;SP1;Valladolid;Betis;2;0;1,0;1;0,2527;0,5834;0,1639
15915;2020-07-20;T19-20;E0;Brighton;Newcastle;0;0;0,0;1;0,2895;0,4497;0,2608
15916;2020-07-20;T19-20;E0;Sheffield United;Everton;0;1;2,0;1;0,334;0,3373;0,3286
56360;2020-07-20;T19-20;SP2;Zaragoza;Ponferradina;2;1;1,0;1;0,276;0,5154;0,2086
56359;2020-07-20;T19-20;SP2;Sp Gijon;Huesca;0;1;2,0;0;0,3584;0,2889;0,3527
56358;2020-07-20;T19-20;SP2;Santander;Vallecano;1;2;2,0;2;0,3233;0,2508;0,4258
56357;2020-07-20;T19-20;SP2;Numancia;Tenerife;2;1;1,0;1;0,3196;0,3869;0,2935
56355;2020-07-20;T19-20;SP2;Elche;Oviedo;2;1;1,0;1;0,297;0,5471;0,1558
56354;2020-07-20;T19-20;SP2;Cadiz;Albacete;0;1;2,0;1;0,296;0,5514;0,1526
56356;2020-07-20;T19-20;SP2;Lugo;Mirandes;2;1;1,0;1;0,3096;0,4271;0,2633
56352;2020-07-20;T19-20;SP2;Alcorcon;Girona;2;0;1,0;1;0,2805;0,5321;0,1874
56351;2020-07-20;T19-20;SP2;Las Palmas;Extremadura;5;1;1,0;1;0,2578;0,5799;0,1623
34480;2020-07-20;T19-20;I1;Juventus;Lazio;2;1;1,0;1;0,2175;0,6559;0,1266
15917;2020-07-20;T19-20;E0;Wolves;Crystal Palace;2;0;1,0;1;0,2438;0,5976;0,1585
56353;2020-07-20;T19-20;SP2;Almeria;Malaga;0;0;0,0;1;0,3283;0,5296;0,1421
34481;2020-07-21;T19-20;I1;Atalanta;Bologna;1;0;1,0;1;0,1922;0,7213;0,0865
15919;2020-07-21;T19-20;E0;Aston Villa;Arsenal;1;0;1,0;1;0,2803;0,3698;0,3499
15918;2020-07-21;T19-20;E0;Watford;Man City;0;4;2,0;2;0,2196;0,1484;0,632
34482;2020-07-21;T19-20;I1;Sassuolo;Milan;1;2;2,0;2;0,2974;0,2579;0,4447
34488;2020-07-22;T19-20;I1;Torino;Verona;1;1;0,0;2;0,2932;0,3369;0,3699
34486;2020-07-22;T19-20;I1;Sampdoria;Genoa;1;2;2,0;1;0,3388;0,4052;0,256
34485;2020-07-22;T19-20;I1;Lecce;Brescia;3;1;1,0;1;0,2181;0,6102;0,1717
34484;2020-07-22;T19-20;I1;Inter;Fiorentina;0;0;0,0;1;0,1303;0,8261;0,0436
34483;2020-07-22;T19-20;I1;Parma;Napoli;2;1;1,0;1;0,2543;0,4885;0,2572
34487;2020-07-22;T19-20;I1;Spal;Roma;1;6;2,0;2;0,2149;0,0901;0,695
15920;2020-07-22;T19-20;E0;Man United;West Ham;1;1;0,0;1;0,2419;0,6431;0,1149
15921;2020-07-22;T19-20;E0;Liverpool;Chelsea;5;3;1,0;1;0,1185;0,8188;0,0627
34489;2020-07-23;T19-20;I1;Udinese;Juventus;2;1;1,0;2;0,1673;0,0984;0,7343
34490;2020-07-23;T19-20;I1;Lazio;Cagliari;2;1;1,0;1;0,1614;0,7589;0,0796
34491;2020-07-24;T19-20;I1;Milan;Atalanta;1;1;0,0;2;0,2495;0,3077;0,4428
34492;2020-07-25;T19-20;I1;Brescia;Parma;1;2;2,0;2;0,2832;0,2277;0,489
34493;2020-07-25;T19-20;I1;Genoa;Inter;0;3;2,0;2;0,1497;0,0773;0,773
34494;2020-07-25;T19-20;I1;Napoli;Sassuolo;2;0;1,0;1;0,2063;0,7037;0,0901
15922;2020-07-26;T19-20;E0;Arsenal;Watford;3;2;1,0;1;0,1871;0,7197;0,0932
15923;2020-07-26;T19-20;E0;Burnley;Brighton;1;2;2,0;1;0,2565;0,4966;0,2469
15926;2020-07-26;T19-20;E0;Everton;Bournemouth;1;3;2,0;1;0,2551;0,5893;0,1556
15925;2020-07-26;T19-20;E0;Crystal Palace;Tottenham;1;1;0,0;1;0,2477;0,4649;0,2873
15927;2020-07-26;T19-20;E0;Leicester;Man United;0;2;2,0;1;0,2302;0,5525;0,2173
15928;2020-07-26;T19-20;E0;Man City;Norwich;5;0;1,0;1;0,0996;0,8629;0,0376
15929;2020-07-26;T19-20;E0;Newcastle;Liverpool;1;3;2,0;2;0,1401;0,1318;0,7281
15924;2020-07-26;T19-20;E0;Chelsea;Wolves;2;0;1,0;1;0,2717;0,5101;0,2181
15930;2020-07-26;T19-20;E0;Southampton;Sheffield United;3;1;1,0;1;0,3008;0,5054;0,1938
15931;2020-07-26;T19-20;E0;West Ham;Aston Villa;1;1;0,0;1;0,3103;0,5023;0,1874
34498;2020-07-26;T19-20;I1;Spal;Torino;1;1;0,0;2;0,3077;0,2934;0,3989
34495;2020-07-26;T19-20;I1;Bologna;Lecce;3;2;1,0;1;0,1922;0,7081;0,0997
34496;2020-07-26;T19-20;I1;Cagliari;Udinese;0;1;2,0;1;0,2749;0,5224;0,2027
34497;2020-07-26;T19-20;I1;Roma;Fiorentina;2;1;1,0;1;0,2666;0,61;0,1234
34499;2020-07-26;T19-20;I1;Verona;Lazio;1;5;2,0;2;0,2267;0,2172;0,5561
34500;2020-07-26;T19-20;I1;Juventus;Sampdoria;2;0;1,0;1;0,0826;0,886;0,0314
34501;2020-07-28;T19-20;I1;Parma;Atalanta;1;2;2,0;2;0,1975;0,1751;0,6274
34502;2020-07-28;T19-20;I1;Inter;Napoli;2;0;1,0;1;0,1825;0,739;0,0784
34507;2020-07-29;T19-20;I1;Verona;Spal;3;0;1,0;1;0,1716;0,7559;0,0725
34503;2020-07-29;T19-20;I1;Lazio;Brescia;2;0;1,0;1;0,1076;0,8504;0,042
34504;2020-07-29;T19-20;I1;Sampdoria;Milan;1;4;2,0;2;0,254;0,184;0,562
34505;2020-07-29;T19-20;I1;Sassuolo;Genoa;5;0;1,0;1;0,2574;0,5786;0,1639
34508;2020-07-29;T19-20;I1;Cagliari;Juventus;2;0;1,0;2;0,2102;0,1924;0,5973
34509;2020-07-29;T19-20;I1;Fiorentina;Bologna;4;0;1,0;1;0,2921;0,4222;0,2857
34510;2020-07-29;T19-20;I1;Torino;Roma;2;3;2,0;2;0,2717;0,2209;0,5074
34506;2020-07-29;T19-20;I1;Udinese;Lecce;1;2;2,0;1;0,2486;0,5939;0,1576
34515;2020-08-01;T19-20;I1;Napoli;Lazio;3;1;1,0;2;0,2972;0,271;0,4318
34514;2020-08-01;T19-20;I1;Milan;Cagliari;3;0;1,0;2;0,2849;0,298;0,4172
34513;2020-08-01;T19-20;I1;Juventus;Roma;1;3;2,0;1;0,2236;0,6348;0,1415
34512;2020-08-01;T19-20;I1;Atalanta;Inter;0;2;2,0;2;0,2722;0,2366;0,4913
34511;2020-08-01;T19-20;I1;Brescia;Sampdoria;1;1;0,0;1;0,2973;0,4453;0,2574
34520;2020-08-02;T19-20;I1;Sassuolo;Udinese;0;1;2,0;1;0,2675;0,565;0,1675
34519;2020-08-02;T19-20;I1;Lecce;Parma;3;4;2,0;2;0,2626;0,2361;0,5013
34518;2020-08-02;T19-20;I1;Genoa;Verona;3;0;1,0;2;0,3246;0,2174;0,458
34517;2020-08-02;T19-20;I1;Bologna;Torino;1;1;0,0;1;0,2414;0,6223;0,1363
34516;2020-08-02;T19-20;I1;Spal;Fiorentina;1;3;2,0;1;0,3239;0,3982;0,2779
56361;2020-08-07;T19-20;SP2;La Coruna;Fuenlabrada;2;1;1,0;1;0,3114;0,4767;0,2119
26111;2020-08-21;T20-21;F1;Bordeaux;Nantes;0;0;0,0;1;0,2951;0,4865;0,2184
26112;2020-08-22;T20-21;F1;Dijon;Angers;0;1;2,0;2;0,2662;0,0755;0,6582
26113;2020-08-22;T20-21;F1;Lille;Rennes;1;1;0,0;1;0,2573;0,6655;0,0772
26116;2020-08-23;T20-21;F1;Nimes;Brest;4;0;1,0;2;0,3155;0,2904;0,3941
26115;2020-08-23;T20-21;F1;Lorient;Strasbourg;3;1;1,0;1;0,4314;0,4467;0,1219
26117;2020-08-23;T20-21;F1;Nice;Lens;2;1;1,0;1;0,2997;0,4287;0,2716
26114;2020-08-23;T20-21;F1;Monaco;Reims;2;2;0,0;1;0,2986;0,4327;0,2687
26118;2020-08-28;T20-21;F1;Lyon;Dijon;4;1;1,0;1;0,0982;0,8796;0,0222
26120;2020-08-29;T20-21;F1;Strasbourg;Nice;0;2;2,0;2;0,1795;0,0423;0,7783
26119;2020-08-29;T20-21;F1;Rennes;Montpellier;2;1;1,0;0;0,3626;0,3387;0,2988
26122;2020-08-30;T20-21;F1;Angers;Bordeaux;0;2;2,0;1;0,3348;0,3648;0,3004
26123;2020-08-30;T20-21;F1;Metz;Monaco;0;1;2,0;2;0,3275;0,3226;0,3499
26125;2020-08-30;T20-21;F1;St Etienne;Lorient;2;0;1,0;0;0,4429;0,3989;0,1582
26126;2020-08-30;T20-21;F1;Brest;Marseille;2;3;2,0;2;0,2032;0,0665;0,7302
26121;2020-08-30;T20-21;F1;Reims;Lille;0;1;2,0;2;0,3667;0,2447;0,3886
26124;2020-08-30;T20-21;F1;Nantes;Nimes;2;1;1,0;1;0,2657;0,5784;0,1559
26127;2020-09-10;T20-21;F1;Lens;Paris SG;1;0;1,0;1;0,3343;0,4812;0,1845
26128;2020-09-11;T20-21;F1;Bordeaux;Lyon;0;0;0,0;2;0,3181;0,3345;0,3474
44511;2020-09-12;T20-21;SP1;Cadiz;Osasuna;0;2;2,0;1;0,2663;0,62;0,1137
26129;2020-09-12;T20-21;F1;Montpellier;Nice;3;1;1,0;1;0,2783;0,5632;0,1585
26130;2020-09-12;T20-21;F1;St Etienne;Strasbourg;2;0;1,0;1;0,335;0,4561;0,2089
56362;2020-09-12;T20-21;SP2;Ponferradina;Castellon;1;2;2,0;1;0,2962;0,5919;0,1119
15932;2020-09-12;T20-21;E0;Fulham;Arsenal;0;3;2,0;2;0,3454;0,2444;0,4103
44510;2020-09-12;T20-21;SP1;Granada;Ath Bilbao;2;0;1,0;1;0,3165;0,4786;0,2049
15934;2020-09-12;T20-21;E0;Liverpool;Leeds;4;3;1,0;1;0,1407;0,8089;0,0504
15935;2020-09-12;T20-21;E0;West Ham;Newcastle;0;2;2,0;1;0,2611;0,5854;0,1536
15933;2020-09-12;T20-21;E0;Crystal Palace;Southampton;1;0;1,0;2;0,313;0,3415;0,3454
56364;2020-09-12;T20-21;SP2;Sp Gijon;Logrones;1;0;1,0;1;0,2606;0,6104;0,129
56365;2020-09-12;T20-21;SP2;Espanol;Albacete;3;0;1,0;1;0,116;0,8481;0,036
56363;2020-09-12;T20-21;SP2;Leganes;Las Palmas;1;0;1,0;1;0,2615;0,6467;0,0917
44509;2020-09-12;T20-21;SP1;Eibar;Celta;0;0;0,0;1;0,3297;0,4521;0,2182
56366;2020-09-13;T20-21;SP2;Oviedo;Cartagena;0;0;0,0;1;0,2789;0,5862;0,1349
56367;2020-09-13;T20-21;SP2;Mallorca;Vallecano;0;1;2,0;1;0,2385;0,6579;0,1036
44515;2020-09-13;T20-21;SP1;Valencia;Levante;4;2;1,0;1;0,2845;0,6409;0,0746
56368;2020-09-13;T20-21;SP2;Fuenlabrada;Lugo;2;0;1,0;1;0,2604;0,6551;0,0845
56369;2020-09-13;T20-21;SP2;Mirandes;Alcorcon;0;0;0,0;1;0,3367;0,5494;0,1139
44514;2020-09-13;T20-21;SP1;Villarreal;Huesca;1;1;0,0;1;0,2065;0,7031;0,0904
44513;2020-09-13;T20-21;SP1;Valladolid;Sociedad;1;1;0,0;2;0,2321;0,0836;0,6843
44512;2020-09-13;T20-21;SP1;Alaves;Betis;0;1;2,0;2;0,2707;0,139;0,5903
26133;2020-09-13;T20-21;F1;Dijon;Brest;0;2;2,0;2;0,2867;0,1214;0,592
26134;2020-09-13;T20-21;F1;Lorient;Lens;2;3;2,0;2;0,246;0,0996;0,6544
26136;2020-09-13;T20-21;F1;Monaco;Nantes;2;1;1,0;1;0,2283;0,6874;0,0843
26135;2020-09-13;T20-21;F1;Nimes;Rennes;2;4;2,0;2;0,355;0,2718;0,3732
15937;2020-09-13;T20-21;E0;Tottenham;Everton;0;1;2,0;1;0,1923;0,7657;0,042
15936;2020-09-13;T20-21;E0;West Brom;Leicester;0;3;2,0;2;0,0928;0,0222;0,885
56370;2020-09-13;T20-21;SP2;Tenerife;Malaga;2;0;1,0;1;0,3499;0,4871;0,163
26131;2020-09-13;T20-21;F1;Lille;Metz;1;0;1,0;1;0,2328;0,7019;0,0653
26132;2020-09-13;T20-21;F1;Angers;Reims;1;0;1,0;1;0,2292;0,6809;0,0898
26137;2020-09-13;T20-21;F1;Paris SG;Marseille;0;1;2,0;1;0,2199;0,4803;0,2998
15939;2020-09-14;T20-21;E0;Sheffield United;Wolves;0;2;2,0;2;0,0179;0,0127;0,9695
15938;2020-09-14;T20-21;E0;Brighton;Chelsea;1;3;2,0;2;0,0237;0,0117;0,9646
26138;2020-09-15;T20-21;F1;Montpellier;Lyon;2;1;1,0;0;0,358;0,3189;0,3231
26139;2020-09-16;T20-21;F1;Paris SG;Metz;1;0;1,0;1;0,0974;0,8612;0,0414
26140;2020-09-17;T20-21;F1;Marseille;St Etienne;0;2;2,0;1;0,2016;0,7323;0,0661
5992;2020-09-18;T20-21;D1;Bayern Munich;Schalke 04;8;0;1,0;1;0,0727;0,9124;0,0149
26141;2020-09-18;T20-21;F1;Lyon;Nimes;0;0;0,0;1;0,216;0,6955;0,0885
34521;2020-09-19;T20-21;I1;Fiorentina;Torino;1;0;1,0;1;0,3071;0,5097;0,1832
15943;2020-09-19;T20-21;E0;Arsenal;West Ham;2;1;1,0;1;0,2438;0,5781;0,1781
5996;2020-09-19;T20-21;D1;Union Berlin;Augsburg;1;3;2,0;1;0,2109;0,6893;0,0999
5994;2020-09-19;T20-21;D1;FC Koln;Hoffenheim;2;3;2,0;0;0,4422;0,1267;0,4311
5995;2020-09-19;T20-21;D1;Stuttgart;Freiburg;2;3;2,0;1;0,3478;0,5448;0,1075
15941;2020-09-19;T20-21;E0;Leeds;Fulham;4;3;1,0;0;0,445;0,3815;0,1735
5997;2020-09-19;T20-21;D1;Werder Bremen;Hertha;1;4;2,0;2;0,3311;0,1675;0,5014
5998;2020-09-19;T20-21;D1;Dortmund;M'gladbach;3;0;1,0;1;0,1998;0,6985;0,1017
34522;2020-09-19;T20-21;I1;Verona;Roma;0;0;0,0;2;0,3477;0,175;0,4773
44518;2020-09-19;T20-21;SP1;Celta;Valencia;2;1;1,0;1;0,3492;0,3654;0,2854
44517;2020-09-19;T20-21;SP1;Getafe;Osasuna;1;0;1,0;0;0,4059;0,3528;0,2413
44516;2020-09-19;T20-21;SP1;Villarreal;Eibar;2;1;1,0;1;0,292;0,607;0,1011
15940;2020-09-19;T20-21;E0;Everton;West Brom;5;2;1,0;1;0,0971;0,885;0,0179
5993;2020-09-19;T20-21;D1;Ein Frankfurt;Bielefeld;1;1;0,0;1;0,2673;0,5892;0,1435
56371;2020-09-19;T20-21;SP2;Mirandes;Oviedo;1;1;0,0;2;0,3506;0,1957;0,4537
15942;2020-09-19;T20-21;E0;Man United;Crystal Palace;1;3;2,0;2;0,4256;0,1477;0,4266
56373;2020-09-19;T20-21;SP2;Castellon;Malaga;0;1;2,0;0;0,4472;0,3106;0,2421
56372;2020-09-19;T20-21;SP2;Alcorcon;Tenerife;2;0;1,0;0;0,3909;0,2713;0,3378
26142;2020-09-19;T20-21;F1;Lens;Bordeaux;2;1;1,0;1;0,2939;0,5965;0,1096
26143;2020-09-19;T20-21;F1;Rennes;Monaco;2;1;1,0;1;0,2831;0,4284;0,2884
56374;2020-09-19;T20-21;SP2;Vallecano;Sabadell;2;1;1,0;1;0,2377;0,674;0,0883
44520;2020-09-20;T20-21;SP1;Betis;Valladolid;2;0;1,0;1;0,0659;0,9128;0,0213
44519;2020-09-20;T20-21;SP1;Huesca;Cadiz;0;2;2,0;2;0,2815;0,1232;0,5953
26150;2020-09-20;T20-21;F1;Marseille;Lille;1;1;0,0;1;0,2847;0,4305;0,2847
26149;2020-09-20;T20-21;F1;Nantes;St Etienne;2;2;0,0;1;0,3359;0,4341;0,23
26148;2020-09-20;T20-21;F1;Strasbourg;Dijon;1;0;1,0;1;0,3423;0,5463;0,1114
26147;2020-09-20;T20-21;F1;Montpellier;Angers;4;1;1,0;1;0,2742;0,5108;0,215
26146;2020-09-20;T20-21;F1;Metz;Reims;2;1;1,0;1;0,3005;0,5412;0,1583
34524;2020-09-20;T20-21;I1;Genoa;Crotone;4;1;1,0;1;0,2459;0,6821;0,072
34525;2020-09-20;T20-21;I1;Sassuolo;Cagliari;1;1;0,0;1;0,2718;0,5864;0,1418
44521;2020-09-20;T20-21;SP1;Granada;Alaves;2;1;1,0;1;0,3415;0,4573;0,2012
34523;2020-09-20;T20-21;I1;Parma;Napoli;0;2;2,0;2;0,2884;0,1869;0,5247
15944;2020-09-20;T20-21;E0;Southampton;Tottenham;2;5;2,0;0;0,4797;0,2045;0,3157
15945;2020-09-20;T20-21;E0;Newcastle;Brighton;0;3;2,0;1;0,1575;0,8073;0,0351
15946;2020-09-20;T20-21;E0;Chelsea;Liverpool;0;2;2,0;1;0,1918;0,7662;0,0421
15947;2020-09-20;T20-21;E0;Leicester;Burnley;4;2;1,0;1;0,1126;0,8677;0,0197
34526;2020-09-20;T20-21;I1;Juventus;Sampdoria;3;0;1,0;1;0,1075;0,866;0,0265
26144;2020-09-20;T20-21;F1;Nice;Paris SG;0;3;2,0;2;0,2633;0,2375;0,4993
44522;2020-09-20;T20-21;SP1;Sociedad;Real Madrid;0;0;0,0;1;0,327;0,4709;0,2021
26145;2020-09-20;T20-21;F1;Brest;Lorient;3;2;1,0;1;0,1645;0,7781;0,0575
56375;2020-09-20;T20-21;SP2;Lugo;Leganes;2;1;1,0;0;0,3759;0,3587;0,2654
56376;2020-09-20;T20-21;SP2;Espanol;Mallorca;0;0;0,0;1;0,2532;0,6859;0,0609
56377;2020-09-20;T20-21;SP2;Albacete;Ponferradina;0;2;2,0;2;0,255;0,0763;0,6688
56378;2020-09-20;T20-21;SP2;Cartagena;Sp Gijon;0;1;2,0;0;0,3964;0,2497;0,3539
6000;2020-09-20;T20-21;D1;Wolfsburg;Leverkusen;0;0;0,0;2;0,2621;0,1793;0,5586
56379;2020-09-20;T20-21;SP2;Las Palmas;Fuenlabrada;3;3;0,0;0;0,3401;0,3378;0,3221
5999;2020-09-20;T20-21;D1;RB Leipzig;Mainz;3;1;1,0;1;0,065;0,9207;0,0143
34527;2020-09-21;T20-21;I1;Milan;Bologna;2;0;1,0;1;0,0642;0,9228;0,0129
15948;2020-09-21;T20-21;E0;Aston Villa;Sheffield United;1;0;1,0;1;0,0987;0,8855;0,0158
15949;2020-09-21;T20-21;E0;Wolves;Man City;1;3;2,0;2;0,309;0,3259;0,3651
26151;2020-09-25;T20-21;F1;Lille;Nantes;2;0;1,0;1;0,1661;0,7729;0,061
6001;2020-09-25;T20-21;D1;Hertha;Ein Frankfurt;1;3;2,0;1;0,3124;0,3817;0,3059
6006;2020-09-26;T20-21;D1;M'gladbach;Union Berlin;1;1;0,0;2;0,3497;0,2684;0,3818
6002;2020-09-26;T20-21;D1;Augsburg;Dortmund;2;0;1,0;1;0,3315;0,3952;0,2733
26153;2020-09-26;T20-21;F1;Marseille;Metz;1;1;0,0;1;0,2263;0,684;0,0896
6003;2020-09-26;T20-21;D1;Bielefeld;FC Koln;1;0;1,0;1;0,1698;0,7886;0,0416
6004;2020-09-26;T20-21;D1;Leverkusen;RB Leipzig;1;1;0,0;1;0,3201;0,3502;0,3296
44523;2020-09-26;T20-21;SP1;Alaves;Getafe;0;0;0,0;1;0,3497;0,457;0,1933
44524;2020-09-26;T20-21;SP1;Valencia;Huesca;1;1;0,0;1;0,3326;0,5107;0,1567
26152;2020-09-26;T20-21;F1;St Etienne;Rennes;0;3;2,0;2;0,3362;0,2343;0,4295
56383;2020-09-26;T20-21;SP2;Sp Gijon;Girona;2;0;1,0;1;0,263;0,6447;0,0923
56380;2020-09-26;T20-21;SP2;Zaragoza;Las Palmas;2;2;0,0;0;0,3991;0,2478;0,3531
56382;2020-09-26;T20-21;SP2;Malaga;Alcorcon;1;0;1,0;1;0,2731;0,6468;0,08
6005;2020-09-26;T20-21;D1;Mainz;Stuttgart;1;4;2,0;2;0,1646;0,036;0,7994
44525;2020-09-26;T20-21;SP1;Elche;Sociedad;0;3;2,0;2;0,21;0,069;0,721
15950;2020-09-26;T20-21;E0;Brighton;Man United;2;3;2,0;2;0,3508;0,1109;0,5383
15951;2020-09-26;T20-21;E0;Crystal Palace;Everton;1;2;2,0;1;0,3205;0,4097;0,2698
15952;2020-09-26;T20-21;E0;West Brom;Chelsea;3;3;0,0;2;0,1169;0,0352;0,8479
15953;2020-09-26;T20-21;E0;Burnley;Southampton;0;1;2,0;2;0,1744;0,0282;0,7974
34531;2020-09-26;T20-21;I1;Inter;Fiorentina;4;3;1,0;1;0,184;0,755;0,061
34530;2020-09-26;T20-21;I1;Sampdoria;Benevento;2;3;2,0;2;0,3885;0,1849;0,4267
34529;2020-09-26;T20-21;I1;Cagliari;Lazio;0;2;2,0;2;0,3287;0,1416;0,5297
34528;2020-09-26;T20-21;I1;Torino;Atalanta;2;4;2,0;2;0,1651;0,0384;0,7965
56384;2020-09-26;T20-21;SP2;Fuenlabrada;Albacete;1;0;1,0;1;0,1867;0,7461;0,0672
44526;2020-09-26;T20-21;SP1;Betis;Real Madrid;2;3;2,0;1;0,289;0,5485;0,1625
56381;2020-09-26;T20-21;SP2;Logrones;Castellon;1;1;0,0;1;0,3284;0,4858;0,1858
6007;2020-09-26;T20-21;D1;Schalke 04;Werder Bremen;1;3;2,0;2;0,2173;0,0487;0,734
26154;2020-09-27;T20-21;F1;Bordeaux;Nice;0;0;0,0;1;0,3012;0,3573;0,3415
34534;2020-09-27;T20-21;I1;Verona;Udinese;1;0;1,0;1;0,1741;0,7796;0,0463
56390;2020-09-27;T20-21;SP2;Leganes;Cartagena;3;1;1,0;1;0,281;0,6109;0,1081
26160;2020-09-27;T20-21;F1;Reims;Paris SG;0;2;2,0;2;0,1338;0,054;0,8122
26159;2020-09-27;T20-21;F1;Lorient;Lyon;1;1;0,0;2;0,2921;0,1338;0,5741
26158;2020-09-27;T20-21;F1;Nimes;Lens;1;1;0,0;2;0,2876;0,1282;0,5842
26157;2020-09-27;T20-21;F1;Monaco;Strasbourg;3;2;1,0;1;0,1779;0,7664;0,0557
26156;2020-09-27;T20-21;F1;Dijon;Montpellier;2;2;0,0;2;0,2408;0,114;0,6452
26155;2020-09-27;T20-21;F1;Angers;Brest;3;2;1,0;1;0,2706;0,484;0,2454
56389;2020-09-27;T20-21;SP2;Tenerife;Mirandes;1;2;2,0;1;0,3489;0,3728;0,2783
6008;2020-09-27;T20-21;D1;Hoffenheim;Bayern Munich;4;1;1,0;2;0,3153;0,2401;0,4446
6009;2020-09-27;T20-21;D1;Freiburg;Wolfsburg;1;1;0,0;2;0,3502;0,2962;0,3536
56388;2020-09-27;T20-21;SP2;Ponferradina;Vallecano;3;0;1,0;1;0,2387;0,6153;0,146
56387;2020-09-27;T20-21;SP2;Oviedo;Espanol;0;2;2,0;2;0,1881;0,09;0,7219
56386;2020-09-27;T20-21;SP2;Mallorca;Sabadell;1;0;1,0;1;0,1756;0,78;0,0444
56385;2020-09-27;T20-21;SP2;Lugo;Almeria;0;2;2,0;2;0,3093;0,1773;0,5134
34536;2020-09-27;T20-21;I1;Roma;Juventus;2;2;0,0;1;0,3329;0,3506;0,3165
34532;2020-09-27;T20-21;I1;Spezia;Sassuolo;1;4;2,0;2;0,2623;0,0589;0,6787
34533;2020-09-27;T20-21;I1;Napoli;Genoa;6;0;1,0;1;0,0976;0,8726;0,0297
15954;2020-09-27;T20-21;E0;Sheffield United;Leeds;0;1;2,0;2;0,2504;0,0269;0,7227
15955;2020-09-27;T20-21;E0;Tottenham;Newcastle;1;1;0,0;1;0,2225;0,6916;0,086
34535;2020-09-27;T20-21;I1;Crotone;Milan;0;2;2,0;2;0,0635;0,0189;0,9177
15957;2020-09-27;T20-21;E0;West Ham;Wolves;4;0;1,0;1;0,2025;0,7041;0,0934
44527;2020-09-27;T20-21;SP1;Osasuna;Levante;1;3;2,0;2;0,3589;0,2436;0,3974
44528;2020-09-27;T20-21;SP1;Eibar;Ath Bilbao;1;2;2,0;1;0,3193;0,5462;0,1344
15956;2020-09-27;T20-21;E0;Man City;Leicester;2;5;2,0;2;0,2304;0,0528;0,7168
44532;2020-09-27;T20-21;SP1;Barcelona;Villarreal;4;0;1,0;1;0,281;0,5033;0,2157
44531;2020-09-27;T20-21;SP1;Valladolid;Celta;1;1;0,0;2;0,3287;0,2861;0,3852
44529;2020-09-27;T20-21;SP1;Ath Madrid;Granada;6;1;1,0;1;0,0573;0,9188;0,0239
44530;2020-09-27;T20-21;SP1;Cadiz;Sevilla;1;3;2,0;0;0,3705;0,3019;0,3276
15959;2020-09-28;T20-21;E0;Liverpool;Arsenal;3;1;1,0;1;0,2845;0,5863;0,1292
15958;2020-09-28;T20-21;E0;Fulham;Aston Villa;0;3;2,0;2;0,1698;0,0291;0,801
34537;2020-09-28;T20-21;I1;Bologna;Parma;4;1;1,0;0;0,3694;0,2873;0,3433
44534;2020-09-29;T20-21;SP1;Getafe;Betis;3;0;1,0;2;0,3504;0,2205;0,4291
44533;2020-09-29;T20-21;SP1;Sociedad;Valencia;0;1;2,0;1;0,2745;0,5608;0,1647
34538;2020-09-30;T20-21;I1;Benevento;Inter;2;5;2,0;2;0,3296;0,1766;0,4938
34539;2020-09-30;T20-21;I1;Udinese;Spezia;0;2;2,0;2;0,389;0,064;0,5469
34540;2020-09-30;T20-21;I1;Lazio;Atalanta;1;4;2,0;2;0,2938;0,0903;0,6159
44535;2020-09-30;T20-21;SP1;Huesca;Ath Madrid;0;0;0,0;2;0,2441;0,0793;0,6765
44536;2020-09-30;T20-21;SP1;Villarreal;Alaves;3;1;1,0;1;0,1918;0,7525;0,0556
44537;2020-09-30;T20-21;SP1;Eibar;Elche;0;1;2,0;0;0,3572;0,3026;0,3402
44538;2020-09-30;T20-21;SP1;Real Madrid;Valladolid;1;0;1,0;1;0,1243;0,8342;0,0415
44541;2020-10-01;T20-21;SP1;Celta;Barcelona;0;3;2,0;2;0,0067;0,0068;0,9865
44539;2020-10-01;T20-21;SP1;Ath Bilbao;Cadiz;0;1;2,0;2;0,0068;0,0068;0,9864
44540;2020-10-01;T20-21;SP1;Sevilla;Levante;1;0;1,0;1;0,0047;0,9893;0,0059
6010;2020-10-02;T20-21;D1;Union Berlin;Mainz;4;0;1,0;1;0,0047;0,9891;0,0062
34541;2020-10-02;T20-21;I1;Fiorentina;Sampdoria;1;2;2,0;2;0,0274;0,0141;0,9585
26161;2020-10-02;T20-21;F1;Paris SG;Angers;6;1;1,0;1;0,0052;0,989;0,0058
34543;2020-10-03;T20-21;I1;Udinese;Roma;0;1;2,0;2;0,0067;0,0068;0,9865
6016;2020-10-03;T20-21;D1;RB Leipzig;Schalke 04;4;0;1,0;1;0,0048;0,9894;0,0058
15960;2020-10-03;T20-21;E0;Chelsea;Crystal Palace;4;0;1,0;1;0,0047;0,9893;0,0059
15961;2020-10-03;T20-21;E0;Everton;Brighton;4;2;1,0;1;0,0132;0,9754;0,0113
15962;2020-10-03;T20-21;E0;Leeds;Man City;1;1;0,0;0;0,9422;0,0131;0,0446
34542;2020-10-03;T20-21;I1;Sassuolo;Crotone;4;1;1,0;1;0,0045;0,99;0,0055
15963;2020-10-03;T20-21;E0;Newcastle;Burnley;3;1;1,0;1;0,0047;0,9893;0,0059
6014;2020-10-03;T20-21;D1;Stuttgart;Leverkusen;1;1;0,0;0;0,8103;0,025;0,1646
44544;2020-10-03;T20-21;SP1;Elche;Huesca;0;0;0,0;0;0,9417;0,0148;0,0435
44545;2020-10-03;T20-21;SP1;Sociedad;Getafe;3;0;1,0;1;0,0111;0,9825;0,0064
44546;2020-10-03;T20-21;SP1;Valencia;Betis;0;2;2,0;2;0,0196;0,0096;0,9708
6015;2020-10-03;T20-21;D1;Werder Bremen;Bielefeld;1;0;1,0;1;0,0047;0,9893;0,0059
56396;2020-10-03;T20-21;SP2;Vallecano;Malaga;4;0;1,0;0;0,4074;0,3131;0,2796
56395;2020-10-03;T20-21;SP2;Las Palmas;Logrones;2;1;1,0;1;0,2764;0,65;0,0735
44543;2020-10-03;T20-21;SP1;Ath Madrid;Villarreal;0;0;0,0;0;0,8871;0,023;0,09
56393;2020-10-03;T20-21;SP2;Albacete;Oviedo;1;1;0,0;0;0,9757;0,013;0,0113
56394;2020-10-03;T20-21;SP2;Mallorca;Tenerife;2;0;1,0;1;0,3486;0,6277;0,0238
56391;2020-10-03;T20-21;SP2;Alcorcon;Zaragoza;0;0;0,0;0;0,886;0,0515;0,0625
26163;2020-10-03;T20-21;F1;Nice;Nantes;2;1;1,0;1;0,0044;0,9901;0,0055
26162;2020-10-03;T20-21;F1;Lens;St Etienne;2;0;1,0;1;0,0053;0,9889;0,0058
6011;2020-10-03;T20-21;D1;Dortmund;Freiburg;4;0;1,0;1;0,0066;0,9875;0,0059
6012;2020-10-03;T20-21;D1;Ein Frankfurt;Hoffenheim;2;1;1,0;1;0,0068;0,9875;0,0057
6013;2020-10-03;T20-21;D1;FC Koln;M'gladbach;1;3;2,0;2;0,0067;0,0073;0,986
56392;2020-10-03;T20-21;SP2;Mirandes;Ponferradina;0;1;2,0;2;0,022;0,0145;0,9635
44542;2020-10-03;T20-21;SP1;Valladolid;Eibar;1;2;2,0;2;0,0067;0,0068;0,9865
34547;2020-10-04;T20-21;I1;Parma;Verona;1;0;1,0;1;0,0183;0,9667;0,0151
34548;2020-10-04;T20-21;I1;Milan;Spezia;3;0;1,0;1;0,005;0,9895;0,0055
34546;2020-10-04;T20-21;I1;Lazio;Inter;1;1;0,0;0;0,8117;0,1649;0,0234
34545;2020-10-04;T20-21;I1;Benevento;Bologna;1;0;1,0;1;0,0181;0,9698;0,012
56400;2020-10-04;T20-21;SP2;Castellon;Leganes;2;0;1,0;1;0,2993;0,4448;0,2559
56399;2020-10-04;T20-21;SP2;Almeria;Sp Gijon;0;1;2,0;2;0,2087;0,0295;0,7618
56398;2020-10-04;T20-21;SP2;Sabadell;Espanol;0;1;2,0;2;0,0722;0,0518;0,876
56397;2020-10-04;T20-21;SP2;Girona;Fuenlabrada;0;1;2,0;0;0,4093;0,351;0,2397
34544;2020-10-04;T20-21;I1;Atalanta;Cagliari;5;2;1,0;1;0,0047;0,9893;0,0059
15969;2020-10-04;T20-21;E0;Aston Villa;Liverpool;7;2;1,0;1;0,0231;0,9635;0,0134
56401;2020-10-04;T20-21;SP2;Cartagena;Lugo;2;1;1,0;1;0,299;0,4215;0,2795
15968;2020-10-04;T20-21;E0;Man United;Tottenham;1;6;2,0;2;0,0067;0,0068;0,9865
44547;2020-10-04;T20-21;SP1;Osasuna;Celta;2;0;1,0;1;0,006;0,9882;0,0059
15966;2020-10-04;T20-21;E0;Arsenal;Sheffield United;2;1;1,0;1;0,0048;0,9895;0,0058
26170;2020-10-04;T20-21;F1;Lyon;Marseille;1;1;0,0;0;0,9681;0,019;0,0129
26164;2020-10-04;T20-21;F1;Montpellier;Nimes;0;1;2,0;1;0,1146;0,5836;0,3018
26165;2020-10-04;T20-21;F1;Bordeaux;Dijon;3;0;1,0;1;0,2513;0,7102;0,0386
26166;2020-10-04;T20-21;F1;Brest;Monaco;1;0;1,0;1;0,0167;0,9695;0,0138
26167;2020-10-04;T20-21;F1;Metz;Lorient;3;1;1,0;1;0,0175;0,9749;0,0075
26168;2020-10-04;T20-21;F1;Strasbourg;Lille;0;3;2,0;2;0,0247;0,0143;0,961
44551;2020-10-04;T20-21;SP1;Barcelona;Sevilla;1;1;0,0;0;0,6933;0,1555;0,1512
44550;2020-10-04;T20-21;SP1;Cadiz;Granada;1;1;0,0;0;0,6022;0,3467;0,0511
44549;2020-10-04;T20-21;SP1;Levante;Real Madrid;0;2;2,0;2;0,025;0,0105;0,9645
6018;2020-10-04;T20-21;D1;Bayern Munich;Hertha;4;3;1,0;1;0,0267;0,9622;0,0112
6017;2020-10-04;T20-21;D1;Wolfsburg;Augsburg;0;0;0,0;0;0,8415;0,1334;0,025
44548;2020-10-04;T20-21;SP1;Alaves;Ath Bilbao;1;0;1,0;1;0,0052;0,989;0,0058
26169;2020-10-04;T20-21;F1;Rennes;Reims;2;2;0,0;0;0,8887;0,0191;0,0922
15965;2020-10-04;T20-21;E0;Southampton;West Brom;2;0;1,0;1;0,0047;0,9893;0,0059
15964;2020-10-04;T20-21;E0;Leicester;West Ham;0;3;2,0;2;0,0264;0,0222;0,9514
15967;2020-10-04;T20-21;E0;Wolves;Fulham;1;0;1,0;1;0,019;0,9662;0,0148
56403;2020-10-10;T20-21;SP2;Espanol;Alcorcon;1;0;1,0;1;0,0637;0,9145;0,0218
56402;2020-10-10;T20-21;SP2;Sabadell;Mirandes;0;2;2,0;2;0,3808;0,1657;0,4536
56404;2020-10-10;T20-21;SP2;Logrones;Almeria;1;0;1,0;0;0,3506;0,3183;0,3311
56405;2020-10-10;T20-21;SP2;Tenerife;Vallecano;1;0;1,0;0;0,3768;0,3668;0,2563
56406;2020-10-11;T20-21;SP2;Fuenlabrada;Castellon;1;1;0,0;1;0,279;0,5966;0,1244
56407;2020-10-11;T20-21;SP2;Lugo;Mallorca;0;1;2,0;2;0,2868;0,2182;0,4951
56408;2020-10-11;T20-21;SP2;Leganes;Girona;0;1;2,0;0;0,3468;0,34;0,3132
56409;2020-10-11;T20-21;SP2;Malaga;Las Palmas;0;0;0,0;1;0,3054;0,5144;0,1803
56410;2020-10-11;T20-21;SP2;Zaragoza;Albacete;1;0;1,0;0;0,3905;0,2944;0,3151
56411;2020-10-11;T20-21;SP2;Ponferradina;Cartagena;0;2;2,0;1;0,2805;0,6042;0,1154
56412;2020-10-11;T20-21;SP2;Oviedo;Sp Gijon;1;0;1,0;0;0,3693;0,3053;0,3254
26171;2020-10-16;T20-21;F1;Dijon;Rennes;1;1;0,0;2;0,2964;0,1461;0,5575
26172;2020-10-16;T20-21;F1;Nimes;Paris SG;0;4;2,0;2;0,1576;0,0669;0,7755
56417;2020-10-17;T20-21;SP2;Logrones;Leganes;0;1;2,0;2;0,3385;0,2349;0,4265
56416;2020-10-17;T20-21;SP2;Las Palmas;Almeria;2;0;1,0;1;0,2729;0,5258;0,2013
44555;2020-10-17;T20-21;SP1;Getafe;Barcelona;1;0;1,0;1;0,2937;0,3705;0,3357
56414;2020-10-17;T20-21;SP2;Castellon;Lugo;0;1;2,0;2;0,344;0,1926;0,4634
56413;2020-10-17;T20-21;SP2;Albacete;Sabadell;3;0;1,0;1;0,3591;0,4914;0,1495
44552;2020-10-17;T20-21;SP1;Granada;Sevilla;1;0;1,0;2;0,3312;0,33;0,3388
56415;2020-10-17;T20-21;SP2;Cartagena;Fuenlabrada;1;1;0,0;0;0,4224;0,2113;0,3662
44553;2020-10-17;T20-21;SP1;Celta;Ath Madrid;0;2;2,0;2;0,2115;0,1231;0,6653
44554;2020-10-17;T20-21;SP1;Real Madrid;Cadiz;0;1;2,0;1;0,281;0,4796;0,2394
34552;2020-10-17;T20-21;I1;Crotone;Juventus;1;1;0,0;2;0,2014;0,0457;0,7528
15973;2020-10-17;T20-21;E0;Newcastle;Man United;1;4;2,0;2;0,358;0,2676;0,3744
15972;2020-10-17;T20-21;E0;Man City;Arsenal;1;0;1,0;1;0,3997;0,4462;0,154
15971;2020-10-17;T20-21;E0;Chelsea;Southampton;3;3;0,0;2;0,3286;0,2975;0,3739
15970;2020-10-17;T20-21;E0;Everton;Liverpool;2;2;0,0;1;0,3412;0,4889;0,1698
34551;2020-10-17;T20-21;I1;Sampdoria;Lazio;3;0;1,0;2;0,3271;0,2484;0,4245
34550;2020-10-17;T20-21;I1;Inter;Milan;1;2;2,0;2;0,264;0,0959;0,6401
34549;2020-10-17;T20-21;I1;Napoli;Atalanta;4;1;1,0;1;0,143;0,7894;0,0676
6019;2020-10-17;T20-21;D1;Augsburg;RB Leipzig;0;2;2,0;2;0,2413;0,1452;0,6135
6020;2020-10-17;T20-21;D1;Freiburg;Werder Bremen;1;1;0,0;0;0,3544;0,296;0,3496
6021;2020-10-17;T20-21;D1;Hertha;Stuttgart;0;2;2,0;2;0,3304;0,2914;0,3782
6022;2020-10-17;T20-21;D1;Hoffenheim;Dortmund;0;1;2,0;2;0,3397;0,2775;0,3828
6023;2020-10-17;T20-21;D1;Mainz;Leverkusen;0;1;2,0;2;0,1365;0,0362;0,8274
6024;2020-10-17;T20-21;D1;Bielefeld;Bayern Munich;1;4;2,0;2;0,2431;0,1687;0,5882
6025;2020-10-17;T20-21;D1;M'gladbach;Wolfsburg;1;1;0,0;0;0,3634;0,3478;0,2888
26174;2020-10-17;T20-21;F1;Marseille;Bordeaux;3;1;1,0;1;0,2274;0,6975;0,0751
26173;2020-10-17;T20-21;F1;Reims;Lorient;1;3;2,0;1;0,3305;0,3832;0,2863
56418;2020-10-18;T20-21;SP2;Vallecano;Espanol;1;0;1,0;2;0,292;0,178;0,5301
56419;2020-10-18;T20-21;SP2;Mirandes;Mallorca;0;0;0,0;0;0,4018;0,2;0,3982
56420;2020-10-18;T20-21;SP2;Zaragoza;Malaga;1;2;2,0;2;0,3408;0,151;0,5083
56421;2020-10-18;T20-21;SP2;Girona;Oviedo;1;0;1,0;1;0,3461;0,531;0,1228
56422;2020-10-18;T20-21;SP2;Sp Gijon;Tenerife;1;1;0,0;1;0,3283;0,5522;0,1195
15974;2020-10-18;T20-21;E0;Sheffield United;Fulham;1;1;0,0;0;0,5706;0,0713;0,3581
15975;2020-10-18;T20-21;E0;Crystal Palace;Brighton;1;1;0,0;1;0,2283;0,7029;0,0688
44559;2020-10-18;T20-21;SP1;Alaves;Elche;0;2;2,0;2;0,3406;0,2479;0,4115
34557;2020-10-18;T20-21;I1;Roma;Benevento;5;2;1,0;1;0,1931;0,7435;0,0634
34556;2020-10-18;T20-21;I1;Udinese;Parma;3;2;1,0;0;0,364;0,3067;0,3293
34555;2020-10-18;T20-21;I1;Torino;Cagliari;2;3;2,0;2;0,3321;0,1824;0,4855
34554;2020-10-18;T20-21;I1;Spezia;Fiorentina;2;2;0,0;1;0,3567;0,4125;0,2308
34553;2020-10-18;T20-21;I1;Bologna;Sassuolo;3;4;2,0;2;0,2064;0,0676;0,726
44561;2020-10-18;T20-21;SP1;Betis;Sociedad;0;3;2,0;0;0,3508;0,3203;0,3289
44556;2020-10-18;T20-21;SP1;Eibar;Osasuna;0;0;0,0;1;0,376;0,4442;0,1798
6026;2020-10-18;T20-21;D1;FC Koln;Ein Frankfurt;1;1;0,0;2;0,2596;0,0792;0,6612
6027;2020-10-18;T20-21;D1;Schalke 04;Union Berlin;1;1;0,0;2;0,2198;0,0651;0,7152
44557;2020-10-18;T20-21;SP1;Ath Bilbao;Levante;2;0;1,0;1;0,3428;0,406;0,2512
44558;2020-10-18;T20-21;SP1;Villarreal;Valencia;2;1;1,0;1;0,1928;0,7311;0,0762
15977;2020-10-18;T20-21;E0;Leicester;Aston Villa;0;1;2,0;0;0,4589;0,3327;0,2083
44560;2020-10-18;T20-21;SP1;Huesca;Valladolid;2;2;0,0;1;0,3086;0,5487;0,1427
15976;2020-10-18;T20-21;E0;Tottenham;West Ham;3;3;0,0;1;0,2743;0,6168;0,1088
26175;2020-10-18;T20-21;F1;Strasbourg;Lyon;2;3;2,0;2;0,239;0,1106;0,6505
26176;2020-10-18;T20-21;F1;Angers;Metz;1;1;0,0;1;0,2918;0,566;0,1422
26177;2020-10-18;T20-21;F1;Monaco;Montpellier;1;1;0,0;1;0,3011;0,5058;0,1931
26178;2020-10-18;T20-21;F1;Nantes;Brest;3;1;1,0;1;0,3074;0,4299;0,2627
26179;2020-10-18;T20-21;F1;St Etienne;Nice;1;3;2,0;2;0,2602;0,1392;0,6006
26180;2020-10-18;T20-21;F1;Lille;Lens;4;0;1,0;1;0,3606;0,488;0,1514
34558;2020-10-19;T20-21;I1;Verona;Genoa;0;0;0,0;1;0,3487;0,516;0,1354
15979;2020-10-19;T20-21;E0;Leeds;Wolves;0;1;2,0;1;0,3229;0,3396;0,3375
15978;2020-10-19;T20-21;E0;West Brom;Burnley;0;0;0,0;0;0,7151;0,1174;0,1676
56425;2020-10-21;T20-21;SP2;Lugo;Girona;3;0;1,0;1;0,2804;0,4907;0,229
56424;2020-10-21;T20-21;SP2;Las Palmas;Castellon;2;1;1,0;1;0,2174;0,7104;0,0722
56423;2020-10-21;T20-21;SP2;Espanol;Mirandes;2;0;1,0;1;0,1348;0,8296;0,0356
56428;2020-10-21;T20-21;SP2;Fuenlabrada;Logrones;0;0;0,0;1;0,3222;0,5664;0,1115
56426;2020-10-21;T20-21;SP2;Ponferradina;Tenerife;1;0;1,0;1;0,2078;0,7216;0,0706
56427;2020-10-21;T20-21;SP2;Almeria;Cartagena;1;1;0,0;1;0,2886;0,6183;0,0931
56432;2020-10-22;T20-21;SP2;Oviedo;Vallecano;0;0;0,0;0;0,3561;0,3445;0,2994
56431;2020-10-22;T20-21;SP2;Mallorca;Albacete;0;0;0,0;1;0,2639;0,6795;0,0567
56430;2020-10-22;T20-21;SP2;Malaga;Sp Gijon;1;0;1,0;1;0,336;0,4988;0,1652
56429;2020-10-22;T20-21;SP2;Leganes;Zaragoza;1;0;1,0;1;0,2094;0,7467;0,0439
26181;2020-10-23;T20-21;F1;Rennes;Angers;1;2;2,0;1;0,2962;0,3887;0,3151
34559;2020-10-23;T20-21;I1;Sassuolo;Torino;3;3;0,0;1;0,1479;0,8113;0,0408
6028;2020-10-23;T20-21;D1;Stuttgart;FC Koln;1;1;0,0;1;0,1617;0,7987;0,0395
44562;2020-10-23;T20-21;SP1;Elche;Valencia;2;1;1,0;1;0,2907;0,5478;0,1615
15980;2020-10-23;T20-21;E0;Aston Villa;Leeds;0;3;2,0;1;0,2176;0,7076;0,0748
34560;2020-10-24;T20-21;I1;Atalanta;Sampdoria;1;3;2,0;1;0,2641;0,6132;0,1227
34561;2020-10-24;T20-21;I1;Genoa;Inter;0;2;2,0;2;0,2314;0,1265;0,6421
34562;2020-10-24;T20-21;I1;Lazio;Bologna;2;1;1,0;1;0,1688;0,8068;0,0243
15984;2020-10-24;T20-21;E0;Liverpool;Sheffield United;2;1;1,0;1;0,1235;0,8522;0,0243
15983;2020-10-24;T20-21;E0;Man United;Chelsea;0;0;0,0;1;0,3443;0,3896;0,2661
44565;2020-10-24;T20-21;SP1;Sevilla;Eibar;0;1;2,0;1;0,2802;0,5539;0,1658
15981;2020-10-24;T20-21;E0;West Ham;Man City;1;1;0,0;1;0,3574;0,3716;0,271
44564;2020-10-24;T20-21;SP1;Osasuna;Ath Bilbao;1;0;1,0;1;0,3686;0,485;0,1464
56433;2020-10-24;T20-21;SP2;Cartagena;Las Palmas;3;0;1,0;0;0,4218;0,2738;0,3044
56434;2020-10-24;T20-21;SP2;Logrones;Lugo;2;3;2,0;2;0,355;0,2231;0,422
44563;2020-10-24;T20-21;SP1;Barcelona;Real Madrid;1;3;2,0;2;0,3157;0,2397;0,4446
56436;2020-10-24;T20-21;SP2;Castellon;Girona;0;1;2,0;2;0,2789;0,1205;0,6006
15982;2020-10-24;T20-21;E0;Fulham;Crystal Palace;1;2;2,0;2;0,2614;0,0869;0,6517
56435;2020-10-24;T20-21;SP2;Almeria;Fuenlabrada;3;0;1,0;1;0,2795;0,5556;0,1649
44566;2020-10-24;T20-21;SP1;Ath Madrid;Betis;2;0;1,0;1;0,1274;0,8278;0,0448
26183;2020-10-24;T20-21;F1;Paris SG;Dijon;4;0;1,0;1;0,0549;0,9288;0,0163
6029;2020-10-24;T20-21;D1;Bayern Munich;Ein Frankfurt;5;0;1,0;1;0,1534;0,7906;0,056
6030;2020-10-24;T20-21;D1;Mainz;M'gladbach;2;3;2,0;2;0,2308;0,0559;0,7132
6031;2020-10-24;T20-21;D1;RB Leipzig;Hertha;2;1;1,0;1;0,1345;0,828;0,0375
6033;2020-10-24;T20-21;D1;Dortmund;Schalke 04;3;0;1,0;1;0,1159;0,8617;0,0224
26182;2020-10-24;T20-21;F1;Lorient;Marseille;0;1;2,0;2;0,1963;0,0713;0,7324
6032;2020-10-24;T20-21;D1;Union Berlin;Freiburg;1;1;0,0;1;0,2906;0,6088;0,1006
44568;2020-10-25;T20-21;SP1;Cadiz;Villarreal;0;0;0,0;1;0,355;0,4166;0,2283
44567;2020-10-25;T20-21;SP1;Valladolid;Alaves;0;2;2,0;2;0,3264;0,2716;0,402
6035;2020-10-25;T20-21;D1;Werder Bremen;Hoffenheim;1;1;0,0;1;0,3021;0,4298;0,2681
6034;2020-10-25;T20-21;D1;Wolfsburg;Bielefeld;2;1;1,0;1;0,2796;0,6038;0,1166
15987;2020-10-25;T20-21;E0;Arsenal;Leicester;0;1;2,0;2;0,1748;0,0823;0,7429
15986;2020-10-25;T20-21;E0;Wolves;Newcastle;1;1;0,0;1;0,3393;0,4578;0,2028
34567;2020-10-25;T20-21;I1;Juventus;Verona;1;1;0,0;1;0,2598;0,5743;0,1659
34566;2020-10-25;T20-21;I1;Fiorentina;Udinese;3;2;1,0;1;0,2872;0,6136;0,0992
34565;2020-10-25;T20-21;I1;Parma;Spezia;2;2;0,0;0;0,3718;0,3401;0,2881
34564;2020-10-25;T20-21;I1;Benevento;Napoli;1;2;2,0;2;0,182;0,0532;0,7648
34563;2020-10-25;T20-21;I1;Cagliari;Crotone;4;2;1,0;1;0,1546;0,8274;0,018
15985;2020-10-25;T20-21;E0;Southampton;Everton;2;0;1,0;1;0,1334;0,8302;0,0365
44570;2020-10-25;T20-21;SP1;Sociedad;Huesca;4;1;1,0;1;0,1465;0,8117;0,0418
44569;2020-10-25;T20-21;SP1;Getafe;Granada;0;1;2,0;0;0,389;0,2643;0,3466
56438;2020-10-25;T20-21;SP2;Leganes;Oviedo;2;1;1,0;1;0,2442;0,6936;0,0621
26184;2020-10-25;T20-21;F1;Bordeaux;Nimes;2;0;1,0;1;0,2431;0,6654;0,0916
26185;2020-10-25;T20-21;F1;Brest;Strasbourg;0;3;2,0;1;0,294;0,5296;0,1764
26186;2020-10-25;T20-21;F1;Metz;St Etienne;2;0;1,0;1;0,2728;0,6189;0,1083
26187;2020-10-25;T20-21;F1;Montpellier;Reims;0;4;2,0;1;0,2543;0,6258;0,1199
26188;2020-10-25;T20-21;F1;Nice;Lille;1;1;0,0;1;0,3308;0,4146;0,2546
26189;2020-10-25;T20-21;F1;Lyon;Monaco;4;1;1,0;1;0,2454;0,6103;0,1443
56437;2020-10-25;T20-21;SP2;Sp Gijon;Ponferradina;2;1;1,0;1;0,359;0,3772;0,2638
56442;2020-10-25;T20-21;SP2;Zaragoza;Sabadell;0;0;0,0;0;0,4105;0,2991;0,2905
56441;2020-10-25;T20-21;SP2;Malaga;Mirandes;1;1;0,0;1;0,3006;0,5951;0,1043
56440;2020-10-25;T20-21;SP2;Albacete;Vallecano;2;1;1,0;1;0,3389;0,3459;0,3152
56439;2020-10-25;T20-21;SP2;Tenerife;Espanol;0;0;0,0;2;0,2596;0,1233;0,6171
56443;2020-10-26;T20-21;SP2;Alcorcon;Mallorca;0;2;2,0;2;0,2768;0,0698;0,6534
6036;2020-10-26;T20-21;D1;Leverkusen;Augsburg;3;1;1,0;1;0,1182;0,839;0,0428
44571;2020-10-26;T20-21;SP1;Levante;Celta;1;1;0,0;1;0,3427;0,4127;0,2446
15988;2020-10-26;T20-21;E0;Brighton;West Brom;1;1;0,0;1;0,3799;0,5137;0,1064
15989;2020-10-26;T20-21;E0;Burnley;Tottenham;0;1;2,0;2;0,1114;0,0356;0,853
34568;2020-10-26;T20-21;I1;Milan;Roma;3;3;0,0;1;0,2032;0,734;0,0629
56444;2020-10-27;T20-21;SP2;Girona;Cartagena;2;1;1,0;1;0,2707;0,6541;0,0752
56447;2020-10-28;T20-21;SP2;Espanol;Ponferradina;2;0;1,0;1;0,2141;0,7358;0,0501
56446;2020-10-28;T20-21;SP2;Castellon;Almeria;1;2;2,0;2;0,3034;0,1106;0,586
56445;2020-10-28;T20-21;SP2;Albacete;Las Palmas;1;1;0,0;0;0,3912;0,2758;0,3331
56448;2020-10-28;T20-21;SP2;Oviedo;Logrones;2;3;2,0;2;0,3363;0,2996;0,3641
56449;2020-10-29;T20-21;SP2;Alcorcon;Sp Gijon;1;2;2,0;2;0,2608;0,0753;0,664
56450;2020-10-29;T20-21;SP2;Mallorca;Malaga;3;1;1,0;1;0,2754;0,6124;0,1121
56451;2020-10-29;T20-21;SP2;Mirandes;Zaragoza;1;0;1,0;1;0,2649;0,6395;0,0957
56452;2020-10-29;T20-21;SP2;Tenerife;Lugo;1;1;0,0;2;0,3485;0,294;0,3575
56453;2020-10-29;T20-21;SP2;Sabadell;Leganes;1;0;1,0;2;0,3451;0,152;0,5029
56454;2020-10-29;T20-21;SP2;Vallecano;Fuenlabrada;2;0;1,0;1;0,3151;0,4712;0,2137
44572;2020-10-30;T20-21;SP1;Eibar;Cadiz;0;2;2,0;2;0,257;0,1453;0,5977
15990;2020-10-30;T20-21;E0;Wolves;Crystal Palace;2;0;1,0;1;0,2917;0,4392;0,2691
6037;2020-10-30;T20-21;D1;Schalke 04;Stuttgart;1;1;0,0;2;0,2194;0,0648;0,7158
6038;2020-10-31;T20-21;D1;Augsburg;Mainz;3;1;1,0;1;0,1283;0,832;0,0397
56455;2020-10-31;T20-21;SP2;Cartagena;Albacete;3;1;1,0;1;0,3289;0,5135;0,1576
56456;2020-10-31;T20-21;SP2;Las Palmas;Oviedo;1;2;2,0;1;0,3049;0,511;0,184
26190;2020-10-31;T20-21;F1;Rennes;Brest;2;1;1,0;1;0,2341;0,6584;0,1075
44576;2020-10-31;T20-21;SP1;Alaves;Barcelona;1;1;0,0;0;0,373;0,2697;0,3573
44575;2020-10-31;T20-21;SP1;Osasuna;Ath Madrid;1;3;2,0;2;0,1516;0,0584;0,79
34570;2020-10-31;T20-21;I1;Inter;Parma;2;2;0,0;1;0,1792;0,7581;0,0627
34571;2020-10-31;T20-21;I1;Bologna;Cagliari;3;2;1,0;2;0,3349;0,2487;0,4164
15992;2020-10-31;T20-21;E0;Burnley;Chelsea;0;3;2,0;2;0,163;0,0479;0,7891
15991;2020-10-31;T20-21;E0;Sheffield United;Man City;0;1;2,0;2;0,131;0,0292;0,8398
44574;2020-10-31;T20-21;SP1;Ath Bilbao;Sevilla;2;1;1,0;0;0,4007;0,3496;0,2497
44573;2020-10-31;T20-21;SP1;Real Madrid;Huesca;4;1;1,0;1;0,1557;0,8018;0,0424
6042;2020-10-31;T20-21;D1;M'gladbach;RB Leipzig;1;0;1,0;2;0,3218;0,2546;0,4236
6041;2020-10-31;T20-21;D1;FC Koln;Bayern Munich;1;2;2,0;2;0,1508;0,0521;0,7971
6040;2020-10-31;T20-21;D1;Ein Frankfurt;Werder Bremen;1;1;0,0;1;0,3321;0,4801;0,1878
6039;2020-10-31;T20-21;D1;Bielefeld;Dortmund;0;2;2,0;2;0,233;0,1709;0,5961
34569;2020-10-31;T20-21;I1;Crotone;Atalanta;1;2;2,0;2;0,1386;0,037;0,8244
26191;2020-10-31;T20-21;F1;Nantes;Paris SG;0;3;2,0;2;0,162;0,0914;0,7466
15993;2020-10-31;T20-21;E0;Liverpool;West Ham;2;1;1,0;1;0,2248;0,6797;0,0955
34572;2020-11-01;T20-21;I1;Udinese;Milan;1;2;2,0;2;0,0069;0,007;0,986
26196;2020-11-01;T20-21;F1;Reims;Strasbourg;2;1;1,0;1;0,0046;0,9896;0,0058
26195;2020-11-01;T20-21;F1;Nimes;Metz;0;1;2,0;2;0,007;0,007;0,986
26193;2020-11-01;T20-21;F1;Angers;Nice;0;3;2,0;2;0,0067;0,0074;0,9859
26192;2020-11-01;T20-21;F1;St Etienne;Montpellier;0;1;2,0;2;0,0071;0,0073;0,9856
56457;2020-11-01;T20-21;SP2;Leganes;Mirandes;1;0;1,0;1;0,005;0,989;0,006
56458;2020-11-01;T20-21;SP2;Zaragoza;Mallorca;0;0;0,0;0;0,9743;0,0152;0,0105
26197;2020-11-01;T20-21;F1;Monaco;Bordeaux;4;0;1,0;1;0,0046;0,9898;0,0056
56459;2020-11-01;T20-21;SP2;Fuenlabrada;Tenerife;1;1;0,0;0;0,973;0,015;0,012
56461;2020-11-01;T20-21;SP2;Lugo;Vallecano;1;0;1,0;1;0,005;0,989;0,0061
56462;2020-11-01;T20-21;SP2;Almeria;Girona;0;0;0,0;0;0,9763;0,0131;0,0105
44580;2020-11-01;T20-21;SP1;Valencia;Getafe;2;2;0,0;0;0,9728;0,015;0,0122
44579;2020-11-01;T20-21;SP1;Granada;Levante;1;1;0,0;0;0,9469;0,0413;0,0118
44578;2020-11-01;T20-21;SP1;Celta;Sociedad;1;4;2,0;2;0,0069;0,007;0,986
44577;2020-11-01;T20-21;SP1;Betis;Elche;3;1;1,0;1;0,0046;0,9898;0,0056
56460;2020-11-01;T20-21;SP2;Ponferradina;Sabadell;0;3;2,0;2;0,0072;0,0073;0,9854
26198;2020-11-01;T20-21;F1;Lille;Lyon;1;1;0,0;0;0,9757;0,0128;0,0115
26194;2020-11-01;T20-21;F1;Dijon;Lorient;0;0;0,0;0;0,9711;0,0166;0,0123
15995;2020-11-01;T20-21;E0;Newcastle;Everton;2;1;1,0;1;0,0046;0,9898;0,0056
34574;2020-11-01;T20-21;I1;Torino;Lazio;3;4;2,0;2;0,0067;0,0068;0,9865
34575;2020-11-01;T20-21;I1;Napoli;Sassuolo;0;2;2,0;2;0,0069;0,007;0,9861
34576;2020-11-01;T20-21;I1;Roma;Fiorentina;2;0;1,0;1;0,0046;0,9897;0,0056
15997;2020-11-01;T20-21;E0;Tottenham;Brighton;2;1;1,0;1;0,0047;0,9895;0,0058
15996;2020-11-01;T20-21;E0;Man United;Arsenal;0;1;2,0;2;0,0067;0,0068;0,9865
34577;2020-11-01;T20-21;I1;Sampdoria;Genoa;1;1;0,0;0;0,9751;0,0133;0,0116
6044;2020-11-01;T20-21;D1;Hertha;Wolfsburg;1;1;0,0;0;0,9703;0,0177;0,012
6043;2020-11-01;T20-21;D1;Freiburg;Leverkusen;2;4;2,0;2;0,0067;0,0068;0,9865
15994;2020-11-01;T20-21;E0;Aston Villa;Southampton;3;4;2,0;2;0,0069;0,007;0,986
34573;2020-11-01;T20-21;I1;Spezia;Juventus;1;4;2,0;2;0,0067;0,0068;0,9864
56465;2020-11-02;T20-21;SP2;Malaga;Espanol;0;3;2,0;2;0,0368;0,0265;0,9366
56464;2020-11-02;T20-21;SP2;Sp Gijon;Castellon;1;0;1,0;1;0,0048;0,9893;0,0059
56463;2020-11-02;T20-21;SP2;Logrones;Alcorcon;1;0;1,0;1;0,0049;0,9889;0,0062
15998;2020-11-02;T20-21;E0;Fulham;West Brom;2;0;1,0;1;0,0046;0,9897;0,0057
34578;2020-11-02;T20-21;I1;Verona;Benevento;3;1;1,0;1;0,0046;0,9898;0,0056
15999;2020-11-02;T20-21;E0;Leeds;Leicester;1;4;2,0;2;0,0077;0,0077;0,9846
44581;2020-11-02;T20-21;SP1;Villarreal;Valladolid;2;0;1,0;1;0,0046;0,9895;0,0058
6045;2020-11-02;T20-21;D1;Hoffenheim;Union Berlin;1;3;2,0;2;0,0071;0,0078;0,9851
34579;2020-11-04;T20-21;I1;Genoa;Torino;1;2;2,0;0;0,5684;0,0574;0,3742
56466;2020-11-04;T20-21;SP2;Zaragoza;Girona;2;2;0,0;0;0,4443;0,2374;0,3183
56467;2020-11-05;T20-21;SP2;Alcorcon;Ponferradina;0;1;2,0;2;0,2526;0,0374;0,71
56468;2020-11-05;T20-21;SP2;Sabadell;Almeria;1;2;2,0;1;0,3708;0,5241;0,1051
44582;2020-11-06;T20-21;SP1;Elche;Celta;1;1;0,0;0;0,5565;0,2405;0,2031
16001;2020-11-06;T20-21;E0;Southampton;Newcastle;2;0;1,0;1;0,0236;0,9521;0,0243
34580;2020-11-06;T20-21;I1;Sassuolo;Udinese;0;0;0,0;1;0,1599;0,8241;0,016
16000;2020-11-06;T20-21;E0;Brighton;Burnley;0;0;0,0;0;0,8519;0,0382;0,1099
6046;2020-11-06;T20-21;D1;Werder Bremen;FC Koln;1;1;0,0;1;0,2034;0,7651;0,0315
26199;2020-11-06;T20-21;F1;Strasbourg;Marseille;0;1;2,0;2;0,0276;0,0141;0,9583
56469;2020-11-06;T20-21;SP2;Albacete;Leganes;0;0;0,0;2;0,3503;0,2466;0,4031
44584;2020-11-07;T20-21;SP1;Barcelona;Betis;5;2;1,0;2;0,2718;0,2718;0,4564
44585;2020-11-07;T20-21;SP1;Sevilla;Osasuna;1;0;1,0;1;0,2598;0,6046;0,1355
26200;2020-11-07;T20-21;F1;Bordeaux;Montpellier;0;2;2,0;1;0,26;0,4663;0,2737
26201;2020-11-07;T20-21;F1;Paris SG;Rennes;3;0;1,0;1;0,0162;0,9772;0,0066
44586;2020-11-07;T20-21;SP1;Ath Madrid;Cadiz;4;0;1,0;1;0,2311;0,7037;0,0652
44583;2020-11-07;T20-21;SP1;Huesca;Eibar;1;1;0,0;0;0,4153;0,262;0,3227
16003;2020-11-07;T20-21;E0;Crystal Palace;Leeds;4;1;1,0;1;0,148;0,8349;0,0171
6047;2020-11-07;T20-21;D1;Augsburg;Hertha;0;3;2,0;2;0,4248;0,1067;0,4685
6048;2020-11-07;T20-21;D1;Mainz;Schalke 04;2;2;0,0;0;0,7247;0,1681;0,1072
6049;2020-11-07;T20-21;D1;RB Leipzig;Freiburg;3;0;1,0;1;0,0868;0,896;0,0171
56472;2020-11-07;T20-21;SP2;Espanol;Lugo;2;1;1,0;1;0,0611;0,9207;0,0182
56471;2020-11-07;T20-21;SP2;Mirandes;Sp Gijon;1;0;1,0;0;0,4061;0,2184;0,3755
56470;2020-11-07;T20-21;SP2;Cartagena;Logrones;0;1;2,0;1;0,343;0,5078;0,1492
34583;2020-11-07;T20-21;I1;Parma;Fiorentina;0;0;0,0;1;0,1987;0,7846;0,0167
6050;2020-11-07;T20-21;D1;Stuttgart;Ein Frankfurt;2;2;0,0;0;0,4177;0,3968;0,1855
6051;2020-11-07;T20-21;D1;Union Berlin;Bielefeld;5;0;1,0;1;0,2046;0,7308;0,0646
6052;2020-11-07;T20-21;D1;Dortmund;Bayern Munich;2;3;2,0;2;0,3072;0,0703;0,6225
16005;2020-11-07;T20-21;E0;West Ham;Fulham;1;0;1,0;1;0,2279;0,725;0,0471
16004;2020-11-07;T20-21;E0;Chelsea;Sheffield United;4;1;1,0;1;0,0049;0,9898;0,0053
34581;2020-11-07;T20-21;I1;Cagliari;Sampdoria;2;0;1,0;1;0,2913;0,5773;0,1314
16002;2020-11-07;T20-21;E0;Everton;Man United;1;3;2,0;0;0,5213;0,1258;0,3529
34582;2020-11-07;T20-21;I1;Benevento;Spezia;0;3;2,0;1;0,2916;0,6155;0,0929
26202;2020-11-08;T20-21;F1;Brest;Lille;3;2;1,0;1;0,2397;0,551;0,2092
56478;2020-11-08;T20-21;SP2;Tenerife;Zaragoza;1;0;1,0;0;0,3923;0,3538;0,2539
56477;2020-11-08;T20-21;SP2;Oviedo;Castellon;4;0;1,0;1;0,2027;0,7216;0,0757
6053;2020-11-08;T20-21;D1;Wolfsburg;Hoffenheim;2;1;1,0;1;0,2783;0,6691;0,0526
26205;2020-11-08;T20-21;F1;Metz;Dijon;1;1;0,0;1;0,2091;0,7285;0,0624
26206;2020-11-08;T20-21;F1;Nimes;Angers;1;5;2,0;2;0,2831;0,2313;0,4856
26207;2020-11-08;T20-21;F1;Nice;Monaco;1;2;2,0;1;0,2993;0,4891;0,2116
26208;2020-11-08;T20-21;F1;Lyon;St Etienne;2;1;1,0;1;0,1093;0,8703;0,0204
34587;2020-11-08;T20-21;I1;Torino;Crotone;0;0;0,0;1;0,3332;0,6305;0,0363
34588;2020-11-08;T20-21;I1;Bologna;Napoli;0;1;2,0;2;0,0222;0,0164;0,9615
34589;2020-11-08;T20-21;I1;Milan;Verona;2;2;0,0;1;0,1836;0,7776;0,0388
26204;2020-11-08;T20-21;F1;Lorient;Nantes;0;2;2,0;2;0,3628;0,0991;0,5381
6054;2020-11-08;T20-21;D1;Leverkusen;M'gladbach;4;3;1,0;1;0,1227;0,848;0,0294
26203;2020-11-08;T20-21;F1;Lens;Reims;4;4;0,0;1;0,2737;0,6581;0,0682
34585;2020-11-08;T20-21;I1;Atalanta;Inter;1;1;0,0;0;0,4811;0,4123;0,1065
16006;2020-11-08;T20-21;E0;West Brom;Tottenham;0;1;2,0;2;0,0075;0,0072;0,9853
16007;2020-11-08;T20-21;E0;Leicester;Wolves;1;0;1,0;1;0,2168;0,7461;0,0371
16008;2020-11-08;T20-21;E0;Man City;Liverpool;1;1;0,0;1;0,4387;0,4567;0,1046
34584;2020-11-08;T20-21;I1;Lazio;Juventus;1;1;0,0;0;0,5091;0,1292;0,3617
16009;2020-11-08;T20-21;E0;Arsenal;Aston Villa;0;3;2,0;2;0,1962;0,3715;0,4323
44587;2020-11-08;T20-21;SP1;Getafe;Villarreal;1;3;2,0;2;0,1356;0,0294;0,835
44588;2020-11-08;T20-21;SP1;Sociedad;Granada;2;0;1,0;1;0,0659;0,9127;0,0214
44589;2020-11-08;T20-21;SP1;Levante;Alaves;1;1;0,0;2;0,2993;0,2295;0,4712
44591;2020-11-08;T20-21;SP1;Valencia;Real Madrid;4;1;1,0;2;0,3457;0,2344;0,4199
44590;2020-11-08;T20-21;SP1;Valladolid;Ath Bilbao;2;1;1,0;1;0,3813;0,5824;0,0362
56476;2020-11-08;T20-21;SP2;Mallorca;Ponferradina;3;0;1,0;1;0,2377;0,6848;0,0774
56474;2020-11-08;T20-21;SP2;Alcorcon;Fuenlabrada;0;3;2,0;2;0,3663;0,094;0,5397
56475;2020-11-08;T20-21;SP2;Vallecano;Almeria;0;1;2,0;2;0,3787;0,2345;0,3867
34586;2020-11-08;T20-21;I1;Genoa;Roma;1;3;2,0;2;0,1404;0,0227;0,8368
56473;2020-11-08;T20-21;SP2;Sabadell;Malaga;1;2;2,0;0;0,4189;0,3452;0,2359
56479;2020-11-09;T20-21;SP2;Girona;Las Palmas;1;1;0,0;1;0,3385;0,4183;0,2432
56480;2020-11-13;T20-21;SP2;Zaragoza;Oviedo;1;2;2,0;2;0,3486;0,1876;0,4638
56481;2020-11-14;T20-21;SP2;Fuenlabrada;Espanol;1;1;0,0;2;0,3132;0,2319;0,4549
56482;2020-11-14;T20-21;SP2;Almeria;Mirandes;2;1;1,0;1;0,2835;0,629;0,0875
56484;2020-11-14;T20-21;SP2;Lugo;Albacete;1;0;1,0;1;0,274;0,6352;0,0908
56483;2020-11-14;T20-21;SP2;Girona;Mallorca;0;1;2,0;0;0,3759;0,3354;0,2887
56486;2020-11-15;T20-21;SP2;Ponferradina;Malaga;1;1;0,0;1;0,2813;0,5241;0,1946
56489;2020-11-15;T20-21;SP2;Las Palmas;Tenerife;1;0;1,0;1;0,2631;0,6239;0,113
56485;2020-11-15;T20-21;SP2;Leganes;Alcorcon;1;0;1,0;1;0,2412;0,7014;0,0574
56488;2020-11-15;T20-21;SP2;Logrones;Sabadell;1;0;1,0;1;0,3214;0,5533;0,1254
56487;2020-11-15;T20-21;SP2;Castellon;Cartagena;2;1;1,0;0;0,3845;0,3072;0,3083
56490;2020-11-16;T20-21;SP2;Sp Gijon;Vallecano;1;1;0,0;1;0,3277;0,4633;0,209
26209;2020-11-20;T20-21;F1;Rennes;Bordeaux;0;1;2,0;1;0,2861;0,5052;0,2088
26210;2020-11-20;T20-21;F1;Monaco;Paris SG;3;2;1,0;2;0,2905;0,2724;0,4371
44592;2020-11-20;T20-21;SP1;Osasuna;Huesca;1;1;0,0;1;0,3605;0,4093;0,2303
56492;2020-11-20;T20-21;SP2;Espanol;Girona;1;2;2,0;1;0,2862;0,6096;0,1041
56491;2020-11-20;T20-21;SP2;Alcorcon;Lugo;1;0;1,0;2;0,3576;0,2078;0,4346
26211;2020-11-21;T20-21;F1;Brest;St Etienne;4;1;1,0;1;0,2722;0,5977;0,1301
34591;2020-11-21;T20-21;I1;Spezia;Atalanta;0;0;0,0;2;0,2838;0,2088;0,5074
56496;2020-11-21;T20-21;SP2;Oviedo;Fuenlabrada;1;1;0,0;1;0,3123;0,5498;0,1379
56495;2020-11-21;T20-21;SP2;Vallecano;Castellon;2;1;1,0;1;0,2518;0,6525;0,0957
56494;2020-11-21;T20-21;SP2;Mirandes;Cartagena;4;1;1,0;1;0,3589;0,4492;0,1919
56493;2020-11-21;T20-21;SP2;Malaga;Leganes;1;2;2,0;2;0,3271;0,2857;0,3872
34590;2020-11-21;T20-21;I1;Crotone;Lazio;0;2;2,0;2;0,1328;0,0317;0,8355
34592;2020-11-21;T20-21;I1;Juventus;Cagliari;2;0;1,0;1;0,2488;0,6748;0,0764
16013;2020-11-21;T20-21;E0;Man United;West Brom;1;0;1,0;1;0,129;0,8506;0,0204
16010;2020-11-21;T20-21;E0;Newcastle;Chelsea;0;2;2,0;2;0,3002;0,1255;0,5743
44594;2020-11-21;T20-21;SP1;Villarreal;Real Madrid;1;1;0,0;1;0,3419;0,391;0,2671
44595;2020-11-21;T20-21;SP1;Sevilla;Celta;4;2;1,0;1;0,2528;0,6076;0,1396
44596;2020-11-21;T20-21;SP1;Ath Madrid;Barcelona;1;0;1,0;1;0,1022;0,8642;0,0336
6057;2020-11-21;T20-21;D1;Hoffenheim;Stuttgart;3;3;0,0;1;0,2594;0,3921;0,3485
6056;2020-11-21;T20-21;D1;Bielefeld;Leverkusen;1;2;2,0;2;0,1431;0,0711;0,7858
6055;2020-11-21;T20-21;D1;Bayern Munich;Werder Bremen;1;1;0,0;1;0,1907;0,7404;0,0689
16011;2020-11-21;T20-21;E0;Aston Villa;Brighton;1;2;2,0;1;0,169;0,7516;0,0794
16012;2020-11-21;T20-21;E0;Tottenham;Man City;2;0;1,0;1;0,2477;0,6816;0,0707
6058;2020-11-21;T20-21;D1;M'gladbach;Augsburg;1;1;0,0;1;0,3321;0,4816;0,1864
6059;2020-11-21;T20-21;D1;Schalke 04;Wolfsburg;0;2;2,0;2;0,1967;0,0537;0,7496
44593;2020-11-21;T20-21;SP1;Levante;Elche;1;1;0,0;2;0,3229;0,3344;0,3427
6060;2020-11-21;T20-21;D1;Ein Frankfurt;RB Leipzig;1;1;0,0;2;0,2647;0,2331;0,5021
6061;2020-11-21;T20-21;D1;Hertha;Dortmund;2;5;2,0;2;0,2153;0,1782;0,6065
26213;2020-11-22;T20-21;F1;Dijon;Lens;0;1;2,0;2;0,1804;0,0607;0,7589
26212;2020-11-22;T20-21;F1;Nantes;Metz;1;1;0,0;0;0,3911;0,295;0,3139
56497;2020-11-22;T20-21;SP2;Sabadell;Las Palmas;3;1;1,0;2;0,3397;0,2627;0,3976
6063;2020-11-22;T20-21;D1;FC Koln;Union Berlin;1;2;2,0;2;0,274;0,084;0,642
56498;2020-11-22;T20-21;SP2;Mallorca;Sp Gijon;0;0;0,0;1;0,2632;0,6291;0,1077
56499;2020-11-22;T20-21;SP2;Tenerife;Logrones;0;1;2,0;0;0,3982;0,2452;0,3565
56500;2020-11-22;T20-21;SP2;Ponferradina;Zaragoza;2;1;1,0;1;0,229;0,6905;0,0805
44600;2020-11-22;T20-21;SP1;Alaves;Valencia;2;2;0,0;1;0,3315;0,401;0,2675
44599;2020-11-22;T20-21;SP1;Granada;Valladolid;1;3;2,0;1;0,3436;0,4787;0,1777
44598;2020-11-22;T20-21;SP1;Cadiz;Sociedad;0;1;2,0;1;0,3034;0,3546;0,342
44597;2020-11-22;T20-21;SP1;Eibar;Getafe;0;0;0,0;2;0,3452;0,3093;0,3455
6062;2020-11-22;T20-21;D1;Freiburg;Mainz;1;3;2,0;1;0,2939;0,6066;0,0994
26215;2020-11-22;T20-21;F1;Reims;Nimes;0;1;2,0;0;0,3475;0,3436;0,3089
26214;2020-11-22;T20-21;F1;Montpellier;Strasbourg;4;3;1,0;1;0,2217;0,6801;0,0983
26217;2020-11-22;T20-21;F1;Lille;Lorient;4;0;1,0;1;0,1213;0,8394;0,0393
16015;2020-11-22;T20-21;E0;Sheffield United;West Ham;0;1;2,0;2;0,1445;0,0312;0,8243
16016;2020-11-22;T20-21;E0;Leeds;Arsenal;0;0;0,0;1;0,3072;0,3722;0,3206
16017;2020-11-22;T20-21;E0;Liverpool;Leicester;3;0;1,0;1;0,2348;0,5812;0,184
34599;2020-11-22;T20-21;I1;Napoli;Milan;1;3;2,0;1;0,2546;0,4202;0,3252
34598;2020-11-22;T20-21;I1;Udinese;Genoa;1;0;1,0;1;0,3033;0,4846;0,2121
34597;2020-11-22;T20-21;I1;Verona;Sassuolo;0;2;2,0;2;0,2599;0,2248;0,5153
34596;2020-11-22;T20-21;I1;Sampdoria;Bologna;1;2;2,0;1;0,3106;0,4138;0,2756
26216;2020-11-22;T20-21;F1;Angers;Lyon;0;1;2,0;1;0,2912;0,4001;0,3087
34594;2020-11-22;T20-21;I1;Inter;Torino;4;2;1,0;1;0,1373;0,8363;0,0264
34593;2020-11-22;T20-21;I1;Fiorentina;Benevento;0;1;2,0;1;0,2684;0,5399;0,1917
34595;2020-11-22;T20-21;I1;Roma;Parma;3;0;1,0;1;0,1506;0,8039;0,0455
16014;2020-11-22;T20-21;E0;Fulham;Everton;2;3;2,0;2;0,2328;0,0696;0,6976
44601;2020-11-23;T20-21;SP1;Ath Bilbao;Betis;4;0;1,0;0;0,3762;0,3409;0,2829
56501;2020-11-23;T20-21;SP2;Albacete;Almeria;1;2;2,0;2;0,3108;0,1188;0,5703
16018;2020-11-23;T20-21;E0;Burnley;Crystal Palace;1;0;1,0;2;0,3159;0,2091;0,475
16019;2020-11-23;T20-21;E0;Wolves;Southampton;1;1;0,0;2;0,267;0,151;0,582
56503;2020-11-24;T20-21;SP2;Girona;Malaga;0;1;2,0;1;0,3078;0,4941;0,1982
56504;2020-11-24;T20-21;SP2;Lugo;Oviedo;0;0;0,0;1;0,2786;0,54;0,1813
56502;2020-11-24;T20-21;SP2;Castellon;Alcorcon;0;2;2,0;0;0,4079;0,3085;0,2836
26218;2020-11-25;T20-21;F1;Lens;Nantes;1;1;0,0;1;0,1773;0,7594;0,0633
56506;2020-11-25;T20-21;SP2;Sp Gijon;Sabadell;3;1;1,0;1;0,266;0,649;0,085
56505;2020-11-25;T20-21;SP2;Las Palmas;Mirandes;0;2;2,0;1;0,3173;0,4563;0,2263
56509;2020-11-25;T20-21;SP2;Fuenlabrada;Ponferradina;1;1;0,0;1;0,3219;0,3403;0,3378
56508;2020-11-25;T20-21;SP2;Cartagena;Mallorca;1;2;2,0;2;0,3675;0,1421;0,4904
56507;2020-11-25;T20-21;SP2;Zaragoza;Vallecano;1;2;2,0;2;0,3366;0,1538;0,5095
56512;2020-11-26;T20-21;SP2;Almeria;Tenerife;2;0;1,0;1;0,2145;0,7341;0,0514
56511;2020-11-26;T20-21;SP2;Logrones;Albacete;2;0;1,0;1;0,2997;0,6045;0,0959
56510;2020-11-26;T20-21;SP2;Leganes;Espanol;2;0;1,0;1;0,3784;0,4064;0,2151
6064;2020-11-27;T20-21;D1;Wolfsburg;Werder Bremen;5;3;1,0;1;0,2793;0,6366;0,0841
16020;2020-11-27;T20-21;E0;Crystal Palace;Newcastle;0;2;2,0;1;0,3156;0,449;0,2355
44602;2020-11-27;T20-21;SP1;Valladolid;Levante;1;1;0,0;1;0,3063;0,3905;0,3032
26219;2020-11-27;T20-21;F1;Strasbourg;Rennes;1;1;0,0;2;0,2823;0,2045;0,5132
56513;2020-11-27;T20-21;SP2;Alcorcon;Girona;1;0;1,0;2;0,3003;0,2242;0,4755
56514;2020-11-27;T20-21;SP2;Malaga;Lugo;2;2;0,0;1;0,3247;0,5143;0,161
44603;2020-11-28;T20-21;SP1;Elche;Cadiz;1;1;0,0;2;0,2967;0,3007;0,4026
34602;2020-11-28;T20-21;I1;Atalanta;Verona;0;2;2,0;1;0,2669;0,5549;0,1782
34601;2020-11-28;T20-21;I1;Benevento;Juventus;1;1;0,0;2;0,3169;0,1873;0,4958
34600;2020-11-28;T20-21;I1;Sassuolo;Inter;0;3;2,0;1;0,3315;0,4639;0,2046
16021;2020-11-28;T20-21;E0;Brighton;Liverpool;1;1;0,0;2;0,2299;0,1229;0,6472
16022;2020-11-28;T20-21;E0;Man City;Burnley;5;0;1,0;1;0,143;0,8182;0,0388
16023;2020-11-28;T20-21;E0;Everton;Leeds;0;1;2,0;1;0,2427;0,6159;0,1414
16024;2020-11-28;T20-21;E0;West Brom;Sheffield United;1;0;1,0;0;0,4982;0,4023;0,0995
26221;2020-11-28;T20-21;F1;Paris SG;Bordeaux;2;2;0,0;1;0,1802;0,7373;0,0825
26220;2020-11-28;T20-21;F1;Marseille;Nantes;3;1;1,0;1;0,1247;0,8289;0,0464
56515;2020-11-28;T20-21;SP2;Sabadell;Fuenlabrada;1;2;2,0;2;0,3264;0,2509;0,4227
56516;2020-11-28;T20-21;SP2;Vallecano;Cartagena;0;0;0,0;1;0,2519;0,6128;0,1353
56517;2020-11-28;T20-21;SP2;Mirandes;Castellon;1;1;0,0;1;0,2995;0,5953;0,1052
6067;2020-11-28;T20-21;D1;RB Leipzig;Bielefeld;2;1;1,0;1;0,1462;0,8057;0,048
44606;2020-11-28;T20-21;SP1;Real Madrid;Alaves;1;2;2,0;1;0,2256;0,6721;0,1023
44605;2020-11-28;T20-21;SP1;Huesca;Sevilla;0;1;2,0;2;0,2407;0,172;0,5873
44604;2020-11-28;T20-21;SP1;Valencia;Ath Madrid;0;1;2,0;2;0,1542;0,0782;0,7676
6065;2020-11-28;T20-21;D1;Augsburg;Freiburg;1;1;0,0;1;0,2456;0,585;0,1694
6066;2020-11-28;T20-21;D1;Dortmund;FC Koln;1;2;2,0;1;0,1563;0,7915;0,0522
6068;2020-11-28;T20-21;D1;Stuttgart;Bayern Munich;1;3;2,0;2;0,2375;0,2387;0,5238
6069;2020-11-28;T20-21;D1;Union Berlin;Ein Frankfurt;3;3;0,0;1;0,2699;0,5891;0,141
6070;2020-11-28;T20-21;D1;M'gladbach;Schalke 04;4;1;1,0;1;0,1595;0,8089;0,0316
34604;2020-11-29;T20-21;I1;Bologna;Crotone;1;0;1,0;1;0,1817;0,7888;0,0294
34603;2020-11-29;T20-21;I1;Lazio;Udinese;1;3;2,0;1;0,2588;0,6365;0,1047
16027;2020-11-29;T20-21;E0;Arsenal;Wolves;1;2;2,0;2;0,3314;0,2564;0,4123
16026;2020-11-29;T20-21;E0;Chelsea;Tottenham;0;0;0,0;1;0,3367;0,379;0,2843
16025;2020-11-29;T20-21;E0;Southampton;Man United;2;3;2,0;1;0,303;0,4834;0,2136
44610;2020-11-29;T20-21;SP1;Sociedad;Villarreal;1;1;0,0;1;0,2966;0,5815;0,1218
44609;2020-11-29;T20-21;SP1;Celta;Granada;3;1;1,0;1;0,3315;0,4347;0,2338
44607;2020-11-29;T20-21;SP1;Barcelona;Osasuna;4;0;1,0;1;0,2074;0,7136;0,0789
44608;2020-11-29;T20-21;SP1;Getafe;Ath Bilbao;1;1;0,0;1;0,3444;0,4238;0,2319
34606;2020-11-29;T20-21;I1;Cagliari;Spezia;2;2;0,0;1;0,3107;0,4798;0,2095
26223;2020-11-29;T20-21;F1;Lens;Angers;1;3;2,0;1;0,2729;0,5234;0,2037
34607;2020-11-29;T20-21;I1;Napoli;Roma;4;0;1,0;1;0,16;0,7619;0,0781
34605;2020-11-29;T20-21;I1;Milan;Fiorentina;2;0;1,0;1;0,0773;0,8938;0,029
26222;2020-11-29;T20-21;F1;Lyon;Reims;3;0;1,0;1;0,1755;0,7767;0,0478
56519;2020-11-29;T20-21;SP2;Espanol;Zaragoza;2;0;1,0;1;0,1545;0,8034;0,0421
56520;2020-11-29;T20-21;SP2;Mallorca;Logrones;4;0;1,0;1;0,1904;0,7495;0,0601
56518;2020-11-29;T20-21;SP2;Albacete;Tenerife;0;2;2,0;1;0,3317;0,3603;0,3079
56521;2020-11-29;T20-21;SP2;Ponferradina;Leganes;3;2;1,0;1;0,3496;0,4136;0,2367
6072;2020-11-29;T20-21;D1;Mainz;Hoffenheim;1;1;0,0;2;0,2767;0,1172;0,6061
6071;2020-11-29;T20-21;D1;Leverkusen;Hertha;0;0;0,0;1;0,1583;0,7827;0,059
56522;2020-11-29;T20-21;SP2;Las Palmas;Sp Gijon;3;2;1,0;1;0,3148;0,4671;0,2181
26224;2020-11-29;T20-21;F1;Lorient;Montpellier;0;1;2,0;2;0,3116;0,1948;0,4937
26228;2020-11-29;T20-21;F1;St Etienne;Lille;1;1;0,0;2;0,2277;0,1126;0,6597
26227;2020-11-29;T20-21;F1;Nice;Dijon;1;3;2,0;1;0,2235;0,6977;0,0788
26226;2020-11-29;T20-21;F1;Monaco;Nimes;3;0;1,0;1;0,2179;0,7215;0,0606
26225;2020-11-29;T20-21;F1;Metz;Brest;0;2;2,0;0;0,3464;0,3462;0,3073
16029;2020-11-30;T20-21;E0;West Ham;Aston Villa;2;1;1,0;1;0,2646;0,5541;0,1812
44611;2020-11-30;T20-21;SP1;Betis;Eibar;0;2;2,0;1;0,2936;0,4699;0,2365
34609;2020-11-30;T20-21;I1;Genoa;Parma;1;2;2,0;2;0,3271;0,1952;0,4776
16028;2020-11-30;T20-21;E0;Leicester;Fulham;1;2;2,0;1;0,1742;0,777;0,0488
56523;2020-11-30;T20-21;SP2;Oviedo;Almeria;1;2;2,0;2;0,3652;0,2142;0,4206
34608;2020-11-30;T20-21;I1;Torino;Sampdoria;2;2;0,0;2;0,3514;0,2132;0,4354
56524;2020-12-01;T20-21;SP2;Fuenlabrada;Malaga;0;2;2,0;2;0,0342;0,0097;0,9561
56525;2020-12-01;T20-21;SP2;Girona;Mirandes;1;0;1,0;1;0,0161;0,9733;0,0106
56527;2020-12-02;T20-21;SP2;Leganes;Vallecano;1;0;1,0;1;0,0052;0,9892;0,0056
56530;2020-12-02;T20-21;SP2;Lugo;Las Palmas;1;1;0,0;0;0,7602;0,2118;0,0279
56529;2020-12-02;T20-21;SP2;Castellon;Zaragoza;1;0;1,0;1;0,2339;0,7441;0,0219
56526;2020-12-02;T20-21;SP2;Cartagena;Espanol;1;3;2,0;2;0,0069;0,0071;0,986
56528;2020-12-02;T20-21;SP2;Logrones;Ponferradina;1;2;2,0;1;0,2247;0,4081;0,3673
56534;2020-12-03;T20-21;SP2;Sp Gijon;Albacete;0;0;0,0;0;0,5322;0,4229;0,0449
56533;2020-12-03;T20-21;SP2;Tenerife;Sabadell;1;2;2,0;2;0,019;0,0095;0,9715
56532;2020-12-03;T20-21;SP2;Oviedo;Alcorcon;1;1;0,0;0;0,8197;0,1389;0,0414
56531;2020-12-03;T20-21;SP2;Almeria;Mallorca;0;1;2,0;2;0,2526;0,0359;0,7115
6073;2020-12-04;T20-21;D1;Hertha;Union Berlin;3;1;1,0;2;0,2281;0,3567;0,4152
44612;2020-12-04;T20-21;SP1;Ath Bilbao;Celta;0;2;2,0;2;0,0991;0,0584;0,8425
26229;2020-12-04;T20-21;F1;Nimes;Marseille;0;2;2,0;0;0,4637;0,1957;0,3406
6077;2020-12-05;T20-21;D1;Freiburg;M'gladbach;2;2;0,0;2;0,2833;0,0376;0,6791
56536;2020-12-05;T20-21;SP2;Ponferradina;Las Palmas;0;0;0,0;1;0,3137;0,5482;0,1381
6076;2020-12-05;T20-21;D1;FC Koln;Wolfsburg;2;2;0,0;0;0,5914;0,1529;0,2557
6075;2020-12-05;T20-21;D1;Ein Frankfurt;Dortmund;1;1;0,0;0;0,6959;0,1472;0,1569
44616;2020-12-05;T20-21;SP1;Cadiz;Barcelona;2;1;1,0;1;0,2642;0,6833;0,0525
44615;2020-12-05;T20-21;SP1;Ath Madrid;Valladolid;2;0;1,0;1;0,0247;0,9632;0,0121
44614;2020-12-05;T20-21;SP1;Sevilla;Real Madrid;0;1;2,0;2;0,0208;0,016;0,9633
34612;2020-12-05;T20-21;I1;Inter;Bologna;3;1;1,0;1;0,0193;0,9679;0,0127
44613;2020-12-05;T20-21;SP1;Levante;Getafe;3;0;1,0;1;0,474;0,4767;0,0493
6078;2020-12-05;T20-21;D1;Bayern Munich;RB Leipzig;3;3;0,0;0;0,6494;0,1682;0,1824
34611;2020-12-05;T20-21;I1;Juventus;Torino;2;1;1,0;1;0,0124;0,9747;0,0129
6074;2020-12-05;T20-21;D1;Bielefeld;Mainz;2;1;1,0;1;0,0212;0,9673;0,0115
16033;2020-12-05;T20-21;E0;Chelsea;Leeds;3;1;1,0;1;0,0175;0,9754;0,0071
26230;2020-12-05;T20-21;F1;Rennes;Lens;0;2;2,0;2;0,0218;0,0101;0,9681
26231;2020-12-05;T20-21;F1;Montpellier;Paris SG;1;3;2,0;2;0,0207;0,018;0,9613
16030;2020-12-05;T20-21;E0;Burnley;Everton;1;1;0,0;0;0,6123;0,0407;0,347
16031;2020-12-05;T20-21;E0;Man City;Fulham;2;0;1,0;1;0,3879;0,5511;0,061
16032;2020-12-05;T20-21;E0;West Ham;Man United;1;3;2,0;1;0,2709;0,6381;0,0909
34610;2020-12-05;T20-21;I1;Spezia;Lazio;1;2;2,0;2;0,0357;0,0168;0,9475
56538;2020-12-05;T20-21;SP2;Malaga;Cartagena;1;2;2,0;2;0,2174;0,0721;0,7105
56535;2020-12-05;T20-21;SP2;Vallecano;Logrones;2;1;1,0;1;0,3191;0,6134;0,0674
56537;2020-12-05;T20-21;SP2;Mirandes;Lugo;0;0;0,0;2;0,3671;0,0454;0,5875
16037;2020-12-06;T20-21;E0;Liverpool;Wolves;4;0;1,0;1;0,138;0,5993;0,2627
16036;2020-12-06;T20-21;E0;Tottenham;Arsenal;2;0;1,0;1;0,0242;0,9472;0,0286
26237;2020-12-06;T20-21;F1;Reims;Nice;0;0;0,0;0;0,5053;0,0709;0,4239
26236;2020-12-06;T20-21;F1;Nantes;Strasbourg;0;4;2,0;2;0,0773;0,0581;0,8646
6079;2020-12-06;T20-21;D1;Werder Bremen;Stuttgart;1;2;2,0;0;0,5341;0,0956;0,3703
6080;2020-12-06;T20-21;D1;Schalke 04;Leverkusen;0;3;2,0;2;0,0248;0,0162;0,9591
26238;2020-12-06;T20-21;F1;Metz;Lyon;1;3;2,0;1;0,2726;0,6101;0,1173
34613;2020-12-06;T20-21;I1;Verona;Cagliari;1;1;0,0;0;0,5123;0,4501;0,0377
26234;2020-12-06;T20-21;F1;Bordeaux;Brest;1;0;1,0;1;0,1188;0,7858;0,0954
44617;2020-12-06;T20-21;SP1;Granada;Huesca;3;3;0,0;0;0,4745;0,4256;0,0999
26232;2020-12-06;T20-21;F1;Lille;Monaco;2;1;1,0;1;0,2024;0,758;0,0396
26233;2020-12-06;T20-21;F1;Angers;Lorient;2;0;1,0;1;0,3764;0,5887;0,0349
44620;2020-12-06;T20-21;SP1;Alaves;Sociedad;0;0;0,0;0;0,5854;0,0795;0,3351
44619;2020-12-06;T20-21;SP1;Villarreal;Elche;0;0;0,0;1;0,1895;0,7603;0,0502
44618;2020-12-06;T20-21;SP1;Osasuna;Betis;0;2;2,0;2;0,0175;0,0243;0,9582
56543;2020-12-06;T20-21;SP2;Zaragoza;Fuenlabrada;1;0;1,0;1;0,3431;0,4365;0,2204
56539;2020-12-06;T20-21;SP2;Alcorcon;Almeria;0;1;2,0;2;0,4066;0,0653;0,5281
56541;2020-12-06;T20-21;SP2;Albacete;Girona;0;2;2,0;2;0,3457;0,1452;0,5091
56540;2020-12-06;T20-21;SP2;Espanol;Sp Gijon;2;0;1,0;1;0,0242;0,9569;0,019
56542;2020-12-06;T20-21;SP2;Sabadell;Oviedo;0;1;2,0;0;0,3862;0,2509;0,3629
16035;2020-12-06;T20-21;E0;Sheffield United;Leicester;1;2;2,0;2;0,0196;0,0144;0,966
34617;2020-12-06;T20-21;I1;Sampdoria;Milan;1;2;2,0;2;0,026;0,0188;0,9552
26235;2020-12-06;T20-21;F1;Dijon;St Etienne;0;0;0,0;0;0,782;0,1873;0,0306
34616;2020-12-06;T20-21;I1;Crotone;Napoli;0;4;2,0;2;0,0208;0,017;0,9622
34615;2020-12-06;T20-21;I1;Roma;Sassuolo;0;0;0,0;1;0,2639;0,6825;0,0537
34614;2020-12-06;T20-21;I1;Parma;Benevento;0;0;0,0;1;0,3409;0,5625;0,0965
16034;2020-12-06;T20-21;E0;West Brom;Crystal Palace;1;5;2,0;2;0,0155;0,0141;0,9704
44621;2020-12-07;T20-21;SP1;Eibar;Valencia;0;0;0,0;1;0,3224;0,6353;0,0422
34618;2020-12-07;T20-21;I1;Fiorentina;Genoa;1;1;0,0;0;0,8478;0,0796;0,0727
56545;2020-12-07;T20-21;SP2;Mallorca;Castellon;3;1;1,0;1;0,165;0,7991;0,0359
56544;2020-12-07;T20-21;SP2;Tenerife;Leganes;0;0;0,0;2;0,4069;0,0703;0,5228
6081;2020-12-07;T20-21;D1;Hoffenheim;Augsburg;3;1;1,0;1;0,2548;0,6996;0,0456
16038;2020-12-07;T20-21;E0;Brighton;Southampton;1;2;2,0;2;0,0196;0,0085;0,9718
56546;2020-12-09;T20-21;SP2;Almeria;Zaragoza;1;0;1,0;1;0,2678;0,6764;0,0558
56547;2020-12-09;T20-21;SP2;Sabadell;Alcorcon;1;1;0,0;1;0,3181;0,6252;0,0566
56548;2020-12-10;T20-21;SP2;Girona;Logrones;2;0;1,0;1;0,3656;0,4686;0,1658
16039;2020-12-11;T20-21;E0;Leeds;West Ham;1;2;2,0;1;0,3098;0,3514;0,3387
56550;2020-12-11;T20-21;SP2;Oviedo;Tenerife;4;2;1,0;1;0,2654;0,6121;0,1225
6082;2020-12-11;T20-21;D1;Wolfsburg;Ein Frankfurt;2;1;1,0;1;0,2475;0,6261;0,1264
34619;2020-12-11;T20-21;I1;Sassuolo;Benevento;1;0;1,0;1;0,1406;0,8165;0,0428
56549;2020-12-11;T20-21;SP2;Lugo;Ponferradina;1;0;1,0;1;0,2591;0,5797;0,1612
44622;2020-12-11;T20-21;SP1;Valladolid;Osasuna;3;2;1,0;1;0,3128;0,4531;0,2342
26239;2020-12-11;T20-21;F1;St Etienne;Angers;0;0;0,0;2;0,3439;0,2338;0,4223
6088;2020-12-12;T20-21;D1;Union Berlin;Bayern Munich;1;1;0,0;2;0,2776;0,2352;0,4871
44623;2020-12-12;T20-21;SP1;Valencia;Ath Bilbao;2;2;0,0;1;0,3683;0,3918;0,2399
44624;2020-12-12;T20-21;SP1;Getafe;Sevilla;0;1;2,0;2;0,3288;0,3229;0,3482
56551;2020-12-12;T20-21;SP2;Leganes;Mallorca;0;1;2,0;2;0,352;0,2832;0,3647
6087;2020-12-12;T20-21;D1;RB Leipzig;Werder Bremen;2;0;1,0;1;0,1243;0,8284;0,0473
44625;2020-12-12;T20-21;SP1;Huesca;Alaves;1;0;1,0;1;0,3154;0,3691;0,3154
6084;2020-12-12;T20-21;D1;Freiburg;Bielefeld;2;0;1,0;1;0,2605;0,6323;0,1072
6083;2020-12-12;T20-21;D1;Dortmund;Stuttgart;1;5;2,0;1;0,2126;0,5344;0,2531
6085;2020-12-12;T20-21;D1;Mainz;FC Koln;0;1;2,0;2;0,3583;0,2162;0,4255
6086;2020-12-12;T20-21;D1;M'gladbach;Hertha;1;1;0,0;1;0,2746;0,6041;0,1213
44626;2020-12-12;T20-21;SP1;Real Madrid;Ath Madrid;2;0;1,0;2;0,3345;0,3228;0,3427
34622;2020-12-12;T20-21;I1;Lazio;Verona;1;2;2,0;1;0,3277;0,446;0,2263
34621;2020-12-12;T20-21;I1;Torino;Udinese;2;3;2,0;2;0,3147;0,1652;0,5202
34620;2020-12-12;T20-21;I1;Crotone;Spezia;4;1;1,0;2;0,3557;0,1746;0,4696
26241;2020-12-12;T20-21;F1;Lens;Montpellier;2;3;2,0;1;0,285;0,3734;0,3416
16040;2020-12-12;T20-21;E0;Wolves;Aston Villa;0;1;2,0;1;0,273;0,3794;0,3476
16041;2020-12-12;T20-21;E0;Newcastle;West Brom;2;1;1,0;1;0,1805;0,7581;0,0614
26240;2020-12-12;T20-21;F1;Marseille;Monaco;2;1;1,0;1;0,2162;0,7038;0,08
16043;2020-12-12;T20-21;E0;Everton;Chelsea;1;0;1,0;1;0,2781;0,5014;0,2206
16042;2020-12-12;T20-21;E0;Man United;Man City;0;0;0,0;1;0,3635;0,3905;0,246
56553;2020-12-12;T20-21;SP2;Fuenlabrada;Mirandes;0;1;2,0;1;0,3513;0,3952;0,2534
56552;2020-12-12;T20-21;SP2;Castellon;Albacete;3;0;1,0;1;0,315;0,5437;0,1413
56557;2020-12-13;T20-21;SP2;Cartagena;Sabadell;1;2;2,0;1;0,2861;0,5297;0,1841
56558;2020-12-13;T20-21;SP2;Sp Gijon;Zaragoza;1;0;1,0;1;0,1609;0,7867;0,0524
56554;2020-12-13;T20-21;SP2;Logrones;Espanol;0;3;2,0;2;0,303;0,2221;0,4748
34625;2020-12-13;T20-21;I1;Bologna;Roma;1;5;2,0;2;0,28;0,1463;0,5737
56556;2020-12-13;T20-21;SP2;Las Palmas;Alcorcon;0;0;0,0;1;0,2964;0,5727;0,131
34623;2020-12-13;T20-21;I1;Cagliari;Inter;1;3;2,0;2;0,2324;0,1275;0,6401
44630;2020-12-13;T20-21;SP1;Barcelona;Levante;1;0;1,0;1;0,2556;0,6468;0,0975
44629;2020-12-13;T20-21;SP1;Elche;Granada;0;1;2,0;1;0,2495;0,4676;0,2829
44628;2020-12-13;T20-21;SP1;Betis;Villarreal;1;1;0,0;2;0,3262;0,2617;0,4121
34624;2020-12-13;T20-21;I1;Atalanta;Fiorentina;3;0;1,0;1;0,2165;0,7213;0,0622
44627;2020-12-13;T20-21;SP1;Sociedad;Eibar;1;1;0,0;1;0,2435;0,6879;0,0686
56555;2020-12-13;T20-21;SP2;Almeria;Malaga;3;1;1,0;1;0,2316;0,6921;0,0763
34626;2020-12-13;T20-21;I1;Napoli;Sampdoria;2;1;1,0;1;0,1086;0,8453;0,0461
16047;2020-12-13;T20-21;E0;Arsenal;Burnley;0;1;2,0;1;0,3008;0,5481;0,1511
34628;2020-12-13;T20-21;I1;Milan;Parma;2;2;0,0;1;0,095;0,8643;0,0407
16046;2020-12-13;T20-21;E0;Fulham;Liverpool;1;1;0,0;2;0,2101;0,0737;0,7162
6089;2020-12-13;T20-21;D1;Augsburg;Schalke 04;2;2;0,0;1;0,19;0,7652;0,0447
6090;2020-12-13;T20-21;D1;Leverkusen;Hoffenheim;4;1;1,0;1;0,1088;0,8408;0,0505
34627;2020-12-13;T20-21;I1;Genoa;Juventus;1;3;2,0;2;0,2346;0,0773;0,6881
16044;2020-12-13;T20-21;E0;Southampton;Sheffield United;3;0;1,0;1;0,1015;0,8787;0,0197
26242;2020-12-13;T20-21;F1;Nice;Rennes;0;1;2,0;1;0,2702;0,4709;0,2588
16045;2020-12-13;T20-21;E0;Crystal Palace;Tottenham;1;1;0,0;2;0,3075;0,2395;0,453
26244;2020-12-13;T20-21;F1;Lorient;Nimes;3;0;1,0;1;0,2824;0,5189;0,1987
26245;2020-12-13;T20-21;F1;Nantes;Dijon;1;1;0,0;1;0,3013;0,5524;0,1464
26246;2020-12-13;T20-21;F1;Strasbourg;Metz;2;2;0,0;2;0,3243;0,2438;0,4318
26247;2020-12-13;T20-21;F1;Lille;Bordeaux;2;1;1,0;1;0,2014;0,725;0,0736
16048;2020-12-13;T20-21;E0;Leicester;Brighton;3;0;1,0;1;0,1526;0,7927;0,0547
26243;2020-12-13;T20-21;F1;Brest;Reims;2;1;1,0;1;0,2258;0,6841;0,0901
26248;2020-12-13;T20-21;F1;Paris SG;Lyon;0;1;2,0;1;0,3155;0,4124;0,2721
56559;2020-12-14;T20-21;SP2;Girona;Vallecano;0;0;0,0;1;0,3928;0,3979;0,2093
44631;2020-12-14;T20-21;SP1;Celta;Cadiz;4;0;1,0;1;0,3436;0,3798;0,2766
6094;2020-12-15;T20-21;D1;Werder Bremen;Dortmund;1;2;2,0;2;0,2359;0,17;0,5941
6093;2020-12-15;T20-21;D1;Stuttgart;Union Berlin;2;2;0,0;1;0,2575;0,5206;0,2219
6092;2020-12-15;T20-21;D1;Hertha;Mainz;0;0;0,0;1;0,2566;0,686;0,0574
6091;2020-12-15;T20-21;D1;Ein Frankfurt;M'gladbach;3;3;0,0;2;0,2716;0,3599;0,3686
44632;2020-12-15;T20-21;SP1;Real Madrid;Ath Bilbao;3;1;1,0;1;0,2104;0,7333;0,0563
34629;2020-12-15;T20-21;I1;Udinese;Crotone;0;0;0,0;1;0,2298;0,6971;0,0731
34630;2020-12-15;T20-21;I1;Benevento;Lazio;1;1;0,0;2;0,2982;0,2736;0,4282
16050;2020-12-15;T20-21;E0;Man City;West Brom;1;1;0,0;1;0,1823;0,768;0,0496
16049;2020-12-15;T20-21;E0;Wolves;Chelsea;2;1;1,0;1;0,2682;0,5229;0,2089
26254;2020-12-16;T20-21;F1;Bordeaux;St Etienne;1;2;2,0;1;0,3392;0,4366;0,2241
6097;2020-12-16;T20-21;D1;Bielefeld;Augsburg;0;1;2,0;2;0,2689;0,1215;0,6096
6096;2020-12-16;T20-21;D1;Bayern Munich;Wolfsburg;2;1;1,0;1;0,1845;0,73;0,0855
6095;2020-12-16;T20-21;D1;Schalke 04;Freiburg;0;2;2,0;2;0,2674;0,1094;0,6232
16056;2020-12-16;T20-21;E0;West Ham;Crystal Palace;1;1;0,0;1;0,302;0,5527;0,1453
16055;2020-12-16;T20-21;E0;Liverpool;Tottenham;2;1;1,0;1;0,2102;0,6547;0,1351
16054;2020-12-16;T20-21;E0;Fulham;Brighton;0;0;0,0;1;0,353;0,3589;0,2882
16053;2020-12-16;T20-21;E0;Leicester;Everton;0;2;2,0;1;0,3343;0,4222;0,2435
16052;2020-12-16;T20-21;E0;Leeds;Newcastle;5;2;1,0;1;0,269;0,5137;0,2173
16051;2020-12-16;T20-21;E0;Arsenal;Southampton;1;1;0,0;2;0,3326;0,2464;0,421
26249;2020-12-16;T20-21;F1;Angers;Strasbourg;0;2;2,0;1;0,2762;0,61;0,1138
26250;2020-12-16;T20-21;F1;Dijon;Lille;0;2;2,0;2;0,1805;0,0672;0,7522
26252;2020-12-16;T20-21;F1;Nimes;Nice;0;2;2,0;2;0,2759;0,1679;0,5562
6098;2020-12-16;T20-21;D1;FC Koln;Leverkusen;0;4;2,0;2;0,1729;0,0679;0,7592
26253;2020-12-16;T20-21;F1;Reims;Nantes;3;2;1,0;1;0,2967;0,4243;0,279
44633;2020-12-16;T20-21;SP1;Barcelona;Sociedad;2;1;1,0;1;0,3211;0,3804;0,2984
26255;2020-12-16;T20-21;F1;Lyon;Brest;2;2;0,0;1;0,2415;0,6541;0,1044
26256;2020-12-16;T20-21;F1;Monaco;Lens;0;3;2,0;1;0,287;0,4652;0,2478
26257;2020-12-16;T20-21;F1;Paris SG;Lorient;2;0;1,0;1;0,0972;0,8619;0,0409
26258;2020-12-16;T20-21;F1;Rennes;Marseille;2;1;1,0;1;0,257;0,4117;0,3312
34637;2020-12-16;T20-21;I1;Verona;Sampdoria;1;2;2,0;1;0,2942;0,5264;0,1795
34636;2020-12-16;T20-21;I1;Spezia;Bologna;2;2;0,0;1;0,3215;0,4252;0,2533
34634;2020-12-16;T20-21;I1;Inter;Napoli;1;0;1,0;1;0,3301;0,5483;0,1216
34633;2020-12-16;T20-21;I1;Genoa;Milan;2;2;0,0;2;0,15;0,0473;0,8028
34632;2020-12-16;T20-21;I1;Fiorentina;Sassuolo;1;1;0,0;2;0,2571;0,1587;0,5842
34631;2020-12-16;T20-21;I1;Juventus;Atalanta;1;1;0,0;1;0,296;0,4856;0,2184
26251;2020-12-16;T20-21;F1;Montpellier;Metz;0;2;2,0;1;0,2558;0,621;0,1232
6099;2020-12-16;T20-21;D1;Hoffenheim;RB Leipzig;0;1;2,0;2;0,2031;0,1204;0,6765
34635;2020-12-16;T20-21;I1;Parma;Cagliari;0;0;0,0;1;0,3222;0,3827;0,2951
16057;2020-12-17;T20-21;E0;Aston Villa;Burnley;0;0;0,0;1;0,1981;0,729;0,0729
16058;2020-12-17;T20-21;E0;Sheffield United;Man United;2;3;2,0;2;0,1176;0,0263;0,8561
34638;2020-12-17;T20-21;I1;Roma;Torino;3;1;1,0;1;0,1122;0,8618;0,026
44634;2020-12-18;T20-21;SP1;Ath Bilbao;Huesca;2;0;1,0;1;0,2832;0,6171;0,0996
6100;2020-12-18;T20-21;D1;Union Berlin;Dortmund;2;1;1,0;1;0,2909;0,4559;0,2532
56560;2020-12-18;T20-21;SP2;Ponferradina;Oviedo;1;0;1,0;1;0,302;0,5606;0,1374
26259;2020-12-19;T20-21;F1;Metz;Lens;2;0;1,0;1;0,2628;0,5234;0,2138
26260;2020-12-19;T20-21;F1;Marseille;Reims;1;1;0,0;1;0,1727;0,7705;0,0567
26261;2020-12-19;T20-21;F1;Nice;Lyon;1;4;2,0;2;0,2717;0,306;0,4223
6102;2020-12-19;T20-21;D1;Mainz;Werder Bremen;0;1;2,0;2;0,2908;0,1321;0,5772
34641;2020-12-19;T20-21;I1;Parma;Juventus;0;4;2,0;2;0,2403;0,1604;0,5992
34640;2020-12-19;T20-21;I1;Sampdoria;Crotone;3;1;1,0;1;0,193;0,7366;0,0705
34639;2020-12-19;T20-21;I1;Fiorentina;Verona;1;1;0,0;0;0,3471;0,3352;0,3177
44638;2020-12-19;T20-21;SP1;Osasuna;Villarreal;1;3;2,0;2;0,2727;0,2078;0,5195
16061;2020-12-19;T20-21;E0;Everton;Arsenal;2;1;1,0;1;0,2329;0,6863;0,0807
44637;2020-12-19;T20-21;SP1;Levante;Sociedad;2;1;1,0;2;0,2744;0,2484;0,4772
44636;2020-12-19;T20-21;SP1;Barcelona;Valencia;2;2;0,0;1;0,2988;0,5775;0,1237
44635;2020-12-19;T20-21;SP1;Ath Madrid;Elche;3;1;1,0;1;0,1102;0,8514;0,0384
56563;2020-12-19;T20-21;SP2;Zaragoza;Lugo;1;0;1,0;2;0,3721;0,1747;0,4532
56562;2020-12-19;T20-21;SP2;Mallorca;Fuenlabrada;2;3;2,0;1;0,1544;0,7833;0,0623
56561;2020-12-19;T20-21;SP2;Sabadell;Castellon;1;1;0,0;1;0,3489;0,4274;0,2237
44639;2020-12-19;T20-21;SP1;Sevilla;Valladolid;1;1;0,0;1;0,2619;0,6457;0,0924
16062;2020-12-19;T20-21;E0;Newcastle;Fulham;1;1;0,0;1;0,2207;0,6817;0,0976
6101;2020-12-19;T20-21;D1;Augsburg;Ein Frankfurt;0;2;2,0;1;0,2746;0,3888;0,3366
16060;2020-12-19;T20-21;E0;Southampton;Man City;0;1;2,0;1;0,2862;0,419;0,2948
16059;2020-12-19;T20-21;E0;Crystal Palace;Liverpool;0;7;2,0;2;0,2543;0,2249;0,5208
6103;2020-12-19;T20-21;D1;M'gladbach;Hoffenheim;1;2;2,0;1;0,2626;0,5169;0,2204
6104;2020-12-19;T20-21;D1;RB Leipzig;FC Koln;0;0;0,0;1;0,1225;0,8326;0,0449
6105;2020-12-19;T20-21;D1;Schalke 04;Bielefeld;0;1;2,0;2;0,359;0,1958;0,4452
6106;2020-12-19;T20-21;D1;Leverkusen;Bayern Munich;1;2;2,0;1;0,3637;0,3833;0,253
26267;2020-12-20;T20-21;F1;Lorient;Rennes;0;3;2,0;2;0,2465;0,1297;0,6238
26268;2020-12-20;T20-21;F1;Lille;Paris SG;0;0;0,0;1;0,3328;0,4943;0,1728
56564;2020-12-20;T20-21;SP2;Alcorcon;Cartagena;2;1;1,0;1;0,2932;0,5167;0,1901
26265;2020-12-20;T20-21;F1;St Etienne;Nimes;2;2;0,0;1;0,2847;0,582;0,1333
56565;2020-12-20;T20-21;SP2;Espanol;Almeria;2;1;1,0;1;0,3109;0,5674;0,1218
56567;2020-12-20;T20-21;SP2;Malaga;Logrones;0;0;0,0;1;0,311;0,4565;0,2325
34643;2020-12-20;T20-21;I1;Benevento;Genoa;2;0;1,0;1;0,221;0,6937;0,0853
34642;2020-12-20;T20-21;I1;Torino;Bologna;1;1;0,0;2;0,3249;0,207;0,4681
6107;2020-12-20;T20-21;D1;Freiburg;Hertha;4;1;1,0;1;0,2749;0,5404;0,1847
6108;2020-12-20;T20-21;D1;Wolfsburg;Stuttgart;1;0;1,0;1;0,2257;0,6523;0,1221
44642;2020-12-20;T20-21;SP1;Cadiz;Getafe;0;2;2,0;1;0,272;0,516;0,212
44641;2020-12-20;T20-21;SP1;Granada;Betis;2;0;1,0;1;0,2351;0,6326;0,1324
44640;2020-12-20;T20-21;SP1;Celta;Alaves;2;0;1,0;1;0,3048;0,5509;0,1442
56566;2020-12-20;T20-21;SP2;Vallecano;Las Palmas;2;0;1,0;1;0,3127;0,5522;0,1351
26264;2020-12-20;T20-21;F1;Nantes;Angers;1;1;0,0;2;0,3163;0,314;0,3697
26266;2020-12-20;T20-21;F1;Strasbourg;Bordeaux;0;2;2,0;2;0,3475;0,2529;0,3996
26262;2020-12-20;T20-21;F1;Brest;Montpellier;2;2;0,0;1;0,3227;0,3842;0,2931
34648;2020-12-20;T20-21;I1;Lazio;Napoli;2;0;1,0;1;0,2998;0,3742;0,326
34647;2020-12-20;T20-21;I1;Atalanta;Roma;4;1;1,0;1;0,2237;0,4089;0,3674
16066;2020-12-20;T20-21;E0;West Brom;Aston Villa;0;3;2,0;2;0,2459;0,1231;0,631
44643;2020-12-20;T20-21;SP1;Eibar;Real Madrid;1;3;2,0;2;0,2521;0,1813;0,5666
34646;2020-12-20;T20-21;I1;Sassuolo;Milan;1;2;2,0;2;0,292;0,3256;0,3825
34645;2020-12-20;T20-21;I1;Inter;Spezia;2;1;1,0;1;0,0919;0,8742;0,0339
34644;2020-12-20;T20-21;I1;Cagliari;Udinese;1;1;0,0;1;0,3043;0,4685;0,2272
16063;2020-12-20;T20-21;E0;Brighton;Sheffield United;1;1;0,0;1;0,2227;0,7181;0,0592
16064;2020-12-20;T20-21;E0;Tottenham;Leicester;0;2;2,0;1;0,3127;0,3717;0,3156
16065;2020-12-20;T20-21;E0;Man United;Leeds;6;2;1,0;1;0,1969;0,7298;0,0733
26263;2020-12-20;T20-21;F1;Dijon;Monaco;0;1;2,0;2;0,2485;0,1371;0,6144
56570;2020-12-21;T20-21;SP2;Tenerife;Girona;2;0;1,0;0;0,379;0,2974;0,3236
56568;2020-12-21;T20-21;SP2;Mirandes;Albacete;0;2;2,0;1;0,2539;0,6517;0,0945
16067;2020-12-21;T20-21;E0;Burnley;Wolves;2;1;1,0;2;0,3089;0,2709;0,4202
16068;2020-12-21;T20-21;E0;Chelsea;West Ham;3;0;1,0;1;0,2454;0,5992;0,1554
56569;2020-12-21;T20-21;SP2;Sp Gijon;Leganes;1;1;0,0;1;0,3223;0,4483;0,2293
44649;2020-12-22;T20-21;SP1;Villarreal;Ath Bilbao;1;1;0,0;1;0,2027;0,6726;0,1247
44648;2020-12-22;T20-21;SP1;Valladolid;Barcelona;0;3;2,0;2;0,3374;0,2687;0,3939
44647;2020-12-22;T20-21;SP1;Sociedad;Ath Madrid;0;2;2,0;2;0,2609;0,2674;0,4717
44646;2020-12-22;T20-21;SP1;Huesca;Levante;1;1;0,0;0;0,3942;0,2921;0,3137
34650;2020-12-22;T20-21;I1;Juventus;Fiorentina;0;3;2,0;1;0,2624;0,6588;0,0788
44645;2020-12-22;T20-21;SP1;Valencia;Sevilla;0;1;2,0;2;0,3562;0,2524;0,3914
44644;2020-12-22;T20-21;SP1;Elche;Osasuna;2;2;0,0;1;0,2453;0,5993;0,1554
34649;2020-12-22;T20-21;I1;Crotone;Parma;2;1;1,0;1;0,3155;0,3577;0,3268
44651;2020-12-23;T20-21;SP1;Real Madrid;Granada;2;0;1,0;1;0,1899;0,743;0,0671
44652;2020-12-23;T20-21;SP1;Alaves;Eibar;2;1;1,0;1;0,3147;0,5281;0,1573
34651;2020-12-23;T20-21;I1;Verona;Inter;1;2;2,0;2;0,2432;0,1489;0,6079
34652;2020-12-23;T20-21;I1;Bologna;Atalanta;2;2;0,0;2;0,2259;0,22;0,5541
44650;2020-12-23;T20-21;SP1;Getafe;Celta;1;1;0,0;1;0,3462;0,426;0,2278
34653;2020-12-23;T20-21;I1;Milan;Lazio;3;2;1,0;1;0,1497;0,8008;0,0495
34654;2020-12-23;T20-21;I1;Napoli;Torino;1;1;0,0;1;0,1436;0,8184;0,038
34655;2020-12-23;T20-21;I1;Roma;Cagliari;3;2;1,0;1;0,1734;0,7592;0,0675
26269;2020-12-23;T20-21;F1;Bordeaux;Reims;1;3;2,0;1;0,2875;0,543;0,1695
26270;2020-12-23;T20-21;F1;Lens;Brest;2;1;1,0;1;0,2493;0,6177;0,133
34656;2020-12-23;T20-21;I1;Sampdoria;Sassuolo;2;3;2,0;2;0,2421;0,1668;0,591
26272;2020-12-23;T20-21;F1;Nimes;Dijon;1;3;2,0;1;0,3385;0,4387;0,2227
26273;2020-12-23;T20-21;F1;Rennes;Metz;1;0;1,0;1;0,2384;0,6561;0,1054
26274;2020-12-23;T20-21;F1;Angers;Marseille;2;1;1,0;1;0,3185;0,3844;0,2971
44653;2020-12-23;T20-21;SP1;Betis;Cadiz;1;0;1,0;1;0,2683;0,4665;0,2652
26276;2020-12-23;T20-21;F1;Monaco;St Etienne;2;2;0,0;1;0,2399;0,6463;0,1138
26275;2020-12-23;T20-21;F1;Lyon;Nantes;3;0;1,0;1;0,1064;0,8522;0,0414
26278;2020-12-23;T20-21;F1;Paris SG;Strasbourg;4;0;1,0;1;0,1076;0,8511;0,0413
34658;2020-12-23;T20-21;I1;Udinese;Benevento;0;2;2,0;0;0,3411;0,3246;0,3344
26277;2020-12-23;T20-21;F1;Montpellier;Lille;2;3;2,0;2;0,2921;0,2785;0,4294
26271;2020-12-23;T20-21;F1;Nice;Lorient;2;2;0,0;1;0,2013;0,7071;0,0915
34657;2020-12-23;T20-21;I1;Spezia;Genoa;1;2;2,0;1;0,2748;0,5043;0,2209
16073;2020-12-26;T20-21;E0;Man City;Newcastle;2;0;1,0;1;0,2156;0,6755;0,1089
16074;2020-12-26;T20-21;E0;Sheffield United;Everton;0;1;2,0;2;0,1164;0,026;0,8576
16070;2020-12-26;T20-21;E0;Aston Villa;Crystal Palace;3;0;1,0;1;0,1767;0,7395;0,0838
16071;2020-12-26;T20-21;E0;Fulham;Southampton;0;0;0,0;2;0,2982;0,1645;0,5372
16072;2020-12-26;T20-21;E0;Arsenal;Chelsea;3;1;1,0;2;0,318;0,2871;0,395
16069;2020-12-26;T20-21;E0;Leicester;Man United;2;2;0,0;1;0,3168;0,3763;0,3068
16075;2020-12-27;T20-21;E0;Leeds;Burnley;1;0;1,0;1;0,2723;0,5957;0,132
16076;2020-12-27;T20-21;E0;West Ham;Brighton;2;2;0,0;1;0,2333;0,6528;0,1138
16077;2020-12-27;T20-21;E0;Liverpool;West Brom;1;1;0,0;1;0,1009;0,8648;0,0344
16078;2020-12-27;T20-21;E0;Wolves;Tottenham;1;1;0,0;2;0,2832;0,2885;0,4283
16079;2020-12-28;T20-21;E0;Crystal Palace;Leicester;1;1;0,0;2;0,2532;0,2361;0,5107
16080;2020-12-28;T20-21;E0;Chelsea;Aston Villa;1;1;0,0;1;0,3646;0,3974;0,238
44657;2020-12-29;T20-21;SP1;Levante;Betis;4;3;1,0;1;0,3378;0,4555;0,2067
16085;2020-12-29;T20-21;E0;Man United;Wolves;1;0;1,0;1;0,2164;0,6824;0,1013
16081;2020-12-29;T20-21;E0;Brighton;Arsenal;0;1;2,0;2;0,3171;0,298;0,3849
16084;2020-12-29;T20-21;E0;West Brom;Leeds;0;5;2,0;2;0,2952;0,1657;0,5391
16082;2020-12-29;T20-21;E0;Burnley;Sheffield United;1;0;1,0;1;0,2025;0,7513;0,0462
16083;2020-12-29;T20-21;E0;Southampton;West Ham;0;0;0,0;1;0,262;0,5297;0,2083
44654;2020-12-29;T20-21;SP1;Sevilla;Villarreal;2;0;1,0;1;0,2632;0,4875;0,2493
44655;2020-12-29;T20-21;SP1;Barcelona;Eibar;1;1;0,0;1;0,2665;0,6233;0,1101
44656;2020-12-29;T20-21;SP1;Cadiz;Valladolid;0;0;0,0;1;0,2565;0,6128;0,1307
44660;2020-12-30;T20-21;SP1;Celta;Huesca;2;1;1,0;1;0,2792;0,6051;0,1157
44661;2020-12-30;T20-21;SP1;Elche;Real Madrid;1;1;0,0;2;0,2697;0,2539;0,4764
44658;2020-12-30;T20-21;SP1;Granada;Valencia;2;1;1,0;1;0,2657;0,6322;0,1021
16086;2020-12-30;T20-21;E0;Newcastle;Liverpool;0;0;0,0;2;0,2518;0,1908;0,5574
44659;2020-12-30;T20-21;SP1;Ath Madrid;Getafe;1;0;1,0;1;0,0976;0,8671;0,0353
44662;2020-12-31;T20-21;SP1;Ath Bilbao;Sociedad;0;1;2,0;2;0,2722;0,2509;0,4769
44663;2020-12-31;T20-21;SP1;Osasuna;Alaves;1;1;0,0;1;0,348;0,3989;0,2531
16088;2021-01-01;T20-21;E0;Man United;Aston Villa;2;1;1,0;1;0,2889;0,5826;0,1284
16087;2021-01-01;T20-21;E0;Everton;West Ham;0;1;2,0;1;0,2586;0,568;0,1734
56572;2021-01-02;T20-21;SP2;Vallecano;Alcorcon;2;1;1,0;1;0,2627;0,6528;0,0845
16089;2021-01-02;T20-21;E0;Tottenham;Leeds;3;0;1,0;1;0,2264;0,6479;0,1257
44666;2021-01-02;T20-21;SP1;Getafe;Valladolid;0;1;2,0;1;0,3269;0,4835;0,1896
44667;2021-01-02;T20-21;SP1;Real Madrid;Celta;2;0;1,0;1;0,2066;0,7261;0,0673
16090;2021-01-02;T20-21;E0;Crystal Palace;Sheffield United;2;0;1,0;1;0,1662;0,7833;0,0504
44665;2021-01-02;T20-21;SP1;Betis;Sevilla;1;1;0,0;2;0,2722;0,2068;0,5211
44664;2021-01-02;T20-21;SP1;Villarreal;Levante;2;1;1,0;1;0,2442;0,6249;0,1309
56571;2021-01-02;T20-21;SP2;Fuenlabrada;Leganes;0;0;0,0;2;0,2833;0,2866;0,4301
16091;2021-01-02;T20-21;E0;Brighton;Wolves;3;3;0,0;1;0,3025;0,5005;0,197
6109;2021-01-02;T20-21;D1;Bielefeld;M'gladbach;0;1;2,0;2;0,2682;0,1738;0,5581
6113;2021-01-02;T20-21;D1;Werder Bremen;Union Berlin;0;2;2,0;2;0,2519;0,3251;0,423
16092;2021-01-02;T20-21;E0;West Brom;Arsenal;0;4;2,0;2;0,309;0,1361;0,5549
6112;2021-01-02;T20-21;D1;Hoffenheim;Freiburg;1;3;2,0;1;0,3551;0,4005;0,2444
6115;2021-01-02;T20-21;D1;Stuttgart;RB Leipzig;0;1;2,0;2;0,2487;0,2137;0,5375
6110;2021-01-02;T20-21;D1;Ein Frankfurt;Leverkusen;2;1;1,0;1;0,2562;0,4939;0,2499
6111;2021-01-02;T20-21;D1;FC Koln;Augsburg;0;1;2,0;1;0,3064;0,3719;0,3217
56574;2021-01-02;T20-21;SP2;Cartagena;Zaragoza;1;1;0,0;1;0,2981;0,4634;0,2385
56573;2021-01-02;T20-21;SP2;Logrones;Mirandes;2;1;1,0;1;0,2802;0,4486;0,2713
6114;2021-01-02;T20-21;D1;Hertha;Schalke 04;3;0;1,0;1;0,2238;0,7184;0,0578
56578;2021-01-03;T20-21;SP2;Almeria;Ponferradina;3;1;1,0;1;0,2851;0,6091;0,1057
56579;2021-01-03;T20-21;SP2;Oviedo;Mallorca;2;2;0,0;2;0,2849;0,1939;0,5212
56576;2021-01-03;T20-21;SP2;Las Palmas;Espanol;1;0;1,0;2;0,2934;0,2734;0,4332
56575;2021-01-03;T20-21;SP2;Castellon;Tenerife;0;1;2,0;1;0,3236;0,3931;0,2833
44668;2021-01-03;T20-21;SP1;Ath Bilbao;Elche;1;0;1,0;1;0,274;0,5775;0,1486
44669;2021-01-03;T20-21;SP1;Alaves;Ath Madrid;1;2;2,0;2;0,1437;0,076;0,7803
44670;2021-01-03;T20-21;SP1;Eibar;Granada;2;0;1,0;1;0,3175;0,4338;0,2487
44671;2021-01-03;T20-21;SP1;Sociedad;Osasuna;1;1;0,0;1;0,2119;0,6742;0,1139
44672;2021-01-03;T20-21;SP1;Huesca;Barcelona;0;1;2,0;2;0,233;0,171;0,596
56577;2021-01-03;T20-21;SP2;Albacete;Malaga;1;1;0,0;1;0,2991;0,3594;0,3415
16093;2021-01-03;T20-21;E0;Newcastle;Leicester;1;2;2,0;2;0,2089;0,119;0,6721
34668;2021-01-03;T20-21;I1;Juventus;Udinese;4;1;1,0;1;0,1656;0,7701;0,0644
34659;2021-01-03;T20-21;I1;Inter;Crotone;6;2;1,0;1;0,0596;0,9213;0,0191
34660;2021-01-03;T20-21;I1;Atalanta;Sassuolo;5;1;1,0;1;0,2381;0,5547;0,2072
34661;2021-01-03;T20-21;I1;Cagliari;Napoli;1;4;2,0;2;0,2158;0,1292;0,6549
34662;2021-01-03;T20-21;I1;Fiorentina;Bologna;0;0;0,0;1;0,2815;0,4536;0,265
34663;2021-01-03;T20-21;I1;Genoa;Lazio;1;1;0,0;2;0,2345;0,2271;0,5385
34664;2021-01-03;T20-21;I1;Parma;Torino;0;3;2,0;1;0,2568;0,4173;0,3259
34665;2021-01-03;T20-21;I1;Roma;Sampdoria;1;0;1,0;1;0,206;0,6937;0,1003
34666;2021-01-03;T20-21;I1;Spezia;Verona;0;1;2,0;2;0,3435;0,2439;0,4126
6116;2021-01-03;T20-21;D1;Dortmund;Wolfsburg;2;0;1,0;1;0,2398;0,4806;0,2795
16094;2021-01-03;T20-21;E0;Chelsea;Man City;1;3;2,0;2;0,2182;0,3237;0,4581
34667;2021-01-03;T20-21;I1;Benevento;Milan;0;2;2,0;2;0,1654;0,0911;0,7435
6117;2021-01-03;T20-21;D1;Bayern Munich;Mainz;5;2;1,0;1;0,0766;0,8922;0,0312
16095;2021-01-04;T20-21;E0;Southampton;Liverpool;1;0;1,0;2;0,2441;0,2043;0,5516
44673;2021-01-04;T20-21;SP1;Valencia;Cadiz;1;1;0,0;1;0,2904;0,4687;0,2409
56580;2021-01-04;T20-21;SP2;Girona;Sabadell;0;0;0,0;1;0,3189;0,5687;0,1124
56581;2021-01-04;T20-21;SP2;Lugo;Sp Gijon;0;0;0,0;2;0,2763;0,2896;0,4342
26286;2021-01-06;T20-21;F1;Marseille;Montpellier;3;1;1,0;1;0,2413;0,6083;0,1505
26284;2021-01-06;T20-21;F1;Lille;Angers;1;2;2,0;1;0,1785;0,7519;0,0696
26285;2021-01-06;T20-21;F1;Lyon;Lens;3;2;1,0;1;0,2654;0,6198;0,1148
26287;2021-01-06;T20-21;F1;Reims;Dijon;0;0;0,0;1;0,2474;0,6646;0,088
26288;2021-01-06;T20-21;F1;St Etienne;Paris SG;1;1;0,0;2;0,2388;0,1849;0,5763
34676;2021-01-06;T20-21;I1;Torino;Verona;1;1;0,0;1;0,337;0,3878;0,2752
34675;2021-01-06;T20-21;I1;Sassuolo;Genoa;2;1;1,0;1;0,1884;0,7342;0,0775
34674;2021-01-06;T20-21;I1;Sampdoria;Inter;2;1;1,0;2;0,2098;0,1877;0,6025
34673;2021-01-06;T20-21;I1;Lazio;Fiorentina;2;1;1,0;1;0,1824;0,7604;0,0573
26279;2021-01-06;T20-21;F1;Brest;Nice;2;0;1,0;1;0,2846;0,4034;0,312
26280;2021-01-06;T20-21;F1;Lorient;Monaco;2;5;2,0;2;0,2291;0,2563;0,5145
26281;2021-01-06;T20-21;F1;Metz;Bordeaux;0;0;0,0;1;0,2865;0,5121;0,2014
26282;2021-01-06;T20-21;F1;Nantes;Rennes;0;0;0,0;1;0,3014;0,4139;0,2847
26283;2021-01-06;T20-21;F1;Strasbourg;Nimes;5;0;1,0;1;0,2352;0,5625;0,2023
34672;2021-01-06;T20-21;I1;Crotone;Roma;1;3;2,0;2;0,2136;0,1224;0,6639
34671;2021-01-06;T20-21;I1;Bologna;Udinese;2;2;0,0;1;0,2682;0,5242;0,2077
34670;2021-01-06;T20-21;I1;Atalanta;Parma;3;0;1,0;1;0,1096;0,8463;0,0441
34669;2021-01-06;T20-21;I1;Cagliari;Benevento;1;2;2,0;1;0,295;0,5455;0,1595
44674;2021-01-06;T20-21;SP1;Ath Bilbao;Barcelona;2;3;2,0;2;0,2795;0,1803;0,5403
34677;2021-01-06;T20-21;I1;Napoli;Spezia;1;2;2,0;1;0,1256;0,8282;0,0462
34678;2021-01-06;T20-21;I1;Milan;Juventus;1;3;2,0;1;0,3086;0,4735;0,2179
44675;2021-01-08;T20-21;SP1;Celta;Villarreal;0;4;2,0;2;0,2908;0,3115;0,3977
56582;2021-01-08;T20-21;SP2;Zaragoza;Logrones;2;0;1,0;1;0,2968;0,4307;0,2726
6118;2021-01-08;T20-21;D1;M'gladbach;Bayern Munich;3;2;1,0;2;0,249;0,2874;0,4636
6121;2021-01-09;T20-21;D1;Mainz;Ein Frankfurt;0;2;2,0;2;0,268;0,3089;0,4231
6124;2021-01-09;T20-21;D1;RB Leipzig;Dortmund;1;3;2,0;1;0,3082;0,5061;0,1857
44678;2021-01-09;T20-21;SP1;Osasuna;Real Madrid;0;0;0,0;2;0,2068;0,1407;0,6524
44677;2021-01-09;T20-21;SP1;Granada;Barcelona;0;4;2,0;2;0,2506;0,1551;0,5943
44676;2021-01-09;T20-21;SP1;Sevilla;Sociedad;3;2;1,0;1;0,2395;0,594;0,1664
26289;2021-01-09;T20-21;F1;Bordeaux;Lorient;2;1;1,0;1;0,3023;0,5015;0,1962
26290;2021-01-09;T20-21;F1;Dijon;Marseille;0;0;0,0;2;0,2768;0,1218;0,6014
26291;2021-01-09;T20-21;F1;Lens;Strasbourg;0;1;2,0;1;0,2752;0,5431;0,1816
26292;2021-01-09;T20-21;F1;Metz;Nice;1;1;0,0;1;0,293;0,4669;0,2402
26293;2021-01-09;T20-21;F1;Monaco;Angers;3;0;1,0;1;0,1762;0,759;0,0648
26294;2021-01-09;T20-21;F1;Montpellier;Nantes;1;1;0,0;1;0,2639;0,5663;0,1698
26295;2021-01-09;T20-21;F1;Nimes;Lille;0;1;2,0;2;0,1866;0,1028;0,7106
26296;2021-01-09;T20-21;F1;Paris SG;Brest;3;0;1,0;1;0,11;0,842;0,048
26297;2021-01-09;T20-21;F1;Reims;St Etienne;3;1;1,0;1;0,3097;0,4941;0,1962
26298;2021-01-09;T20-21;F1;Rennes;Lyon;2;2;0,0;2;0,3367;0,2972;0,3661
6119;2021-01-09;T20-21;D1;Freiburg;FC Koln;5;0;1,0;1;0,2959;0,5376;0,1665
34679;2021-01-09;T20-21;I1;Benevento;Atalanta;1;4;2,0;2;0,2009;0,104;0,6952
34680;2021-01-09;T20-21;I1;Genoa;Bologna;2;0;1,0;1;0,2708;0,4781;0,2511
34681;2021-01-09;T20-21;I1;Milan;Torino;2;0;1,0;1;0,1602;0,7866;0,0532
6123;2021-01-09;T20-21;D1;Union Berlin;Wolfsburg;2;2;0,0;2;0,2947;0,2961;0,4093
6122;2021-01-09;T20-21;D1;Schalke 04;Hoffenheim;4;0;1,0;2;0,2791;0,1283;0,5926
6120;2021-01-09;T20-21;D1;Leverkusen;Werder Bremen;1;1;0,0;1;0,2562;0,6289;0,1149
56583;2021-01-09;T20-21;SP2;Malaga;Oviedo;1;1;0,0;1;0,2826;0,5105;0,2069
6126;2021-01-10;T20-21;D1;Bielefeld;Hertha;1;0;1,0;1;0,3311;0,4714;0,1975
6125;2021-01-10;T20-21;D1;Augsburg;Stuttgart;1;4;2,0;1;0,3374;0,3618;0,3009
34682;2021-01-10;T20-21;I1;Roma;Inter;2;2;0,0;2;0,2443;0,2286;0,5271
44681;2021-01-10;T20-21;SP1;Valladolid;Valencia;0;1;2,0;2;0,2617;0,325;0,4133
56584;2021-01-10;T20-21;SP2;Mallorca;Las Palmas;0;1;2,0;1;0,2897;0,5781;0,1322
56585;2021-01-10;T20-21;SP2;Tenerife;Cartagena;3;0;1,0;1;0,277;0,5094;0,2135
56586;2021-01-10;T20-21;SP2;Espanol;Castellon;2;0;1,0;1;0,2071;0,7299;0,0631
34687;2021-01-10;T20-21;I1;Juventus;Sassuolo;3;1;1,0;1;0,2377;0,6359;0,1264
34686;2021-01-10;T20-21;I1;Fiorentina;Cagliari;1;0;1,0;1;0,2557;0,5616;0,1827
34685;2021-01-10;T20-21;I1;Verona;Crotone;2;1;1,0;1;0,1946;0,7293;0,0761
34684;2021-01-10;T20-21;I1;Udinese;Napoli;1;2;2,0;2;0,2233;0,2094;0,5673
34683;2021-01-10;T20-21;I1;Parma;Lazio;0;2;2,0;2;0,1751;0,1224;0,7025
44679;2021-01-10;T20-21;SP1;Levante;Eibar;2;1;1,0;1;0,2839;0,4809;0,2352
44680;2021-01-10;T20-21;SP1;Cadiz;Alaves;3;1;1,0;1;0,2168;0,6553;0,1278
56587;2021-01-11;T20-21;SP2;Ponferradina;Girona;1;1;0,0;1;0,2994;0,3698;0,3308
56588;2021-01-11;T20-21;SP2;Sp Gijon;Fuenlabrada;2;1;1,0;1;0,2577;0,5905;0,1518
56589;2021-01-11;T20-21;SP2;Sabadell;Lugo;1;1;0,0;1;0,2623;0,5133;0,2244
34688;2021-01-11;T20-21;I1;Spezia;Sampdoria;2;1;1,0;1;0,3132;0,4199;0,2669
44682;2021-01-11;T20-21;SP1;Elche;Getafe;1;3;2,0;1;0,2513;0,5537;0,195
44683;2021-01-11;T20-21;SP1;Huesca;Betis;0;2;2,0;2;0,2025;0,2297;0,5678
44684;2021-01-12;T20-21;SP1;Granada;Osasuna;2;0;1,0;1;0,2844;0,4309;0,2846
44685;2021-01-12;T20-21;SP1;Ath Madrid;Sevilla;2;0;1,0;1;0,2866;0,6023;0,1111
16096;2021-01-12;T20-21;E0;Sheffield United;Newcastle;1;0;1,0;2;0,3053;0,2038;0,4909
16097;2021-01-12;T20-21;E0;Burnley;Man United;0;1;2,0;2;0,2289;0,1906;0,5806
16098;2021-01-12;T20-21;E0;Wolves;Everton;1;2;2,0;1;0,3072;0,4147;0,2781
16100;2021-01-13;T20-21;E0;Tottenham;Fulham;1;1;0,0;1;0,15;0,8043;0,0457
16099;2021-01-13;T20-21;E0;Man City;Brighton;1;0;1,0;1;0,1322;0,8159;0,0519
16101;2021-01-14;T20-21;E0;Arsenal;Crystal Palace;0;0;0,0;1;0,3292;0,4422;0,2286
6127;2021-01-15;T20-21;D1;Union Berlin;Leverkusen;1;0;1,0;1;0,2996;0,3729;0,3275
34689;2021-01-15;T20-21;I1;Lazio;Roma;3;0;1,0;2;0,3156;0,3326;0,3518
26299;2021-01-15;T20-21;F1;Montpellier;Monaco;2;3;2,0;1;0,2518;0,4954;0,2528
6133;2021-01-16;T20-21;D1;Stuttgart;M'gladbach;2;2;0,0;1;0,2841;0,509;0,2069
34692;2021-01-16;T20-21;I1;Sampdoria;Udinese;2;1;1,0;1;0,2671;0,5374;0,1955
34691;2021-01-16;T20-21;I1;Torino;Spezia;0;0;0,0;0;0,4343;0,2579;0,3077
34690;2021-01-16;T20-21;I1;Bologna;Verona;1;0;1,0;1;0,3171;0,48;0,2029
6131;2021-01-16;T20-21;D1;Werder Bremen;Augsburg;2;0;1,0;1;0,278;0,5359;0,1862
6132;2021-01-16;T20-21;D1;Wolfsburg;RB Leipzig;2;2;0,0;1;0,3024;0,3746;0,323
16102;2021-01-16;T20-21;E0;Wolves;West Brom;2;3;2,0;1;0,2138;0,7081;0,0781
16103;2021-01-16;T20-21;E0;Leeds;Brighton;0;1;2,0;1;0,313;0,5227;0,1643
16104;2021-01-16;T20-21;E0;West Ham;Burnley;1;0;1,0;1;0,228;0,6784;0,0936
16105;2021-01-16;T20-21;E0;Fulham;Chelsea;0;1;2,0;2;0,2037;0,1312;0,6651
16106;2021-01-16;T20-21;E0;Leicester;Southampton;2;0;1,0;1;0,2244;0,626;0,1496
6128;2021-01-16;T20-21;D1;Dortmund;Mainz;1;1;0,0;1;0,1326;0,8112;0,0562
6129;2021-01-16;T20-21;D1;FC Koln;Hertha;0;0;0,0;1;0,3089;0,4239;0,2672
6130;2021-01-16;T20-21;D1;Hoffenheim;Bielefeld;0;0;0,0;1;0,2849;0,5851;0,13
26300;2021-01-16;T20-21;F1;Marseille;Nimes;1;2;2,0;1;0,1539;0,7931;0,053
26301;2021-01-16;T20-21;F1;Angers;Paris SG;0;1;2,0;2;0,281;0,2754;0,4436
6134;2021-01-17;T20-21;D1;Bayern Munich;Freiburg;2;1;1,0;1;0,1075;0,8506;0,042
6135;2021-01-17;T20-21;D1;Ein Frankfurt;Schalke 04;3;1;1,0;1;0,1579;0,8033;0,0388
26304;2021-01-17;T20-21;F1;Nice;Bordeaux;0;3;2,0;1;0,3322;0,3869;0,2809
26303;2021-01-17;T20-21;F1;Nantes;Lens;1;1;0,0;2;0,2945;0,2821;0,4234
16109;2021-01-17;T20-21;E0;Man City;Crystal Palace;4;0;1,0;1;0,1505;0,7866;0,0629
16108;2021-01-17;T20-21;E0;Liverpool;Man United;0;0;0,0;1;0,3013;0,4474;0,2512
16107;2021-01-17;T20-21;E0;Sheffield United;Tottenham;1;3;2,0;2;0,116;0,0283;0,8558
34693;2021-01-17;T20-21;I1;Napoli;Fiorentina;6;0;1,0;1;0,1879;0,7511;0,061
34694;2021-01-17;T20-21;I1;Crotone;Benevento;4;1;1,0;1;0,3421;0,3422;0,3157
34695;2021-01-17;T20-21;I1;Sassuolo;Parma;1;1;0,0;1;0,1741;0,7692;0,0567
34696;2021-01-17;T20-21;I1;Atalanta;Genoa;0;0;0,0;1;0,2413;0,6863;0,0724
26302;2021-01-17;T20-21;F1;Brest;Rennes;1;2;2,0;2;0,3102;0,2854;0,4044
26307;2021-01-17;T20-21;F1;Lyon;Metz;0;1;2,0;1;0,2272;0,6693;0,1034
26305;2021-01-17;T20-21;F1;Strasbourg;St Etienne;1;0;1,0;1;0,3053;0,4087;0,286
26306;2021-01-17;T20-21;F1;Lille;Reims;2;1;1,0;1;0,1066;0,8573;0,0361
34697;2021-01-17;T20-21;I1;Inter;Juventus;2;0;1,0;1;0,1573;0,7818;0,0609
34698;2021-01-18;T20-21;I1;Cagliari;Milan;0;2;2,0;2;0,1478;0,0709;0,7814
16110;2021-01-18;T20-21;E0;Arsenal;Newcastle;3;0;1,0;1;0,3189;0,3868;0,2943
16112;2021-01-19;T20-21;E0;Leicester;Chelsea;2;0;1,0;1;0,2708;0,5318;0,1974
16111;2021-01-19;T20-21;E0;West Ham;West Brom;2;1;1,0;1;0,1517;0,7964;0,0519
6136;2021-01-19;T20-21;D1;M'gladbach;Werder Bremen;1;0;1,0;1;0,3057;0,5202;0,1741
6137;2021-01-19;T20-21;D1;Hertha;Hoffenheim;0;3;2,0;2;0,2799;0,3017;0,4184
6139;2021-01-19;T20-21;D1;Mainz;Wolfsburg;0;2;2,0;2;0,1689;0,056;0,7751
56590;2021-01-19;T20-21;SP2;Mirandes;Vallecano;0;2;2,0;1;0,2675;0,4102;0,3223
6138;2021-01-19;T20-21;D1;Leverkusen;Dortmund;2;1;1,0;1;0,2326;0,655;0,1124
44686;2021-01-19;T20-21;SP1;Cadiz;Levante;2;2;0,0;1;0,2829;0,5533;0,1638
44687;2021-01-19;T20-21;SP1;Valladolid;Elche;2;2;0,0;1;0,2714;0,4065;0,3221
44688;2021-01-19;T20-21;SP1;Alaves;Sevilla;1;2;2,0;2;0,3139;0,2264;0,4597
16114;2021-01-20;T20-21;E0;Fulham;Man United;1;2;2,0;2;0,2004;0,0844;0,7152
16113;2021-01-20;T20-21;E0;Man City;Aston Villa;2;0;1,0;1;0,1874;0,7041;0,1085
26308;2021-01-20;T20-21;F1;Marseille;Lens;0;1;2,0;1;0,2394;0,5306;0,23
34699;2021-01-20;T20-21;I1;Udinese;Atalanta;1;1;0,0;2;0,2799;0,3562;0,3638
44689;2021-01-20;T20-21;SP1;Getafe;Huesca;1;0;1,0;1;0,3175;0,5031;0,1793
44690;2021-01-20;T20-21;SP1;Betis;Celta;2;1;1,0;1;0,3097;0,4549;0,2354
6143;2021-01-20;T20-21;D1;Freiburg;Ein Frankfurt;2;2;0,0;0;0,3978;0,313;0,2892
6140;2021-01-20;T20-21;D1;Schalke 04;FC Koln;1;2;2,0;2;0,3252;0,16;0,5148
6141;2021-01-20;T20-21;D1;Augsburg;Bayern Munich;0;1;2,0;2;0,1948;0,1247;0,6804
6142;2021-01-20;T20-21;D1;Bielefeld;Stuttgart;3;0;1,0;2;0,3137;0,2532;0,4331
44691;2021-01-20;T20-21;SP1;Villarreal;Granada;2;2;0,0;1;0,2778;0,4737;0,2485
6144;2021-01-20;T20-21;D1;RB Leipzig;Union Berlin;1;0;1,0;1;0,1946;0,7049;0,1006
44692;2021-01-21;T20-21;SP1;Valencia;Osasuna;1;1;0,0;1;0,3348;0,4184;0,2468
16115;2021-01-21;T20-21;E0;Liverpool;Burnley;0;1;2,0;1;0,1858;0,7332;0,081
44693;2021-01-21;T20-21;SP1;Eibar;Ath Madrid;1;2;2,0;2;0,1316;0,0844;0,784
26309;2021-01-22;T20-21;F1;Paris SG;Montpellier;4;0;1,0;1;0,1384;0,7875;0,0741
6145;2021-01-22;T20-21;D1;M'gladbach;Dortmund;4;2;1,0;1;0,274;0,5353;0,1907
34700;2021-01-22;T20-21;I1;Benevento;Torino;2;2;0,0;1;0,2802;0,6196;0,1002
56592;2021-01-22;T20-21;SP2;Albacete;Zaragoza;1;0;1,0;1;0,3107;0,4742;0,2152
56591;2021-01-22;T20-21;SP2;Fuenlabrada;Alcorcon;0;0;0,0;1;0,3414;0,5007;0,1578
44694;2021-01-22;T20-21;SP1;Levante;Valladolid;2;2;0,0;1;0,3078;0,5232;0,169
44696;2021-01-23;T20-21;SP1;Sevilla;Cadiz;3;0;1,0;1;0,1698;0,7632;0,0671
44697;2021-01-23;T20-21;SP1;Sociedad;Betis;2;2;0,0;1;0,2467;0,5977;0,1556
44698;2021-01-23;T20-21;SP1;Alaves;Real Madrid;1;4;2,0;2;0,2358;0,1195;0,6447
56596;2021-01-23;T20-21;SP2;Malaga;Ponferradina;0;2;2,0;2;0,2735;0,3591;0,3674
56595;2021-01-23;T20-21;SP2;Lugo;Tenerife;2;0;1,0;1;0,2687;0,5614;0,1699
56594;2021-01-23;T20-21;SP2;Girona;Espanol;1;0;1,0;1;0,3149;0,3569;0,3281
56593;2021-01-23;T20-21;SP2;Vallecano;Mallorca;1;3;2,0;2;0,2919;0,237;0,4711
44695;2021-01-23;T20-21;SP1;Huesca;Villarreal;0;0;0,0;2;0,2716;0,2843;0,4441
34701;2021-01-23;T20-21;I1;Roma;Spezia;4;3;1,0;1;0,1713;0,7807;0,048
16116;2021-01-23;T20-21;E0;Aston Villa;Newcastle;2;0;1,0;1;0,2124;0,6851;0,1024
26311;2021-01-23;T20-21;F1;Monaco;Marseille;3;1;1,0;1;0,2531;0,5171;0,2298
6146;2021-01-23;T20-21;D1;Augsburg;Union Berlin;2;1;1,0;1;0,3084;0,4289;0,2628
6147;2021-01-23;T20-21;D1;Bielefeld;Ein Frankfurt;1;5;2,0;2;0,3677;0,2411;0,3912
6148;2021-01-23;T20-21;D1;Freiburg;Stuttgart;2;1;1,0;1;0,311;0,4287;0,2602
6149;2021-01-23;T20-21;D1;Leverkusen;Wolfsburg;0;1;2,0;1;0,2453;0,5711;0,1836
26310;2021-01-23;T20-21;F1;Lens;Nice;0;1;2,0;1;0,2646;0,5633;0,1722
6150;2021-01-23;T20-21;D1;Mainz;RB Leipzig;3;2;1,0;2;0,1952;0,0862;0,7186
6151;2021-01-23;T20-21;D1;Hertha;Werder Bremen;1;4;2,0;1;0,3375;0,3785;0,284
34704;2021-01-23;T20-21;I1;Fiorentina;Crotone;2;1;1,0;1;0,3144;0,5429;0,1426
34703;2021-01-23;T20-21;I1;Udinese;Inter;0;0;0,0;2;0,1913;0,1399;0,6687
34702;2021-01-23;T20-21;I1;Milan;Atalanta;0;3;2,0;1;0,1717;0,7602;0,0681
6152;2021-01-24;T20-21;D1;Schalke 04;Bayern Munich;0;4;2,0;2;0,083;0,0313;0,8857
6153;2021-01-24;T20-21;D1;Hoffenheim;FC Koln;3;0;1,0;1;0,2852;0,5598;0,1549
34707;2021-01-24;T20-21;I1;Verona;Napoli;3;1;1,0;2;0,3052;0,2087;0,4861
26317;2021-01-24;T20-21;F1;St Etienne;Lyon;0;5;2,0;2;0,2632;0,1725;0,5643
26316;2021-01-24;T20-21;F1;Rennes;Lille;0;1;2,0;2;0,3077;0,285;0,4073
26313;2021-01-24;T20-21;F1;Dijon;Strasbourg;1;1;0,0;1;0,341;0,3714;0,2875
26312;2021-01-24;T20-21;F1;Bordeaux;Angers;2;1;1,0;1;0,3048;0,5179;0,1773
26315;2021-01-24;T20-21;F1;Reims;Brest;1;0;1,0;1;0,3307;0,352;0,3173
56600;2021-01-24;T20-21;SP2;Las Palmas;Leganes;2;1;1,0;2;0,2863;0,2635;0,4502
56599;2021-01-24;T20-21;SP2;Castellon;Sp Gijon;2;0;1,0;2;0,3101;0,27;0,42
56598;2021-01-24;T20-21;SP2;Logrones;Oviedo;0;0;0,0;1;0,2962;0,4797;0,2241
56597;2021-01-24;T20-21;SP2;Almeria;Sabadell;2;2;0,0;1;0,2277;0,7048;0,0675
34708;2021-01-24;T20-21;I1;Lazio;Sassuolo;2;1;1,0;1;0,2858;0,4742;0,2401
34706;2021-01-24;T20-21;I1;Genoa;Cagliari;1;0;1,0;1;0,3051;0,3766;0,3183
34705;2021-01-24;T20-21;I1;Juventus;Bologna;2;0;1,0;1;0,2225;0,692;0,0855
34709;2021-01-24;T20-21;I1;Parma;Sampdoria;0;2;2,0;2;0,3335;0,2021;0,4644
44700;2021-01-24;T20-21;SP1;Elche;Barcelona;0;2;2,0;2;0,3246;0,2979;0,3775
44701;2021-01-24;T20-21;SP1;Celta;Eibar;1;1;0,0;1;0,2584;0,5675;0,1741
44702;2021-01-24;T20-21;SP1;Ath Madrid;Valencia;3;1;1,0;1;0,0699;0,9049;0,0252
44699;2021-01-24;T20-21;SP1;Osasuna;Granada;3;1;1,0;2;0,3153;0,2988;0,3859
26314;2021-01-24;T20-21;F1;Metz;Nantes;2;0;1,0;1;0,24;0,6639;0,0961
44703;2021-01-25;T20-21;SP1;Ath Bilbao;Getafe;5;1;1,0;1;0,3677;0,4177;0,2146
56601;2021-01-25;T20-21;SP2;Cartagena;Mirandes;0;2;2,0;2;0,2759;0,2802;0,4439
56602;2021-01-26;T20-21;SP2;Alcorcon;Albacete;1;2;2,0;1;0,2987;0,4796;0,2216
16118;2021-01-26;T20-21;E0;Newcastle;Leeds;1;2;2,0;1;0,2933;0,3643;0,3424
16119;2021-01-26;T20-21;E0;Southampton;Arsenal;1;3;2,0;1;0,3005;0,468;0,2315
16117;2021-01-26;T20-21;E0;Crystal Palace;West Ham;2;3;2,0;2;0,2991;0,2808;0,4201
16120;2021-01-26;T20-21;E0;West Brom;Man City;0;5;2,0;2;0,1588;0,075;0,7662
16124;2021-01-27;T20-21;E0;Everton;Leicester;1;1;0,0;1;0,3074;0,4052;0,2874
16125;2021-01-27;T20-21;E0;Man United;Sheffield United;1;2;2,0;1;0,1072;0,8716;0,0212
16123;2021-01-27;T20-21;E0;Brighton;Fulham;0;0;0,0;1;0,2903;0,5926;0,1171
16122;2021-01-27;T20-21;E0;Chelsea;Wolves;0;0;0,0;1;0,2253;0,6648;0,1099
16121;2021-01-27;T20-21;E0;Burnley;Aston Villa;3;2;1,0;2;0,3123;0,2689;0,4188
26318;2021-01-27;T20-21;F1;Lorient;Dijon;3;2;1,0;1;0,2646;0,5864;0,149
16126;2021-01-28;T20-21;E0;Tottenham;Liverpool;1;3;2,0;2;0,308;0,264;0,428
6154;2021-01-29;T20-21;D1;Stuttgart;Mainz;2;0;1,0;1;0,2104;0,7212;0,0684
34710;2021-01-29;T20-21;I1;Torino;Fiorentina;1;1;0,0;2;0,336;0,2257;0,4383
44704;2021-01-29;T20-21;SP1;Valladolid;Huesca;1;3;2,0;1;0,2819;0,4185;0,2996
26319;2021-01-29;T20-21;F1;Lyon;Bordeaux;2;1;1,0;1;0,1979;0,731;0,071
56603;2021-01-29;T20-21;SP2;Zaragoza;Ponferradina;1;0;1,0;2;0,3002;0,1716;0,5282
6155;2021-01-30;T20-21;D1;Bayern Munich;Hoffenheim;4;1;1,0;1;0,1236;0,8316;0,0448
44706;2021-01-30;T20-21;SP1;Real Madrid;Levante;1;2;2,0;1;0,1925;0,7284;0,0791
44705;2021-01-30;T20-21;SP1;Eibar;Sevilla;0;2;2,0;2;0,2207;0,1605;0,6188
6156;2021-01-30;T20-21;D1;Dortmund;Augsburg;3;1;1,0;1;0,2355;0,6184;0,1461
56604;2021-01-30;T20-21;SP2;Oviedo;Albacete;0;1;2,0;1;0,2791;0,5407;0,1802
56605;2021-01-30;T20-21;SP2;Alcorcon;Malaga;0;1;2,0;2;0,321;0,2835;0,3955
56606;2021-01-30;T20-21;SP2;Mallorca;Girona;1;0;1,0;1;0,1722;0,7518;0,0759
16127;2021-01-30;T20-21;E0;Everton;Newcastle;0;2;2,0;1;0,2658;0,5935;0,1407
16128;2021-01-30;T20-21;E0;Crystal Palace;Wolves;1;0;1,0;1;0,2907;0,4231;0,2862
16129;2021-01-30;T20-21;E0;Man City;Sheffield United;1;0;1,0;1;0,0699;0,9129;0,0172
16130;2021-01-30;T20-21;E0;West Brom;Fulham;2;2;0,0;1;0,3853;0,4225;0,1921
16131;2021-01-30;T20-21;E0;Arsenal;Man United;0;0;0,0;2;0,3588;0,2576;0,3836
16132;2021-01-30;T20-21;E0;Southampton;Aston Villa;0;1;2,0;2;0,2401;0,3375;0,4225
34711;2021-01-30;T20-21;I1;Bologna;Milan;1;2;2,0;2;0,1855;0,1366;0,6779
34712;2021-01-30;T20-21;I1;Sampdoria;Juventus;0;2;2,0;2;0,336;0,2688;0,3951
34713;2021-01-30;T20-21;I1;Inter;Benevento;4;0;1,0;1;0,087;0,8778;0,0352
44707;2021-01-30;T20-21;SP1;Valencia;Elche;1;0;1,0;1;0,2973;0,4371;0,2656
44708;2021-01-30;T20-21;SP1;Villarreal;Sociedad;1;1;0,0;1;0,2372;0,52;0,2428
56607;2021-01-30;T20-21;SP2;Almeria;Castellon;3;1;1,0;1;0,1889;0,7441;0,067
6160;2021-01-30;T20-21;D1;RB Leipzig;Leverkusen;1;0;1,0;1;0,2576;0,5581;0,1844
6157;2021-01-30;T20-21;D1;Ein Frankfurt;Hertha;3;1;1,0;1;0,2286;0,6844;0,087
6158;2021-01-30;T20-21;D1;Union Berlin;M'gladbach;1;1;0,0;1;0,2758;0,4979;0,2263
6159;2021-01-30;T20-21;D1;Werder Bremen;Schalke 04;1;1;0,0;1;0,2088;0,7402;0,051
26320;2021-01-30;T20-21;F1;Montpellier;Lens;1;2;2,0;1;0,2509;0,3901;0,359
6161;2021-01-31;T20-21;D1;FC Koln;Bielefeld;3;1;1,0;1;0,2713;0,5942;0,1345
26323;2021-01-31;T20-21;F1;Brest;Metz;2;4;2,0;2;0,3036;0,3293;0,3671
26322;2021-01-31;T20-21;F1;Angers;Nimes;3;1;1,0;1;0,2082;0,6946;0,0972
26321;2021-01-31;T20-21;F1;Nice;St Etienne;0;1;2,0;1;0,2649;0,5426;0,1925
16133;2021-01-31;T20-21;E0;Chelsea;Burnley;2;0;1,0;1;0,2218;0,6905;0,0876
16135;2021-01-31;T20-21;E0;West Ham;Liverpool;1;3;2,0;2;0,298;0,2935;0,4086
26324;2021-01-31;T20-21;F1;Lorient;Paris SG;3;2;1,0;2;0,2278;0,1709;0,6013
16136;2021-01-31;T20-21;E0;Brighton;Tottenham;1;0;1,0;2;0,2603;0,3031;0,4366
34714;2021-01-31;T20-21;I1;Spezia;Udinese;0;1;2,0;2;0,3028;0,2814;0,4159
34715;2021-01-31;T20-21;I1;Atalanta;Lazio;1;3;2,0;1;0,3222;0,3934;0,2844
34716;2021-01-31;T20-21;I1;Cagliari;Sassuolo;1;1;0,0;2;0,2456;0,2004;0,554
34717;2021-01-31;T20-21;I1;Crotone;Genoa;0;3;2,0;0;0,388;0,2884;0,3235
16134;2021-01-31;T20-21;E0;Leicester;Leeds;1;3;2,0;1;0,2114;0,6519;0,1367
6162;2021-01-31;T20-21;D1;Wolfsburg;Freiburg;3;0;1,0;1;0,1782;0,7543;0,0675
34719;2021-01-31;T20-21;I1;Roma;Verona;3;1;1,0;1;0,2162;0,7091;0,0747
34718;2021-01-31;T20-21;I1;Napoli;Parma;2;0;1,0;1;0,1552;0,7935;0,0513
44709;2021-01-31;T20-21;SP1;Getafe;Alaves;0;0;0,0;1;0,3016;0,5183;0,1801
44710;2021-01-31;T20-21;SP1;Cadiz;Ath Madrid;2;4;2,0;2;0,139;0,0894;0,7716
44711;2021-01-31;T20-21;SP1;Granada;Celta;0;0;0,0;1;0,279;0,5331;0,1879
44712;2021-01-31;T20-21;SP1;Barcelona;Ath Bilbao;2;1;1,0;1;0,2;0,6888;0,1112
56611;2021-01-31;T20-21;SP2;Tenerife;Fuenlabrada;1;1;0,0;2;0,353;0,2595;0,3875
56610;2021-01-31;T20-21;SP2;Mirandes;Las Palmas;2;0;1,0;1;0,322;0,5263;0,1517
56609;2021-01-31;T20-21;SP2;Espanol;Vallecano;2;3;2,0;1;0,2774;0,552;0,1706
56608;2021-01-31;T20-21;SP2;Sp Gijon;Cartagena;0;0;0,0;1;0,2631;0,5947;0,1423
26325;2021-01-31;T20-21;F1;Strasbourg;Reims;0;1;2,0;0;0,3758;0,3539;0,2703
26326;2021-01-31;T20-21;F1;Lille;Dijon;1;0;1,0;1;0,0971;0,8711;0,0318
26327;2021-01-31;T20-21;F1;Nantes;Monaco;1;2;2,0;2;0,2866;0,1759;0,5375
56613;2021-02-01;T20-21;SP2;Sabadell;Logrones;0;0;0,0;1;0,2938;0,3617;0,3445
56612;2021-02-01;T20-21;SP2;Leganes;Lugo;3;2;1,0;1;0,3228;0,5474;0,1298
44713;2021-02-01;T20-21;SP1;Betis;Osasuna;1;0;1,0;1;0,2761;0,6017;0,1221
16140;2021-02-02;T20-21;E0;Newcastle;Crystal Palace;1;2;2,0;1;0,3286;0,4057;0,2657
16137;2021-02-02;T20-21;E0;Sheffield United;West Brom;2;1;1,0;0;0,4165;0,3333;0,2502
16138;2021-02-02;T20-21;E0;Wolves;Arsenal;2;1;1,0;1;0,2878;0,5042;0,208
16139;2021-02-02;T20-21;E0;Man United;Southampton;9;0;1,0;1;0,1936;0,7079;0,0985
16145;2021-02-03;T20-21;E0;Liverpool;Brighton;0;1;2,0;1;0,1941;0,7225;0,0833
16144;2021-02-03;T20-21;E0;Aston Villa;West Ham;1;3;2,0;1;0,2791;0,473;0,248
16143;2021-02-03;T20-21;E0;Leeds;Everton;1;2;2,0;2;0,2947;0,244;0,4613
16141;2021-02-03;T20-21;E0;Burnley;Man City;0;2;2,0;2;0,1853;0,1223;0,6923
16142;2021-02-03;T20-21;E0;Fulham;Leicester;0;2;2,0;2;0,207;0,1212;0,6718
26337;2021-02-03;T20-21;F1;St Etienne;Nantes;1;1;0,0;1;0,2574;0,5391;0,2035
26328;2021-02-03;T20-21;F1;Bordeaux;Lille;0;3;2,0;2;0,2804;0,18;0,5395
26329;2021-02-03;T20-21;F1;Metz;Montpellier;1;1;0,0;1;0,2945;0,5238;0,1817
26330;2021-02-03;T20-21;F1;Reims;Angers;0;0;0,0;0;0,3708;0,353;0,2761
26331;2021-02-03;T20-21;F1;Rennes;Lorient;1;1;0,0;1;0,2763;0,5856;0,1381
26332;2021-02-03;T20-21;F1;Strasbourg;Brest;2;2;0,0;1;0,303;0,4703;0,2267
26333;2021-02-03;T20-21;F1;Dijon;Lyon;0;1;2,0;2;0,1249;0,0476;0,8275
26335;2021-02-03;T20-21;F1;Monaco;Nice;2;1;1,0;1;0,2148;0,6767;0,1085
26336;2021-02-03;T20-21;F1;Paris SG;Nimes;3;0;1,0;1;0,1133;0,8371;0,0496
26334;2021-02-03;T20-21;F1;Lens;Marseille;2;2;0,0;1;0,2774;0,512;0,2106
16146;2021-02-04;T20-21;E0;Tottenham;Chelsea;0;1;2,0;1;0,2714;0,4297;0,2989
56614;2021-02-05;T20-21;SP2;Albacete;Mallorca;0;1;2,0;2;0,2383;0,1581;0,6036
6163;2021-02-05;T20-21;D1;Hertha;Bayern Munich;0;1;2,0;2;0,1917;0,0998;0,7085
44714;2021-02-05;T20-21;SP1;Alaves;Valladolid;1;0;1,0;1;0,2451;0,5153;0,2396
34720;2021-02-05;T20-21;I1;Fiorentina;Inter;0;2;2,0;2;0,1649;0,1029;0,7323
44718;2021-02-06;T20-21;SP1;Sevilla;Getafe;3;0;1,0;1;0,1538;0,7834;0,0628
44717;2021-02-06;T20-21;SP1;Elche;Villarreal;2;2;0,0;2;0,2502;0,3583;0,3915
44716;2021-02-06;T20-21;SP1;Huesca;Real Madrid;1;2;2,0;2;0,1388;0,0801;0,7811
44715;2021-02-06;T20-21;SP1;Levante;Granada;2;2;0,0;2;0,2868;0,3284;0,3848
26339;2021-02-06;T20-21;F1;Lyon;Strasbourg;3;0;1,0;1;0,1761;0,766;0,0579
34724;2021-02-06;T20-21;I1;Genoa;Napoli;2;1;1,0;2;0,2551;0,1816;0,5633
6166;2021-02-06;T20-21;D1;Leverkusen;Stuttgart;5;2;1,0;1;0,234;0,6304;0,1356
56616;2021-02-06;T20-21;SP2;Logrones;Sp Gijon;0;4;2,0;2;0,3254;0,2679;0,4068
56617;2021-02-06;T20-21;SP2;Fuenlabrada;Almeria;1;1;0,0;1;0,2968;0,3732;0,33
6169;2021-02-06;T20-21;D1;M'gladbach;FC Koln;1;2;2,0;1;0,2428;0,6446;0,1126
26338;2021-02-06;T20-21;F1;Lorient;Reims;1;0;1,0;1;0,3132;0,5261;0,1607
6168;2021-02-06;T20-21;D1;Schalke 04;RB Leipzig;0;3;2,0;2;0,0949;0,0371;0,868
6167;2021-02-06;T20-21;D1;Mainz;Union Berlin;1;0;1,0;2;0,274;0,3142;0,4118
26340;2021-02-06;T20-21;F1;Lens;Rennes;0;0;0,0;1;0,3256;0,4024;0,272
56615;2021-02-06;T20-21;SP2;Cartagena;Oviedo;2;0;1,0;1;0,2789;0,4874;0,2337
34723;2021-02-06;T20-21;I1;Juventus;Roma;2;0;1,0;1;0,2625;0,5747;0,1628
16151;2021-02-06;T20-21;E0;Man United;Everton;3;3;0,0;1;0,2376;0,6007;0,1617
6164;2021-02-06;T20-21;D1;Augsburg;Wolfsburg;0;2;2,0;2;0,2708;0,2669;0,4623
16147;2021-02-06;T20-21;E0;Aston Villa;Arsenal;1;0;1,0;1;0,2615;0,5273;0,2112
16148;2021-02-06;T20-21;E0;Burnley;Brighton;1;1;0,0;1;0,3566;0,4343;0,2091
16150;2021-02-06;T20-21;E0;Fulham;West Ham;0;0;0,0;2;0,3034;0,2647;0,4319
16149;2021-02-06;T20-21;E0;Newcastle;Southampton;3;2;1,0;1;0,3153;0,4181;0,2666
34721;2021-02-06;T20-21;I1;Atalanta;Torino;3;3;0,0;1;0,1385;0,8086;0,0529
34722;2021-02-06;T20-21;I1;Sassuolo;Spezia;1;2;2,0;1;0,184;0,734;0,082
6165;2021-02-06;T20-21;D1;Freiburg;Dortmund;2;1;1,0;1;0,2751;0,3867;0,3382
34726;2021-02-07;T20-21;I1;Milan;Crotone;4;0;1,0;1;0,103;0,8647;0,0323
26342;2021-02-07;T20-21;F1;Montpellier;Dijon;4;2;1,0;1;0,1797;0,76;0,0603
56618;2021-02-07;T20-21;SP2;Girona;Leganes;0;2;2,0;1;0,3384;0,3889;0,2727
6170;2021-02-07;T20-21;D1;Hoffenheim;Ein Frankfurt;1;3;2,0;2;0,3018;0,3259;0,3723
56622;2021-02-07;T20-21;SP2;Las Palmas;Sabadell;0;1;2,0;1;0,314;0,4798;0,2062
26341;2021-02-07;T20-21;F1;Brest;Bordeaux;2;1;1,0;1;0,2936;0,5195;0,187
34727;2021-02-07;T20-21;I1;Udinese;Verona;2;0;1,0;1;0,3064;0,485;0,2086
34728;2021-02-07;T20-21;I1;Parma;Bologna;0;3;2,0;2;0,2666;0,2115;0,5219
34729;2021-02-07;T20-21;I1;Lazio;Cagliari;1;0;1,0;1;0,2192;0,6996;0,0812
56619;2021-02-07;T20-21;SP2;Malaga;Zaragoza;1;2;2,0;1;0,2701;0,5182;0,2117
56620;2021-02-07;T20-21;SP2;Castellon;Mirandes;0;1;2,0;1;0,3176;0,3822;0,3002
56621;2021-02-07;T20-21;SP2;Vallecano;Tenerife;0;1;2,0;1;0,2945;0,534;0,1715
34725;2021-02-07;T20-21;I1;Benevento;Sampdoria;1;1;0,0;1;0,3469;0,3557;0,2974
44721;2021-02-07;T20-21;SP1;Osasuna;Eibar;2;1;1,0;1;0,223;0,6071;0,1698
26343;2021-02-07;T20-21;F1;Nice;Angers;3;0;1,0;1;0,2871;0,5373;0,1756
16152;2021-02-07;T20-21;E0;Tottenham;West Brom;2;0;1,0;1;0,1181;0,831;0,0509
26347;2021-02-07;T20-21;F1;Marseille;Paris SG;0;2;2,0;1;0,257;0,3768;0,3662
26346;2021-02-07;T20-21;F1;Nantes;Lille;0;2;2,0;2;0,249;0,1671;0,5839
26345;2021-02-07;T20-21;F1;St Etienne;Metz;1;0;1,0;1;0,3241;0,4541;0,2218
16153;2021-02-07;T20-21;E0;Wolves;Leicester;0;0;0,0;2;0,2352;0,2445;0,5203
16154;2021-02-07;T20-21;E0;Liverpool;Man City;1;4;2,0;2;0,1993;0,2066;0,594
16155;2021-02-07;T20-21;E0;Sheffield United;Chelsea;1;2;2,0;2;0,1646;0,0746;0,7608
44722;2021-02-07;T20-21;SP1;Betis;Barcelona;2;3;2,0;2;0,2654;0,2423;0,4923
26344;2021-02-07;T20-21;F1;Nimes;Monaco;3;4;2,0;2;0,2131;0,146;0,6409
44720;2021-02-07;T20-21;SP1;Ath Bilbao;Valencia;1;1;0,0;1;0,2974;0,5274;0,1752
44719;2021-02-07;T20-21;SP1;Sociedad;Cadiz;4;1;1,0;1;0,1956;0,7085;0,0958
16156;2021-02-08;T20-21;E0;Leeds;Crystal Palace;2;0;1,0;1;0,2279;0,6086;0,1635
56624;2021-02-08;T20-21;SP2;Lugo;Espanol;1;1;0,0;2;0,2429;0,157;0,6001
44723;2021-02-08;T20-21;SP1;Ath Madrid;Celta;2;2;0,0;1;0,1422;0,8082;0,0496
56623;2021-02-08;T20-21;SP2;Ponferradina;Alcorcon;2;0;1,0;1;0,3134;0,5185;0,1681
44724;2021-02-09;T20-21;SP1;Real Madrid;Getafe;2;0;1,0;1;0,1115;0,8415;0,047
34730;2021-02-12;T20-21;I1;Bologna;Benevento;1;1;0,0;1;0,2649;0,5592;0,1759
6171;2021-02-12;T20-21;D1;RB Leipzig;Augsburg;2;1;1,0;1;0,1558;0,7939;0,0503
44725;2021-02-12;T20-21;SP1;Celta;Elche;3;1;1,0;1;0,2184;0,6595;0,1221
56625;2021-02-12;T20-21;SP2;Sabadell;Zaragoza;1;1;0,0;1;0,2702;0,5;0,2298
44727;2021-02-13;T20-21;SP1;Sevilla;Huesca;1;0;1,0;1;0,153;0,7965;0,0505
44726;2021-02-13;T20-21;SP1;Granada;Ath Madrid;1;2;2,0;2;0,116;0,085;0,799
44729;2021-02-13;T20-21;SP1;Barcelona;Alaves;5;1;1,0;1;0,1544;0,7912;0,0544
6176;2021-02-13;T20-21;D1;Union Berlin;Schalke 04;0;0;0,0;1;0,1376;0,8258;0,0366
16158;2021-02-13;T20-21;E0;Crystal Palace;Burnley;0;3;2,0;1;0,3173;0,4428;0,2398
16157;2021-02-13;T20-21;E0;Leicester;Liverpool;3;1;1,0;1;0,3034;0,4199;0,2767
56626;2021-02-13;T20-21;SP2;Cartagena;Vallecano;2;2;0,0;2;0,302;0,2348;0,4632
44728;2021-02-13;T20-21;SP1;Eibar;Valladolid;1;1;0,0;1;0,2466;0,4828;0,2706
26348;2021-02-13;T20-21;F1;Paris SG;Nice;2;1;1,0;1;0,1221;0,8117;0,0662
26349;2021-02-13;T20-21;F1;Reims;Lens;1;1;0,0;2;0,3222;0,3098;0,368
26350;2021-02-13;T20-21;F1;Lyon;Montpellier;1;2;2,0;1;0,2002;0,7048;0,095
34733;2021-02-13;T20-21;I1;Spezia;Milan;2;0;1,0;2;0,1548;0,0755;0,7697
16159;2021-02-13;T20-21;E0;Man City;Tottenham;3;0;1,0;1;0,1676;0,7259;0,1064
6175;2021-02-13;T20-21;D1;Werder Bremen;Freiburg;0;0;0,0;1;0,3421;0,3656;0,2923
6174;2021-02-13;T20-21;D1;Stuttgart;Hertha;1;1;0,0;1;0,2493;0,6006;0,1501
6173;2021-02-13;T20-21;D1;Leverkusen;Mainz;2;2;0,0;1;0,1357;0,8114;0,0529
6172;2021-02-13;T20-21;D1;Dortmund;Hoffenheim;2;2;0,0;1;0,2448;0,609;0,1462
34732;2021-02-13;T20-21;I1;Napoli;Juventus;1;0;1,0;1;0,3328;0,4343;0,2328
34731;2021-02-13;T20-21;I1;Torino;Genoa;0;0;0,0;0;0,3711;0,3266;0,3023
56627;2021-02-13;T20-21;SP2;Mirandes;Girona;3;3;0,0;2;0,3242;0,3212;0,3546
56628;2021-02-13;T20-21;SP2;Tenerife;Ponferradina;1;0;1,0;2;0,3671;0,2218;0,4111
16160;2021-02-13;T20-21;E0;Brighton;Aston Villa;0;0;0,0;2;0,3111;0,2556;0,4333
56629;2021-02-14;T20-21;SP2;Mallorca;Espanol;1;2;2,0;1;0,3647;0,4995;0,1358
16164;2021-02-14;T20-21;E0;Everton;Fulham;0;2;2,0;1;0,1753;0,7535;0,0712
16162;2021-02-14;T20-21;E0;West Brom;Man United;1;1;0,0;2;0,1675;0,0805;0,752
16163;2021-02-14;T20-21;E0;Arsenal;Leeds;4;2;1,0;1;0,2712;0,5756;0,1532
56630;2021-02-14;T20-21;SP2;Almeria;Las Palmas;3;1;1,0;1;0,2435;0,677;0,0795
6177;2021-02-14;T20-21;D1;Ein Frankfurt;FC Koln;2;0;1,0;1;0,2068;0,7192;0,0741
44733;2021-02-14;T20-21;SP1;Villarreal;Betis;1;2;2,0;1;0,2474;0,5995;0,1531
44731;2021-02-14;T20-21;SP1;Real Madrid;Valencia;2;0;1,0;1;0,1414;0,8116;0,047
16161;2021-02-14;T20-21;E0;Southampton;Wolves;1;2;2,0;1;0,309;0,4145;0,2765
6178;2021-02-14;T20-21;D1;Wolfsburg;M'gladbach;0;0;0,0;1;0,239;0,6215;0,1395
44732;2021-02-14;T20-21;SP1;Levante;Osasuna;0;1;2,0;1;0,333;0,4773;0,1897
26351;2021-02-14;T20-21;F1;Monaco;Lorient;2;2;0,0;1;0,2411;0,6442;0,1147
26352;2021-02-14;T20-21;F1;Angers;Nantes;1;3;2,0;1;0,2528;0,5827;0,1645
26353;2021-02-14;T20-21;F1;Dijon;Nimes;0;2;2,0;0;0,342;0,3231;0,3349
26354;2021-02-14;T20-21;F1;Metz;Strasbourg;1;2;2,0;1;0,2895;0,5845;0,126
26355;2021-02-14;T20-21;F1;Rennes;St Etienne;0;2;2,0;1;0,2475;0,6149;0,1376
26356;2021-02-14;T20-21;F1;Lille;Brest;0;0;0,0;1;0,1053;0,8561;0,0387
26357;2021-02-14;T20-21;F1;Bordeaux;Marseille;0;0;0,0;1;0,2731;0,3907;0,3362
56633;2021-02-14;T20-21;SP2;Sp Gijon;Malaga;1;0;1,0;1;0,3095;0,5501;0,1404
56632;2021-02-14;T20-21;SP2;Leganes;Albacete;3;1;1,0;1;0,3185;0,5677;0,1137
56631;2021-02-14;T20-21;SP2;Alcorcon;Logrones;1;0;1,0;1;0,2827;0,4212;0,2961
44730;2021-02-14;T20-21;SP1;Getafe;Sociedad;0;1;2,0;2;0,2523;0,2843;0,4634
34734;2021-02-14;T20-21;I1;Roma;Udinese;3;0;1,0;1;0,1607;0,7818;0,0575
34736;2021-02-14;T20-21;I1;Sampdoria;Fiorentina;2;1;1,0;1;0,259;0,6124;0,1286
34737;2021-02-14;T20-21;I1;Crotone;Sassuolo;1;2;2,0;2;0,2075;0,0892;0,7033
34735;2021-02-14;T20-21;I1;Cagliari;Atalanta;0;1;2,0;2;0,2638;0,2012;0,535
34738;2021-02-14;T20-21;I1;Inter;Lazio;3;1;1,0;1;0,1654;0,7709;0,0637
34739;2021-02-15;T20-21;I1;Verona;Parma;2;1;1,0;1;0,2647;0,6056;0,1296
44734;2021-02-15;T20-21;SP1;Cadiz;Ath Bilbao;0;4;2,0;1;0,3258;0,4526;0,2216
16165;2021-02-15;T20-21;E0;West Ham;Sheffield United;3;0;1,0;1;0,098;0,8674;0,0346
16166;2021-02-15;T20-21;E0;Chelsea;Newcastle;2;0;1,0;1;0,2065;0,7274;0,0661
56634;2021-02-15;T20-21;SP2;Castellon;Fuenlabrada;1;2;2,0;2;0,3151;0,2849;0,4
6179;2021-02-15;T20-21;D1;Bayern Munich;Bielefeld;3;3;0,0;1;0,0691;0,9006;0,0303
56635;2021-02-15;T20-21;SP2;Oviedo;Lugo;3;1;1,0;1;0,293;0,5036;0,2034
16167;2021-02-17;T20-21;E0;Burnley;Fulham;1;1;0,0;1;0,2366;0,6776;0,0859
56636;2021-02-17;T20-21;SP2;Leganes;Almeria;2;1;1,0;1;0,3449;0,4016;0,2535
26358;2021-02-17;T20-21;F1;Marseille;Nice;3;2;1,0;1;0,2302;0,6549;0,1149
44735;2021-02-17;T20-21;SP1;Levante;Ath Madrid;1;1;0,0;2;0,1518;0,1012;0,7469
16168;2021-02-17;T20-21;E0;Everton;Man City;1;3;2,0;2;0,2278;0,2607;0,5115
56637;2021-02-19;T20-21;SP2;Ponferradina;Mirandes;1;0;1,0;1;0,3039;0,5251;0,171
34741;2021-02-19;T20-21;I1;Cagliari;Torino;0;1;2,0;1;0,3108;0,4233;0,2659
16169;2021-02-19;T20-21;E0;Wolves;Leeds;1;0;1,0;1;0,2963;0,4587;0,245
44736;2021-02-19;T20-21;SP1;Betis;Getafe;1;0;1,0;1;0,2488;0,6255;0,1257
34740;2021-02-19;T20-21;I1;Fiorentina;Spezia;3;0;1,0;1;0,2709;0,6165;0,1126
26359;2021-02-19;T20-21;F1;Brest;Lyon;2;3;2,0;2;0,2637;0,1746;0,5617
6180;2021-02-19;T20-21;D1;Bielefeld;Wolfsburg;0;3;2,0;2;0,25;0,1082;0,6418
6185;2021-02-20;T20-21;D1;Schalke 04;Dortmund;0;4;2,0;2;0,1797;0,0627;0,7576
6183;2021-02-20;T20-21;D1;Freiburg;Union Berlin;0;1;2,0;2;0,2669;0,2386;0,4945
16173;2021-02-20;T20-21;E0;Fulham;Sheffield United;1;0;1,0;1;0,186;0,7452;0,0688
6182;2021-02-20;T20-21;D1;FC Koln;Stuttgart;0;1;2,0;2;0,2993;0,2708;0,4299
56638;2021-02-20;T20-21;SP2;Espanol;Sabadell;1;0;1,0;1;0,1176;0,8451;0,0373
26361;2021-02-20;T20-21;F1;Nantes;Marseille;1;1;0,0;2;0,2598;0,2733;0,4668
34744;2021-02-20;T20-21;I1;Sassuolo;Bologna;1;1;0,0;1;0,2011;0,6975;0,1014
6184;2021-02-20;T20-21;D1;M'gladbach;Mainz;1;2;2,0;1;0,2052;0,7103;0,0845
16172;2021-02-20;T20-21;E0;Liverpool;Everton;0;2;2,0;1;0,2262;0,5194;0,2544
26360;2021-02-20;T20-21;F1;St Etienne;Reims;1;1;0,0;1;0,3236;0,4811;0,1953
16171;2021-02-20;T20-21;E0;Burnley;West Brom;0;0;0,0;1;0,191;0,7349;0,074
34743;2021-02-20;T20-21;I1;Genoa;Verona;2;2;0,0;2;0,3524;0,2868;0,3609
44737;2021-02-20;T20-21;SP1;Elche;Eibar;1;0;1,0;1;0,2407;0,5473;0,2121
44738;2021-02-20;T20-21;SP1;Ath Madrid;Levante;0;2;2,0;1;0,0936;0,8709;0,0355
44739;2021-02-20;T20-21;SP1;Valencia;Celta;2;0;1,0;2;0,3011;0,3477;0,3512
6181;2021-02-20;T20-21;D1;Ein Frankfurt;Bayern Munich;2;1;1,0;2;0,3167;0,2881;0,3952
34742;2021-02-20;T20-21;I1;Lazio;Sampdoria;1;0;1,0;1;0,2614;0,5714;0,1672
44740;2021-02-20;T20-21;SP1;Valladolid;Real Madrid;0;1;2,0;2;0,2171;0,151;0,6318
56640;2021-02-20;T20-21;SP2;Las Palmas;Cartagena;2;0;1,0;1;0,2565;0,568;0,1755
16170;2021-02-20;T20-21;E0;Southampton;Chelsea;1;1;0,0;2;0,2901;0,3538;0,3562
56639;2021-02-20;T20-21;SP2;Albacete;Sp Gijon;0;1;2,0;2;0,2948;0,2685;0,4367
34746;2021-02-21;T20-21;I1;Milan;Inter;0;3;2,0;1;0,306;0,4472;0,2467
34748;2021-02-21;T20-21;I1;Benevento;Roma;0;0;0,0;2;0,2488;0,2503;0,5008
6186;2021-02-21;T20-21;D1;Augsburg;Leverkusen;1;1;0,0;2;0,2451;0,3599;0,395
6187;2021-02-21;T20-21;D1;Hertha;RB Leipzig;0;3;2,0;2;0,2334;0,1734;0,5932
56645;2021-02-21;T20-21;SP2;Malaga;Vallecano;2;0;1,0;1;0,3035;0,3614;0,3351
56644;2021-02-21;T20-21;SP2;Lugo;Logrones;1;1;0,0;1;0,2708;0,4669;0,2623
56643;2021-02-21;T20-21;SP2;Girona;Castellon;2;1;1,0;1;0,2737;0,6191;0,1073
6188;2021-02-21;T20-21;D1;Hoffenheim;Werder Bremen;4;0;1,0;1;0,2919;0,519;0,1891
56642;2021-02-21;T20-21;SP2;Mallorca;Almeria;2;0;1,0;1;0,2566;0,6448;0,0985
56641;2021-02-21;T20-21;SP2;Leganes;Tenerife;1;0;1,0;1;0,3339;0,5639;0,1022
34747;2021-02-21;T20-21;I1;Atalanta;Napoli;4;2;1,0;1;0,2672;0,4171;0,3158
26365;2021-02-21;T20-21;F1;Nimes;Bordeaux;2;0;1,0;2;0,3012;0,3025;0,3964
16175;2021-02-21;T20-21;E0;Aston Villa;Leicester;1;2;2,0;2;0,2812;0,3593;0,3595
44741;2021-02-21;T20-21;SP1;Barcelona;Cadiz;1;1;0,0;1;0,1849;0,7377;0,0775
44742;2021-02-21;T20-21;SP1;Sociedad;Alaves;4;0;1,0;1;0,1729;0,7422;0,0848
44743;2021-02-21;T20-21;SP1;Huesca;Granada;3;2;1,0;1;0,2585;0,4656;0,2759
44744;2021-02-21;T20-21;SP1;Ath Bilbao;Villarreal;1;1;0,0;2;0,288;0,2539;0,4581
16174;2021-02-21;T20-21;E0;West Ham;Tottenham;2;1;1,0;1;0,2558;0,4926;0,2517
16176;2021-02-21;T20-21;E0;Arsenal;Man City;0;1;2,0;2;0,2488;0,2277;0,5236
16177;2021-02-21;T20-21;E0;Man United;Newcastle;3;1;1,0;1;0,1394;0,8114;0,0493
26362;2021-02-21;T20-21;F1;Montpellier;Rennes;2;1;1,0;2;0,3518;0,2839;0,3643
34745;2021-02-21;T20-21;I1;Parma;Udinese;2;2;0,0;1;0,3151;0,4188;0,2661
26364;2021-02-21;T20-21;F1;Nice;Metz;1;2;2,0;2;0,2787;0,2835;0,4378
26363;2021-02-21;T20-21;F1;Lens;Dijon;2;1;1,0;1;0,1255;0,8239;0,0506
26368;2021-02-21;T20-21;F1;Paris SG;Monaco;0;2;2,0;1;0,2243;0,6025;0,1733
26367;2021-02-21;T20-21;F1;Lorient;Lille;1;4;2,0;2;0,2568;0,1353;0,6079
26366;2021-02-21;T20-21;F1;Strasbourg;Angers;0;0;0,0;2;0,2931;0,3231;0,3838
56646;2021-02-22;T20-21;SP2;Fuenlabrada;Oviedo;2;2;0,0;1;0,2954;0,521;0,1836
56647;2021-02-22;T20-21;SP2;Zaragoza;Alcorcon;0;1;2,0;2;0,3705;0,2276;0,4018
16178;2021-02-22;T20-21;E0;Brighton;Crystal Palace;1;2;2,0;1;0,3271;0,4095;0,2634
34749;2021-02-22;T20-21;I1;Juventus;Crotone;3;0;1,0;1;0,1385;0,8176;0,0439
44745;2021-02-22;T20-21;SP1;Osasuna;Sevilla;0;2;2,0;2;0,2368;0,119;0,6443
16179;2021-02-23;T20-21;E0;Leeds;Southampton;3;0;1,0;1;0,2557;0,5366;0,2076
44746;2021-02-24;T20-21;SP1;Barcelona;Elche;3;0;1,0;1;0,1833;0,7566;0,0601
26369;2021-02-24;T20-21;F1;Nimes;Lorient;1;0;1,0;1;0,2698;0,5481;0,1821
56649;2021-02-26;T20-21;SP2;Cartagena;Leganes;1;0;1,0;2;0,2875;0,2888;0,4237
56648;2021-02-26;T20-21;SP2;Sabadell;Albacete;0;0;0,0;1;0,2985;0,4724;0,229
26370;2021-02-26;T20-21;F1;Rennes;Nice;1;2;2,0;1;0,2486;0,5998;0,1515
44747;2021-02-26;T20-21;SP1;Levante;Ath Bilbao;1;1;0,0;1;0,3394;0,4355;0,225
6189;2021-02-26;T20-21;D1;Werder Bremen;Ein Frankfurt;2;1;1,0;1;0,3157;0,3544;0,33
16183;2021-02-27;T20-21;E0;Newcastle;Wolves;1;1;0,0;1;0,3483;0,3671;0,2845
44750;2021-02-27;T20-21;SP1;Alaves;Osasuna;0;1;2,0;1;0,3197;0,3966;0,2837
44751;2021-02-27;T20-21;SP1;Getafe;Valencia;3;0;1,0;1;0,287;0,5208;0,1922
44749;2021-02-27;T20-21;SP1;Sevilla;Barcelona;0;2;2,0;1;0,3234;0,4431;0,2336
44748;2021-02-27;T20-21;SP1;Eibar;Huesca;1;1;0,0;1;0,314;0,455;0,231
26372;2021-02-27;T20-21;F1;Dijon;Paris SG;0;4;2,0;2;0,1349;0,0535;0,8116
6193;2021-02-27;T20-21;D1;Wolfsburg;Hertha;2;0;1,0;1;0,152;0,7957;0,0524
16182;2021-02-27;T20-21;E0;Leeds;Aston Villa;0;1;2,0;2;0,274;0,2813;0,4447
34750;2021-02-27;T20-21;I1;Spezia;Parma;2;2;0,0;1;0,2713;0,4537;0,275
6192;2021-02-27;T20-21;D1;Stuttgart;Schalke 04;5;1;1,0;1;0,1575;0,7987;0,0438
34752;2021-02-27;T20-21;I1;Verona;Juventus;1;1;0,0;2;0,3216;0,2264;0,452
56650;2021-02-27;T20-21;SP2;Vallecano;Ponferradina;1;1;0,0;1;0,2767;0,5618;0,1616
56651;2021-02-27;T20-21;SP2;Almeria;Lugo;4;1;1,0;1;0,2435;0,6406;0,1159
56652;2021-02-27;T20-21;SP2;Castellon;Las Palmas;4;0;1,0;1;0,3403;0,3793;0,2804
56653;2021-02-27;T20-21;SP2;Logrones;Mallorca;0;1;2,0;2;0,2697;0,229;0,5012
6194;2021-02-27;T20-21;D1;RB Leipzig;M'gladbach;3;2;1,0;1;0,164;0,7768;0,0592
16181;2021-02-27;T20-21;E0;West Brom;Brighton;1;0;1,0;1;0,3382;0,3963;0,2655
34751;2021-02-27;T20-21;I1;Bologna;Lazio;2;0;1,0;2;0,2994;0,3344;0,3663
26371;2021-02-27;T20-21;F1;Bordeaux;Metz;1;2;2,0;1;0,2696;0,409;0,3214
16180;2021-02-27;T20-21;E0;Man City;West Ham;2;1;1,0;1;0,1717;0,7373;0,091
6190;2021-02-27;T20-21;D1;Bayern Munich;FC Koln;5;1;1,0;1;0,0878;0,8754;0,0369
6191;2021-02-27;T20-21;D1;Dortmund;Bielefeld;3;0;1,0;1;0,1439;0,7876;0,0685
34757;2021-02-28;T20-21;I1;Napoli;Benevento;2;0;1,0;1;0,1536;0,7842;0,0622
34758;2021-02-28;T20-21;I1;Roma;Milan;1;2;2,0;2;0,2944;0,3163;0,3894
34754;2021-02-28;T20-21;I1;Crotone;Cagliari;0;2;2,0;2;0,2968;0,2638;0,4394
6195;2021-02-28;T20-21;D1;Union Berlin;Hoffenheim;1;1;0,0;1;0,2393;0,6209;0,1398
6196;2021-02-28;T20-21;D1;Mainz;Augsburg;0;1;2,0;2;0,2916;0,2249;0,4835
34753;2021-02-28;T20-21;I1;Sampdoria;Atalanta;0;2;2,0;1;0,2877;0,362;0,3503
34755;2021-02-28;T20-21;I1;Inter;Genoa;3;0;1,0;1;0,0666;0,9092;0,0242
34756;2021-02-28;T20-21;I1;Udinese;Fiorentina;1;0;1,0;1;0,3071;0,4905;0,2025
56656;2021-02-28;T20-21;SP2;Tenerife;Alcorcon;3;1;1,0;1;0,3915;0,4025;0,206
16185;2021-02-28;T20-21;E0;Leicester;Arsenal;1;3;2,0;1;0,244;0,5412;0,2149
26378;2021-02-28;T20-21;F1;Lille;Strasbourg;1;1;0,0;1;0,1102;0,8517;0,0381
16184;2021-02-28;T20-21;E0;Crystal Palace;Fulham;0;0;0,0;1;0,297;0,5642;0,1388
26379;2021-02-28;T20-21;F1;Marseille;Lyon;1;1;0,0;1;0,2806;0,394;0,3253
56654;2021-02-28;T20-21;SP2;Fuenlabrada;Girona;1;1;0,0;1;0,2843;0,3851;0,3306
56655;2021-02-28;T20-21;SP2;Sp Gijon;Espanol;1;1;0,0;2;0,316;0,283;0,401
56657;2021-02-28;T20-21;SP2;Oviedo;Zaragoza;1;0;1,0;1;0,21;0,6834;0,1066
26377;2021-02-28;T20-21;F1;Reims;Montpellier;0;0;0,0;1;0,3314;0,4221;0,2465
26376;2021-02-28;T20-21;F1;Nimes;Nantes;1;1;0,0;1;0,3009;0,4911;0,2079
16187;2021-02-28;T20-21;E0;Chelsea;Man United;0;0;0,0;2;0,3215;0,3338;0,3447
16186;2021-02-28;T20-21;E0;Tottenham;Burnley;4;0;1,0;1;0,2264;0,6464;0,1272
16188;2021-02-28;T20-21;E0;Sheffield United;Liverpool;0;2;2,0;2;0,1225;0,0525;0,8249
26374;2021-02-28;T20-21;F1;Angers;Lens;2;2;0,0;1;0,2792;0,4228;0,298
26373;2021-02-28;T20-21;F1;Monaco;Brest;2;0;1,0;1;0,1902;0,7289;0,0809
44755;2021-02-28;T20-21;SP1;Villarreal;Ath Madrid;0;2;2,0;2;0,1973;0,2064;0,5963
44754;2021-02-28;T20-21;SP1;Granada;Elche;2;1;1,0;1;0,2483;0,6129;0,1388
44753;2021-02-28;T20-21;SP1;Cadiz;Betis;0;1;2,0;1;0,3041;0,3973;0,2986
44752;2021-02-28;T20-21;SP1;Celta;Valladolid;1;1;0,0;1;0,2765;0,5483;0,1752
6197;2021-02-28;T20-21;D1;Leverkusen;Freiburg;1;2;2,0;1;0,221;0,63;0,149
26375;2021-02-28;T20-21;F1;Lorient;St Etienne;2;1;1,0;1;0,3018;0,4905;0,2077
16189;2021-03-01;T20-21;E0;Everton;Southampton;1;0;1,0;1;0,2011;0,659;0,1399
56658;2021-03-01;T20-21;SP2;Mirandes;Malaga;1;0;1,0;1;0,3445;0,4933;0,1622
44756;2021-03-01;T20-21;SP1;Real Madrid;Sociedad;1;1;0,0;1;0,2599;0,5887;0,1514
16190;2021-03-02;T20-21;E0;Man City;Wolves;4;1;1,0;1;0,1083;0,844;0,0477
34759;2021-03-02;T20-21;I1;Juventus;Spezia;3;0;1,0;1;0,1595;0,7928;0,0477
34766;2021-03-03;T20-21;I1;Milan;Udinese;1;1;0,0;1;0,1347;0,8192;0,0461
16193;2021-03-03;T20-21;E0;Crystal Palace;Man United;0;0;0,0;2;0,2436;0,2082;0,5482
34765;2021-03-03;T20-21;I1;Genoa;Sampdoria;1;1;0,0;2;0,3039;0,2576;0,4385
34760;2021-03-03;T20-21;I1;Sassuolo;Napoli;3;3;0,0;1;0,2748;0,4224;0,3028
34763;2021-03-03;T20-21;I1;Cagliari;Bologna;1;0;1,0;1;0,3393;0,4123;0,2483
34762;2021-03-03;T20-21;I1;Benevento;Verona;0;3;2,0;2;0,3057;0,3058;0,3885
26380;2021-03-03;T20-21;F1;Brest;Dijon;3;1;1,0;1;0,2385;0,6564;0,1051
34761;2021-03-03;T20-21;I1;Atalanta;Crotone;5;1;1,0;1;0,1177;0,8468;0,0355
16192;2021-03-03;T20-21;E0;Sheffield United;Aston Villa;1;0;1,0;2;0,1682;0,0973;0,7345
16191;2021-03-03;T20-21;E0;Burnley;Leicester;1;1;0,0;2;0,2307;0,1956;0,5737
26389;2021-03-03;T20-21;F1;Strasbourg;Monaco;1;0;1,0;2;0,2815;0,3393;0,3792
26388;2021-03-03;T20-21;F1;Nantes;Reims;1;2;2,0;2;0,2993;0,3244;0,3763
26387;2021-03-03;T20-21;F1;Montpellier;Lorient;1;1;0,0;1;0,2976;0,5363;0,166
26386;2021-03-03;T20-21;F1;Lille;Marseille;2;0;1,0;1;0,1801;0,7459;0,074
34764;2021-03-03;T20-21;I1;Fiorentina;Roma;1;2;2,0;2;0,2317;0,159;0,6093
26381;2021-03-03;T20-21;F1;Lyon;Rennes;1;0;1,0;1;0,2038;0,7047;0,0915
26382;2021-03-03;T20-21;F1;Metz;Angers;0;1;2,0;1;0,2649;0,546;0,1891
26385;2021-03-03;T20-21;F1;Bordeaux;Paris SG;0;1;2,0;2;0,2525;0,2408;0,5067
26384;2021-03-03;T20-21;F1;St Etienne;Lens;2;3;2,0;2;0,2831;0,2612;0,4557
26383;2021-03-03;T20-21;F1;Nice;Nimes;2;1;1,0;1;0,2731;0,5752;0,1518
16194;2021-03-04;T20-21;E0;Fulham;Tottenham;0;1;2,0;2;0,214;0,2179;0,5681
16195;2021-03-04;T20-21;E0;West Brom;Everton;0;1;2,0;2;0,2224;0,219;0,5586
34767;2021-03-04;T20-21;I1;Parma;Inter;1;2;2,0;2;0,1272;0,0622;0,8107
16196;2021-03-04;T20-21;E0;Liverpool;Chelsea;0;1;2,0;1;0,2388;0,5549;0,2063
6198;2021-03-05;T20-21;D1;Schalke 04;Mainz;0;0;0,0;2;0,3172;0,2212;0,4616
44757;2021-03-05;T20-21;SP1;Valencia;Villarreal;2;1;1,0;2;0,2622;0,2194;0,5185
56659;2021-03-05;T20-21;SP2;Espanol;Oviedo;1;1;0,0;1;0,1834;0,7551;0,0615
6202;2021-03-06;T20-21;D1;Hoffenheim;Wolfsburg;2;1;1,0;2;0,3269;0,2847;0,3884
44759;2021-03-06;T20-21;SP1;Elche;Sevilla;2;1;1,0;2;0,2096;0,2229;0,5675
44758;2021-03-06;T20-21;SP1;Valladolid;Getafe;2;1;1,0;1;0,2255;0,4371;0,3375
6203;2021-03-06;T20-21;D1;M'gladbach;Leverkusen;0;1;2,0;1;0,2504;0,4466;0,303
56660;2021-03-06;T20-21;SP2;Zaragoza;Tenerife;1;0;1,0;1;0,3427;0,3669;0,2905
56661;2021-03-06;T20-21;SP2;Las Palmas;Vallecano;1;1;0,0;2;0,2992;0,3378;0,363
56662;2021-03-06;T20-21;SP2;Leganes;Castellon;0;0;0,0;1;0,3637;0,4946;0,1417
56663;2021-03-06;T20-21;SP2;Albacete;Logrones;1;1;0,0;1;0,2731;0,423;0,3039
16200;2021-03-06;T20-21;E0;Brighton;Leicester;1;2;2,0;2;0,1768;0,2085;0,6147
44761;2021-03-06;T20-21;SP1;Osasuna;Barcelona;0;2;2,0;2;0,2127;0,1415;0,6458
16198;2021-03-06;T20-21;E0;Sheffield United;Southampton;0;2;2,0;2;0,2653;0,128;0,6067
16199;2021-03-06;T20-21;E0;Aston Villa;Wolves;0;0;0,0;1;0,254;0,5757;0,1703
34768;2021-03-06;T20-21;I1;Spezia;Benevento;1;1;0,0;1;0,28;0,4305;0,2895
34769;2021-03-06;T20-21;I1;Udinese;Sassuolo;2;0;1,0;2;0,2653;0,2637;0,4711
34770;2021-03-06;T20-21;I1;Juventus;Lazio;3;1;1,0;1;0,286;0,5109;0,2032
6204;2021-03-06;T20-21;D1;Bayern Munich;Dortmund;4;2;1,0;1;0,138;0,7735;0,0885
6199;2021-03-06;T20-21;D1;Ein Frankfurt;Stuttgart;1;1;0,0;1;0,2584;0,5985;0,1431
6200;2021-03-06;T20-21;D1;Freiburg;RB Leipzig;0;3;2,0;2;0,293;0,2424;0,4647
6201;2021-03-06;T20-21;D1;Hertha;Augsburg;2;1;1,0;1;0,265;0,4754;0,2595
16197;2021-03-06;T20-21;E0;Burnley;Arsenal;1;1;0,0;1;0,2967;0,4034;0,2999
44760;2021-03-06;T20-21;SP1;Cadiz;Eibar;1;0;1,0;1;0,1912;0,6432;0,1656
34776;2021-03-07;T20-21;I1;Napoli;Bologna;3;1;1,0;1;0,1759;0,7536;0,0705
34771;2021-03-07;T20-21;I1;Roma;Genoa;1;0;1,0;1;0,2468;0,6311;0,1221
34772;2021-03-07;T20-21;I1;Crotone;Torino;4;2;1,0;2;0,2914;0,2785;0,4301
34773;2021-03-07;T20-21;I1;Fiorentina;Parma;3;3;0,0;1;0,278;0,5946;0,1274
16201;2021-03-07;T20-21;E0;West Brom;Newcastle;0;0;0,0;1;0,3215;0,3571;0,3215
16202;2021-03-07;T20-21;E0;Liverpool;Fulham;0;1;2,0;1;0,155;0,7803;0,0647
34775;2021-03-07;T20-21;I1;Sampdoria;Cagliari;2;2;0,0;1;0,2473;0,631;0,1217
44765;2021-03-07;T20-21;SP1;Ath Bilbao;Granada;2;1;1,0;1;0,2958;0,4668;0,2374
44763;2021-03-07;T20-21;SP1;Ath Madrid;Real Madrid;1;1;0,0;1;0,3247;0,5366;0,1387
6205;2021-03-07;T20-21;D1;FC Koln;Werder Bremen;1;1;0,0;1;0,2739;0,5507;0,1753
6206;2021-03-07;T20-21;D1;Bielefeld;Union Berlin;0;0;0,0;2;0,2714;0,2641;0,4645
16204;2021-03-07;T20-21;E0;Tottenham;Crystal Palace;4;1;1,0;1;0,2455;0,5877;0,1668
44762;2021-03-07;T20-21;SP1;Huesca;Celta;3;4;2,0;2;0,2923;0,299;0,4088
56667;2021-03-07;T20-21;SP2;Girona;Almeria;0;1;2,0;1;0,3042;0,466;0,2297
34774;2021-03-07;T20-21;I1;Verona;Milan;0;2;2,0;2;0,2209;0,1521;0,6269
56665;2021-03-07;T20-21;SP2;Ponferradina;Sp Gijon;2;2;0,0;1;0,3309;0,3731;0,296
56664;2021-03-07;T20-21;SP2;Malaga;Sabadell;2;0;1,0;1;0,3094;0,4906;0,2
16203;2021-03-07;T20-21;E0;Man City;Man United;0;2;2,0;1;0,2416;0,6153;0,1431
44764;2021-03-07;T20-21;SP1;Sociedad;Levante;1;0;1,0;1;0,222;0,6922;0,0858
56666;2021-03-07;T20-21;SP2;Mallorca;Cartagena;2;1;1,0;1;0,2197;0,699;0,0813
56668;2021-03-08;T20-21;SP2;Alcorcon;Mirandes;4;0;1,0;1;0,3428;0,3849;0,2723
56669;2021-03-08;T20-21;SP2;Lugo;Fuenlabrada;0;0;0,0;1;0,2974;0,3788;0,3238
16205;2021-03-08;T20-21;E0;Chelsea;Everton;2;0;1,0;1;0,2933;0,5302;0,1765
16206;2021-03-08;T20-21;E0;West Ham;Leeds;2;0;1,0;1;0,2363;0,6141;0,1496
44766;2021-03-08;T20-21;SP1;Betis;Alaves;3;2;1,0;1;0,2636;0,6094;0,1269
34777;2021-03-08;T20-21;I1;Inter;Atalanta;1;0;1,0;1;0,2431;0,6519;0,1051
16207;2021-03-10;T20-21;E0;Man City;Southampton;5;2;1,0;1;0,1005;0,8608;0,0387
44767;2021-03-10;T20-21;SP1;Ath Madrid;Ath Bilbao;2;1;1,0;1;0,1197;0,8384;0,0419
26390;2021-03-10;T20-21;F1;Marseille;Rennes;1;0;1,0;1;0,2393;0,5256;0,2351
6207;2021-03-10;T20-21;D1;Bielefeld;Werder Bremen;0;2;2,0;1;0,305;0,471;0,224
6208;2021-03-12;T20-21;D1;Augsburg;M'gladbach;3;1;1,0;2;0,2795;0,3517;0,3688
44768;2021-03-12;T20-21;SP1;Levante;Valencia;1;0;1,0;1;0,2976;0,4455;0,2569
34778;2021-03-12;T20-21;I1;Lazio;Crotone;3;2;1,0;1;0,1076;0,862;0,0304
34779;2021-03-12;T20-21;I1;Atalanta;Spezia;3;1;1,0;1;0,1422;0,8015;0,0563
26391;2021-03-12;T20-21;F1;Reims;Lyon;1;1;0,0;2;0,2574;0,2382;0,5045
16208;2021-03-12;T20-21;E0;Newcastle;Aston Villa;1;1;0,0;2;0,2733;0,3439;0,3828
56671;2021-03-12;T20-21;SP2;Vallecano;Zaragoza;3;2;1,0;1;0,2574;0,5973;0,1453
56670;2021-03-12;T20-21;SP2;Cartagena;Ponferradina;1;1;0,0;1;0,3282;0,3388;0,333
56672;2021-03-13;T20-21;SP2;Fuenlabrada;Las Palmas;1;2;2,0;1;0,3048;0,3704;0,3248
26392;2021-03-13;T20-21;F1;Angers;St Etienne;0;1;2,0;1;0,2809;0,5478;0,1713
26393;2021-03-13;T20-21;F1;Marseille;Brest;3;1;1,0;1;0,252;0,6219;0,1261
44772;2021-03-13;T20-21;SP1;Getafe;Ath Madrid;0;0;0,0;2;0,1535;0,0813;0,7652
44771;2021-03-13;T20-21;SP1;Osasuna;Valladolid;0;0;0,0;1;0,3025;0,4796;0,2179
56673;2021-03-13;T20-21;SP2;Girona;Lugo;1;1;0,0;1;0,2862;0,5718;0,142
56674;2021-03-13;T20-21;SP2;Castellon;Sabadell;2;1;1,0;1;0,3033;0,4985;0,1982
44770;2021-03-13;T20-21;SP1;Real Madrid;Elche;2;1;1,0;1;0,1142;0,8465;0,0393
44769;2021-03-13;T20-21;SP1;Alaves;Cadiz;1;1;0,0;2;0,266;0,3614;0,3725
56675;2021-03-13;T20-21;SP2;Mirandes;Espanol;2;2;0,0;2;0,2617;0,2274;0,5109
16210;2021-03-13;T20-21;E0;Crystal Palace;West Brom;1;0;1,0;1;0,1823;0,7354;0,0824
16209;2021-03-13;T20-21;E0;Leeds;Chelsea;0;0;0,0;1;0,2652;0,4387;0,2961
16212;2021-03-13;T20-21;E0;Fulham;Man City;0;3;2,0;2;0,1581;0,0802;0,7618
6209;2021-03-13;T20-21;D1;Mainz;Freiburg;1;0;1,0;2;0,3288;0,3109;0,3603
6210;2021-03-13;T20-21;D1;Union Berlin;FC Koln;2;1;1,0;1;0,1706;0,7546;0,0747
6211;2021-03-13;T20-21;D1;Werder Bremen;Bayern Munich;1;3;2,0;2;0,1743;0,1202;0,7055
34780;2021-03-13;T20-21;I1;Sassuolo;Verona;3;2;1,0;1;0,2291;0,6192;0,1518
34781;2021-03-13;T20-21;I1;Benevento;Fiorentina;1;4;2,0;1;0,2663;0,4482;0,2855
6212;2021-03-13;T20-21;D1;Wolfsburg;Schalke 04;5;0;1,0;1;0,1084;0,8696;0,0219
34782;2021-03-13;T20-21;I1;Genoa;Udinese;1;1;0,0;1;0,2893;0,4634;0,2473
6213;2021-03-13;T20-21;D1;Dortmund;Hertha;2;0;1,0;1;0,1701;0,7526;0,0773
16211;2021-03-13;T20-21;E0;Everton;Burnley;1;2;2,0;1;0,264;0,5723;0,1636
56677;2021-03-14;T20-21;SP2;Sp Gijon;Mallorca;2;0;1,0;0;0,3534;0,3207;0,326
56676;2021-03-14;T20-21;SP2;Logrones;Malaga;0;1;2,0;1;0,29;0,4972;0,2128
34787;2021-03-14;T20-21;I1;Milan;Napoli;0;1;2,0;1;0,2953;0,5116;0,1931
34786;2021-03-14;T20-21;I1;Cagliari;Juventus;1;3;2,0;2;0,2456;0,1304;0,624
34785;2021-03-14;T20-21;I1;Torino;Inter;1;2;2,0;2;0,1477;0,068;0,7843
44775;2021-03-14;T20-21;SP1;Eibar;Villarreal;1;3;2,0;2;0,2296;0,2542;0,5163
34784;2021-03-14;T20-21;I1;Parma;Roma;2;0;1,0;2;0,252;0,1816;0,5664
34783;2021-03-14;T20-21;I1;Bologna;Sampdoria;3;1;1,0;1;0,2894;0,3831;0,3275
44773;2021-03-14;T20-21;SP1;Celta;Ath Bilbao;0;0;0,0;0;0,3545;0,3502;0,2953
16216;2021-03-14;T20-21;E0;Man United;West Ham;1;0;1,0;1;0,2896;0,5384;0,172
16215;2021-03-14;T20-21;E0;Arsenal;Tottenham;2;1;1,0;1;0,2728;0,4923;0,2349
16214;2021-03-14;T20-21;E0;Leicester;Sheffield United;5;0;1,0;1;0,0982;0,8686;0,0332
16213;2021-03-14;T20-21;E0;Southampton;Brighton;1;2;2,0;1;0,314;0,4097;0,2763
56678;2021-03-14;T20-21;SP2;Tenerife;Albacete;2;0;1,0;1;0,2963;0,5012;0,2025
44776;2021-03-14;T20-21;SP1;Sevilla;Betis;1;0;1,0;1;0,2465;0,6456;0,1079
56679;2021-03-14;T20-21;SP2;Oviedo;Leganes;1;3;2,0;2;0,292;0,2799;0,4281
44774;2021-03-14;T20-21;SP1;Granada;Sociedad;1;0;1,0;1;0,3353;0,3831;0,2817
26398;2021-03-14;T20-21;F1;Rennes;Strasbourg;1;0;1,0;1;0,2498;0,6436;0,1066
26400;2021-03-14;T20-21;F1;Paris SG;Nantes;1;2;2,0;1;0,1492;0,7931;0,0577
26399;2021-03-14;T20-21;F1;Monaco;Lille;0;0;0,0;2;0,3027;0,306;0,3913
26397;2021-03-14;T20-21;F1;Lorient;Nice;1;1;0,0;1;0,3128;0,4373;0,2499
6215;2021-03-14;T20-21;D1;RB Leipzig;Ein Frankfurt;1;1;0,0;1;0,2163;0,6374;0,1463
6216;2021-03-14;T20-21;D1;Stuttgart;Hoffenheim;2;0;1,0;1;0,2584;0,6156;0,1259
26395;2021-03-14;T20-21;F1;Dijon;Bordeaux;1;3;2,0;2;0,2639;0,1356;0,6006
26396;2021-03-14;T20-21;F1;Lens;Metz;2;2;0,0;1;0,2839;0,5482;0,1679
6214;2021-03-14;T20-21;D1;Leverkusen;Bielefeld;1;2;2,0;1;0,1982;0,6969;0,1048
26394;2021-03-14;T20-21;F1;Nimes;Montpellier;1;1;0,0;1;0,3495;0,3575;0,293
56680;2021-03-15;T20-21;SP2;Almeria;Alcorcon;0;0;0,0;1;0,2645;0,6414;0,094
44777;2021-03-15;T20-21;SP1;Barcelona;Huesca;4;1;1,0;1;0,1432;0,8025;0,0543
16217;2021-03-15;T20-21;E0;Wolves;Liverpool;0;1;2,0;2;0,2354;0,1917;0,5729
34788;2021-03-17;T20-21;I1;Torino;Sassuolo;3;2;1,0;2;0,242;0,3492;0,4087
44778;2021-03-17;T20-21;SP1;Sevilla;Elche;2;0;1,0;1;0,1297;0,8239;0,0464
44779;2021-03-19;T20-21;SP1;Betis;Levante;2;0;1,0;1;0,2688;0,5905;0,1407
26401;2021-03-19;T20-21;F1;St Etienne;Monaco;0;4;2,0;2;0,2964;0,2488;0,4548
56681;2021-03-19;T20-21;SP2;Las Palmas;Girona;1;2;2,0;2;0,2868;0,3042;0,409
6217;2021-03-19;T20-21;D1;Bielefeld;RB Leipzig;0;1;2,0;2;0,2223;0,1101;0,6676
34789;2021-03-19;T20-21;I1;Parma;Genoa;1;2;2,0;2;0,2694;0,3421;0,3885
16218;2021-03-19;T20-21;E0;Fulham;Leeds;1;2;2,0;2;0,3033;0,224;0,4727
26403;2021-03-20;T20-21;F1;Nice;Marseille;3;0;1,0;1;0,3454;0,3516;0,3029
26402;2021-03-20;T20-21;F1;Metz;Rennes;1;3;2,0;1;0,3183;0,3796;0,3021
6222;2021-03-20;T20-21;D1;Schalke 04;M'gladbach;0;3;2,0;2;0,1481;0,0665;0,7854
6221;2021-03-20;T20-21;D1;Werder Bremen;Wolfsburg;1;2;2,0;2;0,2325;0,1778;0,5897
6220;2021-03-20;T20-21;D1;FC Koln;Dortmund;2;2;0,0;2;0,275;0,2889;0,4361
6219;2021-03-20;T20-21;D1;Ein Frankfurt;Union Berlin;5;2;1,0;1;0,2295;0,5852;0,1853
6218;2021-03-20;T20-21;D1;Bayern Munich;Stuttgart;4;0;1,0;1;0,1192;0,8311;0,0497
34790;2021-03-20;T20-21;I1;Crotone;Bologna;2;3;2,0;2;0,3057;0,1968;0,4975
34791;2021-03-20;T20-21;I1;Spezia;Cagliari;2;1;1,0;1;0,2598;0,5533;0,1869
56682;2021-03-20;T20-21;SP2;Sabadell;Sp Gijon;1;1;0,0;2;0,2796;0,3566;0,3639
16219;2021-03-20;T20-21;E0;Brighton;Newcastle;3;0;1,0;1;0,2497;0,6019;0,1484
56684;2021-03-20;T20-21;SP2;Leganes;Fuenlabrada;0;2;2,0;1;0,3382;0,5068;0,155
56683;2021-03-20;T20-21;SP2;Mallorca;Oviedo;0;0;0,0;1;0,14;0,8015;0,0585
56685;2021-03-20;T20-21;SP2;Espanol;Logrones;4;0;1,0;1;0,1832;0,7454;0,0714
44783;2021-03-20;T20-21;SP1;Valladolid;Sevilla;1;1;0,0;2;0,2363;0,1774;0,5863
44782;2021-03-20;T20-21;SP1;Huesca;Osasuna;0;0;0,0;1;0,2885;0,5302;0,1813
44780;2021-03-20;T20-21;SP1;Ath Bilbao;Eibar;1;1;0,0;1;0,277;0,547;0,176
44781;2021-03-20;T20-21;SP1;Celta;Real Madrid;1;3;2,0;2;0,2371;0,1595;0,6034
26405;2021-03-21;T20-21;F1;Brest;Angers;0;0;0,0;2;0,3066;0,3047;0,3887
34795;2021-03-21;T20-21;I1;Udinese;Lazio;0;1;2,0;2;0,2295;0,2014;0,569
34796;2021-03-21;T20-21;I1;Fiorentina;Milan;2;3;2,0;2;0,2088;0,1175;0,6736
34797;2021-03-21;T20-21;I1;Roma;Napoli;0;2;2,0;1;0,2728;0,3961;0,3311
6223;2021-03-21;T20-21;D1;Hoffenheim;Mainz;1;2;2,0;1;0,3063;0,5494;0,1443
6224;2021-03-21;T20-21;D1;Hertha;Leverkusen;3;0;1,0;2;0,2177;0,2617;0,5206
26404;2021-03-21;T20-21;F1;Strasbourg;Lens;1;2;2,0;2;0,2456;0,2363;0,5181
6225;2021-03-21;T20-21;D1;Freiburg;Augsburg;2;0;1,0;1;0,2756;0,484;0,2405
34792;2021-03-21;T20-21;I1;Verona;Atalanta;0;2;2,0;2;0,2685;0,334;0,3975
56686;2021-03-21;T20-21;SP2;Ponferradina;Almeria;2;1;1,0;2;0,2722;0,3592;0,3687
56687;2021-03-21;T20-21;SP2;Malaga;Tenerife;1;1;0,0;1;0,2957;0,5297;0,1746
56688;2021-03-21;T20-21;SP2;Lugo;Castellon;0;0;0,0;1;0,2835;0,4919;0,2246
56689;2021-03-21;T20-21;SP2;Alcorcon;Vallecano;0;3;2,0;2;0,3125;0,2194;0,4681
34794;2021-03-21;T20-21;I1;Sampdoria;Torino;1;0;1,0;1;0,2231;0,6569;0,12
34793;2021-03-21;T20-21;I1;Juventus;Benevento;0;1;2,0;1;0,2368;0,6909;0,0724
44788;2021-03-21;T20-21;SP1;Sociedad;Barcelona;1;6;2,0;2;0,3136;0,251;0,4354
44787;2021-03-21;T20-21;SP1;Ath Madrid;Alaves;1;0;1,0;1;0,0766;0,8971;0,0262
44786;2021-03-21;T20-21;SP1;Villarreal;Cadiz;2;1;1,0;1;0,2025;0,6978;0,0998
26409;2021-03-21;T20-21;F1;Lille;Nimes;1;2;2,0;1;0,1064;0,8533;0,0402
26408;2021-03-21;T20-21;F1;Nantes;Lorient;1;1;0,0;1;0,3256;0,438;0,2364
16221;2021-03-21;T20-21;E0;Aston Villa;Tottenham;0;2;2,0;1;0,2371;0,503;0,26
16220;2021-03-21;T20-21;E0;West Ham;Arsenal;3;3;0,0;1;0,2565;0,5538;0,1897
44785;2021-03-21;T20-21;SP1;Valencia;Granada;2;1;1,0;1;0,3518;0,3519;0,2963
44784;2021-03-21;T20-21;SP1;Getafe;Elche;1;1;0,0;1;0,2886;0,4997;0,2118
26407;2021-03-21;T20-21;F1;Montpellier;Bordeaux;3;1;1,0;1;0,2923;0,4625;0,2452
26410;2021-03-21;T20-21;F1;Lyon;Paris SG;2;4;2,0;1;0,259;0,5147;0,2263
26406;2021-03-21;T20-21;F1;Dijon;Reims;0;1;2,0;2;0,3046;0,1597;0,5357
56691;2021-03-22;T20-21;SP2;Zaragoza;Mirandes;1;0;1,0;2;0,3033;0,2527;0,444
56690;2021-03-22;T20-21;SP2;Albacete;Cartagena;2;0;1,0;1;0,2436;0,5603;0,1961
56692;2021-03-26;T20-21;SP2;Sp Gijon;Alcorcon;0;0;0,0;1;0,3261;0,561;0,1129
56693;2021-03-26;T20-21;SP2;Castellon;Espanol;1;3;2,0;2;0,2296;0,1387;0,6317
56697;2021-03-27;T20-21;SP2;Logrones;Zaragoza;1;1;0,0;1;0,2305;0,5952;0,1743
56694;2021-03-27;T20-21;SP2;Oviedo;Ponferradina;1;1;0,0;1;0,3047;0,4363;0,2591
56695;2021-03-27;T20-21;SP2;Almeria;Leganes;1;1;0,0;1;0,3017;0,4907;0,2076
56696;2021-03-27;T20-21;SP2;Cartagena;Malaga;1;1;0,0;1;0,3409;0,3466;0,3125
56698;2021-03-28;T20-21;SP2;Lugo;Sabadell;0;1;2,0;1;0,279;0,5264;0,1946
56699;2021-03-28;T20-21;SP2;Girona;Albacete;2;1;1,0;1;0,2371;0,6542;0,1087
56700;2021-03-28;T20-21;SP2;Tenerife;Las Palmas;1;1;0,0;0;0,3458;0,3176;0,3367
56701;2021-03-29;T20-21;SP2;Fuenlabrada;Mallorca;4;1;1,0;2;0,2825;0,2905;0,427
56702;2021-03-30;T20-21;SP2;Alcorcon;Oviedo;1;1;0,0;1;0,315;0,4407;0,2442
56705;2021-03-30;T20-21;SP2;Vallecano;Sp Gijon;0;1;2,0;1;0,2768;0,4775;0,2456
56704;2021-03-30;T20-21;SP2;Ponferradina;Logrones;2;2;0,0;1;0,2455;0,5346;0,2199
56703;2021-03-30;T20-21;SP2;Malaga;Almeria;0;3;2,0;2;0,3045;0,2823;0,4132
56707;2021-03-31;T20-21;SP2;Sabadell;Girona;2;2;0,0;2;0,2773;0,313;0,4096
56706;2021-03-31;T20-21;SP2;Albacete;Castellon;0;1;2,0;1;0,2832;0,3876;0,3291
56710;2021-04-01;T20-21;SP2;Las Palmas;Lugo;6;1;1,0;1;0,2901;0,4349;0,275
56709;2021-04-01;T20-21;SP2;Mallorca;Leganes;1;0;1,0;1;0,2307;0,6702;0,0991
56708;2021-04-01;T20-21;SP2;Espanol;Fuenlabrada;4;0;1,0;1;0,1353;0,8166;0,0481
56711;2021-04-01;T20-21;SP2;Zaragoza;Cartagena;0;0;0,0;2;0,3601;0,2407;0,3992
56712;2021-04-02;T20-21;SP2;Almeria;Vallecano;0;1;2,0;1;0,3463;0,4764;0,1773
44789;2021-04-02;T20-21;SP1;Levante;Huesca;0;2;2,0;1;0,3192;0,4601;0,2207
56714;2021-04-03;T20-21;SP2;Girona;Ponferradina;3;1;1,0;1;0,31;0,5449;0,1451
44790;2021-04-03;T20-21;SP1;Granada;Villarreal;0;3;2,0;2;0,322;0,3077;0,3703
26412;2021-04-03;T20-21;F1;Paris SG;Lille;0;1;2,0;1;0,3034;0,3667;0,3299
6226;2021-04-03;T20-21;D1;Augsburg;Hoffenheim;2;1;1,0;1;0,2763;0,5635;0,1602
6227;2021-04-03;T20-21;D1;Dortmund;Ein Frankfurt;1;2;2,0;1;0,2398;0,4381;0,3221
6228;2021-04-03;T20-21;D1;Leverkusen;Schalke 04;2;1;1,0;1;0,1157;0,8528;0,0316
6229;2021-04-03;T20-21;D1;Mainz;Bielefeld;1;1;0,0;1;0,3395;0,3878;0,2727
6230;2021-04-03;T20-21;D1;Wolfsburg;FC Koln;1;0;1,0;1;0,1488;0,7996;0,0516
6231;2021-04-03;T20-21;D1;RB Leipzig;Bayern Munich;0;1;2,0;1;0,2954;0,359;0,3456
6232;2021-04-03;T20-21;D1;M'gladbach;Freiburg;2;1;1,0;1;0,2511;0,6102;0,1388
56713;2021-04-03;T20-21;SP2;Logrones;Tenerife;1;0;1,0;1;0,274;0,5662;0,1598
34807;2021-04-03;T20-21;I1;Bologna;Inter;0;1;2,0;2;0,1525;0,0741;0,7734
44791;2021-04-03;T20-21;SP1;Real Madrid;Eibar;2;0;1,0;1;0,1262;0,8278;0,046
34806;2021-04-03;T20-21;I1;Torino;Juventus;2;2;0,0;2;0,2645;0,1526;0,5829
34804;2021-04-03;T20-21;I1;Napoli;Crotone;4;3;1,0;1;0,1156;0,8517;0,0327
34803;2021-04-03;T20-21;I1;Lazio;Spezia;2;1;1,0;1;0,1704;0,7706;0,059
34802;2021-04-03;T20-21;I1;Genoa;Fiorentina;1;1;0,0;1;0,2904;0,4565;0,2532
34801;2021-04-03;T20-21;I1;Cagliari;Verona;0;2;2,0;2;0,2475;0,2526;0,4998
34800;2021-04-03;T20-21;I1;Benevento;Parma;2;2;0,0;1;0,2525;0,5701;0,1773
34799;2021-04-03;T20-21;I1;Atalanta;Udinese;3;2;1,0;1;0,1679;0,7641;0,068
34798;2021-04-03;T20-21;I1;Milan;Sampdoria;1;1;0,0;1;0,1868;0,7375;0,0756
26411;2021-04-03;T20-21;F1;Monaco;Metz;4;0;1,0;1;0,2697;0,5632;0,1671
16222;2021-04-03;T20-21;E0;Chelsea;West Brom;2;5;2,0;1;0,1978;0,7279;0,0743
16223;2021-04-03;T20-21;E0;Leeds;Sheffield United;2;1;1,0;1;0,1715;0,7593;0,0692
16224;2021-04-03;T20-21;E0;Leicester;Man City;0;2;2,0;2;0,2327;0,2482;0,5191
16225;2021-04-03;T20-21;E0;Arsenal;Liverpool;0;3;2,0;2;0,3032;0,2654;0,4314
34805;2021-04-03;T20-21;I1;Sassuolo;Roma;2;2;0,0;1;0,2457;0,4459;0,3083
44792;2021-04-03;T20-21;SP1;Osasuna;Getafe;0;0;0,0;1;0,3025;0,4605;0,237
26413;2021-04-03;T20-21;F1;Lens;Lyon;1;1;0,0;2;0,2921;0,3201;0,3878
56715;2021-04-03;T20-21;SP2;Castellon;Oviedo;1;0;1,0;2;0,3185;0,3002;0,3813
44793;2021-04-04;T20-21;SP1;Alaves;Celta;1;3;2,0;2;0,2859;0,271;0,4431
16226;2021-04-04;T20-21;E0;Southampton;Burnley;3;2;1,0;1;0,2918;0,477;0,2311
16227;2021-04-04;T20-21;E0;Newcastle;Tottenham;2;2;0,0;2;0,2759;0,3363;0,3878
16228;2021-04-04;T20-21;E0;Aston Villa;Fulham;3;1;1,0;1;0,175;0,7619;0,0631
16229;2021-04-04;T20-21;E0;Man United;Brighton;2;1;1,0;1;0,1781;0,7505;0,0714
56718;2021-04-04;T20-21;SP2;Leganes;Sabadell;2;1;1,0;1;0,2831;0,6085;0,1084
6233;2021-04-04;T20-21;D1;Stuttgart;Werder Bremen;1;0;1,0;1;0,2717;0,5876;0,1408
6234;2021-04-04;T20-21;D1;Union Berlin;Hertha;1;1;0,0;1;0,2349;0,6627;0,1023
56719;2021-04-04;T20-21;SP2;Lugo;Malaga;0;1;2,0;1;0,3071;0,4657;0,2272
56720;2021-04-04;T20-21;SP2;Las Palmas;Mallorca;1;1;0,0;2;0,2496;0,1955;0,5549
56716;2021-04-04;T20-21;SP2;Sp Gijon;Mirandes;1;2;2,0;1;0,3134;0,5143;0,1723
44796;2021-04-04;T20-21;SP1;Sevilla;Ath Madrid;1;0;1,0;0;0,3423;0,3215;0,3362
56717;2021-04-04;T20-21;SP2;Albacete;Espanol;0;3;2,0;2;0,2264;0,1598;0,6139
26414;2021-04-04;T20-21;F1;Angers;Montpellier;1;1;0,0;1;0,309;0,4727;0,2183
26415;2021-04-04;T20-21;F1;Bordeaux;Strasbourg;2;3;2,0;1;0,2951;0,5551;0,1497
26416;2021-04-04;T20-21;F1;Lorient;Brest;1;0;1,0;1;0,2804;0,5329;0,1867
26417;2021-04-04;T20-21;F1;Nantes;Nice;1;2;2,0;1;0,3325;0,3985;0,269
26418;2021-04-04;T20-21;F1;Reims;Rennes;2;2;0,0;1;0,3635;0,372;0,2645
44794;2021-04-04;T20-21;SP1;Elche;Betis;1;1;0,0;2;0,3383;0,2825;0,3792
26419;2021-04-04;T20-21;F1;Nimes;St Etienne;0;2;2,0;1;0,3122;0,3681;0,3197
26420;2021-04-04;T20-21;F1;Marseille;Dijon;2;0;1,0;1;0,1318;0,8151;0,053
44795;2021-04-04;T20-21;SP1;Cadiz;Valencia;2;1;1,0;1;0,266;0,5448;0,1892
44797;2021-04-05;T20-21;SP1;Barcelona;Valladolid;1;0;1,0;1;0,1326;0,8168;0,0507
16230;2021-04-05;T20-21;E0;Everton;Crystal Palace;1;1;0,0;1;0,2434;0,6073;0,1493
16231;2021-04-05;T20-21;E0;Wolves;West Ham;2;3;2,0;1;0,2527;0,3743;0,373
56722;2021-04-05;T20-21;SP2;Fuenlabrada;Zaragoza;0;1;2,0;1;0,259;0,5756;0,1654
56721;2021-04-05;T20-21;SP2;Cartagena;Alcorcon;2;1;1,0;1;0,2735;0,5237;0,2028
44798;2021-04-07;T20-21;SP1;Sociedad;Ath Bilbao;1;1;0,0;1;0,2212;0,6451;0,1337
34809;2021-04-07;T20-21;I1;Juventus;Napoli;2;1;1,0;1;0,2794;0,4947;0,226
34808;2021-04-07;T20-21;I1;Inter;Sassuolo;2;1;1,0;1;0,1396;0,8024;0,058
44799;2021-04-09;T20-21;SP1;Huesca;Elche;3;1;1,0;1;0,2513;0,4411;0,3076
56723;2021-04-09;T20-21;SP2;Tenerife;Sp Gijon;1;0;1,0;2;0,3062;0,3381;0,3557
16232;2021-04-09;T20-21;E0;Fulham;Wolves;0;1;2,0;2;0,2614;0,281;0,4576
6235;2021-04-09;T20-21;D1;Bielefeld;Freiburg;1;0;1,0;1;0,3115;0,3965;0,2921
26421;2021-04-09;T20-21;F1;Metz;Lille;0;2;2,0;2;0,2182;0,2073;0,5745
6236;2021-04-10;T20-21;D1;Bayern Munich;Union Berlin;1;1;0,0;1;0,1372;0,8043;0,0585
26422;2021-04-10;T20-21;F1;Strasbourg;Paris SG;1;4;2,0;2;0,2199;0,168;0,6121
56726;2021-04-10;T20-21;SP2;Vallecano;Girona;2;1;1,0;1;0,3068;0,4054;0,2877
56724;2021-04-10;T20-21;SP2;Ponferradina;Fuenlabrada;0;0;0,0;1;0,2944;0,4971;0,2085
26423;2021-04-10;T20-21;F1;Montpellier;Marseille;3;3;0,0;1;0,3029;0,375;0,3222
6237;2021-04-10;T20-21;D1;Ein Frankfurt;Wolfsburg;4;3;1,0;1;0,2844;0,5044;0,2112
56725;2021-04-10;T20-21;SP2;Oviedo;Las Palmas;0;0;0,0;1;0,2951;0,4538;0,2511
6238;2021-04-10;T20-21;D1;Hertha;M'gladbach;2;2;0,0;2;0,3396;0,307;0,3535
16233;2021-04-10;T20-21;E0;Man City;Leeds;1;2;2,0;1;0,1321;0,8011;0,0669
16234;2021-04-10;T20-21;E0;Liverpool;Aston Villa;2;1;1,0;1;0,2648;0,5484;0,1868
34812;2021-04-10;T20-21;I1;Udinese;Torino;0;1;2,0;1;0,2805;0,5398;0,1797
34811;2021-04-10;T20-21;I1;Parma;Milan;1;3;2,0;2;0,1442;0,0714;0,7843
44800;2021-04-10;T20-21;SP1;Getafe;Cadiz;0;1;2,0;1;0,3328;0,3953;0,272
34810;2021-04-10;T20-21;I1;Spezia;Crotone;3;2;1,0;1;0,2144;0,6911;0,0944
44801;2021-04-10;T20-21;SP1;Ath Bilbao;Alaves;0;0;0,0;1;0,2957;0,533;0,1712
44802;2021-04-10;T20-21;SP1;Eibar;Levante;0;1;2,0;1;0,2474;0,41;0,3426
44803;2021-04-10;T20-21;SP1;Real Madrid;Barcelona;2;1;1,0;1;0,2975;0,5316;0,1709
6239;2021-04-10;T20-21;D1;Werder Bremen;RB Leipzig;1;4;2,0;2;0,2756;0,2167;0,5077
6240;2021-04-10;T20-21;D1;Stuttgart;Dortmund;2;3;2,0;2;0,2847;0,2913;0,424
16235;2021-04-10;T20-21;E0;Crystal Palace;Chelsea;1;4;2,0;2;0,2452;0,3229;0,4319
34816;2021-04-11;T20-21;I1;Verona;Lazio;0;1;2,0;2;0,2648;0,2342;0,501
44804;2021-04-11;T20-21;SP1;Villarreal;Osasuna;1;2;2,0;1;0,2277;0,6322;0,1401
34815;2021-04-11;T20-21;I1;Sampdoria;Napoli;0;2;2,0;2;0,256;0,2527;0,4913
44805;2021-04-11;T20-21;SP1;Valencia;Sociedad;2;2;0,0;2;0,2864;0,2814;0,4322
44806;2021-04-11;T20-21;SP1;Valladolid;Granada;1;2;2,0;1;0,3028;0,3921;0,3051
44807;2021-04-11;T20-21;SP1;Betis;Ath Madrid;1;1;0,0;2;0,2439;0,229;0,5271
56732;2021-04-11;T20-21;SP2;Espanol;Leganes;2;1;1,0;1;0,2976;0,5782;0,1242
56731;2021-04-11;T20-21;SP2;Sabadell;Cartagena;1;1;0,0;1;0,2549;0,5047;0,2404
34814;2021-04-11;T20-21;I1;Juventus;Genoa;3;1;1,0;1;0,1934;0,7481;0,0585
34817;2021-04-11;T20-21;I1;Roma;Bologna;1;0;1,0;1;0,2275;0,6489;0,1235
34818;2021-04-11;T20-21;I1;Fiorentina;Atalanta;2;3;2,0;2;0,2259;0,1475;0,6266
26428;2021-04-11;T20-21;F1;St Etienne;Bordeaux;4;1;1,0;1;0,3;0,4963;0,2038
6242;2021-04-11;T20-21;D1;FC Koln;Mainz;2;3;2,0;1;0,2861;0,4704;0,2436
56730;2021-04-11;T20-21;SP2;Mirandes;Logrones;0;1;2,0;1;0,286;0,523;0,191
16236;2021-04-11;T20-21;E0;Burnley;Newcastle;1;2;2,0;1;0,2923;0,5016;0,2061
6241;2021-04-11;T20-21;D1;Schalke 04;Augsburg;1;0;1,0;2;0,373;0,2457;0,3813
16237;2021-04-11;T20-21;E0;West Ham;Leicester;3;2;1,0;1;0,2433;0,4571;0,2996
16238;2021-04-11;T20-21;E0;Tottenham;Man United;1;3;2,0;2;0,3118;0,2839;0,4043
16239;2021-04-11;T20-21;E0;Sheffield United;Arsenal;0;3;2,0;2;0,2287;0,1063;0,665
56729;2021-04-11;T20-21;SP2;Mallorca;Lugo;2;0;1,0;1;0,1733;0,7547;0,072
26424;2021-04-11;T20-21;F1;Rennes;Nantes;1;0;1,0;1;0,2578;0,6116;0,1306
26425;2021-04-11;T20-21;F1;Brest;Nimes;1;1;0,0;1;0,2525;0,5096;0,2379
34813;2021-04-11;T20-21;I1;Inter;Cagliari;1;0;1,0;1;0,0828;0,8822;0,035
26427;2021-04-11;T20-21;F1;Nice;Reims;0;0;0,0;1;0,3159;0,5328;0,1513
26429;2021-04-11;T20-21;F1;Monaco;Dijon;3;0;1,0;1;0,0945;0,8755;0,03
26430;2021-04-11;T20-21;F1;Lyon;Angers;3;0;1,0;1;0,1547;0,788;0,0573
56727;2021-04-11;T20-21;SP2;Malaga;Albacete;2;0;1,0;1;0,2743;0,5047;0,221
56728;2021-04-11;T20-21;SP2;Zaragoza;Almeria;2;1;1,0;2;0,3025;0,2078;0,4897
26426;2021-04-11;T20-21;F1;Lens;Lorient;4;1;1,0;1;0,269;0,5693;0,1617
56733;2021-04-12;T20-21;SP2;Alcorcon;Castellon;2;1;1,0;1;0,278;0,5154;0,2067
6243;2021-04-12;T20-21;D1;Hoffenheim;Leverkusen;0;0;0,0;2;0,2492;0,3072;0,4437
34819;2021-04-12;T20-21;I1;Benevento;Sassuolo;0;1;2,0;2;0,2329;0,2351;0,532
44808;2021-04-12;T20-21;SP1;Celta;Sevilla;3;4;2,0;2;0,2888;0,2638;0,4475
16241;2021-04-12;T20-21;E0;Brighton;Everton;0;0;0,0;2;0,3003;0,2754;0,4243
16240;2021-04-12;T20-21;E0;West Brom;Southampton;3;0;1,0;0;0,3505;0,3355;0,314
56734;2021-04-14;T20-21;SP2;Vallecano;Mirandes;0;1;2,0;1;0,3133;0,4722;0,2145
26431;2021-04-16;T20-21;F1;Lille;Montpellier;1;1;0,0;1;0,162;0,7556;0,0824
16242;2021-04-16;T20-21;E0;Everton;Tottenham;2;2;0,0;1;0,2598;0,501;0,2392
56736;2021-04-16;T20-21;SP2;Girona;Zaragoza;3;0;1,0;1;0,1723;0,7598;0,0679
56735;2021-04-16;T20-21;SP2;Fuenlabrada;Sabadell;2;2;0,0;1;0,259;0,5956;0,1454
6244;2021-04-16;T20-21;D1;RB Leipzig;Hoffenheim;0;0;0,0;1;0,179;0,7425;0,0785
6249;2021-04-17;T20-21;D1;Wolfsburg;Bayern Munich;2;3;2,0;2;0,2962;0,2751;0,4286
6248;2021-04-17;T20-21;D1;Union Berlin;Stuttgart;2;1;1,0;1;0,2258;0,6281;0,146
6247;2021-04-17;T20-21;D1;M'gladbach;Ein Frankfurt;4;0;1,0;1;0,2458;0,5056;0,2485
56737;2021-04-17;T20-21;SP2;Lugo;Alcorcon;1;3;2,0;1;0,286;0,4809;0,233
6246;2021-04-17;T20-21;D1;Freiburg;Schalke 04;4;0;1,0;1;0,1265;0,832;0,0415
6245;2021-04-17;T20-21;D1;Augsburg;Bielefeld;0;0;0,0;1;0,2444;0,6536;0,1019
56738;2021-04-17;T20-21;SP2;Castellon;Mallorca;1;0;1,0;2;0,2402;0,196;0,5637
6250;2021-04-17;T20-21;D1;Leverkusen;FC Koln;3;0;1,0;1;0,1677;0,7506;0,0817
56739;2021-04-17;T20-21;SP2;Las Palmas;Malaga;1;1;0,0;1;0,2929;0,4905;0,2167
26433;2021-04-17;T20-21;F1;Marseille;Lorient;3;2;1,0;1;0,2569;0,5934;0,1496
16243;2021-04-17;T20-21;E0;Newcastle;West Ham;3;2;1,0;2;0,2803;0,3406;0,3791
16244;2021-04-17;T20-21;E0;Wolves;Sheffield United;1;0;1,0;1;0,1316;0,8138;0,0546
34823;2021-04-17;T20-21;I1;Cagliari;Parma;4;3;1,0;1;0,2246;0,5984;0,177
34822;2021-04-17;T20-21;I1;Sassuolo;Fiorentina;3;1;1,0;1;0,2327;0,6622;0,1051
34821;2021-04-17;T20-21;I1;Sampdoria;Verona;3;1;1,0;1;0,2623;0,4888;0,2489
34820;2021-04-17;T20-21;I1;Crotone;Udinese;1;2;2,0;2;0,2483;0,1637;0,588
26432;2021-04-17;T20-21;F1;Angers;Rennes;0;3;2,0;1;0,3122;0,4348;0,253
56740;2021-04-17;T20-21;SP2;Sp Gijon;Oviedo;0;1;2,0;1;0,2673;0,5801;0,1526
56741;2021-04-18;T20-21;SP2;Albacete;Mirandes;1;0;1,0;1;0,3214;0,3762;0,3024
34828;2021-04-18;T20-21;I1;Torino;Roma;3;1;1,0;2;0,2495;0,2447;0,5058
34829;2021-04-18;T20-21;I1;Napoli;Inter;1;1;0,0;2;0,29;0,2966;0,4134
6251;2021-04-18;T20-21;D1;Dortmund;Werder Bremen;4;1;1,0;1;0,1804;0,7389;0,0807
26437;2021-04-18;T20-21;F1;Nimes;Strasbourg;1;1;0,0;1;0,3125;0,4871;0,2004
26436;2021-04-18;T20-21;F1;Dijon;Nice;2;0;1,0;2;0,368;0,2112;0,4208
26435;2021-04-18;T20-21;F1;Brest;Lens;1;1;0,0;2;0,3003;0,3134;0,3863
26434;2021-04-18;T20-21;F1;Paris SG;St Etienne;3;2;1,0;1;0,1387;0,7947;0,0666
16246;2021-04-18;T20-21;E0;Man United;Burnley;3;1;1,0;1;0,1661;0,773;0,0609
16245;2021-04-18;T20-21;E0;Arsenal;Fulham;1;1;0,0;1;0,1813;0,7443;0,0745
34827;2021-04-18;T20-21;I1;Lazio;Benevento;5;3;1,0;1;0,216;0,7106;0,0734
34826;2021-04-18;T20-21;I1;Bologna;Spezia;4;1;1,0;1;0,2538;0,623;0,1232
26438;2021-04-18;T20-21;F1;Reims;Metz;0;0;0,0;2;0,3082;0,2868;0,405
34824;2021-04-18;T20-21;I1;Milan;Genoa;2;1;1,0;1;0,1376;0,811;0,0513
26440;2021-04-18;T20-21;F1;Nantes;Lyon;1;2;2,0;2;0,2161;0,142;0,642
26439;2021-04-18;T20-21;F1;Bordeaux;Monaco;0;3;2,0;1;0,283;0,363;0,354
56743;2021-04-18;T20-21;SP2;Cartagena;Tenerife;0;0;0,0;1;0,3252;0,3697;0,3051
56742;2021-04-18;T20-21;SP2;Logrones;Vallecano;0;0;0,0;0;0,3777;0,2928;0,3295
44809;2021-04-18;T20-21;SP1;Osasuna;Elche;2;0;1,0;1;0,2116;0,5663;0,2221
44816;2021-04-18;T20-21;SP1;Levante;Villarreal;1;5;2,0;2;0,2863;0,3075;0,4062
44810;2021-04-18;T20-21;SP1;Sociedad;Sevilla;1;2;2,0;2;0,2722;0,2923;0,4356
44811;2021-04-18;T20-21;SP1;Alaves;Huesca;1;0;1,0;1;0,2702;0,4999;0,2299
44812;2021-04-18;T20-21;SP1;Ath Madrid;Eibar;5;0;1,0;1;0,0811;0,8899;0,029
44813;2021-04-18;T20-21;SP1;Betis;Valencia;2;2;0,0;1;0,2569;0,6233;0,1198
44814;2021-04-18;T20-21;SP1;Cadiz;Celta;0;0;0,0;1;0,3329;0,4304;0,2367
44815;2021-04-18;T20-21;SP1;Getafe;Real Madrid;0;0;0,0;2;0,2186;0,1274;0,654
34825;2021-04-18;T20-21;I1;Atalanta;Juventus;1;0;1,0;1;0,2512;0,5372;0,2116
16247;2021-04-19;T20-21;E0;Leeds;Liverpool;1;1;0,0;2;0,3089;0,3211;0,3699
56744;2021-04-19;T20-21;SP2;Leganes;Ponferradina;1;1;0,0;1;0,3181;0,5221;0,1598
56745;2021-04-19;T20-21;SP2;Almeria;Espanol;1;1;0,0;1;0,2755;0,4483;0,2762
16248;2021-04-20;T20-21;E0;Chelsea;Brighton;0;0;0,0;1;0,2123;0,6787;0,109
6255;2021-04-20;T20-21;D1;Ein Frankfurt;Augsburg;2;0;1,0;1;0,2114;0,6721;0,1165
6254;2021-04-20;T20-21;D1;Bielefeld;Schalke 04;1;0;1,0;1;0,2371;0,6959;0,067
6253;2021-04-20;T20-21;D1;Bayern Munich;Leverkusen;2;0;1,0;1;0,1385;0,8066;0,0549
6252;2021-04-20;T20-21;D1;FC Koln;RB Leipzig;2;1;1,0;2;0,228;0,1266;0,6454
34830;2021-04-20;T20-21;I1;Verona;Fiorentina;1;2;2,0;1;0,251;0,5603;0,1887
56746;2021-04-21;T20-21;SP2;Mirandes;Tenerife;0;0;0,0;1;0,3096;0,4783;0,2121
34832;2021-04-21;T20-21;I1;Bologna;Torino;1;1;0,0;1;0,2945;0,5146;0,1909
34831;2021-04-21;T20-21;I1;Milan;Sassuolo;1;2;2,0;1;0,2262;0,6337;0,1401
34833;2021-04-21;T20-21;I1;Crotone;Sampdoria;0;1;2,0;2;0,2275;0,1011;0,6714
34834;2021-04-21;T20-21;I1;Genoa;Benevento;2;2;0,0;1;0,2783;0,5264;0,1953
34835;2021-04-21;T20-21;I1;Juventus;Parma;3;1;1,0;1;0,1357;0,8187;0,0456
34836;2021-04-21;T20-21;I1;Spezia;Inter;1;1;0,0;2;0,1333;0,0581;0,8086
44817;2021-04-21;T20-21;SP1;Levante;Sevilla;0;1;2,0;2;0,2226;0,1398;0,6377
44820;2021-04-21;T20-21;SP1;Alaves;Villarreal;2;1;1,0;2;0,3106;0,2832;0,4062
34837;2021-04-21;T20-21;I1;Udinese;Cagliari;0;1;2,0;1;0,2672;0,5027;0,2301
6256;2021-04-21;T20-21;D1;Dortmund;Union Berlin;2;0;1,0;1;0,1973;0,6124;0,1903
16249;2021-04-21;T20-21;E0;Tottenham;Southampton;2;1;1,0;1;0,1993;0,6785;0,1222
16250;2021-04-21;T20-21;E0;Aston Villa;Man City;1;2;2,0;2;0,1902;0,2079;0,602
44818;2021-04-21;T20-21;SP1;Osasuna;Valencia;3;1;1,0;1;0,2779;0,5248;0,1973
44821;2021-04-21;T20-21;SP1;Elche;Valladolid;1;1;0,0;1;0,2625;0,4668;0,2707
6257;2021-04-21;T20-21;D1;Hoffenheim;M'gladbach;3;2;1,0;1;0,2781;0,3684;0,3535
6258;2021-04-21;T20-21;D1;Stuttgart;Wolfsburg;1;3;2,0;2;0,2979;0,2574;0,4447
6259;2021-04-21;T20-21;D1;Werder Bremen;Mainz;0;1;2,0;1;0,2645;0,5978;0,1377
44822;2021-04-21;T20-21;SP1;Cadiz;Real Madrid;0;3;2,0;2;0,1949;0,116;0,6891
44819;2021-04-21;T20-21;SP1;Betis;Ath Bilbao;0;0;0,0;1;0,2743;0,5208;0,2049
16251;2021-04-22;T20-21;E0;Leicester;West Brom;3;0;1,0;1;0,1235;0,8348;0,0417
44823;2021-04-22;T20-21;SP1;Ath Madrid;Huesca;2;0;1,0;1;0,0818;0,8896;0,0286
44825;2021-04-22;T20-21;SP1;Sociedad;Celta;2;1;1,0;1;0,2128;0,6525;0,1347
44826;2021-04-22;T20-21;SP1;Barcelona;Getafe;5;2;1,0;1;0,1225;0,8283;0,0492
44824;2021-04-22;T20-21;SP1;Granada;Eibar;4;1;1,0;1;0,2768;0,5398;0,1834
34839;2021-04-22;T20-21;I1;Napoli;Lazio;5;2;1,0;1;0,2575;0,562;0,1805
34838;2021-04-22;T20-21;I1;Roma;Atalanta;1;1;0,0;1;0,2548;0,4232;0,322
26441;2021-04-23;T20-21;F1;Reims;Marseille;1;3;2,0;1;0,2885;0,4273;0,2842
56747;2021-04-23;T20-21;SP2;Zaragoza;Sp Gijon;0;0;0,0;2;0,3046;0,1727;0,5227
6260;2021-04-23;T20-21;D1;Augsburg;FC Koln;2;3;2,0;1;0,256;0,5994;0,1446
16252;2021-04-23;T20-21;E0;Arsenal;Everton;0;1;2,0;2;0,236;0,3269;0,4371
34842;2021-04-24;T20-21;I1;Sassuolo;Sampdoria;1;0;1,0;1;0,2722;0,5988;0,129
34841;2021-04-24;T20-21;I1;Parma;Crotone;3;4;2,0;1;0,3226;0,4912;0,1862
34840;2021-04-24;T20-21;I1;Genoa;Spezia;2;0;1,0;1;0,25;0,6111;0,139
16253;2021-04-24;T20-21;E0;Liverpool;Newcastle;1;1;0,0;1;0,2177;0,7032;0,0791
16254;2021-04-24;T20-21;E0;West Ham;Chelsea;0;1;2,0;1;0,2444;0,4907;0,2649
16255;2021-04-24;T20-21;E0;Sheffield United;Brighton;1;0;1,0;2;0,3376;0,1779;0,4844
6264;2021-04-24;T20-21;D1;Wolfsburg;Dortmund;0;2;2,0;1;0,2661;0,5285;0,2054
6263;2021-04-24;T20-21;D1;Union Berlin;Werder Bremen;3;1;1,0;1;0,2196;0,6784;0,102
44829;2021-04-24;T20-21;SP1;Valencia;Alaves;1;1;0,0;1;0,3246;0,4488;0,2266
44828;2021-04-24;T20-21;SP1;Valladolid;Cadiz;1;1;0,0;1;0,2592;0,5085;0,2323
44827;2021-04-24;T20-21;SP1;Elche;Levante;1;0;1,0;1;0,239;0,5176;0,2434
6265;2021-04-24;T20-21;D1;Leverkusen;Ein Frankfurt;3;1;1,0;1;0,24;0,5248;0,2351
26443;2021-04-24;T20-21;F1;Metz;Paris SG;1;3;2,0;2;0,2258;0,3243;0,4499
26442;2021-04-24;T20-21;F1;St Etienne;Brest;1;2;2,0;1;0,2976;0,4878;0,2146
56751;2021-04-24;T20-21;SP2;Ponferradina;Lugo;2;0;1,0;1;0,2511;0,5578;0,1911
44830;2021-04-24;T20-21;SP1;Real Madrid;Betis;0;0;0,0;1;0,1988;0,6933;0,1079
6262;2021-04-24;T20-21;D1;Mainz;Bayern Munich;2;1;1,0;2;0,189;0,1038;0,7072
6261;2021-04-24;T20-21;D1;Freiburg;Hoffenheim;1;1;0,0;1;0,2818;0,4902;0,228
56750;2021-04-24;T20-21;SP2;Espanol;Las Palmas;4;0;1,0;1;0,1978;0,7307;0,0715
56749;2021-04-24;T20-21;SP2;Malaga;Fuenlabrada;0;1;2,0;1;0,3108;0,3568;0,3325
56748;2021-04-24;T20-21;SP2;Logrones;Cartagena;0;1;2,0;1;0,3183;0,4598;0,2219
56755;2021-04-25;T20-21;SP2;Tenerife;Castellon;1;1;0,0;1;0,3422;0,3969;0,2609
26449;2021-04-25;T20-21;F1;Angers;Monaco;0;1;2,0;1;0,2793;0,416;0,3047
26450;2021-04-25;T20-21;F1;Lyon;Lille;2;3;2,0;1;0,3315;0,3534;0,3151
26448;2021-04-25;T20-21;F1;Strasbourg;Nantes;1;2;2,0;1;0,3005;0,4981;0,2015
56754;2021-04-25;T20-21;SP2;Alcorcon;Leganes;1;2;2,0;2;0,3103;0,1954;0,4943
34844;2021-04-25;T20-21;I1;Fiorentina;Juventus;1;1;0,0;2;0,2778;0,2638;0,4584
16256;2021-04-25;T20-21;E0;Wolves;Burnley;0;4;2,0;1;0,275;0,5229;0,202
16257;2021-04-25;T20-21;E0;Leeds;Man United;0;0;0,0;2;0,3067;0,2378;0,4555
16258;2021-04-25;T20-21;E0;Aston Villa;West Brom;2;2;0,0;1;0,1592;0,7801;0,0606
34843;2021-04-25;T20-21;I1;Benevento;Udinese;2;4;2,0;1;0,2891;0,4172;0,2937
44835;2021-04-25;T20-21;SP1;Ath Bilbao;Ath Madrid;2;1;1,0;2;0,2556;0,185;0,5594
44834;2021-04-25;T20-21;SP1;Sevilla;Granada;2;1;1,0;1;0,1619;0,7751;0,063
44832;2021-04-25;T20-21;SP1;Villarreal;Barcelona;1;2;2,0;2;0,2431;0,24;0,517
44831;2021-04-25;T20-21;SP1;Huesca;Getafe;0;2;2,0;1;0,2306;0,3918;0,3776
6266;2021-04-25;T20-21;D1;RB Leipzig;Stuttgart;2;0;1,0;1;0,1755;0,7408;0,0837
6267;2021-04-25;T20-21;D1;M'gladbach;Bielefeld;5;0;1,0;1;0,2169;0,6855;0,0976
56752;2021-04-25;T20-21;SP2;Oviedo;Girona;0;1;2,0;2;0,277;0,3461;0,3769
56753;2021-04-25;T20-21;SP2;Mirandes;Almeria;1;1;0,0;1;0,285;0,3603;0,3546
26444;2021-04-25;T20-21;F1;Nice;Montpellier;3;1;1,0;1;0,3225;0,4054;0,2721
26445;2021-04-25;T20-21;F1;Lens;Nimes;2;1;1,0;1;0,1978;0,701;0,1013
26446;2021-04-25;T20-21;F1;Lorient;Bordeaux;4;1;1,0;1;0,2911;0,4857;0,2232
44833;2021-04-25;T20-21;SP1;Celta;Osasuna;2;1;1,0;1;0,2871;0,531;0,1819
26447;2021-04-25;T20-21;F1;Rennes;Dijon;5;1;1,0;1;0,1426;0,8038;0,0536
34845;2021-04-25;T20-21;I1;Inter;Verona;1;0;1,0;1;0,0965;0,8594;0,0441
34846;2021-04-25;T20-21;I1;Cagliari;Roma;3;2;1,0;2;0,2403;0,258;0,5017
34847;2021-04-25;T20-21;I1;Atalanta;Bologna;5;0;1,0;1;0,1659;0,7553;0,0789
34848;2021-04-26;T20-21;I1;Torino;Napoli;0;2;2,0;2;0,2066;0,137;0,6564
56756;2021-04-26;T20-21;SP2;Vallecano;Albacete;2;2;0,0;1;0,2284;0,5799;0,1916
44836;2021-04-26;T20-21;SP1;Eibar;Sociedad;0;1;2,0;2;0,2495;0,2906;0,4599
34849;2021-04-26;T20-21;I1;Lazio;Milan;3;0;1,0;1;0,3217;0,3805;0,2978
16259;2021-04-26;T20-21;E0;Leicester;Crystal Palace;2;1;1,0;1;0,1876;0,7082;0,1042
56757;2021-04-26;T20-21;SP2;Sabadell;Mallorca;1;0;1,0;2;0,2452;0,2286;0,5262
44837;2021-04-28;T20-21;SP1;Ath Bilbao;Valladolid;2;2;0,0;1;0,2806;0,572;0,1474
44838;2021-04-29;T20-21;SP1;Barcelona;Granada;1;2;2,0;1;0,1555;0,7618;0,0827
44839;2021-04-30;T20-21;SP1;Celta;Levante;2;0;1,0;1;0,2706;0,5593;0,1701
56758;2021-04-30;T20-21;SP2;Lugo;Zaragoza;2;2;0,0;1;0,272;0,5205;0,2075
26451;2021-04-30;T20-21;F1;Marseille;Strasbourg;1;1;0,0;1;0,2393;0,6475;0,1132
16260;2021-04-30;T20-21;E0;Southampton;Leicester;1;1;0,0;2;0,2217;0,2494;0,5289
16261;2021-05-01;T20-21;E0;Crystal Palace;Man City;0;2;2,0;2;0,2767;0,2077;0,5157
44842;2021-05-01;T20-21;SP1;Huesca;Sociedad;1;0;1,0;2;0,2898;0,2465;0,4637
44843;2021-05-01;T20-21;SP1;Real Madrid;Osasuna;2;0;1,0;1;0,1295;0,827;0,0435
56761;2021-05-01;T20-21;SP2;Mallorca;Mirandes;2;1;1,0;1;0,1367;0,8091;0,0541
56760;2021-05-01;T20-21;SP2;Almeria;Oviedo;2;2;0,0;1;0,2204;0,6996;0,08
16262;2021-05-01;T20-21;E0;Brighton;Leeds;2;0;1,0;1;0,3522;0,3581;0,2897
56759;2021-05-01;T20-21;SP2;Girona;Tenerife;1;0;1,0;1;0,3541;0,5211;0,1248
16263;2021-05-01;T20-21;E0;Chelsea;Fulham;2;0;1,0;1;0,2027;0,7479;0,0494
16264;2021-05-01;T20-21;E0;Everton;Aston Villa;1;2;2,0;1;0,2955;0,464;0,2404
26453;2021-05-01;T20-21;F1;Lille;Nice;2;0;1,0;1;0,1571;0,7924;0,0504
44841;2021-05-01;T20-21;SP1;Elche;Ath Madrid;0;1;2,0;2;0,1538;0,1188;0,7274
44840;2021-05-01;T20-21;SP1;Eibar;Alaves;3;0;1,0;1;0,2816;0,5575;0,1609
34850;2021-05-01;T20-21;I1;Verona;Spezia;1;1;0,0;1;0,2379;0,6415;0,1206
34851;2021-05-01;T20-21;I1;Crotone;Inter;0;2;2,0;2;0,1341;0,0471;0,8188
34852;2021-05-01;T20-21;I1;Milan;Benevento;2;0;1,0;1;0,073;0,896;0,031
26452;2021-05-01;T20-21;F1;Paris SG;Lens;2;1;1,0;1;0,1731;0,716;0,1109
26454;2021-05-02;T20-21;F1;Bordeaux;Rennes;1;0;1,0;1;0,2796;0,4978;0,2226
26455;2021-05-02;T20-21;F1;Brest;Nantes;1;4;2,0;1;0,2753;0,5627;0,162
26456;2021-05-02;T20-21;F1;Dijon;Metz;1;5;2,0;2;0,1993;0,1212;0,6794
26457;2021-05-02;T20-21;F1;Lorient;Angers;2;0;1,0;2;0,2777;0,2579;0,4645
56762;2021-05-02;T20-21;SP2;Fuenlabrada;Cartagena;2;1;1,0;1;0,2507;0,5785;0,1708
26458;2021-05-02;T20-21;F1;Nimes;Reims;2;2;0,0;2;0,3041;0,3119;0,384
56763;2021-05-02;T20-21;SP2;Espanol;Malaga;3;0;1,0;1;0,1678;0,7721;0,0601
56766;2021-05-02;T20-21;SP2;Las Palmas;Ponferradina;2;0;1,0;1;0,2998;0,3835;0,3168
56765;2021-05-02;T20-21;SP2;Leganes;Sp Gijon;0;0;0,0;1;0,3126;0,3653;0,3221
56764;2021-05-02;T20-21;SP2;Castellon;Logrones;0;0;0,0;0;0,3862;0,3132;0,3007
44847;2021-05-02;T20-21;SP1;Valencia;Barcelona;2;3;2,0;2;0,2999;0,1655;0,5345
26459;2021-05-02;T20-21;F1;Montpellier;St Etienne;1;2;2,0;1;0,288;0,5382;0,1738
16266;2021-05-02;T20-21;E0;Tottenham;Sheffield United;4;0;1,0;1;0,1019;0,8692;0,029
44845;2021-05-02;T20-21;SP1;Villarreal;Getafe;1;0;1,0;1;0,2251;0,6683;0,1066
44844;2021-05-02;T20-21;SP1;Valladolid;Betis;1;1;0,0;1;0,2988;0,3904;0,3108
16265;2021-05-02;T20-21;E0;Newcastle;Arsenal;0;2;2,0;2;0,2854;0,3007;0,4139
34853;2021-05-02;T20-21;I1;Lazio;Genoa;4;3;1,0;1;0,1997;0,7212;0,0791
34854;2021-05-02;T20-21;I1;Bologna;Fiorentina;3;3;0,0;1;0,2943;0,4513;0,2544
34855;2021-05-02;T20-21;I1;Napoli;Cagliari;1;1;0,0;1;0,1781;0,7601;0,0619
26460;2021-05-02;T20-21;F1;Monaco;Lyon;2;3;2,0;2;0,2988;0,29;0,4111
34856;2021-05-02;T20-21;I1;Sassuolo;Atalanta;1;1;0,0;1;0,2997;0,4902;0,21
34857;2021-05-02;T20-21;I1;Udinese;Juventus;1;2;2,0;2;0,2721;0,1607;0,5672
34858;2021-05-02;T20-21;I1;Sampdoria;Roma;2;0;1,0;2;0,2545;0,3315;0,414
44846;2021-05-02;T20-21;SP1;Granada;Cadiz;0;1;2,0;1;0,2991;0,5165;0,1844
34859;2021-05-03;T20-21;I1;Torino;Parma;1;0;1,0;1;0,2565;0,5486;0,1949
44848;2021-05-03;T20-21;SP1;Sevilla;Ath Bilbao;0;1;2,0;1;0,2752;0,621;0,1038
6268;2021-05-03;T20-21;D1;Mainz;Hertha;1;1;0,0;1;0,3461;0,3944;0,2595
56768;2021-05-03;T20-21;SP2;Albacete;Alcorcon;0;1;2,0;1;0,303;0,4185;0,2785
56767;2021-05-03;T20-21;SP2;Sabadell;Vallecano;2;0;1,0;2;0,2886;0,3537;0,3577
16268;2021-05-03;T20-21;E0;Burnley;West Ham;1;2;2,0;2;0,2493;0,206;0,5447
16267;2021-05-03;T20-21;E0;West Brom;Wolves;1;1;0,0;2;0,3304;0,2842;0,3853
6269;2021-05-06;T20-21;D1;Hertha;Freiburg;3;0;1,0;1;0,3297;0,4196;0,2507
6270;2021-05-07;T20-21;D1;Stuttgart;Augsburg;2;1;1,0;1;0,2795;0,557;0,1634
56769;2021-05-07;T20-21;SP2;Tenerife;Almeria;0;1;2,0;2;0,2707;0,223;0,5063
16269;2021-05-07;T20-21;E0;Leicester;Newcastle;2;4;2,0;1;0,1731;0,7552;0,0717
44849;2021-05-07;T20-21;SP1;Sociedad;Elche;2;0;1,0;1;0,187;0,69;0,123
26461;2021-05-07;T20-21;F1;Lens;Lille;0;3;2,0;2;0,3009;0,2605;0,4386
6274;2021-05-08;T20-21;D1;Wolfsburg;Union Berlin;3;0;1,0;1;0,1856;0,7288;0,0856
26463;2021-05-08;T20-21;F1;Lyon;Lorient;4;1;1,0;1;0,1695;0,7718;0,0587
6273;2021-05-08;T20-21;D1;Werder Bremen;Leverkusen;0;0;0,0;2;0,3022;0,3225;0,3753
6275;2021-05-08;T20-21;D1;Bayern Munich;M'gladbach;6;0;1,0;1;0,1325;0,8073;0,0602
26462;2021-05-08;T20-21;F1;Nantes;Bordeaux;3;0;1,0;1;0,269;0,4647;0,2664
16273;2021-05-08;T20-21;E0;Liverpool;Southampton;2;0;1,0;1;0,2378;0,6186;0,1436
16272;2021-05-08;T20-21;E0;Man City;Chelsea;1;2;2,0;1;0,2055;0,671;0,1235
34863;2021-05-08;T20-21;I1;Fiorentina;Lazio;2;0;1,0;2;0,2702;0,3084;0,4215
34862;2021-05-08;T20-21;I1;Inter;Sampdoria;5;1;1,0;1;0,134;0,8168;0,0492
6272;2021-05-08;T20-21;D1;Hoffenheim;Schalke 04;4;2;1,0;1;0,1841;0,7666;0,0493
34860;2021-05-08;T20-21;I1;Spezia;Napoli;1;4;2,0;2;0,2377;0,1269;0,6354
56770;2021-05-08;T20-21;SP2;Ponferradina;Albacete;0;1;2,0;1;0,248;0,5691;0,183
56771;2021-05-08;T20-21;SP2;Zaragoza;Espanol;0;0;0,0;2;0,2713;0,1802;0,5485
34861;2021-05-08;T20-21;I1;Udinese;Bologna;1;1;0,0;1;0,3047;0,4495;0,2457
56773;2021-05-08;T20-21;SP2;Malaga;Mallorca;1;1;0,0;2;0,2387;0,2624;0,4988
56772;2021-05-08;T20-21;SP2;Alcorcon;Las Palmas;0;0;0,0;1;0,3239;0,3408;0,3354
44853;2021-05-08;T20-21;SP1;Ath Bilbao;Osasuna;2;2;0,0;1;0,3039;0,5226;0,1734
44852;2021-05-08;T20-21;SP1;Cadiz;Huesca;2;1;1,0;1;0,227;0,6188;0,1541
6271;2021-05-08;T20-21;D1;Dortmund;RB Leipzig;3;2;1,0;1;0,3053;0,3629;0,3318
44850;2021-05-08;T20-21;SP1;Alaves;Levante;2;2;0,0;1;0,3115;0,4222;0,2663
16270;2021-05-08;T20-21;E0;Leeds;Tottenham;3;1;1,0;1;0,2766;0,3836;0,3397
16271;2021-05-08;T20-21;E0;Sheffield United;Crystal Palace;0;2;2,0;2;0,2401;0,1095;0,6503
44851;2021-05-08;T20-21;SP1;Barcelona;Ath Madrid;0;0;0,0;1;0,3016;0,4113;0,2871
16274;2021-05-09;T20-21;E0;Wolves;Brighton;2;1;1,0;1;0,2903;0,5584;0,1513
16276;2021-05-09;T20-21;E0;West Ham;Everton;0;1;2,0;1;0,2529;0,4612;0,2859
16277;2021-05-09;T20-21;E0;Arsenal;West Brom;3;1;1,0;1;0,1602;0,7813;0,0585
44854;2021-05-09;T20-21;SP1;Getafe;Eibar;0;1;2,0;1;0,2628;0,5231;0,2141
56776;2021-05-09;T20-21;SP2;Cartagena;Castellon;1;0;1,0;1;0,2986;0,4754;0,226
56777;2021-05-09;T20-21;SP2;Logrones;Girona;1;4;2,0;2;0,2947;0,2316;0,4737
44855;2021-05-09;T20-21;SP1;Valencia;Valladolid;3;0;1,0;1;0,232;0,5832;0,1849
44856;2021-05-09;T20-21;SP1;Villarreal;Celta;2;4;2,0;1;0,259;0,5907;0,1503
16275;2021-05-09;T20-21;E0;Aston Villa;Man United;1;3;2,0;2;0,3061;0,2882;0,4057
6278;2021-05-09;T20-21;D1;Hertha;Bielefeld;0;0;0,0;1;0,3281;0,4756;0,1964
6277;2021-05-09;T20-21;D1;Ein Frankfurt;Mainz;1;1;0,0;1;0,1959;0,719;0,085
26464;2021-05-09;T20-21;F1;St Etienne;Marseille;1;0;1,0;1;0,3296;0,3409;0,3295
26465;2021-05-09;T20-21;F1;Angers;Dijon;3;0;1,0;1;0,1965;0,7272;0,0763
26466;2021-05-09;T20-21;F1;Metz;Nimes;0;3;2,0;1;0,2243;0,6265;0,1492
26467;2021-05-09;T20-21;F1;Nice;Brest;3;2;1,0;1;0,2876;0,5489;0,1635
26468;2021-05-09;T20-21;F1;Strasbourg;Montpellier;2;3;2,0;2;0,2645;0,3295;0,406
26469;2021-05-09;T20-21;F1;Reims;Monaco;0;1;2,0;2;0,2721;0,2787;0,4493
26470;2021-05-09;T20-21;F1;Rennes;Paris SG;1;1;0,0;2;0,2825;0,254;0,4635
56775;2021-05-09;T20-21;SP2;Oviedo;Sabadell;2;1;1,0;1;0,2811;0,529;0,1899
56774;2021-05-09;T20-21;SP2;Mirandes;Fuenlabrada;2;1;1,0;1;0,2862;0,532;0,1818
34864;2021-05-09;T20-21;I1;Genoa;Sassuolo;1;2;2,0;2;0,2908;0,3374;0,3718
34865;2021-05-09;T20-21;I1;Benevento;Cagliari;1;3;2,0;1;0,2703;0,5005;0,2292
34866;2021-05-09;T20-21;I1;Parma;Atalanta;2;5;2,0;2;0,1834;0,0962;0,7204
34867;2021-05-09;T20-21;I1;Verona;Torino;1;1;0,0;1;0,2718;0,5948;0,1334
34868;2021-05-09;T20-21;I1;Roma;Crotone;5;0;1,0;1;0,1415;0,8013;0,0572
34869;2021-05-09;T20-21;I1;Juventus;Milan;0;3;2,0;1;0,3217;0,4035;0,2748
6276;2021-05-09;T20-21;D1;FC Koln;Freiburg;1;4;2,0;2;0,2669;0,3339;0,3992
44857;2021-05-09;T20-21;SP1;Real Madrid;Sevilla;2;2;0,0;1;0,2905;0,5434;0,1662
56779;2021-05-10;T20-21;SP2;Sp Gijon;Lugo;1;0;1,0;1;0,2205;0,6301;0,1494
16278;2021-05-10;T20-21;E0;Fulham;Burnley;0;2;2,0;2;0,2761;0,3362;0,3876
56778;2021-05-10;T20-21;SP2;Vallecano;Leganes;1;1;0,0;1;0,2835;0,3902;0,3263
44858;2021-05-10;T20-21;SP1;Betis;Granada;2;1;1,0;1;0,2039;0,6909;0,1052
16280;2021-05-11;T20-21;E0;Southampton;Crystal Palace;3;1;1,0;1;0,2798;0,5307;0,1895
16279;2021-05-11;T20-21;E0;Man United;Leicester;1;2;2,0;1;0,2183;0,5595;0,2222
34870;2021-05-11;T20-21;I1;Napoli;Udinese;5;1;1,0;1;0,1708;0,7666;0,0626
44861;2021-05-11;T20-21;SP1;Levante;Barcelona;3;3;0,0;2;0,2036;0,1567;0,6398
44860;2021-05-11;T20-21;SP1;Elche;Alaves;0;2;2,0;1;0,2828;0,4927;0,2245
44859;2021-05-11;T20-21;SP1;Osasuna;Cadiz;3;2;1,0;1;0,3014;0,4996;0,199
44863;2021-05-12;T20-21;SP1;Celta;Getafe;1;0;1,0;1;0,255;0,5895;0,1554
44862;2021-05-12;T20-21;SP1;Sevilla;Valencia;1;0;1,0;1;0,1756;0,755;0,0694
6279;2021-05-12;T20-21;D1;Schalke 04;Hertha;1;2;2,0;2;0,3123;0,2067;0,481
34876;2021-05-12;T20-21;I1;Sampdoria;Spezia;2;2;0,0;1;0,2633;0,5783;0,1584
34877;2021-05-12;T20-21;I1;Sassuolo;Juventus;1;3;2,0;2;0,2922;0,2765;0,4313
44864;2021-05-12;T20-21;SP1;Huesca;Ath Bilbao;1;0;1,0;1;0,2981;0,414;0,2879
34875;2021-05-12;T20-21;I1;Lazio;Parma;1;0;1,0;1;0,1036;0,8669;0,0295
34874;2021-05-12;T20-21;I1;Inter;Roma;3;1;1,0;1;0,1393;0,786;0,0748
34873;2021-05-12;T20-21;I1;Bologna;Genoa;0;2;2,0;1;0,296;0,4519;0,2521
34872;2021-05-12;T20-21;I1;Atalanta;Benevento;2;0;1,0;1;0,116;0,8356;0,0484
34871;2021-05-12;T20-21;I1;Cagliari;Fiorentina;0;0;0,0;1;0,35;0,399;0,251
16281;2021-05-12;T20-21;E0;Chelsea;Arsenal;0;1;2,0;1;0,2722;0,5443;0,1836
44865;2021-05-12;T20-21;SP1;Ath Madrid;Sociedad;2;1;1,0;1;0,1937;0,7428;0,0635
34878;2021-05-12;T20-21;I1;Torino;Milan;0;7;2,0;2;0,2074;0,1142;0,6783
44867;2021-05-13;T20-21;SP1;Eibar;Betis;1;1;0,0;2;0,2793;0,2607;0,4599
44868;2021-05-13;T20-21;SP1;Granada;Real Madrid;1;4;2,0;2;0,2243;0,1458;0,6299
44866;2021-05-13;T20-21;SP1;Valladolid;Villarreal;0;2;2,0;2;0,2701;0,3002;0,4297
26478;2021-05-16;T20-21;F1;Nice;Strasbourg;0;2;2,0;1;0,2913;0,5302;0,1785
26477;2021-05-16;T20-21;F1;Montpellier;Brest;0;0;0,0;1;0,2781;0,5595;0,1624
26476;2021-05-16;T20-21;F1;Monaco;Rennes;2;1;1,0;1;0,2551;0,611;0,1339
26475;2021-05-16;T20-21;F1;Marseille;Angers;3;2;1,0;1;0,2678;0,5716;0,1606
26474;2021-05-16;T20-21;F1;Lorient;Metz;2;1;1,0;1;0,3184;0,3577;0,3239
26473;2021-05-16;T20-21;F1;Lille;St Etienne;0;0;0,0;1;0,1516;0,8042;0,0442
26472;2021-05-16;T20-21;F1;Dijon;Nantes;0;4;2,0;0;0,3831;0,2364;0,3804
26471;2021-05-16;T20-21;F1;Bordeaux;Lens;3;0;1,0;1;0,3132;0,3621;0,3247
26480;2021-05-16;T20-21;F1;Paris SG;Reims;4;0;1,0;1;0,136;0,8009;0,0631
26479;2021-05-16;T20-21;F1;Nimes;Lyon;2;5;2,0;2;0,2602;0,1625;0,5773
44869;2021-05-16;T20-21;SP1;Alaves;Granada;4;2;1,0;1;0,2993;0,3505;0,3502
44877;2021-05-16;T20-21;SP1;Valencia;Eibar;4;1;1,0;1;0,2666;0,5699;0,1634
44870;2021-05-16;T20-21;SP1;Ath Bilbao;Real Madrid;0;1;2,0;2;0,2567;0,1675;0,5758
44871;2021-05-16;T20-21;SP1;Ath Madrid;Osasuna;2;1;1,0;1;0,1113;0,8511;0,0376
44872;2021-05-16;T20-21;SP1;Barcelona;Celta;1;2;2,0;1;0,1824;0,7413;0,0763
44873;2021-05-16;T20-21;SP1;Betis;Huesca;1;0;1,0;1;0,2027;0,6949;0,1024
44876;2021-05-16;T20-21;SP1;Sociedad;Valladolid;4;1;1,0;1;0,1908;0,7091;0,1
44878;2021-05-16;T20-21;SP1;Villarreal;Sevilla;4;0;1,0;2;0,3089;0,3432;0,3479
44875;2021-05-16;T20-21;SP1;Getafe;Levante;2;1;1,0;1;0,2627;0,5401;0,1972
44874;2021-05-16;T20-21;SP1;Cadiz;Elche;1;3;2,0;1;0,2614;0,479;0,2596
44879;2021-05-21;T20-21;SP1;Levante;Cadiz;2;2;0,0;1;0,2744;0,4883;0,2373
44886;2021-05-22;T20-21;SP1;Valladolid;Ath Madrid;1;2;2,0;2;0,1418;0,0877;0,7704
44884;2021-05-22;T20-21;SP1;Osasuna;Sociedad;0;1;2,0;2;0,2925;0,3354;0,3721
44883;2021-05-22;T20-21;SP1;Huesca;Valencia;0;0;0,0;1;0,294;0,4375;0,2685
44882;2021-05-22;T20-21;SP1;Elche;Ath Bilbao;2;0;1,0;2;0,3138;0,3326;0,3537
44880;2021-05-22;T20-21;SP1;Celta;Betis;2;3;2,0;2;0,3264;0,3039;0,3697
44885;2021-05-22;T20-21;SP1;Real Madrid;Villarreal;2;1;1,0;1;0,1935;0,7218;0,0847
44881;2021-05-22;T20-21;SP1;Eibar;Barcelona;0;1;2,0;2;0,1736;0,0981;0,7283
26488;2021-05-23;T20-21;F1;Rennes;Nimes;2;0;1,0;1;0,1885;0,7094;0,102
26482;2021-05-23;T20-21;F1;Brest;Paris SG;0;2;2,0;2;0,2467;0,1702;0,5832
26483;2021-05-23;T20-21;F1;Lens;Monaco;0;0;0,0;1;0,2519;0,5018;0,2463
26484;2021-05-23;T20-21;F1;Lyon;Nice;2;3;2,0;1;0,2125;0,683;0,1045
26485;2021-05-23;T20-21;F1;Metz;Marseille;1;1;0,0;1;0,2809;0,4499;0,2692
26486;2021-05-23;T20-21;F1;Nantes;Montpellier;1;2;2,0;1;0,2985;0,3798;0,3218
26487;2021-05-23;T20-21;F1;Reims;Bordeaux;1;2;2,0;1;0,2913;0,511;0,1977
26489;2021-05-23;T20-21;F1;St Etienne;Dijon;0;1;2,0;1;0,2359;0,6681;0,096
26490;2021-05-23;T20-21;F1;Strasbourg;Lorient;1;1;0,0;1;0,2835;0,4648;0,2517
44888;2021-05-23;T20-21;SP1;Sevilla;Alaves;1;0;1,0;1;0,1441;0,8088;0,0471
26481;2021-05-23;T20-21;F1;Angers;Lille;1;2;2,0;2;0,2225;0,2058;0,5717
44887;2021-05-23;T20-21;SP1;Granada;Getafe;0;0;0,0;1;0,3104;0,4754;0,2142
