match;Date;season;Div;HomeTeam;AwayTeam;FTHG;FTAG;label;prediction;draw;home;away
15751;2020-01-01;T19-20;E0;Brighton;Chelsea;1;1;0;2;0,2084;0,2034;0,5882
15758;2020-01-01;T19-20;E0;West Ham;Bournemouth;4;0;1;1;0,2909;0,4393;0,2698
15757;2020-01-01;T19-20;E0;Norwich;Crystal Palace;1;1;0;1;0,2779;0,392;0,3302
15756;2020-01-01;T19-20;E0;Man City;Everton;2;1;1;1;0,1362;0,7856;0,0782
15759;2020-01-01;T19-20;E0;Arsenal;Man United;2;0;1;2;0,2538;0,3444;0,4018
15754;2020-01-01;T19-20;E0;Southampton;Tottenham;1;0;1;2;0,25;0,2755;0,4745
15753;2020-01-01;T19-20;E0;Newcastle;Leicester;0;3;2;2;0,2658;0,2907;0,4435
15752;2020-01-01;T19-20;E0;Burnley;Aston Villa;1;2;2;1;0,2992;0,4327;0,2681
15755;2020-01-01;T19-20;E0;Watford;Wolves;2;1;1;2;0,2569;0,2874;0,4557
15760;2020-01-02;T19-20;E0;Liverpool;Sheffield United;2;0;1;1;0,1523;0,7682;0,0794
44309;2020-01-03;T19-20;SP1;Valladolid;Leganes;2;2;0;1;0,3127;0,4671;0,2202
44310;2020-01-03;T19-20;SP1;Sevilla;Ath Bilbao;1;1;0;1;0,2261;0,6534;0,1205
56130;2020-01-03;T19-20;SP2;Extremadura;Alcorcon;0;0;0;1;0,3126;0,3924;0,295
56133;2020-01-04;T19-20;SP2;Lugo;Almeria;0;4;2;2;0,2549;0,3337;0,4114
56136;2020-01-04;T19-20;SP2;Mirandes;Santander;0;0;0;1;0,3066;0,4096;0,2838
56135;2020-01-04;T19-20;SP2;Elche;Huesca;1;1;0;2;0,274;0,3272;0,3988
56134;2020-01-04;T19-20;SP2;Tenerife;Albacete;4;2;1;1;0,2469;0,4636;0,2895
56132;2020-01-04;T19-20;SP2;Ponferradina;Cadiz;0;0;0;2;0,2472;0,2999;0,4529
56131;2020-01-04;T19-20;SP2;Fuenlabrada;Las Palmas;0;0;0;1;0,3131;0,4137;0,2732
44314;2020-01-04;T19-20;SP1;Espanol;Barcelona;2;2;0;2;0,1959;0,1506;0,6535
44313;2020-01-04;T19-20;SP1;Ath Madrid;Levante;2;1;1;1;0,2637;0,5541;0,1822
44312;2020-01-04;T19-20;SP1;Getafe;Real Madrid;0;3;2;2;0,2163;0,2261;0,5577
44311;2020-01-04;T19-20;SP1;Valencia;Eibar;1;0;1;1;0,2785;0,4568;0,2648
34312;2020-01-05;T19-20;I1;Genoa;Sassuolo;2;1;1;1;0,3112;0,3759;0,3129
44316;2020-01-05;T19-20;SP1;Sociedad;Villarreal;1;2;2;1;0,32;0,4285;0,2515
44317;2020-01-05;T19-20;SP1;Alaves;Betis;1;1;0;2;0,2703;0,322;0,4077
44318;2020-01-05;T19-20;SP1;Celta;Osasuna;1;1;0;2;0,2852;0,3485;0,3663
56138;2020-01-05;T19-20;SP2;Vallecano;Girona;1;0;1;1;0,2323;0,5613;0,2064
56139;2020-01-05;T19-20;SP2;Oviedo;Malaga;1;1;0;1;0,2689;0,3663;0,3648
34315;2020-01-06;T19-20;I1;Atalanta;Parma;5;0;1;1;0,207;0,6812;0,1118
15761;2020-01-10;T19-20;E0;Sheffield United;West Ham;1;0;1;1;0,3001;0,4457;0,2542
34322;2020-01-11;T19-20;I1;Inter;Atalanta;1;1;0;1;0,28;0,3651;0,3548
34321;2020-01-11;T19-20;I1;Lazio;Napoli;1;0;1;2;0,283;0,3537;0,3633
34320;2020-01-11;T19-20;I1;Cagliari;Milan;0;2;2;2;0,2257;0,2262;0,5481
15768;2020-01-11;T19-20;E0;Tottenham;Liverpool;0;1;2;2;0,2502;0,3183;0,4315
15767;2020-01-11;T19-20;E0;Wolves;Newcastle;1;1;0;1;0,2621;0,5818;0,1561
15765;2020-01-11;T19-20;E0;Leicester;Southampton;1;2;2;1;0,2535;0,5809;0,1656
15764;2020-01-11;T19-20;E0;Everton;Brighton;1;0;1;1;0,2902;0,5057;0,2041
15763;2020-01-11;T19-20;E0;Chelsea;Burnley;3;0;1;1;0,2074;0,693;0,0997
15762;2020-01-11;T19-20;E0;Crystal Palace;Arsenal;1;1;0;2;0,234;0,2804;0,4856
15766;2020-01-11;T19-20;E0;Man United;Norwich;4;0;1;1;0,2019;0,6629;0,1352
34326;2020-01-12;T19-20;I1;Torino;Bologna;1;0;1;1;0,3069;0,4253;0,2678
15769;2020-01-12;T19-20;E0;Bournemouth;Watford;0;3;2;1;0,3005;0,3994;0,3001
15770;2020-01-12;T19-20;E0;Aston Villa;Man City;1;6;2;2;0,1841;0,1554;0,6605
34323;2020-01-12;T19-20;I1;Udinese;Sassuolo;3;0;1;1;0,3028;0,3865;0,3107
34324;2020-01-12;T19-20;I1;Fiorentina;Spal;1;0;1;1;0,2366;0,6161;0,1473
34325;2020-01-12;T19-20;I1;Sampdoria;Brescia;5;1;1;1;0,3038;0,4492;0,247
34327;2020-01-12;T19-20;I1;Verona;Genoa;2;1;1;1;0,3065;0,4199;0,2737
34328;2020-01-12;T19-20;I1;Roma;Juventus;1;2;2;1;0,2518;0,4069;0,3413
34329;2020-01-13;T19-20;I1;Parma;Lecce;2;0;1;1;0,3111;0,4387;0,2502
56144;2020-01-14;T19-20;SP2;Las Palmas;Zaragoza;0;1;2;1;0,2531;0,4241;0,3228
56143;2020-01-14;T19-20;SP2;Malaga;Ponferradina;1;0;1;1;0,2682;0,5735;0,1583
56141;2020-01-14;T19-20;SP2;Albacete;Fuenlabrada;1;1;0;2;0,2581;0,3573;0,3846
56142;2020-01-14;T19-20;SP2;Sp Gijon;Elche;1;0;1;1;0,2907;0,5341;0,1752
56148;2020-01-15;T19-20;SP2;Cadiz;Mirandes;3;3;0;1;0,3102;0,497;0,1927
56147;2020-01-15;T19-20;SP2;Vallecano;Lugo;1;0;1;1;0,1694;0,6916;0,139
56146;2020-01-15;T19-20;SP2;Huesca;Tenerife;2;1;1;1;0,2196;0,639;0,1414
26029;2020-01-15;T19-20;F1;Amiens;Reims;1;1;0;1;0,2962;0,395;0,3088
26031;2020-01-15;T19-20;F1;Monaco;Paris SG;1;4;2;2;0,2482;0,2926;0,4592
26030;2020-01-15;T19-20;F1;Nimes;Rennes;0;1;2;1;0,2893;0,3975;0,3132
56145;2020-01-15;T19-20;SP2;Alcorcon;Numancia;2;2;0;1;0,2969;0,4613;0,2418
56149;2020-01-16;T19-20;SP2;La Coruna;Santander;2;1;1;1;0,3218;0,4496;0,2286
56150;2020-01-16;T19-20;SP2;Girona;Extremadura;3;1;1;1;0,3142;0,4122;0,2737
56151;2020-01-16;T19-20;SP2;Almeria;Oviedo;2;0;1;1;0,313;0,4963;0,1907
44319;2020-01-17;T19-20;SP1;Leganes;Getafe;0;3;2;2;0,2598;0,3471;0,3932
56152;2020-01-17;T19-20;SP2;Fuenlabrada;Malaga;0;0;0;1;0,2862;0,36;0,3538
44321;2020-01-18;T19-20;SP1;Real Madrid;Sevilla;2;1;1;1;0,1342;0,7917;0,0741
44320;2020-01-18;T19-20;SP1;Levante;Alaves;0;1;2;1;0,296;0,4703;0,2337
44322;2020-01-18;T19-20;SP1;Osasuna;Valladolid;0;0;0;1;0,2592;0,4727;0,2681
34332;2020-01-18;T19-20;I1;Napoli;Fiorentina;0;2;2;1;0,1602;0,7191;0,1207
56154;2020-01-18;T19-20;SP2;Lugo;Albacete;1;0;1;2;0,2766;0,3031;0,4203
56155;2020-01-18;T19-20;SP2;Ponferradina;Vallecano;1;1;0;2;0,2838;0,2804;0,4358
44323;2020-01-18;T19-20;SP1;Eibar;Ath Madrid;2;0;1;2;0,2295;0,2172;0,5533
34331;2020-01-18;T19-20;I1;Sassuolo;Torino;2;1;1;1;0,3153;0,4295;0,2552
56153;2020-01-18;T19-20;SP2;Numancia;Sp Gijon;2;0;1;2;0,2595;0,3555;0,385
15778;2020-01-18;T19-20;E0;Newcastle;Chelsea;1;0;1;2;0,203;0,1964;0,6007
15772;2020-01-18;T19-20;E0;Arsenal;Sheffield United;1;1;0;1;0,2603;0,4318;0,3079
34330;2020-01-18;T19-20;I1;Lazio;Sampdoria;5;1;1;1;0,1965;0,6686;0,1349
15773;2020-01-18;T19-20;E0;Brighton;Aston Villa;1;1;0;1;0,2686;0,5864;0,145
15771;2020-01-18;T19-20;E0;Watford;Tottenham;0;0;0;2;0,2605;0,306;0,4335
15775;2020-01-18;T19-20;E0;Norwich;Bournemouth;1;0;1;1;0,2817;0,4319;0,2864
15776;2020-01-18;T19-20;E0;Southampton;Wolves;2;3;2;1;0,2926;0,3761;0,3314
15777;2020-01-18;T19-20;E0;West Ham;Everton;1;1;0;2;0,2739;0,3026;0,4235
15774;2020-01-18;T19-20;E0;Man City;Crystal Palace;2;2;0;1;0,1228;0,8111;0,0662
44326;2020-01-19;T19-20;SP1;Villarreal;Espanol;1;2;2;1;0,2816;0,5317;0,1866
56161;2020-01-19;T19-20;SP2;Tenerife;Girona;1;0;1;1;0,2666;0,3862;0,3472
56160;2020-01-19;T19-20;SP2;Extremadura;Almeria;1;2;2;2;0,2804;0,3006;0,419
56159;2020-01-19;T19-20;SP2;Santander;Las Palmas;1;1;0;1;0,3061;0,3656;0,3282
56158;2020-01-19;T19-20;SP2;Oviedo;Huesca;1;1;0;1;0,2961;0,3789;0,3249
56156;2020-01-19;T19-20;SP2;Elche;Alcorcon;1;1;0;1;0,3006;0,3703;0,3292
44328;2020-01-19;T19-20;SP1;Barcelona;Granada;1;0;1;1;0,1832;0,7717;0,0452
44325;2020-01-19;T19-20;SP1;Betis;Sociedad;3;0;1;1;0,2756;0,3841;0,3403
56157;2020-01-19;T19-20;SP2;La Coruna;Cadiz;1;0;1;2;0,283;0,3317;0,3853
34338;2020-01-19;T19-20;I1;Juventus;Parma;2;1;1;1;0,1762;0,7256;0,0981
34337;2020-01-19;T19-20;I1;Genoa;Roma;1;3;2;2;0,1931;0,1797;0,6272
34336;2020-01-19;T19-20;I1;Lecce;Inter;1;1;0;2;0,2122;0,2302;0,5575
34335;2020-01-19;T19-20;I1;Brescia;Cagliari;2;2;0;1;0,2869;0,4157;0,2973
34334;2020-01-19;T19-20;I1;Bologna;Verona;1;1;0;1;0,2976;0,4257;0,2767
34333;2020-01-19;T19-20;I1;Milan;Udinese;3;2;1;1;0,2203;0,6496;0,1301
15780;2020-01-19;T19-20;E0;Liverpool;Man United;2;0;1;1;0,1535;0,751;0,0955
15779;2020-01-19;T19-20;E0;Burnley;Leicester;2;1;1;2;0,2454;0,2651;0,4895
44324;2020-01-19;T19-20;SP1;Mallorca;Valencia;4;1;1;2;0,3108;0,3376;0,3516
34339;2020-01-20;T19-20;I1;Atalanta;Spal;1;2;2;1;0,2057;0,681;0,1133
15786;2020-01-21;T19-20;E0;Chelsea;Arsenal;2;2;0;1;0,208;0,6628;0,1293
15785;2020-01-21;T19-20;E0;Sheffield United;Man City;0;1;2;2;0,2272;0,2358;0,537
15784;2020-01-21;T19-20;E0;Everton;Newcastle;2;2;0;1;0,2928;0,5439;0,1633
15782;2020-01-21;T19-20;E0;Bournemouth;Brighton;3;1;1;1;0,2987;0,4146;0,2868
15781;2020-01-21;T19-20;E0;Aston Villa;Watford;2;1;1;1;0,3061;0,4136;0,2803
15783;2020-01-21;T19-20;E0;Crystal Palace;Southampton;0;2;2;1;0,2995;0,419;0,2815
15787;2020-01-22;T19-20;E0;Leicester;West Ham;4;1;1;1;0,2468;0,6122;0,141
15788;2020-01-22;T19-20;E0;Tottenham;Norwich;2;1;1;1;0,1985;0,7142;0,0873
15789;2020-01-22;T19-20;E0;Man United;Burnley;0;2;2;1;0,1879;0,7066;0,1055
15790;2020-01-23;T19-20;E0;Wolves;Liverpool;1;2;2;2;0,2095;0,2047;0,5858
34340;2020-01-24;T19-20;I1;Brescia;Milan;0;1;2;2;0,2014;0,2111;0,5875
44329;2020-01-24;T19-20;SP1;Osasuna;Levante;2;0;1;1;0,2715;0,4615;0,267
56162;2020-01-24;T19-20;SP2;Cadiz;Santander;1;0;1;1;0,3065;0,4962;0,1973
56163;2020-01-25;T19-20;SP2;Huesca;Lugo;2;1;1;1;0,2293;0,6356;0,1351
56165;2020-01-25;T19-20;SP2;Las Palmas;Tenerife;0;0;0;1;0,2502;0,4948;0,2551
56164;2020-01-25;T19-20;SP2;Sp Gijon;Fuenlabrada;1;0;1;1;0,2979;0,5179;0,1842
56166;2020-01-25;T19-20;SP2;Zaragoza;Numancia;1;0;1;1;0,2298;0,6314;0,1388
44333;2020-01-25;T19-20;SP1;Sevilla;Granada;2;0;1;1;0,2147;0,672;0,1133
34343;2020-01-25;T19-20;I1;Torino;Atalanta;0;7;2;2;0,2771;0,2985;0,4244
44331;2020-01-25;T19-20;SP1;Valencia;Barcelona;2;0;1;2;0,2326;0,2478;0,5196
44330;2020-01-25;T19-20;SP1;Espanol;Ath Bilbao;1;1;0;2;0,2813;0,334;0,3847
34342;2020-01-25;T19-20;I1;Fiorentina;Genoa;0;0;0;1;0,2016;0,6608;0,1376
34341;2020-01-25;T19-20;I1;Spal;Bologna;1;3;2;2;0,2663;0,3647;0,369
44332;2020-01-25;T19-20;SP1;Alaves;Villarreal;1;2;2;1;0,2713;0,3876;0,3411
56172;2020-01-26;T19-20;SP2;Girona;Oviedo;1;1;0;1;0,2937;0,5067;0,1996
56170;2020-01-26;T19-20;SP2;Alcorcon;Ponferradina;3;1;1;1;0,3223;0,4521;0,2256
56169;2020-01-26;T19-20;SP2;Almeria;Elche;0;2;2;1;0,3126;0,4927;0,1946
56168;2020-01-26;T19-20;SP2;Albacete;La Coruna;0;1;2;1;0,2688;0,4106;0,3205
56167;2020-01-26;T19-20;SP2;Malaga;Mirandes;2;2;0;1;0,3134;0,4668;0,2198
44338;2020-01-26;T19-20;SP1;Valladolid;Real Madrid;0;1;2;2;0,2017;0,1899;0,6084
44337;2020-01-26;T19-20;SP1;Sociedad;Mallorca;3;0;1;1;0,2866;0,5441;0,1693
44336;2020-01-26;T19-20;SP1;Getafe;Betis;1;0;1;1;0,3133;0,4691;0,2177
56171;2020-01-26;T19-20;SP2;Vallecano;Extremadura;1;1;0;1;0,2181;0,6701;0,1118
44334;2020-01-26;T19-20;SP1;Ath Madrid;Leganes;0;0;0;1;0,2641;0,5787;0,1572
34349;2020-01-26;T19-20;I1;Napoli;Juventus;2;1;1;1;0,2541;0,4374;0,3085
34348;2020-01-26;T19-20;I1;Roma;Lazio;1;1;0;1;0,2068;0,6488;0,1444
34347;2020-01-26;T19-20;I1;Verona;Lecce;3;0;1;1;0,3036;0,4958;0,2006
34346;2020-01-26;T19-20;I1;Sampdoria;Sassuolo;0;0;0;1;0,2966;0,4032;0,3001
34345;2020-01-26;T19-20;I1;Parma;Udinese;2;0;1;1;0,2953;0,4499;0,2549
34344;2020-01-26;T19-20;I1;Inter;Cagliari;1;1;0;1;0,1954;0,6969;0,1077
44335;2020-01-26;T19-20;SP1;Celta;Eibar;0;0;0;1;0,3062;0,3639;0,3298
15791;2020-01-29;T19-20;E0;West Ham;Liverpool;0;2;2;2;0,1935;0,1757;0,6308
5857;2020-01-31;T19-20;D1;Hertha;Schalke 04;0;0;0;1;0,2864;0,4083;0,3053
26042;2020-01-31;T19-20;F1;Rennes;Nantes;3;2;1;1;0,2724;0,5567;0,171
56173;2020-01-31;T19-20;SP2;Tenerife;Sp Gijon;2;1;1;2;0,2391;0,3749;0,3861
26047;2020-02-01;T19-20;F1;Nimes;Monaco;3;1;1;1;0,285;0,3685;0,3465
26046;2020-02-01;T19-20;F1;Dijon;Brest;3;0;1;1;0,3129;0,4091;0,278
26048;2020-02-01;T19-20;F1;Strasbourg;Lille;1;2;2;2;0,2533;0,3054;0,4413
34350;2020-02-01;T19-20;I1;Bologna;Brescia;2;1;1;1;0,2858;0,4695;0,2447
34351;2020-02-01;T19-20;I1;Cagliari;Parma;2;2;0;1;0,2979;0,4608;0,2413
34352;2020-02-01;T19-20;I1;Sassuolo;Roma;4;2;1;2;0,2275;0,2106;0,5619
56176;2020-02-01;T19-20;SP2;Ponferradina;Huesca;3;1;1;2;0,2597;0,298;0,4423
44341;2020-02-01;T19-20;SP1;Mallorca;Valladolid;0;1;2;1;0,3062;0,3508;0,343
44342;2020-02-01;T19-20;SP1;Valencia;Celta;1;0;1;1;0,2987;0,4641;0,2371
56174;2020-02-01;T19-20;SP2;Extremadura;Lugo;1;0;1;1;0,3174;0,4253;0,2573
56175;2020-02-01;T19-20;SP2;La Coruna;Las Palmas;2;1;1;1;0,3345;0,3924;0,2731
56177;2020-02-01;T19-20;SP2;Elche;Malaga;2;0;1;1;0,2932;0,3928;0,314
26045;2020-02-01;T19-20;F1;Angers;Reims;1;4;2;1;0,2675;0,3929;0,3396
44340;2020-02-01;T19-20;SP1;Real Madrid;Ath Madrid;1;0;1;1;0,141;0,8079;0,0511
26044;2020-02-01;T19-20;F1;Amiens;Toulouse;0;0;0;1;0,2891;0,4196;0,2913
44339;2020-02-01;T19-20;SP1;Granada;Espanol;2;1;1;2;0,2865;0,3456;0,3679
15799;2020-02-01;T19-20;E0;Man United;Wolves;0;0;0;1;0,1978;0,6519;0,1503
5858;2020-02-01;T19-20;D1;Augsburg;Werder Bremen;2;1;1;1;0,3042;0,4274;0,2684
5860;2020-02-01;T19-20;D1;Fortuna Dusseldorf;Ein Frankfurt;1;1;0;2;0,2848;0,3239;0,3913
5861;2020-02-01;T19-20;D1;Hoffenheim;Leverkusen;2;1;1;2;0,2699;0,3509;0,3792
5862;2020-02-01;T19-20;D1;Mainz;Bayern Munich;1;3;2;2;0,1731;0,1445;0,6824
5863;2020-02-01;T19-20;D1;RB Leipzig;M'gladbach;2;2;0;1;0,1993;0,6511;0,1495
15792;2020-02-01;T19-20;E0;Leicester;Chelsea;2;2;0;1;0,2639;0,4164;0,3197
5859;2020-02-01;T19-20;D1;Dortmund;Union Berlin;5;0;1;1;0,1605;0,7624;0,0771
15793;2020-02-01;T19-20;E0;Bournemouth;Aston Villa;2;1;1;1;0,308;0,4355;0,2565
15794;2020-02-01;T19-20;E0;Crystal Palace;Sheffield United;0;1;2;1;0,2542;0,3942;0,3515
15795;2020-02-01;T19-20;E0;Liverpool;Southampton;4;0;1;1;0,1613;0,764;0,0747
15796;2020-02-01;T19-20;E0;Newcastle;Norwich;0;0;0;1;0,3109;0,4369;0,2522
15797;2020-02-01;T19-20;E0;Watford;Everton;2;3;2;2;0,278;0,2996;0,4225
15798;2020-02-01;T19-20;E0;West Ham;Brighton;3;3;0;1;0,2947;0,4418;0,2635
26043;2020-02-01;T19-20;F1;Paris SG;Montpellier;5;0;1;1;0,2072;0,7284;0,0643
44345;2020-02-02;T19-20;SP1;Ath Bilbao;Getafe;0;2;2;1;0,2965;0,4223;0,2812
44346;2020-02-02;T19-20;SP1;Sevilla;Alaves;1;1;0;1;0,2223;0,6569;0,1208
44347;2020-02-02;T19-20;SP1;Villarreal;Osasuna;3;1;1;1;0,294;0,4906;0,2154
44348;2020-02-02;T19-20;SP1;Barcelona;Levante;2;1;1;1;0,2129;0,6422;0,1449
56178;2020-02-02;T19-20;SP2;Fuenlabrada;Girona;0;1;2;1;0,3185;0,4476;0,2338
56181;2020-02-02;T19-20;SP2;Numancia;Almeria;1;1;0;1;0,2826;0,3601;0,3573
56180;2020-02-02;T19-20;SP2;Mirandes;Vallecano;0;0;0;1;0,3055;0,3793;0,3152
56182;2020-02-02;T19-20;SP2;Oviedo;Albacete;3;1;1;2;0,2685;0,3311;0,4004
56183;2020-02-02;T19-20;SP2;Santander;Alcorcon;1;1;0;2;0,2868;0,2708;0,4424
44344;2020-02-02;T19-20;SP1;Eibar;Betis;1;1;0;1;0,3053;0,4072;0,2876
56179;2020-02-02;T19-20;SP2;Cadiz;Zaragoza;1;1;0;1;0,2905;0,4783;0,2311
44343;2020-02-02;T19-20;SP1;Leganes;Sociedad;2;1;1;1;0,2659;0,3834;0,3506
34354;2020-02-02;T19-20;I1;Atalanta;Genoa;2;2;0;1;0,2127;0,6515;0,1358
34357;2020-02-02;T19-20;I1;Lecce;Torino;4;0;1;1;0,2597;0,3913;0,349
5864;2020-02-02;T19-20;D1;FC Koln;Freiburg;4;0;1;1;0,3273;0,3659;0,3068
5865;2020-02-02;T19-20;D1;Paderborn;Wolfsburg;2;4;2;2;0,2738;0,3404;0,3858
34358;2020-02-02;T19-20;I1;Udinese;Inter;0;2;2;2;0,2011;0,1834;0,6155
15801;2020-02-02;T19-20;E0;Tottenham;Man City;2;0;1;2;0,2461;0,3059;0,448
26049;2020-02-02;T19-20;F1;Nice;Lyon;2;1;1;2;0,2519;0,2575;0,4906
15800;2020-02-02;T19-20;E0;Burnley;Arsenal;0;0;0;2;0,2214;0,2457;0,5328
26051;2020-02-02;T19-20;F1;Bordeaux;Marseille;0;0;0;2;0,2711;0,2845;0,4445
34353;2020-02-02;T19-20;I1;Juventus;Fiorentina;3;0;1;1;0,1855;0,695;0,1195
34355;2020-02-02;T19-20;I1;Lazio;Spal;5;1;1;1;0,1937;0,709;0,0973
34356;2020-02-02;T19-20;I1;Milan;Verona;1;1;0;1;0,2172;0,6026;0,1802
26050;2020-02-02;T19-20;F1;Metz;St Etienne;3;1;1;2;0,2275;0,2586;0,5139
34359;2020-02-03;T19-20;I1;Sampdoria;Napoli;2;4;2;2;0,2628;0,2277;0,5095
26052;2020-02-04;T19-20;F1;Lille;Rennes;1;0;1;1;0,2807;0,4441;0,2751
26053;2020-02-04;T19-20;F1;Monaco;Angers;1;0;1;1;0,3185;0,4739;0,2075
26054;2020-02-04;T19-20;F1;Nantes;Paris SG;1;2;2;2;0,1986;0,1894;0,6119
26060;2020-02-05;T19-20;F1;Toulouse;Strasbourg;0;1;2;1;0,3149;0,378;0,3071
34360;2020-02-05;T19-20;I1;Lazio;Verona;0;0;0;1;0,1951;0,6826;0,1223
26061;2020-02-05;T19-20;F1;St Etienne;Marseille;0;2;2;2;0,2799;0,3126;0,4074
26059;2020-02-05;T19-20;F1;Reims;Nice;1;1;0;1;0,3051;0,3556;0,3393
26057;2020-02-05;T19-20;F1;Montpellier;Metz;1;1;0;1;0,2757;0,5459;0,1784
26058;2020-02-05;T19-20;F1;Nimes;Dijon;2;0;1;1;0,2543;0,6142;0,1315
26056;2020-02-05;T19-20;F1;Lyon;Amiens;0;0;0;1;0,1944;0,7204;0,0851
26055;2020-02-05;T19-20;F1;Brest;Bordeaux;1;1;0;1;0,3157;0,4419;0,2424
5866;2020-02-07;T19-20;D1;Ein Frankfurt;Augsburg;5;0;1;1;0,2949;0,517;0,1881
26062;2020-02-07;T19-20;F1;Angers;Lille;0;2;2;1;0,3252;0,3849;0,2899
34361;2020-02-07;T19-20;I1;Roma;Bologna;2;3;2;1;0,1835;0,6438;0,1728
44349;2020-02-07;T19-20;SP1;Alaves;Eibar;2;1;1;1;0,2756;0,3631;0,3612
56184;2020-02-07;T19-20;SP2;Almeria;Santander;0;1;2;1;0,3104;0,506;0,1836
34363;2020-02-08;T19-20;I1;Torino;Sampdoria;1;3;2;1;0,2959;0,3953;0,3088
34364;2020-02-08;T19-20;I1;Verona;Juventus;2;1;1;2;0,2064;0,2342;0,5595
44350;2020-02-08;T19-20;SP1;Levante;Leganes;2;0;1;1;0,3096;0,4885;0,2018
44351;2020-02-08;T19-20;SP1;Getafe;Valencia;3;0;1;1;0,3013;0,4748;0,2239
44352;2020-02-08;T19-20;SP1;Valladolid;Villarreal;1;1;0;2;0,2987;0,3292;0,3721
26068;2020-02-08;T19-20;F1;Rennes;Brest;0;0;0;1;0,2723;0,57;0,1577
56185;2020-02-08;T19-20;SP2;Extremadura;Tenerife;2;4;2;1;0,2994;0,4062;0,2944
56186;2020-02-08;T19-20;SP2;Girona;Huesca;1;0;1;1;0,2937;0,3569;0,3493
34362;2020-02-08;T19-20;I1;Fiorentina;Atalanta;1;2;2;2;0,2902;0,2802;0,4296
56188;2020-02-08;T19-20;SP2;Zaragoza;Fuenlabrada;0;0;0;1;0,284;0,4649;0,2511
44353;2020-02-08;T19-20;SP1;Ath Madrid;Granada;1;0;1;1;0,256;0,5987;0,1453
56187;2020-02-08;T19-20;SP2;Las Palmas;Cadiz;1;2;2;2;0,2846;0,3195;0,3958
26065;2020-02-08;T19-20;F1;Dijon;Nantes;3;3;0;1;0,2715;0,4264;0,3021
26066;2020-02-08;T19-20;F1;Metz;Bordeaux;1;2;2;1;0,2831;0,3608;0,3561
26064;2020-02-08;T19-20;F1;Amiens;Monaco;1;2;2;2;0,2703;0,3063;0,4233
26063;2020-02-08;T19-20;F1;Marseille;Toulouse;1;0;1;1;0,1961;0,7009;0,103
15803;2020-02-08;T19-20;E0;Brighton;Watford;1;1;0;1;0,3217;0,4577;0,2206
15802;2020-02-08;T19-20;E0;Everton;Crystal Palace;3;1;1;1;0,2782;0,4679;0,254
5872;2020-02-08;T19-20;D1;Leverkusen;Dortmund;4;3;1;2;0,2562;0,3611;0,3827
5871;2020-02-08;T19-20;D1;Wolfsburg;Fortuna Dusseldorf;1;1;0;1;0,2695;0,5732;0,1573
5870;2020-02-08;T19-20;D1;Werder Bremen;Union Berlin;0;2;2;1;0,2723;0,4475;0,2802
5869;2020-02-08;T19-20;D1;Schalke 04;Paderborn;1;1;0;1;0,2643;0,5715;0,1642
5868;2020-02-08;T19-20;D1;Hertha;Mainz;1;3;2;1;0,29;0,3741;0,3359
5867;2020-02-08;T19-20;D1;Freiburg;Hoffenheim;1;0;1;2;0,2718;0,277;0,4512
26067;2020-02-08;T19-20;F1;Nice;Nimes;1;3;2;1;0,3056;0,4723;0,2221
44357;2020-02-09;T19-20;SP1;Celta;Sevilla;2;1;1;2;0,2598;0,2478;0,4925
44356;2020-02-09;T19-20;SP1;Osasuna;Real Madrid;1;4;2;2;0,1752;0,1916;0,6333
56194;2020-02-09;T19-20;SP2;Malaga;Numancia;2;1;1;1;0,2726;0,5548;0,1725
44358;2020-02-09;T19-20;SP1;Betis;Barcelona;2;3;2;2;0,2201;0,1832;0,5967
44355;2020-02-09;T19-20;SP1;Sociedad;Ath Bilbao;2;1;1;1;0,2879;0,4103;0,3018
56190;2020-02-09;T19-20;SP2;Alcorcon;La Coruna;0;1;2;1;0,318;0,4647;0,2172
56191;2020-02-09;T19-20;SP2;Sp Gijon;Mirandes;2;2;0;1;0,3088;0,5089;0,1823
56192;2020-02-09;T19-20;SP2;Lugo;Elche;2;2;0;1;0,3085;0,3885;0,303
56193;2020-02-09;T19-20;SP2;Vallecano;Oviedo;1;1;0;1;0,2182;0,6588;0,123
56189;2020-02-09;T19-20;SP2;Albacete;Ponferradina;1;1;0;1;0,2817;0,4481;0,2702
44354;2020-02-09;T19-20;SP1;Espanol;Mallorca;1;0;1;1;0,3271;0,4313;0,2416
34367;2020-02-09;T19-20;I1;Genoa;Cagliari;1;0;1;1;0,2868;0,3745;0,3387
34369;2020-02-09;T19-20;I1;Parma;Lazio;0;1;2;2;0,2327;0,2366;0,5306
34368;2020-02-09;T19-20;I1;Napoli;Lecce;2;3;2;1;0,1507;0,7588;0,0905
34366;2020-02-09;T19-20;I1;Brescia;Udinese;1;1;0;1;0,2782;0,4067;0,3151
34365;2020-02-09;T19-20;I1;Spal;Sassuolo;1;2;2;1;0,2827;0,37;0,3473
26071;2020-02-09;T19-20;F1;Paris SG;Lyon;4;2;1;1;0,2165;0,644;0,1395
26070;2020-02-09;T19-20;F1;Strasbourg;Reims;3;0;1;2;0,2818;0,3561;0,3621
26069;2020-02-09;T19-20;F1;Montpellier;St Etienne;1;0;1;1;0,2573;0,4193;0,3235
15804;2020-02-09;T19-20;E0;Sheffield United;Bournemouth;2;1;1;1;0,2969;0,4929;0,2102
5873;2020-02-09;T19-20;D1;Bayern Munich;RB Leipzig;0;0;0;1;0,121;0,7966;0,0824
34370;2020-02-09;T19-20;I1;Inter;Milan;4;2;1;1;0,1849;0,6761;0,139
56195;2020-02-14;T19-20;SP2;La Coruna;Girona;2;2;0;2;0,3187;0,3365;0,3448
26072;2020-02-14;T19-20;F1;Monaco;Montpellier;1;0;1;1;0,3427;0,4458;0,2115
44359;2020-02-14;T19-20;SP1;Valencia;Ath Madrid;2;2;0;2;0,2455;0,3122;0,4423
5874;2020-02-14;T19-20;D1;Dortmund;Ein Frankfurt;4;0;1;1;0,2078;0,6483;0,1439
15805;2020-02-14;T19-20;E0;Wolves;Leicester;0;0;0;2;0,2786;0,3123;0,409
34371;2020-02-15;T19-20;I1;Lecce;Spal;2;1;1;1;0,2801;0,4331;0,2868
56199;2020-02-15;T19-20;SP2;Elche;Zaragoza;1;2;2;1;0,3172;0,4358;0,2471
56198;2020-02-15;T19-20;SP2;Oviedo;Alcorcon;1;2;2;1;0,2687;0,3804;0,3509
56197;2020-02-15;T19-20;SP2;Numancia;Las Palmas;1;1;0;1;0,2762;0,3857;0,3381
56196;2020-02-15;T19-20;SP2;Huesca;Almeria;3;2;1;1;0,2942;0,4289;0,2769
44363;2020-02-15;T19-20;SP1;Granada;Valladolid;2;1;1;1;0,2619;0,3889;0,3492
44362;2020-02-15;T19-20;SP1;Villarreal;Levante;2;1;1;1;0,3013;0,4634;0,2354
44361;2020-02-15;T19-20;SP1;Barcelona;Getafe;2;1;1;1;0,193;0,7523;0,0547
44360;2020-02-15;T19-20;SP1;Mallorca;Alaves;1;0;1;1;0,3232;0,355;0,3217
34373;2020-02-15;T19-20;I1;Atalanta;Roma;2;1;1;1;0,2277;0,5905;0,1818
34372;2020-02-15;T19-20;I1;Bologna;Genoa;0;3;2;1;0,2686;0,4648;0,2666
26077;2020-02-15;T19-20;F1;Toulouse;Nice;0;2;2;2;0,2939;0,3278;0,3783
26075;2020-02-15;T19-20;F1;Nantes;Metz;0;0;0;1;0,3116;0,4809;0,2075
26074;2020-02-15;T19-20;F1;Bordeaux;Dijon;2;2;0;1;0,3164;0,4773;0,2063
26073;2020-02-15;T19-20;F1;Amiens;Paris SG;4;4;0;2;0,1904;0,1648;0,6448
15807;2020-02-15;T19-20;E0;Norwich;Liverpool;0;1;2;2;0,1916;0,171;0,6374
15806;2020-02-15;T19-20;E0;Southampton;Burnley;1;2;2;1;0,3027;0,5358;0,1615
5880;2020-02-15;T19-20;D1;Fortuna Dusseldorf;M'gladbach;1;4;2;2;0,246;0,252;0,502
5879;2020-02-15;T19-20;D1;Union Berlin;Leverkusen;2;3;2;2;0,2505;0,2651;0,4844
5878;2020-02-15;T19-20;D1;RB Leipzig;Werder Bremen;3;0;1;1;0,1945;0,6836;0,1219
5877;2020-02-15;T19-20;D1;Paderborn;Hertha;1;2;2;1;0,3131;0,4016;0,2853
5876;2020-02-15;T19-20;D1;Hoffenheim;Wolfsburg;2;3;2;1;0,3047;0,3978;0,2976
5875;2020-02-15;T19-20;D1;Augsburg;Freiburg;1;1;0;1;0,3108;0,3995;0,2897
26076;2020-02-15;T19-20;F1;Nimes;Angers;1;0;1;1;0,2907;0,3989;0,3104
34379;2020-02-16;T19-20;I1;Lazio;Inter;2;1;1;1;0,2768;0,3892;0,334
44364;2020-02-16;T19-20;SP1;Sevilla;Espanol;2;2;0;1;0,2243;0,6456;0,1301
44365;2020-02-16;T19-20;SP1;Leganes;Betis;0;0;0;1;0,2876;0,3807;0,3317
44366;2020-02-16;T19-20;SP1;Ath Bilbao;Osasuna;0;1;2;1;0,3086;0,4659;0,2255
44367;2020-02-16;T19-20;SP1;Real Madrid;Celta;2;2;0;1;0,1394;0,8121;0,0485
56204;2020-02-16;T19-20;SP2;Santander;Sp Gijon;0;2;2;2;0,2651;0,2648;0,4701
56201;2020-02-16;T19-20;SP2;Mirandes;Albacete;1;1;0;2;0,2645;0,3075;0,428
56205;2020-02-16;T19-20;SP2;Tenerife;Vallecano;0;0;0;1;0,2603;0,4475;0,2922
56202;2020-02-16;T19-20;SP2;Cadiz;Malaga;0;1;2;1;0,273;0,5423;0,1847
56203;2020-02-16;T19-20;SP2;Ponferradina;Extremadura;0;0;0;1;0,3048;0,4978;0,1974
56200;2020-02-16;T19-20;SP2;Fuenlabrada;Lugo;0;1;2;1;0,3119;0,4493;0,2388
34378;2020-02-16;T19-20;I1;Cagliari;Napoli;0;1;2;2;0,2066;0,1886;0,6049
15809;2020-02-16;T19-20;E0;Arsenal;Newcastle;4;0;1;1;0,2874;0,5238;0,1888
34376;2020-02-16;T19-20;I1;Sampdoria;Fiorentina;1;5;2;1;0,294;0,3635;0,3425
34375;2020-02-16;T19-20;I1;Juventus;Brescia;2;0;1;1;0,1873;0,7021;0,1107
34374;2020-02-16;T19-20;I1;Udinese;Verona;0;0;0;1;0,2988;0,395;0,3062
26081;2020-02-16;T19-20;F1;Lille;Marseille;1;2;2;1;0,2896;0,3765;0,3339
26080;2020-02-16;T19-20;F1;Reims;Rennes;1;0;1;2;0,2671;0,3453;0,3875
26079;2020-02-16;T19-20;F1;Brest;St Etienne;3;2;1;2;0,2686;0,3642;0,3672
26078;2020-02-16;T19-20;F1;Lyon;Strasbourg;1;1;0;1;0,2096;0,6873;0,1031
15808;2020-02-16;T19-20;E0;Aston Villa;Tottenham;2;3;2;2;0,2545;0,2904;0,455
5882;2020-02-16;T19-20;D1;Mainz;Schalke 04;0;0;0;1;0,2822;0,3968;0,321
5881;2020-02-16;T19-20;D1;FC Koln;Bayern Munich;1;4;2;2;0,21;0,1641;0,6259
34377;2020-02-16;T19-20;I1;Sassuolo;Parma;0;1;2;1;0,3286;0,4262;0,2451
34380;2020-02-17;T19-20;I1;Milan;Torino;1;0;1;1;0,2185;0,6336;0,148
56206;2020-02-19;T19-20;SP2;Mirandes;Zaragoza;1;1;0;2;0,29;0,3254;0,3846
56207;2020-02-21;T19-20;SP2;Sp Gijon;Cadiz;1;0;1;1;0,2938;0,48;0,2261
44368;2020-02-21;T19-20;SP1;Betis;Mallorca;3;3;0;1;0,3148;0,4336;0,2516
34381;2020-02-21;T19-20;I1;Brescia;Napoli;1;2;2;2;0,1934;0,1351;0,6715
26082;2020-02-21;T19-20;F1;Nice;Brest;2;2;0;1;0,321;0,4761;0,2029
5883;2020-02-21;T19-20;D1;Bayern Munich;Paderborn;3;2;1;1;0,1085;0,8558;0,0356
26083;2020-02-21;T19-20;F1;Metz;Lyon;0;2;2;2;0,2041;0,2202;0,5757
34382;2020-02-22;T19-20;I1;Bologna;Udinese;1;1;0;1;0,2852;0,458;0,2569
34383;2020-02-22;T19-20;I1;Spal;Juventus;1;2;2;2;0,1756;0,1889;0,6355
34384;2020-02-22;T19-20;I1;Fiorentina;Milan;1;1;0;2;0,2824;0,3414;0,3762
44369;2020-02-22;T19-20;SP1;Celta;Leganes;1;0;1;1;0,306;0,4412;0,2528
44370;2020-02-22;T19-20;SP1;Barcelona;Eibar;5;0;1;1;0,2177;0,6402;0,142
44371;2020-02-22;T19-20;SP1;Sociedad;Valencia;3;0;1;1;0,282;0,4558;0,2622
44372;2020-02-22;T19-20;SP1;Levante;Real Madrid;1;0;1;2;0,207;0,1722;0,6208
56209;2020-02-22;T19-20;SP2;Almeria;Fuenlabrada;0;0;0;1;0,2821;0,5376;0,1804
56210;2020-02-22;T19-20;SP2;Girona;Ponferradina;2;0;1;1;0,2841;0,5075;0,2084
56211;2020-02-22;T19-20;SP2;Tenerife;Elche;1;0;1;1;0,2708;0,4874;0,2418
56212;2020-02-22;T19-20;SP2;Albacete;Numancia;2;1;1;1;0,2311;0,4138;0,3551
26088;2020-02-22;T19-20;F1;Strasbourg;Amiens;0;0;0;1;0,2401;0,6266;0,1333
56208;2020-02-22;T19-20;SP2;Alcorcon;Las Palmas;1;1;0;1;0,3173;0,4485;0,2341
26087;2020-02-22;T19-20;F1;Lille;Toulouse;3;0;1;1;0,2304;0,6565;0,1131
5885;2020-02-22;T19-20;D1;Hertha;FC Koln;0;5;2;1;0,3175;0,4054;0,2771
26085;2020-02-22;T19-20;F1;Angers;Montpellier;1;0;1;1;0,2978;0,3911;0,3111
5884;2020-02-22;T19-20;D1;Freiburg;Fortuna Dusseldorf;0;2;2;1;0,3191;0,4723;0,2086
5886;2020-02-22;T19-20;D1;M'gladbach;Hoffenheim;1;1;0;1;0,2735;0,3765;0,35
5887;2020-02-22;T19-20;D1;Werder Bremen;Dortmund;0;2;2;2;0,2451;0,2931;0,4618
5888;2020-02-22;T19-20;D1;Schalke 04;RB Leipzig;0;5;2;2;0,2206;0,2506;0,5289
15812;2020-02-22;T19-20;E0;Chelsea;Tottenham;2;1;1;1;0,2874;0,3923;0,3203
26086;2020-02-22;T19-20;F1;Dijon;Monaco;1;1;0;2;0,2645;0,3413;0,3942
15814;2020-02-22;T19-20;E0;Crystal Palace;Newcastle;1;0;1;1;0,2908;0,4545;0,2547
15815;2020-02-22;T19-20;E0;Sheffield United;Brighton;1;1;0;1;0,2866;0,5323;0,1812
15816;2020-02-22;T19-20;E0;Southampton;Aston Villa;2;0;1;1;0,3127;0,4219;0,2653
15817;2020-02-22;T19-20;E0;Leicester;Man City;0;1;2;2;0,2392;0,3435;0,4173
26084;2020-02-22;T19-20;F1;Marseille;Nantes;1;3;2;1;0,2784;0,5029;0,2187
15813;2020-02-22;T19-20;E0;Burnley;Bournemouth;3;0;1;1;0,2809;0,4284;0,2906
44374;2020-02-23;T19-20;SP1;Alaves;Ath Bilbao;2;1;1;2;0,2594;0,3166;0,424
56217;2020-02-23;T19-20;SP2;Vallecano;Huesca;2;0;1;1;0,293;0,4587;0,2483
56216;2020-02-23;T19-20;SP2;Malaga;Santander;2;0;1;1;0,2731;0,5654;0,1615
56215;2020-02-23;T19-20;SP2;Extremadura;Mirandes;3;2;1;1;0,3129;0,4634;0,2237
56214;2020-02-23;T19-20;SP2;Zaragoza;La Coruna;3;1;1;1;0,263;0,5831;0,1538
56213;2020-02-23;T19-20;SP2;Lugo;Oviedo;1;0;1;2;0,284;0,3573;0,3586
44377;2020-02-23;T19-20;SP1;Ath Madrid;Villarreal;3;1;1;1;0,2796;0,5501;0,1703
44376;2020-02-23;T19-20;SP1;Getafe;Sevilla;0;3;2;1;0,3026;0,3895;0,3079
44375;2020-02-23;T19-20;SP1;Valladolid;Espanol;2;1;1;1;0,2981;0,4079;0,294
44373;2020-02-23;T19-20;SP1;Osasuna;Granada;0;3;2;1;0,2738;0,5054;0,2208
26089;2020-02-23;T19-20;F1;St Etienne;Reims;1;1;0;1;0,3062;0,4678;0,226
34385;2020-02-23;T19-20;I1;Genoa;Lazio;2;3;2;2;0,2393;0,2679;0,4928
26091;2020-02-23;T19-20;F1;Paris SG;Bordeaux;4;3;1;1;0,2009;0,7446;0,0545
26090;2020-02-23;T19-20;F1;Rennes;Nimes;2;1;1;1;0,309;0,4515;0,2396
15820;2020-02-23;T19-20;E0;Arsenal;Everton;3;2;1;1;0,3064;0,3879;0,3057
15819;2020-02-23;T19-20;E0;Wolves;Norwich;3;0;1;1;0,2821;0,5411;0,1768
15818;2020-02-23;T19-20;E0;Man United;Watford;3;0;1;1;0,1977;0,6982;0,1041
5890;2020-02-23;T19-20;D1;Wolfsburg;Mainz;4;0;1;1;0,2857;0,4776;0,2367
5889;2020-02-23;T19-20;D1;Leverkusen;Augsburg;2;0;1;1;0,2093;0,6794;0,1113
34386;2020-02-23;T19-20;I1;Roma;Lecce;4;0;1;1;0,1791;0,6597;0,1612
5891;2020-02-24;T19-20;D1;Ein Frankfurt;Union Berlin;1;2;2;1;0,3009;0,5084;0,1907
15821;2020-02-24;T19-20;E0;Liverpool;West Ham;3;2;1;1;0,1475;0,7867;0,0658
56218;2020-02-28;T19-20;SP2;Las Palmas;Malaga;1;1;0;1;0,2876;0,4632;0,2492
44378;2020-02-28;T19-20;SP1;Sociedad;Valladolid;1;0;1;1;0,3086;0,4784;0,213
26092;2020-02-28;T19-20;F1;Nimes;Marseille;2;3;2;2;0,2771;0,3227;0,4002
15822;2020-02-28;T19-20;E0;Norwich;Leicester;1;0;1;2;0,2249;0,2318;0,5433
5892;2020-02-28;T19-20;D1;Fortuna Dusseldorf;Hertha;3;3;0;1;0,2837;0,4442;0,2721
56223;2020-02-29;T19-20;SP2;Santander;Zaragoza;2;2;0;2;0,2866;0,2305;0,4829
56222;2020-02-29;T19-20;SP2;Albacete;Vallecano;1;1;0;2;0,2872;0,3222;0,3906
56221;2020-02-29;T19-20;SP2;Cadiz;Almeria;2;1;1;1;0,2953;0,5203;0,1844
56220;2020-02-29;T19-20;SP2;Ponferradina;Sp Gijon;1;0;1;2;0,2525;0,2722;0,4752
56219;2020-02-29;T19-20;SP2;Huesca;Extremadura;2;2;0;1;0,2652;0,5747;0,1601
44382;2020-02-29;T19-20;SP1;Granada;Celta;0;0;0;1;0,2822;0,4443;0,2735
44381;2020-02-29;T19-20;SP1;Leganes;Alaves;1;1;0;1;0,2883;0,3923;0,3195
44380;2020-02-29;T19-20;SP1;Valencia;Betis;2;1;1;1;0,3093;0,4174;0,2733
44379;2020-02-29;T19-20;SP1;Eibar;Levante;3;0;1;1;0,299;0,4561;0,2449
34388;2020-02-29;T19-20;I1;Napoli;Torino;2;1;1;1;0,1447;0,7751;0,0802
26098;2020-02-29;T19-20;F1;Toulouse;Rennes;0;2;2;2;0,2744;0,3166;0,409
26097;2020-02-29;T19-20;F1;Montpellier;Strasbourg;3;0;1;1;0,3038;0,4699;0,2262
26096;2020-02-29;T19-20;F1;Monaco;Reims;1;1;0;1;0,2904;0,5435;0,1661
34387;2020-02-29;T19-20;I1;Lazio;Bologna;2;0;1;1;0,202;0,6566;0,1414
26094;2020-02-29;T19-20;F1;Amiens;Metz;0;1;2;1;0,3105;0,4401;0,2494
5893;2020-02-29;T19-20;D1;Augsburg;M'gladbach;2;3;2;2;0,2273;0,2363;0,5364
5894;2020-02-29;T19-20;D1;Dortmund;Freiburg;1;0;1;1;0,1924;0,7084;0,0993
26095;2020-02-29;T19-20;F1;Brest;Angers;0;1;2;1;0,3038;0,3625;0,3337
5896;2020-02-29;T19-20;D1;Mainz;Paderborn;2;0;1;1;0,3118;0,4712;0,2169
5897;2020-02-29;T19-20;D1;FC Koln;Schalke 04;3;0;1;1;0,3261;0,4063;0,2676
15823;2020-02-29;T19-20;E0;Brighton;Crystal Palace;0;1;2;1;0,2708;0,3715;0,3576
5895;2020-02-29;T19-20;D1;Hoffenheim;Bayern Munich;0;6;2;2;0,2434;0,2721;0,4844
15825;2020-02-29;T19-20;E0;Newcastle;Burnley;0;0;0;1;0,2965;0,3676;0,3358
15826;2020-02-29;T19-20;E0;West Ham;Southampton;3;1;1;2;0,2801;0,3351;0,3849
15827;2020-02-29;T19-20;E0;Watford;Liverpool;3;0;1;2;0,1877;0,1711;0,6412
26093;2020-02-29;T19-20;F1;Paris SG;Dijon;4;0;1;1;0,2146;0,7294;0,056
15824;2020-02-29;T19-20;E0;Bournemouth;Chelsea;2;2;0;2;0,1998;0,1925;0,6078
44384;2020-03-01;T19-20;SP1;Ath Bilbao;Villarreal;1;0;1;1;0,31;0,4064;0,2837
56227;2020-03-01;T19-20;SP2;Fuenlabrada;Alcorcon;3;4;2;1;0,3203;0,3989;0,2808
56226;2020-03-01;T19-20;SP2;La Coruna;Lugo;0;0;0;1;0,3251;0,4419;0,233
56225;2020-03-01;T19-20;SP2;Elche;Numancia;2;0;1;1;0,2788;0,4138;0,3075
56224;2020-03-01;T19-20;SP2;Mirandes;Girona;1;1;0;2;0,2822;0,3037;0,414
44387;2020-03-01;T19-20;SP1;Real Madrid;Barcelona;2;0;1;1;0,2649;0,3704;0,3647
56228;2020-03-01;T19-20;SP2;Oviedo;Tenerife;1;0;1;1;0,2831;0,4269;0,29
44385;2020-03-01;T19-20;SP1;Espanol;Ath Madrid;1;1;0;2;0,2194;0,2403;0,5403
44383;2020-03-01;T19-20;SP1;Sevilla;Osasuna;3;2;1;1;0,2204;0,6431;0,1366
44386;2020-03-01;T19-20;SP1;Mallorca;Getafe;0;1;2;1;0,3026;0,3558;0,3416
34389;2020-03-01;T19-20;I1;Lecce;Atalanta;2;7;2;2;0,2471;0,2397;0,5132
26101;2020-03-01;T19-20;F1;Lyon;St Etienne;2;0;1;1;0,1876;0,6985;0,1139
26100;2020-03-01;T19-20;F1;Bordeaux;Nice;1;1;0;2;0,2757;0,3586;0,3656
26099;2020-03-01;T19-20;F1;Nantes;Lille;0;1;2;1;0,2987;0,3844;0,317
15829;2020-03-01;T19-20;E0;Tottenham;Wolves;2;3;2;1;0,2343;0,5858;0,1799
15828;2020-03-01;T19-20;E0;Everton;Man United;1;1;0;1;0,2831;0,369;0,3479
5899;2020-03-01;T19-20;D1;RB Leipzig;Leverkusen;1;1;0;1;0,2419;0,5268;0,2313
5898;2020-03-01;T19-20;D1;Union Berlin;Wolfsburg;2;2;0;2;0,2875;0,344;0,3685
34390;2020-03-01;T19-20;I1;Cagliari;Roma;3;4;2;2;0,2334;0,2467;0,5199
44388;2020-03-06;T19-20;SP1;Alaves;Valencia;1;1;0;1;0,2429;0,3938;0,3633
56229;2020-03-06;T19-20;SP2;Lugo;Cadiz;1;1;0;2;0,224;0,2216;0,5544
5900;2020-03-06;T19-20;D1;Paderborn;FC Koln;1;2;2;2;0,2751;0,2886;0,4363
26102;2020-03-06;T19-20;F1;Marseille;Amiens;2;2;0;1;0,1905;0,7184;0,091
26105;2020-03-07;T19-20;F1;Metz;Nimes;2;1;1;1;0,2852;0,379;0,3358
56234;2020-03-07;T19-20;SP2;Almeria;La Coruna;4;0;1;1;0,3079;0,4472;0,2449
56233;2020-03-07;T19-20;SP2;Numancia;Santander;1;2;2;1;0,2987;0,4649;0,2364
56232;2020-03-07;T19-20;SP2;Huesca;Fuenlabrada;2;0;1;1;0,2883;0,5297;0,1821
56231;2020-03-07;T19-20;SP2;Girona;Albacete;1;1;0;1;0,2637;0,5435;0,1928
56230;2020-03-07;T19-20;SP2;Extremadura;Oviedo;1;2;2;1;0,3171;0,4191;0,2639
44392;2020-03-07;T19-20;SP1;Getafe;Celta;0;0;0;1;0,2817;0,5425;0,1758
44391;2020-03-07;T19-20;SP1;Barcelona;Sociedad;1;0;1;1;0,2099;0,7306;0,0596
44390;2020-03-07;T19-20;SP1;Ath Madrid;Sevilla;2;2;0;1;0,2621;0,5269;0,2109
44389;2020-03-07;T19-20;SP1;Eibar;Mallorca;1;2;2;1;0,3232;0,4411;0,2356
26107;2020-03-07;T19-20;F1;Reims;Brest;1;0;1;1;0,312;0,4285;0,2595
26106;2020-03-07;T19-20;F1;Nice;Monaco;2;1;1;1;0,3162;0,4007;0,2831
26104;2020-03-07;T19-20;F1;Dijon;Toulouse;2;1;1;1;0,2913;0,4474;0,2613
15835;2020-03-07;T19-20;E0;Wolves;Brighton;0;0;0;1;0,2446;0,5978;0,1576
15836;2020-03-07;T19-20;E0;Burnley;Tottenham;1;1;0;2;0,2412;0,2736;0,4852
5901;2020-03-07;T19-20;D1;Freiburg;Union Berlin;3;1;1;1;0,3022;0,4586;0,2391
5902;2020-03-07;T19-20;D1;Hertha;Werder Bremen;2;2;0;1;0,2948;0,4296;0,2756
26103;2020-03-07;T19-20;F1;Angers;Nantes;2;0;1;1;0,2853;0,4271;0,2876
5904;2020-03-07;T19-20;D1;Schalke 04;Hoffenheim;1;1;0;1;0,2817;0,3671;0,3512
5905;2020-03-07;T19-20;D1;Wolfsburg;RB Leipzig;0;0;0;2;0,2857;0,3488;0,3655
5906;2020-03-07;T19-20;D1;M'gladbach;Dortmund;1;2;2;1;0,2659;0,3727;0,3614
5903;2020-03-07;T19-20;D1;Leverkusen;Ein Frankfurt;4;0;1;1;0,2049;0,6547;0,1404
15831;2020-03-07;T19-20;E0;Arsenal;West Ham;1;0;1;1;0,1992;0,6782;0,1226
15832;2020-03-07;T19-20;E0;Crystal Palace;Watford;1;0;1;1;0,2971;0,4453;0,2576
15833;2020-03-07;T19-20;E0;Sheffield United;Norwich;1;0;1;1;0,3097;0,4924;0,1979
15834;2020-03-07;T19-20;E0;Southampton;Newcastle;0;1;2;1;0,308;0,5294;0,1626
15830;2020-03-07;T19-20;E0;Liverpool;Bournemouth;2;1;1;1;0,1648;0,7382;0,097
44395;2020-03-08;T19-20;SP1;Levante;Granada;1;1;0;1;0,2835;0,5187;0,1978
56238;2020-03-08;T19-20;SP2;Sp Gijon;Las Palmas;4;0;1;1;0,2986;0,5133;0,1881
56239;2020-03-08;T19-20;SP2;Tenerife;Ponferradina;1;0;1;1;0,3077;0,4517;0,2406
56237;2020-03-08;T19-20;SP2;Alcorcon;Mirandes;1;2;2;1;0,3106;0,4899;0,1995
56236;2020-03-08;T19-20;SP2;Malaga;Zaragoza;0;1;2;1;0,3221;0,468;0,2099
56235;2020-03-08;T19-20;SP2;Vallecano;Elche;2;3;2;1;0,2346;0,6305;0,1348
44397;2020-03-08;T19-20;SP1;Betis;Real Madrid;2;1;1;2;0,2048;0,1907;0,6045
44396;2020-03-08;T19-20;SP1;Villarreal;Leganes;1;2;2;1;0,3068;0,4559;0,2373
44394;2020-03-08;T19-20;SP1;Valladolid;Ath Bilbao;1;4;2;2;0,2531;0,3128;0,4341
5908;2020-03-08;T19-20;D1;Mainz;Fortuna Dusseldorf;1;1;0;1;0,322;0,4438;0,2342
34394;2020-03-08;T19-20;I1;Udinese;Fiorentina;0;0;0;2;0,2929;0,3314;0,3757
5907;2020-03-08;T19-20;D1;Bayern Munich;Augsburg;2;0;1;1;0,1005;0,8699;0,0297
15837;2020-03-08;T19-20;E0;Chelsea;Everton;4;0;1;1;0,237;0,605;0,1579
15838;2020-03-08;T19-20;E0;Man United;Man City;2;0;1;2;0,2488;0,3368;0,4144
44393;2020-03-08;T19-20;SP1;Osasuna;Espanol;1;0;1;1;0,285;0,4722;0,2428
26109;2020-03-08;T19-20;F1;Rennes;Montpellier;5;0;1;1;0,3223;0,4705;0,2072
26110;2020-03-08;T19-20;F1;Lille;Lyon;1;0;1;1;0,2798;0,3802;0,34
34392;2020-03-08;T19-20;I1;Milan;Genoa;1;2;2;1;0,2123;0,6078;0,1799
26108;2020-03-08;T19-20;F1;St Etienne;Bordeaux;1;1;0;1;0,287;0,4174;0,2956
44398;2020-03-10;T19-20;SP1;Eibar;Sociedad;1;2;2;1;0,3054;0,3721;0,3226
5909;2020-03-11;T19-20;D1;M'gladbach;FC Koln;2;1;1;1;0,231;0,5872;0,1818
5928;2020-05-26;T19-20;D1;Dortmund;Bayern Munich;0;1;2;2;0,2554;0,315;0,4296
5929;2020-05-26;T19-20;D1;Ein Frankfurt;Freiburg;3;3;0;1;0,32;0,3785;0,3015
5930;2020-05-26;T19-20;D1;Leverkusen;Wolfsburg;1;4;2;1;0,1896;0,6955;0,1149
5931;2020-05-26;T19-20;D1;Werder Bremen;M'gladbach;0;0;0;2;0,2339;0,281;0,4851
5935;2020-05-27;T19-20;D1;Hoffenheim;FC Koln;3;1;1;1;0,23;0,5907;0,1792
5936;2020-05-27;T19-20;D1;Union Berlin;Mainz;1;1;0;1;0,2975;0,4179;0,2846
5933;2020-05-27;T19-20;D1;Augsburg;Paderborn;0;0;0;1;0,3053;0,4408;0,2539
5932;2020-05-27;T19-20;D1;RB Leipzig;Hertha;2;2;0;1;0,1902;0,6842;0,1256
5934;2020-05-27;T19-20;D1;Fortuna Dusseldorf;Schalke 04;2;1;1;1;0,2903;0,417;0,2927
5937;2020-05-29;T19-20;D1;Freiburg;Leverkusen;0;1;2;2;0,2386;0,2237;0,5377
5938;2020-05-30;T19-20;D1;Hertha;Augsburg;2;0;1;1;0,3216;0,449;0,2293
5939;2020-05-30;T19-20;D1;Mainz;Hoffenheim;0;1;2;2;0,2497;0,2734;0,4769
5940;2020-05-30;T19-20;D1;Schalke 04;Werder Bremen;0;1;2;1;0,3255;0,3928;0,2816
5941;2020-05-30;T19-20;D1;Wolfsburg;Ein Frankfurt;1;2;2;1;0,2741;0,4816;0,2443
5942;2020-05-30;T19-20;D1;Bayern Munich;Fortuna Dusseldorf;5;0;1;1;0,1061;0,8601;0,0337
5943;2020-05-31;T19-20;D1;M'gladbach;Union Berlin;4;1;1;1;0,212;0,6666;0,1214
5944;2020-05-31;T19-20;D1;Paderborn;Dortmund;1;6;2;2;0,2608;0,2819;0,4573
5945;2020-06-01;T19-20;D1;FC Koln;RB Leipzig;2;4;2;2;0,2337;0,2569;0,5094
5946;2020-06-03;T19-20;D1;Werder Bremen;Ein Frankfurt;0;3;2;2;0,2658;0,3271;0,4071
5947;2020-06-05;T19-20;D1;Freiburg;M'gladbach;1;0;1;2;0,2376;0,2542;0,5083
5952;2020-06-06;T19-20;D1;Dortmund;Hertha;1;0;1;1;0,186;0,7137;0,1003
5951;2020-06-06;T19-20;D1;RB Leipzig;Paderborn;1;1;0;1;0,1809;0,7137;0,1053
5948;2020-06-06;T19-20;D1;Ein Frankfurt;Mainz;0;2;2;1;0,3224;0,4454;0,2322
5949;2020-06-06;T19-20;D1;Fortuna Dusseldorf;Hoffenheim;2;2;0;2;0,2427;0,2375;0,5198
5950;2020-06-06;T19-20;D1;Leverkusen;Bayern Munich;2;4;2;2;0,2343;0,2814;0,4843
5953;2020-06-07;T19-20;D1;Werder Bremen;Wolfsburg;0;1;2;2;0,2786;0,3531;0,3683
5954;2020-06-07;T19-20;D1;Union Berlin;Schalke 04;1;1;0;1;0,2731;0,4317;0,2951
5955;2020-06-07;T19-20;D1;Augsburg;FC Koln;1;1;0;1;0,2837;0,3607;0,3556
5956;2020-06-12;T19-20;D1;Hoffenheim;RB Leipzig;0;2;2;2;0,2592;0,3396;0,4012
5957;2020-06-13;T19-20;D1;FC Koln;Union Berlin;1;2;2;1;0,308;0,4594;0,2326
5958;2020-06-13;T19-20;D1;Fortuna Dusseldorf;Dortmund;0;1;2;2;0,2046;0,1233;0,672
5959;2020-06-13;T19-20;D1;Hertha;Ein Frankfurt;1;4;2;2;0,2629;0,2876;0,4495
5960;2020-06-13;T19-20;D1;Paderborn;Werder Bremen;1;5;2;1;0,3143;0,3841;0,3016
5961;2020-06-13;T19-20;D1;Wolfsburg;Freiburg;2;2;0;1;0,2752;0,5468;0,1781
5962;2020-06-13;T19-20;D1;Bayern Munich;M'gladbach;2;1;1;1;0,1155;0,8043;0,0802
5963;2020-06-14;T19-20;D1;Mainz;Augsburg;0;1;2;1;0,3199;0,414;0,2662
5964;2020-06-14;T19-20;D1;Schalke 04;Leverkusen;1;1;0;2;0,2688;0,2952;0,436
5967;2020-06-16;T19-20;D1;Union Berlin;Paderborn;1;0;1;1;0,3023;0,4285;0,2692
5968;2020-06-16;T19-20;D1;Werder Bremen;Bayern Munich;0;1;2;2;0,1794;0,1357;0,685
5965;2020-06-16;T19-20;D1;M'gladbach;Wolfsburg;3;0;1;1;0,2692;0,5126;0,2182
5966;2020-06-16;T19-20;D1;Freiburg;Hertha;2;1;1;1;0,308;0,4566;0,2354
5969;2020-06-17;T19-20;D1;Ein Frankfurt;Schalke 04;2;1;1;1;0,3103;0,4991;0,1906
5970;2020-06-17;T19-20;D1;Augsburg;Hoffenheim;1;3;2;2;0,2587;0,2887;0,4526
5971;2020-06-17;T19-20;D1;Dortmund;Mainz;0;2;2;1;0,1915;0,7126;0,0959
5972;2020-06-17;T19-20;D1;Leverkusen;FC Koln;3;1;1;1;0,2048;0,648;0,1472
5973;2020-06-17;T19-20;D1;RB Leipzig;Fortuna Dusseldorf;2;2;0;1;0,1934;0,696;0,1106
56263;2020-06-19;T19-20;SP2;Elche;Girona;1;0;1;1;0,2852;0,3991;0,3158
44421;2020-06-19;T19-20;SP1;Sevilla;Barcelona;0;0;0;2;0,233;0,2499;0,5171
44419;2020-06-19;T19-20;SP1;Granada;Villarreal;0;1;2;1;0,3205;0,4132;0,2663
44420;2020-06-19;T19-20;SP1;Mallorca;Leganes;1;1;0;1;0,3119;0,4147;0,2734
44422;2020-06-20;T19-20;SP1;Espanol;Levante;1;3;2;1;0,2978;0,509;0,1932
56267;2020-06-20;T19-20;SP2;Malaga;Extremadura;1;1;0;1;0,2894;0,5229;0,1877
56266;2020-06-20;T19-20;SP2;Zaragoza;Almeria;0;2;2;1;0,2584;0,5911;0,1505
56264;2020-06-20;T19-20;SP2;La Coruna;Vallecano;3;3;0;2;0,2813;0,3582;0,3605
44425;2020-06-20;T19-20;SP1;Ath Madrid;Valladolid;1;0;1;1;0,2563;0,6114;0,1323
44424;2020-06-20;T19-20;SP1;Getafe;Eibar;1;1;0;1;0,2969;0,4901;0,213
44423;2020-06-20;T19-20;SP1;Ath Bilbao;Betis;1;0;1;1;0,312;0,3541;0,3339
5982;2020-06-20;T19-20;D1;Schalke 04;Wolfsburg;1;4;2;2;0,2746;0,3449;0,3805
56265;2020-06-20;T19-20;SP2;Las Palmas;Lugo;1;0;1;1;0,3017;0,4424;0,2559
5980;2020-06-20;T19-20;D1;Paderborn;M'gladbach;1;3;2;2;0,2575;0,2328;0,5097
5979;2020-06-20;T19-20;D1;Mainz;Werder Bremen;3;1;1;1;0,3191;0,4168;0,264
5978;2020-06-20;T19-20;D1;Hoffenheim;Union Berlin;4;0;1;1;0,1994;0,686;0,1146
5977;2020-06-20;T19-20;D1;Hertha;Leverkusen;2;0;1;2;0,2314;0,2265;0,5421
5976;2020-06-20;T19-20;D1;Fortuna Dusseldorf;Augsburg;1;1;0;1;0,3075;0,4267;0,2658
5975;2020-06-20;T19-20;D1;FC Koln;Ein Frankfurt;1;1;0;2;0,2735;0,3434;0,3831
5974;2020-06-20;T19-20;D1;Bayern Munich;Freiburg;3;1;1;1;0,1129;0,8525;0,0345
5981;2020-06-20;T19-20;D1;RB Leipzig;Dortmund;0;2;2;1;0,2757;0,4057;0,3186
56272;2020-06-21;T19-20;SP2;Fuenlabrada;Numancia;2;0;1;1;0,2658;0,4514;0,2828
56271;2020-06-21;T19-20;SP2;Cadiz;Alcorcon;1;1;0;1;0,3066;0,4784;0,215
56270;2020-06-21;T19-20;SP2;Albacete;Huesca;2;2;0;2;0,2374;0,3004;0,4622
56269;2020-06-21;T19-20;SP2;Santander;Tenerife;1;2;2;2;0,2464;0,2695;0,4841
44428;2020-06-21;T19-20;SP1;Sociedad;Real Madrid;1;2;2;2;0,1898;0,1961;0,6141
44427;2020-06-21;T19-20;SP1;Valencia;Osasuna;2;0;1;1;0,2826;0,4039;0,3135
44426;2020-06-21;T19-20;SP1;Celta;Alaves;6;0;1;1;0,2981;0,3858;0,3162
56268;2020-06-21;T19-20;SP2;Mirandes;Ponferradina;1;2;2;1;0,3155;0,4186;0,2658
44429;2020-06-22;T19-20;SP1;Villarreal;Sevilla;2;2;0;1;0,315;0,4302;0,2548
44430;2020-06-22;T19-20;SP1;Leganes;Granada;0;0;0;1;0,2723;0,3719;0,3558
56273;2020-06-22;T19-20;SP2;Sp Gijon;Oviedo;0;1;2;1;0,2676;0,5678;0,1646
56276;2020-06-23;T19-20;SP2;Extremadura;Zaragoza;1;2;2;2;0,2963;0,332;0,3717
56274;2020-06-23;T19-20;SP2;Elche;La Coruna;0;1;2;1;0,2763;0,4509;0,2728
56275;2020-06-23;T19-20;SP2;Lugo;Malaga;0;0;0;2;0,2399;0,2419;0,5181
44432;2020-06-23;T19-20;SP1;Valladolid;Getafe;1;1;0;2;0,2371;0,311;0,4519
44431;2020-06-23;T19-20;SP1;Levante;Ath Madrid;0;1;2;2;0,2395;0,268;0,4926
44433;2020-06-23;T19-20;SP1;Barcelona;Ath Bilbao;1;0;1;1;0,2026;0,7404;0,0569
44434;2020-06-24;T19-20;SP1;Alaves;Osasuna;0;1;2;2;0,2368;0,3626;0,4006
44435;2020-06-24;T19-20;SP1;Sociedad;Celta;0;1;2;1;0,3132;0,4482;0,2386
44436;2020-06-24;T19-20;SP1;Real Madrid;Mallorca;2;0;1;1;0,1468;0,7979;0,0553
56277;2020-06-24;T19-20;SP2;Girona;Numancia;2;0;1;1;0,2957;0,4557;0,2486
56278;2020-06-24;T19-20;SP2;Huesca;Cadiz;1;1;0;1;0,2608;0,4954;0,2438
56279;2020-06-24;T19-20;SP2;Tenerife;Mirandes;4;1;1;1;0,3055;0,5108;0,1837
56280;2020-06-24;T19-20;SP2;Albacete;Las Palmas;0;0;0;1;0,2623;0,4479;0,2898
56281;2020-06-24;T19-20;SP2;Ponferradina;Santander;1;1;0;1;0,3089;0,5087;0,1824
56284;2020-06-25;T19-20;SP2;Oviedo;Fuenlabrada;0;0;0;1;0,3116;0,4728;0,2156
56283;2020-06-25;T19-20;SP2;Vallecano;Sp Gijon;1;1;0;1;0,2714;0,5596;0,1689
44438;2020-06-25;T19-20;SP1;Betis;Espanol;1;0;1;1;0,2938;0,462;0,2441
44437;2020-06-25;T19-20;SP1;Eibar;Valencia;1;0;1;1;0,3001;0,3918;0,3081
56282;2020-06-25;T19-20;SP2;Almeria;Alcorcon;0;1;2;1;0,3118;0,4599;0,2284
44439;2020-06-26;T19-20;SP1;Sevilla;Valladolid;1;1;0;1;0,211;0,679;0,11
44440;2020-06-27;T19-20;SP1;Ath Bilbao;Mallorca;3;1;1;1;0,3073;0,4861;0,2066
56287;2020-06-27;T19-20;SP2;Las Palmas;Elche;1;1;0;1;0,2991;0,4775;0,2235
56286;2020-06-27;T19-20;SP2;Cadiz;Tenerife;0;2;2;1;0,2632;0,5171;0,2198
56285;2020-06-27;T19-20;SP2;La Coruna;Ponferradina;2;1;1;1;0,2965;0,4559;0,2476
56288;2020-06-27;T19-20;SP2;Santander;Albacete;1;2;2;2;0,2858;0,3279;0,3863
44443;2020-06-27;T19-20;SP1;Ath Madrid;Alaves;2;1;1;1;0,2564;0,6057;0,138
44442;2020-06-27;T19-20;SP1;Osasuna;Leganes;2;1;1;1;0,295;0,411;0,2941
44441;2020-06-27;T19-20;SP1;Celta;Barcelona;2;2;0;2;0,2045;0,1725;0,623
34413;2020-06-27;T19-20;I1;Cagliari;Torino;4;2;1;1;0,2638;0,4083;0,3279
5986;2020-06-27;T19-20;D1;Freiburg;Schalke 04;4;0;1;1;0,2971;0,4579;0,245
5991;2020-06-27;T19-20;D1;Wolfsburg;Bayern Munich;0;4;2;2;0,2324;0,222;0,5455
5990;2020-06-27;T19-20;D1;Werder Bremen;FC Koln;6;1;1;1;0,2951;0,3991;0,3057
5989;2020-06-27;T19-20;D1;Union Berlin;Fortuna Dusseldorf;3;0;1;1;0,3106;0,425;0,2644
5988;2020-06-27;T19-20;D1;M'gladbach;Hertha;2;1;1;1;0,2337;0,627;0,1392
5987;2020-06-27;T19-20;D1;Leverkusen;Mainz;1;0;1;1;0,2125;0,6614;0,1261
5985;2020-06-27;T19-20;D1;Ein Frankfurt;Paderborn;3;2;1;1;0,2606;0,5728;0,1666
5984;2020-06-27;T19-20;D1;Dortmund;Hoffenheim;0;4;2;1;0,2327;0,5659;0,2014
5983;2020-06-27;T19-20;D1;Augsburg;RB Leipzig;1;2;2;2;0,2031;0,1946;0,6023
15862;2020-06-27;T19-20;E0;Aston Villa;Wolves;0;1;2;2;0,2576;0,2946;0,4478
56292;2020-06-28;T19-20;SP2;Numancia;Oviedo;1;0;1;1;0,3108;0,4555;0,2337
56291;2020-06-28;T19-20;SP2;Malaga;Girona;2;0;1;1;0,2805;0,5122;0,2073
56290;2020-06-28;T19-20;SP2;Sp Gijon;Lugo;2;0;1;1;0,3071;0,4916;0,2014
56289;2020-06-28;T19-20;SP2;Mirandes;Almeria;2;2;0;1;0,3194;0,3795;0,3011
44447;2020-06-28;T19-20;SP1;Espanol;Real Madrid;0;1;2;2;0,1717;0,163;0,6653
56293;2020-06-28;T19-20;SP2;Fuenlabrada;Extremadura;1;1;0;1;0,2907;0,4309;0,2784
44445;2020-06-28;T19-20;SP1;Villarreal;Valencia;2;0;1;1;0,2914;0,4886;0,2199
44444;2020-06-28;T19-20;SP1;Levante;Betis;4;2;1;1;0,3131;0,3844;0,3025
34420;2020-06-28;T19-20;I1;Parma;Inter;1;2;2;2;0,2602;0,2604;0,4793
34418;2020-06-28;T19-20;I1;Sassuolo;Verona;3;3;0;1;0,2904;0,4392;0,2704
15863;2020-06-28;T19-20;E0;Watford;Southampton;1;3;2;1;0,3036;0,4341;0,2623
44446;2020-06-28;T19-20;SP1;Granada;Eibar;1;2;2;1;0,2901;0,3926;0,3174
15864;2020-06-29;T19-20;E0;Crystal Palace;Burnley;0;1;2;1;0,2813;0,4224;0,2963
44448;2020-06-29;T19-20;SP1;Getafe;Sociedad;2;1;1;1;0,3135;0,457;0,2295
56294;2020-06-29;T19-20;SP2;Alcorcon;Vallecano;3;2;1;2;0,2489;0,3343;0,4168
56295;2020-06-29;T19-20;SP2;Zaragoza;Huesca;0;1;2;1;0,3039;0,4754;0,2207
56297;2020-06-30;T19-20;SP2;Elche;Cadiz;0;0;0;2;0,2396;0,3004;0,46
56296;2020-06-30;T19-20;SP2;Tenerife;La Coruna;1;1;0;1;0,299;0,519;0,182
44451;2020-06-30;T19-20;SP1;Barcelona;Ath Madrid;2;2;0;1;0,1953;0,6858;0,1189
44450;2020-06-30;T19-20;SP1;Leganes;Sevilla;0;3;2;2;0,2502;0,27;0,4798
44449;2020-06-30;T19-20;SP1;Mallorca;Celta;5;1;1;1;0,3151;0,4134;0,2715
34421;2020-06-30;T19-20;I1;Torino;Lazio;1;2;2;2;0,2364;0,2395;0,5241
15865;2020-06-30;T19-20;E0;Brighton;Man United;0;3;2;2;0,188;0,1849;0,6271
34422;2020-06-30;T19-20;I1;Genoa;Juventus;1;3;2;2;0,1744;0,1679;0,6578
44453;2020-07-01;T19-20;SP1;Valencia;Ath Bilbao;0;2;2;1;0,3023;0,3654;0,3322
56301;2020-07-01;T19-20;SP2;Extremadura;Santander;3;1;1;1;0,3177;0,4618;0,2206
56300;2020-07-01;T19-20;SP2;Oviedo;Mirandes;1;0;1;1;0,2997;0,4514;0,2489
56302;2020-07-01;T19-20;SP2;Ponferradina;Fuenlabrada;0;3;2;1;0,3123;0,4376;0,2501
56299;2020-07-01;T19-20;SP2;Lugo;Numancia;3;1;1;2;0,2716;0,3417;0,3867
56298;2020-07-01;T19-20;SP2;Almeria;Sp Gijon;1;0;1;1;0,3075;0,4598;0,2327
44455;2020-07-01;T19-20;SP1;Valladolid;Levante;0;0;0;1;0,2836;0,3689;0,3476
44454;2020-07-01;T19-20;SP1;Betis;Villarreal;0;2;2;1;0,3252;0,4317;0,2431
44452;2020-07-01;T19-20;SP1;Alaves;Granada;0;2;2;2;0,2619;0,2851;0,453
15868;2020-07-01;T19-20;E0;Everton;Leicester;2;1;1;1;0,2813;0,3837;0,335
34427;2020-07-01;T19-20;I1;Spal;Milan;2;2;0;2;0,2322;0,2608;0,507
34426;2020-07-01;T19-20;I1;Lecce;Sampdoria;1;2;2;2;0,1969;0,2504;0,5527
34425;2020-07-01;T19-20;I1;Fiorentina;Sassuolo;1;3;2;1;0,181;0,6887;0,1303
34424;2020-07-01;T19-20;I1;Inter;Brescia;6;0;1;1;0,19;0,7016;0,1083
34423;2020-07-01;T19-20;I1;Bologna;Cagliari;1;1;0;1;0,2791;0,4741;0,2468
15869;2020-07-01;T19-20;E0;West Ham;Chelsea;3;2;1;2;0,1802;0,1707;0,6491
15867;2020-07-01;T19-20;E0;Bournemouth;Newcastle;1;4;2;1;0,284;0,3978;0,3183
15866;2020-07-01;T19-20;E0;Arsenal;Norwich;4;0;1;1;0,2003;0,6959;0,1038
34428;2020-07-01;T19-20;I1;Verona;Parma;3;2;1;1;0,2751;0,5637;0,1612
56305;2020-07-02;T19-20;SP2;Vallecano;Malaga;0;0;0;1;0,2649;0,537;0,1982
56304;2020-07-02;T19-20;SP2;Huesca;Las Palmas;1;0;1;1;0,2699;0,5557;0,1743
56303;2020-07-02;T19-20;SP2;Albacete;Alcorcon;1;1;0;1;0,2701;0,4563;0,2736
44458;2020-07-02;T19-20;SP1;Real Madrid;Getafe;1;0;1;1;0,1439;0,8039;0,0521
44457;2020-07-02;T19-20;SP1;Sociedad;Espanol;2;1;1;1;0,2873;0,4362;0,2766
34430;2020-07-02;T19-20;I1;Roma;Udinese;0;2;2;1;0,1887;0,6973;0,1139
34429;2020-07-02;T19-20;I1;Atalanta;Napoli;2;0;1;1;0,2445;0,5435;0,212
15871;2020-07-02;T19-20;E0;Man City;Liverpool;4;0;1;2;0,2704;0,316;0,4136
15870;2020-07-02;T19-20;E0;Sheffield United;Tottenham;3;1;1;2;0,2209;0,2577;0,5214
44456;2020-07-02;T19-20;SP1;Eibar;Osasuna;0;2;2;1;0,3273;0,428;0,2447
44459;2020-07-03;T19-20;SP1;Ath Madrid;Mallorca;3;0;1;1;0,2716;0,5779;0,1506
56306;2020-07-03;T19-20;SP2;Girona;Zaragoza;1;0;1;1;0,3009;0,3755;0,3236
44461;2020-07-04;T19-20;SP1;Valladolid;Alaves;1;0;1;1;0,2717;0,4628;0,2656
56311;2020-07-04;T19-20;SP2;Fuenlabrada;Mirandes;2;2;0;1;0,2984;0,4533;0,2483
56310;2020-07-04;T19-20;SP2;Cadiz;Oviedo;2;0;1;1;0,2341;0,624;0,142
56309;2020-07-04;T19-20;SP2;Almeria;Tenerife;1;2;2;1;0,2995;0,4187;0,2818
56308;2020-07-04;T19-20;SP2;Santander;Elche;1;2;2;2;0,2969;0,3353;0,3678
56307;2020-07-04;T19-20;SP2;Numancia;Extremadura;1;0;1;1;0,3156;0,3977;0,2867
44462;2020-07-04;T19-20;SP1;Granada;Valencia;2;2;0;1;0,2818;0,4443;0,2739
44460;2020-07-04;T19-20;SP1;Celta;Betis;1;1;0;1;0,3036;0,404;0,2925
34433;2020-07-04;T19-20;I1;Lazio;Milan;0;3;2;1;0,2743;0,4056;0,3201
34432;2020-07-04;T19-20;I1;Sassuolo;Lecce;4;2;1;1;0,2974;0,5124;0,1902
34431;2020-07-04;T19-20;I1;Juventus;Torino;4;1;1;1;0,1892;0,6899;0,1209
15876;2020-07-04;T19-20;E0;Chelsea;Watford;3;0;1;1;0,2267;0,6621;0,1111
15875;2020-07-04;T19-20;E0;Wolves;Arsenal;0;2;2;2;0,2642;0,3576;0,3782
15874;2020-07-04;T19-20;E0;Man United;Bournemouth;5;2;1;1;0,1767;0,7219;0,1014
15873;2020-07-04;T19-20;E0;Leicester;Crystal Palace;3;0;1;1;0,2801;0,5147;0,2052
15872;2020-07-04;T19-20;E0;Norwich;Brighton;0;1;2;1;0,3139;0,3825;0,3036
56315;2020-07-05;T19-20;SP2;Alcorcon;Lugo;2;2;0;1;0,2833;0,4086;0,3082
56314;2020-07-05;T19-20;SP2;Malaga;Albacete;0;0;0;1;0,2786;0,5353;0,1861
56313;2020-07-05;T19-20;SP2;Las Palmas;Ponferradina;3;0;1;1;0,304;0,4641;0,2318
56312;2020-07-05;T19-20;SP2;La Coruna;Huesca;2;1;1;2;0,255;0,2875;0,4574
44466;2020-07-05;T19-20;SP1;Villarreal;Barcelona;1;4;2;1;0,2731;0,3854;0,3415
44465;2020-07-05;T19-20;SP1;Osasuna;Getafe;0;0;0;2;0,2491;0,2956;0,4552
44464;2020-07-05;T19-20;SP1;Espanol;Leganes;0;1;2;1;0,298;0,3513;0,3507
44463;2020-07-05;T19-20;SP1;Ath Bilbao;Real Madrid;0;1;2;2;0,2221;0,2307;0,5471
34439;2020-07-05;T19-20;I1;Udinese;Genoa;2;2;0;1;0,2742;0,4419;0,2839
34440;2020-07-05;T19-20;I1;Napoli;Roma;2;1;1;1;0,1714;0,6882;0,1404
15877;2020-07-05;T19-20;E0;Burnley;Sheffield United;1;1;0;2;0,2458;0,3544;0,3998
34437;2020-07-05;T19-20;I1;Parma;Fiorentina;1;2;2;1;0,263;0,3718;0,3652
34436;2020-07-05;T19-20;I1;Cagliari;Atalanta;0;1;2;2;0,2243;0,2096;0,5661
34435;2020-07-05;T19-20;I1;Brescia;Verona;2;0;1;1;0,2653;0,3704;0,3643
34434;2020-07-05;T19-20;I1;Inter;Bologna;1;2;2;1;0,1997;0,6487;0,1517
15880;2020-07-05;T19-20;E0;Southampton;Man City;1;0;1;2;0,2247;0,2199;0,5554
15879;2020-07-05;T19-20;E0;Liverpool;Aston Villa;2;0;1;1;0,1932;0,7105;0,0962
15878;2020-07-05;T19-20;E0;Newcastle;West Ham;2;2;0;1;0,245;0,6164;0,1386
34438;2020-07-05;T19-20;I1;Sampdoria;Spal;3;0;1;1;0,2816;0,5001;0,2183
15881;2020-07-06;T19-20;E0;Tottenham;Everton;1;0;1;1;0,2371;0,5869;0,176
44467;2020-07-06;T19-20;SP1;Levante;Sociedad;1;1;0;1;0,2821;0,3958;0,3221
44468;2020-07-06;T19-20;SP1;Sevilla;Eibar;1;0;1;1;0,2208;0,6412;0,1379
56316;2020-07-06;T19-20;SP2;Sp Gijon;Girona;0;0;0;1;0,2923;0,3811;0,3266
56317;2020-07-06;T19-20;SP2;Zaragoza;Vallecano;2;4;2;1;0,2863;0,4282;0,2855
56319;2020-07-07;T19-20;SP2;Fuenlabrada;Santander;1;0;1;1;0,3079;0,4513;0,2407
44470;2020-07-07;T19-20;SP1;Celta;Ath Madrid;1;1;0;2;0,2237;0,2535;0,5229
56320;2020-07-07;T19-20;SP2;Extremadura;Cadiz;0;1;2;1;0,2991;0,3879;0,3131
44469;2020-07-07;T19-20;SP1;Valencia;Valladolid;2;1;1;1;0,3108;0,4665;0,2227
56318;2020-07-07;T19-20;SP2;Mirandes;Elche;1;0;1;1;0,3174;0,4498;0,2328
34441;2020-07-07;T19-20;I1;Lecce;Lazio;2;1;1;2;0,1616;0,1792;0,6592
15884;2020-07-07;T19-20;E0;Arsenal;Leicester;1;1;0;1;0,2806;0,4164;0,303
15883;2020-07-07;T19-20;E0;Watford;Norwich;2;1;1;1;0,3094;0,4769;0,2137
15882;2020-07-07;T19-20;E0;Crystal Palace;Chelsea;2;3;2;2;0,1902;0,1825;0,6273
34442;2020-07-07;T19-20;I1;Milan;Juventus;4;2;1;2;0,2569;0,3564;0,3867
56324;2020-07-08;T19-20;SP2;Ponferradina;Lugo;0;1;2;1;0,3191;0,3924;0,2885
56322;2020-07-08;T19-20;SP2;Oviedo;Las Palmas;2;1;1;1;0,3041;0,422;0,2738
56321;2020-07-08;T19-20;SP2;Malaga;La Coruna;1;0;1;1;0,2971;0,4635;0,2395
44473;2020-07-08;T19-20;SP1;Barcelona;Espanol;1;0;1;1;0,1927;0,7503;0,057
44472;2020-07-08;T19-20;SP1;Getafe;Villarreal;1;3;2;1;0,3212;0,4372;0,2416
44471;2020-07-08;T19-20;SP1;Betis;Osasuna;3;0;1;1;0,308;0,4529;0,2391
34448;2020-07-08;T19-20;I1;Torino;Brescia;3;1;1;1;0,2946;0,4906;0,2148
34447;2020-07-08;T19-20;I1;Roma;Parma;2;1;1;1;0,1884;0,697;0,1146
56323;2020-07-08;T19-20;SP2;Huesca;Alcorcon;2;1;1;1;0,2704;0,5587;0,1708
34445;2020-07-08;T19-20;I1;Atalanta;Sampdoria;2;0;1;1;0,193;0,6594;0,1476
34444;2020-07-08;T19-20;I1;Genoa;Napoli;1;2;2;2;0,229;0,2307;0,5404
34443;2020-07-08;T19-20;I1;Fiorentina;Cagliari;0;0;0;1;0,2006;0,6655;0,1339
15888;2020-07-08;T19-20;E0;Brighton;Liverpool;1;3;2;2;0,204;0,1736;0,6225
15887;2020-07-08;T19-20;E0;West Ham;Burnley;0;1;2;1;0,307;0,4346;0,2584
15886;2020-07-08;T19-20;E0;Sheffield United;Wolves;1;0;1;2;0,2546;0,3451;0,4003
15885;2020-07-08;T19-20;E0;Man City;Newcastle;5;0;1;1;0,1304;0,8139;0,0558
34446;2020-07-08;T19-20;I1;Bologna;Sassuolo;1;2;2;1;0,2616;0,4398;0,2986
56328;2020-07-09;T19-20;SP2;Tenerife;Zaragoza;1;1;0;1;0,288;0,42;0,292
56327;2020-07-09;T19-20;SP2;Girona;Almeria;1;0;1;1;0,3117;0,4001;0,2882
56326;2020-07-09;T19-20;SP2;Vallecano;Numancia;3;2;1;1;0,212;0,6707;0,1173
56325;2020-07-09;T19-20;SP2;Albacete;Sp Gijon;1;1;0;1;0,3108;0,4117;0,2775
44476;2020-07-09;T19-20;SP1;Ath Bilbao;Sevilla;1;2;2;2;0,2607;0,2734;0,4659
44475;2020-07-09;T19-20;SP1;Mallorca;Levante;2;0;1;1;0,3067;0,4018;0,2915
44474;2020-07-09;T19-20;SP1;Eibar;Leganes;0;0;0;1;0,3046;0,4844;0,211
34449;2020-07-09;T19-20;I1;Spal;Udinese;0;3;2;1;0,2895;0,405;0,3055
15891;2020-07-09;T19-20;E0;Aston Villa;Man United;0;3;2;2;0,1944;0,181;0,6247
15890;2020-07-09;T19-20;E0;Everton;Southampton;1;1;0;1;0,3207;0,442;0,2373
15889;2020-07-09;T19-20;E0;Bournemouth;Tottenham;0;0;0;2;0,2151;0,2547;0,5301
34450;2020-07-09;T19-20;I1;Verona;Inter;2;2;0;2;0,2123;0,2049;0,5828
44477;2020-07-10;T19-20;SP1;Sociedad;Granada;2;3;2;1;0,2831;0,4203;0,2966
44478;2020-07-10;T19-20;SP1;Real Madrid;Alaves;2;0;1;1;0,1575;0,7858;0,0567
44479;2020-07-11;T19-20;SP1;Osasuna;Celta;2;1;1;1;0,286;0,4284;0,2856
56331;2020-07-11;T19-20;SP2;Cadiz;Fuenlabrada;0;1;2;1;0,2659;0,5666;0,1675
56330;2020-07-11;T19-20;SP2;Las Palmas;Mirandes;1;0;1;1;0,3113;0,4838;0,2049
44481;2020-07-11;T19-20;SP1;Ath Madrid;Betis;1;0;1;1;0,282;0,547;0,171
44480;2020-07-11;T19-20;SP1;Valladolid;Barcelona;0;1;2;2;0,2083;0,1698;0,6219
34453;2020-07-11;T19-20;I1;Juventus;Atalanta;2;2;0;1;0,2965;0,3591;0,3444
56329;2020-07-11;T19-20;SP2;Santander;Huesca;1;0;1;2;0,2417;0,2636;0,4947
34451;2020-07-11;T19-20;I1;Lazio;Sassuolo;1;2;2;1;0,2049;0,6111;0,184
15896;2020-07-11;T19-20;E0;Brighton;Man City;0;5;2;2;0,1874;0,1585;0,6542
15895;2020-07-11;T19-20;E0;Sheffield United;Chelsea;3;0;1;2;0,227;0,2625;0,5105
15894;2020-07-11;T19-20;E0;Liverpool;Burnley;1;1;0;1;0,1978;0,7135;0,0887
34452;2020-07-11;T19-20;I1;Brescia;Roma;0;3;2;2;0,1924;0,1547;0,6529
15893;2020-07-11;T19-20;E0;Watford;Newcastle;2;1;1;1;0,2858;0,4298;0,2844
15892;2020-07-11;T19-20;E0;Norwich;West Ham;0;4;2;1;0,2803;0,4305;0,2892
56335;2020-07-12;T19-20;SP2;Zaragoza;Oviedo;2;4;2;1;0,3046;0,4738;0,2216
56334;2020-07-12;T19-20;SP2;Numancia;Ponferradina;1;0;1;1;0,2866;0,4001;0,3134
56333;2020-07-12;T19-20;SP2;Lugo;Girona;2;2;0;2;0,2904;0,3371;0,3725
56332;2020-07-12;T19-20;SP2;La Coruna;Extremadura;2;3;2;1;0,2865;0,4436;0,2699
44484;2020-07-12;T19-20;SP1;Leganes;Valencia;1;0;1;1;0,251;0,4034;0,3456
44483;2020-07-12;T19-20;SP1;Levante;Ath Bilbao;1;2;2;1;0,3086;0,4492;0,2422
44482;2020-07-12;T19-20;SP1;Espanol;Eibar;0;2;2;2;0,2739;0,3276;0,3985
34459;2020-07-12;T19-20;I1;Napoli;Milan;2;2;0;1;0,1529;0,7043;0,1428
44485;2020-07-12;T19-20;SP1;Sevilla;Mallorca;2;0;1;1;0,2237;0,6587;0,1177
34457;2020-07-12;T19-20;I1;Parma;Bologna;2;2;0;1;0,3105;0,3584;0,3311
34456;2020-07-12;T19-20;I1;Fiorentina;Verona;1;1;0;1;0,1969;0,6584;0,1448
34455;2020-07-12;T19-20;I1;Cagliari;Lecce;0;0;0;1;0,283;0,5036;0,2134
34454;2020-07-12;T19-20;I1;Genoa;Spal;2;0;1;1;0,2752;0,4453;0,2795
15900;2020-07-12;T19-20;E0;Bournemouth;Leicester;4;1;1;2;0,2536;0,2938;0,4527
15899;2020-07-12;T19-20;E0;Tottenham;Arsenal;2;1;1;1;0,2807;0,3758;0,3435
15898;2020-07-12;T19-20;E0;Aston Villa;Crystal Palace;2;0;1;1;0,2704;0,4447;0,2849
15897;2020-07-12;T19-20;E0;Wolves;Everton;3;0;1;1;0,2953;0,4107;0,2941
34458;2020-07-12;T19-20;I1;Udinese;Sampdoria;1;3;2;1;0,2971;0,4048;0,2981
56339;2020-07-13;T19-20;SP2;Elche;Albacete;2;0;1;1;0,3071;0,4026;0,2903
56338;2020-07-13;T19-20;SP2;Alcorcon;Tenerife;0;0;0;2;0,2728;0,3568;0,3704
56337;2020-07-13;T19-20;SP2;Sp Gijon;Malaga;2;1;1;1;0,285;0,3833;0,3317
56336;2020-07-13;T19-20;SP2;Almeria;Vallecano;3;2;1;2;0,275;0,3367;0,3884
44487;2020-07-13;T19-20;SP1;Villarreal;Sociedad;1;2;2;1;0,3038;0,4591;0,2371
44486;2020-07-13;T19-20;SP1;Alaves;Getafe;0;0;0;2;0,2627;0,2636;0,4737
34460;2020-07-13;T19-20;I1;Inter;Torino;3;1;1;1;0,1925;0,6412;0,1663
15901;2020-07-13;T19-20;E0;Man United;Southampton;2;2;0;1;0,2109;0,6605;0,1286
44488;2020-07-13;T19-20;SP1;Granada;Real Madrid;1;2;2;2;0,2085;0,2088;0,5826
15902;2020-07-14;T19-20;E0;Chelsea;Norwich;1;0;1;1;0,2241;0,6719;0,1039
34461;2020-07-14;T19-20;I1;Atalanta;Brescia;6;2;1;1;0,1915;0,7142;0,0943
34464;2020-07-15;T19-20;I1;Sampdoria;Cagliari;3;0;1;1;0,304;0,4343;0,2617
34467;2020-07-15;T19-20;I1;Sassuolo;Juventus;3;3;0;2;0,252;0,311;0,437
34466;2020-07-15;T19-20;I1;Roma;Verona;2;1;1;1;0,1886;0,6769;0,1345
34468;2020-07-15;T19-20;I1;Udinese;Lazio;0;0;0;2;0,2311;0,2465;0,5224
34463;2020-07-15;T19-20;I1;Milan;Parma;3;1;1;1;0,2122;0,6566;0,1312
34465;2020-07-15;T19-20;I1;Lecce;Fiorentina;1;3;2;2;0,2226;0,2848;0,4927
15906;2020-07-15;T19-20;E0;Arsenal;Liverpool;2;1;1;2;0,2458;0,2563;0,4979
15905;2020-07-15;T19-20;E0;Newcastle;Tottenham;1;3;2;2;0,2157;0,2344;0,5499
15904;2020-07-15;T19-20;E0;Man City;Bournemouth;2;1;1;1;0,1259;0,8174;0,0567
15903;2020-07-15;T19-20;E0;Burnley;Wolves;1;1;0;2;0,2442;0,2999;0,4559
34462;2020-07-15;T19-20;I1;Bologna;Napoli;1;1;0;2;0,2432;0,2808;0,476
44498;2020-07-16;T19-20;SP1;Valencia;Espanol;1;0;1;1;0,2837;0,4406;0,2758
44497;2020-07-16;T19-20;SP1;Sociedad;Sevilla;0;0;0;2;0,2423;0,2434;0,5143
44496;2020-07-16;T19-20;SP1;Real Madrid;Villarreal;2;1;1;1;0,1587;0,78;0,0613
44495;2020-07-16;T19-20;SP1;Mallorca;Granada;1;2;2;1;0,3051;0,4049;0,29
44494;2020-07-16;T19-20;SP1;Getafe;Ath Madrid;0;2;2;2;0,2541;0,2822;0,4637
44493;2020-07-16;T19-20;SP1;Celta;Levante;2;3;2;1;0,2952;0,4475;0,2573
44492;2020-07-16;T19-20;SP1;Betis;Alaves;1;2;2;1;0,3026;0,4636;0,2338
44491;2020-07-16;T19-20;SP1;Barcelona;Osasuna;1;2;2;1;0,1998;0,737;0,0632
44489;2020-07-16;T19-20;SP1;Eibar;Valladolid;3;1;1;1;0,3064;0,4907;0,2029
34470;2020-07-16;T19-20;I1;Spal;Inter;0;4;2;2;0,1702;0,1491;0,6807
34469;2020-07-16;T19-20;I1;Torino;Genoa;3;0;1;1;0,2948;0,3892;0,316
15910;2020-07-16;T19-20;E0;Southampton;Brighton;1;1;0;1;0,3121;0,5274;0,1605
15909;2020-07-16;T19-20;E0;Crystal Palace;Man United;0;2;2;2;0,2025;0,1899;0,6075
15908;2020-07-16;T19-20;E0;Leicester;Sheffield United;2;0;1;1;0,2644;0,5406;0,195
15907;2020-07-16;T19-20;E0;Everton;Aston Villa;1;1;0;1;0,3074;0,4707;0,2219
44490;2020-07-16;T19-20;SP1;Ath Bilbao;Leganes;0;2;2;1;0,2995;0,4913;0,2092
56346;2020-07-17;T19-20;SP2;Mirandes;La Coruna;1;0;1;1;0,3225;0,4278;0,2497
56349;2020-07-17;T19-20;SP2;Tenerife;Lugo;1;2;2;1;0,3048;0,4973;0,1979
56350;2020-07-17;T19-20;SP2;Vallecano;Las Palmas;2;2;0;1;0,1892;0,6636;0,1473
56348;2020-07-17;T19-20;SP2;Ponferradina;Almeria;2;1;1;1;0,3179;0,3588;0,3233
56347;2020-07-17;T19-20;SP2;Oviedo;Santander;1;0;1;1;0,306;0,4979;0,1961
56345;2020-07-17;T19-20;SP2;Malaga;Alcorcon;2;0;1;1;0,2928;0,5236;0,1836
56340;2020-07-17;T19-20;SP2;Albacete;Zaragoza;4;1;1;1;0,2862;0,3736;0,3402
56343;2020-07-17;T19-20;SP2;Girona;Cadiz;2;1;1;1;0,2908;0,3894;0,3198
56342;2020-07-17;T19-20;SP2;Fuenlabrada;Elche;3;1;1;1;0,3088;0,3726;0,3186
56341;2020-07-17;T19-20;SP2;Extremadura;Sp Gijon;2;0;1;1;0,3186;0,4252;0,2562
15911;2020-07-17;T19-20;E0;West Ham;Watford;3;1;1;1;0,3028;0,5303;0,1669
56344;2020-07-17;T19-20;SP2;Huesca;Numancia;3;0;1;1;0,2709;0,5571;0,172
34472;2020-07-18;T19-20;I1;Cagliari;Sassuolo;1;1;0;1;0,2757;0,3858;0,3385
34473;2020-07-18;T19-20;I1;Milan;Bologna;5;1;1;1;0,2106;0,6175;0,1719
15912;2020-07-18;T19-20;E0;Norwich;Burnley;0;2;2;1;0,2938;0,4049;0,3013
34471;2020-07-18;T19-20;I1;Verona;Atalanta;1;1;0;2;0,2633;0,2264;0,5103
44501;2020-07-19;T19-20;SP1;Villarreal;Eibar;4;0;1;1;0,2938;0,4129;0,2933
44508;2020-07-19;T19-20;SP1;Sevilla;Valencia;1;0;1;1;0,2164;0,6731;0,1105
44507;2020-07-19;T19-20;SP1;Osasuna;Mallorca;2;2;0;1;0,2905;0,4276;0,2819
44506;2020-07-19;T19-20;SP1;Levante;Getafe;1;0;1;1;0,2797;0,3622;0,3581
44505;2020-07-19;T19-20;SP1;Leganes;Real Madrid;2;2;0;2;0,2505;0,2306;0,5189
44504;2020-07-19;T19-20;SP1;Granada;Ath Bilbao;4;0;1;1;0,2932;0,4435;0,2633
44503;2020-07-19;T19-20;SP1;Espanol;Celta;0;0;0;1;0,3009;0,3862;0,3128
44502;2020-07-19;T19-20;SP1;Ath Madrid;Sociedad;1;1;0;1;0,2689;0,5746;0,1564
44500;2020-07-19;T19-20;SP1;Valladolid;Betis;2;0;1;2;0,2524;0,274;0,4736
34479;2020-07-19;T19-20;I1;Roma;Inter;2;2;0;2;0,2516;0,374;0,3744
44499;2020-07-19;T19-20;SP1;Alaves;Barcelona;0;5;2;2;0,1804;0,1472;0,6724
34478;2020-07-19;T19-20;I1;Napoli;Udinese;2;1;1;1;0,1443;0,7552;0,1006
34477;2020-07-19;T19-20;I1;Genoa;Lecce;2;1;1;1;0,2827;0,5384;0,1789
34476;2020-07-19;T19-20;I1;Fiorentina;Torino;2;0;1;1;0,2049;0,6311;0,1641
34475;2020-07-19;T19-20;I1;Brescia;Spal;2;1;1;1;0,2703;0,4179;0,3118
34474;2020-07-19;T19-20;I1;Parma;Sampdoria;2;3;2;1;0,3118;0,3779;0,3102
15914;2020-07-19;T19-20;E0;Tottenham;Leicester;3;0;1;1;0,2794;0,408;0,3126
15913;2020-07-19;T19-20;E0;Bournemouth;Southampton;0;2;2;1;0,2874;0,3698;0,3427
56360;2020-07-20;T19-20;SP2;Zaragoza;Ponferradina;2;1;1;1;0,3177;0,4035;0,2788
56359;2020-07-20;T19-20;SP2;Sp Gijon;Huesca;0;1;2;1;0,296;0,395;0,309
56358;2020-07-20;T19-20;SP2;Santander;Vallecano;1;2;2;2;0,2147;0,2225;0,5628
56357;2020-07-20;T19-20;SP2;Numancia;Tenerife;2;1;1;2;0,2933;0,3528;0,3539
56356;2020-07-20;T19-20;SP2;Lugo;Mirandes;2;1;1;1;0,2977;0,425;0,2773
56355;2020-07-20;T19-20;SP2;Elche;Oviedo;2;1;1;1;0,3108;0,4519;0,2373
56354;2020-07-20;T19-20;SP2;Cadiz;Albacete;0;1;2;1;0,2584;0,569;0,1726
34480;2020-07-20;T19-20;I1;Juventus;Lazio;2;1;1;1;0,2024;0,6464;0,1511
56352;2020-07-20;T19-20;SP2;Alcorcon;Girona;2;0;1;1;0,271;0,3689;0,3601
56351;2020-07-20;T19-20;SP2;Las Palmas;Extremadura;5;1;1;1;0,2959;0,5015;0,2026
15917;2020-07-20;T19-20;E0;Wolves;Crystal Palace;2;0;1;1;0,2767;0,4821;0,2412
15916;2020-07-20;T19-20;E0;Sheffield United;Everton;0;1;2;1;0,2815;0,405;0,3135
15915;2020-07-20;T19-20;E0;Brighton;Newcastle;0;0;0;1;0,2949;0,429;0,2761
56353;2020-07-20;T19-20;SP2;Almeria;Malaga;0;0;0;1;0,2705;0,3751;0,3545
34482;2020-07-21;T19-20;I1;Sassuolo;Milan;1;2;2;2;0,2734;0,3536;0,373
34481;2020-07-21;T19-20;I1;Atalanta;Bologna;1;0;1;1;0,2021;0,6701;0,1278
15919;2020-07-21;T19-20;E0;Aston Villa;Arsenal;1;0;1;2;0,2298;0,2529;0,5173
15918;2020-07-21;T19-20;E0;Watford;Man City;0;4;2;2;0,1792;0,1499;0,6709
15920;2020-07-22;T19-20;E0;Man United;West Ham;1;1;0;1;0,1907;0,6885;0,1208
15921;2020-07-22;T19-20;E0;Liverpool;Chelsea;5;3;1;1;0,19;0,7213;0,0887
34483;2020-07-22;T19-20;I1;Parma;Napoli;2;1;1;2;0,2469;0,2143;0,5388
34484;2020-07-22;T19-20;I1;Inter;Fiorentina;0;0;0;1;0,1997;0,6314;0,1689
34485;2020-07-22;T19-20;I1;Lecce;Brescia;3;1;1;1;0,279;0,4092;0,3117
34486;2020-07-22;T19-20;I1;Sampdoria;Genoa;1;2;2;1;0,3098;0,4551;0,2351
34487;2020-07-22;T19-20;I1;Spal;Roma;1;6;2;2;0,1602;0,1381;0,7017
34488;2020-07-22;T19-20;I1;Torino;Verona;1;1;0;1;0,2913;0,3785;0,3303
34489;2020-07-23;T19-20;I1;Udinese;Juventus;2;1;1;2;0,1851;0,1706;0,6443
34490;2020-07-23;T19-20;I1;Lazio;Cagliari;2;1;1;1;0,2135;0,6479;0,1386
34491;2020-07-24;T19-20;I1;Milan;Atalanta;1;1;0;2;0,2771;0,2797;0,4432
34492;2020-07-25;T19-20;I1;Brescia;Parma;1;2;2;1;0,2751;0,388;0,3368
34493;2020-07-25;T19-20;I1;Genoa;Inter;0;3;2;2;0,206;0,1939;0,6001
34494;2020-07-25;T19-20;I1;Napoli;Sassuolo;2;0;1;1;0,1476;0,7146;0,1378
34500;2020-07-26;T19-20;I1;Juventus;Sampdoria;2;0;1;1;0,1948;0,6791;0,126
34499;2020-07-26;T19-20;I1;Verona;Lazio;1;5;2;2;0,259;0,2487;0,4923
34498;2020-07-26;T19-20;I1;Spal;Torino;1;1;0;2;0,2558;0,3273;0,4168
34497;2020-07-26;T19-20;I1;Roma;Fiorentina;2;1;1;1;0,1999;0,6655;0,1347
34496;2020-07-26;T19-20;I1;Cagliari;Udinese;0;1;2;1;0,2954;0,4443;0,2603
34495;2020-07-26;T19-20;I1;Bologna;Lecce;3;2;1;1;0,295;0,4633;0,2416
15931;2020-07-26;T19-20;E0;West Ham;Aston Villa;1;1;0;1;0,3046;0,4834;0,2121
15930;2020-07-26;T19-20;E0;Southampton;Sheffield United;3;1;1;1;0,2994;0,4771;0,2235
15922;2020-07-26;T19-20;E0;Arsenal;Watford;3;2;1;1;0,2299;0,6468;0,1232
15928;2020-07-26;T19-20;E0;Man City;Norwich;5;0;1;1;0,1186;0,8432;0,0382
15927;2020-07-26;T19-20;E0;Leicester;Man United;0;2;2;2;0,2625;0,3461;0,3915
15926;2020-07-26;T19-20;E0;Everton;Bournemouth;1;3;2;1;0,2873;0,457;0,2557
15925;2020-07-26;T19-20;E0;Crystal Palace;Tottenham;1;1;0;2;0,2269;0,2556;0,5175
15924;2020-07-26;T19-20;E0;Chelsea;Wolves;2;0;1;1;0,2269;0,6421;0,131
15923;2020-07-26;T19-20;E0;Burnley;Brighton;1;2;2;1;0,3126;0,4536;0,2339
15929;2020-07-26;T19-20;E0;Newcastle;Liverpool;1;3;2;2;0,1896;0,1708;0,6397
34501;2020-07-28;T19-20;I1;Parma;Atalanta;1;2;2;2;0,2355;0,1938;0,5707
34502;2020-07-28;T19-20;I1;Inter;Napoli;2;0;1;1;0,2463;0,4814;0,2723
34509;2020-07-29;T19-20;I1;Fiorentina;Bologna;4;0;1;1;0,2231;0,5957;0,1812
34508;2020-07-29;T19-20;I1;Cagliari;Juventus;2;0;1;2;0,1819;0,1652;0,6529
34507;2020-07-29;T19-20;I1;Verona;Spal;3;0;1;1;0,2309;0,6483;0,1208
34510;2020-07-29;T19-20;I1;Torino;Roma;2;3;2;2;0,2529;0,2144;0,5327
34505;2020-07-29;T19-20;I1;Sassuolo;Genoa;5;0;1;1;0,2979;0,487;0,2152
34504;2020-07-29;T19-20;I1;Sampdoria;Milan;1;4;2;2;0,2617;0,3495;0,3888
34503;2020-07-29;T19-20;I1;Lazio;Brescia;2;0;1;1;0,2141;0,6593;0,1266
34506;2020-07-29;T19-20;I1;Udinese;Lecce;1;2;2;1;0,2759;0,5654;0,1587
34511;2020-08-01;T19-20;I1;Brescia;Sampdoria;1;1;0;2;0,2688;0,342;0,3892
34512;2020-08-01;T19-20;I1;Atalanta;Inter;0;2;2;1;0,2879;0,4316;0,2805
34513;2020-08-01;T19-20;I1;Juventus;Roma;1;3;2;1;0,2232;0,5913;0,1854
34514;2020-08-01;T19-20;I1;Milan;Cagliari;3;0;1;1;0,2214;0,6328;0,1458
34515;2020-08-01;T19-20;I1;Napoli;Lazio;3;1;1;1;0,1646;0,6885;0,1469
34520;2020-08-02;T19-20;I1;Sassuolo;Udinese;0;1;2;1;0,3173;0,4679;0,2148
34519;2020-08-02;T19-20;I1;Lecce;Parma;3;4;2;1;0,2752;0,3727;0,3521
34516;2020-08-02;T19-20;I1;Spal;Fiorentina;1;3;2;2;0,2636;0,2659;0,4706
34517;2020-08-02;T19-20;I1;Bologna;Torino;1;1;0;1;0,3075;0,4244;0,2681
34518;2020-08-02;T19-20;I1;Genoa;Verona;3;0;1;1;0,2754;0,3722;0,3523
15951;2020-09-26;T20-21;E0;Crystal Palace;Everton;1;2;2;2;0,2553;0,2767;0,468
56382;2020-09-26;T20-21;SP2;Malaga;Alcorcon;1;0;1;1;0,3046;0,5058;0,1896
56384;2020-09-26;T20-21;SP2;Fuenlabrada;Albacete;1;0;1;1;0,2751;0,3984;0,3265
56388;2020-09-27;T20-21;SP2;Ponferradina;Vallecano;3;0;1;2;0,2942;0,3091;0,3966
56389;2020-09-27;T20-21;SP2;Tenerife;Mirandes;1;2;2;1;0,3097;0,4985;0,1918
44531;2020-09-27;T20-21;SP1;Valladolid;Celta;1;1;0;1;0,3155;0,4017;0,2827
15955;2020-09-27;T20-21;E0;Tottenham;Newcastle;1;1;0;1;0,1841;0,7259;0,0901
15957;2020-09-27;T20-21;E0;West Ham;Wolves;4;0;1;1;0,2752;0,3978;0,3271
15959;2020-09-28;T20-21;E0;Liverpool;Arsenal;3;1;1;1;0,1708;0,7392;0,09
44533;2020-09-29;T20-21;SP1;Sociedad;Valencia;0;1;2;1;0,3044;0,4782;0,2174
44534;2020-09-29;T20-21;SP1;Getafe;Betis;3;0;1;1;0,3248;0,4109;0,2642
44536;2020-09-30;T20-21;SP1;Villarreal;Alaves;3;1;1;1;0,2879;0,515;0,1971
44538;2020-09-30;T20-21;SP1;Real Madrid;Valladolid;1;0;1;1;0,1563;0,7801;0,0637
6010;2020-10-02;T20-21;D1;Union Berlin;Mainz;4;0;1;1;0,2935;0,4155;0,291
34541;2020-10-02;T20-21;I1;Fiorentina;Sampdoria;1;2;2;1;0,1917;0,7057;0,1026
56396;2020-10-03;T20-21;SP2;Vallecano;Malaga;4;0;1;1;0,1996;0,6283;0,1721
56393;2020-10-03;T20-21;SP2;Albacete;Oviedo;1;1;0;1;0,2965;0,3836;0,3199
56392;2020-10-03;T20-21;SP2;Mirandes;Ponferradina;0;1;2;1;0,3199;0,4495;0,2306
44546;2020-10-03;T20-21;SP1;Valencia;Betis;0;2;2;1;0,3096;0,3882;0,3022
44543;2020-10-03;T20-21;SP1;Ath Madrid;Villarreal;0;0;0;1;0,2818;0,5547;0,1635
44542;2020-10-03;T20-21;SP1;Valladolid;Eibar;1;2;2;1;0,2964;0,3996;0,304
34543;2020-10-03;T20-21;I1;Udinese;Roma;0;1;2;2;0,204;0,1922;0,6038
44545;2020-10-03;T20-21;SP1;Sociedad;Getafe;3;0;1;1;0,2919;0,5248;0,1833
15961;2020-10-03;T20-21;E0;Everton;Brighton;4;2;1;1;0,2729;0,587;0,1401
15960;2020-10-03;T20-21;E0;Chelsea;Crystal Palace;4;0;1;1;0,2086;0,6784;0,1131
6016;2020-10-03;T20-21;D1;RB Leipzig;Schalke 04;4;0;1;1;0,1795;0,7257;0,0949
6013;2020-10-03;T20-21;D1;FC Koln;M'gladbach;1;3;2;2;0,2236;0,2771;0,4994
6012;2020-10-03;T20-21;D1;Ein Frankfurt;Hoffenheim;2;1;1;1;0,2816;0,3617;0,3567
6011;2020-10-03;T20-21;D1;Dortmund;Freiburg;4;0;1;1;0,1963;0,6661;0,1376
15963;2020-10-03;T20-21;E0;Newcastle;Burnley;3;1;1;1;0,2779;0,3901;0,332
44551;2020-10-04;T20-21;SP1;Barcelona;Sevilla;1;1;0;1;0,2006;0,6742;0,1252
44549;2020-10-04;T20-21;SP1;Levante;Real Madrid;0;2;2;2;0,2197;0,2235;0,5568
44548;2020-10-04;T20-21;SP1;Alaves;Ath Bilbao;1;0;1;2;0,2705;0,3039;0,4256
44547;2020-10-04;T20-21;SP1;Osasuna;Celta;2;0;1;1;0,2952;0,4385;0,2664
34547;2020-10-04;T20-21;I1;Parma;Verona;1;0;1;1;0,2866;0,4726;0,2408
34546;2020-10-04;T20-21;I1;Lazio;Inter;1;1;0;2;0,2741;0,3376;0,3883
15966;2020-10-04;T20-21;E0;Arsenal;Sheffield United;2;1;1;1;0,2402;0,5546;0,2052
15969;2020-10-04;T20-21;E0;Aston Villa;Liverpool;7;2;1;2;0,1938;0,1852;0,621
15968;2020-10-04;T20-21;E0;Man United;Tottenham;1;6;2;1;0,2657;0,4289;0,3054
15964;2020-10-04;T20-21;E0;Leicester;West Ham;0;3;2;1;0,2455;0,5976;0,157
6018;2020-10-04;T20-21;D1;Bayern Munich;Hertha;4;3;1;1;0,1165;0,8454;0,0382
6017;2020-10-04;T20-21;D1;Wolfsburg;Augsburg;0;0;0;1;0,3175;0,4769;0,2057
34544;2020-10-04;T20-21;I1;Atalanta;Cagliari;5;2;1;1;0,2011;0,6919;0,1069
56405;2020-10-10;T20-21;SP2;Tenerife;Vallecano;1;0;1;1;0,2938;0,4071;0,2992
56412;2020-10-11;T20-21;SP2;Oviedo;Sp Gijon;1;0;1;1;0,3013;0,3638;0,335
56409;2020-10-11;T20-21;SP2;Malaga;Las Palmas;0;0;0;1;0,3025;0,4519;0,2456
56410;2020-10-11;T20-21;SP2;Zaragoza;Albacete;1;0;1;1;0,2988;0,4147;0,2865
56416;2020-10-17;T20-21;SP2;Las Palmas;Almeria;2;0;1;1;0,3059;0,4729;0,2212
44555;2020-10-17;T20-21;SP1;Getafe;Barcelona;1;0;1;2;0,2239;0,1881;0,588
44553;2020-10-17;T20-21;SP1;Celta;Ath Madrid;0;2;2;2;0,2043;0,2232;0,5725
44552;2020-10-17;T20-21;SP1;Granada;Sevilla;1;0;1;2;0,2138;0,2184;0,5678
34551;2020-10-17;T20-21;I1;Sampdoria;Lazio;3;0;1;2;0,2699;0,3077;0,4224
15973;2020-10-17;T20-21;E0;Newcastle;Man United;1;4;2;2;0,2629;0,3634;0,3736
15972;2020-10-17;T20-21;E0;Man City;Arsenal;1;0;1;1;0,137;0,788;0,075
34550;2020-10-17;T20-21;I1;Inter;Milan;1;2;2;1;0,2498;0,5173;0,2328
15970;2020-10-17;T20-21;E0;Everton;Liverpool;2;2;0;2;0,2526;0,3499;0,3975
6025;2020-10-17;T20-21;D1;M'gladbach;Wolfsburg;1;1;0;1;0,2931;0,4875;0,2194
6023;2020-10-17;T20-21;D1;Mainz;Leverkusen;0;1;2;2;0,2407;0,2327;0,5266
6022;2020-10-17;T20-21;D1;Hoffenheim;Dortmund;0;1;2;2;0,2581;0,3544;0,3875
6020;2020-10-17;T20-21;D1;Freiburg;Werder Bremen;1;1;0;1;0,3146;0,3707;0,3147
6019;2020-10-17;T20-21;D1;Augsburg;RB Leipzig;0;2;2;2;0,2045;0,2103;0,5852
15971;2020-10-17;T20-21;E0;Chelsea;Southampton;3;3;0;1;0,2471;0,6221;0,1308
44558;2020-10-18;T20-21;SP1;Villarreal;Valencia;2;1;1;1;0,2943;0,4575;0,2482
56422;2020-10-18;T20-21;SP2;Sp Gijon;Tenerife;1;1;0;1;0,2953;0,4454;0,2594
56421;2020-10-18;T20-21;SP2;Girona;Oviedo;1;0;1;1;0,3138;0,461;0,2252
56420;2020-10-18;T20-21;SP2;Zaragoza;Malaga;1;2;2;1;0,2901;0,4152;0,2947
44561;2020-10-18;T20-21;SP1;Betis;Sociedad;0;3;2;1;0,2847;0,4545;0,2608
44557;2020-10-18;T20-21;SP1;Ath Bilbao;Levante;2;0;1;1;0,3028;0,3981;0,2991
6026;2020-10-18;T20-21;D1;FC Koln;Ein Frankfurt;1;1;0;2;0,2317;0,2722;0,4961
34556;2020-10-18;T20-21;I1;Udinese;Parma;3;2;1;1;0,2975;0,4769;0,2256
34553;2020-10-18;T20-21;I1;Bologna;Sassuolo;3;4;2;1;0,2955;0,428;0,2765
15977;2020-10-18;T20-21;E0;Leicester;Aston Villa;0;1;2;1;0,2732;0,5489;0,1779
15976;2020-10-18;T20-21;E0;Tottenham;West Ham;3;3;0;1;0,2165;0,655;0,1285
15975;2020-10-18;T20-21;E0;Crystal Palace;Brighton;1;1;0;1;0,3035;0,4159;0,2806
44556;2020-10-18;T20-21;SP1;Eibar;Osasuna;0;0;0;1;0,3093;0,4284;0,2623
56425;2020-10-21;T20-21;SP2;Lugo;Girona;3;0;1;2;0,2699;0,2822;0,4479
56426;2020-10-21;T20-21;SP2;Ponferradina;Tenerife;1;0;1;1;0,3092;0,3669;0,3239
56432;2020-10-22;T20-21;SP2;Oviedo;Vallecano;0;0;0;2;0,2654;0,2838;0,4508
56430;2020-10-22;T20-21;SP2;Malaga;Sp Gijon;1;0;1;1;0,3086;0,4462;0,2453
34559;2020-10-23;T20-21;I1;Sassuolo;Torino;3;3;0;1;0,3004;0,4944;0,2052
44563;2020-10-24;T20-21;SP1;Barcelona;Real Madrid;1;3;2;1;0,2673;0,4321;0,3005
34562;2020-10-24;T20-21;I1;Lazio;Bologna;2;1;1;1;0,2271;0,5824;0,1904
44564;2020-10-24;T20-21;SP1;Osasuna;Ath Bilbao;1;0;1;2;0,2725;0,3477;0,3797
34561;2020-10-24;T20-21;I1;Genoa;Inter;0;2;2;2;0,1809;0,1717;0,6474
44566;2020-10-24;T20-21;SP1;Ath Madrid;Betis;2;0;1;1;0,2802;0,5517;0,1681
56435;2020-10-24;T20-21;SP2;Almeria;Fuenlabrada;3;0;1;1;0,3158;0,4027;0,2816
44565;2020-10-24;T20-21;SP1;Sevilla;Eibar;0;1;2;1;0,2196;0,6274;0,1531
34560;2020-10-24;T20-21;I1;Atalanta;Sampdoria;1;3;2;1;0,2064;0,6333;0,1604
15983;2020-10-24;T20-21;E0;Man United;Chelsea;0;0;0;1;0,2611;0,4857;0,2532
15984;2020-10-24;T20-21;E0;Liverpool;Sheffield United;2;1;1;1;0,1621;0,7428;0,0951
15981;2020-10-24;T20-21;E0;West Ham;Man City;1;1;0;2;0,1849;0,1351;0,68
6033;2020-10-24;T20-21;D1;Dortmund;Schalke 04;3;0;1;1;0,1764;0,7335;0,0901
6032;2020-10-24;T20-21;D1;Union Berlin;Freiburg;1;1;0;1;0,3109;0,3996;0,2895
6031;2020-10-24;T20-21;D1;RB Leipzig;Hertha;2;1;1;1;0,1928;0,6921;0,115
6030;2020-10-24;T20-21;D1;Mainz;M'gladbach;2;3;2;2;0,2454;0,2399;0,5147
6029;2020-10-24;T20-21;D1;Bayern Munich;Ein Frankfurt;5;0;1;1;0,122;0,8017;0,0763
56441;2020-10-25;T20-21;SP2;Malaga;Mirandes;1;1;0;1;0,2992;0,5207;0,1801
56437;2020-10-25;T20-21;SP2;Sp Gijon;Ponferradina;2;1;1;1;0,2983;0,4746;0,2271
44567;2020-10-25;T20-21;SP1;Valladolid;Alaves;0;2;2;1;0,277;0,47;0,253
34567;2020-10-25;T20-21;I1;Juventus;Verona;1;1;0;1;0,1877;0,6512;0,1611
56440;2020-10-25;T20-21;SP2;Albacete;Vallecano;2;1;1;2;0,2757;0,3247;0,3997
15987;2020-10-25;T20-21;E0;Arsenal;Leicester;0;1;2;2;0,2635;0,3662;0,3703
34566;2020-10-25;T20-21;I1;Fiorentina;Udinese;3;2;1;1;0,2866;0,5104;0,203
6035;2020-10-25;T20-21;D1;Werder Bremen;Hoffenheim;1;1;0;2;0,2728;0,282;0,4452
44569;2020-10-25;T20-21;SP1;Getafe;Granada;0;1;2;1;0,3192;0,4358;0,245
15986;2020-10-25;T20-21;E0;Wolves;Newcastle;1;1;0;1;0,2783;0,5562;0,1655
15985;2020-10-25;T20-21;E0;Southampton;Everton;2;0;1;1;0,2881;0,4656;0,2462
6036;2020-10-26;T20-21;D1;Leverkusen;Augsburg;3;1;1;1;0,1915;0,7002;0,1082
15989;2020-10-26;T20-21;E0;Burnley;Tottenham;0;1;2;2;0,2378;0,2756;0,4866
44571;2020-10-26;T20-21;SP1;Levante;Celta;1;1;0;1;0,3029;0,4343;0,2628
34568;2020-10-26;T20-21;I1;Milan;Roma;3;3;0;1;0,2785;0,3718;0,3498
56445;2020-10-28;T20-21;SP2;Albacete;Las Palmas;1;1;0;1;0,3021;0,3827;0,3152
56449;2020-10-29;T20-21;SP2;Alcorcon;Sp Gijon;1;2;2;1;0,3086;0,4317;0,2597
56451;2020-10-29;T20-21;SP2;Mirandes;Zaragoza;1;0;1;1;0,296;0,4389;0,2651
56452;2020-10-29;T20-21;SP2;Tenerife;Lugo;1;1;0;1;0,3157;0,4553;0,229
56454;2020-10-29;T20-21;SP2;Vallecano;Fuenlabrada;2;0;1;1;0,2451;0,5447;0,2102
15990;2020-10-30;T20-21;E0;Wolves;Crystal Palace;2;0;1;1;0,2923;0,5096;0,1981
34571;2020-10-31;T20-21;I1;Bologna;Cagliari;3;2;1;1;0,3214;0,4178;0,2608
44575;2020-10-31;T20-21;SP1;Osasuna;Ath Madrid;1;3;2;2;0,2083;0,2378;0,5538
44576;2020-10-31;T20-21;SP1;Alaves;Barcelona;1;1;0;2;0,2167;0,2026;0,5807
34570;2020-10-31;T20-21;I1;Inter;Parma;2;2;0;1;0,1952;0,7067;0,0982
56456;2020-10-31;T20-21;SP2;Las Palmas;Oviedo;1;2;2;1;0,3009;0,4538;0,2454
26190;2020-10-31;T20-21;F1;Rennes;Brest;2;1;1;1;0,224;0,6361;0,1399
44574;2020-10-31;T20-21;SP1;Ath Bilbao;Sevilla;2;1;1;2;0,2273;0,2146;0,5582
15992;2020-10-31;T20-21;E0;Burnley;Chelsea;0;3;2;2;0,2056;0,1978;0,5966
15991;2020-10-31;T20-21;E0;Sheffield United;Man City;0;1;2;2;0,1806;0,1342;0,6853
6042;2020-10-31;T20-21;D1;M'gladbach;RB Leipzig;1;0;1;2;0,2559;0,3312;0,4129
15993;2020-10-31;T20-21;E0;Liverpool;West Ham;2;1;1;1;0,1651;0,7442;0,0907
6041;2020-10-31;T20-21;D1;FC Koln;Bayern Munich;1;2;2;2;0,1569;0,1066;0,7365
6040;2020-10-31;T20-21;D1;Ein Frankfurt;Werder Bremen;1;1;0;1;0,2774;0,5445;0,1781
6038;2020-10-31;T20-21;D1;Augsburg;Mainz;3;1;1;2;0,2514;0,31;0,4386
34575;2020-11-01;T20-21;I1;Napoli;Sassuolo;0;2;2;1;0,1435;0,7346;0,122
34576;2020-11-01;T20-21;I1;Roma;Fiorentina;2;0;1;1;0,2087;0,6564;0,1348
34577;2020-11-01;T20-21;I1;Sampdoria;Genoa;1;1;0;1;0,3029;0,4794;0,2177
44578;2020-11-01;T20-21;SP1;Celta;Sociedad;1;4;2;2;0,2739;0,3196;0,4065
56459;2020-11-01;T20-21;SP2;Fuenlabrada;Tenerife;1;1;0;1;0,2964;0,3691;0,3345
44580;2020-11-01;T20-21;SP1;Valencia;Getafe;2;2;0;1;0,2962;0,4929;0,2108
34572;2020-11-01;T20-21;I1;Udinese;Milan;1;2;2;2;0,2595;0,3095;0,431
56461;2020-11-01;T20-21;SP2;Lugo;Vallecano;1;0;1;2;0,2766;0,2876;0,4358
56462;2020-11-01;T20-21;SP2;Almeria;Girona;0;0;0;1;0,3024;0,3669;0,3308
44579;2020-11-01;T20-21;SP1;Granada;Levante;1;1;0;1;0,2707;0,4109;0,3184
26198;2020-11-01;T20-21;F1;Lille;Lyon;1;1;0;1;0,2763;0,4197;0,304
34574;2020-11-01;T20-21;I1;Torino;Lazio;3;4;2;2;0,2613;0,2621;0,4765
26196;2020-11-01;T20-21;F1;Reims;Strasbourg;2;1;1;1;0,3092;0,4556;0,2352
26195;2020-11-01;T20-21;F1;Nimes;Metz;0;1;2;1;0,3126;0,4588;0,2286
26193;2020-11-01;T20-21;F1;Angers;Nice;0;3;2;2;0,2749;0,3474;0,3777
26192;2020-11-01;T20-21;F1;St Etienne;Montpellier;0;1;2;1;0,2896;0,3852;0,3253
15997;2020-11-01;T20-21;E0;Tottenham;Brighton;2;1;1;1;0,2211;0,6727;0,1062
15996;2020-11-01;T20-21;E0;Man United;Arsenal;0;1;2;1;0,2096;0,645;0,1454
15995;2020-11-01;T20-21;E0;Newcastle;Everton;2;1;1;2;0,2704;0,333;0,3966
15994;2020-11-01;T20-21;E0;Aston Villa;Southampton;3;4;2;1;0,2858;0,4106;0,3036
6044;2020-11-01;T20-21;D1;Hertha;Wolfsburg;1;1;0;1;0,3094;0,3886;0,302
6043;2020-11-01;T20-21;D1;Freiburg;Leverkusen;2;4;2;2;0,2668;0,2787;0,4544
26197;2020-11-01;T20-21;F1;Monaco;Bordeaux;4;0;1;1;0,3109;0,4947;0,1944
44581;2020-11-02;T20-21;SP1;Villarreal;Valladolid;2;0;1;1;0,3012;0,4921;0,2067
6045;2020-11-02;T20-21;D1;Hoffenheim;Union Berlin;1;3;2;1;0,2155;0,6349;0,1496
34579;2020-11-04;T20-21;I1;Genoa;Torino;1;2;2;2;0,2433;0,3441;0,4126
56466;2020-11-04;T20-21;SP2;Zaragoza;Girona;2;2;0;2;0,281;0,3062;0,4128
56467;2020-11-05;T20-21;SP2;Alcorcon;Ponferradina;0;1;2;1;0,3162;0,4019;0,2819
6046;2020-11-06;T20-21;D1;Werder Bremen;FC Koln;1;1;0;1;0,3044;0,3889;0,3067
16000;2020-11-06;T20-21;E0;Brighton;Burnley;0;0;0;1;0,2901;0,4421;0,2678
16001;2020-11-06;T20-21;E0;Southampton;Newcastle;2;0;1;1;0,2991;0,4811;0,2199
26199;2020-11-06;T20-21;F1;Strasbourg;Marseille;0;1;2;2;0,2564;0,2893;0,4544
34580;2020-11-06;T20-21;I1;Sassuolo;Udinese;0;0;0;1;0,2972;0,5062;0,1966
34581;2020-11-07;T20-21;I1;Cagliari;Sampdoria;2;0;1;1;0,3064;0,374;0,3195
34583;2020-11-07;T20-21;I1;Parma;Fiorentina;0;0;0;1;0,279;0,3743;0,3467
16004;2020-11-07;T20-21;E0;Chelsea;Sheffield United;4;1;1;1;0,2088;0,6833;0,1079
44585;2020-11-07;T20-21;SP1;Sevilla;Osasuna;1;0;1;1;0,2225;0,6508;0,1267
56471;2020-11-07;T20-21;SP2;Mirandes;Sp Gijon;1;0;1;2;0,292;0,3453;0,3627
44584;2020-11-07;T20-21;SP1;Barcelona;Betis;5;2;1;1;0,198;0,7378;0,0642
26201;2020-11-07;T20-21;F1;Paris SG;Rennes;3;0;1;1;0,1861;0,7638;0,0501
16002;2020-11-07;T20-21;E0;Everton;Man United;1;3;2;2;0,2412;0,2668;0,492
26200;2020-11-07;T20-21;F1;Bordeaux;Montpellier;0;2;2;1;0,3168;0,4251;0,2582
6052;2020-11-07;T20-21;D1;Dortmund;Bayern Munich;2;3;2;2;0,2538;0,3026;0,4436
6049;2020-11-07;T20-21;D1;RB Leipzig;Freiburg;3;0;1;1;0,2005;0,6764;0,1232
6048;2020-11-07;T20-21;D1;Mainz;Schalke 04;2;2;0;1;0,2817;0,4545;0,2639
6047;2020-11-07;T20-21;D1;Augsburg;Hertha;0;3;2;1;0,2775;0,4059;0,3166
56478;2020-11-08;T20-21;SP2;Tenerife;Zaragoza;1;0;1;1;0,3078;0,465;0,2272
56476;2020-11-08;T20-21;SP2;Mallorca;Ponferradina;3;0;1;1;0,2924;0,5247;0,1829
56475;2020-11-08;T20-21;SP2;Vallecano;Almeria;0;1;2;1;0,2102;0,5985;0,1913
56474;2020-11-08;T20-21;SP2;Alcorcon;Fuenlabrada;0;3;2;2;0,307;0,338;0,355
44591;2020-11-08;T20-21;SP1;Valencia;Real Madrid;4;1;1;2;0,2143;0,2356;0,5501
44590;2020-11-08;T20-21;SP1;Valladolid;Ath Bilbao;2;1;1;2;0,234;0,2685;0,4974
44589;2020-11-08;T20-21;SP1;Levante;Alaves;1;1;0;1;0,3063;0,4721;0,2216
44588;2020-11-08;T20-21;SP1;Sociedad;Granada;2;0;1;1;0,301;0,5136;0,1854
44587;2020-11-08;T20-21;SP1;Getafe;Villarreal;1;3;2;1;0,3216;0,439;0,2394
34589;2020-11-08;T20-21;I1;Milan;Verona;2;2;0;1;0,1988;0,6507;0,1505
34586;2020-11-08;T20-21;I1;Genoa;Roma;1;3;2;2;0,1789;0,1495;0,6716
34588;2020-11-08;T20-21;I1;Bologna;Napoli;0;1;2;2;0,2742;0,2598;0,466
34584;2020-11-08;T20-21;I1;Lazio;Juventus;1;1;0;2;0,2612;0,2899;0,4488
6053;2020-11-08;T20-21;D1;Wolfsburg;Hoffenheim;2;1;1;1;0,3006;0,4008;0,2986
34585;2020-11-08;T20-21;I1;Atalanta;Inter;1;1;0;2;0,2775;0,3502;0,3722
16007;2020-11-08;T20-21;E0;Leicester;Wolves;1;0;1;1;0,2953;0,4259;0,2788
16008;2020-11-08;T20-21;E0;Man City;Liverpool;1;1;0;1;0,1487;0,7451;0,1062
16009;2020-11-08;T20-21;E0;Arsenal;Aston Villa;0;3;2;1;0,2373;0,6255;0,1372
6054;2020-11-08;T20-21;D1;Leverkusen;M'gladbach;4;3;1;1;0,2769;0,4262;0,2968
26205;2020-11-08;T20-21;F1;Metz;Dijon;1;1;0;1;0,2906;0,4683;0,2411
26206;2020-11-08;T20-21;F1;Nimes;Angers;1;5;2;1;0,2908;0,4153;0,2938
26207;2020-11-08;T20-21;F1;Nice;Monaco;1;2;2;1;0,295;0,4342;0,2708
26208;2020-11-08;T20-21;F1;Lyon;St Etienne;2;1;1;1;0,1888;0,7065;0,1047
26202;2020-11-08;T20-21;F1;Brest;Lille;3;2;1;2;0,2573;0,2797;0,463
56479;2020-11-09;T20-21;SP2;Girona;Las Palmas;1;1;0;1;0,3139;0,4518;0,2343
56480;2020-11-13;T20-21;SP2;Zaragoza;Oviedo;1;2;2;1;0,3012;0,369;0,3298
56482;2020-11-14;T20-21;SP2;Almeria;Mirandes;2;1;1;1;0,3026;0,5127;0,1847
56483;2020-11-14;T20-21;SP2;Girona;Mallorca;0;1;2;1;0,277;0,4272;0,2958
56484;2020-11-14;T20-21;SP2;Lugo;Albacete;1;0;1;1;0,2964;0,3761;0,3275
56486;2020-11-15;T20-21;SP2;Ponferradina;Malaga;1;1;0;2;0,3025;0,3386;0,3589
56489;2020-11-15;T20-21;SP2;Las Palmas;Tenerife;1;0;1;1;0,3032;0,5016;0,1952
56490;2020-11-16;T20-21;SP2;Sp Gijon;Vallecano;1;1;0;1;0,2851;0,3888;0,3261
56491;2020-11-20;T20-21;SP2;Alcorcon;Lugo;1;0;1;1;0,3152;0,4031;0,2817
26209;2020-11-20;T20-21;F1;Rennes;Bordeaux;0;1;2;1;0,2706;0,5625;0,1669
26210;2020-11-20;T20-21;F1;Monaco;Paris SG;3;2;1;2;0,2236;0,1975;0,5788
56496;2020-11-21;T20-21;SP2;Oviedo;Fuenlabrada;1;1;0;1;0,3009;0,3537;0,3453
44596;2020-11-21;T20-21;SP1;Ath Madrid;Barcelona;1;0;1;1;0,2708;0,3685;0,3607
44595;2020-11-21;T20-21;SP1;Sevilla;Celta;4;2;1;1;0,2231;0,6575;0,1195
44594;2020-11-21;T20-21;SP1;Villarreal;Real Madrid;1;1;0;1;0,265;0,3722;0,3628
26211;2020-11-21;T20-21;F1;Brest;St Etienne;4;1;1;1;0,2551;0,4306;0,3144
16011;2020-11-21;T20-21;E0;Aston Villa;Brighton;1;2;2;1;0,2503;0,6104;0,1392
34592;2020-11-21;T20-21;I1;Juventus;Cagliari;2;0;1;1;0,1957;0,677;0,1273
6061;2020-11-21;T20-21;D1;Hertha;Dortmund;2;5;2;2;0,2555;0,2967;0,4478
6060;2020-11-21;T20-21;D1;Ein Frankfurt;RB Leipzig;1;1;0;2;0,2428;0,2315;0,5257
6059;2020-11-21;T20-21;D1;Schalke 04;Wolfsburg;0;2;2;2;0,2714;0,3021;0,4265
6058;2020-11-21;T20-21;D1;M'gladbach;Augsburg;1;1;0;1;0,2227;0,6522;0,1251
6055;2020-11-21;T20-21;D1;Bayern Munich;Werder Bremen;1;1;0;1;0,1094;0,8566;0,034
16010;2020-11-21;T20-21;E0;Newcastle;Chelsea;0;2;2;2;0,1892;0,1793;0,6315
16012;2020-11-21;T20-21;E0;Tottenham;Man City;2;0;1;2;0,266;0,295;0,439
44599;2020-11-22;T20-21;SP1;Granada;Valladolid;1;3;2;1;0,3017;0,4211;0,2772
44597;2020-11-22;T20-21;SP1;Eibar;Getafe;0;0;0;2;0,2493;0,335;0,4158
16015;2020-11-22;T20-21;E0;Sheffield United;West Ham;0;1;2;1;0,2885;0,3713;0,3402
56498;2020-11-22;T20-21;SP2;Mallorca;Sp Gijon;0;0;0;1;0,2745;0,4603;0,2652
34599;2020-11-22;T20-21;I1;Napoli;Milan;1;3;2;1;0,1486;0,7298;0,1216
44600;2020-11-22;T20-21;SP1;Alaves;Valencia;2;2;0;1;0,2698;0,3713;0,3589
34596;2020-11-22;T20-21;I1;Sampdoria;Bologna;1;2;2;1;0,2751;0,4282;0,2967
6062;2020-11-22;T20-21;D1;Freiburg;Mainz;1;3;2;1;0,3035;0,4288;0,2677
34594;2020-11-22;T20-21;I1;Inter;Torino;4;2;1;1;0,206;0,6719;0,122
26216;2020-11-22;T20-21;F1;Angers;Lyon;0;1;2;2;0,2362;0,2494;0,5144
26215;2020-11-22;T20-21;F1;Reims;Nimes;0;1;2;1;0,2454;0,6034;0,1511
26212;2020-11-22;T20-21;F1;Nantes;Metz;1;1;0;1;0,3172;0,4711;0,2118
16017;2020-11-22;T20-21;E0;Liverpool;Leicester;3;0;1;1;0,1738;0,7351;0,0911
56500;2020-11-22;T20-21;SP2;Ponferradina;Zaragoza;2;1;1;1;0,3067;0,3615;0,3318
34595;2020-11-22;T20-21;I1;Roma;Parma;3;0;1;1;0,2067;0,6813;0,112
56501;2020-11-23;T20-21;SP2;Albacete;Almeria;1;2;2;1;0,301;0,359;0,3399
56504;2020-11-24;T20-21;SP2;Lugo;Oviedo;0;0;0;2;0,2705;0,3287;0,4009
56503;2020-11-24;T20-21;SP2;Girona;Malaga;0;1;2;1;0,3169;0,391;0,2921
56507;2020-11-25;T20-21;SP2;Zaragoza;Vallecano;1;2;2;2;0,2498;0,2904;0,4598
56509;2020-11-25;T20-21;SP2;Fuenlabrada;Ponferradina;1;1;0;1;0,3171;0,4007;0,2822
56505;2020-11-25;T20-21;SP2;Las Palmas;Mirandes;0;2;2;1;0,3031;0,5056;0,1912
56512;2020-11-26;T20-21;SP2;Almeria;Tenerife;2;0;1;1;0,3121;0,441;0,2469
56513;2020-11-27;T20-21;SP2;Alcorcon;Girona;1;0;1;2;0,2741;0,3499;0,376
56514;2020-11-27;T20-21;SP2;Malaga;Lugo;2;2;0;1;0,3165;0,4406;0,2429
44602;2020-11-27;T20-21;SP1;Valladolid;Levante;1;1;0;1;0,2601;0,3729;0,367
16020;2020-11-27;T20-21;E0;Crystal Palace;Newcastle;0;2;2;1;0,3154;0,4544;0,2303
26219;2020-11-27;T20-21;F1;Strasbourg;Rennes;1;1;0;2;0,2444;0,2566;0,499
6064;2020-11-27;T20-21;D1;Wolfsburg;Werder Bremen;5;3;1;1;0,261;0,5898;0,1492
44606;2020-11-28;T20-21;SP1;Real Madrid;Alaves;1;2;2;1;0,1898;0,7403;0,0699
44605;2020-11-28;T20-21;SP1;Huesca;Sevilla;0;1;2;2;0,2725;0,2857;0,4419
34602;2020-11-28;T20-21;I1;Atalanta;Verona;0;2;2;1;0,2035;0,6319;0,1647
34600;2020-11-28;T20-21;I1;Sassuolo;Inter;0;3;2;2;0,284;0,3359;0,3801
26221;2020-11-28;T20-21;F1;Paris SG;Bordeaux;2;2;0;1;0,2004;0,7476;0,052
44604;2020-11-28;T20-21;SP1;Valencia;Ath Madrid;0;1;2;2;0,2431;0,2541;0,5028
16021;2020-11-28;T20-21;E0;Brighton;Liverpool;1;1;0;2;0,1912;0,1813;0,6274
6070;2020-11-28;T20-21;D1;M'gladbach;Schalke 04;4;1;1;1;0,2204;0,6559;0,1238
6069;2020-11-28;T20-21;D1;Union Berlin;Ein Frankfurt;3;3;0;1;0,2953;0,3841;0,3206
6066;2020-11-28;T20-21;D1;Dortmund;FC Koln;1;2;2;1;0,1981;0,6965;0,1055
6065;2020-11-28;T20-21;D1;Augsburg;Freiburg;1;1;0;1;0,303;0,4166;0,2803
16022;2020-11-28;T20-21;E0;Man City;Burnley;5;0;1;1;0,1411;0,8076;0,0512
34605;2020-11-29;T20-21;I1;Milan;Fiorentina;2;0;1;1;0,1992;0,6802;0,1206
56522;2020-11-29;T20-21;SP2;Las Palmas;Sp Gijon;3;2;1;1;0,3044;0,496;0,1996
56518;2020-11-29;T20-21;SP2;Albacete;Tenerife;0;2;2;1;0,2942;0,3629;0,3429
44610;2020-11-29;T20-21;SP1;Sociedad;Villarreal;1;1;0;1;0,3101;0,4706;0,2193
44609;2020-11-29;T20-21;SP1;Celta;Granada;3;1;1;1;0,2833;0,4294;0,2873
44608;2020-11-29;T20-21;SP1;Getafe;Ath Bilbao;1;1;0;1;0,3066;0,3883;0,305
44607;2020-11-29;T20-21;SP1;Barcelona;Osasuna;4;0;1;1;0,1589;0,7933;0,0479
34607;2020-11-29;T20-21;I1;Napoli;Roma;4;0;1;1;0,1527;0,6965;0,1508
34603;2020-11-29;T20-21;I1;Lazio;Udinese;1;3;2;1;0,2246;0,6409;0,1345
16027;2020-11-29;T20-21;E0;Arsenal;Wolves;1;2;2;1;0,27;0,4369;0,293
26226;2020-11-29;T20-21;F1;Monaco;Nimes;3;0;1;1;0,2259;0,622;0,152
26225;2020-11-29;T20-21;F1;Metz;Brest;0;2;2;1;0,3052;0,3903;0,3045
26222;2020-11-29;T20-21;F1;Lyon;Reims;3;0;1;1;0,2121;0,6827;0,1052
16026;2020-11-29;T20-21;E0;Chelsea;Tottenham;0;0;0;1;0,2015;0,6682;0,1303
16025;2020-11-29;T20-21;E0;Southampton;Man United;2;3;2;2;0,2677;0,3612;0,371
6072;2020-11-29;T20-21;D1;Mainz;Hoffenheim;1;1;0;1;0,2826;0,3678;0,3496
6071;2020-11-29;T20-21;D1;Leverkusen;Hertha;0;0;0;1;0,2034;0,6846;0,112
26228;2020-11-29;T20-21;F1;St Etienne;Lille;1;1;0;2;0,2035;0,1989;0,5976
56523;2020-11-30;T20-21;SP2;Oviedo;Almeria;1;2;2;1;0,3037;0,3773;0,319
16029;2020-11-30;T20-21;E0;West Ham;Aston Villa;2;1;1;1;0,3075;0,4451;0,2474
34608;2020-11-30;T20-21;I1;Torino;Sampdoria;2;2;0;1;0,2958;0,3898;0,3144
44611;2020-11-30;T20-21;SP1;Betis;Eibar;0;2;2;1;0,3122;0,4428;0,245
34609;2020-11-30;T20-21;I1;Genoa;Parma;1;2;2;1;0,2907;0,4261;0,2832
56525;2020-12-01;T20-21;SP2;Girona;Mirandes;1;0;1;1;0,31;0,4417;0,2484
56524;2020-12-01;T20-21;SP2;Fuenlabrada;Malaga;0;2;2;1;0,307;0,3829;0,3102
56526;2020-12-02;T20-21;SP2;Cartagena;Espanol;1;3;2;2;0,2409;0,2556;0,5035
56527;2020-12-02;T20-21;SP2;Leganes;Vallecano;1;0;1;1;0,2823;0,4126;0,3051
56529;2020-12-02;T20-21;SP2;Castellon;Zaragoza;1;0;1;1;0,2797;0,3609;0,3593
56530;2020-12-02;T20-21;SP2;Lugo;Las Palmas;1;1;0;1;0,2838;0,3842;0,332
56531;2020-12-03;T20-21;SP2;Almeria;Mallorca;0;1;2;2;0,2758;0,3294;0,3948
56532;2020-12-03;T20-21;SP2;Oviedo;Alcorcon;1;1;0;1;0,309;0,4709;0,2201
56534;2020-12-03;T20-21;SP2;Sp Gijon;Albacete;0;0;0;1;0,295;0,4986;0,2064
44612;2020-12-04;T20-21;SP1;Ath Bilbao;Celta;0;2;2;1;0,3091;0,4446;0,2463
26229;2020-12-04;T20-21;F1;Nimes;Marseille;0;2;2;2;0,2655;0,3189;0,4156
6073;2020-12-04;T20-21;D1;Hertha;Union Berlin;3;1;1;1;0,3107;0,3861;0,3032
56538;2020-12-05;T20-21;SP2;Malaga;Cartagena;1;2;2;1;0,2932;0,454;0,2528
56537;2020-12-05;T20-21;SP2;Mirandes;Lugo;0;0;0;1;0,3121;0,4599;0,2281
56536;2020-12-05;T20-21;SP2;Ponferradina;Las Palmas;0;0;0;2;0,2823;0,3558;0,362
56535;2020-12-05;T20-21;SP2;Vallecano;Logrones;2;1;1;1;0,2489;0,609;0,1421
44615;2020-12-05;T20-21;SP1;Ath Madrid;Valladolid;2;0;1;1;0,26;0,6083;0,1317
44614;2020-12-05;T20-21;SP1;Sevilla;Real Madrid;0;1;2;1;0,2606;0,3853;0,3541
44613;2020-12-05;T20-21;SP1;Levante;Getafe;3;0;1;1;0,2948;0,4987;0,2066
34612;2020-12-05;T20-21;I1;Inter;Bologna;3;1;1;1;0,2025;0,6513;0,1462
16031;2020-12-05;T20-21;E0;Man City;Fulham;2;0;1;1;0,1451;0,8072;0,0478
26231;2020-12-05;T20-21;F1;Montpellier;Paris SG;1;3;2;2;0,2146;0,2026;0,5828
16032;2020-12-05;T20-21;E0;West Ham;Man United;1;3;2;2;0,2376;0,281;0,4814
16030;2020-12-05;T20-21;E0;Burnley;Everton;1;1;0;2;0,2481;0,2922;0,4597
6078;2020-12-05;T20-21;D1;Bayern Munich;RB Leipzig;3;3;0;1;0,1436;0,758;0,0985
6077;2020-12-05;T20-21;D1;Freiburg;M'gladbach;2;2;0;2;0,27;0,3332;0,3968
6076;2020-12-05;T20-21;D1;FC Koln;Wolfsburg;2;2;0;2;0,2566;0,2884;0,455
6075;2020-12-05;T20-21;D1;Ein Frankfurt;Dortmund;1;1;0;2;0,2554;0,3123;0,4323
34611;2020-12-05;T20-21;I1;Juventus;Torino;2;1;1;1;0,1966;0,6602;0,1432
44620;2020-12-06;T20-21;SP1;Alaves;Sociedad;0;0;0;2;0,2763;0,2447;0,479
44617;2020-12-06;T20-21;SP1;Granada;Huesca;3;3;0;1;0,2986;0,4118;0,2897
44618;2020-12-06;T20-21;SP1;Osasuna;Betis;0;2;2;1;0,304;0,3574;0,3387
56539;2020-12-06;T20-21;SP2;Alcorcon;Almeria;0;1;2;2;0,3082;0,3409;0,3509
34617;2020-12-06;T20-21;I1;Sampdoria;Milan;1;2;2;2;0,2328;0,2766;0,4906
56541;2020-12-06;T20-21;SP2;Albacete;Girona;0;2;2;1;0,2903;0,367;0,3427
56542;2020-12-06;T20-21;SP2;Sabadell;Oviedo;0;1;2;2;0,2729;0,2822;0,4449
56543;2020-12-06;T20-21;SP2;Zaragoza;Fuenlabrada;1;0;1;2;0,2741;0,3373;0,3886
56540;2020-12-06;T20-21;SP2;Espanol;Sp Gijon;2;0;1;1;0,2625;0,5832;0,1543
34615;2020-12-06;T20-21;I1;Roma;Sassuolo;0;0;0;1;0,2094;0,6283;0,1622
34613;2020-12-06;T20-21;I1;Verona;Cagliari;1;1;0;1;0,3153;0,4422;0,2425
26238;2020-12-06;T20-21;F1;Metz;Lyon;1;3;2;2;0,2226;0,2298;0,5476
26237;2020-12-06;T20-21;F1;Reims;Nice;0;0;0;1;0,2962;0,3973;0,3065
26236;2020-12-06;T20-21;F1;Nantes;Strasbourg;0;4;2;1;0,3141;0,4645;0,2214
26235;2020-12-06;T20-21;F1;Dijon;St Etienne;0;0;0;1;0,2605;0,3912;0,3483
26234;2020-12-06;T20-21;F1;Bordeaux;Brest;1;0;1;1;0,3221;0,427;0,2509
26232;2020-12-06;T20-21;F1;Lille;Monaco;2;1;1;1;0,2492;0,5497;0,2011
16037;2020-12-06;T20-21;E0;Liverpool;Wolves;4;0;1;1;0,1593;0,7597;0,0811
16036;2020-12-06;T20-21;E0;Tottenham;Arsenal;2;0;1;1;0,2709;0,4709;0,2581
16035;2020-12-06;T20-21;E0;Sheffield United;Leicester;1;2;2;2;0,2803;0,3397;0,38
6080;2020-12-06;T20-21;D1;Schalke 04;Leverkusen;0;3;2;2;0,1588;0,1595;0,6816
56544;2020-12-07;T20-21;SP2;Tenerife;Leganes;0;0;0;1;0,3083;0,3948;0,2969
44621;2020-12-07;T20-21;SP1;Eibar;Valencia;0;0;0;1;0,2791;0,4715;0,2495
56545;2020-12-07;T20-21;SP2;Mallorca;Castellon;3;1;1;1;0,2492;0,6152;0,1355
16038;2020-12-07;T20-21;E0;Brighton;Southampton;1;2;2;1;0,2862;0,3661;0,3478
6081;2020-12-07;T20-21;D1;Hoffenheim;Augsburg;3;1;1;1;0,194;0,7039;0,1021
34618;2020-12-07;T20-21;I1;Fiorentina;Genoa;1;1;0;1;0,3117;0,4163;0,272
56546;2020-12-09;T20-21;SP2;Almeria;Zaragoza;1;0;1;1;0,3032;0,5047;0,1921
56547;2020-12-09;T20-21;SP2;Sabadell;Alcorcon;1;1;0;2;0,2792;0,3242;0,3967
56548;2020-12-10;T20-21;SP2;Girona;Logrones;2;0;1;1;0,3167;0,4494;0,2339
56550;2020-12-11;T20-21;SP2;Oviedo;Tenerife;4;2;1;1;0,2856;0,3978;0,3165
44622;2020-12-11;T20-21;SP1;Valladolid;Osasuna;3;2;1;1;0,2929;0,4335;0,2736
56549;2020-12-11;T20-21;SP2;Lugo;Ponferradina;1;0;1;1;0,3051;0,4125;0,2824
6082;2020-12-11;T20-21;D1;Wolfsburg;Ein Frankfurt;2;1;1;1;0,3054;0,4067;0,288
26239;2020-12-11;T20-21;F1;St Etienne;Angers;0;0;0;1;0,299;0,3654;0,3356
34622;2020-12-12;T20-21;I1;Lazio;Verona;1;2;2;1;0,2301;0,6045;0,1654
56553;2020-12-12;T20-21;SP2;Fuenlabrada;Mirandes;0;1;2;1;0,3125;0,4259;0,2616
56552;2020-12-12;T20-21;SP2;Castellon;Albacete;3;0;1;1;0,2773;0,3745;0,3482
56551;2020-12-12;T20-21;SP2;Leganes;Mallorca;0;1;2;2;0,2492;0,2777;0,4731
44625;2020-12-12;T20-21;SP1;Huesca;Alaves;1;0;1;1;0,3198;0,388;0,2922
44624;2020-12-12;T20-21;SP1;Getafe;Sevilla;0;1;2;2;0,2583;0,2999;0,4419
44623;2020-12-12;T20-21;SP1;Valencia;Ath Bilbao;2;2;0;1;0,3064;0,3612;0,3324
34621;2020-12-12;T20-21;I1;Torino;Udinese;2;3;2;1;0,3054;0,4748;0,2197
44626;2020-12-12;T20-21;SP1;Real Madrid;Ath Madrid;2;0;1;1;0,2583;0,3862;0,3556
16043;2020-12-12;T20-21;E0;Everton;Chelsea;1;0;1;2;0,213;0,2186;0,5685
6083;2020-12-12;T20-21;D1;Dortmund;Stuttgart;1;5;2;1;0,2169;0,6109;0,1721
6085;2020-12-12;T20-21;D1;Mainz;FC Koln;0;1;2;1;0,3149;0,419;0,266
6086;2020-12-12;T20-21;D1;M'gladbach;Hertha;1;1;0;1;0,2276;0,6415;0,1309
26240;2020-12-12;T20-21;F1;Marseille;Monaco;2;1;1;1;0,2621;0,4725;0,2654
6088;2020-12-12;T20-21;D1;Union Berlin;Bayern Munich;1;1;0;2;0,2087;0,1705;0,6208
16040;2020-12-12;T20-21;E0;Wolves;Aston Villa;0;1;2;1;0,2492;0,6001;0,1507
16042;2020-12-12;T20-21;E0;Man United;Man City;0;0;0;2;0,2335;0,2607;0,5059
6087;2020-12-12;T20-21;D1;RB Leipzig;Werder Bremen;2;0;1;1;0,1884;0,7047;0,1069
56558;2020-12-13;T20-21;SP2;Sp Gijon;Zaragoza;1;0;1;1;0,3018;0,433;0,2651
34625;2020-12-13;T20-21;I1;Bologna;Roma;1;5;2;2;0,2735;0,2756;0,4509
34626;2020-12-13;T20-21;I1;Napoli;Sampdoria;2;1;1;1;0,1364;0,7708;0,0928
34627;2020-12-13;T20-21;I1;Genoa;Juventus;1;3;2;2;0,1878;0,1478;0,6644
34628;2020-12-13;T20-21;I1;Milan;Parma;2;2;0;1;0,1987;0,7042;0,0971
44627;2020-12-13;T20-21;SP1;Sociedad;Eibar;1;1;0;1;0,2839;0,5226;0,1936
44630;2020-12-13;T20-21;SP1;Barcelona;Levante;1;0;1;1;0,1981;0,6858;0,116
56554;2020-12-13;T20-21;SP2;Logrones;Espanol;0;3;2;2;0,2175;0,238;0,5445
56555;2020-12-13;T20-21;SP2;Almeria;Malaga;3;1;1;1;0,3068;0,4408;0,2524
34624;2020-12-13;T20-21;I1;Atalanta;Fiorentina;3;0;1;1;0,1994;0,67;0,1306
56557;2020-12-13;T20-21;SP2;Cartagena;Sabadell;1;2;2;1;0,3234;0,405;0,2716
44628;2020-12-13;T20-21;SP1;Betis;Villarreal;1;1;0;1;0,3251;0,3944;0,2804
56556;2020-12-13;T20-21;SP2;Las Palmas;Alcorcon;0;0;0;1;0,3048;0,4987;0,1964
26248;2020-12-13;T20-21;F1;Paris SG;Lyon;0;1;2;1;0,2028;0,6775;0,1197
26247;2020-12-13;T20-21;F1;Lille;Bordeaux;2;1;1;1;0,2494;0,6049;0,1457
6089;2020-12-13;T20-21;D1;Augsburg;Schalke 04;2;2;0;1;0,2874;0,4483;0,2643
34623;2020-12-13;T20-21;I1;Cagliari;Inter;1;3;2;2;0,2307;0,1944;0,5749
16044;2020-12-13;T20-21;E0;Southampton;Sheffield United;3;0;1;1;0,2685;0,4594;0,2721
16045;2020-12-13;T20-21;E0;Crystal Palace;Tottenham;1;1;0;2;0,2646;0,345;0,3904
16046;2020-12-13;T20-21;E0;Fulham;Liverpool;1;1;0;2;0,1899;0,1682;0,6419
6090;2020-12-13;T20-21;D1;Leverkusen;Hoffenheim;4;1;1;1;0,2044;0,6421;0,1536
16048;2020-12-13;T20-21;E0;Leicester;Brighton;3;0;1;1;0,2853;0,5589;0,1558
26242;2020-12-13;T20-21;F1;Nice;Rennes;0;1;2;1;0,3121;0,4076;0,2803
26243;2020-12-13;T20-21;F1;Brest;Reims;2;1;1;1;0,2983;0,4252;0,2765
26245;2020-12-13;T20-21;F1;Nantes;Dijon;1;1;0;1;0,3131;0,473;0,2139
26246;2020-12-13;T20-21;F1;Strasbourg;Metz;2;2;0;1;0,3051;0,4435;0,2514
16047;2020-12-13;T20-21;E0;Arsenal;Burnley;0;1;2;1;0,2891;0,4873;0,2237
56559;2020-12-14;T20-21;SP2;Girona;Vallecano;0;0;0;1;0,3029;0,4007;0,2963
44632;2020-12-15;T20-21;SP1;Real Madrid;Ath Bilbao;3;1;1;1;0,1797;0,7433;0,0771
6091;2020-12-15;T20-21;D1;Ein Frankfurt;M'gladbach;3;3;0;2;0,2694;0,3476;0,383
6092;2020-12-15;T20-21;D1;Hertha;Mainz;0;0;0;1;0,3263;0,432;0,2416
6093;2020-12-15;T20-21;D1;Stuttgart;Union Berlin;2;2;0;1;0,304;0,4023;0,2937
6094;2020-12-15;T20-21;D1;Werder Bremen;Dortmund;1;2;2;2;0,2383;0,2279;0,5338
16049;2020-12-15;T20-21;E0;Wolves;Chelsea;2;1;1;2;0,239;0,2517;0,5093
26258;2020-12-16;T20-21;F1;Rennes;Marseille;2;1;1;1;0,2836;0,413;0,3034
34631;2020-12-16;T20-21;I1;Juventus;Atalanta;1;1;0;1;0,2496;0,523;0,2274
26254;2020-12-16;T20-21;F1;Bordeaux;St Etienne;1;2;2;1;0,2918;0,42;0,2882
26255;2020-12-16;T20-21;F1;Lyon;Brest;2;2;0;1;0,2358;0,6373;0,1269
34632;2020-12-16;T20-21;I1;Fiorentina;Sassuolo;1;1;0;1;0,3074;0,4201;0,2725
26253;2020-12-16;T20-21;F1;Reims;Nantes;3;2;1;1;0,3141;0,4635;0,2225
34634;2020-12-16;T20-21;I1;Inter;Napoli;1;0;1;2;0,2842;0,3365;0,3792
34635;2020-12-16;T20-21;I1;Parma;Cagliari;0;0;0;1;0,2888;0,4425;0,2687
34637;2020-12-16;T20-21;I1;Verona;Sampdoria;1;2;2;1;0,2917;0,448;0,2603
44633;2020-12-16;T20-21;SP1;Barcelona;Sociedad;2;1;1;1;0,2047;0,673;0,1223
34633;2020-12-16;T20-21;I1;Genoa;Milan;2;2;0;2;0,195;0,1655;0,6395
26252;2020-12-16;T20-21;F1;Nimes;Nice;0;2;2;2;0,2617;0,3098;0,4285
6099;2020-12-16;T20-21;D1;Hoffenheim;RB Leipzig;0;1;2;2;0,2559;0,3102;0,4339
26250;2020-12-16;T20-21;F1;Dijon;Lille;0;2;2;2;0,2032;0,1985;0,5983
26249;2020-12-16;T20-21;F1;Angers;Strasbourg;0;2;2;1;0,3028;0,4092;0,288
16056;2020-12-16;T20-21;E0;West Ham;Crystal Palace;1;1;0;1;0,297;0,4629;0,2401
16055;2020-12-16;T20-21;E0;Liverpool;Tottenham;2;1;1;1;0,1593;0,7576;0,083
16054;2020-12-16;T20-21;E0;Fulham;Brighton;0;0;0;1;0,2987;0,4152;0,2861
16053;2020-12-16;T20-21;E0;Leicester;Everton;0;2;2;1;0,2962;0,4353;0,2685
16051;2020-12-16;T20-21;E0;Arsenal;Southampton;1;1;0;1;0,2872;0,4019;0,3109
26251;2020-12-16;T20-21;F1;Montpellier;Metz;0;2;2;1;0,2554;0,6115;0,1331
6098;2020-12-16;T20-21;D1;FC Koln;Leverkusen;0;4;2;2;0,1969;0,1725;0,6306
6096;2020-12-16;T20-21;D1;Bayern Munich;Wolfsburg;2;1;1;1;0,1326;0,7762;0,0911
6095;2020-12-16;T20-21;D1;Schalke 04;Freiburg;0;2;2;2;0,2589;0,3507;0,3904
16058;2020-12-17;T20-21;E0;Sheffield United;Man United;2;3;2;2;0,2209;0,2209;0,5582
34638;2020-12-17;T20-21;I1;Roma;Torino;3;1;1;1;0,1958;0,6755;0,1286
16057;2020-12-17;T20-21;E0;Aston Villa;Burnley;0;0;0;1;0,2813;0,4506;0,2681
6100;2020-12-18;T20-21;D1;Union Berlin;Dortmund;2;1;1;2;0,2629;0,3435;0,3935
44634;2020-12-18;T20-21;SP1;Ath Bilbao;Huesca;2;0;1;1;0,3192;0,4597;0,2211
56560;2020-12-18;T20-21;SP2;Ponferradina;Oviedo;1;0;1;2;0,3026;0,3388;0,3586
34639;2020-12-19;T20-21;I1;Fiorentina;Verona;1;1;0;1;0,3114;0,4069;0,2817
56563;2020-12-19;T20-21;SP2;Zaragoza;Lugo;1;0;1;1;0,3091;0,4236;0,2673
56562;2020-12-19;T20-21;SP2;Mallorca;Fuenlabrada;2;3;2;1;0,2725;0,5762;0,1514
56561;2020-12-19;T20-21;SP2;Sabadell;Castellon;1;1;0;1;0,2548;0,4291;0,3161
44639;2020-12-19;T20-21;SP1;Sevilla;Valladolid;1;1;0;1;0,2238;0,6572;0,1191
44638;2020-12-19;T20-21;SP1;Osasuna;Villarreal;1;3;2;1;0,2974;0,3945;0,3081
44637;2020-12-19;T20-21;SP1;Levante;Sociedad;2;1;1;1;0,2888;0,3576;0,3537
44636;2020-12-19;T20-21;SP1;Barcelona;Valencia;2;2;0;1;0,171;0,7807;0,0482
34641;2020-12-19;T20-21;I1;Parma;Juventus;0;4;2;2;0,1956;0,1792;0,6251
26261;2020-12-19;T20-21;F1;Nice;Lyon;1;4;2;2;0,2422;0,271;0,4868
16060;2020-12-19;T20-21;E0;Southampton;Man City;0;1;2;2;0,2466;0,2705;0,483
16062;2020-12-19;T20-21;E0;Newcastle;Fulham;1;1;0;1;0,3203;0,4395;0,2402
16061;2020-12-19;T20-21;E0;Everton;Arsenal;2;1;1;2;0,2602;0,3483;0,3915
16059;2020-12-19;T20-21;E0;Crystal Palace;Liverpool;0;7;2;2;0,2014;0,1836;0,6151
6106;2020-12-19;T20-21;D1;Leverkusen;Bayern Munich;1;2;2;2;0,2507;0,2307;0,5185
6104;2020-12-19;T20-21;D1;RB Leipzig;FC Koln;0;0;0;1;0,1836;0,7098;0,1065
6103;2020-12-19;T20-21;D1;M'gladbach;Hoffenheim;1;2;2;1;0,2882;0,4521;0,2597
6102;2020-12-19;T20-21;D1;Mainz;Werder Bremen;0;1;2;1;0,2945;0,4376;0,268
6101;2020-12-19;T20-21;D1;Augsburg;Ein Frankfurt;0;2;2;2;0,2475;0,2723;0,4802
26260;2020-12-19;T20-21;F1;Marseille;Reims;1;1;0;1;0,2947;0,4825;0,2228
34647;2020-12-20;T20-21;I1;Atalanta;Roma;4;1;1;2;0,2785;0,3453;0,3762
34648;2020-12-20;T20-21;I1;Lazio;Napoli;2;0;1;2;0,2734;0,2812;0,4454
44640;2020-12-20;T20-21;SP1;Celta;Alaves;2;0;1;1;0,2865;0,4093;0,3043
44641;2020-12-20;T20-21;SP1;Granada;Betis;2;0;1;2;0,2995;0,3424;0,3581
56567;2020-12-20;T20-21;SP2;Malaga;Logrones;0;0;0;1;0,2987;0,4598;0,2415
56564;2020-12-20;T20-21;SP2;Alcorcon;Cartagena;2;1;1;1;0,3175;0,447;0,2356
56565;2020-12-20;T20-21;SP2;Espanol;Almeria;2;1;1;1;0,2413;0,6234;0,1353
56566;2020-12-20;T20-21;SP2;Vallecano;Las Palmas;2;0;1;1;0,2154;0,6641;0,1205
34646;2020-12-20;T20-21;I1;Sassuolo;Milan;1;2;2;1;0,2696;0,3665;0,3639
44643;2020-12-20;T20-21;SP1;Eibar;Real Madrid;1;3;2;2;0,2198;0,2304;0,5497
34644;2020-12-20;T20-21;I1;Cagliari;Udinese;1;1;0;1;0,2958;0,4351;0,2691
16063;2020-12-20;T20-21;E0;Brighton;Sheffield United;1;1;0;1;0,2782;0,4539;0,2679
26268;2020-12-20;T20-21;F1;Lille;Paris SG;0;0;0;2;0,245;0,3131;0,4419
26267;2020-12-20;T20-21;F1;Lorient;Rennes;0;3;2;2;0,229;0,2243;0,5467
26266;2020-12-20;T20-21;F1;Strasbourg;Bordeaux;0;2;2;1;0,2879;0,4094;0,3027
26265;2020-12-20;T20-21;F1;St Etienne;Nimes;2;2;0;1;0,3018;0,4787;0,2195
26264;2020-12-20;T20-21;F1;Nantes;Angers;1;1;0;1;0,3184;0,4209;0,2607
26263;2020-12-20;T20-21;F1;Dijon;Monaco;0;1;2;2;0,252;0,2787;0,4693
26262;2020-12-20;T20-21;F1;Brest;Montpellier;2;2;0;1;0,2956;0,4061;0,2983
16064;2020-12-20;T20-21;E0;Tottenham;Leicester;0;2;2;1;0,2856;0,4224;0,2921
34642;2020-12-20;T20-21;I1;Torino;Bologna;1;1;0;2;0,2819;0,3501;0,368
6108;2020-12-20;T20-21;D1;Wolfsburg;Stuttgart;1;0;1;1;0,3016;0,4096;0,2888
6107;2020-12-20;T20-21;D1;Freiburg;Hertha;4;1;1;1;0,3135;0,4446;0,2418
56569;2020-12-21;T20-21;SP2;Sp Gijon;Leganes;1;1;0;2;0,2578;0,3251;0,4171
56568;2020-12-21;T20-21;SP2;Mirandes;Albacete;0;2;2;1;0,2773;0,456;0,2668
56570;2020-12-21;T20-21;SP2;Tenerife;Girona;2;0;1;1;0,3098;0,4317;0,2586
16067;2020-12-21;T20-21;E0;Burnley;Wolves;2;1;1;2;0,2425;0,3023;0,4552
16068;2020-12-21;T20-21;E0;Chelsea;West Ham;3;0;1;1;0,2364;0,6443;0,1193
34650;2020-12-22;T20-21;I1;Juventus;Fiorentina;0;3;2;1;0,1996;0,6669;0,1334
44645;2020-12-22;T20-21;SP1;Valencia;Sevilla;0;1;2;2;0,2465;0,2651;0,4883
44646;2020-12-22;T20-21;SP1;Huesca;Levante;1;1;0;1;0,3044;0,391;0,3046
44647;2020-12-22;T20-21;SP1;Sociedad;Ath Madrid;0;2;2;2;0,2602;0,3178;0,422
44648;2020-12-22;T20-21;SP1;Valladolid;Barcelona;0;3;2;2;0,1936;0,1735;0,6328
44649;2020-12-22;T20-21;SP1;Villarreal;Ath Bilbao;1;1;0;1;0,2965;0,3904;0,3131
34653;2020-12-23;T20-21;I1;Milan;Lazio;3;2;1;1;0,2063;0,667;0,1267
34654;2020-12-23;T20-21;I1;Napoli;Torino;1;1;0;1;0,1459;0,759;0,0951
34655;2020-12-23;T20-21;I1;Roma;Cagliari;3;2;1;1;0,1943;0,6843;0,1214
44652;2020-12-23;T20-21;SP1;Alaves;Eibar;2;1;1;2;0,2738;0,2987;0,4274
44650;2020-12-23;T20-21;SP1;Getafe;Celta;1;1;0;1;0,3073;0,4876;0,2052
44651;2020-12-23;T20-21;SP1;Real Madrid;Granada;2;0;1;1;0,1962;0,7177;0,0861
34652;2020-12-23;T20-21;I1;Bologna;Atalanta;2;2;0;2;0,2717;0,2575;0,4708
34656;2020-12-23;T20-21;I1;Sampdoria;Sassuolo;2;3;2;1;0,2757;0,4387;0,2856
26278;2020-12-23;T20-21;F1;Paris SG;Strasbourg;4;0;1;1;0,1993;0,7418;0,0588
34651;2020-12-23;T20-21;I1;Verona;Inter;1;2;2;2;0,2296;0,2226;0,5478
26277;2020-12-23;T20-21;F1;Montpellier;Lille;2;3;2;2;0,2659;0,3226;0,4116
26276;2020-12-23;T20-21;F1;Monaco;St Etienne;2;2;0;1;0,2322;0,6111;0,1567
26275;2020-12-23;T20-21;F1;Lyon;Nantes;3;0;1;1;0,2271;0,6533;0,1197
26274;2020-12-23;T20-21;F1;Angers;Marseille;2;1;1;2;0,2594;0,3284;0,4122
26273;2020-12-23;T20-21;F1;Rennes;Metz;1;0;1;1;0,2567;0,5734;0,1699
26272;2020-12-23;T20-21;F1;Nimes;Dijon;1;3;2;1;0,3048;0,4386;0,2566
26271;2020-12-23;T20-21;F1;Nice;Lorient;2;2;0;1;0,252;0,6154;0,1326
26270;2020-12-23;T20-21;F1;Lens;Brest;2;1;1;1;0,3009;0,5085;0,1906
26269;2020-12-23;T20-21;F1;Bordeaux;Reims;1;3;2;1;0,286;0,4512;0,2628
16074;2020-12-26;T20-21;E0;Sheffield United;Everton;0;1;2;2;0,2697;0,3375;0,3928
16073;2020-12-26;T20-21;E0;Man City;Newcastle;2;0;1;1;0,133;0,8245;0,0425
16072;2020-12-26;T20-21;E0;Arsenal;Chelsea;3;1;1;2;0,2171;0,2647;0,5183
16071;2020-12-26;T20-21;E0;Fulham;Southampton;0;0;0;2;0,2681;0,3144;0,4174
16070;2020-12-26;T20-21;E0;Aston Villa;Crystal Palace;3;0;1;1;0,238;0,6424;0,1196
16069;2020-12-26;T20-21;E0;Leicester;Man United;2;2;0;2;0,2666;0,3582;0,3752
16076;2020-12-27;T20-21;E0;West Ham;Brighton;2;2;0;1;0,3202;0,4907;0,189
16078;2020-12-27;T20-21;E0;Wolves;Tottenham;1;1;0;2;0,2615;0,3657;0,3728
16080;2020-12-28;T20-21;E0;Chelsea;Aston Villa;1;1;0;1;0,2369;0,616;0,1471
16079;2020-12-28;T20-21;E0;Crystal Palace;Leicester;1;1;0;2;0,2649;0,3008;0,4343
44656;2020-12-29;T20-21;SP1;Cadiz;Valladolid;0;0;0;1;0,2957;0,4149;0,2894
16084;2020-12-29;T20-21;E0;West Brom;Leeds;0;5;2;2;0,2418;0,249;0,5092
44655;2020-12-29;T20-21;SP1;Barcelona;Eibar;1;1;0;1;0,1981;0,6915;0,1104
44657;2020-12-29;T20-21;SP1;Levante;Betis;4;3;1;1;0,3034;0,4187;0,2779
44654;2020-12-29;T20-21;SP1;Sevilla;Villarreal;2;0;1;1;0,2978;0,4819;0,2203
16081;2020-12-29;T20-21;E0;Brighton;Arsenal;0;1;2;2;0,2447;0,2921;0,4632
16083;2020-12-29;T20-21;E0;Southampton;West Ham;0;0;0;1;0,2979;0,4937;0,2083
16082;2020-12-29;T20-21;E0;Burnley;Sheffield United;1;0;1;1;0,2634;0,457;0,2796
16085;2020-12-29;T20-21;E0;Man United;Wolves;1;0;1;1;0,2131;0,6635;0,1234
16086;2020-12-30;T20-21;E0;Newcastle;Liverpool;0;0;0;2;0,187;0,1672;0,6459
44658;2020-12-30;T20-21;SP1;Granada;Valencia;2;1;1;1;0,2883;0,4091;0,3026
44659;2020-12-30;T20-21;SP1;Ath Madrid;Getafe;1;0;1;1;0,2604;0,595;0,1446
44660;2020-12-30;T20-21;SP1;Celta;Huesca;2;1;1;1;0,2903;0,4196;0,2901
44662;2020-12-31;T20-21;SP1;Ath Bilbao;Sociedad;0;1;2;1;0,3251;0,3628;0,3121
44663;2020-12-31;T20-21;SP1;Osasuna;Alaves;1;1;0;1;0,3239;0,3923;0,2838
16087;2021-01-01;T20-21;E0;Everton;West Ham;0;1;2;1;0,3014;0,428;0,2705
16088;2021-01-01;T20-21;E0;Man United;Aston Villa;2;1;1;1;0,2213;0,6246;0,1541
44666;2021-01-02;T20-21;SP1;Getafe;Valladolid;0;1;2;1;0,3015;0,4538;0,2447
44667;2021-01-02;T20-21;SP1;Real Madrid;Celta;2;0;1;1;0,2054;0,6934;0,1012
56571;2021-01-02;T20-21;SP2;Fuenlabrada;Leganes;0;0;0;1;0,2656;0,378;0,3564
6115;2021-01-02;T20-21;D1;Stuttgart;RB Leipzig;0;1;2;2;0,2608;0,2655;0,4737
56573;2021-01-02;T20-21;SP2;Logrones;Mirandes;2;1;1;2;0,2624;0,3327;0,4049
56574;2021-01-02;T20-21;SP2;Cartagena;Zaragoza;1;1;0;2;0,2743;0,329;0,3967
44665;2021-01-02;T20-21;SP1;Betis;Sevilla;1;1;0;2;0,2888;0,3022;0,409
56572;2021-01-02;T20-21;SP2;Vallecano;Alcorcon;2;1;1;1;0,2482;0,6113;0,1405
44664;2021-01-02;T20-21;SP1;Villarreal;Levante;2;1;1;1;0,2988;0,4922;0,209
6112;2021-01-02;T20-21;D1;Hoffenheim;Freiburg;1;3;2;1;0,3036;0,4041;0,2924
16091;2021-01-02;T20-21;E0;Brighton;Wolves;3;3;0;1;0,2927;0,3668;0,3405
16090;2021-01-02;T20-21;E0;Crystal Palace;Sheffield United;2;0;1;1;0,2725;0,4501;0,2774
16089;2021-01-02;T20-21;E0;Tottenham;Leeds;3;0;1;1;0,3061;0,4017;0,2922
6114;2021-01-02;T20-21;D1;Hertha;Schalke 04;3;0;1;1;0,3122;0,4467;0,2411
6113;2021-01-02;T20-21;D1;Werder Bremen;Union Berlin;0;2;2;1;0,3049;0,3633;0,3318
6111;2021-01-02;T20-21;D1;FC Koln;Augsburg;0;1;2;1;0,2968;0,4535;0,2497
6110;2021-01-02;T20-21;D1;Ein Frankfurt;Leverkusen;2;1;1;2;0,2979;0,2936;0,4085
16092;2021-01-02;T20-21;E0;West Brom;Arsenal;0;4;2;2;0,2073;0,2331;0,5596
56577;2021-01-03;T20-21;SP2;Albacete;Malaga;1;1;0;2;0,2229;0,3137;0,4634
56576;2021-01-03;T20-21;SP2;Las Palmas;Espanol;1;0;1;2;0,2191;0,2252;0,5557
56575;2021-01-03;T20-21;SP2;Castellon;Tenerife;0;1;2;1;0,3028;0,4338;0,2633
44672;2021-01-03;T20-21;SP1;Huesca;Barcelona;0;1;2;2;0,1945;0,1738;0,6317
44671;2021-01-03;T20-21;SP1;Sociedad;Osasuna;1;1;0;1;0,306;0,5026;0,1914
44670;2021-01-03;T20-21;SP1;Eibar;Granada;2;0;1;1;0,3108;0,4557;0,2335
44669;2021-01-03;T20-21;SP1;Alaves;Ath Madrid;1;2;2;2;0,2271;0,2174;0,5555
34668;2021-01-03;T20-21;I1;Juventus;Udinese;4;1;1;1;0,1944;0,6811;0,1245
34664;2021-01-03;T20-21;I1;Parma;Torino;0;3;2;1;0,2862;0,4328;0,281
34663;2021-01-03;T20-21;I1;Genoa;Lazio;1;1;0;2;0,2366;0,2382;0,5252
34662;2021-01-03;T20-21;I1;Fiorentina;Bologna;0;0;0;1;0,2979;0,3924;0,3097
34661;2021-01-03;T20-21;I1;Cagliari;Napoli;1;4;2;2;0,2277;0,1871;0,5851
34660;2021-01-03;T20-21;I1;Atalanta;Sassuolo;5;1;1;1;0,2008;0,6667;0,1325
16094;2021-01-03;T20-21;E0;Chelsea;Man City;1;3;2;2;0,2713;0,2866;0,4421
16093;2021-01-03;T20-21;E0;Newcastle;Leicester;1;2;2;2;0,2341;0,2523;0,5136
6117;2021-01-03;T20-21;D1;Bayern Munich;Mainz;5;2;1;1;0,1218;0,8528;0,0254
34665;2021-01-03;T20-21;I1;Roma;Sampdoria;1;0;1;1;0,1909;0,6804;0,1287
16095;2021-01-04;T20-21;E0;Southampton;Liverpool;1;0;1;2;0,212;0,2202;0,5677
44673;2021-01-04;T20-21;SP1;Valencia;Cadiz;1;1;0;1;0,2921;0,4752;0,2327
34674;2021-01-06;T20-21;I1;Sampdoria;Inter;2;1;1;2;0,2071;0,2026;0,5902
34672;2021-01-06;T20-21;I1;Crotone;Roma;1;3;2;2;0,159;0,1492;0,6918
34673;2021-01-06;T20-21;I1;Lazio;Fiorentina;2;1;1;1;0,2487;0,5579;0,1934
34675;2021-01-06;T20-21;I1;Sassuolo;Genoa;2;1;1;1;0,2996;0,507;0,1934
34671;2021-01-06;T20-21;I1;Bologna;Udinese;2;2;0;1;0,3041;0,4554;0,2406
34677;2021-01-06;T20-21;I1;Napoli;Spezia;1;2;2;1;0,1531;0,7532;0,0937
34678;2021-01-06;T20-21;I1;Milan;Juventus;1;3;2;1;0,2605;0,3882;0,3514
44674;2021-01-06;T20-21;SP1;Ath Bilbao;Barcelona;2;3;2;2;0,245;0,2292;0,5258
34676;2021-01-06;T20-21;I1;Torino;Verona;1;1;0;1;0,2964;0,4115;0,2921
34670;2021-01-06;T20-21;I1;Atalanta;Parma;3;0;1;1;0,2017;0,6925;0,1057
26284;2021-01-06;T20-21;F1;Lille;Angers;1;2;2;1;0,2617;0,5809;0,1574
26288;2021-01-06;T20-21;F1;St Etienne;Paris SG;1;1;0;2;0,1883;0,1267;0,685
26287;2021-01-06;T20-21;F1;Reims;Dijon;0;0;0;1;0,3114;0,4762;0,2124
26286;2021-01-06;T20-21;F1;Marseille;Montpellier;3;1;1;1;0,2922;0,456;0,2518
26285;2021-01-06;T20-21;F1;Lyon;Lens;3;2;1;1;0,2069;0,6745;0,1186
34669;2021-01-06;T20-21;I1;Cagliari;Benevento;1;2;2;1;0,3093;0,4534;0,2373
26283;2021-01-06;T20-21;F1;Strasbourg;Nimes;5;0;1;1;0,3031;0,4691;0,2277
26282;2021-01-06;T20-21;F1;Nantes;Rennes;0;0;0;2;0,3062;0,3271;0,3667
26281;2021-01-06;T20-21;F1;Metz;Bordeaux;0;0;0;1;0,2853;0,4243;0,2904
26280;2021-01-06;T20-21;F1;Lorient;Monaco;2;5;2;1;0,2862;0,3794;0,3344
26279;2021-01-06;T20-21;F1;Brest;Nice;2;0;1;1;0,3156;0,4528;0,2316
56582;2021-01-08;T20-21;SP2;Zaragoza;Logrones;2;0;1;1;0,3043;0,4264;0,2693
44675;2021-01-08;T20-21;SP1;Celta;Villarreal;0;4;2;1;0,2915;0,3772;0,3314
6118;2021-01-08;T20-21;D1;M'gladbach;Bayern Munich;3;2;1;2;0,2544;0,2158;0,5297
44678;2021-01-09;T20-21;SP1;Osasuna;Real Madrid;0;0;0;2;0,2106;0,1973;0,5921
44677;2021-01-09;T20-21;SP1;Granada;Barcelona;0;4;2;2;0,2305;0,2037;0,5658
44676;2021-01-09;T20-21;SP1;Sevilla;Sociedad;3;2;1;1;0,2867;0,496;0,2173
34681;2021-01-09;T20-21;I1;Milan;Torino;2;0;1;1;0,2158;0,6457;0,1385
34680;2021-01-09;T20-21;I1;Genoa;Bologna;2;0;1;2;0,2871;0,3289;0,384
34679;2021-01-09;T20-21;I1;Benevento;Atalanta;1;4;2;2;0,2005;0,1422;0,6573
26298;2021-01-09;T20-21;F1;Rennes;Lyon;2;2;0;2;0,2624;0,3268;0,4108
26297;2021-01-09;T20-21;F1;Reims;St Etienne;3;1;1;1;0,312;0,3643;0,3238
26296;2021-01-09;T20-21;F1;Paris SG;Brest;3;0;1;1;0,215;0,7218;0,0632
26295;2021-01-09;T20-21;F1;Nimes;Lille;0;1;2;2;0,2328;0,2559;0,5112
26294;2021-01-09;T20-21;F1;Montpellier;Nantes;1;1;0;1;0,2811;0,5382;0,1808
56583;2021-01-09;T20-21;SP2;Malaga;Oviedo;1;1;0;1;0,2999;0,3513;0,3488
26292;2021-01-09;T20-21;F1;Metz;Nice;1;1;0;1;0,2778;0,4145;0,3077
26293;2021-01-09;T20-21;F1;Monaco;Angers;3;0;1;1;0,3137;0,4698;0,2165
6119;2021-01-09;T20-21;D1;Freiburg;FC Koln;5;0;1;1;0,3084;0,4561;0,2355
6121;2021-01-09;T20-21;D1;Mainz;Ein Frankfurt;0;2;2;2;0,2915;0,3309;0,3777
6122;2021-01-09;T20-21;D1;Schalke 04;Hoffenheim;4;0;1;2;0,2259;0,3279;0,4462
6120;2021-01-09;T20-21;D1;Leverkusen;Werder Bremen;1;1;0;1;0,1894;0,7149;0,0956
6124;2021-01-09;T20-21;D1;RB Leipzig;Dortmund;1;3;2;1;0,2657;0,3875;0,3469
26289;2021-01-09;T20-21;F1;Bordeaux;Lorient;2;1;1;1;0,2325;0,6508;0,1167
26290;2021-01-09;T20-21;F1;Dijon;Marseille;0;0;0;2;0,2186;0,2445;0,5369
26291;2021-01-09;T20-21;F1;Lens;Strasbourg;0;1;2;1;0,3063;0,4194;0,2744
6123;2021-01-09;T20-21;D1;Union Berlin;Wolfsburg;2;2;0;1;0,2805;0,3639;0,3556
44679;2021-01-10;T20-21;SP1;Levante;Eibar;2;1;1;1;0,3015;0,4279;0,2706
56585;2021-01-10;T20-21;SP2;Tenerife;Cartagena;3;0;1;1;0,2902;0,4564;0,2534
56584;2021-01-10;T20-21;SP2;Mallorca;Las Palmas;0;1;2;1;0,2727;0,5661;0,1612
44681;2021-01-10;T20-21;SP1;Valladolid;Valencia;0;1;2;2;0,2635;0,3423;0,3943
44680;2021-01-10;T20-21;SP1;Cadiz;Alaves;3;1;1;1;0,27;0,4382;0,2918
34687;2021-01-10;T20-21;I1;Juventus;Sassuolo;3;1;1;1;0,2032;0,6506;0,1462
56586;2021-01-10;T20-21;SP2;Espanol;Castellon;2;0;1;1;0,2224;0,6416;0,1361
34685;2021-01-10;T20-21;I1;Verona;Crotone;2;1;1;1;0,2293;0,6323;0,1384
34684;2021-01-10;T20-21;I1;Udinese;Napoli;1;2;2;2;0,2724;0,2743;0,4533
34683;2021-01-10;T20-21;I1;Parma;Lazio;0;2;2;2;0,2249;0,2454;0,5296
34682;2021-01-10;T20-21;I1;Roma;Inter;2;2;0;2;0,2799;0,3162;0,4039
6125;2021-01-10;T20-21;D1;Augsburg;Stuttgart;1;4;2;2;0,2926;0,3417;0,3657
34686;2021-01-10;T20-21;I1;Fiorentina;Cagliari;1;0;1;1;0,2461;0,6076;0,1463
34688;2021-01-11;T20-21;I1;Spezia;Sampdoria;2;1;1;1;0,2371;0,4428;0,3201
44682;2021-01-11;T20-21;SP1;Elche;Getafe;1;3;2;2;0,2161;0,23;0,5539
44683;2021-01-11;T20-21;SP1;Huesca;Betis;0;2;2;1;0,304;0,3932;0,3028
56587;2021-01-11;T20-21;SP2;Ponferradina;Girona;1;1;0;2;0,2819;0,3375;0,3806
56588;2021-01-11;T20-21;SP2;Sp Gijon;Fuenlabrada;2;1;1;1;0,2949;0,4828;0,2222
56589;2021-01-11;T20-21;SP2;Sabadell;Lugo;1;1;0;2;0,284;0,3051;0,4109
44685;2021-01-12;T20-21;SP1;Ath Madrid;Sevilla;2;0;1;1;0,2387;0,5972;0,1641
44684;2021-01-12;T20-21;SP1;Granada;Osasuna;2;0;1;1;0,3261;0,4244;0,2494
16098;2021-01-12;T20-21;E0;Wolves;Everton;1;2;2;1;0,2975;0,417;0,2854
16096;2021-01-12;T20-21;E0;Sheffield United;Newcastle;1;0;1;1;0,2935;0,4305;0,276
16097;2021-01-12;T20-21;E0;Burnley;Man United;0;1;2;2;0,2003;0,1921;0,6076
16099;2021-01-13;T20-21;E0;Man City;Brighton;1;0;1;1;0,1395;0,8161;0,0443
16101;2021-01-14;T20-21;E0;Arsenal;Crystal Palace;0;0;0;1;0,2313;0,6376;0,1311
6127;2021-01-15;T20-21;D1;Union Berlin;Leverkusen;1;0;1;2;0,2765;0,3246;0,3989
26299;2021-01-15;T20-21;F1;Montpellier;Monaco;2;3;2;1;0,2898;0,3886;0,3216
34689;2021-01-15;T20-21;I1;Lazio;Roma;3;0;1;2;0,2752;0,3391;0,3857
16105;2021-01-16;T20-21;E0;Fulham;Chelsea;0;1;2;2;0,2215;0,2037;0,5749
34691;2021-01-16;T20-21;I1;Torino;Spezia;0;0;0;1;0,3153;0,4543;0,2303
34690;2021-01-16;T20-21;I1;Bologna;Verona;1;0;1;1;0,2922;0,4728;0,235
34692;2021-01-16;T20-21;I1;Sampdoria;Udinese;2;1;1;1;0,2847;0,4239;0,2914
26300;2021-01-16;T20-21;F1;Marseille;Nimes;1;2;2;1;0,2013;0,6798;0,1189
16106;2021-01-16;T20-21;E0;Leicester;Southampton;2;0;1;1;0,2899;0,4339;0,2762
16104;2021-01-16;T20-21;E0;West Ham;Burnley;1;0;1;1;0,2898;0,4627;0,2475
26301;2021-01-16;T20-21;F1;Angers;Paris SG;0;1;2;2;0,1944;0,1602;0,6454
16102;2021-01-16;T20-21;E0;Wolves;West Brom;2;3;2;1;0,1924;0,7162;0,0915
6128;2021-01-16;T20-21;D1;Dortmund;Mainz;1;1;0;1;0,1854;0,7099;0,1047
6129;2021-01-16;T20-21;D1;FC Koln;Hertha;0;0;0;1;0,2965;0,3976;0,3059
6130;2021-01-16;T20-21;D1;Hoffenheim;Bielefeld;0;0;0;1;0,1877;0,7158;0,0965
16103;2021-01-16;T20-21;E0;Leeds;Brighton;0;1;2;1;0,3245;0,4357;0,2398
6132;2021-01-16;T20-21;D1;Wolfsburg;RB Leipzig;2;2;0;1;0,2733;0,3768;0,3499
6133;2021-01-16;T20-21;D1;Stuttgart;M'gladbach;2;2;0;2;0,2918;0,335;0,3733
6131;2021-01-16;T20-21;D1;Werder Bremen;Augsburg;2;0;1;1;0,314;0,4167;0,2693
34697;2021-01-17;T20-21;I1;Inter;Juventus;2;0;1;1;0,2611;0,3756;0,3633
34695;2021-01-17;T20-21;I1;Sassuolo;Parma;1;1;0;1;0,3084;0,4995;0,1921
34694;2021-01-17;T20-21;I1;Crotone;Benevento;4;1;1;1;0,2802;0,4211;0,2987
26307;2021-01-17;T20-21;F1;Lyon;Metz;0;1;2;1;0,2143;0,6699;0,1158
26306;2021-01-17;T20-21;F1;Lille;Reims;2;1;1;1;0,2473;0,6163;0,1364
26305;2021-01-17;T20-21;F1;Strasbourg;St Etienne;1;0;1;1;0,2905;0,4201;0,2894
26304;2021-01-17;T20-21;F1;Nice;Bordeaux;0;3;2;1;0,3201;0,4264;0,2535
34696;2021-01-17;T20-21;I1;Atalanta;Genoa;0;0;0;1;0,2095;0,6714;0,1191
26302;2021-01-17;T20-21;F1;Brest;Rennes;1;2;2;1;0,2956;0,3534;0,351
26303;2021-01-17;T20-21;F1;Nantes;Lens;1;1;0;1;0,2842;0,3974;0,3185
6134;2021-01-17;T20-21;D1;Bayern Munich;Freiburg;2;1;1;1;0,1444;0,7694;0,0862
6135;2021-01-17;T20-21;D1;Ein Frankfurt;Schalke 04;3;1;1;1;0,2945;0,5264;0,1792
34693;2021-01-17;T20-21;I1;Napoli;Fiorentina;6;0;1;1;0,1537;0,7421;0,1042
16108;2021-01-17;T20-21;E0;Liverpool;Man United;0;0;0;1;0,2328;0,6014;0,1659
16109;2021-01-17;T20-21;E0;Man City;Crystal Palace;4;0;1;1;0,1352;0,8214;0,0435
16107;2021-01-17;T20-21;E0;Sheffield United;Tottenham;1;3;2;2;0,225;0,2598;0,5152
16110;2021-01-18;T20-21;E0;Arsenal;Newcastle;3;0;1;1;0,2318;0,6477;0,1206
34698;2021-01-18;T20-21;I1;Cagliari;Milan;0;2;2;2;0,2119;0,2087;0,5794
16111;2021-01-19;T20-21;E0;West Ham;West Brom;2;1;1;1;0,2577;0,6111;0,1312
44688;2021-01-19;T20-21;SP1;Alaves;Sevilla;1;2;2;2;0,2153;0,2118;0,5729
44687;2021-01-19;T20-21;SP1;Valladolid;Elche;2;2;0;1;0,2504;0,6202;0,1294
44686;2021-01-19;T20-21;SP1;Cadiz;Levante;2;2;0;1;0,2944;0,4034;0,3022
16112;2021-01-19;T20-21;E0;Leicester;Chelsea;2;0;1;2;0,2599;0,3262;0,4139
6137;2021-01-19;T20-21;D1;Hertha;Hoffenheim;0;3;2;1;0,2916;0,3789;0,3295
6138;2021-01-19;T20-21;D1;Leverkusen;Dortmund;2;1;1;1;0,2713;0,3814;0,3473
6136;2021-01-19;T20-21;D1;M'gladbach;Werder Bremen;1;0;1;1;0,2218;0,652;0,1262
6139;2021-01-19;T20-21;D1;Mainz;Wolfsburg;0;2;2;2;0,2374;0,255;0,5076
44691;2021-01-20;T20-21;SP1;Villarreal;Granada;2;2;0;1;0,2761;0,5678;0,1561
44690;2021-01-20;T20-21;SP1;Betis;Celta;2;1;1;1;0,3226;0,4558;0,2216
44689;2021-01-20;T20-21;SP1;Getafe;Huesca;1;0;1;1;0,307;0,521;0,172
34699;2021-01-20;T20-21;I1;Udinese;Atalanta;1;1;0;2;0,2226;0,1795;0,5979
26308;2021-01-20;T20-21;F1;Marseille;Lens;0;1;2;1;0,2195;0,6421;0,1383
16114;2021-01-20;T20-21;E0;Fulham;Man United;1;2;2;2;0,2068;0,2095;0,5837
6143;2021-01-20;T20-21;D1;Freiburg;Ein Frankfurt;2;2;0;1;0,2993;0,3835;0,3172
6142;2021-01-20;T20-21;D1;Bielefeld;Stuttgart;3;0;1;2;0,2321;0,2438;0,5241
6141;2021-01-20;T20-21;D1;Augsburg;Bayern Munich;0;1;2;2;0,1636;0,0974;0,739
6140;2021-01-20;T20-21;D1;Schalke 04;FC Koln;1;2;2;1;0,2584;0,4232;0,3185
6144;2021-01-20;T20-21;D1;RB Leipzig;Union Berlin;1;0;1;1;0,188;0,7198;0,0922
16115;2021-01-21;T20-21;E0;Liverpool;Burnley;0;1;2;1;0,1588;0,774;0,0673
44692;2021-01-21;T20-21;SP1;Valencia;Osasuna;1;1;0;1;0,3021;0,4615;0,2364
44693;2021-01-21;T20-21;SP1;Eibar;Ath Madrid;1;2;2;2;0,2651;0,3155;0,4194
44694;2021-01-22;T20-21;SP1;Levante;Valladolid;2;2;0;1;0,3055;0,4596;0,2349
34700;2021-01-22;T20-21;I1;Benevento;Torino;2;2;0;1;0,2904;0,3885;0,3211
6145;2021-01-22;T20-21;D1;M'gladbach;Dortmund;4;2;1;2;0,2746;0,299;0,4264
26309;2021-01-22;T20-21;F1;Paris SG;Montpellier;4;0;1;1;0,1922;0,7462;0,0615
56596;2021-01-23;T20-21;SP2;Malaga;Ponferradina;0;2;2;1;0,3084;0,3761;0,3155
56595;2021-01-23;T20-21;SP2;Lugo;Tenerife;2;0;1;1;0,2976;0,4631;0,2393
56594;2021-01-23;T20-21;SP2;Girona;Espanol;1;0;1;2;0,2443;0,2531;0,5026
56593;2021-01-23;T20-21;SP2;Vallecano;Mallorca;1;3;2;1;0,2846;0,4258;0,2896
44698;2021-01-23;T20-21;SP1;Alaves;Real Madrid;1;4;2;2;0,2128;0,1929;0,5942
44697;2021-01-23;T20-21;SP1;Sociedad;Betis;2;2;0;1;0,3099;0,4781;0,212
44696;2021-01-23;T20-21;SP1;Sevilla;Cadiz;3;0;1;1;0,2146;0,6788;0,1066
44695;2021-01-23;T20-21;SP1;Huesca;Villarreal;0;0;0;1;0,3013;0,3573;0,3414
34704;2021-01-23;T20-21;I1;Fiorentina;Crotone;2;1;1;1;0,2239;0,6584;0,1177
34703;2021-01-23;T20-21;I1;Udinese;Inter;0;0;0;2;0,2128;0,19;0,5973
26311;2021-01-23;T20-21;F1;Monaco;Marseille;3;1;1;1;0,2773;0,409;0,3137
34701;2021-01-23;T20-21;I1;Roma;Spezia;4;3;1;1;0,2118;0,6658;0,1224
34702;2021-01-23;T20-21;I1;Milan;Atalanta;0;3;2;2;0,2859;0,3383;0,3757
6147;2021-01-23;T20-21;D1;Bielefeld;Ein Frankfurt;1;5;2;2;0,2178;0,2061;0,5762
6148;2021-01-23;T20-21;D1;Freiburg;Stuttgart;2;1;1;1;0,3031;0,354;0,3428
6149;2021-01-23;T20-21;D1;Leverkusen;Wolfsburg;0;1;2;1;0,2099;0,6426;0,1475
6146;2021-01-23;T20-21;D1;Augsburg;Union Berlin;2;1;1;1;0,311;0,4075;0,2815
6151;2021-01-23;T20-21;D1;Hertha;Werder Bremen;1;4;2;1;0,3164;0,4352;0,2484
16116;2021-01-23;T20-21;E0;Aston Villa;Newcastle;2;0;1;1;0,2848;0,5661;0,1491
26310;2021-01-23;T20-21;F1;Lens;Nice;0;1;2;1;0,2902;0,4266;0,2831
6150;2021-01-23;T20-21;D1;Mainz;RB Leipzig;3;2;1;2;0,19;0,1761;0,6338
34707;2021-01-24;T20-21;I1;Verona;Napoli;3;1;1;2;0,2585;0,2421;0,4994
56599;2021-01-24;T20-21;SP2;Castellon;Sp Gijon;2;0;1;1;0,2925;0,4558;0,2517
44702;2021-01-24;T20-21;SP1;Ath Madrid;Valencia;3;1;1;1;0,2685;0,5906;0,1409
44701;2021-01-24;T20-21;SP1;Celta;Eibar;1;1;0;1;0,2883;0,3878;0,3238
44700;2021-01-24;T20-21;SP1;Elche;Barcelona;0;2;2;2;0,1845;0,1508;0,6647
44699;2021-01-24;T20-21;SP1;Osasuna;Granada;3;1;1;1;0,3205;0,408;0,2716
34708;2021-01-24;T20-21;I1;Lazio;Sassuolo;2;1;1;1;0,2213;0,6066;0,1722
34706;2021-01-24;T20-21;I1;Genoa;Cagliari;1;0;1;1;0,2905;0,4496;0,2599
34709;2021-01-24;T20-21;I1;Parma;Sampdoria;0;2;2;1;0,2869;0,4121;0,301
26317;2021-01-24;T20-21;F1;St Etienne;Lyon;0;5;2;2;0,2444;0,2618;0,4938
6153;2021-01-24;T20-21;D1;Hoffenheim;FC Koln;3;0;1;1;0,241;0,6167;0,1423
26312;2021-01-24;T20-21;F1;Bordeaux;Angers;2;1;1;1;0,3075;0,4872;0,2052
26313;2021-01-24;T20-21;F1;Dijon;Strasbourg;1;1;0;1;0,3037;0,359;0,3372
6152;2021-01-24;T20-21;D1;Schalke 04;Bayern Munich;0;4;2;2;0,1292;0,0831;0,7877
34705;2021-01-24;T20-21;I1;Juventus;Bologna;2;0;1;1;0,2097;0,6469;0,1434
26315;2021-01-24;T20-21;F1;Reims;Brest;1;0;1;1;0,3089;0,4907;0,2003
26316;2021-01-24;T20-21;F1;Rennes;Lille;0;1;2;1;0,2829;0,4031;0,3139
26314;2021-01-24;T20-21;F1;Metz;Nantes;2;0;1;1;0,2868;0,4474;0,2657
56601;2021-01-25;T20-21;SP2;Cartagena;Mirandes;0;2;2;1;0,2762;0,418;0,3059
16117;2021-01-26;T20-21;E0;Crystal Palace;West Ham;2;3;2;1;0,3076;0,3851;0,3074
16118;2021-01-26;T20-21;E0;Newcastle;Leeds;1;2;2;2;0,2442;0,2513;0,5045
16119;2021-01-26;T20-21;E0;Southampton;Arsenal;1;3;2;2;0,2543;0,3184;0,4273
16120;2021-01-26;T20-21;E0;West Brom;Man City;0;5;2;2;0,1809;0,1561;0,6631
56602;2021-01-26;T20-21;SP2;Alcorcon;Albacete;1;2;2;1;0,3058;0,426;0,2681
16125;2021-01-27;T20-21;E0;Man United;Sheffield United;1;2;2;1;0,1839;0,7019;0,1142
16123;2021-01-27;T20-21;E0;Brighton;Fulham;0;0;0;1;0,3215;0,4853;0,1932
16124;2021-01-27;T20-21;E0;Everton;Leicester;1;1;0;2;0,2616;0,3358;0,4026
16121;2021-01-27;T20-21;E0;Burnley;Aston Villa;3;2;1;2;0,2999;0,3098;0,3903
16122;2021-01-27;T20-21;E0;Chelsea;Wolves;0;0;0;1;0,2129;0,6471;0,1399
16126;2021-01-28;T20-21;E0;Tottenham;Liverpool;1;3;2;2;0,2633;0,3279;0,4088
6154;2021-01-29;T20-21;D1;Stuttgart;Mainz;2;0;1;1;0,296;0,5258;0,1782
26319;2021-01-29;T20-21;F1;Lyon;Bordeaux;2;1;1;1;0,2223;0,6533;0,1244
34710;2021-01-29;T20-21;I1;Torino;Fiorentina;1;1;0;1;0,3052;0,4068;0,288
44704;2021-01-29;T20-21;SP1;Valladolid;Huesca;1;3;2;1;0,3137;0,421;0,2652
56603;2021-01-29;T20-21;SP2;Zaragoza;Ponferradina;1;0;1;1;0,3013;0,4865;0,2123
34711;2021-01-30;T20-21;I1;Bologna;Milan;1;2;2;2;0,2716;0,2994;0,429
34712;2021-01-30;T20-21;I1;Sampdoria;Juventus;0;2;2;2;0,2446;0,2802;0,4752
34713;2021-01-30;T20-21;I1;Inter;Benevento;4;0;1;1;0,1913;0,6695;0,1392
44705;2021-01-30;T20-21;SP1;Eibar;Sevilla;0;2;2;2;0,2399;0,2836;0,4765
44706;2021-01-30;T20-21;SP1;Real Madrid;Levante;1;2;2;1;0,2103;0,6793;0,1104
56606;2021-01-30;T20-21;SP2;Mallorca;Girona;1;0;1;1;0,2811;0,4817;0,2372
56604;2021-01-30;T20-21;SP2;Oviedo;Albacete;0;1;2;1;0,3055;0,4336;0,2609
56605;2021-01-30;T20-21;SP2;Alcorcon;Malaga;0;1;2;1;0,3059;0,3662;0,3279
56607;2021-01-30;T20-21;SP2;Almeria;Castellon;3;1;1;1;0,2827;0,5399;0,1774
44707;2021-01-30;T20-21;SP1;Valencia;Elche;1;0;1;1;0,2693;0,6006;0,1301
26320;2021-01-30;T20-21;F1;Montpellier;Lens;1;2;2;1;0,2841;0,4105;0,3054
44708;2021-01-30;T20-21;SP1;Villarreal;Sociedad;1;1;0;1;0,3001;0,3869;0,313
16131;2021-01-30;T20-21;E0;Arsenal;Man United;0;0;0;1;0,2629;0,3845;0,3525
16132;2021-01-30;T20-21;E0;Southampton;Aston Villa;0;1;2;1;0,284;0,502;0,214
6155;2021-01-30;T20-21;D1;Bayern Munich;Hoffenheim;4;1;1;1;0,1329;0,7941;0,073
6156;2021-01-30;T20-21;D1;Dortmund;Augsburg;3;1;1;1;0,1772;0,7305;0,0923
6157;2021-01-30;T20-21;D1;Ein Frankfurt;Hertha;3;1;1;1;0,2964;0,5156;0,188
6159;2021-01-30;T20-21;D1;Werder Bremen;Schalke 04;1;1;0;1;0,3017;0,4369;0,2615
6158;2021-01-30;T20-21;D1;Union Berlin;M'gladbach;1;1;0;2;0,287;0,3078;0,4052
16127;2021-01-30;T20-21;E0;Everton;Newcastle;0;2;2;1;0,2941;0,4753;0,2307
16128;2021-01-30;T20-21;E0;Crystal Palace;Wolves;1;0;1;2;0,2416;0,2778;0,4806
16129;2021-01-30;T20-21;E0;Man City;Sheffield United;1;0;1;1;0,144;0,7897;0,0663
16130;2021-01-30;T20-21;E0;West Brom;Fulham;2;2;0;1;0,2908;0,4415;0,2677
6160;2021-01-30;T20-21;D1;RB Leipzig;Leverkusen;1;0;1;1;0,2771;0,4048;0,3181
34716;2021-01-31;T20-21;I1;Cagliari;Sassuolo;1;1;0;1;0,2873;0,4093;0,3034
34719;2021-01-31;T20-21;I1;Roma;Verona;3;1;1;1;0,2018;0,6595;0,1386
34717;2021-01-31;T20-21;I1;Crotone;Genoa;0;3;2;1;0,291;0,3585;0,3505
34718;2021-01-31;T20-21;I1;Napoli;Parma;2;0;1;1;0,1877;0,7354;0,0769
44709;2021-01-31;T20-21;SP1;Getafe;Alaves;0;0;0;1;0,2235;0,4399;0,3366
56610;2021-01-31;T20-21;SP2;Mirandes;Las Palmas;2;0;1;1;0,3097;0,4622;0,2281
44711;2021-01-31;T20-21;SP1;Granada;Celta;0;0;0;1;0,305;0,4278;0,2672
44712;2021-01-31;T20-21;SP1;Barcelona;Ath Bilbao;2;1;1;1;0,1815;0,765;0,0536
56608;2021-01-31;T20-21;SP2;Sp Gijon;Cartagena;0;0;0;1;0,2943;0,519;0,1867
56609;2021-01-31;T20-21;SP2;Espanol;Vallecano;2;3;2;1;0,2038;0,665;0,1312
56611;2021-01-31;T20-21;SP2;Tenerife;Fuenlabrada;1;1;0;1;0,3141;0,3907;0,2952
44710;2021-01-31;T20-21;SP1;Cadiz;Ath Madrid;2;4;2;2;0,2241;0,2375;0,5384
34714;2021-01-31;T20-21;I1;Spezia;Udinese;0;1;2;1;0,2588;0,4354;0,3059
34715;2021-01-31;T20-21;I1;Atalanta;Lazio;1;3;2;1;0,1968;0,6475;0,1557
26326;2021-01-31;T20-21;F1;Lille;Dijon;1;0;1;1;0,2433;0,6277;0,129
26325;2021-01-31;T20-21;F1;Strasbourg;Reims;0;1;2;1;0,3173;0,4661;0,2165
26324;2021-01-31;T20-21;F1;Lorient;Paris SG;3;2;1;2;0,1696;0,1129;0,7175
26323;2021-01-31;T20-21;F1;Brest;Metz;2;4;2;1;0,3189;0,4572;0,2239
26322;2021-01-31;T20-21;F1;Angers;Nimes;3;1;1;1;0,3048;0,4596;0,2356
26321;2021-01-31;T20-21;F1;Nice;St Etienne;0;1;2;1;0,2891;0,397;0,3139
16136;2021-01-31;T20-21;E0;Brighton;Tottenham;1;0;1;2;0,2659;0,3376;0,3965
16135;2021-01-31;T20-21;E0;West Ham;Liverpool;1;3;2;2;0,2044;0,1926;0,603
16134;2021-01-31;T20-21;E0;Leicester;Leeds;1;3;2;1;0,3042;0,44;0,2557
16133;2021-01-31;T20-21;E0;Chelsea;Burnley;2;0;1;1;0,2127;0,6915;0,0958
6162;2021-01-31;T20-21;D1;Wolfsburg;Freiburg;3;0;1;1;0,2921;0,4538;0,2541
6161;2021-01-31;T20-21;D1;FC Koln;Bielefeld;3;1;1;1;0,3079;0,5125;0,1796
26327;2021-01-31;T20-21;F1;Nantes;Monaco;1;2;2;2;0,2765;0,3088;0,4147
56613;2021-02-01;T20-21;SP2;Sabadell;Logrones;0;0;0;2;0,3113;0,3255;0,3632
44713;2021-02-01;T20-21;SP1;Betis;Osasuna;1;0;1;1;0,3234;0,4449;0,2317
56612;2021-02-01;T20-21;SP2;Leganes;Lugo;3;2;1;1;0,2966;0,5047;0,1987
16137;2021-02-02;T20-21;E0;Sheffield United;West Brom;2;1;1;1;0,2909;0,4858;0,2234
16138;2021-02-02;T20-21;E0;Wolves;Arsenal;2;1;1;2;0,2612;0,3037;0,4351
16139;2021-02-02;T20-21;E0;Man United;Southampton;9;0;1;1;0,1982;0,6688;0,133
16140;2021-02-02;T20-21;E0;Newcastle;Crystal Palace;1;2;2;1;0,2937;0,4437;0,2626
26332;2021-02-03;T20-21;F1;Strasbourg;Brest;2;2;0;1;0,2612;0,6073;0,1314
26337;2021-02-03;T20-21;F1;St Etienne;Nantes;1;1;0;1;0,3118;0,4224;0,2658
26336;2021-02-03;T20-21;F1;Paris SG;Nimes;3;0;1;1;0,195;0,7008;0,1041
26335;2021-02-03;T20-21;F1;Monaco;Nice;2;1;1;1;0,292;0,5174;0,1906
26334;2021-02-03;T20-21;F1;Lens;Marseille;2;2;0;1;0,2671;0,3739;0,359
26333;2021-02-03;T20-21;F1;Dijon;Lyon;0;1;2;2;0,192;0,179;0,629
26331;2021-02-03;T20-21;F1;Rennes;Lorient;1;1;0;1;0,251;0,59;0,1591
16144;2021-02-03;T20-21;E0;Aston Villa;West Ham;1;3;2;1;0,3041;0,4922;0,2036
26329;2021-02-03;T20-21;F1;Metz;Montpellier;1;1;0;1;0,2844;0,4298;0,2858
26328;2021-02-03;T20-21;F1;Bordeaux;Lille;0;3;2;2;0,266;0,3107;0,4233
16145;2021-02-03;T20-21;E0;Liverpool;Brighton;0;1;2;1;0,175;0,7432;0,0818
26330;2021-02-03;T20-21;F1;Reims;Angers;0;0;0;1;0,3021;0,4329;0,265
16143;2021-02-03;T20-21;E0;Leeds;Everton;1;2;2;1;0,2774;0,4377;0,2849
16142;2021-02-03;T20-21;E0;Fulham;Leicester;0;2;2;2;0,2225;0,2256;0,5519
16141;2021-02-03;T20-21;E0;Burnley;Man City;0;2;2;2;0,1941;0,1665;0,6393
16146;2021-02-04;T20-21;E0;Tottenham;Chelsea;0;1;2;2;0,2678;0,3204;0,4117
44714;2021-02-05;T20-21;SP1;Alaves;Valladolid;1;0;1;1;0,2866;0,4132;0,3002
56614;2021-02-05;T20-21;SP2;Albacete;Mallorca;0;1;2;2;0,1934;0,2298;0,5768
6163;2021-02-05;T20-21;D1;Hertha;Bayern Munich;0;1;2;2;0,1847;0,1364;0,679
34720;2021-02-05;T20-21;I1;Fiorentina;Inter;0;2;2;2;0,232;0,2381;0,5298
34721;2021-02-06;T20-21;I1;Atalanta;Torino;3;3;0;1;0,217;0,6494;0,1336
56617;2021-02-06;T20-21;SP2;Fuenlabrada;Almeria;1;1;0;2;0,2979;0,3168;0,3853
56616;2021-02-06;T20-21;SP2;Logrones;Sp Gijon;0;4;2;2;0,2637;0,3082;0,428
56615;2021-02-06;T20-21;SP2;Cartagena;Oviedo;2;0;1;2;0,2635;0,3497;0,3867
44718;2021-02-06;T20-21;SP1;Sevilla;Getafe;3;0;1;1;0,2192;0,6558;0,125
44717;2021-02-06;T20-21;SP1;Elche;Villarreal;2;2;0;2;0,2436;0,2524;0,5039
44716;2021-02-06;T20-21;SP1;Huesca;Real Madrid;1;2;2;2;0,2131;0,2184;0,5686
44715;2021-02-06;T20-21;SP1;Levante;Granada;2;2;0;1;0,3017;0,4549;0,2434
34724;2021-02-06;T20-21;I1;Genoa;Napoli;2;1;1;2;0,2315;0,1975;0,571
34723;2021-02-06;T20-21;I1;Juventus;Roma;2;0;1;1;0,227;0,6061;0,1669
34722;2021-02-06;T20-21;I1;Sassuolo;Spezia;1;2;2;1;0,3177;0,4741;0,2082
26340;2021-02-06;T20-21;F1;Lens;Rennes;0;0;0;1;0,3129;0,3819;0,3052
26339;2021-02-06;T20-21;F1;Lyon;Strasbourg;3;0;1;1;0,2272;0,6533;0,1195
26338;2021-02-06;T20-21;F1;Lorient;Reims;1;0;1;1;0,2873;0,4268;0,2859
6164;2021-02-06;T20-21;D1;Augsburg;Wolfsburg;0;2;2;2;0,2557;0,256;0,4882
6165;2021-02-06;T20-21;D1;Freiburg;Dortmund;2;1;1;2;0,2751;0,3587;0,3662
6166;2021-02-06;T20-21;D1;Leverkusen;Stuttgart;5;2;1;1;0,203;0,6476;0,1495
6168;2021-02-06;T20-21;D1;Schalke 04;RB Leipzig;0;3;2;2;0,1532;0,1453;0,7016
6169;2021-02-06;T20-21;D1;M'gladbach;FC Koln;1;2;2;1;0,2204;0,6522;0,1274
6167;2021-02-06;T20-21;D1;Mainz;Union Berlin;1;0;1;1;0,2894;0,4224;0,2882
16148;2021-02-06;T20-21;E0;Burnley;Brighton;1;1;0;1;0,305;0,3553;0,3397
16149;2021-02-06;T20-21;E0;Newcastle;Southampton;3;2;1;1;0,2802;0,4216;0,2982
16150;2021-02-06;T20-21;E0;Fulham;West Ham;0;0;0;2;0,2899;0,3442;0,366
16151;2021-02-06;T20-21;E0;Man United;Everton;3;3;0;1;0,1857;0,6848;0,1296
16147;2021-02-06;T20-21;E0;Aston Villa;Arsenal;1;0;1;1;0,2748;0,4212;0,304
44720;2021-02-07;T20-21;SP1;Ath Bilbao;Valencia;1;1;0;1;0,2929;0,413;0,2941
34728;2021-02-07;T20-21;I1;Parma;Bologna;0;3;2;1;0,2878;0,4129;0,2992
34729;2021-02-07;T20-21;I1;Lazio;Cagliari;1;0;1;1;0,2162;0,6527;0,1311
44719;2021-02-07;T20-21;SP1;Sociedad;Cadiz;4;1;1;1;0,2594;0,5839;0,1568
44721;2021-02-07;T20-21;SP1;Osasuna;Eibar;2;1;1;2;0,2864;0,3479;0,3656
56621;2021-02-07;T20-21;SP2;Vallecano;Tenerife;0;1;2;1;0,2642;0,5806;0,1552
56622;2021-02-07;T20-21;SP2;Las Palmas;Sabadell;0;1;2;1;0,3005;0,4336;0,2659
56618;2021-02-07;T20-21;SP2;Girona;Leganes;0;2;2;2;0,2897;0,3214;0,3888
56619;2021-02-07;T20-21;SP2;Malaga;Zaragoza;1;2;2;1;0,3221;0,4045;0,2734
56620;2021-02-07;T20-21;SP2;Castellon;Mirandes;0;1;2;2;0,27;0,3211;0,4089
34727;2021-02-07;T20-21;I1;Udinese;Verona;2;0;1;1;0,2765;0,4514;0,2721
44722;2021-02-07;T20-21;SP1;Betis;Barcelona;2;3;2;2;0,2317;0,2026;0,5657
34726;2021-02-07;T20-21;I1;Milan;Crotone;4;0;1;1;0,2083;0,6903;0,1014
16155;2021-02-07;T20-21;E0;Sheffield United;Chelsea;1;2;2;2;0,2088;0,1809;0,6103
26347;2021-02-07;T20-21;F1;Marseille;Paris SG;0;2;2;2;0,2152;0,1741;0,6107
26346;2021-02-07;T20-21;F1;Nantes;Lille;0;2;2;2;0,2586;0,2655;0,476
26345;2021-02-07;T20-21;F1;St Etienne;Metz;1;0;1;1;0,3188;0,434;0,2472
26344;2021-02-07;T20-21;F1;Nimes;Monaco;3;4;2;2;0,2532;0,2495;0,4973
26343;2021-02-07;T20-21;F1;Nice;Angers;3;0;1;1;0,2867;0,3873;0,326
26342;2021-02-07;T20-21;F1;Montpellier;Dijon;4;2;1;1;0,2993;0,5433;0,1574
26341;2021-02-07;T20-21;F1;Brest;Bordeaux;2;1;1;1;0,302;0,3782;0,3198
16154;2021-02-07;T20-21;E0;Liverpool;Man City;1;4;2;2;0,251;0,3388;0,4103
16153;2021-02-07;T20-21;E0;Wolves;Leicester;0;0;0;2;0,2829;0,3584;0,3587
16152;2021-02-07;T20-21;E0;Tottenham;West Brom;2;0;1;1;0,1751;0,7484;0,0765
6170;2021-02-07;T20-21;D1;Hoffenheim;Ein Frankfurt;1;3;2;1;0,2895;0,3835;0,327
34725;2021-02-07;T20-21;I1;Benevento;Sampdoria;1;1;0;1;0,2923;0,3761;0,3316
56623;2021-02-08;T20-21;SP2;Ponferradina;Alcorcon;2;0;1;1;0,3021;0,4452;0,2527
56624;2021-02-08;T20-21;SP2;Lugo;Espanol;1;1;0;2;0,2259;0,2285;0,5455
16156;2021-02-08;T20-21;E0;Leeds;Crystal Palace;2;0;1;1;0,2971;0,468;0,2349
44723;2021-02-08;T20-21;SP1;Ath Madrid;Celta;2;2;0;1;0,2658;0,5954;0,1388
44724;2021-02-09;T20-21;SP1;Real Madrid;Getafe;2;0;1;1;0,2086;0,6893;0,1021
6171;2021-02-12;T20-21;D1;RB Leipzig;Augsburg;2;1;1;1;0,1744;0,744;0,0816
34730;2021-02-12;T20-21;I1;Bologna;Benevento;1;1;0;1;0,3001;0,5016;0,1983
44725;2021-02-12;T20-21;SP1;Celta;Elche;3;1;1;1;0,2776;0,4768;0,2456
56625;2021-02-12;T20-21;SP2;Sabadell;Zaragoza;1;1;0;1;0,3122;0,3742;0,3136
34732;2021-02-13;T20-21;I1;Napoli;Juventus;1;0;1;1;0,2264;0,5702;0,2034
34733;2021-02-13;T20-21;I1;Spezia;Milan;2;0;1;2;0,1875;0,2187;0,5938
44726;2021-02-13;T20-21;SP1;Granada;Ath Madrid;1;2;2;2;0,2365;0,239;0,5245
44727;2021-02-13;T20-21;SP1;Sevilla;Huesca;1;0;1;1;0,2147;0,6678;0,1175
56627;2021-02-13;T20-21;SP2;Mirandes;Girona;3;3;0;1;0,2693;0,4307;0,3
44729;2021-02-13;T20-21;SP1;Barcelona;Alaves;5;1;1;1;0,1636;0,7881;0,0483
56626;2021-02-13;T20-21;SP2;Cartagena;Vallecano;2;2;0;2;0,2196;0,2622;0,5182
56628;2021-02-13;T20-21;SP2;Tenerife;Ponferradina;1;0;1;1;0,3217;0,4244;0,2539
34731;2021-02-13;T20-21;I1;Torino;Genoa;0;0;0;1;0,3183;0,456;0,2257
44728;2021-02-13;T20-21;SP1;Eibar;Valladolid;1;1;0;1;0,2998;0,4925;0,2078
26350;2021-02-13;T20-21;F1;Lyon;Montpellier;1;2;2;1;0,2294;0,6357;0,1349
6172;2021-02-13;T20-21;D1;Dortmund;Hoffenheim;2;2;0;1;0,1996;0,6659;0,1345
26348;2021-02-13;T20-21;F1;Paris SG;Nice;2;1;1;1;0,1893;0,7549;0,0558
16160;2021-02-13;T20-21;E0;Brighton;Aston Villa;0;0;0;1;0,3091;0,3704;0,3205
16159;2021-02-13;T20-21;E0;Man City;Tottenham;3;0;1;1;0,1444;0,8113;0,0443
16158;2021-02-13;T20-21;E0;Crystal Palace;Burnley;0;3;2;1;0,2839;0,46;0,2561
16157;2021-02-13;T20-21;E0;Leicester;Liverpool;3;1;1;2;0,2665;0,3188;0,4147
6176;2021-02-13;T20-21;D1;Union Berlin;Schalke 04;0;0;0;1;0,3045;0,4519;0,2436
6175;2021-02-13;T20-21;D1;Werder Bremen;Freiburg;0;0;0;1;0,3188;0,4272;0,2539
6174;2021-02-13;T20-21;D1;Stuttgart;Hertha;1;1;0;1;0,3199;0,4507;0,2294
6173;2021-02-13;T20-21;D1;Leverkusen;Mainz;2;2;0;1;0,1834;0,727;0,0896
26349;2021-02-13;T20-21;F1;Reims;Lens;1;1;0;2;0,2743;0,334;0,3917
34736;2021-02-14;T20-21;I1;Sampdoria;Fiorentina;2;1;1;1;0,2769;0,396;0,3271
34737;2021-02-14;T20-21;I1;Crotone;Sassuolo;1;2;2;2;0,2184;0,2475;0,5341
34738;2021-02-14;T20-21;I1;Inter;Lazio;3;1;1;1;0,2108;0,6388;0,1504
44730;2021-02-14;T20-21;SP1;Getafe;Sociedad;0;1;2;2;0,2052;0,2737;0,5211
44731;2021-02-14;T20-21;SP1;Real Madrid;Valencia;2;0;1;1;0,2108;0,6884;0,1008
56632;2021-02-14;T20-21;SP2;Leganes;Albacete;3;1;1;1;0,2954;0,5165;0,1882
44733;2021-02-14;T20-21;SP1;Villarreal;Betis;1;2;2;1;0,3128;0,4747;0,2124
56630;2021-02-14;T20-21;SP2;Almeria;Las Palmas;3;1;1;1;0,3058;0,4963;0,1979
56631;2021-02-14;T20-21;SP2;Alcorcon;Logrones;1;0;1;1;0,3079;0,4789;0,2132
34735;2021-02-14;T20-21;I1;Cagliari;Atalanta;0;1;2;2;0,2319;0,1902;0,5779
56633;2021-02-14;T20-21;SP2;Sp Gijon;Malaga;1;0;1;1;0,2783;0,4204;0,3013
44732;2021-02-14;T20-21;SP1;Levante;Osasuna;0;1;2;1;0,3129;0,48;0,2071
34734;2021-02-14;T20-21;I1;Roma;Udinese;3;0;1;1;0,2024;0,6828;0,1148
56629;2021-02-14;T20-21;SP2;Mallorca;Espanol;1;2;2;1;0,2606;0,4156;0,3238
26356;2021-02-14;T20-21;F1;Lille;Brest;0;0;0;1;0,2486;0,6097;0,1416
6177;2021-02-14;T20-21;D1;Ein Frankfurt;FC Koln;2;0;1;1;0,2761;0,5592;0,1647
6178;2021-02-14;T20-21;D1;Wolfsburg;M'gladbach;0;0;0;1;0,302;0,4265;0,2715
26357;2021-02-14;T20-21;F1;Bordeaux;Marseille;0;0;0;2;0,2228;0,2908;0,4864
16162;2021-02-14;T20-21;E0;West Brom;Man United;1;1;0;2;0,18;0,1772;0,6428
16163;2021-02-14;T20-21;E0;Arsenal;Leeds;4;2;1;1;0,2966;0,4217;0,2817
16161;2021-02-14;T20-21;E0;Southampton;Wolves;1;2;2;1;0,2701;0,3924;0,3375
26351;2021-02-14;T20-21;F1;Monaco;Lorient;2;2;0;1;0,23;0,6344;0,1357
26352;2021-02-14;T20-21;F1;Angers;Nantes;1;3;2;1;0,3047;0,4336;0,2618
26353;2021-02-14;T20-21;F1;Dijon;Nimes;0;2;2;1;0,2822;0,4508;0,267
26354;2021-02-14;T20-21;F1;Metz;Strasbourg;1;2;2;1;0,2897;0,4783;0,232
26355;2021-02-14;T20-21;F1;Rennes;St Etienne;0;2;2;1;0,2935;0,4684;0,238
16164;2021-02-14;T20-21;E0;Everton;Fulham;0;2;2;1;0,3161;0,4693;0,2147
6179;2021-02-15;T20-21;D1;Bayern Munich;Bielefeld;3;3;0;1;0,1029;0,8753;0,0218
16165;2021-02-15;T20-21;E0;West Ham;Sheffield United;3;0;1;1;0,2712;0,4699;0,2589
16166;2021-02-15;T20-21;E0;Chelsea;Newcastle;2;0;1;1;0,2123;0,6954;0,0922
34739;2021-02-15;T20-21;I1;Verona;Parma;2;1;1;1;0,2887;0,4836;0,2277
44734;2021-02-15;T20-21;SP1;Cadiz;Ath Bilbao;0;4;2;2;0,2945;0,3294;0,376
56634;2021-02-15;T20-21;SP2;Castellon;Fuenlabrada;1;2;2;2;0,2548;0,308;0,4372
56635;2021-02-15;T20-21;SP2;Oviedo;Lugo;3;1;1;1;0,3042;0,445;0,2509
56636;2021-02-17;T20-21;SP2;Leganes;Almeria;2;1;1;1;0,2979;0,4308;0,2713
44735;2021-02-17;T20-21;SP1;Levante;Ath Madrid;1;1;0;2;0,2573;0,3103;0,4324
16167;2021-02-17;T20-21;E0;Burnley;Fulham;1;1;0;1;0,3189;0,4508;0,2302
16168;2021-02-17;T20-21;E0;Everton;Man City;1;3;2;2;0,1872;0,1597;0,6531
26358;2021-02-17;T20-21;F1;Marseille;Nice;3;2;1;1;0,248;0,6115;0,1405
6180;2021-02-19;T20-21;D1;Bielefeld;Wolfsburg;0;3;2;2;0,2168;0,2088;0,5744
16169;2021-02-19;T20-21;E0;Wolves;Leeds;1;0;1;1;0,3076;0,3809;0,3115
26359;2021-02-19;T20-21;F1;Brest;Lyon;2;3;2;2;0,2519;0,2853;0,4629
34740;2021-02-19;T20-21;I1;Fiorentina;Spezia;3;0;1;1;0,2742;0,5521;0,1737
34741;2021-02-19;T20-21;I1;Cagliari;Torino;0;1;2;1;0,281;0,4117;0,3074
44736;2021-02-19;T20-21;SP1;Betis;Getafe;1;0;1;1;0,3085;0,4576;0,2339
56637;2021-02-19;T20-21;SP2;Ponferradina;Mirandes;1;0;1;1;0,2963;0,3597;0,3439
34743;2021-02-20;T20-21;I1;Genoa;Verona;2;2;0;1;0,2727;0,4231;0,3042
34744;2021-02-20;T20-21;I1;Sassuolo;Bologna;1;1;0;1;0,3075;0,4564;0,2361
44737;2021-02-20;T20-21;SP1;Elche;Eibar;1;0;1;2;0,2486;0,2543;0,497
44738;2021-02-20;T20-21;SP1;Ath Madrid;Levante;0;2;2;1;0,2622;0,5639;0,1739
56639;2021-02-20;T20-21;SP2;Albacete;Sp Gijon;0;1;2;2;0,2782;0,3;0,4218
44740;2021-02-20;T20-21;SP1;Valladolid;Real Madrid;0;1;2;2;0,2129;0,2147;0,5724
56638;2021-02-20;T20-21;SP2;Espanol;Sabadell;1;0;1;1;0,2346;0,6351;0,1303
34742;2021-02-20;T20-21;I1;Lazio;Sampdoria;1;0;1;1;0,223;0,6203;0,1567
44739;2021-02-20;T20-21;SP1;Valencia;Celta;2;0;1;1;0,3121;0,4715;0,2164
26361;2021-02-20;T20-21;F1;Nantes;Marseille;1;1;0;2;0,2198;0,2592;0,521
56640;2021-02-20;T20-21;SP2;Las Palmas;Cartagena;2;0;1;1;0,3071;0,4685;0,2244
16173;2021-02-20;T20-21;E0;Fulham;Sheffield United;1;0;1;1;0,2697;0,4419;0,2884
16172;2021-02-20;T20-21;E0;Liverpool;Everton;0;2;2;1;0,198;0,6957;0,1063
16171;2021-02-20;T20-21;E0;Burnley;West Brom;0;0;0;1;0,2734;0,5446;0,182
16170;2021-02-20;T20-21;E0;Southampton;Chelsea;1;1;0;2;0,2117;0,1799;0,6084
6185;2021-02-20;T20-21;D1;Schalke 04;Dortmund;0;4;2;2;0,1737;0,164;0,6623
6184;2021-02-20;T20-21;D1;M'gladbach;Mainz;1;2;2;1;0,2254;0,6468;0,1278
6183;2021-02-20;T20-21;D1;Freiburg;Union Berlin;0;1;2;1;0,2984;0,4553;0,2463
6182;2021-02-20;T20-21;D1;FC Koln;Stuttgart;0;1;2;2;0,2785;0,3391;0,3824
6181;2021-02-20;T20-21;D1;Ein Frankfurt;Bayern Munich;2;1;1;2;0,2635;0,2569;0,4796
26360;2021-02-20;T20-21;F1;St Etienne;Reims;1;1;0;1;0,2915;0,4277;0,2809
34747;2021-02-21;T20-21;I1;Atalanta;Napoli;4;2;1;2;0,2769;0,3053;0,4177
34748;2021-02-21;T20-21;I1;Benevento;Roma;0;0;0;2;0,2044;0,1698;0,6258
44741;2021-02-21;T20-21;SP1;Barcelona;Cadiz;1;1;0;1;0,1756;0,7742;0,0502
44742;2021-02-21;T20-21;SP1;Sociedad;Alaves;4;0;1;1;0,3057;0,499;0,1953
44743;2021-02-21;T20-21;SP1;Huesca;Granada;3;2;1;1;0,2971;0,4426;0,2603
56644;2021-02-21;T20-21;SP2;Lugo;Logrones;1;1;0;1;0,272;0,4773;0,2507
56641;2021-02-21;T20-21;SP2;Leganes;Tenerife;1;0;1;1;0,2849;0,5357;0,1794
56642;2021-02-21;T20-21;SP2;Mallorca;Almeria;2;0;1;1;0,2336;0,6191;0,1473
56643;2021-02-21;T20-21;SP2;Girona;Castellon;2;1;1;1;0,2901;0,5231;0,1868
34746;2021-02-21;T20-21;I1;Milan;Inter;0;3;2;1;0,2769;0,3635;0,3597
56645;2021-02-21;T20-21;SP2;Malaga;Vallecano;2;0;1;2;0,236;0,2415;0,5225
44744;2021-02-21;T20-21;SP1;Ath Bilbao;Villarreal;1;1;0;1;0,2851;0,4099;0,305
34745;2021-02-21;T20-21;I1;Parma;Udinese;2;2;0;1;0,298;0,4172;0,2848
26365;2021-02-21;T20-21;F1;Nimes;Bordeaux;2;0;1;2;0,2678;0,354;0,3782
26367;2021-02-21;T20-21;F1;Lorient;Lille;1;4;2;2;0,238;0,2632;0,4988
6186;2021-02-21;T20-21;D1;Augsburg;Leverkusen;1;1;0;2;0,1996;0,1872;0,6132
6187;2021-02-21;T20-21;D1;Hertha;RB Leipzig;0;3;2;2;0,2097;0,1995;0,5909
6188;2021-02-21;T20-21;D1;Hoffenheim;Werder Bremen;4;0;1;1;0,2705;0,5632;0,1663
16174;2021-02-21;T20-21;E0;West Ham;Tottenham;2;1;1;1;0,2724;0,4299;0,2976
26368;2021-02-21;T20-21;F1;Paris SG;Monaco;0;2;2;1;0,2221;0,6331;0,1448
16176;2021-02-21;T20-21;E0;Arsenal;Man City;0;1;2;2;0,2182;0,2231;0,5587
16175;2021-02-21;T20-21;E0;Aston Villa;Leicester;1;2;2;1;0,2757;0,4018;0,3225
26362;2021-02-21;T20-21;F1;Montpellier;Rennes;2;1;1;1;0,2976;0,409;0,2934
26363;2021-02-21;T20-21;F1;Lens;Dijon;2;1;1;1;0,2337;0,6555;0,1107
26364;2021-02-21;T20-21;F1;Nice;Metz;1;2;2;1;0,3213;0,4031;0,2756
26366;2021-02-21;T20-21;F1;Strasbourg;Angers;0;0;0;1;0,2914;0,4344;0,2741
16177;2021-02-21;T20-21;E0;Man United;Newcastle;3;1;1;1;0,1964;0,6958;0,1079
56646;2021-02-22;T20-21;SP2;Fuenlabrada;Oviedo;2;2;0;1;0,312;0,4385;0,2495
16178;2021-02-22;T20-21;E0;Brighton;Crystal Palace;1;2;2;1;0,2343;0,6499;0,1158
34749;2021-02-22;T20-21;I1;Juventus;Crotone;3;0;1;1;0,1978;0,6949;0,1073
44745;2021-02-22;T20-21;SP1;Osasuna;Sevilla;0;2;2;2;0,2287;0,23;0,5413
56647;2021-02-22;T20-21;SP2;Zaragoza;Alcorcon;0;1;2;1;0,3;0,414;0,286
16179;2021-02-23;T20-21;E0;Leeds;Southampton;3;0;1;1;0,2877;0,44;0,2722
26369;2021-02-24;T20-21;F1;Nimes;Lorient;1;0;1;1;0,3024;0,435;0,2626
44746;2021-02-24;T20-21;SP1;Barcelona;Elche;3;0;1;1;0,1681;0,7872;0,0447
6189;2021-02-26;T20-21;D1;Werder Bremen;Ein Frankfurt;2;1;1;2;0,2283;0,2343;0,5373
26370;2021-02-26;T20-21;F1;Rennes;Nice;1;2;2;1;0,2725;0,4712;0,2563
44747;2021-02-26;T20-21;SP1;Levante;Ath Bilbao;1;1;0;1;0,2881;0,371;0,3409
56648;2021-02-26;T20-21;SP2;Sabadell;Albacete;0;0;0;1;0,3078;0,3664;0,3258
56649;2021-02-26;T20-21;SP2;Cartagena;Leganes;1;0;1;2;0,2341;0,2383;0,5276
34752;2021-02-27;T20-21;I1;Verona;Juventus;1;1;0;2;0,2237;0,2319;0,5444
44749;2021-02-27;T20-21;SP1;Sevilla;Barcelona;0;2;2;2;0,2577;0,3603;0,382
44750;2021-02-27;T20-21;SP1;Alaves;Osasuna;0;1;2;1;0,3187;0,3751;0,3062
44751;2021-02-27;T20-21;SP1;Getafe;Valencia;3;0;1;1;0,2504;0,3763;0,3733
56652;2021-02-27;T20-21;SP2;Castellon;Las Palmas;4;0;1;1;0,2833;0,411;0,3058
56651;2021-02-27;T20-21;SP2;Almeria;Lugo;4;1;1;1;0,2965;0,4509;0,2526
34751;2021-02-27;T20-21;I1;Bologna;Lazio;2;0;1;2;0,2761;0,3538;0,3701
56653;2021-02-27;T20-21;SP2;Logrones;Mallorca;0;1;2;2;0,2047;0,219;0,5763
56650;2021-02-27;T20-21;SP2;Vallecano;Ponferradina;1;1;0;1;0,2431;0,6168;0,1401
34750;2021-02-27;T20-21;I1;Spezia;Parma;2;2;0;1;0,28;0,4665;0,2535
44748;2021-02-27;T20-21;SP1;Eibar;Huesca;1;1;0;1;0,3045;0,4836;0,212
26371;2021-02-27;T20-21;F1;Bordeaux;Metz;1;2;2;1;0,3187;0,4445;0,2369
26372;2021-02-27;T20-21;F1;Dijon;Paris SG;0;4;2;2;0,1953;0,1896;0,6151
6190;2021-02-27;T20-21;D1;Bayern Munich;FC Koln;5;1;1;1;0,109;0,8621;0,0288
6191;2021-02-27;T20-21;D1;Dortmund;Bielefeld;3;0;1;1;0,1825;0,7308;0,0867
6193;2021-02-27;T20-21;D1;Wolfsburg;Hertha;2;0;1;1;0,259;0,5806;0,1604
6194;2021-02-27;T20-21;D1;RB Leipzig;M'gladbach;3;2;1;1;0,1976;0,6751;0,1273
6192;2021-02-27;T20-21;D1;Stuttgart;Schalke 04;5;1;1;1;0,3078;0,5098;0,1824
16181;2021-02-27;T20-21;E0;West Brom;Brighton;1;0;1;2;0,2524;0,3123;0,4352
16182;2021-02-27;T20-21;E0;Leeds;Aston Villa;0;1;2;1;0,3048;0,413;0,2822
16183;2021-02-27;T20-21;E0;Newcastle;Wolves;1;1;0;2;0,2695;0,3;0,4306
16180;2021-02-27;T20-21;E0;Man City;West Ham;2;1;1;1;0,1604;0,7578;0,0818
34758;2021-02-28;T20-21;I1;Roma;Milan;1;2;2;1;0,2797;0,4139;0,3064
56657;2021-02-28;T20-21;SP2;Oviedo;Zaragoza;1;0;1;1;0,2805;0,4587;0,2608
34755;2021-02-28;T20-21;I1;Inter;Genoa;3;0;1;1;0,1959;0,7006;0,1035
34756;2021-02-28;T20-21;I1;Udinese;Fiorentina;1;0;1;1;0,2841;0,4074;0,3085
34757;2021-02-28;T20-21;I1;Napoli;Benevento;2;0;1;1;0,1957;0,6977;0,1067
44752;2021-02-28;T20-21;SP1;Celta;Valladolid;1;1;0;1;0,2891;0,4211;0,2898
56655;2021-02-28;T20-21;SP2;Sp Gijon;Espanol;1;1;0;2;0,2311;0,2689;0,5
44754;2021-02-28;T20-21;SP1;Granada;Elche;2;1;1;1;0,3059;0,4994;0,1947
44755;2021-02-28;T20-21;SP1;Villarreal;Ath Madrid;0;2;2;2;0,2457;0,2898;0,4645
56654;2021-02-28;T20-21;SP2;Fuenlabrada;Girona;1;1;0;1;0,2832;0,4363;0,2805
56656;2021-02-28;T20-21;SP2;Tenerife;Alcorcon;3;1;1;1;0,3166;0,4478;0,2356
34753;2021-02-28;T20-21;I1;Sampdoria;Atalanta;0;2;2;2;0,2397;0,1845;0,5758
44753;2021-02-28;T20-21;SP1;Cadiz;Betis;0;1;2;1;0,318;0,3545;0,3275
26379;2021-02-28;T20-21;F1;Marseille;Lyon;1;1;0;2;0,2527;0,3523;0,395
34754;2021-02-28;T20-21;I1;Crotone;Cagliari;0;2;2;1;0,2925;0,3827;0,3249
26377;2021-02-28;T20-21;F1;Reims;Montpellier;0;0;0;2;0,2962;0,3484;0,3554
6195;2021-02-28;T20-21;D1;Union Berlin;Hoffenheim;1;1;0;1;0,2836;0,4143;0,3021
6196;2021-02-28;T20-21;D1;Mainz;Augsburg;0;1;2;1;0,2962;0,4633;0,2405
6197;2021-02-28;T20-21;D1;Leverkusen;Freiburg;1;2;2;1;0,2893;0,5231;0,1875
16184;2021-02-28;T20-21;E0;Crystal Palace;Fulham;0;0;0;1;0,3205;0,4449;0,2346
16185;2021-02-28;T20-21;E0;Leicester;Arsenal;1;3;2;1;0,2909;0,466;0,2432
16186;2021-02-28;T20-21;E0;Tottenham;Burnley;4;0;1;1;0,2598;0,5905;0,1498
26378;2021-02-28;T20-21;F1;Lille;Strasbourg;1;1;0;1;0,213;0,6691;0,118
16188;2021-02-28;T20-21;E0;Sheffield United;Liverpool;0;2;2;2;0,2062;0,1657;0,6281
26373;2021-02-28;T20-21;F1;Monaco;Brest;2;0;1;1;0,237;0,6269;0,1361
26374;2021-02-28;T20-21;F1;Angers;Lens;2;2;0;2;0,242;0,284;0,474
26375;2021-02-28;T20-21;F1;Lorient;St Etienne;2;1;1;1;0,2819;0,3897;0,3284
26376;2021-02-28;T20-21;F1;Nimes;Nantes;1;1;0;1;0,2911;0,4364;0,2726
16187;2021-02-28;T20-21;E0;Chelsea;Man United;0;0;0;1;0,2666;0,3889;0,3444
16189;2021-03-01;T20-21;E0;Everton;Southampton;1;0;1;1;0,2792;0,4285;0,2923
44756;2021-03-01;T20-21;SP1;Real Madrid;Sociedad;1;1;0;1;0,2012;0,6956;0,1032
56658;2021-03-01;T20-21;SP2;Mirandes;Malaga;1;0;1;1;0,2719;0,3886;0,3395
34759;2021-03-02;T20-21;I1;Juventus;Spezia;3;0;1;1;0,2074;0,6722;0,1204
16190;2021-03-02;T20-21;E0;Man City;Wolves;4;1;1;1;0,16;0,7653;0,0748
34766;2021-03-03;T20-21;I1;Milan;Udinese;1;1;0;1;0,2013;0,652;0,1467
34764;2021-03-03;T20-21;I1;Fiorentina;Roma;1;2;2;2;0,2616;0,2927;0,4458
34763;2021-03-03;T20-21;I1;Cagliari;Bologna;1;0;1;1;0,3125;0,4014;0,2861
34762;2021-03-03;T20-21;I1;Benevento;Verona;0;3;2;1;0,2819;0,409;0,3091
34761;2021-03-03;T20-21;I1;Atalanta;Crotone;5;1;1;1;0,1949;0,7072;0,0979
34760;2021-03-03;T20-21;I1;Sassuolo;Napoli;3;3;0;2;0,2822;0,2991;0,4187
26389;2021-03-03;T20-21;F1;Strasbourg;Monaco;1;0;1;2;0,2748;0,277;0,4482
26388;2021-03-03;T20-21;F1;Nantes;Reims;1;2;2;1;0,298;0,4227;0,2793
26387;2021-03-03;T20-21;F1;Montpellier;Lorient;1;1;0;1;0,2594;0,5839;0,1567
34765;2021-03-03;T20-21;I1;Genoa;Sampdoria;1;1;0;1;0,2767;0,39;0,3333
26385;2021-03-03;T20-21;F1;Bordeaux;Paris SG;0;1;2;2;0,2028;0,1883;0,6089
26384;2021-03-03;T20-21;F1;St Etienne;Lens;2;3;2;2;0,2675;0,3262;0,4063
26383;2021-03-03;T20-21;F1;Nice;Nimes;2;1;1;1;0,3122;0,4597;0,2281
26382;2021-03-03;T20-21;F1;Metz;Angers;0;1;2;1;0,2871;0,4613;0,2516
26381;2021-03-03;T20-21;F1;Lyon;Rennes;1;0;1;1;0,2267;0,6478;0,1255
26380;2021-03-03;T20-21;F1;Brest;Dijon;3;1;1;1;0,2837;0,5778;0,1385
16193;2021-03-03;T20-21;E0;Crystal Palace;Man United;0;0;0;2;0,2053;0,1968;0,5979
16192;2021-03-03;T20-21;E0;Sheffield United;Aston Villa;1;0;1;2;0,3072;0,3426;0,3502
26386;2021-03-03;T20-21;F1;Lille;Marseille;2;0;1;1;0,2309;0,6173;0,1519
16191;2021-03-03;T20-21;E0;Burnley;Leicester;1;1;0;2;0,2305;0,2388;0,5307
16196;2021-03-04;T20-21;E0;Liverpool;Chelsea;0;1;2;1;0,2652;0,469;0,2658
34767;2021-03-04;T20-21;I1;Parma;Inter;1;2;2;2;0,1992;0,1645;0,6363
16194;2021-03-04;T20-21;E0;Fulham;Tottenham;0;1;2;2;0,2328;0,2665;0,5007
16195;2021-03-04;T20-21;E0;West Brom;Everton;0;1;2;2;0,2539;0,3478;0,3982
6198;2021-03-05;T20-21;D1;Schalke 04;Mainz;0;0;0;1;0,2716;0,3865;0,3419
44757;2021-03-05;T20-21;SP1;Valencia;Villarreal;2;1;1;1;0,2835;0,387;0,3295
56659;2021-03-05;T20-21;SP2;Espanol;Oviedo;1;1;0;1;0,2356;0,6313;0,1331
34770;2021-03-06;T20-21;I1;Juventus;Lazio;3;1;1;1;0,2157;0,6276;0,1567
56662;2021-03-06;T20-21;SP2;Leganes;Castellon;0;0;0;1;0,2822;0,5384;0,1794
56661;2021-03-06;T20-21;SP2;Las Palmas;Vallecano;1;1;0;2;0,2483;0,3041;0,4475
56660;2021-03-06;T20-21;SP2;Zaragoza;Tenerife;1;0;1;1;0,3009;0,4134;0,2857
44761;2021-03-06;T20-21;SP1;Osasuna;Barcelona;0;2;2;2;0,1942;0,1705;0,6353
44760;2021-03-06;T20-21;SP1;Cadiz;Eibar;1;0;1;2;0,2488;0,282;0,4692
44759;2021-03-06;T20-21;SP1;Elche;Sevilla;2;1;1;2;0,2145;0,2083;0,5773
56663;2021-03-06;T20-21;SP2;Albacete;Logrones;1;1;0;1;0,2811;0,363;0,3558
44758;2021-03-06;T20-21;SP1;Valladolid;Getafe;2;1;1;2;0,2709;0,3583;0,3708
34769;2021-03-06;T20-21;I1;Udinese;Sassuolo;2;0;1;1;0,2959;0,3725;0,3317
16197;2021-03-06;T20-21;E0;Burnley;Arsenal;1;1;0;2;0,235;0,2612;0,5038
16200;2021-03-06;T20-21;E0;Brighton;Leicester;1;2;2;2;0,2945;0,3376;0,3679
16199;2021-03-06;T20-21;E0;Aston Villa;Wolves;0;0;0;1;0,2771;0,4585;0,2644
16198;2021-03-06;T20-21;E0;Sheffield United;Southampton;0;2;2;1;0,2753;0,3947;0,3301
6204;2021-03-06;T20-21;D1;Bayern Munich;Dortmund;4;2;1;1;0,1408;0,7649;0,0943
6203;2021-03-06;T20-21;D1;M'gladbach;Leverkusen;0;1;2;2;0,2682;0,3327;0,3991
6202;2021-03-06;T20-21;D1;Hoffenheim;Wolfsburg;2;1;1;1;0,2921;0,402;0,306
6201;2021-03-06;T20-21;D1;Hertha;Augsburg;2;1;1;1;0,3095;0,445;0,2455
6200;2021-03-06;T20-21;D1;Freiburg;RB Leipzig;0;3;2;2;0,2281;0,2263;0,5456
6199;2021-03-06;T20-21;D1;Ein Frankfurt;Stuttgart;1;1;0;1;0,3101;0,4093;0,2806
34768;2021-03-06;T20-21;I1;Spezia;Benevento;1;1;0;1;0,2773;0,5198;0,2029
44762;2021-03-07;T20-21;SP1;Huesca;Celta;3;4;2;1;0,3;0,4403;0,2596
44763;2021-03-07;T20-21;SP1;Ath Madrid;Real Madrid;1;1;0;1;0,2638;0,4351;0,3012
44765;2021-03-07;T20-21;SP1;Ath Bilbao;Granada;2;1;1;1;0,2984;0,5128;0,1888
34776;2021-03-07;T20-21;I1;Napoli;Bologna;3;1;1;1;0,2044;0,6793;0,1163
56665;2021-03-07;T20-21;SP2;Ponferradina;Sp Gijon;2;2;0;1;0,3024;0,3885;0,3091
56666;2021-03-07;T20-21;SP2;Mallorca;Cartagena;2;1;1;1;0,2817;0,5549;0,1635
56667;2021-03-07;T20-21;SP2;Girona;Almeria;0;1;2;1;0,2956;0,3667;0,3377
56664;2021-03-07;T20-21;SP2;Malaga;Sabadell;2;0;1;1;0,3192;0,4439;0,2368
34775;2021-03-07;T20-21;I1;Sampdoria;Cagliari;2;2;0;1;0,321;0,4757;0,2033
44764;2021-03-07;T20-21;SP1;Sociedad;Levante;1;0;1;1;0,2906;0,4877;0,2217
34773;2021-03-07;T20-21;I1;Fiorentina;Parma;3;3;0;1;0,3102;0,48;0,2098
34771;2021-03-07;T20-21;I1;Roma;Genoa;1;0;1;1;0,1982;0,6901;0,1117
16204;2021-03-07;T20-21;E0;Tottenham;Crystal Palace;4;1;1;1;0,1754;0,7436;0,0811
34774;2021-03-07;T20-21;I1;Verona;Milan;0;2;2;2;0,2673;0,3367;0,396
16203;2021-03-07;T20-21;E0;Man City;Man United;0;2;2;1;0,1789;0,7152;0,1059
16202;2021-03-07;T20-21;E0;Liverpool;Fulham;0;1;2;1;0,1952;0,7223;0,0825
16201;2021-03-07;T20-21;E0;West Brom;Newcastle;0;0;0;1;0,2878;0,4296;0,2826
6206;2021-03-07;T20-21;D1;Bielefeld;Union Berlin;0;0;0;1;0,2964;0,3843;0,3193
6205;2021-03-07;T20-21;D1;FC Koln;Werder Bremen;1;1;0;1;0,3009;0,4352;0,2639
16205;2021-03-08;T20-21;E0;Chelsea;Everton;2;0;1;1;0,2039;0,6886;0,1075
16206;2021-03-08;T20-21;E0;West Ham;Leeds;2;0;1;1;0,2821;0,3911;0,3269
34777;2021-03-08;T20-21;I1;Inter;Atalanta;1;0;1;1;0,3057;0,3887;0,3055
44766;2021-03-08;T20-21;SP1;Betis;Alaves;3;2;1;1;0,2882;0,4256;0,2862
56668;2021-03-08;T20-21;SP2;Alcorcon;Mirandes;4;0;1;1;0,3074;0,4314;0,2612
56669;2021-03-08;T20-21;SP2;Lugo;Fuenlabrada;0;0;0;2;0,2508;0,3028;0,4464
26390;2021-03-10;T20-21;F1;Marseille;Rennes;1;0;1;1;0,2872;0,3749;0,3378
44767;2021-03-10;T20-21;SP1;Ath Madrid;Ath Bilbao;2;1;1;1;0,2534;0,5887;0,1578
6207;2021-03-10;T20-21;D1;Bielefeld;Werder Bremen;0;2;2;1;0,2945;0,3927;0,3127
16207;2021-03-10;T20-21;E0;Man City;Southampton;5;2;1;1;0,1561;0,7671;0,0768
56670;2021-03-12;T20-21;SP2;Cartagena;Ponferradina;1;1;0;1;0,2828;0,3867;0,3305
44768;2021-03-12;T20-21;SP1;Levante;Valencia;1;0;1;1;0,2831;0,4523;0,2646
34779;2021-03-12;T20-21;I1;Atalanta;Spezia;3;1;1;1;0,2125;0,6669;0,1206
56671;2021-03-12;T20-21;SP2;Vallecano;Zaragoza;3;2;1;1;0,2744;0,5652;0,1604
26391;2021-03-12;T20-21;F1;Reims;Lyon;1;1;0;2;0,1841;0,1801;0,6358
16208;2021-03-12;T20-21;E0;Newcastle;Aston Villa;1;1;0;2;0,2964;0,3195;0,3842
6208;2021-03-12;T20-21;D1;Augsburg;M'gladbach;3;1;1;2;0,2451;0,276;0,4789
34778;2021-03-12;T20-21;I1;Lazio;Crotone;3;2;1;1;0,2274;0,6432;0,1293
34781;2021-03-13;T20-21;I1;Benevento;Fiorentina;1;4;2;2;0,272;0,3534;0,3746
56674;2021-03-13;T20-21;SP2;Castellon;Sabadell;2;1;1;1;0,2731;0,4277;0,2992
56673;2021-03-13;T20-21;SP2;Girona;Lugo;1;1;0;1;0,3085;0,4428;0,2487
56672;2021-03-13;T20-21;SP2;Fuenlabrada;Las Palmas;1;2;2;1;0,2934;0,446;0,2605
44772;2021-03-13;T20-21;SP1;Getafe;Ath Madrid;0;0;0;2;0,188;0,215;0,5969
44771;2021-03-13;T20-21;SP1;Osasuna;Valladolid;0;0;0;1;0,3101;0,4177;0,2722
44770;2021-03-13;T20-21;SP1;Real Madrid;Elche;2;1;1;1;0,2084;0,6982;0,0934
56675;2021-03-13;T20-21;SP2;Mirandes;Espanol;2;2;0;2;0,2255;0,262;0,5125
34782;2021-03-13;T20-21;I1;Genoa;Udinese;1;1;0;1;0,2832;0,4039;0,3128
34780;2021-03-13;T20-21;I1;Sassuolo;Verona;3;2;1;1;0,2849;0,5042;0,2109
44769;2021-03-13;T20-21;SP1;Alaves;Cadiz;1;1;0;1;0,3205;0,3985;0,2811
26392;2021-03-13;T20-21;F1;Angers;St Etienne;0;1;2;1;0,2741;0,3889;0,337
16212;2021-03-13;T20-21;E0;Fulham;Man City;0;3;2;2;0,1931;0,1803;0,6266
16211;2021-03-13;T20-21;E0;Everton;Burnley;1;2;2;1;0,2834;0,4558;0,2608
16210;2021-03-13;T20-21;E0;Crystal Palace;West Brom;1;0;1;1;0,2945;0,4853;0,2201
16209;2021-03-13;T20-21;E0;Leeds;Chelsea;0;0;0;2;0,2449;0,2681;0,4869
6213;2021-03-13;T20-21;D1;Dortmund;Hertha;2;0;1;1;0,2013;0,6903;0,1084
6212;2021-03-13;T20-21;D1;Wolfsburg;Schalke 04;5;0;1;1;0,2497;0,6173;0,133
6211;2021-03-13;T20-21;D1;Werder Bremen;Bayern Munich;1;3;2;2;0,2297;0,1991;0,5712
6210;2021-03-13;T20-21;D1;Union Berlin;FC Koln;2;1;1;1;0,2931;0,5291;0,1778
6209;2021-03-13;T20-21;D1;Mainz;Freiburg;1;0;1;1;0,3022;0,4374;0,2604
26393;2021-03-13;T20-21;F1;Marseille;Brest;3;1;1;1;0,3039;0,4744;0,2218
34784;2021-03-14;T20-21;I1;Parma;Roma;2;0;1;2;0,2085;0,1917;0,5998
34785;2021-03-14;T20-21;I1;Torino;Inter;1;2;2;2;0,2233;0,2142;0,5625
34786;2021-03-14;T20-21;I1;Cagliari;Juventus;1;3;2;2;0,2045;0,1838;0,6117
34787;2021-03-14;T20-21;I1;Milan;Napoli;0;1;2;2;0,2797;0,3292;0,3911
44773;2021-03-14;T20-21;SP1;Celta;Ath Bilbao;0;0;0;2;0,2914;0,3362;0,3724
56678;2021-03-14;T20-21;SP2;Tenerife;Albacete;2;0;1;1;0,2917;0,4436;0,2647
44775;2021-03-14;T20-21;SP1;Eibar;Villarreal;1;3;2;1;0,2747;0,4566;0,2687
44776;2021-03-14;T20-21;SP1;Sevilla;Betis;1;0;1;1;0,2295;0,6121;0,1583
56676;2021-03-14;T20-21;SP2;Logrones;Malaga;0;1;2;2;0,2118;0,2311;0,5572
56677;2021-03-14;T20-21;SP2;Sp Gijon;Mallorca;2;0;1;2;0,2213;0,2652;0,5134
56679;2021-03-14;T20-21;SP2;Oviedo;Leganes;1;3;2;1;0,3032;0,4006;0,2962
44774;2021-03-14;T20-21;SP1;Granada;Sociedad;1;0;1;2;0,285;0,3145;0,4005
34783;2021-03-14;T20-21;I1;Bologna;Sampdoria;3;1;1;1;0,2953;0,5014;0,2033
26398;2021-03-14;T20-21;F1;Rennes;Strasbourg;1;0;1;1;0,3058;0,4738;0,2205
26399;2021-03-14;T20-21;F1;Monaco;Lille;0;0;0;1;0,2742;0,3982;0,3276
6214;2021-03-14;T20-21;D1;Leverkusen;Bielefeld;1;2;2;1;0,1786;0,7386;0,0828
26400;2021-03-14;T20-21;F1;Paris SG;Nantes;1;2;2;1;0,1873;0,7554;0,0573
6216;2021-03-14;T20-21;D1;Stuttgart;Hoffenheim;2;0;1;1;0,2934;0,4147;0,2919
16213;2021-03-14;T20-21;E0;Southampton;Brighton;1;2;2;1;0,2933;0,4208;0,2858
16214;2021-03-14;T20-21;E0;Leicester;Sheffield United;5;0;1;1;0,2182;0,6366;0,1452
6215;2021-03-14;T20-21;D1;RB Leipzig;Ein Frankfurt;1;1;0;1;0,1971;0,6612;0,1418
16216;2021-03-14;T20-21;E0;Man United;West Ham;1;0;1;1;0,1979;0,6641;0,138
26394;2021-03-14;T20-21;F1;Nimes;Montpellier;1;1;0;1;0,2828;0,368;0,3492
26395;2021-03-14;T20-21;F1;Dijon;Bordeaux;1;3;2;1;0,2748;0,384;0,3413
26396;2021-03-14;T20-21;F1;Lens;Metz;2;2;0;1;0,2647;0,5553;0,18
26397;2021-03-14;T20-21;F1;Lorient;Nice;1;1;0;1;0,2778;0,4336;0,2886
16215;2021-03-14;T20-21;E0;Arsenal;Tottenham;2;1;1;1;0,2847;0,44;0,2753
16217;2021-03-15;T20-21;E0;Wolves;Liverpool;0;1;2;2;0,212;0,1718;0,6163
44777;2021-03-15;T20-21;SP1;Barcelona;Huesca;4;1;1;1;0,171;0,772;0,057
56680;2021-03-15;T20-21;SP2;Almeria;Alcorcon;0;0;0;1;0,3091;0,4898;0,201
34788;2021-03-17;T20-21;I1;Torino;Sassuolo;3;2;1;1;0,3068;0,4227;0,2706
44778;2021-03-17;T20-21;SP1;Sevilla;Elche;2;0;1;1;0,204;0,7026;0,0934
44779;2021-03-19;T20-21;SP1;Betis;Levante;2;0;1;1;0,3144;0,4654;0,2203
56681;2021-03-19;T20-21;SP2;Las Palmas;Girona;1;2;2;2;0,2981;0,3198;0,3821
34789;2021-03-19;T20-21;I1;Parma;Genoa;1;2;2;1;0,3084;0,4228;0,2689
6217;2021-03-19;T20-21;D1;Bielefeld;RB Leipzig;0;1;2;2;0,1995;0,1777;0,6227
16218;2021-03-19;T20-21;E0;Fulham;Leeds;1;2;2;2;0,2532;0,2816;0,4652
26401;2021-03-19;T20-21;F1;St Etienne;Monaco;0;4;2;2;0,2875;0,3359;0,3766
56685;2021-03-20;T20-21;SP2;Espanol;Logrones;4;0;1;1;0,2415;0,6257;0,1327
56684;2021-03-20;T20-21;SP2;Leganes;Fuenlabrada;0;2;2;1;0,2925;0,3894;0,3181
56683;2021-03-20;T20-21;SP2;Mallorca;Oviedo;0;0;0;1;0,2569;0,5899;0,1532
44783;2021-03-20;T20-21;SP1;Valladolid;Sevilla;1;1;0;2;0,224;0,2358;0,5402
44782;2021-03-20;T20-21;SP1;Huesca;Osasuna;0;0;0;1;0,3143;0,4348;0,2509
44781;2021-03-20;T20-21;SP1;Celta;Real Madrid;1;3;2;2;0,2097;0,2026;0,5877
44780;2021-03-20;T20-21;SP1;Ath Bilbao;Eibar;1;1;0;1;0,2878;0,4458;0,2663
34791;2021-03-20;T20-21;I1;Spezia;Cagliari;2;1;1;1;0,2968;0,4862;0,217
56682;2021-03-20;T20-21;SP2;Sabadell;Sp Gijon;1;1;0;1;0,3081;0,3903;0,3016
26403;2021-03-20;T20-21;F1;Nice;Marseille;3;0;1;2;0,267;0,3468;0,3862
26402;2021-03-20;T20-21;F1;Metz;Rennes;1;3;2;2;0,2723;0,3289;0,3988
16219;2021-03-20;T20-21;E0;Brighton;Newcastle;3;0;1;1;0,3156;0,4955;0,189
6222;2021-03-20;T20-21;D1;Schalke 04;M'gladbach;0;3;2;2;0,2025;0,2105;0,5871
6221;2021-03-20;T20-21;D1;Werder Bremen;Wolfsburg;1;2;2;2;0,2398;0,2422;0,518
6220;2021-03-20;T20-21;D1;FC Koln;Dortmund;2;2;0;2;0,2474;0,2301;0,5225
6219;2021-03-20;T20-21;D1;Ein Frankfurt;Union Berlin;5;2;1;1;0,317;0,4922;0,1907
6218;2021-03-20;T20-21;D1;Bayern Munich;Stuttgart;4;0;1;1;0,1482;0,7599;0,0919
34790;2021-03-20;T20-21;I1;Crotone;Bologna;2;3;2;2;0,2768;0,3605;0,3628
34795;2021-03-21;T20-21;I1;Udinese;Lazio;0;1;2;2;0,28;0,3437;0,3763
34796;2021-03-21;T20-21;I1;Fiorentina;Milan;2;3;2;2;0,2676;0,3049;0,4275
34797;2021-03-21;T20-21;I1;Roma;Napoli;0;2;2;2;0,2795;0,3001;0,4204
44784;2021-03-21;T20-21;SP1;Getafe;Elche;1;1;0;1;0,2548;0,5164;0,2288
44785;2021-03-21;T20-21;SP1;Valencia;Granada;2;1;1;1;0,3053;0,4573;0,2374
56688;2021-03-21;T20-21;SP2;Lugo;Castellon;0;0;0;1;0,2856;0,4808;0,2336
44788;2021-03-21;T20-21;SP1;Sociedad;Barcelona;1;6;2;2;0,2486;0,2825;0,4689
56686;2021-03-21;T20-21;SP2;Ponferradina;Almeria;2;1;1;2;0,2849;0,3261;0,3891
56687;2021-03-21;T20-21;SP2;Malaga;Tenerife;1;1;0;1;0,3023;0,426;0,2716
56689;2021-03-21;T20-21;SP2;Alcorcon;Vallecano;0;3;2;2;0,2687;0,3009;0,4304
34794;2021-03-21;T20-21;I1;Sampdoria;Torino;1;0;1;1;0,2997;0,458;0,2422
44786;2021-03-21;T20-21;SP1;Villarreal;Cadiz;2;1;1;1;0,2951;0,5381;0,1668
34793;2021-03-21;T20-21;I1;Juventus;Benevento;0;1;2;1;0,2021;0,6906;0,1073
44787;2021-03-21;T20-21;SP1;Ath Madrid;Alaves;1;0;1;1;0,2618;0,5911;0,1471
26410;2021-03-21;T20-21;F1;Lyon;Paris SG;2;4;2;1;0,2671;0,3858;0,3471
6223;2021-03-21;T20-21;D1;Hoffenheim;Mainz;1;2;2;1;0,246;0,6095;0,1445
6225;2021-03-21;T20-21;D1;Freiburg;Augsburg;2;0;1;1;0,3017;0,4837;0,2146
16220;2021-03-21;T20-21;E0;West Ham;Arsenal;3;3;0;1;0,2646;0,3702;0,3652
16221;2021-03-21;T20-21;E0;Aston Villa;Tottenham;0;2;2;1;0,2676;0,3989;0,3335
34792;2021-03-21;T20-21;I1;Verona;Atalanta;0;2;2;2;0,2108;0,17;0,6192
6224;2021-03-21;T20-21;D1;Hertha;Leverkusen;3;0;1;2;0,2133;0,2157;0,5709
26405;2021-03-21;T20-21;F1;Brest;Angers;0;0;0;1;0,2932;0,4349;0,2719
26406;2021-03-21;T20-21;F1;Dijon;Reims;0;1;2;1;0,2786;0,4359;0,2855
26407;2021-03-21;T20-21;F1;Montpellier;Bordeaux;3;1;1;1;0,2772;0,556;0,1667
26408;2021-03-21;T20-21;F1;Nantes;Lorient;1;1;0;1;0,3068;0,4332;0,26
26409;2021-03-21;T20-21;F1;Lille;Nimes;1;2;2;1;0,2464;0,6121;0,1415
26404;2021-03-21;T20-21;F1;Strasbourg;Lens;1;2;2;2;0,2573;0,2988;0,4438
56690;2021-03-22;T20-21;SP2;Albacete;Cartagena;2;0;1;1;0,3102;0,4474;0,2424
56691;2021-03-22;T20-21;SP2;Zaragoza;Mirandes;1;0;1;1;0,2844;0,4588;0,2568
56693;2021-03-26;T20-21;SP2;Castellon;Espanol;1;3;2;2;0,2069;0,2154;0,5777
56692;2021-03-26;T20-21;SP2;Sp Gijon;Alcorcon;0;0;0;1;0,3012;0,4709;0,2279
56694;2021-03-27;T20-21;SP2;Oviedo;Ponferradina;1;1;0;1;0,3083;0,4398;0,2519
56695;2021-03-27;T20-21;SP2;Almeria;Leganes;1;1;0;1;0,3051;0,4349;0,2601
56696;2021-03-27;T20-21;SP2;Cartagena;Malaga;1;1;0;2;0,2899;0,3376;0,3725
56697;2021-03-27;T20-21;SP2;Logrones;Zaragoza;1;1;0;2;0,2799;0,3576;0,3625
56698;2021-03-28;T20-21;SP2;Lugo;Sabadell;0;1;2;1;0,3006;0,4875;0,2119
56699;2021-03-28;T20-21;SP2;Girona;Albacete;2;1;1;1;0,319;0,4414;0,2396
56700;2021-03-28;T20-21;SP2;Tenerife;Las Palmas;1;1;0;1;0,3147;0,4771;0,2082
56701;2021-03-29;T20-21;SP2;Fuenlabrada;Mallorca;4;1;1;1;0,2968;0,4384;0,2648
56702;2021-03-30;T20-21;SP2;Alcorcon;Oviedo;1;1;0;1;0,3079;0,381;0,3112
56703;2021-03-30;T20-21;SP2;Malaga;Almeria;0;3;2;2;0,259;0,28;0,4611
56704;2021-03-30;T20-21;SP2;Ponferradina;Logrones;2;2;0;1;0,2799;0,5121;0,2079
56705;2021-03-30;T20-21;SP2;Vallecano;Sp Gijon;0;1;2;1;0,3011;0,4548;0,2441
56706;2021-03-31;T20-21;SP2;Albacete;Castellon;0;1;2;1;0,2951;0,4788;0,2261
56707;2021-03-31;T20-21;SP2;Sabadell;Girona;2;2;0;2;0,2584;0,3145;0,4271
56708;2021-04-01;T20-21;SP2;Espanol;Fuenlabrada;4;0;1;1;0,2341;0,6242;0,1417
56709;2021-04-01;T20-21;SP2;Mallorca;Leganes;1;0;1;1;0,2184;0,638;0,1436
56710;2021-04-01;T20-21;SP2;Las Palmas;Lugo;6;1;1;1;0,3075;0,3515;0,341
56711;2021-04-01;T20-21;SP2;Zaragoza;Cartagena;0;0;0;1;0,3007;0,4647;0,2346
56712;2021-04-02;T20-21;SP2;Almeria;Vallecano;0;1;2;1;0,2975;0,408;0,2945
44789;2021-04-02;T20-21;SP1;Levante;Huesca;0;2;2;1;0,2983;0,4288;0,273
34801;2021-04-03;T20-21;I1;Cagliari;Verona;0;2;2;1;0,2947;0,4221;0,2832
56714;2021-04-03;T20-21;SP2;Girona;Ponferradina;3;1;1;1;0,3006;0,4432;0,2562
56713;2021-04-03;T20-21;SP2;Logrones;Tenerife;1;0;1;2;0,2333;0,233;0,5337
44792;2021-04-03;T20-21;SP1;Osasuna;Getafe;0;0;0;2;0,2592;0,3702;0,3706
44791;2021-04-03;T20-21;SP1;Real Madrid;Eibar;2;0;1;1;0,2082;0,6879;0,104
44790;2021-04-03;T20-21;SP1;Granada;Villarreal;0;3;2;2;0,2798;0,3306;0,3896
34806;2021-04-03;T20-21;I1;Torino;Juventus;2;2;0;2;0,2525;0,2719;0,4756
56715;2021-04-03;T20-21;SP2;Castellon;Oviedo;1;0;1;2;0,2639;0,364;0,3721
34804;2021-04-03;T20-21;I1;Napoli;Crotone;4;3;1;1;0,2072;0,689;0,1038
34803;2021-04-03;T20-21;I1;Lazio;Spezia;2;1;1;1;0,2325;0,6128;0,1547
34802;2021-04-03;T20-21;I1;Genoa;Fiorentina;1;1;0;1;0,2643;0,3903;0,3454
34800;2021-04-03;T20-21;I1;Benevento;Parma;2;2;0;1;0,2957;0,3965;0,3078
6232;2021-04-03;T20-21;D1;M'gladbach;Freiburg;2;1;1;1;0,3071;0,4799;0,213
34798;2021-04-03;T20-21;I1;Milan;Sampdoria;1;1;0;1;0,2149;0,6388;0,1463
34799;2021-04-03;T20-21;I1;Atalanta;Udinese;3;2;1;1;0,1814;0,7073;0,1113
6227;2021-04-03;T20-21;D1;Dortmund;Ein Frankfurt;1;2;2;1;0,2309;0,5912;0,1778
6228;2021-04-03;T20-21;D1;Leverkusen;Schalke 04;2;1;1;1;0,1862;0,7156;0,0982
6229;2021-04-03;T20-21;D1;Mainz;Bielefeld;1;1;0;1;0,265;0,6025;0,1325
6226;2021-04-03;T20-21;D1;Augsburg;Hoffenheim;2;1;1;2;0,287;0,3466;0,3664
6231;2021-04-03;T20-21;D1;RB Leipzig;Bayern Munich;0;1;2;2;0,2617;0,3082;0,4301
26411;2021-04-03;T20-21;F1;Monaco;Metz;4;0;1;1;0,225;0,6393;0,1357
26412;2021-04-03;T20-21;F1;Paris SG;Lille;0;1;2;1;0,203;0,6697;0,1273
26413;2021-04-03;T20-21;F1;Lens;Lyon;1;1;0;2;0,2621;0,3314;0,4065
6230;2021-04-03;T20-21;D1;Wolfsburg;FC Koln;1;0;1;1;0,2425;0,6303;0,1271
44795;2021-04-04;T20-21;SP1;Cadiz;Valencia;2;1;1;2;0,2498;0,3004;0,4498
56720;2021-04-04;T20-21;SP2;Las Palmas;Mallorca;1;1;0;2;0,2672;0,2816;0,4513
56719;2021-04-04;T20-21;SP2;Lugo;Malaga;0;1;2;1;0,295;0,3764;0,3286
56718;2021-04-04;T20-21;SP2;Leganes;Sabadell;2;1;1;1;0,2999;0,5091;0,1911
56717;2021-04-04;T20-21;SP2;Albacete;Espanol;0;3;2;2;0,2175;0,2374;0,5451
56716;2021-04-04;T20-21;SP2;Sp Gijon;Mirandes;1;2;2;1;0,303;0,4417;0,2553
44796;2021-04-04;T20-21;SP1;Sevilla;Ath Madrid;1;0;1;2;0,2398;0,2879;0,4723
44793;2021-04-04;T20-21;SP1;Alaves;Celta;1;3;2;1;0,3118;0,403;0,2853
26416;2021-04-04;T20-21;F1;Lorient;Brest;1;0;1;1;0,3066;0,4263;0,2671
26418;2021-04-04;T20-21;F1;Reims;Rennes;2;2;0;2;0,3032;0,3424;0,3544
26417;2021-04-04;T20-21;F1;Nantes;Nice;1;2;2;2;0,2714;0,3254;0,4032
26415;2021-04-04;T20-21;F1;Bordeaux;Strasbourg;2;3;2;1;0,2894;0,3973;0,3132
26414;2021-04-04;T20-21;F1;Angers;Montpellier;1;1;0;1;0,2646;0,3682;0,3673
16227;2021-04-04;T20-21;E0;Newcastle;Tottenham;2;2;0;2;0,2332;0,2561;0,5108
6234;2021-04-04;T20-21;D1;Union Berlin;Hertha;1;1;0;1;0,3122;0,4592;0,2285
6233;2021-04-04;T20-21;D1;Stuttgart;Werder Bremen;1;0;1;1;0,3075;0,4661;0,2265
26420;2021-04-04;T20-21;F1;Marseille;Dijon;2;0;1;1;0,2518;0,5795;0,1687
56721;2021-04-05;T20-21;SP2;Cartagena;Alcorcon;2;1;1;1;0,3057;0,3705;0,3239
56722;2021-04-05;T20-21;SP2;Fuenlabrada;Zaragoza;0;1;2;1;0,2658;0,462;0,2722
34808;2021-04-07;T20-21;I1;Inter;Sassuolo;2;1;1;1;0,1996;0,6559;0,1445
34809;2021-04-07;T20-21;I1;Juventus;Napoli;2;1;1;1;0,2603;0,5212;0,2185
56723;2021-04-09;T20-21;SP2;Tenerife;Sp Gijon;1;0;1;1;0,3163;0,4508;0,2329
26421;2021-04-09;T20-21;F1;Metz;Lille;0;2;2;2;0,2272;0,2798;0,493
44799;2021-04-09;T20-21;SP1;Huesca;Elche;3;1;1;1;0,2815;0,4899;0,2286
6235;2021-04-09;T20-21;D1;Bielefeld;Freiburg;1;0;1;1;0,3029;0,442;0,2551
16232;2021-04-09;T20-21;E0;Fulham;Wolves;0;1;2;1;0,265;0,4446;0,2904
56726;2021-04-10;T20-21;SP2;Vallecano;Girona;2;1;1;1;0,2965;0,5178;0,1858
56725;2021-04-10;T20-21;SP2;Oviedo;Las Palmas;0;0;0;1;0,305;0,4136;0,2814
56724;2021-04-10;T20-21;SP2;Ponferradina;Fuenlabrada;0;0;0;2;0,2806;0,327;0,3924
44803;2021-04-10;T20-21;SP1;Real Madrid;Barcelona;2;1;1;2;0,2559;0,3547;0,3894
44801;2021-04-10;T20-21;SP1;Ath Bilbao;Alaves;0;0;0;1;0,2991;0,4941;0,2069
44800;2021-04-10;T20-21;SP1;Getafe;Cadiz;0;1;2;1;0,2497;0,4983;0,252
34812;2021-04-10;T20-21;I1;Udinese;Torino;0;1;2;1;0,2684;0,4064;0,3252
34811;2021-04-10;T20-21;I1;Parma;Milan;1;3;2;2;0,2577;0,2785;0,4638
34810;2021-04-10;T20-21;I1;Spezia;Crotone;3;2;1;1;0,305;0,4432;0,2519
44802;2021-04-10;T20-21;SP1;Eibar;Levante;0;1;2;1;0,2978;0,4227;0,2795
26422;2021-04-10;T20-21;F1;Strasbourg;Paris SG;1;4;2;2;0,2164;0,2071;0,5765
16235;2021-04-10;T20-21;E0;Crystal Palace;Chelsea;1;4;2;2;0,2151;0,214;0,5709
16234;2021-04-10;T20-21;E0;Liverpool;Aston Villa;2;1;1;1;0,1891;0,7195;0,0914
16233;2021-04-10;T20-21;E0;Man City;Leeds;1;2;2;1;0,1472;0,7781;0,0747
6240;2021-04-10;T20-21;D1;Stuttgart;Dortmund;2;3;2;2;0,2901;0,3273;0,3826
6239;2021-04-10;T20-21;D1;Werder Bremen;RB Leipzig;1;4;2;2;0,2044;0,1885;0,6071
6238;2021-04-10;T20-21;D1;Hertha;M'gladbach;2;2;0;2;0,2589;0,2931;0,4479
6237;2021-04-10;T20-21;D1;Ein Frankfurt;Wolfsburg;4;3;1;1;0,2917;0,3775;0,3308
6236;2021-04-10;T20-21;D1;Bayern Munich;Union Berlin;1;1;0;1;0,1053;0,8724;0,0223
26423;2021-04-10;T20-21;F1;Montpellier;Marseille;3;3;0;1;0,27;0,3823;0,3477
34816;2021-04-11;T20-21;I1;Verona;Lazio;0;1;2;2;0,2093;0,2005;0,5902
34817;2021-04-11;T20-21;I1;Roma;Bologna;1;0;1;1;0,1949;0,6639;0,1411
34818;2021-04-11;T20-21;I1;Fiorentina;Atalanta;2;3;2;2;0,2627;0,2512;0,4861
44804;2021-04-11;T20-21;SP1;Villarreal;Osasuna;1;2;2;1;0,2912;0,5491;0,1596
44805;2021-04-11;T20-21;SP1;Valencia;Sociedad;2;2;0;1;0,3098;0,3988;0,2914
44806;2021-04-11;T20-21;SP1;Valladolid;Granada;1;2;2;1;0,2953;0,4292;0,2756
56730;2021-04-11;T20-21;SP2;Mirandes;Logrones;0;1;2;1;0,2862;0,4663;0,2475
56727;2021-04-11;T20-21;SP2;Malaga;Albacete;2;0;1;1;0,3067;0,4703;0,223
56732;2021-04-11;T20-21;SP2;Espanol;Leganes;2;1;1;1;0,2259;0,6502;0,1239
56729;2021-04-11;T20-21;SP2;Mallorca;Lugo;2;0;1;1;0,2832;0,5425;0,1744
56731;2021-04-11;T20-21;SP2;Sabadell;Cartagena;1;1;0;1;0,3138;0,4102;0,276
34815;2021-04-11;T20-21;I1;Sampdoria;Napoli;0;2;2;2;0,2678;0,2752;0,4569
44807;2021-04-11;T20-21;SP1;Betis;Ath Madrid;1;1;0;2;0,2481;0,2592;0,4927
34814;2021-04-11;T20-21;I1;Juventus;Genoa;3;1;1;1;0,2002;0,6903;0,1095
56728;2021-04-11;T20-21;SP2;Zaragoza;Almeria;2;1;1;2;0,2685;0,3152;0,4163
26430;2021-04-11;T20-21;F1;Lyon;Angers;3;0;1;1;0,2187;0,66;0,1213
26429;2021-04-11;T20-21;F1;Monaco;Dijon;3;0;1;1;0,2104;0,6672;0,1224
26428;2021-04-11;T20-21;F1;St Etienne;Bordeaux;4;1;1;1;0,2949;0,4191;0,286
26427;2021-04-11;T20-21;F1;Nice;Reims;0;0;0;1;0,3081;0,4605;0,2313
26426;2021-04-11;T20-21;F1;Lens;Lorient;4;1;1;1;0,2936;0,5196;0,1868
26425;2021-04-11;T20-21;F1;Brest;Nimes;1;1;0;1;0,3041;0,4416;0,2543
26424;2021-04-11;T20-21;F1;Rennes;Nantes;1;0;1;1;0,296;0,4897;0,2143
16239;2021-04-11;T20-21;E0;Sheffield United;Arsenal;0;3;2;2;0,2377;0,2721;0,4902
16238;2021-04-11;T20-21;E0;Tottenham;Man United;1;3;2;2;0,2703;0,304;0,4257
16237;2021-04-11;T20-21;E0;West Ham;Leicester;3;2;1;1;0,2794;0,3748;0,3457
16236;2021-04-11;T20-21;E0;Burnley;Newcastle;1;2;2;1;0,2693;0,3763;0,3543
6242;2021-04-11;T20-21;D1;FC Koln;Mainz;2;3;2;1;0,3005;0,4076;0,2919
6241;2021-04-11;T20-21;D1;Schalke 04;Augsburg;1;0;1;1;0,2893;0,3672;0,3435
34813;2021-04-11;T20-21;I1;Inter;Cagliari;1;0;1;1;0,1974;0,7008;0,1018
56733;2021-04-12;T20-21;SP2;Alcorcon;Castellon;2;1;1;1;0,2994;0,4786;0,222
44808;2021-04-12;T20-21;SP1;Celta;Sevilla;3;4;2;2;0,2395;0,2933;0,4672
34819;2021-04-12;T20-21;I1;Benevento;Sassuolo;0;1;2;2;0,2613;0,2892;0,4496
16240;2021-04-12;T20-21;E0;West Brom;Southampton;3;0;1;2;0,2648;0,3223;0,4129
6243;2021-04-12;T20-21;D1;Hoffenheim;Leverkusen;0;0;0;2;0,2866;0,3317;0,3817
16241;2021-04-12;T20-21;E0;Brighton;Everton;0;0;0;1;0,2641;0,4443;0,2916
56734;2021-04-14;T20-21;SP2;Vallecano;Mirandes;0;1;2;1;0,2287;0,6442;0,1272
56736;2021-04-16;T20-21;SP2;Girona;Zaragoza;3;0;1;1;0,3017;0,4725;0,2258
6244;2021-04-16;T20-21;D1;RB Leipzig;Hoffenheim;0;0;0;1;0,1944;0,7035;0,1021
16242;2021-04-16;T20-21;E0;Everton;Tottenham;2;2;0;2;0,2604;0,3435;0,3961
26431;2021-04-16;T20-21;F1;Lille;Montpellier;1;1;0;1;0,2782;0,4572;0,2647
56735;2021-04-16;T20-21;SP2;Fuenlabrada;Sabadell;2;2;0;1;0,3136;0,4777;0,2087
34821;2021-04-17;T20-21;I1;Sampdoria;Verona;3;1;1;1;0,2999;0,4418;0,2583
34822;2021-04-17;T20-21;I1;Sassuolo;Fiorentina;3;1;1;1;0,297;0,5085;0,1945
34823;2021-04-17;T20-21;I1;Cagliari;Parma;4;3;1;1;0,3067;0,4719;0,2213
34820;2021-04-17;T20-21;I1;Crotone;Udinese;1;2;2;1;0,2529;0,387;0,3601
56738;2021-04-17;T20-21;SP2;Castellon;Mallorca;1;0;1;2;0,2071;0,2403;0,5527
56739;2021-04-17;T20-21;SP2;Las Palmas;Malaga;1;1;0;1;0,3161;0,4056;0,2783
56740;2021-04-17;T20-21;SP2;Sp Gijon;Oviedo;0;1;2;1;0,295;0,4209;0,284
56737;2021-04-17;T20-21;SP2;Lugo;Alcorcon;1;3;2;1;0,3033;0,3865;0,3102
26433;2021-04-17;T20-21;F1;Marseille;Lorient;3;2;1;1;0,2766;0,5234;0,2
6247;2021-04-17;T20-21;D1;M'gladbach;Ein Frankfurt;4;0;1;1;0,3028;0,4388;0,2583
16244;2021-04-17;T20-21;E0;Wolves;Sheffield United;1;0;1;1;0,2546;0,5898;0,1556
16243;2021-04-17;T20-21;E0;Newcastle;West Ham;3;2;1;1;0,3114;0,4055;0,2831
6250;2021-04-17;T20-21;D1;Leverkusen;FC Koln;3;0;1;1;0,1884;0,7072;0,1043
6249;2021-04-17;T20-21;D1;Wolfsburg;Bayern Munich;2;3;2;2;0,2604;0,3124;0,4272
6248;2021-04-17;T20-21;D1;Union Berlin;Stuttgart;2;1;1;1;0,3007;0,3965;0,3028
6246;2021-04-17;T20-21;D1;Freiburg;Schalke 04;4;0;1;1;0,2903;0,4692;0,2405
6245;2021-04-17;T20-21;D1;Augsburg;Bielefeld;0;0;0;1;0,3051;0,4601;0,2348
26432;2021-04-17;T20-21;F1;Angers;Rennes;0;3;2;2;0,2721;0,2941;0,4338
44809;2021-04-18;T20-21;SP1;Osasuna;Elche;2;0;1;1;0,2793;0,4878;0,233
44810;2021-04-18;T20-21;SP1;Sociedad;Sevilla;1;2;2;2;0,254;0,3465;0,3995
44811;2021-04-18;T20-21;SP1;Alaves;Huesca;1;0;1;1;0,3195;0,3663;0,3142
44812;2021-04-18;T20-21;SP1;Ath Madrid;Eibar;5;0;1;1;0,2662;0,5573;0,1765
44813;2021-04-18;T20-21;SP1;Betis;Valencia;2;2;0;1;0,3196;0,4519;0,2285
56741;2021-04-18;T20-21;SP2;Albacete;Mirandes;1;0;1;2;0,295;0,3296;0,3754
44815;2021-04-18;T20-21;SP1;Getafe;Real Madrid;0;0;0;2;0,1687;0,1987;0,6326
44816;2021-04-18;T20-21;SP1;Levante;Villarreal;1;5;2;1;0,2579;0,3718;0,3704
56742;2021-04-18;T20-21;SP2;Logrones;Vallecano;0;0;0;2;0,2226;0,2369;0,5405
56743;2021-04-18;T20-21;SP2;Cartagena;Tenerife;0;0;0;2;0,279;0,2959;0,4251
34829;2021-04-18;T20-21;I1;Napoli;Inter;1;1;0;2;0,2635;0,3239;0,4126
44814;2021-04-18;T20-21;SP1;Cadiz;Celta;0;0;0;1;0,2807;0,3712;0,348
34828;2021-04-18;T20-21;I1;Torino;Roma;3;1;1;2;0,2646;0,2935;0,4419
6251;2021-04-18;T20-21;D1;Dortmund;Werder Bremen;4;1;1;1;0,1816;0,7213;0,0971
34826;2021-04-18;T20-21;I1;Bologna;Spezia;4;1;1;1;0,309;0,4669;0,2242
34825;2021-04-18;T20-21;I1;Atalanta;Juventus;1;0;1;2;0,2672;0,3544;0,3784
34824;2021-04-18;T20-21;I1;Milan;Genoa;2;1;1;1;0,2164;0,6576;0,126
26440;2021-04-18;T20-21;F1;Nantes;Lyon;1;2;2;2;0,1881;0,1647;0,6472
26439;2021-04-18;T20-21;F1;Bordeaux;Monaco;0;3;2;2;0,2252;0,1935;0,5813
26438;2021-04-18;T20-21;F1;Reims;Metz;0;0;0;1;0,2906;0,4212;0,2882
26437;2021-04-18;T20-21;F1;Nimes;Strasbourg;1;1;0;1;0,2899;0,4317;0,2785
26436;2021-04-18;T20-21;F1;Dijon;Nice;2;0;1;2;0,2568;0,3028;0,4404
26435;2021-04-18;T20-21;F1;Brest;Lens;1;1;0;2;0,277;0,3473;0,3757
26434;2021-04-18;T20-21;F1;Paris SG;St Etienne;3;2;1;1;0,2123;0,6716;0,1162
16246;2021-04-18;T20-21;E0;Man United;Burnley;3;1;1;1;0,188;0,7142;0,0978
16245;2021-04-18;T20-21;E0;Arsenal;Fulham;1;1;0;1;0,2607;0,5994;0,1398
34827;2021-04-18;T20-21;I1;Lazio;Benevento;5;3;1;1;0,2152;0,6509;0,1339
56744;2021-04-19;T20-21;SP2;Leganes;Ponferradina;1;1;0;1;0,3084;0,4796;0,212
56745;2021-04-19;T20-21;SP2;Almeria;Espanol;1;1;0;2;0,2259;0,2758;0,4983
16247;2021-04-19;T20-21;E0;Leeds;Liverpool;1;1;0;2;0,2451;0,3305;0,4244
6252;2021-04-20;T20-21;D1;FC Koln;RB Leipzig;2;1;1;2;0,2047;0,1892;0,6061
6253;2021-04-20;T20-21;D1;Bayern Munich;Leverkusen;2;0;1;1;0,1361;0,7801;0,0838
6254;2021-04-20;T20-21;D1;Bielefeld;Schalke 04;1;0;1;1;0,293;0,4578;0,2492
6255;2021-04-20;T20-21;D1;Ein Frankfurt;Augsburg;2;0;1;1;0,3121;0,4989;0,189
16248;2021-04-20;T20-21;E0;Chelsea;Brighton;0;0;0;1;0,2016;0,705;0,0934
34830;2021-04-20;T20-21;I1;Verona;Fiorentina;1;2;2;1;0,2916;0,4741;0,2343
34836;2021-04-21;T20-21;I1;Spezia;Inter;1;1;0;2;0,1932;0,1548;0,6521
34837;2021-04-21;T20-21;I1;Udinese;Cagliari;0;1;2;1;0,2276;0,6349;0,1375
44817;2021-04-21;T20-21;SP1;Levante;Sevilla;0;1;2;2;0,2341;0,2591;0,5068
44818;2021-04-21;T20-21;SP1;Osasuna;Valencia;3;1;1;2;0,2631;0,3634;0,3735
44822;2021-04-21;T20-21;SP1;Cadiz;Real Madrid;0;3;2;2;0,2113;0,2124;0,5763
44820;2021-04-21;T20-21;SP1;Alaves;Villarreal;2;1;1;2;0,2399;0,2484;0,5118
44821;2021-04-21;T20-21;SP1;Elche;Valladolid;1;1;0;1;0,3086;0,4051;0,2863
56746;2021-04-21;T20-21;SP2;Mirandes;Tenerife;0;0;0;1;0,3069;0,428;0,2652
44819;2021-04-21;T20-21;SP1;Betis;Ath Bilbao;0;0;0;1;0,308;0,451;0,241
34835;2021-04-21;T20-21;I1;Juventus;Parma;3;1;1;1;0,211;0,6607;0,1283
6258;2021-04-21;T20-21;D1;Stuttgart;Wolfsburg;1;3;2;1;0,2833;0,3699;0,3468
34833;2021-04-21;T20-21;I1;Crotone;Sampdoria;0;1;2;2;0,2769;0,3233;0,3998
34832;2021-04-21;T20-21;I1;Bologna;Torino;1;1;0;1;0,2924;0,4504;0,2572
34831;2021-04-21;T20-21;I1;Milan;Sassuolo;1;2;2;1;0,2216;0,5985;0,1799
16250;2021-04-21;T20-21;E0;Aston Villa;Man City;1;2;2;2;0,1938;0,1932;0,613
16249;2021-04-21;T20-21;E0;Tottenham;Southampton;2;1;1;1;0,2209;0,6515;0,1276
6259;2021-04-21;T20-21;D1;Werder Bremen;Mainz;0;1;2;1;0,3027;0,4089;0,2884
34834;2021-04-21;T20-21;I1;Genoa;Benevento;2;2;0;1;0,2995;0,4867;0,2139
6257;2021-04-21;T20-21;D1;Hoffenheim;M'gladbach;3;2;1;2;0,2798;0,3315;0,3887
6256;2021-04-21;T20-21;D1;Dortmund;Union Berlin;2;0;1;1;0,1866;0,7138;0,0996
44826;2021-04-22;T20-21;SP1;Barcelona;Getafe;5;2;1;1;0,1699;0,7739;0,0562
44824;2021-04-22;T20-21;SP1;Granada;Eibar;4;1;1;1;0,272;0,4257;0,3023
44823;2021-04-22;T20-21;SP1;Ath Madrid;Huesca;2;0;1;1;0,2723;0,5717;0,1561
44825;2021-04-22;T20-21;SP1;Sociedad;Celta;2;1;1;1;0,303;0,4587;0,2383
34838;2021-04-22;T20-21;I1;Roma;Atalanta;1;1;0;2;0,2834;0,3;0,4166
16251;2021-04-22;T20-21;E0;Leicester;West Brom;3;0;1;1;0,2353;0,6477;0,117
34839;2021-04-22;T20-21;I1;Napoli;Lazio;5;2;1;1;0,2145;0,6366;0,1489
6260;2021-04-23;T20-21;D1;Augsburg;FC Koln;2;3;2;1;0,2945;0,4603;0,2452
16252;2021-04-23;T20-21;E0;Arsenal;Everton;0;1;2;1;0,2858;0,5201;0,1941
26441;2021-04-23;T20-21;F1;Reims;Marseille;1;3;2;2;0,2574;0,3584;0,3842
56747;2021-04-23;T20-21;SP2;Zaragoza;Sp Gijon;0;0;0;1;0,2674;0,4252;0,3075
34842;2021-04-24;T20-21;I1;Sassuolo;Sampdoria;1;0;1;1;0,3149;0,4607;0,2244
44827;2021-04-24;T20-21;SP1;Elche;Levante;1;0;1;1;0,299;0,3961;0,3048
44828;2021-04-24;T20-21;SP1;Valladolid;Cadiz;1;1;0;1;0,303;0,4473;0,2496
44829;2021-04-24;T20-21;SP1;Valencia;Alaves;1;1;0;1;0,3061;0,4839;0,2099
56749;2021-04-24;T20-21;SP2;Malaga;Fuenlabrada;0;1;2;1;0,3068;0,4288;0,2643
56751;2021-04-24;T20-21;SP2;Ponferradina;Lugo;2;0;1;1;0,261;0,4574;0,2816
56750;2021-04-24;T20-21;SP2;Espanol;Las Palmas;4;0;1;1;0,2397;0,6255;0,1348
34841;2021-04-24;T20-21;I1;Parma;Crotone;3;4;2;1;0,3131;0,4398;0,2471
44830;2021-04-24;T20-21;SP1;Real Madrid;Betis;0;0;0;1;0,2088;0,6767;0,1145
34840;2021-04-24;T20-21;I1;Genoa;Spezia;2;0;1;1;0,2988;0,443;0,2582
56748;2021-04-24;T20-21;SP2;Logrones;Cartagena;0;1;2;1;0,2829;0,3999;0,3172
26442;2021-04-24;T20-21;F1;St Etienne;Brest;1;2;2;1;0,313;0,4417;0,2452
16255;2021-04-24;T20-21;E0;Sheffield United;Brighton;1;0;1;2;0,2665;0,3106;0,4229
16254;2021-04-24;T20-21;E0;West Ham;Chelsea;0;1;2;2;0,2258;0,239;0,5352
16253;2021-04-24;T20-21;E0;Liverpool;Newcastle;1;1;0;1;0,2187;0,6811;0,1002
6265;2021-04-24;T20-21;D1;Leverkusen;Ein Frankfurt;3;1;1;1;0,2953;0,421;0,2837
6264;2021-04-24;T20-21;D1;Wolfsburg;Dortmund;0;2;2;1;0,2738;0,385;0,3412
6263;2021-04-24;T20-21;D1;Union Berlin;Werder Bremen;3;1;1;1;0,2923;0,4493;0,2584
6262;2021-04-24;T20-21;D1;Mainz;Bayern Munich;2;1;1;2;0,2328;0,2067;0,5605
6261;2021-04-24;T20-21;D1;Freiburg;Hoffenheim;1;1;0;1;0,2901;0,3874;0,3225
26443;2021-04-24;T20-21;F1;Metz;Paris SG;1;3;2;2;0,1878;0,1449;0,6673
34845;2021-04-25;T20-21;I1;Inter;Verona;1;0;1;1;0,1881;0,6889;0,1229
34846;2021-04-25;T20-21;I1;Cagliari;Roma;3;2;1;2;0,222;0,2107;0,5673
34847;2021-04-25;T20-21;I1;Atalanta;Bologna;5;0;1;1;0,193;0,6714;0,1356
44831;2021-04-25;T20-21;SP1;Huesca;Getafe;0;2;2;2;0,25;0,3098;0,4402
44832;2021-04-25;T20-21;SP1;Villarreal;Barcelona;1;2;2;2;0,2551;0,3287;0,4162
56753;2021-04-25;T20-21;SP2;Mirandes;Almeria;1;1;0;2;0,2955;0,3263;0,3782
44834;2021-04-25;T20-21;SP1;Sevilla;Granada;2;1;1;1;0,2173;0,6666;0,1161
44835;2021-04-25;T20-21;SP1;Ath Bilbao;Ath Madrid;2;1;1;2;0,2221;0,2503;0,5276
56752;2021-04-25;T20-21;SP2;Oviedo;Girona;0;1;2;1;0,2826;0,3827;0,3348
56754;2021-04-25;T20-21;SP2;Alcorcon;Leganes;1;2;2;2;0,2677;0,3646;0,3677
56755;2021-04-25;T20-21;SP2;Tenerife;Castellon;1;1;0;1;0,2932;0,5282;0,1787
44833;2021-04-25;T20-21;SP1;Celta;Osasuna;2;1;1;1;0,3106;0,4448;0,2446
34844;2021-04-25;T20-21;I1;Fiorentina;Juventus;1;1;0;2;0,2225;0,2026;0,5749
26450;2021-04-25;T20-21;F1;Lyon;Lille;2;3;2;1;0,2826;0,4412;0,2762
26449;2021-04-25;T20-21;F1;Angers;Monaco;0;1;2;2;0,2264;0,2115;0,5622
6266;2021-04-25;T20-21;D1;RB Leipzig;Stuttgart;2;0;1;1;0,2026;0,685;0,1124
34843;2021-04-25;T20-21;I1;Benevento;Udinese;2;4;2;1;0,2911;0,4032;0,3057
16256;2021-04-25;T20-21;E0;Wolves;Burnley;0;4;2;1;0,2861;0,4563;0,2576
16257;2021-04-25;T20-21;E0;Leeds;Man United;0;0;0;2;0,2667;0,2869;0,4463
16258;2021-04-25;T20-21;E0;Aston Villa;West Brom;2;2;0;1;0,2022;0,7043;0,0935
6267;2021-04-25;T20-21;D1;M'gladbach;Bielefeld;5;0;1;1;0,22;0,6643;0,1157
26445;2021-04-25;T20-21;F1;Lens;Nimes;2;1;1;1;0,2916;0,531;0,1774
26446;2021-04-25;T20-21;F1;Lorient;Bordeaux;4;1;1;1;0,3083;0,5052;0,1865
26447;2021-04-25;T20-21;F1;Rennes;Dijon;5;1;1;1;0,2447;0,6303;0,125
26448;2021-04-25;T20-21;F1;Strasbourg;Nantes;1;2;2;1;0,3036;0,433;0,2634
26444;2021-04-25;T20-21;F1;Nice;Montpellier;3;1;1;1;0,3135;0,4341;0,2524
34848;2021-04-26;T20-21;I1;Torino;Napoli;0;2;2;2;0,2689;0,2775;0,4536
34849;2021-04-26;T20-21;I1;Lazio;Milan;3;0;1;2;0,2835;0,3351;0,3814
44836;2021-04-26;T20-21;SP1;Eibar;Sociedad;0;1;2;1;0,2943;0,3655;0,3402
56756;2021-04-26;T20-21;SP2;Vallecano;Albacete;2;2;0;1;0,215;0,6649;0,1201
56757;2021-04-26;T20-21;SP2;Sabadell;Mallorca;1;0;1;2;0,2147;0,2556;0,5297
44837;2021-04-28;T20-21;SP1;Ath Bilbao;Valladolid;2;2;0;1;0,2991;0,4919;0,2091
44838;2021-04-29;T20-21;SP1;Barcelona;Granada;1;2;2;1;0,1731;0,77;0,0569
44839;2021-04-30;T20-21;SP1;Celta;Levante;2;0;1;1;0,2865;0,4379;0,2756
56758;2021-04-30;T20-21;SP2;Lugo;Zaragoza;2;2;0;2;0,3159;0,3346;0,3495
16260;2021-04-30;T20-21;E0;Southampton;Leicester;1;1;0;2;0,2466;0,2684;0,485
26451;2021-04-30;T20-21;F1;Marseille;Strasbourg;1;1;0;1;0,2679;0,5678;0,1643
56761;2021-05-01;T20-21;SP2;Mallorca;Mirandes;2;1;1;1;0,2549;0,5947;0,1503
56760;2021-05-01;T20-21;SP2;Almeria;Oviedo;2;2;0;1;0,3034;0,5126;0,184
56759;2021-05-01;T20-21;SP2;Girona;Tenerife;1;0;1;1;0,3109;0,374;0,3151
44842;2021-05-01;T20-21;SP1;Huesca;Sociedad;1;0;1;2;0,2646;0,295;0,4405
44841;2021-05-01;T20-21;SP1;Elche;Ath Madrid;0;1;2;2;0,1968;0,1714;0,6319
44840;2021-05-01;T20-21;SP1;Eibar;Alaves;3;0;1;1;0,3072;0,4569;0,2359
34852;2021-05-01;T20-21;I1;Milan;Benevento;2;0;1;1;0,2214;0,6551;0,1235
44843;2021-05-01;T20-21;SP1;Real Madrid;Osasuna;2;0;1;1;0,2157;0,68;0,1043
34850;2021-05-01;T20-21;I1;Verona;Spezia;1;1;0;1;0,3154;0,4568;0,2278
26453;2021-05-01;T20-21;F1;Lille;Nice;2;0;1;1;0,2466;0,5842;0,1692
26452;2021-05-01;T20-21;F1;Paris SG;Lens;2;1;1;1;0,2212;0,6543;0,1245
16264;2021-05-01;T20-21;E0;Everton;Aston Villa;1;2;2;1;0,2944;0,4248;0,2809
16263;2021-05-01;T20-21;E0;Chelsea;Fulham;2;0;1;1;0,2092;0,7011;0,0897
16262;2021-05-01;T20-21;E0;Brighton;Leeds;2;0;1;2;0,2938;0,3381;0,3681
16261;2021-05-01;T20-21;E0;Crystal Palace;Man City;0;2;2;2;0,1973;0,1729;0,6298
34851;2021-05-01;T20-21;I1;Crotone;Inter;0;2;2;2;0,1672;0,1246;0,7082
34858;2021-05-02;T20-21;I1;Sampdoria;Roma;2;0;1;2;0,252;0,2782;0,4698
44844;2021-05-02;T20-21;SP1;Valladolid;Betis;1;1;0;2;0,2988;0,343;0,3582
44845;2021-05-02;T20-21;SP1;Villarreal;Getafe;1;0;1;1;0,2851;0,5132;0,2017
44846;2021-05-02;T20-21;SP1;Granada;Cadiz;0;1;2;1;0,2913;0,4753;0,2334
44847;2021-05-02;T20-21;SP1;Valencia;Barcelona;2;3;2;2;0,2205;0,2198;0,5597
56765;2021-05-02;T20-21;SP2;Leganes;Sp Gijon;0;0;0;1;0,2746;0,4472;0,2782
56763;2021-05-02;T20-21;SP2;Espanol;Malaga;3;0;1;1;0,2263;0,6483;0,1254
56764;2021-05-02;T20-21;SP2;Castellon;Logrones;0;0;0;1;0,281;0,4156;0,3035
56766;2021-05-02;T20-21;SP2;Las Palmas;Ponferradina;2;0;1;1;0,3223;0,4127;0,265
34857;2021-05-02;T20-21;I1;Udinese;Juventus;1;2;2;2;0,2227;0,2155;0,5618
56762;2021-05-02;T20-21;SP2;Fuenlabrada;Cartagena;2;1;1;1;0,3091;0,4849;0,206
34856;2021-05-02;T20-21;I1;Sassuolo;Atalanta;1;1;0;2;0,2838;0,291;0,4252
26456;2021-05-02;T20-21;F1;Dijon;Metz;1;5;2;2;0,275;0,3421;0,3829
34854;2021-05-02;T20-21;I1;Bologna;Fiorentina;3;3;0;1;0,3006;0,4279;0,2716
34853;2021-05-02;T20-21;I1;Lazio;Genoa;4;3;1;1;0,2298;0,6307;0,1395
26460;2021-05-02;T20-21;F1;Monaco;Lyon;2;3;2;1;0,2817;0,3634;0,3549
26459;2021-05-02;T20-21;F1;Montpellier;St Etienne;1;2;2;1;0,2898;0,5106;0,1996
26458;2021-05-02;T20-21;F1;Nimes;Reims;2;2;0;1;0,2821;0,4269;0,2911
26457;2021-05-02;T20-21;F1;Lorient;Angers;2;0;1;1;0,2905;0,4255;0,2841
26455;2021-05-02;T20-21;F1;Brest;Nantes;1;4;2;1;0,2919;0,4297;0,2784
26454;2021-05-02;T20-21;F1;Bordeaux;Rennes;1;0;1;2;0,2644;0,2855;0,4501
16266;2021-05-02;T20-21;E0;Tottenham;Sheffield United;4;0;1;1;0,2437;0,5955;0,1607
16265;2021-05-02;T20-21;E0;Newcastle;Arsenal;0;2;2;2;0,2534;0,2945;0,4521
34855;2021-05-02;T20-21;I1;Napoli;Cagliari;1;1;0;1;0,1934;0,6901;0,1166
56767;2021-05-03;T20-21;SP2;Sabadell;Vallecano;2;0;1;2;0,1991;0,2264;0,5745
56768;2021-05-03;T20-21;SP2;Albacete;Alcorcon;0;1;2;1;0,2986;0,372;0,3294
44848;2021-05-03;T20-21;SP1;Sevilla;Ath Bilbao;0;1;2;1;0,2055;0,6633;0,1312
34859;2021-05-03;T20-21;I1;Torino;Parma;1;0;1;1;0,2605;0,6014;0,1381
16268;2021-05-03;T20-21;E0;Burnley;West Ham;1;2;2;1;0,2855;0,3584;0,356
16267;2021-05-03;T20-21;E0;West Brom;Wolves;1;1;0;2;0,2657;0,3599;0,3744
6269;2021-05-06;T20-21;D1;Hertha;Freiburg;3;0;1;1;0,3078;0,4228;0,2694
6270;2021-05-07;T20-21;D1;Stuttgart;Augsburg;2;1;1;1;0,3114;0,4735;0,2151
16269;2021-05-07;T20-21;E0;Leicester;Newcastle;2;4;2;1;0,2469;0,6201;0,1329
26461;2021-05-07;T20-21;F1;Lens;Lille;0;3;2;2;0,2666;0,3059;0,4275
44849;2021-05-07;T20-21;SP1;Sociedad;Elche;2;0;1;1;0,2786;0,511;0,2104
56769;2021-05-07;T20-21;SP2;Tenerife;Almeria;0;1;2;2;0,2964;0,336;0,3675
44850;2021-05-08;T20-21;SP1;Alaves;Levante;2;2;0;1;0,3171;0,3465;0,3364
44851;2021-05-08;T20-21;SP1;Barcelona;Ath Madrid;0;0;0;1;0,2101;0,6442;0,1458
44852;2021-05-08;T20-21;SP1;Cadiz;Huesca;2;1;1;1;0,2954;0,4487;0,2559
44853;2021-05-08;T20-21;SP1;Ath Bilbao;Osasuna;2;2;0;1;0,303;0,512;0,1849
56773;2021-05-08;T20-21;SP2;Malaga;Mallorca;1;1;0;2;0,2367;0,2868;0,4764
56771;2021-05-08;T20-21;SP2;Zaragoza;Espanol;0;0;0;2;0,2098;0,2255;0,5648
56772;2021-05-08;T20-21;SP2;Alcorcon;Las Palmas;0;0;0;1;0,2947;0,4098;0,2955
34862;2021-05-08;T20-21;I1;Inter;Sampdoria;5;1;1;1;0,1994;0,6825;0,1182
56770;2021-05-08;T20-21;SP2;Ponferradina;Albacete;0;1;2;1;0,3012;0,4274;0,2715
34861;2021-05-08;T20-21;I1;Udinese;Bologna;1;1;0;1;0,2833;0,5134;0,2033
34863;2021-05-08;T20-21;I1;Fiorentina;Lazio;2;0;1;2;0,2484;0,257;0,4946
26463;2021-05-08;T20-21;F1;Lyon;Lorient;4;1;1;1;0,2269;0,6403;0,1328
26462;2021-05-08;T20-21;F1;Nantes;Bordeaux;3;0;1;1;0,2777;0,3907;0,3316
16273;2021-05-08;T20-21;E0;Liverpool;Southampton;2;0;1;1;0,2086;0,6924;0,099
16272;2021-05-08;T20-21;E0;Man City;Chelsea;1;2;2;1;0,1489;0,77;0,0811
16271;2021-05-08;T20-21;E0;Sheffield United;Crystal Palace;0;2;2;1;0,2868;0,4532;0,26
16270;2021-05-08;T20-21;E0;Leeds;Tottenham;3;1;1;1;0,2787;0,3923;0,329
6275;2021-05-08;T20-21;D1;Bayern Munich;M'gladbach;6;0;1;1;0,1356;0,7692;0,0952
6274;2021-05-08;T20-21;D1;Wolfsburg;Union Berlin;3;0;1;1;0,2552;0,6045;0,1402
6273;2021-05-08;T20-21;D1;Werder Bremen;Leverkusen;0;0;0;2;0,2182;0,2135;0,5683
6271;2021-05-08;T20-21;D1;Dortmund;RB Leipzig;3;2;1;2;0,2544;0,3424;0,4032
34860;2021-05-08;T20-21;I1;Spezia;Napoli;1;4;2;2;0,1983;0,1443;0,6574
34867;2021-05-09;T20-21;I1;Verona;Torino;1;1;0;1;0,2938;0,4261;0,2801
34868;2021-05-09;T20-21;I1;Roma;Crotone;5;0;1;1;0,1931;0,7052;0,1017
56777;2021-05-09;T20-21;SP2;Logrones;Girona;1;4;2;2;0,2866;0,2803;0,433
34869;2021-05-09;T20-21;I1;Juventus;Milan;0;3;2;1;0,2269;0,6044;0,1687
44854;2021-05-09;T20-21;SP1;Getafe;Eibar;0;1;2;1;0,2477;0,3791;0,3732
56776;2021-05-09;T20-21;SP2;Cartagena;Castellon;1;0;1;1;0,2906;0,454;0,2554
44856;2021-05-09;T20-21;SP1;Villarreal;Celta;2;4;2;1;0,2619;0,5924;0,1457
44857;2021-05-09;T20-21;SP1;Real Madrid;Sevilla;2;2;0;1;0,1973;0,6772;0,1255
56774;2021-05-09;T20-21;SP2;Mirandes;Fuenlabrada;2;1;1;2;0,2782;0,3271;0,3947
56775;2021-05-09;T20-21;SP2;Oviedo;Sabadell;2;1;1;1;0,3013;0,4599;0,2388
34866;2021-05-09;T20-21;I1;Parma;Atalanta;2;5;2;2;0,1879;0,1369;0,6752
44855;2021-05-09;T20-21;SP1;Valencia;Valladolid;3;0;1;1;0,3102;0,4576;0,2322
34865;2021-05-09;T20-21;I1;Benevento;Cagliari;1;3;2;1;0,3079;0,3754;0,3167
26466;2021-05-09;T20-21;F1;Metz;Nimes;0;3;2;1;0,3024;0,4689;0,2287
26470;2021-05-09;T20-21;F1;Rennes;Paris SG;1;1;0;2;0,2407;0,2692;0,4901
34864;2021-05-09;T20-21;I1;Genoa;Sassuolo;1;2;2;2;0,2564;0,2826;0,461
6277;2021-05-09;T20-21;D1;Ein Frankfurt;Mainz;1;1;0;1;0,2865;0,5045;0,209
6278;2021-05-09;T20-21;D1;Hertha;Bielefeld;0;0;0;1;0,2977;0,5353;0,167
16275;2021-05-09;T20-21;E0;Aston Villa;Man United;1;3;2;2;0,2614;0,341;0,3976
16276;2021-05-09;T20-21;E0;West Ham;Everton;0;1;2;1;0,3005;0,4593;0,2402
16274;2021-05-09;T20-21;E0;Wolves;Brighton;2;1;1;1;0,2644;0,5876;0,148
26464;2021-05-09;T20-21;F1;St Etienne;Marseille;1;0;1;1;0,2681;0,3752;0,3567
26465;2021-05-09;T20-21;F1;Angers;Dijon;3;0;1;1;0,2897;0,4726;0,2377
26467;2021-05-09;T20-21;F1;Nice;Brest;3;2;1;1;0,3164;0,4886;0,195
26468;2021-05-09;T20-21;F1;Strasbourg;Montpellier;2;3;2;1;0,2937;0,4043;0,302
26469;2021-05-09;T20-21;F1;Reims;Monaco;0;1;2;2;0,2698;0,2628;0,4674
16277;2021-05-09;T20-21;E0;Arsenal;West Brom;3;1;1;1;0,2131;0,6833;0,1036
16278;2021-05-10;T20-21;E0;Fulham;Burnley;0;2;2;2;0,2684;0,3497;0,3819
44858;2021-05-10;T20-21;SP1;Betis;Granada;2;1;1;1;0,2971;0,485;0,2178
56778;2021-05-10;T20-21;SP2;Vallecano;Leganes;1;1;0;1;0,2862;0,4536;0,2602
56779;2021-05-10;T20-21;SP2;Sp Gijon;Lugo;1;0;1;1;0,2868;0,4556;0,2576
44860;2021-05-11;T20-21;SP1;Elche;Alaves;0;2;2;1;0,2924;0,402;0,3056
44861;2021-05-11;T20-21;SP1;Levante;Barcelona;3;3;0;2;0,2089;0,1948;0,5964
44859;2021-05-11;T20-21;SP1;Osasuna;Cadiz;3;2;1;1;0,3039;0,4428;0,2534
16280;2021-05-11;T20-21;E0;Southampton;Crystal Palace;3;1;1;1;0,2984;0,4552;0,2464
16279;2021-05-11;T20-21;E0;Man United;Leicester;1;2;2;1;0,1975;0,6582;0,1444
34870;2021-05-11;T20-21;I1;Napoli;Udinese;5;1;1;1;0,2001;0,6985;0,1014
44865;2021-05-12;T20-21;SP1;Ath Madrid;Sociedad;2;1;1;1;0,2614;0,571;0,1676
44864;2021-05-12;T20-21;SP1;Huesca;Ath Bilbao;1;0;1;2;0,2548;0,2974;0,4478
44863;2021-05-12;T20-21;SP1;Celta;Getafe;1;0;1;1;0,2773;0,3778;0,3448
44862;2021-05-12;T20-21;SP1;Sevilla;Valencia;1;0;1;1;0,2231;0,6581;0,1189
34878;2021-05-12;T20-21;I1;Torino;Milan;0;7;2;2;0,2673;0,2981;0,4346
34877;2021-05-12;T20-21;I1;Sassuolo;Juventus;1;3;2;2;0,2641;0,3226;0,4133
34876;2021-05-12;T20-21;I1;Sampdoria;Spezia;2;2;0;1;0,3059;0,4973;0,1968
34875;2021-05-12;T20-21;I1;Lazio;Parma;1;0;1;1;0,2263;0,6359;0,1378
34873;2021-05-12;T20-21;I1;Bologna;Genoa;0;2;2;1;0,2601;0,5974;0,1424
34872;2021-05-12;T20-21;I1;Atalanta;Benevento;2;0;1;1;0,1887;0,7014;0,1098
34871;2021-05-12;T20-21;I1;Cagliari;Fiorentina;0;0;0;1;0,2847;0,4113;0,3041
16281;2021-05-12;T20-21;E0;Chelsea;Arsenal;0;1;2;1;0,2215;0,6541;0,1244
6279;2021-05-12;T20-21;D1;Schalke 04;Hertha;1;2;2;2;0,2706;0,319;0,4105
34874;2021-05-12;T20-21;I1;Inter;Roma;3;1;1;1;0,2219;0,6093;0,1688
44867;2021-05-13;T20-21;SP1;Eibar;Betis;1;1;0;1;0,3173;0,3966;0,2861
44868;2021-05-13;T20-21;SP1;Granada;Real Madrid;1;4;2;2;0,2123;0,1856;0,6021
44866;2021-05-13;T20-21;SP1;Valladolid;Villarreal;0;2;2;2;0,2538;0,2734;0,4729
44878;2021-05-16;T20-21;SP1;Villarreal;Sevilla;4;0;1;2;0,2466;0,3045;0,4488
44877;2021-05-16;T20-21;SP1;Valencia;Eibar;4;1;1;1;0,2985;0,382;0,3195
44876;2021-05-16;T20-21;SP1;Sociedad;Valladolid;4;1;1;1;0,2977;0,4835;0,2187
44875;2021-05-16;T20-21;SP1;Getafe;Levante;2;1;1;1;0,2614;0,44;0,2986
44873;2021-05-16;T20-21;SP1;Betis;Huesca;1;0;1;1;0,3032;0,518;0,1788
44872;2021-05-16;T20-21;SP1;Barcelona;Celta;1;2;2;1;0,1835;0,7554;0,0611
44871;2021-05-16;T20-21;SP1;Ath Madrid;Osasuna;2;1;1;1;0,2728;0,5762;0,151
44870;2021-05-16;T20-21;SP1;Ath Bilbao;Real Madrid;0;1;2;2;0,2154;0,2141;0,5705
44869;2021-05-16;T20-21;SP1;Alaves;Granada;4;2;1;1;0,3093;0,4113;0,2795
44874;2021-05-16;T20-21;SP1;Cadiz;Elche;1;3;2;1;0,2842;0,4887;0,2271
26479;2021-05-16;T20-21;F1;Nimes;Lyon;2;5;2;2;0,1997;0,1958;0,6046
26478;2021-05-16;T20-21;F1;Nice;Strasbourg;0;2;2;1;0,3155;0,4468;0,2377
26477;2021-05-16;T20-21;F1;Montpellier;Brest;0;0;0;1;0,3238;0,4307;0,2454
26476;2021-05-16;T20-21;F1;Monaco;Rennes;2;1;1;1;0,2761;0,4488;0,2751
26475;2021-05-16;T20-21;F1;Marseille;Angers;3;2;1;1;0,2506;0,599;0,1504
26474;2021-05-16;T20-21;F1;Lorient;Metz;2;1;1;1;0,301;0,432;0,267
26473;2021-05-16;T20-21;F1;Lille;St Etienne;0;0;0;1;0,2577;0,5903;0,152
26472;2021-05-16;T20-21;F1;Dijon;Nantes;0;4;2;2;0,297;0,3138;0,3892
26471;2021-05-16;T20-21;F1;Bordeaux;Lens;3;0;1;1;0,2801;0,4101;0,3098
26480;2021-05-16;T20-21;F1;Paris SG;Reims;4;0;1;1;0,2011;0,7356;0,0634
44879;2021-05-21;T20-21;SP1;Levante;Cadiz;2;2;0;1;0,2973;0,4765;0,2262
44886;2021-05-22;T20-21;SP1;Valladolid;Ath Madrid;1;2;2;2;0,2076;0,2009;0,5915
44885;2021-05-22;T20-21;SP1;Real Madrid;Villarreal;2;1;1;1;0,2162;0,6573;0,1265
44884;2021-05-22;T20-21;SP1;Osasuna;Sociedad;0;1;2;2;0,2554;0,2849;0,4596
44880;2021-05-22;T20-21;SP1;Celta;Betis;2;3;2;1;0,3139;0,3653;0,3207
44882;2021-05-22;T20-21;SP1;Elche;Ath Bilbao;2;0;1;2;0,258;0,2986;0,4434
44881;2021-05-22;T20-21;SP1;Eibar;Barcelona;0;1;2;2;0,2144;0,1996;0,586
44883;2021-05-22;T20-21;SP1;Huesca;Valencia;0;0;0;1;0,3023;0,3672;0,3305
26487;2021-05-23;T20-21;F1;Reims;Bordeaux;1;2;2;1;0,3078;0,3952;0,297
26490;2021-05-23;T20-21;F1;Strasbourg;Lorient;1;1;0;1;0,3027;0,529;0,1684
26489;2021-05-23;T20-21;F1;St Etienne;Dijon;0;1;2;1;0,288;0,5382;0,1739
26488;2021-05-23;T20-21;F1;Rennes;Nimes;2;0;1;1;0,2499;0,6098;0,1403
26486;2021-05-23;T20-21;F1;Nantes;Montpellier;1;2;2;1;0,2988;0,3897;0,3115
44887;2021-05-23;T20-21;SP1;Granada;Getafe;0;0;0;2;0,2914;0,3417;0,3669
26484;2021-05-23;T20-21;F1;Lyon;Nice;2;3;2;1;0,2219;0,6632;0,1149
26483;2021-05-23;T20-21;F1;Lens;Monaco;0;0;0;1;0,2957;0,3597;0,3445
26482;2021-05-23;T20-21;F1;Brest;Paris SG;0;2;2;2;0,1981;0,1742;0,6277
26481;2021-05-23;T20-21;F1;Angers;Lille;1;2;2;2;0,2162;0,2244;0,5595
26485;2021-05-23;T20-21;F1;Metz;Marseille;1;1;0;2;0,242;0,281;0,477
44888;2021-05-23;T20-21;SP1;Sevilla;Alaves;1;0;1;1;0,2166;0,6663;0,1171
