{"Train Loss": 0.6042170524597168, "Train Accuracy": 0.53125, "_timestamp": 1660507483.830122, "_runtime": 4.479430913925171, "_step": 99, "Test Accuracy": 0.421875, "_wandb": {"runtime": 3}}