match;Date;season;Div;HomeTeam;AwayTeam;FTHG;FTAG;label;prediction;draw;home;away
15969;2020-01-01;T19-20;E0;Brighton;Chelsea;1;1;0;1;0,2698;0,4388;0,2914
15976;2020-01-01;T19-20;E0;West Ham;Bournemouth;4;0;1;1;0,2503;0,4832;0,2664
15975;2020-01-01;T19-20;E0;Norwich;Crystal Palace;1;1;0;1;0,2695;0,442;0,2885
15974;2020-01-01;T19-20;E0;Man City;Everton;2;1;1;1;0,2591;0,4981;0,2427
15977;2020-01-01;T19-20;E0;Arsenal;Man United;2;0;1;1;0,2595;0,4699;0,2706
15972;2020-01-01;T19-20;E0;Southampton;Tottenham;1;0;1;1;0,2563;0,4697;0,274
15971;2020-01-01;T19-20;E0;Newcastle;Leicester;0;3;2;1;0,2718;0,4354;0,2928
15970;2020-01-01;T19-20;E0;Burnley;Aston Villa;1;2;2;1;0,2969;0,4145;0,2886
15973;2020-01-01;T19-20;E0;Watford;Wolves;2;1;1;1;0,2698;0,4388;0,2914
15978;2020-01-02;T19-20;E0;Liverpool;Sheffield United;2;0;1;1;0,2554;0,5184;0,2262
45177;2020-01-03;T19-20;SP1;Valladolid;Leganes;2;2;0;1;0,2238;0,5371;0,2391
45178;2020-01-03;T19-20;SP1;Sevilla;Ath Bilbao;1;1;0;1;0,2364;0,5115;0,2521
57589;2020-01-03;T19-20;SP2;Extremadura;Alcorcon;0;0;0;1;0,2973;0,4135;0,2892
57592;2020-01-04;T19-20;SP2;Lugo;Almeria;0;4;2;1;0,2354;0,5168;0,2478
57595;2020-01-04;T19-20;SP2;Mirandes;Santander;0;0;0;1;0,2351;0,5173;0,2475
57594;2020-01-04;T19-20;SP2;Elche;Huesca;1;1;0;1;0,2345;0,5188;0,2467
57593;2020-01-04;T19-20;SP2;Tenerife;Albacete;4;2;1;1;0,2574;0,4793;0,2633
57591;2020-01-04;T19-20;SP2;Ponferradina;Cadiz;0;0;0;1;0,215;0,5521;0,2328
57590;2020-01-04;T19-20;SP2;Fuenlabrada;Las Palmas;0;0;0;1;0,2698;0,4589;0,2713
45182;2020-01-04;T19-20;SP1;Espanol;Barcelona;2;2;0;1;0,2723;0,446;0,2816
45181;2020-01-04;T19-20;SP1;Ath Madrid;Levante;2;1;1;1;0,2502;0,542;0,2078
45180;2020-01-04;T19-20;SP1;Getafe;Real Madrid;0;3;2;1;0,2905;0,4284;0,2811
45179;2020-01-04;T19-20;SP1;Valencia;Eibar;1;0;1;1;0,2969;0,4145;0,2886
35068;2020-01-05;T19-20;I1;Genoa;Sassuolo;2;1;1;1;0,2971;0,414;0,2889
45184;2020-01-05;T19-20;SP1;Sociedad;Villarreal;1;2;2;1;0,2382;0,5075;0,2543
45185;2020-01-05;T19-20;SP1;Alaves;Betis;1;1;0;1;0,3123;0,3805;0,3072
45186;2020-01-05;T19-20;SP1;Celta;Osasuna;1;1;0;1;0,2345;0,5188;0,2467
57597;2020-01-05;T19-20;SP2;Vallecano;Girona;1;0;1;1;0,3054;0,3959;0,2988
57598;2020-01-05;T19-20;SP2;Oviedo;Malaga;1;1;0;1;0,2298;0,5263;0,2439
35071;2020-01-06;T19-20;I1;Atalanta;Parma;5;0;1;1;0,2317;0,5194;0,2489
15979;2020-01-10;T19-20;E0;Sheffield United;West Ham;1;0;1;1;0,2517;0,4918;0,2565
35078;2020-01-11;T19-20;I1;Inter;Atalanta;1;1;0;1;0,2429;0,5112;0,2459
35077;2020-01-11;T19-20;I1;Lazio;Napoli;1;0;1;1;0,2245;0,5331;0,2424
35076;2020-01-11;T19-20;I1;Cagliari;Milan;0;2;2;1;0,2973;0,4135;0,2892
15986;2020-01-11;T19-20;E0;Tottenham;Liverpool;0;1;2;1;0,2384;0,5071;0,2546
15985;2020-01-11;T19-20;E0;Wolves;Newcastle;1;1;0;1;0,2265;0,5277;0,2458
15983;2020-01-11;T19-20;E0;Leicester;Southampton;1;2;2;1;0,2241;0,534;0,2419
15982;2020-01-11;T19-20;E0;Everton;Brighton;1;0;1;1;0,2297;0,5226;0,2477
15981;2020-01-11;T19-20;E0;Chelsea;Burnley;3;0;1;1;0,2331;0,5149;0,252
15980;2020-01-11;T19-20;E0;Crystal Palace;Arsenal;1;1;0;1;0,2733;0,4471;0,2796
15984;2020-01-11;T19-20;E0;Man United;Norwich;4;0;1;1;0,2433;0,499;0,2577
35082;2020-01-12;T19-20;I1;Torino;Bologna;1;0;1;1;0,2574;0,4793;0,2633
15987;2020-01-12;T19-20;E0;Bournemouth;Watford;0;3;2;1;0,3145;0,3757;0,3098
15988;2020-01-12;T19-20;E0;Aston Villa;Man City;1;6;2;1;0,248;0,4918;0,2602
35079;2020-01-12;T19-20;I1;Udinese;Sassuolo;3;0;1;1;0,296;0,4164;0,2876
35080;2020-01-12;T19-20;I1;Fiorentina;Spal;1;0;1;1;0,3111;0,3833;0,3056
35081;2020-01-12;T19-20;I1;Sampdoria;Brescia;5;1;1;1;0,2967;0,415;0,2884
35083;2020-01-12;T19-20;I1;Verona;Genoa;2;1;1;1;0,224;0,5366;0,2394
35084;2020-01-12;T19-20;I1;Roma;Juventus;1;2;2;1;0,1943;0,587;0,2187
35085;2020-01-13;T19-20;I1;Parma;Lecce;2;0;1;1;0,2973;0,4135;0,2892
57603;2020-01-14;T19-20;SP2;Las Palmas;Zaragoza;0;1;2;1;0,2625;0,4681;0,2695
57602;2020-01-14;T19-20;SP2;Malaga;Ponferradina;1;0;1;1;0,2107;0,5641;0,2252
57600;2020-01-14;T19-20;SP2;Albacete;Fuenlabrada;1;1;0;1;0,2488;0,4936;0,2575
57601;2020-01-14;T19-20;SP2;Sp Gijon;Elche;1;0;1;1;0,2351;0,5173;0,2475
57607;2020-01-15;T19-20;SP2;Cadiz;Mirandes;3;3;0;1;0,235;0,5271;0,2379
57606;2020-01-15;T19-20;SP2;Vallecano;Lugo;1;0;1;1;0,2358;0,5128;0,2513
57605;2020-01-15;T19-20;SP2;Huesca;Tenerife;2;1;1;1;0,2969;0,4145;0,2886
26593;2020-01-15;T19-20;F1;Amiens;Reims;1;1;0;1;0,2969;0,4145;0,2886
26595;2020-01-15;T19-20;F1;Monaco;Paris SG;1;4;2;1;0,2281;0,5226;0,2493
26594;2020-01-15;T19-20;F1;Nimes;Rennes;0;1;2;1;0,264;0,4486;0,2873
57604;2020-01-15;T19-20;SP2;Alcorcon;Numancia;2;2;0;1;0,2349;0,5179;0,2472
57608;2020-01-16;T19-20;SP2;La Coruna;Santander;2;1;1;1;0,2185;0,5467;0,2349
57609;2020-01-16;T19-20;SP2;Girona;Extremadura;3;1;1;1;0,2414;0,5066;0,252
57610;2020-01-16;T19-20;SP2;Almeria;Oviedo;2;0;1;1;0,2139;0,5546;0,2314
45187;2020-01-17;T19-20;SP1;Leganes;Getafe;0;3;2;1;0,2354;0,5168;0,2478
57611;2020-01-17;T19-20;SP2;Fuenlabrada;Malaga;0;0;0;1;0,2968;0,4147;0,2885
45189;2020-01-18;T19-20;SP1;Real Madrid;Sevilla;2;1;1;1;0,2382;0,5209;0,2409
45188;2020-01-18;T19-20;SP1;Levante;Alaves;0;1;2;1;0,2967;0,415;0,2884
45190;2020-01-18;T19-20;SP1;Osasuna;Valladolid;0;0;0;1;0,2808;0,4347;0,2845
35088;2020-01-18;T19-20;I1;Napoli;Fiorentina;0;2;2;1;0,2214;0,5412;0,2374
57613;2020-01-18;T19-20;SP2;Lugo;Albacete;1;0;1;1;0,2969;0,4145;0,2886
57614;2020-01-18;T19-20;SP2;Ponferradina;Vallecano;1;1;0;1;0,2575;0,4791;0,2634
45191;2020-01-18;T19-20;SP1;Eibar;Ath Madrid;2;0;1;1;0,283;0,4166;0,3004
35087;2020-01-18;T19-20;I1;Sassuolo;Torino;2;1;1;1;0,2693;0,4601;0,2706
57612;2020-01-18;T19-20;SP2;Numancia;Sp Gijon;2;0;1;1;0,2291;0,5278;0,243
15996;2020-01-18;T19-20;E0;Newcastle;Chelsea;1;0;1;1;0,3301;0,3407;0,3292
15990;2020-01-18;T19-20;E0;Arsenal;Sheffield United;1;1;0;1;0,3072;0,392;0,3009
35086;2020-01-18;T19-20;I1;Lazio;Sampdoria;5;1;1;1;0,2453;0,4979;0,2568
15991;2020-01-18;T19-20;E0;Brighton;Aston Villa;1;1;0;1;0,2735;0,4435;0,2831
15989;2020-01-18;T19-20;E0;Watford;Tottenham;0;0;0;1;0,2236;0,5288;0,2477
15993;2020-01-18;T19-20;E0;Norwich;Bournemouth;1;0;1;1;0,2948;0,4033;0,3019
15994;2020-01-18;T19-20;E0;Southampton;Wolves;2;3;2;1;0,2456;0,4824;0,272
15995;2020-01-18;T19-20;E0;West Ham;Everton;1;1;0;1;0,3111;0,3833;0,3056
15992;2020-01-18;T19-20;E0;Man City;Crystal Palace;2;2;0;1;0,2642;0,4848;0,251
45194;2020-01-19;T19-20;SP1;Villarreal;Espanol;1;2;2;1;0,2245;0,5355;0,24
57620;2020-01-19;T19-20;SP2;Tenerife;Girona;1;0;1;1;0,2262;0,533;0,2408
57619;2020-01-19;T19-20;SP2;Extremadura;Almeria;1;2;2;1;0,2298;0,5263;0,2439
57618;2020-01-19;T19-20;SP2;Santander;Las Palmas;1;1;0;1;0,2135;0,5556;0,2309
57617;2020-01-19;T19-20;SP2;Oviedo;Huesca;1;1;0;1;0,2454;0,4995;0,2551
57615;2020-01-19;T19-20;SP2;Elche;Alcorcon;1;1;0;1;0,2478;0,4959;0,2563
45196;2020-01-19;T19-20;SP1;Barcelona;Granada;1;0;1;1;0,2209;0,5437;0,2355
45193;2020-01-19;T19-20;SP1;Betis;Sociedad;3;0;1;1;0,2479;0,4957;0,2564
57616;2020-01-19;T19-20;SP2;La Coruna;Cadiz;1;0;1;1;0,2187;0,5462;0,2351
35094;2020-01-19;T19-20;I1;Juventus;Parma;2;1;1;1;0,2405;0,5121;0,2474
35093;2020-01-19;T19-20;I1;Genoa;Roma;1;3;2;1;0,2974;0,4133;0,2893
35092;2020-01-19;T19-20;I1;Lecce;Inter;1;1;0;1;0,2443;0,5018;0,2539
35091;2020-01-19;T19-20;I1;Brescia;Cagliari;2;2;0;1;0,2973;0,4135;0,2892
35090;2020-01-19;T19-20;I1;Bologna;Verona;1;1;0;1;0,2397;0,5102;0,25
35089;2020-01-19;T19-20;I1;Milan;Udinese;3;2;1;1;0,2402;0,5093;0,2506
15998;2020-01-19;T19-20;E0;Liverpool;Man United;2;0;1;1;0,2481;0,5509;0,201
15997;2020-01-19;T19-20;E0;Burnley;Leicester;2;1;1;1;0,3145;0,3757;0,3098
45192;2020-01-19;T19-20;SP1;Mallorca;Valencia;4;1;1;1;0,2448;0,4818;0,2734
35095;2020-01-20;T19-20;I1;Atalanta;Spal;1;2;2;1;0,2253;0,5314;0,2434
16004;2020-01-21;T19-20;E0;Chelsea;Arsenal;2;2;0;1;0,2152;0,5469;0,2379
16003;2020-01-21;T19-20;E0;Sheffield United;Man City;0;1;2;1;0,242;0,5005;0,2575
16002;2020-01-21;T19-20;E0;Everton;Newcastle;2;2;0;1;0,2394;0,5062;0,2544
16000;2020-01-21;T19-20;E0;Bournemouth;Brighton;3;1;1;1;0,2903;0,4134;0,2963
15999;2020-01-21;T19-20;E0;Aston Villa;Watford;2;1;1;1;0,2989;0,4101;0,291
16001;2020-01-21;T19-20;E0;Crystal Palace;Southampton;0;2;2;1;0,3301;0,3407;0,3292
16005;2020-01-22;T19-20;E0;Leicester;West Ham;4;1;1;1;0,2404;0,5071;0,2525
16006;2020-01-22;T19-20;E0;Tottenham;Norwich;2;1;1;1;0,2249;0,531;0,2441
16007;2020-01-22;T19-20;E0;Man United;Burnley;0;2;2;1;0,2505;0,4863;0,2632
16008;2020-01-23;T19-20;E0;Wolves;Liverpool;1;2;2;1;0,269;0,4566;0,2744
35096;2020-01-24;T19-20;I1;Brescia;Milan;0;1;2;1;0,2576;0,4788;0,2636
45197;2020-01-24;T19-20;SP1;Osasuna;Levante;2;0;1;1;0,206;0,5642;0,2297
57621;2020-01-24;T19-20;SP2;Cadiz;Santander;1;0;1;1;0,238;0,5126;0,2495
57622;2020-01-25;T19-20;SP2;Huesca;Lugo;2;1;1;1;0,2418;0,5058;0,2525
57624;2020-01-25;T19-20;SP2;Las Palmas;Tenerife;0;0;0;1;0,2566;0,4811;0,2623
57623;2020-01-25;T19-20;SP2;Sp Gijon;Fuenlabrada;1;0;1;1;0,2189;0,5457;0,2354
57625;2020-01-25;T19-20;SP2;Zaragoza;Numancia;1;0;1;1;0,274;0,4497;0,2763
45201;2020-01-25;T19-20;SP1;Sevilla;Granada;2;0;1;1;0,2703;0,4579;0,2718
35099;2020-01-25;T19-20;I1;Torino;Atalanta;0;7;2;1;0,3079;0,3903;0,3018
45199;2020-01-25;T19-20;SP1;Valencia;Barcelona;2;0;1;1;0,2776;0,4418;0,2806
45198;2020-01-25;T19-20;SP1;Espanol;Ath Bilbao;1;1;0;1;0,2146;0,5532;0,2323
35098;2020-01-25;T19-20;I1;Fiorentina;Genoa;0;0;0;1;0,2484;0,4947;0,257
35097;2020-01-25;T19-20;I1;Spal;Bologna;1;3;2;1;0,2414;0,5066;0,252
45200;2020-01-25;T19-20;SP1;Alaves;Villarreal;1;2;2;1;0,2236;0,5376;0,2388
57631;2020-01-26;T19-20;SP2;Girona;Oviedo;1;1;0;1;0,2294;0,5273;0,2433
57629;2020-01-26;T19-20;SP2;Alcorcon;Ponferradina;3;1;1;1;0,2107;0,5599;0,2294
57628;2020-01-26;T19-20;SP2;Almeria;Elche;0;2;2;1;0,2484;0,4946;0,257
57627;2020-01-26;T19-20;SP2;Albacete;La Coruna;0;1;2;1;0,2376;0,5133;0,2491
57626;2020-01-26;T19-20;SP2;Malaga;Mirandes;2;2;0;1;0,2976;0,413;0,2894
45206;2020-01-26;T19-20;SP1;Valladolid;Real Madrid;0;1;2;1;0,2993;0,4093;0,2914
45205;2020-01-26;T19-20;SP1;Sociedad;Mallorca;3;0;1;1;0,3072;0,392;0,3009
45204;2020-01-26;T19-20;SP1;Getafe;Betis;1;0;1;1;0,2671;0,465;0,268
57630;2020-01-26;T19-20;SP2;Vallecano;Extremadura;1;1;0;1;0,2525;0,4876;0,2599
45202;2020-01-26;T19-20;SP1;Ath Madrid;Leganes;0;0;0;1;0,2345;0,5188;0,2467
35105;2020-01-26;T19-20;I1;Napoli;Juventus;2;1;1;1;0,2521;0,4845;0,2634
35104;2020-01-26;T19-20;I1;Roma;Lazio;1;1;0;1;0,2241;0,534;0,2419
35103;2020-01-26;T19-20;I1;Verona;Lecce;3;0;1;1;0,241;0,5076;0,2515
35102;2020-01-26;T19-20;I1;Sampdoria;Sassuolo;0;0;0;1;0,2283;0,5271;0,2447
35101;2020-01-26;T19-20;I1;Parma;Udinese;2;0;1;1;0,285;0,4208;0,2942
35100;2020-01-26;T19-20;I1;Inter;Cagliari;1;1;0;1;0,2245;0,5409;0,2346
45203;2020-01-26;T19-20;SP1;Celta;Eibar;0;0;0;1;0,2978;0,4125;0,2897
16009;2020-01-29;T19-20;E0;West Ham;Liverpool;0;2;2;1;0,2723;0,4462;0,2815
5985;2020-01-31;T19-20;D1;Hertha;Schalke 04;0;0;0;1;0,32;0,3634;0,3166
26606;2020-01-31;T19-20;F1;Rennes;Nantes;3;2;1;1;0,1975;0,5836;0,2189
57632;2020-01-31;T19-20;SP2;Tenerife;Sp Gijon;2;1;1;1;0,2973;0,4135;0,2892
26611;2020-02-01;T19-20;F1;Nimes;Monaco;3;1;1;1;0,2539;0,4752;0,2709
26610;2020-02-01;T19-20;F1;Dijon;Brest;3;0;1;1;0,3301;0,3407;0,3292
26612;2020-02-01;T19-20;F1;Strasbourg;Lille;1;2;2;1;0,2412;0,5071;0,2518
35106;2020-02-01;T19-20;I1;Bologna;Brescia;2;1;1;1;0,276;0,4411;0,2829
35107;2020-02-01;T19-20;I1;Cagliari;Parma;2;2;0;1;0,2288;0,5286;0,2426
35108;2020-02-01;T19-20;I1;Sassuolo;Roma;4;2;1;1;0,3155;0,3735;0,311
57635;2020-02-01;T19-20;SP2;Ponferradina;Huesca;3;1;1;1;0,2414;0,5066;0,252
45209;2020-02-01;T19-20;SP1;Mallorca;Valladolid;0;1;2;1;0,2547;0,4788;0,2666
45210;2020-02-01;T19-20;SP1;Valencia;Celta;1;0;1;1;0,2776;0,4418;0,2806
57633;2020-02-01;T19-20;SP2;Extremadura;Lugo;1;0;1;1;0,2317;0,5234;0,2448
57634;2020-02-01;T19-20;SP2;La Coruna;Las Palmas;2;1;1;1;0,2976;0,413;0,2894
57636;2020-02-01;T19-20;SP2;Elche;Malaga;2;0;1;1;0,238;0,5126;0,2495
26609;2020-02-01;T19-20;F1;Angers;Reims;1;4;2;1;0,2973;0,4135;0,2892
45208;2020-02-01;T19-20;SP1;Real Madrid;Ath Madrid;1;0;1;1;0,2748;0,4622;0,263
26608;2020-02-01;T19-20;F1;Amiens;Toulouse;0;0;0;1;0,2696;0,4594;0,271
45207;2020-02-01;T19-20;SP1;Granada;Espanol;2;1;1;1;0,2971;0,414;0,2889
16017;2020-02-01;T19-20;E0;Man United;Wolves;0;0;0;1;0,2214;0,5368;0,2419
5986;2020-02-01;T19-20;D1;Augsburg;Werder Bremen;2;1;1;1;0,2038;0,5721;0,2241
5988;2020-02-01;T19-20;D1;Fortuna Dusseldorf;Ein Frankfurt;1;1;0;1;0,2469;0,4835;0,2697
5989;2020-02-01;T19-20;D1;Hoffenheim;Leverkusen;2;1;1;1;0,2614;0,4636;0,275
5990;2020-02-01;T19-20;D1;Mainz;Bayern Munich;1;3;2;1;0,2274;0,52;0,2526
5991;2020-02-01;T19-20;D1;RB Leipzig;M'gladbach;2;2;0;1;0,1939;0,5925;0,2136
16010;2020-02-01;T19-20;E0;Leicester;Chelsea;2;2;0;1;0,2072;0,5652;0,2276
5987;2020-02-01;T19-20;D1;Dortmund;Union Berlin;5;0;1;1;0,2323;0,5141;0,2536
16011;2020-02-01;T19-20;E0;Bournemouth;Aston Villa;2;1;1;1;0,2839;0,4233;0,2928
16012;2020-02-01;T19-20;E0;Crystal Palace;Sheffield United;0;1;2;1;0,3301;0,3407;0,3292
16013;2020-02-01;T19-20;E0;Liverpool;Southampton;4;0;1;1;0,2338;0,6031;0,1631
16014;2020-02-01;T19-20;E0;Newcastle;Norwich;0;0;0;1;0,3083;0,3895;0,3022
16015;2020-02-01;T19-20;E0;Watford;Everton;2;3;2;1;0,2729;0,4336;0,2935
16016;2020-02-01;T19-20;E0;West Ham;Brighton;3;3;0;1;0,2798;0,4338;0,2864
26607;2020-02-01;T19-20;F1;Paris SG;Montpellier;5;0;1;1;0,2274;0,5346;0,238
45213;2020-02-02;T19-20;SP1;Ath Bilbao;Getafe;0;2;2;1;0,2116;0,5588;0,2295
45214;2020-02-02;T19-20;SP1;Sevilla;Alaves;1;1;0;1;0,2485;0,4944;0,2571
45215;2020-02-02;T19-20;SP1;Villarreal;Osasuna;3;1;1;1;0,2146;0,5532;0,2323
45216;2020-02-02;T19-20;SP1;Barcelona;Levante;2;1;1;1;0,2134;0,5558;0,2308
57637;2020-02-02;T19-20;SP2;Fuenlabrada;Girona;0;1;2;1;0,2137;0,5551;0,2312
57640;2020-02-02;T19-20;SP2;Numancia;Almeria;1;1;0;1;0,2576;0,4788;0,2636
57639;2020-02-02;T19-20;SP2;Mirandes;Vallecano;0;0;0;1;0,2294;0,5273;0,2433
57641;2020-02-02;T19-20;SP2;Oviedo;Albacete;3;1;1;1;0,2628;0,4704;0,2668
57642;2020-02-02;T19-20;SP2;Santander;Alcorcon;1;1;0;1;0,2974;0,4133;0,2893
45212;2020-02-02;T19-20;SP1;Eibar;Betis;1;1;0;1;0,2983;0,4113;0,2903
57638;2020-02-02;T19-20;SP2;Cadiz;Zaragoza;1;1;0;1;0,2089;0,5682;0,223
45211;2020-02-02;T19-20;SP1;Leganes;Sociedad;2;1;1;1;0,2479;0,4957;0,2564
35110;2020-02-02;T19-20;I1;Atalanta;Genoa;2;2;0;1;0,2218;0,5381;0,2402
35113;2020-02-02;T19-20;I1;Lecce;Torino;4;0;1;1;0,2974;0,4133;0,2893
5992;2020-02-02;T19-20;D1;FC Koln;Freiburg;4;0;1;1;0,2635;0,4552;0,2814
5993;2020-02-02;T19-20;D1;Paderborn;Wolfsburg;2;4;2;1;0,2476;0,4832;0,2692
35114;2020-02-02;T19-20;I1;Udinese;Inter;0;2;2;1;0,2315;0,5239;0,2446
16019;2020-02-02;T19-20;E0;Tottenham;Man City;2;0;1;1;0,2249;0,531;0,2441
26613;2020-02-02;T19-20;F1;Nice;Lyon;2;1;1;1;0,2268;0,5137;0,2595
16018;2020-02-02;T19-20;E0;Burnley;Arsenal;0;0;0;1;0,2937;0,4214;0,2849
26615;2020-02-02;T19-20;F1;Bordeaux;Marseille;0;0;0;1;0,2419;0,5055;0,2526
35109;2020-02-02;T19-20;I1;Juventus;Fiorentina;3;0;1;1;0,2416;0,5079;0,2505
35111;2020-02-02;T19-20;I1;Lazio;Spal;5;1;1;1;0,2532;0,4862;0,2607
35112;2020-02-02;T19-20;I1;Milan;Verona;1;1;0;1;0,2211;0,5419;0,237
26614;2020-02-02;T19-20;F1;Metz;St Etienne;3;1;1;1;0,2976;0,413;0,2894
35115;2020-02-03;T19-20;I1;Sampdoria;Napoli;2;4;2;1;0,2329;0,514;0,2531
26616;2020-02-04;T19-20;F1;Lille;Rennes;1;0;1;1;0,2566;0,4811;0,2623
26617;2020-02-04;T19-20;F1;Monaco;Angers;1;0;1;1;0,2724;0,4459;0,2817
26618;2020-02-04;T19-20;F1;Nantes;Paris SG;1;2;2;1;0,3301;0,3407;0,3292
26624;2020-02-05;T19-20;F1;Toulouse;Strasbourg;0;1;2;1;0,2761;0,4282;0,2957
35116;2020-02-05;T19-20;I1;Lazio;Verona;0;0;0;1;0,2992;0,4093;0,2914
26625;2020-02-05;T19-20;F1;St Etienne;Marseille;0;2;2;1;0,2185;0,5467;0,2349
26623;2020-02-05;T19-20;F1;Reims;Nice;1;1;0;1;0,2239;0,537;0,2392
26621;2020-02-05;T19-20;F1;Montpellier;Metz;1;1;0;1;0,2525;0,4817;0,2658
26622;2020-02-05;T19-20;F1;Nimes;Dijon;2;0;1;1;0,2003;0,5832;0,2164
26620;2020-02-05;T19-20;F1;Lyon;Amiens;0;0;0;1;0,2303;0,5238;0,2459
26619;2020-02-05;T19-20;F1;Brest;Bordeaux;1;1;0;1;0,2561;0,4622;0,2817
5994;2020-02-07;T19-20;D1;Ein Frankfurt;Augsburg;5;0;1;1;0,3114;0,3825;0,3061
26626;2020-02-07;T19-20;F1;Angers;Lille;0;2;2;1;0,2372;0,5139;0,249
35117;2020-02-07;T19-20;I1;Roma;Bologna;2;3;2;1;0,2146;0,5501;0,2353
45217;2020-02-07;T19-20;SP1;Alaves;Eibar;2;1;1;1;0,2703;0,4579;0,2718
57643;2020-02-07;T19-20;SP2;Almeria;Santander;0;1;2;1;0,226;0,5335;0,2405
35119;2020-02-08;T19-20;I1;Torino;Sampdoria;1;3;2;1;0,2629;0,4701;0,267
35120;2020-02-08;T19-20;I1;Verona;Juventus;2;1;1;1;0,2856;0,4123;0,3021
45218;2020-02-08;T19-20;SP1;Levante;Leganes;2;0;1;1;0,2703;0,4579;0,2718
45219;2020-02-08;T19-20;SP1;Getafe;Valencia;3;0;1;1;0,2698;0,4589;0,2713
45220;2020-02-08;T19-20;SP1;Valladolid;Villarreal;1;1;0;1;0,287;0,41;0,303
26632;2020-02-08;T19-20;F1;Rennes;Brest;0;0;0;1;0,2189;0,5456;0,2355
57644;2020-02-08;T19-20;SP2;Extremadura;Tenerife;2;4;2;1;0,297;0,4143;0,2888
57645;2020-02-08;T19-20;SP2;Girona;Huesca;1;0;1;1;0,2322;0,5224;0,2454
35118;2020-02-08;T19-20;I1;Fiorentina;Atalanta;1;2;2;1;0,2531;0,4805;0,2664
57647;2020-02-08;T19-20;SP2;Zaragoza;Fuenlabrada;0;0;0;1;0,245;0,5003;0,2547
45221;2020-02-08;T19-20;SP1;Ath Madrid;Granada;1;0;1;1;0,2566;0,4811;0,2623
57646;2020-02-08;T19-20;SP2;Las Palmas;Cadiz;1;2;2;1;0,2287;0,5288;0,2425
26629;2020-02-08;T19-20;F1;Dijon;Nantes;3;3;0;1;0,2541;0,4848;0,2611
26630;2020-02-08;T19-20;F1;Metz;Bordeaux;1;2;2;1;0,2718;0,4354;0,2928
26628;2020-02-08;T19-20;F1;Amiens;Monaco;1;2;2;1;0,2579;0,485;0,2571
26627;2020-02-08;T19-20;F1;Marseille;Toulouse;1;0;1;1;0,2472;0,4974;0,2555
16021;2020-02-08;T19-20;E0;Brighton;Watford;1;1;0;1;0,203;0,5739;0,2231
16020;2020-02-08;T19-20;E0;Everton;Crystal Palace;3;1;1;1;0,2426;0,5006;0,2568
6000;2020-02-08;T19-20;D1;Leverkusen;Dortmund;4;3;1;1;0,2022;0,5702;0,2276
5999;2020-02-08;T19-20;D1;Wolfsburg;Fortuna Dusseldorf;1;1;0;1;0,2339;0,513;0,2531
5998;2020-02-08;T19-20;D1;Werder Bremen;Union Berlin;0;2;2;1;0,2489;0,4882;0,263
5997;2020-02-08;T19-20;D1;Schalke 04;Paderborn;1;1;0;1;0,2633;0,4613;0,2754
5996;2020-02-08;T19-20;D1;Hertha;Mainz;1;3;2;1;0,2573;0,4796;0,2632
5995;2020-02-08;T19-20;D1;Freiburg;Hoffenheim;1;0;1;1;0,2438;0,4919;0,2643
26631;2020-02-08;T19-20;F1;Nice;Nimes;1;3;2;1;0,227;0,5316;0,2413
45225;2020-02-09;T19-20;SP1;Celta;Sevilla;2;1;1;1;0,221;0,5422;0,2368
45224;2020-02-09;T19-20;SP1;Osasuna;Real Madrid;1;4;2;1;0,2448;0,4818;0,2734
57653;2020-02-09;T19-20;SP2;Malaga;Numancia;2;1;1;1;0,2365;0,5127;0,2508
45226;2020-02-09;T19-20;SP1;Betis;Barcelona;2;3;2;1;0,2577;0,47;0,2723
45223;2020-02-09;T19-20;SP1;Sociedad;Ath Bilbao;2;1;1;1;0,2703;0,4579;0,2718
57649;2020-02-09;T19-20;SP2;Alcorcon;La Coruna;0;1;2;1;0,2528;0,4871;0,2602
57650;2020-02-09;T19-20;SP2;Sp Gijon;Mirandes;2;2;0;1;0,2264;0,5325;0,241
57651;2020-02-09;T19-20;SP2;Lugo;Elche;2;2;0;1;0,2575;0,4791;0,2634
57652;2020-02-09;T19-20;SP2;Vallecano;Oviedo;1;1;0;1;0,296;0,4164;0,2876
57648;2020-02-09;T19-20;SP2;Albacete;Ponferradina;1;1;0;1;0,2116;0,5588;0,2295
45222;2020-02-09;T19-20;SP1;Espanol;Mallorca;1;0;1;1;0,2165;0,55;0,2335
35123;2020-02-09;T19-20;I1;Genoa;Cagliari;1;0;1;1;0,2629;0,4701;0,267
35125;2020-02-09;T19-20;I1;Parma;Lazio;0;1;2;1;0,2613;0,4533;0,2854
35124;2020-02-09;T19-20;I1;Napoli;Lecce;2;3;2;1;0,248;0,4901;0,2619
35122;2020-02-09;T19-20;I1;Brescia;Udinese;1;1;0;1;0,3225;0,3577;0,3197
35121;2020-02-09;T19-20;I1;Spal;Sassuolo;1;2;2;1;0,2726;0,4427;0,2847
26635;2020-02-09;T19-20;F1;Paris SG;Lyon;4;2;1;1;0,1976;0,5894;0,213
26634;2020-02-09;T19-20;F1;Strasbourg;Reims;3;0;1;1;0,2295;0,527;0,2435
26633;2020-02-09;T19-20;F1;Montpellier;St Etienne;1;0;1;1;0,2393;0,5101;0,2506
16022;2020-02-09;T19-20;E0;Sheffield United;Bournemouth;2;1;1;1;0,2343;0,5257;0,24
6001;2020-02-09;T19-20;D1;Bayern Munich;RB Leipzig;0;0;0;1;0,1942;0,5946;0,2112
35126;2020-02-09;T19-20;I1;Inter;Milan;4;2;1;1;0,2104;0,567;0,2226
57654;2020-02-14;T19-20;SP2;La Coruna;Girona;2;2;0;1;0,2974;0,4133;0,2893
26636;2020-02-14;T19-20;F1;Monaco;Montpellier;1;0;1;1;0,2839;0,4276;0,2884
45227;2020-02-14;T19-20;SP1;Valencia;Ath Madrid;2;2;0;1;0,3017;0,4039;0,2944
6002;2020-02-14;T19-20;D1;Dortmund;Ein Frankfurt;4;0;1;1;0,2479;0,4872;0,265
16023;2020-02-14;T19-20;E0;Wolves;Leicester;0;0;0;1;0,2586;0,4578;0,2835
35127;2020-02-15;T19-20;I1;Lecce;Spal;2;1;1;1;0,2522;0,4743;0,2735
57658;2020-02-15;T19-20;SP2;Elche;Zaragoza;1;2;2;1;0,2316;0,5237;0,2447
57657;2020-02-15;T19-20;SP2;Oviedo;Alcorcon;1;2;2;1;0,2347;0,5184;0,247
57656;2020-02-15;T19-20;SP2;Numancia;Las Palmas;1;1;0;1;0,2574;0,4793;0,2633
57655;2020-02-15;T19-20;SP2;Huesca;Almeria;3;2;1;1;0,2971;0,414;0,2889
45231;2020-02-15;T19-20;SP1;Granada;Valladolid;2;1;1;1;0,2883;0,4101;0,3017
45230;2020-02-15;T19-20;SP1;Villarreal;Levante;2;1;1;1;0,2744;0,4445;0,281
45229;2020-02-15;T19-20;SP1;Barcelona;Getafe;2;1;1;1;0,2131;0,5556;0,2314
45228;2020-02-15;T19-20;SP1;Mallorca;Alaves;1;0;1;1;0,2374;0,5138;0,2488
35129;2020-02-15;T19-20;I1;Atalanta;Roma;2;1;1;1;0,2263;0,529;0,2447
35128;2020-02-15;T19-20;I1;Bologna;Genoa;0;3;2;1;0,2211;0,5419;0,237
26641;2020-02-15;T19-20;F1;Toulouse;Nice;0;2;2;1;0,2288;0,5335;0,2377
26639;2020-02-15;T19-20;F1;Nantes;Metz;0;0;0;1;0,2482;0,4938;0,258
26638;2020-02-15;T19-20;F1;Bordeaux;Dijon;2;2;0;1;0,2172;0,5536;0,2292
26637;2020-02-15;T19-20;F1;Amiens;Paris SG;4;4;0;1;0,3045;0,3813;0,3142
16025;2020-02-15;T19-20;E0;Norwich;Liverpool;0;1;2;1;0,1871;0,6224;0,1905
16024;2020-02-15;T19-20;E0;Southampton;Burnley;1;2;2;1;0,2448;0,4818;0,2734
6008;2020-02-15;T19-20;D1;Fortuna Dusseldorf;M'gladbach;1;4;2;1;0,2824;0,4234;0,2942
6007;2020-02-15;T19-20;D1;Union Berlin;Leverkusen;2;3;2;1;0,285;0,4252;0,2897
6006;2020-02-15;T19-20;D1;RB Leipzig;Werder Bremen;3;0;1;1;0,2286;0,529;0,2424
6005;2020-02-15;T19-20;D1;Paderborn;Hertha;1;2;2;1;0,2551;0,4707;0,2742
6004;2020-02-15;T19-20;D1;Hoffenheim;Wolfsburg;2;3;2;1;0,2232;0,5306;0,2462
6003;2020-02-15;T19-20;D1;Augsburg;Freiburg;1;1;0;1;0,2612;0,4621;0,2767
26640;2020-02-15;T19-20;F1;Nimes;Angers;1;0;1;1;0,2569;0,4608;0,2823
35135;2020-02-16;T19-20;I1;Lazio;Inter;2;1;1;1;0,2264;0,5322;0,2414
45232;2020-02-16;T19-20;SP1;Sevilla;Espanol;2;2;0;1;0,2291;0,5278;0,243
45233;2020-02-16;T19-20;SP1;Leganes;Betis;0;0;0;1;0,2355;0,5166;0,2479
45234;2020-02-16;T19-20;SP1;Ath Bilbao;Osasuna;0;1;2;1;0,2968;0,4147;0,2885
45235;2020-02-16;T19-20;SP1;Real Madrid;Celta;2;2;0;1;0,2748;0,4622;0,263
57663;2020-02-16;T19-20;SP2;Santander;Sp Gijon;0;2;2;1;0,2295;0,5271;0,2435
57660;2020-02-16;T19-20;SP2;Mirandes;Albacete;1;1;0;1;0,2973;0,4135;0,2892
57664;2020-02-16;T19-20;SP2;Tenerife;Vallecano;0;0;0;1;0,2111;0,5589;0,2299
57661;2020-02-16;T19-20;SP2;Cadiz;Malaga;0;1;2;1;0,2351;0,5173;0,2475
57662;2020-02-16;T19-20;SP2;Ponferradina;Extremadura;0;0;0;1;0,2379;0,5128;0,2493
57659;2020-02-16;T19-20;SP2;Fuenlabrada;Lugo;0;1;2;1;0,257;0,4801;0,2629
35134;2020-02-16;T19-20;I1;Cagliari;Napoli;0;1;2;1;0,2346;0,5115;0,2539
16027;2020-02-16;T19-20;E0;Arsenal;Newcastle;4;0;1;1;0,2393;0,5049;0,2558
35132;2020-02-16;T19-20;I1;Sampdoria;Fiorentina;1;5;2;1;0,2485;0,4944;0,2571
35131;2020-02-16;T19-20;I1;Juventus;Brescia;2;0;1;1;0,254;0,4868;0,2592
35130;2020-02-16;T19-20;I1;Udinese;Verona;0;0;0;1;0,2262;0,533;0,2408
26645;2020-02-16;T19-20;F1;Lille;Marseille;1;2;2;1;0,2718;0,4354;0,2928
26644;2020-02-16;T19-20;F1;Reims;Rennes;1;0;1;1;0,2783;0,4245;0,2972
26643;2020-02-16;T19-20;F1;Brest;St Etienne;3;2;1;1;0,2206;0,5427;0,2367
26642;2020-02-16;T19-20;F1;Lyon;Strasbourg;1;1;0;1;0,2524;0,4844;0,2632
16026;2020-02-16;T19-20;E0;Aston Villa;Tottenham;2;3;2;1;0,2149;0,5485;0,2366
6010;2020-02-16;T19-20;D1;Mainz;Schalke 04;0;0;0;1;0,2806;0,4274;0,292
6009;2020-02-16;T19-20;D1;FC Koln;Bayern Munich;1;4;2;1;0,2157;0,5385;0,2458
35133;2020-02-16;T19-20;I1;Sassuolo;Parma;0;1;2;1;0,2325;0,5126;0,2549
35136;2020-02-17;T19-20;I1;Milan;Torino;1;0;1;1;0,2314;0,5242;0,2444
57665;2020-02-19;T19-20;SP2;Mirandes;Zaragoza;1;1;0;1;0,2973;0,4135;0,2892
57666;2020-02-21;T19-20;SP2;Sp Gijon;Cadiz;1;0;1;1;0,2163;0,5505;0,2333
45236;2020-02-21;T19-20;SP1;Betis;Mallorca;3;3;0;1;0,2976;0,413;0,2894
35137;2020-02-21;T19-20;I1;Brescia;Napoli;1;2;2;1;0,3301;0,3407;0,3292
26646;2020-02-21;T19-20;F1;Nice;Brest;2;2;0;1;0,2482;0,4951;0,2567
6011;2020-02-21;T19-20;D1;Bayern Munich;Paderborn;3;2;1;1;0,2214;0,5506;0,2281
26647;2020-02-21;T19-20;F1;Metz;Lyon;0;2;2;1;0,257;0,4802;0,2628
35138;2020-02-22;T19-20;I1;Bologna;Udinese;1;1;0;1;0,253;0,4788;0,2682
35139;2020-02-22;T19-20;I1;Spal;Juventus;1;2;2;1;0,2729;0,4336;0,2935
35140;2020-02-22;T19-20;I1;Fiorentina;Milan;1;1;0;1;0,2755;0,4422;0,2823
45237;2020-02-22;T19-20;SP1;Celta;Leganes;1;0;1;1;0,2574;0,4793;0,2633
45238;2020-02-22;T19-20;SP1;Barcelona;Eibar;5;0;1;1;0,2436;0,5016;0,2548
45239;2020-02-22;T19-20;SP1;Sociedad;Valencia;3;0;1;1;0,2363;0,5089;0,2548
45240;2020-02-22;T19-20;SP1;Levante;Real Madrid;1;0;1;1;0,283;0,4166;0,3004
57668;2020-02-22;T19-20;SP2;Almeria;Fuenlabrada;0;0;0;1;0,2968;0,4147;0,2885
57669;2020-02-22;T19-20;SP2;Girona;Ponferradina;2;0;1;1;0,2061;0,5685;0,2254
57670;2020-02-22;T19-20;SP2;Tenerife;Elche;1;0;1;1;0,2219;0,5402;0,2379
57671;2020-02-22;T19-20;SP2;Albacete;Numancia;2;1;1;1;0,2168;0,5492;0,2339
26652;2020-02-22;T19-20;F1;Strasbourg;Amiens;0;0;0;1;0,2521;0,4886;0,2594
57667;2020-02-22;T19-20;SP2;Alcorcon;Las Palmas;1;1;0;1;0,2144;0,5536;0,232
26651;2020-02-22;T19-20;F1;Lille;Toulouse;3;0;1;1;0,2268;0,5344;0,2388
6013;2020-02-22;T19-20;D1;Hertha;FC Koln;0;5;2;1;0,244;0,4887;0,2673
26649;2020-02-22;T19-20;F1;Angers;Montpellier;1;0;1;1;0,2521;0,4886;0,2594
6012;2020-02-22;T19-20;D1;Freiburg;Fortuna Dusseldorf;0;2;2;1;0,232;0,5138;0,2543
6014;2020-02-22;T19-20;D1;M'gladbach;Hoffenheim;1;1;0;1;0,2211;0,5363;0,2426
6015;2020-02-22;T19-20;D1;Werder Bremen;Dortmund;0;2;2;1;0,2669;0,4492;0,2839
6016;2020-02-22;T19-20;D1;Schalke 04;RB Leipzig;0;5;2;1;0,2518;0,4815;0,2666
16030;2020-02-22;T19-20;E0;Chelsea;Tottenham;2;1;1;1;0,2176;0,5443;0,2381
26650;2020-02-22;T19-20;F1;Dijon;Monaco;1;1;0;1;0,2296;0,5312;0,2392
16032;2020-02-22;T19-20;E0;Crystal Palace;Newcastle;1;0;1;1;0,283;0,4166;0,3004
16033;2020-02-22;T19-20;E0;Sheffield United;Brighton;1;1;0;1;0,2014;0,5828;0,2158
16034;2020-02-22;T19-20;E0;Southampton;Aston Villa;2;0;1;1;0,2728;0,4399;0,2873
16035;2020-02-22;T19-20;E0;Leicester;Man City;0;1;2;1;0,2559;0,4825;0,2615
26648;2020-02-22;T19-20;F1;Marseille;Nantes;1;3;2;1;0,2616;0,4731;0,2654
16031;2020-02-22;T19-20;E0;Burnley;Bournemouth;3;0;1;1;0,2735;0,4435;0,2831
45242;2020-02-23;T19-20;SP1;Alaves;Ath Bilbao;2;1;1;1;0,2482;0,4952;0,2567
57676;2020-02-23;T19-20;SP2;Vallecano;Huesca;2;0;1;1;0,2348;0,5181;0,2471
57675;2020-02-23;T19-20;SP2;Malaga;Santander;2;0;1;1;0,2264;0,5325;0,241
57674;2020-02-23;T19-20;SP2;Extremadura;Mirandes;3;2;1;1;0,2354;0,5168;0,2478
57673;2020-02-23;T19-20;SP2;Zaragoza;La Coruna;3;1;1;1;0,2206;0,5425;0,2368
57672;2020-02-23;T19-20;SP2;Lugo;Oviedo;1;0;1;1;0,2976;0,413;0,2894
45245;2020-02-23;T19-20;SP1;Ath Madrid;Villarreal;3;1;1;1;0,2971;0,414;0,2889
45244;2020-02-23;T19-20;SP1;Getafe;Sevilla;0;3;2;1;0,221;0,5422;0,2368
45243;2020-02-23;T19-20;SP1;Valladolid;Espanol;2;1;1;1;0,297;0,4143;0,2888
45241;2020-02-23;T19-20;SP1;Osasuna;Granada;0;3;2;1;0,2488;0,4936;0,2575
26653;2020-02-23;T19-20;F1;St Etienne;Reims;1;1;0;1;0,2237;0,5373;0,239
35141;2020-02-23;T19-20;I1;Genoa;Lazio;2;3;2;1;0,312;0,3812;0,3068
26655;2020-02-23;T19-20;F1;Paris SG;Bordeaux;4;3;1;1;0,2173;0,5482;0,2345
26654;2020-02-23;T19-20;F1;Rennes;Nimes;2;1;1;1;0,2794;0,4226;0,298
16038;2020-02-23;T19-20;E0;Arsenal;Everton;3;2;1;1;0,2281;0,525;0,2469
16037;2020-02-23;T19-20;E0;Wolves;Norwich;3;0;1;1;0,2253;0,5314;0,2434
16036;2020-02-23;T19-20;E0;Man United;Watford;3;0;1;1;0,2663;0,4596;0,2741
6018;2020-02-23;T19-20;D1;Wolfsburg;Mainz;4;0;1;1;0,2476;0,4894;0,263
6017;2020-02-23;T19-20;D1;Leverkusen;Augsburg;2;0;1;1;0,2578;0,4716;0,2706
35142;2020-02-23;T19-20;I1;Roma;Lecce;4;0;1;1;0,3065;0,3934;0,3001
6019;2020-02-24;T19-20;D1;Ein Frankfurt;Union Berlin;1;2;2;1;0,314;0,3767;0,3092
16039;2020-02-24;T19-20;E0;Liverpool;West Ham;3;2;1;1;0,2299;0,6161;0,1541
57677;2020-02-28;T19-20;SP2;Las Palmas;Malaga;1;1;0;1;0,2449;0,5005;0,2546
45246;2020-02-28;T19-20;SP1;Sociedad;Valladolid;1;0;1;1;0,2376;0,4945;0,2679
26656;2020-02-28;T19-20;F1;Nimes;Marseille;2;3;2;1;0,2639;0,4599;0,2762
16040;2020-02-28;T19-20;E0;Norwich;Leicester;1;0;1;1;0,2993;0,4093;0,2914
6020;2020-02-28;T19-20;D1;Fortuna Dusseldorf;Hertha;3;3;0;1;0,282;0,4242;0,2938
57682;2020-02-29;T19-20;SP2;Santander;Zaragoza;2;2;0;1;0,2971;0,414;0,2889
57681;2020-02-29;T19-20;SP2;Albacete;Vallecano;1;1;0;1;0,2235;0,5378;0,2387
57680;2020-02-29;T19-20;SP2;Cadiz;Almeria;2;1;1;1;0,231;0,5251;0,2439
57679;2020-02-29;T19-20;SP2;Ponferradina;Sp Gijon;1;0;1;1;0,2447;0,501;0,2543
57678;2020-02-29;T19-20;SP2;Huesca;Extremadura;2;2;0;1;0,2188;0,5459;0,2353
45250;2020-02-29;T19-20;SP1;Granada;Celta;0;0;0;1;0,2442;0,502;0,2537
45249;2020-02-29;T19-20;SP1;Leganes;Alaves;1;1;0;1;0,2408;0,5078;0,2513
45248;2020-02-29;T19-20;SP1;Valencia;Betis;2;1;1;1;0,2958;0,4169;0,2873
45247;2020-02-29;T19-20;SP1;Eibar;Levante;3;0;1;1;0,2698;0,4388;0,2914
35144;2020-02-29;T19-20;I1;Napoli;Torino;2;1;1;1;0,2646;0,4607;0,2747
26662;2020-02-29;T19-20;F1;Toulouse;Rennes;0;2;2;1;0,264;0,4486;0,2873
26661;2020-02-29;T19-20;F1;Montpellier;Strasbourg;3;0;1;1;0,2729;0,4336;0,2935
26660;2020-02-29;T19-20;F1;Monaco;Reims;1;1;0;1;0,2265;0,5252;0,2484
35143;2020-02-29;T19-20;I1;Lazio;Bologna;2;0;1;1;0,2419;0,5055;0,2526
26658;2020-02-29;T19-20;F1;Amiens;Metz;0;1;2;1;0,2846;0,4411;0,2743
6021;2020-02-29;T19-20;D1;Augsburg;M'gladbach;2;3;2;1;0,28;0,4287;0,2912
6022;2020-02-29;T19-20;D1;Dortmund;Freiburg;1;0;1;1;0,2356;0,5091;0,2553
26659;2020-02-29;T19-20;F1;Brest;Angers;0;1;2;1;0,253;0,4865;0,2605
6024;2020-02-29;T19-20;D1;Mainz;Paderborn;2;0;1;1;0,2468;0,485;0,2682
6025;2020-02-29;T19-20;D1;FC Koln;Schalke 04;3;0;1;1;0,2445;0,4875;0,268
16041;2020-02-29;T19-20;E0;Brighton;Crystal Palace;0;1;2;1;0,3045;0,3813;0,3142
6023;2020-02-29;T19-20;D1;Hoffenheim;Bayern Munich;0;6;2;1;0,224;0,5278;0,2482
16043;2020-02-29;T19-20;E0;Newcastle;Burnley;0;0;0;1;0,2711;0,4487;0,2801
16044;2020-02-29;T19-20;E0;West Ham;Southampton;3;1;1;1;0,3161;0,372;0,3118
16045;2020-02-29;T19-20;E0;Watford;Liverpool;3;0;1;1;0,2522;0,4785;0,2693
26657;2020-02-29;T19-20;F1;Paris SG;Dijon;4;0;1;1;0,2081;0,5623;0,2296
16042;2020-02-29;T19-20;E0;Bournemouth;Chelsea;2;2;0;1;0,2698;0,4388;0,2914
45252;2020-03-01;T19-20;SP1;Ath Bilbao;Villarreal;1;0;1;1;0,2316;0,5237;0,2447
57686;2020-03-01;T19-20;SP2;Fuenlabrada;Alcorcon;3;4;2;1;0,2447;0,501;0,2543
57685;2020-03-01;T19-20;SP2;La Coruna;Lugo;0;0;0;1;0,2345;0,5188;0,2467
57684;2020-03-01;T19-20;SP2;Elche;Numancia;2;0;1;1;0,2972;0,4138;0,289
57683;2020-03-01;T19-20;SP2;Mirandes;Girona;1;1;0;1;0,2572;0,4796;0,2631
45255;2020-03-01;T19-20;SP1;Real Madrid;Barcelona;2;0;1;1;0,2748;0,4622;0,263
57687;2020-03-01;T19-20;SP2;Oviedo;Tenerife;1;0;1;1;0,2259;0,5338;0,2404
45253;2020-03-01;T19-20;SP1;Espanol;Ath Madrid;1;1;0;1;0,2973;0,4135;0,2892
45251;2020-03-01;T19-20;SP1;Sevilla;Osasuna;3;2;1;1;0,2289;0,5283;0,2428
45254;2020-03-01;T19-20;SP1;Mallorca;Getafe;0;1;2;1;0,2321;0,5227;0,2453
35145;2020-03-01;T19-20;I1;Lecce;Atalanta;2;7;2;1;0,2972;0,3932;0,3096
26665;2020-03-01;T19-20;F1;Lyon;St Etienne;2;0;1;1;0,2665;0,4621;0,2713
26664;2020-03-01;T19-20;F1;Bordeaux;Nice;1;1;0;1;0,2464;0,4937;0,2599
26663;2020-03-01;T19-20;F1;Nantes;Lille;0;1;2;1;0,2289;0,5283;0,2428
16047;2020-03-01;T19-20;E0;Tottenham;Wolves;2;3;2;1;0,2324;0,5177;0,2498
16046;2020-03-01;T19-20;E0;Everton;Man United;1;1;0;1;0,2203;0,5382;0,2415
6027;2020-03-01;T19-20;D1;RB Leipzig;Leverkusen;1;1;0;1;0,2093;0,565;0,2257
6026;2020-03-01;T19-20;D1;Union Berlin;Wolfsburg;2;2;0;1;0,2325;0,5137;0,2538
35146;2020-03-01;T19-20;I1;Cagliari;Roma;3;4;2;1;0,2488;0,4936;0,2575
45256;2020-03-06;T19-20;SP1;Alaves;Valencia;1;1;0;1;0,294;0,4209;0,2852
57688;2020-03-06;T19-20;SP2;Lugo;Cadiz;1;1;0;1;0,2969;0,4145;0,2886
6028;2020-03-06;T19-20;D1;Paderborn;FC Koln;1;2;2;1;0,3187;0,3664;0,3149
26666;2020-03-06;T19-20;F1;Marseille;Amiens;2;2;0;1;0,221;0,5422;0,2368
26669;2020-03-07;T19-20;F1;Metz;Nimes;2;1;1;1;0,255;0,4799;0,2651
57693;2020-03-07;T19-20;SP2;Almeria;La Coruna;4;0;1;1;0,2972;0,4138;0,289
57692;2020-03-07;T19-20;SP2;Numancia;Santander;1;2;2;1;0,2973;0,4135;0,2892
57691;2020-03-07;T19-20;SP2;Huesca;Fuenlabrada;2;0;1;1;0,248;0,4954;0,2565
57690;2020-03-07;T19-20;SP2;Girona;Albacete;1;1;0;1;0,2321;0,5227;0,2453
57689;2020-03-07;T19-20;SP2;Extremadura;Oviedo;1;2;2;1;0,2213;0,5414;0,2372
45260;2020-03-07;T19-20;SP1;Getafe;Celta;0;0;0;1;0,2524;0,4878;0,2598
45259;2020-03-07;T19-20;SP1;Barcelona;Sociedad;1;0;1;1;0,2436;0,5016;0,2548
45258;2020-03-07;T19-20;SP1;Ath Madrid;Sevilla;2;2;0;1;0,2642;0,4848;0,251
45257;2020-03-07;T19-20;SP1;Eibar;Mallorca;1;2;2;1;0,2322;0,5224;0,2454
26671;2020-03-07;T19-20;F1;Reims;Brest;1;0;1;1;0,2286;0,5262;0,2451
26670;2020-03-07;T19-20;F1;Nice;Monaco;2;1;1;1;0,2192;0,5474;0,2334
26668;2020-03-07;T19-20;F1;Dijon;Toulouse;2;1;1;1;0,2455;0,4993;0,2553
16053;2020-03-07;T19-20;E0;Wolves;Brighton;0;0;0;1;0,2198;0,5403;0,2399
16054;2020-03-07;T19-20;E0;Burnley;Tottenham;1;1;0;1;0,2698;0,4388;0,2914
6029;2020-03-07;T19-20;D1;Freiburg;Union Berlin;3;1;1;1;0,2415;0,497;0,2614
6030;2020-03-07;T19-20;D1;Hertha;Werder Bremen;2;2;0;1;0,2571;0,4662;0,2767
26667;2020-03-07;T19-20;F1;Angers;Nantes;2;0;1;1;0,2587;0,4764;0,2649
6032;2020-03-07;T19-20;D1;Schalke 04;Hoffenheim;1;1;0;1;0,3108;0,3839;0,3053
6033;2020-03-07;T19-20;D1;Wolfsburg;RB Leipzig;0;0;0;1;0,232;0,516;0,2519
6034;2020-03-07;T19-20;D1;M'gladbach;Dortmund;1;2;2;1;0,2206;0,5396;0,2398
6031;2020-03-07;T19-20;D1;Leverkusen;Ein Frankfurt;4;0;1;1;0,2501;0,4854;0,2645
16049;2020-03-07;T19-20;E0;Arsenal;West Ham;1;0;1;1;0,2681;0,4556;0,2764
16050;2020-03-07;T19-20;E0;Crystal Palace;Watford;1;0;1;1;0,2536;0,4665;0,2799
16051;2020-03-07;T19-20;E0;Sheffield United;Norwich;1;0;1;1;0,211;0,5656;0,2234
16052;2020-03-07;T19-20;E0;Southampton;Newcastle;0;1;2;1;0,2272;0,5186;0,2542
16048;2020-03-07;T19-20;E0;Liverpool;Bournemouth;2;1;1;1;0,2519;0,535;0,2132
45263;2020-03-08;T19-20;SP1;Levante;Granada;1;1;0;1;0,2523;0,4881;0,2596
57697;2020-03-08;T19-20;SP2;Sp Gijon;Las Palmas;4;0;1;1;0,2354;0,5168;0,2478
57698;2020-03-08;T19-20;SP2;Tenerife;Ponferradina;1;0;1;1;0,2419;0,5055;0,2526
57696;2020-03-08;T19-20;SP2;Alcorcon;Mirandes;1;2;2;1;0,2293;0,5276;0,2432
57695;2020-03-08;T19-20;SP2;Malaga;Zaragoza;0;1;2;1;0,2165;0,55;0,2335
57694;2020-03-08;T19-20;SP2;Vallecano;Elche;2;3;2;1;0,2236;0,5376;0,2388
45265;2020-03-08;T19-20;SP1;Betis;Real Madrid;2;1;1;1;0,2586;0,4578;0,2835
45264;2020-03-08;T19-20;SP1;Villarreal;Leganes;1;2;2;1;0,2485;0,4944;0,2571
45262;2020-03-08;T19-20;SP1;Valladolid;Ath Bilbao;1;4;2;1;0,2267;0,532;0,2413
6036;2020-03-08;T19-20;D1;Mainz;Fortuna Dusseldorf;1;1;0;1;0,2688;0,4468;0,2844
35150;2020-03-08;T19-20;I1;Udinese;Fiorentina;0;0;0;1;0,2967;0,415;0,2884
6035;2020-03-08;T19-20;D1;Bayern Munich;Augsburg;2;0;1;1;0,1753;0,6301;0,1945
16055;2020-03-08;T19-20;E0;Chelsea;Everton;4;0;1;1;0,2092;0,5584;0,2324
16056;2020-03-08;T19-20;E0;Man United;Man City;2;0;1;1;0,2168;0,5451;0,2381
45261;2020-03-08;T19-20;SP1;Osasuna;Espanol;1;0;1;1;0,2242;0,5363;0,2395
26673;2020-03-08;T19-20;F1;Rennes;Montpellier;5;0;1;1;0,194;0,595;0,211
26674;2020-03-08;T19-20;F1;Lille;Lyon;1;0;1;1;0,217;0,5466;0,2364
35148;2020-03-08;T19-20;I1;Milan;Genoa;1;2;2;1;0,2984;0,4112;0,2904
26672;2020-03-08;T19-20;F1;St Etienne;Bordeaux;1;1;0;1;0,3301;0,3407;0,3292
45266;2020-03-10;T19-20;SP1;Eibar;Sociedad;1;2;2;1;0,264;0,4486;0,2873
6037;2020-03-11;T19-20;D1;M'gladbach;FC Koln;2;1;1;1;0,2406;0,5036;0,2558
6056;2020-05-26;T19-20;D1;Dortmund;Bayern Munich;0;1;2;1;0,2705;0,4532;0,2762
6057;2020-05-26;T19-20;D1;Ein Frankfurt;Freiburg;3;3;0;1;0,2636;0,4548;0,2816
6058;2020-05-26;T19-20;D1;Leverkusen;Wolfsburg;1;4;2;1;0,2356;0,5133;0,2511
6059;2020-05-26;T19-20;D1;Werder Bremen;M'gladbach;0;0;0;1;0,283;0,4166;0,3004
6063;2020-05-27;T19-20;D1;Hoffenheim;FC Koln;3;1;1;1;0,2011;0,5774;0,2215
6064;2020-05-27;T19-20;D1;Union Berlin;Mainz;1;1;0;1;0,2626;0,4709;0,2666
6061;2020-05-27;T19-20;D1;Augsburg;Paderborn;0;0;0;1;0,2631;0,4696;0,2672
6060;2020-05-27;T19-20;D1;RB Leipzig;Hertha;2;2;0;1;0,1901;0,5992;0,2106
6062;2020-05-27;T19-20;D1;Fortuna Dusseldorf;Schalke 04;2;1;1;1;0,283;0,4166;0,3004
6065;2020-05-29;T19-20;D1;Freiburg;Leverkusen;0;1;2;1;0,2783;0,4245;0,2972
6066;2020-05-30;T19-20;D1;Hertha;Augsburg;2;0;1;1;0,253;0,474;0,2731
6067;2020-05-30;T19-20;D1;Mainz;Hoffenheim;0;1;2;1;0,2871;0,4174;0,2955
6068;2020-05-30;T19-20;D1;Schalke 04;Werder Bremen;0;1;2;1;0,2514;0,4894;0,2593
6069;2020-05-30;T19-20;D1;Wolfsburg;Ein Frankfurt;1;2;2;1;0,2368;0,5107;0,2525
6070;2020-05-30;T19-20;D1;Bayern Munich;Fortuna Dusseldorf;5;0;1;1;0,2065;0,5699;0,2235
6071;2020-05-31;T19-20;D1;M'gladbach;Union Berlin;4;1;1;1;0,2368;0,5107;0,2525
6072;2020-05-31;T19-20;D1;Paderborn;Dortmund;1;6;2;1;0,2718;0,4354;0,2928
6073;2020-06-01;T19-20;D1;FC Koln;RB Leipzig;2;4;2;1;0,2409;0,494;0,2651
6074;2020-06-03;T19-20;D1;Werder Bremen;Ein Frankfurt;0;3;2;1;0,2506;0,4912;0,2582
6075;2020-06-05;T19-20;D1;Freiburg;M'gladbach;1;0;1;1;0,2739;0,4318;0,2942
6080;2020-06-06;T19-20;D1;Dortmund;Hertha;1;0;1;1;0,2443;0,4979;0,2578
6079;2020-06-06;T19-20;D1;RB Leipzig;Paderborn;1;1;0;1;0,2104;0,5606;0,229
6076;2020-06-06;T19-20;D1;Ein Frankfurt;Mainz;0;2;2;1;0,2144;0,5536;0,232
6077;2020-06-06;T19-20;D1;Fortuna Dusseldorf;Hoffenheim;2;2;0;1;0,2736;0,438;0,2884
6078;2020-06-06;T19-20;D1;Leverkusen;Bayern Munich;2;4;2;1;0,2568;0,476;0,2673
6081;2020-06-07;T19-20;D1;Werder Bremen;Wolfsburg;0;1;2;1;0,248;0,4955;0,2565
6082;2020-06-07;T19-20;D1;Union Berlin;Schalke 04;1;1;0;1;0,2413;0,5068;0,2519
6083;2020-06-07;T19-20;D1;Augsburg;FC Koln;1;1;0;1;0,2507;0,4909;0,2584
6084;2020-06-12;T19-20;D1;Hoffenheim;RB Leipzig;0;2;2;1;0,2643;0,4571;0,2786
6085;2020-06-13;T19-20;D1;FC Koln;Union Berlin;1;2;2;1;0,2956;0,4015;0,3029
6086;2020-06-13;T19-20;D1;Fortuna Dusseldorf;Dortmund;0;1;2;1;0,2442;0,4883;0,2676
6087;2020-06-13;T19-20;D1;Hertha;Ein Frankfurt;1;4;2;1;0,2629;0,4701;0,267
6088;2020-06-13;T19-20;D1;Paderborn;Werder Bremen;1;5;2;1;0,2263;0,5328;0,2409
6089;2020-06-13;T19-20;D1;Wolfsburg;Freiburg;2;2;0;1;0,2117;0,5549;0,2334
6090;2020-06-13;T19-20;D1;Bayern Munich;M'gladbach;2;1;1;1;0,1967;0,5874;0,2159
6091;2020-06-14;T19-20;D1;Mainz;Augsburg;0;1;2;1;0,2325;0,5091;0,2584
6092;2020-06-14;T19-20;D1;Schalke 04;Leverkusen;1;1;0;1;0,2972;0,3932;0,3096
6095;2020-06-16;T19-20;D1;Union Berlin;Paderborn;1;0;1;1;0,2747;0,4379;0,2874
6096;2020-06-16;T19-20;D1;Werder Bremen;Bayern Munich;0;1;2;1;0,2698;0,4388;0,2914
6093;2020-06-16;T19-20;D1;M'gladbach;Wolfsburg;3;0;1;1;0,2344;0,5145;0,251
6094;2020-06-16;T19-20;D1;Freiburg;Hertha;2;1;1;1;0,2294;0,5273;0,2433
6097;2020-06-17;T19-20;D1;Ein Frankfurt;Schalke 04;2;1;1;1;0,2517;0,4759;0,2724
6098;2020-06-17;T19-20;D1;Augsburg;Hoffenheim;1;3;2;1;0,226;0,5335;0,2405
6099;2020-06-17;T19-20;D1;Dortmund;Mainz;0;2;2;1;0,2664;0,4624;0,2712
6100;2020-06-17;T19-20;D1;Leverkusen;FC Koln;3;1;1;1;0,2428;0,4986;0,2586
6101;2020-06-17;T19-20;D1;RB Leipzig;Fortuna Dusseldorf;2;2;0;1;0,2267;0,5334;0,24
57722;2020-06-19;T19-20;SP2;Elche;Girona;1;0;1;1;0,2969;0,4145;0,2886
45289;2020-06-19;T19-20;SP1;Sevilla;Barcelona;0;0;0;1;0,2356;0,5178;0,2466
45287;2020-06-19;T19-20;SP1;Granada;Villarreal;0;1;2;1;0,2576;0,4788;0,2636
45288;2020-06-19;T19-20;SP1;Mallorca;Leganes;1;1;0;1;0,2233;0,5383;0,2384
45290;2020-06-20;T19-20;SP1;Espanol;Levante;1;3;2;1;0,2352;0,5171;0,2477
57726;2020-06-20;T19-20;SP2;Malaga;Extremadura;1;1;0;1;0,2576;0,4788;0,2636
57725;2020-06-20;T19-20;SP2;Zaragoza;Almeria;0;2;2;1;0,2293;0,5276;0,2432
57723;2020-06-20;T19-20;SP2;La Coruna;Vallecano;3;3;0;1;0,2447;0,501;0,2543
45293;2020-06-20;T19-20;SP1;Ath Madrid;Valladolid;1;0;1;1;0,2523;0,4881;0,2596
45292;2020-06-20;T19-20;SP1;Getafe;Eibar;1;1;0;1;0,2142;0,5597;0,226
45291;2020-06-20;T19-20;SP1;Ath Bilbao;Betis;1;0;1;1;0,2703;0,4579;0,2718
6110;2020-06-20;T19-20;D1;Schalke 04;Wolfsburg;1;4;2;1;0,2972;0,4138;0,289
57724;2020-06-20;T19-20;SP2;Las Palmas;Lugo;1;0;1;1;0,2971;0,414;0,2889
6108;2020-06-20;T19-20;D1;Paderborn;M'gladbach;1;3;2;1;0,2184;0,5452;0,2363
6107;2020-06-20;T19-20;D1;Mainz;Werder Bremen;3;1;1;1;0,2189;0,5457;0,2354
6106;2020-06-20;T19-20;D1;Hoffenheim;Union Berlin;4;0;1;1;0,2349;0,5079;0,2573
6105;2020-06-20;T19-20;D1;Hertha;Leverkusen;2;0;1;1;0,3301;0,3407;0,3292
6104;2020-06-20;T19-20;D1;Fortuna Dusseldorf;Augsburg;1;1;0;1;0,2512;0,476;0,2728
6103;2020-06-20;T19-20;D1;FC Koln;Ein Frankfurt;1;1;0;1;0,2863;0,4167;0,297
6102;2020-06-20;T19-20;D1;Bayern Munich;Freiburg;3;1;1;1;0,2193;0,5489;0,2318
6109;2020-06-20;T19-20;D1;RB Leipzig;Dortmund;0;2;2;1;0,227;0,5316;0,2414
57731;2020-06-21;T19-20;SP2;Fuenlabrada;Numancia;2;0;1;1;0,2976;0,413;0,2894
57730;2020-06-21;T19-20;SP2;Cadiz;Alcorcon;1;1;0;1;0,2447;0,501;0,2543
57729;2020-06-21;T19-20;SP2;Albacete;Huesca;2;2;0;1;0,2619;0,4693;0,2688
57728;2020-06-21;T19-20;SP2;Santander;Tenerife;1;2;2;1;0,2971;0,414;0,2889
45296;2020-06-21;T19-20;SP1;Sociedad;Real Madrid;1;2;2;1;0,2656;0,4612;0,2733
45295;2020-06-21;T19-20;SP1;Valencia;Osasuna;2;0;1;1;0,2841;0,4272;0,2886
45294;2020-06-21;T19-20;SP1;Celta;Alaves;6;0;1;1;0,2967;0,415;0,2884
57727;2020-06-21;T19-20;SP2;Mirandes;Ponferradina;1;2;2;1;0,2628;0,4704;0,2668
45297;2020-06-22;T19-20;SP1;Villarreal;Sevilla;2;2;0;1;0,283;0,4166;0,3004
45298;2020-06-22;T19-20;SP1;Leganes;Granada;0;0;0;1;0,2415;0,5064;0,2521
57732;2020-06-22;T19-20;SP2;Sp Gijon;Oviedo;0;1;2;1;0,2238;0,5371;0,2391
57735;2020-06-23;T19-20;SP2;Extremadura;Zaragoza;1;2;2;1;0,2288;0,5335;0,2377
57733;2020-06-23;T19-20;SP2;Elche;La Coruna;0;1;2;1;0,2969;0,4145;0,2886
57734;2020-06-23;T19-20;SP2;Lugo;Malaga;0;0;0;1;0,2453;0,5003;0,2544
45300;2020-06-23;T19-20;SP1;Valladolid;Getafe;1;1;0;1;0,2973;0,4137;0,2891
45299;2020-06-23;T19-20;SP1;Levante;Ath Madrid;0;1;2;1;0,264;0,4486;0,2873
45301;2020-06-23;T19-20;SP1;Barcelona;Ath Bilbao;1;0;1;1;0,241;0,5087;0,2504
45302;2020-06-24;T19-20;SP1;Alaves;Osasuna;0;1;2;1;0,297;0,4142;0,2888
45303;2020-06-24;T19-20;SP1;Sociedad;Celta;0;1;2;1;0,2631;0,4649;0,272
45304;2020-06-24;T19-20;SP1;Real Madrid;Mallorca;2;0;1;1;0,2477;0,5525;0,1998
57736;2020-06-24;T19-20;SP2;Girona;Numancia;2;0;1;1;0,2436;0,5027;0,2536
57737;2020-06-24;T19-20;SP2;Huesca;Cadiz;1;1;0;1;0,237;0,5142;0,2488
57738;2020-06-24;T19-20;SP2;Tenerife;Mirandes;4;1;1;1;0,2076;0,5657;0,2267
57739;2020-06-24;T19-20;SP2;Albacete;Las Palmas;0;0;0;1;0,2574;0,4792;0,2634
57740;2020-06-24;T19-20;SP2;Ponferradina;Santander;1;1;0;1;0,2329;0,5214;0,2457
57743;2020-06-25;T19-20;SP2;Oviedo;Fuenlabrada;0;0;0;1;0,261;0,4732;0,2658
57742;2020-06-25;T19-20;SP2;Vallecano;Sp Gijon;1;1;0;1;0,2367;0,5146;0,2487
45306;2020-06-25;T19-20;SP1;Betis;Espanol;1;0;1;1;0,2289;0,5283;0,2428
45305;2020-06-25;T19-20;SP1;Eibar;Valencia;1;0;1;1;0,267;0,4546;0,2785
57741;2020-06-25;T19-20;SP2;Almeria;Alcorcon;0;1;2;1;0,2969;0,4145;0,2886
45307;2020-06-26;T19-20;SP1;Sevilla;Valladolid;1;1;0;1;0,2392;0,5107;0,2501
45308;2020-06-27;T19-20;SP1;Ath Bilbao;Mallorca;3;1;1;1;0,2625;0,471;0,2665
57746;2020-06-27;T19-20;SP2;Las Palmas;Elche;1;1;0;1;0,257;0,4801;0,2629
57745;2020-06-27;T19-20;SP2;Cadiz;Tenerife;0;2;2;1;0,2597;0,4757;0,2646
57744;2020-06-27;T19-20;SP2;La Coruna;Ponferradina;2;1;1;1;0,2448;0,5008;0,2544
57747;2020-06-27;T19-20;SP2;Santander;Albacete;1;2;2;1;0,2662;0,4646;0,2692
45311;2020-06-27;T19-20;SP1;Ath Madrid;Alaves;2;1;1;1;0,2378;0,5129;0,2493
45310;2020-06-27;T19-20;SP1;Osasuna;Leganes;2;1;1;1;0,2464;0,4982;0,2555
45309;2020-06-27;T19-20;SP1;Celta;Barcelona;2;2;0;1;0,2972;0,3932;0,3096
35169;2020-06-27;T19-20;I1;Cagliari;Torino;4;2;1;1;0,257;0,4715;0,2714
6114;2020-06-27;T19-20;D1;Freiburg;Schalke 04;4;0;1;1;0,2312;0,5241;0,2447
6119;2020-06-27;T19-20;D1;Wolfsburg;Bayern Munich;0;4;2;1;0,23;0,5216;0,2485
6118;2020-06-27;T19-20;D1;Werder Bremen;FC Koln;6;1;1;1;0,2353;0,517;0,2477
6117;2020-06-27;T19-20;D1;Union Berlin;Fortuna Dusseldorf;3;0;1;1;0,2836;0,4229;0,2935
6116;2020-06-27;T19-20;D1;M'gladbach;Hertha;2;1;1;1;0,2301;0,5229;0,247
6115;2020-06-27;T19-20;D1;Leverkusen;Mainz;1;0;1;1;0,2384;0,5061;0,2555
6113;2020-06-27;T19-20;D1;Ein Frankfurt;Paderborn;3;2;1;1;0,2485;0,4821;0,2694
6112;2020-06-27;T19-20;D1;Dortmund;Hoffenheim;0;4;2;1;0,2491;0,4918;0,2591
6111;2020-06-27;T19-20;D1;Augsburg;RB Leipzig;1;2;2;1;0,2369;0,5177;0,2454
16080;2020-06-27;T19-20;E0;Aston Villa;Wolves;0;1;2;1;0,2698;0,4388;0,2914
57751;2020-06-28;T19-20;SP2;Numancia;Oviedo;1;0;1;1;0,2367;0,5146;0,2487
57750;2020-06-28;T19-20;SP2;Malaga;Girona;2;0;1;1;0,2608;0,4737;0,2655
57749;2020-06-28;T19-20;SP2;Sp Gijon;Lugo;2;0;1;1;0,2486;0,4943;0,2572
57748;2020-06-28;T19-20;SP2;Mirandes;Almeria;2;2;0;1;0,2573;0,4796;0,2632
45315;2020-06-28;T19-20;SP1;Espanol;Real Madrid;0;1;2;1;0,2777;0,4254;0,2968
57752;2020-06-28;T19-20;SP2;Fuenlabrada;Extremadura;1;1;0;1;0,2864;0,4313;0,2823
45313;2020-06-28;T19-20;SP1;Villarreal;Valencia;2;0;1;1;0,2646;0,4621;0,2734
45312;2020-06-28;T19-20;SP1;Levante;Betis;4;2;1;1;0,2326;0,5221;0,2454
35176;2020-06-28;T19-20;I1;Parma;Inter;1;2;2;1;0,2631;0,4696;0,2672
35174;2020-06-28;T19-20;I1;Sassuolo;Verona;3;3;0;1;0,2781;0,4332;0,2888
16081;2020-06-28;T19-20;E0;Watford;Southampton;1;3;2;1;0,245;0,5066;0,2484
45314;2020-06-28;T19-20;SP1;Granada;Eibar;1;2;2;1;0,261;0,4732;0,2658
16082;2020-06-29;T19-20;E0;Crystal Palace;Burnley;0;1;2;1;0,3301;0,3407;0,3292
45316;2020-06-29;T19-20;SP1;Getafe;Sociedad;2;1;1;1;0,2189;0,5457;0,2354
57753;2020-06-29;T19-20;SP2;Alcorcon;Vallecano;3;2;1;1;0,2862;0,4316;0,2822
57754;2020-06-29;T19-20;SP2;Zaragoza;Huesca;0;1;2;1;0,2459;0,4988;0,2553
57756;2020-06-30;T19-20;SP2;Elche;Cadiz;0;0;0;1;0,2502;0,4916;0,2582
57755;2020-06-30;T19-20;SP2;Tenerife;La Coruna;1;1;0;1;0,2248;0,5336;0,2416
45319;2020-06-30;T19-20;SP1;Barcelona;Ath Madrid;2;2;0;1;0,2213;0,5428;0,2359
45318;2020-06-30;T19-20;SP1;Leganes;Sevilla;0;3;2;1;0,2293;0,5274;0,2433
45317;2020-06-30;T19-20;SP1;Mallorca;Celta;5;1;1;1;0,2364;0,5154;0,2483
35177;2020-06-30;T19-20;I1;Torino;Lazio;1;2;2;1;0,2511;0,49;0,2589
16083;2020-06-30;T19-20;E0;Brighton;Man United;0;3;2;1;0,287;0,41;0,303
35178;2020-06-30;T19-20;I1;Genoa;Juventus;1;3;2;1;0,2362;0,5215;0,2423
45321;2020-07-01;T19-20;SP1;Valencia;Ath Bilbao;0;2;2;1;0,2969;0,4144;0,2887
57760;2020-07-01;T19-20;SP2;Extremadura;Santander;3;1;1;1;0,2415;0,5064;0,2521
57759;2020-07-01;T19-20;SP2;Oviedo;Mirandes;1;0;1;1;0,245;0,5004;0,2546
57761;2020-07-01;T19-20;SP2;Ponferradina;Fuenlabrada;0;3;2;1;0,2435;0,5031;0,2534
57758;2020-07-01;T19-20;SP2;Lugo;Numancia;3;1;1;1;0,2569;0,4804;0,2627
57757;2020-07-01;T19-20;SP2;Almeria;Sp Gijon;1;0;1;1;0,2623;0,4714;0,2663
45323;2020-07-01;T19-20;SP1;Valladolid;Levante;0;0;0;1;0,2937;0,4214;0,2849
45322;2020-07-01;T19-20;SP1;Betis;Villarreal;0;2;2;1;0,2291;0,528;0,243
45320;2020-07-01;T19-20;SP1;Alaves;Granada;0;2;2;1;0,2968;0,4146;0,2886
16086;2020-07-01;T19-20;E0;Everton;Leicester;2;1;1;1;0,2794;0,4226;0,298
35183;2020-07-01;T19-20;I1;Spal;Milan;2;2;0;1;0,3301;0,3407;0,3292
35182;2020-07-01;T19-20;I1;Lecce;Sampdoria;1;2;2;1;0,2968;0,4147;0,2885
35181;2020-07-01;T19-20;I1;Fiorentina;Sassuolo;1;3;2;1;0,2472;0,4902;0,2626
35180;2020-07-01;T19-20;I1;Inter;Brescia;6;0;1;1;0,2269;0,5328;0,2403
35179;2020-07-01;T19-20;I1;Bologna;Cagliari;1;1;0;1;0,2964;0,4155;0,2881
16087;2020-07-01;T19-20;E0;West Ham;Chelsea;3;2;1;1;0,2972;0,3932;0,3096
16085;2020-07-01;T19-20;E0;Bournemouth;Newcastle;1;4;2;1;0,3045;0,3813;0,3142
16084;2020-07-01;T19-20;E0;Arsenal;Norwich;4;0;1;1;0,2715;0,45;0,2785
35184;2020-07-01;T19-20;I1;Verona;Parma;3;2;1;1;0,2704;0,4577;0,2719
57764;2020-07-02;T19-20;SP2;Vallecano;Malaga;0;0;0;1;0,2364;0,5154;0,2483
57763;2020-07-02;T19-20;SP2;Huesca;Las Palmas;1;0;1;1;0,2322;0,5224;0,2454
57762;2020-07-02;T19-20;SP2;Albacete;Alcorcon;1;1;0;1;0,2483;0,4949;0,2568
45326;2020-07-02;T19-20;SP1;Real Madrid;Getafe;1;0;1;1;0,2226;0,5392;0,2382
45325;2020-07-02;T19-20;SP1;Sociedad;Espanol;2;1;1;1;0,2544;0,4846;0,261
35186;2020-07-02;T19-20;I1;Roma;Udinese;0;2;2;1;0,2639;0,4623;0,2738
35185;2020-07-02;T19-20;I1;Atalanta;Napoli;2;0;1;1;0,2433;0,4969;0,2598
16089;2020-07-02;T19-20;E0;Man City;Liverpool;4;0;1;1;0,2114;0,5589;0,2297
16088;2020-07-02;T19-20;E0;Sheffield United;Tottenham;3;1;1;1;0,3301;0,3407;0,3292
45324;2020-07-02;T19-20;SP1;Eibar;Osasuna;0;2;2;1;0,2362;0,5157;0,2481
45327;2020-07-03;T19-20;SP1;Ath Madrid;Mallorca;3;0;1;1;0,2555;0,5179;0,2266
57765;2020-07-03;T19-20;SP2;Girona;Zaragoza;1;0;1;1;0,2513;0,4895;0,2592
45329;2020-07-04;T19-20;SP1;Valladolid;Alaves;1;0;1;1;0,2524;0,4879;0,2597
57770;2020-07-04;T19-20;SP2;Fuenlabrada;Mirandes;2;2;0;1;0,2665;0,464;0,2695
57769;2020-07-04;T19-20;SP2;Cadiz;Oviedo;2;0;1;1;0,2701;0,4583;0,2716
57768;2020-07-04;T19-20;SP2;Almeria;Tenerife;1;2;2;1;0,2568;0,4807;0,2625
57767;2020-07-04;T19-20;SP2;Santander;Elche;1;2;2;1;0,2598;0,4754;0,2648
57766;2020-07-04;T19-20;SP2;Numancia;Extremadura;1;0;1;1;0,2468;0,4972;0,256
45330;2020-07-04;T19-20;SP1;Granada;Valencia;2;2;0;1;0,2398;0,5146;0,2456
45328;2020-07-04;T19-20;SP1;Celta;Betis;1;1;0;1;0,2461;0,4988;0,2551
35189;2020-07-04;T19-20;I1;Lazio;Milan;0;3;2;1;0,2423;0,5095;0,2482
35188;2020-07-04;T19-20;I1;Sassuolo;Lecce;4;2;1;1;0,272;0,4428;0,2852
35187;2020-07-04;T19-20;I1;Juventus;Torino;4;1;1;1;0,2736;0,4647;0,2617
16094;2020-07-04;T19-20;E0;Chelsea;Watford;3;0;1;1;0,222;0,5343;0,2437
16093;2020-07-04;T19-20;E0;Wolves;Arsenal;0;2;2;1;0,2505;0,4914;0,2582
16092;2020-07-04;T19-20;E0;Man United;Bournemouth;5;2;1;1;0,2211;0,5458;0,2331
16091;2020-07-04;T19-20;E0;Leicester;Crystal Palace;3;0;1;1;0,2175;0,552;0,2305
16090;2020-07-04;T19-20;E0;Norwich;Brighton;0;1;2;1;0,2953;0,3964;0,3083
57774;2020-07-05;T19-20;SP2;Alcorcon;Lugo;2;2;0;1;0,2976;0,4129;0,2895
57773;2020-07-05;T19-20;SP2;Malaga;Albacete;0;0;0;1;0,2464;0,498;0,2555
57772;2020-07-05;T19-20;SP2;Las Palmas;Ponferradina;3;0;1;1;0,2291;0,5278;0,243
57771;2020-07-05;T19-20;SP2;La Coruna;Huesca;2;1;1;1;0,2394;0,5102;0,2504
45334;2020-07-05;T19-20;SP1;Villarreal;Barcelona;1;4;2;1;0,2367;0,5109;0,2524
45333;2020-07-05;T19-20;SP1;Osasuna;Getafe;0;0;0;1;0,2599;0,4753;0,2649
45332;2020-07-05;T19-20;SP1;Espanol;Leganes;0;1;2;1;0,2775;0,446;0,2765
45331;2020-07-05;T19-20;SP1;Ath Bilbao;Real Madrid;0;1;2;1;0,2794;0,4226;0,298
35195;2020-07-05;T19-20;I1;Udinese;Genoa;2;2;0;1;0,2695;0,4597;0,2708
35196;2020-07-05;T19-20;I1;Napoli;Roma;2;1;1;1;0,2351;0,5117;0,2532
16095;2020-07-05;T19-20;E0;Burnley;Sheffield United;1;1;0;1;0,2902;0,429;0,2808
35193;2020-07-05;T19-20;I1;Parma;Fiorentina;1;2;2;1;0,2508;0,4902;0,2589
35192;2020-07-05;T19-20;I1;Cagliari;Atalanta;0;1;2;1;0,2893;0,4063;0,3045
35191;2020-07-05;T19-20;I1;Brescia;Verona;2;0;1;1;0,2973;0,4137;0,2891
35190;2020-07-05;T19-20;I1;Inter;Bologna;1;2;2;1;0,215;0,555;0,23
16098;2020-07-05;T19-20;E0;Southampton;Man City;1;0;1;1;0,2597;0,4638;0,2766
16097;2020-07-05;T19-20;E0;Liverpool;Aston Villa;2;0;1;1;0,2582;0,5032;0,2385
16096;2020-07-05;T19-20;E0;Newcastle;West Ham;2;2;0;1;0,2442;0,4959;0,2599
35194;2020-07-05;T19-20;I1;Sampdoria;Spal;3;0;1;1;0,2459;0,4992;0,2549
16099;2020-07-06;T19-20;E0;Tottenham;Everton;1;0;1;1;0,2698;0,4388;0,2914
45335;2020-07-06;T19-20;SP1;Levante;Sociedad;1;1;0;1;0,2508;0,4907;0,2585
45336;2020-07-06;T19-20;SP1;Sevilla;Eibar;1;0;1;1;0,2222;0,5424;0,2354
57775;2020-07-06;T19-20;SP2;Sp Gijon;Girona;0;0;0;1;0,2973;0,4136;0,2891
57776;2020-07-06;T19-20;SP2;Zaragoza;Vallecano;2;4;2;1;0,2703;0,4579;0,2718
57778;2020-07-07;T19-20;SP2;Fuenlabrada;Santander;1;0;1;1;0,2706;0,4571;0,2722
45338;2020-07-07;T19-20;SP1;Celta;Ath Madrid;1;1;0;1;0,2773;0,4464;0,2763
57779;2020-07-07;T19-20;SP2;Extremadura;Cadiz;0;1;2;1;0,2356;0,5162;0,2482
45337;2020-07-07;T19-20;SP1;Valencia;Valladolid;2;1;1;1;0,2968;0,4147;0,2885
57777;2020-07-07;T19-20;SP2;Mirandes;Elche;1;0;1;1;0,2222;0,54;0,2378
35197;2020-07-07;T19-20;I1;Lecce;Lazio;2;1;1;1;0,2965;0,4152;0,2882
16102;2020-07-07;T19-20;E0;Arsenal;Leicester;1;1;0;1;0,2544;0,48;0,2656
16101;2020-07-07;T19-20;E0;Watford;Norwich;2;1;1;1;0,2993;0,3898;0,3109
16100;2020-07-07;T19-20;E0;Crystal Palace;Chelsea;2;3;2;1;0,2917;0,4023;0,306
35198;2020-07-07;T19-20;I1;Milan;Juventus;4;2;1;1;0,2334;0,5162;0,2504
57783;2020-07-08;T19-20;SP2;Ponferradina;Lugo;0;1;2;1;0,2702;0,458;0,2718
57781;2020-07-08;T19-20;SP2;Oviedo;Las Palmas;2;1;1;1;0,2631;0,4697;0,2672
57780;2020-07-08;T19-20;SP2;Malaga;La Coruna;1;0;1;1;0,2623;0,4699;0,2678
45341;2020-07-08;T19-20;SP1;Barcelona;Espanol;1;0;1;1;0,2117;0,5586;0,2297
45340;2020-07-08;T19-20;SP1;Getafe;Villarreal;1;3;2;1;0,2446;0,5013;0,2542
45339;2020-07-08;T19-20;SP1;Betis;Osasuna;3;0;1;1;0,2334;0,5204;0,2462
35204;2020-07-08;T19-20;I1;Torino;Brescia;3;1;1;1;0,2969;0,4145;0,2886
35203;2020-07-08;T19-20;I1;Roma;Parma;2;1;1;1;0,2784;0,4376;0,284
57782;2020-07-08;T19-20;SP2;Huesca;Alcorcon;2;1;1;1;0,2366;0,5147;0,2486
35201;2020-07-08;T19-20;I1;Atalanta;Sampdoria;2;0;1;1;0,2367;0,5095;0,2538
35200;2020-07-08;T19-20;I1;Genoa;Napoli;1;2;2;1;0,3301;0,3407;0,3292
35199;2020-07-08;T19-20;I1;Fiorentina;Cagliari;0;0;0;1;0,2512;0,4897;0,2591
16106;2020-07-08;T19-20;E0;Brighton;Liverpool;1;3;2;1;0,2953;0,3964;0,3083
16105;2020-07-08;T19-20;E0;West Ham;Burnley;0;1;2;1;0,256;0,4693;0,2747
16104;2020-07-08;T19-20;E0;Sheffield United;Wolves;1;0;1;1;0,3301;0,3407;0,3292
16103;2020-07-08;T19-20;E0;Man City;Newcastle;5;0;1;1;0,2077;0,5668;0,2256
35202;2020-07-08;T19-20;I1;Bologna;Sassuolo;1;2;2;1;0,251;0,4816;0,2674
57787;2020-07-09;T19-20;SP2;Tenerife;Zaragoza;1;1;0;1;0,2571;0,4799;0,263
57786;2020-07-09;T19-20;SP2;Girona;Almeria;1;0;1;1;0,2465;0,4979;0,2556
57785;2020-07-09;T19-20;SP2;Vallecano;Numancia;3;2;1;1;0,2224;0,5396;0,238
57784;2020-07-09;T19-20;SP2;Albacete;Sp Gijon;1;1;0;1;0,241;0,5076;0,2515
45344;2020-07-09;T19-20;SP1;Ath Bilbao;Sevilla;1;2;2;1;0,2806;0,4206;0,2988
45343;2020-07-09;T19-20;SP1;Mallorca;Levante;2;0;1;1;0,239;0,5094;0,2516
45342;2020-07-09;T19-20;SP1;Eibar;Leganes;0;0;0;1;0,2219;0,5408;0,2373
35205;2020-07-09;T19-20;I1;Spal;Udinese;0;3;2;1;0,3301;0,3407;0,3292
16109;2020-07-09;T19-20;E0;Aston Villa;Man United;0;3;2;1;0,2739;0,4318;0,2942
16108;2020-07-09;T19-20;E0;Everton;Southampton;1;1;0;1;0,2617;0,4649;0,2734
16107;2020-07-09;T19-20;E0;Bournemouth;Tottenham;0;0;0;1;0,3197;0,3571;0,3233
35206;2020-07-09;T19-20;I1;Verona;Inter;2;2;0;1;0,2605;0,4744;0,2651
45345;2020-07-10;T19-20;SP1;Sociedad;Granada;2;3;2;1;0,2651;0,4664;0,2685
45346;2020-07-10;T19-20;SP1;Real Madrid;Alaves;2;0;1;1;0,2357;0,5969;0,1674
45347;2020-07-11;T19-20;SP1;Osasuna;Celta;2;1;1;1;0,2969;0,4145;0,2886
57790;2020-07-11;T19-20;SP2;Cadiz;Fuenlabrada;0;1;2;1;0,2702;0,4581;0,2717
57789;2020-07-11;T19-20;SP2;Las Palmas;Mirandes;1;0;1;1;0,2398;0,5093;0,2509
45349;2020-07-11;T19-20;SP1;Ath Madrid;Betis;1;0;1;1;0,2536;0,527;0,2194
45348;2020-07-11;T19-20;SP1;Valladolid;Barcelona;0;1;2;1;0,2494;0,4904;0,2601
35209;2020-07-11;T19-20;I1;Juventus;Atalanta;2;2;0;1;0,2132;0,5596;0,2272
57788;2020-07-11;T19-20;SP2;Santander;Huesca;1;0;1;1;0,2969;0,4145;0,2886
35207;2020-07-11;T19-20;I1;Lazio;Sassuolo;1;2;2;1;0,2378;0,5129;0,2493
16114;2020-07-11;T19-20;E0;Brighton;Man City;0;5;2;1;0,2866;0,4369;0,2765
16113;2020-07-11;T19-20;E0;Sheffield United;Chelsea;3;0;1;1;0,3045;0,3813;0,3142
16112;2020-07-11;T19-20;E0;Liverpool;Burnley;1;1;0;1;0,2563;0,5135;0,2301
35208;2020-07-11;T19-20;I1;Brescia;Roma;0;3;2;1;0,297;0,4141;0,2888
16111;2020-07-11;T19-20;E0;Watford;Newcastle;2;1;1;1;0,3045;0,3813;0,3142
16110;2020-07-11;T19-20;E0;Norwich;West Ham;0;4;2;1;0,2687;0,4464;0,2849
57794;2020-07-12;T19-20;SP2;Zaragoza;Oviedo;2;4;2;1;0,2449;0,5005;0,2546
57793;2020-07-12;T19-20;SP2;Numancia;Ponferradina;1;0;1;1;0,2525;0,4876;0,2599
57792;2020-07-12;T19-20;SP2;Lugo;Girona;2;2;0;1;0,2703;0,4579;0,2718
57791;2020-07-12;T19-20;SP2;La Coruna;Extremadura;2;3;2;1;0,2499;0,4922;0,2578
45352;2020-07-12;T19-20;SP1;Leganes;Valencia;1;0;1;1;0,2347;0,5215;0,2438
45351;2020-07-12;T19-20;SP1;Levante;Ath Bilbao;1;2;2;1;0,2485;0,4944;0,2571
45350;2020-07-12;T19-20;SP1;Espanol;Eibar;0;2;2;1;0,2973;0,4135;0,2892
35215;2020-07-12;T19-20;I1;Napoli;Milan;2;2;0;1;0,2229;0,5332;0,2438
45353;2020-07-12;T19-20;SP1;Sevilla;Mallorca;2;0;1;1;0,2213;0,5452;0,2335
35213;2020-07-12;T19-20;I1;Parma;Bologna;2;2;0;1;0,2666;0,4638;0,2696
35212;2020-07-12;T19-20;I1;Fiorentina;Verona;1;1;0;1;0,2604;0,4678;0,2718
35211;2020-07-12;T19-20;I1;Cagliari;Lecce;0;0;0;1;0,2842;0,4272;0,2887
35210;2020-07-12;T19-20;I1;Genoa;Spal;2;0;1;1;0,2967;0,415;0,2884
16118;2020-07-12;T19-20;E0;Bournemouth;Leicester;4;1;1;1;0,2885;0,4075;0,304
16117;2020-07-12;T19-20;E0;Tottenham;Arsenal;2;1;1;1;0,2583;0,4725;0,2692
16116;2020-07-12;T19-20;E0;Aston Villa;Crystal Palace;2;0;1;1;0,2856;0,4123;0,3021
16115;2020-07-12;T19-20;E0;Wolves;Everton;3;0;1;1;0,2993;0,3898;0,3109
35214;2020-07-12;T19-20;I1;Udinese;Sampdoria;1;3;2;1;0,2665;0,4641;0,2695
57798;2020-07-13;T19-20;SP2;Elche;Albacete;2;0;1;1;0,2572;0,4798;0,263
57797;2020-07-13;T19-20;SP2;Alcorcon;Tenerife;0;0;0;1;0,2528;0,4871;0,2602
57796;2020-07-13;T19-20;SP2;Sp Gijon;Malaga;2;1;1;1;0,2526;0,4874;0,26
57795;2020-07-13;T19-20;SP2;Almeria;Vallecano;3;2;1;1;0,2525;0,4876;0,2599
45355;2020-07-13;T19-20;SP1;Villarreal;Sociedad;1;2;2;1;0,2433;0,4982;0,2585
45354;2020-07-13;T19-20;SP1;Alaves;Getafe;0;0;0;1;0,254;0,4851;0,2609
35216;2020-07-13;T19-20;I1;Inter;Torino;3;1;1;1;0,2164;0,5501;0,2335
16119;2020-07-13;T19-20;E0;Man United;Southampton;2;2;0;1;0,2111;0,5631;0,2257
45356;2020-07-13;T19-20;SP1;Granada;Real Madrid;1;2;2;1;0,2794;0,4226;0,298
16120;2020-07-14;T19-20;E0;Chelsea;Norwich;1;0;1;1;0,2235;0,5314;0,2451
35217;2020-07-14;T19-20;I1;Atalanta;Brescia;6;2;1;1;0,2447;0,4959;0,2594
35220;2020-07-15;T19-20;I1;Sampdoria;Cagliari;3;0;1;1;0,2593;0,4764;0,2642
35223;2020-07-15;T19-20;I1;Sassuolo;Juventus;3;3;0;1;0,275;0,4387;0,2864
35222;2020-07-15;T19-20;I1;Roma;Verona;2;1;1;1;0,2509;0,4844;0,2646
35224;2020-07-15;T19-20;I1;Udinese;Lazio;0;0;0;1;0,2773;0,4465;0,2762
35219;2020-07-15;T19-20;I1;Milan;Parma;3;1;1;1;0,2494;0,4879;0,2627
35221;2020-07-15;T19-20;I1;Lecce;Fiorentina;1;3;2;1;0,2499;0,4922;0,2578
16124;2020-07-15;T19-20;E0;Arsenal;Liverpool;2;1;1;1;0,2487;0,4895;0,2619
16123;2020-07-15;T19-20;E0;Newcastle;Tottenham;1;3;2;1;0,2893;0,4063;0,3045
16122;2020-07-15;T19-20;E0;Man City;Bournemouth;2;1;1;1;0,187;0,606;0,207
16121;2020-07-15;T19-20;E0;Burnley;Wolves;1;1;0;1;0,3197;0,3571;0,3233
35218;2020-07-15;T19-20;I1;Bologna;Napoli;1;1;0;1;0,2582;0,4689;0,2729
45366;2020-07-16;T19-20;SP1;Valencia;Espanol;1;0;1;1;0,2482;0,495;0,2567
45365;2020-07-16;T19-20;SP1;Sociedad;Sevilla;0;0;0;1;0,2424;0,4995;0,2581
45364;2020-07-16;T19-20;SP1;Real Madrid;Villarreal;2;1;1;1;0,2347;0,6002;0,1651
45363;2020-07-16;T19-20;SP1;Mallorca;Granada;1;2;2;1;0,2241;0,5364;0,2395
45362;2020-07-16;T19-20;SP1;Getafe;Ath Madrid;0;2;2;1;0,2601;0,4748;0,2651
45361;2020-07-16;T19-20;SP1;Celta;Levante;2;3;2;1;0,2677;0,4584;0,2739
45360;2020-07-16;T19-20;SP1;Betis;Alaves;1;2;2;1;0,2265;0,5323;0,2412
45359;2020-07-16;T19-20;SP1;Barcelona;Osasuna;1;2;2;1;0,2297;0,5294;0,2409
45357;2020-07-16;T19-20;SP1;Eibar;Valladolid;3;1;1;1;0,2488;0,4892;0,262
35226;2020-07-16;T19-20;I1;Spal;Inter;0;4;2;1;0,2963;0,4158;0,2879
35225;2020-07-16;T19-20;I1;Torino;Genoa;3;0;1;1;0,2433;0,5034;0,2533
16128;2020-07-16;T19-20;E0;Southampton;Brighton;1;1;0;1;0,2584;0,4674;0,2743
16127;2020-07-16;T19-20;E0;Crystal Palace;Man United;0;2;2;1;0,2856;0,4123;0,3021
16126;2020-07-16;T19-20;E0;Leicester;Sheffield United;2;0;1;1;0,2212;0,5428;0,2359
16125;2020-07-16;T19-20;E0;Everton;Aston Villa;1;1;0;1;0,2738;0,4443;0,2819
45358;2020-07-16;T19-20;SP1;Ath Bilbao;Leganes;0;2;2;1;0,2413;0,5068;0,2519
57805;2020-07-17;T19-20;SP2;Mirandes;La Coruna;1;0;1;1;0,2437;0,4991;0,2571
57808;2020-07-17;T19-20;SP2;Tenerife;Lugo;1;2;2;1;0,2512;0,4897;0,2591
57809;2020-07-17;T19-20;SP2;Vallecano;Las Palmas;2;2;0;1;0,2298;0,5236;0,2466
57807;2020-07-17;T19-20;SP2;Ponferradina;Almeria;2;1;1;1;0,2483;0,4948;0,2569
57806;2020-07-17;T19-20;SP2;Oviedo;Santander;1;0;1;1;0,237;0,5142;0,2488
57804;2020-07-17;T19-20;SP2;Malaga;Alcorcon;2;0;1;1;0,248;0,4954;0,2565
57799;2020-07-17;T19-20;SP2;Albacete;Zaragoza;4;1;1;1;0,26;0,4749;0,2651
57802;2020-07-17;T19-20;SP2;Girona;Cadiz;2;1;1;1;0,2391;0,5108;0,2501
57801;2020-07-17;T19-20;SP2;Fuenlabrada;Elche;3;1;1;1;0,265;0,4666;0,2684
57800;2020-07-17;T19-20;SP2;Extremadura;Sp Gijon;2;0;1;1;0,2295;0,527;0,2435
16129;2020-07-17;T19-20;E0;West Ham;Watford;3;1;1;1;0,21;0,5581;0,2319
57803;2020-07-17;T19-20;SP2;Huesca;Numancia;3;0;1;1;0,238;0,5126;0,2495
35228;2020-07-18;T19-20;I1;Cagliari;Sassuolo;1;1;0;1;0,2553;0,4754;0,2693
35229;2020-07-18;T19-20;I1;Milan;Bologna;5;1;1;1;0,2468;0,4973;0,2559
16130;2020-07-18;T19-20;E0;Norwich;Burnley;0;2;2;1;0,2893;0,4063;0,3045
35227;2020-07-18;T19-20;I1;Verona;Atalanta;1;1;0;1;0,287;0,41;0,303
45369;2020-07-19;T19-20;SP1;Villarreal;Eibar;4;0;1;1;0,2632;0,4695;0,2673
45376;2020-07-19;T19-20;SP1;Sevilla;Valencia;1;0;1;1;0,2182;0,5536;0,2282
45375;2020-07-19;T19-20;SP1;Osasuna;Mallorca;2;2;0;1;0,265;0,4597;0,2753
45374;2020-07-19;T19-20;SP1;Levante;Getafe;1;0;1;1;0,2572;0,4797;0,2631
45373;2020-07-19;T19-20;SP1;Leganes;Real Madrid;2;2;0;1;0,283;0,4166;0,3004
45372;2020-07-19;T19-20;SP1;Granada;Ath Bilbao;4;0;1;1;0,2349;0,5179;0,2472
45371;2020-07-19;T19-20;SP1;Espanol;Celta;0;0;0;1;0,2322;0,5224;0,2454
45370;2020-07-19;T19-20;SP1;Ath Madrid;Sociedad;1;1;0;1;0,2481;0,5509;0,201
45368;2020-07-19;T19-20;SP1;Valladolid;Betis;2;0;1;1;0,238;0,5124;0,2495
35235;2020-07-19;T19-20;I1;Roma;Inter;2;2;0;1;0,2348;0,5122;0,2529
45367;2020-07-19;T19-20;SP1;Alaves;Barcelona;0;5;2;1;0,305;0,3966;0,2983
35234;2020-07-19;T19-20;I1;Napoli;Udinese;2;1;1;1;0,2336;0,5145;0,252
35233;2020-07-19;T19-20;I1;Genoa;Lecce;2;1;1;1;0,2854;0,4183;0,2963
35232;2020-07-19;T19-20;I1;Fiorentina;Torino;2;0;1;1;0,2563;0,475;0,2687
35231;2020-07-19;T19-20;I1;Brescia;Spal;2;1;1;1;0,263;0,4699;0,2671
35230;2020-07-19;T19-20;I1;Parma;Sampdoria;2;3;2;1;0,266;0,4651;0,2689
16132;2020-07-19;T19-20;E0;Tottenham;Leicester;3;0;1;1;0,2509;0,4853;0,2638
16131;2020-07-19;T19-20;E0;Bournemouth;Southampton;0;2;2;1;0,2682;0,4493;0,2825
57819;2020-07-20;T19-20;SP2;Zaragoza;Ponferradina;2;1;1;1;0,2351;0,5173;0,2475
57818;2020-07-20;T19-20;SP2;Sp Gijon;Huesca;0;1;2;1;0,2399;0,5091;0,251
57817;2020-07-20;T19-20;SP2;Santander;Vallecano;1;2;2;1;0,297;0,4142;0,2888
57816;2020-07-20;T19-20;SP2;Numancia;Tenerife;2;1;1;1;0,2609;0,4735;0,2656
57815;2020-07-20;T19-20;SP2;Lugo;Mirandes;2;1;1;1;0,2971;0,414;0,2889
57814;2020-07-20;T19-20;SP2;Elche;Oviedo;2;1;1;1;0,2606;0,474;0,2653
57813;2020-07-20;T19-20;SP2;Cadiz;Albacete;0;1;2;1;0,2568;0,4807;0,2626
35236;2020-07-20;T19-20;I1;Juventus;Lazio;2;1;1;1;0,2533;0,4867;0,26
57811;2020-07-20;T19-20;SP2;Alcorcon;Girona;2;0;1;1;0,232;0,5229;0,2451
57810;2020-07-20;T19-20;SP2;Las Palmas;Extremadura;5;1;1;1;0,2548;0,4837;0,2615
16135;2020-07-20;T19-20;E0;Wolves;Crystal Palace;2;0;1;1;0,2417;0,5049;0,2535
16134;2020-07-20;T19-20;E0;Sheffield United;Everton;0;1;2;1;0,3115;0,3701;0,3184
16133;2020-07-20;T19-20;E0;Brighton;Newcastle;0;0;0;1;0,2993;0,3898;0,3109
57812;2020-07-20;T19-20;SP2;Almeria;Malaga;0;0;0;1;0,2375;0,513;0,2495
35238;2020-07-21;T19-20;I1;Sassuolo;Milan;1;2;2;1;0,2641;0,4566;0,2794
35237;2020-07-21;T19-20;I1;Atalanta;Bologna;1;0;1;1;0,2421;0,5002;0,2577
16137;2020-07-21;T19-20;E0;Aston Villa;Arsenal;1;0;1;1;0,2284;0,5322;0,2393
16136;2020-07-21;T19-20;E0;Watford;Man City;0;4;2;1;0,2432;0,4952;0,2616
16138;2020-07-22;T19-20;E0;Man United;West Ham;1;1;0;1;0,2214;0,545;0,2335
16139;2020-07-22;T19-20;E0;Liverpool;Chelsea;5;3;1;1;0,262;0,4895;0,2485
35239;2020-07-22;T19-20;I1;Parma;Napoli;2;1;1;1;0,2849;0,4134;0,3016
35240;2020-07-22;T19-20;I1;Inter;Fiorentina;0;0;0;1;0,2314;0,5241;0,2444
35241;2020-07-22;T19-20;I1;Lecce;Brescia;3;1;1;1;0,2332;0,5209;0,2459
35242;2020-07-22;T19-20;I1;Sampdoria;Genoa;1;2;2;1;0,2498;0,4926;0,2576
35243;2020-07-22;T19-20;I1;Spal;Roma;1;6;2;1;0,2599;0,4752;0,2649
35244;2020-07-22;T19-20;I1;Torino;Verona;1;1;0;1;0,2661;0,465;0,269
35245;2020-07-23;T19-20;I1;Udinese;Juventus;2;1;1;1;0,275;0,4476;0,2774
35246;2020-07-23;T19-20;I1;Lazio;Cagliari;2;1;1;1;0,2551;0,4826;0,2623
35247;2020-07-24;T19-20;I1;Milan;Atalanta;1;1;0;1;0,2349;0,5136;0,2516
35248;2020-07-25;T19-20;I1;Brescia;Parma;1;2;2;1;0,25;0,492;0,258
35249;2020-07-25;T19-20;I1;Genoa;Inter;0;3;2;1;0,2548;0,4837;0,2615
35250;2020-07-25;T19-20;I1;Napoli;Sassuolo;2;0;1;1;0,2404;0,5025;0,2571
35256;2020-07-26;T19-20;I1;Juventus;Sampdoria;2;0;1;1;0,2392;0,5098;0,251
35255;2020-07-26;T19-20;I1;Verona;Lazio;1;5;2;1;0,2656;0,466;0,2684
35254;2020-07-26;T19-20;I1;Spal;Torino;1;1;0;1;0,2665;0,464;0,2695
35253;2020-07-26;T19-20;I1;Roma;Fiorentina;2;1;1;1;0,2364;0,5095;0,2541
35252;2020-07-26;T19-20;I1;Cagliari;Udinese;0;1;2;1;0,2893;0,4063;0,3045
35251;2020-07-26;T19-20;I1;Bologna;Lecce;3;2;1;1;0,2738;0,4413;0,2849
16149;2020-07-26;T19-20;E0;West Ham;Aston Villa;1;1;0;1;0,2604;0,4548;0,2848
16148;2020-07-26;T19-20;E0;Southampton;Sheffield United;3;1;1;1;0,2241;0,5333;0,2427
16140;2020-07-26;T19-20;E0;Arsenal;Watford;3;2;1;1;0,4289;0,4753;0,0958
16146;2020-07-26;T19-20;E0;Man City;Norwich;5;0;1;1;0,1902;0,6016;0,2083
16145;2020-07-26;T19-20;E0;Leicester;Man United;0;2;2;1;0,2435;0,4841;0,2724
16144;2020-07-26;T19-20;E0;Everton;Bournemouth;1;3;2;1;0,3095;0,3868;0,3037
16143;2020-07-26;T19-20;E0;Crystal Palace;Tottenham;1;1;0;1;0,2856;0,4123;0,3021
16142;2020-07-26;T19-20;E0;Chelsea;Wolves;2;0;1;1;0,2293;0,5207;0,2501
16141;2020-07-26;T19-20;E0;Burnley;Brighton;1;2;2;1;0,2659;0,4454;0,2887
16147;2020-07-26;T19-20;E0;Newcastle;Liverpool;1;3;2;1;0,2586;0,4578;0,2835
35257;2020-07-28;T19-20;I1;Parma;Atalanta;1;2;2;1;0,283;0,4166;0,3004
35258;2020-07-28;T19-20;I1;Inter;Napoli;2;0;1;1;0,2334;0,523;0,2436
35265;2020-07-29;T19-20;I1;Fiorentina;Bologna;4;0;1;1;0,2629;0,4701;0,267
35264;2020-07-29;T19-20;I1;Cagliari;Juventus;2;0;1;1;0,2587;0,4728;0,2685
35263;2020-07-29;T19-20;I1;Verona;Spal;3;0;1;1;0,2656;0,4597;0,2747
35266;2020-07-29;T19-20;I1;Torino;Roma;2;3;2;1;0,2657;0,4658;0,2685
35261;2020-07-29;T19-20;I1;Sassuolo;Genoa;5;0;1;1;0,2989;0,3986;0,3025
35260;2020-07-29;T19-20;I1;Sampdoria;Milan;1;4;2;1;0,2481;0,4908;0,2611
35259;2020-07-29;T19-20;I1;Lazio;Brescia;2;0;1;1;0,2345;0,518;0,2475
35262;2020-07-29;T19-20;I1;Udinese;Lecce;1;2;2;1;0,2662;0,4583;0,2754
35267;2020-08-01;T19-20;I1;Brescia;Sampdoria;1;1;0;1;0,2424;0,5052;0,2524
35268;2020-08-01;T19-20;I1;Atalanta;Inter;0;2;2;1;0,2406;0,5036;0,2558
35269;2020-08-01;T19-20;I1;Juventus;Roma;1;3;2;1;0,2187;0,5456;0,2357
35270;2020-08-01;T19-20;I1;Milan;Cagliari;3;0;1;1;0,2364;0,5108;0,2528
35271;2020-08-01;T19-20;I1;Napoli;Lazio;3;1;1;1;0,2386;0,5058;0,2556
35276;2020-08-02;T19-20;I1;Sassuolo;Udinese;0;1;2;1;0,3161;0,372;0,3118
35275;2020-08-02;T19-20;I1;Lecce;Parma;3;4;2;1;0,2422;0,4936;0,2643
35272;2020-08-02;T19-20;I1;Spal;Fiorentina;1;3;2;1;0,2551;0,483;0,2619
35273;2020-08-02;T19-20;I1;Bologna;Torino;1;1;0;1;0,2428;0,5042;0,2529
35274;2020-08-02;T19-20;I1;Genoa;Verona;3;0;1;1;0,2706;0,4571;0,2722
16169;2020-09-26;T20-21;E0;Crystal Palace;Everton;1;2;2;1;0,2624;0,4656;0,272
57841;2020-09-26;T20-21;SP2;Malaga;Alcorcon;1;0;1;1;0,2602;0,4933;0,2465
57843;2020-09-26;T20-21;SP2;Fuenlabrada;Albacete;1;0;1;1;0,2382;0,5121;0,2497
57847;2020-09-27;T20-21;SP2;Ponferradina;Vallecano;3;0;1;1;0,2354;0,5168;0,2478
57848;2020-09-27;T20-21;SP2;Tenerife;Mirandes;1;2;2;1;0,2487;0,4939;0,2574
45399;2020-09-27;T20-21;SP1;Valladolid;Celta;1;1;0;1;0,2628;0,4704;0,2668
16173;2020-09-27;T20-21;E0;Tottenham;Newcastle;1;1;0;1;0,2654;0,4616;0,273
16175;2020-09-27;T20-21;E0;West Ham;Wolves;4;0;1;1;0,2435;0,4913;0,2653
16177;2020-09-28;T20-21;E0;Liverpool;Arsenal;3;1;1;1;0,1957;0,5921;0,2123
45401;2020-09-29;T20-21;SP1;Sociedad;Valencia;0;1;2;1;0,2469;0,4782;0,2749
45402;2020-09-29;T20-21;SP1;Getafe;Betis;3;0;1;1;0,257;0,4801;0,2629
45404;2020-09-30;T20-21;SP1;Villarreal;Alaves;3;1;1;1;0,2524;0,4878;0,2598
45406;2020-09-30;T20-21;SP1;Real Madrid;Valladolid;1;0;1;1;0,2384;0,5873;0,1743
6138;2020-10-02;T20-21;D1;Union Berlin;Mainz;4;0;1;1;0,2434;0,4928;0,2638
35297;2020-10-02;T20-21;I1;Fiorentina;Sampdoria;1;2;2;1;0,2403;0,5042;0,2555
57855;2020-10-03;T20-21;SP2;Vallecano;Malaga;4;0;1;1;0,2375;0,5136;0,2489
57852;2020-10-03;T20-21;SP2;Albacete;Oviedo;1;1;0;1;0,297;0,4143;0,2888
57851;2020-10-03;T20-21;SP2;Mirandes;Ponferradina;0;1;2;1;0,241;0,5076;0,2515
45414;2020-10-03;T20-21;SP1;Valencia;Betis;0;2;2;1;0,2859;0,4323;0,2818
45411;2020-10-03;T20-21;SP1;Ath Madrid;Villarreal;0;0;0;1;0,2515;0,5364;0,2121
45410;2020-10-03;T20-21;SP1;Valladolid;Eibar;1;2;2;1;0,2482;0,495;0,2568
35299;2020-10-03;T20-21;I1;Udinese;Roma;0;1;2;1;0,2348;0,5181;0,2471
45413;2020-10-03;T20-21;SP1;Sociedad;Getafe;3;0;1;1;0,2201;0,5439;0,2361
16179;2020-10-03;T20-21;E0;Everton;Brighton;4;2;1;1;0,2163;0,5551;0,2286
16178;2020-10-03;T20-21;E0;Chelsea;Crystal Palace;4;0;1;1;0,2385;0,5053;0,2561
6144;2020-10-03;T20-21;D1;RB Leipzig;Schalke 04;4;0;1;1;0,221;0,5409;0,2381
6141;2020-10-03;T20-21;D1;FC Koln;M'gladbach;1;3;2;1;0,2669;0,4438;0,2893
6140;2020-10-03;T20-21;D1;Ein Frankfurt;Hoffenheim;2;1;1;1;0,248;0,4824;0,2696
6139;2020-10-03;T20-21;D1;Dortmund;Freiburg;4;0;1;1;0,236;0,5139;0,2501
16181;2020-10-03;T20-21;E0;Newcastle;Burnley;3;1;1;1;0,313;0,3789;0,308
45419;2020-10-04;T20-21;SP1;Barcelona;Sevilla;1;1;0;1;0,271;0,4702;0,2587
45417;2020-10-04;T20-21;SP1;Levante;Real Madrid;0;2;2;1;0,3301;0,3407;0,3292
45416;2020-10-04;T20-21;SP1;Alaves;Ath Bilbao;1;0;1;1;0,2974;0,4133;0,2892
45415;2020-10-04;T20-21;SP1;Osasuna;Celta;2;0;1;1;0,2529;0,4868;0,2603
35303;2020-10-04;T20-21;I1;Parma;Verona;1;0;1;1;0,2963;0,4157;0,288
35302;2020-10-04;T20-21;I1;Lazio;Inter;1;1;0;1;0,2566;0,4764;0,267
16184;2020-10-04;T20-21;E0;Arsenal;Sheffield United;2;1;1;1;0,2864;0,4372;0,2764
16187;2020-10-04;T20-21;E0;Aston Villa;Liverpool;7;2;1;1;0,2396;0,4988;0,2616
16186;2020-10-04;T20-21;E0;Man United;Tottenham;1;6;2;1;0,2534;0,4834;0,2632
16182;2020-10-04;T20-21;E0;Leicester;West Ham;0;3;2;1;0,2507;0,4876;0,2617
6146;2020-10-04;T20-21;D1;Bayern Munich;Hertha;4;3;1;1;0,2187;0,5485;0,2328
6145;2020-10-04;T20-21;D1;Wolfsburg;Augsburg;0;0;0;1;0,2757;0,4417;0,2826
35300;2020-10-04;T20-21;I1;Atalanta;Cagliari;5;2;1;1;0,2566;0,4764;0,267
57864;2020-10-10;T20-21;SP2;Tenerife;Vallecano;1;0;1;1;0,2243;0,5361;0,2397
57871;2020-10-11;T20-21;SP2;Oviedo;Sp Gijon;1;0;1;1;0,2968;0,4147;0,2885
57868;2020-10-11;T20-21;SP2;Malaga;Las Palmas;0;0;0;1;0,2972;0,4138;0,289
57869;2020-10-11;T20-21;SP2;Zaragoza;Albacete;1;0;1;1;0,2519;0,4891;0,2591
57875;2020-10-17;T20-21;SP2;Las Palmas;Almeria;2;0;1;1;0,2449;0,5005;0,2546
45423;2020-10-17;T20-21;SP1;Getafe;Barcelona;1;0;1;1;0,2864;0,4372;0,2764
45421;2020-10-17;T20-21;SP1;Celta;Ath Madrid;0;2;2;1;0,2917;0,4023;0,306
45420;2020-10-17;T20-21;SP1;Granada;Sevilla;1;0;1;1;0,2291;0,5278;0,243
35307;2020-10-17;T20-21;I1;Sampdoria;Lazio;3;0;1;1;0,224;0,5366;0,2394
16191;2020-10-17;T20-21;E0;Newcastle;Man United;1;4;2;1;0,2378;0,5179;0,2442
16190;2020-10-17;T20-21;E0;Man City;Arsenal;1;0;1;1;0,188;0,6032;0,2089
35306;2020-10-17;T20-21;I1;Inter;Milan;1;2;2;1;0,2513;0,4881;0,2606
16188;2020-10-17;T20-21;E0;Everton;Liverpool;2;2;0;1;0,2539;0,4786;0,2675
6153;2020-10-17;T20-21;D1;M'gladbach;Wolfsburg;1;1;0;1;0,2203;0,5381;0,2416
6151;2020-10-17;T20-21;D1;Mainz;Leverkusen;0;1;2;1;0,3301;0,3407;0,3292
6150;2020-10-17;T20-21;D1;Hoffenheim;Dortmund;0;1;2;1;0,2574;0,4708;0,2718
6148;2020-10-17;T20-21;D1;Freiburg;Werder Bremen;1;1;0;1;0,3099;0,3859;0,3042
6147;2020-10-17;T20-21;D1;Augsburg;RB Leipzig;0;2;2;1;0,2905;0,4049;0,3046
16189;2020-10-17;T20-21;E0;Chelsea;Southampton;3;3;0;1;0,2216;0,5353;0,2431
45426;2020-10-18;T20-21;SP1;Villarreal;Valencia;2;1;1;1;0,3301;0,3407;0,3292
57881;2020-10-18;T20-21;SP2;Sp Gijon;Tenerife;1;1;0;1;0,2973;0,4135;0,2892
57880;2020-10-18;T20-21;SP2;Girona;Oviedo;1;0;1;1;0,2968;0,4147;0,2885
57879;2020-10-18;T20-21;SP2;Zaragoza;Malaga;1;2;2;1;0,2343;0,5191;0,2466
45429;2020-10-18;T20-21;SP1;Betis;Sociedad;0;3;2;1;0,2098;0,5619;0,2283
45425;2020-10-18;T20-21;SP1;Ath Bilbao;Levante;2;0;1;1;0,2698;0,4589;0,2713
6154;2020-10-18;T20-21;D1;FC Koln;Ein Frankfurt;1;1;0;1;0,2703;0,4579;0,2718
35312;2020-10-18;T20-21;I1;Udinese;Parma;3;2;1;1;0,2572;0,4798;0,263
35309;2020-10-18;T20-21;I1;Bologna;Sassuolo;3;4;2;1;0,2524;0,4754;0,2723
16195;2020-10-18;T20-21;E0;Leicester;Aston Villa;0;1;2;1;0,3039;0,3992;0,2969
16194;2020-10-18;T20-21;E0;Tottenham;West Ham;3;3;0;1;0,2009;0,5748;0,2243
16193;2020-10-18;T20-21;E0;Crystal Palace;Brighton;1;1;0;1;0,2902;0,429;0,2808
45424;2020-10-18;T20-21;SP1;Eibar;Osasuna;0;0;0;1;0,2414;0,5066;0,252
57884;2020-10-21;T20-21;SP2;Lugo;Girona;3;0;1;1;0,2973;0,4135;0,2892
57885;2020-10-21;T20-21;SP2;Ponferradina;Tenerife;1;0;1;1;0,2705;0,4574;0,2721
57891;2020-10-22;T20-21;SP2;Oviedo;Vallecano;0;0;0;1;0,2419;0,5055;0,2526
57889;2020-10-22;T20-21;SP2;Malaga;Sp Gijon;1;0;1;1;0,2705;0,4574;0,2721
35315;2020-10-23;T20-21;I1;Sassuolo;Torino;3;3;0;1;0,2145;0,5461;0,2393
45431;2020-10-24;T20-21;SP1;Barcelona;Real Madrid;1;3;2;1;0,2814;0,4481;0,2705
35318;2020-10-24;T20-21;I1;Lazio;Bologna;2;1;1;1;0,2774;0,4422;0,2804
45432;2020-10-24;T20-21;SP1;Osasuna;Ath Bilbao;1;0;1;1;0,2696;0,4594;0,271
35317;2020-10-24;T20-21;I1;Genoa;Inter;0;2;2;1;0,2973;0,4135;0,2892
45434;2020-10-24;T20-21;SP1;Ath Madrid;Betis;2;0;1;1;0,2473;0,5542;0,1985
57894;2020-10-24;T20-21;SP2;Almeria;Fuenlabrada;3;0;1;1;0,2575;0,479;0,2635
45433;2020-10-24;T20-21;SP1;Sevilla;Eibar;0;1;2;1;0,259;0,4991;0,2419
35316;2020-10-24;T20-21;I1;Atalanta;Sampdoria;1;3;2;1;0,2514;0,4843;0,2643
16201;2020-10-24;T20-21;E0;Man United;Chelsea;0;0;0;1;0,1906;0,5933;0,2161
16202;2020-10-24;T20-21;E0;Liverpool;Sheffield United;2;1;1;1;0,1995;0,5778;0,2226
16199;2020-10-24;T20-21;E0;West Ham;Man City;1;1;0;1;0,264;0,4486;0,2873
6161;2020-10-24;T20-21;D1;Dortmund;Schalke 04;3;0;1;1;0,2189;0,5457;0,2354
6160;2020-10-24;T20-21;D1;Union Berlin;Freiburg;1;1;0;1;0,264;0,4486;0,2873
6159;2020-10-24;T20-21;D1;RB Leipzig;Hertha;2;1;1;1;0,2165;0,551;0,2324
6158;2020-10-24;T20-21;D1;Mainz;M'gladbach;2;3;2;1;0,3215;0,36;0,3185
6157;2020-10-24;T20-21;D1;Bayern Munich;Ein Frankfurt;5;0;1;1;0,2093;0,565;0,2257
57900;2020-10-25;T20-21;SP2;Malaga;Mirandes;1;1;0;1;0,2394;0,5099;0,2507
57896;2020-10-25;T20-21;SP2;Sp Gijon;Ponferradina;2;1;1;1;0,2971;0,414;0,2889
45435;2020-10-25;T20-21;SP1;Valladolid;Alaves;0;2;2;1;0,2976;0,413;0,2894
35323;2020-10-25;T20-21;I1;Juventus;Verona;1;1;0;1;0,2764;0,4444;0,2792
57899;2020-10-25;T20-21;SP2;Albacete;Vallecano;2;1;1;1;0,2536;0,486;0,2604
16205;2020-10-25;T20-21;E0;Arsenal;Leicester;0;1;2;1;0,2496;0,4883;0,2621
35322;2020-10-25;T20-21;I1;Fiorentina;Udinese;3;2;1;1;0,3301;0,3407;0,3292
6163;2020-10-25;T20-21;D1;Werder Bremen;Hoffenheim;1;1;0;1;0,2495;0,4788;0,2717
45437;2020-10-25;T20-21;SP1;Getafe;Granada;0;1;2;1;0,2565;0,4813;0,2622
16204;2020-10-25;T20-21;E0;Wolves;Newcastle;1;1;0;1;0,2939;0,4209;0,2852
16203;2020-10-25;T20-21;E0;Southampton;Everton;2;0;1;1;0,2369;0,5104;0,2527
6164;2020-10-26;T20-21;D1;Leverkusen;Augsburg;3;1;1;1;0,2612;0,4708;0,268
16207;2020-10-26;T20-21;E0;Burnley;Tottenham;0;1;2;1;0,2917;0,4023;0,306
45439;2020-10-26;T20-21;SP1;Levante;Celta;1;1;0;1;0,2971;0,414;0,2889
35324;2020-10-26;T20-21;I1;Milan;Roma;3;3;0;1;0,2695;0,4596;0,2709
57904;2020-10-28;T20-21;SP2;Albacete;Las Palmas;1;1;0;1;0,2541;0,485;0,261
57908;2020-10-29;T20-21;SP2;Alcorcon;Sp Gijon;1;2;2;1;0,241;0,5076;0,2515
57910;2020-10-29;T20-21;SP2;Mirandes;Zaragoza;1;0;1;1;0,2509;0,4905;0,2586
57911;2020-10-29;T20-21;SP2;Tenerife;Lugo;1;1;0;1;0,2573;0,4795;0,2632
57913;2020-10-29;T20-21;SP2;Vallecano;Fuenlabrada;2;0;1;1;0,2572;0,4796;0,2631
16208;2020-10-30;T20-21;E0;Wolves;Crystal Palace;2;0;1;1;0,2729;0,4336;0,2935
35327;2020-10-31;T20-21;I1;Bologna;Cagliari;3;2;1;1;0,251;0,4769;0,2721
45443;2020-10-31;T20-21;SP1;Osasuna;Ath Madrid;1;3;2;1;0,2968;0,4147;0,2885
45444;2020-10-31;T20-21;SP1;Alaves;Barcelona;1;1;0;1;0,2235;0,5391;0,2374
35326;2020-10-31;T20-21;I1;Inter;Parma;2;2;0;1;0,2385;0,513;0,2485
57915;2020-10-31;T20-21;SP2;Las Palmas;Oviedo;1;2;2;1;0,2549;0,4835;0,2616
26754;2020-10-31;T20-21;F1;Rennes;Brest;2;1;1;1;0,2479;0,5056;0,2465
45442;2020-10-31;T20-21;SP1;Ath Bilbao;Sevilla;2;1;1;1;0,226;0,5335;0,2405
16210;2020-10-31;T20-21;E0;Burnley;Chelsea;0;3;2;1;0,2412;0,507;0,2518
16209;2020-10-31;T20-21;E0;Sheffield United;Man City;0;1;2;1;0,2729;0,4336;0,2935
6170;2020-10-31;T20-21;D1;M'gladbach;RB Leipzig;1;0;1;1;0,2203;0,5381;0,2416
16211;2020-10-31;T20-21;E0;Liverpool;West Ham;2;1;1;1;0,2062;0,5658;0,2279
6169;2020-10-31;T20-21;D1;FC Koln;Bayern Munich;1;2;2;1;0,2637;0,4546;0,2817
6168;2020-10-31;T20-21;D1;Ein Frankfurt;Werder Bremen;1;1;0;1;0,2569;0,4666;0,2765
6166;2020-10-31;T20-21;D1;Augsburg;Mainz;3;1;1;1;0,2969;0,4145;0,2886
35331;2020-11-01;T20-21;I1;Napoli;Sassuolo;0;2;2;1;0,222;0,5363;0,2416
35332;2020-11-01;T20-21;I1;Roma;Fiorentina;2;0;1;1;0,2393;0,5035;0,2572
35333;2020-11-01;T20-21;I1;Sampdoria;Genoa;1;1;0;1;0,2885;0,4175;0,294
45446;2020-11-01;T20-21;SP1;Celta;Sociedad;1;4;2;1;0,232;0,5229;0,2451
57918;2020-11-01;T20-21;SP2;Fuenlabrada;Tenerife;1;1;0;1;0,2431;0,5036;0,2533
45448;2020-11-01;T20-21;SP1;Valencia;Getafe;2;2;0;1;0,2315;0,5239;0,2446
35328;2020-11-01;T20-21;I1;Udinese;Milan;1;2;2;1;0,283;0,4166;0,3004
57920;2020-11-01;T20-21;SP2;Lugo;Vallecano;1;0;1;1;0,2486;0,4943;0,2572
57921;2020-11-01;T20-21;SP2;Almeria;Girona;0;0;0;1;0,2468;0,4972;0,256
45447;2020-11-01;T20-21;SP1;Granada;Levante;1;1;0;1;0,2592;0,4753;0,2655
26762;2020-11-01;T20-21;F1;Lille;Lyon;1;1;0;1;0,2558;0,5164;0,2278
35330;2020-11-01;T20-21;I1;Torino;Lazio;3;4;2;1;0,2351;0,5173;0,2475
26760;2020-11-01;T20-21;F1;Reims;Strasbourg;2;1;1;1;0,2248;0,5324;0,2428
26759;2020-11-01;T20-21;F1;Nimes;Metz;0;1;2;1;0,3045;0,3813;0,3142
26757;2020-11-01;T20-21;F1;Angers;Nice;0;3;2;1;0,2972;0,3932;0,3096
26756;2020-11-01;T20-21;F1;St Etienne;Montpellier;0;1;2;1;0,2339;0,5248;0,2413
16215;2020-11-01;T20-21;E0;Tottenham;Brighton;2;1;1;1;0,2543;0,4815;0,2642
16214;2020-11-01;T20-21;E0;Man United;Arsenal;0;1;2;1;0,2022;0,5729;0,2249
16213;2020-11-01;T20-21;E0;Newcastle;Everton;2;1;1;1;0,2864;0,4372;0,2764
16212;2020-11-01;T20-21;E0;Aston Villa;Southampton;3;4;2;1;0,2761;0,4282;0,2957
6172;2020-11-01;T20-21;D1;Hertha;Wolfsburg;1;1;0;1;0,2513;0,4762;0,2725
6171;2020-11-01;T20-21;D1;Freiburg;Leverkusen;2;4;2;1;0,2613;0,4533;0,2854
26761;2020-11-01;T20-21;F1;Monaco;Bordeaux;4;0;1;1;0,2145;0,5469;0,2386
45449;2020-11-02;T20-21;SP1;Villarreal;Valladolid;2;0;1;1;0,2382;0,5121;0,2497
6173;2020-11-02;T20-21;D1;Hoffenheim;Union Berlin;1;3;2;1;0,2367;0,5055;0,2579
35335;2020-11-04;T20-21;I1;Genoa;Torino;1;2;2;1;0,3197;0,3641;0,3162
57925;2020-11-04;T20-21;SP2;Zaragoza;Girona;2;2;0;1;0,2972;0,4139;0,289
57926;2020-11-05;T20-21;SP2;Alcorcon;Ponferradina;0;1;2;1;0,2483;0,4948;0,2569
6174;2020-11-06;T20-21;D1;Werder Bremen;FC Koln;1;1;0;1;0,2973;0,4135;0,2892
16218;2020-11-06;T20-21;E0;Brighton;Burnley;0;0;0;1;0,3301;0,3407;0,3292
16219;2020-11-06;T20-21;E0;Southampton;Newcastle;2;0;1;1;0,2555;0,4769;0,2676
26763;2020-11-06;T20-21;F1;Strasbourg;Marseille;0;1;2;1;0,2706;0,4571;0,2722
35336;2020-11-06;T20-21;I1;Sassuolo;Udinese;0;0;0;1;0,2597;0,4674;0,2729
35337;2020-11-07;T20-21;I1;Cagliari;Sampdoria;2;0;1;1;0,2448;0,5008;0,2544
35339;2020-11-07;T20-21;I1;Parma;Fiorentina;0;0;0;1;0,2517;0,4893;0,2589
16222;2020-11-07;T20-21;E0;Chelsea;Sheffield United;4;1;1;1;0,2597;0,4694;0,2709
45453;2020-11-07;T20-21;SP1;Sevilla;Osasuna;1;0;1;1;0,2234;0,5381;0,2386
57930;2020-11-07;T20-21;SP2;Mirandes;Sp Gijon;1;0;1;1;0,2485;0,4945;0,2571
45452;2020-11-07;T20-21;SP1;Barcelona;Betis;5;2;1;1;0,1937;0,5973;0,209
26765;2020-11-07;T20-21;F1;Paris SG;Rennes;3;0;1;1;0,268;0,4768;0,2552
16220;2020-11-07;T20-21;E0;Everton;Man United;1;3;2;1;0,2584;0,4703;0,2713
26764;2020-11-07;T20-21;F1;Bordeaux;Montpellier;0;2;2;1;0,2202;0,5491;0,2307
6180;2020-11-07;T20-21;D1;Dortmund;Bayern Munich;2;3;2;1;0,2032;0,5734;0,2233
6177;2020-11-07;T20-21;D1;RB Leipzig;Freiburg;3;0;1;1;0,1927;0,5933;0,2139
6176;2020-11-07;T20-21;D1;Mainz;Schalke 04;2;2;0;1;0,2635;0,4552;0,2814
6175;2020-11-07;T20-21;D1;Augsburg;Hertha;0;3;2;1;0,2449;0,5005;0,2546
57937;2020-11-08;T20-21;SP2;Tenerife;Zaragoza;1;0;1;1;0,2363;0,5158;0,2479
57935;2020-11-08;T20-21;SP2;Mallorca;Ponferradina;3;0;1;1;0,2367;0,5149;0,2484
57934;2020-11-08;T20-21;SP2;Vallecano;Almeria;0;1;2;1;0,227;0,5316;0,2413
57933;2020-11-08;T20-21;SP2;Alcorcon;Fuenlabrada;0;3;2;1;0,2503;0,4914;0,2583
45459;2020-11-08;T20-21;SP1;Valencia;Real Madrid;4;1;1;1;0,2761;0,4282;0,2957
45458;2020-11-08;T20-21;SP1;Valladolid;Ath Bilbao;2;1;1;1;0,2705;0,4574;0,2721
45457;2020-11-08;T20-21;SP1;Levante;Alaves;1;1;0;1;0,2212;0,5417;0,2371
45456;2020-11-08;T20-21;SP1;Sociedad;Granada;2;0;1;1;0,2415;0,5063;0,2522
45455;2020-11-08;T20-21;SP1;Getafe;Villarreal;1;3;2;1;0,234;0,5169;0,2491
35345;2020-11-08;T20-21;I1;Milan;Verona;2;2;0;1;0,2444;0,5015;0,254
35342;2020-11-08;T20-21;I1;Genoa;Roma;1;3;2;1;0,297;0,4142;0,2888
35344;2020-11-08;T20-21;I1;Bologna;Napoli;0;1;2;1;0,2379;0,5002;0,2619
35340;2020-11-08;T20-21;I1;Lazio;Juventus;1;1;0;1;0,3068;0,3926;0,3005
6181;2020-11-08;T20-21;D1;Wolfsburg;Hoffenheim;2;1;1;1;0,232;0,5228;0,2452
35341;2020-11-08;T20-21;I1;Atalanta;Inter;1;1;0;1;0,2395;0,5046;0,2559
16225;2020-11-08;T20-21;E0;Leicester;Wolves;1;0;1;1;0,2785;0,4398;0,2817
16226;2020-11-08;T20-21;E0;Man City;Liverpool;1;1;0;1;0,2138;0,5571;0,2291
16227;2020-11-08;T20-21;E0;Arsenal;Aston Villa;0;3;2;1;0,2583;0,4747;0,267
6182;2020-11-08;T20-21;D1;Leverkusen;M'gladbach;4;3;1;1;0,2162;0,5485;0,2353
26769;2020-11-08;T20-21;F1;Metz;Dijon;1;1;0;1;0,2971;0,414;0,2889
26770;2020-11-08;T20-21;F1;Nimes;Angers;1;5;2;1;0,2345;0,5188;0,2467
26771;2020-11-08;T20-21;F1;Nice;Monaco;1;2;2;1;0,2556;0,4786;0,2658
26772;2020-11-08;T20-21;F1;Lyon;St Etienne;2;1;1;1;0,2328;0,5241;0,2431
26766;2020-11-08;T20-21;F1;Brest;Lille;3;2;1;1;0,2376;0,5133;0,2491
57938;2020-11-09;T20-21;SP2;Girona;Las Palmas;1;1;0;1;0,2439;0,5022;0,2539
57939;2020-11-13;T20-21;SP2;Zaragoza;Oviedo;1;2;2;1;0,2603;0,4743;0,2654
57941;2020-11-14;T20-21;SP2;Almeria;Mirandes;2;1;1;1;0,2165;0,5502;0,2332
57942;2020-11-14;T20-21;SP2;Girona;Mallorca;0;1;2;1;0,2864;0,4313;0,2823
57943;2020-11-14;T20-21;SP2;Lugo;Albacete;1;0;1;1;0,2575;0,4791;0,2634
57945;2020-11-15;T20-21;SP2;Ponferradina;Malaga;1;1;0;1;0,2411;0,5072;0,2517
57948;2020-11-15;T20-21;SP2;Las Palmas;Tenerife;1;0;1;1;0,2317;0,5234;0,2448
57949;2020-11-16;T20-21;SP2;Sp Gijon;Vallecano;1;1;0;1;0,2574;0,4793;0,2633
57950;2020-11-20;T20-21;SP2;Alcorcon;Lugo;1;0;1;1;0,2649;0,467;0,2682
26773;2020-11-20;T20-21;F1;Rennes;Bordeaux;0;1;2;1;0,2084;0,5671;0,2245
26774;2020-11-20;T20-21;F1;Monaco;Paris SG;3;2;1;1;0,232;0,5161;0,2519
57955;2020-11-21;T20-21;SP2;Oviedo;Fuenlabrada;1;1;0;1;0,2413;0,5068;0,2519
45464;2020-11-21;T20-21;SP1;Ath Madrid;Barcelona;1;0;1;1;0,2414;0,5768;0,1819
45463;2020-11-21;T20-21;SP1;Sevilla;Celta;4;2;1;1;0,2635;0,4863;0,2502
45462;2020-11-21;T20-21;SP1;Villarreal;Real Madrid;1;1;0;1;0,2917;0,4023;0,306
26775;2020-11-21;T20-21;F1;Brest;St Etienne;4;1;1;1;0,2354;0,5168;0,2478
16229;2020-11-21;T20-21;E0;Aston Villa;Brighton;1;2;2;1;0,2189;0,5456;0,2355
35348;2020-11-21;T20-21;I1;Juventus;Cagliari;2;0;1;1;0,2658;0,4605;0,2736
6189;2020-11-21;T20-21;D1;Hertha;Dortmund;2;5;2;1;0,269;0,4406;0,2903
6188;2020-11-21;T20-21;D1;Ein Frankfurt;RB Leipzig;1;1;0;1;0,2442;0,4883;0,2675
6187;2020-11-21;T20-21;D1;Schalke 04;Wolfsburg;0;2;2;1;0,2291;0,5096;0,2613
6186;2020-11-21;T20-21;D1;M'gladbach;Augsburg;1;1;0;1;0,2306;0,5193;0,2501
6183;2020-11-21;T20-21;D1;Bayern Munich;Werder Bremen;1;1;0;1;0,2012;0,5846;0,2143
16228;2020-11-21;T20-21;E0;Newcastle;Chelsea;0;2;2;1;0,3122;0,3808;0,307
16230;2020-11-21;T20-21;E0;Tottenham;Man City;2;0;1;1;0,2078;0,5631;0,2292
45467;2020-11-22;T20-21;SP1;Granada;Valladolid;1;3;2;1;0,2978;0,4125;0,2897
45465;2020-11-22;T20-21;SP1;Eibar;Getafe;0;0;0;1;0,2705;0,4574;0,2721
16233;2020-11-22;T20-21;E0;Sheffield United;West Ham;0;1;2;1;0,3301;0,3407;0,3292
57957;2020-11-22;T20-21;SP2;Mallorca;Sp Gijon;0;0;0;1;0,2539;0,4869;0,2591
35355;2020-11-22;T20-21;I1;Napoli;Milan;1;3;2;1;0,2779;0,4411;0,281
45468;2020-11-22;T20-21;SP1;Alaves;Valencia;2;2;0;1;0,2976;0,413;0,2894
35352;2020-11-22;T20-21;I1;Sampdoria;Bologna;1;2;2;1;0,2964;0,4155;0,2881
6190;2020-11-22;T20-21;D1;Freiburg;Mainz;1;3;2;1;0,2703;0,4579;0,2718
35350;2020-11-22;T20-21;I1;Inter;Torino;4;2;1;1;0,2477;0,4961;0,2562
26780;2020-11-22;T20-21;F1;Angers;Lyon;0;1;2;1;0,2196;0,5442;0,2363
26779;2020-11-22;T20-21;F1;Reims;Nimes;0;1;2;1;0,271;0,4564;0,2727
26776;2020-11-22;T20-21;F1;Nantes;Metz;1;1;0;1;0,2144;0,5535;0,232
16235;2020-11-22;T20-21;E0;Liverpool;Leicester;3;0;1;1;0,2529;0,4846;0,2625
57959;2020-11-22;T20-21;SP2;Ponferradina;Zaragoza;2;1;1;1;0,2334;0,5243;0,2423
35351;2020-11-22;T20-21;I1;Roma;Parma;3;0;1;1;0,218;0,5414;0,2405
57960;2020-11-23;T20-21;SP2;Albacete;Almeria;1;2;2;1;0,2412;0,5071;0,2518
57963;2020-11-24;T20-21;SP2;Lugo;Oviedo;0;0;0;1;0,2969;0,4145;0,2886
57962;2020-11-24;T20-21;SP2;Girona;Malaga;0;1;2;1;0,2459;0,4988;0,2553
57966;2020-11-25;T20-21;SP2;Zaragoza;Vallecano;1;2;2;1;0,297;0,4143;0,2888
57968;2020-11-25;T20-21;SP2;Fuenlabrada;Ponferradina;1;1;0;1;0,2345;0,5254;0,2402
57964;2020-11-25;T20-21;SP2;Las Palmas;Mirandes;0;2;2;1;0,2628;0,4704;0,2668
57971;2020-11-26;T20-21;SP2;Almeria;Tenerife;2;0;1;1;0,2524;0,4878;0,2598
57972;2020-11-27;T20-21;SP2;Alcorcon;Girona;1;0;1;1;0,2541;0,4848;0,2611
57973;2020-11-27;T20-21;SP2;Malaga;Lugo;2;2;0;1;0,2863;0,4315;0,2823
45470;2020-11-27;T20-21;SP1;Valladolid;Levante;1;1;0;1;0,2574;0,4793;0,2633
16238;2020-11-27;T20-21;E0;Crystal Palace;Newcastle;0;2;2;1;0,2536;0,4665;0,2799
26783;2020-11-27;T20-21;F1;Strasbourg;Rennes;1;1;0;1;0,2917;0,4023;0,306
6192;2020-11-27;T20-21;D1;Wolfsburg;Werder Bremen;5;3;1;1;0,2147;0,5473;0,238
45474;2020-11-28;T20-21;SP1;Real Madrid;Alaves;1;2;2;1;0,2526;0,5316;0,2158
45473;2020-11-28;T20-21;SP1;Huesca;Sevilla;0;1;2;1;0,2971;0,414;0,2889
35358;2020-11-28;T20-21;I1;Atalanta;Verona;0;2;2;1;0,2576;0,4788;0,2636
35356;2020-11-28;T20-21;I1;Sassuolo;Inter;0;3;2;1;0,2491;0,4931;0,2578
26785;2020-11-28;T20-21;F1;Paris SG;Bordeaux;2;2;0;1;0,2426;0,5118;0,2456
45472;2020-11-28;T20-21;SP1;Valencia;Ath Madrid;0;1;2;1;0,264;0,4486;0,2873
16239;2020-11-28;T20-21;E0;Brighton;Liverpool;1;1;0;1;0,3301;0,3407;0,3292
6198;2020-11-28;T20-21;D1;M'gladbach;Schalke 04;4;1;1;1;0,2299;0,5209;0,2492
6197;2020-11-28;T20-21;D1;Union Berlin;Ein Frankfurt;3;3;0;1;0,2484;0,4947;0,257
6194;2020-11-28;T20-21;D1;Dortmund;FC Koln;1;2;2;1;0,2138;0,5571;0,2291
6193;2020-11-28;T20-21;D1;Augsburg;Freiburg;1;1;0;1;0,2679;0,451;0,2811
16240;2020-11-28;T20-21;E0;Man City;Burnley;5;0;1;1;0,1875;0,6053;0,2072
35361;2020-11-29;T20-21;I1;Milan;Fiorentina;2;0;1;1;0,2446;0,4995;0,2559
57981;2020-11-29;T20-21;SP2;Las Palmas;Sp Gijon;3;2;1;1;0,2558;0,4769;0,2673
57977;2020-11-29;T20-21;SP2;Albacete;Tenerife;0;2;2;1;0,2436;0,5027;0,2536
45478;2020-11-29;T20-21;SP1;Sociedad;Villarreal;1;1;0;1;0,2264;0,5312;0,2424
45477;2020-11-29;T20-21;SP1;Celta;Granada;3;1;1;1;0,2488;0,4936;0,2575
45476;2020-11-29;T20-21;SP1;Getafe;Ath Bilbao;1;1;0;1;0,2703;0,4579;0,2718
45475;2020-11-29;T20-21;SP1;Barcelona;Osasuna;4;0;1;1;0,2179;0,5528;0,2293
35363;2020-11-29;T20-21;I1;Napoli;Roma;4;0;1;1;0,224;0,5319;0,2441
35359;2020-11-29;T20-21;I1;Lazio;Udinese;1;3;2;1;0,2377;0,5085;0,2537
16245;2020-11-29;T20-21;E0;Arsenal;Wolves;1;2;2;1;0,2617;0,4698;0,2685
26790;2020-11-29;T20-21;F1;Monaco;Nimes;3;0;1;1;0,232;0,5161;0,2519
26789;2020-11-29;T20-21;F1;Metz;Brest;0;2;2;1;0,2597;0,4694;0,2709
26786;2020-11-29;T20-21;F1;Lyon;Reims;3;0;1;1;0,2829;0,4449;0,2722
16244;2020-11-29;T20-21;E0;Chelsea;Tottenham;0;0;0;1;0,2346;0,5127;0,2526
16243;2020-11-29;T20-21;E0;Southampton;Man United;2;3;2;1;0,2967;0,4149;0,2884
6200;2020-11-29;T20-21;D1;Mainz;Hoffenheim;1;1;0;1;0,1951;0,588;0,2169
6199;2020-11-29;T20-21;D1;Leverkusen;Hertha;0;0;0;1;0,2565;0,4766;0,2669
26792;2020-11-29;T20-21;F1;St Etienne;Lille;1;1;0;1;0,2448;0,4818;0,2734
57982;2020-11-30;T20-21;SP2;Oviedo;Almeria;1;2;2;1;0,2442;0,502;0,2537
16247;2020-11-30;T20-21;E0;West Ham;Aston Villa;2;1;1;1;0,2329;0,5141;0,253
35364;2020-11-30;T20-21;I1;Torino;Sampdoria;2;2;0;1;0,2421;0,505;0,2529
45479;2020-11-30;T20-21;SP1;Betis;Eibar;0;2;2;1;0,2971;0,414;0,2889
35365;2020-11-30;T20-21;I1;Genoa;Parma;1;2;2;1;0,3216;0,3599;0,3185
57984;2020-12-01;T20-21;SP2;Girona;Mirandes;1;0;1;1;0,2967;0,4148;0,2884
57983;2020-12-01;T20-21;SP2;Fuenlabrada;Malaga;0;2;2;1;0,2131;0,5558;0,2311
57985;2020-12-02;T20-21;SP2;Cartagena;Espanol;1;3;2;1;0,2595;0,4698;0,2707
57986;2020-12-02;T20-21;SP2;Leganes;Vallecano;1;0;1;1;0,254;0,4851;0,2609
57988;2020-12-02;T20-21;SP2;Castellon;Zaragoza;1;0;1;1;0,2871;0,4296;0,2833
57989;2020-12-02;T20-21;SP2;Lugo;Las Palmas;1;1;0;1;0,2973;0,4135;0,2892
57990;2020-12-03;T20-21;SP2;Almeria;Mallorca;0;1;2;1;0,2393;0,5103;0,2505
57991;2020-12-03;T20-21;SP2;Oviedo;Alcorcon;1;1;0;1;0,2407;0,5082;0,2511
57993;2020-12-03;T20-21;SP2;Sp Gijon;Albacete;0;0;0;1;0,2393;0,5103;0,2505
45480;2020-12-04;T20-21;SP1;Ath Bilbao;Celta;0;2;2;1;0,2524;0,4878;0,2598
26793;2020-12-04;T20-21;F1;Nimes;Marseille;0;2;2;1;0,2973;0,4135;0,2892
6201;2020-12-04;T20-21;D1;Hertha;Union Berlin;3;1;1;1;0,3301;0,3407;0,3292
57997;2020-12-05;T20-21;SP2;Malaga;Cartagena;1;2;2;1;0,2662;0,4647;0,2691
57996;2020-12-05;T20-21;SP2;Mirandes;Lugo;0;0;0;1;0,2485;0,4944;0,2571
57995;2020-12-05;T20-21;SP2;Ponferradina;Las Palmas;0;0;0;1;0,2704;0,4576;0,272
57994;2020-12-05;T20-21;SP2;Vallecano;Logrones;2;1;1;1;0,2627;0,4706;0,2667
45483;2020-12-05;T20-21;SP1;Ath Madrid;Valladolid;2;0;1;1;0,2374;0,5138;0,2488
45482;2020-12-05;T20-21;SP1;Sevilla;Real Madrid;0;1;2;1;0,2497;0,5031;0,2472
45481;2020-12-05;T20-21;SP1;Levante;Getafe;3;0;1;1;0,2373;0,5141;0,2486
35368;2020-12-05;T20-21;I1;Inter;Bologna;3;1;1;1;0,2585;0,4768;0,2647
16249;2020-12-05;T20-21;E0;Man City;Fulham;2;0;1;1;0,184;0,6147;0,2012
26795;2020-12-05;T20-21;F1;Montpellier;Paris SG;1;3;2;1;0,2049;0,5704;0,2247
16250;2020-12-05;T20-21;E0;West Ham;Man United;1;3;2;1;0,2794;0,4226;0,298
16248;2020-12-05;T20-21;E0;Burnley;Everton;1;1;0;1;0,2419;0,5111;0,247
6206;2020-12-05;T20-21;D1;Bayern Munich;RB Leipzig;3;3;0;1;0,2079;0,5727;0,2194
6205;2020-12-05;T20-21;D1;Freiburg;M'gladbach;2;2;0;1;0,2409;0,4972;0,2619
6204;2020-12-05;T20-21;D1;FC Koln;Wolfsburg;2;2;0;1;0,2972;0,3932;0,3096
6203;2020-12-05;T20-21;D1;Ein Frankfurt;Dortmund;1;1;0;1;0,2736;0,438;0,2884
35367;2020-12-05;T20-21;I1;Juventus;Torino;2;1;1;1;0,2415;0,5031;0,2554
45488;2020-12-06;T20-21;SP1;Alaves;Sociedad;0;0;0;1;0,2346;0,5186;0,2468
45485;2020-12-06;T20-21;SP1;Granada;Huesca;3;3;0;1;0,2325;0,5217;0,2458
45486;2020-12-06;T20-21;SP1;Osasuna;Betis;0;2;2;1;0,263;0,462;0,275
57998;2020-12-06;T20-21;SP2;Alcorcon;Almeria;0;1;2;1;0,2572;0,4796;0,2631
35373;2020-12-06;T20-21;I1;Sampdoria;Milan;1;2;2;1;0,3301;0,3407;0,3292
58000;2020-12-06;T20-21;SP2;Albacete;Girona;0;2;2;1;0,263;0,47;0,267
58001;2020-12-06;T20-21;SP2;Sabadell;Oviedo;0;1;2;1;0,2972;0,4139;0,289
58002;2020-12-06;T20-21;SP2;Zaragoza;Fuenlabrada;1;0;1;1;0,2774;0,4461;0,2764
57999;2020-12-06;T20-21;SP2;Espanol;Sp Gijon;2;0;1;1;0,2241;0,5309;0,245
35371;2020-12-06;T20-21;I1;Roma;Sassuolo;0;0;0;1;0,2845;0,4264;0,2891
35369;2020-12-06;T20-21;I1;Verona;Cagliari;1;1;0;1;0,283;0,4166;0,3004
26802;2020-12-06;T20-21;F1;Metz;Lyon;1;3;2;1;0,2317;0,5234;0,2448
26801;2020-12-06;T20-21;F1;Reims;Nice;0;0;0;1;0,2416;0,4998;0,2586
26800;2020-12-06;T20-21;F1;Nantes;Strasbourg;0;4;2;1;0,2391;0,5107;0,2503
26799;2020-12-06;T20-21;F1;Dijon;St Etienne;0;0;0;1;0,2523;0,4881;0,2596
26798;2020-12-06;T20-21;F1;Bordeaux;Brest;1;0;1;1;0,2152;0,5479;0,2369
26796;2020-12-06;T20-21;F1;Lille;Monaco;2;1;1;1;0,275;0,4618;0,2632
16255;2020-12-06;T20-21;E0;Liverpool;Wolves;4;0;1;1;0,2205;0,5422;0,2374
16254;2020-12-06;T20-21;E0;Tottenham;Arsenal;2;0;1;1;0,2915;0,4262;0,2823
16253;2020-12-06;T20-21;E0;Sheffield United;Leicester;1;2;2;1;0,2536;0,4665;0,2799
6208;2020-12-06;T20-21;D1;Schalke 04;Leverkusen;0;3;2;1;0,264;0,4486;0,2873
58003;2020-12-07;T20-21;SP2;Tenerife;Leganes;0;0;0;1;0,2236;0,5376;0,2388
45489;2020-12-07;T20-21;SP1;Eibar;Valencia;0;0;0;1;0,233;0,5191;0,2478
58004;2020-12-07;T20-21;SP2;Mallorca;Castellon;3;1;1;1;0,2186;0,5463;0,2351
16256;2020-12-07;T20-21;E0;Brighton;Southampton;1;2;2;1;0,2761;0,4282;0,2957
6209;2020-12-07;T20-21;D1;Hoffenheim;Augsburg;3;1;1;1;0,2737;0,4429;0,2833
35374;2020-12-07;T20-21;I1;Fiorentina;Genoa;1;1;0;1;0,306;0,3944;0,2996
58005;2020-12-09;T20-21;SP2;Almeria;Zaragoza;1;0;1;1;0,26;0,4678;0,2722
58006;2020-12-09;T20-21;SP2;Sabadell;Alcorcon;1;1;0;1;0,2972;0,4139;0,289
58007;2020-12-10;T20-21;SP2;Girona;Logrones;2;0;1;1;0,297;0,4142;0,2888
58009;2020-12-11;T20-21;SP2;Oviedo;Tenerife;4;2;1;1;0,2507;0,4909;0,2584
45490;2020-12-11;T20-21;SP1;Valladolid;Osasuna;3;2;1;1;0,2383;0,5118;0,2499
58008;2020-12-11;T20-21;SP2;Lugo;Ponferradina;1;0;1;1;0,2975;0,4132;0,2893
6210;2020-12-11;T20-21;D1;Wolfsburg;Ein Frankfurt;2;1;1;1;0,224;0,5366;0,2394
26803;2020-12-11;T20-21;F1;St Etienne;Angers;0;0;0;1;0,316;0,3724;0,3116
35378;2020-12-12;T20-21;I1;Lazio;Verona;1;2;2;1;0,3076;0,3911;0,3014
58012;2020-12-12;T20-21;SP2;Fuenlabrada;Mirandes;0;1;2;1;0,2392;0,5104;0,2504
58011;2020-12-12;T20-21;SP2;Castellon;Albacete;3;0;1;1;0,2646;0,4676;0,2678
58010;2020-12-12;T20-21;SP2;Leganes;Mallorca;0;1;2;1;0,239;0,5108;0,2502
45493;2020-12-12;T20-21;SP1;Huesca;Alaves;1;0;1;1;0,2454;0,4995;0,2551
45492;2020-12-12;T20-21;SP1;Getafe;Sevilla;0;1;2;1;0,2508;0,4893;0,2599
45491;2020-12-12;T20-21;SP1;Valencia;Ath Bilbao;2;2;0;1;0,2976;0,413;0,2894
35377;2020-12-12;T20-21;I1;Torino;Udinese;2;3;2;1;0,2704;0,4576;0,272
45494;2020-12-12;T20-21;SP1;Real Madrid;Ath Madrid;2;0;1;1;0,2563;0,5135;0,2301
16261;2020-12-12;T20-21;E0;Everton;Chelsea;1;0;1;1;0,2586;0,4578;0,2835
6211;2020-12-12;T20-21;D1;Dortmund;Stuttgart;1;5;2;1;0,2189;0,5457;0,2354
6213;2020-12-12;T20-21;D1;Mainz;FC Koln;0;1;2;1;0,2625;0,4538;0,2837
6214;2020-12-12;T20-21;D1;M'gladbach;Hertha;1;1;0;1;0,2299;0,5209;0,2492
26804;2020-12-12;T20-21;F1;Marseille;Monaco;2;1;1;1;0,2739;0,4641;0,262
6216;2020-12-12;T20-21;D1;Union Berlin;Bayern Munich;1;1;0;1;0,2755;0,4361;0,2884
16258;2020-12-12;T20-21;E0;Wolves;Aston Villa;0;1;2;1;0,2497;0,4916;0,2586
16260;2020-12-12;T20-21;E0;Man United;Man City;0;0;0;1;0,2186;0,5463;0,2351
6215;2020-12-12;T20-21;D1;RB Leipzig;Werder Bremen;2;0;1;1;0,2328;0,5241;0,2431
58017;2020-12-13;T20-21;SP2;Sp Gijon;Zaragoza;1;0;1;1;0,2572;0,4798;0,263
35381;2020-12-13;T20-21;I1;Bologna;Roma;1;5;2;1;0,2691;0,4484;0,2826
35382;2020-12-13;T20-21;I1;Napoli;Sampdoria;2;1;1;1;0,2415;0,5031;0,2554
35383;2020-12-13;T20-21;I1;Genoa;Juventus;1;3;2;1;0,2992;0,4094;0,2914
35384;2020-12-13;T20-21;I1;Milan;Parma;2;2;0;1;0,2497;0,4916;0,2586
45495;2020-12-13;T20-21;SP1;Sociedad;Eibar;1;1;0;1;0,2449;0,5005;0,2546
45498;2020-12-13;T20-21;SP1;Barcelona;Levante;1;0;1;1;0,1881;0,6056;0,2063
58013;2020-12-13;T20-21;SP2;Logrones;Espanol;0;3;2;1;0,2739;0,4456;0,2804
58014;2020-12-13;T20-21;SP2;Almeria;Malaga;3;1;1;1;0,2483;0,4949;0,2568
35380;2020-12-13;T20-21;I1;Atalanta;Fiorentina;3;0;1;1;0,2286;0,5238;0,2476
58016;2020-12-13;T20-21;SP2;Cartagena;Sabadell;1;2;2;1;0,2704;0,4577;0,2719
45496;2020-12-13;T20-21;SP1;Betis;Villarreal;1;1;0;1;0,2589;0,4734;0,2677
58015;2020-12-13;T20-21;SP2;Las Palmas;Alcorcon;0;0;0;1;0,2539;0,4853;0,2608
26812;2020-12-13;T20-21;F1;Paris SG;Lyon;0;1;2;1;0,2162;0,5529;0,2309
26811;2020-12-13;T20-21;F1;Lille;Bordeaux;2;1;1;1;0,287;0,41;0,303
6217;2020-12-13;T20-21;D1;Augsburg;Schalke 04;2;2;0;1;0,2413;0,5051;0,2536
35379;2020-12-13;T20-21;I1;Cagliari;Inter;1;3;2;1;0,2585;0,477;0,2646
16262;2020-12-13;T20-21;E0;Southampton;Sheffield United;3;0;1;1;0,283;0,4166;0,3004
16263;2020-12-13;T20-21;E0;Crystal Palace;Tottenham;1;1;0;1;0,241;0,4885;0,2705
16264;2020-12-13;T20-21;E0;Fulham;Liverpool;1;1;0;1;0,3045;0,3813;0,3142
6218;2020-12-13;T20-21;D1;Leverkusen;Hoffenheim;4;1;1;1;0,2087;0,561;0,2303
16266;2020-12-13;T20-21;E0;Leicester;Brighton;3;0;1;1;0,2336;0,5138;0,2526
26806;2020-12-13;T20-21;F1;Nice;Rennes;0;1;2;1;0,241;0,4885;0,2705
26807;2020-12-13;T20-21;F1;Brest;Reims;2;1;1;1;0,2448;0,507;0,2482
26809;2020-12-13;T20-21;F1;Nantes;Dijon;1;1;0;1;0,2477;0,4962;0,2561
26810;2020-12-13;T20-21;F1;Strasbourg;Metz;2;2;0;1;0,2208;0,5464;0,2328
16265;2020-12-13;T20-21;E0;Arsenal;Burnley;0;1;2;1;0,2398;0,5068;0,2534
58018;2020-12-14;T20-21;SP2;Girona;Vallecano;0;0;0;1;0,2461;0,4985;0,2554
45500;2020-12-15;T20-21;SP1;Real Madrid;Ath Bilbao;3;1;1;1;0,2526;0,5316;0,2158
6219;2020-12-15;T20-21;D1;Ein Frankfurt;M'gladbach;3;3;0;1;0,2953;0,4021;0,3025
6220;2020-12-15;T20-21;D1;Hertha;Mainz;0;0;0;1;0,2521;0,4886;0,2594
6221;2020-12-15;T20-21;D1;Stuttgart;Union Berlin;2;2;0;1;0,2367;0,5066;0,2567
6222;2020-12-15;T20-21;D1;Werder Bremen;Dortmund;1;2;2;1;0,2679;0,4489;0,2832
16267;2020-12-15;T20-21;E0;Wolves;Chelsea;2;1;1;1;0,2669;0,4438;0,2893
26822;2020-12-16;T20-21;F1;Rennes;Marseille;2;1;1;1;0,2287;0,5288;0,2425
35387;2020-12-16;T20-21;I1;Juventus;Atalanta;1;1;0;1;0,2385;0,5099;0,2517
26818;2020-12-16;T20-21;F1;Bordeaux;St Etienne;1;2;2;1;0,2319;0,5232;0,245
26819;2020-12-16;T20-21;F1;Lyon;Brest;2;2;0;1;0,2559;0,4926;0,2514
35388;2020-12-16;T20-21;I1;Fiorentina;Sassuolo;1;1;0;1;0,2626;0,4651;0,2723
26817;2020-12-16;T20-21;F1;Reims;Nantes;3;2;1;1;0,2446;0,5013;0,2542
35390;2020-12-16;T20-21;I1;Inter;Napoli;1;0;1;1;0,2199;0,5423;0,2378
35391;2020-12-16;T20-21;I1;Parma;Cagliari;0;0;0;1;0,3301;0,3407;0,3292
35393;2020-12-16;T20-21;I1;Verona;Sampdoria;1;2;2;1;0,2967;0,415;0,2884
45501;2020-12-16;T20-21;SP1;Barcelona;Sociedad;2;1;1;1;0,2213;0,551;0,2277
35389;2020-12-16;T20-21;I1;Genoa;Milan;2;2;0;1;0,2977;0,4128;0,2896
26816;2020-12-16;T20-21;F1;Nimes;Nice;0;2;2;1;0,3301;0,3407;0,3292
6227;2020-12-16;T20-21;D1;Hoffenheim;RB Leipzig;0;1;2;1;0,2607;0,4651;0,2742
26814;2020-12-16;T20-21;F1;Dijon;Lille;0;2;2;1;0,287;0,41;0,303
26813;2020-12-16;T20-21;F1;Angers;Strasbourg;0;2;2;1;0,2681;0,4556;0,2764
16274;2020-12-16;T20-21;E0;West Ham;Crystal Palace;1;1;0;1;0,2162;0,5439;0,2399
16273;2020-12-16;T20-21;E0;Liverpool;Tottenham;2;1;1;1;0,2413;0,505;0,2536
16272;2020-12-16;T20-21;E0;Fulham;Brighton;0;0;0;1;0,2635;0,4727;0,2637
16271;2020-12-16;T20-21;E0;Leicester;Everton;0;2;2;1;0,2355;0,5108;0,2537
16269;2020-12-16;T20-21;E0;Arsenal;Southampton;1;1;0;1;0,2229;0,5379;0,2392
26815;2020-12-16;T20-21;F1;Montpellier;Metz;0;2;2;1;0,2268;0,5318;0,2415
6226;2020-12-16;T20-21;D1;FC Koln;Leverkusen;0;4;2;1;0,3213;0,3605;0,3182
6224;2020-12-16;T20-21;D1;Bayern Munich;Wolfsburg;2;1;1;1;0,22;0,5496;0,2304
6223;2020-12-16;T20-21;D1;Schalke 04;Freiburg;0;2;2;1;0,2586;0,4578;0,2835
16276;2020-12-17;T20-21;E0;Sheffield United;Man United;2;3;2;1;0,3301;0,3407;0,3292
35394;2020-12-17;T20-21;I1;Roma;Torino;3;1;1;1;0,2399;0,5022;0,2579
16275;2020-12-17;T20-21;E0;Aston Villa;Burnley;0;0;0;1;0,2467;0,4881;0,2651
6228;2020-12-18;T20-21;D1;Union Berlin;Dortmund;2;1;1;1;0,2668;0,4508;0,2824
45502;2020-12-18;T20-21;SP1;Ath Bilbao;Huesca;2;0;1;1;0,2408;0,5079;0,2513
58019;2020-12-18;T20-21;SP2;Ponferradina;Oviedo;1;0;1;1;0,2969;0,4145;0,2886
35395;2020-12-19;T20-21;I1;Fiorentina;Verona;1;1;0;1;0,246;0,4986;0,2553
58022;2020-12-19;T20-21;SP2;Zaragoza;Lugo;1;0;1;1;0,2351;0,5173;0,2475
58021;2020-12-19;T20-21;SP2;Mallorca;Fuenlabrada;2;3;2;1;0,2293;0,5276;0,2432
58020;2020-12-19;T20-21;SP2;Sabadell;Castellon;1;1;0;1;0,2648;0,4671;0,2681
45507;2020-12-19;T20-21;SP1;Sevilla;Valladolid;1;1;0;1;0,2635;0,4863;0,2502
45506;2020-12-19;T20-21;SP1;Osasuna;Villarreal;1;3;2;1;0,2385;0,5113;0,2502
45505;2020-12-19;T20-21;SP1;Levante;Sociedad;2;1;1;1;0,2523;0,4881;0,2596
45504;2020-12-19;T20-21;SP1;Barcelona;Valencia;2;2;0;1;0,1867;0,6097;0,2035
35397;2020-12-19;T20-21;I1;Parma;Juventus;0;4;2;1;0,2902;0,429;0,2808
26825;2020-12-19;T20-21;F1;Nice;Lyon;1;4;2;1;0,2211;0,5475;0,2314
16278;2020-12-19;T20-21;E0;Southampton;Man City;0;1;2;1;0,2375;0,5091;0,2534
16280;2020-12-19;T20-21;E0;Newcastle;Fulham;1;1;0;1;0,2461;0,4962;0,2578
16279;2020-12-19;T20-21;E0;Everton;Arsenal;2;1;1;1;0,2521;0,4827;0,2652
16277;2020-12-19;T20-21;E0;Crystal Palace;Liverpool;0;7;2;1;0,2586;0,4578;0,2835
6234;2020-12-19;T20-21;D1;Leverkusen;Bayern Munich;1;2;2;1;0,2123;0,5562;0,2315
6232;2020-12-19;T20-21;D1;RB Leipzig;FC Koln;0;0;0;1;0,2429;0,5124;0,2446
6231;2020-12-19;T20-21;D1;M'gladbach;Hoffenheim;1;2;2;1;0,2474;0,4899;0,2627
6230;2020-12-19;T20-21;D1;Mainz;Werder Bremen;0;1;2;1;0,2592;0,4643;0,2765
6229;2020-12-19;T20-21;D1;Augsburg;Ein Frankfurt;0;2;2;1;0,2513;0,4895;0,2592
26824;2020-12-19;T20-21;F1;Marseille;Reims;1;1;0;1;0,2334;0,5278;0,2389
35403;2020-12-20;T20-21;I1;Atalanta;Roma;4;1;1;1;0,2395;0,506;0,2545
35404;2020-12-20;T20-21;I1;Lazio;Napoli;2;0;1;1;0,308;0,3902;0,3019
45508;2020-12-20;T20-21;SP1;Celta;Alaves;2;0;1;1;0,271;0,4564;0,2727
45509;2020-12-20;T20-21;SP1;Granada;Betis;2;0;1;1;0,2326;0,5173;0,2501
58026;2020-12-20;T20-21;SP2;Malaga;Logrones;0;0;0;1;0,2703;0,4579;0,2718
58023;2020-12-20;T20-21;SP2;Alcorcon;Cartagena;2;1;1;1;0,2203;0,5434;0,2363
58024;2020-12-20;T20-21;SP2;Espanol;Almeria;2;1;1;1;0,208;0,565;0,2269
58025;2020-12-20;T20-21;SP2;Vallecano;Las Palmas;2;0;1;1;0,2105;0,5593;0,2301
35402;2020-12-20;T20-21;I1;Sassuolo;Milan;1;2;2;1;0,2989;0,4037;0,2974
45511;2020-12-20;T20-21;SP1;Eibar;Real Madrid;1;3;2;1;0,2429;0,4852;0,2719
35400;2020-12-20;T20-21;I1;Cagliari;Udinese;1;1;0;1;0,2968;0,4147;0,2885
16281;2020-12-20;T20-21;E0;Brighton;Sheffield United;1;1;0;1;0,2761;0,4282;0,2957
26832;2020-12-20;T20-21;F1;Lille;Paris SG;0;0;0;1;0,2418;0,5035;0,2547
26831;2020-12-20;T20-21;F1;Lorient;Rennes;0;3;2;1;0,2761;0,4282;0,2957
26830;2020-12-20;T20-21;F1;Strasbourg;Bordeaux;0;2;2;1;0,2659;0,4454;0,2887
26829;2020-12-20;T20-21;F1;St Etienne;Nimes;2;2;0;1;0,2432;0,4952;0,2616
26828;2020-12-20;T20-21;F1;Nantes;Angers;1;1;0;1;0,2476;0,477;0,2754
26827;2020-12-20;T20-21;F1;Dijon;Monaco;0;1;2;1;0,2696;0,4565;0,2739
26826;2020-12-20;T20-21;F1;Brest;Montpellier;2;2;0;1;0,2772;0,4371;0,2856
16282;2020-12-20;T20-21;E0;Tottenham;Leicester;0;2;2;1;0,2509;0,4919;0,2572
35398;2020-12-20;T20-21;I1;Torino;Bologna;1;1;0;0;0,6461;0,3528;0,0011
6236;2020-12-20;T20-21;D1;Wolfsburg;Stuttgart;1;0;1;1;0,2258;0,5269;0,2472
6235;2020-12-20;T20-21;D1;Freiburg;Hertha;4;1;1;1;0,2131;0,5558;0,2311
58028;2020-12-21;T20-21;SP2;Sp Gijon;Leganes;1;1;0;1;0,2969;0,4145;0,2886
58027;2020-12-21;T20-21;SP2;Mirandes;Albacete;0;2;2;1;0,2705;0,4574;0,2721
58029;2020-12-21;T20-21;SP2;Tenerife;Girona;2;0;1;1;0,2974;0,4133;0,2893
16285;2020-12-21;T20-21;E0;Burnley;Wolves;2;1;1;1;0,3045;0,3813;0,3142
16286;2020-12-21;T20-21;E0;Chelsea;West Ham;3;0;1;1;0,2473;0,4917;0,261
35406;2020-12-22;T20-21;I1;Juventus;Fiorentina;0;3;2;1;0,2326;0,521;0,2464
45513;2020-12-22;T20-21;SP1;Valencia;Sevilla;0;1;2;1;0,2517;0,4887;0,2596
45514;2020-12-22;T20-21;SP1;Huesca;Levante;1;1;0;1;0,2626;0,4709;0,2666
45515;2020-12-22;T20-21;SP1;Sociedad;Ath Madrid;0;2;2;1;0,2372;0,5139;0,249
45516;2020-12-22;T20-21;SP1;Valladolid;Barcelona;0;3;2;1;0,2729;0,4336;0,2935
45517;2020-12-22;T20-21;SP1;Villarreal;Ath Bilbao;1;1;0;1;0,2482;0,4952;0,2567
35409;2020-12-23;T20-21;I1;Milan;Lazio;3;2;1;1;0,2364;0,5156;0,248
35410;2020-12-23;T20-21;I1;Napoli;Torino;1;1;0;1;0,2571;0,4766;0,2663
35411;2020-12-23;T20-21;I1;Roma;Cagliari;3;2;1;1;0,2689;0,452;0,2792
45520;2020-12-23;T20-21;SP1;Alaves;Eibar;2;1;1;1;0,297;0,4143;0,2888
45518;2020-12-23;T20-21;SP1;Getafe;Celta;1;1;0;1;0,2968;0,4147;0,2885
45519;2020-12-23;T20-21;SP1;Real Madrid;Granada;2;0;1;1;0,2596;0,4953;0,2451
35408;2020-12-23;T20-21;I1;Bologna;Atalanta;2;2;0;1;0,2917;0,4023;0,306
35412;2020-12-23;T20-21;I1;Sampdoria;Sassuolo;2;3;2;1;0,3183;0,3672;0,3145
26842;2020-12-23;T20-21;F1;Paris SG;Strasbourg;4;0;1;1;0,2202;0,5478;0,232
35407;2020-12-23;T20-21;I1;Verona;Inter;1;2;2;1;0,3301;0,3407;0,3292
26841;2020-12-23;T20-21;F1;Montpellier;Lille;2;3;2;1;0,2739;0,4318;0,2942
26840;2020-12-23;T20-21;F1;Monaco;St Etienne;2;2;0;1;0,2673;0,4539;0,2788
26839;2020-12-23;T20-21;F1;Lyon;Nantes;3;0;1;1;0,1996;0,5861;0,2143
26838;2020-12-23;T20-21;F1;Angers;Marseille;2;1;1;1;0,2535;0,4863;0,2602
26837;2020-12-23;T20-21;F1;Rennes;Metz;1;0;1;1;0,2128;0,5587;0,2285
26836;2020-12-23;T20-21;F1;Nimes;Dijon;1;3;2;1;0,2485;0,4943;0,2571
26835;2020-12-23;T20-21;F1;Nice;Lorient;2;2;0;1;0,2488;0,4901;0,2611
26834;2020-12-23;T20-21;F1;Lens;Brest;2;1;1;1;0,2443;0,4936;0,262
26833;2020-12-23;T20-21;F1;Bordeaux;Reims;1;3;2;1;0,2674;0,459;0,2735
16292;2020-12-26;T20-21;E0;Sheffield United;Everton;0;1;2;1;0,3301;0,3407;0,3292
16291;2020-12-26;T20-21;E0;Man City;Newcastle;2;0;1;1;0,2647;0,4836;0,2516
16290;2020-12-26;T20-21;E0;Arsenal;Chelsea;3;1;1;1;0,2322;0,5199;0,2478
16289;2020-12-26;T20-21;E0;Fulham;Southampton;0;0;0;1;0,283;0,4166;0,3004
16288;2020-12-26;T20-21;E0;Aston Villa;Crystal Palace;3;0;1;1;0,2156;0,5443;0,2402
16287;2020-12-26;T20-21;E0;Leicester;Man United;2;2;0;1;0,2248;0,5316;0,2436
16294;2020-12-27;T20-21;E0;West Ham;Brighton;2;2;0;1;0,3101;0,3855;0,3044
16296;2020-12-27;T20-21;E0;Wolves;Tottenham;1;1;0;1;0,2569;0,4608;0,2823
16298;2020-12-28;T20-21;E0;Chelsea;Aston Villa;1;1;0;1;0,2322;0,5173;0,2505
16297;2020-12-28;T20-21;E0;Crystal Palace;Leicester;1;1;0;1;0,2794;0,4226;0,298
45524;2020-12-29;T20-21;SP1;Cadiz;Valladolid;0;0;0;1;0,2608;0,4737;0,2655
16302;2020-12-29;T20-21;E0;West Brom;Leeds;0;5;2;1;0,3213;0,3605;0,3182
45523;2020-12-29;T20-21;SP1;Barcelona;Eibar;1;1;0;1;0,1861;0,6106;0,2032
45525;2020-12-29;T20-21;SP1;Levante;Betis;4;3;1;1;0,2416;0,506;0,2523
45522;2020-12-29;T20-21;SP1;Sevilla;Villarreal;2;0;1;1;0,2647;0,4836;0,2516
16299;2020-12-29;T20-21;E0;Brighton;Arsenal;0;1;2;1;0,2121;0,5626;0,2254
16301;2020-12-29;T20-21;E0;Southampton;West Ham;0;0;0;1;0,2734;0,4481;0,2785
16300;2020-12-29;T20-21;E0;Burnley;Sheffield United;1;0;1;1;0,2482;0,495;0,2568
16303;2020-12-29;T20-21;E0;Man United;Wolves;1;0;1;1;0,2476;0,477;0,2754
16304;2020-12-30;T20-21;E0;Newcastle;Liverpool;0;0;0;1;0,2867;0,4098;0,3035
45526;2020-12-30;T20-21;SP1;Granada;Valencia;2;1;1;1;0,2579;0,4783;0,2639
45527;2020-12-30;T20-21;SP1;Ath Madrid;Getafe;1;0;1;1;0,2485;0,4944;0,2571
45528;2020-12-30;T20-21;SP1;Celta;Huesca;2;1;1;1;0,297;0,4143;0,2888
45530;2020-12-31;T20-21;SP1;Ath Bilbao;Sociedad;0;1;2;1;0,2523;0,4881;0,2596
45531;2020-12-31;T20-21;SP1;Osasuna;Alaves;1;1;0;1;0,245;0,5003;0,2547
16305;2021-01-01;T20-21;E0;Everton;West Ham;0;1;2;1;0,2814;0,4333;0,2853
16306;2021-01-01;T20-21;E0;Man United;Aston Villa;2;1;1;1;0,2186;0,5463;0,2351
45534;2021-01-02;T20-21;SP1;Getafe;Valladolid;0;1;2;1;0,2973;0,4137;0,2891
45535;2021-01-02;T20-21;SP1;Real Madrid;Celta;2;0;1;1;0,2579;0,5054;0,2367
58030;2021-01-02;T20-21;SP2;Fuenlabrada;Leganes;0;0;0;1;0,2486;0,4942;0,2572
6243;2021-01-02;T20-21;D1;Stuttgart;RB Leipzig;0;1;2;1;0,2724;0,4459;0,2817
58032;2021-01-02;T20-21;SP2;Logrones;Mirandes;2;1;1;1;0,2976;0,413;0,2894
58033;2021-01-02;T20-21;SP2;Cartagena;Zaragoza;1;1;0;1;0,241;0,5076;0,2515
45533;2021-01-02;T20-21;SP1;Betis;Sevilla;1;1;0;1;0,2298;0,5263;0,2439
58031;2021-01-02;T20-21;SP2;Vallecano;Alcorcon;2;1;1;1;0,2296;0,5268;0,2436
45532;2021-01-02;T20-21;SP1;Villarreal;Levante;2;1;1;1;0,2349;0,5179;0,2472
6240;2021-01-02;T20-21;D1;Hoffenheim;Freiburg;1;3;2;1;0,2409;0,4984;0,2606
16309;2021-01-02;T20-21;E0;Brighton;Wolves;3;3;0;1;0,2505;0,4719;0,2776
16308;2021-01-02;T20-21;E0;Crystal Palace;Sheffield United;2;0;1;1;0,297;0,4143;0,2887
16307;2021-01-02;T20-21;E0;Tottenham;Leeds;3;0;1;1;0,2915;0,4262;0,2823
6242;2021-01-02;T20-21;D1;Hertha;Schalke 04;3;0;1;1;0,2486;0,4942;0,2572
6241;2021-01-02;T20-21;D1;Werder Bremen;Union Berlin;0;2;2;1;0,2475;0,4865;0,2661
6239;2021-01-02;T20-21;D1;FC Koln;Augsburg;0;1;2;1;0,3216;0,3598;0,3186
6238;2021-01-02;T20-21;D1;Ein Frankfurt;Leverkusen;2;1;1;1;0,2421;0,4932;0,2648
16310;2021-01-02;T20-21;E0;West Brom;Arsenal;0;4;2;1;0,2864;0,4372;0,2764
58036;2021-01-03;T20-21;SP2;Albacete;Malaga;1;1;0;1;0,2703;0,4579;0,2718
58035;2021-01-03;T20-21;SP2;Las Palmas;Espanol;1;0;1;1;0,3034;0,4003;0,2963
58034;2021-01-03;T20-21;SP2;Castellon;Tenerife;0;1;2;1;0,2345;0,5188;0,2467
45540;2021-01-03;T20-21;SP1;Huesca;Barcelona;0;1;2;1;0,2586;0,4578;0,2835
45539;2021-01-03;T20-21;SP1;Sociedad;Osasuna;1;1;0;1;0,2392;0,5104;0,2504
45538;2021-01-03;T20-21;SP1;Eibar;Granada;2;0;1;1;0,2567;0,4808;0,2625
45537;2021-01-03;T20-21;SP1;Alaves;Ath Madrid;1;2;2;1;0,2698;0,4388;0,2914
35424;2021-01-03;T20-21;I1;Juventus;Udinese;4;1;1;1;0,2459;0,4965;0,2576
35420;2021-01-03;T20-21;I1;Parma;Torino;0;3;2;1;0,238;0,5126;0,2495
35419;2021-01-03;T20-21;I1;Genoa;Lazio;1;1;0;1;0,297;0,4143;0,2888
35418;2021-01-03;T20-21;I1;Fiorentina;Bologna;0;0;0;1;0,3025;0,4023;0,2952
35417;2021-01-03;T20-21;I1;Cagliari;Napoli;1;4;2;1;0,2902;0,429;0,2808
35416;2021-01-03;T20-21;I1;Atalanta;Sassuolo;5;1;1;1;0,2663;0,4595;0,2742
16312;2021-01-03;T20-21;E0;Chelsea;Man City;1;3;2;1;0,2276;0,5253;0,2471
16311;2021-01-03;T20-21;E0;Newcastle;Leicester;1;2;2;1;0,2917;0,4023;0,306
6245;2021-01-03;T20-21;D1;Bayern Munich;Mainz;5;2;1;1;0,2156;0,5555;0,2289
35421;2021-01-03;T20-21;I1;Roma;Sampdoria;1;0;1;1;0,2725;0,4458;0,2818
16313;2021-01-04;T20-21;E0;Southampton;Liverpool;1;0;1;1;0,3051;0,3964;0,2985
45541;2021-01-04;T20-21;SP1;Valencia;Cadiz;1;1;0;1;0,264;0,4486;0,2873
35430;2021-01-06;T20-21;I1;Sampdoria;Inter;2;1;1;1;0,2942;0,4048;0,3011
35428;2021-01-06;T20-21;I1;Crotone;Roma;1;3;2;1;0,263;0,4699;0,2671
35429;2021-01-06;T20-21;I1;Lazio;Fiorentina;2;1;1;1;0,2497;0,4863;0,264
35431;2021-01-06;T20-21;I1;Sassuolo;Genoa;2;1;1;1;0,2627;0,4706;0,2667
35427;2021-01-06;T20-21;I1;Bologna;Udinese;2;2;0;1;0,3301;0,3407;0,3292
35433;2021-01-06;T20-21;I1;Napoli;Spezia;1;2;2;1;0,2133;0,5539;0,2327
35434;2021-01-06;T20-21;I1;Milan;Juventus;1;3;2;1;0,2638;0,4681;0,2681
45542;2021-01-06;T20-21;SP1;Ath Bilbao;Barcelona;2;3;2;1;0,2953;0,3964;0,3083
35432;2021-01-06;T20-21;I1;Torino;Verona;1;1;0;1;0,2574;0,4793;0,2633
35426;2021-01-06;T20-21;I1;Atalanta;Parma;3;0;1;1;0,2314;0,5188;0,2498
26848;2021-01-06;T20-21;F1;Lille;Angers;1;2;2;1;0,2843;0,4191;0,2966
26852;2021-01-06;T20-21;F1;St Etienne;Paris SG;1;1;0;1;0,2113;0,5568;0,2319
26851;2021-01-06;T20-21;F1;Reims;Dijon;0;0;0;1;0,2482;0,4952;0,2567
26850;2021-01-06;T20-21;F1;Marseille;Montpellier;3;1;1;1;0,2476;0,5008;0,2516
26849;2021-01-06;T20-21;F1;Lyon;Lens;3;2;1;1;0,2058;0,5774;0,2167
35425;2021-01-06;T20-21;I1;Cagliari;Benevento;1;2;2;1;0,3176;0,3689;0,3136
26847;2021-01-06;T20-21;F1;Strasbourg;Nimes;5;0;1;1;0,2872;0,4203;0,2924
26846;2021-01-06;T20-21;F1;Nantes;Rennes;0;0;0;1;0,241;0,4885;0,2705
26845;2021-01-06;T20-21;F1;Metz;Bordeaux;0;0;0;1;0,2917;0,4023;0,306
26844;2021-01-06;T20-21;F1;Lorient;Monaco;2;5;2;1;0,1848;0,6095;0,2057
26843;2021-01-06;T20-21;F1;Brest;Nice;2;0;1;1;0,2397;0,5138;0,2465
58041;2021-01-08;T20-21;SP2;Zaragoza;Logrones;2;0;1;1;0,2238;0,5371;0,2391
45543;2021-01-08;T20-21;SP1;Celta;Villarreal;0;4;2;1;0,2451;0,5;0,2548
6246;2021-01-08;T20-21;D1;M'gladbach;Bayern Munich;3;2;1;1;0,2074;0,5599;0,2327
45546;2021-01-09;T20-21;SP1;Osasuna;Real Madrid;0;0;0;1;0,3301;0,3407;0,3292
45545;2021-01-09;T20-21;SP1;Granada;Barcelona;0;4;2;1;0,2485;0,4783;0,2732
45544;2021-01-09;T20-21;SP1;Sevilla;Sociedad;3;2;1;1;0,2706;0,4571;0,2722
35437;2021-01-09;T20-21;I1;Milan;Torino;2;0;1;1;0,2334;0,5182;0,2484
35436;2021-01-09;T20-21;I1;Genoa;Bologna;2;0;1;1;0,2971;0,414;0,2889
35435;2021-01-09;T20-21;I1;Benevento;Atalanta;1;4;2;1;0,2729;0,4336;0,2935
26862;2021-01-09;T20-21;F1;Rennes;Lyon;2;2;0;1;0,2573;0,4864;0,2563
26861;2021-01-09;T20-21;F1;Reims;St Etienne;3;1;1;1;0,2565;0,4813;0,2622
26860;2021-01-09;T20-21;F1;Paris SG;Brest;3;0;1;1;0,2351;0,524;0,2409
26859;2021-01-09;T20-21;F1;Nimes;Lille;0;1;2;1;0,3301;0,3407;0,3292
26858;2021-01-09;T20-21;F1;Montpellier;Nantes;1;1;0;1;0,2502;0,4803;0,2695
58042;2021-01-09;T20-21;SP2;Malaga;Oviedo;1;1;0;1;0,2442;0,5004;0,2554
26856;2021-01-09;T20-21;F1;Metz;Nice;1;1;0;1;0,2485;0,4989;0,2526
26857;2021-01-09;T20-21;F1;Monaco;Angers;3;0;1;1;0,2316;0,5146;0,2538
6247;2021-01-09;T20-21;D1;Freiburg;FC Koln;5;0;1;1;0,2971;0,414;0,2889
6249;2021-01-09;T20-21;D1;Mainz;Ein Frankfurt;0;2;2;1;0,2541;0,4746;0,2712
6250;2021-01-09;T20-21;D1;Schalke 04;Hoffenheim;4;0;1;1;0,2482;0,4952;0,2567
6248;2021-01-09;T20-21;D1;Leverkusen;Werder Bremen;1;1;0;1;0,255;0,4799;0,2651
6252;2021-01-09;T20-21;D1;RB Leipzig;Dortmund;1;3;2;1;0,2691;0,4744;0,2565
26853;2021-01-09;T20-21;F1;Bordeaux;Lorient;2;1;1;1;0,2414;0,5034;0,2553
26854;2021-01-09;T20-21;F1;Dijon;Marseille;0;0;0;1;0,2701;0,4584;0,2715
26855;2021-01-09;T20-21;F1;Lens;Strasbourg;0;1;2;1;0,265;0,4575;0,2775
6251;2021-01-09;T20-21;D1;Union Berlin;Wolfsburg;2;2;0;1;0,2771;0,4354;0,2875
45547;2021-01-10;T20-21;SP1;Levante;Eibar;2;1;1;1;0,2636;0,463;0,2734
58044;2021-01-10;T20-21;SP2;Tenerife;Cartagena;3;0;1;1;0,2973;0,4135;0,2892
58043;2021-01-10;T20-21;SP2;Mallorca;Las Palmas;0;1;2;1;0,2696;0,4594;0,271
45549;2021-01-10;T20-21;SP1;Valladolid;Valencia;0;1;2;1;0,2961;0,4162;0,2877
45548;2021-01-10;T20-21;SP1;Cadiz;Alaves;3;1;1;1;0,2628;0,4704;0,2668
35443;2021-01-10;T20-21;I1;Juventus;Sassuolo;3;1;1;1;0,235;0,5147;0,2503
58045;2021-01-10;T20-21;SP2;Espanol;Castellon;2;0;1;1;0,2971;0,414;0,2889
35441;2021-01-10;T20-21;I1;Verona;Crotone;2;1;1;1;0,266;0,4633;0,2707
35440;2021-01-10;T20-21;I1;Udinese;Napoli;1;2;2;1;0,2589;0,4713;0,2698
35439;2021-01-10;T20-21;I1;Parma;Lazio;0;2;2;1;0,2567;0,4808;0,2625
35438;2021-01-10;T20-21;I1;Roma;Inter;2;2;0;1;0,2551;0,476;0,269
6253;2021-01-10;T20-21;D1;Augsburg;Stuttgart;1;4;2;1;0,2416;0,506;0,2523
35442;2021-01-10;T20-21;I1;Fiorentina;Cagliari;1;0;1;1;0,2579;0,4757;0,2664
35444;2021-01-11;T20-21;I1;Spezia;Sampdoria;2;1;1;1;0,2972;0,4138;0,289
45550;2021-01-11;T20-21;SP1;Elche;Getafe;1;3;2;1;0,2971;0,414;0,2889
45551;2021-01-11;T20-21;SP1;Huesca;Betis;0;2;2;1;0,2449;0,5005;0,2546
58046;2021-01-11;T20-21;SP2;Ponferradina;Girona;1;1;0;1;0,2567;0,4808;0,2625
58047;2021-01-11;T20-21;SP2;Sp Gijon;Fuenlabrada;2;1;1;1;0,2475;0,4967;0,2559
58048;2021-01-11;T20-21;SP2;Sabadell;Lugo;1;1;0;1;0,2309;0,5298;0,2393
45553;2021-01-12;T20-21;SP1;Ath Madrid;Sevilla;2;0;1;1;0,2357;0,5969;0,1674
45552;2021-01-12;T20-21;SP1;Granada;Osasuna;2;0;1;1;0,2312;0,5241;0,2447
16316;2021-01-12;T20-21;E0;Wolves;Everton;1;2;2;1;0,2497;0,4916;0,2586
16314;2021-01-12;T20-21;E0;Sheffield United;Newcastle;1;0;1;1;0,3301;0,3407;0,3292
16315;2021-01-12;T20-21;E0;Burnley;Man United;0;1;2;1;0,3301;0,3407;0,3292
16317;2021-01-13;T20-21;E0;Man City;Brighton;1;0;1;1;0,2535;0,5276;0,219
16319;2021-01-14;T20-21;E0;Arsenal;Crystal Palace;0;0;0;1;0,199;0,5802;0,2207
6255;2021-01-15;T20-21;D1;Union Berlin;Leverkusen;1;0;1;1;0,2761;0,4282;0,2957
26863;2021-01-15;T20-21;F1;Montpellier;Monaco;2;3;2;1;0,2657;0,4539;0,2804
35445;2021-01-15;T20-21;I1;Lazio;Roma;3;0;1;1;0,2352;0,5113;0,2534
16323;2021-01-16;T20-21;E0;Fulham;Chelsea;0;1;2;1;0,2536;0,4665;0,2799
35447;2021-01-16;T20-21;I1;Torino;Spezia;0;0;0;1;0,2328;0,5216;0,2456
35446;2021-01-16;T20-21;I1;Bologna;Verona;1;0;1;1;0,2571;0,48;0,2629
35448;2021-01-16;T20-21;I1;Sampdoria;Udinese;2;1;1;1;0,3301;0,3407;0,3292
26864;2021-01-16;T20-21;F1;Marseille;Nimes;1;2;2;1;0,2124;0,5613;0,2262
16324;2021-01-16;T20-21;E0;Leicester;Southampton;2;0;1;1;0,2656;0,4611;0,2733
16322;2021-01-16;T20-21;E0;West Ham;Burnley;1;0;1;1;0,2761;0,4282;0,2957
26865;2021-01-16;T20-21;F1;Angers;Paris SG;0;1;2;1;0,3034;0,4003;0,2963
16320;2021-01-16;T20-21;E0;Wolves;West Brom;2;3;2;1;0,2411;0,5055;0,2534
6256;2021-01-16;T20-21;D1;Dortmund;Mainz;1;1;0;1;0,2249;0,5335;0,2416
6257;2021-01-16;T20-21;D1;FC Koln;Hertha;0;0;0;1;0,2624;0,4711;0,2664
6258;2021-01-16;T20-21;D1;Hoffenheim;Bielefeld;0;0;0;1;0,2381;0,501;0,2609
16321;2021-01-16;T20-21;E0;Leeds;Brighton;0;1;2;1;0,2319;0,5095;0,2585
6260;2021-01-16;T20-21;D1;Wolfsburg;RB Leipzig;2;2;0;1;0,2246;0,5293;0,246
6261;2021-01-16;T20-21;D1;Stuttgart;M'gladbach;2;2;0;1;0,2182;0,54;0,2417
6259;2021-01-16;T20-21;D1;Werder Bremen;Augsburg;2;0;1;1;0,3143;0,3762;0,3095
35453;2021-01-17;T20-21;I1;Inter;Juventus;2;0;1;1;0,2157;0,548;0,2363
35451;2021-01-17;T20-21;I1;Sassuolo;Parma;1;1;0;1;0,2633;0,4614;0,2753
35450;2021-01-17;T20-21;I1;Crotone;Benevento;4;1;1;1;0,261;0,4734;0,2657
26871;2021-01-17;T20-21;F1;Lyon;Metz;0;1;2;1;0,2262;0,5372;0,2366
26870;2021-01-17;T20-21;F1;Lille;Reims;2;1;1;1;0,2694;0,4557;0,2749
26869;2021-01-17;T20-21;F1;Strasbourg;St Etienne;1;0;1;1;0,2161;0,5507;0,2331
26868;2021-01-17;T20-21;F1;Nice;Bordeaux;0;3;2;1;0,2729;0,4336;0,2935
35452;2021-01-17;T20-21;I1;Atalanta;Genoa;0;0;0;1;0,2062;0,5637;0,23
26866;2021-01-17;T20-21;F1;Brest;Rennes;1;2;2;1;0,2761;0,4282;0,2957
26867;2021-01-17;T20-21;F1;Nantes;Lens;1;1;0;1;0,287;0,41;0,303
6262;2021-01-17;T20-21;D1;Bayern Munich;Freiburg;2;1;1;1;0,21;0,5616;0,2285
6263;2021-01-17;T20-21;D1;Ein Frankfurt;Schalke 04;3;1;1;1;0,2524;0,4768;0,2708
35449;2021-01-17;T20-21;I1;Napoli;Fiorentina;6;0;1;1;0,201;0,5754;0,2237
16326;2021-01-17;T20-21;E0;Liverpool;Man United;0;0;0;1;0,2162;0,5474;0,2364
16327;2021-01-17;T20-21;E0;Man City;Crystal Palace;4;0;1;1;0,2504;0,5415;0,2081
16325;2021-01-17;T20-21;E0;Sheffield United;Tottenham;1;3;2;1;0,2417;0,5026;0,2557
16328;2021-01-18;T20-21;E0;Arsenal;Newcastle;3;0;1;1;0,2408;0,508;0,2512
35454;2021-01-18;T20-21;I1;Cagliari;Milan;0;2;2;1;0,2647;0,4673;0,268
16329;2021-01-19;T20-21;E0;West Ham;West Brom;2;1;1;1;0,232;0,516;0,2519
45556;2021-01-19;T20-21;SP1;Alaves;Sevilla;1;2;2;1;0,3301;0,3407;0,3292
45555;2021-01-19;T20-21;SP1;Valladolid;Elche;2;2;0;1;0,2423;0,5045;0,2532
45554;2021-01-19;T20-21;SP1;Cadiz;Levante;2;2;0;1;0,2521;0,4886;0,2594
16330;2021-01-19;T20-21;E0;Leicester;Chelsea;2;0;1;1;0,2206;0,5396;0,2398
6265;2021-01-19;T20-21;D1;Hertha;Hoffenheim;0;3;2;1;0,2352;0,5171;0,2477
6266;2021-01-19;T20-21;D1;Leverkusen;Dortmund;2;1;1;1;0,2415;0,5031;0,2554
6264;2021-01-19;T20-21;D1;M'gladbach;Werder Bremen;1;0;1;1;0,2832;0,4292;0,2875
6267;2021-01-19;T20-21;D1;Mainz;Wolfsburg;0;2;2;1;0,2706;0,4571;0,2722
45559;2021-01-20;T20-21;SP1;Villarreal;Granada;2;2;0;1;0,2191;0,5452;0,2357
45558;2021-01-20;T20-21;SP1;Betis;Celta;2;1;1;1;0,2187;0,5462;0,2351
45557;2021-01-20;T20-21;SP1;Getafe;Huesca;1;0;1;1;0,2286;0,5262;0,2451
35455;2021-01-20;T20-21;I1;Udinese;Atalanta;1;1;0;1;0,2569;0,4608;0,2823
26872;2021-01-20;T20-21;F1;Marseille;Lens;0;1;2;1;0,217;0,5514;0,2315
16332;2021-01-20;T20-21;E0;Fulham;Man United;1;2;2;1;0,2669;0,4438;0,2893
6271;2021-01-20;T20-21;D1;Freiburg;Ein Frankfurt;2;2;0;1;0,2634;0,4612;0,2755
6270;2021-01-20;T20-21;D1;Bielefeld;Stuttgart;3;0;1;1;0,283;0,4166;0,3004
6269;2021-01-20;T20-21;D1;Augsburg;Bayern Munich;0;1;2;1;0,2663;0,4546;0,2791
6268;2021-01-20;T20-21;D1;Schalke 04;FC Koln;1;2;2;1;0,2629;0,4701;0,267
6272;2021-01-20;T20-21;D1;RB Leipzig;Union Berlin;1;0;1;1;0,2205;0,5485;0,231
16333;2021-01-21;T20-21;E0;Liverpool;Burnley;0;1;2;1;0,2162;0,5474;0,2364
45560;2021-01-21;T20-21;SP1;Valencia;Osasuna;1;1;0;1;0,2105;0,5604;0,2291
45561;2021-01-21;T20-21;SP1;Eibar;Ath Madrid;1;2;2;1;0,2448;0,4818;0,2734
45562;2021-01-22;T20-21;SP1;Levante;Valladolid;2;2;0;1;0,2971;0,414;0,2889
35456;2021-01-22;T20-21;I1;Benevento;Torino;2;2;0;1;0,2565;0,4813;0,2622
6273;2021-01-22;T20-21;D1;M'gladbach;Dortmund;4;2;1;1;0,2693;0,4527;0,2779
26873;2021-01-22;T20-21;F1;Paris SG;Montpellier;4;0;1;1;0,2579;0,5054;0,2367
58055;2021-01-23;T20-21;SP2;Malaga;Ponferradina;0;2;2;1;0,3015;0,4045;0,2941
58054;2021-01-23;T20-21;SP2;Lugo;Tenerife;2;0;1;1;0,2334;0,5213;0,2454
58053;2021-01-23;T20-21;SP2;Girona;Espanol;1;0;1;1;0,2003;0,5816;0,2181
58052;2021-01-23;T20-21;SP2;Vallecano;Mallorca;1;3;2;1;0,2354;0,5168;0,2478
45566;2021-01-23;T20-21;SP1;Alaves;Real Madrid;1;4;2;1;0,2972;0,3932;0,3096
45565;2021-01-23;T20-21;SP1;Sociedad;Betis;2;2;0;1;0,2404;0,5123;0,2473
45564;2021-01-23;T20-21;SP1;Sevilla;Cadiz;3;0;1;1;0,2783;0,4245;0,2972
45563;2021-01-23;T20-21;SP1;Huesca;Villarreal;0;0;0;1;0,2669;0,4438;0,2893
35460;2021-01-23;T20-21;I1;Fiorentina;Crotone;2;1;1;1;0,2523;0,4822;0,2655
35459;2021-01-23;T20-21;I1;Udinese;Inter;0;0;0;1;0,2678;0,4422;0,29
26875;2021-01-23;T20-21;F1;Monaco;Marseille;3;1;1;1;0,2318;0,5166;0,2516
35457;2021-01-23;T20-21;I1;Roma;Spezia;4;3;1;1;0,2673;0,4546;0,2781
35458;2021-01-23;T20-21;I1;Milan;Atalanta;0;3;2;1;0,2637;0,4684;0,2679
6275;2021-01-23;T20-21;D1;Bielefeld;Ein Frankfurt;1;5;2;1;0,2576;0,4755;0,2669
6276;2021-01-23;T20-21;D1;Freiburg;Stuttgart;2;1;1;1;0,2613;0,4645;0,2742
6277;2021-01-23;T20-21;D1;Leverkusen;Wolfsburg;0;1;2;1;0,2221;0,537;0,2409
6274;2021-01-23;T20-21;D1;Augsburg;Union Berlin;2;1;1;1;0,2509;0,4904;0,2587
6279;2021-01-23;T20-21;D1;Hertha;Werder Bremen;1;4;2;1;0,2397;0,506;0,2542
16334;2021-01-23;T20-21;E0;Aston Villa;Newcastle;2;0;1;1;0,2523;0,4822;0,2655
26874;2021-01-23;T20-21;F1;Lens;Nice;0;1;2;1;0,2569;0,4732;0,27
6278;2021-01-23;T20-21;D1;Mainz;RB Leipzig;3;2;1;1;0,3045;0,3813;0,3142
35463;2021-01-24;T20-21;I1;Verona;Napoli;3;1;1;1;0,2609;0,469;0,2701
58058;2021-01-24;T20-21;SP2;Castellon;Sp Gijon;2;0;1;1;0,2969;0,4145;0,2886
45570;2021-01-24;T20-21;SP1;Ath Madrid;Valencia;3;1;1;1;0,2287;0,6197;0,1516
45569;2021-01-24;T20-21;SP1;Celta;Eibar;1;1;0;1;0,2479;0,4957;0,2564
45568;2021-01-24;T20-21;SP1;Elche;Barcelona;0;2;2;1;0,3045;0,3813;0,3142
45567;2021-01-24;T20-21;SP1;Osasuna;Granada;3;1;1;1;0,2333;0,5204;0,2463
35464;2021-01-24;T20-21;I1;Lazio;Sassuolo;2;1;1;1;0,2297;0,5214;0,249
35462;2021-01-24;T20-21;I1;Genoa;Cagliari;1;0;1;1;0,2976;0,413;0,2894
35465;2021-01-24;T20-21;I1;Parma;Sampdoria;0;2;2;1;0,2485;0,4944;0,2571
26881;2021-01-24;T20-21;F1;St Etienne;Lyon;0;5;2;1;0,2365;0,5174;0,2461
6281;2021-01-24;T20-21;D1;Hoffenheim;FC Koln;3;0;1;1;0,2447;0,4919;0,2635
26876;2021-01-24;T20-21;F1;Bordeaux;Angers;2;1;1;1;0,2469;0,4782;0,2749
26877;2021-01-24;T20-21;F1;Dijon;Strasbourg;1;1;0;1;0,2978;0,4125;0,2897
6280;2021-01-24;T20-21;D1;Schalke 04;Bayern Munich;0;4;2;1;0,2783;0,4245;0,2972
35461;2021-01-24;T20-21;I1;Juventus;Bologna;2;0;1;1;0,2309;0,5213;0,2479
26879;2021-01-24;T20-21;F1;Reims;Brest;1;0;1;1;0,3034;0,4003;0,2963
26880;2021-01-24;T20-21;F1;Rennes;Lille;0;1;2;1;0,2794;0,4226;0,298
26878;2021-01-24;T20-21;F1;Metz;Nantes;2;0;1;1;0,2469;0,4782;0,2749
58060;2021-01-25;T20-21;SP2;Cartagena;Mirandes;0;2;2;1;0,2964;0,4155;0,2881
16335;2021-01-26;T20-21;E0;Crystal Palace;West Ham;2;3;2;1;0,3301;0,3407;0,3292
16336;2021-01-26;T20-21;E0;Newcastle;Leeds;1;2;2;1;0,3301;0,3407;0,3292
16337;2021-01-26;T20-21;E0;Southampton;Arsenal;1;3;2;1;0,2779;0,4411;0,281
16338;2021-01-26;T20-21;E0;West Brom;Man City;0;5;2;1;0,2917;0,4023;0,306
58061;2021-01-26;T20-21;SP2;Alcorcon;Albacete;1;2;2;1;0,2484;0,4947;0,257
16343;2021-01-27;T20-21;E0;Man United;Sheffield United;1;2;2;1;0,2269;0,5357;0,2374
16341;2021-01-27;T20-21;E0;Brighton;Fulham;0;0;0;1;0,3105;0,3846;0,3049
16342;2021-01-27;T20-21;E0;Everton;Leicester;1;1;0;1;0,308;0,3901;0,3019
16339;2021-01-27;T20-21;E0;Burnley;Aston Villa;3;2;1;1;0,2638;0,4651;0,2711
16340;2021-01-27;T20-21;E0;Chelsea;Wolves;0;0;0;1;0,2305;0,5194;0,25
16344;2021-01-28;T20-21;E0;Tottenham;Liverpool;1;3;2;1;0,2162;0,5529;0,2309
6282;2021-01-29;T20-21;D1;Stuttgart;Mainz;2;0;1;1;0,2204;0,5343;0,2453
26883;2021-01-29;T20-21;F1;Lyon;Bordeaux;2;1;1;1;0,1894;0,6021;0,2085
35466;2021-01-29;T20-21;I1;Torino;Fiorentina;1;1;0;1;0,2761;0,4282;0,2957
45572;2021-01-29;T20-21;SP1;Valladolid;Huesca;1;3;2;1;0,2486;0,4942;0,2572
58062;2021-01-29;T20-21;SP2;Zaragoza;Ponferradina;1;0;1;1;0,2318;0,5219;0,2463
35467;2021-01-30;T20-21;I1;Bologna;Milan;1;2;2;1;0,2186;0,5464;0,235
35468;2021-01-30;T20-21;I1;Sampdoria;Juventus;0;2;2;1;0,2499;0,4811;0,2691
35469;2021-01-30;T20-21;I1;Inter;Benevento;4;0;1;1;0,2334;0,5182;0,2484
45573;2021-01-30;T20-21;SP1;Eibar;Sevilla;0;2;2;1;0,2794;0,4226;0,298
45574;2021-01-30;T20-21;SP1;Real Madrid;Levante;1;2;2;1;0,2579;0,5054;0,2367
58065;2021-01-30;T20-21;SP2;Mallorca;Girona;1;0;1;1;0,2708;0,4569;0,2724
58063;2021-01-30;T20-21;SP2;Oviedo;Albacete;0;1;2;1;0,2482;0,4952;0,2567
58064;2021-01-30;T20-21;SP2;Alcorcon;Malaga;0;1;2;1;0,2351;0,5173;0,2475
58066;2021-01-30;T20-21;SP2;Almeria;Castellon;3;1;1;1;0,2917;0,4023;0,306
45575;2021-01-30;T20-21;SP1;Valencia;Elche;1;0;1;1;0,2563;0,4818;0,2619
26884;2021-01-30;T20-21;F1;Montpellier;Lens;1;2;2;1;0,2971;0,414;0,2889
45576;2021-01-30;T20-21;SP1;Villarreal;Sociedad;1;1;0;1;0,2631;0,4696;0,2672
16349;2021-01-30;T20-21;E0;Arsenal;Man United;0;0;0;1;0,2162;0,5529;0,2309
16350;2021-01-30;T20-21;E0;Southampton;Aston Villa;0;1;2;1;0,2541;0,4799;0,266
6283;2021-01-30;T20-21;D1;Bayern Munich;Hoffenheim;4;1;1;1;0,1893;0,5987;0,212
6284;2021-01-30;T20-21;D1;Dortmund;Augsburg;3;1;1;1;0,2206;0,5396;0,2398
6285;2021-01-30;T20-21;D1;Ein Frankfurt;Hertha;3;1;1;1;0,2085;0,5642;0,2273
6287;2021-01-30;T20-21;D1;Werder Bremen;Schalke 04;1;1;0;1;0,2693;0,451;0,2797
6286;2021-01-30;T20-21;D1;Union Berlin;M'gladbach;1;1;0;1;0,2925;0,4177;0,2897
16345;2021-01-30;T20-21;E0;Everton;Newcastle;0;2;2;1;0,2814;0,4333;0,2853
16346;2021-01-30;T20-21;E0;Crystal Palace;Wolves;1;0;1;1;0,3301;0,3407;0,3292
16347;2021-01-30;T20-21;E0;Man City;Sheffield United;1;0;1;1;0,2384;0,5873;0,1743
16348;2021-01-30;T20-21;E0;West Brom;Fulham;2;2;0;1;0,2975;0,4132;0,2893
6288;2021-01-30;T20-21;D1;RB Leipzig;Leverkusen;1;0;1;1;0,2161;0,556;0,2279
35472;2021-01-31;T20-21;I1;Cagliari;Sassuolo;1;1;0;1;0,2395;0,499;0,2615
35475;2021-01-31;T20-21;I1;Roma;Verona;3;1;1;1;0,2458;0,4904;0,2638
35473;2021-01-31;T20-21;I1;Crotone;Genoa;0;3;2;1;0,297;0,4143;0,2888
35474;2021-01-31;T20-21;I1;Napoli;Parma;2;0;1;1;0,2457;0,497;0,2573
45577;2021-01-31;T20-21;SP1;Getafe;Alaves;0;0;0;1;0,2573;0,4796;0,2632
58069;2021-01-31;T20-21;SP2;Mirandes;Las Palmas;2;0;1;1;0,219;0,5454;0,2356
45579;2021-01-31;T20-21;SP1;Granada;Celta;0;0;0;1;0,2972;0,4138;0,289
45580;2021-01-31;T20-21;SP1;Barcelona;Ath Bilbao;2;1;1;1;0,268;0,4768;0,2552
58067;2021-01-31;T20-21;SP2;Sp Gijon;Cartagena;0;0;0;1;0,2416;0,506;0,2523
58068;2021-01-31;T20-21;SP2;Espanol;Vallecano;2;3;2;1;0,2178;0,6527;0,1295
58070;2021-01-31;T20-21;SP2;Tenerife;Fuenlabrada;1;1;0;1;0,2967;0,415;0,2884
45578;2021-01-31;T20-21;SP1;Cadiz;Ath Madrid;2;4;2;1;0,2972;0,3932;0,3096
35470;2021-01-31;T20-21;I1;Spezia;Udinese;0;1;2;1;0,2974;0,4133;0,2893
35471;2021-01-31;T20-21;I1;Atalanta;Lazio;1;3;2;1;0,2157;0,548;0,2363
26890;2021-01-31;T20-21;F1;Lille;Dijon;1;0;1;1;0,2333;0,5199;0,2468
26889;2021-01-31;T20-21;F1;Strasbourg;Reims;0;1;2;1;0,2188;0,5459;0,2353
26888;2021-01-31;T20-21;F1;Lorient;Paris SG;3;2;1;1;0,2586;0,4578;0,2835
26887;2021-01-31;T20-21;F1;Brest;Metz;2;4;2;1;0,2169;0,549;0,2341
26886;2021-01-31;T20-21;F1;Angers;Nimes;3;1;1;1;0,2428;0,4971;0,2601
26885;2021-01-31;T20-21;F1;Nice;St Etienne;0;1;2;1;0,2631;0,4696;0,2672
16354;2021-01-31;T20-21;E0;Brighton;Tottenham;1;0;1;1;0,2448;0,4973;0,2579
16353;2021-01-31;T20-21;E0;West Ham;Liverpool;1;3;2;1;0,2521;0,4692;0,2787
16352;2021-01-31;T20-21;E0;Leicester;Leeds;1;3;2;1;0,2268;0,5295;0,2437
16351;2021-01-31;T20-21;E0;Chelsea;Burnley;2;0;1;1;0,2313;0,5186;0,2501
6290;2021-01-31;T20-21;D1;Wolfsburg;Freiburg;3;0;1;1;0,3045;0,3813;0,3142
6289;2021-01-31;T20-21;D1;FC Koln;Bielefeld;3;1;1;1;0,2761;0,4282;0,2957
26891;2021-01-31;T20-21;F1;Nantes;Monaco;1;2;2;1;0,2522;0,4907;0,2571
58072;2021-02-01;T20-21;SP2;Sabadell;Logrones;0;0;0;1;0,2964;0,4155;0,2881
45581;2021-02-01;T20-21;SP1;Betis;Osasuna;1;0;1;1;0,2524;0,4878;0,2598
58071;2021-02-01;T20-21;SP2;Leganes;Lugo;3;2;1;1;0,256;0,5153;0,2287
16355;2021-02-02;T20-21;E0;Sheffield United;West Brom;2;1;1;1;0,3102;0,3853;0,3046
16356;2021-02-02;T20-21;E0;Wolves;Arsenal;2;1;1;1;0,2998;0,4081;0,2921
16357;2021-02-02;T20-21;E0;Man United;Southampton;9;0;1;1;0,2138;0,5571;0,2291
16358;2021-02-02;T20-21;E0;Newcastle;Crystal Palace;1;2;2;1;0,248;0,4901;0,2619
26896;2021-02-03;T20-21;F1;Strasbourg;Brest;2;2;0;1;0,2349;0,5135;0,2516
26901;2021-02-03;T20-21;F1;St Etienne;Nantes;1;1;0;1;0,2965;0,4152;0,2882
26900;2021-02-03;T20-21;F1;Paris SG;Nimes;3;0;1;1;0,2021;0,5837;0,2142
26899;2021-02-03;T20-21;F1;Monaco;Nice;2;1;1;1;0,2511;0,4848;0,264
26898;2021-02-03;T20-21;F1;Lens;Marseille;2;2;0;1;0,2327;0,5218;0,2455
26897;2021-02-03;T20-21;F1;Dijon;Lyon;0;1;2;1;0,2828;0,4391;0,2781
26895;2021-02-03;T20-21;F1;Rennes;Lorient;1;1;0;1;0,2324;0,5264;0,2411
16362;2021-02-03;T20-21;E0;Aston Villa;West Ham;1;3;2;1;0,2403;0,5035;0,2562
26893;2021-02-03;T20-21;F1;Metz;Montpellier;1;1;0;1;0,2219;0,5402;0,2379
26892;2021-02-03;T20-21;F1;Bordeaux;Lille;0;3;2;1;0,287;0,41;0,303
16363;2021-02-03;T20-21;E0;Liverpool;Brighton;0;1;2;1;0,2136;0,551;0,2354
26894;2021-02-03;T20-21;F1;Reims;Angers;0;0;0;1;0,2761;0,4282;0,2957
16361;2021-02-03;T20-21;E0;Leeds;Everton;1;2;2;1;0,2868;0,4169;0,2963
16360;2021-02-03;T20-21;E0;Fulham;Leicester;0;2;2;1;0,2739;0,4318;0,2942
16359;2021-02-03;T20-21;E0;Burnley;Man City;0;2;2;1;0,3127;0,3796;0,3077
16364;2021-02-04;T20-21;E0;Tottenham;Chelsea;0;1;2;1;0,2982;0,4116;0,2902
45582;2021-02-05;T20-21;SP1;Alaves;Valladolid;1;0;1;1;0,2526;0,4873;0,26
58073;2021-02-05;T20-21;SP2;Albacete;Mallorca;0;1;2;1;0,2648;0,4671;0,2681
6291;2021-02-05;T20-21;D1;Hertha;Bayern Munich;0;1;2;1;0,2469;0,4835;0,2697
35476;2021-02-05;T20-21;I1;Fiorentina;Inter;0;2;2;1;0,2542;0,4798;0,266
35477;2021-02-06;T20-21;I1;Atalanta;Torino;3;3;0;1;0,2343;0,5148;0,2509
58076;2021-02-06;T20-21;SP2;Fuenlabrada;Almeria;1;1;0;1;0,2967;0,4149;0,2884
58075;2021-02-06;T20-21;SP2;Logrones;Sp Gijon;0;4;2;1;0,297;0,4143;0,2888
58074;2021-02-06;T20-21;SP2;Cartagena;Oviedo;2;0;1;1;0,257;0,4801;0,2629
45586;2021-02-06;T20-21;SP1;Sevilla;Getafe;3;0;1;1;0,2413;0,5068;0,2519
45585;2021-02-06;T20-21;SP1;Elche;Villarreal;2;2;0;1;0,3008;0,406;0,2932
45584;2021-02-06;T20-21;SP1;Huesca;Real Madrid;1;2;2;1;0,2831;0,4296;0,2873
45583;2021-02-06;T20-21;SP1;Levante;Granada;2;2;0;1;0,2314;0,5242;0,2444
35480;2021-02-06;T20-21;I1;Genoa;Napoli;2;1;1;1;0,2655;0,4613;0,2732
35479;2021-02-06;T20-21;I1;Juventus;Roma;2;0;1;1;0,2188;0,5436;0,2375
35478;2021-02-06;T20-21;I1;Sassuolo;Spezia;1;2;2;1;0,2511;0,4908;0,2581
26904;2021-02-06;T20-21;F1;Lens;Rennes;0;0;0;1;0,2536;0,4665;0,2799
26903;2021-02-06;T20-21;F1;Lyon;Strasbourg;3;0;1;1;0,2065;0,5734;0,2201
26902;2021-02-06;T20-21;F1;Lorient;Reims;1;0;1;1;0,2586;0,4578;0,2835
6292;2021-02-06;T20-21;D1;Augsburg;Wolfsburg;0;2;2;1;0,3034;0,4003;0,2963
6293;2021-02-06;T20-21;D1;Freiburg;Dortmund;2;1;1;1;0,2711;0,4488;0,2801
6294;2021-02-06;T20-21;D1;Leverkusen;Stuttgart;5;2;1;1;0,2633;0,4662;0,2705
6296;2021-02-06;T20-21;D1;Schalke 04;RB Leipzig;0;3;2;1;0,283;0,4166;0,3004
6297;2021-02-06;T20-21;D1;M'gladbach;FC Koln;1;2;2;1;0,2536;0,4794;0,2671
6295;2021-02-06;T20-21;D1;Mainz;Union Berlin;1;0;1;1;0,2485;0,4944;0,2571
16366;2021-02-06;T20-21;E0;Burnley;Brighton;1;1;0;1;0,3301;0,3407;0,3292
16367;2021-02-06;T20-21;E0;Newcastle;Southampton;3;2;1;1;0,2345;0,5084;0,257
16368;2021-02-06;T20-21;E0;Fulham;West Ham;0;0;0;1;0,283;0,4166;0,3004
16369;2021-02-06;T20-21;E0;Man United;Everton;3;3;0;1;0,199;0,5846;0,2164
16365;2021-02-06;T20-21;E0;Aston Villa;Arsenal;1;0;1;1;0,2445;0,4955;0,26
45588;2021-02-07;T20-21;SP1;Ath Bilbao;Valencia;1;1;0;1;0,2522;0,4907;0,2571
35484;2021-02-07;T20-21;I1;Parma;Bologna;0;3;2;1;0,2965;0,4152;0,2882
35485;2021-02-07;T20-21;I1;Lazio;Cagliari;1;0;1;1;0,2238;0,5313;0,2449
45587;2021-02-07;T20-21;SP1;Sociedad;Cadiz;4;1;1;1;0,2297;0,5294;0,2409
45589;2021-02-07;T20-21;SP1;Osasuna;Eibar;2;1;1;1;0,2418;0,5058;0,2525
58080;2021-02-07;T20-21;SP2;Vallecano;Tenerife;0;1;2;1;0,2209;0,5424;0,2367
58081;2021-02-07;T20-21;SP2;Las Palmas;Sabadell;0;1;2;1;0,2446;0,5013;0,2542
58077;2021-02-07;T20-21;SP2;Girona;Leganes;0;2;2;1;0,2448;0,5008;0,2544
58078;2021-02-07;T20-21;SP2;Malaga;Zaragoza;1;2;2;1;0,2969;0,4145;0,2886
58079;2021-02-07;T20-21;SP2;Castellon;Mirandes;0;1;2;1;0,2973;0,4135;0,2892
35483;2021-02-07;T20-21;I1;Udinese;Verona;2;0;1;1;0,2972;0,4138;0,289
45590;2021-02-07;T20-21;SP1;Betis;Barcelona;2;3;2;1;0,3142;0,3764;0,3094
35482;2021-02-07;T20-21;I1;Milan;Crotone;4;0;1;1;0,2321;0,5199;0,2481
16373;2021-02-07;T20-21;E0;Sheffield United;Chelsea;1;2;2;1;0,3197;0,3571;0,3233
26911;2021-02-07;T20-21;F1;Marseille;Paris SG;0;2;2;1;0,2772;0,4427;0,2801
26910;2021-02-07;T20-21;F1;Nantes;Lille;0;2;2;1;0,283;0,4166;0,3004
26909;2021-02-07;T20-21;F1;St Etienne;Metz;1;0;1;1;0,2569;0,4805;0,2627
26908;2021-02-07;T20-21;F1;Nimes;Monaco;3;4;2;1;0,2235;0,5391;0,2374
26907;2021-02-07;T20-21;F1;Nice;Angers;3;0;1;1;0,3301;0,3407;0,3292
26906;2021-02-07;T20-21;F1;Montpellier;Dijon;4;2;1;1;0,2134;0,5558;0,2308
26905;2021-02-07;T20-21;F1;Brest;Bordeaux;2;1;1;1;0,283;0,4166;0,3004
16372;2021-02-07;T20-21;E0;Liverpool;Man City;1;4;2;1;0,2373;0,5096;0,2532
16371;2021-02-07;T20-21;E0;Wolves;Leicester;0;0;0;1;0,3044;0,398;0,2976
16370;2021-02-07;T20-21;E0;Tottenham;West Brom;2;0;1;1;0,2981;0,4119;0,29
6298;2021-02-07;T20-21;D1;Hoffenheim;Ein Frankfurt;1;3;2;1;0,2446;0,4901;0,2653
35481;2021-02-07;T20-21;I1;Benevento;Sampdoria;1;1;0;1;0,2971;0,414;0,2889
58082;2021-02-08;T20-21;SP2;Ponferradina;Alcorcon;2;0;1;1;0,2294;0,5273;0,2433
58083;2021-02-08;T20-21;SP2;Lugo;Espanol;1;1;0;1;0,2239;0,537;0,2392
16374;2021-02-08;T20-21;E0;Leeds;Crystal Palace;2;0;1;1;0,2657;0,4519;0,2824
45591;2021-02-08;T20-21;SP1;Ath Madrid;Celta;2;2;0;1;0,24;0,5817;0,1783
45592;2021-02-09;T20-21;SP1;Real Madrid;Getafe;2;0;1;1;0,268;0,4768;0,2552
6299;2021-02-12;T20-21;D1;RB Leipzig;Augsburg;2;1;1;1;0,2262;0,5426;0,2312
35486;2021-02-12;T20-21;I1;Bologna;Benevento;1;1;0;1;0,2346;0,5169;0,2484
45593;2021-02-12;T20-21;SP1;Celta;Elche;3;1;1;1;0,2968;0,4147;0,2885
58084;2021-02-12;T20-21;SP2;Sabadell;Zaragoza;1;1;0;1;0,2515;0,4898;0,2587
35488;2021-02-13;T20-21;I1;Napoli;Juventus;1;0;1;1;0,2096;0,5624;0,228
35489;2021-02-13;T20-21;I1;Spezia;Milan;2;0;1;1;0,2415;0,5063;0,2522
45594;2021-02-13;T20-21;SP1;Granada;Ath Madrid;1;2;2;1;0,2794;0,4226;0,298
45595;2021-02-13;T20-21;SP1;Sevilla;Huesca;1;0;1;1;0,2545;0,5226;0,2229
58086;2021-02-13;T20-21;SP2;Mirandes;Girona;3;3;0;1;0,2214;0,5412;0,2374
45597;2021-02-13;T20-21;SP1;Barcelona;Alaves;5;1;1;1;0,268;0,4768;0,2552
58085;2021-02-13;T20-21;SP2;Cartagena;Vallecano;2;2;0;1;0,2412;0,5071;0,2518
58087;2021-02-13;T20-21;SP2;Tenerife;Ponferradina;1;0;1;1;0,287;0,41;0,303
35487;2021-02-13;T20-21;I1;Torino;Genoa;0;0;0;1;0,2103;0,5609;0,2288
45596;2021-02-13;T20-21;SP1;Eibar;Valladolid;1;1;0;1;0,2217;0,5407;0,2377
26914;2021-02-13;T20-21;F1;Lyon;Montpellier;1;2;2;1;0,2587;0,5005;0,2408
6300;2021-02-13;T20-21;D1;Dortmund;Hoffenheim;2;2;0;1;0,2238;0,5347;0,2415
26912;2021-02-13;T20-21;F1;Paris SG;Nice;2;1;1;1;0,2579;0,5054;0,2367
16378;2021-02-13;T20-21;E0;Brighton;Aston Villa;0;0;0;1;0,2391;0,5054;0,2555
16377;2021-02-13;T20-21;E0;Man City;Tottenham;3;0;1;1;0,2287;0,6197;0,1516
16376;2021-02-13;T20-21;E0;Crystal Palace;Burnley;0;3;2;1;0,2993;0,3898;0,3109
16375;2021-02-13;T20-21;E0;Leicester;Liverpool;3;1;1;1;0,2362;0,5111;0,2527
6304;2021-02-13;T20-21;D1;Union Berlin;Schalke 04;0;0;0;1;0,2535;0,4777;0,2688
6303;2021-02-13;T20-21;D1;Werder Bremen;Freiburg;0;0;0;1;0,2536;0,4665;0,2799
6302;2021-02-13;T20-21;D1;Stuttgart;Hertha;1;1;0;1;0,2384;0,5116;0,25
6301;2021-02-13;T20-21;D1;Leverkusen;Mainz;2;2;0;1;0,2171;0,5464;0,2365
26913;2021-02-13;T20-21;F1;Reims;Lens;1;1;0;1;0,2414;0,5066;0,252
35492;2021-02-14;T20-21;I1;Sampdoria;Fiorentina;2;1;1;1;0,2886;0,4172;0,2942
35493;2021-02-14;T20-21;I1;Crotone;Sassuolo;1;2;2;1;0,257;0,4801;0,2629
35494;2021-02-14;T20-21;I1;Inter;Lazio;3;1;1;1;0,2275;0,5301;0,2424
45598;2021-02-14;T20-21;SP1;Getafe;Sociedad;0;1;2;1;0,2973;0,4137;0,2891
45599;2021-02-14;T20-21;SP1;Real Madrid;Valencia;2;0;1;1;0,2631;0,4871;0,2498
58091;2021-02-14;T20-21;SP2;Leganes;Albacete;3;1;1;1;0,2577;0,4785;0,2637
45601;2021-02-14;T20-21;SP1;Villarreal;Betis;1;2;2;1;0,2974;0,4133;0,2893
58089;2021-02-14;T20-21;SP2;Almeria;Las Palmas;3;1;1;1;0,2484;0,4946;0,257
58090;2021-02-14;T20-21;SP2;Alcorcon;Logrones;1;0;1;1;0,2622;0,4716;0,2662
35491;2021-02-14;T20-21;I1;Cagliari;Atalanta;0;1;2;1;0,2706;0,4571;0,2722
58092;2021-02-14;T20-21;SP2;Sp Gijon;Malaga;1;0;1;1;0,2357;0,5161;0,2482
45600;2021-02-14;T20-21;SP1;Levante;Osasuna;0;1;2;1;0,2442;0,4954;0,2604
35490;2021-02-14;T20-21;I1;Roma;Udinese;3;0;1;1;0,2351;0,5104;0,2545
58088;2021-02-14;T20-21;SP2;Mallorca;Espanol;1;2;2;1;0,2292;0,5277;0,2431
26920;2021-02-14;T20-21;F1;Lille;Brest;0;0;0;1;0,2341;0,6022;0,1637
6305;2021-02-14;T20-21;D1;Ein Frankfurt;FC Koln;2;0;1;1;0,2496;0,4817;0,2687
6306;2021-02-14;T20-21;D1;Wolfsburg;M'gladbach;0;0;0;1;0,2261;0,5306;0,2432
26921;2021-02-14;T20-21;F1;Bordeaux;Marseille;0;0;0;1;0,2575;0,4791;0,2634
16380;2021-02-14;T20-21;E0;West Brom;Man United;1;1;0;1;0,3301;0,3407;0,3292
16381;2021-02-14;T20-21;E0;Arsenal;Leeds;4;2;1;1;0,2245;0,5373;0,2382
16379;2021-02-14;T20-21;E0;Southampton;Wolves;1;2;2;1;0,2465;0,4908;0,2627
26915;2021-02-14;T20-21;F1;Monaco;Lorient;2;2;0;1;0,2406;0,5011;0,2583
26916;2021-02-14;T20-21;F1;Angers;Nantes;1;3;2;1;0,2535;0,4863;0,2602
26917;2021-02-14;T20-21;F1;Dijon;Nimes;0;2;2;1;0,2473;0,488;0,2647
26918;2021-02-14;T20-21;F1;Metz;Strasbourg;1;2;2;1;0,2323;0,518;0,2497
26919;2021-02-14;T20-21;F1;Rennes;St Etienne;0;2;2;1;0,2394;0,5146;0,2461
16382;2021-02-14;T20-21;E0;Everton;Fulham;0;2;2;1;0,2693;0,4527;0,2779
6307;2021-02-15;T20-21;D1;Bayern Munich;Bielefeld;3;3;0;1;0,2098;0,5618;0,2283
16383;2021-02-15;T20-21;E0;West Ham;Sheffield United;3;0;1;1;0,2453;0,4945;0,2602
16384;2021-02-15;T20-21;E0;Chelsea;Newcastle;2;0;1;1;0,2252;0,5308;0,2441
35495;2021-02-15;T20-21;I1;Verona;Parma;2;1;1;1;0,2963;0,4157;0,288
45602;2021-02-15;T20-21;SP1;Cadiz;Ath Bilbao;0;4;2;1;0,2974;0,4133;0,2893
58093;2021-02-15;T20-21;SP2;Castellon;Fuenlabrada;1;2;2;1;0,2479;0,4957;0,2564
58094;2021-02-15;T20-21;SP2;Oviedo;Lugo;3;1;1;1;0,2971;0,414;0,2889
58095;2021-02-17;T20-21;SP2;Leganes;Almeria;2;1;1;1;0,2631;0,4696;0,2672
45603;2021-02-17;T20-21;SP1;Levante;Ath Madrid;1;1;0;1;0,2698;0,4388;0,2914
16385;2021-02-17;T20-21;E0;Burnley;Fulham;1;1;0;1;0,2281;0,5312;0,2408
16386;2021-02-17;T20-21;E0;Everton;Man City;1;3;2;1;0,2983;0,4049;0,2967
26922;2021-02-17;T20-21;F1;Marseille;Nice;3;2;1;1;0,2632;0,4647;0,2721
6308;2021-02-19;T20-21;D1;Bielefeld;Wolfsburg;0;3;2;1;0,3015;0,4045;0,2941
16387;2021-02-19;T20-21;E0;Wolves;Leeds;1;0;1;1;0,2408;0,5063;0,2529
26923;2021-02-19;T20-21;F1;Brest;Lyon;2;3;2;1;0,2613;0,4533;0,2854
35496;2021-02-19;T20-21;I1;Fiorentina;Spezia;3;0;1;1;0,2185;0,5467;0,2349
35497;2021-02-19;T20-21;I1;Cagliari;Torino;0;1;2;1;0,2969;0,4145;0,2886
45604;2021-02-19;T20-21;SP1;Betis;Getafe;1;0;1;1;0,2384;0,5116;0,25
58096;2021-02-19;T20-21;SP2;Ponferradina;Mirandes;1;0;1;1;0,2974;0,4133;0,2893
35499;2021-02-20;T20-21;I1;Genoa;Verona;2;2;0;1;0,2971;0,414;0,2889
35500;2021-02-20;T20-21;I1;Sassuolo;Bologna;1;1;0;1;0,2366;0,5069;0,2565
45605;2021-02-20;T20-21;SP1;Elche;Eibar;1;0;1;1;0,2967;0,415;0,2884
45606;2021-02-20;T20-21;SP1;Ath Madrid;Levante;0;2;2;1;0,2429;0,5711;0,186
58098;2021-02-20;T20-21;SP2;Albacete;Sp Gijon;0;1;2;1;0,2967;0,4149;0,2884
45608;2021-02-20;T20-21;SP1;Valladolid;Real Madrid;0;1;2;1;0,3034;0,4003;0,2963
58097;2021-02-20;T20-21;SP2;Espanol;Sabadell;1;0;1;1;0,2568;0,4806;0,2626
35498;2021-02-20;T20-21;I1;Lazio;Sampdoria;1;0;1;1;0,2419;0,4991;0,259
45607;2021-02-20;T20-21;SP1;Valencia;Celta;2;0;1;1;0,2525;0,4876;0,2599
26925;2021-02-20;T20-21;F1;Nantes;Marseille;1;1;0;1;0,2971;0,414;0,2889
58099;2021-02-20;T20-21;SP2;Las Palmas;Cartagena;2;0;1;1;0,2572;0,4798;0,263
16391;2021-02-20;T20-21;E0;Fulham;Sheffield United;1;0;1;1;0,2622;0,4518;0,286
16390;2021-02-20;T20-21;E0;Liverpool;Everton;0;2;2;1;0,2502;0,4851;0,2647
16389;2021-02-20;T20-21;E0;Burnley;West Brom;0;0;0;1;0,2553;0,4637;0,2811
16388;2021-02-20;T20-21;E0;Southampton;Chelsea;1;1;0;1;0,2794;0,4226;0,298
6313;2021-02-20;T20-21;D1;Schalke 04;Dortmund;0;4;2;1;0,3301;0,3407;0,3292
6312;2021-02-20;T20-21;D1;M'gladbach;Mainz;1;2;2;1;0,2533;0,4799;0,2668
6311;2021-02-20;T20-21;D1;Freiburg;Union Berlin;0;1;2;1;0,2976;0,413;0,2894
6310;2021-02-20;T20-21;D1;FC Koln;Stuttgart;0;1;2;1;0,3301;0,3407;0,3292
6309;2021-02-20;T20-21;D1;Ein Frankfurt;Bayern Munich;2;1;1;1;0,2476;0,4862;0,2662
26924;2021-02-20;T20-21;F1;St Etienne;Reims;1;1;0;1;0,2917;0,4023;0,306
35503;2021-02-21;T20-21;I1;Atalanta;Napoli;4;2;1;1;0,2611;0,4685;0,2704
35504;2021-02-21;T20-21;I1;Benevento;Roma;0;0;0;1;0,2418;0,5058;0,2525
45609;2021-02-21;T20-21;SP1;Barcelona;Cadiz;1;1;0;1;0,268;0,4768;0,2552
45610;2021-02-21;T20-21;SP1;Sociedad;Alaves;4;0;1;1;0,2506;0,4897;0,2597
45611;2021-02-21;T20-21;SP1;Huesca;Granada;3;2;1;1;0,2413;0,5068;0,2519
58103;2021-02-21;T20-21;SP2;Lugo;Logrones;1;1;0;1;0,2971;0,414;0,2889
58100;2021-02-21;T20-21;SP2;Leganes;Tenerife;1;0;1;1;0,2395;0,5097;0,2508
58101;2021-02-21;T20-21;SP2;Mallorca;Almeria;2;0;1;1;0,2407;0,5081;0,2512
58102;2021-02-21;T20-21;SP2;Girona;Castellon;2;1;1;1;0,235;0,5176;0,2474
35502;2021-02-21;T20-21;I1;Milan;Inter;0;3;2;1;0,2266;0,5308;0,2426
58104;2021-02-21;T20-21;SP2;Malaga;Vallecano;2;0;1;1;0,2371;0,5145;0,2484
45612;2021-02-21;T20-21;SP1;Ath Bilbao;Villarreal;1;1;0;1;0,2698;0,4388;0,2914
35501;2021-02-21;T20-21;I1;Parma;Udinese;2;2;0;1;0,2214;0,5412;0,2374
26929;2021-02-21;T20-21;F1;Nimes;Bordeaux;2;0;1;1;0,2972;0,3932;0,3096
26931;2021-02-21;T20-21;F1;Lorient;Lille;1;4;2;1;0,3301;0,3407;0,3292
6314;2021-02-21;T20-21;D1;Augsburg;Leverkusen;1;1;0;1;0,3301;0,3407;0,3292
6315;2021-02-21;T20-21;D1;Hertha;RB Leipzig;0;3;2;1;0,2761;0,4282;0,2957
6316;2021-02-21;T20-21;D1;Hoffenheim;Werder Bremen;4;0;1;1;0,2702;0,4458;0,284
16392;2021-02-21;T20-21;E0;West Ham;Tottenham;2;1;1;1;0,2514;0,4861;0,2626
26932;2021-02-21;T20-21;F1;Paris SG;Monaco;0;2;2;1;0,2429;0,5711;0,186
16394;2021-02-21;T20-21;E0;Arsenal;Man City;0;1;2;1;0,2275;0,5301;0,2424
16393;2021-02-21;T20-21;E0;Aston Villa;Leicester;1;2;2;1;0,2769;0,4433;0,2798
26926;2021-02-21;T20-21;F1;Montpellier;Rennes;2;1;1;1;0,2048;0,5705;0,2246
26927;2021-02-21;T20-21;F1;Lens;Dijon;2;1;1;1;0,2381;0,5064;0,2556
26928;2021-02-21;T20-21;F1;Nice;Metz;1;2;2;1;0,2395;0,5097;0,2508
26930;2021-02-21;T20-21;F1;Strasbourg;Angers;0;0;0;1;0,283;0,4166;0,3004
16395;2021-02-21;T20-21;E0;Man United;Newcastle;3;1;1;1;0,2341;0,5196;0,2463
58105;2021-02-22;T20-21;SP2;Fuenlabrada;Oviedo;2;2;0;1;0,1977;0,5832;0,2191
16396;2021-02-22;T20-21;E0;Brighton;Crystal Palace;1;2;2;1;0,2212;0,5237;0,2551
35505;2021-02-22;T20-21;I1;Juventus;Crotone;3;0;1;1;0,1981;0,5812;0,2207
45613;2021-02-22;T20-21;SP1;Osasuna;Sevilla;0;2;2;1;0,287;0,41;0,303
58106;2021-02-22;T20-21;SP2;Zaragoza;Alcorcon;0;1;2;1;0,2634;0,4691;0,2675
16397;2021-02-23;T20-21;E0;Leeds;Southampton;3;0;1;1;0,2444;0,4887;0,2669
26933;2021-02-24;T20-21;F1;Nimes;Lorient;1;0;1;1;0,2944;0,4043;0,3013
45614;2021-02-24;T20-21;SP1;Barcelona;Elche;3;0;1;1;0,2735;0,4651;0,2615
6317;2021-02-26;T20-21;D1;Werder Bremen;Ein Frankfurt;2;1;1;1;0,297;0,4143;0,2888
26934;2021-02-26;T20-21;F1;Rennes;Nice;1;2;2;1;0,2243;0,5373;0,2384
45615;2021-02-26;T20-21;SP1;Levante;Ath Bilbao;1;1;0;1;0,2613;0,4725;0,2661
58107;2021-02-26;T20-21;SP2;Sabadell;Albacete;0;0;0;1;0,2624;0,4711;0,2664
58108;2021-02-26;T20-21;SP2;Cartagena;Leganes;1;0;1;1;0,2971;0,414;0,2889
35508;2021-02-27;T20-21;I1;Verona;Juventus;1;1;0;1;0,283;0,4166;0,3004
45617;2021-02-27;T20-21;SP1;Sevilla;Barcelona;0;2;2;1;0,2469;0,5556;0,1974
45618;2021-02-27;T20-21;SP1;Alaves;Osasuna;0;1;2;1;0,297;0,4143;0,2888
45619;2021-02-27;T20-21;SP1;Getafe;Valencia;3;0;1;1;0,292;0,4251;0,2829
58111;2021-02-27;T20-21;SP2;Castellon;Las Palmas;4;0;1;1;0,2372;0,5143;0,2485
58110;2021-02-27;T20-21;SP2;Almeria;Lugo;4;1;1;1;0,239;0,5108;0,2502
35507;2021-02-27;T20-21;I1;Bologna;Lazio;2;0;1;1;0,3178;0,3682;0,3139
58112;2021-02-27;T20-21;SP2;Logrones;Mallorca;0;1;2;1;0,2701;0,4584;0,2715
58109;2021-02-27;T20-21;SP2;Vallecano;Ponferradina;1;1;0;1;0,2669;0,4438;0,2893
35506;2021-02-27;T20-21;I1;Spezia;Parma;2;2;0;1;0,229;0,5281;0,2429
45616;2021-02-27;T20-21;SP1;Eibar;Huesca;1;1;0;1;0,2263;0,5328;0,2409
26935;2021-02-27;T20-21;F1;Bordeaux;Metz;1;2;2;1;0,221;0,5422;0,2368
26936;2021-02-27;T20-21;F1;Dijon;Paris SG;0;4;2;1;0,2761;0,4282;0,2957
6318;2021-02-27;T20-21;D1;Bayern Munich;FC Koln;5;1;1;1;0,2021;0,574;0,224
6319;2021-02-27;T20-21;D1;Dortmund;Bielefeld;3;0;1;1;0,3041;0,3987;0,2972
6321;2021-02-27;T20-21;D1;Wolfsburg;Hertha;2;0;1;1;0,2205;0,5432;0,2363
6322;2021-02-27;T20-21;D1;RB Leipzig;M'gladbach;3;2;1;1;0,204;0,579;0,217
6320;2021-02-27;T20-21;D1;Stuttgart;Schalke 04;5;1;1;1;0,2651;0,4573;0,2776
16399;2021-02-27;T20-21;E0;West Brom;Brighton;1;0;1;1;0,2972;0,3932;0,3096
16400;2021-02-27;T20-21;E0;Leeds;Aston Villa;0;1;2;1;0,2527;0,4756;0,2717
16401;2021-02-27;T20-21;E0;Newcastle;Wolves;1;1;0;1;0,283;0,4166;0,3004
16398;2021-02-27;T20-21;E0;Man City;West Ham;2;1;1;1;0,2305;0,6139;0,1555
35514;2021-02-28;T20-21;I1;Roma;Milan;1;2;2;1;0,2419;0,4991;0,259
58116;2021-02-28;T20-21;SP2;Oviedo;Zaragoza;1;0;1;1;0,3301;0,3407;0,3292
35511;2021-02-28;T20-21;I1;Inter;Genoa;3;0;1;1;0,2235;0,539;0,2375
35512;2021-02-28;T20-21;I1;Udinese;Fiorentina;1;0;1;1;0,2576;0,4788;0,2636
35513;2021-02-28;T20-21;I1;Napoli;Benevento;2;0;1;1;0,3011;0,4052;0,2936
45620;2021-02-28;T20-21;SP1;Celta;Valladolid;1;1;0;1;0,2976;0,413;0,2894
58114;2021-02-28;T20-21;SP2;Sp Gijon;Espanol;1;1;0;1;0,2993;0,4093;0,2914
45622;2021-02-28;T20-21;SP1;Granada;Elche;2;1;1;1;0,2968;0,4147;0,2885
45623;2021-02-28;T20-21;SP1;Villarreal;Ath Madrid;0;2;2;1;0,297;0,4143;0,2888
58113;2021-02-28;T20-21;SP2;Fuenlabrada;Girona;1;1;0;1;0,2124;0,5571;0,2305
58115;2021-02-28;T20-21;SP2;Tenerife;Alcorcon;3;1;1;1;0,2352;0,5171;0,2477
35509;2021-02-28;T20-21;I1;Sampdoria;Atalanta;0;2;2;1;0,2568;0,4806;0,2626
45621;2021-02-28;T20-21;SP1;Cadiz;Betis;0;1;2;1;0,2972;0,4138;0,289
26943;2021-02-28;T20-21;F1;Marseille;Lyon;1;1;0;1;0,3033;0,4004;0,2963
35510;2021-02-28;T20-21;I1;Crotone;Cagliari;0;2;2;1;0,232;0,5229;0,2451
26941;2021-02-28;T20-21;F1;Reims;Montpellier;0;0;0;1;0,3034;0,4003;0,2963
6323;2021-02-28;T20-21;D1;Union Berlin;Hoffenheim;1;1;0;1;0,2229;0,5321;0,2449
6324;2021-02-28;T20-21;D1;Mainz;Augsburg;0;1;2;1;0,2269;0,5315;0,2416
6325;2021-02-28;T20-21;D1;Leverkusen;Freiburg;1;2;2;1;0,2509;0,4871;0,262
16402;2021-02-28;T20-21;E0;Crystal Palace;Fulham;0;0;0;1;0,2786;0,4395;0,2819
16403;2021-02-28;T20-21;E0;Leicester;Arsenal;1;3;2;1;0,2309;0,5225;0,2466
16404;2021-02-28;T20-21;E0;Tottenham;Burnley;4;0;1;1;0,2277;0,5297;0,2426
26942;2021-02-28;T20-21;F1;Lille;Strasbourg;1;1;0;1;0,2256;0,5305;0,2439
16406;2021-02-28;T20-21;E0;Sheffield United;Liverpool;0;2;2;1;0,3301;0,3407;0,3292
26937;2021-02-28;T20-21;F1;Monaco;Brest;2;0;1;1;0,2756;0,4419;0,2825
26938;2021-02-28;T20-21;F1;Angers;Lens;2;2;0;1;0,2965;0,4152;0,2882
26939;2021-02-28;T20-21;F1;Lorient;St Etienne;2;1;1;1;0,282;0,4319;0,286
26940;2021-02-28;T20-21;F1;Nimes;Nantes;1;1;0;1;0,2861;0,4318;0,2821
16405;2021-02-28;T20-21;E0;Chelsea;Man United;0;0;0;1;0,2321;0,5199;0,2481
16407;2021-03-01;T20-21;E0;Everton;Southampton;1;0;1;1;0,3083;0,3893;0,3023
45624;2021-03-01;T20-21;SP1;Real Madrid;Sociedad;1;1;0;1;0,2519;0,535;0,2132
58117;2021-03-01;T20-21;SP2;Mirandes;Malaga;1;0;1;1;0,2976;0,413;0,2894
35515;2021-03-02;T20-21;I1;Juventus;Spezia;3;0;1;1;0,1999;0,5789;0,2212
16408;2021-03-02;T20-21;E0;Man City;Wolves;4;1;1;1;0,2322;0,6084;0,1594
35522;2021-03-03;T20-21;I1;Milan;Udinese;1;1;0;1;0,2119;0,5555;0,2327
35520;2021-03-03;T20-21;I1;Fiorentina;Roma;1;2;2;1;0,257;0,4801;0,2629
35519;2021-03-03;T20-21;I1;Cagliari;Bologna;1;0;1;1;0,2235;0,5391;0,2374
35518;2021-03-03;T20-21;I1;Benevento;Verona;0;3;2;1;0,2974;0,4133;0,2893
35517;2021-03-03;T20-21;I1;Atalanta;Crotone;5;1;1;1;0,2159;0,5472;0,2369
35516;2021-03-03;T20-21;I1;Sassuolo;Napoli;3;3;0;1;0,1952;0,5804;0,2244
26953;2021-03-03;T20-21;F1;Strasbourg;Monaco;1;0;1;1;0,264;0,4486;0,2873
26952;2021-03-03;T20-21;F1;Nantes;Reims;1;2;2;1;0,3301;0,3407;0,3292
26951;2021-03-03;T20-21;F1;Montpellier;Lorient;1;1;0;1;0,2693;0,4457;0,285
35521;2021-03-03;T20-21;I1;Genoa;Sampdoria;1;1;0;1;0,2971;0,414;0,2889
26949;2021-03-03;T20-21;F1;Bordeaux;Paris SG;0;1;2;1;0,287;0,41;0,303
26948;2021-03-03;T20-21;F1;St Etienne;Lens;2;3;2;1;0,2271;0,531;0,2419
26947;2021-03-03;T20-21;F1;Nice;Nimes;2;1;1;1;0,2434;0,4988;0,2578
26946;2021-03-03;T20-21;F1;Metz;Angers;0;1;2;1;0,264;0,4486;0,2873
26945;2021-03-03;T20-21;F1;Lyon;Rennes;1;0;1;1;0,2114;0,5649;0,2238
26944;2021-03-03;T20-21;F1;Brest;Dijon;3;1;1;1;0,2288;0,5286;0,2426
16411;2021-03-03;T20-21;E0;Crystal Palace;Man United;0;0;0;1;0,3301;0,3407;0,3292
16410;2021-03-03;T20-21;E0;Sheffield United;Aston Villa;1;0;1;1;0,3301;0,3407;0,3292
26950;2021-03-03;T20-21;F1;Lille;Marseille;2;0;1;1;0,2341;0,6022;0,1637
16409;2021-03-03;T20-21;E0;Burnley;Leicester;1;1;0;1;0,3045;0,3813;0,3142
16414;2021-03-04;T20-21;E0;Liverpool;Chelsea;0;1;2;1;0,2269;0,5265;0,2466
35523;2021-03-04;T20-21;I1;Parma;Inter;1;2;2;1;0,2669;0,4438;0,2893
16412;2021-03-04;T20-21;E0;Fulham;Tottenham;0;1;2;1;0,264;0,4486;0,2873
16413;2021-03-04;T20-21;E0;West Brom;Everton;0;1;2;1;0,3045;0,3813;0,3142
6326;2021-03-05;T20-21;D1;Schalke 04;Mainz;0;0;0;1;0,2346;0,5186;0,2468
45625;2021-03-05;T20-21;SP1;Valencia;Villarreal;2;1;1;1;0,3301;0,3407;0,3292
58118;2021-03-05;T20-21;SP2;Espanol;Oviedo;1;1;0;1;0,2349;0,5179;0,2472
35526;2021-03-06;T20-21;I1;Juventus;Lazio;3;1;1;1;0,1984;0,5824;0,2192
58121;2021-03-06;T20-21;SP2;Leganes;Castellon;0;0;0;1;0,2517;0,4893;0,2589
58120;2021-03-06;T20-21;SP2;Las Palmas;Vallecano;1;1;0;1;0,2413;0,5068;0,2519
58119;2021-03-06;T20-21;SP2;Zaragoza;Tenerife;1;0;1;1;0,2482;0,4952;0,2567
45629;2021-03-06;T20-21;SP1;Osasuna;Barcelona;0;2;2;1;0,3301;0,3407;0,3292
45628;2021-03-06;T20-21;SP1;Cadiz;Eibar;1;0;1;1;0,2974;0,4133;0,2893
45627;2021-03-06;T20-21;SP1;Elche;Sevilla;2;1;1;1;0,2705;0,4574;0,2721
58122;2021-03-06;T20-21;SP2;Albacete;Logrones;1;1;0;1;0,2384;0,5116;0,25
45626;2021-03-06;T20-21;SP1;Valladolid;Getafe;2;1;1;1;0,2702;0,4581;0,2717
35525;2021-03-06;T20-21;I1;Udinese;Sassuolo;2;0;1;1;0,2638;0,4651;0,2711
16415;2021-03-06;T20-21;E0;Burnley;Arsenal;1;1;0;1;0,249;0,4962;0,2548
16418;2021-03-06;T20-21;E0;Brighton;Leicester;1;2;2;1;0,2345;0,5;0,2655
16417;2021-03-06;T20-21;E0;Aston Villa;Wolves;0;0;0;1;0,2406;0,5052;0,2542
16416;2021-03-06;T20-21;E0;Sheffield United;Southampton;0;2;2;1;0,292;0,4251;0,2829
6332;2021-03-06;T20-21;D1;Bayern Munich;Dortmund;4;2;1;1;0,2096;0,5597;0,2307
6331;2021-03-06;T20-21;D1;M'gladbach;Leverkusen;0;1;2;1;0,2758;0,4414;0,2828
6330;2021-03-06;T20-21;D1;Hoffenheim;Wolfsburg;2;1;1;1;0,2419;0,4976;0,2605
6329;2021-03-06;T20-21;D1;Hertha;Augsburg;2;1;1;1;0,2969;0,4145;0,2886
6328;2021-03-06;T20-21;D1;Freiburg;RB Leipzig;0;3;2;1;0,3301;0,3407;0,3292
6327;2021-03-06;T20-21;D1;Ein Frankfurt;Stuttgart;1;1;0;1;0,2498;0,4829;0,2674
35524;2021-03-06;T20-21;I1;Spezia;Benevento;1;1;0;1;0,2384;0,5122;0,2494
45630;2021-03-07;T20-21;SP1;Huesca;Celta;3;4;2;1;0,2525;0,4876;0,2599
45631;2021-03-07;T20-21;SP1;Ath Madrid;Real Madrid;1;1;0;1;0,2429;0,5711;0,186
45633;2021-03-07;T20-21;SP1;Ath Bilbao;Granada;2;1;1;1;0,2254;0,5323;0,2423
35532;2021-03-07;T20-21;I1;Napoli;Bologna;3;1;1;1;0,233;0,5183;0,2487
58124;2021-03-07;T20-21;SP2;Ponferradina;Sp Gijon;2;2;0;1;0,2973;0,4135;0,2892
58125;2021-03-07;T20-21;SP2;Mallorca;Cartagena;2;1;1;1;0,2524;0,4878;0,2598
58126;2021-03-07;T20-21;SP2;Girona;Almeria;0;1;2;1;0,2973;0,4135;0,2892
58123;2021-03-07;T20-21;SP2;Malaga;Sabadell;2;0;1;1;0,229;0,5281;0,2429
35531;2021-03-07;T20-21;I1;Sampdoria;Cagliari;2;2;0;1;0,2538;0,4856;0,2606
45632;2021-03-07;T20-21;SP1;Sociedad;Levante;1;0;1;1;0,3301;0,3407;0,3292
35529;2021-03-07;T20-21;I1;Fiorentina;Parma;3;3;0;1;0,2965;0,4152;0,2882
35527;2021-03-07;T20-21;I1;Roma;Genoa;1;0;1;1;0,2341;0,513;0,2529
16422;2021-03-07;T20-21;E0;Tottenham;Crystal Palace;4;1;1;1;0,2113;0,5628;0,2259
35530;2021-03-07;T20-21;I1;Verona;Milan;0;2;2;1;0,2411;0,5072;0,2517
16421;2021-03-07;T20-21;E0;Man City;Man United;0;2;2;1;0,2338;0,6031;0,1631
16420;2021-03-07;T20-21;E0;Liverpool;Fulham;0;1;2;1;0,2412;0,5017;0,2571
16419;2021-03-07;T20-21;E0;West Brom;Newcastle;0;0;0;1;0,2539;0,4869;0,2591
6334;2021-03-07;T20-21;D1;Bielefeld;Union Berlin;0;0;0;1;0,2708;0,4569;0,2724
6333;2021-03-07;T20-21;D1;FC Koln;Werder Bremen;1;1;0;1;0,321;0,3613;0,3178
16423;2021-03-08;T20-21;E0;Chelsea;Everton;2;0;1;1;0,2223;0,5393;0,2384
16424;2021-03-08;T20-21;E0;West Ham;Leeds;2;0;1;1;0,3047;0,3974;0,2979
35533;2021-03-08;T20-21;I1;Inter;Atalanta;1;0;1;1;0,2052;0,5723;0,2225
45634;2021-03-08;T20-21;SP1;Betis;Alaves;3;2;1;1;0,2565;0,4813;0,2622
58127;2021-03-08;T20-21;SP2;Alcorcon;Mirandes;4;0;1;1;0,2523;0,4881;0,2596
58128;2021-03-08;T20-21;SP2;Lugo;Fuenlabrada;0;0;0;1;0,2322;0,5224;0,2454
26954;2021-03-10;T20-21;F1;Marseille;Rennes;1;0;1;1;0,2969;0,4145;0,2886
45635;2021-03-10;T20-21;SP1;Ath Madrid;Ath Bilbao;2;1;1;1;0,2388;0,586;0,1752
6335;2021-03-10;T20-21;D1;Bielefeld;Werder Bremen;0;2;2;1;0,3301;0,3407;0,3292
16425;2021-03-10;T20-21;E0;Man City;Southampton;5;2;1;1;0,2338;0,6031;0,1631
58129;2021-03-12;T20-21;SP2;Cartagena;Ponferradina;1;1;0;1;0,2973;0,4135;0,2892
45636;2021-03-12;T20-21;SP1;Levante;Valencia;1;0;1;1;0,2803;0,4357;0,2839
35535;2021-03-12;T20-21;I1;Atalanta;Spezia;3;1;1;1;0,2174;0,5448;0,2378
58130;2021-03-12;T20-21;SP2;Vallecano;Zaragoza;3;2;1;1;0,283;0,4166;0,3004
26955;2021-03-12;T20-21;F1;Reims;Lyon;1;1;0;1;0,3034;0,4003;0,2963
16426;2021-03-12;T20-21;E0;Newcastle;Aston Villa;1;1;0;1;0,2586;0,4578;0,2835
6336;2021-03-12;T20-21;D1;Augsburg;M'gladbach;3;1;1;1;0,3301;0,3407;0,3292
35534;2021-03-12;T20-21;I1;Lazio;Crotone;3;2;1;1;0,2278;0,5233;0,2489
35537;2021-03-13;T20-21;I1;Benevento;Fiorentina;1;4;2;1;0,2974;0,4133;0,2892
58133;2021-03-13;T20-21;SP2;Castellon;Sabadell;2;1;1;1;0,2969;0,4145;0,2886
58132;2021-03-13;T20-21;SP2;Girona;Lugo;1;1;0;1;0,2976;0,413;0,2894
58131;2021-03-13;T20-21;SP2;Fuenlabrada;Las Palmas;1;2;2;1;0,2259;0,5338;0,2404
45640;2021-03-13;T20-21;SP1;Getafe;Ath Madrid;0;0;0;1;0,235;0,5176;0,2474
45639;2021-03-13;T20-21;SP1;Osasuna;Valladolid;0;0;0;1;0,2706;0,4571;0,2722
45638;2021-03-13;T20-21;SP1;Real Madrid;Elche;2;1;1;1;0,2519;0,535;0,2132
58134;2021-03-13;T20-21;SP2;Mirandes;Espanol;2;2;0;1;0,2993;0,4093;0,2914
35538;2021-03-13;T20-21;I1;Genoa;Udinese;1;1;0;1;0,305;0,3966;0,2983
35536;2021-03-13;T20-21;I1;Sassuolo;Verona;3;2;1;1;0,2377;0,5131;0,2492
45637;2021-03-13;T20-21;SP1;Alaves;Cadiz;1;1;0;1;0,2971;0,414;0,2889
26956;2021-03-13;T20-21;F1;Angers;St Etienne;0;1;2;1;0,297;0,4143;0,2888
16430;2021-03-13;T20-21;E0;Fulham;Man City;0;3;2;1;0,2678;0,4422;0,29
16429;2021-03-13;T20-21;E0;Everton;Burnley;1;2;2;1;0,2736;0,4476;0,2788
16428;2021-03-13;T20-21;E0;Crystal Palace;West Brom;1;0;1;1;0,3065;0,3934;0,3001
16427;2021-03-13;T20-21;E0;Leeds;Chelsea;0;0;0;1;0,2398;0,4982;0,262
6341;2021-03-13;T20-21;D1;Dortmund;Hertha;2;0;1;1;0,2453;0,4946;0,2601
6340;2021-03-13;T20-21;D1;Wolfsburg;Schalke 04;5;0;1;1;0,2272;0,5296;0,2433
6339;2021-03-13;T20-21;D1;Werder Bremen;Bayern Munich;1;3;2;1;0,2769;0,4403;0,2828
6338;2021-03-13;T20-21;D1;Union Berlin;FC Koln;2;1;1;1;0,3068;0,3926;0,3005
6337;2021-03-13;T20-21;D1;Mainz;Freiburg;1;0;1;1;0,2561;0,4622;0,2817
26957;2021-03-13;T20-21;F1;Marseille;Brest;3;1;1;1;0,2746;0,4484;0,277
35540;2021-03-14;T20-21;I1;Parma;Roma;2;0;1;1;0,244;0,5019;0,2541
35541;2021-03-14;T20-21;I1;Torino;Inter;1;2;2;1;0,2448;0,4818;0,2734
35542;2021-03-14;T20-21;I1;Cagliari;Juventus;1;3;2;1;0,2917;0,4023;0,306
35543;2021-03-14;T20-21;I1;Milan;Napoli;0;1;2;1;0,2246;0,5346;0,2409
45641;2021-03-14;T20-21;SP1;Celta;Ath Bilbao;0;0;0;1;0,245;0,5003;0,2547
58137;2021-03-14;T20-21;SP2;Tenerife;Albacete;2;0;1;1;0,2628;0,4704;0,2668
45643;2021-03-14;T20-21;SP1;Eibar;Villarreal;1;3;2;1;0,2469;0,4782;0,2749
45644;2021-03-14;T20-21;SP1;Sevilla;Betis;1;0;1;1;0,2469;0,5556;0,1974
58135;2021-03-14;T20-21;SP2;Logrones;Malaga;0;1;2;1;0,2628;0,4704;0,2668
58136;2021-03-14;T20-21;SP2;Sp Gijon;Mallorca;2;0;1;1;0,2973;0,4135;0,2892
58138;2021-03-14;T20-21;SP2;Oviedo;Leganes;1;3;2;1;0,2528;0,4871;0,2602
45642;2021-03-14;T20-21;SP1;Granada;Sociedad;1;0;1;1;0,2298;0,5263;0,2439
35539;2021-03-14;T20-21;I1;Bologna;Sampdoria;3;1;1;1;0,258;0,4593;0,2827
26962;2021-03-14;T20-21;F1;Rennes;Strasbourg;1;0;1;1;0,2414;0,5066;0,252
26963;2021-03-14;T20-21;F1;Monaco;Lille;0;0;0;1;0,2598;0,4692;0,271
6342;2021-03-14;T20-21;D1;Leverkusen;Bielefeld;1;2;2;1;0,2176;0,5442;0,2382
26964;2021-03-14;T20-21;F1;Paris SG;Nantes;1;2;2;1;0,2341;0,6022;0,1637
6344;2021-03-14;T20-21;D1;Stuttgart;Hoffenheim;2;0;1;1;0,2418;0,4979;0,2603
16431;2021-03-14;T20-21;E0;Southampton;Brighton;1;2;2;1;0,2718;0,4354;0,2928
16432;2021-03-14;T20-21;E0;Leicester;Sheffield United;5;0;1;1;0,2535;0,4821;0,2645
6343;2021-03-14;T20-21;D1;RB Leipzig;Ein Frankfurt;1;1;0;1;0,1993;0,5856;0,2151
16434;2021-03-14;T20-21;E0;Man United;West Ham;1;0;1;1;0,2452;0,5017;0,2531
26958;2021-03-14;T20-21;F1;Nimes;Montpellier;1;1;0;1;0,2256;0,5305;0,2439
26959;2021-03-14;T20-21;F1;Dijon;Bordeaux;1;3;2;1;0,3034;0,4003;0,2963
26960;2021-03-14;T20-21;F1;Lens;Metz;2;2;0;1;0,2448;0,4973;0,2579
26961;2021-03-14;T20-21;F1;Lorient;Nice;1;1;0;1;0,2669;0,4438;0,2893
16433;2021-03-14;T20-21;E0;Arsenal;Tottenham;2;1;1;1;0,2274;0,5304;0,2422
16435;2021-03-15;T20-21;E0;Wolves;Liverpool;0;1;2;1;0,2827;0,4303;0,2869
45645;2021-03-15;T20-21;SP1;Barcelona;Huesca;4;1;1;1;0,2585;0,5017;0,2398
58139;2021-03-15;T20-21;SP2;Almeria;Alcorcon;0;0;0;1;0,2351;0,5173;0,2475
35544;2021-03-17;T20-21;I1;Torino;Sassuolo;3;2;1;1;0,2546;0,4752;0,2702
45646;2021-03-17;T20-21;SP1;Sevilla;Elche;2;0;1;1;0,2486;0,4942;0,2572
45647;2021-03-19;T20-21;SP1;Betis;Levante;2;0;1;1;0,2057;0,5694;0,2249
58140;2021-03-19;T20-21;SP2;Las Palmas;Girona;1;2;2;1;0,2418;0,5058;0,2525
35545;2021-03-19;T20-21;I1;Parma;Genoa;1;2;2;1;0,2577;0,4786;0,2637
6345;2021-03-19;T20-21;D1;Bielefeld;RB Leipzig;0;1;2;1;0,2678;0,4422;0,29
16436;2021-03-19;T20-21;E0;Fulham;Leeds;1;2;2;1;0,3045;0,3813;0,3142
26965;2021-03-19;T20-21;F1;St Etienne;Monaco;0;4;2;1;0,3301;0,3407;0,3292
58144;2021-03-20;T20-21;SP2;Espanol;Logrones;4;0;1;1;0,2627;0,4706;0,2667
58143;2021-03-20;T20-21;SP2;Leganes;Fuenlabrada;0;2;2;1;0,2629;0,4701;0,267
58142;2021-03-20;T20-21;SP2;Mallorca;Oviedo;0;0;0;1;0,2442;0,502;0,2537
45651;2021-03-20;T20-21;SP1;Valladolid;Sevilla;1;1;0;1;0,271;0,4563;0,2727
45650;2021-03-20;T20-21;SP1;Huesca;Osasuna;0;0;0;1;0,2265;0,5323;0,2412
45649;2021-03-20;T20-21;SP1;Celta;Real Madrid;1;3;2;1;0,2448;0,4973;0,2579
45648;2021-03-20;T20-21;SP1;Ath Bilbao;Eibar;1;1;0;1;0,3301;0,3407;0,3292
35547;2021-03-20;T20-21;I1;Spezia;Cagliari;2;1;1;1;0,2484;0,4947;0,257
58141;2021-03-20;T20-21;SP2;Sabadell;Sp Gijon;1;1;0;1;0,2414;0,5066;0,252
26967;2021-03-20;T20-21;F1;Nice;Marseille;3;0;1;1;0,2973;0,4135;0,2892
26966;2021-03-20;T20-21;F1;Metz;Rennes;1;3;2;1;0,2976;0,413;0,2894
16437;2021-03-20;T20-21;E0;Brighton;Newcastle;3;0;1;1;0,305;0,3966;0,2983
6350;2021-03-20;T20-21;D1;Schalke 04;M'gladbach;0;3;2;1;0,3301;0,3407;0,3292
6349;2021-03-20;T20-21;D1;Werder Bremen;Wolfsburg;1;2;2;1;0,26;0,4776;0,2624
6348;2021-03-20;T20-21;D1;FC Koln;Dortmund;2;2;0;1;0,2669;0,4438;0,2893
6347;2021-03-20;T20-21;D1;Ein Frankfurt;Union Berlin;5;2;1;1;0,2497;0,4847;0,2656
6346;2021-03-20;T20-21;D1;Bayern Munich;Stuttgart;4;0;1;1;0,1988;0,578;0,2232
35546;2021-03-20;T20-21;I1;Crotone;Bologna;2;3;2;1;0,2321;0,5227;0,2453
35551;2021-03-21;T20-21;I1;Udinese;Lazio;0;1;2;1;0,2794;0,4226;0,298
35552;2021-03-21;T20-21;I1;Fiorentina;Milan;2;3;2;1;0,2694;0,4557;0,2749
35553;2021-03-21;T20-21;I1;Roma;Napoli;0;2;2;1;0,2145;0,5477;0,2378
45652;2021-03-21;T20-21;SP1;Getafe;Elche;1;1;0;1;0,2483;0,4949;0,2568
45653;2021-03-21;T20-21;SP1;Valencia;Granada;2;1;1;1;0,2416;0,506;0,2523
58147;2021-03-21;T20-21;SP2;Lugo;Castellon;0;0;0;1;0,2415;0,5063;0,2522
45656;2021-03-21;T20-21;SP1;Sociedad;Barcelona;1;6;2;1;0,2069;0,5704;0,2227
58145;2021-03-21;T20-21;SP2;Ponferradina;Almeria;2;1;1;1;0,2969;0,4145;0,2886
58146;2021-03-21;T20-21;SP2;Malaga;Tenerife;1;1;0;1;0,2321;0,5227;0,2453
58148;2021-03-21;T20-21;SP2;Alcorcon;Vallecano;0;3;2;1;0,2702;0,4581;0,2717
35550;2021-03-21;T20-21;I1;Sampdoria;Torino;1;0;1;1;0,2201;0,5417;0,2381
45654;2021-03-21;T20-21;SP1;Villarreal;Cadiz;2;1;1;1;0,23;0,526;0,2441
35549;2021-03-21;T20-21;I1;Juventus;Benevento;0;1;2;1;0,2634;0,4691;0,2676
45655;2021-03-21;T20-21;SP1;Ath Madrid;Alaves;1;0;1;1;0,2328;0,5214;0,2457
26974;2021-03-21;T20-21;F1;Lyon;Paris SG;2;4;2;1;0,2;0,5869;0,2131
6351;2021-03-21;T20-21;D1;Hoffenheim;Mainz;1;2;2;1;0,2324;0,5219;0,2457
6353;2021-03-21;T20-21;D1;Freiburg;Augsburg;2;0;1;1;0,2714;0,4481;0,2805
16438;2021-03-21;T20-21;E0;West Ham;Arsenal;3;3;0;1;0,2446;0,4977;0,2577
16439;2021-03-21;T20-21;E0;Aston Villa;Tottenham;0;2;2;1;0,234;0,5198;0,2462
35548;2021-03-21;T20-21;I1;Verona;Atalanta;0;2;2;1;0,2478;0,4959;0,2563
6352;2021-03-21;T20-21;D1;Hertha;Leverkusen;3;0;1;1;0,2794;0,4226;0,298
26969;2021-03-21;T20-21;F1;Brest;Angers;0;0;0;1;0,3301;0,3407;0,3292
26970;2021-03-21;T20-21;F1;Dijon;Reims;0;1;2;1;0,2291;0,5278;0,243
26971;2021-03-21;T20-21;F1;Montpellier;Bordeaux;3;1;1;1;0,2541;0,4746;0,2713
26972;2021-03-21;T20-21;F1;Nantes;Lorient;1;1;0;1;0,2858;0,4236;0,2906
26973;2021-03-21;T20-21;F1;Lille;Nimes;1;2;2;1;0,231;0,6125;0,1565
26968;2021-03-21;T20-21;F1;Strasbourg;Lens;1;2;2;1;0,2971;0,414;0,2889
58149;2021-03-22;T20-21;SP2;Albacete;Cartagena;2;0;1;1;0,2973;0,4135;0,2892
58150;2021-03-22;T20-21;SP2;Zaragoza;Mirandes;1;0;1;1;0,2574;0,4793;0,2633
58152;2021-03-26;T20-21;SP2;Castellon;Espanol;1;3;2;1;0,3015;0,4045;0,2941
58151;2021-03-26;T20-21;SP2;Sp Gijon;Alcorcon;0;0;0;1;0,2487;0,4939;0,2574
58153;2021-03-27;T20-21;SP2;Oviedo;Ponferradina;1;1;0;1;0,2702;0,4581;0,2717
58154;2021-03-27;T20-21;SP2;Almeria;Leganes;1;1;0;1;0,2321;0,5227;0,2453
58155;2021-03-27;T20-21;SP2;Cartagena;Malaga;1;1;0;1;0,245;0,5003;0,2547
58156;2021-03-27;T20-21;SP2;Logrones;Zaragoza;1;1;0;1;0,2969;0,4145;0,2886
58157;2021-03-28;T20-21;SP2;Lugo;Sabadell;0;1;2;1;0,2124;0,5571;0,2305
58158;2021-03-28;T20-21;SP2;Girona;Albacete;2;1;1;1;0,229;0,5281;0,2429
58159;2021-03-28;T20-21;SP2;Tenerife;Las Palmas;1;1;0;1;0,2235;0,5378;0,2387
58160;2021-03-29;T20-21;SP2;Fuenlabrada;Mallorca;4;1;1;1;0,2287;0,5288;0,2425
58161;2021-03-30;T20-21;SP2;Alcorcon;Oviedo;1;1;0;1;0,2969;0,4145;0,2886
58162;2021-03-30;T20-21;SP2;Malaga;Almeria;0;3;2;1;0,297;0,4143;0,2888
58163;2021-03-30;T20-21;SP2;Ponferradina;Logrones;2;2;0;1;0,2349;0,5179;0,2472
58164;2021-03-30;T20-21;SP2;Vallecano;Sp Gijon;0;1;2;1;0,2412;0,5071;0,2518
58165;2021-03-31;T20-21;SP2;Albacete;Castellon;0;1;2;1;0,263;0,4699;0,2671
58166;2021-03-31;T20-21;SP2;Sabadell;Girona;2;2;0;1;0,2486;0,4942;0,2572
58167;2021-04-01;T20-21;SP2;Espanol;Fuenlabrada;4;0;1;1;0,1956;0,5874;0,217
58168;2021-04-01;T20-21;SP2;Mallorca;Leganes;1;0;1;1;0,2315;0,5239;0,2446
58169;2021-04-01;T20-21;SP2;Las Palmas;Lugo;6;1;1;1;0,2419;0,5055;0,2526
58170;2021-04-01;T20-21;SP2;Zaragoza;Cartagena;0;0;0;1;0,2526;0,4873;0,26
58171;2021-04-02;T20-21;SP2;Almeria;Vallecano;0;1;2;1;0,2147;0,553;0,2323
45657;2021-04-02;T20-21;SP1;Levante;Huesca;0;2;2;1;0,3063;0,3938;0,2999
35557;2021-04-03;T20-21;I1;Cagliari;Verona;0;2;2;1;0,2414;0,5066;0,252
58173;2021-04-03;T20-21;SP2;Girona;Ponferradina;3;1;1;1;0,2526;0,4814;0,2659
58172;2021-04-03;T20-21;SP2;Logrones;Tenerife;1;0;1;1;0,297;0,4143;0,2887
45660;2021-04-03;T20-21;SP1;Osasuna;Getafe;0;0;0;1;0,2976;0,413;0,2894
45659;2021-04-03;T20-21;SP1;Real Madrid;Eibar;2;0;1;1;0,2537;0,5265;0,2198
45658;2021-04-03;T20-21;SP1;Granada;Villarreal;0;3;2;1;0,2215;0,5398;0,2387
35562;2021-04-03;T20-21;I1;Torino;Juventus;2;2;0;1;0,2917;0,4023;0,306
58174;2021-04-03;T20-21;SP2;Castellon;Oviedo;1;0;1;1;0,2972;0,4138;0,289
35560;2021-04-03;T20-21;I1;Napoli;Crotone;4;3;1;1;0,2505;0,49;0,2595
35559;2021-04-03;T20-21;I1;Lazio;Spezia;2;1;1;1;0,2273;0,5243;0,2484
35558;2021-04-03;T20-21;I1;Genoa;Fiorentina;1;1;0;1;0,3301;0,3407;0,3292
35556;2021-04-03;T20-21;I1;Benevento;Parma;2;2;0;1;0,2976;0,413;0,2894
6360;2021-04-03;T20-21;D1;M'gladbach;Freiburg;2;1;1;1;0,21;0,555;0,2349
35554;2021-04-03;T20-21;I1;Milan;Sampdoria;1;1;0;1;0,2274;0,5291;0,2435
35555;2021-04-03;T20-21;I1;Atalanta;Udinese;3;2;1;1;0,2296;0,524;0,2463
6355;2021-04-03;T20-21;D1;Dortmund;Ein Frankfurt;1;2;2;1;0,239;0,5056;0,2554
6356;2021-04-03;T20-21;D1;Leverkusen;Schalke 04;2;1;1;1;0,2669;0,4582;0,2749
6357;2021-04-03;T20-21;D1;Mainz;Bielefeld;1;1;0;1;0,217;0,5478;0,2352
6354;2021-04-03;T20-21;D1;Augsburg;Hoffenheim;2;1;1;1;0,2376;0,4945;0,2679
6359;2021-04-03;T20-21;D1;RB Leipzig;Bayern Munich;0;1;2;1;0,1864;0,6099;0,2036
26975;2021-04-03;T20-21;F1;Monaco;Metz;4;0;1;1;0,2282;0,5248;0,2471
26976;2021-04-03;T20-21;F1;Paris SG;Lille;0;1;2;1;0,2477;0,5525;0,1998
26977;2021-04-03;T20-21;F1;Lens;Lyon;1;1;0;1;0,2474;0,4899;0,2627
6358;2021-04-03;T20-21;D1;Wolfsburg;FC Koln;1;0;1;1;0,2156;0,5509;0,2335
45663;2021-04-04;T20-21;SP1;Cadiz;Valencia;2;1;1;1;0,2596;0,4745;0,266
58179;2021-04-04;T20-21;SP2;Las Palmas;Mallorca;1;1;0;1;0,2127;0,5564;0,2309
58178;2021-04-04;T20-21;SP2;Lugo;Malaga;0;1;2;1;0,2439;0,5022;0,2539
58177;2021-04-04;T20-21;SP2;Leganes;Sabadell;2;1;1;1;0,2419;0,5054;0,2527
58176;2021-04-04;T20-21;SP2;Albacete;Espanol;0;3;2;1;0,248;0,4918;0,2602
58175;2021-04-04;T20-21;SP2;Sp Gijon;Mirandes;1;2;2;1;0,2439;0,5021;0,254
45664;2021-04-04;T20-21;SP1;Sevilla;Ath Madrid;1;0;1;1;0,2342;0,5193;0,2464
45661;2021-04-04;T20-21;SP1;Alaves;Celta;1;3;2;1;0,2569;0,4803;0,2627
26980;2021-04-04;T20-21;F1;Lorient;Brest;1;0;1;1;0,2536;0,4665;0,2799
26982;2021-04-04;T20-21;F1;Reims;Rennes;2;2;0;1;0,2574;0,4793;0,2633
26981;2021-04-04;T20-21;F1;Nantes;Nice;1;2;2;1;0,3045;0,3813;0,3142
26979;2021-04-04;T20-21;F1;Bordeaux;Strasbourg;2;3;2;1;0,2385;0,5068;0,2547
26978;2021-04-04;T20-21;F1;Angers;Montpellier;1;1;0;1;0,2536;0,4665;0,2799
16445;2021-04-04;T20-21;E0;Newcastle;Tottenham;2;2;0;1;0,3034;0,4003;0,2963
6362;2021-04-04;T20-21;D1;Union Berlin;Hertha;1;1;0;1;0,2028;0,5684;0,2289
6361;2021-04-04;T20-21;D1;Stuttgart;Werder Bremen;1;0;1;1;0,2514;0,4809;0,2678
26984;2021-04-04;T20-21;F1;Marseille;Dijon;2;0;1;1;0,2967;0,415;0,2884
58180;2021-04-05;T20-21;SP2;Cartagena;Alcorcon;2;1;1;1;0,2535;0,4863;0,2602
58181;2021-04-05;T20-21;SP2;Fuenlabrada;Zaragoza;0;1;2;1;0,2529;0,4868;0,2603
35564;2021-04-07;T20-21;I1;Inter;Sassuolo;2;1;1;1;0,2221;0,5463;0,2316
35565;2021-04-07;T20-21;I1;Juventus;Napoli;2;1;1;1;0,2086;0,5628;0,2286
58182;2021-04-09;T20-21;SP2;Tenerife;Sp Gijon;1;0;1;1;0,283;0,4166;0,3004
26985;2021-04-09;T20-21;F1;Metz;Lille;0;2;2;1;0,2993;0,4093;0,2914
45667;2021-04-09;T20-21;SP1;Huesca;Elche;3;1;1;1;0,2973;0,4135;0,2892
6363;2021-04-09;T20-21;D1;Bielefeld;Freiburg;1;0;1;1;0,2574;0,4793;0,2633
16450;2021-04-09;T20-21;E0;Fulham;Wolves;0;1;2;1;0,2536;0,4665;0,2799
58185;2021-04-10;T20-21;SP2;Vallecano;Girona;2;1;1;1;0,2263;0,5328;0,2409
58184;2021-04-10;T20-21;SP2;Oviedo;Las Palmas;0;0;0;1;0,2328;0,5216;0,2456
58183;2021-04-10;T20-21;SP2;Ponferradina;Fuenlabrada;0;0;0;1;0,2571;0,48;0,2629
45671;2021-04-10;T20-21;SP1;Real Madrid;Barcelona;2;1;1;1;0,2512;0,5378;0,211
45669;2021-04-10;T20-21;SP1;Ath Bilbao;Alaves;0;0;0;1;0,241;0,5076;0,2515
45668;2021-04-10;T20-21;SP1;Getafe;Cadiz;0;1;2;1;0,3047;0,3974;0,2979
35568;2021-04-10;T20-21;I1;Udinese;Torino;0;1;2;1;0,271;0,4564;0,2727
35567;2021-04-10;T20-21;I1;Parma;Milan;1;3;2;1;0,2193;0,5447;0,236
35566;2021-04-10;T20-21;I1;Spezia;Crotone;3;2;1;1;0,2969;0,4145;0,2886
45670;2021-04-10;T20-21;SP1;Eibar;Levante;0;1;2;1;0,283;0,4166;0,3004
26986;2021-04-10;T20-21;F1;Strasbourg;Paris SG;1;4;2;1;0,2395;0,5075;0,253
16453;2021-04-10;T20-21;E0;Crystal Palace;Chelsea;1;4;2;1;0,2318;0,5219;0,2463
16452;2021-04-10;T20-21;E0;Liverpool;Aston Villa;2;1;1;1;0,2225;0,5354;0,2422
16451;2021-04-10;T20-21;E0;Man City;Leeds;1;2;2;1;0,2345;0,6009;0,1646
6368;2021-04-10;T20-21;D1;Stuttgart;Dortmund;2;3;2;1;0,2386;0,5037;0,2577
6367;2021-04-10;T20-21;D1;Werder Bremen;RB Leipzig;1;4;2;1;0,2917;0,4023;0,306
6366;2021-04-10;T20-21;D1;Hertha;M'gladbach;2;2;0;1;0,3301;0,3407;0,3292
6365;2021-04-10;T20-21;D1;Ein Frankfurt;Wolfsburg;4;3;1;1;0,2107;0,5641;0,2252
6364;2021-04-10;T20-21;D1;Bayern Munich;Union Berlin;1;1;0;1;0,2613;0,4707;0,268
26987;2021-04-10;T20-21;F1;Montpellier;Marseille;3;3;0;1;0,2877;0,4193;0,293
35572;2021-04-11;T20-21;I1;Verona;Lazio;0;1;2;1;0,2485;0,4989;0,2526
35573;2021-04-11;T20-21;I1;Roma;Bologna;1;0;1;1;0,2472;0,4903;0,2625
35574;2021-04-11;T20-21;I1;Fiorentina;Atalanta;2;3;2;1;0,2761;0,4282;0,2957
45672;2021-04-11;T20-21;SP1;Villarreal;Osasuna;1;2;2;1;0,2189;0,5457;0,2354
45673;2021-04-11;T20-21;SP1;Valencia;Sociedad;2;2;0;1;0,2331;0,5218;0,2451
45674;2021-04-11;T20-21;SP1;Valladolid;Granada;1;2;2;1;0,2976;0,413;0,2894
58189;2021-04-11;T20-21;SP2;Mirandes;Logrones;0;1;2;1;0,2484;0,4947;0,257
58186;2021-04-11;T20-21;SP2;Malaga;Albacete;2;0;1;1;0,2331;0,5209;0,246
58191;2021-04-11;T20-21;SP2;Espanol;Leganes;2;1;1;1;0,2261;0,5333;0,2406
58188;2021-04-11;T20-21;SP2;Mallorca;Lugo;2;0;1;1;0,2506;0,491;0,2583
58190;2021-04-11;T20-21;SP2;Sabadell;Cartagena;1;1;0;1;0,2372;0,5139;0,249
35571;2021-04-11;T20-21;I1;Sampdoria;Napoli;0;2;2;1;0,3113;0,3828;0,3059
45675;2021-04-11;T20-21;SP1;Betis;Ath Madrid;1;1;0;1;0,2298;0,5263;0,2439
35570;2021-04-11;T20-21;I1;Juventus;Genoa;3;1;1;1;0,2209;0,5413;0,2379
58187;2021-04-11;T20-21;SP2;Zaragoza;Almeria;2;1;1;1;0,2651;0,4664;0,2685
26994;2021-04-11;T20-21;F1;Lyon;Angers;3;0;1;1;0,2138;0,5571;0,2291
26993;2021-04-11;T20-21;F1;Monaco;Dijon;3;0;1;1;0,2269;0,5277;0,2454
26992;2021-04-11;T20-21;F1;St Etienne;Bordeaux;4;1;1;1;0,2215;0,5398;0,2387
26991;2021-04-11;T20-21;F1;Nice;Reims;0;0;0;1;0,2128;0,5551;0,2321
26990;2021-04-11;T20-21;F1;Lens;Lorient;4;1;1;1;0,2604;0,4678;0,2718
26989;2021-04-11;T20-21;F1;Brest;Nimes;1;1;0;1;0,3127;0,3797;0,3076
26988;2021-04-11;T20-21;F1;Rennes;Nantes;1;0;1;1;0,2376;0,4945;0,2679
16457;2021-04-11;T20-21;E0;Sheffield United;Arsenal;0;3;2;1;0,2917;0,4023;0,306
16456;2021-04-11;T20-21;E0;Tottenham;Man United;1;3;2;1;0,236;0,5186;0,2454
16455;2021-04-11;T20-21;E0;West Ham;Leicester;3;2;1;1;0,2917;0,4023;0,306
16454;2021-04-11;T20-21;E0;Burnley;Newcastle;1;2;2;1;0,3301;0,3407;0,3292
6370;2021-04-11;T20-21;D1;FC Koln;Mainz;2;3;2;1;0,2484;0,4947;0,257
6369;2021-04-11;T20-21;D1;Schalke 04;Augsburg;1;0;1;1;0,3116;0,382;0,3063
35569;2021-04-11;T20-21;I1;Inter;Cagliari;1;0;1;1;0,2354;0,5233;0,2413
58192;2021-04-12;T20-21;SP2;Alcorcon;Castellon;2;1;1;1;0,2624;0,4711;0,2664
45676;2021-04-12;T20-21;SP1;Celta;Sevilla;3;4;2;1;0,3045;0,3813;0,3142
35575;2021-04-12;T20-21;I1;Benevento;Sassuolo;0;1;2;1;0,2971;0,414;0,2889
16458;2021-04-12;T20-21;E0;West Brom;Southampton;3;0;1;1;0,2586;0,4578;0,2835
6371;2021-04-12;T20-21;D1;Hoffenheim;Leverkusen;0;0;0;1;0,2381;0,4997;0,2622
16459;2021-04-12;T20-21;E0;Brighton;Everton;0;0;0;1;0,3301;0,3407;0,3292
58193;2021-04-14;T20-21;SP2;Vallecano;Mirandes;0;1;2;1;0,2288;0,5277;0,2435
58195;2021-04-16;T20-21;SP2;Girona;Zaragoza;3;0;1;1;0,2416;0,506;0,2523
6372;2021-04-16;T20-21;D1;RB Leipzig;Hoffenheim;0;0;0;1;0,2306;0,5321;0,2373
16460;2021-04-16;T20-21;E0;Everton;Tottenham;2;2;0;1;0,2428;0,5017;0,2555
26995;2021-04-16;T20-21;F1;Lille;Montpellier;1;1;0;1;0,2321;0,6088;0,1591
58194;2021-04-16;T20-21;SP2;Fuenlabrada;Sabadell;2;2;0;1;0,2514;0,4894;0,2593
35577;2021-04-17;T20-21;I1;Sampdoria;Verona;3;1;1;1;0,2697;0,4591;0,2711
35578;2021-04-17;T20-21;I1;Sassuolo;Fiorentina;3;1;1;1;0,2472;0,486;0,2667
35579;2021-04-17;T20-21;I1;Cagliari;Parma;4;3;1;1;0,2384;0,5116;0,25
35576;2021-04-17;T20-21;I1;Crotone;Udinese;1;2;2;1;0,2972;0,3932;0,3096
58197;2021-04-17;T20-21;SP2;Castellon;Mallorca;1;0;1;1;0,2976;0,413;0,2894
58198;2021-04-17;T20-21;SP2;Las Palmas;Malaga;1;1;0;1;0,2525;0,4876;0,2599
58199;2021-04-17;T20-21;SP2;Sp Gijon;Oviedo;0;1;2;1;0,2345;0,5188;0,2467
58196;2021-04-17;T20-21;SP2;Lugo;Alcorcon;1;3;2;1;0,2567;0,4808;0,2625
26997;2021-04-17;T20-21;F1;Marseille;Lorient;3;2;1;1;0,229;0,5241;0,2469
6375;2021-04-17;T20-21;D1;M'gladbach;Ein Frankfurt;4;0;1;1;0,2422;0,4985;0,2593
16462;2021-04-17;T20-21;E0;Wolves;Sheffield United;1;0;1;1;0,229;0,5267;0,2443
16461;2021-04-17;T20-21;E0;Newcastle;West Ham;3;2;1;1;0,2349;0,5071;0,258
6378;2021-04-17;T20-21;D1;Leverkusen;FC Koln;3;0;1;1;0,3052;0,3963;0,2985
6377;2021-04-17;T20-21;D1;Wolfsburg;Bayern Munich;2;3;2;1;0,2163;0,5483;0,2354
6376;2021-04-17;T20-21;D1;Union Berlin;Stuttgart;2;1;1;1;0,2746;0,4441;0,2813
6374;2021-04-17;T20-21;D1;Freiburg;Schalke 04;4;0;1;1;0,2762;0,4406;0,2832
6373;2021-04-17;T20-21;D1;Augsburg;Bielefeld;0;0;0;1;0,253;0,4843;0,2627
26996;2021-04-17;T20-21;F1;Angers;Rennes;0;3;2;1;0,2322;0,5224;0,2454
45677;2021-04-18;T20-21;SP1;Osasuna;Elche;2;0;1;1;0,2704;0,4576;0,272
45678;2021-04-18;T20-21;SP1;Sociedad;Sevilla;1;2;2;1;0,2586;0,4578;0,2835
45679;2021-04-18;T20-21;SP1;Alaves;Huesca;1;0;1;1;0,2621;0,453;0,2849
45680;2021-04-18;T20-21;SP1;Ath Madrid;Eibar;5;0;1;1;0,2381;0,5884;0,1735
45681;2021-04-18;T20-21;SP1;Betis;Valencia;2;2;0;1;0,2583;0,4706;0,2711
58200;2021-04-18;T20-21;SP2;Albacete;Mirandes;1;0;1;1;0,275;0,4476;0,2774
45683;2021-04-18;T20-21;SP1;Getafe;Real Madrid;0;0;0;1;0,2346;0,5171;0,2484
45684;2021-04-18;T20-21;SP1;Levante;Villarreal;1;5;2;1;0,3038;0,3994;0,2968
58201;2021-04-18;T20-21;SP2;Logrones;Vallecano;0;0;0;1;0,2485;0,4944;0,2571
58202;2021-04-18;T20-21;SP2;Cartagena;Tenerife;0;0;0;1;0,2319;0,5232;0,245
35585;2021-04-18;T20-21;I1;Napoli;Inter;1;1;0;1;0,2018;0,5738;0,2243
45682;2021-04-18;T20-21;SP1;Cadiz;Celta;0;0;0;1;0,2969;0,4145;0,2886
35584;2021-04-18;T20-21;I1;Torino;Roma;3;1;1;1;0,2523;0,4881;0,2596
6379;2021-04-18;T20-21;D1;Dortmund;Werder Bremen;4;1;1;1;0,2138;0,5494;0,2368
35582;2021-04-18;T20-21;I1;Bologna;Spezia;4;1;1;1;0,2496;0,4865;0,2639
35581;2021-04-18;T20-21;I1;Atalanta;Juventus;1;0;1;1;0,2138;0,551;0,2351
35580;2021-04-18;T20-21;I1;Milan;Genoa;2;1;1;1;0,2352;0,5157;0,2491
27004;2021-04-18;T20-21;F1;Nantes;Lyon;1;2;2;1;0,2328;0,5257;0,2415
27003;2021-04-18;T20-21;F1;Bordeaux;Monaco;0;3;2;1;0,2698;0,4388;0,2914
27002;2021-04-18;T20-21;F1;Reims;Metz;0;0;0;1;0,2525;0,4876;0,2599
27001;2021-04-18;T20-21;F1;Nimes;Strasbourg;1;1;0;1;0,287;0,41;0,303
27000;2021-04-18;T20-21;F1;Dijon;Nice;2;0;1;1;0,3301;0,3407;0,3292
26999;2021-04-18;T20-21;F1;Brest;Lens;1;1;0;1;0,2263;0,5328;0,2409
26998;2021-04-18;T20-21;F1;Paris SG;St Etienne;3;2;1;1;0,2504;0,5415;0,2081
16464;2021-04-18;T20-21;E0;Man United;Burnley;3;1;1;1;0,2213;0,544;0,2347
16463;2021-04-18;T20-21;E0;Arsenal;Fulham;1;1;0;1;0,2673;0,4605;0,2723
35583;2021-04-18;T20-21;I1;Lazio;Benevento;5;3;1;1;0,2442;0,4954;0,2604
58203;2021-04-19;T20-21;SP2;Leganes;Ponferradina;1;1;0;1;0,2794;0,4226;0,298
58204;2021-04-19;T20-21;SP2;Almeria;Espanol;1;1;0;1;0,2169;0,5458;0,2372
16465;2021-04-19;T20-21;E0;Leeds;Liverpool;1;1;0;1;0,3128;0,3794;0,3078
6380;2021-04-20;T20-21;D1;FC Koln;RB Leipzig;2;1;1;1;0,241;0,4885;0,2705
6381;2021-04-20;T20-21;D1;Bayern Munich;Leverkusen;2;0;1;1;0,229;0,5254;0,2456
6382;2021-04-20;T20-21;D1;Bielefeld;Schalke 04;1;0;1;1;0,2761;0,4282;0,2957
6383;2021-04-20;T20-21;D1;Ein Frankfurt;Augsburg;2;0;1;1;0,2497;0,4831;0,2673
16466;2021-04-20;T20-21;E0;Chelsea;Brighton;0;0;0;1;0,1975;0,5815;0,221
35586;2021-04-20;T20-21;I1;Verona;Fiorentina;1;2;2;1;0,241;0,5076;0,2515
35592;2021-04-21;T20-21;I1;Spezia;Inter;1;1;0;1;0,2917;0,4023;0,306
35593;2021-04-21;T20-21;I1;Udinese;Cagliari;0;1;2;1;0,2289;0,5283;0,2428
45685;2021-04-21;T20-21;SP1;Levante;Sevilla;0;1;2;1;0,2917;0,4023;0,306
45686;2021-04-21;T20-21;SP1;Osasuna;Valencia;3;1;1;1;0,2479;0,4938;0,2583
45690;2021-04-21;T20-21;SP1;Cadiz;Real Madrid;0;3;2;1;0,3015;0,4045;0,2941
45688;2021-04-21;T20-21;SP1;Alaves;Villarreal;2;1;1;1;0,2571;0,4775;0,2655
45689;2021-04-21;T20-21;SP1;Elche;Valladolid;1;1;0;1;0,27;0,4586;0,2714
58205;2021-04-21;T20-21;SP2;Mirandes;Tenerife;0;0;0;1;0,2375;0,513;0,2495
45687;2021-04-21;T20-21;SP1;Betis;Ath Bilbao;0;0;0;1;0,2675;0,4601;0,2725
35591;2021-04-21;T20-21;I1;Juventus;Parma;3;1;1;1;0,2175;0,5473;0,2352
6386;2021-04-21;T20-21;D1;Stuttgart;Wolfsburg;1;3;2;1;0,2328;0,5257;0,2415
35589;2021-04-21;T20-21;I1;Crotone;Sampdoria;0;1;2;1;0,2702;0,4581;0,2717
35588;2021-04-21;T20-21;I1;Bologna;Torino;1;1;0;1;0,2446;0,5013;0,2542
35587;2021-04-21;T20-21;I1;Milan;Sassuolo;1;2;2;1;0,2244;0,5346;0,241
16468;2021-04-21;T20-21;E0;Aston Villa;Man City;1;2;2;1;0,2917;0,4023;0,306
16467;2021-04-21;T20-21;E0;Tottenham;Southampton;2;1;1;1;0,2353;0,5169;0,2478
6387;2021-04-21;T20-21;D1;Werder Bremen;Mainz;0;1;2;1;0,245;0,5003;0,2547
35590;2021-04-21;T20-21;I1;Genoa;Benevento;2;2;0;1;0,2412;0,5071;0,2518
6385;2021-04-21;T20-21;D1;Hoffenheim;M'gladbach;3;2;1;1;0,3108;0,3839;0,3053
6384;2021-04-21;T20-21;D1;Dortmund;Union Berlin;2;0;1;1;0,2152;0,5469;0,2379
45694;2021-04-22;T20-21;SP1;Barcelona;Getafe;5;2;1;1;0,2618;0,4899;0,2483
45692;2021-04-22;T20-21;SP1;Granada;Eibar;4;1;1;1;0,2698;0,4388;0,2914
45691;2021-04-22;T20-21;SP1;Ath Madrid;Huesca;2;0;1;1;0,2359;0,5962;0,1679
45693;2021-04-22;T20-21;SP1;Sociedad;Celta;2;1;1;1;0,2412;0,5071;0,2518
35594;2021-04-22;T20-21;I1;Roma;Atalanta;1;1;0;1;0,2504;0,4848;0,2648
16469;2021-04-22;T20-21;E0;Leicester;West Brom;3;0;1;1;0,2277;0,5259;0,2464
35595;2021-04-22;T20-21;I1;Napoli;Lazio;5;2;1;1;0,2201;0,5414;0,2385
6388;2021-04-23;T20-21;D1;Augsburg;FC Koln;2;3;2;1;0,2698;0,4388;0,2914
16470;2021-04-23;T20-21;E0;Arsenal;Everton;0;1;2;1;0,2188;0,5436;0,2375
27005;2021-04-23;T20-21;F1;Reims;Marseille;1;3;2;1;0,2369;0,5119;0,2512
58206;2021-04-23;T20-21;SP2;Zaragoza;Sp Gijon;0;0;0;1;0,2729;0,4336;0,2935
35598;2021-04-24;T20-21;I1;Sassuolo;Sampdoria;1;0;1;1;0,2461;0,4887;0,2653
45695;2021-04-24;T20-21;SP1;Elche;Levante;1;0;1;1;0,2647;0,4673;0,268
45696;2021-04-24;T20-21;SP1;Valladolid;Cadiz;1;1;0;1;0,287;0,41;0,303
45697;2021-04-24;T20-21;SP1;Valencia;Alaves;1;1;0;1;0,2538;0,4855;0,2607
58208;2021-04-24;T20-21;SP2;Malaga;Fuenlabrada;0;1;2;1;0,2706;0,4571;0,2722
58210;2021-04-24;T20-21;SP2;Ponferradina;Lugo;2;0;1;1;0,297;0,4143;0,2888
58209;2021-04-24;T20-21;SP2;Espanol;Las Palmas;4;0;1;1;0,2479;0,4957;0,2564
35597;2021-04-24;T20-21;I1;Parma;Crotone;3;4;2;1;0,2348;0,5182;0,2471
45698;2021-04-24;T20-21;SP1;Real Madrid;Betis;0;0;0;1;0,2474;0,5538;0,1988
35596;2021-04-24;T20-21;I1;Genoa;Spezia;2;0;1;1;0,2436;0,5029;0,2535
58207;2021-04-24;T20-21;SP2;Logrones;Cartagena;0;1;2;1;0,2412;0,5071;0,2518
27006;2021-04-24;T20-21;F1;St Etienne;Brest;1;2;2;1;0,2351;0,5173;0,2475
16473;2021-04-24;T20-21;E0;Sheffield United;Brighton;1;0;1;1;0,2993;0,4093;0,2914
16472;2021-04-24;T20-21;E0;West Ham;Chelsea;0;1;2;1;0,2589;0,4712;0,2699
16471;2021-04-24;T20-21;E0;Liverpool;Newcastle;1;1;0;1;0,2078;0,5616;0,2306
6393;2021-04-24;T20-21;D1;Leverkusen;Ein Frankfurt;3;1;1;1;0,3048;0,3972;0,298
6392;2021-04-24;T20-21;D1;Wolfsburg;Dortmund;0;2;2;1;0,2335;0,517;0,2494
6391;2021-04-24;T20-21;D1;Union Berlin;Werder Bremen;3;1;1;1;0,3086;0,3888;0,3026
6390;2021-04-24;T20-21;D1;Mainz;Bayern Munich;2;1;1;1;0,2577;0,47;0,2723
6389;2021-04-24;T20-21;D1;Freiburg;Hoffenheim;1;1;0;1;0,2509;0,4837;0,2654
27007;2021-04-24;T20-21;F1;Metz;Paris SG;1;3;2;1;0,2239;0,5356;0,2405
35601;2021-04-25;T20-21;I1;Inter;Verona;1;0;1;1;0,2125;0,5639;0,2236
35602;2021-04-25;T20-21;I1;Cagliari;Roma;3;2;1;1;0,2213;0,5412;0,2376
35603;2021-04-25;T20-21;I1;Atalanta;Bologna;5;0;1;1;0,2204;0,54;0,2396
45699;2021-04-25;T20-21;SP1;Huesca;Getafe;0;2;2;1;0,2973;0,4135;0,2892
45700;2021-04-25;T20-21;SP1;Villarreal;Barcelona;1;2;2;1;0,2309;0,524;0,2452
58212;2021-04-25;T20-21;SP2;Mirandes;Almeria;1;1;0;1;0,2402;0,5084;0,2514
45702;2021-04-25;T20-21;SP1;Sevilla;Granada;2;1;1;1;0,2474;0,5538;0,1988
45703;2021-04-25;T20-21;SP1;Ath Bilbao;Ath Madrid;2;1;1;1;0,2613;0,4533;0,2854
58211;2021-04-25;T20-21;SP2;Oviedo;Girona;0;1;2;1;0,2526;0,4873;0,26
58213;2021-04-25;T20-21;SP2;Alcorcon;Leganes;1;2;2;1;0,2189;0,5457;0,2354
58214;2021-04-25;T20-21;SP2;Tenerife;Castellon;1;1;0;1;0,2967;0,415;0,2884
45701;2021-04-25;T20-21;SP1;Celta;Osasuna;2;1;1;1;0,2411;0,5072;0,2517
35600;2021-04-25;T20-21;I1;Fiorentina;Juventus;1;1;0;1;0,3301;0,3407;0,3292
27014;2021-04-25;T20-21;F1;Lyon;Lille;2;3;2;1;0,2185;0,5503;0,2312
27013;2021-04-25;T20-21;F1;Angers;Monaco;0;1;2;1;0,2794;0,4226;0,298
6394;2021-04-25;T20-21;D1;RB Leipzig;Stuttgart;2;0;1;1;0,2058;0,5749;0,2192
35599;2021-04-25;T20-21;I1;Benevento;Udinese;2;4;2;1;0,248;0,4918;0,2602
16474;2021-04-25;T20-21;E0;Wolves;Burnley;0;4;2;1;0,2529;0,4847;0,2624
16475;2021-04-25;T20-21;E0;Leeds;Man United;0;0;0;1;0,3123;0,3806;0,3071
16476;2021-04-25;T20-21;E0;Aston Villa;West Brom;2;2;0;1;0,266;0,4633;0,2707
6395;2021-04-25;T20-21;D1;M'gladbach;Bielefeld;5;0;1;1;0,2589;0,4698;0,2712
27009;2021-04-25;T20-21;F1;Lens;Nimes;2;1;1;1;0,253;0,4807;0,2663
27010;2021-04-25;T20-21;F1;Lorient;Bordeaux;4;1;1;1;0,2239;0,5356;0,2405
27011;2021-04-25;T20-21;F1;Rennes;Dijon;5;1;1;1;0,2375;0,5135;0,2489
27012;2021-04-25;T20-21;F1;Strasbourg;Nantes;1;2;2;1;0,2705;0,4574;0,2721
27008;2021-04-25;T20-21;F1;Nice;Montpellier;3;1;1;1;0,2729;0,4336;0,2935
35604;2021-04-26;T20-21;I1;Torino;Napoli;0;2;2;1;0,221;0,5305;0,2485
35605;2021-04-26;T20-21;I1;Lazio;Milan;3;0;1;1;0,242;0,498;0,26
45704;2021-04-26;T20-21;SP1;Eibar;Sociedad;0;1;2;1;0,2701;0,4584;0,2715
58215;2021-04-26;T20-21;SP2;Vallecano;Albacete;2;2;0;1;0,2289;0,5282;0,2428
58216;2021-04-26;T20-21;SP2;Sabadell;Mallorca;1;0;1;1;0,2969;0,4145;0,2886
45705;2021-04-28;T20-21;SP1;Ath Bilbao;Valladolid;2;2;0;1;0,2267;0,532;0,2413
45706;2021-04-29;T20-21;SP1;Barcelona;Granada;1;2;2;1;0,2688;0,4751;0,2561
45707;2021-04-30;T20-21;SP1;Celta;Levante;2;0;1;1;0,2538;0,4855;0,2607
58217;2021-04-30;T20-21;SP2;Lugo;Zaragoza;2;2;0;1;0,2971;0,414;0,2889
16478;2021-04-30;T20-21;E0;Southampton;Leicester;1;1;0;1;0,283;0,4166;0,3004
27015;2021-04-30;T20-21;F1;Marseille;Strasbourg;1;1;0;1;0,2433;0,4991;0,2576
58220;2021-05-01;T20-21;SP2;Mallorca;Mirandes;2;1;1;1;0,241;0,4885;0,2705
58219;2021-05-01;T20-21;SP2;Almeria;Oviedo;2;2;0;1;0,238;0,5126;0,2495
58218;2021-05-01;T20-21;SP2;Girona;Tenerife;1;0;1;1;0,2565;0,4813;0,2622
45710;2021-05-01;T20-21;SP1;Huesca;Sociedad;1;0;1;1;0,2974;0,4133;0,2892
45709;2021-05-01;T20-21;SP1;Elche;Ath Madrid;0;1;2;1;0,2993;0,3898;0,3109
45708;2021-05-01;T20-21;SP1;Eibar;Alaves;3;0;1;1;0,2484;0,4947;0,257
35608;2021-05-01;T20-21;I1;Milan;Benevento;2;0;1;1;0,2163;0,5473;0,2364
45711;2021-05-01;T20-21;SP1;Real Madrid;Osasuna;2;0;1;1;0,2451;0,5628;0,1921
35606;2021-05-01;T20-21;I1;Verona;Spezia;1;1;0;1;0,2252;0,5349;0,2399
27017;2021-05-01;T20-21;F1;Lille;Nice;2;0;1;1;0,24;0,5817;0,1783
27016;2021-05-01;T20-21;F1;Paris SG;Lens;2;1;1;1;0,2563;0,5135;0,2301
16482;2021-05-01;T20-21;E0;Everton;Aston Villa;1;2;2;1;0,234;0,5169;0,2491
16481;2021-05-01;T20-21;E0;Chelsea;Fulham;2;0;1;1;0,2367;0,5137;0,2495
16480;2021-05-01;T20-21;E0;Brighton;Leeds;2;0;1;1;0,2264;0,5312;0,2424
16479;2021-05-01;T20-21;E0;Crystal Palace;Man City;0;2;2;1;0,2993;0,4093;0,2914
35607;2021-05-01;T20-21;I1;Crotone;Inter;0;2;2;1;0,2917;0,4023;0,306
35614;2021-05-02;T20-21;I1;Sampdoria;Roma;2;0;1;1;0,2435;0,5031;0,2534
45712;2021-05-02;T20-21;SP1;Valladolid;Betis;1;1;0;1;0,2289;0,5283;0,2428
45713;2021-05-02;T20-21;SP1;Villarreal;Getafe;1;0;1;1;0,2387;0,5114;0,2499
45714;2021-05-02;T20-21;SP1;Granada;Cadiz;0;1;2;1;0,297;0,4142;0,2888
45715;2021-05-02;T20-21;SP1;Valencia;Barcelona;2;3;2;1;0,2664;0,4575;0,2761
58224;2021-05-02;T20-21;SP2;Leganes;Sp Gijon;0;0;0;1;0,283;0,4166;0,3004
58222;2021-05-02;T20-21;SP2;Espanol;Malaga;3;0;1;1;0,2364;0,5086;0,2549
58223;2021-05-02;T20-21;SP2;Castellon;Logrones;0;0;0;1;0,2624;0,4711;0,2664
58225;2021-05-02;T20-21;SP2;Las Palmas;Ponferradina;2;0;1;1;0,2917;0,4023;0,306
35613;2021-05-02;T20-21;I1;Udinese;Juventus;1;2;2;1;0,2659;0,4454;0,2887
58221;2021-05-02;T20-21;SP2;Fuenlabrada;Cartagena;2;1;1;1;0,2144;0,5536;0,232
35612;2021-05-02;T20-21;I1;Sassuolo;Atalanta;1;1;0;1;0,2445;0,4922;0,2633
27020;2021-05-02;T20-21;F1;Dijon;Metz;1;5;2;1;0,2974;0,4133;0,2893
35610;2021-05-02;T20-21;I1;Bologna;Fiorentina;3;3;0;1;0,2541;0,485;0,261
35609;2021-05-02;T20-21;I1;Lazio;Genoa;4;3;1;1;0,2412;0,4997;0,2591
27024;2021-05-02;T20-21;F1;Monaco;Lyon;2;3;2;1;0,2411;0,5055;0,2534
27023;2021-05-02;T20-21;F1;Montpellier;St Etienne;1;2;2;1;0,2236;0,5376;0,2388
27022;2021-05-02;T20-21;F1;Nimes;Reims;2;2;0;1;0,2361;0,5199;0,2439
27021;2021-05-02;T20-21;F1;Lorient;Angers;2;0;1;1;0,2669;0,4438;0,2893
27019;2021-05-02;T20-21;F1;Brest;Nantes;1;4;2;1;0,2529;0,4868;0,2603
27018;2021-05-02;T20-21;F1;Bordeaux;Rennes;1;0;1;1;0,2485;0,4944;0,2571
16484;2021-05-02;T20-21;E0;Tottenham;Sheffield United;4;0;1;1;0,2352;0,5171;0,2476
16483;2021-05-02;T20-21;E0;Newcastle;Arsenal;0;2;2;1;0,2729;0,4336;0,2935
35611;2021-05-02;T20-21;I1;Napoli;Cagliari;1;1;0;1;0,2198;0,5422;0,2381
58226;2021-05-03;T20-21;SP2;Sabadell;Vallecano;2;0;1;1;0,2971;0,414;0,2889
58227;2021-05-03;T20-21;SP2;Albacete;Alcorcon;0;1;2;1;0,2568;0,4806;0,2626
45716;2021-05-03;T20-21;SP1;Sevilla;Ath Bilbao;0;1;2;1;0,2607;0,4631;0,2761
35615;2021-05-03;T20-21;I1;Torino;Parma;1;0;1;1;0,2035;0,5733;0,2232
16486;2021-05-03;T20-21;E0;Burnley;West Ham;1;2;2;1;0,2265;0,5364;0,237
16485;2021-05-03;T20-21;E0;West Brom;Wolves;1;1;0;1;0,3301;0,3407;0,3292
6397;2021-05-06;T20-21;D1;Hertha;Freiburg;3;0;1;1;0,3301;0,3407;0,3292
6398;2021-05-07;T20-21;D1;Stuttgart;Augsburg;2;1;1;1;0,315;0,3746;0,3104
16487;2021-05-07;T20-21;E0;Leicester;Newcastle;2;4;2;1;0,215;0,5489;0,2361
27025;2021-05-07;T20-21;F1;Lens;Lille;0;3;2;1;0,2531;0,4804;0,2665
45717;2021-05-07;T20-21;SP1;Sociedad;Elche;2;0;1;1;0,2969;0,4145;0,2886
58228;2021-05-07;T20-21;SP2;Tenerife;Almeria;0;1;2;1;0,2443;0,5018;0,2539
45718;2021-05-08;T20-21;SP1;Alaves;Levante;2;2;0;1;0,297;0,4143;0,2888
45719;2021-05-08;T20-21;SP1;Barcelona;Ath Madrid;0;0;0;1;0,2188;0,5546;0,2266
45720;2021-05-08;T20-21;SP1;Cadiz;Huesca;2;1;1;1;0,2964;0,4155;0,2881
45721;2021-05-08;T20-21;SP1;Ath Bilbao;Osasuna;2;2;0;1;0,2437;0,5026;0,2537
58232;2021-05-08;T20-21;SP2;Malaga;Mallorca;1;1;0;1;0,2624;0,4711;0,2664
58230;2021-05-08;T20-21;SP2;Zaragoza;Espanol;0;0;0;1;0,2586;0,4578;0,2835
58231;2021-05-08;T20-21;SP2;Alcorcon;Las Palmas;0;0;0;1;0,2976;0,413;0,2894
35618;2021-05-08;T20-21;I1;Inter;Sampdoria;5;1;1;1;0,2755;0,4607;0,2638
58229;2021-05-08;T20-21;SP2;Ponferradina;Albacete;0;1;2;1;0,2414;0,5066;0,252
35617;2021-05-08;T20-21;I1;Udinese;Bologna;1;1;0;1;0,2632;0,4694;0,2674
35619;2021-05-08;T20-21;I1;Fiorentina;Lazio;2;0;1;1;0,2626;0,4628;0,2745
27027;2021-05-08;T20-21;F1;Lyon;Lorient;4;1;1;1;0,2342;0,5193;0,2464
27026;2021-05-08;T20-21;F1;Nantes;Bordeaux;3;0;1;1;0,2523;0,4881;0,2596
16491;2021-05-08;T20-21;E0;Liverpool;Southampton;2;0;1;1;0,2023;0,5714;0,2262
16490;2021-05-08;T20-21;E0;Man City;Chelsea;1;2;2;1;0,2384;0,5873;0,1743
16489;2021-05-08;T20-21;E0;Sheffield United;Crystal Palace;0;2;2;1;0,3301;0,3407;0,3292
16488;2021-05-08;T20-21;E0;Leeds;Tottenham;3;1;1;1;0,2777;0,4372;0,2851
6403;2021-05-08;T20-21;D1;Bayern Munich;M'gladbach;6;0;1;1;0,215;0,5502;0,2348
6402;2021-05-08;T20-21;D1;Wolfsburg;Union Berlin;3;0;1;1;0,2043;0,5682;0,2275
6401;2021-05-08;T20-21;D1;Werder Bremen;Leverkusen;0;0;0;1;0,2917;0,4023;0,306
6399;2021-05-08;T20-21;D1;Dortmund;RB Leipzig;3;2;1;1;0,279;0,4388;0,2823
35616;2021-05-08;T20-21;I1;Spezia;Napoli;1;4;2;1;0,287;0,41;0,303
35623;2021-05-09;T20-21;I1;Verona;Torino;1;1;0;1;0,2519;0,4891;0,2591
35624;2021-05-09;T20-21;I1;Roma;Crotone;5;0;1;1;0,2543;0,4776;0,268
58236;2021-05-09;T20-21;SP2;Logrones;Girona;1;4;2;1;0,2291;0,5278;0,243
35625;2021-05-09;T20-21;I1;Juventus;Milan;0;3;2;1;0,2495;0,4922;0,2583
45722;2021-05-09;T20-21;SP1;Getafe;Eibar;0;1;2;1;0,2794;0,4226;0,298
58235;2021-05-09;T20-21;SP2;Cartagena;Castellon;1;0;1;1;0,2411;0,5073;0,2516
45724;2021-05-09;T20-21;SP1;Villarreal;Celta;2;4;2;1;0,2967;0,415;0,2884
45725;2021-05-09;T20-21;SP1;Real Madrid;Sevilla;2;2;0;1;0,2429;0,5711;0,186
58233;2021-05-09;T20-21;SP2;Mirandes;Fuenlabrada;2;1;1;1;0,252;0,4888;0,2592
58234;2021-05-09;T20-21;SP2;Oviedo;Sabadell;2;1;1;1;0,2973;0,4135;0,2892
35622;2021-05-09;T20-21;I1;Parma;Atalanta;2;5;2;1;0,2315;0,527;0,2415
45723;2021-05-09;T20-21;SP1;Valencia;Valladolid;3;0;1;1;0,2703;0,4506;0,2791
35621;2021-05-09;T20-21;I1;Benevento;Cagliari;1;3;2;1;0,2057;0,5694;0,2249
27030;2021-05-09;T20-21;F1;Metz;Nimes;0;3;2;1;0,2761;0,4282;0,2957
27034;2021-05-09;T20-21;F1;Rennes;Paris SG;1;1;0;1;0,2096;0,5624;0,228
35620;2021-05-09;T20-21;I1;Genoa;Sassuolo;1;2;2;1;0,2452;0,4998;0,255
6405;2021-05-09;T20-21;D1;Ein Frankfurt;Mainz;1;1;0;1;0,2524;0,4784;0,2691
6406;2021-05-09;T20-21;D1;Hertha;Bielefeld;0;0;0;1;0,2636;0,4608;0,2757
16493;2021-05-09;T20-21;E0;Aston Villa;Man United;1;3;2;1;0,2392;0,4916;0,2692
16494;2021-05-09;T20-21;E0;West Ham;Everton;0;1;2;1;0,2268;0,5267;0,2465
16492;2021-05-09;T20-21;E0;Wolves;Brighton;2;1;1;1;0,217;0,5478;0,2352
27028;2021-05-09;T20-21;F1;St Etienne;Marseille;1;0;1;1;0,2467;0,4898;0,2635
27029;2021-05-09;T20-21;F1;Angers;Dijon;3;0;1;1;0,3111;0,3832;0,3057
27031;2021-05-09;T20-21;F1;Nice;Brest;3;2;1;1;0,2603;0,4729;0,2668
27032;2021-05-09;T20-21;F1;Strasbourg;Montpellier;2;3;2;1;0,2596;0,4697;0,2707
27033;2021-05-09;T20-21;F1;Reims;Monaco;0;1;2;1;0,2698;0,4388;0,2914
16495;2021-05-09;T20-21;E0;Arsenal;West Brom;3;1;1;1;0,2061;0,567;0,227
16496;2021-05-10;T20-21;E0;Fulham;Burnley;0;2;2;1;0,2588;0,4715;0,2697
45726;2021-05-10;T20-21;SP1;Betis;Granada;2;1;1;1;0,2419;0,5055;0,2526
58237;2021-05-10;T20-21;SP2;Vallecano;Leganes;1;1;0;1;0,2348;0,5181;0,2471
58238;2021-05-10;T20-21;SP2;Sp Gijon;Lugo;1;0;1;1;0,2703;0,4579;0,2718
45728;2021-05-11;T20-21;SP1;Elche;Alaves;0;2;2;1;0,2974;0,4133;0,2893
45729;2021-05-11;T20-21;SP1;Levante;Barcelona;3;3;0;1;0,3045;0,3813;0,3142
45727;2021-05-11;T20-21;SP1;Osasuna;Cadiz;3;2;1;1;0,2708;0,4569;0,2724
16498;2021-05-11;T20-21;E0;Southampton;Crystal Palace;3;1;1;1;0,2799;0,4323;0,2878
16497;2021-05-11;T20-21;E0;Man United;Leicester;1;2;2;1;0,1995;0,5835;0,2171
35626;2021-05-11;T20-21;I1;Napoli;Udinese;5;1;1;1;0,2079;0,5634;0,2288
45733;2021-05-12;T20-21;SP1;Ath Madrid;Sociedad;2;1;1;1;0,2413;0,5068;0,2519
45732;2021-05-12;T20-21;SP1;Huesca;Ath Bilbao;1;0;1;1;0,2729;0,4336;0,2935
45731;2021-05-12;T20-21;SP1;Celta;Getafe;1;0;1;1;0,2529;0,4868;0,2603
45730;2021-05-12;T20-21;SP1;Sevilla;Valencia;1;0;1;1;0,2531;0,5293;0,2176
35634;2021-05-12;T20-21;I1;Torino;Milan;0;7;2;1;0,2475;0,4987;0,2538
35633;2021-05-12;T20-21;I1;Sassuolo;Juventus;1;3;2;1;0,2669;0,4438;0,2893
35632;2021-05-12;T20-21;I1;Sampdoria;Spezia;2;2;0;1;0,2313;0,5244;0,2443
35631;2021-05-12;T20-21;I1;Lazio;Parma;1;0;1;1;0,244;0,4943;0,2617
35629;2021-05-12;T20-21;I1;Bologna;Genoa;0;2;2;1;0,2261;0,5333;0,2406
35628;2021-05-12;T20-21;I1;Atalanta;Benevento;2;0;1;1;0,2294;0,5244;0,2461
35627;2021-05-12;T20-21;I1;Cagliari;Fiorentina;0;0;0;1;0,2526;0,4873;0,26
16499;2021-05-12;T20-21;E0;Chelsea;Arsenal;0;1;2;1;0,2447;0,5011;0,2543
6407;2021-05-12;T20-21;D1;Schalke 04;Hertha;1;2;2;1;0,2971;0,414;0,2889
35630;2021-05-12;T20-21;I1;Inter;Roma;3;1;1;1;0,2458;0,5096;0,2446
45735;2021-05-13;T20-21;SP1;Eibar;Betis;1;1;0;1;0,241;0,5076;0,2515
45736;2021-05-13;T20-21;SP1;Granada;Real Madrid;1;4;2;1;0,2655;0,4634;0,2712
45734;2021-05-13;T20-21;SP1;Valladolid;Villarreal;0;2;2;1;0,2103;0,5666;0,2232
45746;2021-05-16;T20-21;SP1;Villarreal;Sevilla;4;0;1;1;0,2856;0,4123;0,3021
45745;2021-05-16;T20-21;SP1;Valencia;Eibar;4;1;1;1;0,309;0,388;0,3031
45744;2021-05-16;T20-21;SP1;Sociedad;Valladolid;4;1;1;1;0,2354;0,5156;0,2489
45743;2021-05-16;T20-21;SP1;Getafe;Levante;2;1;1;1;0,2312;0,5242;0,2446
45741;2021-05-16;T20-21;SP1;Betis;Huesca;1;0;1;1;0,2739;0,4318;0,2942
45740;2021-05-16;T20-21;SP1;Barcelona;Celta;1;2;2;1;0,208;0,5717;0,2204
45739;2021-05-16;T20-21;SP1;Ath Madrid;Osasuna;2;1;1;1;0,2356;0,5972;0,1672
45738;2021-05-16;T20-21;SP1;Ath Bilbao;Real Madrid;0;1;2;1;0,2716;0,4522;0,2763
45737;2021-05-16;T20-21;SP1;Alaves;Granada;4;2;1;1;0,2479;0,4957;0,2564
45742;2021-05-16;T20-21;SP1;Cadiz;Elche;1;3;2;1;0,2509;0,4904;0,2587
27043;2021-05-16;T20-21;F1;Nimes;Lyon;2;5;2;1;0,2156;0,5556;0,2289
27042;2021-05-16;T20-21;F1;Nice;Strasbourg;0;2;2;1;0,2993;0,4093;0,2914
27041;2021-05-16;T20-21;F1;Montpellier;Brest;0;0;0;1;0,273;0,4418;0,2852
27040;2021-05-16;T20-21;F1;Monaco;Rennes;2;1;1;1;0,2565;0,4787;0,2648
27039;2021-05-16;T20-21;F1;Marseille;Angers;3;2;1;1;0,2267;0,528;0,2452
27038;2021-05-16;T20-21;F1;Lorient;Metz;2;1;1;1;0,2472;0,4954;0,2574
27037;2021-05-16;T20-21;F1;Lille;St Etienne;0;0;0;1;0,2729;0,4336;0,2935
27036;2021-05-16;T20-21;F1;Dijon;Nantes;0;4;2;1;0,3301;0,3407;0,3292
27035;2021-05-16;T20-21;F1;Bordeaux;Lens;3;0;1;1;0,2528;0,4871;0,2602
27044;2021-05-16;T20-21;F1;Paris SG;Reims;4;0;1;1;0,2579;0,5054;0,2367
45747;2021-05-21;T20-21;SP1;Levante;Cadiz;2;2;0;1;0,2569;0,4803;0,2627
45754;2021-05-22;T20-21;SP1;Valladolid;Ath Madrid;1;2;2;1;0,2476;0,477;0,2754
45753;2021-05-22;T20-21;SP1;Real Madrid;Villarreal;2;1;1;1;0,2459;0,5596;0,1945
45752;2021-05-22;T20-21;SP1;Osasuna;Sociedad;0;1;2;1;0,244;0,5019;0,2541
45748;2021-05-22;T20-21;SP1;Celta;Betis;2;3;2;1;0,2974;0,4133;0,2892
45750;2021-05-22;T20-21;SP1;Elche;Ath Bilbao;2;0;1;1;0,2502;0,488;0,2617
45749;2021-05-22;T20-21;SP1;Eibar;Barcelona;0;1;2;1;0,2375;0,5072;0,2553
45751;2021-05-22;T20-21;SP1;Huesca;Valencia;0;0;0;1;0,2378;0,5093;0,2529
27051;2021-05-23;T20-21;F1;Reims;Bordeaux;1;2;2;1;0,2969;0,4145;0,2886
27054;2021-05-23;T20-21;F1;Strasbourg;Lorient;1;1;0;1;0,2366;0,5069;0,2565
27053;2021-05-23;T20-21;F1;St Etienne;Dijon;0;1;2;1;0,2422;0,4985;0,2593
27052;2021-05-23;T20-21;F1;Rennes;Nimes;2;0;1;1;0,2248;0,5349;0,2403
27050;2021-05-23;T20-21;F1;Nantes;Montpellier;1;2;2;1;0,2263;0,5328;0,2409
45755;2021-05-23;T20-21;SP1;Granada;Getafe;0;0;0;1;0,2613;0,4725;0,2661
27048;2021-05-23;T20-21;F1;Lyon;Nice;2;3;2;1;0,1937;0,59;0,2162
27047;2021-05-23;T20-21;F1;Lens;Monaco;0;0;0;1;0,2586;0,4578;0,2835
27046;2021-05-23;T20-21;F1;Brest;Paris SG;0;2;2;1;0,2084;0,5681;0,2235
27045;2021-05-23;T20-21;F1;Angers;Lille;1;2;2;1;0,2438;0,5012;0,255
27049;2021-05-23;T20-21;F1;Metz;Marseille;1;1;0;1;0,2993;0,4093;0,2914
45756;2021-05-23;T20-21;SP1;Sevilla;Alaves;1;0;1;1;0,2594;0,4968;0,2439
