{"Train Loss": 0.7381494641304016, "Train Accuracy": 0.40625, "_timestamp": 1660504623.6044421, "_runtime": 39.89347219467163, "_step": 39, "Test Accuracy": 0.25, "_wandb": {"runtime": 4}}