{"Train Loss": 0.6708269119262695, "Train Accuracy": 0.265625, "_timestamp": 1660505183.8152645, "_runtime": 246.17998337745667, "_step": 1099, "Test Accuracy": 0.28125, "_wandb": {"runtime": 7}}