{"Train Loss": 0.6042170524597168, "Train Accuracy": 0.53125, "_timestamp": 1660509907.310417, "_runtime": 4.491818904876709, "_step": 99, "Test Accuracy": 0.421875, "_wandb": {"runtime": 2}}