match;Date;season;Div;HomeTeam;AwayTeam;FTHG;FTAG;label;prediction;draw;home;away
15969;2020-01-01;T19-20;E0;Brighton;Chelsea;1;1;0,0;2;0,2546;0,2463;0,4991
15971;2020-01-01;T19-20;E0;Newcastle;Leicester;0;3;2,0;2;0,2754;0,3252;0,3994
15972;2020-01-01;T19-20;E0;Southampton;Tottenham;1;0;1,0;2;0,2548;0,2323;0,5129
15973;2020-01-01;T19-20;E0;Watford;Wolves;2;1;1,0;1;0,2771;0,3696;0,3533
15974;2020-01-01;T19-20;E0;Man City;Everton;2;1;1,0;1;0,1597;0,7361;0,1042
15975;2020-01-01;T19-20;E0;Norwich;Crystal Palace;1;1;0,0;2;0,2748;0,3311;0,394
15976;2020-01-01;T19-20;E0;West Ham;Bournemouth;4;0;1,0;1;0,2839;0,4375;0,2786
15977;2020-01-01;T19-20;E0;Arsenal;Man United;2;0;1,0;1;0,2544;0,3929;0,3527
15970;2020-01-01;T19-20;E0;Burnley;Aston Villa;1;2;2,0;1;0,2653;0,4789;0,2558
15978;2020-01-02;T19-20;E0;Liverpool;Sheffield United;2;0;1,0;1;0,1516;0,7769;0,0715
45178;2020-01-03;T19-20;SP1;Sevilla;Ath Bilbao;1;1;0,0;1;0,2525;0,6036;0,1439
57589;2020-01-03;T19-20;SP2;Extremadura;Alcorcon;0;0;0,0;1;0,2996;0,433;0,2674
45177;2020-01-03;T19-20;SP1;Valladolid;Leganes;2;2;0,0;1;0,277;0,4957;0,2272
45179;2020-01-04;T19-20;SP1;Valencia;Eibar;1;0;1,0;1;0,2763;0,5569;0,1668
57595;2020-01-04;T19-20;SP2;Mirandes;Santander;0;0;0,0;1;0,2617;0,5656;0,1727
45180;2020-01-04;T19-20;SP1;Getafe;Real Madrid;0;3;2,0;2;0,3002;0,2951;0,4048
57594;2020-01-04;T19-20;SP2;Elche;Huesca;1;1;0,0;1;0,2899;0,4373;0,2728
57590;2020-01-04;T19-20;SP2;Fuenlabrada;Las Palmas;0;0;0,0;1;0,297;0,5153;0,1878
57592;2020-01-04;T19-20;SP2;Lugo;Almeria;0;4;2,0;1;0,3213;0,3471;0,3316
57591;2020-01-04;T19-20;SP2;Ponferradina;Cadiz;0;0;0,0;2;0,324;0,3316;0,3444
45182;2020-01-04;T19-20;SP1;Espanol;Barcelona;2;2;0,0;2;0,2048;0,1526;0,6425
57593;2020-01-04;T19-20;SP2;Tenerife;Albacete;4;2;1,0;1;0,2996;0,4204;0,28
45181;2020-01-04;T19-20;SP1;Ath Madrid;Levante;2;1;1,0;1;0,2178;0,6466;0,1356
35066;2020-01-05;T19-20;I1;Brescia;Lazio;1;2;2,0;2;0,2256;0,1745;0,5999
35067;2020-01-05;T19-20;I1;Spal;Verona;0;2;2,0;1;0,2807;0,4476;0,2718
35068;2020-01-05;T19-20;I1;Genoa;Sassuolo;2;1;1,0;1;0,2885;0,397;0,3146
35069;2020-01-05;T19-20;I1;Roma;Torino;0;2;2,0;1;0,1866;0,6925;0,1209
57597;2020-01-05;T19-20;SP2;Vallecano;Girona;1;0;1,0;1;0,2926;0,4507;0,2567
57598;2020-01-05;T19-20;SP2;Oviedo;Malaga;1;1;0,0;1;0,3173;0,4234;0,2593
45186;2020-01-05;T19-20;SP1;Celta;Osasuna;1;1;0,0;1;0,2907;0,4119;0,2974
57596;2020-01-05;T19-20;SP2;Numancia;La Coruna;0;1;2,0;1;0,3237;0,5017;0,1746
45184;2020-01-05;T19-20;SP1;Sociedad;Villarreal;1;2;2,0;1;0,2883;0,5106;0,2011
45185;2020-01-05;T19-20;SP1;Alaves;Betis;1;1;0,0;1;0,2952;0,4351;0,2697
45183;2020-01-05;T19-20;SP1;Granada;Mallorca;1;0;1,0;1;0,2699;0,5398;0,1902
35070;2020-01-06;T19-20;I1;Bologna;Fiorentina;1;1;0,0;1;0,2848;0,4163;0,2989
35071;2020-01-06;T19-20;I1;Atalanta;Parma;5;0;1,0;1;0,2505;0,5822;0,1674
35072;2020-01-06;T19-20;I1;Juventus;Cagliari;4;0;1,0;1;0,1339;0,7976;0,0685
35073;2020-01-06;T19-20;I1;Milan;Sampdoria;0;0;0,0;1;0,2767;0,5104;0,2129
35074;2020-01-06;T19-20;I1;Lecce;Udinese;0;1;2,0;1;0,2759;0,4645;0,2596
35075;2020-01-06;T19-20;I1;Napoli;Inter;1;3;2,0;2;0,2725;0,295;0,4325
57599;2020-01-07;T19-20;SP2;Zaragoza;Sp Gijon;2;0;1,0;1;0,3199;0,4651;0,2149
26583;2020-01-10;T19-20;F1;Rennes;Marseille;0;1;2,0;1;0,2945;0,3759;0,3296
15979;2020-01-10;T19-20;E0;Sheffield United;West Ham;1;0;1,0;1;0,3088;0,4542;0,237
35078;2020-01-11;T19-20;I1;Inter;Atalanta;1;1;0,0;1;0,2431;0,5598;0,1971
35076;2020-01-11;T19-20;I1;Cagliari;Milan;0;2;2,0;2;0,2895;0,346;0,3646
26588;2020-01-11;T19-20;F1;Nimes;Reims;2;0;1,0;1;0,2906;0,3639;0,3455
26586;2020-01-11;T19-20;F1;Angers;Nice;1;1;0,0;1;0,2988;0,4714;0,2298
26587;2020-01-11;T19-20;F1;Metz;Strasbourg;1;0;1,0;1;0,2812;0,4219;0,2969
35077;2020-01-11;T19-20;I1;Lazio;Napoli;1;0;1,0;1;0,2144;0,5614;0,2242
15986;2020-01-11;T19-20;E0;Tottenham;Liverpool;0;1;2,0;2;0,2525;0,277;0,4704
15985;2020-01-11;T19-20;E0;Wolves;Newcastle;1;1;0,0;1;0,2824;0,4807;0,2369
15984;2020-01-11;T19-20;E0;Man United;Norwich;4;0;1,0;1;0,2195;0,6567;0,1238
15983;2020-01-11;T19-20;E0;Leicester;Southampton;1;2;2,0;1;0,2544;0,5714;0,1742
26585;2020-01-11;T19-20;F1;Amiens;Montpellier;1;2;2,0;1;0,2989;0,4152;0,2859
26589;2020-01-11;T19-20;F1;Toulouse;Brest;2;5;2,0;1;0,2904;0,3874;0,3222
26584;2020-01-11;T19-20;F1;Bordeaux;Lyon;1;2;2,0;2;0,2826;0,3519;0,3655
15982;2020-01-11;T19-20;E0;Everton;Brighton;1;0;1,0;1;0,3041;0,4817;0,2142
15981;2020-01-11;T19-20;E0;Chelsea;Burnley;3;0;1,0;1;0,2563;0,5956;0,1481
15980;2020-01-11;T19-20;E0;Crystal Palace;Arsenal;1;1;0,0;1;0,2951;0,3828;0,3221
26591;2020-01-12;T19-20;F1;Dijon;Lille;1;0;1,0;2;0,2831;0,3561;0,3608
35080;2020-01-12;T19-20;I1;Fiorentina;Spal;1;0;1,0;1;0,2604;0,5034;0,2362
35081;2020-01-12;T19-20;I1;Sampdoria;Brescia;5;1;1,0;1;0,2777;0,5016;0,2208
15988;2020-01-12;T19-20;E0;Aston Villa;Man City;1;6;2,0;2;0,2145;0,1614;0,6241
26592;2020-01-12;T19-20;F1;Paris SG;Monaco;3;3;0,0;1;0,1628;0,7307;0,1065
35082;2020-01-12;T19-20;I1;Torino;Bologna;1;0;1,0;1;0,2818;0,4994;0,2188
35083;2020-01-12;T19-20;I1;Verona;Genoa;2;1;1,0;1;0,2683;0,4958;0,236
35084;2020-01-12;T19-20;I1;Roma;Juventus;1;2;2,0;2;0,273;0,3344;0,3926
26590;2020-01-12;T19-20;F1;St Etienne;Nantes;0;2;2,0;1;0,314;0,4713;0,2146
15987;2020-01-12;T19-20;E0;Bournemouth;Watford;0;3;2,0;1;0,2636;0,4944;0,242
35079;2020-01-12;T19-20;I1;Udinese;Sassuolo;3;0;1,0;1;0,3031;0,456;0,241
35085;2020-01-13;T19-20;I1;Parma;Lecce;2;0;1,0;1;0,276;0,4776;0,2463
57603;2020-01-14;T19-20;SP2;Las Palmas;Zaragoza;0;1;2,0;1;0,3182;0,3901;0,2917
57602;2020-01-14;T19-20;SP2;Malaga;Ponferradina;1;0;1,0;1;0,325;0,4225;0,2526
57601;2020-01-14;T19-20;SP2;Sp Gijon;Elche;1;0;1,0;1;0,2952;0,4758;0,229
57600;2020-01-14;T19-20;SP2;Albacete;Fuenlabrada;1;1;0,0;1;0,3196;0,3591;0,3213
57605;2020-01-15;T19-20;SP2;Huesca;Tenerife;2;1;1,0;1;0,2788;0,553;0,1681
57606;2020-01-15;T19-20;SP2;Vallecano;Lugo;1;0;1,0;1;0,2699;0,5614;0,1687
57607;2020-01-15;T19-20;SP2;Cadiz;Mirandes;3;3;0,0;1;0,2593;0,5683;0,1724
26593;2020-01-15;T19-20;F1;Amiens;Reims;1;1;0,0;1;0,2957;0,3981;0,3063
26594;2020-01-15;T19-20;F1;Nimes;Rennes;0;1;2,0;2;0,3017;0,3128;0,3855
26595;2020-01-15;T19-20;F1;Monaco;Paris SG;1;4;2,0;2;0,2397;0,2626;0,4977
57604;2020-01-15;T19-20;SP2;Alcorcon;Numancia;2;2;0,0;1;0,3318;0,4075;0,2607
57608;2020-01-16;T19-20;SP2;La Coruna;Santander;2;1;1,0;1;0,2818;0,4932;0,225
57609;2020-01-16;T19-20;SP2;Girona;Extremadura;3;1;1,0;1;0,2952;0,5062;0,1986
57610;2020-01-16;T19-20;SP2;Almeria;Oviedo;2;0;1,0;1;0,2504;0,6004;0,1491
45187;2020-01-17;T19-20;SP1;Leganes;Getafe;0;3;2,0;1;0,2963;0,3727;0,3311
5967;2020-01-17;T19-20;D1;Schalke 04;M'gladbach;2;0;1,0;1;0,2905;0,4518;0,2577
57611;2020-01-17;T19-20;SP2;Fuenlabrada;Malaga;0;0;0,0;1;0,3228;0,4725;0,2046
15989;2020-01-18;T19-20;E0;Watford;Tottenham;0;0;0,0;2;0,2511;0,2651;0,4838
45189;2020-01-18;T19-20;SP1;Real Madrid;Sevilla;2;1;1,0;1;0,2326;0,6025;0,1649
45188;2020-01-18;T19-20;SP1;Levante;Alaves;0;1;2,0;1;0,2733;0,5106;0,2161
5969;2020-01-18;T19-20;D1;FC Koln;Wolfsburg;3;1;1,0;1;0,2841;0,366;0,3499
5970;2020-01-18;T19-20;D1;Fortuna Dusseldorf;Werder Bremen;0;1;2,0;1;0,2613;0,4104;0,3284
5971;2020-01-18;T19-20;D1;Hoffenheim;Ein Frankfurt;1;2;2,0;1;0,2622;0,5741;0,1637
5972;2020-01-18;T19-20;D1;Mainz;Freiburg;1;2;2,0;1;0,2833;0,4624;0,2543
45190;2020-01-18;T19-20;SP1;Osasuna;Valladolid;0;0;0,0;1;0,2912;0,4841;0,2247
57612;2020-01-18;T19-20;SP2;Numancia;Sp Gijon;2;0;1,0;1;0,3291;0,4425;0,2284
35088;2020-01-18;T19-20;I1;Napoli;Fiorentina;0;2;2,0;1;0,2597;0,5048;0,2355
5973;2020-01-18;T19-20;D1;RB Leipzig;Union Berlin;3;1;1,0;1;0,1786;0,7156;0,1058
15993;2020-01-18;T19-20;E0;Norwich;Bournemouth;1;0;1,0;1;0,2484;0,4156;0,336
15994;2020-01-18;T19-20;E0;Southampton;Wolves;2;3;2,0;1;0,2993;0,3924;0,3084
15995;2020-01-18;T19-20;E0;West Ham;Everton;1;1;0,0;1;0,3077;0,3888;0,3035
15996;2020-01-18;T19-20;E0;Newcastle;Chelsea;1;0;1,0;2;0,2759;0,2733;0,4508
35086;2020-01-18;T19-20;I1;Lazio;Sampdoria;5;1;1,0;1;0,1593;0,7494;0,0913
57613;2020-01-18;T19-20;SP2;Lugo;Albacete;1;0;1,0;1;0,2854;0,4248;0,2897
45191;2020-01-18;T19-20;SP1;Eibar;Ath Madrid;2;0;1,0;2;0,2754;0,2578;0,4668
57614;2020-01-18;T19-20;SP2;Ponferradina;Vallecano;1;1;0,0;1;0,337;0,3977;0,2653
35087;2020-01-18;T19-20;I1;Sassuolo;Torino;2;1;1,0;1;0,2903;0,3717;0,338
15992;2020-01-18;T19-20;E0;Man City;Crystal Palace;2;2;0,0;1;0,122;0,7912;0,0867
15991;2020-01-18;T19-20;E0;Brighton;Aston Villa;1;1;0,0;1;0,2627;0,4813;0,256
15990;2020-01-18;T19-20;E0;Arsenal;Sheffield United;1;1;0,0;1;0,2592;0,5201;0,2208
5968;2020-01-18;T19-20;D1;Augsburg;Dortmund;3;5;2,0;2;0,2751;0,2882;0,4367
15997;2020-01-19;T19-20;E0;Burnley;Leicester;2;1;1,0;2;0,2593;0,2979;0,4428
15998;2020-01-19;T19-20;E0;Liverpool;Man United;2;0;1,0;1;0,1901;0,6724;0,1375
57618;2020-01-19;T19-20;SP2;Santander;Las Palmas;1;1;0,0;1;0,2932;0,4208;0,286
57620;2020-01-19;T19-20;SP2;Tenerife;Girona;1;0;1,0;1;0,3033;0,4174;0,2793
57619;2020-01-19;T19-20;SP2;Extremadura;Almeria;1;2;2,0;2;0,3158;0,3235;0,3608
35093;2020-01-19;T19-20;I1;Genoa;Roma;1;3;2,0;2;0,2529;0,2233;0,5238
45193;2020-01-19;T19-20;SP1;Betis;Sociedad;3;0;1,0;1;0,2938;0,4126;0,2936
35092;2020-01-19;T19-20;I1;Lecce;Inter;1;1;0,0;2;0,2055;0,1615;0,633
35091;2020-01-19;T19-20;I1;Brescia;Cagliari;2;2;0,0;1;0,2735;0,379;0,3474
35090;2020-01-19;T19-20;I1;Bologna;Verona;1;1;0,0;1;0,2817;0,4709;0,2474
35089;2020-01-19;T19-20;I1;Milan;Udinese;3;2;1,0;1;0,2786;0,5224;0,199
35094;2020-01-19;T19-20;I1;Juventus;Parma;2;1;1,0;1;0,1212;0,8173;0,0615
5975;2020-01-19;T19-20;D1;Paderborn;Leverkusen;1;4;2,0;2;0,2242;0,2343;0,5416
45192;2020-01-19;T19-20;SP1;Mallorca;Valencia;4;1;1,0;2;0,2736;0,284;0,4424
5974;2020-01-19;T19-20;D1;Hertha;Bayern Munich;0;4;2,0;2;0,2204;0,1612;0,6184
45194;2020-01-19;T19-20;SP1;Villarreal;Espanol;1;2;2,0;1;0,2315;0,5939;0,1746
57617;2020-01-19;T19-20;SP2;Oviedo;Huesca;1;1;0,0;1;0,2987;0,3742;0,3271
57616;2020-01-19;T19-20;SP2;La Coruna;Cadiz;1;0;1,0;2;0,3034;0,3174;0,3792
57615;2020-01-19;T19-20;SP2;Elche;Alcorcon;1;1;0,0;1;0,3135;0,4757;0,2108
45196;2020-01-19;T19-20;SP1;Barcelona;Granada;1;0;1,0;1;0,1299;0,7918;0,0783
45195;2020-01-19;T19-20;SP1;Ath Bilbao;Celta;1;1;0,0;1;0,2741;0,5625;0,1634
35095;2020-01-20;T19-20;I1;Atalanta;Spal;1;2;2,0;1;0,2105;0,6546;0,1349
16001;2020-01-21;T19-20;E0;Crystal Palace;Southampton;0;2;2,0;1;0,3051;0,432;0,2629
16002;2020-01-21;T19-20;E0;Everton;Newcastle;2;2;0,0;1;0,2797;0,4952;0,2251
16003;2020-01-21;T19-20;E0;Sheffield United;Man City;0;1;2,0;2;0,2169;0,1755;0,6077
15999;2020-01-21;T19-20;E0;Aston Villa;Watford;2;1;1,0;1;0,2867;0,4124;0,3008
16004;2020-01-21;T19-20;E0;Chelsea;Arsenal;2;2;0,0;1;0,2789;0,5221;0,199
16000;2020-01-21;T19-20;E0;Bournemouth;Brighton;3;1;1,0;1;0,2876;0,4416;0,2709
16006;2020-01-22;T19-20;E0;Tottenham;Norwich;2;1;1,0;1;0,2229;0,6513;0,1258
16005;2020-01-22;T19-20;E0;Leicester;West Ham;4;1;1,0;1;0,2596;0,5634;0,1771
16007;2020-01-22;T19-20;E0;Man United;Burnley;0;2;2,0;1;0,228;0,6186;0,1533
16008;2020-01-23;T19-20;E0;Wolves;Liverpool;1;2;2,0;2;0,2166;0,1746;0,6088
45197;2020-01-24;T19-20;SP1;Osasuna;Levante;2;0;1,0;1;0,2756;0,4512;0,2732
5976;2020-01-24;T19-20;D1;Dortmund;FC Koln;5;1;1,0;1;0,1614;0,7348;0,1039
26596;2020-01-24;T19-20;F1;Nice;Rennes;1;1;0,0;1;0,313;0,3628;0,3242
35096;2020-01-24;T19-20;I1;Brescia;Milan;0;1;2,0;2;0,2474;0,2763;0,4763
57621;2020-01-24;T19-20;SP2;Cadiz;Santander;1;0;1,0;1;0,2275;0,6465;0,126
5981;2020-01-25;T19-20;D1;Wolfsburg;Hertha;1;2;2,0;1;0,2864;0,4766;0,237
57623;2020-01-25;T19-20;SP2;Sp Gijon;Fuenlabrada;1;0;1,0;1;0,3107;0,42;0,2693
57624;2020-01-25;T19-20;SP2;Las Palmas;Tenerife;0;0;0,0;1;0,301;0,489;0,21
57625;2020-01-25;T19-20;SP2;Zaragoza;Numancia;1;0;1,0;1;0,3168;0,4837;0,1995
57622;2020-01-25;T19-20;SP2;Huesca;Lugo;2;1;1,0;1;0,2888;0,5635;0,1477
35098;2020-01-25;T19-20;I1;Fiorentina;Genoa;0;0;0,0;1;0,2547;0,5352;0,2101
45201;2020-01-25;T19-20;SP1;Sevilla;Granada;2;0;1,0;1;0,2387;0,6005;0,1608
45200;2020-01-25;T19-20;SP1;Alaves;Villarreal;1;2;2,0;1;0,3112;0,381;0,3078
45199;2020-01-25;T19-20;SP1;Valencia;Barcelona;2;0;1,0;2;0,2901;0,3045;0,4053
45198;2020-01-25;T19-20;SP1;Espanol;Ath Bilbao;1;1;0,0;1;0,2968;0,4067;0,2965
5977;2020-01-25;T19-20;D1;Ein Frankfurt;RB Leipzig;2;0;1,0;2;0,2699;0,2559;0,4743
5978;2020-01-25;T19-20;D1;Freiburg;Paderborn;0;2;2,0;1;0,2392;0,597;0,1639
5979;2020-01-25;T19-20;D1;M'gladbach;Mainz;3;1;1,0;1;0,1992;0,659;0,1419
5982;2020-01-25;T19-20;D1;Bayern Munich;Schalke 04;5;0;1,0;1;0,2176;0,6103;0,1721
35097;2020-01-25;T19-20;I1;Spal;Bologna;1;3;2,0;1;0,2955;0,427;0,2776
26597;2020-01-25;T19-20;F1;Marseille;Angers;0;0;0,0;1;0,2054;0,6836;0,111
26599;2020-01-25;T19-20;F1;Monaco;Strasbourg;1;3;2,0;1;0,2493;0,5335;0,2173
26600;2020-01-25;T19-20;F1;Montpellier;Dijon;2;1;1,0;1;0,282;0,5337;0,1844
26601;2020-01-25;T19-20;F1;Reims;Metz;0;1;2,0;1;0,2862;0,5175;0,1963
26602;2020-01-25;T19-20;F1;St Etienne;Nimes;2;1;1,0;1;0,2582;0,5545;0,1873
35099;2020-01-25;T19-20;I1;Torino;Atalanta;0;7;2,0;2;0,2585;0,2917;0,4498
26598;2020-01-25;T19-20;F1;Brest;Amiens;2;1;1,0;1;0,2558;0,5715;0,1727
5980;2020-01-25;T19-20;D1;Union Berlin;Augsburg;2;0;1,0;1;0,2895;0,4695;0,241
26605;2020-01-26;T19-20;F1;Lille;Paris SG;0;2;2,0;2;0,2779;0,3062;0,416
26604;2020-01-26;T19-20;F1;Nantes;Bordeaux;0;1;2,0;1;0,2905;0,4251;0,2844
26603;2020-01-26;T19-20;F1;Lyon;Toulouse;3;0;1,0;1;0,2145;0,662;0,1236
35105;2020-01-26;T19-20;I1;Napoli;Juventus;2;1;1,0;2;0,249;0,2581;0,4929
57629;2020-01-26;T19-20;SP2;Alcorcon;Ponferradina;3;1;1,0;1;0,3246;0,4302;0,2452
35101;2020-01-26;T19-20;I1;Parma;Udinese;2;0;1,0;1;0,2947;0,4808;0,2245
35102;2020-01-26;T19-20;I1;Sampdoria;Sassuolo;0;0;0,0;1;0,2858;0,4823;0,2319
35103;2020-01-26;T19-20;I1;Verona;Lecce;3;0;1,0;1;0,2722;0,503;0,2248
35104;2020-01-26;T19-20;I1;Roma;Lazio;1;1;0,0;1;0,2832;0,3787;0,338
5984;2020-01-26;T19-20;D1;Leverkusen;Fortuna Dusseldorf;3;0;1,0;1;0,2216;0,6349;0,1434
57627;2020-01-26;T19-20;SP2;Albacete;La Coruna;0;1;2,0;1;0,329;0,4291;0,2419
57628;2020-01-26;T19-20;SP2;Almeria;Elche;0;2;2,0;1;0,2619;0,5718;0,1662
35100;2020-01-26;T19-20;I1;Inter;Cagliari;1;1;0,0;1;0,1884;0,704;0,1075
57626;2020-01-26;T19-20;SP2;Malaga;Mirandes;2;2;0,0;1;0,3082;0,4369;0,255
57631;2020-01-26;T19-20;SP2;Girona;Oviedo;1;1;0,0;1;0,2874;0,5244;0,1882
45202;2020-01-26;T19-20;SP1;Ath Madrid;Leganes;0;0;0,0;1;0,1874;0,7066;0,1059
45203;2020-01-26;T19-20;SP1;Celta;Eibar;0;0;0,0;1;0,3007;0,4288;0,2704
45204;2020-01-26;T19-20;SP1;Getafe;Betis;1;0;1,0;1;0,2777;0,5208;0,2014
45205;2020-01-26;T19-20;SP1;Sociedad;Mallorca;3;0;1,0;1;0,2366;0,6246;0,1388
45206;2020-01-26;T19-20;SP1;Valladolid;Real Madrid;0;1;2,0;2;0,2615;0,1957;0,5428
5983;2020-01-26;T19-20;D1;Werder Bremen;Hoffenheim;0;3;2,0;1;0,2792;0,4013;0,3195
57630;2020-01-26;T19-20;SP2;Vallecano;Extremadura;1;1;0,0;1;0,2656;0,5475;0,1868
16009;2020-01-29;T19-20;E0;West Ham;Liverpool;0;2;2,0;2;0,2023;0,1584;0,6393
5985;2020-01-31;T19-20;D1;Hertha;Schalke 04;0;0;0,0;2;0,2666;0,2948;0,4386
26606;2020-01-31;T19-20;F1;Rennes;Nantes;3;2;1,0;1;0,3004;0,5111;0,1885
57632;2020-01-31;T19-20;SP2;Tenerife;Sp Gijon;2;1;1,0;1;0,3106;0,4191;0,2703
5989;2020-02-01;T19-20;D1;Hoffenheim;Leverkusen;2;1;1,0;2;0,2825;0,3248;0,3927
5988;2020-02-01;T19-20;D1;Fortuna Dusseldorf;Ein Frankfurt;1;1;0,0;1;0,281;0,4198;0,2991
5987;2020-02-01;T19-20;D1;Dortmund;Union Berlin;5;0;1,0;1;0,1483;0,7591;0,0926
5986;2020-02-01;T19-20;D1;Augsburg;Werder Bremen;2;1;1,0;1;0,2766;0,4058;0,3176
45209;2020-02-01;T19-20;SP1;Mallorca;Valladolid;0;1;2,0;1;0,2883;0,4669;0,2448
5990;2020-02-01;T19-20;D1;Mainz;Bayern Munich;1;3;2,0;2;0,2213;0,1721;0,6066
16010;2020-02-01;T19-20;E0;Leicester;Chelsea;2;2;0,0;1;0,2696;0,4032;0,3273
16016;2020-02-01;T19-20;E0;West Ham;Brighton;3;3;0,0;1;0,2814;0,4732;0,2454
16015;2020-02-01;T19-20;E0;Watford;Everton;2;3;2,0;1;0,3054;0,3859;0,3088
16014;2020-02-01;T19-20;E0;Newcastle;Norwich;0;0;0,0;1;0,2591;0,5672;0,1737
16013;2020-02-01;T19-20;E0;Liverpool;Southampton;4;0;1,0;1;0,1282;0,8127;0,0592
16012;2020-02-01;T19-20;E0;Crystal Palace;Sheffield United;0;1;2,0;1;0,3243;0,4015;0,2743
16011;2020-02-01;T19-20;E0;Bournemouth;Aston Villa;2;1;1,0;1;0,2749;0,4563;0,2688
16017;2020-02-01;T19-20;E0;Man United;Wolves;0;0;0,0;1;0,2609;0,548;0,1911
45210;2020-02-01;T19-20;SP1;Valencia;Celta;1;0;1,0;1;0,2305;0,6446;0,1249
5991;2020-02-01;T19-20;D1;RB Leipzig;M'gladbach;2;2;0,0;1;0,2392;0,5644;0,1965
45207;2020-02-01;T19-20;SP1;Granada;Espanol;2;1;1,0;1;0,2625;0,5173;0,2202
57636;2020-02-01;T19-20;SP2;Elche;Malaga;2;0;1,0;1;0,333;0,4409;0,2261
57635;2020-02-01;T19-20;SP2;Ponferradina;Huesca;3;1;1,0;1;0,3189;0,3735;0,3076
57634;2020-02-01;T19-20;SP2;La Coruna;Las Palmas;2;1;1,0;1;0,3302;0,4432;0,2266
57633;2020-02-01;T19-20;SP2;Extremadura;Lugo;1;0;1,0;1;0,288;0,4685;0,2435
35108;2020-02-01;T19-20;I1;Sassuolo;Roma;4;2;1,0;2;0,2498;0,2203;0,5298
35107;2020-02-01;T19-20;I1;Cagliari;Parma;2;2;0,0;1;0,2969;0,4533;0,2498
26612;2020-02-01;T19-20;F1;Strasbourg;Lille;1;2;2,0;1;0,285;0,3928;0,3222
26611;2020-02-01;T19-20;F1;Nimes;Monaco;3;1;1,0;2;0,2742;0,3523;0,3735
26610;2020-02-01;T19-20;F1;Dijon;Brest;3;0;1,0;1;0,2815;0,4425;0,276
26609;2020-02-01;T19-20;F1;Angers;Reims;1;4;2,0;1;0,3082;0,4432;0,2486
26608;2020-02-01;T19-20;F1;Amiens;Toulouse;0;0;0,0;1;0,2748;0,488;0,2372
26607;2020-02-01;T19-20;F1;Paris SG;Montpellier;5;0;1,0;1;0,1624;0,7562;0,0814
45208;2020-02-01;T19-20;SP1;Real Madrid;Ath Madrid;1;0;1,0;1;0,2555;0,5927;0,1518
35106;2020-02-01;T19-20;I1;Bologna;Brescia;2;1;1,0;1;0,248;0,5746;0,1774
45212;2020-02-02;T19-20;SP1;Eibar;Betis;1;1;0,0;1;0,3031;0,4371;0,2598
16019;2020-02-02;T19-20;E0;Tottenham;Man City;2;0;1,0;2;0,2421;0,2622;0,4958
35111;2020-02-02;T19-20;I1;Lazio;Spal;5;1;1,0;1;0,1512;0,7589;0,0899
35110;2020-02-02;T19-20;I1;Atalanta;Genoa;2;2;0,0;1;0,1998;0,6827;0,1175
35109;2020-02-02;T19-20;I1;Juventus;Fiorentina;3;0;1,0;1;0,1615;0,745;0,0935
57637;2020-02-02;T19-20;SP2;Fuenlabrada;Girona;0;1;2,0;1;0,3229;0,4558;0,2214
57638;2020-02-02;T19-20;SP2;Cadiz;Zaragoza;1;1;0,0;1;0,2988;0,455;0,2462
35114;2020-02-02;T19-20;I1;Udinese;Inter;0;2;2,0;2;0,228;0,1792;0,5928
16018;2020-02-02;T19-20;E0;Burnley;Arsenal;0;0;0,0;2;0,2908;0,3507;0,3585
45213;2020-02-02;T19-20;SP1;Ath Bilbao;Getafe;0;2;2,0;1;0,331;0,4313;0,2378
45216;2020-02-02;T19-20;SP1;Barcelona;Levante;2;1;1,0;1;0,1375;0,7858;0,0767
45215;2020-02-02;T19-20;SP1;Villarreal;Osasuna;3;1;1,0;1;0,2882;0,5041;0,2077
35112;2020-02-02;T19-20;I1;Milan;Verona;1;1;0,0;1;0,2804;0,5469;0,1727
45214;2020-02-02;T19-20;SP1;Sevilla;Alaves;1;1;0,0;1;0,1989;0,6703;0,1308
26615;2020-02-02;T19-20;F1;Bordeaux;Marseille;0;0;0,0;2;0,2901;0,3291;0,3809
26614;2020-02-02;T19-20;F1;Metz;St Etienne;3;1;1,0;2;0,2878;0,3412;0,371
26613;2020-02-02;T19-20;F1;Nice;Lyon;2;1;1,0;2;0,281;0,3267;0,3923
57639;2020-02-02;T19-20;SP2;Mirandes;Vallecano;0;0;0,0;1;0,3343;0,4117;0,2539
57640;2020-02-02;T19-20;SP2;Numancia;Almeria;1;1;0,0;1;0,3416;0,3684;0,29
57641;2020-02-02;T19-20;SP2;Oviedo;Albacete;3;1;1,0;1;0,2903;0,453;0,2568
57642;2020-02-02;T19-20;SP2;Santander;Alcorcon;1;1;0,0;1;0,3101;0,3772;0,3127
45211;2020-02-02;T19-20;SP1;Leganes;Sociedad;2;1;1,0;1;0,2835;0,4088;0,3076
5993;2020-02-02;T19-20;D1;Paderborn;Wolfsburg;2;4;2,0;2;0,2668;0,3645;0,3687
5992;2020-02-02;T19-20;D1;FC Koln;Freiburg;4;0;1,0;1;0,29;0,4306;0,2794
35113;2020-02-02;T19-20;I1;Lecce;Torino;4;0;1,0;1;0,2871;0,3724;0,3405
35115;2020-02-03;T19-20;I1;Sampdoria;Napoli;2;4;2,0;2;0,2743;0,2927;0,433
26618;2020-02-04;T19-20;F1;Nantes;Paris SG;1;2;2,0;2;0,2385;0,1882;0,5733
26616;2020-02-04;T19-20;F1;Lille;Rennes;1;0;1,0;1;0,2884;0,4854;0,2262
26617;2020-02-04;T19-20;F1;Monaco;Angers;1;0;1,0;1;0,2783;0,5004;0,2214
35116;2020-02-05;T19-20;I1;Lazio;Verona;0;0;0,0;1;0,1444;0,7799;0,0757
26624;2020-02-05;T19-20;F1;Toulouse;Strasbourg;0;1;2,0;2;0,2766;0,3459;0,3775
26625;2020-02-05;T19-20;F1;St Etienne;Marseille;0;2;2,0;2;0,2929;0,3144;0,3927
26622;2020-02-05;T19-20;F1;Nimes;Dijon;2;0;1,0;1;0,3;0,4224;0,2776
26621;2020-02-05;T19-20;F1;Montpellier;Metz;1;1;0,0;1;0,2866;0,5225;0,191
26620;2020-02-05;T19-20;F1;Lyon;Amiens;0;0;0,0;1;0,2111;0,663;0,1259
26619;2020-02-05;T19-20;F1;Brest;Bordeaux;1;1;0,0;1;0,3138;0,3963;0,2899
26623;2020-02-05;T19-20;F1;Reims;Nice;1;1;0,0;1;0,3045;0,4615;0,234
45217;2020-02-07;T19-20;SP1;Alaves;Eibar;2;1;1,0;1;0,3167;0,4343;0,2489
57643;2020-02-07;T19-20;SP2;Almeria;Santander;0;1;2,0;1;0,2515;0,62;0,1285
26626;2020-02-07;T19-20;F1;Angers;Lille;0;2;2,0;1;0,2876;0,3723;0,34
35117;2020-02-07;T19-20;I1;Roma;Bologna;2;3;2,0;1;0,233;0,6314;0,1357
5994;2020-02-07;T19-20;D1;Ein Frankfurt;Augsburg;5;0;1,0;1;0,2763;0,5006;0,2232
57646;2020-02-08;T19-20;SP2;Las Palmas;Cadiz;1;2;2,0;2;0,3214;0,3345;0,3441
45219;2020-02-08;T19-20;SP1;Getafe;Valencia;3;0;1,0;1;0,3143;0,3892;0,2965
57645;2020-02-08;T19-20;SP2;Girona;Huesca;1;0;1,0;1;0,2929;0,4635;0,2436
57644;2020-02-08;T19-20;SP2;Extremadura;Tenerife;2;4;2,0;1;0,2946;0,4385;0,2669
5995;2020-02-08;T19-20;D1;Freiburg;Hoffenheim;1;0;1,0;2;0,2992;0,3263;0,3745
5996;2020-02-08;T19-20;D1;Hertha;Mainz;1;3;2,0;1;0,2758;0,4614;0,2628
45220;2020-02-08;T19-20;SP1;Valladolid;Villarreal;1;1;0,0;2;0,2919;0,3482;0,3599
5997;2020-02-08;T19-20;D1;Schalke 04;Paderborn;1;1;0,0;1;0,2321;0,6141;0,1537
5998;2020-02-08;T19-20;D1;Werder Bremen;Union Berlin;0;2;2,0;1;0,2655;0,4976;0,2368
5999;2020-02-08;T19-20;D1;Wolfsburg;Fortuna Dusseldorf;1;1;0,0;1;0,2502;0,5543;0,1956
6000;2020-02-08;T19-20;D1;Leverkusen;Dortmund;4;3;1,0;1;0,2985;0,3582;0,3433
45221;2020-02-08;T19-20;SP1;Ath Madrid;Granada;1;0;1,0;1;0,2453;0,604;0,1507
57647;2020-02-08;T19-20;SP2;Zaragoza;Fuenlabrada;0;0;0,0;1;0,311;0,4992;0,1899
16021;2020-02-08;T19-20;E0;Brighton;Watford;1;1;0,0;1;0,276;0,4793;0,2448
26627;2020-02-08;T19-20;F1;Marseille;Toulouse;1;0;1,0;1;0,1714;0,7336;0,095
45218;2020-02-08;T19-20;SP1;Levante;Leganes;2;0;1,0;1;0,2827;0,5134;0,2039
26629;2020-02-08;T19-20;F1;Dijon;Nantes;3;3;0,0;1;0,2919;0,4347;0,2734
35120;2020-02-08;T19-20;I1;Verona;Juventus;2;1;1,0;2;0,2225;0,156;0,6216
35119;2020-02-08;T19-20;I1;Torino;Sampdoria;1;3;2,0;1;0,2763;0,4635;0,2602
26628;2020-02-08;T19-20;F1;Amiens;Monaco;1;2;2,0;1;0,2701;0,3705;0,3595
16020;2020-02-08;T19-20;E0;Everton;Crystal Palace;3;1;1,0;1;0,2817;0,4765;0,2418
26632;2020-02-08;T19-20;F1;Rennes;Brest;0;0;0,0;1;0,2456;0,5843;0,1701
26631;2020-02-08;T19-20;F1;Nice;Nimes;1;3;2,0;1;0,2796;0,5433;0,1771
35118;2020-02-08;T19-20;I1;Fiorentina;Atalanta;1;2;2,0;2;0,2596;0,2858;0,4546
26630;2020-02-08;T19-20;F1;Metz;Bordeaux;1;2;2,0;1;0,2981;0,3514;0,3505
45223;2020-02-09;T19-20;SP1;Sociedad;Ath Bilbao;2;1;1,0;1;0,3028;0,5254;0,1718
45224;2020-02-09;T19-20;SP1;Osasuna;Real Madrid;1;4;2,0;2;0,2668;0,2139;0,5193
45225;2020-02-09;T19-20;SP1;Celta;Sevilla;2;1;1,0;2;0,2797;0,2961;0,4242
45226;2020-02-09;T19-20;SP1;Betis;Barcelona;2;3;2,0;2;0,2561;0,2138;0,5301
35121;2020-02-09;T19-20;I1;Spal;Sassuolo;1;2;2,0;1;0,2886;0,4077;0,3037
35122;2020-02-09;T19-20;I1;Brescia;Udinese;1;1;0,0;1;0,2783;0,3922;0,3294
35123;2020-02-09;T19-20;I1;Genoa;Cagliari;1;0;1,0;1;0,2843;0,4418;0,2739
35124;2020-02-09;T19-20;I1;Napoli;Lecce;2;3;2,0;1;0,2405;0,5873;0,1722
35125;2020-02-09;T19-20;I1;Parma;Lazio;0;1;2,0;2;0,2526;0,1973;0,55
35126;2020-02-09;T19-20;I1;Inter;Milan;4;2;1,0;1;0,2563;0,5556;0,1881
45222;2020-02-09;T19-20;SP1;Espanol;Mallorca;1;0;1,0;1;0,2799;0,4528;0,2673
16022;2020-02-09;T19-20;E0;Sheffield United;Bournemouth;2;1;1,0;1;0,2888;0,4998;0,2114
57650;2020-02-09;T19-20;SP2;Sp Gijon;Mirandes;2;2;0,0;1;0,299;0,465;0,236
57648;2020-02-09;T19-20;SP2;Albacete;Ponferradina;1;1;0,0;1;0,3101;0,4304;0,2595
26635;2020-02-09;T19-20;F1;Paris SG;Lyon;4;2;1,0;1;0,1854;0,6681;0,1465
57651;2020-02-09;T19-20;SP2;Lugo;Elche;2;2;0,0;1;0,2914;0,4168;0,2918
6001;2020-02-09;T19-20;D1;Bayern Munich;RB Leipzig;0;0;0,0;1;0,2268;0,5148;0,2584
26634;2020-02-09;T19-20;F1;Strasbourg;Reims;3;0;1,0;1;0,2964;0,4384;0,2653
57649;2020-02-09;T19-20;SP2;Alcorcon;La Coruna;0;1;2,0;1;0,3415;0,4317;0,2268
26633;2020-02-09;T19-20;F1;Montpellier;St Etienne;1;0;1,0;1;0,2885;0,4678;0,2437
57652;2020-02-09;T19-20;SP2;Vallecano;Oviedo;1;1;0,0;1;0,3033;0,489;0,2077
57653;2020-02-09;T19-20;SP2;Malaga;Numancia;2;1;1,0;1;0,3399;0,4327;0,2274
45227;2020-02-14;T19-20;SP1;Valencia;Ath Madrid;2;2;0,0;1;0,3219;0,4291;0,2491
6002;2020-02-14;T19-20;D1;Dortmund;Ein Frankfurt;4;0;1,0;1;0,157;0,7372;0,1057
57654;2020-02-14;T19-20;SP2;La Coruna;Girona;2;2;0,0;1;0,3241;0,4005;0,2754
26636;2020-02-14;T19-20;F1;Monaco;Montpellier;1;0;1,0;1;0,2871;0,4716;0,2413
16023;2020-02-14;T19-20;E0;Wolves;Leicester;0;0;0,0;2;0,2687;0,3394;0,3919
16025;2020-02-15;T19-20;E0;Norwich;Liverpool;0;1;2,0;2;0,1862;0,1325;0,6813
35128;2020-02-15;T19-20;I1;Bologna;Genoa;0;3;2,0;1;0,2618;0,5344;0,2038
35129;2020-02-15;T19-20;I1;Atalanta;Roma;2;1;1,0;1;0,2768;0,4292;0,2941
57658;2020-02-15;T19-20;SP2;Elche;Zaragoza;1;2;2,0;1;0,3213;0,3764;0,3023
57657;2020-02-15;T19-20;SP2;Oviedo;Alcorcon;1;2;2,0;1;0,3079;0,4579;0,2342
35127;2020-02-15;T19-20;I1;Lecce;Spal;2;1;1,0;1;0,2496;0,4992;0,2513
26640;2020-02-15;T19-20;F1;Nimes;Angers;1;0;1,0;1;0,2945;0,4749;0,2307
26639;2020-02-15;T19-20;F1;Nantes;Metz;0;0;0,0;1;0,3146;0,4657;0,2197
26637;2020-02-15;T19-20;F1;Amiens;Paris SG;4;4;0,0;2;0,203;0,1515;0,6455
6008;2020-02-15;T19-20;D1;Fortuna Dusseldorf;M'gladbach;1;4;2,0;2;0,2783;0,3259;0,3958
6007;2020-02-15;T19-20;D1;Union Berlin;Leverkusen;2;3;2,0;2;0,2576;0,2884;0,454
16024;2020-02-15;T19-20;E0;Southampton;Burnley;1;2;2,0;1;0,3102;0,4245;0,2653
6006;2020-02-15;T19-20;D1;RB Leipzig;Werder Bremen;3;0;1,0;1;0,2048;0,6506;0,1446
6005;2020-02-15;T19-20;D1;Paderborn;Hertha;1;2;2,0;1;0,2695;0,4077;0,3228
6004;2020-02-15;T19-20;D1;Hoffenheim;Wolfsburg;2;3;2,0;1;0,2898;0,5011;0,2092
6003;2020-02-15;T19-20;D1;Augsburg;Freiburg;1;1;0,0;1;0,2859;0,4639;0,2501
57656;2020-02-15;T19-20;SP2;Numancia;Las Palmas;1;1;0,0;1;0,3208;0,4841;0,1951
26641;2020-02-15;T19-20;F1;Toulouse;Nice;0;2;2,0;2;0,2729;0,3323;0,3948
57655;2020-02-15;T19-20;SP2;Huesca;Almeria;3;2;1,0;1;0,3495;0,397;0,2535
26638;2020-02-15;T19-20;F1;Bordeaux;Dijon;2;2;0,0;1;0,2728;0,5335;0,1937
45230;2020-02-15;T19-20;SP1;Villarreal;Levante;2;1;1,0;1;0,2641;0,5478;0,1881
45229;2020-02-15;T19-20;SP1;Barcelona;Getafe;2;1;1,0;1;0,189;0,6975;0,1135
45228;2020-02-15;T19-20;SP1;Mallorca;Alaves;1;0;1,0;1;0,2911;0,4294;0,2795
45231;2020-02-15;T19-20;SP1;Granada;Valladolid;2;1;1,0;1;0,2907;0,4858;0,2235
57663;2020-02-16;T19-20;SP2;Santander;Sp Gijon;0;2;2,0;1;0,2815;0,403;0,3154
35134;2020-02-16;T19-20;I1;Cagliari;Napoli;0;1;2,0;2;0,2444;0,2506;0,505
35133;2020-02-16;T19-20;I1;Sassuolo;Parma;0;1;2,0;1;0,2821;0,4522;0,2657
35132;2020-02-16;T19-20;I1;Sampdoria;Fiorentina;1;5;2,0;1;0,2927;0,4156;0,2916
35131;2020-02-16;T19-20;I1;Juventus;Brescia;2;0;1,0;1;0,1175;0,8263;0,0562
35130;2020-02-16;T19-20;I1;Udinese;Verona;0;0;0,0;1;0,3171;0,4296;0,2533
45235;2020-02-16;T19-20;SP1;Real Madrid;Celta;2;2;0,0;1;0,1505;0,7868;0,0626
45234;2020-02-16;T19-20;SP1;Ath Bilbao;Osasuna;0;1;2,0;1;0,3066;0,4677;0,2257
57661;2020-02-16;T19-20;SP2;Cadiz;Malaga;0;1;2,0;1;0,2799;0,5544;0,1657
35135;2020-02-16;T19-20;I1;Lazio;Inter;2;1;1,0;1;0,2624;0,4186;0,319
57662;2020-02-16;T19-20;SP2;Ponferradina;Extremadura;0;0;0,0;1;0,2747;0,5079;0,2174
57664;2020-02-16;T19-20;SP2;Tenerife;Vallecano;0;0;0,0;1;0,3317;0,4077;0,2606
16027;2020-02-16;T19-20;E0;Arsenal;Newcastle;4;0;1,0;1;0,2575;0,5543;0,1883
16026;2020-02-16;T19-20;E0;Aston Villa;Tottenham;2;3;2,0;2;0,2522;0,2412;0,5066
6009;2020-02-16;T19-20;D1;FC Koln;Bayern Munich;1;4;2,0;2;0,2036;0,1726;0,6238
45233;2020-02-16;T19-20;SP1;Leganes;Betis;0;0;0,0;1;0,2961;0,4326;0,2713
6010;2020-02-16;T19-20;D1;Mainz;Schalke 04;0;0;0,0;2;0,2716;0,3244;0,404
57660;2020-02-16;T19-20;SP2;Mirandes;Albacete;1;1;0,0;1;0,308;0,4518;0,2403
57659;2020-02-16;T19-20;SP2;Fuenlabrada;Lugo;0;1;2,0;1;0,2836;0,5433;0,1731
45232;2020-02-16;T19-20;SP1;Sevilla;Espanol;2;2;0,0;1;0,2178;0,648;0,1343
26645;2020-02-16;T19-20;F1;Lille;Marseille;1;2;2,0;1;0,2839;0,4439;0,2722
26642;2020-02-16;T19-20;F1;Lyon;Strasbourg;1;1;0,0;1;0,2658;0,545;0,1892
26643;2020-02-16;T19-20;F1;Brest;St Etienne;3;2;1,0;1;0,2959;0,4226;0,2815
26644;2020-02-16;T19-20;F1;Reims;Rennes;1;0;1,0;1;0,3216;0,3435;0,3348
16028;2020-02-17;T19-20;E0;Chelsea;Man United;0;2;2,0;1;0,2906;0,4268;0,2827
35136;2020-02-17;T19-20;I1;Milan;Torino;1;0;1,0;1;0,2791;0,4854;0,2355
57665;2020-02-19;T19-20;SP2;Mirandes;Zaragoza;1;1;0,0;1;0,3028;0,3508;0,3464
16029;2020-02-19;T19-20;E0;Man City;West Ham;2;0;1,0;1;0,1093;0,8229;0,0678
26647;2020-02-21;T19-20;F1;Metz;Lyon;0;2;2,0;2;0,2561;0,2767;0,4672
35137;2020-02-21;T19-20;I1;Brescia;Napoli;1;2;2,0;2;0,2232;0,2079;0,5688
26646;2020-02-21;T19-20;F1;Nice;Brest;2;2;0,0;1;0,2937;0,509;0,1973
57666;2020-02-21;T19-20;SP2;Sp Gijon;Cadiz;1;0;1,0;1;0,2951;0,3773;0,3276
6011;2020-02-21;T19-20;D1;Bayern Munich;Paderborn;3;2;1,0;1;0,1296;0,796;0,0744
45236;2020-02-21;T19-20;SP1;Betis;Mallorca;3;3;0,0;1;0,2842;0,5085;0,2073
45237;2020-02-22;T19-20;SP1;Celta;Leganes;1;0;1,0;1;0,2596;0,5345;0,2059
45238;2020-02-22;T19-20;SP1;Barcelona;Eibar;5;0;1,0;1;0,1334;0,8013;0,0653
57669;2020-02-22;T19-20;SP2;Girona;Ponferradina;2;0;1,0;1;0,2872;0,5171;0,1957
57668;2020-02-22;T19-20;SP2;Almeria;Fuenlabrada;0;0;0,0;1;0,3095;0,4957;0,1948
45239;2020-02-22;T19-20;SP1;Sociedad;Valencia;3;0;1,0;1;0,2834;0,4396;0,277
45240;2020-02-22;T19-20;SP1;Levante;Real Madrid;1;0;1,0;2;0,252;0,2092;0,5388
26648;2020-02-22;T19-20;F1;Marseille;Nantes;1;3;2,0;1;0,2078;0,6517;0,1405
57667;2020-02-22;T19-20;SP2;Alcorcon;Las Palmas;1;1;0,0;1;0,324;0,4632;0,2127
26651;2020-02-22;T19-20;F1;Lille;Toulouse;3;0;1,0;1;0,2005;0,6909;0,1086
26650;2020-02-22;T19-20;F1;Dijon;Monaco;1;1;0,0;2;0,275;0,3565;0,3685
26649;2020-02-22;T19-20;F1;Angers;Montpellier;1;0;1,0;1;0,3116;0,4182;0,2701
26652;2020-02-22;T19-20;F1;Strasbourg;Amiens;0;0;0,0;1;0,2362;0,5944;0,1694
57670;2020-02-22;T19-20;SP2;Tenerife;Elche;1;0;1,0;1;0,3123;0,438;0,2497
6015;2020-02-22;T19-20;D1;Werder Bremen;Dortmund;0;2;2,0;2;0,2525;0,2625;0,4849
6014;2020-02-22;T19-20;D1;M'gladbach;Hoffenheim;1;1;0,0;1;0,269;0,5456;0,1854
6013;2020-02-22;T19-20;D1;Hertha;FC Koln;0;5;2,0;1;0,2885;0,4624;0,2491
35138;2020-02-22;T19-20;I1;Bologna;Udinese;1;1;0,0;1;0,2741;0,5051;0,2208
35139;2020-02-22;T19-20;I1;Spal;Juventus;1;2;2,0;2;0,2008;0,1537;0,6455
35140;2020-02-22;T19-20;I1;Fiorentina;Milan;1;1;0,0;1;0,2803;0,3707;0,349
6012;2020-02-22;T19-20;D1;Freiburg;Fortuna Dusseldorf;0;2;2,0;1;0,2445;0,5655;0,1901
16030;2020-02-22;T19-20;E0;Chelsea;Tottenham;2;1;1,0;1;0,2971;0,4;0,3028
16031;2020-02-22;T19-20;E0;Burnley;Bournemouth;3;0;1,0;1;0,2827;0,4693;0,248
16032;2020-02-22;T19-20;E0;Crystal Palace;Newcastle;1;0;1,0;1;0,3045;0,4246;0,2709
16033;2020-02-22;T19-20;E0;Sheffield United;Brighton;1;1;0,0;1;0,2747;0,5326;0,1926
16034;2020-02-22;T19-20;E0;Southampton;Aston Villa;2;0;1,0;1;0,2823;0,4524;0,2653
16035;2020-02-22;T19-20;E0;Leicester;Man City;0;1;2,0;2;0,2494;0,2507;0,4999
57671;2020-02-22;T19-20;SP2;Albacete;Numancia;2;1;1,0;1;0,322;0,4258;0,2522
6016;2020-02-22;T19-20;D1;Schalke 04;RB Leipzig;0;5;2,0;2;0,297;0,2832;0,4198
6018;2020-02-23;T19-20;D1;Wolfsburg;Mainz;4;0;1,0;1;0,2611;0,5411;0,1977
57675;2020-02-23;T19-20;SP2;Malaga;Santander;2;0;1,0;1;0,289;0,5226;0,1884
57676;2020-02-23;T19-20;SP2;Vallecano;Huesca;2;0;1,0;1;0,2959;0,4266;0,2775
6017;2020-02-23;T19-20;D1;Leverkusen;Augsburg;2;0;1,0;1;0,2094;0,6517;0,1388
57674;2020-02-23;T19-20;SP2;Extremadura;Mirandes;3;2;1,0;1;0,2942;0,3912;0,3147
57673;2020-02-23;T19-20;SP2;Zaragoza;La Coruna;3;1;1,0;1;0,3064;0,5256;0,168
16038;2020-02-23;T19-20;E0;Arsenal;Everton;3;2;1,0;1;0,275;0,4823;0,2427
45245;2020-02-23;T19-20;SP1;Ath Madrid;Villarreal;3;1;1,0;1;0,2793;0,5158;0,2049
16037;2020-02-23;T19-20;E0;Wolves;Norwich;3;0;1,0;1;0,2553;0,5761;0,1687
16036;2020-02-23;T19-20;E0;Man United;Watford;3;0;1,0;1;0,2386;0,6097;0,1517
35142;2020-02-23;T19-20;I1;Roma;Lecce;4;0;1,0;1;0,2373;0,6091;0,1537
35141;2020-02-23;T19-20;I1;Genoa;Lazio;2;3;2,0;2;0,2378;0,1865;0,5756
57672;2020-02-23;T19-20;SP2;Lugo;Oviedo;1;0;1,0;1;0,2782;0,4667;0,2551
45243;2020-02-23;T19-20;SP1;Valladolid;Espanol;2;1;1,0;1;0,2704;0,4783;0,2514
45244;2020-02-23;T19-20;SP1;Getafe;Sevilla;0;3;2,0;1;0,2953;0,4486;0,2561
45241;2020-02-23;T19-20;SP1;Osasuna;Granada;0;3;2,0;1;0,2855;0,4465;0,268
26655;2020-02-23;T19-20;F1;Paris SG;Bordeaux;4;3;1,0;1;0,1896;0,697;0,1134
26654;2020-02-23;T19-20;F1;Rennes;Nimes;2;1;1,0;1;0,2831;0,5487;0,1682
26653;2020-02-23;T19-20;F1;St Etienne;Reims;1;1;0,0;1;0,3072;0,4502;0,2426
45242;2020-02-23;T19-20;SP1;Alaves;Ath Bilbao;2;1;1,0;1;0,3159;0,4275;0,2566
6019;2020-02-24;T19-20;D1;Ein Frankfurt;Union Berlin;1;2;2,0;1;0,2666;0,5116;0,2219
16039;2020-02-24;T19-20;E0;Liverpool;West Ham;3;2;1,0;1;0,0992;0,8484;0,0523
26656;2020-02-28;T19-20;F1;Nimes;Marseille;2;3;2,0;2;0,2801;0,2918;0,4282
6020;2020-02-28;T19-20;D1;Fortuna Dusseldorf;Hertha;3;3;0,0;1;0,2716;0,4231;0,3053
16040;2020-02-28;T19-20;E0;Norwich;Leicester;1;0;1,0;2;0,2365;0,2659;0,4975
57677;2020-02-28;T19-20;SP2;Las Palmas;Malaga;1;1;0,0;1;0,3203;0,4272;0,2525
45246;2020-02-28;T19-20;SP1;Sociedad;Valladolid;1;0;1,0;1;0,2737;0,5769;0,1495
16044;2020-02-29;T19-20;E0;West Ham;Southampton;3;1;1,0;1;0,2623;0,4381;0,2996
45250;2020-02-29;T19-20;SP1;Granada;Celta;0;0;0,0;1;0,283;0,5218;0,1952
16042;2020-02-29;T19-20;E0;Bournemouth;Chelsea;2;2;0,0;2;0,2447;0,2858;0,4694
16041;2020-02-29;T19-20;E0;Brighton;Crystal Palace;0;1;2,0;1;0,2829;0,3999;0,3171
16043;2020-02-29;T19-20;E0;Newcastle;Burnley;0;0;0,0;1;0,3008;0,4243;0,275
6022;2020-02-29;T19-20;D1;Dortmund;Freiburg;1;0;1,0;1;0,1537;0,7536;0,0926
26660;2020-02-29;T19-20;F1;Monaco;Reims;1;1;0,0;1;0,275;0,5025;0,2225
26661;2020-02-29;T19-20;F1;Montpellier;Strasbourg;3;0;1,0;1;0,2971;0,4662;0,2367
26662;2020-02-29;T19-20;F1;Toulouse;Rennes;0;2;2,0;2;0,2778;0,2604;0,4618
45249;2020-02-29;T19-20;SP1;Leganes;Alaves;1;1;0,0;1;0,2915;0,4325;0,276
26659;2020-02-29;T19-20;F1;Brest;Angers;0;1;2,0;1;0,2959;0,4736;0,2305
26658;2020-02-29;T19-20;F1;Amiens;Metz;0;1;2,0;1;0,3104;0,4158;0,2738
26657;2020-02-29;T19-20;F1;Paris SG;Dijon;4;0;1,0;1;0,1039;0,8356;0,0604
6021;2020-02-29;T19-20;D1;Augsburg;M'gladbach;2;3;2,0;2;0,2897;0,3315;0,3788
35144;2020-02-29;T19-20;I1;Napoli;Torino;2;1;1,0;1;0,2553;0,547;0,1977
35143;2020-02-29;T19-20;I1;Lazio;Bologna;2;0;1,0;1;0,1561;0,7619;0,082
16045;2020-02-29;T19-20;E0;Watford;Liverpool;3;0;1,0;2;0,1958;0,1474;0,6568
57678;2020-02-29;T19-20;SP2;Huesca;Extremadura;2;2;0,0;1;0,2723;0,5507;0,177
57679;2020-02-29;T19-20;SP2;Ponferradina;Sp Gijon;1;0;1,0;1;0,3276;0,4062;0,2662
57680;2020-02-29;T19-20;SP2;Cadiz;Almeria;2;1;1,0;1;0,3017;0,4886;0,2097
57681;2020-02-29;T19-20;SP2;Albacete;Vallecano;1;1;0,0;1;0,3278;0,4024;0,2698
57682;2020-02-29;T19-20;SP2;Santander;Zaragoza;2;2;0,0;2;0,2824;0,3042;0,4134
6023;2020-02-29;T19-20;D1;Hoffenheim;Bayern Munich;0;6;2,0;2;0,2444;0,2269;0,5286
6024;2020-02-29;T19-20;D1;Mainz;Paderborn;2;0;1,0;1;0,2584;0,5153;0,2263
6025;2020-02-29;T19-20;D1;FC Koln;Schalke 04;3;0;1,0;1;0,2561;0,3756;0,3683
45247;2020-02-29;T19-20;SP1;Eibar;Levante;3;0;1,0;1;0,297;0,4417;0,2613
45248;2020-02-29;T19-20;SP1;Valencia;Betis;2;1;1,0;1;0,2588;0,577;0,1642
6027;2020-03-01;T19-20;D1;RB Leipzig;Leverkusen;1;1;0,0;1;0,2449;0,5268;0,2282
26664;2020-03-01;T19-20;F1;Bordeaux;Nice;1;1;0,0;1;0,2976;0,4624;0,24
26665;2020-03-01;T19-20;F1;Lyon;St Etienne;2;0;1,0;1;0,2556;0,5615;0,183
6026;2020-03-01;T19-20;D1;Union Berlin;Wolfsburg;2;2;0,0;1;0,2888;0,4049;0,3063
26663;2020-03-01;T19-20;F1;Nantes;Lille;0;1;2,0;1;0,2899;0,3644;0,3457
16047;2020-03-01;T19-20;E0;Tottenham;Wolves;2;3;2,0;1;0,2508;0,556;0,1931
45251;2020-03-01;T19-20;SP1;Sevilla;Osasuna;3;2;1,0;1;0,2309;0,6261;0,143
57686;2020-03-01;T19-20;SP2;Fuenlabrada;Alcorcon;3;4;2,0;1;0,3205;0,4561;0,2234
16046;2020-03-01;T19-20;E0;Everton;Man United;1;1;0,0;2;0,2619;0,3543;0,3838
57687;2020-03-01;T19-20;SP2;Oviedo;Tenerife;1;0;1,0;1;0,2911;0,4492;0,2596
57684;2020-03-01;T19-20;SP2;Elche;Numancia;2;0;1,0;1;0,3297;0,4468;0,2235
57683;2020-03-01;T19-20;SP2;Mirandes;Girona;1;1;0,0;1;0,334;0,3873;0,2787
35145;2020-03-01;T19-20;I1;Lecce;Atalanta;2;7;2,0;2;0,2449;0,2488;0,5063
35146;2020-03-01;T19-20;I1;Cagliari;Roma;3;4;2,0;2;0,2582;0,2576;0,4842
57685;2020-03-01;T19-20;SP2;La Coruna;Lugo;0;0;0,0;1;0,3096;0,4894;0,201
45255;2020-03-01;T19-20;SP1;Real Madrid;Barcelona;2;0;1,0;1;0,2649;0,46;0,2751
45254;2020-03-01;T19-20;SP1;Mallorca;Getafe;0;1;2,0;1;0,2912;0,3778;0,331
45252;2020-03-01;T19-20;SP1;Ath Bilbao;Villarreal;1;0;1,0;1;0,3119;0,3873;0,3008
45253;2020-03-01;T19-20;SP1;Espanol;Ath Madrid;1;1;0,0;2;0,2775;0,2791;0,4434
45256;2020-03-06;T19-20;SP1;Alaves;Valencia;1;1;0,0;2;0,2728;0,3439;0,3833
57688;2020-03-06;T19-20;SP2;Lugo;Cadiz;1;1;0,0;2;0,2919;0,3052;0,4028
6028;2020-03-06;T19-20;D1;Paderborn;FC Koln;1;2;2,0;1;0,2701;0,4044;0,3255
45259;2020-03-07;T19-20;SP1;Barcelona;Sociedad;1;0;1,0;1;0,1556;0,7562;0,0882
6032;2020-03-07;T19-20;D1;Schalke 04;Hoffenheim;1;1;0,0;1;0,2951;0,4121;0,2928
6031;2020-03-07;T19-20;D1;Leverkusen;Ein Frankfurt;4;0;1,0;1;0,2213;0,629;0,1497
6029;2020-03-07;T19-20;D1;Freiburg;Union Berlin;3;1;1,0;1;0,2718;0,4826;0,2456
57693;2020-03-07;T19-20;SP2;Almeria;La Coruna;4;0;1,0;1;0,3212;0,4809;0,1978
57690;2020-03-07;T19-20;SP2;Girona;Albacete;1;1;0,0;1;0,2845;0,5249;0,1906
57691;2020-03-07;T19-20;SP2;Huesca;Fuenlabrada;2;0;1,0;1;0,314;0,4817;0,2043
45258;2020-03-07;T19-20;SP1;Ath Madrid;Sevilla;2;2;0,0;1;0,2851;0,4762;0,2387
57689;2020-03-07;T19-20;SP2;Extremadura;Oviedo;1;2;2,0;1;0,2776;0,4711;0,2513
6033;2020-03-07;T19-20;D1;Wolfsburg;RB Leipzig;0;0;0,0;2;0,2394;0,2443;0,5163
45257;2020-03-07;T19-20;SP1;Eibar;Mallorca;1;2;2,0;1;0,2685;0,5302;0,2013
45260;2020-03-07;T19-20;SP1;Getafe;Celta;0;0;0,0;1;0,271;0,5722;0,1568
57692;2020-03-07;T19-20;SP2;Numancia;Santander;1;2;2,0;1;0,2886;0,5327;0,1787
6034;2020-03-07;T19-20;D1;M'gladbach;Dortmund;1;2;2,0;1;0,2766;0,4295;0,2939
16048;2020-03-07;T19-20;E0;Liverpool;Bournemouth;2;1;1,0;1;0,1;0,8474;0,0526
6030;2020-03-07;T19-20;D1;Hertha;Werder Bremen;2;2;0,0;1;0,2707;0,4206;0,3087
16049;2020-03-07;T19-20;E0;Arsenal;West Ham;1;0;1,0;1;0,2276;0,5975;0,1749
16050;2020-03-07;T19-20;E0;Crystal Palace;Watford;1;0;1,0;1;0,2907;0,4589;0,2504
16051;2020-03-07;T19-20;E0;Sheffield United;Norwich;1;0;1,0;1;0,2567;0,5854;0,1579
16052;2020-03-07;T19-20;E0;Southampton;Newcastle;0;1;2,0;1;0,3;0,4322;0,2678
16053;2020-03-07;T19-20;E0;Wolves;Brighton;0;0;0,0;1;0,2531;0,5481;0,1987
16054;2020-03-07;T19-20;E0;Burnley;Tottenham;1;1;0,0;2;0,2552;0,2964;0,4484
35148;2020-03-08;T19-20;I1;Milan;Genoa;1;2;2,0;1;0,257;0,5634;0,1795
45262;2020-03-08;T19-20;SP1;Valladolid;Ath Bilbao;1;4;2,0;1;0,312;0,4168;0,2712
57698;2020-03-08;T19-20;SP2;Tenerife;Ponferradina;1;0;1,0;1;0,3087;0,4518;0,2396
57697;2020-03-08;T19-20;SP2;Sp Gijon;Las Palmas;4;0;1,0;1;0,2889;0,5017;0,2094
57696;2020-03-08;T19-20;SP2;Alcorcon;Mirandes;1;2;2,0;1;0,2958;0,4815;0,2227
57695;2020-03-08;T19-20;SP2;Malaga;Zaragoza;0;1;2,0;1;0,3153;0,3686;0,3162
45265;2020-03-08;T19-20;SP1;Betis;Real Madrid;2;1;1,0;2;0,2514;0,209;0,5396
45263;2020-03-08;T19-20;SP1;Levante;Granada;1;1;0,0;1;0,2917;0,4407;0,2676
45264;2020-03-08;T19-20;SP1;Villarreal;Leganes;1;2;2,0;1;0,2342;0,6089;0,1569
6035;2020-03-08;T19-20;D1;Bayern Munich;Augsburg;2;0;1,0;1;0,1158;0,8167;0,0674
35151;2020-03-08;T19-20;I1;Juventus;Inter;2;0;1,0;1;0,2523;0,4983;0,2493
35150;2020-03-08;T19-20;I1;Udinese;Fiorentina;0;0;0,0;1;0,2934;0,3581;0,3486
35149;2020-03-08;T19-20;I1;Sampdoria;Verona;2;1;1,0;1;0,3027;0,454;0,2433
57694;2020-03-08;T19-20;SP2;Vallecano;Elche;2;3;2,0;1;0,3097;0,4581;0,2322
6036;2020-03-08;T19-20;D1;Mainz;Fortuna Dusseldorf;1;1;0,0;1;0,2627;0,498;0,2393
45261;2020-03-08;T19-20;SP1;Osasuna;Espanol;1;0;1,0;1;0,2632;0,4921;0,2447
35147;2020-03-08;T19-20;I1;Parma;Spal;0;1;2,0;1;0,2527;0,536;0,2113
16055;2020-03-08;T19-20;E0;Chelsea;Everton;4;0;1,0;1;0,2638;0,5317;0,2045
16056;2020-03-08;T19-20;E0;Man United;Man City;2;0;1,0;2;0,2712;0,3046;0,4242
16057;2020-03-09;T19-20;E0;Leicester;Aston Villa;4;0;1,0;1;0,2315;0,6167;0,1518
35152;2020-03-09;T19-20;I1;Sassuolo;Brescia;3;0;1,0;1;0,2532;0,5603;0,1865
45266;2020-03-10;T19-20;SP1;Eibar;Sociedad;1;2;2,0;1;0,2935;0,4083;0,2982
6037;2020-03-11;T19-20;D1;M'gladbach;FC Koln;2;1;1,0;1;0,2374;0,6153;0,1473
6043;2020-05-16;T19-20;D1;Ein Frankfurt;M'gladbach;1;3;2,0;1;0,2784;0,3618;0,3598
6042;2020-05-16;T19-20;D1;RB Leipzig;Freiburg;1;1;0,0;1;0,1986;0,6963;0,1051
6038;2020-05-16;T19-20;D1;Augsburg;Wolfsburg;1;2;2,0;2;0,2874;0,3541;0,3586
6040;2020-05-16;T19-20;D1;Fortuna Dusseldorf;Paderborn;0;0;0,0;1;0,2501;0,5084;0,2415
6039;2020-05-16;T19-20;D1;Dortmund;Schalke 04;4;0;1,0;1;0,1718;0,6874;0,1408
6041;2020-05-16;T19-20;D1;Hoffenheim;Hertha;0;3;2,0;1;0,2758;0,4744;0,2498
6044;2020-05-17;T19-20;D1;FC Koln;Mainz;2;2;0,0;1;0,2611;0,4937;0,2452
6045;2020-05-17;T19-20;D1;Union Berlin;Bayern Munich;0;2;2,0;2;0,2322;0,1943;0,5736
6046;2020-05-18;T19-20;D1;Werder Bremen;Leverkusen;1;4;2,0;2;0,2422;0,2401;0,5177
6047;2020-05-22;T19-20;D1;Hertha;Union Berlin;4;0;1,0;1;0,2844;0,4573;0,2583
6052;2020-05-23;T19-20;D1;Bayern Munich;Ein Frankfurt;5;2;1,0;1;0,1167;0,8077;0,0756
6051;2020-05-23;T19-20;D1;Wolfsburg;Dortmund;0;2;2,0;2;0,2731;0,26;0,4669
6050;2020-05-23;T19-20;D1;Paderborn;Hoffenheim;1;1;0,0;2;0,2662;0,3153;0,4185
6048;2020-05-23;T19-20;D1;Freiburg;Werder Bremen;0;1;2,0;1;0,2695;0,4245;0,306
6049;2020-05-23;T19-20;D1;M'gladbach;Leverkusen;1;3;2,0;1;0,2853;0,4185;0,2963
6055;2020-05-24;T19-20;D1;FC Koln;Fortuna Dusseldorf;2;2;0,0;1;0,2497;0,519;0,2313
6053;2020-05-24;T19-20;D1;Schalke 04;Augsburg;0;3;2,0;1;0,2776;0,4992;0,2231
6054;2020-05-24;T19-20;D1;Mainz;RB Leipzig;0;5;2,0;2;0,2278;0,179;0,5933
6056;2020-05-26;T19-20;D1;Dortmund;Bayern Munich;0;1;2,0;1;0,2441;0,4405;0,3154
6057;2020-05-26;T19-20;D1;Ein Frankfurt;Freiburg;3;3;0,0;1;0,2765;0,4892;0,2344
6058;2020-05-26;T19-20;D1;Leverkusen;Wolfsburg;1;4;2,0;1;0,2388;0,5555;0,2057
6059;2020-05-26;T19-20;D1;Werder Bremen;M'gladbach;0;0;0,0;2;0,2487;0,3205;0,4308
6063;2020-05-27;T19-20;D1;Hoffenheim;FC Koln;3;1;1,0;1;0,279;0,4448;0,2761
6060;2020-05-27;T19-20;D1;RB Leipzig;Hertha;2;2;0,0;1;0,1702;0,7212;0,1086
6061;2020-05-27;T19-20;D1;Augsburg;Paderborn;0;0;0,0;1;0,2459;0,5441;0,21
6064;2020-05-27;T19-20;D1;Union Berlin;Mainz;1;1;0,0;1;0,2696;0,497;0,2334
6062;2020-05-27;T19-20;D1;Fortuna Dusseldorf;Schalke 04;2;1;1,0;1;0,2478;0,3947;0,3575
6065;2020-05-29;T19-20;D1;Freiburg;Leverkusen;0;1;2,0;2;0,2354;0,2364;0,5282
6070;2020-05-30;T19-20;D1;Bayern Munich;Fortuna Dusseldorf;5;0;1,0;1;0,1123;0,8205;0,0672
6066;2020-05-30;T19-20;D1;Hertha;Augsburg;2;0;1,0;1;0,2862;0,4642;0,2496
6069;2020-05-30;T19-20;D1;Wolfsburg;Ein Frankfurt;1;2;2,0;1;0,2637;0,5302;0,2061
6068;2020-05-30;T19-20;D1;Schalke 04;Werder Bremen;0;1;2,0;1;0,2654;0,4414;0,2932
6067;2020-05-30;T19-20;D1;Mainz;Hoffenheim;0;1;2,0;2;0,2684;0,3445;0,3871
6071;2020-05-31;T19-20;D1;M'gladbach;Union Berlin;4;1;1,0;1;0,2218;0,6363;0,1419
6072;2020-05-31;T19-20;D1;Paderborn;Dortmund;1;6;2,0;2;0,2073;0,1682;0,6245
6073;2020-06-01;T19-20;D1;FC Koln;RB Leipzig;2;4;2,0;2;0,2214;0,183;0,5956
6074;2020-06-03;T19-20;D1;Werder Bremen;Ein Frankfurt;0;3;2,0;1;0,2605;0,4583;0,2812
6075;2020-06-05;T19-20;D1;Freiburg;M'gladbach;1;0;1,0;2;0,2653;0,3026;0,4321
6080;2020-06-06;T19-20;D1;Dortmund;Hertha;1;0;1,0;1;0,1372;0,765;0,0978
6079;2020-06-06;T19-20;D1;RB Leipzig;Paderborn;1;1;0,0;1;0,1437;0,7703;0,0859
6078;2020-06-06;T19-20;D1;Leverkusen;Bayern Munich;2;4;2,0;2;0,2745;0,3483;0,3772
6077;2020-06-06;T19-20;D1;Fortuna Dusseldorf;Hoffenheim;2;2;0,0;2;0,2803;0,3281;0,3916
6076;2020-06-06;T19-20;D1;Ein Frankfurt;Mainz;0;2;2,0;1;0,2583;0,5209;0,2208
6083;2020-06-07;T19-20;D1;Augsburg;FC Koln;1;1;0,0;1;0,2615;0,482;0,2565
6082;2020-06-07;T19-20;D1;Union Berlin;Schalke 04;1;1;0,0;1;0,2725;0,4214;0,306
6081;2020-06-07;T19-20;D1;Werder Bremen;Wolfsburg;0;1;2,0;2;0,2636;0,3557;0,3807
57699;2020-06-10;T19-20;SP2;Vallecano;Albacete;1;0;1,0;1;0,3155;0,4592;0,2253
45267;2020-06-11;T19-20;SP1;Sevilla;Betis;2;0;1,0;1;0,2089;0,6659;0,1252
6084;2020-06-12;T19-20;D1;Hoffenheim;RB Leipzig;0;2;2,0;2;0,2398;0,2123;0,5478
57703;2020-06-12;T19-20;SP2;Oviedo;Ponferradina;0;0;0,0;1;0,3076;0,4605;0,2319
45268;2020-06-12;T19-20;SP1;Granada;Getafe;2;1;1,0;1;0,3119;0,3998;0,2882
45269;2020-06-12;T19-20;SP1;Valencia;Levante;1;1;0,0;1;0,2687;0,5701;0,1612
57702;2020-06-12;T19-20;SP2;Malaga;Huesca;1;3;2,0;1;0,3145;0,44;0,2456
57701;2020-06-12;T19-20;SP2;Fuenlabrada;Tenerife;1;0;1,0;1;0,3216;0,4188;0,2595
57700;2020-06-12;T19-20;SP2;Elche;Extremadura;1;1;0,0;1;0,2621;0,5359;0,202
57704;2020-06-13;T19-20;SP2;Santander;Lugo;1;2;2,0;1;0,2856;0,4282;0,2862
57706;2020-06-13;T19-20;SP2;Zaragoza;Alcorcon;1;3;2,0;1;0,2661;0,5528;0,1811
57705;2020-06-13;T19-20;SP2;Las Palmas;Girona;0;0;0,0;1;0,3257;0,3788;0,2955
6089;2020-06-13;T19-20;D1;Wolfsburg;Freiburg;2;2;0,0;1;0,2787;0,513;0,2083
45272;2020-06-13;T19-20;SP1;Leganes;Valladolid;1;2;2,0;1;0,2705;0,4623;0,2672
6087;2020-06-13;T19-20;D1;Hertha;Ein Frankfurt;1;4;2,0;1;0,2878;0,4336;0,2785
6086;2020-06-13;T19-20;D1;Fortuna Dusseldorf;Dortmund;0;1;2,0;2;0,2041;0,1674;0,6285
6085;2020-06-13;T19-20;D1;FC Koln;Union Berlin;1;2;2,0;1;0,2824;0,4715;0,2461
45270;2020-06-13;T19-20;SP1;Espanol;Alaves;2;0;1,0;1;0,2877;0,3981;0,3142
45271;2020-06-13;T19-20;SP1;Celta;Villarreal;0;1;2,0;1;0,2755;0,4087;0,3158
6090;2020-06-13;T19-20;D1;Bayern Munich;M'gladbach;2;1;1,0;1;0,1825;0,6899;0,1275
45273;2020-06-13;T19-20;SP1;Mallorca;Barcelona;0;4;2,0;2;0,2393;0,1764;0,5842
6088;2020-06-13;T19-20;D1;Paderborn;Werder Bremen;1;5;2,0;2;0,2645;0,3427;0,3928
6091;2020-06-14;T19-20;D1;Mainz;Augsburg;0;1;2,0;1;0,2876;0,4705;0,2419
6092;2020-06-14;T19-20;D1;Schalke 04;Leverkusen;1;1;0,0;2;0,2348;0,2497;0,5155
57711;2020-06-15;T19-20;SP2;Ponferradina;Elche;2;1;1,0;1;0,3194;0,4288;0,2518
57712;2020-06-15;T19-20;SP2;Tenerife;Malaga;0;0;0,0;1;0,3288;0,4273;0,2439
45278;2020-06-15;T19-20;SP1;Betis;Granada;2;2;0,0;1;0,2904;0,4212;0,2884
45277;2020-06-15;T19-20;SP1;Levante;Sevilla;1;1;0,0;2;0,2735;0,275;0,4514
6096;2020-06-16;T19-20;D1;Werder Bremen;Bayern Munich;0;1;2,0;2;0,2024;0,1715;0,6261
6095;2020-06-16;T19-20;D1;Union Berlin;Paderborn;1;0;1,0;1;0,2575;0,5217;0,2208
6094;2020-06-16;T19-20;D1;Freiburg;Hertha;2;1;1,0;1;0,2699;0,462;0,2681
6093;2020-06-16;T19-20;D1;M'gladbach;Wolfsburg;3;0;1,0;1;0,2672;0,5346;0,1982
57716;2020-06-17;T19-20;SP2;Extremadura;Albacete;0;1;2,0;1;0,2744;0,4317;0,2939
6097;2020-06-17;T19-20;D1;Ein Frankfurt;Schalke 04;2;1;1,0;1;0,2571;0,4537;0,2892
6100;2020-06-17;T19-20;D1;Leverkusen;FC Koln;3;1;1,0;1;0,2031;0,6778;0,1192
6099;2020-06-17;T19-20;D1;Dortmund;Mainz;0;2;2,0;1;0,1158;0,8025;0,0817
6098;2020-06-17;T19-20;D1;Augsburg;Hoffenheim;1;3;2,0;1;0,2845;0,3627;0,3528
57718;2020-06-17;T19-20;SP2;Vallecano;Fuenlabrada;1;0;1,0;1;0,3075;0,4655;0,227
6101;2020-06-17;T19-20;D1;RB Leipzig;Fortuna Dusseldorf;2;2;0,0;1;0,1421;0,7618;0,0961
57726;2020-06-20;T19-20;SP2;Malaga;Extremadura;1;1;0,0;1;0,2752;0,4953;0,2295
6108;2020-06-20;T19-20;D1;Paderborn;M'gladbach;1;3;2,0;2;0,2416;0,2488;0,5096
6109;2020-06-20;T19-20;D1;RB Leipzig;Dortmund;0;2;2,0;1;0,2642;0,4335;0,3024
6107;2020-06-20;T19-20;D1;Mainz;Werder Bremen;3;1;1,0;2;0,2629;0,3386;0,3985
6106;2020-06-20;T19-20;D1;Hoffenheim;Union Berlin;4;0;1,0;1;0,2937;0,4725;0,2339
6105;2020-06-20;T19-20;D1;Hertha;Leverkusen;2;0;1,0;2;0,2173;0,2154;0,5673
6104;2020-06-20;T19-20;D1;Fortuna Dusseldorf;Augsburg;1;1;0,0;1;0,2837;0,4485;0,2678
6103;2020-06-20;T19-20;D1;FC Koln;Ein Frankfurt;1;1;0,0;2;0,2739;0,362;0,364
6110;2020-06-20;T19-20;D1;Schalke 04;Wolfsburg;1;4;2,0;1;0,2848;0,3776;0,3376
6102;2020-06-20;T19-20;D1;Bayern Munich;Freiburg;3;1;1,0;1;0,1247;0,8106;0,0647
57729;2020-06-21;T19-20;SP2;Albacete;Huesca;2;2;0,0;1;0,3043;0,4184;0,2773
57743;2020-06-25;T19-20;SP2;Oviedo;Fuenlabrada;0;0;0,0;1;0,3025;0,459;0,2385
6119;2020-06-27;T19-20;D1;Wolfsburg;Bayern Munich;0;4;2,0;2;0,244;0,2062;0,5499
6118;2020-06-27;T19-20;D1;Werder Bremen;FC Koln;6;1;1,0;1;0,2517;0,4677;0,2806
6117;2020-06-27;T19-20;D1;Union Berlin;Fortuna Dusseldorf;3;0;1,0;1;0,2633;0,4919;0,2448
6116;2020-06-27;T19-20;D1;M'gladbach;Hertha;2;1;1,0;1;0,234;0,6298;0,1362
6115;2020-06-27;T19-20;D1;Leverkusen;Mainz;1;0;1,0;1;0,2245;0,6545;0,1211
6114;2020-06-27;T19-20;D1;Freiburg;Schalke 04;4;0;1,0;1;0,2672;0,4258;0,307
6113;2020-06-27;T19-20;D1;Ein Frankfurt;Paderborn;3;2;1,0;1;0,2348;0,5711;0,1942
6111;2020-06-27;T19-20;D1;Augsburg;RB Leipzig;1;2;2,0;2;0,2366;0,2291;0,5343
6112;2020-06-27;T19-20;D1;Dortmund;Hoffenheim;0;4;2,0;1;0,1924;0,6703;0,1373
57752;2020-06-28;T19-20;SP2;Fuenlabrada;Extremadura;1;1;0,0;1;0,2744;0,4818;0,2438
45312;2020-06-28;T19-20;SP1;Levante;Betis;4;2;1,0;1;0,2969;0,4532;0,2499
57761;2020-07-01;T19-20;SP2;Ponferradina;Fuenlabrada;0;3;2,0;1;0,3225;0,446;0,2315
57764;2020-07-02;T19-20;SP2;Vallecano;Malaga;0;0;0,0;1;0,3218;0,442;0,2361
45330;2020-07-04;T19-20;SP1;Granada;Valencia;2;2;0,0;1;0,2736;0,4139;0,3124
57773;2020-07-05;T19-20;SP2;Malaga;Albacete;0;0;0,0;1;0,3156;0,438;0,2464
57798;2020-07-13;T19-20;SP2;Elche;Albacete;2;0;1,0;1;0,3031;0,4722;0,2247
57801;2020-07-17;T19-20;SP2;Fuenlabrada;Elche;3;1;1,0;1;0,2957;0,4368;0,2675
45376;2020-07-19;T19-20;SP1;Sevilla;Valencia;1;0;1,0;1;0,2702;0,5234;0,2064
45374;2020-07-19;T19-20;SP1;Levante;Getafe;1;0;1,0;1;0,2993;0,3944;0,3063
57814;2020-07-20;T19-20;SP2;Elche;Oviedo;2;1;1,0;1;0,2901;0,4789;0,231
26735;2020-10-16;T20-21;F1;Dijon;Rennes;1;1;0,0;2;0,26;0,2309;0,5091
26736;2020-10-16;T20-21;F1;Nimes;Paris SG;0;4;2,0;2;0,2435;0,1866;0,5698
26738;2020-10-17;T20-21;F1;Marseille;Bordeaux;3;1;1,0;1;0,2955;0,4487;0,2557
45428;2020-10-18;T20-21;SP1;Huesca;Valladolid;2;2;0,0;1;0,2617;0,5086;0,2297
57881;2020-10-18;T20-21;SP2;Sp Gijon;Tenerife;1;1;0,0;1;0,2609;0,5762;0,163
57878;2020-10-18;T20-21;SP2;Mirandes;Mallorca;0;0;0,0;1;0,3299;0,4041;0,266
26739;2020-10-18;T20-21;F1;Strasbourg;Lyon;2;3;2,0;2;0,2665;0,2703;0,4631
26740;2020-10-18;T20-21;F1;Angers;Metz;1;1;0,0;1;0,3225;0,4602;0,2173
26741;2020-10-18;T20-21;F1;Monaco;Montpellier;1;1;0,0;1;0,2755;0,5031;0,2215
26742;2020-10-18;T20-21;F1;Nantes;Brest;3;1;1,0;1;0,2919;0,4552;0,2529
26743;2020-10-18;T20-21;F1;St Etienne;Nice;1;3;2,0;1;0,3047;0,4679;0,2274
45429;2020-10-18;T20-21;SP1;Betis;Sociedad;0;3;2,0;1;0,2953;0,4635;0,2412
45426;2020-10-18;T20-21;SP1;Villarreal;Valencia;2;1;1,0;1;0,2819;0,4474;0,2708
57885;2020-10-21;T20-21;SP2;Ponferradina;Tenerife;1;0;1,0;1;0,3111;0,4763;0,2126
57890;2020-10-22;T20-21;SP2;Mallorca;Albacete;0;0;0,0;1;0,2676;0,5796;0,1528
57891;2020-10-22;T20-21;SP2;Oviedo;Vallecano;0;0;0,0;2;0,3226;0,283;0,3945
57889;2020-10-22;T20-21;SP2;Malaga;Sp Gijon;1;0;1,0;1;0,3357;0,3612;0,3031
26745;2020-10-23;T20-21;F1;Rennes;Angers;1;2;2,0;1;0,2031;0,6579;0,139
26747;2020-10-24;T20-21;F1;Paris SG;Dijon;4;0;1,0;1;0,1014;0,8371;0,0615
57894;2020-10-24;T20-21;SP2;Almeria;Fuenlabrada;3;0;1,0;1;0,313;0,3692;0,3178
45432;2020-10-24;T20-21;SP1;Osasuna;Ath Bilbao;1;0;1,0;1;0,295;0,4802;0,2248
16202;2020-10-24;T20-21;E0;Liverpool;Sheffield United;2;1;1,0;1;0,1412;0,782;0,0768
16200;2020-10-24;T20-21;E0;Fulham;Crystal Palace;1;2;2,0;2;0,2555;0,3175;0,427
45437;2020-10-25;T20-21;SP1;Getafe;Granada;0;1;2,0;1;0,2762;0,4953;0,2285
26753;2020-10-25;T20-21;F1;Lyon;Monaco;4;1;1,0;1;0,2947;0,4741;0,2312
26752;2020-10-25;T20-21;F1;Nice;Lille;1;1;0,0;2;0,3076;0,3272;0,3651
26751;2020-10-25;T20-21;F1;Montpellier;Reims;0;4;2,0;1;0,2536;0,5664;0,18
26750;2020-10-25;T20-21;F1;Metz;St Etienne;2;0;1,0;1;0,297;0,4144;0,2887
26749;2020-10-25;T20-21;F1;Brest;Strasbourg;0;3;2,0;1;0,2622;0,5232;0,2146
45435;2020-10-25;T20-21;SP1;Valladolid;Alaves;0;2;2,0;1;0,2725;0,4316;0,2959
45438;2020-10-25;T20-21;SP1;Sociedad;Huesca;4;1;1,0;1;0,2922;0,5666;0,1412
16203;2020-10-25;T20-21;E0;Southampton;Everton;2;0;1,0;2;0,297;0,3257;0,3774
16204;2020-10-25;T20-21;E0;Wolves;Newcastle;1;1;0,0;1;0,256;0,5229;0,2211
16205;2020-10-25;T20-21;E0;Arsenal;Leicester;0;1;2,0;1;0,2155;0,5711;0,2134
57900;2020-10-25;T20-21;SP2;Malaga;Mirandes;1;1;0,0;1;0,2823;0,5509;0,1667
57899;2020-10-25;T20-21;SP2;Albacete;Vallecano;2;1;1,0;2;0,3096;0,2873;0,4031
57896;2020-10-25;T20-21;SP2;Sp Gijon;Ponferradina;2;1;1,0;1;0,2844;0,5083;0,2073
26748;2020-10-25;T20-21;F1;Bordeaux;Nimes;2;0;1,0;1;0,2738;0,5075;0,2187
57902;2020-10-26;T20-21;SP2;Alcorcon;Mallorca;0;2;2,0;1;0,3206;0,4024;0,277
45439;2020-10-26;T20-21;SP1;Levante;Celta;1;1;0,0;1;0,2868;0,443;0,2702
57904;2020-10-28;T20-21;SP2;Albacete;Las Palmas;1;1;0,0;1;0,3146;0,4388;0,2466
57908;2020-10-29;T20-21;SP2;Alcorcon;Sp Gijon;1;2;2,0;2;0,3;0,3224;0,3776
57909;2020-10-29;T20-21;SP2;Mallorca;Malaga;3;1;1,0;1;0,3365;0,4335;0,23
57910;2020-10-29;T20-21;SP2;Mirandes;Zaragoza;1;0;1,0;1;0,3129;0,3715;0,3157
57911;2020-10-29;T20-21;SP2;Tenerife;Lugo;1;1;0,0;1;0,314;0,4618;0,2242
57913;2020-10-29;T20-21;SP2;Vallecano;Fuenlabrada;2;0;1,0;1;0,3217;0,4897;0,1886
6165;2020-10-30;T20-21;D1;Schalke 04;Stuttgart;1;1;0,0;1;0,2879;0,3733;0,3388
16208;2020-10-30;T20-21;E0;Wolves;Crystal Palace;2;0;1,0;1;0,2883;0,425;0,2867
45442;2020-10-31;T20-21;SP1;Ath Bilbao;Sevilla;2;1;1,0;1;0,3174;0,3735;0,309
57915;2020-10-31;T20-21;SP2;Las Palmas;Oviedo;1;2;2,0;1;0,2684;0,5546;0,177
35327;2020-10-31;T20-21;I1;Bologna;Cagliari;3;2;1,0;1;0,2894;0,4149;0,2957
35326;2020-10-31;T20-21;I1;Inter;Parma;2;2;0,0;1;0,1663;0,7445;0,0892
16209;2020-10-31;T20-21;E0;Sheffield United;Man City;0;1;2,0;2;0,2431;0,2326;0,5243
16210;2020-10-31;T20-21;E0;Burnley;Chelsea;0;3;2,0;2;0,2473;0,2364;0,5164
16211;2020-10-31;T20-21;E0;Liverpool;West Ham;2;1;1,0;1;0,1469;0,7805;0,0726
45441;2020-10-31;T20-21;SP1;Real Madrid;Huesca;4;1;1,0;1;0,1544;0,7681;0,0775
6169;2020-10-31;T20-21;D1;FC Koln;Bayern Munich;1;2;2,0;2;0,1862;0,1548;0,659
6170;2020-10-31;T20-21;D1;M'gladbach;RB Leipzig;1;0;1,0;2;0,2533;0,2316;0,5151
6166;2020-10-31;T20-21;D1;Augsburg;Mainz;3;1;1,0;1;0,2354;0,5702;0,1943
45444;2020-10-31;T20-21;SP1;Alaves;Barcelona;1;1;0,0;2;0,251;0,2515;0,4975
6168;2020-10-31;T20-21;D1;Ein Frankfurt;Werder Bremen;1;1;0,0;1;0,2914;0,4106;0,298
26755;2020-10-31;T20-21;F1;Nantes;Paris SG;0;3;2,0;2;0,2281;0,1825;0,5894
45443;2020-10-31;T20-21;SP1;Osasuna;Ath Madrid;1;3;2,0;2;0,2831;0,2175;0,4995
26754;2020-10-31;T20-21;F1;Rennes;Brest;2;1;1,0;1;0,2267;0,6366;0,1366
26756;2020-11-01;T20-21;F1;St Etienne;Montpellier;0;1;2,0;1;0,2903;0,4818;0,2279
26757;2020-11-01;T20-21;F1;Angers;Nice;0;3;2,0;1;0,3208;0,4187;0,2604
26759;2020-11-01;T20-21;F1;Nimes;Metz;0;1;2,0;1;0,32;0,4486;0,2314
6171;2020-11-01;T20-21;D1;Freiburg;Leverkusen;2;4;2,0;2;0,2533;0,2175;0,5293
26762;2020-11-01;T20-21;F1;Lille;Lyon;1;1;0,0;1;0,2678;0,567;0,1652
35328;2020-11-01;T20-21;I1;Udinese;Milan;1;2;2,0;2;0,2341;0,1953;0,5707
35332;2020-11-01;T20-21;I1;Roma;Fiorentina;2;0;1,0;1;0,2525;0,5448;0,2028
45448;2020-11-01;T20-21;SP1;Valencia;Getafe;2;2;0,0;1;0,2985;0,4643;0,2372
45447;2020-11-01;T20-21;SP1;Granada;Levante;1;1;0,0;1;0,226;0,6224;0,1516
45446;2020-11-01;T20-21;SP1;Celta;Sociedad;1;4;2,0;2;0,2818;0,3275;0,3907
6172;2020-11-01;T20-21;D1;Hertha;Wolfsburg;1;1;0,0;2;0,2838;0,3147;0,4015
26760;2020-11-01;T20-21;F1;Reims;Strasbourg;2;1;1,0;1;0,2629;0,442;0,2951
26761;2020-11-01;T20-21;F1;Monaco;Bordeaux;4;0;1,0;1;0,2923;0,4245;0,2832
57917;2020-11-01;T20-21;SP2;Zaragoza;Mallorca;0;0;0,0;1;0,3128;0,3617;0,3255
16212;2020-11-01;T20-21;E0;Aston Villa;Southampton;3;4;2,0;1;0,2339;0,5594;0,2067
16213;2020-11-01;T20-21;E0;Newcastle;Everton;2;1;1,0;2;0,2951;0,3346;0,3703
16214;2020-11-01;T20-21;E0;Man United;Arsenal;0;1;2,0;1;0,2971;0,4313;0,2716
57916;2020-11-01;T20-21;SP2;Leganes;Mirandes;1;0;1,0;1;0,2799;0,5323;0,1879
16215;2020-11-01;T20-21;E0;Tottenham;Brighton;2;1;1,0;1;0,1687;0,7325;0,0988
57918;2020-11-01;T20-21;SP2;Fuenlabrada;Tenerife;1;1;0,0;1;0,3266;0,4569;0,2165
57921;2020-11-01;T20-21;SP2;Almeria;Girona;0;0;0,0;1;0,3263;0,4318;0,2419
57920;2020-11-01;T20-21;SP2;Lugo;Vallecano;1;0;1,0;2;0,326;0,3144;0,3596
6173;2020-11-02;T20-21;D1;Hoffenheim;Union Berlin;1;3;2,0;1;0,2937;0,4901;0,2162
45449;2020-11-02;T20-21;SP1;Villarreal;Valladolid;2;0;1,0;1;0,2138;0,6536;0,1326
35335;2020-11-04;T20-21;I1;Genoa;Torino;1;2;2,0;1;0,2686;0,4791;0,2523
57925;2020-11-04;T20-21;SP2;Zaragoza;Girona;2;2;0,0;1;0,3103;0,4284;0,2613
57926;2020-11-05;T20-21;SP2;Alcorcon;Ponferradina;0;1;2,0;1;0,2876;0,4079;0,3045
35336;2020-11-06;T20-21;I1;Sassuolo;Udinese;0;0;0,0;1;0,1785;0,6988;0,1227
26763;2020-11-06;T20-21;F1;Strasbourg;Marseille;0;1;2,0;2;0,2442;0,2044;0,5514
16219;2020-11-06;T20-21;E0;Southampton;Newcastle;2;0;1,0;1;0,256;0,5228;0,2213
16218;2020-11-06;T20-21;E0;Brighton;Burnley;0;0;0,0;1;0,2768;0,4698;0,2534
6174;2020-11-06;T20-21;D1;Werder Bremen;FC Koln;1;1;0,0;1;0,2266;0,5928;0,1806
16222;2020-11-07;T20-21;E0;Chelsea;Sheffield United;4;1;1,0;1;0,2031;0,6781;0,1188
16220;2020-11-07;T20-21;E0;Everton;Man United;1;3;2,0;1;0,2743;0,4002;0,3255
6177;2020-11-07;T20-21;D1;RB Leipzig;Freiburg;3;0;1,0;1;0,164;0,7332;0,1029
6178;2020-11-07;T20-21;D1;Stuttgart;Ein Frankfurt;2;2;0,0;1;0,2795;0,4527;0,2678
6176;2020-11-07;T20-21;D1;Mainz;Schalke 04;2;2;0,0;2;0,2634;0,36;0,3766
6175;2020-11-07;T20-21;D1;Augsburg;Hertha;0;3;2,0;1;0,2636;0,507;0,2294
26765;2020-11-07;T20-21;F1;Paris SG;Rennes;3;0;1,0;1;0,2012;0,6565;0,1422
26764;2020-11-07;T20-21;F1;Bordeaux;Montpellier;0;2;2,0;1;0,2827;0,4853;0,232
35337;2020-11-07;T20-21;I1;Cagliari;Sampdoria;2;0;1,0;1;0,2751;0,3916;0,3333
35339;2020-11-07;T20-21;I1;Parma;Fiorentina;0;0;0,0;1;0,2731;0,3644;0,3625
6180;2020-11-07;T20-21;D1;Dortmund;Bayern Munich;2;3;2,0;1;0,2319;0,4645;0,3037
16223;2020-11-07;T20-21;E0;West Ham;Fulham;1;0;1,0;1;0,2559;0,5668;0,1773
57930;2020-11-07;T20-21;SP2;Mirandes;Sp Gijon;1;0;1,0;2;0,3093;0,3125;0,3782
45451;2020-11-07;T20-21;SP1;Huesca;Eibar;1;1;0,0;1;0,2961;0,4118;0,2922
45452;2020-11-07;T20-21;SP1;Barcelona;Betis;5;2;1,0;1;0,1985;0,6581;0,1434
45453;2020-11-07;T20-21;SP1;Sevilla;Osasuna;1;0;1,0;1;0,2677;0,4974;0,235
57931;2020-11-07;T20-21;SP2;Espanol;Lugo;2;1;1,0;1;0,2651;0,581;0,1539
16225;2020-11-08;T20-21;E0;Leicester;Wolves;1;0;1,0;1;0,2855;0,5026;0,2119
26770;2020-11-08;T20-21;F1;Nimes;Angers;1;5;2,0;1;0,2882;0,4769;0,2349
26769;2020-11-08;T20-21;F1;Metz;Dijon;1;1;0,0;1;0,2373;0,6146;0,1481
26766;2020-11-08;T20-21;F1;Brest;Lille;3;2;1,0;2;0,282;0,2514;0,4666
57937;2020-11-08;T20-21;SP2;Tenerife;Zaragoza;1;0;1,0;1;0,3203;0,4172;0,2625
57936;2020-11-08;T20-21;SP2;Oviedo;Castellon;4;0;1,0;1;0,3122;0,4427;0,2451
57933;2020-11-08;T20-21;SP2;Alcorcon;Fuenlabrada;0;3;2,0;1;0,3061;0,3762;0,3177
57934;2020-11-08;T20-21;SP2;Vallecano;Almeria;0;1;2,0;1;0,3318;0,4433;0,2248
16226;2020-11-08;T20-21;E0;Man City;Liverpool;1;1;0,0;1;0,228;0,4186;0,3534
35340;2020-11-08;T20-21;I1;Lazio;Juventus;1;1;0,0;1;0,2832;0,3622;0,3546
35341;2020-11-08;T20-21;I1;Atalanta;Inter;1;1;0,0;1;0,2674;0,3813;0,3512
35342;2020-11-08;T20-21;I1;Genoa;Roma;1;3;2,0;2;0,2261;0,1789;0,5949
57935;2020-11-08;T20-21;SP2;Mallorca;Ponferradina;3;0;1,0;1;0,274;0,5693;0,1567
26772;2020-11-08;T20-21;F1;Lyon;St Etienne;2;1;1,0;1;0,2448;0,6027;0,1525
26771;2020-11-08;T20-21;F1;Nice;Monaco;1;2;2,0;1;0,2746;0,4944;0,231
35345;2020-11-08;T20-21;I1;Milan;Verona;2;2;0,0;1;0,2058;0,6752;0,119
16227;2020-11-08;T20-21;E0;Arsenal;Aston Villa;0;3;2,0;1;0,2376;0,5744;0,1879
45455;2020-11-08;T20-21;SP1;Getafe;Villarreal;1;3;2,0;1;0,3186;0,3797;0,3017
45459;2020-11-08;T20-21;SP1;Valencia;Real Madrid;4;1;1,0;2;0,2671;0,2668;0,4661
6181;2020-11-08;T20-21;D1;Wolfsburg;Hoffenheim;2;1;1,0;1;0,3023;0,401;0,2967
35344;2020-11-08;T20-21;I1;Bologna;Napoli;0;1;2,0;2;0,2246;0,172;0,6034
45456;2020-11-08;T20-21;SP1;Sociedad;Granada;2;0;1,0;1;0,2519;0,551;0,197
45457;2020-11-08;T20-21;SP1;Levante;Alaves;1;1;0,0;1;0,2954;0,451;0,2536
45458;2020-11-08;T20-21;SP1;Valladolid;Ath Bilbao;2;1;1,0;2;0,2848;0,3431;0,3721
6182;2020-11-08;T20-21;D1;Leverkusen;M'gladbach;4;3;1,0;1;0,24;0,5681;0,1919
57938;2020-11-09;T20-21;SP2;Girona;Las Palmas;1;1;0,0;1;0,3039;0,5249;0,1712
57939;2020-11-13;T20-21;SP2;Zaragoza;Oviedo;1;2;2,0;1;0,2963;0,4382;0,2655
57940;2020-11-14;T20-21;SP2;Fuenlabrada;Espanol;1;1;0,0;2;0,3083;0,3113;0,3805
57941;2020-11-14;T20-21;SP2;Almeria;Mirandes;2;1;1,0;1;0,2845;0,5321;0,1834
57942;2020-11-14;T20-21;SP2;Girona;Mallorca;0;1;2,0;1;0,3293;0,428;0,2427
57943;2020-11-14;T20-21;SP2;Lugo;Albacete;1;0;1,0;1;0,2962;0,4716;0,2321
57946;2020-11-15;T20-21;SP2;Castellon;Cartagena;2;1;1,0;1;0,331;0,4208;0,2482
57948;2020-11-15;T20-21;SP2;Las Palmas;Tenerife;1;0;1,0;1;0,3267;0,4221;0,2511
57947;2020-11-15;T20-21;SP2;Logrones;Sabadell;1;0;1,0;1;0,2682;0,5415;0,1903
57945;2020-11-15;T20-21;SP2;Ponferradina;Malaga;1;1;0,0;1;0,3153;0,3947;0,29
57944;2020-11-15;T20-21;SP2;Leganes;Alcorcon;1;0;1,0;1;0,249;0,5998;0,1512
57949;2020-11-16;T20-21;SP2;Sp Gijon;Vallecano;1;1;0,0;1;0,2917;0,5118;0,1965
45460;2020-11-20;T20-21;SP1;Osasuna;Huesca;1;1;0,0;1;0,2565;0,5573;0,1862
26773;2020-11-20;T20-21;F1;Rennes;Bordeaux;0;1;2,0;1;0,269;0,5382;0,1928
57951;2020-11-20;T20-21;SP2;Espanol;Girona;1;2;2,0;1;0,2582;0,59;0,1519
26774;2020-11-20;T20-21;F1;Monaco;Paris SG;3;2;1,0;2;0,247;0,277;0,476
57950;2020-11-20;T20-21;SP2;Alcorcon;Lugo;1;0;1,0;1;0,315;0,3738;0,3112
6183;2020-11-21;T20-21;D1;Bayern Munich;Werder Bremen;1;1;0,0;1;0,1539;0,7402;0,1059
26775;2020-11-21;T20-21;F1;Brest;St Etienne;4;1;1,0;1;0,2899;0,4599;0,2502
57952;2020-11-21;T20-21;SP2;Malaga;Leganes;1;2;2,0;1;0,3334;0,4134;0,2532
6189;2020-11-21;T20-21;D1;Hertha;Dortmund;2;5;2,0;2;0,2438;0,2029;0,5534
57953;2020-11-21;T20-21;SP2;Mirandes;Cartagena;4;1;1,0;1;0,3101;0,4742;0,2156
6185;2020-11-21;T20-21;D1;Hoffenheim;Stuttgart;3;3;0,0;1;0,302;0,453;0,245
6186;2020-11-21;T20-21;D1;M'gladbach;Augsburg;1;1;0,0;1;0,2623;0,5494;0,1882
6187;2020-11-21;T20-21;D1;Schalke 04;Wolfsburg;0;2;2,0;2;0,2737;0,295;0,4313
6188;2020-11-21;T20-21;D1;Ein Frankfurt;RB Leipzig;1;1;0,0;2;0,2366;0,2172;0,5462
35348;2020-11-21;T20-21;I1;Juventus;Cagliari;2;0;1,0;1;0,21;0,6685;0,1214
16228;2020-11-21;T20-21;E0;Newcastle;Chelsea;0;2;2,0;2;0,2815;0,246;0,4726
16230;2020-11-21;T20-21;E0;Tottenham;Man City;2;0;1,0;1;0,2497;0,5283;0,222
57954;2020-11-21;T20-21;SP2;Vallecano;Castellon;2;1;1,0;1;0,2751;0,5742;0,1507
57955;2020-11-21;T20-21;SP2;Oviedo;Fuenlabrada;1;1;0,0;1;0,3117;0,4185;0,2699
45462;2020-11-21;T20-21;SP1;Villarreal;Real Madrid;1;1;0,0;1;0,2739;0,3853;0,3408
45463;2020-11-21;T20-21;SP1;Sevilla;Celta;4;2;1,0;1;0,2449;0,6101;0,1449
45464;2020-11-21;T20-21;SP1;Ath Madrid;Barcelona;1;0;1,0;1;0,2343;0,5345;0,2312
16229;2020-11-21;T20-21;E0;Aston Villa;Brighton;1;2;2,0;1;0,2079;0,6465;0,1456
57956;2020-11-22;T20-21;SP2;Sabadell;Las Palmas;3;1;1,0;1;0,292;0,3949;0,3131
57957;2020-11-22;T20-21;SP2;Mallorca;Sp Gijon;0;0;0,0;1;0,3196;0,4447;0,2357
45465;2020-11-22;T20-21;SP1;Eibar;Getafe;0;0;0,0;1;0,2943;0,4133;0,2924
26776;2020-11-22;T20-21;F1;Nantes;Metz;1;1;0,0;1;0,3156;0,4388;0,2455
26779;2020-11-22;T20-21;F1;Reims;Nimes;0;1;2,0;1;0,2719;0,5;0,2281
26780;2020-11-22;T20-21;F1;Angers;Lyon;0;1;2,0;2;0,3063;0,2939;0,3998
26781;2020-11-22;T20-21;F1;Lille;Lorient;4;0;1,0;1;0,1746;0,7374;0,0879
57958;2020-11-22;T20-21;SP2;Tenerife;Logrones;0;1;2,0;1;0,2993;0,4305;0,2703
16232;2020-11-22;T20-21;E0;Fulham;Everton;2;3;2,0;2;0,2692;0,3389;0,3919
16233;2020-11-22;T20-21;E0;Sheffield United;West Ham;0;1;2,0;1;0,298;0,3873;0,3147
16235;2020-11-22;T20-21;E0;Liverpool;Leicester;3;0;1,0;1;0,2049;0,623;0,1721
45468;2020-11-22;T20-21;SP1;Alaves;Valencia;2;2;0,0;2;0,2702;0,3508;0,379
26778;2020-11-22;T20-21;F1;Montpellier;Strasbourg;4;3;1,0;1;0,234;0,6124;0,1536
57959;2020-11-22;T20-21;SP2;Ponferradina;Zaragoza;2;1;1,0;1;0,2956;0,4407;0,2638
45467;2020-11-22;T20-21;SP1;Granada;Valladolid;1;3;2,0;1;0,2385;0,6107;0,1508
6190;2020-11-22;T20-21;D1;Freiburg;Mainz;1;3;2,0;1;0,2545;0,5083;0,2372
35351;2020-11-22;T20-21;I1;Roma;Parma;3;0;1,0;1;0,1671;0,7325;0,1005
6191;2020-11-22;T20-21;D1;FC Koln;Union Berlin;1;2;2,0;2;0,2832;0,3531;0,3637
35354;2020-11-22;T20-21;I1;Udinese;Genoa;1;0;1,0;1;0,2915;0,4334;0,2751
35355;2020-11-22;T20-21;I1;Napoli;Milan;1;3;2,0;1;0,2695;0,4564;0,2741
35353;2020-11-22;T20-21;I1;Verona;Sassuolo;0;2;2,0;1;0,295;0,3889;0,3161
35350;2020-11-22;T20-21;I1;Inter;Torino;4;2;1,0;1;0,2166;0,6727;0,1107
35352;2020-11-22;T20-21;I1;Sampdoria;Bologna;1;2;2,0;1;0,272;0,5166;0,2114
16237;2020-11-23;T20-21;E0;Wolves;Southampton;1;1;0,0;1;0,3057;0,3887;0,3055
16236;2020-11-23;T20-21;E0;Burnley;Crystal Palace;1;0;1,0;2;0,2655;0,3187;0,4158
57960;2020-11-23;T20-21;SP2;Albacete;Almeria;1;2;2,0;2;0,2967;0,2942;0,4091
45469;2020-11-23;T20-21;SP1;Ath Bilbao;Betis;4;0;1,0;1;0,3232;0,4586;0,2182
57963;2020-11-24;T20-21;SP2;Lugo;Oviedo;0;0;0,0;1;0,2977;0,4616;0,2407
57962;2020-11-24;T20-21;SP2;Girona;Malaga;0;1;2,0;1;0,3146;0,4536;0,2318
57961;2020-11-24;T20-21;SP2;Castellon;Alcorcon;0;2;2,0;1;0,2905;0,483;0,2265
57964;2020-11-25;T20-21;SP2;Las Palmas;Mirandes;0;2;2,0;1;0,3092;0,4405;0,2503
57965;2020-11-25;T20-21;SP2;Sp Gijon;Sabadell;3;1;1,0;1;0,2297;0,6364;0,1339
57966;2020-11-25;T20-21;SP2;Zaragoza;Vallecano;1;2;2,0;1;0,3149;0,3547;0,3304
57967;2020-11-25;T20-21;SP2;Cartagena;Mallorca;1;2;2,0;1;0,3241;0,3591;0,3168
57968;2020-11-25;T20-21;SP2;Fuenlabrada;Ponferradina;1;1;0,0;1;0,3022;0,4873;0,2106
57969;2020-11-26;T20-21;SP2;Leganes;Espanol;2;0;1,0;1;0,3085;0,4206;0,2709
57970;2020-11-26;T20-21;SP2;Logrones;Albacete;2;0;1,0;1;0,2818;0,5505;0,1677
57971;2020-11-26;T20-21;SP2;Almeria;Tenerife;2;0;1,0;1;0,2846;0,5401;0,1752
45470;2020-11-27;T20-21;SP1;Valladolid;Levante;1;1;0,0;1;0,2773;0,447;0,2757
26783;2020-11-27;T20-21;F1;Strasbourg;Rennes;1;1;0,0;2;0,2767;0,2883;0,4349
57973;2020-11-27;T20-21;SP2;Malaga;Lugo;2;2;0,0;1;0,3235;0,4732;0,2033
6192;2020-11-27;T20-21;D1;Wolfsburg;Werder Bremen;5;3;1,0;1;0,3107;0,4252;0,2641
16238;2020-11-27;T20-21;E0;Crystal Palace;Newcastle;0;2;2,0;1;0,2872;0,4726;0,2403
57972;2020-11-27;T20-21;SP2;Alcorcon;Girona;1;0;1,0;1;0,3234;0,4037;0,2729
16240;2020-11-28;T20-21;E0;Man City;Burnley;5;0;1,0;1;0,1749;0,7055;0,1196
45474;2020-11-28;T20-21;SP1;Real Madrid;Alaves;1;2;2,0;1;0,1766;0,7289;0,0945
26785;2020-11-28;T20-21;F1;Paris SG;Bordeaux;2;2;0,0;1;0,1438;0,7602;0,096
16239;2020-11-28;T20-21;E0;Brighton;Liverpool;1;1;0,0;2;0,2138;0,1625;0,6236
35358;2020-11-28;T20-21;I1;Atalanta;Verona;0;2;2,0;1;0,2585;0,6008;0,1407
57974;2020-11-28;T20-21;SP2;Sabadell;Fuenlabrada;1;2;2,0;1;0,2853;0,3985;0,3162
35356;2020-11-28;T20-21;I1;Sassuolo;Inter;0;3;2,0;1;0,2799;0,3862;0,334
26784;2020-11-28;T20-21;F1;Marseille;Nantes;3;1;1,0;1;0,2497;0,6033;0,147
6196;2020-11-28;T20-21;D1;Stuttgart;Bayern Munich;1;3;2,0;2;0,238;0,1949;0,5671
6193;2020-11-28;T20-21;D1;Augsburg;Freiburg;1;1;0,0;1;0,26;0,5499;0,19
6194;2020-11-28;T20-21;D1;Dortmund;FC Koln;1;2;2,0;1;0,1166;0,8102;0,0732
45473;2020-11-28;T20-21;SP1;Huesca;Sevilla;0;1;2,0;2;0,272;0,2919;0,4361
6197;2020-11-28;T20-21;D1;Union Berlin;Ein Frankfurt;3;3;0,0;1;0,2498;0,5564;0,1938
45472;2020-11-28;T20-21;SP1;Valencia;Ath Madrid;0;1;2,0;2;0,2786;0,272;0,4494
57975;2020-11-28;T20-21;SP2;Vallecano;Cartagena;0;0;0,0;1;0,2702;0,599;0,1308
57976;2020-11-28;T20-21;SP2;Mirandes;Castellon;1;1;0,0;1;0,2955;0,5384;0,166
6198;2020-11-28;T20-21;D1;M'gladbach;Schalke 04;4;1;1,0;1;0,2653;0,4978;0,2369
35361;2020-11-29;T20-21;I1;Milan;Fiorentina;2;0;1,0;1;0,2048;0,6505;0,1446
35359;2020-11-29;T20-21;I1;Lazio;Udinese;1;3;2,0;1;0,2187;0,6442;0,137
6200;2020-11-29;T20-21;D1;Mainz;Hoffenheim;1;1;0,0;2;0,2655;0,2932;0,4413
57981;2020-11-29;T20-21;SP2;Las Palmas;Sp Gijon;3;2;1,0;2;0,3075;0,3376;0,355
57977;2020-11-29;T20-21;SP2;Albacete;Tenerife;0;2;2,0;1;0,3026;0,4055;0,2919
45477;2020-11-29;T20-21;SP1;Celta;Granada;3;1;1,0;1;0,2882;0,3792;0,3326
45476;2020-11-29;T20-21;SP1;Getafe;Ath Bilbao;1;1;0,0;1;0,3027;0,471;0,2263
6199;2020-11-29;T20-21;D1;Leverkusen;Hertha;0;0;0,0;1;0,1606;0,7277;0,1117
45475;2020-11-29;T20-21;SP1;Barcelona;Osasuna;4;0;1,0;1;0,2143;0,6146;0,1711
35363;2020-11-29;T20-21;I1;Napoli;Roma;4;0;1,0;1;0,2818;0,4197;0,2985
57978;2020-11-29;T20-21;SP2;Espanol;Zaragoza;2;0;1,0;1;0,2672;0,5506;0,1822
45478;2020-11-29;T20-21;SP1;Sociedad;Villarreal;1;1;0,0;1;0,2932;0,4774;0,2294
26792;2020-11-29;T20-21;F1;St Etienne;Lille;1;1;0,0;2;0,2907;0,2561;0,4531
26791;2020-11-29;T20-21;F1;Nice;Dijon;1;3;2,0;1;0,2342;0,6405;0,1253
26790;2020-11-29;T20-21;F1;Monaco;Nimes;3;0;1,0;1;0,1947;0,6769;0,1285
26789;2020-11-29;T20-21;F1;Metz;Brest;0;2;2,0;1;0,2859;0,5053;0,2088
26788;2020-11-29;T20-21;F1;Lorient;Montpellier;0;1;2,0;1;0,2891;0,3835;0,3274
26787;2020-11-29;T20-21;F1;Lens;Angers;1;3;2,0;1;0,2449;0,5822;0,1729
26786;2020-11-29;T20-21;F1;Lyon;Reims;3;0;1,0;1;0,2082;0,6456;0,1462
57979;2020-11-29;T20-21;SP2;Mallorca;Logrones;4;0;1,0;1;0,3212;0,4708;0,208
57980;2020-11-29;T20-21;SP2;Ponferradina;Leganes;3;2;1,0;1;0,3284;0,3764;0,2952
16243;2020-11-29;T20-21;E0;Southampton;Man United;2;3;2,0;2;0,2875;0,3233;0,3892
16244;2020-11-29;T20-21;E0;Chelsea;Tottenham;0;0;0,0;1;0,2817;0,4753;0,243
16245;2020-11-29;T20-21;E0;Arsenal;Wolves;1;2;2,0;1;0,2714;0,5512;0,1774
16247;2020-11-30;T20-21;E0;West Ham;Aston Villa;2;1;1,0;1;0,2858;0,4429;0,2713
45479;2020-11-30;T20-21;SP1;Betis;Eibar;0;2;2,0;1;0,3032;0,4712;0,2256
16246;2020-11-30;T20-21;E0;Leicester;Fulham;1;2;2,0;1;0,2162;0,6648;0,119
35365;2020-11-30;T20-21;I1;Genoa;Parma;1;2;2,0;1;0,2706;0,3916;0,3378
35364;2020-11-30;T20-21;I1;Torino;Sampdoria;2;2;0,0;1;0,2772;0,3907;0,3321
57982;2020-11-30;T20-21;SP2;Oviedo;Almeria;1;2;2,0;2;0,3165;0,2669;0,4166
57984;2020-12-01;T20-21;SP2;Girona;Mirandes;1;0;1,0;1;0,3104;0,461;0,2286
57983;2020-12-01;T20-21;SP2;Fuenlabrada;Malaga;0;2;2,0;1;0,3432;0,4236;0,2333
57988;2020-12-02;T20-21;SP2;Castellon;Zaragoza;1;0;1,0;1;0,2963;0,4231;0,2806
57989;2020-12-02;T20-21;SP2;Lugo;Las Palmas;1;1;0,0;1;0,3005;0,4714;0,2281
57986;2020-12-02;T20-21;SP2;Leganes;Vallecano;1;0;1,0;1;0,3297;0,4232;0,2471
57985;2020-12-02;T20-21;SP2;Cartagena;Espanol;1;3;2,0;2;0,326;0,2864;0,3876
57987;2020-12-02;T20-21;SP2;Logrones;Ponferradina;1;2;2,0;1;0,3108;0,4753;0,2139
57993;2020-12-03;T20-21;SP2;Sp Gijon;Albacete;0;0;0,0;1;0,2321;0,6215;0,1465
57991;2020-12-03;T20-21;SP2;Oviedo;Alcorcon;1;1;0,0;1;0,3103;0,4451;0,2446
57990;2020-12-03;T20-21;SP2;Almeria;Mallorca;0;1;2,0;1;0,3154;0,4592;0,2255
57992;2020-12-03;T20-21;SP2;Tenerife;Sabadell;1;2;2,0;1;0,2653;0,5606;0,1741
26793;2020-12-04;T20-21;F1;Nimes;Marseille;0;2;2,0;2;0,2607;0,2212;0,5181
45480;2020-12-04;T20-21;SP1;Ath Bilbao;Celta;0;2;2,0;1;0,286;0,529;0,185
6201;2020-12-04;T20-21;D1;Hertha;Union Berlin;3;1;1,0;1;0,2968;0,4127;0,2905
16250;2020-12-05;T20-21;E0;West Ham;Man United;1;3;2,0;2;0,2864;0,3408;0,3727
16249;2020-12-05;T20-21;E0;Man City;Fulham;2;0;1,0;1;0,1615;0,739;0,0995
35368;2020-12-05;T20-21;I1;Inter;Bologna;3;1;1,0;1;0,1939;0,7036;0,1024
35367;2020-12-05;T20-21;I1;Juventus;Torino;2;1;1,0;1;0,1782;0,7119;0,1099
16251;2020-12-05;T20-21;E0;Chelsea;Leeds;3;1;1,0;1;0,2198;0,6368;0,1434
26795;2020-12-05;T20-21;F1;Montpellier;Paris SG;1;3;2,0;2;0,2861;0,33;0,3839
45482;2020-12-05;T20-21;SP1;Sevilla;Real Madrid;0;1;2,0;1;0,2689;0,4292;0,3019
16248;2020-12-05;T20-21;E0;Burnley;Everton;1;1;0,0;2;0,2823;0,3302;0,3874
6203;2020-12-05;T20-21;D1;Ein Frankfurt;Dortmund;1;1;0,0;2;0,2366;0,2349;0,5285
6204;2020-12-05;T20-21;D1;FC Koln;Wolfsburg;2;2;0,0;2;0,2683;0,2375;0,4942
6205;2020-12-05;T20-21;D1;Freiburg;M'gladbach;2;2;0,0;2;0,2711;0,306;0,4229
6206;2020-12-05;T20-21;D1;Bayern Munich;RB Leipzig;3;3;0,0;1;0,2085;0,544;0,2475
45481;2020-12-05;T20-21;SP1;Levante;Getafe;3;0;1,0;1;0,2995;0,4065;0,294
26794;2020-12-05;T20-21;F1;Rennes;Lens;0;2;2,0;1;0,2904;0,5022;0,2074
45484;2020-12-05;T20-21;SP1;Cadiz;Barcelona;2;1;1,0;2;0,2461;0,2167;0,5372
45483;2020-12-05;T20-21;SP1;Ath Madrid;Valladolid;2;0;1,0;1;0,1483;0,7818;0,0699
57994;2020-12-05;T20-21;SP2;Vallecano;Logrones;2;1;1,0;1;0,2952;0,5063;0,1986
57995;2020-12-05;T20-21;SP2;Ponferradina;Las Palmas;0;0;0,0;1;0,3019;0,5103;0,1878
57996;2020-12-05;T20-21;SP2;Mirandes;Lugo;0;0;0,0;1;0,3311;0,4408;0,2281
57997;2020-12-05;T20-21;SP2;Malaga;Cartagena;1;2;2,0;1;0,2849;0,5617;0,1534
45486;2020-12-06;T20-21;SP1;Osasuna;Betis;0;2;2,0;1;0,2928;0,4553;0,2519
45488;2020-12-06;T20-21;SP1;Alaves;Sociedad;0;0;0,0;2;0,2872;0,2824;0,4303
16252;2020-12-06;T20-21;E0;West Brom;Crystal Palace;1;5;2,0;2;0,2773;0,345;0,3777
16253;2020-12-06;T20-21;E0;Sheffield United;Leicester;1;2;2,0;2;0,2868;0,292;0,4213
16254;2020-12-06;T20-21;E0;Tottenham;Arsenal;2;0;1,0;1;0,2394;0,6119;0,1488
45485;2020-12-06;T20-21;SP1;Granada;Huesca;3;3;0,0;1;0,2591;0,5752;0,1658
26799;2020-12-06;T20-21;F1;Dijon;St Etienne;0;0;0,0;1;0,2835;0,3986;0,3179
16255;2020-12-06;T20-21;E0;Liverpool;Wolves;4;0;1,0;1;0,187;0,7138;0,0993
26800;2020-12-06;T20-21;F1;Nantes;Strasbourg;0;4;2,0;1;0,2678;0,4878;0,2444
6207;2020-12-06;T20-21;D1;Werder Bremen;Stuttgart;1;2;2,0;1;0,279;0,4931;0,2279
6208;2020-12-06;T20-21;D1;Schalke 04;Leverkusen;0;3;2,0;2;0,2088;0,1906;0,6006
35373;2020-12-06;T20-21;I1;Sampdoria;Milan;1;2;2,0;2;0,2454;0,1913;0,5632
26796;2020-12-06;T20-21;F1;Lille;Monaco;2;1;1,0;1;0,2694;0,5668;0,1638
26797;2020-12-06;T20-21;F1;Angers;Lorient;2;0;1,0;1;0,2622;0,5682;0,1696
26798;2020-12-06;T20-21;F1;Bordeaux;Brest;1;0;1,0;1;0,282;0,5051;0,2129
35369;2020-12-06;T20-21;I1;Verona;Cagliari;1;1;0,0;1;0,2841;0,488;0,2278
26801;2020-12-06;T20-21;F1;Reims;Nice;0;0;0,0;1;0,296;0,4112;0,2929
26802;2020-12-06;T20-21;F1;Metz;Lyon;1;3;2,0;2;0,2994;0,239;0,4616
57998;2020-12-06;T20-21;SP2;Alcorcon;Almeria;0;1;2,0;2;0,3147;0,2764;0,409
35371;2020-12-06;T20-21;I1;Roma;Sassuolo;0;0;0,0;1;0,222;0,6437;0,1342
58000;2020-12-06;T20-21;SP2;Albacete;Girona;0;2;2,0;1;0,3038;0,372;0,3242
58001;2020-12-06;T20-21;SP2;Sabadell;Oviedo;0;1;2,0;1;0,283;0,4135;0,3035
58002;2020-12-06;T20-21;SP2;Zaragoza;Fuenlabrada;1;0;1,0;1;0,2992;0,371;0,3298
57999;2020-12-06;T20-21;SP2;Espanol;Sp Gijon;2;0;1,0;1;0,3008;0,4766;0,2226
16256;2020-12-07;T20-21;E0;Brighton;Southampton;1;2;2,0;2;0,2914;0,324;0,3846
58003;2020-12-07;T20-21;SP2;Tenerife;Leganes;0;0;0,0;1;0,3175;0,3956;0,287
58004;2020-12-07;T20-21;SP2;Mallorca;Castellon;3;1;1,0;1;0,238;0,6514;0,1105
45489;2020-12-07;T20-21;SP1;Eibar;Valencia;0;0;0,0;1;0,2827;0,3651;0,3522
6209;2020-12-07;T20-21;D1;Hoffenheim;Augsburg;3;1;1,0;1;0,2787;0,454;0,2673
35374;2020-12-07;T20-21;I1;Fiorentina;Genoa;1;1;0,0;1;0,2584;0,5374;0,2042
58005;2020-12-09;T20-21;SP2;Almeria;Zaragoza;1;0;1,0;1;0,2778;0,5466;0,1756
58006;2020-12-09;T20-21;SP2;Sabadell;Alcorcon;1;1;0,0;1;0,2921;0,4199;0,288
58007;2020-12-10;T20-21;SP2;Girona;Logrones;2;0;1,0;1;0,2761;0,5122;0,2117
58009;2020-12-11;T20-21;SP2;Oviedo;Tenerife;4;2;1,0;1;0,3175;0,4472;0,2353
58008;2020-12-11;T20-21;SP2;Lugo;Ponferradina;1;0;1,0;1;0,3069;0,4197;0,2734
35375;2020-12-11;T20-21;I1;Sassuolo;Benevento;1;0;1,0;1;0,2372;0,5851;0,1777
16257;2020-12-11;T20-21;E0;Leeds;West Ham;1;2;2,0;1;0,3018;0,4142;0,284
45490;2020-12-11;T20-21;SP1;Valladolid;Osasuna;3;2;1,0;1;0,2827;0,4159;0,3014
26803;2020-12-11;T20-21;F1;St Etienne;Angers;0;0;0,0;1;0,3064;0,3831;0,3105
6210;2020-12-11;T20-21;D1;Wolfsburg;Ein Frankfurt;2;1;1,0;1;0,2347;0,5747;0,1907
35376;2020-12-12;T20-21;I1;Crotone;Spezia;4;1;1,0;2;0,27;0,302;0,428
58010;2020-12-12;T20-21;SP2;Leganes;Mallorca;0;1;2,0;1;0,3078;0,4662;0,2261
45491;2020-12-12;T20-21;SP1;Valencia;Ath Bilbao;2;2;0,0;1;0,2882;0,4958;0,216
58012;2020-12-12;T20-21;SP2;Fuenlabrada;Mirandes;0;1;2,0;1;0,3104;0,4347;0,255
45493;2020-12-12;T20-21;SP1;Huesca;Alaves;1;0;1,0;1;0,2993;0,4074;0,2933
45492;2020-12-12;T20-21;SP1;Getafe;Sevilla;0;1;2,0;2;0,2974;0,3505;0,3521
58011;2020-12-12;T20-21;SP2;Castellon;Albacete;3;0;1,0;1;0,2634;0,5033;0,2333
35378;2020-12-12;T20-21;I1;Lazio;Verona;1;2;2,0;1;0,2668;0,5717;0,1615
35377;2020-12-12;T20-21;I1;Torino;Udinese;2;3;2,0;1;0,2824;0,3991;0,3185
45494;2020-12-12;T20-21;SP1;Real Madrid;Ath Madrid;2;0;1,0;1;0,2818;0,3848;0,3333
16259;2020-12-12;T20-21;E0;Newcastle;West Brom;2;1;1,0;1;0,2525;0,5808;0,1666
26805;2020-12-12;T20-21;F1;Lens;Montpellier;2;3;2,0;1;0,2933;0,5066;0,2
26804;2020-12-12;T20-21;F1;Marseille;Monaco;2;1;1,0;1;0,2806;0,5076;0,2118
16258;2020-12-12;T20-21;E0;Wolves;Aston Villa;0;1;2,0;1;0,2868;0,4533;0,2598
6211;2020-12-12;T20-21;D1;Dortmund;Stuttgart;1;5;2,0;1;0,1753;0,7053;0,1195
6215;2020-12-12;T20-21;D1;RB Leipzig;Werder Bremen;2;0;1,0;1;0,1928;0,681;0,1262
6214;2020-12-12;T20-21;D1;M'gladbach;Hertha;1;1;0,0;1;0,2814;0,5274;0,1911
6213;2020-12-12;T20-21;D1;Mainz;FC Koln;0;1;2,0;1;0,2658;0,3919;0,3422
6216;2020-12-12;T20-21;D1;Union Berlin;Bayern Munich;1;1;0,0;2;0,2201;0,2117;0,5681
16261;2020-12-12;T20-21;E0;Everton;Chelsea;1;0;1,0;2;0,3018;0,2973;0,4009
16260;2020-12-12;T20-21;E0;Man United;Man City;0;0;0,0;1;0,2846;0,3822;0,3331
6212;2020-12-12;T20-21;D1;Freiburg;Bielefeld;2;0;1,0;1;0,2703;0,5318;0,1979
35380;2020-12-13;T20-21;I1;Atalanta;Fiorentina;3;0;1,0;1;0,2725;0,4927;0,2348
35381;2020-12-13;T20-21;I1;Bologna;Roma;1;5;2,0;2;0,2492;0,2168;0,534
26808;2020-12-13;T20-21;F1;Lorient;Nimes;3;0;1,0;1;0,2883;0,4191;0,2926
6217;2020-12-13;T20-21;D1;Augsburg;Schalke 04;2;2;0,0;1;0,2702;0,4475;0,2824
6218;2020-12-13;T20-21;D1;Leverkusen;Hoffenheim;4;1;1,0;1;0,2051;0,64;0,1549
35379;2020-12-13;T20-21;I1;Cagliari;Inter;1;3;2,0;2;0,2357;0,1797;0,5845
35382;2020-12-13;T20-21;I1;Napoli;Sampdoria;2;1;1,0;1;0,159;0,7504;0,0906
35383;2020-12-13;T20-21;I1;Genoa;Juventus;1;3;2,0;2;0,2469;0,2028;0,5503
26806;2020-12-13;T20-21;F1;Nice;Rennes;0;1;2,0;1;0,3036;0,4517;0,2448
26807;2020-12-13;T20-21;F1;Brest;Reims;2;1;1,0;1;0,2669;0,4801;0,253
35384;2020-12-13;T20-21;I1;Milan;Parma;2;2;0,0;1;0,1797;0,7198;0,1004
26809;2020-12-13;T20-21;F1;Nantes;Dijon;1;1;0,0;1;0,2723;0,5195;0,2081
26811;2020-12-13;T20-21;F1;Lille;Bordeaux;2;1;1,0;1;0,2187;0,6639;0,1174
45496;2020-12-13;T20-21;SP1;Betis;Villarreal;1;1;0,0;2;0,2979;0,3424;0,3597
45497;2020-12-13;T20-21;SP1;Elche;Granada;0;1;2,0;1;0,2957;0,449;0,2554
45498;2020-12-13;T20-21;SP1;Barcelona;Levante;1;0;1,0;1;0,1838;0,679;0,1372
26810;2020-12-13;T20-21;F1;Strasbourg;Metz;2;2;0,0;1;0,2975;0,4338;0,2687
58017;2020-12-13;T20-21;SP2;Sp Gijon;Zaragoza;1;0;1,0;1;0,2858;0,5311;0,1831
58016;2020-12-13;T20-21;SP2;Cartagena;Sabadell;1;2;2,0;1;0,2705;0,4927;0,2367
45495;2020-12-13;T20-21;SP1;Sociedad;Eibar;1;1;0,0;1;0,2555;0,599;0,1455
58015;2020-12-13;T20-21;SP2;Las Palmas;Alcorcon;0;0;0,0;1;0,3168;0,4574;0,2257
16265;2020-12-13;T20-21;E0;Arsenal;Burnley;0;1;2,0;1;0,2293;0,5913;0,1794
16264;2020-12-13;T20-21;E0;Fulham;Liverpool;1;1;0,0;2;0,1926;0,1522;0,6551
58013;2020-12-13;T20-21;SP2;Logrones;Espanol;0;3;2,0;2;0,2974;0,2682;0,4345
16263;2020-12-13;T20-21;E0;Crystal Palace;Tottenham;1;1;0,0;2;0,2864;0,234;0,4796
16262;2020-12-13;T20-21;E0;Southampton;Sheffield United;3;0;1,0;1;0,225;0,6226;0,1524
26812;2020-12-13;T20-21;F1;Paris SG;Lyon;0;1;2,0;1;0,2386;0,5288;0,2326
58014;2020-12-13;T20-21;SP2;Almeria;Malaga;3;1;1,0;1;0,2915;0,5358;0,1727
16266;2020-12-13;T20-21;E0;Leicester;Brighton;3;0;1,0;1;0,2476;0,5941;0,1583
58018;2020-12-14;T20-21;SP2;Girona;Vallecano;0;0;0,0;1;0,3436;0,4059;0,2505
45499;2020-12-14;T20-21;SP1;Celta;Cadiz;4;0;1,0;1;0,2761;0,3844;0,3395
16267;2020-12-15;T20-21;E0;Wolves;Chelsea;2;1;1,0;2;0,2876;0,2674;0,445
45500;2020-12-15;T20-21;SP1;Real Madrid;Ath Bilbao;3;1;1,0;1;0,2073;0,676;0,1167
16268;2020-12-15;T20-21;E0;Man City;West Brom;1;1;0,0;1;0,1388;0,7867;0,0745
35385;2020-12-15;T20-21;I1;Udinese;Crotone;0;0;0,0;1;0,2653;0,5533;0,1815
35386;2020-12-15;T20-21;I1;Benevento;Lazio;1;1;0,0;2;0,2571;0,239;0,5039
6219;2020-12-15;T20-21;D1;Ein Frankfurt;M'gladbach;3;3;0,0;2;0,2672;0,3545;0,3783
6222;2020-12-15;T20-21;D1;Werder Bremen;Dortmund;1;2;2,0;2;0,2355;0,2258;0,5387
6221;2020-12-15;T20-21;D1;Stuttgart;Union Berlin;2;2;0,0;1;0,2738;0,4837;0,2425
6220;2020-12-15;T20-21;D1;Hertha;Mainz;0;0;0,0;1;0,2548;0,4945;0,2507
6223;2020-12-16;T20-21;D1;Schalke 04;Freiburg;0;2;2,0;1;0,2709;0,4254;0,3037
6224;2020-12-16;T20-21;D1;Bayern Munich;Wolfsburg;2;1;1,0;1;0,1896;0,6721;0,1382
35391;2020-12-16;T20-21;I1;Parma;Cagliari;0;0;0,0;1;0,2931;0,4482;0,2587
6226;2020-12-16;T20-21;D1;FC Koln;Leverkusen;0;4;2,0;2;0,2049;0,1609;0,6342
6227;2020-12-16;T20-21;D1;Hoffenheim;RB Leipzig;0;1;2,0;2;0,2356;0,2098;0,5545
26813;2020-12-16;T20-21;F1;Angers;Strasbourg;0;2;2,0;1;0,2799;0,5169;0,2033
16269;2020-12-16;T20-21;E0;Arsenal;Southampton;1;1;0,0;1;0,2735;0,4348;0,2917
35390;2020-12-16;T20-21;I1;Inter;Napoli;1;0;1,0;1;0,2843;0,4318;0,2839
26815;2020-12-16;T20-21;F1;Montpellier;Metz;0;2;2,0;1;0,2492;0,5944;0,1564
45501;2020-12-16;T20-21;SP1;Barcelona;Sociedad;2;1;1,0;1;0,2196;0,5525;0,2279
26816;2020-12-16;T20-21;F1;Nimes;Nice;0;2;2,0;1;0,296;0,4184;0,2855
26817;2020-12-16;T20-21;F1;Reims;Nantes;3;2;1,0;1;0,2869;0,4569;0,2561
26818;2020-12-16;T20-21;F1;Bordeaux;St Etienne;1;2;2,0;1;0,2794;0,5166;0,2039
26819;2020-12-16;T20-21;F1;Lyon;Brest;2;2;0,0;1;0,2077;0,694;0,0983
26820;2020-12-16;T20-21;F1;Monaco;Lens;0;3;2,0;1;0,2655;0,5243;0,2102
26821;2020-12-16;T20-21;F1;Paris SG;Lorient;2;0;1,0;1;0,1179;0,8197;0,0624
26822;2020-12-16;T20-21;F1;Rennes;Marseille;2;1;1,0;2;0,3139;0,2808;0,4053
26814;2020-12-16;T20-21;F1;Dijon;Lille;0;2;2,0;2;0,2625;0,2202;0,5173
16270;2020-12-16;T20-21;E0;Leeds;Newcastle;5;2;1,0;1;0,3034;0,4194;0,2772
6225;2020-12-16;T20-21;D1;Bielefeld;Augsburg;0;1;2,0;1;0,2774;0,3869;0,3357
16272;2020-12-16;T20-21;E0;Fulham;Brighton;0;0;0,0;1;0,27;0,4236;0,3063
16271;2020-12-16;T20-21;E0;Leicester;Everton;0;2;2,0;1;0,2904;0,475;0,2347
35393;2020-12-16;T20-21;I1;Verona;Sampdoria;1;2;2,0;1;0,271;0,4995;0,2295
35392;2020-12-16;T20-21;I1;Spezia;Bologna;2;2;0,0;1;0,2822;0,4219;0,2959
35388;2020-12-16;T20-21;I1;Fiorentina;Sassuolo;1;1;0,0;1;0,2743;0,3907;0,335
35389;2020-12-16;T20-21;I1;Genoa;Milan;2;2;0,0;2;0,1972;0,1534;0,6494
35387;2020-12-16;T20-21;I1;Juventus;Atalanta;1;1;0,0;1;0,209;0,6259;0,1651
16274;2020-12-16;T20-21;E0;West Ham;Crystal Palace;1;1;0,0;1;0,3012;0,4326;0,2661
16273;2020-12-16;T20-21;E0;Liverpool;Tottenham;2;1;1,0;1;0,2302;0,5691;0,2007
16276;2020-12-17;T20-21;E0;Sheffield United;Man United;2;3;2,0;2;0,2535;0,2024;0,5441
16275;2020-12-17;T20-21;E0;Aston Villa;Burnley;0;0;0,0;1;0,2507;0,5696;0,1797
35394;2020-12-17;T20-21;I1;Roma;Torino;3;1;1,0;1;0,1628;0,7421;0,0952
6228;2020-12-18;T20-21;D1;Union Berlin;Dortmund;2;1;1,0;2;0,2276;0,2282;0,5442
45502;2020-12-18;T20-21;SP1;Ath Bilbao;Huesca;2;0;1,0;1;0,2899;0,5166;0,1936
58019;2020-12-18;T20-21;SP2;Ponferradina;Oviedo;1;0;1,0;1;0,3031;0,4578;0,2391
58020;2020-12-19;T20-21;SP2;Sabadell;Castellon;1;1;0,0;1;0,3028;0,4639;0,2333
26824;2020-12-19;T20-21;F1;Marseille;Reims;1;1;0,0;1;0,2343;0,6268;0,139
58022;2020-12-19;T20-21;SP2;Zaragoza;Lugo;1;0;1,0;1;0,3156;0,3817;0,3027
58021;2020-12-19;T20-21;SP2;Mallorca;Fuenlabrada;2;3;2,0;1;0,2566;0,6156;0,1278
26823;2020-12-19;T20-21;F1;Metz;Lens;2;0;1,0;2;0,2828;0,3278;0,3894
35395;2020-12-19;T20-21;I1;Fiorentina;Verona;1;1;0,0;1;0,2889;0,4307;0,2804
6233;2020-12-19;T20-21;D1;Schalke 04;Bielefeld;0;1;2,0;1;0,2629;0,4833;0,2538
35396;2020-12-19;T20-21;I1;Sampdoria;Crotone;3;1;1,0;1;0,2568;0,5648;0,1784
35397;2020-12-19;T20-21;I1;Parma;Juventus;0;4;2,0;2;0,277;0,224;0,499
16279;2020-12-19;T20-21;E0;Everton;Arsenal;2;1;1,0;1;0,2768;0,5079;0,2153
6232;2020-12-19;T20-21;D1;RB Leipzig;FC Koln;0;0;0,0;1;0,1462;0,7672;0,0867
6231;2020-12-19;T20-21;D1;M'gladbach;Hoffenheim;1;2;2,0;1;0,2784;0,4612;0,2604
6230;2020-12-19;T20-21;D1;Mainz;Werder Bremen;0;1;2,0;2;0,2575;0,3347;0,4078
6229;2020-12-19;T20-21;D1;Augsburg;Ein Frankfurt;0;2;2,0;1;0,2683;0,469;0,2626
16278;2020-12-19;T20-21;E0;Southampton;Man City;0;1;2,0;2;0,2854;0,2838;0,4308
16277;2020-12-19;T20-21;E0;Crystal Palace;Liverpool;0;7;2,0;2;0,2493;0,1904;0,5604
6234;2020-12-19;T20-21;D1;Leverkusen;Bayern Munich;1;2;2,0;1;0,2469;0,439;0,3141
26825;2020-12-19;T20-21;F1;Nice;Lyon;1;4;2,0;2;0,3022;0,2549;0,443
16280;2020-12-19;T20-21;E0;Newcastle;Fulham;1;1;0,0;1;0,2674;0,5491;0,1834
45503;2020-12-19;T20-21;SP1;Ath Madrid;Elche;3;1;1,0;1;0,1865;0,7176;0,0959
45507;2020-12-19;T20-21;SP1;Sevilla;Valladolid;1;1;0,0;1;0,2068;0,6766;0,1167
45506;2020-12-19;T20-21;SP1;Osasuna;Villarreal;1;3;2,0;2;0,2874;0,3345;0,3781
45505;2020-12-19;T20-21;SP1;Levante;Sociedad;2;1;1,0;2;0,2908;0,3524;0,3568
45504;2020-12-19;T20-21;SP1;Barcelona;Valencia;2;2;0,0;1;0,2087;0,6186;0,1727
45510;2020-12-20;T20-21;SP1;Cadiz;Getafe;0;2;2,0;1;0,3078;0,4253;0,2669
45509;2020-12-20;T20-21;SP1;Granada;Betis;2;0;1,0;1;0,2894;0,5122;0,1984
45508;2020-12-20;T20-21;SP1;Celta;Alaves;2;0;1,0;1;0,2831;0,485;0,232
35403;2020-12-20;T20-21;I1;Atalanta;Roma;4;1;1,0;2;0,2511;0,2537;0,4952
6236;2020-12-20;T20-21;D1;Wolfsburg;Stuttgart;1;0;1,0;1;0,2415;0,5403;0,2182
26832;2020-12-20;T20-21;F1;Lille;Paris SG;0;0;0,0;1;0,2724;0,4597;0,2679
26831;2020-12-20;T20-21;F1;Lorient;Rennes;0;3;2,0;2;0,2957;0,3149;0,3894
26830;2020-12-20;T20-21;F1;Strasbourg;Bordeaux;0;2;2,0;1;0,2819;0,4043;0,3138
26829;2020-12-20;T20-21;F1;St Etienne;Nimes;2;2;0,0;1;0,2761;0,5165;0,2074
26828;2020-12-20;T20-21;F1;Nantes;Angers;1;1;0,0;1;0,2981;0,4227;0,2792
26827;2020-12-20;T20-21;F1;Dijon;Monaco;0;1;2,0;2;0,2729;0,3478;0,3793
45511;2020-12-20;T20-21;SP1;Eibar;Real Madrid;1;3;2,0;2;0,2547;0,2236;0,5217
26826;2020-12-20;T20-21;F1;Brest;Montpellier;2;2;0,0;1;0,2914;0,475;0,2336
6235;2020-12-20;T20-21;D1;Freiburg;Hertha;4;1;1,0;1;0,2771;0,4236;0,2993
58025;2020-12-20;T20-21;SP2;Vallecano;Las Palmas;2;0;1,0;1;0,3177;0,5165;0,1658
35401;2020-12-20;T20-21;I1;Inter;Spezia;2;1;1,0;1;0,1636;0,7505;0,0858
16283;2020-12-20;T20-21;E0;Man United;Leeds;6;2;1,0;1;0,2206;0,6268;0,1526
35400;2020-12-20;T20-21;I1;Cagliari;Udinese;1;1;0,0;1;0,2897;0,4412;0,2692
35399;2020-12-20;T20-21;I1;Benevento;Genoa;2;0;1,0;1;0,2777;0,4964;0,2259
16282;2020-12-20;T20-21;E0;Tottenham;Leicester;0;2;2,0;1;0,2455;0,5662;0,1883
16281;2020-12-20;T20-21;E0;Brighton;Sheffield United;1;1;0,0;1;0,261;0,5245;0,2145
35398;2020-12-20;T20-21;I1;Torino;Bologna;1;1;0,0;1;0,2696;0,399;0,3314
35404;2020-12-20;T20-21;I1;Lazio;Napoli;2;0;1,0;2;0,2478;0,2776;0,4746
35402;2020-12-20;T20-21;I1;Sassuolo;Milan;1;2;2,0;2;0,2857;0,2972;0,417
58026;2020-12-20;T20-21;SP2;Malaga;Logrones;0;0;0,0;1;0,2853;0,4944;0,2203
16284;2020-12-20;T20-21;E0;West Brom;Aston Villa;0;3;2,0;2;0,2865;0,324;0,3895
58024;2020-12-20;T20-21;SP2;Espanol;Almeria;2;1;1,0;1;0,3096;0,4286;0,2618
58023;2020-12-20;T20-21;SP2;Alcorcon;Cartagena;2;1;1,0;1;0,2948;0,4708;0,2344
16285;2020-12-21;T20-21;E0;Burnley;Wolves;2;1;1,0;1;0,282;0,368;0,35
58027;2020-12-21;T20-21;SP2;Mirandes;Albacete;0;2;2,0;1;0,2644;0,545;0,1906
58028;2020-12-21;T20-21;SP2;Sp Gijon;Leganes;1;1;0,0;1;0,3006;0,4795;0,2199
58029;2020-12-21;T20-21;SP2;Tenerife;Girona;2;0;1,0;1;0,3247;0,3878;0,2875
16286;2020-12-21;T20-21;E0;Chelsea;West Ham;3;0;1,0;1;0,2652;0,5875;0,1473
45517;2020-12-22;T20-21;SP1;Villarreal;Ath Bilbao;1;1;0,0;1;0,2399;0,6138;0,1463
45512;2020-12-22;T20-21;SP1;Elche;Osasuna;2;2;0,0;1;0,2726;0,4858;0,2416
45513;2020-12-22;T20-21;SP1;Valencia;Sevilla;0;1;2,0;1;0,2968;0,425;0,2782
45516;2020-12-22;T20-21;SP1;Valladolid;Barcelona;0;3;2,0;2;0,2609;0,2611;0,478
45514;2020-12-22;T20-21;SP1;Huesca;Levante;1;1;0,0;1;0,3046;0,4189;0,2765
45515;2020-12-22;T20-21;SP1;Sociedad;Ath Madrid;0;2;2,0;2;0,2895;0,2858;0,4247
35405;2020-12-22;T20-21;I1;Crotone;Parma;2;1;1,0;2;0,2765;0,3457;0,3778
35406;2020-12-22;T20-21;I1;Juventus;Fiorentina;0;3;2,0;1;0,1792;0,6872;0,1335
35407;2020-12-23;T20-21;I1;Verona;Inter;1;2;2,0;2;0,2244;0,1685;0,6072
35413;2020-12-23;T20-21;I1;Spezia;Genoa;1;2;2,0;1;0,2742;0,4999;0,2259
35414;2020-12-23;T20-21;I1;Udinese;Benevento;0;2;2,0;1;0,3059;0,4605;0,2336
35412;2020-12-23;T20-21;I1;Sampdoria;Sassuolo;2;3;2,0;1;0,3023;0,404;0,2937
35408;2020-12-23;T20-21;I1;Bologna;Atalanta;2;2;0,0;2;0,2423;0,2703;0,4874
35411;2020-12-23;T20-21;I1;Roma;Cagliari;3;2;1,0;1;0,1831;0,7188;0,0981
26842;2020-12-23;T20-21;F1;Paris SG;Strasbourg;4;0;1,0;1;0,1581;0,7556;0,0863
26841;2020-12-23;T20-21;F1;Montpellier;Lille;2;3;2,0;1;0,3281;0,3393;0,3326
26840;2020-12-23;T20-21;F1;Monaco;St Etienne;2;2;0,0;1;0,275;0,5426;0,1824
26839;2020-12-23;T20-21;F1;Lyon;Nantes;3;0;1,0;1;0,1696;0,7397;0,0906
26838;2020-12-23;T20-21;F1;Angers;Marseille;2;1;1,0;2;0,2953;0,2674;0,4373
26836;2020-12-23;T20-21;F1;Nimes;Dijon;1;3;2,0;1;0,2733;0,519;0,2076
26835;2020-12-23;T20-21;F1;Nice;Lorient;2;2;0,0;1;0,2378;0,607;0,1552
35410;2020-12-23;T20-21;I1;Napoli;Torino;1;1;0,0;1;0,1721;0,7233;0,1045
26834;2020-12-23;T20-21;F1;Lens;Brest;2;1;1,0;1;0,2923;0,5115;0,1962
26833;2020-12-23;T20-21;F1;Bordeaux;Reims;1;3;2,0;1;0,283;0,496;0,2209
35409;2020-12-23;T20-21;I1;Milan;Lazio;3;2;1,0;1;0,2444;0,5381;0,2175
45521;2020-12-23;T20-21;SP1;Betis;Cadiz;1;0;1,0;1;0,2725;0,3997;0,3278
45520;2020-12-23;T20-21;SP1;Alaves;Eibar;2;1;1,0;1;0,2925;0,4595;0,248
45519;2020-12-23;T20-21;SP1;Real Madrid;Granada;2;0;1,0;1;0,1873;0,7003;0,1124
45518;2020-12-23;T20-21;SP1;Getafe;Celta;1;1;0,0;1;0,3153;0,4452;0,2395
26837;2020-12-23;T20-21;F1;Rennes;Metz;1;0;1,0;1;0,3142;0,5102;0,1756
16290;2020-12-26;T20-21;E0;Arsenal;Chelsea;3;1;1,0;1;0,294;0,3578;0,3482
16287;2020-12-26;T20-21;E0;Leicester;Man United;2;2;0,0;2;0,2864;0,3159;0,3977
16288;2020-12-26;T20-21;E0;Aston Villa;Crystal Palace;3;0;1,0;1;0,2548;0,5163;0,2288
16291;2020-12-26;T20-21;E0;Man City;Newcastle;2;0;1,0;1;0,1601;0,754;0,0858
16289;2020-12-26;T20-21;E0;Fulham;Southampton;0;0;0,0;2;0,2614;0,3139;0,4246
16292;2020-12-26;T20-21;E0;Sheffield United;Everton;0;1;2,0;2;0,2924;0,3047;0,4029
16293;2020-12-27;T20-21;E0;Leeds;Burnley;1;0;1,0;1;0,2766;0,476;0,2474
16294;2020-12-27;T20-21;E0;West Ham;Brighton;2;2;0,0;1;0,2774;0,5264;0,1962
16295;2020-12-27;T20-21;E0;Liverpool;West Brom;1;1;0,0;1;0,1;0,8458;0,0542
16296;2020-12-27;T20-21;E0;Wolves;Tottenham;1;1;0,0;2;0,2897;0,3013;0,4091
16297;2020-12-28;T20-21;E0;Crystal Palace;Leicester;1;1;0,0;2;0,2771;0,2809;0,442
16298;2020-12-28;T20-21;E0;Chelsea;Aston Villa;1;1;0,0;1;0,2719;0,5574;0,1708
45525;2020-12-29;T20-21;SP1;Levante;Betis;4;3;1,0;1;0,2978;0,4685;0,2336
45523;2020-12-29;T20-21;SP1;Barcelona;Eibar;1;1;0,0;1;0,1633;0,7476;0,0891
45522;2020-12-29;T20-21;SP1;Sevilla;Villarreal;2;0;1,0;1;0,2845;0,4635;0,252
45524;2020-12-29;T20-21;SP1;Cadiz;Valladolid;0;0;0,0;1;0,282;0,4845;0,2335
16299;2020-12-29;T20-21;E0;Brighton;Arsenal;0;1;2,0;2;0,2713;0,3504;0,3782
16303;2020-12-29;T20-21;E0;Man United;Wolves;1;0;1,0;1;0,1956;0,6783;0,1261
16302;2020-12-29;T20-21;E0;West Brom;Leeds;0;5;2,0;2;0,2744;0,3216;0,404
16301;2020-12-29;T20-21;E0;Southampton;West Ham;0;0;0,0;1;0,2829;0,4862;0,2309
16300;2020-12-29;T20-21;E0;Burnley;Sheffield United;1;0;1,0;1;0,2669;0,5274;0,2058
45529;2020-12-30;T20-21;SP1;Elche;Real Madrid;1;1;0,0;2;0,2678;0,1973;0,5349
16304;2020-12-30;T20-21;E0;Newcastle;Liverpool;0;0;0,0;2;0,2293;0,1726;0,5981
45527;2020-12-30;T20-21;SP1;Ath Madrid;Getafe;1;0;1,0;1;0,1972;0,7121;0,0906
45526;2020-12-30;T20-21;SP1;Granada;Valencia;2;1;1,0;1;0,3017;0,4123;0,286
45528;2020-12-30;T20-21;SP1;Celta;Huesca;2;1;1,0;1;0,2584;0,5438;0,1977
45530;2020-12-31;T20-21;SP1;Ath Bilbao;Sociedad;0;1;2,0;1;0,307;0,3947;0,2983
45531;2020-12-31;T20-21;SP1;Osasuna;Alaves;1;1;0,0;1;0,3034;0,4146;0,282
16305;2021-01-01;T20-21;E0;Everton;West Ham;0;1;2,0;1;0,2556;0,5739;0,1705
16306;2021-01-01;T20-21;E0;Man United;Aston Villa;2;1;1,0;1;0,2257;0,6166;0,1576
16308;2021-01-02;T20-21;E0;Crystal Palace;Sheffield United;2;0;1,0;1;0,2563;0,5396;0,2041
16310;2021-01-02;T20-21;E0;West Brom;Arsenal;0;4;2,0;2;0,2549;0,2798;0,4653
45534;2021-01-02;T20-21;SP1;Getafe;Valladolid;0;1;2,0;1;0,2888;0,4851;0,2261
45535;2021-01-02;T20-21;SP1;Real Madrid;Celta;2;0;1,0;1;0,1761;0,7321;0,0918
45533;2021-01-02;T20-21;SP1;Betis;Sevilla;1;1;0,0;2;0,2911;0,3067;0,4022
16307;2021-01-02;T20-21;E0;Tottenham;Leeds;3;0;1,0;1;0,2342;0,5776;0,1882
16309;2021-01-02;T20-21;E0;Brighton;Wolves;3;3;0,0;1;0,2887;0,3848;0,3265
45532;2021-01-02;T20-21;SP1;Villarreal;Levante;2;1;1,0;1;0,2579;0,5915;0,1505
58030;2021-01-02;T20-21;SP2;Fuenlabrada;Leganes;0;0;0,0;1;0,3282;0,3882;0,2836
6237;2021-01-02;T20-21;D1;Bielefeld;M'gladbach;0;1;2,0;2;0,2523;0,2947;0,453
6238;2021-01-02;T20-21;D1;Ein Frankfurt;Leverkusen;2;1;1,0;2;0,2294;0,2007;0,5699
6239;2021-01-02;T20-21;D1;FC Koln;Augsburg;0;1;2,0;1;0,2795;0,4347;0,2858
6240;2021-01-02;T20-21;D1;Hoffenheim;Freiburg;1;3;2,0;1;0,2786;0,4763;0,245
6241;2021-01-02;T20-21;D1;Werder Bremen;Union Berlin;0;2;2,0;1;0,2874;0,4216;0,291
6242;2021-01-02;T20-21;D1;Hertha;Schalke 04;3;0;1,0;1;0,2823;0,4374;0,2803
6243;2021-01-02;T20-21;D1;Stuttgart;RB Leipzig;0;1;2,0;2;0,2484;0,2107;0,541
58031;2021-01-02;T20-21;SP2;Vallecano;Alcorcon;2;1;1,0;1;0,3102;0,5252;0,1645
58032;2021-01-02;T20-21;SP2;Logrones;Mirandes;2;1;1,0;1;0,3099;0,4197;0,2704
58033;2021-01-02;T20-21;SP2;Cartagena;Zaragoza;1;1;0,0;1;0,29;0,4273;0,2827
16311;2021-01-03;T20-21;E0;Newcastle;Leicester;1;2;2,0;2;0,2832;0,3098;0,4071
16312;2021-01-03;T20-21;E0;Chelsea;Man City;1;3;2,0;1;0,3014;0,3794;0,3192
45540;2021-01-03;T20-21;SP1;Huesca;Barcelona;0;1;2,0;2;0,2449;0,2351;0,52
35424;2021-01-03;T20-21;I1;Juventus;Udinese;4;1;1,0;1;0,1843;0,7145;0,1012
35423;2021-01-03;T20-21;I1;Benevento;Milan;0;2;2,0;2;0,2315;0,1769;0,5916
45539;2021-01-03;T20-21;SP1;Sociedad;Osasuna;1;1;0,0;1;0,2328;0,6169;0,1503
45538;2021-01-03;T20-21;SP1;Eibar;Granada;2;0;1,0;1;0,2939;0,4156;0,2905
6244;2021-01-03;T20-21;D1;Dortmund;Wolfsburg;2;0;1,0;1;0,247;0,5268;0,2262
6245;2021-01-03;T20-21;D1;Bayern Munich;Mainz;5;2;1,0;1;0,1101;0,8301;0,0599
35422;2021-01-03;T20-21;I1;Spezia;Verona;0;1;2,0;1;0,3058;0,3898;0,3044
35421;2021-01-03;T20-21;I1;Roma;Sampdoria;1;0;1,0;1;0,1739;0,7238;0,1023
35419;2021-01-03;T20-21;I1;Genoa;Lazio;1;1;0,0;2;0,247;0,2397;0,5134
35420;2021-01-03;T20-21;I1;Parma;Torino;0;3;2,0;1;0,2701;0,4944;0,2355
35417;2021-01-03;T20-21;I1;Cagliari;Napoli;1;4;2,0;2;0,2449;0,1853;0,5698
45537;2021-01-03;T20-21;SP1;Alaves;Ath Madrid;1;2;2,0;2;0,2493;0,186;0,5647
45536;2021-01-03;T20-21;SP1;Ath Bilbao;Elche;1;0;1,0;1;0,3144;0,4586;0,2271
35416;2021-01-03;T20-21;I1;Atalanta;Sassuolo;5;1;1,0;1;0,2665;0,5597;0,1738
35415;2021-01-03;T20-21;I1;Inter;Crotone;6;2;1,0;1;0,14;0,7932;0,0668
58034;2021-01-03;T20-21;SP2;Castellon;Tenerife;0;1;2,0;1;0,3056;0,4455;0,2489
58035;2021-01-03;T20-21;SP2;Las Palmas;Espanol;1;0;1,0;2;0,2933;0,2614;0,4453
58036;2021-01-03;T20-21;SP2;Albacete;Malaga;1;1;0,0;1;0,2999;0,3647;0,3354
58037;2021-01-03;T20-21;SP2;Almeria;Ponferradina;3;1;1,0;1;0,2727;0,5627;0,1646
58038;2021-01-03;T20-21;SP2;Oviedo;Mallorca;2;2;0,0;2;0,3066;0,328;0,3654
35418;2021-01-03;T20-21;I1;Fiorentina;Bologna;0;0;0,0;1;0,2766;0,4593;0,2641
58040;2021-01-04;T20-21;SP2;Lugo;Sp Gijon;0;0;0,0;1;0,2942;0,3792;0,3266
16313;2021-01-04;T20-21;E0;Southampton;Liverpool;1;0;1,0;2;0,2745;0,2111;0,5144
45541;2021-01-04;T20-21;SP1;Valencia;Cadiz;1;1;0,0;1;0,2709;0,4956;0,2335
58039;2021-01-04;T20-21;SP2;Girona;Sabadell;0;0;0,0;1;0,2804;0,534;0,1856
35428;2021-01-06;T20-21;I1;Crotone;Roma;1;3;2,0;2;0,2118;0,1785;0,6097
26847;2021-01-06;T20-21;F1;Strasbourg;Nimes;5;0;1,0;1;0,2594;0,5151;0,2255
26848;2021-01-06;T20-21;F1;Lille;Angers;1;2;2,0;1;0,201;0,709;0,09
26849;2021-01-06;T20-21;F1;Lyon;Lens;3;2;1,0;1;0,2102;0,6593;0,1306
26850;2021-01-06;T20-21;F1;Marseille;Montpellier;3;1;1,0;1;0,247;0,578;0,175
26851;2021-01-06;T20-21;F1;Reims;Dijon;0;0;0,0;1;0,273;0,5288;0,1982
26852;2021-01-06;T20-21;F1;St Etienne;Paris SG;1;1;0,0;2;0,2261;0,1751;0,5988
45542;2021-01-06;T20-21;SP1;Ath Bilbao;Barcelona;2;3;2,0;2;0,2876;0,2508;0,4617
26846;2021-01-06;T20-21;F1;Nantes;Rennes;0;0;0,0;2;0,2981;0,2927;0,4092
26845;2021-01-06;T20-21;F1;Metz;Bordeaux;0;0;0,0;1;0,3035;0,3982;0,2983
26843;2021-01-06;T20-21;F1;Brest;Nice;2;0;1,0;1;0,2815;0,4824;0,236
35429;2021-01-06;T20-21;I1;Lazio;Fiorentina;2;1;1,0;1;0,2671;0,5008;0,232
35427;2021-01-06;T20-21;I1;Bologna;Udinese;2;2;0,0;1;0,2742;0,4662;0,2596
35426;2021-01-06;T20-21;I1;Atalanta;Parma;3;0;1,0;1;0,1965;0,6639;0,1395
35425;2021-01-06;T20-21;I1;Cagliari;Benevento;1;2;2,0;1;0,2834;0,3765;0,34
35430;2021-01-06;T20-21;I1;Sampdoria;Inter;2;1;1,0;2;0,1925;0,1366;0,6709
35431;2021-01-06;T20-21;I1;Sassuolo;Genoa;2;1;1,0;1;0,2329;0,6219;0,1453
35432;2021-01-06;T20-21;I1;Torino;Verona;1;1;0,0;1;0,2883;0,3977;0,314
35433;2021-01-06;T20-21;I1;Napoli;Spezia;1;2;2,0;1;0,1966;0,6872;0,1162
26844;2021-01-06;T20-21;F1;Lorient;Monaco;2;5;2,0;2;0,2639;0,3387;0,3974
35434;2021-01-06;T20-21;I1;Milan;Juventus;1;3;2,0;1;0,2738;0,4619;0,2643
45543;2021-01-08;T20-21;SP1;Celta;Villarreal;0;4;2,0;1;0,2935;0,3543;0,3522
58041;2021-01-08;T20-21;SP2;Zaragoza;Logrones;2;0;1,0;1;0,2886;0,4335;0,2779
6246;2021-01-08;T20-21;D1;M'gladbach;Bayern Munich;3;2;1,0;2;0,232;0,2198;0,5482
6250;2021-01-09;T20-21;D1;Schalke 04;Hoffenheim;4;0;1,0;2;0,2701;0,3406;0,3893
58042;2021-01-09;T20-21;SP2;Malaga;Oviedo;1;1;0,0;1;0,3197;0,4391;0,2412
26862;2021-01-09;T20-21;F1;Rennes;Lyon;2;2;0,0;2;0,3367;0,3059;0,3574
26861;2021-01-09;T20-21;F1;Reims;St Etienne;3;1;1,0;1;0,3031;0,433;0,2639
45546;2021-01-09;T20-21;SP1;Osasuna;Real Madrid;0;0;0,0;2;0,2305;0,1843;0,5852
45545;2021-01-09;T20-21;SP1;Granada;Barcelona;0;4;2,0;2;0,2796;0,2607;0,4597
45544;2021-01-09;T20-21;SP1;Sevilla;Sociedad;3;2;1,0;1;0,2545;0,5583;0,1872
6247;2021-01-09;T20-21;D1;Freiburg;FC Koln;5;0;1,0;1;0,2532;0,549;0,1978
6248;2021-01-09;T20-21;D1;Leverkusen;Werder Bremen;1;1;0,0;1;0,1989;0,6526;0,1485
6249;2021-01-09;T20-21;D1;Mainz;Ein Frankfurt;0;2;2,0;2;0,264;0,3179;0,4181
6251;2021-01-09;T20-21;D1;Union Berlin;Wolfsburg;2;2;0,0;1;0,2962;0,4267;0,2771
26860;2021-01-09;T20-21;F1;Paris SG;Brest;3;0;1,0;1;0,1404;0,7842;0,0755
26857;2021-01-09;T20-21;F1;Monaco;Angers;3;0;1,0;1;0,268;0,5511;0,1809
26858;2021-01-09;T20-21;F1;Montpellier;Nantes;1;1;0,0;1;0,2758;0,5451;0,1791
26859;2021-01-09;T20-21;F1;Nimes;Lille;0;1;2,0;2;0,2541;0,2118;0,5342
35436;2021-01-09;T20-21;I1;Genoa;Bologna;2;0;1,0;1;0,2815;0,3882;0,3303
35435;2021-01-09;T20-21;I1;Benevento;Atalanta;1;4;2,0;2;0,2586;0,26;0,4814
26853;2021-01-09;T20-21;F1;Bordeaux;Lorient;2;1;1,0;1;0,2521;0,5712;0,1767
35437;2021-01-09;T20-21;I1;Milan;Torino;2;0;1,0;1;0,1769;0,7326;0,0906
26855;2021-01-09;T20-21;F1;Lens;Strasbourg;0;1;2,0;1;0,2595;0,5439;0,1966
26856;2021-01-09;T20-21;F1;Metz;Nice;1;1;0,0;1;0,2828;0,4657;0,2515
6252;2021-01-09;T20-21;D1;RB Leipzig;Dortmund;1;3;2,0;1;0,2358;0,5469;0,2174
26854;2021-01-09;T20-21;F1;Dijon;Marseille;0;0;0,0;2;0,2395;0,2157;0,5448
35443;2021-01-10;T20-21;I1;Juventus;Sassuolo;3;1;1,0;1;0,1727;0,7126;0,1146
35438;2021-01-10;T20-21;I1;Roma;Inter;2;2;0,0;1;0,269;0,4037;0,3273
35439;2021-01-10;T20-21;I1;Parma;Lazio;0;2;2,0;2;0,2653;0,2578;0,4768
35440;2021-01-10;T20-21;I1;Udinese;Napoli;1;2;2,0;2;0,263;0,2117;0,5253
45549;2021-01-10;T20-21;SP1;Valladolid;Valencia;0;1;2,0;1;0,2759;0,3933;0,3308
58043;2021-01-10;T20-21;SP2;Mallorca;Las Palmas;0;1;2,0;1;0,2547;0,6218;0,1235
58044;2021-01-10;T20-21;SP2;Tenerife;Cartagena;3;0;1,0;1;0,3048;0,47;0,2252
58045;2021-01-10;T20-21;SP2;Espanol;Castellon;2;0;1,0;1;0,1996;0,708;0,0924
35442;2021-01-10;T20-21;I1;Fiorentina;Cagliari;1;0;1,0;1;0,2758;0,4917;0,2325
35441;2021-01-10;T20-21;I1;Verona;Crotone;2;1;1,0;1;0,2557;0,566;0,1783
45547;2021-01-10;T20-21;SP1;Levante;Eibar;2;1;1,0;1;0,289;0,4691;0,2419
45548;2021-01-10;T20-21;SP1;Cadiz;Alaves;3;1;1,0;1;0,3153;0,446;0,2387
6254;2021-01-10;T20-21;D1;Bielefeld;Hertha;1;0;1,0;2;0,2755;0,3369;0,3876
6253;2021-01-10;T20-21;D1;Augsburg;Stuttgart;1;4;2,0;1;0,2907;0,4313;0,278
45550;2021-01-11;T20-21;SP1;Elche;Getafe;1;3;2,0;1;0,3159;0,4199;0,2642
45551;2021-01-11;T20-21;SP1;Huesca;Betis;0;2;2,0;1;0,2883;0,4044;0,3074
58048;2021-01-11;T20-21;SP2;Sabadell;Lugo;1;1;0,0;1;0,3089;0,4187;0,2724
58047;2021-01-11;T20-21;SP2;Sp Gijon;Fuenlabrada;2;1;1,0;1;0,2965;0,5148;0,1887
58046;2021-01-11;T20-21;SP2;Ponferradina;Girona;1;1;0,0;1;0,3275;0,4203;0,2521
35444;2021-01-11;T20-21;I1;Spezia;Sampdoria;2;1;1,0;1;0,2925;0,3891;0,3184
45552;2021-01-12;T20-21;SP1;Granada;Osasuna;2;0;1,0;1;0,2735;0,5054;0,2211
45553;2021-01-12;T20-21;SP1;Ath Madrid;Sevilla;2;0;1,0;1;0,2669;0,5392;0,1939
16316;2021-01-12;T20-21;E0;Wolves;Everton;1;2;2,0;1;0,3091;0,352;0,339
16315;2021-01-12;T20-21;E0;Burnley;Man United;0;1;2,0;2;0,2342;0,1673;0,5985
16314;2021-01-12;T20-21;E0;Sheffield United;Newcastle;1;0;1,0;1;0,2824;0,3963;0,3213
16317;2021-01-13;T20-21;E0;Man City;Brighton;1;0;1,0;1;0,1496;0,7774;0,073
16318;2021-01-13;T20-21;E0;Tottenham;Fulham;1;1;0,0;1;0,1998;0,7051;0,095
16319;2021-01-14;T20-21;E0;Arsenal;Crystal Palace;0;0;0,0;1;0,2549;0,5307;0,2144
35445;2021-01-15;T20-21;I1;Lazio;Roma;3;0;1,0;2;0,2568;0,3454;0,3978
6255;2021-01-15;T20-21;D1;Union Berlin;Leverkusen;1;0;1,0;2;0,2751;0,2744;0,4506
26863;2021-01-15;T20-21;F1;Montpellier;Monaco;2;3;2,0;1;0,2997;0,3783;0,322
6260;2021-01-16;T20-21;D1;Wolfsburg;RB Leipzig;2;2;0,0;2;0,2819;0,2913;0,4268
6258;2021-01-16;T20-21;D1;Hoffenheim;Bielefeld;0;0;0,0;1;0,2803;0,5209;0,1988
6261;2021-01-16;T20-21;D1;Stuttgart;M'gladbach;2;2;0,0;2;0,29;0,3542;0,3559
6259;2021-01-16;T20-21;D1;Werder Bremen;Augsburg;2;0;1,0;1;0,2772;0,4631;0,2597
6257;2021-01-16;T20-21;D1;FC Koln;Hertha;0;0;0,0;2;0,2736;0,3594;0,367
35446;2021-01-16;T20-21;I1;Bologna;Verona;1;0;1,0;1;0,3043;0,4057;0,29
35448;2021-01-16;T20-21;I1;Sampdoria;Udinese;2;1;1,0;1;0,2871;0,482;0,2309
35447;2021-01-16;T20-21;I1;Torino;Spezia;0;0;0,0;1;0,2758;0,408;0,3163
16320;2021-01-16;T20-21;E0;Wolves;West Brom;2;3;2,0;1;0,2431;0,587;0,1699
16321;2021-01-16;T20-21;E0;Leeds;Brighton;0;1;2,0;1;0,2454;0,5359;0,2187
16322;2021-01-16;T20-21;E0;West Ham;Burnley;1;0;1,0;1;0,2843;0,5076;0,2081
16323;2021-01-16;T20-21;E0;Fulham;Chelsea;0;1;2,0;2;0,2542;0,2619;0,4838
16324;2021-01-16;T20-21;E0;Leicester;Southampton;2;0;1,0;1;0,2958;0,4904;0,2138
26864;2021-01-16;T20-21;F1;Marseille;Nimes;1;2;2,0;1;0,1967;0,6851;0,1182
26865;2021-01-16;T20-21;F1;Angers;Paris SG;0;1;2,0;2;0,2774;0,236;0,4866
6256;2021-01-16;T20-21;D1;Dortmund;Mainz;1;1;0,0;1;0,1526;0,7397;0,1077
35451;2021-01-17;T20-21;I1;Sassuolo;Parma;1;1;0,0;1;0,23;0,6054;0,1646
26866;2021-01-17;T20-21;F1;Brest;Rennes;1;2;2,0;1;0,3149;0,3767;0,3084
35453;2021-01-17;T20-21;I1;Inter;Juventus;2;0;1,0;1;0,2667;0,5167;0,2165
26871;2021-01-17;T20-21;F1;Lyon;Metz;0;1;2,0;1;0,1872;0,7182;0,0946
26870;2021-01-17;T20-21;F1;Lille;Reims;2;1;1,0;1;0,1958;0,7081;0,0961
26869;2021-01-17;T20-21;F1;Strasbourg;St Etienne;1;0;1,0;1;0,2874;0,4202;0,2924
35452;2021-01-17;T20-21;I1;Atalanta;Genoa;0;0;0,0;1;0,184;0,7122;0,1038
35450;2021-01-17;T20-21;I1;Crotone;Benevento;4;1;1,0;2;0,2607;0,3283;0,411
26867;2021-01-17;T20-21;F1;Nantes;Lens;1;1;0,0;1;0,2874;0,3848;0,3278
6262;2021-01-17;T20-21;D1;Bayern Munich;Freiburg;2;1;1,0;1;0,1386;0,7899;0,0715
16325;2021-01-17;T20-21;E0;Sheffield United;Tottenham;1;3;2,0;2;0,2779;0,2764;0,4457
16326;2021-01-17;T20-21;E0;Liverpool;Man United;0;0;0,0;1;0,2426;0,4923;0,2651
16327;2021-01-17;T20-21;E0;Man City;Crystal Palace;4;0;1,0;1;0,1359;0,7883;0,0758
26868;2021-01-17;T20-21;F1;Nice;Bordeaux;0;3;2,0;1;0,3045;0,4127;0,2828
35449;2021-01-17;T20-21;I1;Napoli;Fiorentina;6;0;1,0;1;0,2445;0,5962;0,1593
6263;2021-01-17;T20-21;D1;Ein Frankfurt;Schalke 04;3;1;1,0;1;0,2691;0,4873;0,2436
35454;2021-01-18;T20-21;I1;Cagliari;Milan;0;2;2,0;2;0,2252;0,1746;0,6002
16328;2021-01-18;T20-21;E0;Arsenal;Newcastle;3;0;1,0;1;0,257;0,5601;0,1829
45554;2021-01-19;T20-21;SP1;Cadiz;Levante;2;2;0,0;1;0,3022;0,452;0,2458
16330;2021-01-19;T20-21;E0;Leicester;Chelsea;2;0;1,0;1;0,2901;0,4372;0,2727
6267;2021-01-19;T20-21;D1;Mainz;Wolfsburg;0;2;2,0;2;0,249;0,2695;0,4815
6266;2021-01-19;T20-21;D1;Leverkusen;Dortmund;2;1;1,0;1;0,2612;0,4481;0,2907
6265;2021-01-19;T20-21;D1;Hertha;Hoffenheim;0;3;2,0;1;0,2887;0,3704;0,3409
16329;2021-01-19;T20-21;E0;West Ham;West Brom;2;1;1,0;1;0,2403;0,5904;0,1692
58049;2021-01-19;T20-21;SP2;Mirandes;Vallecano;0;2;2,0;1;0,3336;0,3514;0,315
6264;2021-01-19;T20-21;D1;M'gladbach;Werder Bremen;1;0;1,0;1;0,3059;0,467;0,2271
45555;2021-01-19;T20-21;SP1;Valladolid;Elche;2;2;0,0;1;0,2902;0,4577;0,252
45556;2021-01-19;T20-21;SP1;Alaves;Sevilla;1;2;2,0;2;0,2803;0,313;0,4067
6270;2021-01-20;T20-21;D1;Bielefeld;Stuttgart;3;0;1,0;2;0,2766;0,3416;0,3818
16331;2021-01-20;T20-21;E0;Man City;Aston Villa;2;0;1,0;1;0,1602;0,7556;0,0841
45558;2021-01-20;T20-21;SP1;Betis;Celta;2;1;1,0;1;0,2979;0,4608;0,2414
6269;2021-01-20;T20-21;D1;Augsburg;Bayern Munich;0;1;2,0;2;0,2144;0,1728;0,6127
45559;2021-01-20;T20-21;SP1;Villarreal;Granada;2;2;0,0;1;0,23;0,6211;0,1489
6268;2021-01-20;T20-21;D1;Schalke 04;FC Koln;1;2;2,0;1;0,2574;0,4539;0,2887
35455;2021-01-20;T20-21;I1;Udinese;Atalanta;1;1;0,0;2;0,2483;0,23;0,5217
16332;2021-01-20;T20-21;E0;Fulham;Man United;1;2;2,0;2;0,2299;0,1688;0,6014
6272;2021-01-20;T20-21;D1;RB Leipzig;Union Berlin;1;0;1,0;1;0,2278;0,6302;0,1421
6271;2021-01-20;T20-21;D1;Freiburg;Ein Frankfurt;2;2;0,0;1;0,2802;0,4434;0,2764
45557;2021-01-20;T20-21;SP1;Getafe;Huesca;1;0;1,0;1;0,2781;0,5158;0,2061
26872;2021-01-20;T20-21;F1;Marseille;Lens;0;1;2,0;1;0,2436;0,5782;0,1782
45560;2021-01-21;T20-21;SP1;Valencia;Osasuna;1;1;0,0;1;0,2677;0,5327;0,1996
45561;2021-01-21;T20-21;SP1;Eibar;Ath Madrid;1;2;2,0;2;0,2304;0,1812;0,5884
16333;2021-01-21;T20-21;E0;Liverpool;Burnley;0;1;2,0;1;0,1527;0,7698;0,0775
6273;2021-01-22;T20-21;D1;M'gladbach;Dortmund;4;2;1,0;2;0,2794;0,3569;0,3637
45562;2021-01-22;T20-21;SP1;Levante;Valladolid;2;2;0,0;1;0,2915;0,4772;0,2313
35456;2021-01-22;T20-21;I1;Benevento;Torino;2;2;0,0;1;0,2804;0,4666;0,253
58050;2021-01-22;T20-21;SP2;Fuenlabrada;Alcorcon;0;0;0,0;1;0,3384;0,4335;0,2281
58051;2021-01-22;T20-21;SP2;Albacete;Zaragoza;1;0;1,0;1;0,2854;0,3939;0,3207
26873;2021-01-22;T20-21;F1;Paris SG;Montpellier;4;0;1,0;1;0,1267;0,8008;0,0725
26874;2021-01-23;T20-21;F1;Lens;Nice;0;1;2,0;1;0,2809;0,5183;0,2007
26875;2021-01-23;T20-21;F1;Monaco;Marseille;3;1;1,0;1;0,2706;0,4811;0,2483
6279;2021-01-23;T20-21;D1;Hertha;Werder Bremen;1;4;2,0;1;0,2856;0,3916;0,3228
6278;2021-01-23;T20-21;D1;Mainz;RB Leipzig;3;2;1,0;2;0,2034;0,1585;0,6381
6277;2021-01-23;T20-21;D1;Leverkusen;Wolfsburg;0;1;2,0;1;0,2707;0,546;0,1834
6276;2021-01-23;T20-21;D1;Freiburg;Stuttgart;2;1;1,0;1;0,2658;0,4553;0,279
6275;2021-01-23;T20-21;D1;Bielefeld;Ein Frankfurt;1;5;2,0;1;0,282;0,3632;0,3548
6274;2021-01-23;T20-21;D1;Augsburg;Union Berlin;2;1;1,0;1;0,2973;0,4103;0,2923
58052;2021-01-23;T20-21;SP2;Vallecano;Mallorca;1;3;2,0;1;0,3139;0,4361;0,25
58053;2021-01-23;T20-21;SP2;Girona;Espanol;1;0;1,0;2;0,3128;0,2998;0,3874
58054;2021-01-23;T20-21;SP2;Lugo;Tenerife;2;0;1,0;1;0,3084;0,4363;0,2553
58055;2021-01-23;T20-21;SP2;Malaga;Ponferradina;0;2;2,0;1;0,3128;0,4415;0,2457
45565;2021-01-23;T20-21;SP1;Sociedad;Betis;2;2;0,0;1;0,2974;0,5133;0,1893
45563;2021-01-23;T20-21;SP1;Huesca;Villarreal;0;0;0,0;2;0,2706;0,2604;0,469
16334;2021-01-23;T20-21;E0;Aston Villa;Newcastle;2;0;1,0;1;0,2714;0,5357;0,1929
45566;2021-01-23;T20-21;SP1;Alaves;Real Madrid;1;4;2,0;2;0,2556;0,2054;0,539
45564;2021-01-23;T20-21;SP1;Sevilla;Cadiz;3;0;1,0;1;0,2436;0,5991;0,1573
35457;2021-01-23;T20-21;I1;Roma;Spezia;4;3;1,0;1;0,1952;0,6965;0,1084
35460;2021-01-23;T20-21;I1;Fiorentina;Crotone;2;1;1,0;1;0,2665;0,5371;0,1964
35459;2021-01-23;T20-21;I1;Udinese;Inter;0;0;0,0;2;0,1991;0,1394;0,6615
35458;2021-01-23;T20-21;I1;Milan;Atalanta;0;3;2,0;1;0,2481;0,5424;0,2095
35462;2021-01-24;T20-21;I1;Genoa;Cagliari;1;0;1,0;1;0,2727;0,4523;0,275
35463;2021-01-24;T20-21;I1;Verona;Napoli;3;1;1,0;2;0,2418;0,1811;0,577
35464;2021-01-24;T20-21;I1;Lazio;Sassuolo;2;1;1,0;1;0,2277;0,616;0,1564
35465;2021-01-24;T20-21;I1;Parma;Sampdoria;0;2;2,0;1;0,2737;0,4175;0,3087
58057;2021-01-24;T20-21;SP2;Logrones;Oviedo;0;0;0,0;1;0,3078;0,4453;0,2469
45570;2021-01-24;T20-21;SP1;Ath Madrid;Valencia;3;1;1,0;1;0,2197;0,6556;0,1247
58058;2021-01-24;T20-21;SP2;Castellon;Sp Gijon;2;0;1,0;1;0,2876;0,3744;0,338
6281;2021-01-24;T20-21;D1;Hoffenheim;FC Koln;3;0;1,0;1;0,2586;0,5079;0,2335
45567;2021-01-24;T20-21;SP1;Osasuna;Granada;3;1;1,0;1;0,2719;0,4294;0,2987
45568;2021-01-24;T20-21;SP1;Elche;Barcelona;0;2;2,0;2;0,2338;0,1851;0,5812
45569;2021-01-24;T20-21;SP1;Celta;Eibar;1;1;0,0;1;0,2931;0,4835;0,2234
35461;2021-01-24;T20-21;I1;Juventus;Bologna;2;0;1,0;1;0,1648;0,7368;0,0983
6280;2021-01-24;T20-21;D1;Schalke 04;Bayern Munich;0;4;2,0;2;0,2168;0,1777;0,6054
26876;2021-01-24;T20-21;F1;Bordeaux;Angers;2;1;1,0;1;0,2878;0,4885;0,2237
58056;2021-01-24;T20-21;SP2;Almeria;Sabadell;2;2;0,0;1;0,2289;0,6406;0,1305
26878;2021-01-24;T20-21;F1;Metz;Nantes;2;0;1,0;1;0,2975;0,4784;0,2241
26879;2021-01-24;T20-21;F1;Reims;Brest;1;0;1,0;1;0,2935;0,4745;0,232
26880;2021-01-24;T20-21;F1;Rennes;Lille;0;1;2,0;1;0,3404;0,3514;0,3082
26881;2021-01-24;T20-21;F1;St Etienne;Lyon;0;5;2,0;2;0,2654;0,2116;0,523
58059;2021-01-24;T20-21;SP2;Las Palmas;Leganes;2;1;1,0;1;0,3322;0,4043;0,2634
26877;2021-01-24;T20-21;F1;Dijon;Strasbourg;1;1;0,0;1;0,2916;0,4073;0,301
58060;2021-01-25;T20-21;SP2;Cartagena;Mirandes;0;2;2,0;1;0,2955;0,4409;0,2636
45571;2021-01-25;T20-21;SP1;Ath Bilbao;Getafe;5;1;1,0;1;0,3324;0,4289;0,2387
16338;2021-01-26;T20-21;E0;West Brom;Man City;0;5;2,0;2;0,1842;0,1276;0,6882
16337;2021-01-26;T20-21;E0;Southampton;Arsenal;1;3;2,0;1;0,3001;0,3984;0,3015
16336;2021-01-26;T20-21;E0;Newcastle;Leeds;1;2;2,0;1;0,2734;0,375;0,3516
16335;2021-01-26;T20-21;E0;Crystal Palace;West Ham;2;3;2,0;1;0,302;0,3908;0,3072
58061;2021-01-26;T20-21;SP2;Alcorcon;Albacete;1;2;2,0;1;0,275;0,4832;0,2418
16341;2021-01-27;T20-21;E0;Brighton;Fulham;0;0;0,0;1;0,2778;0,4838;0,2384
16339;2021-01-27;T20-21;E0;Burnley;Aston Villa;3;2;1,0;1;0,3025;0,3895;0,308
26882;2021-01-27;T20-21;F1;Lorient;Dijon;3;2;1,0;1;0,2516;0,4309;0,3175
16343;2021-01-27;T20-21;E0;Man United;Sheffield United;1;2;2,0;1;0,1705;0,7441;0,0854
16340;2021-01-27;T20-21;E0;Chelsea;Wolves;0;0;0,0;1;0,2411;0,5945;0,1644
16342;2021-01-27;T20-21;E0;Everton;Leicester;1;1;0,0;1;0,2897;0,4185;0,2918
16344;2021-01-28;T20-21;E0;Tottenham;Liverpool;1;3;2,0;1;0,3088;0,4289;0,2623
58062;2021-01-29;T20-21;SP2;Zaragoza;Ponferradina;1;0;1,0;1;0,2954;0,4297;0,2748
45572;2021-01-29;T20-21;SP1;Valladolid;Huesca;1;3;2,0;1;0,2812;0,487;0,2318
6282;2021-01-29;T20-21;D1;Stuttgart;Mainz;2;0;1,0;1;0,2475;0,5292;0,2233
26883;2021-01-29;T20-21;F1;Lyon;Bordeaux;2;1;1,0;1;0,2256;0,6435;0,131
35466;2021-01-29;T20-21;I1;Torino;Fiorentina;1;1;0,0;1;0,2736;0,384;0,3424
45576;2021-01-30;T20-21;SP1;Villarreal;Sociedad;1;1;0,0;1;0,2558;0,5518;0,1924
45575;2021-01-30;T20-21;SP1;Valencia;Elche;1;0;1,0;1;0,2716;0,5334;0,195
45574;2021-01-30;T20-21;SP1;Real Madrid;Levante;1;2;2,0;1;0,1474;0,7613;0,0913
58063;2021-01-30;T20-21;SP2;Oviedo;Albacete;0;1;2,0;1;0,307;0,4531;0,24
58064;2021-01-30;T20-21;SP2;Alcorcon;Malaga;0;1;2,0;1;0,3125;0,4215;0,266
58065;2021-01-30;T20-21;SP2;Mallorca;Girona;1;0;1,0;1;0,2899;0,5316;0,1786
58066;2021-01-30;T20-21;SP2;Almeria;Castellon;3;1;1,0;1;0,2186;0,6662;0,1152
45573;2021-01-30;T20-21;SP1;Eibar;Sevilla;0;2;2,0;2;0,2729;0,2761;0,451
6287;2021-01-30;T20-21;D1;Werder Bremen;Schalke 04;1;1;0,0;1;0,2793;0,4543;0,2665
6283;2021-01-30;T20-21;D1;Bayern Munich;Hoffenheim;4;1;1,0;1;0,1542;0,7429;0,1029
26884;2021-01-30;T20-21;F1;Montpellier;Lens;1;2;2,0;1;0,2765;0,4438;0,2797
16350;2021-01-30;T20-21;E0;Southampton;Aston Villa;0;1;2,0;1;0,2948;0,4445;0,2607
16349;2021-01-30;T20-21;E0;Arsenal;Man United;0;0;0,0;2;0,299;0,3235;0,3774
16348;2021-01-30;T20-21;E0;West Brom;Fulham;2;2;0,0;1;0,2676;0,4066;0,3258
16347;2021-01-30;T20-21;E0;Man City;Sheffield United;1;0;1,0;1;0,1098;0,8337;0,0564
16346;2021-01-30;T20-21;E0;Crystal Palace;Wolves;1;0;1,0;1;0,2872;0,4175;0,2953
16345;2021-01-30;T20-21;E0;Everton;Newcastle;0;2;2,0;1;0,2329;0,6114;0,1557
6285;2021-01-30;T20-21;D1;Ein Frankfurt;Hertha;3;1;1,0;1;0,2341;0,5953;0,1706
6288;2021-01-30;T20-21;D1;RB Leipzig;Leverkusen;1;0;1,0;1;0,2621;0,4937;0,2443
6284;2021-01-30;T20-21;D1;Dortmund;Augsburg;3;1;1,0;1;0,1908;0,6862;0,123
6286;2021-01-30;T20-21;D1;Union Berlin;M'gladbach;1;1;0,0;1;0,2969;0,4062;0,2969
35467;2021-01-30;T20-21;I1;Bologna;Milan;1;2;2,0;2;0,2269;0,2051;0,568
35468;2021-01-30;T20-21;I1;Sampdoria;Juventus;0;2;2,0;2;0,2808;0,2172;0,5019
35469;2021-01-30;T20-21;I1;Inter;Benevento;4;0;1,0;1;0,1466;0,7673;0,0861
58068;2021-01-31;T20-21;SP2;Espanol;Vallecano;2;3;2,0;1;0,3002;0,517;0,1828
26887;2021-01-31;T20-21;F1;Brest;Metz;2;4;2,0;1;0,3122;0,4541;0,2338
26888;2021-01-31;T20-21;F1;Lorient;Paris SG;3;2;1,0;2;0,1926;0,1549;0,6524
26889;2021-01-31;T20-21;F1;Strasbourg;Reims;0;1;2,0;1;0,2857;0,4213;0,2929
16354;2021-01-31;T20-21;E0;Brighton;Tottenham;1;0;1,0;2;0,2673;0,2618;0,4709
16353;2021-01-31;T20-21;E0;West Ham;Liverpool;1;3;2,0;2;0,2855;0,297;0,4175
16352;2021-01-31;T20-21;E0;Leicester;Leeds;1;3;2,0;1;0,2652;0,5137;0,221
16351;2021-01-31;T20-21;E0;Chelsea;Burnley;2;0;1,0;1;0,2417;0,6144;0,1439
58069;2021-01-31;T20-21;SP2;Mirandes;Las Palmas;2;0;1,0;1;0,3273;0,4399;0,2328
58070;2021-01-31;T20-21;SP2;Tenerife;Fuenlabrada;1;1;0,0;1;0,3211;0,4228;0,256
26885;2021-01-31;T20-21;F1;Nice;St Etienne;0;1;2,0;1;0,2909;0,4715;0,2376
26890;2021-01-31;T20-21;F1;Lille;Dijon;1;0;1,0;1;0,163;0,7696;0,0674
35474;2021-01-31;T20-21;I1;Napoli;Parma;2;0;1,0;1;0,1659;0,7266;0,1075
35473;2021-01-31;T20-21;I1;Crotone;Genoa;0;3;2,0;1;0,2991;0,4085;0,2924
35472;2021-01-31;T20-21;I1;Cagliari;Sassuolo;1;1;0,0;1;0,2746;0,3809;0,3445
35470;2021-01-31;T20-21;I1;Spezia;Udinese;0;1;2,0;1;0,2983;0,4265;0,2751
6290;2021-01-31;T20-21;D1;Wolfsburg;Freiburg;3;0;1,0;1;0,2605;0,5702;0,1692
6289;2021-01-31;T20-21;D1;FC Koln;Bielefeld;3;1;1,0;1;0,2877;0,4605;0,2517
35471;2021-01-31;T20-21;I1;Atalanta;Lazio;1;3;2,0;1;0,2806;0,4675;0,2519
58067;2021-01-31;T20-21;SP2;Sp Gijon;Cartagena;0;0;0,0;1;0,2333;0,6332;0,1335
26891;2021-01-31;T20-21;F1;Nantes;Monaco;1;2;2,0;2;0,2816;0,3015;0,4169
45580;2021-01-31;T20-21;SP1;Barcelona;Ath Bilbao;2;1;1,0;1;0,1767;0,7178;0,1055
45579;2021-01-31;T20-21;SP1;Granada;Celta;0;0;0,0;1;0,2948;0,4799;0,2252
45578;2021-01-31;T20-21;SP1;Cadiz;Ath Madrid;2;4;2,0;2;0,252;0,201;0,547
45577;2021-01-31;T20-21;SP1;Getafe;Alaves;0;0;0,0;1;0,2785;0,5065;0,215
35475;2021-01-31;T20-21;I1;Roma;Verona;3;1;1,0;1;0,2222;0,6645;0,1133
26886;2021-01-31;T20-21;F1;Angers;Nimes;3;1;1,0;1;0,263;0,5444;0,1926
58071;2021-02-01;T20-21;SP2;Leganes;Lugo;3;2;1,0;1;0,3034;0,5295;0,167
45581;2021-02-01;T20-21;SP1;Betis;Osasuna;1;0;1,0;1;0,29;0,4677;0,2423
58072;2021-02-01;T20-21;SP2;Sabadell;Logrones;0;0;0,0;1;0,2958;0,4431;0,2611
16356;2021-02-02;T20-21;E0;Wolves;Arsenal;2;1;1,0;2;0,2834;0,3412;0,3753
16355;2021-02-02;T20-21;E0;Sheffield United;West Brom;2;1;1,0;1;0,2746;0,4515;0,274
16357;2021-02-02;T20-21;E0;Man United;Southampton;9;0;1,0;1;0,2215;0,6245;0,154
16358;2021-02-02;T20-21;E0;Newcastle;Crystal Palace;1;2;2,0;1;0,2899;0,4189;0,2911
26900;2021-02-03;T20-21;F1;Paris SG;Nimes;3;0;1,0;1;0,1121;0,8256;0,0623
16360;2021-02-03;T20-21;E0;Fulham;Leicester;0;2;2,0;2;0,2529;0,2348;0,5123
16361;2021-02-03;T20-21;E0;Leeds;Everton;1;2;2,0;1;0,3251;0,3502;0,3247
26901;2021-02-03;T20-21;F1;St Etienne;Nantes;1;1;0,0;1;0,2816;0,4704;0,2481
26899;2021-02-03;T20-21;F1;Monaco;Nice;2;1;1,0;1;0,2127;0,648;0,1393
16359;2021-02-03;T20-21;E0;Burnley;Man City;0;2;2,0;2;0,1944;0,1326;0,6731
26897;2021-02-03;T20-21;F1;Dijon;Lyon;0;1;2,0;2;0,2327;0,1627;0,6046
16363;2021-02-03;T20-21;E0;Liverpool;Brighton;0;1;2,0;1;0,1533;0,7634;0,0833
16362;2021-02-03;T20-21;E0;Aston Villa;West Ham;1;3;2,0;1;0,2983;0,4581;0,2436
26892;2021-02-03;T20-21;F1;Bordeaux;Lille;0;3;2,0;2;0,2982;0,2904;0,4113
26898;2021-02-03;T20-21;F1;Lens;Marseille;2;2;0,0;2;0,2719;0,3234;0,4047
26894;2021-02-03;T20-21;F1;Reims;Angers;0;0;0,0;1;0,2878;0,4495;0,2627
26895;2021-02-03;T20-21;F1;Rennes;Lorient;1;1;0,0;1;0,2621;0,5986;0,1394
26893;2021-02-03;T20-21;F1;Metz;Montpellier;1;1;0,0;1;0,2882;0,485;0,2268
26896;2021-02-03;T20-21;F1;Strasbourg;Brest;2;2;0,0;1;0,2838;0,4645;0,2517
16364;2021-02-04;T20-21;E0;Tottenham;Chelsea;0;1;2,0;1;0,2943;0,4774;0,2283
58073;2021-02-05;T20-21;SP2;Albacete;Mallorca;0;1;2,0;2;0,2954;0,3104;0,3942
45582;2021-02-05;T20-21;SP1;Alaves;Valladolid;1;0;1,0;1;0,2815;0,4515;0,267
6291;2021-02-05;T20-21;D1;Hertha;Bayern Munich;0;1;2,0;2;0,203;0,1568;0,6402
35476;2021-02-05;T20-21;I1;Fiorentina;Inter;0;2;2,0;2;0,2375;0,1966;0,5659
6292;2021-02-06;T20-21;D1;Augsburg;Wolfsburg;0;2;2,0;2;0,2815;0,2757;0,4427
45585;2021-02-06;T20-21;SP1;Elche;Villarreal;2;2;0,0;2;0,2823;0,2902;0,4275
6293;2021-02-06;T20-21;D1;Freiburg;Dortmund;2;1;1,0;2;0,2559;0,3097;0,4344
6295;2021-02-06;T20-21;D1;Mainz;Union Berlin;1;0;1,0;2;0,2797;0,3573;0,363
45584;2021-02-06;T20-21;SP1;Huesca;Real Madrid;1;2;2,0;2;0,2411;0,19;0,5689
35478;2021-02-06;T20-21;I1;Sassuolo;Spezia;1;2;2,0;1;0,2759;0,5092;0,2149
35477;2021-02-06;T20-21;I1;Atalanta;Torino;3;3;0,0;1;0,2109;0,6594;0,1297
45583;2021-02-06;T20-21;SP1;Levante;Granada;2;2;0,0;1;0,2891;0,4652;0,2457
6294;2021-02-06;T20-21;D1;Leverkusen;Stuttgart;5;2;1,0;1;0,235;0,5936;0,1714
6297;2021-02-06;T20-21;D1;M'gladbach;FC Koln;1;2;2,0;1;0,2226;0,6366;0,1408
58074;2021-02-06;T20-21;SP2;Cartagena;Oviedo;2;0;1,0;1;0,2909;0,4427;0,2664
45586;2021-02-06;T20-21;SP1;Sevilla;Getafe;3;0;1,0;1;0,2198;0,6462;0,134
58075;2021-02-06;T20-21;SP2;Logrones;Sp Gijon;0;4;2,0;1;0,3056;0,3947;0,2997
6296;2021-02-06;T20-21;D1;Schalke 04;RB Leipzig;0;3;2,0;2;0,2254;0,2122;0,5625
35480;2021-02-06;T20-21;I1;Genoa;Napoli;2;1;1,0;2;0,2275;0,1652;0,6073
35479;2021-02-06;T20-21;I1;Juventus;Roma;2;0;1,0;1;0,2226;0,5432;0,2342
26902;2021-02-06;T20-21;F1;Lorient;Reims;1;0;1,0;1;0,2647;0,3702;0,3651
26903;2021-02-06;T20-21;F1;Lyon;Strasbourg;3;0;1,0;1;0,1844;0,7229;0,0927
26904;2021-02-06;T20-21;F1;Lens;Rennes;0;0;0,0;1;0,3185;0,3444;0,3371
16369;2021-02-06;T20-21;E0;Man United;Everton;3;3;0,0;1;0,2517;0,5762;0,1721
16368;2021-02-06;T20-21;E0;Fulham;West Ham;0;0;0,0;2;0,2762;0,3222;0,4016
16367;2021-02-06;T20-21;E0;Newcastle;Southampton;3;2;1,0;1;0,2811;0,4085;0,3104
16366;2021-02-06;T20-21;E0;Burnley;Brighton;1;1;0,0;1;0,3;0,4146;0,2854
16365;2021-02-06;T20-21;E0;Aston Villa;Arsenal;1;0;1,0;1;0,3046;0,3846;0,3108
58076;2021-02-06;T20-21;SP2;Fuenlabrada;Almeria;1;1;0,0;2;0,3248;0,2884;0,3867
58077;2021-02-07;T20-21;SP2;Girona;Leganes;0;2;2,0;1;0,3313;0,4326;0,2361
35485;2021-02-07;T20-21;I1;Lazio;Cagliari;1;0;1,0;1;0,1808;0,7151;0,1041
35484;2021-02-07;T20-21;I1;Parma;Bologna;0;3;2,0;1;0,2868;0,4061;0,3071
58080;2021-02-07;T20-21;SP2;Vallecano;Tenerife;0;1;2,0;1;0,2994;0,522;0,1786
35482;2021-02-07;T20-21;I1;Milan;Crotone;4;0;1,0;1;0,161;0,7601;0,0788
58081;2021-02-07;T20-21;SP2;Las Palmas;Sabadell;0;1;2,0;1;0,3082;0,4758;0,2159
26910;2021-02-07;T20-21;F1;Nantes;Lille;0;2;2,0;2;0,2524;0,2111;0,5365
26911;2021-02-07;T20-21;F1;Marseille;Paris SG;0;2;2,0;2;0,2865;0,277;0,4365
58079;2021-02-07;T20-21;SP2;Castellon;Mirandes;0;1;2,0;1;0,2925;0,4352;0,2724
35483;2021-02-07;T20-21;I1;Udinese;Verona;2;0;1,0;1;0,3067;0,4135;0,2797
58078;2021-02-07;T20-21;SP2;Malaga;Zaragoza;1;2;2,0;1;0,3141;0,4451;0,2408
6298;2021-02-07;T20-21;D1;Hoffenheim;Ein Frankfurt;1;3;2,0;1;0,2744;0,381;0,3446
16370;2021-02-07;T20-21;E0;Tottenham;West Brom;2;0;1,0;1;0,2196;0,6589;0,1215
26909;2021-02-07;T20-21;F1;St Etienne;Metz;1;0;1,0;1;0,3104;0,4002;0,2894
26907;2021-02-07;T20-21;F1;Nice;Angers;3;0;1,0;1;0,3018;0,4364;0,2618
35481;2021-02-07;T20-21;I1;Benevento;Sampdoria;1;1;0,0;1;0,2901;0,4025;0,3074
16371;2021-02-07;T20-21;E0;Wolves;Leicester;0;0;0,0;2;0,2822;0,3068;0,4111
16372;2021-02-07;T20-21;E0;Liverpool;Man City;1;4;2,0;1;0,2499;0,4384;0,3117
16373;2021-02-07;T20-21;E0;Sheffield United;Chelsea;1;2;2,0;2;0,2644;0,2702;0,4655
45588;2021-02-07;T20-21;SP1;Ath Bilbao;Valencia;1;1;0,0;1;0,3033;0,4091;0,2876
45587;2021-02-07;T20-21;SP1;Sociedad;Cadiz;4;1;1,0;1;0,2639;0,5433;0,1928
26905;2021-02-07;T20-21;F1;Brest;Bordeaux;2;1;1,0;1;0,2958;0,3985;0,3057
45589;2021-02-07;T20-21;SP1;Osasuna;Eibar;2;1;1,0;1;0,2832;0,4711;0,2457
45590;2021-02-07;T20-21;SP1;Betis;Barcelona;2;3;2,0;2;0,2622;0,2098;0,5279
26906;2021-02-07;T20-21;F1;Montpellier;Dijon;4;2;1,0;1;0,2589;0,577;0,1641
26908;2021-02-07;T20-21;F1;Nimes;Monaco;3;4;2,0;2;0,2708;0,2594;0,4698
58083;2021-02-08;T20-21;SP2;Lugo;Espanol;1;1;0,0;2;0,288;0,2925;0,4196
16374;2021-02-08;T20-21;E0;Leeds;Crystal Palace;2;0;1,0;1;0,2834;0,458;0,2585
45591;2021-02-08;T20-21;SP1;Ath Madrid;Celta;2;2;0,0;1;0,1385;0,7965;0,065
58082;2021-02-08;T20-21;SP2;Ponferradina;Alcorcon;2;0;1,0;1;0,2973;0,488;0,2147
45592;2021-02-09;T20-21;SP1;Real Madrid;Getafe;2;0;1,0;1;0,1731;0,7341;0,0928
35486;2021-02-12;T20-21;I1;Bologna;Benevento;1;1;0,0;1;0,2813;0,4544;0,2643
6299;2021-02-12;T20-21;D1;RB Leipzig;Augsburg;2;1;1,0;1;0,1647;0,7355;0,0997
58084;2021-02-12;T20-21;SP2;Sabadell;Zaragoza;1;1;0,0;1;0,3105;0,4064;0,2831
45593;2021-02-12;T20-21;SP1;Celta;Elche;3;1;1,0;1;0,2656;0,4972;0,2372
45594;2021-02-13;T20-21;SP1;Granada;Ath Madrid;1;2;2,0;2;0,2485;0,1949;0,5566
45597;2021-02-13;T20-21;SP1;Barcelona;Alaves;5;1;1,0;1;0,1179;0,8137;0,0684
45596;2021-02-13;T20-21;SP1;Eibar;Valladolid;1;1;0,0;1;0,2633;0,5019;0,2348
45595;2021-02-13;T20-21;SP1;Sevilla;Huesca;1;0;1,0;1;0,1823;0,7211;0,0966
35487;2021-02-13;T20-21;I1;Torino;Genoa;0;0;0,0;1;0,3007;0,4187;0,2806
35488;2021-02-13;T20-21;I1;Napoli;Juventus;1;0;1,0;1;0,3026;0,3872;0,3102
35489;2021-02-13;T20-21;I1;Spezia;Milan;2;0;1,0;2;0,216;0,1616;0,6224
16376;2021-02-13;T20-21;E0;Crystal Palace;Burnley;0;3;2,0;1;0,3078;0,4293;0,2629
26913;2021-02-13;T20-21;F1;Reims;Lens;1;1;0,0;1;0,3023;0,3846;0,3131
26912;2021-02-13;T20-21;F1;Paris SG;Nice;2;1;1,0;1;0,148;0,7722;0,0798
16378;2021-02-13;T20-21;E0;Brighton;Aston Villa;0;0;0,0;1;0,299;0,4002;0,3007
16377;2021-02-13;T20-21;E0;Man City;Tottenham;3;0;1,0;1;0,1822;0,694;0,1238
16375;2021-02-13;T20-21;E0;Leicester;Liverpool;3;1;1,0;1;0,2716;0,3854;0,343
6301;2021-02-13;T20-21;D1;Leverkusen;Mainz;2;2;0,0;1;0,1936;0,6861;0,1203
26914;2021-02-13;T20-21;F1;Lyon;Montpellier;1;2;2,0;1;0,1712;0,7405;0,0882
6304;2021-02-13;T20-21;D1;Union Berlin;Schalke 04;0;0;0,0;1;0,2768;0,4948;0,2284
6300;2021-02-13;T20-21;D1;Dortmund;Hoffenheim;2;2;0,0;1;0,2366;0,5892;0,1742
6302;2021-02-13;T20-21;D1;Stuttgart;Hertha;1;1;0,0;1;0,2678;0,4981;0,2341
58085;2021-02-13;T20-21;SP2;Cartagena;Vallecano;2;2;0,0;2;0,2966;0,3457;0,3577
58086;2021-02-13;T20-21;SP2;Mirandes;Girona;3;3;0,0;1;0,3211;0,4306;0,2483
58087;2021-02-13;T20-21;SP2;Tenerife;Ponferradina;1;0;1,0;1;0,3098;0,432;0,2583
6303;2021-02-13;T20-21;D1;Werder Bremen;Freiburg;0;0;0,0;1;0,2764;0,4624;0,2612
26919;2021-02-14;T20-21;F1;Rennes;St Etienne;0;2;2,0;1;0,3064;0,4977;0,1959
26918;2021-02-14;T20-21;F1;Metz;Strasbourg;1;2;2,0;1;0,2892;0,476;0,2348
26920;2021-02-14;T20-21;F1;Lille;Brest;0;0;0,0;1;0,1578;0,7657;0,0766
26921;2021-02-14;T20-21;F1;Bordeaux;Marseille;0;0;0,0;1;0,2714;0,3906;0,3381
45598;2021-02-14;T20-21;SP1;Getafe;Sociedad;0;1;2,0;1;0,2961;0,3973;0,3066
26917;2021-02-14;T20-21;F1;Dijon;Nimes;0;2;2,0;1;0,2629;0,4686;0,2685
58091;2021-02-14;T20-21;SP2;Leganes;Albacete;3;1;1,0;1;0,2722;0,5833;0,1445
58092;2021-02-14;T20-21;SP2;Sp Gijon;Malaga;1;0;1,0;1;0,3037;0,5084;0,1879
45599;2021-02-14;T20-21;SP1;Real Madrid;Valencia;2;0;1,0;1;0,2092;0,6627;0,1281
58088;2021-02-14;T20-21;SP2;Mallorca;Espanol;1;2;2,0;1;0,3094;0,4432;0,2474
58089;2021-02-14;T20-21;SP2;Almeria;Las Palmas;3;1;1,0;1;0,2439;0,6143;0,1418
58090;2021-02-14;T20-21;SP2;Alcorcon;Logrones;1;0;1,0;1;0,296;0,4525;0,2515
26916;2021-02-14;T20-21;F1;Angers;Nantes;1;3;2,0;1;0,2661;0,5099;0,224
45600;2021-02-14;T20-21;SP1;Levante;Osasuna;0;1;2,0;1;0,2876;0,4713;0,2412
26915;2021-02-14;T20-21;F1;Monaco;Lorient;2;2;0,0;1;0,1765;0,7133;0,1103
6306;2021-02-14;T20-21;D1;Wolfsburg;M'gladbach;0;0;0,0;1;0,2754;0,5261;0,1985
35491;2021-02-14;T20-21;I1;Cagliari;Atalanta;0;1;2,0;2;0,2406;0,2464;0,513
35492;2021-02-14;T20-21;I1;Sampdoria;Fiorentina;2;1;1,0;1;0,2893;0,409;0,3017
16382;2021-02-14;T20-21;E0;Everton;Fulham;0;2;2,0;1;0,2174;0,6491;0,1335
16381;2021-02-14;T20-21;E0;Arsenal;Leeds;4;2;1,0;1;0,2671;0,4577;0,2752
16380;2021-02-14;T20-21;E0;West Brom;Man United;1;1;0,0;2;0,209;0,1466;0,6445
35490;2021-02-14;T20-21;I1;Roma;Udinese;3;0;1,0;1;0,2031;0,6914;0,1054
16379;2021-02-14;T20-21;E0;Southampton;Wolves;1;2;2,0;1;0,3019;0,426;0,2721
35493;2021-02-14;T20-21;I1;Crotone;Sassuolo;1;2;2,0;2;0,2645;0,3546;0,3809
45601;2021-02-14;T20-21;SP1;Villarreal;Betis;1;2;2,0;1;0,2639;0,5717;0,1644
6305;2021-02-14;T20-21;D1;Ein Frankfurt;FC Koln;2;0;1,0;1;0,2381;0,6038;0,1581
35494;2021-02-14;T20-21;I1;Inter;Lazio;3;1;1,0;1;0,2476;0,5678;0,1846
6307;2021-02-15;T20-21;D1;Bayern Munich;Bielefeld;3;3;0,0;1;0,095;0,8546;0,0504
58093;2021-02-15;T20-21;SP2;Castellon;Fuenlabrada;1;2;2,0;1;0,3103;0,4109;0,2788
16383;2021-02-15;T20-21;E0;West Ham;Sheffield United;3;0;1,0;1;0,2315;0,6183;0,1502
16384;2021-02-15;T20-21;E0;Chelsea;Newcastle;2;0;1,0;1;0,232;0,6377;0,1302
35495;2021-02-15;T20-21;I1;Verona;Parma;2;1;1,0;1;0,2505;0,5363;0,2132
58094;2021-02-15;T20-21;SP2;Oviedo;Lugo;3;1;1,0;1;0,3153;0,4412;0,2434
45602;2021-02-15;T20-21;SP1;Cadiz;Ath Bilbao;0;4;2,0;1;0,3022;0,4087;0,2891
26922;2021-02-17;T20-21;F1;Marseille;Nice;3;2;1,0;1;0,2834;0,5071;0,2095
58095;2021-02-17;T20-21;SP2;Leganes;Almeria;2;1;1,0;1;0,316;0,3685;0,3155
45603;2021-02-17;T20-21;SP1;Levante;Ath Madrid;1;1;0,0;2;0,248;0,2068;0,5453
16385;2021-02-17;T20-21;E0;Burnley;Fulham;1;1;0,0;1;0,2829;0,4836;0,2335
16386;2021-02-17;T20-21;E0;Everton;Man City;1;3;2,0;2;0,2776;0,2724;0,45
6308;2021-02-19;T20-21;D1;Bielefeld;Wolfsburg;0;3;2,0;2;0,2603;0,27;0,4697
45604;2021-02-19;T20-21;SP1;Betis;Getafe;1;0;1,0;1;0,2795;0,4743;0,2462
16387;2021-02-19;T20-21;E0;Wolves;Leeds;1;0;1,0;1;0,2821;0,4091;0,3088
26923;2021-02-19;T20-21;F1;Brest;Lyon;2;3;2,0;2;0,2423;0,1899;0,5678
35497;2021-02-19;T20-21;I1;Cagliari;Torino;0;1;2,0;1;0,281;0,4018;0,3173
58096;2021-02-19;T20-21;SP2;Ponferradina;Mirandes;1;0;1,0;1;0,3045;0,443;0,2525
35496;2021-02-19;T20-21;I1;Fiorentina;Spezia;3;0;1,0;1;0,2903;0,4259;0,2839
35498;2021-02-20;T20-21;I1;Lazio;Sampdoria;1;0;1,0;1;0,2335;0,6367;0,1298
45605;2021-02-20;T20-21;SP1;Elche;Eibar;1;0;1,0;1;0,2811;0,4721;0,2467
6313;2021-02-20;T20-21;D1;Schalke 04;Dortmund;0;4;2,0;2;0,228;0,2576;0,5144
6312;2021-02-20;T20-21;D1;M'gladbach;Mainz;1;2;2,0;1;0,2374;0,6014;0,1611
6311;2021-02-20;T20-21;D1;Freiburg;Union Berlin;0;1;2,0;1;0,2938;0,4965;0,2097
6310;2021-02-20;T20-21;D1;FC Koln;Stuttgart;0;1;2,0;1;0,2876;0,3654;0,3471
6309;2021-02-20;T20-21;D1;Ein Frankfurt;Bayern Munich;2;1;1,0;2;0,2595;0,2834;0,4571
58098;2021-02-20;T20-21;SP2;Albacete;Sp Gijon;0;1;2,0;2;0,2771;0,3396;0,3833
58099;2021-02-20;T20-21;SP2;Las Palmas;Cartagena;2;0;1,0;1;0,2989;0,5135;0,1876
16388;2021-02-20;T20-21;E0;Southampton;Chelsea;1;1;0,0;2;0,2804;0,2522;0,4674
16389;2021-02-20;T20-21;E0;Burnley;West Brom;0;0;0,0;1;0,2629;0,5164;0,2207
16391;2021-02-20;T20-21;E0;Fulham;Sheffield United;1;0;1,0;1;0,2582;0,4575;0,2843
16390;2021-02-20;T20-21;E0;Liverpool;Everton;0;2;2,0;1;0,2167;0,6195;0,1639
45607;2021-02-20;T20-21;SP1;Valencia;Celta;2;0;1,0;1;0,2918;0,5053;0,2029
35499;2021-02-20;T20-21;I1;Genoa;Verona;2;2;0,0;1;0,2984;0,42;0,2816
35500;2021-02-20;T20-21;I1;Sassuolo;Bologna;1;1;0,0;1;0,277;0,5146;0,2084
26925;2021-02-20;T20-21;F1;Nantes;Marseille;1;1;0,0;2;0,2625;0,3192;0,4184
26924;2021-02-20;T20-21;F1;St Etienne;Reims;1;1;0,0;1;0,3156;0,4113;0,2731
58097;2021-02-20;T20-21;SP2;Espanol;Sabadell;1;0;1,0;1;0,2476;0,6176;0,1348
45608;2021-02-20;T20-21;SP1;Valladolid;Real Madrid;0;1;2,0;2;0,2223;0,1697;0,608
45606;2021-02-20;T20-21;SP1;Ath Madrid;Levante;0;2;2,0;1;0,1526;0,7743;0,0731
26930;2021-02-21;T20-21;F1;Strasbourg;Angers;0;0;0,0;1;0,2747;0,451;0,2743
26931;2021-02-21;T20-21;F1;Lorient;Lille;1;4;2,0;2;0,2529;0,2145;0,5327
26932;2021-02-21;T20-21;F1;Paris SG;Monaco;0;2;2,0;1;0,1755;0,687;0,1374
16393;2021-02-21;T20-21;E0;Aston Villa;Leicester;1;2;2,0;2;0,2968;0,3345;0,3687
26928;2021-02-21;T20-21;F1;Nice;Metz;1;2;2,0;1;0,3164;0,4203;0,2633
26926;2021-02-21;T20-21;F1;Montpellier;Rennes;2;1;1,0;1;0,308;0,367;0,3249
26927;2021-02-21;T20-21;F1;Lens;Dijon;2;1;1,0;1;0,2412;0,589;0,1698
16395;2021-02-21;T20-21;E0;Man United;Newcastle;3;1;1,0;1;0,1695;0,7288;0,1017
16394;2021-02-21;T20-21;E0;Arsenal;Man City;0;1;2,0;2;0,2609;0,2566;0,4825
26929;2021-02-21;T20-21;F1;Nimes;Bordeaux;2;0;1,0;2;0,2655;0,3512;0,3833
16392;2021-02-21;T20-21;E0;West Ham;Tottenham;2;1;1,0;1;0,272;0,4182;0,3099
6316;2021-02-21;T20-21;D1;Hoffenheim;Werder Bremen;4;0;1,0;1;0,2807;0,3806;0,3388
35501;2021-02-21;T20-21;I1;Parma;Udinese;2;2;0,0;1;0,2893;0,373;0,3377
45609;2021-02-21;T20-21;SP1;Barcelona;Cadiz;1;1;0,0;1;0,1188;0,8061;0,075
58104;2021-02-21;T20-21;SP2;Malaga;Vallecano;2;0;1,0;1;0,3112;0,3623;0,3265
58103;2021-02-21;T20-21;SP2;Lugo;Logrones;1;1;0,0;1;0,2991;0,4535;0,2475
45612;2021-02-21;T20-21;SP1;Ath Bilbao;Villarreal;1;1;0,0;1;0,2934;0,3799;0,3267
45611;2021-02-21;T20-21;SP1;Huesca;Granada;3;2;1,0;1;0,29;0,4219;0,2881
45610;2021-02-21;T20-21;SP1;Sociedad;Alaves;4;0;1,0;1;0,261;0,5791;0,1599
35502;2021-02-21;T20-21;I1;Milan;Inter;0;3;2,0;1;0,2718;0,3869;0,3413
6314;2021-02-21;T20-21;D1;Augsburg;Leverkusen;1;1;0,0;2;0,2223;0,1911;0,5865
58102;2021-02-21;T20-21;SP2;Girona;Castellon;2;1;1,0;1;0,275;0,5628;0,1621
58101;2021-02-21;T20-21;SP2;Mallorca;Almeria;2;0;1,0;1;0,3148;0,3994;0,2858
58100;2021-02-21;T20-21;SP2;Leganes;Tenerife;1;0;1,0;1;0,2742;0,5614;0,1644
35503;2021-02-21;T20-21;I1;Atalanta;Napoli;4;2;1,0;1;0,2933;0,3965;0,3102
35504;2021-02-21;T20-21;I1;Benevento;Roma;0;0;0,0;2;0,2441;0,21;0,5459
6315;2021-02-21;T20-21;D1;Hertha;RB Leipzig;0;3;2,0;2;0,2321;0,1837;0,5842
16396;2021-02-22;T20-21;E0;Brighton;Crystal Palace;1;2;2,0;1;0,2839;0,4301;0,286
45613;2021-02-22;T20-21;SP1;Osasuna;Sevilla;0;2;2,0;2;0,2836;0,2353;0,4811
35505;2021-02-22;T20-21;I1;Juventus;Crotone;3;0;1,0;1;0,1397;0,7941;0,0662
58105;2021-02-22;T20-21;SP2;Fuenlabrada;Oviedo;2;2;0,0;1;0,3223;0,4536;0,2241
58106;2021-02-22;T20-21;SP2;Zaragoza;Alcorcon;0;1;2,0;1;0,2943;0,4748;0,2309
16397;2021-02-23;T20-21;E0;Leeds;Southampton;3;0;1,0;1;0,2902;0,4489;0,2609
26933;2021-02-24;T20-21;F1;Nimes;Lorient;1;0;1,0;1;0,2782;0,4382;0,2836
45614;2021-02-24;T20-21;SP1;Barcelona;Elche;3;0;1,0;1;0,1251;0,8015;0,0735
45615;2021-02-26;T20-21;SP1;Levante;Ath Bilbao;1;1;0,0;1;0,2931;0,4352;0,2717
6317;2021-02-26;T20-21;D1;Werder Bremen;Ein Frankfurt;2;1;1,0;2;0,2806;0,3275;0,3919
58107;2021-02-26;T20-21;SP2;Sabadell;Albacete;0;0;0,0;1;0,2817;0,4727;0,2457
58108;2021-02-26;T20-21;SP2;Cartagena;Leganes;1;0;1,0;2;0,31;0,3405;0,3495
26934;2021-02-26;T20-21;F1;Rennes;Nice;1;2;2,0;1;0,2942;0,5059;0,1999
6318;2021-02-27;T20-21;D1;Bayern Munich;FC Koln;5;1;1,0;1;0,1027;0,8387;0,0587
16401;2021-02-27;T20-21;E0;Newcastle;Wolves;1;1;0,0;1;0,2964;0,4126;0,2909
16398;2021-02-27;T20-21;E0;Man City;West Ham;2;1;1,0;1;0,1562;0,7634;0,0804
45616;2021-02-27;T20-21;SP1;Eibar;Huesca;1;1;0,0;1;0,2735;0,5013;0,2252
45617;2021-02-27;T20-21;SP1;Sevilla;Barcelona;0;2;2,0;1;0,2924;0,3931;0,3145
45618;2021-02-27;T20-21;SP1;Alaves;Osasuna;0;1;2,0;1;0,2966;0,4261;0,2773
45619;2021-02-27;T20-21;SP1;Getafe;Valencia;3;0;1,0;1;0,298;0,389;0,313
26935;2021-02-27;T20-21;F1;Bordeaux;Metz;1;2;2,0;1;0,295;0,4388;0,2662
6322;2021-02-27;T20-21;D1;RB Leipzig;M'gladbach;3;2;1,0;1;0,2031;0,6628;0,1341
6321;2021-02-27;T20-21;D1;Wolfsburg;Hertha;2;0;1,0;1;0,2091;0,6546;0,1363
6320;2021-02-27;T20-21;D1;Stuttgart;Schalke 04;5;1;1,0;1;0,2783;0,4788;0,243
6319;2021-02-27;T20-21;D1;Dortmund;Bielefeld;3;0;1,0;1;0,1626;0,732;0,1054
16399;2021-02-27;T20-21;E0;West Brom;Brighton;1;0;1,0;2;0,2728;0,3281;0,3991
26936;2021-02-27;T20-21;F1;Dijon;Paris SG;0;4;2,0;2;0,2188;0,1728;0,6084
16400;2021-02-27;T20-21;E0;Leeds;Aston Villa;0;1;2,0;1;0,3;0,4453;0,2547
35506;2021-02-27;T20-21;I1;Spezia;Parma;2;2;0,0;1;0,2611;0,484;0,2549
58109;2021-02-27;T20-21;SP2;Vallecano;Ponferradina;1;1;0,0;1;0,3061;0,4962;0,1977
58110;2021-02-27;T20-21;SP2;Almeria;Lugo;4;1;1,0;1;0,2441;0,6045;0,1515
58111;2021-02-27;T20-21;SP2;Castellon;Las Palmas;4;0;1,0;1;0,2957;0,4247;0,2796
58112;2021-02-27;T20-21;SP2;Logrones;Mallorca;0;1;2,0;2;0,2974;0,3123;0,3903
35508;2021-02-27;T20-21;I1;Verona;Juventus;1;1;0,0;2;0,2673;0,207;0,5258
35507;2021-02-27;T20-21;I1;Bologna;Lazio;2;0;1,0;2;0,2664;0,235;0,4985
6323;2021-02-28;T20-21;D1;Union Berlin;Hoffenheim;1;1;0,0;1;0,2896;0,461;0,2493
45623;2021-02-28;T20-21;SP1;Villarreal;Ath Madrid;0;2;2,0;2;0,2553;0,2858;0,459
58113;2021-02-28;T20-21;SP2;Fuenlabrada;Girona;1;1;0,0;1;0,3198;0,4269;0,2533
58114;2021-02-28;T20-21;SP2;Sp Gijon;Espanol;1;1;0,0;1;0,3155;0,3972;0,2873
58115;2021-02-28;T20-21;SP2;Tenerife;Alcorcon;3;1;1,0;1;0,3182;0,4477;0,2341
58116;2021-02-28;T20-21;SP2;Oviedo;Zaragoza;1;0;1,0;1;0,3126;0,423;0,2644
26941;2021-02-28;T20-21;F1;Reims;Montpellier;0;0;0,0;1;0,3067;0,4375;0,2558
35509;2021-02-28;T20-21;I1;Sampdoria;Atalanta;0;2;2,0;2;0,2618;0,2467;0,4915
35510;2021-02-28;T20-21;I1;Crotone;Cagliari;0;2;2,0;1;0,2628;0,4023;0,3349
35511;2021-02-28;T20-21;I1;Inter;Genoa;3;0;1,0;1;0,1377;0,796;0,0663
35512;2021-02-28;T20-21;I1;Udinese;Fiorentina;1;0;1,0;1;0,3025;0,3928;0,3047
35513;2021-02-28;T20-21;I1;Napoli;Benevento;2;0;1,0;1;0,2181;0,6482;0,1337
35514;2021-02-28;T20-21;I1;Roma;Milan;1;2;2,0;1;0,2491;0,4111;0,3399
45620;2021-02-28;T20-21;SP1;Celta;Valladolid;1;1;0,0;1;0,2693;0,4946;0,2362
45621;2021-02-28;T20-21;SP1;Cadiz;Betis;0;1;2,0;1;0,3075;0,413;0,2795
45622;2021-02-28;T20-21;SP1;Granada;Elche;2;1;1,0;1;0,2837;0,5025;0,2137
6324;2021-02-28;T20-21;D1;Mainz;Augsburg;0;1;2,0;1;0,2737;0,4435;0,2828
6325;2021-02-28;T20-21;D1;Leverkusen;Freiburg;1;2;2,0;1;0,2453;0,6138;0,1409
26942;2021-02-28;T20-21;F1;Lille;Strasbourg;1;1;0,0;1;0,1685;0,7566;0,0748
26940;2021-02-28;T20-21;F1;Nimes;Nantes;1;1;0,0;1;0,2641;0,4532;0,2827
26939;2021-02-28;T20-21;F1;Lorient;St Etienne;2;1;1,0;1;0,2794;0,3777;0,3428
26938;2021-02-28;T20-21;F1;Angers;Lens;2;2;0,0;1;0,2937;0,3897;0,3166
26937;2021-02-28;T20-21;F1;Monaco;Brest;2;0;1,0;1;0,1825;0,6998;0,1177
26943;2021-02-28;T20-21;F1;Marseille;Lyon;1;1;0,0;2;0,2772;0,2408;0,482
16402;2021-02-28;T20-21;E0;Crystal Palace;Fulham;0;0;0,0;1;0,2828;0,4753;0,2418
16406;2021-02-28;T20-21;E0;Sheffield United;Liverpool;0;2;2,0;2;0,2372;0,2471;0,5158
16405;2021-02-28;T20-21;E0;Chelsea;Man United;0;0;0,0;2;0,2929;0,3352;0,3719
16404;2021-02-28;T20-21;E0;Tottenham;Burnley;4;0;1,0;1;0,2762;0,5561;0,1677
16403;2021-02-28;T20-21;E0;Leicester;Arsenal;1;3;2,0;1;0,2777;0,4878;0,2344
45624;2021-03-01;T20-21;SP1;Real Madrid;Sociedad;1;1;0,0;1;0,195;0,6964;0,1086
58117;2021-03-01;T20-21;SP2;Mirandes;Malaga;1;0;1,0;1;0,3222;0,4229;0,2549
16407;2021-03-01;T20-21;E0;Everton;Southampton;1;0;1,0;1;0,2518;0,5665;0,1817
35515;2021-03-02;T20-21;I1;Juventus;Spezia;3;0;1,0;1;0,1508;0,7638;0,0854
16408;2021-03-02;T20-21;E0;Man City;Wolves;4;1;1,0;1;0,1436;0,7892;0,0672
26952;2021-03-03;T20-21;F1;Nantes;Reims;1;2;2,0;1;0,2876;0,4141;0,2983
26946;2021-03-03;T20-21;F1;Metz;Angers;0;1;2,0;1;0,2825;0,4651;0,2525
26947;2021-03-03;T20-21;F1;Nice;Nimes;2;1;1,0;1;0,2855;0,4901;0,2244
26948;2021-03-03;T20-21;F1;St Etienne;Lens;2;3;2,0;1;0,2933;0,3994;0,3072
26949;2021-03-03;T20-21;F1;Bordeaux;Paris SG;0;1;2,0;2;0,2595;0,2281;0,5124
26950;2021-03-03;T20-21;F1;Lille;Marseille;2;0;1,0;1;0,2556;0,5799;0,1646
35516;2021-03-03;T20-21;I1;Sassuolo;Napoli;3;3;0,0;2;0,2868;0,2747;0,4385
26951;2021-03-03;T20-21;F1;Montpellier;Lorient;1;1;0,0;1;0,2698;0,5534;0,1768
26945;2021-03-03;T20-21;F1;Lyon;Rennes;1;0;1,0;1;0,2518;0,6026;0,1457
26953;2021-03-03;T20-21;F1;Strasbourg;Monaco;1;0;1,0;2;0,2741;0,2722;0,4537
35517;2021-03-03;T20-21;I1;Atalanta;Crotone;5;1;1,0;1;0,1699;0,7413;0,0888
26944;2021-03-03;T20-21;F1;Brest;Dijon;3;1;1,0;1;0,2454;0,5649;0,1897
16411;2021-03-03;T20-21;E0;Crystal Palace;Man United;0;0;0,0;2;0,2414;0,1844;0,5741
16410;2021-03-03;T20-21;E0;Sheffield United;Aston Villa;1;0;1,0;1;0,2916;0,378;0,3303
35519;2021-03-03;T20-21;I1;Cagliari;Bologna;1;0;1,0;1;0,2868;0,3902;0,323
35520;2021-03-03;T20-21;I1;Fiorentina;Roma;1;2;2,0;2;0,2878;0,2743;0,4379
35521;2021-03-03;T20-21;I1;Genoa;Sampdoria;1;1;0,0;1;0,2926;0,4073;0,3
35522;2021-03-03;T20-21;I1;Milan;Udinese;1;1;0,0;1;0,1977;0,6941;0,1082
16409;2021-03-03;T20-21;E0;Burnley;Leicester;1;1;0,0;2;0,2758;0,2862;0,4381
35518;2021-03-03;T20-21;I1;Benevento;Verona;0;3;2,0;1;0,2953;0,4116;0,2931
16412;2021-03-04;T20-21;E0;Fulham;Tottenham;0;1;2,0;2;0,2603;0,3131;0,4266
16413;2021-03-04;T20-21;E0;West Brom;Everton;0;1;2,0;2;0,2645;0,2617;0,4738
16414;2021-03-04;T20-21;E0;Liverpool;Chelsea;0;1;2,0;1;0,2299;0,5445;0,2256
35523;2021-03-04;T20-21;I1;Parma;Inter;1;2;2,0;2;0,1888;0,1409;0,6703
6326;2021-03-05;T20-21;D1;Schalke 04;Mainz;0;0;0,0;1;0,2571;0,4359;0,3071
58118;2021-03-05;T20-21;SP2;Espanol;Oviedo;1;1;0,0;1;0,2306;0,6279;0,1414
45625;2021-03-05;T20-21;SP1;Valencia;Villarreal;2;1;1,0;1;0,2909;0,4056;0,3035
35525;2021-03-06;T20-21;I1;Udinese;Sassuolo;2;0;1,0;1;0,2879;0,3993;0,3128
45627;2021-03-06;T20-21;SP1;Elche;Sevilla;2;1;1,0;2;0,2622;0,2392;0,4986
45628;2021-03-06;T20-21;SP1;Cadiz;Eibar;1;0;1,0;1;0,2863;0,4577;0,256
45629;2021-03-06;T20-21;SP1;Osasuna;Barcelona;0;2;2,0;2;0,2398;0,172;0,5882
6328;2021-03-06;T20-21;D1;Freiburg;RB Leipzig;0;3;2,0;2;0,2611;0,2201;0,5188
6327;2021-03-06;T20-21;D1;Ein Frankfurt;Stuttgart;1;1;0,0;1;0,2654;0,5097;0,2249
6331;2021-03-06;T20-21;D1;M'gladbach;Leverkusen;0;1;2,0;2;0,2564;0,3022;0,4414
6330;2021-03-06;T20-21;D1;Hoffenheim;Wolfsburg;2;1;1,0;2;0,2717;0,3314;0,3969
6329;2021-03-06;T20-21;D1;Hertha;Augsburg;2;1;1,0;1;0,2853;0,439;0,2757
35524;2021-03-06;T20-21;I1;Spezia;Benevento;1;1;0,0;1;0,2977;0,4248;0,2775
35526;2021-03-06;T20-21;I1;Juventus;Lazio;3;1;1,0;1;0,237;0,5762;0,1867
6332;2021-03-06;T20-21;D1;Bayern Munich;Dortmund;4;2;1,0;1;0,2036;0,62;0,1764
45626;2021-03-06;T20-21;SP1;Valladolid;Getafe;2;1;1,0;1;0,2862;0,426;0,2878
16415;2021-03-06;T20-21;E0;Burnley;Arsenal;1;1;0,0;2;0,2733;0,3509;0,3758
58121;2021-03-06;T20-21;SP2;Leganes;Castellon;0;0;0,0;1;0,2039;0,6906;0,1055
58120;2021-03-06;T20-21;SP2;Las Palmas;Vallecano;1;1;0,0;1;0,3037;0,3944;0,302
58119;2021-03-06;T20-21;SP2;Zaragoza;Tenerife;1;0;1,0;1;0,2974;0,4438;0,2587
16417;2021-03-06;T20-21;E0;Aston Villa;Wolves;0;0;0,0;1;0,2864;0,478;0,2357
16418;2021-03-06;T20-21;E0;Brighton;Leicester;1;2;2,0;2;0,255;0,2742;0,4708
58122;2021-03-06;T20-21;SP2;Albacete;Logrones;1;1;0,0;1;0,2814;0,4647;0,2539
16416;2021-03-06;T20-21;E0;Sheffield United;Southampton;0;2;2,0;1;0,2768;0,4031;0,3201
16419;2021-03-07;T20-21;E0;West Brom;Newcastle;0;0;0,0;2;0,2577;0,3711;0,3712
35530;2021-03-07;T20-21;I1;Verona;Milan;0;2;2,0;2;0,2351;0,202;0,5629
58126;2021-03-07;T20-21;SP2;Girona;Almeria;0;1;2,0;2;0,306;0,3268;0,3671
58125;2021-03-07;T20-21;SP2;Mallorca;Cartagena;2;1;1,0;1;0,2297;0,653;0,1173
16420;2021-03-07;T20-21;E0;Liverpool;Fulham;0;1;2,0;1;0,1793;0,7212;0,0995
58123;2021-03-07;T20-21;SP2;Malaga;Sabadell;2;0;1,0;1;0,3154;0,4458;0,2388
35532;2021-03-07;T20-21;I1;Napoli;Bologna;3;1;1,0;1;0,2058;0,6706;0,1235
16422;2021-03-07;T20-21;E0;Tottenham;Crystal Palace;4;1;1,0;1;0,2517;0,5952;0,1532
35527;2021-03-07;T20-21;I1;Roma;Genoa;1;0;1,0;1;0,2031;0,6901;0,1069
35528;2021-03-07;T20-21;I1;Crotone;Torino;4;2;1,0;1;0,2708;0,3661;0,3631
35529;2021-03-07;T20-21;I1;Fiorentina;Parma;3;3;0,0;1;0,2592;0,5121;0,2287
58124;2021-03-07;T20-21;SP2;Ponferradina;Sp Gijon;2;2;0,0;1;0,2976;0,3755;0,3269
16421;2021-03-07;T20-21;E0;Man City;Man United;0;2;2,0;1;0,2131;0,5691;0,2177
35531;2021-03-07;T20-21;I1;Sampdoria;Cagliari;2;2;0,0;1;0,2866;0,4889;0,2245
45631;2021-03-07;T20-21;SP1;Ath Madrid;Real Madrid;1;1;0,0;1;0,2884;0,4206;0,291
6333;2021-03-07;T20-21;D1;FC Koln;Werder Bremen;1;1;0,0;2;0,2889;0,3455;0,3657
6334;2021-03-07;T20-21;D1;Bielefeld;Union Berlin;0;0;0,0;1;0,2748;0,4146;0,3105
45633;2021-03-07;T20-21;SP1;Ath Bilbao;Granada;2;1;1,0;1;0,3035;0,4664;0,2301
45630;2021-03-07;T20-21;SP1;Huesca;Celta;3;4;2,0;1;0,3023;0,4511;0,2466
45632;2021-03-07;T20-21;SP1;Sociedad;Levante;1;0;1,0;1;0,2896;0,5433;0,1671
45634;2021-03-08;T20-21;SP1;Betis;Alaves;3;2;1,0;1;0,2564;0,5754;0,1682
35533;2021-03-08;T20-21;I1;Inter;Atalanta;1;0;1,0;1;0,2327;0,5817;0,1856
16424;2021-03-08;T20-21;E0;West Ham;Leeds;2;0;1,0;1;0,2658;0,5045;0,2298
16423;2021-03-08;T20-21;E0;Chelsea;Everton;2;0;1,0;1;0,2823;0,4991;0,2186
58128;2021-03-08;T20-21;SP2;Lugo;Fuenlabrada;0;0;0,0;1;0,3022;0,4028;0,2949
58127;2021-03-08;T20-21;SP2;Alcorcon;Mirandes;4;0;1,0;1;0,2895;0,4244;0,2861
45635;2021-03-10;T20-21;SP1;Ath Madrid;Ath Bilbao;2;1;1,0;1;0,1974;0,7082;0,0945
16425;2021-03-10;T20-21;E0;Man City;Southampton;5;2;1,0;1;0,1264;0,8049;0,0687
6335;2021-03-10;T20-21;D1;Bielefeld;Werder Bremen;0;2;2,0;2;0,2694;0,3569;0,3738
26954;2021-03-10;T20-21;F1;Marseille;Rennes;1;0;1,0;1;0,2958;0,4359;0,2684
45636;2021-03-12;T20-21;SP1;Levante;Valencia;1;0;1,0;1;0,2843;0,417;0,2987
6336;2021-03-12;T20-21;D1;Augsburg;M'gladbach;3;1;1,0;2;0,2741;0,3422;0,3837
58129;2021-03-12;T20-21;SP2;Cartagena;Ponferradina;1;1;0,0;1;0,2914;0,4311;0,2775
58130;2021-03-12;T20-21;SP2;Vallecano;Zaragoza;3;2;1,0;1;0,321;0,4581;0,221
35535;2021-03-12;T20-21;I1;Atalanta;Spezia;3;1;1,0;1;0,1858;0,6945;0,1197
35534;2021-03-12;T20-21;I1;Lazio;Crotone;3;2;1,0;1;0,1929;0,7062;0,1009
26955;2021-03-12;T20-21;F1;Reims;Lyon;1;1;0,0;2;0,2625;0,2016;0,5359
16426;2021-03-12;T20-21;E0;Newcastle;Aston Villa;1;1;0,0;1;0,2869;0,4261;0,287
26956;2021-03-13;T20-21;F1;Angers;St Etienne;0;1;2,0;1;0,3021;0,4295;0,2684
35537;2021-03-13;T20-21;I1;Benevento;Fiorentina;1;4;2,0;1;0,2836;0,3733;0,3431
26957;2021-03-13;T20-21;F1;Marseille;Brest;3;1;1,0;1;0,2631;0,5451;0,1918
35538;2021-03-13;T20-21;I1;Genoa;Udinese;1;1;0,0;1;0,2934;0,4241;0,2825
6339;2021-03-13;T20-21;D1;Werder Bremen;Bayern Munich;1;3;2,0;2;0,2128;0,1646;0,6225
6338;2021-03-13;T20-21;D1;Union Berlin;FC Koln;2;1;1,0;1;0,2765;0,5307;0,1928
6337;2021-03-13;T20-21;D1;Mainz;Freiburg;1;0;1,0;1;0,2746;0,4098;0,3156
35536;2021-03-13;T20-21;I1;Sassuolo;Verona;3;2;1,0;1;0,287;0,4855;0,2275
6340;2021-03-13;T20-21;D1;Wolfsburg;Schalke 04;5;0;1,0;1;0,2338;0,5878;0,1784
6341;2021-03-13;T20-21;D1;Dortmund;Hertha;2;0;1,0;1;0,1675;0,7225;0,11
16428;2021-03-13;T20-21;E0;Crystal Palace;West Brom;1;0;1,0;1;0,2676;0,5074;0,225
16429;2021-03-13;T20-21;E0;Everton;Burnley;1;2;2,0;1;0,2567;0,576;0,1673
45637;2021-03-13;T20-21;SP1;Alaves;Cadiz;1;1;0,0;1;0,2842;0,4546;0,2612
45638;2021-03-13;T20-21;SP1;Real Madrid;Elche;2;1;1,0;1;0,1495;0,7761;0,0744
45639;2021-03-13;T20-21;SP1;Osasuna;Valladolid;0;0;0,0;1;0,2986;0,4328;0,2686
45640;2021-03-13;T20-21;SP1;Getafe;Ath Madrid;0;0;0,0;2;0,2461;0,1941;0,5598
16430;2021-03-13;T20-21;E0;Fulham;Man City;0;3;2,0;2;0,1815;0,1302;0,6883
58131;2021-03-13;T20-21;SP2;Fuenlabrada;Las Palmas;1;2;2,0;1;0,3041;0,4904;0,2055
58132;2021-03-13;T20-21;SP2;Girona;Lugo;1;1;0,0;1;0,3025;0,4961;0,2014
58133;2021-03-13;T20-21;SP2;Castellon;Sabadell;2;1;1,0;1;0,2736;0,4864;0,24
58134;2021-03-13;T20-21;SP2;Mirandes;Espanol;2;2;0,0;2;0,2896;0,2866;0,4238
16427;2021-03-13;T20-21;E0;Leeds;Chelsea;0;0;0,0;2;0,2778;0,2629;0,4592
16431;2021-03-14;T20-21;E0;Southampton;Brighton;1;2;2,0;1;0,2999;0,4231;0,277
16432;2021-03-14;T20-21;E0;Leicester;Sheffield United;5;0;1,0;1;0,2046;0,6749;0,1205
16433;2021-03-14;T20-21;E0;Arsenal;Tottenham;2;1;1,0;1;0,2755;0,3746;0,3499
58136;2021-03-14;T20-21;SP2;Sp Gijon;Mallorca;2;0;1,0;1;0,2931;0,4553;0,2516
58138;2021-03-14;T20-21;SP2;Oviedo;Leganes;1;3;2,0;1;0,3118;0,3784;0,3098
58137;2021-03-14;T20-21;SP2;Tenerife;Albacete;2;0;1,0;1;0,2721;0,5052;0,2227
58135;2021-03-14;T20-21;SP2;Logrones;Malaga;0;1;2,0;1;0,3094;0,4144;0,2762
35543;2021-03-14;T20-21;I1;Milan;Napoli;0;1;2,0;1;0,2499;0,4722;0,2778
35542;2021-03-14;T20-21;I1;Cagliari;Juventus;1;3;2,0;2;0,236;0,1815;0,5825
35541;2021-03-14;T20-21;I1;Torino;Inter;1;2;2,0;2;0,1976;0,1513;0,6511
35540;2021-03-14;T20-21;I1;Parma;Roma;2;0;1,0;2;0,2325;0,1895;0,578
6343;2021-03-14;T20-21;D1;RB Leipzig;Ein Frankfurt;1;1;0,0;1;0,1964;0,683;0,1206
16434;2021-03-14;T20-21;E0;Man United;West Ham;1;0;1,0;1;0,2338;0,6095;0,1567
6344;2021-03-14;T20-21;D1;Stuttgart;Hoffenheim;2;0;1,0;1;0,3085;0,3987;0,2927
6342;2021-03-14;T20-21;D1;Leverkusen;Bielefeld;1;2;2,0;1;0,1773;0,7173;0,1055
45642;2021-03-14;T20-21;SP1;Granada;Sociedad;1;0;1,0;1;0,2921;0,3612;0,3466
26964;2021-03-14;T20-21;F1;Paris SG;Nantes;1;2;2,0;1;0,1298;0,8016;0,0687
26963;2021-03-14;T20-21;F1;Monaco;Lille;0;0;0,0;1;0,276;0,4172;0,3068
26962;2021-03-14;T20-21;F1;Rennes;Strasbourg;1;0;1,0;1;0,3154;0,4625;0,2221
26961;2021-03-14;T20-21;F1;Lorient;Nice;1;1;0,0;1;0,2648;0,4388;0,2964
26960;2021-03-14;T20-21;F1;Lens;Metz;2;2;0,0;1;0,3004;0,4553;0,2443
26959;2021-03-14;T20-21;F1;Dijon;Bordeaux;1;3;2,0;2;0,2704;0,348;0,3816
45641;2021-03-14;T20-21;SP1;Celta;Ath Bilbao;0;0;0,0;1;0,2918;0,4457;0,2625
45643;2021-03-14;T20-21;SP1;Eibar;Villarreal;1;3;2,0;2;0,2751;0,351;0,374
26958;2021-03-14;T20-21;F1;Nimes;Montpellier;1;1;0,0;1;0,2895;0,4306;0,2799
45644;2021-03-14;T20-21;SP1;Sevilla;Betis;1;0;1,0;1;0,2431;0,6088;0,148
35539;2021-03-14;T20-21;I1;Bologna;Sampdoria;3;1;1,0;1;0,2843;0,441;0,2747
45645;2021-03-15;T20-21;SP1;Barcelona;Huesca;4;1;1,0;1;0,106;0,8296;0,0644
16435;2021-03-15;T20-21;E0;Wolves;Liverpool;0;1;2,0;2;0,2481;0,2645;0,4874
58139;2021-03-15;T20-21;SP2;Almeria;Alcorcon;0;0;0,0;1;0,2441;0,6265;0,1294
45646;2021-03-17;T20-21;SP1;Sevilla;Elche;2;0;1,0;1;0,1966;0,6928;0,1106
35544;2021-03-17;T20-21;I1;Torino;Sassuolo;3;2;1,0;1;0,2706;0,3997;0,3297
35545;2021-03-19;T20-21;I1;Parma;Genoa;1;2;2,0;1;0,2843;0,4073;0,3085
45647;2021-03-19;T20-21;SP1;Betis;Levante;2;0;1,0;1;0,297;0,4867;0,2164
58140;2021-03-19;T20-21;SP2;Las Palmas;Girona;1;2;2,0;1;0,3162;0,4433;0,2406
16436;2021-03-19;T20-21;E0;Fulham;Leeds;1;2;2,0;2;0,2776;0,3562;0,3662
26965;2021-03-19;T20-21;F1;St Etienne;Monaco;0;4;2,0;2;0,2846;0,3085;0,4068
6345;2021-03-19;T20-21;D1;Bielefeld;RB Leipzig;0;1;2,0;2;0,2158;0,1709;0,6133
16437;2021-03-20;T20-21;E0;Brighton;Newcastle;3;0;1,0;1;0,2905;0,4355;0,274
6349;2021-03-20;T20-21;D1;Werder Bremen;Wolfsburg;1;2;2,0;2;0,2725;0,2431;0,4844
6350;2021-03-20;T20-21;D1;Schalke 04;M'gladbach;0;3;2,0;2;0,2574;0,3559;0,3866
45651;2021-03-20;T20-21;SP1;Valladolid;Sevilla;1;1;0,0;2;0,2665;0,2377;0,4958
45650;2021-03-20;T20-21;SP1;Huesca;Osasuna;0;0;0,0;1;0,2853;0,3971;0,3175
45649;2021-03-20;T20-21;SP1;Celta;Real Madrid;1;3;2,0;2;0,2426;0,1979;0,5595
45648;2021-03-20;T20-21;SP1;Ath Bilbao;Eibar;1;1;0,0;1;0,2672;0,5478;0,1849
6348;2021-03-20;T20-21;D1;FC Koln;Dortmund;2;2;0,0;2;0,2294;0,2198;0,5508
6347;2021-03-20;T20-21;D1;Ein Frankfurt;Union Berlin;5;2;1,0;1;0,2732;0,5404;0,1864
6346;2021-03-20;T20-21;D1;Bayern Munich;Stuttgart;4;0;1,0;1;0,1578;0,7348;0,1075
35547;2021-03-20;T20-21;I1;Spezia;Cagliari;2;1;1,0;1;0,2757;0,4673;0,2571
26966;2021-03-20;T20-21;F1;Metz;Rennes;1;3;2,0;1;0,3001;0,3672;0,3326
58141;2021-03-20;T20-21;SP2;Sabadell;Sp Gijon;1;1;0,0;2;0,2743;0,3559;0,3698
58142;2021-03-20;T20-21;SP2;Mallorca;Oviedo;0;0;0,0;1;0,2456;0,6007;0,1537
26967;2021-03-20;T20-21;F1;Nice;Marseille;3;0;1,0;2;0,2726;0,3442;0,3832
58143;2021-03-20;T20-21;SP2;Leganes;Fuenlabrada;0;2;2,0;1;0,2879;0,5365;0,1756
58144;2021-03-20;T20-21;SP2;Espanol;Logrones;4;0;1,0;1;0,2732;0,5917;0,1351
35546;2021-03-20;T20-21;I1;Crotone;Bologna;2;3;2,0;1;0,2541;0,3785;0,3674
45655;2021-03-21;T20-21;SP1;Ath Madrid;Alaves;1;0;1,0;1;0,15;0,7792;0,0707
58145;2021-03-21;T20-21;SP2;Ponferradina;Almeria;2;1;1,0;2;0,3153;0,3085;0,3763
45652;2021-03-21;T20-21;SP1;Getafe;Elche;1;1;0,0;1;0,2829;0,4985;0,2187
45653;2021-03-21;T20-21;SP1;Valencia;Granada;2;1;1,0;1;0,2793;0,4808;0,2399
58146;2021-03-21;T20-21;SP2;Malaga;Tenerife;1;1;0,0;1;0,3252;0,4382;0,2365
58147;2021-03-21;T20-21;SP2;Lugo;Castellon;0;0;0,0;1;0,3012;0,473;0,2258
45654;2021-03-21;T20-21;SP1;Villarreal;Cadiz;2;1;1,0;1;0,2599;0,5675;0,1726
45656;2021-03-21;T20-21;SP1;Sociedad;Barcelona;1;6;2,0;2;0,2973;0,2496;0,4531
26969;2021-03-21;T20-21;F1;Brest;Angers;0;0;0,0;1;0,2946;0,4749;0,2305
58148;2021-03-21;T20-21;SP2;Alcorcon;Vallecano;0;3;2,0;1;0,3011;0,3721;0,3269
6353;2021-03-21;T20-21;D1;Freiburg;Augsburg;2;0;1,0;1;0,2897;0,4754;0,2348
35548;2021-03-21;T20-21;I1;Verona;Atalanta;0;2;2,0;2;0,2379;0,2108;0,5513
35549;2021-03-21;T20-21;I1;Juventus;Benevento;0;1;2,0;1;0,1224;0,812;0,0656
16439;2021-03-21;T20-21;E0;Aston Villa;Tottenham;0;2;2,0;2;0,289;0,3406;0,3704
35550;2021-03-21;T20-21;I1;Sampdoria;Torino;1;0;1,0;1;0,2844;0,4544;0,2612
35551;2021-03-21;T20-21;I1;Udinese;Lazio;0;1;2,0;2;0,2559;0,2836;0,4604
35552;2021-03-21;T20-21;I1;Fiorentina;Milan;2;3;2,0;2;0,2537;0,2514;0,4949
35553;2021-03-21;T20-21;I1;Roma;Napoli;0;2;2,0;1;0,2508;0,4813;0,2679
6352;2021-03-21;T20-21;D1;Hertha;Leverkusen;3;0;1,0;2;0,2234;0,2235;0,5531
6351;2021-03-21;T20-21;D1;Hoffenheim;Mainz;1;2;2,0;1;0,2555;0,5132;0,2313
26972;2021-03-21;T20-21;F1;Nantes;Lorient;1;1;0,0;1;0,2701;0,4531;0,2768
26968;2021-03-21;T20-21;F1;Strasbourg;Lens;1;2;2,0;1;0,2712;0,3742;0,3546
16438;2021-03-21;T20-21;E0;West Ham;Arsenal;3;3;0,0;1;0,2823;0,4192;0,2985
26971;2021-03-21;T20-21;F1;Montpellier;Bordeaux;3;1;1,0;1;0,2938;0,4269;0,2793
26970;2021-03-21;T20-21;F1;Dijon;Reims;0;1;2,0;1;0,2816;0,3714;0,347
26973;2021-03-21;T20-21;F1;Lille;Nimes;1;2;2,0;1;0,166;0,7624;0,0716
26974;2021-03-21;T20-21;F1;Lyon;Paris SG;2;4;2,0;1;0,2857;0,4273;0,287
58149;2021-03-22;T20-21;SP2;Albacete;Cartagena;2;0;1,0;1;0,2743;0,4962;0,2295
58150;2021-03-22;T20-21;SP2;Zaragoza;Mirandes;1;0;1,0;1;0,2772;0,4627;0,2602
58151;2021-03-26;T20-21;SP2;Sp Gijon;Alcorcon;0;0;0,0;1;0,2735;0,5817;0,1449
58152;2021-03-26;T20-21;SP2;Castellon;Espanol;1;3;2,0;2;0,2772;0,3022;0,4206
58154;2021-03-27;T20-21;SP2;Almeria;Leganes;1;1;0,0;1;0,2856;0,504;0,2104
58153;2021-03-27;T20-21;SP2;Oviedo;Ponferradina;1;1;0,0;1;0,3062;0,4215;0,2723
58155;2021-03-27;T20-21;SP2;Cartagena;Malaga;1;1;0,0;1;0,2919;0,4246;0,2835
58156;2021-03-27;T20-21;SP2;Logrones;Zaragoza;1;1;0,0;1;0,2922;0,4147;0,2931
58159;2021-03-28;T20-21;SP2;Tenerife;Las Palmas;1;1;0,0;1;0,3069;0,4859;0,2072
58157;2021-03-28;T20-21;SP2;Lugo;Sabadell;0;1;2,0;1;0,2729;0,4837;0,2434
58158;2021-03-28;T20-21;SP2;Girona;Albacete;2;1;1,0;1;0,2973;0,5116;0,191
58160;2021-03-29;T20-21;SP2;Fuenlabrada;Mallorca;4;1;1,0;2;0,2992;0,3484;0,3524
58164;2021-03-30;T20-21;SP2;Vallecano;Sp Gijon;0;1;2,0;1;0,3234;0,4314;0,2452
58163;2021-03-30;T20-21;SP2;Ponferradina;Logrones;2;2;0,0;1;0,2846;0,5217;0,1937
58162;2021-03-30;T20-21;SP2;Malaga;Almeria;0;3;2,0;2;0,3161;0,312;0,3719
58161;2021-03-30;T20-21;SP2;Alcorcon;Oviedo;1;1;0,0;1;0,2928;0,4526;0,2547
58166;2021-03-31;T20-21;SP2;Sabadell;Girona;2;2;0,0;1;0,3082;0,4064;0,2853
58165;2021-03-31;T20-21;SP2;Albacete;Castellon;0;1;2,0;1;0,2746;0,5042;0,2212
58169;2021-04-01;T20-21;SP2;Las Palmas;Lugo;6;1;1,0;1;0,3139;0,4502;0,2359
58167;2021-04-01;T20-21;SP2;Espanol;Fuenlabrada;4;0;1,0;1;0,2783;0,5562;0,1655
58170;2021-04-01;T20-21;SP2;Zaragoza;Cartagena;0;0;0,0;1;0,2743;0,5337;0,192
58168;2021-04-01;T20-21;SP2;Mallorca;Leganes;1;0;1,0;1;0,315;0,4576;0,2274
58171;2021-04-02;T20-21;SP2;Almeria;Vallecano;0;1;2,0;1;0,2976;0,493;0,2093
45657;2021-04-02;T20-21;SP1;Levante;Huesca;0;2;2,0;1;0,247;0,5426;0,2104
16443;2021-04-03;T20-21;E0;Arsenal;Liverpool;0;3;2,0;2;0,2674;0,336;0,3966
16442;2021-04-03;T20-21;E0;Leicester;Man City;0;2;2,0;2;0,2592;0,2718;0,469
16440;2021-04-03;T20-21;E0;Chelsea;West Brom;2;5;2,0;1;0,1998;0,6941;0,106
35562;2021-04-03;T20-21;I1;Torino;Juventus;2;2;0,0;2;0,2311;0,1896;0,5793
26977;2021-04-03;T20-21;F1;Lens;Lyon;1;1;0,0;2;0,2745;0,2386;0,4869
26976;2021-04-03;T20-21;F1;Paris SG;Lille;0;1;2,0;1;0,2451;0,5311;0,2238
26975;2021-04-03;T20-21;F1;Monaco;Metz;4;0;1,0;1;0,2251;0,6372;0,1377
16441;2021-04-03;T20-21;E0;Leeds;Sheffield United;2;1;1,0;1;0,2428;0,5758;0,1814
35563;2021-04-03;T20-21;I1;Bologna;Inter;0;1;2,0;2;0,2115;0,1749;0,6136
35561;2021-04-03;T20-21;I1;Sassuolo;Roma;2;2;0,0;2;0,266;0,2938;0,4402
35554;2021-04-03;T20-21;I1;Milan;Sampdoria;1;1;0,0;1;0,1994;0,6805;0,1201
45658;2021-04-03;T20-21;SP1;Granada;Villarreal;0;3;2,0;2;0,2822;0,3224;0,3954
58172;2021-04-03;T20-21;SP2;Logrones;Tenerife;1;0;1,0;1;0,2963;0,4245;0,2792
58173;2021-04-03;T20-21;SP2;Girona;Ponferradina;3;1;1,0;1;0,3187;0,4579;0,2234
35559;2021-04-03;T20-21;I1;Lazio;Spezia;2;1;1,0;1;0,2065;0,666;0,1276
35558;2021-04-03;T20-21;I1;Genoa;Fiorentina;1;1;0,0;1;0,2812;0,3842;0,3346
35557;2021-04-03;T20-21;I1;Cagliari;Verona;0;2;2,0;1;0,2755;0,3816;0,3428
35556;2021-04-03;T20-21;I1;Benevento;Parma;2;2;0,0;1;0,2467;0,481;0,2723
35555;2021-04-03;T20-21;I1;Atalanta;Udinese;3;2;1,0;1;0,2022;0,6858;0,1121
45659;2021-04-03;T20-21;SP1;Real Madrid;Eibar;2;0;1,0;1;0,1675;0,7587;0,0738
45660;2021-04-03;T20-21;SP1;Osasuna;Getafe;0;0;0,0;1;0,2976;0,4301;0,2723
35560;2021-04-03;T20-21;I1;Napoli;Crotone;4;3;1,0;1;0,1547;0,7602;0,0851
6360;2021-04-03;T20-21;D1;M'gladbach;Freiburg;2;1;1,0;1;0,2851;0,487;0,2279
6359;2021-04-03;T20-21;D1;RB Leipzig;Bayern Munich;0;1;2,0;1;0,2733;0,4208;0,3059
6358;2021-04-03;T20-21;D1;Wolfsburg;FC Koln;1;0;1,0;1;0,1793;0,697;0,1237
6357;2021-04-03;T20-21;D1;Mainz;Bielefeld;1;1;0,0;1;0,2622;0,497;0,2408
6356;2021-04-03;T20-21;D1;Leverkusen;Schalke 04;2;1;1,0;1;0,2401;0,569;0,1909
6355;2021-04-03;T20-21;D1;Dortmund;Ein Frankfurt;1;2;2,0;1;0,2054;0,633;0,1617
6354;2021-04-03;T20-21;D1;Augsburg;Hoffenheim;2;1;1,0;1;0,2905;0,3551;0,3544
58174;2021-04-03;T20-21;SP2;Castellon;Oviedo;1;0;1,0;1;0,2739;0,4625;0,2636
26982;2021-04-04;T20-21;F1;Reims;Rennes;2;2;0,0;1;0,3053;0,3752;0,3196
58177;2021-04-04;T20-21;SP2;Leganes;Sabadell;2;1;1,0;1;0,2677;0,5826;0,1497
26980;2021-04-04;T20-21;F1;Lorient;Brest;1;0;1,0;1;0,2706;0,4797;0,2497
26983;2021-04-04;T20-21;F1;Nimes;St Etienne;0;2;2,0;1;0,2747;0,4472;0,278
26979;2021-04-04;T20-21;F1;Bordeaux;Strasbourg;2;3;2,0;1;0,2848;0,4631;0,2521
26978;2021-04-04;T20-21;F1;Angers;Montpellier;1;1;0,0;1;0,3038;0,4435;0,2527
45663;2021-04-04;T20-21;SP1;Cadiz;Valencia;2;1;1,0;1;0,2928;0,3874;0,3197
45664;2021-04-04;T20-21;SP1;Sevilla;Ath Madrid;1;0;1,0;1;0,3037;0,3647;0,3316
6362;2021-04-04;T20-21;D1;Union Berlin;Hertha;1;1;0,0;1;0,269;0,5065;0,2245
6361;2021-04-04;T20-21;D1;Stuttgart;Werder Bremen;1;0;1,0;1;0,306;0,4117;0,2824
26981;2021-04-04;T20-21;F1;Nantes;Nice;1;2;2,0;1;0,2845;0,428;0,2875
26984;2021-04-04;T20-21;F1;Marseille;Dijon;2;0;1,0;1;0,2244;0,6146;0,1611
45662;2021-04-04;T20-21;SP1;Elche;Betis;1;1;0,0;1;0,2899;0,4294;0,2807
58176;2021-04-04;T20-21;SP2;Albacete;Espanol;0;3;2,0;2;0,2666;0,259;0,4744
58179;2021-04-04;T20-21;SP2;Las Palmas;Mallorca;1;1;0,0;1;0,2888;0,3826;0,3286
58178;2021-04-04;T20-21;SP2;Lugo;Malaga;0;1;2,0;1;0,298;0,4167;0,2853
16447;2021-04-04;T20-21;E0;Man United;Brighton;2;1;1,0;1;0,2052;0,6737;0,1212
58175;2021-04-04;T20-21;SP2;Sp Gijon;Mirandes;1;2;2,0;1;0,2506;0,5947;0,1547
16445;2021-04-04;T20-21;E0;Newcastle;Tottenham;2;2;0,0;2;0,2615;0,3097;0,4288
16444;2021-04-04;T20-21;E0;Southampton;Burnley;3;2;1,0;1;0,2945;0,4184;0,2871
45661;2021-04-04;T20-21;SP1;Alaves;Celta;1;3;2,0;1;0,2808;0,4453;0,2739
16446;2021-04-04;T20-21;E0;Aston Villa;Fulham;3;1;1,0;1;0,2737;0,4902;0,2361
16448;2021-04-05;T20-21;E0;Everton;Crystal Palace;1;1;0,0;1;0,2674;0,5409;0,1916
16449;2021-04-05;T20-21;E0;Wolves;West Ham;2;3;2,0;1;0,2841;0,3938;0,322
58180;2021-04-05;T20-21;SP2;Cartagena;Alcorcon;2;1;1,0;1;0,2861;0,4157;0,2982
58181;2021-04-05;T20-21;SP2;Fuenlabrada;Zaragoza;0;1;2,0;1;0,316;0,4286;0,2554
45665;2021-04-05;T20-21;SP1;Barcelona;Valladolid;1;0;1,0;1;0,1306;0,7977;0,0717
35564;2021-04-07;T20-21;I1;Inter;Sassuolo;2;1;1,0;1;0,1474;0,7672;0,0853
45666;2021-04-07;T20-21;SP1;Sociedad;Ath Bilbao;1;1;0,0;1;0,2867;0,5255;0,1878
35565;2021-04-07;T20-21;I1;Juventus;Napoli;2;1;1,0;1;0,2553;0,5136;0,2311
58182;2021-04-09;T20-21;SP2;Tenerife;Sp Gijon;1;0;1,0;1;0,3094;0,3961;0,2945
45667;2021-04-09;T20-21;SP1;Huesca;Elche;3;1;1,0;1;0,2707;0,4831;0,2462
6363;2021-04-09;T20-21;D1;Bielefeld;Freiburg;1;0;1,0;1;0,2623;0,4102;0,3275
26985;2021-04-09;T20-21;F1;Metz;Lille;0;2;2,0;2;0,2702;0,2144;0,5154
16450;2021-04-09;T20-21;E0;Fulham;Wolves;0;1;2,0;1;0,2708;0,3821;0,3471
6364;2021-04-10;T20-21;D1;Bayern Munich;Union Berlin;1;1;0,0;1;0,1152;0,8195;0,0653
6366;2021-04-10;T20-21;D1;Hertha;M'gladbach;2;2;0,0;2;0,2727;0,3437;0,3835
6367;2021-04-10;T20-21;D1;Werder Bremen;RB Leipzig;1;4;2,0;2;0,2436;0,2132;0,5432
6368;2021-04-10;T20-21;D1;Stuttgart;Dortmund;2;3;2,0;2;0,2575;0,33;0,4125
58185;2021-04-10;T20-21;SP2;Vallecano;Girona;2;1;1,0;1;0,3115;0,4662;0,2223
6365;2021-04-10;T20-21;D1;Ein Frankfurt;Wolfsburg;4;3;1,0;1;0,2848;0,3783;0,3369
58184;2021-04-10;T20-21;SP2;Oviedo;Las Palmas;0;0;0,0;1;0,3075;0,4446;0,2479
16452;2021-04-10;T20-21;E0;Liverpool;Aston Villa;2;1;1,0;1;0,1924;0,6993;0,1082
45671;2021-04-10;T20-21;SP1;Real Madrid;Barcelona;2;1;1,0;1;0,2734;0,4174;0,3092
16451;2021-04-10;T20-21;E0;Man City;Leeds;1;2;2,0;1;0,1302;0,7804;0,0894
58183;2021-04-10;T20-21;SP2;Ponferradina;Fuenlabrada;0;0;0,0;1;0,2869;0,4259;0,2872
45670;2021-04-10;T20-21;SP1;Eibar;Levante;0;1;2,0;1;0,2736;0,4366;0,2898
45669;2021-04-10;T20-21;SP1;Ath Bilbao;Alaves;0;0;0,0;1;0,2478;0,5932;0,1591
45668;2021-04-10;T20-21;SP1;Getafe;Cadiz;0;1;2,0;1;0,3038;0,4681;0,2281
26986;2021-04-10;T20-21;F1;Strasbourg;Paris SG;1;4;2,0;2;0,2149;0,1687;0,6164
26987;2021-04-10;T20-21;F1;Montpellier;Marseille;3;3;0,0;2;0,2731;0,3529;0,374
35567;2021-04-10;T20-21;I1;Parma;Milan;1;3;2,0;2;0,2246;0,194;0,5814
35566;2021-04-10;T20-21;I1;Spezia;Crotone;3;2;1,0;1;0,2512;0,5248;0,224
35568;2021-04-10;T20-21;I1;Udinese;Torino;0;1;2,0;1;0,2763;0,4624;0,2613
16453;2021-04-10;T20-21;E0;Crystal Palace;Chelsea;1;4;2,0;2;0,2708;0,2784;0,4508
58188;2021-04-11;T20-21;SP2;Mallorca;Lugo;2;0;1,0;1;0,2274;0,6331;0,1395
45672;2021-04-11;T20-21;SP1;Villarreal;Osasuna;1;2;2,0;1;0,2579;0,5629;0,1792
58186;2021-04-11;T20-21;SP2;Malaga;Albacete;2;0;1,0;1;0,2568;0,524;0,2192
26989;2021-04-11;T20-21;F1;Brest;Nimes;1;1;0,0;1;0,2669;0,5181;0,215
26988;2021-04-11;T20-21;F1;Rennes;Nantes;1;0;1,0;1;0,2773;0,5151;0,2076
58189;2021-04-11;T20-21;SP2;Mirandes;Logrones;0;1;2,0;1;0,2871;0,4885;0,2244
58190;2021-04-11;T20-21;SP2;Sabadell;Cartagena;1;1;0,0;1;0,2906;0,4641;0,2453
58191;2021-04-11;T20-21;SP2;Espanol;Leganes;2;1;1,0;1;0,2735;0,5551;0,1714
26990;2021-04-11;T20-21;F1;Lens;Lorient;4;1;1,0;1;0,2939;0,4942;0,2119
26991;2021-04-11;T20-21;F1;Nice;Reims;0;0;0,0;1;0,2924;0,4535;0,2541
26992;2021-04-11;T20-21;F1;St Etienne;Bordeaux;4;1;1,0;1;0,2814;0,4079;0,3107
26993;2021-04-11;T20-21;F1;Monaco;Dijon;3;0;1,0;1;0,1649;0,7388;0,0963
58187;2021-04-11;T20-21;SP2;Zaragoza;Almeria;2;1;1,0;2;0,2945;0,3037;0,4018
45673;2021-04-11;T20-21;SP1;Valencia;Sociedad;2;2;0,0;1;0,2668;0,4483;0,2849
45675;2021-04-11;T20-21;SP1;Betis;Ath Madrid;1;1;0,0;2;0,2755;0,2222;0,5024
26994;2021-04-11;T20-21;F1;Lyon;Angers;3;0;1,0;1;0,221;0,6676;0,1114
16454;2021-04-11;T20-21;E0;Burnley;Newcastle;1;2;2,0;1;0,3003;0,4322;0,2675
6369;2021-04-11;T20-21;D1;Schalke 04;Augsburg;1;0;1,0;1;0,266;0,4124;0,3216
16455;2021-04-11;T20-21;E0;West Ham;Leicester;3;2;1,0;2;0,2627;0,3533;0,384
35574;2021-04-11;T20-21;I1;Fiorentina;Atalanta;2;3;2,0;2;0,2502;0,2265;0,5232
35573;2021-04-11;T20-21;I1;Roma;Bologna;1;0;1,0;1;0,222;0,649;0,129
35572;2021-04-11;T20-21;I1;Verona;Lazio;0;1;2,0;2;0,2474;0,248;0,5047
35571;2021-04-11;T20-21;I1;Sampdoria;Napoli;0;2;2,0;2;0,249;0,2035;0,5475
35570;2021-04-11;T20-21;I1;Juventus;Genoa;3;1;1,0;1;0,1559;0,7735;0,0706
35569;2021-04-11;T20-21;I1;Inter;Cagliari;1;0;1,0;1;0,1244;0,8128;0,0628
6370;2021-04-11;T20-21;D1;FC Koln;Mainz;2;3;2,0;1;0,2692;0,4154;0,3154
45674;2021-04-11;T20-21;SP1;Valladolid;Granada;1;2;2,0;1;0,274;0,4347;0,2913
16456;2021-04-11;T20-21;E0;Tottenham;Man United;1;3;2,0;2;0,2896;0,3549;0,3555
16457;2021-04-11;T20-21;E0;Sheffield United;Arsenal;0;3;2,0;2;0,246;0,3356;0,4184
58192;2021-04-12;T20-21;SP2;Alcorcon;Castellon;2;1;1,0;1;0,2862;0,4868;0,227
6371;2021-04-12;T20-21;D1;Hoffenheim;Leverkusen;0;0;0,0;2;0,2375;0,2917;0,4708
16459;2021-04-12;T20-21;E0;Brighton;Everton;0;0;0,0;2;0,2921;0,3399;0,368
35575;2021-04-12;T20-21;I1;Benevento;Sassuolo;0;1;2,0;1;0,2704;0,4023;0,3273
45676;2021-04-12;T20-21;SP1;Celta;Sevilla;3;4;2,0;2;0,2789;0,2455;0,4755
16458;2021-04-12;T20-21;E0;West Brom;Southampton;3;0;1,0;1;0,2688;0,3785;0,3527
58193;2021-04-14;T20-21;SP2;Vallecano;Mirandes;0;1;2,0;1;0,2549;0,5667;0,1785
6372;2021-04-16;T20-21;D1;RB Leipzig;Hoffenheim;0;0;0,0;1;0,2085;0,6692;0,1223
26995;2021-04-16;T20-21;F1;Lille;Montpellier;1;1;0,0;1;0,2077;0,6897;0,1026
58194;2021-04-16;T20-21;SP2;Fuenlabrada;Sabadell;2;2;0,0;1;0,2729;0,4992;0,2279
16460;2021-04-16;T20-21;E0;Everton;Tottenham;2;2;0,0;1;0,2785;0,4324;0,2891
58195;2021-04-16;T20-21;SP2;Girona;Zaragoza;3;0;1,0;1;0,33;0,4295;0,2405
26997;2021-04-17;T20-21;F1;Marseille;Lorient;3;2;1,0;1;0,2574;0,5508;0,1918
6375;2021-04-17;T20-21;D1;M'gladbach;Ein Frankfurt;4;0;1,0;1;0,2651;0,4204;0,3145
6376;2021-04-17;T20-21;D1;Union Berlin;Stuttgart;2;1;1,0;1;0,2868;0,4137;0,2995
6377;2021-04-17;T20-21;D1;Wolfsburg;Bayern Munich;2;3;2,0;2;0,2803;0,3133;0,4064
6378;2021-04-17;T20-21;D1;Leverkusen;FC Koln;3;0;1,0;1;0,2;0,6568;0,1433
16461;2021-04-17;T20-21;E0;Newcastle;West Ham;3;2;1,0;2;0,2696;0,3345;0,3959
16462;2021-04-17;T20-21;E0;Wolves;Sheffield United;1;0;1,0;1;0,2454;0,5556;0,1989
35576;2021-04-17;T20-21;I1;Crotone;Udinese;1;2;2,0;2;0,2412;0,3793;0,3795
35577;2021-04-17;T20-21;I1;Sampdoria;Verona;3;1;1,0;1;0,2904;0,4277;0,2819
35578;2021-04-17;T20-21;I1;Sassuolo;Fiorentina;3;1;1,0;1;0,2664;0,4541;0,2795
35579;2021-04-17;T20-21;I1;Cagliari;Parma;4;3;1,0;1;0,2533;0,4351;0,3117
6373;2021-04-17;T20-21;D1;Augsburg;Bielefeld;0;0;0,0;1;0,282;0,4659;0,252
26996;2021-04-17;T20-21;F1;Angers;Rennes;0;3;2,0;1;0,2955;0,3546;0,3498
58199;2021-04-17;T20-21;SP2;Sp Gijon;Oviedo;0;1;2,0;1;0,2547;0,5801;0,1652
58198;2021-04-17;T20-21;SP2;Las Palmas;Malaga;1;1;0,0;1;0,3094;0,44;0,2506
58197;2021-04-17;T20-21;SP2;Castellon;Mallorca;1;0;1,0;2;0,2676;0,3431;0,3893
58196;2021-04-17;T20-21;SP2;Lugo;Alcorcon;1;3;2,0;1;0,2896;0,4321;0,2783
6374;2021-04-17;T20-21;D1;Freiburg;Schalke 04;4;0;1,0;1;0,2702;0,472;0,2578
35585;2021-04-18;T20-21;I1;Napoli;Inter;1;1;0,0;1;0,2627;0,3874;0,3499
26999;2021-04-18;T20-21;F1;Brest;Lens;1;1;0,0;1;0,2794;0,3815;0,3391
27000;2021-04-18;T20-21;F1;Dijon;Nice;2;0;1,0;2;0,2772;0,3505;0,3722
27001;2021-04-18;T20-21;F1;Nimes;Strasbourg;1;1;0,0;1;0,2725;0,4473;0,2803
45684;2021-04-18;T20-21;SP1;Levante;Villarreal;1;5;2,0;1;0,2856;0,3572;0,3571
27002;2021-04-18;T20-21;F1;Reims;Metz;0;0;0,0;1;0,2866;0,449;0,2644
45682;2021-04-18;T20-21;SP1;Cadiz;Celta;0;0;0,0;1;0,2932;0,4526;0,2542
45681;2021-04-18;T20-21;SP1;Betis;Valencia;2;2;0,0;1;0,2798;0,4392;0,281
45680;2021-04-18;T20-21;SP1;Ath Madrid;Eibar;5;0;1,0;1;0,1555;0,762;0,0826
45679;2021-04-18;T20-21;SP1;Alaves;Huesca;1;0;1,0;1;0,271;0,4446;0,2844
45678;2021-04-18;T20-21;SP1;Sociedad;Sevilla;1;2;2,0;2;0,2985;0,2985;0,403
45677;2021-04-18;T20-21;SP1;Osasuna;Elche;2;0;1,0;1;0,2698;0,5021;0,228
27003;2021-04-18;T20-21;F1;Bordeaux;Monaco;0;3;2,0;2;0,2678;0,2697;0,4625
26998;2021-04-18;T20-21;F1;Paris SG;St Etienne;3;2;1,0;1;0,1787;0,7133;0,108
35581;2021-04-18;T20-21;I1;Atalanta;Juventus;1;0;1,0;1;0,2655;0,4128;0,3217
35582;2021-04-18;T20-21;I1;Bologna;Spezia;4;1;1,0;1;0,2694;0,4606;0,2699
35583;2021-04-18;T20-21;I1;Lazio;Benevento;5;3;1,0;1;0,1962;0,688;0,1158
35584;2021-04-18;T20-21;I1;Torino;Roma;3;1;1,0;2;0,2248;0,2104;0,5648
27004;2021-04-18;T20-21;F1;Nantes;Lyon;1;2;2,0;2;0,237;0,1969;0,5661
35580;2021-04-18;T20-21;I1;Milan;Genoa;2;1;1,0;1;0,1965;0,6883;0,1152
45683;2021-04-18;T20-21;SP1;Getafe;Real Madrid;0;0;0,0;2;0,2364;0,1862;0,5773
6379;2021-04-18;T20-21;D1;Dortmund;Werder Bremen;4;1;1,0;1;0,2254;0,5855;0,1891
16464;2021-04-18;T20-21;E0;Man United;Burnley;3;1;1,0;1;0,1778;0,7167;0,1055
16463;2021-04-18;T20-21;E0;Arsenal;Fulham;1;1;0,0;1;0,2412;0,563;0,1958
58200;2021-04-18;T20-21;SP2;Albacete;Mirandes;1;0;1,0;1;0,2804;0,4081;0,3116
58201;2021-04-18;T20-21;SP2;Logrones;Vallecano;0;0;0,0;2;0,307;0,3276;0,3654
58202;2021-04-18;T20-21;SP2;Cartagena;Tenerife;0;0;0,0;1;0,2913;0,4412;0,2676
16465;2021-04-19;T20-21;E0;Leeds;Liverpool;1;1;0,0;2;0,2649;0,2582;0,4768
58203;2021-04-19;T20-21;SP2;Leganes;Ponferradina;1;1;0,0;1;0,2682;0,5646;0,1672
58204;2021-04-19;T20-21;SP2;Almeria;Espanol;1;1;0,0;1;0,3075;0,3778;0,3147
6380;2021-04-20;T20-21;D1;FC Koln;RB Leipzig;2;1;1,0;2;0,1971;0,1598;0,6431
35586;2021-04-20;T20-21;I1;Verona;Fiorentina;1;2;2,0;1;0,2904;0,387;0,3226
16466;2021-04-20;T20-21;E0;Chelsea;Brighton;0;0;0,0;1;0,2323;0,6313;0,1364
6383;2021-04-20;T20-21;D1;Ein Frankfurt;Augsburg;2;0;1,0;1;0,2339;0,6251;0,141
6382;2021-04-20;T20-21;D1;Bielefeld;Schalke 04;1;0;1,0;1;0,2593;0,4516;0,2891
6381;2021-04-20;T20-21;D1;Bayern Munich;Leverkusen;2;0;1,0;1;0,2241;0,597;0,179
35591;2021-04-21;T20-21;I1;Juventus;Parma;3;1;1,0;1;0,1489;0,7631;0,0879
45685;2021-04-21;T20-21;SP1;Levante;Sevilla;0;1;2,0;2;0,2666;0,2377;0,4957
6384;2021-04-21;T20-21;D1;Dortmund;Union Berlin;2;0;1,0;1;0,1824;0,6853;0,1323
6385;2021-04-21;T20-21;D1;Hoffenheim;M'gladbach;3;2;1,0;1;0,2742;0,373;0,3528
6386;2021-04-21;T20-21;D1;Stuttgart;Wolfsburg;1;3;2,0;2;0,2743;0,315;0,4107
6387;2021-04-21;T20-21;D1;Werder Bremen;Mainz;0;1;2,0;1;0,2771;0,4358;0,2872
35587;2021-04-21;T20-21;I1;Milan;Sassuolo;1;2;2,0;1;0,1911;0,6675;0,1414
35588;2021-04-21;T20-21;I1;Bologna;Torino;1;1;0,0;1;0,2776;0,4558;0,2666
35589;2021-04-21;T20-21;I1;Crotone;Sampdoria;0;1;2,0;2;0,2521;0,3654;0,3825
35590;2021-04-21;T20-21;I1;Genoa;Benevento;2;2;0,0;1;0,2744;0,4325;0,2931
45687;2021-04-21;T20-21;SP1;Betis;Ath Bilbao;0;0;0,0;1;0,3;0,4826;0,2174
35592;2021-04-21;T20-21;I1;Spezia;Inter;1;1;0,0;2;0,1951;0,1435;0,6615
35593;2021-04-21;T20-21;I1;Udinese;Cagliari;0;1;2,0;1;0,266;0,4966;0,2375
45688;2021-04-21;T20-21;SP1;Alaves;Villarreal;2;1;1,0;2;0,2612;0,2679;0,471
58205;2021-04-21;T20-21;SP2;Mirandes;Tenerife;0;0;0,0;1;0,3074;0,4334;0,2591
45689;2021-04-21;T20-21;SP1;Elche;Valladolid;1;1;0,0;1;0,2779;0,4606;0,2615
45686;2021-04-21;T20-21;SP1;Osasuna;Valencia;3;1;1,0;1;0,2767;0,3944;0,3289
16468;2021-04-21;T20-21;E0;Aston Villa;Man City;1;2;2,0;2;0,2035;0,1468;0,6497
16467;2021-04-21;T20-21;E0;Tottenham;Southampton;2;1;1,0;1;0,2447;0,5813;0,174
45690;2021-04-21;T20-21;SP1;Cadiz;Real Madrid;0;3;2,0;2;0,2424;0,1849;0,5727
45692;2021-04-22;T20-21;SP1;Granada;Eibar;4;1;1,0;1;0,2555;0,5402;0,2043
45691;2021-04-22;T20-21;SP1;Ath Madrid;Huesca;2;0;1,0;1;0,1676;0,7619;0,0705
45694;2021-04-22;T20-21;SP1;Barcelona;Getafe;5;2;1,0;1;0,1374;0,7875;0,0751
16469;2021-04-22;T20-21;E0;Leicester;West Brom;3;0;1,0;1;0,2125;0,6513;0,1361
35594;2021-04-22;T20-21;I1;Roma;Atalanta;1;1;0,0;1;0,2774;0,4254;0,2972
35595;2021-04-22;T20-21;I1;Napoli;Lazio;5;2;1,0;1;0,2502;0,4998;0,25
45693;2021-04-22;T20-21;SP1;Sociedad;Celta;2;1;1,0;1;0,2647;0,5495;0,1858
27005;2021-04-23;T20-21;F1;Reims;Marseille;1;3;2,0;2;0,2611;0,3319;0,407
58206;2021-04-23;T20-21;SP2;Zaragoza;Sp Gijon;0;0;0,0;1;0,2941;0,3931;0,3129
6388;2021-04-23;T20-21;D1;Augsburg;FC Koln;2;3;2,0;1;0,2472;0,5035;0,2494
16470;2021-04-23;T20-21;E0;Arsenal;Everton;0;1;2,0;1;0,2819;0,445;0,2731
45696;2021-04-24;T20-21;SP1;Valladolid;Cadiz;1;1;0,0;1;0,2831;0,4471;0,2698
16471;2021-04-24;T20-21;E0;Liverpool;Newcastle;1;1;0,0;1;0,1586;0,7464;0,095
16472;2021-04-24;T20-21;E0;West Ham;Chelsea;0;1;2,0;2;0,271;0,3423;0,3868
16473;2021-04-24;T20-21;E0;Sheffield United;Brighton;1;0;1,0;2;0,2742;0,3549;0,3709
58210;2021-04-24;T20-21;SP2;Ponferradina;Lugo;2;0;1,0;1;0,2783;0,5161;0,2056
58209;2021-04-24;T20-21;SP2;Espanol;Las Palmas;4;0;1,0;1;0,2192;0,6511;0,1297
35596;2021-04-24;T20-21;I1;Genoa;Spezia;2;0;1,0;1;0,2733;0,4172;0,3095
35597;2021-04-24;T20-21;I1;Parma;Crotone;3;4;2,0;1;0,2488;0,4781;0,273
35598;2021-04-24;T20-21;I1;Sassuolo;Sampdoria;1;0;1,0;1;0,2739;0,5083;0,2178
58208;2021-04-24;T20-21;SP2;Malaga;Fuenlabrada;0;1;2,0;1;0,2916;0,4199;0,2886
27006;2021-04-24;T20-21;F1;St Etienne;Brest;1;2;2,0;1;0,3001;0,4481;0,2519
27007;2021-04-24;T20-21;F1;Metz;Paris SG;1;3;2,0;2;0,2113;0,1643;0,6244
45695;2021-04-24;T20-21;SP1;Elche;Levante;1;0;1,0;1;0,2671;0,4555;0,2774
6392;2021-04-24;T20-21;D1;Wolfsburg;Dortmund;0;2;2,0;1;0,2737;0,4351;0,2912
6393;2021-04-24;T20-21;D1;Leverkusen;Ein Frankfurt;3;1;1,0;1;0,2415;0,4788;0,2797
6390;2021-04-24;T20-21;D1;Mainz;Bayern Munich;2;1;1,0;2;0,2109;0,1553;0,6338
6389;2021-04-24;T20-21;D1;Freiburg;Hoffenheim;1;1;0,0;1;0,2898;0,443;0,2672
45697;2021-04-24;T20-21;SP1;Valencia;Alaves;1;1;0,0;1;0,2672;0,552;0,1808
45698;2021-04-24;T20-21;SP1;Real Madrid;Betis;0;0;0,0;1;0,1973;0,7131;0,0896
6391;2021-04-24;T20-21;D1;Union Berlin;Werder Bremen;3;1;1,0;1;0,2819;0,4328;0,2853
58207;2021-04-24;T20-21;SP2;Logrones;Cartagena;0;1;2,0;1;0,2992;0,4693;0,2314
58211;2021-04-25;T20-21;SP2;Oviedo;Girona;0;1;2,0;1;0,3122;0,3943;0,2935
35603;2021-04-25;T20-21;I1;Atalanta;Bologna;5;0;1,0;1;0,2071;0,6598;0,1331
35602;2021-04-25;T20-21;I1;Cagliari;Roma;3;2;1,0;2;0,2259;0,2338;0,5403
35601;2021-04-25;T20-21;I1;Inter;Verona;1;0;1,0;1;0,1553;0,77;0,0747
35600;2021-04-25;T20-21;I1;Fiorentina;Juventus;1;1;0,0;2;0,2499;0,2207;0,5294
27014;2021-04-25;T20-21;F1;Lyon;Lille;2;3;2,0;1;0,2766;0,4599;0,2635
35599;2021-04-25;T20-21;I1;Benevento;Udinese;2;4;2,0;1;0,271;0,4088;0,3202
27012;2021-04-25;T20-21;F1;Strasbourg;Nantes;1;2;2,0;1;0,2593;0,4786;0,2622
27011;2021-04-25;T20-21;F1;Rennes;Dijon;5;1;1,0;1;0,2284;0,6201;0,1515
27010;2021-04-25;T20-21;F1;Lorient;Bordeaux;4;1;1,0;1;0,2678;0,3913;0,3409
27008;2021-04-25;T20-21;F1;Nice;Montpellier;3;1;1,0;1;0,296;0,4544;0,2497
27009;2021-04-25;T20-21;F1;Lens;Nimes;2;1;1,0;1;0,2708;0,5425;0,1867
27013;2021-04-25;T20-21;F1;Angers;Monaco;0;1;2,0;2;0,2698;0,2325;0,4977
58212;2021-04-25;T20-21;SP2;Mirandes;Almeria;1;1;0,0;2;0,2951;0,3473;0,3576
58214;2021-04-25;T20-21;SP2;Tenerife;Castellon;1;1;0,0;1;0,3133;0,4905;0,1963
16474;2021-04-25;T20-21;E0;Wolves;Burnley;0;4;2,0;1;0,2906;0,4468;0,2626
16475;2021-04-25;T20-21;E0;Leeds;Man United;0;0;0,0;2;0,2614;0,2025;0,5361
16476;2021-04-25;T20-21;E0;Aston Villa;West Brom;2;2;0,0;1;0,2564;0,5115;0,2321
45699;2021-04-25;T20-21;SP1;Huesca;Getafe;0;2;2,0;1;0,2739;0,4458;0,2803
45700;2021-04-25;T20-21;SP1;Villarreal;Barcelona;1;2;2,0;2;0,2341;0,2255;0,5404
45701;2021-04-25;T20-21;SP1;Celta;Osasuna;2;1;1,0;1;0,2897;0,4181;0,2922
45702;2021-04-25;T20-21;SP1;Sevilla;Granada;2;1;1,0;1;0,2199;0,653;0,1271
6395;2021-04-25;T20-21;D1;M'gladbach;Bielefeld;5;0;1,0;1;0,2645;0,5566;0,1789
6394;2021-04-25;T20-21;D1;RB Leipzig;Stuttgart;2;0;1,0;1;0,2;0,6545;0,1455
45703;2021-04-25;T20-21;SP1;Ath Bilbao;Ath Madrid;2;1;1,0;2;0,2551;0,2121;0,5328
58213;2021-04-25;T20-21;SP2;Alcorcon;Leganes;1;2;2,0;1;0,3104;0,3954;0,2942
58215;2021-04-26;T20-21;SP2;Vallecano;Albacete;2;2;0,0;1;0,2337;0,6031;0,1633
35605;2021-04-26;T20-21;I1;Lazio;Milan;3;0;1,0;1;0,2586;0,4225;0,3189
35604;2021-04-26;T20-21;I1;Torino;Napoli;0;2;2,0;2;0,2057;0,1685;0,6259
45704;2021-04-26;T20-21;SP1;Eibar;Sociedad;0;1;2,0;2;0,2618;0,3452;0,393
58216;2021-04-26;T20-21;SP2;Sabadell;Mallorca;1;0;1,0;2;0,2756;0,3138;0,4106
16477;2021-04-26;T20-21;E0;Leicester;Crystal Palace;2;1;1,0;1;0,2116;0,644;0,1444
45705;2021-04-28;T20-21;SP1;Ath Bilbao;Valladolid;2;2;0,0;1;0,2888;0,5041;0,2071
45706;2021-04-29;T20-21;SP1;Barcelona;Granada;1;2;2,0;1;0,1122;0,815;0,0728
58217;2021-04-30;T20-21;SP2;Lugo;Zaragoza;2;2;0,0;1;0,285;0,4146;0,3004
45707;2021-04-30;T20-21;SP1;Celta;Levante;2;0;1,0;1;0,2704;0,4647;0,2649
27015;2021-04-30;T20-21;F1;Marseille;Strasbourg;1;1;0,0;1;0,2366;0,5863;0,1772
16478;2021-04-30;T20-21;E0;Southampton;Leicester;1;1;0,0;2;0,2616;0,238;0,5003
16480;2021-05-01;T20-21;E0;Brighton;Leeds;2;0;1,0;1;0,2724;0,3662;0,3615
16481;2021-05-01;T20-21;E0;Chelsea;Fulham;2;0;1,0;1;0,2074;0,6619;0,1306
16482;2021-05-01;T20-21;E0;Everton;Aston Villa;1;2;2,0;1;0,2526;0,5549;0,1924
16479;2021-05-01;T20-21;E0;Crystal Palace;Man City;0;2;2,0;2;0,2061;0,1493;0,6447
35606;2021-05-01;T20-21;I1;Verona;Spezia;1;1;0,0;1;0,2765;0,4455;0,278
35607;2021-05-01;T20-21;I1;Crotone;Inter;0;2;2,0;2;0,1878;0,144;0,6682
35608;2021-05-01;T20-21;I1;Milan;Benevento;2;0;1,0;1;0,1925;0,6753;0,1322
58220;2021-05-01;T20-21;SP2;Mallorca;Mirandes;2;1;1,0;1;0,274;0,5786;0,1474
58219;2021-05-01;T20-21;SP2;Almeria;Oviedo;2;2;0,0;1;0,2577;0,5892;0,1531
58218;2021-05-01;T20-21;SP2;Girona;Tenerife;1;0;1,0;1;0,3096;0,4866;0,2039
27016;2021-05-01;T20-21;F1;Paris SG;Lens;2;1;1,0;1;0,1851;0,6913;0,1235
27017;2021-05-01;T20-21;F1;Lille;Nice;2;0;1,0;1;0,2326;0,644;0,1234
45709;2021-05-01;T20-21;SP1;Elche;Ath Madrid;0;1;2,0;2;0,2333;0,1771;0,5896
45708;2021-05-01;T20-21;SP1;Eibar;Alaves;3;0;1,0;1;0,2843;0,4306;0,2851
45710;2021-05-01;T20-21;SP1;Huesca;Sociedad;1;0;1,0;2;0,2602;0,3565;0,3833
45711;2021-05-01;T20-21;SP1;Real Madrid;Osasuna;2;0;1,0;1;0,1949;0,7124;0,0927
27023;2021-05-02;T20-21;F1;Montpellier;St Etienne;1;2;2,0;1;0,2775;0,4818;0,2407
16483;2021-05-02;T20-21;E0;Newcastle;Arsenal;0;2;2,0;2;0,2576;0,3421;0,4003
35609;2021-05-02;T20-21;I1;Lazio;Genoa;4;3;1,0;1;0,1531;0,7488;0,0981
35610;2021-05-02;T20-21;I1;Bologna;Fiorentina;3;3;0,0;1;0,2722;0,3861;0,3417
27021;2021-05-02;T20-21;F1;Lorient;Angers;2;0;1,0;1;0,2627;0,4589;0,2785
35612;2021-05-02;T20-21;I1;Sassuolo;Atalanta;1;1;0,0;2;0,262;0,2753;0,4627
35613;2021-05-02;T20-21;I1;Udinese;Juventus;1;2;2,0;2;0,2517;0,2031;0,5452
35614;2021-05-02;T20-21;I1;Sampdoria;Roma;2;0;1,0;2;0,2498;0,2846;0,4655
16484;2021-05-02;T20-21;E0;Tottenham;Sheffield United;4;0;1,0;1;0,1941;0,6885;0,1174
27018;2021-05-02;T20-21;F1;Bordeaux;Rennes;1;0;1,0;2;0,2802;0,3554;0,3644
27020;2021-05-02;T20-21;F1;Dijon;Metz;1;5;2,0;2;0,2654;0,3657;0,369
27019;2021-05-02;T20-21;F1;Brest;Nantes;1;4;2,0;1;0,2613;0,4971;0,2416
27022;2021-05-02;T20-21;F1;Nimes;Reims;2;2;0,0;1;0,2747;0,4016;0,3237
35611;2021-05-02;T20-21;I1;Napoli;Cagliari;1;1;0,0;1;0,1632;0,7342;0,1026
27024;2021-05-02;T20-21;F1;Monaco;Lyon;2;3;2,0;1;0,2444;0,4867;0,2689
45713;2021-05-02;T20-21;SP1;Villarreal;Getafe;1;0;1,0;1;0,2599;0,5441;0,196
45715;2021-05-02;T20-21;SP1;Valencia;Barcelona;2;3;2,0;2;0,2476;0,2332;0,5192
45714;2021-05-02;T20-21;SP1;Granada;Cadiz;0;1;2,0;1;0,2901;0,4772;0,2326
58221;2021-05-02;T20-21;SP2;Fuenlabrada;Cartagena;2;1;1,0;1;0,3127;0,4712;0,2161
58222;2021-05-02;T20-21;SP2;Espanol;Malaga;3;0;1,0;1;0,2443;0,6153;0,1403
58223;2021-05-02;T20-21;SP2;Castellon;Logrones;0;0;0,0;1;0,2857;0,4878;0,2265
58224;2021-05-02;T20-21;SP2;Leganes;Sp Gijon;0;0;0,0;1;0,3243;0,4439;0,2318
58225;2021-05-02;T20-21;SP2;Las Palmas;Ponferradina;2;0;1,0;1;0,2961;0,4508;0,2531
45712;2021-05-02;T20-21;SP1;Valladolid;Betis;1;1;0,0;1;0,2791;0,4154;0,3055
45716;2021-05-03;T20-21;SP1;Sevilla;Ath Bilbao;0;1;2,0;1;0,2393;0,6392;0,1214
58226;2021-05-03;T20-21;SP2;Sabadell;Vallecano;2;0;1,0;2;0,2891;0,3433;0,3676
16485;2021-05-03;T20-21;E0;West Brom;Wolves;1;1;0,0;2;0,2582;0,3703;0,3715
35615;2021-05-03;T20-21;I1;Torino;Parma;1;0;1,0;1;0,2372;0,4702;0,2926
6396;2021-05-03;T20-21;D1;Mainz;Hertha;1;1;0,0;1;0,282;0,421;0,297
16486;2021-05-03;T20-21;E0;Burnley;West Ham;1;2;2,0;1;0,2682;0,383;0,3488
58227;2021-05-03;T20-21;SP2;Albacete;Alcorcon;0;1;2,0;1;0,2883;0,4214;0,2903
6397;2021-05-06;T20-21;D1;Hertha;Freiburg;3;0;1,0;1;0,2846;0,4209;0,2946
27025;2021-05-07;T20-21;F1;Lens;Lille;0;3;2,0;2;0,2833;0,2555;0,4612
45717;2021-05-07;T20-21;SP1;Sociedad;Elche;2;0;1,0;1;0,2646;0,581;0,1544
58228;2021-05-07;T20-21;SP2;Tenerife;Almeria;0;1;2,0;1;0,3028;0,36;0,3372
6398;2021-05-07;T20-21;D1;Stuttgart;Augsburg;2;1;1,0;1;0,2987;0,4728;0,2285
6400;2021-05-08;T20-21;D1;Hoffenheim;Schalke 04;4;2;1,0;1;0,2508;0,4954;0,2539
6401;2021-05-08;T20-21;D1;Werder Bremen;Leverkusen;0;0;0,0;2;0,2516;0,2774;0,471
6402;2021-05-08;T20-21;D1;Wolfsburg;Union Berlin;3;0;1,0;1;0,2603;0,5707;0,169
6403;2021-05-08;T20-21;D1;Bayern Munich;M'gladbach;6;0;1,0;1;0,1584;0,7481;0,0935
45718;2021-05-08;T20-21;SP1;Alaves;Levante;2;2;0,0;1;0,2644;0,4411;0,2946
45720;2021-05-08;T20-21;SP1;Cadiz;Huesca;2;1;1,0;1;0,2843;0,4687;0,2469
45721;2021-05-08;T20-21;SP1;Ath Bilbao;Osasuna;2;2;0,0;1;0,2936;0,4855;0,221
6399;2021-05-08;T20-21;D1;Dortmund;RB Leipzig;3;2;1,0;1;0,2424;0,4014;0,3562
16491;2021-05-08;T20-21;E0;Liverpool;Southampton;2;0;1,0;1;0,1902;0,6886;0,1212
45719;2021-05-08;T20-21;SP1;Barcelona;Ath Madrid;0;0;0,0;1;0,2381;0,4888;0,2731
35616;2021-05-08;T20-21;I1;Spezia;Napoli;1;4;2,0;2;0,2345;0,1955;0,57
58230;2021-05-08;T20-21;SP2;Zaragoza;Espanol;0;0;0,0;2;0,2762;0,2668;0,457
58229;2021-05-08;T20-21;SP2;Ponferradina;Albacete;0;1;2,0;1;0,2527;0,5337;0,2135
27026;2021-05-08;T20-21;F1;Nantes;Bordeaux;3;0;1,0;1;0,273;0,3864;0,3406
27027;2021-05-08;T20-21;F1;Lyon;Lorient;4;1;1,0;1;0,1731;0,7255;0,1014
58231;2021-05-08;T20-21;SP2;Alcorcon;Las Palmas;0;0;0,0;1;0,3004;0,4654;0,2343
58232;2021-05-08;T20-21;SP2;Malaga;Mallorca;1;1;0,0;2;0,2988;0,3442;0,357
35619;2021-05-08;T20-21;I1;Fiorentina;Lazio;2;0;1,0;2;0,2482;0,262;0,4899
35618;2021-05-08;T20-21;I1;Inter;Sampdoria;5;1;1,0;1;0,1522;0,7818;0,066
35617;2021-05-08;T20-21;I1;Udinese;Bologna;1;1;0,0;1;0,2777;0,4266;0,2957
45722;2021-05-09;T20-21;SP1;Getafe;Eibar;0;1;2,0;1;0,2481;0,5383;0,2136
27033;2021-05-09;T20-21;F1;Reims;Monaco;0;1;2,0;2;0,27;0,2477;0,4822
45724;2021-05-09;T20-21;SP1;Villarreal;Celta;2;4;2,0;1;0,2591;0,5507;0,1902
27030;2021-05-09;T20-21;F1;Metz;Nimes;0;3;2,0;1;0,2558;0,4974;0,2468
27029;2021-05-09;T20-21;F1;Angers;Dijon;3;0;1,0;1;0,2509;0,5443;0,2048
27028;2021-05-09;T20-21;F1;St Etienne;Marseille;1;0;1,0;2;0,2667;0,293;0,4403
45725;2021-05-09;T20-21;SP1;Real Madrid;Sevilla;2;2;0,0;1;0,2722;0,4917;0,2361
45723;2021-05-09;T20-21;SP1;Valencia;Valladolid;3;0;1,0;1;0,2704;0,5086;0,221
27034;2021-05-09;T20-21;F1;Rennes;Paris SG;1;1;0,0;2;0,2837;0,2444;0,4718
58233;2021-05-09;T20-21;SP2;Mirandes;Fuenlabrada;2;1;1,0;1;0,2999;0,425;0,2751
58234;2021-05-09;T20-21;SP2;Oviedo;Sabadell;2;1;1,0;1;0,2963;0,4501;0,2536
58235;2021-05-09;T20-21;SP2;Cartagena;Castellon;1;0;1,0;1;0,2876;0,4892;0,2232
58236;2021-05-09;T20-21;SP2;Logrones;Girona;1;4;2,0;1;0,294;0,3874;0,3186
35625;2021-05-09;T20-21;I1;Juventus;Milan;0;3;2,0;1;0,2388;0,5265;0,2347
35624;2021-05-09;T20-21;I1;Roma;Crotone;5;0;1,0;1;0,1946;0,6725;0,1329
35623;2021-05-09;T20-21;I1;Verona;Torino;1;1;0,0;1;0,2836;0,4334;0,283
35622;2021-05-09;T20-21;I1;Parma;Atalanta;2;5;2,0;2;0,2272;0,182;0,5908
35621;2021-05-09;T20-21;I1;Benevento;Cagliari;1;3;2,0;1;0,2754;0,4348;0,2898
35620;2021-05-09;T20-21;I1;Genoa;Sassuolo;1;2;2,0;2;0,2721;0,3535;0,3744
6404;2021-05-09;T20-21;D1;FC Koln;Freiburg;1;4;2,0;1;0,2793;0,4267;0,294
6405;2021-05-09;T20-21;D1;Ein Frankfurt;Mainz;1;1;0,0;1;0,2451;0,5954;0,1594
6406;2021-05-09;T20-21;D1;Hertha;Bielefeld;0;0;0,0;1;0,2732;0,4861;0,2408
16493;2021-05-09;T20-21;E0;Aston Villa;Man United;1;3;2,0;2;0,2317;0,1758;0,5925
27031;2021-05-09;T20-21;F1;Nice;Brest;3;2;1,0;1;0,2806;0,4862;0,2332
27032;2021-05-09;T20-21;F1;Strasbourg;Montpellier;2;3;2,0;1;0,2788;0,4515;0,2697
58238;2021-05-10;T20-21;SP2;Sp Gijon;Lugo;1;0;1,0;1;0,2201;0,622;0,1579
58237;2021-05-10;T20-21;SP2;Vallecano;Leganes;1;1;0,0;1;0,295;0,4233;0,2817
45726;2021-05-10;T20-21;SP1;Betis;Granada;2;1;1,0;1;0,2811;0,4829;0,2361
45729;2021-05-11;T20-21;SP1;Levante;Barcelona;3;3;0,0;2;0,2114;0,1653;0,6232
45728;2021-05-11;T20-21;SP1;Elche;Alaves;0;2;2,0;1;0,2756;0,4924;0,232
45727;2021-05-11;T20-21;SP1;Osasuna;Cadiz;3;2;1,0;1;0,2961;0,4215;0,2824
45732;2021-05-12;T20-21;SP1;Huesca;Ath Bilbao;1;0;1,0;1;0,2882;0,4171;0,2946
45731;2021-05-12;T20-21;SP1;Celta;Getafe;1;0;1,0;1;0,278;0,4732;0,2488
45730;2021-05-12;T20-21;SP1;Sevilla;Valencia;1;0;1,0;1;0,2226;0,6237;0,1537
6407;2021-05-12;T20-21;D1;Schalke 04;Hertha;1;2;2,0;1;0,267;0,4055;0,3275
45733;2021-05-12;T20-21;SP1;Ath Madrid;Sociedad;2;1;1,0;1;0,2195;0,665;0,1154
45734;2021-05-13;T20-21;SP1;Valladolid;Villarreal;0;2;2,0;2;0,2506;0,2776;0,4718
45736;2021-05-13;T20-21;SP1;Granada;Real Madrid;1;4;2,0;2;0,2334;0,1841;0,5825
45735;2021-05-13;T20-21;SP1;Eibar;Betis;1;1;0,0;1;0,2835;0,4181;0,2984
27036;2021-05-16;T20-21;F1;Dijon;Nantes;0;4;2,0;2;0,2721;0,3583;0,3696
27038;2021-05-16;T20-21;F1;Lorient;Metz;2;1;1,0;1;0,2603;0,4221;0,3176
27039;2021-05-16;T20-21;F1;Marseille;Angers;3;2;1,0;1;0,2424;0,5651;0,1924
27040;2021-05-16;T20-21;F1;Monaco;Rennes;2;1;1,0;1;0,2513;0,5654;0,1833
27041;2021-05-16;T20-21;F1;Montpellier;Brest;0;0;0,0;1;0,2691;0,5317;0,1993
27042;2021-05-16;T20-21;F1;Nice;Strasbourg;0;2;2,0;1;0,2662;0,4885;0,2453
27043;2021-05-16;T20-21;F1;Nimes;Lyon;2;5;2,0;2;0,236;0,192;0,572
27044;2021-05-16;T20-21;F1;Paris SG;Reims;4;0;1,0;1;0,1587;0,7486;0,0927
27037;2021-05-16;T20-21;F1;Lille;St Etienne;0;0;0,0;1;0,2138;0,6698;0,1164
27035;2021-05-16;T20-21;F1;Bordeaux;Lens;3;0;1,0;1;0,2649;0,4087;0,3265
45746;2021-05-16;T20-21;SP1;Villarreal;Sevilla;4;0;1,0;2;0,2784;0,2941;0,4275
45738;2021-05-16;T20-21;SP1;Ath Bilbao;Real Madrid;0;1;2,0;2;0,2487;0,2139;0,5374
45739;2021-05-16;T20-21;SP1;Ath Madrid;Osasuna;2;1;1,0;1;0,174;0,7388;0,0872
45740;2021-05-16;T20-21;SP1;Barcelona;Celta;1;2;2,0;1;0,1676;0,7462;0,0862
45741;2021-05-16;T20-21;SP1;Betis;Huesca;1;0;1,0;1;0,2755;0,5282;0,1964
45742;2021-05-16;T20-21;SP1;Cadiz;Elche;1;3;2,0;1;0,2621;0,5216;0,2163
45743;2021-05-16;T20-21;SP1;Getafe;Levante;2;1;1,0;1;0,2696;0,4679;0,2625
45744;2021-05-16;T20-21;SP1;Sociedad;Valladolid;4;1;1,0;1;0,2371;0,6054;0,1575
45745;2021-05-16;T20-21;SP1;Valencia;Eibar;4;1;1,0;1;0,2463;0,562;0,1917
45737;2021-05-16;T20-21;SP1;Alaves;Granada;4;2;1,0;1;0,2701;0,4338;0,296
45747;2021-05-21;T20-21;SP1;Levante;Cadiz;2;2;0,0;1;0,2733;0,4702;0,2565
45754;2021-05-22;T20-21;SP1;Valladolid;Ath Madrid;1;2;2,0;2;0,228;0,1875;0,5845
45752;2021-05-22;T20-21;SP1;Osasuna;Sociedad;0;1;2,0;1;0,2845;0,3596;0,3559
45753;2021-05-22;T20-21;SP1;Real Madrid;Villarreal;2;1;1,0;1;0,245;0,5809;0,1741
45750;2021-05-22;T20-21;SP1;Elche;Ath Bilbao;2;0;1,0;1;0,2772;0,4376;0,2851
45749;2021-05-22;T20-21;SP1;Eibar;Barcelona;0;1;2,0;2;0,2014;0,1781;0,6205
45748;2021-05-22;T20-21;SP1;Celta;Betis;2;3;2,0;1;0,2896;0,4467;0,2636
45751;2021-05-22;T20-21;SP1;Huesca;Valencia;0;0;0,0;1;0,2723;0,4166;0,3111
27045;2021-05-23;T20-21;F1;Angers;Lille;1;2;2,0;2;0,2494;0,2074;0,5432
27046;2021-05-23;T20-21;F1;Brest;Paris SG;0;2;2,0;2;0,2148;0,1882;0,597
27047;2021-05-23;T20-21;F1;Lens;Monaco;0;0;0,0;2;0,2633;0,2528;0,4839
27048;2021-05-23;T20-21;F1;Lyon;Nice;2;3;2,0;1;0,2052;0,6762;0,1186
27049;2021-05-23;T20-21;F1;Metz;Marseille;1;1;0,0;2;0,2693;0,3015;0,4292
27050;2021-05-23;T20-21;F1;Nantes;Montpellier;1;2;2,0;1;0,2631;0,4628;0,274
27051;2021-05-23;T20-21;F1;Reims;Bordeaux;1;2;2,0;1;0,2682;0,4358;0,296
27052;2021-05-23;T20-21;F1;Rennes;Nimes;2;0;1,0;1;0,2538;0,5494;0,1968
27053;2021-05-23;T20-21;F1;St Etienne;Dijon;0;1;2,0;1;0,2467;0,5477;0,2056
27054;2021-05-23;T20-21;F1;Strasbourg;Lorient;1;1;0,0;1;0,2711;0,4619;0,267
45755;2021-05-23;T20-21;SP1;Granada;Getafe;0;0;0,0;1;0,2875;0,4388;0,2738
45756;2021-05-23;T20-21;SP1;Sevilla;Alaves;1;0;1,0;1;0,1939;0,7007;0,1054
