match;Date;season;Div;HomeTeam;AwayTeam;FTHG;FTAG;label;prediction;draw;home;away
15969;2020-01-01;T19-20;E0;Brighton;Chelsea;1;1;0;2;0,2833;0,1592;0,5575
15976;2020-01-01;T19-20;E0;West Ham;Bournemouth;4;0;1;1;0,3048;0,3923;0,303
15975;2020-01-01;T19-20;E0;Norwich;Crystal Palace;1;1;0;1;0,3096;0,3771;0,3134
15974;2020-01-01;T19-20;E0;Man City;Everton;2;1;1;1;0,1904;0,6492;0,1604
15977;2020-01-01;T19-20;E0;Arsenal;Man United;2;0;1;0;0,3641;0,2755;0,3604
15972;2020-01-01;T19-20;E0;Southampton;Tottenham;1;0;1;2;0,3061;0,2937;0,4002
15971;2020-01-01;T19-20;E0;Newcastle;Leicester;0;3;2;2;0,3264;0,2465;0,4271
15970;2020-01-01;T19-20;E0;Burnley;Aston Villa;1;2;2;1;0,3158;0,3618;0,3225
15973;2020-01-01;T19-20;E0;Watford;Wolves;2;1;1;2;0,3093;0,3271;0,3636
15978;2020-01-02;T19-20;E0;Liverpool;Sheffield United;2;0;1;1;0,1342;0,7906;0,0752
45177;2020-01-03;T19-20;SP1;Valladolid;Leganes;2;2;0;1;0,2894;0,4152;0,2954
45178;2020-01-03;T19-20;SP1;Sevilla;Ath Bilbao;1;1;0;1;0,2198;0,5794;0,2008
57589;2020-01-03;T19-20;SP2;Extremadura;Alcorcon;0;0;0;1;0,2697;0,4535;0,2768
57592;2020-01-04;T19-20;SP2;Lugo;Almeria;0;4;2;1;0,3021;0,3554;0,3426
57595;2020-01-04;T19-20;SP2;Mirandes;Santander;0;0;0;1;0,265;0,5012;0,2338
57594;2020-01-04;T19-20;SP2;Elche;Huesca;1;1;0;2;0,3211;0,2883;0,3906
57593;2020-01-04;T19-20;SP2;Tenerife;Albacete;4;2;1;1;0,2966;0,4052;0,2982
57591;2020-01-04;T19-20;SP2;Ponferradina;Cadiz;0;0;0;2;0,3038;0,3187;0,3775
57590;2020-01-04;T19-20;SP2;Fuenlabrada;Las Palmas;0;0;0;1;0,3138;0,4017;0,2845
45182;2020-01-04;T19-20;SP1;Espanol;Barcelona;2;2;0;2;0,2412;0,1233;0,6355
45181;2020-01-04;T19-20;SP1;Ath Madrid;Levante;2;1;1;1;0,2658;0,5622;0,172
45180;2020-01-04;T19-20;SP1;Getafe;Real Madrid;0;3;2;2;0,2524;0,1528;0,5947
45179;2020-01-04;T19-20;SP1;Valencia;Eibar;1;0;1;1;0,3135;0,4233;0,2632
35068;2020-01-05;T19-20;I1;Genoa;Sassuolo;2;1;1;1;0,3058;0,3778;0,3164
45184;2020-01-05;T19-20;SP1;Sociedad;Villarreal;1;2;2;1;0,3369;0,3841;0,2791
45185;2020-01-05;T19-20;SP1;Alaves;Betis;1;1;0;2;0,3104;0,341;0,3486
45186;2020-01-05;T19-20;SP1;Celta;Osasuna;1;1;0;1;0,3093;0,3992;0,2915
57597;2020-01-05;T19-20;SP2;Vallecano;Girona;1;0;1;1;0,3003;0,405;0,2948
57598;2020-01-05;T19-20;SP2;Oviedo;Malaga;1;1;0;1;0,3131;0,3649;0,322
35071;2020-01-06;T19-20;I1;Atalanta;Parma;5;0;1;1;0,2048;0,6376;0,1576
15979;2020-01-10;T19-20;E0;Sheffield United;West Ham;1;0;1;1;0,3099;0,397;0,2931
35078;2020-01-11;T19-20;I1;Inter;Atalanta;1;1;0;1;0,3434;0,3672;0,2894
35077;2020-01-11;T19-20;I1;Lazio;Napoli;1;0;1;1;0,321;0,3999;0,2791
35076;2020-01-11;T19-20;I1;Cagliari;Milan;0;2;2;2;0,2933;0,3005;0,4062
15985;2020-01-11;T19-20;E0;Wolves;Newcastle;1;1;0;1;0,2508;0,524;0,2253
15986;2020-01-11;T19-20;E0;Tottenham;Liverpool;0;1;2;2;0,3454;0,1331;0,5215
15983;2020-01-11;T19-20;E0;Leicester;Southampton;1;2;2;1;0,2442;0,5188;0,237
15982;2020-01-11;T19-20;E0;Everton;Brighton;1;0;1;1;0,2837;0,4306;0,2857
15981;2020-01-11;T19-20;E0;Chelsea;Burnley;3;0;1;1;0,1511;0,7382;0,1107
15980;2020-01-11;T19-20;E0;Crystal Palace;Arsenal;1;1;0;2;0,2773;0,2786;0,4442
15984;2020-01-11;T19-20;E0;Man United;Norwich;4;0;1;1;0,1711;0,7017;0,1271
35084;2020-01-12;T19-20;I1;Roma;Juventus;1;2;2;2;0,3643;0,258;0,3777
35083;2020-01-12;T19-20;I1;Verona;Genoa;2;1;1;1;0,2752;0,4631;0,2617
35081;2020-01-12;T19-20;I1;Sampdoria;Brescia;5;1;1;1;0,2824;0,4446;0,273
35082;2020-01-12;T19-20;I1;Torino;Bologna;1;0;1;1;0,3092;0,369;0,3218
35079;2020-01-12;T19-20;I1;Udinese;Sassuolo;3;0;1;1;0,2978;0,3935;0,3087
15988;2020-01-12;T19-20;E0;Aston Villa;Man City;1;6;2;2;0,2349;0,1199;0,6453
15987;2020-01-12;T19-20;E0;Bournemouth;Watford;0;3;2;1;0,3047;0,3915;0,3039
35080;2020-01-12;T19-20;I1;Fiorentina;Spal;1;0;1;1;0,2783;0,4402;0,2815
35085;2020-01-13;T19-20;I1;Parma;Lecce;2;0;1;1;0,2942;0,409;0,2968
57600;2020-01-14;T19-20;SP2;Albacete;Fuenlabrada;1;1;0;1;0,2786;0,4186;0,3027
57601;2020-01-14;T19-20;SP2;Sp Gijon;Elche;1;0;1;1;0,2905;0,4289;0,2807
57602;2020-01-14;T19-20;SP2;Malaga;Ponferradina;1;0;1;1;0,2939;0,4096;0,2965
57603;2020-01-14;T19-20;SP2;Las Palmas;Zaragoza;0;1;2;2;0,324;0,3358;0,3402
57607;2020-01-15;T19-20;SP2;Cadiz;Mirandes;3;3;0;1;0,2555;0,4791;0,2654
57606;2020-01-15;T19-20;SP2;Vallecano;Lugo;1;0;1;1;0,2356;0,5642;0,2002
57605;2020-01-15;T19-20;SP2;Huesca;Tenerife;2;1;1;1;0,3009;0,4061;0,293
26594;2020-01-15;T19-20;F1;Nimes;Rennes;0;1;2;1;0,2986;0,3989;0,3025
26595;2020-01-15;T19-20;F1;Monaco;Paris SG;1;4;2;2;0,358;0,1864;0,4555
26593;2020-01-15;T19-20;F1;Amiens;Reims;1;1;0;1;0,29;0,3611;0,3489
57604;2020-01-15;T19-20;SP2;Alcorcon;Numancia;2;2;0;1;0,3084;0,3482;0,3434
57608;2020-01-16;T19-20;SP2;La Coruna;Santander;2;1;1;1;0,2789;0,4453;0,2758
57609;2020-01-16;T19-20;SP2;Girona;Extremadura;3;1;1;1;0,2501;0,4944;0,2555
57610;2020-01-16;T19-20;SP2;Almeria;Oviedo;2;0;1;1;0,2518;0,5398;0,2083
45187;2020-01-17;T19-20;SP1;Leganes;Getafe;0;3;2;1;0,2884;0,4167;0,295
57611;2020-01-17;T19-20;SP2;Fuenlabrada;Malaga;0;0;0;1;0,2858;0,4043;0,31
45188;2020-01-18;T19-20;SP1;Levante;Alaves;0;1;2;1;0,2394;0,5831;0,1775
45189;2020-01-18;T19-20;SP1;Real Madrid;Sevilla;2;1;1;1;0,2443;0,5783;0,1774
45190;2020-01-18;T19-20;SP1;Osasuna;Valladolid;0;0;0;1;0,3064;0,4018;0,2918
57614;2020-01-18;T19-20;SP2;Ponferradina;Vallecano;1;1;0;2;0,2979;0,3107;0,3914
57612;2020-01-18;T19-20;SP2;Numancia;Sp Gijon;2;0;1;1;0,2872;0,42;0,2929
57613;2020-01-18;T19-20;SP2;Lugo;Albacete;1;0;1;1;0,2921;0,4141;0,2938
35088;2020-01-18;T19-20;I1;Napoli;Fiorentina;0;2;2;1;0,2058;0,6168;0,1775
45191;2020-01-18;T19-20;SP1;Eibar;Ath Madrid;2;0;1;2;0,3099;0,2958;0,3944
35087;2020-01-18;T19-20;I1;Sassuolo;Torino;2;1;1;1;0,2866;0,4182;0,2952
15990;2020-01-18;T19-20;E0;Arsenal;Sheffield United;1;1;0;1;0,3141;0,4076;0,2783
15996;2020-01-18;T19-20;E0;Newcastle;Chelsea;1;0;1;2;0,2446;0,1642;0,5912
15989;2020-01-18;T19-20;E0;Watford;Tottenham;0;0;0;2;0,3006;0,3028;0,3966
15991;2020-01-18;T19-20;E0;Brighton;Aston Villa;1;1;0;1;0,2853;0,4162;0,2985
15992;2020-01-18;T19-20;E0;Man City;Crystal Palace;2;2;0;1;0,0903;0,8401;0,0697
35086;2020-01-18;T19-20;I1;Lazio;Sampdoria;5;1;1;1;0,2641;0,5481;0,1878
15994;2020-01-18;T19-20;E0;Southampton;Wolves;2;3;2;1;0,3059;0,3902;0,3038
15995;2020-01-18;T19-20;E0;West Ham;Everton;1;1;0;2;0,3052;0,344;0,3508
15993;2020-01-18;T19-20;E0;Norwich;Bournemouth;1;0;1;1;0,3153;0,3723;0,3123
57620;2020-01-19;T19-20;SP2;Tenerife;Girona;1;0;1;1;0,307;0,3853;0,3076
57619;2020-01-19;T19-20;SP2;Extremadura;Almeria;1;2;2;2;0,304;0,3338;0,3622
57618;2020-01-19;T19-20;SP2;Santander;Las Palmas;1;1;0;1;0,3114;0,3743;0,3142
57617;2020-01-19;T19-20;SP2;Oviedo;Huesca;1;1;0;2;0,3022;0,3351;0,3627
57616;2020-01-19;T19-20;SP2;La Coruna;Cadiz;1;0;1;2;0,3182;0,3019;0,3798
57615;2020-01-19;T19-20;SP2;Elche;Alcorcon;1;1;0;1;0,2977;0,4075;0,2948
45196;2020-01-19;T19-20;SP1;Barcelona;Granada;1;0;1;1;0,0776;0,8827;0,0397
45194;2020-01-19;T19-20;SP1;Villarreal;Espanol;1;2;2;1;0,2291;0,6043;0,1666
45193;2020-01-19;T19-20;SP1;Betis;Sociedad;3;0;1;1;0,3019;0,3964;0,3017
35094;2020-01-19;T19-20;I1;Juventus;Parma;2;1;1;1;0,0876;0,8727;0,0397
35092;2020-01-19;T19-20;I1;Lecce;Inter;1;1;0;2;0,2522;0,1806;0,5672
35091;2020-01-19;T19-20;I1;Brescia;Cagliari;2;2;0;1;0,28;0,4428;0,2772
35090;2020-01-19;T19-20;I1;Bologna;Verona;1;1;0;1;0,2969;0,4054;0,2977
35089;2020-01-19;T19-20;I1;Milan;Udinese;3;2;1;1;0,2618;0,4874;0,2508
15998;2020-01-19;T19-20;E0;Liverpool;Man United;2;0;1;1;0,3186;0,4055;0,2759
15997;2020-01-19;T19-20;E0;Burnley;Leicester;2;1;1;2;0,2857;0,2459;0,4684
45192;2020-01-19;T19-20;SP1;Mallorca;Valencia;4;1;1;2;0,2922;0,2507;0,457
35093;2020-01-19;T19-20;I1;Genoa;Roma;1;3;2;2;0,2634;0,183;0,5536
35095;2020-01-20;T19-20;I1;Atalanta;Spal;1;2;2;1;0,1407;0,763;0,0963
16002;2020-01-21;T19-20;E0;Everton;Newcastle;2;2;0;1;0,2352;0,5723;0,1925
16004;2020-01-21;T19-20;E0;Chelsea;Arsenal;2;2;0;1;0,2115;0,5877;0,2009
16003;2020-01-21;T19-20;E0;Sheffield United;Man City;0;1;2;2;0,2346;0,1295;0,6359
16001;2020-01-21;T19-20;E0;Crystal Palace;Southampton;0;2;2;1;0,3056;0,3754;0,3189
15999;2020-01-21;T19-20;E0;Aston Villa;Watford;2;1;1;1;0,3034;0,3955;0,3011
16000;2020-01-21;T19-20;E0;Bournemouth;Brighton;3;1;1;1;0,3077;0,3921;0,3003
16005;2020-01-22;T19-20;E0;Leicester;West Ham;4;1;1;1;0,2702;0,487;0,2429
16006;2020-01-22;T19-20;E0;Tottenham;Norwich;2;1;1;1;0,2227;0,5724;0,2049
16007;2020-01-22;T19-20;E0;Man United;Burnley;0;2;2;1;0,1395;0,7568;0,1038
16008;2020-01-23;T19-20;E0;Wolves;Liverpool;1;2;2;2;0,2534;0,1115;0,6351
35096;2020-01-24;T19-20;I1;Brescia;Milan;0;1;2;2;0,2657;0,1953;0,539
45197;2020-01-24;T19-20;SP1;Osasuna;Levante;2;0;1;1;0,3077;0,3998;0,2925
57621;2020-01-24;T19-20;SP2;Cadiz;Santander;1;0;1;1;0,2705;0,5047;0,2248
57625;2020-01-25;T19-20;SP2;Zaragoza;Numancia;1;0;1;1;0,2422;0,556;0,2018
57624;2020-01-25;T19-20;SP2;Las Palmas;Tenerife;0;0;0;1;0,2704;0,483;0,2466
57623;2020-01-25;T19-20;SP2;Sp Gijon;Fuenlabrada;1;0;1;1;0,2819;0,4379;0,2802
57622;2020-01-25;T19-20;SP2;Huesca;Lugo;2;1;1;1;0,2365;0,5918;0,1717
45201;2020-01-25;T19-20;SP1;Sevilla;Granada;2;0;1;1;0,136;0,7734;0,0906
45199;2020-01-25;T19-20;SP1;Valencia;Barcelona;2;0;1;2;0,2759;0,1639;0,5602
45198;2020-01-25;T19-20;SP1;Espanol;Ath Bilbao;1;1;0;1;0,3007;0,3935;0,3058
35099;2020-01-25;T19-20;I1;Torino;Atalanta;0;7;2;2;0,2984;0,2745;0,4272
35098;2020-01-25;T19-20;I1;Fiorentina;Genoa;0;0;0;1;0,2741;0,4928;0,2331
35097;2020-01-25;T19-20;I1;Spal;Bologna;1;3;2;2;0,2997;0,3322;0,3682
45200;2020-01-25;T19-20;SP1;Alaves;Villarreal;1;2;2;2;0,3285;0,3326;0,3389
45205;2020-01-26;T19-20;SP1;Sociedad;Mallorca;3;0;1;1;0,2729;0,4637;0,2635
57631;2020-01-26;T19-20;SP2;Girona;Oviedo;1;1;0;1;0,2736;0,5114;0,215
57629;2020-01-26;T19-20;SP2;Alcorcon;Ponferradina;3;1;1;1;0,2874;0,4219;0,2906
57628;2020-01-26;T19-20;SP2;Almeria;Elche;0;2;2;1;0,2824;0,514;0,2036
57627;2020-01-26;T19-20;SP2;Albacete;La Coruna;0;1;2;1;0,2904;0,4028;0,3068
57626;2020-01-26;T19-20;SP2;Malaga;Mirandes;2;2;0;1;0,2856;0,4285;0,286
45206;2020-01-26;T19-20;SP1;Valladolid;Real Madrid;0;1;2;2;0,2195;0,1141;0,6665
45204;2020-01-26;T19-20;SP1;Getafe;Betis;1;0;1;1;0,3156;0,3769;0,3075
57630;2020-01-26;T19-20;SP2;Vallecano;Extremadura;1;1;0;1;0,292;0,4116;0,2964
45202;2020-01-26;T19-20;SP1;Ath Madrid;Leganes;0;0;0;1;0,1387;0,7729;0,0883
35105;2020-01-26;T19-20;I1;Napoli;Juventus;2;1;1;2;0,3331;0,2359;0,431
35104;2020-01-26;T19-20;I1;Roma;Lazio;1;1;0;0;0,3517;0,3142;0,3341
35103;2020-01-26;T19-20;I1;Verona;Lecce;3;0;1;1;0,2981;0,407;0,2949
35102;2020-01-26;T19-20;I1;Sampdoria;Sassuolo;0;0;0;1;0,3012;0,3936;0,3052
35101;2020-01-26;T19-20;I1;Parma;Udinese;2;0;1;1;0,2985;0,4022;0,2993
45203;2020-01-26;T19-20;SP1;Celta;Eibar;0;0;0;1;0,2995;0,3821;0,3184
35100;2020-01-26;T19-20;I1;Inter;Cagliari;1;1;0;1;0,1504;0,7601;0,0895
16009;2020-01-29;T19-20;E0;West Ham;Liverpool;0;2;2;2;0,2056;0,0846;0,7098
5985;2020-01-31;T19-20;D1;Hertha;Schalke 04;0;0;0;2;0,3065;0,3355;0,358
26606;2020-01-31;T19-20;F1;Rennes;Nantes;3;2;1;1;0,2163;0,5885;0,1951
57632;2020-01-31;T19-20;SP2;Tenerife;Sp Gijon;2;1;1;1;0,2934;0,3982;0,3084
26611;2020-02-01;T19-20;F1;Nimes;Monaco;3;1;1;1;0,3113;0,3554;0,3333
26612;2020-02-01;T19-20;F1;Strasbourg;Lille;1;2;2;2;0,3186;0,3303;0,3511
35106;2020-02-01;T19-20;I1;Bologna;Brescia;2;1;1;1;0,2756;0,455;0,2695
35107;2020-02-01;T19-20;I1;Cagliari;Parma;2;2;0;1;0,2939;0,4257;0,2804
26610;2020-02-01;T19-20;F1;Dijon;Brest;3;0;1;1;0,2982;0,3863;0,3155
35108;2020-02-01;T19-20;I1;Sassuolo;Roma;4;2;1;2;0,2469;0,1752;0,5779
57634;2020-02-01;T19-20;SP2;La Coruna;Las Palmas;2;1;1;1;0,2982;0,3707;0,3312
45208;2020-02-01;T19-20;SP1;Real Madrid;Ath Madrid;1;0;1;1;0,2973;0,4769;0,2258
45210;2020-02-01;T19-20;SP1;Valencia;Celta;1;0;1;1;0,3143;0,4191;0,2667
57633;2020-02-01;T19-20;SP2;Extremadura;Lugo;1;0;1;1;0,2758;0,469;0,2552
26609;2020-02-01;T19-20;F1;Angers;Reims;1;4;2;1;0,3042;0,4079;0,2879
57635;2020-02-01;T19-20;SP2;Ponferradina;Huesca;3;1;1;2;0,3047;0,3293;0,3659
57636;2020-02-01;T19-20;SP2;Elche;Malaga;2;0;1;1;0,3008;0,3937;0,3056
45207;2020-02-01;T19-20;SP1;Granada;Espanol;2;1;1;1;0,2664;0,4506;0,2829
26608;2020-02-01;T19-20;F1;Amiens;Toulouse;0;0;0;1;0,3077;0,3682;0,3241
45209;2020-02-01;T19-20;SP1;Mallorca;Valladolid;0;1;2;1;0,279;0,4403;0,2807
16017;2020-02-01;T19-20;E0;Man United;Wolves;0;0;0;1;0,2241;0,559;0,217
26607;2020-02-01;T19-20;F1;Paris SG;Montpellier;5;0;1;1;0,231;0,5883;0,1807
5987;2020-02-01;T19-20;D1;Dortmund;Union Berlin;5;0;1;1;0,1577;0,7277;0,1146
5988;2020-02-01;T19-20;D1;Fortuna Dusseldorf;Ein Frankfurt;1;1;0;1;0,326;0,355;0,319
5989;2020-02-01;T19-20;D1;Hoffenheim;Leverkusen;2;1;1;2;0,3555;0,2873;0,3572
5990;2020-02-01;T19-20;D1;Mainz;Bayern Munich;1;3;2;2;0,2471;0,0917;0,6612
5991;2020-02-01;T19-20;D1;RB Leipzig;M'gladbach;2;2;0;1;0,2277;0,5418;0,2304
5986;2020-02-01;T19-20;D1;Augsburg;Werder Bremen;2;1;1;1;0,3059;0,4028;0,2913
16011;2020-02-01;T19-20;E0;Bournemouth;Aston Villa;2;1;1;1;0,3059;0,3908;0,3033
16012;2020-02-01;T19-20;E0;Crystal Palace;Sheffield United;0;1;2;1;0,3157;0,3556;0,3287
16013;2020-02-01;T19-20;E0;Liverpool;Southampton;4;0;1;1;0,1907;0,6928;0,1165
16014;2020-02-01;T19-20;E0;Newcastle;Norwich;0;0;0;1;0,2918;0,4086;0,2995
16015;2020-02-01;T19-20;E0;Watford;Everton;2;3;2;2;0,3115;0,3408;0,3476
16016;2020-02-01;T19-20;E0;West Ham;Brighton;3;3;0;1;0,3046;0,3899;0,3054
16010;2020-02-01;T19-20;E0;Leicester;Chelsea;2;2;0;0;0,3567;0,2953;0,348
45213;2020-02-02;T19-20;SP1;Ath Bilbao;Getafe;0;2;2;1;0,2817;0,4473;0,2711
45214;2020-02-02;T19-20;SP1;Sevilla;Alaves;1;1;0;1;0,2084;0,6418;0,1498
45215;2020-02-02;T19-20;SP1;Villarreal;Osasuna;3;1;1;1;0,2638;0,4762;0,26
45216;2020-02-02;T19-20;SP1;Barcelona;Levante;2;1;1;1;0,1638;0,7313;0,1048
57639;2020-02-02;T19-20;SP2;Mirandes;Vallecano;0;0;0;1;0,3155;0,3722;0,3123
57638;2020-02-02;T19-20;SP2;Cadiz;Zaragoza;1;1;0;1;0,3105;0,3742;0,3152
57640;2020-02-02;T19-20;SP2;Numancia;Almeria;1;1;0;1;0,3094;0,3663;0,3243
57641;2020-02-02;T19-20;SP2;Oviedo;Albacete;3;1;1;1;0,3025;0,4075;0,29
57642;2020-02-02;T19-20;SP2;Santander;Alcorcon;1;1;0;1;0,266;0,4181;0,3159
45212;2020-02-02;T19-20;SP1;Eibar;Betis;1;1;0;1;0,2978;0,3829;0,3193
57637;2020-02-02;T19-20;SP2;Fuenlabrada;Girona;0;1;2;1;0,2987;0,3946;0,3067
45211;2020-02-02;T19-20;SP1;Leganes;Sociedad;2;1;1;2;0,302;0,3473;0,3507
35110;2020-02-02;T19-20;I1;Atalanta;Genoa;2;2;0;1;0,1375;0,777;0,0854
35113;2020-02-02;T19-20;I1;Lecce;Torino;4;0;1;1;0,2895;0,4176;0,293
5992;2020-02-02;T19-20;D1;FC Koln;Freiburg;4;0;1;1;0,3001;0,406;0,2939
35114;2020-02-02;T19-20;I1;Udinese;Inter;0;2;2;2;0,2294;0,1449;0,6257
16018;2020-02-02;T19-20;E0;Burnley;Arsenal;0;0;0;2;0,2576;0,2682;0,4741
16019;2020-02-02;T19-20;E0;Tottenham;Man City;2;0;1;2;0,2899;0,1897;0,5204
26613;2020-02-02;T19-20;F1;Nice;Lyon;2;1;1;2;0,341;0,2351;0,4239
5993;2020-02-02;T19-20;D1;Paderborn;Wolfsburg;2;4;2;1;0,3083;0,3851;0,3066
26615;2020-02-02;T19-20;F1;Bordeaux;Marseille;0;0;0;2;0,29;0,2487;0,4613
35109;2020-02-02;T19-20;I1;Juventus;Fiorentina;3;0;1;1;0,2579;0,5803;0,1618
35111;2020-02-02;T19-20;I1;Lazio;Spal;5;1;1;1;0,1487;0,7629;0,0884
35112;2020-02-02;T19-20;I1;Milan;Verona;1;1;0;1;0,266;0,4722;0,2618
26614;2020-02-02;T19-20;F1;Metz;St Etienne;3;1;1;2;0,294;0,3136;0,3924
35115;2020-02-03;T19-20;I1;Sampdoria;Napoli;2;4;2;2;0,2994;0,2524;0,4481
26616;2020-02-04;T19-20;F1;Lille;Rennes;1;0;1;1;0,3352;0,408;0,2568
26617;2020-02-04;T19-20;F1;Monaco;Angers;1;0;1;1;0,2527;0,4958;0,2516
26618;2020-02-04;T19-20;F1;Nantes;Paris SG;1;2;2;2;0,216;0,1092;0,6748
35116;2020-02-05;T19-20;I1;Lazio;Verona;0;0;0;1;0,2075;0,6577;0,1348
26625;2020-02-05;T19-20;F1;St Etienne;Marseille;0;2;2;2;0,3392;0,2754;0,3854
26624;2020-02-05;T19-20;F1;Toulouse;Strasbourg;0;1;2;2;0,286;0,3453;0,3687
26623;2020-02-05;T19-20;F1;Reims;Nice;1;1;0;1;0,3094;0,3605;0,3302
26621;2020-02-05;T19-20;F1;Montpellier;Metz;1;1;0;1;0,2653;0,4797;0,255
26620;2020-02-05;T19-20;F1;Lyon;Amiens;0;0;0;1;0,1119;0,8196;0,0685
26619;2020-02-05;T19-20;F1;Brest;Bordeaux;1;1;0;1;0,3062;0,4018;0,2919
26622;2020-02-05;T19-20;F1;Nimes;Dijon;2;0;1;1;0,2703;0,4629;0,2669
5994;2020-02-07;T19-20;D1;Ein Frankfurt;Augsburg;5;0;1;1;0,2866;0,41;0,3033
26626;2020-02-07;T19-20;F1;Angers;Lille;0;2;2;1;0,3099;0,375;0,3151
35117;2020-02-07;T19-20;I1;Roma;Bologna;2;3;2;1;0,1984;0,6195;0,1821
45217;2020-02-07;T19-20;SP1;Alaves;Eibar;2;1;1;1;0,2871;0,37;0,3429
57643;2020-02-07;T19-20;SP2;Almeria;Santander;0;1;2;1;0,241;0,5803;0,1787
35119;2020-02-08;T19-20;I1;Torino;Sampdoria;1;3;2;1;0,3075;0,4007;0,2918
35120;2020-02-08;T19-20;I1;Verona;Juventus;2;1;1;2;0,245;0,1423;0,6127
45218;2020-02-08;T19-20;SP1;Levante;Leganes;2;0;1;1;0,2832;0,5033;0,2135
45219;2020-02-08;T19-20;SP1;Getafe;Valencia;3;0;1;1;0,3021;0,3534;0,3445
45220;2020-02-08;T19-20;SP1;Valladolid;Villarreal;1;1;0;2;0,28;0,2559;0,4641
57646;2020-02-08;T19-20;SP2;Las Palmas;Cadiz;1;2;2;2;0,2884;0,3463;0,3653
57644;2020-02-08;T19-20;SP2;Extremadura;Tenerife;2;4;2;1;0,2807;0,4301;0,2892
57645;2020-02-08;T19-20;SP2;Girona;Huesca;1;0;1;1;0,2936;0,4073;0,2992
35118;2020-02-08;T19-20;I1;Fiorentina;Atalanta;1;2;2;2;0,3068;0,2445;0,4487
57647;2020-02-08;T19-20;SP2;Zaragoza;Fuenlabrada;0;0;0;1;0,2623;0,5232;0,2144
45221;2020-02-08;T19-20;SP1;Ath Madrid;Granada;1;0;1;1;0,1553;0,7406;0,1041
26631;2020-02-08;T19-20;F1;Nice;Nimes;1;3;2;1;0,3159;0,4119;0,2722
26632;2020-02-08;T19-20;F1;Rennes;Brest;0;0;0;1;0,2931;0,431;0,276
5995;2020-02-08;T19-20;D1;Freiburg;Hoffenheim;1;0;1;2;0,334;0,309;0,357
26629;2020-02-08;T19-20;F1;Dijon;Nantes;3;3;0;1;0,302;0,3891;0,3089
26628;2020-02-08;T19-20;F1;Amiens;Monaco;1;2;2;2;0,283;0,28;0,437
26627;2020-02-08;T19-20;F1;Marseille;Toulouse;1;0;1;1;0,1949;0,6638;0,1413
16021;2020-02-08;T19-20;E0;Brighton;Watford;1;1;0;1;0,2547;0,5219;0,2234
16020;2020-02-08;T19-20;E0;Everton;Crystal Palace;3;1;1;1;0,2822;0,4326;0,2853
6000;2020-02-08;T19-20;D1;Leverkusen;Dortmund;4;3;1;0;0,3611;0,2993;0,3396
5999;2020-02-08;T19-20;D1;Wolfsburg;Fortuna Dusseldorf;1;1;0;1;0,1958;0,6291;0,1751
5998;2020-02-08;T19-20;D1;Werder Bremen;Union Berlin;0;2;2;1;0,2843;0,4333;0,2823
5997;2020-02-08;T19-20;D1;Schalke 04;Paderborn;1;1;0;1;0,2982;0,4494;0,2524
5996;2020-02-08;T19-20;D1;Hertha;Mainz;1;3;2;1;0,3101;0,377;0,3128
26630;2020-02-08;T19-20;F1;Metz;Bordeaux;1;2;2;1;0,2987;0,3772;0,3241
45224;2020-02-09;T19-20;SP1;Osasuna;Real Madrid;1;4;2;2;0,2941;0,1742;0,5317
45225;2020-02-09;T19-20;SP1;Celta;Sevilla;2;1;1;2;0,2833;0,2648;0,4518
45226;2020-02-09;T19-20;SP1;Betis;Barcelona;2;3;2;2;0,2898;0,1888;0,5214
57648;2020-02-09;T19-20;SP2;Albacete;Ponferradina;1;1;0;1;0,2846;0,43;0,2853
45223;2020-02-09;T19-20;SP1;Sociedad;Ath Bilbao;2;1;1;1;0,2848;0,4263;0,2889
57650;2020-02-09;T19-20;SP2;Sp Gijon;Mirandes;2;2;0;1;0,2905;0,4137;0,2958
57653;2020-02-09;T19-20;SP2;Malaga;Numancia;2;1;1;1;0,287;0,4165;0,2966
57651;2020-02-09;T19-20;SP2;Lugo;Elche;2;2;0;2;0,294;0,3505;0,3555
57652;2020-02-09;T19-20;SP2;Vallecano;Oviedo;1;1;0;1;0,2503;0,5337;0,216
57649;2020-02-09;T19-20;SP2;Alcorcon;La Coruna;0;1;2;1;0,2906;0,4094;0,3
45222;2020-02-09;T19-20;SP1;Espanol;Mallorca;1;0;1;1;0,2985;0,4165;0,285
26633;2020-02-09;T19-20;F1;Montpellier;St Etienne;1;0;1;1;0,3014;0,4035;0,2951
35125;2020-02-09;T19-20;I1;Parma;Lazio;0;1;2;2;0,2801;0,1871;0,5328
35124;2020-02-09;T19-20;I1;Napoli;Lecce;2;3;2;1;0,2091;0,6192;0,1717
35123;2020-02-09;T19-20;I1;Genoa;Cagliari;1;0;1;1;0,3071;0,3626;0,3303
35122;2020-02-09;T19-20;I1;Brescia;Udinese;1;1;0;2;0,3104;0,3411;0,3484
35121;2020-02-09;T19-20;I1;Spal;Sassuolo;1;2;2;2;0,3097;0,3393;0,3509
26635;2020-02-09;T19-20;F1;Paris SG;Lyon;4;2;1;1;0,3187;0,4217;0,2596
26634;2020-02-09;T19-20;F1;Strasbourg;Reims;3;0;1;1;0,304;0,4058;0,2902
16022;2020-02-09;T19-20;E0;Sheffield United;Bournemouth;2;1;1;1;0,2955;0,4071;0,2974
6001;2020-02-09;T19-20;D1;Bayern Munich;RB Leipzig;0;0;0;1;0,2584;0,5229;0,2186
35126;2020-02-09;T19-20;I1;Inter;Milan;4;2;1;1;0,3361;0,4057;0,2582
57654;2020-02-14;T19-20;SP2;La Coruna;Girona;2;2;0;1;0,285;0,3745;0,3404
26636;2020-02-14;T19-20;F1;Monaco;Montpellier;1;0;1;1;0,2786;0,437;0,2844
45227;2020-02-14;T19-20;SP1;Valencia;Ath Madrid;2;2;0;2;0,3218;0,3167;0,3615
6002;2020-02-14;T19-20;D1;Dortmund;Ein Frankfurt;4;0;1;1;0,2535;0,4923;0,2543
16023;2020-02-14;T19-20;E0;Wolves;Leicester;0;0;0;1;0,3159;0,3473;0,3367
35127;2020-02-15;T19-20;I1;Lecce;Spal;2;1;1;1;0,2828;0,4444;0,2728
57658;2020-02-15;T19-20;SP2;Elche;Zaragoza;1;2;2;2;0,3184;0,3185;0,3631
57657;2020-02-15;T19-20;SP2;Oviedo;Alcorcon;1;2;2;1;0,2797;0,4384;0,282
57656;2020-02-15;T19-20;SP2;Numancia;Las Palmas;1;1;0;1;0,3088;0,3899;0,3013
57655;2020-02-15;T19-20;SP2;Huesca;Almeria;3;2;1;1;0,2945;0,4322;0,2732
45231;2020-02-15;T19-20;SP1;Granada;Valladolid;2;1;1;1;0,284;0,4206;0,2954
45230;2020-02-15;T19-20;SP1;Villarreal;Levante;2;1;1;1;0,2708;0,4603;0,2689
45229;2020-02-15;T19-20;SP1;Barcelona;Getafe;2;1;1;1;0,1994;0,691;0,1096
45228;2020-02-15;T19-20;SP1;Mallorca;Alaves;1;0;1;1;0,2718;0,453;0,2752
35129;2020-02-15;T19-20;I1;Atalanta;Roma;2;1;1;1;0,305;0,3759;0,3191
35128;2020-02-15;T19-20;I1;Bologna;Genoa;0;3;2;1;0,2728;0,5023;0,2249
26641;2020-02-15;T19-20;F1;Toulouse;Nice;0;2;2;2;0,2938;0,3369;0,3693
6004;2020-02-15;T19-20;D1;Hoffenheim;Wolfsburg;2;3;2;1;0,2587;0,4737;0,2677
26639;2020-02-15;T19-20;F1;Nantes;Metz;0;0;0;1;0,2881;0,4141;0,2978
26640;2020-02-15;T19-20;F1;Nimes;Angers;1;0;1;1;0,2929;0,4085;0,2986
6005;2020-02-15;T19-20;D1;Paderborn;Hertha;1;2;2;1;0,2861;0,4292;0,2847
6006;2020-02-15;T19-20;D1;RB Leipzig;Werder Bremen;3;0;1;1;0,1837;0,6753;0,141
6007;2020-02-15;T19-20;D1;Union Berlin;Leverkusen;2;3;2;2;0,2827;0,2021;0,5152
6003;2020-02-15;T19-20;D1;Augsburg;Freiburg;1;1;0;1;0,303;0,4006;0,2964
16024;2020-02-15;T19-20;E0;Southampton;Burnley;1;2;2;1;0,2603;0,4838;0,2559
16025;2020-02-15;T19-20;E0;Norwich;Liverpool;0;1;2;2;0,2079;0,0837;0,7083
26637;2020-02-15;T19-20;F1;Amiens;Paris SG;4;4;0;2;0,1779;0,0688;0,7534
26638;2020-02-15;T19-20;F1;Bordeaux;Dijon;2;2;0;1;0,2863;0,4205;0,2932
6008;2020-02-15;T19-20;D1;Fortuna Dusseldorf;M'gladbach;1;4;2;2;0,2723;0,2583;0,4694
35135;2020-02-16;T19-20;I1;Lazio;Inter;2;1;1;2;0,3673;0,2626;0,3701
57664;2020-02-16;T19-20;SP2;Tenerife;Vallecano;0;0;0;1;0,3158;0,3426;0,3417
57663;2020-02-16;T19-20;SP2;Santander;Sp Gijon;0;2;2;2;0,3015;0,3433;0,3551
57662;2020-02-16;T19-20;SP2;Ponferradina;Extremadura;0;0;0;1;0,2916;0,4285;0,2799
57661;2020-02-16;T19-20;SP2;Cadiz;Malaga;0;1;2;1;0,3215;0,4094;0,2691
57660;2020-02-16;T19-20;SP2;Mirandes;Albacete;1;1;0;1;0,2895;0,4168;0,2937
57659;2020-02-16;T19-20;SP2;Fuenlabrada;Lugo;0;1;2;1;0,2625;0,4742;0,2633
45235;2020-02-16;T19-20;SP1;Real Madrid;Celta;2;2;0;1;0,1498;0,761;0,0892
45233;2020-02-16;T19-20;SP1;Leganes;Betis;0;0;0;1;0,2969;0,3741;0,3291
45232;2020-02-16;T19-20;SP1;Sevilla;Espanol;2;2;0;1;0,235;0,578;0,1871
35134;2020-02-16;T19-20;I1;Cagliari;Napoli;0;1;2;2;0,2786;0,2012;0,5201
45234;2020-02-16;T19-20;SP1;Ath Bilbao;Osasuna;0;1;2;1;0,3001;0,4053;0,2947
35132;2020-02-16;T19-20;I1;Sampdoria;Fiorentina;1;5;2;1;0,2998;0,3935;0,3067
6009;2020-02-16;T19-20;D1;FC Koln;Bayern Munich;1;4;2;2;0,2522;0,0915;0,6563
6010;2020-02-16;T19-20;D1;Mainz;Schalke 04;0;0;0;1;0,3043;0,3896;0,3061
16026;2020-02-16;T19-20;E0;Aston Villa;Tottenham;2;3;2;2;0,3168;0,2909;0,3922
26642;2020-02-16;T19-20;F1;Lyon;Strasbourg;1;1;0;1;0,2726;0,4584;0,269
26643;2020-02-16;T19-20;F1;Brest;St Etienne;3;2;1;1;0,3082;0,3943;0,2975
16027;2020-02-16;T19-20;E0;Arsenal;Newcastle;4;0;1;1;0,2943;0,4128;0,293
26645;2020-02-16;T19-20;F1;Lille;Marseille;1;2;2;0;0,3394;0,3281;0,3325
35130;2020-02-16;T19-20;I1;Udinese;Verona;0;0;0;1;0,2958;0,4147;0,2896
35131;2020-02-16;T19-20;I1;Juventus;Brescia;2;0;1;1;0,0934;0,8618;0,0449
26644;2020-02-16;T19-20;F1;Reims;Rennes;1;0;1;1;0,3025;0,3725;0,325
35133;2020-02-16;T19-20;I1;Sassuolo;Parma;0;1;2;1;0,2992;0,4053;0,2955
35136;2020-02-17;T19-20;I1;Milan;Torino;1;0;1;1;0,1991;0,6537;0,1473
57665;2020-02-19;T19-20;SP2;Mirandes;Zaragoza;1;1;0;2;0,3034;0,3252;0,3714
57666;2020-02-21;T19-20;SP2;Sp Gijon;Cadiz;1;0;1;1;0,3128;0,352;0,3352
35137;2020-02-21;T19-20;I1;Brescia;Napoli;1;2;2;2;0,2553;0,1695;0,5753
45236;2020-02-21;T19-20;SP1;Betis;Mallorca;3;3;0;1;0,3083;0,3918;0,3
26647;2020-02-21;T19-20;F1;Metz;Lyon;0;2;2;2;0,2588;0,2038;0,5374
6011;2020-02-21;T19-20;D1;Bayern Munich;Paderborn;3;2;1;1;0,1179;0,8179;0,0642
26646;2020-02-21;T19-20;F1;Nice;Brest;2;2;0;1;0,257;0,4895;0,2535
26652;2020-02-22;T19-20;F1;Strasbourg;Amiens;0;0;0;1;0,2482;0,5867;0,1651
57671;2020-02-22;T19-20;SP2;Albacete;Numancia;2;1;1;1;0,3024;0,3977;0,2998
57670;2020-02-22;T19-20;SP2;Tenerife;Elche;1;0;1;1;0,2778;0,4501;0,2721
57669;2020-02-22;T19-20;SP2;Girona;Ponferradina;2;0;1;1;0,2655;0,4626;0,2719
57668;2020-02-22;T19-20;SP2;Almeria;Fuenlabrada;0;0;0;1;0,267;0,4663;0,2667
45240;2020-02-22;T19-20;SP1;Levante;Real Madrid;1;0;1;2;0,2473;0,1654;0,5873
45239;2020-02-22;T19-20;SP1;Sociedad;Valencia;3;0;1;1;0,2853;0,3985;0,3162
45238;2020-02-22;T19-20;SP1;Barcelona;Eibar;5;0;1;1;0,1241;0,8015;0,0744
45237;2020-02-22;T19-20;SP1;Celta;Leganes;1;0;1;1;0,2783;0,4671;0,2546
35140;2020-02-22;T19-20;I1;Fiorentina;Milan;1;1;0;2;0,2992;0,3147;0,3861
35139;2020-02-22;T19-20;I1;Spal;Juventus;1;2;2;2;0,2296;0,1341;0,6363
35138;2020-02-22;T19-20;I1;Bologna;Udinese;1;1;0;1;0,307;0,3925;0,3005
26651;2020-02-22;T19-20;F1;Lille;Toulouse;3;0;1;1;0,2929;0,4658;0,2413
57667;2020-02-22;T19-20;SP2;Alcorcon;Las Palmas;1;1;0;1;0,2833;0,4148;0,3019
26649;2020-02-22;T19-20;F1;Angers;Montpellier;1;0;1;1;0,2953;0,4045;0,3003
6012;2020-02-22;T19-20;D1;Freiburg;Fortuna Dusseldorf;0;2;2;1;0,2628;0,4915;0,2458
6013;2020-02-22;T19-20;D1;Hertha;FC Koln;0;5;2;1;0,2936;0,4082;0,2982
6014;2020-02-22;T19-20;D1;M'gladbach;Hoffenheim;1;1;0;1;0,3108;0,4117;0,2775
6015;2020-02-22;T19-20;D1;Werder Bremen;Dortmund;0;2;2;2;0,2959;0,1873;0,5168
6016;2020-02-22;T19-20;D1;Schalke 04;RB Leipzig;0;5;2;2;0,3448;0,2292;0,426
16030;2020-02-22;T19-20;E0;Chelsea;Tottenham;2;1;1;1;0,3088;0,4024;0,2888
26650;2020-02-22;T19-20;F1;Dijon;Monaco;1;1;0;2;0,2966;0,3056;0,3979
16032;2020-02-22;T19-20;E0;Crystal Palace;Newcastle;1;0;1;1;0,3026;0,4053;0,2921
16033;2020-02-22;T19-20;E0;Sheffield United;Brighton;1;1;0;1;0,2599;0,4755;0,2646
16034;2020-02-22;T19-20;E0;Southampton;Aston Villa;2;0;1;1;0,3046;0,3882;0,3072
16035;2020-02-22;T19-20;E0;Leicester;Man City;0;1;2;2;0,3074;0,2069;0,4857
26648;2020-02-22;T19-20;F1;Marseille;Nantes;1;3;2;1;0,2809;0,4715;0,2476
16031;2020-02-22;T19-20;E0;Burnley;Bournemouth;3;0;1;1;0,3022;0,3931;0,3048
57676;2020-02-23;T19-20;SP2;Vallecano;Huesca;2;0;1;1;0,2922;0,4105;0,2974
57675;2020-02-23;T19-20;SP2;Malaga;Santander;2;0;1;1;0,2722;0,5079;0,2199
57674;2020-02-23;T19-20;SP2;Extremadura;Mirandes;3;2;1;1;0,2632;0,4752;0,2616
57673;2020-02-23;T19-20;SP2;Zaragoza;La Coruna;3;1;1;1;0,2547;0,527;0,2183
57672;2020-02-23;T19-20;SP2;Lugo;Oviedo;1;0;1;1;0,2827;0,4178;0,2995
45245;2020-02-23;T19-20;SP1;Ath Madrid;Villarreal;3;1;1;1;0,3014;0,4123;0,2863
45244;2020-02-23;T19-20;SP1;Getafe;Sevilla;0;3;2;2;0,3089;0,341;0,3501
45243;2020-02-23;T19-20;SP1;Valladolid;Espanol;2;1;1;1;0,2769;0,4302;0,293
45242;2020-02-23;T19-20;SP1;Alaves;Ath Bilbao;2;1;1;1;0,2962;0,3993;0,3045
45241;2020-02-23;T19-20;SP1;Osasuna;Granada;0;3;2;1;0,2758;0,4842;0,24
35141;2020-02-23;T19-20;I1;Genoa;Lazio;2;3;2;2;0,2501;0,1894;0,5605
26655;2020-02-23;T19-20;F1;Paris SG;Bordeaux;4;3;1;1;0,18;0,6905;0,1296
26654;2020-02-23;T19-20;F1;Rennes;Nimes;2;1;1;1;0,3089;0,4104;0,2807
26653;2020-02-23;T19-20;F1;St Etienne;Reims;1;1;0;1;0,2738;0,45;0,2762
16037;2020-02-23;T19-20;E0;Wolves;Norwich;3;0;1;1;0,2485;0,5383;0,2132
16036;2020-02-23;T19-20;E0;Man United;Watford;3;0;1;1;0,1547;0,732;0,1133
6018;2020-02-23;T19-20;D1;Wolfsburg;Mainz;4;0;1;1;0,2755;0,4439;0,2806
6017;2020-02-23;T19-20;D1;Leverkusen;Augsburg;2;0;1;1;0,192;0,6389;0,1692
35142;2020-02-23;T19-20;I1;Roma;Lecce;4;0;1;1;0,284;0,435;0,281
16038;2020-02-23;T19-20;E0;Arsenal;Everton;3;2;1;1;0,3153;0,4027;0,2821
6019;2020-02-24;T19-20;D1;Ein Frankfurt;Union Berlin;1;2;2;1;0,286;0,4143;0,2997
16039;2020-02-24;T19-20;E0;Liverpool;West Ham;3;2;1;1;0,0749;0,885;0,0401
45246;2020-02-28;T19-20;SP1;Sociedad;Valladolid;1;0;1;1;0,2719;0,4932;0,2349
57677;2020-02-28;T19-20;SP2;Las Palmas;Malaga;1;1;0;1;0,2871;0,4083;0,3046
26656;2020-02-28;T19-20;F1;Nimes;Marseille;2;3;2;2;0,2949;0,2857;0,4194
6020;2020-02-28;T19-20;D1;Fortuna Dusseldorf;Hertha;3;3;0;1;0,2968;0,4019;0,3013
16040;2020-02-28;T19-20;E0;Norwich;Leicester;1;0;1;2;0,2908;0,2736;0,4357
57682;2020-02-29;T19-20;SP2;Santander;Zaragoza;2;2;0;2;0,2766;0,2427;0,4807
57681;2020-02-29;T19-20;SP2;Albacete;Vallecano;1;1;0;2;0,3073;0,3393;0,3534
57680;2020-02-29;T19-20;SP2;Cadiz;Almeria;2;1;1;1;0,263;0,5147;0,2223
57679;2020-02-29;T19-20;SP2;Ponferradina;Sp Gijon;1;0;1;2;0,2961;0,3461;0,3578
57678;2020-02-29;T19-20;SP2;Huesca;Extremadura;2;2;0;1;0,2594;0,4828;0,2579
45250;2020-02-29;T19-20;SP1;Granada;Celta;0;0;0;1;0,2801;0,4321;0,2878
45249;2020-02-29;T19-20;SP1;Leganes;Alaves;1;1;0;1;0,2659;0,458;0,2761
45248;2020-02-29;T19-20;SP1;Valencia;Betis;2;1;1;1;0,2848;0,4404;0,2749
45247;2020-02-29;T19-20;SP1;Eibar;Levante;3;0;1;1;0,2967;0,4151;0,2883
35144;2020-02-29;T19-20;I1;Napoli;Torino;2;1;1;1;0,1926;0,6647;0,1428
26662;2020-02-29;T19-20;F1;Toulouse;Rennes;0;2;2;2;0,3025;0,3069;0,3907
26661;2020-02-29;T19-20;F1;Montpellier;Strasbourg;3;0;1;1;0,2895;0,4151;0,2954
26660;2020-02-29;T19-20;F1;Monaco;Reims;1;1;0;1;0,2478;0,4956;0,2566
35143;2020-02-29;T19-20;I1;Lazio;Bologna;2;0;1;1;0,2396;0,5804;0,18
26658;2020-02-29;T19-20;F1;Amiens;Metz;0;1;2;1;0,2854;0,3883;0,3263
6021;2020-02-29;T19-20;D1;Augsburg;M'gladbach;2;3;2;2;0,2927;0,2987;0,4086
26659;2020-02-29;T19-20;F1;Brest;Angers;0;1;2;1;0,3062;0,3644;0,3295
6023;2020-02-29;T19-20;D1;Hoffenheim;Bayern Munich;0;6;2;2;0,3008;0,123;0,5762
6024;2020-02-29;T19-20;D1;Mainz;Paderborn;2;0;1;1;0,2869;0,4182;0,2949
6025;2020-02-29;T19-20;D1;FC Koln;Schalke 04;3;0;1;1;0,3017;0,3914;0,3069
6022;2020-02-29;T19-20;D1;Dortmund;Freiburg;1;0;1;1;0,2261;0,5853;0,1886
16042;2020-02-29;T19-20;E0;Bournemouth;Chelsea;2;2;0;2;0,2547;0,1849;0,5604
16043;2020-02-29;T19-20;E0;Newcastle;Burnley;0;0;0;1;0,2986;0,3754;0,3259
16044;2020-02-29;T19-20;E0;West Ham;Southampton;3;1;1;1;0,3121;0,3483;0,3395
16045;2020-02-29;T19-20;E0;Watford;Liverpool;3;0;1;2;0,1964;0,0843;0,7193
26657;2020-02-29;T19-20;F1;Paris SG;Dijon;4;0;1;1;0,087;0,8517;0,0613
16041;2020-02-29;T19-20;E0;Brighton;Crystal Palace;0;1;2;1;0,3061;0,3746;0,3194
45253;2020-03-01;T19-20;SP1;Espanol;Ath Madrid;1;1;0;2;0,2895;0,2792;0,4313
57686;2020-03-01;T19-20;SP2;Fuenlabrada;Alcorcon;3;4;2;1;0,2599;0,4655;0,2746
57685;2020-03-01;T19-20;SP2;La Coruna;Lugo;0;0;0;1;0,2085;0,6613;0,1302
57684;2020-03-01;T19-20;SP2;Elche;Numancia;2;0;1;1;0,2878;0,4102;0,302
57683;2020-03-01;T19-20;SP2;Mirandes;Girona;1;1;0;1;0,2987;0,3508;0,3504
45255;2020-03-01;T19-20;SP1;Real Madrid;Barcelona;2;0;1;2;0,364;0,2717;0,3643
45254;2020-03-01;T19-20;SP1;Mallorca;Getafe;0;1;2;1;0,2799;0,4131;0,307
57687;2020-03-01;T19-20;SP2;Oviedo;Tenerife;1;0;1;1;0,2936;0,4104;0,296
45252;2020-03-01;T19-20;SP1;Ath Bilbao;Villarreal;1;0;1;1;0,3094;0,3823;0,3083
26665;2020-03-01;T19-20;F1;Lyon;St Etienne;2;0;1;1;0,2966;0,4582;0,2452
35146;2020-03-01;T19-20;I1;Cagliari;Roma;3;4;2;2;0,25;0,1814;0,5687
6026;2020-03-01;T19-20;D1;Union Berlin;Wolfsburg;2;2;0;2;0,3341;0,3313;0,3346
6027;2020-03-01;T19-20;D1;RB Leipzig;Leverkusen;1;1;0;1;0,3161;0,3894;0,2945
16046;2020-03-01;T19-20;E0;Everton;Man United;1;1;0;0;0,3611;0,2835;0,3554
45251;2020-03-01;T19-20;SP1;Sevilla;Osasuna;3;2;1;1;0,2116;0,6221;0,1663
26663;2020-03-01;T19-20;F1;Nantes;Lille;0;1;2;1;0,3148;0,3583;0,327
26664;2020-03-01;T19-20;F1;Bordeaux;Nice;1;1;0;1;0,3164;0,3971;0,2865
35145;2020-03-01;T19-20;I1;Lecce;Atalanta;2;7;2;2;0,2732;0,2125;0,5143
16047;2020-03-01;T19-20;E0;Tottenham;Wolves;2;3;2;1;0,3072;0,4173;0,2755
6028;2020-03-06;T19-20;D1;Paderborn;FC Koln;1;2;2;1;0,298;0,3805;0,3215
45256;2020-03-06;T19-20;SP1;Alaves;Valencia;1;1;0;2;0,2825;0,3131;0,4044
57688;2020-03-06;T19-20;SP2;Lugo;Cadiz;1;1;0;2;0,2948;0,3078;0,3974
45257;2020-03-07;T19-20;SP1;Eibar;Mallorca;1;2;2;1;0,2645;0,5045;0,2309
45258;2020-03-07;T19-20;SP1;Ath Madrid;Sevilla;2;2;0;1;0,3334;0,3357;0,3309
45259;2020-03-07;T19-20;SP1;Barcelona;Sociedad;1;0;1;1;0,2812;0,5123;0,2066
45260;2020-03-07;T19-20;SP1;Getafe;Celta;0;0;0;1;0,2677;0,4722;0,2601
57692;2020-03-07;T19-20;SP2;Numancia;Santander;1;2;2;1;0,2638;0,4937;0,2425
57690;2020-03-07;T19-20;SP2;Girona;Albacete;1;1;0;1;0,2761;0,4696;0,2543
16054;2020-03-07;T19-20;E0;Burnley;Tottenham;1;1;0;2;0,2882;0,291;0,4208
57693;2020-03-07;T19-20;SP2;Almeria;La Coruna;4;0;1;1;0,2861;0,4359;0,278
57689;2020-03-07;T19-20;SP2;Extremadura;Oviedo;1;2;2;1;0,2804;0,452;0,2676
16053;2020-03-07;T19-20;E0;Wolves;Brighton;0;0;0;1;0,2873;0,4165;0,2961
57691;2020-03-07;T19-20;SP2;Huesca;Fuenlabrada;2;0;1;1;0,2504;0,5558;0,1938
16051;2020-03-07;T19-20;E0;Sheffield United;Norwich;1;0;1;1;0,2474;0,5341;0,2185
16050;2020-03-07;T19-20;E0;Crystal Palace;Watford;1;0;1;1;0,2861;0,4219;0,292
16049;2020-03-07;T19-20;E0;Arsenal;West Ham;1;0;1;1;0,2872;0,4524;0,2604
16048;2020-03-07;T19-20;E0;Liverpool;Bournemouth;2;1;1;1;0,105;0,8409;0,0541
6034;2020-03-07;T19-20;D1;M'gladbach;Dortmund;1;2;2;2;0,3745;0,2226;0,403
6033;2020-03-07;T19-20;D1;Wolfsburg;RB Leipzig;0;0;0;2;0,3588;0,2515;0,3897
6032;2020-03-07;T19-20;D1;Schalke 04;Hoffenheim;1;1;0;1;0,3071;0,3906;0,3022
6031;2020-03-07;T19-20;D1;Leverkusen;Ein Frankfurt;4;0;1;1;0,2958;0,4464;0,2578
16052;2020-03-07;T19-20;E0;Southampton;Newcastle;0;1;2;1;0,2627;0,4812;0,2561
6030;2020-03-07;T19-20;D1;Hertha;Werder Bremen;2;2;0;1;0,291;0,4132;0,2958
6029;2020-03-07;T19-20;D1;Freiburg;Union Berlin;3;1;1;1;0,2962;0,4114;0,2924
45265;2020-03-08;T19-20;SP1;Betis;Real Madrid;2;1;1;2;0,2592;0,1517;0,5892
57694;2020-03-08;T19-20;SP2;Vallecano;Elche;2;3;2;1;0,2903;0,4576;0,252
57698;2020-03-08;T19-20;SP2;Tenerife;Ponferradina;1;0;1;1;0,286;0,4227;0,2913
57696;2020-03-08;T19-20;SP2;Alcorcon;Mirandes;1;2;2;1;0,2773;0,4452;0,2776
57697;2020-03-08;T19-20;SP2;Sp Gijon;Las Palmas;4;0;1;1;0,2886;0,4165;0,2949
57695;2020-03-08;T19-20;SP2;Malaga;Zaragoza;0;1;2;1;0,3107;0,3577;0,3316
45263;2020-03-08;T19-20;SP1;Levante;Granada;1;1;0;1;0,2844;0,4387;0,2769
45264;2020-03-08;T19-20;SP1;Villarreal;Leganes;1;2;2;1;0,2555;0,5086;0,2359
45261;2020-03-08;T19-20;SP1;Osasuna;Espanol;1;0;1;1;0,2758;0,5108;0,2134
45262;2020-03-08;T19-20;SP1;Valladolid;Ath Bilbao;1;4;2;1;0,2943;0,3573;0,3483
6036;2020-03-08;T19-20;D1;Mainz;Fortuna Dusseldorf;1;1;0;1;0,2871;0,4229;0,2899
16055;2020-03-08;T19-20;E0;Chelsea;Everton;4;0;1;1;0,2443;0,5156;0,2401
6035;2020-03-08;T19-20;D1;Bayern Munich;Augsburg;2;0;1;1;0,0589;0,9048;0,0362
35148;2020-03-08;T19-20;I1;Milan;Genoa;1;2;2;1;0,289;0,4558;0,2552
16056;2020-03-08;T19-20;E0;Man United;Man City;2;0;1;2;0,3749;0,2165;0,4086
35150;2020-03-08;T19-20;I1;Udinese;Fiorentina;0;0;0;2;0,2889;0,3434;0,3677
45266;2020-03-10;T19-20;SP1;Eibar;Sociedad;1;2;2;1;0,3057;0,3475;0,3468
6037;2020-03-11;T19-20;D1;M'gladbach;FC Koln;2;1;1;1;0,3049;0,4113;0,2837
6058;2020-05-26;T19-20;D1;Leverkusen;Wolfsburg;1;4;2;1;0,2058;0,622;0,1723
6059;2020-05-26;T19-20;D1;Werder Bremen;M'gladbach;0;0;0;2;0,3014;0,3181;0,3805
6057;2020-05-26;T19-20;D1;Ein Frankfurt;Freiburg;3;3;0;1;0,2951;0,412;0,293
6056;2020-05-26;T19-20;D1;Dortmund;Bayern Munich;0;1;2;2;0,3181;0,1669;0,5151
6060;2020-05-27;T19-20;D1;RB Leipzig;Hertha;2;2;0;1;0,1747;0,6853;0,14
6061;2020-05-27;T19-20;D1;Augsburg;Paderborn;0;0;0;1;0,2833;0,4351;0,2815
6062;2020-05-27;T19-20;D1;Fortuna Dusseldorf;Schalke 04;2;1;1;1;0,302;0,3784;0,3196
6063;2020-05-27;T19-20;D1;Hoffenheim;FC Koln;3;1;1;1;0,273;0,4544;0,2726
6064;2020-05-27;T19-20;D1;Union Berlin;Mainz;1;1;0;1;0,2952;0,4163;0,2885
6065;2020-05-29;T19-20;D1;Freiburg;Leverkusen;0;1;2;2;0,274;0,2426;0,4834
6069;2020-05-30;T19-20;D1;Wolfsburg;Ein Frankfurt;1;2;2;1;0,2921;0,4184;0,2895
6070;2020-05-30;T19-20;D1;Bayern Munich;Fortuna Dusseldorf;5;0;1;1;0,0995;0,8465;0,054
6067;2020-05-30;T19-20;D1;Mainz;Hoffenheim;0;1;2;1;0,3045;0,3579;0,3376
6066;2020-05-30;T19-20;D1;Hertha;Augsburg;2;0;1;1;0,2836;0,4376;0,2789
6068;2020-05-30;T19-20;D1;Schalke 04;Werder Bremen;0;1;2;1;0,2927;0,4135;0,2937
6071;2020-05-31;T19-20;D1;M'gladbach;Union Berlin;4;1;1;1;0,1961;0,6599;0,144
6072;2020-05-31;T19-20;D1;Paderborn;Dortmund;1;6;2;2;0,2681;0,1853;0,5466
6073;2020-06-01;T19-20;D1;FC Koln;RB Leipzig;2;4;2;2;0,3178;0,2289;0,4533
6074;2020-06-03;T19-20;D1;Werder Bremen;Ein Frankfurt;0;3;2;1;0,3073;0,3741;0,3186
6075;2020-06-05;T19-20;D1;Freiburg;M'gladbach;1;0;1;2;0,2948;0,303;0,4022
6076;2020-06-06;T19-20;D1;Ein Frankfurt;Mainz;0;2;2;1;0,2613;0,5083;0,2304
6077;2020-06-06;T19-20;D1;Fortuna Dusseldorf;Hoffenheim;2;2;0;2;0,3;0,3228;0,3772
6078;2020-06-06;T19-20;D1;Leverkusen;Bayern Munich;2;4;2;2;0,3084;0,1545;0,5371
6079;2020-06-06;T19-20;D1;RB Leipzig;Paderborn;1;1;0;1;0,1191;0,7963;0,0846
6080;2020-06-06;T19-20;D1;Dortmund;Hertha;1;0;1;1;0,2493;0,575;0,1757
6082;2020-06-07;T19-20;D1;Union Berlin;Schalke 04;1;1;0;1;0,2943;0,4087;0,2969
6083;2020-06-07;T19-20;D1;Augsburg;FC Koln;1;1;0;1;0,3095;0,3551;0,3355
6081;2020-06-07;T19-20;D1;Werder Bremen;Wolfsburg;0;1;2;1;0,2997;0,3564;0,344
6084;2020-06-12;T19-20;D1;Hoffenheim;RB Leipzig;0;2;2;2;0,3316;0,2652;0,4032
6085;2020-06-13;T19-20;D1;FC Koln;Union Berlin;1;2;2;1;0,2832;0,4433;0,2735
6086;2020-06-13;T19-20;D1;Fortuna Dusseldorf;Dortmund;0;1;2;2;0,2669;0,1532;0,5799
6087;2020-06-13;T19-20;D1;Hertha;Ein Frankfurt;1;4;2;1;0,3099;0,3622;0,3279
6088;2020-06-13;T19-20;D1;Paderborn;Werder Bremen;1;5;2;1;0,2949;0,4077;0,2974
6089;2020-06-13;T19-20;D1;Wolfsburg;Freiburg;2;2;0;1;0,2791;0,4322;0,2887
6090;2020-06-13;T19-20;D1;Bayern Munich;M'gladbach;2;1;1;1;0,2333;0,5758;0,1908
6091;2020-06-14;T19-20;D1;Mainz;Augsburg;0;1;2;1;0,2926;0,402;0,3054
6092;2020-06-14;T19-20;D1;Schalke 04;Leverkusen;1;1;0;2;0,2808;0,2809;0,4383
6093;2020-06-16;T19-20;D1;M'gladbach;Wolfsburg;3;0;1;1;0,3077;0,4124;0,2799
6094;2020-06-16;T19-20;D1;Freiburg;Hertha;2;1;1;1;0,2495;0,5498;0,2007
6095;2020-06-16;T19-20;D1;Union Berlin;Paderborn;1;0;1;1;0,2958;0,3983;0,3059
6096;2020-06-16;T19-20;D1;Werder Bremen;Bayern Munich;0;1;2;2;0,2056;0,0812;0,7131
6101;2020-06-17;T19-20;D1;RB Leipzig;Fortuna Dusseldorf;2;2;0;1;0,1959;0,671;0,1331
6099;2020-06-17;T19-20;D1;Dortmund;Mainz;0;2;2;1;0,1952;0,6869;0,1178
6100;2020-06-17;T19-20;D1;Leverkusen;FC Koln;3;1;1;1;0,1857;0,6689;0,1454
6097;2020-06-17;T19-20;D1;Ein Frankfurt;Schalke 04;2;1;1;1;0,25;0,5497;0,2003
6098;2020-06-17;T19-20;D1;Augsburg;Hoffenheim;1;3;2;1;0,3032;0,3489;0,348
57726;2020-06-20;T19-20;SP2;Malaga;Extremadura;1;1;0;1;0,2743;0,4393;0,2864
6110;2020-06-20;T19-20;D1;Schalke 04;Wolfsburg;1;4;2;2;0,3051;0,3391;0,3558
6109;2020-06-20;T19-20;D1;RB Leipzig;Dortmund;0;2;2;2;0,3332;0,3272;0,3396
6107;2020-06-20;T19-20;D1;Mainz;Werder Bremen;3;1;1;1;0,2869;0,4295;0,2836
6108;2020-06-20;T19-20;D1;Paderborn;M'gladbach;1;3;2;2;0,287;0,3105;0,4025
6105;2020-06-20;T19-20;D1;Hertha;Leverkusen;2;0;1;2;0,2688;0,2396;0,4915
6104;2020-06-20;T19-20;D1;Fortuna Dusseldorf;Augsburg;1;1;0;1;0,3026;0,3978;0,2996
6103;2020-06-20;T19-20;D1;FC Koln;Ein Frankfurt;1;1;0;1;0,3048;0,3657;0,3295
6102;2020-06-20;T19-20;D1;Bayern Munich;Freiburg;3;1;1;1;0,1808;0,7031;0,1161
6106;2020-06-20;T19-20;D1;Hoffenheim;Union Berlin;4;0;1;1;0,2753;0,4875;0,2372
57729;2020-06-21;T19-20;SP2;Albacete;Huesca;2;2;0;2;0,2971;0,2972;0,4057
57743;2020-06-25;T19-20;SP2;Oviedo;Fuenlabrada;0;0;0;1;0,2555;0,5298;0,2146
6117;2020-06-27;T19-20;D1;Union Berlin;Fortuna Dusseldorf;3;0;1;1;0,2876;0,4175;0,2949
6118;2020-06-27;T19-20;D1;Werder Bremen;FC Koln;6;1;1;1;0,2814;0,4332;0,2853
6119;2020-06-27;T19-20;D1;Wolfsburg;Bayern Munich;0;4;2;2;0,2561;0,1189;0,625
6116;2020-06-27;T19-20;D1;M'gladbach;Hertha;2;1;1;1;0,2273;0,6072;0,1655
6112;2020-06-27;T19-20;D1;Dortmund;Hoffenheim;0;4;2;1;0,3137;0,4126;0,2737
6114;2020-06-27;T19-20;D1;Freiburg;Schalke 04;4;0;1;1;0,2596;0,5222;0,2182
6113;2020-06-27;T19-20;D1;Ein Frankfurt;Paderborn;3;2;1;1;0,266;0,4912;0,2427
6111;2020-06-27;T19-20;D1;Augsburg;RB Leipzig;1;2;2;2;0,2724;0,2189;0,5087
6115;2020-06-27;T19-20;D1;Leverkusen;Mainz;1;0;1;1;0,3016;0,4412;0,2572
45312;2020-06-28;T19-20;SP1;Levante;Betis;4;2;1;1;0,2971;0,4006;0,3023
57752;2020-06-28;T19-20;SP2;Fuenlabrada;Extremadura;1;1;0;1;0,2474;0,4781;0,2745
57761;2020-07-01;T19-20;SP2;Ponferradina;Fuenlabrada;0;3;2;1;0,26;0,5264;0,2137
57764;2020-07-02;T19-20;SP2;Vallecano;Malaga;0;0;0;1;0,2806;0,4407;0,2787
45330;2020-07-04;T19-20;SP1;Granada;Valencia;2;2;0;1;0,2765;0,4312;0,2923
57773;2020-07-05;T19-20;SP2;Malaga;Albacete;0;0;0;1;0,2692;0,4623;0,2685
57798;2020-07-13;T19-20;SP2;Elche;Albacete;2;0;1;1;0,2571;0,4824;0,2605
57801;2020-07-17;T19-20;SP2;Fuenlabrada;Elche;3;1;1;1;0,2471;0,505;0,2479
45376;2020-07-19;T19-20;SP1;Sevilla;Valencia;1;0;1;1;0,2357;0,5567;0,2077
45374;2020-07-19;T19-20;SP1;Levante;Getafe;1;0;1;1;0,2659;0,4826;0,2515
57814;2020-07-20;T19-20;SP2;Elche;Oviedo;2;1;1;1;0,262;0,4718;0,2662
16169;2020-09-26;T20-21;E0;Crystal Palace;Everton;1;2;2;2;0,3662;0,2471;0,3868
57841;2020-09-26;T20-21;SP2;Malaga;Alcorcon;1;0;1;1;0,3093;0,4024;0,2883
57843;2020-09-26;T20-21;SP2;Fuenlabrada;Albacete;1;0;1;1;0,2111;0,6233;0,1656
16173;2020-09-27;T20-21;E0;Tottenham;Newcastle;1;1;0;1;0,2556;0,4994;0,245
16175;2020-09-27;T20-21;E0;West Ham;Wolves;4;0;1;1;0,2919;0,4098;0,2983
45399;2020-09-27;T20-21;SP1;Valladolid;Celta;1;1;0;1;0,3301;0,346;0,3239
57847;2020-09-27;T20-21;SP2;Ponferradina;Vallecano;3;0;1;2;0,3038;0,2359;0,4603
57848;2020-09-27;T20-21;SP2;Tenerife;Mirandes;1;2;2;1;0,2959;0,4175;0,2866
16177;2020-09-28;T20-21;E0;Liverpool;Arsenal;3;1;1;1;0,1872;0,6452;0,1677
45401;2020-09-29;T20-21;SP1;Sociedad;Valencia;0;1;2;1;0,2506;0,4922;0,2572
45402;2020-09-29;T20-21;SP1;Getafe;Betis;3;0;1;1;0,3174;0,4065;0,276
45404;2020-09-30;T20-21;SP1;Villarreal;Alaves;3;1;1;1;0,165;0,7258;0,1092
45406;2020-09-30;T20-21;SP1;Real Madrid;Valladolid;1;0;1;1;0,0813;0,8761;0,0426
35297;2020-10-02;T20-21;I1;Fiorentina;Sampdoria;1;2;2;1;0,2615;0,4879;0,2506
57855;2020-10-03;T20-21;SP2;Vallecano;Malaga;4;0;1;1;0,2193;0,6027;0,178
57852;2020-10-03;T20-21;SP2;Albacete;Oviedo;1;1;0;1;0,2758;0,4273;0,2969
57851;2020-10-03;T20-21;SP2;Mirandes;Ponferradina;0;1;2;1;0,3149;0,4097;0,2754
45414;2020-10-03;T20-21;SP1;Valencia;Betis;0;2;2;1;0,2846;0,5223;0,1931
45413;2020-10-03;T20-21;SP1;Sociedad;Getafe;3;0;1;1;0,2751;0,4683;0,2566
16178;2020-10-03;T20-21;E0;Chelsea;Crystal Palace;4;0;1;1;0,1503;0,7124;0,1372
45410;2020-10-03;T20-21;SP1;Valladolid;Eibar;1;2;2;1;0,2883;0,4164;0,2953
35299;2020-10-03;T20-21;I1;Udinese;Roma;0;1;2;2;0,2741;0,2385;0,4874
16181;2020-10-03;T20-21;E0;Newcastle;Burnley;3;1;1;1;0,2907;0,4217;0,2875
16179;2020-10-03;T20-21;E0;Everton;Brighton;4;2;1;1;0,1746;0,6868;0,1386
45411;2020-10-03;T20-21;SP1;Ath Madrid;Villarreal;0;0;0;1;0,2872;0,4456;0,2672
45415;2020-10-04;T20-21;SP1;Osasuna;Celta;2;0;1;1;0,2867;0,4168;0,2965
45419;2020-10-04;T20-21;SP1;Barcelona;Sevilla;1;1;0;1;0,2376;0,6221;0,1404
45417;2020-10-04;T20-21;SP1;Levante;Real Madrid;0;2;2;2;0,288;0,1701;0,5419
45416;2020-10-04;T20-21;SP1;Alaves;Ath Bilbao;1;0;1;2;0,311;0,3261;0,3629
35303;2020-10-04;T20-21;I1;Parma;Verona;1;0;1;1;0,2889;0,4133;0,2977
35300;2020-10-04;T20-21;I1;Atalanta;Cagliari;5;2;1;1;0,1048;0,8368;0,0584
16187;2020-10-04;T20-21;E0;Aston Villa;Liverpool;7;2;1;2;0,3509;0,1228;0,5263
16186;2020-10-04;T20-21;E0;Man United;Tottenham;1;6;2;1;0,3431;0,403;0,254
16184;2020-10-04;T20-21;E0;Arsenal;Sheffield United;2;1;1;1;0,1499;0,7419;0,1082
16182;2020-10-04;T20-21;E0;Leicester;West Ham;0;3;2;1;0,1796;0,6747;0,1458
35302;2020-10-04;T20-21;I1;Lazio;Inter;1;1;0;2;0,3789;0,2157;0,4053
57864;2020-10-10;T20-21;SP2;Tenerife;Vallecano;1;0;1;2;0,3183;0,2785;0,4032
57871;2020-10-11;T20-21;SP2;Oviedo;Sp Gijon;1;0;1;2;0,3351;0,2531;0,4118
57868;2020-10-11;T20-21;SP2;Malaga;Las Palmas;0;0;0;1;0,2882;0,4206;0,2912
57869;2020-10-11;T20-21;SP2;Zaragoza;Albacete;1;0;1;1;0,2413;0,528;0,2307
35307;2020-10-17;T20-21;I1;Sampdoria;Lazio;3;0;1;2;0,3419;0,2897;0,3684
45420;2020-10-17;T20-21;SP1;Granada;Sevilla;1;0;1;2;0,3481;0,256;0,3959
16188;2020-10-17;T20-21;E0;Everton;Liverpool;2;2;0;2;0,3846;0,1772;0,4382
45423;2020-10-17;T20-21;SP1;Getafe;Barcelona;1;0;1;2;0,2522;0,125;0,6228
57875;2020-10-17;T20-21;SP2;Las Palmas;Almeria;2;0;1;1;0,2923;0,4173;0,2905
35306;2020-10-17;T20-21;I1;Inter;Milan;1;2;2;0;0,3705;0,2821;0,3474
45421;2020-10-17;T20-21;SP1;Celta;Ath Madrid;0;2;2;2;0,3245;0,2367;0,4387
16191;2020-10-17;T20-21;E0;Newcastle;Man United;1;4;2;2;0,3278;0,324;0,3483
6151;2020-10-17;T20-21;D1;Mainz;Leverkusen;0;1;2;2;0,3026;0,2932;0,4042
16189;2020-10-17;T20-21;E0;Chelsea;Southampton;3;3;0;1;0,2286;0,5326;0,2388
6153;2020-10-17;T20-21;D1;M'gladbach;Wolfsburg;1;1;0;1;0,2621;0,4756;0,2623
6150;2020-10-17;T20-21;D1;Hoffenheim;Dortmund;0;1;2;0;0,3676;0,2687;0,3638
6148;2020-10-17;T20-21;D1;Freiburg;Werder Bremen;1;1;0;1;0,2974;0,387;0,3156
6147;2020-10-17;T20-21;D1;Augsburg;RB Leipzig;0;2;2;2;0,3088;0,1746;0,5166
16190;2020-10-17;T20-21;E0;Man City;Arsenal;1;0;1;1;0,2136;0,5804;0,206
45426;2020-10-18;T20-21;SP1;Villarreal;Valencia;2;1;1;1;0,3078;0,4156;0,2766
57879;2020-10-18;T20-21;SP2;Zaragoza;Malaga;1;2;2;1;0,2507;0,5034;0,2458
45425;2020-10-18;T20-21;SP1;Ath Bilbao;Levante;2;0;1;1;0,2925;0,4173;0,2902
57881;2020-10-18;T20-21;SP2;Sp Gijon;Tenerife;1;1;0;1;0,2893;0,4356;0,2751
57880;2020-10-18;T20-21;SP2;Girona;Oviedo;1;0;1;1;0,2659;0,4784;0,2557
45424;2020-10-18;T20-21;SP1;Eibar;Osasuna;0;0;0;1;0,301;0,413;0,286
45429;2020-10-18;T20-21;SP1;Betis;Sociedad;0;3;2;1;0,3166;0,4164;0,267
35309;2020-10-18;T20-21;I1;Bologna;Sassuolo;3;4;2;0;0,3639;0,2767;0,3594
16195;2020-10-18;T20-21;E0;Leicester;Aston Villa;0;1;2;1;0,2983;0,4402;0,2615
35312;2020-10-18;T20-21;I1;Udinese;Parma;3;2;1;1;0,2996;0,4058;0,2947
16194;2020-10-18;T20-21;E0;Tottenham;West Ham;3;3;0;1;0,2239;0,5425;0,2336
16193;2020-10-18;T20-21;E0;Crystal Palace;Brighton;1;1;0;1;0,2945;0,4148;0,2907
6154;2020-10-18;T20-21;D1;FC Koln;Ein Frankfurt;1;1;0;2;0,3071;0,246;0,4469
57884;2020-10-21;T20-21;SP2;Lugo;Girona;3;0;1;2;0,3086;0,3224;0,369
57885;2020-10-21;T20-21;SP2;Ponferradina;Tenerife;1;0;1;1;0,2883;0,4165;0,2952
57891;2020-10-22;T20-21;SP2;Oviedo;Vallecano;0;0;0;2;0,2989;0,253;0,4481
57889;2020-10-22;T20-21;SP2;Malaga;Sp Gijon;1;0;1;1;0,3315;0,3549;0,3136
35315;2020-10-23;T20-21;I1;Sassuolo;Torino;3;3;0;1;0,1514;0,7355;0,1131
35317;2020-10-24;T20-21;I1;Genoa;Inter;0;2;2;2;0,2602;0,1906;0,5492
57894;2020-10-24;T20-21;SP2;Almeria;Fuenlabrada;3;0;1;1;0,2902;0,4169;0,2928
45434;2020-10-24;T20-21;SP1;Ath Madrid;Betis;2;0;1;1;0,2224;0,6396;0,1381
45433;2020-10-24;T20-21;SP1;Sevilla;Eibar;0;1;2;1;0,2934;0,433;0,2736
45432;2020-10-24;T20-21;SP1;Osasuna;Ath Bilbao;1;0;1;1;0,3342;0,402;0,2639
45431;2020-10-24;T20-21;SP1;Barcelona;Real Madrid;1;3;2;0;0,362;0,2909;0,3471
35318;2020-10-24;T20-21;I1;Lazio;Bologna;2;1;1;1;0,2944;0,4285;0,2771
35316;2020-10-24;T20-21;I1;Atalanta;Sampdoria;1;3;2;1;0,2822;0,5147;0,2032
6161;2020-10-24;T20-21;D1;Dortmund;Schalke 04;3;0;1;1;0,1137;0,8319;0,0543
16201;2020-10-24;T20-21;E0;Man United;Chelsea;0;0;0;0;0,3385;0,3372;0,3243
16199;2020-10-24;T20-21;E0;West Ham;Man City;1;1;0;2;0,3166;0,1514;0,532
6160;2020-10-24;T20-21;D1;Union Berlin;Freiburg;1;1;0;1;0,3228;0,4073;0,2699
6159;2020-10-24;T20-21;D1;RB Leipzig;Hertha;2;1;1;1;0,155;0,7557;0,0893
6158;2020-10-24;T20-21;D1;Mainz;M'gladbach;2;3;2;2;0,3054;0,3117;0,3829
6157;2020-10-24;T20-21;D1;Bayern Munich;Ein Frankfurt;5;0;1;1;0,1173;0,8109;0,0718
16202;2020-10-24;T20-21;E0;Liverpool;Sheffield United;2;1;1;1;0,0721;0,874;0,054
45435;2020-10-25;T20-21;SP1;Valladolid;Alaves;0;2;2;1;0,269;0,4556;0,2754
57899;2020-10-25;T20-21;SP2;Albacete;Vallecano;2;1;1;2;0,2938;0,2681;0,4381
57896;2020-10-25;T20-21;SP2;Sp Gijon;Ponferradina;2;1;1;1;0,3208;0,4172;0,262
57900;2020-10-25;T20-21;SP2;Malaga;Mirandes;1;1;0;1;0,3001;0,4228;0,2771
35323;2020-10-25;T20-21;I1;Juventus;Verona;1;1;0;1;0,2707;0,5596;0,1697
45437;2020-10-25;T20-21;SP1;Getafe;Granada;0;1;2;1;0,3367;0,4192;0,2441
16205;2020-10-25;T20-21;E0;Arsenal;Leicester;0;1;2;1;0,3081;0,4174;0,2745
16204;2020-10-25;T20-21;E0;Wolves;Newcastle;1;1;0;1;0,2589;0,4758;0,2653
16203;2020-10-25;T20-21;E0;Southampton;Everton;2;0;1;1;0,3074;0,367;0,3256
6163;2020-10-25;T20-21;D1;Werder Bremen;Hoffenheim;1;1;0;1;0,3461;0,3534;0,3005
35322;2020-10-25;T20-21;I1;Fiorentina;Udinese;3;2;1;1;0,3195;0,4172;0,2633
6164;2020-10-26;T20-21;D1;Leverkusen;Augsburg;3;1;1;1;0,2101;0,5877;0,2022
16207;2020-10-26;T20-21;E0;Burnley;Tottenham;0;1;2;2;0,2739;0,2153;0,5108
35324;2020-10-26;T20-21;I1;Milan;Roma;3;3;0;0;0,3428;0,3261;0,3311
45439;2020-10-26;T20-21;SP1;Levante;Celta;1;1;0;1;0,2878;0,4155;0,2967
57904;2020-10-28;T20-21;SP2;Albacete;Las Palmas;1;1;0;1;0,2922;0,4124;0,2955
57913;2020-10-29;T20-21;SP2;Vallecano;Fuenlabrada;2;0;1;1;0,2469;0,5511;0,202
57911;2020-10-29;T20-21;SP2;Tenerife;Lugo;1;1;0;1;0,3206;0,4061;0,2733
57908;2020-10-29;T20-21;SP2;Alcorcon;Sp Gijon;1;2;2;2;0,3003;0,3268;0,3729
57910;2020-10-29;T20-21;SP2;Mirandes;Zaragoza;1;0;1;1;0,2913;0,4131;0,2957
16208;2020-10-30;T20-21;E0;Wolves;Crystal Palace;2;0;1;1;0,2505;0,4875;0,262
35327;2020-10-31;T20-21;I1;Bologna;Cagliari;3;2;1;1;0,3211;0,4059;0,273
45444;2020-10-31;T20-21;SP1;Alaves;Barcelona;1;1;0;2;0,2359;0,1189;0,6452
45443;2020-10-31;T20-21;SP1;Osasuna;Ath Madrid;1;3;2;2;0,312;0,2072;0,4808
57915;2020-10-31;T20-21;SP2;Las Palmas;Oviedo;1;2;2;1;0,2684;0,4869;0,2447
45442;2020-10-31;T20-21;SP1;Ath Bilbao;Sevilla;2;1;1;2;0,348;0,2937;0,3583
35326;2020-10-31;T20-21;I1;Inter;Parma;2;2;0;1;0,1816;0,7192;0,0992
6169;2020-10-31;T20-21;D1;FC Koln;Bayern Munich;1;2;2;2;0,1714;0,0498;0,7788
16210;2020-10-31;T20-21;E0;Burnley;Chelsea;0;3;2;2;0,2746;0,1573;0,568
16209;2020-10-31;T20-21;E0;Sheffield United;Man City;0;1;2;2;0,2201;0,0984;0,6815
6170;2020-10-31;T20-21;D1;M'gladbach;RB Leipzig;1;0;1;2;0,3754;0,2321;0,3924
6168;2020-10-31;T20-21;D1;Ein Frankfurt;Werder Bremen;1;1;0;1;0,2556;0,4843;0,2601
6166;2020-10-31;T20-21;D1;Augsburg;Mainz;3;1;1;1;0,2919;0,4162;0,2919
16211;2020-10-31;T20-21;E0;Liverpool;West Ham;2;1;1;1;0,1013;0,8192;0,0795
35332;2020-11-01;T20-21;I1;Roma;Fiorentina;2;0;1;1;0,2396;0,5151;0,2453
57921;2020-11-01;T20-21;SP2;Almeria;Girona;0;0;0;1;0,3004;0,4137;0,2859
57920;2020-11-01;T20-21;SP2;Lugo;Vallecano;1;0;1;2;0,3172;0,289;0,3938
45448;2020-11-01;T20-21;SP1;Valencia;Getafe;2;2;0;1;0,27;0,4695;0,2605
45447;2020-11-01;T20-21;SP1;Granada;Levante;1;1;0;1;0,2943;0,4146;0,291
45446;2020-11-01;T20-21;SP1;Celta;Sociedad;1;4;2;0;0,338;0,3294;0,3326
35333;2020-11-01;T20-21;I1;Sampdoria;Genoa;1;1;0;1;0,2566;0,5575;0,186
35331;2020-11-01;T20-21;I1;Napoli;Sassuolo;0;2;2;1;0,249;0,583;0,168
57918;2020-11-01;T20-21;SP2;Fuenlabrada;Tenerife;1;1;0;1;0,2968;0,4108;0,2924
35328;2020-11-01;T20-21;I1;Udinese;Milan;1;2;2;2;0,3225;0,1602;0,5173
6171;2020-11-01;T20-21;D1;Freiburg;Leverkusen;2;4;2;2;0,339;0,2569;0,4041
6172;2020-11-01;T20-21;D1;Hertha;Wolfsburg;1;1;0;1;0,3399;0,3492;0,3109
16212;2020-11-01;T20-21;E0;Aston Villa;Southampton;3;4;2;1;0,326;0,4147;0,2593
35330;2020-11-01;T20-21;I1;Torino;Lazio;3;4;2;2;0,2944;0,2526;0,4531
16214;2020-11-01;T20-21;E0;Man United;Arsenal;0;1;2;1;0,2484;0,4896;0,262
16215;2020-11-01;T20-21;E0;Tottenham;Brighton;2;1;1;1;0,1835;0,6727;0,1438
16213;2020-11-01;T20-21;E0;Newcastle;Everton;2;1;1;2;0,3046;0,3042;0,3912
6173;2020-11-02;T20-21;D1;Hoffenheim;Union Berlin;1;3;2;1;0,285;0,4556;0,2594
45449;2020-11-02;T20-21;SP1;Villarreal;Valladolid;2;0;1;1;0,1898;0,6726;0,1376
35335;2020-11-04;T20-21;I1;Genoa;Torino;1;2;2;1;0,308;0,3696;0,3223
57925;2020-11-04;T20-21;SP2;Zaragoza;Girona;2;2;0;1;0,2958;0,3965;0,3077
57926;2020-11-05;T20-21;SP2;Alcorcon;Ponferradina;0;1;2;1;0,3008;0,3866;0,3126
6174;2020-11-06;T20-21;D1;Werder Bremen;FC Koln;1;1;0;1;0,2947;0,4245;0,2808
16218;2020-11-06;T20-21;E0;Brighton;Burnley;0;0;0;1;0,2902;0,417;0,2928
16219;2020-11-06;T20-21;E0;Southampton;Newcastle;2;0;1;1;0,2464;0,5047;0,2489
35336;2020-11-06;T20-21;I1;Sassuolo;Udinese;0;0;0;1;0,1932;0,6372;0,1695
45452;2020-11-07;T20-21;SP1;Barcelona;Betis;5;2;1;1;0,1603;0,7123;0,1274
6180;2020-11-07;T20-21;D1;Dortmund;Bayern Munich;2;3;2;2;0,3889;0,1368;0,4743
57930;2020-11-07;T20-21;SP2;Mirandes;Sp Gijon;1;0;1;1;0,3248;0,3433;0,3319
35339;2020-11-07;T20-21;I1;Parma;Fiorentina;0;0;0;1;0,3057;0,3848;0,3095
45453;2020-11-07;T20-21;SP1;Sevilla;Osasuna;1;0;1;1;0,2167;0,6067;0,1765
35337;2020-11-07;T20-21;I1;Cagliari;Sampdoria;2;0;1;1;0,3362;0,3499;0,3139
6175;2020-11-07;T20-21;D1;Augsburg;Hertha;0;3;2;1;0,291;0,4272;0,2818
16220;2020-11-07;T20-21;E0;Everton;Man United;1;3;2;2;0,3628;0,2424;0,3948
6177;2020-11-07;T20-21;D1;RB Leipzig;Freiburg;3;0;1;1;0,137;0,7467;0,1163
6176;2020-11-07;T20-21;D1;Mainz;Schalke 04;2;2;0;1;0,2755;0,4599;0,2646
16222;2020-11-07;T20-21;E0;Chelsea;Sheffield United;4;1;1;1;0,1128;0,8092;0,078
45457;2020-11-08;T20-21;SP1;Levante;Alaves;1;1;0;1;0,2782;0,4737;0,2481
45456;2020-11-08;T20-21;SP1;Sociedad;Granada;2;0;1;1;0,2082;0,6102;0,1816
45458;2020-11-08;T20-21;SP1;Valladolid;Ath Bilbao;2;1;1;2;0,3099;0,3239;0,3662
45455;2020-11-08;T20-21;SP1;Getafe;Villarreal;1;3;2;0;0,3538;0,3408;0,3055
57933;2020-11-08;T20-21;SP2;Alcorcon;Fuenlabrada;0;3;2;1;0,29;0,4169;0,2931
57934;2020-11-08;T20-21;SP2;Vallecano;Almeria;0;1;2;1;0,3104;0,4287;0,2608
57937;2020-11-08;T20-21;SP2;Tenerife;Zaragoza;1;0;1;1;0,2924;0,415;0,2926
45459;2020-11-08;T20-21;SP1;Valencia;Real Madrid;4;1;1;2;0,3062;0,1398;0,554
35345;2020-11-08;T20-21;I1;Milan;Verona;2;2;0;1;0,1663;0,7339;0,0998
35342;2020-11-08;T20-21;I1;Genoa;Roma;1;3;2;2;0,2252;0,1289;0,6459
35341;2020-11-08;T20-21;I1;Atalanta;Inter;1;1;0;0;0,3712;0,2618;0,367
35340;2020-11-08;T20-21;I1;Lazio;Juventus;1;1;0;2;0,3714;0,241;0,3877
16227;2020-11-08;T20-21;E0;Arsenal;Aston Villa;0;3;2;1;0,2989;0,4751;0,226
16226;2020-11-08;T20-21;E0;Man City;Liverpool;1;1;0;1;0,3331;0,3478;0,319
16225;2020-11-08;T20-21;E0;Leicester;Wolves;1;0;1;1;0,301;0,4205;0,2785
6182;2020-11-08;T20-21;D1;Leverkusen;M'gladbach;4;3;1;1;0,334;0,4026;0,2634
6181;2020-11-08;T20-21;D1;Wolfsburg;Hoffenheim;2;1;1;1;0,3135;0,4085;0,278
35344;2020-11-08;T20-21;I1;Bologna;Napoli;0;1;2;2;0,3471;0,1687;0,4841
57938;2020-11-09;T20-21;SP2;Girona;Las Palmas;1;1;0;1;0,3215;0,4069;0,2715
57939;2020-11-13;T20-21;SP2;Zaragoza;Oviedo;1;2;2;1;0,2982;0,4114;0,2904
57941;2020-11-14;T20-21;SP2;Almeria;Mirandes;2;1;1;1;0,2419;0,5234;0,2347
57943;2020-11-14;T20-21;SP2;Lugo;Albacete;1;0;1;1;0,2886;0,4378;0,2735
57945;2020-11-15;T20-21;SP2;Ponferradina;Malaga;1;1;0;1;0,2942;0,4145;0,2914
57948;2020-11-15;T20-21;SP2;Las Palmas;Tenerife;1;0;1;1;0,3054;0,4156;0,279
57949;2020-11-16;T20-21;SP2;Sp Gijon;Vallecano;1;1;0;1;0,2856;0,3876;0,3268
57950;2020-11-20;T20-21;SP2;Alcorcon;Lugo;1;0;1;1;0,3043;0,3732;0,3225
16230;2020-11-21;T20-21;E0;Tottenham;Man City;2;0;1;2;0,3758;0,2157;0,4084
45463;2020-11-21;T20-21;SP1;Sevilla;Celta;4;2;1;1;0,2805;0,4559;0,2636
45462;2020-11-21;T20-21;SP1;Villarreal;Real Madrid;1;1;0;2;0,3336;0,2058;0,4606
35348;2020-11-21;T20-21;I1;Juventus;Cagliari;2;0;1;1;0,2636;0,5502;0,1861
45464;2020-11-21;T20-21;SP1;Ath Madrid;Barcelona;1;0;1;2;0,3832;0,2154;0,4014
16229;2020-11-21;T20-21;E0;Aston Villa;Brighton;1;2;2;1;0,1902;0,6278;0,1819
6183;2020-11-21;T20-21;D1;Bayern Munich;Werder Bremen;1;1;0;1;0,1159;0,8135;0,0706
6189;2020-11-21;T20-21;D1;Hertha;Dortmund;2;5;2;2;0,3223;0,1616;0,5161
6188;2020-11-21;T20-21;D1;Ein Frankfurt;RB Leipzig;1;1;0;2;0,3713;0,2499;0,3788
6187;2020-11-21;T20-21;D1;Schalke 04;Wolfsburg;0;2;2;2;0,3391;0,2971;0,3638
6186;2020-11-21;T20-21;D1;M'gladbach;Augsburg;1;1;0;1;0,1684;0,6777;0,1539
57955;2020-11-21;T20-21;SP2;Oviedo;Fuenlabrada;1;1;0;1;0,3258;0,4052;0,269
16228;2020-11-21;T20-21;E0;Newcastle;Chelsea;0;2;2;2;0,2494;0,1434;0,6073
45465;2020-11-22;T20-21;SP1;Eibar;Getafe;0;0;0;1;0,2693;0,453;0,2776
35355;2020-11-22;T20-21;I1;Napoli;Milan;1;3;2;1;0,3314;0,4102;0,2584
45468;2020-11-22;T20-21;SP1;Alaves;Valencia;2;2;0;2;0,319;0,3245;0,3565
45467;2020-11-22;T20-21;SP1;Granada;Valladolid;1;3;2;1;0,28;0,4808;0,2392
57959;2020-11-22;T20-21;SP2;Ponferradina;Zaragoza;2;1;1;1;0,2883;0,4156;0,2961
35352;2020-11-22;T20-21;I1;Sampdoria;Bologna;1;2;2;1;0,3005;0,4059;0,2936
35350;2020-11-22;T20-21;I1;Inter;Torino;4;2;1;1;0,1619;0,7234;0,1147
16235;2020-11-22;T20-21;E0;Liverpool;Leicester;3;0;1;1;0,2951;0,4579;0,247
16233;2020-11-22;T20-21;E0;Sheffield United;West Ham;0;1;2;1;0,3173;0,3524;0,3303
6190;2020-11-22;T20-21;D1;Freiburg;Mainz;1;3;2;1;0,2892;0,4157;0,2951
35351;2020-11-22;T20-21;I1;Roma;Parma;3;0;1;1;0,0834;0,8584;0,0582
57960;2020-11-23;T20-21;SP2;Albacete;Almeria;1;2;2;2;0,312;0,3274;0,3606
57962;2020-11-24;T20-21;SP2;Girona;Malaga;0;1;2;1;0,2812;0,445;0,2738
57963;2020-11-24;T20-21;SP2;Lugo;Oviedo;0;0;0;1;0,2884;0,4064;0,3052
57964;2020-11-25;T20-21;SP2;Las Palmas;Mirandes;0;2;2;1;0,3024;0,4106;0,287
57966;2020-11-25;T20-21;SP2;Zaragoza;Vallecano;1;2;2;2;0,2905;0,3158;0,3937
57968;2020-11-25;T20-21;SP2;Fuenlabrada;Ponferradina;1;1;0;1;0,3009;0,3954;0,3037
57971;2020-11-26;T20-21;SP2;Almeria;Tenerife;2;0;1;1;0,2942;0,4293;0,2765
57972;2020-11-27;T20-21;SP2;Alcorcon;Girona;1;0;1;1;0,3056;0,3568;0,3376
45470;2020-11-27;T20-21;SP1;Valladolid;Levante;1;1;0;1;0,3103;0,3625;0,3272
57973;2020-11-27;T20-21;SP2;Malaga;Lugo;2;2;0;1;0,2941;0,4087;0,2972
6192;2020-11-27;T20-21;D1;Wolfsburg;Werder Bremen;5;3;1;1;0,2158;0,5794;0,2048
16238;2020-11-27;T20-21;E0;Crystal Palace;Newcastle;0;2;2;1;0,2413;0,5089;0,2498
45474;2020-11-28;T20-21;SP1;Real Madrid;Alaves;1;2;2;1;0,117;0,8169;0,0661
45472;2020-11-28;T20-21;SP1;Valencia;Ath Madrid;0;1;2;2;0,3793;0,2081;0,4126
35358;2020-11-28;T20-21;I1;Atalanta;Verona;0;2;2;1;0,2913;0,4902;0,2185
16240;2020-11-28;T20-21;E0;Man City;Burnley;5;0;1;1;0,0951;0,8388;0,0661
35356;2020-11-28;T20-21;I1;Sassuolo;Inter;0;3;2;2;0,3308;0,2249;0,4443
6198;2020-11-28;T20-21;D1;M'gladbach;Schalke 04;4;1;1;1;0,2128;0,583;0,2043
6197;2020-11-28;T20-21;D1;Union Berlin;Ein Frankfurt;3;3;0;1;0,3157;0,4124;0,2719
6194;2020-11-28;T20-21;D1;Dortmund;FC Koln;1;2;2;1;0,1158;0,8154;0,0687
6193;2020-11-28;T20-21;D1;Augsburg;Freiburg;1;1;0;1;0,3062;0,3867;0,3071
16239;2020-11-28;T20-21;E0;Brighton;Liverpool;1;1;0;2;0,2425;0,1274;0,6301
57981;2020-11-29;T20-21;SP2;Las Palmas;Sp Gijon;3;2;1;1;0,296;0,4018;0,3022
57977;2020-11-29;T20-21;SP2;Albacete;Tenerife;0;2;2;1;0,2876;0,4158;0,2967
45478;2020-11-29;T20-21;SP1;Sociedad;Villarreal;1;1;0;1;0,2671;0,4766;0,2564
45477;2020-11-29;T20-21;SP1;Celta;Granada;3;1;1;1;0,3038;0,395;0,3012
45476;2020-11-29;T20-21;SP1;Getafe;Ath Bilbao;1;1;0;1;0,3076;0,3841;0,3083
35363;2020-11-29;T20-21;I1;Napoli;Roma;4;0;1;0;0,3576;0,2864;0,356
45475;2020-11-29;T20-21;SP1;Barcelona;Osasuna;4;0;1;1;0,1213;0,81;0,0687
35359;2020-11-29;T20-21;I1;Lazio;Udinese;1;3;2;1;0,2026;0,6304;0,167
16245;2020-11-29;T20-21;E0;Arsenal;Wolves;1;2;2;1;0,3211;0,4077;0,2712
16244;2020-11-29;T20-21;E0;Chelsea;Tottenham;0;0;0;1;0,31;0,4215;0,2685
16243;2020-11-29;T20-21;E0;Southampton;Man United;2;3;2;2;0,3384;0,2588;0,4029
6200;2020-11-29;T20-21;D1;Mainz;Hoffenheim;1;1;0;1;0,3276;0,3794;0,293
6199;2020-11-29;T20-21;D1;Leverkusen;Hertha;0;0;0;1;0,1828;0,6864;0,1308
35361;2020-11-29;T20-21;I1;Milan;Fiorentina;2;0;1;1;0,1869;0,6654;0,1477
57982;2020-11-30;T20-21;SP2;Oviedo;Almeria;1;2;2;1;0,293;0,364;0,3429
45479;2020-11-30;T20-21;SP1;Betis;Eibar;0;2;2;1;0,2856;0,4363;0,2781
35364;2020-11-30;T20-21;I1;Torino;Sampdoria;2;2;0;1;0,2972;0,357;0,3458
16247;2020-11-30;T20-21;E0;West Ham;Aston Villa;2;1;1;1;0,3048;0,4032;0,292
35365;2020-11-30;T20-21;I1;Genoa;Parma;1;2;2;1;0,3038;0,3953;0,3008
57983;2020-12-01;T20-21;SP2;Fuenlabrada;Malaga;0;2;2;1;0,2823;0,4369;0,2808
57984;2020-12-01;T20-21;SP2;Girona;Mirandes;1;0;1;1;0,2937;0,4162;0,2901
57989;2020-12-02;T20-21;SP2;Lugo;Las Palmas;1;1;0;1;0,2989;0,373;0,3281
57991;2020-12-03;T20-21;SP2;Oviedo;Alcorcon;1;1;0;1;0,291;0,4348;0,2741
57993;2020-12-03;T20-21;SP2;Sp Gijon;Albacete;0;0;0;1;0,2232;0,6196;0,1573
45480;2020-12-04;T20-21;SP1;Ath Bilbao;Celta;0;2;2;1;0,3203;0,4134;0,2663
6201;2020-12-04;T20-21;D1;Hertha;Union Berlin;3;1;1;1;0,333;0,3488;0,3181
45481;2020-12-05;T20-21;SP1;Levante;Getafe;3;0;1;1;0,2712;0,4957;0,2332
6203;2020-12-05;T20-21;D1;Ein Frankfurt;Dortmund;1;1;0;2;0,3631;0,2663;0,3705
6204;2020-12-05;T20-21;D1;FC Koln;Wolfsburg;2;2;0;2;0,302;0,2847;0,4134
6205;2020-12-05;T20-21;D1;Freiburg;M'gladbach;2;2;0;2;0,3411;0,3025;0,3564
6206;2020-12-05;T20-21;D1;Bayern Munich;RB Leipzig;3;3;0;1;0,2928;0,5015;0,2057
16248;2020-12-05;T20-21;E0;Burnley;Everton;1;1;0;2;0,2988;0,3421;0,3591
16250;2020-12-05;T20-21;E0;West Ham;Man United;1;3;2;2;0,3044;0,2099;0,4857
35367;2020-12-05;T20-21;I1;Juventus;Torino;2;1;1;1;0,178;0,7224;0,0996
35368;2020-12-05;T20-21;I1;Inter;Bologna;3;1;1;1;0,2314;0,6274;0,1412
45482;2020-12-05;T20-21;SP1;Sevilla;Real Madrid;0;1;2;2;0,3708;0,2478;0,3814
45483;2020-12-05;T20-21;SP1;Ath Madrid;Valladolid;2;0;1;1;0,1178;0,8185;0,0637
57995;2020-12-05;T20-21;SP2;Ponferradina;Las Palmas;0;0;0;1;0,2944;0,407;0,2987
57996;2020-12-05;T20-21;SP2;Mirandes;Lugo;0;0;0;1;0,2755;0,4562;0,2683
45488;2020-12-06;T20-21;SP1;Alaves;Sociedad;0;0;0;2;0,305;0,2178;0,4772
57998;2020-12-06;T20-21;SP2;Alcorcon;Almeria;0;1;2;2;0,3105;0,3357;0,3538
45486;2020-12-06;T20-21;SP1;Osasuna;Betis;0;2;2;1;0,3007;0,3857;0,3137
58002;2020-12-06;T20-21;SP2;Zaragoza;Fuenlabrada;1;0;1;1;0,2884;0,4167;0,295
58000;2020-12-06;T20-21;SP2;Albacete;Girona;0;2;2;1;0,281;0,3902;0,3287
35373;2020-12-06;T20-21;I1;Sampdoria;Milan;1;2;2;2;0,2921;0,1867;0,5211
16253;2020-12-06;T20-21;E0;Sheffield United;Leicester;1;2;2;2;0,3267;0,2903;0,383
35369;2020-12-06;T20-21;I1;Verona;Cagliari;1;1;0;1;0,2802;0,4395;0,2803
16255;2020-12-06;T20-21;E0;Liverpool;Wolves;4;0;1;1;0,2085;0,6371;0,1544
16254;2020-12-06;T20-21;E0;Tottenham;Arsenal;2;0;1;1;0,3209;0,3797;0,2994
35371;2020-12-06;T20-21;I1;Roma;Sassuolo;0;0;0;1;0,2689;0,5108;0,2204
6208;2020-12-06;T20-21;D1;Schalke 04;Leverkusen;0;3;2;2;0,277;0,1632;0,5598
6209;2020-12-07;T20-21;D1;Hoffenheim;Augsburg;3;1;1;1;0,2222;0,5757;0,2021
16256;2020-12-07;T20-21;E0;Brighton;Southampton;1;2;2;1;0,3171;0,3511;0,3318
35374;2020-12-07;T20-21;I1;Fiorentina;Genoa;1;1;0;1;0,2908;0,424;0,2852
45489;2020-12-07;T20-21;SP1;Eibar;Valencia;0;0;0;1;0,2939;0,4085;0,2977
58005;2020-12-09;T20-21;SP2;Almeria;Zaragoza;1;0;1;1;0,288;0,4184;0,2936
58009;2020-12-11;T20-21;SP2;Oviedo;Tenerife;4;2;1;1;0,2927;0,4137;0,2936
58008;2020-12-11;T20-21;SP2;Lugo;Ponferradina;1;0;1;1;0,3066;0,3843;0,3091
26803;2020-12-11;T20-21;F1;St Etienne;Angers;0;0;0;2;0,3284;0,3337;0,338
6210;2020-12-11;T20-21;D1;Wolfsburg;Ein Frankfurt;2;1;1;1;0,2493;0,5076;0,2431
45490;2020-12-11;T20-21;SP1;Valladolid;Osasuna;3;2;1;1;0,2897;0,4163;0,2939
35378;2020-12-12;T20-21;I1;Lazio;Verona;1;2;2;1;0,3072;0,4251;0,2677
58012;2020-12-12;T20-21;SP2;Fuenlabrada;Mirandes;0;1;2;1;0,2989;0,4058;0,2952
58010;2020-12-12;T20-21;SP2;Leganes;Mallorca;0;1;2;2;0,3086;0,3403;0,3511
45494;2020-12-12;T20-21;SP1;Real Madrid;Ath Madrid;2;0;1;1;0,338;0,3947;0,2673
45493;2020-12-12;T20-21;SP1;Huesca;Alaves;1;0;1;1;0,2927;0,4107;0,2966
45492;2020-12-12;T20-21;SP1;Getafe;Sevilla;0;1;2;2;0,3127;0,2934;0,3939
45491;2020-12-12;T20-21;SP1;Valencia;Ath Bilbao;2;2;0;1;0,3035;0,412;0,2845
35377;2020-12-12;T20-21;I1;Torino;Udinese;2;3;2;1;0,3013;0,397;0,3017
58011;2020-12-12;T20-21;SP2;Castellon;Albacete;3;0;1;1;0,2572;0,501;0,2419
16261;2020-12-12;T20-21;E0;Everton;Chelsea;1;0;1;2;0,3126;0,1732;0,5141
16260;2020-12-12;T20-21;E0;Man United;Man City;0;0;0;2;0,3765;0,2431;0,3804
16258;2020-12-12;T20-21;E0;Wolves;Aston Villa;0;1;2;1;0,2975;0,4071;0,2954
6216;2020-12-12;T20-21;D1;Union Berlin;Bayern Munich;1;1;0;2;0,2362;0,0833;0,6805
6215;2020-12-12;T20-21;D1;RB Leipzig;Werder Bremen;2;0;1;1;0,1825;0,6732;0,1443
6214;2020-12-12;T20-21;D1;M'gladbach;Hertha;1;1;0;1;0,2339;0,5472;0,2188
6213;2020-12-12;T20-21;D1;Mainz;FC Koln;0;1;2;1;0,2928;0,4114;0,2958
26804;2020-12-12;T20-21;F1;Marseille;Monaco;2;1;1;0;0,3555;0,3461;0,2984
6211;2020-12-12;T20-21;D1;Dortmund;Stuttgart;1;5;2;1;0,2526;0,5457;0,2017
35382;2020-12-13;T20-21;I1;Napoli;Sampdoria;2;1;1;1;0,1511;0,7538;0,0951
35383;2020-12-13;T20-21;I1;Genoa;Juventus;1;3;2;2;0,2122;0,1047;0,6831
35384;2020-12-13;T20-21;I1;Milan;Parma;2;2;0;1;0,1053;0,8428;0,0519
45495;2020-12-13;T20-21;SP1;Sociedad;Eibar;1;1;0;1;0,2827;0,452;0,2653
45496;2020-12-13;T20-21;SP1;Betis;Villarreal;1;1;0;1;0,3024;0,4098;0,2878
58015;2020-12-13;T20-21;SP2;Las Palmas;Alcorcon;0;0;0;1;0,2953;0,4145;0,2901
58013;2020-12-13;T20-21;SP2;Logrones;Espanol;0;3;2;2;0,2848;0,2273;0,4879
58014;2020-12-13;T20-21;SP2;Almeria;Malaga;3;1;1;1;0,2626;0,5217;0,2156
35381;2020-12-13;T20-21;I1;Bologna;Roma;1;5;2;2;0,2947;0,2214;0,4839
58016;2020-12-13;T20-21;SP2;Cartagena;Sabadell;1;2;2;1;0,2907;0,4895;0,2198
58017;2020-12-13;T20-21;SP2;Sp Gijon;Zaragoza;1;0;1;1;0,2988;0,4083;0,293
45498;2020-12-13;T20-21;SP1;Barcelona;Levante;1;0;1;1;0,117;0,7973;0,0857
35380;2020-12-13;T20-21;I1;Atalanta;Fiorentina;3;0;1;1;0,3165;0,411;0,2725
26810;2020-12-13;T20-21;F1;Strasbourg;Metz;2;2;0;1;0,2913;0,4104;0,2983
26812;2020-12-13;T20-21;F1;Paris SG;Lyon;0;1;2;1;0,3221;0,419;0,2589
6217;2020-12-13;T20-21;D1;Augsburg;Schalke 04;2;2;0;1;0,2872;0,4175;0,2953
6218;2020-12-13;T20-21;D1;Leverkusen;Hoffenheim;4;1;1;1;0,2493;0,4923;0,2583
16262;2020-12-13;T20-21;E0;Southampton;Sheffield United;3;0;1;1;0,2515;0,4991;0,2495
35379;2020-12-13;T20-21;I1;Cagliari;Inter;1;3;2;2;0,2465;0,1706;0,5829
16264;2020-12-13;T20-21;E0;Fulham;Liverpool;1;1;0;2;0,2215;0,096;0,6825
16263;2020-12-13;T20-21;E0;Crystal Palace;Tottenham;1;1;0;2;0,3354;0,2463;0,4183
16266;2020-12-13;T20-21;E0;Leicester;Brighton;3;0;1;1;0,2216;0,5629;0,2155
26806;2020-12-13;T20-21;F1;Nice;Rennes;0;1;2;1;0,3194;0,4027;0,2779
26807;2020-12-13;T20-21;F1;Brest;Reims;2;1;1;1;0,272;0,4565;0,2715
26809;2020-12-13;T20-21;F1;Nantes;Dijon;1;1;0;1;0,2654;0,5112;0,2234
26811;2020-12-13;T20-21;F1;Lille;Bordeaux;2;1;1;1;0,2987;0,4777;0,2236
16265;2020-12-13;T20-21;E0;Arsenal;Burnley;0;1;2;1;0,243;0,5157;0,2412
58018;2020-12-14;T20-21;SP2;Girona;Vallecano;0;0;0;1;0,3151;0,3536;0,3312
16267;2020-12-15;T20-21;E0;Wolves;Chelsea;2;1;1;2;0,3202;0,2019;0,4779
45500;2020-12-15;T20-21;SP1;Real Madrid;Ath Bilbao;3;1;1;1;0,1891;0,7097;0,1012
6222;2020-12-15;T20-21;D1;Werder Bremen;Dortmund;1;2;2;2;0,3253;0,2262;0,4485
6221;2020-12-15;T20-21;D1;Stuttgart;Union Berlin;2;2;0;1;0,2441;0,5136;0,2424
6220;2020-12-15;T20-21;D1;Hertha;Mainz;0;0;0;1;0,2966;0,4121;0,2913
6219;2020-12-15;T20-21;D1;Ein Frankfurt;M'gladbach;3;3;0;1;0,316;0,3726;0,3114
45501;2020-12-16;T20-21;SP1;Barcelona;Sociedad;2;1;1;1;0,1038;0,8098;0,0864
35393;2020-12-16;T20-21;I1;Verona;Sampdoria;1;2;2;1;0,2981;0,3973;0,3046
35391;2020-12-16;T20-21;I1;Parma;Cagliari;0;0;0;1;0,2805;0,4156;0,3039
35390;2020-12-16;T20-21;I1;Inter;Napoli;1;0;1;0;0,3709;0,2707;0,3584
35389;2020-12-16;T20-21;I1;Genoa;Milan;2;2;0;2;0,2211;0,1182;0,6607
35388;2020-12-16;T20-21;I1;Fiorentina;Sassuolo;1;1;0;1;0,3151;0,3431;0,3418
35387;2020-12-16;T20-21;I1;Juventus;Atalanta;1;1;0;1;0,3498;0,3947;0,2555
26822;2020-12-16;T20-21;F1;Rennes;Marseille;2;1;1;1;0,287;0,423;0,29
26819;2020-12-16;T20-21;F1;Lyon;Brest;2;2;0;1;0,2106;0,6166;0,1728
26818;2020-12-16;T20-21;F1;Bordeaux;St Etienne;1;2;2;1;0,2515;0,5055;0,243
26817;2020-12-16;T20-21;F1;Reims;Nantes;3;2;1;1;0,2951;0,4079;0,297
26816;2020-12-16;T20-21;F1;Nimes;Nice;0;2;2;2;0,3016;0,3222;0,3762
26814;2020-12-16;T20-21;F1;Dijon;Lille;0;2;2;2;0,2648;0,1949;0,5404
26813;2020-12-16;T20-21;F1;Angers;Strasbourg;0;2;2;1;0,3135;0,4019;0,2846
16274;2020-12-16;T20-21;E0;West Ham;Crystal Palace;1;1;0;1;0,2675;0,4566;0,2759
16273;2020-12-16;T20-21;E0;Liverpool;Tottenham;2;1;1;1;0,2746;0,4728;0,2526
16272;2020-12-16;T20-21;E0;Fulham;Brighton;0;0;0;1;0,3031;0,3896;0,3073
16271;2020-12-16;T20-21;E0;Leicester;Everton;0;2;2;1;0,2652;0,4628;0,272
16269;2020-12-16;T20-21;E0;Arsenal;Southampton;1;1;0;1;0,3479;0,3589;0,2932
6227;2020-12-16;T20-21;D1;Hoffenheim;RB Leipzig;0;1;2;0;0,3648;0,275;0,3602
6226;2020-12-16;T20-21;D1;FC Koln;Leverkusen;0;4;2;2;0,2391;0,1371;0,6238
6224;2020-12-16;T20-21;D1;Bayern Munich;Wolfsburg;2;1;1;1;0,2341;0,6266;0,1392
6223;2020-12-16;T20-21;D1;Schalke 04;Freiburg;0;2;2;1;0,3089;0,3694;0,3217
26815;2020-12-16;T20-21;F1;Montpellier;Metz;0;2;2;1;0,2396;0,5409;0,2195
35394;2020-12-17;T20-21;I1;Roma;Torino;3;1;1;1;0,1292;0,788;0,0829
16275;2020-12-17;T20-21;E0;Aston Villa;Burnley;0;0;0;1;0,2313;0,5435;0,2252
16276;2020-12-17;T20-21;E0;Sheffield United;Man United;2;3;2;2;0,2383;0,1525;0,6093
45502;2020-12-18;T20-21;SP1;Ath Bilbao;Huesca;2;0;1;1;0,2895;0,422;0,2885
58019;2020-12-18;T20-21;SP2;Ponferradina;Oviedo;1;0;1;1;0,2948;0,4042;0,301
6228;2020-12-18;T20-21;D1;Union Berlin;Dortmund;2;1;1;2;0,3549;0,2317;0,4134
45505;2020-12-19;T20-21;SP1;Levante;Sociedad;2;1;1;1;0,3125;0,3661;0,3213
58022;2020-12-19;T20-21;SP2;Zaragoza;Lugo;1;0;1;1;0,293;0,4193;0,2877
58021;2020-12-19;T20-21;SP2;Mallorca;Fuenlabrada;2;3;2;1;0,2088;0,6545;0,1368
58020;2020-12-19;T20-21;SP2;Sabadell;Castellon;1;1;0;1;0,3091;0,3876;0,3034
45507;2020-12-19;T20-21;SP1;Sevilla;Valladolid;1;1;0;1;0,2329;0,5764;0,1908
45506;2020-12-19;T20-21;SP1;Osasuna;Villarreal;1;3;2;1;0,3135;0,3685;0,3179
45504;2020-12-19;T20-21;SP1;Barcelona;Valencia;2;2;0;1;0,0839;0,8562;0,0599
35397;2020-12-19;T20-21;I1;Parma;Juventus;0;4;2;2;0,2307;0,1332;0,6361
26825;2020-12-19;T20-21;F1;Nice;Lyon;1;4;2;2;0,3108;0,2093;0,4799
35395;2020-12-19;T20-21;I1;Fiorentina;Verona;1;1;0;1;0,2912;0,4141;0,2947
16280;2020-12-19;T20-21;E0;Newcastle;Fulham;1;1;0;1;0,2895;0,4246;0,2859
16279;2020-12-19;T20-21;E0;Everton;Arsenal;2;1;1;1;0,3145;0,3533;0,3322
16278;2020-12-19;T20-21;E0;Southampton;Man City;0;1;2;2;0,3596;0,1974;0,4431
16277;2020-12-19;T20-21;E0;Crystal Palace;Liverpool;0;7;2;2;0,2731;0,1093;0,6176
6234;2020-12-19;T20-21;D1;Leverkusen;Bayern Munich;1;2;2;2;0,3812;0,1782;0,4407
6232;2020-12-19;T20-21;D1;RB Leipzig;FC Koln;0;0;0;1;0,1399;0,7679;0,0922
6231;2020-12-19;T20-21;D1;M'gladbach;Hoffenheim;1;2;2;1;0,2555;0,4797;0,2648
6230;2020-12-19;T20-21;D1;Mainz;Werder Bremen;0;1;2;1;0,2974;0,4054;0,2972
6229;2020-12-19;T20-21;D1;Augsburg;Ein Frankfurt;0;2;2;1;0,3192;0,3618;0,319
26824;2020-12-19;T20-21;F1;Marseille;Reims;1;1;0;1;0,2962;0,4325;0,2713
35404;2020-12-20;T20-21;I1;Lazio;Napoli;2;0;1;2;0,3758;0,2334;0,3909
35402;2020-12-20;T20-21;I1;Sassuolo;Milan;1;2;2;2;0,3084;0,2132;0,4784
35403;2020-12-20;T20-21;I1;Atalanta;Roma;4;1;1;2;0,3501;0,2635;0,3864
45508;2020-12-20;T20-21;SP1;Celta;Alaves;2;0;1;1;0,2971;0,4699;0,233
35400;2020-12-20;T20-21;I1;Cagliari;Udinese;1;1;0;1;0,3033;0,3936;0,3031
45511;2020-12-20;T20-21;SP1;Eibar;Real Madrid;1;3;2;2;0,3066;0,1719;0,5215
58023;2020-12-20;T20-21;SP2;Alcorcon;Cartagena;2;1;1;1;0,2628;0,5389;0,1983
58024;2020-12-20;T20-21;SP2;Espanol;Almeria;2;1;1;1;0,2316;0,5715;0,1968
58025;2020-12-20;T20-21;SP2;Vallecano;Las Palmas;2;0;1;1;0,2519;0,5361;0,212
58026;2020-12-20;T20-21;SP2;Malaga;Logrones;0;0;0;1;0,2883;0,4826;0,2291
35398;2020-12-20;T20-21;I1;Torino;Bologna;1;1;0;1;0,3174;0,3479;0,3348
45509;2020-12-20;T20-21;SP1;Granada;Betis;2;0;1;1;0,3024;0,4021;0,2955
26831;2020-12-20;T20-21;F1;Lorient;Rennes;0;3;2;2;0,2859;0,2469;0,4671
26830;2020-12-20;T20-21;F1;Strasbourg;Bordeaux;0;2;2;1;0,2951;0,4117;0,2932
26829;2020-12-20;T20-21;F1;St Etienne;Nimes;2;2;0;1;0,2963;0,4116;0,2921
26828;2020-12-20;T20-21;F1;Nantes;Angers;1;1;0;1;0,3191;0,3788;0,3021
26827;2020-12-20;T20-21;F1;Dijon;Monaco;0;1;2;2;0,2867;0,2949;0,4184
26826;2020-12-20;T20-21;F1;Brest;Montpellier;2;2;0;1;0,3065;0,3918;0,3016
16282;2020-12-20;T20-21;E0;Tottenham;Leicester;0;2;2;1;0,3228;0,4071;0,2701
16281;2020-12-20;T20-21;E0;Brighton;Sheffield United;1;1;0;1;0,2827;0,4462;0,2712
6236;2020-12-20;T20-21;D1;Wolfsburg;Stuttgart;1;0;1;1;0,3155;0,4261;0,2584
6235;2020-12-20;T20-21;D1;Freiburg;Hertha;4;1;1;1;0,2627;0,518;0,2193
26832;2020-12-20;T20-21;F1;Lille;Paris SG;0;0;0;2;0,3722;0,2333;0,3945
58028;2020-12-21;T20-21;SP2;Sp Gijon;Leganes;1;1;0;1;0,2939;0,4091;0,2971
58027;2020-12-21;T20-21;SP2;Mirandes;Albacete;0;2;2;1;0,2664;0,5055;0,2281
58029;2020-12-21;T20-21;SP2;Tenerife;Girona;2;0;1;1;0,2919;0,3989;0,3091
16285;2020-12-21;T20-21;E0;Burnley;Wolves;2;1;1;2;0,3033;0,3263;0,3704
16286;2020-12-21;T20-21;E0;Chelsea;West Ham;3;0;1;1;0,2638;0,5019;0,2343
35406;2020-12-22;T20-21;I1;Juventus;Fiorentina;0;3;2;1;0,1712;0,7183;0,1105
45513;2020-12-22;T20-21;SP1;Valencia;Sevilla;0;1;2;2;0,3319;0,2926;0,3755
45514;2020-12-22;T20-21;SP1;Huesca;Levante;1;1;0;2;0,311;0,3381;0,3508
45515;2020-12-22;T20-21;SP1;Sociedad;Ath Madrid;0;2;2;2;0,3508;0,2736;0,3756
45516;2020-12-22;T20-21;SP1;Valladolid;Barcelona;0;3;2;2;0,2257;0,1028;0,6715
45517;2020-12-22;T20-21;SP1;Villarreal;Ath Bilbao;1;1;0;1;0,3031;0,4505;0,2463
35408;2020-12-23;T20-21;I1;Bologna;Atalanta;2;2;0;2;0,3;0,2991;0,401
35409;2020-12-23;T20-21;I1;Milan;Lazio;3;2;1;1;0,2602;0,5236;0,2162
35410;2020-12-23;T20-21;I1;Napoli;Torino;1;1;0;1;0,1843;0,696;0,1197
45520;2020-12-23;T20-21;SP1;Alaves;Eibar;2;1;1;2;0,3071;0,3429;0,35
35412;2020-12-23;T20-21;I1;Sampdoria;Sassuolo;2;3;2;1;0,2997;0,3952;0,3051
45519;2020-12-23;T20-21;SP1;Real Madrid;Granada;2;0;1;1;0,1462;0,7649;0,0889
35407;2020-12-23;T20-21;I1;Verona;Inter;1;2;2;2;0,2552;0,1794;0,5654
35411;2020-12-23;T20-21;I1;Roma;Cagliari;3;2;1;1;0,1463;0,7498;0,1038
26842;2020-12-23;T20-21;F1;Paris SG;Strasbourg;4;0;1;1;0,1598;0,7357;0,1046
45518;2020-12-23;T20-21;SP1;Getafe;Celta;1;1;0;1;0,2946;0,4065;0,2989
26840;2020-12-23;T20-21;F1;Monaco;St Etienne;2;2;0;1;0,2773;0,4581;0,2646
26833;2020-12-23;T20-21;F1;Bordeaux;Reims;1;3;2;1;0,272;0,4561;0,2719
26834;2020-12-23;T20-21;F1;Lens;Brest;2;1;1;1;0,3057;0,408;0,2863
26835;2020-12-23;T20-21;F1;Nice;Lorient;2;2;0;1;0,231;0,5774;0,1916
26841;2020-12-23;T20-21;F1;Montpellier;Lille;2;3;2;2;0,3505;0,2988;0,3507
26837;2020-12-23;T20-21;F1;Rennes;Metz;1;0;1;1;0,2033;0,6249;0,1718
26838;2020-12-23;T20-21;F1;Angers;Marseille;2;1;1;1;0,301;0,3656;0,3334
26839;2020-12-23;T20-21;F1;Lyon;Nantes;3;0;1;1;0,1547;0,7352;0,1101
26836;2020-12-23;T20-21;F1;Nimes;Dijon;1;3;2;1;0,2876;0,4443;0,2681
16292;2020-12-26;T20-21;E0;Sheffield United;Everton;0;1;2;2;0,2821;0,2683;0,4496
16290;2020-12-26;T20-21;E0;Arsenal;Chelsea;3;1;1;2;0,3543;0,2011;0,4445
16291;2020-12-26;T20-21;E0;Man City;Newcastle;2;0;1;1;0,1374;0,7645;0,0981
16288;2020-12-26;T20-21;E0;Aston Villa;Crystal Palace;3;0;1;1;0,1867;0,642;0,1713
16287;2020-12-26;T20-21;E0;Leicester;Man United;2;2;0;2;0,3514;0,2295;0,4191
16289;2020-12-26;T20-21;E0;Fulham;Southampton;0;0;0;2;0,3004;0,3192;0,3804
16294;2020-12-27;T20-21;E0;West Ham;Brighton;2;2;0;1;0,3018;0,4013;0,2969
16296;2020-12-27;T20-21;E0;Wolves;Tottenham;1;1;0;1;0,3132;0,3473;0,3395
16297;2020-12-28;T20-21;E0;Crystal Palace;Leicester;1;1;0;2;0,3141;0,2635;0,4224
16298;2020-12-28;T20-21;E0;Chelsea;Aston Villa;1;1;0;1;0,2927;0,4632;0,2441
45525;2020-12-29;T20-21;SP1;Levante;Betis;4;3;1;1;0,2991;0,3901;0,3108
45524;2020-12-29;T20-21;SP1;Cadiz;Valladolid;0;0;0;1;0,2969;0,4003;0,3028
45523;2020-12-29;T20-21;SP1;Barcelona;Eibar;1;1;0;1;0,0865;0,8555;0,058
45522;2020-12-29;T20-21;SP1;Sevilla;Villarreal;2;0;1;1;0,3185;0,4127;0,2689
16302;2020-12-29;T20-21;E0;West Brom;Leeds;0;5;2;2;0,2984;0,2426;0,459
16301;2020-12-29;T20-21;E0;Southampton;West Ham;0;0;0;1;0,288;0,425;0,287
16300;2020-12-29;T20-21;E0;Burnley;Sheffield United;1;0;1;1;0,2956;0,4156;0,2888
16299;2020-12-29;T20-21;E0;Brighton;Arsenal;0;1;2;2;0,3061;0,2878;0,4061
16303;2020-12-29;T20-21;E0;Man United;Wolves;1;0;1;1;0,1748;0,6918;0,1334
16304;2020-12-30;T20-21;E0;Newcastle;Liverpool;0;0;0;2;0,2204;0,0889;0,6907
45526;2020-12-30;T20-21;SP1;Granada;Valencia;2;1;1;1;0,2965;0,4069;0,2967
45527;2020-12-30;T20-21;SP1;Ath Madrid;Getafe;1;0;1;1;0,1283;0,8047;0,067
45528;2020-12-30;T20-21;SP1;Celta;Huesca;2;1;1;1;0,2828;0,4327;0,2844
45530;2020-12-31;T20-21;SP1;Ath Bilbao;Sociedad;0;1;2;1;0,2947;0,4073;0,298
45531;2020-12-31;T20-21;SP1;Osasuna;Alaves;1;1;0;1;0,2801;0,4304;0,2895
16306;2021-01-01;T20-21;E0;Man United;Aston Villa;2;1;1;1;0,2925;0,4994;0,2081
16305;2021-01-01;T20-21;E0;Everton;West Ham;0;1;2;1;0,2965;0,417;0,2865
58032;2021-01-02;T20-21;SP2;Logrones;Mirandes;2;1;1;1;0,3095;0,363;0,3275
58033;2021-01-02;T20-21;SP2;Cartagena;Zaragoza;1;1;0;1;0,2987;0,3853;0,3161
58031;2021-01-02;T20-21;SP2;Vallecano;Alcorcon;2;1;1;1;0,287;0,4862;0,2268
58030;2021-01-02;T20-21;SP2;Fuenlabrada;Leganes;0;0;0;1;0,3066;0,3886;0,3048
45535;2021-01-02;T20-21;SP1;Real Madrid;Celta;2;0;1;1;0,1545;0,743;0,1025
45534;2021-01-02;T20-21;SP1;Getafe;Valladolid;0;1;2;1;0,2939;0,4081;0,2979
45533;2021-01-02;T20-21;SP1;Betis;Sevilla;1;1;0;2;0,3256;0,3345;0,3399
45532;2021-01-02;T20-21;SP1;Villarreal;Levante;2;1;1;1;0,269;0,4719;0,2591
16310;2021-01-02;T20-21;E0;West Brom;Arsenal;0;4;2;2;0,2575;0,1987;0,5438
6239;2021-01-02;T20-21;D1;FC Koln;Augsburg;0;1;2;1;0,3061;0,3844;0,3095
16308;2021-01-02;T20-21;E0;Crystal Palace;Sheffield United;2;0;1;1;0,2749;0,4602;0,2649
16307;2021-01-02;T20-21;E0;Tottenham;Leeds;3;0;1;1;0,3062;0,3897;0,3041
6243;2021-01-02;T20-21;D1;Stuttgart;RB Leipzig;0;1;2;2;0,337;0,3201;0,3429
6242;2021-01-02;T20-21;D1;Hertha;Schalke 04;3;0;1;1;0,2783;0,4636;0,2581
6241;2021-01-02;T20-21;D1;Werder Bremen;Union Berlin;0;2;2;1;0,342;0,3516;0,3063
6240;2021-01-02;T20-21;D1;Hoffenheim;Freiburg;1;3;2;1;0,3133;0,4059;0,2808
6238;2021-01-02;T20-21;D1;Ein Frankfurt;Leverkusen;2;1;1;2;0,36;0,2292;0,4107
16309;2021-01-02;T20-21;E0;Brighton;Wolves;3;3;0;1;0,2945;0,4086;0,2969
58036;2021-01-03;T20-21;SP2;Albacete;Malaga;1;1;0;1;0,2879;0,3879;0,3242
58035;2021-01-03;T20-21;SP2;Las Palmas;Espanol;1;0;1;2;0,2806;0,245;0,4744
58034;2021-01-03;T20-21;SP2;Castellon;Tenerife;0;1;2;1;0,2904;0,4139;0,2957
45540;2021-01-03;T20-21;SP1;Huesca;Barcelona;0;1;2;2;0,2344;0,1102;0,6554
45539;2021-01-03;T20-21;SP1;Sociedad;Osasuna;1;1;0;1;0,2537;0,5429;0,2035
45538;2021-01-03;T20-21;SP1;Eibar;Granada;2;0;1;1;0,2867;0,4164;0,2969
35424;2021-01-03;T20-21;I1;Juventus;Udinese;4;1;1;1;0,1481;0,7683;0,0836
35421;2021-01-03;T20-21;I1;Roma;Sampdoria;1;0;1;1;0,2338;0,6127;0,1535
45537;2021-01-03;T20-21;SP1;Alaves;Ath Madrid;1;2;2;2;0,2507;0,1652;0,584
35419;2021-01-03;T20-21;I1;Genoa;Lazio;1;1;0;2;0,2696;0,275;0,4554
35420;2021-01-03;T20-21;I1;Parma;Torino;0;3;2;1;0,289;0,4168;0,2942
35418;2021-01-03;T20-21;I1;Fiorentina;Bologna;0;0;0;1;0,2979;0,4041;0,298
35417;2021-01-03;T20-21;I1;Cagliari;Napoli;1;4;2;2;0,2413;0,1689;0,5898
35416;2021-01-03;T20-21;I1;Atalanta;Sassuolo;5;1;1;1;0,3121;0,4126;0,2753
16312;2021-01-03;T20-21;E0;Chelsea;Man City;1;3;2;2;0,3743;0,2469;0,3788
16311;2021-01-03;T20-21;E0;Newcastle;Leicester;1;2;2;2;0,3115;0,3052;0,3833
6245;2021-01-03;T20-21;D1;Bayern Munich;Mainz;5;2;1;1;0,0842;0,8735;0,0423
45541;2021-01-04;T20-21;SP1;Valencia;Cadiz;1;1;0;1;0,2494;0,5396;0,211
16313;2021-01-04;T20-21;E0;Southampton;Liverpool;1;0;1;2;0,2755;0,1719;0,5527
35427;2021-01-06;T20-21;I1;Bologna;Udinese;2;2;0;1;0,3042;0,4004;0,2955
35434;2021-01-06;T20-21;I1;Milan;Juventus;1;3;2;0;0,3555;0,2912;0,3532
35433;2021-01-06;T20-21;I1;Napoli;Spezia;1;2;2;1;0,0879;0,8619;0,0502
35432;2021-01-06;T20-21;I1;Torino;Verona;1;1;0;1;0,3042;0,3983;0,2975
45542;2021-01-06;T20-21;SP1;Ath Bilbao;Barcelona;2;3;2;2;0,2603;0,1429;0,5968
35431;2021-01-06;T20-21;I1;Sassuolo;Genoa;2;1;1;1;0,2202;0,6287;0,1511
35430;2021-01-06;T20-21;I1;Sampdoria;Inter;2;1;1;2;0,2481;0,1701;0,5818
35429;2021-01-06;T20-21;I1;Lazio;Fiorentina;2;1;1;1;0,287;0,4278;0,2852
35428;2021-01-06;T20-21;I1;Crotone;Roma;1;3;2;2;0,2061;0,0965;0,6974
35426;2021-01-06;T20-21;I1;Atalanta;Parma;3;0;1;1;0,1911;0,6857;0,1232
26846;2021-01-06;T20-21;F1;Nantes;Rennes;0;0;0;2;0,3294;0,2734;0,3972
26852;2021-01-06;T20-21;F1;St Etienne;Paris SG;1;1;0;2;0,2963;0,1479;0,5558
26851;2021-01-06;T20-21;F1;Reims;Dijon;0;0;0;1;0,2923;0,4184;0,2893
26850;2021-01-06;T20-21;F1;Marseille;Montpellier;3;1;1;1;0,3302;0,4056;0,2642
26849;2021-01-06;T20-21;F1;Lyon;Lens;3;2;1;1;0,1427;0,738;0,1193
26848;2021-01-06;T20-21;F1;Lille;Angers;1;2;2;1;0,2077;0,6192;0,1731
26847;2021-01-06;T20-21;F1;Strasbourg;Nimes;5;0;1;1;0,2992;0,4022;0,2986
26845;2021-01-06;T20-21;F1;Metz;Bordeaux;0;0;0;1;0,3039;0,4065;0,2896
26844;2021-01-06;T20-21;F1;Lorient;Monaco;2;5;2;2;0,3281;0,2672;0,4046
26843;2021-01-06;T20-21;F1;Brest;Nice;2;0;1;1;0,2609;0,4683;0,2707
35425;2021-01-06;T20-21;I1;Cagliari;Benevento;1;2;2;1;0,3124;0,3607;0,3269
58041;2021-01-08;T20-21;SP2;Zaragoza;Logrones;2;0;1;1;0,2879;0,4967;0,2154
45543;2021-01-08;T20-21;SP1;Celta;Villarreal;0;4;2;1;0,3176;0,3721;0,3103
6246;2021-01-08;T20-21;D1;M'gladbach;Bayern Munich;3;2;1;2;0,3139;0,1364;0,5497
26860;2021-01-09;T20-21;F1;Paris SG;Brest;3;0;1;1;0,2373;0,5997;0,163
58042;2021-01-09;T20-21;SP2;Malaga;Oviedo;1;1;0;1;0,2925;0,411;0,2965
45546;2021-01-09;T20-21;SP1;Osasuna;Real Madrid;0;0;0;2;0,2378;0,1389;0,6233
45545;2021-01-09;T20-21;SP1;Granada;Barcelona;0;4;2;2;0,2545;0,1106;0,6349
45544;2021-01-09;T20-21;SP1;Sevilla;Sociedad;3;2;1;1;0,3166;0,4134;0,27
35437;2021-01-09;T20-21;I1;Milan;Torino;2;0;1;1;0,2179;0,6445;0,1376
35436;2021-01-09;T20-21;I1;Genoa;Bologna;2;0;1;2;0,3134;0,2914;0,3953
35435;2021-01-09;T20-21;I1;Benevento;Atalanta;1;4;2;2;0,2854;0,2115;0,5031
26862;2021-01-09;T20-21;F1;Rennes;Lyon;2;2;0;2;0,3157;0,2196;0,4647
26861;2021-01-09;T20-21;F1;Reims;St Etienne;3;1;1;1;0,3081;0,3644;0,3276
26859;2021-01-09;T20-21;F1;Nimes;Lille;0;1;2;2;0,2597;0,2159;0,5244
26857;2021-01-09;T20-21;F1;Monaco;Angers;3;0;1;1;0,2178;0,5748;0,2074
26858;2021-01-09;T20-21;F1;Montpellier;Nantes;1;1;0;1;0,2496;0,5175;0,2329
6247;2021-01-09;T20-21;D1;Freiburg;FC Koln;5;0;1;1;0,2953;0,4319;0,2728
6248;2021-01-09;T20-21;D1;Leverkusen;Werder Bremen;1;1;0;1;0,1913;0,6627;0,146
6250;2021-01-09;T20-21;D1;Schalke 04;Hoffenheim;4;0;1;2;0,3061;0,3408;0,3531
6251;2021-01-09;T20-21;D1;Union Berlin;Wolfsburg;2;2;0;1;0,326;0,3978;0,2761
6249;2021-01-09;T20-21;D1;Mainz;Ein Frankfurt;0;2;2;1;0,3021;0,3578;0,3401
26853;2021-01-09;T20-21;F1;Bordeaux;Lorient;2;1;1;1;0,3216;0,4112;0,2672
26854;2021-01-09;T20-21;F1;Dijon;Marseille;0;0;0;2;0,272;0,261;0,467
26855;2021-01-09;T20-21;F1;Lens;Strasbourg;0;1;2;1;0,2999;0,4065;0,2936
26856;2021-01-09;T20-21;F1;Metz;Nice;1;1;0;1;0,3032;0,3776;0,3192
6252;2021-01-09;T20-21;D1;RB Leipzig;Dortmund;1;3;2;0;0,3505;0,3008;0,3487
45548;2021-01-10;T20-21;SP1;Cadiz;Alaves;3;1;1;1;0,2783;0,4441;0,2777
58045;2021-01-10;T20-21;SP2;Espanol;Castellon;2;0;1;1;0,1561;0,7524;0,0916
58044;2021-01-10;T20-21;SP2;Tenerife;Cartagena;3;0;1;1;0,2791;0,4406;0,2803
58043;2021-01-10;T20-21;SP2;Mallorca;Las Palmas;0;1;2;1;0,1663;0,7178;0,1159
45549;2021-01-10;T20-21;SP1;Valladolid;Valencia;0;1;2;1;0,2954;0,3957;0,3088
45547;2021-01-10;T20-21;SP1;Levante;Eibar;2;1;1;1;0,2973;0,405;0,2977
35441;2021-01-10;T20-21;I1;Verona;Crotone;2;1;1;1;0,2526;0,5425;0,2049
35442;2021-01-10;T20-21;I1;Fiorentina;Cagliari;1;0;1;1;0,2643;0,5161;0,2196
35440;2021-01-10;T20-21;I1;Udinese;Napoli;1;2;2;2;0,2943;0,1836;0,5221
35439;2021-01-10;T20-21;I1;Parma;Lazio;0;2;2;2;0,2692;0,2767;0,4541
35438;2021-01-10;T20-21;I1;Roma;Inter;2;2;0;0;0,3531;0,3154;0,3315
6253;2021-01-10;T20-21;D1;Augsburg;Stuttgart;1;4;2;1;0,3233;0,3684;0,3083
35443;2021-01-10;T20-21;I1;Juventus;Sassuolo;3;1;1;1;0,2675;0,5493;0,1832
35444;2021-01-11;T20-21;I1;Spezia;Sampdoria;2;1;1;2;0,3141;0,331;0,3549
45550;2021-01-11;T20-21;SP1;Elche;Getafe;1;3;2;1;0,2916;0,3591;0,3494
45551;2021-01-11;T20-21;SP1;Huesca;Betis;0;2;2;1;0,3013;0,351;0,3477
58046;2021-01-11;T20-21;SP2;Ponferradina;Girona;1;1;0;1;0,2868;0,4047;0,3085
58047;2021-01-11;T20-21;SP2;Sp Gijon;Fuenlabrada;2;1;1;1;0,2472;0,5601;0,1926
58048;2021-01-11;T20-21;SP2;Sabadell;Lugo;1;1;0;1;0,2892;0,3843;0,3265
45553;2021-01-12;T20-21;SP1;Ath Madrid;Sevilla;2;0;1;1;0,313;0,4174;0,2696
45552;2021-01-12;T20-21;SP1;Granada;Osasuna;2;0;1;1;0,2867;0,4329;0,2804
16315;2021-01-12;T20-21;E0;Burnley;Man United;0;1;2;2;0,2341;0,1328;0,6331
16314;2021-01-12;T20-21;E0;Sheffield United;Newcastle;1;0;1;1;0,3101;0,3646;0,3253
16316;2021-01-12;T20-21;E0;Wolves;Everton;1;2;2;1;0,3012;0,3855;0,3133
16317;2021-01-13;T20-21;E0;Man City;Brighton;1;0;1;1;0,132;0,7726;0,0954
16319;2021-01-14;T20-21;E0;Arsenal;Crystal Palace;0;0;0;1;0,2023;0,6188;0,1789
6255;2021-01-15;T20-21;D1;Union Berlin;Leverkusen;1;0;1;2;0,3377;0,2677;0,3947
26863;2021-01-15;T20-21;F1;Montpellier;Monaco;2;3;2;2;0,3428;0,3068;0,3504
35445;2021-01-15;T20-21;I1;Lazio;Roma;3;0;1;2;0,3408;0,2659;0,3933
16321;2021-01-16;T20-21;E0;Leeds;Brighton;0;1;2;1;0,1919;0,6331;0,175
35448;2021-01-16;T20-21;I1;Sampdoria;Udinese;2;1;1;1;0,2935;0,4085;0,298
35447;2021-01-16;T20-21;I1;Torino;Spezia;0;0;0;1;0,2911;0,4678;0,2411
35446;2021-01-16;T20-21;I1;Bologna;Verona;1;0;1;1;0,2921;0,4126;0,2953
26865;2021-01-16;T20-21;F1;Angers;Paris SG;0;1;2;2;0,2421;0,1334;0,6245
26864;2021-01-16;T20-21;F1;Marseille;Nimes;1;2;2;1;0,1747;0,6762;0,1491
16324;2021-01-16;T20-21;E0;Leicester;Southampton;2;0;1;1;0,2626;0,463;0,2744
16323;2021-01-16;T20-21;E0;Fulham;Chelsea;0;1;2;2;0,2625;0,191;0,5465
6261;2021-01-16;T20-21;D1;Stuttgart;M'gladbach;2;2;0;1;0,3266;0,3838;0,2896
16320;2021-01-16;T20-21;E0;Wolves;West Brom;2;3;2;1;0,2299;0,5991;0,1711
6260;2021-01-16;T20-21;D1;Wolfsburg;RB Leipzig;2;2;0;0;0,3554;0,3065;0,3382
6259;2021-01-16;T20-21;D1;Werder Bremen;Augsburg;2;0;1;1;0,298;0,4069;0,2951
6258;2021-01-16;T20-21;D1;Hoffenheim;Bielefeld;0;0;0;1;0,234;0,5889;0,1771
6257;2021-01-16;T20-21;D1;FC Koln;Hertha;0;0;0;1;0,3031;0,362;0,3349
6256;2021-01-16;T20-21;D1;Dortmund;Mainz;1;1;0;1;0,1339;0,7674;0,0988
16322;2021-01-16;T20-21;E0;West Ham;Burnley;1;0;1;1;0,2631;0,5146;0,2224
35449;2021-01-17;T20-21;I1;Napoli;Fiorentina;6;0;1;1;0,1795;0,6568;0,1636
35450;2021-01-17;T20-21;I1;Crotone;Benevento;4;1;1;2;0,3114;0,3127;0,3759
26871;2021-01-17;T20-21;F1;Lyon;Metz;0;1;2;1;0,136;0,7726;0,0914
35452;2021-01-17;T20-21;I1;Atalanta;Genoa;0;0;0;1;0,132;0,7888;0,0791
35453;2021-01-17;T20-21;I1;Inter;Juventus;2;0;1;0;0,3714;0,2748;0,3537
35451;2021-01-17;T20-21;I1;Sassuolo;Parma;1;1;0;1;0,2716;0,5024;0,226
26870;2021-01-17;T20-21;F1;Lille;Reims;2;1;1;1;0,1919;0,6622;0,1459
26869;2021-01-17;T20-21;F1;Strasbourg;St Etienne;1;0;1;1;0,3099;0,404;0,2861
26866;2021-01-17;T20-21;F1;Brest;Rennes;1;2;2;1;0,3195;0,3661;0,3144
26867;2021-01-17;T20-21;F1;Nantes;Lens;1;1;0;1;0,2894;0,4117;0,2989
26868;2021-01-17;T20-21;F1;Nice;Bordeaux;0;3;2;1;0,3004;0,4103;0,2893
16327;2021-01-17;T20-21;E0;Man City;Crystal Palace;4;0;1;1;0,106;0,8191;0,0749
16326;2021-01-17;T20-21;E0;Liverpool;Man United;0;0;0;1;0,3334;0,3679;0,2987
16325;2021-01-17;T20-21;E0;Sheffield United;Tottenham;1;3;2;2;0,2833;0,2495;0,4673
6263;2021-01-17;T20-21;D1;Ein Frankfurt;Schalke 04;3;1;1;1;0,2488;0,5298;0,2214
6262;2021-01-17;T20-21;D1;Bayern Munich;Freiburg;2;1;1;1;0,1467;0,7244;0,1289
16328;2021-01-18;T20-21;E0;Arsenal;Newcastle;3;0;1;1;0,1704;0,6793;0,1503
35454;2021-01-18;T20-21;I1;Cagliari;Milan;0;2;2;2;0,2387;0,1528;0,6085
45556;2021-01-19;T20-21;SP1;Alaves;Sevilla;1;2;2;2;0,269;0,2212;0,5098
45555;2021-01-19;T20-21;SP1;Valladolid;Elche;2;2;0;1;0,2671;0,5157;0,2171
45554;2021-01-19;T20-21;SP1;Cadiz;Levante;2;2;0;1;0,2984;0,3685;0,3331
16330;2021-01-19;T20-21;E0;Leicester;Chelsea;2;0;1;2;0,3405;0,2453;0,4142
6265;2021-01-19;T20-21;D1;Hertha;Hoffenheim;0;3;2;1;0,3036;0,3845;0,3119
6267;2021-01-19;T20-21;D1;Mainz;Wolfsburg;0;2;2;2;0,2944;0,3122;0,3934
6266;2021-01-19;T20-21;D1;Leverkusen;Dortmund;2;1;1;0;0,3552;0,2968;0,348
6264;2021-01-19;T20-21;D1;M'gladbach;Werder Bremen;1;0;1;1;0,2353;0,5436;0,2211
16329;2021-01-19;T20-21;E0;West Ham;West Brom;2;1;1;1;0,2337;0,6025;0,1639
26872;2021-01-20;T20-21;F1;Marseille;Lens;0;1;2;1;0,2236;0,569;0,2074
45558;2021-01-20;T20-21;SP1;Betis;Celta;2;1;1;1;0,279;0,4852;0,2358
45557;2021-01-20;T20-21;SP1;Getafe;Huesca;1;0;1;1;0,2941;0,4216;0,2843
35455;2021-01-20;T20-21;I1;Udinese;Atalanta;1;1;0;2;0,2791;0,2036;0,5173
16332;2021-01-20;T20-21;E0;Fulham;Man United;1;2;2;2;0,2426;0,152;0,6055
45559;2021-01-20;T20-21;SP1;Villarreal;Granada;2;2;0;1;0,2241;0,6028;0,1731
6271;2021-01-20;T20-21;D1;Freiburg;Ein Frankfurt;2;2;0;1;0,3108;0,3681;0,321
6270;2021-01-20;T20-21;D1;Bielefeld;Stuttgart;3;0;1;2;0,2946;0,2423;0,4631
6269;2021-01-20;T20-21;D1;Augsburg;Bayern Munich;0;1;2;2;0,1719;0,0593;0,7688
6268;2021-01-20;T20-21;D1;Schalke 04;FC Koln;1;2;2;1;0,2849;0,422;0,2931
6272;2021-01-20;T20-21;D1;RB Leipzig;Union Berlin;1;0;1;1;0,2261;0,5627;0,2112
16333;2021-01-21;T20-21;E0;Liverpool;Burnley;0;1;2;1;0,0929;0,847;0,0601
45560;2021-01-21;T20-21;SP1;Valencia;Osasuna;1;1;0;1;0,265;0,5018;0,2332
45561;2021-01-21;T20-21;SP1;Eibar;Ath Madrid;1;2;2;2;0,2908;0,1883;0,521
45562;2021-01-22;T20-21;SP1;Levante;Valladolid;2;2;0;1;0,2865;0,4293;0,2842
35456;2021-01-22;T20-21;I1;Benevento;Torino;2;2;0;1;0,2918;0,4106;0,2976
6273;2021-01-22;T20-21;D1;M'gladbach;Dortmund;4;2;1;0;0,3555;0,31;0,3345
26873;2021-01-22;T20-21;F1;Paris SG;Montpellier;4;0;1;1;0,1522;0,745;0,1029
35460;2021-01-23;T20-21;I1;Fiorentina;Crotone;2;1;1;1;0,2556;0,5545;0,1899
58054;2021-01-23;T20-21;SP2;Lugo;Tenerife;2;0;1;1;0,2709;0,5115;0,2176
58053;2021-01-23;T20-21;SP2;Girona;Espanol;1;0;1;2;0,3153;0,2145;0,4703
58052;2021-01-23;T20-21;SP2;Vallecano;Mallorca;1;3;2;1;0,3079;0,3917;0,3005
45566;2021-01-23;T20-21;SP1;Alaves;Real Madrid;1;4;2;2;0,2316;0,1264;0,6419
45565;2021-01-23;T20-21;SP1;Sociedad;Betis;2;2;0;1;0,3146;0,4205;0,2649
58055;2021-01-23;T20-21;SP2;Malaga;Ponferradina;0;2;2;1;0,2971;0,4001;0,3027
45564;2021-01-23;T20-21;SP1;Sevilla;Cadiz;3;0;1;1;0,1892;0,6748;0,136
45563;2021-01-23;T20-21;SP1;Huesca;Villarreal;0;0;0;2;0,295;0,3192;0,3858
35459;2021-01-23;T20-21;I1;Udinese;Inter;0;0;0;2;0,2734;0,1667;0,5598
6279;2021-01-23;T20-21;D1;Hertha;Werder Bremen;1;4;2;1;0,3025;0,4008;0,2967
35457;2021-01-23;T20-21;I1;Roma;Spezia;4;3;1;1;0,1468;0,7698;0,0834
26875;2021-01-23;T20-21;F1;Monaco;Marseille;3;1;1;1;0,2586;0,4739;0,2675
26874;2021-01-23;T20-21;F1;Lens;Nice;0;1;2;1;0,3028;0,4071;0,29
16334;2021-01-23;T20-21;E0;Aston Villa;Newcastle;2;0;1;1;0,2119;0,6257;0,1623
6278;2021-01-23;T20-21;D1;Mainz;RB Leipzig;3;2;1;2;0,2686;0,2113;0,5201
6277;2021-01-23;T20-21;D1;Leverkusen;Wolfsburg;0;1;2;1;0,2549;0,4857;0,2594
6276;2021-01-23;T20-21;D1;Freiburg;Stuttgart;2;1;1;1;0,3083;0,3934;0,2983
6275;2021-01-23;T20-21;D1;Bielefeld;Ein Frankfurt;1;5;2;2;0,3002;0,277;0,4228
6274;2021-01-23;T20-21;D1;Augsburg;Union Berlin;2;1;1;1;0,3033;0,3626;0,3341
35458;2021-01-23;T20-21;I1;Milan;Atalanta;0;3;2;1;0,3219;0,4016;0,2765
45567;2021-01-24;T20-21;SP1;Osasuna;Granada;3;1;1;1;0,2838;0,4308;0,2855
35465;2021-01-24;T20-21;I1;Parma;Sampdoria;0;2;2;1;0,3058;0,3682;0,3261
45568;2021-01-24;T20-21;SP1;Elche;Barcelona;0;2;2;2;0,1843;0,061;0,7547
45570;2021-01-24;T20-21;SP1;Ath Madrid;Valencia;3;1;1;1;0,2318;0,6337;0,1345
58058;2021-01-24;T20-21;SP2;Castellon;Sp Gijon;2;0;1;2;0,2936;0,3352;0,3712
35464;2021-01-24;T20-21;I1;Lazio;Sassuolo;2;1;1;1;0,3101;0,4089;0,281
45569;2021-01-24;T20-21;SP1;Celta;Eibar;1;1;0;1;0,2944;0,4085;0,2971
35462;2021-01-24;T20-21;I1;Genoa;Cagliari;1;0;1;1;0,3049;0,3821;0,313
35463;2021-01-24;T20-21;I1;Verona;Napoli;3;1;1;2;0,269;0,1387;0,5922
26881;2021-01-24;T20-21;F1;St Etienne;Lyon;0;5;2;2;0,2763;0,1903;0,5334
6281;2021-01-24;T20-21;D1;Hoffenheim;FC Koln;3;0;1;1;0,2624;0,519;0,2187
26876;2021-01-24;T20-21;F1;Bordeaux;Angers;2;1;1;1;0,2513;0,5078;0,2409
26877;2021-01-24;T20-21;F1;Dijon;Strasbourg;1;1;0;2;0,2917;0,3116;0,3967
6280;2021-01-24;T20-21;D1;Schalke 04;Bayern Munich;0;4;2;2;0,176;0,0612;0,7628
26879;2021-01-24;T20-21;F1;Reims;Brest;1;0;1;1;0,308;0,3821;0,3099
26880;2021-01-24;T20-21;F1;Rennes;Lille;0;1;2;2;0,3381;0,3196;0,3424
35461;2021-01-24;T20-21;I1;Juventus;Bologna;2;0;1;1;0,2339;0,6003;0,1658
26878;2021-01-24;T20-21;F1;Metz;Nantes;2;0;1;1;0,294;0,4088;0,2972
58060;2021-01-25;T20-21;SP2;Cartagena;Mirandes;0;2;2;1;0,3026;0,353;0,3444
16335;2021-01-26;T20-21;E0;Crystal Palace;West Ham;2;3;2;2;0,3044;0,3218;0,3738
16336;2021-01-26;T20-21;E0;Newcastle;Leeds;1;2;2;2;0,3107;0,2921;0,3972
16337;2021-01-26;T20-21;E0;Southampton;Arsenal;1;3;2;2;0,3079;0,2593;0,4328
16338;2021-01-26;T20-21;E0;West Brom;Man City;0;5;2;2;0,1669;0,0552;0,778
58061;2021-01-26;T20-21;SP2;Alcorcon;Albacete;1;2;2;1;0,2738;0,4579;0,2682
16343;2021-01-27;T20-21;E0;Man United;Sheffield United;1;2;2;1;0,1334;0,8018;0,0649
16341;2021-01-27;T20-21;E0;Brighton;Fulham;0;0;0;1;0,3066;0,3883;0,3051
16342;2021-01-27;T20-21;E0;Everton;Leicester;1;1;0;2;0,3339;0,3277;0,3383
16339;2021-01-27;T20-21;E0;Burnley;Aston Villa;3;2;1;2;0,3078;0,2907;0,4015
16340;2021-01-27;T20-21;E0;Chelsea;Wolves;0;0;0;1;0,2834;0,4658;0,2508
16344;2021-01-28;T20-21;E0;Tottenham;Liverpool;1;3;2;2;0,3548;0,1991;0,4461
6282;2021-01-29;T20-21;D1;Stuttgart;Mainz;2;0;1;1;0,1918;0,6679;0,1403
26883;2021-01-29;T20-21;F1;Lyon;Bordeaux;2;1;1;1;0,1797;0,6633;0,157
35466;2021-01-29;T20-21;I1;Torino;Fiorentina;1;1;0;1;0,3088;0,3637;0,3275
45572;2021-01-29;T20-21;SP1;Valladolid;Huesca;1;3;2;1;0,3042;0,3947;0,3012
58062;2021-01-29;T20-21;SP2;Zaragoza;Ponferradina;1;0;1;1;0,2948;0,4153;0,2899
35467;2021-01-30;T20-21;I1;Bologna;Milan;1;2;2;2;0,2859;0,2569;0,4572
35468;2021-01-30;T20-21;I1;Sampdoria;Juventus;0;2;2;2;0,286;0,1659;0,5481
35469;2021-01-30;T20-21;I1;Inter;Benevento;4;0;1;1;0,1869;0,6967;0,1164
45573;2021-01-30;T20-21;SP1;Eibar;Sevilla;0;2;2;2;0,2991;0,2987;0,4022
45574;2021-01-30;T20-21;SP1;Real Madrid;Levante;1;2;2;1;0,1854;0,7018;0,1128
58065;2021-01-30;T20-21;SP2;Mallorca;Girona;1;0;1;1;0,3031;0,409;0,2879
45576;2021-01-30;T20-21;SP1;Villarreal;Sociedad;1;1;0;1;0,3208;0,4091;0,2701
58063;2021-01-30;T20-21;SP2;Oviedo;Albacete;0;1;2;1;0,274;0,4769;0,249
58064;2021-01-30;T20-21;SP2;Alcorcon;Malaga;0;1;2;1;0,2993;0,4238;0,2769
58066;2021-01-30;T20-21;SP2;Almeria;Castellon;3;1;1;1;0,182;0,6828;0,1352
45575;2021-01-30;T20-21;SP1;Valencia;Elche;1;0;1;1;0,1886;0,7002;0,1112
26884;2021-01-30;T20-21;F1;Montpellier;Lens;1;2;2;1;0,3009;0,4048;0,2943
6288;2021-01-30;T20-21;D1;RB Leipzig;Leverkusen;1;0;1;1;0,3262;0,3926;0,2812
16349;2021-01-30;T20-21;E0;Arsenal;Man United;0;0;0;2;0,3701;0,2545;0,3754
16348;2021-01-30;T20-21;E0;West Brom;Fulham;2;2;0;1;0,3036;0,3596;0,3368
16347;2021-01-30;T20-21;E0;Man City;Sheffield United;1;0;1;1;0,0556;0,9147;0,0297
16346;2021-01-30;T20-21;E0;Crystal Palace;Wolves;1;0;1;2;0,315;0,3423;0,3427
16345;2021-01-30;T20-21;E0;Everton;Newcastle;0;2;2;1;0,2846;0,4551;0,2603
6287;2021-01-30;T20-21;D1;Werder Bremen;Schalke 04;1;1;0;1;0,2988;0,4115;0,2897
6286;2021-01-30;T20-21;D1;Union Berlin;M'gladbach;1;1;0;2;0,303;0,3329;0,3641
6285;2021-01-30;T20-21;D1;Ein Frankfurt;Hertha;3;1;1;1;0,2469;0,5409;0,2122
6284;2021-01-30;T20-21;D1;Dortmund;Augsburg;3;1;1;1;0,1337;0,763;0,1034
6283;2021-01-30;T20-21;D1;Bayern Munich;Hoffenheim;4;1;1;1;0,1384;0,7579;0,1037
16350;2021-01-30;T20-21;E0;Southampton;Aston Villa;0;1;2;1;0,3028;0,3967;0,3005
35472;2021-01-31;T20-21;I1;Cagliari;Sassuolo;1;1;0;2;0,285;0,3229;0,3922
58070;2021-01-31;T20-21;SP2;Tenerife;Fuenlabrada;1;1;0;1;0,2663;0,4527;0,281
35474;2021-01-31;T20-21;I1;Napoli;Parma;2;0;1;1;0,1544;0,7361;0,1094
35475;2021-01-31;T20-21;I1;Roma;Verona;3;1;1;1;0,224;0,5759;0,2002
45577;2021-01-31;T20-21;SP1;Getafe;Alaves;0;0;0;1;0,2623;0,4781;0,2597
58069;2021-01-31;T20-21;SP2;Mirandes;Las Palmas;2;0;1;1;0,2959;0,4177;0,2864
45579;2021-01-31;T20-21;SP1;Granada;Celta;0;0;0;1;0,285;0,433;0,282
45580;2021-01-31;T20-21;SP1;Barcelona;Ath Bilbao;2;1;1;1;0,1605;0,7504;0,0892
58067;2021-01-31;T20-21;SP2;Sp Gijon;Cartagena;0;0;0;1;0,2182;0,6345;0,1474
58068;2021-01-31;T20-21;SP2;Espanol;Vallecano;2;3;2;1;0,1913;0,6377;0,1711
35471;2021-01-31;T20-21;I1;Atalanta;Lazio;1;3;2;1;0,3297;0,4077;0,2627
45578;2021-01-31;T20-21;SP1;Cadiz;Ath Madrid;2;4;2;2;0,2499;0,1706;0,5794
35470;2021-01-31;T20-21;I1;Spezia;Udinese;0;1;2;1;0,3084;0,3738;0,3178
35473;2021-01-31;T20-21;I1;Crotone;Genoa;0;3;2;1;0,2728;0,4238;0,3034
26890;2021-01-31;T20-21;F1;Lille;Dijon;1;0;1;1;0,1403;0,769;0,0907
26889;2021-01-31;T20-21;F1;Strasbourg;Reims;0;1;2;1;0,2763;0,4499;0,2738
26888;2021-01-31;T20-21;F1;Lorient;Paris SG;3;2;1;2;0,2333;0,1142;0,6525
26887;2021-01-31;T20-21;F1;Brest;Metz;2;4;2;1;0,291;0,4131;0,296
26886;2021-01-31;T20-21;F1;Angers;Nimes;3;1;1;1;0,2891;0,4197;0,2912
26885;2021-01-31;T20-21;F1;Nice;St Etienne;0;1;2;1;0,2914;0,4161;0,2925
16354;2021-01-31;T20-21;E0;Brighton;Tottenham;1;0;1;2;0,3074;0,3058;0,3868
16353;2021-01-31;T20-21;E0;West Ham;Liverpool;1;3;2;2;0,2978;0,1676;0,5346
16352;2021-01-31;T20-21;E0;Leicester;Leeds;1;3;2;1;0,298;0,4137;0,2882
16351;2021-01-31;T20-21;E0;Chelsea;Burnley;2;0;1;1;0,1475;0,7372;0,1153
6290;2021-01-31;T20-21;D1;Wolfsburg;Freiburg;3;0;1;1;0,2953;0,4166;0,2881
6289;2021-01-31;T20-21;D1;FC Koln;Bielefeld;3;1;1;1;0,2784;0,4716;0,25
26891;2021-01-31;T20-21;F1;Nantes;Monaco;1;2;2;2;0,2714;0,2376;0,4911
58072;2021-02-01;T20-21;SP2;Sabadell;Logrones;0;0;0;1;0,2775;0,4878;0,2347
45581;2021-02-01;T20-21;SP1;Betis;Osasuna;1;0;1;1;0,2705;0,4763;0,2532
58071;2021-02-01;T20-21;SP2;Leganes;Lugo;3;2;1;1;0,2457;0,5356;0,2187
16355;2021-02-02;T20-21;E0;Sheffield United;West Brom;2;1;1;1;0,2575;0,4747;0,2678
16356;2021-02-02;T20-21;E0;Wolves;Arsenal;2;1;1;2;0,2906;0,254;0,4554
16357;2021-02-02;T20-21;E0;Man United;Southampton;9;0;1;1;0,2644;0,5251;0,2105
16358;2021-02-02;T20-21;E0;Newcastle;Crystal Palace;1;2;2;1;0,2931;0,4091;0,2978
26895;2021-02-03;T20-21;F1;Rennes;Lorient;1;1;0;1;0,27;0,5036;0,2264
26900;2021-02-03;T20-21;F1;Paris SG;Nimes;3;0;1;1;0,093;0,8504;0,0566
26899;2021-02-03;T20-21;F1;Monaco;Nice;2;1;1;1;0,1986;0,6242;0,1772
26898;2021-02-03;T20-21;F1;Lens;Marseille;2;2;0;1;0,3004;0,3875;0,3122
26897;2021-02-03;T20-21;F1;Dijon;Lyon;0;1;2;2;0,2042;0,0959;0,6999
26896;2021-02-03;T20-21;F1;Strasbourg;Brest;2;2;0;1;0,299;0,3988;0,3022
26894;2021-02-03;T20-21;F1;Reims;Angers;0;0;0;1;0,3007;0,3784;0,3209
26901;2021-02-03;T20-21;F1;St Etienne;Nantes;1;1;0;1;0,2981;0,4067;0,2952
26892;2021-02-03;T20-21;F1;Bordeaux;Lille;0;3;2;2;0,3092;0,2626;0,4282
16363;2021-02-03;T20-21;E0;Liverpool;Brighton;0;1;2;1;0,1712;0,7075;0,1213
16362;2021-02-03;T20-21;E0;Aston Villa;West Ham;1;3;2;1;0,2898;0,4143;0,2959
16361;2021-02-03;T20-21;E0;Leeds;Everton;1;2;2;1;0,2879;0,4206;0,2915
16360;2021-02-03;T20-21;E0;Fulham;Leicester;0;2;2;2;0,281;0,2275;0,4916
16359;2021-02-03;T20-21;E0;Burnley;Man City;0;2;2;2;0,1863;0,0706;0,743
26893;2021-02-03;T20-21;F1;Metz;Montpellier;1;1;0;1;0,2912;0,3997;0,3091
16364;2021-02-04;T20-21;E0;Tottenham;Chelsea;0;1;2;2;0,3077;0,2228;0,4695
45582;2021-02-05;T20-21;SP1;Alaves;Valladolid;1;0;1;1;0,3001;0,3891;0,3108
58073;2021-02-05;T20-21;SP2;Albacete;Mallorca;0;1;2;2;0,2745;0,2461;0,4794
6291;2021-02-05;T20-21;D1;Hertha;Bayern Munich;0;1;2;2;0,2118;0,0772;0,7109
35476;2021-02-05;T20-21;I1;Fiorentina;Inter;0;2;2;2;0,2636;0,1609;0,5755
35477;2021-02-06;T20-21;I1;Atalanta;Torino;3;3;0;1;0,2315;0,602;0,1666
58075;2021-02-06;T20-21;SP2;Logrones;Sp Gijon;0;4;2;2;0,2767;0,329;0,3943
58074;2021-02-06;T20-21;SP2;Cartagena;Oviedo;2;0;1;1;0,3003;0,3631;0,3366
45586;2021-02-06;T20-21;SP1;Sevilla;Getafe;3;0;1;1;0,172;0,7152;0,1128
45585;2021-02-06;T20-21;SP1;Elche;Villarreal;2;2;0;2;0,2918;0,2742;0,434
45584;2021-02-06;T20-21;SP1;Huesca;Real Madrid;1;2;2;2;0,2489;0,1405;0,6107
45583;2021-02-06;T20-21;SP1;Levante;Granada;2;2;0;1;0,2773;0,4785;0,2442
35480;2021-02-06;T20-21;I1;Genoa;Napoli;2;1;1;2;0,2338;0,1344;0,6318
35479;2021-02-06;T20-21;I1;Juventus;Roma;2;0;1;1;0,3464;0,3705;0,2832
58076;2021-02-06;T20-21;SP2;Fuenlabrada;Almeria;1;1;0;2;0,3007;0,3098;0,3895
35478;2021-02-06;T20-21;I1;Sassuolo;Spezia;1;2;2;1;0,2188;0,6338;0,1474
26904;2021-02-06;T20-21;F1;Lens;Rennes;0;0;0;1;0,3101;0,3775;0,3125
16367;2021-02-06;T20-21;E0;Newcastle;Southampton;3;2;1;1;0,3003;0,4005;0,2992
26902;2021-02-06;T20-21;F1;Lorient;Reims;1;0;1;1;0,2958;0,4065;0,2978
6292;2021-02-06;T20-21;D1;Augsburg;Wolfsburg;0;2;2;2;0,2735;0,2619;0,4645
6293;2021-02-06;T20-21;D1;Freiburg;Dortmund;2;1;1;2;0,3162;0,2589;0,4249
26903;2021-02-06;T20-21;F1;Lyon;Strasbourg;3;0;1;1;0,1261;0,7839;0,09
6295;2021-02-06;T20-21;D1;Mainz;Union Berlin;1;0;1;1;0,2965;0,3657;0,3378
6296;2021-02-06;T20-21;D1;Schalke 04;RB Leipzig;0;3;2;2;0,265;0,1916;0,5434
6294;2021-02-06;T20-21;D1;Leverkusen;Stuttgart;5;2;1;1;0,3145;0,4125;0,273
16365;2021-02-06;T20-21;E0;Aston Villa;Arsenal;1;0;1;2;0,3415;0,3115;0,3471
16366;2021-02-06;T20-21;E0;Burnley;Brighton;1;1;0;2;0,3137;0,3215;0,3648
16368;2021-02-06;T20-21;E0;Fulham;West Ham;0;0;0;2;0,3001;0,317;0,383
16369;2021-02-06;T20-21;E0;Man United;Everton;3;3;0;1;0,1939;0,639;0,1671
6297;2021-02-06;T20-21;D1;M'gladbach;FC Koln;1;2;2;1;0,2277;0,5826;0,1898
45588;2021-02-07;T20-21;SP1;Ath Bilbao;Valencia;1;1;0;1;0,2948;0,4097;0,2955
35484;2021-02-07;T20-21;I1;Parma;Bologna;0;3;2;1;0,3095;0,3478;0,3428
35485;2021-02-07;T20-21;I1;Lazio;Cagliari;1;0;1;1;0,2238;0,6157;0,1605
45587;2021-02-07;T20-21;SP1;Sociedad;Cadiz;4;1;1;1;0,2633;0,4843;0,2524
45589;2021-02-07;T20-21;SP1;Osasuna;Eibar;2;1;1;1;0,3049;0,3606;0,3345
35483;2021-02-07;T20-21;I1;Udinese;Verona;2;0;1;1;0,3068;0,3883;0,3049
58077;2021-02-07;T20-21;SP2;Girona;Leganes;0;2;2;1;0,2922;0,4102;0,2976
58078;2021-02-07;T20-21;SP2;Malaga;Zaragoza;1;2;2;1;0,2927;0,3942;0,3132
58079;2021-02-07;T20-21;SP2;Castellon;Mirandes;0;1;2;2;0,287;0,354;0,3589
58080;2021-02-07;T20-21;SP2;Vallecano;Tenerife;0;1;2;1;0,2228;0,6174;0,1598
58081;2021-02-07;T20-21;SP2;Las Palmas;Sabadell;0;1;2;1;0,2543;0,5332;0,2125
45590;2021-02-07;T20-21;SP1;Betis;Barcelona;2;3;2;2;0,2703;0,1224;0,6073
35482;2021-02-07;T20-21;I1;Milan;Crotone;4;0;1;1;0,0892;0,8621;0,0487
26908;2021-02-07;T20-21;F1;Nimes;Monaco;3;4;2;2;0,2606;0,205;0,5343
26911;2021-02-07;T20-21;F1;Marseille;Paris SG;0;2;2;2;0,2794;0,1732;0,5474
26910;2021-02-07;T20-21;F1;Nantes;Lille;0;2;2;2;0,2781;0,2515;0,4703
26909;2021-02-07;T20-21;F1;St Etienne;Metz;1;0;1;1;0,3032;0,4021;0,2948
35481;2021-02-07;T20-21;I1;Benevento;Sampdoria;1;1;0;2;0,3109;0,344;0,345
26907;2021-02-07;T20-21;F1;Nice;Angers;3;0;1;1;0,3082;0,3907;0,3011
26906;2021-02-07;T20-21;F1;Montpellier;Dijon;4;2;1;1;0,247;0,5695;0,1835
26905;2021-02-07;T20-21;F1;Brest;Bordeaux;2;1;1;1;0,3025;0,4033;0,2942
16373;2021-02-07;T20-21;E0;Sheffield United;Chelsea;1;2;2;2;0,2419;0,1473;0,6107
16372;2021-02-07;T20-21;E0;Liverpool;Man City;1;4;2;2;0,3704;0,2515;0,3781
16371;2021-02-07;T20-21;E0;Wolves;Leicester;0;0;0;1;0,3072;0,3593;0,3335
16370;2021-02-07;T20-21;E0;Tottenham;West Brom;2;0;1;1;0,2215;0,6252;0,1532
6298;2021-02-07;T20-21;D1;Hoffenheim;Ein Frankfurt;1;3;2;2;0,318;0,3366;0,3454
58082;2021-02-08;T20-21;SP2;Ponferradina;Alcorcon;2;0;1;1;0,2772;0,4676;0,2551
58083;2021-02-08;T20-21;SP2;Lugo;Espanol;1;1;0;2;0,2742;0,1986;0,5272
16374;2021-02-08;T20-21;E0;Leeds;Crystal Palace;2;0;1;1;0,2297;0,577;0,1933
45591;2021-02-08;T20-21;SP1;Ath Madrid;Celta;2;2;0;1;0,1271;0,8;0,0729
45592;2021-02-09;T20-21;SP1;Real Madrid;Getafe;2;0;1;1;0,0796;0,8782;0,0421
6299;2021-02-12;T20-21;D1;RB Leipzig;Augsburg;2;1;1;1;0,1113;0,8113;0,0773
35486;2021-02-12;T20-21;I1;Bologna;Benevento;1;1;0;1;0,2644;0,5116;0,2239
45593;2021-02-12;T20-21;SP1;Celta;Elche;3;1;1;1;0,2478;0,5691;0,1831
58084;2021-02-12;T20-21;SP2;Sabadell;Zaragoza;1;1;0;1;0,2724;0,4071;0,3205
35488;2021-02-13;T20-21;I1;Napoli;Juventus;1;0;1;2;0,36;0,2791;0,3609
35489;2021-02-13;T20-21;I1;Spezia;Milan;2;0;1;2;0,2488;0,1545;0,5967
45594;2021-02-13;T20-21;SP1;Granada;Ath Madrid;1;2;2;2;0,289;0,2027;0,5083
45595;2021-02-13;T20-21;SP1;Sevilla;Huesca;1;0;1;1;0,1909;0,6771;0,132
58086;2021-02-13;T20-21;SP2;Mirandes;Girona;3;3;0;1;0,2972;0,4232;0,2795
45597;2021-02-13;T20-21;SP1;Barcelona;Alaves;5;1;1;1;0,0806;0,8865;0,0329
58085;2021-02-13;T20-21;SP2;Cartagena;Vallecano;2;2;0;2;0,2958;0,2959;0,4083
58087;2021-02-13;T20-21;SP2;Tenerife;Ponferradina;1;0;1;1;0,2878;0,4248;0,2875
35487;2021-02-13;T20-21;I1;Torino;Genoa;0;0;0;1;0,2766;0,46;0,2634
45596;2021-02-13;T20-21;SP1;Eibar;Valladolid;1;1;0;1;0,2673;0,4752;0,2575
26914;2021-02-13;T20-21;F1;Lyon;Montpellier;1;2;2;1;0,2375;0,6083;0,1543
16376;2021-02-13;T20-21;E0;Crystal Palace;Burnley;0;3;2;1;0,2963;0,4147;0,289
26912;2021-02-13;T20-21;F1;Paris SG;Nice;2;1;1;1;0,1208;0,8019;0,0774
16378;2021-02-13;T20-21;E0;Brighton;Aston Villa;0;0;0;1;0,3212;0,3606;0,3182
16377;2021-02-13;T20-21;E0;Man City;Tottenham;3;0;1;1;0,1985;0,6428;0,1586
16375;2021-02-13;T20-21;E0;Leicester;Liverpool;3;1;1;2;0,3413;0,219;0,4397
6304;2021-02-13;T20-21;D1;Union Berlin;Schalke 04;0;0;0;1;0,2585;0,5471;0,1944
6303;2021-02-13;T20-21;D1;Werder Bremen;Freiburg;0;0;0;1;0,2935;0,4081;0,2984
6302;2021-02-13;T20-21;D1;Stuttgart;Hertha;1;1;0;1;0,2631;0,489;0,2479
6301;2021-02-13;T20-21;D1;Leverkusen;Mainz;2;2;0;1;0,1804;0,6903;0,1293
6300;2021-02-13;T20-21;D1;Dortmund;Hoffenheim;2;2;0;1;0,2672;0,4754;0,2573
26913;2021-02-13;T20-21;F1;Reims;Lens;1;1;0;1;0,2976;0,364;0,3384
35492;2021-02-14;T20-21;I1;Sampdoria;Fiorentina;2;1;1;1;0,3027;0,401;0,2963
35493;2021-02-14;T20-21;I1;Crotone;Sassuolo;1;2;2;2;0,2812;0,2665;0,4523
35494;2021-02-14;T20-21;I1;Inter;Lazio;3;1;1;1;0,3349;0,4081;0,2571
45599;2021-02-14;T20-21;SP1;Real Madrid;Valencia;2;0;1;1;0,2093;0,6447;0,146
45600;2021-02-14;T20-21;SP1;Levante;Osasuna;0;1;2;1;0,2906;0,4204;0,289
58091;2021-02-14;T20-21;SP2;Leganes;Albacete;3;1;1;1;0,2265;0,6148;0,1587
58088;2021-02-14;T20-21;SP2;Mallorca;Espanol;1;2;2;1;0,3181;0,3518;0,3301
58089;2021-02-14;T20-21;SP2;Almeria;Las Palmas;3;1;1;1;0,2436;0,5505;0,2058
58090;2021-02-14;T20-21;SP2;Alcorcon;Logrones;1;0;1;1;0,2758;0,4797;0,2445
58092;2021-02-14;T20-21;SP2;Sp Gijon;Malaga;1;0;1;1;0,2896;0,4371;0,2732
35491;2021-02-14;T20-21;I1;Cagliari;Atalanta;0;1;2;2;0,2648;0,2099;0,5253
45601;2021-02-14;T20-21;SP1;Villarreal;Betis;1;2;2;1;0,295;0,4147;0,2904
35490;2021-02-14;T20-21;I1;Roma;Udinese;3;0;1;1;0,2143;0,6106;0,1751
45598;2021-02-14;T20-21;SP1;Getafe;Sociedad;0;1;2;2;0,3017;0,2965;0,4018
26920;2021-02-14;T20-21;F1;Lille;Brest;0;0;0;1;0,2422;0,5618;0,196
6305;2021-02-14;T20-21;D1;Ein Frankfurt;FC Koln;2;0;1;1;0,2419;0,5749;0,1831
6306;2021-02-14;T20-21;D1;Wolfsburg;M'gladbach;0;0;0;1;0,3017;0,4194;0,2789
16380;2021-02-14;T20-21;E0;West Brom;Man United;1;1;0;2;0,195;0,0837;0,7213
16381;2021-02-14;T20-21;E0;Arsenal;Leeds;4;2;1;1;0,2997;0,4069;0,2934
16382;2021-02-14;T20-21;E0;Everton;Fulham;0;2;2;1;0,2861;0,4163;0,2976
16379;2021-02-14;T20-21;E0;Southampton;Wolves;1;2;2;1;0,2978;0,404;0,2982
26916;2021-02-14;T20-21;F1;Angers;Nantes;1;3;2;1;0,2813;0,4459;0,2728
26921;2021-02-14;T20-21;F1;Bordeaux;Marseille;0;0;0;1;0,3013;0,3867;0,312
26917;2021-02-14;T20-21;F1;Dijon;Nimes;0;2;2;1;0,3093;0,3652;0,3256
26918;2021-02-14;T20-21;F1;Metz;Strasbourg;1;2;2;1;0,2842;0,4326;0,2831
26919;2021-02-14;T20-21;F1;Rennes;St Etienne;0;2;2;1;0,308;0,4156;0,2764
26915;2021-02-14;T20-21;F1;Monaco;Lorient;2;2;0;1;0,196;0,6414;0,1625
6307;2021-02-15;T20-21;D1;Bayern Munich;Bielefeld;3;3;0;1;0,0396;0,9426;0,0178
16383;2021-02-15;T20-21;E0;West Ham;Sheffield United;3;0;1;1;0,2778;0,4754;0,2468
16384;2021-02-15;T20-21;E0;Chelsea;Newcastle;2;0;1;1;0,1561;0,7286;0,1153
35495;2021-02-15;T20-21;I1;Verona;Parma;2;1;1;1;0,273;0,4566;0,2704
45602;2021-02-15;T20-21;SP1;Cadiz;Ath Bilbao;0;4;2;2;0,2965;0,3499;0,3536
58093;2021-02-15;T20-21;SP2;Castellon;Fuenlabrada;1;2;2;1;0,2883;0,37;0,3417
58094;2021-02-15;T20-21;SP2;Oviedo;Lugo;3;1;1;1;0,2694;0,4577;0,2729
58095;2021-02-17;T20-21;SP2;Leganes;Almeria;2;1;1;1;0,2881;0,4152;0,2968
45603;2021-02-17;T20-21;SP1;Levante;Ath Madrid;1;1;0;2;0,2902;0,2331;0,4766
16385;2021-02-17;T20-21;E0;Burnley;Fulham;1;1;0;1;0,2891;0,4143;0,2966
16386;2021-02-17;T20-21;E0;Everton;Man City;1;3;2;2;0,2341;0,104;0,662
26922;2021-02-17;T20-21;F1;Marseille;Nice;3;2;1;1;0,2793;0,4427;0,2779
6308;2021-02-19;T20-21;D1;Bielefeld;Wolfsburg;0;3;2;2;0,2716;0,213;0,5154
16387;2021-02-19;T20-21;E0;Wolves;Leeds;1;0;1;1;0,3126;0,3889;0,2985
26923;2021-02-19;T20-21;F1;Brest;Lyon;2;3;2;2;0,2493;0,1579;0,5928
35496;2021-02-19;T20-21;I1;Fiorentina;Spezia;3;0;1;1;0,2867;0,4491;0,2642
35497;2021-02-19;T20-21;I1;Cagliari;Torino;0;1;2;1;0,3008;0,3736;0,3256
45604;2021-02-19;T20-21;SP1;Betis;Getafe;1;0;1;1;0,2304;0,6255;0,1441
58096;2021-02-19;T20-21;SP2;Ponferradina;Mirandes;1;0;1;1;0,2913;0,3959;0,3128
35500;2021-02-20;T20-21;I1;Sassuolo;Bologna;1;1;0;1;0,3167;0,3965;0,2868
45605;2021-02-20;T20-21;SP1;Elche;Eibar;1;0;1;2;0,3054;0,3062;0,3884
45606;2021-02-20;T20-21;SP1;Ath Madrid;Levante;0;2;2;1;0,2255;0,6053;0,1692
45607;2021-02-20;T20-21;SP1;Valencia;Celta;2;0;1;1;0,2944;0,409;0,2967
58099;2021-02-20;T20-21;SP2;Las Palmas;Cartagena;2;0;1;1;0,2657;0,5219;0,2124
58097;2021-02-20;T20-21;SP2;Espanol;Sabadell;1;0;1;1;0,1848;0,6981;0,1171
58098;2021-02-20;T20-21;SP2;Albacete;Sp Gijon;0;1;2;2;0,29;0,319;0,391
35499;2021-02-20;T20-21;I1;Genoa;Verona;2;2;0;1;0,2987;0,3745;0,3268
45608;2021-02-20;T20-21;SP1;Valladolid;Real Madrid;0;1;2;2;0,2242;0,1226;0,6532
35498;2021-02-20;T20-21;I1;Lazio;Sampdoria;1;0;1;1;0,2414;0,5243;0,2344
6309;2021-02-20;T20-21;D1;Ein Frankfurt;Bayern Munich;2;1;1;2;0,2893;0,125;0,5857
26924;2021-02-20;T20-21;F1;St Etienne;Reims;1;1;0;1;0,2974;0,4101;0,2926
16391;2021-02-20;T20-21;E0;Fulham;Sheffield United;1;0;1;1;0,2823;0,4348;0,2829
16390;2021-02-20;T20-21;E0;Liverpool;Everton;0;2;2;1;0,1604;0,7004;0,1391
16389;2021-02-20;T20-21;E0;Burnley;West Brom;0;0;0;1;0,222;0,6367;0,1413
16388;2021-02-20;T20-21;E0;Southampton;Chelsea;1;1;0;2;0,2673;0,1865;0,5463
6313;2021-02-20;T20-21;D1;Schalke 04;Dortmund;0;4;2;2;0,2615;0,2055;0,533
6312;2021-02-20;T20-21;D1;M'gladbach;Mainz;1;2;2;1;0,2542;0,5026;0,2432
6311;2021-02-20;T20-21;D1;Freiburg;Union Berlin;0;1;2;1;0,2994;0,4083;0,2923
6310;2021-02-20;T20-21;D1;FC Koln;Stuttgart;0;1;2;2;0,3;0,3168;0,3832
26925;2021-02-20;T20-21;F1;Nantes;Marseille;1;1;0;2;0,2899;0,3347;0,3753
35502;2021-02-21;T20-21;I1;Milan;Inter;0;3;2;2;0,3652;0,2677;0,3671
35503;2021-02-21;T20-21;I1;Atalanta;Napoli;4;2;1;0;0,3422;0,334;0,3238
35504;2021-02-21;T20-21;I1;Benevento;Roma;0;0;0;2;0,2511;0,1768;0,5721
45609;2021-02-21;T20-21;SP1;Barcelona;Cadiz;1;1;0;1;0,0498;0,926;0,0242
45610;2021-02-21;T20-21;SP1;Sociedad;Alaves;4;0;1;1;0,1768;0,7025;0,1207
58102;2021-02-21;T20-21;SP2;Girona;Castellon;2;1;1;1;0,2614;0,5011;0,2375
58104;2021-02-21;T20-21;SP2;Malaga;Vallecano;2;0;1;2;0,2932;0,3387;0,3681
58100;2021-02-21;T20-21;SP2;Leganes;Tenerife;1;0;1;1;0,27;0,4781;0,2519
58101;2021-02-21;T20-21;SP2;Mallorca;Almeria;2;0;1;1;0,2606;0,5104;0,229
58103;2021-02-21;T20-21;SP2;Lugo;Logrones;1;1;0;1;0,2719;0,4983;0,2298
35501;2021-02-21;T20-21;I1;Parma;Udinese;2;2;0;1;0,3049;0,3815;0,3136
45611;2021-02-21;T20-21;SP1;Huesca;Granada;3;2;1;1;0,2832;0,427;0,2898
26932;2021-02-21;T20-21;F1;Paris SG;Monaco;0;2;2;1;0,3088;0,4435;0,2477
45612;2021-02-21;T20-21;SP1;Ath Bilbao;Villarreal;1;1;0;1;0,2921;0,4061;0,3019
26930;2021-02-21;T20-21;F1;Strasbourg;Angers;0;0;0;1;0,2947;0,3979;0,3075
26931;2021-02-21;T20-21;F1;Lorient;Lille;1;4;2;2;0,2768;0,2503;0,4728
6314;2021-02-21;T20-21;D1;Augsburg;Leverkusen;1;1;0;2;0,2622;0,2201;0,5177
6315;2021-02-21;T20-21;D1;Hertha;RB Leipzig;0;3;2;2;0,2748;0,2184;0,5068
6316;2021-02-21;T20-21;D1;Hoffenheim;Werder Bremen;4;0;1;1;0,3178;0,4002;0,2819
16393;2021-02-21;T20-21;E0;Aston Villa;Leicester;1;2;2;1;0,3253;0,3686;0,3061
16392;2021-02-21;T20-21;E0;West Ham;Tottenham;2;1;1;1;0,3016;0,3779;0,3205
16395;2021-02-21;T20-21;E0;Man United;Newcastle;3;1;1;1;0,1255;0,7842;0,0904
26926;2021-02-21;T20-21;F1;Montpellier;Rennes;2;1;1;1;0,2989;0,414;0,2871
26927;2021-02-21;T20-21;F1;Lens;Dijon;2;1;1;1;0,2569;0,5473;0,1958
26928;2021-02-21;T20-21;F1;Nice;Metz;1;2;2;1;0,2857;0,4129;0,3014
26929;2021-02-21;T20-21;F1;Nimes;Bordeaux;2;0;1;1;0,3011;0,3572;0,3417
16394;2021-02-21;T20-21;E0;Arsenal;Man City;0;1;2;2;0,3287;0,1484;0,5228
58105;2021-02-22;T20-21;SP2;Fuenlabrada;Oviedo;2;2;0;1;0,2935;0,4069;0,2995
16396;2021-02-22;T20-21;E0;Brighton;Crystal Palace;1;2;2;1;0,2427;0,5549;0,2024
35505;2021-02-22;T20-21;I1;Juventus;Crotone;3;0;1;1;0,078;0,8876;0,0344
45613;2021-02-22;T20-21;SP1;Osasuna;Sevilla;0;2;2;2;0,2645;0,2011;0,5344
58106;2021-02-22;T20-21;SP2;Zaragoza;Alcorcon;0;1;2;1;0,2779;0,445;0,2771
16397;2021-02-23;T20-21;E0;Leeds;Southampton;3;0;1;1;0,2407;0,5451;0,2141
26933;2021-02-24;T20-21;F1;Nimes;Lorient;1;0;1;1;0,3007;0,4099;0,2894
45614;2021-02-24;T20-21;SP1;Barcelona;Elche;3;0;1;1;0,0376;0,9461;0,0162
6317;2021-02-26;T20-21;D1;Werder Bremen;Ein Frankfurt;2;1;1;2;0,2724;0,2503;0,4773
26934;2021-02-26;T20-21;F1;Rennes;Nice;1;2;2;1;0,2598;0,4881;0,2521
45615;2021-02-26;T20-21;SP1;Levante;Ath Bilbao;1;1;0;1;0,3047;0,3863;0,3091
58107;2021-02-26;T20-21;SP2;Sabadell;Albacete;0;0;0;1;0,2726;0,4393;0,2882
58108;2021-02-26;T20-21;SP2;Cartagena;Leganes;1;0;1;2;0,2966;0,3;0,4034
35508;2021-02-27;T20-21;I1;Verona;Juventus;1;1;0;2;0,2525;0,1643;0,5832
45616;2021-02-27;T20-21;SP1;Eibar;Huesca;1;1;0;1;0,2948;0,4097;0,2956
45617;2021-02-27;T20-21;SP1;Sevilla;Barcelona;0;2;2;2;0,3386;0,1749;0,4865
45618;2021-02-27;T20-21;SP1;Alaves;Osasuna;0;1;2;1;0,2777;0,4247;0,2975
58111;2021-02-27;T20-21;SP2;Castellon;Las Palmas;4;0;1;1;0,2852;0,4099;0,3049
58109;2021-02-27;T20-21;SP2;Vallecano;Ponferradina;1;1;0;1;0,2737;0,4778;0,2485
58110;2021-02-27;T20-21;SP2;Almeria;Lugo;4;1;1;1;0,2338;0,5715;0,1948
35507;2021-02-27;T20-21;I1;Bologna;Lazio;2;0;1;2;0,2823;0,3232;0,3945
58112;2021-02-27;T20-21;SP2;Logrones;Mallorca;0;1;2;2;0,2797;0,2556;0,4647
45619;2021-02-27;T20-21;SP1;Getafe;Valencia;3;0;1;2;0,2972;0,3294;0,3734
35506;2021-02-27;T20-21;I1;Spezia;Parma;2;2;0;1;0,2848;0,4238;0,2913
6322;2021-02-27;T20-21;D1;RB Leipzig;M'gladbach;3;2;1;1;0,2632;0,4885;0,2483
26935;2021-02-27;T20-21;F1;Bordeaux;Metz;1;2;2;1;0,3023;0,4064;0,2913
16401;2021-02-27;T20-21;E0;Newcastle;Wolves;1;1;0;2;0,3005;0,3369;0,3625
16400;2021-02-27;T20-21;E0;Leeds;Aston Villa;0;1;2;1;0,2705;0,4719;0,2576
16399;2021-02-27;T20-21;E0;West Brom;Brighton;1;0;1;2;0,2868;0,2579;0,4552
16398;2021-02-27;T20-21;E0;Man City;West Ham;2;1;1;1;0,2029;0,6496;0,1474
6321;2021-02-27;T20-21;D1;Wolfsburg;Hertha;2;0;1;1;0,2013;0,6432;0,1555
6320;2021-02-27;T20-21;D1;Stuttgart;Schalke 04;5;1;1;1;0,2458;0,5707;0,1835
6319;2021-02-27;T20-21;D1;Dortmund;Bielefeld;3;0;1;1;0,1321;0,7887;0,0792
6318;2021-02-27;T20-21;D1;Bayern Munich;FC Koln;5;1;1;1;0,0454;0,9277;0,0269
26936;2021-02-27;T20-21;F1;Dijon;Paris SG;0;4;2;2;0,2236;0,1197;0,6567
35510;2021-02-28;T20-21;I1;Crotone;Cagliari;0;2;2;1;0,2806;0,395;0,3244
35511;2021-02-28;T20-21;I1;Inter;Genoa;3;0;1;1;0,1042;0,8368;0,059
35512;2021-02-28;T20-21;I1;Udinese;Fiorentina;1;0;1;1;0,3;0,3818;0,3181
35513;2021-02-28;T20-21;I1;Napoli;Benevento;2;0;1;1;0,1388;0,7663;0,0949
35514;2021-02-28;T20-21;I1;Roma;Milan;1;2;2;1;0,3368;0,3806;0,2826
58116;2021-02-28;T20-21;SP2;Oviedo;Zaragoza;1;0;1;1;0,294;0,4089;0,2971
58114;2021-02-28;T20-21;SP2;Sp Gijon;Espanol;1;1;0;2;0,312;0,2807;0,4072
45622;2021-02-28;T20-21;SP1;Granada;Elche;2;1;1;1;0,253;0,5812;0,1658
45623;2021-02-28;T20-21;SP1;Villarreal;Ath Madrid;0;2;2;2;0,2946;0,2585;0,4469
58113;2021-02-28;T20-21;SP2;Fuenlabrada;Girona;1;1;0;1;0,2811;0,4346;0,2843
58115;2021-02-28;T20-21;SP2;Tenerife;Alcorcon;3;1;1;1;0,2757;0,452;0,2723
35509;2021-02-28;T20-21;I1;Sampdoria;Atalanta;0;2;2;2;0,2754;0,2637;0,4609
45621;2021-02-28;T20-21;SP1;Cadiz;Betis;0;1;2;2;0,2992;0,3392;0,3616
26943;2021-02-28;T20-21;F1;Marseille;Lyon;1;1;0;2;0,2718;0,185;0,5432
45620;2021-02-28;T20-21;SP1;Celta;Valladolid;1;1;0;1;0,2595;0,4692;0,2713
26941;2021-02-28;T20-21;F1;Reims;Montpellier;0;0;0;2;0,2995;0,3418;0,3587
26942;2021-02-28;T20-21;F1;Lille;Strasbourg;1;1;0;1;0,1915;0,6732;0,1352
6323;2021-02-28;T20-21;D1;Union Berlin;Hoffenheim;1;1;0;1;0,3247;0,3612;0,3141
6324;2021-02-28;T20-21;D1;Mainz;Augsburg;0;1;2;1;0,2636;0,4803;0,2561
16402;2021-02-28;T20-21;E0;Crystal Palace;Fulham;0;0;0;1;0,3074;0,3875;0,3051
16403;2021-02-28;T20-21;E0;Leicester;Arsenal;1;3;2;1;0,3165;0,3619;0,3216
16404;2021-02-28;T20-21;E0;Tottenham;Burnley;4;0;1;1;0,2488;0,5459;0,2053
6325;2021-02-28;T20-21;D1;Leverkusen;Freiburg;1;2;2;1;0,2438;0,5501;0,2062
16406;2021-02-28;T20-21;E0;Sheffield United;Liverpool;0;2;2;2;0,2503;0,1737;0,576
26937;2021-02-28;T20-21;F1;Monaco;Brest;2;0;1;1;0,2665;0,4941;0,2394
26938;2021-02-28;T20-21;F1;Angers;Lens;2;2;0;1;0,2978;0,3878;0,3145
26939;2021-02-28;T20-21;F1;Lorient;St Etienne;2;1;1;1;0,2955;0,3828;0,3217
26940;2021-02-28;T20-21;F1;Nimes;Nantes;1;1;0;1;0,2876;0,4215;0,2909
16405;2021-02-28;T20-21;E0;Chelsea;Man United;0;0;0;0;0,3519;0,3078;0,3403
16407;2021-03-01;T20-21;E0;Everton;Southampton;1;0;1;1;0,2862;0,4118;0,302
45624;2021-03-01;T20-21;SP1;Real Madrid;Sociedad;1;1;0;1;0,2212;0,6193;0,1595
58117;2021-03-01;T20-21;SP2;Mirandes;Malaga;1;0;1;1;0,2917;0,4181;0,2902
16408;2021-03-02;T20-21;E0;Man City;Wolves;4;1;1;1;0,2028;0,6515;0,1457
35515;2021-03-02;T20-21;I1;Juventus;Spezia;3;0;1;1;0,1301;0,7987;0,0712
35516;2021-03-03;T20-21;I1;Sassuolo;Napoli;3;3;0;2;0,3435;0,2369;0,4196
26953;2021-03-03;T20-21;F1;Strasbourg;Monaco;1;0;1;2;0,2759;0,2478;0,4763
35517;2021-03-03;T20-21;I1;Atalanta;Crotone;5;1;1;1;0,1418;0,7835;0,0747
35522;2021-03-03;T20-21;I1;Milan;Udinese;1;1;0;1;0,1349;0,7611;0,1041
35519;2021-03-03;T20-21;I1;Cagliari;Bologna;1;0;1;2;0,3127;0,325;0,3623
35520;2021-03-03;T20-21;I1;Fiorentina;Roma;1;2;2;2;0,2767;0,2407;0,4826
26952;2021-03-03;T20-21;F1;Nantes;Reims;1;2;2;1;0,28;0,4212;0,2989
35518;2021-03-03;T20-21;I1;Benevento;Verona;0;3;2;1;0,2895;0,3707;0,3399
26951;2021-03-03;T20-21;F1;Montpellier;Lorient;1;1;0;1;0,2677;0,4728;0,2595
35521;2021-03-03;T20-21;I1;Genoa;Sampdoria;1;1;0;2;0,3076;0,3206;0,3718
26949;2021-03-03;T20-21;F1;Bordeaux;Paris SG;0;1;2;2;0,2561;0,167;0,5769
26948;2021-03-03;T20-21;F1;St Etienne;Lens;2;3;2;2;0,3079;0,3425;0,3496
26947;2021-03-03;T20-21;F1;Nice;Nimes;2;1;1;1;0,2894;0,4203;0,2903
26946;2021-03-03;T20-21;F1;Metz;Angers;0;1;2;1;0,2867;0,4182;0,2952
26945;2021-03-03;T20-21;F1;Lyon;Rennes;1;0;1;1;0,2139;0,6116;0,1745
26944;2021-03-03;T20-21;F1;Brest;Dijon;3;1;1;1;0,2556;0,5456;0,1987
16411;2021-03-03;T20-21;E0;Crystal Palace;Man United;0;0;0;2;0,2217;0,1224;0,6559
16410;2021-03-03;T20-21;E0;Sheffield United;Aston Villa;1;0;1;2;0,3007;0,281;0,4182
16409;2021-03-03;T20-21;E0;Burnley;Leicester;1;1;0;2;0,2825;0,2661;0,4514
26950;2021-03-03;T20-21;F1;Lille;Marseille;2;0;1;1;0,2246;0,5971;0,1783
16414;2021-03-04;T20-21;E0;Liverpool;Chelsea;0;1;2;1;0,3416;0,3547;0,3037
35523;2021-03-04;T20-21;I1;Parma;Inter;1;2;2;2;0,2241;0,1124;0,6635
16412;2021-03-04;T20-21;E0;Fulham;Tottenham;0;1;2;2;0,2904;0,2802;0,4294
16413;2021-03-04;T20-21;E0;West Brom;Everton;0;1;2;2;0,2747;0,2751;0,4502
6326;2021-03-05;T20-21;D1;Schalke 04;Mainz;0;0;0;1;0,298;0,398;0,304
45625;2021-03-05;T20-21;SP1;Valencia;Villarreal;2;1;1;1;0,296;0,4175;0,2865
58118;2021-03-05;T20-21;SP2;Espanol;Oviedo;1;1;0;1;0,1908;0,6751;0,1341
35526;2021-03-06;T20-21;I1;Juventus;Lazio;3;1;1;1;0,3158;0,4141;0,27
58121;2021-03-06;T20-21;SP2;Leganes;Castellon;0;0;0;1;0,2129;0,6483;0,1388
58120;2021-03-06;T20-21;SP2;Las Palmas;Vallecano;1;1;0;2;0,3018;0,3474;0,3508
58119;2021-03-06;T20-21;SP2;Zaragoza;Tenerife;1;0;1;1;0,2802;0,4275;0,2924
45629;2021-03-06;T20-21;SP1;Osasuna;Barcelona;0;2;2;2;0,2079;0,0976;0,6945
45628;2021-03-06;T20-21;SP1;Cadiz;Eibar;1;0;1;2;0,3111;0,3328;0,3561
45627;2021-03-06;T20-21;SP1;Elche;Sevilla;2;1;1;2;0,2531;0,1689;0,578
58122;2021-03-06;T20-21;SP2;Albacete;Logrones;1;1;0;1;0,2655;0,4778;0,2567
45626;2021-03-06;T20-21;SP1;Valladolid;Getafe;2;1;1;1;0,2417;0,522;0,2364
35525;2021-03-06;T20-21;I1;Udinese;Sassuolo;2;0;1;2;0,3073;0,3448;0,3479
16415;2021-03-06;T20-21;E0;Burnley;Arsenal;1;1;0;2;0,2668;0,2232;0,51
16418;2021-03-06;T20-21;E0;Brighton;Leicester;1;2;2;2;0,3294;0,3239;0,3468
16417;2021-03-06;T20-21;E0;Aston Villa;Wolves;0;0;0;1;0,2823;0,4171;0,3006
16416;2021-03-06;T20-21;E0;Sheffield United;Southampton;0;2;2;2;0,3177;0,3275;0,3548
6332;2021-03-06;T20-21;D1;Bayern Munich;Dortmund;4;2;1;1;0,2659;0,4629;0,2712
6331;2021-03-06;T20-21;D1;M'gladbach;Leverkusen;0;1;2;1;0,3177;0,3659;0,3164
6330;2021-03-06;T20-21;D1;Hoffenheim;Wolfsburg;2;1;1;0;0,3405;0,3268;0,3327
6329;2021-03-06;T20-21;D1;Hertha;Augsburg;2;1;1;1;0,2762;0,4454;0,2783
6328;2021-03-06;T20-21;D1;Freiburg;RB Leipzig;0;3;2;2;0,2684;0,2188;0,5128
6327;2021-03-06;T20-21;D1;Ein Frankfurt;Stuttgart;1;1;0;1;0,3149;0,403;0,2821
35524;2021-03-06;T20-21;I1;Spezia;Benevento;1;1;0;1;0,2751;0,4491;0,2757
45630;2021-03-07;T20-21;SP1;Huesca;Celta;3;4;2;1;0,2501;0,4972;0,2527
45631;2021-03-07;T20-21;SP1;Ath Madrid;Real Madrid;1;1;0;2;0,3733;0,2386;0,3881
45632;2021-03-07;T20-21;SP1;Sociedad;Levante;1;0;1;1;0,2731;0,4675;0,2594
35532;2021-03-07;T20-21;I1;Napoli;Bologna;3;1;1;1;0,2324;0,5537;0,2139
58123;2021-03-07;T20-21;SP2;Malaga;Sabadell;2;0;1;1;0,2731;0,4735;0,2534
58125;2021-03-07;T20-21;SP2;Mallorca;Cartagena;2;1;1;1;0,188;0,6985;0,1136
58126;2021-03-07;T20-21;SP2;Girona;Almeria;0;1;2;1;0,298;0,3914;0,3106
45633;2021-03-07;T20-21;SP1;Ath Bilbao;Granada;2;1;1;1;0,2587;0,5319;0,2094
35531;2021-03-07;T20-21;I1;Sampdoria;Cagliari;2;2;0;1;0,2849;0,4401;0,275
58124;2021-03-07;T20-21;SP2;Ponferradina;Sp Gijon;2;2;0;1;0,2817;0,4187;0,2995
35529;2021-03-07;T20-21;I1;Fiorentina;Parma;3;3;0;1;0,2772;0,4495;0,2733
35527;2021-03-07;T20-21;I1;Roma;Genoa;1;0;1;1;0,1689;0,7159;0,1152
16422;2021-03-07;T20-21;E0;Tottenham;Crystal Palace;4;1;1;1;0,2379;0,5726;0,1895
16421;2021-03-07;T20-21;E0;Man City;Man United;0;2;2;1;0,3203;0,4083;0,2714
16420;2021-03-07;T20-21;E0;Liverpool;Fulham;0;1;2;1;0,1801;0,6778;0,1421
16419;2021-03-07;T20-21;E0;West Brom;Newcastle;0;0;0;2;0,3027;0,3296;0,3677
6334;2021-03-07;T20-21;D1;Bielefeld;Union Berlin;0;0;0;2;0,2987;0,3073;0,394
6333;2021-03-07;T20-21;D1;FC Koln;Werder Bremen;1;1;0;1;0,3007;0,36;0,3392
35530;2021-03-07;T20-21;I1;Verona;Milan;0;2;2;2;0,2742;0,2141;0,5117
58128;2021-03-08;T20-21;SP2;Lugo;Fuenlabrada;0;0;0;1;0,3014;0,3528;0,3458
58127;2021-03-08;T20-21;SP2;Alcorcon;Mirandes;4;0;1;1;0,2759;0,4228;0,3012
45634;2021-03-08;T20-21;SP1;Betis;Alaves;3;2;1;1;0,2024;0,6745;0,1231
16423;2021-03-08;T20-21;E0;Chelsea;Everton;2;0;1;1;0,2162;0,593;0,1908
16424;2021-03-08;T20-21;E0;West Ham;Leeds;2;0;1;1;0,3205;0,3636;0,3159
35533;2021-03-08;T20-21;I1;Inter;Atalanta;1;0;1;1;0,3195;0,405;0,2755
6335;2021-03-10;T20-21;D1;Bielefeld;Werder Bremen;0;2;2;2;0,2972;0,3033;0,3996
16425;2021-03-10;T20-21;E0;Man City;Southampton;5;2;1;1;0,1326;0,7853;0,0821
26954;2021-03-10;T20-21;F1;Marseille;Rennes;1;0;1;1;0,3033;0,3722;0,3246
45635;2021-03-10;T20-21;SP1;Ath Madrid;Ath Bilbao;2;1;1;1;0,2769;0,5124;0,2107
58130;2021-03-12;T20-21;SP2;Vallecano;Zaragoza;3;2;1;1;0,2791;0,4438;0,2771
58129;2021-03-12;T20-21;SP2;Cartagena;Ponferradina;1;1;0;1;0,2516;0,4733;0,2751
35535;2021-03-12;T20-21;I1;Atalanta;Spezia;3;1;1;1;0,1913;0,6882;0,1205
45636;2021-03-12;T20-21;SP1;Levante;Valencia;1;0;1;1;0,2998;0,4124;0,2878
26955;2021-03-12;T20-21;F1;Reims;Lyon;1;1;0;2;0,2288;0,1322;0,639
16426;2021-03-12;T20-21;E0;Newcastle;Aston Villa;1;1;0;2;0,3029;0,3344;0,3627
6336;2021-03-12;T20-21;D1;Augsburg;M'gladbach;3;1;1;2;0,3052;0,2859;0,4089
35534;2021-03-12;T20-21;I1;Lazio;Crotone;3;2;1;1;0,1665;0,7304;0,103
35537;2021-03-13;T20-21;I1;Benevento;Fiorentina;1;4;2;2;0,2957;0,3395;0,3648
58134;2021-03-13;T20-21;SP2;Mirandes;Espanol;2;2;0;2;0,2905;0,2974;0,4121
58133;2021-03-13;T20-21;SP2;Castellon;Sabadell;2;1;1;1;0,2586;0,4704;0,271
58132;2021-03-13;T20-21;SP2;Girona;Lugo;1;1;0;1;0,2653;0,4623;0,2724
58131;2021-03-13;T20-21;SP2;Fuenlabrada;Las Palmas;1;2;2;1;0,283;0,4409;0,2761
45639;2021-03-13;T20-21;SP1;Osasuna;Valladolid;0;0;0;1;0,2473;0,5309;0,2218
45638;2021-03-13;T20-21;SP1;Real Madrid;Elche;2;1;1;1;0,0664;0,9016;0,032
45637;2021-03-13;T20-21;SP1;Alaves;Cadiz;1;1;0;1;0,2523;0,4795;0,2682
35538;2021-03-13;T20-21;I1;Genoa;Udinese;1;1;0;1;0,2813;0,3744;0,3443
35536;2021-03-13;T20-21;I1;Sassuolo;Verona;3;2;1;1;0,2719;0,4595;0,2686
45640;2021-03-13;T20-21;SP1;Getafe;Ath Madrid;0;0;0;2;0,2696;0,1959;0,5345
26956;2021-03-13;T20-21;F1;Angers;St Etienne;0;1;2;1;0,3063;0,3882;0,3055
16430;2021-03-13;T20-21;E0;Fulham;Man City;0;3;2;2;0,1999;0,0889;0,7111
16429;2021-03-13;T20-21;E0;Everton;Burnley;1;2;2;1;0,2719;0,4388;0,2893
16428;2021-03-13;T20-21;E0;Crystal Palace;West Brom;1;0;1;1;0,2754;0,4362;0,2885
16427;2021-03-13;T20-21;E0;Leeds;Chelsea;0;0;0;2;0,3204;0,2632;0,4164
6341;2021-03-13;T20-21;D1;Dortmund;Hertha;2;0;1;1;0,2419;0,5805;0,1776
6340;2021-03-13;T20-21;D1;Wolfsburg;Schalke 04;5;0;1;1;0,186;0,68;0,134
6339;2021-03-13;T20-21;D1;Werder Bremen;Bayern Munich;1;3;2;2;0,1813;0,0607;0,758
6338;2021-03-13;T20-21;D1;Union Berlin;FC Koln;2;1;1;1;0,2715;0,4507;0,2778
6337;2021-03-13;T20-21;D1;Mainz;Freiburg;1;0;1;1;0,2801;0,4378;0,2822
26957;2021-03-13;T20-21;F1;Marseille;Brest;3;1;1;1;0,2838;0,4159;0,3003
35540;2021-03-14;T20-21;I1;Parma;Roma;2;0;1;2;0,2623;0,1895;0,5482
35541;2021-03-14;T20-21;I1;Torino;Inter;1;2;2;2;0,2635;0,1643;0,5722
35542;2021-03-14;T20-21;I1;Cagliari;Juventus;1;3;2;2;0,2329;0,1337;0,6334
35543;2021-03-14;T20-21;I1;Milan;Napoli;0;1;2;0;0,3495;0,327;0,3236
45641;2021-03-14;T20-21;SP1;Celta;Ath Bilbao;0;0;0;1;0,3106;0,3687;0,3207
58136;2021-03-14;T20-21;SP2;Sp Gijon;Mallorca;2;0;1;2;0,3012;0,3036;0,3952
45643;2021-03-14;T20-21;SP1;Eibar;Villarreal;1;3;2;1;0,2941;0,4026;0,3033
45644;2021-03-14;T20-21;SP1;Sevilla;Betis;1;0;1;1;0,3212;0,4142;0,2646
58135;2021-03-14;T20-21;SP2;Logrones;Malaga;0;1;2;2;0,2766;0,3274;0,396
35539;2021-03-14;T20-21;I1;Bologna;Sampdoria;3;1;1;1;0,2964;0,425;0,2786
58137;2021-03-14;T20-21;SP2;Tenerife;Albacete;2;0;1;1;0,2637;0,4719;0,2644
45642;2021-03-14;T20-21;SP1;Granada;Sociedad;1;0;1;2;0,2945;0,3182;0,3872
26964;2021-03-14;T20-21;F1;Paris SG;Nantes;1;2;2;1;0,1474;0,7727;0,0799
26959;2021-03-14;T20-21;F1;Dijon;Bordeaux;1;3;2;2;0,2964;0,3157;0,3879
26962;2021-03-14;T20-21;F1;Rennes;Strasbourg;1;0;1;1;0,2906;0,4168;0,2926
26961;2021-03-14;T20-21;F1;Lorient;Nice;1;1;0;1;0,294;0,4172;0,2888
26960;2021-03-14;T20-21;F1;Lens;Metz;2;2;0;1;0,2902;0,414;0,2958
26958;2021-03-14;T20-21;F1;Nimes;Montpellier;1;1;0;1;0,3013;0,3529;0,3458
16434;2021-03-14;T20-21;E0;Man United;West Ham;1;0;1;1;0,304;0,4413;0,2547
16433;2021-03-14;T20-21;E0;Arsenal;Tottenham;2;1;1;1;0,3301;0,3696;0,3003
16432;2021-03-14;T20-21;E0;Leicester;Sheffield United;5;0;1;1;0,2158;0,642;0,1422
16431;2021-03-14;T20-21;E0;Southampton;Brighton;1;2;2;1;0,3061;0,3961;0,2978
6344;2021-03-14;T20-21;D1;Stuttgart;Hoffenheim;2;0;1;1;0,2988;0,4135;0,2878
6343;2021-03-14;T20-21;D1;RB Leipzig;Ein Frankfurt;1;1;0;1;0,3232;0,412;0,2648
6342;2021-03-14;T20-21;D1;Leverkusen;Bielefeld;1;2;2;1;0,1583;0,7358;0,1058
58138;2021-03-14;T20-21;SP2;Oviedo;Leganes;1;3;2;1;0,2805;0,389;0,3305
26963;2021-03-14;T20-21;F1;Monaco;Lille;0;0;0;1;0,3208;0,3486;0,3306
58139;2021-03-15;T20-21;SP2;Almeria;Alcorcon;0;0;0;1;0,2478;0,5448;0,2074
45645;2021-03-15;T20-21;SP1;Barcelona;Huesca;4;1;1;1;0,1501;0,7774;0,0725
16435;2021-03-15;T20-21;E0;Wolves;Liverpool;0;1;2;2;0,264;0,2041;0,5318
35544;2021-03-17;T20-21;I1;Torino;Sassuolo;3;2;1;2;0,306;0,3268;0,3671
45646;2021-03-17;T20-21;SP1;Sevilla;Elche;2;0;1;1;0,1181;0,8184;0,0635
45647;2021-03-19;T20-21;SP1;Betis;Levante;2;0;1;1;0,2502;0,5387;0,2111
35545;2021-03-19;T20-21;I1;Parma;Genoa;1;2;2;1;0,2529;0,4893;0,2579
58140;2021-03-19;T20-21;SP2;Las Palmas;Girona;1;2;2;1;0,2783;0,4364;0,2853
16436;2021-03-19;T20-21;E0;Fulham;Leeds;1;2;2;2;0,3025;0,2921;0,4053
6345;2021-03-19;T20-21;D1;Bielefeld;RB Leipzig;0;1;2;2;0,2203;0,1215;0,6582
26965;2021-03-19;T20-21;F1;St Etienne;Monaco;0;4;2;2;0,2794;0,2738;0,4468
45649;2021-03-20;T20-21;SP1;Celta;Real Madrid;1;3;2;2;0,2584;0,1538;0,5878
58144;2021-03-20;T20-21;SP2;Espanol;Logrones;4;0;1;1;0,1894;0,7051;0,1055
58143;2021-03-20;T20-21;SP2;Leganes;Fuenlabrada;0;2;2;1;0,2638;0,5024;0,2338
58142;2021-03-20;T20-21;SP2;Mallorca;Oviedo;0;0;0;1;0,1658;0,7219;0,1122
58141;2021-03-20;T20-21;SP2;Sabadell;Sp Gijon;1;1;0;1;0,2724;0,3713;0,3563
45651;2021-03-20;T20-21;SP1;Valladolid;Sevilla;1;1;0;2;0,2731;0,2381;0,4888
45650;2021-03-20;T20-21;SP1;Huesca;Osasuna;0;0;0;1;0,2796;0,4343;0,2861
35547;2021-03-20;T20-21;I1;Spezia;Cagliari;2;1;1;1;0,2884;0,4228;0,2888
45648;2021-03-20;T20-21;SP1;Ath Bilbao;Eibar;1;1;0;1;0,3067;0,395;0,2984
26967;2021-03-20;T20-21;F1;Nice;Marseille;3;0;1;1;0,2932;0,3705;0,3364
26966;2021-03-20;T20-21;F1;Metz;Rennes;1;3;2;1;0,2919;0,3667;0,3414
16437;2021-03-20;T20-21;E0;Brighton;Newcastle;3;0;1;1;0,298;0,4083;0,2937
6350;2021-03-20;T20-21;D1;Schalke 04;M'gladbach;0;3;2;2;0,3003;0,288;0,4117
6349;2021-03-20;T20-21;D1;Werder Bremen;Wolfsburg;1;2;2;2;0,2767;0,2551;0,4682
6348;2021-03-20;T20-21;D1;FC Koln;Dortmund;2;2;0;2;0,2671;0,1971;0,5359
6347;2021-03-20;T20-21;D1;Ein Frankfurt;Union Berlin;5;2;1;1;0,2716;0,4617;0,2667
6346;2021-03-20;T20-21;D1;Bayern Munich;Stuttgart;4;0;1;1;0,1087;0,8068;0,0845
35546;2021-03-20;T20-21;I1;Crotone;Bologna;2;3;2;2;0,2987;0,3098;0,3916
35552;2021-03-21;T20-21;I1;Fiorentina;Milan;2;3;2;2;0,2866;0,2339;0,4795
35553;2021-03-21;T20-21;I1;Roma;Napoli;0;2;2;0;0,3438;0,3436;0,3127
45652;2021-03-21;T20-21;SP1;Getafe;Elche;1;1;0;1;0,247;0,5618;0,1912
45653;2021-03-21;T20-21;SP1;Valencia;Granada;2;1;1;1;0,294;0,4158;0,2902
45654;2021-03-21;T20-21;SP1;Villarreal;Cadiz;2;1;1;1;0,2357;0,5901;0,1742
58147;2021-03-21;T20-21;SP2;Lugo;Castellon;0;0;0;1;0,2764;0,4664;0,2572
45656;2021-03-21;T20-21;SP1;Sociedad;Barcelona;1;6;2;2;0,2999;0,1609;0,5392
58145;2021-03-21;T20-21;SP2;Ponferradina;Almeria;2;1;1;1;0,2906;0,3641;0,3454
58146;2021-03-21;T20-21;SP2;Malaga;Tenerife;1;1;0;1;0,292;0,4116;0,2964
58148;2021-03-21;T20-21;SP2;Alcorcon;Vallecano;0;3;2;2;0,2955;0,3403;0,3642
35551;2021-03-21;T20-21;I1;Udinese;Lazio;0;1;2;2;0,2837;0,2611;0,4552
45655;2021-03-21;T20-21;SP1;Ath Madrid;Alaves;1;0;1;1;0,1027;0,8398;0,0575
35550;2021-03-21;T20-21;I1;Sampdoria;Torino;1;0;1;1;0,2961;0,4063;0,2976
26968;2021-03-21;T20-21;F1;Strasbourg;Lens;1;2;2;2;0,2966;0,3411;0,3623
35548;2021-03-21;T20-21;I1;Verona;Atalanta;0;2;2;2;0,2788;0,2345;0,4867
6351;2021-03-21;T20-21;D1;Hoffenheim;Mainz;1;2;2;1;0,2846;0,4811;0,2343
35549;2021-03-21;T20-21;I1;Juventus;Benevento;0;1;2;1;0,097;0,8574;0,0456
6353;2021-03-21;T20-21;D1;Freiburg;Augsburg;2;0;1;1;0,2691;0,4689;0,262
16438;2021-03-21;T20-21;E0;West Ham;Arsenal;3;3;0;2;0,3191;0,2958;0,3851
16439;2021-03-21;T20-21;E0;Aston Villa;Tottenham;0;2;2;1;0,3189;0,3747;0,3064
6352;2021-03-21;T20-21;D1;Hertha;Leverkusen;3;0;1;2;0,2765;0,2284;0,4951
26970;2021-03-21;T20-21;F1;Dijon;Reims;0;1;2;1;0,2873;0,4027;0,31
26971;2021-03-21;T20-21;F1;Montpellier;Bordeaux;3;1;1;1;0,3051;0,4331;0,2618
26972;2021-03-21;T20-21;F1;Nantes;Lorient;1;1;0;1;0,2981;0,3867;0,3152
26973;2021-03-21;T20-21;F1;Lille;Nimes;1;2;2;1;0,2318;0,6069;0,1613
26974;2021-03-21;T20-21;F1;Lyon;Paris SG;2;4;2;0;0,3442;0,3203;0,3355
26969;2021-03-21;T20-21;F1;Brest;Angers;0;0;0;1;0,3003;0,4087;0,291
58149;2021-03-22;T20-21;SP2;Albacete;Cartagena;2;0;1;1;0,2515;0,5217;0,2268
58150;2021-03-22;T20-21;SP2;Zaragoza;Mirandes;1;0;1;1;0,2917;0,4162;0,2921
58151;2021-03-26;T20-21;SP2;Sp Gijon;Alcorcon;0;0;0;1;0,2492;0,5634;0,1874
58152;2021-03-26;T20-21;SP2;Castellon;Espanol;1;3;2;2;0,2875;0,2655;0,447
58153;2021-03-27;T20-21;SP2;Oviedo;Ponferradina;1;1;0;1;0,2947;0,4095;0,2957
58154;2021-03-27;T20-21;SP2;Almeria;Leganes;1;1;0;1;0,2726;0,4826;0,2448
58155;2021-03-27;T20-21;SP2;Cartagena;Malaga;1;1;0;1;0,2612;0,4213;0,3175
58156;2021-03-27;T20-21;SP2;Logrones;Zaragoza;1;1;0;1;0,2513;0,4077;0,3411
58158;2021-03-28;T20-21;SP2;Girona;Albacete;2;1;1;1;0,255;0,5481;0,1969
58157;2021-03-28;T20-21;SP2;Lugo;Sabadell;0;1;2;1;0,284;0,4721;0,2438
58159;2021-03-28;T20-21;SP2;Tenerife;Las Palmas;1;1;0;1;0,2592;0,4915;0,2493
58160;2021-03-29;T20-21;SP2;Fuenlabrada;Mallorca;4;1;1;1;0,2962;0,369;0,3348
58161;2021-03-30;T20-21;SP2;Alcorcon;Oviedo;1;1;0;1;0,2741;0,4463;0,2796
58162;2021-03-30;T20-21;SP2;Malaga;Almeria;0;3;2;1;0,2945;0,3562;0,3493
58163;2021-03-30;T20-21;SP2;Ponferradina;Logrones;2;2;0;1;0,2176;0,6666;0,1158
58164;2021-03-30;T20-21;SP2;Vallecano;Sp Gijon;0;1;2;1;0,2819;0,4405;0,2776
58165;2021-03-31;T20-21;SP2;Albacete;Castellon;0;1;2;1;0,2555;0,5316;0,213
58166;2021-03-31;T20-21;SP2;Sabadell;Girona;2;2;0;1;0,2624;0,4511;0,2865
58167;2021-04-01;T20-21;SP2;Espanol;Fuenlabrada;4;0;1;1;0,2445;0,5702;0,1854
58168;2021-04-01;T20-21;SP2;Mallorca;Leganes;1;0;1;1;0,2599;0,5085;0,2317
58169;2021-04-01;T20-21;SP2;Las Palmas;Lugo;6;1;1;1;0,2795;0,4308;0,2898
58170;2021-04-01;T20-21;SP2;Zaragoza;Cartagena;0;0;0;1;0,2582;0,5062;0,2356
58171;2021-04-02;T20-21;SP2;Almeria;Vallecano;0;1;2;1;0,292;0,4005;0,3076
45657;2021-04-02;T20-21;SP1;Levante;Huesca;0;2;2;1;0,2911;0,4049;0,304
35557;2021-04-03;T20-21;I1;Cagliari;Verona;0;2;2;1;0,2833;0,4473;0,2694
58173;2021-04-03;T20-21;SP2;Girona;Ponferradina;3;1;1;1;0,2802;0,4339;0,2858
58172;2021-04-03;T20-21;SP2;Logrones;Tenerife;1;0;1;2;0,2693;0,326;0,4047
45660;2021-04-03;T20-21;SP1;Osasuna;Getafe;0;0;0;1;0,2574;0,4734;0,2692
45659;2021-04-03;T20-21;SP1;Real Madrid;Eibar;2;0;1;1;0,1246;0,7889;0,0865
45658;2021-04-03;T20-21;SP1;Granada;Villarreal;0;3;2;2;0,3024;0,3303;0,3674
35562;2021-04-03;T20-21;I1;Torino;Juventus;2;2;0;2;0,268;0,2152;0,5167
35560;2021-04-03;T20-21;I1;Napoli;Crotone;4;3;1;1;0,1407;0,789;0,0703
35559;2021-04-03;T20-21;I1;Lazio;Spezia;2;1;1;1;0,2309;0,5813;0,1878
35558;2021-04-03;T20-21;I1;Genoa;Fiorentina;1;1;0;2;0,3054;0,3342;0,3605
35556;2021-04-03;T20-21;I1;Benevento;Parma;2;2;0;1;0,2539;0,48;0,2662
58174;2021-04-03;T20-21;SP2;Castellon;Oviedo;1;0;1;1;0,2725;0,4426;0,285
35554;2021-04-03;T20-21;I1;Milan;Sampdoria;1;1;0;1;0,1986;0,6471;0,1543
35555;2021-04-03;T20-21;I1;Atalanta;Udinese;3;2;1;1;0,2541;0,5568;0,1891
6354;2021-04-03;T20-21;D1;Augsburg;Hoffenheim;2;1;1;2;0,3134;0,3318;0,3548
6356;2021-04-03;T20-21;D1;Leverkusen;Schalke 04;2;1;1;1;0,1774;0,7041;0,1184
6357;2021-04-03;T20-21;D1;Mainz;Bielefeld;1;1;0;1;0,2478;0,568;0,1842
6358;2021-04-03;T20-21;D1;Wolfsburg;FC Koln;1;0;1;1;0,1647;0,7302;0,1051
6355;2021-04-03;T20-21;D1;Dortmund;Ein Frankfurt;1;2;2;1;0,2969;0,419;0,2841
6360;2021-04-03;T20-21;D1;M'gladbach;Freiburg;2;1;1;1;0,2375;0,5829;0,1796
26975;2021-04-03;T20-21;F1;Monaco;Metz;4;0;1;1;0,2158;0,6025;0,1817
26976;2021-04-03;T20-21;F1;Paris SG;Lille;0;1;2;1;0,3054;0,4253;0,2693
26977;2021-04-03;T20-21;F1;Lens;Lyon;1;1;0;2;0,3339;0,2293;0,4368
6359;2021-04-03;T20-21;D1;RB Leipzig;Bayern Munich;0;1;2;2;0,3639;0,1636;0,4726
45661;2021-04-04;T20-21;SP1;Alaves;Celta;1;3;2;1;0,2365;0,5084;0,2551
58179;2021-04-04;T20-21;SP2;Las Palmas;Mallorca;1;1;0;2;0,3048;0,3237;0,3716
58178;2021-04-04;T20-21;SP2;Lugo;Malaga;0;1;2;1;0,2872;0,3992;0,3136
58177;2021-04-04;T20-21;SP2;Leganes;Sabadell;2;1;1;1;0,2472;0,581;0,1719
58176;2021-04-04;T20-21;SP2;Albacete;Espanol;0;3;2;2;0,2583;0,1905;0,5512
58175;2021-04-04;T20-21;SP2;Sp Gijon;Mirandes;1;2;2;1;0,2675;0,491;0,2414
45663;2021-04-04;T20-21;SP1;Cadiz;Valencia;2;1;1;2;0,2958;0,3416;0,3626
26984;2021-04-04;T20-21;F1;Marseille;Dijon;2;0;1;1;0,2433;0,5429;0,2138
45664;2021-04-04;T20-21;SP1;Sevilla;Ath Madrid;1;0;1;2;0,3214;0,3039;0,3747
26981;2021-04-04;T20-21;F1;Nantes;Nice;1;2;2;2;0,2753;0,3589;0,3657
26980;2021-04-04;T20-21;F1;Lorient;Brest;1;0;1;1;0,2931;0,4288;0,278
26979;2021-04-04;T20-21;F1;Bordeaux;Strasbourg;2;3;2;1;0,2995;0,4006;0,2998
26978;2021-04-04;T20-21;F1;Angers;Montpellier;1;1;0;1;0,3;0,3618;0,3382
16445;2021-04-04;T20-21;E0;Newcastle;Tottenham;2;2;0;2;0,2649;0,2439;0,4912
6362;2021-04-04;T20-21;D1;Union Berlin;Hertha;1;1;0;1;0,3017;0,4081;0,2902
6361;2021-04-04;T20-21;D1;Stuttgart;Werder Bremen;1;0;1;1;0,2802;0,4464;0,2734
26982;2021-04-04;T20-21;F1;Reims;Rennes;2;2;0;2;0,3007;0,3457;0,3536
58180;2021-04-05;T20-21;SP2;Cartagena;Alcorcon;2;1;1;1;0,2613;0,4626;0,2761
58181;2021-04-05;T20-21;SP2;Fuenlabrada;Zaragoza;0;1;2;1;0,2762;0,4469;0,2769
35564;2021-04-07;T20-21;I1;Inter;Sassuolo;2;1;1;1;0,2112;0,6514;0,1375
35565;2021-04-07;T20-21;I1;Juventus;Napoli;2;1;1;1;0,3285;0,3949;0,2767
58182;2021-04-09;T20-21;SP2;Tenerife;Sp Gijon;1;0;1;1;0,299;0,4046;0,2964
45667;2021-04-09;T20-21;SP1;Huesca;Elche;3;1;1;1;0,252;0,5187;0,2293
16450;2021-04-09;T20-21;E0;Fulham;Wolves;0;1;2;1;0,3009;0,3692;0,3299
6363;2021-04-09;T20-21;D1;Bielefeld;Freiburg;1;0;1;1;0,2676;0,3734;0,359
26985;2021-04-09;T20-21;F1;Metz;Lille;0;2;2;2;0,2783;0,2355;0,4862
35567;2021-04-10;T20-21;I1;Parma;Milan;1;3;2;2;0,2649;0,1942;0,541
58185;2021-04-10;T20-21;SP2;Vallecano;Girona;2;1;1;1;0,2716;0,47;0,2584
58184;2021-04-10;T20-21;SP2;Oviedo;Las Palmas;0;0;0;1;0,2967;0,4068;0,2965
58183;2021-04-10;T20-21;SP2;Ponferradina;Fuenlabrada;0;0;0;1;0,2752;0,4449;0,2799
45671;2021-04-10;T20-21;SP1;Real Madrid;Barcelona;2;1;1;2;0,3686;0,2527;0,3787
45670;2021-04-10;T20-21;SP1;Eibar;Levante;0;1;2;1;0,293;0,4144;0,2926
45669;2021-04-10;T20-21;SP1;Ath Bilbao;Alaves;0;0;0;1;0,2311;0,5703;0,1986
45668;2021-04-10;T20-21;SP1;Getafe;Cadiz;0;1;2;1;0,259;0,4751;0,2659
35568;2021-04-10;T20-21;I1;Udinese;Torino;0;1;2;1;0,3062;0,3901;0,3037
35566;2021-04-10;T20-21;I1;Spezia;Crotone;3;2;1;1;0,2522;0,5392;0,2087
6367;2021-04-10;T20-21;D1;Werder Bremen;RB Leipzig;1;4;2;2;0,2591;0,1871;0,5538
26986;2021-04-10;T20-21;F1;Strasbourg;Paris SG;1;4;2;2;0,2583;0,193;0,5487
16453;2021-04-10;T20-21;E0;Crystal Palace;Chelsea;1;4;2;2;0,2448;0,1499;0,6053
16452;2021-04-10;T20-21;E0;Liverpool;Aston Villa;2;1;1;1;0,2589;0,4987;0,2423
16451;2021-04-10;T20-21;E0;Man City;Leeds;1;2;2;1;0,2675;0,531;0,2015
6368;2021-04-10;T20-21;D1;Stuttgart;Dortmund;2;3;2;1;0,3301;0,3357;0,3342
6366;2021-04-10;T20-21;D1;Hertha;M'gladbach;2;2;0;2;0,3007;0,3065;0,3928
6365;2021-04-10;T20-21;D1;Ein Frankfurt;Wolfsburg;4;3;1;1;0,3181;0,3714;0,3105
6364;2021-04-10;T20-21;D1;Bayern Munich;Union Berlin;1;1;0;1;0,1641;0,7349;0,101
26987;2021-04-10;T20-21;F1;Montpellier;Marseille;3;3;0;1;0,2955;0,3844;0,3201
35572;2021-04-11;T20-21;I1;Verona;Lazio;0;1;2;2;0,2794;0,2432;0,4774
35573;2021-04-11;T20-21;I1;Roma;Bologna;1;0;1;1;0,2169;0,5878;0,1953
35574;2021-04-11;T20-21;I1;Fiorentina;Atalanta;2;3;2;2;0,2763;0,2356;0,4881
45673;2021-04-11;T20-21;SP1;Valencia;Sociedad;2;2;0;1;0,2869;0,4272;0,2859
45674;2021-04-11;T20-21;SP1;Valladolid;Granada;1;2;2;1;0,2508;0,4889;0,2603
58188;2021-04-11;T20-21;SP2;Mallorca;Lugo;2;0;1;1;0,2309;0,6022;0,167
58186;2021-04-11;T20-21;SP2;Malaga;Albacete;2;0;1;1;0,2524;0,5072;0,2405
58187;2021-04-11;T20-21;SP2;Zaragoza;Almeria;2;1;1;1;0,275;0,3681;0,3568
35571;2021-04-11;T20-21;I1;Sampdoria;Napoli;0;2;2;2;0,2868;0,2464;0,4668
58189;2021-04-11;T20-21;SP2;Mirandes;Logrones;0;1;2;1;0,2596;0,5621;0,1784
58190;2021-04-11;T20-21;SP2;Sabadell;Cartagena;1;1;0;1;0,2749;0,4773;0,2478
58191;2021-04-11;T20-21;SP2;Espanol;Leganes;2;1;1;1;0,2349;0,5906;0,1745
45675;2021-04-11;T20-21;SP1;Betis;Ath Madrid;1;1;0;2;0,3053;0,3223;0,3725
35570;2021-04-11;T20-21;I1;Juventus;Genoa;3;1;1;1;0,1229;0,8096;0,0675
45672;2021-04-11;T20-21;SP1;Villarreal;Osasuna;1;2;2;1;0,1978;0,6801;0,1221
26994;2021-04-11;T20-21;F1;Lyon;Angers;3;0;1;1;0,2008;0,6347;0,1645
6369;2021-04-11;T20-21;D1;Schalke 04;Augsburg;1;0;1;1;0,2916;0,3774;0,331
6370;2021-04-11;T20-21;D1;FC Koln;Mainz;2;3;2;1;0,2635;0,4336;0,3029
16454;2021-04-11;T20-21;E0;Burnley;Newcastle;1;2;2;1;0,2978;0,3917;0,3105
16455;2021-04-11;T20-21;E0;West Ham;Leicester;3;2;1;1;0,3182;0,3634;0,3184
16457;2021-04-11;T20-21;E0;Sheffield United;Arsenal;0;3;2;2;0,2683;0,2495;0,4822
16456;2021-04-11;T20-21;E0;Tottenham;Man United;1;3;2;2;0,3109;0,2236;0,4654
26989;2021-04-11;T20-21;F1;Brest;Nimes;1;1;0;1;0,2893;0,42;0,2907
26990;2021-04-11;T20-21;F1;Lens;Lorient;4;1;1;1;0,2962;0,4082;0,2956
26991;2021-04-11;T20-21;F1;Nice;Reims;0;0;0;1;0,2672;0,4866;0,2462
26992;2021-04-11;T20-21;F1;St Etienne;Bordeaux;4;1;1;1;0,2945;0,4061;0,2994
26993;2021-04-11;T20-21;F1;Monaco;Dijon;3;0;1;1;0,0915;0,8576;0,0509
26988;2021-04-11;T20-21;F1;Rennes;Nantes;1;0;1;1;0,2874;0,4193;0,2933
35569;2021-04-11;T20-21;I1;Inter;Cagliari;1;0;1;1;0,1652;0,755;0,0798
35575;2021-04-12;T20-21;I1;Benevento;Sassuolo;0;1;2;2;0,301;0,2913;0,4077
58192;2021-04-12;T20-21;SP2;Alcorcon;Castellon;2;1;1;1;0,2626;0,5074;0,2301
45676;2021-04-12;T20-21;SP1;Celta;Sevilla;3;4;2;2;0,3005;0,2864;0,413
16459;2021-04-12;T20-21;E0;Brighton;Everton;0;0;0;1;0,2797;0,3799;0,3404
6371;2021-04-12;T20-21;D1;Hoffenheim;Leverkusen;0;0;0;2;0,3085;0,2679;0,4236
16458;2021-04-12;T20-21;E0;West Brom;Southampton;3;0;1;2;0,2976;0,2988;0,4037
58193;2021-04-14;T20-21;SP2;Vallecano;Mirandes;0;1;2;1;0,266;0,4908;0,2432
6372;2021-04-16;T20-21;D1;RB Leipzig;Hoffenheim;0;0;0;1;0,2562;0,5456;0,1982
16460;2021-04-16;T20-21;E0;Everton;Tottenham;2;2;0;2;0,3006;0,323;0,3764
26995;2021-04-16;T20-21;F1;Lille;Montpellier;1;1;0;1;0,31;0,4351;0,2549
58194;2021-04-16;T20-21;SP2;Fuenlabrada;Sabadell;2;2;0;1;0,2534;0,5274;0,2192
58195;2021-04-16;T20-21;SP2;Girona;Zaragoza;3;0;1;1;0,2737;0,4529;0,2734
35576;2021-04-17;T20-21;I1;Crotone;Udinese;1;2;2;1;0,275;0,3927;0,3323
58198;2021-04-17;T20-21;SP2;Las Palmas;Malaga;1;1;0;1;0,2824;0,4285;0,2891
58197;2021-04-17;T20-21;SP2;Castellon;Mallorca;1;0;1;2;0,2844;0,2859;0,4297
58199;2021-04-17;T20-21;SP2;Sp Gijon;Oviedo;0;1;2;1;0,264;0,492;0,244
35579;2021-04-17;T20-21;I1;Cagliari;Parma;4;3;1;1;0,266;0,4537;0,2803
35578;2021-04-17;T20-21;I1;Sassuolo;Fiorentina;3;1;1;1;0,2778;0,4434;0,2788
35577;2021-04-17;T20-21;I1;Sampdoria;Verona;3;1;1;1;0,276;0,4692;0,2548
26997;2021-04-17;T20-21;F1;Marseille;Lorient;3;2;1;1;0,3037;0,4186;0,2777
58196;2021-04-17;T20-21;SP2;Lugo;Alcorcon;1;3;2;1;0,2802;0,4303;0,2895
16462;2021-04-17;T20-21;E0;Wolves;Sheffield United;1;0;1;1;0,2649;0,5517;0,1833
16461;2021-04-17;T20-21;E0;Newcastle;West Ham;3;2;1;1;0,2924;0,3831;0,3244
6378;2021-04-17;T20-21;D1;Leverkusen;FC Koln;3;0;1;1;0,2601;0,5391;0,2008
6377;2021-04-17;T20-21;D1;Wolfsburg;Bayern Munich;2;3;2;2;0,3271;0,147;0,5259
6376;2021-04-17;T20-21;D1;Union Berlin;Stuttgart;2;1;1;1;0,3021;0,367;0,3309
6375;2021-04-17;T20-21;D1;M'gladbach;Ein Frankfurt;4;0;1;1;0,2978;0,4119;0,2903
6374;2021-04-17;T20-21;D1;Freiburg;Schalke 04;4;0;1;1;0,275;0,4467;0,2783
6373;2021-04-17;T20-21;D1;Augsburg;Bielefeld;0;0;0;1;0,2698;0,4573;0,2729
26996;2021-04-17;T20-21;F1;Angers;Rennes;0;3;2;1;0,2987;0,3636;0,3378
35585;2021-04-18;T20-21;I1;Napoli;Inter;1;1;0;0;0,3565;0,2974;0,3461
45677;2021-04-18;T20-21;SP1;Osasuna;Elche;2;0;1;1;0,2455;0,579;0,1755
45678;2021-04-18;T20-21;SP1;Sociedad;Sevilla;1;2;2;1;0,3245;0,3597;0,3158
45679;2021-04-18;T20-21;SP1;Alaves;Huesca;1;0;1;1;0,2771;0,3666;0,3563
45680;2021-04-18;T20-21;SP1;Ath Madrid;Eibar;5;0;1;1;0,1957;0,6818;0,1225
58201;2021-04-18;T20-21;SP2;Logrones;Vallecano;0;0;0;2;0,2878;0,2837;0,4285
45682;2021-04-18;T20-21;SP1;Cadiz;Celta;0;0;0;1;0,2711;0,4492;0,2796
45683;2021-04-18;T20-21;SP1;Getafe;Real Madrid;0;0;0;2;0,229;0,1277;0,6433
45684;2021-04-18;T20-21;SP1;Levante;Villarreal;1;5;2;1;0,2956;0,3524;0,352
35584;2021-04-18;T20-21;I1;Torino;Roma;3;1;1;2;0,2678;0,2427;0,4896
58202;2021-04-18;T20-21;SP2;Cartagena;Tenerife;0;0;0;1;0,2829;0,3707;0,3463
45681;2021-04-18;T20-21;SP1;Betis;Valencia;2;2;0;1;0,2909;0,4115;0,2976
35583;2021-04-18;T20-21;I1;Lazio;Benevento;5;3;1;1;0,1832;0,6995;0,1173
58200;2021-04-18;T20-21;SP2;Albacete;Mirandes;1;0;1;2;0,2659;0,3617;0,3724
35581;2021-04-18;T20-21;I1;Atalanta;Juventus;1;0;1;0;0,3588;0,2863;0,3549
35580;2021-04-18;T20-21;I1;Milan;Genoa;2;1;1;1;0,1343;0,7876;0,0781
27004;2021-04-18;T20-21;F1;Nantes;Lyon;1;2;2;2;0,2518;0,1795;0,5687
27003;2021-04-18;T20-21;F1;Bordeaux;Monaco;0;3;2;2;0,2753;0,236;0,4887
27002;2021-04-18;T20-21;F1;Reims;Metz;0;0;0;1;0,2767;0,428;0,2953
27001;2021-04-18;T20-21;F1;Nimes;Strasbourg;1;1;0;1;0,3107;0,3736;0,3158
27000;2021-04-18;T20-21;F1;Dijon;Nice;2;0;1;2;0,2935;0,2791;0,4274
26999;2021-04-18;T20-21;F1;Brest;Lens;1;1;0;1;0,2966;0,3582;0,3452
26998;2021-04-18;T20-21;F1;Paris SG;St Etienne;3;2;1;1;0,2323;0,5705;0,1971
16464;2021-04-18;T20-21;E0;Man United;Burnley;3;1;1;1;0,2007;0,6599;0,1394
35582;2021-04-18;T20-21;I1;Bologna;Spezia;4;1;1;1;0,2724;0,4667;0,2609
16463;2021-04-18;T20-21;E0;Arsenal;Fulham;1;1;0;1;0,291;0,4388;0,2702
6379;2021-04-18;T20-21;D1;Dortmund;Werder Bremen;4;1;1;1;0,1636;0,7097;0,1267
58203;2021-04-19;T20-21;SP2;Leganes;Ponferradina;1;1;0;1;0,2614;0,4827;0,2559
58204;2021-04-19;T20-21;SP2;Almeria;Espanol;1;1;0;2;0,2907;0,2465;0,4628
16465;2021-04-19;T20-21;E0;Leeds;Liverpool;1;1;0;2;0,2884;0,2576;0,454
6380;2021-04-20;T20-21;D1;FC Koln;RB Leipzig;2;1;1;2;0,2494;0,1633;0,5873
6381;2021-04-20;T20-21;D1;Bayern Munich;Leverkusen;2;0;1;1;0,2109;0,6262;0,1629
6382;2021-04-20;T20-21;D1;Bielefeld;Schalke 04;1;0;1;1;0,2775;0,4308;0,2917
6383;2021-04-20;T20-21;D1;Ein Frankfurt;Augsburg;2;0;1;1;0,2455;0,5526;0,202
16466;2021-04-20;T20-21;E0;Chelsea;Brighton;0;0;0;1;0,1528;0,7184;0,1288
35586;2021-04-20;T20-21;I1;Verona;Fiorentina;1;2;2;1;0,2727;0,4416;0,2856
35592;2021-04-21;T20-21;I1;Spezia;Inter;1;1;0;2;0,2348;0,1397;0,6255
35593;2021-04-21;T20-21;I1;Udinese;Cagliari;0;1;2;1;0,271;0,46;0,2691
45685;2021-04-21;T20-21;SP1;Levante;Sevilla;0;1;2;2;0,283;0,2789;0,4381
45686;2021-04-21;T20-21;SP1;Osasuna;Valencia;3;1;1;2;0,288;0,3362;0,3758
45690;2021-04-21;T20-21;SP1;Cadiz;Real Madrid;0;3;2;2;0,2;0,0893;0,7107
45688;2021-04-21;T20-21;SP1;Alaves;Villarreal;2;1;1;2;0,2844;0,2783;0,4373
45689;2021-04-21;T20-21;SP1;Elche;Valladolid;1;1;0;1;0,2377;0,5125;0,2498
58205;2021-04-21;T20-21;SP2;Mirandes;Tenerife;0;0;0;1;0,2734;0,4497;0,2769
45687;2021-04-21;T20-21;SP1;Betis;Ath Bilbao;0;0;0;1;0,2908;0,4153;0,2939
35591;2021-04-21;T20-21;I1;Juventus;Parma;3;1;1;1;0,1368;0,7895;0,0737
6384;2021-04-21;T20-21;D1;Dortmund;Union Berlin;2;0;1;1;0,1923;0,6559;0,1518
35589;2021-04-21;T20-21;I1;Crotone;Sampdoria;0;1;2;2;0,2858;0,3084;0,4058
35588;2021-04-21;T20-21;I1;Bologna;Torino;1;1;0;1;0,3035;0,397;0,2995
35587;2021-04-21;T20-21;I1;Milan;Sassuolo;1;2;2;1;0,2845;0,4871;0,2284
16468;2021-04-21;T20-21;E0;Aston Villa;Man City;1;2;2;2;0,2628;0,1832;0,554
16467;2021-04-21;T20-21;E0;Tottenham;Southampton;2;1;1;1;0,3028;0,4145;0,2827
6387;2021-04-21;T20-21;D1;Werder Bremen;Mainz;0;1;2;1;0,29;0,4269;0,2831
6386;2021-04-21;T20-21;D1;Stuttgart;Wolfsburg;1;3;2;1;0,3097;0,3743;0,316
6385;2021-04-21;T20-21;D1;Hoffenheim;M'gladbach;3;2;1;2;0,3011;0,3282;0,3707
35590;2021-04-21;T20-21;I1;Genoa;Benevento;2;2;0;1;0,2728;0,4408;0,2864
45692;2021-04-22;T20-21;SP1;Granada;Eibar;4;1;1;1;0,2754;0,4343;0,2903
45694;2021-04-22;T20-21;SP1;Barcelona;Getafe;5;2;1;1;0,136;0,7938;0,0702
45691;2021-04-22;T20-21;SP1;Ath Madrid;Huesca;2;0;1;1;0,1241;0,8044;0,0716
45693;2021-04-22;T20-21;SP1;Sociedad;Celta;2;1;1;1;0,2725;0,4705;0,2571
35594;2021-04-22;T20-21;I1;Roma;Atalanta;1;1;0;1;0,336;0,3381;0,3259
35595;2021-04-22;T20-21;I1;Napoli;Lazio;5;2;1;1;0,3;0,4114;0,2886
16469;2021-04-22;T20-21;E0;Leicester;West Brom;3;0;1;1;0,2582;0,5228;0,219
6388;2021-04-23;T20-21;D1;Augsburg;FC Koln;2;3;2;1;0,2935;0,4156;0,2909
16470;2021-04-23;T20-21;E0;Arsenal;Everton;0;1;2;1;0,2687;0,4531;0,2782
27005;2021-04-23;T20-21;F1;Reims;Marseille;1;3;2;2;0,292;0,3183;0,3897
58206;2021-04-23;T20-21;SP2;Zaragoza;Sp Gijon;0;0;0;1;0,2829;0,4172;0,2999
35598;2021-04-24;T20-21;I1;Sassuolo;Sampdoria;1;0;1;1;0,2885;0,4175;0,294
45696;2021-04-24;T20-21;SP1;Valladolid;Cadiz;1;1;0;1;0,265;0,4604;0,2746
45697;2021-04-24;T20-21;SP1;Valencia;Alaves;1;1;0;1;0,2529;0,545;0,202
45698;2021-04-24;T20-21;SP1;Real Madrid;Betis;0;0;0;1;0,2037;0,6614;0,1349
58209;2021-04-24;T20-21;SP2;Espanol;Las Palmas;4;0;1;1;0,1826;0,6911;0,1263
58208;2021-04-24;T20-21;SP2;Malaga;Fuenlabrada;0;1;2;1;0,2855;0,4209;0,2936
35597;2021-04-24;T20-21;I1;Parma;Crotone;3;4;2;1;0,2678;0,4814;0,2508
58210;2021-04-24;T20-21;SP2;Ponferradina;Lugo;2;0;1;1;0,2533;0,5237;0,223
58207;2021-04-24;T20-21;SP2;Logrones;Cartagena;0;1;2;1;0,2555;0,473;0,2715
35596;2021-04-24;T20-21;I1;Genoa;Spezia;2;0;1;1;0,2746;0,4424;0,283
45695;2021-04-24;T20-21;SP1;Elche;Levante;1;0;1;1;0,2714;0,3987;0,3299
27006;2021-04-24;T20-21;F1;St Etienne;Brest;1;2;2;1;0,2872;0,4255;0,2874
16473;2021-04-24;T20-21;E0;Sheffield United;Brighton;1;0;1;2;0,2937;0,2696;0,4368
16472;2021-04-24;T20-21;E0;West Ham;Chelsea;0;1;2;2;0,278;0,1891;0,5329
16471;2021-04-24;T20-21;E0;Liverpool;Newcastle;1;1;0;1;0,1759;0,6792;0,1449
6393;2021-04-24;T20-21;D1;Leverkusen;Ein Frankfurt;3;1;1;1;0,3059;0,4062;0,2879
6392;2021-04-24;T20-21;D1;Wolfsburg;Dortmund;0;2;2;2;0,3406;0,2765;0,3829
6391;2021-04-24;T20-21;D1;Union Berlin;Werder Bremen;3;1;1;1;0,2802;0,4363;0,2835
6390;2021-04-24;T20-21;D1;Mainz;Bayern Munich;2;1;1;2;0,2135;0,0848;0,7016
6389;2021-04-24;T20-21;D1;Freiburg;Hoffenheim;1;1;0;1;0,2978;0,3758;0,3264
27007;2021-04-24;T20-21;F1;Metz;Paris SG;1;3;2;2;0,2451;0,1591;0,5958
35602;2021-04-25;T20-21;I1;Cagliari;Roma;3;2;1;2;0,2645;0,2159;0,5196
35603;2021-04-25;T20-21;I1;Atalanta;Bologna;5;0;1;1;0,2147;0,6361;0,1492
58214;2021-04-25;T20-21;SP2;Tenerife;Castellon;1;1;0;1;0,2536;0,5562;0,1902
45699;2021-04-25;T20-21;SP1;Huesca;Getafe;0;2;2;1;0,2634;0,4554;0,2812
45700;2021-04-25;T20-21;SP1;Villarreal;Barcelona;1;2;2;2;0,284;0,1466;0,5694
58212;2021-04-25;T20-21;SP2;Mirandes;Almeria;1;1;0;1;0,2797;0,4019;0,3184
45702;2021-04-25;T20-21;SP1;Sevilla;Granada;2;1;1;1;0,221;0,6177;0,1612
45703;2021-04-25;T20-21;SP1;Ath Bilbao;Ath Madrid;2;1;1;2;0,2756;0,2415;0,4829
58211;2021-04-25;T20-21;SP2;Oviedo;Girona;0;1;2;1;0,2792;0,4103;0,3105
58213;2021-04-25;T20-21;SP2;Alcorcon;Leganes;1;2;2;1;0,2797;0,4068;0,3136
35601;2021-04-25;T20-21;I1;Inter;Verona;1;0;1;1;0,1479;0,7701;0,082
45701;2021-04-25;T20-21;SP1;Celta;Osasuna;2;1;1;1;0,2735;0,4484;0,2781
35600;2021-04-25;T20-21;I1;Fiorentina;Juventus;1;1;0;2;0,2496;0,1718;0,5786
27011;2021-04-25;T20-21;F1;Rennes;Dijon;5;1;1;1;0,2421;0,5975;0,1604
27014;2021-04-25;T20-21;F1;Lyon;Lille;2;3;2;1;0,3263;0,4095;0,2643
27013;2021-04-25;T20-21;F1;Angers;Monaco;0;1;2;2;0,2634;0,2149;0,5217
27012;2021-04-25;T20-21;F1;Strasbourg;Nantes;1;2;2;1;0,2704;0,4529;0,2767
27010;2021-04-25;T20-21;F1;Lorient;Bordeaux;4;1;1;1;0,2874;0,4392;0,2735
27009;2021-04-25;T20-21;F1;Lens;Nimes;2;1;1;1;0,2418;0,5677;0,1906
27008;2021-04-25;T20-21;F1;Nice;Montpellier;3;1;1;1;0,2971;0,4066;0,2963
16476;2021-04-25;T20-21;E0;Aston Villa;West Brom;2;2;0;1;0,2553;0,5131;0,2316
16475;2021-04-25;T20-21;E0;Leeds;Man United;0;0;0;2;0,3007;0,2464;0,4529
16474;2021-04-25;T20-21;E0;Wolves;Burnley;0;4;2;1;0,272;0,423;0,305
6395;2021-04-25;T20-21;D1;M'gladbach;Bielefeld;5;0;1;1;0,2364;0,6094;0,1541
6394;2021-04-25;T20-21;D1;RB Leipzig;Stuttgart;2;0;1;1;0,2255;0,6023;0,1722
35599;2021-04-25;T20-21;I1;Benevento;Udinese;2;4;2;1;0,2837;0,3953;0,321
58216;2021-04-26;T20-21;SP2;Sabadell;Mallorca;1;0;1;2;0,2943;0,2787;0,427
45704;2021-04-26;T20-21;SP1;Eibar;Sociedad;0;1;2;1;0,2749;0,3745;0,3505
58215;2021-04-26;T20-21;SP2;Vallecano;Albacete;2;2;0;1;0,2312;0,5846;0,1843
35604;2021-04-26;T20-21;I1;Torino;Napoli;0;2;2;2;0,2793;0,1809;0,5399
35605;2021-04-26;T20-21;I1;Lazio;Milan;3;0;1;0;0,3394;0,3218;0,3388
45705;2021-04-28;T20-21;SP1;Ath Bilbao;Valladolid;2;2;0;1;0,2632;0,4836;0,2532
45706;2021-04-29;T20-21;SP1;Barcelona;Granada;1;2;2;1;0,1032;0,8386;0,0582
16478;2021-04-30;T20-21;E0;Southampton;Leicester;1;1;0;2;0,2908;0,3007;0,4085
27015;2021-04-30;T20-21;F1;Marseille;Strasbourg;1;1;0;1;0,258;0,5086;0,2334
45707;2021-04-30;T20-21;SP1;Celta;Levante;2;0;1;1;0,2598;0,4741;0,2661
58217;2021-04-30;T20-21;SP2;Lugo;Zaragoza;2;2;0;1;0,2728;0,419;0,3082
45708;2021-05-01;T20-21;SP1;Eibar;Alaves;3;0;1;1;0,2511;0,5068;0,2421
58219;2021-05-01;T20-21;SP2;Almeria;Oviedo;2;2;0;1;0,2435;0,5752;0,1812
58218;2021-05-01;T20-21;SP2;Girona;Tenerife;1;0;1;1;0,2678;0,4679;0,2643
45711;2021-05-01;T20-21;SP1;Real Madrid;Osasuna;2;0;1;1;0,1447;0,7712;0,0841
58220;2021-05-01;T20-21;SP2;Mallorca;Mirandes;2;1;1;1;0,2628;0,5208;0,2164
45710;2021-05-01;T20-21;SP1;Huesca;Sociedad;1;0;1;1;0,2898;0,3595;0,3507
45709;2021-05-01;T20-21;SP1;Elche;Ath Madrid;0;1;2;2;0,2396;0,1532;0,6072
35608;2021-05-01;T20-21;I1;Milan;Benevento;2;0;1;1;0,1643;0,737;0,0987
16482;2021-05-01;T20-21;E0;Everton;Aston Villa;1;2;2;1;0,3038;0,3935;0,3027
35606;2021-05-01;T20-21;I1;Verona;Spezia;1;1;0;1;0,2577;0,5105;0,2318
27017;2021-05-01;T20-21;F1;Lille;Nice;2;0;1;1;0,2406;0,5503;0,2091
27016;2021-05-01;T20-21;F1;Paris SG;Lens;2;1;1;1;0,149;0,7384;0,1126
16481;2021-05-01;T20-21;E0;Chelsea;Fulham;2;0;1;1;0,1492;0,7446;0,1062
16480;2021-05-01;T20-21;E0;Brighton;Leeds;2;0;1;2;0,2943;0,3284;0,3773
16479;2021-05-01;T20-21;E0;Crystal Palace;Man City;0;2;2;2;0,1895;0,0769;0,7336
35607;2021-05-01;T20-21;I1;Crotone;Inter;0;2;2;2;0,2251;0,1265;0,6484
35614;2021-05-02;T20-21;I1;Sampdoria;Roma;2;0;1;2;0,2701;0,2518;0,4781
45712;2021-05-02;T20-21;SP1;Valladolid;Betis;1;1;0;2;0,2831;0,3217;0,3951
45713;2021-05-02;T20-21;SP1;Villarreal;Getafe;1;0;1;1;0,2106;0,6454;0,144
45714;2021-05-02;T20-21;SP1;Granada;Cadiz;0;1;2;1;0,245;0,5445;0,2105
45715;2021-05-02;T20-21;SP1;Valencia;Barcelona;2;3;2;2;0,268;0,1485;0,5835
58223;2021-05-02;T20-21;SP2;Castellon;Logrones;0;0;0;1;0,2624;0,5434;0,1942
58222;2021-05-02;T20-21;SP2;Espanol;Malaga;3;0;1;1;0,1703;0,7233;0,1063
35613;2021-05-02;T20-21;I1;Udinese;Juventus;1;2;2;2;0,257;0,1654;0,5776
58224;2021-05-02;T20-21;SP2;Leganes;Sp Gijon;0;0;0;1;0,2865;0,4366;0,2769
58225;2021-05-02;T20-21;SP2;Las Palmas;Ponferradina;2;0;1;1;0,2744;0,4431;0,2825
58221;2021-05-02;T20-21;SP2;Fuenlabrada;Cartagena;2;1;1;1;0,2591;0,5164;0,2245
35612;2021-05-02;T20-21;I1;Sassuolo;Atalanta;1;1;0;2;0,2943;0,2565;0,4492
35609;2021-05-02;T20-21;I1;Lazio;Genoa;4;3;1;1;0,2232;0,6306;0,1462
35610;2021-05-02;T20-21;I1;Bologna;Fiorentina;3;3;0;1;0,2785;0,4425;0,279
27024;2021-05-02;T20-21;F1;Monaco;Lyon;2;3;2;2;0,3582;0,2698;0,372
27023;2021-05-02;T20-21;F1;Montpellier;St Etienne;1;2;2;1;0,2749;0,4813;0,2438
27022;2021-05-02;T20-21;F1;Nimes;Reims;2;2;0;1;0,299;0,3939;0,3071
27021;2021-05-02;T20-21;F1;Lorient;Angers;2;0;1;1;0,2693;0,483;0,2477
27020;2021-05-02;T20-21;F1;Dijon;Metz;1;5;2;1;0,2507;0,4087;0,3406
27019;2021-05-02;T20-21;F1;Brest;Nantes;1;4;2;1;0,2842;0,4274;0,2884
27018;2021-05-02;T20-21;F1;Bordeaux;Rennes;1;0;1;2;0,2999;0,326;0,3741
16484;2021-05-02;T20-21;E0;Tottenham;Sheffield United;4;0;1;1;0,1927;0,6877;0,1196
16483;2021-05-02;T20-21;E0;Newcastle;Arsenal;0;2;2;2;0,2826;0,2372;0,4802
35611;2021-05-02;T20-21;I1;Napoli;Cagliari;1;1;0;1;0,1958;0,6604;0,1438
58226;2021-05-03;T20-21;SP2;Sabadell;Vallecano;2;0;1;2;0,2927;0,2914;0,4159
45716;2021-05-03;T20-21;SP1;Sevilla;Ath Bilbao;0;1;2;1;0,2453;0,5659;0,1888
58227;2021-05-03;T20-21;SP2;Albacete;Alcorcon;0;1;2;1;0,2559;0,4811;0,2629
16486;2021-05-03;T20-21;E0;Burnley;West Ham;1;2;2;1;0,2959;0,3622;0,3419
16485;2021-05-03;T20-21;E0;West Brom;Wolves;1;1;0;2;0,3058;0,2808;0,4133
35615;2021-05-03;T20-21;I1;Torino;Parma;1;0;1;1;0,2664;0,4758;0,2579
6397;2021-05-06;T20-21;D1;Hertha;Freiburg;3;0;1;1;0,3018;0,3857;0,3125
6398;2021-05-07;T20-21;D1;Stuttgart;Augsburg;2;1;1;1;0,2797;0,426;0,2943
27025;2021-05-07;T20-21;F1;Lens;Lille;0;3;2;2;0,3004;0,2854;0,4142
45717;2021-05-07;T20-21;SP1;Sociedad;Elche;2;0;1;1;0,2221;0,6474;0,1305
58228;2021-05-07;T20-21;SP2;Tenerife;Almeria;0;1;2;1;0,2694;0,3977;0,3328
45719;2021-05-08;T20-21;SP1;Barcelona;Ath Madrid;0;0;0;1;0,3171;0,4191;0,2638
45720;2021-05-08;T20-21;SP1;Cadiz;Huesca;2;1;1;1;0,2604;0,4742;0,2654
45721;2021-05-08;T20-21;SP1;Ath Bilbao;Osasuna;2;2;0;1;0,2543;0,5252;0,2205
58231;2021-05-08;T20-21;SP2;Alcorcon;Las Palmas;0;0;0;1;0,2616;0,4743;0,2641
58230;2021-05-08;T20-21;SP2;Zaragoza;Espanol;0;0;0;2;0,2651;0,2086;0,5263
35619;2021-05-08;T20-21;I1;Fiorentina;Lazio;2;0;1;2;0,2774;0,2524;0,4702
58232;2021-05-08;T20-21;SP2;Malaga;Mallorca;1;1;0;2;0,2956;0,3254;0,379
58229;2021-05-08;T20-21;SP2;Ponferradina;Albacete;0;1;2;1;0,2418;0,5695;0,1887
35618;2021-05-08;T20-21;I1;Inter;Sampdoria;5;1;1;1;0,1983;0,6652;0,1365
45718;2021-05-08;T20-21;SP1;Alaves;Levante;2;2;0;1;0,2592;0,4616;0,2791
35616;2021-05-08;T20-21;I1;Spezia;Napoli;1;4;2;2;0,2504;0,1734;0,5762
27027;2021-05-08;T20-21;F1;Lyon;Lorient;4;1;1;1;0,2169;0,6202;0,1628
27026;2021-05-08;T20-21;F1;Nantes;Bordeaux;3;0;1;1;0,2785;0,428;0,2935
16491;2021-05-08;T20-21;E0;Liverpool;Southampton;2;0;1;1;0,1514;0,7226;0,126
6403;2021-05-08;T20-21;D1;Bayern Munich;M'gladbach;6;0;1;1;0,3154;0,4148;0,2698
6402;2021-05-08;T20-21;D1;Wolfsburg;Union Berlin;3;0;1;1;0,3066;0,4307;0,2627
6401;2021-05-08;T20-21;D1;Werder Bremen;Leverkusen;0;0;0;2;0,2761;0,2466;0,4773
6399;2021-05-08;T20-21;D1;Dortmund;RB Leipzig;3;2;1;1;0,3163;0,382;0,3017
35617;2021-05-08;T20-21;I1;Udinese;Bologna;1;1;0;1;0,2739;0,4451;0,281
35624;2021-05-09;T20-21;I1;Roma;Crotone;5;0;1;1;0,1666;0,7286;0,1049
35625;2021-05-09;T20-21;I1;Juventus;Milan;0;3;2;1;0,3196;0,3997;0,2807
45722;2021-05-09;T20-21;SP1;Getafe;Eibar;0;1;2;1;0,2955;0,3622;0,3423
45723;2021-05-09;T20-21;SP1;Valencia;Valladolid;3;0;1;1;0,2884;0,4266;0,2851
45724;2021-05-09;T20-21;SP1;Villarreal;Celta;2;4;2;1;0,2613;0,5032;0,2354
58234;2021-05-09;T20-21;SP2;Oviedo;Sabadell;2;1;1;1;0,2611;0,5397;0,1992
45725;2021-05-09;T20-21;SP1;Real Madrid;Sevilla;2;2;0;1;0,3004;0,4486;0,2511
58233;2021-05-09;T20-21;SP2;Mirandes;Fuenlabrada;2;1;1;1;0,2776;0,4175;0,305
58235;2021-05-09;T20-21;SP2;Cartagena;Castellon;1;0;1;1;0,2536;0,5292;0,2172
35623;2021-05-09;T20-21;I1;Verona;Torino;1;1;0;1;0,3001;0,3637;0,3362
58236;2021-05-09;T20-21;SP2;Logrones;Girona;1;4;2;2;0,2861;0,3422;0,3717
35622;2021-05-09;T20-21;I1;Parma;Atalanta;2;5;2;2;0,262;0,1918;0,5462
27029;2021-05-09;T20-21;F1;Angers;Dijon;3;0;1;1;0,2423;0,5279;0,2298
35620;2021-05-09;T20-21;I1;Genoa;Sassuolo;1;2;2;2;0,287;0,2802;0,4328
35621;2021-05-09;T20-21;I1;Benevento;Cagliari;1;3;2;1;0,2737;0,442;0,2843
6406;2021-05-09;T20-21;D1;Hertha;Bielefeld;0;0;0;1;0,2697;0,4818;0,2485
16493;2021-05-09;T20-21;E0;Aston Villa;Man United;1;3;2;2;0,3093;0,2234;0,4673
27028;2021-05-09;T20-21;F1;St Etienne;Marseille;1;0;1;1;0,2914;0,3556;0,353
6405;2021-05-09;T20-21;D1;Ein Frankfurt;Mainz;1;1;0;1;0,2684;0,4743;0,2574
27031;2021-05-09;T20-21;F1;Nice;Brest;3;2;1;1;0,2935;0,417;0,2895
27032;2021-05-09;T20-21;F1;Strasbourg;Montpellier;2;3;2;1;0,2949;0,3657;0,3394
27033;2021-05-09;T20-21;F1;Reims;Monaco;0;1;2;2;0,2731;0,2265;0,5004
27034;2021-05-09;T20-21;F1;Rennes;Paris SG;1;1;0;2;0,2944;0,199;0,5066
27030;2021-05-09;T20-21;F1;Metz;Nimes;0;3;2;1;0,284;0,4187;0,2973
45726;2021-05-10;T20-21;SP1;Betis;Granada;2;1;1;1;0,243;0,5732;0,1839
58237;2021-05-10;T20-21;SP2;Vallecano;Leganes;1;1;0;1;0,2856;0,4249;0,2895
58238;2021-05-10;T20-21;SP2;Sp Gijon;Lugo;1;0;1;1;0,2332;0,6047;0,1622
45727;2021-05-11;T20-21;SP1;Osasuna;Cadiz;3;2;1;1;0,2438;0,5187;0,2375
45728;2021-05-11;T20-21;SP1;Elche;Alaves;0;2;2;1;0,2421;0,49;0,268
45729;2021-05-11;T20-21;SP1;Levante;Barcelona;3;3;0;2;0,2269;0,1213;0,6518
45733;2021-05-12;T20-21;SP1;Ath Madrid;Sociedad;2;1;1;1;0,2286;0,6134;0,158
45732;2021-05-12;T20-21;SP1;Huesca;Ath Bilbao;1;0;1;2;0,2951;0,3194;0,3855
6407;2021-05-12;T20-21;D1;Schalke 04;Hertha;1;2;2;2;0,2841;0,3197;0,3962
45730;2021-05-12;T20-21;SP1;Sevilla;Valencia;1;0;1;1;0,2264;0,586;0,1876
45731;2021-05-12;T20-21;SP1;Celta;Getafe;1;0;1;1;0,2513;0,4943;0,2544
45734;2021-05-13;T20-21;SP1;Valladolid;Villarreal;0;2;2;2;0,2786;0,2676;0,4539
45735;2021-05-13;T20-21;SP1;Eibar;Betis;1;1;0;1;0,274;0,3927;0,3333
45736;2021-05-13;T20-21;SP1;Granada;Real Madrid;1;4;2;2;0,2384;0,1411;0,6205
45738;2021-05-16;T20-21;SP1;Ath Bilbao;Real Madrid;0;1;2;2;0,2444;0,1582;0,5974
45745;2021-05-16;T20-21;SP1;Valencia;Eibar;4;1;1;1;0,2992;0,4144;0,2863
45744;2021-05-16;T20-21;SP1;Sociedad;Valladolid;4;1;1;1;0,2557;0,506;0,2383
45743;2021-05-16;T20-21;SP1;Getafe;Levante;2;1;1;1;0,2641;0,4597;0,2762
45746;2021-05-16;T20-21;SP1;Villarreal;Sevilla;4;0;1;2;0,3109;0,3148;0,3743
45742;2021-05-16;T20-21;SP1;Cadiz;Elche;1;3;2;1;0,2343;0,6238;0,1419
45741;2021-05-16;T20-21;SP1;Betis;Huesca;1;0;1;1;0,2687;0,4723;0,259
45740;2021-05-16;T20-21;SP1;Barcelona;Celta;1;2;2;1;0,1311;0,7864;0,0825
45739;2021-05-16;T20-21;SP1;Ath Madrid;Osasuna;2;1;1;1;0,1651;0,7374;0,0975
45737;2021-05-16;T20-21;SP1;Alaves;Granada;4;2;1;1;0,2558;0,4853;0,2589
27038;2021-05-16;T20-21;F1;Lorient;Metz;2;1;1;1;0,2731;0,4555;0,2714
27043;2021-05-16;T20-21;F1;Nimes;Lyon;2;5;2;2;0,2562;0,1762;0,5676
27042;2021-05-16;T20-21;F1;Nice;Strasbourg;0;2;2;1;0,2857;0,4243;0,2901
27041;2021-05-16;T20-21;F1;Montpellier;Brest;0;0;0;1;0,2799;0,4482;0,2719
27040;2021-05-16;T20-21;F1;Monaco;Rennes;2;1;1;1;0,3028;0,4482;0,249
27039;2021-05-16;T20-21;F1;Marseille;Angers;3;2;1;1;0,2574;0,5236;0,2191
27037;2021-05-16;T20-21;F1;Lille;St Etienne;0;0;0;1;0,2753;0,5109;0,2138
27036;2021-05-16;T20-21;F1;Dijon;Nantes;0;4;2;2;0,2892;0,3143;0,3966
27035;2021-05-16;T20-21;F1;Bordeaux;Lens;3;0;1;1;0,2949;0,4062;0,299
27044;2021-05-16;T20-21;F1;Paris SG;Reims;4;0;1;1;0,147;0,7528;0,1003
45747;2021-05-21;T20-21;SP1;Levante;Cadiz;2;2;0;1;0,2473;0,5459;0,2068
45754;2021-05-22;T20-21;SP1;Valladolid;Ath Madrid;1;2;2;2;0,2525;0,1776;0,5699
45753;2021-05-22;T20-21;SP1;Real Madrid;Villarreal;2;1;1;1;0,2545;0,542;0,2035
45752;2021-05-22;T20-21;SP1;Osasuna;Sociedad;0;1;2;2;0,2802;0,3523;0,3675
45748;2021-05-22;T20-21;SP1;Celta;Betis;2;3;2;1;0,2693;0,4284;0,3022
45750;2021-05-22;T20-21;SP1;Elche;Ath Bilbao;2;0;1;2;0,2788;0,3317;0,3895
45749;2021-05-22;T20-21;SP1;Eibar;Barcelona;0;1;2;2;0,2496;0,1458;0,6046
45751;2021-05-22;T20-21;SP1;Huesca;Valencia;0;0;0;1;0,2875;0,3711;0,3414
27051;2021-05-23;T20-21;F1;Reims;Bordeaux;1;2;2;1;0,273;0,4409;0,2861
27054;2021-05-23;T20-21;F1;Strasbourg;Lorient;1;1;0;1;0,2683;0,4685;0,2632
27053;2021-05-23;T20-21;F1;St Etienne;Dijon;0;1;2;1;0,2415;0,5845;0,174
27052;2021-05-23;T20-21;F1;Rennes;Nimes;2;0;1;1;0,2543;0,5181;0,2275
27050;2021-05-23;T20-21;F1;Nantes;Montpellier;1;2;2;1;0,2774;0,441;0,2815
45755;2021-05-23;T20-21;SP1;Granada;Getafe;0;0;0;1;0,2428;0,5114;0,2458
27048;2021-05-23;T20-21;F1;Lyon;Nice;2;3;2;1;0,1673;0,7012;0,1315
27047;2021-05-23;T20-21;F1;Lens;Monaco;0;0;0;2;0,298;0,2825;0,4195
27046;2021-05-23;T20-21;F1;Brest;Paris SG;0;2;2;2;0,2446;0,153;0,6025
27045;2021-05-23;T20-21;F1;Angers;Lille;1;2;2;2;0,2743;0,2319;0,4938
27049;2021-05-23;T20-21;F1;Metz;Marseille;1;1;0;2;0,297;0,3138;0,3892
45756;2021-05-23;T20-21;SP1;Sevilla;Alaves;1;0;1;1;0,1971;0,6698;0,1331
