version;datetime;validation;test;activation;b1;b2;batch_size;dropout;factor;factor_flag;factor_scaler;learning_rate;len_test;len_train;len_val;mode;momentum;n_units_l1;n_units_l2;n_units_l3;n_units_l4;n_units_l5;neg_slope;nesterov;num_hidden_layers;optim;scaler
0;2024-05-10 10:47:46.326868;0,5289633870124817;;leaky_relu;;;32;;;False;;0,03995581919752101;2631;17786;5269;vanilla;0,05927470553519541;17;23,0;19,0;29,0;;0,07709178143658613;False;4;sgd;minmax
1;2024-05-10 10:51:08.817166;0,5258358716964722;;selu;;;16;0,2906930195969475;;False;;0,005051710809132386;2631;17786;5269;dropout;0,00293795244256243;11;17,0;15,0;30,0;21,0;;True;5;sgd;maxabs
2;2024-05-10 10:59:08.542292;0,3265577554702759;;leaky_relu;0,14152180816199547;0,5505522537216647;8;0,6976898315620581;1,0;True;minmax;0,011734479488441888;2631;17786;5269;dropout;;25;17,0;;;;0,0511645975907975;;2;adam;minmax
3;2024-05-10 11:09:00.763090;0,4596036672592163;;selu;0,10620113931938935;0,15774043703544036;32;;;False;;0,17529816136828508;2631;17786;5269;vanilla;;16;10,0;14,0;7,0;12,0;;;5;adam;maxabs
4;2024-05-10 11:12:05.174290;0,525645911693573;;selu;0,25786642523069464;0,544520628891158;8;;63,0;True;normalizer;0,1925156413013176;2631;17786;5269;vanilla;;9;;;;;;;1;adam;normalizer
5;2024-05-10 11:18:12.007509;0,5279296636581421;;selu;;;512;;;False;;0,06277113916796298;2631;17786;5269;batchnorm;0,013554620285608453;10;28,0;21,0;25,0;;;True;4;sgd;maxabs
6;2024-05-10 11:18:41.229496;0,4596036672592163;;leaky_relu;0,4201437322338299;0,07818405040597202;32;;;False;;0,06090466762204958;2631;17786;5269;batchnorm;;14;16,0;7,0;;;0,024792996007419806;;3;adam;minmax
7;2024-05-10 11:21:54.630703;0,2522865831851959;;relu;;;128;;10,0;True;maxabs;0,2821383491948977;2631;17786;5269;batchnorm;0,019143849361121665;22;29,0;;;;;False;2;sgd;minmax
8;2024-05-10 11:22:44.798301;0,4596036672592163;;selu;;;128;0,4897517519700908;;False;;0,016196645682399757;2631;17786;5269;dropout;0,0015198539157522896;13;24,0;16,0;;;;True;3;sgd;normalizer
9;2024-05-10 11:23:23.363886;0,4597264528274536;;relu;0,21192517629808366;0,4982113425144895;16;;;False;;0,14862727476372564;2631;17786;5269;batchnorm;;20;26,0;27,0;;;;;3;adam;maxabs
10;2024-05-10 11:30:39.567846;0,53125;;leaky_relu;;;256;;100,0;True;normalizer;0,9630154137963279;2631;17786;5269;vanilla;0,38604295983073594;29;5,0;3,0;17,0;;0,0975131869744719;False;4;sgd;minmax
11;2024-05-10 11:31:36.141505;0,4619140625;;leaky_relu;;;256;;97,0;True;normalizer;0,0012069975101219638;2631;17786;5269;vanilla;0,39913336844728897;30;6,0;3,0;17,0;;0,09851424260768181;False;4;sgd;minmax
12;2024-05-10 11:32:08.223025;0,5302972793579102;;leaky_relu;;;64;;100,0;True;normalizer;0,8286657632568563;2631;17786;5269;vanilla;0,2600594113213456;4;3,0;24,0;16,0;;0,09526337656317038;False;4;sgd;minmax
13;2024-05-10 11:33:42.706761;0,2522865831851959;;leaky_relu;;;64;;99,0;True;normalizer;0,8017623844609756;2631;17786;5269;vanilla;0,9161901987557912;3;3,0;30,0;15,0;;0,09958514003878731;False;4;sgd;minmax
14;2024-05-10 11:34:34.422139;0,5322265625;;leaky_relu;;;256;;74,0;True;normalizer;0,9105564234449594;2631;17786;5269;vanilla;0,20970679981656068;29;9,0;23,0;16,0;30,0;0,0765840014143392;False;5;sgd;minmax
15;2024-05-10 11:35:12.677424;0,53125;;leaky_relu;;;256;;72,0;True;normalizer;0,9507236203823368;2631;17786;5269;vanilla;0,1295891541522589;30;10,0;9,0;9,0;30,0;0,06984415055276925;False;5;sgd;minmax
16;2024-05-10 11:35:53.118134;0,251953125;;leaky_relu;;;256;;9,0;True;maxabs;0,3028653132147752;2631;17786;5269;vanilla;0,7719063047746522;26;9,0;10,0;20,0;30,0;0,07434399888882669;False;5;sgd;minmax
17;2024-05-10 11:36:27.158582;0,251953125;;relu;;;256;;9,0;True;minmax;0,4120023316494372;2631;17786;5269;vanilla;0,15753094130998158;26;14,0;23,0;11,0;4,0;;False;5;sgd;normalizer
18;2024-05-10 11:37:05.787009;0,533398449420929;;leaky_relu;;;256;;78,0;True;normalizer;0,5836824286777696;2631;17786;5269;vanilla;0,08592138956981332;22;7,0;26,0;22,0;;0,006085694856298222;False;4;sgd;minmax
19;2024-05-10 11:37:46.158494;0,4619140625;;leaky_relu;;;512;0,1214518511229466;78,0;True;normalizer;0,10264905018317222;2631;17786;5269;dropout;0,060215924191826344;21;13,0;;;;0,0018209693350440329;True;2;sgd;normalizer
20;2024-05-10 11:38:11.656648;0,5283203125;;relu;;;256;;45,0;True;normalizer;0,5034802141220555;2631;17786;5269;vanilla;0,08362389953998393;24;7,0;27,0;;;;False;3;sgd;minmax
21;2024-05-10 11:38:46.704665;0,531445324420929;;leaky_relu;;;256;;82,0;True;normalizer;0,47986928193999034;2631;17786;5269;vanilla;0,35138052500309974;28;6,0;26,0;22,0;;0,03762775398344389;False;4;sgd;minmax
22;2024-05-10 11:39:28.220891;0,5337890386581421;;leaky_relu;;;256;;81,0;True;normalizer;0,43561736586502753;2631;17786;5269;vanilla;0,211866393248926;28;8,0;26,0;23,0;21,0;0,028713067246351386;False;5;sgd;minmax
23;2024-05-10 11:40:08.191958;0,527539074420929;;leaky_relu;;;256;;47,0;True;normalizer;0,4347709533050079;2631;17786;5269;vanilla;0,14270842214744528;23;12,0;29,0;22,0;21,0;0,008280195351599743;False;5;sgd;minmax
24;2024-05-10 11:40:58.591160;0,4390625059604645;;leaky_relu;;;256;;10,0;True;minmax;0,21769231882083703;2631;17786;5269;vanilla;0,04284011082822345;19;9,0;20,0;25,0;23,0;0,01791585200839562;False;5;sgd;minmax
25;2024-05-10 11:41:25.027434;0,251953125;;leaky_relu;;;256;;10,0;True;maxabs;0,5524669513943901;2631;17786;5269;vanilla;0,19062923551170807;27;20,0;24,0;13,0;14,0;0,02448454999255881;False;5;sgd;minmax
26;2024-05-10 11:41:58.688498;0,5248047113418579;;leaky_relu;0,9430343451415526;0,9814980418659528;256;;87,0;True;normalizer;0,28506739001606907;2631;17786;5269;vanilla;;28;12,0;22,0;4,0;;0,0378642095187338;;4;adam;minmax
27;2024-05-10 11:43:05.507837;0,4597264528274536;;leaky_relu;;;8;;65,0;True;normalizer;0,10505498920476097;2631;17786;5269;vanilla;0,10397247190158866;24;8,0;18,0;20,0;26,0;0,012134034983032269;False;5;sgd;normalizer
28;2024-05-10 11:49:06.712863;0,5243902206420898;;relu;;;128;;88,0;True;normalizer;0,6459947873213961;2631;17786;5269;batchnorm;0,03168187711040625;18;5,0;26,0;25,0;;;False;4;sgd;maxabs
29;2024-05-10 11:50:08.943461;0,251953125;;leaky_relu;;;512;0,10217494729338839;3,0;True;maxabs;0,3322178349574998;2631;17786;5269;dropout;0,07784223766168452;22;11,0;29,0;20,0;;0,002801756412935237;True;4;sgd;minmax
30;2024-05-10 11:50:34.315650;0,2520896792411804;;leaky_relu;;;16;;10,0;True;minmax;0,6006721779531611;2631;17786;5269;vanilla;0,19122566294936894;27;15,0;25,0;27,0;18,0;0,0166640190960674;False;5;sgd;minmax
31;2024-05-10 11:53:35.181569;0,5347656011581421;;leaky_relu;;;256;;81,0;True;normalizer;0,46297057215355747;2631;17786;5269;vanilla;0,3380783340934131;28;6,0;27,0;22,0;;0,03745900365216428;False;4;sgd;minmax
32;2024-05-10 11:54:14.869379;0,5283203125;;leaky_relu;;;256;;69,0;True;normalizer;0,33901001485179394;2631;17786;5269;vanilla;0,6202323585371552;29;7,0;28,0;22,0;;0,03710963054677954;False;4;sgd;minmax
33;2024-05-10 11:54:49.567286;0,523242175579071;;leaky_relu;;;256;;57,0;True;normalizer;0,6470378624778537;2631;17786;5269;vanilla;0,2571160716903896;25;4,0;22,0;23,0;26,0;0,04829289069886358;False;5;sgd;minmax
34;2024-05-10 11:55:30.492092;0,5285823345184326;;leaky_relu;;;32;;;False;;0,9942836922751335;2631;17786;5269;vanilla;0,5273800376203703;30;20,0;18,0;;;0,02722654488578838;False;3;sgd;minmax
35;2024-05-10 11:58:50.124166;0,4596036672592163;;selu;0,695609972555111;0,9525569256610606;64;0,6996062340331042;77,0;True;normalizer;0,18748750920248147;2631;17786;5269;dropout;;25;8,0;25,0;18,0;8,0;;;5;adam;maxabs
36;2024-05-10 12:00:33.701017;0,5286853909492493;;leaky_relu;;;8;;89,0;True;normalizer;0,4296068404873164;2631;17786;5269;vanilla;0,2567969007112167;27;;;;;0,012342704165056024;False;1;sgd;minmax
37;2024-05-10 12:06:32.663450;0,4619140625;;selu;0,5651761134920656;0,2740630056213984;256;;;False;;0,2127148949604262;2631;17786;5269;vanilla;;17;10,0;30,0;14,0;;;;4;adam;minmax
38;2024-05-10 12:07:10.219478;0,5218465328216553;;leaky_relu;;;16;;74,0;True;normalizer;0,6878970541371703;2631;17786;5269;batchnorm;0,1158374187842716;15;5,0;20,0;;;0,031191615428832274;False;3;sgd;minmax
39;2024-05-10 12:13:07.494220;0,49523627758026123;;leaky_relu;;;32;0,44042533098591224;;False;;0,034417277394033025;2631;17786;5269;dropout;0,4862324818221788;23;7,0;;;;0,04857915408379949;False;2;sgd;normalizer
40;2024-05-10 12:20:15.235722;0,4619140625;;selu;0,9608111772383061;0,7631473417218488;256;;1,0;True;minmax;0,14127918918109098;2631;17786;5269;vanilla;;28;18,0;13,0;19,0;26,0;;;5;adam;maxabs
41;2024-05-10 12:20:52.325539;0,5337890386581421;;leaky_relu;;;256;;82,0;True;normalizer;0,42785911234762847;2631;17786;5269;vanilla;0,34788570975557565;28;6,0;26,0;23,0;;0,039954711213679835;False;4;sgd;minmax
42;2024-05-10 12:21:45.740699;0,531054675579071;;leaky_relu;;;256;;82,0;True;normalizer;0,2549608979732596;2631;17786;5269;vanilla;0,2988336809079388;26;9,0;27,0;24,0;;0,04366073032206981;False;4;sgd;minmax
43;2024-05-10 12:22:29.769758;0,5259765386581421;;leaky_relu;;;256;;92,0;True;normalizer;0,38088765088365806;2631;17786;5269;vanilla;0,20450468576580183;29;4,0;23,0;28,0;;0,054894096472457056;True;4;sgd;minmax
44;2024-05-10 12:23:08.261814;0,5323932766914368;;leaky_relu;;;128;;80,0;True;normalizer;0,6192399338141069;2631;17786;5269;vanilla;0,5655060253292196;24;6,0;25,0;;;0,060435364373592884;False;3;sgd;minmax
45;2024-05-10 12:23:56.713150;0,5228658318519592;;leaky_relu;;;128;;82,0;True;normalizer;0,5143375970146175;2631;17786;5269;batchnorm;0,6497338736831305;21;6,0;28,0;;;0,029683384705549737;False;3;sgd;minmax
46;2024-05-10 12:24:58.286893;0,527057945728302;;relu;;;128;;;False;;0,23298205631634825;2631;17786;5269;vanilla;0,9084659970243716;24;3,0;25,0;;;;True;3;sgd;minmax
47;2024-05-10 12:26:37.783632;0,5314405560493469;;leaky_relu;;;128;;62,0;True;normalizer;0,7183475885238533;2631;17786;5269;vanilla;0,43263419451840696;12;5,0;28,0;;;0,05707122975405774;False;3;sgd;maxabs
48;2024-05-10 12:27:41.342016;0,28810974955558777;;selu;0,05977819477365115;0,03359232533377843;128;;10,0;True;maxabs;0,3259614246741648;2631;17786;5269;vanilla;;25;7,0;26,0;;;;;3;adam;minmax
49;2024-05-10 12:28:33.676018;0,525585949420929;;leaky_relu;;;512;;93,0;True;normalizer;0,1534391066148095;2631;17786;5269;vanilla;0,43583533811576985;20;11,0;;;;0,019870904078819626;False;2;sgd;minmax
50;2024-05-10 12:29:03.108417;0,4919969439506531;;leaky_relu;;;64;;68,0;True;normalizer;0,06086184198874181;2631;17786;5269;batchnorm;0,30234987814298614;22;4,0;21,0;30,0;;0,03231633144381796;False;4;sgd;normalizer
51;2024-05-10 12:30:49.975760;0,527148425579071;;leaky_relu;;;256;;78,0;True;normalizer;0,8556013189795382;2631;17786;5269;vanilla;0,20915394721365327;8;8,0;24,0;27,0;;0,06205798568779358;False;4;sgd;minmax
52;2024-05-10 12:31:32.831781;0,53125;;leaky_relu;;;256;;84,0;True;normalizer;0,7265375136953961;2631;17786;5269;vanilla;0,3224490278051555;30;10,0;27,0;21,0;17,0;0,043371698980253844;False;5;sgd;minmax
53;2024-05-10 12:32:10.851632;0,2520896792411804;;leaky_relu;;;8;;73,0;True;normalizer;0,9709995642136433;2631;17786;5269;vanilla;0,630760856250183;28;6,0;23,0;24,0;;0,08411565070062654;False;4;sgd;minmax
54;2024-05-10 12:38:18.419925;0,5306640863418579;;leaky_relu;;;256;;94,0;True;normalizer;0,4573430024549137;2631;17786;5269;vanilla;0,1451913013776211;27;8,0;25,0;26,0;12,0;0,023545072480969417;False;5;sgd;minmax
55;2024-05-10 12:38:58.030207;0,2522865831851959;;leaky_relu;;;32;;76,0;True;normalizer;0,556954803267177;2631;17786;5269;vanilla;0,975196601827181;26;9,0;26,0;18,0;;0,06177842781862597;False;4;sgd;minmax
56;2024-05-10 12:41:33.191528;0,528124988079071;;relu;;;256;0,28270948208726493;;False;;0,3811818613194976;2631;17786;5269;dropout;0,3600879357664265;29;4,0;30,0;;;;True;3;sgd;minmax
57;2024-05-10 12:42:13.389572;0,529296875;;leaky_relu;;;256;;85,0;True;normalizer;0,7867271205462066;2631;17786;5269;vanilla;0,4774832685020115;29;6,0;22,0;23,0;24,0;0,034103756215172504;False;5;sgd;minmax
58;2024-05-10 12:42:49.764747;0,5307750701904297;;leaky_relu;;;16;;70,0;True;normalizer;0,28217554312936816;2631;17786;5269;vanilla;0,09930253687768124;23;13,0;;;;0,04251030863060382;False;2;sgd;minmax
59;2024-05-10 12:45:44.076030;0,40510669350624084;;leaky_relu;;;128;;9,0;True;minmax;0,5162291626153316;2631;17786;5269;vanilla;0,16083674953438135;28;27,0;29,0;18,0;;0,026984396523960178;False;4;sgd;minmax
60;2024-05-10 12:47:20.540282;0,4619140625;;leaky_relu;0,37131809487556955;0,40368753883820774;256;;7,0;True;maxabs;0,3630316222238682;2631;17786;5269;vanilla;;26;24,0;24,0;;;0,06709479602075262;;3;adam;normalizer
61;2024-05-10 12:47:57.213656;0,534375011920929;;leaky_relu;;;256;;81,0;True;normalizer;0,4733435912528175;2631;17786;5269;vanilla;0,3402032666543614;28;6,0;26,0;22,0;;0,038392866767670605;False;4;sgd;minmax
62;2024-05-10 12:48:31.972936;0,532031238079071;;leaky_relu;;;256;;80,0;True;normalizer;0,6430742508016648;2631;17786;5269;vanilla;0,24827351953787605;30;7,0;27,0;21,0;;0,03873561304981146;False;4;sgd;minmax
63;2024-05-10 12:49:11.356777;0,5302734375;;leaky_relu;;;256;;25,0;True;normalizer;0,44816565150226934;2631;17786;5269;vanilla;0,3815705907313258;27;5,0;28,0;16,0;;0,03437776297410134;False;4;sgd;minmax
64;2024-05-10 12:49:59.079318;0,533007800579071;;leaky_relu;;;256;;79,0;True;normalizer;0,2562295031124748;2631;17786;5269;vanilla;0,7229549157474668;24;3,0;26,0;24,0;19,0;0,05186226182306665;False;5;sgd;minmax
65;2024-05-10 12:50:40.066503;0,529492199420929;;leaky_relu;;;256;;89,0;True;normalizer;0,26812917053059354;2631;17786;5269;vanilla;0,7794552678231204;19;3,0;26,0;24,0;;0,05176725271406942;False;4;sgd;minmax
66;2024-05-10 12:51:47.173202;0,527148425579071;;relu;;;512;;96,0;True;normalizer;0,5703545238040139;2631;17786;5269;vanilla;0,551808220835247;25;4,0;13,0;26,0;20,0;;False;5;sgd;minmax
67;2024-05-10 12:52:15.760172;0,521679699420929;;leaky_relu;;;256;;80,0;True;normalizer;0,34554685283382597;2631;17786;5269;vanilla;0,662501828154202;21;6,0;24,0;23,0;16,0;0,04563541418649218;False;5;sgd;maxabs
68;2024-05-10 12:52:56.016675;0,53125;;leaky_relu;;;256;0,5813684169902695;85,0;True;normalizer;0,21642968194055598;2631;17786;5269;dropout;0,3748472459170452;23;3,0;29,0;21,0;;0,0511705571256642;True;4;sgd;minmax
69;2024-05-10 12:54:06.369026;0,5253430008888245;;selu;;;64;;64,0;True;normalizer;0,39608156217495855;2631;17786;5269;vanilla;0,760711280331249;26;5,0;27,0;;;;False;3;sgd;minmax
70;2024-05-10 12:55:31.493377;0,4597264528274536;;leaky_relu;;;8;;;False;;0,303408546024473;2631;17786;5269;batchnorm;0,4873709721983114;24;8,0;25,0;29,0;9,0;0,03902551295575475;False;5;sgd;minmax
71;2024-05-10 13:08:20.293215;0,5322265625;;leaky_relu;;;256;;74,0;True;normalizer;0,7610691858588735;2631;17786;5269;vanilla;0,2616395828187589;29;7,0;23,0;22,0;19,0;0,046466451532007985;False;5;sgd;minmax
72;2024-05-10 13:09:05.094744;0,530468761920929;;leaky_relu;;;256;;79,0;True;normalizer;0,5622876464400342;2631;17786;5269;vanilla;0,1767920361034001;28;11,0;26,0;19,0;28,0;0,041046565135121046;False;5;sgd;minmax
73;2024-05-10 13:09:46.020293;0,530468761920929;;leaky_relu;;;256;;76,0;True;normalizer;0,47092251202292607;2631;17786;5269;vanilla;0,21589352427873146;27;6,0;6,0;12,0;23,0;0,03463538807412388;False;5;sgd;minmax
74;2024-05-10 13:10:25.249750;0,251953125;;leaky_relu;;;256;;10,0;True;minmax;0,8785096781837244;2631;17786;5269;vanilla;0,3180237079950386;30;9,0;25,0;25,0;;0,04571599958671227;False;4;sgd;minmax
75;2024-05-10 13:10:59.631812;0,529296875;;leaky_relu;;;256;;71,0;True;normalizer;0,6837288918652056;2631;17786;5269;vanilla;0,13452776732481334;25;7,0;28,0;16,0;16,0;0,03920536552156714;False;5;sgd;minmax
76;2024-05-10 13:11:41.143825;0,2520896792411804;;leaky_relu;;;16;;10,0;True;maxabs;0,9873306356983217;2631;17786;5269;vanilla;0,41028767775947256;28;5,0;27,0;23,0;;0,005201154093147926;False;4;sgd;minmax
77;2024-05-10 13:14:45.651480;0,4596036672592163;;leaky_relu;0,7253793605856068;0,7288692708958284;32;;87,0;True;normalizer;0,4478538290425425;2631;17786;5269;vanilla;;24;8,0;21,0;20,0;28,0;0,029783492394202776;;5;adam;normalizer
78;2024-05-10 13:17:42.236112;0,5295350551605225;;leaky_relu;;;128;;82,0;True;normalizer;0,5572105017693523;2631;17786;5269;vanilla;0,16870325140171968;26;4,0;24,0;;;0,036522943883268;False;3;sgd;maxabs
79;2024-05-10 13:18:36.001958;0,5306640863418579;;relu;;;256;;67,0;True;normalizer;0,7655481710140168;2631;17786;5269;vanilla;0,544484965393807;29;9,0;26,0;26,0;14,0;;False;5;sgd;minmax
80;2024-05-10 13:19:14.794777;0,5248047113418579;;selu;;;256;0,3330216374688116;;False;;0,2711131974494706;2631;17786;5269;dropout;0,23347602150078606;16;6,0;16,0;;;;False;3;sgd;minmax
81;2024-05-10 13:19:51.264547;0,5296875238418579;;leaky_relu;;;256;;74,0;True;normalizer;0,6546588054664253;2631;17786;5269;vanilla;0,27070465478451866;27;7,0;23,0;22,0;19,0;0,045922242175053744;False;5;sgd;minmax
82;2024-05-10 13:20:36.135713;0,531054675579071;;leaky_relu;;;256;;75,0;True;normalizer;0,8337599025558224;2631;17786;5269;vanilla;0,3105781220801678;29;8,0;22,0;22,0;22,0;0,04951298882983775;False;5;sgd;minmax
83;2024-05-10 13:21:19.587189;0,525390625;;leaky_relu;;;256;;90,0;True;normalizer;0,3664992928348215;2631;17786;5269;vanilla;0,24203269011766657;30;10,0;23,0;24,0;20,0;0,04033191180059907;False;5;sgd;minmax
84;2024-05-10 13:22:02.283339;0,5302734375;;leaky_relu;;;256;;84,0;True;normalizer;0,7649071953607551;2631;17786;5269;vanilla;0,12435625598649316;28;5,0;25,0;21,0;24,0;0,053767677417175516;False;5;sgd;minmax
85;2024-05-10 13:22:40.512901;0,5316406488418579;;leaky_relu;;;512;;48,0;True;normalizer;0,4833637381501052;2631;17786;5269;vanilla;0,19010226625037327;29;3,0;19,0;19,0;;0,04783551398703762;True;4;sgd;minmax
86;2024-05-10 13:23:10.946026;0,5224847793579102;;leaky_relu;;;128;;72,0;True;normalizer;0,6153271017854386;2631;17786;5269;batchnorm;0,3510657435294567;22;7,0;28,0;15,0;;0,04156719459394742;False;4;sgd;minmax
87;2024-05-10 13:24:12.932119;0,533203125;;leaky_relu;;;256;;60,0;True;normalizer;0,3347002603713111;2631;17786;5269;vanilla;0,43196116773035603;25;6,0;24,0;9,0;14,0;0,010958394179662271;False;5;sgd;minmax
88;2024-05-10 13:24:58.553187;0,4619140625;;leaky_relu;0,30423140997002773;0,2638760631145505;256;;7,0;True;minmax;0,3982867933034232;2631;17786;5269;vanilla;;25;4,0;26,0;9,0;14,0;0,00985365954018107;;5;adam;minmax
89;2024-05-10 13:25:46.436586;0,5302972793579102;;leaky_relu;;;64;;55,0;True;normalizer;0,309282074487712;2631;17786;5269;vanilla;0,553153022511577;23;6,0;27,0;10,0;;0,002138122991576688;False;4;sgd;minmax
90;2024-05-10 13:27:15.901466;0,251953125;;leaky_relu;;;256;;8,0;True;maxabs;0,19472802323623217;2631;17786;5269;vanilla;0,4573634606533943;27;9,0;29,0;7,0;;0,014766731168970326;False;4;sgd;normalizer
91;2024-05-10 13:27:51.416298;0,524218738079071;;leaky_relu;;;256;;78,0;True;normalizer;0,24199361376364711;2631;17786;5269;vanilla;0,2831077943093523;26;7,0;25,0;3,0;11,0;0,00701906011725429;False;5;sgd;minmax
92;2024-05-10 13:28:39.559519;0,533398449420929;;leaky_relu;;;256;;60,0;True;normalizer;0,5288575564346139;2631;17786;5269;vanilla;0,4204230524743106;28;6,0;23,0;23,0;18,0;0,021931290438391447;False;5;sgd;minmax
93;2024-05-10 13:29:11.535316;0,530078113079071;;leaky_relu;;;256;;61,0;True;normalizer;0,5312871390801617;2631;17786;5269;vanilla;0,4004730220025532;24;5,0;24,0;7,0;17,0;0,023875352363050106;False;5;sgd;minmax
94;2024-05-10 13:29:49.001520;0,530468761920929;;leaky_relu;;;256;;58,0;True;normalizer;0,39901695175024887;2631;17786;5269;vanilla;0,7491860946749492;27;8,0;22,0;25,0;12,0;0,011558859039686816;False;5;sgd;minmax
95;2024-05-10 13:30:27.643726;0,5288753509521484;;leaky_relu;;;8;;53,0;True;normalizer;0,33062878292062886;2631;17786;5269;vanilla;0,44651920958012675;7;6,0;26,0;23,0;15,0;0,019014530815222135;False;5;sgd;minmax
96;2024-05-10 13:37:39.856253;0,4619140625;;leaky_relu;;;256;;81,0;True;normalizer;0,6557412925513405;2631;17786;5269;vanilla;0,3371992838934523;28;4,0;25,0;24,0;4,0;0,021210500898701502;False;5;sgd;minmax
97;2024-05-10 13:38:15.293938;0,5304877758026123;;leaky_relu;;;128;;37,0;True;normalizer;0,498484358791422;2631;17786;5269;vanilla;0,6077418162612885;22;30,0;21,0;21,0;21,0;0,014364186565102192;False;5;sgd;maxabs
98;2024-05-10 13:39:17.525786;0,524609386920929;;relu;;;256;;;False;;0,44955352050425035;2631;17786;5269;vanilla;0,5209208355586857;25;17,0;24,0;27,0;;;False;4;sgd;minmax
99;2024-05-10 13:39:54.092806;0,4597264528274536;;selu;;;16;0,5441709584290503;87,0;True;normalizer;0,8729013280473443;2631;17786;5269;dropout;0,8650172408479622;26;;;;;;True;1;sgd;minmax
100;2024-05-10 13:44:23.127356;0,5245807766914368;;leaky_relu;;;32;;83,0;True;normalizer;0,5916470733333169;2631;17786;5269;batchnorm;0,2174924968494612;28;5,0;29,0;;;0,03170295193980948;False;3;sgd;minmax
101;2024-05-10 13:47:33.157811;0,532031238079071;;leaky_relu;;;256;;67,0;True;normalizer;0,7343081579538359;2631;17786;5269;vanilla;0,27564849103609157;29;7,0;24,0;22,0;19,0;0,026696963088679068;False;5;sgd;minmax
102;2024-05-10 13:48:14.760912;0,5208984613418579;;leaky_relu;;;256;;76,0;True;normalizer;0,4285507057969193;2631;17786;5269;vanilla;0,39132560280422585;30;6,0;23,0;22,0;18,0;0,03625670489190361;False;5;sgd;minmax
103;2024-05-10 13:48:57.292253;0,5337890386581421;;leaky_relu;;;256;;79,0;True;normalizer;0,8616125022407694;2631;17786;5269;vanilla;0,1551382760990868;27;7,0;27,0;23,0;18,0;0,04316148891026257;False;5;sgd;minmax
104;2024-05-10 13:49:36.971514;0,529296875;;leaky_relu;;;256;;81,0;True;normalizer;0,8761800756552226;2631;17786;5269;vanilla;0,14938580606129254;27;20,0;27,0;24,0;15,0;0,04278713378580734;False;5;sgd;minmax
105;2024-05-10 13:50:22.761354;0,5279296636581421;;leaky_relu;;;256;;78,0;True;normalizer;0,5839790400292053;2631;17786;5269;vanilla;0,1930699939076022;26;8,0;26,0;23,0;18,0;0,07692669666447761;False;5;sgd;minmax
106;2024-05-10 13:51:11.542099;0,529492199420929;;leaky_relu;;;256;;60,0;True;normalizer;0,36251759192963695;2631;17786;5269;vanilla;0,11032689918482853;25;6,0;;;;0,03359501534616454;False;2;sgd;minmax
107;2024-05-10 13:51:44.888737;0,4619140625;;leaky_relu;0,48256894787414806;0,22124252883021622;256;;85,0;True;normalizer;0,2966384839077486;2631;17786;5269;vanilla;;28;10,0;28,0;25,0;;0,029389647578631828;;4;adam;minmax
108;2024-05-10 13:52:29.457014;0,251953125;;leaky_relu;;;512;;9,0;True;minmax;0,5233531296936202;2631;17786;5269;vanilla;0,3019678189108982;24;3,0;27,0;20,0;21,0;0,036794725786606;False;5;sgd;minmax
109;2024-05-10 13:52:56.310728;0,5306640863418579;;leaky_relu;;;256;;70,0;True;normalizer;0,6576479045391249;2631;17786;5269;vanilla;0,16867075558878422;27;12,0;25,0;6,0;13,0;0,04443566781565607;False;5;sgd;minmax
110;2024-05-10 13:53:42.385612;0,251953125;;leaky_relu;;;256;;9,0;True;maxabs;0,4261717437266601;2631;17786;5269;vanilla;0,6634593811466863;20;4,0;26,0;26,0;;0,056996824284201816;False;4;sgd;minmax
111;2024-05-10 13:54:17.386845;0,532031238079071;;leaky_relu;;;256;;74,0;True;normalizer;0,7268274973735924;2631;17786;5269;vanilla;0,23447568649307024;29;7,0;23,0;23,0;19,0;0,04633291153668239;False;5;sgd;minmax
112;2024-05-10 13:55:02.097163;0,5326172113418579;;leaky_relu;;;256;;79,0;True;normalizer;0,9819683631435281;2631;17786;5269;vanilla;0,3335400030912572;29;5,0;25,0;22,0;17,0;0,04230286031116907;False;5;sgd;minmax
113;2024-05-10 13:56:11.284078;0,518359363079071;;leaky_relu;;;256;;78,0;True;normalizer;0,869768283757865;2631;17786;5269;vanilla;0,3649685659349978;30;5,0;25,0;23,0;17,0;0,040533425399718194;False;5;sgd;minmax
114;2024-05-10 13:56:52.847694;0,5295350551605225;;leaky_relu;;;128;;80,0;True;normalizer;0,9534441451146594;2631;17786;5269;vanilla;0,47296474444187153;28;5,0;26,0;21,0;16,0;0,0432982735780658;False;5;sgd;minmax
115;2024-05-10 13:57:49.435762;0,4619140625;;leaky_relu;;;256;;91,0;True;normalizer;0,983713435876456;2631;17786;5269;vanilla;0,33901001146532733;26;6,0;24,0;;;0,0483723368490543;False;3;sgd;normalizer
116;2024-05-10 13:58:23.572195;0,5291539430618286;;leaky_relu;;;64;;83,0;True;normalizer;0,4941321406822098;2631;17786;5269;vanilla;0,43805452884766505;28;3,0;30,0;13,0;15,0;0,03852460048670956;False;5;sgd;minmax
117;2024-05-10 13:59:54.117678;0,526171863079071;;leaky_relu;;;256;;;False;;0,647684165165343;2631;17786;5269;vanilla;0,22034759822289293;27;5,0;28,0;24,0;29,0;0,03513731490299259;False;5;sgd;maxabs
118;2024-05-10 14:00:44.891582;0,5326172113418579;;relu;;;256;;86,0;True;normalizer;0,8121204445159231;2631;17786;5269;vanilla;0,27109705012601776;30;9,0;27,0;25,0;20,0;;True;5;sgd;minmax
119;2024-05-10 14:01:26.680764;0,5283203125;;relu;;;256;;86,0;True;normalizer;0,34234938693604056;2631;17786;5269;vanilla;0,2936192386548021;30;9,0;27,0;25,0;;;True;4;sgd;minmax
120;2024-05-10 14:02:05.718894;0,4597264528274536;;relu;;;8;0,20404849537396488;88,0;True;normalizer;0,7794676971104594;2631;17786;5269;dropout;0,4009159472885017;29;4,0;27,0;22,0;22,0;;True;5;sgd;minmax
121;2024-05-10 14:12:14.614821;0,5306640863418579;;relu;;;256;;79,0;True;normalizer;0,5696090098995418;2631;17786;5269;vanilla;0,266517658019157;30;8,0;26,0;24,0;20,0;;True;5;sgd;minmax
122;2024-05-10 14:12:58.635734;0,5316406488418579;;relu;;;256;;83,0;True;normalizer;0,7153964866761416;2631;17786;5269;vanilla;0,19492181257817676;29;7,0;25,0;20,0;18,0;;True;5;sgd;minmax
123;2024-05-10 14:13:53.739717;0,532421886920929;;relu;;;256;;76,0;True;normalizer;0,8177050808215656;2631;17786;5269;vanilla;0,33534891283876583;28;6,0;28,0;17,0;10,0;;True;5;sgd;minmax
124;2024-05-10 14:14:40.304590;0,4619140625;;relu;;;256;;76,0;True;normalizer;0,8275715089278725;2631;17786;5269;vanilla;0,3525691147853874;28;6,0;28,0;21,0;8,0;;True;5;sgd;minmax
125;2024-05-10 14:15:17.144109;0,5341796875;;relu;;;256;;81,0;True;normalizer;0,6127837535809467;2631;17786;5269;vanilla;0,5148380383363222;27;6,0;29,0;19,0;10,0;;True;5;sgd;minmax
126;2024-05-10 14:16:07.120859;0,532421886920929;;relu;;;256;;65,0;True;normalizer;0,49053936634450457;2631;17786;5269;vanilla;0,4803032259971172;27;7,0;30,0;19,0;6,0;;True;5;sgd;minmax
127;2024-05-10 14:16:47.450803;0,4619140625;;relu;;;256;;95,0;True;normalizer;0,9928731571422456;2631;17786;5269;vanilla;0,3260281920680892;27;5,0;29,0;18,0;10,0;;True;5;sgd;minmax
128;2024-05-10 14:17:23.040352;0,4619140625;;relu;0,033623779326593106;0,03952016419156795;256;;81,0;True;normalizer;0,25050852774611737;2631;17786;5269;batchnorm;;26;8,0;28,0;15,0;8,0;;;5;adam;minmax
129;2024-05-10 14:18:11.234433;0,529492199420929;;relu;;;256;;85,0;True;normalizer;0,4130653712015792;2631;17786;5269;vanilla;0,24576568395381543;29;15,0;27,0;17,0;10,0;;True;5;sgd;minmax
130;2024-05-10 14:18:54.894017;0,532031238079071;;relu;;;256;;77,0;True;normalizer;0,5492606749460919;2631;17786;5269;vanilla;0,39081932744660597;28;6,0;29,0;17,0;20,0;;True;5;sgd;minmax
131;2024-05-10 14:19:41.419519;0,521289050579071;;relu;;;256;;51,0;True;normalizer;0,4875899536960308;2631;17786;5269;vanilla;0,4711781433830904;14;7,0;30,0;19,0;6,0;;True;5;sgd;minmax
132;2024-05-10 14:20:23.200763;0,4619140625;;relu;;;256;;64,0;True;normalizer;0,6204647132560268;2631;17786;5269;vanilla;0,5212365788791571;27;8,0;30,0;23,0;5,0;;True;5;sgd;minmax
133;2024-05-10 14:20:59.104489;0,5326172113418579;;relu;;;256;;57,0;True;normalizer;0,37941606715502885;2631;17786;5269;vanilla;0,30761837423050226;27;7,0;29,0;19,0;6,0;;True;5;sgd;minmax
134;2024-05-10 14:21:41.277622;0,5357421636581421;;relu;;;256;;56,0;True;normalizer;0,3183844615550322;2631;17786;5269;vanilla;0,29411920651224965;28;6,0;28,0;22,0;22,0;;True;5;sgd;minmax
135;2024-05-10 14:22:31.918262;0,3941406309604645;;relu;;;256;;8,0;True;minmax;0,29994208567348557;2631;17786;5269;vanilla;0,29069035014903033;29;7,0;26,0;22,0;22,0;;True;5;sgd;minmax
136;2024-05-10 14:23:37.404734;0,5315349698066711;;relu;;;16;;59,0;True;normalizer;0,34992692726048;2631;17786;5269;vanilla;0,2336159063014319;26;9,0;27,0;21,0;21,0;;True;5;sgd;minmax
137;2024-05-10 14:26:45.470408;0,5295350551605225;;relu;;;32;;56,0;True;normalizer;0,26384832873169806;2631;17786;5269;vanilla;0,5953549044764939;28;5,0;29,0;23,0;24,0;;True;5;sgd;minmax
138;2024-05-10 14:29:31.439415;0,251953125;;selu;;;256;;2,0;True;maxabs;0,4035418067072783;2631;17786;5269;vanilla;0,4258541925466208;30;4,0;28,0;22,0;;;True;4;sgd;normalizer
139;2024-05-10 14:30:07.593255;0,5283203125;;relu;;;256;;;False;;0,23730463104880464;2631;17786;5269;vanilla;0,14533786012856997;25;7,0;11,0;24,0;19,0;;True;5;sgd;minmax
140;2024-05-10 14:30:58.832728;0,5302734375;;relu;;;256;;50,0;True;normalizer;0,32108145835281865;2631;17786;5269;vanilla;0,09556481943798276;27;6,0;26,0;20,0;17,0;;True;5;sgd;minmax
141;2024-05-10 14:31:53.560999;0,5318359136581421;;relu;;;256;;57,0;True;normalizer;0,6948206054674785;2631;17786;5269;vanilla;0,3435575030911602;28;6,0;28,0;21,0;23,0;;True;5;sgd;minmax
142;2024-05-10 14:32:39.118712;0,5345703363418579;;relu;;;256;;52,0;True;normalizer;0,4571462162867565;2631;17786;5269;vanilla;0,2972305573505343;29;5,0;27,0;23,0;7,0;;True;5;sgd;minmax
143;2024-05-10 14:33:34.589492;0,5267578363418579;;relu;;;256;;54,0;True;normalizer;0,44634703806922876;2631;17786;5269;vanilla;0,26513356100733415;29;5,0;27,0;22,0;6,0;;True;5;sgd;minmax
144;2024-05-10 14:34:42.514768;0,5298827886581421;;relu;;;256;;46,0;True;normalizer;0,3972581087865747;2631;17786;5269;vanilla;0,2980815454018875;29;4,0;29,0;25,0;3,0;;True;5;sgd;minmax
145;2024-05-10 14:35:51.260476;0,5269531011581421;;relu;;;256;;62,0;True;normalizer;0,3656841043595876;2631;17786;5269;vanilla;0,17795345873167195;27;8,0;27,0;23,0;18,0;;True;5;sgd;minmax
146;2024-05-10 14:36:34.716988;0,4619140625;;relu;;;256;;43,0;True;normalizer;0,5307735199656531;2631;17786;5269;vanilla;0,20294330981007067;30;5,0;26,0;24,0;7,0;;False;5;sgd;maxabs
147;2024-05-10 14:37:11.838874;0,4619140625;;leaky_relu;;;256;;53,0;True;normalizer;0,2847551052797125;2631;17786;5269;vanilla;0,0739154884450396;29;3,0;25,0;20,0;;0,021677456510143127;False;4;sgd;minmax
148;2024-05-10 14:37:46.491809;0,5316406488418579;;leaky_relu;;;512;0,369173901487648;49,0;True;normalizer;0,1638521817668114;2631;17786;5269;dropout;0,3862656797751483;28;7,0;28,0;22,0;20,0;0,032482373831156125;False;5;sgd;minmax
149;2024-05-10 14:38:54.508038;0,4619140625;;selu;0,20455527275821467;0,35508289660267833;256;;44,0;True;normalizer;0,5988456640711838;2631;17786;5269;vanilla;;26;6,0;27,0;26,0;;;;4;adam;minmax
150;2024-05-10 14:40:04.810762;0,5253430008888245;;leaky_relu;;;64;;82,0;True;normalizer;0,4486436665080277;2631;17786;5269;batchnorm;0,12531114769735055;29;5,0;26,0;23,0;18,0;0,016994325669323754;True;5;sgd;minmax
151;2024-05-10 14:42:03.005279;0,532031238079071;;relu;;;256;;79,0;True;normalizer;0,8421735183171837;2631;17786;5269;vanilla;0,32393820088530434;28;6,0;29,0;24,0;9,0;;True;5;sgd;minmax
152;2024-05-10 14:42:39.978345;0,5298827886581421;;relu;;;256;;80,0;True;normalizer;0,7525655913609712;2631;17786;5269;vanilla;0,2697949412521066;28;6,0;28,0;23,0;12,0;;True;5;sgd;minmax
153;2024-05-10 14:43:10.829884;0,533398449420929;;relu;;;256;;84,0;True;normalizer;0,6359076264517847;2631;17786;5269;vanilla;0,2348446476830832;27;19,0;28,0;21,0;13,0;;True;5;sgd;minmax
154;2024-05-10 14:44:01.243647;0,531445324420929;;relu;;;256;;84,0;True;normalizer;0,5064236177353327;2631;17786;5269;vanilla;0,2178300432039017;27;19,0;25,0;22,0;13,0;;True;5;sgd;minmax
155;2024-05-10 14:44:54.730593;0,533203125;;relu;;;256;;86,0;True;normalizer;0,6036701393679119;2631;17786;5269;vanilla;0,16000612256923616;25;22,0;27,0;21,0;16,0;;False;5;sgd;minmax
156;2024-05-10 14:45:51.848804;0,5316406488418579;;leaky_relu;;;256;;89,0;True;normalizer;0,6413748673833047;2631;17786;5269;vanilla;0,15177805082258738;25;22,0;27,0;21,0;16,0;0,03818020705667722;False;5;sgd;minmax
157;2024-05-10 14:46:45.851706;0,524218738079071;;relu;;;256;;85,0;True;normalizer;0,5496141503054851;2631;17786;5269;vanilla;0,18170553467158282;23;22,0;26,0;21,0;15,0;;False;5;sgd;minmax
158;2024-05-10 14:47:34.071639;0,4597264528274536;;leaky_relu;;;8;;87,0;True;normalizer;0,664845018347367;2631;17786;5269;vanilla;0,2471943491936407;25;23,0;25,0;23,0;14,0;0,004511361882265672;False;5;sgd;minmax
159;2024-05-10 14:53:38.874272;0,36835938692092896;;leaky_relu;;;256;;5,0;True;minmax;0,19973893175182902;2631;17786;5269;vanilla;0,16267796127983397;26;24,0;24,0;22,0;;0,029072817276980592;False;4;sgd;minmax
160;2024-05-10 14:54:37.023738;0,533007800579071;;relu;;;256;;92,0;True;normalizer;0,4608500129902363;2631;17786;5269;vanilla;0,2071517694666012;24;21,0;27,0;24,0;13,0;;False;5;sgd;minmax
161;2024-05-10 14:55:42.018887;0,5302734375;;relu;;;256;;100,0;True;normalizer;0,44528146822990394;2631;17786;5269;vanilla;0,13019281156722254;24;20,0;27,0;24,0;13,0;;False;5;sgd;minmax
162;2024-05-10 14:56:50.237287;0,5326172113418579;;relu;;;256;;91,0;True;normalizer;0,5944206527352334;2631;17786;5269;vanilla;0,19703393684398243;23;18,0;26,0;24,0;11,0;;False;5;sgd;minmax
163;2024-05-10 14:58:00.806953;0,5335937738418579;;relu;;;256;;93,0;True;normalizer;0,3313858566237824;2631;17786;5269;vanilla;0,22826088782713244;18;21,0;27,0;22,0;16,0;;False;5;sgd;minmax
164;2024-05-10 14:58:55.829044;0,5306640863418579;;relu;;;256;;82,0;True;normalizer;0,32469534261907884;2631;17786;5269;vanilla;0,22265621944543396;21;22,0;27,0;22,0;17,0;;False;5;sgd;minmax
165;2024-05-10 14:59:48.219498;0,525390625;;relu;;;256;;93,0;True;normalizer;0,4796608276653419;2631;17786;5269;vanilla;0,16422725583278605;17;21,0;28,0;23,0;16,0;;False;5;sgd;minmax
166;2024-05-10 15:00:47.686932;0,5328124761581421;;leaky_relu;;;256;;98,0;True;normalizer;0,3688623091425548;2631;17786;5269;vanilla;0,050202402660190666;11;21,0;26,0;21,0;15,0;0,041270963904417174;False;5;sgd;minmax
167;2024-05-10 15:02:02.581411;0,533203125;;leaky_relu;;;256;;;False;;0,3562032988092366;2631;17786;5269;vanilla;0,0624739078669159;12;21,0;26,0;20,0;15,0;0,02673135264419632;False;5;sgd;minmax
168;2024-05-10 15:03:11.713763;0,4596036672592163;;leaky_relu;;;32;;;False;;0,436395938044784;2631;17786;5269;vanilla;0,1054979305436274;9;21,0;17,0;20,0;14,0;0,025569295205311558;False;5;sgd;normalizer
169;2024-05-10 15:04:49.309545;0,5287109613418579;;relu;;;256;;;False;;0,22131144785893953;2631;17786;5269;vanilla;0,1520902485212205;18;19,0;28,0;21,0;14,0;;False;5;sgd;minmax
170;2024-05-10 15:05:43.060225;0,5321048498153687;;leaky_relu;;;16;;;False;;0,2991744087985107;2631;17786;5269;vanilla;0,13600656674603417;18;23,0;26,0;20,0;;0,021907811792535144;False;4;sgd;minmax
171;2024-05-10 15:08:48.441738;0,529296875;;leaky_relu;;;256;;;False;;0,341004792472858;2631;17786;5269;vanilla;0,05460569695335116;10;21,0;27,0;21,0;15,0;0,031640555469618886;False;5;sgd;minmax
172;2024-05-10 15:09:33.216348;0,5308593511581421;;leaky_relu;;;256;;;False;;0,37280571517084865;2631;17786;5269;vanilla;0,0685193462553665;13;21,0;26,0;22,0;12,0;0,03614626093874939;False;5;sgd;minmax
173;2024-05-10 15:10:22.320061;0,5230468511581421;;leaky_relu;;;256;;97,0;True;normalizer;0,38891388895698004;2631;17786;5269;vanilla;0,04713243939749025;13;20,0;27,0;23,0;13,0;0,02805557642749698;False;5;sgd;minmax
174;2024-05-10 15:11:02.280166;0,251953125;;leaky_relu;;;256;;9,0;True;maxabs;0,1293138763319169;2631;17786;5269;vanilla;0,08120398385247801;12;23,0;26,0;21,0;15,0;0,025578280206618082;False;5;sgd;minmax
175;2024-05-10 15:11:39.491743;0,5318359136581421;;leaky_relu;;;256;;96,0;True;normalizer;0,2640543826325742;2631;17786;5269;vanilla;0,0606560664206621;15;22,0;28,0;22,0;16,0;0,03352567029313393;False;5;sgd;minmax
176;2024-05-10 15:12:24.554138;0,532421886920929;;leaky_relu;;;256;;98,0;True;normalizer;0,5119280763717399;2631;17786;5269;vanilla;0,11773113125532378;10;21,0;26,0;20,0;11,0;0,019029987715484732;False;5;sgd;maxabs
177;2024-05-10 15:13:10.866184;0,5341796875;;relu;;;256;;93,0;True;normalizer;0,33124096560240474;2631;17786;5269;vanilla;0,0320848415146615;11;25,0;27,0;23,0;13,0;;False;5;sgd;minmax
178;2024-05-10 15:14:06.574745;0,4619140625;;relu;0,5887273112711056;0,16596510063792547;256;;;False;;0,31524859456824456;2631;17786;5269;vanilla;;6;26,0;27,0;23,0;13,0;;;5;adam;minmax
179;2024-05-10 15:14:45.747696;0,4619140625;;relu;;;256;0,4063436741902452;93,0;True;normalizer;0,024748521139126217;2631;17786;5269;dropout;0,027346493040383606;11;24,0;6,0;23,0;19,0;;False;5;sgd;minmax
180;2024-05-10 15:15:24.490457;0,533007800579071;;relu;;;512;;88,0;True;normalizer;0,4245622481561508;2631;17786;5269;vanilla;0,041575829089402036;11;19,0;29,0;5,0;;;False;4;sgd;minmax
181;2024-05-10 15:15:56.624256;0,5302734375;;relu;;;256;;89,0;True;normalizer;0,40965595571729213;2631;17786;5269;vanilla;0,03904105455095301;12;19,0;29,0;24,0;;;False;4;sgd;minmax
182;2024-05-10 15:16:35.271908;0,5318359136581421;;relu;;;512;;91,0;True;normalizer;0,47962797074959596;2631;17786;5269;vanilla;0,03696873034262303;11;18,0;28,0;5,0;;;False;4;sgd;minmax
183;2024-05-10 15:17:04.341887;0,5306640863418579;;relu;;;512;;94,0;True;normalizer;0,2824845827399089;2631;17786;5269;vanilla;0,02879658886103074;19;25,0;28,0;9,0;;;False;4;sgd;minmax
184;2024-05-10 15:17:38.227929;0,530468761920929;;relu;;;512;;26,0;True;normalizer;0,5409252725765539;2631;17786;5269;vanilla;0,42481843445757755;24;20,0;29,0;22,0;;;False;4;sgd;minmax
185;2024-05-10 15:18:12.392203;0,5341796875;;relu;;;512;;87,0;True;normalizer;0,34112299754329156;2631;17786;5269;vanilla;0,2409207163008442;9;18,0;27,0;5,0;;;False;4;sgd;minmax
186;2024-05-10 15:18:41.417297;0,482421875;;relu;;;256;;83,0;True;normalizer;0,23794227114971003;2631;17786;5269;batchnorm;0,08813464363067088;6;18,0;27,0;8,0;14,0;;False;5;sgd;minmax
187;2024-05-10 15:19:24.931861;0,5361328125;;relu;;;256;;86,0;True;normalizer;0,35060271048607716;2631;17786;5269;vanilla;0,23058918330315648;8;16,0;15,0;11,0;12,0;;False;5;sgd;minmax
188;2024-05-10 15:20:16.400731;0,53125;;relu;;;64;;86,0;True;normalizer;0,33319746607435674;2631;17786;5269;vanilla;0,2436556404712491;6;17,0;25,0;10,0;;;False;4;sgd;minmax
189;2024-05-10 15:21:58.988610;0,53125;;selu;;;256;;83,0;True;normalizer;0,2688005906752161;2631;17786;5269;vanilla;0,28334502417557006;9;29,0;16,0;3,0;11,0;;False;5;sgd;minmax
190;2024-05-10 15:22:43.398144;0,530078113079071;;relu;;;512;;81,0;True;normalizer;0,3484580812273234;2631;17786;5269;vanilla;0,1866937702800103;8;27,0;14,0;11,0;17,0;;False;5;sgd;minmax
191;2024-05-10 15:23:20.548512;0,5345703363418579;;relu;;;256;;92,0;True;normalizer;0,4043848621280744;2631;17786;5269;vanilla;0,2074440687905076;9;20,0;27,0;13,0;12,0;;False;5;sgd;minmax
192;2024-05-10 15:24:03.138470;0,5306640863418579;;relu;;;256;;89,0;True;normalizer;0,2951637994353462;2631;17786;5269;vanilla;0,23333642876755928;7;16,0;15,0;12,0;12,0;;False;5;sgd;minmax
193;2024-05-10 15:24:54.251403;0,5335937738418579;;relu;;;256;;84,0;True;normalizer;0,39693262952527913;2631;17786;5269;vanilla;0,1777017087312935;8;20,0;15,0;7,0;16,0;;False;5;sgd;minmax
194;2024-05-10 15:25:46.399938;0,532031238079071;;relu;;;256;;87,0;True;normalizer;0,08007014289654207;2631;17786;5269;vanilla;0,208838764210831;8;20,0;14,0;8,0;12,0;;False;5;sgd;minmax
195;2024-05-10 15:26:56.413308;0,5269531011581421;;relu;;;256;;84,0;True;normalizer;0,40342425711038266;2631;17786;5269;vanilla;0,17054990793104968;10;19,0;13,0;7,0;25,0;;False;5;sgd;minmax
196;2024-05-10 15:27:39.232941;0,5296875238418579;;relu;;;256;;90,0;True;normalizer;0,19463464707888933;2631;17786;5269;vanilla;0,2502942816734669;8;18,0;27,0;8,0;16,0;;False;5;sgd;minmax
197;2024-05-10 15:28:35.847700;0,3919921815395355;;relu;;;256;;6,0;True;minmax;0,5829474827452634;2631;17786;5269;vanilla;0,37136092009247124;9;13,0;15,0;13,0;9,0;;False;5;sgd;minmax
198;2024-05-10 15:29:37.971786;0,4597264528274536;;relu;;;8;;86,0;True;normalizer;0,36077059176319215;2631;17786;5269;vanilla;0,11386262778647654;7;20,0;15,0;6,0;14,0;;False;5;sgd;minmax
199;2024-05-10 15:35:42.116517;0,532031238079071;;relu;;;256;;52,0;True;normalizer;0,44868358024838284;2631;17786;5269;vanilla;0,18303210339861567;9;19,0;18,0;10,0;;;False;4;sgd;minmax
200;2024-05-10 15:36:22.680973;0,251953125;;relu;;;256;;9,0;True;maxabs;0,5193657501301268;2631;17786;5269;vanilla;0,2969868070555441;8;22,0;15,0;4,0;15,0;;False;5;sgd;normalizer
201;2024-05-10 15:36:57.646705;0,4619140625;;relu;;;256;;78,0;True;normalizer;0,3236573006134013;2631;17786;5269;vanilla;0,06576107370280129;7;15,0;26,0;6,0;18,0;;False;5;sgd;minmax
202;2024-05-10 15:37:33.797761;0,53515625;;relu;;;256;;80,0;True;normalizer;0,34983790557761457;2631;17786;5269;vanilla;0,08580579656602164;8;20,0;28,0;22,0;21,0;;False;5;sgd;minmax
203;2024-05-10 15:38:36.261995;0,5248047113418579;;relu;;;256;;81,0;True;normalizer;0,40971046530524113;2631;17786;5269;vanilla;0,09469894822814784;9;19,0;28,0;14,0;21,0;;False;5;sgd;minmax
204;2024-05-10 15:39:20.830440;0,5269531011581421;;relu;;;256;;84,0;True;normalizer;0,3615580237244706;2631;17786;5269;vanilla;0,07494525474951995;8;20,0;17,0;22,0;21,0;;False;5;sgd;minmax
205;2024-05-10 15:40:03.221545;0,5257812738418579;;relu;;;256;;55,0;True;normalizer;0,4742445610839512;2631;17786;5269;vanilla;0,0924485970472793;10;18,0;28,0;23,0;23,0;;False;5;sgd;minmax
206;2024-05-10 15:40:42.745589;0,5249999761581421;;relu;;;256;;60,0;True;normalizer;0,6357751288122122;2631;17786;5269;vanilla;0,14373656981285263;8;20,0;27,0;21,0;22,0;;False;5;sgd;minmax
207;2024-05-10 15:41:13.816856;0,528124988079071;;relu;;;256;;81,0;True;normalizer;0,29458544914084717;2631;17786;5269;vanilla;0,21866476582632688;7;21,0;28,0;11,0;13,0;;False;5;sgd;minmax
208;2024-05-10 15:41:48.714605;0,5305851101875305;;relu;;;16;;;False;;0,39347415825764437;2631;17786;5269;vanilla;0,07736703239568356;9;6,0;27,0;22,0;14,0;;False;5;sgd;minmax
209;2024-05-10 15:45:07.250506;0,528515636920929;;relu;;;256;;84,0;True;normalizer;0,5468857743286143;2631;17786;5269;vanilla;0,012904604268582033;15;20,0;16,0;9,0;16,0;;False;5;sgd;maxabs
210;2024-05-10 15:45:53.419557;0,4596036672592163;;relu;0,8524837589840458;0,7163927544626261;32;;77,0;True;normalizer;0,6953327768841882;2631;17786;5269;vanilla;;28;7,0;27,0;22,0;;;;4;adam;minmax
211;2024-05-10 15:48:57.799461;0,53125;;leaky_relu;;;256;;80,0;True;normalizer;0,23469380216482916;2631;17786;5269;vanilla;0,259225938041729;27;6,0;26,0;23,0;19,0;0,0012414290567757148;False;5;sgd;minmax
212;2024-05-10 15:49:40.013209;0,527148425579071;;leaky_relu;;;256;;82,0;True;normalizer;0,32685394806144713;2631;17786;5269;vanilla;0,5344069543966401;9;17,0;27,0;23,0;17,0;0,008875172531140042;False;5;sgd;minmax
213;2024-05-10 15:50:28.230141;0,530468761920929;;leaky_relu;;;256;;79,0;True;normalizer;0,276582926255362;2631;17786;5269;vanilla;0,7087138013944676;26;7,0;25,0;21,0;18,0;0,03066430294673026;False;5;sgd;minmax
214;2024-05-10 15:51:11.721333;0,527148425579071;;leaky_relu;;;256;;86,0;True;normalizer;0,17896848052825637;2631;17786;5269;vanilla;0,34187189766143605;16;19,0;26,0;22,0;16,0;0,014460892688726055;False;5;sgd;minmax
215;2024-05-10 15:52:06.267467;0,5322265625;;relu;;;256;;82,0;True;normalizer;0,4216489788113766;2631;17786;5269;vanilla;0,10688262863165111;28;6,0;28,0;11,0;11,0;;False;5;sgd;minmax
216;2024-05-10 15:52:50.381481;0,520703136920929;;leaky_relu;;;256;;95,0;True;normalizer;0,3587199944384331;2631;17786;5269;vanilla;0,8217362163378856;8;21,0;20,0;23,0;22,0;0,02700715446213755;False;5;sgd;minmax
217;2024-05-10 15:53:32.117046;0,5355468988418579;;relu;;;256;;77,0;True;normalizer;0,4937790149079302;2631;17786;5269;vanilla;0,19365670787702174;10;5,0;26,0;12,0;17,0;;False;5;sgd;minmax
218;2024-05-10 15:54:29.964177;0,532031238079071;;relu;;;256;0,2307751017203542;75,0;True;normalizer;0,47008829954901615;2631;17786;5269;dropout;0,19131993342606535;10;5,0;27,0;14,0;23,0;;False;5;sgd;minmax
219;2024-05-10 15:55:17.855125;0,5335937738418579;;relu;;;256;;77,0;True;normalizer;0,5874568570381372;2631;17786;5269;vanilla;0,16014699477922076;10;25,0;26,0;12,0;15,0;;False;5;sgd;minmax
220;2024-05-10 15:56:01.203827;0,532421886920929;;relu;;;256;;79,0;True;normalizer;0,5923799156415172;2631;17786;5269;vanilla;0,1619198129105156;10;25,0;14,0;12,0;10,0;;False;5;sgd;minmax
221;2024-05-10 15:56:38.666295;0,5269531011581421;;relu;;;256;;73,0;True;normalizer;0,5084571856162853;2631;17786;5269;vanilla;0,20375477510302253;10;25,0;26,0;12,0;15,0;;False;5;sgd;minmax
222;2024-05-10 15:57:18.468329;0,4619140625;;relu;;;256;;77,0;True;normalizer;0,003905598350845078;2631;17786;5269;vanilla;0,12726362009413242;9;6,0;27,0;13,0;17,0;;False;5;sgd;minmax
223;2024-05-10 15:57:53.918482;0,5335937738418579;;relu;;;256;;80,0;True;normalizer;0,7163467119847444;2631;17786;5269;vanilla;0,174048338045702;11;25,0;25,0;12,0;14,0;;False;5;sgd;minmax
224;2024-05-10 15:58:39.884819;0,5238281488418579;;relu;;;256;;80,0;True;normalizer;0,7102495093306102;2631;17786;5269;vanilla;0,14702949725299022;11;26,0;;;;;False;2;sgd;minmax
225;2024-05-10 15:59:13.575821;0,5306640863418579;;relu;;;256;;77,0;True;normalizer;0,6388188088418358;2631;17786;5269;vanilla;0,23024407460799187;9;26,0;25,0;11,0;14,0;;False;5;sgd;minmax
226;2024-05-10 16:00:00.700192;0,528124988079071;;relu;;;256;;83,0;True;normalizer;0,5561979876254726;2631;17786;5269;batchnorm;0,16879050046574778;27;24,0;25,0;12,0;13,0;;True;5;sgd;minmax
227;2024-05-10 16:00:43.149624;0,5341796875;;relu;;;512;;81,0;True;normalizer;0,695837710946885;2631;17786;5269;vanilla;0,18971776399198373;8;25,0;24,0;13,0;12,0;;False;5;sgd;minmax
228;2024-05-10 16:01:26.024496;0,5316406488418579;;relu;;;512;;81,0;True;normalizer;0,8018577424886452;2631;17786;5269;vanilla;0,1866678803599573;3;25,0;24,0;13,0;;;False;4;sgd;minmax
229;2024-05-10 16:01:56.937534;0,5224609375;;relu;;;512;;78,0;True;normalizer;0,7450895611395605;2631;17786;5269;vanilla;0,2668664241979994;8;25,0;12,0;13,0;12,0;;False;5;sgd;minmax
230;2024-05-10 16:02:33.070881;0,53125;;relu;;;512;;80,0;True;normalizer;0,45012336726131336;2631;17786;5269;vanilla;0,21395499720922034;7;27,0;24,0;12,0;12,0;;True;5;sgd;minmax
231;2024-05-10 16:03:19.406308;0,526562511920929;;relu;;;512;;84,0;True;normalizer;0,612204822929042;2631;17786;5269;vanilla;0,16497588572718155;10;24,0;24,0;10,0;13,0;;False;5;sgd;minmax
232;2024-05-10 16:03:50.228812;0,533203125;;relu;;;256;;82,0;True;normalizer;0,5036059583107515;2631;17786;5269;vanilla;0,12806406583082783;8;26,0;26,0;12,0;16,0;;False;5;sgd;minmax
233;2024-05-10 16:04:42.099073;0,533203125;;relu;;;256;;85,0;True;normalizer;0,698112393927896;2631;17786;5269;vanilla;0,18869801132542863;28;25,0;3,0;13,0;11,0;;False;5;sgd;minmax
234;2024-05-10 16:05:21.864292;0,5267578363418579;;relu;;;512;;88,0;True;normalizer;0,5668983979321508;2631;17786;5269;vanilla;0,29878842435002523;9;5,0;25,0;14,0;14,0;;False;5;sgd;minmax
235;2024-05-10 16:06:09.570031;0,5291539430618286;;relu;;;128;;91,0;True;normalizer;0,44369909818207537;2631;17786;5269;vanilla;0,23858087153145097;11;24,0;26,0;11,0;15,0;;False;5;sgd;minmax
236;2024-05-10 16:07:09.896697;0,5277343988418579;;relu;;;256;;79,0;True;normalizer;0,6321058729502438;2631;17786;5269;vanilla;0,1568264146284643;20;26,0;28,0;12,0;13,0;;False;5;sgd;minmax
237;2024-05-10 16:07:51.885172;0,53125;;relu;;;64;;76,0;True;normalizer;0,8711518043855451;2631;17786;5269;vanilla;0,2072420107611252;28;5,0;27,0;22,0;;;False;4;sgd;minmax
238;2024-05-10 16:09:34.933786;0,5337890386581421;;selu;;;256;;82,0;True;normalizer;0,527403328789035;2631;17786;5269;vanilla;0,13882248467403902;27;6,0;25,0;23,0;7,0;;False;5;sgd;minmax
239;2024-05-10 16:10:12.645021;0,532421886920929;;selu;;;256;;82,0;True;normalizer;0,3949237897297738;2631;17786;5269;vanilla;0,1342696484497818;27;6,0;25,0;23,0;7,0;;False;5;sgd;minmax
240;2024-05-10 16:10:48.893441;0,5335937738418579;;selu;;;256;;80,0;True;normalizer;0,1210783099031881;2631;17786;5269;vanilla;0,3815193078545939;27;7,0;23,0;23,0;7,0;;True;5;sgd;minmax
241;2024-05-10 16:11:27.640948;0,5318359136581421;;selu;;;256;;80,0;True;normalizer;0,491348177358698;2631;17786;5269;vanilla;0,41463571727453324;27;7,0;24,0;23,0;8,0;;True;5;sgd;minmax
242;2024-05-10 16:12:06.840899;0,5298827886581421;;relu;;;256;;78,0;True;normalizer;0,055510536917010085;2631;17786;5269;vanilla;0,3678552845022047;27;6,0;23,0;23,0;7,0;;True;5;sgd;minmax
243;2024-05-10 16:13:04.525015;0,5248047113418579;;selu;;;256;;83,0;True;normalizer;0,16095748869021603;2631;17786;5269;vanilla;0,32234495927089124;28;7,0;22,0;24,0;5,0;;True;5;sgd;minmax
244;2024-05-10 16:13:41.052027;0,533398449420929;;selu;;;256;;81,0;True;normalizer;0,4030389602823017;2631;17786;5269;vanilla;0,46526574809238447;28;6,0;24,0;22,0;9,0;;True;5;sgd;minmax
245;2024-05-10 16:14:18.668299;0,524609386920929;;selu;;;256;;81,0;True;normalizer;0,11964444981129733;2631;17786;5269;vanilla;0,2837183062242696;28;6,0;23,0;22,0;8,0;;True;5;sgd;minmax
246;2024-05-10 16:14:56.280926;0,520312488079071;;selu;;;256;;79,0;True;normalizer;0,3988424489015639;2631;17786;5269;vanilla;0,24912681567747602;29;7,0;25,0;22,0;8,0;;True;5;sgd;normalizer
247;2024-05-10 16:15:57.252942;0,4619140625;;selu;;;256;;4,0;True;minmax;0,5187456845444817;2631;17786;5269;vanilla;0,1765455464292175;9;5,0;24,0;16,0;7,0;;True;5;sgd;minmax
248;2024-05-10 16:16:34.386561;0,532031238079071;;selu;;;256;;75,0;True;normalizer;0,4296128562388471;2631;17786;5269;vanilla;0,49631161228047826;28;7,0;23,0;24,0;9,0;;True;5;sgd;minmax
249;2024-05-10 16:17:12.069824;0,5296352505683899;;selu;;;8;;83,0;True;normalizer;0,31266323749000713;2631;17786;5269;vanilla;0,19978318031228698;27;6,0;26,0;23,0;;;True;4;sgd;minmax
250;2024-05-10 16:23:13.647455;0,4619140625;;selu;0,34622521316700167;0,8661636166668758;256;;81,0;True;normalizer;0,10988656651661484;2631;17786;5269;vanilla;;7;14,0;25,0;4,0;7,0;;;5;adam;minmax
251;2024-05-10 16:23:52.432534;0,251953125;;selu;;;256;;10,0;True;maxabs;0,5480938855210197;2631;17786;5269;vanilla;0,3760939757289804;10;;;;;;True;1;sgd;maxabs
252;2024-05-10 16:24:28.477125;0,5335937738418579;;selu;;;256;;84,0;True;normalizer;0,37268790756511133;2631;17786;5269;vanilla;0,23232740194001683;8;8,0;27,0;23,0;10,0;;True;5;sgd;minmax
253;2024-05-10 16:25:07.347165;0,530078113079071;;selu;;;512;;84,0;True;normalizer;0,14860804557555796;2631;17786;5269;vanilla;0,2350371370497392;8;25,0;26,0;23,0;20,0;;True;5;sgd;minmax
254;2024-05-10 16:25:38.609715;0,5326172113418579;;selu;;;256;;93,0;True;normalizer;0,3485564955842052;2631;17786;5269;vanilla;0,21840725974720746;8;8,0;9,0;14,0;10,0;;False;5;sgd;minmax
255;2024-05-10 16:26:18.206888;0,5285823345184326;;selu;;;32;0,45727677497816116;85,0;True;normalizer;0,4791264082885615;2631;17786;5269;dropout;0,27318608183410337;19;8,0;27,0;23,0;;;False;4;sgd;minmax
256;2024-05-10 16:29:36.941820;0,5341796875;;relu;;;256;;78,0;True;normalizer;0,09450940728079797;2631;17786;5269;vanilla;0,18228134445843874;9;7,0;28,0;24,0;12,0;;False;5;sgd;minmax
257;2024-05-10 16:30:50.944854;0,5300151705741882;;relu;;;16;;77,0;True;normalizer;0,04660130339553561;2631;17786;5269;vanilla;0,14384324121591266;8;8,0;26,0;24,0;11,0;;False;5;sgd;minmax
258;2024-05-10 16:34:10.293448;0,533203125;;relu;;;256;;74,0;True;normalizer;0,20825996032764887;2631;17786;5269;vanilla;0,11212255153084036;9;7,0;29,0;24,0;12,0;;False;5;sgd;minmax
259;2024-05-10 16:34:53.336252;0,5240234136581421;;relu;;;256;;78,0;True;normalizer;0,08815899326821804;2631;17786;5269;batchnorm;0,18326994234093066;9;7,0;15,0;24,0;5,0;;False;5;sgd;minmax
260;2024-05-10 16:35:36.017199;0,528124988079071;;relu;;;256;;72,0;True;normalizer;0,14039857852958462;2631;17786;5269;vanilla;0,1408005243451273;10;7,0;27,0;25,0;22,0;;False;5;sgd;minmax
261;2024-05-10 16:36:36.145598;0,530078113079071;;selu;;;256;;79,0;True;normalizer;0,23785311743282422;2631;17786;5269;vanilla;0,1701280021016364;7;5,0;27,0;23,0;;;False;4;sgd;minmax
262;2024-05-10 16:37:12.933033;0,529296875;;relu;;;256;;76,0;True;normalizer;0,1311427777518974;2631;17786;5269;vanilla;0,31133530286850863;8;4,0;26,0;15,0;21,0;;False;5;sgd;minmax
263;2024-05-10 16:38:05.390649;0,4619140625;;relu;;;256;;41,0;True;normalizer;0,07231493005968032;2631;17786;5269;vanilla;0,09740367400918669;11;28,0;28,0;13,0;6,0;;False;5;sgd;minmax
264;2024-05-10 16:38:42.358202;0,4619140625;;relu;;;256;;80,0;True;normalizer;0,09585187041835633;2631;17786;5269;vanilla;0,201426610646796;9;16,0;27,0;22,0;12,0;;False;5;sgd;minmax
265;2024-05-10 16:39:21.421579;0,4619140625;;relu;;;512;;50,0;True;normalizer;0,037372622710694976;2631;17786;5269;vanilla;0,15099059177101865;10;8,0;16,0;25,0;10,0;;False;5;sgd;minmax
266;2024-05-10 16:39:51.248945;0,4619140625;;relu;;;256;;32,0;True;normalizer;0,06234151750051579;2631;17786;5269;vanilla;0,08457732494545109;8;7,0;28,0;23,0;11,0;;False;5;sgd;minmax
267;2024-05-10 16:40:28.301495;0,525390625;;selu;;;256;;82,0;True;normalizer;0,16950534521505214;2631;17786;5269;vanilla;0,057581809662441065;29;6,0;26,0;23,0;;;False;4;sgd;minmax
268;2024-05-10 16:41:04.873614;0,37968748807907104;;relu;;;256;;9,0;True;minmax;0,27763624765177336;2631;17786;5269;vanilla;0,11897876511841703;9;5,0;27,0;;;;False;3;sgd;minmax
269;2024-05-10 16:41:46.042277;0,4596036672592163;;relu;;;128;;80,0;True;normalizer;0,12135682976278857;2631;17786;5269;vanilla;0,2670152381399473;8;24,0;28,0;11,0;19,0;;False;5;sgd;normalizer
270;2024-05-10 16:42:38.731210;0,530078113079071;;relu;0,45582410259903344;0,6325921267327144;256;;54,0;True;normalizer;0,030720845361885723;2631;17786;5269;vanilla;;12;6,0;25,0;12,0;18,0;;;5;adam;minmax
271;2024-05-10 16:43:22.878796;0,5297256112098694;;relu;;;64;;87,0;True;normalizer;0,09761383546042912;2631;17786;5269;vanilla;0,21572842959756192;14;23,0;26,0;5,0;17,0;;False;5;sgd;minmax
272;2024-05-10 16:44:53.213065;0,251953125;;relu;;;256;;7,0;True;maxabs;0,32479106332978863;2631;17786;5269;vanilla;0,33766200774387717;7;25,0;29,0;24,0;17,0;;False;5;sgd;minmax
273;2024-05-10 16:45:31.863387;0,526562511920929;;selu;;;256;;78,0;True;normalizer;0,07281498901545312;2631;17786;5269;vanilla;0,17053447209622363;5;8,0;22,0;22,0;;;False;4;sgd;maxabs
274;2024-05-10 16:46:09.201873;0,5277343988418579;;relu;;;256;;83,0;True;normalizer;0,36751981984217597;2631;17786;5269;vanilla;0,051260184945094746;9;7,0;27,0;23,0;27,0;;False;5;sgd;minmax
275;2024-05-10 16:46:50.295500;0,4619140625;;relu;;;512;;77,0;True;normalizer;0,10544821564205502;2631;17786;5269;vanilla;0,23955878709918166;29;6,0;25,0;22,0;12,0;;False;5;sgd;minmax
276;2024-05-10 16:47:16.319437;0,5248047113418579;;leaky_relu;;;256;;90,0;True;normalizer;0,4489850701943029;2631;17786;5269;vanilla;0,1921502591594285;10;26,0;26,0;24,0;7,0;0,02300747405944004;False;5;sgd;minmax
277;2024-05-10 16:48:01.029378;0,5290653705596924;;relu;;;8;;82,0;True;normalizer;0,2092169648721454;2631;17786;5269;vanilla;0,30326223559332294;21;5,0;14,0;18,0;24,0;;False;5;sgd;minmax
278;2024-05-10 16:54:30.462985;0,4619140625;;leaky_relu;;;256;0,5947337305773522;95,0;True;normalizer;0,18683157506768777;2631;17786;5269;dropout;0,022268155331535124;28;12,0;28,0;23,0;6,0;0,01743678040639301;False;5;sgd;minmax
279;2024-05-10 16:55:08.622543;0,5283203125;;relu;;;256;;85,0;True;normalizer;0,30672952904141754;2631;17786;5269;vanilla;0,3772517934064379;9;6,0;27,0;25,0;;;False;4;sgd;minmax
280;2024-05-10 16:55:47.202835;0,5111328363418579;;selu;;;256;;52,0;True;normalizer;0,2561882007984556;2631;17786;5269;batchnorm;0,15771986998934426;8;7,0;26,0;13,0;11,0;;False;5;sgd;minmax
281;2024-05-10 16:56:29.204228;0,533007800579071;;relu;;;256;;75,0;True;normalizer;0,39939667429731707;2631;17786;5269;vanilla;0,270473190515902;18;27,0;30,0;22,0;13,0;;True;5;sgd;minmax
282;2024-05-10 16:57:10.164535;0,532421886920929;;leaky_relu;;;256;;80,0;True;normalizer;0,543969571601963;2631;17786;5269;vanilla;0,13039217057240093;27;5,0;28,0;12,0;21,0;0,03463113176116347;False;5;sgd;minmax
283;2024-05-10 16:57:53.513099;0,52734375;;relu;;;256;;92,0;True;normalizer;0,45299732673908477;2631;17786;5269;vanilla;0,06966912579967516;11;17,0;27,0;14,0;23,0;;False;5;sgd;minmax
284;2024-05-10 16:58:37.878951;0,4597264528274536;;relu;;;16;;88,0;True;normalizer;0,7737539639004769;2631;17786;5269;vanilla;0,18241162411186324;29;6,0;26,0;23,0;12,0;;False;5;sgd;minmax
285;2024-05-10 17:03:50.472683;0,5329649448394775;;leaky_relu;;;32;;82,0;True;normalizer;0,6796819035164416;2631;17786;5269;vanilla;0,23683799023356805;28;9,0;29,0;22,0;;0,024298075052122652;True;4;sgd;minmax
286;2024-05-10 17:08:14.897743;0,5283203125;;relu;;;256;;79,0;True;normalizer;0,37134271553393755;2631;17786;5269;vanilla;0,10405542687122721;10;8,0;25,0;24,0;14,0;;False;5;sgd;minmax
287;2024-05-10 17:08:59.315247;0,5248047113418579;;selu;;;512;;84,0;True;normalizer;0,14661506731418536;2631;17786;5269;vanilla;0,40645043576666473;7;7,0;27,0;22,0;16,0;;False;5;sgd;minmax
288;2024-05-10 17:09:28.326186;0,532031238079071;;relu;;;256;;18,0;True;normalizer;0,5087209876575912;2631;17786;5269;vanilla;0,011205831463278944;9;4,0;13,0;23,0;9,0;;False;5;sgd;minmax
289;2024-05-10 17:10:30.047322;0,4619140625;;leaky_relu;0,8266604111913821;0,42550676538345833;256;;86,0;True;normalizer;0,6013704886220113;2631;17786;5269;vanilla;;27;25,0;26,0;21,0;15,0;0,03048081594094331;;5;adam;minmax
290;2024-05-10 17:11:19.474216;0,532421886920929;;relu;;;256;;81,0;True;normalizer;0,3163727419054324;2631;17786;5269;vanilla;0,5695902827882029;28;5,0;27,0;24,0;10,0;;True;5;sgd;minmax
291;2024-05-10 17:12:02.974860;0,38164061307907104;;relu;;;256;;8,0;True;minmax;0,05501969256329277;2631;17786;5269;vanilla;0,2073257550732695;8;6,0;28,0;7,0;;;False;4;sgd;minmax
292;2024-05-10 17:12:47.745743;0,518750011920929;;leaky_relu;;;256;;58,0;True;normalizer;0,4262011884698197;2631;17786;5269;vanilla;0,3302673772197393;26;14,0;;;;0,020334849796507036;False;2;sgd;normalizer
293;2024-05-10 17:13:36.786789;0,527148425579071;;relu;;;256;;77,0;True;normalizer;0,4804376209619302;2631;17786;5269;vanilla;0,14112287233898607;27;20,0;25,0;4,0;17,0;;False;5;sgd;minmax
294;2024-05-10 17:14:22.904944;0,53125;;selu;;;256;;94,0;True;normalizer;0,0792010285443683;2631;17786;5269;vanilla;0,18153648899773886;22;8,0;28,0;11,0;8,0;;True;5;sgd;minmax
295;2024-05-10 17:15:03.602700;0,528515636920929;;leaky_relu;;;256;;79,0;True;normalizer;0,35557070978856553;2631;17786;5269;vanilla;0,2827288034226756;29;16,0;23,0;13,0;18,0;0,044653854836779194;False;5;sgd;minmax
296;2024-05-10 17:15:49.321495;0,251953125;;relu;;;512;;3,0;True;maxabs;0,04656667330344006;2631;17786;5269;vanilla;0,07841088459542093;10;7,0;27,0;15,0;20,0;;False;5;sgd;maxabs
297;2024-05-10 17:16:16.906014;0,5267578363418579;;relu;;;256;;83,0;True;normalizer;0,7490077508116142;2631;17786;5269;vanilla;0,22107204228322894;28;6,0;26,0;23,0;;;False;4;sgd;minmax
298;2024-05-10 17:17:00.463893;0,5308593511581421;;leaky_relu;;;256;;81,0;True;normalizer;0,2663699222204448;2631;17786;5269;vanilla;0,45760687218261664;6;24,0;26,0;22,0;13,0;0,03886932240823493;True;5;sgd;minmax
299;2024-05-10 17:17:42.942108;0,5259146094322205;;relu;;;128;0,3976183784567756;69,0;True;normalizer;0,3906493673208941;2631;17786;5269;dropout;0,04589694831794667;9;7,0;17,0;;;;False;3;sgd;minmax
300;2024-05-10 17:18:43.169065;0,5328124761581421;;relu;;;256;;97,0;True;normalizer;0,5945205359356461;2631;17786;5269;vanilla;0,056404077835820715;13;5,0;25,0;12,0;15,0;;False;5;sgd;minmax
301;2024-05-10 17:19:33.462693;0,5301067233085632;;selu;;;64;;76,0;True;normalizer;0,16643861004737215;2631;17786;5269;vanilla;0,03498135040146983;8;18,0;28,0;24,0;22,0;;False;5;sgd;minmax
302;2024-05-10 17:21:03.957705;0,5244140625;;leaky_relu;;;256;;78,0;True;normalizer;0,5386801567074814;2631;17786;5269;vanilla;0,11885154022163373;11;6,0;27,0;6,0;14,0;0,04951450878206948;True;5;sgd;minmax
303;2024-05-10 17:21:50.233161;0,49492186307907104;;relu;;;256;;85,0;True;normalizer;0,11233456147601482;2631;17786;5269;batchnorm;0,153861134550341;26;26,0;15,0;23,0;16,0;;False;5;sgd;minmax
304;2024-05-10 17:22:36.289904;0,4619140625;;relu;;;256;;56,0;True;normalizer;0,01795383360457894;2631;17786;5269;vanilla;0,24456073720010543;7;30,0;29,0;21,0;4,0;;False;5;sgd;minmax
305;2024-05-10 17:23:15.704068;0,523632824420929;;leaky_relu;;;256;;47,0;True;normalizer;0,8623929859551215;2631;17786;5269;vanilla;0,33661477848106697;15;25,0;26,0;17,0;;0,028696520717381553;False;4;sgd;minmax
306;2024-05-10 17:23:55.130278;0,5330547094345093;;relu;;;8;;74,0;True;normalizer;0,22770871722115826;2631;17786;5269;vanilla;0,1988378956849828;28;5,0;24,0;22,0;9,0;;False;5;sgd;minmax
307;2024-05-10 17:30:10.212103;0,4619140625;;selu;0,018660572359533223;0,8415469207994891;512;;89,0;True;normalizer;0,45917395744204953;2631;17786;5269;vanilla;;27;7,0;25,0;23,0;12,0;;;5;adam;minmax
308;2024-05-10 17:30:39.221765;0,529492199420929;;relu;;;256;;83,0;True;normalizer;0,09195430719299923;2631;17786;5269;vanilla;0,08509831945508765;9;4,0;27,0;22,0;;;True;4;sgd;minmax
309;2024-05-10 17:31:35.811856;0,5345703363418579;;leaky_relu;;;256;;80,0;True;normalizer;0,31805777717415185;2631;17786;5269;vanilla;0,16511530122049212;8;6,0;27,0;3,0;13,0;0,03307653316198629;False;5;sgd;minmax
310;2024-05-10 17:32:16.950752;0,5316406488418579;;relu;;;256;;80,0;True;normalizer;0,2916333340710915;2631;17786;5269;vanilla;0,17133619620341983;8;20,0;28,0;5,0;13,0;;False;5;sgd;minmax
311;2024-05-10 17:33:05.047004;0,4619140625;;leaky_relu;;;256;;78,0;True;normalizer;0,34130020431902386;2631;17786;5269;vanilla;0,13304285249746398;7;8,0;27,0;3,0;11,0;0,04734642392934521;False;5;sgd;minmax
312;2024-05-10 17:33:41.240265;0,5289062261581421;;relu;;;256;;81,0;True;normalizer;0,3030026855019497;2631;17786;5269;vanilla;0,15702930016779515;8;6,0;27,0;12,0;13,0;;False;5;sgd;minmax
313;2024-05-10 17:34:41.962569;0,4619140625;;relu;;;256;;83,0;True;normalizer;0,3746477629643685;2631;17786;5269;vanilla;0,20815223351336934;10;10,0;28,0;3,0;14,0;;True;5;sgd;minmax
314;2024-05-10 17:35:16.233071;0,2522865831851959;;leaky_relu;;;32;;5,0;True;minmax;0,12422636546758904;2631;17786;5269;vanilla;0,0010769220152413456;9;23,0;26,0;5,0;10,0;0,05080443797217136;False;5;sgd;normalizer
315;2024-05-10 17:36:53.955910;0,5208966732025146;;selu;;;16;;86,0;True;normalizer;0,26243027316692763;2631;17786;5269;vanilla;0,2704536723150967;8;19,0;26,0;4,0;;;False;4;sgd;minmax
316;2024-05-10 17:40:32.207255;0,4619140625;;relu;;;256;;80,0;True;normalizer;0,41234668673386504;2631;17786;5269;vanilla;0,18732405320853182;9;6,0;27,0;4,0;12,0;;False;5;sgd;minmax
317;2024-05-10 17:41:08.474291;0,532031238079071;;relu;;;256;;82,0;True;normalizer;0,34162766783889637;2631;17786;5269;vanilla;0,2298735632936301;10;;;;;;True;1;sgd;minmax
318;2024-05-10 17:41:44.965732;0,251953125;;leaky_relu;;;256;;8,0;True;maxabs;0,7354041940147571;2631;17786;5269;vanilla;0,042737187919225476;16;7,0;28,0;10,0;7,0;0,04035616624170296;False;5;sgd;minmax
319;2024-05-10 17:42:20.665131;0,532031238079071;;relu;;;512;;76,0;True;normalizer;0,6489287123361676;2631;17786;5269;vanilla;0,10098597853436662;12;8,0;29,0;13,0;14,0;;False;5;sgd;maxabs
320;2024-05-10 17:43:07.012601;0,524218738079071;;relu;;;256;;;False;;0,23771674153509859;2631;17786;5269;vanilla;0,16450628916171348;17;24,0;26,0;6,0;15,0;;False;5;sgd;minmax
321;2024-05-10 17:43:56.292171;0,5298827886581421;;leaky_relu;;;256;;92,0;True;normalizer;0,3010648432019181;2631;17786;5269;vanilla;0,11973101294471707;7;5,0;15,0;29,0;13,0;0,03727918851090667;True;5;sgd;minmax
322;2024-05-10 17:44:46.158397;0,532031238079071;;selu;;;256;;79,0;True;normalizer;0,435858328117887;2631;17786;5269;vanilla;0,2995556919773742;8;15,0;16,0;8,0;11,0;;False;5;sgd;minmax
323;2024-05-10 17:45:23.093146;0,5337890386581421;;relu;;;256;0,1710675767854644;87,0;True;normalizer;0,2004847959274041;2631;17786;5269;dropout;0,06422371620225863;11;7,0;27,0;21,0;;;False;4;sgd;minmax
324;2024-05-10 17:46:22.361689;0,5238281488418579;;relu;;;256;;87,0;True;normalizer;0,21003485785485612;2631;17786;5269;batchnorm;0,14039651322569918;10;7,0;27,0;21,0;;;False;4;sgd;minmax
325;2024-05-10 17:47:03.884622;0,5318359136581421;;relu;;;256;0,16292298512398617;85,0;True;normalizer;0,14932829908677708;2631;17786;5269;dropout;0,06684663040599143;11;6,0;28,0;;;;False;3;sgd;minmax
326;2024-05-10 17:48:04.316594;0,531054675579071;;relu;;;256;0,20367221968337806;88,0;True;normalizer;0,1880339794232503;2631;17786;5269;dropout;0,25152365180160574;6;9,0;27,0;18,0;5,0;;False;5;sgd;minmax
327;2024-05-10 17:49:33.697877;0,5337890386581421;;relu;;;256;0,2562590716123333;91,0;True;normalizer;0,33695974586868616;2631;17786;5269;dropout;0,18451113139683903;11;6,0;19,0;23,0;25,0;;True;5;sgd;minmax
328;2024-05-10 17:50:41.828127;0,533398449420929;;relu;;;512;0,25614600612272;90,0;True;normalizer;0,3227727336910494;2631;17786;5269;dropout;0,1811904840503007;12;5,0;21,0;24,0;25,0;;False;5;sgd;minmax
329;2024-05-10 17:52:11.943766;0,4596036672592163;;relu;0,5601219211521578;0,6248011775819644;128;;92,0;True;normalizer;0,265626013800589;2631;17786;5269;vanilla;;11;4,0;25,0;11,0;28,0;;;5;adam;minmax
330;2024-05-10 17:53:07.937252;0,518359363079071;;relu;;;256;;89,0;True;normalizer;0,29749596203476636;2631;17786;5269;vanilla;0,9648901726285098;11;6,0;19,0;22,0;;;False;4;sgd;minmax
331;2024-05-10 17:53:51.037653;0,533203125;;relu;;;256;0,1631335282156557;91,0;True;normalizer;0,236949594736393;2631;17786;5269;dropout;0,16081159608814602;12;11,0;14,0;23,0;16,0;;True;5;sgd;minmax
332;2024-05-10 17:55:09.530011;0,5293444991111755;;relu;;;64;;94,0;True;normalizer;0,1860480535857831;2631;17786;5269;vanilla;0,0333546766796466;11;6,0;19,0;22,0;25,0;;False;5;sgd;minmax
333;2024-05-10 17:57:01.853009;0,4619140625;;relu;;;256;0,32351941785395605;87,0;True;normalizer;0,10863366873055712;2631;17786;5269;dropout;0,0503067561249517;10;25,0;28,0;12,0;12,0;;False;5;sgd;minmax
334;2024-05-10 17:57:57.636010;0,5341796875;;relu;;;256;0,2290553505205489;96,0;True;normalizer;0,3794322744979312;2631;17786;5269;dropout;0,017893917510061502;11;5,0;29,0;21,0;24,0;;False;5;sgd;minmax
335;2024-05-10 17:59:05.540675;0,5296875238418579;;relu;;;256;0,24442322464982624;97,0;True;normalizer;0,40288685189233087;2631;17786;5269;dropout;0,009493927014762697;12;5,0;29,0;20,0;;;False;4;sgd;minmax
336;2024-05-10 18:00:06.688218;0,5328124761581421;;relu;;;256;0,16563080975963976;93,0;True;normalizer;0,355021379255282;2631;17786;5269;dropout;0,2006005174115751;11;4,0;29,0;21,0;26,0;;False;5;sgd;minmax
337;2024-05-10 18:01:09.156524;0,532421886920929;;relu;;;256;0,27539104567509576;94,0;True;normalizer;0,48393384320235605;2631;17786;5269;dropout;0,014744858219389345;11;28,0;30,0;21,0;24,0;;False;5;sgd;minmax
338;2024-05-10 18:02:00.574834;0,4597264528274536;;relu;;;8;0,33285166575138425;100,0;True;normalizer;0,34594376568139246;2631;17786;5269;dropout;0,06062662484334857;10;5,0;30,0;19,0;24,0;;False;5;sgd;normalizer
339;2024-05-10 18:11:56.189957;0,528124988079071;;relu;;;256;0,2997028234940192;;False;;0,41472969802857346;2631;17786;5269;dropout;0,016466322058152107;12;20,0;28,0;20,0;26,0;;False;5;sgd;minmax
340;2024-05-10 18:12:54.993380;0,5341796875;;relu;;;512;0,20452880283102365;96,0;True;normalizer;0,5023752662669222;2631;17786;5269;dropout;0,13535019323383296;10;5,0;29,0;13,0;27,0;;False;5;sgd;minmax
341;2024-05-10 18:14:00.438180;0,251953125;;relu;;;512;0,21324934718733043;1,0;True;minmax;0,46857166120765176;2631;17786;5269;dropout;0,0259322218086034;9;5,0;30,0;3,0;30,0;;False;5;sgd;minmax
342;2024-05-10 18:14:29.566003;0,531445324420929;;relu;;;512;0,1388837233873981;97,0;True;normalizer;0,5356066457562645;2631;17786;5269;dropout;0,018452654242061953;10;4,0;29,0;14,0;;;False;4;sgd;minmax
343;2024-05-10 18:15:03.690192;0,4619140625;;relu;;;512;0,19686558522242684;93,0;True;normalizer;0,37416002833702805;2631;17786;5269;dropout;0,1313049002550556;10;6,0;29,0;13,0;21,0;;False;5;sgd;maxabs
344;2024-05-10 18:15:32.197048;0,251953125;;relu;;;512;0,24659557405808558;6,0;True;maxabs;0,43716295514705383;2631;17786;5269;dropout;0,020607438790418636;9;5,0;28,0;21,0;27,0;;False;5;sgd;minmax
345;2024-05-10 18:16:00.685012;0,5337890386581421;;relu;;;512;0,1387313652678705;96,0;True;normalizer;0,2876213351318632;2631;17786;5269;dropout;0,02994328819119796;10;5,0;29,0;14,0;25,0;;False;5;sgd;minmax
346;2024-05-10 18:16:45.532893;0,533984363079071;;relu;;;512;0,10763475873230374;96,0;True;normalizer;0,28843433628517656;2631;17786;5269;dropout;0,04133434281064169;29;5,0;29,0;14,0;27,0;;False;5;sgd;minmax
347;2024-05-10 18:17:47.279965;0,533007800579071;;relu;;;512;0,10078612180090035;99,0;True;normalizer;0,28862405013007597;2631;17786;5269;dropout;0,028918574125988465;29;4,0;30,0;14,0;29,0;;False;5;sgd;minmax
348;2024-05-10 18:18:26.038029;0,4619140625;;relu;0,6541535354852348;0,36741492534066533;512;0,12575271062766874;96,0;True;normalizer;0,2694146106750301;2631;17786;5269;dropout;;30;4,0;29,0;16,0;;;;4;adam;minmax
349;2024-05-10 18:18:54.036519;0,533007800579071;;relu;;;512;0,1757635829088242;95,0;True;normalizer;0,31825637273565033;2631;17786;5269;dropout;0,03987503131780999;29;5,0;29,0;14,0;25,0;;False;5;sgd;minmax
350;2024-05-10 18:19:37.290665;0,4619140625;;relu;;;512;0,14564070595862086;96,0;True;normalizer;0,2641216290911113;2631;17786;5269;dropout;0,034405378299921616;29;5,0;29,0;21,0;27,0;;False;5;sgd;minmax
351;2024-05-10 18:20:06.378148;0,5308593511581421;;relu;;;512;0,1206487512259507;95,0;True;normalizer;0,3216894163166781;2631;17786;5269;dropout;0,02618677284153722;28;5,0;30,0;15,0;26,0;;False;5;sgd;minmax
352;2024-05-10 18:21:00.625540;0,4619140625;;relu;;;512;0,18407358928957435;96,0;True;normalizer;0,006951134891180827;2631;17786;5269;dropout;0,023029064508976262;30;6,0;29,0;13,0;26,0;;False;5;sgd;minmax
353;2024-05-10 18:21:29.706852;0,533007800579071;;relu;;;512;0,14753021517088616;98,0;True;normalizer;0,22339555713795115;2631;17786;5269;dropout;0,04732055538772241;29;4,0;28,0;15,0;;;False;4;sgd;minmax
354;2024-05-10 18:22:06.760352;0,4619140625;;relu;;;512;0,2200863444250673;91,0;True;normalizer;0,34739492583600257;2631;17786;5269;dropout;0,029188525069446306;11;3,0;30,0;14,0;27,0;;False;5;sgd;minmax
355;2024-05-10 18:22:35.708245;0,532031238079071;;relu;;;512;0,10110237029837751;94,0;True;normalizer;0,2766936331272855;2631;17786;5269;dropout;0,03267958380744818;13;6,0;29,0;14,0;25,0;;False;5;sgd;minmax
356;2024-05-10 18:23:22.304035;0,4619140625;;relu;;;512;0,1913306339923754;99,0;True;normalizer;0,3864698689024187;2631;17786;5269;dropout;0,05794720934845051;10;5,0;20,0;13,0;24,0;;False;5;sgd;minmax
357;2024-05-10 18:23:50.180409;0,532031238079071;;relu;;;512;0,13248109927212073;92,0;True;normalizer;0,2443973033620098;2631;17786;5269;dropout;0,03776766505793506;28;6,0;28,0;;;;False;3;sgd;minmax
358;2024-05-10 18:24:20.080881;0,4619140625;;leaky_relu;;;512;0,18246022493681346;;False;;0,3117863688288696;2631;17786;5269;dropout;0,030231833313503074;9;5,0;28,0;19,0;23,0;0,03190604234821868;False;5;sgd;minmax
359;2024-05-10 18:24:48.683146;0,5283054709434509;;relu;;;16;0,22565013745965323;97,0;True;normalizer;0,35115532398831506;2631;17786;5269;dropout;0,08989955623309187;28;6,0;29,0;22,0;26,0;;False;5;sgd;minmax
360;2024-05-10 18:29:45.449808;0,5318359136581421;;relu;;;512;0,15128259619036202;95,0;True;normalizer;0,9987689553444782;2631;17786;5269;dropout;0,043575275874762315;11;4,0;27,0;14,0;;;False;4;sgd;minmax
361;2024-05-10 18:30:21.462064;0,5283917784690857;;leaky_relu;;;32;0,2678213109215064;90,0;True;normalizer;0,4864958757261208;2631;17786;5269;dropout;0,03570892480911103;9;17,0;4,0;22,0;27,0;0,043819697621404245;False;5;sgd;minmax
362;2024-05-10 18:32:57.939229;0,4619140625;;relu;;;512;0,23468067449163008;98,0;True;normalizer;0,29272750669638264;2631;17786;5269;dropout;0,05178536004302193;10;6,0;29,0;16,0;28,0;;False;5;sgd;normalizer
363;2024-05-10 18:33:26.688357;0,533398449420929;;relu;;;512;0,20412608149932637;93,0;True;normalizer;0,40115225679908584;2631;17786;5269;dropout;0,07019630253622672;29;5,0;28,0;13,0;25,0;;False;5;sgd;minmax
364;2024-05-10 18:34:20.880285;0,35842224955558777;;relu;;;128;0,1772094503955921;8,0;True;minmax;0,22211108173367153;2631;17786;5269;dropout;0,04120465660273916;28;5,0;28,0;25,0;20,0;;False;5;sgd;minmax
365;2024-05-10 18:36:01.326393;0,53125;;leaky_relu;;;64;0,12254333176023491;95,0;True;normalizer;0,08344489258994774;2631;17786;5269;dropout;0,6498876222818621;27;6,0;27,0;22,0;;0,05303571486877036;False;4;sgd;minmax
366;2024-05-10 18:37:37.096706;0,532421886920929;;relu;;;512;0,25056874881488744;90,0;True;normalizer;0,3283399031650096;2631;17786;5269;dropout;0,11164918674921874;9;4,0;30,0;23,0;22,0;;False;5;sgd;minmax
367;2024-05-10 18:38:27.868236;0,529492199420929;;relu;;;256;0,16103102440969208;92,0;True;normalizer;0,4412062709752491;2631;17786;5269;dropout;0,8106361280130118;4;7,0;27,0;15,0;29,0;;False;5;sgd;maxabs
368;2024-05-10 18:39:32.281105;0,251953125;;leaky_relu;0,4117654478811354;0,4623353795112892;256;0,2914894889749841;9,0;True;maxabs;0,35985503691071985;2631;17786;5269;dropout;;30;5,0;28,0;24,0;23,0;0,03519668538410198;;5;adam;minmax
369;2024-05-10 18:40:12.902786;0,531154990196228;;relu;;;8;0,21370116043046117;37,0;True;normalizer;0,03286032579138749;2631;17786;5269;dropout;0,3106782952760575;26;6,0;29,0;23,0;22,0;;True;5;sgd;minmax
370;2024-05-10 18:53:11.016803;0,522265613079071;;relu;;;256;;100,0;True;normalizer;0,25801411229327476;2631;17786;5269;batchnorm;0,22321097041491295;10;6,0;;;;;False;2;sgd;minmax
371;2024-05-10 18:53:52.777524;0,5341796875;;relu;;;256;0,1927050643858016;89,0;True;normalizer;0,51265645948412;2631;17786;5269;dropout;0,008045880750683895;11;7,0;27,0;21,0;24,0;;False;5;sgd;minmax
372;2024-05-10 18:54:38.834354;0,251953125;;leaky_relu;;;512;0,19232530885193175;88,0;True;normalizer;0,001032425134182047;2631;17786;5269;dropout;0,007425911392156085;12;7,0;27,0;13,0;24,0;0,04707523411807148;False;5;sgd;minmax
373;2024-05-10 18:55:08.547641;0,532421886920929;;relu;;;256;0,16404011703287893;89,0;True;normalizer;0,5590836892297952;2631;17786;5269;dropout;0,04611207021842986;11;7,0;28,0;20,0;;;False;4;sgd;minmax
374;2024-05-10 18:55:50.552729;0,532031238079071;;relu;;;256;0,2346974499975833;49,0;True;normalizer;0,5163030991596471;2631;17786;5269;dropout;0,00230104273671143;11;7,0;29,0;21,0;23,0;;True;5;sgd;minmax
375;2024-05-10 18:56:48.388325;0,534375011920929;;relu;;;256;0,12117851060363602;88,0;True;normalizer;0,4701539813476733;2631;17786;5269;dropout;0,014948385258235065;11;6,0;27,0;21,0;25,0;;False;5;sgd;minmax
376;2024-05-10 18:57:34.042611;0,5298827886581421;;leaky_relu;;;256;0,12035797431038206;87,0;True;normalizer;0,47737373125679045;2631;17786;5269;dropout;0,0059612916594629336;11;6,0;26,0;20,0;24,0;0,041632312108407614;False;5;sgd;minmax
377;2024-05-10 18:58:17.363404;0,5345703363418579;;relu;;;256;0,210085756359279;86,0;True;normalizer;0,5562678176982322;2631;17786;5269;dropout;0,023494197662183577;12;14,0;27,0;21,0;28,0;;False;5;sgd;minmax
378;2024-05-10 18:59:04.743966;0,531445324420929;;relu;;;256;0,11208126220181738;;False;;0,6076414691703782;2631;17786;5269;dropout;0,007268949645089351;12;13,0;27,0;21,0;;;False;4;sgd;minmax
379;2024-05-10 18:59:51.040080;0,5328124761581421;;leaky_relu;;;256;0,14974338706648765;86,0;True;normalizer;0,5210484899180472;2631;17786;5269;dropout;0,024975595396288016;12;15,0;27,0;20,0;28,0;0,033082991342556024;False;5;sgd;minmax
380;2024-05-10 19:00:48.054856;0,532421886920929;;relu;;;256;0,2053308554666562;86,0;True;normalizer;0,6548903595631885;2631;17786;5269;dropout;0,021361656211761334;13;16,0;26,0;21,0;28,0;;False;5;sgd;minmax
381;2024-05-10 19:01:36.352259;0,533007800579071;;relu;;;256;0,16666123665159654;88,0;True;normalizer;0,07281536607881615;2631;17786;5269;dropout;0,023220109810223537;11;18,0;27,0;20,0;27,0;;False;5;sgd;minmax
382;2024-05-10 19:02:49.511910;0,530468761920929;;relu;;;256;0,13847482267814742;84,0;True;normalizer;0,577191495305368;2631;17786;5269;dropout;0,019297150477537117;29;17,0;28,0;21,0;28,0;;False;5;sgd;minmax
383;2024-05-10 19:03:37.340429;0,4597264528274536;;leaky_relu;;;16;0,2207911852407369;82,0;True;normalizer;0,0018381653435085897;2631;17786;5269;dropout;0,023152433840402654;29;15,0;27,0;19,0;29,0;0,050044011416357614;False;5;sgd;minmax
384;2024-05-10 19:08:35.007213;0,523632824420929;;relu;;;256;;85,0;True;normalizer;0,4531059802624353;2631;17786;5269;batchnorm;0,01556632978206782;28;7,0;26,0;21,0;21,0;;False;5;sgd;normalizer
385;2024-05-10 19:09:07.375784;0,5322027206420898;;relu;;;32;0,18281219244740823;87,0;True;normalizer;0,5137159702664366;2631;17786;5269;dropout;0,01764191474096855;10;7,0;27,0;22,0;;;False;4;sgd;minmax
386;2024-05-10 19:10:54.430201;0,4619140625;;relu;;;256;0,2661742451955618;89,0;True;normalizer;0,028409546752944503;2631;17786;5269;dropout;0,013709332816416562;27;16,0;28,0;21,0;26,0;;False;5;sgd;minmax
387;2024-05-10 19:11:20.844742;0,5322265625;;leaky_relu;;;256;0,10192000346387467;66,0;True;normalizer;0,4380195175470889;2631;17786;5269;dropout;0,01871173702339428;12;6,0;26,0;22,0;19,0;0,05583019921247484;False;5;sgd;minmax
388;2024-05-10 19:11:58.599103;0,4619140625;;relu;0,4979150195734695;0,3303464863517701;256;;83,0;True;normalizer;0,04831889337790439;2631;17786;5269;vanilla;;9;11,0;27,0;21,0;29,0;;;5;adam;maxabs
389;2024-05-10 19:12:25.195839;0,251953125;;relu;;;256;;9,0;True;minmax;0,856788580457998;2631;17786;5269;vanilla;0,02679708956212032;28;7,0;28,0;20,0;22,0;;False;5;sgd;minmax
390;2024-05-10 19:12:50.964930;0,5316406488418579;;leaky_relu;;;256;;85,0;True;normalizer;0,6929292538691012;2631;17786;5269;vanilla;0,0177648155489131;8;7,0;26,0;22,0;;0,03760413844091868;False;4;sgd;minmax
391;2024-05-10 19:13:18.868035;0,5316406488418579;;relu;;;256;0,1971760504897553;82,0;True;normalizer;0,41494228121785404;2631;17786;5269;dropout;0,020885358847627915;11;5,0;27,0;;;;False;3;sgd;minmax
392;2024-05-10 19:13:46.312627;0,251953125;;relu;;;256;;10,0;True;maxabs;0,5437562702854913;2631;17786;5269;vanilla;0,012468867005030295;10;6,0;28,0;21,0;12,0;;False;5;sgd;minmax
393;2024-05-10 19:14:11.431867;0,5322265625;;relu;;;256;;52,0;True;normalizer;0,4797424799827457;2631;17786;5269;vanilla;0,01623569232537928;29;18,0;27,0;20,0;11,0;;False;5;sgd;minmax
394;2024-05-10 19:14:56.591868;0,533398449420929;;leaky_relu;;;256;0,13142163338328477;88,0;True;normalizer;0,6429967469932927;2631;17786;5269;dropout;0,0120310806919655;28;8,0;9,0;17,0;21,0;0,05884673417489779;False;5;sgd;minmax
395;2024-05-10 19:15:30.189525;0,4596036672592163;;relu;;;128;;84,0;True;normalizer;0,011602677893994186;2631;17786;5269;vanilla;0,010920874126834571;9;5,0;26,0;22,0;12,0;;False;5;sgd;minmax
396;2024-05-10 19:16:10.715721;0,4990234375;;relu;;;256;;81,0;True;normalizer;0,0953540174494325;2631;17786;5269;batchnorm;0,3570596463558276;8;6,0;28,0;24,0;27,0;;False;5;sgd;minmax
397;2024-05-10 19:16:49.536169;0,5329649448394775;;relu;;;64;;78,0;True;normalizer;0,41438724664672055;2631;17786;5269;vanilla;0,004331815796997675;27;6,0;27,0;22,0;23,0;;False;5;sgd;minmax
398;2024-05-10 19:18:09.622172;0,5355468988418579;;leaky_relu;;;256;;;False;;0,17199599839391283;2631;17786;5269;vanilla;0,009885508482389383;7;14,0;26,0;23,0;;0,04038951259254762;False;4;sgd;minmax
399;2024-05-10 19:18:58.387442;0,4619140625;;leaky_relu;;;256;;;False;;0,16404144000088922;2631;17786;5269;vanilla;0,008861393239325287;7;12,0;26,0;18,0;20,0;0,039694565800604986;False;5;sgd;minmax
400;2024-05-10 19:19:25.799561;0,528124988079071;;leaky_relu;;;256;;;False;;0,5704711654467363;2631;17786;5269;vanilla;0,014574339007816468;7;14,0;26,0;23,0;;0,04478548426765205;False;4;sgd;minmax
401;2024-05-10 19:19:57.625023;0,5317249298095703;;leaky_relu;;;8;;18,0;True;normalizer;0,4848723585886241;2631;17786;5269;vanilla;0,010671042714112813;7;16,0;25,0;24,0;6,0;0,03594166600926852;False;5;sgd;minmax
402;2024-05-10 19:27:27.335415;0,4619140625;;leaky_relu;;;256;;;False;;0,02324964609276199;2631;17786;5269;vanilla;0,009368279022396524;8;15,0;26,0;23,0;24,0;0,04279513469601718;False;5;sgd;minmax
403;2024-05-10 19:27:56.280873;0,5249999761581421;;leaky_relu;;;256;;;False;;0,7772106267313692;2631;17786;5269;vanilla;0,5467801245046907;6;4,0;28,0;23,0;30,0;0,05340829432649574;False;5;sgd;minmax
404;2024-05-10 19:28:27.342696;0,529492199420929;;leaky_relu;;;256;;;False;;0,3962666212413038;2631;17786;5269;vanilla;0,0189988991230663;30;11,0;30,0;24,0;8,0;0,03041497371976247;False;5;sgd;minmax
405;2024-05-10 19:29:07.087121;0,4619140625;;leaky_relu;;;256;;;False;;0,04211247145903554;2631;17786;5269;vanilla;0,012743741421636827;7;17,0;26,0;23,0;11,0;0,033356644155010294;False;5;sgd;minmax
406;2024-05-10 19:29:36.422749;0,522265613079071;;leaky_relu;;;256;;;False;;0,5935855868621646;2631;17786;5269;vanilla;0,014726751523271459;8;5,0;27,0;22,0;;0,028157007495575346;False;4;sgd;normalizer
407;2024-05-10 19:30:37.002830;0,5277343988418579;;leaky_relu;;;256;;79,0;True;normalizer;0,45318902725166316;2631;17786;5269;vanilla;0,2847671316317136;9;12,0;25,0;25,0;28,0;0,040808284629971645;False;5;sgd;minmax
408;2024-05-10 19:31:17.524043;0,4597264528274536;;leaky_relu;0,13864018125171118;0,5844509597462362;16;;;False;;0,17730448271861637;2631;17786;5269;vanilla;;28;14,0;28,0;23,0;26,0;0,04863316959341028;;5;adam;minmax
409;2024-05-10 19:35:30.560225;0,528124988079071;;leaky_relu;;;256;;;False;;0,0687533223086976;2631;17786;5269;vanilla;0,40033017544989796;29;5,0;27,0;22,0;27,0;0,045822172216338226;False;5;sgd;minmax
410;2024-05-10 19:36:26.536330;0,5308593511581421;;relu;;;256;;81,0;True;normalizer;0,062298067001579915;2631;17786;5269;vanilla;0,03199443500972597;6;14,0;29,0;28,0;13,0;;False;5;sgd;minmax
411;2024-05-10 19:37:32.431420;0,5298827886581421;;relu;;;256;;71,0;True;normalizer;0,3843145575261421;2631;17786;5269;vanilla;0,02404750874408886;27;6,0;26,0;24,0;3,0;;False;5;sgd;maxabs
412;2024-05-10 19:38:19.617130;0,4554115831851959;;leaky_relu;;;32;;9,0;True;minmax;0,1545373448486606;2631;17786;5269;vanilla;0,0158113598207989;8;5,0;27,0;13,0;;0,024766778549839313;False;4;sgd;minmax
413;2024-05-10 19:40:22.583351;0,5376952886581421;0,5020904599011783;relu;;;256;;73,0;True;normalizer;0,13239356744909153;2631;17786;5269;vanilla;0,26485620096153284;28;13,0;28,0;23,0;22,0;;False;5;sgd;minmax
414;2024-05-10 19:41:23.129291;0,533007800579071;;relu;;;256;;78,0;True;normalizer;0,14245982880616176;2631;17786;5269;vanilla;0,27345970642017337;29;14,0;28,0;12,0;22,0;;False;5;sgd;minmax
415;2024-05-10 19:42:23.754810;0,534960925579071;;relu;;;256;;76,0;True;normalizer;0,14375324601521483;2631;17786;5269;vanilla;0,3361191701375399;28;13,0;29,0;22,0;23,0;;False;5;sgd;minmax
416;2024-05-10 19:43:08.210956;0,530468761920929;;relu;;;256;;74,0;True;normalizer;0,11781430948874874;2631;17786;5269;vanilla;0,33456977014950023;29;13,0;29,0;22,0;23,0;;False;5;sgd;minmax
417;2024-05-10 19:44:06.491154;0,5318359136581421;;relu;;;256;;73,0;True;normalizer;0,1502150534573313;2631;17786;5269;vanilla;0,45058900879727837;28;13,0;30,0;22,0;22,0;;False;5;sgd;minmax
418;2024-05-10 19:44:57.929735;0,5283203125;;relu;;;256;;76,0;True;normalizer;0,13994835376998302;2631;17786;5269;vanilla;0,3036529008276627;28;13,0;29,0;21,0;23,0;;False;5;sgd;minmax
419;2024-05-10 19:45:52.975578;0,251953125;;relu;;;256;;7,0;True;maxabs;0,12867393820937273;2631;17786;5269;vanilla;0,2540580441108346;30;14,0;29,0;22,0;;;False;4;sgd;minmax
420;2024-05-10 19:46:30.410527;0,5299161672592163;;relu;;;128;;75,0;True;normalizer;0,12566312872056412;2631;17786;5269;vanilla;0,39101857053232025;29;15,0;28,0;13,0;24,0;;False;5;sgd;minmax
421;2024-05-10 19:47:43.755468;0,532031238079071;;relu;;;512;;73,0;True;normalizer;0,18325902517485831;2631;17786;5269;vanilla;0,27721257791295456;9;11,0;30,0;;;;False;3;sgd;minmax
422;2024-05-10 19:48:13.874837;0,5287109613418579;;relu;;;256;;90,0;True;normalizer;0,200981865187523;2631;17786;5269;vanilla;0,6523524281636313;28;13,0;28,0;21,0;23,0;;False;5;sgd;minmax
423;2024-05-10 19:49:10.354451;0,533007800579071;;relu;;;256;;77,0;True;normalizer;0,10961260480089494;2631;17786;5269;vanilla;0,32492248289013015;10;14,0;28,0;22,0;24,0;;False;5;sgd;minmax
424;2024-05-10 19:50:03.982978;0,5203887224197388;;relu;;;64;;;False;;0,13441930696662646;2631;17786;5269;batchnorm;0,24779446209557288;8;12,0;29,0;3,0;22,0;;True;5;sgd;minmax
425;2024-05-10 19:53:00.478750;0,531445324420929;;relu;;;256;;71,0;True;normalizer;0,08858855602928793;2631;17786;5269;vanilla;0,5053066974300218;7;13,0;29,0;23,0;;;False;4;sgd;minmax
426;2024-05-10 19:53:56.590500;0,5287109613418579;;relu;;;256;;75,0;True;normalizer;0,1793036182691114;2631;17786;5269;vanilla;0,361656978461893;5;12,0;30,0;24,0;21,0;;False;5;sgd;minmax
427;2024-05-10 19:54:49.501497;0,5259765386581421;;relu;0,999157668182112;0,4973332821142387;512;;62,0;True;normalizer;0,05494015904138981;2631;17786;5269;vanilla;;9;13,0;28,0;25,0;22,0;;;5;adam;minmax
428;2024-05-10 19:55:17.234434;0,5322265625;;relu;;;256;;91,0;True;normalizer;0,10060447720686676;2631;17786;5269;vanilla;0,02144150725266746;29;15,0;28,0;19,0;23,0;;False;5;sgd;minmax
429;2024-05-10 19:56:22.209039;0,4619140625;;relu;;;256;;77,0;True;normalizer;0,1031240078813964;2631;17786;5269;vanilla;0,013378823230217525;28;14,0;29,0;12,0;11,0;;False;5;sgd;normalizer
430;2024-05-10 19:57:02.414860;0,529101550579071;;relu;;;256;0,3099900585507456;93,0;True;normalizer;0,37171110437440585;2631;17786;5269;dropout;0,21674873251630228;10;14,0;27,0;22,0;;;True;4;sgd;minmax
431;2024-05-10 19:57:44.773734;0,5265957713127136;;relu;;;8;;85,0;True;normalizer;0,22642497406548065;2631;17786;5269;vanilla;0,3140548317774218;14;3,0;28,0;21,0;25,0;;False;5;sgd;minmax
432;2024-05-10 20:04:25.280176;0,5306640863418579;;relu;;;256;;79,0;True;normalizer;0,16415461777821447;2631;17786;5269;vanilla;0,007733022682521176;8;16,0;29,0;23,0;21,0;;False;5;sgd;minmax
433;2024-05-10 20:05:28.996315;0,4619140625;;relu;;;512;0,24017383266708747;98,0;True;normalizer;0,037664605113777644;2631;17786;5269;dropout;0,2643041618760025;9;29,0;27,0;20,0;12,0;;False;5;sgd;minmax
434;2024-05-10 20:05:56.107297;0,4619140625;;relu;;;256;;54,0;True;normalizer;0,08105998590788493;2631;17786;5269;vanilla;0,009684723568529187;30;17,0;28,0;22,0;23,0;;False;5;sgd;maxabs
435;2024-05-10 20:06:34.896275;0,532031238079071;;relu;;;256;;42,0;True;normalizer;0,44280676522002343;2631;17786;5269;vanilla;0,4393489145679894;28;13,0;27,0;23,0;24,0;;False;5;sgd;minmax
436;2024-05-10 20:07:21.238436;0,527539074420929;;relu;;;256;;80,0;True;normalizer;0,371720249894888;2631;17786;5269;vanilla;0,006216033106747254;11;15,0;29,0;11,0;;;True;4;sgd;minmax
437;2024-05-10 20:08:06.469003;0,5193768739700317;;relu;;;16;0,2775581352322518;;False;;0,5092260861778771;2631;17786;5269;dropout;0,01627570362037349;29;4,0;29,0;21,0;22,0;;False;5;sgd;minmax
438;2024-05-10 20:14:24.129266;0,44207316637039185;;relu;;;32;;5,0;True;minmax;0,31221205934758506;2631;17786;5269;vanilla;0,010552522323611814;10;22,0;30,0;13,0;13,0;;False;5;sgd;minmax
439;2024-05-10 20:16:21.233698;0,532421886920929;;relu;;;256;;83,0;True;normalizer;0,1351215854873161;2631;17786;5269;vanilla;0,08015921287251294;12;12,0;27,0;23,0;10,0;;False;5;sgd;minmax
440;2024-05-10 20:17:24.637002;0,5302734375;;relu;;;512;;90,0;True;normalizer;0,42018550639883856;2631;17786;5269;vanilla;0,027825334742696686;9;28,0;28,0;21,0;25,0;;False;5;sgd;minmax
441;2024-05-10 20:18:10.545372;0,4619140625;;relu;;;256;0,15361622487649232;86,0;True;normalizer;0,2162475322566711;2631;17786;5269;dropout;0,21247969033073302;7;4,0;28,0;24,0;12,0;;False;5;sgd;minmax
442;2024-05-10 20:18:50.010695;0,251953125;;relu;;;256;;4,0;True;maxabs;0,24658263776843353;2631;17786;5269;vanilla;0,3627407273309569;28;18,0;26,0;5,0;;;False;4;sgd;minmax
443;2024-05-10 20:19:26.068161;0,528124988079071;;relu;;;256;;76,0;True;normalizer;0,4918413699498259;2631;17786;5269;vanilla;0,2542199964557977;8;5,0;27,0;19,0;20,0;;True;5;sgd;minmax
444;2024-05-10 20:20:10.428962;0,5326172113418579;;relu;;;256;0,1092925504308041;81,0;True;normalizer;0,348028471789885;2631;17786;5269;dropout;0,011478953543305713;29;10,0;12,0;22,0;26,0;;False;5;sgd;minmax
445;2024-05-10 20:21:04.858140;0,513867199420929;;relu;;;256;;95,0;True;normalizer;0,4104716044882844;2631;17786;5269;batchnorm;0,03794359055675219;10;6,0;27,0;12,0;;;False;4;sgd;minmax
446;2024-05-10 20:21:48.650681;0,4619140625;;relu;0,1115906998379983;0,1165700689631694;512;;68,0;True;normalizer;0,16517622700402773;2631;17786;5269;vanilla;;9;5,0;28,0;26,0;13,0;;;5;adam;minmax
447;2024-05-10 20:22:15.199103;0,4619140625;;relu;;;256;;78,0;True;normalizer;0,11603240345326954;2631;17786;5269;vanilla;0,008333686556239525;20;13,0;26,0;22,0;11,0;;False;5;sgd;minmax
448;2024-05-10 20:22:55.786841;0,530078113079071;;relu;;;256;;;False;;0,5812398088990621;2631;17786;5269;vanilla;0,2985220235353068;28;19,0;28,0;16,0;23,0;;False;5;sgd;minmax
449;2024-05-10 20:23:36.801563;0,533007800579071;;relu;;;256;0,35003244225774144;47,0;True;normalizer;0,2819467829447788;2631;17786;5269;dropout;0,0196758039996262;10;16,0;29,0;20,0;21,0;;False;5;sgd;minmax
450;2024-05-10 20:24:50.028172;0,4596036672592163;;relu;;;128;;83,0;True;normalizer;0,45825673850282667;2631;17786;5269;vanilla;0,7465256251389818;11;15,0;30,0;13,0;24,0;;True;5;sgd;minmax
451;2024-05-10 20:25:40.246160;0,5228515863418579;;leaky_relu;;;256;;88,0;True;normalizer;0,32510133021870496;2631;17786;5269;vanilla;0,025861390809756996;8;5,0;26,0;23,0;12,0;0,023073005604555514;False;5;sgd;minmax
452;2024-05-10 20:26:26.910208;0,517382800579071;;relu;;;512;;92,0;True;normalizer;0,6492370066462682;2631;17786;5269;vanilla;0,203724057153879;30;6,0;27,0;;;;False;3;sgd;normalizer
453;2024-05-10 20:27:06.138463;0,530468761920929;;relu;;;256;0,21633802226068885;81,0;True;normalizer;0,08953557121630108;2631;17786;5269;dropout;0,33893722589188835;12;14,0;27,0;22,0;22,0;;False;5;sgd;minmax
454;2024-05-10 20:28:11.302189;0,5326172113418579;;leaky_relu;;;256;;89,0;True;normalizer;0,3754774730412423;2631;17786;5269;vanilla;0,22957890426233807;6;4,0;29,0;4,0;;0,03830588608838011;False;4;sgd;minmax
455;2024-05-10 20:28:47.547651;0,5297256112098694;;relu;;;64;;32,0;True;normalizer;0,5282095378814152;2631;17786;5269;vanilla;0,39947868107057144;13;5,0;28,0;14,0;27,0;;False;5;sgd;minmax
456;2024-05-10 20:30:19.437492;0,5302734375;;relu;;;256;;79,0;True;normalizer;0,15287738918052446;2631;17786;5269;vanilla;0,032511708531359505;7;6,0;27,0;18,0;13,0;;True;5;sgd;minmax
457;2024-05-10 20:31:21.472702;0,4597264528274536;;relu;;;8;0,26338458717900776;84,0;True;normalizer;0,44229883214593424;2631;17786;5269;dropout;0,008523805738462665;29;4,0;28,0;23,0;11,0;;False;5;sgd;minmax
458;2024-05-10 20:42:05.222376;0,4619140625;;leaky_relu;;;256;;50,0;True;normalizer;0,019767737755842108;2631;17786;5269;vanilla;0,09674200508493117;28;6,0;26,0;21,0;28,0;0,03461157328785005;False;5;sgd;minmax
459;2024-05-10 20:42:46.630756;0,5279296636581421;;relu;;;512;;94,0;True;normalizer;0,2668898337100288;2631;17786;5269;vanilla;0,012870138826046403;10;14,0;27,0;9,0;;;False;4;sgd;maxabs
460;2024-05-10 20:43:24.735923;0,38652342557907104;;relu;;;256;0,17696914090862287;7,0;True;minmax;0,3173574276312008;2631;17786;5269;dropout;0,4958651177909925;9;17,0;8,0;10,0;10,0;;False;5;sgd;minmax
461;2024-05-10 20:44:31.306978;0,5289062261581421;;leaky_relu;;;256;;;False;;0,18864861109454326;2631;17786;5269;vanilla;0,2873410208613137;27;5,0;18,0;23,0;25,0;0,025799342669040562;False;5;sgd;minmax
462;2024-05-10 20:45:18.021655;0,5257812738418579;;relu;;;256;;97,0;True;normalizer;0,04137390184892311;2631;17786;5269;vanilla;0,1862178967517417;8;7,0;;;;;True;2;sgd;minmax
463;2024-05-10 20:46:16.198563;0,4619140625;;relu;;;256;;86,0;True;normalizer;0,0141475318296187;2631;17786;5269;vanilla;0,2417897243436285;11;18,0;28,0;6,0;23,0;;False;5;sgd;minmax
464;2024-05-10 20:46:58.354171;0,517773449420929;;relu;;;256;;82,0;True;normalizer;0,02939259373408479;2631;17786;5269;batchnorm;0,5661918452860987;28;12,0;26,0;24,0;4,0;;False;5;sgd;minmax
465;2024-05-10 20:47:45.517241;0,251953125;;leaky_relu;0,1930398821708716;0,15024864653094022;512;0,25032822411898736;8,0;True;maxabs;0,0018508950086123502;2631;17786;5269;dropout;;29;6,0;30,0;12,0;12,0;0,06454458685868272;;5;adam;minmax
466;2024-05-10 20:48:19.605205;0,5300151705741882;;relu;;;16;;73,0;True;normalizer;0,032699157848454875;2631;17786;5269;vanilla;0,0067643367164762136;9;5,0;29,0;22,0;9,0;;False;5;sgd;minmax
467;2024-05-10 20:52:03.853980;0,5249999761581421;;relu;;;256;;75,0;True;normalizer;0,3850744858294586;2631;17786;5269;vanilla;0,8995367399519452;8;27,0;27,0;20,0;;;False;4;sgd;minmax
468;2024-05-10 20:52:41.153414;0,5228658318519592;;relu;;;32;;80,0;True;normalizer;0,07199368434463511;2631;17786;5269;vanilla;0,018751908320189793;10;6,0;13,0;24,0;20,0;;False;5;sgd;minmax
469;2024-05-10 20:54:49.502120;0,533398449420929;;leaky_relu;;;256;0,2841313892394566;91,0;True;normalizer;0,5583845401961923;2631;17786;5269;dropout;0,009881432239036606;28;13,0;26,0;15,0;29,0;0,03052047663915185;False;5;sgd;minmax
470;2024-05-10 20:55:38.821561;0,526171863079071;;relu;;;256;;78,0;True;normalizer;0,48197414064361066;2631;17786;5269;vanilla;0,013948533066020142;11;7,0;29,0;11,0;22,0;;True;5;sgd;minmax
471;2024-05-10 20:56:19.932603;0,52734375;;relu;;;256;;;False;;0,2123245326635226;2631;17786;5269;vanilla;0,016928418635288236;7;3,0;25,0;3,0;23,0;;False;5;sgd;minmax
472;2024-05-10 20:57:11.175130;0,4619140625;;relu;;;512;;84,0;True;normalizer;0,05456199094024875;2631;17786;5269;vanilla;0,11336037904033319;9;15,0;27,0;21,0;24,0;;False;5;sgd;minmax
473;2024-05-10 20:57:42.846430;0,5249999761581421;;leaky_relu;;;256;0,14000560918531235;64,0;True;normalizer;0,6689837444422114;2631;17786;5269;dropout;0,024544849112191888;27;23,0;28,0;22,0;;0,05220863165312482;False;4;sgd;normalizer
474;2024-05-10 20:59:21.559746;0,5248047113418579;;relu;;;256;;93,0;True;normalizer;0,3662372076711537;2631;17786;5269;vanilla;0,053873627348731044;29;5,0;29,0;23,0;26,0;;False;5;sgd;minmax
475;2024-05-10 21:00:03.917393;0,5269531011581421;;relu;;;256;;77,0;True;normalizer;0,10805439722137669;2631;17786;5269;vanilla;0,31308998249072434;28;7,0;27,0;17,0;21,0;;False;5;sgd;minmax
476;2024-05-10 21:00:57.312660;0,530468761920929;;leaky_relu;;;256;;99,0;True;normalizer;0,06231172135217281;2631;17786;5269;vanilla;0,2093337943790474;8;6,0;28,0;21,0;28,0;0,05480817826651282;True;5;sgd;minmax
477;2024-05-10 21:02:13.713433;0,5308593511581421;;relu;;;512;0,23327954248796168;45,0;True;normalizer;0,3013948912515037;2631;17786;5269;dropout;0,26833954626206125;12;4,0;17,0;13,0;14,0;;False;5;sgd;minmax
478;2024-05-10 21:03:11.905802;0,5263671875;;relu;;;256;;88,0;True;normalizer;0,14149304029995785;2631;17786;5269;vanilla;0,42855093010750833;10;8,0;26,0;25,0;;;False;4;sgd;maxabs
479;2024-05-10 21:04:05.073202;0,524609386920929;;relu;;;256;;82,0;True;normalizer;0,4422665060649385;2631;17786;5269;vanilla;0,006147700178449293;28;16,0;28,0;14,0;29,0;;False;5;sgd;minmax
480;2024-05-10 21:04:57.340641;0,53125;;leaky_relu;;;256;0,11624683763367596;80,0;True;normalizer;0,2443835292566681;2631;17786;5269;dropout;0,3544059483282797;9;5,0;27,0;22,0;24,0;0,020199708515521563;False;5;sgd;minmax
481;2024-05-10 21:05:47.860093;0,5282012224197388;;relu;;;128;;52,0;True;normalizer;0,5204800759411548;2631;17786;5269;vanilla;0,005063757638819588;29;19,0;30,0;23,0;27,0;;False;5;sgd;minmax
482;2024-05-10 21:06:58.023423;0,5230563879013062;;relu;;;64;;;False;;0,12534790527399886;2631;17786;5269;vanilla;0,007958451134344726;11;;;;;;True;1;sgd;minmax
483;2024-05-10 21:08:22.700970;0,527148425579071;;relu;;;256;;85,0;True;normalizer;0,4005409862572793;2631;17786;5269;vanilla;0,13944212125309818;27;6,0;25,0;30,0;13,0;;False;5;sgd;minmax
484;2024-05-10 21:09:08.536635;0,4619140625;;leaky_relu;;;256;0,19217258342772384;87,0;True;normalizer;0,6019737676572773;2631;17786;5269;dropout;0,029364933447246624;7;5,0;29,0;24,0;11,0;0,0277595147395433;False;5;sgd;minmax
485;2024-05-10 21:09:49.950768;0,4619140625;;relu;0,3037974554149738;0,011733783074976023;512;;95,0;True;normalizer;0,32867716020760335;2631;17786;5269;vanilla;;8;6,0;26,0;23,0;;;;4;adam;minmax
486;2024-05-10 21:10:25.414249;0,533398449420929;;relu;;;256;;90,0;True;normalizer;0,47933138238773376;2631;17786;5269;vanilla;0,021453707867703006;30;8,0;27,0;22,0;22,0;;False;5;sgd;minmax
487;2024-05-10 21:11:31.805808;0,251953125;;relu;;;256;;9,0;True;maxabs;0,2768185019369475;2631;17786;5269;batchnorm;0,0031949749633954274;10;7,0;28,0;22,0;12,0;;False;5;sgd;minmax
488;2024-05-10 21:12:19.060114;0,251953125;;leaky_relu;;;256;;6,0;True;minmax;0,7078683856842516;2631;17786;5269;vanilla;0,07079182230338357;12;14,0;28,0;19,0;25,0;0,0366820845606773;False;5;sgd;minmax
489;2024-05-10 21:12:59.041979;0,532421886920929;;relu;;;256;0,20738759575947177;83,0;True;normalizer;0,16982454615055442;2631;17786;5269;dropout;0,1699964749713332;5;4,0;26,0;;;;True;3;sgd;minmax
490;2024-05-10 21:14:13.220117;0,531345009803772;;relu;;;8;;79,0;True;normalizer;0,09884264570840993;2631;17786;5269;vanilla;0,009288740346835488;11;9,0;27,0;13,0;26,0;;False;5;sgd;minmax
491;2024-05-10 21:20:49.361276;0,534375011920929;;leaky_relu;;;512;;76,0;True;normalizer;0,3563568253470083;2631;17786;5269;vanilla;0,01109237637527377;9;13,0;29,0;21,0;;0,03193325039020668;False;4;sgd;minmax
492;2024-05-10 21:21:28.808745;0,531445324420929;;relu;;;512;;74,0;True;normalizer;0,3689348874923923;2631;17786;5269;vanilla;0,011553104078033064;9;13,0;30,0;21,0;;;False;4;sgd;minmax
493;2024-05-10 21:22:08.369454;0,4619140625;;leaky_relu;;;512;0,15709774872103627;76,0;True;normalizer;0,023103882287510168;2631;17786;5269;dropout;0,010636968319899355;9;12,0;29,0;20,0;23,0;0,03309583600018404;False;5;sgd;minmax
494;2024-05-10 21:22:44.532193;0,5302734375;;relu;;;512;;73,0;True;normalizer;0,29986354949130034;2631;17786;5269;vanilla;0,00836245322040179;8;11,0;29,0;20,0;10,0;;False;5;sgd;minmax
495;2024-05-10 21:23:28.789396;0,4619140625;;relu;;;512;;;False;;0,23292685362856594;2631;17786;5269;vanilla;0,014072718277967182;10;14,0;30,0;21,0;13,0;;False;5;sgd;minmax
496;2024-05-10 21:23:55.497369;0,4619140625;;relu;;;512;;70,0;True;normalizer;0,00944650382636364;2631;17786;5269;vanilla;0,09623160871333514;9;13,0;29,0;21,0;12,0;;False;5;sgd;minmax
497;2024-05-10 21:24:28.980999;0,4619140625;;leaky_relu;;;512;0,1274736095326911;71,0;True;normalizer;0,40362675648693314;2631;17786;5269;dropout;0,23981304119833696;10;13,0;28,0;7,0;11,0;0,01840120981575176;True;5;sgd;normalizer
498;2024-05-10 21:24:58.885763;0,4619140625;;relu;;;512;;75,0;True;normalizer;0,07894854190231235;2631;17786;5269;vanilla;0,20196094162326095;8;12,0;29,0;21,0;28,0;;False;5;sgd;minmax
499;2024-05-10 21:25:24.447858;0,5283203125;;relu;;;512;;77,0;True;normalizer;0,3332693172626343;2631;17786;5269;vanilla;0,16098037541258448;9;14,0;29,0;12,0;;;False;4;sgd;minmax
500;2024-05-10 21:26:11.342951;0,4619140625;;relu;;;512;;96,0;True;normalizer;0,01521919466411207;2631;17786;5269;vanilla;0,038598455576327344;7;18,0;28,0;20,0;24,0;;False;5;sgd;minmax
501;2024-05-10 21:26:54.519770;0,4597264528274536;;leaky_relu;;;16;0,22638949260662491;92,0;True;normalizer;0,006117487225568421;2631;17786;5269;dropout;0,011908097873021101;6;13,0;30,0;22,0;19,0;0,029068945765350452;False;5;sgd;maxabs
502;2024-05-10 21:32:32.345150;0,5302972793579102;;relu;;;32;;76,0;True;normalizer;0,0281350596810822;2631;17786;5269;vanilla;0,634984172162343;8;15,0;28,0;21,0;;;False;4;sgd;minmax
503;2024-05-10 21:34:17.784053;0,5326172113418579;;relu;;;512;;94,0;True;normalizer;0,5612769774139599;2631;17786;5269;vanilla;0,18399942273977105;10;5,0;29,0;4,0;23,0;;True;5;sgd;minmax
504;2024-05-10 21:35:09.494681;0,4619140625;;leaky_relu;0,2587651405219877;0,513905051511003;256;;78,0;True;normalizer;0,2767931129676188;2631;17786;5269;vanilla;;9;17,0;27,0;13,0;21,0;0,015198302707147504;;5;adam;minmax
505;2024-05-10 21:35:58.849715;0,5347656011581421;;relu;;;256;0,16801687831240197;55,0;True;normalizer;0,4288928742139581;2631;17786;5269;dropout;0,00992161033127202;11;14,0;28,0;14,0;30,0;;False;5;sgd;minmax
506;2024-05-10 21:37:15.165479;0,532421886920929;;relu;;;512;0,1669466446509586;49,0;True;normalizer;0,357382458789027;2631;17786;5269;dropout;0,0092709472330174;12;14,0;28,0;14,0;30,0;;False;5;sgd;minmax
507;2024-05-10 21:39:11.428736;0,5296875238418579;;relu;;;256;0,17436820675303843;;False;;0,43209942235144455;2631;17786;5269;dropout;0,011560648825731384;11;15,0;29,0;14,0;29,0;;False;5;sgd;minmax
508;2024-05-10 21:40:19.364063;0,5326172113418579;;relu;;;256;0,14665121680771226;54,0;True;normalizer;0,18890431607548266;2631;17786;5269;dropout;0,010060351893917421;13;14,0;28,0;14,0;27,0;;False;5;sgd;minmax
509;2024-05-10 21:41:47.381236;0,5318359136581421;;relu;;;256;0,12833482239602126;98,0;True;normalizer;0,13208874793488212;2631;17786;5269;dropout;0,04434798085217869;11;14,0;28,0;15,0;30,0;;False;5;sgd;minmax
510;2024-05-10 21:43:07.202550;0,2522865831851959;;relu;;;128;0,19147826189309852;3,0;True;minmax;0,017876684392246964;2631;17786;5269;dropout;0,008965279518842895;10;22,0;29,0;15,0;;;False;4;sgd;minmax
511;2024-05-10 21:44:12.783611;0,533007800579071;;relu;;;256;0,11161874979935751;54,0;True;normalizer;0,7628955980880225;2631;17786;5269;dropout;0,007043880396123373;11;13,0;16,0;13,0;30,0;;True;5;sgd;minmax
512;2024-05-10 21:45:17.247938;0,4619140625;;relu;;;512;0,20770643883426473;51,0;True;normalizer;0,2061210527315514;2631;17786;5269;dropout;0,015595886794981051;12;15,0;28,0;14,0;25,0;;False;5;sgd;minmax
513;2024-05-10 21:46:12.306658;0,251953125;;relu;;;256;0,13779330804632162;8,0;True;maxabs;0,048117214376014246;2631;17786;5269;dropout;0,00806607345796913;11;16,0;30,0;12,0;29,0;;False;5;sgd;minmax
514;2024-05-10 21:47:12.470423;0,531054675579071;;relu;;;256;0,15436993444346667;52,0;True;normalizer;0,4937298245938751;2631;17786;5269;dropout;0,012677501892389097;10;3,0;;;;;False;2;sgd;minmax
515;2024-05-10 21:48:07.765319;0,5341796875;;relu;;;256;0,18608832352535784;56,0;True;normalizer;0,3320679636757114;2631;17786;5269;dropout;0,11868436863525757;9;13,0;27,0;20,0;26,0;;False;5;sgd;minmax
516;2024-05-10 21:49:32.673220;0,4619140625;;relu;;;256;0,2509418210330553;54,0;True;normalizer;0,0664708685126316;2631;17786;5269;dropout;0,1320590436329191;9;13,0;27,0;20,0;26,0;;False;5;sgd;minmax
517;2024-05-10 21:50:14.230755;0,5244140625;;relu;;;256;;58,0;True;normalizer;0,6572445293582874;2631;17786;5269;batchnorm;0,1209234737144917;9;12,0;27,0;20,0;25,0;;False;5;sgd;minmax
518;2024-05-10 21:50:54.861507;0,4619140625;;relu;;;256;0,22443754483930067;;False;;0,0033737754844647386;2631;17786;5269;dropout;0,14958711307339037;9;13,0;27,0;21,0;;;True;4;sgd;minmax
519;2024-05-10 21:51:39.988000;0,5322265625;;relu;;;256;0,2384191756039145;61,0;True;normalizer;0,42573970892037094;2631;17786;5269;dropout;0,10944984775258285;8;14,0;5,0;21,0;26,0;;False;5;sgd;minmax
520;2024-05-10 21:52:28.885660;0,4619140625;;relu;;;256;;58,0;True;normalizer;0,3314319030652541;2631;17786;5269;vanilla;0,08390229795872464;10;13,0;27,0;19,0;13,0;;False;5;sgd;normalizer
521;2024-05-10 21:53:09.333224;0,4619140625;;relu;;;256;0,19691994832763712;57,0;True;normalizer;0,03559832038080461;2631;17786;5269;dropout;0,010532464232304094;8;12,0;28,0;;;;False;3;sgd;minmax
522;2024-05-10 21:53:46.500038;0,5272485017776489;;relu;;;64;;51,0;True;normalizer;0,03955289908286234;2631;17786;5269;vanilla;0,016739376958263854;10;14,0;27,0;21,0;25,0;;False;5;sgd;minmax
523;2024-05-10 21:56:03.840600;0,533398449420929;;relu;;;256;;54,0;True;normalizer;0,1544334896332828;2631;17786;5269;vanilla;0,014219603924645385;7;12,0;28,0;20,0;14,0;;False;5;sgd;minmax
524;2024-05-10 21:57:15.875913;0,4619140625;;relu;;;256;0,17574194513711555;56,0;True;normalizer;0,08792787973363807;2631;17786;5269;dropout;0,10870469048185574;16;13,0;28,0;19,0;24,0;;True;5;sgd;minmax
525;2024-05-10 21:58:06.653057;0,5208984613418579;;relu;;;256;;57,0;True;normalizer;0,5499925237473874;2631;17786;5269;vanilla;0,70661089321005;9;14,0;27,0;20,0;;;False;4;sgd;minmax
526;2024-05-10 21:58:51.172158;0,4619140625;;relu;0,07621389994963412;0,5554099486576576;256;;89,0;True;normalizer;0,10976209889583413;2631;17786;5269;vanilla;;11;15,0;27,0;21,0;12,0;;;5;adam;maxabs
527;2024-05-10 21:59:28.878187;0,531154990196228;;relu;;;8;;59,0;True;normalizer;0,38446529596374157;2631;17786;5269;vanilla;0,01828528113654439;9;13,0;28,0;11,0;26,0;;False;5;sgd;minmax
528;2024-05-10 22:05:57.134085;0,5318359136581421;;relu;;;256;0,21497136402184425;59,0;True;normalizer;0,4656745609740307;2631;17786;5269;dropout;0,007523236910915649;10;23,0;26,0;22,0;8,0;;False;5;sgd;minmax
529;2024-05-10 22:06:53.650017;0,532421886920929;;relu;;;256;;55,0;True;normalizer;0,894944742071161;2631;17786;5269;vanilla;0,14836097687900737;8;13,0;27,0;20,0;11,0;;False;5;sgd;minmax
530;2024-05-10 22:07:41.777608;0,531054675579071;;relu;;;256;;;False;;0,24588402961124442;2631;17786;5269;vanilla;0,010329044111053487;11;12,0;28,0;22,0;;;False;4;sgd;minmax
531;2024-05-10 22:08:33.247862;0,4619140625;;relu;;;256;0,26763325630793805;55,0;True;normalizer;0,34290490420013886;2631;17786;5269;dropout;0,1220651712595078;9;10,0;28,0;21,0;9,0;;True;5;sgd;minmax
532;2024-05-10 22:09:26.011792;0,5316406488418579;;relu;;;256;;74,0;True;normalizer;0,5173815108863019;2631;17786;5269;vanilla;0,28562217912742255;10;26,0;26,0;8,0;24,0;;False;5;sgd;minmax
533;2024-05-10 22:10:09.089233;0,49259117245674133;;relu;;;16;;91,0;True;normalizer;0,3921256298966804;2631;17786;5269;batchnorm;0,08685484618239234;7;16,0;27,0;22,0;13,0;;False;5;sgd;minmax
534;2024-05-10 22:21:54.231629;0,5220702886581421;;relu;;;256;;57,0;True;normalizer;0,6134580873439793;2631;17786;5269;vanilla;0,0010834983216660794;8;14,0;29,0;;;;False;3;sgd;minmax
535;2024-05-10 22:22:27.951940;0,251953125;;relu;;;256;;7,0;True;minmax;0,012640227250209224;2631;17786;5269;vanilla;0,5851173814324697;12;19,0;18,0;3,0;;;False;4;sgd;minmax
536;2024-05-10 22:23:08.911061;0,5306783318519592;;relu;;;32;0,30601093144793723;87,0;True;normalizer;0,4420664009351302;2631;17786;5269;dropout;0,012433320118639166;10;21,0;14,0;21,0;25,0;;False;5;sgd;minmax
537;2024-05-10 22:26:23.502947;0,251953125;;relu;;;256;;9,0;True;maxabs;0,2969516341607561;2631;17786;5269;vanilla;0,4648602548718521;14;15,0;27,0;20,0;12,0;;False;5;sgd;minmax
538;2024-05-10 22:26:58.514040;0,519726574420929;;relu;;;256;;77,0;True;normalizer;0,7351000219101856;2631;17786;5269;vanilla;0,22487948729407262;9;13,0;28,0;9,0;10,0;;True;5;sgd;minmax
539;2024-05-10 22:27:55.238414;0,522265613079071;;relu;;;256;0,18863937132026082;56,0;True;normalizer;0,008635233159915615;2631;17786;5269;dropout;0,9870517071922942;11;11,0;26,0;12,0;14,0;;False;5;sgd;minmax
540;2024-05-10 22:28:48.799644;0,4619140625;;relu;;;256;;80,0;True;normalizer;0,0440828205062332;2631;17786;5269;vanilla;0,0563758433805892;13;24,0;29,0;22,0;26,0;;False;5;sgd;minmax
541;2024-05-10 22:29:32.557459;0,533203125;;relu;;;256;;;False;;0,022102533003677226;2631;17786;5269;vanilla;0,8228246001961445;9;14,0;27,0;21,0;;;False;4;sgd;minmax
542;2024-05-10 22:30:26.461387;0,4619140625;;relu;;;256;;38,0;True;normalizer;0,11842304983399275;2631;17786;5269;vanilla;0,02040616119539494;8;12,0;20,0;22,0;24,0;;False;5;sgd;minmax
543;2024-05-10 22:31:08.813622;0,5335937738418579;;relu;;;256;0,16594923119198787;89,0;True;normalizer;0,34872370422378374;2631;17786;5269;dropout;0,07344008988361556;10;17,0;28,0;21,0;11,0;;False;5;sgd;minmax
544;2024-05-10 22:32:03.757660;0,251953125;;relu;0,43246587699557093;0,9445554519397865;256;;52,0;True;normalizer;0,580696351475146;2631;17786;5269;vanilla;;11;20,0;27,0;19,0;10,0;;;5;adam;minmax
545;2024-05-10 22:32:44.266527;0,5285823345184326;;leaky_relu;;;128;;72,0;True;normalizer;0,48957583573657004;2631;17786;5269;vanilla;0,358114041541805;6;6,0;28,0;13,0;27,0;0,05587560380205446;False;5;sgd;minmax
546;2024-05-10 22:33:53.110601;0,4596036672592163;;relu;;;64;0,2587414598570866;75,0;True;normalizer;0,25322227125297925;2631;17786;5269;dropout;0,009104186047356874;8;14,0;29,0;5,0;23,0;;True;5;sgd;normalizer
547;2024-05-10 22:35:34.493672;0,5279296636581421;;relu;;;256;;85,0;True;normalizer;0,40016018727111524;2631;17786;5269;vanilla;0,17484228131841173;12;13,0;26,0;22,0;;;False;4;sgd;minmax
548;2024-05-10 22:36:22.888303;0,5259765386581421;;relu;;;256;;79,0;True;normalizer;0,1595167548820761;2631;17786;5269;vanilla;0,09986898513409252;10;4,0;27,0;23,0;13,0;;False;5;sgd;maxabs
549;2024-05-10 22:37:35.142350;0,4619140625;;leaky_relu;;;256;0,2898438068459511;81,0;True;normalizer;0,07584461321602046;2631;17786;5269;dropout;0,31233434252606923;7;15,0;28,0;20,0;28,0;0,09438426253474827;False;5;sgd;minmax
550;2024-05-10 22:38:11.409971;0,5335937738418579;;relu;;;256;;87,0;True;normalizer;0,30525415833951575;2631;17786;5269;vanilla;0,2571368928483187;9;6,0;26,0;21,0;22,0;;False;5;sgd;minmax
551;2024-05-10 22:39:01.878445;0,53125;;relu;;;256;;78,0;True;normalizer;0,2012906509634472;2631;17786;5269;vanilla;0,022895003479851055;19;18,0;30,0;12,0;5,0;;True;5;sgd;minmax
552;2024-05-10 22:39:55.500967;0,4619140625;;relu;;;256;;;False;;0,020717915732547082;2631;17786;5269;vanilla;0,0017490885580182692;8;6,0;29,0;18,0;12,0;;False;5;sgd;minmax
553;2024-05-10 22:40:31.329433;0,5283054709434509;;relu;;;8;0,24272421402360017;92,0;True;normalizer;0,09183787449669666;2631;17786;5269;dropout;0,015112619738466409;11;5,0;27,0;23,0;;;False;4;sgd;minmax
554;2024-05-10 22:51:05.155679;0,4619140625;;leaky_relu;;;256;;76,0;True;normalizer;0,13579793947908655;2631;17786;5269;vanilla;0,14278212822647277;9;13,0;28,0;22,0;30,0;0,012485640378271802;False;5;sgd;minmax
555;2024-05-10 22:51:47.225804;0,5302734375;;relu;;;256;;90,0;True;normalizer;0,632659305610319;2631;17786;5269;batchnorm;0,41513393709502705;10;14,0;27,0;13,0;25,0;;False;5;sgd;minmax
556;2024-05-10 22:52:32.584419;0,251953125;;relu;;;256;;9,0;True;minmax;0,4343087049223432;2631;17786;5269;vanilla;0,19863827241329846;10;19,0;28,0;21,0;14,0;;False;5;sgd;minmax
557;2024-05-10 22:53:12.437481;0,5296875238418579;;relu;;;256;0,20562443204929254;53,0;True;normalizer;0,5178086493506743;2631;17786;5269;dropout;0,005588753773831703;7;5,0;16,0;11,0;;;True;4;sgd;minmax
558;2024-05-10 22:54:05.317231;0,5324848294258118;;leaky_relu;;;16;;81,0;True;normalizer;0,3540107997976014;2631;17786;5269;vanilla;0,006826204472638233;11;21,0;26,0;22,0;23,0;0,05036595185611657;False;5;sgd;minmax
559;2024-05-10 22:57:31.057827;0,5308593511581421;;relu;;;256;;60,0;True;normalizer;0,2721974125443391;2631;17786;5269;vanilla;0,24954564794166595;8;26,0;29,0;20,0;12,0;;False;5;sgd;minmax
560;2024-05-10 22:58:23.551222;0,533203125;;relu;;;256;0,18489109133565473;48,0;True;normalizer;0,3974691378888438;2631;17786;5269;dropout;0,011171840100685304;9;7,0;12,0;23,0;24,0;;False;5;sgd;minmax
561;2024-05-10 22:59:19.125152;0,2522865831851959;;relu;;;32;;10,0;True;maxabs;0,8367603489618107;2631;17786;5269;vanilla;0,0042666510672795975;17;22,0;27,0;24,0;26,0;;False;5;sgd;minmax
562;2024-05-10 23:02:18.271011;0,532421886920929;;leaky_relu;;;256;;86,0;True;normalizer;0,4598545852755069;2631;17786;5269;vanilla;0,15917270754995752;12;13,0;28,0;21,0;;0,0612394477061675;False;4;sgd;minmax
563;2024-05-10 23:03:00.779862;0,4619140625;;relu;;;256;;83,0;True;normalizer;0,18080588771559797;2631;17786;5269;vanilla;0,5140993004935217;9;16,0;10,0;10,0;9,0;;False;5;sgd;minmax
564;2024-05-10 23:03:37.969240;0,4619140625;;relu;0,5273005233088777;0,10838291399919414;256;0,2271362129070069;;False;;0,32076074366662133;2631;17786;5269;dropout;;11;15,0;26,0;16,0;11,0;;;5;adam;normalizer
565;2024-05-10 23:04:24.803346;0,528124988079071;;relu;;;256;;77,0;True;normalizer;0,5701873931634373;2631;17786;5269;vanilla;0,00826891492567786;7;5,0;25,0;4,0;13,0;;True;5;sgd;minmax
566;2024-05-10 23:05:08.749737;0,5287109613418579;;relu;;;256;;72,0;True;normalizer;0,222314883127095;2631;17786;5269;vanilla;0,2959388221774506;10;29,0;30,0;12,0;25,0;;False;5;sgd;minmax
567;2024-05-10 23:06:07.992070;0,4619140625;;leaky_relu;;;256;0,15823612116549357;66,0;True;normalizer;0,10449255783382032;2631;17786;5269;dropout;0,12684025277551497;8;6,0;29,0;5,0;14,0;0,05908480703398819;False;5;sgd;minmax
568;2024-05-10 23:06:49.881216;0,5327743887901306;;relu;;;128;;84,0;True;normalizer;0,6669592252950967;2631;17786;5269;vanilla;0,22074121895987048;9;11,0;27,0;22,0;27,0;;False;5;sgd;minmax
569;2024-05-10 23:08:04.950040;0,5328124761581421;;relu;;;256;;79,0;True;normalizer;0,060237325086715476;2631;17786;5269;vanilla;0,017414662214765016;8;4,0;15,0;;;;False;3;sgd;maxabs
570;2024-05-10 23:09:15.712489;0,533007800579071;;relu;;;512;0,27760908153058583;88,0;True;normalizer;0,4909108233860118;2631;17786;5269;dropout;0,36763840967104056;10;18,0;28,0;23,0;;;False;4;sgd;minmax
571;2024-05-10 23:09:53.530601;0,4619140625;;leaky_relu;;;256;;93,0;True;normalizer;0,003673132662959592;2631;17786;5269;vanilla;0,026224774138462987;11;7,0;27,0;22,0;6,0;0,07074678226078308;True;5;sgd;minmax
572;2024-05-10 23:10:29.236158;0,52734375;;relu;;;256;;90,0;True;normalizer;0,3584200267538548;2631;17786;5269;vanilla;0,013645416206818787;9;12,0;26,0;21,0;12,0;;False;5;sgd;minmax
573;2024-05-10 23:11:16.813266;0,4619140625;;relu;;;256;;75,0;True;normalizer;0,016492419764960492;2631;17786;5269;vanilla;0,18553032355157542;12;6,0;28,0;24,0;22,0;;False;5;sgd;minmax
574;2024-05-10 23:11:57.700317;0,5326172113418579;;relu;;;256;0,14263831500293075;56,0;True;normalizer;0,42436335189145474;2631;17786;5269;dropout;0,06717547250773942;8;23,0;29,0;20,0;24,0;;False;5;sgd;minmax
575;2024-05-10 23:12:45.203196;0,5255335569381714;;leaky_relu;;;64;;;False;;0,15064357769712666;2631;17786;5269;vanilla;0,32186178892342027;10;30,0;27,0;23,0;28,0;0,023211162832390962;False;5;sgd;minmax
576;2024-05-10 23:14:25.299344;0,4619140625;;relu;;;512;;23,0;True;normalizer;0,30811776144770525;2631;17786;5269;vanilla;0,06285837900170169;9;25,0;28,0;25,0;;;False;4;sgd;minmax
577;2024-05-10 23:14:59.174188;0,532031238079071;;relu;;;256;0,1707175208853859;82,0;True;normalizer;0,2555914963773568;2631;17786;5269;dropout;0,22958095420723124;15;14,0;29,0;18,0;23,0;;False;5;sgd;minmax
578;2024-05-10 23:15:48.791976;0,5171874761581421;;relu;;;256;;62,0;True;normalizer;0,5546496936817368;2631;17786;5269;vanilla;0,009857595475859916;11;4,0;27,0;13,0;29,0;;True;5;sgd;minmax
579;2024-05-10 23:16:38.181655;0,5152343511581421;;relu;;;256;;85,0;True;normalizer;0,010914592596956142;2631;17786;5269;batchnorm;0,27297384984832135;7;17,0;26,0;22,0;27,0;;False;5;sgd;minmax
580;2024-05-10 23:17:29.118611;0,4792933166027069;;leaky_relu;;;8;;9,0;True;minmax;0,08316103386515117;2631;17786;5269;vanilla;0,049946126716212465;9;5,0;28,0;17,0;13,0;0,04779378707400902;False;5;sgd;minmax
581;2024-05-10 23:25:20.227961;0,5357421636581421;;relu;;;256;0,11859717150046385;78,0;True;normalizer;0,379000697566799;2631;17786;5269;dropout;0,08328961989319134;12;6,0;27,0;19,0;;;False;4;sgd;minmax
582;2024-05-10 23:26:01.840775;0,4619140625;;relu;0,15007913014084578;0,1957468732004633;256;;78,0;True;normalizer;0,023903049357652813;2631;17786;5269;vanilla;;13;6,0;30,0;18,0;;;;4;adam;minmax
583;2024-05-10 23:26:43.060919;0,4619140625;;relu;;;512;;80,0;True;normalizer;0,037056859742638296;2631;17786;5269;vanilla;0,06201128328619373;12;7,0;25,0;24,0;;;False;4;sgd;minmax
584;2024-05-10 23:27:09.731188;0,251953125;;leaky_relu;;;256;0,10183726764248724;8,0;True;maxabs;0,030827242720326553;2631;17786;5269;dropout;0,19886546491332435;11;7,0;29,0;23,0;;0,007716147866930433;True;4;sgd;minmax
585;2024-05-10 23:27:48.837348;0,5273556113243103;;relu;;;16;;74,0;True;normalizer;0,4687341665971501;2631;17786;5269;vanilla;0,07187605299698828;13;6,0;28,0;19,0;;;False;4;sgd;minmax
586;2024-05-10 23:31:12.105031;0,533203125;;relu;;;256;;77,0;True;normalizer;0,398498360921513;2631;17786;5269;vanilla;0,03523525269788591;12;5,0;27,0;3,0;;;False;4;sgd;minmax
587;2024-05-10 23:31:54.105842;0,4596036672592163;;relu;;;32;;;False;;0,7380706758489185;2631;17786;5269;vanilla;0,09778468272832572;11;27,0;26,0;23,0;;;False;4;sgd;normalizer
588;2024-05-10 23:33:39.253673;0,532421886920929;;relu;;;256;0,15336373979809087;80,0;True;normalizer;0,12238307183434378;2631;17786;5269;dropout;0,08697715868080548;12;6,0;28,0;17,0;;;False;4;sgd;minmax
589;2024-05-10 23:34:32.465901;0,5263671875;;leaky_relu;;;256;;33,0;True;normalizer;0,5241165520894131;2631;17786;5269;vanilla;0,054303953621893726;6;5,0;14,0;13,0;;0,044500804987383916;False;4;sgd;minmax
590;2024-05-10 23:35:22.337218;0,5267578363418579;;relu;;;512;;79,0;True;normalizer;0,06751807806343355;2631;17786;5269;vanilla;0,42795141329637176;13;6,0;29,0;11,0;;;False;4;sgd;minmax
591;2024-05-10 23:36:01.847044;0,529101550579071;;relu;;;256;0,12693162329713545;75,0;True;normalizer;0,3651048377675946;2631;17786;5269;dropout;0,25423276889778385;12;24,0;27,0;22,0;;;False;4;sgd;maxabs
592;2024-05-10 23:36:53.669261;0,532031238079071;;relu;;;256;;82,0;True;normalizer;0,4336937350204711;2631;17786;5269;vanilla;0,02312673281085881;14;7,0;27,0;12,0;;;True;4;sgd;minmax
593;2024-05-10 23:37:59.329849;0,527148425579071;;leaky_relu;;;256;;76,0;True;normalizer;0,1689936518752447;2631;17786;5269;vanilla;0,044663821422705176;27;19,0;26,0;16,0;;0,03970678357283901;False;4;sgd;minmax
594;2024-05-10 23:38:48.770414;0,52734375;;relu;;;256;0,11739839422918982;78,0;True;normalizer;0,6259197809183302;2631;17786;5269;dropout;0,020516595018900522;12;5,0;28,0;6,0;;;False;4;sgd;minmax
595;2024-05-10 23:39:28.328159;0,530078113079071;;relu;;;512;;88,0;True;normalizer;0,0990877160169053;2631;17786;5269;vanilla;0,012502469753540198;21;6,0;28,0;22,0;;;False;4;sgd;minmax
596;2024-05-10 23:40:15.452523;0,5269531011581421;;relu;;;256;;73,0;True;normalizer;0,49275065406244123;2631;17786;5269;vanilla;0,16468079481914946;11;7,0;;;;;False;2;sgd;minmax
597;2024-05-10 23:40:55.690502;0,5318359136581421;;leaky_relu;;;256;;83,0;True;normalizer;0,9958460219240197;2631;17786;5269;vanilla;0,21394036419041895;28;5,0;30,0;25,0;;0,016240436493615267;True;4;sgd;minmax
598;2024-05-10 23:41:36.664110;0,5240091681480408;;relu;;;128;0,13432011441931888;;False;;0,3888007361925874;2631;17786;5269;dropout;0,3308150884776552;27;6,0;29,0;23,0;15,0;;False;5;sgd;minmax
599;2024-05-10 23:43:20.508867;0,49003905057907104;;relu;;;256;;94,0;True;normalizer;0,0029170295490564806;2631;17786;5269;batchnorm;0,0871649805902086;11;8,0;27,0;23,0;30,0;;False;5;sgd;minmax
600;2024-05-10 23:44:50.057238;0,5304877758026123;;relu;;;64;;91,0;True;normalizer;0,2912453267408037;2631;17786;5269;vanilla;0,07790480903412757;12;4,0;26,0;22,0;11,0;;False;5;sgd;minmax
601;2024-05-10 23:46:30.789308;0,5302734375;;relu;0,6187657695866857;0,26375643799369036;256;;81,0;True;normalizer;0,004451401821590264;2631;17786;5269;vanilla;;10;6,0;21,0;24,0;4,0;;;5;adam;minmax
602;2024-05-10 23:47:20.426658;0,4619140625;;leaky_relu;;;512;0,21279967382122186;85,0;True;normalizer;0,055086688054409;2631;17786;5269;dropout;0,00841523406641378;11;16,0;28,0;26,0;;0,03187568589392066;False;4;sgd;minmax
603;2024-05-10 23:47:45.637242;0,5326172113418579;;relu;;;256;;68,0;True;normalizer;0,5736992597196731;2631;17786;5269;vanilla;0,007152722838588749;7;20,0;25,0;21,0;10,0;;False;5;sgd;minmax
604;2024-05-10 23:48:31.736548;0,528515636920929;;relu;;;256;;78,0;True;normalizer;0,20731383422913985;2631;17786;5269;vanilla;0,03213978473737561;26;5,0;27,0;13,0;18,0;;True;5;sgd;minmax
605;2024-05-10 23:49:25.446633;0,5326172113418579;;relu;;;256;0,19792321813022465;87,0;True;normalizer;0,4396527482546937;2631;17786;5269;dropout;0,28398580344973673;8;7,0;26,0;21,0;21,0;;False;5;sgd;minmax
606;2024-05-10 23:50:44.286674;0,3804687559604645;;leaky_relu;;;256;;4,0;True;minmax;0,7733729836228407;2631;17786;5269;vanilla;0,5913769046984234;28;17,0;29,0;22,0;;0,05213599696510107;False;4;sgd;minmax
607;2024-05-10 23:52:00.433638;0,5317249298095703;;relu;;;8;;80,0;True;normalizer;0,1300033653473824;2631;17786;5269;vanilla;0,015128492215113346;13;15,0;27,0;23,0;29,0;;False;5;sgd;minmax
608;2024-05-10 23:59:07.377492;0,532421886920929;;relu;;;256;0,3179678254353149;93,0;True;normalizer;0,36006834863275183;2631;17786;5269;dropout;0,18247183921917282;10;3,0;28,0;;;;False;3;sgd;minmax
609;2024-05-10 23:59:48.390559;0,4619140625;;relu;;;512;;;False;;0,24004081052604814;2631;17786;5269;vanilla;0,39313701073407215;29;6,0;28,0;24,0;22,0;;False;5;sgd;normalizer
610;2024-05-11 00:00:14.795293;0,2861328125;;leaky_relu;;;256;;3,0;True;maxabs;0,0010282958817785656;2631;17786;5269;vanilla;0,13744474813544585;12;21,0;29,0;19,0;23,0;0,02056587760933701;True;5;sgd;minmax
611;2024-05-11 00:00:50.132184;0,4619140625;;relu;;;256;;77,0;True;normalizer;0,6501905349776868;2631;17786;5269;vanilla;0,24453584709950474;10;6,0;30,0;22,0;8,0;;False;5;sgd;minmax
612;2024-05-11 00:01:33.011684;0,4619140625;;relu;;;256;0,40447247021746846;89,0;True;normalizer;0,005361247927860042;2631;17786;5269;dropout;0,017926893846841475;8;5,0;27,0;22,0;22,0;;False;5;sgd;minmax
613;2024-05-11 00:02:10.882426;0,529101550579071;;relu;;;256;;100,0;True;normalizer;0,5285695940250932;2631;17786;5269;vanilla;0,009640321852625615;11;5,0;26,0;12,0;;;False;4;sgd;maxabs
614;2024-05-11 00:03:12.139657;0,4597264528274536;;relu;;;16;;82,0;True;normalizer;0,3304105925746969;2631;17786;5269;vanilla;0,4812924369826358;28;4,0;28,0;23,0;12,0;;False;5;sgd;minmax
615;2024-05-11 00:06:45.574900;0,5224609375;;leaky_relu;;;512;0,29844949233953816;96,0;True;normalizer;0,007327502534393742;2631;17786;5269;dropout;0,027481481668764855;22;;;;;0,025535313726639634;False;1;sgd;minmax
616;2024-05-11 00:08:07.707942;0,534375011920929;;relu;;;256;;84,0;True;normalizer;0,02012841459164062;2631;17786;5269;vanilla;0,7311632536473326;6;7,0;27,0;8,0;20,0;;False;5;sgd;minmax
617;2024-05-11 00:09:13.709604;0,5266768336296082;;relu;;;32;;83,0;True;normalizer;0,013400160272709682;2631;17786;5269;vanilla;0,678928309249764;7;18,0;25,0;7,0;20,0;;True;5;sgd;minmax
618;2024-05-11 00:11:54.010243;0,4619140625;;relu;;;256;;85,0;True;normalizer;0,024142038207164547;2631;17786;5269;vanilla;0,3608216346198879;4;25,0;29,0;7,0;19,0;;False;5;sgd;minmax
619;2024-05-11 00:12:33.704488;0,4619140625;;relu;;;256;;84,0;True;normalizer;0,018746811649808893;2631;17786;5269;vanilla;0,6979877780011632;7;6,0;27,0;4,0;;;False;4;sgd;minmax
620;2024-05-11 00:13:09.656602;0,524609386920929;;leaky_relu;0,7585784326203527;0,9859753570146799;256;;81,0;True;normalizer;0,0019522945049866877;2631;17786;5269;vanilla;;5;8,0;24,0;6,0;19,0;0,042608687287921464;;5;adam;minmax
621;2024-05-11 00:13:46.279221;0,521679699420929;;selu;;;256;;;False;;0,2797079862593071;2631;17786;5269;vanilla;0,6116501335688326;7;15,0;26,0;11,0;20,0;;False;5;sgd;minmax
622;2024-05-11 00:14:31.775478;0,4619140625;;relu;;;512;;83,0;True;normalizer;0,014528125119010173;2631;17786;5269;vanilla;0,10569615010359347;8;7,0;28,0;7,0;;;False;4;sgd;minmax
623;2024-05-11 00:15:01.589677;0,525390625;;relu;;;256;;79,0;True;normalizer;0,1895022046930273;2631;17786;5269;vanilla;0,5019325626535729;27;26,0;27,0;10,0;21,0;;False;5;sgd;minmax
624;2024-05-11 00:15:46.222876;0,525390625;;relu;;;256;;81,0;True;normalizer;0,11430379426819463;2631;17786;5269;vanilla;0,8218999209899251;7;6,0;29,0;10,0;20,0;;True;5;sgd;minmax
625;2024-05-11 00:16:28.025622;0,5322265625;;leaky_relu;;;256;;86,0;True;normalizer;0,02597741427087325;2631;17786;5269;vanilla;0,8725961603848654;5;20,0;30,0;8,0;3,0;0,046280864027979936;False;5;sgd;minmax
626;2024-05-11 00:17:14.239001;0,4619140625;;relu;;;256;;76,0;True;normalizer;0,037257954474917816;2631;17786;5269;vanilla;0,5566203996145871;6;14,0;28,0;5,0;21,0;;False;5;sgd;minmax
627;2024-05-11 00:17:54.497258;0,5298827886581421;;relu;;;512;;84,0;True;normalizer;0,034334114744087964;2631;17786;5269;vanilla;0,7479085952027866;6;4,0;28,0;9,0;15,0;;False;5;sgd;minmax
628;2024-05-11 00:18:42.988536;0,2522865831851959;;relu;;;128;;6,0;True;minmax;0,0011594500327226276;2631;17786;5269;vanilla;0,9062167909976633;6;10,0;17,0;13,0;17,0;;False;5;sgd;minmax
629;2024-05-11 00:19:43.935731;0,532421886920929;;leaky_relu;;;256;;79,0;True;normalizer;0,15230252754372428;2631;17786;5269;vanilla;0,15353222476111672;6;5,0;27,0;8,0;;0,0355470730962083;False;4;sgd;minmax
630;2024-05-11 00:20:26.941997;0,4596036672592163;;relu;;;64;;82,0;True;normalizer;0,02903883002269704;2631;17786;5269;vanilla;0,2061201997281759;5;6,0;26,0;14,0;20,0;;True;5;sgd;normalizer
631;2024-05-11 00:21:25.362315;0,251953125;;relu;;;256;;10,0;True;maxabs;0,020315700992383758;2631;17786;5269;vanilla;0,27467557369057455;6;16,0;29,0;8,0;;;False;4;sgd;minmax
632;2024-05-11 00:21:59.731968;0,4619140625;;relu;;;256;;;False;;0,01507351836334685;2631;17786;5269;vanilla;0,3240106604650606;23;7,0;26,0;15,0;22,0;;False;5;sgd;minmax
633;2024-05-11 00:22:45.275953;0,4619140625;;relu;;;256;;80,0;True;normalizer;0,017243136037990756;2631;17786;5269;vanilla;0,06276767923890776;28;24,0;28,0;12,0;21,0;;False;5;sgd;minmax
634;2024-05-11 00:23:22.817917;0,514453113079071;;leaky_relu;;;512;;50,0;True;normalizer;0,017012060487202968;2631;17786;5269;batchnorm;0,003142803824960933;8;5,0;27,0;9,0;13,0;0,037899504313494134;False;5;sgd;minmax
635;2024-05-11 00:24:12.827397;0,4619140625;;relu;;;256;;40,0;True;normalizer;0,012181528290718766;2631;17786;5269;vanilla;0,047484909719080065;29;6,0;27,0;5,0;10,0;;False;5;sgd;maxabs
636;2024-05-11 00:24:50.097302;0,4619140625;;relu;;;256;;86,0;True;normalizer;0,017401271049883597;2631;17786;5269;vanilla;0,08134065300121668;8;22,0;28,0;6,0;;;False;4;sgd;minmax
637;2024-05-11 00:25:26.241676;0,4619140625;;relu;;;256;;76,0;True;normalizer;0,026394956848551726;2631;17786;5269;vanilla;0,038901043400669265;9;6,0;26,0;23,0;21,0;;True;5;sgd;minmax
638;2024-05-11 00:26:11.275401;0,526975691318512;;leaky_relu;;;8;;70,0;True;normalizer;0,047912411635294506;2631;17786;5269;vanilla;0,223978425282912;7;14,0;13,0;4,0;11,0;0,013235612372444909;False;5;sgd;minmax
639;2024-05-11 00:33:11.634765;0,4619140625;;relu;0,6684728795789558;0,07329355999108278;256;;78,0;True;normalizer;0,3890802017656866;2631;17786;5269;vanilla;;27;8,0;30,0;12,0;18,0;;;5;adam;minmax
640;2024-05-11 00:33:59.873868;0,4619140625;;relu;;;256;;74,0;True;normalizer;0,006005379218500612;2631;17786;5269;vanilla;0,18447432942991487;28;19,0;29,0;13,0;14,0;;False;5;sgd;minmax
641;2024-05-11 00:34:37.869580;0,4619140625;;relu;;;512;;82,0;True;normalizer;0,020510650573147705;2631;17786;5269;vanilla;0,43223209019241116;6;7,0;7,0;24,0;12,0;;False;5;sgd;minmax
642;2024-05-11 00:35:04.809764;0,5263671875;;leaky_relu;;;256;;98,0;True;normalizer;0,030811985585505082;2631;17786;5269;vanilla;0,011740071261259049;5;5,0;25,0;23,0;;0,004158937289778349;False;4;sgd;minmax
643;2024-05-11 00:36:14.708740;0,4619140625;;relu;;;256;;;False;;0,3157502581520596;2631;17786;5269;vanilla;0,9813480809891116;30;4,0;28,0;25,0;22,0;;False;5;sgd;minmax
644;2024-05-11 00:36:50.578810;0,514247715473175;;selu;;;16;;80,0;True;normalizer;0,4220898683585992;2631;17786;5269;vanilla;0,019098580412176172;9;6,0;15,0;14,0;14,0;;True;5;sgd;minmax
645;2024-05-11 00:40:48.277915;0,533984363079071;;relu;;;256;;85,0;True;normalizer;0,2592463052174962;2631;17786;5269;vanilla;0,29363246031142287;29;15,0;29,0;3,0;30,0;;False;5;sgd;minmax
646;2024-05-11 00:41:35.341367;0,5333460569381714;;relu;;;32;;83,0;True;normalizer;0,21562165252212329;2631;17786;5269;vanilla;0,16821988287807105;8;12,0;27,0;9,0;12,0;;False;5;sgd;minmax
647;2024-05-11 00:44:05.546162;0,4619140625;;relu;;;256;;77,0;True;normalizer;0,012744391732822612;2631;17786;5269;vanilla;0,05497191242152943;9;17,0;28,0;23,0;;;False;4;sgd;minmax
648;2024-05-11 00:44:50.887546;0,4619140625;;leaky_relu;;;512;;46,0;True;normalizer;0,14652152866878568;2631;17786;5269;vanilla;0,024432814123110335;10;5,0;27,0;18,0;11,0;0,02704426735869594;False;5;sgd;minmax
649;2024-05-11 00:45:18.531877;0,5249999761581421;;relu;;;256;;72,0;True;normalizer;0,35692685648588673;2631;17786;5269;batchnorm;0,2456742873686718;8;6,0;26,0;11,0;9,0;;False;5;sgd;minmax
650;2024-05-11 00:45:59.825471;0,251953125;;relu;;;256;;9,0;True;minmax;0,47412982462978637;2631;17786;5269;vanilla;0,07350057716117268;28;7,0;29,0;24,0;13,0;;True;5;sgd;minmax
651;2024-05-11 00:46:44.561893;0,5267578363418579;;relu;;;256;;80,0;True;normalizer;0,29221495512198764;2631;17786;5269;vanilla;0,01612128217821774;10;13,0;27,0;22,0;;;False;4;sgd;minmax
652;2024-05-11 00:47:29.758658;0,516796886920929;;leaky_relu;;;256;;87,0;True;normalizer;0,3999416457178669;2631;17786;5269;vanilla;0,013645415005374141;7;14,0;28,0;;;0,05772635597477617;False;3;sgd;normalizer
653;2024-05-11 00:48:39.285971;0,4619140625;;relu;;;512;;78,0;True;normalizer;0,011264660313626463;2631;17786;5269;vanilla;0,09520885769333744;10;18,0;26,0;13,0;21,0;;False;5;sgd;minmax
654;2024-05-11 00:49:08.081380;0,251953125;;relu;;;256;;5,0;True;maxabs;0,02581936337795441;2631;17786;5269;vanilla;0,12274173779812302;20;4,0;22,0;22,0;23,0;;False;5;sgd;minmax
655;2024-05-11 00:49:46.761609;0,5230468511581421;;relu;;;256;;;False;;0,08506442363628741;2631;17786;5269;vanilla;0,7211172754395749;27;5,0;30,0;12,0;13,0;;False;5;sgd;minmax
656;2024-05-11 00:50:37.693409;0,5291539430618286;;relu;;;128;;75,0;True;normalizer;0,0212224849173484;2631;17786;5269;vanilla;0,3888191713188175;9;7,0;27,0;23,0;;;True;4;sgd;minmax
657;2024-05-11 00:52:08.124246;0,4619140625;;leaky_relu;;;256;;84,0;True;normalizer;0,009276342202170046;2631;17786;5269;vanilla;0,15165976085309496;29;25,0;29,0;21,0;22,0;0,04943969622367381;False;5;sgd;minmax
658;2024-05-11 00:52:51.188425;0,4619140625;;relu;0,9002116301186154;0,4458736319638088;256;;96,0;True;normalizer;0,8779173448574507;2631;17786;5269;vanilla;;8;21,0;25,0;22,0;9,0;;;5;adam;maxabs
659;2024-05-11 00:53:30.879507;0,529492199420929;;relu;;;256;;81,0;True;normalizer;0,33744313452278657;2631;17786;5269;vanilla;0,029611350402498567;9;16,0;28,0;13,0;19,0;;False;5;sgd;minmax
660;2024-05-11 00:54:26.005229;0,5257241129875183;;relu;;;64;;79,0;True;normalizer;0,051759826715053435;2631;17786;5269;vanilla;0,20478077854278146;19;24,0;27,0;11,0;15,0;;False;5;sgd;minmax
661;2024-05-11 00:56:26.813399;0,4619140625;;leaky_relu;;;512;0,38487335734784894;83,0;True;normalizer;0,12935752011900323;2631;17786;5269;dropout;0,02117625869684166;26;9,0;28,0;24,0;;0,010346360530606887;False;4;sgd;minmax
662;2024-05-11 00:56:57.855041;0,4619140625;;relu;;;256;;94,0;True;normalizer;0,010899704863453643;2631;17786;5269;vanilla;0,32015196714348215;28;6,0;26,0;22,0;11,0;;False;5;sgd;minmax
663;2024-05-11 00:57:30.629481;0,5326172113418579;;relu;;;256;;86,0;True;normalizer;0,09725967585931504;2631;17786;5269;vanilla;0,252912336832477;7;14,0;;;;;False;2;sgd;minmax
664;2024-05-11 00:58:15.320170;0,5228515863418579;;selu;;;256;;81,0;True;normalizer;0,07541991400788216;2631;17786;5269;vanilla;0,03455142043205402;10;5,0;27,0;14,0;12,0;;True;5;sgd;minmax
665;2024-05-11 00:58:56.345261;0,4619140625;;relu;;;256;0,3478613250512837;77,0;True;normalizer;0,0016719288829734637;2631;17786;5269;dropout;0,1331110932665132;8;15,0;29,0;21,0;14,0;;False;5;sgd;minmax
666;2024-05-11 00:59:33.341309;0,532031238079071;;relu;;;512;;74,0;True;normalizer;0,7177869083013664;2631;17786;5269;vanilla;0,17903400211300383;13;3,0;28,0;23,0;;;False;4;sgd;minmax
667;2024-05-11 01:00:16.112731;0,5028495192527771;;leaky_relu;;;8;;;False;;0,04016245285291969;2631;17786;5269;batchnorm;0,3518073211941117;11;7,0;25,0;17,0;28,0;0,021898600499899914;False;5;sgd;minmax
668;2024-05-11 01:15:05.163243;0,46406251192092896;;relu;;;256;;84,0;True;normalizer;0,0014597677715827264;2631;17786;5269;vanilla;0,6480627563269049;28;23,0;24,0;19,0;29,0;;False;5;sgd;minmax
669;2024-05-11 01:15:53.909688;0,5249999761581421;;relu;;;256;;91,0;True;normalizer;0,4503176521843697;2631;17786;5269;vanilla;0,22021539637846646;4;6,0;28,0;24,0;20,0;;False;5;sgd;minmax
670;2024-05-11 01:16:45.694099;0,5306640863418579;;relu;;;256;0,10075795136564664;88,0;True;normalizer;0,04754707453914357;2631;17786;5269;dropout;0,5234995957712791;29;5,0;27,0;15,0;8,0;;True;5;sgd;minmax
671;2024-05-11 01:17:59.420037;0,5318359136581421;;leaky_relu;;;256;;79,0;True;normalizer;0,04329631349862452;2631;17786;5269;vanilla;0,10839315078882829;27;28,0;29,0;22,0;;0,02947374627768702;False;4;sgd;minmax
672;2024-05-11 01:19:11.751404;0,4619140625;;relu;;;512;;82,0;True;normalizer;0,06493897486479451;2631;17786;5269;vanilla;0,0025474668315079614;9;19,0;27,0;12,0;22,0;;False;5;sgd;minmax
673;2024-05-11 01:19:50.426340;0,5287109613418579;;relu;;;256;0,11756567160983435;97,0;True;normalizer;0,6144085670400055;2631;17786;5269;dropout;0,2840646843726362;12;13,0;26,0;23,0;12,0;;False;5;sgd;minmax
674;2024-05-11 01:20:49.459473;0,4597264528274536;;relu;;;16;;76,0;True;normalizer;0,014341211047286242;2631;17786;5269;vanilla;0,010856649760618852;9;6,0;30,0;6,0;7,0;;False;5;sgd;normalizer
675;2024-05-11 01:24:17.978936;0,522265613079071;;leaky_relu;;;256;;85,0;True;normalizer;0,37203834634490074;2631;17786;5269;vanilla;0,808658180618773;10;8,0;28,0;18,0;10,0;0,01799905637100107;False;5;sgd;minmax
676;2024-05-11 01:25:08.908661;0,251953125;;relu;;;256;;7,0;True;maxabs;0,1751795317026738;2631;17786;5269;vanilla;0,01333042748864943;30;26,0;26,0;4,0;;;True;4;sgd;minmax
677;2024-05-11 01:26:04.687259;0,4619140625;;relu;0,769337764905363;0,3073362756423922;256;0,2521781846599497;;False;;0,058920853104667915;2631;17786;5269;dropout;;6;11,0;16,0;21,0;23,0;;;5;adam;minmax
678;2024-05-11 01:26:54.177580;0,2522865831851959;;relu;;;32;;9,0;True;minmax;0,549988175542982;2631;17786;5269;vanilla;0,45692530282511395;7;6,0;27,0;22,0;13,0;;False;5;sgd;minmax
679;2024-05-11 01:28:41.374735;0,5296875238418579;;leaky_relu;;;256;;81,0;True;normalizer;0,2724931365828594;2631;17786;5269;vanilla;0,004794544732553888;14;14,0;28,0;10,0;16,0;0,04090521283188224;False;5;sgd;minmax
680;2024-05-11 01:29:59.654099;0,4619140625;;relu;;;512;;14,0;True;normalizer;0,23127133338810935;2631;17786;5269;vanilla;0,06137707094239222;8;4,0;29,0;3,0;21,0;;False;5;sgd;maxabs
681;2024-05-11 01:30:45.025712;0,5335937738418579;;relu;;;256;0,14877142899816728;78,0;True;normalizer;0,11520971163352121;2631;17786;5269;dropout;0,01633802463747206;11;5,0;27,0;20,0;;;False;4;sgd;minmax
682;2024-05-11 01:32:06.837737;0,525390625;;relu;;;256;;87,0;True;normalizer;0,4449593439874413;2631;17786;5269;vanilla;0,001520481159715192;10;18,0;29,0;13,0;13,0;;False;5;sgd;minmax
683;2024-05-11 01:33:06.663652;0,533007800579071;;relu;;;256;;73,0;True;normalizer;0,3252587680578925;2631;17786;5269;vanilla;0,23186555970175735;28;15,0;26,0;7,0;29,0;;True;5;sgd;minmax
684;2024-05-11 01:34:36.420794;0,5279296636581421;;leaky_relu;;;256;;92,0;True;normalizer;0,01912117820845446;2631;17786;5269;vanilla;0,18921571015357794;12;12,0;28,0;16,0;;0,03205739530454178;False;4;sgd;minmax
685;2024-05-11 01:36:12.751385;0,4619140625;;relu;;;512;0,42627620574663766;83,0;True;normalizer;0,02320066171481062;2631;17786;5269;dropout;0,04137031555843197;7;5,0;27,0;;;;False;3;sgd;minmax
686;2024-05-11 01:36:56.795015;0,4596036672592163;;relu;;;128;;95,0;True;normalizer;0,031847822629382835;2631;17786;5269;vanilla;0,14139006240009078;29;7,0;25,0;23,0;30,0;;False;5;sgd;minmax
687;2024-05-11 01:37:57.569380;0,5322265625;;selu;;;256;;77,0;True;normalizer;0,41684319452265023;2631;17786;5269;vanilla;0,0721800619362281;9;17,0;28,0;22,0;11,0;;False;5;sgd;minmax
688;2024-05-11 01:38:54.446675;0,4619140625;;relu;;;256;0,17691290791255532;;False;;0,015966540820062578;2631;17786;5269;dropout;0,16330224284668246;8;6,0;27,0;24,0;17,0;;False;5;sgd;minmax
689;2024-05-11 01:39:59.873408;0,5316311120986938;;leaky_relu;;;64;;80,0;True;normalizer;0,5092673503806319;2631;17786;5269;vanilla;0,37931783298067706;18;7,0;30,0;21,0;;0,05426794296332085;False;4;sgd;minmax
690;2024-05-11 01:42:01.938377;0,5277343988418579;;relu;;;256;;48,0;True;normalizer;0,3076711761612461;2631;17786;5269;batchnorm;0,28334454617479804;3;13,0;28,0;8,0;12,0;;True;5;sgd;minmax
691;2024-05-11 01:43:03.746285;0,5238281488418579;;relu;;;256;;52,0;True;normalizer;0,13971342249068408;2631;17786;5269;vanilla;0,5805953689833439;10;6,0;29,0;14,0;5,0;;False;5;sgd;minmax
692;2024-05-11 01:44:09.889399;0,4619140625;;relu;;;512;;29,0;True;normalizer;0,17299134767129024;2631;17786;5269;vanilla;0,09745167728392778;28;5,0;26,0;23,0;23,0;;False;5;sgd;minmax
693;2024-05-11 01:44:40.207961;0,5341796875;;relu;;;256;0,2382025669522249;90,0;True;normalizer;0,3838780813778411;2631;17786;5269;dropout;0,023609740252520623;11;4,0;27,0;21,0;20,0;;False;5;sgd;minmax
694;2024-05-11 01:45:51.007919;0,5303951501846313;;leaky_relu;;;8;;86,0;True;normalizer;0,6105761559637068;2631;17786;5269;vanilla;0,047772530601991166;15;20,0;28,0;13,0;22,0;0,03374407372726597;False;5;sgd;minmax
695;2024-05-11 01:53:44.947377;0,533203125;;relu;;;256;;82,0;True;normalizer;0,49074758872133345;2631;17786;5269;vanilla;0,20026594832701172;9;16,0;29,0;22,0;;;False;4;sgd;minmax
696;2024-05-11 01:54:33.319484;0,251953125;;relu;0,5405331206085577;0,3847807505899491;256;;9,0;True;minmax;0,24498249249869378;2631;17786;5269;vanilla;;8;14,0;27,0;22,0;28,0;;;5;adam;minmax
697;2024-05-11 01:55:11.051159;0,522656261920929;;relu;;;256;0,13088649957006382;79,0;True;normalizer;0,7905048414834355;2631;17786;5269;dropout;0,018989904915168148;6;6,0;26,0;20,0;;;True;4;sgd;normalizer
698;2024-05-11 01:56:09.931722;0,4619140625;;leaky_relu;;;512;;75,0;True;normalizer;0,008015639718253822;2631;17786;5269;vanilla;0,246881552158124;27;5,0;30,0;23,0;18,0;0,04357673358241734;False;5;sgd;minmax
699;2024-05-11 01:56:36.057965;0,4619140625;;relu;;;256;;84,0;True;normalizer;0,0013865028310485665;2631;17786;5269;vanilla;0,010810123577619287;11;7,0;28,0;23,0;21,0;;False;5;sgd;minmax
700;2024-05-11 01:57:14.866773;0,529296875;;relu;;;256;;;False;;0,19857457581604226;2631;17786;5269;vanilla;0,31486461219819273;10;15,0;25,0;5,0;24,0;;False;5;sgd;minmax
701;2024-05-11 01:58:11.483501;0,251953125;;relu;;;256;0,47913396132297004;8,0;True;maxabs;0,36063920358236384;2631;17786;5269;dropout;0,006442615225695315;9;12,0;29,0;12,0;14,0;;False;5;sgd;maxabs
702;2024-05-11 01:58:53.170693;0,5302051901817322;;leaky_relu;;;16;;88,0;True;normalizer;0,004269967010448284;2631;17786;5269;vanilla;0,08085800206299176;8;22,0;27,0;21,0;11,0;0,024542733283230943;False;5;sgd;minmax
703;2024-05-11 02:05:01.219257;0,532421886920929;;relu;;;256;;53,0;True;normalizer;0,10791219429454907;2631;17786;5269;vanilla;0,43383947531258027;29;9,0;26,0;25,0;10,0;;True;5;sgd;minmax
704;2024-05-11 02:06:11.872325;0,4596036672592163;;relu;;;32;0,2761814092831887;64,0;True;normalizer;0,00698574152061922;2631;17786;5269;dropout;0,014627154072724895;12;8,0;28,0;22,0;;;False;4;sgd;minmax
705;2024-05-11 02:08:58.734254;0,5283203125;;relu;;;256;;93,0;True;normalizer;0,6852944190137087;2631;17786;5269;vanilla;0,11376231363486655;9;25,0;27,0;;;;False;3;sgd;minmax
706;2024-05-11 02:09:40.539875;0,4619140625;;relu;;;512;;98,0;True;normalizer;0,027685736219501676;2631;17786;5269;vanilla;0,012177623543140632;7;10,0;28,0;24,0;15,0;;False;5;sgd;minmax
707;2024-05-11 02:10:19.201606;0,5337890386581421;;leaky_relu;;;256;;80,0;True;normalizer;0,44736239915045733;2631;17786;5269;vanilla;0,030913407867241116;28;13,0;27,0;12,0;6,0;0,036003789425583826;False;5;sgd;minmax
708;2024-05-11 02:11:43.763992;0,533984363079071;;selu;;;256;0,16117992606183915;76,0;True;normalizer;0,27880945034313315;2631;17786;5269;dropout;0,05309032183251766;10;6,0;17,0;14,0;23,0;;False;5;sgd;minmax
709;2024-05-11 02:12:34.661420;0,4619140625;;relu;;;256;;44,0;True;normalizer;0,002242382093940098;2631;17786;5269;vanilla;0,2615937413735218;11;14,0;10,0;11,0;12,0;;True;5;sgd;minmax
710;2024-05-11 02:13:09.411396;0,4619140625;;relu;;;256;;82,0;True;normalizer;0,005900554421032651;2631;17786;5269;vanilla;0,1691580700481432;9;21,0;29,0;23,0;;;False;4;sgd;minmax
711;2024-05-11 02:13:59.201593;0,524609386920929;;relu;;;512;;;False;;0,32656099842534086;2631;17786;5269;vanilla;0,026678890059223158;8;5,0;14,0;20,0;13,0;;False;5;sgd;minmax
712;2024-05-11 02:14:40.825647;0,526562511920929;;leaky_relu;;;256;;50,0;True;normalizer;0,567096303213365;2631;17786;5269;batchnorm;0,21769862632386877;30;27,0;;;;0,0476133618778536;False;2;sgd;minmax
713;2024-05-11 02:15:18.387304;0,5302734375;;relu;;;256;0,22097536646852642;78,0;True;normalizer;0,3977919692485437;2631;17786;5269;dropout;0,3411104884913325;27;30,0;26,0;21,0;22,0;;False;5;sgd;minmax
714;2024-05-11 02:16:18.311814;0,5209603905677795;;relu;;;128;;72,0;True;normalizer;0,16047212443633213;2631;17786;5269;vanilla;0,5070880705178803;7;6,0;28,0;19,0;19,0;;False;5;sgd;minmax
715;2024-05-11 02:17:17.168259;0,4619140625;;relu;0,6272344182057907;0,41062375978230237;256;;85,0;True;normalizer;0,09031007546076669;2631;17786;5269;vanilla;;10;19,0;30,0;22,0;11,0;;;5;adam;minmax
716;2024-05-11 02:18:07.561880;0,5316406488418579;;leaky_relu;;;256;;89,0;True;normalizer;0,4814902670384985;2631;17786;5269;vanilla;0,13981570038054045;13;4,0;29,0;3,0;;0,06491487628829551;False;4;sgd;minmax
717;2024-05-11 02:18:45.677102;0,53125;;relu;;;64;0,11966581662479311;94,0;True;normalizer;0,35496230703539344;2631;17786;5269;dropout;0,19621485131551186;28;5,0;26,0;17,0;12,0;;True;5;sgd;minmax
718;2024-05-11 02:20:45.520597;0,4619140625;;relu;;;512;;81,0;True;normalizer;0,28716688217227043;2631;17786;5269;vanilla;0,08911870356095539;26;24,0;27,0;13,0;14,0;;False;5;sgd;normalizer
719;2024-05-11 02:21:14.277343;0,4619140625;;relu;;;256;;79,0;True;normalizer;0,002275814999191738;2631;17786;5269;vanilla;0,008889590144212754;11;18,0;28,0;22,0;22,0;;False;5;sgd;minmax
720;2024-05-11 02:21:58.225461;0,3525390625;;relu;;;256;0,14445187080815783;7,0;True;minmax;0,03539162919751388;2631;17786;5269;dropout;0,001255110704705528;29;7,0;27,0;24,0;;;False;4;sgd;minmax
721;2024-05-11 02:22:54.897975;0,4619140625;;leaky_relu;;;256;;74,0;True;normalizer;0,0574904091395324;2631;17786;5269;vanilla;0,29320012788414596;8;13,0;28,0;23,0;13,0;0,0513093710393772;False;5;sgd;minmax
722;2024-05-11 02:23:44.027196;0,530468761920929;;relu;;;256;;;False;;0,41844050712249614;2631;17786;5269;vanilla;0,408528596452218;12;7,0;29,0;4,0;20,0;;False;5;sgd;minmax
723;2024-05-11 02:24:38.714807;0,5318359136581421;;relu;;;256;;84,0;True;normalizer;0,07350358849935323;2631;17786;5269;vanilla;0,004042349561570694;5;5,0;27,0;15,0;28,0;;True;5;sgd;minmax
724;2024-05-11 02:25:46.638463;0,4619140625;;relu;;;512;0,3234181761495465;69,0;True;normalizer;0,221371971805466;2631;17786;5269;dropout;0,020978261631758303;6;6,0;29,0;21,0;30,0;;False;5;sgd;maxabs
725;2024-05-11 02:26:13.689661;0,2520896792411804;;leaky_relu;;;8;;2,0;True;maxabs;0,1372032119889688;2631;17786;5269;vanilla;0,03377960766377239;9;17,0;26,0;13,0;;0,006806977321612825;False;4;sgd;minmax
726;2024-05-11 02:32:46.041890;0,4619140625;;relu;;;256;;87,0;True;normalizer;0,00301686228235018;2631;17786;5269;vanilla;0,017567232155049187;10;6,0;3,0;21,0;21,0;;False;5;sgd;minmax
727;2024-05-11 02:33:28.872265;0,5318359136581421;;relu;;;256;;77,0;True;normalizer;0,5533342234628652;2631;17786;5269;vanilla;0,22827175382540368;28;14,0;28,0;12,0;23,0;;False;5;sgd;minmax
728;2024-05-11 02:34:27.776961;0,533007800579071;;relu;;;256;0,25929530858253885;92,0;True;normalizer;0,013305659452654606;2631;17786;5269;dropout;0,00272490086231128;8;11,0;27,0;;;;False;3;sgd;minmax
729;2024-05-11 02:35:49.876586;0,526171863079071;;relu;;;256;;96,0;True;normalizer;0,47445294108711217;2631;17786;5269;vanilla;0,005366155140442719;11;15,0;30,0;22,0;25,0;;True;5;sgd;minmax
730;2024-05-11 02:36:54.856212;0,2861328125;;selu;;;512;;81,0;True;normalizer;0,8967866025773561;2631;17786;5269;vanilla;0,17137845453235898;10;4,0;25,0;23,0;29,0;;False;5;sgd;minmax
731;2024-05-11 02:37:21.488335;0,5302051901817322;;leaky_relu;;;16;;83,0;True;normalizer;0,00812888428313225;2631;17786;5269;vanilla;0,739062974897497;27;16,0;26,0;10,0;;0,0455221477265598;False;4;sgd;minmax
732;2024-05-11 02:41:08.301944;0,4619140625;;relu;;;256;0,2875024795236651;86,0;True;normalizer;0,01073547010861753;2631;17786;5269;dropout;0,06536462507171532;17;23,0;28,0;24,0;24,0;;False;5;sgd;minmax
733;2024-05-11 02:42:00.991676;0,501171886920929;;relu;0,38495898679846197;0,21024038510688342;256;;100,0;True;normalizer;0,00263788883753049;2631;17786;5269;batchnorm;;7;5,0;27,0;5,0;13,0;;;5;adam;minmax
734;2024-05-11 02:43:02.372854;0,531054675579071;;relu;;;256;;;False;;0,6873032378292734;2631;17786;5269;vanilla;0,1161875776092568;9;13,0;28,0;6,0;;;False;4;sgd;minmax
735;2024-05-11 02:43:40.653826;0,525390625;;leaky_relu;;;256;;78,0;True;normalizer;0,3100193828711146;2631;17786;5269;vanilla;0,009948352553829141;12;7,0;24,0;19,0;16,0;0,0393366595748363;False;5;sgd;minmax
736;2024-05-11 02:44:24.343395;0,530078113079071;;relu;;;512;;75,0;True;normalizer;0,256090282455114;2631;17786;5269;vanilla;0,35123434625262656;29;14,0;29,0;20,0;11,0;;True;5;sgd;minmax
737;2024-05-11 02:45:09.511928;0,5308688879013062;;relu;;;32;0,20352162593972536;90,0;True;normalizer;0,3697481397446942;2631;17786;5269;dropout;0,039875139379505146;8;6,0;16,0;22,0;9,0;;False;5;sgd;minmax
738;2024-05-11 02:48:47.075420;0,5335937738418579;;relu;;;256;;80,0;True;normalizer;0,42701759383463866;2631;17786;5269;vanilla;0,2558567083620823;28;20,0;26,0;25,0;12,0;;False;5;sgd;minmax
739;2024-05-11 02:49:29.150875;0,530078113079071;;leaky_relu;;;256;;83,0;True;normalizer;0,6104061248027428;2631;17786;5269;vanilla;0,015247091572681521;11;8,0;27,0;23,0;;0,01664247602453006;False;4;sgd;minmax
740;2024-05-11 02:50:24.375619;0,4619140625;;relu;;;256;0,1727673523366903;35,0;True;normalizer;0,12280956692902498;2631;17786;5269;dropout;0,15046963389203563;9;6,0;28,0;18,0;10,0;;False;5;sgd;normalizer
741;2024-05-11 02:51:01.649638;0,4619140625;;relu;;;256;;79,0;True;normalizer;0,10163975042226117;2631;17786;5269;vanilla;0,9919119158246007;7;5,0;29,0;11,0;22,0;;False;5;sgd;minmax
742;2024-05-11 02:51:37.793307;0,4619140625;;relu;;;256;;76,0;True;normalizer;0,0012183244976698968;2631;17786;5269;vanilla;0,012918473159766729;21;12,0;27,0;21,0;27,0;;False;5;sgd;minmax
743;2024-05-11 02:52:50.959514;0,40312498807907104;;relu;;;512;;1,0;True;minmax;0,5283835706046855;2631;17786;5269;vanilla;0,3090042798669695;10;4,0;26,0;22,0;24,0;;True;5;sgd;minmax
744;2024-05-11 02:53:41.771522;0,529296875;;leaky_relu;;;256;0,11254298681182948;95,0;True;normalizer;0,025092441708921612;2631;17786;5269;dropout;0,20539234902550468;10;25,0;28,0;9,0;;0,030717863618215747;False;4;sgd;minmax
745;2024-05-11 02:54:51.089261;0,5205792784690857;;relu;;;128;;;False;;0,18207166262974078;2631;17786;5269;vanilla;0,18816200948705872;8;5,0;27,0;13,0;14,0;;False;5;sgd;minmax
746;2024-05-11 02:56:19.132685;0,5287728905677795;;relu;;;64;;55,0;True;normalizer;0,3343772873216391;2631;17786;5269;vanilla;0,12868138774884139;28;6,0;25,0;22,0;8,0;;False;5;sgd;maxabs
747;2024-05-11 02:59:01.803228;0,53125;;relu;;;256;;88,0;True;normalizer;0,4179973634704232;2631;17786;5269;vanilla;0,022364809962257613;13;26,0;29,0;7,0;23,0;;False;5;sgd;minmax
748;2024-05-11 02:59:44.885560;0,251953125;;leaky_relu;;;256;0,3019675926602285;4,0;True;maxabs;0,7934665743719256;2631;17786;5269;dropout;0,00609561129983497;29;19,0;30,0;20,0;;0,07975395896668253;False;4;sgd;minmax
749;2024-05-11 03:00:25.722274;0,529101550579071;;relu;;;256;;84,0;True;normalizer;0,06472046097644613;2631;17786;5269;vanilla;0,007427377355117274;16;7,0;28,0;12,0;21,0;;True;5;sgd;minmax
750;2024-05-11 03:01:51.626661;0,533007800579071;;relu;;;512;;86,0;True;normalizer;0,48660500940595797;2631;17786;5269;vanilla;0,6132042601938292;30;3,0;27,0;28,0;29,0;;False;5;sgd;minmax
751;2024-05-11 03:02:30.844765;0,5345703363418579;;relu;;;256;;81,0;True;normalizer;0,20258641298498345;2631;17786;5269;vanilla;0,4704775367955235;11;13,0;13,0;14,0;11,0;;False;5;sgd;minmax
752;2024-05-11 03:03:16.870696;0,5279296636581421;;selu;;;256;;80,0;True;normalizer;0,17656732039468337;2631;17786;5269;vanilla;0,4754414922248237;11;13,0;26,0;14,0;11,0;;False;5;sgd;minmax
753;2024-05-11 03:04:03.809395;0,4619140625;;relu;0,49428644903829244;0,6614335596357082;256;;81,0;True;normalizer;0,2139870450367212;2631;17786;5269;vanilla;;12;12,0;13,0;26,0;;;;4;adam;minmax
754;2024-05-11 03:04:43.247663;0,5345703363418579;;leaky_relu;;;256;;82,0;True;normalizer;0,15569551554706376;2631;17786;5269;vanilla;0,5287470225788189;12;13,0;10,0;21,0;11,0;0,05640749478706848;False;5;sgd;minmax
755;2024-05-11 03:05:35.705895;0,5341796875;;leaky_relu;;;256;;83,0;True;normalizer;0,1360655743213388;2631;17786;5269;vanilla;0,5790532101375835;13;13,0;11,0;14,0;10,0;0,057085270753622255;False;5;sgd;minmax
756;2024-05-11 03:06:38.731550;0,5341796875;;leaky_relu;;;256;;82,0;True;normalizer;0,16485697040550049;2631;17786;5269;vanilla;0,5215885081716435;14;13,0;11,0;16,0;10,0;0,05958677950804804;False;5;sgd;minmax
757;2024-05-11 03:07:25.089222;0,4619140625;;leaky_relu;;;256;;;False;;0,15590344734626654;2631;17786;5269;vanilla;0,39409695744294077;13;12,0;12,0;15,0;11,0;0,06331755923247513;True;5;sgd;minmax
758;2024-05-11 03:07:59.625878;0,5341796875;;leaky_relu;;;256;;82,0;True;normalizer;0,19976367512284193;2631;17786;5269;vanilla;0,4416164483733432;12;12,0;9,0;15,0;;0,055710127956878346;False;4;sgd;minmax
759;2024-05-11 03:08:46.965238;0,525390625;;leaky_relu;;;256;;78,0;True;normalizer;0,14825272968830333;2631;17786;5269;vanilla;0,5502500113945676;12;;;;;0,04163073386478974;False;1;sgd;minmax
760;2024-05-11 03:09:27.616810;0,528515636920929;;leaky_relu;;;256;;85,0;True;normalizer;0,19504910180277393;2631;17786;5269;vanilla;0,6590700366645059;12;13,0;10,0;23,0;12,0;0,06127539542293931;False;5;sgd;minmax
761;2024-05-11 03:10:10.027557;0,5328124761581421;;leaky_relu;;;256;;81,0;True;normalizer;0,15306705244580024;2631;17786;5269;vanilla;0,4373718907237597;12;14,0;25,0;14,0;11,0;0,06886819918032168;False;5;sgd;minmax
762;2024-05-11 03:11:10.713627;0,4619140625;;leaky_relu;;;256;;79,0;True;normalizer;0,02085657751198298;2631;17786;5269;vanilla;0,48244333598982914;7;13,0;8,0;21,0;11,0;0,03730752491986851;False;5;sgd;minmax
763;2024-05-11 03:11:56.874914;0,5279296636581421;;leaky_relu;;;256;;83,0;True;normalizer;0,24581719247829287;2631;17786;5269;vanilla;0,05054244249355383;12;14,0;12,0;22,0;12,0;0,05258236713202898;True;5;sgd;minmax
764;2024-05-11 03:12:59.878569;0,4619140625;;leaky_relu;;;256;;77,0;True;normalizer;0,17535159088876945;2631;17786;5269;vanilla;0,35017781041890594;6;13,0;13,0;24,0;;0,04921053763319935;False;4;sgd;normalizer
765;2024-05-11 03:13:37.506085;0,5307750701904297;;leaky_relu;;;8;;85,0;True;normalizer;0,12113200281905358;2631;17786;5269;vanilla;0,38418712397078425;13;12,0;9,0;23,0;10,0;0,034351139699439634;False;5;sgd;minmax
766;2024-05-11 03:20:34.143281;0,4619140625;;leaky_relu;;;256;;80,0;True;normalizer;0,015109776138473014;2631;17786;5269;vanilla;0,034974673518191494;27;14,0;11,0;14,0;12,0;0,04461734454662283;False;5;sgd;minmax
767;2024-05-11 03:21:17.054214;0,530468761920929;;leaky_relu;;;256;;82,0;True;normalizer;0,20405085194656933;2631;17786;5269;vanilla;0,6698596226244462;29;13,0;14,0;21,0;10,0;0,02729945502833773;False;5;sgd;minmax
768;2024-05-11 03:21:59.741592;0,3755859434604645;;leaky_relu;;;256;;8,0;True;minmax;0,13743566950651825;2631;17786;5269;vanilla;0,27227862518335705;8;14,0;9,0;22,0;;0,03896440753741702;False;4;sgd;maxabs
769;2024-05-11 03:22:42.508336;0,5322265625;;leaky_relu;;;256;;;False;;0,23572910119066023;2631;17786;5269;vanilla;0,3148305381522866;11;13,0;15,0;15,0;11,0;0,047205369482920805;False;5;sgd;minmax
770;2024-05-11 03:23:36.059672;0,5322265625;;leaky_relu;;;256;;84,0;True;normalizer;0,1588742348587337;2631;17786;5269;vanilla;0,041017956911757816;14;12,0;13,0;24,0;12,0;0,05395541854524911;True;5;sgd;minmax
771;2024-05-11 03:24:26.959773;0,5220702886581421;;leaky_relu;;;256;;78,0;True;normalizer;0,2924071655883453;2631;17786;5269;vanilla;0,8391342637136797;28;11,0;18,0;23,0;9,0;0,029087604605727263;False;5;sgd;minmax
772;2024-05-11 03:25:14.591694;0,251953125;;leaky_relu;0,06477364931831864;0,7817537056017199;256;;9,0;True;maxabs;0,1176669318275443;2631;17786;5269;vanilla;;11;15,0;6,0;4,0;13,0;0,041913998573713813;;5;adam;minmax
773;2024-05-11 03:25:51.410185;0,525390625;;relu;;;256;;81,0;True;normalizer;0,1843765149832307;2631;17786;5269;vanilla;0,5086498933317197;8;14,0;8,0;;;;False;3;sgd;minmax
774;2024-05-11 03:26:33.229222;0,4619140625;;leaky_relu;;;256;;75,0;True;normalizer;0,03833972137637583;2631;17786;5269;vanilla;0,008910134955030317;7;13,0;10,0;20,0;11,0;0,05980782679694163;False;5;sgd;minmax
775;2024-05-11 03:27:12.685319;0,5267857313156128;;selu;;;16;;86,0;True;normalizer;0,019384272548086924;2631;17786;5269;vanilla;0,027153926012149356;28;29,0;5,0;22,0;;;False;4;sgd;minmax
776;2024-05-11 03:30:42.299061;0,4596036672592163;;relu;;;32;;80,0;True;normalizer;0,006881408181128323;2631;17786;5269;vanilla;0,061517977599521566;12;12,0;7,0;3,0;12,0;;False;5;sgd;minmax
777;2024-05-11 03:32:30.344152;0,5269531011581421;;relu;;;256;;84,0;True;normalizer;0,260559477639494;2631;17786;5269;vanilla;0,010995867203123;27;15,0;12,0;21,0;;;True;4;sgd;minmax
778;2024-05-11 03:33:17.844913;0,5298827886581421;;relu;;;256;;73,0;True;normalizer;0,22446266636030154;2631;17786;5269;vanilla;0,07480626723336953;13;14,0;17,0;23,0;11,0;;False;5;sgd;minmax
779;2024-05-11 03:34:25.923843;0,4619140625;;leaky_relu;;;256;;77,0;True;normalizer;0,028018212075505797;2631;17786;5269;vanilla;0,4125247406493541;9;13,0;26,0;18,0;10,0;0,03196306700984141;False;5;sgd;minmax
780;2024-05-11 03:35:02.715209;0,4619140625;;relu;;;256;;;False;;0,022555883646191523;2631;17786;5269;vanilla;0,5782384138146159;26;21,0;14,0;22,0;13,0;;False;5;sgd;minmax
781;2024-05-11 03:35:45.218834;0,5298827886581421;;relu;;;256;;79,0;True;normalizer;0,3087193254869814;2631;17786;5269;vanilla;0,23549630018499096;8;12,0;27,0;20,0;12,0;;False;5;sgd;minmax
782;2024-05-11 03:36:37.904037;0,49492186307907104;;relu;;;256;;87,0;True;normalizer;0,01085663136585595;2631;17786;5269;batchnorm;0,0021406603252065747;5;13,0;13,0;24,0;;;False;4;sgd;minmax
783;2024-05-11 03:37:23.425061;0,5331555008888245;;leaky_relu;;;128;;82,0;True;normalizer;0,0805846455032213;2631;17786;5269;vanilla;0,046528364111398796;7;14,0;16,0;23,0;13,0;0,02371640197925796;True;5;sgd;minmax
784;2024-05-11 03:39:12.544310;0,4619140625;;relu;;;256;;53,0;True;normalizer;0,13388687991084927;2631;17786;5269;vanilla;0,05590665532980644;29;14,0;10,0;17,0;9,0;;False;5;sgd;minmax
785;2024-05-11 03:39:53.934419;0,4619140625;;relu;;;256;;77,0;True;normalizer;0,03326966758191323;2631;17786;5269;vanilla;0,3621851318743588;30;17,0;19,0;21,0;12,0;;False;5;sgd;minmax
786;2024-05-11 03:40:34.836049;0,4619140625;;relu;;;256;;83,0;True;normalizer;0,016309894507803537;2631;17786;5269;vanilla;0,2699876067926074;11;16,0;11,0;22,0;;;False;4;sgd;minmax
787;2024-05-11 03:41:09.510086;0,4619140625;;leaky_relu;;;256;;79,0;True;normalizer;0,16192561028676666;2631;17786;5269;vanilla;0,31942983043006845;6;15,0;12,0;21,0;19,0;0,050999337250904636;False;5;sgd;normalizer
788;2024-05-11 03:41:47.721444;0,5257812738418579;;relu;;;256;;81,0;True;normalizer;0,3446728807327256;2631;17786;5269;vanilla;0,007691946609982078;9;13,0;11,0;16,0;11,0;;False;5;sgd;minmax
789;2024-05-11 03:42:39.209371;0,5304877758026123;;relu;;;64;;71,0;True;normalizer;0,0951579579814481;2631;17786;5269;vanilla;0,47189817026299535;27;14,0;27,0;19,0;18,0;;True;5;sgd;minmax
790;2024-05-11 03:44:24.522141;0,4619140625;;relu;;;256;;85,0;True;normalizer;0,0015317969163399822;2631;17786;5269;vanilla;0,28333551180047045;8;12,0;15,0;8,0;21,0;;False;5;sgd;minmax
791;2024-05-11 03:45:08.263436;0,5315349698066711;;leaky_relu;;;8;;;False;;0,1928144428964959;2631;17786;5269;vanilla;0,009828904910729611;25;13,0;22,0;14,0;;0,0366429021792764;False;4;sgd;maxabs
792;2024-05-11 03:51:48.656452;0,38671875;;relu;0,716317162104724;0,2509346420648085;256;;9,0;True;minmax;0,0050763884159691856;2631;17786;5269;vanilla;;11;8,0;6,0;6,0;20,0;;;5;adam;minmax
793;2024-05-11 03:52:35.615494;0,4619140625;;relu;;;256;;88,0;True;normalizer;0,04168814318298973;2631;17786;5269;vanilla;0,004859781234286655;28;18,0;8,0;9,0;10,0;;False;5;sgd;minmax
794;2024-05-11 03:53:16.219046;0,529296875;;relu;;;256;;75,0;True;normalizer;0,28747830263231566;2631;17786;5269;vanilla;0,09568717623223237;9;7,0;26,0;23,0;13,0;;False;5;sgd;minmax
795;2024-05-11 03:54:30.054530;0,251953125;;leaky_relu;;;256;;7,0;True;maxabs;0,9796942577368859;2631;17786;5269;vanilla;0,03088667756218871;12;13,0;26,0;25,0;4,0;0,019228924647893345;False;5;sgd;minmax
796;2024-05-11 03:55:12.383199;0,251953125;;selu;;;256;;80,0;True;normalizer;0,7013439503982369;2631;17786;5269;vanilla;0,7978194915176755;28;20,0;27,0;22,0;;;True;4;sgd;minmax
797;2024-05-11 03:55:51.804541;0,53515625;;relu;;;256;;83,0;True;normalizer;0,3808994158265536;2631;17786;5269;vanilla;0,24271853875587043;29;15,0;27,0;13,0;12,0;;False;5;sgd;minmax
798;2024-05-11 03:56:59.758088;0,4597264528274536;;relu;;;16;;84,0;True;normalizer;0,37065464203043647;2631;17786;5269;vanilla;0,24274572109201262;29;16,0;20,0;13,0;17,0;;False;5;sgd;minmax
799;2024-05-11 04:02:40.724076;0,532031238079071;;relu;;;256;;86,0;True;normalizer;0,41077720089318925;2631;17786;5269;vanilla;0,2980896112531707;30;15,0;;;;;False;2;sgd;minmax
800;2024-05-11 04:03:23.530506;0,5127667784690857;;relu;;;32;;83,0;True;normalizer;0,3643908199365804;2631;17786;5269;batchnorm;0,3605724958721081;29;15,0;21,0;;;;False;3;sgd;minmax
801;2024-05-11 04:06:56.770711;0,527148425579071;;leaky_relu;;;256;;87,0;True;normalizer;0,580849031603713;2631;17786;5269;vanilla;0,035689301557924415;30;16,0;26,0;14,0;12,0;0,07316362420588546;False;5;sgd;minmax
802;2024-05-11 04:07:40.883828;0,4619140625;;relu;;;256;;85,0;True;normalizer;0,009871770402254227;2631;17786;5269;vanilla;0,012339964244888552;29;15,0;27,0;13,0;;;False;4;sgd;minmax
803;2024-05-11 04:08:28.422117;0,4619140625;;relu;;;256;;;False;;0,008308800699698117;2631;17786;5269;vanilla;0,043703138089539954;29;15,0;26,0;13,0;11,0;;True;5;sgd;minmax
804;2024-05-11 04:09:04.931726;0,4619140625;;leaky_relu;;;256;;82,0;True;normalizer;0,047343915686202324;2631;17786;5269;vanilla;0,23748854596260138;29;16,0;27,0;12,0;15,0;0,043255567152349184;False;5;sgd;minmax
805;2024-05-11 04:09:43.302882;0,5341796875;;relu;;;256;;50,0;True;normalizer;0,312517498222902;2631;17786;5269;vanilla;0,41479649822060677;28;14,0;4,0;11,0;9,0;;False;5;sgd;minmax
806;2024-05-11 04:10:39.141429;0,4619140625;;relu;;;256;;83,0;True;normalizer;0,013511407836420608;2631;17786;5269;vanilla;0,02535457787830863;30;15,0;25,0;12,0;7,0;;False;5;sgd;minmax
807;2024-05-11 04:11:18.366683;0,527148425579071;;relu;;;256;;88,0;True;normalizer;0,434092056303013;2631;17786;5269;vanilla;0,0013496448497390791;28;16,0;27,0;13,0;12,0;;False;5;sgd;minmax
808;2024-05-11 04:12:14.967824;0,4619140625;;leaky_relu;;;256;;85,0;True;normalizer;0,0032781986346933386;2631;17786;5269;vanilla;0,0704057412048861;28;14,0;26,0;14,0;14,0;0,06610749231433158;False;5;sgd;minmax
809;2024-05-11 04:12:50.931277;0,4619140625;;relu;;;256;;89,0;True;normalizer;0,005701953117229558;2631;17786;5269;vanilla;0,6319483695434016;29;14,0;14,0;13,0;;;False;4;sgd;minmax
810;2024-05-11 04:13:33.874264;0,4596036672592163;;relu;;;64;;83,0;True;normalizer;0,27496188965803325;2631;17786;5269;vanilla;0,5350163599784724;27;15,0;27,0;14,0;10,0;;True;5;sgd;normalizer
811;2024-05-11 04:15:12.612615;0,4596036672592163;;relu;0,9034031313144758;0,29537753269808487;128;;81,0;True;normalizer;0,48141435888995665;2631;17786;5269;vanilla;;29;22,0;23,0;22,0;13,0;;;5;adam;minmax
812;2024-05-11 04:16:21.634360;0,526171863079071;;leaky_relu;;;256;;85,0;True;normalizer;0,33967817193111133;2631;17786;5269;vanilla;0,00391405192855489;28;16,0;26,0;12,0;20,0;0,06308193988752962;False;5;sgd;minmax
813;2024-05-11 04:17:27.362551;0,5337890386581421;;relu;;;256;;81,0;True;normalizer;0,38417973804853167;2631;17786;5269;vanilla;0,0030393553168141085;29;17,0;27,0;15,0;;;False;4;sgd;maxabs
814;2024-05-11 04:18:23.697438;0,528124988079071;;relu;;;256;;;False;;0,24975368169561557;2631;17786;5269;vanilla;0,27094393724149907;12;14,0;25,0;21,0;11,0;;False;5;sgd;minmax
815;2024-05-11 04:19:18.840321;0,251953125;;relu;;;256;;9,0;True;minmax;0,0012335804448478933;2631;17786;5269;vanilla;0,006680853709964611;30;15,0;26,0;20,0;11,0;;False;5;sgd;minmax
816;2024-05-11 04:19:55.139353;0,4619140625;;leaky_relu;;;256;;79,0;True;normalizer;0,0034168121103404113;2631;17786;5269;vanilla;0,3347805751169552;6;14,0;24,0;5,0;21,0;0,057360210602909904;False;5;sgd;minmax
817;2024-05-11 04:20:43.909427;0,5108282566070557;;relu;;;8;;82,0;True;normalizer;0,6465872670206992;2631;17786;5269;batchnorm;0,21591120698229052;27;24,0;27,0;14,0;;;True;4;sgd;minmax
818;2024-05-11 04:36:52.373153;0,5296875238418579;;selu;;;256;;25,0;True;normalizer;0,5449730303643984;2631;17786;5269;vanilla;0,030418920479142856;24;13,0;15,0;22,0;22,0;;False;5;sgd;minmax
819;2024-05-11 04:37:40.282235;0,251953125;;relu;;;256;;3,0;True;maxabs;0,4444522566953596;2631;17786;5269;vanilla;0,29988764310325766;28;15,0;27,0;13,0;12,0;;False;5;sgd;minmax
820;2024-05-11 04:38:15.532823;0,526171863079071;;leaky_relu;;;256;;58,0;True;normalizer;0,8098561865303425;2631;17786;5269;vanilla;0,003381345349900105;7;16,0;27,0;11,0;13,0;0,03438504722132119;False;5;sgd;minmax
821;2024-05-11 04:39:01.809570;0,4619140625;;relu;;;256;;87,0;True;normalizer;0,004320568251252533;2631;17786;5269;vanilla;0,01178473615930673;13;14,0;28,0;4,0;8,0;;False;5;sgd;minmax
822;2024-05-11 04:39:40.728296;0,4619140625;;relu;;;256;;67,0;True;normalizer;0,0027203514375408393;2631;17786;5269;vanilla;0,04885592852819706;11;25,0;26,0;;;;False;3;sgd;minmax
823;2024-05-11 04:40:29.555803;0,5227963328361511;;relu;;;16;;51,0;True;normalizer;0,3197895338035494;2631;17786;5269;vanilla;0,7265797782283312;12;15,0;28,0;15,0;;;True;4;sgd;minmax
824;2024-05-11 04:43:55.647254;0,532031238079071;;leaky_relu;;;256;;85,0;True;normalizer;0,37919493379994645;2631;17786;5269;vanilla;0,10412608685189885;28;26,0;13,0;21,0;12,0;0,04020294004055776;False;5;sgd;minmax
825;2024-05-11 04:44:43.640078;0,533203125;;relu;;;256;;55,0;True;normalizer;0,5066735211202266;2631;17786;5269;vanilla;0,25428067339631943;22;13,0;27,0;19,0;10,0;;False;5;sgd;minmax
826;2024-05-11 04:45:28.426624;0,4596036672592163;;relu;;;32;;;False;;0,010293356427420314;2631;17786;5269;vanilla;0,08742797937641399;11;11,0;7,0;12,0;14,0;;False;5;sgd;minmax
827;2024-05-11 04:47:16.938680;0,4619140625;;relu;;;256;;89,0;True;normalizer;0,21733750177986286;2631;17786;5269;vanilla;0,0010783849914406066;26;14,0;26,0;13,0;11,0;;False;5;sgd;minmax
828;2024-05-11 04:47:56.523453;0,523632824420929;;leaky_relu;;;256;;80,0;True;normalizer;0,4171308743269686;2631;17786;5269;vanilla;0,46557994371223915;28;15,0;28,0;21,0;;0,046449707472133825;False;4;sgd;minmax
829;2024-05-11 04:48:34.890573;0,533984363079071;;relu;;;256;;83,0;True;normalizer;0,6089148737102825;2631;17786;5269;vanilla;0,37976551311766543;29;17,0;25,0;10,0;21,0;;True;5;sgd;minmax
830;2024-05-11 04:49:17.708148;0,4619140625;;relu;0,5860080001099094;0,338182001318866;256;;29,0;True;normalizer;0,2945062503119875;2631;17786;5269;vanilla;;7;13,0;27,0;20,0;18,0;;;5;adam;minmax
831;2024-05-11 04:49:55.709415;0,532421886920929;;relu;;;256;;90,0;True;normalizer;0,05527295675258922;2631;17786;5269;vanilla;0,009097611730360559;12;27,0;18,0;7,0;;;False;4;sgd;minmax
832;2024-05-11 04:51:01.849420;0,4619140625;;leaky_relu;;;256;;22,0;True;normalizer;0,3431608923326312;2631;17786;5269;vanilla;0,2145896864477857;30;16,0;17,0;22,0;6,0;0,026210584609424867;False;5;sgd;normalizer
833;2024-05-11 04:51:38.177527;0,524609386920929;;relu;;;256;;78,0;True;normalizer;0,46229517889850746;2631;17786;5269;vanilla;0,010491564902526337;27;;;;;;False;1;sgd;minmax
834;2024-05-11 04:52:13.738309;0,5304877758026123;;relu;;;128;;81,0;True;normalizer;0,255648072583025;2631;17786;5269;vanilla;0,015197301314041593;18;14,0;28,0;3,0;13,0;;False;5;sgd;minmax
835;2024-05-11 04:53:19.970081;0,4566406309604645;;relu;;;256;;84,0;True;normalizer;0,03157805981616;2631;17786;5269;batchnorm;0,06652274869747965;29;13,0;26,0;12,0;16,0;;False;5;sgd;minmax
836;2024-05-11 04:54:14.261753;0,251953125;;leaky_relu;;;256;;61,0;True;normalizer;0,0013805390563095118;2631;17786;5269;vanilla;0,005888851556171488;11;14,0;27,0;23,0;19,0;0,06856840830211658;False;5;sgd;maxabs
837;2024-05-11 04:54:53.878807;0,5283917784690857;;relu;;;64;;;False;;0,39178191591576167;2631;17786;5269;vanilla;0,3184509796732985;15;12,0;28,0;21,0;22,0;;True;5;sgd;minmax
838;2024-05-11 04:56:36.233555;0,4619140625;;relu;;;256;;76,0;True;normalizer;0,006544895866648466;2631;17786;5269;vanilla;0,04181465399043052;8;15,0;26,0;14,0;;;False;4;sgd;minmax
839;2024-05-11 04:57:35.979811;0,251953125;;leaky_relu;;;256;;7,0;True;minmax;0,005061671918587101;2631;17786;5269;vanilla;0,03780244277881391;7;23,0;27,0;16,0;9,0;0,03836223595555534;False;5;sgd;minmax
840;2024-05-11 04:58:20.559023;0,5316406488418579;;relu;;;256;;86,0;True;normalizer;0,5406789965809475;2631;17786;5269;vanilla;0,5952014403095126;13;14,0;27,0;22,0;20,0;;False;5;sgd;minmax
841;2024-05-11 04:58:58.159611;0,5318359136581421;;selu;;;256;;80,0;True;normalizer;0,05118258963096654;2631;17786;5269;vanilla;0,27590061044763553;10;28,0;28,0;13,0;;;False;4;sgd;minmax
842;2024-05-11 04:59:43.542384;0,2520896792411804;;relu;;;8;;10,0;True;maxabs;0,01713854291253846;2631;17786;5269;vanilla;0,23316812335258977;16;13,0;27,0;22,0;30,0;;False;5;sgd;minmax
843;2024-05-11 05:06:30.992305;0,4619140625;;relu;;;256;;82,0;True;normalizer;0,009535370224056523;2631;17786;5269;vanilla;0,07851875682994884;6;6,0;26,0;23,0;12,0;;True;5;sgd;minmax
844;2024-05-11 05:07:07.972202;0,53125;;leaky_relu;;;256;;78,0;True;normalizer;0,7647625985116943;2631;17786;5269;vanilla;0,013650129640216;12;17,0;12,0;21,0;14,0;0,054963059316061824;False;5;sgd;minmax
845;2024-05-11 05:08:03.363653;0,4619140625;;relu;;;256;;87,0;True;normalizer;0,003510662862847905;2631;17786;5269;vanilla;0,40424661159293246;8;21,0;25,0;22,0;11,0;;False;5;sgd;minmax
846;2024-05-11 05:08:38.593813;0,5279296636581421;;relu;;;256;;84,0;True;normalizer;0,324903836182544;2631;17786;5269;vanilla;0,007897124776600295;5;12,0;28,0;14,0;;;False;4;sgd;minmax
847;2024-05-11 05:09:24.349894;0,4619140625;;relu;;;512;;73,0;True;normalizer;0,0072245518776890396;2631;17786;5269;vanilla;0,020479784179474263;28;16,0;27,0;10,0;10,0;;False;5;sgd;minmax
848;2024-05-11 05:10:24.098026;0,4619140625;;leaky_relu;;;256;;;False;;0,027290840846752335;2631;17786;5269;vanilla;0,19909628641172733;11;14,0;11,0;6,0;13,0;0,02204736188655883;False;5;sgd;minmax
849;2024-05-11 05:11:07.051227;0,4619140625;;relu;0,24860949286852219;0,672811571122628;256;;76,0;True;normalizer;0,4620929407872753;2631;17786;5269;vanilla;;29;15,0;26,0;13,0;5,0;;;5;adam;minmax
850;2024-05-11 05:12:10.178993;0,530468761920929;;relu;;;256;;91,0;True;normalizer;0,22271484122526566;2631;17786;5269;vanilla;0,002339689354172165;27;19,0;27,0;5,0;;;True;4;sgd;minmax
851;2024-05-11 05:13:21.149195;0,46789515018463135;;relu;;;16;;48,0;True;normalizer;0,001572820208586295;2631;17786;5269;vanilla;0,35439754459554185;4;6,0;28,0;;;;False;3;sgd;minmax
852;2024-05-11 05:16:51.893371;0,4596036672592163;;leaky_relu;;;32;;82,0;True;normalizer;0,6897603543351788;2631;17786;5269;vanilla;0,5166607104145338;9;13,0;27,0;15,0;12,0;0,048863043542092574;False;5;sgd;normalizer
853;2024-05-11 05:18:41.124181;0,5230468511581421;;relu;;;256;;39,0;True;normalizer;0,27560206654979374;2631;17786;5269;batchnorm;0,029824742264781035;10;6,0;28,0;18,0;12,0;;False;5;sgd;minmax
854;2024-05-11 05:19:50.045527;0,4619140625;;relu;;;256;;79,0;True;normalizer;0,018742185708127575;2631;17786;5269;vanilla;0,17951674082266292;8;13,0;26,0;20,0;11,0;;False;5;sgd;minmax
855;2024-05-11 05:21:00.713456;0,533984363079071;;leaky_relu;;;512;;53,0;True;normalizer;0,3646573293995786;2631;17786;5269;vanilla;0,02396290022922678;28;14,0;25,0;17,0;22,0;0,029907209693551217;False;5;sgd;minmax
856;2024-05-11 05:21:59.325278;0,5189453363418579;;relu;;;256;;86,0;True;normalizer;0,40478079679296536;2631;17786;5269;vanilla;0,054195761199197376;13;24,0;14,0;19,0;21,0;;True;5;sgd;minmax
857;2024-05-11 05:22:55.802253;0,5316406488418579;;relu;;;256;;89,0;True;normalizer;0,608982217731277;2631;17786;5269;vanilla;0,25755333556996174;11;22,0;28,0;23,0;;;False;4;sgd;maxabs
858;2024-05-11 05:23:57.611492;0,5277343988418579;;relu;;;256;;80,0;True;normalizer;0,5258857020344152;2631;17786;5269;vanilla;0,7151923771647716;12;15,0;27,0;21,0;13,0;;False;5;sgd;minmax
859;2024-05-11 05:25:00.184355;0,4619140625;;leaky_relu;;;256;;84,0;True;normalizer;0,18136002205619522;2631;17786;5269;vanilla;0,443685545387774;29;25,0;26,0;22,0;3,0;0,06197184502077294;False;5;sgd;minmax
860;2024-05-11 05:25:56.589669;0,4619140625;;relu;;;256;;;False;;0,011825119625250876;2631;17786;5269;vanilla;0,005504175890919848;7;20,0;27,0;12,0;;;False;4;sgd;minmax
861;2024-05-11 05:27:00.208839;0,4619140625;;relu;;;512;;77,0;True;normalizer;0,022457448869612245;2631;17786;5269;vanilla;0,05953623779485692;6;26,0;28,0;21,0;10,0;;False;5;sgd;minmax
862;2024-05-11 05:27:45.310405;0,3934832215309143;;relu;;;128;;2,0;True;minmax;0,32948192729753395;2631;17786;5269;vanilla;0,3143042486639835;10;6,0;27,0;11,0;30,0;;True;5;sgd;minmax
863;2024-05-11 05:28:53.426150;0,5263671875;;leaky_relu;;;256;;74,0;True;normalizer;0,8869243878695844;2631;17786;5269;vanilla;0,018186162786994958;28;14,0;26,0;22,0;11,0;0,03264241741690921;False;5;sgd;minmax
864;2024-05-11 05:29:37.274681;0,533203125;;selu;;;256;;79,0;True;normalizer;0,45271258968048017;2631;17786;5269;vanilla;0,21823636373963046;23;12,0;28,0;8,0;15,0;;False;5;sgd;minmax
865;2024-05-11 05:30:16.161649;0,5283917784690857;;relu;;;64;;82,0;True;normalizer;0,04245380144976968;2631;17786;5269;vanilla;0,12052983811272285;8;16,0;16,0;23,0;;;False;4;sgd;minmax
866;2024-05-11 05:32:39.416409;0,251953125;;relu;;;256;;10,0;True;maxabs;0,008443148112943825;2631;17786;5269;vanilla;0,14832785075394103;27;6,0;27,0;20,0;11,0;;False;5;sgd;minmax
867;2024-05-11 05:33:24.878449;0,4619140625;;relu;0,4538269213208711;0,574676717330669;256;;87,0;True;normalizer;0,2828506506845539;2631;17786;5269;vanilla;;26;13,0;9,0;3,0;19,0;;;5;adam;minmax
868;2024-05-11 05:34:03.062599;0,4619140625;;leaky_relu;;;256;;84,0;True;normalizer;0,013836923628086415;2631;17786;5269;vanilla;0,10102086899382025;9;18,0;28,0;21,0;20,0;0,00957663187192483;False;5;sgd;minmax
869;2024-05-11 05:34:47.066871;0,530078113079071;;relu;;;256;;81,0;True;normalizer;0,2377509149517063;2631;17786;5269;vanilla;0,011037537066092158;11;15,0;26,0;12,0;12,0;;False;5;sgd;minmax
870;2024-05-11 05:35:35.474036;0,5308593511581421;;relu;;;512;;78,0;True;normalizer;0,35766136876824434;2631;17786;5269;vanilla;0,03654861327736701;30;7,0;27,0;13,0;;;True;4;sgd;minmax
871;2024-05-11 05:36:13.223917;0,5055091381072998;;relu;;;8;;71,0;True;normalizer;0,4107009413858699;2631;17786;5269;batchnorm;0,08685570296822259;7;13,0;25,0;22,0;22,0;;False;5;sgd;minmax
872;2024-05-11 05:56:58.186249;0,4619140625;;leaky_relu;;;256;;;False;;0,0042751836125609075;2631;17786;5269;vanilla;0,003923202754177255;12;14,0;28,0;14,0;13,0;0,044792566693835516;False;5;sgd;minmax
873;2024-05-11 05:57:36.721708;0,528124988079071;;relu;;;256;;91,0;True;normalizer;0,5121212758542152;2631;17786;5269;vanilla;0,009461043782557422;29;5,0;27,0;23,0;14,0;;False;5;sgd;minmax
874;2024-05-11 05:58:29.574248;0,4619140625;;relu;;;256;;76,0;True;normalizer;0,0010716584029816262;2631;17786;5269;vanilla;0,2917317699096193;8;22,0;26,0;22,0;17,0;;False;5;sgd;minmax
875;2024-05-11 05:59:06.855836;0,5289062261581421;;leaky_relu;;;256;;46,0;True;normalizer;0,15003298798018236;2631;17786;5269;vanilla;0,004848417405319192;10;12,0;;;;0,035219253163059724;False;2;sgd;minmax
876;2024-05-11 05:59:54.299438;0,4619140625;;relu;;;256;;82,0;True;normalizer;0,06317297780645492;2631;17786;5269;vanilla;0,25238102052819583;11;11,0;28,0;23,0;9,0;;True;5;sgd;normalizer
877;2024-05-11 06:00:40.970847;0,53515625;;relu;;;512;;42,0;True;normalizer;0,6171130876132779;2631;17786;5269;vanilla;0,16025995729792572;9;17,0;27,0;21,0;;;False;4;sgd;minmax
878;2024-05-11 06:01:23.801631;0,5277343988418579;;relu;;;256;;44,0;True;normalizer;0,479769115114634;2631;17786;5269;vanilla;0,1665216719279448;10;16,0;27,0;20,0;;;False;4;sgd;minmax
879;2024-05-11 06:02:01.844870;0,5322265625;;relu;;;256;;38,0;True;normalizer;0,5916113570812654;2631;17786;5269;vanilla;0,38889252289677295;9;17,0;5,0;21,0;;;False;4;sgd;minmax
880;2024-05-11 06:02:50.481257;0,5317249298095703;;leaky_relu;;;16;;41,0;True;normalizer;0,3105489828397029;2631;17786;5269;vanilla;0,6050611018645348;10;17,0;27,0;21,0;;0,04207337616350116;False;4;sgd;maxabs
881;2024-05-11 06:06:31.701496;0,4596036672592163;;relu;;;32;;41,0;True;normalizer;0,0018997432860596401;2631;17786;5269;vanilla;0,13245723258414982;9;18,0;28,0;20,0;;;False;4;sgd;minmax
882;2024-05-11 06:08:31.070240;0,5287109613418579;;relu;;;512;;68,0;True;normalizer;0,3974038557813892;2631;17786;5269;vanilla;0,015546153662326877;9;18,0;27,0;21,0;;;False;4;sgd;minmax
883;2024-05-11 06:09:09.761595;0,528515636920929;;relu;;;256;;;False;;0,45557037552637775;2631;17786;5269;vanilla;0,006974396523509065;10;17,0;26,0;20,0;;;True;4;sgd;minmax
884;2024-05-11 06:09:56.238778;0,5328124761581421;;leaky_relu;;;256;;58,0;True;normalizer;0,5440078825596928;2631;17786;5269;vanilla;0,33318116958340427;28;17,0;28,0;22,0;;0,014529681533518857;False;4;sgd;minmax
885;2024-05-11 06:10:35.345086;0,4619140625;;selu;;;256;;34,0;True;normalizer;0,002154585482221746;2631;17786;5269;vanilla;0,001610330361931491;11;17,0;27,0;21,0;;;False;4;sgd;minmax
886;2024-05-11 06:11:29.659607;0,531445324420929;;relu;;;256;0,5214102204463997;43,0;True;normalizer;0,1944901593118442;2631;17786;5269;dropout;0,012579853803015526;14;16,0;15,0;22,0;;;False;4;sgd;minmax
887;2024-05-11 06:12:52.070899;0,37519532442092896;;relu;0,34837684743001185;0,5202120698655165;256;;2,0;True;minmax;0,0016969578064737847;2631;17786;5269;vanilla;;10;15,0;28,0;21,0;;;;4;adam;minmax
888;2024-05-11 06:13:32.895090;0,5306640863418579;;leaky_relu;;;512;;59,0;True;normalizer;0,2566427934020695;2631;17786;5269;vanilla;0,02750372928555736;12;17,0;29,0;22,0;;0,027758154121352664;False;4;sgd;minmax
889;2024-05-11 06:14:14.944318;0,528515636920929;;relu;;;256;;64,0;True;normalizer;0,3660356722086499;2631;17786;5269;vanilla;0,504808273727105;9;18,0;27,0;20,0;;;False;4;sgd;minmax
890;2024-05-11 06:14:59.613469;0,251953125;;relu;;;256;;8,0;True;maxabs;0,16955114180628436;2631;17786;5269;batchnorm;0,8623150635832489;28;16,0;27,0;22,0;;;True;4;sgd;minmax
891;2024-05-11 06:15:41.953178;0,530468761920929;;relu;;;256;;66,0;True;normalizer;0,10644563745386923;2631;17786;5269;vanilla;0,07983803594140547;27;16,0;19,0;21,0;;;False;4;sgd;minmax
892;2024-05-11 06:16:30.578782;0,4596036672592163;;leaky_relu;;;128;0,6925990058774334;61,0;True;normalizer;0,012751218206971789;2631;17786;5269;dropout;0,008255975306661521;29;6,0;28,0;23,0;;0,05825836827385931;False;4;sgd;minmax
893;2024-05-11 06:17:28.626444;0,4619140625;;relu;;;256;;46,0;True;normalizer;0,03444889829528496;2631;17786;5269;vanilla;0,16028105263154419;11;19,0;26,0;19,0;;;False;4;sgd;minmax
894;2024-05-11 06:18:08.686315;0,5228515863418579;;relu;;;256;;88,0;True;normalizer;0,2962333619033548;2631;17786;5269;vanilla;0,2064278685785276;9;18,0;10,0;21,0;;;False;4;sgd;minmax
895;2024-05-11 06:18:56.440759;0,5328124761581421;;relu;;;256;;;False;;0,6797031007589479;2631;17786;5269;vanilla;0,0017714701404071022;13;17,0;26,0;4,0;;;False;4;sgd;minmax
896;2024-05-11 06:19:37.152242;0,5184832215309143;;leaky_relu;;;64;;44,0;True;normalizer;0,13022314327182183;2631;17786;5269;vanilla;0,002268983339513574;10;7,0;13,0;22,0;;0,06650012173436307;True;4;sgd;normalizer
897;2024-05-11 06:23:01.906630;0,4619140625;;relu;;;512;0,332478700915562;30,0;True;normalizer;0,07144972362726895;2631;17786;5269;dropout;0,43948604773160177;30;15,0;29,0;23,0;;;False;4;sgd;minmax
898;2024-05-11 06:23:28.283407;0,4619140625;;relu;;;256;;56,0;True;normalizer;0,024671149392686303;2631;17786;5269;vanilla;0,10475938263770011;28;14,0;8,0;20,0;;;False;4;sgd;minmax
899;2024-05-11 06:24:10.387142;0,48710936307907104;;relu;;;256;;74,0;True;normalizer;0,0022276523818989505;2631;17786;5269;vanilla;0,024684737540823835;11;6,0;14,0;;;;False;3;sgd;minmax
900;2024-05-11 06:25:00.557573;0,5298827886581421;;leaky_relu;;;256;;90,0;True;normalizer;0,4202752323965837;2631;17786;5269;vanilla;0,05043801151259858;29;16,0;27,0;21,0;;0,05162662008592915;False;4;sgd;minmax
901;2024-05-11 06:25:42.203718;0,5306640863418579;;relu;;;256;;42,0;True;normalizer;0,33663750833937184;2631;17786;5269;vanilla;0,11957878330971482;9;5,0;28,0;22,0;;;False;4;sgd;minmax
902;2024-05-11 06:26:32.399439;0,4597264528274536;;relu;;;8;0,10202187405033464;86,0;True;normalizer;0,004012356793466177;2631;17786;5269;dropout;0,999817870423995;12;13,0;27,0;22,0;21,0;;False;5;sgd;minmax
903;2024-05-11 06:37:23.686965;0,5308593511581421;;leaky_relu;;;256;;70,0;True;normalizer;0,22165183444753525;2631;17786;5269;vanilla;0,06276534130917308;5;6,0;27,0;19,0;18,0;0,020882207625939515;True;5;sgd;minmax
904;2024-05-11 06:38:24.889673;0,5298827886581421;;relu;;;256;;85,0;True;normalizer;0,5739291824728038;2631;17786;5269;vanilla;0,03242741913248976;10;21,0;28,0;23,0;15,0;;False;5;sgd;maxabs
905;2024-05-11 06:39:09.067921;0,529101550579071;;relu;;;512;;;False;;0,4767356347614417;2631;17786;5269;vanilla;0,003428308916915345;28;19,0;26,0;21,0;;;False;4;sgd;minmax
906;2024-05-11 06:39:48.097649;0,4619140625;;relu;0,8098582515802613;0,9425100680714624;256;;88,0;True;normalizer;0,3831931265403396;2631;17786;5269;vanilla;;11;14,0;29,0;21,0;23,0;;;5;adam;minmax
907;2024-05-11 06:40:30.451412;0,5296875238418579;;selu;;;256;;36,0;True;normalizer;0,05240923476783426;2631;17786;5269;vanilla;0,28308146485416363;8;6,0;26,0;23,0;;;False;4;sgd;minmax
908;2024-05-11 06:41:08.345905;0,5300151705741882;;leaky_relu;;;16;0,3725959072823254;62,0;True;normalizer;0,2599960552424295;2631;17786;5269;dropout;0,04573109466526879;9;5,0;27,0;9,0;7,0;0,03672352903370178;False;5;sgd;minmax
909;2024-05-11 06:47:54.460664;0,3955078125;;relu;;;256;;8,0;True;minmax;0,31522471634113924;2631;17786;5269;vanilla;0,010523428445081041;27;7,0;12,0;24,0;19,0;;False;5;sgd;minmax
910;2024-05-11 06:48:41.183086;0,4619140625;;relu;;;256;;38,0;True;normalizer;0,030293932268534336;2631;17786;5269;vanilla;0,014300730527354179;10;20,0;28,0;20,0;8,0;;True;5;sgd;minmax
911;2024-05-11 06:49:18.310493;0,4619140625;;relu;;;256;;83,0;True;normalizer;0,002563549104853993;2631;17786;5269;vanilla;0,020988410345201887;29;13,0;28,0;22,0;;;False;4;sgd;minmax
912;2024-05-11 06:50:15.167109;0,4619140625;;leaky_relu;;;512;;77,0;True;normalizer;0,002856000733055155;2631;17786;5269;vanilla;0,3564303988289243;8;10,0;29,0;22,0;22,0;0,040142630754976254;False;5;sgd;minmax
913;2024-05-11 06:50:49.247356;0,5150390863418579;;relu;;;256;;27,0;True;normalizer;0,019417122891715353;2631;17786;5269;batchnorm;0,1871019357961962;13;15,0;27,0;4,0;9,0;;False;5;sgd;minmax
914;2024-05-11 06:51:50.225581;0,251953125;;relu;;;256;0,1340207480504595;6,0;True;maxabs;0,15130815120444005;2631;17786;5269;dropout;0,7597610292816812;19;12,0;17,0;23,0;21,0;;False;5;sgd;minmax
915;2024-05-11 06:52:32.392726;0,531054675579071;;relu;;;256;;31,0;True;normalizer;0,08337488629618825;2631;17786;5269;vanilla;0,23510859641269147;11;17,0;28,0;7,0;;;False;4;sgd;minmax
916;2024-05-11 06:53:40.408171;0,4619140625;;leaky_relu;;;256;;;False;;0,004799719873130618;2631;17786;5269;vanilla;0,14947574419494328;12;7,0;26,0;5,0;17,0;0,02452271401335799;True;5;sgd;minmax
917;2024-05-11 06:54:24.218162;0,53125;;relu;;;32;;80,0;True;normalizer;0,5047039002217594;2631;17786;5269;vanilla;0,01765211544653322;9;14,0;29,0;21,0;23,0;;False;5;sgd;minmax
918;2024-05-11 06:56:16.225020;0,5171874761581421;;relu;;;256;;92,0;True;normalizer;0,42193625573313104;2631;17786;5269;vanilla;0,6241483525549157;10;18,0;27,0;20,0;16,0;;False;5;sgd;normalizer
919;2024-05-11 06:57:37.809237;0,5298827886581421;;relu;;;256;0,2710774617317063;75,0;True;normalizer;0,19432445924803618;2631;17786;5269;dropout;0,5513709310619359;27;13,0;27,0;23,0;29,0;;False;5;sgd;minmax
920;2024-05-11 06:58:49.339963;0,530078113079071;;leaky_relu;;;512;;86,0;True;normalizer;0,3523347077158965;2631;17786;5269;vanilla;0,2658366643858629;29;6,0;16,0;18,0;;0,05312527713590987;False;4;sgd;minmax
921;2024-05-11 06:59:26.437606;0,531445324420929;;relu;;;256;;84,0;True;normalizer;0,6194395264781949;2631;17786;5269;vanilla;0,3064195572394467;28;16,0;26,0;22,0;20,0;;False;5;sgd;minmax
922;2024-05-11 07:00:17.646195;0,5328124761581421;;relu;;;256;;72,0;True;normalizer;0,4378044828738723;2631;17786;5269;vanilla;0,008736669453128391;11;5,0;25,0;6,0;7,0;;True;5;sgd;minmax
923;2024-05-11 07:01:09.251333;0,4596036672592163;;leaky_relu;;;128;;35,0;True;normalizer;0,015395437912657258;2631;17786;5269;vanilla;0,41274884082067964;30;11,0;28,0;16,0;14,0;0,012427990666074005;False;5;sgd;maxabs
924;2024-05-11 07:02:09.724126;0,4596036672592163;;relu;;;64;0,34661018905390295;79,0;True;normalizer;0,008072358701902633;2631;17786;5269;dropout;0,0021059347035232642;12;15,0;27,0;11,0;;;False;4;sgd;minmax
925;2024-05-11 07:03:50.155618;0,5248047113418579;;relu;;;256;;89,0;True;normalizer;0,3000669964042565;2631;17786;5269;vanilla;0,0916631322045939;7;6,0;29,0;21,0;10,0;;False;5;sgd;minmax
926;2024-05-11 07:04:59.310705;0,4619140625;;relu;0,6911267780910761;0,3793819816695999;256;;82,0;True;normalizer;0,53462668425797;2631;17786;5269;vanilla;;28;5,0;28,0;;;;;3;adam;minmax
927;2024-05-11 07:05:41.683989;0,4619140625;;leaky_relu;;;256;;77,0;True;normalizer;0,12079616286022013;2631;17786;5269;vanilla;0,07474842571922588;9;12,0;27,0;24,0;22,0;0,031115608806060048;False;5;sgd;minmax
928;2024-05-11 07:06:22.525864;0,4619140625;;relu;;;512;;;False;;0,04321286995410307;2631;17786;5269;vanilla;0,22504815841749845;6;13,0;26,0;22,0;28,0;;False;5;sgd;minmax
929;2024-05-11 07:06:54.516681;0,533398449420929;;selu;;;256;0,1840386304697986;80,0;True;normalizer;0,7374252839091653;2631;17786;5269;dropout;0,012437819812035773;17;14,0;28,0;10,0;;;False;4;sgd;minmax
930;2024-05-11 07:07:33.091435;0,5300151705741882;;relu;;;8;;87,0;True;normalizer;0,22456217955204222;2631;17786;5269;vanilla;0,17619412562933764;8;7,0;27,0;21,0;30,0;;True;5;sgd;minmax
931;2024-05-11 07:15:10.340162;0,4619140625;;relu;;;256;;84,0;True;normalizer;0,012009092194762467;2631;17786;5269;vanilla;0,05463823636587458;10;4,0;29,0;17,0;20,0;;False;5;sgd;minmax
932;2024-05-11 07:15:45.735541;0,526562511920929;;leaky_relu;;;256;;48,0;True;normalizer;0,3805275659697992;2631;17786;5269;vanilla;0,04026590013523028;8;15,0;27,0;19,0;21,0;0,04891771862966076;False;5;sgd;minmax
933;2024-05-11 07:16:29.277567;0,4244140684604645;;relu;;;256;;6,0;True;minmax;0,2700284520298639;2631;17786;5269;vanilla;0,004487820611265984;28;17,0;26,0;15,0;23,0;;False;5;sgd;minmax
934;2024-05-11 07:17:20.828256;0,4703125059604645;;relu;;;256;;78,0;True;normalizer;0,009390316895549243;2631;17786;5269;batchnorm;0,0018894342240821942;9;6,0;28,0;23,0;;;False;4;sgd;minmax
935;2024-05-11 07:18:19.447017;0,533007800579071;;relu;;;256;;91,0;True;normalizer;0,16757424322497613;2631;17786;5269;vanilla;0,3398635301694014;11;14,0;30,0;8,0;21,0;;False;5;sgd;minmax
936;2024-05-11 07:19:08.870338;0,251953125;;leaky_relu;;;512;0,24939255634067045;9,0;True;maxabs;0,022441085607210386;2631;17786;5269;dropout;0,46510854635025206;27;16,0;11,0;22,0;;0,04609289961208975;True;4;sgd;minmax
937;2024-05-11 07:19:37.053886;0,533984363079071;;relu;;;256;;81,0;True;normalizer;0,4861645091116647;2631;17786;5269;vanilla;0,0019654362513690394;29;5,0;27,0;21,0;10,0;;False;5;sgd;minmax
938;2024-05-11 07:20:30.413490;0,53125;;relu;;;256;;76,0;True;normalizer;0,33881589820633845;2631;17786;5269;vanilla;0,006548973615639938;12;18,0;7,0;22,0;22,0;;False;5;sgd;minmax
939;2024-05-11 07:21:19.159732;0,5277343988418579;;leaky_relu;;;256;;;False;;0,1421787850436768;2631;17786;5269;vanilla;0,12800683642510852;10;19,0;29,0;3,0;15,0;0,04356939040408113;False;5;sgd;minmax
940;2024-05-11 07:22:28.304472;0,5283203125;;relu;;;256;;83,0;True;normalizer;0,5771022441898217;2631;17786;5269;vanilla;0,002854070191939678;8;7,0;28,0;23,0;29,0;;False;5;sgd;minmax
941;2024-05-11 07:23:14.221517;0,524316132068634;;relu;;;16;0,15595249542765902;74,0;True;normalizer;0,4277514327172362;2631;17786;5269;dropout;0,026653860001983866;26;6,0;26,0;24,0;;;False;4;sgd;normalizer
942;2024-05-11 07:35:20.376138;0,5299161672592163;;relu;;;32;;80,0;True;normalizer;0,20193448829170638;2631;17786;5269;vanilla;0,20309765708656333;9;13,0;27,0;20,0;8,0;;True;5;sgd;minmax
943;2024-05-11 07:37:20.978538;0,5341796875;;leaky_relu;;;256;;19,0;True;normalizer;0,6464214018345326;2631;17786;5269;vanilla;0,37490669908090635;7;5,0;28,0;20,0;;0,08993484889646905;False;4;sgd;minmax
944;2024-05-11 07:38:10.167321;0,5337890386581421;;relu;0,5256331878202455;0,47228483926978265;256;;40,0;True;normalizer;0,02659993499704042;2631;17786;5269;vanilla;;6;14,0;26,0;9,0;11,0;;;5;adam;minmax
945;2024-05-11 07:38:47.049550;0,4619140625;;relu;;;512;;86,0;True;normalizer;0,0057477438935487745;2631;17786;5269;vanilla;0,6839018884970024;29;9,0;25,0;22,0;13,0;;False;5;sgd;minmax
946;2024-05-11 07:39:16.668138;0,4619140625;;relu;;;256;0,23154403978314608;57,0;True;normalizer;0,005368643783545961;2631;17786;5269;dropout;0,009907180918677752;28;13,0;27,0;21,0;10,0;;False;5;sgd;minmax
947;2024-05-11 07:40:02.174706;0,530468761920929;;leaky_relu;;;256;;89,0;True;normalizer;0,8662794702488722;2631;17786;5269;vanilla;0,11000793373577344;12;21,0;;;;0,03872804037564281;False;2;sgd;maxabs
948;2024-05-11 07:40:52.135585;0,527148425579071;;relu;;;256;;78,0;True;normalizer;0,3713367316574014;2631;17786;5269;vanilla;0,06900169130971047;11;6,0;28,0;;;;False;3;sgd;minmax
949;2024-05-11 07:41:29.622970;0,4619140625;;relu;;;256;;82,0;True;normalizer;0,003291706008645406;2631;17786;5269;vanilla;0,0014294980756587305;10;17,0;29,0;23,0;14,0;;True;5;sgd;minmax
950;2024-05-11 07:42:04.644156;0,5299161672592163;;relu;;;128;;85,0;True;normalizer;0,037997890719723974;2631;17786;5269;vanilla;0,24980715986744087;14;12,0;26,0;19,0;;;False;4;sgd;minmax
951;2024-05-11 07:43:36.903223;0,4619140625;;leaky_relu;;;256;0,12425272208579627;;False;;0,016604343881733208;2631;17786;5269;dropout;0,022545597502836048;9;8,0;27,0;11,0;12,0;0,03358967595199533;False;5;sgd;minmax
952;2024-05-11 07:44:17.823177;0,5295350551605225;;selu;;;64;;79,0;True;normalizer;0,1069061683500302;2631;17786;5269;vanilla;0,034740013427513754;30;14,0;28,0;22,0;9,0;;False;5;sgd;minmax
953;2024-05-11 07:45:54.853966;0,4619140625;;relu;;;512;;76,0;True;normalizer;0,0044612707357520615;2631;17786;5269;vanilla;0,016910045697788385;27;15,0;27,0;23,0;6,0;;False;5;sgd;minmax
954;2024-05-11 07:46:33.440480;0,4619140625;;relu;;;256;;84,0;True;normalizer;0,0016583726301088607;2631;17786;5269;vanilla;0,29950832821174794;13;16,0;15,0;24,0;;;False;4;sgd;minmax
955;2024-05-11 07:47:07.275715;0,4554687440395355;;relu;;;256;;10,0;True;minmax;0,31372894653633815;2631;17786;5269;vanilla;0,0012437188684805962;8;6,0;10,0;21,0;23,0;;False;5;sgd;minmax
956;2024-05-11 07:47:54.624596;0,4056640565395355;;leaky_relu;;;256;;87,0;True;normalizer;0,006315736352719246;2631;17786;5269;batchnorm;0,0027656212214207444;11;5,0;30,0;22,0;15,0;0,01670523903661921;True;5;sgd;minmax
957;2024-05-11 07:48:56.358967;0,5337890386581421;;relu;;;256;0,30843285866437853;81,0;True;normalizer;0,25610700548734294;2631;17786;5269;dropout;0,011489577707088637;29;20,0;28,0;7,0;11,0;;False;5;sgd;minmax
958;2024-05-11 07:50:00.121222;0,4597264528274536;;relu;;;8;;92,0;True;normalizer;0,4793119730527587;2631;17786;5269;vanilla;0,16576744776686098;28;7,0;13,0;14,0;;;False;4;sgd;minmax
959;2024-05-11 07:56:33.501397;0,2861328125;;leaky_relu;;;256;;5,0;True;maxabs;0,0011124074637301573;2631;17786;5269;vanilla;0,5043028437989533;9;15,0;26,0;21,0;12,0;0,07797779778104251;False;5;sgd;minmax
960;2024-05-11 07:57:09.126319;0,533984363079071;;relu;;;256;;60,0;True;normalizer;0,40523103958058365;2631;17786;5269;vanilla;0,0017382338558440344;7;14,0;14,0;15,0;16,0;;False;5;sgd;minmax
961;2024-05-11 07:58:02.927240;0,531445324420929;;relu;;;512;;84,0;True;normalizer;0,16937510030806877;2631;17786;5269;vanilla;0,019406467303384745;10;4,0;27,0;23,0;28,0;;False;5;sgd;minmax
962;2024-05-11 07:58:52.698067;0,4619140625;;relu;0,9965507431126012;0,43506198632017506;256;;;False;;0,5174897063294328;2631;17786;5269;vanilla;;8;13,0;28,0;20,0;;;;4;adam;normalizer
963;2024-05-11 07:59:42.398376;0,5322265625;;leaky_relu;;;256;0,21485666628798852;73,0;True;normalizer;0,2844654320468914;2631;17786;5269;dropout;0,14319385445125624;11;6,0;27,0;22,0;19,0;0,06445336841103606;True;5;sgd;minmax
964;2024-05-11 08:00:37.809229;0,4619140625;;relu;;;256;;13,0;True;normalizer;0,3461630192278066;2631;17786;5269;vanilla;0,005598744290160737;10;12,0;29,0;4,0;22,0;;False;5;sgd;minmax
965;2024-05-11 08:01:17.893169;0,529101550579071;;relu;;;256;;54,0;True;normalizer;0,426310738212368;2631;17786;5269;vanilla;0,0010890716727460933;28;18,0;25,0;23,0;;;False;4;sgd;minmax
966;2024-05-11 08:01:59.017402;0,531445324420929;;relu;;;256;;79,0;True;normalizer;0,23214408077188461;2631;17786;5269;vanilla;0,22472424509205527;29;5,0;27,0;13,0;4,0;;False;5;sgd;minmax
967;2024-05-11 08:02:40.783189;0,46601563692092896;;leaky_relu;;;512;;82,0;True;normalizer;0,691553597356225;2631;17786;5269;vanilla;0,007709958279054652;5;7,0;26,0;22,0;30,0;0,025921820652879853;False;5;sgd;maxabs
968;2024-05-11 08:03:13.991152;0,531345009803772;;relu;;;16;0,2823320983586639;63,0;True;normalizer;0,0902743204826176;2631;17786;5269;dropout;0,014194668127425288;12;16,0;28,0;18,0;25,0;;False;5;sgd;minmax
969;2024-05-11 08:10:12.811281;0,5308688879013062;;relu;;;32;;89,0;True;normalizer;0,12368516672273974;2631;17786;5269;vanilla;0,2737960256488007;18;13,0;29,0;5,0;18,0;;True;5;sgd;minmax
970;2024-05-11 08:14:07.777154;0,5326172113418579;;relu;;;256;;86,0;True;normalizer;0,07401225977818644;2631;17786;5269;vanilla;0,18912865916148286;20;6,0;27,0;12,0;;;False;4;sgd;minmax
971;2024-05-11 08:14:53.942062;0,525585949420929;;leaky_relu;;;256;;78,0;True;normalizer;0,05129417829964418;2631;17786;5269;vanilla;0,40064450077386243;7;;;;;0,07154557878800694;False;1;sgd;minmax
972;2024-05-11 08:15:41.788411;0,4619140625;;relu;;;256;;76,0;True;normalizer;0,1469336541377125;2631;17786;5269;vanilla;0,3455909566988608;21;28,0;28,0;21,0;13,0;;False;5;sgd;minmax
973;2024-05-11 08:16:32.025001;0,5267578363418579;;selu;;;256;0,16559056976117414;;False;;0,9602666033086665;2631;17786;5269;dropout;0,5606565306720002;10;15,0;18,0;20,0;20,0;;False;5;sgd;minmax
974;2024-05-11 08:17:27.841358;0,4619140625;;relu;;;256;;82,0;True;normalizer;0,06300193625303781;2631;17786;5269;vanilla;0,0593845663857829;9;5,0;26,0;23,0;10,0;;False;5;sgd;minmax
975;2024-05-11 08:18:14.127114;0,525390625;;leaky_relu;;;256;;80,0;True;normalizer;0,594388242464359;2631;17786;5269;vanilla;0,09010569143027448;12;14,0;29,0;21,0;;0,02909274452450273;True;4;sgd;minmax
976;2024-05-11 08:19:08.606735;0,4619140625;;relu;;;512;;84,0;True;normalizer;0,46076174107188006;2631;17786;5269;vanilla;0,8242544827308396;30;4,0;27,0;;;;False;3;sgd;minmax
977;2024-05-11 08:19:41.494300;0,533398449420929;;relu;;;256;;90,0;True;normalizer;0,37549323361583;2631;17786;5269;vanilla;0,02933512399813895;27;7,0;26,0;22,0;24,0;;False;5;sgd;minmax
978;2024-05-11 08:20:34.145453;0,3490234315395355;;relu;;;256;0,14248212760507817;9,0;True;minmax;0,31850104539791646;2631;17786;5269;dropout;0,25083756986908207;11;13,0;27,0;27,0;12,0;;False;5;sgd;minmax
979;2024-05-11 08:21:43.914426;0,5301067233085632;;leaky_relu;;;128;;75,0;True;normalizer;0,5547647499108457;2631;17786;5269;vanilla;0,2062186253093722;6;6,0;12,0;24,0;21,0;0,05054503112127574;False;5;sgd;minmax
980;2024-05-11 08:23:00.213586;0,4867187440395355;;relu;;;256;;88,0;True;normalizer;0,20331282411714469;2631;17786;5269;batchnorm;0,008754030196772492;28;17,0;28,0;22,0;;;False;4;sgd;minmax
981;2024-05-11 08:23:58.944485;0,4596036672592163;;relu;0,4634236510131883;0,8898467963792529;64;;81,0;True;normalizer;0,3969100458726219;2631;17786;5269;vanilla;;25;14,0;30,0;23,0;23,0;;;5;adam;minmax
982;2024-05-11 08:26:13.568188;0,251953125;;relu;;;256;;8,0;True;maxabs;0,2806275702438691;2631;17786;5269;vanilla;0,0035139000394246193;8;5,0;25,0;16,0;20,0;;False;5;sgd;minmax
983;2024-05-11 08:26:50.472626;0,4619140625;;leaky_relu;;;256;;77,0;True;normalizer;0,018065532377144353;2631;17786;5269;vanilla;0,29271835735076246;15;6,0;28,0;10,0;11,0;0,09976171116299387;True;5;sgd;minmax
984;2024-05-11 08:27:38.845775;0,4619140625;;relu;;;256;0,19673074619033637;;False;;0,7854515035784599;2631;17786;5269;dropout;0,07937421283038106;9;8,0;26,0;11,0;;;False;4;sgd;normalizer
985;2024-05-11 08:28:32.208366;0,4619140625;;relu;;;512;;83,0;True;normalizer;0,03404881579254894;2631;17786;5269;vanilla;0,042704424955361586;29;19,0;29,0;3,0;27,0;;False;5;sgd;minmax
986;2024-05-11 08:29:06.612895;0,4619140625;;relu;;;256;;46,0;True;normalizer;0,004077234233788492;2631;17786;5269;vanilla;0,4631936214715253;11;12,0;15,0;20,0;21,0;;False;5;sgd;minmax
987;2024-05-11 08:29:58.312111;0,5335937738418579;;leaky_relu;;;256;;51,0;True;normalizer;0,46462991476038146;2631;17786;5269;vanilla;0,013440747971450197;8;13,0;27,0;14,0;;0,06854644313506127;False;4;sgd;minmax
988;2024-05-11 08:31:00.471572;0,4597264528274536;;relu;;;8;;86,0;True;normalizer;0,00102891429143154;2631;17786;5269;vanilla;0,15741443819945541;13;10,0;28,0;6,0;13,0;;False;5;sgd;minmax
989;2024-05-11 08:37:25.868904;0,4619140625;;relu;;;256;;79,0;True;normalizer;0,17718555652394669;2631;17786;5269;vanilla;0,11758242140462066;10;14,0;26,0;21,0;22,0;;True;5;sgd;maxabs
990;2024-05-11 08:38:12.561278;0,5279296636581421;;relu;;;256;0,11302435576668465;71,0;True;normalizer;0,35331781049561;2631;17786;5269;dropout;0,0025320146274574436;27;23,0;;;;;False;2;sgd;minmax
991;2024-05-11 08:39:00.901376;0,4619140625;;leaky_relu;;;256;;81,0;True;normalizer;0,02910889944145273;2631;17786;5269;vanilla;0,011014179759267747;9;3,0;27,0;8,0;7,0;0,059813442236442194;False;5;sgd;minmax
992;2024-05-11 08:39:52.242759;0,5283203125;;relu;;;512;;92,0;True;normalizer;0,2453476047970854;2631;17786;5269;vanilla;0,3250018863075459;3;29,0;28,0;13,0;;;False;4;sgd;minmax
993;2024-05-11 08:40:34.544321;0,5306640863418579;;relu;;;256;;85,0;True;normalizer;0,13557721983572282;2631;17786;5269;vanilla;0,023633723359805337;12;15,0;27,0;12,0;19,0;;False;5;sgd;minmax
994;2024-05-11 08:42:12.320337;0,530078113079071;;leaky_relu;;;256;;83,0;True;normalizer;0,5065659485966613;2631;17786;5269;vanilla;0,045770023407798954;10;16,0;28,0;22,0;14,0;0,022920146050278416;False;5;sgd;minmax
995;2024-05-11 08:43:23.179855;0,528515636920929;;selu;;;256;0,41510256980708016;;False;;0,6302369220823548;2631;17786;5269;dropout;0,6901846571433813;7;6,0;27,0;19,0;;;True;4;sgd;minmax
996;2024-05-11 08:44:38.709150;0,4619140625;;relu;;;256;;88,0;True;normalizer;0,011291642678276204;2631;17786;5269;vanilla;0,18221594645259107;28;11,0;6,0;21,0;26,0;;False;5;sgd;minmax
997;2024-05-11 08:45:29.162239;0,5304877758026123;;relu;;;32;;74,0;True;normalizer;0,10415400505285845;2631;17786;5269;vanilla;0,10281633690299335;8;5,0;29,0;23,0;11,0;;False;5;sgd;minmax
998;2024-05-11 08:47:40.518355;0,5322948098182678;;relu;;;16;;77,0;True;normalizer;0,3310496500265081;2631;17786;5269;vanilla;0,034832048136978266;11;17,0;26,0;22,0;29,0;;False;5;sgd;minmax
999;2024-05-11 08:51:00.733708;0,533398449420929;;leaky_relu;;;256;;80,0;True;normalizer;0,4235763939467545;2631;17786;5269;vanilla;0,23650253957428183;9;22,0;30,0;24,0;;0,04162126205899687;False;4;sgd;minmax
1000;2024-05-11 08:51:54.983053;0,5308593511581421;;relu;0,03980194528979197;0,8250809443091942;256;;90,0;True;normalizer;0,024316200922992533;2631;17786;5269;batchnorm;;6;14,0;27,0;23,0;9,0;;;5;adam;minmax
1001;2024-05-11 08:53:04.566219;0,4619140625;;relu;;;512;0,36494527850381897;43,0;True;normalizer;0,2956686325633244;2631;17786;5269;dropout;0,38511344199745023;28;7,0;28,0;21,0;12,0;;False;5;sgd;minmax
1002;2024-05-11 08:53:41.748730;0,251953125;;relu;;;256;;7,0;True;minmax;0,5347348666709263;2631;17786;5269;vanilla;0,13307066876034424;29;20,0;29,0;22,0;5,0;;True;5;sgd;minmax
1003;2024-05-11 08:54:37.953679;0,4619140625;;leaky_relu;;;256;;49,0;True;normalizer;0,014287513558843879;2631;17786;5269;vanilla;0,0163191349115799;7;13,0;25,0;18,0;17,0;0,05573678982063427;False;5;sgd;minmax
1004;2024-05-11 08:55:27.299039;0,4638671875;;relu;;;256;;55,0;True;normalizer;0,0035188224730002713;2631;17786;5269;vanilla;0,0010262708085693765;27;12,0;27,0;7,0;;;False;4;sgd;minmax
1005;2024-05-11 08:56:36.198263;0,251953125;;relu;;;256;;10,0;True;maxabs;0,0023409854607664266;2631;17786;5269;vanilla;0,2793548394003258;12;15,0;26,0;13,0;8,0;;False;5;sgd;minmax
1006;2024-05-11 08:57:20.717051;0,4619140625;;relu;;;256;0,26235448345391893;33,0;True;normalizer;0,009215258236345619;2631;17786;5269;dropout;0,01007351129122147;9;6,0;9,0;15,0;13,0;;False;5;sgd;normalizer
1007;2024-05-11 08:57:57.712593;0,5253430008888245;;leaky_relu;;;128;;;False;;0,021212432817386134;2631;17786;5269;vanilla;0,5563832319734688;11;5,0;11,0;12,0;;0,03568936458483653;False;4;sgd;minmax
1008;2024-05-11 08:59:34.525351;0,4619140625;;relu;;;512;;93,0;True;normalizer;0,0012885635106919381;2631;17786;5269;vanilla;0,21797994433037773;10;9,0;28,0;14,0;28,0;;True;5;sgd;minmax
1009;2024-05-11 09:00:28.378600;0,5181640386581421;;relu;;;256;;65,0;True;normalizer;0,37466744398535956;2631;17786;5269;vanilla;0,0699221662832242;26;30,0;21,0;5,0;24,0;;False;5;sgd;minmax
1010;2024-05-11 09:01:29.117468;0,4619140625;;leaky_relu;;;256;;78,0;True;normalizer;0,005160265714523122;2631;17786;5269;vanilla;0,01996984228493617;8;4,0;26,0;20,0;10,0;0,032645916463911455;False;5;sgd;minmax
1011;2024-05-11 09:02:18.509487;0,4619140625;;relu;;;256;0,44637285448985353;86,0;True;normalizer;0,002954259431397878;2631;17786;5269;dropout;0,05337681466682904;29;7,0;27,0;30,0;;;False;4;sgd;minmax
1012;2024-05-11 09:03:20.201031;0,474466472864151;;relu;;;64;;83,0;True;normalizer;0,21024538758464661;2631;17786;5269;vanilla;0,9037098824658177;28;6,0;29,0;21,0;12,0;;False;5;sgd;maxabs
1013;2024-05-11 09:05:27.142487;0,5322265625;;relu;;;256;;81,0;True;normalizer;0,45564093006793005;2631;17786;5269;vanilla;0,44212809116857876;11;14,0;28,0;22,0;11,0;;False;5;sgd;minmax
1014;2024-05-11 09:06:38.251685;0,5318359136581421;;leaky_relu;;;256;;75,0;True;normalizer;0,08076250590001433;2631;17786;5269;vanilla;0,03170607472455849;24;18,0;27,0;24,0;23,0;0,07521522798385627;False;5;sgd;minmax
1015;2024-05-11 09:08:42.132269;0,4619140625;;relu;;;256;;87,0;True;normalizer;0,0024181957695598374;2631;17786;5269;vanilla;0,3163131175400801;22;16,0;26,0;17,0;;;True;4;sgd;minmax
1016;2024-05-11 09:09:27.578785;0,4619140625;;relu;;;512;;36,0;True;normalizer;0,1563079147299104;2631;17786;5269;vanilla;0,007241090727307367;30;13,0;28,0;20,0;22,0;;False;5;sgd;minmax
1017;2024-05-11 09:10:11.134009;0,5355468988418579;;relu;;;256;0,1833576191704446;69,0;True;normalizer;0,06846588404954994;2631;17786;5269;dropout;0,6315727809924038;9;15,0;29,0;23,0;20,0;;False;5;sgd;minmax
1018;2024-05-11 09:11:58.354726;0,529492199420929;;relu;;;256;0,1848696470212057;69,0;True;normalizer;0,08391305624048324;2631;17786;5269;dropout;0,6320893520489621;13;15,0;30,0;24,0;20,0;;False;5;sgd;minmax
1019;2024-05-11 09:13:39.754702;0,5302734375;;selu;;;256;0,15118557742635924;;False;;0,05279368839418567;2631;17786;5269;dropout;0,6919072145024958;10;15,0;30,0;23,0;19,0;;False;5;sgd;minmax
1020;2024-05-11 09:15:23.814006;0,5302734375;;leaky_relu;;;256;0,10030856218782337;71,0;True;normalizer;0,11425767558814579;2631;17786;5269;dropout;0,5712409174685175;9;15,0;29,0;23,0;20,0;0,0475082884812277;False;5;sgd;minmax
1021;2024-05-11 09:16:57.093385;0,4619140625;;relu;0,020012097977003263;0,7029858517188139;256;0,24200357946364406;73,0;True;normalizer;0,06478234602306085;2631;17786;5269;dropout;;29;14,0;29,0;24,0;21,0;;;5;adam;minmax
1022;2024-05-11 09:18:16.167775;0,533007800579071;;relu;;;256;0,22444906042882148;68,0;True;normalizer;0,16032519052285077;2631;17786;5269;dropout;0,7872694009182117;7;15,0;30,0;23,0;21,0;;False;5;sgd;minmax
1023;2024-05-11 09:19:11.094331;0,532031238079071;;leaky_relu;;;256;0,13566716781676014;70,0;True;normalizer;0,04416847060608322;2631;17786;5269;dropout;0,5205805904176708;8;15,0;29,0;22,0;19,0;0,019874869964989984;True;5;sgd;minmax
1024;2024-05-11 09:20:57.958048;0,5328124761581421;;relu;;;256;0,17707498571593475;74,0;True;normalizer;0,12257429963382459;2631;17786;5269;dropout;0,623792477645228;12;14,0;29,0;23,0;20,0;;False;5;sgd;minmax
1025;2024-05-11 09:22:38.332876;0,3695312440395355;;relu;;;256;0,20699907599724365;9,0;True;minmax;0,10510741867492682;2631;17786;5269;dropout;0,014516681805107684;28;14,0;30,0;23,0;20,0;;False;5;sgd;minmax
1026;2024-05-11 09:24:18.406448;0,532031238079071;;relu;;;256;0,1647812534365275;72,0;True;normalizer;0,1306477632816256;2631;17786;5269;dropout;0,027516879162060595;10;15,0;29,0;22,0;21,0;;False;5;sgd;minmax
1027;2024-05-11 09:25:56.426204;0,4619140625;;leaky_relu;;;256;0,12645501836623754;59,0;True;normalizer;0,07464178091601839;2631;17786;5269;dropout;0,012519374583394957;27;14,0;29,0;24,0;19,0;0,004884701710266531;False;5;sgd;minmax
1028;2024-05-11 09:26:51.506624;0,4619140625;;relu;;;256;0,11298723458388318;76,0;True;normalizer;0,08642326744382405;2631;17786;5269;dropout;0,009264309587280983;14;15,0;30,0;16,0;18,0;;False;5;sgd;normalizer
1029;2024-05-11 09:27:41.422211;0,251953125;;relu;;;256;0,29278592063836034;9,0;True;maxabs;0,06261447804159437;2631;17786;5269;dropout;0,7609763546859087;8;13,0;29,0;23,0;22,0;;True;5;sgd;minmax
1030;2024-05-11 09:28:36.258977;0,4619140625;;relu;;;256;0,19156311445107757;74,0;True;normalizer;0,04072966361226812;2631;17786;5269;dropout;0,06088774925089131;11;14,0;28,0;25,0;20,0;;False;5;sgd;minmax
1031;2024-05-11 09:29:26.807922;0,532031238079071;;leaky_relu;;;256;0,14410265375444117;;False;;0,10627810044003369;2631;17786;5269;dropout;0,09226463064765668;9;13,0;29,0;22,0;21,0;0,04519129757081519;False;5;sgd;minmax
1032;2024-05-11 09:31:04.011797;0,4619140625;;relu;;;256;0,2215223199883995;67,0;True;normalizer;0,09165636142921796;2631;17786;5269;dropout;0,004581459660080098;7;12,0;28,0;22,0;22,0;;False;5;sgd;minmax
1033;2024-05-11 09:31:57.646683;0,5309650301933289;;relu;;;8;0,1613086404124226;57,0;True;normalizer;0,04778534571997935;2631;17786;5269;dropout;0,5065704631236314;6;5,0;28,0;24,0;21,0;;False;5;sgd;minmax
1034;2024-05-11 09:45:01.792640;0,4619140625;;relu;;;256;0,2332087133810922;69,0;True;normalizer;0,07156444772104936;2631;17786;5269;dropout;0,15474590264278618;29;14,0;13,0;23,0;11,0;;False;5;sgd;minmax
1035;2024-05-11 09:45:47.858453;0,5296875238418579;;leaky_relu;;;256;0,31061481906561367;72,0;True;normalizer;0,19029585098155766;2631;17786;5269;dropout;0,01804708302256616;28;15,0;29,0;21,0;18,0;0,03762005282855712;True;5;sgd;maxabs
1036;2024-05-11 09:48:09.854095;0,4619140625;;relu;;;256;0,20291314799751592;77,0;True;normalizer;0,13676120554056304;2631;17786;5269;dropout;0,414338499737471;12;6,0;28,0;13,0;13,0;;False;5;sgd;minmax
1037;2024-05-11 09:49:01.221255;0,512499988079071;;relu;;;256;;79,0;True;normalizer;0,16463916354355307;2631;17786;5269;batchnorm;0,11214495877605217;11;23,0;30,0;21,0;20,0;;False;5;sgd;minmax
1038;2024-05-11 09:50:09.799689;0,4619140625;;relu;0,41232002669457374;0,7537981354384763;256;0,12658946531903512;72,0;True;normalizer;0,174975582301511;2631;17786;5269;dropout;;9;13,0;28,0;22,0;23,0;;;5;adam;minmax
1039;2024-05-11 09:51:05.238916;0,4619140625;;leaky_relu;;;256;0,2699884620539545;75,0;True;normalizer;0,006821240942000222;2631;17786;5269;dropout;0,008287644999254934;10;5,0;15,0;14,0;19,0;0,0015220922434232217;False;5;sgd;minmax
1040;2024-05-11 09:52:11.700934;0,5319148898124695;;relu;;;16;0,24976259005334459;78,0;True;normalizer;0,1420002352835416;2631;17786;5269;dropout;0,006502776762156865;28;16,0;29,0;11,0;12,0;;False;5;sgd;minmax
1041;2024-05-11 10:00:00.847036;0,5277343988418579;;selu;;;256;0,17522577574064194;;False;;0,09209315132401855;2631;17786;5269;dropout;0,03965725634266358;30;7,0;14,0;15,0;12,0;;False;5;sgd;minmax
1042;2024-05-11 10:01:01.029692;0,5289633870124817;;relu;;;32;;52,0;True;normalizer;0,03823445636530181;2631;17786;5269;vanilla;0,0051366259624580505;8;14,0;17,0;23,0;30,0;;True;5;sgd;minmax
1043;2024-05-11 10:03:58.933936;0,5267578363418579;;leaky_relu;;;256;;76,0;True;normalizer;0,23276112349405476;2631;17786;5269;vanilla;0,011468155922657756;9;6,0;28,0;22,0;22,0;0,05357255249203294;False;5;sgd;minmax
1044;2024-05-11 10:04:52.624695;0,4619140625;;relu;;;256;0,39636537697385554;80,0;True;normalizer;0,11656664602288189;2631;17786;5269;dropout;0,024250254604695112;5;15,0;27,0;12,0;14,0;;False;5;sgd;minmax
1045;2024-05-11 10:05:35.861211;0,526171863079071;;relu;;;256;;78,0;True;normalizer;0,054072012520679294;2631;17786;5269;batchnorm;0,13158964060188313;29;4,0;25,0;19,0;10,0;;False;5;sgd;minmax
1046;2024-05-11 10:06:40.252895;0,4619140625;;relu;;;256;;81,0;True;normalizer;0,029622061920318573;2631;17786;5269;vanilla;0,04634746504908305;10;13,0;29,0;21,0;21,0;;False;5;sgd;minmax
1047;2024-05-11 10:07:21.182557;0,532031238079071;;leaky_relu;;;256;;75,0;True;normalizer;0,5896284841685622;2631;17786;5269;vanilla;0,08488850833971283;27;11,0;10,0;22,0;22,0;0,030576009981336482;False;5;sgd;minmax
1048;2024-05-11 10:08:15.772134;0,5296875238418579;;relu;;;256;;54,0;True;normalizer;0,5105364414251566;2631;17786;5269;vanilla;0,619779357545062;12;12,0;16,0;;;;False;3;sgd;minmax
1049;2024-05-11 10:09:00.738161;0,251953125;;relu;;;256;;8,0;True;minmax;0,42528627581225453;2631;17786;5269;vanilla;0,3622606023865367;11;6,0;27,0;14,0;25,0;;True;5;sgd;minmax
1050;2024-05-11 10:09:52.988297;0,531445324420929;;relu;;;256;0,1535054107588002;73,0;True;normalizer;0,19224499063282563;2631;17786;5269;dropout;0,18777833278073625;13;14,0;8,0;23,0;20,0;;False;5;sgd;minmax
1051;2024-05-11 10:11:00.556608;0,4596036672592163;;leaky_relu;;;128;;79,0;True;normalizer;0,0013325269602542386;2631;17786;5269;vanilla;0,45275044411362186;8;5,0;28,0;24,0;6,0;0,008479159388853436;False;5;sgd;minmax
1052;2024-05-11 10:12:29.836329;0,4619140625;;relu;;;256;;;False;;0,7138586538157136;2631;17786;5269;vanilla;0,14274125210191393;28;8,0;27,0;13,0;11,0;;False;5;sgd;normalizer
1053;2024-05-11 10:13:05.168946;0,251953125;;relu;;;256;;7,0;True;maxabs;0,26410706265472994;2631;17786;5269;vanilla;0,016083685563044136;7;16,0;28,0;21,0;13,0;;False;5;sgd;minmax
1054;2024-05-11 10:13:45.361263;0,5322027206420898;;relu;;;64;0,13638565280831882;66,0;True;normalizer;0,07072240891717675;2631;17786;5269;dropout;0,002642869417551458;11;7,0;30,0;20,0;27,0;;False;5;sgd;minmax
1055;2024-05-11 10:16:48.073465;0,5298827886581421;;leaky_relu;;;256;;77,0;True;normalizer;0,4819066890349948;2631;17786;5269;vanilla;0,051502169730697586;10;13,0;20,0;22,0;18,0;0,06236308014157536;True;5;sgd;minmax
1056;2024-05-11 10:17:29.987287;0,4619140625;;relu;;;256;;82,0;True;normalizer;0,003906934997704707;2631;17786;5269;vanilla;0,062226864929236875;9;6,0;26,0;12,0;12,0;;False;5;sgd;minmax
1057;2024-05-11 10:18:41.167493;0,4619140625;;relu;;;256;;70,0;True;normalizer;0,05709506268476436;2631;17786;5269;vanilla;0,0018345144141666385;29;15,0;27,0;23,0;13,0;;False;5;sgd;maxabs
1058;2024-05-11 10:19:18.079970;0,4619140625;;leaky_relu;;;256;;63,0;True;normalizer;0,0264128848147369;2631;17786;5269;vanilla;0,06912940795185052;8;14,0;24,0;13,0;19,0;0,018318732413531876;False;5;sgd;minmax
1059;2024-05-11 10:19:53.100946;0,4597264528274536;;relu;0,9437015715306243;0,23360975821509422;8;0,18568678441603842;80,0;True;normalizer;0,14808097814518406;2631;17786;5269;dropout;;27;5,0;28,0;22,0;23,0;;;5;adam;minmax
1060;2024-05-11 10:33:10.678428;0,4619140625;;relu;;;256;;77,0;True;normalizer;0,0021211085432522214;2631;17786;5269;vanilla;0,020888978086931347;4;4,0;29,0;23,0;9,0;;False;5;sgd;minmax
1061;2024-05-11 10:34:03.647896;0,4619140625;;relu;;;256;;56,0;True;normalizer;0,019442100828438492;2631;17786;5269;vanilla;0,03790708727128499;12;6,0;26,0;25,0;29,0;;False;5;sgd;minmax
1062;2024-05-11 10:34:55.162669;0,532031238079071;;selu;;;256;;83,0;True;normalizer;0,6359904123542576;2631;17786;5269;vanilla;0,009668064996621874;28;12,0;27,0;21,0;15,0;;True;5;sgd;minmax
1063;2024-05-11 10:35:49.811294;0,5316406488418579;;leaky_relu;;;256;0,1087308093895071;59,0;True;normalizer;0,388715098364737;2631;17786;5269;dropout;0,7145524210005054;11;7,0;28,0;17,0;12,0;0,028572250862434513;False;5;sgd;minmax
1064;2024-05-11 10:36:45.654386;0,526562511920929;;relu;;;256;;;False;;0,33155660640868995;2631;17786;5269;vanilla;0,2600135811290995;13;14,0;30,0;;;;False;3;sgd;minmax
1065;2024-05-11 10:37:37.501006;0,532421886920929;;relu;;;256;;79,0;True;normalizer;0,21580453384882514;2631;17786;5269;vanilla;0,33970481188175866;30;16,0;27,0;20,0;5,0;;False;5;sgd;minmax
1066;2024-05-11 10:38:43.518591;0,531154990196228;;relu;;;16;;45,0;True;normalizer;0,5333906374236503;2631;17786;5269;vanilla;0,10697734394724487;9;13,0;12,0;22,0;10,0;;False;5;sgd;minmax
1067;2024-05-11 10:42:01.286888;0,525195300579071;;leaky_relu;;;256;;82,0;True;normalizer;0,30050084172635577;2631;17786;5269;vanilla;0,02752675955245157;6;15,0;29,0;24,0;21,0;0,08071829644352954;False;5;sgd;minmax
1068;2024-05-11 10:43:20.757008;0,5295350551605225;;relu;;;32;;74,0;True;normalizer;0,09863886765010041;2631;17786;5269;batchnorm;0,5027624111104296;10;6,0;16,0;22,0;17,0;;True;5;sgd;minmax
1069;2024-05-11 10:48:45.979725;0,4619140625;;relu;;;256;0,258867331951586;84,0;True;normalizer;0,0013233931511116245;2631;17786;5269;dropout;0,012686723000629929;8;5,0;28,0;21,0;14,0;;False;5;sgd;minmax
1070;2024-05-11 10:50:14.503131;0,4619140625;;relu;;;256;;81,0;True;normalizer;0,016444951439369256;2631;17786;5269;vanilla;0,031511112430824106;7;7,0;25,0;23,0;24,0;;False;5;sgd;minmax
1071;2024-05-11 10:51:02.423099;0,533007800579071;;leaky_relu;;;256;;76,0;True;normalizer;0,12403963414530218;2631;17786;5269;vanilla;0,2037187769828606;10;13,0;26,0;15,0;11,0;0,0573058670824616;False;5;sgd;minmax
1072;2024-05-11 10:52:40.634282;0,251953125;;relu;;;256;;6,0;True;minmax;0,033798938233996184;2631;17786;5269;vanilla;0,07703816776690804;29;14,0;27,0;19,0;12,0;;False;5;sgd;normalizer
1073;2024-05-11 10:53:30.854008;0,531445324420929;;relu;;;256;0,2989958141053427;79,0;True;normalizer;0,43981195535278056;2631;17786;5269;dropout;0,38077763380097307;9;22,0;28,0;11,0;22,0;;False;5;sgd;minmax
1074;2024-05-11 10:54:36.838618;0,5347656011581421;;relu;;;256;;82,0;True;normalizer;0,18434146678381594;2631;17786;5269;vanilla;0,17084141935036545;28;3,0;27,0;14,0;30,0;;False;5;sgd;minmax
1075;2024-05-11 10:55:41.722998;0,5296875238418579;;leaky_relu;;;256;;82,0;True;normalizer;0,17801790528681224;2631;17786;5269;vanilla;0,17625718819329844;28;3,0;29,0;14,0;30,0;0,040494314563287066;True;5;sgd;minmax
1076;2024-05-11 10:56:38.687070;0,530468761920929;;relu;;;256;;;False;;0,18921186934485754;2631;17786;5269;vanilla;0,0014628277381839745;27;20,0;27,0;14,0;30,0;;False;5;sgd;minmax
1077;2024-05-11 10:57:57.005953;0,251953125;;relu;;;256;;4,0;True;maxabs;0,15797447851668253;2631;17786;5269;vanilla;0,1576182825147194;28;4,0;26,0;15,0;30,0;;False;5;sgd;minmax
1078;2024-05-11 10:58:48.269678;0,5287728905677795;;relu;;;128;0,21534100024101743;83,0;True;normalizer;0,20629721392535239;2631;17786;5269;dropout;0,1785424055295629;28;4,0;27,0;14,0;29,0;;False;5;sgd;maxabs
1079;2024-05-11 11:00:06.569071;0,52734375;;leaky_relu;;;256;;80,0;True;normalizer;0,14226645862957588;2631;17786;5269;vanilla;0,21705560022052156;29;3,0;4,0;14,0;28,0;0,04311088285633029;False;5;sgd;minmax
1080;2024-05-11 11:01:12.269068;0,4619140625;;relu;0,10302948110851712;0,6085385848006067;256;;84,0;True;normalizer;0,16837778666327735;2631;17786;5269;vanilla;;27;20,0;28,0;13,0;29,0;;;5;adam;minmax
1081;2024-05-11 11:02:01.464208;0,5298827886581421;;relu;;;256;;81,0;True;normalizer;0,17713131852233197;2631;17786;5269;vanilla;0,1522487867097979;28;3,0;13,0;15,0;30,0;;False;5;sgd;minmax
1082;2024-05-11 11:02:48.232344;0,5274389982223511;;relu;;;64;;84,0;True;normalizer;0,2175490185558994;2631;17786;5269;vanilla;0,24507657744407094;27;3,0;29,0;13,0;30,0;;False;5;sgd;minmax
1083;2024-05-11 11:05:08.606554;0,5328124761581421;;leaky_relu;;;256;0,12029855806782629;78,0;True;normalizer;0,13918405877983034;2631;17786;5269;dropout;0,3016558066668155;29;3,0;18,0;15,0;30,0;0,07237448221366775;True;5;sgd;minmax
1084;2024-05-11 11:06:11.103213;0,529492199420929;;relu;;;256;;85,0;True;normalizer;0,7729832045069897;2631;17786;5269;vanilla;0,19711077513758554;26;21,0;27,0;14,0;29,0;;False;5;sgd;minmax
1085;2024-05-11 11:06:59.721741;0,52734375;;selu;;;256;;82,0;True;normalizer;0,06210796170196015;2631;17786;5269;vanilla;0,17372070817339874;27;8,0;26,0;14,0;30,0;;False;5;sgd;minmax
1086;2024-05-11 11:07:48.026936;0,5288753509521484;;relu;;;8;;80,0;True;normalizer;0,00115957791850435;2631;17786;5269;vanilla;0,5710463415214586;28;20,0;29,0;13,0;29,0;;False;5;sgd;minmax
1087;2024-05-11 11:21:27.360602;0,524609386920929;;relu;;;256;0,33369824042693486;;False;;0,5878751839864229;2631;17786;5269;dropout;0,003485854886039893;29;3,0;28,0;;;;False;3;sgd;minmax
1088;2024-05-11 11:22:10.447591;0,4619140625;;leaky_relu;;;256;;78,0;True;normalizer;0,015026008108375602;2631;17786;5269;vanilla;0,27284109105855053;29;3,0;9,0;16,0;28,0;0,07424681726667032;False;5;sgd;minmax
1089;2024-05-11 11:22:46.653751;0,531054675579071;;relu;;;256;;27,0;True;normalizer;0,1545395057906171;2631;17786;5269;vanilla;0,896110962537309;28;4,0;26,0;15,0;29,0;;True;5;sgd;minmax
1090;2024-05-11 11:23:53.615446;0,4751953184604645;;relu;;;256;;83,0;True;normalizer;0,0216292400185247;2631;17786;5269;batchnorm;0,44669604612706115;28;4,0;25,0;14,0;30,0;;False;5;sgd;minmax
1091;2024-05-11 11:24:36.638163;0,5279296636581421;;leaky_relu;;;256;;81,0;True;normalizer;0,12641274796417143;2631;17786;5269;vanilla;0,1322539826772355;30;7,0;28,0;12,0;28,0;0,03414461506961301;False;5;sgd;minmax
1092;2024-05-11 11:25:43.895857;0,5326172113418579;;relu;;;256;0,20053335035181277;75,0;True;normalizer;0,23502419702731708;2631;17786;5269;dropout;0,6696864945625735;28;4,0;27,0;14,0;30,0;;False;5;sgd;minmax
1093;2024-05-11 11:26:46.047357;0,5279255509376526;;relu;;;16;;85,0;True;normalizer;0,11108181501219375;2631;17786;5269;vanilla;0,16545927567240154;19;3,0;28,0;13,0;27,0;;False;5;sgd;minmax
1094;2024-05-11 11:30:36.043758;0,5328124761581421;;relu;;;256;;49,0;True;normalizer;0,19981139395709588;2631;17786;5269;vanilla;0,21682360253463345;26;8,0;30,0;20,0;29,0;;False;5;sgd;minmax
1095;2024-05-11 11:31:40.417004;0,251953125;;leaky_relu;;;256;;9,0;True;minmax;0,03639564663366074;2631;17786;5269;vanilla;0,3326568969250792;28;7,0;26,0;16,0;23,0;0,09710303307664775;True;5;sgd;normalizer
1096;2024-05-11 11:32:16.542227;0,4619140625;;relu;0,1839110769716092;0,5498366748901031;256;;79,0;True;normalizer;0,4908004088020325;2631;17786;5269;vanilla;;27;10,0;11,0;18,0;20,0;;;5;adam;minmax
1097;2024-05-11 11:33:12.884826;0,4596036672592163;;relu;;;32;0,16908950653728708;72,0;True;normalizer;0,00938824345705397;2631;17786;5269;dropout;0,23949489782972308;8;21,0;19,0;13,0;28,0;;False;5;sgd;minmax
1098;2024-05-11 11:36:28.001894;0,5337890386581421;;relu;;;256;;39,0;True;normalizer;0,6707181380843598;2631;17786;5269;vanilla;0,400763657763552;27;6,0;27,0;12,0;3,0;;False;5;sgd;minmax
1099;2024-05-11 11:37:16.572489;0,251953125;;leaky_relu;;;256;;7,0;True;maxabs;0,048911623005418035;2631;17786;5269;vanilla;0,27943560920966753;29;5,0;;;;0,02634821371131905;False;2;sgd;minmax
1100;2024-05-11 11:37:50.596596;0,5279296636581421;;relu;;;256;;;False;;0,5513435166127563;2631;17786;5269;vanilla;0,14158804775174152;29;20,0;29,0;;;;False;3;sgd;maxabs
1101;2024-05-11 11:38:40.036053;0,5316406488418579;;relu;;;256;0,2779356113676404;82,0;True;normalizer;0,24210167703682875;2631;17786;5269;dropout;0,7569521583747622;16;6,0;22,0;21,0;21,0;;False;5;sgd;minmax
1102;2024-05-11 11:39:41.536692;0,5306640863418579;;relu;;;256;;77,0;True;normalizer;0,011361273613439731;2631;17786;5269;vanilla;0,12523292156654034;7;;;;;;True;1;sgd;minmax
1103;2024-05-11 11:40:50.320994;0,5322265625;;leaky_relu;;;256;;80,0;True;normalizer;0,39139878048686466;2631;17786;5269;vanilla;0,19573511301355012;28;12,0;28,0;13,0;26,0;0,03752224935072851;False;5;sgd;minmax
1104;2024-05-11 11:41:41.482515;0,5283917784690857;;relu;;;128;;85,0;True;normalizer;0,0764723290442612;2631;17786;5269;vanilla;0,5158322067776568;23;7,0;25,0;10,0;29,0;;False;5;sgd;minmax
1105;2024-05-11 11:42:51.129550;0,4619140625;;relu;;;256;;53,0;True;normalizer;0,00631088918480797;2631;17786;5269;vanilla;0,3152232920064332;5;5,0;27,0;19,0;30,0;;False;5;sgd;minmax
1106;2024-05-11 11:43:42.247915;0,4619140625;;leaky_relu;;;256;0,23862516184954857;83,0;True;normalizer;0,44796106771444016;2631;17786;5269;dropout;0,2386061694258532;8;6,0;27,0;21,0;22,0;0,061077649699206094;False;5;sgd;minmax
1107;2024-05-11 11:44:25.002097;0,5322265625;;relu;;;256;;77,0;True;normalizer;0,1723840601436247;2631;17786;5269;vanilla;0,362114629726328;29;14,0;28,0;14,0;21,0;;False;5;sgd;minmax
1108;2024-05-11 11:45:30.884710;0,5268673896789551;;selu;;;64;;42,0;True;normalizer;0,04539667254767126;2631;17786;5269;vanilla;0,007683827053211851;6;7,0;26,0;21,0;8,0;;False;5;sgd;minmax
1109;2024-05-11 11:46:32.898574;0,4619140625;;relu;;;256;;;False;;0,0036256908609979643;2631;17786;5269;vanilla;0,5847206812407796;9;5,0;29,0;20,0;10,0;;True;5;sgd;minmax
1110;2024-05-11 11:47:26.787580;0,4619140625;;relu;;;256;0,1000279722243087;61,0;True;normalizer;0,09865449456453237;2631;17786;5269;dropout;0,00615069936752756;30;15,0;15,0;15,0;;;False;4;sgd;minmax
1111;2024-05-11 11:48:19.045545;0,4619140625;;leaky_relu;;;256;;73,0;True;normalizer;0,013496903606763705;2631;17786;5269;vanilla;0,47745232438735424;7;13,0;14,0;29,0;29,0;0,03985184412388232;False;5;sgd;minmax
1112;2024-05-11 11:48:57.260150;0,5257812738418579;;relu;;;256;;79,0;True;normalizer;0,27798361553496886;2631;17786;5269;vanilla;0,1568817768197701;28;6,0;26,0;22,0;23,0;;False;5;sgd;minmax
1113;2024-05-11 11:49:51.112730;0,4712890684604645;;relu;;;256;;81,0;True;normalizer;0,008192733383671671;2631;17786;5269;batchnorm;0,09820535354819196;27;3,0;29,0;13,0;25,0;;False;5;sgd;minmax
1114;2024-05-11 11:50:58.690719;0,4619140625;;relu;;;256;;75,0;True;normalizer;0,05710202938028527;2631;17786;5269;vanilla;0,20010343006227144;9;9,0;30,0;12,0;;;False;4;sgd;minmax
1115;2024-05-11 11:51:43.072120;0,4619140625;;leaky_relu;0,8636162559219731;0,04955547205375266;256;0,1457146831940573;85,0;True;normalizer;0,8631560588068334;2631;17786;5269;dropout;;8;14,0;27,0;17,0;9,0;0,048722578192081534;;5;adam;minmax
1116;2024-05-11 11:52:30.562928;0,5258358716964722;;relu;;;8;;83,0;True;normalizer;0,031746912884437345;2631;17786;5269;vanilla;0,264812597946946;29;4,0;28,0;11,0;24,0;;True;5;sgd;minmax
1117;2024-05-11 12:00:23.580195;0,4619140625;;relu;;;256;;80,0;True;normalizer;0,1464463939582999;2631;17786;5269;vanilla;0,011120509342283267;28;5,0;27,0;21,0;20,0;;False;5;sgd;normalizer
1118;2024-05-11 12:01:13.699528;0,5316406488418579;;relu;;;256;;55,0;True;normalizer;0,9999710306614024;2631;17786;5269;vanilla;0,41363311226227534;9;13,0;28,0;20,0;11,0;;False;5;sgd;minmax
1119;2024-05-11 12:02:02.627155;0,2520896792411804;;leaky_relu;;;16;;5,0;True;minmax;0,5314936588413356;2631;17786;5269;vanilla;0,8454065426669333;8;19,0;27,0;22,0;;0,011596202680457728;False;4;sgd;minmax
1120;2024-05-11 12:05:24.051776;0,530468761920929;;relu;;;256;0,1576295594971888;77,0;True;normalizer;0,376751207858227;2631;17786;5269;dropout;0,30398923716304516;29;12,0;29,0;21,0;19,0;;False;5;sgd;minmax
1121;2024-05-11 12:06:17.994980;0,4619140625;;relu;;;256;;51,0;True;normalizer;0,19458006242769946;2631;17786;5269;vanilla;0,17103962672177359;7;15,0;26,0;13,0;7,0;;False;5;sgd;minmax
1122;2024-05-11 12:07:00.505841;0,5304877758026123;;relu;;;32;;;False;;0,6490102420876995;2631;17786;5269;vanilla;0,0012345715574985398;8;6,0;28,0;9,0;18,0;;True;5;sgd;maxabs
1123;2024-05-11 12:09:07.887045;0,5316406488418579;;leaky_relu;;;256;;57,0;True;normalizer;0,4144308165997439;2631;17786;5269;vanilla;0,657849651202786;26;7,0;12,0;15,0;;0,07064622885373205;False;4;sgd;minmax
1124;2024-05-11 12:09:51.486172;0,5318359136581421;;relu;;;256;0,19375698108814762;47,0;True;normalizer;0,34344775208352674;2631;17786;5269;dropout;0,23005157409465582;28;14,0;25,0;14,0;22,0;;False;5;sgd;minmax
1125;2024-05-11 12:10:53.520912;0,251953125;;relu;;;256;;8,0;True;maxabs;0,007461155644003144;2631;17786;5269;vanilla;0,009083242069375986;6;13,0;7,0;12,0;16,0;;False;5;sgd;minmax
1126;2024-05-11 12:11:36.177529;0,528124988079071;;leaky_relu;;;256;;82,0;True;normalizer;0,47743484503420325;2631;17786;5269;vanilla;0,35943322288873064;27;16,0;27,0;20,0;21,0;0,03145294635723757;False;5;sgd;minmax
1127;2024-05-11 12:12:21.369492;0,4619140625;;relu;;;256;;79,0;True;normalizer;0,0175581665718048;2631;17786;5269;vanilla;0,1890704777036444;9;7,0;28,0;22,0;;;False;4;sgd;minmax
1128;2024-05-11 12:13:02.409051;0,5316406488418579;;selu;;;256;0,21143338075898654;70,0;True;normalizer;0,08601041880218659;2631;17786;5269;dropout;0,11132061386843317;28;21,0;26,0;21,0;23,0;;True;5;sgd;minmax
1129;2024-05-11 12:13:56.335968;0,530468761920929;;relu;;;256;;86,0;True;normalizer;0,1308733175492511;2631;17786;5269;vanilla;0,2717648155787553;30;11,0;27,0;22,0;26,0;;False;5;sgd;minmax
1130;2024-05-11 12:14:59.011141;0,4619140625;;relu;;;256;;76,0;True;normalizer;0,02720961417388915;2631;17786;5269;vanilla;0,5560379617213912;9;20,0;29,0;21,0;30,0;;False;5;sgd;minmax
1131;2024-05-11 12:15:43.439935;0,4596036672592163;;leaky_relu;;;128;;84,0;True;normalizer;0,0014619609850909793;2631;17786;5269;vanilla;0,46967171015843273;7;5,0;30,0;12,0;10,0;0,08684409296376613;False;5;sgd;minmax
1132;2024-05-11 12:16:42.655088;0,531054675579071;;relu;;;256;;;False;;0,11519866377704098;2631;17786;5269;vanilla;0,004125539551415709;27;6,0;27,0;18,0;;;False;4;sgd;minmax
1133;2024-05-11 12:17:31.886216;0,4596036672592163;;relu;0,565276963989236;0,19349708036232122;64;0,4687062360545945;81,0;True;normalizer;0,25991859595459016;2631;17786;5269;dropout;;10;15,0;28,0;22,0;11,0;;;5;adam;minmax
1134;2024-05-11 12:19:33.221555;0,4615234434604645;;relu;;;256;;74,0;True;normalizer;0,0019443246734540327;2631;17786;5269;batchnorm;0,12557377225921784;28;8,0;28,0;14,0;27,0;;False;5;sgd;minmax
1135;2024-05-11 12:21:42.558163;0,5318359136581421;;leaky_relu;;;256;;79,0;True;normalizer;0,5818995087716808;2631;17786;5269;vanilla;0,014812997261847998;29;6,0;26,0;13,0;29,0;0,023958338323722135;False;5;sgd;minmax
1136;2024-05-11 12:22:25.554072;0,5289062261581421;;relu;;;256;;83,0;True;normalizer;0,16847029731335114;2631;17786;5269;vanilla;0,010160557438552077;9;14,0;27,0;;;;True;3;sgd;minmax
1137;2024-05-11 12:23:20.815828;0,531054675579071;;relu;;;256;;78,0;True;normalizer;0,2282615034496673;2631;17786;5269;vanilla;0,22240608820094906;8;5,0;29,0;23,0;;;False;4;sgd;minmax
1138;2024-05-11 12:24:23.378620;0,4619140625;;relu;;;256;0,4344059142486457;87,0;True;normalizer;0,00253135282360637;2631;17786;5269;dropout;0,1398297117240111;13;4,0;24,0;15,0;22,0;;False;5;sgd;minmax
1139;2024-05-11 12:25:18.195763;0,4597264528274536;;leaky_relu;;;8;;81,0;True;normalizer;0,4387103175601588;2631;17786;5269;vanilla;0,005576246010799005;7;12,0;27,0;22,0;20,0;0,014861547998358673;False;5;sgd;normalizer
1140;2024-05-11 12:31:53.507833;0,5277343988418579;;relu;;;256;;85,0;True;normalizer;0,31161892159698257;2631;17786;5269;vanilla;0,39906930633730303;28;13,0;;;;;False;2;sgd;minmax
1141;2024-05-11 12:32:42.714168;0,530078113079071;;relu;;;256;;77,0;True;normalizer;0,5042955080844398;2631;17786;5269;vanilla;0,16559333893635397;17;14,0;28,0;21,0;21,0;;False;5;sgd;minmax
1142;2024-05-11 12:33:50.031872;0,3531250059604645;;leaky_relu;;;256;0,2308724831122266;5,0;True;minmax;0,3997761741612057;2631;17786;5269;dropout;0,3073630779489809;29;15,0;26,0;10,0;28,0;0,051188102437391844;True;5;sgd;minmax
1143;2024-05-11 12:36:05.017481;0,4619140625;;relu;;;256;;;False;;0,7898267827233514;2631;17786;5269;vanilla;0,9706013694196768;12;3,0;28,0;19,0;11,0;;False;5;sgd;minmax
1144;2024-05-11 12:36:54.835319;0,530078113079071;;relu;;;256;;83,0;True;normalizer;0,353993023141768;2631;17786;5269;vanilla;0,25562972213057866;8;6,0;29,0;22,0;;;False;4;sgd;minmax
1145;2024-05-11 12:37:43.188549;0,4619140625;;relu;;;256;;73,0;True;normalizer;0,07290964788812943;2631;17786;5269;vanilla;0,01295704796653142;30;6,0;27,0;11,0;20,0;;False;5;sgd;maxabs
1146;2024-05-11 12:38:34.785104;0,4619140625;;leaky_relu;;;256;;81,0;True;normalizer;0,15443421622271064;2631;17786;5269;vanilla;0,0011544161462746646;10;13,0;17,0;23,0;10,0;0,03509827787491368;False;5;sgd;minmax
1147;2024-05-11 12:39:21.901961;0,53125;;relu;;;256;0,3193996564124667;75,0;True;normalizer;0,6351686318166656;2631;17786;5269;dropout;0,08309849546330919;27;16,0;25,0;21,0;;;False;4;sgd;minmax
1148;2024-05-11 12:40:15.968693;0,2520896792411804;;relu;;;16;;6,0;True;maxabs;0,18721806059773663;2631;17786;5269;vanilla;0,7498930276055497;9;5,0;26,0;20,0;17,0;;True;5;sgd;minmax
1149;2024-05-11 12:43:46.794889;0,5264862775802612;;relu;;;32;;79,0;True;normalizer;0,019798445960352934;2631;17786;5269;vanilla;0,20095817378865616;25;14,0;27,0;13,0;4,0;;False;5;sgd;minmax
1150;2024-05-11 12:48:25.777383;0,5322265625;;selu;;;256;;87,0;True;normalizer;0,09728089309149844;2631;17786;5269;vanilla;0,3351538455621871;8;4,0;28,0;23,0;24,0;;False;5;sgd;minmax
1151;2024-05-11 12:49:07.465923;0,534375011920929;;leaky_relu;;;256;0,176373954458182;65,0;True;normalizer;0,45528589141296577;2631;17786;5269;dropout;0,007563701119644002;6;15,0;16,0;22,0;22,0;0,046177253597226395;False;5;sgd;minmax
1152;2024-05-11 12:50:14.268887;0,5326172113418579;;leaky_relu;;;256;0,17971664770450793;64,0;True;normalizer;0,4251734242975761;2631;17786;5269;dropout;0,008910583456867474;5;15,0;16,0;22,0;23,0;0,045264101600458365;False;5;sgd;minmax
1153;2024-05-11 12:51:01.731138;0,4619140625;;leaky_relu;0,3355244981692781;0,16210827593195248;256;0,1271116998864555;67,0;True;normalizer;0,3523555538292788;2631;17786;5269;dropout;;7;16,0;18,0;22,0;21,0;0,04714149791413647;;5;adam;minmax
1154;2024-05-11 12:52:01.181007;0,5306640863418579;;leaky_relu;;;256;0,1393637247081966;65,0;True;normalizer;0,4697663345458949;2631;17786;5269;dropout;0,012191019576258521;5;16,0;16,0;23,0;;0,04356199843119113;False;4;sgd;minmax
1155;2024-05-11 12:52:47.588035;0,534375011920929;;leaky_relu;;;256;0,16885117219766438;70,0;True;normalizer;0,38932574592904245;2631;17786;5269;dropout;0,007139506439462321;6;15,0;14,0;22,0;22,0;0,04165957643562614;False;5;sgd;minmax
1156;2024-05-11 12:53:52.563224;0,5308593511581421;;leaky_relu;;;256;0,1112903507273747;;False;;0,2838033010787663;2631;17786;5269;dropout;0,0019289503965597182;4;15,0;17,0;21,0;22,0;0,05448185329878355;False;5;sgd;minmax
1157;2024-05-11 12:54:57.287595;0,5291539430618286;;leaky_relu;;;128;0,49505639244027627;69,0;True;normalizer;0,3131104203933765;2631;17786;5269;dropout;0,007884291935173846;6;15,0;16,0;23,0;23,0;0,03905380071789753;False;5;sgd;minmax
1158;2024-05-11 12:56:54.414234;0,532421886920929;;leaky_relu;;;256;0,18838318924609926;66,0;True;normalizer;0,2503784222515471;2631;17786;5269;dropout;0,007016453850214058;5;15,0;15,0;22,0;;0,050407609017271565;False;4;sgd;minmax
1159;2024-05-11 12:57:58.487340;0,4619140625;;leaky_relu;;;256;0,15571203598055405;71,0;True;normalizer;0,2145655461830217;2631;17786;5269;dropout;0,006372791093033152;5;14,0;26,0;22,0;22,0;0,06573533009598494;False;5;sgd;minmax
1160;2024-05-11 12:58:36.466210;0,533398449420929;;leaky_relu;;;256;0,21534885818438754;67,0;True;normalizer;0,457333853741884;2631;17786;5269;dropout;0,007691885714493861;6;16,0;16,0;23,0;21,0;0,03611000388915302;False;5;sgd;minmax
1161;2024-05-11 12:59:30.649764;0,5310594439506531;;leaky_relu;;;64;0,11961011836120145;72,0;True;normalizer;0,3705367370774728;2631;17786;5269;dropout;0,008459671080179811;7;15,0;15,0;24,0;22,0;0,03290534962572737;False;5;sgd;minmax
1162;2024-05-11 13:01:30.622783;0,4619140625;;leaky_relu;;;256;0,24244723120710746;68,0;True;normalizer;0,0016436635259260508;2631;17786;5269;dropout;0,009147924788007447;6;14,0;15,0;22,0;21,0;0,05214700986097809;False;5;sgd;minmax
1163;2024-05-11 13:02:51.976309;0,533007800579071;;leaky_relu;;;256;0,13693515427101755;70,0;True;normalizer;0,1153249907229532;2631;17786;5269;dropout;0,005705620366718968;6;15,0;16,0;21,0;;0,04843694697685541;False;4;sgd;minmax
1164;2024-05-11 13:04:01.595010;0,5335937738418579;;leaky_relu;;;256;0,17167048840185686;56,0;True;normalizer;0,5000842074159543;2631;17786;5269;dropout;0,010836867612139285;6;16,0;14,0;23,0;24,0;0,058528225992095645;False;5;sgd;minmax
1165;2024-05-11 13:04:57.625791;0,4619140625;;leaky_relu;;;256;0,1479473336320375;61,0;True;normalizer;0,41719354631346167;2631;17786;5269;dropout;0,004729323723029682;6;14,0;17,0;22,0;23,0;0,04474408638880663;False;5;sgd;normalizer
1166;2024-05-11 13:05:41.945282;0,3550781309604645;;leaky_relu;;;256;0,2584000584282146;9,0;True;minmax;0,33245207505764846;2631;17786;5269;dropout;0,00660940868276188;5;13,0;16,0;21,0;;0,042133031521592;False;4;sgd;minmax
1167;2024-05-11 13:06:22.581984;0,531154990196228;;leaky_relu;;;8;0,28895012802508246;65,0;True;normalizer;0,06475586492605834;2631;17786;5269;dropout;0,01019362091990936;7;14,0;17,0;14,0;19,0;0,05576937713169128;False;5;sgd;minmax
1168;2024-05-11 13:21:10.241241;0,4619140625;;leaky_relu;;;256;0,2253912526382718;;False;;0,04235537059844075;2631;17786;5269;dropout;0,12107568139062741;7;15,0;16,0;22,0;23,0;0,03705439390382284;False;5;sgd;minmax
1169;2024-05-11 13:21:46.148190;0,4619140625;;leaky_relu;;;256;0,1952130034611435;63,0;True;normalizer;0,0014897109711483772;2631;17786;5269;dropout;0,01676706157464609;6;16,0;27,0;21,0;22,0;0,0305990847756316;False;5;sgd;minmax
1170;2024-05-11 13:22:23.416856;0,4619140625;;leaky_relu;;;256;0,16262593744226767;68,0;True;normalizer;0,0038822138778424995;2631;17786;5269;dropout;0,10166611453721895;6;13,0;15,0;23,0;20,0;0,046017593674955955;False;5;sgd;maxabs
1171;2024-05-11 13:23:24.537345;0,530078113079071;;leaky_relu;;;256;0,20575629925945968;74,0;True;normalizer;0,15638336443303863;2631;17786;5269;dropout;0,22785733577126802;7;12,0;17,0;23,0;;0,028084413503611332;False;4;sgd;minmax
1172;2024-05-11 13:24:18.541803;0,251953125;;leaky_relu;0,22639881269626833;0,4028466111434357;256;0,18187674945412388;7,0;True;maxabs;0,03722226624094605;2631;17786;5269;dropout;;12;14,0;13,0;13,0;21,0;0,03963855622604725;;5;adam;minmax
1173;2024-05-11 13:25:23.671833;0,5013672113418579;;leaky_relu;;;256;;59,0;True;normalizer;0,002400536089887229;2631;17786;5269;batchnorm;0,28890877078814364;8;19,0;26,0;22,0;22,0;0,02204187141115857;False;5;sgd;minmax
1174;2024-05-11 13:27:36.412658;0,5295350551605225;;leaky_relu;;;32;0,36141578077482783;69,0;True;normalizer;0,1258296956899519;2631;17786;5269;dropout;0,17741096035324336;9;15,0;27,0;22,0;18,0;0,06374372622989999;False;5;sgd;minmax
1175;2024-05-11 13:32:36.340076;0,53125;;leaky_relu;;;256;0,13164073515089456;73,0;True;normalizer;0,5540062691326137;2631;17786;5269;dropout;0,019645752097660316;10;20,0;18,0;;;0,03495079878032545;False;3;sgd;minmax
1176;2024-05-11 13:33:34.057700;0,4597264528274536;;leaky_relu;;;16;0,5726193357323507;71,0;True;normalizer;0,012294998675034426;2631;17786;5269;dropout;0,15875502715019008;8;16,0;15,0;12,0;25,0;0,05299747810748185;False;5;sgd;minmax
1177;2024-05-11 13:39:21.243422;0,533398449420929;;leaky_relu;;;256;0,11368573876427425;52,0;True;normalizer;0,2676396621256786;2631;17786;5269;dropout;0,14402754112325172;11;14,0;16,0;24,0;;0,003242203975088162;False;4;sgd;minmax
1178;2024-05-11 13:40:28.459185;0,5289062261581421;;selu;;;256;0,39091637197100054;;False;;0,025464320075046166;2631;17786;5269;dropout;0,01363987198700381;7;13,0;17,0;14,0;21,0;;False;5;sgd;minmax
1179;2024-05-11 13:43:09.704792;0,508984386920929;;leaky_relu;;;512;;50,0;True;normalizer;0,18996301002271532;2631;17786;5269;batchnorm;0,00291894919361991;14;15,0;27,0;9,0;24,0;0,026073464216167012;False;5;sgd;minmax
1180;2024-05-11 13:43:47.035269;0,4619140625;;leaky_relu;;;256;0,41459632319770684;54,0;True;normalizer;0,00739133467948199;2631;17786;5269;dropout;0,2554713293338332;9;14,0;15,0;21,0;16,0;0,0501328334606084;False;5;sgd;minmax
1181;2024-05-11 13:44:38.469977;0,4619140625;;leaky_relu;;;256;;69,0;True;normalizer;0,004942380910905118;2631;17786;5269;vanilla;0,20739489624774635;10;21,0;26,0;21,0;30,0;0,06003950374019716;False;5;sgd;minmax
1182;2024-05-11 13:45:27.082118;0,531445324420929;;relu;;;256;;66,0;True;normalizer;0,0795374964844084;2631;17786;5269;vanilla;0,0037223143179385527;5;13,0;25,0;23,0;;;False;4;sgd;minmax
1183;2024-05-11 13:47:15.625392;0,4619140625;;relu;;;256;0,26744763021008894;57,0;True;normalizer;0,38879648000964406;2631;17786;5269;dropout;0,07410796962049286;18;12,0;23,0;8,0;19,0;;False;5;sgd;normalizer
1184;2024-05-11 13:48:07.378089;0,4619140625;;relu;;;256;;75,0;True;normalizer;0,010528845784778125;2631;17786;5269;vanilla;0,34615882853852487;4;15,0;26,0;22,0;23,0;;False;5;sgd;minmax
1185;2024-05-11 13:49:01.269471;0,533007800579071;;leaky_relu;;;256;;62,0;True;normalizer;0,13909886940707597;2631;17786;5269;vanilla;0,002882353683497675;15;14,0;11,0;23,0;20,0;0,06701580365935786;False;5;sgd;minmax
1186;2024-05-11 13:50:25.864685;0,5308688879013062;;relu;;;128;;72,0;True;normalizer;0,4772654472364737;2631;17786;5269;vanilla;0,008292173752042125;13;16,0;27,0;13,0;28,0;;False;5;sgd;minmax
1187;2024-05-11 13:51:26.829969;0,5278201103210449;;relu;;;64;0,3810259688273171;60,0;True;normalizer;0,3065812517463569;2631;17786;5269;dropout;0,004369509556834352;8;14,0;16,0;12,0;;;False;4;sgd;minmax
1188;2024-05-11 13:53:15.250268;0,5318359136581421;;leaky_relu;;;256;;64,0;True;normalizer;0,22433104356999992;2631;17786;5269;vanilla;0,02382974323337412;11;9,0;27,0;22,0;22,0;0,03807119306553057;False;5;sgd;minmax
1189;2024-05-11 13:54:18.792304;0,4619140625;;relu;;;512;;;False;;0,0323489716264659;2631;17786;5269;vanilla;0,011251211804394715;7;13,0;27,0;24,0;21,0;;False;5;sgd;maxabs
1190;2024-05-11 13:54:46.873179;0,251953125;;relu;;;256;;9,0;True;minmax;0,009906940620587602;2631;17786;5269;vanilla;0,23622702658048733;12;11,0;26,0;14,0;;;False;4;sgd;minmax
1191;2024-05-11 13:55:26.437104;0,5267578363418579;;relu;0,29512284520824994;0,4806691252995802;256;0,14991798595400174;58,0;True;normalizer;0,015228701224726693;2631;17786;5269;dropout;;6;15,0;10,0;21,0;17,0;;;5;adam;minmax
1192;2024-05-11 13:56:14.505055;0,4619140625;;leaky_relu;;;256;;76,0;True;normalizer;0,02263831249880786;2631;17786;5269;vanilla;0,0897460393687107;9;13,0;28,0;22,0;22,0;0,04359880663695549;False;5;sgd;minmax
1193;2024-05-11 13:56:52.369176;0,4619140625;;relu;;;256;;85,0;True;normalizer;0,34378453749843846;2631;17786;5269;vanilla;0,04855041634005758;10;3,0;27,0;11,0;24,0;;False;5;sgd;minmax
1194;2024-05-11 13:57:35.164588;0,251953125;;relu;;;256;0,24638336382671783;8,0;True;maxabs;0,4145125160234267;2631;17786;5269;dropout;0,18935238630837212;8;14,0;28,0;23,0;30,0;;False;5;sgd;minmax
1195;2024-05-11 13:58:15.663402;0,5321048498153687;;selu;;;8;;77,0;True;normalizer;0,5300260893757096;2631;17786;5269;vanilla;0,005649391300623327;9;19,0;12,0;15,0;;;False;4;sgd;minmax
1196;2024-05-11 14:04:55.924878;0,4619140625;;leaky_relu;;;256;;48,0;True;normalizer;0,04415654704245985;2631;17786;5269;vanilla;0,003718018205716105;10;15,0;8,0;20,0;19,0;0,03349917334417094;False;5;sgd;minmax
1197;2024-05-11 14:05:34.041891;0,5328124761581421;;relu;;;256;;53,0;True;normalizer;0,10447185052539457;2631;17786;5269;vanilla;0,2862063099694146;7;4,0;26,0;21,0;20,0;;False;5;sgd;minmax
1198;2024-05-11 14:06:32.999539;0,5308593511581421;;relu;;;256;0,22878277528430543;71,0;True;normalizer;0,4472385905272468;2631;17786;5269;dropout;0,009591649160165599;11;13,0;28,0;22,0;23,0;;False;5;sgd;minmax
1199;2024-05-11 14:07:27.718290;0,5318359136581421;;relu;;;512;;87,0;True;normalizer;0,2893217468941855;2631;17786;5269;vanilla;0,11514093759519164;8;16,0;27,0;23,0;;;False;4;sgd;minmax
1200;2024-05-11 14:08:05.280269;0,5263671875;;leaky_relu;;;256;;;False;;0,18391680586311096;2631;17786;5269;batchnorm;0,05459086398544423;12;20,0;27,0;13,0;15,0;0,040763281693626564;False;5;sgd;minmax
1201;2024-05-11 14:09:05.603421;0,527539074420929;;relu;;;256;;45,0;True;normalizer;0,3498549404897373;2631;17786;5269;vanilla;0,0022011335937476874;6;12,0;9,0;21,0;29,0;;False;5;sgd;minmax
1202;2024-05-11 14:09:58.185906;0,532031238079071;;relu;;;256;;67,0;True;normalizer;0,16166235502169027;2631;17786;5269;vanilla;0,312975462374429;10;15,0;14,0;24,0;26,0;;False;5;sgd;minmax
1203;2024-05-11 14:10:46.439847;0,5322027206420898;;leaky_relu;;;32;0,17716848931658888;84,0;True;normalizer;0,38029829004500615;2631;17786;5269;dropout;0,0628320857764622;9;14,0;25,0;22,0;27,0;0,046368225861954056;False;5;sgd;minmax
1204;2024-05-11 14:13:52.632659;0,4619140625;;relu;;;256;;74,0;True;normalizer;0,05472248038317602;2631;17786;5269;vanilla;0,01476233463046146;11;5,0;26,0;20,0;16,0;;False;5;sgd;minmax
1205;2024-05-11 14:14:28.970058;0,4619140625;;relu;;;256;;79,0;True;normalizer;0,5442163671796725;2631;17786;5269;vanilla;0,14110986918602056;12;14,0;28,0;13,0;;;False;4;sgd;normalizer
1206;2024-05-11 14:15:17.538514;0,530468761920929;;leaky_relu;;;256;;76,0;True;normalizer;0,24695544199345293;2631;17786;5269;vanilla;0,21440807719763644;8;7,0;;;;0,056466600172022485;False;2;sgd;minmax
1207;2024-05-11 14:15:50.710961;0,4597264528274536;;relu;;;16;0,4512639876306367;82,0;True;normalizer;0,2110913907764713;2631;17786;5269;dropout;0,2629680999341474;5;8,0;27,0;14,0;23,0;;False;5;sgd;minmax
1208;2024-05-11 14:21:20.676875;0,524609386920929;;relu;;;256;;88,0;True;normalizer;0,0876541108107589;2631;17786;5269;vanilla;0,8400869146671038;9;;;;;;False;1;sgd;minmax
1209;2024-05-11 14:21:54.118686;0,5318359136581421;;relu;;;256;;55,0;True;normalizer;0,44738193534884774;2631;17786;5269;vanilla;0,0014609087886028745;7;13,0;28,0;22,0;21,0;;False;5;sgd;minmax
1210;2024-05-11 14:23:02.734478;0,4619140625;;leaky_relu;;;512;;78,0;True;normalizer;0,12720501061429468;2631;17786;5269;vanilla;0,040519893695385154;13;4,0;17,0;12,0;25,0;0,006309324276312624;False;5;sgd;minmax
1211;2024-05-11 14:23:38.750525;0,5150390863418579;;relu;;;256;0,33166069210626486;;False;;0,3275557661564624;2631;17786;5269;dropout;0,38746085746609926;10;16,0;27,0;;;;False;3;sgd;maxabs
1212;2024-05-11 14:25:31.063869;0,4619140625;;relu;0,5084117698541921;0,30437871710230247;256;;80,0;True;normalizer;0,024886842310885178;2631;17786;5269;vanilla;;20;12,0;27,0;23,0;;;;4;adam;minmax
1213;2024-05-11 14:26:20.931899;0,251953125;;leaky_relu;;;256;;8,0;True;minmax;0,019711861924627767;2631;17786;5269;vanilla;0,0016986882237401844;11;15,0;15,0;21,0;22,0;0,030973613104492863;False;5;sgd;minmax
1214;2024-05-11 14:27:09.675142;0,532031238079071;;relu;;;256;0,19679168562581814;86,0;True;normalizer;0,602032757406082;2631;17786;5269;dropout;0,16926248909346023;7;5,0;26,0;21,0;21,0;;False;5;sgd;minmax
1215;2024-05-11 14:28:15.687065;0,5318216681480408;;relu;;;128;;73,0;True;normalizer;0,14642243093139518;2631;17786;5269;vanilla;0,012233299117247555;9;14,0;28,0;22,0;22,0;;False;5;sgd;minmax
1216;2024-05-11 14:29:14.646851;0,5318359136581421;;leaky_relu;;;256;;84,0;True;normalizer;0,4149377133462503;2631;17786;5269;vanilla;0,0068810446046936894;8;21,0;25,0;23,0;;0,09432581881026345;False;4;sgd;minmax
1217;2024-05-11 14:30:07.403858;0,2522865831851959;;relu;;;64;;9,0;True;maxabs;0,5268452769448178;2631;17786;5269;vanilla;0,02873168215222906;6;6,0;28,0;14,0;30,0;;False;5;sgd;minmax
1218;2024-05-11 14:31:11.021095;0,534960925579071;;selu;;;256;0,1077448477245489;82,0;True;normalizer;0,058376959181842485;2631;17786;5269;dropout;0,007956122520332464;29;3,0;26,0;24,0;24,0;;False;5;sgd;minmax
1219;2024-05-11 14:32:01.165219;0,530078113079071;;selu;;;256;;83,0;True;normalizer;0,04854198338658138;2631;17786;5269;vanilla;0,01907782852594018;30;3,0;26,0;25,0;23,0;;False;5;sgd;minmax
1220;2024-05-11 14:32:40.381159;0,5306640863418579;;selu;;;256;;82,0;True;normalizer;0,08267770378699867;2631;17786;5269;vanilla;0,009873219236251509;29;3,0;25,0;25,0;;;False;4;sgd;minmax
1221;2024-05-11 14:33:29.237148;0,528515636920929;;selu;;;256;;82,0;True;normalizer;0,13222747862960738;2631;17786;5269;vanilla;0,02169024278943993;29;3,0;26,0;24,0;24,0;;False;5;sgd;minmax
1222;2024-05-11 14:34:22.738536;0,527148425579071;;selu;;;512;0,1114006467283121;80,0;True;normalizer;0,07344114984949082;2631;17786;5269;dropout;0,33538595556394546;30;3,0;26,0;25,0;25,0;;False;5;sgd;minmax
1223;2024-05-11 14:34:51.459854;0,5322265625;;selu;;;256;;;False;;0,03709943667600041;2631;17786;5269;batchnorm;0,03646223474535689;29;4,0;26,0;24,0;24,0;;False;5;sgd;minmax
1224;2024-05-11 14:35:33.015887;0,5252659320831299;;selu;;;8;;85,0;True;normalizer;0,033889324288882125;2631;17786;5269;vanilla;0,6236964844737898;30;3,0;26,0;24,0;24,0;;False;5;sgd;minmax
1225;2024-05-11 14:42:06.287555;0,5277343988418579;;selu;;;256;;81,0;True;normalizer;0,03871923480550319;2631;17786;5269;vanilla;0,10058147398109196;30;4,0;26,0;25,0;23,0;;False;5;sgd;minmax
1226;2024-05-11 14:42:53.147205;0,528515636920929;;selu;;;256;;84,0;True;normalizer;0,04297614610570919;2631;17786;5269;vanilla;0,25252100491990415;30;3,0;25,0;28,0;;;False;4;sgd;minmax
1227;2024-05-11 14:43:32.257910;0,526171863079071;;selu;;;256;0,10088010733314974;80,0;True;normalizer;0,09419376626652702;2631;17786;5269;dropout;0,1936862892455242;29;3,0;27,0;25,0;26,0;;False;5;sgd;normalizer
1228;2024-05-11 14:45:04.998563;0,5289062261581421;;selu;;;256;;78,0;True;normalizer;0,05376248795686877;2631;17786;5269;vanilla;0,14413176361581537;29;4,0;24,0;24,0;25,0;;False;5;sgd;minmax
1229;2024-05-11 14:45:43.665560;0,5328124761581421;;selu;;;256;;86,0;True;normalizer;0,1761889354222365;2631;17786;5269;vanilla;0,2937624934791432;29;3,0;25,0;24,0;24,0;;False;5;sgd;minmax
1230;2024-05-11 14:46:36.082939;0,4619140625;;selu;0,6330859519474427;0,3420175972012439;512;;83,0;True;normalizer;0,06138397312559466;2631;17786;5269;vanilla;;29;3,0;25,0;24,0;;;;4;adam;minmax
1231;2024-05-11 14:47:03.624156;0,5319148898124695;;relu;;;16;0,12330918958570579;89,0;True;normalizer;0,05183241400800012;2631;17786;5269;dropout;0,2287696624032526;28;3,0;26,0;24,0;24,0;;False;5;sgd;minmax
1232;2024-05-11 14:53:01.622711;0,526171863079071;;selu;;;256;;81,0;True;normalizer;0,06812068861913935;2631;17786;5269;vanilla;0,4206191465708004;29;4,0;27,0;10,0;25,0;;False;5;sgd;maxabs
1233;2024-05-11 14:53:42.349271;0,527629554271698;;selu;;;32;;78,0;True;normalizer;0,08820275587493392;2631;17786;5269;vanilla;0,16944476758561297;28;4,0;27,0;15,0;24,0;;False;5;sgd;minmax
1234;2024-05-11 14:56:40.514006;0,5296875238418579;;selu;;;256;0,13594961516596193;;False;;0,06634889909939298;2631;17786;5269;dropout;0,08258141268873682;30;4,0;26,0;23,0;23,0;;False;5;sgd;minmax
1235;2024-05-11 14:57:35.053680;0,5302734375;;selu;;;256;;83,0;True;normalizer;0,030644335193102397;2631;17786;5269;vanilla;0,011085562516558189;28;4,0;27,0;12,0;;;False;4;sgd;minmax
1236;2024-05-11 14:58:14.275452;0,3779296875;;selu;;;256;;10,0;True;minmax;0,04762820246427734;2631;17786;5269;vanilla;0,009072252280834414;29;3,0;25,0;11,0;25,0;;False;5;sgd;minmax
1237;2024-05-11 14:58:52.478721;0,531054675579071;;selu;;;256;;21,0;True;normalizer;0,044002430284586454;2631;17786;5269;vanilla;0,12431702421090207;28;5,0;26,0;13,0;29,0;;False;5;sgd;minmax
1238;2024-05-11 14:59:52.136901;0,4619140625;;selu;;;256;0,1564537615705363;40,0;True;normalizer;0,001051913014010393;2631;17786;5269;dropout;0,016047188051670814;29;3,0;27,0;25,0;12,0;;False;5;sgd;minmax
1239;2024-05-11 15:00:33.081803;0,5308593511581421;;selu;;;256;;87,0;True;normalizer;0,014151790761732577;2631;17786;5269;vanilla;0,6931099245430219;12;5,0;20,0;16,0;;;False;4;sgd;minmax
1240;2024-05-11 15:01:13.863453;0,251953125;;relu;;;256;;9,0;True;maxabs;0,09835764353584342;2631;17786;5269;vanilla;0,005084895721283481;28;4,0;28,0;24,0;28,0;;False;5;sgd;minmax
1241;2024-05-11 15:01:50.550767;0,5269531011581421;;selu;;;512;;80,0;True;normalizer;0,06286049996845505;2631;17786;5269;vanilla;0,025303136417244493;10;7,0;27,0;14,0;24,0;;False;5;sgd;minmax
1242;2024-05-11 15:02:27.212309;0,4619140625;;relu;;;256;0,10058991057608906;85,0;True;normalizer;0,08159232446389757;2631;17786;5269;dropout;0,033684707055402406;9;3,0;26,0;26,0;25,0;;False;5;sgd;minmax
1243;2024-05-11 15:03:22.767361;0,5259146094322205;;selu;;;128;;36,0;True;normalizer;0,022289397749058314;2631;17786;5269;vanilla;0,36075284973578314;29;6,0;27,0;23,0;23,0;;False;5;sgd;minmax
1244;2024-05-11 15:04:23.333580;0,519335925579071;;relu;;;256;;82,0;True;normalizer;0,10649781136779439;2631;17786;5269;batchnorm;0,2004672898401135;30;5,0;28,0;13,0;;;False;4;sgd;minmax
1245;2024-05-11 15:05:19.667761;0,4619140625;;relu;;;256;;;False;;0,0019227360757566605;2631;17786;5269;vanilla;0,008019788335427429;28;12,0;28,0;;;;False;3;sgd;minmax
1246;2024-05-11 15:05:53.507619;0,5308688879013062;;relu;;;64;;78,0;True;normalizer;0,03980811119678755;2631;17786;5269;vanilla;0,30606124790762096;11;7,0;27,0;20,0;18,0;;False;5;sgd;minmax
1247;2024-05-11 15:08:01.583444;0,4619140625;;relu;0,3888547452881642;0,013912397948810107;256;0,12310904743419213;76,0;True;normalizer;0,012691133170529428;2631;17786;5269;dropout;;29;13,0;26,0;12,0;13,0;;;5;adam;minmax
1248;2024-05-11 15:08:48.160696;0,4619140625;;relu;;;256;;88,0;True;normalizer;0,008437420638752987;2631;17786;5269;vanilla;0,06807832777859867;10;6,0;25,0;23,0;27,0;;False;5;sgd;minmax
1249;2024-05-11 15:09:42.116184;0,5306640863418579;;relu;;;256;;80,0;True;normalizer;0,11577486301101107;2631;17786;5269;vanilla;0,46533433624883946;27;5,0;28,0;15,0;;;False;4;sgd;minmax
1250;2024-05-11 15:10:29.543800;0,4619140625;;relu;;;256;0,14487166472667293;85,0;True;normalizer;0,14551717592829025;2631;17786;5269;dropout;0,2612247413864631;13;4,0;24,0;9,0;30,0;;False;5;sgd;normalizer
1251;2024-05-11 15:11:10.650731;0,530078113079071;;relu;;;512;;82,0;True;normalizer;0,25040435536680594;2631;17786;5269;vanilla;0,013520618799002964;14;6,0;29,0;;;;False;3;sgd;minmax
1252;2024-05-11 15:11:48.561966;0,525585949420929;;relu;;;256;;84,0;True;normalizer;0,204024286036426;2631;17786;5269;vanilla;0,0014537837397455011;8;10,0;27,0;24,0;29,0;;False;5;sgd;minmax
1253;2024-05-11 15:12:48.011177;0,5318359136581421;;selu;;;256;;77,0;True;normalizer;0,05777086073699608;2631;17786;5269;vanilla;0,0015246522157824386;28;13,0;28,0;26,0;6,0;;False;5;sgd;minmax
1254;2024-05-11 15:13:25.874350;0,4619140625;;relu;;;256;0,3557464530193431;79,0;True;normalizer;0,067110442417075;2631;17786;5269;dropout;0,046135555160515755;11;20,0;26,0;14,0;30,0;;False;5;sgd;maxabs
1255;2024-05-11 15:14:14.381599;0,4619140625;;relu;;;256;;43,0;True;normalizer;0,018343762788040376;2631;17786;5269;vanilla;0,15887094276598357;9;7,0;27,0;23,0;26,0;;False;5;sgd;minmax
1256;2024-05-11 15:14:49.812883;0,534960925579071;;relu;;;256;;81,0;True;normalizer;0,2831450681444888;2631;17786;5269;vanilla;0,2288203105414802;10;12,0;27,0;13,0;;;False;4;sgd;minmax
1257;2024-05-11 15:15:31.540227;0,5298252105712891;;relu;;;8;;;False;;0,27829121500447007;2631;17786;5269;vanilla;0,22228696743610107;10;12,0;28,0;13,0;;;False;4;sgd;minmax
1258;2024-05-11 15:22:05.629500;0,5298827886581421;;relu;;;256;0,3413393881106067;80,0;True;normalizer;0,30570978437107454;2631;17786;5269;dropout;0,23403913951169025;24;13,0;27,0;13,0;;;False;4;sgd;minmax
1259;2024-05-11 15:22:48.342139;0,5269531011581421;;relu;;;256;;76,0;True;normalizer;0,23955783101727302;2631;17786;5269;vanilla;0,19724897108382622;10;11,0;29,0;13,0;;;False;4;sgd;minmax
1260;2024-05-11 15:23:32.644560;0,5303951501846313;;relu;;;16;;79,0;True;normalizer;0,2805662102064423;2631;17786;5269;vanilla;0,27798051277995633;10;13,0;13,0;13,0;;;False;4;sgd;minmax
1261;2024-05-11 15:26:55.600276;0,4619140625;;relu;;;256;;81,0;True;normalizer;0,003353917844093126;2631;17786;5269;vanilla;0,1757997831090082;10;13,0;26,0;14,0;;;False;4;sgd;minmax
1262;2024-05-11 15:27:38.361107;0,36640626192092896;;relu;;;256;0,4347910256178775;8,0;True;minmax;0,321796071184525;2631;17786;5269;dropout;0,22061054751560327;11;12,0;28,0;13,0;;;False;4;sgd;minmax
1263;2024-05-11 15:28:52.767209;0,5295350551605225;;relu;;;32;;78,0;True;normalizer;0,3586753733434489;2631;17786;5269;vanilla;0,2480680299242063;22;12,0;29,0;14,0;;;False;4;sgd;minmax
1264;2024-05-11 15:31:41.197855;0,251953125;;selu;;;512;;3,0;True;maxabs;0,2468948963952222;2631;17786;5269;vanilla;0,30070670099692526;9;13,0;11,0;14,0;;;False;4;sgd;minmax
1265;2024-05-11 15:32:12.414448;0,533398449420929;;relu;;;256;;81,0;True;normalizer;0,21395204870879;2631;17786;5269;vanilla;0,05852830756553257;11;13,0;25,0;12,0;;;False;4;sgd;minmax
1266;2024-05-11 15:33:15.701285;0,5337890386581421;;relu;;;256;0,21240701618541924;76,0;True;normalizer;0,1724904814369482;2631;17786;5269;dropout;0,18506725294765267;10;12,0;27,0;12,0;;;False;4;sgd;minmax
1267;2024-05-11 15:34:15.707021;0,5263671875;;relu;;;256;;78,0;True;normalizer;0,27835893217811236;2631;17786;5269;vanilla;0,14870977123366041;10;13,0;27,0;13,0;;;False;4;sgd;minmax
1268;2024-05-11 15:35:06.548069;0,4619140625;;relu;0,16418593386967173;0,13033730468209964;256;;;False;;0,36572277873350345;2631;17786;5269;batchnorm;;9;14,0;28,0;16,0;;;;4;adam;minmax
1269;2024-05-11 15:36:00.859421;0,5316406488418579;;relu;;;256;;33,0;True;normalizer;0,0799807167109519;2631;17786;5269;vanilla;0,3507125219388905;11;12,0;26,0;14,0;;;False;4;sgd;minmax
1270;2024-05-11 15:37:11.131354;0,533984363079071;;relu;;;256;;82,0;True;normalizer;0,34201775649621485;2631;17786;5269;vanilla;0,2689950349821409;10;13,0;28,0;12,0;;;False;4;sgd;minmax
1271;2024-05-11 15:37:47.657452;0,532421886920929;;relu;;;256;0,16297857553900244;80,0;True;normalizer;0,19606767853132429;2631;17786;5269;dropout;0,20971593286667745;11;11,0;27,0;13,0;;;False;4;sgd;minmax
1272;2024-05-11 15:38:43.333025;0,5302734375;;relu;;;512;;77,0;True;normalizer;0,3056829784429112;2631;17786;5269;vanilla;0,23843273543287677;9;13,0;26,0;20,0;;;False;4;sgd;minmax
1273;2024-05-11 15:39:15.013997;0,5150533318519592;;selu;;;128;;75,0;True;normalizer;0,1644467132990335;2631;17786;5269;vanilla;0,018588245961544746;12;14,0;28,0;24,0;;;False;4;sgd;normalizer
1274;2024-05-11 15:40:28.412993;0,4619140625;;relu;;;256;0,1308072339243898;82,0;True;normalizer;0,05000076049616951;2631;17786;5269;dropout;0,10975207490830698;11;3,0;29,0;23,0;;;False;4;sgd;minmax
1275;2024-05-11 15:41:09.243025;0,4619140625;;relu;;;256;;79,0;True;normalizer;0,0018045852098030474;2631;17786;5269;vanilla;0,32339808680698756;9;19,0;5,0;21,0;;;False;4;sgd;minmax
1276;2024-05-11 15:41:51.171040;0,53125;;relu;;;256;;83,0;True;normalizer;0,11694503272240615;2631;17786;5269;vanilla;0,01147375349894499;10;13,0;26,0;25,0;;;False;4;sgd;minmax
1277;2024-05-11 15:42:50.661843;0,528515636920929;;relu;;;256;;80,0;True;normalizer;0,22494741314038538;2631;17786;5269;vanilla;0,0024763318110732685;9;14,0;27,0;15,0;;;False;4;sgd;maxabs
1278;2024-05-11 15:43:30.297253;0,5298827886581421;;relu;;;256;0,11368595113918269;78,0;True;normalizer;0,38093080367220516;2631;17786;5269;dropout;0,1275434358890806;10;12,0;27,0;24,0;;;False;4;sgd;minmax
1279;2024-05-11 15:44:20.249720;0,4619140625;;relu;;;256;;;False;;0,0032145489908807887;2631;17786;5269;vanilla;0,09314867919268478;9;12,0;24,0;14,0;;;False;4;sgd;minmax
1280;2024-05-11 15:45:05.428213;0,5303951501846313;;relu;;;8;;75,0;True;normalizer;0,279346549887083;2631;17786;5269;vanilla;0,1810713894326237;12;14,0;9,0;23,0;;;False;4;sgd;minmax
1281;2024-05-11 15:52:35.919384;0,5230563879013062;;relu;;;64;;81,0;True;normalizer;0,13638627635692963;2631;17786;5269;vanilla;0,01035376603517511;11;13,0;29,0;20,0;;;False;4;sgd;minmax
1282;2024-05-11 15:54:21.291246;0,5298827886581421;;selu;;;256;0,3668140155033147;83,0;True;normalizer;0,05890064337466624;2631;17786;5269;dropout;0,38535546249298525;10;14,0;28,0;22,0;;;False;4;sgd;minmax
1283;2024-05-11 15:55:13.253868;0,4619140625;;relu;;;256;;79,0;True;normalizer;0,7069248090895128;2631;17786;5269;vanilla;0,008638163718817125;29;3,0;26,0;21,0;;;False;4;sgd;minmax
1284;2024-05-11 15:55:48.710119;0,251953125;;relu;;;256;;9,0;True;minmax;0,3174993398946432;2631;17786;5269;vanilla;0,2741404985005543;30;14,0;25,0;13,0;;;False;4;sgd;minmax
1285;2024-05-11 15:56:28.056351;0,4619140625;;relu;0,47696433417851003;0,08741943946918601;512;;47,0;True;normalizer;0,0991050752285648;2631;17786;5269;vanilla;;28;13,0;27,0;12,0;;;;4;adam;minmax
1286;2024-05-11 15:57:04.197871;0,5355468988418579;;relu;;;256;0,2784535539103718;77,0;True;normalizer;0,40896926702031733;2631;17786;5269;dropout;0,07330128284297202;12;13,0;30,0;23,0;;;False;4;sgd;minmax
1287;2024-05-11 15:58:11.082515;0,532031238079071;;relu;;;256;0,18404895122014267;78,0;True;normalizer;0,07239550266533695;2631;17786;5269;dropout;0,06813416144028683;12;11,0;7,0;24,0;;;False;4;sgd;minmax
1288;2024-05-11 15:59:47.915360;0,251953125;;relu;;;256;0,20310402715477424;1,0;True;maxabs;0,41917710373341693;2631;17786;5269;dropout;0,07951666241528835;13;14,0;10,0;23,0;;;False;4;sgd;minmax
1289;2024-05-11 16:00:25.354253;0,5326172113418579;;relu;;;256;0,24951010978475632;81,0;True;normalizer;0,448918177328873;2631;17786;5269;dropout;0,09092966240200896;12;21,0;30,0;24,0;;;False;4;sgd;minmax
1290;2024-05-11 16:01:04.539023;0,5326172113418579;;relu;;;256;0,3037732054831032;85,0;True;normalizer;0,4958318492928876;2631;17786;5269;dropout;0,07608724354047995;13;19,0;30,0;23,0;28,0;;False;5;sgd;minmax
1291;2024-05-11 16:01:49.402461;0,4619140625;;relu;;;256;0,32185302107984837;;False;;0,0022566817746193686;2631;17786;5269;dropout;0,11263624066625737;13;3,0;;;;;False;2;sgd;minmax
1292;2024-05-11 16:02:19.725444;0,530078113079071;;relu;;;256;0,1691078662856253;90,0;True;normalizer;0,18784548491803077;2631;17786;5269;dropout;0,07366686553724473;12;12,0;30,0;24,0;;;False;4;sgd;minmax
1293;2024-05-11 16:02:54.543887;0,5279296636581421;;relu;;;256;0,2776139501882195;37,0;True;normalizer;0,1573734965865618;2631;17786;5269;dropout;0,07320117994926649;12;;;;;;False;1;sgd;minmax
1294;2024-05-11 16:03:24.455803;0,4619140625;;relu;;;256;0,14421078557544123;51,0;True;normalizer;0,5666866874671393;2631;17786;5269;dropout;0,0935171064164755;12;13,0;30,0;23,0;24,0;;False;5;sgd;normalizer
1295;2024-05-11 16:03:59.035108;0,532031238079071;;relu;;;256;0,2268010192269017;82,0;True;normalizer;0,4108876121779909;2631;17786;5269;dropout;0,0668311160164166;12;4,0;30,0;23,0;14,0;;False;5;sgd;minmax
1296;2024-05-11 16:04:38.459645;0,531445324420929;;relu;;;256;0,19109440771226865;80,0;True;normalizer;0,4902509092280107;2631;17786;5269;dropout;0,0012060048854331553;12;14,0;30,0;23,0;3,0;;False;5;sgd;minmax
1297;2024-05-11 16:05:20.926100;0,4619140625;;relu;;;256;0,29600169314960967;77,0;True;normalizer;0,1156901414343726;2631;17786;5269;dropout;0,10304914849595523;13;13,0;30,0;24,0;15,0;;False;5;sgd;minmax
1298;2024-05-11 16:05:52.762103;0,5347656011581421;;relu;;;256;0,15621997678453453;84,0;True;normalizer;0,3866114493860265;2631;17786;5269;dropout;0,05253582070887275;11;4,0;25,0;23,0;;;False;4;sgd;minmax
1299;2024-05-11 16:06:24.008841;0,5298827886581421;;relu;;;256;0,3762008113922205;83,0;True;normalizer;0,3646536569439077;2631;17786;5269;dropout;0,06242029099630915;11;3,0;25,0;23,0;;;False;4;sgd;minmax
1300;2024-05-11 16:07:05.099308;0,529492199420929;;relu;;;256;0,2376088315083179;81,0;True;normalizer;0,3126531471136819;2631;17786;5269;dropout;0,04913165314998904;12;4,0;25,0;24,0;;;False;4;sgd;minmax
1301;2024-05-11 16:07:40.819370;0,533984363079071;;relu;;;256;0,2110379800406173;79,0;True;normalizer;0,27008063145539335;2631;17786;5269;dropout;0,057189727794193894;14;3,0;25,0;24,0;;;False;4;sgd;minmax
1302;2024-05-11 16:08:22.762051;0,533984363079071;;relu;;;256;0,15736684779925186;83,0;True;normalizer;0,22892638167372442;2631;17786;5269;dropout;0,05678252605028813;11;4,0;26,0;23,0;;;False;4;sgd;minmax
1303;2024-05-11 16:08:56.954520;0,5263671875;;relu;;;256;0,2579324468853513;;False;;0,3778382315723185;2631;17786;5269;dropout;0,08955147750216932;11;4,0;24,0;23,0;;;False;4;sgd;maxabs
1304;2024-05-11 16:09:43.074063;0,533007800579071;;relu;;;256;0,2171944179184156;80,0;True;normalizer;0,3279346586830056;2631;17786;5269;dropout;0,005853509004478945;12;3,0;25,0;26,0;;;False;4;sgd;minmax
1305;2024-05-11 16:10:17.202334;0,52734375;;relu;0,43495347788157535;0,5329944380051873;256;0,19913890564838868;82,0;True;normalizer;0,0021252901917659644;2631;17786;5269;dropout;;13;4,0;26,0;24,0;;;;4;adam;minmax
1306;2024-05-11 16:10:47.661341;0,4619140625;;relu;;;256;0,3163430334866655;77,0;True;normalizer;0,053298781084472786;2631;17786;5269;dropout;0,0840476763410639;27;4,0;26,0;23,0;;;False;4;sgd;minmax
1307;2024-05-11 16:11:19.100835;0,3326171934604645;;relu;;;256;0,28017522069878686;4,0;True;minmax;0,05858703598922274;2631;17786;5269;dropout;0,004368331369271757;12;3,0;26,0;25,0;;;False;4;sgd;minmax
1308;2024-05-11 16:12:22.111611;0,4619140625;;relu;;;256;0,3948280720866637;84,0;True;normalizer;0,0010729464435228343;2631;17786;5269;dropout;0,05198129696726964;13;3,0;25,0;24,0;;;False;4;sgd;minmax
1309;2024-05-11 16:12:58.135340;0,533007800579071;;relu;;;256;0,35055597978758635;80,0;True;normalizer;0,25479714534066833;2631;17786;5269;dropout;0,002903709672416331;26;12,0;26,0;25,0;;;False;4;sgd;minmax
1310;2024-05-11 16:13:42.458653;0,531445324420929;;relu;;;256;0,1742086080973426;82,0;True;normalizer;0,13861183225372364;2631;17786;5269;dropout;0,003830845131479665;11;4,0;30,0;27,0;;;False;4;sgd;minmax
1311;2024-05-11 16:14:24.440705;0,2520896792411804;;relu;;;16;;8,0;True;maxabs;0,07096420013328322;2631;17786;5269;batchnorm;0,04124690997693103;29;3,0;26,0;23,0;;;True;4;sgd;minmax
1312;2024-05-11 16:19:39.077185;0,5295350551605225;;relu;;;32;0,18717402679711453;78,0;True;normalizer;0,16275603964682128;2631;17786;5269;dropout;0,0715981567971124;20;4,0;26,0;23,0;;;False;4;sgd;minmax
1313;2024-05-11 16:21:51.646067;0,53125;;relu;;;256;0,2658789699432055;75,0;True;normalizer;0,40151140151452697;2631;17786;5269;dropout;0,043678702187687546;11;4,0;27,0;24,0;;;False;4;sgd;minmax
1314;2024-05-11 16:22:27.674582;0,4619140625;;relu;;;256;0,6139227077890007;84,0;True;normalizer;0,19878692641330614;2631;17786;5269;dropout;0,005422067863892397;28;3,0;25,0;23,0;;;False;4;sgd;minmax
1315;2024-05-11 16:22:58.463060;0,5298827886581421;;selu;;;256;0,13876598177838972;;False;;0,09305633541033048;2631;17786;5269;dropout;0,0023518541433507427;29;3,0;27,0;23,0;;;False;4;sgd;minmax
1316;2024-05-11 16:23:58.517168;0,4619140625;;relu;;;256;0,16110476810564234;81,0;True;normalizer;0,34412314609574196;2631;17786;5269;dropout;0,06389309369792696;28;4,0;30,0;23,0;;;False;4;sgd;normalizer
1317;2024-05-11 16:24:28.379923;0,533984363079071;;relu;;;256;0,24077172535352598;79,0;True;normalizer;0,30397533610521904;2631;17786;5269;dropout;0,08078956844712526;15;4,0;26,0;24,0;;;False;4;sgd;minmax
1318;2024-05-11 16:25:05.720878;0,4505859315395355;;relu;;;256;;77,0;True;normalizer;0,006350545585490485;2631;17786;5269;batchnorm;0,05686266429692235;27;4,0;27,0;22,0;;;False;4;sgd;minmax
1319;2024-05-11 16:26:06.099461;0,533007800579071;;relu;;;256;0,1228937995720751;83,0;True;normalizer;0,38887736161017533;2631;17786;5269;dropout;0,04050205174611355;11;3,0;26,0;24,0;;;True;4;sgd;minmax
1320;2024-05-11 16:26:42.668330;0,5328124761581421;;relu;;;256;0,22306260477325102;79,0;True;normalizer;0,17451233881104586;2631;17786;5269;dropout;0,004400298137967946;28;20,0;12,0;14,0;;;False;4;sgd;minmax
1321;2024-05-11 16:27:18.550205;0,5306640863418579;;relu;;;256;0,14732522905636805;85,0;True;normalizer;0,04668812599500413;2631;17786;5269;dropout;0,04832027981451284;11;5,0;27,0;23,0;;;False;4;sgd;minmax
1322;2024-05-11 16:28:17.728167;0,5245807766914368;;relu;;;128;;74,0;True;normalizer;0,21286724185348058;2631;17786;5269;vanilla;0,06335212165317186;16;14,0;19,0;13,0;;;False;4;sgd;minmax
1323;2024-05-11 16:29:02.759468;0,4619140625;;relu;;;256;;81,0;True;normalizer;0,0014303150503084474;2631;17786;5269;vanilla;0,0787672920933842;12;5,0;25,0;23,0;;;False;4;sgd;minmax
1324;2024-05-11 16:29:52.131458;0,4619140625;;relu;0,10912104865224004;0,9973890380510527;256;0,2048518814800586;55,0;True;normalizer;0,7155504921366824;2631;17786;5269;dropout;;30;14,0;23,0;;;;;3;adam;maxabs
1325;2024-05-11 16:30:24.432313;0,2522865831851959;;selu;;;64;;76,0;True;normalizer;0,8430360481131469;2631;17786;5269;vanilla;0,038541044702075734;12;4,0;29,0;22,0;;;False;4;sgd;minmax
1326;2024-05-11 16:31:34.394951;0,528124988079071;;relu;;;256;;;False;;0,12751027195255252;2631;17786;5269;vanilla;0,002602113493514016;29;13,0;27,0;12,0;;;False;4;sgd;minmax
1327;2024-05-11 16:32:15.327472;0,4619140625;;relu;;;256;;82,0;True;normalizer;0,004220301919778729;2631;17786;5269;vanilla;0,05483947147117839;13;3,0;26,0;;;;False;3;sgd;minmax
1328;2024-05-11 16:32:55.768766;0,4619140625;;relu;;;256;0,40874057603555103;53,0;True;normalizer;0,0811183711160699;2631;17786;5269;dropout;0,007181558657349857;28;14,0;29,0;22,0;;;True;4;sgd;minmax
1329;2024-05-11 16:33:31.629110;0,5341796875;;relu;;;256;;79,0;True;normalizer;0,47011579063690306;2631;17786;5269;vanilla;0,08575426771243609;29;13,0;28,0;25,0;;;False;4;sgd;minmax
1330;2024-05-11 16:34:10.622375;0,2520896792411804;;relu;;;8;;8,0;True;minmax;0,2648147716034227;2631;17786;5269;vanilla;0,004057739269519315;11;15,0;21,0;23,0;;;False;4;sgd;minmax
1331;2024-05-11 16:40:50.752485;0,531445324420929;;relu;;;256;0,3352195784086769;31,0;True;normalizer;0,4035920227496959;2631;17786;5269;dropout;0,0017325766558116107;28;5,0;27,0;24,0;;;False;4;sgd;minmax
1332;2024-05-11 16:41:48.879710;0,5287109613418579;;relu;;;256;;41,0;True;normalizer;0,10353003102404802;2631;17786;5269;vanilla;0,006270260160377429;12;13,0;30,0;23,0;;;False;4;sgd;minmax
1333;2024-05-11 16:42:45.538991;0,5328124761581421;;relu;;;256;;84,0;True;normalizer;0,6043331321250023;2631;17786;5269;vanilla;0,0013528557375345337;14;12,0;27,0;15,0;;;False;4;sgd;minmax
1334;2024-05-11 16:43:27.778823;0,528515636920929;;selu;;;256;;14,0;True;normalizer;0,3517461066632341;2631;17786;5269;vanilla;0,06861598851030204;30;14,0;26,0;14,0;;;False;4;sgd;minmax
1335;2024-05-11 16:44:02.893931;0,251953125;;relu;;;256;;9,0;True;maxabs;0,2861750819626334;2631;17786;5269;batchnorm;0,09634325078868047;27;4,0;28,0;13,0;;;False;4;sgd;minmax
1336;2024-05-11 16:44:50.988424;0,4619140625;;relu;;;256;0,4643270674335258;81,0;True;normalizer;0,0011705729890604994;2631;17786;5269;dropout;0,048866973343659206;11;11,0;6,0;22,0;16,0;;True;5;sgd;minmax
1337;2024-05-11 16:45:31.484230;0,5328647494316101;;relu;;;16;;;False;;0,1513308747058067;2631;17786;5269;vanilla;0,08022356873167913;10;17,0;13,0;13,0;17,0;;False;5;sgd;minmax
1338;2024-05-11 16:49:00.038349;0,5238281488418579;;relu;;;256;;77,0;True;normalizer;0,50404863361418;2631;17786;5269;vanilla;0,03725649601504436;29;21,0;29,0;23,0;;;False;4;sgd;minmax
1339;2024-05-11 16:49:42.620782;0,4619140625;;relu;;;256;0,17337032692752177;25,0;True;normalizer;0,23539612582014427;2631;17786;5269;dropout;0,0064446640465963;27;3,0;26,0;22,0;14,0;;False;5;sgd;minmax
1340;2024-05-11 16:50:21.954738;0,4619140625;;relu;;;256;;80,0;True;normalizer;0,0012402855155407874;2631;17786;5269;vanilla;0,10751020948809706;11;16,0;28,0;22,0;12,0;;False;5;sgd;minmax
1341;2024-05-11 16:51:18.027076;0,4619140625;;relu;;;256;;86,0;True;normalizer;0,04029349418525245;2631;17786;5269;vanilla;0,04538210814257424;12;15,0;24,0;24,0;;;False;4;sgd;normalizer
1342;2024-05-11 16:51:55.233566;0,5316406488418579;;relu;;;256;0,13215049114989963;83,0;True;normalizer;0,18619767081665886;2631;17786;5269;dropout;0,031467545550203514;28;5,0;27,0;15,0;4,0;;False;5;sgd;minmax
1343;2024-05-11 16:53:01.887435;0,4596036672592163;;relu;0,7621480952390547;0,48973650095647026;32;;78,0;True;normalizer;0,029109898817918763;2631;17786;5269;vanilla;;10;13,0;26,0;14,0;13,0;;;5;adam;minmax
1344;2024-05-11 16:55:03.307765;0,4619140625;;relu;;;256;;75,0;True;normalizer;0,004897704073221801;2631;17786;5269;vanilla;0,004745244780315363;26;4,0;28,0;12,0;8,0;;False;5;sgd;maxabs
1345;2024-05-11 16:55:41.681723;0,5335937738418579;;relu;;;256;;49,0;True;normalizer;0,4425609685806791;2631;17786;5269;vanilla;0,32941521710997795;29;13,0;27,0;23,0;;;True;4;sgd;minmax
1346;2024-05-11 16:56:23.758429;0,533984363079071;;selu;;;256;0,3101765341315804;58,0;True;normalizer;0,11286787376329378;2631;17786;5269;dropout;0,0628692993246603;10;14,0;25,0;23,0;13,0;;False;5;sgd;minmax
1347;2024-05-11 16:57:09.470164;0,5296875238418579;;relu;;;256;;81,0;True;normalizer;0,3086323060981229;2631;17786;5269;vanilla;0,026889560652986005;13;22,0;3,0;22,0;29,0;;False;5;sgd;minmax
1348;2024-05-11 16:57:58.592789;0,5234375;;relu;;;128;;;False;;0,06655440433073803;2631;17786;5269;vanilla;0,21252947653021406;8;12,0;29,0;12,0;;;False;4;sgd;minmax
1349;2024-05-11 16:59:13.086696;0,5306640863418579;;relu;;;256;0,2313243888433401;85,0;True;normalizer;0,3695889000809412;2631;17786;5269;dropout;0,44106138266600525;11;15,0;30,0;25,0;9,0;;False;5;sgd;minmax
1350;2024-05-11 16:59:55.895844;0,4619140625;;relu;;;256;;73,0;True;normalizer;0,03500989025962256;2631;17786;5269;vanilla;0,034930833640555846;28;5,0;27,0;13,0;14,0;;False;5;sgd;minmax
1351;2024-05-11 17:00:44.465919;0,5261051654815674;;relu;;;64;;83,0;True;normalizer;0,14460196293283994;2631;17786;5269;vanilla;0,005636761105514615;21;4,0;28,0;24,0;;;False;4;sgd;minmax
1352;2024-05-11 17:02:29.313420;0,530078113079071;;relu;;;256;0,1118695665187844;45,0;True;normalizer;0,4360074532174302;2631;17786;5269;dropout;0,054347953553152945;30;17,0;22,0;22,0;17,0;;False;5;sgd;minmax
1353;2024-05-11 17:03:46.562380;0,527539074420929;;relu;;;256;;78,0;True;normalizer;0,5595082392064475;2631;17786;5269;vanilla;0,133453812099811;8;3,0;26,0;11,0;11,0;;True;5;sgd;minmax
1354;2024-05-11 17:04:38.504969;0,531445324420929;;selu;;;256;;80,0;True;normalizer;0,6597042712409148;2631;17786;5269;vanilla;0,25002649617334666;25;19,0;27,0;16,0;;;False;4;sgd;minmax
1355;2024-05-11 17:05:28.958226;0,251953125;;relu;;;256;;9,0;True;minmax;0,33957340518688117;2631;17786;5269;vanilla;0,15318830791728222;23;14,0;28,0;23,0;15,0;;False;5;sgd;minmax
1356;2024-05-11 17:06:12.743002;0,5326172113418579;;relu;;;256;0,18660810501651448;76,0;True;normalizer;0,2168793692701882;2631;17786;5269;dropout;0,0937844708792197;18;5,0;26,0;14,0;16,0;;False;5;sgd;minmax
1357;2024-05-11 17:07:43.233936;0,4597264528274536;;relu;;;8;;86,0;True;normalizer;0,2682784970213061;2631;17786;5269;vanilla;0,02966645971163856;12;20,0;27,0;22,0;12,0;;False;5;sgd;minmax
1358;2024-05-11 17:14:25.557467;0,2861328125;;relu;;;256;;6,0;True;maxabs;0,0056423239758702035;2631;17786;5269;batchnorm;0,07091112288683261;10;15,0;8,0;23,0;;;False;4;sgd;minmax
1359;2024-05-11 17:15:25.978610;0,5357421636581421;;relu;;;256;;82,0;True;normalizer;0,04737159106735494;2631;17786;5269;vanilla;0,2922149328714092;28;14,0;29,0;13,0;5,0;;False;5;sgd;minmax
1360;2024-05-11 17:17:09.302245;0,4619140625;;relu;;;256;;84,0;True;normalizer;0,08472208275708967;2631;17786;5269;vanilla;0,002900904935991531;29;14,0;30,0;13,0;4,0;;False;5;sgd;minmax
1361;2024-05-11 17:18:03.261744;0,4619140625;;relu;;;256;0,28442003073722166;;False;;0,1844513360324808;2631;17786;5269;dropout;0,004954318101815617;27;14,0;29,0;12,0;3,0;;False;5;sgd;minmax
1362;2024-05-11 17:18:49.638098;0,4619140625;;relu;;;256;;83,0;True;normalizer;0,0591519668910553;2631;17786;5269;vanilla;0,29553871525842995;28;15,0;30,0;13,0;5,0;;True;5;sgd;normalizer
1363;2024-05-11 17:19:47.763498;0,4619140625;;relu;0,6718837789872103;0,3592355966760056;256;;83,0;True;normalizer;0,046671797398851675;2631;17786;5269;vanilla;;11;14,0;29,0;13,0;6,0;;;5;adam;minmax
1364;2024-05-11 17:20:42.094436;0,53125;;relu;;;256;0,15619457057272423;86,0;True;normalizer;0,3045944371390751;2631;17786;5269;dropout;0,18623275150829566;8;13,0;29,0;12,0;5,0;;False;5;sgd;minmax
1365;2024-05-11 17:22:06.862941;0,5300151705741882;;relu;;;16;;81,0;True;normalizer;0,06727112571692108;2631;17786;5269;vanilla;0,0033066657369842855;12;14,0;30,0;14,0;5,0;;False;5;sgd;minmax
1366;2024-05-11 17:28:14.679456;0,4619140625;;relu;;;256;;82,0;True;normalizer;0,07567802300372255;2631;17786;5269;vanilla;0,23193321377292714;10;15,0;29,0;13,0;7,0;;False;5;sgd;minmax
1367;2024-05-11 17:28:51.068903;0,5280106663703918;;relu;;;32;0,16708518730536634;80,0;True;normalizer;0,03623136785389988;2631;17786;5269;dropout;0,24202955822827546;13;13,0;30,0;14,0;6,0;;False;5;sgd;maxabs
1368;2024-05-11 17:33:37.132454;0,4619140625;;relu;;;256;;78,0;True;normalizer;0,0026105175984013464;2631;17786;5269;vanilla;0,2766922830751967;29;14,0;29,0;13,0;4,0;;False;5;sgd;minmax
1369;2024-05-11 17:34:49.645157;0,4619140625;;relu;;;256;;86,0;True;normalizer;0,059236253570211686;2631;17786;5269;vanilla;0,002446125846082456;28;13,0;29,0;14,0;3,0;;False;5;sgd;minmax
1370;2024-05-11 17:35:27.644685;0,4619140625;;relu;;;256;;84,0;True;normalizer;0,05102301510327613;2631;17786;5269;vanilla;0,11868104461514752;11;14,0;29,0;12,0;4,0;;False;5;sgd;minmax
1371;2024-05-11 17:36:09.787190;0,4619140625;;relu;;;256;0,3581037239435053;57,0;True;normalizer;0,001771245567383987;2631;17786;5269;dropout;0,022660728171793484;30;16,0;30,0;13,0;6,0;;True;5;sgd;minmax
1372;2024-05-11 17:37:32.573649;0,4619140625;;relu;;;256;;;False;;0,07192685780400783;2631;17786;5269;vanilla;0,0072090896177728365;9;15,0;29,0;12,0;7,0;;False;5;sgd;minmax
1373;2024-05-11 17:38:08.778071;0,4619140625;;relu;;;256;;52,0;True;normalizer;0,051311014427568025;2631;17786;5269;vanilla;0,18356049145911485;9;13,0;28,0;15,0;6,0;;False;5;sgd;minmax
1374;2024-05-11 17:38:49.032932;0,533398449420929;;relu;;;256;0,10049549595286043;76,0;True;normalizer;0,9438626329997982;2631;17786;5269;dropout;0,001610834436139599;29;14,0;29,0;13,0;6,0;;False;5;sgd;minmax
1375;2024-05-11 17:39:44.049951;0,4619140625;;relu;;;256;;79,0;True;normalizer;0,040927085808867364;2631;17786;5269;vanilla;0,22119330887365277;27;13,0;28,0;14,0;4,0;;False;5;sgd;minmax
1376;2024-05-11 17:40:24.467967;0,4619140625;;relu;;;256;;74,0;True;normalizer;0,05896591010640768;2631;17786;5269;vanilla;0,2804430551311831;8;15,0;30,0;12,0;4,0;;False;5;sgd;minmax
1377;2024-05-11 17:41:03.612456;0,4596036672592163;;relu;;;128;0,26912873792689807;82,0;True;normalizer;0,05660454057383171;2631;17786;5269;dropout;0,03226656201250591;28;12,0;28,0;13,0;8,0;;False;5;sgd;minmax
1378;2024-05-11 17:42:04.751689;0,5335937738418579;;relu;;;256;;85,0;True;normalizer;0,24579681964715847;2631;17786;5269;vanilla;0,0034455926797060544;11;14,0;29,0;11,0;5,0;;False;5;sgd;minmax
1379;2024-05-11 17:43:09.155435;0,3919588327407837;;relu;;;64;;8,0;True;minmax;0,04529836127849093;2631;17786;5269;vanilla;0,19955551275898878;10;16,0;28,0;14,0;5,0;;True;5;sgd;minmax
1380;2024-05-11 17:45:01.648891;0,514453113079071;;relu;;;256;;81,0;True;normalizer;0,04975061204116094;2631;17786;5269;batchnorm;0,0996770552605771;12;13,0;28,0;12,0;30,0;;False;5;sgd;minmax
1381;2024-05-11 17:45:52.980558;0,4619140625;;relu;;;256;;79,0;True;normalizer;0,0026486321056139717;2631;17786;5269;vanilla;0,15763391756476705;13;14,0;29,0;13,0;8,0;;False;5;sgd;minmax
1382;2024-05-11 17:46:52.972132;0,4619140625;;relu;0,2183219077095634;0,28194661319622843;256;0,25175416270139306;9,0;True;maxabs;0,1643449728932955;2631;17786;5269;dropout;;28;12,0;29,0;14,0;7,0;;;5;adam;minmax
1383;2024-05-11 17:47:34.684447;0,4619140625;;relu;;;256;;;False;;0,0672170697386667;2631;17786;5269;vanilla;0,07604298091875322;29;15,0;11,0;13,0;3,0;;False;5;sgd;normalizer
1384;2024-05-11 17:48:10.017886;0,5316406488418579;;relu;;;256;;77,0;True;normalizer;0,21677556547367838;2631;17786;5269;vanilla;0,0450849029394042;8;14,0;14,0;11,0;12,0;;False;5;sgd;minmax
1385;2024-05-11 17:49:00.641707;0,531154990196228;;relu;;;8;0,1984209261181036;38,0;True;normalizer;0,04346009880433641;2631;17786;5269;dropout;0,057564645671982766;9;15,0;28,0;15,0;9,0;;False;5;sgd;minmax
1386;2024-05-11 18:01:41.447583;0,5263671875;;relu;;;256;;87,0;True;normalizer;0,031446256594350526;2631;17786;5269;vanilla;0,3640392328460568;27;13,0;13,0;12,0;13,0;;False;5;sgd;minmax
1387;2024-05-11 18:02:56.834979;0,5328124761581421;;relu;;;256;;60,0;True;normalizer;0,34201359907426765;2631;17786;5269;vanilla;0,003125603532877062;10;13,0;28,0;25,0;5,0;;False;5;sgd;minmax
1388;2024-05-11 18:03:43.340730;0,5263671875;;selu;;;256;0,2190083456905521;84,0;True;normalizer;0,008156534528898338;2631;17786;5269;dropout;0,0021469085041070685;14;16,0;12,0;14,0;10,0;;True;5;sgd;maxabs
1389;2024-05-11 18:04:53.907517;0,5279296636581421;;relu;;;256;;54,0;True;normalizer;0,30143914836168034;2631;17786;5269;vanilla;0,25921776003084124;11;14,0;10,0;;;;False;3;sgd;minmax
1390;2024-05-11 18:05:39.378721;0,5337890386581421;;relu;;;256;;82,0;True;normalizer;0,12601468236389923;2631;17786;5269;vanilla;0,5232642936369375;12;3,0;30,0;17,0;11,0;;False;5;sgd;minmax
1391;2024-05-11 18:06:30.592923;0,53125;;relu;;;256;;50,0;True;normalizer;0,3910203124891792;2631;17786;5269;vanilla;0,3267121209071916;29;15,0;28,0;24,0;7,0;;False;5;sgd;minmax
1392;2024-05-11 18:07:20.269439;0,529492199420929;;relu;;;256;0,3728519244508776;73,0;True;normalizer;0,25306897446158305;2631;17786;5269;dropout;0,13309692047781635;8;12,0;29,0;13,0;12,0;;False;5;sgd;minmax
1393;2024-05-11 18:08:10.356845;0,5252659320831299;;relu;;;16;;80,0;True;normalizer;0,054193773749704056;2631;17786;5269;vanilla;0,005334241508338837;11;20,0;28,0;13,0;29,0;;False;5;sgd;minmax
1394;2024-05-11 18:11:51.103987;0,5298827886581421;;relu;;;256;;;False;;0,1958533993236314;2631;17786;5269;vanilla;0,21479568080426895;9;13,0;30,0;14,0;30,0;;False;5;sgd;minmax
1395;2024-05-11 18:12:39.587683;0,5280106663703918;;relu;;;32;0,44406357867573726;77,0;True;normalizer;0,03944269335792859;2631;17786;5269;dropout;0,06493286813910298;28;14,0;27,0;15,0;11,0;;False;5;sgd;minmax
1396;2024-05-11 18:17:35.351015;0,4619140625;;relu;;;256;;75,0;True;normalizer;0,0025131288458393733;2631;17786;5269;vanilla;0,022596730334900644;30;15,0;29,0;12,0;13,0;;True;5;sgd;minmax
1397;2024-05-11 18:18:29.237055;0,5328124761581421;;selu;;;256;;82,0;True;normalizer;0,3944018932802639;2631;17786;5269;vanilla;0,004177840034369603;12;14,0;28,0;24,0;5,0;;False;5;sgd;minmax
1398;2024-05-11 18:19:20.956481;0,4619140625;;relu;;;256;0,145128557171954;79,0;True;normalizer;0,008827846618554845;2631;17786;5269;dropout;0,4089610965426899;10;10,0;27,0;13,0;28,0;;False;5;sgd;minmax
1399;2024-05-11 18:20:04.584034;0,4619140625;;relu;;;256;;56,0;True;normalizer;0,005644944035436523;2631;17786;5269;vanilla;0,16969325931697088;27;16,0;28,0;23,0;15,0;;False;5;sgd;minmax
1400;2024-05-11 18:20:53.885936;0,522265613079071;;relu;;;256;;84,0;True;normalizer;0,1494341910194707;2631;17786;5269;batchnorm;0,08659729638862046;29;12,0;27,0;14,0;14,0;;False;5;sgd;minmax
1401;2024-05-11 18:21:48.215582;0,251953125;;relu;0,6001053247432878;0,45123877993823647;256;;9,0;True;minmax;0,3418716829300715;2631;17786;5269;vanilla;;28;14,0;29,0;15,0;12,0;;;5;adam;minmax
1402;2024-05-11 18:22:31.000707;0,4619140625;;relu;;;256;;42,0;True;normalizer;0,028714346053290627;2631;17786;5269;vanilla;0,3041220469599732;9;13,0;28,0;24,0;9,0;;False;5;sgd;minmax
1403;2024-05-11 18:23:13.945864;0,4596036672592163;;relu;;;128;0,5044671212509905;47,0;True;normalizer;0,29012109018805615;2631;17786;5269;dropout;0,0013476743382450482;10;19,0;27,0;13,0;29,0;;False;5;sgd;minmax
1404;2024-05-11 18:24:17.629950;0,521289050579071;;relu;;;256;;81,0;True;normalizer;0,763974536092759;2631;17786;5269;vanilla;0,25376309671827596;11;3,0;28,0;24,0;7,0;;False;5;sgd;minmax
1405;2024-05-11 18:25:25.998258;0,4619140625;;relu;;;256;;;False;;0,06459468798360088;2631;17786;5269;vanilla;0,006582453575931593;26;4,0;29,0;12,0;6,0;;True;5;sgd;normalizer
1406;2024-05-11 18:26:06.807535;0,5310594439506531;;relu;;;64;0,1794155284969851;87,0;True;normalizer;0,4521579916779052;2631;17786;5269;dropout;0,003191784781257393;8;13,0;30,0;23,0;10,0;;False;5;sgd;minmax
1407;2024-05-11 18:28:04.467750;0,251953125;;relu;;;256;;6,0;True;maxabs;0,16662685807099367;2631;17786;5269;vanilla;0,05314871598417785;30;15,0;27,0;16,0;11,0;;False;5;sgd;minmax
1408;2024-05-11 18:28:43.106060;0,4644531309604645;;selu;;;256;;78,0;True;normalizer;0,00490597018037205;2631;17786;5269;vanilla;0,1139524570043229;13;11,0;28,0;11,0;12,0;;False;5;sgd;minmax
1409;2024-05-11 18:29:30.721955;0,5259765386581421;;relu;;;256;0,12273436553578146;85,0;True;normalizer;0,04729888751419022;2631;17786;5269;dropout;0,20697079447152478;9;14,0;;;;;False;2;sgd;minmax
1410;2024-05-11 18:30:28.100305;0,4619140625;;relu;;;256;;83,0;True;normalizer;0,0020142001550804934;2631;17786;5269;vanilla;0,003777790151628724;10;16,0;27,0;;;;False;3;sgd;minmax
1411;2024-05-11 18:31:17.073112;0,533984363079071;;relu;;;256;;80,0;True;normalizer;0,23845003495013542;2631;17786;5269;vanilla;0,1458415772538835;21;12,0;27,0;22,0;30,0;;False;5;sgd;maxabs
1412;2024-05-11 18:32:14.656776;0,4597264528274536;;relu;;;8;;76,0;True;normalizer;0,5129531643662782;2631;17786;5269;vanilla;0,02844126581274476;12;21,0;28,0;14,0;13,0;;False;5;sgd;minmax
1413;2024-05-11 18:38:49.730531;0,4619140625;;relu;;;256;0,40087133692931853;82,0;True;normalizer;0,003619371579143422;2631;17786;5269;dropout;0,03488055788268598;28;13,0;29,0;18,0;22,0;;True;5;sgd;minmax
1414;2024-05-11 18:39:29.743001;0,5249999761581421;;relu;;;256;;73,0;True;normalizer;0,39594191400099527;2631;17786;5269;vanilla;0,2925348959896832;29;17,0;30,0;23,0;14,0;;False;5;sgd;minmax
1415;2024-05-11 18:40:08.325375;0,5283203125;;relu;;;256;;78,0;True;normalizer;0,13254844127374069;2631;17786;5269;vanilla;0,37204155884651113;27;15,0;27,0;13,0;18,0;;False;5;sgd;minmax
1416;2024-05-11 18:41:06.378709;0,4619140625;;relu;;;256;0,47868554694644183;85,0;True;normalizer;0,0014229967829800434;2631;17786;5269;dropout;0,0012762496812976556;11;14,0;28,0;12,0;11,0;;False;5;sgd;minmax
1417;2024-05-11 18:41:57.216979;0,5267578363418579;;relu;;;256;;;False;;0,09137469965549946;2631;17786;5269;vanilla;0,0020709309581052686;8;14,0;27,0;17,0;28,0;;False;5;sgd;minmax
1418;2024-05-11 18:43:13.327530;0,53125;;selu;;;256;;81,0;True;normalizer;0,18562728326048517;2631;17786;5269;vanilla;0,4553422899499323;28;3,0;29,0;24,0;13,0;;False;5;sgd;minmax
1419;2024-05-11 18:43:57.298151;0,5264057517051697;;relu;0,717114194848764;0,5915935830677652;16;0,24595513520845058;75,0;True;normalizer;0,003990165266556952;2631;17786;5269;dropout;;11;4,0;28,0;23,0;17,0;;;5;adam;minmax
1420;2024-05-11 18:50:31.003476;0,4619140625;;relu;;;256;;79,0;True;normalizer;0,0020440153699920944;2631;17786;5269;vanilla;0,00789359861143131;17;13,0;27,0;;;;False;3;sgd;minmax
1421;2024-05-11 18:51:11.689684;0,5279296636581421;;relu;;;256;;35,0;True;normalizer;0,3312937480100264;2631;17786;5269;vanilla;0,5697887386152283;10;15,0;29,0;14,0;23,0;;False;5;sgd;minmax
1422;2024-05-11 18:52:03.334314;0,5283917784690857;;relu;;;32;;87,0;True;normalizer;0,011680379687034932;2631;17786;5269;batchnorm;0,07322454839385438;9;4,0;27,0;22,0;11,0;;True;5;sgd;minmax
1423;2024-05-11 18:56:01.182506;0,533398449420929;;relu;;;256;;84,0;True;normalizer;0,2801107088414631;2631;17786;5269;vanilla;0,04438922803727293;12;12,0;28,0;23,0;12,0;;False;5;sgd;minmax
1424;2024-05-11 18:56:53.927119;0,4619140625;;relu;;;256;0,4185796398980142;77,0;True;normalizer;0,07601080196951035;2631;17786;5269;dropout;0,18757749423936046;29;20,0;26,0;25,0;10,0;;False;5;sgd;minmax
1425;2024-05-11 18:57:36.444681;0,4619140625;;relu;;;256;;80,0;True;normalizer;0,004193908913242579;2631;17786;5269;vanilla;0,23783332209836502;8;14,0;30,0;14,0;8,0;;False;5;sgd;minmax
1426;2024-05-11 18:58:31.112131;0,251953125;;relu;;;256;;9,0;True;minmax;0,6191026741142743;2631;17786;5269;vanilla;0,005010587387347359;13;13,0;26,0;13,0;16,0;;False;5;sgd;minmax
1427;2024-05-11 18:59:12.937839;0,4619140625;;relu;;;256;0,2914999468581683;83,0;True;normalizer;0,009227398409328968;2631;17786;5269;dropout;0,1060837086714207;9;3,0;28,0;24,0;3,0;;False;5;sgd;minmax
1428;2024-05-11 18:59:54.043806;0,519726574420929;;selu;;;256;;;False;;0,45671833351473634;2631;17786;5269;vanilla;0,16159678203141814;28;16,0;10,0;13,0;15,0;;False;5;sgd;normalizer
1429;2024-05-11 19:00:33.918428;0,4619140625;;relu;;;256;;72,0;True;normalizer;0,0026908573351407186;2631;17786;5269;vanilla;0,018259314587382173;11;15,0;27,0;22,0;30,0;;False;5;sgd;minmax
1430;2024-05-11 19:01:16.469499;0,251953125;;relu;;;256;0,13378274800748916;9,0;True;maxabs;0,10932441303361635;2631;17786;5269;dropout;0,0010080142507479066;10;18,0;29,0;15,0;13,0;;True;5;sgd;minmax
1431;2024-05-11 19:02:00.441908;0,4619140625;;relu;;;256;;44,0;True;normalizer;0,05836799724976599;2631;17786;5269;vanilla;0,02520485025342053;29;13,0;28,0;23,0;23,0;;False;5;sgd;minmax
1432;2024-05-11 19:02:43.511705;0,4619140625;;relu;;;256;;28,0;True;normalizer;0,2154879731369906;2631;17786;5269;vanilla;0,3249338507351246;12;14,0;27,0;12,0;22,0;;False;5;sgd;maxabs
1433;2024-05-11 19:03:29.913742;0,4619140625;;relu;;;256;;88,0;True;normalizer;0,034793339357236705;2631;17786;5269;vanilla;0,08212964470896941;27;4,0;26,0;23,0;6,0;;False;5;sgd;minmax
1434;2024-05-11 19:04:06.323361;0,53125;;relu;;;256;0,209434602181915;80,0;True;normalizer;0,3564295990517166;2631;17786;5269;dropout;0,0387017158509295;9;12,0;20,0;22,0;27,0;;False;5;sgd;minmax
1435;2024-05-11 19:05:03.241765;0,5297256112098694;;relu;;;128;;82,0;True;normalizer;0,4276263204911731;2631;17786;5269;vanilla;0,006055783393690563;19;14,0;27,0;24,0;12,0;;False;5;sgd;minmax
1436;2024-05-11 19:06:07.382173;0,5301067233085632;;relu;;;64;;86,0;True;normalizer;0,25233274017966856;2631;17786;5269;vanilla;0,25868072520251;30;15,0;28,0;11,0;10,0;;False;5;sgd;minmax
1437;2024-05-11 19:07:52.980678;0,5322265625;;relu;;;256;0,3430687113524391;77,0;True;normalizer;0,5324817675344209;2631;17786;5269;dropout;0,002142714144940961;23;13,0;29,0;22,0;29,0;;False;5;sgd;minmax
1438;2024-05-11 19:09:11.696115;0,4619140625;;relu;0,2697405162277746;0,9646400303850318;256;;74,0;True;normalizer;0,1392895575569836;2631;17786;5269;vanilla;;28;17,0;30,0;23,0;30,0;;;5;adam;minmax
1439;2024-05-11 19:09:54.389123;0,5258358716964722;;selu;;;8;;;False;;0,3015015046213377;2631;17786;5269;vanilla;0,20963579397025436;8;3,0;26,0;16,0;22,0;;True;5;sgd;minmax
1440;2024-05-11 19:16:36.153302;0,5337890386581421;;relu;;;256;0,11273500994579089;79,0;True;normalizer;0,1780261848194414;2631;17786;5269;dropout;0,061575026164685964;29;5,0;28,0;12,0;11,0;;False;5;sgd;minmax
1441;2024-05-11 19:17:50.662934;0,4619140625;;relu;;;256;;82,0;True;normalizer;0,04198879654151117;2631;17786;5269;vanilla;0,125104348841646;10;14,0;27,0;13,0;4,0;;False;5;sgd;minmax
1442;2024-05-11 19:18:35.493387;0,5328124761581421;;relu;;;256;;53,0;True;normalizer;0,3701041343090254;2631;17786;5269;vanilla;0,09546119570684414;11;16,0;27,0;14,0;9,0;;False;5;sgd;minmax
1443;2024-05-11 19:19:26.898625;0,534960925579071;;relu;;;256;0,1508838739382704;84,0;True;normalizer;0,8461422907770944;2631;17786;5269;dropout;0,015910576708618663;12;4,0;9,0;24,0;12,0;;False;5;sgd;minmax
1444;2024-05-11 19:20:24.237421;0,533398449420929;;relu;;;256;0,15148288739845345;88,0;True;normalizer;0,7697610742533952;2631;17786;5269;dropout;0,019703556649886798;27;4,0;29,0;25,0;14,0;;False;5;sgd;minmax
1445;2024-05-11 19:21:18.229238;0,533203125;;relu;;;256;0,19163646858115405;85,0;True;normalizer;0,7386004892378887;2631;17786;5269;dropout;0,2379422885651901;8;3,0;6,0;25,0;14,0;;False;5;sgd;minmax
1446;2024-05-11 19:22:36.544245;0,533398449420929;;relu;;;256;0,1668218991546722;89,0;True;normalizer;0,9432657052286373;2631;17786;5269;dropout;0,0204840278725806;29;4,0;18,0;26,0;13,0;;False;5;sgd;minmax
1447;2024-05-11 19:23:20.510320;0,2520896792411804;;relu;;;16;0,1404821018324787;8,0;True;minmax;0,9795957893967928;2631;17786;5269;dropout;0,013057540784176565;9;3,0;3,0;24,0;13,0;;False;5;sgd;minmax
1448;2024-05-11 19:29:08.366617;0,533007800579071;;relu;;;256;0,12474996409344256;86,0;True;normalizer;0,8112806208869171;2631;17786;5269;dropout;0,017583763464516754;10;4,0;25,0;25,0;12,0;;True;5;sgd;minmax
1449;2024-05-11 19:30:05.497800;0,4619140625;;relu;;;256;0,15539326743639803;84,0;True;normalizer;0,003359933124305219;2631;17786;5269;dropout;0,28985499063651904;28;4,0;26,0;25,0;13,0;;False;5;sgd;minmax
1450;2024-05-11 19:30:51.662442;0,4619140625;;relu;;;256;0,1813355803955905;58,0;True;normalizer;0,5777643950157817;2631;17786;5269;dropout;0,014641392614175335;14;4,0;7,0;24,0;29,0;;False;5;sgd;normalizer
1451;2024-05-11 19:31:28.722268;0,5226752758026123;;relu;;;32;0,325598638621878;;False;;0,8532727892380259;2631;17786;5269;dropout;0,02353673655008849;13;5,0;14,0;24,0;5,0;;False;5;sgd;minmax
1452;2024-05-11 19:35:37.849096;0,251953125;;relu;;;256;0,11020171459550925;9,0;True;maxabs;0,9303214048675711;2631;17786;5269;dropout;0,19401160798865666;11;4,0;28,0;24,0;12,0;;False;5;sgd;minmax
1453;2024-05-11 19:36:29.858843;0,533398449420929;;relu;;;256;0,1651647667314488;17,0;True;normalizer;0,7797847761003416;2631;17786;5269;dropout;0,17013682744926176;12;3,0;27,0;24,0;21,0;;False;5;sgd;minmax
1454;2024-05-11 19:37:40.577324;0,5277343988418579;;relu;;;256;0,3875491078109937;87,0;True;normalizer;0,7386318067454379;2631;17786;5269;dropout;0,0217393239416017;30;4,0;29,0;25,0;23,0;;False;5;sgd;maxabs
1455;2024-05-11 19:39:16.277511;0,533984363079071;;relu;;;256;0,13848023940343004;85,0;True;normalizer;0,8070392593789085;2631;17786;5269;dropout;0,016323109183932975;16;5,0;28,0;26,0;17,0;;False;5;sgd;minmax
1456;2024-05-11 19:40:16.151278;0,5326172113418579;;relu;;;256;0,22189936922403392;39,0;True;normalizer;0,5042633227297034;2631;17786;5269;dropout;0,22155217579000766;8;5,0;30,0;24,0;12,0;;True;5;sgd;minmax
1457;2024-05-11 19:41:11.850094;0,4619140625;;relu;0,8061105800530626;0,6285441968829107;256;0,1960247455252334;83,0;True;normalizer;0,709076248367442;2631;17786;5269;dropout;;28;3,0;26,0;23,0;13,0;;;5;adam;minmax
1458;2024-05-11 19:42:06.110631;0,533984363079071;;relu;;;256;0,2328566831201589;56,0;True;normalizer;0,5894038420389991;2631;17786;5269;dropout;0,01715561701976869;9;4,0;27,0;25,0;14,0;;False;5;sgd;minmax
1459;2024-05-11 19:43:00.753949;0,5295350551605225;;relu;;;128;0,12846208403784548;76,0;True;normalizer;0,9567537049177187;2631;17786;5269;dropout;0,008870933368296662;10;5,0;28,0;24,0;22,0;;False;5;sgd;minmax
1460;2024-05-11 19:44:43.319697;0,5302734375;;relu;;;256;0,17684407489197254;84,0;True;normalizer;0,9026410352744891;2631;17786;5269;dropout;0,3344697020418863;11;4,0;29,0;;;;False;3;sgd;minmax
1461;2024-05-11 19:45:22.635309;0,5316311120986938;;relu;;;64;0,10040161936508366;81,0;True;normalizer;0,8633108225815846;2631;17786;5269;dropout;0,2637442119429681;29;5,0;4,0;24,0;15,0;;False;5;sgd;minmax
1462;2024-05-11 19:48:08.251943;0,5287109613418579;;relu;;;256;0,20951784469041362;;False;;0,006768315545897209;2631;17786;5269;dropout;0,14690833851786358;28;;;;;;False;1;sgd;minmax
1463;2024-05-11 19:49:25.122889;0,531445324420929;;relu;;;256;0,15126007649464335;86,0;True;normalizer;0,4236156926859774;2631;17786;5269;dropout;0,025201978040897;12;3,0;26,0;23,0;;;False;4;sgd;minmax
1464;2024-05-11 19:50:09.923063;0,532421886920929;;relu;;;256;0,26009334786890687;50,0;True;normalizer;0,613336724008085;2631;17786;5269;dropout;0,0011893663265545704;8;5,0;8,0;27,0;19,0;;False;5;sgd;minmax
1465;2024-05-11 19:51:31.890034;0,531445324420929;;relu;;;256;0,19107825397945047;62,0;True;normalizer;0,702154957211344;2631;17786;5269;dropout;0,014804296869901711;9;4,0;27,0;23,0;18,0;;True;5;sgd;minmax
1466;2024-05-11 19:52:34.250581;0,4619140625;;relu;;;256;0,1158402340617707;78,0;True;normalizer;0,0013218212265389175;2631;17786;5269;dropout;0,2943618633023869;3;5,0;27,0;24,0;21,0;;False;5;sgd;minmax
1467;2024-05-11 19:53:36.335903;0,4597264528274536;;relu;;;8;0,16129428812582733;89,0;True;normalizer;0,6580902884637878;2631;17786;5269;dropout;0,3586400341224897;26;3,0;;;;;False;2;sgd;minmax
1468;2024-05-11 20:04:15.863188;0,5326172113418579;;relu;;;256;0,3068338943219534;74,0;True;normalizer;0,4680170044855553;2631;17786;5269;dropout;0,20269067114983863;11;4,0;28,0;23,0;;;False;4;sgd;minmax
1469;2024-05-11 20:05:03.844875;0,514843761920929;;relu;;;256;;71,0;True;normalizer;0,6611062541033281;2631;17786;5269;batchnorm;0,008015273697687897;27;3,0;28,0;24,0;28,0;;False;5;sgd;minmax
1470;2024-05-11 20:05:45.946812;0,251953125;;relu;;;256;0,1820852875678983;10,0;True;minmax;0,0028255794565442195;2631;17786;5269;dropout;0,2472833264062296;10;4,0;29,0;23,0;12,0;;False;5;sgd;minmax
1471;2024-05-11 20:06:38.374716;0,533007800579071;;relu;;;256;0,4287028889831519;80,0;True;normalizer;0,3710388433485955;2631;17786;5269;dropout;0,1400026951810162;9;3,0;26,0;13,0;30,0;;False;5;sgd;minmax
1472;2024-05-11 20:07:45.479232;0,4619140625;;relu;;;256;0,14267574628356033;83,0;True;normalizer;0,04939016100119896;2631;17786;5269;dropout;0,17370911502760306;7;21,0;5,0;23,0;;;False;4;sgd;normalizer
1473;2024-05-11 20:08:26.395758;0,5308593511581421;;selu;;;256;0,13344124493477;;False;;0,9864927850362152;2631;17786;5269;dropout;0,02769559106110885;29;20,0;27,0;14,0;20,0;;True;5;sgd;minmax
1474;2024-05-11 20:09:20.458006;0,5335937738418579;;relu;;;256;0,2020815976203627;76,0;True;normalizer;0,40771290716938047;2631;17786;5269;dropout;0,3879900850242036;28;4,0;30,0;15,0;23,0;;False;5;sgd;minmax
1475;2024-05-11 20:10:07.624532;0,4597264528274536;;relu;;;16;0,5189977061075264;81,0;True;normalizer;0,506152379367615;2631;17786;5269;dropout;0,22069625451538816;12;19,0;27,0;23,0;14,0;;False;5;sgd;minmax
1476;2024-05-11 20:16:12.848646;0,4619140625;;relu;;;256;0,23835666952198642;78,0;True;normalizer;0,02608396332317749;2631;17786;5269;dropout;0,31882314608722345;13;5,0;25,0;24,0;;;False;4;sgd;maxabs
1477;2024-05-11 20:17:00.728181;0,4596036672592163;;relu;0,7403825160479245;0,25285761000975654;32;;7,0;True;maxabs;0,3274741431096618;2631;17786;5269;batchnorm;;30;16,0;28,0;12,0;15,0;;;5;adam;minmax
1478;2024-05-11 20:21:38.142647;0,533398449420929;;relu;;;256;0,2206238160833432;84,0;True;normalizer;0,5738025326762842;2631;17786;5269;dropout;0,010539142872580842;10;15,0;26,0;13,0;16,0;;False;5;sgd;minmax
1479;2024-05-11 20:22:35.695459;0,5316406488418579;;relu;;;256;0,27243512471261644;86,0;True;normalizer;0,2793229345794526;2631;17786;5269;dropout;0,09075567797908869;15;18,0;27,0;24,0;13,0;;False;5;sgd;minmax
1480;2024-05-11 20:23:42.043317;0,529492199420929;;relu;;;256;0,17098784940729322;79,0;True;normalizer;0,08093758016751301;2631;17786;5269;dropout;0,1044496402544218;11;22,0;29,0;25,0;;;False;4;sgd;minmax
1481;2024-05-11 20:25:10.990225;0,4619140625;;relu;;;256;0,11802983700113709;75,0;True;normalizer;0,05507618730891298;2631;17786;5269;dropout;0,263519292973698;8;5,0;28,0;23,0;29,0;;False;5;sgd;minmax
1482;2024-05-11 20:25:53.902193;0,4619140625;;relu;;;256;0,1507418132106151;82,0;True;normalizer;0,06850482278772994;2631;17786;5269;dropout;0,01250645653313017;12;4,0;26,0;13,0;22,0;;True;5;sgd;minmax
1483;2024-05-11 20:26:36.771622;0,4619140625;;relu;;;256;0,25718430866406716;83,0;True;normalizer;0,031189120615549768;2631;17786;5269;dropout;0,11585102933213799;27;15,0;27,0;14,0;;;False;4;sgd;minmax
1484;2024-05-11 20:27:17.779745;0,5259765386581421;;selu;;;256;;52,0;True;normalizer;0,004775563649269323;2631;17786;5269;vanilla;0,19064993146032716;29;17,0;30,0;23,0;19,0;;False;5;sgd;minmax
1485;2024-05-11 20:28:58.149874;0,5228515863418579;;relu;;;256;;55,0;True;normalizer;0,4644335460394072;2631;17786;5269;vanilla;0,29479712902827926;9;3,0;29,0;11,0;7,0;;False;5;sgd;minmax
1486;2024-05-11 20:29:51.707532;0,530468761920929;;relu;;;256;;;False;;0,3345432875854679;2631;17786;5269;vanilla;0,007129212755958982;28;15,0;28,0;18,0;;;False;4;sgd;minmax
1487;2024-05-11 20:30:37.797744;0,4596036672592163;;relu;;;128;0,4229194006458501;80,0;True;normalizer;0,0014849951854747406;2631;17786;5269;dropout;0,009672248816218311;10;4,0;27,0;22,0;21,0;;False;5;sgd;minmax
1488;2024-05-11 20:31:52.978234;0,5306640863418579;;relu;;;256;;72,0;True;normalizer;0,39764659767873767;2631;17786;5269;vanilla;0,019764262193878404;10;5,0;26,0;15,0;13,0;;False;5;sgd;minmax
1489;2024-05-11 20:32:42.527993;0,526171863079071;;relu;;;256;;88,0;True;normalizer;0,5214185978916749;2631;17786;5269;batchnorm;0,031453883883456345;9;16,0;4,0;;;;False;3;sgd;minmax
1490;2024-05-11 20:33:32.210190;0,5262957215309143;;relu;;;64;;59,0;True;normalizer;0,03931155784364832;2631;17786;5269;vanilla;0,12767813528340574;11;3,0;28,0;12,0;30,0;;True;5;sgd;minmax
1491;2024-05-11 20:35:58.895503;0,4828124940395355;;relu;;;256;0,2944907396080672;77,0;True;normalizer;0,6598791728467619;2631;17786;5269;dropout;0,9483501778848908;7;5,0;9,0;24,0;;;False;4;sgd;minmax
1492;2024-05-11 20:36:47.486178;0,5287109613418579;;relu;;;256;;85,0;True;normalizer;0,3277123625024051;2631;17786;5269;vanilla;0,24740332218054992;8;4,0;27,0;23,0;12,0;;False;5;sgd;minmax
1493;2024-05-11 20:37:30.313109;0,4619140625;;relu;;;256;;81,0;True;normalizer;0,004964974715646689;2631;17786;5269;vanilla;0,15373700878529942;13;15,0;25,0;22,0;23,0;;False;5;sgd;normalizer
1494;2024-05-11 20:38:18.061739;0,5235562324523926;;selu;;;8;0,3845009983882964;90,0;True;normalizer;0,2553557521766855;2631;17786;5269;dropout;0,0786679645974043;29;19,0;7,0;25,0;27,0;;False;5;sgd;minmax
1495;2024-05-11 20:49:27.124308;0,251953125;;relu;;;256;;5,0;True;minmax;0,096280762583674;2631;17786;5269;vanilla;0,01623570068645244;28;5,0;29,0;14,0;22,0;;False;5;sgd;minmax
1496;2024-05-11 20:50:09.837380;0,4619140625;;relu;0,0863600262804049;0,5125070781611291;256;;;False;;0,4271545711670705;2631;17786;5269;vanilla;;11;14,0;28,0;23,0;;;;4;adam;minmax
1497;2024-05-11 20:50:50.248555;0,529101550579071;;relu;;;256;0,5446959924448707;79,0;True;normalizer;0,8348733579534984;2631;17786;5269;dropout;0,3531144451250594;12;16,0;26,0;13,0;14,0;;False;5;sgd;minmax
1498;2024-05-11 20:51:59.690186;0,4619140625;;relu;;;256;;48,0;True;normalizer;0,0631998708549208;2631;17786;5269;vanilla;0,0698570270071938;29;17,0;27,0;15,0;21,0;;False;5;sgd;maxabs
1499;2024-05-11 20:52:40.616458;0,251953125;;relu;;;256;;10,0;True;maxabs;0,00561260449359676;2631;17786;5269;vanilla;0,21230696503636118;8;15,0;24,0;13,0;12,0;;True;5;sgd;minmax
1500;2024-05-11 20:53:18.587274;0,5328124761581421;;relu;;;256;0,43973708739767503;84,0;True;normalizer;0,28924461694388326;2631;17786;5269;dropout;0,414686794815261;30;3,0;28,0;24,0;;;False;4;sgd;minmax
1501;2024-05-11 20:54:16.017508;0,5357421636581421;;relu;;;256;;82,0;True;normalizer;0,3924974378716177;2631;17786;5269;vanilla;0,0019120843035267427;27;4,0;27,0;22,0;20,0;;False;5;sgd;minmax
1502;2024-05-11 20:55:03.763969;0,4597264528274536;;relu;;;16;;85,0;True;normalizer;0,37689188687134606;2631;17786;5269;vanilla;0,00461013846154344;27;4,0;26,0;22,0;20,0;;False;5;sgd;minmax
1503;2024-05-11 20:58:31.772285;0,4619140625;;relu;;;256;0,6791210415452711;83,0;True;normalizer;0,45850849920211956;2631;17786;5269;dropout;0,003512972524709426;28;3,0;27,0;22,0;19,0;;False;5;sgd;minmax
1504;2024-05-11 20:59:20.549312;0,533398449420929;;relu;;;256;;82,0;True;normalizer;0,38132501260252955;2631;17786;5269;vanilla;0,0012661006627415065;27;4,0;27,0;22,0;19,0;;False;5;sgd;minmax
1505;2024-05-11 21:00:04.459432;0,5320122241973877;;relu;;;32;;86,0;True;normalizer;0,4926813731351465;2631;17786;5269;vanilla;0,014902721864797923;28;4,0;23,0;22,0;;;False;4;sgd;minmax
1506;2024-05-11 21:03:12.225495;0,532421886920929;;selu;;;256;0,10038582096949511;87,0;True;normalizer;0,43593713479678914;2631;17786;5269;dropout;0,003633759575200789;28;4,0;20,0;23,0;19,0;;False;5;sgd;minmax
1507;2024-05-11 21:03:54.804836;0,534375011920929;;relu;;;256;;74,0;True;normalizer;0,34781630923814233;2631;17786;5269;vanilla;0,0019183290857894243;27;4,0;21,0;22,0;20,0;;True;5;sgd;minmax
1508;2024-05-11 21:04:54.854881;0,4619140625;;relu;;;256;;88,0;True;normalizer;0,5196594789667418;2631;17786;5269;vanilla;0,019698967087824863;26;3,0;27,0;23,0;20,0;;False;5;sgd;minmax
1509;2024-05-11 21:05:36.932274;0,5277343988418579;;relu;;;256;0,12743123963150824;;False;;0,39245816849630305;2631;17786;5269;dropout;0,022880990901794514;28;5,0;19,0;;;;False;3;sgd;minmax
1510;2024-05-11 21:06:19.576230;0,5224609375;;relu;;;256;;45,0;True;normalizer;0,596811934702991;2631;17786;5269;vanilla;0,0017582336381233212;27;4,0;26,0;22,0;;;False;4;sgd;minmax
1511;2024-05-11 21:07:08.449065;0,4517578184604645;;relu;;;256;;32,0;True;normalizer;0,31721260979886123;2631;17786;5269;batchnorm;0,002572298814718056;28;3,0;25,0;23,0;20,0;;False;5;sgd;minmax
1512;2024-05-11 21:08:06.789772;0,5308593511581421;;relu;;;256;;84,0;True;normalizer;0,4351835928471256;2631;17786;5269;vanilla;0,011719434365018409;29;5,0;22,0;22,0;20,0;;False;5;sgd;minmax
1513;2024-05-11 21:08:59.210696;0,5267578363418579;;relu;;;256;0,16434459257324763;81,0;True;normalizer;0,35947307786538846;2631;17786;5269;dropout;0,0024044095708787563;29;4,0;27,0;22,0;18,0;;False;5;sgd;minmax
1514;2024-05-11 21:10:08.210193;0,5269531011581421;;relu;;;256;;76,0;True;normalizer;0,5452544940487557;2631;17786;5269;vanilla;0,00100818825506382;28;4,0;26,0;23,0;;;False;4;sgd;minmax
1515;2024-05-11 21:10:57.407228;0,4596036672592163;;relu;0,1342026879722863;0,18063345734157227;128;;78,0;True;normalizer;0,41905741741420227;2631;17786;5269;vanilla;;28;3,0;28,0;22,0;18,0;;;5;adam;minmax
1516;2024-05-11 21:12:03.283140;0,531054675579071;;selu;;;256;0,21260444143076973;83,0;True;normalizer;0,08176873712455249;2631;17786;5269;dropout;0,003387129585104953;29;5,0;27,0;23,0;21,0;;True;5;sgd;minmax
1517;2024-05-11 21:12:51.964207;0,5211508870124817;;relu;;;64;;54,0;True;normalizer;0,30752824057303874;2631;17786;5269;vanilla;0,004718974193056325;27;5,0;26,0;24,0;;;False;4;sgd;normalizer
1518;2024-05-11 21:15:51.739852;0,36738282442092896;;relu;;;256;;1,0;True;minmax;0,6617471002630795;2631;17786;5269;vanilla;0,013557180725846689;29;3,0;28,0;23,0;19,0;;False;5;sgd;minmax
1519;2024-05-11 21:17:08.633304;0,4619140625;;relu;;;256;0,1880397601986598;91,0;True;normalizer;0,0012684535898625057;2631;17786;5269;dropout;0,026990932170895737;28;4,0;27,0;22,0;20,0;;False;5;sgd;minmax
1520;2024-05-11 21:17:54.630695;0,5306640863418579;;relu;;;256;;;False;;0,37258683746807936;2631;17786;5269;vanilla;0,0038868384216347546;27;9,0;19,0;23,0;21,0;;False;5;sgd;maxabs
1521;2024-05-11 21:18:48.189407;0,532031238079071;;relu;;;256;;80,0;True;normalizer;0,5159451042355064;2631;17786;5269;vanilla;0,0016306606038246096;28;5,0;27,0;24,0;18,0;;False;5;sgd;minmax
1522;2024-05-11 21:19:37.152528;0,251953125;;relu;;;256;0,3529322440815454;7,0;True;maxabs;0,09492120643386466;2631;17786;5269;dropout;0,0015375159874946563;28;4,0;25,0;22,0;;;False;4;sgd;minmax
1523;2024-05-11 21:20:18.260049;0,4597264528274536;;relu;;;8;;86,0;True;normalizer;0,44638687532712695;2631;17786;5269;vanilla;0,007145692099582254;30;10,0;28,0;23,0;;;False;4;sgd;minmax
1524;2024-05-11 21:26:43.857488;0,528515636920929;;relu;;;256;;82,0;True;normalizer;0,3374044996743299;2631;17786;5269;vanilla;0,002006813115545953;29;5,0;26,0;22,0;19,0;;True;5;sgd;minmax
1525;2024-05-11 21:27:57.744968;0,4619140625;;relu;;;256;0,24628511755707377;60,0;True;normalizer;0,016264204630210406;2631;17786;5269;dropout;0,0032220812445661246;27;3,0;28,0;24,0;17,0;;False;5;sgd;minmax
1526;2024-05-11 21:28:53.999107;0,533203125;;relu;;;256;;43,0;True;normalizer;0,4841037367900206;2631;17786;5269;vanilla;0,006044421246160936;29;5,0;29,0;22,0;21,0;;False;5;sgd;minmax
1527;2024-05-11 21:30:04.794545;0,525585949420929;;selu;;;256;;79,0;True;normalizer;0,04902289021152365;2631;17786;5269;vanilla;0,006308585672479219;28;4,0;27,0;25,0;20,0;;False;5;sgd;minmax
1528;2024-05-11 21:30:58.840628;0,4619140625;;relu;;;256;0,46057850096474695;84,0;True;normalizer;0,11048648644648797;2631;17786;5269;dropout;0,001031050196459589;26;3,0;26,0;23,0;;;False;4;sgd;minmax
1529;2024-05-11 21:31:41.290236;0,4597264528274536;;relu;;;16;;77,0;True;normalizer;0,7974410257542327;2631;17786;5269;vanilla;0,0012317984459669278;27;5,0;27,0;22,0;21,0;;False;5;sgd;minmax
1530;2024-05-11 21:35:02.810332;0,531054675579071;;relu;;;256;;;False;;0,5619532106906053;2631;17786;5269;vanilla;0,004014034364239495;29;20,0;28,0;24,0;21,0;;False;5;sgd;minmax
1531;2024-05-11 21:35:54.678335;0,5326172113418579;;relu;;;256;0,32087233325510545;72,0;True;normalizer;0,3822399645410821;2631;17786;5269;dropout;0,0023990049972175596;28;4,0;29,0;23,0;22,0;;False;5;sgd;minmax
1532;2024-05-11 21:37:39.963526;0,5293444991111755;;relu;;;32;;75,0;True;normalizer;0,059550978837305854;2631;17786;5269;vanilla;0,002621592541990548;7;4,0;27,0;23,0;;;True;4;sgd;minmax
1533;2024-05-11 21:39:37.907039;0,4619140625;;relu;0,06201423808008799;0,13858024421546983;256;;81,0;True;normalizer;0,29212577631398695;2631;17786;5269;batchnorm;;29;3,0;26,0;11,0;20,0;;;5;adam;minmax
1534;2024-05-11 21:40:28.888441;0,5308593511581421;;relu;;;256;;51,0;True;normalizer;0,7061582655761323;2631;17786;5269;vanilla;0,0046516478534611785;8;16,0;28,0;22,0;22,0;;False;5;sgd;minmax
1535;2024-05-11 21:41:23.896833;0,4619140625;;relu;;;256;0,2010933808595711;83,0;True;normalizer;0,03641842480730232;2631;17786;5269;dropout;0,0014715530104177838;28;20,0;27,0;17,0;19,0;;False;5;sgd;minmax
1536;2024-05-11 21:42:06.376965;0,5249999761581421;;relu;;;256;;85,0;True;normalizer;0,4372872933873046;2631;17786;5269;vanilla;0,0020990064598203403;8;5,0;30,0;12,0;;;False;4;sgd;minmax
1537;2024-05-11 21:42:51.002349;0,4619140625;;relu;;;256;;79,0;True;normalizer;0,0282241332608954;2631;17786;5269;vanilla;0,012561276688111111;30;4,0;21,0;24,0;28,0;;False;5;sgd;normalizer
1538;2024-05-11 21:43:39.963930;0,5322265625;;selu;;;256;0,23025854436594462;81,0;True;normalizer;0,3231699533644003;2631;17786;5269;dropout;0,00879399410582582;24;21,0;29,0;22,0;18,0;;False;5;sgd;minmax
1539;2024-05-11 21:44:18.918322;0,532421886920929;;relu;;;256;;88,0;True;normalizer;0,04393843798419469;2631;17786;5269;vanilla;0,002824537176454974;27;6,0;5,0;23,0;;;False;4;sgd;minmax
1540;2024-05-11 21:45:29.626769;0,4020579159259796;;relu;;;128;;6,0;True;minmax;0,07350602954903698;2631;17786;5269;vanilla;0,01604548369666981;26;3,0;25,0;12,0;16,0;;False;5;sgd;minmax
1541;2024-05-11 21:46:34.601666;0,5337890386581421;;relu;;;256;0,14334005436677147;57,0;True;normalizer;0,6001332134037383;2631;17786;5269;dropout;0,0016890464075224295;9;15,0;26,0;24,0;23,0;;True;5;sgd;minmax
1542;2024-05-11 21:47:44.975357;0,529296875;;relu;;;256;;;False;;0,40192610578992166;2631;17786;5269;vanilla;0,0021093028035515994;29;5,0;28,0;22,0;29,0;;False;5;sgd;minmax
1543;2024-05-11 21:48:29.847738;0,2522865831851959;;relu;;;64;;77,0;True;normalizer;0,34909290261926906;2631;17786;5269;vanilla;0,9873764404384323;28;17,0;27,0;23,0;;;False;4;sgd;minmax
1544;2024-05-11 21:50:05.038878;0,5318359136581421;;relu;;;256;0,11278326034350268;87,0;True;normalizer;0,9900174178671389;2631;17786;5269;dropout;0,0028546802311031935;8;16,0;26,0;23,0;21,0;;False;5;sgd;maxabs
1545;2024-05-11 21:51:11.291572;0,251953125;;relu;;;256;;8,0;True;maxabs;0,03346415347141718;2631;17786;5269;vanilla;0,0023786374398977192;7;4,0;27,0;21,0;22,0;;False;5;sgd;minmax
1546;2024-05-11 21:51:46.693228;0,5328124761581421;;relu;;;256;;82,0;True;normalizer;0,08622242981529148;2631;17786;5269;vanilla;0,0025006252689599696;30;19,0;28,0;19,0;3,0;;False;5;sgd;minmax
1547;2024-05-11 21:53:17.055904;0,5326172113418579;;relu;;;256;0,1764492398028119;73,0;True;normalizer;0,2723924303975046;2631;17786;5269;dropout;0,0032706466600213283;28;5,0;29,0;10,0;22,0;;False;5;sgd;minmax
1548;2024-05-11 21:54:35.578109;0,5292553305625916;;selu;;;8;;70,0;True;normalizer;0,022752015584154666;2631;17786;5269;vanilla;0,0012679168660230113;19;18,0;28,0;26,0;;;False;4;sgd;minmax
1549;2024-05-11 22:01:09.997149;0,4619140625;;relu;;;256;;85,0;True;normalizer;0,001208394240609777;2631;17786;5269;vanilla;0,01678156445467791;9;15,0;27,0;30,0;26,0;;True;5;sgd;minmax
1550;2024-05-11 22:02:12.358362;0,528124988079071;;relu;;;256;0,12913922517032778;78,0;True;normalizer;0,4550370557962986;2631;17786;5269;dropout;0,03320444676387014;28;3,0;26,0;22,0;20,0;;False;5;sgd;minmax
1551;2024-05-11 22:03:15.102731;0,5347656011581421;;relu;;;256;;80,0;True;normalizer;0,05490889495188575;2631;17786;5269;vanilla;0,0012920272182596491;27;4,0;28,0;25,0;17,0;;False;5;sgd;minmax
1552;2024-05-11 22:05:05.102508;0,5306640863418579;;relu;;;256;;79,0;True;normalizer;0,05135034975516401;2631;17786;5269;vanilla;0,012266255830320651;26;4,0;29,0;25,0;;;False;4;sgd;minmax
1553;2024-05-11 22:06:25.398360;0,4619140625;;relu;0,6497062891313958;0,7919981026315316;256;;;False;;0,007803976254383532;2631;17786;5269;vanilla;;27;4,0;29,0;;;;;3;adam;minmax
1554;2024-05-11 22:07:13.447696;0,4619140625;;relu;;;256;;76,0;True;normalizer;0,06791382762424893;2631;17786;5269;vanilla;0,0018141409247685622;25;4,0;30,0;25,0;15,0;;False;5;sgd;minmax
1555;2024-05-11 22:08:08.712301;0,4619140625;;relu;;;256;;80,0;True;normalizer;0,05003508603620246;2631;17786;5269;vanilla;0,0013298250907345748;26;4,0;29,0;24,0;16,0;;False;5;sgd;minmax
1556;2024-05-11 22:08:57.749930;0,5210866332054138;;relu;;;16;;79,0;True;normalizer;0,05866096397939435;2631;17786;5269;vanilla;0,0010969442687968805;26;3,0;28,0;25,0;17,0;;False;5;sgd;minmax
1557;2024-05-11 22:12:47.954726;0,528515636920929;;relu;;;256;;77,0;True;normalizer;0,053665163471847195;2631;17786;5269;vanilla;0,0010109275965885702;27;4,0;29,0;26,0;;;False;4;sgd;minmax
1558;2024-05-11 22:14:35.778200;0,4619140625;;relu;;;256;;75,0;True;normalizer;0,06320946911166495;2631;17786;5269;vanilla;0,0014095114486200968;26;5,0;28,0;26,0;15,0;;False;5;sgd;minmax
1559;2024-05-11 22:15:28.554420;0,5299161672592163;;selu;;;32;;78,0;True;normalizer;0,043963096577477864;2631;17786;5269;vanilla;0,0023062312594724146;22;3,0;28,0;26,0;17,0;;True;5;sgd;minmax
1560;2024-05-11 22:18:47.262765;0,4619140625;;relu;;;256;;80,0;True;normalizer;0,07449722039051074;2631;17786;5269;vanilla;0,005279060160730694;27;4,0;29,0;24,0;16,0;;False;5;sgd;normalizer
1561;2024-05-11 22:19:47.788552;0,4619140625;;relu;;;256;;81,0;True;normalizer;0,05345393726039155;2631;17786;5269;vanilla;0,002382361091442926;26;5,0;30,0;26,0;;;False;4;sgd;minmax
1562;2024-05-11 22:20:42.579410;0,4619140625;;relu;;;256;;77,0;True;normalizer;0,0585922797321826;2631;17786;5269;vanilla;0,0017945253719791974;27;4,0;28,0;25,0;17,0;;False;5;sgd;minmax
1563;2024-05-11 22:21:28.089115;0,5296875238418579;;relu;;;256;;80,0;True;normalizer;0,06594368459134799;2631;17786;5269;vanilla;0,0014709416705837462;27;5,0;24,0;;;;False;3;sgd;minmax
1564;2024-05-11 22:22:15.692307;0,4619140625;;relu;;;256;;40,0;True;normalizer;0,045235354449974056;2631;17786;5269;vanilla;0,0020171644704260884;25;3,0;28,0;25,0;17,0;;False;5;sgd;minmax
1565;2024-05-11 22:23:03.904095;0,4619140625;;relu;;;256;;;False;;0,05800313881173495;2631;17786;5269;vanilla;0,0012258928248495514;27;4,0;29,0;25,0;18,0;;False;5;sgd;maxabs
1566;2024-05-11 22:23:52.134006;0,251953125;;relu;;;256;;2,0;True;minmax;0,01236705357796499;2631;17786;5269;vanilla;0,0016240252810530605;27;5,0;28,0;25,0;;;False;4;sgd;minmax
1567;2024-05-11 22:24:27.216342;0,4619140625;;relu;;;256;;75,0;True;normalizer;0,03906248587998325;2631;17786;5269;vanilla;0,001958009264834545;28;3,0;28,0;24,0;18,0;;True;5;sgd;minmax
1568;2024-05-11 22:25:05.806320;0,4601753056049347;;relu;;;128;;78,0;True;normalizer;0,002394845637968058;2631;17786;5269;vanilla;0,0015095353884873506;27;4,0;;;;;False;2;sgd;minmax
1569;2024-05-11 22:26:08.320769;0,251953125;;relu;;;256;;9,0;True;maxabs;0,31242304291661227;2631;17786;5269;vanilla;0,0015763449787602358;26;4,0;29,0;24,0;18,0;;False;5;sgd;minmax
1570;2024-05-11 22:26:48.066878;0,5277343988418579;;selu;;;256;;24,0;True;normalizer;0,07840940395425681;2631;17786;5269;vanilla;0,001166191744847677;29;5,0;30,0;26,0;16,0;;False;5;sgd;minmax
1571;2024-05-11 22:27:41.314236;0,4619140625;;relu;0,010997036893462542;0,9016820231737142;256;;82,0;True;normalizer;0,11796549205631772;2631;17786;5269;vanilla;;28;3,0;28,0;25,0;;;;4;adam;minmax
1572;2024-05-11 22:28:18.790820;0,4596036672592163;;relu;;;64;;80,0;True;normalizer;0,0015863269207840218;2631;17786;5269;vanilla;0,005658476475311263;28;3,0;29,0;25,0;17,0;;False;5;sgd;minmax
1573;2024-05-11 22:30:23.920291;0,5296875238418579;;relu;;;256;;82,0;True;normalizer;0,1008456210973568;2631;17786;5269;vanilla;0,0011630254097689608;28;6,0;27,0;26,0;18,0;;False;5;sgd;minmax
1574;2024-05-11 22:31:38.576744;0,5322265625;;relu;;;512;;79,0;True;normalizer;0,025928373555498634;2631;17786;5269;vanilla;0,0010817262430662888;29;;;;;;False;1;sgd;minmax
1575;2024-05-11 22:32:09.230240;0,4619140625;;relu;;;256;;74,0;True;normalizer;0,042046871929609694;2631;17786;5269;vanilla;0,006373295687778475;27;4,0;27,0;25,0;17,0;;False;5;sgd;minmax
1576;2024-05-11 22:32:51.064142;0,5347656011581421;;relu;;;256;;77,0;True;normalizer;0,2550201402428615;2631;17786;5269;vanilla;0,0010169025467227787;27;6,0;28,0;24,0;;;True;4;sgd;minmax
1577;2024-05-11 22:33:42.434281;0,532031238079071;;relu;;;256;;;False;;0,23566871149969987;2631;17786;5269;vanilla;0,0010519210428897297;26;5,0;29,0;11,0;;;True;4;sgd;minmax
1578;2024-05-11 22:34:29.594455;0,4597264528274536;;relu;;;8;;75,0;True;normalizer;0,0010557385200329402;2631;17786;5269;vanilla;0,0011261913541505426;26;6,0;29,0;11,0;;;True;4;sgd;minmax
1579;2024-05-11 22:41:01.666498;0,4619140625;;relu;;;256;;72,0;True;normalizer;0,009297530102691931;2631;17786;5269;vanilla;0,0012963440791697674;26;4,0;30,0;10,0;;;True;4;sgd;minmax
1580;2024-05-11 22:41:43.918987;0,4619140625;;relu;;;256;;76,0;True;normalizer;0,047476473967956075;2631;17786;5269;vanilla;0,0010566178841046664;27;5,0;28,0;10,0;;;True;4;sgd;minmax
1581;2024-05-11 22:42:20.495350;0,531445324420929;;relu;;;256;;74,0;True;normalizer;0,2550727068076806;2631;17786;5269;vanilla;0,001402238464711693;27;6,0;29,0;11,0;;;True;4;sgd;minmax
1582;2024-05-11 22:43:15.063148;0,45390623807907104;;relu;;;256;;76,0;True;normalizer;0,0018707214957644697;2631;17786;5269;batchnorm;0,0011550540780622999;27;5,0;28,0;25,0;;;True;4;sgd;minmax
1583;2024-05-11 22:44:37.527952;0,4619140625;;relu;;;256;;34,0;True;normalizer;0,035991444767377034;2631;17786;5269;vanilla;0,0018102777591022057;26;3,0;29,0;24,0;;;True;4;sgd;normalizer
1584;2024-05-11 22:45:26.713601;0,4619140625;;relu;;;256;;73,0;True;normalizer;0,00289674160910863;2631;17786;5269;vanilla;0,001633212605187241;27;4,0;28,0;24,0;;;True;4;sgd;minmax
1585;2024-05-11 22:46:27.429690;0,4619140625;;relu;;;256;;77,0;True;normalizer;0,010461028235549393;2631;17786;5269;vanilla;0,0010243363561594058;26;3,0;30,0;25,0;;;True;4;sgd;minmax
1586;2024-05-11 22:47:11.979607;0,5303951501846313;;relu;;;16;;71,0;True;normalizer;0,21929058706273075;2631;17786;5269;vanilla;0,0012892682794093304;27;21,0;28,0;24,0;;;True;4;sgd;minmax
1587;2024-05-11 22:50:29.045937;0,5238281488418579;;relu;;;256;;77,0;True;normalizer;0,26749946386114043;2631;17786;5269;vanilla;0,003956551540364006;27;6,0;29,0;11,0;;;True;4;sgd;minmax
1588;2024-05-11 22:51:12.585865;0,527629554271698;;relu;;;32;;74,0;True;normalizer;0,05558873717698815;2631;17786;5269;vanilla;0,0013570911109233033;25;4,0;28,0;11,0;;;True;4;sgd;maxabs
1589;2024-05-11 22:54:23.558819;0,5328124761581421;;relu;;;256;;;False;;0,28756688385200696;2631;17786;5269;vanilla;0,0010191083459875586;27;5,0;29,0;25,0;;;True;4;sgd;minmax
1590;2024-05-11 22:55:16.739656;0,35234373807907104;;relu;;;256;;7,0;True;minmax;0,06396561585515725;2631;17786;5269;vanilla;0,0010004582447381328;28;4,0;28,0;24,0;;;True;4;sgd;minmax
1591;2024-05-11 22:56:11.690344;0,4619140625;;relu;0,9738579436918346;0,3201422310756859;512;;76,0;True;normalizer;0,35090400820684214;2631;17786;5269;vanilla;;27;22,0;28,0;24,0;;;;4;adam;minmax
1592;2024-05-11 22:56:40.325968;0,5296875238418579;;relu;;;256;;54,0;True;normalizer;0,08586301562199741;2631;17786;5269;vanilla;0,0014415643107776957;28;3,0;23,0;24,0;;;True;4;sgd;minmax
1593;2024-05-11 22:57:55.332632;0,251953125;;relu;;;256;;9,0;True;maxabs;0,06980932474703823;2631;17786;5269;vanilla;0,0018917948574006579;28;5,0;29,0;25,0;;;True;4;sgd;minmax
1594;2024-05-11 22:58:32.840051;0,4619140625;;relu;;;256;;78,0;True;normalizer;0,005843029223524399;2631;17786;5269;vanilla;0,001318745459837098;27;6,0;30,0;12,0;;;True;4;sgd;minmax
1595;2024-05-11 22:59:13.198910;0,4619140625;;relu;;;256;;49,0;True;normalizer;0,0465584057019839;2631;17786;5269;vanilla;0,0012878342557451656;28;4,0;28,0;26,0;;;True;4;sgd;minmax
1596;2024-05-11 22:59:58.206079;0,5289062261581421;;relu;;;256;;78,0;True;normalizer;0,2342896905522149;2631;17786;5269;vanilla;0,0010083331544586279;26;3,0;29,0;11,0;;;True;4;sgd;minmax
1597;2024-05-11 23:00:53.846523;0,5257241129875183;;relu;;;128;;63,0;True;normalizer;0,034619786890753984;2631;17786;5269;vanilla;0,0011809228375523771;27;5,0;28,0;24,0;;;True;4;sgd;minmax
1598;2024-05-11 23:02:25.071731;0,49394530057907104;;relu;;;256;;30,0;True;normalizer;0,29426209775634266;2631;17786;5269;batchnorm;0,0016256636414433289;28;19,0;30,0;24,0;;;True;4;sgd;minmax
1599;2024-05-11 23:03:13.024361;0,5308593511581421;;relu;;;256;;;False;;0,3756272676714045;2631;17786;5269;vanilla;0,007676332186447211;28;4,0;27,0;27,0;;;True;4;sgd;minmax
1600;2024-05-11 23:03:58.164974;0,5314405560493469;;relu;;;64;;73,0;True;normalizer;0,015917771236299023;2631;17786;5269;vanilla;0,0015819095769351393;29;5,0;28,0;23,0;;;True;4;sgd;minmax
1601;2024-05-11 23:07:12.376584;0,5249999761581421;;relu;;;256;;75,0;True;normalizer;0,12474303945646834;2631;17786;5269;vanilla;0,0039069509576481936;26;17,0;27,0;25,0;;;True;4;sgd;minmax
1602;2024-05-11 23:08:14.564050;0,2861328125;;relu;;;256;;79,0;True;normalizer;0,0017123818093988203;2631;17786;5269;vanilla;0,004270615999055881;28;20,0;29,0;12,0;;;True;4;sgd;minmax
1603;2024-05-11 23:08:50.468620;0,4619140625;;relu;;;256;;56,0;True;normalizer;0,006985162974752034;2631;17786;5269;vanilla;0,0018047989234377536;25;3,0;28,0;24,0;;;True;4;sgd;minmax
1604;2024-05-11 23:09:27.852577;0,4619140625;;relu;;;256;;47,0;True;normalizer;0,013481283677498568;2631;17786;5269;vanilla;0,003534775188611921;27;6,0;27,0;23,0;;;True;4;sgd;normalizer
1605;2024-05-11 23:10:19.224542;0,5228515863418579;;relu;;;256;;81,0;True;normalizer;0,20035323238323124;2631;17786;5269;vanilla;0,003115417972575469;27;4,0;4,0;23,0;;;True;4;sgd;minmax
1606;2024-05-11 23:11:06.243809;0,5258358716964722;;relu;;;8;;69,0;True;normalizer;0,052282920813023714;2631;17786;5269;vanilla;0,0031577554084178732;29;16,0;6,0;25,0;;;True;4;sgd;minmax
1607;2024-05-11 23:17:46.387432;0,4619140625;;selu;;;512;;37,0;True;normalizer;0,0017621851479644713;2631;17786;5269;vanilla;0,05297078993221873;28;5,0;28,0;24,0;;;True;4;sgd;minmax
1608;2024-05-11 23:18:18.957069;0,523632824420929;;relu;;;256;;78,0;True;normalizer;0,2557826576512889;2631;17786;5269;vanilla;0,005380179038247359;29;6,0;29,0;23,0;;;True;4;sgd;minmax
1609;2024-05-11 23:19:09.125825;0,4619140625;;relu;0,914279704208298;0,657060634535765;256;;82,0;True;normalizer;0,09893480613217341;2631;17786;5269;vanilla;;28;3,0;27,0;12,0;;;;4;adam;maxabs
1610;2024-05-11 23:19:50.231326;0,4619140625;;relu;;;256;;;False;;0,03876143663347096;2631;17786;5269;vanilla;0,0011657094359581173;26;4,0;30,0;10,0;;;True;4;sgd;minmax
1611;2024-05-11 23:20:29.590739;0,528124988079071;;relu;;;256;;52,0;True;normalizer;0,403572503553243;2631;17786;5269;vanilla;0,0012036061364131476;27;5,0;28,0;11,0;;;False;4;sgd;minmax
1612;2024-05-11 23:21:24.919331;0,4619140625;;relu;;;256;;76,0;True;normalizer;0,0021483262384800034;2631;17786;5269;vanilla;0,0021360788344078163;28;21,0;25,0;24,0;;;False;4;sgd;minmax
1613;2024-05-11 23:22:23.131274;0,3675781190395355;;relu;;;256;;4,0;True;minmax;0,07467941337944736;2631;17786;5269;vanilla;0,010092876449194897;30;6,0;29,0;23,0;;;False;4;sgd;minmax
1614;2024-05-11 23:23:17.601954;0,4597264528274536;;relu;;;16;;83,0;True;normalizer;0,8730424042115523;2631;17786;5269;vanilla;0,005313864624577734;29;16,0;27,0;25,0;;;False;4;sgd;minmax
1615;2024-05-11 23:28:57.556957;0,49296873807907104;;relu;;;256;;80,0;True;normalizer;0,004618377549887344;2631;17786;5269;batchnorm;0,0025733218989485796;27;18,0;27,0;;;;False;3;sgd;minmax
1616;2024-05-11 23:30:20.816824;0,251953125;;relu;;;256;;9,0;True;maxabs;0,3281142868387103;2631;17786;5269;vanilla;0,0030970112533566197;28;4,0;28,0;24,0;;;True;4;sgd;minmax
1617;2024-05-11 23:31:04.600000;0,4596036672592163;;relu;;;32;;61,0;True;normalizer;0,002924368884886174;2631;17786;5269;vanilla;0,004296116565092574;29;23,0;29,0;12,0;;;False;4;sgd;minmax
1618;2024-05-11 23:34:17.303720;0,5244140625;;selu;;;256;;80,0;True;normalizer;0,031317971964590734;2631;17786;5269;vanilla;0,009348003525382838;28;4,0;28,0;23,0;;;False;4;sgd;minmax
1619;2024-05-11 23:35:05.156937;0,531445324420929;;relu;;;256;;99,0;True;normalizer;0,2292086783392315;2631;17786;5269;vanilla;0,0013609233795554199;30;3,0;27,0;23,0;;;False;4;sgd;minmax
1620;2024-05-11 23:35:55.676509;0,5279296636581421;;relu;;;256;;74,0;True;normalizer;0,37881390802343257;2631;17786;5269;vanilla;0,007885213361051139;27;5,0;30,0;24,0;;;False;4;sgd;minmax
1621;2024-05-11 23:36:39.610310;0,4619140625;;relu;;;256;;78,0;True;normalizer;0,023787922465759923;2631;17786;5269;vanilla;0,006971361240983203;29;16,0;26,0;23,0;16,0;;False;5;sgd;minmax
1622;2024-05-11 23:37:23.525800;0,5296875238418579;;relu;;;512;;;False;;0,487158308064252;2631;17786;5269;vanilla;0,010386938938814412;28;9,0;27,0;24,0;19,0;;False;5;sgd;minmax
1623;2024-05-11 23:38:09.617096;0,5322265625;;relu;;;256;;71,0;True;normalizer;0,06208616226100315;2631;17786;5269;vanilla;0,0021536700638841353;29;3,0;;;;;True;2;sgd;minmax
1624;2024-05-11 23:38:55.097699;0,4619140625;;relu;;;256;;83,0;True;normalizer;0,00719188731347721;2631;17786;5269;vanilla;0,0014831762259356386;28;8,0;28,0;23,0;18,0;;False;5;sgd;minmax
1625;2024-05-11 23:39:31.143796;0,525585949420929;;relu;;;256;;76,0;True;normalizer;0,2880226157334314;2631;17786;5269;vanilla;0,0049113041777449455;27;19,0;25,0;25,0;;;False;4;sgd;minmax
1626;2024-05-11 23:40:19.645411;0,5297256112098694;;relu;;;128;;81,0;True;normalizer;0,04839078253646903;2631;17786;5269;vanilla;0,0019471335597202033;28;6,0;28,0;;;;False;3;sgd;minmax
1627;2024-05-11 23:41:23.900053;0,4619140625;;relu;;;256;;79,0;True;normalizer;0,007171812907822873;2631;17786;5269;vanilla;0,04457564759098243;27;4,0;26,0;12,0;17,0;;False;5;sgd;normalizer
1628;2024-05-11 23:42:17.948029;0,4619140625;;relu;0,1728837665356563;0,7238310078635862;256;;59,0;True;normalizer;0,1466028345073809;2631;17786;5269;vanilla;;28;5,0;29,0;11,0;19,0;;;5;adam;minmax
1629;2024-05-11 23:43:00.702229;0,5316311120986938;;relu;;;64;;83,0;True;normalizer;0,4155936941890795;2631;17786;5269;vanilla;0,03746032107831748;25;20,0;27,0;26,0;20,0;;False;5;sgd;minmax
1630;2024-05-11 23:46:13.263649;0,5048828125;;relu;;;256;;41,0;True;normalizer;0,11739622233634056;2631;17786;5269;batchnorm;0,0059866119804746;29;5,0;29,0;24,0;;;True;4;sgd;minmax
1631;2024-05-11 23:46:54.293513;0,533984363079071;;selu;;;256;;77,0;True;normalizer;0,09170388690824266;2631;17786;5269;vanilla;0,008937627810375933;30;6,0;28,0;23,0;19,0;;False;5;sgd;minmax
1632;2024-05-11 23:47:47.672165;0,5228515863418579;;relu;;;256;;81,0;True;normalizer;0,33812886397027275;2631;17786;5269;vanilla;0,7922283617851089;18;17,0;22,0;23,0;4,0;;False;5;sgd;minmax
1633;2024-05-11 23:48:40.378552;0,5306640863418579;;relu;;;256;;;False;;0,19462341476916295;2631;17786;5269;vanilla;0,004624704829436742;26;10,0;26,0;12,0;;;False;4;sgd;maxabs
1634;2024-05-11 23:49:46.374137;0,4619140625;;relu;;;256;;72,0;True;normalizer;0,01805758205022731;2631;17786;5269;vanilla;0,06575139335327354;27;3,0;27,0;23,0;16,0;;False;5;sgd;minmax
1635;2024-05-11 23:50:24.147717;0,4582066833972931;;relu;;;8;;9,0;True;minmax;0,043269153303667734;2631;17786;5269;vanilla;0,0516330629367708;28;4,0;28,0;25,0;18,0;;False;5;sgd;minmax
1636;2024-05-11 23:59:21.801804;0,5306640863418579;;relu;;;256;;79,0;True;normalizer;0,26654909329750764;2631;17786;5269;vanilla;0,001182732556065869;29;15,0;20,0;24,0;;;True;4;sgd;minmax
1637;2024-05-12 00:00:05.054060;0,4619140625;;relu;;;256;;75,0;True;normalizer;0,004416690835122785;2631;17786;5269;vanilla;0,00170413046459603;28;6,0;27,0;23,0;8,0;;False;5;sgd;minmax
1638;2024-05-12 00:00:43.066331;0,4619140625;;relu;;;512;;84,0;True;normalizer;0,005585899670808239;2631;17786;5269;vanilla;0,010574766115716352;29;5,0;30,0;22,0;17,0;;False;5;sgd;minmax
1639;2024-05-12 00:01:15.889704;0,4619140625;;relu;;;256;;94,0;True;normalizer;0,022291670335498344;2631;17786;5269;vanilla;0,0908215476947439;30;4,0;28,0;11,0;;;False;4;sgd;minmax
1640;2024-05-12 00:01:51.644642;0,524218738079071;;selu;;;256;;46,0;True;normalizer;0,45914075221716005;2631;17786;5269;vanilla;0,00267063542125689;27;16,0;27,0;24,0;16,0;;False;5;sgd;minmax
1641;2024-05-12 00:02:36.303639;0,251953125;;relu;;;256;;9,0;True;maxabs;0,054426501313775674;2631;17786;5269;vanilla;0,0014646308138050981;28;15,0;29,0;23,0;19,0;;False;5;sgd;minmax
1642;2024-05-12 00:03:27.115293;0,5093749761581421;;relu;;;256;;82,0;True;normalizer;0,9974634414361306;2631;17786;5269;vanilla;0,008261053767333743;26;3,0;26,0;12,0;;;False;4;sgd;minmax
1643;2024-05-12 00:04:06.089558;0,4597264528274536;;relu;;;16;;77,0;True;normalizer;0,16164485985371807;2631;17786;5269;vanilla;0,9164767447608344;9;5,0;25,0;22,0;20,0;;True;5;sgd;minmax
1644;2024-05-12 00:07:36.655831;0,39765626192092896;;relu;;;256;;;False;;0,012461254574114657;2631;17786;5269;batchnorm;0,006936375750617956;17;4,0;29,0;10,0;18,0;;False;5;sgd;minmax
1645;2024-05-12 00:08:52.223045;0,532031238079071;;relu;;;256;0,34116971275476277;81,0;True;normalizer;0,3233763157139767;2631;17786;5269;dropout;0,059350580032893764;15;15,0;28,0;13,0;6,0;;False;5;sgd;minmax
1646;2024-05-12 00:10:05.700673;0,4619140625;;relu;;;256;;80,0;True;normalizer;0,0015226617412692162;2631;17786;5269;vanilla;0,011473430260171984;29;21,0;27,0;24,0;;;False;4;sgd;minmax
1647;2024-05-12 00:10:47.764940;0,4619140625;;relu;0,3250110120149526;0,23749026800641904;256;;54,0;True;normalizer;0,13158473633300977;2631;17786;5269;vanilla;;10;18,0;27,0;26,0;17,0;;;5;adam;minmax
1648;2024-05-12 00:11:26.371891;0,4619140625;;relu;;;256;;57,0;True;normalizer;0,02797885857276857;2631;17786;5269;vanilla;0,013483975389073564;27;20,0;26,0;23,0;;;False;4;sgd;normalizer
1649;2024-05-12 00:12:11.853695;0,4596036672592163;;relu;;;32;0,11155984501757012;84,0;True;normalizer;0,8168239264179545;2631;17786;5269;dropout;0,28915178136229275;9;3,0;30,0;29,0;5,0;;False;5;sgd;minmax
1650;2024-05-12 00:15:09.616269;0,5322265625;;relu;;;256;;74,0;True;normalizer;0,07505989507633982;2631;17786;5269;vanilla;0,2583335755825328;28;17,0;29,0;22,0;21,0;;True;5;sgd;minmax
1651;2024-05-12 00:16:10.685552;0,5287109613418579;;selu;;;256;;78,0;True;normalizer;0,38231473478643635;2631;17786;5269;vanilla;0,014475084317231445;10;6,0;28,0;11,0;20,0;;False;5;sgd;minmax
1652;2024-05-12 00:16:56.776085;0,530468761920929;;relu;;;512;0,33136359819980304;83,0;True;normalizer;0,46409714584878375;2631;17786;5269;dropout;0,22304624863955388;28;11,0;24,0;12,0;;;False;4;sgd;minmax
1653;2024-05-12 00:17:29.370285;0,5267578363418579;;relu;;;256;;79,0;True;normalizer;0,2104851011521942;2631;17786;5269;vanilla;0,005033428625693732;29;4,0;26,0;25,0;21,0;;False;5;sgd;minmax
1654;2024-05-12 00:18:24.569838;0,4619140625;;relu;;;256;;76,0;True;normalizer;0,006165985552348264;2631;17786;5269;vanilla;0,0034973081327792457;27;3,0;28,0;23,0;19,0;;False;5;sgd;maxabs
1655;2024-05-12 00:19:07.138233;0,4619140625;;relu;;;256;0,47933311722188526;;False;;0,5247735585910848;2631;17786;5269;dropout;0,07626992324379812;9;5,0;27,0;13,0;24,0;;False;5;sgd;minmax
1656;2024-05-12 00:19:52.814639;0,5308688879013062;;relu;;;128;;82,0;True;normalizer;0,2995991988385398;2631;17786;5269;vanilla;0,3232414939590475;29;14,0;27,0;24,0;;;True;4;sgd;minmax
1657;2024-05-12 00:20:51.964360;0,4619140625;;relu;;;256;;80,0;True;normalizer;0,06454721607549317;2631;17786;5269;vanilla;0,003976733015918991;30;15,0;3,0;22,0;17,0;;False;5;sgd;minmax
1658;2024-05-12 00:21:31.627118;0,251953125;;relu;;;256;;8,0;True;minmax;0,7151488487976086;2631;17786;5269;vanilla;0,04926604872426208;26;4,0;28,0;23,0;23,0;;False;5;sgd;minmax
1659;2024-05-12 00:22:14.314501;0,526171863079071;;relu;;;256;0,28510376543913485;50,0;True;normalizer;0,10805349014044291;2631;17786;5269;dropout;0,10593339573703628;28;5,0;26,0;24,0;;;False;4;sgd;minmax
1660;2024-05-12 00:23:10.662614;0,5244140625;;relu;;;256;;73,0;True;normalizer;0,3565796610727843;2631;17786;5269;vanilla;0,0010124208648774724;10;16,0;29,0;25,0;16,0;;False;5;sgd;minmax
1661;2024-05-12 00:24:12.584125;0,5304877758026123;;relu;;;64;;84,0;True;normalizer;0,40658115871241374;2631;17786;5269;vanilla;0,0010010397325070084;27;4,0;25,0;22,0;15,0;;False;5;sgd;minmax
1662;2024-05-12 00:26:05.192621;0,4619140625;;selu;;;256;0,4000223529579413;81,0;True;normalizer;0,0020870741617969434;2631;17786;5269;dropout;0,0030844039273017773;9;6,0;21,0;23,0;;;True;4;sgd;minmax
1663;2024-05-12 00:26:51.602687;0,251953125;;relu;;;256;;4,0;True;maxabs;0,25351906785140554;2631;17786;5269;vanilla;0,27158098589706;29;9,0;27,0;13,0;4,0;;False;5;sgd;minmax
1664;2024-05-12 00:27:28.259242;0,4597264528274536;;relu;;;8;;78,0;True;normalizer;0,6167042330057428;2631;17786;5269;vanilla;0,0403648604486489;28;22,0;28,0;12,0;18,0;;False;5;sgd;minmax
1665;2024-05-12 00:34:02.863425;0,4619140625;;relu;;;256;0,36144326319289566;69,0;True;normalizer;0,041705988225707674;2631;17786;5269;dropout;0,002660116911580079;10;14,0;27,0;23,0;;;False;4;sgd;minmax
1666;2024-05-12 00:34:43.614235;0,4619140625;;relu;0,04728154609601004;0,27425146589626714;256;;;False;;0,08934231716314077;2631;17786;5269;vanilla;;28;5,0;29,0;22,0;6,0;;;5;adam;minmax
1667;2024-05-12 00:35:30.281386;0,5087890625;;relu;;;512;;75,0;True;normalizer;0,42243534011982725;2631;17786;5269;batchnorm;0,03091809676252772;27;8,0;30,0;24,0;22,0;;False;5;sgd;minmax
1668;2024-05-12 00:36:04.979410;0,4619140625;;relu;;;256;;77,0;True;normalizer;0,22545088781669667;2631;17786;5269;vanilla;0,9891292529629439;29;3,0;28,0;24,0;;;False;4;sgd;minmax
1669;2024-05-12 00:36:41.003511;0,533203125;;relu;;;256;0,2740596698095445;85,0;True;normalizer;0,3439347200237;2631;17786;5269;dropout;0,0011618446107608926;27;6,0;26,0;22,0;21,0;;False;5;sgd;minmax
1670;2024-05-12 00:37:35.126919;0,525585949420929;;relu;;;256;;82,0;True;normalizer;0,5175576094727901;2631;17786;5269;vanilla;0,005864559159004945;29;15,0;27,0;13,0;19,0;;True;5;sgd;minmax
1671;2024-05-12 00:38:19.546729;0,4619140625;;relu;;;256;;79,0;True;normalizer;0,18016269196131912;2631;17786;5269;vanilla;0,0017796988466823515;25;16,0;29,0;23,0;;;False;4;sgd;normalizer
1672;2024-05-12 00:38:55.361958;0,531345009803772;;relu;;;16;;55,0;True;normalizer;0,009477982017624906;2631;17786;5269;vanilla;0,8647305177696781;10;7,0;28,0;11,0;7,0;;False;5;sgd;minmax
1673;2024-05-12 00:42:57.887722;0,5234375;;selu;;;256;0,30719046812317297;52,0;True;normalizer;0,017794442403069384;2631;17786;5269;dropout;0,018546482908679718;28;19,0;26,0;;;;False;3;sgd;minmax
1674;2024-05-12 00:43:50.446889;0,4619140625;;relu;;;256;;43,0;True;normalizer;0,05773335399448751;2631;17786;5269;vanilla;0,0683082527468222;30;4,0;18,0;22,0;23,0;;False;5;sgd;minmax
1675;2024-05-12 00:44:37.010799;0,4619140625;;relu;;;256;;80,0;True;normalizer;0,03155822100229521;2631;17786;5269;vanilla;0,011230207659396575;9;14,0;27,0;23,0;5,0;;False;5;sgd;minmax
1676;2024-05-12 00:45:27.538074;0,5263671875;;relu;;;256;0,15735713869525828;83,0;True;normalizer;0,299138780386241;2631;17786;5269;dropout;0,009579570380436227;28;5,0;25,0;13,0;;;True;4;sgd;maxabs
1677;2024-05-12 00:46:12.952095;0,5272485017776489;;relu;;;32;;77,0;True;normalizer;0,01563211332852443;2631;17786;5269;vanilla;0,007763607186831906;26;3,0;28,0;25,0;20,0;;False;5;sgd;minmax
1678;2024-05-12 00:51:38.353661;0,5257812738418579;;relu;;;256;;;False;;0,1406538200304647;2631;17786;5269;vanilla;0,002008813481086735;27;17,0;27,0;12,0;22,0;;False;5;sgd;minmax
1679;2024-05-12 00:52:43.902426;0,4619140625;;relu;;;256;0,10044193486915995;71,0;True;normalizer;0,003314323727463205;2631;17786;5269;dropout;0,08293771586164277;9;4,0;26,0;22,0;19,0;;False;5;sgd;minmax
1680;2024-05-12 00:53:37.431334;0,4619140625;;relu;;;256;;81,0;True;normalizer;0,0025367995935529253;2631;17786;5269;vanilla;0,23379298333168064;10;14,0;29,0;24,0;;;False;4;sgd;minmax
1681;2024-05-12 00:54:18.390135;0,251953125;;relu;;;256;;7,0;True;minmax;0,0061429059901276315;2631;17786;5269;vanilla;0,19115150941228187;29;5,0;28,0;23,0;21,0;;False;5;sgd;minmax
1682;2024-05-12 00:55:02.430152;0,5326172113418579;;relu;;;512;;85,0;True;normalizer;0,47952888623777495;2631;17786;5269;vanilla;0,30619283879310616;28;15,0;30,0;24,0;18,0;;True;5;sgd;minmax
1683;2024-05-12 00:55:33.842865;0,526171863079071;;relu;;;256;0,3741794700228924;75,0;True;normalizer;0,04907646013592942;2631;17786;5269;dropout;0,3830848562007299;9;7,0;27,0;23,0;;;False;4;sgd;minmax
1684;2024-05-12 00:56:51.250413;0,4596036672592163;;relu;0,35623301477936353;0,6838217222254548;128;;78,0;True;normalizer;0,16096348451686213;2631;17786;5269;vanilla;;28;6,0;27,0;23,0;23,0;;;5;adam;minmax
1685;2024-05-12 00:58:01.086357;0,5289062261581421;;selu;;;256;;58,0;True;normalizer;0,01414034127029155;2631;17786;5269;vanilla;0,05836936898337587;14;3,0;26,0;25,0;3,0;;False;5;sgd;minmax
1686;2024-05-12 00:58:56.988563;0,251953125;;relu;;;256;0,12113405373829733;9,0;True;maxabs;0,0793663569144846;2631;17786;5269;dropout;0,03638714689365084;24;11,0;28,0;22,0;24,0;;False;5;sgd;minmax
1687;2024-05-12 00:59:49.069837;0,5259765386581421;;relu;;;256;;20,0;True;normalizer;0,38817143787237207;2631;17786;5269;vanilla;0,00455809260682622;27;4,0;;;;;False;2;sgd;minmax
1688;2024-05-12 01:00:26.021421;0,5116235017776489;;relu;;;64;;73,0;True;normalizer;0,037504802135382695;2631;17786;5269;batchnorm;0,00655212107352737;30;16,0;29,0;12,0;;;False;4;sgd;minmax
1689;2024-05-12 01:02:28.734013;0,5326172113418579;;relu;;;256;;;False;;0,27010653540987567;2631;17786;5269;vanilla;0,0023891175587732977;29;15,0;28,0;13,0;16,0;;True;5;sgd;minmax
1690;2024-05-12 01:03:42.786400;0,5306640863418579;;relu;;;256;0,1382422737730341;83,0;True;normalizer;0,10563155103664348;2631;17786;5269;dropout;0,09803226564737381;10;14,0;29,0;24,0;;;False;4;sgd;minmax
1691;2024-05-12 01:04:44.333604;0,4619140625;;relu;;;256;;80,0;True;normalizer;0,011712943414641066;2631;17786;5269;vanilla;0,045394221599931145;29;5,0;19,0;22,0;20,0;;False;5;sgd;minmax
1692;2024-05-12 01:05:37.655239;0,4619140625;;relu;;;256;;17,0;True;normalizer;0,5687542901870901;2631;17786;5269;vanilla;0,0013957641799128768;9;18,0;26,0;13,0;24,0;;False;5;sgd;normalizer
1693;2024-05-12 01:06:25.446765;0,4597264528274536;;relu;;;8;;76,0;True;normalizer;0,3433195718277971;2631;17786;5269;vanilla;0,0027059488399285765;28;3,0;27,0;26,0;22,0;;False;5;sgd;minmax
1694;2024-05-12 01:13:10.658095;0,532031238079071;;relu;;;256;0,25490625704865;86,0;True;normalizer;0,8092000191438372;2631;17786;5269;dropout;0,02123395481155958;27;6,0;30,0;23,0;22,0;;False;5;sgd;minmax
1695;2024-05-12 01:14:01.964485;0,533007800579071;;relu;;;256;;84,0;True;normalizer;0,4265641924168055;2631;17786;5269;vanilla;0,17519769555199105;8;21,0;28,0;23,0;;;False;4;sgd;minmax
1696;2024-05-12 01:14:41.867555;0,521679699420929;;relu;;;256;;81,0;True;normalizer;0,6686842132945159;2631;17786;5269;vanilla;0,013585336645397753;16;19,0;25,0;;;;True;3;sgd;minmax
1697;2024-05-12 01:15:32.587486;0,5298827886581421;;selu;;;256;0,15184140752785094;79,0;True;normalizer;0,22380868689321326;2631;17786;5269;dropout;0,026156502226641367;10;4,0;27,0;24,0;17,0;;False;5;sgd;maxabs
1698;2024-05-12 01:16:24.241673;0,4619140625;;relu;;;512;;62,0;True;normalizer;0,06509574542988178;2631;17786;5269;vanilla;0,2394892794931152;29;6,0;28,0;22,0;7,0;;False;5;sgd;minmax
1699;2024-05-12 01:16:52.200220;0,5289062261581421;;relu;;;256;;82,0;True;normalizer;0,12944472164961948;2631;17786;5269;vanilla;0,7585884896081591;26;14,0;26,0;12,0;;;False;4;sgd;minmax
1700;2024-05-12 01:17:39.759091;0,5287109613418579;;relu;;;256;0,16878699229849675;;False;;0,18400787350340028;2631;17786;5269;dropout;0,11911731893926775;7;20,0;27,0;24,0;21,0;;False;5;sgd;minmax
1701;2024-05-12 01:18:50.112226;0,5307750701904297;;relu;;;16;;77,0;True;normalizer;0,3090055653536714;2631;17786;5269;vanilla;0,002930299422625426;20;15,0;28,0;22,0;23,0;;False;5;sgd;minmax
1702;2024-05-12 01:22:09.592113;0,533007800579071;;relu;;;256;;79,0;True;normalizer;0,36126703764566326;2631;17786;5269;vanilla;0,27701136520064457;28;5,0;29,0;23,0;;;True;4;sgd;minmax
1703;2024-05-12 01:22:58.386338;0,251953125;;relu;0,39279877688467696;0,7436056071037866;256;;84,0;True;normalizer;0,4696856510996321;2631;17786;5269;vanilla;;9;5,0;27,0;25,0;20,0;;;5;adam;minmax
1704;2024-05-12 01:23:37.004286;0,30292969942092896;;relu;;;256;0,41132260612350746;8,0;True;minmax;0,25562128806536927;2631;17786;5269;dropout;0,2175462185729004;8;4,0;26,0;23,0;;;False;4;sgd;minmax
1705;2024-05-12 01:25:24.811517;0,5280106663703918;;relu;;;32;;68,0;True;normalizer;0,02600873919415576;2631;17786;5269;vanilla;0,008374480936294622;10;3,0;28,0;13,0;4,0;;False;5;sgd;minmax
1706;2024-05-12 01:28:09.930065;0,4619140625;;relu;;;256;;97,0;True;normalizer;0,05168377287402858;2631;17786;5269;vanilla;0,3390590868999125;29;16,0;29,0;27,0;15,0;;False;5;sgd;minmax
1707;2024-05-12 01:28:45.862157;0,5322265625;;selu;;;256;0,1915038019431759;39,0;True;normalizer;0,0704998277121341;2631;17786;5269;dropout;0,0016045930410653014;27;7,0;30,0;11,0;22,0;;False;5;sgd;minmax
1708;2024-05-12 01:29:43.002515;0,5269531011581421;;relu;;;256;;86,0;True;normalizer;0,4085608235244515;2631;17786;5269;vanilla;0,0011990989780621616;28;4,0;27,0;24,0;;;False;4;sgd;minmax
1709;2024-05-12 01:30:22.814932;0,251953125;;relu;;;256;;3,0;True;maxabs;0,0012345207204792097;2631;17786;5269;vanilla;0,0864000178276014;30;14,0;27,0;10,0;18,0;;True;5;sgd;minmax
1710;2024-05-12 01:31:07.159199;0,5257812738418579;;relu;;;256;;82,0;True;normalizer;0,20359255828945186;2631;17786;5269;batchnorm;0,13372579290248224;28;20,0;26,0;14,0;19,0;;False;5;sgd;minmax
1711;2024-05-12 01:32:01.462319;0,5326172113418579;;relu;;;256;0,29826766750685324;74,0;True;normalizer;0,5422714970062922;2631;17786;5269;dropout;0,005494576248180251;9;15,0;28,0;22,0;;;False;4;sgd;minmax
1712;2024-05-12 01:32:43.574682;0,529492199420929;;relu;;;256;;;False;;0,15395167641252638;2631;17786;5269;vanilla;0,2618492629489702;29;13,0;25,0;22,0;15,0;;False;5;sgd;minmax
1713;2024-05-12 01:33:55.614378;0,5347656011581421;;relu;;;512;;78,0;True;normalizer;0,34132547692388715;2631;17786;5269;vanilla;0,01673819019857006;26;3,0;29,0;23,0;5,0;;False;5;sgd;minmax
1714;2024-05-12 01:34:45.673800;0,4619140625;;relu;;;512;;76,0;True;normalizer;0,31006615111251495;2631;17786;5269;vanilla;0,013838571673994248;26;3,0;30,0;23,0;5,0;;False;5;sgd;normalizer
1715;2024-05-12 01:35:19.013965;0,2861328125;;relu;;;512;;78,0;True;normalizer;0,0016806753772921031;2631;17786;5269;vanilla;0,026992428573479107;26;3,0;30,0;23,0;4,0;;False;5;sgd;minmax
1716;2024-05-12 01:35:45.128153;0,4619140625;;relu;;;512;0,45058481325648253;75,0;True;normalizer;0,26928032806467955;2631;17786;5269;dropout;0,008721253707064697;26;3,0;29,0;23,0;;;True;4;sgd;minmax
1717;2024-05-12 01:36:17.657034;0,534960925579071;;relu;;;512;;77,0;True;normalizer;0,2970216554296535;2631;17786;5269;vanilla;0,016355677857297357;27;3,0;29,0;24,0;5,0;;False;5;sgd;minmax
1718;2024-05-12 01:37:05.453898;0,533007800579071;;relu;;;512;;76,0;True;normalizer;0,2827638186886331;2631;17786;5269;vanilla;0,015766987414681858;25;3,0;30,0;25,0;6,0;;False;5;sgd;minmax
1719;2024-05-12 01:37:58.187724;0,528515636920929;;selu;;;512;;73,0;True;normalizer;0,27451135347623146;2631;17786;5269;vanilla;0,020059553209022227;26;3,0;29,0;25,0;;;False;4;sgd;minmax
1720;2024-05-12 01:38:37.613627;0,4619140625;;relu;;;512;0,21841116240217306;77,0;True;normalizer;0,2572487655974109;2631;17786;5269;dropout;0,011013999122999957;27;3,0;30,0;25,0;4,0;;False;5;sgd;maxabs
1721;2024-05-12 01:39:05.646769;0,530078113079071;;relu;;;512;;75,0;True;normalizer;0,23373522998566795;2631;17786;5269;vanilla;0,01782627563451816;27;3,0;30,0;24,0;7,0;;False;5;sgd;minmax
1722;2024-05-12 01:39:42.160148;0,5337890386581421;;relu;;;512;;77,0;True;normalizer;0,31915770796249066;2631;17786;5269;vanilla;0,007384336678518357;26;3,0;29,0;;;;False;3;sgd;minmax
1723;2024-05-12 01:40:17.784936;0,4619140625;;relu;;;512;0,23196276840768582;74,0;True;normalizer;0,0029901156479928727;2631;17786;5269;dropout;0,021869442839412535;26;3,0;30,0;24,0;4,0;;False;5;sgd;minmax
1724;2024-05-12 01:41:10.166539;0,4619140625;;relu;0,8544801404127463;0,4609963607616565;512;;;False;;0,23430994747015668;2631;17786;5269;vanilla;;26;3,0;29,0;24,0;5,0;;;5;adam;minmax
1725;2024-05-12 01:41:36.250640;0,52734375;;relu;;;512;;78,0;True;normalizer;0,31369314522283287;2631;17786;5269;vanilla;0,015188021140809348;27;3,0;30,0;25,0;;;False;4;sgd;minmax
1726;2024-05-12 01:42:16.035569;0,5296875238418579;;relu;;;512;0,12900082107992863;76,0;True;normalizer;0,2846609406275867;2631;17786;5269;dropout;0,017562898587441842;27;;;;;;False;1;sgd;minmax
1727;2024-05-12 01:42:42.678761;0,530468761920929;;relu;;;512;;79,0;True;normalizer;0,20585856745839637;2631;17786;5269;vanilla;0,014064767902804707;27;3,0;29,0;24,0;23,0;;False;5;sgd;minmax
1728;2024-05-12 01:43:22.178479;0,4619140625;;relu;;;512;;78,0;True;normalizer;0,31958868798582046;2631;17786;5269;vanilla;0,02011362589895471;25;3,0;29,0;24,0;;;False;4;sgd;minmax
1729;2024-05-12 01:43:56.072722;0,5347656011581421;;relu;;;512;;72,0;True;normalizer;0,24469394605815628;2631;17786;5269;vanilla;0,014012400882546152;27;3,0;30,0;24,0;5,0;;False;5;sgd;minmax
1730;2024-05-12 01:44:39.026988;0,251953125;;relu;;;512;0,20114540308836248;9,0;True;minmax;0,34841099817640264;2631;17786;5269;dropout;0,015579003127123235;27;3,0;29,0;25,0;6,0;;False;5;sgd;minmax
1731;2024-05-12 01:45:09.333984;0,524218738079071;;selu;;;512;;75,0;True;normalizer;0,08674504701977315;2631;17786;5269;vanilla;0,0159738446802293;26;3,0;29,0;25,0;5,0;;False;5;sgd;minmax
1732;2024-05-12 01:45:58.618633;0,528515636920929;;relu;;;512;;79,0;True;normalizer;0,2801353724916666;2631;17786;5269;vanilla;0,017048628424293368;27;3,0;29,0;24,0;;;False;4;sgd;minmax
1733;2024-05-12 01:46:49.015365;0,251953125;;relu;;;512;0,179921242318855;5,0;True;maxabs;0,1229718585348271;2631;17786;5269;dropout;0,023513114374574408;27;3,0;30,0;26,0;6,0;;False;5;sgd;minmax
1734;2024-05-12 01:47:20.273538;0,527148425579071;;relu;;;512;;80,0;True;normalizer;0,17694821474806152;2631;17786;5269;batchnorm;0,012046244962847997;26;3,0;29,0;24,0;4,0;;False;5;sgd;minmax
1735;2024-05-12 01:47:53.735764;0,4619140625;;relu;;;512;;76,0;True;normalizer;0,04165839746883736;2631;17786;5269;vanilla;0,012773959710373265;27;3,0;29,0;23,0;;;False;4;sgd;minmax
1736;2024-05-12 01:48:32.551194;0,4619140625;;relu;;;512;;;False;;0,05614037304558495;2631;17786;5269;vanilla;0,024014760544046006;26;3,0;30,0;23,0;6,0;;False;5;sgd;minmax
1737;2024-05-12 01:49:09.832273;0,2861328125;;relu;;;512;0,26284244871085055;78,0;True;normalizer;0,003091247983655014;2631;17786;5269;dropout;0,01922084202723172;27;4,0;29,0;24,0;4,0;;False;5;sgd;normalizer
1738;2024-05-12 01:49:45.466298;0,5335937738418579;;relu;;;512;;73,0;True;normalizer;0,23570154084067857;2631;17786;5269;vanilla;0,01844864451299879;27;3,0;29,0;23,0;3,0;;False;5;sgd;minmax
1739;2024-05-12 01:51:07.446154;0,525195300579071;;relu;;;512;;80,0;True;normalizer;0,338690353084678;2631;17786;5269;vanilla;0,010333614258585474;25;4,0;30,0;26,0;;;False;4;sgd;minmax
1740;2024-05-12 01:51:58.029655;0,4619140625;;relu;;;512;;77,0;True;normalizer;0,03335216417671813;2631;17786;5269;vanilla;0,016148688201867267;27;4,0;29,0;24,0;5,0;;False;5;sgd;minmax
1741;2024-05-12 01:52:36.246016;0,5259765386581421;;selu;;;512;0,24492530210676444;81,0;True;normalizer;0,19432945709513139;2631;17786;5269;dropout;0,029402784286862833;27;3,0;29,0;23,0;5,0;;False;5;sgd;minmax
1742;2024-05-12 01:53:19.345763;0,5302734375;;relu;;;512;;79,0;True;normalizer;0,29462901733801705;2631;17786;5269;vanilla;0,011838846253332279;27;4,0;30,0;25,0;;;False;4;sgd;minmax
1743;2024-05-12 01:54:13.143935;0,4619140625;;relu;0,36307524739106045;0,5666653809651239;512;;74,0;True;normalizer;0,10062474662160825;2631;17786;5269;vanilla;;26;3,0;29,0;22,0;5,0;;;5;adam;maxabs
1744;2024-05-12 01:55:01.137478;0,4619140625;;relu;;;512;0,11845070608913118;71,0;True;normalizer;0,003888865823122449;2631;17786;5269;dropout;0,009538652642912837;27;4,0;29,0;24,0;20,0;;False;5;sgd;minmax
1745;2024-05-12 01:55:55.617764;0,4619140625;;relu;;;512;;77,0;True;normalizer;0,002449664155722594;2631;17786;5269;vanilla;0,01284132800351495;27;3,0;30,0;23,0;;;False;4;sgd;minmax
1746;2024-05-12 01:56:40.338098;0,4619140625;;relu;;;512;;81,0;True;normalizer;0,0209072571695187;2631;17786;5269;vanilla;0,0179464706081041;28;4,0;29,0;24,0;5,0;;False;5;sgd;minmax
1747;2024-05-12 01:57:21.734756;0,4619140625;;relu;;;512;0,3163138839535352;;False;;0,024746713641521704;2631;17786;5269;dropout;0,010761822038730494;26;3,0;29,0;22,0;3,0;;False;5;sgd;minmax
1748;2024-05-12 01:57:58.399207;0,533398449420929;;relu;;;512;;76,0;True;normalizer;0,3701675129760979;2631;17786;5269;vanilla;0,0212391531233106;26;4,0;30,0;23,0;4,0;;False;5;sgd;minmax
1749;2024-05-12 01:59:38.077035;0,4619140625;;relu;;;512;;79,0;True;normalizer;0,008227598933843588;2631;17786;5269;vanilla;0,029300811223424355;27;4,0;29,0;21,0;;;False;4;sgd;minmax
1750;2024-05-12 02:00:40.146553;0,4619140625;;relu;;;512;;82,0;True;normalizer;0,00315926182058301;2631;17786;5269;vanilla;0,013405422045607173;28;3,0;5,0;25,0;5,0;;False;5;sgd;minmax
1751;2024-05-12 02:01:42.410043;0,5210937261581421;;relu;;;512;0,14302953067314755;75,0;True;normalizer;0,14444181208022197;2631;17786;5269;dropout;0,0696985513813647;27;3,0;30,0;22,0;;;False;4;sgd;minmax
1752;2024-05-12 02:02:45.670703;0,3705078065395355;;selu;;;512;;2,0;True;minmax;0,06792216524579747;2631;17786;5269;vanilla;0,034150315362896554;26;4,0;29,0;28,0;5,0;;False;5;sgd;minmax
1753;2024-05-12 02:04:15.347197;0,527148425579071;;relu;;;512;;80,0;True;normalizer;0,04794843364655471;2631;17786;5269;vanilla;0,002178276555660389;28;3,0;;;;;False;2;sgd;minmax
1754;2024-05-12 02:04:49.875919;0,532031238079071;;relu;;;512;0,27845398253660486;78,0;True;normalizer;0,846380908003481;2631;17786;5269;dropout;0,022380229448265666;28;4,0;29,0;24,0;6,0;;False;5;sgd;minmax
1755;2024-05-12 02:05:50.175970;0,531445324420929;;relu;;;512;;83,0;True;normalizer;0,21505182789364433;2631;17786;5269;vanilla;0,05778168280205988;27;4,0;28,0;23,0;;;False;4;sgd;minmax
1756;2024-05-12 02:06:25.641009;0,5337890386581421;;relu;;;512;;81,0;True;normalizer;0,26038408354221154;2631;17786;5269;vanilla;0,003730280437591445;28;3,0;29,0;22,0;6,0;;False;5;sgd;minmax
1757;2024-05-12 02:07:13.483914;0,251953125;;relu;;;512;;6,0;True;maxabs;0,17595001139219435;2631;17786;5269;batchnorm;0,015696273036325002;26;4,0;28,0;24,0;3,0;;False;5;sgd;minmax
1758;2024-05-12 02:07:53.929545;0,5316406488418579;;relu;;;512;0,15975546298424756;73,0;True;normalizer;0,31436819116051895;2631;17786;5269;dropout;0,04296997874196691;27;3,0;30,0;23,0;7,0;;False;5;sgd;minmax
1759;2024-05-12 02:08:30.942334;0,4619140625;;relu;;;512;;;False;;0,019025781275511435;2631;17786;5269;vanilla;0,001389475625174648;27;4,0;28,0;25,0;6,0;;False;5;sgd;normalizer
1760;2024-05-12 02:08:59.167429;0,2861328125;;relu;;;512;;77,0;True;normalizer;0,0014263969445548117;2631;17786;5269;vanilla;0,006701337286770335;28;3,0;29,0;21,0;;;False;4;sgd;minmax
1761;2024-05-12 02:09:30.938939;0,4619140625;;relu;0,6984570295529668;0,21496215248549133;512;;84,0;True;normalizer;0,11487038989524194;2631;17786;5269;vanilla;;28;4,0;29,0;22,0;4,0;;;5;adam;minmax
1762;2024-05-12 02:09:59.248307;0,4619140625;;relu;;;512;0,2114895112993055;79,0;True;normalizer;0,08035140950966184;2631;17786;5269;dropout;0,011966457691143545;21;8,0;28,0;23,0;5,0;;False;5;sgd;minmax
1763;2024-05-12 02:10:34.140143;0,529101550579071;;selu;;;512;;75,0;True;normalizer;0,3654487868348099;2631;17786;5269;vanilla;0,018073009735642985;26;3,0;28,0;18,0;;;False;4;sgd;minmax
1764;2024-05-12 02:11:06.006376;0,4619140625;;relu;;;512;;82,0;True;normalizer;0,031032636664058578;2631;17786;5269;vanilla;0,009631244428255158;27;4,0;30,0;24,0;21,0;;False;5;sgd;minmax
1765;2024-05-12 02:11:34.605221;0,5335937738418579;;relu;;;512;0,10899767606790638;80,0;True;normalizer;0,2402857008754881;2631;17786;5269;dropout;0,004354316092813118;28;14,0;28,0;23,0;6,0;;False;5;sgd;minmax
1766;2024-05-12 02:12:14.023510;0,4596036672592163;;relu;;;64;;77,0;True;normalizer;0,043557078963825574;2631;17786;5269;vanilla;0,05104997548692264;27;3,0;29,0;22,0;3,0;;False;5;sgd;maxabs
1767;2024-05-12 02:13:56.635643;0,4596036672592163;;relu;;;128;;85,0;True;normalizer;0,00905170551051484;2631;17786;5269;vanilla;0,09708897057208081;28;13,0;29,0;26,0;;;False;4;sgd;minmax
1768;2024-05-12 02:14:52.423144;0,531345009803772;;relu;;;8;0,42385697920899706;74,0;True;normalizer;0,011086788895566947;2631;17786;5269;dropout;0,02428685081539537;27;4,0;22,0;21,0;21,0;;False;5;sgd;minmax
1769;2024-05-12 02:39:23.987614;0,4619140625;;relu;;;512;;;False;;0,03750078077322225;2631;17786;5269;vanilla;0,040413672243129806;28;12,0;28,0;24,0;25,0;;False;5;sgd;minmax
1770;2024-05-12 02:39:48.679871;0,4619140625;;relu;;;512;;83,0;True;normalizer;0,010033895366418324;2631;17786;5269;vanilla;0,014791738386236491;26;16,0;30,0;25,0;;;False;4;sgd;minmax
1771;2024-05-12 02:40:19.149952;0,5303951501846313;;relu;;;16;;78,0;True;normalizer;0,06300758940392785;2631;17786;5269;vanilla;0,08122790141153216;28;17,0;28,0;23,0;17,0;;False;5;sgd;minmax
1772;2024-05-12 02:44:26.187511;0,5308688879013062;;relu;;;32;0,17025942047943066;80,0;True;normalizer;0,29893590232269307;2631;17786;5269;dropout;0,03433479549240525;11;15,0;29,0;;;;False;3;sgd;minmax
1773;2024-05-12 02:46:39.558115;0,5220702886581421;;relu;;;512;;71,0;True;normalizer;0,35692153165603757;2631;17786;5269;vanilla;0,6671275095331212;27;3,0;28,0;22,0;;;False;4;sgd;minmax
1774;2024-05-12 02:47:04.245667;0,527148425579071;;selu;;;512;;81,0;True;normalizer;0,09339292865159585;2631;17786;5269;vanilla;0,0011495168570657785;28;14,0;30,0;23,0;23,0;;False;5;sgd;minmax
1775;2024-05-12 02:47:31.085101;0,2522865831851959;;relu;;;64;0,4583990024198025;7,0;True;minmax;0,0034232451559103295;2631;17786;5269;dropout;0,0019436300153120901;27;4,0;28,0;24,0;24,0;;False;5;sgd;minmax
1776;2024-05-12 02:48:45.110137;0,5224847793579102;;relu;;;128;;77,0;True;normalizer;0,16063672309593016;2631;17786;5269;vanilla;0,06260216360884491;25;14,0;29,0;22,0;18,0;;False;5;sgd;minmax
1777;2024-05-12 02:49:54.941807;0,4339843690395355;;relu;;;512;;23,0;True;normalizer;0,05782289465236599;2631;17786;5269;batchnorm;0,007738571747910516;26;15,0;29,0;21,0;19,0;;False;5;sgd;minmax
1778;2024-05-12 02:50:33.730974;0,4597264528274536;;relu;;;8;;83,0;True;normalizer;0,72866578116136;2631;17786;5269;vanilla;0,11118755248032575;28;4,0;28,0;23,0;;;False;4;sgd;minmax
1779;2024-05-12 02:57:26.718092;0,4619140625;;relu;;;512;0,18464899078220867;86,0;True;normalizer;0,12978419970932986;2631;17786;5269;dropout;0,005167945967297288;28;3,0;24,0;24,0;22,0;;False;5;sgd;minmax
1780;2024-05-12 02:57:53.733327;0,251953125;;relu;0,19376051247657888;0,5405637205979272;512;;6,0;True;maxabs;0,004608330743158741;2631;17786;5269;vanilla;;19;11,0;28,0;23,0;21,0;;;5;adam;normalizer
1781;2024-05-12 02:58:17.217701;0,531154990196228;;relu;;;16;;;False;;0,27530836157051874;2631;17786;5269;vanilla;0,006334896019119806;11;13,0;29,0;25,0;;;False;4;sgd;minmax
1782;2024-05-12 03:01:42.148355;0,4596036672592163;;relu;;;128;0,5890342094974634;75,0;True;normalizer;0,4044249917472853;2631;17786;5269;dropout;0,07326616894950105;14;3,0;30,0;22,0;4,0;;False;5;sgd;minmax
1783;2024-05-12 03:02:28.371744;0,5272485017776489;;relu;;;32;;79,0;True;normalizer;0,20791604020796275;2631;17786;5269;vanilla;0,008880315557008875;27;12,0;28,0;23,0;24,0;;False;5;sgd;minmax
1784;2024-05-12 03:04:49.329439;0,5345703363418579;;relu;;;512;;81,0;True;normalizer;0,3335230457039434;2631;17786;5269;vanilla;0,02091867182774509;28;4,0;28,0;21,0;20,0;;False;5;sgd;minmax
1785;2024-05-12 03:05:24.891694;0,2520896792411804;;selu;;;8;;84,0;True;normalizer;0,9926109024838266;2631;17786;5269;vanilla;0,010760326702269209;27;16,0;29,0;24,0;;;False;4;sgd;minmax
1786;2024-05-12 03:12:16.418496;0,4619140625;;relu;;;512;0,1498938215757064;73,0;True;normalizer;0,38143079217787046;2631;17786;5269;dropout;0,993991706485157;28;15,0;29,0;22,0;22,0;;False;5;sgd;maxabs
1787;2024-05-12 03:12:47.690140;0,5251524448394775;;relu;;;64;;78,0;True;normalizer;0,05068382287564854;2631;17786;5269;vanilla;0,8172522605429046;11;10,0;28,0;;;;False;3;sgd;minmax
1788;2024-05-12 03:14:07.459570;0,5308593511581421;;relu;;;256;;81,0;True;normalizer;0,07455259537646289;2631;17786;5269;vanilla;0,0016402495799649624;7;14,0;28,0;23,0;;;False;4;sgd;minmax
1789;2024-05-12 03:14:56.374425;0,4619140625;;relu;;;256;0,3440076736975093;76,0;True;normalizer;0,003812342366401772;2631;17786;5269;dropout;0,01368071020105294;27;3,0;30,0;24,0;17,0;;False;5;sgd;minmax
1790;2024-05-12 03:15:28.566418;0,5289062261581421;;relu;;;256;;83,0;True;normalizer;0,2421433353114529;2631;17786;5269;vanilla;0,03016179624474222;26;13,0;29,0;25,0;18,0;;False;5;sgd;minmax
1791;2024-05-12 03:16:09.787037;0,5267578363418579;;relu;;;512;;79,0;True;normalizer;0,1465313452799843;2631;17786;5269;vanilla;0,016962562870460492;22;4,0;30,0;22,0;;;False;4;sgd;minmax
1792;2024-05-12 03:16:50.898927;0,4597264528274536;;relu;;;16;0,6220204574910261;;False;;0,3166323636003537;2631;17786;5269;dropout;0,0013573376345680753;25;17,0;28,0;10,0;6,0;;False;5;sgd;minmax
1793;2024-05-12 03:20:59.210957;0,4619140625;;relu;;;256;;82,0;True;normalizer;0,007770051473237546;2631;17786;5269;vanilla;0,0027827757372909418;28;14,0;28,0;11,0;16,0;;False;5;sgd;minmax
1794;2024-05-12 03:21:28.618688;0,4596036672592163;;relu;;;32;;87,0;True;normalizer;0,11482977570539853;2631;17786;5269;vanilla;0,0022215806577753515;11;4,0;29,0;23,0;7,0;;False;5;sgd;minmax
1795;2024-05-12 03:23:20.850599;0,528515636920929;;relu;;;256;;85,0;True;normalizer;0,17126642385394128;2631;17786;5269;vanilla;0,0010033664896468976;27;3,0;29,0;23,0;;;False;4;sgd;minmax
1796;2024-05-12 03:24:00.404180;0,531445324420929;;selu;;;256;0,38986997595128264;76,0;True;normalizer;0,41609206482004435;2631;17786;5269;dropout;0,050752709679076496;12;15,0;28,0;24,0;23,0;;False;5;sgd;minmax
1797;2024-05-12 03:24:34.465301;0,5269531011581421;;relu;;;256;;79,0;True;normalizer;0,27533580616785647;2631;17786;5269;vanilla;0,012319677272291125;28;13,0;28,0;21,0;21,0;;False;5;sgd;minmax
1798;2024-05-12 03:25:25.462037;0,5224609375;;relu;;;256;;80,0;True;normalizer;0,34656772957217785;2631;17786;5269;vanilla;0,45514432551429573;26;14,0;6,0;22,0;20,0;;False;5;sgd;minmax
1799;2024-05-12 03:26:09.123743;0,3675781190395355;;relu;0,788029334751994;0,7073321350627902;512;;5,0;True;minmax;0,001047801398185085;2631;17786;5269;batchnorm;;28;4,0;7,0;24,0;;;;4;adam;minmax
1800;2024-05-12 03:26:43.502432;0,4619140625;;relu;;;256;0,551506086970176;74,0;True;normalizer;0,0589905718741468;2631;17786;5269;dropout;0,13317241948887854;27;16,0;30,0;22,0;4,0;;False;5;sgd;minmax
1801;2024-05-12 03:27:15.994953;0,4619140625;;relu;;;256;;77,0;True;normalizer;0,0017017349664349524;2631;17786;5269;vanilla;0,00988040681466104;17;3,0;29,0;25,0;19,0;;False;5;sgd;minmax
1802;2024-05-12 03:28:00.470180;0,526562511920929;;relu;;;256;;82,0;True;normalizer;0,2057696656447684;2631;17786;5269;vanilla;0,08780037358495821;7;15,0;28,0;23,0;;;False;4;sgd;minmax
1803;2024-05-12 03:28:41.552322;0,4596036672592163;;relu;;;128;0,48837143290568075;;False;;0,010210952349473603;2631;17786;5269;dropout;0,03855048963529997;28;4,0;28,0;22,0;5,0;;False;5;sgd;normalizer
1804;2024-05-12 03:29:28.891782;0,2861328125;;relu;;;256;;72,0;True;normalizer;0,001228297974161267;2631;17786;5269;vanilla;0,15922136540363732;13;13,0;29,0;23,0;22,0;;False;5;sgd;minmax
1805;2024-05-12 03:29:59.646755;0,251953125;;relu;;;256;;10,0;True;maxabs;0,8565841558312965;2631;17786;5269;vanilla;0,0011815727614075111;11;3,0;27,0;26,0;;;False;4;sgd;minmax
1806;2024-05-12 03:30:35.811986;0,531054675579071;;relu;;;256;;70,0;True;normalizer;0,665746300486855;2631;17786;5269;vanilla;0,0032945990927373734;27;23,0;23,0;25,0;16,0;;False;5;sgd;minmax
1807;2024-05-12 03:31:13.744068;0,4619140625;;selu;;;256;0,1325007208254512;85,0;True;normalizer;0,0011235892045705995;2631;17786;5269;dropout;0,024233219783087786;28;12,0;30,0;24,0;21,0;;False;5;sgd;minmax
1808;2024-05-12 03:31:46.319041;0,4596036672592163;;relu;;;64;;78,0;True;normalizer;0,03069276667671778;2631;17786;5269;vanilla;0,0037332944814699857;12;14,0;20,0;21,0;;;False;4;sgd;maxabs
1809;2024-05-12 03:32:58.271879;0,529492199420929;;relu;;;512;;81,0;True;normalizer;0,08526775113938974;2631;17786;5269;vanilla;0,02644499057223542;11;4,0;27,0;23,0;25,0;;False;5;sgd;minmax
1810;2024-05-12 03:33:41.602455;0,4619140625;;relu;;;256;0,2252885000303843;83,0;True;normalizer;0,001905044381905568;2631;17786;5269;dropout;0,515704982024777;26;3,0;25,0;;;;False;3;sgd;minmax
1811;2024-05-12 03:34:12.991890;0,533398449420929;;relu;;;256;;76,0;True;normalizer;0,43949354013068886;2631;17786;5269;vanilla;0,01936405196442143;27;5,0;28,0;24,0;18,0;;False;5;sgd;minmax
1812;2024-05-12 03:35:16.965522;0,4619140625;;relu;;;256;;86,0;True;normalizer;0,03724622380351536;2631;17786;5269;vanilla;0,10446112193579381;10;15,0;29,0;18,0;23,0;;False;5;sgd;minmax
1813;2024-05-12 03:35:48.130930;0,5178571343421936;;relu;;;8;0,24080074339474414;80,0;True;normalizer;0,29626485371726624;2631;17786;5269;dropout;0,014573084448248478;28;13,0;29,0;22,0;;;False;4;sgd;minmax
1814;2024-05-12 03:43:40.190986;0,4619140625;;relu;;;256;;78,0;True;normalizer;0,02630640158883734;2631;17786;5269;vanilla;0,0018533853485993052;27;5,0;28,0;11,0;20,0;;False;5;sgd;minmax
1815;2024-05-12 03:44:09.343297;0,5318359136581421;;relu;;;256;;;False;;0,37060749395849185;2631;17786;5269;vanilla;0,0015629715532969766;29;16,0;27,0;10,0;8,0;;False;5;sgd;minmax
1816;2024-05-12 03:44:46.964047;0,533007800579071;;relu;;;512;;84,0;True;normalizer;0,10815778749134487;2631;17786;5269;vanilla;0,06731729697410466;10;4,0;25,0;23,0;19,0;;False;5;sgd;minmax
1817;2024-05-12 03:45:31.124278;0,4619140625;;relu;;;256;0,5231802126991243;74,0;True;normalizer;0,07361296764364358;2631;17786;5269;dropout;0,008098027043572755;28;14,0;8,0;24,0;;;False;4;sgd;minmax
1818;2024-05-12 03:46:00.765330;0,525195300579071;;selu;;;256;;82,0;True;normalizer;0,04725831024607853;2631;17786;5269;vanilla;0,004447465431534809;7;3,0;27,0;17,0;22,0;;False;5;sgd;minmax
1819;2024-05-12 03:46:36.710447;0,4619140625;;relu;0,8350276944637711;0,42682613228074046;256;;80,0;True;normalizer;0,2519067418816601;2631;17786;5269;vanilla;;13;7,0;28,0;22,0;23,0;;;5;adam;minmax
1820;2024-05-12 03:47:10.159315;0,533398449420929;;relu;;;256;0,4362485015324695;78,0;True;normalizer;0,18936350482338485;2631;17786;5269;dropout;0,005893015448794653;15;12,0;30,0;22,0;;;False;4;sgd;minmax
1821;2024-05-12 03:47:51.503574;0,5297256112098694;;relu;;;32;;76,0;True;normalizer;0,13639067869402882;2631;17786;5269;batchnorm;0,41174226871428565;21;4,0;26,0;16,0;17,0;;False;5;sgd;minmax
1822;2024-05-12 03:50:33.510199;0,40214842557907104;;relu;;;256;;3,0;True;minmax;0,47303952522650905;2631;17786;5269;vanilla;0,07735720773108054;11;15,0;29,0;21,0;20,0;;False;5;sgd;minmax
1823;2024-05-12 03:51:08.732075;0,4597264528274536;;relu;;;16;;87,0;True;normalizer;0,7415436589219617;2631;17786;5269;vanilla;0,59307308272045;25;;;;;;False;1;sgd;minmax
1824;2024-05-12 03:54:21.420071;0,4619140625;;relu;;;512;0,3650864792469928;84,0;True;normalizer;0,31276906882828565;2631;17786;5269;dropout;0,12553235204666371;12;3,0;28,0;23,0;5,0;;False;5;sgd;minmax
1825;2024-05-12 03:54:44.725615;0,4619140625;;relu;;;256;;;False;;0,38964495698600293;2631;17786;5269;vanilla;0,058799721239340866;29;14,0;28,0;24,0;;;False;4;sgd;normalizer
1826;2024-05-12 03:55:17.709814;0,4619140625;;relu;;;256;;82,0;True;normalizer;0,04365276555768714;2631;17786;5269;vanilla;0,011316527380396471;26;5,0;27,0;23,0;24,0;;False;5;sgd;minmax
1827;2024-05-12 03:55:48.587935;0,4619140625;;relu;;;256;;80,0;True;normalizer;0,05482964203770891;2631;17786;5269;vanilla;0,017403195032573027;8;13,0;30,0;25,0;;;False;4;sgd;minmax
1828;2024-05-12 03:56:17.512524;0,251953125;;relu;;;256;0,10024520766246614;9,0;True;maxabs;0,6062747781769825;2631;17786;5269;dropout;0,0023520155223669876;27;4,0;27,0;22,0;21,0;;False;5;sgd;minmax
1829;2024-05-12 03:56:49.629165;0,5267578363418579;;selu;;;256;;75,0;True;normalizer;0,15390752417409678;2631;17786;5269;vanilla;0,6545949300731284;28;17,0;29,0;11,0;22,0;;False;5;sgd;minmax
1830;2024-05-12 03:57:19.833115;0,5248047113418579;;relu;;;256;;72,0;True;normalizer;0,22438770720035106;2631;17786;5269;vanilla;0,047553046741684105;23;15,0;26,0;12,0;6,0;;False;5;sgd;minmax
1831;2024-05-12 03:57:59.510838;0,5318359136581421;;relu;;;512;0,12346985719926018;78,0;True;normalizer;0,09981850432230284;2631;17786;5269;dropout;0,18720974667904675;10;11,0;28,0;21,0;;;False;4;sgd;maxabs
1832;2024-05-12 03:58:49.554099;0,5240091681480408;;relu;;;128;;84,0;True;normalizer;0,06564316479930449;2631;17786;5269;vanilla;0,0029640270298793665;18;3,0;27,0;24,0;21,0;;False;5;sgd;minmax
1833;2024-05-12 03:59:50.166763;0,524218738079071;;relu;;;256;;81,0;True;normalizer;0,022203548681041966;2631;17786;5269;vanilla;0,8118679130719256;11;16,0;29,0;23,0;3,0;;False;5;sgd;minmax
1834;2024-05-12 04:00:41.228160;0,529492199420929;;relu;;;256;0,19317138375763032;79,0;True;normalizer;0,3652654071989841;2631;17786;5269;dropout;0,15260154530336412;28;4,0;19,0;22,0;;;False;4;sgd;minmax
1835;2024-05-12 04:01:20.088836;0,5318216681480408;;relu;;;64;;77,0;True;normalizer;0,27161710529801797;2631;17786;5269;vanilla;0,03243845146180788;27;13,0;26,0;25,0;19,0;;False;5;sgd;minmax
1836;2024-05-12 04:02:35.766621;0,530468761920929;;relu;;;256;;82,0;True;normalizer;0,4939836912649869;2631;17786;5269;vanilla;0,0012906210050982155;7;5,0;24,0;23,0;16,0;;False;5;sgd;minmax
1837;2024-05-12 04:03:12.195808;0,4619140625;;relu;0,5332951409508998;0,4976610878981819;256;;;False;;0,31726674560821994;2631;17786;5269;vanilla;;28;14,0;28,0;24,0;4,0;;;5;adam;minmax
1838;2024-05-12 04:03:42.915588;0,4619140625;;relu;;;256;0,29027334776283054;75,0;True;normalizer;0,006260393801057584;2631;17786;5269;dropout;0,3578015370318685;29;7,0;29,0;22,0;;;False;4;sgd;minmax
1839;2024-05-12 04:04:14.694576;0,4619140625;;relu;;;512;;86,0;True;normalizer;0,007558246880759005;2631;17786;5269;vanilla;0,007000009690275881;8;3,0;28,0;21,0;7,0;;False;5;sgd;minmax
1840;2024-05-12 04:04:41.431984;0,5308593511581421;;selu;;;256;;80,0;True;normalizer;0,4189951696554847;2631;17786;5269;vanilla;0,09262850378332488;12;4,0;27,0;23,0;;;False;4;sgd;minmax
1841;2024-05-12 04:05:13.012361;0,4619140625;;relu;;;256;0,1654386235634282;84,0;True;normalizer;0,018188914604374964;2631;17786;5269;dropout;0,3142958940250158;27;6,0;27,0;24,0;17,0;;False;5;sgd;minmax
1842;2024-05-12 04:05:44.545081;0,5292553305625916;;relu;;;8;;77,0;True;normalizer;0,011067439870041053;2631;17786;5269;vanilla;0,008321287497018133;11;5,0;23,0;23,0;22,0;;False;5;sgd;minmax
1843;2024-05-12 04:15:00.105586;0,49296873807907104;;relu;;;256;;70,0;True;normalizer;0,006309522608037359;2631;17786;5269;batchnorm;0,004779192206105021;29;14,0;30,0;19,0;18,0;;False;5;sgd;minmax
1844;2024-05-12 04:15:46.285323;0,5337890386581421;;relu;;;256;;73,0;True;normalizer;0,3507685198728173;2631;17786;5269;vanilla;0,04369217854403719;26;15,0;28,0;12,0;;;False;4;sgd;minmax
1845;2024-05-12 04:16:23.691426;0,251953125;;relu;;;256;0,20625985992551188;8,0;True;minmax;0,0036021047564219907;2631;17786;5269;dropout;0,011829793020314647;28;13,0;3,0;23,0;23,0;;False;5;sgd;minmax
1846;2024-05-12 04:16:54.450468;0,4619140625;;relu;;;256;;82,0;True;normalizer;0,001350325442020772;2631;17786;5269;vanilla;0,02220585267417945;10;9,0;;;;;False;2;sgd;normalizer
1847;2024-05-12 04:17:22.723949;0,4619140625;;relu;;;256;;80,0;True;normalizer;0,02950147560657903;2631;17786;5269;vanilla;0,1141397080782231;27;3,0;25,0;25,0;24,0;;False;5;sgd;minmax
1848;2024-05-12 04:17:53.211361;0,4619140625;;relu;;;512;;;False;;0,016445274023618495;2631;17786;5269;vanilla;0,014754442064356173;13;12,0;27,0;22,0;21,0;;False;5;sgd;minmax
1849;2024-05-12 04:18:15.754586;0,5252659320831299;;relu;;;16;0,14112893131724832;87,0;True;normalizer;0,002250472433667295;2631;17786;5269;dropout;0,2041226333029272;28;16,0;26,0;24,0;;;False;4;sgd;minmax
1850;2024-05-12 04:25:29.093471;0,251953125;;relu;;;256;;8,0;True;maxabs;0,5500712604334597;2631;17786;5269;vanilla;0,00967469586702477;27;14,0;29,0;21,0;26,0;;False;5;sgd;minmax
1851;2024-05-12 04:25:59.975478;0,5277343988418579;;selu;;;256;;79,0;True;normalizer;0,23173878498528558;2631;17786;5269;vanilla;0,0037921532515903084;7;4,0;28,0;23,0;;;False;4;sgd;maxabs
1852;2024-05-12 04:26:37.966346;0,5322265625;;relu;;;256;0,2715653485807202;76,0;True;normalizer;0,1788899981163631;2631;17786;5269;dropout;0,02617309164785064;29;4,0;30,0;14,0;19,0;;False;5;sgd;minmax
1853;2024-05-12 04:27:33.166586;0,527629554271698;;relu;;;32;;67,0;True;normalizer;0,12074578727638624;2631;17786;5269;vanilla;0,1660897611931581;8;3,0;29,0;12,0;20,0;;False;5;sgd;minmax
1854;2024-05-12 04:29:40.152427;0,2861328125;;relu;;;256;;85,0;True;normalizer;0,0019412232597466543;2631;17786;5269;vanilla;0,0018942103749595637;10;6,0;26,0;22,0;5,0;;False;5;sgd;minmax
1855;2024-05-12 04:30:09.242518;0,5298827886581421;;relu;0,13137362647164835;0,6023742394813854;256;0,15213792258918063;82,0;True;normalizer;0,0026251676818633144;2631;17786;5269;dropout;;12;15,0;27,0;24,0;;;;4;adam;minmax
1856;2024-05-12 04:30:40.446699;0,4619140625;;relu;;;512;;78,0;True;normalizer;0,015394997090851325;2631;17786;5269;vanilla;0,06729854312724745;24;17,0;28,0;23,0;22,0;;False;5;sgd;minmax
1857;2024-05-12 04:31:02.646805;0,4619140625;;relu;;;256;;83,0;True;normalizer;0,0513089891099747;2631;17786;5269;vanilla;0,054505067910257964;29;5,0;21,0;26,0;6,0;;False;5;sgd;minmax
1858;2024-05-12 04:31:35.641561;0,532031238079071;;relu;;;256;;75,0;True;normalizer;0,2824924181808956;2631;17786;5269;vanilla;0,22979316925861326;11;8,0;29,0;11,0;;;False;4;sgd;minmax
1859;2024-05-12 04:32:09.610957;0,4619140625;;relu;;;256;0,1742430229328178;;False;;0,03748557919107787;2631;17786;5269;dropout;0,0011446829549285626;28;13,0;18,0;13,0;8,0;;False;5;sgd;minmax
1860;2024-05-12 04:32:39.296830;0,5248047113418579;;relu;;;256;;79,0;True;normalizer;0,4381726218607979;2631;17786;5269;vanilla;0,4490408354634222;26;3,0;27,0;22,0;15,0;;False;5;sgd;minmax
1861;2024-05-12 04:33:18.171833;0,5308688879013062;;relu;;;128;;81,0;True;normalizer;0,8602028989073985;2631;17786;5269;vanilla;0,016100801630375482;27;14,0;28,0;22,0;;;False;4;sgd;minmax
1862;2024-05-12 04:34:01.520325;0,53125;;relu;;;256;0,11382450915178742;85,0;True;normalizer;0,07964890904907233;2631;17786;5269;dropout;0,08248062181075612;28;4,0;25,0;24,0;25,0;;False;5;sgd;minmax
1863;2024-05-12 04:34:56.778894;0,4619140625;;relu;;;512;;26,0;True;normalizer;0,09106147510505688;2631;17786;5269;vanilla;0,0015817366615319423;10;6,0;26,0;27,0;23,0;;False;5;sgd;minmax
1864;2024-05-12 04:35:20.254977;0,5179687738418579;;relu;;;256;;77,0;True;normalizer;0,3366851486228727;2631;17786;5269;batchnorm;0,005739137668458915;8;5,0;28,0;23,0;17,0;;False;5;sgd;minmax
1865;2024-05-12 04:35:57.263849;0,532031238079071;;selu;;;256;;74,0;True;normalizer;0,06104970298980362;2631;17786;5269;vanilla;0,2788109645805269;9;3,0;9,0;;;;False;3;sgd;minmax
1866;2024-05-12 04:36:26.179491;0,4596036672592163;;relu;;;64;0,2522735014425695;83,0;True;normalizer;0,0015481928433763218;2631;17786;5269;dropout;0,013039689641194813;28;7,0;24,0;25,0;;;False;4;sgd;minmax
1867;2024-05-12 04:37:48.571232;0,5267578363418579;;relu;;;256;;88,0;True;normalizer;0,16224362444255866;2631;17786;5269;vanilla;0,03565615369539202;27;12,0;29,0;21,0;21,0;;False;5;sgd;minmax
1868;2024-05-12 04:38:27.612011;0,251953125;;relu;;;256;;9,0;True;minmax;0,13461205183613584;2631;17786;5269;vanilla;0,019910192179151336;11;4,0;27,0;24,0;18,0;;False;5;sgd;normalizer
1869;2024-05-12 04:39:01.159103;0,530078113079071;;relu;;;256;0,3075798071497277;81,0;True;normalizer;0,6366288775983943;2631;17786;5269;dropout;0,00261508860252829;12;13,0;26,0;23,0;20,0;;False;5;sgd;minmax
1870;2024-05-12 04:39:36.859729;0,529492199420929;;relu;;;256;;;False;;0,3944138313609282;2631;17786;5269;vanilla;0,38984806070729927;29;15,0;30,0;22,0;;;False;4;sgd;minmax
1871;2024-05-12 04:40:07.463845;0,53125;;relu;;;512;;78,0;True;normalizer;0,2550874184171848;2631;17786;5269;vanilla;0,0033063570401986792;13;16,0;27,0;23,0;5,0;;False;5;sgd;minmax
1872;2024-05-12 04:40:48.980625;0,4619140625;;relu;;;256;;80,0;True;normalizer;0,021052235040926424;2631;17786;5269;vanilla;0,18596415031558575;28;5,0;28,0;12,0;22,0;;False;5;sgd;minmax
1873;2024-05-12 04:41:18.173226;0,5264057517051697;;selu;;;8;0,33305970518924305;85,0;True;normalizer;0,19801339869987689;2631;17786;5269;dropout;0,007539671798408051;10;14,0;29,0;14,0;;;False;4;sgd;maxabs
1874;2024-05-12 04:48:59.190226;0,5328124761581421;;relu;;;256;;73,0;True;normalizer;0,4578170852678029;2631;17786;5269;vanilla;0,332498573963003;27;3,0;28,0;13,0;16,0;;False;5;sgd;minmax
1875;2024-05-12 04:49:41.215146;0,4619140625;;relu;0,5530337609411987;0,6445753620101261;256;;6,0;True;maxabs;0,040758338588885105;2631;17786;5269;vanilla;;9;24,0;27,0;24,0;4,0;;;5;adam;minmax
1876;2024-05-12 04:50:11.501284;0,533398449420929;;relu;;;256;0,1349351849491247;83,0;True;normalizer;0,7571296452281803;2631;17786;5269;dropout;0,009057021184346481;29;4,0;30,0;22,0;;;False;4;sgd;minmax
1877;2024-05-12 04:50:43.971470;0,4619140625;;relu;;;256;;77,0;True;normalizer;0,008511814376183677;2631;17786;5269;vanilla;0,23986139530511086;8;15,0;26,0;11,0;23,0;;False;5;sgd;minmax
1878;2024-05-12 04:51:16.894361;0,5321048498153687;;relu;;;16;;79,0;True;normalizer;0,2939068369136348;2631;17786;5269;vanilla;0,14164296371007418;16;5,0;28,0;23,0;19,0;;False;5;sgd;minmax
1879;2024-05-12 04:56:56.958263;0,5316406488418579;;relu;;;512;0,2194851259619009;76,0;True;normalizer;0,353590345085483;2631;17786;5269;dropout;0,002279684798717333;26;14,0;29,0;25,0;;;False;4;sgd;minmax
1880;2024-05-12 04:57:34.486329;0,5322265625;;relu;;;256;;81,0;True;normalizer;0,5183271856393261;2631;17786;5269;vanilla;0,600803452292082;28;7,0;27,0;21,0;7,0;;False;5;sgd;minmax
1881;2024-05-12 04:58:08.792358;0,5306640863418579;;relu;;;256;;86,0;True;normalizer;0,21297105857548612;2631;17786;5269;vanilla;0,010379187597035844;11;6,0;29,0;22,0;24,0;;False;5;sgd;minmax
1882;2024-05-12 04:58:58.182789;0,5308688879013062;;relu;;;32;;;False;;0,07149382652888281;2631;17786;5269;vanilla;0,09934398868960279;7;3,0;28,0;23,0;21,0;;False;5;sgd;minmax
1883;2024-05-12 05:01:04.744499;0,5298827886581421;;relu;;;256;0,23591304978984817;28,0;True;normalizer;0,3230714130386394;2631;17786;5269;dropout;0,005438658544264486;12;4,0;27,0;24,0;;;False;4;sgd;minmax
1884;2024-05-12 05:01:50.829094;0,5249999761581421;;selu;;;256;;83,0;True;normalizer;0,04618247492353613;2631;17786;5269;vanilla;0,0014498541755623706;27;13,0;25,0;25,0;20,0;;False;5;sgd;minmax
1885;2024-05-12 05:02:23.389936;0,5296875238418579;;relu;;;256;;75,0;True;normalizer;0,4008493023844026;2631;17786;5269;vanilla;0,0041631677746701455;10;4,0;29,0;12,0;3,0;;False;5;sgd;minmax
1886;2024-05-12 05:03:12.887540;0,4789062440395355;;relu;;;256;;71,0;True;normalizer;0,002304775049117505;2631;17786;5269;batchnorm;0,2780442819810452;28;17,0;26,0;13,0;;;False;4;sgd;minmax
1887;2024-05-12 05:04:24.996843;0,5279296636581421;;relu;;;512;0,18488723358776307;79,0;True;normalizer;0,05547726022320927;2631;17786;5269;dropout;0,7580281713036804;14;16,0;28,0;21,0;22,0;;False;5;sgd;minmax
1888;2024-05-12 05:05:07.362625;0,532421886920929;;relu;;;256;;81,0;True;normalizer;0,14557092070346797;2631;17786;5269;vanilla;0,11658404395099693;25;14,0;30,0;24,0;20,0;;False;5;sgd;minmax
1889;2024-05-12 05:05:51.746812;0,533007800579071;;relu;;;256;;83,0;True;normalizer;0,9872815840798309;2631;17786;5269;vanilla;0,029289044552435018;29;10,0;27,0;23,0;;;False;4;sgd;minmax
1890;2024-05-12 05:06:22.866202;0,4596036672592163;;relu;;;128;0,15707370211472677;78,0;True;normalizer;0,013113588231310761;2631;17786;5269;dropout;0,006767497539433861;9;3,0;;;;;False;2;sgd;normalizer
1891;2024-05-12 05:07:06.791978;0,4619140625;;relu;;;256;;87,0;True;normalizer;0,02708485871257085;2631;17786;5269;vanilla;0,07745268296066053;27;12,0;22,0;26,0;27,0;;False;5;sgd;minmax
1892;2024-05-12 05:07:41.191999;0,37324219942092896;;relu;;;256;;7,0;True;minmax;0,10666139253634947;2631;17786;5269;vanilla;0,0011985927969357685;26;13,0;26,0;;;;False;3;sgd;minmax
1893;2024-05-12 05:08:21.611165;0,53125;;relu;;;256;;;False;;0,5519976922277198;2631;17786;5269;vanilla;0,05917232394318396;11;15,0;28,0;22,0;19,0;;False;5;sgd;minmax
1894;2024-05-12 05:08:57.639404;0,4596036672592163;;relu;0,5105005021901573;0,8146989305914633;64;0,199801291059941;13,0;True;normalizer;0,17514621768164557;2631;17786;5269;dropout;;28;5,0;27,0;14,0;6,0;;;5;adam;minmax
1895;2024-05-12 05:10:19.435858;0,5234375;;selu;;;256;;80,0;True;normalizer;0,003001688436272243;2631;17786;5269;vanilla;0,5088280425744242;8;11,0;25,0;10,0;;;False;4;sgd;maxabs
1896;2024-05-12 05:10:58.744465;0,251953125;;relu;;;512;;4,0;True;maxabs;0,24982452680632244;2631;17786;5269;vanilla;0,2073212474454198;29;3,0;29,0;24,0;17,0;;False;5;sgd;minmax
1897;2024-05-12 05:11:21.659660;0,4619140625;;relu;;;256;0,37928506301979825;74,0;True;normalizer;0,004367027667422281;2631;17786;5269;dropout;0,017240768440672113;12;14,0;30,0;22,0;;;False;4;sgd;minmax
1898;2024-05-12 05:11:57.050797;0,530468761920929;;relu;;;256;;76,0;True;normalizer;0,46122832675566466;2631;17786;5269;vanilla;0,0010022838281490223;7;4,0;29,0;23,0;21,0;;False;5;sgd;minmax
1899;2024-05-12 05:12:28.247655;0,5328647494316101;;relu;;;8;;84,0;True;normalizer;0,2977947071031413;2631;17786;5269;vanilla;0,012739805929004705;10;8,0;28,0;19,0;18,0;;False;5;sgd;minmax
1900;2024-05-12 05:23:38.165441;0,5298827886581421;;relu;;;256;0,12411221661156427;82,0;True;normalizer;0,6618781408702848;2631;17786;5269;dropout;0,36711269960279097;9;5,0;27,0;21,0;15,0;;False;5;sgd;minmax
1901;2024-05-12 05:24:16.765905;0,5326172113418579;;relu;;;256;;78,0;True;normalizer;0,3863477237058361;2631;17786;5269;vanilla;0,03811415037711539;28;18,0;26,0;23,0;;;False;4;sgd;minmax
1902;2024-05-12 05:24:51.150348;0,5316406488418579;;relu;;;256;;72,0;True;normalizer;0,35312694487336477;2631;17786;5269;vanilla;0,048250472047210294;27;6,0;27,0;24,0;23,0;;False;5;sgd;minmax
1903;2024-05-12 05:25:28.724149;0,4619140625;;relu;;;512;;85,0;True;normalizer;0,1268776369055696;2631;17786;5269;vanilla;0,14765697516791673;11;3,0;28,0;13,0;5,0;;False;5;sgd;minmax
1904;2024-05-12 05:25:50.425654;0,4619140625;;relu;;;256;0,40492528332747524;;False;;0,06503068388518854;2631;17786;5269;dropout;0,002012596658332167;20;13,0;29,0;25,0;22,0;;False;5;sgd;minmax
1905;2024-05-12 05:26:21.801452;0,4619140625;;relu;;;256;;56,0;True;normalizer;0,0057197070907597895;2631;17786;5269;vanilla;0,021950436757083577;28;16,0;26,0;22,0;;;False;4;sgd;minmax
1906;2024-05-12 05:26:57.865095;0,4619140625;;relu;;;256;;69,0;True;normalizer;0,03338577071803644;2631;17786;5269;vanilla;0,015164929173098758;27;15,0;28,0;12,0;24,0;;False;5;sgd;minmax
1907;2024-05-12 05:27:27.566822;0,529492199420929;;selu;;;256;0,575767068386174;65,0;True;normalizer;0,21465801570007031;2631;17786;5269;dropout;0,173592224472091;26;4,0;29,0;15,0;21,0;;False;5;sgd;minmax
1908;2024-05-12 05:28:11.169097;0,5277355909347534;;relu;;;16;;80,0;True;normalizer;0,08661825647345803;2631;17786;5269;vanilla;0,31805353702188544;10;6,0;27,0;23,0;25,0;;False;5;sgd;minmax
1909;2024-05-12 05:32:31.156738;0,5299161672592163;;relu;;;32;;77,0;True;normalizer;0,4645430743062636;2631;17786;5269;batchnorm;0,0017110643188783265;30;5,0;28,0;18,0;;;False;4;sgd;minmax
1910;2024-05-12 05:35:07.703575;0,532031238079071;;relu;;;256;;82,0;True;normalizer;0,2586714854878152;2631;17786;5269;vanilla;0,23305107612460624;8;15,0;30,0;22,0;16,0;;False;5;sgd;minmax
1911;2024-05-12 05:35:46.629217;0,5316406488418579;;relu;0,32239507728913086;0,8600773709604609;256;0,26409449678747854;88,0;True;normalizer;0,024415581875207613;2631;17786;5269;dropout;;29;14,0;27,0;;;;;3;adam;minmax
1912;2024-05-12 05:36:20.278386;0,4619140625;;relu;;;512;;80,0;True;normalizer;0,5937206495029643;2631;17786;5269;vanilla;0,008276071599944562;13;12,0;29,0;24,0;;;False;4;sgd;normalizer
1913;2024-05-12 05:36:42.288079;0,5341796875;;relu;;;256;;75,0;True;normalizer;0,41773356855935556;2631;17786;5269;vanilla;0,0013007987706950943;28;4,0;11,0;17,0;22,0;;False;5;sgd;minmax
1914;2024-05-12 05:37:19.614648;0,423828125;;relu;;;256;;8,0;True;minmax;0,3292529736063564;2631;17786;5269;vanilla;0,09286557704110836;11;3,0;28,0;16,0;23,0;;False;5;sgd;minmax
1915;2024-05-12 05:38:05.479159;0,4619140625;;relu;;;256;0,3250674805442232;84,0;True;normalizer;0,010809219132368236;2631;17786;5269;dropout;0,004951490496543493;27;13,0;26,0;23,0;4,0;;False;5;sgd;minmax
1916;2024-05-12 05:38:43.465242;0,531054675579071;;relu;;;256;;;False;;0,16904163569145364;2631;17786;5269;vanilla;0,01950404630116239;9;4,0;4,0;13,0;;;False;4;sgd;minmax
1917;2024-05-12 05:39:19.950204;0,5248047113418579;;selu;;;256;;78,0;True;normalizer;0,051310235561922816;2631;17786;5269;vanilla;0,003086174631621242;28;5,0;27,0;14,0;20,0;;False;5;sgd;maxabs
1918;2024-05-12 05:40:01.225545;0,5266768336296082;;relu;;;128;0,11202084997375863;82,0;True;normalizer;0,09764475346250263;2631;17786;5269;dropout;0,06920302923671696;29;14,0;30,0;21,0;;;False;4;sgd;minmax
1919;2024-05-12 05:41:01.202430;0,4619140625;;relu;;;512;;9,0;True;maxabs;0,03464421420697906;2631;17786;5269;vanilla;0,25677851024145365;12;7,0;8,0;22,0;6,0;;False;5;sgd;minmax
1920;2024-05-12 05:41:22.367601;0,5347656011581421;;relu;;;256;;79,0;True;normalizer;0,28090611117409897;2631;17786;5269;vanilla;0,4268931016748572;10;3,0;28,0;24,0;18,0;;False;5;sgd;minmax
1921;2024-05-12 05:41:53.680799;0,527539074420929;;relu;;;256;0,5012971808002857;76,0;True;normalizer;0,521588869350577;2631;17786;5269;dropout;0,19787154473520066;27;5,0;25,0;25,0;21,0;;False;5;sgd;minmax
1922;2024-05-12 05:42:54.058727;0,5308688879013062;;relu;;;64;;73,0;True;normalizer;0,040817168305385086;2631;17786;5269;vanilla;0,04238468949378541;7;15,0;29,0;12,0;5,0;;False;5;sgd;minmax
1923;2024-05-12 05:44:12.430260;0,532421886920929;;relu;;;256;;86,0;True;normalizer;0,7245665491696698;2631;17786;5269;vanilla;0,001003005673783939;25;17,0;27,0;11,0;;;False;4;sgd;minmax
1924;2024-05-12 05:44:55.181754;0,4619140625;;relu;;;256;;81,0;True;normalizer;0,0010300380520555255;2631;17786;5269;vanilla;0,03061937331705183;8;4,0;20,0;23,0;23,0;;False;5;sgd;minmax
1925;2024-05-12 05:45:24.094813;0,533398449420929;;relu;;;256;0,3514296304942185;84,0;True;normalizer;0,3934684482003918;2631;17786;5269;dropout;0,006207774897992078;26;6,0;26,0;24,0;;;False;4;sgd;minmax
1926;2024-05-12 05:46:03.962802;0,4619140625;;relu;;;256;;77,0;True;normalizer;0,06763001377548468;2631;17786;5269;vanilla;0,010440705376875773;28;16,0;5,0;23,0;4,0;;False;5;sgd;minmax
1927;2024-05-12 05:46:39.868861;0,4619140625;;relu;;;512;;;False;;0,1972182378854071;2631;17786;5269;vanilla;0,0037020137630347154;9;3,0;28,0;14,0;26,0;;False;5;sgd;minmax
1928;2024-05-12 05:47:08.689864;0,5292553305625916;;selu;;;8;0,17418654896984923;53,0;True;normalizer;0,0020799403970786245;2631;17786;5269;dropout;0,024394608190042136;29;13,0;27,0;22,0;;;False;4;sgd;minmax
1929;2024-05-12 05:56:36.762084;0,530078113079071;;relu;;;256;;79,0;True;normalizer;0,07978421933162035;2631;17786;5269;vanilla;0,3022845527692229;27;4,0;28,0;21,0;30,0;;False;5;sgd;minmax
1930;2024-05-12 05:57:35.246750;0,4619140625;;relu;0,4350217649679103;0,09547966280365544;256;;82,0;True;normalizer;0,11976666670029494;2631;17786;5269;batchnorm;;11;14,0;30,0;13,0;16,0;;;5;adam;minmax
1931;2024-05-12 05:58:33.956872;0,4619140625;;relu;;;256;;74,0;True;normalizer;0,00458201507629701;2631;17786;5269;vanilla;0,12092051135273736;29;3,0;29,0;11,0;19,0;;False;5;sgd;minmax
1932;2024-05-12 05:59:24.998869;0,53125;;relu;;;256;0,4664978356448803;81,0;True;normalizer;0,32017847637922114;2631;17786;5269;dropout;0,5102432871143857;8;6,0;26,0;23,0;8,0;;False;5;sgd;minmax
1933;2024-05-12 06:00:29.654919;0,520703136920929;;relu;;;256;;84,0;True;normalizer;0,046121317381478705;2631;17786;5269;vanilla;0,9042028291051383;28;12,0;27,0;22,0;;;False;4;sgd;minmax
1934;2024-05-12 06:01:20.645909;0,4619140625;;relu;;;256;;77,0;True;normalizer;0,004208083597351833;2631;17786;5269;vanilla;0,013765751067715954;12;7,0;28,0;24,0;7,0;;False;5;sgd;normalizer
1935;2024-05-12 06:02:25.063524;0,533203125;;relu;;;512;;60,0;True;normalizer;0,15745824970184205;2631;17786;5269;vanilla;0,6772281614764233;30;13,0;29,0;25,0;;;False;4;sgd;minmax
1936;2024-05-12 06:03:23.454094;0,4619140625;;relu;;;256;0,14278536948223983;80,0;True;normalizer;0,0573545472301728;2631;17786;5269;dropout;0,063224286863005;28;4,0;28,0;26,0;22,0;;False;5;sgd;minmax
1937;2024-05-12 06:04:08.138846;0,2520896792411804;;relu;;;16;;7,0;True;minmax;0,840255473505251;2631;17786;5269;vanilla;0,08322409565271732;9;14,0;27,0;23,0;15,0;;False;5;sgd;minmax
1938;2024-05-12 06:07:32.770940;0,533203125;;relu;;;256;;88,0;True;normalizer;0,236708570176314;2631;17786;5269;vanilla;0,13632479534995243;10;15,0;26,0;22,0;17,0;;False;5;sgd;minmax
1939;2024-05-12 06:08:51.597490;0,5302972793579102;;selu;;;32;0,2088054322848375;;False;;0,36368987176861506;2631;17786;5269;dropout;0,05291668503255223;27;16,0;25,0;24,0;;;False;4;sgd;minmax
1940;2024-05-12 06:11:12.027343;0,525585949420929;;relu;;;256;;79,0;True;normalizer;0,4934291876091277;2631;17786;5269;vanilla;0,009312313928930064;29;5,0;29,0;12,0;22,0;;False;5;sgd;minmax
1941;2024-05-12 06:12:20.658980;0,4619140625;;relu;;;256;;86,0;True;normalizer;0,013136586343772771;2631;17786;5269;vanilla;0,17008932386727044;13;3,0;27,0;;;;False;3;sgd;maxabs
1942;2024-05-12 06:13:08.375794;0,5328124761581421;;leaky_relu;;;256;0,16298822561024873;83,0;True;normalizer;0,42580533494144257;2631;17786;5269;dropout;0,011821055159300162;7;4,0;28,0;13,0;24,0;0,01007962640730745;False;5;sgd;minmax
1943;2024-05-12 06:13:49.840804;0,251953125;;relu;;;512;;9,0;True;maxabs;0,002924562579124405;2631;17786;5269;vanilla;0,0027584185502749527;27;6,0;28,0;23,0;20,0;;False;5;sgd;minmax
1944;2024-05-12 06:14:14.406231;0,530078113079071;;relu;;;256;;75,0;True;normalizer;0,29438360875614616;2631;17786;5269;vanilla;0,26099239760914744;11;14,0;29,0;21,0;;;False;4;sgd;minmax
1945;2024-05-12 06:14:49.160076;0,5347656011581421;;relu;;;256;;77,0;True;normalizer;0,6076780644388362;2631;17786;5269;vanilla;0,3650369043586119;28;5,0;26,0;15,0;;;False;4;sgd;minmax
1946;2024-05-12 06:15:26.286086;0,5306640863418579;;relu;;;256;0,28626198038603395;72,0;True;normalizer;0,1395355234062989;2631;17786;5269;dropout;0,22092572920278025;26;13,0;30,0;23,0;21,0;;False;5;sgd;minmax
1947;2024-05-12 06:16:29.749890;0,536328136920929;;relu;;;256;;81,0;True;normalizer;0,3345773938056116;2631;17786;5269;vanilla;0,018254379467721158;10;3,0;27,0;24,0;6,0;;False;5;sgd;minmax
1948;2024-05-12 06:17:22.550157;0,4619140625;;relu;;;256;;85,0;True;normalizer;0,00830340129016216;2631;17786;5269;vanilla;0,0014910175116602837;10;15,0;26,0;25,0;29,0;;False;5;sgd;minmax
1949;2024-05-12 06:17:56.758573;0,4619140625;;relu;0,5776963540770628;0,06893431682917783;256;0,22624469213192683;;False;;0,2362511520846407;2631;17786;5269;dropout;;10;4,0;27,0;25,0;19,0;;;5;adam;minmax
1950;2024-05-12 06:18:34.296010;0,5283203125;;leaky_relu;;;256;;84,0;True;normalizer;0,27008350757018523;2631;17786;5269;vanilla;0,19021895639156816;10;14,0;27,0;26,0;;0,07681066346301718;False;4;sgd;minmax
1951;2024-05-12 06:19:07.928575;0,529296875;;relu;;;256;;82,0;True;normalizer;0,20015092162098416;2631;17786;5269;vanilla;0,0018429980074050284;10;8,0;26,0;25,0;15,0;;False;5;sgd;minmax
1952;2024-05-12 06:19:53.984538;0,530078113079071;;relu;;;256;;82,0;True;normalizer;0,4284824575295106;2631;17786;5269;batchnorm;0,0011633777585303817;10;3,0;27,0;25,0;6,0;;False;5;sgd;minmax
1953;2024-05-12 06:20:33.814205;0,5199218988418579;;selu;;;256;0,1879277528394288;86,0;True;normalizer;0,013425645374121574;2631;17786;5269;dropout;0,02713929329153249;9;9,0;;;;;True;2;sgd;minmax
1954;2024-05-12 06:21:16.119600;0,533398449420929;;relu;;;256;;83,0;True;normalizer;0,3808454119505434;2631;17786;5269;vanilla;0,0023102708709929324;10;16,0;26,0;24,0;;;False;4;sgd;minmax
1955;2024-05-12 06:21:50.761831;0,4619140625;;relu;;;256;;81,0;True;normalizer;0,07193508174218538;2631;17786;5269;vanilla;0,07321963339217685;11;13,0;27,0;24,0;18,0;;False;5;sgd;normalizer
1956;2024-05-12 06:22:24.773387;0,527539074420929;;relu;;;256;;89,0;True;normalizer;0,10224513986541896;2631;17786;5269;vanilla;0,10731207088922627;10;5,0;24,0;25,0;20,0;;False;5;sgd;minmax
1957;2024-05-12 06:23:24.819066;0,4619140625;;relu;;;256;0,1320695016026489;84,0;True;normalizer;0,02943148770810363;2631;17786;5269;dropout;0,020082326687272254;9;18,0;26,0;25,0;17,0;;False;5;sgd;minmax
1958;2024-05-12 06:23:56.119595;0,525195300579071;;relu;;;256;;86,0;True;normalizer;0,3179764683591314;2631;17786;5269;vanilla;0,2942447376650008;11;12,0;27,0;24,0;;;False;4;sgd;minmax
1959;2024-05-12 06:24:27.827234;0,5337890386581421;;leaky_relu;;;256;;81,0;True;normalizer;0,4964218613797612;2631;17786;5269;vanilla;0,15458576477607508;10;4,0;27,0;25,0;28,0;0,08182397879229691;False;5;sgd;minmax
1960;2024-05-12 06:25:19.848895;0,525390625;;relu;;;256;0,1010762602762829;;False;;0,17893726919068223;2631;17786;5269;dropout;0,23557129131656143;9;15,0;27,0;24,0;;;False;4;sgd;minmax
1961;2024-05-12 06:26:06.156014;0,5328124761581421;;relu;;;256;;83,0;True;normalizer;0,05857860565703868;2631;17786;5269;vanilla;0,4150374135477451;11;6,0;25,0;18,0;3,0;;True;5;sgd;maxabs
1962;2024-05-12 06:27:04.770836;0,3671875;;relu;;;256;;1,0;True;minmax;0,6701844357939559;2631;17786;5269;vanilla;0,034555874073006046;10;23,0;26,0;24,0;23,0;;False;5;sgd;minmax
1963;2024-05-12 06:28:02.356230;0,4619140625;;relu;;;256;0,5555824849463951;85,0;True;normalizer;0,0463080418063806;2631;17786;5269;dropout;0,3373442401768316;9;3,0;27,0;10,0;22,0;;False;5;sgd;minmax
1964;2024-05-12 06:28:42.989355;0,4619140625;;relu;;;256;;80,0;True;normalizer;0,0015431961946428324;2631;17786;5269;vanilla;0,04301245526034369;11;7,0;26,0;24,0;25,0;;False;5;sgd;minmax
1965;2024-05-12 06:29:22.307627;0,527148425579071;;selu;;;256;;83,0;True;normalizer;0,018750702048930524;2631;17786;5269;vanilla;0,5601127126807222;11;11,0;26,0;26,0;;;False;4;sgd;minmax
1966;2024-05-12 06:30:03.285468;0,251953125;;relu;;;256;;8,0;True;maxabs;0,26582463557262886;2631;17786;5269;vanilla;0,10073627190145285;9;4,0;27,0;12,0;;;False;4;sgd;minmax
1967;2024-05-12 06:30:32.698806;0,4619140625;;relu;;;256;0,5305954641234072;81,0;True;normalizer;0,1495888295187601;2631;17786;5269;dropout;0,2730822006685448;10;14,0;25,0;14,0;8,0;;False;5;sgd;minmax
1968;2024-05-12 06:31:03.478254;0,4619140625;;leaky_relu;0,2280706317475214;0,3902907757188397;256;;57,0;True;normalizer;0,22135347457202792;2631;17786;5269;vanilla;;12;17,0;27,0;24,0;30,0;0,08427593333159143;;5;adam;minmax
1969;2024-05-12 06:31:41.380280;0,533984363079071;;relu;;;256;;87,0;True;normalizer;0,11376704425917693;2631;17786;5269;vanilla;0,007057627192775144;9;5,0;27,0;25,0;21,0;;False;5;sgd;minmax
1970;2024-05-12 06:32:34.782691;0,532421886920929;;relu;;;256;0,24858926687362293;80,0;True;normalizer;0,8585564029500632;2631;17786;5269;dropout;0,003435592367640595;11;3,0;26,0;13,0;16,0;;True;5;sgd;minmax
1971;2024-05-12 06:33:22.968886;0,4619140625;;relu;;;256;;83,0;True;normalizer;0,007610104560430964;2631;17786;5269;vanilla;0,017982302821425235;10;14,0;27,0;19,0;;;False;4;sgd;minmax
1972;2024-05-12 06:34:08.323779;0,530468761920929;;relu;;;256;;;False;;0,5469221721720532;2631;17786;5269;vanilla;0,0013479489835842703;10;13,0;27,0;25,0;24,0;;False;5;sgd;minmax
1973;2024-05-12 06:34:49.757289;0,4619140625;;relu;;;256;0,6576148883584575;85,0;True;normalizer;0,021981998983927095;2631;17786;5269;dropout;0,014616102428798386;8;5,0;25,0;24,0;4,0;;False;5;sgd;minmax
1974;2024-05-12 06:35:32.038211;0,4947265684604645;;relu;;;256;;82,0;True;normalizer;0,3666159355792512;2631;17786;5269;batchnorm;0,0588968242645155;11;4,0;26,0;12,0;;;False;4;sgd;minmax
1975;2024-05-12 06:36:17.963157;0,4619140625;;relu;;;256;;79,0;True;normalizer;0,9887829292871484;2631;17786;5269;vanilla;0,7501663003610873;10;16,0;27,0;14,0;21,0;;False;5;sgd;minmax
1976;2024-05-12 06:36:53.802946;0,5337890386581421;;leaky_relu;;;256;;68,0;True;normalizer;0,30675062409162657;2631;17786;5269;vanilla;0,011452828540367662;9;6,0;28,0;13,0;;0,007393242795475007;False;4;sgd;minmax
1977;2024-05-12 06:37:29.861854;0,5269531011581421;;relu;;;256;;81,0;True;normalizer;0,43825246933260265;2631;17786;5269;vanilla;0,025122953395222938;9;15,0;26,0;20,0;27,0;;False;5;sgd;minmax
1978;2024-05-12 06:38:06.044752;0,4619140625;;selu;;;256;0,5106651712313025;32,0;True;normalizer;0,05323060022828954;2631;17786;5269;dropout;0,2061629330798881;12;3,0;28,0;11,0;20,0;;True;5;sgd;normalizer
1979;2024-05-12 06:38:47.414536;0,5323932766914368;;relu;;;128;;84,0;True;normalizer;0,038456568046846;2631;17786;5269;vanilla;0,08741871682822759;8;4,0;27,0;27,0;5,0;;False;5;sgd;minmax
1980;2024-05-12 06:40:41.150795;0,4619140625;;relu;;;256;;55,0;True;normalizer;0,08392198185355088;2631;17786;5269;vanilla;0,17371890315446986;10;12,0;26,0;24,0;6,0;;False;5;sgd;minmax
1981;2024-05-12 06:41:19.569719;0,5255335569381714;;relu;;;64;0,6429188129322652;79,0;True;normalizer;0,3694446607660425;2631;17786;5269;dropout;0,4783363611221339;11;15,0;28,0;21,0;;;False;4;sgd;minmax
1982;2024-05-12 06:43:42.094774;0,5335937738418579;;relu;;;256;;87,0;True;normalizer;0,4737846802989819;2631;17786;5269;vanilla;0,13710251028347237;10;5,0;18,0;24,0;9,0;;False;5;sgd;minmax
1983;2024-05-12 06:44:17.071260;0,533007800579071;;relu;;;256;;;False;;0,7250040974984361;2631;17786;5269;vanilla;0,0225438461751594;9;7,0;27,0;14,0;19,0;;False;5;sgd;minmax
1984;2024-05-12 06:44:56.392300;0,36601561307907104;;relu;;;256;0,29958991555339587;5,0;True;minmax;0,18832635291388056;2631;17786;5269;dropout;0,032843206150734876;12;;;;;;False;1;sgd;maxabs
1985;2024-05-12 06:45:35.290339;0,5218750238418579;;leaky_relu;;;256;;82,0;True;normalizer;0,2747385675356354;2631;17786;5269;vanilla;0,0017631211411231328;8;13,0;6,0;24,0;;0,013115283968441367;False;4;sgd;minmax
1986;2024-05-12 06:46:15.760253;0,4597264528274536;;relu;0,2938673994454517;0,7742084600848216;8;;80,0;True;normalizer;0,06701465520410706;2631;17786;5269;vanilla;;17;14,0;19,0;23,0;23,0;;;5;adam;minmax
1987;2024-05-12 06:53:51.976168;0,529296875;;relu;;;256;;84,0;True;normalizer;0,02008534472363342;2631;17786;5269;vanilla;0,8764652685686701;11;3,0;28,0;16,0;22,0;;True;5;sgd;minmax
1988;2024-05-12 06:54:39.767354;0,531445324420929;;relu;;;256;0,1490858015186713;70,0;True;normalizer;0,5875592801906522;2631;17786;5269;dropout;0,008348780880223061;9;4,0;27,0;23,0;;;False;4;sgd;minmax
1989;2024-05-12 06:55:22.222545;0,251953125;;relu;;;256;;7,0;True;maxabs;0,006748213825521802;2631;17786;5269;vanilla;0,30574172891312823;10;6,0;26,0;26,0;17,0;;False;5;sgd;minmax
1990;2024-05-12 06:56:00.851657;0,531445324420929;;selu;;;256;;79,0;True;normalizer;0,3080530928264582;2631;17786;5269;vanilla;0,07538285011968547;14;3,0;28,0;22,0;25,0;;False;5;sgd;minmax
1991;2024-05-12 06:56:43.926387;0,4619140625;;relu;;;256;0,11936420910568521;82,0;True;normalizer;0,0026899093565387368;2631;17786;5269;dropout;0,005104611130807738;11;14,0;27,0;;;;False;3;sgd;minmax
1992;2024-05-12 06:57:32.129955;0,533984363079071;;relu;;;256;;89,0;True;normalizer;0,13275910656815298;2631;17786;5269;vanilla;0,23870674182776666;18;15,0;25,0;25,0;26,0;;False;5;sgd;minmax
1993;2024-05-12 06:58:24.007654;0,5292553305625916;;relu;;;16;;85,0;True;normalizer;0,16085004505231262;2631;17786;5269;vanilla;0,016091564001368363;8;17,0;9,0;11,0;;;False;4;sgd;minmax
1994;2024-05-12 07:02:08.729261;0,4619140625;;leaky_relu;;;256;0,6732460648664836;;False;;0,2315260583251153;2631;17786;5269;dropout;0,00276327587572422;12;5,0;27,0;12,0;7,0;0,002653787937737913;False;5;sgd;minmax
1995;2024-05-12 07:02:48.146087;0,5224609375;;relu;;;256;;78,0;True;normalizer;0,4010413779520212;2631;17786;5269;vanilla;0,001145582995785898;30;4,0;28,0;13,0;;;True;4;sgd;minmax
1996;2024-05-12 07:03:33.003701;0,5261051654815674;;relu;;;32;;81,0;True;normalizer;0,3375041180862789;2631;17786;5269;batchnorm;0,05188322513096905;10;5,0;28,0;24,0;21,0;;False;5;sgd;minmax
1997;2024-05-12 07:06:51.425337;0,530078113079071;;relu;;;256;;76,0;True;normalizer;0,04155821377224277;2631;17786;5269;vanilla;0,39196206955167184;7;13,0;26,0;15,0;24,0;;False;5;sgd;minmax
1998;2024-05-12 07:07:58.413868;0,4619140625;;relu;;;256;0,48131116662403234;83,0;True;normalizer;0,014082049153140028;2631;17786;5269;dropout;0,013456113321116191;12;3,0;27,0;22,0;18,0;;False;5;sgd;minmax
1999;2024-05-12 07:08:41.244192;0,4619140625;;relu;;;256;;80,0;True;normalizer;0,0012697908341506839;2631;17786;5269;vanilla;0,010108757989571235;9;16,0;28,0;21,0;;;False;4;sgd;normalizer
2000;2024-05-12 07:09:19.341147;0,528515636920929;;relu;;;256;;86,0;True;normalizer;0,48912589180299054;2631;17786;5269;vanilla;0,34869480932810254;11;12,0;26,0;23,0;16,0;;False;5;sgd;minmax
2001;2024-05-12 07:10:17.601190;0,531054675579071;;relu;;;256;;59,0;True;normalizer;0,10236476052351462;2631;17786;5269;vanilla;0,11787584135436625;9;22,0;27,0;22,0;23,0;;False;5;sgd;minmax
2002;2024-05-12 07:11:16.568214;0,4619140625;;selu;;;256;0,6944913102247112;63,0;True;normalizer;0,06166904512191345;2631;17786;5269;dropout;0,0013816155281185676;8;4,0;28,0;25,0;14,0;;False;5;sgd;minmax
2003;2024-05-12 07:11:58.558026;0,5298827886581421;;leaky_relu;;;256;;77,0;True;normalizer;0,4306903027174126;2631;17786;5269;vanilla;0,00414170541183896;10;15,0;27,0;24,0;;0,07776826246156872;True;4;sgd;minmax
2004;2024-05-12 07:12:44.678714;0,5241997241973877;;relu;;;128;;82,0;True;normalizer;0,08977272759955603;2631;17786;5269;vanilla;0,002289881980637792;11;14,0;26,0;23,0;19,0;;False;5;sgd;maxabs
2005;2024-05-12 07:14:08.828690;0,4619140625;;relu;0,605802784012261;0,11609873029983608;256;0,19665502358558679;;False;;0,12637717987248076;2631;17786;5269;dropout;;29;3,0;25,0;13,0;30,0;;;5;adam;minmax
2006;2024-05-12 07:14:41.437542;0,5302734375;;relu;;;256;;79,0;True;normalizer;0,07432450044091127;2631;17786;5269;vanilla;0,005858139812141643;9;6,0;28,0;21,0;;;False;4;sgd;minmax
2007;2024-05-12 07:15:28.932878;0,4126953184604645;;relu;;;256;;6,0;True;minmax;0,34549196795823683;2631;17786;5269;vanilla;0,6195289585410144;13;13,0;27,0;12,0;29,0;;False;5;sgd;minmax
2008;2024-05-12 07:16:12.537727;0,4596036672592163;;relu;;;64;0,6037942558742402;84,0;True;normalizer;0,031697949272307624;2631;17786;5269;dropout;0,21085989495036028;29;4,0;28,0;14,0;22,0;;False;5;sgd;minmax
2009;2024-05-12 07:17:29.108564;0,4619140625;;relu;;;256;;35,0;True;normalizer;0,025698655595282234;2631;17786;5269;vanilla;0,2711609330565719;10;7,0;27,0;23,0;;;False;4;sgd;minmax
2010;2024-05-12 07:18:07.237981;0,5296875238418579;;relu;;;256;;75,0;True;normalizer;0,2584585618554225;2631;17786;5269;vanilla;0,06711672042422029;10;14,0;21,0;;;;False;3;sgd;minmax
2011;2024-05-12 07:18:45.897037;0,529101550579071;;leaky_relu;;;256;;54,0;True;normalizer;0,8131099850998348;2631;17786;5269;vanilla;0,027464476827297208;15;5,0;26,0;24,0;20,0;0,07049363381600954;False;5;sgd;minmax
2012;2024-05-12 07:19:56.495017;0,2520896792411804;;relu;;;8;0,23391595264635434;4,0;True;maxabs;0,206092580909985;2631;17786;5269;dropout;0,037488021633055015;7;16,0;28,0;22,0;3,0;;True;5;sgd;minmax
2013;2024-05-12 07:29:28.824309;0,5298827886581421;;relu;;;256;;88,0;True;normalizer;0,05147870239154412;2631;17786;5269;vanilla;0,15777438369735097;11;3,0;28,0;24,0;;;False;4;sgd;minmax
2014;2024-05-12 07:30:15.327392;0,4619140625;;relu;;;256;;81,0;True;normalizer;0,40023339174625483;2631;17786;5269;vanilla;0,09942937901374789;30;4,0;27,0;20,0;5,0;;False;5;sgd;minmax
2015;2024-05-12 07:30:50.718719;0,531054675579071;;selu;;;256;0,44905085140030515;73,0;True;normalizer;0,5552599579570575;2631;17786;5269;dropout;0,009061595356288957;8;13,0;26,0;25,0;18,0;;False;5;sgd;minmax
2016;2024-05-12 07:31:33.200759;0,4619140625;;relu;;;256;;;False;;0,0011849318050867002;2631;17786;5269;vanilla;0,1891544548031075;12;12,0;26,0;22,0;28,0;;False;5;sgd;minmax
2017;2024-05-12 07:32:16.990050;0,4619140625;;relu;;;256;;78,0;True;normalizer;0,0017451170265191007;2631;17786;5269;vanilla;0,004396973047195282;7;6,0;28,0;23,0;;;False;4;sgd;minmax
2018;2024-05-12 07:32:56.019526;0,4908203184604645;;relu;;;256;;83,0;True;normalizer;0,001988887158247218;2631;17786;5269;batchnorm;0,012289607714907405;29;15,0;27,0;15,0;21,0;;False;5;sgd;minmax
2019;2024-05-12 07:34:48.870340;0,4597264528274536;;relu;;;16;0,5829292828832366;66,0;True;normalizer;0,296321804878887;2631;17786;5269;dropout;0,001669467910404631;11;8,0;25,0;13,0;22,0;;False;5;sgd;minmax
2020;2024-05-12 07:39:28.970420;0,531445324420929;;leaky_relu;;;256;;80,0;True;normalizer;0,17839217260406715;2631;17786;5269;vanilla;0,01873428339691367;9;3,0;28,0;23,0;20,0;0,07509399628229402;True;5;sgd;minmax
2021;2024-05-12 07:40:26.220017;0,4596036672592163;;relu;;;32;;86,0;True;normalizer;0,003557044763463008;2631;17786;5269;vanilla;0,2564342541858421;8;4,0;27,0;24,0;;;False;4;sgd;normalizer
2022;2024-05-12 07:42:07.018473;0,533398449420929;;relu;;;256;;76,0;True;normalizer;0,342969818306038;2631;17786;5269;vanilla;0,0020027550850318745;13;14,0;24,0;17,0;7,0;;False;5;sgd;minmax
2023;2024-05-12 07:42:55.382171;0,4619140625;;relu;;;256;0,5374348475761224;78,0;True;normalizer;0,006416275906748005;2631;17786;5269;dropout;0,08679384866110808;29;5,0;27,0;12,0;15,0;;False;5;sgd;minmax
2024;2024-05-12 07:43:42.734851;0,533984363079071;;relu;;;256;;71,0;True;normalizer;0,4579757457379696;2631;17786;5269;vanilla;0,46931234847728964;12;3,0;28,0;21,0;;;False;4;sgd;minmax
2025;2024-05-12 07:44:16.568879;0,4619140625;;relu;0,4856053028224463;0,369739306540114;256;;81,0;True;normalizer;0,1448297146252895;2631;17786;5269;vanilla;;10;15,0;7,0;25,0;17,0;;;5;adam;minmax
2026;2024-05-12 07:44:47.594742;0,4619140625;;relu;;;256;0,5638503008812987;84,0;True;normalizer;0,03410672560011742;2631;17786;5269;dropout;0,047359898659688725;9;10,0;11,0;22,0;23,0;;False;5;sgd;maxabs
2027;2024-05-12 07:45:19.841059;0,5341796875;;selu;;;256;;74,0;True;normalizer;0,63562282467103;2631;17786;5269;vanilla;0,3023559922265419;28;4,0;27,0;11,0;4,0;;False;5;sgd;minmax
2028;2024-05-12 07:45:59.215730;0,4619140625;;relu;;;256;;;False;;0,003587027905632133;2631;17786;5269;vanilla;0,6957837866314329;29;9,0;26,0;14,0;;;False;4;sgd;minmax
2029;2024-05-12 07:46:38.278537;0,531054675579071;;leaky_relu;;;256;0,21489377985579428;82,0;True;normalizer;0,23891090939620901;2631;17786;5269;dropout;0,007306279228365022;11;13,0;28,0;23,0;21,0;0,01695398262662403;True;5;sgd;minmax
2030;2024-05-12 07:47:35.591428;0,36604419350624084;;relu;;;128;;6,0;True;minmax;0,11241552038653298;2631;17786;5269;vanilla;0,0010034932612006783;9;17,0;10,0;10,0;;;False;4;sgd;minmax
2031;2024-05-12 07:48:31.226998;0,5267578363418579;;relu;;;256;;80,0;True;normalizer;0,29775756046898977;2631;17786;5269;vanilla;0,2293479882430985;30;28,0;23,0;24,0;19,0;;False;5;sgd;minmax
2032;2024-05-12 07:49:08.433742;0,4619140625;;relu;;;256;;51,0;True;normalizer;0,04462444575692857;2631;17786;5269;vanilla;0,015228741973239292;8;16,0;28,0;19,0;14,0;;False;5;sgd;minmax
2033;2024-05-12 07:49:43.479507;0,4596036672592163;;relu;;;64;0,17430077103375632;77,0;True;normalizer;0,0037167616707996488;2631;17786;5269;dropout;0,0013032886722426549;22;14,0;26,0;23,0;18,0;;False;5;sgd;minmax
2034;2024-05-12 07:51:06.449496;0,4619140625;;relu;;;256;;85,0;True;normalizer;0,017799147659529554;2631;17786;5269;vanilla;0,022888846400696727;10;4,0;25,0;26,0;;;False;4;sgd;minmax
2035;2024-05-12 07:51:38.766540;0,4619140625;;relu;;;256;;79,0;True;normalizer;0,06065684204988844;2631;17786;5269;vanilla;0,062498698355178704;28;18,0;27,0;13,0;22,0;;False;5;sgd;minmax
2036;2024-05-12 07:52:19.186518;0,251953125;;relu;;;256;0,6016231129727022;3,0;True;maxabs;0,5126357306605233;2631;17786;5269;dropout;0,003245675124183516;28;6,0;12,0;22,0;6,0;;False;5;sgd;minmax
2037;2024-05-12 07:53:00.552999;0,4619140625;;relu;;;256;;87,0;True;normalizer;0,001051887419512923;2631;17786;5269;vanilla;0,12282008909732764;29;5,0;28,0;24,0;;;True;4;sgd;minmax
2038;2024-05-12 07:53:39.388911;0,525195300579071;;leaky_relu;;;256;;83,0;True;normalizer;0,3766060328670504;2631;17786;5269;vanilla;0,33793259070117193;11;3,0;27,0;21,0;9,0;0,06864435282698879;False;5;sgd;minmax
2039;2024-05-12 07:54:22.802655;0,4619140625;;relu;;;256;0,6979582712686402;;False;;0,16343072086414606;2631;17786;5269;dropout;0,011222511943262611;20;13,0;29,0;;;;False;3;sgd;minmax
2040;2024-05-12 07:55:03.816068;0,4597264528274536;;selu;;;8;;76,0;True;normalizer;0,2663004390402359;2631;17786;5269;batchnorm;0,02991661844572584;12;15,0;29,0;22,0;29,0;;False;5;sgd;minmax
2041;2024-05-12 08:07:44.222660;0,4619140625;;relu;;;256;;81,0;True;normalizer;0,008914906169056972;2631;17786;5269;vanilla;0,020026115646046942;9;4,0;27,0;23,0;;;False;4;sgd;minmax
2042;2024-05-12 08:08:23.551613;0,4619140625;;relu;;;256;;78,0;True;normalizer;0,02797002702816016;2631;17786;5269;vanilla;0,18993770254570327;29;5,0;26,0;25,0;24,0;;False;5;sgd;minmax
2043;2024-05-12 08:09:01.697900;0,4619140625;;relu;;;256;;83,0;True;normalizer;0,8804672258656329;2631;17786;5269;vanilla;0,3993705376486376;28;7,0;28,0;24,0;20,0;;False;5;sgd;normalizer
2044;2024-05-12 08:09:40.948133;0,4619140625;;relu;0,8676376369056413;0,9252475149806207;256;0,49661659490717686;80,0;True;normalizer;0,4081773817421196;2631;17786;5269;dropout;;8;6,0;27,0;12,0;22,0;;;5;adam;minmax
2045;2024-05-12 08:10:17.540226;0,5263671875;;relu;;;256;;58,0;True;normalizer;0,3219709201220705;2631;17786;5269;vanilla;0,0015509644234697004;10;14,0;29,0;22,0;;;False;4;sgd;minmax
2046;2024-05-12 08:10:51.977170;0,5307750701904297;;leaky_relu;;;16;;85,0;True;normalizer;0,22198675962342365;2631;17786;5269;vanilla;0,07522174931025163;11;3,0;28,0;23,0;16,0;0,019426530439510308;True;5;sgd;minmax
2047;2024-05-12 08:14:29.127802;0,5335366129875183;;relu;;;32;0,13531374633910365;75,0;True;normalizer;0,07293334763308423;2631;17786;5269;dropout;0,041283396018795285;13;11,0;26,0;14,0;21,0;;False;5;sgd;minmax
2048;2024-05-12 08:19:53.136949;0,527539074420929;;relu;;;256;;79,0;True;normalizer;0,5701753836903093;2631;17786;5269;vanilla;0,2511204289888022;28;;;;;;False;1;sgd;minmax
2049;2024-05-12 08:20:28.746847;0,4619140625;;relu;;;256;;89,0;True;normalizer;0,08709667508628983;2631;17786;5269;vanilla;0,0026490731570600608;10;14,0;25,0;13,0;23,0;;False;5;sgd;maxabs
2050;2024-05-12 08:21:07.626765;0,4619140625;;relu;;;256;0,5121743795428523;;False;;0,048859456828798734;2631;17786;5269;dropout;0,9783919389675698;7;4,0;27,0;24,0;;;False;4;sgd;minmax
2051;2024-05-12 08:21:46.838235;0,524609386920929;;relu;;;256;;82,0;True;normalizer;0,71111164409063;2631;17786;5269;vanilla;0,006248881320624843;12;13,0;;;;;False;2;sgd;minmax
2052;2024-05-12 08:22:22.516855;0,5240234136581421;;selu;;;256;;53,0;True;normalizer;0,44070982088937893;2631;17786;5269;vanilla;0,1364948791061177;24;16,0;29,0;16,0;5,0;;False;5;sgd;minmax
2053;2024-05-12 08:23:04.306853;0,4619140625;;relu;;;256;;10,0;True;minmax;0,3620154253671647;2631;17786;5269;vanilla;0,8240544452762922;16;5,0;27,0;23,0;30,0;;False;5;sgd;minmax
2054;2024-05-12 08:23:38.022049;0,5337890386581421;;relu;;;256;0,4170406842580403;56,0;True;normalizer;0,19499486032708663;2631;17786;5269;dropout;0,013206995294109857;9;15,0;28,0;21,0;;;True;4;sgd;minmax
2055;2024-05-12 08:24:23.028520;0,5259765386581421;;leaky_relu;;;256;;73,0;True;normalizer;0,28286498897040147;2631;17786;5269;vanilla;0,0021837379241951217;29;3,0;26,0;23,0;15,0;0,010757919877451817;False;5;sgd;minmax
2056;2024-05-12 08:25:07.549339;0,4596036672592163;;relu;;;128;;77,0;True;normalizer;0,01176484881412049;2631;17786;5269;vanilla;0,0011502906279296525;28;12,0;28,0;25,0;;;False;4;sgd;minmax
2057;2024-05-12 08:26:00.369967;0,4619140625;;relu;;;256;0,16291261327691586;84,0;True;normalizer;0,14278971859001738;2631;17786;5269;dropout;0,16150431282170327;14;4,0;27,0;22,0;7,0;;False;5;sgd;minmax
2058;2024-05-12 08:26:31.306684;0,251953125;;relu;;;256;;4,0;True;maxabs;0,02446616096030639;2631;17786;5269;vanilla;0,00475021671165768;30;6,0;29,0;11,0;8,0;;False;5;sgd;minmax
2059;2024-05-12 08:27:00.676217;0,5304877758026123;;relu;;;64;;81,0;True;normalizer;0,5128063070921022;2631;17786;5269;vanilla;0,017703285749031437;10;3,0;26,0;24,0;20,0;;False;5;sgd;minmax
2060;2024-05-12 08:28:22.963840;0,4619140625;;relu;;;256;0,32099035015416666;78,0;True;normalizer;0,12356501674689727;2631;17786;5269;dropout;0,2119656281688619;28;15,0;28,0;13,0;19,0;;False;5;sgd;minmax
2061;2024-05-12 08:28:53.962626;0,526171863079071;;relu;0,7344462380642741;0,9733622752599062;256;;86,0;True;normalizer;0,010356201748049574;2631;17786;5269;vanilla;;11;13,0;24,0;22,0;;;;4;adam;minmax
2062;2024-05-12 08:29:40.737323;0,5249999761581421;;relu;;;256;;;False;;0,056224269355288396;2631;17786;5269;batchnorm;0,5295720282915632;9;5,0;30,0;20,0;6,0;;False;5;sgd;minmax
2063;2024-05-12 08:31:00.245037;0,4619140625;;leaky_relu;;;256;;75,0;True;normalizer;0,034590781655163896;2631;17786;5269;vanilla;0,10211084541040974;28;14,0;28,0;12,0;;0,07255051048743741;True;4;sgd;minmax
2064;2024-05-12 08:31:38.374090;0,4597264528274536;;relu;;;8;;69,0;True;normalizer;0,3289727575126701;2631;17786;5269;vanilla;0,0554194564249143;8;18,0;27,0;23,0;17,0;;False;5;sgd;normalizer
2065;2024-05-12 08:38:01.607403;0,531445324420929;;selu;;;256;0,36796360669669226;80,0;True;normalizer;0,7754052509688136;2631;17786;5269;dropout;0,007991846684276976;29;3,0;26,0;24,0;;;False;4;sgd;minmax
2066;2024-05-12 08:38:41.559129;0,523632824420929;;relu;;;256;;83,0;True;normalizer;0,37655620593900097;2631;17786;5269;vanilla;0,30198363982445003;7;4,0;28,0;26,0;28,0;;False;5;sgd;minmax
2067;2024-05-12 08:39:32.514699;0,533203125;;relu;;;256;;77,0;True;normalizer;0,4615379046420878;2631;17786;5269;vanilla;0,009181351912316185;11;7,0;29,0;23,0;24,0;;False;5;sgd;minmax
2068;2024-05-12 08:40:26.270430;0,4619140625;;relu;;;256;0,640848729281221;72,0;True;normalizer;0,040154042790232755;2631;17786;5269;dropout;0,0039599709710151565;10;12,0;27,0;21,0;4,0;;False;5;sgd;minmax
2069;2024-05-12 08:41:06.375822;0,5269531011581421;;relu;;;256;;82,0;True;normalizer;0,2494773774660416;2631;17786;5269;vanilla;0,002917663375460348;12;4,0;29,0;14,0;23,0;;False;5;sgd;minmax
2070;2024-05-12 08:41:56.442484;0,5277343988418579;;relu;;;256;;79,0;True;normalizer;0,1731717060633383;2631;17786;5269;vanilla;0,0355575002990381;29;16,0;27,0;25,0;;;False;4;sgd;maxabs
2071;2024-05-12 08:42:36.698000;0,4619140625;;relu;;;256;0,2568555814880374;84,0;True;normalizer;0,0017081264898894826;2631;17786;5269;dropout;0,08944605893583367;28;5,0;25,0;;;;True;3;sgd;minmax
2072;2024-05-12 08:43:14.360331;0,5308593511581421;;leaky_relu;;;256;;88,0;True;normalizer;0,1032290872672959;2631;17786;5269;vanilla;0,02622200727955639;9;14,0;28,0;22,0;22,0;0,07891095149073249;False;5;sgd;minmax
2073;2024-05-12 08:44:07.213723;0,4597264528274536;;relu;;;16;;;False;;0,6225274260094629;2631;17786;5269;vanilla;0,00509380902914073;30;3,0;3,0;23,0;21,0;;False;5;sgd;minmax
2074;2024-05-12 08:49:29.898518;0,4619140625;;relu;;;256;;81,0;True;normalizer;0,06533417090914716;2631;17786;5269;vanilla;0,2739013962205101;8;13,0;26,0;13,0;25,0;;False;5;sgd;minmax
2075;2024-05-12 08:50:11.459774;0,5297256112098694;;relu;;;32;0,2813938762252841;74,0;True;normalizer;0,2130369861153776;2631;17786;5269;dropout;0,4303415831005629;8;17,0;30,0;24,0;;;False;4;sgd;minmax
2076;2024-05-12 08:52:28.184833;0,4482421875;;relu;;;256;;9,0;True;minmax;0,4102146357908193;2631;17786;5269;vanilla;0,04825271371596732;10;15,0;27,0;12,0;27,0;;False;5;sgd;minmax
2077;2024-05-12 08:53:08.378084;0,529296875;;selu;;;256;;79,0;True;normalizer;0,2911260011376988;2631;17786;5269;vanilla;0,006858201799380809;12;6,0;29,0;22,0;;;False;4;sgd;minmax
2078;2024-05-12 08:54:03.991483;0,4619140625;;relu;;;256;0,1833818410160996;76,0;True;normalizer;0,0014353318260555245;2631;17786;5269;dropout;0,010225865907390663;28;4,0;28,0;18,0;18,0;;False;5;sgd;minmax
2079;2024-05-12 08:55:15.823185;0,4619140625;;relu;;;256;;86,0;True;normalizer;0,07566204705297787;2631;17786;5269;vanilla;0,1765941378977743;11;11,0;27,0;15,0;29,0;;True;5;sgd;minmax
2080;2024-05-12 08:55:55.276837;0,5257812738418579;;relu;0,3731092319136078;0,16516095653732699;256;;81,0;True;normalizer;0,017286936739568735;2631;17786;5269;vanilla;;23;5,0;26,0;25,0;19,0;;;5;adam;minmax
2081;2024-05-12 08:56:39.100205;0,532421886920929;;leaky_relu;;;256;0,11049603599462918;83,0;True;normalizer;0,32985718385988494;2631;17786;5269;dropout;0,014687580111881296;29;14,0;28,0;23,0;;0,004514767399193993;False;4;sgd;minmax
2082;2024-05-12 08:57:26.467820;0,5295350551605225;;relu;;;128;;79,0;True;normalizer;0,0527301093332009;2631;17786;5269;vanilla;0,35704682624664036;7;3,0;22,0;24,0;3,0;;False;5;sgd;minmax
2083;2024-05-12 08:58:25.670598;0,251953125;;relu;;;256;;8,0;True;maxabs;0,015512721260014883;2631;17786;5269;vanilla;0,021454059021271264;28;4,0;27,0;22,0;20,0;;False;5;sgd;minmax
2084;2024-05-12 08:58:55.630219;0,4964843690395355;;relu;;;256;;;False;;0,005106292231416788;2631;17786;5269;batchnorm;0,1480728921727593;13;13,0;29,0;11,0;21,0;;False;5;sgd;minmax
2085;2024-05-12 08:59:51.659583;0,531445324420929;;relu;;;256;;85,0;True;normalizer;0,020679856247980428;2631;17786;5269;vanilla;0,2130461665058662;9;6,0;28,0;21,0;;;False;4;sgd;minmax
2086;2024-05-12 09:01:03.525781;0,4619140625;;relu;;;256;0,15471339850253843;64,0;True;normalizer;0,015006362052524798;2631;17786;5269;dropout;0,11025792271530775;27;5,0;25,0;20,0;30,0;;False;5;sgd;normalizer
2087;2024-05-12 09:01:44.742861;0,5299161672592163;;relu;;;64;;77,0;True;normalizer;0,5040710878892773;2631;17786;5269;vanilla;0,011772077480756917;11;3,0;30,0;14,0;14,0;;False;5;sgd;minmax
2088;2024-05-12 09:03:47.061991;0,5279296636581421;;relu;;;256;;61,0;True;normalizer;0,25624017050883724;2631;17786;5269;vanilla;0,0317296611194223;27;14,0;27,0;23,0;;;True;4;sgd;minmax
2089;2024-05-12 09:04:29.662060;0,5302734375;;selu;;;256;0,5361968515764742;81,0;True;normalizer;0,009963954788780188;2631;17786;5269;dropout;0,07937022980530621;10;7,0;28,0;;;;False;3;sgd;minmax
2090;2024-05-12 09:05:45.607112;0,4619140625;;leaky_relu;;;256;;74,0;True;normalizer;0,046476183822353294;2631;17786;5269;vanilla;0,06485689787967489;9;3,0;26,0;10,0;5,0;0,015250262807088102;False;5;sgd;minmax
2091;2024-05-12 09:06:23.269938;0,53125;;relu;;;256;;78,0;True;normalizer;0,095119021548065;2631;17786;5269;vanilla;0,016871435603048886;29;12,0;29,0;17,0;;;False;4;sgd;minmax
2092;2024-05-12 09:07:15.822197;0,5300151705741882;;relu;;;8;0,12295278709211654;48,0;True;normalizer;0,3747681148678694;2631;17786;5269;dropout;0,0013994103134675779;19;16,0;28,0;24,0;16,0;;False;5;sgd;maxabs
2093;2024-05-12 09:17:11.421013;0,532031238079071;;relu;;;256;;71,0;True;normalizer;0,99952772745534;2631;17786;5269;vanilla;0,28462248892370534;12;27,0;26,0;23,0;23,0;;False;5;sgd;minmax
2094;2024-05-12 09:17:49.513846;0,5283203125;;relu;;;256;;83,0;True;normalizer;0,142973252711143;2631;17786;5269;vanilla;0,5963835059019271;28;15,0;8,0;12,0;22,0;;False;5;sgd;minmax
2095;2024-05-12 09:18:24.910241;0,525390625;;relu;;;256;0,20013333130153815;;False;;0,42084626624929067;2631;17786;5269;dropout;0,0018846507507983606;11;4,0;27,0;21,0;;;False;4;sgd;minmax
2096;2024-05-12 09:19:22.195289;0,531054675579071;;relu;;;256;;76,0;True;normalizer;0,19640395527435242;2631;17786;5269;vanilla;0,0011688311920644283;27;15,0;29,0;22,0;15,0;;True;5;sgd;minmax
2097;2024-05-12 09:20:07.526667;0,532421886920929;;relu;;;256;;87,0;True;normalizer;0,658368062212724;2631;17786;5269;vanilla;0,040545158254009485;28;6,0;30,0;13,0;26,0;;False;5;sgd;minmax
2098;2024-05-12 09:20:52.757492;0,4619140625;;leaky_relu;;;256;;30,0;True;normalizer;0,299232933436554;2631;17786;5269;vanilla;0,24071051261409085;29;4,0;27,0;24,0;4,0;0,008273918727229747;False;5;sgd;minmax
2099;2024-05-12 09:21:30.995872;0,4619140625;;relu;0,15940130132271346;0,4098767938884429;256;0,21862016833718492;82,0;True;normalizer;0,1608139152279258;2631;17786;5269;dropout;;13;13,0;28,0;25,0;;;;4;adam;minmax
2100;2024-05-12 09:22:21.531980;0,4597264528274536;;relu;;;16;;80,0;True;normalizer;0,0021414273907791825;2631;17786;5269;vanilla;0,00808776792770327;10;5,0;26,0;23,0;18,0;;False;5;sgd;minmax
2101;2024-05-12 09:25:43.684118;0,2522865831851959;;relu;;;32;;9,0;True;minmax;0,004137453272579086;2631;17786;5269;vanilla;0,005502405407714551;8;3,0;27,0;22,0;21,0;;False;5;sgd;minmax
2102;2024-05-12 09:27:31.110937;0,529101550579071;;selu;;;256;0,39010657837765395;78,0;True;normalizer;0,08177856331931609;2631;17786;5269;dropout;0,6976166459852072;10;14,0;29,0;24,0;;;False;4;sgd;minmax
2103;2024-05-12 09:28:10.702854;0,4619140625;;relu;;;256;;84,0;True;normalizer;0,0023328059441474077;2631;17786;5269;vanilla;0,3269189861822112;30;4,0;27,0;23,0;6,0;;False;5;sgd;minmax
2104;2024-05-12 09:28:56.029268;0,251953125;;relu;;;256;;2,0;True;maxabs;0,2306997352329551;2631;17786;5269;vanilla;0,12154278310997989;9;16,0;28,0;13,0;;;False;4;sgd;minmax
2105;2024-05-12 09:29:51.058185;0,514453113079071;;relu;;;256;;82,0;True;normalizer;0,0062604007811340665;2631;17786;5269;batchnorm;0,0015741795267930456;8;14,0;20,0;15,0;24,0;;True;5;sgd;minmax
2106;2024-05-12 09:31:32.295824;0,528515636920929;;relu;;;256;0,2689413620012767;;False;;0,3488251743958853;2631;17786;5269;dropout;0,17506732197978458;7;5,0;30,0;19,0;20,0;;False;5;sgd;minmax
2107;2024-05-12 09:32:36.694887;0,533007800579071;;leaky_relu;;;256;;85,0;True;normalizer;0,11466092587086855;2631;17786;5269;vanilla;0,23050778266793134;28;13,0;25,0;22,0;22,0;0,09058654860398371;False;5;sgd;minmax
2108;2024-05-12 09:33:45.207259;0,523242175579071;;relu;;;256;;80,0;True;normalizer;0,5563820268811973;2631;17786;5269;vanilla;0,013789908328317991;12;3,0;29,0;14,0;;;False;4;sgd;normalizer
2109;2024-05-12 09:35:36.665373;0,5287728905677795;;relu;;;128;;76,0;True;normalizer;0,46487030216300607;2631;17786;5269;vanilla;0,010455378074788583;27;17,0;28,0;24,0;23,0;;False;5;sgd;minmax
2110;2024-05-12 09:36:38.521081;0,4619140625;;relu;;;256;0,14803702913252367;73,0;True;normalizer;0,06269776225662599;2631;17786;5269;dropout;0,004179070073476241;29;15,0;26,0;25,0;17,0;;False;5;sgd;minmax
2111;2024-05-12 09:37:32.094887;0,4619140625;;relu;;;256;;15,0;True;normalizer;0,41307392809736776;2631;17786;5269;vanilla;0,002132611112546079;10;6,0;26,0;23,0;19,0;;False;5;sgd;minmax
2112;2024-05-12 09:38:11.293950;0,5325838327407837;;relu;;;64;;79,0;True;normalizer;0,7382405519541497;2631;17786;5269;vanilla;0,00100382553152616;11;7,0;27,0;22,0;21,0;;False;5;sgd;minmax
2113;2024-05-12 09:39:45.020482;0,5326172113418579;;relu;;;256;0,10073122653392959;90,0;True;normalizer;0,27893717676561774;2631;17786;5269;dropout;0,4496234256665662;6;12,0;18,0;23,0;;;True;4;sgd;minmax
2114;2024-05-12 09:40:26.244792;0,5308593511581421;;selu;;;256;;55,0;True;normalizer;0,028574384124064517;2631;17786;5269;vanilla;0,20222934157609473;9;5,0;28,0;11,0;8,0;;False;5;sgd;maxabs
2115;2024-05-12 09:41:15.367548;0,5263671875;;relu;;;256;;51,0;True;normalizer;0,32318588377558805;2631;17786;5269;vanilla;0,003149283431647937;27;3,0;12,0;12,0;;;False;4;sgd;minmax
2116;2024-05-12 09:41:57.586757;0,4619140625;;leaky_relu;;;256;0,42936316733052926;82,0;True;normalizer;0,03673888977149355;2631;17786;5269;dropout;0,05393022878338233;28;4,0;29,0;21,0;29,0;0,06485309664789522;False;5;sgd;minmax
2117;2024-05-12 09:42:38.683944;0,5234375;;relu;;;256;;;False;;0,12813166247879165;2631;17786;5269;vanilla;0,38940710015913294;29;13,0;27,0;13,0;9,0;;False;5;sgd;minmax
2118;2024-05-12 09:43:38.558969;0,4597264528274536;;relu;0,6371855127853613;0,6176756668015648;8;;87,0;True;normalizer;0,17838654141482654;2631;17786;5269;vanilla;;8;14,0;28,0;24,0;;;;4;adam;minmax
2119;2024-05-12 09:50:30.291549;0,4619140625;;relu;;;256;;77,0;True;normalizer;0,004066865480628524;2631;17786;5269;vanilla;0,8451128701915729;3;24,0;21,0;26,0;5,0;;False;5;sgd;minmax
2120;2024-05-12 09:51:08.657122;0,4619140625;;relu;;;256;0,47246845213955635;68,0;True;normalizer;0,05291245395154694;2631;17786;5269;dropout;0,020200258846778313;11;4,0;26,0;21,0;7,0;;False;5;sgd;minmax
2121;2024-05-12 09:51:49.395622;0,4619140625;;relu;;;256;;80,0;True;normalizer;0,044217606980975606;2631;17786;5269;vanilla;0,0025429430267126223;28;23,0;29,0;23,0;14,0;;False;5;sgd;minmax
2122;2024-05-12 09:52:29.215220;0,5240234136581421;;relu;;;256;;84,0;True;normalizer;0,3827180582481319;2631;17786;5269;vanilla;0,07139269514340466;9;15,0;27,0;22,0;;;True;4;sgd;minmax
2123;2024-05-12 09:53:09.916162;0,3568359315395355;;relu;;;256;0,16849106872564903;9,0;True;minmax;0,4770529361470434;2631;17786;5269;dropout;0,024239497331845154;14;5,0;28,0;24,0;23,0;;False;5;sgd;minmax
2124;2024-05-12 09:53:49.506740;0,4619140625;;leaky_relu;;;256;;75,0;True;normalizer;0,00247123811560035;2631;17786;5269;vanilla;0,006202975536156087;10;8,0;30,0;14,0;30,0;0,06748136693699999;False;5;sgd;minmax
2125;2024-05-12 09:54:22.730363;0,5296875238418579;;relu;;;256;;78,0;True;normalizer;0,24496683390082225;2631;17786;5269;vanilla;0,0013062122930372953;27;3,0;25,0;25,0;;;False;4;sgd;minmax
2126;2024-05-12 09:55:06.647467;0,5250759720802307;;relu;;;16;0,49422319982015833;81,0;True;normalizer;0,024090999719465055;2631;17786;5269;dropout;0,13717838581326347;7;10,0;4,0;20,0;22,0;;False;5;sgd;minmax
2127;2024-05-12 10:05:36.862282;0,2522865831851959;;selu;;;32;;8,0;True;maxabs;0,3388759357933809;2631;17786;5269;batchnorm;0,016038422887277488;30;16,0;29,0;22,0;;;False;4;sgd;minmax
2128;2024-05-12 10:08:48.315576;0,531054675579071;;relu;;;256;;58,0;True;normalizer;0,8567429799728685;2631;17786;5269;vanilla;0,2751842759862043;28;6,0;27,0;12,0;6,0;;False;5;sgd;minmax
2129;2024-05-12 10:09:31.720877;0,526171863079071;;relu;;;256;;;False;;0,2129790228974603;2631;17786;5269;vanilla;0,0933385409631894;12;4,0;28,0;23,0;17,0;;False;5;sgd;minmax
2130;2024-05-12 10:10:20.590865;0,4619140625;;relu;;;256;;85,0;True;normalizer;0,5357323131201116;2631;17786;5269;vanilla;0,009113113322724003;21;13,0;28,0;13,0;20,0;;True;5;sgd;normalizer
2131;2024-05-12 10:11:01.476145;0,533398449420929;;relu;;;256;0,34743909889246755;83,0;True;normalizer;0,15428072906760687;2631;17786;5269;dropout;0,5388615617297385;27;14,0;27,0;;;;False;3;sgd;minmax
2132;2024-05-12 10:11:44.056813;0,4619140625;;relu;;;256;;80,0;True;normalizer;0,07062632008529442;2631;17786;5269;vanilla;0,16170881250908384;10;3,0;26,0;23,0;4,0;;False;5;sgd;minmax
2133;2024-05-12 10:12:25.094821;0,533984363079071;;leaky_relu;;;256;;70,0;True;normalizer;0,2857379123792651;2631;17786;5269;vanilla;0,32277858523885095;11;4,0;29,0;24,0;;0,09674017859139017;False;4;sgd;minmax
2134;2024-05-12 10:13:06.118843;0,4619140625;;relu;;;256;0,13736739131977496;75,0;True;normalizer;0,003182784078972266;2631;17786;5269;dropout;0,02884095662800184;29;15,0;7,0;22,0;21,0;;False;5;sgd;minmax
2135;2024-05-12 10:14:05.750754;0,5318216681480408;;relu;;;128;;77,0;True;normalizer;0,6210423847193829;2631;17786;5269;vanilla;0,04552239584196966;9;30,0;30,0;15,0;25,0;;False;5;sgd;minmax
2136;2024-05-12 10:15:09.254566;0,4619140625;;relu;0,4666697797414354;0,34572979552596217;256;;82,0;True;normalizer;0,4303238344706166;2631;17786;5269;vanilla;;28;7,0;11,0;25,0;;;;4;adam;minmax
2137;2024-05-12 10:15:44.156294;0,5337890386581421;;relu;;;256;0,2430960052889637;72,0;True;normalizer;0,3600037603031645;2631;17786;5269;dropout;0,05979480963362886;8;5,0;28,0;24,0;24,0;;False;5;sgd;minmax
2138;2024-05-12 10:16:27.331867;0,4619140625;;relu;;;256;;79,0;True;normalizer;0,03929650984377126;2631;17786;5269;vanilla;0,007280075700469189;7;6,0;27,0;22,0;19,0;;False;5;sgd;maxabs
2139;2024-05-12 10:16:59.985418;0,5240091681480408;;selu;;;64;;37,0;True;normalizer;0,09310333910500851;2631;17786;5269;vanilla;0,01247817064888662;12;14,0;26,0;23,0;;;True;4;sgd;minmax
2140;2024-05-12 10:18:37.027592;0,527148425579071;;relu;;;256;;;False;;0,18711876898831292;2631;17786;5269;vanilla;0,24579687221710012;27;13,0;25,0;21,0;16,0;;False;5;sgd;minmax
2141;2024-05-12 10:19:28.107249;0,4619140625;;relu;;;256;0,19163310321885763;86,0;True;normalizer;0,060836768468165554;2631;17786;5269;dropout;0,19585891440015668;11;17,0;27,0;23,0;20,0;;False;5;sgd;minmax
2142;2024-05-12 10:20:08.969445;0,4619140625;;leaky_relu;;;256;;53,0;True;normalizer;0,005613029204733644;2631;17786;5269;vanilla;0,019199411271551954;29;4,0;28,0;24,0;;0,06313238062666335;False;4;sgd;minmax
2143;2024-05-12 10:20:53.345612;0,533398449420929;;relu;;;256;;81,0;True;normalizer;0,12909487494949587;2631;17786;5269;vanilla;0,10943246575300733;28;16,0;13,0;11,0;22,0;;False;5;sgd;minmax
2144;2024-05-12 10:21:58.772229;0,4619140625;;relu;;;256;0,2096649114688724;84,0;True;normalizer;0,0012452466663550555;2631;17786;5269;dropout;0,07430233352339008;10;3,0;24,0;16,0;18,0;;False;5;sgd;minmax
2145;2024-05-12 10:23:08.506826;0,524316132068634;;relu;;;8;;77,0;True;normalizer;0,012434918064907818;2631;17786;5269;vanilla;0,0011615773153841559;18;12,0;29,0;13,0;26,0;;False;5;sgd;minmax
2146;2024-05-12 10:30:30.687151;0,5244140625;;relu;;;256;;88,0;True;normalizer;0,26534425602262374;2631;17786;5269;vanilla;0,0015496566853254671;9;15,0;28,0;14,0;28,0;;False;5;sgd;minmax
2147;2024-05-12 10:31:15.599164;0,4619140625;;relu;;;256;0,11974466063356994;74,0;True;normalizer;0,001478624811273849;2631;17786;5269;dropout;0,3442346930640343;28;3,0;30,0;25,0;;;True;4;sgd;minmax
2148;2024-05-12 10:32:05.695043;0,37968748807907104;;relu;;;256;;8,0;True;minmax;0,3964617159455704;2631;17786;5269;vanilla;0,0034808660650982016;13;5,0;27,0;18,0;;;False;4;sgd;minmax
2149;2024-05-12 10:32:49.820433;0,5316406488418579;;relu;;;256;;83,0;True;normalizer;0,4483963390294015;2631;17786;5269;vanilla;0,0036723135100648766;27;14,0;26,0;22,0;5,0;;False;5;sgd;minmax
2150;2024-05-12 10:33:41.352317;0,501757800579071;;leaky_relu;;;256;;79,0;True;normalizer;0,3078096066079826;2631;17786;5269;batchnorm;0,2210218071209563;29;4,0;27,0;12,0;21,0;0,07424784635659848;False;5;sgd;minmax
2151;2024-05-12 10:34:16.586790;0,4597264528274536;;relu;;;16;;;False;;0,08077314376790685;2631;17786;5269;vanilla;0,2659531579659735;10;18,0;29,0;24,0;3,0;;False;5;sgd;minmax
2152;2024-05-12 10:37:38.885543;0,5308688879013062;;relu;;;32;0,18109157254161548;80,0;True;normalizer;0,5350200219151362;2631;17786;5269;dropout;0,03605969241339054;8;6,0;26,0;10,0;;;False;4;sgd;minmax
2153;2024-05-12 10:40:04.137646;0,4619140625;;relu;;;256;;85,0;True;normalizer;0,10870521177898695;2631;17786;5269;vanilla;0,004751287186631576;30;13,0;29,0;23,0;23,0;;False;5;sgd;minmax
2154;2024-05-12 10:40:42.751094;0,4619140625;;selu;;;256;;78,0;True;normalizer;0,007967548764737984;2631;17786;5269;vanilla;0,011347958109970947;11;4,0;28,0;21,0;27,0;;False;5;sgd;normalizer
2155;2024-05-12 10:41:21.823252;0,251953125;;relu;0,08696750088442623;0,5644881363525878;256;0,5644539301029843;6,0;True;maxabs;0,030936721318852476;2631;17786;5269;dropout;;28;22,0;28,0;24,0;30,0;;;5;adam;minmax
2156;2024-05-12 10:42:06.372996;0,5328124761581421;;relu;;;256;;82,0;True;normalizer;0,2380825245333421;2631;17786;5269;vanilla;0,08320785061004435;9;5,0;27,0;23,0;;;True;4;sgd;minmax
2157;2024-05-12 10:42:53.089923;0,4619140625;;relu;;;256;;22,0;True;normalizer;0,32467460963218425;2631;17786;5269;vanilla;0,14826083718338132;12;3,0;9,0;22,0;19,0;;False;5;sgd;maxabs
2158;2024-05-12 10:43:31.346980;0,4619140625;;relu;;;256;0,4017261636854189;76,0;True;normalizer;0,04735753616053649;2631;17786;5269;dropout;0,0019865053024223193;27;12,0;19,0;13,0;18,0;;False;5;sgd;minmax
2159;2024-05-12 10:44:02.958717;0,5341796875;;leaky_relu;;;256;;82,0;True;normalizer;0,7393911828939316;2631;17786;5269;vanilla;0,0024067935956560483;29;14,0;29,0;12,0;;0,01394815381545278;False;4;sgd;minmax
2160;2024-05-12 10:44:33.066817;0,5249999761581421;;relu;;;256;;80,0;True;normalizer;0,38384403312030074;2631;17786;5269;vanilla;0,015057590657771245;28;15,0;;;;;False;2;sgd;minmax
2161;2024-05-12 10:45:09.736843;0,530078113079071;;relu;;;256;;56,0;True;normalizer;0,4962461527740637;2631;17786;5269;vanilla;0,39161046078515166;8;3,0;10,0;22,0;15,0;;False;5;sgd;minmax
2162;2024-05-12 10:45:57.737684;0,4596036672592163;;relu;;;128;0,5865441401686121;;False;;0,002714636255955293;2631;17786;5269;dropout;0,1276574086992346;7;5,0;28,0;23,0;23,0;;False;5;sgd;minmax
2163;2024-05-12 10:47:06.491318;0,4619140625;;relu;;;256;;45,0;True;normalizer;0,055826697617817236;2631;17786;5269;vanilla;0,2973569319367313;11;4,0;17,0;24,0;20,0;;False;5;sgd;minmax
2164;2024-05-12 10:47:45.534826;0,2522865831851959;;selu;;;64;;74,0;True;normalizer;0,8750737232507193;2631;17786;5269;vanilla;0,4921846341395616;26;6,0;27,0;19,0;;;True;4;sgd;minmax
2165;2024-05-12 10:49:21.619578;0,4619140625;;relu;;;256;0,23491776546377502;87,0;True;normalizer;0,0053563041168186686;2631;17786;5269;dropout;0,024942893283100894;10;16,0;5,0;26,0;17,0;;False;5;sgd;minmax
2166;2024-05-12 10:50:03.311837;0,5277343988418579;;relu;;;256;;49,0;True;normalizer;0,2132485471678123;2631;17786;5269;vanilla;0,008408908680158542;27;8,0;30,0;25,0;16,0;;False;5;sgd;minmax
2167;2024-05-12 10:50:57.537586;0,5308593511581421;;relu;;;256;;78,0;True;normalizer;0,3610324298816113;2631;17786;5269;vanilla;0,06274317069272026;28;14,0;26,0;14,0;22,0;;False;5;sgd;minmax
2168;2024-05-12 10:51:49.291208;0,533007800579071;;leaky_relu;;;256;0,16098875738613416;84,0;True;normalizer;0,5780677842704658;2631;17786;5269;dropout;0,04988737355244058;9;13,0;27,0;23,0;;0,005693219173735255;False;4;sgd;minmax
2169;2024-05-12 10:52:23.863052;0,5300151705741882;;relu;;;8;;76,0;True;normalizer;0,17646878833228613;2631;17786;5269;vanilla;0,18745874725174433;29;11,0;25,0;20,0;6,0;;False;5;sgd;minmax
2170;2024-05-12 10:58:44.713382;0,31367188692092896;;relu;;;256;;9,0;True;minmax;0,2925059530547532;2631;17786;5269;batchnorm;0,7133429247432808;13;7,0;28,0;;;;False;3;sgd;minmax
2171;2024-05-12 10:59:27.261974;0,5296875238418579;;relu;;;256;;80,0;True;normalizer;0,14030667876289254;2631;17786;5269;vanilla;0,017822441322389162;17;5,0;26,0;28,0;5,0;;False;5;sgd;minmax
2172;2024-05-12 11:00:29.188159;0,5337890386581421;;relu;;;256;;72,0;True;normalizer;0,0922413117747776;2631;17786;5269;vanilla;0,9908588085437374;30;15,0;27,0;21,0;29,0;;True;5;sgd;minmax
2173;2024-05-12 11:01:14.447268;0,251953125;;relu;;;256;0,14467130967311956;5,0;True;maxabs;0,4274102386433904;2631;17786;5269;dropout;0,09497592441129711;27;3,0;28,0;22,0;;;False;4;sgd;minmax
2174;2024-05-12 11:01:54.052615;0,4619140625;;relu;0,24103541526000105;0,6861415326038619;256;;;False;;0,15985464392943152;2631;17786;5269;vanilla;;10;4,0;29,0;24,0;24,0;;;5;adam;normalizer
2175;2024-05-12 11:02:34.645517;0,53125;;relu;;;256;;83,0;True;normalizer;0,06420922489057201;2631;17786;5269;vanilla;0,0017951466751771074;12;4,0;28,0;13,0;;;False;4;sgd;minmax
2176;2024-05-12 11:03:44.260936;0,5294452905654907;;selu;;;16;0,22417127221389993;89,0;True;normalizer;0,0018252980685222564;2631;17786;5269;dropout;0,013689798182570977;8;14,0;30,0;23,0;22,0;;False;5;sgd;minmax
2177;2024-05-12 11:09:08.155244;0,4619140625;;leaky_relu;;;256;;85,0;True;normalizer;0,03454774797771176;2631;17786;5269;vanilla;0,6148320222881605;28;17,0;26,0;11,0;21,0;0,017807715420033263;False;5;sgd;minmax
2178;2024-05-12 11:09:47.898438;0,5272485017776489;;relu;;;32;;34,0;True;normalizer;0,2590354381672257;2631;17786;5269;vanilla;0,0061063968964653334;28;6,0;27,0;22,0;;;False;4;sgd;minmax
2179;2024-05-12 11:12:37.415287;0,4619140625;;relu;;;256;0,3168842576689183;60,0;True;normalizer;0,3447223829816602;2631;17786;5269;dropout;0,010175077646021224;29;3,0;29,0;23,0;4,0;;False;5;sgd;maxabs
2180;2024-05-12 11:13:08.174572;0,4619140625;;relu;;;256;;66,0;True;normalizer;0,07695877886513822;2631;17786;5269;vanilla;0,24830850637315519;11;13,0;25,0;12,0;19,0;;False;5;sgd;minmax
2181;2024-05-12 11:13:38.573687;0,4619140625;;relu;;;256;;78,0;True;normalizer;0,004339207713949407;2631;17786;5269;vanilla;0,001326294838411662;9;15,0;28,0;25,0;24,0;;True;5;sgd;minmax
2182;2024-05-12 11:14:13.134831;0,533007800579071;;relu;;;256;0,29387110200297517;81,0;True;normalizer;0,6454659416433913;2631;17786;5269;dropout;0,16956169180685307;6;12,0;27,0;14,0;;;False;4;sgd;minmax
2183;2024-05-12 11:14:57.813618;0,4625000059604645;;relu;;;256;;75,0;True;normalizer;0,002959428942377608;2631;17786;5269;vanilla;0,007350212982825523;23;5,0;;;;;False;2;sgd;minmax
2184;2024-05-12 11:15:46.522911;0,5279296636581421;;relu;;;256;;82,0;True;normalizer;0,48244863837201907;2631;17786;5269;vanilla;0,02148786173768905;26;16,0;27,0;23,0;25,0;;False;5;sgd;minmax
2185;2024-05-12 11:16:34.553889;0,4619140625;;leaky_relu;;;256;;;False;;0,0068253083356010795;2631;17786;5269;vanilla;0,20728339703309107;10;3,0;28,0;21,0;22,0;0,08414380121488296;False;5;sgd;minmax
2186;2024-05-12 11:17:18.498140;0,4619140625;;relu;;;256;0,33671642014151293;79,0;True;normalizer;0,020516720835245115;2631;17786;5269;dropout;0,30291428181739327;27;4,0;29,0;17,0;;;False;4;sgd;minmax
2187;2024-05-12 11:17:59.602742;0,533007800579071;;relu;;;256;;77,0;True;normalizer;0,30302036058493764;2631;17786;5269;vanilla;0,042290043146035065;15;14,0;26,0;9,0;8,0;;False;5;sgd;minmax
2188;2024-05-12 11:18:53.397346;0,5322265625;;relu;;;256;;87,0;True;normalizer;0,20295795525265592;2631;17786;5269;vanilla;0,031333625187402805;12;15,0;28,0;24,0;9,0;;False;5;sgd;minmax
2189;2024-05-12 11:19:45.871695;0,4596036672592163;;relu;;;128;0,523499265963511;81,0;True;normalizer;0,01733090571870682;2631;17786;5269;dropout;0,012269934406873935;29;9,0;29,0;22,0;21,0;;True;5;sgd;minmax
2190;2024-05-12 11:20:42.836847;0,5306783318519592;;selu;;;64;;84,0;True;normalizer;0,043586281726586504;2631;17786;5269;vanilla;0,00422185917567225;8;4,0;30,0;25,0;;;False;4;sgd;minmax
2191;2024-05-12 11:21:54.666073;0,4619140625;;relu;;;256;;73,0;True;normalizer;0,01385323099594285;2631;17786;5269;vanilla;0,00525231454803374;11;13,0;27,0;24,0;14,0;;False;5;sgd;minmax
2192;2024-05-12 11:22:37.445713;0,38749998807907104;;relu;;;256;;7,0;True;minmax;0,1189720817443462;2631;17786;5269;batchnorm;0,0027735231751459008;10;6,0;26,0;13,0;7,0;;False;5;sgd;minmax
2193;2024-05-12 11:23:14.884828;0,4619140625;;relu;0,2615879081647325;0,7368222808984584;256;0,12693770021733816;79,0;True;normalizer;0,05162705099623069;2631;17786;5269;dropout;;9;3,0;28,0;27,0;;;;4;adam;minmax
2194;2024-05-12 11:23:46.727143;0,5318359136581421;;leaky_relu;;;256;;86,0;True;normalizer;0,417609788253668;2631;17786;5269;vanilla;0,0011343278453628282;28;4,0;27,0;24,0;20,0;0,0011461328043071775;False;5;sgd;minmax
2195;2024-05-12 11:24:26.160723;0,4619140625;;relu;;;256;;83,0;True;normalizer;0,2334069870466582;2631;17786;5269;vanilla;0,01679457991953813;28;7,0;29,0;22,0;23,0;;False;5;sgd;normalizer
2196;2024-05-12 11:25:05.527113;0,526562511920929;;relu;;;256;;;False;;0,3661558711929251;2631;17786;5269;vanilla;0,35860259117979365;27;5,0;25,0;21,0;;;False;4;sgd;minmax
2197;2024-05-12 11:25:46.197264;0,5337890386581421;;relu;;;256;0,1088616025003294;77,0;True;normalizer;0,32492521028356786;2631;17786;5269;dropout;0,4228545192479754;7;14,0;28,0;23,0;19,0;;False;5;sgd;minmax
2198;2024-05-12 11:26:33.527147;0,2520896792411804;;relu;;;8;;8,0;True;maxabs;0,06840345384233924;2631;17786;5269;vanilla;0,10546574802518686;19;3,0;27,0;14,0;15,0;;True;5;sgd;minmax
2199;2024-05-12 11:33:03.132940;0,5283203125;;relu;;;256;;80,0;True;normalizer;0,5781781084783447;2631;17786;5269;vanilla;0,06916020224100909;29;5,0;29,0;11,0;;;False;4;sgd;minmax
2200;2024-05-12 11:33:44.448358;0,5316406488418579;;relu;;;256;0,3595241997124457;75,0;True;normalizer;0,7542819950436418;2631;17786;5269;dropout;0,23719562448582354;26;13,0;30,0;;;;False;3;sgd;minmax
2201;2024-05-12 11:34:26.499434;0,533984363079071;;selu;;;256;;82,0;True;normalizer;0,4609525567322623;2631;17786;5269;vanilla;0,08694857140382806;9;16,0;26,0;23,0;18,0;;False;5;sgd;maxabs
2202;2024-05-12 11:35:11.046848;0,5290653705596924;;relu;;;16;;78,0;True;normalizer;0,26808849010057406;2631;17786;5269;vanilla;0,0587259617426225;11;4,0;28,0;12,0;17,0;;False;5;sgd;minmax
2203;2024-05-12 11:38:52.490469;0,5328124761581421;;leaky_relu;;;256;0,19955113924524448;84,0;True;normalizer;0,15495852439651314;2631;17786;5269;dropout;0,00951070984352369;13;15,0;27,0;15,0;29,0;0,07642257394760422;False;5;sgd;minmax
2204;2024-05-12 11:40:03.516110;0,4619140625;;relu;;;256;;70,0;True;normalizer;0,02411944991457096;2631;17786;5269;vanilla;0,0014930538108306347;28;14,0;28,0;22,0;;;False;4;sgd;minmax
2205;2024-05-12 11:40:44.995176;0,5278201103210449;;relu;;;32;;54,0;True;normalizer;0,39147086622967664;2631;17786;5269;vanilla;0,0030283287102662155;27;3,0;27,0;24,0;22,0;;False;5;sgd;minmax
2206;2024-05-12 11:43:49.366770;0,5335937738418579;;relu;;;256;;62,0;True;normalizer;0,05966749464096531;2631;17786;5269;vanilla;0,7857437298004635;30;12,0;29,0;23,0;30,0;;True;5;sgd;minmax
2207;2024-05-12 11:44:36.188295;0,5302734375;;relu;;;256;0,17959622023934532;;False;;0,14103508576138066;2631;17786;5269;dropout;0,126531541912338;12;14,0;26,0;26,0;;;False;4;sgd;minmax
2208;2024-05-12 11:45:30.325903;0,530468761920929;;relu;;;256;;81,0;True;normalizer;0,10718281025177304;2631;17786;5269;vanilla;0,1488798825930647;8;18,0;28,0;20,0;10,0;;False;5;sgd;minmax
2209;2024-05-12 11:46:45.777880;0,4619140625;;relu;;;256;;26,0;True;normalizer;0,03959862187179279;2631;17786;5269;vanilla;0,006480504378474635;28;17,0;23,0;25,0;26,0;;False;5;sgd;minmax
2210;2024-05-12 11:47:25.708931;0,5302734375;;relu;;;256;0,48540908438033253;76,0;True;normalizer;0,49575609161348033;2631;17786;5269;dropout;0,02702873173387313;10;13,0;27,0;22,0;5,0;;False;5;sgd;minmax
2211;2024-05-12 11:48:39.756636;0,5249999761581421;;leaky_relu;;;256;;85,0;True;normalizer;0,30803449921840137;2631;17786;5269;vanilla;0,0010097100504291422;10;4,0;26,0;13,0;;0,0805134249201861;False;4;sgd;minmax
2212;2024-05-12 11:49:11.021176;0,5302734375;;relu;;;256;;79,0;True;normalizer;0,17968851859614432;2631;17786;5269;vanilla;0,0016781460627346204;29;5,0;29,0;24,0;16,0;;False;5;sgd;minmax
2213;2024-05-12 11:49:53.814941;0,4596036672592163;;relu;0,19463171600683565;0,31757299918788673;128;0,2615239038499403;82,0;True;normalizer;0,6604165481423563;2631;17786;5269;dropout;;11;6,0;30,0;23,0;3,0;;;5;adam;minmax
2214;2024-05-12 11:50:55.292797;0,5123046636581421;;selu;;;256;;41,0;True;normalizer;0,050108373768111586;2631;17786;5269;batchnorm;0,2811155128344305;8;3,0;28,0;;;;False;3;sgd;minmax
2215;2024-05-12 11:51:36.714414;0,4619140625;;relu;;;256;;73,0;True;normalizer;0,011073355680905747;2631;17786;5269;vanilla;0,03867480487566446;14;15,0;25,0;12,0;;;True;4;sgd;minmax
2216;2024-05-12 11:52:14.113480;0,4619140625;;relu;;;256;;57,0;True;normalizer;0,09239242855745555;2631;17786;5269;vanilla;0,18057790946129484;7;7,0;27,0;24,0;6,0;;False;5;sgd;minmax
2217;2024-05-12 11:52:52.749031;0,251953125;;relu;;;256;;9,0;True;minmax;0,9035037864535838;2631;17786;5269;vanilla;0,002105039052304815;27;11,0;29,0;21,0;;;False;4;sgd;normalizer
2218;2024-05-12 11:53:31.498491;0,4596036672592163;;relu;;;64;0,6148433811531897;80,0;True;normalizer;0,006828199332297205;2631;17786;5269;dropout;0,48857015951506266;9;3,0;26,0;22,0;20,0;;False;5;sgd;minmax
2219;2024-05-12 11:55:10.459233;0,5316406488418579;;relu;;;256;;;False;;0,23369334784183793;2631;17786;5269;vanilla;0,07814884492707261;29;4,0;28,0;14,0;28,0;;False;5;sgd;minmax
2220;2024-05-12 11:56:01.833353;0,251953125;;leaky_relu;;;256;;7,0;True;maxabs;0,36670166701071494;2631;17786;5269;vanilla;0,010980878957140696;27;6,0;27,0;23,0;4,0;0,06976251009281163;False;5;sgd;minmax
2221;2024-05-12 11:56:39.125685;0,531445324420929;;relu;;;256;0,15874825834677553;76,0;True;normalizer;0,4176428878962268;2631;17786;5269;dropout;0,220161773437483;28;5,0;14,0;22,0;21,0;;False;5;sgd;minmax
2222;2024-05-12 11:57:34.969822;0,5302051901817322;;relu;;;8;;87,0;True;normalizer;0,27060692449859897;2631;17786;5269;vanilla;0,008739243033537685;26;13,0;27,0;16,0;;;False;4;sgd;minmax
2223;2024-05-12 12:03:57.896209;0,52734375;;relu;;;256;;83,0;True;normalizer;0,20007114017853267;2631;17786;5269;vanilla;0,0036313148677078228;12;4,0;28,0;24,0;21,0;;True;5;sgd;minmax
2224;2024-05-12 12:04:55.995688;0,5298827886581421;;relu;;;256;0,5505354320340698;78,0;True;normalizer;0,5393493648802021;2631;17786;5269;dropout;0,014218953667349115;28;16,0;30,0;13,0;23,0;;False;5;sgd;minmax
2225;2024-05-12 12:05:43.090234;0,530078113079071;;relu;;;256;;90,0;True;normalizer;0,07559275657255381;2631;17786;5269;vanilla;0,052470287350753875;10;15,0;29,0;25,0;;;False;4;sgd;maxabs
2226;2024-05-12 12:06:32.873612;0,5205078125;;selu;;;256;;81,0;True;normalizer;0,008717902088469405;2631;17786;5269;vanilla;0,3253639224588196;29;14,0;26,0;23,0;24,0;;False;5;sgd;minmax
2227;2024-05-12 12:07:18.556977;0,4619140625;;relu;;;256;;52,0;True;normalizer;0,031376192317661825;2631;17786;5269;vanilla;0,017909781059425846;11;3,0;6,0;11,0;22,0;;False;5;sgd;minmax
2228;2024-05-12 12:07:53.159789;0,5294452905654907;;relu;;;16;0,37756687260408855;85,0;True;normalizer;0,3194691417527513;2631;17786;5269;dropout;0,26203959838540514;30;5,0;27,0;21,0;;;False;4;sgd;minmax
2229;2024-05-12 12:13:12.567374;0,5269531011581421;;leaky_relu;;;256;;74,0;True;normalizer;0,3435719513493352;2631;17786;5269;vanilla;0,0012729800036734669;9;14,0;28,0;24,0;18,0;0,06136664457819417;False;5;sgd;minmax
2230;2024-05-12 12:13:59.696627;0,4619140625;;relu;0,6658191049177054;0,041942724481749294;256;;;False;;0,009379270226423911;2631;17786;5269;vanilla;;6;4,0;29,0;25,0;17,0;;;5;adam;minmax
2231;2024-05-12 12:14:45.378174;0,5289633870124817;;relu;;;32;0,4431776589365908;79,0;True;normalizer;0,12158742587535312;2631;17786;5269;dropout;0,022224927863540397;27;16,0;24,0;23,0;20,0;;False;5;sgd;minmax
2232;2024-05-12 12:18:09.607688;0,5341796875;;relu;;;256;;77,0;True;normalizer;0,4563975655227523;2631;17786;5269;vanilla;0,5757581430776378;11;12,0;27,0;22,0;;;True;4;sgd;minmax
2233;2024-05-12 12:18:42.266838;0,532031238079071;;relu;;;256;;83,0;True;normalizer;0,992624760168311;2631;17786;5269;vanilla;0,034432621498330124;28;13,0;28,0;12,0;23,0;;False;5;sgd;minmax
2234;2024-05-12 12:19:17.717821;0,4619140625;;relu;;;256;0,3093627548200576;71,0;True;normalizer;0,042354802478665146;2631;17786;5269;dropout;0,1988880844095644;13;8,0;26,0;20,0;7,0;;False;5;sgd;minmax
2235;2024-05-12 12:19:57.118190;0,4619140625;;relu;;;256;;81,0;True;normalizer;0,005379644209769816;2631;17786;5269;vanilla;0,37223094421714387;12;4,0;27,0;23,0;;;False;4;sgd;minmax
2236;2024-05-12 12:20:35.355086;0,5335937738418579;;relu;;;256;;85,0;True;normalizer;0,786603958162408;2631;17786;5269;batchnorm;0,007733207887795068;9;3,0;29,0;23,0;6,0;;False;5;sgd;minmax
2237;2024-05-12 12:21:32.386870;0,4619140625;;leaky_relu;;;256;;75,0;True;normalizer;0,28335897629113893;2631;17786;5269;vanilla;0,002335560981495774;8;6,0;12,0;22,0;5,0;0,0715655732606422;False;5;sgd;minmax
2238;2024-05-12 12:22:11.174502;0,251953125;;relu;;;256;;10,0;True;minmax;0,41233001646340545;2631;17786;5269;vanilla;0,15619721192155708;29;14,0;30,0;15,0;;;False;4;sgd;minmax
2239;2024-05-12 12:22:49.701554;0,529101550579071;;relu;;;256;0,13303770006274607;79,0;True;normalizer;0,01515930926306773;2631;17786;5269;dropout;0,012917101047400566;10;;;;;;False;1;sgd;minmax
2240;2024-05-12 12:23:43.135327;0,4596036672592163;;selu;;;128;;83,0;True;normalizer;0,002193840240397794;2631;17786;5269;vanilla;0,09664859625653614;7;5,0;26,0;13,0;16,0;;True;5;sgd;normalizer
2241;2024-05-12 12:24:36.005124;0,4619140625;;relu;;;256;;;False;;0,02777392097895855;2631;17786;5269;vanilla;0,11196954715742267;25;15,0;28,0;21,0;;;False;4;sgd;minmax
2242;2024-05-12 12:25:05.399705;0,4619140625;;relu;;;256;0,2779037438587671;88,0;True;normalizer;0,05549238448468928;2631;17786;5269;dropout;0,005335168807536651;27;3,0;27,0;14,0;14,0;;False;5;sgd;minmax
2243;2024-05-12 12:25:35.150891;0,251953125;;relu;;;256;;9,0;True;maxabs;0,22672401772044762;2631;17786;5269;vanilla;0,02830223229607663;28;6,0;8,0;24,0;30,0;;False;5;sgd;minmax
2244;2024-05-12 12:26:06.531769;0,5278201103210449;;relu;;;64;;80,0;True;normalizer;0,06795861791465907;2631;17786;5269;vanilla;0,00430677063903702;28;18,0;25,0;23,0;19,0;;False;5;sgd;maxabs
2245;2024-05-12 12:27:40.326078;0,533203125;;relu;;;256;0,1701823143545207;77,0;True;normalizer;0,17601437084499344;2631;17786;5269;dropout;0,01536457451802795;9;29,0;28,0;24,0;21,0;;False;5;sgd;minmax
2246;2024-05-12 12:28:35.769171;0,533398449420929;;leaky_relu;;;256;;68,0;True;normalizer;0,60682122445232;2631;17786;5269;vanilla;0,06975924010631848;11;7,0;29,0;25,0;;0,019646267464969728;False;4;sgd;minmax
2247;2024-05-12 12:29:14.830406;0,4619140625;;relu;;;512;;81,0;True;normalizer;0,021258501672958778;2631;17786;5269;vanilla;0,306018038976207;27;4,0;27,0;22,0;22,0;;False;5;sgd;minmax
2248;2024-05-12 12:29:37.103501;0,5318359136581421;;relu;;;256;;83,0;True;normalizer;0,10120272222882949;2631;17786;5269;vanilla;0,04417043405637205;29;13,0;28,0;12,0;27,0;;True;5;sgd;minmax
2249;2024-05-12 12:30:29.517650;0,5345703363418579;;relu;;;256;0,2057552426391865;78,0;True;normalizer;0,36203213154537106;2631;17786;5269;dropout;0,22271528786960976;10;23,0;29,0;10,0;;;False;4;sgd;minmax
2250;2024-05-12 12:31:22.829913;0,4619140625;;relu;0,944129036299196;0,29082607282452677;256;;86,0;True;normalizer;0,1329413180742838;2631;17786;5269;vanilla;;8;14,0;26,0;26,0;15,0;;;5;adam;minmax
2251;2024-05-12 12:32:06.594857;0,4597264528274536;;selu;;;8;;75,0;True;normalizer;0,50043937663506;2631;17786;5269;vanilla;0,020703478173576238;28;5,0;30,0;;;;False;3;sgd;minmax
2252;2024-05-12 12:38:34.500768;0,5249999761581421;;relu;;;256;0,2521664582486783;;False;;0,24994931130258546;2631;17786;5269;dropout;0,4470370215611393;26;4,0;28,0;13,0;29,0;;False;5;sgd;minmax
2253;2024-05-12 12:39:37.596676;0,4619140625;;relu;;;256;;82,0;True;normalizer;0,00378188155023431;2631;17786;5269;vanilla;0,25813200145913984;11;15,0;27,0;22,0;25,0;;False;5;sgd;minmax
2254;2024-05-12 12:40:20.493900;0,53125;;relu;;;256;;72,0;True;normalizer;0,15918208452462485;2631;17786;5269;vanilla;0,010241657018550974;12;17,0;26,0;24,0;;;False;4;sgd;minmax
2255;2024-05-12 12:40:59.055939;0,5328124761581421;;leaky_relu;;;256;0,14700422985049816;80,0;True;normalizer;0,39340480657741733;2631;17786;5269;dropout;0,0014201542163640329;9;12,0;25,0;23,0;10,0;0,0996087578981732;False;5;sgd;minmax
2256;2024-05-12 12:41:44.651127;0,4619140625;;relu;;;512;;59,0;True;normalizer;0,035042395650933596;2631;17786;5269;vanilla;0,001787019072560213;30;3,0;28,0;11,0;;;False;4;sgd;minmax
2257;2024-05-12 12:42:14.749823;0,5281155109405518;;relu;;;16;;84,0;True;normalizer;0,08662486474894739;2631;17786;5269;vanilla;0,1395855818241905;27;16,0;29,0;21,0;18,0;;True;5;sgd;minmax
2258;2024-05-12 12:45:55.078173;0,5107421875;;relu;;;256;;50,0;True;normalizer;0,3006238682345283;2631;17786;5269;batchnorm;0,6551198481358369;29;13,0;20,0;23,0;19,0;;False;5;sgd;minmax
2259;2024-05-12 12:46:29.245641;0,4619140625;;relu;;;256;;77,0;True;normalizer;0,04642119769982675;2631;17786;5269;vanilla;0,0554054120258549;4;15,0;27,0;19,0;20,0;;False;5;sgd;minmax
2260;2024-05-12 12:46:58.235515;0,5310594439506531;;relu;;;32;0,11476883434902561;79,0;True;normalizer;0,44256203236484887;2631;17786;5269;dropout;0,006431011484858985;28;3,0;28,0;25,0;;;False;4;sgd;minmax
2261;2024-05-12 12:49:53.001228;0,251953125;;relu;;;256;;5,0;True;minmax;0,3358635360433694;2631;17786;5269;vanilla;0,08456353230205728;7;5,0;26,0;22,0;23,0;;False;5;sgd;normalizer
2262;2024-05-12 12:50:22.834005;0,5298827886581421;;relu;;;256;;64,0;True;normalizer;0,260663216520826;2631;17786;5269;vanilla;0,1833637389545319;10;4,0;30,0;18,0;21,0;;False;5;sgd;minmax
2263;2024-05-12 12:51:04.802391;0,47382813692092896;;selu;;;256;0,10004388942247398;;False;;0,0011989083044254309;2631;17786;5269;dropout;0,0033596563690731582;28;14,0;27,0;13,0;17,0;;False;5;sgd;minmax
2264;2024-05-12 12:52:00.183706;0,4619140625;;leaky_relu;;;256;;74,0;True;normalizer;0,005456241071245975;2631;17786;5269;vanilla;0,008683544843358829;13;6,0;29,0;14,0;;0,08217960783316172;False;4;sgd;minmax
2265;2024-05-12 12:52:37.005860;0,4619140625;;relu;;;256;;86,0;True;normalizer;0,010720542775397761;2631;17786;5269;vanilla;0,0025357237779351583;11;4,0;27,0;24,0;22,0;;True;5;sgd;minmax
2266;2024-05-12 12:53:16.697874;0,251953125;;relu;;;512;0,19359072965117655;9,0;True;maxabs;0,6829347566964145;2631;17786;5269;dropout;0,3491878092442446;26;10,0;28,0;23,0;;;False;4;sgd;minmax
2267;2024-05-12 12:53:45.568960;0,5279296636581421;;relu;;;256;;55,0;True;normalizer;0,1983133240681087;2631;17786;5269;vanilla;0,0012016684070562215;29;7,0;27,0;22,0;4,0;;False;5;sgd;maxabs
2268;2024-05-12 12:54:23.557861;0,4619140625;;relu;0,7787140183547061;0,5868398165580753;256;;81,0;True;normalizer;0,5441191280971376;2631;17786;5269;vanilla;;8;11,0;26,0;24,0;5,0;;;5;adam;minmax
2269;2024-05-12 12:54:54.074729;0,4596036672592163;;relu;;;128;;78,0;True;normalizer;0,001921423242537009;2631;17786;5269;vanilla;0,01563394819448351;10;3,0;29,0;15,0;;;False;4;sgd;minmax
2270;2024-05-12 12:56:05.512001;0,4619140625;;relu;;;256;0,22029472015371898;43,0;True;normalizer;0,062125658841888684;2631;17786;5269;dropout;0,011601193750241105;27;5,0;28,0;10,0;24,0;;False;5;sgd;minmax
2271;2024-05-12 12:56:44.851023;0,525195300579071;;relu;;;256;;76,0;True;normalizer;0,3686878606698873;2631;17786;5269;vanilla;0,030770147504777173;9;13,0;24,0;21,0;28,0;;False;5;sgd;minmax
2272;2024-05-12 12:57:27.655002;0,4619140625;;leaky_relu;;;256;;82,0;True;normalizer;0,07647056937670464;2631;17786;5269;vanilla;0,06340336394594197;28;14,0;27,0;12,0;3,0;0,011884490454032177;False;5;sgd;minmax
2273;2024-05-12 12:57:57.269942;0,4619140625;;relu;;;256;0,5112954700937196;84,0;True;normalizer;0,14565231965971745;2631;17786;5269;dropout;0,023816587163243867;12;3,0;29,0;23,0;30,0;;False;5;sgd;minmax
2274;2024-05-12 12:58:36.008564;0,5318359136581421;;relu;;;256;;89,0;True;normalizer;0,053599020052122866;2631;17786;5269;vanilla;0,28814414802699706;9;16,0;30,0;22,0;;;True;4;sgd;minmax
2275;2024-05-12 12:59:37.390664;0,5221036672592163;;relu;;;64;;;False;;0,11622311699770856;2631;17786;5269;vanilla;0,23466594405418428;29;4,0;18,0;24,0;21,0;;False;5;sgd;minmax
2276;2024-05-12 13:01:02.980048;0,531445324420929;;selu;;;256;0,23896225287242062;79,0;True;normalizer;0,4748372901447845;2631;17786;5269;dropout;0,019425250317002346;27;12,0;28,0;25,0;;;False;4;sgd;minmax
2277;2024-05-12 13:01:52.134532;0,5302051901817322;;relu;;;8;;81,0;True;normalizer;0,30376771239926653;2631;17786;5269;vanilla;0,012932849840966076;8;6,0;13,0;23,0;20,0;;False;5;sgd;minmax
2278;2024-05-12 13:08:50.534986;0,529492199420929;;relu;;;512;;85,0;True;normalizer;0,22991143283171864;2631;17786;5269;vanilla;0,03748790156948333;30;15,0;26,0;13,0;8,0;;False;5;sgd;minmax
2279;2024-05-12 13:09:36.621093;0,5335937738418579;;relu;;;256;0,12668448982076735;83,0;True;normalizer;0,5947289693374275;2631;17786;5269;dropout;0,1654213396910015;15;4,0;28,0;20,0;;;False;4;sgd;minmax
2280;2024-05-12 13:10:26.079429;0,4619140625;;relu;;;256;;76,0;True;normalizer;0,001451425576119514;2631;17786;5269;vanilla;0,007361741435923548;24;13,0;27,0;21,0;23,0;;False;5;sgd;minmax
2281;2024-05-12 13:11:18.325845;0,2861328125;;leaky_relu;;;256;;74,0;True;normalizer;0,0011470934884906315;2631;17786;5269;vanilla;0,2044694525161118;11;14,0;25,0;14,0;22,0;0,06594435317788086;False;5;sgd;minmax
2282;2024-05-12 13:12:03.939745;0,5238281488418579;;relu;;;256;;80,0;True;normalizer;0,42785643257934053;2631;17786;5269;batchnorm;0,8693246824410521;7;6,0;26,0;22,0;;;True;4;sgd;normalizer
2283;2024-05-12 13:12:52.843157;0,4619140625;;relu;;;256;;78,0;True;normalizer;0,03650271573702735;2631;17786;5269;vanilla;0,0011379611108709524;10;5,0;28,0;24,0;14,0;;False;5;sgd;minmax
2284;2024-05-12 13:13:40.265188;0,375;;relu;;;256;0,1536632308738625;3,0;True;minmax;0,788226652377193;2631;17786;5269;dropout;0,39282909422946416;28;3,0;29,0;23,0;6,0;;False;5;sgd;minmax
2285;2024-05-12 13:15:06.676855;0,5245060920715332;;relu;;;16;;39,0;True;normalizer;0,017720631627723374;2631;17786;5269;vanilla;0,12720005024271527;26;15,0;27,0;;;;False;3;sgd;minmax
2286;2024-05-12 13:18:30.481495;0,4619140625;;relu;0,6142302566806984;0,4722148711608766;256;;;False;;0,3455292656433965;2631;17786;5269;vanilla;;29;4,0;28,0;26,0;16,0;;;5;adam;minmax
2287;2024-05-12 13:19:16.995795;0,528515636920929;;relu;;;256;0,46003730954207767;47,0;True;normalizer;0,1904912038271725;2631;17786;5269;dropout;0,5266665018331126;16;22,0;30,0;11,0;18,0;;False;5;sgd;minmax
2288;2024-05-12 13:20:27.971785;0,53125;;relu;;;32;;82,0;True;normalizer;0,1671403668198079;2631;17786;5269;vanilla;0,2499742408712724;12;13,0;10,0;23,0;;;False;4;sgd;maxabs
2289;2024-05-12 13:22:10.426245;0,5308593511581421;;selu;;;512;;72,0;True;normalizer;0,39809054036004776;2631;17786;5269;vanilla;0,0056768630477330665;27;14,0;29,0;25,0;22,0;;False;5;sgd;minmax
2290;2024-05-12 13:22:44.200949;0,251953125;;leaky_relu;;;256;0,5961149073684181;7,0;True;maxabs;0,2792275435009437;2631;17786;5269;dropout;0,002975287675362079;10;3,0;11,0;22,0;20,0;0,0214290623648738;False;5;sgd;minmax
2291;2024-05-12 13:23:23.341954;0,5277343988418579;;relu;;;256;;88,0;True;normalizer;0,5265085481629115;2631;17786;5269;vanilla;0,09782835943801178;6;5,0;27,0;12,0;;;True;4;sgd;minmax
2292;2024-05-12 13:24:05.206469;0,4619140625;;relu;;;256;;86,0;True;normalizer;0,08331303859827137;2631;17786;5269;vanilla;0,07975922161743314;28;4,0;27,0;24,0;19,0;;False;5;sgd;minmax
2293;2024-05-12 13:24:35.455372;0,5249999761581421;;relu;;;256;;80,0;True;normalizer;0,3137126854565953;2631;17786;5269;vanilla;0,001974027194976084;9;16,0;28,0;13,0;;;False;4;sgd;minmax
2294;2024-05-12 13:25:10.526840;0,5335937738418579;;relu;;;256;0,2979272195711137;77,0;True;normalizer;0,10833867482548774;2631;17786;5269;dropout;0,3107552943703604;11;12,0;26,0;23,0;29,0;;False;5;sgd;minmax
2295;2024-05-12 13:26:15.695059;0,4619140625;;relu;;;256;;84,0;True;normalizer;0,06691276643151707;2631;17786;5269;vanilla;0,003831312037982282;27;7,0;26,0;17,0;4,0;;False;5;sgd;minmax
2296;2024-05-12 13:26:55.658754;0,4619140625;;relu;;;256;;82,0;True;normalizer;0,04826847491169978;2631;17786;5269;vanilla;0,024747646603763114;29;17,0;28,0;16,0;7,0;;False;5;sgd;minmax
2297;2024-05-12 13:27:34.383788;0,5308593511581421;;relu;;;512;0,17909894370836227;;False;;0,21203412879246583;2631;17786;5269;dropout;0,04820149990276867;9;3,0;29,0;15,0;9,0;;False;5;sgd;minmax
2298;2024-05-12 13:28:29.132664;0,5318359136581421;;leaky_relu;;;256;;79,0;True;normalizer;0,02222727044228049;2631;17786;5269;vanilla;0,00952157285798446;8;15,0;;;;0,009983264783234053;False;2;sgd;minmax
2299;2024-05-12 13:29:27.473242;0,5318359136581421;;relu;;;256;;70,0;True;normalizer;0,46530585109398703;2631;17786;5269;vanilla;0,004899201876555325;20;5,0;25,0;22,0;;;True;4;sgd;minmax
2300;2024-05-12 13:30:11.774205;0,4596036672592163;;relu;;;128;0,13803474172527447;19,0;True;normalizer;0,029868078338415014;2631;17786;5269;dropout;0,7567637218579065;12;14,0;27,0;25,0;21,0;;False;5;sgd;minmax
2301;2024-05-12 13:31:08.429337;0,5299161672592163;;selu;;;64;;75,0;True;normalizer;0,1251501244084096;2631;17786;5269;vanilla;0,017911972371268504;10;4,0;29,0;21,0;25,0;;False;5;sgd;minmax
2302;2024-05-12 13:32:26.182008;0,49589842557907104;;relu;;;256;;78,0;True;normalizer;0,671892805071797;2631;17786;5269;batchnorm;0,11813747368483916;28;3,0;27,0;24,0;;;False;4;sgd;minmax
2303;2024-05-12 13:33:11.617763;0,5322265625;;relu;;;256;;81,0;True;normalizer;0,261328988414063;2631;17786;5269;vanilla;0,1812541290122997;28;8,0;17,0;23,0;24,0;;False;5;sgd;minmax
2304;2024-05-12 13:34:00.154220;0,4619140625;;relu;;;256;;83,0;True;normalizer;0,01502094417624417;2631;17786;5269;vanilla;0,011369444610581361;11;13,0;9,0;14,0;20,0;;False;5;sgd;normalizer
2305;2024-05-12 13:34:39.185405;0,4619140625;;relu;0,20800632889218862;0,5286815936364494;256;0,6851860506032614;85,0;True;normalizer;0,37368578170868055;2631;17786;5269;dropout;;29;6,0;30,0;23,0;;;;4;adam;minmax
2306;2024-05-12 13:35:21.968707;0,5292553305625916;;relu;;;8;;76,0;True;normalizer;0,026402954096172784;2631;17786;5269;vanilla;0,43794328628034956;27;15,0;22,0;12,0;13,0;;False;5;sgd;minmax
2307;2024-05-12 13:41:52.225222;0,4619140625;;leaky_relu;;;256;;28,0;True;normalizer;0,09536976109988024;2631;17786;5269;vanilla;0,014750754759725867;7;4,0;28,0;13,0;17,0;0,058134889143227245;False;5;sgd;minmax
2308;2024-05-12 13:42:30.212742;0,4619140625;;relu;;;256;0,4102401895899829;;False;;0,05601924892385611;2631;17786;5269;dropout;0,001392739903752092;8;14,0;27,0;22,0;23,0;;True;5;sgd;minmax
2309;2024-05-12 13:43:11.519198;0,40898436307907104;;relu;;;512;;10,0;True;minmax;0,3348187160832227;2631;17786;5269;vanilla;0,20655886761168837;10;18,0;26,0;29,0;;;False;4;sgd;minmax
2310;2024-05-12 13:43:37.563738;0,533007800579071;;relu;;;256;;80,0;True;normalizer;0,996654368298035;2631;17786;5269;vanilla;0,03361083745545933;13;3,0;29,0;24,0;15,0;;False;5;sgd;maxabs
2311;2024-05-12 13:44:21.734456;0,4619140625;;relu;;;256;0,2678348447354218;53,0;True;normalizer;0,03991617724044257;2631;17786;5269;dropout;0,28729040863628885;26;17,0;26,0;22,0;6,0;;False;5;sgd;minmax
2312;2024-05-12 13:44:58.665313;0,4623046815395355;;relu;;;256;;67,0;True;normalizer;0,0018419343330031827;2631;17786;5269;vanilla;0,3417913783853628;28;5,0;28,0;24,0;;;False;4;sgd;minmax
2313;2024-05-12 13:45:49.667074;0,251953125;;relu;;;256;;9,0;True;maxabs;0,15624518852368044;2631;17786;5269;vanilla;0,06987068641738811;9;16,0;27,0;21,0;10,0;;False;5;sgd;minmax
2314;2024-05-12 13:46:27.879034;0,5306640863418579;;selu;;;256;;73,0;True;normalizer;0,4307066735381141;2631;17786;5269;vanilla;0,044376606445592735;27;13,0;29,0;23,0;19,0;;False;5;sgd;minmax
2315;2024-05-12 13:47:10.235933;0,5298252105712891;;relu;;;16;0,20990325459902803;57,0;True;normalizer;0,011815027441004777;2631;17786;5269;dropout;0,0016728621881506092;30;5,0;28,0;25,0;;;False;4;sgd;minmax
2316;2024-05-12 13:54:19.845132;0,5289633870124817;;leaky_relu;;;32;;83,0;True;normalizer;0,29355819860600385;2631;17786;5269;vanilla;0,006874081993185554;11;12,0;30,0;23,0;14,0;0,07379969582884469;True;5;sgd;minmax
2317;2024-05-12 13:56:10.945977;0,5249999761581421;;relu;;;256;;87,0;True;normalizer;0,5770040737450824;2631;17786;5269;vanilla;0,0024992947107172676;25;4,0;25,0;14,0;21,0;;False;5;sgd;minmax
2318;2024-05-12 13:56:59.214051;0,530078113079071;;relu;;;256;0,3285645632604634;78,0;True;normalizer;0,380164166492697;2631;17786;5269;dropout;0,15331234541785294;28;6,0;19,0;;;;False;3;sgd;minmax
2319;2024-05-12 13:57:39.830932;0,4619140625;;relu;;;256;;80,0;True;normalizer;0,8539633628543352;2631;17786;5269;vanilla;0,6061562914570707;29;3,0;27,0;11,0;5,0;;False;5;sgd;minmax
2320;2024-05-12 13:58:18.999644;0,4619140625;;relu;;;512;;;False;;0,0015464498044248775;2631;17786;5269;vanilla;0,0011173486021046604;14;14,0;28,0;12,0;22,0;;False;5;sgd;minmax
2321;2024-05-12 13:58:48.758654;0,4619140625;;relu;;;256;0,6675791349719303;76,0;True;normalizer;0,23630959511833108;2631;17786;5269;dropout;0,0010145116180246482;12;15,0;27,0;13,0;;;False;4;sgd;minmax
2322;2024-05-12 13:59:19.165749;0,533398449420929;;relu;;;256;;82,0;True;normalizer;0,4965082860676271;2631;17786;5269;vanilla;0,24587344137336772;6;4,0;28,0;24,0;30,0;;False;5;sgd;minmax
2323;2024-05-12 14:00:12.619618;0,4619140625;;relu;;;256;;85,0;True;normalizer;0,0069130271849103895;2631;17786;5269;vanilla;0,021700368060597587;27;7,0;26,0;22,0;;;False;4;sgd;minmax
2324;2024-05-12 14:00:51.002233;0,516796886920929;;leaky_relu;;;256;;78,0;True;normalizer;0,18357222173988041;2631;17786;5269;batchnorm;0,008115941526611919;10;3,0;29,0;24,0;27,0;0,09380855635923899;True;5;sgd;minmax
2325;2024-05-12 14:01:50.636955;0,528515636920929;;relu;;;256;;74,0;True;normalizer;0,13852218514849507;2631;17786;5269;vanilla;0,05690888436457492;8;13,0;;;;;False;2;sgd;minmax
2326;2024-05-12 14:02:33.459517;0,4619140625;;selu;;;256;0,23070747012587078;81,0;True;normalizer;0,04376439701889736;2631;17786;5269;dropout;0,09839192958207249;11;5,0;21,0;23,0;22,0;;False;5;sgd;normalizer
2327;2024-05-12 14:03:11.983098;0,5301067233085632;;relu;;;128;;84,0;True;normalizer;0,05836080044861498;2631;17786;5269;vanilla;0,004496289172135999;28;4,0;6,0;21,0;18,0;;False;5;sgd;minmax
2328;2024-05-12 14:04:42.876841;0,2861328125;;relu;0,7470326604522117;0,14147123100573417;256;;79,0;True;normalizer;0,07149698052647305;2631;17786;5269;vanilla;;29;14,0;28,0;25,0;;;;4;adam;minmax
2329;2024-05-12 14:05:23.848047;0,53125;;relu;;;256;0,16642779845205224;77,0;True;normalizer;0,3448234957491297;2631;17786;5269;dropout;0,002170562518426771;7;16,0;27,0;22,0;25,0;;False;5;sgd;minmax
2330;2024-05-12 14:06:09.410763;0,532031238079071;;relu;;;512;;86,0;True;normalizer;0,21334988048994458;2631;17786;5269;vanilla;0,010137073112061069;9;15,0;29,0;19,0;23,0;;False;5;sgd;minmax
2331;2024-05-12 14:06:57.771413;0,5278201103210449;;relu;;;64;;;False;;0,4381721133629673;2631;17786;5269;vanilla;0,01641852587229705;28;4,0;30,0;24,0;;;False;4;sgd;minmax
2332;2024-05-12 14:08:29.639145;0,251953125;;relu;;;256;0,10990710481212163;8,0;True;minmax;0,7245781227661753;2631;17786;5269;dropout;0,026556034867901427;13;6,0;26,0;20,0;8,0;;False;5;sgd;maxabs
2333;2024-05-12 14:08:59.961068;0,527539074420929;;leaky_relu;;;256;;90,0;True;normalizer;0,013539409393449707;2631;17786;5269;vanilla;0,8668577662311269;12;3,0;28,0;22,0;28,0;0,01647264792697853;False;5;sgd;minmax
2334;2024-05-12 14:09:58.856217;0,5249999761581421;;relu;;;256;;82,0;True;normalizer;0,2697398447678419;2631;17786;5269;vanilla;0,08414425581721201;16;;;;;;True;1;sgd;minmax
2335;2024-05-12 14:10:35.086370;0,5277355909347534;;relu;;;8;;80,0;True;normalizer;0,0029251330412337945;2631;17786;5269;vanilla;0,21776745934336805;10;12,0;15,0;23,0;;;False;4;sgd;minmax
2336;2024-05-12 14:19:00.491969;0,251953125;;relu;;;256;0,18579056226137025;9,0;True;maxabs;0,3957972007216953;2631;17786;5269;dropout;0,26198893550469315;27;9,0;27,0;26,0;16,0;;False;5;sgd;minmax
2337;2024-05-12 14:19:38.959040;0,4619140625;;relu;;;256;;76,0;True;normalizer;0,004672765914507766;2631;17786;5269;vanilla;0,003419124285662587;30;6,0;25,0;13,0;21,0;;False;5;sgd;minmax
2338;2024-05-12 14:20:08.840203;0,5277343988418579;;selu;;;256;;84,0;True;normalizer;0,3146651988381697;2631;17786;5269;vanilla;0,012892327738771912;26;19,0;27,0;21,0;26,0;;False;5;sgd;minmax
2339;2024-05-12 14:20:42.494905;0,4619140625;;relu;;;256;0,629715686991019;55,0;True;normalizer;0,01895692050347035;2631;17786;5269;dropout;0,38925910746086045;28;14,0;28,0;12,0;;;False;4;sgd;minmax
2340;2024-05-12 14:21:20.907064;0,4619140625;;relu;;;512;;61,0;True;normalizer;0,03627400810880819;2631;17786;5269;vanilla;0,17682806108362462;9;13,0;29,0;15,0;17,0;;False;5;sgd;minmax
2341;2024-05-12 14:21:50.183093;0,528515636920929;;relu;;;256;;71,0;True;normalizer;0,09902311203159729;2631;17786;5269;vanilla;0,5157985630529557;11;5,0;26,0;23,0;;;True;4;sgd;minmax
2342;2024-05-12 14:22:36.048762;0,4619140625;;leaky_relu;;;256;0,5766933749585781;;False;;0,05017437261707064;2631;17786;5269;dropout;0,12998837380507372;10;3,0;29,0;24,0;24,0;0,024147264581401925;False;5;sgd;minmax
2343;2024-05-12 14:23:17.840234;0,4597264528274536;;relu;0,883075016799192;0,4412090326177326;16;;51,0;True;normalizer;0,5191682070302149;2631;17786;5269;vanilla;;29;4,0;27,0;25,0;4,0;;;5;adam;minmax
2344;2024-05-12 14:28:44.545173;0,5308593511581421;;relu;;;256;;81,0;True;normalizer;0,12622925381212619;2631;17786;5269;vanilla;0,06422598536102671;8;15,0;30,0;22,0;3,0;;False;5;sgd;minmax
2345;2024-05-12 14:29:39.065202;0,4731326103210449;;relu;;;32;;78,0;True;normalizer;0,00815998500498498;2631;17786;5269;batchnorm;0,0015931765300788707;27;5,0;28,0;23,0;;;False;4;sgd;minmax
2346;2024-05-12 14:33:19.585300;0,5341796875;;relu;;;256;;87,0;True;normalizer;0,6459331156580379;2631;17786;5269;vanilla;0,10891723331198502;9;16,0;26,0;13,0;7,0;;False;5;sgd;minmax
2347;2024-05-12 14:33:56.715845;0,534375011920929;;relu;;;256;0,12130524696487341;75,0;True;normalizer;0,08296097362802496;2631;17786;5269;dropout;0,6996146591397646;27;13,0;27,0;24,0;;;False;4;sgd;minmax
2348;2024-05-12 14:34:39.379038;0,529101550579071;;relu;;;256;;82,0;True;normalizer;0,34591783449303026;2631;17786;5269;vanilla;0,005736355662795706;28;11,0;28,0;14,0;16,0;;False;5;sgd;minmax
2349;2024-05-12 14:35:21.664128;0,4619140625;;relu;;;256;;79,0;True;normalizer;0,0038675956561565862;2631;17786;5269;vanilla;0,01892880928836227;29;3,0;29,0;;;;False;3;sgd;normalizer
2350;2024-05-12 14:36:03.895312;0,4619140625;;selu;;;256;0,6044919009422768;73,0;True;normalizer;0,023479198548819493;2631;17786;5269;dropout;0,0013242637897584106;8;5,0;4,0;23,0;19,0;;True;5;sgd;minmax
2351;2024-05-12 14:36:45.639228;0,4619140625;;leaky_relu;;;512;;84,0;True;normalizer;0,009677049651980827;2631;17786;5269;vanilla;0,322237586027465;11;14,0;14,0;18,0;20,0;0,08630944550334273;False;5;sgd;minmax
2352;2024-05-12 14:37:18.298936;0,4619140625;;relu;;;256;;80,0;True;normalizer;0,007451301465450562;2631;17786;5269;vanilla;0,048268074437632744;12;4,0;27,0;22,0;9,0;;False;5;sgd;minmax
2353;2024-05-12 14:38:02.511500;0,4619140625;;relu;;;256;0,6568155450133599;;False;;0,15452503674287643;2631;17786;5269;dropout;0,030099189964052586;10;7,0;28,0;23,0;;;False;4;sgd;maxabs
2354;2024-05-12 14:38:42.682561;0,5283203125;;relu;;;256;;77,0;True;normalizer;0,2564061056053611;2631;17786;5269;vanilla;0,27355759279965186;28;17,0;30,0;20,0;13,0;;False;5;sgd;minmax
2355;2024-05-12 14:39:31.093420;0,2522865831851959;;relu;;;128;;7,0;True;minmax;0,005178107384357397;2631;17786;5269;vanilla;0,0783254717005065;26;4,0;26,0;25,0;30,0;;False;5;sgd;minmax
2356;2024-05-12 14:40:19.266995;0,525390625;;relu;;;256;;83,0;True;normalizer;0,40867948312986857;2631;17786;5269;vanilla;0,14376069140388126;27;3,0;26,0;11,0;5,0;;False;5;sgd;minmax
2357;2024-05-12 14:40:56.425481;0,5318359136581421;;relu;;;256;0,1437556915966706;81,0;True;normalizer;0,28954422107833566;2631;17786;5269;dropout;0,2198819306521454;29;22,0;7,0;22,0;;;False;4;sgd;minmax
2358;2024-05-12 14:41:38.398907;0,4596036672592163;;relu;;;64;;33,0;True;normalizer;0,0022875003734199547;2631;17786;5269;vanilla;0,001000718065426897;30;12,0;28,0;24,0;6,0;;True;5;sgd;minmax
2359;2024-05-12 14:43:15.620816;0,251953125;;leaky_relu;;;256;;1,0;True;maxabs;0,03204227209700459;2631;17786;5269;vanilla;0,010990346631045353;28;15,0;29,0;12,0;23,0;0,003133530132081362;False;5;sgd;minmax
2360;2024-05-12 14:43:54.145048;0,531445324420929;;relu;;;256;0,2808145459371844;75,0;True;normalizer;0,45610826433700685;2631;17786;5269;dropout;0,03682651426599481;7;13,0;27,0;21,0;;;False;4;sgd;minmax
2361;2024-05-12 14:44:40.557400;0,4619140625;;relu;;;256;;86,0;True;normalizer;0,07056597776097502;2631;17786;5269;vanilla;0,0028297853187019164;10;6,0;25,0;23,0;20,0;;False;5;sgd;minmax
2362;2024-05-12 14:45:20.187816;0,4619140625;;relu;0,8310587739130958;0,7628750537685216;512;;58,0;True;normalizer;0,22316807317621298;2631;17786;5269;vanilla;;11;14,0;27,0;14,0;11,0;;;5;adam;minmax
2363;2024-05-12 14:45:50.421922;0,4619140625;;relu;;;256;0,24992673959485565;78,0;True;normalizer;0,004224732877091472;2631;17786;5269;dropout;0,007856798057126654;9;24,0;28,0;13,0;;;False;4;sgd;minmax
2364;2024-05-12 14:46:31.328776;0,5328647494316101;;selu;;;8;;;False;;0,06071923174719662;2631;17786;5269;vanilla;0,013550970098055417;8;3,0;26,0;26,0;15,0;;False;5;sgd;minmax
2365;2024-05-12 14:52:50.591251;0,5306640863418579;;relu;;;256;;88,0;True;normalizer;0,1817805603538425;2631;17786;5269;vanilla;0,19516631603077345;29;5,0;5,0;22,0;21,0;;False;5;sgd;minmax
2366;2024-05-12 14:53:37.980970;0,530468761920929;;relu;;;256;0,3559766215181992;83,0;True;normalizer;0,5716948602370697;2631;17786;5269;dropout;0,042103685921844464;27;15,0;29,0;10,0;;;False;4;sgd;minmax
2367;2024-05-12 14:54:22.073053;0,5257812738418579;;relu;;;256;;80,0;True;normalizer;0,3337249202999767;2631;17786;5269;vanilla;0,4639464196265168;12;4,0;28,0;23,0;18,0;;True;5;sgd;minmax
2368;2024-05-12 14:54:56.569203;0,502148449420929;;leaky_relu;;;256;;85,0;True;normalizer;0,04310140091898772;2631;17786;5269;batchnorm;0,16328487700790184;11;14,0;27,0;24,0;29,0;0,006546254469537587;False;5;sgd;minmax
2369;2024-05-12 14:55:32.051835;0,533203125;;relu;;;256;;36,0;True;normalizer;0,38555115446770544;2631;17786;5269;vanilla;0,006696865557317348;9;6,0;24,0;23,0;;;False;4;sgd;minmax
2370;2024-05-12 14:56:27.136960;0,4619140625;;relu;;;256;;82,0;True;normalizer;0,3002351665440825;2631;17786;5269;vanilla;0,3442424526771514;28;13,0;30,0;21,0;22,0;;False;5;sgd;normalizer
2371;2024-05-12 14:57:08.767272;0,4597264528274536;;relu;;;16;0,6851573829123817;77,0;True;normalizer;0,4526954860397949;2631;17786;5269;dropout;0,0019218344551752535;10;27,0;28,0;25,0;14,0;;False;5;sgd;minmax
2372;2024-05-12 15:01:55.761028;0,5306640863418579;;relu;;;512;;73,0;True;normalizer;0,20604969632963935;2631;17786;5269;vanilla;0,004814764019645437;27;3,0;29,0;22,0;28,0;;False;5;sgd;minmax
2373;2024-05-12 15:02:34.051028;0,5287109613418579;;relu;;;256;;80,0;True;normalizer;0,1399760178526151;2631;17786;5269;vanilla;0,01627307194987907;28;7,0;27,0;24,0;;;False;4;sgd;minmax
2374;2024-05-12 15:03:24.418808;0,4619140625;;relu;;;256;0,19544836058914963;79,0;True;normalizer;0,11073801475076714;2631;17786;5269;dropout;0,08989388176061575;25;16,0;29,0;12,0;21,0;;False;5;sgd;minmax
2375;2024-05-12 15:04:08.135136;0,528515636920929;;selu;;;256;;76,0;True;normalizer;0,841079757451032;2631;17786;5269;vanilla;0,02273457221744273;26;4,0;25,0;22,0;5,0;;True;5;sgd;maxabs
2376;2024-05-12 15:04:50.471986;0,4085365831851959;;relu;;;32;;8,0;True;minmax;0,04878057878062906;2631;17786;5269;vanilla;0,008927942013087047;13;5,0;28,0;19,0;;;False;4;sgd;minmax
2377;2024-05-12 15:06:38.739971;0,5306640863418579;;leaky_relu;;;256;0,16179480353613487;65,0;True;normalizer;0,248827792754354;2631;17786;5269;dropout;0,004050435523349252;8;14,0;26,0;30,0;23,0;0,07827432917086515;False;5;sgd;minmax
2378;2024-05-12 15:07:34.388835;0,4619140625;;relu;;;256;;;False;;0,02821115920423133;2631;17786;5269;vanilla;0,2371225175349105;7;3,0;27,0;25,0;18,0;;False;5;sgd;minmax
2379;2024-05-12 15:08:03.759740;0,4619140625;;relu;;;256;;84,0;True;normalizer;0,0031566427616151935;2631;17786;5269;vanilla;0,05348203879103209;11;4,0;30,0;24,0;22,0;;False;5;sgd;minmax
2380;2024-05-12 15:08:35.610894;0,5326172113418579;;relu;;;256;;82,0;True;normalizer;0,5041679097789061;2631;17786;5269;vanilla;0,29027780084921606;28;18,0;28,0;23,0;;;False;4;sgd;minmax
2381;2024-05-12 15:09:25.700224;0,5269531011581421;;relu;0,9121638247121534;0,8425505139818976;256;0,1318825381571873;79,0;True;normalizer;0,0034293845903357015;2631;17786;5269;dropout;;17;5,0;13,0;11,0;24,0;;;5;adam;minmax
2382;2024-05-12 15:09:57.344356;0,251953125;;relu;;;512;;9,0;True;maxabs;0,1652935035093765;2631;17786;5269;vanilla;0,0012696292045354734;9;15,0;27,0;13,0;;;False;4;sgd;minmax
2383;2024-05-12 15:10:20.538045;0,5296875238418579;;relu;;;256;;70,0;True;normalizer;0,3652340081297702;2631;17786;5269;vanilla;0,07377909535925907;29;12,0;28,0;;;;False;3;sgd;minmax
2384;2024-05-12 15:10:57.507461;0,4619140625;;relu;;;256;0,17486656870844378;74,0;True;normalizer;0,061252232983028176;2631;17786;5269;dropout;0,0015095135356221361;10;4,0;29,0;14,0;17,0;;True;5;sgd;minmax
2385;2024-05-12 15:11:38.719056;0,53125;;leaky_relu;;;128;;53,0;True;normalizer;0,3150413931917184;2631;17786;5269;vanilla;0,5761886493731795;12;14,0;26,0;23,0;19,0;0,0684315479460798;False;5;sgd;minmax
2386;2024-05-12 15:12:42.162965;0,531445324420929;;relu;;;256;;45,0;True;normalizer;0,08580960919781452;2631;17786;5269;vanilla;0,40093299921981984;30;8,0;27,0;22,0;;;False;4;sgd;minmax
2387;2024-05-12 15:13:35.638704;0,5245807766914368;;relu;;;64;0,22531952118972592;;False;;0,5856215116537061;2631;17786;5269;dropout;0,10632772228323785;18;16,0;29,0;24,0;4,0;;False;5;sgd;minmax
2388;2024-05-12 15:15:36.487390;0,5328124761581421;;selu;;;256;;77,0;True;normalizer;0,7232886763587216;2631;17786;5269;vanilla;0,018380278974303027;6;6,0;27,0;24,0;20,0;;False;5;sgd;minmax
2389;2024-05-12 15:16:16.720617;0,522265613079071;;relu;;;256;;87,0;True;normalizer;0,36782776478032564;2631;17786;5269;batchnorm;0,03277499905338201;14;13,0;8,0;21,0;22,0;;False;5;sgd;minmax
2390;2024-05-12 15:16:51.151098;0,5210937261581421;;relu;;;256;;83,0;True;normalizer;0,2791536395063633;2631;17786;5269;vanilla;0,982019851603835;27;15,0;28,0;12,0;;;False;4;sgd;minmax
2391;2024-05-12 15:17:23.659565;0,4619140625;;relu;;;256;;80,0;True;normalizer;0,4331328016776559;2631;17786;5269;vanilla;0,00568977309037594;28;3,0;26,0;23,0;11,0;;False;5;sgd;normalizer
2392;2024-05-12 15:18:02.492969;0,5326172113418579;;relu;;;256;0,11176476991974901;81,0;True;normalizer;0,116233779049633;2631;17786;5269;dropout;0,06416824804679021;29;17,0;30,0;27,0;13,0;;True;5;sgd;minmax
2393;2024-05-12 15:19:06.530859;0,4619140625;;relu;;;512;;85,0;True;normalizer;0,040300058441024994;2631;17786;5269;vanilla;0,014581251846525992;10;3,0;27,0;22,0;;;False;4;sgd;minmax
2394;2024-05-12 15:19:34.609194;0,4619140625;;leaky_relu;;;256;;49,0;True;normalizer;0,052142469113486814;2631;17786;5269;vanilla;0,012203566053660094;8;5,0;12,0;14,0;26,0;0,06242097616993361;False;5;sgd;minmax
2395;2024-05-12 15:20:12.420570;0,4597264528274536;;relu;;;8;0,21209172530299517;78,0;True;normalizer;0,001028111036416186;2631;17786;5269;dropout;0,1929415219638446;27;6,0;25,0;16,0;21,0;;False;5;sgd;minmax
2396;2024-05-12 15:29:31.851916;0,4619140625;;relu;;;256;;75,0;True;normalizer;0,02037167914171026;2631;17786;5269;vanilla;0,010567584240557907;22;4,0;28,0;21,0;24,0;;False;5;sgd;minmax
2397;2024-05-12 15:30:01.464343;0,5328124761581421;;relu;;;256;;72,0;True;normalizer;0,19037248967064793;2631;17786;5269;vanilla;0,26175378656425474;11;13,0;29,0;20,0;29,0;;False;5;sgd;minmax
2398;2024-05-12 15:31:09.711170;0,46796876192092896;;relu;;;256;0,3959962698264242;89,0;True;normalizer;0,5021190155304276;2631;17786;5269;dropout;0,009546971100266918;9;14,0;28,0;25,0;;;False;4;sgd;maxabs
2399;2024-05-12 15:31:48.987186;0,4619140625;;relu;0,4073368094446011;0,19072213816557104;256;;;False;;0,2432201569060419;2631;17786;5269;vanilla;;28;4,0;26,0;24,0;23,0;;;5;adam;minmax
2400;2024-05-12 15:32:29.181865;0,5250759720802307;;selu;;;16;;82,0;True;normalizer;0,01717880336855595;2631;17786;5269;vanilla;0,0035692496933321105;12;7,0;27,0;13,0;;;False;4;sgd;minmax
2401;2024-05-12 15:35:45.502218;0,4619140625;;relu;;;256;;24,0;True;normalizer;0,10049712140728609;2631;17786;5269;vanilla;0,027835121790122437;26;3,0;28,0;15,0;20,0;;True;5;sgd;minmax
2402;2024-05-12 15:36:15.290087;0,4619140625;;relu;;;256;0,46833368480302096;84,0;True;normalizer;0,07477415258273294;2631;17786;5269;dropout;0,31639046669343274;28;15,0;20,0;23,0;15,0;;False;5;sgd;minmax
2403;2024-05-12 15:36:50.859227;0,5262957215309143;;leaky_relu;;;32;;79,0;True;normalizer;0,13565059683368103;2631;17786;5269;vanilla;0,002384236850548501;10;11,0;29,0;23,0;;0,05943504204961222;False;4;sgd;minmax
2404;2024-05-12 15:38:30.780781;0,251953125;;relu;;;512;;2,0;True;minmax;0,004812282354362363;2631;17786;5269;vanilla;0,14380041820651018;7;19,0;30,0;22,0;22,0;;False;5;sgd;minmax
2405;2024-05-12 15:38:59.132808;0,251953125;;relu;;;256;0,3792398207017282;9,0;True;maxabs;0,39603510898194616;2631;17786;5269;dropout;0,23736570270518306;27;5,0;3,0;11,0;30,0;;False;5;sgd;minmax
2406;2024-05-12 15:39:40.778366;0,4619140625;;relu;;;256;;76,0;True;normalizer;0,004543406759263386;2631;17786;5269;vanilla;0,3725798378500284;9;12,0;27,0;22,0;19,0;;False;5;sgd;minmax
2407;2024-05-12 15:40:22.305106;0,52734375;;relu;;;256;;82,0;True;normalizer;0,31710440866854944;2631;17786;5269;vanilla;0,0028176332301389647;29;14,0;29,0;;;;False;3;sgd;minmax
2408;2024-05-12 15:41:01.180976;0,4619140625;;relu;;;256;0,15358832760337637;86,0;True;normalizer;0,034202912848754444;2631;17786;5269;dropout;0,04003388889829846;11;3,0;26,0;24,0;;;False;4;sgd;minmax
2409;2024-05-12 15:41:41.060792;0,4619140625;;relu;;;256;;;False;;0,0023110480496369573;2631;17786;5269;vanilla;0,0017435161656876518;13;13,0;26,0;12,0;17,0;;True;5;sgd;minmax
2410;2024-05-12 15:42:32.400250;0,5189453363418579;;relu;;;256;;69,0;True;normalizer;0,6487257702791415;2631;17786;5269;batchnorm;0,11822193117780089;29;;;;;;False;1;sgd;minmax
2411;2024-05-12 15:43:08.480236;0,5306640863418579;;leaky_relu;;;256;;81,0;True;normalizer;0,34826513180111945;2631;17786;5269;vanilla;0,020763688009716067;10;16,0;27,0;13,0;6,0;0,07588934466186936;False;5;sgd;minmax
2412;2024-05-12 15:43:54.170424;0,5238281488418579;;relu;;;256;;78,0;True;normalizer;0,16862792055317635;2631;17786;5269;vanilla;0,09046862193436937;27;5,0;;;;;False;2;sgd;minmax
2413;2024-05-12 15:44:36.030219;0,518750011920929;;selu;;;512;0,4280345429316398;83,0;True;normalizer;0,8754473894512955;2631;17786;5269;dropout;0,001165626959084621;28;6,0;28,0;25,0;;;False;4;sgd;normalizer
2414;2024-05-12 15:45:25.216079;0,5306783318519592;;relu;;;128;;74,0;True;normalizer;0,46031677754929523;2631;17786;5269;vanilla;0,6425541560889663;12;4,0;28,0;17,0;10,0;;False;5;sgd;minmax
2415;2024-05-12 15:46:23.434719;0,5289062261581421;;relu;;;256;;77,0;True;normalizer;0,21791436895874097;2631;17786;5269;vanilla;0,17091075914195292;21;26,0;27,0;23,0;5,0;;False;5;sgd;minmax
2416;2024-05-12 15:47:33.349305;0,4619140625;;relu;;;256;0,3003677886715875;56,0;True;normalizer;0,008836596305941545;2631;17786;5269;dropout;0,47202101630189197;8;14,0;29,0;24,0;21,0;;False;5;sgd;minmax
2417;2024-05-12 15:48:15.489968;0,5297256112098694;;relu;;;64;;80,0;True;normalizer;0,061969706975253905;2631;17786;5269;vanilla;0,2063321406295141;29;3,0;25,0;23,0;;;True;4;sgd;minmax
2418;2024-05-12 15:49:41.942919;0,4619140625;;relu;0,03280381749645933;0,7991547630270974;256;;30,0;True;normalizer;0,2919660269649687;2631;17786;5269;vanilla;;9;4,0;30,0;21,0;16,0;;;5;adam;minmax
2419;2024-05-12 15:50:13.254853;0,529492199420929;;relu;;;256;0,3375122069459596;85,0;True;normalizer;0,4076899416137714;2631;17786;5269;dropout;0,013813399899135177;30;15,0;28,0;22,0;18,0;;False;5;sgd;maxabs
2420;2024-05-12 15:51:03.751025;0,531054675579071;;leaky_relu;;;256;;63,0;True;normalizer;0,024685016554982748;2631;17786;5269;vanilla;0,9979787521867041;28;13,0;26,0;24,0;;0,08882245768044425;False;4;sgd;minmax
2421;2024-05-12 15:51:50.457374;0,532421886920929;;relu;;;256;;;False;;0,2606898857522185;2631;17786;5269;vanilla;0,0076977272529398025;10;5,0;27,0;10,0;23,0;;False;5;sgd;minmax
2422;2024-05-12 15:52:38.714880;0,5289062261581421;;relu;;;256;;79,0;True;normalizer;0,5385734829253733;2631;17786;5269;vanilla;0,056359680988305065;26;8,0;29,0;26,0;7,0;;False;5;sgd;minmax
2423;2024-05-12 15:53:13.698919;0,39863282442092896;;relu;;;256;0,18846681451098732;8,0;True;minmax;0,14881244894287782;2631;17786;5269;dropout;0,7608319957550432;11;4,0;28,0;13,0;;;False;4;sgd;minmax
2424;2024-05-12 15:54:10.650769;0,4597264528274536;;relu;;;8;;81,0;True;normalizer;0,34089044701348137;2631;17786;5269;vanilla;0,2703757442933328;27;3,0;27,0;23,0;22,0;;False;5;sgd;minmax
2425;2024-05-12 16:00:41.902805;0,4619140625;;relu;;;512;;83,0;True;normalizer;0,08747471421214592;2631;17786;5269;vanilla;0,001421202582346185;28;7,0;9,0;14,0;29,0;;False;5;sgd;minmax
2426;2024-05-12 16:01:09.803789;0,5326172113418579;;selu;;;256;0,14200158259099566;76,0;True;normalizer;0,7589845959298526;2631;17786;5269;dropout;0,06822665253490151;7;16,0;23,0;22,0;3,0;;True;5;sgd;minmax
2427;2024-05-12 16:01:50.983222;0,251953125;;relu;;;256;;88,0;True;normalizer;0,00126226883727895;2631;17786;5269;vanilla;0,006088827994630234;8;14,0;26,0;25,0;;;False;4;sgd;minmax
2428;2024-05-12 16:02:30.007286;0,251953125;;relu;;;256;;8,0;True;maxabs;0,0015033210727470442;2631;17786;5269;vanilla;0,017030567569796054;29;4,0;29,0;15,0;4,0;;False;5;sgd;minmax
2429;2024-05-12 16:03:05.623778;0,4619140625;;leaky_relu;;;256;0,23827390783505337;78,0;True;normalizer;0,0533944277402808;2631;17786;5269;dropout;0,008725114219927428;9;15,0;18,0;23,0;;0,054611811984145886;False;4;sgd;minmax
2430;2024-05-12 16:03:36.166502;0,5322265625;;relu;;;256;;81,0;True;normalizer;0,39296921061341944;2631;17786;5269;vanilla;0,024940955348833078;28;23,0;27,0;12,0;27,0;;False;5;sgd;minmax
2431;2024-05-12 16:04:13.079854;0,4596036672592163;;relu;;;32;;85,0;True;normalizer;0,003334143904833478;2631;17786;5269;vanilla;0,001991306334812171;11;12,0;17,0;21,0;20,0;;False;5;sgd;minmax
2432;2024-05-12 16:05:56.819550;0,5322948098182678;;relu;;;16;;;False;;0,18786834722361678;2631;17786;5269;vanilla;0,011946736601410561;27;5,0;28,0;24,0;10,0;;False;5;sgd;minmax
2433;2024-05-12 16:09:12.513196;0,517578125;;relu;;;256;;59,0;True;normalizer;0,492917552703091;2631;17786;5269;batchnorm;0,3132301673231092;10;13,0;28,0;22,0;;;False;4;sgd;minmax
2434;2024-05-12 16:09:45.172539;0,4619140625;;relu;;;256;0,1007415740967857;74,0;True;normalizer;0,03851204218721155;2631;17786;5269;dropout;0,0771585258454046;28;3,0;30,0;9,0;21,0;;True;5;sgd;minmax
2435;2024-05-12 16:10:17.349451;0,4619140625;;relu;;;256;;67,0;True;normalizer;0,06868043475003087;2631;17786;5269;vanilla;0,2303300471686053;15;4,0;27,0;24,0;9,0;;False;5;sgd;normalizer
2436;2024-05-12 16:10:55.692952;0,4619140625;;relu;;;512;;83,0;True;normalizer;0,047015192169807325;2631;17786;5269;vanilla;0,1740529192838744;8;14,0;28,0;23,0;24,0;;False;5;sgd;minmax
2437;2024-05-12 16:11:24.354827;0,5289062261581421;;leaky_relu;;;256;0,12156842723461549;91,0;True;normalizer;0,12737693288800483;2631;17786;5269;dropout;0,13234030708092212;12;17,0;24,0;20,0;;0,01195069303838309;False;4;sgd;minmax
2438;2024-05-12 16:12:14.258632;0,5224609375;;relu;;;256;;72,0;True;normalizer;0,5987772072935418;2631;17786;5269;vanilla;0,004508494031210704;6;9,0;22,0;14,0;13,0;;False;5;sgd;minmax
2439;2024-05-12 16:12:58.435398;0,5283203125;;selu;;;256;;79,0;True;normalizer;0,282959933836455;2631;17786;5269;vanilla;0,003228617427312681;30;6,0;26,0;11,0;;;False;4;sgd;minmax
2440;2024-05-12 16:13:30.354903;0,4619140625;;relu;0,7928933727840315;0,012388941023995403;256;0,5319625454801485;76,0;True;normalizer;0,9953483529907303;2631;17786;5269;dropout;;13;15,0;29,0;22,0;17,0;;;5;adam;minmax
2441;2024-05-12 16:14:19.958932;0,4619140625;;relu;;;256;;86,0;True;normalizer;0,029279127771114292;2631;17786;5269;vanilla;0,4152201417681557;11;3,0;25,0;13,0;19,0;;False;5;sgd;minmax
2442;2024-05-12 16:14:58.905605;0,5213414430618286;;relu;;;128;;41,0;True;normalizer;0,2292610913257684;2631;17786;5269;vanilla;0,05007642944739021;27;5,0;27,0;25,0;25,0;;False;5;sgd;minmax
2443;2024-05-12 16:16:17.575830;0,527539074420929;;relu;;;256;;;False;;0,4385301612745822;2631;17786;5269;vanilla;0,006632734458465567;19;6,0;28,0;24,0;;;True;4;sgd;maxabs
2444;2024-05-12 16:17:00.470166;0,4619140625;;relu;;;256;0,28775108751488204;16,0;True;normalizer;0,01349739991745121;2631;17786;5269;dropout;0,3560459389795087;9;7,0;29,0;23,0;6,0;;False;5;sgd;minmax
2445;2024-05-12 16:17:40.766832;0,533007800579071;;relu;;;512;;81,0;True;normalizer;0,3297249884083494;2631;17786;5269;vanilla;0,10157282895577202;29;13,0;26,0;23,0;23,0;;False;5;sgd;minmax
2446;2024-05-12 16:18:26.134935;0,5306640863418579;;leaky_relu;;;256;;77,0;True;normalizer;0,3772506994926166;2631;17786;5269;vanilla;0,02083898397890931;24;16,0;27,0;22,0;30,0;0,014163675424053328;False;5;sgd;minmax
2447;2024-05-12 16:19:14.917752;0,3814786672592163;;relu;;;64;0,4898099284122242;7,0;True;minmax;0,1641719659992026;2631;17786;5269;dropout;0,03393634910043221;10;4,0;30,0;21,0;;;False;4;sgd;minmax
2448;2024-05-12 16:24:35.254205;0,4619140625;;relu;;;256;;84,0;True;normalizer;0,004620899343143398;2631;17786;5269;vanilla;0,004977795601098559;29;3,0;28,0;;;;False;3;sgd;minmax
2449;2024-05-12 16:25:17.706060;0,528515636920929;;relu;;;256;;79,0;True;normalizer;0,09875081209574704;2631;17786;5269;vanilla;0,5414060483701292;26;15,0;27,0;13,0;16,0;;False;5;sgd;minmax
2450;2024-05-12 16:26:17.320439;0,5316406488418579;;selu;;;256;0,5029859391634943;54,0;True;normalizer;0,2564999461892261;2631;17786;5269;dropout;0,001141602132713387;27;14,0;29,0;12,0;21,0;;False;5;sgd;minmax
2451;2024-05-12 16:26:56.223197;0,2520896792411804;;relu;;;8;;9,0;True;maxabs;0,07706374599375128;2631;17786;5269;vanilla;0,19844445261861157;28;10,0;11,0;23,0;;;True;4;sgd;minmax
2452;2024-05-12 16:33:23.560551;0,530078113079071;;relu;;;256;;82,0;True;normalizer;0,19783073870019582;2631;17786;5269;vanilla;0,2668290947736375;12;4,0;27,0;24,0;14,0;;False;5;sgd;minmax
2453;2024-05-12 16:34:09.843360;0,4619140625;;relu;;;256;0,20363093013408598;75,0;True;normalizer;0,30005011190080966;2631;17786;5269;dropout;0,0022694005405371727;11;13,0;26,0;22,0;12,0;;False;5;sgd;minmax
2454;2024-05-12 16:34:52.414595;0,530078113079071;;relu;;;256;;;False;;0,05816553487426009;2631;17786;5269;batchnorm;0,009867280623860747;8;3,0;28,0;25,0;;;False;4;sgd;minmax
2455;2024-05-12 16:36:25.442541;0,5308593511581421;;leaky_relu;;;256;;81,0;True;normalizer;0,6940862175278235;2631;17786;5269;vanilla;0,015520051319641806;9;5,0;30,0;23,0;15,0;0,09149737209537062;False;5;sgd;minmax
2456;2024-05-12 16:37:14.063619;0,4619140625;;relu;0,9789319206313016;0,9534709202685665;512;;78,0;True;normalizer;0,47761847912234084;2631;17786;5269;vanilla;;7;5,0;28,0;26,0;7,0;;;5;adam;minmax
2457;2024-05-12 16:37:42.113718;0,4619140625;;relu;;;256;;87,0;True;normalizer;0,04519828412193002;2631;17786;5269;vanilla;0,001546460002696249;28;12,0;25,0;22,0;;;False;4;sgd;normalizer
2458;2024-05-12 16:38:19.204738;0,4619140625;;relu;;;256;0,16727909554426504;84,0;True;normalizer;0,002453137187714965;2631;17786;5269;dropout;0,05912215751975459;10;4,0;26,0;24,0;19,0;;False;5;sgd;minmax
2459;2024-05-12 16:38:55.607864;0,529101550579071;;relu;;;256;;79,0;True;normalizer;0,5492079976387624;2631;17786;5269;vanilla;0,04394241742855077;28;24,0;29,0;18,0;22,0;;False;5;sgd;minmax
2460;2024-05-12 16:39:30.745747;0,531345009803772;;relu;;;16;;80,0;True;normalizer;0,006905968246921437;2631;17786;5269;vanilla;0,15452142793144563;27;6,0;27,0;21,0;;;True;4;sgd;minmax
2461;2024-05-12 16:43:59.444013;0,5310594439506531;;relu;;;32;0,2668083707348529;83,0;True;normalizer;0,40917497732412417;2631;17786;5269;dropout;0,29646285425235414;25;17,0;28,0;12,0;25,0;;False;5;sgd;minmax
2462;2024-05-12 16:46:41.424074;0,532421886920929;;selu;;;256;;73,0;True;normalizer;0,3526321953373058;2631;17786;5269;vanilla;0,007245847628033346;12;14,0;27,0;23,0;8,0;;False;5;sgd;minmax
2463;2024-05-12 16:47:30.015551;0,5347656011581421;;relu;;;256;;76,0;True;normalizer;0,1256703036511346;2631;17786;5269;vanilla;0,2278311219382347;29;3,0;29,0;14,0;18,0;;False;5;sgd;minmax
2464;2024-05-12 16:48:57.743067;0,4619140625;;relu;;;256;0,1318274170431753;51,0;True;normalizer;0,06604582324956523;2631;17786;5269;dropout;0,02993974863177269;28;15,0;28,0;20,0;;;False;4;sgd;minmax
2465;2024-05-12 16:49:46.277977;0,4619140625;;leaky_relu;;;256;;;False;;0,14874226602575236;2631;17786;5269;vanilla;0,002649540691376441;26;4,0;27,0;25,0;5,0;0,02306186181028947;False;5;sgd;maxabs
2466;2024-05-12 16:50:32.468934;0,535351574420929;;relu;;;512;;82,0;True;normalizer;0,22502540229250337;2631;17786;5269;vanilla;0,11535499574917446;8;18,0;26,0;22,0;11,0;;False;5;sgd;minmax
2467;2024-05-12 16:51:49.153565;0,4619140625;;relu;;;512;;85,0;True;normalizer;0,1892074193419338;2631;17786;5269;vanilla;0,11759994777141924;8;18,0;25,0;21,0;12,0;;False;5;sgd;minmax
2468;2024-05-12 16:52:39.498953;0,4619140625;;relu;;;512;0,6360343267642883;84,0;True;normalizer;0,03929831419891836;2631;17786;5269;dropout;0,10726902688431705;8;18,0;25,0;21,0;11,0;;False;5;sgd;minmax
2469;2024-05-12 16:53:23.131854;0,4619140625;;relu;;;512;;86,0;True;normalizer;0,17082433445502876;2631;17786;5269;vanilla;0,10188981136054395;7;21,0;26,0;22,0;11,0;;False;5;sgd;minmax
2470;2024-05-12 16:54:00.795234;0,4619140625;;relu;;;512;;6,0;True;minmax;0,001313733043780406;2631;17786;5269;vanilla;0,13390911943668599;7;18,0;25,0;21,0;13,0;;False;5;sgd;minmax
2471;2024-05-12 16:54:47.325802;0,4619140625;;relu;;;512;0,44087922776417804;83,0;True;normalizer;0,0017388842186276167;2631;17786;5269;dropout;0,09217361252000125;8;18,0;25,0;21,0;10,0;;False;5;sgd;minmax
2472;2024-05-12 16:55:52.313089;0,4619140625;;relu;;;512;;88,0;True;normalizer;0,024207860311206725;2631;17786;5269;vanilla;0,12912020081779277;8;17,0;25,0;22,0;11,0;;False;5;sgd;minmax
2473;2024-05-12 16:56:33.937392;0,5318359136581421;;relu;;;512;;85,0;True;normalizer;0,8732778602580861;2631;17786;5269;vanilla;0,08895588908398379;7;17,0;26,0;22,0;12,0;;False;5;sgd;minmax
2474;2024-05-12 16:57:18.491003;0,251953125;;leaky_relu;;;512;;8,0;True;maxabs;0,6493167188636007;2631;17786;5269;vanilla;0,011017739655654241;8;19,0;24,0;20,0;12,0;0,0959903827084552;False;5;sgd;minmax
2475;2024-05-12 16:57:47.078124;0,5308593511581421;;relu;0,5551696036443089;0,8812831101733105;512;0,32207033207630725;83,0;True;normalizer;0,002654235963763582;2631;17786;5269;dropout;;8;19,0;26,0;21,0;12,0;;;5;adam;minmax
2476;2024-05-12 16:58:24.820460;0,5091797113418579;;selu;;;512;;82,0;True;normalizer;0,007603575757345497;2631;17786;5269;batchnorm;0,01900413013277793;8;19,0;25,0;21,0;12,0;;False;5;sgd;minmax
2477;2024-05-12 16:59:19.413049;0,4619140625;;relu;;;512;;;False;;0,01588979179566617;2631;17786;5269;vanilla;0,1154065499618076;7;18,0;25,0;22,0;13,0;;False;5;sgd;minmax
2478;2024-05-12 16:59:46.886000;0,4619140625;;relu;;;512;;87,0;True;normalizer;0,05351895245762366;2631;17786;5269;vanilla;0,08065270636744601;7;17,0;26,0;22,0;11,0;;False;5;sgd;minmax
2479;2024-05-12 17:00:15.130583;0,4619140625;;relu;;;512;0,3689571707166648;85,0;True;normalizer;0,21208570517539976;2631;17786;5269;dropout;0,1479595016129933;8;17,0;24,0;22,0;13,0;;False;5;sgd;normalizer
2480;2024-05-12 17:00:45.328110;0,4619140625;;relu;;;512;;82,0;True;normalizer;0,01010071642482342;2631;17786;5269;vanilla;0,1710310268490644;8;17,0;26,0;22,0;11,0;;False;5;sgd;minmax
2481;2024-05-12 17:01:15.547509;0,5318359136581421;;relu;;;512;;84,0;True;normalizer;0,7806076259009548;2631;17786;5269;vanilla;0,011988603243611987;9;17,0;26,0;21,0;12,0;;False;5;sgd;minmax
2482;2024-05-12 17:01:53.328258;0,4619140625;;leaky_relu;;;512;0,21805472947797153;82,0;True;normalizer;0,21599369218773407;2631;17786;5269;dropout;0,009918129971872832;7;18,0;26,0;22,0;13,0;0,008463684494338632;False;5;sgd;minmax
2483;2024-05-12 17:02:23.111375;0,4619140625;;relu;;;512;;86,0;True;normalizer;0,020771638822431018;2631;17786;5269;vanilla;0,01496892616210186;7;17,0;25,0;21,0;14,0;;False;5;sgd;minmax
2484;2024-05-12 17:02:55.150736;0,4619140625;;relu;;;512;;81,0;True;normalizer;0,0076332485769589386;2631;17786;5269;vanilla;0,001913471594828262;9;18,0;26,0;22,0;12,0;;False;5;sgd;minmax
2485;2024-05-12 17:03:24.167440;0,4619140625;;relu;;;512;;84,0;True;normalizer;0,0034722519018003098;2631;17786;5269;vanilla;0,0038488777475924425;6;18,0;26,0;22,0;13,0;;False;5;sgd;maxabs
2486;2024-05-12 17:03:52.586707;0,4619140625;;relu;;;512;0,15246682477602544;81,0;True;normalizer;0,010762248998803186;2631;17786;5269;dropout;0,013778740173673278;8;16,0;25,0;21,0;12,0;;False;5;sgd;minmax
2487;2024-05-12 17:04:23.260353;0,4619140625;;relu;;;512;;89,0;True;normalizer;0,002917861109247343;2631;17786;5269;vanilla;0,0998379675745179;8;19,0;26,0;22,0;11,0;;False;5;sgd;minmax
2488;2024-05-12 17:04:52.991732;0,5224609375;;selu;;;512;;;False;;0,07947275283349939;2631;17786;5269;vanilla;0,007835334972799484;9;17,0;26,0;22,0;11,0;;False;5;sgd;minmax
2489;2024-05-12 17:05:26.920754;0,4619140625;;relu;;;512;0,5924856544858496;82,0;True;normalizer;0,5450711835108965;2631;17786;5269;dropout;0,0021659072712407893;9;17,0;26,0;21,0;12,0;;False;5;sgd;minmax
2490;2024-05-12 17:05:58.019418;0,5341796875;;relu;;;512;;84,0;True;normalizer;0,4490832821401503;2631;17786;5269;vanilla;0,008629089898226673;9;19,0;26,0;22,0;11,0;;False;5;sgd;minmax
2491;2024-05-12 17:06:54.075482;0,4619140625;;leaky_relu;;;512;;86,0;True;normalizer;0,06368129449722246;2631;17786;5269;vanilla;0,005174066645778955;8;18,0;25,0;19,0;12,0;0,09824695931308451;False;5;sgd;minmax
2492;2024-05-12 17:07:24.083253;0,4619140625;;relu;;;512;0,5668756001907427;83,0;True;normalizer;0,03494519002510931;2631;17786;5269;dropout;0,0030130590974572985;8;16,0;26,0;22,0;13,0;;False;5;sgd;minmax
2493;2024-05-12 17:07:56.641719;0,4111328125;;relu;0,44397684390600156;0,9183095027573502;512;;9,0;True;minmax;0,030456530517627867;2631;17786;5269;vanilla;;9;16,0;24,0;22,0;13,0;;;5;adam;minmax
2494;2024-05-12 17:08:48.353892;0,523242175579071;;relu;;;512;;80,0;True;normalizer;0,0456666207624794;2631;17786;5269;vanilla;0,8688024210097547;7;18,0;26,0;20,0;10,0;;False;5;sgd;minmax
2495;2024-05-12 17:09:26.311660;0,4619140625;;relu;;;512;;82,0;True;normalizer;0,018936366177675877;2631;17786;5269;vanilla;0,017392129022861528;9;18,0;26,0;11,0;14,0;;False;5;sgd;minmax
2496;2024-05-12 17:09:55.854771;0,4619140625;;relu;;;512;0,17797133796764122;81,0;True;normalizer;0,008763180831684338;2631;17786;5269;dropout;0,003971707487339422;8;19,0;25,0;20,0;11,0;;False;5;sgd;minmax
2497;2024-05-12 17:10:31.816814;0,251953125;;relu;;;512;;9,0;True;maxabs;0,09211551690315258;2631;17786;5269;vanilla;0,6726037798867194;6;17,0;27,0;13,0;12,0;;False;5;sgd;minmax
2498;2024-05-12 17:11:01.733396;0,4921875;;relu;;;512;;90,0;True;normalizer;0,16892346134439143;2631;17786;5269;batchnorm;0,11638396327686619;7;18,0;25,0;23,0;13,0;;False;5;sgd;minmax
2499;2024-05-12 17:11:39.095846;0,52734375;;leaky_relu;;;512;;;False;;0,4834810151116411;2631;17786;5269;vanilla;0,15197766539889757;9;17,0;26,0;21,0;11,0;0,064494248884514;False;5;sgd;minmax
2500;2024-05-12 17:12:21.620823;0,529101550579071;;relu;;;512;0,24676771848542403;46,0;True;normalizer;0,6200997148315;2631;17786;5269;dropout;0,07535187302692076;8;17,0;27,0;22,0;9,0;;False;5;sgd;minmax
2501;2024-05-12 17:12:54.070037;0,517773449420929;;selu;;;512;;84,0;True;normalizer;0,22873506344049893;2631;17786;5269;vanilla;0,006291335530893759;9;20,0;26,0;15,0;12,0;;False;5;sgd;normalizer
2502;2024-05-12 17:13:31.273604;0,25214844942092896;;relu;;;512;;57,0;True;normalizer;0,002712302239633252;2631;17786;5269;vanilla;0,17471302779834302;8;20,0;27,0;23,0;13,0;;False;5;sgd;minmax
2503;2024-05-12 17:13:54.438281;0,528515636920929;;relu;;;512;0,346300376435416;87,0;True;normalizer;0,38012031885542447;2631;17786;5269;dropout;0,8101115269430508;9;19,0;27,0;14,0;5,0;;False;5;sgd;minmax
2504;2024-05-12 17:14:40.046452;0,4619140625;;relu;;;512;;80,0;True;normalizer;0,02591611553946838;2631;17786;5269;vanilla;0,002502663633936996;10;17,0;26,0;12,0;10,0;;False;5;sgd;minmax
2505;2024-05-12 17:15:10.417868;0,5234375;;relu;;;128;;83,0;True;normalizer;0,10895258777459692;2631;17786;5269;vanilla;0,13423147817070946;7;18,0;14,0;13,0;10,0;;False;5;sgd;minmax
2506;2024-05-12 17:16:25.150215;0,4619140625;;relu;;;512;;85,0;True;normalizer;0,004988628298166052;2631;17786;5269;vanilla;0,025941910228460038;9;17,0;27,0;22,0;11,0;;False;5;sgd;minmax
2507;2024-05-12 17:16:54.828813;0,527629554271698;;relu;;;64;0,19504601327931925;61,0;True;normalizer;0,055866543142872836;2631;17786;5269;dropout;0,009051842822515577;10;16,0;25,0;21,0;12,0;;False;5;sgd;maxabs
2508;2024-05-12 17:19:01.798905;0,529296875;;leaky_relu;;;512;;81,0;True;normalizer;0,41811795078834224;2631;17786;5269;vanilla;0,08742968530145095;8;21,0;26,0;23,0;14,0;0,09326628790424045;False;5;sgd;minmax
2509;2024-05-12 17:19:34.466030;0,4597264528274536;;relu;;;8;;82,0;True;normalizer;0,32284322561700246;2631;17786;5269;vanilla;0,20040388203244272;8;18,0;27,0;17,0;4,0;;False;5;sgd;minmax
2510;2024-05-12 17:26:09.327739;0,5321048498153687;;relu;;;16;0,2572155568454127;80,0;True;normalizer;0,14391444550495738;2631;17786;5269;dropout;0,021318225258394535;7;17,0;27,0;22,0;10,0;;False;5;sgd;minmax
2511;2024-05-12 17:31:12.112271;0,533007800579071;;relu;;;512;;;False;;0,24896872776186663;2631;17786;5269;vanilla;0,003401738339707967;6;16,0;19,0;23,0;13,0;;False;5;sgd;minmax
2512;2024-05-12 17:32:17.675457;0,4596036672592163;;relu;0,5789391298326991;0,9935430665109339;32;;86,0;True;normalizer;0,7211860236679467;2631;17786;5269;vanilla;;10;16,0;26,0;12,0;22,0;;;5;adam;minmax
2513;2024-05-12 17:34:06.946082;0,4619140625;;selu;;;512;0,47405416815661333;83,0;True;normalizer;0,012965219667146274;2631;17786;5269;dropout;0,013686047402453353;7;16,0;27,0;11,0;21,0;;False;5;sgd;minmax
2514;2024-05-12 17:34:37.628495;0,4619140625;;relu;;;512;;55,0;True;normalizer;0,20371490991120625;2631;17786;5269;vanilla;0,016465002366874676;9;16,0;10,0;22,0;6,0;;False;5;sgd;minmax
2515;2024-05-12 17:35:07.126581;0,5306783318519592;;relu;;;64;;88,0;True;normalizer;0,07492374631221087;2631;17786;5269;vanilla;0,024503190678476592;11;20,0;27,0;21,0;12,0;;False;5;sgd;minmax
2516;2024-05-12 17:36:55.383020;0,5272485017776489;;relu;;;128;;80,0;True;normalizer;0,9988411474145141;2631;17786;5269;vanilla;0,011349086738870468;10;17,0;30,0;13,0;5,0;;False;5;sgd;minmax
2517;2024-05-12 17:37:43.027095;0,45585936307907104;;leaky_relu;;;512;0,11609072377086668;8,0;True;minmax;0,5334245938059095;2631;17786;5269;dropout;0,004536745434650513;9;17,0;16,0;23,0;30,0;0,08259116786922766;False;5;sgd;minmax
2518;2024-05-12 17:38:27.979085;0,5294452905654907;;relu;;;8;;84,0;True;normalizer;0,049527404124023365;2631;17786;5269;vanilla;0,006738970681344015;11;21,0;26,0;14,0;14,0;;False;5;sgd;minmax
2519;2024-05-12 17:46:39.497172;0,5251524448394775;;relu;;;32;;79,0;True;normalizer;0,18627039659597103;2631;17786;5269;batchnorm;0,23067077953295034;13;19,0;25,0;16,0;22,0;;False;5;sgd;minmax
2520;2024-05-12 17:49:47.796052;0,4597264528274536;;relu;;;16;;82,0;True;normalizer;0,4565371929268897;2631;17786;5269;vanilla;0,44970190808905475;8;18,0;24,0;23,0;11,0;;False;5;sgd;minmax
2521;2024-05-12 17:53:44.407981;0,5328124761581421;;relu;;;256;0,1603503843550255;21,0;True;normalizer;0,2792543075401509;2631;17786;5269;dropout;0,341937369648421;11;16,0;15,0;15,0;9,0;;False;5;sgd;minmax
2522;2024-05-12 17:54:37.326550;0,2861328125;;relu;;;256;;7,0;True;maxabs;0,0013243854082756333;2631;17786;5269;vanilla;0,01919145126845114;10;17,0;27,0;10,0;6,0;;False;5;sgd;minmax
2523;2024-05-12 17:55:08.781817;0,4619140625;;relu;;;256;;;False;;0,33515289534462184;2631;17786;5269;vanilla;0,18670074375236057;7;18,0;21,0;22,0;23,0;;False;5;sgd;normalizer
2524;2024-05-12 17:55:48.155694;0,4619140625;;relu;;;256;0,13544200519415958;85,0;True;normalizer;0,03278629336255535;2631;17786;5269;dropout;0,001696866292577171;30;16,0;26,0;23,0;20,0;;False;5;sgd;minmax
2525;2024-05-12 17:56:30.303631;0,5318359136581421;;leaky_relu;;;512;;81,0;True;normalizer;0,39758160566182577;2631;17786;5269;vanilla;0,012743022087824593;12;16,0;27,0;19,0;15,0;0,07952859672376812;False;5;sgd;minmax
2526;2024-05-12 17:57:18.425178;0,5279296636581421;;selu;;;256;;79,0;True;normalizer;0,04252959795938585;2631;17786;5269;vanilla;0,005844163497648959;9;19,0;30,0;21,0;22,0;;False;5;sgd;minmax
2527;2024-05-12 17:58:00.838101;0,4619140625;;relu;;;256;;83,0;True;normalizer;0,06921559818700133;2631;17786;5269;vanilla;0,5676157838019072;8;21,0;26,0;23,0;4,0;;False;5;sgd;minmax
2528;2024-05-12 17:58:41.003279;0,4619140625;;relu;;;256;0,45477830683944953;87,0;True;normalizer;0,0017756714682368125;2631;17786;5269;dropout;0,25880523280348255;8;3,0;25,0;13,0;8,0;;False;5;sgd;minmax
2529;2024-05-12 17:59:23.979472;0,4619140625;;relu;;;256;;52,0;True;normalizer;0,005170855026921358;2631;17786;5269;vanilla;0,06962124812854407;10;15,0;27,0;18,0;13,0;;False;5;sgd;maxabs
2530;2024-05-12 18:00:12.887100;0,4619140625;;relu;0,6879739164632345;0,6371835159503249;256;;80,0;True;normalizer;0,5891628409855479;2631;17786;5269;vanilla;;9;3,0;13,0;12,0;29,0;;;5;adam;minmax
2531;2024-05-12 18:00:45.954512;0,4596036672592163;;relu;;;64;0,657521725883912;84,0;True;normalizer;0,0010023889672926896;2631;17786;5269;dropout;0,0029401755117363826;12;18,0;26,0;22,0;21,0;;False;5;sgd;minmax
2532;2024-05-12 18:02:16.742519;0,4596036672592163;;relu;;;128;;49,0;True;normalizer;0,006462076695812074;2631;17786;5269;vanilla;0,158224223397273;11;17,0;7,0;23,0;23,0;;False;5;sgd;minmax
2533;2024-05-12 18:03:15.581889;0,5201171636581421;;relu;;;512;;;False;;0,3550095937245403;2631;17786;5269;vanilla;0,096295090282729;10;15,0;27,0;22,0;5,0;;False;5;sgd;minmax
2534;2024-05-12 18:04:11.217473;0,4619140625;;leaky_relu;;;256;0,5401538304379337;81,0;True;normalizer;0,8359701461547104;2631;17786;5269;dropout;0,12198779201745971;9;3,0;27,0;21,0;14,0;0,08612376819504536;False;5;sgd;minmax
2535;2024-05-12 18:04:51.198997;0,529296875;;relu;;;256;;39,0;True;normalizer;0,2983225935550198;2631;17786;5269;vanilla;0,007628687587442457;6;16,0;30,0;;;;False;3;sgd;minmax
2536;2024-05-12 18:05:26.141163;0,4619140625;;relu;;;256;;78,0;True;normalizer;0,015487352626603508;2631;17786;5269;vanilla;0,010252425560244164;29;22,0;26,0;14,0;12,0;;False;5;sgd;minmax
2537;2024-05-12 18:05:56.719698;0,532031238079071;;relu;;;256;;82,0;True;normalizer;0,4964105133927468;2631;17786;5269;vanilla;0,022253404407148566;8;4,0;12,0;23,0;21,0;;False;5;sgd;minmax
2538;2024-05-12 18:06:41.243385;0,5305851101875305;;selu;;;8;0,30882026688601005;85,0;True;normalizer;0,08583965188634965;2631;17786;5269;dropout;0,07985601678834328;30;13,0;27,0;;;;False;3;sgd;minmax
2539;2024-05-12 18:15:16.735081;0,4619140625;;relu;;;256;;79,0;True;normalizer;0,06099728885864744;2631;17786;5269;vanilla;0,30068345825433296;11;14,0;29,0;22,0;16,0;;False;5;sgd;minmax
2540;2024-05-12 18:15:55.266440;0,4203124940395355;;relu;;;256;;9,0;True;minmax;0,1266818449405568;2631;17786;5269;vanilla;0,2123735590890303;10;3,0;27,0;20,0;7,0;;False;5;sgd;minmax
2541;2024-05-12 18:16:46.702180;0,4619140625;;relu;;;512;0,4107519778073377;83,0;True;normalizer;0,15065804030499297;2631;17786;5269;dropout;0,0021681149234612463;13;4,0;26,0;11,0;13,0;;False;5;sgd;minmax
2542;2024-05-12 18:17:16.214299;0,5068359375;;relu;;;256;;69,0;True;normalizer;0,4118686686656998;2631;17786;5269;batchnorm;0,38431911556826953;12;15,0;28,0;12,0;20,0;;False;5;sgd;minmax
2543;2024-05-12 18:18:03.921724;0,4619140625;;leaky_relu;;;256;;86,0;True;normalizer;0,009909953199053889;2631;17786;5269;vanilla;0,01506502126662427;29;19,0;27,0;13,0;30,0;0,027779065442980706;False;5;sgd;minmax
2544;2024-05-12 18:18:43.934556;0,530078113079071;;relu;;;256;;;False;;0,24182813668142286;2631;17786;5269;vanilla;0,735190259891562;10;20,0;30,0;21,0;22,0;;False;5;sgd;minmax
2545;2024-05-12 18:19:43.825490;0,46855467557907104;;relu;;;256;0,1858655305169494;1,0;True;maxabs;0,0014047741903668593;2631;17786;5269;dropout;0,49672236326534214;7;3,0;25,0;23,0;10,0;;False;5;sgd;minmax
2546;2024-05-12 18:20:19.130553;0,4597264528274536;;relu;;;16;;80,0;True;normalizer;0,18165322862459413;2631;17786;5269;vanilla;0,10891196090343541;9;14,0;5,0;22,0;17,0;;False;5;sgd;normalizer
2547;2024-05-12 18:23:38.691526;0,4619140625;;relu;;;256;;78,0;True;normalizer;0,01258199969839251;2631;17786;5269;vanilla;0,003582117017619856;11;21,0;29,0;14,0;11,0;;False;5;sgd;minmax
2548;2024-05-12 18:24:19.958716;0,4619140625;;relu;;;256;0,17116604262903312;44,0;True;normalizer;0,11383920493512789;2631;17786;5269;dropout;0,012432458238989239;29;17,0;18,0;23,0;4,0;;False;5;sgd;minmax
2549;2024-05-12 18:25:02.129170;0,4596036672592163;;relu;0,5084224163932176;0,2288435800406658;32;;60,0;True;normalizer;0,053691555236246344;2631;17786;5269;vanilla;;8;16,0;28,0;22,0;21,0;;;5;adam;minmax
2550;2024-05-12 18:26:53.074190;0,4619140625;;relu;;;512;;82,0;True;normalizer;0,3649029849114209;2631;17786;5269;vanilla;0,00185446619114965;9;4,0;28,0;23,0;18,0;;False;5;sgd;minmax
2551;2024-05-12 18:27:20.691015;0,5296875238418579;;selu;;;256;;81,0;True;normalizer;0,20972054092745634;2631;17786;5269;vanilla;0,13826028761843295;7;14,0;26,0;21,0;23,0;;False;5;sgd;maxabs
2552;2024-05-12 18:28:02.446451;0,4619140625;;leaky_relu;;;256;0,6968753458126807;37,0;True;normalizer;0,27349875940980994;2631;17786;5269;dropout;0,017211382956557685;11;13,0;27,0;22,0;20,0;0,004643362532247591;False;5;sgd;minmax
2553;2024-05-12 18:28:44.071752;0,4619140625;;relu;;;256;;88,0;True;normalizer;0,011726411898472783;2631;17786;5269;vanilla;0,027626137172501602;10;3,0;26,0;13,0;5,0;;False;5;sgd;minmax
2554;2024-05-12 18:29:24.346213;0,527539074420929;;relu;;;256;;84,0;True;normalizer;0,4491509471041254;2631;17786;5269;vanilla;0,0053603986362682834;12;4,0;6,0;23,0;6,0;;False;5;sgd;minmax
2555;2024-05-12 18:30:03.141244;0,4619140625;;relu;;;256;0,22725446828505474;79,0;True;normalizer;0,027626581607992376;2631;17786;5269;dropout;0,009049409619169842;14;15,0;29,0;22,0;28,0;;False;5;sgd;minmax
2556;2024-05-12 18:30:36.065250;0,4619140625;;relu;;;512;;;False;;0,0017743341189207162;2631;17786;5269;vanilla;0,6464564763129749;30;16,0;28,0;14,0;12,0;;False;5;sgd;minmax
2557;2024-05-12 18:30:58.551613;0,5328124761581421;;relu;;;256;;83,0;True;normalizer;0,6484190097994572;2631;17786;5269;vanilla;0,2467005210725046;13;12,0;27,0;23,0;22,0;;False;5;sgd;minmax
2558;2024-05-12 18:31:41.729767;0,4619140625;;relu;;;256;0,3868310988725874;54,0;True;normalizer;0,30567724727440104;2631;17786;5269;dropout;0,28692059548922116;29;3,0;30,0;12,0;3,0;;False;5;sgd;minmax
2559;2024-05-12 18:32:13.565607;0,5310594439506531;;relu;;;128;;91,0;True;normalizer;0,566479669114867;2631;17786;5269;vanilla;0,18151615628569012;8;14,0;25,0;13,0;29,0;;False;5;sgd;minmax
2560;2024-05-12 18:33:00.271389;0,4619140625;;leaky_relu;;;256;;57,0;True;normalizer;0,023183768037318652;2631;17786;5269;vanilla;0,06618930029370286;9;4,0;29,0;10,0;24,0;0,02098996449148627;False;5;sgd;minmax
2561;2024-05-12 18:33:42.319860;0,4619140625;;relu;;;256;;86,0;True;normalizer;0,0019894694000079593;2631;17786;5269;vanilla;0,3230770836114212;10;13,0;;;;;False;2;sgd;minmax
2562;2024-05-12 18:34:14.391757;0,4458841383457184;;relu;;;64;0,276354069481529;8,0;True;minmax;0,36717313730638684;2631;17786;5269;dropout;0,09075802844519346;8;3,0;9,0;22,0;14,0;;False;5;sgd;minmax
2563;2024-05-12 18:36:48.359060;0,500781238079071;;selu;;;256;;78,0;True;normalizer;0,039816321827055745;2631;17786;5269;batchnorm;0,21455658968799576;12;4,0;27,0;21,0;17,0;;False;5;sgd;minmax
2564;2024-05-12 18:37:25.507063;0,5322265625;;relu;;;256;;65,0;True;normalizer;0,1005543481395868;2631;17786;5269;vanilla;0,0024191667080120114;10;15,0;26,0;23,0;23,0;;False;5;sgd;minmax
2565;2024-05-12 18:38:33.414750;0,2861328125;;relu;;;512;;81,0;True;normalizer;0,0016712110186143795;2631;17786;5269;vanilla;0,019127296849035857;22;3,0;28,0;15,0;21,0;;False;5;sgd;minmax
2566;2024-05-12 18:38:55.826583;0,4619140625;;relu;;;256;0,20743401252599253;80,0;True;normalizer;0,15641494871435377;2631;17786;5269;dropout;0,004221487455458328;29;17,0;28,0;23,0;30,0;;False;5;sgd;normalizer
2567;2024-05-12 18:39:26.536774;0,5308593511581421;;relu;;;256;;;False;;0,4780374810133952;2631;17786;5269;vanilla;0,007284077054970029;9;18,0;26,0;22,0;11,0;;False;5;sgd;minmax
2568;2024-05-12 18:40:28.695607;0,251953125;;relu;;;256;;6,0;True;maxabs;0,06807743945693959;2631;17786;5269;vanilla;0,3664015883163172;11;13,0;27,0;12,0;20,0;;False;5;sgd;minmax
2569;2024-05-12 18:41:07.553703;0,4619140625;;leaky_relu;;;256;0,12312552774715879;84,0;True;normalizer;0,017281604049326254;2631;17786;5269;dropout;0,010853662708060678;29;14,0;29,0;20,0;21,0;0,08761529573035487;False;5;sgd;minmax
2570;2024-05-12 18:41:49.280560;0,4597264528274536;;relu;0,2791031413714753;0,24629827773271507;8;;77,0;True;normalizer;0,22685821222125943;2631;17786;5269;vanilla;;7;4,0;27,0;13,0;9,0;;;5;adam;minmax
2571;2024-05-12 18:48:43.935252;0,4619140625;;relu;;;256;;32,0;True;normalizer;0,04917228656964013;2631;17786;5269;vanilla;0,15751633947084975;3;15,0;23,0;11,0;10,0;;False;5;sgd;minmax
2572;2024-05-12 18:49:15.675048;0,4619140625;;relu;;;512;;89,0;True;normalizer;0,3265049809843836;2631;17786;5269;vanilla;0,08066313633595726;30;20,0;28,0;23,0;15,0;;False;5;sgd;maxabs
2573;2024-05-12 18:49:44.151439;0,5326172113418579;;relu;;;256;0,14650775680094347;82,0;True;normalizer;0,7690812984947228;2631;17786;5269;dropout;0,25857415775741777;9;3,0;30,0;22,0;24,0;;False;5;sgd;minmax
2574;2024-05-12 18:50:40.446977;0,4619140625;;relu;;;256;;80,0;True;normalizer;0,006226867417226136;2631;17786;5269;vanilla;0,03760978790856649;28;16,0;24,0;23,0;19,0;;False;5;sgd;minmax
2575;2024-05-12 18:51:11.282849;0,5186170339584351;;selu;;;16;;71,0;True;normalizer;0,42056166474749085;2631;17786;5269;vanilla;0,00858618376970366;10;13,0;29,0;21,0;22,0;;False;5;sgd;minmax
2576;2024-05-12 18:54:26.994649;0,532421886920929;;relu;;;256;0,2370318681171541;85,0;True;normalizer;0,2725552139727507;2631;17786;5269;dropout;0,0052237626722457815;15;11,0;27,0;14,0;22,0;;False;5;sgd;minmax
2577;2024-05-12 18:55:35.260256;0,5251524448394775;;relu;;;32;;78,0;True;normalizer;0,004266876926766879;2631;17786;5269;vanilla;0,023697261049498812;11;14,0;25,0;;;;False;3;sgd;minmax
2578;2024-05-12 18:58:21.867727;0,4619140625;;leaky_relu;;;256;;;False;;0,0020033367618579596;2631;17786;5269;vanilla;0,1913038050520649;8;;;;;0,07034609551926366;False;1;sgd;minmax
2579;2024-05-12 18:58:51.837621;0,4619140625;;relu;;;256;0,422736134703505;82,0;True;normalizer;0,03513827968129766;2631;17786;5269;dropout;0,43058523827144884;6;10,0;26,0;24,0;7,0;;False;5;sgd;minmax
2580;2024-05-12 18:59:30.566992;0,526562511920929;;relu;;;256;;87,0;True;normalizer;0,189673663986253;2631;17786;5269;vanilla;0,014269081751334902;9;4,0;28,0;16,0;26,0;;False;5;sgd;minmax
2581;2024-05-12 19:00:13.425934;0,4619140625;;relu;;;512;;83,0;True;normalizer;0,08898549880236828;2631;17786;5269;vanilla;0,002946178956158306;29;3,0;27,0;22,0;13,0;;False;5;sgd;minmax
2582;2024-05-12 19:00:36.765569;0,5308593511581421;;relu;;;256;;80,0;True;normalizer;0,49693524135120576;2631;17786;5269;vanilla;0,11644966806529139;8;17,0;29,0;19,0;16,0;;False;5;sgd;minmax
2583;2024-05-12 19:01:19.609053;0,532421886920929;;relu;;;256;0,11210653601079122;77,0;True;normalizer;0,1354727598125492;2631;17786;5269;dropout;0,5528770395878461;11;12,0;28,0;12,0;12,0;;False;5;sgd;minmax
2584;2024-05-12 19:02:10.398302;0,532031238079071;;relu;;;256;;85,0;True;normalizer;0,058833678030826654;2631;17786;5269;vanilla;0,8671053120179514;12;15,0;20,0;13,0;6,0;;False;5;sgd;minmax
2585;2024-05-12 19:02:54.485718;0,5337890386581421;;relu;;;256;;79,0;True;normalizer;0,37511828094420946;2631;17786;5269;vanilla;0,0017520877847091798;28;4,0;10,0;23,0;19,0;;False;5;sgd;minmax
2586;2024-05-12 19:03:46.372118;0,3675781190395355;;leaky_relu;0,7623457673739213;0,0649778993612748;256;0,13979225962637123;9,0;True;minmax;0,01497254845659652;2631;17786;5269;dropout;;7;14,0;26,0;;;0,025296255971917557;;3;adam;minmax
2587;2024-05-12 19:04:23.475524;0,5064786672592163;;relu;;;128;;47,0;True;normalizer;0,07840100403340595;2631;17786;5269;batchnorm;0,02902436851930749;10;13,0;30,0;21,0;4,0;;False;5;sgd;minmax
2588;2024-05-12 19:05:18.228788;0,529101550579071;;selu;;;256;;81,0;True;normalizer;0,001192803059772314;2631;17786;5269;vanilla;0,22066290217158346;17;16,0;28,0;22,0;5,0;;False;5;sgd;minmax
2589;2024-05-12 19:06:47.779885;0,4619140625;;relu;;;512;;;False;;0,8960403285114886;2631;17786;5269;vanilla;0,016323894495194256;12;3,0;27,0;24,0;18,0;;False;5;sgd;normalizer
2590;2024-05-12 19:07:15.629675;0,5347656011581421;;relu;;;256;0,2890042720720777;75,0;True;normalizer;0,1669704510574711;2631;17786;5269;dropout;0,004497625196213156;29;4,0;29,0;23,0;27,0;;False;5;sgd;minmax
2591;2024-05-12 19:08:17.077625;0,2522865831851959;;relu;;;64;;9,0;True;maxabs;0,04325481144106216;2631;17786;5269;vanilla;0,006046524885800168;9;19,0;27,0;11,0;23,0;;False;5;sgd;minmax
2592;2024-05-12 19:09:35.847426;0,5335937738418579;;relu;;;256;;83,0;True;normalizer;0,3225117733525045;2631;17786;5269;vanilla;0,010690373899738901;11;12,0;14,0;22,0;8,0;;False;5;sgd;minmax
2593;2024-05-12 19:10:22.251807;0,530468761920929;;relu;;;256;;78,0;True;normalizer;0,5580812240552692;2631;17786;5269;vanilla;0,2875098450651002;13;15,0;25,0;24,0;17,0;;False;5;sgd;minmax
2594;2024-05-12 19:11:20.423322;0,5335937738418579;;relu;;;256;0,15593451081034537;67,0;True;normalizer;0,26025270349164514;2631;17786;5269;dropout;0,13352122576546463;28;3,0;26,0;24,0;30,0;;False;5;sgd;minmax
2595;2024-05-12 19:12:07.885407;0,4619140625;;leaky_relu;;;256;;81,0;True;normalizer;0,005319683415811961;2631;17786;5269;vanilla;0,16219965153239305;8;14,0;28,0;20,0;20,0;0,09169821771115771;False;5;sgd;minmax
2596;2024-05-12 19:12:42.280488;0,4597264528274536;;relu;;;8;;83,0;True;normalizer;0,6814180614188843;2631;17786;5269;vanilla;0,07436142925127617;10;4,0;27,0;23,0;12,0;;False;5;sgd;maxabs
2597;2024-05-12 19:19:15.722545;0,4619140625;;relu;;;512;0,315941026845723;86,0;True;normalizer;0,0030038799061438207;2631;17786;5269;dropout;0,09541659280036405;29;14,0;28,0;21,0;21,0;;False;5;sgd;minmax
2598;2024-05-12 19:20:04.824952;0,4619140625;;relu;;;256;;77,0;True;normalizer;0,003571771554232661;2631;17786;5269;vanilla;0,060733993234494084;28;13,0;29,0;23,0;6,0;;False;5;sgd;minmax
2599;2024-05-12 19:20:34.381598;0,530468761920929;;relu;;;256;;42,0;True;normalizer;0,43037032808644554;2631;17786;5269;vanilla;0,003977091437724505;4;3,0;30,0;22,0;11,0;;False;5;sgd;minmax
2600;2024-05-12 19:21:12.061330;0,5298827886581421;;relu;;;256;0,19595381255372343;;False;;0,2236049522988183;2631;17786;5269;dropout;0,01267187638108198;23;22,0;26,0;13,0;22,0;;False;5;sgd;minmax
2601;2024-05-12 19:22:21.055787;0,4619140625;;selu;;;256;;80,0;True;normalizer;0,0011156364983113411;2631;17786;5269;vanilla;0,032760290273890165;30;18,0;15,0;14,0;13,0;;False;5;sgd;minmax
2602;2024-05-12 19:23:01.508606;0,4619140625;;relu;;;256;;59,0;True;normalizer;0,1053317747110194;2631;17786;5269;vanilla;0,24289852975550577;7;17,0;27,0;12,0;20,0;;False;5;sgd;minmax
2603;2024-05-12 19:23:32.003679;0,5284954309463501;;relu;;;16;;84,0;True;normalizer;0,3842284514676551;2631;17786;5269;vanilla;0,32112213826305086;10;15,0;28,0;15,0;23,0;;False;5;sgd;minmax
2604;2024-05-12 19:27:03.735853;0,4619140625;;leaky_relu;;;256;0,1740899039126839;63,0;True;normalizer;0,019081309849834638;2631;17786;5269;dropout;0,01907553949861544;28;4,0;8,0;22,0;24,0;0,018331316197718897;False;5;sgd;minmax
2605;2024-05-12 19:27:35.667139;0,4619140625;;relu;0,4161795543533416;0,509711271016727;512;;75,0;True;normalizer;0,30021530725425427;2631;17786;5269;vanilla;;9;16,0;26,0;23,0;14,0;;;5;adam;minmax
2606;2024-05-12 19:28:06.193246;0,4619140625;;relu;;;256;;51,0;True;normalizer;0,031823322719192255;2631;17786;5269;vanilla;0,4025656476640958;11;3,0;17,0;10,0;29,0;;False;5;sgd;minmax
2607;2024-05-12 19:28:41.191256;0,5291539430618286;;relu;;;32;;82,0;True;normalizer;0,5148351503868568;2631;17786;5269;batchnorm;0,008299787665772043;9;13,0;27,0;13,0;9,0;;False;5;sgd;minmax
2608;2024-05-12 19:32:46.067979;0,532031238079071;;relu;;;256;0,2556443967490606;56,0;True;normalizer;0,3433302618851725;2631;17786;5269;dropout;0,10920153332833075;29;4,0;29,0;24,0;18,0;;False;5;sgd;minmax
2609;2024-05-12 19:33:31.792367;0,38847655057907104;;relu;;;256;;9,0;True;minmax;0,2001440759664585;2631;17786;5269;vanilla;0,1968417691257258;8;12,0;28,0;18,0;21,0;;False;5;sgd;minmax
2610;2024-05-12 19:34:12.752213;0,4619140625;;relu;;;256;;79,0;True;normalizer;0,06543048741546278;2631;17786;5269;vanilla;0,022122990355192367;28;4,0;27,0;23,0;15,0;;False;5;sgd;normalizer
2611;2024-05-12 19:34:43.687104;0,530078113079071;;relu;;;256;0,21651921500035037;87,0;True;normalizer;0,054382918330594006;2631;17786;5269;dropout;0,00674523978117555;12;15,0;29,0;;;;False;3;sgd;minmax
2612;2024-05-12 19:35:37.188426;0,4619140625;;leaky_relu;;;512;;;False;;0,1359787355848315;2631;17786;5269;vanilla;0,002168072490801009;29;3,0;26,0;21,0;4,0;0,09563305814149481;False;5;sgd;minmax
2613;2024-05-12 19:35:59.303585;0,5287109613418579;;selu;;;256;;72,0;True;normalizer;0,41249177665361775;2631;17786;5269;vanilla;0,7633370192666272;5;14,0;30,0;22,0;5,0;;False;5;sgd;minmax
2614;2024-05-12 19:36:28.009421;0,251953125;;relu;;;256;;9,0;True;maxabs;0,2538859109299305;2631;17786;5269;vanilla;0,002735384135041319;10;16,0;25,0;24,0;23,0;;False;5;sgd;minmax
2615;2024-05-12 19:37:00.337428;0,4619140625;;relu;;;256;0,1302602518655047;77,0;True;normalizer;0,0026434601995715024;2631;17786;5269;dropout;0,6307482874046965;11;17,0;27,0;14,0;3,0;;False;5;sgd;minmax
2616;2024-05-12 19:37:46.594872;0,4619140625;;relu;;;256;;53,0;True;normalizer;0,009728396900708142;2631;17786;5269;vanilla;0,27473208815209105;9;30,0;28,0;22,0;22,0;;False;5;sgd;maxabs
2617;2024-05-12 19:38:21.699698;0,4596036672592163;;relu;;;128;;85,0;True;normalizer;0,006617626934947181;2631;17786;5269;vanilla;0,003157436905524833;7;14,0;11,0;23,0;28,0;;False;5;sgd;minmax
2618;2024-05-12 19:39:15.709947;0,53515625;;relu;;;256;0,1083250182268175;81,0;True;normalizer;0,11818148519304032;2631;17786;5269;dropout;0,038453311039629;6;4,0;4,0;26,0;12,0;;False;5;sgd;minmax
2619;2024-05-12 19:40:41.388796;0,5296875238418579;;relu;;;256;0,10294137573929518;84,0;True;normalizer;0,12544477424439465;2631;17786;5269;dropout;0,4787539143174882;6;13,0;;;;;False;2;sgd;minmax
2620;2024-05-12 19:41:18.838367;0,5322027206420898;;relu;;;64;0,11819071268082144;83,0;True;normalizer;0,11464474781672565;2631;17786;5269;dropout;0,03920647582817247;6;3,0;7,0;28,0;12,0;;False;5;sgd;minmax
2621;2024-05-12 19:43:14.762658;0,4619140625;;leaky_relu;;;512;0,10968518818883155;86,0;True;normalizer;0,16044531334300416;2631;17786;5269;dropout;0,042617589177672395;7;18,0;12,0;28,0;12,0;0,07327904399654014;False;5;sgd;minmax
2622;2024-05-12 19:43:39.084984;0,4619140625;;relu;;;256;0,14494177749126294;82,0;True;normalizer;0,14154006533541957;2631;17786;5269;dropout;0,04062760250166038;6;5,0;8,0;27,0;11,0;;False;5;sgd;minmax
2623;2024-05-12 19:44:09.762010;0,4619140625;;relu;;;256;0,10153175507827515;;False;;0,14841544807685006;2631;17786;5269;dropout;0,051890479031656354;5;15,0;6,0;27,0;12,0;;False;5;sgd;minmax
2624;2024-05-12 19:44:40.043643;0,5318359136581421;;relu;;;256;0,125196934258303;88,0;True;normalizer;0,12951478750568024;2631;17786;5269;dropout;0,0389248920516301;5;19,0;6,0;29,0;13,0;;False;5;sgd;minmax
2625;2024-05-12 19:45:39.603617;0,4619140625;;relu;0,316860662327469;0,36223706714300125;256;0,1593823185752059;84,0;True;normalizer;0,14391743685329025;2631;17786;5269;dropout;;6;13,0;5,0;27,0;11,0;;;5;adam;minmax
2626;2024-05-12 19:46:17.153107;0,533203125;;selu;;;256;0,1327003308732323;81,0;True;normalizer;0,1116111257258734;2631;17786;5269;dropout;0,05181329044112678;4;4,0;3,0;20,0;13,0;;False;5;sgd;minmax
2627;2024-05-12 19:46:54.257792;0,531154990196228;;relu;;;8;0,14873502313313375;82,0;True;normalizer;0,11528352855967745;2631;17786;5269;dropout;0,03692718543759721;5;20,0;4,0;29,0;11,0;;False;5;sgd;minmax
2628;2024-05-12 19:56:59.653505;0,4619140625;;relu;;;256;0,6138425779154985;90,0;True;normalizer;0,1076409703876854;2631;17786;5269;dropout;0,028430131659995132;8;3,0;4,0;30,0;12,0;;False;5;sgd;minmax
2629;2024-05-12 19:57:31.088711;0,53125;;relu;;;512;0,1664889304937231;85,0;True;normalizer;0,1718070261685;2631;17786;5269;dropout;0,04603481440569375;6;11,0;8,0;21,0;13,0;;False;5;sgd;minmax
2630;2024-05-12 19:58:29.443097;0,53125;;relu;;;256;0,1880395699323456;80,0;True;normalizer;0,12753408329078764;2631;17786;5269;dropout;0,04480431399996321;6;14,0;9,0;27,0;11,0;;False;5;sgd;minmax
2631;2024-05-12 19:59:22.423833;0,5328124761581421;;leaky_relu;;;256;0,11758028332704937;82,0;True;normalizer;0,15752498181450317;2631;17786;5269;dropout;0,029466549100732996;5;5,0;7,0;27,0;10,0;0,055046775835667694;False;5;sgd;minmax
2632;2024-05-12 20:00:20.645585;0,4619140625;;relu;;;256;0,5531250362554511;70,0;True;normalizer;0,10977387437036519;2631;17786;5269;dropout;0,046723461002003336;6;4,0;6,0;27,0;12,0;;False;5;sgd;minmax
2633;2024-05-12 20:00:53.673108;0,251953125;;relu;;;256;0,1776512839098386;4,0;True;minmax;0,12953352787006014;2631;17786;5269;dropout;0,03407720374789719;5;16,0;9,0;21,0;12,0;;False;5;sgd;normalizer
2634;2024-05-12 20:01:24.526767;0,4619140625;;relu;;;256;0,1365181991214167;;False;;0,09136193460606169;2631;17786;5269;dropout;0,04915176911326109;5;3,0;8,0;22,0;12,0;;False;5;sgd;minmax
2635;2024-05-12 20:01:56.003656;0,4596036672592163;;relu;;;32;0,6496376141812925;79,0;True;normalizer;0,14995433072646072;2631;17786;5269;dropout;0,33814954713561723;5;15,0;9,0;28,0;13,0;;False;5;sgd;minmax
2636;2024-05-12 20:04:13.137033;0,4597264528274536;;relu;;;16;0,6335342849268841;87,0;True;normalizer;0,09939428963248538;2631;17786;5269;dropout;0,05556272866315109;6;12,0;13,0;21,0;13,0;;False;5;sgd;minmax
2637;2024-05-12 20:08:25.068513;0,251953125;;selu;;;256;0,10965145001432194;2,0;True;maxabs;0,1851029971519398;2631;17786;5269;dropout;0,06392157229093488;5;5,0;8,0;27,0;11,0;;False;5;sgd;minmax
2638;2024-05-12 20:09:04.891168;0,532031238079071;;relu;;;512;0,12412696879007189;84,0;True;normalizer;0,599277887593884;2631;17786;5269;dropout;0,03631978510752348;6;14,0;3,0;22,0;12,0;;False;5;sgd;minmax
2639;2024-05-12 20:10:07.563393;0,531445324420929;;leaky_relu;;;256;0,15287517220800448;81,0;True;normalizer;0,4570246232889938;2631;17786;5269;dropout;0,010237878678054906;6;4,0;7,0;21,0;12,0;0,08873889603853868;False;5;sgd;maxabs
2640;2024-05-12 20:10:55.359967;0,46269530057907104;;relu;;;256;0,14177093522989007;83,0;True;normalizer;0,001106795193783887;2631;17786;5269;dropout;0,032134623146026345;6;13,0;;;;;False;2;sgd;minmax
2641;2024-05-12 20:12:26.307255;0,4619140625;;relu;;;256;0,16277923588477922;74,0;True;normalizer;0,09255779726502139;2631;17786;5269;dropout;0,05749748471817355;8;17,0;3,0;;;;False;3;sgd;minmax
2642;2024-05-12 20:13:22.831728;0,4619140625;;relu;;;256;0,36615597306680125;79,0;True;normalizer;0,13086750578815753;2631;17786;5269;dropout;0,01447868811080191;6;3,0;5,0;29,0;10,0;;False;5;sgd;minmax
2643;2024-05-12 20:14:21.650478;0,4619140625;;relu;0,7194856288687187;0,7196806528580248;256;0,20418317545667883;76,0;True;normalizer;0,7369291179186198;2631;17786;5269;dropout;;7;4,0;19,0;11,0;11,0;;;5;adam;minmax
2644;2024-05-12 20:15:21.774949;0,4619140625;;relu;;;512;0,6763046148250818;35,0;True;normalizer;0,353183197430089;2631;17786;5269;dropout;0,2293693194219802;6;16,0;4,0;17,0;13,0;;False;5;sgd;minmax
2645;2024-05-12 20:16:04.897218;0,4619140625;;relu;;;256;0,18219746508750528;86,0;True;normalizer;0,11885330715368478;2631;17786;5269;dropout;0,012060801582472193;8;15,0;4,0;20,0;10,0;;False;5;sgd;minmax
2646;2024-05-12 20:16:42.445937;0,530468761920929;;relu;;;256;0,12385499215585516;;False;;0,17662909915848957;2631;17786;5269;dropout;0,025933369361329835;4;5,0;6,0;26,0;14,0;;False;5;sgd;minmax
2647;2024-05-12 20:17:40.755672;0,4596036672592163;;leaky_relu;;;128;0,10029148273343066;78,0;True;normalizer;0,5179763352681968;2631;17786;5269;dropout;0,008900141658303034;5;3,0;6,0;22,0;13,0;0,06686805846837297;False;5;sgd;minmax
2648;2024-05-12 20:18:35.717110;0,4619140625;;relu;;;256;0,3543800744284376;81,0;True;normalizer;0,42131320800542427;2631;17786;5269;dropout;0,004815422738789823;6;14,0;5,0;27,0;11,0;;False;5;sgd;minmax
2649;2024-05-12 20:19:16.717528;0,4619140625;;relu;;;256;0,6287588972619377;89,0;True;normalizer;0,2999585315335136;2631;17786;5269;dropout;0,033124087666754405;6;4,0;12,0;12,0;11,0;;False;5;sgd;minmax
2650;2024-05-12 20:19:56.592062;0,4619140625;;selu;;;256;0,33331593539966753;55,0;True;normalizer;0,008130269353803544;2631;17786;5269;dropout;0,016644458131631956;7;13,0;3,0;22,0;13,0;;False;5;sgd;minmax
2651;2024-05-12 20:20:31.106182;0,4596036672592163;;relu;;;64;0,15113661207078882;84,0;True;normalizer;0,8241023727947148;2631;17786;5269;dropout;0,1788345735114731;7;9,0;11,0;27,0;12,0;;False;5;sgd;minmax
2652;2024-05-12 20:21:46.654305;0,4619140625;;relu;;;256;0,17240424285101882;82,0;True;normalizer;0,1024260699396692;2631;17786;5269;dropout;0,07131665136501145;8;15,0;10,0;28,0;12,0;;False;5;sgd;minmax
2653;2024-05-12 20:22:20.381269;0,4619140625;;relu;;;512;0,4391905155900526;77,0;True;normalizer;0,646017494678691;2631;17786;5269;dropout;0,0072115063241337575;6;3,0;26,0;28,0;13,0;;False;5;sgd;minmax
2654;2024-05-12 20:22:43.244979;0,525195300579071;;relu;;;256;0,13769450887044776;73,0;True;normalizer;0,35622851376851944;2631;17786;5269;dropout;0,37238052563449453;5;5,0;13,0;22,0;;;False;4;sgd;normalizer
2655;2024-05-12 20:24:10.899538;0,2520896792411804;;relu;;;8;0,5766576292235749;5,0;True;minmax;0,1539206996606346;2631;17786;5269;dropout;0,1474975514945692;14;14,0;6,0;22,0;14,0;;False;5;sgd;minmax
2656;2024-05-12 20:32:56.910413;0,4619140625;;leaky_relu;;;256;0,1111657735029363;80,0;True;normalizer;0,004977095921904648;2631;17786;5269;dropout;0,005856662375492582;7;4,0;9,0;21,0;10,0;0,06003644717717011;False;5;sgd;minmax
2657;2024-05-12 20:33:27.134484;0,4619140625;;relu;;;256;0,5141021322693929;;False;;0,4562744317771;2631;17786;5269;dropout;0,28931671364428185;7;13,0;8,0;13,0;10,0;;False;5;sgd;minmax
2658;2024-05-12 20:34:00.104446;0,4619140625;;relu;;;256;0,19018427242695168;85,0;True;normalizer;0,0038758798698256486;2631;17786;5269;dropout;0,2102249014082077;7;16,0;5,0;15,0;;;False;4;sgd;minmax
2659;2024-05-12 20:34:36.675228;0,4619140625;;relu;;;256;0,6700168949135795;83,0;True;normalizer;0,003160917282131677;2631;17786;5269;dropout;0,02365758310863447;7;3,0;10,0;14,0;11,0;;False;5;sgd;minmax
2660;2024-05-12 20:35:14.853953;0,4619140625;;relu;;;512;0,6220568294622278;79,0;True;normalizer;0,01275111291094619;2631;17786;5269;dropout;0,003582275829909061;6;18,0;25,0;19,0;12,0;;False;5;sgd;minmax
2661;2024-05-12 20:35:40.365815;0,251953125;;relu;;;256;0,5259386279144398;5,0;True;maxabs;0,2061113942198327;2631;17786;5269;dropout;0,2510825927477401;5;12,0;10,0;28,0;;;False;4;sgd;maxabs
2662;2024-05-12 20:36:20.847522;0,5298827886581421;;selu;0,24433830117767424;0,26381901022816623;256;0,4536543985961483;75,0;True;normalizer;0,0022341957776559522;2631;17786;5269;dropout;;8;4,0;25,0;12,0;11,0;;;5;adam;minmax
2663;2024-05-12 20:37:03.903408;0,4597264528274536;;relu;;;16;0,229975091555156;81,0;True;normalizer;0,0013390732692820045;2631;17786;5269;dropout;0,042897288502879535;6;5,0;26,0;22,0;9,0;;False;5;sgd;minmax
2664;2024-05-12 20:41:45.153522;0,531445324420929;;relu;;;256;0,5005595805055792;78,0;True;normalizer;0,3813497795553104;2631;17786;5269;dropout;0,4506667602406363;7;15,0;26,0;22,0;14,0;;False;5;sgd;minmax
2665;2024-05-12 20:42:46.415728;0,4619140625;;leaky_relu;;;256;0,16338241686204916;49,0;True;normalizer;0,32039082990164003;2631;17786;5269;dropout;0,013358205300637537;13;3,0;7,0;23,0;;0,04983669458588331;False;4;sgd;minmax
2666;2024-05-12 20:43:25.689582;0,4596036672592163;;relu;;;32;0,40560904843960355;87,0;True;normalizer;0,5554136510099416;2631;17786;5269;dropout;0,020568477650650195;7;14,0;25,0;13,0;13,0;;False;5;sgd;minmax
2667;2024-05-12 20:45:59.896323;0,4691406190395355;;relu;;;256;;85,0;True;normalizer;0,2815767676305874;2631;17786;5269;batchnorm;0,009374005759917748;6;10,0;7,0;16,0;12,0;;False;5;sgd;minmax
2668;2024-05-12 20:46:54.141690;0,4619140625;;relu;;;256;0,4812661675989409;;False;;0,8887707118144111;2631;17786;5269;dropout;0,16897638179489144;7;4,0;26,0;9,0;14,0;;False;5;sgd;minmax
2669;2024-05-12 20:47:32.204798;0,531054675579071;;relu;;;512;0,30105180809520476;83,0;True;normalizer;0,24199023900965946;2631;17786;5269;dropout;0,05898701313219742;12;16,0;26,0;23,0;;;False;4;sgd;minmax
2670;2024-05-12 20:48:17.263722;0,5322265625;;relu;;;256;0,20153613320151015;58,0;True;normalizer;0,1384296697431805;2631;17786;5269;dropout;0,8528518432518523;10;17,0;3,0;22,0;11,0;;False;5;sgd;minmax
2671;2024-05-12 20:48:52.422954;0,533398449420929;;relu;;;256;0,12938170904736696;76,0;True;normalizer;0,1658246547274928;2631;17786;5269;dropout;0,5823244051121353;7;3,0;5,0;;;;False;3;sgd;minmax
2672;2024-05-12 20:49:32.624298;0,49687498807907104;;relu;;;256;0,14749712315095187;80,0;True;normalizer;0,4595755756669662;2631;17786;5269;dropout;0,9833944036642456;6;13,0;5,0;20,0;12,0;;False;5;sgd;minmax
2673;2024-05-12 20:50:13.374092;0,4619140625;;leaky_relu;;;256;0,21442552796783196;78,0;True;normalizer;0,005708787982505437;2631;17786;5269;dropout;0,29661553363951504;9;5,0;3,0;11,0;7,0;0,0010851184242440526;False;5;sgd;minmax
2674;2024-05-12 20:50:45.783161;0,5302734375;;relu;;;256;0,5667116005590818;68,0;True;normalizer;0,40405590751397225;2631;17786;5269;dropout;0,08242025961191922;11;14,0;4,0;21,0;;;False;4;sgd;minmax
2675;2024-05-12 20:52:00.893516;0,4761718809604645;;relu;;;256;;82,0;True;normalizer;0,08165108787711299;2631;17786;5269;batchnorm;0,011594271721063419;30;4,0;16,0;14,0;24,0;;False;5;sgd;minmax
2676;2024-05-12 20:52:42.702648;0,5177210569381714;;selu;;;128;0,10114141999888861;84,0;True;normalizer;0,3246452687791989;2631;17786;5269;dropout;0,1999859734973018;11;21,0;11,0;12,0;;;False;4;sgd;normalizer
2677;2024-05-12 20:53:32.106541;0,4619140625;;relu;;;512;0,24693044597692607;74,0;True;normalizer;0,12241526685814376;2631;17786;5269;dropout;0,017424460955056488;10;12,0;30,0;23,0;29,0;;False;5;sgd;minmax
2678;2024-05-12 20:53:57.966834;0,32539063692092896;;relu;;;256;0,11580627993387634;9,0;True;minmax;0,6064960404377783;2631;17786;5269;dropout;0,007620094401138894;7;15,0;14,0;23,0;22,0;;False;5;sgd;minmax
2679;2024-05-12 20:54:38.777604;0,4596036672592163;;relu;;;64;0,3798717313987291;;False;;0,008953711362891937;2631;17786;5269;dropout;0,3319714709308186;9;3,0;4,0;13,0;10,0;;False;5;sgd;minmax
2680;2024-05-12 20:55:59.108886;0,4619140625;;relu;;;256;0,17831653583411772;80,0;True;normalizer;0,09895676037757618;2631;17786;5269;dropout;0,05159681572836867;10;4,0;24,0;22,0;25,0;;False;5;sgd;minmax
2681;2024-05-12 20:56:29.038017;0,4619140625;;relu;0,3443627963927355;0,1010056205400775;256;0,27043361559915535;71,0;True;normalizer;0,18412841488623827;2631;17786;5269;dropout;;8;5,0;4,0;21,0;;;;4;adam;minmax
2682;2024-05-12 20:56:59.850991;0,4619140625;;leaky_relu;;;256;0,1557972824329337;88,0;True;normalizer;0,00695771005083249;2631;17786;5269;dropout;0,13215685773959873;11;13,0;26,0;22,0;21,0;0,016171872481780217;False;5;sgd;maxabs
2683;2024-05-12 20:57:39.654291;0,2520896792411804;;relu;;;8;;7,0;True;maxabs;0,5177610650239595;2631;17786;5269;batchnorm;0,24425212453545644;12;14,0;5,0;21,0;5,0;;False;5;sgd;minmax
2684;2024-05-12 21:09:00.879366;0,528515636920929;;relu;;;256;0,5466794631199576;77,0;True;normalizer;0,7533762143077057;2631;17786;5269;dropout;0,009868640703922462;13;16,0;7,0;10,0;13,0;;False;5;sgd;minmax
2685;2024-05-12 21:10:02.384780;0,533398449420929;;relu;;;512;0,13625605332182134;82,0;True;normalizer;0,9997807043707853;2631;17786;5269;dropout;0,5146522344679381;9;19,0;27,0;29,0;;;False;4;sgd;minmax
2686;2024-05-12 21:10:31.667492;0,5316406488418579;;relu;;;256;0,19464146539266872;81,0;True;normalizer;0,3734313945771138;2631;17786;5269;dropout;0,6935014826997564;8;17,0;26,0;23,0;8,0;;False;5;sgd;minmax
2687;2024-05-12 21:11:15.911844;0,5326172113418579;;selu;;;256;0,2244946995713272;86,0;True;normalizer;0,21813698742505613;2631;17786;5269;dropout;0,03903805915219932;10;3,0;3,0;28,0;23,0;;False;5;sgd;minmax
2688;2024-05-12 21:12:01.928989;0,4619140625;;relu;;;256;0,34269728221866147;62,0;True;normalizer;0,0021734624006071084;2631;17786;5269;dropout;0,0054968065205560634;18;15,0;25,0;12,0;11,0;;False;5;sgd;minmax
2689;2024-05-12 21:12:53.432489;0,532031238079071;;relu;;;256;0,1694463518923939;79,0;True;normalizer;0,2729836216589992;2631;17786;5269;dropout;0,3897526235444151;5;11,0;22,0;26,0;;;False;4;sgd;minmax
2690;2024-05-12 21:13:33.149271;0,5347656011581421;;relu;;;256;;76,0;True;normalizer;0,44746092024025297;2631;17786;5269;vanilla;0,03314403495384031;7;4,0;30,0;13,0;6,0;;False;5;sgd;minmax
2691;2024-05-12 21:14:26.468902;0,5328647494316101;;leaky_relu;;;16;;;False;;0,32742890699375166;2631;17786;5269;vanilla;0,06533807447983131;6;5,0;11,0;14,0;12,0;0,0827595501946548;False;5;sgd;minmax
2692;2024-05-12 21:19:03.049273;0,5267578363418579;;relu;;;256;0,5924344432790057;84,0;True;normalizer;0,6805282738076923;2631;17786;5269;dropout;0,004059015346657058;4;14,0;27,0;23,0;;;False;4;sgd;minmax
2693;2024-05-12 21:20:10.859907;0,251953125;;relu;;;512;;81,0;True;normalizer;0,0023677059449531664;2631;17786;5269;vanilla;0,027593421116896853;9;3,0;27,0;11,0;30,0;;False;5;sgd;minmax
2694;2024-05-12 21:20:32.810556;0,526562511920929;;relu;;;256;;83,0;True;normalizer;0,16426157217868012;2631;17786;5269;vanilla;0,016098901557652007;8;13,0;16,0;23,0;22,0;;False;5;sgd;minmax
2695;2024-05-12 21:21:16.995266;0,4596036672592163;;relu;;;32;0,3978695817822023;78,0;True;normalizer;0,016423410676501753;2631;17786;5269;dropout;0,003244644644090492;29;4,0;4,0;22,0;21,0;;False;5;sgd;minmax
2696;2024-05-12 21:23:48.387367;0,4740234315395355;;relu;;;256;;73,0;True;normalizer;0,11960219157133098;2631;17786;5269;batchnorm;0,21927202390856934;30;15,0;26,0;22,0;4,0;;False;5;sgd;minmax
2697;2024-05-12 21:24:24.616230;0,5277343988418579;;relu;;;256;;85,0;True;normalizer;0,40306367273849836;2631;17786;5269;vanilla;0,09973783337266309;20;4,0;15,0;15,0;;;False;4;sgd;minmax
2698;2024-05-12 21:25:01.526408;0,530468761920929;;relu;;;256;;80,0;True;normalizer;0,24704023999859875;2631;17786;5269;vanilla;0,2682990122827748;12;14,0;25,0;21,0;9,0;;False;5;sgd;minmax
2699;2024-05-12 21:25:42.178816;0,533203125;;leaky_relu;0,1258936732620703;0,7525188430735114;256;0,2613016381529501;76,0;True;normalizer;0,001015057439097641;2631;17786;5269;dropout;;10;3,0;30,0;22,0;13,0;0,06165187750643336;;5;adam;minmax
2700;2024-05-12 21:26:28.997058;0,5308593511581421;;selu;;;256;;52,0;True;normalizer;0,48549998985881393;2631;17786;5269;vanilla;0,16200959778211538;11;16,0;27,0;;;;False;3;sgd;minmax
2701;2024-05-12 21:27:06.347892;0,4619140625;;relu;;;512;;83,0;True;normalizer;0,14088567643425567;2631;17786;5269;vanilla;0,024840532504965297;9;5,0;26,0;13,0;20,0;;False;5;sgd;minmax
2702;2024-05-12 21:27:29.800565;0,4619140625;;relu;;;256;0,12113916987709734;;False;;0,2965632418089617;2631;17786;5269;dropout;0,1871155735708379;12;18,0;26,0;23,0;;;False;4;sgd;normalizer
2703;2024-05-12 21:28:00.771561;0,5232469439506531;;relu;;;128;;79,0;True;normalizer;0,19439689397589757;2631;17786;5269;vanilla;0,01416247672842667;8;3,0;23,0;12,0;29,0;;False;5;sgd;maxabs
2704;2024-05-12 21:29:03.778468;0,3773437440395355;;relu;;;256;;3,0;True;minmax;0,35760888544656544;2631;17786;5269;vanilla;0,0066881259055600354;29;12,0;21,0;14,0;26,0;;False;5;sgd;minmax
2705;2024-05-12 21:29:42.823443;0,5335937738418579;;relu;;;256;0,2871895447368665;89,0;True;normalizer;0,5746511299028747;2631;17786;5269;dropout;0,047132607598089155;11;13,0;27,0;20,0;23,0;;False;5;sgd;minmax
2706;2024-05-12 21:30:24.574959;0,251953125;;relu;;;256;;6,0;True;maxabs;0,09644052320807445;2631;17786;5269;vanilla;0,008319483297044829;16;15,0;17,0;19,0;;;False;4;sgd;minmax
2707;2024-05-12 21:31:03.632887;0,527148425579071;;relu;;;256;;86,0;True;normalizer;0,40770419851266015;2631;17786;5269;vanilla;0,08859047910342295;10;4,0;;;;;False;2;sgd;minmax
2708;2024-05-12 21:31:41.810778;0,5297256112098694;;leaky_relu;;;64;0,1857292749380846;81,0;True;normalizer;0,28817217994962524;2631;17786;5269;dropout;0,011846657289227208;9;17,0;27,0;28,0;28,0;0,05262785032289106;False;5;sgd;minmax
2709;2024-05-12 21:33:35.472344;0,4619140625;;relu;;;512;;78,0;True;normalizer;0,011286998313824301;2631;17786;5269;vanilla;0,07442691656169007;11;19,0;9,0;22,0;12,0;;False;5;sgd;minmax
2710;2024-05-12 21:34:06.722935;0,4619140625;;relu;;;256;;56,0;True;normalizer;0,08125504348947904;2631;17786;5269;vanilla;0,11919658010409039;7;14,0;6,0;23,0;21,0;;False;5;sgd;minmax
2711;2024-05-12 21:34:44.097393;0,530078113079071;;relu;;;256;0,31107017537346404;82,0;True;normalizer;0,22134521316485398;2631;17786;5269;dropout;0,02064849338013212;5;22,0;29,0;23,0;;;False;4;sgd;minmax
2712;2024-05-12 21:35:34.568189;0,5294452905654907;;selu;;;8;;75,0;True;normalizer;0,00795641815905383;2631;17786;5269;vanilla;0,36012510767202016;8;3,0;27,0;11,0;14,0;;False;5;sgd;minmax
2713;2024-05-12 21:42:48.133267;0,4619140625;;relu;;;256;;;False;;0,02055778405433113;2631;17786;5269;vanilla;0,14103264920730332;30;5,0;26,0;21,0;13,0;;False;5;sgd;minmax
2714;2024-05-12 21:43:25.231569;0,533398449420929;;relu;;;256;0,3274385483540311;66,0;True;normalizer;0,34164011800351585;2631;17786;5269;dropout;0,4255333520016066;29;4,0;30,0;13,0;;;False;4;sgd;minmax
2715;2024-05-12 21:43:58.929006;0,4619140625;;relu;;;256;;71,0;True;normalizer;0,02890112159946024;2631;17786;5269;vanilla;0,2864863661331913;10;5,0;29,0;22,0;11,0;;False;5;sgd;minmax
2716;2024-05-12 21:44:29.999265;0,531054675579071;;relu;;;256;;85,0;True;normalizer;0,47849744022551033;2631;17786;5269;vanilla;0,23680368692254858;6;13,0;27,0;17,0;3,0;;False;5;sgd;minmax
2717;2024-05-12 21:45:30.275967;0,4996093809604645;;leaky_relu;;;512;;79,0;True;normalizer;0,11342374705224646;2631;17786;5269;batchnorm;0,323948568484535;14;15,0;26,0;23,0;22,0;0,056561141887744235;False;5;sgd;minmax
2718;2024-05-12 21:45:59.928926;0,4619140625;;relu;0,9296197464932974;0,5512616403171449;256;0,4163936561597853;83,0;True;normalizer;0,1561188190802435;2631;17786;5269;dropout;;13;12,0;25,0;21,0;24,0;;;5;adam;minmax
2719;2024-05-12 21:46:39.915769;0,4619140625;;relu;;;256;;91,0;True;normalizer;0,2507686127387113;2631;17786;5269;vanilla;0,01027171688868675;7;20,0;24,0;22,0;;;False;4;sgd;normalizer
2720;2024-05-12 21:47:12.350084;0,4597264528274536;;relu;;;16;;87,0;True;normalizer;0,3876332429344234;2631;17786;5269;vanilla;0,019174048019530363;9;14,0;27,0;18,0;6,0;;False;5;sgd;minmax
2721;2024-05-12 21:50:38.840757;0,5335937738418579;;relu;;;256;0,14223574313307488;43,0;True;normalizer;0,6673459500981014;2631;17786;5269;dropout;0,00467067755841102;12;16,0;28,0;12,0;7,0;;False;5;sgd;minmax
2722;2024-05-12 21:51:19.210129;0,529492199420929;;relu;;;256;;54,0;True;normalizer;0,5257917984830778;2631;17786;5269;vanilla;0,20597660042641047;11;3,0;26,0;23,0;;;False;4;sgd;minmax
2723;2024-05-12 21:51:48.425444;0,5296875238418579;;relu;;;256;;77,0;True;normalizer;0,3171711300402599;2631;17786;5269;vanilla;0,0026242369767090394;29;4,0;29,0;26,0;10,0;;False;5;sgd;minmax
2724;2024-05-12 21:52:42.421205;0,5306783318519592;;selu;;;32;0,2072166960017749;;False;;0,44064345435846886;2631;17786;5269;dropout;0,013478107745928577;10;17,0;27,0;14,0;30,0;;False;5;sgd;minmax
2725;2024-05-12 21:55:08.179812;0,251953125;;relu;;;512;;8,0;True;minmax;0,02240254307342773;2631;17786;5269;vanilla;0,007973324718627203;21;13,0;28,0;23,0;5,0;;False;5;sgd;maxabs
2726;2024-05-12 21:55:31.046246;0,4619140625;;leaky_relu;;;256;;27,0;True;normalizer;0,19100116024597263;2631;17786;5269;vanilla;0,03840615249123449;9;28,0;30,0;22,0;;0,09261512907401104;False;4;sgd;minmax
2727;2024-05-12 21:56:01.188309;0,4619140625;;relu;;;256;0,11179801795693833;81,0;True;normalizer;0,02647912163731273;2631;17786;5269;dropout;0,03075746020539443;8;5,0;27,0;21,0;21,0;;False;5;sgd;minmax
2728;2024-05-12 21:56:42.981776;0,5308593511581421;;relu;;;256;;84,0;True;normalizer;0,14217787493592413;2631;17786;5269;vanilla;0,06612956317699413;29;18,0;26,0;;;;False;3;sgd;minmax
2729;2024-05-12 21:57:26.649775;0,251953125;;relu;;;256;;8,0;True;maxabs;0,08801935986432274;2631;17786;5269;vanilla;0,7806849685435533;11;;;;;;False;1;sgd;minmax
2730;2024-05-12 21:57:56.321735;0,5326172113418579;;relu;;;256;0,24048508038692495;80,0;True;normalizer;0,7926331206193461;2631;17786;5269;dropout;0,15280017564686796;9;4,0;29,0;22,0;25,0;;False;5;sgd;minmax
2731;2024-05-12 21:58:33.351640;0,533203125;;relu;;;256;;74,0;True;normalizer;0,34924522275132863;2631;17786;5269;vanilla;0,10676595698654716;13;3,0;28,0;23,0;;;False;4;sgd;minmax
2732;2024-05-12 21:59:07.765713;0,4596036672592163;;relu;;;128;0,650653532619575;82,0;True;normalizer;0,23452638434606912;2631;17786;5269;dropout;0,005101049312382107;8;14,0;27,0;23,0;27,0;;False;5;sgd;minmax
2733;2024-05-12 21:59:55.467421;0,5326172113418579;;relu;;;512;;69,0;True;normalizer;0,280087478956318;2631;17786;5269;vanilla;0,015459727218761026;10;15,0;30,0;13,0;23,0;;False;5;sgd;minmax
2734;2024-05-12 22:00:33.894405;0,533007800579071;;leaky_relu;;;256;;77,0;True;normalizer;0,5766052553929258;2631;17786;5269;vanilla;0,5259259239741776;12;3,0;12,0;12,0;20,0;0,08467048004260352;False;5;sgd;minmax
2735;2024-05-12 22:01:27.036278;0,533007800579071;;relu;;;256;0,1289470023386841;79,0;True;normalizer;0,17711560537027124;2631;17786;5269;dropout;0,0037334221205712077;29;5,0;11,0;20,0;;;False;4;sgd;minmax
2736;2024-05-12 22:02:29.748340;0,5259146094322205;;relu;;;64;;;False;;0,3961623548855034;2631;17786;5269;vanilla;0,05364585479136507;7;13,0;25,0;27,0;22,0;;False;5;sgd;minmax
2737;2024-05-12 22:03:36.027931;0,4619140625;;relu;0,8828703302113383;0,32921294400386575;256;;83,0;True;normalizer;0,13113654681513948;2631;17786;5269;vanilla;;30;4,0;29,0;22,0;12,0;;;5;adam;minmax
2738;2024-05-12 22:04:06.791622;0,5107421875;;selu;;;256;;86,0;True;normalizer;0,0726544039454028;2631;17786;5269;batchnorm;0,006239576542935675;22;15,0;10,0;13,0;4,0;;False;5;sgd;minmax
2739;2024-05-12 22:04:49.913746;0,533984363079071;;relu;;;256;0,16476785924311985;81,0;True;normalizer;0,8745587094813185;2631;17786;5269;dropout;0,26369185865489664;10;8,0;28,0;30,0;24,0;;False;5;sgd;minmax
2740;2024-05-12 22:05:22.860160;0,5347656011581421;;relu;;;512;;75,0;True;normalizer;0,48544748432103263;2631;17786;5269;vanilla;0,1797510076739601;28;16,0;13,0;14,0;;;False;4;sgd;minmax
2741;2024-05-12 22:05:50.383033;0,4619140625;;relu;;;256;;60,0;True;normalizer;0,3133468308641881;2631;17786;5269;vanilla;0,9941471978280828;9;14,0;27,0;15,0;20,0;;False;5;sgd;normalizer
2742;2024-05-12 22:06:27.123240;0,4619140625;;relu;;;256;0,47203751479064604;73,0;True;normalizer;0,20899230367781152;2631;17786;5269;dropout;0,01824689937269344;19;12,0;18,0;16,0;5,0;;False;5;sgd;minmax
2743;2024-05-12 22:06:56.639015;0,4619140625;;leaky_relu;;;256;;78,0;True;normalizer;0,0025208836734507073;2631;17786;5269;vanilla;0,6465736944916239;12;9,0;7,0;23,0;;0,013662346002094084;False;4;sgd;minmax
2744;2024-05-12 22:07:25.185376;0,4619140625;;relu;;;256;;84,0;True;normalizer;0,0360092814267133;2631;17786;5269;vanilla;0,009670862264851908;7;3,0;26,0;22,0;21,0;;False;5;sgd;minmax
2745;2024-05-12 22:08:01.118764;0,5321048498153687;;relu;;;8;0,15538728077942984;80,0;True;normalizer;0,10651256048059156;2631;17786;5269;dropout;0,022857835926849836;6;4,0;26,0;21,0;13,0;;False;5;sgd;minmax
2746;2024-05-12 22:16:22.103767;0,5337890386581421;;relu;;;256;;77,0;True;normalizer;0,36398021030973027;2631;17786;5269;vanilla;0,22087460233743106;11;5,0;28,0;23,0;11,0;;False;5;sgd;minmax
2747;2024-05-12 22:16:59.679754;0,531054675579071;;relu;;;256;;;False;;0,27888950869140966;2631;17786;5269;vanilla;0,08667680682200213;29;13,0;27,0;11,0;;;False;4;sgd;maxabs
2748;2024-05-12 22:17:39.154163;0,4296875;;relu;;;512;0,21236405389551594;8,0;True;minmax;0,40561198023303213;2631;17786;5269;dropout;0,4243159421713924;8;11,0;29,0;22,0;22,0;;False;5;sgd;minmax
2749;2024-05-12 22:18:12.971172;0,5308593511581421;;selu;;;256;;82,0;True;normalizer;0,16318995950925083;2631;17786;5269;vanilla;0,04541419462576786;9;20,0;25,0;24,0;22,0;;False;5;sgd;minmax
2750;2024-05-12 22:18:49.445918;0,5321048498153687;;relu;;;16;;40,0;True;normalizer;0,45283270374233475;2631;17786;5269;vanilla;0,300779661936682;28;4,0;27,0;26,0;;;False;4;sgd;minmax
2751;2024-05-12 22:22:21.080964;0,5323932766914368;;relu;;;32;0,1799350351902837;85,0;True;normalizer;0,6101494407360674;2631;17786;5269;dropout;0,011203177901427275;10;14,0;28,0;12,0;28,0;;False;5;sgd;minmax
2752;2024-05-12 22:24:43.813297;0,5337890386581421;;relu;;;256;;88,0;True;normalizer;0,34175782350760414;2631;17786;5269;vanilla;0,0582791905122868;12;16,0;27,0;13,0;10,0;;False;5;sgd;minmax
2753;2024-05-12 22:25:37.426996;0,251953125;;leaky_relu;;;256;;9,0;True;maxabs;0,0898716282366745;2631;17786;5269;vanilla;0,12018938794516079;11;3,0;30,0;22,0;30,0;0,02950426026916412;False;5;sgd;minmax
2754;2024-05-12 22:26:10.795359;0,531445324420929;;relu;;;256;0,35836561767087205;50,0;True;normalizer;0,5282683894594407;2631;17786;5269;dropout;0,34213753027372523;10;17,0;8,0;23,0;;;False;4;sgd;minmax
2755;2024-05-12 22:26:46.551360;0,4619140625;;relu;0,8137851137151507;0,4272966983051408;256;;79,0;True;normalizer;0,23323881558108872;2631;17786;5269;vanilla;;28;15,0;29,0;23,0;8,0;;;5;adam;minmax
2756;2024-05-12 22:27:21.585877;0,5308593511581421;;relu;;;512;;58,0;True;normalizer;0,6970006279216916;2631;17786;5269;vanilla;0,25212365476156345;29;18,0;28,0;14,0;23,0;;False;5;sgd;minmax
2757;2024-05-12 22:27:54.565442;0,2861328125;;relu;;;256;0,42770014365800413;46,0;True;normalizer;0,0012794646156266464;2631;17786;5269;dropout;0,007012056932054733;7;3,0;26,0;21,0;6,0;;False;5;sgd;minmax
2758;2024-05-12 22:28:26.441013;0,529101550579071;;relu;;;256;;38,0;True;normalizer;0,2938962692925097;2631;17786;5269;vanilla;0,02544029397863235;30;14,0;28,0;22,0;;;False;4;sgd;minmax
2759;2024-05-12 22:29:06.101262;0,527539074420929;;relu;;;256;;;False;;0,43674499017424884;2631;17786;5269;vanilla;0,012719844911218036;8;19,0;29,0;24,0;14,0;;False;5;sgd;minmax
2760;2024-05-12 22:29:50.741882;0,519335925579071;;relu;;;256;;76,0;True;normalizer;0,12304955118656528;2631;17786;5269;batchnorm;0,07032148137662955;28;21,0;27,0;23,0;20,0;;False;5;sgd;minmax
2761;2024-05-12 22:30:25.173666;0,4622713327407837;;leaky_relu;;;128;0,14508283194468632;81,0;True;normalizer;0,0011322005328605912;2631;17786;5269;dropout;0,0031221267677000192;9;4,0;26,0;12,0;12,0;0,009955806778291821;False;5;sgd;minmax
2762;2024-05-12 22:31:59.110823;0,533398449420929;;selu;;;256;;84,0;True;normalizer;0,20007183931002953;2631;17786;5269;vanilla;0,19511613103104494;11;5,0;25,0;20,0;;;False;4;sgd;minmax
2763;2024-05-12 22:32:37.663629;0,5199218988418579;;relu;;;256;;83,0;True;normalizer;0,36885443149777625;2631;17786;5269;vanilla;0,005526327569391675;6;13,0;27,0;24,0;11,0;;False;5;sgd;minmax
2764;2024-05-12 22:33:20.132410;0,4596036672592163;;relu;;;64;0,10104590921805737;64,0;True;normalizer;0,011008133732258054;2631;17786;5269;dropout;0,03667140850555409;5;4,0;30,0;21,0;21,0;;False;5;sgd;normalizer
2765;2024-05-12 22:34:39.576458;0,4619140625;;relu;;;512;;79,0;True;normalizer;0,08140679774500723;2631;17786;5269;vanilla;0,015517683535975322;10;15,0;28,0;22,0;13,0;;False;5;sgd;minmax
2766;2024-05-12 22:35:01.343986;0,533007800579071;;relu;;;256;;72,0;True;normalizer;0,14693794127493104;2631;17786;5269;vanilla;0,1648187191403233;29;3,0;27,0;;;;False;3;sgd;minmax
2767;2024-05-12 22:35:37.099596;0,533007800579071;;relu;;;256;0,5182938572360408;81,0;True;normalizer;0,2564879912145356;2631;17786;5269;dropout;0,13736031028261456;28;16,0;20,0;11,0;;;False;4;sgd;minmax
2768;2024-05-12 22:36:33.526434;0,4619140625;;relu;;;256;;86,0;True;normalizer;0,004583729888837251;2631;17786;5269;vanilla;0,008438213449317696;11;14,0;26,0;23,0;7,0;;False;5;sgd;minmax
2769;2024-05-12 22:37:03.402923;0,4619140625;;relu;;;256;;;False;;0,015362563196165236;2631;17786;5269;vanilla;0,22975432211738214;8;12,0;29,0;13,0;29,0;;False;5;sgd;minmax
2770;2024-05-12 22:37:33.172930;0,5319148898124695;;leaky_relu;;;8;0,19806712306888766;75,0;True;normalizer;0,03176223824915434;2631;17786;5269;dropout;0,10071119809320812;10;5,0;29,0;22,0;4,0;0,05823705050998723;False;5;sgd;minmax
