match;Date;season;Div;HomeTeam;AwayTeam;FTHG;FTAG;label;prediction;draw;home;away
15969;2020-01-01;T19-20;E0;Brighton;Chelsea;1;1;0,0;2;0,1713;0,1367;0,6919
15975;2020-01-01;T19-20;E0;Norwich;Crystal Palace;1;1;0,0;1;0,2575;0,3908;0,3516
15972;2020-01-01;T19-20;E0;Southampton;Tottenham;1;0;1,0;2;0,2714;0,2754;0,4532
15971;2020-01-01;T19-20;E0;Newcastle;Leicester;0;3;2,0;1;0,2722;0,5228;0,205
15974;2020-01-01;T19-20;E0;Man City;Everton;2;1;1,0;1;0,2073;0,6998;0,0929
15977;2020-01-01;T19-20;E0;Arsenal;Man United;2;0;1,0;0;0,3472;0,3457;0,3071
15976;2020-01-01;T19-20;E0;West Ham;Bournemouth;4;0;1,0;1;0,2879;0,3826;0,3296
15970;2020-01-01;T19-20;E0;Burnley;Aston Villa;1;2;2,0;1;0,2681;0,3904;0,3415
15973;2020-01-01;T19-20;E0;Watford;Wolves;2;1;1,0;1;0,2741;0,3929;0,333
15978;2020-01-02;T19-20;E0;Liverpool;Sheffield United;2;0;1,0;1;0,1959;0,7222;0,082
45177;2020-01-03;T19-20;SP1;Valladolid;Leganes;2;2;0,0;1;0,2832;0,3821;0,3346
45178;2020-01-03;T19-20;SP1;Sevilla;Ath Bilbao;1;1;0,0;1;0,2084;0,6884;0,1032
57589;2020-01-03;T19-20;SP2;Extremadura;Alcorcon;0;0;0,0;1;0,2905;0,4176;0,2919
57594;2020-01-04;T19-20;SP2;Elche;Huesca;1;1;0,0;1;0,259;0,5521;0,1889
57593;2020-01-04;T19-20;SP2;Tenerife;Albacete;4;2;1,0;1;0,2409;0,5695;0,1895
57595;2020-01-04;T19-20;SP2;Mirandes;Santander;0;0;0,0;1;0,2835;0,4403;0,2763
57592;2020-01-04;T19-20;SP2;Lugo;Almeria;0;4;2,0;1;0,2829;0,4752;0,2418
57590;2020-01-04;T19-20;SP2;Fuenlabrada;Las Palmas;0;0;0,0;1;0,2768;0,4559;0,2673
57591;2020-01-04;T19-20;SP2;Ponferradina;Cadiz;0;0;0,0;1;0,3021;0,3944;0,3034
45180;2020-01-04;T19-20;SP1;Getafe;Real Madrid;0;3;2,0;2;0,1383;0,1232;0,7385
45179;2020-01-04;T19-20;SP1;Valencia;Eibar;1;0;1,0;1;0,2109;0,6883;0,1008
45182;2020-01-04;T19-20;SP1;Espanol;Barcelona;2;2;0,0;2;0,1355;0,1059;0,7586
45181;2020-01-04;T19-20;SP1;Ath Madrid;Levante;2;1;1,0;1;0,2208;0,6739;0,1053
45184;2020-01-05;T19-20;SP1;Sociedad;Villarreal;1;2;2,0;1;0,2685;0,5374;0,1941
45185;2020-01-05;T19-20;SP1;Alaves;Betis;1;1;0,0;1;0,273;0,4014;0,3256
45186;2020-01-05;T19-20;SP1;Celta;Osasuna;1;1;0,0;1;0,2602;0,4962;0,2436
35069;2020-01-05;T19-20;I1;Roma;Torino;0;2;2,0;1;0,1991;0,7115;0,0894
35067;2020-01-05;T19-20;I1;Spal;Verona;0;2;2,0;1;0,2713;0,393;0,3357
35066;2020-01-05;T19-20;I1;Brescia;Lazio;1;2;2,0;2;0,2398;0,2282;0,532
57596;2020-01-05;T19-20;SP2;Numancia;La Coruna;0;1;2,0;1;0,2672;0,5143;0,2185
57597;2020-01-05;T19-20;SP2;Vallecano;Girona;1;0;1,0;1;0,2584;0,5527;0,1889
57598;2020-01-05;T19-20;SP2;Oviedo;Malaga;1;1;0,0;1;0,2966;0,444;0,2593
45183;2020-01-05;T19-20;SP1;Granada;Mallorca;1;0;1,0;1;0,2566;0,3809;0,3625
35068;2020-01-05;T19-20;I1;Genoa;Sassuolo;2;1;1,0;1;0,2895;0,4496;0,2609
35074;2020-01-06;T19-20;I1;Lecce;Udinese;0;1;2,0;1;0,2511;0,3833;0,3656
35073;2020-01-06;T19-20;I1;Milan;Sampdoria;0;0;0,0;1;0,2033;0,7021;0,0946
35072;2020-01-06;T19-20;I1;Juventus;Cagliari;4;0;1,0;1;0,1984;0,7106;0,091
35075;2020-01-06;T19-20;I1;Napoli;Inter;1;3;2,0;2;0,2831;0,3049;0,412
35071;2020-01-06;T19-20;I1;Atalanta;Parma;5;0;1,0;1;0,2475;0,5154;0,2371
35070;2020-01-06;T19-20;I1;Bologna;Fiorentina;1;1;0,0;2;0,2855;0,3279;0,3866
57599;2020-01-07;T19-20;SP2;Zaragoza;Sp Gijon;2;0;1,0;1;0,2783;0,4517;0,27
15979;2020-01-10;T19-20;E0;Sheffield United;West Ham;1;0;1,0;1;0,276;0,4416;0,2823
26583;2020-01-10;T19-20;F1;Rennes;Marseille;0;1;2,0;1;0,2673;0,3869;0,3458
26586;2020-01-11;T19-20;F1;Angers;Nice;1;1;0,0;1;0,2824;0,4414;0,2762
26585;2020-01-11;T19-20;F1;Amiens;Montpellier;1;2;2,0;1;0,2828;0,4141;0,3031
26587;2020-01-11;T19-20;F1;Metz;Strasbourg;1;0;1,0;1;0,2432;0,3892;0,3676
26588;2020-01-11;T19-20;F1;Nimes;Reims;2;0;1,0;1;0,2899;0,441;0,2692
26589;2020-01-11;T19-20;F1;Toulouse;Brest;2;5;2,0;1;0,2893;0,4225;0,2882
26584;2020-01-11;T19-20;F1;Bordeaux;Lyon;1;2;2,0;2;0,2866;0,2704;0,443
35076;2020-01-11;T19-20;I1;Cagliari;Milan;0;2;2,0;2;0,222;0,1849;0,5931
15984;2020-01-11;T19-20;E0;Man United;Norwich;4;0;1,0;1;0,1858;0,73;0,0842
35078;2020-01-11;T19-20;I1;Inter;Atalanta;1;1;0,0;1;0,2015;0,7073;0,0911
35077;2020-01-11;T19-20;I1;Lazio;Napoli;1;0;1,0;1;0,2606;0,4156;0,3237
15980;2020-01-11;T19-20;E0;Crystal Palace;Arsenal;1;1;0,0;2;0,1949;0,1593;0,6458
15982;2020-01-11;T19-20;E0;Everton;Brighton;1;0;1,0;1;0,2286;0,6433;0,1281
15983;2020-01-11;T19-20;E0;Leicester;Southampton;1;2;2,0;1;0,2757;0,4402;0,2841
15985;2020-01-11;T19-20;E0;Wolves;Newcastle;1;1;0,0;1;0,2653;0,3912;0,3435
15981;2020-01-11;T19-20;E0;Chelsea;Burnley;3;0;1,0;1;0,1903;0,7255;0,0842
15986;2020-01-11;T19-20;E0;Tottenham;Liverpool;0;1;2,0;2;0,29;0,2916;0,4184
15987;2020-01-12;T19-20;E0;Bournemouth;Watford;0;3;2,0;1;0,2801;0,3997;0,3203
15988;2020-01-12;T19-20;E0;Aston Villa;Man City;1;6;2,0;2;0,2263;0,2217;0,552
26591;2020-01-12;T19-20;F1;Dijon;Lille;1;0;1,0;2;0,2555;0,2255;0,519
35079;2020-01-12;T19-20;I1;Udinese;Sassuolo;3;0;1,0;1;0,2721;0,5176;0,2102
35083;2020-01-12;T19-20;I1;Verona;Genoa;2;1;1,0;1;0,2658;0,3876;0,3466
35082;2020-01-12;T19-20;I1;Torino;Bologna;1;0;1,0;1;0,2767;0,4353;0,288
35081;2020-01-12;T19-20;I1;Sampdoria;Brescia;5;1;1,0;1;0,2567;0,5516;0,1917
35080;2020-01-12;T19-20;I1;Fiorentina;Spal;1;0;1,0;1;0,2196;0,6605;0,1199
26590;2020-01-12;T19-20;F1;St Etienne;Nantes;0;2;2,0;1;0,2576;0,5541;0,1884
35084;2020-01-12;T19-20;I1;Roma;Juventus;1;2;2,0;2;0,3482;0,3033;0,3485
26592;2020-01-12;T19-20;F1;Paris SG;Monaco;3;3;0,0;1;0,2557;0,5768;0,1676
35085;2020-01-13;T19-20;I1;Parma;Lecce;2;0;1,0;1;0,2474;0,5218;0,2308
57603;2020-01-14;T19-20;SP2;Las Palmas;Zaragoza;0;1;2,0;1;0,2846;0,4679;0,2475
57602;2020-01-14;T19-20;SP2;Malaga;Ponferradina;1;0;1,0;1;0,256;0,4995;0,2445
57601;2020-01-14;T19-20;SP2;Sp Gijon;Elche;1;0;1,0;1;0,2317;0,6358;0,1325
57600;2020-01-14;T19-20;SP2;Albacete;Fuenlabrada;1;1;0,0;1;0,2966;0,4552;0,2482
26594;2020-01-15;T19-20;F1;Nimes;Rennes;0;1;2,0;1;0,2934;0,4438;0,2628
26593;2020-01-15;T19-20;F1;Amiens;Reims;1;1;0,0;1;0,2881;0,4136;0,2983
57607;2020-01-15;T19-20;SP2;Cadiz;Mirandes;3;3;0,0;1;0,2331;0,6001;0,1667
57606;2020-01-15;T19-20;SP2;Vallecano;Lugo;1;0;1,0;1;0,254;0,5309;0,2151
57604;2020-01-15;T19-20;SP2;Alcorcon;Numancia;2;2;0,0;1;0,2639;0,5415;0,1945
26595;2020-01-15;T19-20;F1;Monaco;Paris SG;1;4;2,0;2;0,2778;0,2917;0,4305
57605;2020-01-15;T19-20;SP2;Huesca;Tenerife;2;1;1,0;1;0,2543;0,5036;0,2421
57608;2020-01-16;T19-20;SP2;La Coruna;Santander;2;1;1,0;1;0,2629;0,5385;0,1986
57609;2020-01-16;T19-20;SP2;Girona;Extremadura;3;1;1,0;1;0,2467;0,5742;0,1792
57610;2020-01-16;T19-20;SP2;Almeria;Oviedo;2;0;1,0;1;0,2392;0,5803;0,1805
5967;2020-01-17;T19-20;D1;Schalke 04;M'gladbach;2;0;1,0;1;0,2086;0,686;0,1055
45187;2020-01-17;T19-20;SP1;Leganes;Getafe;0;3;2,0;1;0,274;0,402;0,324
57611;2020-01-17;T19-20;SP2;Fuenlabrada;Malaga;0;0;0,0;1;0,3041;0,4015;0,2944
35087;2020-01-18;T19-20;I1;Sassuolo;Torino;2;1;1,0;1;0,2793;0,3977;0,323
57614;2020-01-18;T19-20;SP2;Ponferradina;Vallecano;1;1;0,0;1;0,296;0,4512;0,2529
57613;2020-01-18;T19-20;SP2;Lugo;Albacete;1;0;1,0;1;0,2748;0,439;0,2862
57612;2020-01-18;T19-20;SP2;Numancia;Sp Gijon;2;0;1,0;1;0,2683;0,4943;0,2374
15989;2020-01-18;T19-20;E0;Watford;Tottenham;0;0;0,0;2;0,2447;0,2153;0,5399
15990;2020-01-18;T19-20;E0;Arsenal;Sheffield United;1;1;0,0;1;0,1919;0,7286;0,0795
15991;2020-01-18;T19-20;E0;Brighton;Aston Villa;1;1;0,0;1;0,2747;0,4066;0,3186
15992;2020-01-18;T19-20;E0;Man City;Crystal Palace;2;2;0,0;1;0,2066;0,7006;0,0928
15993;2020-01-18;T19-20;E0;Norwich;Bournemouth;1;0;1,0;1;0,2691;0,3951;0,3358
15995;2020-01-18;T19-20;E0;West Ham;Everton;1;1;0,0;1;0,2836;0,3877;0,3286
15996;2020-01-18;T19-20;E0;Newcastle;Chelsea;1;0;1,0;2;0,1731;0,1602;0,6666
45191;2020-01-18;T19-20;SP1;Eibar;Ath Madrid;2;0;1,0;2;0,2464;0,2421;0,5115
45190;2020-01-18;T19-20;SP1;Osasuna;Valladolid;0;0;0,0;1;0,2706;0,3982;0,3312
45189;2020-01-18;T19-20;SP1;Real Madrid;Sevilla;2;1;1,0;1;0,2124;0,6825;0,1051
35088;2020-01-18;T19-20;I1;Napoli;Fiorentina;0;2;2,0;1;0,2332;0,6302;0,1366
35086;2020-01-18;T19-20;I1;Lazio;Sampdoria;5;1;1,0;1;0,2079;0,6938;0,0983
15994;2020-01-18;T19-20;E0;Southampton;Wolves;2;3;2,0;1;0,2817;0,443;0,2754
45188;2020-01-18;T19-20;SP1;Levante;Alaves;0;1;2,0;1;0,2655;0,3888;0,3457
5969;2020-01-18;T19-20;D1;FC Koln;Wolfsburg;3;1;1,0;1;0,2451;0,3863;0,3686
5973;2020-01-18;T19-20;D1;RB Leipzig;Union Berlin;3;1;1,0;1;0,2743;0,5234;0,2023
5971;2020-01-18;T19-20;D1;Hoffenheim;Ein Frankfurt;1;2;2,0;1;0,2459;0,5359;0,2182
5970;2020-01-18;T19-20;D1;Fortuna Dusseldorf;Werder Bremen;0;1;2,0;2;0,293;0,3072;0,3998
5968;2020-01-18;T19-20;D1;Augsburg;Dortmund;3;5;2,0;2;0,2221;0,2046;0,5734
5972;2020-01-18;T19-20;D1;Mainz;Freiburg;1;2;2,0;1;0,2634;0,4875;0,2492
57616;2020-01-19;T19-20;SP2;La Coruna;Cadiz;1;0;1,0;1;0,2905;0,4382;0,2713
57617;2020-01-19;T19-20;SP2;Oviedo;Huesca;1;1;0,0;1;0,275;0,5106;0,2144
5974;2020-01-19;T19-20;D1;Hertha;Bayern Munich;0;4;2,0;2;0,1446;0,1321;0,7233
45192;2020-01-19;T19-20;SP1;Mallorca;Valencia;4;1;1,0;2;0,2557;0,2529;0,4915
45193;2020-01-19;T19-20;SP1;Betis;Sociedad;3;0;1,0;1;0,2755;0,4218;0,3026
45194;2020-01-19;T19-20;SP1;Villarreal;Espanol;1;2;2,0;1;0,2071;0,6631;0,1299
45195;2020-01-19;T19-20;SP1;Ath Bilbao;Celta;1;1;0,0;1;0,2429;0,5677;0,1894
45196;2020-01-19;T19-20;SP1;Barcelona;Granada;1;0;1,0;1;0,1639;0,7629;0,0732
57620;2020-01-19;T19-20;SP2;Tenerife;Girona;1;0;1,0;1;0,2424;0,581;0,1766
57615;2020-01-19;T19-20;SP2;Elche;Alcorcon;1;1;0,0;1;0,2633;0,5459;0,1908
57619;2020-01-19;T19-20;SP2;Extremadura;Almeria;1;2;2,0;1;0,283;0,429;0,288
5975;2020-01-19;T19-20;D1;Paderborn;Leverkusen;1;4;2,0;2;0,2402;0,2371;0,5227
15998;2020-01-19;T19-20;E0;Liverpool;Man United;2;0;1,0;0;0,3468;0,3376;0,3157
35089;2020-01-19;T19-20;I1;Milan;Udinese;3;2;1,0;1;0,2041;0,6994;0,0966
35090;2020-01-19;T19-20;I1;Bologna;Verona;1;1;0,0;1;0,2674;0,3842;0,3484
35091;2020-01-19;T19-20;I1;Brescia;Cagliari;2;2;0,0;1;0,2696;0,4294;0,301
35092;2020-01-19;T19-20;I1;Lecce;Inter;1;1;0,0;2;0,2199;0,1997;0,5805
35093;2020-01-19;T19-20;I1;Genoa;Roma;1;3;2,0;2;0,2145;0,1807;0,6049
15997;2020-01-19;T19-20;E0;Burnley;Leicester;2;1;1,0;1;0,2815;0,3787;0,3398
35094;2020-01-19;T19-20;I1;Juventus;Parma;2;1;1,0;1;0,1877;0,7266;0,0856
57618;2020-01-19;T19-20;SP2;Santander;Las Palmas;1;1;0,0;1;0,2787;0,4517;0,2696
35095;2020-01-20;T19-20;I1;Atalanta;Spal;1;2;2,0;1;0,2674;0,5301;0,2025
16004;2020-01-21;T19-20;E0;Chelsea;Arsenal;2;2;0,0;1;0,3319;0,4135;0,2546
16003;2020-01-21;T19-20;E0;Sheffield United;Man City;0;1;2,0;2;0,2266;0,2236;0,5498
16002;2020-01-21;T19-20;E0;Everton;Newcastle;2;2;0,0;1;0,2214;0,6361;0,1424
16001;2020-01-21;T19-20;E0;Crystal Palace;Southampton;0;2;2,0;1;0,2725;0,3905;0,337
16000;2020-01-21;T19-20;E0;Bournemouth;Brighton;3;1;1,0;1;0,2847;0,3934;0,3219
15999;2020-01-21;T19-20;E0;Aston Villa;Watford;2;1;1,0;1;0,2811;0,4044;0,3145
16007;2020-01-22;T19-20;E0;Man United;Burnley;0;2;2,0;1;0,1843;0,7346;0,0811
16006;2020-01-22;T19-20;E0;Tottenham;Norwich;2;1;1,0;1;0,2072;0,6926;0,1002
16005;2020-01-22;T19-20;E0;Leicester;West Ham;4;1;1,0;1;0,273;0,4623;0,2647
16008;2020-01-23;T19-20;E0;Wolves;Liverpool;1;2;2,0;2;0,2139;0,1773;0,6088
5976;2020-01-24;T19-20;D1;Dortmund;FC Koln;5;1;1,0;1;0,2103;0,6884;0,1013
45197;2020-01-24;T19-20;SP1;Osasuna;Levante;2;0;1,0;1;0,2703;0,4094;0,3203
26596;2020-01-24;T19-20;F1;Nice;Rennes;1;1;0,0;1;0,2453;0,5723;0,1824
57621;2020-01-24;T19-20;SP2;Cadiz;Santander;1;0;1,0;1;0,2461;0,5754;0,1784
35096;2020-01-24;T19-20;I1;Brescia;Milan;0;1;2,0;2;0,2221;0,1834;0,5945
5979;2020-01-25;T19-20;D1;M'gladbach;Mainz;3;1;1,0;1;0,2418;0,5705;0,1876
5978;2020-01-25;T19-20;D1;Freiburg;Paderborn;0;2;2,0;1;0,2776;0,3908;0,3317
5977;2020-01-25;T19-20;D1;Ein Frankfurt;RB Leipzig;2;0;1,0;2;0,2614;0,2298;0,5088
35097;2020-01-25;T19-20;I1;Spal;Bologna;1;3;2,0;1;0,274;0,4115;0,3145
35098;2020-01-25;T19-20;I1;Fiorentina;Genoa;0;0;0,0;1;0,2224;0,6439;0,1337
5981;2020-01-25;T19-20;D1;Wolfsburg;Hertha;1;2;2,0;1;0,2367;0,5736;0,1897
5982;2020-01-25;T19-20;D1;Bayern Munich;Schalke 04;5;0;1,0;1;0,2318;0,6417;0,1265
45201;2020-01-25;T19-20;SP1;Sevilla;Granada;2;0;1,0;1;0,2072;0,6876;0,1052
45200;2020-01-25;T19-20;SP1;Alaves;Villarreal;1;2;2,0;1;0,2916;0,3997;0,3087
45198;2020-01-25;T19-20;SP1;Espanol;Ath Bilbao;1;1;0,0;1;0,2747;0,4311;0,2942
35099;2020-01-25;T19-20;I1;Torino;Atalanta;0;7;2,0;1;0,2849;0,4233;0,2918
5980;2020-01-25;T19-20;D1;Union Berlin;Augsburg;2;0;1,0;1;0,2833;0,4373;0,2794
57622;2020-01-25;T19-20;SP2;Huesca;Lugo;2;1;1,0;1;0,2539;0,504;0,2421
45199;2020-01-25;T19-20;SP1;Valencia;Barcelona;2;0;1,0;2;0,3009;0,1467;0,5524
57623;2020-01-25;T19-20;SP2;Sp Gijon;Fuenlabrada;1;0;1,0;1;0,2586;0,5848;0,1566
57625;2020-01-25;T19-20;SP2;Zaragoza;Numancia;1;0;1,0;1;0,2573;0,5558;0,1869
57624;2020-01-25;T19-20;SP2;Las Palmas;Tenerife;0;0;0,0;1;0,2541;0,5328;0,2131
26597;2020-01-25;T19-20;F1;Marseille;Angers;0;0;0,0;1;0,1908;0,7118;0,0973
26598;2020-01-25;T19-20;F1;Brest;Amiens;2;1;1,0;1;0,2867;0,4207;0,2926
26599;2020-01-25;T19-20;F1;Monaco;Strasbourg;1;3;2,0;1;0,2099;0,6762;0,1139
26600;2020-01-25;T19-20;F1;Montpellier;Dijon;2;1;1,0;1;0,2502;0,5236;0,2262
26601;2020-01-25;T19-20;F1;Reims;Metz;0;1;2,0;1;0,2755;0,4498;0,2747
26602;2020-01-25;T19-20;F1;St Etienne;Nimes;2;1;1,0;1;0,239;0,5888;0,1722
57631;2020-01-26;T19-20;SP2;Girona;Oviedo;1;1;0,0;1;0,2482;0,5688;0,1831
35102;2020-01-26;T19-20;I1;Sampdoria;Sassuolo;0;0;0,0;1;0,2663;0,5358;0,1979
35101;2020-01-26;T19-20;I1;Parma;Udinese;2;0;1,0;1;0,2465;0,5179;0,2357
35100;2020-01-26;T19-20;I1;Inter;Cagliari;1;1;0,0;1;0,2145;0,6837;0,1018
5984;2020-01-26;T19-20;D1;Leverkusen;Fortuna Dusseldorf;3;0;1,0;1;0,1931;0,7064;0,1005
5983;2020-01-26;T19-20;D1;Werder Bremen;Hoffenheim;0;3;2,0;1;0,2241;0,6538;0,1222
26603;2020-01-26;T19-20;F1;Lyon;Toulouse;3;0;1,0;1;0,2039;0,6999;0,0961
35105;2020-01-26;T19-20;I1;Napoli;Juventus;2;1;1,0;2;0,291;0,1851;0,524
26604;2020-01-26;T19-20;F1;Nantes;Bordeaux;0;1;2,0;1;0,2938;0,3602;0,346
26605;2020-01-26;T19-20;F1;Lille;Paris SG;0;2;2,0;2;0,2817;0,306;0,4123
45206;2020-01-26;T19-20;SP1;Valladolid;Real Madrid;0;1;2,0;2;0,1433;0,1146;0,7421
45205;2020-01-26;T19-20;SP1;Sociedad;Mallorca;3;0;1,0;1;0,2459;0,5445;0,2096
45204;2020-01-26;T19-20;SP1;Getafe;Betis;1;0;1,0;1;0,2532;0,4894;0,2574
45203;2020-01-26;T19-20;SP1;Celta;Eibar;0;0;0,0;1;0,2861;0,4781;0,2357
45202;2020-01-26;T19-20;SP1;Ath Madrid;Leganes;0;0;0,0;1;0,2127;0,6935;0,0938
35103;2020-01-26;T19-20;I1;Verona;Lecce;3;0;1,0;1;0,2668;0,3904;0,3428
57626;2020-01-26;T19-20;SP2;Malaga;Mirandes;2;2;0,0;1;0,2674;0,53;0,2026
57627;2020-01-26;T19-20;SP2;Albacete;La Coruna;0;1;2,0;1;0,2993;0,3942;0,3065
57628;2020-01-26;T19-20;SP2;Almeria;Elche;0;2;2,0;1;0,2363;0,5739;0,1899
57629;2020-01-26;T19-20;SP2;Alcorcon;Ponferradina;3;1;1,0;1;0,2537;0,526;0,2203
57630;2020-01-26;T19-20;SP2;Vallecano;Extremadura;1;1;0,0;1;0,2609;0,5482;0,1909
35104;2020-01-26;T19-20;I1;Roma;Lazio;1;1;0,0;1;0,2633;0,5571;0,1796
16009;2020-01-29;T19-20;E0;West Ham;Liverpool;0;2;2,0;2;0,2125;0,1716;0,6159
5985;2020-01-31;T19-20;D1;Hertha;Schalke 04;0;0;0,0;2;0,2775;0,3351;0,3874
57632;2020-01-31;T19-20;SP2;Tenerife;Sp Gijon;2;1;1,0;1;0,2632;0,4841;0,2526
26606;2020-01-31;T19-20;F1;Rennes;Nantes;3;2;1,0;1;0,2367;0,5734;0,1899
26612;2020-02-01;T19-20;F1;Strasbourg;Lille;1;2;2,0;2;0,2499;0,2171;0,5331
26611;2020-02-01;T19-20;F1;Nimes;Monaco;3;1;1,0;2;0,2639;0,2625;0,4735
5990;2020-02-01;T19-20;D1;Mainz;Bayern Munich;1;3;2,0;2;0,1418;0,1193;0,7388
5989;2020-02-01;T19-20;D1;Hoffenheim;Leverkusen;2;1;1,0;2;0,2433;0,2766;0,4801
5988;2020-02-01;T19-20;D1;Fortuna Dusseldorf;Ein Frankfurt;1;1;0,0;1;0,2745;0,4095;0,3159
5987;2020-02-01;T19-20;D1;Dortmund;Union Berlin;5;0;1,0;1;0,2187;0,6838;0,0976
5986;2020-02-01;T19-20;D1;Augsburg;Werder Bremen;2;1;1,0;2;0,2897;0,2972;0,4132
57635;2020-02-01;T19-20;SP2;Ponferradina;Huesca;3;1;1,0;1;0,2807;0,4884;0,2309
57633;2020-02-01;T19-20;SP2;Extremadura;Lugo;1;0;1,0;1;0,2827;0,4128;0,3045
5991;2020-02-01;T19-20;D1;RB Leipzig;M'gladbach;2;2;0,0;1;0,2455;0,5415;0,213
57634;2020-02-01;T19-20;SP2;La Coruna;Las Palmas;2;1;1,0;1;0,2528;0,5074;0,2398
16017;2020-02-01;T19-20;E0;Man United;Wolves;0;0;0,0;1;0,1846;0,7352;0,0802
26607;2020-02-01;T19-20;F1;Paris SG;Montpellier;5;0;1,0;1;0,197;0,7169;0,0861
45208;2020-02-01;T19-20;SP1;Real Madrid;Ath Madrid;1;0;1,0;1;0,2536;0,5988;0,1477
45207;2020-02-01;T19-20;SP1;Granada;Espanol;2;1;1,0;1;0,2569;0,4186;0,3245
26610;2020-02-01;T19-20;F1;Dijon;Brest;3;0;1,0;1;0,2855;0,396;0,3185
26609;2020-02-01;T19-20;F1;Angers;Reims;1;4;2,0;1;0,291;0,4495;0,2594
26608;2020-02-01;T19-20;F1;Amiens;Toulouse;0;0;0,0;1;0,2755;0,4206;0,3039
45209;2020-02-01;T19-20;SP1;Mallorca;Valladolid;0;1;2,0;1;0,2582;0,4939;0,2479
35108;2020-02-01;T19-20;I1;Sassuolo;Roma;4;2;1,0;2;0,2159;0,174;0,6102
35107;2020-02-01;T19-20;I1;Cagliari;Parma;2;2;0,0;1;0,2715;0,3924;0,3361
16010;2020-02-01;T19-20;E0;Leicester;Chelsea;2;2;0,0;2;0,1718;0,1449;0,6833
57636;2020-02-01;T19-20;SP2;Elche;Malaga;2;0;1,0;1;0,2794;0,4995;0,2211
16016;2020-02-01;T19-20;E0;West Ham;Brighton;3;3;0,0;1;0,282;0,3863;0,3317
16015;2020-02-01;T19-20;E0;Watford;Everton;2;3;2,0;1;0,2811;0,3836;0,3353
16014;2020-02-01;T19-20;E0;Newcastle;Norwich;0;0;0,0;1;0,247;0,5186;0,2344
16013;2020-02-01;T19-20;E0;Liverpool;Southampton;4;0;1,0;1;0,1944;0,7191;0,0866
16012;2020-02-01;T19-20;E0;Crystal Palace;Sheffield United;0;1;2,0;1;0,2734;0,3933;0,3333
16011;2020-02-01;T19-20;E0;Bournemouth;Aston Villa;2;1;1,0;1;0,2733;0,3974;0,3293
35106;2020-02-01;T19-20;I1;Bologna;Brescia;2;1;1,0;1;0,2672;0,3929;0,3399
45210;2020-02-01;T19-20;SP1;Valencia;Celta;1;0;1,0;1;0,2131;0,6843;0,1026
57641;2020-02-02;T19-20;SP2;Oviedo;Albacete;3;1;1,0;1;0,2517;0,4859;0,2624
45216;2020-02-02;T19-20;SP1;Barcelona;Levante;2;1;1,0;1;0,1693;0,7546;0,0761
45215;2020-02-02;T19-20;SP1;Villarreal;Osasuna;3;1;1,0;1;0,2098;0,6606;0,1297
45214;2020-02-02;T19-20;SP1;Sevilla;Alaves;1;1;0,0;1;0,2088;0,6934;0,0978
45213;2020-02-02;T19-20;SP1;Ath Bilbao;Getafe;0;2;2,0;1;0,2421;0,5763;0,1816
45212;2020-02-02;T19-20;SP1;Eibar;Betis;1;1;0,0;1;0,2752;0,4178;0,3069
57638;2020-02-02;T19-20;SP2;Cadiz;Zaragoza;1;1;0,0;1;0,2678;0,4924;0,2398
5992;2020-02-02;T19-20;D1;FC Koln;Freiburg;4;0;1,0;1;0,255;0,4082;0,3368
35114;2020-02-02;T19-20;I1;Udinese;Inter;0;2;2,0;2;0,2127;0,1983;0,589
35113;2020-02-02;T19-20;I1;Lecce;Torino;4;0;1,0;1;0,253;0,3882;0,3588
35112;2020-02-02;T19-20;I1;Milan;Verona;1;1;0,0;1;0,2033;0,7017;0,095
35111;2020-02-02;T19-20;I1;Lazio;Spal;5;1;1,0;1;0,1921;0,7088;0,0991
35110;2020-02-02;T19-20;I1;Atalanta;Genoa;2;2;0,0;1;0,2472;0,5217;0,231
35109;2020-02-02;T19-20;I1;Juventus;Fiorentina;3;0;1,0;1;0,2147;0,6784;0,1069
45211;2020-02-02;T19-20;SP1;Leganes;Sociedad;2;1;1,0;1;0,2736;0,3947;0,3317
5993;2020-02-02;T19-20;D1;Paderborn;Wolfsburg;2;4;2,0;1;0,2785;0,4029;0,3187
57642;2020-02-02;T19-20;SP2;Santander;Alcorcon;1;1;0,0;1;0,291;0,4562;0,2528
57637;2020-02-02;T19-20;SP2;Fuenlabrada;Girona;0;1;2,0;1;0,2817;0,4749;0,2434
16018;2020-02-02;T19-20;E0;Burnley;Arsenal;0;0;0,0;2;0,1948;0,159;0,6462
16019;2020-02-02;T19-20;E0;Tottenham;Man City;2;0;1,0;1;0,2626;0,3727;0,3647
57639;2020-02-02;T19-20;SP2;Mirandes;Vallecano;0;0;0,0;1;0,2993;0,3966;0,3041
57640;2020-02-02;T19-20;SP2;Numancia;Almeria;1;1;0,0;1;0,2394;0,5873;0,1733
26613;2020-02-02;T19-20;F1;Nice;Lyon;2;1;1,0;2;0,2464;0,2453;0,5083
26614;2020-02-02;T19-20;F1;Metz;St Etienne;3;1;1,0;2;0,2604;0,3568;0,3829
26615;2020-02-02;T19-20;F1;Bordeaux;Marseille;0;0;0,0;1;0,2575;0,4457;0,2968
35115;2020-02-03;T19-20;I1;Sampdoria;Napoli;2;4;2,0;2;0,2605;0,2917;0,4477
26616;2020-02-04;T19-20;F1;Lille;Rennes;1;0;1,0;1;0,1944;0,7025;0,103
26617;2020-02-04;T19-20;F1;Monaco;Angers;1;0;1,0;1;0,1992;0,6933;0,1075
26618;2020-02-04;T19-20;F1;Nantes;Paris SG;1;2;2,0;2;0,2121;0,1884;0,5995
26620;2020-02-05;T19-20;F1;Lyon;Amiens;0;0;0,0;1;0,1985;0,7161;0,0854
35116;2020-02-05;T19-20;I1;Lazio;Verona;0;0;0,0;1;0,2077;0,6945;0,0979
26625;2020-02-05;T19-20;F1;St Etienne;Marseille;0;2;2,0;1;0,2694;0,4005;0,3302
26624;2020-02-05;T19-20;F1;Toulouse;Strasbourg;0;1;2,0;1;0,2729;0,4032;0,3239
26623;2020-02-05;T19-20;F1;Reims;Nice;1;1;0,0;1;0,2847;0,4278;0,2875
26622;2020-02-05;T19-20;F1;Nimes;Dijon;2;0;1,0;1;0,2828;0,4394;0,2778
26621;2020-02-05;T19-20;F1;Montpellier;Metz;1;1;0,0;1;0,2422;0,5596;0,1982
26619;2020-02-05;T19-20;F1;Brest;Bordeaux;1;1;0,0;2;0,2853;0,2912;0,4235
35117;2020-02-07;T19-20;I1;Roma;Bologna;2;3;2,0;1;0,2057;0,697;0,0973
45217;2020-02-07;T19-20;SP1;Alaves;Eibar;2;1;1,0;1;0,29;0,4054;0,3046
26626;2020-02-07;T19-20;F1;Angers;Lille;0;2;2,0;2;0,275;0,2691;0,4559
5994;2020-02-07;T19-20;D1;Ein Frankfurt;Augsburg;5;0;1,0;1;0,2793;0,399;0,3217
57643;2020-02-07;T19-20;SP2;Almeria;Santander;0;1;2,0;1;0,2342;0,591;0,1748
26630;2020-02-08;T19-20;F1;Metz;Bordeaux;1;2;2,0;2;0,242;0,2372;0,5207
26631;2020-02-08;T19-20;F1;Nice;Nimes;1;3;2,0;1;0,2385;0,586;0,1754
6000;2020-02-08;T19-20;D1;Leverkusen;Dortmund;4;3;1,0;2;0,268;0,3464;0,3857
45220;2020-02-08;T19-20;SP1;Valladolid;Villarreal;1;1;0,0;1;0,2859;0,3693;0,3447
5995;2020-02-08;T19-20;D1;Freiburg;Hoffenheim;1;0;1,0;1;0,274;0,3938;0,3322
35118;2020-02-08;T19-20;I1;Fiorentina;Atalanta;1;2;2,0;1;0,2246;0,6491;0,1263
16021;2020-02-08;T19-20;E0;Brighton;Watford;1;1;0,0;1;0,2817;0,4069;0,3114
16020;2020-02-08;T19-20;E0;Everton;Crystal Palace;3;1;1,0;1;0,2275;0,6437;0,1288
5996;2020-02-08;T19-20;D1;Hertha;Mainz;1;3;2,0;1;0,2468;0,5082;0,245
5997;2020-02-08;T19-20;D1;Schalke 04;Paderborn;1;1;0,0;1;0,1939;0,7046;0,1015
26632;2020-02-08;T19-20;F1;Rennes;Brest;0;0;0,0;1;0,2368;0,5811;0,1821
35119;2020-02-08;T19-20;I1;Torino;Sampdoria;1;3;2,0;1;0,2736;0,407;0,3193
57647;2020-02-08;T19-20;SP2;Zaragoza;Fuenlabrada;0;0;0,0;1;0,2707;0,5281;0,2012
45221;2020-02-08;T19-20;SP1;Ath Madrid;Granada;1;0;1,0;1;0,2153;0,6825;0,1021
57646;2020-02-08;T19-20;SP2;Las Palmas;Cadiz;1;2;2,0;1;0,2857;0,4688;0,2455
26629;2020-02-08;T19-20;F1;Dijon;Nantes;3;3;0,0;1;0,2796;0,3982;0,3223
57645;2020-02-08;T19-20;SP2;Girona;Huesca;1;0;1,0;1;0,2468;0,5719;0,1813
57644;2020-02-08;T19-20;SP2;Extremadura;Tenerife;2;4;2,0;1;0,2829;0,415;0,3021
5999;2020-02-08;T19-20;D1;Wolfsburg;Fortuna Dusseldorf;1;1;0,0;1;0,2371;0,5822;0,1807
26627;2020-02-08;T19-20;F1;Marseille;Toulouse;1;0;1,0;1;0,2035;0,6924;0,104
26628;2020-02-08;T19-20;F1;Amiens;Monaco;1;2;2,0;2;0,2533;0,2404;0,5064
45218;2020-02-08;T19-20;SP1;Levante;Leganes;2;0;1,0;1;0,2735;0,3718;0,3547
45219;2020-02-08;T19-20;SP1;Getafe;Valencia;3;0;1,0;2;0,2584;0,2617;0,4799
35120;2020-02-08;T19-20;I1;Verona;Juventus;2;1;1,0;2;0,1532;0,1258;0,7211
5998;2020-02-08;T19-20;D1;Werder Bremen;Union Berlin;0;2;2,0;1;0,2391;0,6269;0,134
57651;2020-02-09;T19-20;SP2;Lugo;Elche;2;2;0,0;1;0,2794;0,449;0,2716
57650;2020-02-09;T19-20;SP2;Sp Gijon;Mirandes;2;2;0,0;1;0,2068;0,6758;0,1174
57649;2020-02-09;T19-20;SP2;Alcorcon;La Coruna;0;1;2,0;1;0,2857;0,4479;0,2663
57648;2020-02-09;T19-20;SP2;Albacete;Ponferradina;1;1;0,0;1;0,2666;0,481;0,2525
26634;2020-02-09;T19-20;F1;Strasbourg;Reims;3;0;1,0;1;0,2819;0,3847;0,3334
16022;2020-02-09;T19-20;E0;Sheffield United;Bournemouth;2;1;1,0;1;0,2841;0,4463;0,2696
45226;2020-02-09;T19-20;SP1;Betis;Barcelona;2;3;2,0;2;0,1355;0,1062;0,7583
45225;2020-02-09;T19-20;SP1;Celta;Sevilla;2;1;1,0;2;0,2903;0,3384;0,3713
45224;2020-02-09;T19-20;SP1;Osasuna;Real Madrid;1;4;2,0;2;0,1427;0,1133;0,744
45223;2020-02-09;T19-20;SP1;Sociedad;Ath Bilbao;2;1;1,0;1;0,2458;0,5473;0,2069
45222;2020-02-09;T19-20;SP1;Espanol;Mallorca;1;0;1,0;1;0,2754;0,4313;0,2933
57652;2020-02-09;T19-20;SP2;Vallecano;Oviedo;1;1;0,0;1;0,2632;0,5427;0,1941
35126;2020-02-09;T19-20;I1;Inter;Milan;4;2;1,0;1;0,3069;0,4435;0,2496
35125;2020-02-09;T19-20;I1;Parma;Lazio;0;1;2,0;2;0,2695;0,3057;0,4248
35124;2020-02-09;T19-20;I1;Napoli;Lecce;2;3;2,0;1;0,2062;0,6902;0,1036
35123;2020-02-09;T19-20;I1;Genoa;Cagliari;1;0;1,0;1;0,27;0,4746;0,2554
35122;2020-02-09;T19-20;I1;Brescia;Udinese;1;1;0,0;1;0,2707;0,3903;0,3389
35121;2020-02-09;T19-20;I1;Spal;Sassuolo;1;2;2,0;1;0,2859;0,3937;0,3204
26635;2020-02-09;T19-20;F1;Paris SG;Lyon;4;2;1,0;1;0,3227;0,4303;0,247
57653;2020-02-09;T19-20;SP2;Malaga;Numancia;2;1;1,0;1;0,2721;0,5185;0,2094
26633;2020-02-09;T19-20;F1;Montpellier;St Etienne;1;0;1,0;1;0,2689;0,5327;0,1984
6001;2020-02-09;T19-20;D1;Bayern Munich;RB Leipzig;0;0;0,0;1;0,2216;0,6626;0,1159
16023;2020-02-14;T19-20;E0;Wolves;Leicester;0;0;0,0;1;0,2782;0,3752;0,3466
57654;2020-02-14;T19-20;SP2;La Coruna;Girona;2;2;0,0;1;0,262;0,5418;0,1962
26636;2020-02-14;T19-20;F1;Monaco;Montpellier;1;0;1,0;1;0,2108;0,6799;0,1093
45227;2020-02-14;T19-20;SP1;Valencia;Ath Madrid;2;2;0,0;1;0,2604;0,4453;0,2942
6002;2020-02-14;T19-20;D1;Dortmund;Ein Frankfurt;4;0;1,0;1;0,2077;0,6926;0,0998
6006;2020-02-15;T19-20;D1;RB Leipzig;Werder Bremen;3;0;1,0;1;0,2869;0,4568;0,2563
6007;2020-02-15;T19-20;D1;Union Berlin;Leverkusen;2;3;2,0;2;0,244;0,2485;0,5075
6008;2020-02-15;T19-20;D1;Fortuna Dusseldorf;M'gladbach;1;4;2,0;1;0,2717;0,3954;0,3328
26637;2020-02-15;T19-20;F1;Amiens;Paris SG;4;4;0,0;2;0,2149;0,1731;0,6119
26638;2020-02-15;T19-20;F1;Bordeaux;Dijon;2;2;0,0;1;0,2123;0,6743;0,1134
26639;2020-02-15;T19-20;F1;Nantes;Metz;0;0;0,0;1;0,2607;0,4935;0,2457
26640;2020-02-15;T19-20;F1;Nimes;Angers;1;0;1,0;1;0,2867;0,4621;0,2513
16024;2020-02-15;T19-20;E0;Southampton;Burnley;1;2;2,0;1;0,279;0,4362;0,2848
35127;2020-02-15;T19-20;I1;Lecce;Spal;2;1;1,0;2;0,2658;0,3657;0,3686
35128;2020-02-15;T19-20;I1;Bologna;Genoa;0;3;2,0;1;0,2682;0,3897;0,3421
35129;2020-02-15;T19-20;I1;Atalanta;Roma;2;1;1,0;2;0,2157;0,2013;0,583
45228;2020-02-15;T19-20;SP1;Mallorca;Alaves;1;0;1,0;1;0,2669;0,4801;0,253
45229;2020-02-15;T19-20;SP1;Barcelona;Getafe;2;1;1,0;1;0,1628;0,7649;0,0723
45230;2020-02-15;T19-20;SP1;Villarreal;Levante;2;1;1,0;1;0,21;0,6614;0,1286
45231;2020-02-15;T19-20;SP1;Granada;Valladolid;2;1;1,0;1;0,2595;0,3917;0,3487
57656;2020-02-15;T19-20;SP2;Numancia;Las Palmas;1;1;0,0;1;0,2516;0,5599;0,1885
16025;2020-02-15;T19-20;E0;Norwich;Liverpool;0;1;2,0;2;0,2116;0,1755;0,6129
26641;2020-02-15;T19-20;F1;Toulouse;Nice;0;2;2,0;1;0,2825;0,4108;0,3068
6005;2020-02-15;T19-20;D1;Paderborn;Hertha;1;2;2,0;1;0,2804;0,4002;0,3194
57655;2020-02-15;T19-20;SP2;Huesca;Almeria;3;2;1,0;1;0,2646;0,5353;0,2001
6003;2020-02-15;T19-20;D1;Augsburg;Freiburg;1;1;0,0;1;0,2726;0,4205;0,3069
57657;2020-02-15;T19-20;SP2;Oviedo;Alcorcon;1;2;2,0;1;0,2782;0,5061;0,2157
57658;2020-02-15;T19-20;SP2;Elche;Zaragoza;1;2;2,0;1;0,2801;0,4732;0,2468
6004;2020-02-15;T19-20;D1;Hoffenheim;Wolfsburg;2;3;2,0;1;0,2566;0,5219;0,2215
57664;2020-02-16;T19-20;SP2;Tenerife;Vallecano;0;0;0,0;1;0,2547;0,551;0,1943
35130;2020-02-16;T19-20;I1;Udinese;Verona;0;0;0,0;1;0,2479;0,5015;0,2507
35131;2020-02-16;T19-20;I1;Juventus;Brescia;2;0;1,0;1;0,1856;0,7351;0,0794
35132;2020-02-16;T19-20;I1;Sampdoria;Fiorentina;1;5;2,0;1;0,2842;0,4876;0,2282
35133;2020-02-16;T19-20;I1;Sassuolo;Parma;0;1;2,0;1;0,273;0,3965;0,3304
35134;2020-02-16;T19-20;I1;Cagliari;Napoli;0;1;2,0;2;0,2405;0,2431;0,5164
57663;2020-02-16;T19-20;SP2;Santander;Sp Gijon;0;2;2,0;2;0,3004;0,3495;0,35
57662;2020-02-16;T19-20;SP2;Ponferradina;Extremadura;0;0;0,0;1;0,2795;0,4942;0,2263
57661;2020-02-16;T19-20;SP2;Cadiz;Malaga;0;1;2,0;1;0,2641;0,5249;0,211
57660;2020-02-16;T19-20;SP2;Mirandes;Albacete;1;1;0,0;1;0,2762;0,4143;0,3095
57659;2020-02-16;T19-20;SP2;Fuenlabrada;Lugo;0;1;2,0;1;0,2793;0,4501;0,2706
45232;2020-02-16;T19-20;SP1;Sevilla;Espanol;2;2;0,0;1;0,1996;0,6916;0,1089
45233;2020-02-16;T19-20;SP1;Leganes;Betis;0;0;0,0;1;0,2724;0,3969;0,3306
45234;2020-02-16;T19-20;SP1;Ath Bilbao;Osasuna;0;1;2,0;1;0,2376;0,5984;0,164
45235;2020-02-16;T19-20;SP1;Real Madrid;Celta;2;2;0,0;1;0,1703;0,7564;0,0733
16027;2020-02-16;T19-20;E0;Arsenal;Newcastle;4;0;1,0;1;0,1944;0,7155;0,09
16026;2020-02-16;T19-20;E0;Aston Villa;Tottenham;2;3;2,0;2;0,2564;0,2315;0,5121
26645;2020-02-16;T19-20;F1;Lille;Marseille;1;2;2,0;1;0,2541;0,4672;0,2786
26644;2020-02-16;T19-20;F1;Reims;Rennes;1;0;1,0;1;0,2927;0,429;0,2782
35135;2020-02-16;T19-20;I1;Lazio;Inter;2;1;1,0;2;0,2851;0,3027;0,4122
26642;2020-02-16;T19-20;F1;Lyon;Strasbourg;1;1;0,0;1;0,1983;0,7111;0,0906
26643;2020-02-16;T19-20;F1;Brest;St Etienne;3;2;1,0;1;0,2914;0,4159;0,2927
6010;2020-02-16;T19-20;D1;Mainz;Schalke 04;0;0;0,0;2;0,2738;0,2852;0,441
6009;2020-02-16;T19-20;D1;FC Koln;Bayern Munich;1;4;2,0;2;0,1456;0,1248;0,7296
35136;2020-02-17;T19-20;I1;Milan;Torino;1;0;1,0;1;0,203;0,7038;0,0932
16028;2020-02-17;T19-20;E0;Chelsea;Man United;0;2;2,0;1;0,3466;0,3512;0,3022
16029;2020-02-19;T19-20;E0;Man City;West Ham;2;0;1,0;1;0,2161;0,6793;0,1045
57665;2020-02-19;T19-20;SP2;Mirandes;Zaragoza;1;1;0,0;2;0,299;0,328;0,373
26646;2020-02-21;T19-20;F1;Nice;Brest;2;2;0,0;1;0,2443;0,5728;0,1829
6011;2020-02-21;T19-20;D1;Bayern Munich;Paderborn;3;2;1,0;1;0,1754;0,753;0,0716
35137;2020-02-21;T19-20;I1;Brescia;Napoli;1;2;2,0;2;0,239;0,2426;0,5183
57666;2020-02-21;T19-20;SP2;Sp Gijon;Cadiz;1;0;1,0;1;0,2616;0,5449;0,1935
26647;2020-02-21;T19-20;F1;Metz;Lyon;0;2;2,0;2;0,2053;0,1898;0,6049
45236;2020-02-21;T19-20;SP1;Betis;Mallorca;3;3;0,0;1;0,276;0,4296;0,2944
6013;2020-02-22;T19-20;D1;Hertha;FC Koln;0;5;2,0;1;0,2465;0,5291;0,2244
6012;2020-02-22;T19-20;D1;Freiburg;Fortuna Dusseldorf;0;2;2,0;1;0,2787;0,3835;0,3378
45237;2020-02-22;T19-20;SP1;Celta;Leganes;1;0;1,0;1;0,2862;0,4796;0,2342
45239;2020-02-22;T19-20;SP1;Sociedad;Valencia;3;0;1,0;2;0,2678;0,3076;0,4246
45240;2020-02-22;T19-20;SP1;Levante;Real Madrid;1;0;1,0;2;0,1435;0,1187;0,7378
6015;2020-02-22;T19-20;D1;Werder Bremen;Dortmund;0;2;2,0;2;0,281;0,287;0,432
16035;2020-02-22;T19-20;E0;Leicester;Man City;0;1;2,0;2;0,2241;0,2302;0,5457
16034;2020-02-22;T19-20;E0;Southampton;Aston Villa;2;0;1,0;1;0,2755;0,4409;0,2836
16033;2020-02-22;T19-20;E0;Sheffield United;Brighton;1;1;0,0;1;0,2892;0,4336;0,2772
16032;2020-02-22;T19-20;E0;Crystal Palace;Newcastle;1;0;1,0;1;0,2666;0,3927;0,3407
16031;2020-02-22;T19-20;E0;Burnley;Bournemouth;3;0;1,0;1;0,2692;0,3991;0,3317
16030;2020-02-22;T19-20;E0;Chelsea;Tottenham;2;1;1,0;1;0,2444;0,6091;0,1465
45238;2020-02-22;T19-20;SP1;Barcelona;Eibar;5;0;1,0;1;0,161;0,7721;0,0669
6016;2020-02-22;T19-20;D1;Schalke 04;RB Leipzig;0;5;2,0;1;0,2426;0,5242;0,2332
6014;2020-02-22;T19-20;D1;M'gladbach;Hoffenheim;1;1;0,0;1;0,2449;0,5772;0,1779
26651;2020-02-22;T19-20;F1;Lille;Toulouse;3;0;1,0;1;0,2038;0,6897;0,1065
57668;2020-02-22;T19-20;SP2;Almeria;Fuenlabrada;0;0;0,0;1;0,2505;0,556;0,1935
26652;2020-02-22;T19-20;F1;Strasbourg;Amiens;0;0;0,0;1;0,2822;0,3893;0,3285
57667;2020-02-22;T19-20;SP2;Alcorcon;Las Palmas;1;1;0,0;1;0,2529;0,5291;0,218
26650;2020-02-22;T19-20;F1;Dijon;Monaco;1;1;0,0;2;0,2461;0,2278;0,5261
57669;2020-02-22;T19-20;SP2;Girona;Ponferradina;2;0;1,0;1;0,2403;0,5695;0,1902
57670;2020-02-22;T19-20;SP2;Tenerife;Elche;1;0;1,0;1;0,2397;0,5703;0,19
26649;2020-02-22;T19-20;F1;Angers;Montpellier;1;0;1,0;1;0,2844;0,4309;0,2847
57671;2020-02-22;T19-20;SP2;Albacete;Numancia;2;1;1,0;1;0,2796;0,5005;0,2199
35138;2020-02-22;T19-20;I1;Bologna;Udinese;1;1;0,0;1;0,2659;0,3853;0,3488
35139;2020-02-22;T19-20;I1;Spal;Juventus;1;2;2,0;2;0,1522;0,122;0,7258
35140;2020-02-22;T19-20;I1;Fiorentina;Milan;1;1;0,0;2;0,2877;0,278;0,4343
26648;2020-02-22;T19-20;F1;Marseille;Nantes;1;3;2,0;1;0,2075;0,6963;0,0961
26655;2020-02-23;T19-20;F1;Paris SG;Bordeaux;4;3;1,0;1;0,2341;0,6283;0,1376
57674;2020-02-23;T19-20;SP2;Extremadura;Mirandes;3;2;1,0;1;0,2872;0,4207;0,2921
57675;2020-02-23;T19-20;SP2;Malaga;Santander;2;0;1,0;1;0,2658;0,5315;0,2026
26653;2020-02-23;T19-20;F1;St Etienne;Reims;1;1;0,0;1;0,2433;0,5743;0,1823
26654;2020-02-23;T19-20;F1;Rennes;Nimes;2;1;1,0;1;0,2347;0,5902;0,1751
57676;2020-02-23;T19-20;SP2;Vallecano;Huesca;2;0;1,0;1;0,2623;0,5448;0,1929
16036;2020-02-23;T19-20;E0;Man United;Watford;3;0;1,0;1;0,1846;0,7353;0,0801
6018;2020-02-23;T19-20;D1;Wolfsburg;Mainz;4;0;1,0;1;0,2366;0,5742;0,1892
16038;2020-02-23;T19-20;E0;Arsenal;Everton;3;2;1,0;1;0,1907;0,7277;0,0816
6017;2020-02-23;T19-20;D1;Leverkusen;Augsburg;2;0;1,0;1;0,2082;0,6959;0,0959
45244;2020-02-23;T19-20;SP1;Getafe;Sevilla;0;3;2,0;1;0,2894;0,3717;0,3389
45243;2020-02-23;T19-20;SP1;Valladolid;Espanol;2;1;1,0;1;0,2663;0,423;0,3107
45242;2020-02-23;T19-20;SP1;Alaves;Ath Bilbao;2;1;1,0;1;0,2733;0,4022;0,3245
45241;2020-02-23;T19-20;SP1;Osasuna;Granada;0;3;2,0;1;0,27;0,3928;0,3373
57672;2020-02-23;T19-20;SP2;Lugo;Oviedo;1;0;1,0;1;0,2883;0,459;0,2526
57673;2020-02-23;T19-20;SP2;Zaragoza;La Coruna;3;1;1,0;1;0,276;0,4676;0,2564
35141;2020-02-23;T19-20;I1;Genoa;Lazio;2;3;2,0;2;0,257;0,254;0,489
35142;2020-02-23;T19-20;I1;Roma;Lecce;4;0;1,0;1;0,2023;0,7022;0,0955
16037;2020-02-23;T19-20;E0;Wolves;Norwich;3;0;1,0;1;0,2636;0,3848;0,3517
45245;2020-02-23;T19-20;SP1;Ath Madrid;Villarreal;3;1;1,0;1;0,23;0,6679;0,1021
6019;2020-02-24;T19-20;D1;Ein Frankfurt;Union Berlin;1;2;2,0;1;0,2899;0,3875;0,3226
16039;2020-02-24;T19-20;E0;Liverpool;West Ham;3;2;1,0;1;0,2033;0,7019;0,0948
16040;2020-02-28;T19-20;E0;Norwich;Leicester;1;0;1,0;1;0,2779;0,3745;0,3476
57677;2020-02-28;T19-20;SP2;Las Palmas;Malaga;1;1;0,0;1;0,2836;0,488;0,2285
6020;2020-02-28;T19-20;D1;Fortuna Dusseldorf;Hertha;3;3;0,0;1;0,281;0,4026;0,3164
45246;2020-02-28;T19-20;SP1;Sociedad;Valladolid;1;0;1,0;1;0,2447;0,5634;0,1919
26656;2020-02-28;T19-20;F1;Nimes;Marseille;2;3;2,0;2;0,2612;0,2633;0,4755
26657;2020-02-29;T19-20;F1;Paris SG;Dijon;4;0;1,0;1;0,1967;0,7163;0,087
26658;2020-02-29;T19-20;F1;Amiens;Metz;0;1;2,0;1;0,2744;0,4283;0,2972
35143;2020-02-29;T19-20;I1;Lazio;Bologna;2;0;1,0;1;0,2035;0,6933;0,1033
35144;2020-02-29;T19-20;I1;Napoli;Torino;2;1;1,0;1;0,208;0,6942;0,0978
6024;2020-02-29;T19-20;D1;Mainz;Paderborn;2;0;1,0;1;0,286;0,4652;0,2488
6025;2020-02-29;T19-20;D1;FC Koln;Schalke 04;3;0;1,0;2;0,2224;0,2019;0,5756
26661;2020-02-29;T19-20;F1;Montpellier;Strasbourg;3;0;1,0;1;0,2448;0,5325;0,2227
16045;2020-02-29;T19-20;E0;Watford;Liverpool;3;0;1,0;2;0,2104;0,1718;0,6178
16043;2020-02-29;T19-20;E0;Newcastle;Burnley;0;0;0,0;1;0,2477;0,5069;0,2453
16042;2020-02-29;T19-20;E0;Bournemouth;Chelsea;2;2;0,0;2;0,1736;0,1389;0,6875
16041;2020-02-29;T19-20;E0;Brighton;Crystal Palace;0;1;2,0;1;0,2789;0,4083;0,3128
26660;2020-02-29;T19-20;F1;Monaco;Reims;1;1;0,0;1;0,2004;0,6882;0,1115
45250;2020-02-29;T19-20;SP1;Granada;Celta;0;0;0,0;1;0,2638;0,3882;0,348
26659;2020-02-29;T19-20;F1;Brest;Angers;0;1;2,0;1;0,2857;0,4278;0,2865
16044;2020-02-29;T19-20;E0;West Ham;Southampton;3;1;1,0;1;0,2746;0,3924;0,333
45247;2020-02-29;T19-20;SP1;Eibar;Levante;3;0;1,0;1;0,2756;0,4385;0,2859
6021;2020-02-29;T19-20;D1;Augsburg;M'gladbach;2;3;2,0;1;0,2704;0,3892;0,3404
57682;2020-02-29;T19-20;SP2;Santander;Zaragoza;2;2;0,0;2;0,3024;0,347;0,3506
45248;2020-02-29;T19-20;SP1;Valencia;Betis;2;1;1,0;1;0,2141;0,679;0,1069
57680;2020-02-29;T19-20;SP2;Cadiz;Almeria;2;1;1,0;1;0,2477;0,573;0,1793
57681;2020-02-29;T19-20;SP2;Albacete;Vallecano;1;1;0,0;1;0,2959;0,4591;0,245
57678;2020-02-29;T19-20;SP2;Huesca;Extremadura;2;2;0,0;1;0,2666;0,5319;0,2015
6022;2020-02-29;T19-20;D1;Dortmund;Freiburg;1;0;1,0;1;0,2123;0,6859;0,1017
6023;2020-02-29;T19-20;D1;Hoffenheim;Bayern Munich;0;6;2,0;2;0,1463;0,1335;0,7201
26662;2020-02-29;T19-20;F1;Toulouse;Rennes;0;2;2,0;1;0,2908;0,4058;0,3034
57679;2020-02-29;T19-20;SP2;Ponferradina;Sp Gijon;1;0;1,0;1;0,2959;0,3672;0,337
45249;2020-02-29;T19-20;SP1;Leganes;Alaves;1;1;0,0;1;0,2808;0,4039;0,3154
35145;2020-03-01;T19-20;I1;Lecce;Atalanta;2;7;2,0;1;0,2546;0,3878;0,3576
35146;2020-03-01;T19-20;I1;Cagliari;Roma;3;4;2,0;2;0,217;0,1766;0,6063
6026;2020-03-01;T19-20;D1;Union Berlin;Wolfsburg;2;2;0,0;1;0,2776;0,4555;0,267
57683;2020-03-01;T19-20;SP2;Mirandes;Girona;1;1;0,0;1;0,2835;0,439;0,2776
6027;2020-03-01;T19-20;D1;RB Leipzig;Leverkusen;1;1;0,0;2;0,2545;0,2945;0,4511
57685;2020-03-01;T19-20;SP2;La Coruna;Lugo;0;0;0,0;1;0,2528;0,5081;0,2391
57686;2020-03-01;T19-20;SP2;Fuenlabrada;Alcorcon;3;4;2,0;1;0,2916;0,4522;0,2562
57687;2020-03-01;T19-20;SP2;Oviedo;Tenerife;1;0;1,0;1;0,263;0,4954;0,2416
57684;2020-03-01;T19-20;SP2;Elche;Numancia;2;0;1,0;1;0,2455;0,583;0,1714
26665;2020-03-01;T19-20;F1;Lyon;St Etienne;2;0;1,0;1;0,1977;0,7162;0,0861
26664;2020-03-01;T19-20;F1;Bordeaux;Nice;1;1;0,0;1;0,2125;0,6741;0,1134
26663;2020-03-01;T19-20;F1;Nantes;Lille;0;1;2,0;2;0,2785;0,3018;0,4197
45251;2020-03-01;T19-20;SP1;Sevilla;Osasuna;3;2;1,0;1;0,2014;0,6903;0,1083
45253;2020-03-01;T19-20;SP1;Espanol;Ath Madrid;1;1;0,0;2;0,2502;0,2491;0,5007
45254;2020-03-01;T19-20;SP1;Mallorca;Getafe;0;1;2,0;1;0,2584;0,4848;0,2568
45252;2020-03-01;T19-20;SP1;Ath Bilbao;Villarreal;1;0;1,0;1;0,261;0,5516;0,1875
16047;2020-03-01;T19-20;E0;Tottenham;Wolves;2;3;2,0;1;0,2077;0,6978;0,0945
16046;2020-03-01;T19-20;E0;Everton;Man United;1;1;0,0;2;0,2873;0,1657;0,5469
45255;2020-03-01;T19-20;SP1;Real Madrid;Barcelona;2;0;1,0;0;0,3631;0,2981;0,3388
45256;2020-03-06;T19-20;SP1;Alaves;Valencia;1;1;0,0;2;0,2416;0,2237;0,5348
57688;2020-03-06;T19-20;SP2;Lugo;Cadiz;1;1;0,0;1;0,3055;0,3744;0,3202
6028;2020-03-06;T19-20;D1;Paderborn;FC Koln;1;2;2,0;1;0,2735;0,4093;0,3172
26666;2020-03-06;T19-20;F1;Marseille;Amiens;2;2;0,0;1;0,1923;0,7079;0,0998
6034;2020-03-07;T19-20;D1;M'gladbach;Dortmund;1;2;2,0;2;0,2498;0,2786;0,4716
6031;2020-03-07;T19-20;D1;Leverkusen;Ein Frankfurt;4;0;1,0;1;0,2042;0,6913;0,1045
6032;2020-03-07;T19-20;D1;Schalke 04;Hoffenheim;1;1;0,0;1;0,1941;0,7037;0,1022
6033;2020-03-07;T19-20;D1;Wolfsburg;RB Leipzig;0;0;0,0;1;0,2734;0,4358;0,2908
16054;2020-03-07;T19-20;E0;Burnley;Tottenham;1;1;0,0;2;0,2435;0,2148;0,5417
57693;2020-03-07;T19-20;SP2;Almeria;La Coruna;4;0;1,0;1;0,2601;0,4999;0,24
16052;2020-03-07;T19-20;E0;Southampton;Newcastle;0;1;2,0;1;0,2747;0,4479;0,2774
16051;2020-03-07;T19-20;E0;Sheffield United;Norwich;1;0;1,0;1;0,2766;0,4258;0,2976
16050;2020-03-07;T19-20;E0;Crystal Palace;Watford;1;0;1,0;1;0,2719;0,3912;0,3369
16049;2020-03-07;T19-20;E0;Arsenal;West Ham;1;0;1,0;1;0,1998;0,7076;0,0925
16048;2020-03-07;T19-20;E0;Liverpool;Bournemouth;2;1;1,0;1;0,1935;0,7228;0,0837
16053;2020-03-07;T19-20;E0;Wolves;Brighton;0;0;0,0;1;0,2763;0,3791;0,3445
57692;2020-03-07;T19-20;SP2;Numancia;Santander;1;2;2,0;1;0,2385;0,5877;0,1738
45260;2020-03-07;T19-20;SP1;Getafe;Celta;0;0;0,0;1;0,2551;0,4859;0,259
57690;2020-03-07;T19-20;SP2;Girona;Albacete;1;1;0,0;1;0,2388;0,5719;0,1893
57691;2020-03-07;T19-20;SP2;Huesca;Fuenlabrada;2;0;1,0;1;0,2842;0,4908;0,225
26670;2020-03-07;T19-20;F1;Nice;Monaco;2;1;1,0;1;0,2688;0,3852;0,346
26669;2020-03-07;T19-20;F1;Metz;Nimes;2;1;1,0;2;0,2531;0,3608;0,386
26668;2020-03-07;T19-20;F1;Dijon;Toulouse;2;1;1,0;1;0,2738;0,4129;0,3133
26667;2020-03-07;T19-20;F1;Angers;Nantes;2;0;1,0;1;0,2818;0,429;0,2892
45257;2020-03-07;T19-20;SP1;Eibar;Mallorca;1;2;2,0;1;0,2759;0,4212;0,303
45258;2020-03-07;T19-20;SP1;Ath Madrid;Sevilla;2;2;0,0;1;0,247;0,5879;0,1651
45259;2020-03-07;T19-20;SP1;Barcelona;Sociedad;1;0;1,0;1;0,1613;0,7686;0,0701
26671;2020-03-07;T19-20;F1;Reims;Brest;1;0;1,0;1;0,2902;0,4341;0,2756
6029;2020-03-07;T19-20;D1;Freiburg;Union Berlin;3;1;1,0;1;0,2824;0,369;0,3486
57689;2020-03-07;T19-20;SP2;Extremadura;Oviedo;1;2;2,0;1;0,2869;0,4176;0,2955
6030;2020-03-07;T19-20;D1;Hertha;Werder Bremen;2;2;0,0;1;0,294;0,4318;0,2741
26674;2020-03-08;T19-20;F1;Lille;Lyon;1;0;1,0;2;0,2888;0,2908;0,4204
26673;2020-03-08;T19-20;F1;Rennes;Montpellier;5;0;1,0;1;0,2367;0,574;0,1894
26672;2020-03-08;T19-20;F1;St Etienne;Bordeaux;1;1;0,0;1;0,2692;0,4838;0,247
6035;2020-03-08;T19-20;D1;Bayern Munich;Augsburg;2;0;1,0;1;0,1743;0,7514;0,0743
6036;2020-03-08;T19-20;D1;Mainz;Fortuna Dusseldorf;1;1;0,0;1;0,286;0,4677;0,2462
35149;2020-03-08;T19-20;I1;Sampdoria;Verona;2;1;1,0;1;0,2449;0,5309;0,2242
57696;2020-03-08;T19-20;SP2;Alcorcon;Mirandes;1;2;2,0;1;0,2498;0,5737;0,1765
16056;2020-03-08;T19-20;E0;Man United;Man City;2;0;1,0;1;0,2763;0,5389;0,1848
16055;2020-03-08;T19-20;E0;Chelsea;Everton;4;0;1,0;1;0,19;0,7284;0,0816
57694;2020-03-08;T19-20;SP2;Vallecano;Elche;2;3;2,0;1;0,2541;0,5347;0,2112
57695;2020-03-08;T19-20;SP2;Malaga;Zaragoza;0;1;2,0;1;0,2908;0,4177;0,2915
35150;2020-03-08;T19-20;I1;Udinese;Fiorentina;0;0;0,0;1;0,293;0,4502;0,2568
57698;2020-03-08;T19-20;SP2;Tenerife;Ponferradina;1;0;1,0;1;0,2394;0,5709;0,1897
35147;2020-03-08;T19-20;I1;Parma;Spal;0;1;2,0;1;0,2677;0,5295;0,2028
35148;2020-03-08;T19-20;I1;Milan;Genoa;1;2;2,0;1;0,2048;0,6974;0,0978
45261;2020-03-08;T19-20;SP1;Osasuna;Espanol;1;0;1,0;1;0,2664;0,4242;0,3095
45262;2020-03-08;T19-20;SP1;Valladolid;Ath Bilbao;1;4;2,0;1;0,2674;0,3864;0,3462
45263;2020-03-08;T19-20;SP1;Levante;Granada;1;1;0,0;1;0,2614;0,3864;0,3522
35151;2020-03-08;T19-20;I1;Juventus;Inter;2;0;1,0;1;0,3116;0,4711;0,2173
45265;2020-03-08;T19-20;SP1;Betis;Real Madrid;2;1;1,0;2;0,142;0,1133;0,7447
45264;2020-03-08;T19-20;SP1;Villarreal;Leganes;1;2;2,0;1;0,2087;0,6755;0,1158
57697;2020-03-08;T19-20;SP2;Sp Gijon;Las Palmas;4;0;1,0;1;0,2303;0,6382;0,1315
16057;2020-03-09;T19-20;E0;Leicester;Aston Villa;4;0;1,0;1;0,2741;0,4473;0,2785
35152;2020-03-09;T19-20;I1;Sassuolo;Brescia;3;0;1,0;1;0,2795;0,3997;0,3207
45266;2020-03-10;T19-20;SP1;Eibar;Sociedad;1;2;2,0;1;0,2743;0,4129;0,3128
6037;2020-03-11;T19-20;D1;M'gladbach;FC Koln;2;1;1,0;1;0,239;0,5892;0,1717
6038;2020-05-16;T19-20;D1;Augsburg;Wolfsburg;1;2;2,0;1;0,2685;0,4005;0,331
6039;2020-05-16;T19-20;D1;Dortmund;Schalke 04;4;0;1,0;1;0,2498;0,5807;0,1695
6043;2020-05-16;T19-20;D1;Ein Frankfurt;M'gladbach;1;3;2,0;1;0,2708;0,3888;0,3404
6041;2020-05-16;T19-20;D1;Hoffenheim;Hertha;0;3;2,0;1;0,2489;0,5083;0,2427
6042;2020-05-16;T19-20;D1;RB Leipzig;Freiburg;1;1;0,0;1;0,241;0,5756;0,1834
6040;2020-05-16;T19-20;D1;Fortuna Dusseldorf;Paderborn;0;0;0,0;1;0,2844;0,4056;0,31
6044;2020-05-17;T19-20;D1;FC Koln;Mainz;2;2;0,0;1;0,2552;0,3831;0,3617
6045;2020-05-17;T19-20;D1;Union Berlin;Bayern Munich;0;2;2,0;2;0,1422;0,1148;0,7431
6046;2020-05-18;T19-20;D1;Werder Bremen;Leverkusen;1;4;2,0;2;0,2808;0,338;0,3811
6047;2020-05-22;T19-20;D1;Hertha;Union Berlin;4;0;1,0;1;0,2772;0,5105;0,2122
6048;2020-05-23;T19-20;D1;Freiburg;Werder Bremen;0;1;2,0;2;0,2851;0,3059;0,4091
6050;2020-05-23;T19-20;D1;Paderborn;Hoffenheim;1;1;0,0;1;0,2817;0,4024;0,316
6052;2020-05-23;T19-20;D1;Bayern Munich;Ein Frankfurt;5;2;1,0;1;0,1797;0,7388;0,0815
6051;2020-05-23;T19-20;D1;Wolfsburg;Dortmund;0;2;2,0;2;0,2555;0,2965;0,448
6049;2020-05-23;T19-20;D1;M'gladbach;Leverkusen;1;3;2,0;2;0,2666;0,3231;0,4103
6055;2020-05-24;T19-20;D1;FC Koln;Fortuna Dusseldorf;2;2;0,0;1;0,2686;0,3703;0,361
6054;2020-05-24;T19-20;D1;Mainz;RB Leipzig;0;5;2,0;2;0,283;0,2952;0,4219
6053;2020-05-24;T19-20;D1;Schalke 04;Augsburg;0;3;2,0;1;0,2087;0,6878;0,1035
6057;2020-05-26;T19-20;D1;Ein Frankfurt;Freiburg;3;3;0,0;1;0,2715;0,4184;0,31
6056;2020-05-26;T19-20;D1;Dortmund;Bayern Munich;0;1;2,0;2;0,3495;0,2572;0,3933
6059;2020-05-26;T19-20;D1;Werder Bremen;M'gladbach;0;0;0,0;1;0,2266;0,6315;0,1419
6058;2020-05-26;T19-20;D1;Leverkusen;Wolfsburg;1;4;2,0;1;0,1911;0,7108;0,0981
6060;2020-05-27;T19-20;D1;RB Leipzig;Hertha;2;2;0,0;1;0,2465;0,5425;0,211
6061;2020-05-27;T19-20;D1;Augsburg;Paderborn;0;0;0,0;1;0,2832;0,3974;0,3194
6062;2020-05-27;T19-20;D1;Fortuna Dusseldorf;Schalke 04;2;1;1,0;2;0,259;0,2303;0,5107
6063;2020-05-27;T19-20;D1;Hoffenheim;FC Koln;3;1;1,0;1;0,2459;0,5325;0,2216
6064;2020-05-27;T19-20;D1;Union Berlin;Mainz;1;1;0,0;1;0,2748;0,4222;0,303
6065;2020-05-29;T19-20;D1;Freiburg;Leverkusen;0;1;2,0;2;0,2229;0,2399;0,5372
6068;2020-05-30;T19-20;D1;Schalke 04;Werder Bremen;0;1;2,0;1;0,2317;0,6038;0,1646
6067;2020-05-30;T19-20;D1;Mainz;Hoffenheim;0;1;2,0;1;0,2856;0,4637;0,2507
6069;2020-05-30;T19-20;D1;Wolfsburg;Ein Frankfurt;1;2;2,0;1;0,2363;0,5854;0,1784
6066;2020-05-30;T19-20;D1;Hertha;Augsburg;2;0;1,0;1;0,2525;0,5;0,2475
6070;2020-05-30;T19-20;D1;Bayern Munich;Fortuna Dusseldorf;5;0;1,0;1;0,1739;0,7541;0,072
6071;2020-05-31;T19-20;D1;M'gladbach;Union Berlin;4;1;1,0;1;0,2502;0,5687;0,1811
6072;2020-05-31;T19-20;D1;Paderborn;Dortmund;1;6;2,0;2;0,2223;0,1981;0,5796
6073;2020-06-01;T19-20;D1;FC Koln;RB Leipzig;2;4;2,0;2;0,2324;0,2065;0,5611
6074;2020-06-03;T19-20;D1;Werder Bremen;Ein Frankfurt;0;3;2,0;1;0,2111;0,6449;0,1441
6075;2020-06-05;T19-20;D1;Freiburg;M'gladbach;1;0;1,0;1;0,2675;0,3851;0,3475
6079;2020-06-06;T19-20;D1;RB Leipzig;Paderborn;1;1;0,0;1;0,2614;0,5466;0,192
6078;2020-06-06;T19-20;D1;Leverkusen;Bayern Munich;2;4;2,0;2;0,2957;0,1587;0,5455
6080;2020-06-06;T19-20;D1;Dortmund;Hertha;1;0;1,0;1;0,2022;0,7067;0,0912
6076;2020-06-06;T19-20;D1;Ein Frankfurt;Mainz;0;2;2,0;1;0,27;0,3877;0,3423
6077;2020-06-06;T19-20;D1;Fortuna Dusseldorf;Hoffenheim;2;2;0,0;1;0,282;0,4115;0,3065
6081;2020-06-07;T19-20;D1;Werder Bremen;Wolfsburg;0;1;2,0;1;0,2155;0,6553;0,1292
6082;2020-06-07;T19-20;D1;Union Berlin;Schalke 04;1;1;0,0;2;0,2739;0,2609;0,4651
6083;2020-06-07;T19-20;D1;Augsburg;FC Koln;1;1;0,0;1;0,273;0,4092;0,3178
57699;2020-06-10;T19-20;SP2;Vallecano;Albacete;1;0;1,0;1;0,245;0,5455;0,2096
45267;2020-06-11;T19-20;SP1;Sevilla;Betis;2;0;1,0;1;0,2082;0,6892;0,1027
57703;2020-06-12;T19-20;SP2;Oviedo;Ponferradina;0;0;0,0;1;0,2594;0,4915;0,2491
57702;2020-06-12;T19-20;SP2;Malaga;Huesca;1;3;2,0;1;0,2699;0,5239;0,2062
57701;2020-06-12;T19-20;SP2;Fuenlabrada;Tenerife;1;0;1,0;1;0,2806;0,4432;0,2762
45269;2020-06-12;T19-20;SP1;Valencia;Levante;1;1;0,0;1;0,2225;0,6652;0,1123
45268;2020-06-12;T19-20;SP1;Granada;Getafe;2;1;1,0;1;0,259;0,3833;0,3577
6084;2020-06-12;T19-20;D1;Hoffenheim;RB Leipzig;0;2;2,0;2;0,2816;0,3529;0,3655
57700;2020-06-12;T19-20;SP2;Elche;Extremadura;1;1;0,0;1;0,2571;0,5568;0,1861
6089;2020-06-13;T19-20;D1;Wolfsburg;Freiburg;2;2;0,0;1;0,2341;0,5947;0,1712
6090;2020-06-13;T19-20;D1;Bayern Munich;M'gladbach;2;1;1,0;1;0,1734;0,7501;0,0765
6088;2020-06-13;T19-20;D1;Paderborn;Werder Bremen;1;5;2,0;2;0,2917;0,3096;0,3987
6087;2020-06-13;T19-20;D1;Hertha;Ein Frankfurt;1;4;2,0;1;0,2469;0,5266;0,2265
45271;2020-06-13;T19-20;SP1;Celta;Villarreal;0;1;2,0;1;0,2872;0,4781;0,2347
57706;2020-06-13;T19-20;SP2;Zaragoza;Alcorcon;1;3;2,0;1;0,2572;0,5555;0,1874
57705;2020-06-13;T19-20;SP2;Las Palmas;Girona;0;0;0,0;1;0,2584;0,5528;0,1888
57704;2020-06-13;T19-20;SP2;Santander;Lugo;1;2;2,0;1;0,2813;0,4449;0,2738
45272;2020-06-13;T19-20;SP1;Leganes;Valladolid;1;2;2,0;1;0,2745;0,4083;0,3172
45273;2020-06-13;T19-20;SP1;Mallorca;Barcelona;0;4;2,0;2;0,1316;0,1118;0,7567
6085;2020-06-13;T19-20;D1;FC Koln;Union Berlin;1;2;2,0;1;0,2661;0,369;0,3649
6086;2020-06-13;T19-20;D1;Fortuna Dusseldorf;Dortmund;0;1;2,0;2;0,221;0,1941;0,585
45270;2020-06-13;T19-20;SP1;Espanol;Alaves;2;0;1,0;1;0,2836;0,4359;0,2805
45274;2020-06-14;T19-20;SP1;Ath Bilbao;Ath Madrid;1;1;0,0;2;0,274;0,3198;0,4062
45275;2020-06-14;T19-20;SP1;Real Madrid;Eibar;3;1;1,0;1;0,1697;0,7593;0,0709
6091;2020-06-14;T19-20;D1;Mainz;Augsburg;0;1;2,0;1;0,2821;0,443;0,275
45276;2020-06-14;T19-20;SP1;Sociedad;Osasuna;1;1;0,0;1;0,2393;0,5836;0,1771
6092;2020-06-14;T19-20;D1;Schalke 04;Leverkusen;1;1;0,0;1;0,2595;0,388;0,3525
57709;2020-06-14;T19-20;SP2;Albacete;Almeria;0;1;2,0;1;0,2767;0,505;0,2183
57708;2020-06-14;T19-20;SP2;Mirandes;Numancia;2;1;1,0;1;0,2813;0,4441;0,2746
57707;2020-06-14;T19-20;SP2;La Coruna;Sp Gijon;0;0;0,0;1;0,2878;0,4162;0,2959
57710;2020-06-14;T19-20;SP2;Cadiz;Vallecano;1;1;0,0;1;0,2608;0,5413;0,1979
45277;2020-06-15;T19-20;SP1;Levante;Sevilla;1;1;0,0;2;0,2546;0,2344;0,511
45278;2020-06-15;T19-20;SP1;Betis;Granada;2;2;0,0;1;0,2769;0,4332;0,2899
57711;2020-06-15;T19-20;SP2;Ponferradina;Elche;2;1;1,0;1;0,2675;0,4784;0,2541
57712;2020-06-15;T19-20;SP2;Tenerife;Malaga;0;0;0,0;1;0,2576;0,5322;0,2101
45279;2020-06-16;T19-20;SP1;Getafe;Espanol;0;0;0,0;1;0,2466;0,5306;0,2228
57713;2020-06-16;T19-20;SP2;Lugo;Zaragoza;1;3;2,0;1;0,301;0,3572;0,3418
57714;2020-06-16;T19-20;SP2;Girona;Santander;0;0;0,0;1;0,2402;0,5836;0,1762
45280;2020-06-16;T19-20;SP1;Villarreal;Mallorca;1;0;1,0;1;0,216;0,6607;0,1233
45281;2020-06-16;T19-20;SP1;Barcelona;Leganes;2;0;1,0;1;0,1604;0,773;0,0666
6093;2020-06-16;T19-20;D1;M'gladbach;Wolfsburg;3;0;1,0;1;0,2291;0,6072;0,1637
6094;2020-06-16;T19-20;D1;Freiburg;Hertha;2;1;1,0;1;0,2723;0,3916;0,3361
6095;2020-06-16;T19-20;D1;Union Berlin;Paderborn;1;0;1,0;1;0,2881;0,4378;0,274
6096;2020-06-16;T19-20;D1;Werder Bremen;Bayern Munich;0;1;2,0;2;0,2292;0,2164;0,5545
45282;2020-06-17;T19-20;SP1;Eibar;Ath Bilbao;2;2;0,0;1;0,2748;0,4132;0,312
45283;2020-06-17;T19-20;SP1;Valladolid;Celta;0;0;0,0;1;0,2736;0,3917;0,3347
57716;2020-06-17;T19-20;SP2;Extremadura;Albacete;0;1;2,0;1;0,2748;0,4025;0,3227
16059;2020-06-17;T19-20;E0;Man City;Arsenal;3;0;1,0;1;0,3319;0,366;0,3021
6098;2020-06-17;T19-20;D1;Augsburg;Hoffenheim;1;3;2,0;1;0,2811;0,4025;0,3164
57717;2020-06-17;T19-20;SP2;Oviedo;La Coruna;2;2;0,0;1;0,2959;0,4122;0,2918
57718;2020-06-17;T19-20;SP2;Vallecano;Fuenlabrada;1;0;1,0;1;0,2742;0,5234;0,2024
6099;2020-06-17;T19-20;D1;Dortmund;Mainz;0;2;2,0;1;0,2025;0,7031;0,0944
45284;2020-06-17;T19-20;SP1;Osasuna;Ath Madrid;0;5;2,0;2;0,2331;0,2443;0,5227
57715;2020-06-17;T19-20;SP2;Almeria;Las Palmas;0;1;2,0;1;0,2366;0,5736;0,1898
6101;2020-06-17;T19-20;D1;RB Leipzig;Fortuna Dusseldorf;2;2;0,0;1;0,2625;0,5439;0,1935
6100;2020-06-17;T19-20;D1;Leverkusen;FC Koln;3;1;1,0;1;0,203;0,692;0,105
6097;2020-06-17;T19-20;D1;Ein Frankfurt;Schalke 04;2;1;1,0;2;0,2553;0,2218;0,5229
16058;2020-06-17;T19-20;E0;Aston Villa;Sheffield United;0;0;0,0;1;0,2811;0,4121;0,3068
45285;2020-06-18;T19-20;SP1;Alaves;Sociedad;2;0;1,0;1;0,2738;0,3994;0,3268
45286;2020-06-18;T19-20;SP1;Real Madrid;Valencia;3;0;1,0;1;0,246;0,6167;0,1372
57719;2020-06-18;T19-20;SP2;Huesca;Mirandes;1;2;2,0;1;0,2647;0,5362;0,1991
57720;2020-06-18;T19-20;SP2;Numancia;Cadiz;1;2;2,0;1;0,2658;0,5178;0,2164
57721;2020-06-18;T19-20;SP2;Alcorcon;Sp Gijon;0;2;2,0;1;0,2852;0,4387;0,276
45287;2020-06-19;T19-20;SP1;Granada;Villarreal;0;1;2,0;1;0,2732;0,3642;0,3626
16061;2020-06-19;T19-20;E0;Tottenham;Man United;1;1;0,0;2;0,2921;0,2051;0,5028
16060;2020-06-19;T19-20;E0;Norwich;Southampton;0;3;2,0;1;0,2675;0,3879;0,3445
57722;2020-06-19;T19-20;SP2;Elche;Girona;1;0;1,0;1;0,2537;0,5635;0,1828
45289;2020-06-19;T19-20;SP1;Sevilla;Barcelona;0;0;0,0;2;0,2973;0,1373;0,5655
45288;2020-06-19;T19-20;SP1;Mallorca;Leganes;1;1;0,0;1;0,2865;0,4845;0,229
6109;2020-06-20;T19-20;D1;RB Leipzig;Dortmund;0;2;2,0;2;0,2368;0,2476;0,5156
57726;2020-06-20;T19-20;SP2;Malaga;Extremadura;1;1;0,0;1;0,2693;0,525;0,2057
57725;2020-06-20;T19-20;SP2;Zaragoza;Almeria;0;2;2,0;1;0,2532;0,5647;0,1821
57724;2020-06-20;T19-20;SP2;Las Palmas;Lugo;1;0;1,0;1;0,2536;0,5305;0,2159
57723;2020-06-20;T19-20;SP2;La Coruna;Vallecano;3;3;0,0;1;0,2836;0,4909;0,2255
6110;2020-06-20;T19-20;D1;Schalke 04;Wolfsburg;1;4;2,0;1;0,1885;0,7088;0,1027
45293;2020-06-20;T19-20;SP1;Ath Madrid;Valladolid;1;0;1,0;1;0,2167;0,6798;0,1035
35154;2020-06-20;T19-20;I1;Verona;Cagliari;2;1;1,0;1;0,2648;0,4257;0,3095
35153;2020-06-20;T19-20;I1;Torino;Parma;1;1;0,0;1;0,275;0,4086;0,3164
45292;2020-06-20;T19-20;SP1;Getafe;Eibar;1;1;0,0;1;0,2726;0,5175;0,2098
45291;2020-06-20;T19-20;SP1;Ath Bilbao;Betis;1;0;1,0;1;0,2428;0,574;0,1832
45290;2020-06-20;T19-20;SP1;Espanol;Levante;1;3;2,0;1;0,2733;0,4614;0,2653
16062;2020-06-20;T19-20;E0;Watford;Leicester;1;1;0,0;1;0,2845;0,3814;0,3341
16063;2020-06-20;T19-20;E0;Brighton;Arsenal;2;1;1,0;2;0,1922;0,1529;0,6549
16064;2020-06-20;T19-20;E0;West Ham;Wolves;0;2;2,0;1;0,276;0,3953;0,3287
16065;2020-06-20;T19-20;E0;Bournemouth;Crystal Palace;0;2;2,0;1;0,2708;0,4013;0,3279
6102;2020-06-20;T19-20;D1;Bayern Munich;Freiburg;3;1;1,0;1;0,182;0,7356;0,0824
6103;2020-06-20;T19-20;D1;FC Koln;Ein Frankfurt;1;1;0,0;1;0,2553;0,3952;0,3496
6104;2020-06-20;T19-20;D1;Fortuna Dusseldorf;Augsburg;1;1;0,0;1;0,2805;0,4023;0,3172
6105;2020-06-20;T19-20;D1;Hertha;Leverkusen;2;0;1,0;2;0,2336;0,2663;0,5001
6106;2020-06-20;T19-20;D1;Hoffenheim;Union Berlin;4;0;1,0;1;0,2707;0,5252;0,2041
6107;2020-06-20;T19-20;D1;Mainz;Werder Bremen;3;1;1,0;1;0,3051;0,358;0,3368
6108;2020-06-20;T19-20;D1;Paderborn;M'gladbach;1;3;2,0;1;0,2692;0,3865;0,3443
16066;2020-06-21;T19-20;E0;Newcastle;Sheffield United;3;0;1,0;1;0,2636;0,5369;0,1995
16067;2020-06-21;T19-20;E0;Aston Villa;Chelsea;1;2;2,0;2;0,1724;0,1377;0,69
16068;2020-06-21;T19-20;E0;Everton;Liverpool;0;0;0,0;2;0,2973;0,2344;0,4683
57727;2020-06-21;T19-20;SP2;Mirandes;Ponferradina;1;2;2,0;1;0,2843;0,4272;0,2885
57728;2020-06-21;T19-20;SP2;Santander;Tenerife;1;2;2,0;1;0,282;0,442;0,276
45294;2020-06-21;T19-20;SP1;Celta;Alaves;6;0;1,0;1;0,2705;0,4704;0,2591
57730;2020-06-21;T19-20;SP2;Cadiz;Alcorcon;1;1;0,0;1;0,2506;0,5648;0,1845
57731;2020-06-21;T19-20;SP2;Fuenlabrada;Numancia;2;0;1,0;1;0,2776;0,4619;0,2605
45295;2020-06-21;T19-20;SP1;Valencia;Osasuna;2;0;1,0;1;0,223;0,6639;0,1131
45296;2020-06-21;T19-20;SP1;Sociedad;Real Madrid;1;2;2,0;2;0,1596;0,1478;0,6926
35155;2020-06-21;T19-20;I1;Atalanta;Sassuolo;4;1;1,0;1;0,268;0,5282;0,2039
35156;2020-06-21;T19-20;I1;Inter;Sampdoria;2;1;1,0;1;0,2016;0,7052;0,0931
57729;2020-06-21;T19-20;SP2;Albacete;Huesca;2;2;0,0;1;0,2799;0,4974;0,2227
45297;2020-06-22;T19-20;SP1;Villarreal;Sevilla;2;2;0,0;1;0,2462;0,5185;0,2353
45298;2020-06-22;T19-20;SP1;Leganes;Granada;0;0;0,0;1;0,2739;0,4002;0,3259
16069;2020-06-22;T19-20;E0;Man City;Burnley;5;0;1,0;1;0,2063;0,6985;0,0952
35158;2020-06-22;T19-20;I1;Lecce;Milan;1;4;2,0;2;0,2115;0,1934;0,595
35159;2020-06-22;T19-20;I1;Bologna;Juventus;0;2;2,0;2;0,1529;0,1258;0,7213
35157;2020-06-22;T19-20;I1;Fiorentina;Brescia;1;1;0,0;1;0,2251;0,6495;0,1255
57732;2020-06-22;T19-20;SP2;Sp Gijon;Oviedo;0;1;2,0;1;0,2237;0,6524;0,1239
35162;2020-06-23;T19-20;I1;Genoa;Parma;1;4;2,0;1;0,2741;0,4418;0,2841
35160;2020-06-23;T19-20;I1;Spal;Cagliari;0;1;2,0;1;0,2691;0,4322;0,2987
35161;2020-06-23;T19-20;I1;Verona;Napoli;0;2;2,0;2;0,2313;0,2455;0,5233
35163;2020-06-23;T19-20;I1;Torino;Udinese;1;0;1,0;1;0,2743;0,4067;0,3191
16071;2020-06-23;T19-20;E0;Tottenham;West Ham;2;0;1,0;1;0,2009;0,6948;0,1044
45301;2020-06-23;T19-20;SP1;Barcelona;Ath Bilbao;1;0;1,0;1;0,1615;0,7672;0,0713
16070;2020-06-23;T19-20;E0;Leicester;Brighton;0;0;0,0;1;0,2874;0,4626;0,2501
45299;2020-06-23;T19-20;SP1;Levante;Ath Madrid;0;1;2,0;2;0,221;0,2539;0,525
57735;2020-06-23;T19-20;SP2;Extremadura;Zaragoza;1;2;2,0;2;0,2917;0,3042;0,4041
57734;2020-06-23;T19-20;SP2;Lugo;Malaga;0;0;0,0;1;0,3054;0,3952;0,2995
57733;2020-06-23;T19-20;SP2;Elche;La Coruna;0;1;2,0;1;0,279;0,4781;0,2429
45300;2020-06-23;T19-20;SP1;Valladolid;Getafe;1;1;0,0;1;0,2671;0,3871;0,3458
16075;2020-06-24;T19-20;E0;Wolves;Bournemouth;1;0;1,0;1;0,2617;0,3921;0,3462
16074;2020-06-24;T19-20;E0;Norwich;Everton;0;1;2,0;1;0,2749;0,3753;0,3498
16073;2020-06-24;T19-20;E0;Newcastle;Aston Villa;1;1;0,0;1;0,247;0,5255;0,2275
16072;2020-06-24;T19-20;E0;Man United;Sheffield United;3;0;1,0;1;0,1848;0,7394;0,0758
16076;2020-06-24;T19-20;E0;Liverpool;Crystal Palace;4;0;1,0;1;0,1934;0,723;0,0836
35166;2020-06-24;T19-20;I1;Roma;Sampdoria;2;1;1,0;1;0,1995;0,7089;0,0916
45302;2020-06-24;T19-20;SP1;Alaves;Osasuna;0;1;2,0;1;0,2731;0,4345;0,2924
57738;2020-06-24;T19-20;SP2;Tenerife;Mirandes;4;1;1,0;1;0,2259;0,6072;0,1669
57739;2020-06-24;T19-20;SP2;Albacete;Las Palmas;0;0;0,0;1;0,2669;0,4801;0,253
57740;2020-06-24;T19-20;SP2;Ponferradina;Santander;1;1;0,0;1;0,2768;0,5017;0,2215
35165;2020-06-24;T19-20;I1;Atalanta;Lazio;3;2;1,0;2;0,2689;0,3036;0,4275
57736;2020-06-24;T19-20;SP2;Girona;Numancia;2;0;1,0;1;0,2383;0,5772;0,1845
35164;2020-06-24;T19-20;I1;Inter;Sassuolo;3;3;0,0;1;0,2011;0,7101;0,0888
57737;2020-06-24;T19-20;SP2;Huesca;Cadiz;1;1;0,0;1;0,2907;0,4347;0,2745
45304;2020-06-24;T19-20;SP1;Real Madrid;Mallorca;2;0;1,0;1;0,1708;0,753;0,0762
45303;2020-06-24;T19-20;SP1;Sociedad;Celta;0;1;2,0;1;0,2459;0,5453;0,2088
57742;2020-06-25;T19-20;SP2;Vallecano;Sp Gijon;1;1;0,0;1;0,282;0,4439;0,2741
16077;2020-06-25;T19-20;E0;Burnley;Watford;1;0;1,0;1;0,2743;0,3925;0,3332
16078;2020-06-25;T19-20;E0;Southampton;Arsenal;0;2;2,0;2;0,1934;0,1602;0,6463
57741;2020-06-25;T19-20;SP2;Almeria;Alcorcon;0;1;2,0;1;0,2384;0,5796;0,182
45306;2020-06-25;T19-20;SP1;Betis;Espanol;1;0;1,0;1;0,2721;0,4666;0,2613
45305;2020-06-25;T19-20;SP1;Eibar;Valencia;1;0;1,0;2;0,2465;0,2306;0,5229
57743;2020-06-25;T19-20;SP2;Oviedo;Fuenlabrada;0;0;0,0;1;0,2882;0,481;0,2308
16079;2020-06-25;T19-20;E0;Chelsea;Man City;2;1;1,0;1;0,2804;0,5246;0,195
35167;2020-06-26;T19-20;I1;Juventus;Lecce;4;0;1,0;1;0,1886;0,7249;0,0865
45307;2020-06-26;T19-20;SP1;Sevilla;Valladolid;1;1;0,0;1;0,205;0,6891;0,106
45308;2020-06-27;T19-20;SP1;Ath Bilbao;Mallorca;3;1;1,0;1;0,2427;0,5755;0,1818
6111;2020-06-27;T19-20;D1;Augsburg;RB Leipzig;1;2;2,0;2;0,2537;0,2209;0,5254
35170;2020-06-27;T19-20;I1;Lazio;Fiorentina;2;1;1,0;1;0,2295;0,6302;0,1402
35169;2020-06-27;T19-20;I1;Cagliari;Torino;4;2;1,0;1;0,2759;0,3936;0,3305
35168;2020-06-27;T19-20;I1;Brescia;Genoa;2;2;0,0;1;0,2705;0,3923;0,3372
6113;2020-06-27;T19-20;D1;Ein Frankfurt;Paderborn;3;2;1,0;1;0,2841;0,3949;0,321
6114;2020-06-27;T19-20;D1;Freiburg;Schalke 04;4;0;1,0;2;0,2485;0,2158;0,5357
6112;2020-06-27;T19-20;D1;Dortmund;Hoffenheim;0;4;2,0;1;0,2031;0,7101;0,0869
6116;2020-06-27;T19-20;D1;M'gladbach;Hertha;2;1;1,0;1;0,2398;0,5708;0,1894
6117;2020-06-27;T19-20;D1;Union Berlin;Fortuna Dusseldorf;3;0;1,0;1;0,2891;0,4355;0,2754
6118;2020-06-27;T19-20;D1;Werder Bremen;FC Koln;6;1;1,0;1;0,2137;0,6246;0,1616
6115;2020-06-27;T19-20;D1;Leverkusen;Mainz;1;0;1,0;1;0,2078;0,6938;0,0984
45311;2020-06-27;T19-20;SP1;Ath Madrid;Alaves;2;1;1,0;1;0,2118;0,6929;0,0954
45309;2020-06-27;T19-20;SP1;Celta;Barcelona;2;2;0,0;2;0,1314;0,1106;0,7581
45310;2020-06-27;T19-20;SP1;Osasuna;Leganes;2;1;1,0;1;0,2844;0,3785;0,3371
6119;2020-06-27;T19-20;D1;Wolfsburg;Bayern Munich;0;4;2,0;2;0,1766;0,1759;0,6475
57744;2020-06-27;T19-20;SP2;La Coruna;Ponferradina;2;1;1,0;1;0,2528;0,5077;0,2396
16080;2020-06-27;T19-20;E0;Aston Villa;Wolves;0;1;2,0;1;0,2803;0,402;0,3177
57746;2020-06-27;T19-20;SP2;Las Palmas;Elche;1;1;0,0;1;0,2542;0,5311;0,2147
57747;2020-06-27;T19-20;SP2;Santander;Albacete;1;2;2,0;1;0,2744;0,4294;0,2962
57745;2020-06-27;T19-20;SP2;Cadiz;Tenerife;0;2;2,0;1;0,2434;0,5672;0,1894
57751;2020-06-28;T19-20;SP2;Numancia;Oviedo;1;0;1,0;1;0,2388;0,5821;0,179
57752;2020-06-28;T19-20;SP2;Fuenlabrada;Extremadura;1;1;0,0;1;0,2868;0,4622;0,251
57748;2020-06-28;T19-20;SP2;Mirandes;Almeria;2;2;0,0;1;0,2838;0,4387;0,2775
35171;2020-06-28;T19-20;I1;Milan;Roma;2;0;1,0;1;0,3182;0,418;0,2638
35172;2020-06-28;T19-20;I1;Napoli;Spal;3;1;1,0;1;0,1928;0,7068;0,1004
35173;2020-06-28;T19-20;I1;Sampdoria;Bologna;1;2;2,0;1;0,2441;0,5517;0,2043
35174;2020-06-28;T19-20;I1;Sassuolo;Verona;3;3;0,0;1;0,2713;0,3907;0,338
35175;2020-06-28;T19-20;I1;Udinese;Atalanta;2;3;2,0;1;0,2559;0,4977;0,2464
57749;2020-06-28;T19-20;SP2;Sp Gijon;Lugo;2;0;1,0;1;0,2294;0,6407;0,1299
57750;2020-06-28;T19-20;SP2;Malaga;Girona;2;0;1,0;1;0,2662;0,5303;0,2035
16081;2020-06-28;T19-20;E0;Watford;Southampton;1;3;2,0;1;0,2735;0,3913;0,3352
45315;2020-06-28;T19-20;SP1;Espanol;Real Madrid;0;1;2,0;2;0,1415;0,1133;0,7452
35176;2020-06-28;T19-20;I1;Parma;Inter;1;2;2,0;2;0,2172;0,2034;0,5794
45314;2020-06-28;T19-20;SP1;Granada;Eibar;1;2;2,0;1;0,2725;0,3737;0,3537
45312;2020-06-28;T19-20;SP1;Levante;Betis;4;2;1,0;1;0,2598;0,3826;0,3575
45313;2020-06-28;T19-20;SP1;Villarreal;Valencia;2;0;1,0;1;0,2658;0,4129;0,3213
57753;2020-06-29;T19-20;SP2;Alcorcon;Vallecano;3;2;1,0;1;0,2797;0,5076;0,2128
57754;2020-06-29;T19-20;SP2;Zaragoza;Huesca;0;1;2,0;1;0,2576;0,5556;0,1868
45316;2020-06-29;T19-20;SP1;Getafe;Sociedad;2;1;1,0;1;0,2518;0,4882;0,2601
16082;2020-06-29;T19-20;E0;Crystal Palace;Burnley;0;1;2,0;1;0,272;0,3901;0,3379
45317;2020-06-30;T19-20;SP1;Mallorca;Celta;5;1;1,0;1;0,2679;0,4698;0,2623
57755;2020-06-30;T19-20;SP2;Tenerife;La Coruna;1;1;0,0;1;0,2595;0,5048;0,2357
35177;2020-06-30;T19-20;I1;Torino;Lazio;1;2;2,0;2;0,2489;0,2332;0,5179
16083;2020-06-30;T19-20;E0;Brighton;Man United;0;3;2,0;2;0,1584;0,1267;0,7149
45319;2020-06-30;T19-20;SP1;Barcelona;Ath Madrid;2;2;0,0;1;0,2439;0,62;0,1361
45318;2020-06-30;T19-20;SP1;Leganes;Sevilla;0;3;2,0;2;0,2729;0,2568;0,4703
35178;2020-06-30;T19-20;I1;Genoa;Juventus;1;3;2,0;2;0,1508;0,1241;0,7251
57756;2020-06-30;T19-20;SP2;Elche;Cadiz;0;0;0,0;1;0,2804;0,4801;0,2395
45323;2020-07-01;T19-20;SP1;Valladolid;Levante;0;0;0,0;1;0,268;0,4089;0,3231
35181;2020-07-01;T19-20;I1;Fiorentina;Sassuolo;1;3;2,0;1;0,2203;0,6569;0,1228
35180;2020-07-01;T19-20;I1;Inter;Brescia;6;0;1,0;1;0,2012;0,7091;0,0896
35179;2020-07-01;T19-20;I1;Bologna;Cagliari;1;1;0,0;1;0,2636;0,4242;0,3122
35184;2020-07-01;T19-20;I1;Verona;Parma;3;2;1,0;1;0,2667;0,3868;0,3465
45322;2020-07-01;T19-20;SP1;Betis;Villarreal;0;2;2,0;1;0,2971;0,4228;0,2801
57757;2020-07-01;T19-20;SP2;Almeria;Sp Gijon;1;0;1,0;1;0,2621;0,4856;0,2523
45320;2020-07-01;T19-20;SP1;Alaves;Granada;0;2;2,0;1;0,2747;0,4063;0,319
16087;2020-07-01;T19-20;E0;West Ham;Chelsea;3;2;1,0;2;0,1735;0,1413;0,6853
16086;2020-07-01;T19-20;E0;Everton;Leicester;2;1;1,0;1;0,2284;0,6427;0,1289
16085;2020-07-01;T19-20;E0;Bournemouth;Newcastle;1;4;2,0;1;0,2731;0,399;0,3279
16084;2020-07-01;T19-20;E0;Arsenal;Norwich;4;0;1,0;1;0,1923;0,7193;0,0884
45321;2020-07-01;T19-20;SP1;Valencia;Ath Bilbao;0;2;2,0;1;0,2149;0,6787;0,1064
57761;2020-07-01;T19-20;SP2;Ponferradina;Fuenlabrada;0;3;2,0;1;0,2937;0,4631;0,2433
57760;2020-07-01;T19-20;SP2;Extremadura;Santander;3;1;1,0;1;0,2828;0,4203;0,2968
35182;2020-07-01;T19-20;I1;Lecce;Sampdoria;1;2;2,0;1;0,2486;0,3864;0,365
57758;2020-07-01;T19-20;SP2;Lugo;Numancia;3;1;1,0;1;0,2789;0,4483;0,2728
35183;2020-07-01;T19-20;I1;Spal;Milan;2;2;0,0;2;0,2219;0,1827;0,5953
57759;2020-07-01;T19-20;SP2;Oviedo;Mirandes;1;0;1,0;1;0,2682;0,5272;0,2047
57762;2020-07-02;T19-20;SP2;Albacete;Alcorcon;1;1;0,0;1;0,2816;0,4937;0,2247
57764;2020-07-02;T19-20;SP2;Vallecano;Malaga;0;0;0,0;1;0,2819;0,4939;0,2242
45326;2020-07-02;T19-20;SP1;Real Madrid;Getafe;1;0;1,0;1;0,1706;0,7532;0,0762
45325;2020-07-02;T19-20;SP1;Sociedad;Espanol;2;1;1,0;1;0,2366;0,5878;0,1756
45324;2020-07-02;T19-20;SP1;Eibar;Osasuna;0;2;2,0;1;0,2744;0,4474;0,2782
16088;2020-07-02;T19-20;E0;Sheffield United;Tottenham;3;1;1,0;2;0,2681;0,2581;0,4737
35186;2020-07-02;T19-20;I1;Roma;Udinese;0;2;2,0;1;0,2004;0,7059;0,0937
35185;2020-07-02;T19-20;I1;Atalanta;Napoli;2;0;1,0;2;0,2483;0,2795;0,4722
16089;2020-07-02;T19-20;E0;Man City;Liverpool;4;0;1,0;1;0,3256;0,3964;0,278
57763;2020-07-02;T19-20;SP2;Huesca;Las Palmas;1;0;1,0;1;0,2524;0,505;0,2426
57765;2020-07-03;T19-20;SP2;Girona;Zaragoza;1;0;1,0;1;0,2615;0,4897;0,2489
45327;2020-07-03;T19-20;SP1;Ath Madrid;Mallorca;3;0;1,0;1;0,2128;0,6864;0,1007
45329;2020-07-04;T19-20;SP1;Valladolid;Alaves;1;0;1,0;1;0,2733;0,3924;0,3343
35188;2020-07-04;T19-20;I1;Sassuolo;Lecce;4;2;1,0;1;0,2741;0,4034;0,3225
35187;2020-07-04;T19-20;I1;Juventus;Torino;4;1;1,0;1;0,1847;0,7338;0,0815
16094;2020-07-04;T19-20;E0;Chelsea;Watford;3;0;1,0;1;0,1897;0,7267;0,0836
16093;2020-07-04;T19-20;E0;Wolves;Arsenal;0;2;2,0;2;0,1943;0,1595;0,6462
16092;2020-07-04;T19-20;E0;Man United;Bournemouth;5;2;1,0;1;0,1833;0,7385;0,0782
16091;2020-07-04;T19-20;E0;Leicester;Crystal Palace;3;0;1,0;1;0,2768;0,4547;0,2685
16090;2020-07-04;T19-20;E0;Norwich;Brighton;0;1;2,0;1;0,2731;0,3742;0,3527
57770;2020-07-04;T19-20;SP2;Fuenlabrada;Mirandes;2;2;0,0;1;0,2804;0,4783;0,2413
57769;2020-07-04;T19-20;SP2;Cadiz;Oviedo;2;0;1,0;1;0,252;0,5638;0,1842
57768;2020-07-04;T19-20;SP2;Almeria;Tenerife;1;2;2,0;1;0,2325;0,5863;0,1812
57767;2020-07-04;T19-20;SP2;Santander;Elche;1;2;2,0;1;0,284;0,4345;0,2815
57766;2020-07-04;T19-20;SP2;Numancia;Extremadura;1;0;1,0;1;0,2379;0,5861;0,176
45330;2020-07-04;T19-20;SP1;Granada;Valencia;2;2;0,0;2;0,2156;0,2235;0,5609
35189;2020-07-04;T19-20;I1;Lazio;Milan;0;3;2,0;2;0,278;0,3204;0,4016
45328;2020-07-04;T19-20;SP1;Celta;Betis;1;1;0,0;1;0,2604;0,4779;0,2617
35193;2020-07-05;T19-20;I1;Parma;Fiorentina;1;2;2,0;1;0,2885;0,4663;0,2452
35192;2020-07-05;T19-20;I1;Cagliari;Atalanta;0;1;2,0;1;0,2775;0,3965;0,326
35191;2020-07-05;T19-20;I1;Brescia;Verona;2;0;1,0;1;0,2693;0,3865;0,3441
35190;2020-07-05;T19-20;I1;Inter;Bologna;1;2;2,0;1;0,2074;0,6938;0,0988
16098;2020-07-05;T19-20;E0;Southampton;Man City;1;0;1,0;2;0,2256;0,2263;0,5481
16095;2020-07-05;T19-20;E0;Burnley;Sheffield United;1;1;0,0;1;0,2769;0,3959;0,3272
16096;2020-07-05;T19-20;E0;Newcastle;West Ham;2;2;0,0;1;0,2425;0,5481;0,2095
45334;2020-07-05;T19-20;SP1;Villarreal;Barcelona;1;4;2,0;2;0,2915;0,1225;0,586
45333;2020-07-05;T19-20;SP1;Osasuna;Getafe;0;0;0,0;1;0,268;0,3881;0,3439
45332;2020-07-05;T19-20;SP1;Espanol;Leganes;0;1;2,0;1;0,2901;0,4373;0,2726
16097;2020-07-05;T19-20;E0;Liverpool;Aston Villa;2;0;1,0;1;0,1969;0,7115;0,0916
57774;2020-07-05;T19-20;SP2;Alcorcon;Lugo;2;2;0,0;1;0,2527;0,5289;0,2185
57773;2020-07-05;T19-20;SP2;Malaga;Albacete;0;0;0,0;1;0,2469;0,5037;0,2494
57772;2020-07-05;T19-20;SP2;Las Palmas;Ponferradina;3;0;1,0;1;0,2522;0,5333;0,2145
57771;2020-07-05;T19-20;SP2;La Coruna;Huesca;2;1;1,0;1;0,2657;0,5349;0,1994
35195;2020-07-05;T19-20;I1;Udinese;Genoa;2;2;0,0;1;0,2496;0,5082;0,2422
35196;2020-07-05;T19-20;I1;Napoli;Roma;2;1;1,0;2;0,285;0,3008;0,4142
45331;2020-07-05;T19-20;SP1;Ath Bilbao;Real Madrid;0;1;2,0;2;0,171;0,1632;0,6658
35194;2020-07-05;T19-20;I1;Sampdoria;Spal;3;0;1,0;1;0,2654;0,5362;0,1984
16099;2020-07-06;T19-20;E0;Tottenham;Everton;1;0;1,0;1;0,1923;0,7068;0,1009
45336;2020-07-06;T19-20;SP1;Sevilla;Eibar;1;0;1,0;1;0,1752;0,7318;0,093
45335;2020-07-06;T19-20;SP1;Levante;Sociedad;1;1;0,0;1;0,2618;0,3833;0,3549
57775;2020-07-06;T19-20;SP2;Sp Gijon;Girona;0;0;0,0;1;0,2213;0,6582;0,1205
57776;2020-07-06;T19-20;SP2;Zaragoza;Vallecano;2;4;2,0;1;0,2715;0,5281;0,2004
16101;2020-07-07;T19-20;E0;Watford;Norwich;2;1;1,0;1;0,2678;0,3894;0,3428
16102;2020-07-07;T19-20;E0;Arsenal;Leicester;1;1;0,0;1;0,1898;0,729;0,0812
57777;2020-07-07;T19-20;SP2;Mirandes;Elche;1;0;1,0;1;0,2816;0,4227;0,2956
57778;2020-07-07;T19-20;SP2;Fuenlabrada;Santander;1;0;1,0;1;0,2847;0,4685;0,2467
57779;2020-07-07;T19-20;SP2;Extremadura;Cadiz;0;1;2,0;2;0,2967;0,3228;0,3804
35198;2020-07-07;T19-20;I1;Milan;Juventus;4;2;1,0;2;0,3455;0,2872;0,3673
45337;2020-07-07;T19-20;SP1;Valencia;Valladolid;2;1;1,0;1;0,2165;0,6728;0,1107
35197;2020-07-07;T19-20;I1;Lecce;Lazio;2;1;1,0;2;0,206;0,2176;0,5764
16100;2020-07-07;T19-20;E0;Crystal Palace;Chelsea;2;3;2,0;2;0,1741;0,1437;0,6822
45338;2020-07-07;T19-20;SP1;Celta;Ath Madrid;1;1;0,0;2;0,2377;0,2577;0,5045
45341;2020-07-08;T19-20;SP1;Barcelona;Espanol;1;0;1,0;1;0,1724;0,7508;0,0768
45340;2020-07-08;T19-20;SP1;Getafe;Villarreal;1;3;2,0;1;0,2873;0,4846;0,2281
16103;2020-07-08;T19-20;E0;Man City;Newcastle;5;0;1,0;1;0,2083;0,6911;0,1006
16104;2020-07-08;T19-20;E0;Sheffield United;Wolves;1;0;1,0;1;0,2845;0,4311;0,2843
16105;2020-07-08;T19-20;E0;West Ham;Burnley;0;1;2,0;1;0,2753;0,3931;0,3316
16106;2020-07-08;T19-20;E0;Brighton;Liverpool;1;3;2,0;2;0,2094;0,1669;0,6237
45339;2020-07-08;T19-20;SP1;Betis;Osasuna;3;0;1,0;1;0,2748;0,4531;0,2722
57783;2020-07-08;T19-20;SP2;Ponferradina;Lugo;0;1;2,0;1;0,2701;0,4716;0,2584
57780;2020-07-08;T19-20;SP2;Malaga;La Coruna;1;0;1,0;1;0,2914;0,4182;0,2904
57781;2020-07-08;T19-20;SP2;Oviedo;Las Palmas;2;1;1,0;1;0,259;0,4918;0,2492
57782;2020-07-08;T19-20;SP2;Huesca;Alcorcon;2;1;1,0;1;0,2688;0,5263;0,2049
35199;2020-07-08;T19-20;I1;Fiorentina;Cagliari;0;0;0,0;1;0,2143;0,6452;0,1405
35200;2020-07-08;T19-20;I1;Genoa;Napoli;1;2;2,0;2;0,2505;0,2475;0,502
35201;2020-07-08;T19-20;I1;Atalanta;Sampdoria;2;0;1,0;1;0,2452;0,5244;0,2304
35202;2020-07-08;T19-20;I1;Bologna;Sassuolo;1;2;2,0;1;0,2775;0,3798;0,3427
35203;2020-07-08;T19-20;I1;Roma;Parma;2;1;1,0;1;0,201;0,7047;0,0943
35204;2020-07-08;T19-20;I1;Torino;Brescia;3;1;1,0;1;0,2822;0,4103;0,3074
16108;2020-07-09;T19-20;E0;Everton;Southampton;1;1;0,0;1;0,2304;0,6347;0,1349
16107;2020-07-09;T19-20;E0;Bournemouth;Tottenham;0;0;0,0;2;0,2488;0,2187;0,5325
57787;2020-07-09;T19-20;SP2;Tenerife;Zaragoza;1;1;0,0;1;0,2598;0,5005;0,2397
57786;2020-07-09;T19-20;SP2;Girona;Almeria;1;0;1,0;1;0,2378;0,5867;0,1755
57785;2020-07-09;T19-20;SP2;Vallecano;Numancia;3;2;1,0;1;0,2539;0,5367;0,2094
45344;2020-07-09;T19-20;SP1;Ath Bilbao;Sevilla;1;2;2,0;1;0,2699;0,441;0,2891
45343;2020-07-09;T19-20;SP1;Mallorca;Levante;2;0;1,0;1;0,2584;0,5005;0,2412
57784;2020-07-09;T19-20;SP2;Albacete;Sp Gijon;1;1;0,0;1;0,2955;0,3731;0,3314
45342;2020-07-09;T19-20;SP1;Eibar;Leganes;0;0;0,0;1;0,293;0,418;0,289
35206;2020-07-09;T19-20;I1;Verona;Inter;2;2;0,0;2;0,2181;0,1805;0,6014
35205;2020-07-09;T19-20;I1;Spal;Udinese;0;3;2,0;1;0,2703;0,39;0,3397
16109;2020-07-09;T19-20;E0;Aston Villa;Man United;0;3;2,0;2;0,1589;0,1272;0,7139
45345;2020-07-10;T19-20;SP1;Sociedad;Granada;2;3;2,0;1;0,2458;0,5556;0,1986
45346;2020-07-10;T19-20;SP1;Real Madrid;Alaves;2;0;1,0;1;0,1689;0,7589;0,0722
57789;2020-07-11;T19-20;SP2;Las Palmas;Mirandes;1;0;1,0;1;0,2475;0,5796;0,1729
16111;2020-07-11;T19-20;E0;Watford;Newcastle;2;1;1,0;1;0,2689;0,3945;0,3366
16112;2020-07-11;T19-20;E0;Liverpool;Burnley;1;1;0,0;1;0,1934;0,7207;0,0859
16113;2020-07-11;T19-20;E0;Sheffield United;Chelsea;3;0;1,0;2;0,1722;0,141;0,6868
16114;2020-07-11;T19-20;E0;Brighton;Man City;0;5;2,0;2;0,2258;0,219;0,5552
57788;2020-07-11;T19-20;SP2;Santander;Huesca;1;0;1,0;1;0,2879;0,4399;0,2722
16110;2020-07-11;T19-20;E0;Norwich;West Ham;0;4;2,0;1;0,2608;0,4116;0,3275
57790;2020-07-11;T19-20;SP2;Cadiz;Fuenlabrada;0;1;2,0;1;0,2599;0,5423;0,1978
35207;2020-07-11;T19-20;I1;Lazio;Sassuolo;1;2;2,0;1;0,1921;0,7075;0,1005
35208;2020-07-11;T19-20;I1;Brescia;Roma;0;3;2,0;2;0,2175;0,1777;0,6048
35209;2020-07-11;T19-20;I1;Juventus;Atalanta;2;2;0,0;1;0,1844;0,7366;0,079
45349;2020-07-11;T19-20;SP1;Ath Madrid;Betis;1;0;1,0;1;0,2121;0,6875;0,1004
45348;2020-07-11;T19-20;SP1;Valladolid;Barcelona;0;1;2,0;2;0,1356;0,1052;0,7592
45347;2020-07-11;T19-20;SP1;Osasuna;Celta;2;1;1,0;1;0,274;0,3919;0,3342
45351;2020-07-12;T19-20;SP1;Levante;Ath Bilbao;1;2;2,0;1;0,2597;0,3811;0,3593
16118;2020-07-12;T19-20;E0;Bournemouth;Leicester;4;1;1,0;1;0,2872;0,3857;0,3271
16117;2020-07-12;T19-20;E0;Tottenham;Arsenal;2;1;1,0;2;0,2924;0,2587;0,4489
16116;2020-07-12;T19-20;E0;Aston Villa;Crystal Palace;2;0;1,0;1;0,2792;0,3987;0,3221
16115;2020-07-12;T19-20;E0;Wolves;Everton;3;0;1,0;1;0,2774;0,3782;0,3443
35210;2020-07-12;T19-20;I1;Genoa;Spal;2;0;1,0;1;0,2893;0,4347;0,276
35211;2020-07-12;T19-20;I1;Cagliari;Lecce;0;0;0,0;1;0,2716;0,3984;0,33
35212;2020-07-12;T19-20;I1;Fiorentina;Verona;1;1;0,0;1;0,225;0,6434;0,1315
35215;2020-07-12;T19-20;I1;Napoli;Milan;2;2;0,0;2;0,279;0,3153;0,4058
45350;2020-07-12;T19-20;SP1;Espanol;Eibar;0;2;2,0;1;0,2875;0,4425;0,27
35214;2020-07-12;T19-20;I1;Udinese;Sampdoria;1;3;2,0;1;0,2479;0,5016;0,2504
57791;2020-07-12;T19-20;SP2;La Coruna;Extremadura;2;3;2,0;1;0,2654;0,5359;0,1988
57792;2020-07-12;T19-20;SP2;Lugo;Girona;2;2;0,0;1;0,2822;0,4733;0,2445
57793;2020-07-12;T19-20;SP2;Numancia;Ponferradina;1;0;1,0;1;0,2429;0,5707;0,1864
57794;2020-07-12;T19-20;SP2;Zaragoza;Oviedo;2;4;2,0;1;0,2599;0,5503;0,1898
45353;2020-07-12;T19-20;SP1;Sevilla;Mallorca;2;0;1,0;1;0,2074;0,6901;0,1025
45352;2020-07-12;T19-20;SP1;Leganes;Valencia;1;0;1,0;2;0,2416;0,2261;0,5324
35213;2020-07-12;T19-20;I1;Parma;Bologna;2;2;0,0;1;0,2462;0,5305;0,2233
45355;2020-07-13;T19-20;SP1;Villarreal;Sociedad;1;2;2,0;1;0,2155;0,6642;0,1203
45356;2020-07-13;T19-20;SP1;Granada;Real Madrid;1;2;2,0;2;0,1427;0,1185;0,7388
45354;2020-07-13;T19-20;SP1;Alaves;Getafe;0;0;0,0;1;0,2737;0,4012;0,325
57796;2020-07-13;T19-20;SP2;Sp Gijon;Malaga;2;1;1,0;1;0,2643;0,5669;0,1688
57798;2020-07-13;T19-20;SP2;Elche;Albacete;2;0;1,0;1;0,2433;0,56;0,1967
57797;2020-07-13;T19-20;SP2;Alcorcon;Tenerife;0;0;0,0;1;0,2545;0,5606;0,1849
57795;2020-07-13;T19-20;SP2;Almeria;Vallecano;3;2;1,0;1;0,251;0,5518;0,1972
35216;2020-07-13;T19-20;I1;Inter;Torino;3;1;1,0;1;0,2011;0,7066;0,0923
16119;2020-07-13;T19-20;E0;Man United;Southampton;2;2;0,0;1;0,1831;0,7367;0,0802
35217;2020-07-14;T19-20;I1;Atalanta;Brescia;6;2;1,0;1;0,2502;0,5188;0,231
16120;2020-07-14;T19-20;E0;Chelsea;Norwich;1;0;1,0;1;0,1918;0,7198;0,0883
35219;2020-07-15;T19-20;I1;Milan;Parma;3;1;1,0;1;0,2042;0,6986;0,0972
16121;2020-07-15;T19-20;E0;Burnley;Wolves;1;1;0,0;1;0,2748;0,3941;0,3311
16124;2020-07-15;T19-20;E0;Arsenal;Liverpool;2;1;1,0;1;0,3243;0,4403;0,2355
16123;2020-07-15;T19-20;E0;Newcastle;Tottenham;1;3;2,0;2;0,2782;0,3424;0,3794
35224;2020-07-15;T19-20;I1;Udinese;Lazio;0;0;0,0;2;0,2657;0,2891;0,4452
35223;2020-07-15;T19-20;I1;Sassuolo;Juventus;3;3;0,0;2;0,1498;0,1195;0,7306
35222;2020-07-15;T19-20;I1;Roma;Verona;2;1;1,0;1;0,1998;0,7081;0,0921
35221;2020-07-15;T19-20;I1;Lecce;Fiorentina;1;3;2,0;2;0,2613;0,3066;0,4321
16122;2020-07-15;T19-20;E0;Man City;Bournemouth;2;1;1,0;1;0,2037;0,7047;0,0916
35220;2020-07-15;T19-20;I1;Sampdoria;Cagliari;3;0;1,0;1;0,2367;0,5764;0,1869
35218;2020-07-15;T19-20;I1;Bologna;Napoli;1;1;0,0;2;0,2265;0,2473;0,5262
35226;2020-07-16;T19-20;I1;Spal;Inter;0;4;2,0;2;0,2174;0,178;0,6045
35225;2020-07-16;T19-20;I1;Torino;Genoa;3;0;1,0;1;0,2752;0,4092;0,3156
45366;2020-07-16;T19-20;SP1;Valencia;Espanol;1;0;1,0;1;0,2261;0,6595;0,1144
45365;2020-07-16;T19-20;SP1;Sociedad;Sevilla;0;0;0,0;1;0,282;0,4066;0,3114
45364;2020-07-16;T19-20;SP1;Real Madrid;Villarreal;2;1;1,0;1;0,1871;0,7332;0,0797
45363;2020-07-16;T19-20;SP1;Mallorca;Granada;1;2;2,0;1;0,2599;0,4827;0,2573
45362;2020-07-16;T19-20;SP1;Getafe;Ath Madrid;0;2;2,0;2;0,2351;0,2618;0,5031
45360;2020-07-16;T19-20;SP1;Betis;Alaves;1;2;2,0;1;0,2848;0,4304;0,2848
45359;2020-07-16;T19-20;SP1;Barcelona;Osasuna;1;2;2,0;1;0,1694;0,7547;0,0759
45357;2020-07-16;T19-20;SP1;Eibar;Valladolid;3;1;1,0;1;0,2765;0,4252;0,2983
16125;2020-07-16;T19-20;E0;Everton;Aston Villa;1;1;0,0;1;0,2275;0,6284;0,144
16126;2020-07-16;T19-20;E0;Leicester;Sheffield United;2;0;1,0;1;0,281;0,4781;0,2409
16127;2020-07-16;T19-20;E0;Crystal Palace;Man United;0;2;2,0;2;0,1599;0,1327;0,7074
16128;2020-07-16;T19-20;E0;Southampton;Brighton;1;1;0,0;1;0,2896;0,4483;0,262
45358;2020-07-16;T19-20;SP1;Ath Bilbao;Leganes;0;2;2,0;1;0,2473;0,5702;0,1824
45361;2020-07-16;T19-20;SP1;Celta;Levante;2;3;2,0;1;0,2586;0,5005;0,241
57801;2020-07-17;T19-20;SP2;Fuenlabrada;Elche;3;1;1,0;1;0,2759;0,4576;0,2665
57806;2020-07-17;T19-20;SP2;Oviedo;Santander;1;0;1,0;1;0,271;0,5199;0,2091
57807;2020-07-17;T19-20;SP2;Ponferradina;Almeria;2;1;1,0;1;0,2782;0,4902;0,2316
57805;2020-07-17;T19-20;SP2;Mirandes;La Coruna;1;0;1,0;2;0,3002;0,3333;0,3664
57804;2020-07-17;T19-20;SP2;Malaga;Alcorcon;2;0;1,0;1;0,2716;0,5203;0,208
57803;2020-07-17;T19-20;SP2;Huesca;Numancia;3;0;1,0;1;0,2531;0,5067;0,2402
57802;2020-07-17;T19-20;SP2;Girona;Cadiz;2;1;1,0;1;0,2596;0,5075;0,2329
57808;2020-07-17;T19-20;SP2;Tenerife;Lugo;1;2;2,0;1;0,2374;0,573;0,1897
57809;2020-07-17;T19-20;SP2;Vallecano;Las Palmas;2;2;0,0;1;0,2495;0,5437;0,2068
57799;2020-07-17;T19-20;SP2;Albacete;Zaragoza;4;1;1,0;1;0,2991;0,388;0,3129
57800;2020-07-17;T19-20;SP2;Extremadura;Sp Gijon;2;0;1,0;2;0,2874;0,2929;0,4197
16129;2020-07-17;T19-20;E0;West Ham;Watford;3;1;1,0;1;0,2755;0,3931;0,3314
16130;2020-07-18;T19-20;E0;Norwich;Burnley;0;2;2,0;1;0,2633;0,388;0,3487
35229;2020-07-18;T19-20;I1;Milan;Bologna;5;1;1,0;1;0,2087;0,6912;0,1001
35228;2020-07-18;T19-20;I1;Cagliari;Sassuolo;1;1;0,0;1;0,2826;0,388;0,3294
35227;2020-07-18;T19-20;I1;Verona;Atalanta;1;1;0,0;1;0,2724;0,3916;0,336
45374;2020-07-19;T19-20;SP1;Levante;Getafe;1;0;1,0;1;0,2608;0,3845;0,3547
16132;2020-07-19;T19-20;E0;Tottenham;Leicester;3;0;1,0;1;0,1893;0,7113;0,0994
16131;2020-07-19;T19-20;E0;Bournemouth;Southampton;0;2;2,0;1;0,278;0,3949;0,3271
35234;2020-07-19;T19-20;I1;Napoli;Udinese;2;1;1,0;1;0,2076;0,6921;0,1003
45376;2020-07-19;T19-20;SP1;Sevilla;Valencia;1;0;1,0;1;0,2579;0,4511;0,2909
35230;2020-07-19;T19-20;I1;Parma;Sampdoria;2;3;2,0;1;0,2463;0,5093;0,2445
35231;2020-07-19;T19-20;I1;Brescia;Spal;2;1;1,0;1;0,2825;0,3839;0,3337
45375;2020-07-19;T19-20;SP1;Osasuna;Mallorca;2;2;0,0;1;0,2687;0,3895;0,3419
35232;2020-07-19;T19-20;I1;Fiorentina;Torino;2;0;1,0;1;0,2247;0,6457;0,1295
45367;2020-07-19;T19-20;SP1;Alaves;Barcelona;0;5;2,0;2;0,133;0,1007;0,7663
35235;2020-07-19;T19-20;I1;Roma;Inter;2;2;0,0;1;0,3189;0,4305;0,2506
45369;2020-07-19;T19-20;SP1;Villarreal;Eibar;4;0;1,0;1;0,1958;0,6944;0,1099
45370;2020-07-19;T19-20;SP1;Ath Madrid;Sociedad;1;1;0,0;1;0,2108;0,691;0,0982
45371;2020-07-19;T19-20;SP1;Espanol;Celta;0;0;0,0;1;0,2834;0,4173;0,2993
45372;2020-07-19;T19-20;SP1;Granada;Ath Bilbao;4;0;1,0;1;0,2575;0,3805;0,362
45373;2020-07-19;T19-20;SP1;Leganes;Real Madrid;2;2;0,0;2;0,1399;0,109;0,7511
35233;2020-07-19;T19-20;I1;Genoa;Lecce;2;1;1,0;1;0,2772;0,4372;0,2856
45368;2020-07-19;T19-20;SP1;Valladolid;Betis;2;0;1,0;1;0,2666;0,3865;0,3469
16133;2020-07-20;T19-20;E0;Brighton;Newcastle;0;0;0,0;1;0,2742;0,4043;0,3215
16134;2020-07-20;T19-20;E0;Sheffield United;Everton;0;1;2,0;1;0,2917;0,4437;0,2646
57819;2020-07-20;T19-20;SP2;Zaragoza;Ponferradina;2;1;1,0;1;0,2465;0,5499;0,2036
57818;2020-07-20;T19-20;SP2;Sp Gijon;Huesca;0;1;2,0;1;0,2227;0,6551;0,1223
57817;2020-07-20;T19-20;SP2;Santander;Vallecano;1;2;2,0;1;0,3012;0,4024;0,2965
57816;2020-07-20;T19-20;SP2;Numancia;Tenerife;2;1;1,0;1;0,2419;0,5723;0,1858
57814;2020-07-20;T19-20;SP2;Elche;Oviedo;2;1;1,0;1;0,259;0,5526;0,1884
57813;2020-07-20;T19-20;SP2;Cadiz;Albacete;0;1;2,0;1;0,2414;0,5695;0,1892
57815;2020-07-20;T19-20;SP2;Lugo;Mirandes;2;1;1,0;1;0,2786;0,4818;0,2396
57811;2020-07-20;T19-20;SP2;Alcorcon;Girona;2;0;1,0;1;0,2591;0,5509;0,19
57810;2020-07-20;T19-20;SP2;Las Palmas;Extremadura;5;1;1,0;1;0,2601;0,5499;0,19
35236;2020-07-20;T19-20;I1;Juventus;Lazio;2;1;1,0;1;0,2545;0,5925;0,1529
16135;2020-07-20;T19-20;E0;Wolves;Crystal Palace;2;0;1,0;1;0,2715;0,3912;0,3373
57812;2020-07-20;T19-20;SP2;Almeria;Malaga;0;0;0,0;1;0,2542;0,5362;0,2096
35237;2020-07-21;T19-20;I1;Atalanta;Bologna;1;0;1,0;1;0,244;0,5519;0,2041
16137;2020-07-21;T19-20;E0;Aston Villa;Arsenal;1;0;1,0;2;0,1922;0,1532;0,6547
16136;2020-07-21;T19-20;E0;Watford;Man City;0;4;2,0;2;0,2253;0,2218;0,5528
35238;2020-07-21;T19-20;I1;Sassuolo;Milan;1;2;2,0;2;0,2191;0,1785;0,6023
35244;2020-07-22;T19-20;I1;Torino;Verona;1;1;0,0;1;0,2733;0,4054;0,3213
35242;2020-07-22;T19-20;I1;Sampdoria;Genoa;1;2;2,0;1;0,2461;0,5454;0,2085
35241;2020-07-22;T19-20;I1;Lecce;Brescia;3;1;1,0;1;0,2496;0,3885;0,3619
35240;2020-07-22;T19-20;I1;Inter;Fiorentina;0;0;0,0;1;0,2296;0,6483;0,1221
35239;2020-07-22;T19-20;I1;Parma;Napoli;2;1;1,0;2;0,2428;0,2725;0,4847
35243;2020-07-22;T19-20;I1;Spal;Roma;1;6;2,0;2;0,217;0,1782;0,6048
16138;2020-07-22;T19-20;E0;Man United;West Ham;1;1;0,0;1;0,1923;0,7197;0,0881
16139;2020-07-22;T19-20;E0;Liverpool;Chelsea;5;3;1,0;1;0,3416;0,3671;0,2913
35245;2020-07-23;T19-20;I1;Udinese;Juventus;2;1;1,0;2;0,1474;0,135;0,7176
35246;2020-07-23;T19-20;I1;Lazio;Cagliari;2;1;1,0;1;0,1976;0,6974;0,105
35247;2020-07-24;T19-20;I1;Milan;Atalanta;1;1;0,0;1;0,202;0,708;0,09
35248;2020-07-25;T19-20;I1;Brescia;Parma;1;2;2,0;1;0,2694;0,3907;0,3399
35249;2020-07-25;T19-20;I1;Genoa;Inter;0;3;2,0;2;0,2156;0,1785;0,6059
35250;2020-07-25;T19-20;I1;Napoli;Sassuolo;2;0;1,0;1;0,1926;0,7066;0,1008
16140;2020-07-26;T19-20;E0;Arsenal;Watford;3;2;1,0;1;0,19;0,7257;0,0843
16141;2020-07-26;T19-20;E0;Burnley;Brighton;1;2;2,0;1;0,2815;0,3845;0,334
16144;2020-07-26;T19-20;E0;Everton;Bournemouth;1;3;2,0;1;0,2314;0,636;0,1327
16143;2020-07-26;T19-20;E0;Crystal Palace;Tottenham;1;1;0,0;2;0,2325;0,2089;0,5585
16145;2020-07-26;T19-20;E0;Leicester;Man United;0;2;2,0;2;0,1553;0,1336;0,7111
16146;2020-07-26;T19-20;E0;Man City;Norwich;5;0;1,0;1;0,2062;0,6948;0,0991
16147;2020-07-26;T19-20;E0;Newcastle;Liverpool;1;3;2,0;2;0,2089;0,1929;0,5982
16142;2020-07-26;T19-20;E0;Chelsea;Wolves;2;0;1,0;1;0,1895;0,7283;0,0823
16148;2020-07-26;T19-20;E0;Southampton;Sheffield United;3;1;1,0;1;0,2854;0,4609;0,2537
16149;2020-07-26;T19-20;E0;West Ham;Aston Villa;1;1;0,0;1;0,2708;0,3962;0,333
35254;2020-07-26;T19-20;I1;Spal;Torino;1;1;0,0;1;0,2703;0,3872;0,3425
35251;2020-07-26;T19-20;I1;Bologna;Lecce;3;2;1,0;1;0,266;0,3934;0,3406
35252;2020-07-26;T19-20;I1;Cagliari;Udinese;0;1;2,0;1;0,2689;0,3889;0,3422
35253;2020-07-26;T19-20;I1;Roma;Fiorentina;2;1;1,0;1;0,2276;0,6513;0,1212
35255;2020-07-26;T19-20;I1;Verona;Lazio;1;5;2,0;2;0,2273;0,2228;0,5499
35256;2020-07-26;T19-20;I1;Juventus;Sampdoria;2;0;1,0;1;0,1846;0,7334;0,082
35257;2020-07-28;T19-20;I1;Parma;Atalanta;1;2;2,0;1;0,2539;0,5043;0,2418
35258;2020-07-28;T19-20;I1;Inter;Napoli;2;0;1,0;1;0,2764;0,5208;0,2028
35263;2020-07-29;T19-20;I1;Verona;Spal;3;0;1,0;1;0,2797;0,3783;0,342
35259;2020-07-29;T19-20;I1;Lazio;Brescia;2;0;1,0;1;0,2077;0,6977;0,0946
35260;2020-07-29;T19-20;I1;Sampdoria;Milan;1;4;2,0;2;0,2288;0,2188;0,5524
35261;2020-07-29;T19-20;I1;Sassuolo;Genoa;5;0;1,0;1;0,2737;0,3994;0,3269
35264;2020-07-29;T19-20;I1;Cagliari;Juventus;2;0;1,0;2;0,1516;0,123;0,7255
35265;2020-07-29;T19-20;I1;Fiorentina;Bologna;4;0;1,0;1;0,2189;0,6433;0,1378
35266;2020-07-29;T19-20;I1;Torino;Roma;2;3;2,0;2;0,213;0,171;0,6159
35262;2020-07-29;T19-20;I1;Udinese;Lecce;1;2;2,0;1;0,2491;0,515;0,2358
35271;2020-08-01;T19-20;I1;Napoli;Lazio;3;1;1,0;1;0,2575;0,4546;0,2879
35270;2020-08-01;T19-20;I1;Milan;Cagliari;3;0;1,0;1;0,2162;0,6812;0,1026
35269;2020-08-01;T19-20;I1;Juventus;Roma;1;3;2,0;1;0,3155;0,4664;0,218
35268;2020-08-01;T19-20;I1;Atalanta;Inter;0;2;2,0;2;0,2241;0,2104;0,5655
35267;2020-08-01;T19-20;I1;Brescia;Sampdoria;1;1;0,0;1;0,2698;0,3862;0,344
35276;2020-08-02;T19-20;I1;Sassuolo;Udinese;0;1;2,0;1;0,2727;0,3979;0,3295
35275;2020-08-02;T19-20;I1;Lecce;Parma;3;4;2,0;1;0,2497;0,3887;0,3617
35274;2020-08-02;T19-20;I1;Genoa;Verona;3;0;1,0;1;0,2747;0,4196;0,3056
35273;2020-08-02;T19-20;I1;Bologna;Torino;1;1;0,0;1;0,2674;0,3859;0,3467
35272;2020-08-02;T19-20;I1;Spal;Fiorentina;1;3;2,0;2;0,2856;0,3146;0,3998
57820;2020-08-07;T19-20;SP2;La Coruna;Fuenlabrada;2;1;1,0;1;0,2846;0,4866;0,2288
26675;2020-08-21;T20-21;F1;Bordeaux;Nantes;0;0;0,0;1;0,2122;0,6727;0,1152
26676;2020-08-22;T20-21;F1;Dijon;Angers;0;1;2,0;1;0,2831;0,407;0,3099
26677;2020-08-22;T20-21;F1;Lille;Rennes;1;1;0,0;1;0,1938;0,704;0,1023
26680;2020-08-23;T20-21;F1;Nimes;Brest;4;0;1,0;1;0,291;0,4512;0,2578
26679;2020-08-23;T20-21;F1;Lorient;Strasbourg;3;1;1,0;1;0,262;0,4629;0,2751
26681;2020-08-23;T20-21;F1;Nice;Lens;2;1;1,0;1;0,2389;0,5714;0,1897
26678;2020-08-23;T20-21;F1;Monaco;Reims;2;2;0,0;1;0,2004;0,6881;0,1115
26682;2020-08-28;T20-21;F1;Lyon;Dijon;4;1;1,0;1;0,1979;0,714;0,0882
26684;2020-08-29;T20-21;F1;Strasbourg;Nice;0;2;2,0;1;0,2756;0,3951;0,3294
26683;2020-08-29;T20-21;F1;Rennes;Montpellier;2;1;1,0;1;0,2377;0,5741;0,1882
26686;2020-08-30;T20-21;F1;Angers;Bordeaux;0;2;2,0;2;0,293;0,3178;0,3892
26687;2020-08-30;T20-21;F1;Metz;Monaco;0;1;2,0;2;0,204;0,1975;0,5985
26689;2020-08-30;T20-21;F1;St Etienne;Lorient;2;0;1,0;1;0,2451;0,5698;0,185
26690;2020-08-30;T20-21;F1;Brest;Marseille;2;3;2,0;2;0,2515;0,238;0,5105
26685;2020-08-30;T20-21;F1;Reims;Lille;0;1;2,0;2;0,271;0,264;0,465
26688;2020-08-30;T20-21;F1;Nantes;Nimes;2;1;1,0;1;0,2795;0,4875;0,233
26691;2020-09-10;T20-21;F1;Lens;Paris SG;1;0;1,0;2;0,2182;0,204;0,5778
26692;2020-09-11;T20-21;F1;Bordeaux;Lyon;0;0;0,0;2;0,287;0,2694;0,4436
45379;2020-09-12;T20-21;SP1;Cadiz;Osasuna;0;2;2,0;1;0,2744;0,4443;0,2813
26693;2020-09-12;T20-21;F1;Montpellier;Nice;3;1;1,0;1;0,2511;0,5238;0,2251
26694;2020-09-12;T20-21;F1;St Etienne;Strasbourg;2;0;1,0;1;0,2484;0,5671;0,1845
57821;2020-09-12;T20-21;SP2;Ponferradina;Castellon;1;2;2,0;1;0,281;0,486;0,233
16150;2020-09-12;T20-21;E0;Fulham;Arsenal;0;3;2,0;2;0,1934;0,155;0,6516
45378;2020-09-12;T20-21;SP1;Granada;Ath Bilbao;2;0;1,0;1;0,2593;0,3818;0,3589
16152;2020-09-12;T20-21;E0;Liverpool;Leeds;4;3;1,0;1;0,2086;0,7012;0,0902
16153;2020-09-12;T20-21;E0;West Ham;Newcastle;0;2;2,0;1;0,2708;0,3981;0,3311
16151;2020-09-12;T20-21;E0;Crystal Palace;Southampton;1;0;1,0;1;0,2689;0,3894;0,3418
57823;2020-09-12;T20-21;SP2;Sp Gijon;Logrones;1;0;1,0;1;0,2516;0,5993;0,1491
57824;2020-09-12;T20-21;SP2;Espanol;Albacete;3;0;1,0;1;0,2751;0,4305;0,2944
57822;2020-09-12;T20-21;SP2;Leganes;Las Palmas;1;0;1,0;1;0,266;0,4823;0,2517
45377;2020-09-12;T20-21;SP1;Eibar;Celta;0;0;0,0;1;0,2834;0,4163;0,3003
57825;2020-09-13;T20-21;SP2;Oviedo;Cartagena;0;0;0,0;1;0,2696;0,5227;0,2077
57826;2020-09-13;T20-21;SP2;Mallorca;Vallecano;0;1;2,0;1;0,2973;0,4498;0,2529
45383;2020-09-13;T20-21;SP1;Valencia;Levante;4;2;1,0;1;0,2217;0,666;0,1123
57827;2020-09-13;T20-21;SP2;Fuenlabrada;Lugo;2;0;1,0;1;0,274;0,462;0,264
57828;2020-09-13;T20-21;SP2;Mirandes;Alcorcon;0;0;0,0;1;0,2905;0,4286;0,2809
45382;2020-09-13;T20-21;SP1;Villarreal;Huesca;1;1;0,0;1;0,2102;0,6758;0,114
45381;2020-09-13;T20-21;SP1;Valladolid;Sociedad;1;1;0,0;1;0,2688;0,3853;0,3459
45380;2020-09-13;T20-21;SP1;Alaves;Betis;0;1;2,0;1;0,2734;0,3989;0,3277
26697;2020-09-13;T20-21;F1;Dijon;Brest;0;2;2,0;1;0,2888;0,394;0,3172
26698;2020-09-13;T20-21;F1;Lorient;Lens;2;3;2,0;1;0,2701;0,4713;0,2586
26700;2020-09-13;T20-21;F1;Monaco;Nantes;2;1;1,0;1;0,2098;0,6786;0,1116
26699;2020-09-13;T20-21;F1;Nimes;Rennes;2;4;2,0;1;0,2902;0,4588;0,251
16155;2020-09-13;T20-21;E0;Tottenham;Everton;0;1;2,0;1;0,1919;0,7078;0,1003
16154;2020-09-13;T20-21;E0;West Brom;Leicester;0;3;2,0;2;0,2612;0,3578;0,381
57829;2020-09-13;T20-21;SP2;Tenerife;Malaga;2;0;1,0;1;0,2557;0,5337;0,2106
26695;2020-09-13;T20-21;F1;Lille;Metz;1;0;1,0;1;0,2021;0,6919;0,106
26696;2020-09-13;T20-21;F1;Angers;Reims;1;0;1,0;1;0,2908;0,4411;0,2681
26701;2020-09-13;T20-21;F1;Paris SG;Marseille;0;1;2,0;1;0,2611;0,567;0,172
16157;2020-09-14;T20-21;E0;Sheffield United;Wolves;0;2;2,0;1;0,2845;0,4329;0,2826
16156;2020-09-14;T20-21;E0;Brighton;Chelsea;1;3;2,0;2;0,1728;0,1381;0,6891
26702;2020-09-15;T20-21;F1;Montpellier;Lyon;2;1;1,0;2;0,2249;0,2104;0,5646
26703;2020-09-16;T20-21;F1;Paris SG;Metz;1;0;1,0;1;0,2053;0,6984;0,0963
26704;2020-09-17;T20-21;F1;Marseille;St Etienne;0;2;2,0;1;0,1843;0,7183;0,0974
6120;2020-09-18;T20-21;D1;Bayern Munich;Schalke 04;8;0;1,0;1;0,2209;0,664;0,1151
26705;2020-09-18;T20-21;F1;Lyon;Nimes;0;0;0,0;1;0,1992;0,7166;0,0843
35277;2020-09-19;T20-21;I1;Fiorentina;Torino;1;0;1,0;1;0,2229;0,6494;0,1277
16161;2020-09-19;T20-21;E0;Arsenal;West Ham;2;1;1,0;1;0,1993;0,7086;0,0921
6124;2020-09-19;T20-21;D1;Union Berlin;Augsburg;1;3;2,0;1;0,2844;0,4337;0,2819
6122;2020-09-19;T20-21;D1;FC Koln;Hoffenheim;2;3;2,0;1;0,2632;0,3749;0,3619
6123;2020-09-19;T20-21;D1;Stuttgart;Freiburg;2;3;2,0;1;0,2376;0,5977;0,1648
16159;2020-09-19;T20-21;E0;Leeds;Fulham;4;3;1,0;1;0,2557;0,51;0,2343
6125;2020-09-19;T20-21;D1;Werder Bremen;Hertha;1;4;2,0;1;0,2311;0,6274;0,1415
6126;2020-09-19;T20-21;D1;Dortmund;M'gladbach;3;0;1,0;1;0,2026;0,7033;0,0941
35278;2020-09-19;T20-21;I1;Verona;Roma;0;0;0,0;2;0,2155;0,1777;0,6068
45386;2020-09-19;T20-21;SP1;Celta;Valencia;2;1;1,0;2;0,2578;0,2651;0,4771
45385;2020-09-19;T20-21;SP1;Getafe;Osasuna;1;0;1,0;1;0,2525;0,5156;0,232
45384;2020-09-19;T20-21;SP1;Villarreal;Eibar;2;1;1,0;1;0,1882;0,7078;0,104
16158;2020-09-19;T20-21;E0;Everton;West Brom;5;2;1,0;1;0,2137;0,6411;0,1451
6121;2020-09-19;T20-21;D1;Ein Frankfurt;Bielefeld;1;1;0,0;1;0,2794;0,3986;0,322
57830;2020-09-19;T20-21;SP2;Mirandes;Oviedo;1;1;0,0;1;0,2886;0,4313;0,2801
16160;2020-09-19;T20-21;E0;Man United;Crystal Palace;1;3;2,0;1;0,1829;0,7386;0,0784
57832;2020-09-19;T20-21;SP2;Castellon;Malaga;0;1;2,0;1;0,2979;0,4446;0,2576
57831;2020-09-19;T20-21;SP2;Alcorcon;Tenerife;2;0;1,0;1;0,2558;0,5535;0,1907
26706;2020-09-19;T20-21;F1;Lens;Bordeaux;2;1;1,0;1;0,286;0,403;0,311
26707;2020-09-19;T20-21;F1;Rennes;Monaco;2;1;1,0;1;0,2685;0,4015;0,3301
57833;2020-09-19;T20-21;SP2;Vallecano;Sabadell;2;1;1,0;1;0,2527;0,5407;0,2066
45388;2020-09-20;T20-21;SP1;Betis;Valladolid;2;0;1,0;1;0,277;0,4375;0,2855
45387;2020-09-20;T20-21;SP1;Huesca;Cadiz;0;2;2,0;1;0,287;0,4232;0,2898
26714;2020-09-20;T20-21;F1;Marseille;Lille;1;1;0,0;1;0,2476;0,5047;0,2477
26713;2020-09-20;T20-21;F1;Nantes;St Etienne;2;2;0,0;1;0,2867;0,4774;0,2359
26712;2020-09-20;T20-21;F1;Strasbourg;Dijon;1;0;1,0;1;0,2748;0,3929;0,3323
26711;2020-09-20;T20-21;F1;Montpellier;Angers;4;1;1,0;1;0,2613;0,5468;0,1919
26710;2020-09-20;T20-21;F1;Metz;Reims;2;1;1,0;2;0,2597;0,3563;0,3841
35280;2020-09-20;T20-21;I1;Genoa;Crotone;4;1;1,0;1;0,2891;0,4409;0,27
35281;2020-09-20;T20-21;I1;Sassuolo;Cagliari;1;1;0,0;1;0,2691;0,4416;0,2893
45389;2020-09-20;T20-21;SP1;Granada;Alaves;2;1;1,0;1;0,2661;0,3888;0,345
35279;2020-09-20;T20-21;I1;Parma;Napoli;0;2;2,0;2;0,2446;0,2735;0,4819
16162;2020-09-20;T20-21;E0;Southampton;Tottenham;2;5;2,0;2;0,2719;0,2798;0,4483
16163;2020-09-20;T20-21;E0;Newcastle;Brighton;0;3;2,0;1;0,2697;0,5235;0,2068
16164;2020-09-20;T20-21;E0;Chelsea;Liverpool;0;2;2,0;1;0,3243;0,4412;0,2345
16165;2020-09-20;T20-21;E0;Leicester;Burnley;4;2;1,0;1;0,2749;0,4524;0,2727
35282;2020-09-20;T20-21;I1;Juventus;Sampdoria;3;0;1,0;1;0,1849;0,7326;0,0825
26708;2020-09-20;T20-21;F1;Nice;Paris SG;0;3;2,0;2;0,2504;0,2536;0,496
45390;2020-09-20;T20-21;SP1;Sociedad;Real Madrid;0;0;0,0;2;0,1568;0,1441;0,6991
26709;2020-09-20;T20-21;F1;Brest;Lorient;3;2;1,0;1;0,2741;0,4062;0,3197
57834;2020-09-20;T20-21;SP2;Lugo;Leganes;2;1;1,0;1;0,2874;0,4658;0,2468
57835;2020-09-20;T20-21;SP2;Espanol;Mallorca;0;0;0,0;1;0,2895;0,4526;0,2579
57836;2020-09-20;T20-21;SP2;Albacete;Ponferradina;0;2;2,0;1;0,2658;0,4811;0,2532
57837;2020-09-20;T20-21;SP2;Cartagena;Sp Gijon;0;1;2,0;2;0,2972;0,3267;0,3761
6128;2020-09-20;T20-21;D1;Wolfsburg;Leverkusen;0;0;0,0;2;0,2701;0,3353;0,3946
57838;2020-09-20;T20-21;SP2;Las Palmas;Fuenlabrada;3;3;0,0;1;0,2765;0,5154;0,2082
6127;2020-09-20;T20-21;D1;RB Leipzig;Mainz;3;1;1,0;1;0,2451;0,5473;0,2076
35283;2020-09-21;T20-21;I1;Milan;Bologna;2;0;1,0;1;0,2092;0,6907;0,1001
16166;2020-09-21;T20-21;E0;Aston Villa;Sheffield United;1;0;1,0;1;0,2827;0,4057;0,3116
16167;2020-09-21;T20-21;E0;Wolves;Man City;1;3;2,0;2;0,2241;0,2195;0,5564
26715;2020-09-25;T20-21;F1;Lille;Nantes;2;0;1,0;1;0,2078;0,6946;0,0976
6129;2020-09-25;T20-21;D1;Hertha;Ein Frankfurt;1;3;2,0;1;0,2473;0,5242;0,2286
6134;2020-09-26;T20-21;D1;M'gladbach;Union Berlin;1;1;0,0;1;0,243;0,5797;0,1773
6130;2020-09-26;T20-21;D1;Augsburg;Dortmund;2;0;1,0;2;0,2224;0,1953;0,5823
26717;2020-09-26;T20-21;F1;Marseille;Metz;1;1;0,0;1;0,2016;0,6934;0,105
6131;2020-09-26;T20-21;D1;Bielefeld;FC Koln;1;0;1,0;1;0,2736;0,4172;0,3092
6132;2020-09-26;T20-21;D1;Leverkusen;RB Leipzig;1;1;0,0;1;0,2459;0,5134;0,2407
45391;2020-09-26;T20-21;SP1;Alaves;Getafe;0;0;0,0;1;0,2733;0,398;0,3287
45392;2020-09-26;T20-21;SP1;Valencia;Huesca;1;1;0,0;1;0,2154;0,6864;0,0982
26716;2020-09-26;T20-21;F1;St Etienne;Rennes;0;3;2,0;1;0,2505;0,5647;0,1848
57842;2020-09-26;T20-21;SP2;Sp Gijon;Girona;2;0;1,0;1;0,2204;0,6598;0,1198
57839;2020-09-26;T20-21;SP2;Zaragoza;Las Palmas;2;2;0,0;1;0,2477;0,5503;0,2021
57841;2020-09-26;T20-21;SP2;Malaga;Alcorcon;1;0;1,0;1;0,2713;0,5217;0,207
6133;2020-09-26;T20-21;D1;Mainz;Stuttgart;1;4;2,0;1;0,2811;0,4716;0,2473
45393;2020-09-26;T20-21;SP1;Elche;Sociedad;0;3;2,0;1;0,2721;0,397;0,3309
16168;2020-09-26;T20-21;E0;Brighton;Man United;2;3;2,0;2;0,157;0,1257;0,7173
16169;2020-09-26;T20-21;E0;Crystal Palace;Everton;1;2;2,0;1;0,2766;0,3776;0,3457
16170;2020-09-26;T20-21;E0;West Brom;Chelsea;3;3;0,0;2;0,1792;0,1709;0,6499
16171;2020-09-26;T20-21;E0;Burnley;Southampton;0;1;2,0;1;0,2745;0,392;0,3335
35287;2020-09-26;T20-21;I1;Inter;Fiorentina;4;3;1,0;1;0,2277;0,6404;0,1319
35286;2020-09-26;T20-21;I1;Sampdoria;Benevento;2;3;2,0;1;0,2639;0,5398;0,1963
35285;2020-09-26;T20-21;I1;Cagliari;Lazio;0;2;2,0;2;0,234;0,2261;0,5399
35284;2020-09-26;T20-21;I1;Torino;Atalanta;2;4;2,0;1;0,2824;0,4118;0,3058
57843;2020-09-26;T20-21;SP2;Fuenlabrada;Albacete;1;0;1,0;1;0,2623;0,4597;0,278
45394;2020-09-26;T20-21;SP1;Betis;Real Madrid;2;3;2,0;2;0,1407;0,1124;0,7469
57840;2020-09-26;T20-21;SP2;Logrones;Castellon;1;1;0,0;1;0,2876;0,4507;0,2617
6135;2020-09-26;T20-21;D1;Schalke 04;Werder Bremen;1;3;2,0;1;0,2327;0,5984;0,1689
26718;2020-09-27;T20-21;F1;Bordeaux;Nice;0;0;0,0;1;0,2124;0,6744;0,1133
35290;2020-09-27;T20-21;I1;Verona;Udinese;1;0;1,0;1;0,2652;0,384;0,3509
57849;2020-09-27;T20-21;SP2;Leganes;Cartagena;3;1;1,0;1;0,2761;0,5075;0,2164
26724;2020-09-27;T20-21;F1;Reims;Paris SG;0;2;2,0;2;0,2163;0,1769;0,6069
26723;2020-09-27;T20-21;F1;Lorient;Lyon;1;1;0,0;2;0,2094;0,1823;0,6083
26722;2020-09-27;T20-21;F1;Nimes;Lens;1;1;0,0;1;0,281;0,4461;0,273
26721;2020-09-27;T20-21;F1;Monaco;Strasbourg;3;2;1,0;1;0,2098;0,676;0,1142
26720;2020-09-27;T20-21;F1;Dijon;Montpellier;2;2;0,0;1;0,2793;0,3989;0,3218
26719;2020-09-27;T20-21;F1;Angers;Brest;3;2;1,0;1;0,2915;0,4416;0,2669
57848;2020-09-27;T20-21;SP2;Tenerife;Mirandes;1;2;2,0;1;0,2272;0,6008;0,172
6136;2020-09-27;T20-21;D1;Hoffenheim;Bayern Munich;4;1;1,0;2;0,1433;0,1297;0,727
6137;2020-09-27;T20-21;D1;Freiburg;Wolfsburg;1;1;0,0;1;0,273;0,4007;0,3263
57847;2020-09-27;T20-21;SP2;Ponferradina;Vallecano;3;0;1,0;1;0,299;0,4325;0,2684
57846;2020-09-27;T20-21;SP2;Oviedo;Espanol;0;2;2,0;1;0,2902;0,4735;0,2364
57845;2020-09-27;T20-21;SP2;Mallorca;Sabadell;1;0;1,0;1;0,268;0,4773;0,2547
57844;2020-09-27;T20-21;SP2;Lugo;Almeria;0;2;2,0;1;0,2813;0,4791;0,2395
35292;2020-09-27;T20-21;I1;Roma;Juventus;2;2;0,0;2;0,3491;0,3011;0,3498
35288;2020-09-27;T20-21;I1;Spezia;Sassuolo;1;4;2,0;1;0,2895;0,4463;0,2642
35289;2020-09-27;T20-21;I1;Napoli;Genoa;6;0;1,0;1;0,2063;0,6928;0,1009
16172;2020-09-27;T20-21;E0;Sheffield United;Leeds;0;1;2,0;1;0,2955;0,4211;0,2835
16173;2020-09-27;T20-21;E0;Tottenham;Newcastle;1;1;0,0;1;0,2046;0,6943;0,1011
35291;2020-09-27;T20-21;I1;Crotone;Milan;0;2;2,0;2;0,2176;0,1765;0,6059
16175;2020-09-27;T20-21;E0;West Ham;Wolves;4;0;1,0;1;0,275;0,3943;0,3307
45395;2020-09-27;T20-21;SP1;Osasuna;Levante;1;3;2,0;1;0,2689;0,4118;0,3193
45396;2020-09-27;T20-21;SP1;Eibar;Ath Bilbao;1;2;2,0;1;0,2753;0,4152;0,3095
16174;2020-09-27;T20-21;E0;Man City;Leicester;2;5;2,0;1;0,203;0,7066;0,0904
45400;2020-09-27;T20-21;SP1;Barcelona;Villarreal;4;0;1,0;1;0,1782;0,7462;0,0756
45399;2020-09-27;T20-21;SP1;Valladolid;Celta;1;1;0,0;1;0,2734;0,3912;0,3354
45397;2020-09-27;T20-21;SP1;Ath Madrid;Granada;6;1;1,0;1;0,2121;0,6872;0,1008
45398;2020-09-27;T20-21;SP1;Cadiz;Sevilla;1;3;2,0;2;0,2762;0,2656;0,4582
16177;2020-09-28;T20-21;E0;Liverpool;Arsenal;3;1;1,0;1;0,3337;0,4021;0,2643
16176;2020-09-28;T20-21;E0;Fulham;Aston Villa;0;3;2,0;1;0,2711;0,3964;0,3325
35293;2020-09-28;T20-21;I1;Bologna;Parma;4;1;1,0;1;0,2648;0,3864;0,3488
45402;2020-09-29;T20-21;SP1;Getafe;Betis;3;0;1,0;1;0,2546;0,491;0,2543
45401;2020-09-29;T20-21;SP1;Sociedad;Valencia;0;1;2,0;2;0,2709;0,3261;0,403
35294;2020-09-30;T20-21;I1;Benevento;Inter;2;5;2,0;2;0,2139;0,1714;0,6147
35295;2020-09-30;T20-21;I1;Udinese;Spezia;0;2;2,0;1;0,2876;0,4821;0,2303
35296;2020-09-30;T20-21;I1;Lazio;Atalanta;1;4;2,0;1;0,2052;0,701;0,0938
45403;2020-09-30;T20-21;SP1;Huesca;Ath Madrid;0;0;0,0;2;0,2407;0,237;0,5223
45404;2020-09-30;T20-21;SP1;Villarreal;Alaves;3;1;1,0;1;0,2151;0,6681;0,1168
45405;2020-09-30;T20-21;SP1;Eibar;Elche;0;1;2,0;1;0,2858;0,4279;0,2863
45406;2020-09-30;T20-21;SP1;Real Madrid;Valladolid;1;0;1,0;1;0,1736;0,748;0,0784
45409;2020-10-01;T20-21;SP1;Celta;Barcelona;0;3;2,0;2;0,1306;0,1089;0,7605
45407;2020-10-01;T20-21;SP1;Ath Bilbao;Cadiz;0;1;2,0;1;0,2554;0,5617;0,1828
45408;2020-10-01;T20-21;SP1;Sevilla;Levante;1;0;1,0;1;0,202;0,6923;0,1057
6138;2020-10-02;T20-21;D1;Union Berlin;Mainz;4;0;1,0;1;0,2748;0,4229;0,3023
35297;2020-10-02;T20-21;I1;Fiorentina;Sampdoria;1;2;2,0;1;0,2227;0,6489;0,1284
26725;2020-10-02;T20-21;F1;Paris SG;Angers;6;1;1,0;1;0,1973;0,7195;0,0832
35299;2020-10-03;T20-21;I1;Udinese;Roma;0;1;2,0;2;0,2079;0,1907;0,6014
6144;2020-10-03;T20-21;D1;RB Leipzig;Schalke 04;4;0;1,0;1;0,281;0,4047;0,3143
16178;2020-10-03;T20-21;E0;Chelsea;Crystal Palace;4;0;1,0;1;0,1893;0,7289;0,0818
16179;2020-10-03;T20-21;E0;Everton;Brighton;4;2;1,0;1;0,2267;0,6463;0,127
16180;2020-10-03;T20-21;E0;Leeds;Man City;1;1;0,0;2;0,2165;0,2297;0,5538
35298;2020-10-03;T20-21;I1;Sassuolo;Crotone;4;1;1,0;1;0,2861;0,4023;0,3115
16181;2020-10-03;T20-21;E0;Newcastle;Burnley;3;1;1,0;1;0,2482;0,503;0,2488
6142;2020-10-03;T20-21;D1;Stuttgart;Leverkusen;1;1;0,0;2;0,2622;0,3109;0,4269
45412;2020-10-03;T20-21;SP1;Elche;Huesca;0;0;0,0;1;0,284;0,4114;0,3046
45413;2020-10-03;T20-21;SP1;Sociedad;Getafe;3;0;1,0;1;0,2459;0,5524;0,2016
45414;2020-10-03;T20-21;SP1;Valencia;Betis;0;2;2,0;1;0,2158;0,6775;0,1067
6143;2020-10-03;T20-21;D1;Werder Bremen;Bielefeld;1;0;1,0;1;0,2335;0,6187;0,1478
57855;2020-10-03;T20-21;SP2;Vallecano;Malaga;4;0;1,0;1;0,2802;0,4983;0,2215
57854;2020-10-03;T20-21;SP2;Las Palmas;Logrones;2;1;1,0;1;0,2738;0,524;0,2022
45411;2020-10-03;T20-21;SP1;Ath Madrid;Villarreal;0;0;0,0;1;0,2279;0,67;0,1021
57852;2020-10-03;T20-21;SP2;Albacete;Oviedo;1;1;0,0;1;0,2811;0,4938;0,2251
57853;2020-10-03;T20-21;SP2;Mallorca;Tenerife;2;0;1,0;1;0,2678;0,4839;0,2483
57850;2020-10-03;T20-21;SP2;Alcorcon;Zaragoza;0;0;0,0;1;0,286;0,459;0,255
26727;2020-10-03;T20-21;F1;Nice;Nantes;2;1;1,0;1;0,2388;0,5719;0,1893
26726;2020-10-03;T20-21;F1;Lens;St Etienne;2;0;1,0;1;0,2715;0,5263;0,2022
6139;2020-10-03;T20-21;D1;Dortmund;Freiburg;4;0;1,0;1;0,212;0,6867;0,1014
6140;2020-10-03;T20-21;D1;Ein Frankfurt;Hoffenheim;2;1;1,0;1;0,281;0,4051;0,3139
6141;2020-10-03;T20-21;D1;FC Koln;M'gladbach;1;3;2,0;1;0,2525;0,3853;0,3622
57851;2020-10-03;T20-21;SP2;Mirandes;Ponferradina;0;1;2,0;1;0,2842;0,4258;0,29
45410;2020-10-03;T20-21;SP1;Valladolid;Eibar;1;2;2,0;1;0,2701;0,3994;0,3306
35303;2020-10-04;T20-21;I1;Parma;Verona;1;0;1,0;1;0,2472;0,5082;0,2446
35304;2020-10-04;T20-21;I1;Milan;Spezia;3;0;1,0;1;0,2274;0,6676;0,1049
35302;2020-10-04;T20-21;I1;Lazio;Inter;1;1;0,0;2;0,2891;0,2942;0,4167
35301;2020-10-04;T20-21;I1;Benevento;Bologna;1;0;1,0;1;0,2735;0,4135;0,313
57859;2020-10-04;T20-21;SP2;Castellon;Leganes;2;0;1,0;1;0,2798;0,5013;0,2188
57858;2020-10-04;T20-21;SP2;Almeria;Sp Gijon;0;1;2,0;1;0,2617;0,4883;0,2499
57857;2020-10-04;T20-21;SP2;Sabadell;Espanol;0;1;2,0;1;0,3014;0,3897;0,3089
57856;2020-10-04;T20-21;SP2;Girona;Fuenlabrada;0;1;2,0;1;0,2529;0,5486;0,1985
35300;2020-10-04;T20-21;I1;Atalanta;Cagliari;5;2;1,0;1;0,2349;0,5806;0,1845
16187;2020-10-04;T20-21;E0;Aston Villa;Liverpool;7;2;1,0;2;0,2066;0,165;0,6284
57860;2020-10-04;T20-21;SP2;Cartagena;Lugo;2;1;1,0;1;0,2844;0,4307;0,2849
16186;2020-10-04;T20-21;E0;Man United;Tottenham;1;6;2,0;1;0,2396;0,6233;0,1371
45415;2020-10-04;T20-21;SP1;Osasuna;Celta;2;0;1,0;1;0,2738;0,3914;0,3348
16184;2020-10-04;T20-21;E0;Arsenal;Sheffield United;2;1;1,0;1;0,1907;0,7298;0,0794
26734;2020-10-04;T20-21;F1;Lyon;Marseille;1;1;0,0;1;0,2621;0,5628;0,1751
26728;2020-10-04;T20-21;F1;Montpellier;Nimes;0;1;2,0;1;0,2591;0,5516;0,1893
26729;2020-10-04;T20-21;F1;Bordeaux;Dijon;3;0;1,0;1;0,2123;0,6734;0,1143
26730;2020-10-04;T20-21;F1;Brest;Monaco;1;0;1,0;2;0,2535;0,2428;0,5036
26731;2020-10-04;T20-21;F1;Metz;Lorient;3;1;1,0;1;0,244;0,3909;0,3651
26732;2020-10-04;T20-21;F1;Strasbourg;Lille;0;3;2,0;2;0,2431;0,2154;0,5415
45419;2020-10-04;T20-21;SP1;Barcelona;Sevilla;1;1;0,0;1;0,2056;0,6949;0,0996
45418;2020-10-04;T20-21;SP1;Cadiz;Granada;1;1;0,0;1;0,2757;0,413;0,3112
45417;2020-10-04;T20-21;SP1;Levante;Real Madrid;0;2;2,0;2;0,1421;0,1168;0,7411
6146;2020-10-04;T20-21;D1;Bayern Munich;Hertha;4;3;1,0;1;0,172;0,7544;0,0736
6145;2020-10-04;T20-21;D1;Wolfsburg;Augsburg;0;0;0,0;1;0,2368;0,5734;0,1897
45416;2020-10-04;T20-21;SP1;Alaves;Ath Bilbao;1;0;1,0;1;0,2723;0,395;0,3327
26733;2020-10-04;T20-21;F1;Rennes;Reims;2;2;0,0;1;0,2381;0,581;0,1809
16183;2020-10-04;T20-21;E0;Southampton;West Brom;2;0;1,0;1;0,2722;0,4662;0,2616
16182;2020-10-04;T20-21;E0;Leicester;West Ham;0;3;2,0;1;0,262;0,4913;0,2467
16185;2020-10-04;T20-21;E0;Wolves;Fulham;1;0;1,0;1;0,2651;0,4161;0,3187
57862;2020-10-10;T20-21;SP2;Espanol;Alcorcon;1;0;1,0;1;0,2906;0,4557;0,2537
57861;2020-10-10;T20-21;SP2;Sabadell;Mirandes;0;2;2,0;1;0,2814;0,4451;0,2735
57863;2020-10-10;T20-21;SP2;Logrones;Almeria;1;0;1,0;1;0,2848;0,4551;0,2601
57864;2020-10-10;T20-21;SP2;Tenerife;Vallecano;1;0;1,0;1;0,253;0,5486;0,1984
57865;2020-10-11;T20-21;SP2;Fuenlabrada;Castellon;1;1;0,0;1;0,2805;0,4874;0,2321
57866;2020-10-11;T20-21;SP2;Lugo;Mallorca;0;1;2,0;1;0,2879;0,4605;0,2516
57867;2020-10-11;T20-21;SP2;Leganes;Girona;0;1;2,0;1;0,2745;0,5106;0,2149
57868;2020-10-11;T20-21;SP2;Malaga;Las Palmas;0;0;0,0;1;0,2531;0,5022;0,2446
57869;2020-10-11;T20-21;SP2;Zaragoza;Albacete;1;0;1,0;1;0,2436;0,5577;0,1987
57870;2020-10-11;T20-21;SP2;Ponferradina;Cartagena;0;2;2,0;1;0,2787;0,4951;0,2262
57871;2020-10-11;T20-21;SP2;Oviedo;Sp Gijon;1;0;1,0;1;0,291;0,3848;0,3242
26735;2020-10-16;T20-21;F1;Dijon;Rennes;1;1;0,0;1;0,285;0,3919;0,3231
26736;2020-10-16;T20-21;F1;Nimes;Paris SG;0;4;2,0;2;0,2138;0,1809;0,6053
57876;2020-10-17;T20-21;SP2;Logrones;Leganes;0;1;2,0;1;0,2876;0,4532;0,2592
57875;2020-10-17;T20-21;SP2;Las Palmas;Almeria;2;0;1,0;1;0,2562;0,5579;0,1859
45423;2020-10-17;T20-21;SP1;Getafe;Barcelona;1;0;1,0;2;0,1294;0,1107;0,7599
57873;2020-10-17;T20-21;SP2;Castellon;Lugo;0;1;2,0;1;0,2621;0,4872;0,2508
57872;2020-10-17;T20-21;SP2;Albacete;Sabadell;3;0;1,0;1;0,2675;0,4786;0,2539
45420;2020-10-17;T20-21;SP1;Granada;Sevilla;1;0;1,0;2;0,248;0,2206;0,5314
57874;2020-10-17;T20-21;SP2;Cartagena;Fuenlabrada;1;1;0,0;1;0,3027;0,3961;0,3011
45421;2020-10-17;T20-21;SP1;Celta;Ath Madrid;0;2;2,0;2;0,2367;0,2545;0,5088
45422;2020-10-17;T20-21;SP1;Real Madrid;Cadiz;0;1;2,0;1;0,1754;0,7525;0,0721
35308;2020-10-17;T20-21;I1;Crotone;Juventus;1;1;0,0;2;0,1505;0,1201;0,7294
16191;2020-10-17;T20-21;E0;Newcastle;Man United;1;4;2,0;2;0,1569;0,1452;0,6979
16190;2020-10-17;T20-21;E0;Man City;Arsenal;1;0;1,0;1;0,3312;0,3723;0,2965
16189;2020-10-17;T20-21;E0;Chelsea;Southampton;3;3;0,0;1;0,189;0,7278;0,0832
16188;2020-10-17;T20-21;E0;Everton;Liverpool;2;2;0,0;2;0,2999;0,2405;0,4596
35307;2020-10-17;T20-21;I1;Sampdoria;Lazio;3;0;1,0;2;0,2703;0,3122;0,4175
35306;2020-10-17;T20-21;I1;Inter;Milan;1;2;2,0;1;0,3143;0,4346;0,2511
35305;2020-10-17;T20-21;I1;Napoli;Atalanta;4;1;1,0;1;0,1946;0,7069;0,0985
6147;2020-10-17;T20-21;D1;Augsburg;RB Leipzig;0;2;2,0;2;0,2531;0,2216;0,5254
6148;2020-10-17;T20-21;D1;Freiburg;Werder Bremen;1;1;0,0;2;0,2826;0,2917;0,4258
6149;2020-10-17;T20-21;D1;Hertha;Stuttgart;0;2;2,0;1;0,2659;0,5337;0,2004
6150;2020-10-17;T20-21;D1;Hoffenheim;Dortmund;0;1;2,0;2;0,2218;0,2288;0,5494
6151;2020-10-17;T20-21;D1;Mainz;Leverkusen;0;1;2,0;2;0,2408;0,2449;0,5143
6152;2020-10-17;T20-21;D1;Bielefeld;Bayern Munich;1;4;2,0;2;0,1398;0,1088;0,7514
6153;2020-10-17;T20-21;D1;M'gladbach;Wolfsburg;1;1;0,0;1;0,2265;0,6078;0,1657
26738;2020-10-17;T20-21;F1;Marseille;Bordeaux;3;1;1,0;1;0,2323;0,5649;0,2029
26737;2020-10-17;T20-21;F1;Reims;Lorient;1;3;2,0;1;0,2759;0,4193;0,3048
57877;2020-10-18;T20-21;SP2;Vallecano;Espanol;1;0;1,0;1;0,2768;0,5112;0,2121
57878;2020-10-18;T20-21;SP2;Mirandes;Mallorca;0;0;0,0;1;0,2888;0,4301;0,2811
57879;2020-10-18;T20-21;SP2;Zaragoza;Malaga;1;2;2,0;1;0,2767;0,5105;0,2127
57880;2020-10-18;T20-21;SP2;Girona;Oviedo;1;0;1,0;1;0,2423;0,5763;0,1814
57881;2020-10-18;T20-21;SP2;Sp Gijon;Tenerife;1;1;0,0;1;0,227;0,6464;0,1267
16192;2020-10-18;T20-21;E0;Sheffield United;Fulham;1;1;0,0;1;0,2739;0,4522;0,2739
16193;2020-10-18;T20-21;E0;Crystal Palace;Brighton;1;1;0,0;1;0,2748;0,3766;0,3485
45427;2020-10-18;T20-21;SP1;Alaves;Elche;0;2;2,0;1;0,2835;0,4068;0,3097
35313;2020-10-18;T20-21;I1;Roma;Benevento;5;2;1,0;1;0,1998;0,7148;0,0854
35312;2020-10-18;T20-21;I1;Udinese;Parma;3;2;1,0;1;0,2511;0,5022;0,2467
35311;2020-10-18;T20-21;I1;Torino;Cagliari;2;3;2,0;1;0,269;0,4505;0,2805
35310;2020-10-18;T20-21;I1;Spezia;Fiorentina;2;2;0,0;1;0,3049;0,3655;0,3296
35309;2020-10-18;T20-21;I1;Bologna;Sassuolo;3;4;2,0;1;0,2768;0,381;0,3422
45429;2020-10-18;T20-21;SP1;Betis;Sociedad;0;3;2,0;1;0,2751;0,4217;0,3032
45424;2020-10-18;T20-21;SP1;Eibar;Osasuna;0;0;0,0;1;0,2743;0,4398;0,286
6154;2020-10-18;T20-21;D1;FC Koln;Ein Frankfurt;1;1;0,0;1;0,2535;0,3946;0,3519
6155;2020-10-18;T20-21;D1;Schalke 04;Union Berlin;1;1;0,0;1;0,2032;0,6858;0,1111
45425;2020-10-18;T20-21;SP1;Ath Bilbao;Levante;2;0;1,0;1;0,2387;0,5945;0,1668
45426;2020-10-18;T20-21;SP1;Villarreal;Valencia;2;1;1,0;1;0,2632;0,4227;0,3141
16195;2020-10-18;T20-21;E0;Leicester;Aston Villa;0;1;2,0;1;0,2684;0,4623;0,2692
45428;2020-10-18;T20-21;SP1;Huesca;Valladolid;2;2;0,0;1;0,2758;0,4208;0,3034
16194;2020-10-18;T20-21;E0;Tottenham;West Ham;3;3;0,0;1;0,2009;0,6964;0,1027
26739;2020-10-18;T20-21;F1;Strasbourg;Lyon;2;3;2,0;2;0,2152;0,1763;0,6085
26740;2020-10-18;T20-21;F1;Angers;Metz;1;1;0,0;1;0,2745;0,4571;0,2685
26741;2020-10-18;T20-21;F1;Monaco;Montpellier;1;1;0,0;1;0,2101;0,6808;0,1091
26742;2020-10-18;T20-21;F1;Nantes;Brest;3;1;1,0;1;0,2855;0,4762;0,2383
26743;2020-10-18;T20-21;F1;St Etienne;Nice;1;3;2,0;1;0,2477;0,5656;0,1867
26744;2020-10-18;T20-21;F1;Lille;Lens;4;0;1,0;1;0,2085;0,697;0,0945
35314;2020-10-19;T20-21;I1;Verona;Genoa;0;0;0,0;1;0,2676;0,3904;0,342
16197;2020-10-19;T20-21;E0;Leeds;Wolves;0;1;2,0;1;0,2662;0,4795;0,2543
16196;2020-10-19;T20-21;E0;West Brom;Burnley;0;0;0,0;1;0,2425;0,3906;0,3668
57884;2020-10-21;T20-21;SP2;Lugo;Girona;3;0;1,0;1;0,2832;0,4696;0,2473
57883;2020-10-21;T20-21;SP2;Las Palmas;Castellon;2;1;1,0;1;0,2582;0,5542;0,1876
57882;2020-10-21;T20-21;SP2;Espanol;Mirandes;2;0;1,0;1;0,283;0,4754;0,2416
57887;2020-10-21;T20-21;SP2;Fuenlabrada;Logrones;0;0;0,0;1;0,2944;0,4542;0,2513
57885;2020-10-21;T20-21;SP2;Ponferradina;Tenerife;1;0;1,0;1;0,2698;0,472;0,2582
57886;2020-10-21;T20-21;SP2;Almeria;Cartagena;1;1;0,0;1;0,2371;0,5871;0,1758
57891;2020-10-22;T20-21;SP2;Oviedo;Vallecano;0;0;0,0;1;0,2911;0,4702;0,2387
57890;2020-10-22;T20-21;SP2;Mallorca;Albacete;0;0;0,0;1;0,257;0,478;0,265
57889;2020-10-22;T20-21;SP2;Malaga;Sp Gijon;1;0;1,0;1;0,2886;0,4044;0,307
57888;2020-10-22;T20-21;SP2;Leganes;Zaragoza;1;0;1,0;1;0,2996;0,4005;0,2999
26745;2020-10-23;T20-21;F1;Rennes;Angers;1;2;2,0;1;0,2375;0,5854;0,1771
35315;2020-10-23;T20-21;I1;Sassuolo;Torino;3;3;0,0;1;0,2723;0,3966;0,3312
6156;2020-10-23;T20-21;D1;Stuttgart;FC Koln;1;1;0,0;1;0,2392;0,5931;0,1677
45430;2020-10-23;T20-21;SP1;Elche;Valencia;2;1;1,0;2;0,2459;0,23;0,5241
16198;2020-10-23;T20-21;E0;Aston Villa;Leeds;0;3;2,0;1;0,2926;0,3897;0,3177
35316;2020-10-24;T20-21;I1;Atalanta;Sampdoria;1;3;2,0;1;0,2449;0,535;0,2201
35317;2020-10-24;T20-21;I1;Genoa;Inter;0;2;2,0;2;0,2136;0,1758;0,6107
35318;2020-10-24;T20-21;I1;Lazio;Bologna;2;1;1,0;1;0,2023;0,6938;0,1039
16202;2020-10-24;T20-21;E0;Liverpool;Sheffield United;2;1;1,0;1;0,1939;0,7246;0,0815
16201;2020-10-24;T20-21;E0;Man United;Chelsea;0;0;0,0;1;0,3394;0,3914;0,2692
45433;2020-10-24;T20-21;SP1;Sevilla;Eibar;0;1;2,0;1;0,1788;0,7266;0,0947
16199;2020-10-24;T20-21;E0;West Ham;Man City;1;1;0,0;2;0,2248;0,216;0,5591
45432;2020-10-24;T20-21;SP1;Osasuna;Ath Bilbao;1;0;1,0;1;0,2677;0,3869;0,3454
57892;2020-10-24;T20-21;SP2;Cartagena;Las Palmas;3;0;1,0;1;0,2838;0,4353;0,2809
57893;2020-10-24;T20-21;SP2;Logrones;Lugo;2;3;2,0;1;0,2832;0,4376;0,2792
45431;2020-10-24;T20-21;SP1;Barcelona;Real Madrid;1;3;2,0;0;0,3534;0,3478;0,2988
57895;2020-10-24;T20-21;SP2;Castellon;Girona;0;1;2,0;1;0,2746;0,5107;0,2147
16200;2020-10-24;T20-21;E0;Fulham;Crystal Palace;1;2;2,0;1;0,2751;0,3944;0,3304
57894;2020-10-24;T20-21;SP2;Almeria;Fuenlabrada;3;0;1,0;1;0,2528;0,5464;0,2007
45434;2020-10-24;T20-21;SP1;Ath Madrid;Betis;2;0;1,0;1;0,2111;0,6885;0,1004
26747;2020-10-24;T20-21;F1;Paris SG;Dijon;4;0;1,0;1;0,1958;0,7166;0,0876
6157;2020-10-24;T20-21;D1;Bayern Munich;Ein Frankfurt;5;0;1,0;1;0,1764;0,7438;0,0799
6158;2020-10-24;T20-21;D1;Mainz;M'gladbach;2;3;2,0;1;0,2741;0,4255;0,3003
6159;2020-10-24;T20-21;D1;RB Leipzig;Hertha;2;1;1,0;1;0,245;0,5525;0,2024
6161;2020-10-24;T20-21;D1;Dortmund;Schalke 04;3;0;1,0;1;0,2417;0,6023;0,156
26746;2020-10-24;T20-21;F1;Lorient;Marseille;0;1;2,0;2;0,26;0,2686;0,4714
6160;2020-10-24;T20-21;D1;Union Berlin;Freiburg;1;1;0,0;1;0,2732;0,4629;0,2639
45436;2020-10-25;T20-21;SP1;Cadiz;Villarreal;0;0;0,0;1;0,2954;0,3997;0,3049
45435;2020-10-25;T20-21;SP1;Valladolid;Alaves;0;2;2,0;1;0,2726;0,3907;0,3367
6163;2020-10-25;T20-21;D1;Werder Bremen;Hoffenheim;1;1;0,0;1;0,2307;0,6363;0,1331
6162;2020-10-25;T20-21;D1;Wolfsburg;Bielefeld;2;1;1,0;1;0,237;0,5734;0,1896
16205;2020-10-25;T20-21;E0;Arsenal;Leicester;0;1;2,0;1;0,1894;0,7296;0,081
16204;2020-10-25;T20-21;E0;Wolves;Newcastle;1;1;0,0;1;0,2675;0,3939;0,3386
35323;2020-10-25;T20-21;I1;Juventus;Verona;1;1;0,0;1;0,1851;0,7315;0,0834
35322;2020-10-25;T20-21;I1;Fiorentina;Udinese;3;2;1,0;1;0,2227;0,6466;0,1307
35321;2020-10-25;T20-21;I1;Parma;Spezia;2;2;0,0;1;0,2847;0,4905;0,2248
35320;2020-10-25;T20-21;I1;Benevento;Napoli;1;2;2,0;2;0,2389;0,2371;0,524
35319;2020-10-25;T20-21;I1;Cagliari;Crotone;4;2;1,0;1;0,2816;0,3845;0,3339
16203;2020-10-25;T20-21;E0;Southampton;Everton;2;0;1,0;1;0,2894;0,4544;0,2562
45438;2020-10-25;T20-21;SP1;Sociedad;Huesca;4;1;1,0;1;0,2586;0,5547;0,1867
45437;2020-10-25;T20-21;SP1;Getafe;Granada;0;1;2,0;1;0,253;0,4965;0,2505
57897;2020-10-25;T20-21;SP2;Leganes;Oviedo;2;1;1,0;1;0,2789;0,5013;0,2197
26748;2020-10-25;T20-21;F1;Bordeaux;Nimes;2;0;1,0;1;0,202;0,6885;0,1095
26749;2020-10-25;T20-21;F1;Brest;Strasbourg;0;3;2,0;1;0,2737;0,4065;0,3198
26750;2020-10-25;T20-21;F1;Metz;St Etienne;2;0;1,0;2;0,2628;0,3556;0,3817
26751;2020-10-25;T20-21;F1;Montpellier;Reims;0;4;2,0;1;0,2677;0,5361;0,1961
26752;2020-10-25;T20-21;F1;Nice;Lille;1;1;0,0;1;0,2707;0,4;0,3293
26753;2020-10-25;T20-21;F1;Lyon;Monaco;4;1;1,0;1;0,2543;0,5798;0,1659
57896;2020-10-25;T20-21;SP2;Sp Gijon;Ponferradina;2;1;1,0;1;0,2267;0,6455;0,1277
57901;2020-10-25;T20-21;SP2;Zaragoza;Sabadell;0;0;0,0;1;0,247;0,5504;0,2026
57900;2020-10-25;T20-21;SP2;Malaga;Mirandes;1;1;0,0;1;0,2569;0,5513;0,1918
57899;2020-10-25;T20-21;SP2;Albacete;Vallecano;2;1;1,0;1;0,2967;0,4556;0,2476
57898;2020-10-25;T20-21;SP2;Tenerife;Espanol;0;0;0,0;1;0,2534;0,5447;0,2019
57902;2020-10-26;T20-21;SP2;Alcorcon;Mallorca;0;2;2,0;1;0,2643;0,54;0,1957
6164;2020-10-26;T20-21;D1;Leverkusen;Augsburg;3;1;1,0;1;0,2078;0,6972;0,095
45439;2020-10-26;T20-21;SP1;Levante;Celta;1;1;0,0;1;0,264;0,3871;0,3489
16206;2020-10-26;T20-21;E0;Brighton;West Brom;1;1;0,0;1;0,2722;0,4221;0,3056
16207;2020-10-26;T20-21;E0;Burnley;Tottenham;0;1;2,0;2;0,237;0,2141;0,5489
35324;2020-10-26;T20-21;I1;Milan;Roma;3;3;0,0;1;0,3228;0,4159;0,2612
57903;2020-10-27;T20-21;SP2;Girona;Cartagena;2;1;1,0;1;0,2375;0,5869;0,1757
57906;2020-10-28;T20-21;SP2;Espanol;Ponferradina;2;0;1,0;1;0,2763;0,4567;0,267
57905;2020-10-28;T20-21;SP2;Castellon;Almeria;1;2;2,0;1;0,2759;0,508;0,2161
57904;2020-10-28;T20-21;SP2;Albacete;Las Palmas;1;1;0,0;1;0,2652;0,4828;0,252
57907;2020-10-28;T20-21;SP2;Oviedo;Logrones;2;3;2,0;1;0,2872;0,4837;0,229
57908;2020-10-29;T20-21;SP2;Alcorcon;Sp Gijon;1;2;2,0;1;0,2853;0,4366;0,2781
57909;2020-10-29;T20-21;SP2;Mallorca;Malaga;3;1;1,0;1;0,3;0,4381;0,2619
57910;2020-10-29;T20-21;SP2;Mirandes;Zaragoza;1;0;1,0;2;0,3012;0,3374;0,3615
57911;2020-10-29;T20-21;SP2;Tenerife;Lugo;1;1;0,0;1;0,2381;0,5723;0,1896
57912;2020-10-29;T20-21;SP2;Sabadell;Leganes;1;0;1,0;1;0,288;0,4256;0,2863
57913;2020-10-29;T20-21;SP2;Vallecano;Fuenlabrada;2;0;1,0;1;0,2739;0,5219;0,2041
45440;2020-10-30;T20-21;SP1;Eibar;Cadiz;0;2;2,0;1;0,2901;0,4184;0,2915
16208;2020-10-30;T20-21;E0;Wolves;Crystal Palace;2;0;1,0;1;0,2719;0,3915;0,3366
6165;2020-10-30;T20-21;D1;Schalke 04;Stuttgart;1;1;0,0;1;0,18;0,7186;0,1013
6166;2020-10-31;T20-21;D1;Augsburg;Mainz;3;1;1,0;1;0,2693;0,3876;0,3431
57914;2020-10-31;T20-21;SP2;Cartagena;Albacete;3;1;1,0;1;0,2727;0,431;0,2963
57915;2020-10-31;T20-21;SP2;Las Palmas;Oviedo;1;2;2,0;1;0,2604;0,5488;0,1908
26754;2020-10-31;T20-21;F1;Rennes;Brest;2;1;1,0;1;0,2336;0,587;0,1795
45444;2020-10-31;T20-21;SP1;Alaves;Barcelona;1;1;0,0;2;0,1333;0,1007;0,766
45443;2020-10-31;T20-21;SP1;Osasuna;Ath Madrid;1;3;2,0;2;0,2285;0,2377;0,5338
35326;2020-10-31;T20-21;I1;Inter;Parma;2;2;0,0;1;0,2024;0,702;0,0956
35327;2020-10-31;T20-21;I1;Bologna;Cagliari;3;2;1,0;1;0,2613;0,4294;0,3094
16210;2020-10-31;T20-21;E0;Burnley;Chelsea;0;3;2,0;2;0,1738;0,1424;0,6838
16209;2020-10-31;T20-21;E0;Sheffield United;Man City;0;1;2,0;2;0,2234;0,2143;0,5624
45442;2020-10-31;T20-21;SP1;Ath Bilbao;Sevilla;2;1;1,0;1;0,2735;0,4278;0,2986
45441;2020-10-31;T20-21;SP1;Real Madrid;Huesca;4;1;1,0;1;0,1696;0,7615;0,0689
6170;2020-10-31;T20-21;D1;M'gladbach;RB Leipzig;1;0;1,0;1;0,2716;0,4077;0,3207
6169;2020-10-31;T20-21;D1;FC Koln;Bayern Munich;1;2;2,0;2;0,1434;0,1243;0,7324
6168;2020-10-31;T20-21;D1;Ein Frankfurt;Werder Bremen;1;1;0,0;2;0,2909;0,3025;0,4066
6167;2020-10-31;T20-21;D1;Bielefeld;Dortmund;0;2;2,0;2;0,2217;0,1927;0,5856
35325;2020-10-31;T20-21;I1;Crotone;Atalanta;1;2;2,0;1;0,2755;0,4034;0,3212
26755;2020-10-31;T20-21;F1;Nantes;Paris SG;0;3;2,0;2;0,2096;0,184;0,6064
16211;2020-10-31;T20-21;E0;Liverpool;West Ham;2;1;1,0;1;0,2019;0,7042;0,0939
35328;2020-11-01;T20-21;I1;Udinese;Milan;1;2;2,0;2;0,2112;0,1956;0,5932
26760;2020-11-01;T20-21;F1;Reims;Strasbourg;2;1;1,0;1;0,2744;0,4138;0,3119
26759;2020-11-01;T20-21;F1;Nimes;Metz;0;1;2,0;1;0,2741;0,4585;0,2675
26757;2020-11-01;T20-21;F1;Angers;Nice;0;3;2,0;1;0,2833;0,4375;0,2792
26756;2020-11-01;T20-21;F1;St Etienne;Montpellier;0;1;2,0;1;0,2432;0,5703;0,1865
57916;2020-11-01;T20-21;SP2;Leganes;Mirandes;1;0;1,0;1;0,2664;0,5269;0,2067
57917;2020-11-01;T20-21;SP2;Zaragoza;Mallorca;0;0;0,0;1;0,2606;0,5487;0,1907
26761;2020-11-01;T20-21;F1;Monaco;Bordeaux;4;0;1,0;1;0,2349;0,5474;0,2177
57918;2020-11-01;T20-21;SP2;Fuenlabrada;Tenerife;1;1;0,0;1;0,2714;0,4677;0,2609
57920;2020-11-01;T20-21;SP2;Lugo;Vallecano;1;0;1,0;1;0,2996;0,4305;0,2699
57921;2020-11-01;T20-21;SP2;Almeria;Girona;0;0;0,0;1;0,2331;0,5922;0,1747
45448;2020-11-01;T20-21;SP1;Valencia;Getafe;2;2;0,0;1;0,2145;0,6773;0,1082
45447;2020-11-01;T20-21;SP1;Granada;Levante;1;1;0,0;1;0,2626;0,4091;0,3282
45446;2020-11-01;T20-21;SP1;Celta;Sociedad;1;4;2,0;1;0,2638;0,4579;0,2783
45445;2020-11-01;T20-21;SP1;Betis;Elche;3;1;1,0;1;0,2856;0,4379;0,2766
57919;2020-11-01;T20-21;SP2;Ponferradina;Sabadell;0;3;2,0;1;0,2706;0,4701;0,2593
26762;2020-11-01;T20-21;F1;Lille;Lyon;1;1;0,0;2;0,2894;0,2927;0,4179
26758;2020-11-01;T20-21;F1;Dijon;Lorient;0;0;0,0;1;0,2714;0,3913;0,3373
16213;2020-11-01;T20-21;E0;Newcastle;Everton;2;1;1,0;1;0,2717;0,5201;0,2083
35330;2020-11-01;T20-21;I1;Torino;Lazio;3;4;2,0;2;0,248;0,232;0,52
35331;2020-11-01;T20-21;I1;Napoli;Sassuolo;0;2;2,0;1;0,1913;0,71;0,0987
35332;2020-11-01;T20-21;I1;Roma;Fiorentina;2;0;1,0;1;0,2262;0,6482;0,1255
16215;2020-11-01;T20-21;E0;Tottenham;Brighton;2;1;1,0;1;0,1912;0,7088;0,1
16214;2020-11-01;T20-21;E0;Man United;Arsenal;0;1;2,0;1;0,3292;0,4292;0,2417
35333;2020-11-01;T20-21;I1;Sampdoria;Genoa;1;1;0,0;1;0,2458;0,5432;0,211
6172;2020-11-01;T20-21;D1;Hertha;Wolfsburg;1;1;0,0;1;0,2607;0,5431;0,1962
6171;2020-11-01;T20-21;D1;Freiburg;Leverkusen;2;4;2,0;2;0,225;0,2379;0,5371
16212;2020-11-01;T20-21;E0;Aston Villa;Southampton;3;4;2,0;1;0,2812;0,4018;0,3171
35329;2020-11-01;T20-21;I1;Spezia;Juventus;1;4;2,0;2;0,1514;0,1236;0,725
57924;2020-11-02;T20-21;SP2;Malaga;Espanol;0;3;2,0;1;0,2882;0,4724;0,2394
57923;2020-11-02;T20-21;SP2;Sp Gijon;Castellon;1;0;1,0;1;0,2202;0,6595;0,1203
57922;2020-11-02;T20-21;SP2;Logrones;Alcorcon;1;0;1,0;1;0,2925;0,4396;0,2679
16216;2020-11-02;T20-21;E0;Fulham;West Brom;2;0;1,0;1;0,2684;0,4159;0,3157
35334;2020-11-02;T20-21;I1;Verona;Benevento;3;1;1,0;1;0,2776;0,385;0,3374
16217;2020-11-02;T20-21;E0;Leeds;Leicester;1;4;2,0;1;0,2843;0,4918;0,2239
45449;2020-11-02;T20-21;SP1;Villarreal;Valladolid;2;0;1,0;1;0,2093;0,6656;0,1251
6173;2020-11-02;T20-21;D1;Hoffenheim;Union Berlin;1;3;2,0;1;0,2679;0,5321;0,2
35335;2020-11-04;T20-21;I1;Genoa;Torino;1;2;2,0;1;0,2746;0,4227;0,3027
57925;2020-11-04;T20-21;SP2;Zaragoza;Girona;2;2;0,0;1;0,2551;0,5599;0,185
57926;2020-11-05;T20-21;SP2;Alcorcon;Ponferradina;0;1;2,0;1;0,2492;0,5303;0,2205
57927;2020-11-05;T20-21;SP2;Sabadell;Almeria;1;2;2,0;1;0,2845;0,4381;0,2774
45450;2020-11-06;T20-21;SP1;Elche;Celta;1;1;0,0;1;0,2795;0,4011;0,3195
16219;2020-11-06;T20-21;E0;Southampton;Newcastle;2;0;1,0;1;0,27;0,4612;0,2688
35336;2020-11-06;T20-21;I1;Sassuolo;Udinese;0;0;0,0;1;0,2733;0,4016;0,3251
16218;2020-11-06;T20-21;E0;Brighton;Burnley;0;0;0,0;1;0,2785;0,3956;0,3258
6174;2020-11-06;T20-21;D1;Werder Bremen;FC Koln;1;1;0,0;1;0,2076;0,644;0,1483
26763;2020-11-06;T20-21;F1;Strasbourg;Marseille;0;1;2,0;2;0,2287;0,2232;0,5481
57928;2020-11-06;T20-21;SP2;Albacete;Leganes;0;0;0,0;1;0,28;0,5002;0,2197
45452;2020-11-07;T20-21;SP1;Barcelona;Betis;5;2;1,0;1;0,1613;0,7669;0,0718
45453;2020-11-07;T20-21;SP1;Sevilla;Osasuna;1;0;1,0;1;0,2009;0,6929;0,1062
26764;2020-11-07;T20-21;F1;Bordeaux;Montpellier;0;2;2,0;1;0,2116;0,6764;0,1119
26765;2020-11-07;T20-21;F1;Paris SG;Rennes;3;0;1,0;1;0,1954;0,72;0,0847
45454;2020-11-07;T20-21;SP1;Ath Madrid;Cadiz;4;0;1,0;1;0,2208;0,6816;0,0975
45451;2020-11-07;T20-21;SP1;Huesca;Eibar;1;1;0,0;1;0,2841;0,4257;0,2902
16221;2020-11-07;T20-21;E0;Crystal Palace;Leeds;4;1;1,0;2;0,279;0,3591;0,3619
6175;2020-11-07;T20-21;D1;Augsburg;Hertha;0;3;2,0;1;0,279;0,3964;0,3246
6176;2020-11-07;T20-21;D1;Mainz;Schalke 04;2;2;0,0;2;0,2839;0,2863;0,4299
6177;2020-11-07;T20-21;D1;RB Leipzig;Freiburg;3;0;1,0;1;0,2381;0,5898;0,1722
57931;2020-11-07;T20-21;SP2;Espanol;Lugo;2;1;1,0;1;0,2719;0,4666;0,2615
57930;2020-11-07;T20-21;SP2;Mirandes;Sp Gijon;1;0;1,0;2;0,2916;0,3076;0,4008
57929;2020-11-07;T20-21;SP2;Cartagena;Logrones;0;1;2,0;1;0,3009;0,4222;0,2769
35339;2020-11-07;T20-21;I1;Parma;Fiorentina;0;0;0,0;1;0,2914;0,4513;0,2573
6178;2020-11-07;T20-21;D1;Stuttgart;Ein Frankfurt;2;2;0,0;1;0,2419;0,5835;0,1746
6179;2020-11-07;T20-21;D1;Union Berlin;Bielefeld;5;0;1,0;1;0,2835;0,4357;0,2808
6180;2020-11-07;T20-21;D1;Dortmund;Bayern Munich;2;3;2,0;2;0,3509;0,2498;0,3993
16223;2020-11-07;T20-21;E0;West Ham;Fulham;1;0;1,0;1;0,2691;0,4215;0,3094
16222;2020-11-07;T20-21;E0;Chelsea;Sheffield United;4;1;1,0;1;0,1898;0,7307;0,0795
35337;2020-11-07;T20-21;I1;Cagliari;Sampdoria;2;0;1,0;1;0,2716;0,3882;0,3402
16220;2020-11-07;T20-21;E0;Everton;Man United;1;3;2,0;2;0,2892;0,1627;0,5481
35338;2020-11-07;T20-21;I1;Benevento;Spezia;0;3;2,0;1;0,2929;0,3692;0,3379
26766;2020-11-08;T20-21;F1;Brest;Lille;3;2;1,0;2;0,2566;0,2379;0,5055
57937;2020-11-08;T20-21;SP2;Tenerife;Zaragoza;1;0;1,0;1;0,2591;0,5139;0,227
57936;2020-11-08;T20-21;SP2;Oviedo;Castellon;4;0;1,0;1;0,2737;0,5134;0,2128
6181;2020-11-08;T20-21;D1;Wolfsburg;Hoffenheim;2;1;1,0;1;0,2316;0,5946;0,1738
26769;2020-11-08;T20-21;F1;Metz;Dijon;1;1;0,0;1;0,2457;0,3893;0,365
26770;2020-11-08;T20-21;F1;Nimes;Angers;1;5;2,0;1;0,2878;0,4467;0,2656
26771;2020-11-08;T20-21;F1;Nice;Monaco;1;2;2,0;1;0,2695;0,3931;0,3374
26772;2020-11-08;T20-21;F1;Lyon;St Etienne;2;1;1,0;1;0,1969;0,7174;0,0857
35343;2020-11-08;T20-21;I1;Torino;Crotone;0;0;0,0;1;0,288;0,4071;0,3049
35344;2020-11-08;T20-21;I1;Bologna;Napoli;0;1;2,0;2;0,2238;0,2459;0,5303
35345;2020-11-08;T20-21;I1;Milan;Verona;2;2;0,0;1;0,2021;0,7033;0,0945
26768;2020-11-08;T20-21;F1;Lorient;Nantes;0;2;2,0;1;0,264;0,4566;0,2794
6182;2020-11-08;T20-21;D1;Leverkusen;M'gladbach;4;3;1,0;1;0,2076;0,6954;0,0971
26767;2020-11-08;T20-21;F1;Lens;Reims;4;4;0,0;1;0,2685;0,5301;0,2014
35341;2020-11-08;T20-21;I1;Atalanta;Inter;1;1;0,0;2;0,2224;0,2076;0,57
16224;2020-11-08;T20-21;E0;West Brom;Tottenham;0;1;2,0;2;0,2042;0,1958;0,6
16225;2020-11-08;T20-21;E0;Leicester;Wolves;1;0;1,0;1;0,276;0,4573;0,2668
16226;2020-11-08;T20-21;E0;Man City;Liverpool;1;1;0,0;1;0,3254;0,3999;0,2747
35340;2020-11-08;T20-21;I1;Lazio;Juventus;1;1;0,0;2;0,2927;0,1848;0,5226
16227;2020-11-08;T20-21;E0;Arsenal;Aston Villa;0;3;2,0;1;0,1927;0,7184;0,0889
45455;2020-11-08;T20-21;SP1;Getafe;Villarreal;1;3;2,0;1;0,289;0,4799;0,2311
45456;2020-11-08;T20-21;SP1;Sociedad;Granada;2;0;1,0;1;0,2443;0,5643;0,1913
45457;2020-11-08;T20-21;SP1;Levante;Alaves;1;1;0,0;1;0,2643;0,3883;0,3474
45459;2020-11-08;T20-21;SP1;Valencia;Real Madrid;4;1;1,0;2;0,2947;0,163;0,5424
45458;2020-11-08;T20-21;SP1;Valladolid;Ath Bilbao;2;1;1,0;1;0,2649;0,3846;0,3505
57935;2020-11-08;T20-21;SP2;Mallorca;Ponferradina;3;0;1,0;1;0,2636;0,484;0,2524
57933;2020-11-08;T20-21;SP2;Alcorcon;Fuenlabrada;0;3;2,0;1;0,2788;0,5102;0,211
57934;2020-11-08;T20-21;SP2;Vallecano;Almeria;0;1;2,0;1;0,254;0,5627;0,1833
35342;2020-11-08;T20-21;I1;Genoa;Roma;1;3;2,0;2;0,2132;0,173;0,6138
57932;2020-11-08;T20-21;SP2;Sabadell;Malaga;1;2;2,0;1;0,3003;0,3794;0,3203
57938;2020-11-09;T20-21;SP2;Girona;Las Palmas;1;1;0,0;1;0,2378;0,5727;0,1895
57939;2020-11-13;T20-21;SP2;Zaragoza;Oviedo;1;2;2,0;1;0,2609;0,5478;0,1913
57940;2020-11-14;T20-21;SP2;Fuenlabrada;Espanol;1;1;0,0;1;0,3013;0,418;0,2807
57941;2020-11-14;T20-21;SP2;Almeria;Mirandes;2;1;1,0;1;0,2235;0,6057;0,1707
57943;2020-11-14;T20-21;SP2;Lugo;Albacete;1;0;1,0;1;0,265;0,4544;0,2806
57942;2020-11-14;T20-21;SP2;Girona;Mallorca;0;1;2,0;1;0,2402;0,5791;0,1806
57945;2020-11-15;T20-21;SP2;Ponferradina;Malaga;1;1;0,0;1;0,3004;0,4227;0,2769
57948;2020-11-15;T20-21;SP2;Las Palmas;Tenerife;1;0;1,0;1;0,2527;0,5422;0,2051
57944;2020-11-15;T20-21;SP2;Leganes;Alcorcon;1;0;1,0;1;0,2819;0,4995;0,2185
57947;2020-11-15;T20-21;SP2;Logrones;Sabadell;1;0;1,0;1;0,2827;0,4397;0,2777
57946;2020-11-15;T20-21;SP2;Castellon;Cartagena;2;1;1,0;1;0,2769;0,5039;0,2193
57949;2020-11-16;T20-21;SP2;Sp Gijon;Vallecano;1;1;0,0;1;0,247;0,6085;0,1445
26773;2020-11-20;T20-21;F1;Rennes;Bordeaux;0;1;2,0;1;0,266;0,4901;0,2438
26774;2020-11-20;T20-21;F1;Monaco;Paris SG;3;2;1,0;2;0,2846;0,2756;0,4398
45460;2020-11-20;T20-21;SP1;Osasuna;Huesca;1;1;0,0;1;0,2757;0,3961;0,3282
57951;2020-11-20;T20-21;SP2;Espanol;Girona;1;2;2,0;1;0,278;0,4906;0,2314
57950;2020-11-20;T20-21;SP2;Alcorcon;Lugo;1;0;1,0;1;0,2525;0,5202;0,2273
26775;2020-11-21;T20-21;F1;Brest;St Etienne;4;1;1,0;1;0,2812;0,4304;0,2884
35347;2020-11-21;T20-21;I1;Spezia;Atalanta;0;0;0,0;1;0,2764;0,4341;0,2895
57955;2020-11-21;T20-21;SP2;Oviedo;Fuenlabrada;1;1;0,0;1;0,2903;0,4724;0,2373
57954;2020-11-21;T20-21;SP2;Vallecano;Castellon;2;1;1,0;1;0,2594;0,5517;0,1889
57953;2020-11-21;T20-21;SP2;Mirandes;Cartagena;4;1;1,0;1;0,2857;0,4407;0,2737
57952;2020-11-21;T20-21;SP2;Malaga;Leganes;1;2;2,0;1;0,2706;0,5243;0,2051
35346;2020-11-21;T20-21;I1;Crotone;Lazio;0;2;2,0;2;0,2418;0,2283;0,5299
35348;2020-11-21;T20-21;I1;Juventus;Cagliari;2;0;1,0;1;0,1986;0,7111;0,0903
16231;2020-11-21;T20-21;E0;Man United;West Brom;1;0;1,0;1;0,1938;0,7175;0,0887
16228;2020-11-21;T20-21;E0;Newcastle;Chelsea;0;2;2,0;2;0,1696;0,1566;0,6739
45462;2020-11-21;T20-21;SP1;Villarreal;Real Madrid;1;1;0,0;2;0,2891;0,1389;0,572
45463;2020-11-21;T20-21;SP1;Sevilla;Celta;4;2;1,0;1;0,2078;0,6946;0,0976
45464;2020-11-21;T20-21;SP1;Ath Madrid;Barcelona;1;0;1,0;2;0,3482;0,2105;0,4413
6185;2020-11-21;T20-21;D1;Hoffenheim;Stuttgart;3;3;0,0;1;0,2673;0,5302;0,2025
6184;2020-11-21;T20-21;D1;Bielefeld;Leverkusen;1;2;2,0;2;0,232;0,2327;0,5353
6183;2020-11-21;T20-21;D1;Bayern Munich;Werder Bremen;1;1;0,0;1;0,2004;0,6874;0,1122
16229;2020-11-21;T20-21;E0;Aston Villa;Brighton;1;2;2,0;1;0,2864;0,3999;0,3137
16230;2020-11-21;T20-21;E0;Tottenham;Man City;2;0;1,0;2;0,2642;0,3649;0,3709
6186;2020-11-21;T20-21;D1;M'gladbach;Augsburg;1;1;0,0;1;0,2389;0,5717;0,1894
6187;2020-11-21;T20-21;D1;Schalke 04;Wolfsburg;0;2;2,0;1;0,1816;0,7173;0,1012
45461;2020-11-21;T20-21;SP1;Levante;Elche;1;1;0,0;1;0,2706;0,3795;0,3499
6188;2020-11-21;T20-21;D1;Ein Frankfurt;RB Leipzig;1;1;0,0;2;0,2532;0,2237;0,5231
6189;2020-11-21;T20-21;D1;Hertha;Dortmund;2;5;2,0;2;0,2159;0,2152;0,5689
26777;2020-11-22;T20-21;F1;Dijon;Lens;0;1;2,0;1;0,2787;0,3975;0,3238
26776;2020-11-22;T20-21;F1;Nantes;Metz;1;1;0,0;1;0,262;0,4896;0,2484
57956;2020-11-22;T20-21;SP2;Sabadell;Las Palmas;3;1;1,0;1;0,2834;0,4179;0,2987
6191;2020-11-22;T20-21;D1;FC Koln;Union Berlin;1;2;2,0;2;0,2638;0,3598;0,3765
57957;2020-11-22;T20-21;SP2;Mallorca;Sp Gijon;0;0;0,0;1;0,2933;0,3827;0,324
57958;2020-11-22;T20-21;SP2;Tenerife;Logrones;0;1;2,0;1;0,2505;0,5551;0,1944
57959;2020-11-22;T20-21;SP2;Ponferradina;Zaragoza;2;1;1,0;1;0,3037;0,3926;0,3036
45468;2020-11-22;T20-21;SP1;Alaves;Valencia;2;2;0,0;2;0,2423;0,2285;0,5292
45467;2020-11-22;T20-21;SP1;Granada;Valladolid;1;3;2,0;1;0,2631;0,3978;0,3391
45466;2020-11-22;T20-21;SP1;Cadiz;Sociedad;0;1;2,0;1;0,2807;0,4098;0,3096
45465;2020-11-22;T20-21;SP1;Eibar;Getafe;0;0;0,0;1;0,2755;0,4112;0,3132
6190;2020-11-22;T20-21;D1;Freiburg;Mainz;1;3;2,0;1;0,265;0,3834;0,3517
26779;2020-11-22;T20-21;F1;Reims;Nimes;0;1;2,0;1;0,2835;0,4407;0,2757
26778;2020-11-22;T20-21;F1;Montpellier;Strasbourg;4;3;1,0;1;0,2453;0,5399;0,2149
26781;2020-11-22;T20-21;F1;Lille;Lorient;4;0;1,0;1;0,2073;0,6927;0,1
16233;2020-11-22;T20-21;E0;Sheffield United;West Ham;0;1;2,0;1;0,275;0,4405;0,2844
16234;2020-11-22;T20-21;E0;Leeds;Arsenal;0;0;0,0;2;0,1875;0,1649;0,6476
16235;2020-11-22;T20-21;E0;Liverpool;Leicester;3;0;1,0;1;0,1924;0,7248;0,0828
35355;2020-11-22;T20-21;I1;Napoli;Milan;1;3;2,0;2;0,2839;0,3073;0,4089
35354;2020-11-22;T20-21;I1;Udinese;Genoa;1;0;1,0;1;0,2514;0,5042;0,2445
35353;2020-11-22;T20-21;I1;Verona;Sassuolo;0;2;2,0;1;0,2786;0,3856;0,3358
35352;2020-11-22;T20-21;I1;Sampdoria;Bologna;1;2;2,0;1;0,2428;0,5578;0,1995
26780;2020-11-22;T20-21;F1;Angers;Lyon;0;1;2,0;2;0,2133;0,1747;0,612
35350;2020-11-22;T20-21;I1;Inter;Torino;4;2;1,0;1;0,2007;0,7068;0,0925
35349;2020-11-22;T20-21;I1;Fiorentina;Benevento;0;1;2,0;1;0,2177;0,663;0,1193
35351;2020-11-22;T20-21;I1;Roma;Parma;3;0;1,0;1;0,2004;0,7057;0,0939
16232;2020-11-22;T20-21;E0;Fulham;Everton;2;3;2,0;1;0,2836;0,384;0,3324
45469;2020-11-23;T20-21;SP1;Ath Bilbao;Betis;4;0;1,0;1;0,2431;0,5764;0,1805
57960;2020-11-23;T20-21;SP2;Albacete;Almeria;1;2;2,0;1;0,2751;0,5082;0,2167
16236;2020-11-23;T20-21;E0;Burnley;Crystal Palace;1;0;1,0;1;0,2717;0,3914;0,3369
16237;2020-11-23;T20-21;E0;Wolves;Southampton;1;1;0,0;1;0,273;0,3917;0,3353
57962;2020-11-24;T20-21;SP2;Girona;Malaga;0;1;2,0;1;0,2539;0,5429;0,2032
57963;2020-11-24;T20-21;SP2;Lugo;Oviedo;0;0;0,0;1;0,284;0,4751;0,2409
57961;2020-11-24;T20-21;SP2;Castellon;Alcorcon;0;2;2,0;1;0,2856;0,4909;0,2235
26782;2020-11-25;T20-21;F1;Lens;Nantes;1;1;0,0;1;0,2455;0,5203;0,2342
57965;2020-11-25;T20-21;SP2;Sp Gijon;Sabadell;3;1;1,0;1;0,2254;0,6482;0,1263
57964;2020-11-25;T20-21;SP2;Las Palmas;Mirandes;0;2;2,0;1;0,248;0,5773;0,1748
57968;2020-11-25;T20-21;SP2;Fuenlabrada;Ponferradina;1;1;0,0;1;0,2716;0,4665;0,2619
57967;2020-11-25;T20-21;SP2;Cartagena;Mallorca;1;2;2,0;1;0,2888;0,4477;0,2634
57966;2020-11-25;T20-21;SP2;Zaragoza;Vallecano;1;2;2,0;1;0,2748;0,5211;0,2041
57971;2020-11-26;T20-21;SP2;Almeria;Tenerife;2;0;1,0;1;0,2366;0,574;0,1894
57970;2020-11-26;T20-21;SP2;Logrones;Albacete;2;0;1,0;1;0,2721;0,4361;0,2918
57969;2020-11-26;T20-21;SP2;Leganes;Espanol;2;0;1,0;1;0,2967;0,4451;0,2582
6192;2020-11-27;T20-21;D1;Wolfsburg;Werder Bremen;5;3;1,0;1;0,2593;0,5122;0,2286
16238;2020-11-27;T20-21;E0;Crystal Palace;Newcastle;0;2;2,0;1;0,2654;0,3935;0,3412
45470;2020-11-27;T20-21;SP1;Valladolid;Levante;1;1;0,0;1;0,2668;0,4112;0,3221
26783;2020-11-27;T20-21;F1;Strasbourg;Rennes;1;1;0,0;1;0,2802;0,3805;0,3394
57972;2020-11-27;T20-21;SP2;Alcorcon;Girona;1;0;1,0;1;0,2596;0,5489;0,1915
57973;2020-11-27;T20-21;SP2;Malaga;Lugo;2;2;0,0;1;0,2546;0,5016;0,2438
45471;2020-11-28;T20-21;SP1;Elche;Cadiz;1;1;0,0;1;0,2877;0,4054;0,3069
35358;2020-11-28;T20-21;I1;Atalanta;Verona;0;2;2,0;1;0,2449;0,5354;0,2197
35357;2020-11-28;T20-21;I1;Benevento;Juventus;1;1;0,0;2;0,1508;0,1207;0,7285
35356;2020-11-28;T20-21;I1;Sassuolo;Inter;0;3;2,0;2;0,2111;0,1685;0,6203
16239;2020-11-28;T20-21;E0;Brighton;Liverpool;1;1;0,0;2;0,208;0,1663;0,6257
16240;2020-11-28;T20-21;E0;Man City;Burnley;5;0;1,0;1;0,2033;0,7028;0,0939
16241;2020-11-28;T20-21;E0;Everton;Leeds;0;1;2,0;1;0,2427;0,6199;0,1374
16242;2020-11-28;T20-21;E0;West Brom;Sheffield United;1;0;1,0;2;0,2578;0,3556;0,3866
26785;2020-11-28;T20-21;F1;Paris SG;Bordeaux;2;2;0,0;1;0,2301;0,6331;0,1367
26784;2020-11-28;T20-21;F1;Marseille;Nantes;3;1;1,0;1;0,2075;0,6961;0,0964
57974;2020-11-28;T20-21;SP2;Sabadell;Fuenlabrada;1;2;2,0;1;0,2994;0,3865;0,3141
57975;2020-11-28;T20-21;SP2;Vallecano;Cartagena;0;0;0,0;1;0,2566;0,5579;0,1854
57976;2020-11-28;T20-21;SP2;Mirandes;Castellon;1;1;0,0;1;0,2891;0,4418;0,2692
6195;2020-11-28;T20-21;D1;RB Leipzig;Bielefeld;2;1;1,0;1;0,2442;0,5586;0,1972
45474;2020-11-28;T20-21;SP1;Real Madrid;Alaves;1;2;2,0;1;0,168;0,7599;0,0721
45473;2020-11-28;T20-21;SP1;Huesca;Sevilla;0;1;2,0;2;0,272;0,2554;0,4726
45472;2020-11-28;T20-21;SP1;Valencia;Ath Madrid;0;1;2,0;1;0,2612;0,4436;0,2952
6193;2020-11-28;T20-21;D1;Augsburg;Freiburg;1;1;0,0;1;0,2699;0,4218;0,3083
6194;2020-11-28;T20-21;D1;Dortmund;FC Koln;1;2;2,0;1;0,2104;0,6891;0,1005
6196;2020-11-28;T20-21;D1;Stuttgart;Bayern Munich;1;3;2,0;2;0,1663;0,1554;0,6783
6197;2020-11-28;T20-21;D1;Union Berlin;Ein Frankfurt;3;3;0,0;1;0,2725;0,4577;0,2698
6198;2020-11-28;T20-21;D1;M'gladbach;Schalke 04;4;1;1,0;1;0,2667;0,4567;0,2767
35360;2020-11-29;T20-21;I1;Bologna;Crotone;1;0;1,0;1;0,278;0,3777;0,3443
35359;2020-11-29;T20-21;I1;Lazio;Udinese;1;3;2,0;1;0,2072;0,6939;0,0989
16245;2020-11-29;T20-21;E0;Arsenal;Wolves;1;2;2,0;1;0,1901;0,7271;0,0828
16244;2020-11-29;T20-21;E0;Chelsea;Tottenham;0;0;0,0;1;0,2475;0,6039;0,1486
16243;2020-11-29;T20-21;E0;Southampton;Man United;2;3;2,0;2;0,1536;0,1322;0,7142
45478;2020-11-29;T20-21;SP1;Sociedad;Villarreal;1;1;0,0;1;0,2715;0,5294;0,1991
45477;2020-11-29;T20-21;SP1;Celta;Granada;3;1;1,0;1;0,2691;0,4577;0,2732
45475;2020-11-29;T20-21;SP1;Barcelona;Osasuna;4;0;1,0;1;0,1688;0,7555;0,0756
45476;2020-11-29;T20-21;SP1;Getafe;Ath Bilbao;1;1;0,0;1;0,2547;0,4894;0,2559
35362;2020-11-29;T20-21;I1;Cagliari;Spezia;2;2;0,0;1;0,2904;0,3549;0,3547
26787;2020-11-29;T20-21;F1;Lens;Angers;1;3;2,0;1;0,2642;0,5391;0,1967
35363;2020-11-29;T20-21;I1;Napoli;Roma;4;0;1,0;2;0,2907;0,2912;0,4181
35361;2020-11-29;T20-21;I1;Milan;Fiorentina;2;0;1,0;1;0,2312;0,6505;0,1183
26786;2020-11-29;T20-21;F1;Lyon;Reims;3;0;1,0;1;0,197;0,7173;0,0857
57978;2020-11-29;T20-21;SP2;Espanol;Zaragoza;2;0;1,0;1;0,3035;0,3979;0,2986
57979;2020-11-29;T20-21;SP2;Mallorca;Logrones;4;0;1,0;1;0,2941;0,4611;0,2448
57977;2020-11-29;T20-21;SP2;Albacete;Tenerife;0;2;2,0;1;0,267;0,4798;0,2532
57980;2020-11-29;T20-21;SP2;Ponferradina;Leganes;3;2;1,0;1;0,2846;0,4779;0,2375
6200;2020-11-29;T20-21;D1;Mainz;Hoffenheim;1;1;0,0;1;0,284;0,4494;0,2667
6199;2020-11-29;T20-21;D1;Leverkusen;Hertha;0;0;0,0;1;0,2076;0,6978;0,0946
57981;2020-11-29;T20-21;SP2;Las Palmas;Sp Gijon;3;2;1,0;1;0,2808;0,4461;0,2732
26788;2020-11-29;T20-21;F1;Lorient;Montpellier;0;1;2,0;1;0,2768;0,4558;0,2674
26792;2020-11-29;T20-21;F1;St Etienne;Lille;1;1;0,0;1;0,2701;0,4162;0,3137
26791;2020-11-29;T20-21;F1;Nice;Dijon;1;3;2,0;1;0,2383;0,5723;0,1893
26790;2020-11-29;T20-21;F1;Monaco;Nimes;3;0;1,0;1;0,1966;0,6968;0,1066
26789;2020-11-29;T20-21;F1;Metz;Brest;0;2;2,0;2;0,2626;0,3573;0,3801
16247;2020-11-30;T20-21;E0;West Ham;Aston Villa;2;1;1,0;1;0,2717;0,3951;0,3332
45479;2020-11-30;T20-21;SP1;Betis;Eibar;0;2;2,0;1;0,2858;0,4424;0,2718
35365;2020-11-30;T20-21;I1;Genoa;Parma;1;2;2,0;1;0,2769;0,4229;0,3002
16246;2020-11-30;T20-21;E0;Leicester;Fulham;1;2;2,0;1;0,2631;0,4913;0,2456
57982;2020-11-30;T20-21;SP2;Oviedo;Almeria;1;2;2,0;1;0,268;0,5254;0,2066
35364;2020-11-30;T20-21;I1;Torino;Sampdoria;2;2;0,0;1;0,2718;0,3972;0,331
57983;2020-12-01;T20-21;SP2;Fuenlabrada;Malaga;0;2;2,0;1;0,3003;0,4254;0,2743
57984;2020-12-01;T20-21;SP2;Girona;Mirandes;1;0;1,0;1;0,2243;0,6112;0,1644
57986;2020-12-02;T20-21;SP2;Leganes;Vallecano;1;0;1,0;1;0,2919;0,4688;0,2393
57989;2020-12-02;T20-21;SP2;Lugo;Las Palmas;1;1;0,0;1;0,2739;0,4618;0,2643
57988;2020-12-02;T20-21;SP2;Castellon;Zaragoza;1;0;1,0;1;0,3019;0,4219;0,2762
57985;2020-12-02;T20-21;SP2;Cartagena;Espanol;1;3;2,0;1;0,3037;0,3878;0,3085
57987;2020-12-02;T20-21;SP2;Logrones;Ponferradina;1;2;2,0;1;0,2818;0,4438;0,2744
57993;2020-12-03;T20-21;SP2;Sp Gijon;Albacete;0;0;0,0;1;0,2243;0,6448;0,1309
57992;2020-12-03;T20-21;SP2;Tenerife;Sabadell;1;2;2,0;1;0,2382;0,5723;0,1895
57991;2020-12-03;T20-21;SP2;Oviedo;Alcorcon;1;1;0,0;1;0,2775;0,5088;0,2136
57990;2020-12-03;T20-21;SP2;Almeria;Mallorca;0;1;2,0;1;0,2356;0,5858;0,1786
6201;2020-12-04;T20-21;D1;Hertha;Union Berlin;3;1;1,0;1;0,2774;0,5095;0,2131
45480;2020-12-04;T20-21;SP1;Ath Bilbao;Celta;0;2;2,0;1;0,2423;0,5686;0,1891
26793;2020-12-04;T20-21;F1;Nimes;Marseille;0;2;2,0;2;0,2535;0,2431;0,5034
6205;2020-12-05;T20-21;D1;Freiburg;M'gladbach;2;2;0,0;1;0,268;0,386;0,346
57995;2020-12-05;T20-21;SP2;Ponferradina;Las Palmas;0;0;0,0;1;0,2708;0,4692;0,2599
6204;2020-12-05;T20-21;D1;FC Koln;Wolfsburg;2;2;0,0;2;0,2679;0,3614;0,3707
6203;2020-12-05;T20-21;D1;Ein Frankfurt;Dortmund;1;1;0,0;2;0,2218;0,1908;0,5874
45484;2020-12-05;T20-21;SP1;Cadiz;Barcelona;2;1;1,0;2;0,1319;0,0994;0,7687
45483;2020-12-05;T20-21;SP1;Ath Madrid;Valladolid;2;0;1,0;1;0,2139;0,6828;0,1032
45482;2020-12-05;T20-21;SP1;Sevilla;Real Madrid;0;1;2,0;2;0,2962;0,1546;0,5492
35368;2020-12-05;T20-21;I1;Inter;Bologna;3;1;1,0;1;0,2079;0,6934;0,0987
45481;2020-12-05;T20-21;SP1;Levante;Getafe;3;0;1,0;1;0,2602;0,3853;0,3546
6206;2020-12-05;T20-21;D1;Bayern Munich;RB Leipzig;3;3;0,0;1;0,2253;0,6553;0,1194
35367;2020-12-05;T20-21;I1;Juventus;Torino;2;1;1,0;1;0,1843;0,7334;0,0823
6202;2020-12-05;T20-21;D1;Bielefeld;Mainz;2;1;1,0;1;0,27;0,3882;0,3418
16251;2020-12-05;T20-21;E0;Chelsea;Leeds;3;1;1,0;1;0,2042;0,7081;0,0877
26794;2020-12-05;T20-21;F1;Rennes;Lens;0;2;2,0;1;0,2383;0,5741;0,1875
26795;2020-12-05;T20-21;F1;Montpellier;Paris SG;1;3;2,0;2;0,2276;0,2132;0,5592
16248;2020-12-05;T20-21;E0;Burnley;Everton;1;1;0,0;1;0,2794;0,3794;0,3412
16249;2020-12-05;T20-21;E0;Man City;Fulham;2;0;1,0;1;0,2144;0,6827;0,1029
16250;2020-12-05;T20-21;E0;West Ham;Man United;1;3;2,0;2;0,1563;0,1259;0,7178
35366;2020-12-05;T20-21;I1;Spezia;Lazio;1;2;2,0;2;0,2528;0,2425;0,5047
57997;2020-12-05;T20-21;SP2;Malaga;Cartagena;1;2;2,0;1;0,2679;0,5288;0,2034
57994;2020-12-05;T20-21;SP2;Vallecano;Logrones;2;1;1,0;1;0,2716;0,5286;0,1999
57996;2020-12-05;T20-21;SP2;Mirandes;Lugo;0;0;0,0;1;0,2844;0,4331;0,2825
16255;2020-12-06;T20-21;E0;Liverpool;Wolves;4;0;1,0;1;0,1924;0,7235;0,0841
16254;2020-12-06;T20-21;E0;Tottenham;Arsenal;2;0;1,0;2;0,292;0,2624;0,4456
26801;2020-12-06;T20-21;F1;Reims;Nice;0;0;0,0;1;0,2837;0,4202;0,2962
26800;2020-12-06;T20-21;F1;Nantes;Strasbourg;0;4;2,0;1;0,2632;0,4631;0,2737
6207;2020-12-06;T20-21;D1;Werder Bremen;Stuttgart;1;2;2,0;1;0,2143;0,6554;0,1303
6208;2020-12-06;T20-21;D1;Schalke 04;Leverkusen;0;3;2,0;1;0,2594;0,3774;0,3632
26802;2020-12-06;T20-21;F1;Metz;Lyon;1;3;2,0;2;0,2073;0,1942;0,5985
35369;2020-12-06;T20-21;I1;Verona;Cagliari;1;1;0,0;1;0,2628;0,4327;0,3045
26798;2020-12-06;T20-21;F1;Bordeaux;Brest;1;0;1,0;1;0,2039;0,6829;0,1132
45485;2020-12-06;T20-21;SP1;Granada;Huesca;3;3;0,0;1;0,2688;0,3845;0,3466
26796;2020-12-06;T20-21;F1;Lille;Monaco;2;1;1,0;1;0,2508;0,4871;0,2621
26797;2020-12-06;T20-21;F1;Angers;Lorient;2;0;1,0;1;0,2764;0,4308;0,2928
45488;2020-12-06;T20-21;SP1;Alaves;Sociedad;0;0;0,0;1;0,2797;0,3984;0,3219
45487;2020-12-06;T20-21;SP1;Villarreal;Elche;0;0;0,0;1;0,203;0,6875;0,1095
45486;2020-12-06;T20-21;SP1;Osasuna;Betis;0;2;2,0;1;0,2683;0,39;0,3417
58002;2020-12-06;T20-21;SP2;Zaragoza;Fuenlabrada;1;0;1,0;1;0,2778;0,5118;0,2104
57998;2020-12-06;T20-21;SP2;Alcorcon;Almeria;0;1;2,0;1;0,2594;0,55;0,1906
58000;2020-12-06;T20-21;SP2;Albacete;Girona;0;2;2,0;1;0,2767;0,5005;0,2228
57999;2020-12-06;T20-21;SP2;Espanol;Sp Gijon;2;0;1,0;1;0,2955;0,361;0,3436
58001;2020-12-06;T20-21;SP2;Sabadell;Oviedo;0;1;2,0;1;0,2877;0,424;0,2883
16253;2020-12-06;T20-21;E0;Sheffield United;Leicester;1;2;2,0;1;0,291;0,4179;0,2911
35373;2020-12-06;T20-21;I1;Sampdoria;Milan;1;2;2,0;2;0,2246;0,2117;0,5637
26799;2020-12-06;T20-21;F1;Dijon;St Etienne;0;0;0,0;1;0,2693;0,4007;0,3301
35372;2020-12-06;T20-21;I1;Crotone;Napoli;0;4;2,0;2;0,2371;0,2367;0,5262
35371;2020-12-06;T20-21;I1;Roma;Sassuolo;0;0;0,0;1;0,1989;0,7158;0,0853
35370;2020-12-06;T20-21;I1;Parma;Benevento;0;0;0,0;1;0,2698;0,5243;0,2059
16252;2020-12-06;T20-21;E0;West Brom;Crystal Palace;1;5;2,0;1;0,2419;0,3893;0,3688
45489;2020-12-07;T20-21;SP1;Eibar;Valencia;0;0;0,0;2;0,2504;0,2351;0,5145
35374;2020-12-07;T20-21;I1;Fiorentina;Genoa;1;1;0,0;1;0,2213;0,6444;0,1344
58004;2020-12-07;T20-21;SP2;Mallorca;Castellon;3;1;1,0;1;0,2745;0,5117;0,2138
58003;2020-12-07;T20-21;SP2;Tenerife;Leganes;0;0;0,0;1;0,2421;0,5802;0,1777
6209;2020-12-07;T20-21;D1;Hoffenheim;Augsburg;3;1;1,0;1;0,2503;0,5081;0,2417
16256;2020-12-07;T20-21;E0;Brighton;Southampton;1;2;2,0;1;0,2801;0,399;0,3209
58005;2020-12-09;T20-21;SP2;Almeria;Zaragoza;1;0;1,0;1;0,2546;0,537;0,2085
58006;2020-12-09;T20-21;SP2;Sabadell;Alcorcon;1;1;0,0;1;0,2913;0,4172;0,2915
58007;2020-12-10;T20-21;SP2;Girona;Logrones;2;0;1,0;1;0,2494;0,5607;0,1899
16257;2020-12-11;T20-21;E0;Leeds;West Ham;1;2;2,0;1;0,2584;0,5012;0,2404
58009;2020-12-11;T20-21;SP2;Oviedo;Tenerife;4;2;1,0;1;0,2577;0,4952;0,2471
6210;2020-12-11;T20-21;D1;Wolfsburg;Ein Frankfurt;2;1;1,0;1;0,2369;0,5812;0,1819
35375;2020-12-11;T20-21;I1;Sassuolo;Benevento;1;0;1,0;1;0,2858;0,4071;0,3071
58008;2020-12-11;T20-21;SP2;Lugo;Ponferradina;1;0;1,0;1;0,2739;0,4618;0,2643
45490;2020-12-11;T20-21;SP1;Valladolid;Osasuna;3;2;1,0;1;0,2655;0,417;0,3174
26803;2020-12-11;T20-21;F1;St Etienne;Angers;0;0;0,0;1;0,2356;0,5901;0,1743
6216;2020-12-12;T20-21;D1;Union Berlin;Bayern Munich;1;1;0,0;2;0,1383;0,1125;0,7492
45491;2020-12-12;T20-21;SP1;Valencia;Ath Bilbao;2;2;0,0;1;0,2151;0,6779;0,107
45492;2020-12-12;T20-21;SP1;Getafe;Sevilla;0;1;2,0;2;0,2881;0,3378;0,3741
58010;2020-12-12;T20-21;SP2;Leganes;Mallorca;0;1;2,0;1;0,2732;0,5146;0,2122
6215;2020-12-12;T20-21;D1;RB Leipzig;Werder Bremen;2;0;1,0;1;0,2795;0,4838;0,2367
45493;2020-12-12;T20-21;SP1;Huesca;Alaves;1;0;1,0;1;0,2826;0,4072;0,3102
6212;2020-12-12;T20-21;D1;Freiburg;Bielefeld;2;0;1,0;1;0,2713;0,3901;0,3386
6211;2020-12-12;T20-21;D1;Dortmund;Stuttgart;1;5;2,0;1;0,2014;0,7096;0,089
6213;2020-12-12;T20-21;D1;Mainz;FC Koln;0;1;2,0;1;0,2758;0,4491;0,275
6214;2020-12-12;T20-21;D1;M'gladbach;Hertha;1;1;0,0;1;0,238;0,5726;0,1893
45494;2020-12-12;T20-21;SP1;Real Madrid;Ath Madrid;2;0;1,0;1;0,2543;0,596;0,1497
35378;2020-12-12;T20-21;I1;Lazio;Verona;1;2;2,0;1;0,2076;0,6941;0,0982
35377;2020-12-12;T20-21;I1;Torino;Udinese;2;3;2,0;1;0,273;0,4008;0,3262
35376;2020-12-12;T20-21;I1;Crotone;Spezia;4;1;1,0;1;0,293;0,3602;0,3468
26805;2020-12-12;T20-21;F1;Lens;Montpellier;2;3;2,0;1;0,2528;0,5098;0,2374
16258;2020-12-12;T20-21;E0;Wolves;Aston Villa;0;1;2,0;1;0,2676;0,391;0,3414
16259;2020-12-12;T20-21;E0;Newcastle;West Brom;2;1;1,0;1;0,2433;0,5412;0,2155
26804;2020-12-12;T20-21;F1;Marseille;Monaco;2;1;1,0;1;0,2504;0,4896;0,2599
16261;2020-12-12;T20-21;E0;Everton;Chelsea;1;0;1,0;2;0,289;0,179;0,532
16260;2020-12-12;T20-21;E0;Man United;Man City;0;0;0,0;1;0,2794;0,5325;0,1881
58012;2020-12-12;T20-21;SP2;Fuenlabrada;Mirandes;0;1;2,0;1;0,2736;0,4947;0,2317
58011;2020-12-12;T20-21;SP2;Castellon;Albacete;3;0;1,0;1;0,2582;0,4773;0,2645
58016;2020-12-13;T20-21;SP2;Cartagena;Sabadell;1;2;2,0;1;0,2844;0,4319;0,2837
58017;2020-12-13;T20-21;SP2;Sp Gijon;Zaragoza;1;0;1,0;1;0,2612;0,5751;0,1637
58013;2020-12-13;T20-21;SP2;Logrones;Espanol;0;3;2,0;1;0,3052;0,3833;0,3115
35381;2020-12-13;T20-21;I1;Bologna;Roma;1;5;2,0;2;0,2148;0,1777;0,6075
58015;2020-12-13;T20-21;SP2;Las Palmas;Alcorcon;0;0;0,0;1;0,2639;0,5456;0,1905
35379;2020-12-13;T20-21;I1;Cagliari;Inter;1;3;2,0;2;0,2127;0,1721;0,6152
45498;2020-12-13;T20-21;SP1;Barcelona;Levante;1;0;1,0;1;0,1674;0,7575;0,0751
45497;2020-12-13;T20-21;SP1;Elche;Granada;0;1;2,0;1;0,2745;0,4045;0,321
45496;2020-12-13;T20-21;SP1;Betis;Villarreal;1;1;0,0;1;0,2983;0,3983;0,3034
35380;2020-12-13;T20-21;I1;Atalanta;Fiorentina;3;0;1,0;1;0,2858;0,4794;0,2349
45495;2020-12-13;T20-21;SP1;Sociedad;Eibar;1;1;0,0;1;0,2508;0,5707;0,1785
58014;2020-12-13;T20-21;SP2;Almeria;Malaga;3;1;1,0;1;0,2537;0,542;0,2043
35382;2020-12-13;T20-21;I1;Napoli;Sampdoria;2;1;1,0;1;0,2073;0,6963;0,0965
16265;2020-12-13;T20-21;E0;Arsenal;Burnley;0;1;2,0;1;0,1903;0,7249;0,0849
35384;2020-12-13;T20-21;I1;Milan;Parma;2;2;0,0;1;0,2032;0,7005;0,0963
16264;2020-12-13;T20-21;E0;Fulham;Liverpool;1;1;0,0;2;0,2086;0,1698;0,6216
6217;2020-12-13;T20-21;D1;Augsburg;Schalke 04;2;2;0,0;2;0,2706;0,2529;0,4765
6218;2020-12-13;T20-21;D1;Leverkusen;Hoffenheim;4;1;1,0;1;0,1898;0,7136;0,0966
35383;2020-12-13;T20-21;I1;Genoa;Juventus;1;3;2,0;2;0,1495;0,1201;0,7304
16262;2020-12-13;T20-21;E0;Southampton;Sheffield United;3;0;1,0;1;0,2853;0,4703;0,2445
26806;2020-12-13;T20-21;F1;Nice;Rennes;0;1;2,0;1;0,245;0,5723;0,1827
16263;2020-12-13;T20-21;E0;Crystal Palace;Tottenham;1;1;0,0;2;0,2274;0,2103;0,5623
26808;2020-12-13;T20-21;F1;Lorient;Nimes;3;0;1,0;1;0,2835;0,4689;0,2476
26809;2020-12-13;T20-21;F1;Nantes;Dijon;1;1;0,0;1;0,2709;0,451;0,2781
26810;2020-12-13;T20-21;F1;Strasbourg;Metz;2;2;0,0;1;0,2679;0,4097;0,3224
26811;2020-12-13;T20-21;F1;Lille;Bordeaux;2;1;1,0;1;0,229;0,5738;0,1971
16266;2020-12-13;T20-21;E0;Leicester;Brighton;3;0;1,0;1;0,2863;0,4661;0,2475
26807;2020-12-13;T20-21;F1;Brest;Reims;2;1;1,0;1;0,2905;0,4174;0,2921
26812;2020-12-13;T20-21;F1;Paris SG;Lyon;0;1;2,0;1;0,3251;0,43;0,245
58018;2020-12-14;T20-21;SP2;Girona;Vallecano;0;0;0,0;1;0,2491;0,5575;0,1934
45499;2020-12-14;T20-21;SP1;Celta;Cadiz;4;0;1,0;1;0,2859;0,4733;0,2408
6222;2020-12-15;T20-21;D1;Werder Bremen;Dortmund;1;2;2,0;2;0,2774;0,3309;0,3917
6221;2020-12-15;T20-21;D1;Stuttgart;Union Berlin;2;2;0,0;1;0,2583;0,5574;0,1843
6220;2020-12-15;T20-21;D1;Hertha;Mainz;0;0;0,0;1;0,2482;0,5051;0,2467
6219;2020-12-15;T20-21;D1;Ein Frankfurt;M'gladbach;3;3;0,0;1;0,274;0,3912;0,3348
45500;2020-12-15;T20-21;SP1;Real Madrid;Ath Bilbao;3;1;1,0;1;0,169;0,7556;0,0753
35385;2020-12-15;T20-21;I1;Udinese;Crotone;0;0;0,0;1;0,2757;0,5118;0,2125
35386;2020-12-15;T20-21;I1;Benevento;Lazio;1;1;0,0;2;0,2385;0,2263;0,5352
16268;2020-12-15;T20-21;E0;Man City;West Brom;1;1;0,0;1;0,2143;0,683;0,1027
16267;2020-12-15;T20-21;E0;Wolves;Chelsea;2;1;1,0;2;0,172;0,1415;0,6865
26818;2020-12-16;T20-21;F1;Bordeaux;St Etienne;1;2;2,0;1;0,197;0,6952;0,1078
6225;2020-12-16;T20-21;D1;Bielefeld;Augsburg;0;1;2,0;1;0,2789;0,397;0,3241
6224;2020-12-16;T20-21;D1;Bayern Munich;Wolfsburg;2;1;1,0;1;0,1706;0,758;0,0714
6223;2020-12-16;T20-21;D1;Schalke 04;Freiburg;0;2;2,0;1;0,2019;0,6767;0,1214
16274;2020-12-16;T20-21;E0;West Ham;Crystal Palace;1;1;0,0;1;0,2772;0,3963;0,3265
16273;2020-12-16;T20-21;E0;Liverpool;Tottenham;2;1;1,0;1;0,2506;0,5944;0,1549
16272;2020-12-16;T20-21;E0;Fulham;Brighton;0;0;0,0;1;0,282;0,3833;0,3347
16271;2020-12-16;T20-21;E0;Leicester;Everton;0;2;2,0;1;0,2852;0,4739;0,2409
16270;2020-12-16;T20-21;E0;Leeds;Newcastle;5;2;1,0;1;0,2619;0,4822;0,2559
16269;2020-12-16;T20-21;E0;Arsenal;Southampton;1;1;0,0;1;0,1904;0,7261;0,0835
26813;2020-12-16;T20-21;F1;Angers;Strasbourg;0;2;2,0;1;0,2738;0,4313;0,295
26814;2020-12-16;T20-21;F1;Dijon;Lille;0;2;2,0;2;0,2465;0,221;0,5325
26816;2020-12-16;T20-21;F1;Nimes;Nice;0;2;2,0;1;0,2839;0,422;0,2941
6226;2020-12-16;T20-21;D1;FC Koln;Leverkusen;0;4;2,0;2;0,2035;0,2655;0,531
26817;2020-12-16;T20-21;F1;Reims;Nantes;3;2;1,0;1;0,2757;0,4099;0,3144
45501;2020-12-16;T20-21;SP1;Barcelona;Sociedad;2;1;1,0;1;0,1589;0,7728;0,0682
26819;2020-12-16;T20-21;F1;Lyon;Brest;2;2;0,0;1;0,1967;0,718;0,0854
26820;2020-12-16;T20-21;F1;Monaco;Lens;0;3;2,0;1;0,2099;0,6829;0,1072
26821;2020-12-16;T20-21;F1;Paris SG;Lorient;2;0;1,0;1;0,1969;0,7119;0,0912
26822;2020-12-16;T20-21;F1;Rennes;Marseille;2;1;1,0;1;0,2675;0,3729;0,3596
35393;2020-12-16;T20-21;I1;Verona;Sampdoria;1;2;2,0;1;0,2663;0,3832;0,3506
35392;2020-12-16;T20-21;I1;Spezia;Bologna;2;2;0,0;1;0,2759;0,4424;0,2817
35390;2020-12-16;T20-21;I1;Inter;Napoli;1;0;1,0;1;0,2775;0,5191;0,2034
35389;2020-12-16;T20-21;I1;Genoa;Milan;2;2;0,0;2;0,215;0,1739;0,611
35388;2020-12-16;T20-21;I1;Fiorentina;Sassuolo;1;1;0,0;1;0,2189;0,6615;0,1196
35387;2020-12-16;T20-21;I1;Juventus;Atalanta;1;1;0,0;1;0,1832;0,7388;0,078
26815;2020-12-16;T20-21;F1;Montpellier;Metz;0;2;2,0;1;0,2423;0,565;0,1927
6227;2020-12-16;T20-21;D1;Hoffenheim;RB Leipzig;0;1;2,0;2;0,2785;0,346;0,3755
35391;2020-12-16;T20-21;I1;Parma;Cagliari;0;0;0,0;1;0,2374;0,5584;0,2042
16275;2020-12-17;T20-21;E0;Aston Villa;Burnley;0;0;0,0;1;0,2786;0,3971;0,3243
16276;2020-12-17;T20-21;E0;Sheffield United;Man United;2;3;2,0;2;0,1531;0,1223;0,7245
35394;2020-12-17;T20-21;I1;Roma;Torino;3;1;1,0;1;0,1986;0,7101;0,0913
45502;2020-12-18;T20-21;SP1;Ath Bilbao;Huesca;2;0;1,0;1;0,2494;0,5705;0,18
6228;2020-12-18;T20-21;D1;Union Berlin;Dortmund;2;1;1,0;2;0,2195;0,1977;0,5828
58019;2020-12-18;T20-21;SP2;Ponferradina;Oviedo;1;0;1,0;1;0,2822;0,4835;0,2343
26823;2020-12-19;T20-21;F1;Metz;Lens;2;0;1,0;1;0,2353;0,3871;0,3775
26824;2020-12-19;T20-21;F1;Marseille;Reims;1;1;0,0;1;0,1927;0,7064;0,1009
26825;2020-12-19;T20-21;F1;Nice;Lyon;1;4;2,0;2;0,2439;0,2418;0,5143
6230;2020-12-19;T20-21;D1;Mainz;Werder Bremen;0;1;2,0;1;0,3039;0,3552;0,3409
35397;2020-12-19;T20-21;I1;Parma;Juventus;0;4;2,0;2;0,1488;0,1371;0,7141
35396;2020-12-19;T20-21;I1;Sampdoria;Crotone;3;1;1,0;1;0,268;0,5327;0,1993
35395;2020-12-19;T20-21;I1;Fiorentina;Verona;1;1;0,0;1;0,224;0,6455;0,1305
45506;2020-12-19;T20-21;SP1;Osasuna;Villarreal;1;3;2,0;2;0,2849;0,3544;0,3607
16279;2020-12-19;T20-21;E0;Everton;Arsenal;2;1;1,0;2;0,2975;0,2164;0,4861
45505;2020-12-19;T20-21;SP1;Levante;Sociedad;2;1;1,0;1;0,2652;0,3873;0,3475
45504;2020-12-19;T20-21;SP1;Barcelona;Valencia;2;2;0,0;1;0,2292;0,6506;0,1202
45503;2020-12-19;T20-21;SP1;Ath Madrid;Elche;3;1;1,0;1;0,2089;0,7003;0,0908
58022;2020-12-19;T20-21;SP2;Zaragoza;Lugo;1;0;1,0;1;0,2526;0,5372;0,2101
58021;2020-12-19;T20-21;SP2;Mallorca;Fuenlabrada;2;3;2,0;1;0,2897;0,4752;0,2351
58020;2020-12-19;T20-21;SP2;Sabadell;Castellon;1;1;0,0;1;0,2875;0,4223;0,2902
45507;2020-12-19;T20-21;SP1;Sevilla;Valladolid;1;1;0,0;1;0,2037;0,6917;0,1045
16280;2020-12-19;T20-21;E0;Newcastle;Fulham;1;1;0,0;1;0,2425;0,5439;0,2137
6229;2020-12-19;T20-21;D1;Augsburg;Ein Frankfurt;0;2;2,0;1;0,2717;0,4028;0,3255
16278;2020-12-19;T20-21;E0;Southampton;Man City;0;1;2,0;2;0,2186;0,2245;0,5569
16277;2020-12-19;T20-21;E0;Crystal Palace;Liverpool;0;7;2,0;2;0,2088;0,1737;0,6176
6231;2020-12-19;T20-21;D1;M'gladbach;Hoffenheim;1;2;2,0;1;0,236;0,5889;0,1751
6232;2020-12-19;T20-21;D1;RB Leipzig;FC Koln;0;0;0,0;1;0,2391;0,5924;0,1685
6233;2020-12-19;T20-21;D1;Schalke 04;Bielefeld;0;1;2,0;1;0,2101;0,678;0,112
6234;2020-12-19;T20-21;D1;Leverkusen;Bayern Munich;1;2;2,0;2;0,2976;0,1538;0,5486
26831;2020-12-20;T20-21;F1;Lorient;Rennes;0;3;2,0;1;0,288;0,4628;0,2492
26832;2020-12-20;T20-21;F1;Lille;Paris SG;0;0;0,0;2;0,2894;0,2946;0,416
58023;2020-12-20;T20-21;SP2;Alcorcon;Cartagena;2;1;1,0;1;0,2623;0,5438;0,1939
26829;2020-12-20;T20-21;F1;St Etienne;Nimes;2;2;0,0;1;0,2356;0,5905;0,1739
58024;2020-12-20;T20-21;SP2;Espanol;Almeria;2;1;1,0;1;0,2777;0,4972;0,2252
58026;2020-12-20;T20-21;SP2;Malaga;Logrones;0;0;0,0;1;0,2816;0,5002;0,2182
35399;2020-12-20;T20-21;I1;Benevento;Genoa;2;0;1,0;1;0,273;0,3976;0,3293
35398;2020-12-20;T20-21;I1;Torino;Bologna;1;1;0,0;1;0,274;0,4217;0,3043
6235;2020-12-20;T20-21;D1;Freiburg;Hertha;4;1;1,0;1;0,2726;0,3917;0,3356
6236;2020-12-20;T20-21;D1;Wolfsburg;Stuttgart;1;0;1,0;1;0,2329;0,5871;0,18
45510;2020-12-20;T20-21;SP1;Cadiz;Getafe;0;2;2,0;1;0,2757;0,4119;0,3124
45509;2020-12-20;T20-21;SP1;Granada;Betis;2;0;1,0;1;0,2612;0,3859;0,3529
45508;2020-12-20;T20-21;SP1;Celta;Alaves;2;0;1,0;1;0,268;0,4658;0,2662
58025;2020-12-20;T20-21;SP2;Vallecano;Las Palmas;2;0;1,0;1;0,2444;0,5602;0,1954
26828;2020-12-20;T20-21;F1;Nantes;Angers;1;1;0,0;1;0,2833;0,474;0,2427
26830;2020-12-20;T20-21;F1;Strasbourg;Bordeaux;0;2;2,0;2;0,2753;0,2672;0,4574
26826;2020-12-20;T20-21;F1;Brest;Montpellier;2;2;0,0;1;0,2834;0,4184;0,2982
35404;2020-12-20;T20-21;I1;Lazio;Napoli;2;0;1,0;1;0,2606;0,4071;0,3323
35403;2020-12-20;T20-21;I1;Atalanta;Roma;4;1;1,0;2;0,2217;0,2066;0,5717
16284;2020-12-20;T20-21;E0;West Brom;Aston Villa;0;3;2,0;1;0,2431;0,3992;0,3577
45511;2020-12-20;T20-21;SP1;Eibar;Real Madrid;1;3;2,0;2;0,138;0,1073;0,7547
35402;2020-12-20;T20-21;I1;Sassuolo;Milan;1;2;2,0;2;0,2148;0,1731;0,6121
35401;2020-12-20;T20-21;I1;Inter;Spezia;2;1;1,0;1;0,2202;0,6812;0,0985
35400;2020-12-20;T20-21;I1;Cagliari;Udinese;1;1;0,0;1;0,268;0,3871;0,3449
16281;2020-12-20;T20-21;E0;Brighton;Sheffield United;1;1;0,0;1;0,2847;0,3941;0,3212
16282;2020-12-20;T20-21;E0;Tottenham;Leicester;0;2;2,0;1;0,1909;0,7092;0,0999
16283;2020-12-20;T20-21;E0;Man United;Leeds;6;2;1,0;1;0,1965;0,7202;0,0833
26827;2020-12-20;T20-21;F1;Dijon;Monaco;0;1;2,0;2;0,2427;0,22;0,5373
58029;2020-12-21;T20-21;SP2;Tenerife;Girona;2;0;1,0;1;0,2379;0,5869;0,1752
58027;2020-12-21;T20-21;SP2;Mirandes;Albacete;0;2;2,0;1;0,2749;0,4278;0,2973
16285;2020-12-21;T20-21;E0;Burnley;Wolves;2;1;1,0;1;0,2721;0,3916;0,3363
16286;2020-12-21;T20-21;E0;Chelsea;West Ham;3;0;1,0;1;0,1972;0,7117;0,091
58028;2020-12-21;T20-21;SP2;Sp Gijon;Leganes;1;1;0,0;1;0,2254;0,6513;0,1233
45517;2020-12-22;T20-21;SP1;Villarreal;Ath Bilbao;1;1;0,0;1;0,2116;0,6689;0,1195
45516;2020-12-22;T20-21;SP1;Valladolid;Barcelona;0;3;2,0;2;0,135;0,1048;0,7601
45515;2020-12-22;T20-21;SP1;Sociedad;Ath Madrid;0;2;2,0;2;0,2554;0,3021;0,4425
45514;2020-12-22;T20-21;SP1;Huesca;Levante;1;1;0,0;1;0,2741;0,4298;0,2961
35406;2020-12-22;T20-21;I1;Juventus;Fiorentina;0;3;2,0;1;0,2139;0,6887;0,0974
45513;2020-12-22;T20-21;SP1;Valencia;Sevilla;0;1;2,0;1;0,2373;0,5602;0,2025
45512;2020-12-22;T20-21;SP1;Elche;Osasuna;2;2;0,0;1;0,272;0,4322;0,2958
35405;2020-12-22;T20-21;I1;Crotone;Parma;2;1;1,0;1;0,273;0,3963;0,3307
45519;2020-12-23;T20-21;SP1;Real Madrid;Granada;2;0;1,0;1;0,1694;0,7546;0,076
45520;2020-12-23;T20-21;SP1;Alaves;Eibar;2;1;1,0;1;0,287;0,4018;0,3112
35407;2020-12-23;T20-21;I1;Verona;Inter;1;2;2,0;2;0,2117;0,1737;0,6146
35408;2020-12-23;T20-21;I1;Bologna;Atalanta;2;2;0,0;1;0,2563;0,3901;0,3536
45518;2020-12-23;T20-21;SP1;Getafe;Celta;1;1;0,0;1;0,2571;0,4799;0,263
35409;2020-12-23;T20-21;I1;Milan;Lazio;3;2;1,0;1;0,2675;0,5447;0,1878
35410;2020-12-23;T20-21;I1;Napoli;Torino;1;1;0,0;1;0,2073;0,6957;0,097
35411;2020-12-23;T20-21;I1;Roma;Cagliari;3;2;1,0;1;0,2136;0,6869;0,0995
26833;2020-12-23;T20-21;F1;Bordeaux;Reims;1;3;2,0;1;0,2039;0,6829;0,1132
26834;2020-12-23;T20-21;F1;Lens;Brest;2;1;1,0;1;0,2704;0,5272;0,2024
35412;2020-12-23;T20-21;I1;Sampdoria;Sassuolo;2;3;2,0;1;0,2644;0,5389;0,1968
26836;2020-12-23;T20-21;F1;Nimes;Dijon;1;3;2,0;1;0,2807;0,4122;0,3071
26837;2020-12-23;T20-21;F1;Rennes;Metz;1;0;1,0;1;0,2376;0,579;0,1833
26838;2020-12-23;T20-21;F1;Angers;Marseille;2;1;1,0;2;0,2539;0,2452;0,5009
45521;2020-12-23;T20-21;SP1;Betis;Cadiz;1;0;1,0;1;0,2871;0,4295;0,2834
26840;2020-12-23;T20-21;F1;Monaco;St Etienne;2;2;0,0;1;0,1886;0,707;0,1044
26839;2020-12-23;T20-21;F1;Lyon;Nantes;3;0;1,0;1;0,197;0,7135;0,0895
26842;2020-12-23;T20-21;F1;Paris SG;Strasbourg;4;0;1,0;1;0,1958;0,7147;0,0895
35414;2020-12-23;T20-21;I1;Udinese;Benevento;0;2;2,0;1;0,2727;0,5165;0,2108
26841;2020-12-23;T20-21;F1;Montpellier;Lille;2;3;2,0;2;0,2773;0,3499;0,3728
26835;2020-12-23;T20-21;F1;Nice;Lorient;2;2;0,0;1;0,2399;0,5787;0,1814
35413;2020-12-23;T20-21;I1;Spezia;Genoa;1;2;2,0;1;0,2771;0,4264;0,2965
16291;2020-12-26;T20-21;E0;Man City;Newcastle;2;0;1,0;1;0,2074;0,6929;0,0997
16292;2020-12-26;T20-21;E0;Sheffield United;Everton;0;1;2,0;1;0,287;0,4128;0,3002
16288;2020-12-26;T20-21;E0;Aston Villa;Crystal Palace;3;0;1,0;1;0,2806;0,4031;0,3163
16289;2020-12-26;T20-21;E0;Fulham;Southampton;0;0;0,0;1;0,2749;0,3935;0,3316
16290;2020-12-26;T20-21;E0;Arsenal;Chelsea;3;1;1,0;1;0,3423;0,3704;0,2873
16287;2020-12-26;T20-21;E0;Leicester;Man United;2;2;0,0;2;0,152;0,1309;0,717
16293;2020-12-27;T20-21;E0;Leeds;Burnley;1;0;1,0;1;0,2607;0,4696;0,2698
16294;2020-12-27;T20-21;E0;West Ham;Brighton;2;2;0,0;1;0,2842;0,3868;0,329
16295;2020-12-27;T20-21;E0;Liverpool;West Brom;1;1;0,0;1;0,2031;0,7029;0,094
16296;2020-12-27;T20-21;E0;Wolves;Tottenham;1;1;0,0;2;0,2334;0,2129;0,5537
16297;2020-12-28;T20-21;E0;Crystal Palace;Leicester;1;1;0,0;1;0,2744;0,3743;0,3513
16298;2020-12-28;T20-21;E0;Chelsea;Aston Villa;1;1;0,0;1;0,1905;0,7219;0,0875
45525;2020-12-29;T20-21;SP1;Levante;Betis;4;3;1,0;1;0,262;0,3865;0,3515
16303;2020-12-29;T20-21;E0;Man United;Wolves;1;0;1,0;1;0,1828;0,738;0,0792
16299;2020-12-29;T20-21;E0;Brighton;Arsenal;0;1;2,0;2;0,1947;0,1554;0,6499
16302;2020-12-29;T20-21;E0;West Brom;Leeds;0;5;2,0;2;0,2526;0,3497;0,3977
16300;2020-12-29;T20-21;E0;Burnley;Sheffield United;1;0;1,0;1;0,2782;0,3826;0,3393
16301;2020-12-29;T20-21;E0;Southampton;West Ham;0;0;0,0;1;0,2639;0,4866;0,2496
45522;2020-12-29;T20-21;SP1;Sevilla;Villarreal;2;0;1,0;1;0,2202;0,6571;0,1227
45523;2020-12-29;T20-21;SP1;Barcelona;Eibar;1;1;0,0;1;0,1581;0,7762;0,0656
45524;2020-12-29;T20-21;SP1;Cadiz;Valladolid;0;0;0,0;1;0,2754;0,4198;0,3048
45528;2020-12-30;T20-21;SP1;Celta;Huesca;2;1;1,0;1;0,2764;0,4984;0,2252
45529;2020-12-30;T20-21;SP1;Elche;Real Madrid;1;1;0,0;2;0,1381;0,107;0,7548
45526;2020-12-30;T20-21;SP1;Granada;Valencia;2;1;1,0;2;0,2179;0,2191;0,563
16304;2020-12-30;T20-21;E0;Newcastle;Liverpool;0;0;0,0;2;0,2016;0,1858;0,6126
45527;2020-12-30;T20-21;SP1;Ath Madrid;Getafe;1;0;1,0;1;0,2092;0,6903;0,1005
45530;2020-12-31;T20-21;SP1;Ath Bilbao;Sociedad;0;1;2,0;1;0,2427;0,5682;0,1891
45531;2020-12-31;T20-21;SP1;Osasuna;Alaves;1;1;0,0;1;0,2717;0,3904;0,3379
16306;2021-01-01;T20-21;E0;Man United;Aston Villa;2;1;1,0;1;0,1849;0,7308;0,0843
16305;2021-01-01;T20-21;E0;Everton;West Ham;0;1;2,0;1;0,2217;0,6332;0,1451
58031;2021-01-02;T20-21;SP2;Vallecano;Alcorcon;2;1;1,0;1;0,2598;0,5524;0,1878
16307;2021-01-02;T20-21;E0;Tottenham;Leeds;3;0;1,0;1;0,2061;0,6852;0,1086
45534;2021-01-02;T20-21;SP1;Getafe;Valladolid;0;1;2,0;1;0,2561;0,5015;0,2425
45535;2021-01-02;T20-21;SP1;Real Madrid;Celta;2;0;1,0;1;0,1672;0,7608;0,0721
16308;2021-01-02;T20-21;E0;Crystal Palace;Sheffield United;2;0;1,0;1;0,2735;0,3752;0,3514
45533;2021-01-02;T20-21;SP1;Betis;Sevilla;1;1;0,0;2;0,275;0,2603;0,4647
45532;2021-01-02;T20-21;SP1;Villarreal;Levante;2;1;1,0;1;0,2057;0,6691;0,1251
58030;2021-01-02;T20-21;SP2;Fuenlabrada;Leganes;0;0;0,0;1;0,2851;0,4735;0,2414
16309;2021-01-02;T20-21;E0;Brighton;Wolves;3;3;0,0;1;0,2791;0,3972;0,3237
6237;2021-01-02;T20-21;D1;Bielefeld;M'gladbach;0;1;2,0;1;0,2733;0,3894;0,3373
6241;2021-01-02;T20-21;D1;Werder Bremen;Union Berlin;0;2;2,0;1;0,2429;0,6124;0,1448
16310;2021-01-02;T20-21;E0;West Brom;Arsenal;0;4;2,0;2;0,2005;0,1983;0,6012
6240;2021-01-02;T20-21;D1;Hoffenheim;Freiburg;1;3;2,0;1;0,2421;0,55;0,2079
6243;2021-01-02;T20-21;D1;Stuttgart;RB Leipzig;0;1;2,0;1;0,2744;0,3877;0,3379
6238;2021-01-02;T20-21;D1;Ein Frankfurt;Leverkusen;2;1;1,0;2;0,2313;0,2324;0,5363
6239;2021-01-02;T20-21;D1;FC Koln;Augsburg;0;1;2,0;1;0,2525;0,3881;0,3593
58033;2021-01-02;T20-21;SP2;Cartagena;Zaragoza;1;1;0,0;1;0,3029;0,3755;0,3216
58032;2021-01-02;T20-21;SP2;Logrones;Mirandes;2;1;1,0;1;0,2825;0,4573;0,2602
6242;2021-01-02;T20-21;D1;Hertha;Schalke 04;3;0;1,0;1;0,288;0,3803;0,3317
58037;2021-01-03;T20-21;SP2;Almeria;Ponferradina;3;1;1,0;1;0,2384;0,5739;0,1877
58038;2021-01-03;T20-21;SP2;Oviedo;Mallorca;2;2;0,0;1;0,2712;0,52;0,2089
58035;2021-01-03;T20-21;SP2;Las Palmas;Espanol;1;0;1,0;1;0,2818;0,4877;0,2305
58034;2021-01-03;T20-21;SP2;Castellon;Tenerife;0;1;2,0;1;0,2655;0,4831;0,2513
45536;2021-01-03;T20-21;SP1;Ath Bilbao;Elche;1;0;1,0;1;0,2531;0,5636;0,1833
45537;2021-01-03;T20-21;SP1;Alaves;Ath Madrid;1;2;2,0;2;0,2334;0,2335;0,5331
45538;2021-01-03;T20-21;SP1;Eibar;Granada;2;0;1,0;1;0,2753;0,4095;0,3151
45539;2021-01-03;T20-21;SP1;Sociedad;Osasuna;1;1;0,0;1;0,2368;0,5931;0,1701
45540;2021-01-03;T20-21;SP1;Huesca;Barcelona;0;1;2,0;2;0,1315;0,0989;0,7696
58036;2021-01-03;T20-21;SP2;Albacete;Malaga;1;1;0,0;1;0,2999;0,4309;0,2692
16311;2021-01-03;T20-21;E0;Newcastle;Leicester;1;2;2,0;1;0,2728;0,5184;0,2087
35424;2021-01-03;T20-21;I1;Juventus;Udinese;4;1;1,0;1;0,1849;0,7316;0,0835
35415;2021-01-03;T20-21;I1;Inter;Crotone;6;2;1,0;1;0,1994;0,7132;0,0874
35416;2021-01-03;T20-21;I1;Atalanta;Sassuolo;5;1;1,0;1;0,2636;0,5411;0,1954
35417;2021-01-03;T20-21;I1;Cagliari;Napoli;1;4;2,0;2;0,23;0,2408;0,5292
35418;2021-01-03;T20-21;I1;Fiorentina;Bologna;0;0;0,0;1;0,2172;0,6453;0,1375
35419;2021-01-03;T20-21;I1;Genoa;Lazio;1;1;0,0;2;0,2495;0,2346;0,516
35420;2021-01-03;T20-21;I1;Parma;Torino;0;3;2,0;1;0,2479;0,5038;0,2483
35421;2021-01-03;T20-21;I1;Roma;Sampdoria;1;0;1,0;1;0,1983;0,7108;0,0909
35422;2021-01-03;T20-21;I1;Spezia;Verona;0;1;2,0;1;0,2743;0,4136;0,312
6244;2021-01-03;T20-21;D1;Dortmund;Wolfsburg;2;0;1,0;1;0,2016;0,7092;0,0892
16312;2021-01-03;T20-21;E0;Chelsea;Man City;1;3;2,0;1;0,2838;0,518;0,1982
35423;2021-01-03;T20-21;I1;Benevento;Milan;0;2;2,0;2;0,2163;0,1745;0,6092
6245;2021-01-03;T20-21;D1;Bayern Munich;Mainz;5;2;1,0;1;0,1718;0,7518;0,0764
16313;2021-01-04;T20-21;E0;Southampton;Liverpool;1;0;1,0;2;0,2016;0,1735;0,625
45541;2021-01-04;T20-21;SP1;Valencia;Cadiz;1;1;0,0;1;0,2143;0,6858;0,0999
58039;2021-01-04;T20-21;SP2;Girona;Sabadell;0;0;0,0;1;0,2375;0,5729;0,1896
58040;2021-01-04;T20-21;SP2;Lugo;Sp Gijon;0;0;0,0;1;0,2967;0,3604;0,3429
26850;2021-01-06;T20-21;F1;Marseille;Montpellier;3;1;1,0;1;0,208;0,6986;0,0934
26848;2021-01-06;T20-21;F1;Lille;Angers;1;2;2,0;1;0,1901;0,7134;0,0965
26849;2021-01-06;T20-21;F1;Lyon;Lens;3;2;1,0;1;0,1964;0,7179;0,0857
26851;2021-01-06;T20-21;F1;Reims;Dijon;0;0;0,0;1;0,2825;0,4174;0,3001
26852;2021-01-06;T20-21;F1;St Etienne;Paris SG;1;1;0,0;2;0,2535;0,2601;0,4864
35432;2021-01-06;T20-21;I1;Torino;Verona;1;1;0,0;1;0,2718;0,3967;0,3315
35431;2021-01-06;T20-21;I1;Sassuolo;Genoa;2;1;1,0;1;0,2747;0,406;0,3193
35430;2021-01-06;T20-21;I1;Sampdoria;Inter;2;1;1,0;2;0,217;0,2018;0,5812
35429;2021-01-06;T20-21;I1;Lazio;Fiorentina;2;1;1,0;1;0,2316;0,6326;0,1358
26843;2021-01-06;T20-21;F1;Brest;Nice;2;0;1,0;1;0,2833;0,4176;0,2991
26844;2021-01-06;T20-21;F1;Lorient;Monaco;2;5;2,0;2;0,2677;0,2729;0,4594
26845;2021-01-06;T20-21;F1;Metz;Bordeaux;0;0;0,0;2;0,2442;0,2426;0,5131
26846;2021-01-06;T20-21;F1;Nantes;Rennes;0;0;0,0;1;0,2874;0,4623;0,2503
26847;2021-01-06;T20-21;F1;Strasbourg;Nimes;5;0;1,0;1;0,2755;0,3905;0,3341
35428;2021-01-06;T20-21;I1;Crotone;Roma;1;3;2,0;2;0,2131;0,1704;0,6164
35427;2021-01-06;T20-21;I1;Bologna;Udinese;2;2;0,0;1;0,2631;0,3836;0,3533
35426;2021-01-06;T20-21;I1;Atalanta;Parma;3;0;1,0;1;0,2464;0,5495;0,2041
35425;2021-01-06;T20-21;I1;Cagliari;Benevento;1;2;2,0;1;0,2796;0,387;0,3334
45542;2021-01-06;T20-21;SP1;Ath Bilbao;Barcelona;2;3;2,0;2;0,1624;0,1483;0,6893
35433;2021-01-06;T20-21;I1;Napoli;Spezia;1;2;2,0;1;0,2094;0,6794;0,1112
35434;2021-01-06;T20-21;I1;Milan;Juventus;1;3;2,0;2;0,348;0,2894;0,3625
45543;2021-01-08;T20-21;SP1;Celta;Villarreal;0;4;2,0;1;0,2952;0,4557;0,2491
58041;2021-01-08;T20-21;SP2;Zaragoza;Logrones;2;0;1,0;1;0,271;0,532;0,1971
6246;2021-01-08;T20-21;D1;M'gladbach;Bayern Munich;3;2;1,0;2;0,1723;0,1678;0,66
6249;2021-01-09;T20-21;D1;Mainz;Ein Frankfurt;0;2;2,0;1;0,2768;0,4301;0,2931
6252;2021-01-09;T20-21;D1;RB Leipzig;Dortmund;1;3;2,0;2;0,2466;0,2549;0,4985
45546;2021-01-09;T20-21;SP1;Osasuna;Real Madrid;0;0;0,0;2;0,1406;0,1124;0,747
45545;2021-01-09;T20-21;SP1;Granada;Barcelona;0;4;2,0;2;0,135;0,107;0,7581
45544;2021-01-09;T20-21;SP1;Sevilla;Sociedad;3;2;1,0;1;0,2076;0,6957;0,0967
26853;2021-01-09;T20-21;F1;Bordeaux;Lorient;2;1;1,0;1;0,2112;0,6683;0,1205
26854;2021-01-09;T20-21;F1;Dijon;Marseille;0;0;0,0;2;0,2362;0,2269;0,5369
26855;2021-01-09;T20-21;F1;Lens;Strasbourg;0;1;2,0;1;0,2457;0,5225;0,2318
26856;2021-01-09;T20-21;F1;Metz;Nice;1;1;0,0;1;0,2448;0,3883;0,3669
26857;2021-01-09;T20-21;F1;Monaco;Angers;3;0;1,0;1;0,1967;0,697;0,1063
26858;2021-01-09;T20-21;F1;Montpellier;Nantes;1;1;0,0;1;0,2448;0,5326;0,2226
26859;2021-01-09;T20-21;F1;Nimes;Lille;0;1;2,0;2;0,256;0,2419;0,5021
26860;2021-01-09;T20-21;F1;Paris SG;Brest;3;0;1,0;1;0,1946;0,7213;0,0841
26861;2021-01-09;T20-21;F1;Reims;St Etienne;3;1;1,0;1;0,2805;0,4427;0,2768
26862;2021-01-09;T20-21;F1;Rennes;Lyon;2;2;0,0;2;0,2493;0,2554;0,4953
6247;2021-01-09;T20-21;D1;Freiburg;FC Koln;5;0;1,0;1;0,2686;0,4095;0,322
35435;2021-01-09;T20-21;I1;Benevento;Atalanta;1;4;2,0;1;0,2723;0,4057;0,322
35436;2021-01-09;T20-21;I1;Genoa;Bologna;2;0;1,0;1;0,2754;0,4332;0,2914
35437;2021-01-09;T20-21;I1;Milan;Torino;2;0;1,0;1;0,2015;0,705;0,0935
6251;2021-01-09;T20-21;D1;Union Berlin;Wolfsburg;2;2;0,0;1;0,2836;0,4749;0,2415
6250;2021-01-09;T20-21;D1;Schalke 04;Hoffenheim;4;0;1,0;1;0,1986;0,6942;0,1071
6248;2021-01-09;T20-21;D1;Leverkusen;Werder Bremen;1;1;0,0;1;0,2269;0,6211;0,152
58042;2021-01-09;T20-21;SP2;Malaga;Oviedo;1;1;0,0;1;0,2706;0,5223;0,2071
6254;2021-01-10;T20-21;D1;Bielefeld;Hertha;1;0;1,0;1;0,278;0,396;0,326
6253;2021-01-10;T20-21;D1;Augsburg;Stuttgart;1;4;2,0;1;0,2877;0,3838;0,3286
35438;2021-01-10;T20-21;I1;Roma;Inter;2;2;0,0;1;0,3263;0,4195;0,2542
45549;2021-01-10;T20-21;SP1;Valladolid;Valencia;0;1;2,0;2;0,2253;0,2212;0,5535
58043;2021-01-10;T20-21;SP2;Mallorca;Las Palmas;0;1;2,0;1;0,2563;0,4918;0,2519
58044;2021-01-10;T20-21;SP2;Tenerife;Cartagena;3;0;1,0;1;0,2395;0,5823;0,1782
58045;2021-01-10;T20-21;SP2;Espanol;Castellon;2;0;1,0;1;0,2815;0,4904;0,2281
35443;2021-01-10;T20-21;I1;Juventus;Sassuolo;3;1;1,0;1;0,1839;0,7392;0,0769
35442;2021-01-10;T20-21;I1;Fiorentina;Cagliari;1;0;1,0;1;0,2106;0,6505;0,139
35441;2021-01-10;T20-21;I1;Verona;Crotone;2;1;1,0;1;0,2831;0,3769;0,34
35440;2021-01-10;T20-21;I1;Udinese;Napoli;1;2;2,0;2;0,2344;0,2633;0,5023
35439;2021-01-10;T20-21;I1;Parma;Lazio;0;2;2,0;2;0,2643;0,2836;0,4521
45547;2021-01-10;T20-21;SP1;Levante;Eibar;2;1;1,0;1;0,2726;0,3833;0,3441
45548;2021-01-10;T20-21;SP1;Cadiz;Alaves;3;1;1,0;1;0,2821;0,4067;0,3111
58046;2021-01-11;T20-21;SP2;Ponferradina;Girona;1;1;0,0;1;0,2773;0,494;0,2287
58047;2021-01-11;T20-21;SP2;Sp Gijon;Fuenlabrada;2;1;1,0;1;0,25;0,6012;0,1488
58048;2021-01-11;T20-21;SP2;Sabadell;Lugo;1;1;0,0;1;0,2833;0,4174;0,2993
35444;2021-01-11;T20-21;I1;Spezia;Sampdoria;2;1;1,0;1;0,2739;0,411;0,3151
45550;2021-01-11;T20-21;SP1;Elche;Getafe;1;3;2,0;1;0,2742;0,4021;0,3238
45551;2021-01-11;T20-21;SP1;Huesca;Betis;0;2;2,0;1;0,2748;0,4068;0,3184
45552;2021-01-12;T20-21;SP1;Granada;Osasuna;2;0;1,0;1;0,2596;0,4162;0,3242
45553;2021-01-12;T20-21;SP1;Ath Madrid;Sevilla;2;0;1,0;1;0,2479;0,582;0,1701
16314;2021-01-12;T20-21;E0;Sheffield United;Newcastle;1;0;1,0;1;0,2752;0,4137;0,3111
16315;2021-01-12;T20-21;E0;Burnley;Man United;0;1;2,0;2;0,1555;0,1276;0,7169
16316;2021-01-12;T20-21;E0;Wolves;Everton;1;2;2,0;1;0,2779;0,3804;0,3417
16318;2021-01-13;T20-21;E0;Tottenham;Fulham;1;1;0,0;1;0,1983;0,6996;0,1021
16317;2021-01-13;T20-21;E0;Man City;Brighton;1;0;1,0;1;0,2026;0,7075;0,09
16319;2021-01-14;T20-21;E0;Arsenal;Crystal Palace;0;0;0,0;1;0,1901;0,7273;0,0826
6255;2021-01-15;T20-21;D1;Union Berlin;Leverkusen;1;0;1,0;2;0,2328;0,2449;0,5222
35445;2021-01-15;T20-21;I1;Lazio;Roma;3;0;1,0;2;0,2908;0,2904;0,4188
26863;2021-01-15;T20-21;F1;Montpellier;Monaco;2;3;2,0;2;0,275;0,338;0,387
6261;2021-01-16;T20-21;D1;Stuttgart;M'gladbach;2;2;0,0;1;0,2428;0,5666;0,1906
35448;2021-01-16;T20-21;I1;Sampdoria;Udinese;2;1;1,0;1;0,2455;0,5357;0,2187
35447;2021-01-16;T20-21;I1;Torino;Spezia;0;0;0,0;1;0,2942;0,3817;0,3241
35446;2021-01-16;T20-21;I1;Bologna;Verona;1;0;1,0;1;0,2628;0,3815;0,3557
6259;2021-01-16;T20-21;D1;Werder Bremen;Augsburg;2;0;1,0;1;0,2374;0,6001;0,1625
6260;2021-01-16;T20-21;D1;Wolfsburg;RB Leipzig;2;2;0,0;1;0,271;0,4175;0,3115
16320;2021-01-16;T20-21;E0;Wolves;West Brom;2;3;2,0;1;0,2647;0,4194;0,3158
16321;2021-01-16;T20-21;E0;Leeds;Brighton;0;1;2,0;1;0,2833;0,4898;0,2269
16322;2021-01-16;T20-21;E0;West Ham;Burnley;1;0;1,0;1;0,2753;0,3918;0,333
16323;2021-01-16;T20-21;E0;Fulham;Chelsea;0;1;2,0;2;0,1728;0,1407;0,6865
16324;2021-01-16;T20-21;E0;Leicester;Southampton;2;0;1,0;1;0,2742;0,4593;0,2665
6256;2021-01-16;T20-21;D1;Dortmund;Mainz;1;1;0,0;1;0,2028;0,7017;0,0955
6257;2021-01-16;T20-21;D1;FC Koln;Hertha;0;0;0,0;1;0,2513;0,3885;0,3602
6258;2021-01-16;T20-21;D1;Hoffenheim;Bielefeld;0;0;0,0;1;0,2465;0,51;0,2435
26864;2021-01-16;T20-21;F1;Marseille;Nimes;1;2;2,0;1;0,1907;0,7121;0,0972
26865;2021-01-16;T20-21;F1;Angers;Paris SG;0;1;2,0;2;0,2129;0,1745;0,6126
6262;2021-01-17;T20-21;D1;Bayern Munich;Freiburg;2;1;1,0;1;0,1797;0,7391;0,0812
6263;2021-01-17;T20-21;D1;Ein Frankfurt;Schalke 04;3;1;1,0;2;0,2778;0,2675;0,4546
26868;2021-01-17;T20-21;F1;Nice;Bordeaux;0;3;2,0;1;0,2645;0,4729;0,2627
26867;2021-01-17;T20-21;F1;Nantes;Lens;1;1;0,0;1;0,2776;0,4542;0,2682
16327;2021-01-17;T20-21;E0;Man City;Crystal Palace;4;0;1,0;1;0,2027;0,706;0,0913
16326;2021-01-17;T20-21;E0;Liverpool;Man United;0;0;0,0;0;0,3504;0,3275;0,3221
16325;2021-01-17;T20-21;E0;Sheffield United;Tottenham;1;3;2,0;2;0,253;0,238;0,509
35449;2021-01-17;T20-21;I1;Napoli;Fiorentina;6;0;1,0;1;0,2314;0,635;0,1336
35450;2021-01-17;T20-21;I1;Crotone;Benevento;4;1;1,0;1;0,2836;0,3939;0,3224
35451;2021-01-17;T20-21;I1;Sassuolo;Parma;1;1;0,0;1;0,2747;0,4056;0,3198
35452;2021-01-17;T20-21;I1;Atalanta;Genoa;0;0;0,0;1;0,2459;0,5565;0,1976
26866;2021-01-17;T20-21;F1;Brest;Rennes;1;2;2,0;1;0,2881;0,4231;0,2888
26871;2021-01-17;T20-21;F1;Lyon;Metz;0;1;2,0;1;0,205;0,6989;0,0961
26869;2021-01-17;T20-21;F1;Strasbourg;St Etienne;1;0;1,0;1;0,2607;0,3929;0,3464
26870;2021-01-17;T20-21;F1;Lille;Reims;2;1;1,0;1;0,1923;0,707;0,1007
35453;2021-01-17;T20-21;I1;Inter;Juventus;2;0;1,0;2;0,3496;0,2915;0,3588
35454;2021-01-18;T20-21;I1;Cagliari;Milan;0;2;2,0;2;0,2169;0,1786;0,6045
16328;2021-01-18;T20-21;E0;Arsenal;Newcastle;3;0;1,0;1;0,1951;0,7146;0,0903
16330;2021-01-19;T20-21;E0;Leicester;Chelsea;2;0;1,0;2;0,1678;0,1458;0,6865
16329;2021-01-19;T20-21;E0;West Ham;West Brom;2;1;1,0;1;0,2698;0,4238;0,3065
6264;2021-01-19;T20-21;D1;M'gladbach;Werder Bremen;1;0;1,0;1;0,2586;0,5183;0,2231
6265;2021-01-19;T20-21;D1;Hertha;Hoffenheim;0;3;2,0;1;0,2674;0,5289;0,2038
6267;2021-01-19;T20-21;D1;Mainz;Wolfsburg;0;2;2,0;1;0,2856;0,4365;0,2779
58049;2021-01-19;T20-21;SP2;Mirandes;Vallecano;0;2;2,0;1;0,301;0,3961;0,3029
6266;2021-01-19;T20-21;D1;Leverkusen;Dortmund;2;1;1,0;2;0,2735;0,3328;0,3937
45554;2021-01-19;T20-21;SP1;Cadiz;Levante;2;2;0,0;1;0,2744;0,4334;0,2921
45555;2021-01-19;T20-21;SP1;Valladolid;Elche;2;2;0,0;1;0,276;0,3837;0,3403
45556;2021-01-19;T20-21;SP1;Alaves;Sevilla;1;2;2,0;2;0,2646;0,2364;0,499
16332;2021-01-20;T20-21;E0;Fulham;Man United;1;2;2,0;2;0,155;0,1267;0,7184
16331;2021-01-20;T20-21;E0;Man City;Aston Villa;2;0;1,0;1;0,2048;0,6975;0,0977
26872;2021-01-20;T20-21;F1;Marseille;Lens;0;1;2,0;1;0,2081;0,6988;0,0931
35455;2021-01-20;T20-21;I1;Udinese;Atalanta;1;1;0,0;1;0,2662;0,5305;0,2033
45557;2021-01-20;T20-21;SP1;Getafe;Huesca;1;0;1,0;1;0,2752;0,509;0,2158
45558;2021-01-20;T20-21;SP1;Betis;Celta;2;1;1,0;1;0,2795;0,4161;0,3044
6271;2021-01-20;T20-21;D1;Freiburg;Ein Frankfurt;2;2;0,0;1;0,2699;0,3981;0,332
6268;2021-01-20;T20-21;D1;Schalke 04;FC Koln;1;2;2,0;1;0,2036;0,6749;0,1215
6269;2021-01-20;T20-21;D1;Augsburg;Bayern Munich;0;1;2,0;2;0,1399;0,1103;0,7498
6270;2021-01-20;T20-21;D1;Bielefeld;Stuttgart;3;0;1,0;1;0,288;0,3876;0,3244
45559;2021-01-20;T20-21;SP1;Villarreal;Granada;2;2;0,0;1;0,2099;0,6696;0,1205
6272;2021-01-20;T20-21;D1;RB Leipzig;Union Berlin;1;0;1,0;1;0,2626;0,5504;0,187
45560;2021-01-21;T20-21;SP1;Valencia;Osasuna;1;1;0,0;1;0,2239;0,6623;0,1138
16333;2021-01-21;T20-21;E0;Liverpool;Burnley;0;1;2,0;1;0,1919;0,7221;0,0859
45561;2021-01-21;T20-21;SP1;Eibar;Ath Madrid;1;2;2,0;2;0,2353;0,2331;0,5316
26873;2021-01-22;T20-21;F1;Paris SG;Montpellier;4;0;1,0;1;0,1946;0,7205;0,0849
6273;2021-01-22;T20-21;D1;M'gladbach;Dortmund;4;2;1,0;2;0,2542;0,2772;0,4686
35456;2021-01-22;T20-21;I1;Benevento;Torino;2;2;0,0;1;0,2691;0,3865;0,3444
58051;2021-01-22;T20-21;SP2;Albacete;Zaragoza;1;0;1,0;1;0,3012;0,4222;0,2766
58050;2021-01-22;T20-21;SP2;Fuenlabrada;Alcorcon;0;0;0,0;1;0,2893;0,4667;0,244
45562;2021-01-22;T20-21;SP1;Levante;Valladolid;2;2;0,0;1;0,2636;0,3978;0,3386
45564;2021-01-23;T20-21;SP1;Sevilla;Cadiz;3;0;1,0;1;0,1953;0,7042;0,1005
45565;2021-01-23;T20-21;SP1;Sociedad;Betis;2;2;0,0;1;0,2444;0,5643;0,1913
45566;2021-01-23;T20-21;SP1;Alaves;Real Madrid;1;4;2,0;2;0,1391;0,108;0,7529
58055;2021-01-23;T20-21;SP2;Malaga;Ponferradina;0;2;2,0;1;0,2521;0,4987;0,2491
58054;2021-01-23;T20-21;SP2;Lugo;Tenerife;2;0;1,0;1;0,2721;0,4662;0,2617
58053;2021-01-23;T20-21;SP2;Girona;Espanol;1;0;1,0;1;0,2563;0,5276;0,2161
58052;2021-01-23;T20-21;SP2;Vallecano;Mallorca;1;3;2,0;1;0,2553;0,5599;0,1848
45563;2021-01-23;T20-21;SP1;Huesca;Villarreal;0;0;0,0;1;0,2964;0,3679;0,3357
35457;2021-01-23;T20-21;I1;Roma;Spezia;4;3;1,0;1;0,2174;0,6862;0,0963
16334;2021-01-23;T20-21;E0;Aston Villa;Newcastle;2;0;1,0;1;0,2745;0,4104;0,3151
26875;2021-01-23;T20-21;F1;Monaco;Marseille;3;1;1,0;1;0,2569;0,4399;0,3031
6274;2021-01-23;T20-21;D1;Augsburg;Union Berlin;2;1;1,0;1;0,2832;0,3812;0,3356
6275;2021-01-23;T20-21;D1;Bielefeld;Ein Frankfurt;1;5;2,0;1;0,2733;0,4023;0,3244
6276;2021-01-23;T20-21;D1;Freiburg;Stuttgart;2;1;1,0;1;0,2863;0,3813;0,3324
6277;2021-01-23;T20-21;D1;Leverkusen;Wolfsburg;0;1;2,0;1;0,1734;0,7355;0,0911
26874;2021-01-23;T20-21;F1;Lens;Nice;0;1;2,0;1;0,2513;0,5099;0,2388
6278;2021-01-23;T20-21;D1;Mainz;RB Leipzig;3;2;1,0;2;0,262;0,2456;0,4924
6279;2021-01-23;T20-21;D1;Hertha;Werder Bremen;1;4;2,0;1;0,2944;0,436;0,2696
35460;2021-01-23;T20-21;I1;Fiorentina;Crotone;2;1;1,0;1;0,2119;0,6684;0,1197
35459;2021-01-23;T20-21;I1;Udinese;Inter;0;0;0,0;2;0,2025;0,184;0,6136
35458;2021-01-23;T20-21;I1;Milan;Atalanta;0;3;2,0;1;0,2003;0,7115;0,0882
6280;2021-01-24;T20-21;D1;Schalke 04;Bayern Munich;0;4;2,0;2;0,2887;0,1384;0,5729
6281;2021-01-24;T20-21;D1;Hoffenheim;FC Koln;3;0;1,0;1;0,2437;0,5425;0,2137
35463;2021-01-24;T20-21;I1;Verona;Napoli;3;1;1,0;2;0,2236;0,2403;0,5361
26881;2021-01-24;T20-21;F1;St Etienne;Lyon;0;5;2,0;2;0,2486;0,2548;0,4966
26880;2021-01-24;T20-21;F1;Rennes;Lille;0;1;2,0;1;0,2692;0,4092;0,3216
26877;2021-01-24;T20-21;F1;Dijon;Strasbourg;1;1;0,0;1;0,2688;0,3863;0,345
26876;2021-01-24;T20-21;F1;Bordeaux;Angers;2;1;1,0;1;0,2017;0,6893;0,109
26879;2021-01-24;T20-21;F1;Reims;Brest;1;0;1,0;1;0,2938;0,427;0,2792
58059;2021-01-24;T20-21;SP2;Las Palmas;Leganes;2;1;1,0;1;0,2601;0,5537;0,1862
58058;2021-01-24;T20-21;SP2;Castellon;Sp Gijon;2;0;1,0;1;0,2963;0,3763;0,3274
58057;2021-01-24;T20-21;SP2;Logrones;Oviedo;0;0;0,0;1;0,2891;0,4435;0,2674
58056;2021-01-24;T20-21;SP2;Almeria;Sabadell;2;2;0,0;1;0,2395;0,5738;0,1867
35464;2021-01-24;T20-21;I1;Lazio;Sassuolo;2;1;1,0;1;0,1914;0,7098;0,0988
35462;2021-01-24;T20-21;I1;Genoa;Cagliari;1;0;1,0;1;0,2681;0,4661;0,2657
35461;2021-01-24;T20-21;I1;Juventus;Bologna;2;0;1,0;1;0,1916;0,7206;0,0878
35465;2021-01-24;T20-21;I1;Parma;Sampdoria;0;2;2,0;1;0,2496;0,4958;0,2547
45568;2021-01-24;T20-21;SP1;Elche;Barcelona;0;2;2,0;2;0,1321;0,0991;0,7688
45569;2021-01-24;T20-21;SP1;Celta;Eibar;1;1;0,0;1;0,2752;0,4991;0,2257
45570;2021-01-24;T20-21;SP1;Ath Madrid;Valencia;3;1;1,0;1;0,2683;0,5335;0,1982
45567;2021-01-24;T20-21;SP1;Osasuna;Granada;3;1;1,0;1;0,2665;0,3891;0,3445
26878;2021-01-24;T20-21;F1;Metz;Nantes;2;0;1,0;1;0,245;0,3877;0,3673
45571;2021-01-25;T20-21;SP1;Ath Bilbao;Getafe;5;1;1,0;1;0,243;0,5771;0,1799
58060;2021-01-25;T20-21;SP2;Cartagena;Mirandes;0;2;2,0;1;0,2777;0,4431;0,2792
58061;2021-01-26;T20-21;SP2;Alcorcon;Albacete;1;2;2,0;1;0,245;0,5375;0,2175
16336;2021-01-26;T20-21;E0;Newcastle;Leeds;1;2;2,0;1;0,2779;0,5086;0,2134
16337;2021-01-26;T20-21;E0;Southampton;Arsenal;1;3;2,0;2;0,1883;0,162;0,6497
16335;2021-01-26;T20-21;E0;Crystal Palace;West Ham;2;3;2,0;1;0,2628;0,4078;0,3294
16338;2021-01-26;T20-21;E0;West Brom;Man City;0;5;2,0;2;0,1821;0,2685;0,5493
16342;2021-01-27;T20-21;E0;Everton;Leicester;1;1;0,0;1;0,2264;0,646;0,1276
16343;2021-01-27;T20-21;E0;Man United;Sheffield United;1;2;2,0;1;0,1822;0,7405;0,0773
16341;2021-01-27;T20-21;E0;Brighton;Fulham;0;0;0,0;1;0,2705;0,4256;0,3039
16340;2021-01-27;T20-21;E0;Chelsea;Wolves;0;0;0,0;1;0,1885;0,729;0,0825
16339;2021-01-27;T20-21;E0;Burnley;Aston Villa;3;2;1,0;1;0,2675;0,3903;0,3422
26882;2021-01-27;T20-21;F1;Lorient;Dijon;3;2;1,0;1;0,2797;0,4335;0,2867
16344;2021-01-28;T20-21;E0;Tottenham;Liverpool;1;3;2,0;2;0,2907;0,2839;0,4254
6282;2021-01-29;T20-21;D1;Stuttgart;Mainz;2;0;1,0;1;0,2432;0,5701;0,1867
35466;2021-01-29;T20-21;I1;Torino;Fiorentina;1;1;0,0;1;0,2965;0,3594;0,3441
45572;2021-01-29;T20-21;SP1;Valladolid;Huesca;1;3;2,0;1;0,274;0,3897;0,3363
26883;2021-01-29;T20-21;F1;Lyon;Bordeaux;2;1;1,0;1;0,234;0,6289;0,1371
58062;2021-01-29;T20-21;SP2;Zaragoza;Ponferradina;1;0;1,0;1;0,2454;0,5495;0,2051
6283;2021-01-30;T20-21;D1;Bayern Munich;Hoffenheim;4;1;1,0;1;0,1708;0,7602;0,069
45574;2021-01-30;T20-21;SP1;Real Madrid;Levante;1;2;2,0;1;0,1755;0,7454;0,0791
45573;2021-01-30;T20-21;SP1;Eibar;Sevilla;0;2;2,0;2;0,269;0,2479;0,4831
6284;2021-01-30;T20-21;D1;Dortmund;Augsburg;3;1;1,0;1;0,2019;0,7067;0,0913
58063;2021-01-30;T20-21;SP2;Oviedo;Albacete;0;1;2,0;1;0,2488;0,4992;0,2519
58064;2021-01-30;T20-21;SP2;Alcorcon;Malaga;0;1;2,0;1;0,2833;0,4921;0,2245
58065;2021-01-30;T20-21;SP2;Mallorca;Girona;1;0;1,0;1;0,2691;0,5223;0,2086
16345;2021-01-30;T20-21;E0;Everton;Newcastle;0;2;2,0;1;0,2247;0,6311;0,1442
16346;2021-01-30;T20-21;E0;Crystal Palace;Wolves;1;0;1,0;1;0,2665;0,389;0,3445
16347;2021-01-30;T20-21;E0;Man City;Sheffield United;1;0;1,0;1;0,2022;0,7085;0,0893
16348;2021-01-30;T20-21;E0;West Brom;Fulham;2;2;0,0;1;0,2367;0,4352;0,3282
16349;2021-01-30;T20-21;E0;Arsenal;Man United;0;0;0,0;0;0,3507;0,3322;0,3171
16350;2021-01-30;T20-21;E0;Southampton;Aston Villa;0;1;2,0;1;0,2687;0,4612;0,2701
35467;2021-01-30;T20-21;I1;Bologna;Milan;1;2;2,0;2;0,2169;0,1816;0,6016
35468;2021-01-30;T20-21;I1;Sampdoria;Juventus;0;2;2,0;2;0,1586;0,1479;0,6935
35469;2021-01-30;T20-21;I1;Inter;Benevento;4;0;1,0;1;0,1998;0,7138;0,0864
45575;2021-01-30;T20-21;SP1;Valencia;Elche;1;0;1,0;1;0,2116;0,6892;0,0992
45576;2021-01-30;T20-21;SP1;Villarreal;Sociedad;1;1;0,0;1;0,2115;0,6736;0,1149
58066;2021-01-30;T20-21;SP2;Almeria;Castellon;3;1;1,0;1;0,2375;0,5823;0,1802
6288;2021-01-30;T20-21;D1;RB Leipzig;Leverkusen;1;0;1,0;2;0,2561;0,3053;0,4386
6285;2021-01-30;T20-21;D1;Ein Frankfurt;Hertha;3;1;1,0;1;0,2809;0,4011;0,3181
6286;2021-01-30;T20-21;D1;Union Berlin;M'gladbach;1;1;0,0;1;0,2691;0,4445;0,2864
6287;2021-01-30;T20-21;D1;Werder Bremen;Schalke 04;1;1;0,0;1;0,2658;0,5017;0,2325
26884;2021-01-30;T20-21;F1;Montpellier;Lens;1;2;2,0;1;0,2531;0,5167;0,2302
6289;2021-01-31;T20-21;D1;FC Koln;Bielefeld;3;1;1,0;1;0,2508;0,3883;0,3609
26887;2021-01-31;T20-21;F1;Brest;Metz;2;4;2,0;1;0,2754;0,4325;0,292
26886;2021-01-31;T20-21;F1;Angers;Nimes;3;1;1,0;1;0,2868;0,4439;0,2693
26885;2021-01-31;T20-21;F1;Nice;St Etienne;0;1;2,0;1;0,2431;0,5678;0,189
16351;2021-01-31;T20-21;E0;Chelsea;Burnley;2;0;1,0;1;0,1885;0,7278;0,0837
16353;2021-01-31;T20-21;E0;West Ham;Liverpool;1;3;2,0;2;0,2058;0,165;0,6292
26888;2021-01-31;T20-21;F1;Lorient;Paris SG;3;2;1,0;2;0,2109;0,1754;0,6137
16354;2021-01-31;T20-21;E0;Brighton;Tottenham;1;0;1,0;2;0,2432;0,2222;0,5346
35470;2021-01-31;T20-21;I1;Spezia;Udinese;0;1;2,0;1;0,2757;0,4174;0,3069
35471;2021-01-31;T20-21;I1;Atalanta;Lazio;1;3;2,0;2;0,2696;0,3179;0,4124
35472;2021-01-31;T20-21;I1;Cagliari;Sassuolo;1;1;0,0;1;0,2781;0,3829;0,339
35473;2021-01-31;T20-21;I1;Crotone;Genoa;0;3;2,0;1;0,2733;0,3988;0,3279
16352;2021-01-31;T20-21;E0;Leicester;Leeds;1;3;2,0;1;0,2884;0,4733;0,2383
6290;2021-01-31;T20-21;D1;Wolfsburg;Freiburg;3;0;1,0;1;0,2368;0,5838;0,1794
35475;2021-01-31;T20-21;I1;Roma;Verona;3;1;1,0;1;0,1983;0,7105;0,0912
35474;2021-01-31;T20-21;I1;Napoli;Parma;2;0;1,0;1;0,2051;0,6952;0,0997
45577;2021-01-31;T20-21;SP1;Getafe;Alaves;0;0;0,0;1;0,2573;0,4788;0,2639
45578;2021-01-31;T20-21;SP1;Cadiz;Ath Madrid;2;4;2,0;2;0,234;0,232;0,534
45579;2021-01-31;T20-21;SP1;Granada;Celta;0;0;0,0;1;0,264;0,3869;0,3491
45580;2021-01-31;T20-21;SP1;Barcelona;Ath Bilbao;2;1;1,0;1;0,1596;0,7697;0,0707
58070;2021-01-31;T20-21;SP2;Tenerife;Fuenlabrada;1;1;0,0;1;0,2495;0,5565;0,1939
58069;2021-01-31;T20-21;SP2;Mirandes;Las Palmas;2;0;1,0;1;0,2843;0,4252;0,2905
58068;2021-01-31;T20-21;SP2;Espanol;Vallecano;2;3;2,0;1;0,2977;0,4478;0,2545
58067;2021-01-31;T20-21;SP2;Sp Gijon;Cartagena;0;0;0,0;1;0,2187;0,662;0,1193
26889;2021-01-31;T20-21;F1;Strasbourg;Reims;0;1;2,0;1;0,2831;0,3818;0,3351
26890;2021-01-31;T20-21;F1;Lille;Dijon;1;0;1,0;1;0,2072;0,6979;0,0949
26891;2021-01-31;T20-21;F1;Nantes;Monaco;1;2;2,0;2;0,2653;0,2703;0,4644
58072;2021-02-01;T20-21;SP2;Sabadell;Logrones;0;0;0,0;1;0,294;0,4076;0,2983
58071;2021-02-01;T20-21;SP2;Leganes;Lugo;3;2;1,0;1;0,2598;0,4909;0,2493
45581;2021-02-01;T20-21;SP1;Betis;Osasuna;1;0;1,0;1;0,2734;0,4556;0,271
16358;2021-02-02;T20-21;E0;Newcastle;Crystal Palace;1;2;2,0;1;0,2538;0,4953;0,2509
16355;2021-02-02;T20-21;E0;Sheffield United;West Brom;2;1;1,0;1;0,2718;0,4381;0,2901
16356;2021-02-02;T20-21;E0;Wolves;Arsenal;2;1;1,0;2;0,1924;0,1586;0,649
16357;2021-02-02;T20-21;E0;Man United;Southampton;9;0;1,0;1;0,1825;0,738;0,0795
16363;2021-02-03;T20-21;E0;Liverpool;Brighton;0;1;2,0;1;0,1916;0,726;0,0824
16362;2021-02-03;T20-21;E0;Aston Villa;West Ham;1;3;2,0;1;0,2737;0,4239;0,3024
16361;2021-02-03;T20-21;E0;Leeds;Everton;1;2;2,0;1;0,2816;0,4909;0,2275
16359;2021-02-03;T20-21;E0;Burnley;Man City;0;2;2,0;2;0,2235;0,2108;0,5656
16360;2021-02-03;T20-21;E0;Fulham;Leicester;0;2;2,0;1;0,2804;0,3819;0,3376
26901;2021-02-03;T20-21;F1;St Etienne;Nantes;1;1;0,0;1;0,2385;0,5728;0,1887
26892;2021-02-03;T20-21;F1;Bordeaux;Lille;0;3;2,0;1;0,2546;0,4616;0,2838
26893;2021-02-03;T20-21;F1;Metz;Montpellier;1;1;0,0;1;0,2467;0,3883;0,365
26894;2021-02-03;T20-21;F1;Reims;Angers;0;0;0,0;1;0,2868;0,4419;0,2712
26895;2021-02-03;T20-21;F1;Rennes;Lorient;1;1;0,0;1;0,2394;0,5716;0,189
26896;2021-02-03;T20-21;F1;Strasbourg;Brest;2;2;0,0;1;0,2838;0,3808;0,3353
26897;2021-02-03;T20-21;F1;Dijon;Lyon;0;1;2,0;2;0,2081;0,1681;0,6238
26899;2021-02-03;T20-21;F1;Monaco;Nice;2;1;1,0;1;0,2092;0,6846;0,1062
26900;2021-02-03;T20-21;F1;Paris SG;Nimes;3;0;1,0;1;0,1954;0,7222;0,0824
26898;2021-02-03;T20-21;F1;Lens;Marseille;2;2;0,0;2;0,27;0,308;0,422
16364;2021-02-04;T20-21;E0;Tottenham;Chelsea;0;1;2,0;2;0,2923;0,2281;0,4796
58073;2021-02-05;T20-21;SP2;Albacete;Mallorca;0;1;2,0;1;0,2792;0,4962;0,2247
6291;2021-02-05;T20-21;D1;Hertha;Bayern Munich;0;1;2,0;2;0,1351;0,1194;0,7455
45582;2021-02-05;T20-21;SP1;Alaves;Valladolid;1;0;1,0;1;0,2732;0,4066;0,3202
35476;2021-02-05;T20-21;I1;Fiorentina;Inter;0;2;2,0;2;0,299;0,2453;0,4557
45586;2021-02-06;T20-21;SP1;Sevilla;Getafe;3;0;1,0;1;0,2063;0,6932;0,1005
45585;2021-02-06;T20-21;SP1;Elche;Villarreal;2;2;0,0;1;0,2949;0,3599;0,3453
45584;2021-02-06;T20-21;SP1;Huesca;Real Madrid;1;2;2,0;2;0,1373;0,1062;0,7565
45583;2021-02-06;T20-21;SP1;Levante;Granada;2;2;0,0;1;0,2634;0,3882;0,3483
26903;2021-02-06;T20-21;F1;Lyon;Strasbourg;3;0;1,0;1;0,197;0,7126;0,0903
35480;2021-02-06;T20-21;I1;Genoa;Napoli;2;1;1,0;2;0,2423;0,2412;0,5165
6294;2021-02-06;T20-21;D1;Leverkusen;Stuttgart;5;2;1,0;1;0,1808;0,7237;0,0954
58075;2021-02-06;T20-21;SP2;Logrones;Sp Gijon;0;4;2,0;2;0,2994;0,3329;0,3677
58076;2021-02-06;T20-21;SP2;Fuenlabrada;Almeria;1;1;0,0;1;0,2812;0,4796;0,2392
6297;2021-02-06;T20-21;D1;M'gladbach;FC Koln;1;2;2,0;1;0,2336;0,5967;0,1696
26902;2021-02-06;T20-21;F1;Lorient;Reims;1;0;1,0;1;0,2913;0,452;0,2567
6296;2021-02-06;T20-21;D1;Schalke 04;RB Leipzig;0;3;2,0;1;0,2513;0,4802;0,2686
6295;2021-02-06;T20-21;D1;Mainz;Union Berlin;1;0;1,0;1;0,2896;0,4188;0,2916
26904;2021-02-06;T20-21;F1;Lens;Rennes;0;0;0,0;1;0,2675;0,5301;0,2024
58074;2021-02-06;T20-21;SP2;Cartagena;Oviedo;2;0;1,0;1;0,2882;0,4282;0,2836
35479;2021-02-06;T20-21;I1;Juventus;Roma;2;0;1,0;1;0,3187;0,4632;0,2182
16369;2021-02-06;T20-21;E0;Man United;Everton;3;3;0,0;1;0,1821;0,7411;0,0768
6292;2021-02-06;T20-21;D1;Augsburg;Wolfsburg;0;2;2,0;1;0,286;0,3807;0,3333
16365;2021-02-06;T20-21;E0;Aston Villa;Arsenal;1;0;1,0;2;0,1904;0,1515;0,6581
16366;2021-02-06;T20-21;E0;Burnley;Brighton;1;1;0,0;1;0,2782;0,3798;0,342
16368;2021-02-06;T20-21;E0;Fulham;West Ham;0;0;0,0;1;0,2676;0,4086;0,3238
16367;2021-02-06;T20-21;E0;Newcastle;Southampton;3;2;1,0;1;0,2503;0,4939;0,2558
35477;2021-02-06;T20-21;I1;Atalanta;Torino;3;3;0,0;1;0,2456;0,5451;0,2093
35478;2021-02-06;T20-21;I1;Sassuolo;Spezia;1;2;2,0;1;0,2932;0,3862;0,3207
6293;2021-02-06;T20-21;D1;Freiburg;Dortmund;2;1;1,0;2;0,2225;0,195;0,5824
35482;2021-02-07;T20-21;I1;Milan;Crotone;4;0;1,0;1;0,2006;0,7111;0,0883
26906;2021-02-07;T20-21;F1;Montpellier;Dijon;4;2;1,0;1;0,2452;0,526;0,2288
58077;2021-02-07;T20-21;SP2;Girona;Leganes;0;2;2,0;1;0,2375;0,5862;0,1763
6298;2021-02-07;T20-21;D1;Hoffenheim;Ein Frankfurt;1;3;2,0;1;0,2467;0,5294;0,224
58081;2021-02-07;T20-21;SP2;Las Palmas;Sabadell;0;1;2,0;1;0,2474;0,5517;0,2009
26905;2021-02-07;T20-21;F1;Brest;Bordeaux;2;1;1,0;2;0,2851;0,2902;0,4246
35483;2021-02-07;T20-21;I1;Udinese;Verona;2;0;1,0;1;0,2508;0,4932;0,256
35484;2021-02-07;T20-21;I1;Parma;Bologna;0;3;2,0;1;0,2492;0,5204;0,2304
35485;2021-02-07;T20-21;I1;Lazio;Cagliari;1;0;1,0;1;0,1945;0,7021;0,1034
58078;2021-02-07;T20-21;SP2;Malaga;Zaragoza;1;2;2,0;1;0,2918;0,4587;0,2496
58079;2021-02-07;T20-21;SP2;Castellon;Mirandes;0;1;2,0;1;0,272;0,5169;0,2111
58080;2021-02-07;T20-21;SP2;Vallecano;Tenerife;0;1;2,0;1;0,2472;0,5574;0,1954
35481;2021-02-07;T20-21;I1;Benevento;Sampdoria;1;1;0,0;1;0,2696;0,3867;0,3437
45589;2021-02-07;T20-21;SP1;Osasuna;Eibar;2;1;1,0;1;0,269;0,3982;0,3328
26907;2021-02-07;T20-21;F1;Nice;Angers;3;0;1,0;1;0,2494;0,5697;0,1809
16370;2021-02-07;T20-21;E0;Tottenham;West Brom;2;0;1,0;1;0,198;0,6994;0,1026
26911;2021-02-07;T20-21;F1;Marseille;Paris SG;0;2;2,0;2;0,2907;0,2906;0,4187
26910;2021-02-07;T20-21;F1;Nantes;Lille;0;2;2,0;2;0,2664;0,2702;0,4634
26909;2021-02-07;T20-21;F1;St Etienne;Metz;1;0;1,0;1;0,2368;0,5832;0,18
16371;2021-02-07;T20-21;E0;Wolves;Leicester;0;0;0,0;1;0,277;0,3795;0,3435
16372;2021-02-07;T20-21;E0;Liverpool;Man City;1;4;2,0;1;0,2904;0,4998;0,2098
16373;2021-02-07;T20-21;E0;Sheffield United;Chelsea;1;2;2,0;2;0,1691;0,1347;0,6962
45590;2021-02-07;T20-21;SP1;Betis;Barcelona;2;3;2,0;2;0,1325;0,1008;0,7667
26908;2021-02-07;T20-21;F1;Nimes;Monaco;3;4;2,0;2;0,2501;0,2378;0,512
45588;2021-02-07;T20-21;SP1;Ath Bilbao;Valencia;1;1;0,0;2;0,2676;0,3538;0,3786
45587;2021-02-07;T20-21;SP1;Sociedad;Cadiz;4;1;1,0;1;0,2558;0,5596;0,1846
16374;2021-02-08;T20-21;E0;Leeds;Crystal Palace;2;0;1,0;1;0,2686;0,4748;0,2566
58083;2021-02-08;T20-21;SP2;Lugo;Espanol;1;1;0,0;1;0,3021;0,412;0,2859
45591;2021-02-08;T20-21;SP1;Ath Madrid;Celta;2;2;0,0;1;0,2061;0,6979;0,096
58082;2021-02-08;T20-21;SP2;Ponferradina;Alcorcon;2;0;1,0;1;0,2871;0,4789;0,234
45592;2021-02-09;T20-21;SP1;Real Madrid;Getafe;2;0;1,0;1;0,1692;0,7548;0,076
35486;2021-02-12;T20-21;I1;Bologna;Benevento;1;1;0,0;1;0,2752;0,3779;0,3469
6299;2021-02-12;T20-21;D1;RB Leipzig;Augsburg;2;1;1,0;1;0,244;0,5648;0,1912
45593;2021-02-12;T20-21;SP1;Celta;Elche;3;1;1,0;1;0,282;0,4832;0,2349
58084;2021-02-12;T20-21;SP2;Sabadell;Zaragoza;1;1;0,0;1;0,3005;0,3607;0,3388
45595;2021-02-13;T20-21;SP1;Sevilla;Huesca;1;0;1,0;1;0,1896;0,7142;0,0962
45594;2021-02-13;T20-21;SP1;Granada;Ath Madrid;1;2;2,0;2;0,2117;0,2402;0,5481
45597;2021-02-13;T20-21;SP1;Barcelona;Alaves;5;1;1,0;1;0,158;0,7741;0,0679
6304;2021-02-13;T20-21;D1;Union Berlin;Schalke 04;0;0;0,0;2;0,2967;0,3381;0,3652
16376;2021-02-13;T20-21;E0;Crystal Palace;Burnley;0;3;2,0;1;0,2645;0,3865;0,349
16375;2021-02-13;T20-21;E0;Leicester;Liverpool;3;1;1,0;2;0,2002;0,1743;0,6255
58085;2021-02-13;T20-21;SP2;Cartagena;Vallecano;2;2;0,0;1;0,3013;0,3868;0,3119
45596;2021-02-13;T20-21;SP1;Eibar;Valladolid;1;1;0,0;1;0,2752;0,4192;0,3056
26912;2021-02-13;T20-21;F1;Paris SG;Nice;2;1;1,0;1;0,1941;0,7211;0,0849
26913;2021-02-13;T20-21;F1;Reims;Lens;1;1;0,0;1;0,2832;0,429;0,2878
26914;2021-02-13;T20-21;F1;Lyon;Montpellier;1;2;2,0;1;0,1961;0,7177;0,0862
35489;2021-02-13;T20-21;I1;Spezia;Milan;2;0;1,0;2;0,2136;0,1724;0,614
16377;2021-02-13;T20-21;E0;Man City;Tottenham;3;0;1,0;1;0,2559;0,5682;0,176
6303;2021-02-13;T20-21;D1;Werder Bremen;Freiburg;0;0;0,0;1;0,2121;0,6261;0,1618
6302;2021-02-13;T20-21;D1;Stuttgart;Hertha;1;1;0,0;1;0,2435;0,5647;0,1918
6301;2021-02-13;T20-21;D1;Leverkusen;Mainz;2;2;0,0;1;0,207;0,6948;0,0983
6300;2021-02-13;T20-21;D1;Dortmund;Hoffenheim;2;2;0,0;1;0,2028;0,7105;0,0867
35488;2021-02-13;T20-21;I1;Napoli;Juventus;1;0;1,0;2;0,2934;0,1812;0,5254
35487;2021-02-13;T20-21;I1;Torino;Genoa;0;0;0,0;1;0,2747;0,4055;0,3198
58086;2021-02-13;T20-21;SP2;Mirandes;Girona;3;3;0,0;1;0,285;0,4473;0,2677
58087;2021-02-13;T20-21;SP2;Tenerife;Ponferradina;1;0;1,0;1;0,2371;0,5732;0,1896
16378;2021-02-13;T20-21;E0;Brighton;Aston Villa;0;0;0,0;1;0,2732;0,3974;0,3294
58088;2021-02-14;T20-21;SP2;Mallorca;Espanol;1;2;2,0;1;0,2951;0,4444;0,2606
16382;2021-02-14;T20-21;E0;Everton;Fulham;0;2;2,0;1;0,2202;0,6328;0,1471
16380;2021-02-14;T20-21;E0;West Brom;Man United;1;1;0,0;2;0,162;0,1652;0,6728
16381;2021-02-14;T20-21;E0;Arsenal;Leeds;4;2;1,0;1;0,2052;0,7066;0,0882
58089;2021-02-14;T20-21;SP2;Almeria;Las Palmas;3;1;1,0;1;0,2418;0,5723;0,1858
6305;2021-02-14;T20-21;D1;Ein Frankfurt;FC Koln;2;0;1,0;1;0,2736;0,4238;0,3026
45601;2021-02-14;T20-21;SP1;Villarreal;Betis;1;2;2,0;1;0,2103;0,6697;0,12
45599;2021-02-14;T20-21;SP1;Real Madrid;Valencia;2;0;1,0;1;0,2364;0,6353;0,1283
16379;2021-02-14;T20-21;E0;Southampton;Wolves;1;2;2,0;1;0,2809;0,4437;0,2755
6306;2021-02-14;T20-21;D1;Wolfsburg;M'gladbach;0;0;0,0;1;0,2419;0,5718;0,1863
45600;2021-02-14;T20-21;SP1;Levante;Osasuna;0;1;2,0;1;0,2616;0,4182;0,3203
26915;2021-02-14;T20-21;F1;Monaco;Lorient;2;2;0,0;1;0,2078;0,6799;0,1123
26916;2021-02-14;T20-21;F1;Angers;Nantes;1;3;2,0;1;0,2746;0,4257;0,2997
26917;2021-02-14;T20-21;F1;Dijon;Nimes;0;2;2,0;1;0,281;0,3909;0,3281
26918;2021-02-14;T20-21;F1;Metz;Strasbourg;1;2;2,0;1;0,2441;0,3881;0,3678
26919;2021-02-14;T20-21;F1;Rennes;St Etienne;0;2;2,0;1;0,2383;0,5755;0,1862
26920;2021-02-14;T20-21;F1;Lille;Brest;0;0;0,0;1;0,1727;0,7366;0,0907
26921;2021-02-14;T20-21;F1;Bordeaux;Marseille;0;0;0,0;1;0,26;0,4338;0,3062
58092;2021-02-14;T20-21;SP2;Sp Gijon;Malaga;1;0;1,0;1;0,2556;0,5874;0,157
58091;2021-02-14;T20-21;SP2;Leganes;Albacete;3;1;1,0;1;0,2502;0,4936;0,2562
58090;2021-02-14;T20-21;SP2;Alcorcon;Logrones;1;0;1,0;1;0,2727;0,5257;0,2016
45598;2021-02-14;T20-21;SP1;Getafe;Sociedad;0;1;2,0;1;0,2582;0,4765;0,2653
35490;2021-02-14;T20-21;I1;Roma;Udinese;3;0;1,0;1;0,1987;0,709;0,0922
35492;2021-02-14;T20-21;I1;Sampdoria;Fiorentina;2;1;1,0;1;0,2832;0,4935;0,2234
35493;2021-02-14;T20-21;I1;Crotone;Sassuolo;1;2;2,0;1;0,2837;0,3905;0,3258
35491;2021-02-14;T20-21;I1;Cagliari;Atalanta;0;1;2,0;1;0,2798;0,3852;0,3351
35494;2021-02-14;T20-21;I1;Inter;Lazio;3;1;1,0;1;0,2693;0,5457;0,185
35495;2021-02-15;T20-21;I1;Verona;Parma;2;1;1,0;1;0,268;0,3925;0,3395
45602;2021-02-15;T20-21;SP1;Cadiz;Ath Bilbao;0;4;2,0;1;0,274;0,404;0,322
16383;2021-02-15;T20-21;E0;West Ham;Sheffield United;3;0;1,0;1;0,2839;0,3889;0,3272
16384;2021-02-15;T20-21;E0;Chelsea;Newcastle;2;0;1,0;1;0,1937;0,7169;0,0894
58093;2021-02-15;T20-21;SP2;Castellon;Fuenlabrada;1;2;2,0;1;0,296;0,4568;0,2471
6307;2021-02-15;T20-21;D1;Bayern Munich;Bielefeld;3;3;0,0;1;0,1697;0,7567;0,0735
58094;2021-02-15;T20-21;SP2;Oviedo;Lugo;3;1;1,0;1;0,2578;0,4942;0,248
16385;2021-02-17;T20-21;E0;Burnley;Fulham;1;1;0,0;1;0,2655;0,4188;0,3157
58095;2021-02-17;T20-21;SP2;Leganes;Almeria;2;1;1,0;1;0,2708;0,5203;0,2089
26922;2021-02-17;T20-21;F1;Marseille;Nice;3;2;1,0;1;0,2078;0,6976;0,0946
45603;2021-02-17;T20-21;SP1;Levante;Ath Madrid;1;1;0,0;2;0,2126;0,2372;0,5502
16386;2021-02-17;T20-21;E0;Everton;Man City;1;3;2,0;2;0,2826;0,2877;0,4297
58096;2021-02-19;T20-21;SP2;Ponferradina;Mirandes;1;0;1,0;1;0,2778;0,4996;0,2226
35497;2021-02-19;T20-21;I1;Cagliari;Torino;0;1;2,0;1;0,2647;0,3821;0,3532
16387;2021-02-19;T20-21;E0;Wolves;Leeds;1;0;1,0;1;0,2812;0,3718;0,347
45604;2021-02-19;T20-21;SP1;Betis;Getafe;1;0;1,0;1;0,2772;0,4277;0,2951
35496;2021-02-19;T20-21;I1;Fiorentina;Spezia;3;0;1,0;1;0,2422;0,6187;0,139
26923;2021-02-19;T20-21;F1;Brest;Lyon;2;3;2,0;2;0,2045;0,1634;0,632
6308;2021-02-19;T20-21;D1;Bielefeld;Wolfsburg;0;3;2,0;1;0,2879;0,3864;0,3257
6313;2021-02-20;T20-21;D1;Schalke 04;Dortmund;0;4;2,0;2;0,271;0,3107;0,4183
6311;2021-02-20;T20-21;D1;Freiburg;Union Berlin;0;1;2,0;1;0,2829;0,3874;0,3297
16391;2021-02-20;T20-21;E0;Fulham;Sheffield United;1;0;1,0;1;0,2801;0,3811;0,3388
6310;2021-02-20;T20-21;D1;FC Koln;Stuttgart;0;1;2,0;2;0,2636;0,3637;0,3727
58097;2021-02-20;T20-21;SP2;Espanol;Sabadell;1;0;1,0;1;0,2679;0,4775;0,2546
26925;2021-02-20;T20-21;F1;Nantes;Marseille;1;1;0,0;2;0,258;0,2559;0,4861
35500;2021-02-20;T20-21;I1;Sassuolo;Bologna;1;1;0,0;1;0,2738;0,4217;0,3045
6312;2021-02-20;T20-21;D1;M'gladbach;Mainz;1;2;2,0;1;0,2378;0,5773;0,185
16390;2021-02-20;T20-21;E0;Liverpool;Everton;0;2;2,0;1;0,1922;0,7251;0,0827
26924;2021-02-20;T20-21;F1;St Etienne;Reims;1;1;0,0;1;0,2371;0,5817;0,1812
16389;2021-02-20;T20-21;E0;Burnley;West Brom;0;0;0,0;1;0,2646;0,4231;0,3123
35499;2021-02-20;T20-21;I1;Genoa;Verona;2;2;0,0;1;0,2749;0,4196;0,3055
45605;2021-02-20;T20-21;SP1;Elche;Eibar;1;0;1,0;1;0,274;0,4105;0,3155
45606;2021-02-20;T20-21;SP1;Ath Madrid;Levante;0;2;2,0;1;0,2153;0,6805;0,1042
45607;2021-02-20;T20-21;SP1;Valencia;Celta;2;0;1,0;1;0,2129;0,683;0,1041
6309;2021-02-20;T20-21;D1;Ein Frankfurt;Bayern Munich;2;1;1,0;2;0,1366;0,1053;0,7581
35498;2021-02-20;T20-21;I1;Lazio;Sampdoria;1;0;1,0;1;0,2071;0,6967;0,0962
45608;2021-02-20;T20-21;SP1;Valladolid;Real Madrid;0;1;2,0;2;0,1401;0,1126;0,7473
58099;2021-02-20;T20-21;SP2;Las Palmas;Cartagena;2;0;1,0;1;0,2594;0,5512;0,1894
16388;2021-02-20;T20-21;E0;Southampton;Chelsea;1;1;0,0;2;0,1694;0,1415;0,6892
58098;2021-02-20;T20-21;SP2;Albacete;Sp Gijon;0;1;2,0;1;0,2953;0,364;0,3407
35502;2021-02-21;T20-21;I1;Milan;Inter;0;3;2,0;1;0,3269;0,4063;0,2668
35504;2021-02-21;T20-21;I1;Benevento;Roma;0;0;0,0;2;0,2137;0,1722;0,6141
6314;2021-02-21;T20-21;D1;Augsburg;Leverkusen;1;1;0,0;2;0,2248;0,2343;0,541
6315;2021-02-21;T20-21;D1;Hertha;RB Leipzig;0;3;2,0;2;0,2746;0,3189;0,4065
58104;2021-02-21;T20-21;SP2;Malaga;Vallecano;2;0;1,0;1;0,2902;0,4698;0,24
58103;2021-02-21;T20-21;SP2;Lugo;Logrones;1;1;0,0;1;0,2881;0,4704;0,2415
58102;2021-02-21;T20-21;SP2;Girona;Castellon;2;1;1,0;1;0,2407;0,5767;0,1826
6316;2021-02-21;T20-21;D1;Hoffenheim;Werder Bremen;4;0;1,0;1;0,2909;0,4395;0,2696
58101;2021-02-21;T20-21;SP2;Mallorca;Almeria;2;0;1,0;1;0,2702;0,5206;0,2092
58100;2021-02-21;T20-21;SP2;Leganes;Tenerife;1;0;1,0;1;0,2573;0,4962;0,2465
35503;2021-02-21;T20-21;I1;Atalanta;Napoli;4;2;1,0;2;0,2533;0,2936;0,4532
26929;2021-02-21;T20-21;F1;Nimes;Bordeaux;2;0;1,0;2;0,2857;0,289;0,4253
16393;2021-02-21;T20-21;E0;Aston Villa;Leicester;1;2;2,0;1;0,2863;0,4031;0,3106
45609;2021-02-21;T20-21;SP1;Barcelona;Cadiz;1;1;0,0;1;0,1582;0,7783;0,0635
45610;2021-02-21;T20-21;SP1;Sociedad;Alaves;4;0;1,0;1;0,2434;0,5598;0,1968
45611;2021-02-21;T20-21;SP1;Huesca;Granada;3;2;1,0;1;0,2746;0,405;0,3204
45612;2021-02-21;T20-21;SP1;Ath Bilbao;Villarreal;1;1;0,0;1;0,2623;0,5376;0,2
16392;2021-02-21;T20-21;E0;West Ham;Tottenham;2;1;1,0;2;0,2452;0,222;0,5328
16394;2021-02-21;T20-21;E0;Arsenal;Man City;0;1;2,0;1;0,2913;0,5015;0,2072
16395;2021-02-21;T20-21;E0;Man United;Newcastle;3;1;1,0;1;0,1878;0,7262;0,086
26926;2021-02-21;T20-21;F1;Montpellier;Rennes;2;1;1,0;1;0,2656;0,5351;0,1994
35501;2021-02-21;T20-21;I1;Parma;Udinese;2;2;0,0;1;0,2534;0,4924;0,2542
26928;2021-02-21;T20-21;F1;Nice;Metz;1;2;2,0;1;0,2381;0,593;0,1689
26927;2021-02-21;T20-21;F1;Lens;Dijon;2;1;1,0;1;0,2455;0,5169;0,2376
26932;2021-02-21;T20-21;F1;Paris SG;Monaco;0;2;2,0;1;0,2557;0,5811;0,1633
26931;2021-02-21;T20-21;F1;Lorient;Lille;1;4;2,0;2;0,2651;0,2692;0,4657
26930;2021-02-21;T20-21;F1;Strasbourg;Angers;0;0;0,0;1;0,2781;0,388;0,3339
58105;2021-02-22;T20-21;SP2;Fuenlabrada;Oviedo;2;2;0,0;1;0,2846;0,4729;0,2425
58106;2021-02-22;T20-21;SP2;Zaragoza;Alcorcon;0;1;2,0;1;0,2578;0,555;0,1872
16396;2021-02-22;T20-21;E0;Brighton;Crystal Palace;1;2;2,0;1;0,2795;0,3985;0,3221
35505;2021-02-22;T20-21;I1;Juventus;Crotone;3;0;1,0;1;0,1821;0,7406;0,0773
45613;2021-02-22;T20-21;SP1;Osasuna;Sevilla;0;2;2,0;2;0,2496;0,2169;0,5336
16397;2021-02-23;T20-21;E0;Leeds;Southampton;3;0;1,0;1;0,261;0,4711;0,2679
45614;2021-02-24;T20-21;SP1;Barcelona;Elche;3;0;1,0;1;0,158;0,7774;0,0646
26933;2021-02-24;T20-21;F1;Nimes;Lorient;1;0;1,0;1;0,2752;0,4089;0,3159
58108;2021-02-26;T20-21;SP2;Cartagena;Leganes;1;0;1,0;1;0,2913;0,4264;0,2823
58107;2021-02-26;T20-21;SP2;Sabadell;Albacete;0;0;0,0;1;0,2738;0,4089;0,3172
26934;2021-02-26;T20-21;F1;Rennes;Nice;1;2;2,0;1;0,2382;0,5739;0,1879
45615;2021-02-26;T20-21;SP1;Levante;Ath Bilbao;1;1;0,0;1;0,2616;0,383;0,3554
6317;2021-02-26;T20-21;D1;Werder Bremen;Ein Frankfurt;2;1;1,0;1;0,2223;0,6135;0,1642
16401;2021-02-27;T20-21;E0;Newcastle;Wolves;1;1;0,0;1;0,2533;0,4931;0,2536
45618;2021-02-27;T20-21;SP1;Alaves;Osasuna;0;1;2,0;1;0,2705;0,4254;0,3041
45619;2021-02-27;T20-21;SP1;Getafe;Valencia;3;0;1,0;2;0,2616;0,2772;0,4612
45617;2021-02-27;T20-21;SP1;Sevilla;Barcelona;0;2;2,0;2;0,3008;0,1319;0,5673
45616;2021-02-27;T20-21;SP1;Eibar;Huesca;1;1;0,0;1;0,2827;0,42;0,2973
26936;2021-02-27;T20-21;F1;Dijon;Paris SG;0;4;2,0;2;0,2126;0,1727;0,6147
6321;2021-02-27;T20-21;D1;Wolfsburg;Hertha;2;0;1,0;1;0,2429;0,572;0,1851
16400;2021-02-27;T20-21;E0;Leeds;Aston Villa;0;1;2,0;1;0,2592;0,4875;0,2533
35506;2021-02-27;T20-21;I1;Spezia;Parma;2;2;0,0;1;0,277;0,4248;0,2982
6320;2021-02-27;T20-21;D1;Stuttgart;Schalke 04;5;1;1,0;1;0,2751;0,4629;0,2621
35508;2021-02-27;T20-21;I1;Verona;Juventus;1;1;0,0;2;0,1499;0,1222;0,7279
58109;2021-02-27;T20-21;SP2;Vallecano;Ponferradina;1;1;0,0;1;0,2443;0,5612;0,1945
58110;2021-02-27;T20-21;SP2;Almeria;Lugo;4;1;1,0;1;0,2427;0,5708;0,1865
58111;2021-02-27;T20-21;SP2;Castellon;Las Palmas;4;0;1,0;1;0,2676;0,4753;0,2571
58112;2021-02-27;T20-21;SP2;Logrones;Mallorca;0;1;2,0;1;0,2863;0,4407;0,273
6322;2021-02-27;T20-21;D1;RB Leipzig;M'gladbach;3;2;1,0;1;0,2428;0,5681;0,1891
16399;2021-02-27;T20-21;E0;West Brom;Brighton;1;0;1,0;2;0,2528;0,3496;0,3976
35507;2021-02-27;T20-21;I1;Bologna;Lazio;2;0;1,0;2;0,2221;0,2255;0,5524
26935;2021-02-27;T20-21;F1;Bordeaux;Metz;1;2;2,0;1;0,2069;0,6682;0,1249
16398;2021-02-27;T20-21;E0;Man City;West Ham;2;1;1,0;1;0,2099;0,6899;0,1002
6318;2021-02-27;T20-21;D1;Bayern Munich;FC Koln;5;1;1,0;1;0,1786;0,7407;0,0807
6319;2021-02-27;T20-21;D1;Dortmund;Bielefeld;3;0;1,0;1;0,2016;0,7061;0,0924
35513;2021-02-28;T20-21;I1;Napoli;Benevento;2;0;1,0;1;0,1905;0,7105;0,099
35514;2021-02-28;T20-21;I1;Roma;Milan;1;2;2,0;1;0,3196;0,4345;0,246
35510;2021-02-28;T20-21;I1;Crotone;Cagliari;0;2;2,0;1;0,2636;0,4435;0,2929
6323;2021-02-28;T20-21;D1;Union Berlin;Hoffenheim;1;1;0,0;1;0,283;0,4726;0,2444
6324;2021-02-28;T20-21;D1;Mainz;Augsburg;0;1;2,0;1;0,2839;0,4165;0,2996
35509;2021-02-28;T20-21;I1;Sampdoria;Atalanta;0;2;2,0;1;0,265;0,5375;0,1974
35511;2021-02-28;T20-21;I1;Inter;Genoa;3;0;1,0;1;0,2016;0,7035;0,0949
35512;2021-02-28;T20-21;I1;Udinese;Fiorentina;1;0;1,0;1;0,2925;0,4641;0,2434
58115;2021-02-28;T20-21;SP2;Tenerife;Alcorcon;3;1;1,0;1;0,2314;0,5904;0,1782
16403;2021-02-28;T20-21;E0;Leicester;Arsenal;1;3;2,0;2;0,1872;0,1638;0,6491
26942;2021-02-28;T20-21;F1;Lille;Strasbourg;1;1;0,0;1;0,207;0,6961;0,0968
16402;2021-02-28;T20-21;E0;Crystal Palace;Fulham;0;0;0,0;1;0,2605;0,4162;0,3233
26943;2021-02-28;T20-21;F1;Marseille;Lyon;1;1;0,0;2;0,2914;0,2799;0,4287
58113;2021-02-28;T20-21;SP2;Fuenlabrada;Girona;1;1;0,0;1;0,28;0,4827;0,2373
58114;2021-02-28;T20-21;SP2;Sp Gijon;Espanol;1;1;0,0;1;0,2561;0,572;0,1719
58116;2021-02-28;T20-21;SP2;Oviedo;Zaragoza;1;0;1,0;1;0,2937;0,4516;0,2547
26941;2021-02-28;T20-21;F1;Reims;Montpellier;0;0;0,0;1;0,2843;0,4285;0,2871
26940;2021-02-28;T20-21;F1;Nimes;Nantes;1;1;0,0;1;0,2729;0,403;0,3241
16405;2021-02-28;T20-21;E0;Chelsea;Man United;0;0;0,0;0;0,3509;0,3347;0,3143
16404;2021-02-28;T20-21;E0;Tottenham;Burnley;4;0;1,0;1;0,2066;0,6991;0,0944
16406;2021-02-28;T20-21;E0;Sheffield United;Liverpool;0;2;2,0;2;0,2043;0,1631;0,6326
26938;2021-02-28;T20-21;F1;Angers;Lens;2;2;0,0;1;0,2818;0,4301;0,2882
26937;2021-02-28;T20-21;F1;Monaco;Brest;2;0;1,0;1;0,1783;0,7236;0,0981
45623;2021-02-28;T20-21;SP1;Villarreal;Ath Madrid;0;2;2,0;2;0,2616;0,3645;0,3739
45622;2021-02-28;T20-21;SP1;Granada;Elche;2;1;1,0;1;0,272;0,3743;0,3538
45621;2021-02-28;T20-21;SP1;Cadiz;Betis;0;1;2,0;1;0,2742;0,4035;0,3223
45620;2021-02-28;T20-21;SP1;Celta;Valladolid;1;1;0,0;1;0,2618;0,4869;0,2513
6325;2021-02-28;T20-21;D1;Leverkusen;Freiburg;1;2;2,0;1;0,2001;0,6967;0,1032
26939;2021-02-28;T20-21;F1;Lorient;St Etienne;2;1;1,0;1;0,2779;0,4648;0,2573
16407;2021-03-01;T20-21;E0;Everton;Southampton;1;0;1,0;1;0,2283;0,6351;0,1366
58117;2021-03-01;T20-21;SP2;Mirandes;Malaga;1;0;1,0;1;0,3026;0,3853;0,3121
45624;2021-03-01;T20-21;SP1;Real Madrid;Sociedad;1;1;0,0;1;0,1663;0,762;0,0717
16408;2021-03-02;T20-21;E0;Man City;Wolves;4;1;1,0;1;0,2015;0,7075;0,091
35515;2021-03-02;T20-21;I1;Juventus;Spezia;3;0;1,0;1;0,1981;0,7174;0,0844
35522;2021-03-03;T20-21;I1;Milan;Udinese;1;1;0,0;1;0,2022;0,7027;0,0951
16411;2021-03-03;T20-21;E0;Crystal Palace;Man United;0;0;0,0;2;0,1548;0,1308;0,7144
35521;2021-03-03;T20-21;I1;Genoa;Sampdoria;1;1;0,0;1;0,2745;0,4159;0,3096
35516;2021-03-03;T20-21;I1;Sassuolo;Napoli;3;3;0,0;2;0,2372;0,2363;0,5265
35519;2021-03-03;T20-21;I1;Cagliari;Bologna;1;0;1,0;1;0,2666;0,4074;0,3261
35518;2021-03-03;T20-21;I1;Benevento;Verona;0;3;2,0;1;0,2686;0,387;0,3444
26944;2021-03-03;T20-21;F1;Brest;Dijon;3;1;1,0;1;0,2743;0,4023;0,3234
35517;2021-03-03;T20-21;I1;Atalanta;Crotone;5;1;1,0;1;0,2538;0,5579;0,1883
16410;2021-03-03;T20-21;E0;Sheffield United;Aston Villa;1;0;1,0;1;0,2745;0,4046;0,3209
16409;2021-03-03;T20-21;E0;Burnley;Leicester;1;1;0,0;1;0,2775;0,3806;0,3419
26953;2021-03-03;T20-21;F1;Strasbourg;Monaco;1;0;1,0;2;0,2305;0,2188;0,5508
26952;2021-03-03;T20-21;F1;Nantes;Reims;1;2;2,0;1;0,2919;0,4499;0,2582
26951;2021-03-03;T20-21;F1;Montpellier;Lorient;1;1;0,0;1;0,2458;0,5406;0,2136
26950;2021-03-03;T20-21;F1;Lille;Marseille;2;0;1,0;1;0,2551;0,4654;0,2795
35520;2021-03-03;T20-21;I1;Fiorentina;Roma;1;2;2,0;2;0,2986;0,2517;0,4497
26945;2021-03-03;T20-21;F1;Lyon;Rennes;1;0;1,0;1;0,196;0,7189;0,0851
26946;2021-03-03;T20-21;F1;Metz;Angers;0;1;2,0;2;0,2608;0,36;0,3791
26949;2021-03-03;T20-21;F1;Bordeaux;Paris SG;0;1;2,0;2;0,2894;0,2604;0,4502
26948;2021-03-03;T20-21;F1;St Etienne;Lens;2;3;2,0;1;0,238;0,5742;0,1878
26947;2021-03-03;T20-21;F1;Nice;Nimes;2;1;1,0;1;0,2492;0,5695;0,1813
16412;2021-03-04;T20-21;E0;Fulham;Tottenham;0;1;2,0;2;0,2366;0,2144;0,549
16413;2021-03-04;T20-21;E0;West Brom;Everton;0;1;2,0;2;0,2519;0,3506;0,3974
35523;2021-03-04;T20-21;I1;Parma;Inter;1;2;2,0;2;0,1983;0,1796;0,6221
16414;2021-03-04;T20-21;E0;Liverpool;Chelsea;0;1;2,0;1;0,3426;0,3649;0,2925
6326;2021-03-05;T20-21;D1;Schalke 04;Mainz;0;0;0,0;1;0,2117;0,6693;0,119
45625;2021-03-05;T20-21;SP1;Valencia;Villarreal;2;1;1,0;1;0,2355;0,6482;0,1163
58118;2021-03-05;T20-21;SP2;Espanol;Oviedo;1;1;0,0;1;0,2811;0,4939;0,2251
6330;2021-03-06;T20-21;D1;Hoffenheim;Wolfsburg;2;1;1,0;1;0,27;0,5266;0,2034
45627;2021-03-06;T20-21;SP1;Elche;Sevilla;2;1;1,0;2;0,2589;0,2275;0,5135
45626;2021-03-06;T20-21;SP1;Valladolid;Getafe;2;1;1,0;1;0,2647;0,389;0,3464
6331;2021-03-06;T20-21;D1;M'gladbach;Leverkusen;0;1;2,0;2;0,2654;0,3295;0,4052
58119;2021-03-06;T20-21;SP2;Zaragoza;Tenerife;1;0;1,0;1;0,2526;0,5407;0,2067
58120;2021-03-06;T20-21;SP2;Las Palmas;Vallecano;1;1;0,0;1;0,2751;0,5193;0,2056
58121;2021-03-06;T20-21;SP2;Leganes;Castellon;0;0;0,0;1;0,2732;0,5144;0,2124
58122;2021-03-06;T20-21;SP2;Albacete;Logrones;1;1;0,0;1;0,2872;0,4756;0,2372
16418;2021-03-06;T20-21;E0;Brighton;Leicester;1;2;2,0;1;0,2846;0,3915;0,3239
45629;2021-03-06;T20-21;SP1;Osasuna;Barcelona;0;2;2,0;2;0,1333;0,1025;0,7642
16416;2021-03-06;T20-21;E0;Sheffield United;Southampton;0;2;2,0;1;0,2771;0,3998;0,323
16417;2021-03-06;T20-21;E0;Aston Villa;Wolves;0;0;0,0;1;0,2814;0,4026;0,3161
35524;2021-03-06;T20-21;I1;Spezia;Benevento;1;1;0,0;1;0,2883;0,4242;0,2875
35525;2021-03-06;T20-21;I1;Udinese;Sassuolo;2;0;1,0;1;0,2738;0,5135;0,2127
35526;2021-03-06;T20-21;I1;Juventus;Lazio;3;1;1,0;1;0,2554;0,5927;0,1519
6332;2021-03-06;T20-21;D1;Bayern Munich;Dortmund;4;2;1,0;1;0,2821;0,5388;0,1791
6327;2021-03-06;T20-21;D1;Ein Frankfurt;Stuttgart;1;1;0,0;1;0,2917;0,4033;0,305
6328;2021-03-06;T20-21;D1;Freiburg;RB Leipzig;0;3;2,0;2;0,2408;0,2166;0,5425
6329;2021-03-06;T20-21;D1;Hertha;Augsburg;2;1;1,0;1;0,2554;0,4864;0,2583
16415;2021-03-06;T20-21;E0;Burnley;Arsenal;1;1;0,0;2;0,1924;0,158;0,6496
45628;2021-03-06;T20-21;SP1;Cadiz;Eibar;1;0;1,0;1;0,2711;0,4113;0,3177
35532;2021-03-07;T20-21;I1;Napoli;Bologna;3;1;1,0;1;0,2006;0,6978;0,1016
35527;2021-03-07;T20-21;I1;Roma;Genoa;1;0;1,0;1;0,2006;0,7052;0,0942
35528;2021-03-07;T20-21;I1;Crotone;Torino;4;2;1,0;1;0,2677;0,3849;0,3474
35529;2021-03-07;T20-21;I1;Fiorentina;Parma;3;3;0,0;1;0,2211;0,6436;0,1353
16419;2021-03-07;T20-21;E0;West Brom;Newcastle;0;0;0,0;1;0,2385;0,4158;0,3458
16420;2021-03-07;T20-21;E0;Liverpool;Fulham;0;1;2,0;1;0,204;0,7014;0,0945
35531;2021-03-07;T20-21;I1;Sampdoria;Cagliari;2;2;0,0;1;0,2323;0,5843;0,1834
45633;2021-03-07;T20-21;SP1;Ath Bilbao;Granada;2;1;1,0;1;0,2413;0,5809;0,1777
45631;2021-03-07;T20-21;SP1;Ath Madrid;Real Madrid;1;1;0,0;2;0,3476;0,2338;0,4186
6333;2021-03-07;T20-21;D1;FC Koln;Werder Bremen;1;1;0,0;2;0,2605;0,2918;0,4477
6334;2021-03-07;T20-21;D1;Bielefeld;Union Berlin;0;0;0,0;1;0,2841;0,3859;0,33
16422;2021-03-07;T20-21;E0;Tottenham;Crystal Palace;4;1;1,0;1;0,2064;0,7014;0,0922
45630;2021-03-07;T20-21;SP1;Huesca;Celta;3;4;2,0;1;0,2767;0,3996;0,3237
58126;2021-03-07;T20-21;SP2;Girona;Almeria;0;1;2,0;1;0,2344;0,5913;0,1743
35530;2021-03-07;T20-21;I1;Verona;Milan;0;2;2,0;2;0,2164;0,1779;0,6057
58124;2021-03-07;T20-21;SP2;Ponferradina;Sp Gijon;2;2;0,0;1;0,2945;0,3643;0,3412
58123;2021-03-07;T20-21;SP2;Malaga;Sabadell;2;0;1,0;1;0,255;0,4988;0,2462
16421;2021-03-07;T20-21;E0;Man City;Man United;0;2;2,0;2;0,3461;0,3003;0,3537
45632;2021-03-07;T20-21;SP1;Sociedad;Levante;1;0;1,0;1;0,2387;0,5929;0,1684
58125;2021-03-07;T20-21;SP2;Mallorca;Cartagena;2;1;1,0;1;0,2721;0,5178;0,2101
58127;2021-03-08;T20-21;SP2;Alcorcon;Mirandes;4;0;1,0;1;0,2519;0,5672;0,1809
58128;2021-03-08;T20-21;SP2;Lugo;Fuenlabrada;0;0;0,0;1;0,2983;0,4354;0,2663
16423;2021-03-08;T20-21;E0;Chelsea;Everton;2;0;1,0;1;0,1882;0,7322;0,0796
16424;2021-03-08;T20-21;E0;West Ham;Leeds;2;0;1,0;1;0,2887;0,3861;0,3252
45634;2021-03-08;T20-21;SP1;Betis;Alaves;3;2;1,0;1;0,2755;0,4211;0,3033
35533;2021-03-08;T20-21;I1;Inter;Atalanta;1;0;1,0;1;0,1982;0,7153;0,0865
16425;2021-03-10;T20-21;E0;Man City;Southampton;5;2;1,0;1;0,2013;0,7064;0,0923
45635;2021-03-10;T20-21;SP1;Ath Madrid;Ath Bilbao;2;1;1,0;1;0,2074;0,6935;0,0991
26954;2021-03-10;T20-21;F1;Marseille;Rennes;1;0;1,0;1;0,1925;0,7064;0,1011
6335;2021-03-10;T20-21;D1;Bielefeld;Werder Bremen;0;2;2,0;2;0,29;0,3126;0,3974
6336;2021-03-12;T20-21;D1;Augsburg;M'gladbach;3;1;1,0;1;0,2702;0,3869;0,3429
45636;2021-03-12;T20-21;SP1;Levante;Valencia;1;0;1,0;2;0,2194;0,2149;0,5657
35534;2021-03-12;T20-21;I1;Lazio;Crotone;3;2;1,0;1;0,203;0,7022;0,0947
35535;2021-03-12;T20-21;I1;Atalanta;Spezia;3;1;1,0;1;0,2668;0,5414;0,1918
26955;2021-03-12;T20-21;F1;Reims;Lyon;1;1;0,0;2;0,2055;0,1668;0,6277
16426;2021-03-12;T20-21;E0;Newcastle;Aston Villa;1;1;0,0;1;0,2503;0,5076;0,2421
58130;2021-03-12;T20-21;SP2;Vallecano;Zaragoza;3;2;1,0;1;0,2752;0,5091;0,2157
58129;2021-03-12;T20-21;SP2;Cartagena;Ponferradina;1;1;0,0;1;0,2847;0,425;0,2904
58131;2021-03-13;T20-21;SP2;Fuenlabrada;Las Palmas;1;2;2,0;1;0,274;0,4582;0,2678
26956;2021-03-13;T20-21;F1;Angers;St Etienne;0;1;2,0;1;0,2765;0,4383;0,2852
26957;2021-03-13;T20-21;F1;Marseille;Brest;3;1;1,0;1;0,1749;0,7329;0,0922
45640;2021-03-13;T20-21;SP1;Getafe;Ath Madrid;0;0;0,0;2;0,2248;0,2502;0,525
45639;2021-03-13;T20-21;SP1;Osasuna;Valladolid;0;0;0,0;1;0,2668;0,4004;0,3328
58132;2021-03-13;T20-21;SP2;Girona;Lugo;1;1;0,0;1;0,2379;0,5726;0,1895
58133;2021-03-13;T20-21;SP2;Castellon;Sabadell;2;1;1,0;1;0,2664;0,4807;0,2529
45638;2021-03-13;T20-21;SP1;Real Madrid;Elche;2;1;1,0;1;0,1665;0,7647;0,0688
45637;2021-03-13;T20-21;SP1;Alaves;Cadiz;1;1;0,0;1;0,2793;0,4021;0,3186
58134;2021-03-13;T20-21;SP2;Mirandes;Espanol;2;2;0,0;1;0,3042;0,3644;0,3314
16428;2021-03-13;T20-21;E0;Crystal Palace;West Brom;1;0;1,0;1;0,2591;0,4207;0,3201
16427;2021-03-13;T20-21;E0;Leeds;Chelsea;0;0;0,0;2;0,165;0,1462;0,6888
16430;2021-03-13;T20-21;E0;Fulham;Man City;0;3;2,0;2;0,2229;0,2026;0,5744
6337;2021-03-13;T20-21;D1;Mainz;Freiburg;1;0;1,0;1;0,2742;0,4419;0,2839
6338;2021-03-13;T20-21;D1;Union Berlin;FC Koln;2;1;1,0;1;0,2677;0,4789;0,2534
6339;2021-03-13;T20-21;D1;Werder Bremen;Bayern Munich;1;3;2,0;2;0,2266;0,1969;0,5765
35536;2021-03-13;T20-21;I1;Sassuolo;Verona;3;2;1,0;1;0,2717;0,3949;0,3334
35537;2021-03-13;T20-21;I1;Benevento;Fiorentina;1;4;2,0;2;0,2897;0,3505;0,3598
6340;2021-03-13;T20-21;D1;Wolfsburg;Schalke 04;5;0;1,0;1;0,267;0,4997;0,2333
35538;2021-03-13;T20-21;I1;Genoa;Udinese;1;1;0,0;1;0,2758;0,4192;0,305
6341;2021-03-13;T20-21;D1;Dortmund;Hertha;2;0;1,0;1;0,2014;0,7064;0,0922
16429;2021-03-13;T20-21;E0;Everton;Burnley;1;2;2,0;1;0,2309;0,6316;0,1375
58136;2021-03-14;T20-21;SP2;Sp Gijon;Mallorca;2;0;1,0;1;0,2163;0,6672;0,1165
58135;2021-03-14;T20-21;SP2;Logrones;Malaga;0;1;2,0;1;0,3015;0,3817;0,3167
35543;2021-03-14;T20-21;I1;Milan;Napoli;0;1;2,0;1;0,2775;0,5166;0,2059
35542;2021-03-14;T20-21;I1;Cagliari;Juventus;1;3;2,0;2;0,1497;0,1226;0,7277
35541;2021-03-14;T20-21;I1;Torino;Inter;1;2;2,0;2;0,2033;0,1621;0,6346
45643;2021-03-14;T20-21;SP1;Eibar;Villarreal;1;3;2,0;1;0,296;0,3783;0,3256
35540;2021-03-14;T20-21;I1;Parma;Roma;2;0;1,0;2;0,2051;0,185;0,6099
35539;2021-03-14;T20-21;I1;Bologna;Sampdoria;3;1;1,0;1;0,2635;0,3819;0,3546
45641;2021-03-14;T20-21;SP1;Celta;Ath Bilbao;0;0;0,0;1;0,2618;0,4722;0,266
16434;2021-03-14;T20-21;E0;Man United;West Ham;1;0;1,0;1;0,1898;0,7234;0,0868
16433;2021-03-14;T20-21;E0;Arsenal;Tottenham;2;1;1,0;1;0,2481;0,602;0,1499
16432;2021-03-14;T20-21;E0;Leicester;Sheffield United;5;0;1,0;1;0,2847;0,4804;0,2349
16431;2021-03-14;T20-21;E0;Southampton;Brighton;1;2;2,0;1;0,291;0,4465;0,2624
58137;2021-03-14;T20-21;SP2;Tenerife;Albacete;2;0;1,0;1;0,237;0,5749;0,1881
45644;2021-03-14;T20-21;SP1;Sevilla;Betis;1;0;1,0;1;0,2066;0,6938;0,0996
58138;2021-03-14;T20-21;SP2;Oviedo;Leganes;1;3;2,0;1;0,2752;0,5138;0,2109
45642;2021-03-14;T20-21;SP1;Granada;Sociedad;1;0;1,0;1;0,2647;0,3877;0,3475
26962;2021-03-14;T20-21;F1;Rennes;Strasbourg;1;0;1,0;1;0,2372;0,5731;0,1897
26964;2021-03-14;T20-21;F1;Paris SG;Nantes;1;2;2,0;1;0,1944;0,7174;0,0882
26963;2021-03-14;T20-21;F1;Monaco;Lille;0;0;0,0;1;0,2532;0,4602;0,2866
26961;2021-03-14;T20-21;F1;Lorient;Nice;1;1;0,0;1;0,2818;0,4434;0,2748
6343;2021-03-14;T20-21;D1;RB Leipzig;Ein Frankfurt;1;1;0,0;1;0,242;0,5825;0,1755
6344;2021-03-14;T20-21;D1;Stuttgart;Hoffenheim;2;0;1,0;1;0,2507;0,5684;0,1809
26959;2021-03-14;T20-21;F1;Dijon;Bordeaux;1;3;2,0;2;0,2768;0,2716;0,4516
26960;2021-03-14;T20-21;F1;Lens;Metz;2;2;0,0;1;0,2442;0,5451;0,2107
6342;2021-03-14;T20-21;D1;Leverkusen;Bielefeld;1;2;2,0;1;0,2073;0,6972;0,0956
26958;2021-03-14;T20-21;F1;Nimes;Montpellier;1;1;0,0;1;0,2826;0,4126;0,3048
58139;2021-03-15;T20-21;SP2;Almeria;Alcorcon;0;0;0,0;1;0,2279;0,6076;0,1645
45645;2021-03-15;T20-21;SP1;Barcelona;Huesca;4;1;1,0;1;0,1577;0,779;0,0632
16435;2021-03-15;T20-21;E0;Wolves;Liverpool;0;1;2,0;2;0,2071;0,1705;0,6224
35544;2021-03-17;T20-21;I1;Torino;Sassuolo;3;2;1,0;1;0,2861;0,4034;0,3105
45646;2021-03-17;T20-21;SP1;Sevilla;Elche;2;0;1,0;1;0,1916;0,7088;0,0996
45647;2021-03-19;T20-21;SP1;Betis;Levante;2;0;1,0;1;0,2754;0,4534;0,2712
26965;2021-03-19;T20-21;F1;St Etienne;Monaco;0;4;2,0;1;0,2676;0,3905;0,3419
58140;2021-03-19;T20-21;SP2;Las Palmas;Girona;1;2;2,0;1;0,2553;0,5599;0,1848
6345;2021-03-19;T20-21;D1;Bielefeld;RB Leipzig;0;1;2,0;2;0,2394;0,2169;0,5437
35545;2021-03-19;T20-21;I1;Parma;Genoa;1;2;2,0;1;0,2535;0,4996;0,2469
16436;2021-03-19;T20-21;E0;Fulham;Leeds;1;2;2,0;1;0,2805;0,3781;0,3413
26967;2021-03-20;T20-21;F1;Nice;Marseille;3;0;1,0;2;0,2669;0,359;0,3741
26966;2021-03-20;T20-21;F1;Metz;Rennes;1;3;2,0;2;0,2609;0,3578;0,3813
6350;2021-03-20;T20-21;D1;Schalke 04;M'gladbach;0;3;2,0;1;0,2126;0,6702;0,1172
6349;2021-03-20;T20-21;D1;Werder Bremen;Wolfsburg;1;2;2,0;1;0,2374;0,6124;0,1503
6348;2021-03-20;T20-21;D1;FC Koln;Dortmund;2;2;0,0;2;0,2013;0,2019;0,5968
6347;2021-03-20;T20-21;D1;Ein Frankfurt;Union Berlin;5;2;1,0;1;0,2888;0,4046;0,3066
6346;2021-03-20;T20-21;D1;Bayern Munich;Stuttgart;4;0;1,0;1;0,1687;0,7608;0,0705
35546;2021-03-20;T20-21;I1;Crotone;Bologna;2;3;2,0;1;0,27;0,4131;0,3169
35547;2021-03-20;T20-21;I1;Spezia;Cagliari;2;1;1,0;1;0,2677;0,4667;0,2656
58141;2021-03-20;T20-21;SP2;Sabadell;Sp Gijon;1;1;0,0;2;0,2873;0,2957;0,417
16437;2021-03-20;T20-21;E0;Brighton;Newcastle;3;0;1,0;1;0,2729;0,4056;0,3215
58143;2021-03-20;T20-21;SP2;Leganes;Fuenlabrada;0;2;2,0;1;0,2893;0,4757;0,2349
58142;2021-03-20;T20-21;SP2;Mallorca;Oviedo;0;0;0,0;1;0,2729;0,5158;0,2113
58144;2021-03-20;T20-21;SP2;Espanol;Logrones;4;0;1,0;1;0,2858;0,4862;0,228
45651;2021-03-20;T20-21;SP1;Valladolid;Sevilla;1;1;0,0;2;0,2445;0,2131;0,5425
45650;2021-03-20;T20-21;SP1;Huesca;Osasuna;0;0;0,0;1;0,2718;0,433;0,2951
45648;2021-03-20;T20-21;SP1;Ath Bilbao;Eibar;1;1;0,0;1;0,2432;0,5696;0,1872
45649;2021-03-20;T20-21;SP1;Celta;Real Madrid;1;3;2,0;2;0,1352;0,1145;0,7503
26969;2021-03-21;T20-21;F1;Brest;Angers;0;0;0,0;1;0,2854;0,4217;0,2929
35551;2021-03-21;T20-21;I1;Udinese;Lazio;0;1;2,0;2;0,264;0,2822;0,4538
35552;2021-03-21;T20-21;I1;Fiorentina;Milan;2;3;2,0;2;0,2966;0,2563;0,4471
35553;2021-03-21;T20-21;I1;Roma;Napoli;0;2;2,0;1;0,2766;0,5267;0,1967
6351;2021-03-21;T20-21;D1;Hoffenheim;Mainz;1;2;2,0;1;0,2465;0,522;0,2315
6352;2021-03-21;T20-21;D1;Hertha;Leverkusen;3;0;1,0;2;0,2275;0,2568;0,5157
26968;2021-03-21;T20-21;F1;Strasbourg;Lens;1;2;2,0;1;0,2657;0,3945;0,3398
6353;2021-03-21;T20-21;D1;Freiburg;Augsburg;2;0;1,0;1;0,2744;0,3925;0,3331
35548;2021-03-21;T20-21;I1;Verona;Atalanta;0;2;2,0;1;0,283;0,3779;0,3391
58145;2021-03-21;T20-21;SP2;Ponferradina;Almeria;2;1;1,0;1;0,2774;0,4988;0,2238
58146;2021-03-21;T20-21;SP2;Malaga;Tenerife;1;1;0,0;1;0,2548;0,5014;0,2437
58147;2021-03-21;T20-21;SP2;Lugo;Castellon;0;0;0,0;1;0,2839;0,4751;0,2411
58148;2021-03-21;T20-21;SP2;Alcorcon;Vallecano;0;3;2,0;1;0,2809;0,503;0,2161
35550;2021-03-21;T20-21;I1;Sampdoria;Torino;1;0;1,0;1;0,2451;0,53;0,2249
35549;2021-03-21;T20-21;I1;Juventus;Benevento;0;1;2,0;1;0,1816;0,7414;0,077
45656;2021-03-21;T20-21;SP1;Sociedad;Barcelona;1;6;2,0;2;0,1567;0,1404;0,7029
45655;2021-03-21;T20-21;SP1;Ath Madrid;Alaves;1;0;1,0;1;0,2062;0,6972;0,0966
45654;2021-03-21;T20-21;SP1;Villarreal;Cadiz;2;1;1,0;1;0,2025;0,6883;0,1092
26973;2021-03-21;T20-21;F1;Lille;Nimes;1;2;2,0;1;0,1899;0,713;0,0972
26972;2021-03-21;T20-21;F1;Nantes;Lorient;1;1;0,0;1;0,2746;0,4423;0,2831
16439;2021-03-21;T20-21;E0;Aston Villa;Tottenham;0;2;2,0;2;0,2499;0,2299;0,5202
16438;2021-03-21;T20-21;E0;West Ham;Arsenal;3;3;0,0;2;0,1909;0,1522;0,6569
45653;2021-03-21;T20-21;SP1;Valencia;Granada;2;1;1,0;1;0,2169;0,6744;0,1087
45652;2021-03-21;T20-21;SP1;Getafe;Elche;1;1;0,0;1;0,2809;0,4961;0,223
26971;2021-03-21;T20-21;F1;Montpellier;Bordeaux;3;1;1,0;1;0,2862;0,4275;0,2863
26974;2021-03-21;T20-21;F1;Lyon;Paris SG;2;4;2,0;1;0,3263;0,4239;0,2498
26970;2021-03-21;T20-21;F1;Dijon;Reims;0;1;2,0;1;0,2806;0,3801;0,3394
58150;2021-03-22;T20-21;SP2;Zaragoza;Mirandes;1;0;1,0;1;0,2496;0,5728;0,1776
58149;2021-03-22;T20-21;SP2;Albacete;Cartagena;2;0;1,0;1;0,282;0,4837;0,2343
58151;2021-03-26;T20-21;SP2;Sp Gijon;Alcorcon;0;0;0,0;1;0,1988;0,6891;0,1121
58152;2021-03-26;T20-21;SP2;Castellon;Espanol;1;3;2,0;1;0,302;0,4199;0,2781
58156;2021-03-27;T20-21;SP2;Logrones;Zaragoza;1;1;0,0;1;0,3009;0,3705;0,3285
58153;2021-03-27;T20-21;SP2;Oviedo;Ponferradina;1;1;0,0;1;0,2551;0,4937;0,2512
58154;2021-03-27;T20-21;SP2;Almeria;Leganes;1;1;0,0;1;0,2424;0,5825;0,1751
58155;2021-03-27;T20-21;SP2;Cartagena;Malaga;1;1;0,0;1;0,3018;0,3771;0,3211
58157;2021-03-28;T20-21;SP2;Lugo;Sabadell;0;1;2,0;1;0,2731;0,4636;0,2634
58158;2021-03-28;T20-21;SP2;Girona;Albacete;2;1;1,0;1;0,2381;0,5753;0,1865
58159;2021-03-28;T20-21;SP2;Tenerife;Las Palmas;1;1;0,0;1;0,2374;0,5737;0,1889
58160;2021-03-29;T20-21;SP2;Fuenlabrada;Mallorca;4;1;1,0;1;0,2824;0,4778;0,2398
58161;2021-03-30;T20-21;SP2;Alcorcon;Oviedo;1;1;0,0;1;0,265;0,537;0,1981
58164;2021-03-30;T20-21;SP2;Vallecano;Sp Gijon;0;1;2,0;1;0,2743;0,4585;0,2672
58163;2021-03-30;T20-21;SP2;Ponferradina;Logrones;2;2;0,0;1;0,2833;0,4902;0,2265
58162;2021-03-30;T20-21;SP2;Malaga;Almeria;0;3;2,0;1;0,2658;0,5318;0,2024
58166;2021-03-31;T20-21;SP2;Sabadell;Girona;2;2;0,0;1;0,2825;0,4311;0,2864
58165;2021-03-31;T20-21;SP2;Albacete;Castellon;0;1;2,0;1;0,2826;0,4835;0,2339
58169;2021-04-01;T20-21;SP2;Las Palmas;Lugo;6;1;1,0;1;0,2452;0,5516;0,2031
58168;2021-04-01;T20-21;SP2;Mallorca;Leganes;1;0;1,0;1;0,2773;0,5091;0,2136
58167;2021-04-01;T20-21;SP2;Espanol;Fuenlabrada;4;0;1,0;1;0,2977;0,4491;0,2532
58170;2021-04-01;T20-21;SP2;Zaragoza;Cartagena;0;0;0,0;1;0,2602;0,5495;0,1902
58171;2021-04-02;T20-21;SP2;Almeria;Vallecano;0;1;2,0;1;0,2577;0,549;0,1932
45657;2021-04-02;T20-21;SP1;Levante;Huesca;0;2;2,0;1;0,2723;0,3837;0,344
58173;2021-04-03;T20-21;SP2;Girona;Ponferradina;3;1;1,0;1;0,2373;0,5731;0,1896
45658;2021-04-03;T20-21;SP1;Granada;Villarreal;0;3;2,0;2;0,2759;0,3376;0,3865
26976;2021-04-03;T20-21;F1;Paris SG;Lille;0;1;2,0;1;0,2557;0,581;0,1634
6354;2021-04-03;T20-21;D1;Augsburg;Hoffenheim;2;1;1,0;1;0,2771;0,3939;0,3289
6355;2021-04-03;T20-21;D1;Dortmund;Ein Frankfurt;1;2;2,0;1;0,2051;0,6971;0,0978
6356;2021-04-03;T20-21;D1;Leverkusen;Schalke 04;2;1;1,0;1;0,2255;0,6045;0,17
6357;2021-04-03;T20-21;D1;Mainz;Bielefeld;1;1;0,0;1;0,2776;0,4126;0,3098
6358;2021-04-03;T20-21;D1;Wolfsburg;FC Koln;1;0;1,0;1;0,2454;0,5688;0,1858
6359;2021-04-03;T20-21;D1;RB Leipzig;Bayern Munich;0;1;2,0;2;0,167;0,1563;0,6767
6360;2021-04-03;T20-21;D1;M'gladbach;Freiburg;2;1;1,0;1;0,2334;0,6007;0,1659
58172;2021-04-03;T20-21;SP2;Logrones;Tenerife;1;0;1,0;1;0,2837;0,4208;0,2955
35563;2021-04-03;T20-21;I1;Bologna;Inter;0;1;2,0;2;0,2055;0,1699;0,6246
45659;2021-04-03;T20-21;SP1;Real Madrid;Eibar;2;0;1,0;1;0,1656;0,7651;0,0693
35562;2021-04-03;T20-21;I1;Torino;Juventus;2;2;0,0;2;0,1468;0,1166;0,7365
35560;2021-04-03;T20-21;I1;Napoli;Crotone;4;3;1,0;1;0,1833;0,7209;0,0957
35559;2021-04-03;T20-21;I1;Lazio;Spezia;2;1;1,0;1;0,2018;0,6932;0,1049
35558;2021-04-03;T20-21;I1;Genoa;Fiorentina;1;1;0,0;1;0,301;0,3854;0,3135
35557;2021-04-03;T20-21;I1;Cagliari;Verona;0;2;2,0;1;0,2635;0,3818;0,3547
35556;2021-04-03;T20-21;I1;Benevento;Parma;2;2;0,0;1;0,2699;0,395;0,3351
35555;2021-04-03;T20-21;I1;Atalanta;Udinese;3;2;1,0;1;0,2441;0,5626;0,1932
35554;2021-04-03;T20-21;I1;Milan;Sampdoria;1;1;0,0;1;0,2016;0,7045;0,0938
26975;2021-04-03;T20-21;F1;Monaco;Metz;4;0;1,0;1;0,2032;0,682;0,1148
16440;2021-04-03;T20-21;E0;Chelsea;West Brom;2;5;2,0;1;0,2004;0,7077;0,0919
16441;2021-04-03;T20-21;E0;Leeds;Sheffield United;2;1;1,0;1;0,2849;0,4889;0,2261
16442;2021-04-03;T20-21;E0;Leicester;Man City;0;2;2,0;2;0,2153;0,2093;0,5755
16443;2021-04-03;T20-21;E0;Arsenal;Liverpool;0;3;2,0;1;0,3263;0,4342;0,2395
35561;2021-04-03;T20-21;I1;Sassuolo;Roma;2;2;0,0;2;0,2121;0,1694;0,6186
45660;2021-04-03;T20-21;SP1;Osasuna;Getafe;0;0;0,0;1;0,2666;0,3903;0,3431
26977;2021-04-03;T20-21;F1;Lens;Lyon;1;1;0,0;2;0,21;0,1944;0,5956
58174;2021-04-03;T20-21;SP2;Castellon;Oviedo;1;0;1,0;1;0,2808;0,4961;0,2231
45661;2021-04-04;T20-21;SP1;Alaves;Celta;1;3;2,0;1;0,2756;0,3916;0,3328
16444;2021-04-04;T20-21;E0;Southampton;Burnley;3;2;1,0;1;0,2749;0,4283;0,2968
16445;2021-04-04;T20-21;E0;Newcastle;Tottenham;2;2;0,0;2;0,2711;0,3114;0,4175
16446;2021-04-04;T20-21;E0;Aston Villa;Fulham;3;1;1,0;1;0,2717;0,43;0,2984
16447;2021-04-04;T20-21;E0;Man United;Brighton;2;1;1,0;1;0,1813;0,7418;0,0768
58177;2021-04-04;T20-21;SP2;Leganes;Sabadell;2;1;1,0;1;0,2568;0,4939;0,2493
6361;2021-04-04;T20-21;D1;Stuttgart;Werder Bremen;1;0;1,0;1;0,2728;0,4987;0,2286
6362;2021-04-04;T20-21;D1;Union Berlin;Hertha;1;1;0,0;1;0,2709;0,446;0,2831
58178;2021-04-04;T20-21;SP2;Lugo;Malaga;0;1;2,0;1;0,3019;0,4165;0,2816
58179;2021-04-04;T20-21;SP2;Las Palmas;Mallorca;1;1;0,0;1;0,2574;0,5562;0,1864
58175;2021-04-04;T20-21;SP2;Sp Gijon;Mirandes;1;2;2,0;1;0,2122;0,6722;0,1156
45664;2021-04-04;T20-21;SP1;Sevilla;Ath Madrid;1;0;1,0;1;0,2598;0,3924;0,3477
58176;2021-04-04;T20-21;SP2;Albacete;Espanol;0;3;2,0;1;0,3029;0,3932;0,3038
26978;2021-04-04;T20-21;F1;Angers;Montpellier;1;1;0,0;1;0,2843;0,4272;0,2885
26979;2021-04-04;T20-21;F1;Bordeaux;Strasbourg;2;3;2,0;1;0,2137;0,6667;0,1197
26980;2021-04-04;T20-21;F1;Lorient;Brest;1;0;1,0;1;0,2831;0,4694;0,2475
26981;2021-04-04;T20-21;F1;Nantes;Nice;1;2;2,0;1;0,2822;0,4416;0,2761
26982;2021-04-04;T20-21;F1;Reims;Rennes;2;2;0,0;1;0,2897;0,4356;0,2747
45662;2021-04-04;T20-21;SP1;Elche;Betis;1;1;0,0;1;0,2731;0,3968;0,3301
26983;2021-04-04;T20-21;F1;Nimes;St Etienne;0;2;2,0;1;0,2724;0,4207;0,3069
26984;2021-04-04;T20-21;F1;Marseille;Dijon;2;0;1,0;1;0,2075;0,6954;0,0971
45663;2021-04-04;T20-21;SP1;Cadiz;Valencia;2;1;1,0;2;0,2468;0,2341;0,5191
45665;2021-04-05;T20-21;SP1;Barcelona;Valladolid;1;0;1,0;1;0,1625;0,7646;0,0729
16448;2021-04-05;T20-21;E0;Everton;Crystal Palace;1;1;0,0;1;0,2293;0,6358;0,1349
16449;2021-04-05;T20-21;E0;Wolves;West Ham;2;3;2,0;1;0,2661;0,4078;0,3261
58181;2021-04-05;T20-21;SP2;Fuenlabrada;Zaragoza;0;1;2,0;1;0,3011;0,4182;0,2807
58180;2021-04-05;T20-21;SP2;Cartagena;Alcorcon;2;1;1,0;1;0,2917;0,4281;0,2802
45666;2021-04-07;T20-21;SP1;Sociedad;Ath Bilbao;1;1;0,0;1;0,2436;0,5671;0,1892
35565;2021-04-07;T20-21;I1;Juventus;Napoli;2;1;1,0;1;0,2664;0,5655;0,1681
35564;2021-04-07;T20-21;I1;Inter;Sassuolo;2;1;1,0;1;0,1984;0,7154;0,0862
45667;2021-04-09;T20-21;SP1;Huesca;Elche;3;1;1,0;1;0,2864;0,4039;0,3097
58182;2021-04-09;T20-21;SP2;Tenerife;Sp Gijon;1;0;1,0;1;0,2634;0,4844;0,2522
16450;2021-04-09;T20-21;E0;Fulham;Wolves;0;1;2,0;1;0,2714;0,3905;0,3382
6363;2021-04-09;T20-21;D1;Bielefeld;Freiburg;1;0;1,0;1;0,2682;0,4181;0,3137
26985;2021-04-09;T20-21;F1;Metz;Lille;0;2;2,0;2;0,201;0,2021;0,5969
6364;2021-04-10;T20-21;D1;Bayern Munich;Union Berlin;1;1;0,0;1;0,1748;0,7536;0,0716
26986;2021-04-10;T20-21;F1;Strasbourg;Paris SG;1;4;2,0;2;0,21;0,1715;0,6185
58185;2021-04-10;T20-21;SP2;Vallecano;Girona;2;1;1,0;1;0,2524;0,5659;0,1817
58183;2021-04-10;T20-21;SP2;Ponferradina;Fuenlabrada;0;0;0,0;1;0,2965;0,4522;0,2512
26987;2021-04-10;T20-21;F1;Montpellier;Marseille;3;3;0,0;2;0,2724;0,3254;0,4022
6365;2021-04-10;T20-21;D1;Ein Frankfurt;Wolfsburg;4;3;1,0;1;0,2884;0,4097;0,3019
58184;2021-04-10;T20-21;SP2;Oviedo;Las Palmas;0;0;0,0;1;0,254;0,4923;0,2537
6366;2021-04-10;T20-21;D1;Hertha;M'gladbach;2;2;0,0;1;0,2497;0,4925;0,2578
16451;2021-04-10;T20-21;E0;Man City;Leeds;1;2;2,0;1;0,213;0,6937;0,0933
16452;2021-04-10;T20-21;E0;Liverpool;Aston Villa;2;1;1,0;1;0,1952;0,7143;0,0905
35568;2021-04-10;T20-21;I1;Udinese;Torino;0;1;2,0;1;0,2497;0,497;0,2534
35567;2021-04-10;T20-21;I1;Parma;Milan;1;3;2,0;2;0,2068;0,1878;0,6054
45668;2021-04-10;T20-21;SP1;Getafe;Cadiz;0;1;2,0;1;0,275;0,5085;0,2165
35566;2021-04-10;T20-21;I1;Spezia;Crotone;3;2;1,0;1;0,2837;0,4208;0,2956
45669;2021-04-10;T20-21;SP1;Ath Bilbao;Alaves;0;0;0,0;1;0,2412;0,571;0,1878
45670;2021-04-10;T20-21;SP1;Eibar;Levante;0;1;2,0;1;0,2734;0,4271;0,2995
45671;2021-04-10;T20-21;SP1;Real Madrid;Barcelona;2;1;1,0;0;0,3662;0,286;0,3478
6367;2021-04-10;T20-21;D1;Werder Bremen;RB Leipzig;1;4;2,0;1;0,2767;0,4172;0,306
6368;2021-04-10;T20-21;D1;Stuttgart;Dortmund;2;3;2,0;2;0,25;0,2602;0,4898
16453;2021-04-10;T20-21;E0;Crystal Palace;Chelsea;1;4;2,0;2;0,1718;0,1448;0,6834
35572;2021-04-11;T20-21;I1;Verona;Lazio;0;1;2,0;2;0,2263;0,2251;0,5487
45672;2021-04-11;T20-21;SP1;Villarreal;Osasuna;1;2;2,0;1;0,2032;0,6718;0,125
35571;2021-04-11;T20-21;I1;Sampdoria;Napoli;0;2;2,0;2;0,2441;0,2822;0,4737
45673;2021-04-11;T20-21;SP1;Valencia;Sociedad;2;2;0,0;1;0,2134;0,6839;0,1027
45674;2021-04-11;T20-21;SP1;Valladolid;Granada;1;2;2,0;1;0,2652;0,3902;0,3446
45675;2021-04-11;T20-21;SP1;Betis;Ath Madrid;1;1;0,0;2;0,2329;0,2388;0,5283
58191;2021-04-11;T20-21;SP2;Espanol;Leganes;2;1;1,0;1;0,2802;0,5016;0,2183
58190;2021-04-11;T20-21;SP2;Sabadell;Cartagena;1;1;0,0;1;0,2868;0,4207;0,2925
35570;2021-04-11;T20-21;I1;Juventus;Genoa;3;1;1,0;1;0,1849;0,7306;0,0845
35573;2021-04-11;T20-21;I1;Roma;Bologna;1;0;1,0;1;0,2063;0,6967;0,097
35574;2021-04-11;T20-21;I1;Fiorentina;Atalanta;2;3;2,0;1;0,2202;0,6573;0,1225
26992;2021-04-11;T20-21;F1;St Etienne;Bordeaux;4;1;1,0;1;0,2622;0,4955;0,2423
6370;2021-04-11;T20-21;D1;FC Koln;Mainz;2;3;2,0;1;0,2481;0,3855;0,3665
58189;2021-04-11;T20-21;SP2;Mirandes;Logrones;0;1;2,0;1;0,2911;0,4346;0,2743
16454;2021-04-11;T20-21;E0;Burnley;Newcastle;1;2;2,0;1;0,2672;0,4013;0,3315
6369;2021-04-11;T20-21;D1;Schalke 04;Augsburg;1;0;1,0;1;0,2139;0,6701;0,1159
16455;2021-04-11;T20-21;E0;West Ham;Leicester;3;2;1,0;1;0,2851;0,3956;0,3193
16456;2021-04-11;T20-21;E0;Tottenham;Man United;1;3;2,0;2;0,292;0,1922;0,5158
16457;2021-04-11;T20-21;E0;Sheffield United;Arsenal;0;3;2,0;2;0,1902;0,1513;0,6584
58188;2021-04-11;T20-21;SP2;Mallorca;Lugo;2;0;1,0;1;0,2535;0,4939;0,2526
26988;2021-04-11;T20-21;F1;Rennes;Nantes;1;0;1,0;1;0,2387;0,5728;0,1885
26989;2021-04-11;T20-21;F1;Brest;Nimes;1;1;0,0;1;0,2852;0,4209;0,2939
35569;2021-04-11;T20-21;I1;Inter;Cagliari;1;0;1,0;1;0,2157;0,6843;0,1001
26991;2021-04-11;T20-21;F1;Nice;Reims;0;0;0,0;1;0,2473;0,5693;0,1834
26993;2021-04-11;T20-21;F1;Monaco;Dijon;3;0;1,0;1;0,2086;0,6844;0,1069
26994;2021-04-11;T20-21;F1;Lyon;Angers;3;0;1,0;1;0,1973;0,719;0,0837
58186;2021-04-11;T20-21;SP2;Malaga;Albacete;2;0;1,0;1;0,2479;0,5066;0,2455
58187;2021-04-11;T20-21;SP2;Zaragoza;Almeria;2;1;1,0;1;0,2562;0,5594;0,1844
26990;2021-04-11;T20-21;F1;Lens;Lorient;4;1;1,0;1;0,2467;0,529;0,2243
58192;2021-04-12;T20-21;SP2;Alcorcon;Castellon;2;1;1,0;1;0,2653;0,5358;0,1989
6371;2021-04-12;T20-21;D1;Hoffenheim;Leverkusen;0;0;0,0;2;0,234;0,2696;0,4964
35575;2021-04-12;T20-21;I1;Benevento;Sassuolo;0;1;2,0;1;0,2811;0,3845;0,3344
45676;2021-04-12;T20-21;SP1;Celta;Sevilla;3;4;2,0;2;0,2822;0,3058;0,412
16459;2021-04-12;T20-21;E0;Brighton;Everton;0;0;0,0;1;0,2849;0,3931;0,3221
16458;2021-04-12;T20-21;E0;West Brom;Southampton;3;0;1,0;1;0,2326;0,3941;0,3732
58193;2021-04-14;T20-21;SP2;Vallecano;Mirandes;0;1;2,0;1;0,2432;0,5783;0,1786
26995;2021-04-16;T20-21;F1;Lille;Montpellier;1;1;0,0;1;0,2071;0,7008;0,0921
16460;2021-04-16;T20-21;E0;Everton;Tottenham;2;2;0,0;1;0,2787;0,4223;0,2989
58195;2021-04-16;T20-21;SP2;Girona;Zaragoza;3;0;1,0;1;0,2532;0,5383;0,2085
58194;2021-04-16;T20-21;SP2;Fuenlabrada;Sabadell;2;2;0,0;1;0,275;0,4594;0,2656
6372;2021-04-16;T20-21;D1;RB Leipzig;Hoffenheim;0;0;0,0;1;0,2502;0,5689;0,1808
6377;2021-04-17;T20-21;D1;Wolfsburg;Bayern Munich;2;3;2,0;2;0,1839;0,1843;0,6317
6376;2021-04-17;T20-21;D1;Union Berlin;Stuttgart;2;1;1,0;1;0,2866;0,4689;0,2446
6375;2021-04-17;T20-21;D1;M'gladbach;Ein Frankfurt;4;0;1,0;1;0,2373;0,5841;0,1786
58196;2021-04-17;T20-21;SP2;Lugo;Alcorcon;1;3;2,0;1;0,2879;0,4639;0,2482
6374;2021-04-17;T20-21;D1;Freiburg;Schalke 04;4;0;1,0;2;0,2853;0,2968;0,4179
6373;2021-04-17;T20-21;D1;Augsburg;Bielefeld;0;0;0,0;1;0,2729;0,39;0,3372
58197;2021-04-17;T20-21;SP2;Castellon;Mallorca;1;0;1,0;1;0,2782;0,5033;0,2185
6378;2021-04-17;T20-21;D1;Leverkusen;FC Koln;3;0;1,0;1;0,2001;0,6964;0,1035
58198;2021-04-17;T20-21;SP2;Las Palmas;Malaga;1;1;0,0;1;0,2773;0,5066;0,2161
26997;2021-04-17;T20-21;F1;Marseille;Lorient;3;2;1,0;1;0,2062;0,6938;0,1
16461;2021-04-17;T20-21;E0;Newcastle;West Ham;3;2;1,0;1;0,2479;0,5239;0,2282
16462;2021-04-17;T20-21;E0;Wolves;Sheffield United;1;0;1,0;1;0,2815;0,3753;0,3433
35579;2021-04-17;T20-21;I1;Cagliari;Parma;4;3;1,0;1;0,2654;0,3916;0,3429
35578;2021-04-17;T20-21;I1;Sassuolo;Fiorentina;3;1;1,0;1;0,2961;0,3619;0,342
35577;2021-04-17;T20-21;I1;Sampdoria;Verona;3;1;1,0;1;0,2452;0,5295;0,2253
35576;2021-04-17;T20-21;I1;Crotone;Udinese;1;2;2,0;1;0,2686;0,3886;0,3428
26996;2021-04-17;T20-21;F1;Angers;Rennes;0;3;2,0;1;0,2891;0,4295;0,2814
58199;2021-04-17;T20-21;SP2;Sp Gijon;Oviedo;0;1;2,0;1;0,2176;0,6622;0,1202
58200;2021-04-18;T20-21;SP2;Albacete;Mirandes;1;0;1,0;1;0,2731;0,4929;0,234
35584;2021-04-18;T20-21;I1;Torino;Roma;3;1;1,0;2;0,2118;0,1691;0,6192
35585;2021-04-18;T20-21;I1;Napoli;Inter;1;1;0,0;2;0,2912;0,2799;0,4289
6379;2021-04-18;T20-21;D1;Dortmund;Werder Bremen;4;1;1,0;1;0,23;0,646;0,1241
27001;2021-04-18;T20-21;F1;Nimes;Strasbourg;1;1;0,0;1;0,2729;0,4024;0,3247
27000;2021-04-18;T20-21;F1;Dijon;Nice;2;0;1,0;1;0,2711;0,3911;0,3379
26999;2021-04-18;T20-21;F1;Brest;Lens;1;1;0,0;1;0,2727;0,4208;0,3065
26998;2021-04-18;T20-21;F1;Paris SG;St Etienne;3;2;1,0;1;0,1934;0,7231;0,0835
16464;2021-04-18;T20-21;E0;Man United;Burnley;3;1;1,0;1;0,1815;0,7383;0,0802
16463;2021-04-18;T20-21;E0;Arsenal;Fulham;1;1;0,0;1;0,2015;0,7056;0,0929
35583;2021-04-18;T20-21;I1;Lazio;Benevento;5;3;1,0;1;0,1906;0,7095;0,0999
35582;2021-04-18;T20-21;I1;Bologna;Spezia;4;1;1,0;1;0,2778;0,3748;0,3474
27002;2021-04-18;T20-21;F1;Reims;Metz;0;0;0,0;1;0,2758;0,4493;0,2748
35580;2021-04-18;T20-21;I1;Milan;Genoa;2;1;1,0;1;0,2044;0,6985;0,0971
27004;2021-04-18;T20-21;F1;Nantes;Lyon;1;2;2,0;2;0,2049;0,169;0,6262
27003;2021-04-18;T20-21;F1;Bordeaux;Monaco;0;3;2,0;1;0,2618;0,4314;0,3068
58202;2021-04-18;T20-21;SP2;Cartagena;Tenerife;0;0;0,0;1;0,2843;0,4274;0,2884
58201;2021-04-18;T20-21;SP2;Logrones;Vallecano;0;0;0,0;1;0,3014;0,3782;0,3204
45677;2021-04-18;T20-21;SP1;Osasuna;Elche;2;0;1,0;1;0,2777;0,3794;0,3429
45684;2021-04-18;T20-21;SP1;Levante;Villarreal;1;5;2,0;2;0,2773;0,3318;0,3908
45678;2021-04-18;T20-21;SP1;Sociedad;Sevilla;1;2;2,0;1;0,2774;0,3967;0,3259
45679;2021-04-18;T20-21;SP1;Alaves;Huesca;1;0;1,0;1;0,2792;0,3988;0,3221
45680;2021-04-18;T20-21;SP1;Ath Madrid;Eibar;5;0;1,0;1;0,2056;0,7019;0,0925
45681;2021-04-18;T20-21;SP1;Betis;Valencia;2;2;0,0;2;0,26;0,2561;0,4839
45682;2021-04-18;T20-21;SP1;Cadiz;Celta;0;0;0,0;1;0,2788;0,4017;0,3195
45683;2021-04-18;T20-21;SP1;Getafe;Real Madrid;0;0;0,0;2;0,1341;0,1152;0,7508
35581;2021-04-18;T20-21;I1;Atalanta;Juventus;1;0;1,0;2;0,1701;0,1615;0,6684
16465;2021-04-19;T20-21;E0;Leeds;Liverpool;1;1;0,0;2;0,1972;0,1756;0,6272
58203;2021-04-19;T20-21;SP2;Leganes;Ponferradina;1;1;0,0;1;0,2541;0,4931;0,2528
58204;2021-04-19;T20-21;SP2;Almeria;Espanol;1;1;0,0;1;0,2664;0,51;0,2236
16466;2021-04-20;T20-21;E0;Chelsea;Brighton;0;0;0,0;1;0,1876;0,7322;0,0801
6383;2021-04-20;T20-21;D1;Ein Frankfurt;Augsburg;2;0;1,0;1;0,282;0,406;0,312
6382;2021-04-20;T20-21;D1;Bielefeld;Schalke 04;1;0;1,0;2;0,2889;0,3084;0,4026
6381;2021-04-20;T20-21;D1;Bayern Munich;Leverkusen;2;0;1,0;1;0,2552;0,5937;0,151
6380;2021-04-20;T20-21;D1;FC Koln;RB Leipzig;2;1;1,0;2;0,2071;0,1995;0,5934
35586;2021-04-20;T20-21;I1;Verona;Fiorentina;1;2;2,0;2;0,2831;0,3453;0,3716
58205;2021-04-21;T20-21;SP2;Mirandes;Tenerife;0;0;0,0;1;0,2843;0,4276;0,2881
35588;2021-04-21;T20-21;I1;Bologna;Torino;1;1;0,0;1;0,2641;0,3818;0,354
35587;2021-04-21;T20-21;I1;Milan;Sassuolo;1;2;2,0;1;0,201;0,711;0,088
35589;2021-04-21;T20-21;I1;Crotone;Sampdoria;0;1;2,0;1;0,2665;0,3836;0,3499
35590;2021-04-21;T20-21;I1;Genoa;Benevento;2;2;0,0;1;0,2893;0,4259;0,2847
35591;2021-04-21;T20-21;I1;Juventus;Parma;3;1;1,0;1;0,1854;0,7299;0,0847
35592;2021-04-21;T20-21;I1;Spezia;Inter;1;1;0,0;2;0,2019;0,1622;0,6359
45685;2021-04-21;T20-21;SP1;Levante;Sevilla;0;1;2,0;2;0,2347;0,2082;0,557
45688;2021-04-21;T20-21;SP1;Alaves;Villarreal;2;1;1,0;2;0,2921;0,3355;0,3724
35593;2021-04-21;T20-21;I1;Udinese;Cagliari;0;1;2,0;1;0,2381;0,5531;0,2088
6384;2021-04-21;T20-21;D1;Dortmund;Union Berlin;2;0;1,0;1;0,2087;0,701;0,0904
16467;2021-04-21;T20-21;E0;Tottenham;Southampton;2;1;1,0;1;0,2062;0,6994;0,0944
16468;2021-04-21;T20-21;E0;Aston Villa;Man City;1;2;2,0;2;0,2209;0,1933;0,5858
45686;2021-04-21;T20-21;SP1;Osasuna;Valencia;3;1;1,0;2;0,2281;0,2177;0,5542
45689;2021-04-21;T20-21;SP1;Elche;Valladolid;1;1;0,0;1;0,2736;0,41;0,3164
6385;2021-04-21;T20-21;D1;Hoffenheim;M'gladbach;3;2;1,0;1;0,2457;0,5141;0,2402
6386;2021-04-21;T20-21;D1;Stuttgart;Wolfsburg;1;3;2,0;1;0,2559;0,5576;0,1865
6387;2021-04-21;T20-21;D1;Werder Bremen;Mainz;0;1;2,0;1;0,2648;0,5421;0,1931
45690;2021-04-21;T20-21;SP1;Cadiz;Real Madrid;0;3;2,0;2;0,1361;0,1049;0,7589
45687;2021-04-21;T20-21;SP1;Betis;Ath Bilbao;0;0;0,0;1;0,2751;0,434;0,291
16469;2021-04-22;T20-21;E0;Leicester;West Brom;3;0;1,0;1;0,2567;0,508;0,2353
45691;2021-04-22;T20-21;SP1;Ath Madrid;Huesca;2;0;1,0;1;0,2061;0,7048;0,0892
45693;2021-04-22;T20-21;SP1;Sociedad;Celta;2;1;1,0;1;0,2436;0,5584;0,198
45694;2021-04-22;T20-21;SP1;Barcelona;Getafe;5;2;1,0;1;0,1593;0,7695;0,0712
45692;2021-04-22;T20-21;SP1;Granada;Eibar;4;1;1,0;1;0,2637;0,3878;0,3485
35595;2021-04-22;T20-21;I1;Napoli;Lazio;5;2;1,0;1;0,2572;0,4541;0,2887
35594;2021-04-22;T20-21;I1;Roma;Atalanta;1;1;0,0;1;0,1973;0,7169;0,0859
27005;2021-04-23;T20-21;F1;Reims;Marseille;1;3;2,0;2;0,2571;0,2494;0,4935
58206;2021-04-23;T20-21;SP2;Zaragoza;Sp Gijon;0;0;0,0;1;0,2791;0,4498;0,2711
6388;2021-04-23;T20-21;D1;Augsburg;FC Koln;2;3;2,0;1;0,2676;0,4183;0,3141
16470;2021-04-23;T20-21;E0;Arsenal;Everton;0;1;2,0;1;0,1897;0,7293;0,081
35598;2021-04-24;T20-21;I1;Sassuolo;Sampdoria;1;0;1,0;1;0,2718;0,3969;0,3313
35597;2021-04-24;T20-21;I1;Parma;Crotone;3;4;2,0;1;0,2642;0,4849;0,2509
35596;2021-04-24;T20-21;I1;Genoa;Spezia;2;0;1,0;1;0,2899;0,4263;0,2838
16471;2021-04-24;T20-21;E0;Liverpool;Newcastle;1;1;0,0;1;0,1988;0,7088;0,0924
16472;2021-04-24;T20-21;E0;West Ham;Chelsea;0;1;2,0;2;0,1689;0,135;0,6961
16473;2021-04-24;T20-21;E0;Sheffield United;Brighton;1;0;1,0;1;0,2869;0,3971;0,3161
6392;2021-04-24;T20-21;D1;Wolfsburg;Dortmund;0;2;2,0;2;0,2597;0,3059;0,4344
6391;2021-04-24;T20-21;D1;Union Berlin;Werder Bremen;3;1;1,0;1;0,3041;0,4006;0,2952
45697;2021-04-24;T20-21;SP1;Valencia;Alaves;1;1;0,0;1;0,2139;0,6818;0,1043
45696;2021-04-24;T20-21;SP1;Valladolid;Cadiz;1;1;0,0;1;0,2712;0,3889;0,3399
45695;2021-04-24;T20-21;SP1;Elche;Levante;1;0;1,0;1;0,2725;0,42;0,3075
6393;2021-04-24;T20-21;D1;Leverkusen;Ein Frankfurt;3;1;1,0;1;0,2048;0,6942;0,101
27007;2021-04-24;T20-21;F1;Metz;Paris SG;1;3;2,0;2;0,2087;0,1978;0,5934
27006;2021-04-24;T20-21;F1;St Etienne;Brest;1;2;2,0;1;0,2274;0,6004;0,1722
58210;2021-04-24;T20-21;SP2;Ponferradina;Lugo;2;0;1,0;1;0,2663;0,4735;0,2602
45698;2021-04-24;T20-21;SP1;Real Madrid;Betis;0;0;0,0;1;0,1672;0,7581;0,0747
6390;2021-04-24;T20-21;D1;Mainz;Bayern Munich;2;1;1,0;2;0,1365;0,1058;0,7577
6389;2021-04-24;T20-21;D1;Freiburg;Hoffenheim;1;1;0,0;1;0,279;0,3959;0,3251
58209;2021-04-24;T20-21;SP2;Espanol;Las Palmas;4;0;1,0;1;0,2578;0,487;0,2552
58208;2021-04-24;T20-21;SP2;Malaga;Fuenlabrada;0;1;2,0;1;0,2869;0,4828;0,2304
58207;2021-04-24;T20-21;SP2;Logrones;Cartagena;0;1;2,0;1;0,2883;0,4307;0,2811
58214;2021-04-25;T20-21;SP2;Tenerife;Castellon;1;1;0,0;1;0,236;0,5817;0,1822
27013;2021-04-25;T20-21;F1;Angers;Monaco;0;1;2,0;2;0,253;0,2403;0,5067
27014;2021-04-25;T20-21;F1;Lyon;Lille;2;3;2,0;1;0,259;0,5717;0,1693
27012;2021-04-25;T20-21;F1;Strasbourg;Nantes;1;2;2,0;1;0,2665;0,3834;0,35
58213;2021-04-25;T20-21;SP2;Alcorcon;Leganes;1;2;2,0;1;0,2665;0,5386;0,1949
35600;2021-04-25;T20-21;I1;Fiorentina;Juventus;1;1;0,0;2;0,2961;0,1485;0,5554
16474;2021-04-25;T20-21;E0;Wolves;Burnley;0;4;2,0;1;0,2677;0,3856;0,3467
16475;2021-04-25;T20-21;E0;Leeds;Man United;0;0;0,0;2;0,1474;0,1315;0,7211
16476;2021-04-25;T20-21;E0;Aston Villa;West Brom;2;2;0,0;1;0,2707;0,4346;0,2948
35599;2021-04-25;T20-21;I1;Benevento;Udinese;2;4;2,0;1;0,2676;0,3872;0,3451
45703;2021-04-25;T20-21;SP1;Ath Bilbao;Ath Madrid;2;1;1,0;2;0,2573;0,3122;0,4306
45702;2021-04-25;T20-21;SP1;Sevilla;Granada;2;1;1,0;1;0,2052;0,6951;0,0997
45700;2021-04-25;T20-21;SP1;Villarreal;Barcelona;1;2;2,0;2;0,2917;0,1146;0,5937
45699;2021-04-25;T20-21;SP1;Huesca;Getafe;0;2;2,0;1;0,2748;0,4071;0,3181
6394;2021-04-25;T20-21;D1;RB Leipzig;Stuttgart;2;0;1,0;1;0,2342;0,6001;0,1657
6395;2021-04-25;T20-21;D1;M'gladbach;Bielefeld;5;0;1,0;1;0,2364;0,5734;0,1902
58211;2021-04-25;T20-21;SP2;Oviedo;Girona;0;1;2,0;1;0,2679;0,5256;0,2065
58212;2021-04-25;T20-21;SP2;Mirandes;Almeria;1;1;0,0;1;0,2848;0,443;0,2723
27008;2021-04-25;T20-21;F1;Nice;Montpellier;3;1;1,0;1;0,2406;0,5691;0,1902
27009;2021-04-25;T20-21;F1;Lens;Nimes;2;1;1,0;1;0,2646;0,5384;0,1971
27010;2021-04-25;T20-21;F1;Lorient;Bordeaux;4;1;1,0;2;0,3027;0,3483;0,349
45701;2021-04-25;T20-21;SP1;Celta;Osasuna;2;1;1,0;1;0,2602;0,4975;0,2423
27011;2021-04-25;T20-21;F1;Rennes;Dijon;5;1;1,0;1;0,2401;0,5722;0,1877
35601;2021-04-25;T20-21;I1;Inter;Verona;1;0;1,0;1;0,199;0,709;0,0921
35602;2021-04-25;T20-21;I1;Cagliari;Roma;3;2;1,0;2;0,2152;0,1783;0,6065
35603;2021-04-25;T20-21;I1;Atalanta;Bologna;5;0;1,0;1;0,2393;0,5889;0,1717
35604;2021-04-26;T20-21;I1;Torino;Napoli;0;2;2,0;2;0,2368;0,235;0,5282
58215;2021-04-26;T20-21;SP2;Vallecano;Albacete;2;2;0,0;1;0,243;0,5708;0,1862
45704;2021-04-26;T20-21;SP1;Eibar;Sociedad;0;1;2,0;1;0,2795;0,3989;0,3216
35605;2021-04-26;T20-21;I1;Lazio;Milan;3;0;1,0;2;0,2884;0,2976;0,414
16477;2021-04-26;T20-21;E0;Leicester;Crystal Palace;2;1;1,0;1;0,2673;0,4734;0,2593
58216;2021-04-26;T20-21;SP2;Sabadell;Mallorca;1;0;1,0;1;0,2854;0,4242;0,2904
45705;2021-04-28;T20-21;SP1;Ath Bilbao;Valladolid;2;2;0,0;1;0,2387;0,59;0,1713
45706;2021-04-29;T20-21;SP1;Barcelona;Granada;1;2;2,0;1;0,1589;0,77;0,0711
45707;2021-04-30;T20-21;SP1;Celta;Levante;2;0;1,0;1;0,2604;0,4957;0,2439
58217;2021-04-30;T20-21;SP2;Lugo;Zaragoza;2;2;0,0;1;0,3045;0,3986;0,2969
27015;2021-04-30;T20-21;F1;Marseille;Strasbourg;1;1;0,0;1;0,2074;0,695;0,0975
16478;2021-04-30;T20-21;E0;Southampton;Leicester;1;1;0,0;1;0,2894;0,4448;0,2658
16479;2021-05-01;T20-21;E0;Crystal Palace;Man City;0;2;2,0;2;0,2227;0,2065;0,5708
45710;2021-05-01;T20-21;SP1;Huesca;Sociedad;1;0;1,0;1;0,2801;0,4004;0,3195
45711;2021-05-01;T20-21;SP1;Real Madrid;Osasuna;2;0;1,0;1;0,1759;0,7451;0,079
58220;2021-05-01;T20-21;SP2;Mallorca;Mirandes;2;1;1,0;1;0,2627;0,5304;0,2069
58219;2021-05-01;T20-21;SP2;Almeria;Oviedo;2;2;0,0;1;0,2418;0,5774;0,1808
16480;2021-05-01;T20-21;E0;Brighton;Leeds;2;0;1,0;1;0,2895;0,3833;0,3272
58218;2021-05-01;T20-21;SP2;Girona;Tenerife;1;0;1,0;1;0,2368;0,5741;0,1891
16481;2021-05-01;T20-21;E0;Chelsea;Fulham;2;0;1,0;1;0,1996;0,7087;0,0917
16482;2021-05-01;T20-21;E0;Everton;Aston Villa;1;2;2,0;1;0,2198;0,6392;0,1411
27017;2021-05-01;T20-21;F1;Lille;Nice;2;0;1,0;1;0,2069;0,7008;0,0923
45709;2021-05-01;T20-21;SP1;Elche;Ath Madrid;0;1;2,0;2;0,232;0,2313;0,5368
45708;2021-05-01;T20-21;SP1;Eibar;Alaves;3;0;1,0;1;0,273;0,3935;0,3335
35606;2021-05-01;T20-21;I1;Verona;Spezia;1;1;0,0;1;0,2759;0,3826;0,3415
35607;2021-05-01;T20-21;I1;Crotone;Inter;0;2;2,0;2;0,2038;0,166;0,6302
35608;2021-05-01;T20-21;I1;Milan;Benevento;2;0;1,0;1;0,2008;0,7107;0,0885
27016;2021-05-01;T20-21;F1;Paris SG;Lens;2;1;1,0;1;0,1933;0,7232;0,0835
27018;2021-05-02;T20-21;F1;Bordeaux;Rennes;1;0;1,0;1;0,2086;0,6767;0,1147
27019;2021-05-02;T20-21;F1;Brest;Nantes;1;4;2,0;1;0,273;0,4035;0,3235
27020;2021-05-02;T20-21;F1;Dijon;Metz;1;5;2,0;1;0,2667;0,4083;0,325
27021;2021-05-02;T20-21;F1;Lorient;Angers;2;0;1,0;1;0,2872;0,4629;0,2499
58221;2021-05-02;T20-21;SP2;Fuenlabrada;Cartagena;2;1;1,0;1;0,2839;0,475;0,2411
27022;2021-05-02;T20-21;F1;Nimes;Reims;2;2;0,0;1;0,2885;0,4105;0,3011
58222;2021-05-02;T20-21;SP2;Espanol;Malaga;3;0;1,0;1;0,2945;0,4524;0,2531
58225;2021-05-02;T20-21;SP2;Las Palmas;Ponferradina;2;0;1,0;1;0,2448;0,5557;0,1995
58224;2021-05-02;T20-21;SP2;Leganes;Sp Gijon;0;0;0,0;1;0,2904;0,3914;0,3182
58223;2021-05-02;T20-21;SP2;Castellon;Logrones;0;0;0,0;1;0,2831;0,4948;0,222
45715;2021-05-02;T20-21;SP1;Valencia;Barcelona;2;3;2,0;2;0,2898;0,1376;0,5727
27023;2021-05-02;T20-21;F1;Montpellier;St Etienne;1;2;2,0;1;0,2553;0,5578;0,1868
16484;2021-05-02;T20-21;E0;Tottenham;Sheffield United;4;0;1,0;1;0,1926;0,7077;0,0997
45713;2021-05-02;T20-21;SP1;Villarreal;Getafe;1;0;1,0;1;0,2105;0,6674;0,1221
45712;2021-05-02;T20-21;SP1;Valladolid;Betis;1;1;0,0;1;0,2638;0,3859;0,3503
16483;2021-05-02;T20-21;E0;Newcastle;Arsenal;0;2;2,0;2;0,1856;0,1697;0,6447
35609;2021-05-02;T20-21;I1;Lazio;Genoa;4;3;1,0;1;0,204;0,6966;0,0994
35610;2021-05-02;T20-21;I1;Bologna;Fiorentina;3;3;0,0;2;0,2822;0,3407;0,3771
35611;2021-05-02;T20-21;I1;Napoli;Cagliari;1;1;0,0;1;0,2162;0,6787;0,1052
27024;2021-05-02;T20-21;F1;Monaco;Lyon;2;3;2,0;2;0,289;0,2695;0,4415
35612;2021-05-02;T20-21;I1;Sassuolo;Atalanta;1;1;0,0;1;0,2883;0,4064;0,3054
35613;2021-05-02;T20-21;I1;Udinese;Juventus;1;2;2,0;2;0,144;0,1306;0,7255
35614;2021-05-02;T20-21;I1;Sampdoria;Roma;2;0;1,0;2;0,2216;0,207;0,5714
45714;2021-05-02;T20-21;SP1;Granada;Cadiz;0;1;2,0;1;0,2692;0,3851;0,3457
35615;2021-05-03;T20-21;I1;Torino;Parma;1;0;1,0;1;0,2747;0,4085;0,3167
45716;2021-05-03;T20-21;SP1;Sevilla;Ath Bilbao;0;1;2,0;1;0,2065;0,696;0,0976
6396;2021-05-03;T20-21;D1;Mainz;Hertha;1;1;0,0;1;0,2797;0,4177;0,3026
58227;2021-05-03;T20-21;SP2;Albacete;Alcorcon;0;1;2,0;1;0,2876;0,4732;0,2391
58226;2021-05-03;T20-21;SP2;Sabadell;Vallecano;2;0;1,0;1;0,2997;0,3712;0,3291
16486;2021-05-03;T20-21;E0;Burnley;West Ham;1;2;2,0;1;0,2664;0,4079;0,3257
16485;2021-05-03;T20-21;E0;West Brom;Wolves;1;1;0,0;1;0,2341;0,3932;0,3727
6397;2021-05-06;T20-21;D1;Hertha;Freiburg;3;0;1,0;1;0,2467;0,5289;0,2244
6398;2021-05-07;T20-21;D1;Stuttgart;Augsburg;2;1;1,0;1;0,2435;0,5656;0,191
58228;2021-05-07;T20-21;SP2;Tenerife;Almeria;0;1;2,0;1;0,232;0,5947;0,1733
16487;2021-05-07;T20-21;E0;Leicester;Newcastle;2;4;2,0;1;0,2592;0,4949;0,246
45717;2021-05-07;T20-21;SP1;Sociedad;Elche;2;0;1,0;1;0,2609;0,5492;0,1899
27025;2021-05-07;T20-21;F1;Lens;Lille;0;3;2,0;2;0,2718;0,318;0,4102
6402;2021-05-08;T20-21;D1;Wolfsburg;Union Berlin;3;0;1,0;1;0,2407;0,5857;0,1736
27027;2021-05-08;T20-21;F1;Lyon;Lorient;4;1;1,0;1;0,1982;0,7095;0,0923
6401;2021-05-08;T20-21;D1;Werder Bremen;Leverkusen;0;0;0,0;2;0,2666;0,3246;0,4089
6403;2021-05-08;T20-21;D1;Bayern Munich;M'gladbach;6;0;1,0;1;0,1686;0,7579;0,0735
27026;2021-05-08;T20-21;F1;Nantes;Bordeaux;3;0;1,0;1;0,3037;0,3496;0,3467
16491;2021-05-08;T20-21;E0;Liverpool;Southampton;2;0;1,0;1;0,1927;0,7205;0,0868
16490;2021-05-08;T20-21;E0;Man City;Chelsea;1;2;2,0;0;0,3408;0,3365;0,3226
35619;2021-05-08;T20-21;I1;Fiorentina;Lazio;2;0;1,0;1;0,2764;0,3992;0,3244
35618;2021-05-08;T20-21;I1;Inter;Sampdoria;5;1;1,0;1;0,1985;0,7102;0,0913
6400;2021-05-08;T20-21;D1;Hoffenheim;Schalke 04;4;2;1,0;1;0,2901;0,4519;0,258
35616;2021-05-08;T20-21;I1;Spezia;Napoli;1;4;2,0;2;0,2385;0,2372;0,5243
58229;2021-05-08;T20-21;SP2;Ponferradina;Albacete;0;1;2,0;1;0,2589;0,4789;0,2622
58230;2021-05-08;T20-21;SP2;Zaragoza;Espanol;0;0;0,0;1;0,2807;0,4644;0,255
35617;2021-05-08;T20-21;I1;Udinese;Bologna;1;1;0,0;1;0,2488;0,522;0,2292
58232;2021-05-08;T20-21;SP2;Malaga;Mallorca;1;1;0,0;1;0,2696;0,5241;0,2062
58231;2021-05-08;T20-21;SP2;Alcorcon;Las Palmas;0;0;0,0;1;0,2459;0,5306;0,2235
45721;2021-05-08;T20-21;SP1;Ath Bilbao;Osasuna;2;2;0,0;1;0,2339;0,6036;0,1625
45720;2021-05-08;T20-21;SP1;Cadiz;Huesca;2;1;1,0;1;0,2837;0,4128;0,3035
6399;2021-05-08;T20-21;D1;Dortmund;RB Leipzig;3;2;1,0;1;0,256;0,5697;0,1743
45718;2021-05-08;T20-21;SP1;Alaves;Levante;2;2;0,0;1;0,2706;0,4189;0,3105
16488;2021-05-08;T20-21;E0;Leeds;Tottenham;3;1;1,0;2;0,2687;0,2942;0,4371
16489;2021-05-08;T20-21;E0;Sheffield United;Crystal Palace;0;2;2,0;1;0,2807;0,4008;0,3185
45719;2021-05-08;T20-21;SP1;Barcelona;Ath Madrid;0;0;0,0;1;0,2437;0,6185;0,1378
16492;2021-05-09;T20-21;E0;Wolves;Brighton;2;1;1,0;1;0,277;0,3774;0,3456
16494;2021-05-09;T20-21;E0;West Ham;Everton;0;1;2,0;1;0,2851;0,3954;0,3195
16495;2021-05-09;T20-21;E0;Arsenal;West Brom;3;1;1,0;1;0,2023;0,7046;0,0931
45722;2021-05-09;T20-21;SP1;Getafe;Eibar;0;1;2,0;1;0,267;0,4799;0,2531
58235;2021-05-09;T20-21;SP2;Cartagena;Castellon;1;0;1,0;1;0,2891;0,4321;0,2788
58236;2021-05-09;T20-21;SP2;Logrones;Girona;1;4;2,0;1;0,2832;0,4378;0,279
45723;2021-05-09;T20-21;SP1;Valencia;Valladolid;3;0;1,0;1;0,2195;0,669;0,1115
45724;2021-05-09;T20-21;SP1;Villarreal;Celta;2;4;2,0;1;0,212;0,6725;0,1154
16493;2021-05-09;T20-21;E0;Aston Villa;Man United;1;3;2,0;2;0,151;0,1206;0,7284
6406;2021-05-09;T20-21;D1;Hertha;Bielefeld;0;0;0,0;1;0,2487;0,4958;0,2555
6405;2021-05-09;T20-21;D1;Ein Frankfurt;Mainz;1;1;0,0;1;0,2734;0,4038;0,3227
27028;2021-05-09;T20-21;F1;St Etienne;Marseille;1;0;1,0;1;0,2675;0,38;0,3525
27029;2021-05-09;T20-21;F1;Angers;Dijon;3;0;1,0;1;0,274;0,4094;0,3166
27030;2021-05-09;T20-21;F1;Metz;Nimes;0;3;2,0;2;0,2578;0,3568;0,3854
27031;2021-05-09;T20-21;F1;Nice;Brest;3;2;1,0;1;0,2294;0,6025;0,1681
27032;2021-05-09;T20-21;F1;Strasbourg;Montpellier;2;3;2,0;1;0,2718;0,3915;0,3367
27033;2021-05-09;T20-21;F1;Reims;Monaco;0;1;2,0;2;0,2538;0,2432;0,503
27034;2021-05-09;T20-21;F1;Rennes;Paris SG;1;1;0,0;2;0,2476;0,2535;0,4989
58234;2021-05-09;T20-21;SP2;Oviedo;Sabadell;2;1;1,0;1;0,2571;0,4934;0,2495
58233;2021-05-09;T20-21;SP2;Mirandes;Fuenlabrada;2;1;1,0;1;0,3011;0,3907;0,3082
35620;2021-05-09;T20-21;I1;Genoa;Sassuolo;1;2;2,0;1;0,2887;0,4314;0,2799
35621;2021-05-09;T20-21;I1;Benevento;Cagliari;1;3;2,0;1;0,261;0,4392;0,2997
35622;2021-05-09;T20-21;I1;Parma;Atalanta;2;5;2,0;1;0,2824;0,4949;0,2227
35623;2021-05-09;T20-21;I1;Verona;Torino;1;1;0,0;1;0,2635;0,3815;0,3549
35624;2021-05-09;T20-21;I1;Roma;Crotone;5;0;1,0;1;0,1975;0,7158;0,0866
35625;2021-05-09;T20-21;I1;Juventus;Milan;0;3;2,0;1;0,3141;0,473;0,213
6404;2021-05-09;T20-21;D1;FC Koln;Freiburg;1;4;2,0;1;0,2486;0,4196;0,3318
45725;2021-05-09;T20-21;SP1;Real Madrid;Sevilla;2;2;0,0;1;0,217;0,6722;0,1108
58238;2021-05-10;T20-21;SP2;Sp Gijon;Lugo;1;0;1,0;1;0,2234;0,651;0,1256
16496;2021-05-10;T20-21;E0;Fulham;Burnley;0;2;2,0;1;0,2678;0,3867;0,3455
58237;2021-05-10;T20-21;SP2;Vallecano;Leganes;1;1;0,0;1;0,26;0,5549;0,1851
45726;2021-05-10;T20-21;SP1;Betis;Granada;2;1;1,0;1;0,2762;0,4395;0,2843
16498;2021-05-11;T20-21;E0;Southampton;Crystal Palace;3;1;1,0;1;0,2845;0,4329;0,2827
16497;2021-05-11;T20-21;E0;Man United;Leicester;1;2;2,0;1;0,181;0,7428;0,0762
35626;2021-05-11;T20-21;I1;Napoli;Udinese;5;1;1,0;1;0,1903;0,7066;0,1031
45729;2021-05-11;T20-21;SP1;Levante;Barcelona;3;3;0,0;2;0,133;0,1053;0,7616
45728;2021-05-11;T20-21;SP1;Elche;Alaves;0;2;2,0;1;0,2711;0,3892;0,3397
45727;2021-05-11;T20-21;SP1;Osasuna;Cadiz;3;2;1,0;1;0,2742;0,3941;0,3317
45731;2021-05-12;T20-21;SP1;Celta;Getafe;1;0;1,0;1;0,2619;0,4806;0,2575
45730;2021-05-12;T20-21;SP1;Sevilla;Valencia;1;0;1,0;1;0,2525;0,4761;0,2713
6407;2021-05-12;T20-21;D1;Schalke 04;Hertha;1;2;2,0;1;0,2141;0,6688;0,117
35632;2021-05-12;T20-21;I1;Sampdoria;Spezia;2;2;0,0;1;0,2649;0,54;0,195
35633;2021-05-12;T20-21;I1;Sassuolo;Juventus;1;3;2,0;2;0,1461;0,1159;0,738
45732;2021-05-12;T20-21;SP1;Huesca;Ath Bilbao;1;0;1,0;1;0,273;0,3991;0,3279
35631;2021-05-12;T20-21;I1;Lazio;Parma;1;0;1,0;1;0,2032;0,6968;0,1
35630;2021-05-12;T20-21;I1;Inter;Roma;3;1;1,0;1;0,3219;0,4296;0,2485
35629;2021-05-12;T20-21;I1;Bologna;Genoa;0;2;2,0;1;0,266;0,3922;0,3418
35628;2021-05-12;T20-21;I1;Atalanta;Benevento;2;0;1,0;1;0,2587;0,5535;0,1878
35627;2021-05-12;T20-21;I1;Cagliari;Fiorentina;0;0;0,0;2;0,2837;0,3395;0,3768
16499;2021-05-12;T20-21;E0;Chelsea;Arsenal;0;1;2,0;1;0,333;0,4122;0,2548
45733;2021-05-12;T20-21;SP1;Ath Madrid;Sociedad;2;1;1,0;1;0,2043;0,701;0,0946
35634;2021-05-12;T20-21;I1;Torino;Milan;0;7;2,0;2;0,212;0,1695;0,6184
45735;2021-05-13;T20-21;SP1;Eibar;Betis;1;1;0,0;1;0,2739;0,4014;0,3247
45736;2021-05-13;T20-21;SP1;Granada;Real Madrid;1;4;2,0;2;0,1393;0,1137;0,747
45734;2021-05-13;T20-21;SP1;Valladolid;Villarreal;0;2;2,0;2;0,2796;0,3303;0,3901
27042;2021-05-16;T20-21;F1;Nice;Strasbourg;0;2;2,0;1;0,2396;0,5748;0,1856
27041;2021-05-16;T20-21;F1;Montpellier;Brest;0;0;0,0;1;0,2548;0,5598;0,1854
27040;2021-05-16;T20-21;F1;Monaco;Rennes;2;1;1,0;1;0,1956;0,6989;0,1054
27039;2021-05-16;T20-21;F1;Marseille;Angers;3;2;1,0;1;0,1913;0,7103;0,0985
27038;2021-05-16;T20-21;F1;Lorient;Metz;2;1;1,0;1;0,2683;0,4746;0,2571
27037;2021-05-16;T20-21;F1;Lille;St Etienne;0;0;0,0;1;0,182;0,7228;0,0952
27036;2021-05-16;T20-21;F1;Dijon;Nantes;0;4;2,0;1;0,2669;0,3859;0,3472
27035;2021-05-16;T20-21;F1;Bordeaux;Lens;3;0;1,0;1;0,2118;0,6746;0,1136
27044;2021-05-16;T20-21;F1;Paris SG;Reims;4;0;1,0;1;0,1935;0,7231;0,0834
27043;2021-05-16;T20-21;F1;Nimes;Lyon;2;5;2,0;2;0,2016;0,1605;0,638
45737;2021-05-16;T20-21;SP1;Alaves;Granada;4;2;1,0;1;0,2723;0,3968;0,3309
45745;2021-05-16;T20-21;SP1;Valencia;Eibar;4;1;1,0;1;0,213;0,6872;0,0998
45738;2021-05-16;T20-21;SP1;Ath Bilbao;Real Madrid;0;1;2,0;2;0,1671;0,1579;0,675
45739;2021-05-16;T20-21;SP1;Ath Madrid;Osasuna;2;1;1,0;1;0,2159;0,6802;0,1039
45740;2021-05-16;T20-21;SP1;Barcelona;Celta;1;2;2,0;1;0,1562;0,7768;0,067
45741;2021-05-16;T20-21;SP1;Betis;Huesca;1;0;1,0;1;0,2869;0,4544;0,2587
45744;2021-05-16;T20-21;SP1;Sociedad;Valladolid;4;1;1,0;1;0,2406;0,5863;0,1731
45746;2021-05-16;T20-21;SP1;Villarreal;Sevilla;4;0;1,0;1;0,2519;0,4855;0,2626
45743;2021-05-16;T20-21;SP1;Getafe;Levante;2;1;1,0;1;0,2567;0,5069;0,2364
45742;2021-05-16;T20-21;SP1;Cadiz;Elche;1;3;2,0;1;0,2891;0,404;0,3069
45747;2021-05-21;T20-21;SP1;Levante;Cadiz;2;2;0,0;1;0,2676;0,3825;0,3499
45754;2021-05-22;T20-21;SP1;Valladolid;Ath Madrid;1;2;2,0;2;0,2114;0,2344;0,5543
45752;2021-05-22;T20-21;SP1;Osasuna;Sociedad;0;1;2,0;1;0,272;0,3904;0,3376
45751;2021-05-22;T20-21;SP1;Huesca;Valencia;0;0;0,0;2;0,2464;0,2338;0,5198
45750;2021-05-22;T20-21;SP1;Elche;Ath Bilbao;2;0;1,0;1;0,2717;0,3922;0,3361
45748;2021-05-22;T20-21;SP1;Celta;Betis;2;3;2,0;1;0,2605;0,4796;0,2599
45753;2021-05-22;T20-21;SP1;Real Madrid;Villarreal;2;1;1,0;1;0,1929;0,7168;0,0903
45749;2021-05-22;T20-21;SP1;Eibar;Barcelona;0;1;2,0;2;0,1301;0,0965;0,7734
27052;2021-05-23;T20-21;F1;Rennes;Nimes;2;0;1,0;1;0,2377;0,5857;0,1766
27046;2021-05-23;T20-21;F1;Brest;Paris SG;0;2;2,0;2;0,203;0,1616;0,6355
27047;2021-05-23;T20-21;F1;Lens;Monaco;0;0;0,0;2;0,2695;0,3062;0,4244
27048;2021-05-23;T20-21;F1;Lyon;Nice;2;3;2,0;1;0,1958;0,718;0,0862
27049;2021-05-23;T20-21;F1;Metz;Marseille;1;1;0,0;2;0,2001;0,2084;0,5916
27050;2021-05-23;T20-21;F1;Nantes;Montpellier;1;2;2,0;1;0,2807;0,4469;0,2725
27051;2021-05-23;T20-21;F1;Reims;Bordeaux;1;2;2,0;2;0,3009;0,3369;0,3622
27053;2021-05-23;T20-21;F1;St Etienne;Dijon;0;1;2,0;1;0,2388;0,5724;0,1888
27054;2021-05-23;T20-21;F1;Strasbourg;Lorient;1;1;0,0;1;0,2667;0,3892;0,3441
45756;2021-05-23;T20-21;SP1;Sevilla;Alaves;1;0;1,0;1;0,2069;0,6975;0,0955
27045;2021-05-23;T20-21;F1;Angers;Lille;1;2;2,0;2;0,254;0,2415;0,5046
45755;2021-05-23;T20-21;SP1;Granada;Getafe;0;0;0,0;1;0,2597;0,3893;0,351
